// Auto-generated by tools/sf2/extract_textures.py -- do not edit by hand.
// Extracted from the user-owned retail ROM at the docs/SF2_RECON.md
// offsets, reusing the SF1 engine formats. Regenerate with:
//   nix develop --command python3 tools/sf2/extract.py

//! Exact SF2 polygon-texture descriptors, coordinate layouts, and data.
//!
//! The shipping renderer treats the generated bank index and offset as a
//! flat asset lookup. The source GSU bank/address split is retained only
//! in these extraction constants and never becomes runtime game state.

#[derive(Debug, Clone, Copy, PartialEq, Eq)]
pub struct TextureSprite {
    pub bank: u8,
    pub offset: u16,
}

#[derive(Debug, Clone, Copy, PartialEq, Eq)]
pub struct TextureLayout {
    pub mask: u16,
    pub coords: [[u8; 2]; 4],
}

pub const TEXTURE_DESCRIPTOR_COUNT: usize = 211;
pub const TEXTURE_LAYOUT_COUNT: usize = 12;
pub const TEXTURE_BANK_SIZE: usize = 32768;
pub const UNUSED_TEXTURE_BANK: u8 = 255;

#[rustfmt::skip]
pub static TEXTURE_SPRITES: [TextureSprite; TEXTURE_DESCRIPTOR_COUNT] = [
    TextureSprite { bank: 0, offset: 0x0000 },
    TextureSprite { bank: 0, offset: 0x0020 },
    TextureSprite { bank: 0, offset: 0x0040 },
    TextureSprite { bank: 0, offset: 0x0060 },
    TextureSprite { bank: 0, offset: 0x0080 },
    TextureSprite { bank: 0, offset: 0x00A0 },
    TextureSprite { bank: 0, offset: 0x00C0 },
    TextureSprite { bank: 0, offset: 0x00E0 },
    TextureSprite { bank: 0, offset: 0x2000 },
    TextureSprite { bank: 0, offset: 0x2020 },
    TextureSprite { bank: 0, offset: 0x2040 },
    TextureSprite { bank: 0, offset: 0x2060 },
    TextureSprite { bank: 0, offset: 0x2080 },
    TextureSprite { bank: 0, offset: 0x20A0 },
    TextureSprite { bank: 0, offset: 0x20C0 },
    TextureSprite { bank: 0, offset: 0x20E0 },
    TextureSprite { bank: 0, offset: 0x4000 },
    TextureSprite { bank: 0, offset: 0x4020 },
    TextureSprite { bank: 0, offset: 0x4040 },
    TextureSprite { bank: 0, offset: 0x4060 },
    TextureSprite { bank: 0, offset: 0x4080 },
    TextureSprite { bank: 0, offset: 0x40A0 },
    TextureSprite { bank: 0, offset: 0x40C0 },
    TextureSprite { bank: 0, offset: 0x40E0 },
    TextureSprite { bank: 0, offset: 0x6000 },
    TextureSprite { bank: 0, offset: 0x6020 },
    TextureSprite { bank: 0, offset: 0x6040 },
    TextureSprite { bank: 0, offset: 0x6060 },
    TextureSprite { bank: 0, offset: 0x6080 },
    TextureSprite { bank: 0, offset: 0x60A0 },
    TextureSprite { bank: 0, offset: 0x60C0 },
    TextureSprite { bank: 0, offset: 0x60E0 },
    TextureSprite { bank: 1, offset: 0x0000 },
    TextureSprite { bank: 1, offset: 0x0020 },
    TextureSprite { bank: 1, offset: 0x0040 },
    TextureSprite { bank: 1, offset: 0x0080 },
    TextureSprite { bank: 1, offset: 0x00C0 },
    TextureSprite { bank: 1, offset: 0x2000 },
    TextureSprite { bank: 1, offset: 0x2020 },
    TextureSprite { bank: 1, offset: 0x4000 },
    TextureSprite { bank: 1, offset: 0x4040 },
    TextureSprite { bank: 1, offset: 0x4080 },
    TextureSprite { bank: 1, offset: 0x40A0 },
    TextureSprite { bank: 1, offset: 0x6080 },
    TextureSprite { bank: 1, offset: 0x60A0 },
    TextureSprite { bank: 1, offset: 0x40C0 },
    TextureSprite { bank: 2, offset: 0x0000 },
    TextureSprite { bank: 2, offset: 0x0020 },
    TextureSprite { bank: 2, offset: 0x0040 },
    TextureSprite { bank: 2, offset: 0x0060 },
    TextureSprite { bank: 2, offset: 0x0080 },
    TextureSprite { bank: 2, offset: 0x00A0 },
    TextureSprite { bank: 2, offset: 0x00C0 },
    TextureSprite { bank: 2, offset: 0x00E0 },
    TextureSprite { bank: 2, offset: 0x2800 },
    TextureSprite { bank: 2, offset: 0x2820 },
    TextureSprite { bank: 2, offset: 0x2840 },
    TextureSprite { bank: 2, offset: 0x2860 },
    TextureSprite { bank: 2, offset: 0x2880 },
    TextureSprite { bank: 2, offset: 0x28A0 },
    TextureSprite { bank: 2, offset: 0x28C0 },
    TextureSprite { bank: 2, offset: 0x28E0 },
    TextureSprite { bank: 2, offset: 0x5000 },
    TextureSprite { bank: 2, offset: 0x5020 },
    TextureSprite { bank: 2, offset: 0x5040 },
    TextureSprite { bank: 2, offset: 0x5060 },
    TextureSprite { bank: 2, offset: 0x5080 },
    TextureSprite { bank: 2, offset: 0x50A0 },
    TextureSprite { bank: 2, offset: 0x50C0 },
    TextureSprite { bank: 2, offset: 0x50E0 },
    TextureSprite { bank: 255, offset: 0x0000 },
    TextureSprite { bank: 255, offset: 0x0000 },
    TextureSprite { bank: 255, offset: 0x0000 },
    TextureSprite { bank: 255, offset: 0x0000 },
    TextureSprite { bank: 255, offset: 0x0000 },
    TextureSprite { bank: 255, offset: 0x0000 },
    TextureSprite { bank: 255, offset: 0x0000 },
    TextureSprite { bank: 255, offset: 0x0000 },
    TextureSprite { bank: 255, offset: 0x0000 },
    TextureSprite { bank: 255, offset: 0x0000 },
    TextureSprite { bank: 255, offset: 0x0000 },
    TextureSprite { bank: 255, offset: 0x0000 },
    TextureSprite { bank: 255, offset: 0x0000 },
    TextureSprite { bank: 255, offset: 0x0000 },
    TextureSprite { bank: 255, offset: 0x0000 },
    TextureSprite { bank: 255, offset: 0x0000 },
    TextureSprite { bank: 255, offset: 0x0000 },
    TextureSprite { bank: 255, offset: 0x0000 },
    TextureSprite { bank: 255, offset: 0x0000 },
    TextureSprite { bank: 255, offset: 0x0000 },
    TextureSprite { bank: 255, offset: 0x0000 },
    TextureSprite { bank: 255, offset: 0x0000 },
    TextureSprite { bank: 255, offset: 0x0000 },
    TextureSprite { bank: 255, offset: 0x0000 },
    TextureSprite { bank: 255, offset: 0x0000 },
    TextureSprite { bank: 255, offset: 0x0000 },
    TextureSprite { bank: 255, offset: 0x0000 },
    TextureSprite { bank: 255, offset: 0x0000 },
    TextureSprite { bank: 255, offset: 0x0000 },
    TextureSprite { bank: 255, offset: 0x0000 },
    TextureSprite { bank: 255, offset: 0x0000 },
    TextureSprite { bank: 255, offset: 0x0000 },
    TextureSprite { bank: 255, offset: 0x0000 },
    TextureSprite { bank: 255, offset: 0x0000 },
    TextureSprite { bank: 255, offset: 0x0000 },
    TextureSprite { bank: 255, offset: 0x0000 },
    TextureSprite { bank: 255, offset: 0x0000 },
    TextureSprite { bank: 255, offset: 0x0000 },
    TextureSprite { bank: 255, offset: 0x0000 },
    TextureSprite { bank: 255, offset: 0x0000 },
    TextureSprite { bank: 255, offset: 0x0000 },
    TextureSprite { bank: 255, offset: 0x0000 },
    TextureSprite { bank: 255, offset: 0x0000 },
    TextureSprite { bank: 255, offset: 0x0000 },
    TextureSprite { bank: 255, offset: 0x0000 },
    TextureSprite { bank: 255, offset: 0x0000 },
    TextureSprite { bank: 255, offset: 0x0000 },
    TextureSprite { bank: 255, offset: 0x0000 },
    TextureSprite { bank: 255, offset: 0x0000 },
    TextureSprite { bank: 255, offset: 0x0000 },
    TextureSprite { bank: 255, offset: 0x0000 },
    TextureSprite { bank: 255, offset: 0x0000 },
    TextureSprite { bank: 255, offset: 0x0000 },
    TextureSprite { bank: 255, offset: 0x0000 },
    TextureSprite { bank: 255, offset: 0x0000 },
    TextureSprite { bank: 255, offset: 0x0000 },
    TextureSprite { bank: 255, offset: 0x0000 },
    TextureSprite { bank: 255, offset: 0x0000 },
    TextureSprite { bank: 0, offset: 0x0000 },
    TextureSprite { bank: 0, offset: 0x0020 },
    TextureSprite { bank: 0, offset: 0x0040 },
    TextureSprite { bank: 0, offset: 0x0060 },
    TextureSprite { bank: 0, offset: 0x0080 },
    TextureSprite { bank: 0, offset: 0x00A0 },
    TextureSprite { bank: 0, offset: 0x00C0 },
    TextureSprite { bank: 0, offset: 0x00E0 },
    TextureSprite { bank: 0, offset: 0x2000 },
    TextureSprite { bank: 0, offset: 0x2020 },
    TextureSprite { bank: 0, offset: 0x2040 },
    TextureSprite { bank: 0, offset: 0x2060 },
    TextureSprite { bank: 0, offset: 0x2080 },
    TextureSprite { bank: 0, offset: 0x20A0 },
    TextureSprite { bank: 0, offset: 0x20C0 },
    TextureSprite { bank: 0, offset: 0x20E0 },
    TextureSprite { bank: 0, offset: 0x4000 },
    TextureSprite { bank: 0, offset: 0x4020 },
    TextureSprite { bank: 0, offset: 0x4040 },
    TextureSprite { bank: 0, offset: 0x4060 },
    TextureSprite { bank: 0, offset: 0x4080 },
    TextureSprite { bank: 0, offset: 0x40A0 },
    TextureSprite { bank: 0, offset: 0x40C0 },
    TextureSprite { bank: 0, offset: 0x40E0 },
    TextureSprite { bank: 0, offset: 0x6000 },
    TextureSprite { bank: 0, offset: 0x6020 },
    TextureSprite { bank: 0, offset: 0x6040 },
    TextureSprite { bank: 0, offset: 0x6060 },
    TextureSprite { bank: 0, offset: 0x6080 },
    TextureSprite { bank: 0, offset: 0x60A0 },
    TextureSprite { bank: 0, offset: 0x60C0 },
    TextureSprite { bank: 0, offset: 0x60E0 },
    TextureSprite { bank: 1, offset: 0x0000 },
    TextureSprite { bank: 1, offset: 0x0080 },
    TextureSprite { bank: 1, offset: 0x00A0 },
    TextureSprite { bank: 1, offset: 0x00C0 },
    TextureSprite { bank: 1, offset: 0x00E0 },
    TextureSprite { bank: 1, offset: 0x2000 },
    TextureSprite { bank: 1, offset: 0x2020 },
    TextureSprite { bank: 1, offset: 0x2040 },
    TextureSprite { bank: 1, offset: 0x2060 },
    TextureSprite { bank: 1, offset: 0x2080 },
    TextureSprite { bank: 1, offset: 0x20C0 },
    TextureSprite { bank: 1, offset: 0x20E0 },
    TextureSprite { bank: 1, offset: 0x4000 },
    TextureSprite { bank: 1, offset: 0x4020 },
    TextureSprite { bank: 1, offset: 0x4040 },
    TextureSprite { bank: 1, offset: 0x4060 },
    TextureSprite { bank: 1, offset: 0x40C0 },
    TextureSprite { bank: 1, offset: 0x40E0 },
    TextureSprite { bank: 1, offset: 0x6000 },
    TextureSprite { bank: 1, offset: 0x6020 },
    TextureSprite { bank: 1, offset: 0x6040 },
    TextureSprite { bank: 1, offset: 0x6060 },
    TextureSprite { bank: 1, offset: 0x6080 },
    TextureSprite { bank: 1, offset: 0x60A0 },
    TextureSprite { bank: 1, offset: 0x60C0 },
    TextureSprite { bank: 1, offset: 0x60E0 },
    TextureSprite { bank: 2, offset: 0x0000 },
    TextureSprite { bank: 2, offset: 0x0020 },
    TextureSprite { bank: 2, offset: 0x0040 },
    TextureSprite { bank: 2, offset: 0x0060 },
    TextureSprite { bank: 2, offset: 0x0080 },
    TextureSprite { bank: 2, offset: 0x00A0 },
    TextureSprite { bank: 2, offset: 0x00C0 },
    TextureSprite { bank: 2, offset: 0x00E0 },
    TextureSprite { bank: 2, offset: 0x2800 },
    TextureSprite { bank: 2, offset: 0x2820 },
    TextureSprite { bank: 2, offset: 0x2840 },
    TextureSprite { bank: 2, offset: 0x2860 },
    TextureSprite { bank: 2, offset: 0x2080 },
    TextureSprite { bank: 2, offset: 0x20A0 },
    TextureSprite { bank: 2, offset: 0x20C0 },
    TextureSprite { bank: 2, offset: 0x20E0 },
    TextureSprite { bank: 2, offset: 0x5000 },
    TextureSprite { bank: 2, offset: 0x5020 },
    TextureSprite { bank: 2, offset: 0x5040 },
    TextureSprite { bank: 2, offset: 0x5060 },
    TextureSprite { bank: 2, offset: 0x3880 },
    TextureSprite { bank: 2, offset: 0x38A0 },
    TextureSprite { bank: 2, offset: 0x5880 },
    TextureSprite { bank: 2, offset: 0x58A0 },
    TextureSprite { bank: 2, offset: 0x40C0 },
];

#[rustfmt::skip]
pub static TEXTURE_LAYOUTS: [TextureLayout; TEXTURE_LAYOUT_COUNT] = [
    TextureLayout { mask: 0x1F1F, coords: [[31, 0], [0, 0], [0, 31], [31, 31]] },
    TextureLayout { mask: 0x3F3F, coords: [[63, 0], [0, 0], [0, 63], [63, 63]] },
    TextureLayout { mask: 0x1F3F, coords: [[0, 31], [63, 31], [63, 0], [0, 0]] },
    TextureLayout { mask: 0x3F1F, coords: [[0, 0], [31, 0], [31, 63], [0, 63]] },
    TextureLayout { mask: 0x7F1F, coords: [[0, 0], [31, 0], [31, 127], [0, 127]] },
    TextureLayout { mask: 0x1F7F, coords: [[127, 0], [0, 0], [0, 31], [127, 31]] },
    TextureLayout { mask: 0x3F3F, coords: [[0, 0], [63, 0], [63, 63], [0, 63]] },
    TextureLayout { mask: 0x1F1F, coords: [[0, 0], [31, 0], [31, 31], [0, 31]] },
    TextureLayout { mask: 0x1F1F, coords: [[31, 0], [0, 0], [0, 31], [31, 31]] },
    TextureLayout { mask: 0x3F1F, coords: [[0, 0], [31, 0], [31, 39], [0, 39]] },
    TextureLayout { mask: 0x1F1F, coords: [[0, 0], [127, 0], [127, 127], [0, 127]] },
    TextureLayout { mask: 0x070F, coords: [[31, 0], [0, 0], [0, 7], [31, 7]] },
];

#[rustfmt::skip]
pub static TEXTURE_BANK_0: [u8; TEXTURE_BANK_SIZE] = [
    0x20, 0x20, 0x40, 0x30, 0x30, 0x30, 0x40, 0x20, 0x20, 0x40, 0x40, 0x30, 0x30, 0x20, 0x30, 0x20,
    0x10, 0x20, 0x30, 0x20, 0x20, 0x30, 0x40, 0x40, 0x30, 0x20, 0x20, 0x10, 0x40, 0x30, 0x20, 0x20,
    0x10, 0x10, 0x30, 0x20, 0x20, 0x20, 0x30, 0x10, 0x10, 0x30, 0x30, 0x20, 0x20, 0x10, 0x20, 0x10,
    0x90, 0x10, 0x20, 0x10, 0x10, 0x20, 0x30, 0x30, 0x20, 0x10, 0x10, 0x90, 0x30, 0x20, 0x10, 0x10,
    0x00, 0x00, 0x00, 0x00, 0x00, 0x00, 0x00, 0x00, 0x00, 0x00, 0x00, 0x90, 0x90, 0x90, 0x90, 0x90,
    0x90, 0x90, 0x90, 0x90, 0x90, 0x00, 0x00, 0x00, 0x00, 0x00, 0x00, 0x00, 0x00, 0x00, 0x00, 0x00,
    0x00, 0x00, 0x00, 0x00, 0x00, 0x00, 0x00, 0x00, 0x00, 0x00, 0x00, 0x90, 0x90, 0x90, 0x90, 0x90,
    0x90, 0x90, 0x90, 0x90, 0x90, 0x00, 0x00, 0x00, 0x00, 0x00, 0x00, 0x00, 0x00, 0x00, 0x00, 0x00,
    0xA0, 0xA0, 0xA0, 0xB0, 0xC0, 0xB0, 0xA0, 0xB0, 0xC0, 0xC0, 0xA0, 0xB0, 0xA0, 0xB0, 0xCB, 0xCB,
    0xBE, 0xAC, 0xAB, 0xA0, 0xA0, 0xB0, 0xC0, 0xB0, 0xA0, 0xA0, 0xA0, 0xA0, 0xA0, 0xA0, 0xA0, 0xA0,
    0x90, 0x90, 0x90, 0x90, 0x90, 0x90, 0x90, 0x90, 0x90, 0x90, 0x90, 0x90, 0x90, 0x90, 0x9B, 0x9B,
    0x9B, 0x9B, 0x9B, 0x90, 0x90, 0x90, 0x90, 0x90, 0x90, 0x90, 0x90, 0x90, 0x90, 0x90, 0x90, 0x90,
    0x00, 0x00, 0x00, 0x00, 0x00, 0x20, 0x00, 0x00, 0x00, 0x00, 0x00, 0x00, 0x00, 0x00, 0x00, 0x00,
    0x00, 0x0B, 0x0B, 0x00, 0x00, 0x00, 0x00, 0x00, 0x00, 0x00, 0x00, 0x00, 0x00, 0x00, 0x00, 0x00,
    0x00, 0x00, 0x00, 0x20, 0x00, 0x00, 0x00, 0x00, 0x00, 0x00, 0x00, 0x00, 0x00, 0x00, 0x00, 0x00,
    0x00, 0x2B, 0x00, 0x00, 0x00, 0x00, 0x00, 0x00, 0x00, 0x00, 0x00, 0x20, 0x00, 0x00, 0x00, 0x00,
    0x20, 0x20, 0x30, 0x30, 0x30, 0x30, 0x20, 0x20, 0x20, 0x40, 0x40, 0x30, 0x30, 0x20, 0x20, 0x20,
    0x10, 0x20, 0x30, 0x20, 0x20, 0x30, 0x40, 0x30, 0x40, 0x30, 0x30, 0x20, 0x30, 0x20, 0x20, 0x20,
    0x10, 0x10, 0x20, 0x20, 0x20, 0x20, 0x10, 0x10, 0x10, 0x30, 0x30, 0x20, 0x20, 0x10, 0x10, 0x10,
    0x90, 0x10, 0x20, 0x10, 0x10, 0x20, 0x30, 0x20, 0x30, 0x20, 0x20, 0x10, 0x20, 0x10, 0x10, 0x10,
    0x00, 0x00, 0x00, 0x00, 0x00, 0x00, 0x00, 0x00, 0x00, 0x00, 0x90, 0x90, 0xA0, 0xB0, 0xC0, 0xD0,
    0xC0, 0xC0, 0xB0, 0xA0, 0x90, 0x90, 0x00, 0x00, 0x00, 0x00, 0x00, 0x00, 0x00, 0x00, 0x00, 0x00,
    0x00, 0x00, 0x00, 0x00, 0x00, 0x00, 0x00, 0x00, 0x00, 0x00, 0x90, 0x90, 0xA0, 0xB0, 0xC0, 0xD0,
    0xCC, 0xCC, 0xBB, 0xA0, 0x90, 0x90, 0x00, 0x00, 0x00, 0x00, 0x00, 0x00, 0x00, 0x00, 0x00, 0x00,
    0xA0, 0xA0, 0xA0, 0xA0, 0xB0, 0xB0, 0xA0, 0xB0, 0xB0, 0xC0, 0xA0, 0xB0, 0xA0, 0xBB, 0xCC, 0xBE,
    0xAE, 0xAD, 0xAC, 0xAB, 0xBB, 0xB0, 0xCB, 0xB0, 0xA0, 0xAB, 0xAB, 0xB0, 0xA0, 0xA0, 0xA0, 0xA0,
    0x90, 0x90, 0x90, 0x90, 0xA0, 0x90, 0x90, 0x90, 0x90, 0x90, 0x90, 0x90, 0x90, 0x90, 0x90, 0x9B,
    0x9C, 0x9C, 0x9C, 0x9B, 0x90, 0x90, 0x90, 0x90, 0xAB, 0x9B, 0x90, 0x90, 0x90, 0x90, 0x90, 0x90,
    0x00, 0x00, 0x00, 0x00, 0x00, 0x20, 0x00, 0x00, 0x00, 0x00, 0x00, 0x00, 0x00, 0x00, 0x20, 0x00,
    0x0B, 0x0C, 0x0C, 0x0B, 0x00, 0x00, 0x00, 0x00, 0x00, 0x0B, 0x00, 0x00, 0x00, 0x00, 0x00, 0x00,
    0x00, 0x00, 0x20, 0x30, 0x00, 0x00, 0x00, 0x00, 0x00, 0x00, 0x00, 0x00, 0x00, 0x00, 0x00, 0x00,
    0x0B, 0x2B, 0x2B, 0x00, 0x00, 0x00, 0x00, 0x00, 0x00, 0x0B, 0x00, 0x30, 0x00, 0x00, 0x00, 0x00,
    0x30, 0x20, 0x20, 0x30, 0x40, 0x30, 0x20, 0x20, 0x10, 0x40, 0x40, 0x30, 0x30, 0x20, 0x20, 0x20,
    0x10, 0x20, 0x30, 0x20, 0x20, 0x30, 0x40, 0x20, 0x40, 0x40, 0x40, 0x30, 0x30, 0x20, 0x30, 0x20,
    0x20, 0x10, 0x10, 0x20, 0x30, 0x20, 0x10, 0x10, 0x90, 0x30, 0x30, 0x20, 0x20, 0x10, 0x10, 0x10,
    0x90, 0x10, 0x20, 0x10, 0x10, 0x20, 0x30, 0x10, 0x30, 0x30, 0x30, 0x20, 0x20, 0x10, 0x20, 0x10,
    0x00, 0x00, 0x00, 0x00, 0x00, 0x00, 0x00, 0x00, 0x90, 0x90, 0x90, 0x90, 0x90, 0x90, 0x90, 0x90,
    0x9C, 0x9C, 0x9B, 0x90, 0x90, 0x90, 0x90, 0x90, 0x00, 0x00, 0x00, 0x00, 0x00, 0x00, 0x00, 0x00,
    0x00, 0x00, 0x00, 0x00, 0x00, 0x00, 0x00, 0x00, 0x90, 0x90, 0x90, 0x90, 0x90, 0x90, 0x9C, 0x9E,
    0x9D, 0x9C, 0x9C, 0x9B, 0x9B, 0x90, 0x90, 0x90, 0x0B, 0x0B, 0x00, 0x00, 0x00, 0x00, 0x00, 0x00,
    0xA0, 0xA0, 0xA0, 0xA0, 0xD0, 0xB0, 0xA0, 0xA0, 0xB0, 0xB0, 0xA0, 0xB0, 0xBB, 0xBC, 0xBD, 0xAD,
    0xAE, 0xAD, 0xAC, 0xAC, 0xBC, 0xCB, 0xBB, 0xAB, 0xAB, 0xAD, 0xBD, 0xAC, 0xAB, 0xA0, 0xA0, 0xB0,
    0x90, 0x90, 0x90, 0x90, 0xA0, 0xA0, 0xA0, 0xA0, 0x90, 0x90, 0x90, 0xA0, 0xA0, 0x90, 0x9B, 0xAB,
    0x9C, 0x9C, 0x9C, 0x9C, 0xAB, 0x90, 0x90, 0xAB, 0xAC, 0xAC, 0x9B, 0x9B, 0x90, 0xA0, 0x90, 0x90,
    0x00, 0x00, 0x00, 0x00, 0x20, 0x30, 0x00, 0x00, 0x00, 0x00, 0x00, 0x00, 0x00, 0x20, 0x00, 0x00,
    0x0B, 0x0C, 0x2C, 0x0B, 0x00, 0x00, 0x00, 0x00, 0x0B, 0x0C, 0x0B, 0x00, 0x00, 0x00, 0x00, 0x00,
    0x00, 0x00, 0x30, 0x40, 0x00, 0x00, 0x00, 0x00, 0x00, 0x00, 0x00, 0x00, 0x00, 0x00, 0x00, 0x00,
    0x00, 0x0B, 0x20, 0x00, 0x00, 0x00, 0x00, 0x00, 0x0B, 0x0B, 0x0B, 0x40, 0x00, 0x00, 0x00, 0x00,
    0x30, 0x20, 0x20, 0x30, 0x30, 0x20, 0x40, 0x30, 0x20, 0x40, 0x40, 0x30, 0x20, 0x20, 0x10, 0x20,
    0x10, 0x20, 0x20, 0x10, 0x20, 0x40, 0x40, 0x40, 0x40, 0x30, 0x30, 0x30, 0x40, 0x20, 0x30, 0x40,
    0x20, 0x10, 0x10, 0x20, 0x20, 0x10, 0x30, 0x20, 0x10, 0x30, 0x30, 0x20, 0x10, 0x10, 0x90, 0x10,
    0x9C, 0x1C, 0x1B, 0x90, 0x10, 0x30, 0x30, 0x30, 0x30, 0x20, 0x20, 0x20, 0x30, 0x10, 0x20, 0x30,
    0x00, 0x00, 0x00, 0x00, 0x00, 0x00, 0x00, 0x90, 0x90, 0xA0, 0xB0, 0xC0, 0xD0, 0xD0, 0xEC, 0xDC,
    0xDD, 0xDC, 0xDC, 0xDB, 0xCB, 0xBB, 0xA0, 0x9B, 0x9B, 0x0B, 0x00, 0x00, 0x00, 0x00, 0x00, 0x00,
    0x00, 0x00, 0x00, 0x00, 0x00, 0x00, 0x00, 0x90, 0x90, 0xA0, 0xB0, 0xC0, 0xD0, 0xDC, 0xEE, 0xDE,
    0xDE, 0xDD, 0xDC, 0xDC, 0xCC, 0xBB, 0xA0, 0x9B, 0x9D, 0x0D, 0x0C, 0x0B, 0x00, 0x00, 0x00, 0x00,
    0xA0, 0xB0, 0xA0, 0xB0, 0xD0, 0xB0, 0xB0, 0xA0, 0xB0, 0xB0, 0xA0, 0xC0, 0xBB, 0xBB, 0xAC, 0xAC,
    0xAD, 0xAC, 0xAC, 0xBC, 0xBC, 0xCB, 0xBB, 0xAB, 0xAD, 0xBD, 0xBD, 0xBD, 0xAC, 0xAB, 0xA0, 0xC0,
    0x90, 0x90, 0x90, 0xA0, 0xB0, 0xA0, 0xA0, 0x90, 0x90, 0x90, 0x90, 0xA0, 0x90, 0x90, 0x90, 0xB0,
    0x9B, 0xAB, 0x9C, 0xAC, 0xAB, 0xA0, 0x9B, 0xAB, 0xBC, 0xAC, 0x9C, 0x9B, 0x90, 0xA0, 0x90, 0x90,
    0x00, 0x00, 0x00, 0x00, 0x30, 0x30, 0x00, 0x00, 0x00, 0x00, 0x00, 0x00, 0x00, 0x20, 0x30, 0x00,
    0x00, 0x0B, 0x2B, 0x20, 0x00, 0x00, 0x00, 0x0B, 0x0C, 0x0C, 0x0C, 0x3B, 0x00, 0x00, 0x00, 0x00,
    0x00, 0x00, 0x00, 0x40, 0x00, 0x00, 0x00, 0x00, 0x00, 0x00, 0x00, 0x00, 0x00, 0x00, 0x00, 0x00,
    0x00, 0x00, 0x00, 0x00, 0x00, 0x00, 0x00, 0x00, 0x00, 0x0B, 0x00, 0x00, 0x00, 0x00, 0x00, 0x00,
    0x40, 0x20, 0x20, 0x10, 0x30, 0x20, 0x40, 0x40, 0x20, 0x30, 0x30, 0x30, 0x20, 0x10, 0x10, 0x20,
    0x10, 0x10, 0x20, 0x10, 0x20, 0x40, 0x40, 0x40, 0x30, 0x30, 0x10, 0x30, 0x30, 0x20, 0x30, 0x40,
    0x30, 0x10, 0x10, 0x90, 0x20, 0x10, 0x30, 0x30, 0x10, 0x20, 0x20, 0x20, 0x10, 0x90, 0x9C, 0x1C,
    0x9D, 0x9C, 0x1C, 0x9B, 0x1B, 0x30, 0x30, 0x30, 0x20, 0x20, 0x90, 0x20, 0x20, 0x10, 0x20, 0x30,
    0x00, 0x00, 0x00, 0x00, 0x00, 0x00, 0x90, 0x90, 0x90, 0x90, 0x90, 0x90, 0x90, 0x9C, 0x9E, 0x9E,
    0x9E, 0x9D, 0x9C, 0x9C, 0x9C, 0x9B, 0x9B, 0x9C, 0x9D, 0x9D, 0x0C, 0x0B, 0x00, 0x00, 0x00, 0x00,
    0x00, 0x00, 0x00, 0x00, 0x00, 0x00, 0x90, 0x90, 0x90, 0x90, 0x90, 0x90, 0x90, 0x9C, 0x9E, 0x9E,
    0x9E, 0x9D, 0x9C, 0x9C, 0x9C, 0x9B, 0x9B, 0x9C, 0x9C, 0x9D, 0x0D, 0x0D, 0x0B, 0x00, 0x00, 0x00,
    0xA0, 0xC0, 0xA0, 0xB0, 0xD0, 0xD0, 0xC0, 0xB0, 0xB0, 0xB0, 0xB0, 0xC0, 0xB0, 0xBB, 0xAB, 0xAC,
    0xAC, 0xAC, 0xAC, 0xBB, 0xB0, 0xC0, 0xBB, 0xAC, 0xBD, 0xCD, 0xCD, 0xBC, 0xAC, 0xAB, 0xA0, 0xC0,
    0x90, 0x90, 0x90, 0xA0, 0xB0, 0xB0, 0xA0, 0x90, 0x90, 0x90, 0xA0, 0x90, 0x90, 0x9B, 0x9B, 0xB0,
    0x90, 0xB0, 0x9B, 0xAB, 0xB0, 0xA0, 0x90, 0xAB, 0xBC, 0xBC, 0x9C, 0x9B, 0xA0, 0xA0, 0x90, 0x90,
    0x00, 0x00, 0x00, 0x20, 0x30, 0x40, 0x00, 0x00, 0x00, 0x00, 0x00, 0x00, 0x00, 0x30, 0x4B, 0x00,
    0x00, 0x00, 0x00, 0x20, 0x00, 0x00, 0x00, 0x00, 0x0B, 0x0C, 0x0B, 0x00, 0x00, 0x00, 0x00, 0x00,
    0x00, 0x00, 0x00, 0x00, 0x00, 0x00, 0x00, 0x00, 0x00, 0x00, 0x00, 0x00, 0x00, 0x0B, 0x00, 0x00,
    0x00, 0x00, 0x00, 0x00, 0x00, 0x00, 0x00, 0x00, 0x00, 0x00, 0x00, 0x00, 0x00, 0x00, 0x00, 0x00,
    0x40, 0x40, 0x30, 0x20, 0x20, 0x20, 0x30, 0x30, 0x40, 0x30, 0x30, 0x30, 0x20, 0x10, 0x10, 0x20,
    0x10, 0x10, 0x10, 0x20, 0x30, 0x40, 0x40, 0x40, 0x20, 0x10, 0x10, 0x20, 0x20, 0x10, 0x30, 0x40,
    0x30, 0x30, 0x20, 0x10, 0x10, 0x10, 0x20, 0x20, 0x30, 0x20, 0x20, 0x20, 0x10, 0x9C, 0x9E, 0x1E,
    0x9E, 0x9D, 0x9C, 0x1C, 0x2C, 0x3B, 0x3B, 0x3B, 0x1B, 0x90, 0x90, 0x10, 0x10, 0x90, 0x20, 0x30,
    0x00, 0x00, 0x00, 0x00, 0x00, 0x00, 0x90, 0xB0, 0xC0, 0x90, 0x90, 0xD0, 0xE0, 0x9C, 0x9E, 0xEE,
    0xEE, 0x9D, 0x9C, 0xDC, 0xCC, 0x9B, 0x9B, 0xBC, 0xBC, 0x9D, 0x0D, 0x0D, 0x0B, 0x00, 0x00, 0x00,
    0x00, 0x00, 0x00, 0x00, 0x00, 0x0B, 0x9C, 0xBC, 0xC0, 0x90, 0x90, 0xD0, 0xE0, 0x90, 0x9C, 0xEE,
    0xEE, 0x9D, 0x9C, 0xDC, 0xCC, 0x9B, 0x9B, 0xBC, 0xBD, 0x9D, 0x0D, 0x0D, 0x0B, 0x00, 0x00, 0x00,
    0xA0, 0xC0, 0xB0, 0xC0, 0xC0, 0xD0, 0xDC, 0xBC, 0xB0, 0xB0, 0xB0, 0xCB, 0xCB, 0xCC, 0xBC, 0xAC,
    0xAC, 0xAB, 0xAB, 0xB0, 0xC0, 0xDB, 0xCC, 0xBC, 0xCD, 0xCC, 0xCC, 0xBC, 0xBB, 0xA0, 0xA0, 0xB0,
    0x90, 0x90, 0x90, 0xA0, 0xA0, 0xB0, 0xBB, 0x9B, 0x90, 0xA0, 0xA0, 0xAB, 0x9B, 0x9C, 0x9C, 0xAB,
    0x90, 0xB0, 0xA0, 0xA0, 0xA0, 0xAB, 0x90, 0xA0, 0xAB, 0xBB, 0x9B, 0xA0, 0xB0, 0xB0, 0xA0, 0x90,
    0x00, 0x0B, 0x0B, 0x30, 0x40, 0x00, 0x00, 0x0B, 0x00, 0x00, 0x00, 0x00, 0x00, 0x4B, 0x0B, 0x2B,
    0x00, 0x0B, 0x00, 0x30, 0x20, 0x00, 0x00, 0x00, 0x00, 0x0B, 0x20, 0x00, 0x00, 0x00, 0x00, 0x00,
    0x00, 0x00, 0x0B, 0x00, 0x00, 0x00, 0x0B, 0x0B, 0x00, 0x00, 0x00, 0x00, 0x0B, 0x0B, 0x00, 0x00,
    0x00, 0x00, 0x00, 0x00, 0x00, 0x00, 0x00, 0x00, 0x00, 0x00, 0x00, 0x30, 0x00, 0x00, 0x00, 0x00,
    0x40, 0x40, 0x40, 0x30, 0x20, 0x30, 0x30, 0x30, 0x40, 0x30, 0x40, 0x20, 0x10, 0x10, 0x10, 0x2C,
    0x1C, 0x1B, 0x1B, 0x20, 0x40, 0x40, 0x40, 0x40, 0x20, 0x10, 0x10, 0x10, 0x10, 0x10, 0x30, 0x30,
    0x30, 0x30, 0x30, 0x20, 0x10, 0x20, 0x20, 0x20, 0x30, 0x20, 0x30, 0x10, 0x90, 0x9C, 0x9E, 0x1E,
    0x9E, 0x9D, 0x9C, 0x1C, 0x3C, 0x3C, 0x3C, 0x3D, 0x1D, 0x9C, 0x9B, 0x90, 0x90, 0x90, 0x20, 0x20,
    0x00, 0x00, 0x00, 0x00, 0x00, 0x00, 0x90, 0xA0, 0xB0, 0xB0, 0xC0, 0xC0, 0xDC, 0xDE, 0xEE, 0xEE,
    0xDE, 0xDD, 0xCC, 0xCC, 0xBC, 0xBB, 0xBC, 0xAC, 0xAD, 0x9D, 0x0D, 0x0D, 0x0B, 0x00, 0x00, 0x00,
    0x00, 0x00, 0x00, 0x00, 0x0B, 0x0C, 0x9C, 0xAC, 0xBC, 0xB0, 0xC0, 0xC0, 0xDC, 0xDE, 0xEE, 0xEE,
    0xDD, 0xDC, 0xCC, 0xCC, 0xBB, 0xBB, 0xBC, 0xAD, 0xAD, 0x9D, 0x0D, 0x0C, 0x0B, 0x00, 0x00, 0x00,
    0xC0, 0xCC, 0xBB, 0xBB, 0xC0, 0xDC, 0xDC, 0xBC, 0xDC, 0xBB, 0xB0, 0xCB, 0xCC, 0xCC, 0xBE, 0xAD,
    0xAC, 0xAC, 0xAB, 0xA0, 0xC0, 0xDB, 0xCC, 0xBC, 0xBC, 0xCB, 0xCB, 0xBB, 0xB0, 0xA0, 0xA0, 0xB0,
    0x90, 0x9B, 0x9B, 0xA0, 0xA0, 0xBB, 0xBC, 0x9C, 0xAB, 0xB0, 0xB0, 0xAB, 0xAC, 0x9C, 0x9C, 0xAC,
    0xBB, 0xB0, 0xAB, 0xA0, 0xC0, 0xA0, 0x90, 0x9B, 0xA0, 0xA0, 0x90, 0xAB, 0xBB, 0xAB, 0x9B, 0x90,
    0x0B, 0x0B, 0x0B, 0x0B, 0x40, 0x00, 0x0B, 0x0C, 0x0B, 0x00, 0x00, 0x00, 0x0B, 0x2B, 0x3B, 0x3B,
    0x20, 0x00, 0x00, 0x30, 0x20, 0x00, 0x00, 0x00, 0x00, 0x20, 0x20, 0x00, 0x0B, 0x0B, 0x00, 0x00,
    0x00, 0x0B, 0x0B, 0x00, 0x00, 0x00, 0x0B, 0x0B, 0x0B, 0x00, 0x00, 0x00, 0x00, 0x00, 0x00, 0x00,
    0x00, 0x00, 0x00, 0x00, 0x00, 0x00, 0x00, 0x00, 0x00, 0x00, 0x00, 0x40, 0x00, 0x0B, 0x00, 0x00,
    0x30, 0x40, 0x30, 0x20, 0x20, 0x30, 0x40, 0x30, 0x30, 0x30, 0x20, 0x30, 0x20, 0x1C, 0x1C, 0x1D,
    0x1C, 0x1C, 0x1C, 0x2B, 0x40, 0x40, 0x40, 0x40, 0x20, 0x20, 0x20, 0x10, 0x10, 0x10, 0x20, 0x30,
    0x20, 0x30, 0x20, 0x10, 0x10, 0x20, 0x30, 0x20, 0x20, 0x20, 0x10, 0x2C, 0x1D, 0x9E, 0x9E, 0x9E,
    0x9E, 0x9D, 0x9C, 0x1C, 0x3C, 0x3C, 0x3C, 0x3C, 0x1D, 0x1D, 0x1D, 0x9B, 0x90, 0x90, 0x10, 0x20,
    0x00, 0x00, 0x00, 0x00, 0x00, 0x00, 0x9B, 0x9C, 0x9C, 0x90, 0x90, 0x9C, 0x9C, 0x9E, 0x9E, 0x9E,
    0x9D, 0x9C, 0x9C, 0x9C, 0x9C, 0x9C, 0x9C, 0x9D, 0x9D, 0x9D, 0x0D, 0x0C, 0x0B, 0x00, 0x00, 0x00,
    0x00, 0x00, 0x00, 0x0C, 0x0C, 0x0C, 0x9C, 0x9C, 0x9D, 0x9C, 0x9B, 0x90, 0x9C, 0x9E, 0x9E, 0x9D,
    0x9C, 0x9C, 0x9C, 0x9B, 0x9B, 0x9C, 0x9C, 0x9D, 0x9D, 0x9D, 0x0D, 0x0D, 0x0B, 0x00, 0x00, 0x00,
    0xCC, 0xCC, 0xBD, 0xBD, 0xCC, 0xDC, 0xDC, 0xCC, 0xDC, 0xDC, 0xBB, 0xCB, 0xCB, 0xBC, 0xAE, 0xAC,
    0xAC, 0xAB, 0xAB, 0xA0, 0xD0, 0xD0, 0xCB, 0xCB, 0xBB, 0xC0, 0xB0, 0xB0, 0xAB, 0xAB, 0xBB, 0xB0,
    0x9B, 0x9C, 0x9C, 0x9B, 0xB0, 0xB0, 0xBB, 0xAC, 0xBC, 0xBB, 0xA0, 0x90, 0x9B, 0x9B, 0xAC, 0xAB,
    0xB0, 0xB0, 0xAB, 0xA0, 0xD0, 0xA0, 0xA0, 0x90, 0xA0, 0xA0, 0x9B, 0xAC, 0xAC, 0xAC, 0x9B, 0x9B,
    0x0B, 0x0B, 0x0B, 0x0B, 0x40, 0x00, 0x0B, 0x0C, 0x0C, 0x0B, 0x00, 0x00, 0x00, 0x0B, 0x2B, 0x30,
    0x30, 0x20, 0x00, 0x40, 0x30, 0x00, 0x00, 0x00, 0x00, 0x20, 0x30, 0x0B, 0x0B, 0x0B, 0x0B, 0x00,
    0x00, 0x00, 0x00, 0x00, 0x00, 0x00, 0x00, 0x00, 0x20, 0x00, 0x0B, 0x00, 0x00, 0x00, 0x30, 0x20,
    0x00, 0x00, 0x00, 0x00, 0x00, 0x00, 0x00, 0x00, 0x00, 0x00, 0x00, 0x00, 0x00, 0x0B, 0x0B, 0x00,
    0x30, 0x30, 0x20, 0x20, 0x30, 0x40, 0x40, 0x30, 0x40, 0x40, 0x20, 0x30, 0x3C, 0x2D, 0x1D, 0x1E,
    0x1E, 0x1C, 0x1C, 0x1C, 0x4B, 0x4C, 0x3C, 0x3B, 0x20, 0x30, 0x20, 0x20, 0x10, 0x10, 0x20, 0x20,
    0x20, 0x20, 0x10, 0x10, 0x20, 0x30, 0x30, 0x2B, 0x3C, 0x3C, 0x1C, 0x2E, 0x2E, 0x1E, 0x9E, 0x9E,
    0x9D, 0x9C, 0x9C, 0x9C, 0x3C, 0x3C, 0x2C, 0x2D, 0x1D, 0x2D, 0x1D, 0x1B, 0x90, 0x90, 0x10, 0x10,
    0x00, 0x00, 0x00, 0x00, 0x00, 0x0B, 0x9C, 0x9C, 0x9C, 0x9C, 0x9C, 0x9C, 0x9C, 0x9E, 0x9E, 0x9D,
    0x9C, 0x9C, 0x9C, 0xAC, 0xAC, 0x9C, 0x9D, 0x9D, 0x9D, 0x9D, 0x0D, 0x0D, 0x0C, 0x0B, 0x00, 0x00,
    0x00, 0x00, 0x0C, 0x0D, 0x0D, 0x0C, 0x9C, 0x9D, 0x9E, 0x9C, 0x9C, 0x9B, 0x9D, 0x9E, 0x9E, 0x9D,
    0x9C, 0x9C, 0x9B, 0xAB, 0xAB, 0x9C, 0x9D, 0x9D, 0x9D, 0x9D, 0x0D, 0x0D, 0x0B, 0x0B, 0x0B, 0x00,
    0xCC, 0xDD, 0xCE, 0xBE, 0xBD, 0xCC, 0xDC, 0xCC, 0xCC, 0xCC, 0xBB, 0xCB, 0xBC, 0xAB, 0xAB, 0xAB,
    0xAB, 0xAB, 0xA0, 0xB0, 0xD0, 0xD0, 0xD0, 0xD0, 0xB0, 0xB0, 0xBB, 0xAC, 0xAC, 0xAC, 0xBC, 0xCB,
    0x9B, 0x9C, 0x9C, 0xAC, 0xBB, 0xC0, 0xBB, 0xAC, 0xAC, 0xBB, 0xB0, 0xA0, 0x90, 0xA0, 0xAB, 0xB0,
    0xB0, 0xCB, 0xB0, 0xA0, 0xC0, 0xC0, 0xB0, 0xA0, 0xA0, 0xA0, 0xA0, 0xAB, 0x9C, 0xAC, 0x9C, 0x9B,
    0x00, 0x0B, 0x0B, 0x00, 0x3B, 0x40, 0x00, 0x0B, 0x0B, 0x0B, 0x0B, 0x00, 0x00, 0x00, 0x20, 0x30,
    0x40, 0x30, 0x20, 0x40, 0x40, 0x20, 0x30, 0x00, 0x00, 0x30, 0x40, 0x00, 0x0B, 0x0B, 0x2B, 0x00,
    0x00, 0x00, 0x00, 0x0B, 0x0B, 0x00, 0x00, 0x20, 0x20, 0x0B, 0x0B, 0x00, 0x00, 0x00, 0x00, 0x20,
    0x20, 0x00, 0x00, 0x00, 0x00, 0x00, 0x00, 0x00, 0x00, 0x00, 0x00, 0x00, 0x00, 0x00, 0x00, 0x00,
    0x30, 0x30, 0x20, 0x20, 0x30, 0x40, 0x40, 0x20, 0x40, 0x20, 0x20, 0x3C, 0x3D, 0x3E, 0x2E, 0x1E,
    0x1E, 0x1E, 0x1C, 0x1C, 0x3C, 0x4C, 0x3D, 0x2D, 0x2C, 0x3B, 0x30, 0x20, 0x20, 0x10, 0x10, 0x20,
    0x20, 0x20, 0x10, 0x10, 0x20, 0x30, 0x3B, 0x1C, 0x3C, 0x1C, 0x1E, 0x2E, 0x2E, 0x2E, 0x1E, 0x9D,
    0x9C, 0x9C, 0x9C, 0x9C, 0x2C, 0x3C, 0x2D, 0x1D, 0x1D, 0x2D, 0x2C, 0x1B, 0x10, 0x90, 0x90, 0x10,
    0x00, 0x00, 0x00, 0x00, 0x0C, 0x0C, 0x9D, 0x6D, 0x9C, 0x9D, 0x9C, 0x9C, 0x9D, 0x9E, 0x5D, 0x5C,
    0x5C, 0x5C, 0x9C, 0x9C, 0xAC, 0x9C, 0x9D, 0x9C, 0x6D, 0x9D, 0x0D, 0x0D, 0x0C, 0x0C, 0x0B, 0x00,
    0x00, 0x00, 0x0C, 0x0D, 0x0E, 0x0E, 0x9C, 0x5E, 0x9E, 0x9D, 0x9D, 0x9C, 0x9D, 0x9E, 0x5D, 0x5C,
    0x5C, 0x5B, 0x9B, 0x9B, 0xAC, 0x9C, 0x9D, 0x9D, 0x5C, 0x9D, 0x0D, 0x0D, 0x0D, 0x0C, 0x0C, 0x0B,
    0xDC, 0xDD, 0xDE, 0xCE, 0xBE, 0xCD, 0xCE, 0xCC, 0xDC, 0xCC, 0xDC, 0xBC, 0xAC, 0xAC, 0xAB, 0xBB,
    0xAC, 0xAB, 0xA0, 0xB0, 0xD0, 0xDB, 0xDB, 0xDB, 0xBB, 0xAB, 0xAB, 0xAC, 0xAC, 0xAC, 0xCC, 0xCB,
    0x90, 0x9B, 0x9C, 0xAC, 0xCB, 0xC0, 0xB0, 0xBB, 0xAB, 0xB0, 0xAB, 0xAB, 0x9B, 0xA0, 0xB0, 0xB0,
    0xC0, 0xC0, 0xC0, 0xB0, 0xB0, 0xCB, 0xCB, 0xAB, 0xAB, 0xA0, 0xA0, 0xAB, 0x9C, 0x9C, 0x9C, 0xAB,
    0x00, 0x00, 0x00, 0x0B, 0x0C, 0x4B, 0x00, 0x00, 0x00, 0x0B, 0x2B, 0x0B, 0x00, 0x00, 0x20, 0x30,
    0x40, 0x30, 0x20, 0x40, 0x40, 0x30, 0x20, 0x0B, 0x0B, 0x40, 0x00, 0x00, 0x00, 0x2B, 0x30, 0x00,
    0x00, 0x00, 0x00, 0x0B, 0x0B, 0x00, 0x00, 0x20, 0x30, 0x00, 0x00, 0x0B, 0x0B, 0x00, 0x00, 0x2B,
    0x20, 0x00, 0x00, 0x00, 0x00, 0x00, 0x00, 0x00, 0x0B, 0x0B, 0x00, 0x00, 0x00, 0x00, 0x00, 0x00,
    0x10, 0x30, 0x20, 0x30, 0x30, 0x40, 0x40, 0x20, 0x2B, 0x2C, 0x2C, 0x3D, 0x3E, 0x3E, 0x2E, 0x1E,
    0x1E, 0x1E, 0x1C, 0x2C, 0x3C, 0x4C, 0x3C, 0x2E, 0x3D, 0x3C, 0x3B, 0x20, 0x20, 0x10, 0x10, 0x20,
    0x90, 0x20, 0x10, 0x20, 0x20, 0x3C, 0x3C, 0x1D, 0x1D, 0x1C, 0x1D, 0x2E, 0x2E, 0x2E, 0x1D, 0x9C,
    0x9C, 0x9C, 0x9C, 0x1C, 0x2C, 0x3C, 0x2D, 0x1D, 0x2D, 0x2D, 0x2D, 0x1C, 0x1B, 0x90, 0x90, 0x10,
    0x00, 0x00, 0x00, 0x0C, 0x0D, 0x0D, 0x9E, 0x7E, 0x9D, 0x9E, 0x9D, 0x9C, 0x5D, 0x6E, 0x6E, 0x6D,
    0x5D, 0x5D, 0x5C, 0x5C, 0xAC, 0x9C, 0x9C, 0x9C, 0x7C, 0x9D, 0x0C, 0x0D, 0x0C, 0x0C, 0x0B, 0x00,
    0x00, 0x0C, 0x0D, 0x0E, 0x0E, 0x0E, 0x9E, 0x6E, 0x9E, 0x9D, 0x9E, 0x9E, 0x5E, 0x5E, 0x5C, 0x5C,
    0x5C, 0x5C, 0x5B, 0x5B, 0xAB, 0x9B, 0x9C, 0x9C, 0x6C, 0x9C, 0x0D, 0x0C, 0x0D, 0x0C, 0x0C, 0x0B,
    0xDC, 0xDD, 0xCE, 0xBE, 0xBE, 0xBD, 0xCD, 0xCC, 0xDC, 0xCB, 0xCC, 0xCC, 0xBD, 0xAD, 0xAC, 0xBC,
    0xAC, 0xAC, 0xAB, 0xB0, 0xCB, 0xDC, 0xDB, 0xDC, 0xBC, 0xAC, 0xAB, 0xBB, 0xBC, 0xAC, 0xCC, 0xDB,
    0x9B, 0x9C, 0x9C, 0xAB, 0xCB, 0xC0, 0xC0, 0xC0, 0xA0, 0xAB, 0xAC, 0x9C, 0x9D, 0x9B, 0xBB, 0xCB,
    0xCB, 0xC0, 0xB0, 0xA0, 0xBB, 0xDC, 0xDB, 0xAC, 0xCC, 0xAB, 0xA0, 0xA0, 0xAB, 0x9C, 0x9C, 0xAB,
    0x00, 0x0B, 0x00, 0x00, 0x0B, 0x00, 0x00, 0x00, 0x00, 0x20, 0x3B, 0x0B, 0x0B, 0x00, 0x20, 0x3B,
    0x40, 0xE0, 0x40, 0x40, 0x40, 0x30, 0x2B, 0x0C, 0x0C, 0xEB, 0x00, 0x00, 0x00, 0x30, 0x40, 0x00,
    0x00, 0x00, 0x00, 0x00, 0x00, 0x00, 0x00, 0x30, 0x00, 0x00, 0x00, 0x00, 0x00, 0x30, 0x00, 0x2B,
    0x2B, 0x00, 0x00, 0x00, 0x00, 0x00, 0x00, 0x00, 0x0B, 0x0B, 0x00, 0x00, 0x00, 0x00, 0x00, 0x00,
    0x10, 0x30, 0x10, 0x20, 0x40, 0x40, 0x30, 0x2B, 0x2C, 0x2C, 0x2C, 0x3D, 0x2E, 0x2E, 0x1E, 0x1E,
    0x1E, 0x1C, 0x1C, 0x2C, 0x2C, 0x3C, 0x2C, 0x1D, 0x2D, 0x3C, 0x3B, 0x20, 0x10, 0x10, 0x10, 0x30,
    0x90, 0x20, 0x90, 0x10, 0x3C, 0x3D, 0x2D, 0x1E, 0x1E, 0x1D, 0x1D, 0x2E, 0x1E, 0x1E, 0x9E, 0x9D,
    0x9D, 0x9D, 0x9C, 0x1C, 0x1C, 0x2C, 0x1C, 0x9D, 0x1D, 0x2D, 0x2D, 0x1C, 0x9C, 0x9B, 0x90, 0x20,
    0x00, 0x00, 0x00, 0x0C, 0x0E, 0x0E, 0x9E, 0x7E, 0x9E, 0x9E, 0x9E, 0x5D, 0x6E, 0x6E, 0x6E, 0x6E,
    0x6E, 0x6E, 0x5C, 0x5C, 0x6C, 0x9C, 0x9C, 0x9C, 0x7C, 0x9C, 0x0C, 0x0C, 0x0C, 0x0C, 0x0B, 0x00,
    0x00, 0x0C, 0x0D, 0x0E, 0x0E, 0x0E, 0x9E, 0x6E, 0x9D, 0x9C, 0x9D, 0x5E, 0x5E, 0x5E, 0x6D, 0x6D,
    0x5D, 0x5C, 0x5C, 0x5B, 0x6B, 0x9B, 0x9B, 0x9C, 0x6C, 0x9C, 0x0C, 0x0C, 0x0C, 0x0C, 0x0C, 0x0B,
    0xDC, 0xBC, 0xBD, 0xAD, 0xCD, 0xBC, 0xDC, 0xDB, 0xBB, 0xCB, 0xCC, 0xCD, 0xBE, 0xAE, 0xAE, 0xBD,
    0xAC, 0xAC, 0xBB, 0xA0, 0xBB, 0xDC, 0xDC, 0xDC, 0xCD, 0xCC, 0xAB, 0xC0, 0xCB, 0xBC, 0xCC, 0xDB,
    0x9B, 0x9C, 0xAB, 0x9B, 0xC0, 0xC0, 0xD0, 0xD0, 0xA0, 0x90, 0x9B, 0x9C, 0xAD, 0x9D, 0xBD, 0xCC,
    0xCC, 0xBB, 0xA0, 0x90, 0xBB, 0xCD, 0xDC, 0xBC, 0xCC, 0xCC, 0xAB, 0xB0, 0xA0, 0x9B, 0x9B, 0xA0,
    0x0B, 0x0C, 0x0B, 0x00, 0xE0, 0x00, 0x00, 0x00, 0x20, 0x30, 0x00, 0x0B, 0x00, 0x00, 0x2B, 0x3B,
    0x4B, 0x20, 0xE0, 0xE0, 0xE0, 0x4B, 0x2C, 0x0C, 0x0C, 0x0C, 0x0B, 0x00, 0x00, 0x00, 0x40, 0x00,
    0x00, 0x00, 0x00, 0x00, 0x00, 0x00, 0x00, 0x00, 0x00, 0x00, 0x00, 0x00, 0x00, 0x30, 0x00, 0x20,
    0x20, 0x00, 0x00, 0x00, 0x00, 0x00, 0x20, 0x0B, 0x00, 0x00, 0x00, 0x00, 0x00, 0x00, 0x00, 0x00,
    0x10, 0x20, 0x10, 0x20, 0x40, 0x20, 0x2C, 0x1D, 0x2D, 0x2D, 0x1C, 0x3C, 0x2D, 0x2E, 0x1E, 0x1E,
    0x1C, 0x1C, 0x1C, 0x2C, 0x2C, 0x3C, 0x2D, 0x1D, 0x1D, 0x2D, 0x2B, 0x20, 0x10, 0x10, 0x10, 0x30,
    0x90, 0x10, 0x90, 0x10, 0x3C, 0x1E, 0x1E, 0x9E, 0x1E, 0x1E, 0x9E, 0x2D, 0x1E, 0x1E, 0x9E, 0x9E,
    0x9E, 0x9E, 0x9D, 0x1C, 0x1C, 0x2C, 0x1C, 0x9C, 0x9D, 0x1C, 0x1D, 0x1C, 0x9C, 0x9B, 0x90, 0x20,
    0x00, 0x00, 0x0C, 0x0D, 0x0E, 0x0E, 0x9E, 0x7E, 0x9E, 0x9E, 0x5D, 0x6E, 0x6E, 0x7E, 0x7E, 0x7E,
    0x6E, 0x6E, 0x6D, 0x5C, 0x6C, 0x5C, 0x9C, 0x9C, 0x7C, 0x9C, 0x0C, 0x0C, 0x0C, 0x0C, 0x0B, 0x00,
    0x00, 0x0C, 0x0C, 0x0D, 0x0E, 0x0E, 0x9E, 0x6D, 0x9C, 0x9C, 0x5D, 0x5E, 0x6E, 0x6E, 0x6E, 0x6E,
    0x6E, 0x6C, 0x5C, 0x5B, 0x6C, 0x5B, 0x9C, 0x9C, 0x6C, 0x9B, 0x0B, 0x0B, 0x0C, 0x0C, 0x0C, 0x0B,
    0xCB, 0xBC, 0xBB, 0xCC, 0xCC, 0xBC, 0xDB, 0xC0, 0xBB, 0xDC, 0xDE, 0xCD, 0xBE, 0xBE, 0xAE, 0xBE,
    0xAD, 0xBC, 0xBB, 0xAB, 0xBB, 0xDC, 0xDD, 0xDD, 0xDD, 0xCD, 0xCC, 0xCB, 0xD0, 0xBB, 0xCB, 0xD0,
    0x90, 0x9B, 0xAB, 0x90, 0xB0, 0xC0, 0xD0, 0xD0, 0xA0, 0x90, 0x90, 0xAB, 0xAB, 0x9C, 0xBC, 0xCC,
    0xBC, 0xBB, 0xA0, 0xA0, 0xBB, 0xBD, 0xCD, 0xBD, 0xBC, 0xBC, 0xAB, 0xB0, 0xA0, 0xA0, 0x90, 0xA0,
    0x00, 0x0B, 0x00, 0x00, 0x40, 0x00, 0x00, 0x20, 0x3B, 0x3B, 0x00, 0x00, 0x20, 0x2B, 0x3B, 0x4B,
    0xEB, 0x2B, 0x30, 0x30, 0xE0, 0x20, 0x2B, 0x0C, 0x2C, 0x0B, 0x00, 0x00, 0x00, 0x00, 0x00, 0x00,
    0x00, 0x00, 0x00, 0x00, 0x00, 0x00, 0x00, 0x0B, 0x0B, 0x00, 0x00, 0x00, 0x00, 0x00, 0x2B, 0x2B,
    0x20, 0x00, 0x00, 0x00, 0x00, 0x00, 0x20, 0x2B, 0x0B, 0x00, 0x00, 0x00, 0x00, 0x00, 0x00, 0x00,
    0x10, 0x10, 0x10, 0x10, 0x40, 0x2C, 0x1D, 0x1E, 0x2E, 0x2E, 0x1D, 0x2C, 0x2D, 0x2E, 0x2E, 0x1C,
    0x1C, 0x1C, 0x1C, 0x1C, 0x2C, 0x3C, 0x2D, 0x1D, 0x1D, 0x1D, 0x2C, 0x1B, 0x10, 0x10, 0x10, 0x20,
    0x90, 0x90, 0x90, 0x9C, 0x3D, 0x1E, 0x9E, 0x9E, 0x1E, 0x1E, 0x9E, 0x1D, 0x1E, 0x1E, 0x1E, 0x9E,
    0x9E, 0x9E, 0x9E, 0x9E, 0x1D, 0x2C, 0x1C, 0x9C, 0x9C, 0x9C, 0x1C, 0x9C, 0x9C, 0x9B, 0x90, 0x10,
    0x00, 0x00, 0x0C, 0x0D, 0x0E, 0x0E, 0x9E, 0x7E, 0x9E, 0x9D, 0x6C, 0x6D, 0x7E, 0x8E, 0x8E, 0x7E,
    0x7E, 0x6E, 0x6D, 0x5C, 0x6D, 0x5C, 0x9C, 0x9C, 0x7C, 0x9C, 0x0B, 0x0B, 0x0C, 0x0B, 0x00, 0x00,
    0x00, 0x0C, 0x0C, 0x0C, 0x0D, 0x0D, 0x9D, 0x6C, 0x9B, 0x9B, 0x5C, 0x5D, 0x6E, 0x7E, 0x7E, 0x7E,
    0x6E, 0x6D, 0x5C, 0x5C, 0x6C, 0x5C, 0x9C, 0x9D, 0x6C, 0x9B, 0x00, 0x00, 0x0B, 0x0B, 0x0B, 0x00,
    0xC0, 0xBB, 0xBC, 0xCB, 0xDC, 0xCB, 0xB0, 0xBB, 0xAC, 0xDC, 0xDD, 0xCE, 0xCE, 0xBE, 0xBE, 0xBD,
    0xAD, 0xBC, 0xCB, 0xBC, 0xBC, 0xCE, 0xDD, 0xBD, 0xDD, 0xDD, 0xDC, 0xCB, 0xC0, 0xB0, 0xC0, 0xB0,
    0x90, 0xA0, 0xA0, 0xA0, 0xA0, 0xB0, 0xD0, 0xCB, 0xBB, 0xAB, 0x9B, 0xA0, 0xB0, 0xAB, 0xBC, 0xBC,
    0xBC, 0xAB, 0xA0, 0xBB, 0xBC, 0xBC, 0xBD, 0xBC, 0xCC, 0xBC, 0xCB, 0xB0, 0xBB, 0xA0, 0xA0, 0xA0,
    0x00, 0x00, 0x00, 0x00, 0x00, 0x00, 0x00, 0x2B, 0x3C, 0x2C, 0x2B, 0x00, 0x20, 0x30, 0x4B, 0xEB,
    0xEB, 0x40, 0x20, 0x40, 0xE0, 0x20, 0x20, 0x2B, 0x2B, 0x00, 0x00, 0x00, 0x3B, 0x0B, 0x00, 0x00,
    0x00, 0x00, 0x00, 0x00, 0x00, 0x00, 0x00, 0x0B, 0x0B, 0x00, 0x00, 0x00, 0x20, 0x00, 0x20, 0x2B,
    0x20, 0x20, 0x00, 0x00, 0x00, 0x00, 0x30, 0x20, 0x00, 0x00, 0x00, 0x00, 0x00, 0x0B, 0x00, 0x00,
    0x10, 0x10, 0x10, 0x10, 0x20, 0x2C, 0x1D, 0x2E, 0x2E, 0x3E, 0x1E, 0x2D, 0x1D, 0x2E, 0x3E, 0x2E,
    0x1E, 0x1D, 0x1C, 0x1C, 0x2C, 0x2C, 0x3C, 0x2C, 0x1D, 0x1E, 0x1D, 0x2C, 0x1B, 0x10, 0x10, 0x10,
    0x90, 0x90, 0x90, 0x9C, 0x1D, 0x1E, 0x9E, 0x1E, 0x1E, 0x2E, 0x9D, 0x1C, 0x9D, 0x1E, 0x2E, 0x1E,
    0x9E, 0x9E, 0x9E, 0x9E, 0x1E, 0x1D, 0x2C, 0x1C, 0x9C, 0x9C, 0x9C, 0x1C, 0x9C, 0x9B, 0x90, 0x90,
    0x00, 0x00, 0x0C, 0x0C, 0x0D, 0x0E, 0x9E, 0x7E, 0x9D, 0x5C, 0x6C, 0x7D, 0x8E, 0xEE, 0xEE, 0x8E,
    0x7E, 0x7E, 0x6D, 0x6C, 0x6E, 0x5D, 0x5D, 0x9D, 0x7C, 0x9C, 0x0B, 0x0B, 0x0B, 0x00, 0x00, 0x00,
    0x00, 0x0C, 0x0C, 0x0C, 0x0C, 0x0C, 0x9C, 0x6C, 0x9B, 0x5C, 0x5C, 0x6D, 0x7E, 0x8E, 0x8E, 0x7E,
    0x7E, 0x6D, 0x6C, 0x5D, 0x6D, 0x5D, 0x5D, 0x9D, 0x6C, 0x9B, 0x0B, 0x00, 0x00, 0x00, 0x00, 0x00,
    0xBB, 0xB0, 0xC0, 0xCB, 0xC0, 0xC0, 0xBB, 0xBC, 0xBD, 0xDD, 0xDD, 0xCD, 0xCD, 0xBC, 0xBD, 0xBD,
    0xAC, 0xBC, 0xCC, 0xBE, 0xBE, 0xCE, 0xDE, 0xCD, 0xDD, 0xCC, 0xCB, 0xB0, 0xCB, 0xB0, 0xB0, 0xB0,
    0x9B, 0xA0, 0xB0, 0xA0, 0xA0, 0xB0, 0xCB, 0xCC, 0xCC, 0xBD, 0xAC, 0xBB, 0xC0, 0xB0, 0xBB, 0xBB,
    0xAB, 0xA0, 0xB0, 0xCB, 0xBC, 0xBC, 0xBC, 0xBB, 0xCB, 0xBB, 0xB0, 0xBB, 0xBC, 0xAB, 0xA0, 0xA0,
    0x00, 0x00, 0x00, 0x00, 0x00, 0x00, 0x00, 0x2B, 0x3C, 0x0C, 0x2B, 0x00, 0x20, 0x30, 0x40, 0xEB,
    0x30, 0x20, 0x20, 0xE0, 0xE0, 0x2B, 0x30, 0x30, 0x20, 0x00, 0x00, 0x3B, 0x3C, 0x0C, 0x0B, 0x00,
    0x00, 0x00, 0x00, 0x00, 0x00, 0x00, 0x00, 0x00, 0x00, 0x00, 0x00, 0x00, 0x20, 0x00, 0x20, 0x30,
    0x30, 0x20, 0x00, 0x00, 0x00, 0x20, 0x30, 0x30, 0x00, 0x00, 0x00, 0x00, 0x00, 0x0B, 0x0B, 0x00,
    0x10, 0x10, 0x10, 0x20, 0x3C, 0x2D, 0x1E, 0x2E, 0x3E, 0x3E, 0x1E, 0x2D, 0x1E, 0x2E, 0x3E, 0x3E,
    0x2E, 0x1E, 0x1D, 0x1D, 0x1C, 0x2C, 0x3C, 0x2C, 0x1C, 0x1D, 0x1D, 0x1C, 0x1B, 0x10, 0x10, 0x10,
    0x90, 0x90, 0x90, 0x1C, 0x2C, 0x1D, 0x9E, 0x1E, 0x2E, 0x2D, 0x9C, 0x1C, 0x9D, 0x1E, 0x2E, 0x2E,
    0x1E, 0x9E, 0x9E, 0x9E, 0x9E, 0x1D, 0x2C, 0x1C, 0x9C, 0x9C, 0x9C, 0x9C, 0x9B, 0x90, 0x90, 0x90,
    0x00, 0x00, 0x0C, 0x0C, 0x0C, 0x0D, 0x9D, 0x7D, 0x9C, 0x5C, 0x6C, 0x7C, 0x8D, 0xEE, 0xEE, 0x8E,
    0x7E, 0x7E, 0x6D, 0x6D, 0x6E, 0x5D, 0x5D, 0x9D, 0x7D, 0x9C, 0x0C, 0x0B, 0x00, 0x00, 0x00, 0x00,
    0x00, 0x0B, 0x0C, 0x0C, 0x0C, 0x0C, 0x9C, 0x6C, 0x9C, 0x5D, 0x5D, 0x6E, 0x7E, 0x8E, 0x8E, 0x7E,
    0x7E, 0x6D, 0x6C, 0x5E, 0x6E, 0x5D, 0x5D, 0x9D, 0x6C, 0x9C, 0x0C, 0x0B, 0x00, 0x00, 0x00, 0x00,
    0xB0, 0xB0, 0xD0, 0xC0, 0xC0, 0xC0, 0xD0, 0xBB, 0xBC, 0xDC, 0xCD, 0xCD, 0xCD, 0xBC, 0xCC, 0xBD,
    0xAC, 0xBC, 0xCC, 0xBE, 0xBE, 0xCE, 0xDE, 0xDE, 0xCD, 0xBC, 0xBB, 0xAB, 0xDC, 0xCB, 0xB0, 0xB0,
    0xA0, 0xA0, 0xB0, 0xB0, 0xA0, 0xB0, 0xC0, 0xCB, 0xCC, 0xCC, 0xBD, 0xBC, 0xBB, 0xB0, 0xB0, 0xB0,
    0xA0, 0xA0, 0xC0, 0xCB, 0xBC, 0xAD, 0xCC, 0xBC, 0xBB, 0xB0, 0xBB, 0xAC, 0xAC, 0xAC, 0xBB, 0xA0,
    0x00, 0x00, 0x00, 0x00, 0x00, 0x00, 0x20, 0x2B, 0x3C, 0x3B, 0x20, 0x20, 0x20, 0x30, 0x40, 0x40,
    0x30, 0x20, 0x30, 0xE0, 0xEB, 0x3B, 0x4B, 0x40, 0x20, 0x00, 0x30, 0x3B, 0x0C, 0x0C, 0x0B, 0x00,
    0x00, 0x00, 0x20, 0x00, 0x00, 0x00, 0x00, 0x00, 0x00, 0x00, 0x00, 0x00, 0x20, 0x00, 0x20, 0x30,
    0x30, 0x20, 0x00, 0x00, 0x00, 0x3B, 0x4B, 0x30, 0x00, 0x00, 0x00, 0x00, 0x00, 0x0B, 0x0B, 0x00,
    0x10, 0x10, 0x10, 0x20, 0x2C, 0x2D, 0x2E, 0x1E, 0x2E, 0x2E, 0x2D, 0x1C, 0x1D, 0x1E, 0x3E, 0x4E,
    0x3E, 0x2E, 0x2E, 0x1E, 0x1D, 0x2C, 0x2C, 0x3C, 0x2C, 0x1C, 0x2C, 0x1C, 0x1B, 0x10, 0x20, 0x10,
    0x90, 0x90, 0x90, 0x1C, 0x1C, 0x1C, 0x1D, 0x9D, 0x1D, 0x1C, 0x1C, 0x9C, 0x9C, 0x9D, 0x2E, 0x3E,
    0x2E, 0x1E, 0x1E, 0x9E, 0x9E, 0x1E, 0x1D, 0x2C, 0x1C, 0x9C, 0x1C, 0x9B, 0x90, 0x90, 0x10, 0x90,
    0x00, 0x00, 0x0B, 0x0C, 0x0C, 0x0C, 0x9C, 0x7C, 0x9C, 0x5C, 0x6C, 0x7D, 0x7D, 0x8E, 0x8E, 0x7E,
    0x7E, 0x7E, 0x6E, 0x6E, 0x6E, 0x5E, 0x5D, 0x9D, 0x7D, 0x9D, 0x0C, 0x0B, 0x00, 0x00, 0x00, 0x00,
    0x00, 0x0B, 0x0C, 0x0B, 0x0C, 0x0C, 0x9B, 0x6B, 0x9C, 0x5C, 0x5C, 0x6D, 0x7E, 0x7E, 0x7E, 0x7E,
    0x7E, 0x6D, 0x6D, 0x5E, 0x6E, 0x5E, 0x5D, 0x9D, 0x6D, 0x9D, 0x0C, 0x0B, 0x0B, 0x00, 0x00, 0x00,
    0xA0, 0xB0, 0xC0, 0xBB, 0xBB, 0xC0, 0xD0, 0xCB, 0xDB, 0xCC, 0xBD, 0xCD, 0xCD, 0xBB, 0xCC, 0xCC,
    0xBC, 0xBC, 0xDC, 0xDE, 0xBE, 0xCE, 0xDE, 0xDE, 0xBC, 0xAC, 0xAC, 0xAC, 0xBC, 0xCC, 0xCB, 0xC0,
    0x90, 0xA0, 0xB0, 0xA0, 0xA0, 0xB0, 0xC0, 0xBB, 0xCB, 0xBC, 0xAD, 0xBC, 0xBB, 0xA0, 0xB0, 0xB0,
    0xA0, 0xA0, 0xC0, 0xCB, 0xAC, 0xBC, 0xCC, 0xCC, 0xAB, 0x90, 0x9B, 0x9C, 0xAC, 0xBC, 0xBC, 0xBB,
    0x00, 0x00, 0x00, 0x00, 0x00, 0x20, 0x20, 0x30, 0x4B, 0x40, 0x30, 0x20, 0x20, 0x30, 0x40, 0x40,
    0x30, 0x20, 0x30, 0x40, 0xEB, 0xEB, 0xEB, 0x3B, 0x20, 0x00, 0x30, 0x30, 0x0B, 0x0B, 0x00, 0x00,
    0x00, 0x00, 0x00, 0x00, 0x00, 0x00, 0x00, 0x00, 0x00, 0x20, 0x00, 0x00, 0x20, 0x20, 0x20, 0x30,
    0x40, 0x30, 0x20, 0x00, 0x00, 0x4B, 0x4B, 0x00, 0x00, 0x00, 0x00, 0x00, 0x00, 0x00, 0x00, 0x00,
    0x10, 0x10, 0x10, 0x10, 0x1C, 0x2D, 0x1E, 0x1E, 0x2E, 0x2D, 0x2D, 0x1C, 0x2D, 0x3E, 0x3E, 0x4D,
    0x4E, 0x3E, 0x2E, 0x2E, 0x1D, 0x2C, 0x2C, 0x3C, 0x3C, 0x2C, 0x4C, 0x2C, 0x1B, 0x20, 0x20, 0x20,
    0x90, 0x90, 0x90, 0x9C, 0x9C, 0x1C, 0x9C, 0x9C, 0x1C, 0x1C, 0x1C, 0x9C, 0x1C, 0x2D, 0x2E, 0x3E,
    0x3E, 0x2E, 0x1E, 0x1E, 0x9E, 0x1E, 0x1D, 0x2C, 0x2C, 0x1C, 0x3B, 0x10, 0x90, 0x10, 0x10, 0x10,
    0x00, 0x00, 0x00, 0x0B, 0x0B, 0x0C, 0x9C, 0x7C, 0x9C, 0x5C, 0x6D, 0x6D, 0x7E, 0x7E, 0x7E, 0x7E,
    0x7E, 0x6E, 0x6E, 0x6E, 0x6E, 0x5E, 0x5D, 0x9D, 0x7D, 0x9D, 0x0B, 0x00, 0x00, 0x00, 0x00, 0x00,
    0x00, 0x00, 0x0B, 0x0B, 0x0B, 0x0B, 0x9B, 0x6C, 0x9D, 0x5D, 0x5E, 0x6E, 0x6E, 0x7E, 0x7E, 0x7E,
    0x6E, 0x6E, 0x6E, 0x5E, 0x6E, 0x5E, 0x5E, 0x9D, 0x6D, 0x9D, 0x0D, 0x0D, 0x0C, 0x0B, 0x00, 0x00,
    0xC0, 0xC0, 0xBB, 0xCB, 0xBB, 0xCB, 0xDB, 0xD0, 0xC0, 0xCC, 0xBD, 0xCD, 0xCC, 0xCC, 0xCB, 0xCB,
    0xBC, 0xCB, 0xDC, 0xDC, 0xCE, 0xBE, 0xCE, 0xDC, 0xBC, 0xAC, 0xBC, 0xBC, 0xCC, 0xBC, 0xCC, 0xCB,
    0xB0, 0xB0, 0xA0, 0xBB, 0xA0, 0xB0, 0xC0, 0xC0, 0xB0, 0xBC, 0xAD, 0xBC, 0xBB, 0xBB, 0xB0, 0xB0,
    0xA0, 0xB0, 0xC0, 0xC0, 0xBB, 0xAC, 0xBC, 0xCB, 0xA0, 0x90, 0xA0, 0xAB, 0xBB, 0xAC, 0xBC, 0xBB,
    0x00, 0x00, 0x00, 0x00, 0x00, 0x00, 0x20, 0x40, 0xE0, 0xE0, 0x3B, 0x2B, 0x30, 0x40, 0xE0, 0x30,
    0x30, 0x30, 0x20, 0x30, 0xE0, 0xEB, 0x3B, 0x20, 0x20, 0x20, 0x00, 0x30, 0x00, 0x00, 0x00, 0x00,
    0x00, 0x00, 0x00, 0x00, 0x00, 0x00, 0x00, 0x00, 0x20, 0x20, 0x00, 0x00, 0x20, 0x30, 0x30, 0x30,
    0x40, 0x30, 0x20, 0x00, 0x00, 0x00, 0x40, 0x00, 0x00, 0x00, 0x00, 0x00, 0x00, 0x00, 0x00, 0x00,
    0x20, 0x10, 0x20, 0x10, 0x1C, 0x1C, 0x1D, 0x2D, 0x2D, 0x2C, 0x1C, 0x2C, 0x2D, 0x3E, 0x4E, 0x4E,
    0x3D, 0x3E, 0x2E, 0x2E, 0x1E, 0x2D, 0x3C, 0x4C, 0x3C, 0x4C, 0x4C, 0x2B, 0x20, 0x40, 0x30, 0x20,
    0x10, 0x90, 0x10, 0x9B, 0x9C, 0x9C, 0x9C, 0x1C, 0x1C, 0x1C, 0x9C, 0x1C, 0x1D, 0x2D, 0x3E, 0x3E,
    0x2E, 0x2E, 0x1E, 0x1E, 0x9E, 0x1E, 0x2D, 0x3C, 0x2D, 0x3C, 0x3B, 0x10, 0x10, 0x30, 0x20, 0x10,
    0x00, 0x00, 0x00, 0x00, 0x0B, 0x0C, 0x9D, 0x7D, 0x9D, 0x9D, 0x6E, 0x6E, 0x6E, 0x7E, 0x7E, 0x7E,
    0x6E, 0x6D, 0x6D, 0x5E, 0x6E, 0x5E, 0x9D, 0x9C, 0x7C, 0x9D, 0x0D, 0x0B, 0x00, 0x00, 0x00, 0x00,
    0x00, 0x00, 0x00, 0x00, 0x0B, 0x0C, 0x9C, 0x6C, 0x9D, 0x9E, 0x5E, 0x5E, 0x6E, 0x6E, 0x6E, 0x6D,
    0x6D, 0x6D, 0x5C, 0x5D, 0x6E, 0x5E, 0x9E, 0x9D, 0x6C, 0x9C, 0x0D, 0x0D, 0x0D, 0x0C, 0x0B, 0x00,
    0xB0, 0xB0, 0xBB, 0xCC, 0xBC, 0xCC, 0xDC, 0xDB, 0xCB, 0xBB, 0xBC, 0xBC, 0xCC, 0xCB, 0xCB, 0xDB,
    0xBB, 0xC0, 0xDB, 0xDC, 0xCC, 0xBE, 0xCC, 0xDC, 0xCC, 0xAB, 0xCB, 0xBC, 0xCC, 0xBC, 0xBC, 0xBB,
    0xA0, 0xA0, 0xAB, 0xBC, 0xAB, 0xB0, 0xC0, 0xC0, 0xBB, 0xAB, 0xAC, 0xAC, 0xBC, 0xBB, 0xB0, 0xC0,
    0xA0, 0xB0, 0xC0, 0xC0, 0xB0, 0xAB, 0xBB, 0xC0, 0xB0, 0x90, 0xB0, 0xA0, 0xBB, 0xAC, 0xAC, 0xAB,
    0x00, 0x00, 0x0B, 0x0B, 0x00, 0x00, 0x20, 0x40, 0xE0, 0xEB, 0x3C, 0x2C, 0x3B, 0xE0, 0x40, 0x20,
    0x30, 0x40, 0x20, 0x20, 0x20, 0x40, 0x40, 0x30, 0x40, 0x20, 0x20, 0x20, 0x00, 0x0B, 0x0B, 0x00,
    0x00, 0x0B, 0x0B, 0x00, 0x00, 0x00, 0x00, 0x00, 0x00, 0x20, 0x0B, 0x0B, 0x20, 0x30, 0x30, 0x40,
    0x40, 0x30, 0x20, 0x00, 0x20, 0x00, 0xE0, 0x00, 0x00, 0x00, 0x00, 0x00, 0x00, 0x0B, 0x0B, 0x00,
    0x20, 0x20, 0x20, 0x30, 0x1C, 0x1C, 0x1C, 0x2C, 0x3C, 0x2C, 0x1C, 0x1C, 0x3D, 0x4E, 0x4E, 0x4E,
    0x3D, 0x4E, 0x3E, 0x2E, 0x2E, 0x2D, 0x3C, 0x4C, 0x4C, 0x4C, 0x2B, 0x30, 0x40, 0x40, 0x30, 0x20,
    0x10, 0x10, 0x10, 0x20, 0x9B, 0x9C, 0x9C, 0x1D, 0x2D, 0x1D, 0x9C, 0x9D, 0x2D, 0x3E, 0x3E, 0x3E,
    0x2D, 0x3D, 0x2E, 0x1E, 0x1E, 0x1E, 0x2C, 0x3C, 0x3D, 0x3D, 0x1B, 0x20, 0x30, 0x30, 0x20, 0x10,
    0x00, 0x00, 0x00, 0x0B, 0x0C, 0x0D, 0x9E, 0x7E, 0x9E, 0x9C, 0x5D, 0x6E, 0x6E, 0x6E, 0x7D, 0x6D,
    0x6D, 0x6C, 0x6D, 0x5E, 0x6E, 0x5E, 0x9C, 0x9C, 0x7C, 0x9D, 0x0D, 0x0D, 0x0B, 0x00, 0x00, 0x00,
    0x00, 0x00, 0x00, 0x0B, 0x0C, 0x0D, 0x9D, 0x6D, 0x9C, 0x9C, 0x5C, 0x5D, 0x6C, 0x6C, 0x6D, 0x6C,
    0x6C, 0x6C, 0x5D, 0x5D, 0x6E, 0x5E, 0x9E, 0x9C, 0x6C, 0x9C, 0x0C, 0x0D, 0x0D, 0x0D, 0x0B, 0x00,
    0xA0, 0xBB, 0xDC, 0xCD, 0xCD, 0xBD, 0xCC, 0xDC, 0xCB, 0xBB, 0xAC, 0xBC, 0xCB, 0xCB, 0xD0, 0xDB,
    0xCC, 0xCB, 0xC0, 0xDB, 0xCC, 0xBC, 0xCC, 0xDC, 0xDB, 0xB0, 0xCB, 0xCC, 0xDC, 0xCC, 0xBC, 0xBB,
    0x90, 0xAB, 0xCC, 0xBC, 0xBC, 0xAB, 0xB0, 0xC0, 0xB0, 0xAB, 0x9C, 0xAC, 0xBB, 0xBB, 0xC0, 0xC0,
    0xB0, 0xB0, 0xB0, 0xC0, 0xB0, 0xA0, 0xB0, 0xC0, 0xC0, 0xA0, 0xB0, 0xBB, 0xCC, 0xBC, 0xAC, 0xAB,
    0x00, 0x0B, 0x0C, 0x3C, 0x0B, 0x20, 0x30, 0x40, 0xE0, 0xEB, 0x2C, 0x3C, 0x4B, 0xE0, 0x40, 0x20,
    0x30, 0xE0, 0x30, 0x20, 0x20, 0x40, 0x40, 0x20, 0x40, 0x40, 0x20, 0x20, 0x0B, 0x0C, 0x0C, 0x0B,
    0x00, 0x0B, 0x0B, 0x00, 0x00, 0x00, 0x00, 0x00, 0x00, 0x20, 0x2B, 0x0B, 0x20, 0x30, 0x40, 0xE0,
    0x40, 0x40, 0x30, 0x20, 0x30, 0x20, 0xE0, 0x00, 0x00, 0x00, 0x00, 0x00, 0x0B, 0x0C, 0x0C, 0x0B,
    0x20, 0x20, 0x20, 0x10, 0x10, 0x2C, 0x2C, 0x3C, 0x3C, 0x2C, 0x2C, 0x1D, 0x2D, 0x3E, 0x4E, 0x4D,
    0x3E, 0x4E, 0x4E, 0x3E, 0x2E, 0x4D, 0x3C, 0x4C, 0x4C, 0x3B, 0x20, 0x20, 0x30, 0x30, 0x20, 0x20,
    0x10, 0x10, 0x10, 0x90, 0x9B, 0x1C, 0x1D, 0x2E, 0x2E, 0x1C, 0x1C, 0x9C, 0x1D, 0x2D, 0x3D, 0x3D,
    0x2C, 0x3D, 0x3E, 0x2E, 0x1E, 0x3C, 0x2C, 0x3C, 0x3C, 0x2D, 0x1D, 0x1B, 0x20, 0x20, 0x10, 0x10,
    0x00, 0x00, 0x00, 0x0B, 0x0C, 0x0D, 0x9D, 0x7D, 0x9D, 0x9D, 0x9C, 0x5D, 0x6D, 0x7D, 0x8C, 0x7C,
    0x6C, 0x6D, 0x5D, 0x5E, 0x6E, 0x9C, 0x9C, 0x9C, 0x7C, 0x9C, 0x0D, 0x0D, 0x0B, 0x00, 0x00, 0x00,
    0x00, 0x00, 0x00, 0x0C, 0x0D, 0x0E, 0x9E, 0x6E, 0x9D, 0x9C, 0x9C, 0x5C, 0x5C, 0x6C, 0x7C, 0x6C,
    0x5C, 0x5D, 0x5D, 0x5D, 0x6E, 0x9C, 0x9C, 0x9C, 0x6C, 0x9C, 0x0C, 0x0C, 0x0C, 0x0D, 0x0B, 0x00,
    0xC0, 0xCC, 0xDD, 0xDE, 0xCE, 0xCE, 0xBD, 0xCC, 0xCC, 0xBB, 0xAB, 0xBB, 0xCB, 0xC0, 0xDB, 0xDC,
    0xCD, 0xCC, 0xCB, 0xCC, 0xCC, 0xBC, 0xCB, 0xDB, 0xDB, 0xB0, 0xD0, 0xCB, 0xDC, 0xCC, 0xBC, 0xCB,
    0xB0, 0xBB, 0xCC, 0xCC, 0xBC, 0xBC, 0xAB, 0xB0, 0xB0, 0xAB, 0x9B, 0xAB, 0xBB, 0xB0, 0xC0, 0xC0,
    0xB0, 0xB0, 0xB0, 0xB0, 0xB0, 0xA0, 0xB0, 0xC0, 0xCB, 0xA0, 0xC0, 0xBB, 0xCB, 0xBC, 0xAB, 0xB0,
    0x00, 0x0B, 0x0C, 0x0C, 0x2B, 0x30, 0x40, 0xE0, 0xE0, 0xE0, 0x2B, 0x3B, 0x40, 0xE0, 0x40, 0x30,
    0xE0, 0xE0, 0x40, 0x20, 0x20, 0x20, 0x20, 0x20, 0xEB, 0x40, 0x30, 0x20, 0x0B, 0x0C, 0x0B, 0x00,
    0x00, 0x00, 0x00, 0x00, 0x00, 0x00, 0x00, 0x20, 0x20, 0x30, 0x20, 0x20, 0x20, 0x30, 0x40, 0xE0,
    0x30, 0x20, 0x40, 0x30, 0x40, 0x20, 0x00, 0x00, 0x00, 0x00, 0x00, 0x00, 0x0B, 0x0C, 0x0B, 0x00,
    0x30, 0x20, 0x20, 0x10, 0x10, 0x20, 0x3C, 0x3D, 0x3D, 0x2C, 0x1D, 0x1D, 0x2D, 0x3E, 0x3E, 0x4D,
    0x3E, 0x3E, 0x4E, 0x3E, 0x4D, 0x4D, 0x3C, 0x4C, 0x4C, 0x3C, 0x2B, 0x30, 0x40, 0x30, 0x30, 0x20,
    0x20, 0x10, 0x10, 0x90, 0x9B, 0x1C, 0x2D, 0x2D, 0x2D, 0x1D, 0x9C, 0x9C, 0x1C, 0x2C, 0x2C, 0x3C,
    0x2D, 0x2D, 0x3E, 0x2E, 0x3D, 0x3C, 0x2C, 0x3C, 0x3C, 0x2D, 0x1D, 0x2B, 0x30, 0x20, 0x20, 0x10,
    0x00, 0x00, 0x00, 0x00, 0x0B, 0x0C, 0x9D, 0x7D, 0x9D, 0x9C, 0x9C, 0x9C, 0x5C, 0x6C, 0x7C, 0x6C,
    0x5D, 0x5D, 0x5E, 0x5E, 0xAD, 0x9C, 0x9C, 0x9C, 0x7C, 0x9C, 0x0C, 0x0D, 0x0B, 0x00, 0x00, 0x00,
    0x00, 0x00, 0x00, 0x0C, 0x0D, 0x0D, 0x9D, 0x6D, 0x9D, 0x9C, 0x9C, 0x9C, 0x5B, 0x5B, 0x6B, 0x5C,
    0x5D, 0x5D, 0x5E, 0x5E, 0xAE, 0x9D, 0x9D, 0x9C, 0x6C, 0x9C, 0x0C, 0x0C, 0x0C, 0x0C, 0x0B, 0x00,
    0xC0, 0xCC, 0xDC, 0xDD, 0xCD, 0xCD, 0xBC, 0xBC, 0xBC, 0xAB, 0xA0, 0xBB, 0xC0, 0xCB, 0xDC, 0xDC,
    0xCD, 0xCD, 0xCD, 0xDD, 0xCD, 0xBC, 0xCC, 0xDB, 0xC0, 0xC0, 0xC0, 0xCB, 0xDB, 0xDC, 0xCB, 0xC0,
    0xB0, 0xB0, 0xCB, 0xCC, 0xBC, 0xBC, 0xAB, 0xA0, 0xA0, 0x9B, 0x90, 0xAB, 0xB0, 0xB0, 0xCB, 0xCB,
    0xBB, 0xB0, 0xB0, 0xCB, 0xBB, 0xAB, 0xB0, 0xC0, 0xB0, 0xB0, 0xB0, 0xB0, 0xC0, 0xCB, 0xBB, 0xB0,
    0x00, 0x00, 0x0B, 0x0B, 0x20, 0x3B, 0x40, 0xE0, 0xE0, 0x30, 0x20, 0x30, 0x40, 0xE0, 0xEB, 0x4B,
    0xE0, 0xE0, 0xE0, 0x30, 0x20, 0x2B, 0x2B, 0xE0, 0xE0, 0x40, 0x30, 0x20, 0x00, 0x0B, 0x00, 0x00,
    0x00, 0x00, 0x00, 0x00, 0x00, 0x00, 0x00, 0x20, 0x20, 0x30, 0x20, 0x20, 0x20, 0x30, 0x40, 0x40,
    0x20, 0x20, 0x30, 0x40, 0x20, 0x20, 0x00, 0x00, 0x00, 0x20, 0x00, 0x00, 0x00, 0x0B, 0x00, 0x00,
    0x30, 0x30, 0x10, 0x10, 0x10, 0x2B, 0x3C, 0x3E, 0x2E, 0x2C, 0x1C, 0x2C, 0x2D, 0x2E, 0x3C, 0x4D,
    0x4E, 0x3E, 0x3E, 0x3E, 0x3D, 0x4C, 0x4C, 0x4C, 0x4C, 0x3D, 0x2B, 0x30, 0x40, 0x30, 0x30, 0x20,
    0x20, 0x20, 0x90, 0x90, 0x9B, 0x1C, 0x2C, 0x2D, 0x1D, 0x1C, 0x9C, 0x1C, 0x1C, 0x1C, 0x2C, 0x3D,
    0x3D, 0x2E, 0x2E, 0x2E, 0x2D, 0x3C, 0x3C, 0x3C, 0x3C, 0x2C, 0x1D, 0x2B, 0x30, 0x20, 0x20, 0x10,
    0x00, 0x00, 0x00, 0x00, 0x0B, 0x0C, 0x9C, 0x6C, 0x9C, 0x9C, 0x9C, 0x9C, 0x9C, 0x9C, 0x5C, 0x5D,
    0x5D, 0x5E, 0x9E, 0x9E, 0xAD, 0x9C, 0x9C, 0x9C, 0x6C, 0x9C, 0x0C, 0x0C, 0x0B, 0x00, 0x00, 0x00,
    0x00, 0x00, 0x00, 0x0B, 0x0C, 0x0D, 0x9D, 0x5D, 0x9C, 0x9C, 0x9B, 0x9C, 0x9B, 0x9B, 0x5C, 0x5D,
    0x5D, 0x5E, 0x9E, 0x9E, 0xAE, 0x9D, 0x9D, 0x9C, 0x5C, 0x9C, 0x0C, 0x0C, 0x0C, 0x0C, 0x0B, 0x00,
    0xC0, 0xBC, 0xDC, 0xDC, 0xCC, 0xCC, 0xBC, 0xBC, 0xAC, 0xAB, 0xA0, 0xB0, 0xC0, 0xCB, 0xDC, 0xCD,
    0xCD, 0xCE, 0xDE, 0xDE, 0xCE, 0xCD, 0xDC, 0xDC, 0xCB, 0xCB, 0xDB, 0xC0, 0xD0, 0xDB, 0xCB, 0xC0,
    0xB0, 0xA0, 0xCB, 0xCC, 0xBC, 0xBB, 0xAB, 0xA0, 0x90, 0x9B, 0x90, 0xA0, 0xB0, 0xBB, 0xCC, 0xBD,
    0xBD, 0xBB, 0xCB, 0xCD, 0xBD, 0xBC, 0xCB, 0xC0, 0xBB, 0xB0, 0xC0, 0xB0, 0xC0, 0xC0, 0xB0, 0xB0,
    0x00, 0x00, 0x00, 0x20, 0x3B, 0x4B, 0xEB, 0xE0, 0x40, 0x20, 0x30, 0x40, 0xE0, 0xEB, 0xEC, 0xEC,
    0xEB, 0xE0, 0xE0, 0x4B, 0x2B, 0x2C, 0x3C, 0xEB, 0xEB, 0x40, 0x30, 0x20, 0x00, 0x00, 0x00, 0x00,
    0x00, 0x00, 0x00, 0x00, 0x00, 0x00, 0x00, 0x20, 0x20, 0x30, 0x30, 0x20, 0x20, 0x40, 0x4B, 0x3B,
    0x20, 0x30, 0x20, 0x20, 0x20, 0x20, 0x20, 0x00, 0x0B, 0x30, 0x00, 0x00, 0x00, 0x00, 0x00, 0x00,
    0x20, 0x30, 0x10, 0x10, 0x10, 0x2B, 0x2C, 0x3D, 0x2D, 0x1D, 0x1C, 0x2C, 0x1C, 0x2C, 0x3C, 0x4D,
    0x4E, 0x3E, 0x3E, 0x3D, 0x3D, 0x3C, 0x4C, 0x4C, 0x4C, 0x4D, 0x3B, 0x30, 0x40, 0x30, 0x30, 0x30,
    0x10, 0x20, 0x90, 0x90, 0x9B, 0x1C, 0x1C, 0x2C, 0x1C, 0x9C, 0x9C, 0x1C, 0x9C, 0x1C, 0x2D, 0x3D,
    0x3E, 0x2E, 0x2E, 0x2E, 0x2C, 0x2C, 0x3C, 0x3C, 0x3C, 0x3C, 0x2D, 0x2B, 0x30, 0x20, 0x20, 0x20,
    0x00, 0x00, 0x00, 0x00, 0x0B, 0x0C, 0x9C, 0x9C, 0x9C, 0x9C, 0x9C, 0x9B, 0x9C, 0x9C, 0x9C, 0x9D,
    0x9D, 0x9E, 0x9E, 0xAE, 0xAC, 0x9C, 0x9C, 0x9C, 0x9C, 0x9B, 0x0B, 0x0C, 0x0B, 0x00, 0x00, 0x00,
    0x00, 0x00, 0x00, 0x0B, 0x0C, 0x0C, 0x9C, 0x9C, 0x9C, 0x9B, 0x9B, 0x9C, 0x9C, 0x9B, 0x9C, 0x9D,
    0x9D, 0x9E, 0x9E, 0xAE, 0xAE, 0x9C, 0x9C, 0x9C, 0x9C, 0x9C, 0x0C, 0x0B, 0x0B, 0x0C, 0x0B, 0x00,
    0xB0, 0xBB, 0xDC, 0xDC, 0xCC, 0xCC, 0xBC, 0xBC, 0xAB, 0xA0, 0xA0, 0xA0, 0xBB, 0xCC, 0xDC, 0xCD,
    0xDD, 0xCE, 0xDE, 0xDD, 0xCE, 0xCC, 0xDC, 0xDC, 0xDC, 0xDC, 0xDC, 0xDB, 0xD0, 0xC0, 0xC0, 0xC0,
    0xA0, 0xA0, 0xC0, 0xCB, 0xBB, 0xBB, 0xA0, 0xA0, 0x9B, 0x90, 0x90, 0x90, 0xA0, 0xBB, 0xCC, 0xBD,
    0xCD, 0xBD, 0xCD, 0xCD, 0xBD, 0xBC, 0xCB, 0xC0, 0xC0, 0xC0, 0xC0, 0xC0, 0xC0, 0xB0, 0xB0, 0xB0,
    0x00, 0x00, 0x00, 0x20, 0x30, 0x4B, 0xE0, 0xE0, 0x4B, 0x30, 0x40, 0x40, 0xEB, 0xEC, 0xEC, 0xEC,
    0xEB, 0xEB, 0xEB, 0xEC, 0x3C, 0x2C, 0x3B, 0xE0, 0xE0, 0x40, 0x30, 0x20, 0x00, 0x00, 0x00, 0x00,
    0x00, 0x00, 0x00, 0x00, 0x0B, 0x00, 0x00, 0x20, 0x20, 0x30, 0x30, 0x20, 0x2B, 0x20, 0x3B, 0x2B,
    0x20, 0x40, 0x20, 0x20, 0x30, 0x30, 0x20, 0x00, 0x00, 0x00, 0x00, 0x00, 0x00, 0x00, 0x00, 0x00,
    0x20, 0x20, 0x40, 0x40, 0x30, 0x30, 0x2B, 0x2C, 0x1C, 0x1C, 0x1C, 0x1C, 0x2C, 0x3C, 0x4C, 0x3C,
    0x4D, 0x3D, 0x4D, 0x4D, 0x3C, 0x3C, 0x4C, 0x4C, 0x4C, 0x4D, 0x4C, 0x40, 0x40, 0x30, 0x30, 0x30,
    0x10, 0x10, 0x30, 0x30, 0x20, 0x2B, 0x1C, 0x1C, 0x9C, 0x9C, 0x9B, 0x9B, 0x1C, 0x2C, 0x3C, 0x2D,
    0x3D, 0x2D, 0x3D, 0x3C, 0x2C, 0x2C, 0x3C, 0x3C, 0x3C, 0x3C, 0x3C, 0x30, 0x30, 0x20, 0x20, 0x20,
    0x00, 0x00, 0x00, 0x00, 0x00, 0x0B, 0x9C, 0x9C, 0x9C, 0x9C, 0x9B, 0x9B, 0x9B, 0x9C, 0x9C, 0x9D,
    0x9D, 0x9D, 0x9D, 0x9C, 0x9C, 0x9C, 0x9C, 0x9C, 0x9C, 0x9C, 0x0B, 0x0B, 0x00, 0x00, 0x00, 0x00,
    0x00, 0x00, 0x00, 0x0B, 0x0C, 0x0C, 0x9C, 0x9C, 0x9B, 0x9B, 0x9B, 0x9B, 0x9C, 0x9C, 0x9C, 0x9D,
    0x9D, 0x9D, 0x9D, 0x9D, 0x9C, 0x9C, 0x9C, 0x9C, 0x9C, 0x9C, 0x0C, 0x0B, 0x0B, 0x0B, 0x00, 0x00,
    0xB0, 0xC0, 0xBB, 0xBC, 0xBC, 0xBC, 0xBC, 0xCB, 0xBB, 0xA0, 0xAB, 0xB0, 0xAB, 0xBC, 0xCC, 0xDC,
    0xDD, 0xCD, 0xCD, 0xCC, 0xCD, 0xCC, 0xDC, 0xDC, 0xDC, 0xDC, 0xCC, 0xCC, 0xDB, 0xC0, 0xC0, 0xC0,
    0xA0, 0xB0, 0xB0, 0xA0, 0xA0, 0xA0, 0xA0, 0xB0, 0xA0, 0x90, 0x9B, 0xA0, 0x90, 0xAB, 0xBC, 0xCC,
    0xCD, 0xBD, 0xBC, 0xBC, 0xBC, 0xBC, 0xCB, 0xC0, 0xC0, 0xCB, 0xBB, 0xBB, 0xC0, 0xB0, 0xB0, 0xB0,
    0x00, 0x00, 0x00, 0x20, 0x30, 0x40, 0xE0, 0xE0, 0x30, 0x40, 0x4B, 0xE0, 0xEB, 0xEC, 0xEB, 0xEB,
    0x30, 0xE0, 0xE0, 0xEB, 0x4B, 0x3B, 0x40, 0xE0, 0x40, 0x30, 0x20, 0x00, 0x00, 0x00, 0x00, 0x00,
    0x00, 0x00, 0x00, 0x00, 0x00, 0x00, 0x00, 0x00, 0x20, 0x30, 0x40, 0x20, 0x3B, 0x2B, 0x20, 0x20,
    0x30, 0x40, 0x30, 0x30, 0x40, 0x3B, 0x2B, 0x00, 0x00, 0x00, 0x00, 0x00, 0x00, 0x00, 0x00, 0x00,
    0x30, 0x20, 0x40, 0x40, 0x30, 0x30, 0x2B, 0x2C, 0x1C, 0x1C, 0x1B, 0x2C, 0x3C, 0x3C, 0x4C, 0x3C,
    0x3C, 0x3C, 0x4C, 0x4C, 0x3C, 0x3C, 0x4C, 0x4C, 0x3D, 0x3C, 0x40, 0x30, 0x40, 0x40, 0x30, 0x30,
    0x20, 0x10, 0x30, 0x30, 0x20, 0x2B, 0x1C, 0x1C, 0x9C, 0x9C, 0x9B, 0x1C, 0x2C, 0x2C, 0x3C, 0x2C,
    0x2C, 0x2C, 0x3C, 0x3C, 0x2C, 0x2C, 0x3C, 0x3C, 0x2C, 0x2C, 0x3C, 0x20, 0x30, 0x30, 0x20, 0x20,
    0x00, 0x00, 0x00, 0x00, 0x00, 0x0B, 0x9C, 0xAC, 0xBC, 0xBB, 0xCB, 0xCC, 0xDC, 0xDC, 0xEC, 0xEC,
    0xDC, 0xDC, 0xCC, 0xCC, 0xBC, 0xBC, 0xBC, 0xAC, 0xAC, 0x9C, 0x0C, 0x0B, 0x00, 0x00, 0x00, 0x00,
    0x00, 0x00, 0x00, 0x00, 0x0B, 0x0C, 0x9C, 0xAB, 0xB0, 0xB0, 0xC0, 0xCB, 0xDB, 0xDC, 0xEC, 0xED,
    0xDD, 0xDC, 0xCC, 0xCC, 0xBC, 0xBC, 0xBC, 0xAC, 0xAC, 0x9C, 0x0C, 0x0B, 0x0B, 0x00, 0x00, 0x00,
    0xC0, 0xC0, 0xBB, 0xBB, 0xAB, 0xBB, 0xCB, 0xC0, 0xB0, 0xBB, 0xAB, 0xBB, 0xB0, 0xBB, 0xCC, 0xDC,
    0xDC, 0xCC, 0xCC, 0xCC, 0xCC, 0xDC, 0xDB, 0xDB, 0xDC, 0xCC, 0xBC, 0xCC, 0xDC, 0xCB, 0xC0, 0xB0,
    0xB0, 0xB0, 0xA0, 0x9B, 0xA0, 0xA0, 0xB0, 0xB0, 0xA0, 0xA0, 0x90, 0xAB, 0xA0, 0xA0, 0xBB, 0xCC,
    0xCC, 0xBC, 0xBB, 0xBB, 0xBB, 0xCB, 0xC0, 0xC0, 0xCB, 0xBC, 0xAC, 0xBC, 0xCB, 0xB0, 0xB0, 0xA0,
    0x00, 0x00, 0x00, 0x20, 0x30, 0x40, 0xE0, 0x40, 0x40, 0xE0, 0xE0, 0xEB, 0xE0, 0xEB, 0xE0, 0xE0,
    0xE0, 0xE0, 0xE0, 0xE0, 0xE0, 0x40, 0x40, 0xE0, 0x40, 0x30, 0x20, 0x00, 0x0B, 0x00, 0x00, 0x00,
    0x00, 0x00, 0x00, 0x00, 0x00, 0x00, 0x00, 0x00, 0x20, 0x30, 0x40, 0x20, 0x30, 0x30, 0x30, 0x30,
    0x40, 0xE0, 0x40, 0x40, 0x40, 0x30, 0x20, 0x00, 0x00, 0x00, 0x00, 0x00, 0x00, 0x00, 0x00, 0x00,
    0x30, 0x30, 0x40, 0x40, 0x30, 0x30, 0x20, 0x2B, 0x2B, 0x1B, 0x1C, 0x2C, 0x3C, 0x3C, 0x4C, 0x4C,
    0x3C, 0x3C, 0x3C, 0x4C, 0x3C, 0x2C, 0x3C, 0x4C, 0x3C, 0x3C, 0x30, 0x30, 0x40, 0x40, 0x30, 0x30,
    0x20, 0x20, 0x30, 0x30, 0x20, 0x20, 0x1B, 0x1B, 0x1B, 0x9C, 0x9C, 0x1C, 0x2C, 0x2C, 0x3C, 0x3C,
    0x2C, 0x2C, 0x2C, 0x3C, 0x2C, 0x1C, 0x2C, 0x3C, 0x2C, 0x2C, 0x2B, 0x20, 0x30, 0x30, 0x20, 0x20,
    0x00, 0x00, 0x00, 0x00, 0x00, 0x00, 0x9B, 0xAB, 0xAC, 0x9C, 0x9C, 0xBC, 0xCC, 0x9C, 0x9C, 0xDC,
    0xCC, 0x9C, 0x9C, 0xBC, 0xAC, 0x9C, 0x9C, 0xAC, 0xAC, 0x9C, 0x0C, 0x0B, 0x00, 0x00, 0x00, 0x00,
    0x00, 0x00, 0x00, 0x00, 0x0B, 0x0B, 0x9B, 0xA0, 0xA0, 0x9B, 0x9B, 0xBC, 0xCC, 0x9C, 0x9C, 0xDC,
    0xCC, 0x9C, 0x9B, 0xBC, 0xAC, 0x9C, 0x9C, 0xAC, 0xAC, 0x9C, 0x0C, 0x0C, 0x0B, 0x00, 0x00, 0x00,
    0xC0, 0xB0, 0xB0, 0xA0, 0xA0, 0xB0, 0xCB, 0xCB, 0xCC, 0xBC, 0xAC, 0xAC, 0xBB, 0xCB, 0xCB, 0xDB,
    0xCC, 0xCC, 0xDB, 0xCB, 0xDB, 0xDB, 0xC0, 0xDB, 0xDC, 0xCC, 0xBC, 0xCC, 0xDC, 0xCB, 0xC0, 0xB0,
    0xB0, 0xA0, 0xA0, 0x90, 0x90, 0xA0, 0xB0, 0xBB, 0xBB, 0xA0, 0x90, 0x90, 0xA0, 0xB0, 0xB0, 0xCB,
    0xBC, 0xBC, 0xCB, 0xB0, 0xC0, 0xC0, 0xB0, 0xC0, 0xCB, 0xBC, 0xAC, 0xBC, 0xCB, 0xB0, 0xB0, 0xA0,
    0x00, 0x00, 0x00, 0x00, 0x20, 0x30, 0x40, 0x40, 0xE0, 0xE0, 0xE0, 0xE0, 0xE0, 0xE0, 0xE0, 0xE0,
    0xE0, 0xE0, 0xE0, 0xE0, 0xE0, 0x40, 0xE0, 0xE0, 0x40, 0x30, 0x2B, 0x0B, 0x0B, 0x0B, 0x00, 0x00,
    0x00, 0x00, 0x00, 0x00, 0x00, 0x00, 0x00, 0x00, 0x00, 0x20, 0x20, 0x30, 0x40, 0x40, 0x40, 0x40,
    0xE0, 0xE0, 0xE0, 0x40, 0x30, 0x20, 0x00, 0x00, 0x00, 0x00, 0x00, 0x0B, 0x0B, 0x00, 0x00, 0x00,
    0x30, 0x30, 0x40, 0x40, 0x30, 0x30, 0x20, 0x30, 0x30, 0x20, 0x1B, 0x2C, 0x3C, 0x3C, 0x4C, 0x4C,
    0x3C, 0x3C, 0x3C, 0x3C, 0x3C, 0x2C, 0x3C, 0x4C, 0x4C, 0x20, 0x40, 0x30, 0x40, 0x30, 0x20, 0x30,
    0x20, 0x20, 0x30, 0x30, 0x20, 0x20, 0x10, 0x20, 0x20, 0x1B, 0x9C, 0x1C, 0x2C, 0x2C, 0x3C, 0x3C,
    0x2C, 0x2C, 0x2C, 0x2C, 0x2C, 0x1C, 0x2C, 0x3C, 0x3C, 0x1B, 0x30, 0x20, 0x30, 0x20, 0x10, 0x20,
    0x00, 0x00, 0x00, 0x00, 0x00, 0x00, 0x90, 0x90, 0x9B, 0x9C, 0x9C, 0x9C, 0x9C, 0x9C, 0x9C, 0x9C,
    0x9B, 0x9C, 0x9C, 0x9C, 0x9C, 0x9C, 0x9C, 0x9C, 0x9C, 0x9C, 0x0B, 0x00, 0x00, 0x00, 0x00, 0x00,
    0x00, 0x00, 0x00, 0x00, 0x00, 0x00, 0x90, 0x90, 0x9B, 0x9B, 0x9C, 0x9C, 0x9C, 0x9C, 0x9C, 0x9B,
    0x9C, 0x9B, 0x9B, 0x9B, 0x9C, 0x9C, 0x9C, 0x9C, 0x9C, 0x9C, 0x0C, 0x0B, 0x00, 0x00, 0x00, 0x00,
    0xB0, 0xB0, 0xB0, 0xA0, 0xA0, 0xB0, 0xB0, 0xCB, 0xCC, 0xBC, 0xBC, 0xAC, 0xBC, 0xCC, 0xDB, 0xD0,
    0xCB, 0xDB, 0xDB, 0xC0, 0xB0, 0xD0, 0xCB, 0xDC, 0xDC, 0xCC, 0xBC, 0xBC, 0xCB, 0xCB, 0xB0, 0xB0,
    0xA0, 0xA0, 0xA0, 0x90, 0x90, 0xA0, 0xA0, 0xBB, 0xBC, 0xAB, 0xA0, 0x9B, 0xAB, 0xB0, 0xC0, 0xC0,
    0xBB, 0xCB, 0xC0, 0xB0, 0xA0, 0xC0, 0xBB, 0xCB, 0xCC, 0xBC, 0xAC, 0xAC, 0xBB, 0xB0, 0xA0, 0xA0,
    0x00, 0x00, 0x00, 0x00, 0x00, 0x20, 0x20, 0x30, 0x4B, 0xE0, 0xE0, 0xE0, 0xE0, 0xE0, 0xE0, 0xE0,
    0xE0, 0xE0, 0x30, 0xE0, 0xE0, 0x30, 0x40, 0x40, 0x3B, 0x2B, 0x0B, 0x0B, 0x0B, 0x0B, 0x00, 0x00,
    0x00, 0x00, 0x00, 0x00, 0x00, 0x00, 0x00, 0x00, 0x00, 0x00, 0x20, 0x40, 0x40, 0xE0, 0xE0, 0xE0,
    0xE0, 0xE0, 0x40, 0x30, 0x30, 0x20, 0x00, 0x00, 0x0B, 0x0B, 0x00, 0x00, 0x0B, 0x0B, 0x00, 0x00,
    0x10, 0x20, 0x40, 0x30, 0x30, 0x20, 0x30, 0x40, 0x30, 0x20, 0x1B, 0x2C, 0x3C, 0x3C, 0x4C, 0x4C,
    0x3C, 0x3C, 0x3C, 0x4C, 0x3C, 0x2C, 0x3C, 0x4B, 0x4B, 0x20, 0x30, 0x30, 0x40, 0x30, 0x20, 0x20,
    0x90, 0x10, 0x30, 0x20, 0x20, 0x10, 0x20, 0x30, 0x20, 0x1B, 0x9C, 0x1C, 0x2C, 0x2C, 0x3C, 0x3C,
    0x2C, 0x2C, 0x2C, 0x3C, 0x2C, 0x1C, 0x2C, 0x3C, 0x3B, 0x10, 0x20, 0x20, 0x30, 0x20, 0x10, 0x10,
    0x00, 0x00, 0x00, 0x00, 0x00, 0x00, 0x00, 0x90, 0x9B, 0xAC, 0xBC, 0xCC, 0xDC, 0xDC, 0xEC, 0xDB,
    0xDB, 0xDB, 0xDB, 0xDC, 0xCC, 0xBC, 0xAC, 0x9C, 0x9B, 0x0B, 0x00, 0x00, 0x00, 0x00, 0x00, 0x00,
    0x00, 0x00, 0x00, 0x00, 0x00, 0x00, 0x00, 0x90, 0x9B, 0xAC, 0xBC, 0xCC, 0xDC, 0xDC, 0xEB, 0xDB,
    0xDB, 0xDB, 0xDB, 0xDB, 0xCB, 0xBB, 0xAC, 0x9C, 0x9C, 0x0B, 0x0B, 0x00, 0x00, 0x00, 0x00, 0x00,
    0xB0, 0xB0, 0xB0, 0xC0, 0xA0, 0xA0, 0xAB, 0xBC, 0xCC, 0xBC, 0xAC, 0xAC, 0xCC, 0xDC, 0xDC, 0xDB,
    0xC0, 0xDB, 0xC0, 0xB0, 0xB0, 0xB0, 0xCB, 0xDB, 0xDC, 0xDC, 0xBC, 0xCB, 0xDB, 0xD0, 0xC0, 0xB0,
    0xA0, 0xA0, 0xA0, 0xA0, 0x90, 0xA0, 0xAB, 0xAC, 0xBC, 0xAC, 0x9B, 0x9C, 0xBB, 0xCB, 0xC0, 0xC0,
    0xB0, 0xCB, 0xB0, 0xA0, 0xA0, 0xA0, 0xBB, 0xCB, 0xCB, 0xCB, 0xAB, 0xBB, 0xBB, 0xB0, 0xB0, 0xA0,
    0x00, 0x00, 0x00, 0x00, 0x00, 0x00, 0x2B, 0x3B, 0x4B, 0x4B, 0x4B, 0x4B, 0x40, 0x4B, 0x40, 0xE0,
    0xE0, 0xE0, 0xE0, 0xE0, 0xE0, 0x20, 0x30, 0x3B, 0x2B, 0x2B, 0x0B, 0x0B, 0x0B, 0x00, 0x00, 0x00,
    0x00, 0x00, 0x00, 0x00, 0x00, 0x00, 0x00, 0x0B, 0x0B, 0x00, 0x20, 0x20, 0x20, 0x30, 0x40, 0xE0,
    0xE0, 0x40, 0x30, 0x20, 0x20, 0x00, 0x00, 0x00, 0x00, 0x0B, 0x0B, 0x00, 0x00, 0x00, 0x00, 0x00,
    0x20, 0x20, 0x20, 0x30, 0x20, 0x30, 0x40, 0x40, 0x30, 0x20, 0x20, 0x2B, 0x3C, 0x3C, 0x3C, 0x4C,
    0x2B, 0x3B, 0x4C, 0x4C, 0x3C, 0x2C, 0x3B, 0x40, 0x30, 0x10, 0x30, 0x20, 0x30, 0x20, 0x20, 0x20,
    0x10, 0x10, 0x10, 0x20, 0x10, 0x20, 0x30, 0x30, 0x20, 0x10, 0x1B, 0x1B, 0x2C, 0x2C, 0x2C, 0x3C,
    0x1B, 0x2B, 0x3C, 0x3C, 0x2C, 0x1C, 0x2B, 0x3B, 0x20, 0x90, 0x20, 0x10, 0x20, 0x10, 0x10, 0x10,
    0x00, 0x00, 0x00, 0x00, 0x00, 0x00, 0x00, 0x00, 0x90, 0x9B, 0x9B, 0x9C, 0x9C, 0x9C, 0x9B, 0x9B,
    0x90, 0x90, 0x9B, 0x9B, 0x9C, 0x9C, 0x9B, 0x9B, 0x00, 0x00, 0x00, 0x00, 0x00, 0x00, 0x00, 0x00,
    0x00, 0x00, 0x00, 0x00, 0x00, 0x00, 0x00, 0x00, 0x9B, 0x9C, 0x9C, 0x9C, 0x9C, 0x9C, 0x9C, 0x9B,
    0x9B, 0x90, 0x90, 0x90, 0x9B, 0x9B, 0x9B, 0x9B, 0x0B, 0x00, 0x00, 0x00, 0x00, 0x00, 0x00, 0x00,
    0xB0, 0xA0, 0xB0, 0xA0, 0xA0, 0xA0, 0xA0, 0xBB, 0xBC, 0xBC, 0xAC, 0xBC, 0xBC, 0xCC, 0xDB, 0xDB,
    0xC0, 0xC0, 0xB0, 0xB0, 0xA0, 0xB0, 0xC0, 0xD0, 0xCB, 0xDB, 0xDB, 0xBB, 0xB0, 0xD0, 0xC0, 0xB0,
    0xA0, 0xA0, 0xA0, 0xA0, 0xA0, 0xA0, 0xA0, 0xAB, 0xAC, 0xAC, 0x9C, 0xAB, 0xAB, 0xBB, 0xC0, 0xCB,
    0xB0, 0xB0, 0xA0, 0xA0, 0xA0, 0xA0, 0xB0, 0xC0, 0xBB, 0xBB, 0xCB, 0xAB, 0xA0, 0xB0, 0xA0, 0xA0,
    0x00, 0x00, 0x00, 0x00, 0x00, 0x00, 0x00, 0x2B, 0x2B, 0x3B, 0x3B, 0x3B, 0x3B, 0x30, 0x30, 0x4B,
    0x40, 0x40, 0x40, 0x40, 0x40, 0x20, 0x20, 0x20, 0x00, 0x00, 0x00, 0x00, 0x00, 0x00, 0x00, 0x00,
    0x00, 0x00, 0x00, 0x00, 0x00, 0x00, 0x00, 0x0B, 0x0B, 0x00, 0x0B, 0x0B, 0x00, 0x20, 0x20, 0x20,
    0x20, 0x20, 0x20, 0x00, 0x00, 0x00, 0x00, 0x00, 0x00, 0x00, 0x00, 0x00, 0x00, 0x00, 0x00, 0x00,
    0x30, 0x30, 0x20, 0x30, 0x20, 0x30, 0x40, 0x40, 0x30, 0x30, 0x20, 0x30, 0x3B, 0x3B, 0x3B, 0x3B,
    0x20, 0x30, 0x4B, 0x4B, 0x3B, 0x2B, 0x30, 0x40, 0x20, 0x10, 0x20, 0x20, 0x30, 0x20, 0x30, 0x30,
    0x20, 0x20, 0x10, 0x20, 0x10, 0x20, 0x30, 0x30, 0x20, 0x20, 0x10, 0x20, 0x2B, 0x2B, 0x2B, 0x2B,
    0x10, 0x20, 0x3B, 0x3B, 0x2B, 0x1B, 0x20, 0x30, 0x10, 0x90, 0x10, 0x10, 0x20, 0x10, 0x20, 0x20,
    0x00, 0x00, 0x00, 0x00, 0x00, 0x00, 0x00, 0x00, 0x00, 0x00, 0x90, 0x9B, 0xAB, 0xBB, 0xCB, 0xD0,
    0xC0, 0xC0, 0xB0, 0xAB, 0x9B, 0x9B, 0x00, 0x00, 0x00, 0x00, 0x00, 0x00, 0x00, 0x00, 0x00, 0x00,
    0x00, 0x00, 0x00, 0x00, 0x00, 0x00, 0x00, 0x00, 0x00, 0x0B, 0x9B, 0x9C, 0xAC, 0xBC, 0xCB, 0xDB,
    0xC0, 0xC0, 0xB0, 0xA0, 0x90, 0x90, 0x00, 0x00, 0x00, 0x00, 0x00, 0x00, 0x00, 0x00, 0x00, 0x00,
    0xA0, 0xA0, 0xA0, 0xA0, 0xA0, 0xB0, 0xA0, 0xA0, 0xBB, 0xBB, 0xBB, 0xAB, 0xBC, 0xCC, 0xCB, 0xD0,
    0xD0, 0xC0, 0xB0, 0xB0, 0xA0, 0xB0, 0xB0, 0xC0, 0xC0, 0xB0, 0xD0, 0xB0, 0xA0, 0xB0, 0xB0, 0xB0,
    0xA0, 0xA0, 0xA0, 0xB0, 0xB0, 0xA0, 0xA0, 0xA0, 0xAB, 0xAB, 0xAB, 0xA0, 0xA0, 0xB0, 0xB0, 0xC0,
    0xC0, 0xB0, 0xA0, 0xA0, 0xA0, 0xA0, 0xA0, 0xB0, 0xB0, 0xA0, 0xB0, 0xA0, 0xA0, 0xA0, 0xA0, 0xA0,
    0x00, 0x00, 0x00, 0x00, 0x00, 0x00, 0x00, 0x00, 0x0B, 0x20, 0x2B, 0x20, 0x20, 0x20, 0x20, 0x30,
    0x30, 0x30, 0x30, 0x30, 0x20, 0x00, 0x00, 0x00, 0x00, 0x00, 0x00, 0x00, 0x00, 0x00, 0x00, 0x00,
    0x00, 0x00, 0x00, 0x00, 0x00, 0x00, 0x00, 0x00, 0x00, 0x00, 0x0B, 0x00, 0x00, 0x00, 0x00, 0x00,
    0x00, 0x00, 0x00, 0x00, 0x00, 0x00, 0x00, 0x00, 0x00, 0x00, 0x00, 0x00, 0x00, 0x00, 0x00, 0x00,
    0x10, 0x20, 0x30, 0x20, 0x20, 0x30, 0x40, 0x30, 0x40, 0x30, 0x20, 0x30, 0x30, 0x20, 0x30, 0x30,
    0x20, 0x20, 0x40, 0x40, 0x20, 0x30, 0x40, 0x40, 0x20, 0x10, 0x10, 0x10, 0x20, 0x30, 0x30, 0x30,
    0x90, 0x10, 0x20, 0x10, 0x10, 0x20, 0x30, 0x20, 0x30, 0x20, 0x10, 0x20, 0x20, 0x10, 0x20, 0x20,
    0x10, 0x10, 0x30, 0x30, 0x10, 0x20, 0x30, 0x30, 0x10, 0x90, 0x90, 0x90, 0x10, 0x20, 0x20, 0x20,
    0x00, 0x00, 0x00, 0x00, 0x00, 0x00, 0x00, 0x00, 0x00, 0x00, 0x00, 0x90, 0x90, 0x90, 0x90, 0x90,
    0x90, 0x90, 0x90, 0x90, 0x90, 0x00, 0x00, 0x00, 0x00, 0x00, 0x00, 0x00, 0x00, 0x00, 0x00, 0x00,
    0x00, 0x00, 0x00, 0x00, 0x00, 0x00, 0x00, 0x00, 0x00, 0x00, 0x00, 0x9B, 0x9B, 0x9B, 0x9B, 0x90,
    0x90, 0x90, 0x90, 0x90, 0x90, 0x00, 0x00, 0x00, 0x00, 0x00, 0x00, 0x00, 0x00, 0x00, 0x00, 0x00,
    0xA0, 0xA0, 0xA0, 0xB0, 0xB0, 0xB0, 0xB0, 0xA0, 0xB0, 0xBB, 0xB0, 0xAB, 0xAB, 0xAB, 0xC0, 0xD0,
    0xC0, 0xB0, 0xB0, 0xA0, 0xA0, 0xB0, 0xB0, 0xC0, 0xB0, 0xA0, 0xB0, 0xA0, 0xA0, 0xA0, 0xB0, 0xA0,
    0xA0, 0xA0, 0xA0, 0xB0, 0xB0, 0xB0, 0xA0, 0xB0, 0xB0, 0xB0, 0xA0, 0xA0, 0xA0, 0xA0, 0xB0, 0xC0,
    0xB0, 0xA0, 0xA0, 0xA0, 0xA0, 0xA0, 0xA0, 0xB0, 0xA0, 0xA0, 0xA0, 0xA0, 0xA0, 0xA0, 0xA0, 0xA0,
    0x00, 0x00, 0x00, 0x00, 0x00, 0x00, 0x00, 0x00, 0x00, 0x00, 0x00, 0x00, 0x00, 0x00, 0x00, 0x20,
    0x20, 0x20, 0x20, 0x20, 0x00, 0x00, 0x00, 0x00, 0x00, 0x00, 0x00, 0x00, 0x00, 0x00, 0x00, 0x00,
    0x00, 0x00, 0x00, 0x00, 0x00, 0x00, 0x00, 0x00, 0x00, 0x00, 0x00, 0x00, 0x00, 0x00, 0x00, 0x00,
    0x00, 0x00, 0x00, 0x00, 0x00, 0x00, 0x00, 0x00, 0x00, 0x00, 0x00, 0x00, 0x00, 0x00, 0x00, 0x00,
    0x90, 0x90, 0x90, 0x90, 0x90, 0x90, 0x90, 0x90, 0x90, 0x90, 0x90, 0x90, 0xA0, 0xC0, 0xC0, 0xC0,
    0xC0, 0xC0, 0xC0, 0xB0, 0x90, 0x90, 0x90, 0x90, 0x90, 0x90, 0x90, 0x90, 0x90, 0x90, 0x90, 0x90,
    0x90, 0x90, 0x90, 0x90, 0x90, 0x90, 0x90, 0x90, 0x90, 0x90, 0x90, 0x90, 0x90, 0x90, 0x90, 0x90,
    0x90, 0x90, 0x90, 0x90, 0x90, 0x90, 0x90, 0x90, 0x90, 0x90, 0x90, 0x90, 0x90, 0x90, 0x90, 0x90,
    0x00, 0x00, 0x00, 0x00, 0x00, 0x00, 0x00, 0x00, 0x00, 0x00, 0x00, 0x00, 0x00, 0xA0, 0xA6, 0xA0,
    0xA6, 0xA6, 0xA0, 0x00, 0x00, 0x00, 0x06, 0x00, 0x00, 0x00, 0x00, 0x00, 0x00, 0x00, 0x00, 0x00,
    0xB0, 0xB0, 0xB0, 0xB0, 0xB0, 0xB0, 0xB0, 0xB0, 0xB6, 0xB0, 0xB0, 0xB0, 0xB0, 0xB0, 0xB0, 0xA6,
    0xA0, 0xB7, 0xB0, 0xB0, 0xB0, 0xB0, 0xB0, 0xB6, 0xB0, 0xB0, 0xB0, 0xB0, 0xB0, 0xB0, 0xB0, 0xB0,
    0x00, 0x00, 0x00, 0x00, 0x00, 0x00, 0x00, 0x00, 0x00, 0x00, 0x00, 0x00, 0x06, 0x00, 0x00, 0x26,
    0x20, 0x20, 0x20, 0x00, 0x00, 0x00, 0x00, 0x00, 0x00, 0x00, 0x00, 0x00, 0x00, 0x00, 0x00, 0x00,
    0x00, 0x00, 0x00, 0x00, 0x00, 0x70, 0x00, 0x00, 0x00, 0x00, 0x00, 0x00, 0x00, 0x00, 0x00, 0x00,
    0x00, 0x00, 0x20, 0x00, 0x00, 0x00, 0x00, 0x00, 0x00, 0x00, 0x00, 0x00, 0x00, 0x00, 0x00, 0x00,
    0x00, 0x00, 0x00, 0x00, 0x00, 0x00, 0x00, 0x00, 0x00, 0x00, 0x00, 0x00, 0x00, 0x00, 0x00, 0x00,
    0x00, 0x00, 0x00, 0x00, 0x00, 0x00, 0x00, 0x00, 0x00, 0x00, 0x00, 0x00, 0x00, 0x00, 0x00, 0x00,
    0x00, 0x00, 0x00, 0x00, 0x00, 0x00, 0x00, 0x00, 0x00, 0x00, 0x00, 0x00, 0x20, 0x20, 0x20, 0x20,
    0x20, 0x20, 0x20, 0x00, 0x00, 0x00, 0x00, 0x00, 0x00, 0x00, 0x00, 0x00, 0x00, 0x00, 0x00, 0x00,
    0x90, 0x90, 0x90, 0x90, 0x90, 0x90, 0x90, 0x90, 0x90, 0x90, 0x90, 0x90, 0xA0, 0xC0, 0xC0, 0xC0,
    0xC0, 0xC0, 0xC0, 0xB0, 0x90, 0x90, 0x90, 0x90, 0x90, 0x90, 0x90, 0x90, 0x90, 0x90, 0x90, 0x90,
    0x90, 0xE0, 0xD0, 0xD0, 0xD0, 0xD0, 0xC0, 0xE0, 0xD0, 0xD0, 0xD0, 0xD0, 0xD0, 0xD0, 0xD0, 0xD0,
    0xD0, 0xD0, 0xD0, 0xD0, 0xD0, 0xD0, 0xD0, 0xD0, 0xC0, 0xE0, 0xD0, 0xD0, 0xD0, 0xD0, 0xC0, 0x90,
    0x00, 0x00, 0x00, 0x00, 0x00, 0x00, 0x00, 0x00, 0x00, 0x06, 0xA0, 0xA0, 0xA6, 0xB6, 0xB7, 0xB6,
    0xB7, 0xB7, 0xB6, 0xA6, 0xA0, 0xA0, 0x07, 0x00, 0x00, 0x00, 0x00, 0x00, 0x00, 0x00, 0x00, 0x00,
    0xB0, 0xE0, 0xD0, 0xD0, 0xD0, 0xD0, 0xD0, 0xD0, 0xD0, 0xD0, 0xD7, 0xD0, 0xD6, 0xD0, 0xC6, 0xA7,
    0xA0, 0xD8, 0xD0, 0xD6, 0xD0, 0xD7, 0xD0, 0xD0, 0xD0, 0xD0, 0xD0, 0xD0, 0xD0, 0xD0, 0xC0, 0xB0,
    0x00, 0x00, 0x00, 0x00, 0x00, 0x00, 0x00, 0x00, 0x07, 0x00, 0x20, 0x20, 0x27, 0x20, 0x20, 0x37,
    0x30, 0x36, 0x30, 0x20, 0x00, 0x00, 0x00, 0x07, 0x20, 0x20, 0x20, 0x00, 0x00, 0x00, 0x00, 0x00,
    0x00, 0x00, 0x00, 0x00, 0x70, 0x00, 0x00, 0x00, 0x00, 0x00, 0x00, 0x00, 0x00, 0x30, 0x00, 0x06,
    0x00, 0x00, 0x00, 0x20, 0x00, 0x00, 0x00, 0x00, 0x00, 0x00, 0x00, 0x00, 0x00, 0x00, 0x00, 0x00,
    0x00, 0x00, 0x00, 0x00, 0x00, 0x00, 0x00, 0x00, 0x00, 0x00, 0x00, 0x00, 0x00, 0x00, 0x00, 0x00,
    0x00, 0x00, 0x00, 0x20, 0x00, 0x00, 0x00, 0x00, 0x00, 0x00, 0x00, 0x00, 0x00, 0x00, 0x00, 0x00,
    0x00, 0x00, 0x00, 0x00, 0x00, 0x00, 0x00, 0x00, 0x00, 0x00, 0x20, 0x20, 0x30, 0x30, 0x30, 0x30,
    0x30, 0x30, 0x30, 0x20, 0x20, 0x20, 0x00, 0x00, 0x00, 0x00, 0x00, 0x00, 0x00, 0x00, 0x00, 0x00,
    0x90, 0x90, 0xC0, 0xB0, 0x90, 0x90, 0x90, 0x90, 0xB0, 0xA0, 0x90, 0x90, 0xA0, 0xC0, 0xC0, 0xC0,
    0xC0, 0xC0, 0xC0, 0xB0, 0x90, 0x90, 0xC0, 0xB0, 0x90, 0x90, 0x90, 0x90, 0xB0, 0xA0, 0x90, 0x90,
    0x90, 0xD0, 0xC0, 0xC0, 0xC0, 0xC0, 0xB0, 0xD0, 0x90, 0x90, 0x90, 0x90, 0x90, 0x90, 0x90, 0x90,
    0x90, 0x90, 0x90, 0x90, 0x90, 0x90, 0x90, 0x90, 0xB0, 0xD0, 0xC0, 0xC0, 0xC0, 0xC0, 0xB0, 0x90,
    0x00, 0x00, 0x00, 0x00, 0x00, 0x00, 0x00, 0x00, 0x10, 0xA7, 0xB6, 0xB6, 0xC7, 0xC7, 0xC8, 0xC7,
    0xC8, 0xC8, 0xC7, 0xB7, 0xB6, 0xB6, 0xA8, 0x10, 0x00, 0x00, 0x00, 0x00, 0x00, 0x00, 0x00, 0x00,
    0xB0, 0xD0, 0xD0, 0xC0, 0xC0, 0xC0, 0xC0, 0xB0, 0xC0, 0xC0, 0xC8, 0xC0, 0xC7, 0xC0, 0xC7, 0xA8,
    0xA0, 0xDE, 0xC6, 0xC7, 0xC0, 0xC8, 0xC0, 0xC0, 0xD0, 0xC0, 0xC0, 0xC0, 0xC0, 0xC0, 0xB0, 0xB0,
    0x00, 0x00, 0x00, 0x07, 0x00, 0x00, 0x00, 0x00, 0x20, 0x20, 0x30, 0x30, 0x38, 0x20, 0x20, 0x28,
    0x26, 0x27, 0x30, 0x36, 0x20, 0x20, 0x20, 0x20, 0x30, 0x30, 0x30, 0x20, 0x07, 0x00, 0x00, 0x00,
    0x00, 0x00, 0x00, 0x00, 0x00, 0x70, 0x70, 0x00, 0x00, 0x00, 0x00, 0x00, 0x00, 0x00, 0x30, 0x07,
    0x00, 0x00, 0x00, 0x00, 0x00, 0x00, 0x00, 0x00, 0x00, 0x00, 0x00, 0x00, 0x00, 0x00, 0x00, 0x00,
    0x00, 0x00, 0x00, 0x00, 0x00, 0x00, 0x00, 0x00, 0x00, 0x00, 0x00, 0x00, 0x00, 0x00, 0x00, 0x00,
    0x00, 0x00, 0x00, 0x00, 0x30, 0x00, 0x00, 0x00, 0x00, 0x00, 0x00, 0x00, 0x00, 0x00, 0x00, 0x00,
    0x00, 0x00, 0x00, 0x00, 0x00, 0x00, 0x00, 0x20, 0x20, 0x20, 0x30, 0x30, 0x40, 0x20, 0x10, 0x10,
    0x10, 0x20, 0x40, 0x30, 0x30, 0x30, 0x20, 0x20, 0x00, 0x00, 0x00, 0x00, 0x00, 0x00, 0x00, 0x00,
    0x90, 0x90, 0xC0, 0xB0, 0xB0, 0xB0, 0xB0, 0xB0, 0xB0, 0xA0, 0x90, 0xA0, 0xB0, 0xC0, 0xC0, 0xC0,
    0xC0, 0xC0, 0xC0, 0xC0, 0xB0, 0x90, 0xC0, 0xB0, 0xB0, 0xB0, 0xB0, 0xB0, 0xB0, 0xA0, 0x90, 0x90,
    0x90, 0xD0, 0xC0, 0xC0, 0xC0, 0xC0, 0xB0, 0xD0, 0x90, 0x30, 0x30, 0x90, 0x30, 0x30, 0x90, 0x30,
    0x30, 0x90, 0x30, 0x30, 0x90, 0x30, 0x30, 0x90, 0xB0, 0xD0, 0xC0, 0xC0, 0xC0, 0xC0, 0xB0, 0x90,
    0x00, 0x00, 0x00, 0x06, 0x06, 0x07, 0x00, 0xA0, 0x20, 0xC8, 0xC7, 0xC7, 0xD8, 0xD8, 0xDE, 0xD8,
    0xDE, 0xDE, 0xC8, 0xC8, 0xC7, 0xC7, 0xBE, 0x20, 0xA0, 0x00, 0x07, 0x00, 0x00, 0x00, 0x00, 0x00,
    0xB0, 0xD0, 0xD0, 0xC0, 0xC0, 0xC0, 0xC0, 0xB0, 0xC0, 0xC0, 0xCE, 0xA6, 0xA8, 0xA8, 0xA8, 0x98,
    0x98, 0xB8, 0xA7, 0xA8, 0xC6, 0xC0, 0xC7, 0xC0, 0xD0, 0xC0, 0xC0, 0xC0, 0xC0, 0xC0, 0xB0, 0xB0,
    0x00, 0x00, 0x00, 0x08, 0x00, 0x07, 0x00, 0x00, 0x20, 0x30, 0x40, 0x20, 0x18, 0x10, 0x10, 0x1E,
    0x97, 0x18, 0x10, 0x27, 0x30, 0x30, 0x30, 0x30, 0x40, 0x40, 0x47, 0x30, 0x28, 0x00, 0x00, 0x00,
    0x00, 0x00, 0x00, 0x00, 0x00, 0x00, 0x00, 0x70, 0x00, 0x00, 0x00, 0x00, 0x00, 0x70, 0x00, 0x08,
    0x00, 0x00, 0x00, 0x00, 0x00, 0x00, 0x00, 0x00, 0x00, 0x00, 0x00, 0x00, 0x00, 0x00, 0x00, 0x00,
    0x00, 0x00, 0x00, 0x00, 0x00, 0x00, 0x20, 0x20, 0x00, 0x00, 0x00, 0x00, 0x00, 0x00, 0x00, 0x00,
    0x00, 0x00, 0x00, 0x30, 0x00, 0x00, 0x00, 0x00, 0x00, 0x00, 0x00, 0x00, 0x00, 0x00, 0x00, 0x00,
    0x00, 0x00, 0x00, 0x00, 0x00, 0x00, 0x20, 0x30, 0x30, 0x30, 0x40, 0x20, 0x10, 0x90, 0x90, 0x90,
    0x90, 0x90, 0x10, 0x20, 0x40, 0x40, 0x30, 0x30, 0x20, 0x20, 0x00, 0x00, 0x00, 0x00, 0x00, 0x00,
    0x90, 0x90, 0xE0, 0xD0, 0xD0, 0xD0, 0xD0, 0xD0, 0xD0, 0xC0, 0x90, 0xA0, 0xB0, 0xC0, 0xC0, 0xC0,
    0xC0, 0xC0, 0xC0, 0xC0, 0xB0, 0x90, 0xE0, 0xD0, 0xD0, 0xD0, 0xD0, 0xD0, 0xD0, 0xC0, 0x90, 0x90,
    0x90, 0xD0, 0xC0, 0xC0, 0xC0, 0xC0, 0xB0, 0xD0, 0x90, 0x30, 0x30, 0x90, 0x30, 0x30, 0x90, 0x30,
    0x30, 0x90, 0x30, 0x30, 0x90, 0x30, 0x30, 0x90, 0xB0, 0xD0, 0xC0, 0xC0, 0xC0, 0xC0, 0xB0, 0x90,
    0x00, 0x00, 0x00, 0x07, 0x07, 0x00, 0xA0, 0xC8, 0x36, 0xDE, 0xD8, 0xD8, 0xEE, 0xEE, 0xEE, 0xEE,
    0xEE, 0xDE, 0xDE, 0xDE, 0xD8, 0xC8, 0xCE, 0x26, 0xB8, 0xA6, 0x00, 0x00, 0x00, 0x00, 0x00, 0x00,
    0xB0, 0xD0, 0xD0, 0xC0, 0xC0, 0xC0, 0xC0, 0xB0, 0xC6, 0xC7, 0xC8, 0xA7, 0x9E, 0x9E, 0x9E, 0x9E,
    0x97, 0x98, 0x98, 0x9E, 0xD7, 0xC0, 0xC8, 0xC0, 0xD0, 0xC0, 0xC0, 0xC0, 0xC0, 0xC0, 0xB0, 0xB0,
    0x00, 0x00, 0x00, 0x00, 0x00, 0x00, 0x20, 0x20, 0x30, 0x47, 0x10, 0x10, 0x28, 0x20, 0x20, 0x28,
    0x18, 0x9E, 0x20, 0x28, 0x30, 0x40, 0x47, 0x40, 0xE0, 0xE0, 0x40, 0x30, 0x20, 0x00, 0x00, 0x00,
    0x00, 0x00, 0x00, 0x07, 0x00, 0x00, 0x00, 0x00, 0x00, 0x00, 0x00, 0x00, 0x70, 0x00, 0x06, 0x08,
    0x00, 0x00, 0x00, 0x00, 0x00, 0x00, 0x00, 0x00, 0x00, 0x00, 0x00, 0x00, 0x07, 0x00, 0x00, 0x00,
    0x00, 0x00, 0x00, 0x00, 0x00, 0x00, 0x00, 0x00, 0x30, 0x00, 0x00, 0x00, 0x00, 0x00, 0x00, 0x30,
    0x00, 0x00, 0x00, 0x00, 0x00, 0x00, 0x00, 0x00, 0x00, 0x00, 0x00, 0x00, 0x00, 0x00, 0x00, 0x00,
    0x00, 0x00, 0x00, 0x00, 0x00, 0x20, 0x30, 0x40, 0x40, 0x40, 0x10, 0x10, 0x10, 0x10, 0x10, 0x90,
    0x90, 0x90, 0x10, 0x10, 0x10, 0x10, 0x20, 0x40, 0x30, 0x30, 0x20, 0x00, 0x00, 0x00, 0x00, 0x00,
    0x90, 0x90, 0xE0, 0xE0, 0xE0, 0xE0, 0xE0, 0xE0, 0xE0, 0xC0, 0x90, 0xA0, 0xB0, 0xC0, 0xC0, 0xC0,
    0xC0, 0xC0, 0xC0, 0xC0, 0xB0, 0x90, 0xE0, 0xE0, 0xE0, 0xE0, 0xE0, 0xE0, 0xE0, 0xC0, 0x90, 0x90,
    0x90, 0xD0, 0xC0, 0xC0, 0xC0, 0xC0, 0xB0, 0xD0, 0x90, 0x30, 0x30, 0x97, 0x30, 0x30, 0x90, 0x30,
    0x30, 0x90, 0x30, 0x30, 0x97, 0x30, 0x30, 0x90, 0xB0, 0xD0, 0xC0, 0xC0, 0xC0, 0xC0, 0xB0, 0x90,
    0x00, 0x00, 0x00, 0x00, 0x08, 0xA0, 0xC0, 0xD6, 0x37, 0xEE, 0xE8, 0xEE, 0xEE, 0xEE, 0xEE, 0xE8,
    0xEE, 0xEE, 0xEE, 0xEE, 0xDE, 0xDE, 0x3E, 0xC7, 0xB6, 0xB7, 0xA0, 0x06, 0x06, 0x00, 0x00, 0x00,
    0xB0, 0xD0, 0xD0, 0xC0, 0xC7, 0xC0, 0xC0, 0xB6, 0xC7, 0xC8, 0xC8, 0xA8, 0x9E, 0x9E, 0xAE, 0xAE,
    0xA8, 0xA7, 0x9E, 0x9E, 0xD8, 0xC0, 0xCE, 0xC6, 0xD6, 0xC0, 0xC0, 0xC7, 0xC0, 0xC0, 0xB0, 0xB0,
    0x00, 0x00, 0x00, 0x00, 0x20, 0x20, 0x30, 0x30, 0x40, 0x28, 0x20, 0x46, 0x3E, 0x30, 0x38, 0x28,
    0x2E, 0x28, 0x30, 0x48, 0x46, 0xE0, 0xE8, 0xE0, 0xE0, 0xE0, 0x40, 0x30, 0x20, 0x00, 0x00, 0x00,
    0x00, 0x00, 0x00, 0x08, 0x00, 0x00, 0x00, 0x00, 0x00, 0x00, 0x00, 0x00, 0x70, 0x70, 0x07, 0x08,
    0x00, 0x00, 0x00, 0x00, 0x00, 0x00, 0x00, 0x00, 0x00, 0x00, 0x07, 0x00, 0x08, 0x00, 0x00, 0x00,
    0x00, 0x00, 0x00, 0x00, 0x00, 0x00, 0x00, 0x00, 0x00, 0x30, 0x00, 0x00, 0x00, 0x00, 0x30, 0x00,
    0x00, 0x00, 0x00, 0x00, 0x00, 0x00, 0x00, 0x00, 0x00, 0x00, 0x00, 0x00, 0x00, 0x00, 0x00, 0x00,
    0x00, 0x00, 0x00, 0x00, 0x00, 0x20, 0x30, 0x40, 0xE0, 0x10, 0x20, 0x40, 0x30, 0x20, 0x20, 0x10,
    0x10, 0x10, 0x20, 0x90, 0x10, 0x10, 0x10, 0x20, 0x30, 0x30, 0x20, 0x00, 0x00, 0x00, 0x00, 0x00,
    0x90, 0x90, 0xD0, 0xC0, 0xC0, 0xC0, 0xC0, 0xC0, 0xC0, 0xB0, 0x90, 0xA0, 0xB0, 0xB0, 0xB0, 0xB0,
    0xB0, 0xB0, 0xB0, 0xB0, 0xA0, 0x90, 0xD0, 0xC0, 0xC0, 0xC0, 0xC0, 0xC0, 0xC0, 0xB0, 0x90, 0x90,
    0x90, 0xC0, 0xB0, 0xB0, 0xB0, 0xB0, 0xB0, 0xD0, 0x90, 0x90, 0x90, 0x90, 0x90, 0x90, 0x96, 0x90,
    0x90, 0x96, 0x90, 0x90, 0x90, 0x90, 0x90, 0x90, 0xB0, 0xC0, 0xB0, 0xB0, 0xB0, 0xB0, 0xB0, 0x90,
    0x00, 0x00, 0x00, 0x00, 0xA0, 0xC0, 0xD6, 0x47, 0xE8, 0x4E, 0xEE, 0xE8, 0xEE, 0xE8, 0xE8, 0xE8,
    0xE8, 0xEE, 0xEE, 0xEE, 0xEE, 0xDE, 0x3E, 0xC8, 0xB7, 0xB8, 0xB0, 0xA7, 0x07, 0x00, 0x00, 0x00,
    0xB0, 0xD0, 0xD0, 0xC0, 0xC0, 0xC0, 0xC6, 0xB7, 0xC8, 0xAE, 0xAE, 0xAE, 0x98, 0xB8, 0xC8, 0xCE,
    0xCE, 0xC8, 0xA7, 0x98, 0xC7, 0xB8, 0xC8, 0xC7, 0xD7, 0xC6, 0xC0, 0xC0, 0xC0, 0xC0, 0xB0, 0xB0,
    0x00, 0x00, 0x20, 0x27, 0x30, 0x30, 0x40, 0x40, 0x20, 0x2E, 0x30, 0x27, 0x30, 0x36, 0x47, 0x37,
    0x38, 0x38, 0x36, 0x38, 0x37, 0x30, 0x3E, 0x40, 0x40, 0xE0, 0x40, 0x30, 0x27, 0x00, 0x00, 0x00,
    0x00, 0x00, 0x00, 0x00, 0x00, 0x07, 0x00, 0x00, 0x00, 0x00, 0x00, 0x00, 0x08, 0x00, 0x78, 0x08,
    0x07, 0x00, 0x00, 0x06, 0x30, 0x00, 0x00, 0x00, 0x00, 0x00, 0x00, 0x00, 0x00, 0x00, 0x00, 0x00,
    0x00, 0x70, 0x00, 0x07, 0x00, 0x00, 0x00, 0x00, 0x00, 0x30, 0x00, 0x00, 0x30, 0x30, 0x00, 0x06,
    0x00, 0x00, 0x00, 0x00, 0x00, 0x00, 0x00, 0x00, 0x00, 0x00, 0x00, 0x00, 0x00, 0x00, 0x00, 0x00,
    0x00, 0x00, 0x00, 0x00, 0x00, 0x20, 0x30, 0x40, 0x10, 0x90, 0x30, 0x10, 0x20, 0x30, 0x30, 0x20,
    0x20, 0x20, 0x10, 0x90, 0x20, 0x20, 0x10, 0x10, 0x20, 0x20, 0x20, 0x00, 0x00, 0x00, 0x00, 0x00,
    0x90, 0x90, 0xD0, 0xC0, 0xC0, 0xC0, 0xC0, 0xC0, 0xC0, 0xB0, 0x90, 0xA0, 0xB0, 0xB0, 0xB0, 0xB0,
    0xB0, 0xB0, 0xB0, 0xB0, 0xA0, 0x90, 0xD0, 0xC0, 0xC0, 0xC0, 0xC0, 0xC0, 0xC0, 0xB0, 0x90, 0x90,
    0x90, 0xE0, 0xD0, 0xD0, 0xD0, 0xD0, 0xC0, 0xC0, 0xB0, 0xB0, 0xB0, 0xB0, 0xB0, 0xB0, 0xB0, 0xB0,
    0xB0, 0xB0, 0xB0, 0xB0, 0xB0, 0xB0, 0xB0, 0xB0, 0xB0, 0xE0, 0xD0, 0xD0, 0xD0, 0xD0, 0xC0, 0x90,
    0x00, 0x00, 0x00, 0xA0, 0xC0, 0xD6, 0xE7, 0x48, 0xEE, 0xE8, 0x4E, 0xE8, 0xE8, 0xE8, 0xEE, 0xEE,
    0xE8, 0xE8, 0xEE, 0xEE, 0xEE, 0x4E, 0xDE, 0xCE, 0xC8, 0xBE, 0xB6, 0xB8, 0xA0, 0x00, 0x00, 0x00,
    0xB0, 0xD0, 0xD6, 0xC6, 0xC0, 0xC0, 0xC7, 0xB8, 0xCE, 0xAE, 0x9E, 0x9E, 0x98, 0xE7, 0xD8, 0xDE,
    0xDE, 0xDE, 0xB8, 0x98, 0x97, 0x98, 0xD7, 0xC7, 0xD8, 0xC7, 0xC0, 0xC0, 0xC6, 0xC6, 0xB0, 0xB0,
    0x00, 0x20, 0x30, 0x30, 0x47, 0x40, 0xE0, 0x20, 0x20, 0x28, 0x30, 0x48, 0x48, 0x47, 0x48, 0x48,
    0x38, 0x28, 0x27, 0x2E, 0x18, 0x20, 0x28, 0x30, 0x30, 0xE0, 0x40, 0x37, 0x20, 0x00, 0x00, 0x00,
    0x00, 0x00, 0x00, 0x00, 0x00, 0x00, 0x00, 0x00, 0x00, 0x00, 0x00, 0x00, 0x08, 0x00, 0x7E, 0x08,
    0x07, 0x00, 0x00, 0x37, 0x00, 0x00, 0x00, 0x00, 0x00, 0x60, 0x00, 0x00, 0x00, 0x00, 0x00, 0x00,
    0x00, 0x00, 0x00, 0x07, 0x00, 0x00, 0x00, 0x00, 0x00, 0x00, 0x30, 0x30, 0x00, 0x00, 0x40, 0x06,
    0x00, 0x00, 0x00, 0x00, 0x00, 0x00, 0x00, 0x00, 0x00, 0x00, 0x07, 0x00, 0x07, 0x00, 0x00, 0x00,
    0x00, 0x00, 0x00, 0x00, 0x20, 0x30, 0x40, 0x10, 0x90, 0x10, 0x20, 0x40, 0x40, 0x30, 0x40, 0x40,
    0x30, 0x30, 0x10, 0x90, 0x90, 0x20, 0x20, 0x10, 0x10, 0x20, 0x20, 0x20, 0x00, 0x00, 0x00, 0x00,
    0x90, 0x90, 0xD0, 0xC0, 0xC0, 0xC0, 0xC0, 0xC0, 0xC0, 0xB0, 0x90, 0x90, 0xA0, 0xA0, 0xA0, 0xA0,
    0xA0, 0xA0, 0xA0, 0xA0, 0xA0, 0x90, 0xD0, 0xC0, 0xC0, 0xC0, 0xC0, 0xC0, 0xC0, 0xB0, 0x90, 0x90,
    0x90, 0xD0, 0xC0, 0xC0, 0xC0, 0xC0, 0xB0, 0xC0, 0xC0, 0xC0, 0xC0, 0xC6, 0xC0, 0xC0, 0xC0, 0xC0,
    0xC0, 0xC0, 0xC0, 0xC0, 0xC6, 0xC0, 0xC0, 0xC0, 0xC0, 0xD0, 0xC0, 0xC0, 0xC0, 0xC0, 0xB0, 0x90,
    0x00, 0x00, 0xA0, 0xB0, 0xC0, 0xDE, 0xE7, 0xE8, 0xEE, 0xE8, 0x4E, 0xEE, 0x88, 0x7E, 0x5E, 0x5E,
    0x5E, 0x58, 0x7E, 0x8E, 0xEE, 0xE8, 0xEE, 0xEE, 0xC8, 0xBE, 0xBE, 0xB0, 0xB0, 0xA0, 0x00, 0x00,
    0xB0, 0xD0, 0xC7, 0xB7, 0xB0, 0xB6, 0xB8, 0xB8, 0xCE, 0xAE, 0x9E, 0xE8, 0xD8, 0xD7, 0xD8, 0xDE,
    0xDE, 0xDE, 0xDE, 0xD8, 0xC8, 0x97, 0xD7, 0xC8, 0xC8, 0xB8, 0xB6, 0xB0, 0xB7, 0xB7, 0xB0, 0xB0,
    0x00, 0x27, 0x30, 0x47, 0xE8, 0xE0, 0x40, 0x30, 0x20, 0x37, 0x30, 0x48, 0xE8, 0xE8, 0x4E, 0x48,
    0x28, 0x47, 0xE8, 0x30, 0x28, 0x10, 0x17, 0x20, 0x20, 0x30, 0xE0, 0x48, 0x37, 0x20, 0x07, 0x00,
    0x00, 0x00, 0x00, 0x00, 0x00, 0x00, 0x00, 0x08, 0x00, 0x00, 0x00, 0x00, 0x00, 0x00, 0x0E, 0x78,
    0x07, 0x00, 0x00, 0x38, 0x00, 0x00, 0x00, 0x60, 0x00, 0x00, 0x07, 0x00, 0x00, 0x00, 0x00, 0x00,
    0x00, 0x00, 0x00, 0x00, 0x00, 0x07, 0x00, 0x00, 0x07, 0x00, 0x00, 0x00, 0x00, 0x00, 0x00, 0x47,
    0x00, 0x00, 0x00, 0x00, 0x00, 0x00, 0x00, 0x00, 0x00, 0x70, 0x00, 0x00, 0x00, 0x00, 0x00, 0x00,
    0x00, 0x00, 0x00, 0x20, 0x30, 0x40, 0x10, 0x90, 0x10, 0x20, 0x30, 0x40, 0x40, 0x40, 0x40, 0x40,
    0x20, 0x40, 0x40, 0x10, 0x10, 0x90, 0x10, 0x10, 0x10, 0x20, 0x30, 0x30, 0x20, 0x20, 0x00, 0x00,
    0x90, 0x90, 0xD0, 0xD0, 0xC0, 0xC0, 0xC0, 0xC0, 0xB0, 0xA0, 0x90, 0x90, 0xA0, 0xA0, 0xA0, 0xA0,
    0xA0, 0xA0, 0xA0, 0xA0, 0xA0, 0x90, 0xD0, 0xD0, 0xC0, 0xC0, 0xC0, 0xC0, 0xB0, 0xA0, 0x90, 0x90,
    0x90, 0xD0, 0xC0, 0xC0, 0xC0, 0xC0, 0xB0, 0xC0, 0xC0, 0xB0, 0xB0, 0xB7, 0xB0, 0xB0, 0xB6, 0xB6,
    0xB6, 0xB6, 0xB0, 0xB0, 0xB7, 0xB0, 0xC0, 0xC0, 0xC0, 0xD0, 0xC0, 0xC0, 0xC0, 0xC0, 0xB0, 0x90,
    0x00, 0x00, 0xA0, 0xC0, 0xD6, 0xE7, 0xE8, 0xE8, 0xEE, 0xEE, 0x8E, 0x7E, 0x58, 0x5E, 0x9E, 0x9E,
    0x9E, 0x98, 0x58, 0x5E, 0x78, 0x8E, 0xEE, 0xEE, 0xC8, 0xBE, 0xB7, 0xB6, 0xB0, 0xA0, 0x00, 0x00,
    0xB0, 0xD0, 0xD0, 0xC8, 0xC6, 0xC7, 0xC8, 0xC8, 0xCE, 0xA8, 0x98, 0xD8, 0x48, 0x48, 0x48, 0x4E,
    0x4E, 0x4E, 0x4E, 0x3E, 0xB8, 0x98, 0xD8, 0xCE, 0xC8, 0xC8, 0xC7, 0xC6, 0xC8, 0xC0, 0xB0, 0xB0,
    0x20, 0x38, 0x40, 0xE0, 0xE0, 0xE7, 0x40, 0x40, 0x30, 0x30, 0x48, 0xE7, 0xEE, 0xE8, 0x3E, 0x38,
    0x37, 0x48, 0x48, 0xE8, 0x37, 0x18, 0x10, 0x10, 0x10, 0x20, 0x37, 0x40, 0x30, 0x20, 0x08, 0x00,
    0x00, 0x00, 0x08, 0x00, 0x40, 0x00, 0x00, 0x00, 0x00, 0x00, 0x00, 0x60, 0x06, 0x70, 0x7E, 0x08,
    0x77, 0x70, 0x36, 0x08, 0x00, 0x00, 0x00, 0x70, 0x00, 0x00, 0x00, 0x00, 0x00, 0x00, 0x00, 0x00,
    0x00, 0x00, 0x00, 0x00, 0x00, 0x00, 0x00, 0x00, 0x00, 0x00, 0x00, 0x60, 0x60, 0x00, 0x00, 0x08,
    0x40, 0x00, 0x00, 0x00, 0x00, 0x00, 0x00, 0x00, 0x00, 0x00, 0x00, 0x00, 0x00, 0x00, 0x00, 0x00,
    0x00, 0x00, 0x00, 0x20, 0x30, 0x20, 0x90, 0x90, 0x20, 0x30, 0x40, 0xE0, 0xE0, 0xE0, 0x30, 0x30,
    0x30, 0x40, 0xE0, 0x30, 0x10, 0x90, 0x90, 0x90, 0x10, 0x20, 0x30, 0xE0, 0x30, 0x30, 0x20, 0x00,
    0x90, 0x90, 0xB0, 0xE0, 0xA0, 0xB0, 0xB0, 0xC0, 0xB0, 0x90, 0x90, 0x90, 0x90, 0x90, 0x90, 0x90,
    0x90, 0x90, 0x90, 0x90, 0x90, 0x90, 0xB0, 0xE0, 0xA0, 0xB0, 0xB0, 0xC0, 0xB0, 0x90, 0x90, 0x90,
    0x90, 0xD0, 0xC0, 0xC0, 0xC0, 0xC0, 0xB0, 0xC0, 0xC0, 0xB0, 0xC0, 0xC8, 0xC6, 0xC6, 0xC7, 0xC7,
    0xC7, 0xC7, 0xC6, 0xC6, 0xC8, 0xC0, 0xD0, 0xC0, 0xC0, 0xD0, 0xC0, 0xC0, 0xC0, 0xC0, 0xB0, 0x90,
    0x00, 0xA0, 0xB0, 0xC0, 0xD6, 0xE7, 0xE8, 0xE8, 0xEE, 0x8E, 0x7E, 0x58, 0x98, 0x98, 0x5E, 0x5E,
    0x5E, 0x5E, 0x98, 0x98, 0x58, 0x7E, 0x8E, 0xEE, 0xC8, 0xBE, 0xB7, 0xB6, 0xB0, 0xB0, 0xA0, 0x00,
    0xB0, 0xB0, 0xD0, 0xC0, 0xC6, 0xC7, 0xC8, 0xC8, 0xC8, 0xA8, 0x97, 0xD7, 0x48, 0x18, 0x2E, 0x2E,
    0x2E, 0x2E, 0x3E, 0x2E, 0xB7, 0x98, 0xDE, 0xCE, 0xC8, 0xC8, 0xC7, 0xC6, 0xC0, 0xC0, 0xB0, 0xA0,
    0x20, 0x37, 0x47, 0xE7, 0xE0, 0xE8, 0xE7, 0x40, 0x37, 0x40, 0x4E, 0xE7, 0xEE, 0x4E, 0x2E, 0x28,
    0x28, 0xE7, 0xE8, 0x38, 0x37, 0x1E, 0x10, 0x17, 0x10, 0x17, 0x27, 0x30, 0x47, 0x37, 0x27, 0x00,
    0x00, 0x00, 0x08, 0x00, 0x00, 0x00, 0x00, 0x00, 0x00, 0x00, 0x00, 0x00, 0x07, 0x70, 0x8E, 0x78,
    0x07, 0x00, 0x77, 0x48, 0x00, 0x60, 0x70, 0xE0, 0x70, 0x60, 0x00, 0x00, 0x00, 0x07, 0x00, 0x00,
    0x00, 0x00, 0x00, 0x00, 0x00, 0xE0, 0x00, 0x07, 0x00, 0x00, 0x00, 0x60, 0x67, 0x00, 0x06, 0x08,
    0x00, 0x40, 0x00, 0x00, 0x00, 0x00, 0x00, 0x00, 0x00, 0x00, 0x07, 0x00, 0x00, 0x00, 0x00, 0x00,
    0x00, 0x00, 0x20, 0x37, 0x40, 0x10, 0x90, 0x10, 0x10, 0x30, 0x40, 0xE0, 0xE0, 0xE0, 0x10, 0x10,
    0x10, 0xE0, 0xE0, 0x30, 0x20, 0x10, 0x10, 0x90, 0x10, 0x20, 0x40, 0x40, 0x40, 0x30, 0x20, 0x00,
    0x90, 0x90, 0xB0, 0xE0, 0xB0, 0xC0, 0xC0, 0xD0, 0xB0, 0x90, 0x90, 0x90, 0x90, 0x90, 0x90, 0x90,
    0x90, 0x90, 0x90, 0x90, 0x90, 0x90, 0xB0, 0xE0, 0xB0, 0xC0, 0xC0, 0xD0, 0xB0, 0x90, 0x90, 0x90,
    0x90, 0xD0, 0xC0, 0xC0, 0xC0, 0xC0, 0xB0, 0xC7, 0xC0, 0xB0, 0xC0, 0xCE, 0xC7, 0xC7, 0xC8, 0xC8,
    0xC8, 0xC8, 0xC7, 0xC7, 0xCE, 0xC0, 0xD0, 0xC0, 0xC7, 0xD0, 0xC0, 0xC0, 0xC0, 0xC0, 0xB0, 0x90,
    0x00, 0xA0, 0xB0, 0xC6, 0xE6, 0xE7, 0xE8, 0xE8, 0xE8, 0x7E, 0x5E, 0x98, 0x5E, 0x58, 0x6E, 0x5E,
    0x5E, 0x6E, 0x6E, 0x6E, 0x9E, 0x5E, 0x7E, 0xE8, 0xC7, 0xC8, 0xB7, 0x26, 0xB6, 0xB0, 0xA0, 0x00,
    0xB0, 0xB0, 0xD0, 0xC6, 0xC7, 0xC8, 0xC7, 0xC8, 0xC8, 0xA7, 0x98, 0xD7, 0x48, 0x2E, 0x9E, 0x9E,
    0x9E, 0x9E, 0x48, 0x27, 0xB8, 0x97, 0xD8, 0xCE, 0xC8, 0xC7, 0xC8, 0xC7, 0xC6, 0xC0, 0xB0, 0xA0,
    0x20, 0x37, 0x48, 0xE8, 0x47, 0x48, 0x3E, 0x30, 0x48, 0x40, 0xE7, 0xE8, 0x4E, 0x2E, 0x2E, 0x38,
    0x38, 0x28, 0x3E, 0x3E, 0x28, 0x18, 0x20, 0x27, 0x10, 0x17, 0x17, 0x27, 0x37, 0x37, 0x27, 0x00,
    0x00, 0x00, 0x08, 0x00, 0x00, 0x00, 0x00, 0x00, 0x00, 0x00, 0x00, 0x00, 0x78, 0x80, 0x8E, 0x78,
    0x07, 0x07, 0x08, 0x47, 0x06, 0x00, 0x00, 0x70, 0x00, 0x00, 0x00, 0x00, 0x07, 0x08, 0x07, 0x00,
    0x00, 0x00, 0x07, 0x00, 0x00, 0x00, 0x00, 0x00, 0x00, 0x00, 0x00, 0x00, 0x06, 0x00, 0x06, 0x08,
    0x40, 0x00, 0x00, 0x00, 0x00, 0x00, 0x00, 0x00, 0x00, 0x00, 0x00, 0x00, 0x00, 0x00, 0x00, 0x00,
    0x00, 0x00, 0x20, 0x30, 0x40, 0x17, 0x10, 0x20, 0x37, 0x20, 0xE0, 0xE0, 0xE0, 0x10, 0x10, 0x20,
    0x20, 0x10, 0x30, 0x30, 0x20, 0x90, 0x10, 0x20, 0x90, 0x10, 0x20, 0x30, 0x40, 0x40, 0x30, 0x20,
    0x90, 0x90, 0xB0, 0xE0, 0xB0, 0xC0, 0xC0, 0xD0, 0xB0, 0x90, 0x90, 0x90, 0x90, 0x90, 0x90, 0xA0,
    0xA0, 0x90, 0x90, 0xA0, 0xA0, 0x90, 0xB0, 0xE0, 0xB0, 0xC0, 0xC0, 0xD0, 0xB0, 0x90, 0x90, 0x90,
    0x90, 0xD0, 0xC0, 0xC0, 0xC0, 0xC0, 0xB0, 0xC0, 0xC0, 0xC8, 0xD6, 0xDE, 0xD8, 0xD8, 0xDE, 0xDE,
    0xDE, 0xDE, 0xD8, 0xD8, 0xDE, 0xD6, 0xE8, 0xC0, 0xC0, 0xD0, 0xC0, 0xC0, 0xC0, 0xC0, 0xB0, 0x90,
    0x00, 0xA0, 0xC0, 0xD6, 0xE7, 0xE8, 0xE8, 0xE8, 0x8E, 0x58, 0x5E, 0x58, 0x6E, 0x6E, 0x68, 0x58,
    0x5E, 0x6E, 0x8E, 0xEE, 0x6E, 0x58, 0x58, 0x8E, 0xD8, 0xC8, 0xB8, 0xB7, 0x26, 0xB0, 0xA0, 0x00,
    0xB0, 0xB0, 0xD0, 0xC6, 0xC7, 0xC8, 0xC7, 0xC8, 0xC7, 0xA8, 0x98, 0xD8, 0x47, 0x28, 0x9E, 0xEE,
    0xAE, 0x98, 0x47, 0x28, 0xB8, 0x98, 0xD8, 0xCE, 0xC8, 0xC7, 0xC8, 0xC7, 0xC6, 0xC0, 0xB0, 0xA0,
    0x07, 0x28, 0x3E, 0x47, 0x28, 0x28, 0x28, 0x37, 0x38, 0xE7, 0xE8, 0xEE, 0x4E, 0x2E, 0x3E, 0x38,
    0x48, 0x3E, 0x2E, 0x4E, 0x28, 0x18, 0x27, 0x37, 0x17, 0x17, 0x17, 0x17, 0x28, 0x27, 0x37, 0x27,
    0x00, 0x00, 0x00, 0x08, 0x08, 0x00, 0x08, 0x00, 0x00, 0x00, 0x00, 0x08, 0x08, 0x77, 0xEE, 0x88,
    0x77, 0x37, 0x48, 0x07, 0x07, 0x00, 0x00, 0x70, 0x00, 0x00, 0x00, 0x00, 0x00, 0x07, 0x00, 0x00,
    0x00, 0x00, 0x07, 0x00, 0x00, 0x00, 0x00, 0x00, 0x00, 0x07, 0x00, 0x00, 0x00, 0x00, 0x07, 0x68,
    0x76, 0x80, 0x60, 0x00, 0x00, 0x70, 0x70, 0x00, 0x00, 0x00, 0x00, 0x00, 0x00, 0x07, 0x00, 0x00,
    0x00, 0x20, 0x30, 0x40, 0x10, 0x90, 0x10, 0x30, 0x20, 0xE0, 0xE0, 0xE0, 0xE7, 0x10, 0x20, 0x30,
    0x40, 0x30, 0x20, 0x40, 0x20, 0x10, 0x20, 0x30, 0x90, 0x90, 0x10, 0x20, 0x30, 0x40, 0x30, 0x20,
    0x90, 0x90, 0xB0, 0xE0, 0xB0, 0xC0, 0xC0, 0xD0, 0xB0, 0x90, 0x90, 0xA0, 0xA0, 0x90, 0x90, 0xA0,
    0xA0, 0x90, 0x90, 0xB0, 0xA0, 0x90, 0xB0, 0xE0, 0xB0, 0xC0, 0xC0, 0xD0, 0xB0, 0x90, 0x90, 0x90,
    0x90, 0xD0, 0xC0, 0xC0, 0xC0, 0xC0, 0xB0, 0xC0, 0xC0, 0xC6, 0xC7, 0xCE, 0xCE, 0xCE, 0xCE, 0xCE,
    0xCE, 0xCE, 0xCE, 0xCE, 0xCE, 0xC7, 0xC6, 0xC0, 0xC0, 0xD0, 0xC0, 0xC0, 0xC0, 0xC0, 0xB0, 0x90,
    0xA0, 0xB0, 0xC0, 0xD6, 0xE7, 0xE8, 0xE8, 0xE8, 0x7E, 0x5E, 0x5E, 0x6E, 0x6E, 0x7E, 0x5E, 0x98,
    0x9E, 0x5E, 0x8E, 0x8E, 0x68, 0x68, 0x5E, 0x7E, 0xD8, 0xC8, 0xB8, 0xB7, 0x26, 0xB0, 0xB0, 0xA0,
    0xB0, 0xB0, 0xC6, 0xB6, 0xB7, 0xB8, 0xB8, 0xB7, 0xB8, 0xA8, 0x9E, 0xD8, 0x48, 0x2E, 0x9E, 0xBE,
    0x98, 0x98, 0x47, 0x28, 0xBE, 0x98, 0xD7, 0xB8, 0xB7, 0xB8, 0xB8, 0xB7, 0xB6, 0xB6, 0xA0, 0xA0,
    0x07, 0x28, 0x37, 0x27, 0x18, 0x17, 0x17, 0x27, 0x38, 0x47, 0x48, 0xEE, 0x4E, 0x2E, 0x3E, 0x48,
    0xEE, 0x3E, 0x1E, 0x2E, 0x28, 0x28, 0x17, 0x17, 0x17, 0x17, 0x18, 0x28, 0x18, 0x27, 0x37, 0x27,
    0x00, 0x00, 0x00, 0x08, 0x08, 0x08, 0x08, 0x00, 0x00, 0x00, 0x00, 0x08, 0x08, 0x07, 0x8E, 0xE8,
    0x87, 0x38, 0x68, 0x67, 0x07, 0x00, 0x70, 0x80, 0x70, 0x07, 0x00, 0x00, 0x00, 0x00, 0x00, 0x00,
    0x00, 0x00, 0x00, 0x00, 0x00, 0x00, 0x00, 0x00, 0x00, 0x00, 0x00, 0x00, 0x06, 0x00, 0x68, 0x78,
    0x77, 0x80, 0x70, 0x67, 0x70, 0x80, 0x80, 0x70, 0x00, 0x00, 0x00, 0x00, 0x07, 0x07, 0x07, 0x00,
    0x00, 0x20, 0x30, 0x20, 0x90, 0x90, 0x10, 0x17, 0x30, 0x40, 0x40, 0xE0, 0xE7, 0x10, 0x20, 0x40,
    0x40, 0x30, 0x10, 0x20, 0x20, 0x20, 0x10, 0x90, 0x90, 0x90, 0x10, 0x20, 0x30, 0x30, 0x20, 0x20,
    0x90, 0x90, 0xB0, 0xE0, 0xC0, 0xD0, 0xD0, 0xE0, 0xB0, 0x90, 0x90, 0x90, 0x90, 0x90, 0x90, 0xB0,
    0xB0, 0x90, 0x90, 0xA0, 0xA0, 0x90, 0xB0, 0xE0, 0xC0, 0xD0, 0xD0, 0xE0, 0xB0, 0x90, 0x90, 0x90,
    0x90, 0xD0, 0xC0, 0xC0, 0xC0, 0xC0, 0xB0, 0xC0, 0xC6, 0xB7, 0xB8, 0xBE, 0xBE, 0xBE, 0xBE, 0xBE,
    0xBE, 0xBE, 0xBE, 0xBE, 0xBE, 0xB8, 0xC7, 0xC6, 0xC0, 0xD0, 0xC0, 0xC0, 0xC0, 0xC0, 0xB0, 0x90,
    0xA0, 0xB0, 0xC0, 0xD6, 0xE7, 0xE8, 0xE8, 0xEE, 0x5E, 0x5E, 0x68, 0x88, 0x7E, 0x68, 0x98, 0x58,
    0x9E, 0x98, 0x6E, 0x78, 0x7E, 0x6E, 0x6E, 0x5E, 0xDE, 0xC8, 0xB8, 0xB7, 0xB6, 0x20, 0xB0, 0xA0,
    0xB0, 0xB0, 0xC6, 0xB7, 0xB8, 0xB8, 0xB8, 0xB8, 0xBE, 0xAE, 0x9E, 0xD8, 0x47, 0x28, 0x98, 0x9E,
    0x98, 0x97, 0x48, 0x2E, 0xBE, 0x9E, 0xD8, 0xB8, 0xB8, 0xB8, 0xB8, 0xB8, 0xB7, 0xB6, 0xA0, 0xA0,
    0x07, 0x27, 0x37, 0x27, 0x17, 0x17, 0x27, 0x38, 0x47, 0x47, 0x3E, 0xEE, 0x4E, 0x4E, 0x2E, 0x38,
    0x3E, 0x1E, 0x17, 0x27, 0x37, 0x28, 0x18, 0x17, 0x17, 0x17, 0x28, 0x28, 0x18, 0x27, 0x37, 0x27,
    0x08, 0x08, 0x08, 0x08, 0x00, 0x08, 0x08, 0x07, 0x00, 0x07, 0x00, 0x08, 0x08, 0x07, 0x8E, 0xE8,
    0xE8, 0x7E, 0x78, 0x67, 0x67, 0x00, 0x00, 0x70, 0x00, 0x00, 0x00, 0x00, 0x00, 0x00, 0x07, 0x00,
    0x00, 0x00, 0x00, 0x07, 0x07, 0x00, 0x07, 0x00, 0x00, 0x00, 0x00, 0x00, 0x06, 0x70, 0x8E, 0x88,
    0x88, 0xE0, 0x80, 0x80, 0x40, 0x70, 0x77, 0x00, 0x00, 0x07, 0x00, 0x00, 0x00, 0x00, 0x00, 0x00,
    0x20, 0x30, 0x40, 0x10, 0x90, 0x10, 0x10, 0x30, 0x40, 0x40, 0x30, 0xE0, 0xE0, 0x40, 0x20, 0x30,
    0x30, 0x10, 0x10, 0x20, 0x30, 0x20, 0x10, 0x90, 0x90, 0x90, 0x20, 0x20, 0x20, 0x20, 0x20, 0x00,
    0x90, 0x90, 0xB0, 0xE0, 0xC0, 0xC0, 0xC0, 0xC0, 0xB0, 0x90, 0x90, 0xA0, 0xA0, 0x90, 0x96, 0xA6,
    0xA6, 0x96, 0x90, 0xB0, 0xA0, 0x90, 0xB0, 0xE0, 0xC0, 0xC0, 0xC0, 0xC0, 0xB0, 0x90, 0x90, 0x90,
    0x90, 0xD0, 0xC0, 0xC0, 0xC0, 0xC0, 0xB0, 0xC6, 0xC7, 0xB8, 0xCE, 0xCE, 0xCE, 0xCE, 0xCE, 0xCE,
    0xCE, 0xCE, 0xCE, 0xCE, 0xCE, 0xCE, 0xD8, 0xC7, 0xC6, 0xD0, 0xC0, 0xC0, 0xC0, 0xC0, 0xB0, 0x90,
    0x10, 0xB0, 0xC0, 0xD6, 0xE7, 0xE8, 0xE8, 0xE8, 0x5E, 0x58, 0x8E, 0xEE, 0x8E, 0x5E, 0x9E, 0x88,
    0x9E, 0x98, 0x58, 0x68, 0x7E, 0x7E, 0x68, 0x5E, 0xD8, 0xC8, 0xB8, 0xB7, 0xB6, 0x20, 0xB0, 0xA0,
    0xB0, 0xB0, 0xD6, 0xC7, 0xC8, 0xC8, 0xC8, 0xCE, 0xCE, 0xAE, 0x9E, 0xDE, 0x48, 0x37, 0x48, 0x48,
    0x47, 0x48, 0xE8, 0x2E, 0xBE, 0x9E, 0xDE, 0xCE, 0xCE, 0xC8, 0xC8, 0xC8, 0xC7, 0xC6, 0xB0, 0xA0,
    0x00, 0x27, 0x28, 0x17, 0x17, 0x27, 0x27, 0x38, 0x47, 0x37, 0x37, 0x47, 0xE8, 0x4E, 0x48, 0x28,
    0x18, 0x17, 0x17, 0x28, 0x37, 0x27, 0x18, 0x17, 0x17, 0x17, 0x28, 0x18, 0x17, 0x27, 0x37, 0x20,
    0x08, 0x00, 0x08, 0x00, 0x00, 0x08, 0x08, 0x07, 0x08, 0x07, 0x00, 0x08, 0x08, 0x47, 0x4E, 0xE8,
    0xE8, 0x4E, 0x4E, 0x47, 0x37, 0x30, 0x00, 0x07, 0x07, 0x00, 0x00, 0x07, 0x07, 0x07, 0x07, 0x00,
    0x00, 0x00, 0x00, 0x07, 0x07, 0x07, 0x07, 0x00, 0x00, 0x00, 0x00, 0x00, 0x76, 0xE0, 0xE8, 0xE8,
    0xE6, 0xE0, 0x80, 0x77, 0x00, 0x00, 0x27, 0x00, 0x07, 0x00, 0x00, 0x00, 0x00, 0x00, 0x00, 0x00,
    0x20, 0x30, 0x20, 0x90, 0x90, 0x10, 0x20, 0x30, 0xE0, 0x30, 0x30, 0x40, 0xE0, 0x40, 0x40, 0x26,
    0x10, 0x10, 0x10, 0x20, 0x30, 0x20, 0x10, 0x10, 0x10, 0x10, 0x20, 0x10, 0x10, 0x20, 0x20, 0x00,
    0x90, 0x90, 0xB0, 0xE0, 0xC0, 0xC0, 0xC0, 0xC0, 0xB0, 0x90, 0x90, 0x90, 0x96, 0x96, 0x97, 0xB7,
    0xB7, 0x97, 0x96, 0xA6, 0xA0, 0x90, 0xB0, 0xE0, 0xC0, 0xC0, 0xC0, 0xC0, 0xB0, 0x90, 0x90, 0x90,
    0x90, 0xD0, 0xC0, 0xC0, 0xC0, 0xC0, 0xB0, 0xCE, 0xC7, 0xB8, 0xCE, 0xCE, 0xCE, 0xCE, 0xCE, 0xCE,
    0xCE, 0xCE, 0xCE, 0xCE, 0xCE, 0xCE, 0xD8, 0xC7, 0xCE, 0xD0, 0xC0, 0xC0, 0xC0, 0xC0, 0xB0, 0x90,
    0xA0, 0x20, 0x30, 0x36, 0xE7, 0xE8, 0xE8, 0xEE, 0x5E, 0x5E, 0x7E, 0x8E, 0x7E, 0x7E, 0x9E, 0x68,
    0x98, 0x98, 0x5E, 0x6E, 0x8E, 0x7E, 0x6E, 0x5E, 0xDE, 0xC8, 0xB8, 0xB7, 0xB6, 0xB0, 0x20, 0x10,
    0xB0, 0xB0, 0xD6, 0xC7, 0xC8, 0xC8, 0xCE, 0xCE, 0xCE, 0xAE, 0x9E, 0xDE, 0x3E, 0x28, 0x27, 0x28,
    0x28, 0x2E, 0x2E, 0x1E, 0xBE, 0x9E, 0xDE, 0xCE, 0xCE, 0xCE, 0xC8, 0xC8, 0xC7, 0xC6, 0xB0, 0xA0,
    0x27, 0x37, 0x28, 0x18, 0x17, 0x27, 0x37, 0x37, 0x37, 0x37, 0x47, 0x48, 0x47, 0x48, 0x48, 0xEE,
    0x28, 0x27, 0x28, 0x3E, 0x48, 0x37, 0x27, 0x17, 0x17, 0x28, 0x27, 0x18, 0x97, 0x27, 0x30, 0x20,
    0x00, 0x07, 0x08, 0x00, 0x07, 0x08, 0x08, 0x08, 0x08, 0x07, 0x00, 0x08, 0x08, 0x47, 0xEE, 0xE8,
    0x88, 0xEE, 0xEE, 0xE7, 0x47, 0x47, 0x30, 0x67, 0x07, 0x07, 0x07, 0x07, 0x07, 0x07, 0x07, 0x00,
    0x07, 0x00, 0x08, 0x07, 0x60, 0x07, 0x07, 0x07, 0x00, 0x07, 0x07, 0x70, 0xE8, 0x80, 0x67, 0x88,
    0x88, 0xE0, 0x80, 0x60, 0x07, 0x07, 0x00, 0x07, 0x07, 0x00, 0x00, 0x00, 0x00, 0x00, 0x00, 0x00,
    0x20, 0x30, 0x10, 0x90, 0x10, 0x20, 0x30, 0x30, 0x30, 0x30, 0x40, 0x47, 0x47, 0x47, 0x47, 0xE6,
    0x27, 0x27, 0x27, 0x37, 0x47, 0x30, 0x20, 0x10, 0x10, 0x20, 0x20, 0x10, 0x10, 0x20, 0x20, 0x00,
    0x90, 0x90, 0xB0, 0xE0, 0xA0, 0xB0, 0xB0, 0xC0, 0xB0, 0x90, 0x90, 0xA6, 0xA7, 0x97, 0x98, 0xA8,
    0xA8, 0x98, 0x97, 0xB7, 0xA6, 0x90, 0xB0, 0xE0, 0xA0, 0xB0, 0xB0, 0xC0, 0xB0, 0x90, 0x90, 0x90,
    0x90, 0xD0, 0xC0, 0xC0, 0xC0, 0xC0, 0xB6, 0xC7, 0xC8, 0xC8, 0xDE, 0xDE, 0xDE, 0xDE, 0xDE, 0xDE,
    0xDE, 0xDE, 0xDE, 0xDE, 0xDE, 0xDE, 0xE8, 0xC8, 0xC7, 0xD6, 0xC0, 0xC0, 0xC0, 0xC0, 0xB0, 0x90,
    0xA0, 0xB0, 0xC0, 0xD6, 0x47, 0xE8, 0xE8, 0xEE, 0x5E, 0x5E, 0x6E, 0x7E, 0x8E, 0x8E, 0x7E, 0x58,
    0x98, 0x9E, 0x6E, 0x7E, 0x8E, 0x7E, 0x6E, 0x58, 0xDE, 0xC8, 0xB8, 0xB7, 0xB6, 0xB0, 0x20, 0x10,
    0xB0, 0xB0, 0xD6, 0xC7, 0xC8, 0xC8, 0xCE, 0xCE, 0xCE, 0xAE, 0x9E, 0xCE, 0xCE, 0xCE, 0xC8, 0xC8,
    0xC8, 0xCE, 0xCE, 0xBE, 0xAE, 0x9E, 0xD8, 0xC8, 0xCE, 0xCE, 0xC8, 0xC8, 0xC7, 0xC6, 0xB0, 0xA0,
    0x27, 0x37, 0x27, 0x18, 0x28, 0x37, 0x47, 0x37, 0x47, 0x47, 0x38, 0x28, 0x27, 0x37, 0x47, 0x48,
    0x48, 0x47, 0x38, 0x4E, 0xEE, 0x48, 0x37, 0x28, 0x18, 0x17, 0x18, 0x17, 0x98, 0x27, 0x37, 0x20,
    0x07, 0x07, 0x07, 0x27, 0x07, 0x08, 0x08, 0x08, 0x07, 0x07, 0x07, 0x08, 0x08, 0x67, 0xEE, 0x78,
    0x78, 0x8E, 0xEE, 0x47, 0x37, 0x37, 0x87, 0x07, 0x07, 0x07, 0x07, 0x08, 0x07, 0x07, 0x07, 0x07,
    0x00, 0x08, 0x08, 0x00, 0x70, 0x00, 0x07, 0x07, 0x00, 0x70, 0x00, 0xE0, 0x88, 0x06, 0x07, 0x68,
    0x78, 0x87, 0xE7, 0x70, 0x60, 0x40, 0x40, 0x07, 0x07, 0x00, 0x00, 0x00, 0x00, 0x07, 0x07, 0x00,
    0x20, 0x30, 0x10, 0x10, 0x20, 0x30, 0x40, 0x37, 0x47, 0xE7, 0x37, 0x20, 0x20, 0x30, 0x40, 0x47,
    0x40, 0x40, 0x30, 0x40, 0x40, 0x47, 0x37, 0x27, 0x17, 0x10, 0x10, 0x10, 0x10, 0x20, 0x20, 0x00,
    0x90, 0x90, 0xB0, 0xE0, 0xB0, 0xC0, 0xC0, 0xD0, 0xB0, 0x90, 0x96, 0x97, 0x98, 0x98, 0x9E, 0xBE,
    0xBE, 0x9E, 0x98, 0xA8, 0xA7, 0x96, 0xB0, 0xE0, 0xB0, 0xC0, 0xC0, 0xD0, 0xB0, 0x90, 0x90, 0x90,
    0x90, 0xD0, 0xC0, 0xC0, 0xC0, 0xC0, 0xB6, 0xC7, 0xC8, 0xC8, 0xCE, 0xCE, 0xCE, 0xCE, 0xCE, 0xCE,
    0xCE, 0xCE, 0xCE, 0xCE, 0xCE, 0xCE, 0xC8, 0xC8, 0xC7, 0xD6, 0xC0, 0xC0, 0xC0, 0xC0, 0xB0, 0x90,
    0xA0, 0xB0, 0xC0, 0xD6, 0xE7, 0x48, 0xE8, 0xEE, 0x7E, 0x5E, 0x6E, 0x8E, 0xEE, 0xEE, 0x8E, 0x9E,
    0x98, 0x5E, 0x7E, 0x8E, 0x8E, 0x6E, 0x6E, 0x78, 0xD8, 0xC8, 0xB8, 0xB7, 0xB6, 0xB0, 0x20, 0xA0,
    0xB0, 0xD0, 0xD6, 0xC7, 0xC8, 0xC8, 0xCE, 0xCE, 0xCE, 0xAE, 0x9E, 0x9E, 0x9E, 0xCE, 0xBE, 0xBE,
    0xB8, 0xBE, 0xAE, 0x9E, 0x9E, 0x9E, 0xD8, 0xCE, 0xCE, 0xCE, 0xC8, 0xC8, 0xC7, 0xC6, 0xB0, 0xB0,
    0x00, 0x27, 0x27, 0x2E, 0x4E, 0x38, 0x47, 0x37, 0x47, 0x38, 0x18, 0x18, 0x18, 0x27, 0x37, 0x47,
    0x47, 0x37, 0x38, 0x4E, 0x4E, 0x3E, 0x37, 0x27, 0x17, 0x17, 0x28, 0x28, 0x18, 0x27, 0x20, 0x00,
    0x07, 0x07, 0x27, 0x47, 0x27, 0x08, 0x07, 0x07, 0x87, 0x77, 0x07, 0x08, 0x08, 0x08, 0x4E, 0x68,
    0x68, 0x7E, 0x48, 0x47, 0x67, 0x07, 0x87, 0x07, 0x07, 0x07, 0x07, 0x08, 0x08, 0x07, 0x07, 0x07,
    0x07, 0x08, 0x68, 0x70, 0xE7, 0x77, 0x67, 0x07, 0x47, 0x37, 0x37, 0x87, 0x08, 0x07, 0x00, 0x08,
    0x68, 0x70, 0xE0, 0xE7, 0x47, 0x77, 0x47, 0x07, 0x00, 0x00, 0x00, 0x00, 0x00, 0x00, 0x07, 0x06,
    0x20, 0x30, 0x10, 0x10, 0x20, 0x37, 0x47, 0x30, 0xE0, 0x30, 0x90, 0x10, 0x10, 0x20, 0x30, 0x47,
    0x40, 0x30, 0x30, 0x40, 0x40, 0x30, 0x30, 0x20, 0x10, 0x17, 0x97, 0x10, 0x20, 0x20, 0x20, 0x00,
    0x90, 0x90, 0xB0, 0xE0, 0xB0, 0xC0, 0xC0, 0xD0, 0xB0, 0x96, 0x97, 0xA8, 0xAE, 0x9E, 0x9E, 0xAE,
    0xAE, 0x9E, 0x9E, 0xBE, 0xA8, 0x97, 0xB6, 0xE0, 0xB0, 0xC0, 0xC0, 0xD0, 0xB0, 0x90, 0x90, 0x90,
    0x90, 0xD0, 0xC0, 0xC0, 0xC0, 0xC6, 0xB6, 0xC7, 0xC8, 0xB7, 0xB8, 0xBE, 0xBE, 0xB8, 0xBE, 0xBE,
    0xBE, 0xBE, 0xB8, 0xBE, 0xBE, 0xB8, 0xC7, 0xC8, 0xC7, 0xD6, 0xC6, 0xC0, 0xC0, 0xC0, 0xB0, 0x90,
    0x00, 0xA0, 0xC0, 0xD6, 0xE7, 0x48, 0xE8, 0xEE, 0x8E, 0x5E, 0x5E, 0x8E, 0xEE, 0xEE, 0x8E, 0x5E,
    0x58, 0x6E, 0x8E, 0x8E, 0x7E, 0x6E, 0x6E, 0x88, 0xD8, 0xC8, 0xB8, 0x27, 0x26, 0x20, 0xA0, 0x00,
    0xB0, 0xD0, 0xD6, 0xD7, 0xD8, 0xD8, 0xDE, 0xCE, 0xCE, 0xAE, 0xAE, 0xAE, 0x9E, 0xCE, 0xBE, 0xBE,
    0xB8, 0xB8, 0xAE, 0x9E, 0xDE, 0xDE, 0xD8, 0xCE, 0xDE, 0xDE, 0xD8, 0xD8, 0xD7, 0xD6, 0xB0, 0xB0,
    0x00, 0x20, 0x26, 0x28, 0x4E, 0x3E, 0x48, 0x47, 0x48, 0x18, 0x1E, 0x2E, 0x28, 0x18, 0x27, 0x37,
    0x37, 0x38, 0x3E, 0x3E, 0x4E, 0x2E, 0x28, 0x17, 0x17, 0x18, 0x28, 0x38, 0x38, 0x27, 0x20, 0x00,
    0x07, 0x07, 0x08, 0x27, 0x07, 0x07, 0x07, 0x00, 0x40, 0x07, 0x77, 0x08, 0x08, 0x08, 0x48, 0x08,
    0x08, 0x6E, 0x48, 0x37, 0x07, 0x07, 0x07, 0x77, 0x87, 0x08, 0x07, 0x08, 0x08, 0x07, 0x07, 0x07,
    0x07, 0x08, 0x07, 0x07, 0x77, 0x00, 0x47, 0x47, 0x07, 0x00, 0x80, 0x00, 0x08, 0x07, 0x00, 0x08,
    0x08, 0x60, 0x80, 0xE0, 0x70, 0x00, 0x00, 0x40, 0x07, 0x07, 0x00, 0x00, 0x00, 0x07, 0x07, 0x06,
    0x20, 0x30, 0x10, 0x17, 0x27, 0x30, 0x40, 0x40, 0x40, 0x90, 0x90, 0x20, 0x27, 0x10, 0x26, 0x37,
    0x36, 0x20, 0x20, 0x30, 0x40, 0x20, 0x20, 0x10, 0x10, 0x10, 0x90, 0x17, 0x27, 0x20, 0x30, 0x20,
    0x90, 0x90, 0xB0, 0xE0, 0xB0, 0xC0, 0xC0, 0xD0, 0xB6, 0x97, 0x98, 0x98, 0x9E, 0x9E, 0x9E, 0xBE,
    0xBE, 0x9E, 0x9E, 0xAE, 0xA8, 0x98, 0xB7, 0xE6, 0xB0, 0xC0, 0xC0, 0xD0, 0xB0, 0x90, 0x90, 0x90,
    0x90, 0xD0, 0xC0, 0xC0, 0xC0, 0xC6, 0xB7, 0xC8, 0xC8, 0xB8, 0xCE, 0xC8, 0xCE, 0xC8, 0xCE, 0xC8,
    0xC8, 0xCE, 0xCE, 0xCE, 0xCE, 0xC8, 0xD8, 0xC8, 0xC8, 0xD7, 0xC6, 0xC0, 0xC0, 0xC0, 0xB0, 0x90,
    0x00, 0xA0, 0xB0, 0xC6, 0xE7, 0xE8, 0x48, 0xEE, 0xEE, 0x7E, 0x5E, 0x6E, 0x8E, 0x8E, 0x7E, 0x7E,
    0x78, 0x8E, 0x7E, 0x7E, 0x6E, 0x6E, 0x7E, 0xE8, 0xC8, 0xC8, 0xB8, 0xB7, 0x26, 0xB0, 0xA0, 0x00,
    0xB0, 0xD0, 0xD6, 0xC7, 0xC8, 0xC8, 0xCE, 0xBE, 0xCE, 0xCE, 0xCE, 0xAE, 0x9E, 0xBE, 0xAE, 0xAE,
    0xA8, 0xA8, 0xAE, 0x98, 0xDE, 0xCE, 0xC8, 0xCE, 0xDE, 0xCE, 0xC8, 0xC8, 0xC7, 0xC6, 0xB0, 0xB0,
    0x00, 0x20, 0x27, 0x38, 0x4E, 0x2E, 0x3E, 0x28, 0x38, 0x1E, 0x1E, 0x3E, 0x2E, 0x18, 0x18, 0x38,
    0x38, 0x28, 0x2E, 0x3E, 0x3E, 0x1E, 0x9E, 0x98, 0x98, 0x9E, 0x3E, 0x4E, 0x48, 0x36, 0x20, 0x00,
    0x00, 0x08, 0x0E, 0x08, 0x07, 0x07, 0x00, 0x40, 0x00, 0x27, 0x37, 0x38, 0x48, 0x48, 0x08, 0x08,
    0x08, 0x08, 0x48, 0x67, 0x07, 0x07, 0x77, 0x67, 0x77, 0x08, 0x07, 0x08, 0x07, 0x07, 0x07, 0x08,
    0x60, 0x08, 0x07, 0x07, 0x67, 0x07, 0x00, 0x00, 0x00, 0x80, 0x20, 0x00, 0x07, 0x07, 0x00, 0x08,
    0x07, 0x06, 0x70, 0x80, 0x70, 0x00, 0x00, 0x47, 0x07, 0x07, 0x07, 0x07, 0x40, 0x07, 0x07, 0x00,
    0x00, 0x20, 0x27, 0x10, 0x10, 0x20, 0x30, 0x20, 0x30, 0x90, 0x90, 0x30, 0x27, 0x90, 0x96, 0x37,
    0x26, 0x10, 0x10, 0x20, 0x30, 0x10, 0x90, 0x90, 0x90, 0x90, 0x10, 0x20, 0x30, 0x47, 0x30, 0x20,
    0x90, 0x90, 0xB0, 0xE0, 0xC0, 0xD0, 0xD0, 0xE0, 0xB6, 0x97, 0x98, 0xA8, 0xAE, 0x9E, 0x9E, 0x9E,
    0x9E, 0x9E, 0x9E, 0xBE, 0xA8, 0x98, 0xB7, 0xE6, 0xC0, 0xD0, 0xD0, 0xE0, 0xB0, 0x90, 0x90, 0x90,
    0x90, 0xD0, 0xC0, 0xC0, 0xC0, 0xC6, 0xB7, 0xC8, 0xC8, 0xB8, 0xCE, 0xCE, 0xCE, 0xCE, 0xCE, 0xC8,
    0xC8, 0xCE, 0xC8, 0xCE, 0xCE, 0xCE, 0xD8, 0xCE, 0xC8, 0xD7, 0xC6, 0xC0, 0xC0, 0xC0, 0xB0, 0x90,
    0x00, 0xA0, 0xB0, 0xC6, 0xD7, 0xE8, 0xE8, 0xE8, 0xEE, 0x8E, 0x7E, 0x5E, 0x6E, 0x6E, 0x7E, 0x7E,
    0x78, 0x7E, 0x6E, 0x6E, 0x68, 0x7E, 0x8E, 0xE8, 0xC8, 0xB8, 0xB8, 0x27, 0xB6, 0xB0, 0xA0, 0x00,
    0xB0, 0xD0, 0xD6, 0xC7, 0xC8, 0xC8, 0xCE, 0xBE, 0xCE, 0xCE, 0xCE, 0xAE, 0x9E, 0x9E, 0x9E, 0x9E,
    0x98, 0x98, 0x9E, 0x98, 0xDE, 0xCE, 0xC8, 0xCE, 0xDE, 0xCE, 0xC8, 0xC8, 0xC7, 0xC6, 0xB0, 0xB0,
    0x00, 0x20, 0x36, 0x48, 0x38, 0x2E, 0x3E, 0x2E, 0x2E, 0x2E, 0x1E, 0x2E, 0x1E, 0x9E, 0x18, 0x28,
    0x28, 0x1E, 0x1E, 0x2E, 0x38, 0x9E, 0x9E, 0x9E, 0x1E, 0x9E, 0x2E, 0x3E, 0xE8, 0x47, 0x30, 0x20,
    0x00, 0x0E, 0x0E, 0x0E, 0x08, 0x07, 0x07, 0x40, 0x07, 0x07, 0x77, 0x07, 0x08, 0x08, 0x08, 0x08,
    0x08, 0x08, 0x08, 0x47, 0x07, 0x07, 0x07, 0x07, 0x07, 0x87, 0x07, 0x07, 0x07, 0x07, 0x08, 0x0E,
    0x00, 0x07, 0x07, 0x07, 0x00, 0x00, 0x00, 0x80, 0x80, 0x20, 0x00, 0x00, 0x06, 0x07, 0x07, 0x08,
    0x07, 0x06, 0x66, 0x75, 0x80, 0x00, 0x00, 0x07, 0x47, 0x40, 0x00, 0x40, 0x47, 0x07, 0x07, 0x00,
    0x00, 0x27, 0x30, 0x10, 0x10, 0x20, 0x20, 0x20, 0x20, 0x20, 0x10, 0x20, 0x17, 0x90, 0x97, 0x27,
    0x16, 0x90, 0x90, 0x10, 0x30, 0x90, 0x90, 0x90, 0x10, 0x90, 0x10, 0x20, 0xE0, 0x40, 0x37, 0x20,
    0x90, 0x90, 0xD0, 0xD0, 0xC0, 0xC0, 0xC0, 0xC6, 0xB7, 0xA8, 0x9E, 0x9E, 0x98, 0x9E, 0x9E, 0x9E,
    0x9E, 0x9E, 0x9E, 0x98, 0x9E, 0x9E, 0xD8, 0xD7, 0xC6, 0xC0, 0xC0, 0xC0, 0xB0, 0xA0, 0x90, 0x90,
    0x90, 0xD0, 0xC0, 0xC0, 0xC0, 0xC6, 0xB7, 0xC8, 0xC8, 0xCE, 0xDE, 0xDE, 0xD8, 0xD8, 0xDE, 0xD8,
    0xDE, 0xDE, 0xD8, 0xDE, 0xDE, 0xDE, 0xEE, 0xC8, 0xC8, 0xD7, 0xC6, 0xC0, 0xC0, 0xC0, 0xB0, 0x90,
    0x00, 0x00, 0xA0, 0xC6, 0xD7, 0xE8, 0xE8, 0xE8, 0xEE, 0xEE, 0x8E, 0x7E, 0x5E, 0x5E, 0x6E, 0x6E,
    0x68, 0x6E, 0x6E, 0x6E, 0x78, 0x8E, 0xEE, 0xE8, 0xC8, 0xB8, 0xB8, 0xB7, 0xB6, 0xA0, 0x00, 0x00,
    0xB0, 0xD0, 0xD6, 0xC7, 0xC8, 0xC8, 0xCE, 0xBE, 0xCE, 0xDE, 0xDE, 0xDE, 0xDE, 0xDE, 0xDE, 0x9E,
    0x98, 0xD8, 0xDE, 0xD8, 0xD8, 0xDE, 0xC8, 0xCE, 0xDE, 0xCE, 0xC8, 0xC8, 0xC7, 0xC6, 0xB0, 0xB0,
    0x20, 0x30, 0x47, 0xE8, 0x28, 0x2E, 0x2E, 0x1E, 0x1E, 0x28, 0x28, 0x1E, 0x9E, 0x9E, 0x9E, 0x1E,
    0x1E, 0x9E, 0x9E, 0x18, 0x28, 0x98, 0x18, 0x1E, 0x2E, 0x18, 0x18, 0x28, 0xE7, 0x47, 0x30, 0x20,
    0x00, 0x0E, 0x0E, 0x0E, 0x0E, 0x07, 0x07, 0x47, 0x07, 0x78, 0x08, 0x07, 0x07, 0x07, 0x08, 0x08,
    0x08, 0x07, 0x07, 0x47, 0x07, 0x07, 0x88, 0x07, 0x07, 0x07, 0x07, 0x08, 0x08, 0x08, 0x3E, 0x00,
    0x00, 0x07, 0x07, 0x07, 0x00, 0x00, 0x00, 0x80, 0x00, 0x20, 0x00, 0x00, 0x06, 0x06, 0x07, 0x06,
    0x07, 0x06, 0x06, 0x66, 0x86, 0x06, 0x00, 0x80, 0x80, 0x40, 0x40, 0x00, 0x07, 0x47, 0x07, 0x00,
    0x07, 0x20, 0x30, 0x20, 0x90, 0x10, 0x20, 0x10, 0x10, 0x20, 0x20, 0x10, 0x97, 0x96, 0x97, 0x17,
    0x96, 0x96, 0x90, 0x90, 0x20, 0x90, 0x10, 0x10, 0x20, 0x20, 0x30, 0x40, 0x40, 0x30, 0x20, 0x07,
    0x90, 0x90, 0xD0, 0xC0, 0xC0, 0xC0, 0xC0, 0xC6, 0xC7, 0xB8, 0x98, 0xAE, 0xAE, 0xBE, 0xBE, 0xB8,
    0xB8, 0xBE, 0xBE, 0xBE, 0xBE, 0x98, 0xD8, 0xC7, 0xC6, 0xC0, 0xC0, 0xC0, 0xC0, 0xB0, 0x90, 0x90,
    0x90, 0xD0, 0xC0, 0xC0, 0xC0, 0xC6, 0xB7, 0xC8, 0xC8, 0xC8, 0xCE, 0xC8, 0xCE, 0xC8, 0xCE, 0xC8,
    0xCE, 0xCE, 0xC8, 0xCE, 0xCE, 0xCE, 0xC8, 0xC8, 0xC8, 0xD7, 0xC6, 0xC0, 0xC0, 0xC0, 0xB0, 0x90,
    0x00, 0x00, 0xA0, 0xB6, 0xC7, 0xD8, 0xE8, 0xE8, 0xEE, 0x4E, 0xEE, 0xEE, 0x8E, 0x7E, 0x5E, 0x58,
    0x58, 0x5E, 0x7E, 0x8E, 0x48, 0xEE, 0xEE, 0xE8, 0xCE, 0xB8, 0xB8, 0xB7, 0xB6, 0xA0, 0x00, 0x00,
    0xB0, 0xD0, 0xD6, 0xC7, 0xC8, 0xC8, 0xCE, 0xBE, 0xCE, 0xDE, 0xCE, 0xCE, 0xC8, 0xC8, 0xB8, 0xA8,
    0xA8, 0xD8, 0xCE, 0xC8, 0xC8, 0xC8, 0xB8, 0xCE, 0xDE, 0xCE, 0xC8, 0xC8, 0xC7, 0xC6, 0xB0, 0xB0,
    0x20, 0x30, 0x46, 0xE8, 0x28, 0x28, 0x28, 0x18, 0x1E, 0x18, 0x18, 0x98, 0x9E, 0x9E, 0x9E, 0x9E,
    0x9E, 0x9E, 0x9E, 0x98, 0x17, 0x98, 0x18, 0x28, 0x38, 0x18, 0x18, 0x27, 0xE8, 0x46, 0x30, 0x20,
    0x00, 0x00, 0x08, 0x0E, 0x0E, 0x48, 0x47, 0x07, 0x08, 0x7E, 0x0E, 0x08, 0x08, 0x07, 0x07, 0x07,
    0x07, 0x07, 0x47, 0x07, 0x07, 0x88, 0x07, 0x07, 0x07, 0x07, 0x08, 0x0E, 0x0E, 0x0E, 0x30, 0x00,
    0x00, 0x00, 0x06, 0x00, 0x00, 0x80, 0x80, 0x00, 0x00, 0x30, 0x00, 0x00, 0x06, 0x06, 0x06, 0x06,
    0x06, 0x06, 0x06, 0x76, 0x06, 0x06, 0x00, 0x80, 0x00, 0x00, 0x00, 0x00, 0x00, 0x07, 0x47, 0x00,
    0x07, 0x20, 0x20, 0x20, 0x90, 0x10, 0x10, 0x10, 0x90, 0x90, 0x10, 0x90, 0x90, 0x90, 0x97, 0x96,
    0x96, 0x96, 0x96, 0x90, 0x10, 0x90, 0x10, 0x20, 0x30, 0x10, 0x20, 0x30, 0x40, 0x30, 0x20, 0x07,
    0x90, 0x90, 0xD0, 0xC0, 0xC0, 0xC0, 0xC0, 0xC6, 0xC7, 0xB8, 0x98, 0xAE, 0xAE, 0xBE, 0xB8, 0xB8,
    0xB8, 0xB8, 0xBE, 0xBE, 0xBE, 0x98, 0xD8, 0xC7, 0xC6, 0xC0, 0xC0, 0xC0, 0xC0, 0xB0, 0x90, 0x90,
    0x90, 0xC0, 0xB0, 0xB0, 0xB0, 0xB6, 0xB7, 0xE8, 0xD8, 0xDE, 0xDE, 0xDE, 0xDE, 0xDE, 0xD8, 0xD8,
    0xDE, 0xDE, 0xDE, 0xDE, 0xDE, 0xDE, 0xDE, 0xD8, 0xC8, 0xC7, 0xB6, 0xB0, 0xB0, 0xB0, 0xB0, 0x90,
    0x00, 0x00, 0x00, 0xA6, 0xC7, 0xD8, 0xE8, 0xE8, 0xEE, 0x4E, 0xEE, 0xEE, 0xEE, 0x4E, 0xEE, 0xE8,
    0xE8, 0xEE, 0xEE, 0xEE, 0xE8, 0x4E, 0xDE, 0xC8, 0xCE, 0xB8, 0xB8, 0xB7, 0xA6, 0x00, 0x00, 0x00,
    0xB0, 0xD0, 0xD6, 0xC7, 0xC8, 0xC8, 0xCE, 0xBE, 0xCE, 0xDE, 0xCE, 0xB8, 0xB8, 0xB7, 0xB8, 0xA8,
    0xA8, 0xC8, 0xBE, 0xB8, 0xB8, 0xC8, 0xBE, 0xC8, 0xDE, 0xCE, 0xC8, 0xC8, 0xC7, 0xC6, 0xB0, 0xB0,
    0x20, 0x30, 0x46, 0xE7, 0x28, 0x28, 0x18, 0x18, 0x18, 0x18, 0x98, 0x98, 0x98, 0x98, 0x98, 0x9E,
    0x9E, 0x9E, 0x98, 0x98, 0x17, 0x98, 0x28, 0x38, 0x18, 0x18, 0x28, 0xE8, 0x47, 0x36, 0x20, 0x00,
    0x00, 0x00, 0x06, 0x2E, 0x2E, 0x0E, 0x78, 0x78, 0x7E, 0x0E, 0x7E, 0x0E, 0x08, 0x08, 0x07, 0x07,
    0x08, 0x08, 0x37, 0x07, 0x07, 0x87, 0x07, 0x07, 0x07, 0x08, 0x0E, 0x0E, 0x08, 0x06, 0x00, 0x30,
    0x00, 0x00, 0x06, 0x88, 0x80, 0x00, 0x00, 0x00, 0x00, 0x00, 0x30, 0x00, 0x00, 0x07, 0x07, 0x06,
    0x06, 0x06, 0x06, 0x66, 0x00, 0x00, 0x80, 0x00, 0x00, 0x00, 0x00, 0x00, 0x08, 0x06, 0x00, 0x20,
    0x07, 0x00, 0x20, 0x20, 0x10, 0x90, 0x10, 0x90, 0x90, 0x90, 0x10, 0x90, 0x90, 0x90, 0x90, 0x96,
    0x96, 0x90, 0x90, 0x90, 0x10, 0x90, 0x20, 0x30, 0x10, 0x90, 0x10, 0xE0, 0x40, 0x30, 0x20, 0x07,
    0x90, 0x90, 0xD0, 0xC0, 0xC0, 0xC0, 0xC0, 0xC6, 0xC7, 0xB8, 0x98, 0xB8, 0xC8, 0xDE, 0xDE, 0xD8,
    0xD8, 0xDE, 0xDE, 0xD8, 0xC8, 0x98, 0xD8, 0xC7, 0xC6, 0xC0, 0xC0, 0xC0, 0xC0, 0xB0, 0x90, 0x90,
    0x90, 0xE0, 0xD0, 0xD0, 0xD0, 0xD6, 0xC7, 0xD8, 0x98, 0x98, 0x98, 0x9E, 0x9E, 0x9E, 0x98, 0x98,
    0x9E, 0x98, 0x9E, 0x9E, 0x9E, 0x98, 0x98, 0x98, 0xB8, 0xE7, 0xD6, 0xD0, 0xD0, 0xD0, 0xC0, 0x90,
    0x00, 0x00, 0x00, 0x06, 0xA7, 0xC8, 0xD8, 0xE8, 0xE8, 0x48, 0xEE, 0x4E, 0x4E, 0xEE, 0xEE, 0xE8,
    0xE8, 0xEE, 0xEE, 0xEE, 0xE8, 0xDE, 0x4E, 0x48, 0x28, 0xB8, 0xB8, 0xA7, 0x06, 0x00, 0x00, 0x00,
    0xB0, 0xD0, 0xC6, 0xB7, 0xB8, 0xB8, 0xB8, 0xB8, 0xBE, 0xDE, 0xDE, 0x98, 0x98, 0x97, 0x98, 0x98,
    0x98, 0x98, 0x9E, 0x98, 0x98, 0xB8, 0xB8, 0xB8, 0xB8, 0xB8, 0xB8, 0xB8, 0xB7, 0xB6, 0xB0, 0xB0,
    0x20, 0x30, 0x46, 0x47, 0x48, 0x28, 0x18, 0x18, 0x1E, 0x18, 0x98, 0x97, 0x98, 0x98, 0x18, 0x18,
    0x1E, 0x98, 0x98, 0x98, 0x97, 0x97, 0x18, 0x18, 0x18, 0x18, 0x27, 0x47, 0x37, 0x26, 0x00, 0x00,
    0x00, 0x00, 0x06, 0x07, 0x08, 0x0E, 0x0E, 0x0E, 0x0E, 0x08, 0x7E, 0x0E, 0x0E, 0x08, 0x08, 0x08,
    0x0E, 0x0E, 0x08, 0x28, 0x38, 0x47, 0xE7, 0x08, 0x08, 0xE8, 0x0E, 0xE8, 0x07, 0x06, 0x00, 0x20,
    0x00, 0x00, 0x80, 0x06, 0x07, 0x00, 0x00, 0x00, 0x00, 0x00, 0x37, 0x00, 0x00, 0x00, 0x00, 0x06,
    0x06, 0x05, 0x00, 0x70, 0x00, 0x00, 0x80, 0x00, 0x00, 0x00, 0x00, 0x08, 0x06, 0x00, 0x00, 0x00,
    0x07, 0x00, 0x20, 0x30, 0x20, 0x10, 0x90, 0x90, 0x90, 0x10, 0x20, 0x10, 0x90, 0x90, 0x90, 0x90,
    0x90, 0x90, 0x90, 0x97, 0x97, 0x97, 0x90, 0x90, 0x90, 0x10, 0x20, 0x40, 0x30, 0x20, 0x00, 0x07,
    0x90, 0x90, 0xC0, 0xB0, 0xB0, 0xB0, 0xB0, 0xB6, 0xB7, 0xB8, 0x98, 0xB8, 0xC8, 0xD8, 0xD8, 0xD8,
    0xD8, 0xD8, 0xD8, 0xD8, 0xC8, 0x98, 0xC8, 0xB7, 0xB6, 0xB0, 0xB0, 0xB0, 0xB0, 0xB0, 0x90, 0x90,
    0x90, 0xD0, 0xC0, 0xC0, 0xC0, 0xC0, 0xB6, 0xD7, 0x98, 0x38, 0x38, 0x98, 0x38, 0x38, 0x98, 0x38,
    0x38, 0x98, 0x38, 0x38, 0x98, 0x38, 0x38, 0x98, 0xB7, 0xD6, 0xC0, 0xC0, 0xC0, 0xC0, 0xB0, 0x90,
    0x00, 0x00, 0x00, 0x00, 0x06, 0xA7, 0xC8, 0xD8, 0xD8, 0xE8, 0x48, 0xEE, 0xEE, 0xEE, 0xEE, 0xE8,
    0xE8, 0xEE, 0xEE, 0xEE, 0xD8, 0xD8, 0xC8, 0xC8, 0xB8, 0x28, 0x17, 0x06, 0x00, 0x00, 0x00, 0x00,
    0xB0, 0xC0, 0xB0, 0xB6, 0xB7, 0xB7, 0xB8, 0xB8, 0xB8, 0xB8, 0xC8, 0x98, 0x88, 0x87, 0x98, 0x88,
    0x88, 0x98, 0x8E, 0x88, 0x98, 0xB8, 0xB8, 0xB8, 0xB8, 0xB8, 0xB7, 0xB7, 0xB6, 0xB0, 0xB0, 0xB0,
    0x00, 0x20, 0x30, 0x36, 0x37, 0x47, 0x28, 0x28, 0x18, 0x18, 0x17, 0x17, 0x17, 0x18, 0x18, 0x18,
    0x18, 0x18, 0x18, 0x18, 0x17, 0x17, 0x18, 0x18, 0x17, 0x27, 0x47, 0x37, 0x26, 0x00, 0x00, 0x00,
    0x00, 0x00, 0x00, 0x06, 0x07, 0x08, 0x0E, 0x0E, 0x08, 0x77, 0x08, 0x0E, 0x0E, 0x0E, 0x0E, 0x0E,
    0x0E, 0x0E, 0x0E, 0x0E, 0x08, 0x08, 0x08, 0xE8, 0xE7, 0x08, 0x08, 0x07, 0x06, 0x00, 0x00, 0x00,
    0x00, 0x00, 0x80, 0x06, 0x06, 0x00, 0x07, 0x07, 0x30, 0x30, 0x00, 0x00, 0x30, 0x00, 0x00, 0x00,
    0x00, 0x00, 0x00, 0x00, 0x80, 0x80, 0xE0, 0xE0, 0x08, 0x08, 0x06, 0x08, 0x06, 0x00, 0x00, 0x00,
    0x00, 0x07, 0x00, 0x20, 0x30, 0x40, 0x20, 0x10, 0x10, 0x20, 0x30, 0x10, 0x90, 0x90, 0x97, 0x17,
    0x17, 0x90, 0x90, 0x90, 0x90, 0x90, 0x90, 0x90, 0x10, 0x20, 0xE0, 0x40, 0x30, 0x20, 0x07, 0x00,
    0x90, 0x90, 0xC0, 0xB0, 0xB0, 0xB0, 0xB0, 0xB0, 0xB6, 0xA7, 0x97, 0xA8, 0xB8, 0xC8, 0xC8, 0xC8,
    0xC8, 0xC8, 0xC8, 0xC8, 0xB8, 0x97, 0xC7, 0xB6, 0xB0, 0xB0, 0xB0, 0xB0, 0xB0, 0xA0, 0x90, 0x90,
    0x90, 0xD0, 0xC0, 0xC0, 0xC0, 0xC0, 0xB0, 0xD6, 0x97, 0x37, 0x38, 0x98, 0x38, 0x38, 0x98, 0x38,
    0x38, 0x98, 0x38, 0x38, 0x98, 0x38, 0x37, 0x97, 0xB6, 0xD0, 0xC0, 0xC0, 0xC0, 0xC0, 0xB0, 0x90,
    0x00, 0x00, 0x00, 0x00, 0x00, 0x06, 0xA7, 0xC7, 0xC8, 0xD8, 0x48, 0xD8, 0xE8, 0xE8, 0xE8, 0xE8,
    0xE8, 0xD8, 0xD8, 0xD8, 0xD8, 0xC8, 0xC8, 0xB8, 0xB7, 0xA7, 0x06, 0x00, 0x00, 0x00, 0x00, 0x00,
    0xB0, 0xA0, 0xA0, 0xA0, 0xA6, 0xA6, 0xA7, 0xA7, 0xA8, 0xA8, 0xA8, 0x98, 0x77, 0x77, 0x98, 0x78,
    0x78, 0x98, 0x78, 0x78, 0x98, 0xA8, 0xA8, 0xA8, 0xA7, 0xA7, 0xA6, 0xA6, 0xA0, 0xA0, 0xA0, 0xB0,
    0x00, 0x00, 0x20, 0x20, 0x26, 0x36, 0x47, 0x47, 0x28, 0x28, 0x27, 0x17, 0x17, 0x18, 0x28, 0x28,
    0x28, 0x28, 0x18, 0x18, 0x17, 0x17, 0x27, 0x27, 0x27, 0x37, 0x36, 0x26, 0x00, 0x00, 0x00, 0x00,
    0x00, 0x00, 0x00, 0x00, 0x06, 0x06, 0x07, 0x77, 0x78, 0x07, 0x07, 0x08, 0x0E, 0x0E, 0x0E, 0x08,
    0x08, 0x0E, 0x0E, 0x08, 0x08, 0x08, 0x07, 0x06, 0x07, 0x07, 0x07, 0x06, 0x00, 0x00, 0x00, 0x00,
    0x00, 0x80, 0x00, 0x00, 0x06, 0x06, 0x26, 0x27, 0x37, 0x08, 0x08, 0x38, 0x48, 0x30, 0x00, 0x00,
    0x00, 0x00, 0x00, 0x00, 0x08, 0x08, 0x00, 0x00, 0x87, 0x07, 0x06, 0x06, 0x00, 0x00, 0x00, 0x00,
    0x00, 0x00, 0x07, 0x20, 0x30, 0x40, 0x40, 0x40, 0x20, 0x30, 0xE0, 0x20, 0x10, 0x10, 0x10, 0x20,
    0x10, 0x90, 0x90, 0x90, 0x90, 0x10, 0x10, 0x10, 0x20, 0x40, 0x40, 0x30, 0x20, 0x07, 0x00, 0x00,
    0x90, 0x90, 0xB0, 0xA0, 0xA0, 0xA0, 0xA0, 0xA0, 0xA0, 0xA6, 0x96, 0xA7, 0xB7, 0xC7, 0xC8, 0xC8,
    0xC8, 0xC8, 0xC7, 0xC7, 0xB7, 0x96, 0xB6, 0xA0, 0xA0, 0xA0, 0xA0, 0xA0, 0xA0, 0xA0, 0x90, 0x90,
    0x90, 0xD0, 0xC0, 0xC0, 0xC0, 0xC0, 0xB0, 0xD0, 0x96, 0x36, 0x37, 0x97, 0x37, 0x38, 0x98, 0x38,
    0x38, 0x98, 0x38, 0x37, 0x97, 0x37, 0x36, 0x96, 0xB0, 0xD0, 0xC0, 0xC0, 0xC0, 0xC0, 0xB0, 0x90,
    0x00, 0x00, 0x00, 0x00, 0x00, 0x00, 0x06, 0xA6, 0xB7, 0xC7, 0x37, 0xC7, 0xD8, 0xD8, 0xD8, 0xD8,
    0xD8, 0xD8, 0xC8, 0xC8, 0xC7, 0xC7, 0xB7, 0xB7, 0xA6, 0x06, 0x00, 0x00, 0x00, 0x00, 0x00, 0x00,
    0xB0, 0xA0, 0xD0, 0xA0, 0xD0, 0xC0, 0xA6, 0xA6, 0xC7, 0xD7, 0xA7, 0x97, 0x77, 0x77, 0x98, 0x78,
    0x78, 0x98, 0x77, 0x77, 0x98, 0xA7, 0xB7, 0xC7, 0xA6, 0xA6, 0xC0, 0xB0, 0xA0, 0xC0, 0xA0, 0xB0,
    0x00, 0x00, 0x00, 0x00, 0x00, 0x20, 0x36, 0x36, 0x47, 0x47, 0x37, 0x27, 0x27, 0x17, 0x18, 0x28,
    0x38, 0x28, 0x27, 0x27, 0x26, 0x26, 0x37, 0x37, 0x26, 0x26, 0x20, 0x00, 0x00, 0x00, 0x00, 0x00,
    0x00, 0x00, 0x70, 0x00, 0x00, 0x00, 0x06, 0x06, 0x07, 0x07, 0x00, 0x07, 0x78, 0x08, 0x08, 0x07,
    0x07, 0x08, 0x08, 0x08, 0x07, 0x06, 0x06, 0x06, 0x06, 0x06, 0x00, 0x70, 0x00, 0x00, 0x00, 0x00,
    0x00, 0xE0, 0x00, 0x00, 0x00, 0x20, 0x06, 0x06, 0x06, 0x07, 0x07, 0x07, 0x38, 0x08, 0x08, 0x07,
    0x00, 0x00, 0x07, 0x08, 0x08, 0x07, 0x07, 0x07, 0x06, 0x86, 0x00, 0x00, 0x00, 0x20, 0x00, 0x00,
    0x00, 0x00, 0x00, 0x07, 0x27, 0x30, 0x30, 0x30, 0x30, 0x40, 0xE0, 0x30, 0x20, 0x10, 0x10, 0x10,
    0x90, 0x90, 0x10, 0x10, 0x10, 0x20, 0xE0, 0x40, 0x40, 0x30, 0x30, 0x27, 0x07, 0x00, 0x00, 0x00,
    0x90, 0x90, 0xB0, 0xA0, 0x90, 0x90, 0x90, 0x90, 0xA0, 0xA0, 0x90, 0xA6, 0xA6, 0xC6, 0xC7, 0xC7,
    0xC7, 0xC7, 0xC6, 0xB6, 0xA6, 0x90, 0xB0, 0xA0, 0x90, 0x90, 0x90, 0x90, 0xA0, 0xA0, 0x90, 0x90,
    0x90, 0xD0, 0xC0, 0xC0, 0xC0, 0xC0, 0xB0, 0xD0, 0x90, 0x90, 0x96, 0x96, 0x96, 0x97, 0x97, 0x97,
    0x97, 0x97, 0x97, 0x96, 0x96, 0x96, 0x90, 0x90, 0xB0, 0xD0, 0xC0, 0xC0, 0xC0, 0xC0, 0xB0, 0x90,
    0x00, 0x00, 0x00, 0x00, 0x00, 0x00, 0x00, 0x00, 0xA6, 0xA6, 0xB6, 0x26, 0xC7, 0xC7, 0xC7, 0xC7,
    0xC7, 0xC7, 0xC7, 0xB7, 0xB6, 0xB6, 0xA6, 0xA6, 0x00, 0x00, 0x00, 0x00, 0x00, 0x00, 0x00, 0x00,
    0xB0, 0xA0, 0xC0, 0xA0, 0xD0, 0xC0, 0xC0, 0xC0, 0xC6, 0xD6, 0xA6, 0x97, 0x67, 0x67, 0x97, 0x67,
    0x67, 0x96, 0x66, 0x67, 0x97, 0xA6, 0xB6, 0xC6, 0xC0, 0xC0, 0xC0, 0xB0, 0xA0, 0xB0, 0xA0, 0xB0,
    0x00, 0x00, 0x00, 0x00, 0x00, 0x00, 0x20, 0x20, 0x36, 0x36, 0x26, 0x27, 0x27, 0x27, 0x27, 0x27,
    0x37, 0x37, 0x47, 0x46, 0x46, 0x36, 0x26, 0x26, 0x00, 0x00, 0x00, 0x00, 0x00, 0x00, 0x00, 0x00,
    0x00, 0x70, 0x00, 0x00, 0x30, 0x00, 0x00, 0x00, 0x06, 0x06, 0x06, 0x00, 0x07, 0x07, 0x07, 0x00,
    0x00, 0x07, 0x07, 0x07, 0x06, 0x06, 0x06, 0x06, 0x00, 0x00, 0x00, 0x00, 0x70, 0x00, 0x00, 0x00,
    0x00, 0x00, 0xE0, 0x00, 0x00, 0x00, 0x00, 0x00, 0x06, 0x06, 0x06, 0x06, 0x06, 0x07, 0x07, 0x07,
    0x07, 0x07, 0x07, 0x06, 0x06, 0x06, 0x06, 0x06, 0x00, 0x70, 0x00, 0x00, 0x20, 0x40, 0x20, 0x00,
    0x00, 0x00, 0x00, 0x00, 0x00, 0x27, 0x27, 0x27, 0x20, 0x30, 0x40, 0x40, 0x30, 0x20, 0x20, 0x10,
    0x90, 0x90, 0x30, 0x30, 0x40, 0x40, 0x40, 0x30, 0x37, 0x27, 0x27, 0x00, 0x00, 0x00, 0x00, 0x00,
    0x90, 0x90, 0x90, 0x90, 0x90, 0x90, 0x90, 0x90, 0x90, 0x90, 0x90, 0x90, 0xA0, 0xC0, 0xC6, 0xC6,
    0xC6, 0xC6, 0xC0, 0xB0, 0x90, 0x90, 0x90, 0x90, 0x90, 0x90, 0x90, 0x90, 0x90, 0x90, 0x90, 0x90,
    0x90, 0xC0, 0xB0, 0xB0, 0xB0, 0xB0, 0xB0, 0xC0, 0xB0, 0xB0, 0xB0, 0xB0, 0xB0, 0xB6, 0xB6, 0xB6,
    0xB6, 0xB6, 0xB6, 0xB0, 0xB0, 0xB0, 0xB0, 0xB0, 0xB0, 0xC0, 0xB0, 0xB0, 0xB0, 0xB0, 0xB0, 0x90,
    0x00, 0x00, 0x00, 0x00, 0x00, 0x00, 0x00, 0x00, 0x00, 0x00, 0xA0, 0x10, 0xA6, 0xB6, 0xB6, 0xB6,
    0xB6, 0xB6, 0xB6, 0xA6, 0xA0, 0xA0, 0x00, 0x00, 0x00, 0x00, 0x00, 0x00, 0x00, 0x00, 0x00, 0x00,
    0xB0, 0xA0, 0xB0, 0xA0, 0xC0, 0xB0, 0xB0, 0xB0, 0xB0, 0xC0, 0xA0, 0x96, 0x96, 0x96, 0x96, 0x96,
    0x96, 0x96, 0x96, 0x96, 0x96, 0xA0, 0xB0, 0xB0, 0xB0, 0xB0, 0xB0, 0xA0, 0xA0, 0xA0, 0xA0, 0xB0,
    0x00, 0x00, 0x00, 0x00, 0x00, 0x00, 0x00, 0x00, 0x20, 0x20, 0x00, 0x06, 0x06, 0x26, 0x26, 0x26,
    0x26, 0x36, 0x36, 0x36, 0x36, 0x20, 0x00, 0x00, 0x00, 0x00, 0x00, 0x00, 0x00, 0x00, 0x00, 0x00,
    0x00, 0x80, 0x00, 0x30, 0x00, 0x00, 0x00, 0x00, 0x00, 0x00, 0x00, 0x06, 0x06, 0x06, 0x06, 0x06,
    0x06, 0x06, 0x06, 0x06, 0x06, 0x00, 0x00, 0x00, 0x00, 0x00, 0x00, 0x00, 0x00, 0x80, 0x60, 0x00,
    0x00, 0xE0, 0x00, 0x00, 0x00, 0x00, 0x00, 0x00, 0x00, 0x00, 0x00, 0x00, 0x00, 0x06, 0x06, 0x06,
    0x06, 0x06, 0x06, 0x00, 0x00, 0x00, 0x00, 0x00, 0x00, 0x00, 0x60, 0x00, 0x00, 0x20, 0x00, 0x00,
    0x00, 0x00, 0x00, 0x00, 0x00, 0x00, 0x00, 0x07, 0x07, 0x27, 0x27, 0x37, 0x30, 0x30, 0x30, 0x20,
    0x20, 0x20, 0x20, 0x20, 0x37, 0x37, 0x37, 0x27, 0x27, 0x00, 0x00, 0x00, 0x00, 0x00, 0x00, 0x00,
    0x90, 0x90, 0x90, 0x90, 0x90, 0x90, 0x90, 0x90, 0x90, 0x90, 0x90, 0x90, 0xA0, 0xC0, 0xC0, 0xC0,
    0xC0, 0xC0, 0xC0, 0xB0, 0x90, 0x90, 0x90, 0x90, 0x90, 0x90, 0x90, 0x90, 0x90, 0x90, 0x90, 0x90,
    0x90, 0x90, 0x90, 0x90, 0x90, 0x90, 0x90, 0x90, 0x90, 0x90, 0x90, 0x90, 0x90, 0x90, 0x90, 0x90,
    0x90, 0x90, 0x90, 0x90, 0x90, 0x90, 0x90, 0x90, 0x90, 0x90, 0x90, 0x90, 0x90, 0x90, 0x90, 0x90,
    0x00, 0x00, 0x00, 0x00, 0x00, 0x00, 0x00, 0x00, 0x00, 0x00, 0x00, 0x00, 0x00, 0xA0, 0xA0, 0xA0,
    0xA0, 0xA0, 0xA0, 0x00, 0x00, 0x00, 0x00, 0x00, 0x00, 0x00, 0x00, 0x00, 0x00, 0x00, 0x00, 0x00,
    0xB0, 0xB0, 0xB0, 0xB0, 0xB0, 0xB0, 0xB0, 0xB0, 0xB0, 0xB0, 0xB0, 0xB0, 0xB0, 0xB0, 0xB0, 0xB0,
    0xB0, 0xB0, 0xB0, 0xB0, 0xB0, 0xB0, 0xB0, 0xB0, 0xB0, 0xB0, 0xB0, 0xB0, 0xB0, 0xB0, 0xB0, 0xB0,
    0x00, 0x00, 0x00, 0x00, 0x00, 0x00, 0x00, 0x00, 0x00, 0x00, 0x00, 0x00, 0x00, 0x00, 0x00, 0x00,
    0x00, 0x20, 0x20, 0x20, 0x20, 0x00, 0x00, 0x00, 0x00, 0x00, 0x00, 0x00, 0x00, 0x00, 0x00, 0x00,
    0x00, 0x00, 0x80, 0x00, 0x00, 0x00, 0x00, 0x00, 0x00, 0x00, 0x00, 0x00, 0x00, 0x00, 0x00, 0x00,
    0x00, 0x00, 0x00, 0x00, 0x00, 0x00, 0x00, 0x00, 0x00, 0x00, 0x00, 0x00, 0x00, 0x00, 0xE0, 0x00,
    0x00, 0x00, 0x00, 0x00, 0x00, 0x00, 0x00, 0x00, 0x00, 0x00, 0x00, 0x00, 0x00, 0x00, 0x00, 0x00,
    0x00, 0x00, 0x00, 0x00, 0x00, 0x00, 0x00, 0x00, 0x00, 0x00, 0x00, 0x00, 0x00, 0x00, 0x00, 0x00,
    0x00, 0x00, 0x00, 0x00, 0x00, 0x00, 0x00, 0x00, 0x00, 0x00, 0x00, 0x27, 0x27, 0x27, 0x27, 0x07,
    0x07, 0x07, 0x07, 0x07, 0x27, 0x20, 0x20, 0x00, 0x00, 0x00, 0x00, 0x00, 0x00, 0x00, 0x00, 0x00,
    0x00, 0x00, 0x00, 0x00, 0x00, 0x00, 0x00, 0x00, 0x00, 0x00, 0x00, 0x00, 0x00, 0x10, 0x10, 0x90,
    0x10, 0x10, 0x10, 0x00, 0x00, 0x00, 0x00, 0x00, 0x00, 0x00, 0x00, 0x00, 0x00, 0x00, 0x00, 0x00,
    0x00, 0x00, 0x00, 0x00, 0x00, 0x00, 0x00, 0x00, 0x00, 0x00, 0x00, 0x00, 0x00, 0x00, 0x00, 0x90,
    0x00, 0x00, 0x00, 0x00, 0x00, 0x00, 0x00, 0x00, 0x00, 0x00, 0x00, 0x00, 0x00, 0x00, 0x00, 0x00,
    0x00, 0x00, 0x00, 0x00, 0x00, 0x00, 0x00, 0x00, 0x00, 0x00, 0x00, 0x00, 0x00, 0x00, 0x00, 0x00,
    0x00, 0x00, 0x00, 0x00, 0x00, 0x00, 0x00, 0x00, 0x00, 0x00, 0x00, 0x00, 0x00, 0x00, 0x00, 0x00,
    0x00, 0x00, 0x00, 0x00, 0x00, 0x00, 0x00, 0x00, 0x00, 0x00, 0x00, 0x00, 0x01, 0x01, 0x01, 0x01,
    0x01, 0x01, 0x01, 0x01, 0x00, 0x00, 0x00, 0x00, 0x00, 0x00, 0x00, 0x00, 0x00, 0x00, 0x00, 0x00,
    0x00, 0x00, 0x00, 0x00, 0x00, 0x00, 0x00, 0x00, 0x00, 0x00, 0x00, 0x00, 0x00, 0x00, 0x00, 0x00,
    0x00, 0x00, 0x00, 0x00, 0x00, 0x00, 0x00, 0x00, 0x00, 0x00, 0x00, 0x00, 0x00, 0x00, 0x00, 0x00,
    0x00, 0x00, 0x00, 0x00, 0x00, 0x00, 0x00, 0x00, 0x00, 0x00, 0x00, 0x00, 0x00, 0x00, 0x00, 0x00,
    0x00, 0x00, 0x00, 0x00, 0x00, 0x00, 0x00, 0x00, 0x00, 0x00, 0x00, 0x00, 0x00, 0x00, 0x00, 0x00,
    0x0E, 0x0E, 0x0E, 0x0E, 0x7E, 0x0E, 0x0E, 0x0E, 0x0E, 0x0E, 0x0E, 0x0E, 0x0E, 0x0E, 0x0E, 0x0E,
    0x0E, 0x0E, 0x0E, 0x0E, 0x0E, 0x0E, 0x0E, 0x0E, 0x0E, 0x0E, 0x0E, 0x0E, 0x0E, 0x0E, 0x0E, 0x0E,
    0x07, 0x07, 0x07, 0x07, 0x07, 0x07, 0x07, 0x07, 0x07, 0x07, 0x07, 0x07, 0x07, 0x07, 0x07, 0x07,
    0x07, 0x07, 0x07, 0x07, 0x07, 0x07, 0x07, 0x07, 0x07, 0x07, 0x07, 0x07, 0x07, 0x07, 0x07, 0x07,
    0x00, 0x00, 0x00, 0x00, 0x00, 0x00, 0x00, 0x00, 0x00, 0x00, 0x10, 0x10, 0x10, 0x20, 0x90, 0xE0,
    0x90, 0x20, 0x20, 0x10, 0x10, 0x10, 0x00, 0x00, 0x00, 0x00, 0x00, 0x00, 0x00, 0x00, 0x00, 0x00,
    0x00, 0x00, 0x00, 0x00, 0x00, 0x00, 0x00, 0x00, 0x00, 0x00, 0x00, 0x00, 0x00, 0x00, 0x90, 0xE0,
    0x90, 0x60, 0x00, 0x00, 0x00, 0x00, 0x00, 0x00, 0x00, 0x00, 0x00, 0x00, 0x00, 0x00, 0x00, 0x00,
    0x00, 0x00, 0x00, 0x00, 0x00, 0x00, 0x00, 0x00, 0x00, 0x00, 0x00, 0x00, 0x00, 0x00, 0x00, 0x00,
    0x00, 0x00, 0x00, 0x00, 0x00, 0x00, 0x00, 0x00, 0x00, 0x00, 0x00, 0x00, 0x00, 0x00, 0x00, 0x00,
    0x00, 0x00, 0x00, 0x00, 0x00, 0x00, 0x00, 0x00, 0x00, 0x01, 0x01, 0x01, 0x00, 0x00, 0x00, 0x20,
    0x00, 0x00, 0x00, 0x00, 0x01, 0x01, 0x01, 0x00, 0x00, 0x00, 0x00, 0x00, 0x00, 0x00, 0x00, 0x00,
    0x00, 0x00, 0x00, 0x00, 0x00, 0x00, 0x00, 0x00, 0x00, 0x00, 0x00, 0x00, 0x00, 0x00, 0x00, 0x00,
    0x00, 0x00, 0x00, 0x00, 0x00, 0x00, 0x00, 0x00, 0x00, 0x00, 0x00, 0x00, 0x00, 0x00, 0x00, 0x00,
    0x00, 0x00, 0x00, 0x00, 0x00, 0x00, 0x00, 0x00, 0x00, 0x00, 0x00, 0x00, 0x00, 0x00, 0x00, 0x00,
    0x00, 0x00, 0x00, 0x00, 0x00, 0x00, 0x00, 0x00, 0x00, 0x00, 0x00, 0x00, 0x00, 0x00, 0x00, 0x00,
    0x0E, 0x0E, 0x0E, 0x0E, 0x8E, 0x0E, 0x0E, 0x0E, 0x0E, 0x0E, 0x0E, 0x0E, 0x0E, 0x0E, 0x0E, 0x0E,
    0x0E, 0x0E, 0x0E, 0x0E, 0x0E, 0x0E, 0x0E, 0x0E, 0x0E, 0x0E, 0x0E, 0x0E, 0x0E, 0x0E, 0x0E, 0x0E,
    0x07, 0x07, 0x07, 0x07, 0x07, 0x07, 0x07, 0x07, 0x07, 0x07, 0x07, 0x07, 0x07, 0x07, 0x07, 0x07,
    0x07, 0x07, 0x07, 0x07, 0x07, 0x07, 0x07, 0x07, 0x07, 0x07, 0x07, 0x07, 0x07, 0x07, 0x07, 0x07,
    0x00, 0x00, 0x00, 0x00, 0x00, 0x00, 0x00, 0x00, 0x10, 0x10, 0x20, 0x20, 0x20, 0x30, 0x90, 0xE0,
    0x90, 0x30, 0x30, 0x20, 0x20, 0x20, 0x10, 0x10, 0x00, 0x00, 0x00, 0x00, 0x00, 0x00, 0x00, 0x00,
    0x00, 0x00, 0x00, 0x00, 0x00, 0x00, 0x00, 0x00, 0x00, 0x00, 0x00, 0x60, 0x60, 0x60, 0x90, 0xE0,
    0x90, 0x70, 0x60, 0x60, 0x60, 0x00, 0x00, 0x00, 0x00, 0x00, 0x00, 0x00, 0x00, 0x00, 0x00, 0x00,
    0x00, 0x00, 0x00, 0x00, 0x00, 0x00, 0x00, 0x00, 0x00, 0x00, 0x00, 0x00, 0x02, 0x02, 0x02, 0x02,
    0x02, 0x02, 0x02, 0x02, 0x00, 0x00, 0x00, 0x00, 0x00, 0x00, 0x00, 0x00, 0x00, 0x00, 0x00, 0x00,
    0x00, 0x00, 0x00, 0x00, 0x00, 0x00, 0x00, 0x01, 0x01, 0x00, 0x00, 0x00, 0x00, 0x00, 0x00, 0x20,
    0x00, 0x00, 0x00, 0x00, 0x00, 0x00, 0x00, 0x01, 0x01, 0x00, 0x00, 0x00, 0x00, 0x00, 0x00, 0x00,
    0x00, 0x00, 0x00, 0x00, 0x00, 0x00, 0x00, 0x00, 0x00, 0x00, 0x00, 0x00, 0x00, 0x00, 0x00, 0x00,
    0x00, 0x00, 0x00, 0x00, 0x00, 0x00, 0x00, 0x00, 0x00, 0x00, 0x00, 0x00, 0x00, 0x00, 0x00, 0x00,
    0x00, 0x00, 0x00, 0x00, 0x00, 0x00, 0x00, 0x00, 0x00, 0x00, 0x00, 0x00, 0x00, 0x00, 0x00, 0x00,
    0x00, 0x00, 0x00, 0x00, 0x00, 0x00, 0x00, 0x00, 0x00, 0x00, 0x00, 0x00, 0x00, 0x00, 0x00, 0x00,
    0x08, 0x08, 0x08, 0x08, 0xE8, 0x08, 0x08, 0x08, 0x08, 0x08, 0x08, 0x08, 0x08, 0x08, 0x08, 0x08,
    0x08, 0x08, 0x08, 0x08, 0x08, 0x08, 0x08, 0x08, 0x08, 0x08, 0x08, 0x08, 0x08, 0x08, 0x08, 0x08,
    0x06, 0x06, 0x06, 0x06, 0x06, 0x06, 0x06, 0x06, 0x06, 0x06, 0x06, 0x06, 0x06, 0x06, 0x06, 0x06,
    0x06, 0x06, 0x06, 0x06, 0x76, 0x06, 0x06, 0x06, 0x06, 0x06, 0x06, 0x06, 0x06, 0x06, 0x06, 0x06,
    0x00, 0x00, 0x00, 0x00, 0x00, 0x00, 0x00, 0x10, 0x20, 0x20, 0x30, 0x30, 0x30, 0x40, 0x90, 0xE0,
    0x90, 0x40, 0x40, 0x30, 0x30, 0x30, 0x20, 0x20, 0x10, 0x00, 0x00, 0x00, 0x00, 0x00, 0x00, 0x00,
    0x00, 0x00, 0x00, 0x00, 0x00, 0x00, 0x00, 0x00, 0x00, 0x60, 0x60, 0x70, 0x70, 0x70, 0x90, 0xE0,
    0x92, 0x80, 0x70, 0x70, 0x70, 0x60, 0x60, 0x00, 0x00, 0x00, 0x00, 0x00, 0x00, 0x00, 0x00, 0x00,
    0x00, 0x00, 0x00, 0x00, 0x00, 0x00, 0x00, 0x00, 0x00, 0x00, 0x02, 0x02, 0x03, 0x03, 0x03, 0x23,
    0x03, 0x03, 0x03, 0x03, 0x02, 0x02, 0x00, 0x00, 0x00, 0x00, 0x00, 0x00, 0x00, 0x00, 0x00, 0x00,
    0x00, 0x00, 0x00, 0x00, 0x00, 0x00, 0x01, 0x00, 0x00, 0x00, 0x00, 0x00, 0x00, 0x00, 0x00, 0x30,
    0x00, 0x00, 0x00, 0x00, 0x00, 0x00, 0x00, 0x00, 0x00, 0x01, 0x00, 0x00, 0x00, 0x00, 0x00, 0x00,
    0x00, 0x00, 0x00, 0x00, 0x00, 0x00, 0x00, 0x00, 0x00, 0x00, 0x00, 0x00, 0x00, 0x00, 0x00, 0x00,
    0x00, 0x00, 0x00, 0x00, 0x00, 0x00, 0x00, 0x00, 0x00, 0x00, 0x00, 0x00, 0x00, 0x00, 0x00, 0x00,
    0x00, 0x00, 0x00, 0x00, 0x00, 0x00, 0x00, 0x00, 0x00, 0x00, 0x00, 0x00, 0x00, 0x00, 0x00, 0x00,
    0x00, 0x00, 0x00, 0x00, 0x00, 0x00, 0x00, 0x00, 0x00, 0x00, 0x00, 0x00, 0x00, 0x00, 0x00, 0x00,
    0x08, 0x78, 0x88, 0xE8, 0xE8, 0xE8, 0x88, 0x78, 0x08, 0x08, 0x08, 0x08, 0x08, 0x08, 0x08, 0x08,
    0x08, 0x08, 0x08, 0x08, 0x08, 0x08, 0x08, 0x08, 0x08, 0x08, 0x08, 0x08, 0x08, 0x08, 0x08, 0x08,
    0x06, 0x06, 0x06, 0x06, 0x06, 0x76, 0x06, 0x06, 0x06, 0x06, 0x06, 0x06, 0x06, 0x06, 0x06, 0x06,
    0x06, 0x06, 0x06, 0x06, 0x86, 0x06, 0x06, 0x06, 0x06, 0x06, 0x06, 0x06, 0x06, 0x06, 0x06, 0x06,
    0x00, 0x00, 0x00, 0x00, 0x90, 0x90, 0x10, 0x20, 0x30, 0x30, 0x40, 0x40, 0x40, 0xB0, 0x90, 0xE6,
    0xA0, 0x90, 0xB0, 0x40, 0x40, 0x40, 0x30, 0x30, 0x20, 0x10, 0x00, 0x90, 0x90, 0x00, 0x00, 0x00,
    0x00, 0x00, 0x00, 0x00, 0x90, 0x90, 0x00, 0x00, 0x60, 0x70, 0x70, 0x80, 0x80, 0xB2, 0x92, 0xE2,
    0xA3, 0x92, 0xB2, 0x80, 0x80, 0x70, 0x70, 0x60, 0x00, 0x00, 0x00, 0x90, 0x90, 0x00, 0x00, 0x00,
    0x00, 0x00, 0x00, 0x00, 0x00, 0x00, 0x00, 0x00, 0x02, 0x02, 0x03, 0x03, 0x00, 0x00, 0x00, 0x20,
    0x00, 0x00, 0x00, 0x00, 0x03, 0x03, 0x02, 0x02, 0x00, 0x00, 0x00, 0x00, 0x20, 0x00, 0x00, 0x00,
    0x00, 0x00, 0x00, 0x20, 0x00, 0x01, 0x00, 0x00, 0x00, 0x00, 0x00, 0x00, 0x00, 0x00, 0x20, 0x30,
    0x00, 0x00, 0x00, 0x00, 0x00, 0x00, 0x00, 0x00, 0x00, 0x00, 0x01, 0x00, 0x20, 0x00, 0x00, 0x00,
    0x00, 0x00, 0x00, 0x00, 0x00, 0x00, 0x00, 0x00, 0x00, 0x00, 0x00, 0x00, 0x00, 0x00, 0x00, 0x00,
    0x00, 0x00, 0x00, 0x00, 0x00, 0x00, 0x00, 0x00, 0x00, 0x00, 0x00, 0x00, 0x00, 0x00, 0x00, 0x00,
    0x00, 0x00, 0x00, 0x00, 0x00, 0x00, 0x00, 0x00, 0x00, 0x00, 0x00, 0x00, 0x00, 0x00, 0x00, 0x00,
    0x00, 0x00, 0x00, 0x00, 0x00, 0x00, 0x00, 0x00, 0x00, 0x00, 0x00, 0x00, 0x00, 0x00, 0x00, 0x00,
    0x07, 0x07, 0x07, 0x07, 0xE7, 0x07, 0x07, 0x07, 0x07, 0x07, 0x07, 0x07, 0x07, 0x07, 0x07, 0x07,
    0x07, 0x07, 0x07, 0x87, 0x07, 0x87, 0x07, 0x07, 0x07, 0x07, 0x07, 0x07, 0x07, 0x07, 0x07, 0x07,
    0x08, 0x08, 0x08, 0x08, 0x78, 0x88, 0x78, 0x08, 0x08, 0x08, 0x08, 0x08, 0x08, 0x08, 0x08, 0x08,
    0x08, 0x08, 0x08, 0x08, 0xE8, 0x08, 0x08, 0x08, 0x08, 0x08, 0x08, 0x08, 0x08, 0x08, 0x08, 0x08,
    0x00, 0x00, 0x00, 0x00, 0x90, 0xE0, 0x90, 0x30, 0x40, 0x40, 0xE0, 0xB0, 0x90, 0x90, 0xB6, 0xE7,
    0xA6, 0x90, 0x90, 0x90, 0xB0, 0xE0, 0x40, 0x40, 0x30, 0x20, 0x90, 0xE0, 0x90, 0x00, 0x00, 0x00,
    0x00, 0x00, 0x00, 0x00, 0x90, 0xE0, 0x90, 0x60, 0x70, 0x80, 0x80, 0xB2, 0x92, 0x93, 0xB3, 0xE3,
    0xA4, 0x93, 0x93, 0x92, 0xB2, 0x80, 0x80, 0x70, 0x60, 0x00, 0x90, 0xE0, 0x90, 0x00, 0x00, 0x00,
    0x00, 0x00, 0x00, 0x00, 0x20, 0x00, 0x00, 0x02, 0x03, 0x03, 0x00, 0x00, 0x00, 0x00, 0x00, 0x30,
    0x00, 0x00, 0x00, 0x00, 0x00, 0x00, 0x03, 0x03, 0x02, 0x00, 0x00, 0x00, 0x30, 0x00, 0x00, 0x00,
    0x00, 0x00, 0x00, 0x30, 0x01, 0x00, 0x00, 0x00, 0x00, 0x00, 0x00, 0x00, 0x00, 0x00, 0x20, 0x30,
    0x00, 0x00, 0x00, 0x00, 0x00, 0x00, 0x00, 0x00, 0x00, 0x00, 0x20, 0x01, 0x30, 0x00, 0x00, 0x00,
    0x00, 0x00, 0x00, 0x00, 0x00, 0x00, 0x00, 0x00, 0x00, 0x00, 0x00, 0x00, 0x00, 0x00, 0x00, 0x00,
    0x00, 0x00, 0x00, 0x00, 0x00, 0x00, 0x00, 0x00, 0x00, 0x00, 0x00, 0x00, 0x00, 0x00, 0x00, 0x00,
    0x00, 0x00, 0x00, 0x00, 0x00, 0x00, 0x00, 0x00, 0x00, 0x00, 0x00, 0x00, 0x00, 0x00, 0x00, 0x00,
    0x00, 0x00, 0x00, 0x00, 0x00, 0x00, 0x00, 0x00, 0x00, 0x00, 0x00, 0x00, 0x00, 0x00, 0x00, 0x00,
    0x07, 0x07, 0x07, 0x07, 0x87, 0x07, 0x07, 0x07, 0x07, 0x07, 0x07, 0x07, 0x07, 0x07, 0x07, 0x07,
    0x07, 0x07, 0x07, 0x07, 0xE7, 0x07, 0x07, 0x07, 0x07, 0x07, 0x07, 0x07, 0x07, 0x07, 0x07, 0x07,
    0x08, 0x08, 0x08, 0x08, 0x08, 0x78, 0x08, 0x08, 0x08, 0x08, 0x08, 0x08, 0x08, 0x08, 0x08, 0x08,
    0x08, 0x78, 0x88, 0xE8, 0xE8, 0xE8, 0x88, 0x78, 0x08, 0x08, 0x08, 0x08, 0x08, 0x08, 0x08, 0x08,
    0x00, 0x00, 0x00, 0x00, 0x10, 0x90, 0xE0, 0x90, 0x90, 0xB0, 0x90, 0x90, 0x90, 0xB6, 0xC7, 0xE8,
    0xB7, 0xA6, 0x96, 0x90, 0x90, 0x90, 0xB0, 0xE0, 0x90, 0x90, 0xE0, 0x90, 0x00, 0x00, 0x00, 0x00,
    0x00, 0x00, 0x00, 0x00, 0x00, 0x90, 0xE0, 0x90, 0x90, 0xB2, 0x92, 0x93, 0x93, 0xB4, 0xC4, 0xE4,
    0xBE, 0xA4, 0x94, 0x93, 0x93, 0x92, 0xB2, 0x80, 0x90, 0x90, 0xE0, 0x90, 0x00, 0x00, 0x00, 0x00,
    0x00, 0x00, 0x00, 0x00, 0x30, 0x00, 0x02, 0x03, 0x00, 0x00, 0x00, 0x00, 0x00, 0x00, 0x00, 0x30,
    0x00, 0x00, 0x00, 0x00, 0x00, 0x00, 0x00, 0x00, 0x03, 0x02, 0x20, 0x00, 0x00, 0x00, 0x00, 0x00,
    0x00, 0x00, 0x00, 0x01, 0x00, 0x20, 0x00, 0x00, 0x00, 0x00, 0x00, 0x00, 0x30, 0x00, 0x30, 0x30,
    0x20, 0x00, 0x00, 0x20, 0x00, 0x00, 0x00, 0x00, 0x00, 0x00, 0x00, 0x00, 0x01, 0x00, 0x00, 0x00,
    0x00, 0x00, 0x00, 0x20, 0x00, 0x00, 0x00, 0x00, 0x00, 0x00, 0x00, 0x00, 0x00, 0x00, 0x00, 0x20,
    0x00, 0x00, 0x00, 0x00, 0x00, 0x00, 0x00, 0x00, 0x00, 0x00, 0x00, 0x00, 0x00, 0x00, 0x00, 0x00,
    0x00, 0x00, 0x00, 0x00, 0x00, 0x00, 0x00, 0x00, 0x00, 0x00, 0x00, 0x00, 0x00, 0x00, 0x00, 0x00,
    0x00, 0x00, 0x00, 0x00, 0x00, 0x00, 0x00, 0x00, 0x00, 0x00, 0x00, 0x00, 0x00, 0x00, 0x00, 0x00,
    0x0E, 0x0E, 0x0E, 0x0E, 0x7E, 0x0E, 0x0E, 0x0E, 0x0E, 0x0E, 0x0E, 0x0E, 0x0E, 0x0E, 0x0E, 0x0E,
    0x0E, 0x0E, 0x0E, 0x8E, 0x0E, 0x8E, 0x0E, 0x0E, 0x0E, 0x0E, 0x0E, 0x0E, 0x0E, 0x0E, 0x0E, 0x0E,
    0x07, 0x07, 0x07, 0x07, 0x07, 0x07, 0x07, 0x07, 0x07, 0x07, 0x07, 0x07, 0x07, 0x07, 0x07, 0x07,
    0x07, 0x07, 0x07, 0x07, 0xE7, 0x07, 0x07, 0x07, 0x07, 0x07, 0x07, 0x07, 0x07, 0x07, 0x07, 0x07,
    0x00, 0x00, 0x00, 0x10, 0x20, 0x30, 0x90, 0xE0, 0xB0, 0x90, 0x90, 0x96, 0xA6, 0xA7, 0xB8, 0xBE,
    0xA8, 0x97, 0x97, 0x96, 0x96, 0x90, 0x90, 0x90, 0xB0, 0xE0, 0x90, 0x20, 0x10, 0x00, 0x00, 0x00,
    0x00, 0x00, 0x00, 0x00, 0x00, 0x60, 0x90, 0xE0, 0xB2, 0x93, 0x93, 0x94, 0xA4, 0xAE, 0xBE, 0xBE,
    0xAE, 0x9E, 0x9E, 0x94, 0x94, 0x93, 0x93, 0x92, 0xB0, 0xE0, 0x90, 0x00, 0x00, 0x00, 0x00, 0x00,
    0x00, 0x00, 0x00, 0x00, 0x00, 0x02, 0x03, 0x00, 0x00, 0x00, 0x00, 0x00, 0x00, 0x00, 0x20, 0x30,
    0x00, 0x00, 0x00, 0x00, 0x00, 0x00, 0x00, 0x00, 0x00, 0x03, 0x02, 0x00, 0x00, 0x00, 0x00, 0x00,
    0x00, 0x00, 0x01, 0x00, 0x00, 0x00, 0x00, 0x00, 0x00, 0x00, 0x00, 0x00, 0x30, 0x00, 0x40, 0x30,
    0x20, 0x00, 0x00, 0x20, 0x00, 0x00, 0x00, 0x00, 0x00, 0x00, 0x00, 0x00, 0x00, 0x01, 0x00, 0x00,
    0x00, 0x00, 0x00, 0x20, 0x00, 0x00, 0x00, 0x00, 0x00, 0x00, 0x00, 0x00, 0x00, 0x00, 0x00, 0x20,
    0x00, 0x00, 0x00, 0x00, 0x00, 0x00, 0x00, 0x00, 0x00, 0x00, 0x20, 0x00, 0x20, 0x00, 0x00, 0x00,
    0x00, 0x00, 0x00, 0x00, 0x00, 0x00, 0x00, 0x00, 0x00, 0x00, 0x00, 0x00, 0x00, 0x00, 0x00, 0x00,
    0x00, 0x00, 0x00, 0x00, 0x00, 0x00, 0x00, 0x00, 0x00, 0x00, 0x00, 0x00, 0x00, 0x00, 0x00, 0x00,
    0x0E, 0x0E, 0x0E, 0x0E, 0x0E, 0x0E, 0x0E, 0x0E, 0x0E, 0x0E, 0x0E, 0x0E, 0x0E, 0x0E, 0x0E, 0x0E,
    0x0E, 0x0E, 0x0E, 0x0E, 0x0E, 0x0E, 0x0E, 0x0E, 0x0E, 0x0E, 0x0E, 0x0E, 0x0E, 0x3E, 0x0E, 0x0E,
    0x07, 0x07, 0x07, 0x07, 0x07, 0x07, 0x07, 0x07, 0x07, 0x07, 0x07, 0x07, 0x07, 0x07, 0x07, 0x07,
    0x07, 0x07, 0x07, 0x07, 0x87, 0x07, 0x07, 0x07, 0x07, 0x07, 0x07, 0x07, 0x07, 0x07, 0x07, 0x07,
    0x00, 0x00, 0x10, 0x20, 0x30, 0x40, 0x90, 0xB0, 0xE0, 0xD6, 0xB6, 0xA7, 0xB7, 0xB8, 0xBE, 0xAE,
    0x9E, 0x98, 0x98, 0x97, 0x97, 0xA6, 0xB6, 0xD0, 0xE0, 0xB0, 0x90, 0x30, 0x20, 0x10, 0x00, 0x00,
    0x00, 0x00, 0x00, 0x00, 0x60, 0x70, 0x90, 0xB2, 0xE3, 0xD4, 0xB4, 0xAE, 0xBE, 0xBE, 0xBE, 0xAE,
    0x9E, 0x9E, 0x9E, 0x9E, 0x9E, 0xA4, 0xB4, 0xD3, 0xE2, 0xB0, 0x90, 0x60, 0x00, 0x00, 0x00, 0x00,
    0x00, 0x00, 0x00, 0x00, 0x02, 0x03, 0x00, 0x30, 0x00, 0x00, 0x00, 0x00, 0x00, 0x00, 0x20, 0x30,
    0x20, 0x00, 0x00, 0x00, 0x00, 0x00, 0x00, 0x00, 0x00, 0x00, 0x03, 0x02, 0x00, 0x00, 0x00, 0x00,
    0x00, 0x00, 0x01, 0x00, 0x00, 0x00, 0x00, 0x30, 0x00, 0x00, 0x00, 0x00, 0x00, 0x00, 0x42, 0x42,
    0x22, 0x02, 0x00, 0x30, 0x00, 0x00, 0x00, 0x00, 0x00, 0x00, 0x20, 0x00, 0x00, 0x01, 0x00, 0x00,
    0x00, 0x00, 0x00, 0x00, 0x00, 0x20, 0x00, 0x00, 0x20, 0x00, 0x00, 0x00, 0x00, 0x00, 0x00, 0x30,
    0x00, 0x00, 0x00, 0x00, 0x00, 0x00, 0x00, 0x00, 0x00, 0x00, 0x00, 0x00, 0x00, 0x00, 0x00, 0x00,
    0x00, 0x00, 0x00, 0x00, 0x00, 0x00, 0x00, 0x00, 0x00, 0x00, 0x00, 0x00, 0x00, 0x00, 0x00, 0x00,
    0x00, 0x00, 0x00, 0x00, 0x00, 0x00, 0x00, 0x00, 0x00, 0x00, 0x00, 0x00, 0x00, 0x00, 0x00, 0x00,
    0x08, 0x08, 0x08, 0x08, 0x08, 0x08, 0x08, 0x08, 0x08, 0x08, 0x08, 0x08, 0x08, 0x08, 0x08, 0x08,
    0x08, 0x08, 0x08, 0x08, 0x08, 0x08, 0x08, 0x08, 0x08, 0x08, 0x08, 0x08, 0x08, 0x48, 0x08, 0x08,
    0x06, 0x06, 0x06, 0x06, 0x06, 0x06, 0x06, 0x06, 0x06, 0x06, 0x06, 0x06, 0x06, 0x06, 0x06, 0x06,
    0x06, 0x06, 0x06, 0x06, 0x76, 0x06, 0x06, 0x06, 0x06, 0x06, 0x06, 0x06, 0x06, 0x26, 0x06, 0x06,
    0x00, 0x00, 0x10, 0x20, 0x30, 0x40, 0xB0, 0x90, 0xD6, 0xE7, 0xC7, 0xB8, 0xC8, 0xCE, 0xCE, 0xBE,
    0xAE, 0x9E, 0x9E, 0x98, 0x98, 0xA7, 0xC7, 0xE6, 0xD0, 0x90, 0x40, 0x30, 0x20, 0x10, 0x00, 0x00,
    0x00, 0x00, 0x00, 0x60, 0x70, 0x80, 0xB2, 0x93, 0xD4, 0xEE, 0xCE, 0xBE, 0xCE, 0xCE, 0xCE, 0xBE,
    0xAE, 0x9E, 0x9E, 0x9E, 0x9E, 0xAE, 0xCE, 0xE4, 0xD3, 0x92, 0x80, 0x70, 0x60, 0x00, 0x00, 0x00,
    0x00, 0x00, 0x00, 0x00, 0x32, 0x03, 0x00, 0x00, 0x00, 0x00, 0x00, 0x00, 0x00, 0x00, 0x30, 0x30,
    0x20, 0x00, 0x00, 0x00, 0x00, 0x00, 0x00, 0x00, 0x00, 0x00, 0x23, 0x02, 0x00, 0x00, 0x00, 0x00,
    0x00, 0x01, 0x30, 0x00, 0x00, 0x00, 0x00, 0x00, 0x00, 0x00, 0x00, 0x00, 0x22, 0x02, 0x43, 0x43,
    0x23, 0x03, 0x22, 0x32, 0x00, 0x00, 0x00, 0x00, 0x00, 0x00, 0x00, 0x00, 0x00, 0x00, 0x01, 0x00,
    0x00, 0x00, 0x00, 0x00, 0x00, 0x00, 0x00, 0x00, 0x00, 0x00, 0x00, 0x00, 0x00, 0x00, 0x00, 0x40,
    0x00, 0x00, 0x00, 0x00, 0x00, 0x00, 0x00, 0x00, 0x00, 0x00, 0x00, 0x00, 0x00, 0x00, 0x00, 0x00,
    0x00, 0x00, 0x00, 0x00, 0x00, 0x00, 0x00, 0x00, 0x00, 0x00, 0x00, 0x00, 0x00, 0x00, 0x00, 0x00,
    0x00, 0x00, 0x00, 0x00, 0x00, 0x00, 0x00, 0x00, 0x00, 0x00, 0x00, 0x00, 0x00, 0x00, 0x00, 0x00,
    0x08, 0x08, 0x08, 0x08, 0x08, 0x08, 0x08, 0x08, 0x08, 0x08, 0x08, 0x08, 0x08, 0x08, 0x08, 0x08,
    0x08, 0x08, 0x08, 0x08, 0x08, 0x08, 0x08, 0x08, 0x08, 0x08, 0x08, 0x38, 0x48, 0xE8, 0x48, 0x38,
    0x06, 0x06, 0x06, 0x06, 0x06, 0x06, 0x06, 0x06, 0x06, 0x06, 0x06, 0x06, 0x06, 0x06, 0x06, 0x06,
    0x06, 0x06, 0x06, 0x06, 0x06, 0x06, 0x06, 0x06, 0x06, 0x06, 0x06, 0x06, 0x26, 0x36, 0x26, 0x06,
    0x00, 0x10, 0x20, 0x30, 0x40, 0xE0, 0xB0, 0x90, 0xB6, 0xC7, 0xB8, 0xCE, 0xDE, 0xDE, 0xDE, 0xCE,
    0xBE, 0xAE, 0x9E, 0x9E, 0x9E, 0x98, 0xA7, 0xD6, 0xB0, 0x90, 0xB0, 0x40, 0x30, 0x20, 0x10, 0x00,
    0x00, 0x00, 0x00, 0x60, 0x70, 0x80, 0xB2, 0x93, 0xB4, 0xCE, 0xBE, 0xCE, 0xDE, 0xDE, 0xDE, 0xCE,
    0xBE, 0xAE, 0x9E, 0x9E, 0x9E, 0x9E, 0xAE, 0xD4, 0xB3, 0x92, 0xB0, 0x70, 0x60, 0x00, 0x00, 0x00,
    0x00, 0x00, 0x00, 0x02, 0x33, 0x00, 0x00, 0x00, 0x00, 0x00, 0x00, 0x00, 0x30, 0x00, 0x40, 0x36,
    0x26, 0x00, 0x20, 0x00, 0x00, 0x00, 0x00, 0x00, 0x00, 0x00, 0x00, 0x03, 0x02, 0x00, 0x00, 0x00,
    0x00, 0x01, 0x30, 0x00, 0x00, 0x00, 0x00, 0x00, 0x00, 0x00, 0x00, 0x02, 0x23, 0x03, 0xE4, 0x44,
    0x24, 0x04, 0x23, 0x33, 0x02, 0x00, 0x00, 0x00, 0x00, 0x00, 0x00, 0x00, 0x00, 0x20, 0x01, 0x00,
    0x00, 0x00, 0x00, 0x00, 0x00, 0x00, 0x00, 0x20, 0x00, 0x00, 0x00, 0x00, 0x31, 0x01, 0x21, 0x31,
    0x01, 0x01, 0x01, 0x01, 0x00, 0x00, 0x00, 0x00, 0x00, 0x00, 0x20, 0x00, 0x00, 0x00, 0x00, 0x00,
    0x00, 0x00, 0x00, 0x20, 0x00, 0x00, 0x00, 0x00, 0x00, 0x00, 0x00, 0x00, 0x00, 0x00, 0x00, 0x00,
    0x00, 0x00, 0x00, 0x00, 0x00, 0x00, 0x00, 0x00, 0x00, 0x00, 0x00, 0x00, 0x00, 0x00, 0x00, 0x00,
    0x07, 0x07, 0x07, 0x07, 0x07, 0x07, 0x07, 0x07, 0x07, 0x07, 0x07, 0x07, 0x07, 0x07, 0x07, 0x07,
    0x07, 0x07, 0x07, 0x07, 0x07, 0x07, 0x07, 0x07, 0x07, 0x07, 0x07, 0x07, 0x07, 0x47, 0x07, 0x07,
    0x08, 0x08, 0x08, 0x08, 0x08, 0x08, 0x08, 0x08, 0x08, 0x08, 0x08, 0x08, 0x08, 0x08, 0x08, 0x08,
    0x08, 0x08, 0x08, 0x08, 0x08, 0x08, 0x08, 0x08, 0x08, 0x08, 0x08, 0x08, 0x08, 0x28, 0x08, 0x08,
    0x00, 0x10, 0x20, 0x30, 0x40, 0xB0, 0x90, 0x96, 0xA7, 0xA8, 0xBE, 0xCE, 0xDE, 0xEE, 0xDE, 0xCE,
    0xBE, 0xAE, 0x9E, 0x9E, 0x9E, 0x9E, 0x98, 0xA7, 0xA6, 0x90, 0x90, 0x40, 0x30, 0x20, 0x10, 0x00,
    0x00, 0x00, 0x60, 0x70, 0x80, 0xB2, 0x93, 0x94, 0xAE, 0xAE, 0xBE, 0xCE, 0xDE, 0xEE, 0xDE, 0xCE,
    0xBE, 0xAE, 0x9E, 0x9E, 0x9E, 0x9E, 0x9E, 0xAE, 0xA4, 0x93, 0x92, 0x80, 0x70, 0x60, 0x00, 0x00,
    0x00, 0x00, 0x00, 0x02, 0x33, 0x00, 0x00, 0x00, 0x00, 0x00, 0x00, 0x00, 0x30, 0x06, 0x46, 0x37,
    0x27, 0x06, 0x26, 0x00, 0x00, 0x00, 0x00, 0x00, 0x00, 0x00, 0x00, 0x03, 0x22, 0x00, 0x00, 0x00,
    0x00, 0x01, 0x30, 0x00, 0x00, 0x00, 0x00, 0x00, 0x00, 0x00, 0x02, 0x03, 0x34, 0x04, 0x4E, 0x4E,
    0x2E, 0x2E, 0x34, 0x24, 0x23, 0x02, 0x00, 0x00, 0x00, 0x00, 0x00, 0x00, 0x20, 0x30, 0x21, 0x00,
    0x00, 0x00, 0x20, 0x00, 0x00, 0x00, 0x00, 0x00, 0x00, 0x00, 0x01, 0x01, 0x22, 0x02, 0x22, 0x32,
    0x02, 0x02, 0x02, 0x02, 0x01, 0x01, 0x00, 0x00, 0x00, 0x00, 0x00, 0x00, 0x00, 0x00, 0x00, 0x00,
    0x00, 0x00, 0x00, 0x00, 0x00, 0x20, 0x00, 0x00, 0x20, 0x00, 0x00, 0x00, 0x00, 0x00, 0x00, 0x00,
    0x00, 0x00, 0x00, 0x00, 0x00, 0x00, 0x00, 0x00, 0x00, 0x00, 0x00, 0x00, 0x00, 0x00, 0x00, 0x00,
    0x07, 0x07, 0x07, 0x07, 0x07, 0x07, 0x07, 0x07, 0x07, 0x07, 0x07, 0x07, 0x07, 0x07, 0x07, 0x07,
    0x07, 0x07, 0x07, 0x07, 0x07, 0x07, 0x07, 0x07, 0x07, 0x07, 0x07, 0x07, 0x07, 0x37, 0x07, 0x07,
    0x08, 0x08, 0x08, 0x08, 0x08, 0x08, 0x08, 0x08, 0x08, 0x08, 0x08, 0x08, 0x08, 0x08, 0x08, 0x08,
    0x08, 0x08, 0x08, 0x08, 0x08, 0x08, 0x08, 0x08, 0x08, 0x08, 0x08, 0x08, 0x08, 0x08, 0x08, 0x08,
    0x00, 0x10, 0x20, 0x30, 0x40, 0x90, 0x90, 0x96, 0x97, 0xA8, 0xBE, 0xCE, 0xDE, 0xDE, 0xDE, 0xCE,
    0xBE, 0xAE, 0x9E, 0x9E, 0x9E, 0x9E, 0x98, 0x97, 0x96, 0x90, 0x90, 0xB0, 0x30, 0x20, 0x10, 0x00,
    0x00, 0x00, 0x60, 0x70, 0x80, 0x92, 0x93, 0x94, 0x9E, 0xAE, 0xBE, 0xCE, 0xDE, 0xDE, 0xDE, 0xCE,
    0xBE, 0xAE, 0x9E, 0x9E, 0x9E, 0x9E, 0x9E, 0x9E, 0x94, 0x93, 0x92, 0xB0, 0x70, 0x60, 0x00, 0x00,
    0x00, 0x00, 0x02, 0x03, 0x00, 0x30, 0x30, 0x00, 0x00, 0x00, 0x00, 0x00, 0x06, 0x07, 0xE7, 0x38,
    0x28, 0x27, 0x37, 0x06, 0x00, 0x00, 0x00, 0x00, 0x00, 0x00, 0x00, 0x20, 0x33, 0x22, 0x00, 0x00,
    0x01, 0x00, 0x00, 0x30, 0x30, 0x00, 0x30, 0x00, 0x00, 0x02, 0x03, 0x34, 0x3E, 0x2E, 0xEE, 0x3E,
    0x2E, 0x2E, 0x3E, 0x2E, 0x24, 0x03, 0x02, 0x00, 0x00, 0x00, 0x00, 0x00, 0x00, 0x20, 0x00, 0x01,
    0x00, 0x00, 0x20, 0x00, 0x00, 0x00, 0x00, 0x00, 0x01, 0x21, 0x02, 0x02, 0x03, 0x03, 0x33, 0x23,
    0x23, 0x02, 0x02, 0x02, 0x02, 0x02, 0x01, 0x01, 0x00, 0x00, 0x00, 0x00, 0x00, 0x20, 0x00, 0x00,
    0x00, 0x00, 0x00, 0x00, 0x00, 0x00, 0x00, 0x00, 0x00, 0x00, 0x00, 0x00, 0x20, 0x00, 0x00, 0x00,
    0x00, 0x00, 0x00, 0x00, 0x00, 0x00, 0x00, 0x00, 0x00, 0x00, 0x00, 0x00, 0x00, 0x00, 0x00, 0x00,
    0x0E, 0x0E, 0x0E, 0x0E, 0x0E, 0x0E, 0x0E, 0x0E, 0x0E, 0x0E, 0x0E, 0x0E, 0x0E, 0x0E, 0x0E, 0x0E,
    0x0E, 0x0E, 0x0E, 0x0E, 0x0E, 0x0E, 0x0E, 0x0E, 0x0E, 0x0E, 0x0E, 0x0E, 0x0E, 0x0E, 0x0E, 0x0E,
    0x07, 0x07, 0x07, 0x07, 0x07, 0x07, 0x07, 0x07, 0x07, 0x07, 0x07, 0x07, 0x07, 0x07, 0x07, 0x07,
    0x07, 0x07, 0x07, 0x07, 0x07, 0x07, 0x07, 0x07, 0x07, 0x07, 0x07, 0x07, 0x07, 0x07, 0x07, 0x07,
    0x10, 0x20, 0x30, 0x40, 0x90, 0xC0, 0xB6, 0x97, 0x98, 0x9E, 0xAE, 0xBE, 0xCE, 0xCE, 0xCE, 0xBE,
    0xAE, 0x9E, 0x9E, 0x9E, 0x9E, 0x9E, 0x9E, 0x98, 0x97, 0x96, 0x90, 0x90, 0x40, 0x30, 0x20, 0x10,
    0x00, 0x00, 0x60, 0x70, 0x92, 0xC3, 0xB4, 0x9E, 0x9E, 0x9E, 0xAE, 0xBE, 0xCE, 0xCE, 0xCE, 0xBE,
    0xAE, 0x9E, 0x9E, 0x9E, 0x9E, 0x9E, 0x9E, 0x9E, 0x9E, 0x94, 0x93, 0x92, 0x70, 0x60, 0x00, 0x00,
    0x00, 0x00, 0x02, 0x03, 0x00, 0x30, 0x30, 0x00, 0x00, 0x00, 0x00, 0x06, 0x27, 0x08, 0xE8, 0x38,
    0x28, 0x28, 0x38, 0x07, 0x06, 0x00, 0x00, 0x00, 0x20, 0x00, 0x00, 0x00, 0x23, 0x02, 0x00, 0x00,
    0x01, 0x00, 0x00, 0x30, 0x30, 0x30, 0x30, 0x00, 0x00, 0x02, 0x03, 0x34, 0x3E, 0x2E, 0xEE, 0x3E,
    0x2E, 0x3E, 0x3E, 0x2E, 0x24, 0x03, 0x02, 0x00, 0x00, 0x20, 0x00, 0x00, 0x00, 0x00, 0x00, 0x01,
    0x00, 0x00, 0x00, 0x00, 0x00, 0x00, 0x00, 0x01, 0x02, 0x02, 0x03, 0x03, 0x23, 0x03, 0x43, 0x33,
    0x33, 0x03, 0x03, 0x22, 0x02, 0x02, 0x02, 0x02, 0x01, 0x00, 0x00, 0x00, 0x20, 0x20, 0x20, 0x00,
    0x00, 0x00, 0x00, 0x00, 0x00, 0x00, 0x00, 0x20, 0x00, 0x00, 0x00, 0x00, 0x20, 0x01, 0x01, 0x01,
    0x01, 0x01, 0x01, 0x00, 0x00, 0x00, 0x00, 0x00, 0x00, 0x00, 0x00, 0x00, 0x00, 0x00, 0x00, 0x00,
    0x0E, 0x0E, 0x0E, 0x0E, 0x0E, 0x0E, 0x0E, 0x0E, 0x0E, 0x0E, 0x0E, 0x0E, 0x0E, 0x0E, 0x0E, 0x0E,
    0x0E, 0x0E, 0x0E, 0x0E, 0x0E, 0x0E, 0x0E, 0x0E, 0x0E, 0x0E, 0x0E, 0x0E, 0x0E, 0x0E, 0x0E, 0x0E,
    0x07, 0x07, 0x07, 0x07, 0x07, 0x07, 0x07, 0x07, 0x07, 0x07, 0x07, 0x07, 0x07, 0x07, 0x07, 0x07,
    0x07, 0x07, 0x07, 0x07, 0x07, 0x07, 0x07, 0x07, 0x07, 0x07, 0x07, 0x07, 0x07, 0x07, 0x07, 0x07,
    0x10, 0x90, 0x90, 0x90, 0xC0, 0xE0, 0xE6, 0xA7, 0x98, 0x9E, 0x9E, 0xAE, 0xBE, 0xBE, 0xBE, 0xAE,
    0xAE, 0xAE, 0x9E, 0x9E, 0x9E, 0x9E, 0x9E, 0x9E, 0x98, 0x97, 0x96, 0xA0, 0x90, 0x90, 0x90, 0x10,
    0x00, 0x90, 0x90, 0x90, 0xC2, 0xE3, 0xE4, 0xAE, 0x9E, 0x9E, 0x9E, 0xAE, 0xBE, 0xBE, 0xBE, 0xAE,
    0xAE, 0xAE, 0x9E, 0x9E, 0x9E, 0x9E, 0x9E, 0x9E, 0x9E, 0x94, 0x93, 0xA2, 0x90, 0x90, 0x90, 0x00,
    0x00, 0x00, 0x32, 0x33, 0x30, 0x30, 0x00, 0x20, 0x00, 0x20, 0x00, 0x06, 0x27, 0x08, 0xE8, 0x3E,
    0x2E, 0x38, 0x38, 0x07, 0x06, 0x00, 0x00, 0x00, 0x00, 0x00, 0x00, 0x00, 0x03, 0x02, 0x00, 0x00,
    0x31, 0x30, 0x30, 0x30, 0x00, 0x30, 0x30, 0x20, 0x02, 0x23, 0x04, 0x3E, 0x3E, 0x2E, 0xEE, 0x3E,
    0x3E, 0x4E, 0x3E, 0x2E, 0x2E, 0x04, 0x03, 0x02, 0x00, 0x00, 0x00, 0x00, 0x00, 0x00, 0x20, 0x01,
    0x00, 0x00, 0x00, 0x20, 0x20, 0x00, 0x21, 0x02, 0x03, 0x03, 0x03, 0x04, 0x24, 0x04, 0xE4, 0x33,
    0x43, 0x03, 0x03, 0x03, 0x02, 0x02, 0x22, 0x02, 0x02, 0x21, 0x00, 0x00, 0x00, 0x00, 0x00, 0x00,
    0x00, 0x00, 0x00, 0x00, 0x00, 0x00, 0x00, 0x00, 0x00, 0x00, 0x00, 0x01, 0x01, 0x02, 0x02, 0x02,
    0x02, 0x02, 0x02, 0x01, 0x01, 0x00, 0x00, 0x00, 0x00, 0x00, 0x00, 0x00, 0x00, 0x00, 0x00, 0x00,
    0x08, 0x08, 0x08, 0x08, 0x08, 0x08, 0x08, 0x08, 0x08, 0x08, 0x08, 0x08, 0x08, 0x08, 0x08, 0x08,
    0x08, 0x08, 0x08, 0x08, 0x08, 0x08, 0x08, 0x08, 0x08, 0x08, 0x08, 0x08, 0x08, 0x08, 0x08, 0x08,
    0x06, 0x06, 0x06, 0x06, 0x06, 0x06, 0x06, 0x06, 0x06, 0x06, 0x06, 0x06, 0x06, 0x06, 0x06, 0x06,
    0x06, 0x06, 0x26, 0x06, 0x06, 0x06, 0x06, 0x06, 0x06, 0x06, 0x06, 0x06, 0x06, 0x06, 0x06, 0x06,
    0x90, 0xE0, 0xE0, 0xE0, 0xE0, 0xC6, 0xB7, 0xA8, 0x9E, 0x9E, 0x9E, 0x9E, 0xAE, 0xAE, 0xBE, 0xDE,
    0xDE, 0xCE, 0xAE, 0x9E, 0x9E, 0x9E, 0x9E, 0x9E, 0x9E, 0x98, 0x97, 0xA6, 0xC0, 0xC0, 0xE0, 0x90,
    0x90, 0xE0, 0xE0, 0xE2, 0xE3, 0xC4, 0xBE, 0xAE, 0x9E, 0x9E, 0x9E, 0x9E, 0xAE, 0xAE, 0xBE, 0xDE,
    0xDE, 0xCE, 0xAE, 0x9E, 0x9E, 0x9E, 0x9E, 0x9E, 0x9E, 0x94, 0x93, 0xA2, 0xC0, 0xC0, 0xE0, 0x90,
    0x00, 0x00, 0x32, 0x03, 0x30, 0x00, 0x00, 0x20, 0x30, 0x20, 0x06, 0x07, 0x38, 0x28, 0x4E, 0x3E,
    0x2E, 0x3E, 0x28, 0x28, 0x07, 0x06, 0x20, 0x20, 0x00, 0x00, 0x20, 0x20, 0x23, 0x02, 0x00, 0x00,
    0x31, 0x00, 0x30, 0x00, 0x00, 0x30, 0x30, 0x20, 0x32, 0x23, 0x04, 0x3E, 0x3E, 0x2E, 0x4E, 0x3E,
    0x3E, 0xEE, 0x4E, 0x2E, 0x2E, 0x04, 0x03, 0x22, 0x20, 0x00, 0x00, 0x20, 0x20, 0x20, 0x20, 0x01,
    0x00, 0x00, 0x00, 0x20, 0x20, 0x21, 0x22, 0x03, 0x03, 0x04, 0x04, 0x04, 0x2E, 0x04, 0x44, 0x24,
    0x24, 0x03, 0x03, 0x23, 0x02, 0x02, 0x22, 0x02, 0x22, 0x02, 0x01, 0x00, 0x00, 0x00, 0x00, 0x00,
    0x00, 0x00, 0x00, 0x00, 0x00, 0x00, 0x00, 0x00, 0x00, 0x01, 0x01, 0x02, 0x02, 0x03, 0x03, 0x23,
    0x03, 0x03, 0x02, 0x02, 0x02, 0x01, 0x01, 0x00, 0x00, 0x00, 0x00, 0x00, 0x00, 0x00, 0x00, 0x00,
    0x08, 0x08, 0x08, 0x08, 0x08, 0x08, 0x08, 0x08, 0x08, 0x08, 0x08, 0x08, 0x08, 0x08, 0x08, 0x08,
    0x08, 0x08, 0x08, 0x08, 0x08, 0x08, 0x08, 0x08, 0x08, 0x08, 0x08, 0x08, 0x08, 0x08, 0x08, 0x08,
    0x06, 0x06, 0x06, 0x06, 0x06, 0x06, 0x06, 0x06, 0x06, 0x06, 0x06, 0x06, 0x06, 0x06, 0x06, 0x06,
    0x06, 0x06, 0x36, 0x06, 0x06, 0x06, 0x06, 0x06, 0x06, 0x06, 0x06, 0x06, 0x06, 0x06, 0x06, 0x06,
    0x10, 0x90, 0x90, 0x90, 0xC6, 0xB7, 0xA8, 0xAE, 0x9E, 0x9E, 0x9E, 0x9E, 0x9E, 0xAE, 0xCE, 0xEE,
    0xDE, 0xAE, 0xAE, 0xAE, 0x9E, 0x9E, 0x9E, 0x9E, 0x98, 0x97, 0x96, 0xA0, 0x90, 0x90, 0x90, 0x10,
    0x00, 0x90, 0x90, 0x90, 0xC2, 0xB3, 0xA4, 0xAE, 0x9E, 0x9E, 0x9E, 0x9E, 0x9E, 0xAE, 0xCE, 0xEE,
    0xDE, 0xAE, 0xAE, 0xAE, 0x9E, 0x9E, 0x9E, 0x9E, 0x9E, 0x9E, 0x94, 0xA3, 0x92, 0x90, 0x90, 0x00,
    0x00, 0x00, 0x02, 0x23, 0x30, 0x00, 0x20, 0x30, 0x30, 0x20, 0x06, 0x37, 0x38, 0x28, 0x4E, 0x3E,
    0x2E, 0x3E, 0x28, 0x28, 0x27, 0x26, 0x20, 0x00, 0x00, 0x20, 0x20, 0x20, 0x23, 0x02, 0x00, 0x00,
    0x01, 0x20, 0x30, 0x00, 0x20, 0x30, 0x30, 0x30, 0x32, 0x23, 0x04, 0x3E, 0x3E, 0x2E, 0x4E, 0x3E,
    0x3E, 0xEE, 0xEE, 0x2E, 0x2E, 0x24, 0x03, 0x22, 0x20, 0x20, 0x20, 0x20, 0x20, 0x20, 0x20, 0x01,
    0x30, 0x00, 0x20, 0x20, 0x00, 0x21, 0x22, 0x23, 0x04, 0x24, 0x24, 0x0E, 0x3E, 0x0E, 0x34, 0x34,
    0x24, 0x04, 0x03, 0x03, 0x23, 0x22, 0x02, 0x22, 0x22, 0x02, 0x01, 0x00, 0x00, 0x00, 0x00, 0x00,
    0x00, 0x00, 0x00, 0x00, 0x00, 0x00, 0x00, 0x00, 0x01, 0x02, 0x02, 0x23, 0x23, 0x24, 0x24, 0x24,
    0x23, 0x23, 0x23, 0x22, 0x22, 0x02, 0x02, 0x01, 0x00, 0x00, 0x00, 0x00, 0x00, 0x00, 0x00, 0x00,
    0x07, 0x07, 0x07, 0x07, 0x07, 0x07, 0x07, 0x07, 0x07, 0x07, 0x07, 0x07, 0x07, 0x07, 0x07, 0x07,
    0x07, 0x07, 0x37, 0x07, 0x07, 0x07, 0x07, 0x07, 0x07, 0x07, 0x07, 0x07, 0x07, 0x07, 0x07, 0x07,
    0x08, 0x08, 0x08, 0x08, 0x08, 0x08, 0x08, 0x08, 0x08, 0x08, 0x08, 0x08, 0x08, 0x08, 0x08, 0x08,
    0x08, 0x08, 0x48, 0x08, 0x08, 0x08, 0x08, 0x08, 0x08, 0x08, 0x08, 0x08, 0x08, 0x08, 0x08, 0x08,
    0x10, 0x20, 0x30, 0x40, 0x90, 0x96, 0xA7, 0x98, 0x9E, 0x9E, 0x9E, 0x9E, 0x9E, 0xAE, 0xBE, 0xDE,
    0xEE, 0xAE, 0xAE, 0xAE, 0x9E, 0x9E, 0x9E, 0x98, 0x97, 0x96, 0x90, 0x90, 0x40, 0x30, 0x20, 0x10,
    0x00, 0x60, 0x70, 0x80, 0x92, 0x93, 0xA4, 0x9E, 0x9E, 0x9E, 0x9E, 0x9E, 0x9E, 0xAE, 0xBE, 0xDE,
    0xEE, 0xAE, 0xAE, 0xAE, 0x9E, 0x9E, 0x9E, 0x9E, 0x9E, 0x94, 0x93, 0x92, 0x80, 0x70, 0x60, 0x00,
    0x00, 0x00, 0x22, 0x23, 0x20, 0x20, 0x20, 0x30, 0x20, 0x20, 0x20, 0x36, 0x37, 0x28, 0x48, 0x3E,
    0x2E, 0x48, 0x28, 0x27, 0x26, 0x20, 0x20, 0x00, 0x20, 0x20, 0x30, 0x20, 0x23, 0x22, 0x00, 0x00,
    0x21, 0x20, 0x20, 0x20, 0x20, 0x30, 0x30, 0x30, 0x22, 0x23, 0x24, 0x3E, 0x3E, 0x2E, 0x4E, 0x3E,
    0x3E, 0xEE, 0x4E, 0x2E, 0x2E, 0x24, 0x23, 0x22, 0x20, 0x20, 0x20, 0x30, 0x20, 0x20, 0x20, 0x21,
    0x00, 0x20, 0x20, 0x00, 0x01, 0x02, 0x23, 0x23, 0x04, 0x04, 0x0E, 0x0E, 0x2E, 0x2E, 0x24, 0x24,
    0x24, 0x24, 0x23, 0x03, 0x03, 0x02, 0x02, 0x22, 0x22, 0x02, 0x02, 0x01, 0x00, 0x20, 0x20, 0x00,
    0x00, 0x00, 0x00, 0x00, 0x00, 0x00, 0x00, 0x20, 0x21, 0x22, 0x23, 0x03, 0x04, 0x04, 0x04, 0x34,
    0x04, 0x03, 0x03, 0x03, 0x02, 0x22, 0x22, 0x21, 0x20, 0x00, 0x00, 0x00, 0x00, 0x00, 0x00, 0x00,
    0x07, 0x07, 0x07, 0x07, 0x07, 0x07, 0x07, 0x07, 0x07, 0x07, 0x07, 0x07, 0x07, 0x07, 0x07, 0x07,
    0x07, 0x37, 0x47, 0x37, 0x07, 0x07, 0x07, 0x07, 0x07, 0x07, 0x07, 0x07, 0x07, 0x07, 0x07, 0x07,
    0x08, 0x08, 0x08, 0x08, 0x08, 0x08, 0x08, 0x08, 0x08, 0x08, 0x08, 0x08, 0x08, 0x08, 0x08, 0x28,
    0x38, 0x48, 0xE8, 0x48, 0x38, 0x28, 0x08, 0x08, 0x08, 0x08, 0x08, 0x08, 0x08, 0x08, 0x08, 0x08,
    0x10, 0x20, 0x30, 0x40, 0xB0, 0x90, 0x96, 0x97, 0x98, 0xAE, 0xAE, 0x9E, 0x9E, 0x9E, 0xAE, 0xAE,
    0xEE, 0xAE, 0xAE, 0x9E, 0x9E, 0x9E, 0xAE, 0xA8, 0x97, 0x96, 0x90, 0xB0, 0x40, 0x30, 0x20, 0x10,
    0x00, 0x00, 0x60, 0x70, 0xB2, 0x93, 0x94, 0x9E, 0x9E, 0xAE, 0xAE, 0x9E, 0x9E, 0x9E, 0xAE, 0xAE,
    0xEE, 0xAE, 0xAE, 0x9E, 0x9E, 0x9E, 0xAE, 0xAE, 0x9E, 0x94, 0x93, 0xB2, 0x70, 0x60, 0x00, 0x00,
    0x00, 0x00, 0x22, 0x23, 0x20, 0x20, 0x20, 0x20, 0x20, 0x20, 0x20, 0x36, 0x37, 0x38, 0x48, 0x38,
    0x38, 0x38, 0x28, 0x27, 0x26, 0x20, 0x20, 0x20, 0x20, 0x20, 0x30, 0x20, 0x23, 0x22, 0x00, 0x00,
    0x21, 0x20, 0x20, 0x20, 0x20, 0x30, 0x20, 0x20, 0x20, 0x22, 0x23, 0x34, 0x3E, 0x4E, 0x4E, 0x3E,
    0x3E, 0x4E, 0x3E, 0x2E, 0x24, 0x23, 0x22, 0x20, 0x20, 0x20, 0x20, 0x30, 0x30, 0x20, 0x20, 0x21,
    0x20, 0x20, 0x20, 0x00, 0x21, 0x22, 0x23, 0x24, 0x24, 0x24, 0x2E, 0x2E, 0x2E, 0x3E, 0x04, 0x34,
    0x24, 0x04, 0x04, 0x23, 0x23, 0x23, 0x22, 0x22, 0x02, 0x02, 0x02, 0x01, 0x00, 0x00, 0x20, 0x20,
    0x00, 0x00, 0x00, 0x00, 0x00, 0x20, 0x20, 0x01, 0x02, 0x03, 0x03, 0x04, 0x04, 0x0E, 0x0E, 0x34,
    0x04, 0x04, 0x03, 0x03, 0x02, 0x02, 0x02, 0x02, 0x01, 0x20, 0x20, 0x00, 0x00, 0x00, 0x00, 0x00,
    0x0E, 0x0E, 0x0E, 0x0E, 0x0E, 0x0E, 0x0E, 0x0E, 0x0E, 0x0E, 0x0E, 0x0E, 0x0E, 0x0E, 0x0E, 0x0E,
    0x0E, 0x0E, 0x3E, 0x0E, 0x0E, 0x0E, 0x0E, 0x0E, 0x0E, 0x0E, 0x0E, 0x0E, 0x0E, 0x0E, 0x0E, 0x0E,
    0x07, 0x07, 0x07, 0x07, 0x07, 0x77, 0x07, 0x07, 0x07, 0x07, 0x07, 0x07, 0x07, 0x07, 0x07, 0x07,
    0x07, 0x07, 0x47, 0x07, 0x07, 0x07, 0x07, 0x07, 0x07, 0x07, 0x07, 0x07, 0x07, 0x07, 0x07, 0x07,
    0x00, 0x10, 0x20, 0x30, 0x40, 0xB0, 0x90, 0x96, 0xA7, 0xB8, 0xDE, 0xAE, 0x9E, 0x9E, 0x9E, 0x9E,
    0xEE, 0xAE, 0x9E, 0x9E, 0x9E, 0xAE, 0xD8, 0xB7, 0xA6, 0x90, 0x90, 0x40, 0x30, 0x20, 0x10, 0x00,
    0x00, 0x00, 0x60, 0x70, 0x80, 0xB2, 0x93, 0x94, 0xAE, 0xBE, 0xDE, 0xAE, 0x9E, 0x9E, 0x9E, 0x9E,
    0xEE, 0xAE, 0x9E, 0x9E, 0x9E, 0xAE, 0xDE, 0xBE, 0xA4, 0x93, 0x92, 0x80, 0x70, 0x60, 0x00, 0x00,
    0x00, 0x00, 0x22, 0x23, 0x30, 0x20, 0x20, 0x00, 0x00, 0x20, 0x20, 0x30, 0x36, 0x37, 0x37, 0x38,
    0x28, 0x47, 0x37, 0x26, 0x20, 0x20, 0x20, 0x20, 0x30, 0x20, 0x20, 0x20, 0x23, 0x32, 0x00, 0x00,
    0x21, 0x20, 0x30, 0x20, 0x20, 0x20, 0x20, 0x00, 0x00, 0x22, 0x23, 0x34, 0x3E, 0x3E, 0x4E, 0x3E,
    0x3E, 0x4E, 0x3E, 0x2E, 0x24, 0x23, 0x22, 0x20, 0x20, 0x30, 0x20, 0x30, 0x30, 0x20, 0x20, 0x21,
    0x20, 0x20, 0x20, 0x21, 0x22, 0x03, 0x23, 0x24, 0x24, 0x04, 0x04, 0x0E, 0x3E, 0x34, 0x04, 0x34,
    0x24, 0x04, 0x04, 0x03, 0x03, 0x03, 0x02, 0x02, 0x22, 0x22, 0x02, 0x02, 0x01, 0x20, 0x20, 0x20,
    0x00, 0x00, 0x00, 0x20, 0x20, 0x00, 0x00, 0x01, 0x02, 0x03, 0x04, 0x04, 0x2E, 0x0E, 0x2E, 0x34,
    0x24, 0x04, 0x03, 0x03, 0x02, 0x02, 0x02, 0x02, 0x01, 0x00, 0x00, 0x20, 0x20, 0x00, 0x00, 0x00,
    0x0E, 0x0E, 0x0E, 0x0E, 0x0E, 0x0E, 0x0E, 0x0E, 0x0E, 0x0E, 0x0E, 0x0E, 0x0E, 0x0E, 0x0E, 0x0E,
    0x0E, 0x0E, 0x0E, 0x0E, 0x0E, 0x0E, 0x0E, 0x0E, 0x0E, 0x0E, 0x0E, 0x0E, 0x0E, 0x0E, 0x0E, 0x0E,
    0x07, 0x07, 0x07, 0x07, 0x07, 0x87, 0x07, 0x07, 0x07, 0x07, 0x07, 0x07, 0x07, 0x07, 0x07, 0x07,
    0x07, 0x07, 0x37, 0x07, 0x07, 0x07, 0x07, 0x07, 0x07, 0x07, 0x07, 0x07, 0x07, 0x07, 0x07, 0x07,
    0x00, 0x10, 0x20, 0x30, 0x40, 0xE0, 0xB0, 0x96, 0xB7, 0xD8, 0xEE, 0xCE, 0xAE, 0x9E, 0x9E, 0x9E,
    0xEE, 0xBE, 0x9E, 0x9E, 0xAE, 0xCE, 0xE8, 0xD7, 0xB6, 0x90, 0xB0, 0x40, 0x30, 0x20, 0x10, 0x00,
    0x00, 0x00, 0x60, 0x70, 0x80, 0xE2, 0xB3, 0x94, 0xBE, 0xDE, 0xEE, 0xCE, 0xAE, 0x9E, 0x9E, 0x9E,
    0xEE, 0xBE, 0x9E, 0x9E, 0xAE, 0xCE, 0xEE, 0xDE, 0xB4, 0x93, 0xB2, 0x80, 0x70, 0x60, 0x00, 0x00,
    0x00, 0x00, 0x00, 0x32, 0x43, 0x30, 0x20, 0x00, 0x00, 0x20, 0x20, 0x30, 0x30, 0x36, 0x36, 0x37,
    0x27, 0x36, 0x36, 0x20, 0x20, 0x20, 0x20, 0x20, 0x30, 0x20, 0x20, 0x23, 0x32, 0x40, 0x00, 0x00,
    0x00, 0x31, 0x40, 0x30, 0x20, 0x20, 0x00, 0x00, 0x00, 0x20, 0x22, 0x33, 0x34, 0x34, 0x3E, 0x3E,
    0x3E, 0x3E, 0x34, 0x24, 0x23, 0x22, 0x20, 0x20, 0x20, 0x30, 0x20, 0x30, 0x20, 0x20, 0x21, 0x30,
    0x00, 0x20, 0x20, 0x21, 0x22, 0x23, 0x03, 0x04, 0x04, 0x04, 0x04, 0x04, 0x34, 0x34, 0x04, 0x34,
    0x24, 0x24, 0x04, 0x03, 0x03, 0x03, 0x02, 0x22, 0x22, 0x22, 0x22, 0x22, 0x01, 0x20, 0x20, 0x00,
    0x00, 0x00, 0x20, 0x00, 0x00, 0x00, 0x01, 0x02, 0x03, 0x03, 0x04, 0x04, 0x2E, 0x0E, 0x24, 0x34,
    0x24, 0x04, 0x03, 0x03, 0x03, 0x02, 0x02, 0x02, 0x02, 0x01, 0x00, 0x00, 0x00, 0x20, 0x00, 0x00,
    0x08, 0x08, 0x08, 0x08, 0x08, 0x78, 0x08, 0x08, 0x08, 0x08, 0x08, 0x08, 0x08, 0x08, 0x08, 0x08,
    0x08, 0x08, 0x08, 0x08, 0x08, 0x08, 0x08, 0x08, 0x08, 0x08, 0x08, 0x08, 0x08, 0x08, 0x08, 0x08,
    0x06, 0x06, 0x06, 0x76, 0x86, 0xE6, 0x86, 0x76, 0x06, 0x06, 0x06, 0x06, 0x06, 0x06, 0x06, 0x06,
    0x06, 0x06, 0x26, 0x06, 0x06, 0x06, 0x06, 0x06, 0x06, 0x06, 0x06, 0x06, 0x06, 0x06, 0x06, 0x06,
    0x00, 0x10, 0x20, 0x30, 0x40, 0xE0, 0xB0, 0x90, 0xD6, 0xE7, 0xD8, 0xBE, 0xAE, 0x9E, 0x9E, 0x9E,
    0xBE, 0xAE, 0x9E, 0x9E, 0xAE, 0xB8, 0xD7, 0xE6, 0xD0, 0x90, 0xE0, 0x40, 0x30, 0x20, 0x10, 0x00,
    0x00, 0x00, 0x00, 0x60, 0x70, 0x80, 0xB2, 0x93, 0xD4, 0xEE, 0xDE, 0xBE, 0xAE, 0x9E, 0x9E, 0x9E,
    0xBE, 0xAE, 0x9E, 0x9E, 0xAE, 0xBE, 0xDE, 0xE4, 0xD3, 0x92, 0x80, 0x70, 0x60, 0x00, 0x00, 0x00,
    0x00, 0x00, 0x00, 0x42, 0x43, 0x40, 0x30, 0x00, 0x20, 0x20, 0x20, 0x20, 0x30, 0x30, 0x30, 0x26,
    0x26, 0x20, 0x30, 0x20, 0x20, 0x20, 0x20, 0x20, 0x20, 0x20, 0x20, 0x23, 0x42, 0x20, 0x00, 0x00,
    0x00, 0x41, 0xE0, 0x40, 0x30, 0x20, 0x20, 0x00, 0x20, 0x20, 0x20, 0x22, 0x33, 0x33, 0x34, 0x34,
    0x34, 0x34, 0x33, 0x23, 0x22, 0x20, 0x20, 0x20, 0x20, 0x20, 0x20, 0x20, 0x20, 0x20, 0x31, 0x40,
    0x00, 0x20, 0x20, 0x21, 0x02, 0x03, 0x03, 0x04, 0x04, 0x04, 0x04, 0x04, 0x24, 0x34, 0x34, 0x34,
    0x24, 0x24, 0x24, 0x13, 0x03, 0x03, 0x02, 0x22, 0x22, 0x02, 0x02, 0x02, 0x21, 0x20, 0x20, 0x00,
    0x00, 0x20, 0x00, 0x00, 0x00, 0x00, 0x01, 0x02, 0x03, 0x03, 0x04, 0x04, 0x24, 0x04, 0x34, 0x34,
    0x24, 0x04, 0x03, 0x03, 0x03, 0x02, 0x02, 0x02, 0x02, 0x01, 0x00, 0x00, 0x00, 0x00, 0x20, 0x00,
    0x08, 0x08, 0x08, 0x08, 0x08, 0x08, 0x08, 0x08, 0x08, 0x08, 0x08, 0x08, 0x08, 0x08, 0x08, 0x08,
    0x08, 0x08, 0x08, 0x08, 0x08, 0x08, 0x08, 0x08, 0x08, 0x08, 0x08, 0x08, 0x08, 0x08, 0x08, 0x08,
    0x06, 0x06, 0x06, 0x06, 0x06, 0x86, 0x06, 0x06, 0x06, 0x06, 0x06, 0x06, 0x06, 0x06, 0x06, 0x06,
    0x06, 0x06, 0x06, 0x06, 0x06, 0x06, 0x06, 0x06, 0x06, 0x06, 0x06, 0x06, 0x06, 0x06, 0x06, 0x06,
    0x00, 0x00, 0x10, 0x20, 0x30, 0x40, 0x90, 0xB0, 0xE6, 0xB7, 0xA7, 0xA8, 0x98, 0x9E, 0x9E, 0x9E,
    0x9E, 0x9E, 0x9E, 0x98, 0x98, 0xA7, 0xA7, 0xB6, 0xE0, 0xB0, 0x90, 0x30, 0x20, 0x10, 0x00, 0x00,
    0x00, 0x00, 0x00, 0x60, 0x70, 0x80, 0x92, 0xB3, 0xE4, 0xBE, 0xAE, 0xAE, 0x9E, 0x9E, 0x9E, 0x9E,
    0x9E, 0x9E, 0x9E, 0x9E, 0x9E, 0xAE, 0xAE, 0xB4, 0xE3, 0xB2, 0x90, 0x70, 0x60, 0x00, 0x00, 0x00,
    0x00, 0x00, 0x00, 0x40, 0x42, 0x43, 0x40, 0x20, 0x20, 0x30, 0x20, 0x20, 0x20, 0x20, 0x30, 0x20,
    0x20, 0x20, 0x20, 0x20, 0x20, 0x20, 0x20, 0x20, 0x20, 0x30, 0x33, 0x32, 0x20, 0x00, 0x00, 0x00,
    0x00, 0x41, 0x40, 0xE0, 0x40, 0x20, 0x20, 0x20, 0x20, 0x30, 0x30, 0x20, 0x22, 0x22, 0x33, 0x33,
    0x33, 0x23, 0x22, 0x22, 0x20, 0x20, 0x30, 0x20, 0x20, 0x20, 0x20, 0x30, 0x30, 0x30, 0x41, 0x00,
    0x00, 0x30, 0x20, 0x21, 0x02, 0x03, 0x03, 0x03, 0x04, 0x04, 0x04, 0x04, 0x24, 0x24, 0x24, 0x24,
    0x24, 0x24, 0x24, 0x23, 0x23, 0x23, 0x02, 0x02, 0x02, 0x02, 0x02, 0x02, 0x21, 0x20, 0x20, 0x00,
    0x20, 0x00, 0x00, 0x00, 0x00, 0x00, 0x01, 0x02, 0x03, 0x03, 0x04, 0x04, 0x34, 0x24, 0x34, 0x34,
    0x24, 0x24, 0x03, 0x03, 0x03, 0x02, 0x02, 0x02, 0x02, 0x01, 0x00, 0x00, 0x00, 0x00, 0x00, 0x20,
    0x07, 0x07, 0x07, 0x07, 0x07, 0x07, 0x07, 0x07, 0x07, 0x07, 0x07, 0x07, 0x07, 0x07, 0x07, 0x07,
    0x07, 0x07, 0x07, 0x07, 0x07, 0x07, 0x07, 0x07, 0x07, 0x77, 0x07, 0x07, 0x07, 0x07, 0x07, 0x07,
    0x08, 0x08, 0x08, 0x08, 0x08, 0x78, 0x08, 0x08, 0x08, 0x08, 0x08, 0x08, 0x08, 0x08, 0x08, 0x08,
    0x08, 0x08, 0x08, 0x08, 0x08, 0x08, 0x08, 0x08, 0x08, 0x08, 0x08, 0x08, 0x08, 0x08, 0x08, 0x08,
    0x00, 0x00, 0x10, 0x20, 0x30, 0x40, 0x90, 0xE0, 0xB0, 0x96, 0x96, 0x97, 0x97, 0x98, 0x98, 0x9E,
    0x9E, 0x9E, 0x98, 0x97, 0x97, 0x96, 0x96, 0x90, 0xB0, 0xE0, 0x90, 0x30, 0x20, 0x10, 0x00, 0x00,
    0x00, 0x00, 0x00, 0x00, 0x60, 0x70, 0x90, 0xE2, 0xB3, 0x94, 0x94, 0x9E, 0x9E, 0x9E, 0x9E, 0x9E,
    0x9E, 0x9E, 0x9E, 0x9E, 0x9E, 0x94, 0x94, 0x93, 0xB2, 0xE0, 0x90, 0x60, 0x00, 0x00, 0x00, 0x00,
    0x00, 0x00, 0x00, 0x00, 0x12, 0x43, 0x40, 0x30, 0x40, 0x40, 0x40, 0x20, 0x20, 0x20, 0x20, 0x20,
    0x30, 0x30, 0x20, 0x20, 0x20, 0x20, 0x20, 0x20, 0x30, 0x40, 0x33, 0x12, 0x20, 0x00, 0x00, 0x00,
    0x00, 0x00, 0x31, 0x40, 0xE0, 0x30, 0x20, 0x20, 0x30, 0x40, 0x40, 0x30, 0x30, 0x20, 0x22, 0x22,
    0x22, 0x22, 0x20, 0x20, 0x20, 0x30, 0x20, 0x20, 0x20, 0x20, 0x30, 0x40, 0x40, 0x41, 0x00, 0x00,
    0x00, 0x00, 0x20, 0x01, 0x02, 0x02, 0x03, 0x03, 0x03, 0x04, 0x04, 0x04, 0x24, 0x24, 0x24, 0x24,
    0x24, 0x24, 0x24, 0x23, 0x23, 0x23, 0x02, 0x02, 0x02, 0x02, 0x02, 0x02, 0x01, 0x20, 0x20, 0x00,
    0x20, 0x00, 0x00, 0x00, 0x00, 0x00, 0x01, 0x02, 0x03, 0x03, 0x03, 0x04, 0x04, 0x04, 0x34, 0x24,
    0x24, 0x23, 0x23, 0x03, 0x03, 0x02, 0x02, 0x02, 0x02, 0x01, 0x00, 0x00, 0x00, 0x00, 0x00, 0x20,
    0x07, 0x07, 0x07, 0x07, 0x07, 0x07, 0x07, 0x07, 0x07, 0x07, 0x27, 0x07, 0x07, 0x07, 0x07, 0x07,
    0x07, 0x07, 0x07, 0x07, 0x07, 0x07, 0x07, 0x07, 0x07, 0x87, 0x07, 0x07, 0x07, 0x07, 0x07, 0x07,
    0x08, 0x08, 0x08, 0x08, 0x08, 0x08, 0x08, 0x08, 0x08, 0x08, 0x08, 0x08, 0x08, 0x08, 0x08, 0x08,
    0x08, 0x08, 0x08, 0x08, 0x08, 0x08, 0x08, 0x08, 0x08, 0x78, 0x08, 0x08, 0x08, 0x08, 0x08, 0x08,
    0x00, 0x00, 0x00, 0x10, 0x20, 0x90, 0xE0, 0x90, 0x90, 0xB0, 0xB0, 0x96, 0x96, 0x97, 0x97, 0x98,
    0x9E, 0x98, 0x97, 0x96, 0x96, 0x90, 0xB0, 0xE0, 0x90, 0x90, 0xE0, 0x90, 0x10, 0x00, 0x00, 0x00,
    0x00, 0x00, 0x00, 0x00, 0x00, 0x90, 0xE0, 0x90, 0x92, 0xB3, 0xB3, 0x94, 0x94, 0x9E, 0x9E, 0x9E,
    0x9E, 0x9E, 0x9E, 0x94, 0x94, 0x93, 0xB3, 0xE2, 0x90, 0x90, 0xE0, 0x90, 0x00, 0x00, 0x00, 0x00,
    0x00, 0x00, 0x00, 0x00, 0x10, 0x22, 0x33, 0x40, 0x40, 0x30, 0x40, 0x40, 0x30, 0x30, 0x20, 0x30,
    0x40, 0x40, 0x30, 0x30, 0x30, 0x20, 0x30, 0x30, 0x30, 0x33, 0x22, 0x10, 0x00, 0x00, 0x00, 0x00,
    0x00, 0x00, 0x11, 0x40, 0x40, 0x40, 0x30, 0x30, 0x40, 0x40, 0xE0, 0x40, 0x30, 0x30, 0x20, 0x20,
    0x30, 0x30, 0x20, 0x20, 0x20, 0x20, 0x20, 0x20, 0x20, 0x30, 0x40, 0x40, 0x30, 0x11, 0x00, 0x00,
    0x00, 0x00, 0x20, 0x40, 0x01, 0x02, 0x02, 0x03, 0x03, 0x03, 0x03, 0x04, 0x04, 0x34, 0x34, 0x24,
    0x24, 0x24, 0x23, 0x23, 0x03, 0x03, 0x02, 0x02, 0x02, 0x02, 0x02, 0x01, 0x30, 0x20, 0x00, 0x00,
    0x20, 0x00, 0x00, 0x00, 0x00, 0x00, 0x01, 0x02, 0x02, 0x02, 0x03, 0x03, 0x03, 0x03, 0x03, 0x23,
    0x23, 0x03, 0x03, 0x03, 0x03, 0x02, 0x02, 0x02, 0x02, 0x01, 0x00, 0x00, 0x00, 0x00, 0x00, 0x20,
    0x0E, 0x0E, 0x0E, 0x0E, 0x0E, 0x0E, 0x0E, 0x0E, 0x0E, 0x0E, 0x3E, 0x0E, 0x0E, 0x0E, 0x0E, 0x0E,
    0x0E, 0x0E, 0x0E, 0x0E, 0x0E, 0x0E, 0x0E, 0x7E, 0x8E, 0xEE, 0x8E, 0x7E, 0x0E, 0x0E, 0x0E, 0x0E,
    0x07, 0x07, 0x07, 0x07, 0x07, 0x07, 0x07, 0x07, 0x07, 0x07, 0x07, 0x07, 0x07, 0x07, 0x07, 0x07,
    0x07, 0x07, 0x07, 0x07, 0x07, 0x07, 0x07, 0x07, 0x77, 0x87, 0x77, 0x07, 0x07, 0x07, 0x07, 0x07,
    0x00, 0x00, 0x00, 0x00, 0x90, 0xE0, 0x90, 0x40, 0xE0, 0xE0, 0xE0, 0xE0, 0xB0, 0x96, 0x96, 0x97,
    0x98, 0x97, 0x96, 0x90, 0xB0, 0xE0, 0xE0, 0xE0, 0x40, 0x30, 0x90, 0xE0, 0x90, 0x00, 0x00, 0x00,
    0x00, 0x00, 0x00, 0x00, 0x90, 0xE0, 0x90, 0x70, 0x80, 0xE2, 0xE2, 0xE3, 0xB3, 0x94, 0x94, 0x9E,
    0x94, 0x94, 0x94, 0x93, 0xB3, 0xE2, 0xE2, 0x80, 0x70, 0x60, 0x90, 0xE0, 0x90, 0x00, 0x00, 0x00,
    0x00, 0x00, 0x00, 0x00, 0x00, 0x10, 0x22, 0x43, 0x30, 0x20, 0x30, 0x40, 0x40, 0x30, 0x30, 0x40,
    0x40, 0x40, 0x40, 0x40, 0x30, 0x30, 0x30, 0x20, 0x33, 0x22, 0x10, 0x00, 0x00, 0x00, 0x00, 0x00,
    0x00, 0x00, 0x10, 0x21, 0x30, 0x40, 0x40, 0x40, 0x40, 0x30, 0x40, 0xE0, 0x40, 0x30, 0x30, 0x30,
    0x40, 0x40, 0x30, 0x30, 0x30, 0x20, 0x20, 0x30, 0x30, 0x30, 0x40, 0x30, 0x21, 0x10, 0x00, 0x00,
    0x00, 0x00, 0x00, 0x20, 0x31, 0x02, 0x02, 0x02, 0x02, 0x03, 0x33, 0x03, 0x03, 0x03, 0x03, 0x23,
    0x23, 0x13, 0x03, 0x03, 0x03, 0x03, 0x02, 0x02, 0x02, 0x02, 0x02, 0x31, 0x20, 0x00, 0x00, 0x00,
    0x20, 0x00, 0x00, 0x00, 0x00, 0x00, 0x00, 0x01, 0x02, 0x02, 0x02, 0x02, 0x02, 0x03, 0x03, 0x03,
    0x03, 0x03, 0x03, 0x22, 0x22, 0x22, 0x02, 0x02, 0x01, 0x00, 0x00, 0x00, 0x00, 0x00, 0x00, 0x20,
    0x0E, 0x0E, 0x0E, 0x0E, 0x0E, 0x0E, 0x0E, 0x0E, 0x0E, 0x0E, 0x4E, 0x0E, 0x0E, 0x0E, 0x0E, 0x0E,
    0x0E, 0x0E, 0x0E, 0x0E, 0x0E, 0x0E, 0x0E, 0x0E, 0x0E, 0x8E, 0x0E, 0x0E, 0x0E, 0x0E, 0x0E, 0x0E,
    0x07, 0x07, 0x07, 0x07, 0x07, 0x07, 0x07, 0x07, 0x07, 0x37, 0x07, 0x37, 0x07, 0x07, 0x07, 0x07,
    0x07, 0x07, 0x07, 0x07, 0x07, 0x07, 0x07, 0x07, 0x07, 0x77, 0x07, 0x07, 0x07, 0x07, 0x07, 0x07,
    0x00, 0x00, 0x00, 0x00, 0x90, 0x90, 0x20, 0x30, 0x40, 0x40, 0xE0, 0xE0, 0xE0, 0xB0, 0x90, 0x96,
    0x97, 0x96, 0x90, 0xB0, 0xE0, 0xE0, 0x40, 0x40, 0x30, 0x20, 0x10, 0x90, 0x90, 0x00, 0x00, 0x00,
    0x00, 0x00, 0x00, 0x00, 0x90, 0x90, 0x00, 0x60, 0x70, 0x80, 0x80, 0xE2, 0xE2, 0xB3, 0x93, 0x94,
    0x93, 0x93, 0x93, 0xB2, 0xE2, 0x80, 0x80, 0x70, 0x60, 0x00, 0x00, 0x90, 0x90, 0x00, 0x00, 0x00,
    0x00, 0x00, 0x00, 0x00, 0x00, 0x00, 0x10, 0x22, 0x33, 0x23, 0x20, 0x30, 0x40, 0x40, 0x40, 0x30,
    0x30, 0x40, 0x40, 0x30, 0x30, 0x30, 0x13, 0x23, 0x22, 0x10, 0x00, 0x00, 0x00, 0x00, 0x00, 0x00,
    0x00, 0x00, 0x00, 0x10, 0x21, 0x30, 0x40, 0x40, 0x30, 0x20, 0x30, 0x40, 0xE0, 0x40, 0x40, 0x40,
    0x40, 0x40, 0x40, 0x40, 0x30, 0x30, 0x30, 0x30, 0x20, 0x30, 0x30, 0x21, 0x10, 0x00, 0x00, 0x00,
    0x00, 0x00, 0x00, 0x20, 0x20, 0x01, 0x31, 0x22, 0x02, 0x02, 0x02, 0x02, 0x03, 0x03, 0x03, 0x03,
    0x03, 0x03, 0x03, 0x03, 0x02, 0x02, 0x02, 0x02, 0x32, 0x31, 0x21, 0x30, 0x20, 0x00, 0x00, 0x00,
    0x00, 0x20, 0x00, 0x00, 0x00, 0x00, 0x00, 0x00, 0x01, 0x01, 0x02, 0x02, 0x02, 0x02, 0x22, 0x22,
    0x22, 0x02, 0x02, 0x02, 0x02, 0x02, 0x01, 0x01, 0x00, 0x00, 0x00, 0x00, 0x00, 0x00, 0x20, 0x00,
    0x0C, 0x0C, 0x0C, 0x0C, 0x0C, 0x0C, 0x0C, 0x2C, 0x3C, 0x4C, 0xEC, 0x4C, 0x3C, 0x2C, 0x0C, 0x0C,
    0x0C, 0x0C, 0x0C, 0x0C, 0x0C, 0x0C, 0x0C, 0x0C, 0x0C, 0x7C, 0x0C, 0x0C, 0x0C, 0x0C, 0x0C, 0x0C,
    0x0B, 0x0B, 0x0B, 0x0B, 0x0B, 0x0B, 0x0B, 0x0B, 0x0B, 0x0B, 0x4B, 0x0B, 0x0B, 0x0B, 0x0B, 0x0B,
    0x0B, 0x0B, 0x0B, 0x0B, 0x0B, 0x0B, 0x0B, 0x0B, 0x0B, 0x0B, 0x0B, 0x0B, 0x0B, 0x0B, 0x0B, 0x0B,
    0x00, 0x00, 0x00, 0x00, 0x00, 0x00, 0x10, 0x20, 0x30, 0x30, 0x40, 0x40, 0x40, 0xE0, 0xB0, 0x90,
    0x96, 0x90, 0xE0, 0x40, 0x40, 0x40, 0x30, 0x30, 0x20, 0x10, 0x00, 0x00, 0x00, 0x00, 0x00, 0x00,
    0x00, 0x00, 0x00, 0x00, 0x00, 0x00, 0x00, 0x00, 0x60, 0x70, 0x70, 0x80, 0x80, 0x82, 0xB2, 0x93,
    0x92, 0x92, 0x82, 0x80, 0x80, 0x70, 0x70, 0x60, 0x00, 0x00, 0x00, 0x00, 0x00, 0x00, 0x00, 0x00,
    0x00, 0x00, 0x00, 0x00, 0x00, 0x00, 0x00, 0x10, 0x22, 0x22, 0x03, 0x23, 0x30, 0x30, 0x30, 0x20,
    0x20, 0x30, 0x30, 0x30, 0x23, 0x13, 0x12, 0x12, 0x10, 0x00, 0x00, 0x00, 0x00, 0x00, 0x00, 0x00,
    0x00, 0x00, 0x00, 0x00, 0x10, 0x11, 0x20, 0x20, 0x30, 0x20, 0x20, 0x30, 0x40, 0x40, 0x40, 0x30,
    0x30, 0x40, 0x40, 0x30, 0x30, 0x30, 0x20, 0x10, 0x20, 0x20, 0x21, 0x10, 0x00, 0x00, 0x00, 0x00,
    0x00, 0x00, 0x00, 0x00, 0x20, 0x20, 0x20, 0x31, 0x31, 0x32, 0x32, 0x42, 0x42, 0x02, 0x02, 0x02,
    0x02, 0x02, 0x02, 0x02, 0x32, 0x32, 0x02, 0x01, 0x31, 0x30, 0x20, 0x20, 0x00, 0x00, 0x00, 0x00,
    0x00, 0x00, 0x20, 0x00, 0x00, 0x00, 0x00, 0x00, 0x00, 0x00, 0x01, 0x01, 0x01, 0x02, 0x02, 0x02,
    0x02, 0x02, 0x02, 0x01, 0x01, 0x01, 0x00, 0x00, 0x00, 0x00, 0x00, 0x00, 0x00, 0x20, 0x00, 0x00,
    0x0B, 0x0B, 0x0B, 0x0B, 0x0B, 0x0B, 0x0B, 0x0B, 0x0B, 0x0B, 0x4B, 0x0B, 0x0B, 0x0B, 0x0B, 0x0B,
    0x0B, 0x0B, 0x0B, 0x0B, 0x0B, 0x0B, 0x0B, 0x0B, 0x0B, 0x0B, 0x0B, 0x0B, 0x0B, 0x0B, 0x0B, 0x0B,
    0x0A, 0x0A, 0x0A, 0x0A, 0x0A, 0x0A, 0x0A, 0x0A, 0x0A, 0x3A, 0x0A, 0x3A, 0x0A, 0x0A, 0x0A, 0x0A,
    0x0A, 0x0A, 0x0A, 0x0A, 0x0A, 0x0A, 0x0A, 0x0A, 0x0A, 0x0A, 0x0A, 0x0A, 0x0A, 0x0A, 0x0A, 0x0A,
    0x00, 0x00, 0x00, 0x00, 0x00, 0x00, 0x00, 0x10, 0x20, 0x20, 0x30, 0x30, 0x30, 0x40, 0x40, 0x90,
    0x90, 0x90, 0x40, 0x30, 0x30, 0x30, 0x20, 0x20, 0x10, 0x00, 0x00, 0x00, 0x00, 0x00, 0x00, 0x00,
    0x00, 0x00, 0x00, 0x00, 0x00, 0x00, 0x00, 0x00, 0x00, 0x60, 0x60, 0x70, 0x70, 0x70, 0x80, 0x92,
    0x90, 0x90, 0x70, 0x70, 0x70, 0x60, 0x60, 0x00, 0x00, 0x00, 0x00, 0x00, 0x00, 0x00, 0x00, 0x00,
    0x00, 0x00, 0x00, 0x00, 0x00, 0x00, 0x00, 0x00, 0x10, 0x10, 0x12, 0x02, 0x23, 0x23, 0x23, 0x03,
    0x03, 0x23, 0x23, 0x23, 0x12, 0x12, 0x10, 0x10, 0x00, 0x00, 0x00, 0x00, 0x00, 0x00, 0x00, 0x00,
    0x00, 0x00, 0x00, 0x00, 0x00, 0x00, 0x11, 0x10, 0x20, 0x20, 0x20, 0x20, 0x30, 0x30, 0x30, 0x20,
    0x20, 0x30, 0x30, 0x30, 0x20, 0x10, 0x10, 0x10, 0x10, 0x11, 0x00, 0x00, 0x00, 0x00, 0x00, 0x00,
    0x00, 0x00, 0x00, 0x00, 0x00, 0x00, 0x20, 0x20, 0x20, 0x31, 0x31, 0x31, 0x32, 0x32, 0x32, 0x32,
    0x02, 0x02, 0x32, 0x32, 0x31, 0x31, 0x31, 0x30, 0x20, 0x20, 0x00, 0x00, 0x00, 0x00, 0x00, 0x00,
    0x00, 0x00, 0x00, 0x20, 0x20, 0x00, 0x00, 0x00, 0x00, 0x00, 0x00, 0x00, 0x00, 0x01, 0x01, 0x01,
    0x01, 0x01, 0x01, 0x00, 0x00, 0x00, 0x00, 0x00, 0x00, 0x00, 0x00, 0x20, 0x20, 0x00, 0x00, 0x00,
    0x09, 0x09, 0x09, 0x09, 0x09, 0x09, 0x09, 0x09, 0x09, 0x09, 0x39, 0x09, 0x09, 0x09, 0x09, 0x09,
    0x09, 0x09, 0x09, 0x09, 0x09, 0x09, 0x09, 0x09, 0x09, 0x09, 0x09, 0x09, 0x09, 0x09, 0x09, 0x09,
    0x09, 0x09, 0x09, 0x09, 0x09, 0x09, 0x09, 0x09, 0x09, 0x09, 0x09, 0x09, 0x09, 0x09, 0x09, 0x09,
    0x09, 0x09, 0x09, 0x09, 0x09, 0x09, 0x09, 0x09, 0x09, 0x09, 0x09, 0x09, 0x09, 0x09, 0x09, 0x09,
    0x00, 0x00, 0x00, 0x00, 0x00, 0x00, 0x00, 0x00, 0x10, 0x10, 0x20, 0x20, 0x20, 0x30, 0x30, 0x90,
    0x90, 0x90, 0x30, 0x20, 0x20, 0x20, 0x10, 0x10, 0x00, 0x00, 0x00, 0x00, 0x00, 0x00, 0x00, 0x00,
    0x00, 0x00, 0x00, 0x00, 0x00, 0x00, 0x00, 0x00, 0x00, 0x00, 0x00, 0x60, 0x60, 0x60, 0x70, 0x90,
    0x90, 0x90, 0x60, 0x60, 0x60, 0x00, 0x00, 0x00, 0x00, 0x00, 0x00, 0x00, 0x00, 0x00, 0x00, 0x00,
    0x00, 0x00, 0x00, 0x00, 0x00, 0x00, 0x00, 0x00, 0x00, 0x00, 0x00, 0x10, 0x12, 0x12, 0x12, 0x12,
    0x12, 0x12, 0x12, 0x12, 0x10, 0x00, 0x00, 0x00, 0x00, 0x00, 0x00, 0x00, 0x00, 0x00, 0x00, 0x00,
    0x00, 0x00, 0x00, 0x00, 0x00, 0x00, 0x00, 0x01, 0x11, 0x10, 0x10, 0x20, 0x20, 0x20, 0x20, 0x20,
    0x20, 0x20, 0x20, 0x20, 0x10, 0x10, 0x10, 0x11, 0x01, 0x00, 0x00, 0x00, 0x00, 0x00, 0x00, 0x00,
    0x00, 0x00, 0x00, 0x00, 0x00, 0x00, 0x00, 0x00, 0x20, 0x20, 0x20, 0x20, 0x21, 0x21, 0x31, 0x31,
    0x31, 0x31, 0x31, 0x21, 0x20, 0x20, 0x20, 0x20, 0x00, 0x00, 0x00, 0x00, 0x00, 0x00, 0x00, 0x00,
    0x00, 0x00, 0x00, 0x00, 0x00, 0x20, 0x20, 0x20, 0x00, 0x00, 0x00, 0x00, 0x00, 0x00, 0x00, 0x00,
    0x00, 0x00, 0x00, 0x00, 0x00, 0x00, 0x00, 0x00, 0x20, 0x20, 0x20, 0x00, 0x00, 0x00, 0x00, 0x00,
    0x09, 0x09, 0x09, 0x09, 0x09, 0x09, 0x09, 0x09, 0x09, 0x09, 0x29, 0x09, 0x09, 0x09, 0x09, 0x09,
    0x09, 0x09, 0x09, 0x09, 0x09, 0x09, 0x09, 0x09, 0x09, 0x09, 0x09, 0x09, 0x09, 0x09, 0x09, 0x09,
    0x09, 0x09, 0x09, 0x09, 0x09, 0x09, 0x09, 0x09, 0x09, 0x09, 0x09, 0x09, 0x09, 0x09, 0x09, 0x09,
    0x09, 0x09, 0x09, 0x09, 0x09, 0x09, 0x09, 0x09, 0x09, 0x09, 0x09, 0x09, 0x09, 0x09, 0x09, 0x09,
    0x00, 0x00, 0x00, 0x00, 0x00, 0x00, 0x00, 0x00, 0x00, 0x00, 0x10, 0x10, 0x10, 0x20, 0x20, 0x20,
    0x90, 0x20, 0x20, 0x10, 0x10, 0x10, 0x00, 0x00, 0x00, 0x00, 0x00, 0x00, 0x00, 0x00, 0x00, 0x00,
    0x00, 0x00, 0x00, 0x00, 0x00, 0x00, 0x00, 0x00, 0x00, 0x00, 0x00, 0x00, 0x00, 0x00, 0x60, 0x60,
    0x90, 0x60, 0x00, 0x00, 0x00, 0x00, 0x00, 0x00, 0x00, 0x00, 0x00, 0x00, 0x00, 0x00, 0x00, 0x00,
    0x00, 0x00, 0x00, 0x00, 0x00, 0x00, 0x00, 0x00, 0x00, 0x00, 0x00, 0x00, 0x00, 0x00, 0x00, 0x00,
    0x00, 0x00, 0x00, 0x00, 0x00, 0x00, 0x00, 0x00, 0x00, 0x00, 0x00, 0x00, 0x00, 0x00, 0x00, 0x00,
    0x00, 0x00, 0x00, 0x00, 0x00, 0x00, 0x00, 0x00, 0x00, 0x01, 0x01, 0x11, 0x10, 0x10, 0x10, 0x10,
    0x10, 0x10, 0x10, 0x10, 0x11, 0x01, 0x01, 0x00, 0x00, 0x00, 0x00, 0x00, 0x00, 0x00, 0x00, 0x00,
    0x00, 0x00, 0x00, 0x00, 0x00, 0x00, 0x00, 0x00, 0x00, 0x00, 0x00, 0x00, 0x00, 0x20, 0x20, 0x20,
    0x20, 0x20, 0x20, 0x00, 0x00, 0x00, 0x00, 0x00, 0x00, 0x00, 0x00, 0x00, 0x00, 0x00, 0x00, 0x00,
    0x00, 0x00, 0x00, 0x00, 0x00, 0x00, 0x00, 0x20, 0x20, 0x20, 0x20, 0x20, 0x00, 0x00, 0x00, 0x00,
    0x00, 0x00, 0x00, 0x00, 0x20, 0x20, 0x20, 0x20, 0x20, 0x00, 0x00, 0x00, 0x00, 0x00, 0x00, 0x00,
    0x09, 0x09, 0x09, 0x09, 0x09, 0x09, 0x09, 0x09, 0x09, 0x09, 0x09, 0x09, 0x09, 0x09, 0x09, 0x09,
    0x09, 0x09, 0x09, 0x09, 0x09, 0x09, 0x09, 0x09, 0x09, 0x09, 0x09, 0x09, 0x09, 0x09, 0x09, 0x09,
    0x09, 0x09, 0x09, 0x09, 0x09, 0x09, 0x09, 0x09, 0x09, 0x09, 0x09, 0x09, 0x09, 0x09, 0x09, 0x09,
    0x09, 0x09, 0x09, 0x09, 0x09, 0x09, 0x09, 0x09, 0x09, 0x09, 0x09, 0x09, 0x09, 0x09, 0x09, 0x09,
    0x00, 0x00, 0x00, 0x00, 0x00, 0x00, 0x00, 0x00, 0x00, 0x00, 0x00, 0x00, 0x00, 0x10, 0x10, 0x10,
    0x90, 0x10, 0x10, 0x00, 0x00, 0x00, 0x00, 0x00, 0x00, 0x00, 0x00, 0x00, 0x00, 0x00, 0x00, 0x00,
    0x00, 0x00, 0x00, 0x00, 0x00, 0x00, 0x00, 0x00, 0x00, 0x00, 0x00, 0x00, 0x00, 0x00, 0x00, 0x00,
    0x90, 0x00, 0x00, 0x00, 0x00, 0x00, 0x00, 0x00, 0x00, 0x00, 0x00, 0x00, 0x00, 0x00, 0x00, 0x00,
    0x00, 0x00, 0x00, 0x00, 0x00, 0x00, 0x00, 0x00, 0x00, 0x00, 0x00, 0x00, 0x00, 0x00, 0x00, 0x00,
    0x00, 0x00, 0x00, 0x00, 0x00, 0x00, 0x00, 0x00, 0x00, 0x00, 0x00, 0x00, 0x00, 0x00, 0x00, 0x00,
    0x00, 0x00, 0x00, 0x00, 0x00, 0x00, 0x00, 0x00, 0x00, 0x00, 0x00, 0x00, 0x01, 0x01, 0x01, 0x01,
    0x01, 0x01, 0x01, 0x01, 0x00, 0x00, 0x00, 0x00, 0x00, 0x00, 0x00, 0x00, 0x00, 0x00, 0x00, 0x00,
    0x00, 0x00, 0x00, 0x00, 0x00, 0x00, 0x00, 0x00, 0x00, 0x00, 0x00, 0x00, 0x00, 0x00, 0x00, 0x00,
    0x00, 0x00, 0x00, 0x00, 0x00, 0x00, 0x00, 0x00, 0x00, 0x00, 0x00, 0x00, 0x00, 0x00, 0x00, 0x00,
    0x00, 0x00, 0x00, 0x00, 0x00, 0x00, 0x00, 0x00, 0x00, 0x00, 0x00, 0x20, 0x20, 0x20, 0x20, 0x20,
    0x20, 0x20, 0x20, 0x20, 0x20, 0x00, 0x00, 0x00, 0x00, 0x00, 0x00, 0x00, 0x00, 0x00, 0x00, 0x00,
    0x09, 0x09, 0x09, 0x09, 0x09, 0x09, 0x09, 0x09, 0x09, 0x09, 0x09, 0x09, 0x09, 0x09, 0x09, 0x09,
    0x09, 0x09, 0x09, 0x09, 0x09, 0x09, 0x09, 0x09, 0x09, 0x09, 0x09, 0x09, 0x09, 0x09, 0x09, 0x09,
    0x09, 0x09, 0x09, 0x09, 0x09, 0x09, 0x09, 0x09, 0x09, 0x09, 0x09, 0x09, 0x09, 0x09, 0x09, 0x09,
    0x09, 0x09, 0x09, 0x09, 0x09, 0x09, 0x09, 0x09, 0x09, 0x09, 0x09, 0x09, 0x09, 0x09, 0x09, 0x09,
    0x05, 0x05, 0x05, 0x05, 0x05, 0x05, 0x05, 0x05, 0x05, 0x05, 0x05, 0x05, 0x95, 0x95, 0xA5, 0x95,
    0x95, 0x05, 0x05, 0x05, 0x05, 0x05, 0x05, 0x05, 0x05, 0x05, 0x05, 0x05, 0x05, 0x05, 0x05, 0x05,
    0x90, 0x90, 0x90, 0x90, 0x90, 0x90, 0x90, 0x90, 0x90, 0x90, 0x90, 0x90, 0x90, 0x90, 0x90, 0x90,
    0x90, 0x90, 0x90, 0x90, 0x90, 0x90, 0x90, 0x90, 0x90, 0x90, 0x90, 0x90, 0x90, 0x90, 0x90, 0x90,
    0x90, 0x90, 0x90, 0x90, 0x90, 0x90, 0x90, 0x90, 0x90, 0x90, 0x90, 0x99, 0x99, 0x99, 0x99, 0x99,
    0x99, 0x99, 0x99, 0x99, 0x99, 0x90, 0x90, 0x90, 0x90, 0x90, 0x90, 0x90, 0x90, 0x90, 0x90, 0x90,
    0x90, 0x90, 0x90, 0x90, 0x90, 0x90, 0x90, 0x90, 0x90, 0x90, 0x90, 0x90, 0x91, 0x91, 0x91, 0x91,
    0x91, 0x91, 0x91, 0x91, 0x90, 0x90, 0x90, 0x90, 0x90, 0x90, 0x90, 0x90, 0x90, 0x90, 0x90, 0x90,
    0x90, 0x90, 0x90, 0x90, 0x90, 0x90, 0x90, 0x90, 0x90, 0x90, 0x90, 0x90, 0x90, 0x90, 0x90, 0x90,
    0x90, 0x90, 0x90, 0x90, 0x90, 0x90, 0x90, 0x90, 0x90, 0x90, 0x90, 0x90, 0x90, 0x90, 0x90, 0x90,
    0x90, 0x90, 0x90, 0x90, 0x90, 0x90, 0x90, 0x90, 0x90, 0x90, 0x90, 0x90, 0x90, 0x90, 0x90, 0x90,
    0x90, 0x90, 0x90, 0x90, 0x90, 0x90, 0x90, 0x90, 0x90, 0x90, 0x90, 0x90, 0x90, 0x90, 0x90, 0x90,
    0x90, 0x90, 0x90, 0x90, 0x90, 0x90, 0x90, 0x90, 0x90, 0x90, 0x90, 0x90, 0x90, 0x90, 0x90, 0x90,
    0x90, 0x90, 0x90, 0x90, 0x90, 0x90, 0x90, 0x90, 0x90, 0x90, 0x90, 0x90, 0x90, 0x90, 0x90, 0x90,
    0xB0, 0xB0, 0xB0, 0xB0, 0xB0, 0xB0, 0xB0, 0xB0, 0xB0, 0xB0, 0xB0, 0xB0, 0xB0, 0xB0, 0xB0, 0xB0,
    0xB0, 0xB0, 0xB0, 0xB0, 0xB0, 0xB0, 0xB0, 0xB0, 0xB0, 0xB0, 0xB0, 0xB0, 0xB0, 0xB0, 0xB0, 0xB0,
    0x05, 0x05, 0x05, 0x05, 0x05, 0x05, 0x05, 0x05, 0x05, 0xA5, 0x95, 0x95, 0x95, 0x95, 0x95, 0x95,
    0x95, 0x95, 0x95, 0x95, 0x05, 0x05, 0x05, 0x05, 0x05, 0x05, 0x05, 0x05, 0x05, 0x05, 0x05, 0x05,
    0x90, 0xE0, 0x40, 0x40, 0x40, 0x40, 0x40, 0x30, 0xE0, 0x40, 0x40, 0x40, 0x40, 0x40, 0x30, 0x90,
    0x90, 0xE0, 0x40, 0x40, 0x40, 0x40, 0x40, 0x30, 0xE0, 0x40, 0x40, 0x40, 0x40, 0x40, 0x30, 0x90,
    0x90, 0x90, 0x90, 0x90, 0x90, 0x90, 0x90, 0x90, 0x90, 0x90, 0x99, 0x99, 0x9A, 0x9B, 0x9C, 0x9D,
    0x9C, 0x9C, 0x9B, 0x9A, 0x99, 0x99, 0x90, 0x90, 0x90, 0x90, 0x90, 0x90, 0x90, 0x90, 0x90, 0x90,
    0xD0, 0xD0, 0xD0, 0xD0, 0xD0, 0xD0, 0xC0, 0x90, 0xE0, 0xD0, 0xD0, 0xD1, 0x92, 0xD2, 0xD2, 0xD2,
    0xD2, 0xD2, 0xD2, 0x92, 0xD1, 0xD0, 0xD0, 0xC0, 0x90, 0xE0, 0xD0, 0xD0, 0xD0, 0xD0, 0xD0, 0xD0,
    0xD0, 0xD0, 0xD0, 0xD0, 0xD0, 0xD0, 0xC0, 0x90, 0xE0, 0xD0, 0xD0, 0xD0, 0x90, 0xD0, 0xD0, 0xD0,
    0xD0, 0xD0, 0xD0, 0x90, 0xD0, 0xD0, 0xD0, 0xC0, 0x90, 0xE0, 0xD0, 0xD0, 0xD0, 0xD0, 0xD0, 0xD0,
    0x90, 0x90, 0x90, 0x90, 0x90, 0x90, 0x90, 0x90, 0x90, 0x90, 0x90, 0x90, 0x90, 0x90, 0x90, 0x90,
    0x90, 0x90, 0x90, 0x90, 0x90, 0x90, 0x90, 0x90, 0x90, 0x90, 0x90, 0x90, 0x90, 0x90, 0x90, 0x90,
    0x90, 0x90, 0x90, 0x90, 0x90, 0x90, 0x90, 0x90, 0x90, 0x90, 0x95, 0x95, 0x95, 0x95, 0x95, 0x95,
    0x95, 0x95, 0x95, 0x95, 0x95, 0x95, 0x90, 0x90, 0x90, 0x90, 0x90, 0x90, 0x90, 0x90, 0x90, 0x90,
    0xB0, 0xE0, 0xD0, 0xD0, 0xD0, 0xD0, 0xD0, 0xD0, 0xD0, 0xD0, 0xD0, 0xD0, 0xDF, 0xDF, 0xDF, 0xDF,
    0xDF, 0xDF, 0xDF, 0xDF, 0xC0, 0xD0, 0xD0, 0xD0, 0xD0, 0xD0, 0xD0, 0xD0, 0xD0, 0xD0, 0xD0, 0xC0,
    0x07, 0x07, 0x07, 0x07, 0x07, 0x07, 0x07, 0x07, 0x97, 0x97, 0xA7, 0xA7, 0xA7, 0xA7, 0x97, 0x97,
    0x97, 0xA7, 0xA7, 0x97, 0x97, 0x97, 0x97, 0x07, 0x07, 0x07, 0x07, 0x07, 0x07, 0x07, 0x07, 0x07,
    0x90, 0x90, 0x90, 0x90, 0x30, 0x30, 0x30, 0x20, 0x40, 0x30, 0x30, 0x30, 0x95, 0x95, 0x95, 0x95,
    0x95, 0x95, 0x95, 0x95, 0x30, 0x30, 0x30, 0x20, 0x40, 0x30, 0x30, 0x30, 0x90, 0x90, 0x90, 0x90,
    0x90, 0x90, 0xE0, 0xD0, 0xD0, 0xD0, 0xD0, 0xC0, 0x99, 0x99, 0x99, 0x99, 0x99, 0xE9, 0xD9, 0xD9,
    0xD9, 0xD9, 0xC9, 0x99, 0x99, 0x99, 0x99, 0x99, 0xE0, 0xD0, 0xD0, 0xD0, 0xD0, 0xC0, 0x90, 0x90,
    0xC0, 0xC0, 0xC0, 0xC0, 0xC0, 0xC0, 0xB0, 0x90, 0xD0, 0xC0, 0xC1, 0xC2, 0xB3, 0xC3, 0xC3, 0xC3,
    0xC3, 0xC3, 0xC3, 0xB3, 0xC2, 0xC1, 0xC0, 0xB0, 0x90, 0xD0, 0xC0, 0xC0, 0xC0, 0xC0, 0xC0, 0xC0,
    0xC0, 0xC0, 0xC0, 0xC0, 0xC0, 0xC0, 0xB0, 0x90, 0xD0, 0xC0, 0xC0, 0xC0, 0xB0, 0xC0, 0xC0, 0xC0,
    0xC0, 0xC0, 0xC0, 0xB0, 0xC0, 0xC0, 0xC0, 0xB0, 0x90, 0xD0, 0xC0, 0xC0, 0xC0, 0xC0, 0xC0, 0xC0,
    0xD0, 0xD0, 0xD0, 0xD0, 0xD0, 0xD0, 0xC0, 0x90, 0xE0, 0xD0, 0xD0, 0xD0, 0x99, 0xD9, 0xD9, 0xD9,
    0xD0, 0xD0, 0xD0, 0x90, 0xD0, 0xD0, 0xD0, 0xC0, 0x90, 0xE0, 0xD0, 0xD0, 0xD0, 0xD0, 0xD0, 0xD0,
    0xD0, 0xD0, 0xD0, 0xD0, 0xD0, 0xD0, 0xC0, 0x90, 0xE0, 0xD5, 0xD5, 0xD6, 0x96, 0xD6, 0xD6, 0xD6,
    0xD6, 0xD6, 0xD6, 0x96, 0xD6, 0xD5, 0xD5, 0xC0, 0x90, 0xE0, 0xD0, 0xD0, 0xD0, 0xD0, 0xD0, 0xD0,
    0xB0, 0xD0, 0xC0, 0xC0, 0xC0, 0xC0, 0xC0, 0xC0, 0xC0, 0xC0, 0xC0, 0xCF, 0xCF, 0xCF, 0xCF, 0xCF,
    0xCF, 0xCF, 0xCF, 0xCF, 0xBF, 0xD0, 0xC0, 0xC0, 0xC0, 0xC0, 0xC0, 0xC0, 0xC0, 0xC0, 0xC0, 0xB0,
    0x07, 0x07, 0x07, 0x07, 0x07, 0x07, 0x07, 0x97, 0xB7, 0xA7, 0xD7, 0xC7, 0xB7, 0xB7, 0xA7, 0xA7,
    0xA7, 0xB7, 0x97, 0x97, 0xA7, 0xA7, 0x97, 0x97, 0x07, 0x07, 0x07, 0x07, 0x07, 0x07, 0x07, 0x07,
    0x90, 0xD0, 0xD0, 0x90, 0x90, 0x90, 0x90, 0x90, 0x90, 0x90, 0x90, 0x95, 0x96, 0x96, 0x96, 0x96,
    0x96, 0x96, 0x96, 0x96, 0x95, 0x90, 0x90, 0x90, 0x90, 0x90, 0x90, 0x90, 0x90, 0xD0, 0xD0, 0x90,
    0x90, 0x90, 0xD0, 0xC0, 0xC0, 0xC0, 0xC0, 0xB9, 0x99, 0x9A, 0xAB, 0xAC, 0xAD, 0xDD, 0xCE, 0xCD,
    0xCD, 0xCD, 0xBD, 0x9D, 0x9C, 0xAB, 0xAA, 0xA9, 0xD9, 0xC0, 0xC0, 0xC0, 0xC0, 0xB0, 0x90, 0x90,
    0xC0, 0xA0, 0xB0, 0xB0, 0xB0, 0xB0, 0xA0, 0x90, 0xC0, 0xB1, 0xB2, 0xB3, 0xB4, 0xB4, 0xB4, 0xB4,
    0xB4, 0xB4, 0xB4, 0xB4, 0xB3, 0xB2, 0xB1, 0xA0, 0x90, 0xC0, 0xB0, 0xB0, 0xB0, 0xB0, 0xC0, 0xC0,
    0xC0, 0xA0, 0xB0, 0xB0, 0xB0, 0xB0, 0xA0, 0x90, 0xC0, 0xB0, 0xB0, 0xB0, 0xB0, 0xB0, 0xB0, 0xB0,
    0xB0, 0xB0, 0xB0, 0xB0, 0xB0, 0xB0, 0xB0, 0xA0, 0x90, 0xC0, 0xB0, 0xB0, 0xB0, 0xB0, 0xC0, 0xC0,
    0xC0, 0xC0, 0xC0, 0xC0, 0xC0, 0xC0, 0xB0, 0x90, 0xD0, 0xC0, 0xC0, 0xC9, 0xB9, 0xC1, 0xC1, 0xC9,
    0xC9, 0xC0, 0xC9, 0xB9, 0xC0, 0xC0, 0xC0, 0xB0, 0x90, 0xD0, 0xC0, 0xC0, 0xC0, 0xC0, 0xC0, 0xC0,
    0xC0, 0xC0, 0xC0, 0xC0, 0xC0, 0xC0, 0xB0, 0x90, 0xD5, 0xC5, 0xC6, 0xC6, 0xB7, 0xC7, 0xC7, 0xC7,
    0xC7, 0xC7, 0xC7, 0xB7, 0xC6, 0xC6, 0xC5, 0xB5, 0x90, 0xD0, 0xC0, 0xC0, 0xC0, 0xC0, 0xC0, 0xC0,
    0xB0, 0xD0, 0xC0, 0xD0, 0xD0, 0xD0, 0xC0, 0xD0, 0xD0, 0xC0, 0xCF, 0xCF, 0xC7, 0xC7, 0xC7, 0xC7,
    0xC7, 0xC7, 0xC7, 0xC7, 0xBF, 0xDF, 0xC0, 0xB0, 0xC0, 0xB0, 0xB0, 0xB0, 0xB0, 0xC0, 0xC0, 0xB0,
    0x06, 0x06, 0x06, 0x06, 0x06, 0x06, 0x96, 0x96, 0xC6, 0xB6, 0xA6, 0xB6, 0xC6, 0xC6, 0xB6, 0xB6,
    0xB6, 0xA6, 0x96, 0x96, 0xB6, 0xB6, 0xA6, 0x96, 0x96, 0x06, 0x06, 0x06, 0x06, 0x06, 0x06, 0x06,
    0x90, 0xD0, 0xD0, 0xC0, 0xD0, 0xD0, 0xD0, 0xD0, 0xD0, 0xD0, 0xD5, 0xD6, 0xD7, 0xD7, 0xC7, 0x97,
    0x97, 0xC7, 0xD7, 0xD7, 0xD6, 0xD5, 0xD0, 0xD0, 0xD0, 0xD0, 0xD0, 0xD0, 0xD0, 0xE0, 0xD0, 0x90,
    0x90, 0x90, 0xD0, 0xC0, 0xC0, 0xC0, 0xC9, 0xB9, 0x99, 0xA9, 0xB9, 0xB9, 0xB9, 0xD9, 0xC9, 0xC9,
    0xC9, 0xC9, 0xB9, 0x99, 0xA9, 0xB9, 0xB9, 0xB9, 0xD9, 0xC9, 0xC0, 0xC0, 0xC0, 0xB0, 0x90, 0x90,
    0xC0, 0xB0, 0xA0, 0xB0, 0xB0, 0xB0, 0xA0, 0x90, 0xC1, 0xB2, 0xA3, 0x94, 0x5E, 0x5E, 0x5E, 0x5E,
    0x5E, 0x5E, 0x5E, 0x5E, 0x94, 0xC3, 0xB2, 0xA1, 0x90, 0xC0, 0xB0, 0xB0, 0xB0, 0xC0, 0xD0, 0xC0,
    0xC0, 0xB0, 0xA0, 0xB0, 0xB0, 0xB0, 0xA0, 0x90, 0xC0, 0xB0, 0xA0, 0x90, 0x99, 0x99, 0x99, 0x99,
    0x99, 0x99, 0x99, 0x90, 0x90, 0xC0, 0xB9, 0xA0, 0x90, 0xC0, 0xB0, 0xB0, 0xB0, 0xC0, 0xD0, 0xC0,
    0xC0, 0xA0, 0xB0, 0xB0, 0xB0, 0xB0, 0xA0, 0x90, 0xC0, 0xB0, 0xB9, 0xB9, 0xB1, 0xB1, 0xB2, 0xB1,
    0xB1, 0xB9, 0xB1, 0xB9, 0xB9, 0xB0, 0xB0, 0xA0, 0x90, 0xC0, 0xB0, 0xB0, 0xB0, 0xB0, 0xC0, 0xC0,
    0xC0, 0xA0, 0xB0, 0xB0, 0xB6, 0xB0, 0xA0, 0x95, 0xC5, 0xB6, 0xB6, 0xB7, 0xB7, 0xB8, 0xB8, 0xB8,
    0xB8, 0xB8, 0xB8, 0xB7, 0xB7, 0xB6, 0xB6, 0xA5, 0x95, 0xC0, 0xB0, 0xB6, 0xB0, 0xB0, 0xC0, 0xC0,
    0xB0, 0xD0, 0xC0, 0xD0, 0xD0, 0xD0, 0xC0, 0xD0, 0xD0, 0xCF, 0xCF, 0xC7, 0xC7, 0xC7, 0xC7, 0xC7,
    0xC7, 0xC7, 0xC7, 0xC7, 0xB7, 0xDF, 0xCF, 0xB0, 0xC0, 0xB0, 0xB0, 0xB0, 0xB0, 0xC0, 0xC0, 0xB0,
    0x06, 0x06, 0x06, 0x06, 0x06, 0x06, 0x96, 0xA6, 0xB6, 0xE6, 0xD6, 0xD6, 0xC6, 0xD6, 0xD6, 0xC6,
    0xB6, 0xB6, 0x96, 0x96, 0x96, 0xB6, 0xB6, 0xA6, 0x96, 0x96, 0x06, 0x06, 0x06, 0x06, 0x06, 0x06,
    0xD0, 0xD0, 0xD0, 0xC0, 0xC0, 0xC0, 0xC0, 0xC0, 0xC0, 0xC5, 0xA6, 0xB7, 0xE8, 0xC8, 0xB8, 0x98,
    0x98, 0xB8, 0xC8, 0xA8, 0xB7, 0xE6, 0xC5, 0xC0, 0xC0, 0xC0, 0xC0, 0xC0, 0xC0, 0xE0, 0xD0, 0xD0,
    0x90, 0x90, 0xC0, 0xB0, 0xB0, 0xB0, 0xB9, 0xAB, 0x9C, 0xA9, 0xB9, 0xBD, 0xBE, 0xC9, 0xB9, 0xBE,
    0xBE, 0xB9, 0xA9, 0x9D, 0xAC, 0xB9, 0xB9, 0xBB, 0xCB, 0xB9, 0xB0, 0xB0, 0xB0, 0xA0, 0x90, 0x90,
    0xC0, 0xB0, 0xB0, 0x90, 0x90, 0x90, 0x90, 0x91, 0x92, 0x93, 0x54, 0x5E, 0x5E, 0x6E, 0x6E, 0x6E,
    0x6E, 0x6E, 0x6E, 0x5E, 0x5E, 0x54, 0x93, 0x92, 0x91, 0x90, 0x90, 0x90, 0x90, 0xD0, 0xE0, 0xC0,
    0xC0, 0xB0, 0xB0, 0x90, 0x90, 0x90, 0x90, 0x90, 0x90, 0x10, 0x90, 0x99, 0x99, 0x91, 0x91, 0x91,
    0x91, 0x99, 0x99, 0x99, 0x99, 0x99, 0x10, 0x90, 0x90, 0x90, 0x90, 0x90, 0x90, 0xD0, 0xE0, 0xC0,
    0xC0, 0xB0, 0xA0, 0xB0, 0xB0, 0xB0, 0xA0, 0x90, 0xC9, 0xB9, 0xA9, 0x99, 0x91, 0x92, 0x92, 0x92,
    0x91, 0x99, 0x99, 0x91, 0x99, 0xC0, 0xB9, 0xA0, 0x90, 0xC0, 0xB0, 0xB0, 0xB0, 0xC0, 0xD0, 0xC0,
    0xC0, 0xB0, 0xA0, 0xB0, 0xB0, 0xB7, 0xA5, 0x95, 0xC6, 0xB6, 0xA7, 0x97, 0x98, 0x98, 0x98, 0x98,
    0x98, 0x98, 0x98, 0x98, 0x97, 0xC7, 0xB6, 0xA6, 0x95, 0xC5, 0xB7, 0xB0, 0xB0, 0xC0, 0xD0, 0xC0,
    0xB0, 0xD0, 0xC0, 0xD0, 0xD0, 0xD0, 0xC0, 0xD0, 0xDF, 0xCF, 0xC7, 0xB7, 0xB8, 0xB8, 0xBD, 0xBD,
    0xBD, 0xBD, 0xB8, 0xB8, 0xB7, 0xD7, 0xCF, 0xCF, 0xC0, 0xC0, 0xC0, 0xC0, 0xC0, 0xC0, 0xC0, 0xB0,
    0x05, 0x05, 0x05, 0x05, 0x05, 0x95, 0xA5, 0xB5, 0xC5, 0xD5, 0xD5, 0xD5, 0xD5, 0xD5, 0xD5, 0xB5,
    0xD5, 0xE5, 0xB5, 0x95, 0x95, 0x95, 0xA5, 0xA5, 0x95, 0x95, 0x05, 0x05, 0x05, 0x05, 0x05, 0x05,
    0xD0, 0xD0, 0xD0, 0xC0, 0xC0, 0xA0, 0xA0, 0xA0, 0xA5, 0xA6, 0xA7, 0xA8, 0xAC, 0xAC, 0xAC, 0x9C,
    0x9C, 0xAC, 0xAC, 0xAB, 0xA8, 0xA7, 0xA6, 0xA5, 0xA0, 0xA0, 0xA0, 0xC0, 0xC0, 0xE0, 0xD0, 0xD0,
    0x90, 0x90, 0xC0, 0xB0, 0xB0, 0xB0, 0xB9, 0xAA, 0x9B, 0x9B, 0xAC, 0xAC, 0xAD, 0xCD, 0xBE, 0xBE,
    0xBD, 0xBD, 0xAC, 0x9C, 0x9B, 0xAB, 0xAB, 0xAA, 0xCA, 0xB9, 0xB0, 0xB0, 0xB0, 0xA0, 0x90, 0x90,
    0xC0, 0xB0, 0xB0, 0x90, 0x90, 0x90, 0x91, 0x92, 0x53, 0x54, 0x5E, 0x6E, 0x6B, 0x7B, 0x7D, 0x7D,
    0x7D, 0x7D, 0x7D, 0x6D, 0x6D, 0x5E, 0x54, 0x53, 0x92, 0x91, 0x90, 0x90, 0x90, 0xD0, 0xE0, 0xC0,
    0xC0, 0xB0, 0xB0, 0x90, 0x90, 0x90, 0x90, 0x90, 0x10, 0x20, 0x19, 0x91, 0x91, 0x92, 0x92, 0x92,
    0x91, 0x91, 0x91, 0x92, 0x91, 0x19, 0x29, 0x10, 0x90, 0x90, 0x90, 0x90, 0x90, 0xD0, 0xE0, 0xC0,
    0xC0, 0xB0, 0xB0, 0x90, 0x90, 0x90, 0x90, 0x90, 0x99, 0x91, 0x99, 0x99, 0x99, 0x91, 0x92, 0x91,
    0x99, 0x99, 0x99, 0x99, 0x99, 0x99, 0x99, 0x90, 0x90, 0x90, 0x90, 0x90, 0x90, 0xD0, 0xE0, 0xC0,
    0xC0, 0xB0, 0xB0, 0x90, 0x90, 0x95, 0x97, 0x96, 0x96, 0x97, 0x97, 0x98, 0x98, 0x9E, 0x9E, 0x9E,
    0x9E, 0x9E, 0x9E, 0x98, 0x98, 0x97, 0x97, 0x96, 0x96, 0x97, 0x95, 0x90, 0x90, 0xD0, 0xE0, 0xC0,
    0xB0, 0xD0, 0xC0, 0xC0, 0xC0, 0xC0, 0xC0, 0xCF, 0xCF, 0xC7, 0xC7, 0xB8, 0xD8, 0xD8, 0xD8, 0xD8,
    0xD8, 0xD8, 0xD8, 0xC8, 0xB8, 0xC7, 0xC7, 0xCF, 0xCF, 0xC0, 0xC0, 0xC0, 0xC0, 0xC0, 0xC0, 0xB0,
    0x05, 0x05, 0x05, 0x05, 0x95, 0x95, 0xB5, 0xC5, 0xD5, 0xD5, 0xE5, 0xE5, 0xE5, 0xC5, 0xC5, 0xC5,
    0xD5, 0xD5, 0xE5, 0xB5, 0xA5, 0x95, 0x95, 0x95, 0x95, 0x95, 0x95, 0x05, 0x05, 0x05, 0x05, 0x05,
    0xE0, 0xE0, 0xC0, 0xA0, 0xA0, 0x90, 0x90, 0x95, 0x96, 0x97, 0x98, 0x9C, 0x9C, 0x9C, 0x9C, 0x9C,
    0x9C, 0x9C, 0x9B, 0x9B, 0x9B, 0x98, 0x97, 0x96, 0x95, 0x90, 0x90, 0xA0, 0xB0, 0xE0, 0xE0, 0xE0,
    0x90, 0x90, 0xD0, 0xC0, 0xC0, 0xC0, 0xC9, 0xB9, 0x99, 0x99, 0xA9, 0xA9, 0xA9, 0xD9, 0xC9, 0xC9,
    0xC9, 0xC9, 0xB9, 0x99, 0x99, 0xA9, 0xA9, 0xA9, 0xD9, 0xC9, 0xC0, 0xC0, 0xC0, 0xB0, 0x90, 0x90,
    0xC0, 0xB0, 0xB0, 0x90, 0x90, 0x91, 0x92, 0x53, 0x54, 0x6E, 0x6E, 0x7B, 0x7B, 0x7B, 0x8B, 0x8B,
    0x8D, 0x8D, 0x7D, 0x7D, 0x7E, 0x6E, 0x6E, 0x54, 0x53, 0x92, 0x91, 0x90, 0x90, 0xD0, 0xE0, 0xC0,
    0xC0, 0xB0, 0xB0, 0x90, 0x90, 0x90, 0x90, 0x10, 0x20, 0x39, 0x29, 0x11, 0x92, 0x92, 0x93, 0x93,
    0x92, 0x92, 0x93, 0x93, 0x12, 0x21, 0x31, 0x29, 0x19, 0x90, 0x90, 0x90, 0x90, 0xD0, 0xE0, 0xC0,
    0xC0, 0xB0, 0xB0, 0x90, 0xA0, 0xA0, 0x90, 0x99, 0x99, 0x91, 0x92, 0x91, 0x99, 0x99, 0x91, 0x99,
    0x91, 0x99, 0x91, 0x91, 0x91, 0x99, 0x99, 0x99, 0x90, 0x90, 0xA0, 0xA0, 0x90, 0xD0, 0xE0, 0xC0,
    0xC0, 0xB0, 0xB0, 0x90, 0x95, 0x95, 0x96, 0x98, 0x97, 0x97, 0x98, 0x98, 0x9E, 0x9E, 0x9E, 0x9E,
    0x9E, 0x9E, 0x9E, 0x9E, 0x98, 0x98, 0x97, 0x97, 0x98, 0x96, 0x95, 0x95, 0x90, 0xD0, 0xE0, 0xC0,
    0xB0, 0xD0, 0xC0, 0xC0, 0xC0, 0xC0, 0xCF, 0xCF, 0xC7, 0xC7, 0xC8, 0xB8, 0xD7, 0xC7, 0xC7, 0xC7,
    0xC7, 0xC7, 0xC7, 0xB7, 0xB8, 0xB8, 0xB7, 0xB7, 0xBF, 0xBF, 0xD0, 0xC0, 0xC0, 0xC0, 0xC0, 0xB0,
    0x07, 0x07, 0x07, 0x97, 0x97, 0xA7, 0xA7, 0xC7, 0xD7, 0xD7, 0xE7, 0xE7, 0xE7, 0xE7, 0xD7, 0xD7,
    0xE7, 0xE7, 0xC7, 0xB7, 0xB7, 0xA7, 0xA7, 0x97, 0x97, 0x97, 0x97, 0x97, 0x97, 0x07, 0x07, 0x07,
    0xA0, 0xA0, 0xB0, 0xA0, 0x90, 0x90, 0xE5, 0x46, 0x47, 0x48, 0x4C, 0x4C, 0x9C, 0x4C, 0x4C, 0x3C,
    0x3C, 0x4B, 0x4B, 0x9B, 0x4B, 0x4B, 0x48, 0x47, 0x46, 0x35, 0x90, 0x90, 0xC0, 0xD0, 0xA0, 0xA0,
    0x90, 0x90, 0xD0, 0xC0, 0xC0, 0xC0, 0xC9, 0xB9, 0x99, 0x59, 0x69, 0x69, 0x69, 0xD9, 0xC9, 0xC9,
    0xC9, 0xC9, 0xB9, 0x99, 0x59, 0x69, 0x69, 0x69, 0xD9, 0xC9, 0xC0, 0xC0, 0xC0, 0xB0, 0x90, 0x90,
    0xC0, 0xB0, 0xB0, 0x90, 0x91, 0x92, 0x53, 0x54, 0x6E, 0x6E, 0x7A, 0x7B, 0x8B, 0x8B, 0xEB, 0xEB,
    0xEB, 0xEC, 0x8D, 0x8E, 0x7E, 0x7E, 0x6E, 0x6E, 0x54, 0x53, 0x92, 0x91, 0x90, 0xD0, 0xE0, 0xC0,
    0xC0, 0xB0, 0xB0, 0x90, 0x90, 0x90, 0x19, 0x20, 0x39, 0x41, 0x31, 0x22, 0x13, 0x94, 0x94, 0x94,
    0x93, 0x92, 0x92, 0x13, 0x23, 0x32, 0x41, 0x39, 0x20, 0x10, 0x90, 0x90, 0x90, 0xD0, 0xE0, 0xC0,
    0xC0, 0xB0, 0xB0, 0x90, 0xA0, 0x90, 0x90, 0x90, 0x99, 0x99, 0x91, 0x91, 0x99, 0x99, 0x99, 0x99,
    0x99, 0x91, 0x91, 0x92, 0x91, 0x91, 0x99, 0x99, 0x90, 0x90, 0x90, 0xA0, 0x90, 0xD0, 0xE0, 0xC0,
    0xC0, 0xB0, 0xB0, 0x95, 0x95, 0x96, 0x96, 0x97, 0x9E, 0x9E, 0x98, 0x9E, 0x9E, 0x96, 0x96, 0x96,
    0x96, 0x96, 0x96, 0x9E, 0x9E, 0x98, 0x9E, 0x9E, 0x97, 0x96, 0x96, 0x95, 0x95, 0xD0, 0xE0, 0xC0,
    0xB0, 0xD0, 0xC0, 0xC0, 0xC0, 0xCF, 0xCF, 0xC7, 0xC7, 0xC8, 0xC8, 0xB7, 0xD6, 0xC6, 0xB6, 0xB6,
    0xC6, 0xC6, 0xC6, 0xC6, 0xD7, 0xD8, 0xD8, 0xD7, 0xC7, 0xBF, 0xDF, 0xC0, 0xC0, 0xC0, 0xC0, 0xB0,
    0x07, 0x07, 0x97, 0x97, 0xA7, 0xA7, 0xB7, 0xB7, 0xE7, 0xC7, 0xE7, 0xE7, 0xE7, 0xA7, 0xA7, 0xA7,
    0xD7, 0xE7, 0xE7, 0xC7, 0xB7, 0xA7, 0x97, 0x97, 0x97, 0x97, 0x97, 0x97, 0x97, 0x97, 0x07, 0x07,
    0x90, 0x90, 0xB0, 0xA0, 0x90, 0xE5, 0x36, 0x97, 0x98, 0x9C, 0x9C, 0x9C, 0x9C, 0x9C, 0x9C, 0x9C,
    0x9B, 0x9B, 0x9B, 0x9B, 0x9B, 0x9B, 0x9B, 0x98, 0x97, 0x36, 0x35, 0x90, 0xC0, 0xD0, 0x90, 0x90,
    0x90, 0x90, 0xD0, 0xC0, 0xC0, 0xC0, 0xC9, 0xB6, 0x99, 0x59, 0x65, 0x66, 0x66, 0xD6, 0xC5, 0xC9,
    0xC9, 0xC5, 0xB6, 0x96, 0x56, 0x65, 0x69, 0x69, 0xD6, 0xC9, 0xC0, 0xC0, 0xC0, 0xB0, 0x90, 0x90,
    0xC0, 0xB0, 0xB0, 0x91, 0x92, 0x93, 0x54, 0x6E, 0x6E, 0x7A, 0x8A, 0x8B, 0xEB, 0xEB, 0x8B, 0x8B,
    0x8C, 0x8C, 0xED, 0xED, 0x8E, 0x8E, 0x7E, 0x6E, 0x6E, 0x54, 0x93, 0x92, 0x91, 0xD0, 0xE0, 0xC0,
    0xC0, 0xB0, 0xB0, 0x90, 0x90, 0x10, 0x20, 0x30, 0x49, 0xE1, 0x42, 0x32, 0x23, 0x14, 0x94, 0x94,
    0x93, 0x92, 0x12, 0x22, 0x32, 0x41, 0xE1, 0x49, 0x39, 0x20, 0x10, 0x90, 0x90, 0xD0, 0xE0, 0xC0,
    0xC0, 0xB0, 0xB0, 0x90, 0x99, 0x90, 0x90, 0x50, 0x59, 0x59, 0x51, 0x52, 0x51, 0x59, 0x99, 0x99,
    0x99, 0x51, 0x52, 0x52, 0x52, 0x91, 0x59, 0x59, 0x59, 0x50, 0x90, 0x90, 0x90, 0xD0, 0xE0, 0xC0,
    0xC0, 0xB0, 0xB5, 0x95, 0x96, 0x96, 0x17, 0x17, 0x1E, 0x1E, 0x1E, 0x1E, 0x96, 0x16, 0x16, 0x16,
    0x16, 0x16, 0x16, 0x16, 0x1E, 0x1E, 0x1E, 0x1E, 0x17, 0x17, 0x16, 0x16, 0x95, 0xD5, 0xE0, 0xC0,
    0xB0, 0xD0, 0xC0, 0xC0, 0xCF, 0xCF, 0xC7, 0xC7, 0xC8, 0xC8, 0xC7, 0xB6, 0xD5, 0xC5, 0xB5, 0xB5,
    0xC5, 0xC5, 0xC5, 0xC5, 0xC6, 0xC7, 0xC8, 0xC8, 0xB7, 0xB7, 0xDF, 0xCF, 0xC0, 0xC0, 0xC0, 0xB0,
    0x06, 0x06, 0x96, 0x96, 0xA6, 0xB6, 0xC6, 0xB6, 0xE6, 0xE6, 0xE6, 0xE6, 0xA6, 0xA6, 0xA6, 0xA6,
    0xA6, 0xC6, 0xC6, 0xC6, 0xB6, 0x96, 0xA6, 0xB6, 0x96, 0x96, 0x96, 0x96, 0x96, 0x96, 0x96, 0x06,
    0xF0, 0x90, 0xB0, 0xA0, 0x95, 0x46, 0x97, 0x98, 0x0C, 0x0C, 0x0C, 0x0C, 0x0C, 0x0C, 0x0C, 0x0B,
    0x0B, 0x0B, 0x0B, 0x0B, 0x0B, 0x0B, 0x0B, 0x0B, 0x98, 0x97, 0x26, 0x95, 0xC0, 0xD0, 0x90, 0xE0,
    0x90, 0x90, 0xD0, 0xC0, 0xC0, 0xC0, 0xC9, 0xB7, 0x99, 0x59, 0x66, 0x67, 0x67, 0xD7, 0xC6, 0xC9,
    0xC9, 0xC6, 0xB7, 0x97, 0x57, 0x66, 0x69, 0x69, 0xD7, 0xC9, 0xC0, 0xC0, 0xC0, 0xB0, 0x90, 0x90,
    0xC0, 0xB0, 0xB1, 0x92, 0x93, 0x54, 0x5E, 0x6E, 0x7A, 0x8A, 0x8A, 0xEB, 0x8B, 0x8B, 0x7B, 0x7C,
    0x7C, 0x7C, 0x8D, 0x8D, 0xEE, 0x8E, 0x8E, 0x7E, 0x6E, 0x5E, 0x54, 0x93, 0x92, 0xD1, 0xE0, 0xC0,
    0xC0, 0xB0, 0xB0, 0x90, 0x90, 0x90, 0x10, 0x20, 0x39, 0x42, 0xE3, 0x43, 0x33, 0x23, 0x14, 0x94,
    0x93, 0x12, 0x23, 0x33, 0x43, 0xE2, 0x42, 0x31, 0x29, 0x10, 0x99, 0x90, 0x90, 0xD0, 0xE0, 0xC0,
    0xC0, 0xB0, 0xB0, 0x90, 0x90, 0x90, 0x50, 0x59, 0x89, 0x81, 0x82, 0x82, 0x82, 0x51, 0x59, 0x99,
    0x99, 0x51, 0xE1, 0xE2, 0x51, 0x91, 0x59, 0xE9, 0xE0, 0x50, 0x90, 0x90, 0x90, 0xD0, 0xE0, 0xC0,
    0xC0, 0xB5, 0xB5, 0x96, 0x96, 0x17, 0x17, 0xE8, 0xE8, 0xEE, 0xEE, 0x16, 0x16, 0x17, 0xE7, 0xE7,
    0xE7, 0xE7, 0xE7, 0xE6, 0x16, 0xEE, 0xEE, 0xE8, 0xE8, 0xE7, 0xE7, 0x16, 0x96, 0xD5, 0xE5, 0xC0,
    0xB0, 0xD0, 0xC0, 0xCF, 0xCF, 0xC7, 0xC7, 0xC8, 0xC8, 0xC7, 0xC6, 0xB5, 0xD5, 0xC6, 0xC6, 0xC5,
    0xC5, 0xC5, 0xD5, 0xD5, 0xD5, 0xD6, 0xD7, 0xC8, 0xB8, 0xB7, 0xD7, 0xCF, 0xCF, 0xC0, 0xC0, 0xB0,
    0x06, 0x06, 0x96, 0x96, 0xA6, 0xC6, 0xB6, 0xE6, 0xE6, 0xC6, 0xE6, 0xE6, 0xA6, 0xA6, 0xC6, 0xC6,
    0xC6, 0xB6, 0xD6, 0xC6, 0xB6, 0xA6, 0xB6, 0xC6, 0x96, 0x96, 0x96, 0x96, 0x96, 0x96, 0x96, 0x06,
    0xF0, 0x90, 0xB0, 0xA5, 0x96, 0x47, 0x98, 0x0D, 0x0D, 0x0D, 0x0D, 0x0D, 0x0D, 0x0D, 0x0C, 0x0C,
    0x0B, 0x0B, 0x0B, 0x0B, 0x0B, 0x0B, 0x0B, 0x0B, 0x0B, 0x98, 0x27, 0x96, 0xC5, 0xD0, 0x90, 0xF0,
    0x90, 0x90, 0xC0, 0xB0, 0xB0, 0xB0, 0xB9, 0xA7, 0x99, 0x59, 0x66, 0x67, 0x6E, 0xC7, 0xB6, 0xB9,
    0xB9, 0xB6, 0xA7, 0x9E, 0x57, 0x66, 0x69, 0x69, 0xC7, 0xB9, 0xB0, 0xB0, 0xB0, 0xA0, 0x90, 0x90,
    0xC0, 0xB1, 0xB2, 0x93, 0x94, 0x5E, 0x6E, 0x7A, 0x7A, 0x8A, 0xEA, 0x8B, 0x7B, 0x6B, 0x6C, 0x6C,
    0x6C, 0x6C, 0x6D, 0x7D, 0x8D, 0xEE, 0x8E, 0x7E, 0x7E, 0x6E, 0x5E, 0x94, 0x93, 0xD2, 0xE1, 0xC0,
    0xC0, 0xB0, 0xB0, 0x90, 0x90, 0x90, 0x90, 0x19, 0x21, 0x32, 0x43, 0xE4, 0x44, 0x33, 0x23, 0x13,
    0x13, 0x23, 0x34, 0x44, 0xE4, 0x43, 0x32, 0x22, 0x11, 0x99, 0x90, 0x90, 0x90, 0xD0, 0xE0, 0xC0,
    0xC0, 0xB0, 0xB0, 0x90, 0x90, 0x90, 0x50, 0x80, 0xE9, 0xE1, 0xE1, 0xE2, 0xE1, 0x81, 0x51, 0x99,
    0x99, 0x59, 0xE1, 0xE1, 0x61, 0x59, 0x59, 0xE9, 0xE9, 0x50, 0x90, 0x90, 0x90, 0xD0, 0xE0, 0xC0,
    0xC0, 0xB5, 0xB6, 0x96, 0x97, 0x17, 0xE8, 0xE8, 0xEE, 0xEE, 0xE6, 0xE6, 0x17, 0x18, 0xE8, 0xE8,
    0xE8, 0xE8, 0xE8, 0xE7, 0x16, 0xE6, 0xEE, 0xEE, 0xE8, 0xE8, 0xE7, 0x17, 0x96, 0xD6, 0xE5, 0xC0,
    0xB0, 0xC0, 0xBF, 0xBF, 0xB7, 0xB7, 0xB8, 0xB8, 0xC7, 0xC6, 0xC5, 0xB5, 0xD6, 0xC7, 0xC7, 0xC6,
    0xC5, 0xC5, 0xD5, 0xD5, 0xD5, 0xD5, 0xD6, 0xC7, 0xB8, 0xB8, 0xD7, 0xC7, 0xCF, 0xCF, 0xC0, 0xB0,
    0x05, 0x05, 0x95, 0x95, 0xA5, 0xA5, 0xC5, 0xD5, 0xD5, 0xB5, 0xE5, 0xE5, 0xA5, 0xA5, 0xC5, 0xD5,
    0xC5, 0xA5, 0xB5, 0xC5, 0xB5, 0xB5, 0xA5, 0x95, 0x95, 0x95, 0xA5, 0xA5, 0x95, 0x95, 0x95, 0x05,
    0x90, 0x90, 0xB0, 0xA5, 0x96, 0x47, 0x98, 0x0D, 0x0D, 0x0D, 0x0D, 0x0D, 0x0D, 0x0D, 0x0C, 0x0C,
    0x0C, 0x0B, 0x0B, 0x0B, 0x0B, 0x0B, 0x0B, 0x0B, 0x0B, 0x9B, 0x28, 0x97, 0xC6, 0xD5, 0x90, 0x90,
    0x90, 0x90, 0xC0, 0xB0, 0xB0, 0xB0, 0xB9, 0xA7, 0x99, 0x99, 0xA6, 0xA7, 0xAE, 0xC7, 0xB6, 0xB9,
    0xB9, 0xB6, 0xA7, 0x9E, 0x97, 0xA6, 0xA9, 0xA9, 0xC7, 0xB9, 0xB0, 0xB0, 0xB0, 0xA0, 0x90, 0x90,
    0xC1, 0xB2, 0xB3, 0x94, 0x5E, 0x5E, 0x6A, 0x7A, 0x8A, 0xEA, 0x8A, 0x7B, 0x6B, 0x6C, 0x5C, 0x5C,
    0x5C, 0x5C, 0x6D, 0x6D, 0x7D, 0x8D, 0xEE, 0x8E, 0x7E, 0x6E, 0x5E, 0x54, 0x93, 0xD2, 0xE1, 0xC0,
    0xC0, 0xB0, 0xB0, 0x90, 0x90, 0x90, 0x90, 0x99, 0x11, 0x22, 0x33, 0x44, 0xE4, 0x44, 0x34, 0x23,
    0x22, 0x33, 0x44, 0xE4, 0x44, 0x34, 0x23, 0x12, 0x91, 0x99, 0x90, 0x90, 0x90, 0xD0, 0xE0, 0xC0,
    0xC0, 0xB0, 0xB0, 0x90, 0xA0, 0x90, 0x50, 0x80, 0xE9, 0x59, 0x51, 0x51, 0xE1, 0x89, 0x51, 0x99,
    0x91, 0x59, 0xE9, 0xE9, 0x89, 0x59, 0x50, 0xE9, 0xE0, 0x50, 0x90, 0xA0, 0x90, 0xD0, 0xE0, 0xC0,
    0xC0, 0xB5, 0xB6, 0x97, 0x97, 0x18, 0xE8, 0xEE, 0x1E, 0x16, 0xE6, 0xE7, 0x18, 0x18, 0xE8, 0xE8,
    0x18, 0x18, 0x18, 0x18, 0x17, 0xE6, 0xE6, 0x1E, 0x1E, 0x18, 0x18, 0x17, 0x97, 0xD6, 0xE5, 0xC0,
    0xB0, 0xEF, 0xDF, 0xD7, 0xD7, 0xC8, 0xB8, 0xB7, 0xD6, 0xC5, 0xC5, 0xB6, 0xD7, 0xCD, 0xCD, 0xC7,
    0xC6, 0xC5, 0xC5, 0xC5, 0xC5, 0xC5, 0xC5, 0xC6, 0xB7, 0xB8, 0xD8, 0xC7, 0xC7, 0xCF, 0xCF, 0xB0,
    0x05, 0x05, 0x95, 0xA5, 0xA5, 0xC5, 0xD5, 0xD5, 0xC5, 0xD5, 0xE5, 0xE5, 0xD5, 0xB5, 0xC5, 0xC5,
    0xA5, 0xA5, 0xB5, 0xC5, 0xC5, 0xB5, 0xA5, 0x95, 0x95, 0x95, 0xB5, 0xA5, 0x95, 0xA5, 0x95, 0x05,
    0xD0, 0xD0, 0xB0, 0xA5, 0x96, 0x47, 0x98, 0x0E, 0x0D, 0x0D, 0x0D, 0x0D, 0x0D, 0x0D, 0x0C, 0x0C,
    0x0C, 0x0C, 0x0B, 0x0B, 0x0B, 0x0B, 0x0B, 0x0B, 0x0B, 0x9A, 0x28, 0x97, 0xC6, 0xD5, 0xD0, 0xD0,
    0x90, 0x90, 0xD0, 0xC0, 0xC0, 0xC0, 0xC9, 0xB7, 0x99, 0x99, 0xA6, 0xA7, 0xAE, 0xD7, 0xC6, 0xC6,
    0xC6, 0xC6, 0xB7, 0x9E, 0x97, 0xA6, 0xA9, 0xA9, 0xD7, 0xC9, 0xC0, 0xC0, 0xC0, 0xB0, 0x90, 0x90,
    0xC1, 0xB2, 0xB3, 0x94, 0x5E, 0x6E, 0x7A, 0x7A, 0x8A, 0xEA, 0x8A, 0x6B, 0x6C, 0x5C, 0x5C, 0x9C,
    0x9C, 0x5C, 0x5D, 0x6D, 0x6D, 0x8D, 0xEE, 0x8E, 0x7E, 0x7E, 0x6E, 0x54, 0x93, 0xD2, 0xE1, 0xC0,
    0xC0, 0xB0, 0xB0, 0x90, 0x90, 0x90, 0x99, 0x91, 0x92, 0x13, 0x24, 0x34, 0x44, 0xE4, 0x43, 0x33,
    0x32, 0x42, 0xE3, 0x44, 0x34, 0x24, 0x13, 0x92, 0x92, 0x91, 0x99, 0x90, 0x90, 0xD0, 0xE0, 0xC0,
    0xC0, 0xB0, 0xB0, 0x90, 0xA0, 0xA0, 0x60, 0xE9, 0xE9, 0x69, 0xA9, 0x61, 0xE9, 0x81, 0x69, 0xA9,
    0xA9, 0x69, 0xE1, 0xE9, 0xE9, 0x79, 0x69, 0xE9, 0xE0, 0x60, 0xA0, 0xA0, 0x90, 0xD0, 0xE0, 0xC0,
    0xC0, 0xB5, 0xB6, 0x97, 0x98, 0x18, 0xEE, 0xEE, 0x16, 0x16, 0xE7, 0xE8, 0x18, 0x18, 0xEE, 0xEE,
    0x1E, 0x9E, 0x98, 0x98, 0x18, 0xE7, 0xE6, 0x16, 0x9E, 0x9E, 0x98, 0x98, 0x97, 0xD6, 0xE5, 0xC0,
    0xB0, 0xDF, 0xCF, 0xC7, 0xC7, 0xC8, 0xB8, 0xB7, 0xD6, 0xC5, 0xC5, 0xB6, 0xD7, 0xCD, 0xCD, 0xC7,
    0xC6, 0xC5, 0xC5, 0xC5, 0xC5, 0xC5, 0xC5, 0xC6, 0xB7, 0xB8, 0xD8, 0xC7, 0xC7, 0xCF, 0xCF, 0xB0,
    0x07, 0x97, 0x97, 0xA7, 0xB7, 0xC7, 0xE7, 0xC7, 0xC7, 0xD7, 0xD7, 0xE7, 0xD7, 0xD7, 0xB7, 0xA7,
    0xA7, 0xA7, 0xB7, 0xC7, 0xC7, 0xB7, 0xA7, 0xA7, 0xA7, 0xA7, 0xB7, 0xA7, 0x97, 0xA7, 0x97, 0x07,
    0xC0, 0xC0, 0xB0, 0xA5, 0x96, 0x47, 0x98, 0x0E, 0x0D, 0x0D, 0x0D, 0x0D, 0x0D, 0x0D, 0x0C, 0x0C,
    0x0C, 0x0C, 0x0C, 0x0B, 0x0B, 0x0B, 0x0B, 0x0B, 0x0A, 0x9A, 0x28, 0x97, 0xC6, 0xD5, 0xC0, 0xC0,
    0x90, 0x90, 0xD0, 0xC0, 0xC0, 0xC0, 0xC9, 0xB7, 0x99, 0xA9, 0xB6, 0xB7, 0xBE, 0xD8, 0xC7, 0xB7,
    0xB7, 0xC7, 0xB8, 0x9E, 0xA7, 0xB6, 0xB9, 0xB9, 0xD7, 0xC9, 0xC0, 0xC0, 0xC0, 0xB0, 0x90, 0x90,
    0xB1, 0xA2, 0x93, 0x94, 0x5E, 0x6E, 0x7A, 0x8A, 0xEA, 0x8A, 0x7B, 0x6C, 0x5C, 0x5C, 0x9C, 0x9C,
    0x9C, 0x9C, 0x5D, 0x5D, 0x6D, 0x7D, 0x8D, 0xEE, 0x8E, 0x7E, 0x6E, 0x54, 0x93, 0x92, 0xC1, 0xB0,
    0xB0, 0xA0, 0x90, 0x90, 0x90, 0x90, 0x99, 0x91, 0x92, 0x93, 0x14, 0x24, 0x34, 0x43, 0xE3, 0x43,
    0x42, 0xE2, 0x42, 0x33, 0x24, 0x13, 0x93, 0x92, 0x92, 0x91, 0x99, 0x90, 0x90, 0x90, 0xC0, 0xB0,
    0xB0, 0xA0, 0x90, 0x90, 0xA0, 0xA0, 0x60, 0xE9, 0xE0, 0x69, 0xA1, 0x69, 0xE9, 0x81, 0x69, 0xA9,
    0xA1, 0x61, 0xE9, 0xE9, 0xE9, 0x89, 0x60, 0xE0, 0xE0, 0x60, 0xA0, 0xA0, 0x90, 0x90, 0xC0, 0xB0,
    0xB0, 0xA5, 0x96, 0x97, 0xA8, 0x28, 0xEE, 0xEE, 0x26, 0x26, 0xE7, 0xE8, 0x28, 0x2E, 0xEE, 0xEE,
    0x2E, 0xAE, 0xAE, 0xA8, 0x28, 0xE7, 0xE6, 0x26, 0xAE, 0xAE, 0xA8, 0xA8, 0x97, 0x96, 0xC5, 0xB0,
    0xB0, 0xDF, 0xCF, 0xC7, 0xC7, 0xCD, 0xB8, 0xB7, 0xD6, 0xC5, 0xC5, 0xB6, 0xB6, 0xB7, 0xB7, 0xB6,
    0xB5, 0xB5, 0xB5, 0xB5, 0xB5, 0xB5, 0xB5, 0xB6, 0xB7, 0xB8, 0xCD, 0xB7, 0xB7, 0xBF, 0xBF, 0xB0,
    0x97, 0x97, 0xA7, 0xB7, 0xC7, 0xC7, 0xC7, 0xC7, 0xD7, 0xD7, 0xD7, 0xD7, 0xD7, 0xD7, 0xE7, 0xB7,
    0xB7, 0xB7, 0xC7, 0xC7, 0xD7, 0xC7, 0xB7, 0xA7, 0xA7, 0xB7, 0xB7, 0xA7, 0x97, 0xA7, 0x97, 0x97,
    0xA0, 0xA0, 0xA0, 0x95, 0x96, 0x37, 0x98, 0x0E, 0x0E, 0x0D, 0x0D, 0x0D, 0x0D, 0x0D, 0x0C, 0x0C,
    0x0C, 0x0C, 0x0C, 0x0C, 0x0B, 0x0B, 0x0B, 0x0A, 0x0A, 0x9A, 0x18, 0x97, 0x96, 0xA5, 0xB0, 0xA0,
    0x90, 0x90, 0xD0, 0xC0, 0xC0, 0xC0, 0xC9, 0xB7, 0x99, 0xA9, 0xB6, 0xB7, 0xBE, 0xDE, 0xCE, 0xBE,
    0xBE, 0xCE, 0xBE, 0x9E, 0xA7, 0xB6, 0xB9, 0xB9, 0xD7, 0xC9, 0xC0, 0xC0, 0xC0, 0xB0, 0x90, 0x90,
    0xC1, 0xB2, 0x93, 0x94, 0x5E, 0x6E, 0x7A, 0x8A, 0xEA, 0x8B, 0x7B, 0x6B, 0x5C, 0x9C, 0x9C, 0x9C,
    0x9C, 0x9C, 0x9D, 0x5D, 0x6D, 0x7D, 0x8D, 0xEE, 0x8E, 0x7E, 0x6E, 0x54, 0x93, 0x92, 0xE1, 0xC0,
    0xC0, 0xB0, 0x90, 0x90, 0x90, 0x99, 0x99, 0x91, 0x92, 0x92, 0x93, 0x14, 0x22, 0x33, 0x44, 0xE4,
    0xE3, 0x43, 0x32, 0x22, 0x13, 0x93, 0x92, 0x92, 0x92, 0x91, 0x99, 0x90, 0x90, 0x90, 0xE0, 0xC0,
    0xC0, 0xB0, 0x90, 0x90, 0xA0, 0x90, 0x50, 0x80, 0xE9, 0x50, 0x99, 0x59, 0xE9, 0x80, 0x50, 0x99,
    0x99, 0x50, 0xE9, 0xE9, 0x80, 0xE9, 0x69, 0xE0, 0xE0, 0x50, 0x90, 0xA0, 0x90, 0x90, 0xE0, 0xC0,
    0xC0, 0xB5, 0x96, 0x97, 0xA8, 0x28, 0xEE, 0xEE, 0x26, 0x26, 0xE7, 0xE8, 0x28, 0x2E, 0xEE, 0xEE,
    0x2E, 0x2E, 0x2E, 0x28, 0x28, 0xE7, 0xE6, 0x26, 0x2E, 0x2E, 0x28, 0xA8, 0x97, 0x96, 0xE5, 0xC0,
    0xB0, 0xDF, 0xCF, 0xB7, 0xC7, 0xCD, 0xB8, 0xB7, 0xB6, 0xB5, 0xB5, 0xB7, 0xE5, 0xD6, 0xD6, 0xD5,
    0xD5, 0xD5, 0xD5, 0xD5, 0xD5, 0xC5, 0xB5, 0xE6, 0xD7, 0xB8, 0xED, 0xD7, 0xD7, 0xDF, 0xDF, 0xC0,
    0x96, 0xA6, 0xB6, 0xC6, 0xD6, 0xC6, 0xD6, 0xE6, 0xC6, 0xB6, 0xB6, 0xC6, 0xC6, 0xD6, 0xD6, 0xD6,
    0xD6, 0xC6, 0xC6, 0xD6, 0xD6, 0xD6, 0xC6, 0xB6, 0xA6, 0xA6, 0xA6, 0xA6, 0x96, 0x96, 0x96, 0x96,
    0xB0, 0xB0, 0xA0, 0x95, 0x96, 0x37, 0x98, 0x0E, 0x0E, 0x0D, 0x0D, 0x0D, 0x0D, 0x0D, 0x0C, 0x0C,
    0x0C, 0x0C, 0x0C, 0x0C, 0x0C, 0x0B, 0x0A, 0x0A, 0x0A, 0x9A, 0x18, 0x97, 0x96, 0xC5, 0xD0, 0xB0,
    0x90, 0x90, 0xD0, 0xC0, 0xC0, 0xC0, 0xC9, 0xB7, 0x99, 0x99, 0x96, 0x97, 0x9E, 0xDE, 0xCE, 0xCE,
    0xCE, 0xCE, 0xBE, 0x9E, 0x97, 0x96, 0x99, 0x99, 0xD7, 0xC9, 0xC0, 0xC0, 0xC0, 0xB0, 0x90, 0x90,
    0xC1, 0xB2, 0x93, 0x94, 0x5E, 0x6E, 0x7A, 0x8A, 0xEB, 0x8B, 0x7B, 0x6B, 0x5B, 0x9C, 0x9C, 0x9C,
    0x9C, 0x9C, 0x9D, 0x5D, 0x6D, 0x7D, 0x8D, 0xED, 0x8E, 0x7E, 0x6E, 0x54, 0x93, 0x92, 0xE1, 0xC0,
    0xC0, 0xB0, 0x90, 0x90, 0x90, 0x90, 0x99, 0x91, 0x92, 0x92, 0x92, 0x13, 0x22, 0x34, 0x44, 0xE4,
    0xE4, 0x43, 0x32, 0x22, 0x12, 0x92, 0x92, 0x92, 0x91, 0x91, 0x99, 0x90, 0x90, 0x90, 0xE0, 0xC0,
    0xC0, 0xB0, 0x90, 0x90, 0x90, 0x99, 0x50, 0x80, 0xE0, 0x50, 0x99, 0x50, 0xE9, 0x80, 0x59, 0x91,
    0x91, 0x50, 0xE0, 0xE0, 0x60, 0xE0, 0x80, 0xE0, 0xE9, 0x50, 0x90, 0x90, 0x90, 0x90, 0xE0, 0xC0,
    0xC0, 0xB5, 0x96, 0x97, 0x98, 0x18, 0xEE, 0xEE, 0x16, 0x16, 0xE7, 0xE8, 0x18, 0x1E, 0xEE, 0xEE,
    0xEE, 0xEE, 0xEE, 0x18, 0x18, 0xE7, 0xE6, 0xE6, 0xEE, 0xEE, 0x18, 0x98, 0x97, 0x96, 0xE5, 0xC0,
    0xB0, 0xDF, 0xCF, 0xB7, 0xC7, 0xCD, 0xD8, 0xD7, 0xD6, 0xD6, 0xD7, 0xCD, 0xD7, 0xC6, 0xC5, 0xC5,
    0xC5, 0xC5, 0xC5, 0xC5, 0xC5, 0xC5, 0xB5, 0xD6, 0xC7, 0xB8, 0xDD, 0xC7, 0xC7, 0xCF, 0xCF, 0xB0,
    0x96, 0xA6, 0xB6, 0xC6, 0xD6, 0xC6, 0xE6, 0xC6, 0x96, 0x96, 0xA6, 0xB6, 0xB6, 0xC6, 0xD6, 0xD6,
    0xD6, 0xC6, 0xC6, 0xD6, 0xD6, 0xD6, 0xC6, 0xB6, 0xA6, 0xA6, 0x96, 0xA6, 0xA6, 0x96, 0x96, 0x96,
    0xD0, 0xD0, 0xB0, 0xA5, 0x96, 0x47, 0x98, 0x0E, 0x0E, 0x0E, 0x0D, 0x0D, 0x0D, 0x0D, 0x0C, 0x0C,
    0x0C, 0x0C, 0x0C, 0x0C, 0x0B, 0x0A, 0x0A, 0x0A, 0x0A, 0x9A, 0x28, 0x97, 0xC6, 0xD5, 0xD0, 0xD0,
    0x90, 0x90, 0xC0, 0xB0, 0xB0, 0xB0, 0xB9, 0xA7, 0x99, 0x99, 0x96, 0x97, 0x9E, 0xC8, 0xB7, 0xB7,
    0xB7, 0xB7, 0xA8, 0x9E, 0x97, 0x96, 0x99, 0x99, 0xC7, 0xB9, 0xB0, 0xB0, 0xB0, 0xA0, 0x90, 0x90,
    0xD1, 0xC2, 0x93, 0x94, 0x5E, 0x6E, 0x7A, 0x8B, 0xEB, 0x8B, 0x7B, 0x6B, 0x5B, 0x5B, 0x9C, 0x9C,
    0x9C, 0x9C, 0x5D, 0x5D, 0x6D, 0x7D, 0x8D, 0xED, 0x8E, 0x7E, 0x6E, 0x54, 0x93, 0x92, 0xE1, 0xD0,
    0xD0, 0xC0, 0x90, 0x90, 0x90, 0x90, 0x99, 0x91, 0x91, 0x92, 0x12, 0x22, 0x33, 0x44, 0xE4, 0x44,
    0x44, 0xE3, 0x42, 0x31, 0x21, 0x12, 0x92, 0x91, 0x91, 0x99, 0x90, 0x90, 0x90, 0x90, 0xE0, 0xD0,
    0xD0, 0xC0, 0x90, 0x90, 0x90, 0x90, 0x50, 0x80, 0xE0, 0x50, 0x90, 0x59, 0xE0, 0x89, 0x51, 0x99,
    0x99, 0x50, 0xE0, 0xE0, 0x50, 0x81, 0xE1, 0xE9, 0xE0, 0x50, 0x90, 0x90, 0x90, 0x90, 0xE0, 0xD0,
    0xD0, 0xC5, 0x96, 0x97, 0x98, 0x18, 0xEE, 0xEE, 0x16, 0x16, 0xE7, 0xE8, 0x18, 0x1E, 0xEE, 0xEE,
    0xEE, 0xEE, 0xEE, 0x18, 0x18, 0xE7, 0xE6, 0xE6, 0xEE, 0xEE, 0x18, 0x98, 0x97, 0x96, 0xE5, 0xD0,
    0xB0, 0xDF, 0xCF, 0xB7, 0xC7, 0xCD, 0xC8, 0xC7, 0xC6, 0xC5, 0xC5, 0xB7, 0xD5, 0xC5, 0xC5, 0xC5,
    0xC5, 0xC5, 0xC5, 0xC5, 0xC5, 0xC5, 0xB5, 0xD6, 0xC7, 0xB8, 0xED, 0xC7, 0xC7, 0xCF, 0xCF, 0xB0,
    0x95, 0xA5, 0xB5, 0xC5, 0xD5, 0xD5, 0xD5, 0x95, 0x95, 0x95, 0xB5, 0xB5, 0xA5, 0xB5, 0xC5, 0xD5,
    0xC5, 0xC5, 0xC5, 0xD5, 0xD5, 0xC5, 0xB5, 0xA5, 0xA5, 0xA5, 0x95, 0x95, 0x95, 0x95, 0x95, 0x95,
    0xC0, 0xC0, 0xB0, 0xA5, 0x96, 0x47, 0x98, 0x0E, 0x0E, 0x0E, 0x0D, 0x0D, 0x0D, 0x0D, 0x0C, 0x0C,
    0x0C, 0x0C, 0x0C, 0x0B, 0x0B, 0x0A, 0x0A, 0x0A, 0x0A, 0x9A, 0x28, 0x97, 0xC6, 0xD5, 0xC0, 0xC0,
    0x90, 0x90, 0x90, 0x90, 0x90, 0x90, 0x99, 0x97, 0x99, 0x99, 0x96, 0x97, 0x9E, 0x97, 0x96, 0x96,
    0x96, 0x96, 0x97, 0x9E, 0x97, 0x96, 0x99, 0x99, 0x97, 0x99, 0x90, 0x90, 0x90, 0x90, 0x90, 0x90,
    0xC1, 0xB2, 0xB3, 0x94, 0x5E, 0x6E, 0x7B, 0x7B, 0x8B, 0xEB, 0x8B, 0x6B, 0x6B, 0x5B, 0x5B, 0x9C,
    0x9C, 0x5C, 0x5D, 0x6D, 0x6D, 0x8D, 0xED, 0x8D, 0x7D, 0x7E, 0x6E, 0x54, 0x93, 0xD2, 0xE1, 0xC0,
    0xC0, 0xB0, 0xB0, 0x90, 0x90, 0x90, 0x90, 0x99, 0x91, 0x11, 0x21, 0x32, 0x43, 0xE3, 0x44, 0x34,
    0x33, 0x42, 0xE2, 0x41, 0x31, 0x21, 0x11, 0x91, 0x91, 0x99, 0x90, 0x90, 0x90, 0xD0, 0xE0, 0xC0,
    0xC0, 0xB0, 0xB0, 0x90, 0x90, 0x90, 0x50, 0x89, 0xE0, 0x59, 0x90, 0x50, 0xE0, 0x80, 0x59, 0x91,
    0x99, 0x50, 0xE9, 0xE1, 0x50, 0x69, 0xE0, 0xE0, 0xE0, 0x50, 0x90, 0x90, 0x90, 0xD0, 0xE0, 0xC0,
    0xC0, 0xB5, 0xB6, 0x97, 0x98, 0x18, 0xEE, 0xEE, 0x16, 0x16, 0xE7, 0xE8, 0x18, 0x18, 0xEE, 0xEE,
    0x1E, 0x1E, 0x18, 0x18, 0x18, 0xE7, 0xE6, 0x16, 0x1E, 0x1E, 0x18, 0x98, 0x97, 0xD6, 0xE5, 0xC0,
    0xB0, 0xDF, 0xCF, 0xC7, 0xC7, 0xC8, 0xC8, 0xC7, 0xC6, 0xC5, 0xC5, 0xB6, 0xD5, 0xC5, 0xC5, 0xC5,
    0xB5, 0xB5, 0xB5, 0xB5, 0xB5, 0xB5, 0xB5, 0xB6, 0xB7, 0xB8, 0xE8, 0xB7, 0xB7, 0xCF, 0xCF, 0xB0,
    0x95, 0xA5, 0xB5, 0xC5, 0xC5, 0xC5, 0xC5, 0x95, 0x95, 0xB5, 0xC5, 0xB5, 0x95, 0xA5, 0xC5, 0xC5,
    0xB5, 0xB5, 0xB5, 0xC5, 0xD5, 0xB5, 0xA5, 0x95, 0x95, 0xA5, 0x95, 0x95, 0x95, 0x95, 0x95, 0x05,
    0xA0, 0xA0, 0xB0, 0xA5, 0x96, 0x47, 0x98, 0x0E, 0x0E, 0x0E, 0x0E, 0x0D, 0x0D, 0x0D, 0x0C, 0x0C,
    0x0C, 0x0C, 0x0B, 0x0B, 0x0B, 0x0A, 0x0A, 0x0A, 0x0A, 0x98, 0x27, 0x96, 0xC5, 0xD0, 0xA0, 0xA0,
    0x90, 0x90, 0x90, 0x90, 0x90, 0x90, 0x99, 0x97, 0x99, 0x99, 0x96, 0x97, 0x9E, 0x97, 0x96, 0x99,
    0x99, 0x96, 0x97, 0x9E, 0x97, 0x96, 0x99, 0x99, 0x97, 0x99, 0x90, 0x90, 0x90, 0x90, 0x90, 0x90,
    0xC0, 0xB1, 0xB2, 0x93, 0x54, 0x5E, 0x6E, 0x7B, 0x8B, 0xEB, 0x8B, 0x7B, 0x6B, 0x6B, 0x5B, 0x5B,
    0x5C, 0x5C, 0x6D, 0x6D, 0x7D, 0x8D, 0xED, 0x8D, 0x7D, 0x6E, 0x5E, 0x54, 0x93, 0xD2, 0xE1, 0xC0,
    0xC0, 0xB0, 0xB0, 0x90, 0x90, 0x90, 0x90, 0x99, 0x19, 0x21, 0x39, 0x41, 0xE2, 0x42, 0x33, 0x23,
    0x22, 0x32, 0x41, 0xE1, 0x49, 0x39, 0x21, 0x11, 0x99, 0x90, 0x90, 0x90, 0x90, 0xD0, 0xE0, 0xC0,
    0xC0, 0xB0, 0xB0, 0x90, 0x90, 0x90, 0x50, 0x80, 0xE0, 0x50, 0x50, 0x59, 0xE0, 0x80, 0x50, 0x99,
    0x90, 0x50, 0xE0, 0xE0, 0x50, 0x50, 0x80, 0xE0, 0xE0, 0x50, 0x90, 0x90, 0x90, 0xD0, 0xE0, 0xC0,
    0xC0, 0xB5, 0xB6, 0x97, 0x97, 0x18, 0xE8, 0xEE, 0x1E, 0x16, 0xE6, 0xE7, 0x18, 0x18, 0xE8, 0xE8,
    0x18, 0x98, 0x98, 0x98, 0x17, 0xE6, 0xE6, 0x1E, 0x9E, 0x98, 0x98, 0x97, 0x97, 0xD6, 0xE5, 0xC0,
    0xB0, 0xDF, 0xCF, 0xC7, 0xC7, 0xC8, 0xC8, 0xC7, 0xC6, 0xC5, 0xC5, 0xB5, 0xD5, 0xC5, 0xC5, 0xC5,
    0xB5, 0xE5, 0xD5, 0xD5, 0xD5, 0xD5, 0xD5, 0xD6, 0xD7, 0xD8, 0xC8, 0xB7, 0xB7, 0xCF, 0xCF, 0xB0,
    0x97, 0xA7, 0xA7, 0xB7, 0xC7, 0xB7, 0xC7, 0x97, 0x97, 0xA7, 0xC7, 0xB7, 0x97, 0x97, 0xC7, 0xB7,
    0xA7, 0xA7, 0xA7, 0xB7, 0xD7, 0xA7, 0x97, 0x97, 0x97, 0x97, 0x97, 0x97, 0x97, 0x97, 0x07, 0x07,
    0x90, 0x90, 0xB0, 0xA0, 0x95, 0x46, 0x97, 0x08, 0x0E, 0x0E, 0x0E, 0x0E, 0x0D, 0x0D, 0x0C, 0x0C,
    0x0C, 0x0B, 0x0B, 0x0B, 0x0B, 0x0A, 0x0A, 0x0A, 0x08, 0x97, 0x26, 0x95, 0xC0, 0xD0, 0x90, 0x90,
    0x90, 0x90, 0x10, 0x10, 0x10, 0x10, 0x19, 0x27, 0x29, 0x29, 0x26, 0x17, 0x1E, 0x17, 0x26, 0x29,
    0x29, 0x26, 0x17, 0x1E, 0x17, 0x26, 0x29, 0x29, 0x27, 0x19, 0x10, 0x10, 0x10, 0x10, 0x90, 0x90,
    0xC0, 0xB0, 0xB1, 0x92, 0x93, 0x54, 0x6E, 0x7E, 0x7B, 0x8B, 0xEB, 0x8B, 0x7B, 0x6B, 0x6B, 0x6B,
    0x6B, 0x6C, 0x6C, 0x7C, 0x8C, 0xEC, 0x8C, 0x7C, 0x7E, 0x6E, 0x54, 0x93, 0x92, 0xD1, 0xE0, 0xC0,
    0xC0, 0xB0, 0xB0, 0x90, 0x90, 0x90, 0x90, 0x10, 0x29, 0x39, 0x49, 0xE1, 0x41, 0x32, 0x22, 0x12,
    0x12, 0x21, 0x31, 0x41, 0xE1, 0x49, 0x39, 0x29, 0x10, 0x90, 0x99, 0x90, 0x90, 0xD0, 0xE0, 0xC0,
    0xC0, 0xB0, 0xB0, 0x90, 0x90, 0x90, 0x50, 0x80, 0xE0, 0xE0, 0xE9, 0xE9, 0xE9, 0x80, 0x59, 0x99,
    0x90, 0x50, 0xE9, 0xE0, 0x50, 0x50, 0x60, 0xE0, 0xE0, 0x50, 0x90, 0x90, 0x90, 0xD0, 0xE0, 0xC0,
    0xC0, 0xB5, 0xB6, 0x96, 0x97, 0x17, 0xE8, 0xE8, 0xEE, 0xEE, 0xE6, 0xE6, 0x17, 0x18, 0xE8, 0xE8,
    0x18, 0x98, 0x98, 0x97, 0x16, 0xE6, 0xEE, 0x1E, 0x98, 0x98, 0x97, 0x97, 0x96, 0xD6, 0xE5, 0xC0,
    0xB0, 0xD0, 0xCF, 0xBF, 0xB7, 0xB7, 0xC8, 0xC8, 0xC7, 0xC6, 0xC5, 0xB5, 0xD5, 0xC5, 0xC5, 0xC5,
    0xB5, 0xD5, 0xC5, 0xC5, 0xC5, 0xB5, 0xB6, 0xB7, 0xB8, 0xC8, 0xB7, 0xB7, 0xBF, 0xCF, 0xC0, 0xB0,
    0x97, 0x97, 0xA7, 0xB7, 0xB7, 0xB7, 0xB7, 0xB7, 0xA7, 0xB7, 0xB7, 0xA7, 0x97, 0x97, 0xB7, 0xA7,
    0x97, 0x97, 0xA7, 0xA7, 0xC7, 0x97, 0x97, 0x97, 0xA7, 0x97, 0x97, 0x97, 0x97, 0x07, 0x07, 0x07,
    0xF0, 0x90, 0xB0, 0xA0, 0x90, 0x45, 0x96, 0x97, 0x08, 0x0E, 0x0E, 0x0E, 0x0D, 0x0D, 0x0C, 0x0C,
    0x0B, 0x0B, 0x0B, 0x0B, 0x0B, 0x0A, 0x0A, 0x08, 0x97, 0x96, 0x25, 0x90, 0xC0, 0xD0, 0x90, 0xE0,
    0x90, 0x10, 0x10, 0x20, 0x20, 0x20, 0x29, 0x47, 0x49, 0x49, 0x46, 0x27, 0x27, 0x27, 0x46, 0xE9,
    0xE9, 0x46, 0x27, 0x27, 0x27, 0x46, 0x49, 0x49, 0x47, 0x29, 0x20, 0x20, 0x20, 0x10, 0x10, 0x90,
    0xC0, 0xB0, 0xB0, 0x91, 0x92, 0x53, 0x54, 0x6E, 0x7E, 0x8B, 0x8B, 0xEB, 0x8B, 0x8B, 0x7B, 0x7B,
    0x7C, 0x7C, 0x8C, 0x8C, 0xEC, 0x8C, 0x8C, 0x7E, 0x6E, 0x54, 0x53, 0x92, 0x91, 0xD0, 0xE0, 0xC0,
    0xC0, 0xB0, 0xB0, 0x90, 0x90, 0x90, 0x10, 0x20, 0x30, 0x49, 0xE9, 0x49, 0x31, 0x21, 0x12, 0x92,
    0x91, 0x11, 0x29, 0x39, 0x49, 0xE9, 0x40, 0x30, 0x20, 0x10, 0x90, 0x90, 0x90, 0xD0, 0xE0, 0xC0,
    0xC0, 0xB0, 0xB0, 0x90, 0x90, 0x90, 0x50, 0x50, 0x80, 0x80, 0x80, 0x80, 0x81, 0x50, 0x50, 0x90,
    0x90, 0x59, 0xE9, 0xE0, 0x50, 0x90, 0x50, 0xE0, 0xE0, 0x50, 0x99, 0x90, 0x90, 0xD0, 0xE0, 0xC0,
    0xC0, 0xB5, 0xB5, 0x96, 0x96, 0x17, 0x17, 0xE8, 0xE8, 0xEE, 0xEE, 0x16, 0x16, 0x17, 0xE7, 0xE7,
    0x17, 0x97, 0x97, 0x96, 0x16, 0xEE, 0xEE, 0x18, 0x98, 0x97, 0x97, 0x96, 0x96, 0xD5, 0xE5, 0xC0,
    0xB0, 0xD0, 0xC0, 0xBF, 0xBF, 0xB7, 0xC7, 0xB8, 0xB8, 0xC7, 0xC6, 0xB5, 0xD5, 0xC5, 0xC5, 0xC5,
    0xB5, 0xD5, 0xC5, 0xC5, 0xC5, 0xB6, 0xB7, 0xB8, 0xB8, 0xC7, 0xB7, 0xBF, 0xBF, 0xC0, 0xC0, 0xB0,
    0x06, 0x96, 0x96, 0xA6, 0xB6, 0xA6, 0xA6, 0xB6, 0xB6, 0xB6, 0xA6, 0x96, 0x96, 0x96, 0xA6, 0x96,
    0x96, 0x96, 0x96, 0xA6, 0xB6, 0x96, 0xA6, 0xA6, 0xB6, 0xA6, 0x96, 0x96, 0x06, 0x06, 0x06, 0x06,
    0xF0, 0x90, 0xB0, 0xA0, 0x90, 0x30, 0x35, 0x96, 0x97, 0x98, 0x9E, 0x9E, 0x9E, 0x9D, 0x9C, 0x9B,
    0x9B, 0x9B, 0x9B, 0x9B, 0x9B, 0x9A, 0x98, 0x97, 0x96, 0x35, 0x20, 0x90, 0xC0, 0xD0, 0x90, 0xF0,
    0x90, 0x10, 0x10, 0x20, 0x20, 0x20, 0x29, 0x36, 0x39, 0x39, 0x35, 0x26, 0x26, 0x26, 0x35, 0x39,
    0x39, 0x35, 0x26, 0x26, 0x26, 0x35, 0x39, 0x39, 0x36, 0x29, 0x20, 0x20, 0x20, 0x10, 0x10, 0x90,
    0xC0, 0xB0, 0xB0, 0x90, 0x91, 0x92, 0x53, 0x64, 0x6E, 0x7E, 0x8B, 0x8B, 0xEB, 0xEB, 0x8B, 0x8C,
    0x8C, 0x8C, 0xEC, 0xEC, 0x8C, 0x8C, 0x7E, 0x6E, 0x64, 0x53, 0x92, 0x91, 0x90, 0xD0, 0xE0, 0xC0,
    0xC0, 0xB0, 0xB0, 0x90, 0x90, 0x10, 0x29, 0x30, 0x40, 0xE0, 0x40, 0x39, 0x29, 0x11, 0x91, 0x91,
    0x91, 0x99, 0x19, 0x29, 0x39, 0x40, 0xE0, 0x40, 0x30, 0x20, 0x10, 0x90, 0x90, 0xD0, 0xE0, 0xC0,
    0xC0, 0xB0, 0xB0, 0x90, 0x99, 0x90, 0x90, 0x50, 0x50, 0x50, 0x50, 0x50, 0x50, 0x50, 0x99, 0x99,
    0x90, 0x50, 0x50, 0x50, 0x50, 0x90, 0x50, 0x50, 0x50, 0x50, 0x90, 0x90, 0x90, 0xD0, 0xE0, 0xC0,
    0xC0, 0xB0, 0xB5, 0x95, 0x96, 0x96, 0x17, 0x17, 0x1E, 0x1E, 0x1E, 0x1E, 0x96, 0x16, 0x16, 0x16,
    0x16, 0x96, 0x96, 0x96, 0x1E, 0x1E, 0x1E, 0x1E, 0x97, 0x97, 0x96, 0x96, 0x95, 0xD5, 0xE0, 0xC0,
    0xB0, 0xD0, 0xC0, 0xB0, 0xBF, 0xBF, 0xC7, 0xB7, 0xB8, 0xC8, 0xC7, 0xB6, 0xD5, 0xC5, 0xC5, 0xC5,
    0xB5, 0xD5, 0xC5, 0xC5, 0xC6, 0xC7, 0xC8, 0xC8, 0xC7, 0xC7, 0xCF, 0xCF, 0xC0, 0xC0, 0xC0, 0xB0,
    0x06, 0x96, 0x96, 0xA6, 0xA6, 0xA6, 0x96, 0x96, 0xA6, 0x96, 0x96, 0x96, 0x96, 0x96, 0x96, 0x96,
    0x96, 0x96, 0x96, 0x96, 0xA6, 0x96, 0xA6, 0xB6, 0xC6, 0xA6, 0x96, 0x96, 0x06, 0x06, 0x06, 0x06,
    0x90, 0x90, 0xB0, 0xA0, 0x90, 0x90, 0x30, 0x25, 0x26, 0x27, 0x28, 0x2E, 0x9D, 0x2D, 0x2D, 0x1D,
    0x1B, 0x2B, 0x2B, 0x9B, 0x2B, 0x28, 0x27, 0x26, 0x25, 0x20, 0x90, 0x90, 0xC0, 0xD0, 0x90, 0x90,
    0x90, 0x90, 0x10, 0x10, 0x10, 0x10, 0x19, 0x29, 0x29, 0x29, 0x29, 0x19, 0x19, 0x19, 0x29, 0x29,
    0x29, 0x29, 0x19, 0x19, 0x19, 0x29, 0x29, 0x29, 0x29, 0x19, 0x10, 0x10, 0x10, 0x10, 0x90, 0x90,
    0xC0, 0xB0, 0xB0, 0x90, 0x90, 0x91, 0x52, 0x53, 0x64, 0x6E, 0x7E, 0x7B, 0x8B, 0x8B, 0xEC, 0xEC,
    0xEC, 0xEC, 0x8C, 0x8C, 0x7C, 0x7E, 0x6E, 0x64, 0x53, 0x52, 0x91, 0x90, 0x90, 0xD0, 0xE0, 0xC0,
    0xC0, 0xB0, 0xB0, 0x90, 0x90, 0x90, 0x10, 0x20, 0x30, 0x40, 0x30, 0x20, 0x19, 0x99, 0x91, 0x91,
    0x99, 0x99, 0x99, 0x19, 0x20, 0x30, 0x40, 0x30, 0x20, 0x10, 0x90, 0x90, 0x90, 0xD0, 0xE0, 0xC0,
    0xC0, 0xB0, 0xB0, 0x90, 0xA0, 0x90, 0x90, 0x90, 0x90, 0x90, 0x90, 0x90, 0x90, 0x90, 0x90, 0x90,
    0x90, 0x99, 0x90, 0x90, 0x90, 0x90, 0x90, 0x90, 0x90, 0x90, 0x90, 0xA0, 0x90, 0xD0, 0xE0, 0xC0,
    0xC0, 0xB0, 0xB0, 0x95, 0x95, 0x96, 0x96, 0x97, 0x9E, 0x9E, 0x98, 0x9E, 0x9E, 0x96, 0x96, 0x96,
    0x96, 0x96, 0x96, 0x9E, 0x9E, 0x98, 0x9E, 0x9E, 0x97, 0x96, 0x96, 0x95, 0x95, 0xD0, 0xE0, 0xC0,
    0xB0, 0xD0, 0xC0, 0xC0, 0xC0, 0xCF, 0xCF, 0xC7, 0xC7, 0xC8, 0xC8, 0xB7, 0xD6, 0xC6, 0xC6, 0xC6,
    0xB6, 0xD6, 0xC6, 0xC6, 0xC7, 0xC8, 0xC8, 0xC7, 0xC7, 0xCF, 0xCF, 0xC0, 0xC0, 0xC0, 0xC0, 0xB0,
    0x05, 0x05, 0x95, 0x95, 0xA5, 0x95, 0x95, 0x95, 0x95, 0x95, 0x95, 0x95, 0x95, 0x95, 0x95, 0x95,
    0x95, 0x95, 0x95, 0x95, 0xA5, 0x95, 0xB5, 0xC5, 0xA5, 0x95, 0x95, 0x95, 0x05, 0x05, 0x05, 0x05,
    0xD0, 0xD0, 0xB0, 0xA0, 0xD0, 0x90, 0x90, 0x90, 0x95, 0x96, 0x97, 0x9D, 0x9D, 0x9D, 0x9D, 0x9D,
    0x9D, 0x9D, 0x9B, 0x9B, 0x98, 0x97, 0x96, 0x95, 0x90, 0x90, 0x90, 0xD0, 0xC0, 0xD0, 0xD0, 0xD0,
    0x90, 0x90, 0x90, 0x90, 0x90, 0x90, 0x99, 0x99, 0x99, 0x99, 0x99, 0x99, 0x99, 0x99, 0x99, 0x99,
    0x99, 0x99, 0x99, 0x99, 0x99, 0x99, 0x99, 0x99, 0x99, 0x99, 0x90, 0x90, 0x90, 0x90, 0x90, 0x90,
    0xC0, 0xB0, 0xB0, 0x90, 0x90, 0x90, 0x91, 0x52, 0x53, 0x64, 0x6E, 0x7E, 0x7B, 0x7C, 0x8C, 0x8C,
    0x8C, 0x8C, 0x7C, 0x7C, 0x7E, 0x6E, 0x64, 0x53, 0x52, 0x91, 0x90, 0x90, 0x90, 0xD0, 0xE0, 0xC0,
    0xC0, 0xB0, 0xB0, 0x90, 0x90, 0x90, 0x90, 0x10, 0x20, 0x30, 0x29, 0x10, 0x90, 0x99, 0x99, 0x99,
    0x99, 0x90, 0x90, 0x90, 0x10, 0x20, 0x30, 0x20, 0x10, 0x90, 0x90, 0x90, 0x90, 0xD0, 0xE0, 0xC0,
    0xC0, 0xB0, 0xB0, 0x90, 0xA0, 0xA0, 0x90, 0x90, 0x90, 0x90, 0x90, 0x90, 0x90, 0x90, 0x90, 0x90,
    0x90, 0x90, 0x90, 0x90, 0x90, 0x90, 0x90, 0x90, 0x90, 0x90, 0xA0, 0xA0, 0x90, 0xD0, 0xE0, 0xC0,
    0xC0, 0xB0, 0xB0, 0x90, 0x95, 0x95, 0x96, 0x98, 0x97, 0x97, 0x98, 0x98, 0x9E, 0x9E, 0x9E, 0x9E,
    0x9E, 0x9E, 0x9E, 0x9E, 0x98, 0x98, 0x97, 0x97, 0x98, 0x96, 0x95, 0x95, 0x90, 0xD0, 0xE0, 0xC0,
    0xB0, 0xD0, 0xC0, 0xB0, 0xB0, 0xB0, 0xBF, 0xBF, 0xB7, 0xC7, 0xC8, 0xB8, 0xC7, 0xB7, 0xB7, 0xB7,
    0xB7, 0xD7, 0xC7, 0xC7, 0xC8, 0xD8, 0xD7, 0xD7, 0xCF, 0xCF, 0xD0, 0xD0, 0xD0, 0xD0, 0xC0, 0xB0,
    0x05, 0x05, 0x95, 0x95, 0x95, 0x95, 0x95, 0x95, 0x95, 0x95, 0x95, 0x95, 0x95, 0x95, 0x95, 0x95,
    0x95, 0x95, 0x95, 0x95, 0x95, 0x95, 0x95, 0x95, 0x95, 0x95, 0x95, 0x95, 0x05, 0x05, 0x05, 0x05,
    0xB0, 0xB0, 0xB0, 0xA0, 0xC0, 0xD0, 0xD0, 0xD0, 0xD0, 0xD5, 0xD6, 0xD7, 0xD8, 0xD8, 0xC8, 0x98,
    0x98, 0xC8, 0xD8, 0xD8, 0xD7, 0xD6, 0xD5, 0xD0, 0xD0, 0xD0, 0xD0, 0xC0, 0xC0, 0xC0, 0xB0, 0xB0,
    0xA0, 0xA0, 0x90, 0xA0, 0xB0, 0xC0, 0xB9, 0xAA, 0x9B, 0xAB, 0xAC, 0xAC, 0x9D, 0xAD, 0xBE, 0xCE,
    0xCD, 0xBD, 0xAC, 0x9C, 0xAB, 0xAB, 0xAB, 0x9A, 0xAA, 0xB9, 0xC0, 0xB0, 0xA0, 0x90, 0xA0, 0xA0,
    0xC0, 0xB0, 0xB0, 0x90, 0x90, 0x90, 0x90, 0x91, 0x52, 0x53, 0x54, 0x6E, 0x6E, 0x7E, 0x7E, 0x7E,
    0x7E, 0x7E, 0x7E, 0x6E, 0x6E, 0x54, 0x53, 0x92, 0x91, 0x90, 0x90, 0x90, 0x90, 0xD0, 0xE0, 0xC0,
    0xC0, 0xB0, 0xB0, 0x90, 0x90, 0x90, 0x90, 0x90, 0x10, 0x20, 0x10, 0x90, 0x90, 0x90, 0x90, 0x90,
    0x90, 0x99, 0x90, 0x90, 0x90, 0x10, 0x20, 0x10, 0x90, 0x90, 0x90, 0x90, 0x90, 0xD0, 0xE0, 0xC0,
    0xC0, 0xB0, 0xB0, 0x90, 0x90, 0x90, 0x90, 0x90, 0x90, 0x90, 0x90, 0x90, 0x90, 0x90, 0x90, 0x90,
    0x90, 0x90, 0x90, 0x90, 0x90, 0x90, 0x90, 0x90, 0x90, 0x90, 0x90, 0x90, 0x90, 0xD0, 0xE0, 0xC0,
    0xC0, 0xB0, 0xB0, 0x90, 0x90, 0x95, 0x97, 0x96, 0x96, 0x97, 0x97, 0x98, 0x98, 0x9E, 0x9E, 0x9E,
    0x9E, 0x9E, 0x9E, 0x98, 0x98, 0x97, 0x97, 0x96, 0x96, 0x97, 0x95, 0x90, 0x90, 0xD0, 0xE0, 0xC0,
    0xB0, 0xD0, 0xC0, 0xB0, 0xB0, 0xB0, 0xB0, 0xBF, 0xBF, 0xC7, 0xC7, 0xB8, 0xB8, 0xB8, 0xB8, 0xB8,
    0xB8, 0xD8, 0xC8, 0xC8, 0xC8, 0xD7, 0xD7, 0xDF, 0xCF, 0xC0, 0xD0, 0xD0, 0xD0, 0xD0, 0xC0, 0xB0,
    0x0A, 0x0A, 0x0A, 0x9A, 0x9A, 0x9A, 0x9A, 0x9A, 0x9A, 0x9A, 0x9A, 0x9A, 0x9A, 0x9A, 0xAA, 0xAA,
    0x9A, 0x9A, 0x9A, 0x9A, 0x9A, 0x9A, 0x9A, 0x9A, 0x9A, 0x9A, 0x9A, 0x0A, 0x0A, 0x0A, 0x0A, 0x0A,
    0xB0, 0xB0, 0xB0, 0xA0, 0xC0, 0xC0, 0xC0, 0xC0, 0xC0, 0xC0, 0xA5, 0xB6, 0xE7, 0xC7, 0xB7, 0x97,
    0x97, 0xB7, 0xC7, 0xA7, 0xB6, 0xE5, 0xC0, 0xC0, 0xC0, 0xC0, 0xC0, 0xC0, 0xC0, 0xC0, 0xB0, 0xB0,
    0xA0, 0x90, 0x90, 0x90, 0xA0, 0xA0, 0xA9, 0x9A, 0x9A, 0x99, 0xA9, 0x9B, 0x9C, 0x99, 0xA9, 0xAD,
    0xAC, 0xA9, 0x99, 0x9B, 0x9A, 0xA9, 0x99, 0x9A, 0x9A, 0xA9, 0xA0, 0xA0, 0x90, 0x90, 0x90, 0xA0,
    0xC0, 0xB0, 0xB0, 0x90, 0x90, 0x90, 0x90, 0x90, 0x91, 0x92, 0x53, 0x54, 0x5E, 0x6E, 0x6E, 0x6E,
    0x6E, 0x6E, 0x6E, 0x5E, 0x54, 0x53, 0x92, 0x91, 0x90, 0x90, 0x90, 0x90, 0x90, 0xD0, 0xE0, 0xC0,
    0xC0, 0xB0, 0xB0, 0x90, 0x90, 0x90, 0x90, 0x90, 0x90, 0x10, 0x90, 0x90, 0x90, 0x90, 0x90, 0x90,
    0x90, 0x90, 0x90, 0x90, 0x90, 0x90, 0x10, 0x90, 0x90, 0x90, 0x90, 0x90, 0x90, 0xD0, 0xE0, 0xC0,
    0xC0, 0xB0, 0xC0, 0xD0, 0xD0, 0xD0, 0xB0, 0x90, 0xE0, 0xD0, 0xD0, 0x90, 0x90, 0x90, 0x90, 0x90,
    0x99, 0x90, 0x90, 0x90, 0x90, 0xD0, 0xD0, 0xB0, 0x90, 0xE0, 0xD0, 0xD0, 0xD0, 0xE0, 0xE0, 0xC0,
    0xC0, 0xB0, 0xC0, 0xD0, 0xD0, 0xD7, 0xB5, 0x95, 0xE6, 0xD6, 0xD7, 0x97, 0x98, 0x98, 0x98, 0x98,
    0x98, 0x98, 0x98, 0x98, 0x97, 0xD7, 0xD6, 0xB6, 0x95, 0xE5, 0xD7, 0xD0, 0xD0, 0xE0, 0xE0, 0xC0,
    0xB0, 0xD0, 0xC0, 0xB0, 0xB0, 0xB0, 0xB0, 0xB0, 0xBF, 0xCF, 0xC7, 0xB7, 0xE8, 0xD8, 0xDD, 0xDD,
    0xCD, 0xDD, 0xC8, 0xC8, 0xC7, 0xC7, 0xCF, 0xCF, 0xC0, 0xC0, 0xC0, 0xC0, 0xD0, 0xD0, 0xC0, 0xB0,
    0x09, 0x09, 0x09, 0x09, 0x99, 0x99, 0x99, 0x99, 0x99, 0x99, 0x99, 0xA9, 0xA9, 0xA9, 0xB9, 0xA9,
    0x99, 0x99, 0x99, 0x99, 0x99, 0x99, 0x99, 0x99, 0x99, 0x99, 0x09, 0x09, 0x09, 0x09, 0x09, 0x09,
    0x90, 0xB0, 0xB0, 0xA0, 0xA0, 0xA0, 0xA0, 0xA0, 0xA0, 0xA0, 0xA0, 0xA5, 0xA6, 0xA6, 0xA6, 0x96,
    0x96, 0xA6, 0xA6, 0xA6, 0xA5, 0xA0, 0xA0, 0xA0, 0xA0, 0xA0, 0xA0, 0xA0, 0xA0, 0xC0, 0xB0, 0x90,
    0x90, 0x90, 0xA0, 0xB0, 0xC0, 0xD0, 0xC9, 0xB9, 0xA9, 0x99, 0x99, 0x99, 0xA9, 0xB9, 0xC9, 0xD9,
    0xD9, 0xC9, 0xB9, 0xA9, 0x99, 0x99, 0x99, 0xA9, 0xB9, 0xC9, 0xD0, 0xC0, 0xB0, 0xA0, 0x90, 0x90,
    0xC0, 0xB0, 0xC0, 0xD0, 0xD0, 0xD0, 0xB0, 0x90, 0xE0, 0xD1, 0xD2, 0x93, 0x54, 0x54, 0x54, 0x54,
    0x54, 0x54, 0x54, 0x54, 0x93, 0xD2, 0xD1, 0xB0, 0x90, 0xE0, 0xD0, 0xD0, 0xD0, 0xE0, 0xE0, 0xC0,
    0xC0, 0xB0, 0xC0, 0xD0, 0xD0, 0xD0, 0xB0, 0x90, 0xE0, 0xD0, 0xD0, 0x90, 0x90, 0x90, 0x90, 0x90,
    0x90, 0x90, 0x90, 0x90, 0x90, 0xD0, 0xD0, 0xB0, 0x90, 0xE0, 0xD0, 0xD0, 0xD0, 0xE0, 0xE0, 0xC0,
    0xC0, 0xC0, 0xD0, 0xE0, 0xE0, 0xE0, 0xC0, 0x90, 0xE0, 0xE0, 0xE0, 0xE0, 0xE0, 0xE0, 0xE0, 0xE0,
    0xE0, 0xE0, 0xE0, 0xE0, 0xE0, 0xE0, 0xE0, 0xC0, 0x90, 0xE0, 0xE0, 0xE0, 0xE0, 0xE0, 0xE0, 0xC0,
    0xC0, 0xC0, 0xD0, 0xE0, 0xE6, 0xE0, 0xC0, 0x95, 0xE5, 0xE6, 0xE6, 0xE7, 0xE7, 0xE8, 0xE8, 0xE8,
    0xE8, 0xE8, 0xE8, 0xE7, 0xE7, 0xE6, 0xE6, 0xC5, 0x95, 0xE0, 0xE0, 0xE6, 0xE0, 0xE0, 0xE0, 0xC0,
    0xB0, 0xD0, 0xC0, 0xB0, 0xB0, 0xB0, 0xB0, 0xB0, 0xB0, 0xCF, 0xCF, 0xB7, 0xD7, 0xC7, 0xC7, 0xC7,
    0xB7, 0xD7, 0xC7, 0xC7, 0xC7, 0xDF, 0xDF, 0xD0, 0xD0, 0xD0, 0xD0, 0xC0, 0xC0, 0xC0, 0xC0, 0xB0,
    0x09, 0x09, 0x09, 0x09, 0x09, 0x09, 0x09, 0x99, 0x99, 0x99, 0x99, 0x99, 0xA9, 0xA9, 0xA9, 0x99,
    0x99, 0x99, 0x99, 0x99, 0x99, 0x99, 0x99, 0x99, 0x99, 0x09, 0x09, 0x09, 0x09, 0x09, 0x09, 0x09,
    0x90, 0xA0, 0xA0, 0x90, 0x90, 0x90, 0x90, 0x90, 0x90, 0x90, 0x90, 0x90, 0x95, 0x95, 0x95, 0x95,
    0x95, 0x95, 0x95, 0x95, 0x90, 0x90, 0x90, 0x90, 0x90, 0x90, 0x90, 0x90, 0x90, 0xA0, 0xA0, 0x90,
    0x90, 0x90, 0x90, 0xA0, 0xB0, 0xB0, 0xB0, 0xA9, 0x99, 0x9A, 0x9B, 0x9C, 0x9D, 0xAD, 0xBE, 0xBD,
    0xBD, 0xBD, 0xAD, 0x9D, 0x9C, 0x9B, 0x9A, 0x99, 0xA9, 0xB0, 0xB0, 0xB0, 0xA0, 0x90, 0x90, 0x90,
    0xC0, 0xC0, 0xD0, 0xE0, 0xE0, 0xE0, 0xC0, 0x90, 0xE0, 0xE0, 0xE1, 0xE2, 0xE3, 0xE3, 0xE3, 0xE3,
    0xE3, 0xE3, 0xE3, 0xE3, 0xE2, 0xE1, 0xE0, 0xC0, 0x90, 0xE0, 0xE0, 0xE0, 0xE0, 0xE0, 0xE0, 0xC0,
    0xC0, 0xC0, 0xD0, 0xE0, 0xE0, 0xE0, 0xC0, 0x90, 0xE0, 0xE0, 0xE0, 0xE0, 0xE0, 0xE0, 0xE0, 0xE0,
    0xE0, 0xE0, 0xE0, 0xE0, 0xE0, 0xE0, 0xE0, 0xC0, 0x90, 0xE0, 0xE0, 0xE0, 0xE0, 0xE0, 0xE0, 0xC0,
    0xC0, 0xC0, 0xC0, 0xC0, 0xC0, 0xC0, 0xB0, 0x90, 0xE0, 0xC0, 0xC0, 0xC0, 0xB0, 0xC0, 0xC0, 0xC0,
    0xC0, 0xC0, 0xC0, 0xB0, 0xC0, 0xC0, 0xC0, 0xB0, 0x90, 0xE0, 0xC0, 0xC0, 0xC0, 0xC0, 0xC0, 0xC0,
    0xC0, 0xC0, 0xC0, 0xC0, 0xC0, 0xC0, 0xB0, 0x90, 0xE5, 0xC5, 0xC6, 0xC6, 0xB7, 0xC7, 0xC7, 0xC7,
    0xC7, 0xC7, 0xC7, 0xB7, 0xC6, 0xC6, 0xC5, 0xB5, 0x90, 0xE0, 0xC0, 0xC0, 0xC0, 0xC0, 0xC0, 0xC0,
    0xB0, 0xD0, 0xC0, 0xC0, 0xC0, 0xC0, 0xC0, 0xC0, 0xC0, 0xC0, 0xCF, 0xBF, 0xD7, 0xC7, 0xC7, 0xC7,
    0xB7, 0xD7, 0xC7, 0xC7, 0xCF, 0xDF, 0xD0, 0xD0, 0xD0, 0xD0, 0xD0, 0xD0, 0xD0, 0xD0, 0xC0, 0xB0,
    0x09, 0x09, 0x09, 0x09, 0x09, 0x09, 0x09, 0x09, 0x99, 0x99, 0x99, 0x99, 0x99, 0x99, 0x99, 0x99,
    0x99, 0x99, 0x99, 0x99, 0x99, 0x99, 0x99, 0x99, 0x09, 0x09, 0x09, 0x09, 0x09, 0x09, 0x09, 0x09,
    0x90, 0x90, 0x90, 0x90, 0x30, 0x30, 0x30, 0x20, 0x40, 0x30, 0x30, 0x30, 0x90, 0x90, 0x90, 0x90,
    0x90, 0x90, 0x90, 0x90, 0x30, 0x30, 0x30, 0x20, 0x40, 0x30, 0x30, 0x20, 0x90, 0x90, 0x90, 0x90,
    0x90, 0xA0, 0xB0, 0xC0, 0xD0, 0xE0, 0xD0, 0xC0, 0xB9, 0xA9, 0x99, 0xA9, 0xB9, 0xC9, 0xD9, 0xE9,
    0xE9, 0xD9, 0xC9, 0xB9, 0xA9, 0x99, 0xA9, 0xB9, 0xC0, 0xD0, 0xE0, 0xD0, 0xC0, 0xB0, 0xA0, 0x90,
    0xC0, 0xC0, 0xC0, 0xC0, 0xC0, 0xC0, 0xB0, 0x90, 0xE0, 0xC0, 0xC0, 0xC1, 0xB2, 0xC2, 0xC2, 0xC2,
    0xC2, 0xC2, 0xC2, 0xB2, 0xC1, 0xC0, 0xC0, 0xB0, 0x90, 0xE0, 0xC0, 0xC0, 0xC0, 0xC0, 0xC0, 0xC0,
    0xC0, 0xC0, 0xC0, 0xC0, 0xC0, 0xC0, 0xB0, 0x90, 0xE0, 0xC0, 0xC0, 0xC0, 0xB0, 0xC0, 0xC0, 0xC0,
    0xC0, 0xC0, 0xC0, 0xB0, 0xC0, 0xC0, 0xC0, 0xB0, 0x90, 0xE0, 0xC0, 0xC0, 0xC0, 0xC0, 0xC0, 0xC0,
    0xB0, 0xB0, 0xB0, 0xB0, 0xB0, 0xB0, 0xA0, 0x90, 0xC0, 0xB0, 0xB0, 0xB0, 0x90, 0xB0, 0xB0, 0xB0,
    0xB0, 0xB0, 0xB0, 0x90, 0xB0, 0xB0, 0xB0, 0xA0, 0x90, 0xC0, 0xB0, 0xB0, 0xB0, 0xB0, 0xB0, 0xB0,
    0xB0, 0xB0, 0xB0, 0xB0, 0xB0, 0xB0, 0xA0, 0x90, 0xC0, 0xB5, 0xB5, 0xB6, 0x96, 0xB6, 0xB6, 0xB6,
    0xB6, 0xB6, 0xB6, 0x96, 0xB6, 0xB5, 0xB5, 0xA0, 0x90, 0xC0, 0xB0, 0xB0, 0xB0, 0xB0, 0xB0, 0xB0,
    0xB0, 0xD0, 0xC0, 0xC0, 0xC0, 0xC0, 0xC0, 0xC0, 0xC0, 0xC0, 0xC0, 0xBF, 0xDF, 0xCF, 0xCF, 0xCF,
    0xBF, 0xDF, 0xCF, 0xCF, 0xCF, 0xD0, 0xD0, 0xD0, 0xD0, 0xD0, 0xD0, 0xD0, 0xD0, 0xD0, 0xC0, 0xB0,
    0x09, 0x09, 0x09, 0x09, 0x09, 0x09, 0x09, 0x09, 0x09, 0x99, 0x99, 0x99, 0x99, 0x99, 0x99, 0x99,
    0x99, 0x99, 0x99, 0x99, 0x99, 0x99, 0x09, 0x09, 0x09, 0x09, 0x09, 0x09, 0x09, 0x09, 0x09, 0x09,
    0x90, 0x30, 0x20, 0x20, 0x20, 0x20, 0x20, 0x10, 0x30, 0x20, 0x20, 0x20, 0x20, 0x20, 0x10, 0x90,
    0x90, 0x30, 0x20, 0x20, 0x20, 0x20, 0x20, 0x10, 0x30, 0x20, 0x20, 0x20, 0x20, 0x20, 0x10, 0x90,
    0x90, 0x90, 0x90, 0x90, 0x90, 0x90, 0x90, 0x90, 0x90, 0x90, 0x99, 0x99, 0x9A, 0x9B, 0x9C, 0x9D,
    0x9C, 0x9C, 0x9B, 0x9A, 0x99, 0x99, 0x90, 0x90, 0x90, 0x90, 0x90, 0x90, 0x90, 0x90, 0x90, 0x90,
    0xB0, 0xB0, 0xB0, 0xB0, 0xB0, 0xB0, 0xA0, 0x90, 0xC0, 0xB0, 0xB0, 0xB0, 0x91, 0xB1, 0xB1, 0xB1,
    0xB1, 0xB1, 0xB1, 0x91, 0xB0, 0xB0, 0xB0, 0xA0, 0x90, 0xC0, 0xB0, 0xB0, 0xB0, 0xB0, 0xB0, 0xB0,
    0xB0, 0xB0, 0xB0, 0xB0, 0xB0, 0xB0, 0xA0, 0x90, 0xC0, 0xB0, 0xB0, 0xB0, 0x90, 0xB0, 0xB0, 0xB0,
    0xB0, 0xB0, 0xB0, 0x90, 0xB0, 0xB0, 0xB0, 0xA0, 0x90, 0xC0, 0xB0, 0xB0, 0xB0, 0xB0, 0xB0, 0xB0,
    0x90, 0x90, 0x90, 0x90, 0x90, 0x90, 0x90, 0x90, 0x90, 0x90, 0x90, 0x90, 0x90, 0x90, 0x90, 0x90,
    0x90, 0x90, 0x90, 0x90, 0x90, 0x90, 0x90, 0x90, 0x90, 0x90, 0x90, 0x90, 0x90, 0x90, 0x90, 0x90,
    0x90, 0x90, 0x90, 0x90, 0x90, 0x90, 0x90, 0x90, 0x90, 0x90, 0x95, 0x95, 0x95, 0x95, 0x95, 0x95,
    0x95, 0x95, 0x95, 0x95, 0x95, 0x95, 0x90, 0x90, 0x90, 0x90, 0x90, 0x90, 0x90, 0x90, 0x90, 0x90,
    0xB0, 0xD0, 0xC0, 0xC0, 0xC0, 0xC0, 0xC0, 0xC0, 0xC0, 0xC0, 0xC0, 0xB0, 0xDF, 0xCF, 0xCF, 0xCF,
    0xBF, 0xDF, 0xCF, 0xCF, 0xC0, 0xC0, 0xC0, 0xC0, 0xC0, 0xC0, 0xC0, 0xC0, 0xC0, 0xC0, 0xC0, 0xB0,
    0x09, 0x09, 0x09, 0x09, 0x09, 0x09, 0x09, 0x09, 0x09, 0x09, 0x09, 0x09, 0x99, 0x99, 0x99, 0x99,
    0x99, 0x99, 0x09, 0x09, 0x09, 0x09, 0x09, 0x09, 0x09, 0x09, 0x09, 0x09, 0x09, 0x09, 0x09, 0x09,
    0x90, 0x90, 0x90, 0x90, 0x90, 0x90, 0x90, 0x90, 0x90, 0x90, 0x90, 0x90, 0x90, 0x90, 0x90, 0x90,
    0x90, 0x90, 0x90, 0x90, 0x90, 0x90, 0x90, 0x90, 0x90, 0x90, 0x90, 0x90, 0x90, 0x90, 0x90, 0x90,
    0x90, 0x90, 0x90, 0x90, 0x90, 0x90, 0x90, 0x90, 0x90, 0x90, 0x90, 0x99, 0x99, 0x99, 0x99, 0x99,
    0x99, 0x99, 0x99, 0x99, 0x99, 0x90, 0x90, 0x90, 0x90, 0x90, 0x90, 0x90, 0x90, 0x90, 0x90, 0x90,
    0x90, 0x90, 0x90, 0x90, 0x90, 0x90, 0x90, 0x90, 0x90, 0x90, 0x90, 0x90, 0x90, 0x90, 0x90, 0x90,
    0x90, 0x90, 0x90, 0x90, 0x90, 0x90, 0x90, 0x90, 0x90, 0x90, 0x90, 0x90, 0x90, 0x90, 0x90, 0x90,
    0x90, 0x90, 0x90, 0x90, 0x90, 0x90, 0x90, 0x90, 0x90, 0x90, 0x90, 0x90, 0x90, 0x90, 0x90, 0x90,
    0x90, 0x90, 0x90, 0x90, 0x90, 0x90, 0x90, 0x90, 0x90, 0x90, 0x90, 0x90, 0x90, 0x90, 0x90, 0x90,
    0x90, 0x90, 0x90, 0x90, 0x90, 0x90, 0x90, 0x90, 0x90, 0x90, 0x90, 0x90, 0x90, 0x90, 0x90, 0x90,
    0x90, 0x90, 0x90, 0x90, 0x90, 0x90, 0x90, 0x90, 0x90, 0x90, 0x90, 0x90, 0x90, 0x90, 0x90, 0x90,
    0x90, 0x90, 0x90, 0x90, 0x90, 0x90, 0x90, 0x90, 0x90, 0x90, 0x90, 0x90, 0x90, 0x90, 0x90, 0x90,
    0x90, 0x90, 0x90, 0x90, 0x90, 0x90, 0x90, 0x90, 0x90, 0x90, 0x90, 0x90, 0x90, 0x90, 0x90, 0x90,
    0xB0, 0xC0, 0xB0, 0xB0, 0xB0, 0xB0, 0xB0, 0xB0, 0xB0, 0xB0, 0xB0, 0xB0, 0xC0, 0xB0, 0xB0, 0xB0,
    0xB0, 0xC0, 0xB0, 0xB0, 0xB0, 0xB0, 0xB0, 0xB0, 0xB0, 0xB0, 0xB0, 0xB0, 0xB0, 0xB0, 0xB0, 0xB0,
];

#[rustfmt::skip]
pub static TEXTURE_BANK_1: [u8; TEXTURE_BANK_SIZE] = [
    0xB0, 0xB0, 0xB0, 0xB0, 0xB0, 0xB0, 0xB0, 0xB0, 0xB0, 0xB0, 0xB0, 0xB0, 0xB0, 0xB0, 0xB0, 0xB7,
    0xB7, 0xB0, 0xB0, 0xB0, 0xB0, 0xB0, 0xB0, 0xB0, 0xB0, 0xB0, 0x50, 0x50, 0x50, 0x50, 0x50, 0x50,
    0x50, 0x50, 0x50, 0x50, 0xB0, 0xB0, 0xB0, 0xB0, 0xB0, 0xB0, 0xB0, 0xB0, 0xB0, 0xB0, 0xB0, 0xB0,
    0xB0, 0xB0, 0xB0, 0xB0, 0xB0, 0xB0, 0xB0, 0xB0, 0xB0, 0xB0, 0xB0, 0xB0, 0xB0, 0xB0, 0xB0, 0xB0,
    0xB0, 0xB0, 0xB0, 0xB0, 0xB0, 0xB0, 0x50, 0x50, 0x50, 0x50, 0x50, 0x50, 0x50, 0x50, 0x50, 0x50,
    0x50, 0x50, 0x50, 0x50, 0x50, 0x50, 0xB0, 0xB0, 0xB0, 0xB0, 0xB0, 0xB0, 0xB0, 0xB0, 0xB0, 0xB0,
    0xB0, 0xB0, 0xB0, 0xB0, 0xB0, 0xB0, 0xB0, 0xB0, 0xB0, 0xB0, 0xB0, 0xB0, 0xB0, 0xB0, 0xB0, 0xB0,
    0xB0, 0xB0, 0xB0, 0xB0, 0xB0, 0xB0, 0xB0, 0xB0, 0xB0, 0xB0, 0xB0, 0xB0, 0xB0, 0xB0, 0xB0, 0xB0,
    0x00, 0x00, 0x00, 0x00, 0x00, 0x00, 0x00, 0x00, 0x00, 0x00, 0x00, 0x90, 0x90, 0x90, 0x90, 0x90,
    0x90, 0x90, 0x90, 0x90, 0x90, 0x00, 0x00, 0x00, 0x00, 0x00, 0x00, 0x00, 0x00, 0x00, 0x01, 0x01,
    0x91, 0x91, 0x91, 0x91, 0x91, 0x91, 0x91, 0x90, 0x90, 0x90, 0x90, 0x90, 0x90, 0x90, 0x90, 0x90,
    0x90, 0x90, 0x90, 0x90, 0x90, 0x90, 0x90, 0x90, 0x90, 0x90, 0x90, 0x90, 0x90, 0x90, 0x90, 0x90,
    0x10, 0x10, 0x10, 0x10, 0x10, 0x10, 0x20, 0x20, 0x20, 0x20, 0x10, 0x10, 0x10, 0x10, 0x10, 0x10,
    0x10, 0x10, 0x10, 0x10, 0x10, 0x10, 0x10, 0x20, 0x10, 0x10, 0x10, 0x10, 0x10, 0x10, 0x10, 0x11,
    0x11, 0x11, 0x31, 0x31, 0x31, 0x21, 0x31, 0x41, 0x40, 0x30, 0x20, 0x20, 0x30, 0x30, 0x20, 0x10,
    0x10, 0x10, 0x20, 0x20, 0x20, 0x20, 0x40, 0x30, 0x30, 0x30, 0x30, 0x30, 0x20, 0x20, 0x10, 0x10,
    0xB0, 0xB0, 0xB0, 0xB0, 0xB0, 0xB0, 0xB0, 0xB0, 0xB0, 0xB0, 0xB0, 0xB0, 0xB0, 0xB0, 0xB0, 0xB7,
    0xB7, 0xB0, 0xB0, 0xB0, 0xB0, 0xB0, 0xB0, 0xB0, 0xB0, 0x50, 0x90, 0x90, 0x90, 0x90, 0x90, 0x90,
    0x90, 0x90, 0x90, 0x50, 0xB0, 0xB0, 0xB0, 0xB0, 0xB0, 0xB0, 0xB0, 0xB0, 0xB0, 0xB0, 0xB0, 0xB0,
    0xB0, 0xB0, 0xB0, 0xB0, 0xB0, 0xB0, 0xB0, 0xB0, 0xB0, 0xB0, 0xB0, 0xB0, 0xB0, 0xB0, 0xB0, 0xB0,
    0xB0, 0xB0, 0xB0, 0xB0, 0xB0, 0xB0, 0x50, 0x90, 0x90, 0x90, 0x90, 0x90, 0x90, 0x90, 0x90, 0x90,
    0x90, 0x90, 0x90, 0x90, 0x90, 0x50, 0xB0, 0xB0, 0xB0, 0xB0, 0xB0, 0xB0, 0xB0, 0xB0, 0xB0, 0xB0,
    0xB0, 0xB0, 0xB0, 0xB0, 0xB0, 0xB0, 0xB0, 0xB0, 0xB0, 0xB0, 0xB0, 0xB0, 0xB0, 0xB0, 0xB0, 0xB0,
    0xB0, 0xB0, 0xB0, 0xB0, 0xB0, 0xB0, 0xB0, 0xB0, 0xB0, 0xB0, 0xB0, 0xB0, 0xB0, 0xB0, 0xB0, 0xB0,
    0x00, 0x00, 0x00, 0x00, 0x00, 0x00, 0x00, 0x00, 0x00, 0x00, 0x90, 0x90, 0xA0, 0xB0, 0xC0, 0xD0,
    0xC0, 0xC0, 0xB0, 0xA0, 0x90, 0x90, 0x00, 0x00, 0x00, 0x00, 0x01, 0x01, 0x01, 0x01, 0x02, 0x02,
    0x92, 0x92, 0x92, 0x92, 0x92, 0x92, 0x92, 0x91, 0x91, 0x91, 0x90, 0x90, 0x90, 0x90, 0x90, 0x90,
    0x90, 0x90, 0x90, 0x90, 0x90, 0x90, 0x90, 0x90, 0x90, 0x90, 0x90, 0x90, 0x90, 0x90, 0x90, 0x90,
    0x10, 0x10, 0x10, 0x10, 0x10, 0x10, 0x10, 0x20, 0x20, 0x10, 0x10, 0x10, 0x10, 0x10, 0x10, 0x10,
    0x10, 0x10, 0x10, 0x10, 0x10, 0x10, 0x10, 0x10, 0x10, 0x11, 0x11, 0x11, 0x11, 0x11, 0x11, 0x11,
    0x12, 0x12, 0x32, 0x32, 0x22, 0x22, 0x32, 0x42, 0x41, 0x21, 0x21, 0x21, 0x20, 0x30, 0x10, 0x10,
    0x10, 0x10, 0x10, 0x20, 0x10, 0x20, 0x30, 0x30, 0x30, 0x20, 0x20, 0x30, 0x20, 0x10, 0x10, 0x10,
    0xB0, 0xB0, 0xB0, 0xB0, 0xB0, 0xB0, 0xB0, 0xB0, 0xB0, 0xB0, 0xB0, 0xB0, 0xB0, 0xB0, 0xB0, 0xB7,
    0xB7, 0xB0, 0xB0, 0xB0, 0xB0, 0xB0, 0xB0, 0xB0, 0x50, 0x90, 0x20, 0x30, 0x30, 0x30, 0x30, 0x30,
    0x20, 0x10, 0x90, 0x50, 0xB0, 0xB0, 0xB0, 0xB0, 0xB0, 0xB0, 0xB0, 0xB0, 0xB0, 0xB0, 0xB0, 0xB7,
    0xB7, 0xB0, 0xB0, 0xB0, 0xB0, 0xB0, 0xB0, 0xB0, 0xB0, 0xB0, 0xB0, 0xB0, 0xB0, 0xB0, 0xB0, 0xB0,
    0xB0, 0xB0, 0xB0, 0xB0, 0xB0, 0xB0, 0x50, 0x90, 0x20, 0x30, 0x30, 0x30, 0x30, 0x30, 0x30, 0x30,
    0x30, 0x30, 0x30, 0x20, 0x90, 0x50, 0xB0, 0xB0, 0xB0, 0xB0, 0xB0, 0xB0, 0xB0, 0xB0, 0xB0, 0xB0,
    0xB0, 0xB0, 0xB0, 0xB0, 0xB0, 0xB0, 0xB0, 0xB0, 0xB0, 0xB0, 0xB0, 0xB0, 0xB0, 0xB0, 0xB0, 0xB0,
    0xB0, 0xB0, 0xB0, 0xB0, 0xB0, 0xB0, 0xB0, 0xB0, 0xB0, 0xB0, 0xB0, 0xB0, 0xB0, 0xB0, 0xB0, 0xB0,
    0x00, 0x00, 0x00, 0x00, 0x00, 0x00, 0x00, 0x00, 0x90, 0x90, 0x90, 0x90, 0x90, 0x90, 0x90, 0x90,
    0x90, 0x90, 0x90, 0x90, 0x90, 0x90, 0x91, 0x91, 0x01, 0x01, 0x01, 0x01, 0x02, 0x02, 0x02, 0x02,
    0x93, 0x93, 0x93, 0x53, 0x53, 0x93, 0x93, 0x92, 0x92, 0x92, 0x91, 0x91, 0x91, 0x90, 0x90, 0x90,
    0x90, 0x90, 0x90, 0x90, 0x90, 0x90, 0x90, 0x90, 0x90, 0x90, 0x90, 0x90, 0x90, 0x90, 0x90, 0x90,
    0x10, 0x10, 0x10, 0x10, 0x10, 0x10, 0x10, 0x10, 0x10, 0x10, 0x10, 0x10, 0x10, 0x10, 0x10, 0x20,
    0x20, 0x10, 0x10, 0x10, 0x19, 0x19, 0x19, 0x19, 0x19, 0x11, 0x11, 0x12, 0x12, 0x12, 0x12, 0x12,
    0x13, 0x13, 0x23, 0x33, 0x13, 0x23, 0x33, 0x43, 0x42, 0x22, 0x22, 0x22, 0x21, 0x21, 0x10, 0x10,
    0x10, 0x10, 0x10, 0x20, 0x10, 0x10, 0x30, 0x30, 0x30, 0x20, 0x20, 0x30, 0x20, 0x10, 0x10, 0x10,
    0xB0, 0xB0, 0xB0, 0xB0, 0xB0, 0xB0, 0xB0, 0xB0, 0xB0, 0xB0, 0xB0, 0xB0, 0xB0, 0xB0, 0xB0, 0xB0,
    0xB0, 0xB0, 0xB0, 0xB0, 0xB0, 0xB0, 0xB0, 0x50, 0x90, 0x20, 0x40, 0x40, 0x40, 0x40, 0x30, 0x20,
    0x10, 0x90, 0x50, 0x50, 0x50, 0x50, 0x50, 0x50, 0x50, 0x50, 0x50, 0x50, 0x50, 0x50, 0x50, 0x57,
    0x57, 0x50, 0x50, 0x50, 0x50, 0x50, 0x50, 0x50, 0x50, 0x50, 0x50, 0x50, 0x50, 0x50, 0x50, 0x50,
    0x50, 0x50, 0x50, 0x50, 0x50, 0x50, 0x50, 0x90, 0x90, 0x30, 0x40, 0x40, 0x40, 0x40, 0x40, 0x40,
    0x40, 0x30, 0x20, 0x90, 0x90, 0x50, 0x50, 0x50, 0x50, 0x50, 0x50, 0x50, 0x50, 0x50, 0x50, 0x50,
    0x50, 0x50, 0x50, 0x50, 0x50, 0x50, 0x50, 0x50, 0x50, 0x50, 0x50, 0x50, 0x50, 0x50, 0x50, 0xB0,
    0xB0, 0xB0, 0xB0, 0xB0, 0xB0, 0xB0, 0xB0, 0xB0, 0xB0, 0xB0, 0xB0, 0xB0, 0xB0, 0xB0, 0xB0, 0xB0,
    0x00, 0x00, 0x00, 0x00, 0x00, 0x00, 0x00, 0x90, 0x90, 0xA0, 0xB0, 0xC0, 0xD0, 0xD0, 0xE0, 0xD0,
    0xD0, 0xD1, 0xD1, 0xD1, 0xC1, 0xB1, 0xA2, 0x92, 0x92, 0x01, 0x01, 0x02, 0x02, 0x02, 0x03, 0x03,
    0x53, 0x54, 0x54, 0x54, 0x54, 0x54, 0x54, 0x93, 0x93, 0x93, 0x92, 0x92, 0x92, 0x91, 0x51, 0x51,
    0x50, 0x50, 0x90, 0x90, 0x90, 0x90, 0x90, 0x90, 0x90, 0x90, 0x90, 0x90, 0x90, 0x90, 0x50, 0x50,
    0x10, 0x10, 0x10, 0x10, 0x10, 0x20, 0x10, 0x10, 0x10, 0x10, 0x10, 0x10, 0x10, 0x10, 0x20, 0x20,
    0x20, 0x20, 0x19, 0x19, 0x19, 0x29, 0x19, 0x19, 0x11, 0x11, 0x12, 0x12, 0x13, 0x23, 0x23, 0x13,
    0x13, 0x14, 0x24, 0x24, 0x14, 0x14, 0x24, 0x33, 0x33, 0x23, 0x12, 0x12, 0x22, 0x21, 0x11, 0x11,
    0x11, 0x10, 0x10, 0x10, 0x10, 0x10, 0x20, 0x20, 0x20, 0x10, 0x10, 0x20, 0x20, 0x10, 0x10, 0x10,
    0xB0, 0xB0, 0xB0, 0xB0, 0xB0, 0xB0, 0xB0, 0xB0, 0xB0, 0xB0, 0xB0, 0xB0, 0xB0, 0xB0, 0xB0, 0xB0,
    0xB0, 0xB0, 0xB0, 0xB0, 0xB0, 0xB0, 0x50, 0x90, 0x20, 0x40, 0x40, 0x40, 0x30, 0x30, 0x20, 0x10,
    0x90, 0x90, 0x90, 0x90, 0x90, 0x90, 0x90, 0x90, 0x90, 0x90, 0x90, 0x90, 0x90, 0x50, 0x50, 0x97,
    0x97, 0x90, 0x90, 0x90, 0x90, 0x90, 0x50, 0x50, 0x90, 0x90, 0x90, 0x90, 0x90, 0x90, 0x90, 0x90,
    0x90, 0x90, 0x90, 0x90, 0x50, 0x50, 0x50, 0x90, 0x20, 0x40, 0x40, 0x30, 0x30, 0x30, 0x30, 0x30,
    0x30, 0x20, 0x90, 0x90, 0x90, 0x90, 0x90, 0x90, 0x90, 0x90, 0x90, 0x90, 0x90, 0x90, 0x90, 0x90,
    0x90, 0x90, 0x90, 0x90, 0x50, 0x50, 0x50, 0x50, 0x90, 0x90, 0x90, 0x90, 0x90, 0x90, 0x50, 0xB0,
    0xB0, 0xB0, 0xB0, 0xB0, 0xB0, 0xB0, 0xB0, 0xB0, 0xB0, 0xB0, 0xB0, 0xB0, 0xB0, 0xB0, 0xB0, 0xB0,
    0x00, 0x00, 0x00, 0x00, 0x00, 0x00, 0x90, 0x90, 0x90, 0x90, 0x90, 0x90, 0x90, 0x90, 0x90, 0x91,
    0x91, 0x92, 0x92, 0x92, 0x92, 0x92, 0x93, 0x93, 0x93, 0x92, 0x02, 0x02, 0x03, 0x03, 0x03, 0x04,
    0x54, 0x54, 0x5E, 0x5E, 0x6E, 0x5E, 0x5E, 0x54, 0x94, 0x94, 0x93, 0x93, 0x93, 0x52, 0x52, 0x52,
    0x51, 0x51, 0x50, 0x90, 0x90, 0x90, 0x90, 0x90, 0x90, 0x90, 0x90, 0x90, 0x90, 0x50, 0x50, 0x50,
    0x10, 0x10, 0x10, 0x10, 0x20, 0x20, 0x10, 0x10, 0x10, 0x10, 0x10, 0x10, 0x10, 0x10, 0x20, 0x20,
    0x21, 0x21, 0x11, 0x11, 0x21, 0x29, 0x19, 0x11, 0x11, 0x12, 0x22, 0x23, 0x13, 0x23, 0x24, 0x14,
    0x14, 0x14, 0x14, 0x2E, 0x1E, 0x1E, 0x2E, 0x34, 0x24, 0x23, 0x13, 0x12, 0x22, 0x21, 0x11, 0x12,
    0x12, 0x11, 0x11, 0x10, 0x10, 0x10, 0x20, 0x20, 0x20, 0x10, 0x10, 0x20, 0x10, 0x10, 0x10, 0x10,
    0xB0, 0xB0, 0xB0, 0xB0, 0xB0, 0xB0, 0xB0, 0xB0, 0xB0, 0xB0, 0xB0, 0xB0, 0xB0, 0xB0, 0xB0, 0xB0,
    0xB0, 0xB0, 0xB0, 0xB0, 0xB0, 0x60, 0x50, 0x90, 0x30, 0x40, 0x40, 0x20, 0x90, 0x90, 0x90, 0x90,
    0x30, 0x30, 0x30, 0x30, 0x30, 0x30, 0x30, 0x30, 0x30, 0x30, 0x30, 0x30, 0x90, 0x50, 0x90, 0x90,
    0x30, 0x30, 0x30, 0x30, 0x20, 0x90, 0x50, 0x50, 0x90, 0x20, 0x30, 0x30, 0x30, 0x30, 0x30, 0x30,
    0x30, 0x30, 0x20, 0x90, 0x90, 0x50, 0x90, 0x90, 0x30, 0x40, 0x40, 0x20, 0x90, 0x90, 0x90, 0x90,
    0x90, 0x90, 0x90, 0x10, 0x20, 0x30, 0x30, 0x30, 0x30, 0x30, 0x20, 0x10, 0x90, 0x30, 0x30, 0x30,
    0x30, 0x30, 0x30, 0x90, 0x50, 0x50, 0x50, 0x90, 0x90, 0x30, 0x30, 0x30, 0x20, 0x90, 0x50, 0xB0,
    0xB0, 0xB0, 0xB0, 0xB0, 0xB0, 0xB0, 0xB0, 0xB0, 0xB0, 0xB0, 0xB0, 0xB0, 0xB0, 0xB0, 0xB0, 0xB0,
    0x00, 0x00, 0x00, 0x00, 0x00, 0x00, 0x90, 0xB0, 0xC0, 0x90, 0x90, 0xD0, 0xE0, 0x90, 0x91, 0xE1,
    0xE2, 0x92, 0x93, 0xD3, 0xC3, 0x93, 0x93, 0xB3, 0xB3, 0x93, 0x03, 0x03, 0x03, 0x04, 0x04, 0x04,
    0x54, 0x5E, 0x5E, 0x5E, 0x6E, 0x5E, 0x5E, 0x5E, 0x5E, 0x9E, 0x94, 0x94, 0x54, 0x53, 0x53, 0x53,
    0x52, 0x52, 0x51, 0x51, 0x90, 0x90, 0x90, 0x90, 0x90, 0x90, 0x90, 0x90, 0x50, 0x50, 0x50, 0x50,
    0x10, 0x10, 0x10, 0x10, 0x20, 0x20, 0x10, 0x10, 0x10, 0x20, 0x20, 0x10, 0x10, 0x10, 0x21, 0x31,
    0x31, 0x21, 0x11, 0x11, 0x21, 0x21, 0x19, 0x11, 0x12, 0x22, 0x23, 0x23, 0x23, 0x33, 0x24, 0x14,
    0x14, 0x1E, 0x1E, 0x1E, 0x1E, 0x1E, 0x2E, 0x2E, 0x2E, 0x24, 0x14, 0x13, 0x12, 0x12, 0x12, 0x12,
    0x13, 0x12, 0x12, 0x11, 0x11, 0x10, 0x20, 0x20, 0x20, 0x10, 0x10, 0x10, 0x10, 0x10, 0x10, 0x10,
    0xB0, 0xB0, 0xB0, 0xB0, 0xB0, 0xB0, 0xB0, 0xB0, 0xB0, 0xB0, 0xB0, 0xB0, 0xB0, 0xB0, 0xB0, 0xB0,
    0xB0, 0xB0, 0xB0, 0xB0, 0xB0, 0x50, 0x90, 0x20, 0x40, 0x40, 0x30, 0x90, 0x90, 0x50, 0x90, 0x10,
    0x30, 0x40, 0x40, 0x40, 0x40, 0x40, 0x40, 0x40, 0x40, 0x40, 0x40, 0x20, 0x90, 0x90, 0x90, 0x30,
    0x40, 0x40, 0x40, 0x30, 0x90, 0x90, 0x50, 0x50, 0x90, 0x90, 0x30, 0x40, 0x40, 0x40, 0x40, 0x40,
    0x40, 0x40, 0x30, 0x20, 0x90, 0x90, 0x90, 0x20, 0x40, 0x40, 0x30, 0x90, 0x50, 0x50, 0x50, 0x50,
    0x90, 0x90, 0x20, 0x40, 0x40, 0x40, 0x40, 0x40, 0x40, 0x40, 0x40, 0x20, 0x10, 0x90, 0x30, 0x40,
    0x41, 0x31, 0x91, 0x91, 0x50, 0x50, 0x90, 0x90, 0x30, 0x40, 0x40, 0x30, 0x10, 0x90, 0x50, 0xB0,
    0xB0, 0xB0, 0xB0, 0xB0, 0xB0, 0xB0, 0xB0, 0xB0, 0xB0, 0xB0, 0xB0, 0xB0, 0xB0, 0xB0, 0xB0, 0xB0,
    0x00, 0x00, 0x00, 0x00, 0x00, 0x00, 0x90, 0xA0, 0xB0, 0xB0, 0xC0, 0xC0, 0xD1, 0xD1, 0xE1, 0xE2,
    0xD2, 0xD3, 0xC4, 0xC4, 0xB4, 0xB4, 0xB4, 0xA4, 0xA4, 0x94, 0x03, 0x03, 0x04, 0x04, 0x04, 0x0E,
    0x5E, 0x5E, 0x5E, 0x5E, 0x6E, 0x5E, 0x5E, 0x5E, 0x5E, 0x5E, 0x5E, 0x54, 0x53, 0x53, 0x53, 0x53,
    0x53, 0x53, 0x52, 0x52, 0x51, 0x50, 0x90, 0x90, 0x90, 0x90, 0x50, 0x50, 0x50, 0x50, 0x50, 0x50,
    0x10, 0x10, 0x10, 0x10, 0x20, 0x20, 0x10, 0x10, 0x10, 0x20, 0x20, 0x10, 0x11, 0x11, 0x21, 0x31,
    0x32, 0x22, 0x22, 0x22, 0x31, 0x21, 0x11, 0x11, 0x12, 0x22, 0x33, 0x33, 0x24, 0x34, 0x24, 0x14,
    0x1E, 0x1E, 0x1E, 0x1E, 0x1E, 0x1E, 0x2E, 0x2E, 0x2E, 0x2E, 0x14, 0x14, 0x13, 0x12, 0x12, 0x13,
    0x13, 0x13, 0x12, 0x12, 0x12, 0x11, 0x10, 0x20, 0x10, 0x10, 0x10, 0x10, 0x10, 0x10, 0x10, 0x10,
    0xB0, 0xB0, 0xB0, 0xB0, 0xB0, 0xB0, 0xB0, 0xB7, 0xB7, 0xB0, 0xB0, 0xB0, 0xB0, 0xB0, 0xB0, 0xB0,
    0xB0, 0xB0, 0xB0, 0xB0, 0xB0, 0x50, 0x90, 0x20, 0x40, 0x40, 0x30, 0x10, 0x90, 0x50, 0x90, 0x20,
    0x30, 0x30, 0x30, 0x40, 0x40, 0x40, 0x40, 0x30, 0x30, 0x30, 0x30, 0x10, 0x90, 0x90, 0x30, 0x40,
    0x40, 0x40, 0x40, 0x30, 0x90, 0x50, 0x50, 0x50, 0x90, 0x90, 0x30, 0x40, 0x40, 0x30, 0x30, 0x40,
    0x40, 0x40, 0x40, 0x20, 0x90, 0x90, 0x90, 0x30, 0x40, 0x40, 0x20, 0x90, 0x50, 0x50, 0x50, 0x50,
    0x90, 0x20, 0x40, 0x40, 0x40, 0x30, 0x30, 0x30, 0x30, 0x40, 0x40, 0x40, 0x20, 0x90, 0x21, 0x41,
    0x42, 0x32, 0x92, 0x92, 0x51, 0x51, 0x91, 0x30, 0x40, 0x40, 0x30, 0x10, 0x90, 0x50, 0xB0, 0xB0,
    0xB0, 0xB0, 0xB0, 0xB0, 0xB0, 0xB0, 0xB0, 0xB0, 0xB0, 0xB0, 0xB0, 0xB0, 0xB0, 0xB0, 0xB0, 0xB0,
    0x00, 0x00, 0x00, 0x00, 0x00, 0x00, 0x90, 0x90, 0x90, 0x90, 0x90, 0x91, 0x91, 0x92, 0x92, 0x92,
    0x93, 0x94, 0x94, 0x94, 0x94, 0x9E, 0x9E, 0x94, 0x94, 0x93, 0x03, 0x04, 0x04, 0x04, 0x0E, 0x0E,
    0x5E, 0x5E, 0x5E, 0x6E, 0x6E, 0x6E, 0x5E, 0x5E, 0x5E, 0x6E, 0x54, 0x53, 0x53, 0x53, 0x54, 0x54,
    0x54, 0x54, 0x53, 0x53, 0x52, 0x51, 0x50, 0x50, 0x60, 0x50, 0x50, 0x50, 0x50, 0x50, 0x50, 0x50,
    0x10, 0x10, 0x10, 0x10, 0x20, 0x20, 0x10, 0x10, 0x10, 0x20, 0x21, 0x11, 0x11, 0x21, 0x31, 0x32,
    0x32, 0x32, 0x22, 0x32, 0x32, 0x21, 0x11, 0x12, 0x12, 0x23, 0x33, 0x33, 0x24, 0x34, 0x34, 0x2E,
    0x1E, 0x1E, 0x1E, 0x1E, 0x1E, 0x1E, 0x2E, 0x2E, 0x2E, 0x2E, 0x1E, 0x14, 0x13, 0x13, 0x13, 0x13,
    0x14, 0x14, 0x12, 0x14, 0x13, 0x12, 0x11, 0x10, 0x10, 0x10, 0x10, 0x10, 0x10, 0x10, 0x10, 0x10,
    0xB0, 0xB0, 0xB0, 0xB0, 0xB0, 0xB0, 0xB0, 0xB7, 0xB7, 0xB0, 0xB0, 0xB0, 0xB0, 0xB0, 0xB0, 0xB0,
    0xB0, 0xB0, 0xB0, 0xB0, 0xB0, 0x60, 0x50, 0x90, 0x30, 0x40, 0x40, 0x20, 0x90, 0x90, 0x10, 0x20,
    0x90, 0x90, 0x90, 0x30, 0x40, 0x40, 0x30, 0x10, 0x98, 0x98, 0x20, 0x90, 0x90, 0x30, 0x40, 0x40,
    0x40, 0x40, 0x40, 0x30, 0x90, 0x50, 0x50, 0x50, 0x90, 0x20, 0x40, 0x40, 0x30, 0x90, 0x90, 0x30,
    0x40, 0x40, 0x30, 0x90, 0x90, 0x90, 0x20, 0x40, 0x40, 0x30, 0x90, 0x90, 0x90, 0x90, 0x90, 0x90,
    0x90, 0x40, 0x40, 0x30, 0x20, 0x90, 0x90, 0x90, 0x20, 0x30, 0x40, 0x41, 0x21, 0x91, 0x92, 0x32,
    0x43, 0x43, 0x23, 0x93, 0x52, 0x92, 0x32, 0x41, 0x41, 0x31, 0x10, 0x90, 0x50, 0xB0, 0xB0, 0xB0,
    0xB0, 0xB0, 0xB0, 0xB0, 0xB0, 0xB0, 0xB0, 0xB0, 0xB0, 0xB0, 0xB0, 0xB0, 0xB0, 0xB0, 0xB0, 0xB0,
    0x00, 0x00, 0x00, 0x00, 0x00, 0x00, 0x90, 0x90, 0x90, 0x90, 0x91, 0x91, 0x92, 0x92, 0x92, 0x92,
    0x93, 0x93, 0x94, 0x94, 0x9E, 0x9E, 0x9E, 0x94, 0x93, 0x93, 0x03, 0x04, 0x04, 0x0E, 0x0E, 0x0E,
    0x5E, 0x5E, 0x6E, 0x6E, 0x6E, 0x6E, 0x6E, 0x6E, 0x6E, 0x6E, 0x54, 0x53, 0x53, 0x54, 0x5E, 0x5E,
    0x5E, 0x5E, 0x54, 0x54, 0x53, 0x52, 0x51, 0x50, 0x60, 0x60, 0x50, 0x50, 0x50, 0x50, 0x50, 0x50,
    0x20, 0x10, 0x10, 0x20, 0x30, 0x30, 0x20, 0x10, 0x20, 0x31, 0x32, 0x22, 0x22, 0x31, 0x32, 0x32,
    0x32, 0x33, 0x33, 0x32, 0x32, 0x32, 0x22, 0x12, 0x23, 0x33, 0x44, 0x44, 0x34, 0x4E, 0x34, 0x2E,
    0x1E, 0x1E, 0x1E, 0x1E, 0x1E, 0x1E, 0x2E, 0x2E, 0x2E, 0x2E, 0x1E, 0x1E, 0x14, 0x13, 0x13, 0x14,
    0x1E, 0x1E, 0x14, 0x14, 0x13, 0x13, 0x12, 0x21, 0x10, 0x10, 0x10, 0x10, 0x10, 0x10, 0x10, 0x10,
    0xB0, 0xB0, 0xB0, 0xB0, 0xB0, 0xB0, 0xB0, 0xB0, 0xB0, 0xB0, 0xB0, 0xB0, 0xB0, 0xB0, 0xB0, 0xB0,
    0xB8, 0xB0, 0xB0, 0xB0, 0xB0, 0xB0, 0x50, 0x90, 0x20, 0x40, 0x40, 0x30, 0x10, 0x90, 0x90, 0x90,
    0x90, 0x90, 0x90, 0x30, 0x40, 0x40, 0x20, 0x90, 0x98, 0x98, 0x90, 0x90, 0x30, 0x40, 0x40, 0x30,
    0x20, 0x30, 0x40, 0x30, 0x90, 0x50, 0x50, 0x90, 0x90, 0x30, 0x40, 0x40, 0x20, 0x90, 0x10, 0x30,
    0x40, 0x40, 0x20, 0x90, 0x90, 0x90, 0x30, 0x40, 0x40, 0x40, 0x30, 0x30, 0x30, 0x30, 0x20, 0x90,
    0x30, 0x40, 0x40, 0x30, 0x10, 0x90, 0x50, 0x91, 0x21, 0x41, 0x41, 0x32, 0x92, 0x92, 0x93, 0x23,
    0x44, 0x44, 0x34, 0x94, 0x93, 0x33, 0x43, 0x42, 0x32, 0x12, 0x91, 0x51, 0xB0, 0xB0, 0xB0, 0xB0,
    0xB0, 0xB0, 0xB0, 0xB0, 0xB0, 0xB0, 0xB0, 0xB0, 0xB0, 0xB0, 0xB0, 0xB0, 0xB0, 0xB0, 0xB0, 0xB0,
    0x00, 0x00, 0x00, 0x00, 0x00, 0x00, 0x90, 0x10, 0x90, 0x90, 0x11, 0x22, 0x22, 0x22, 0x12, 0x92,
    0x92, 0x13, 0x23, 0x24, 0x24, 0x1E, 0x94, 0x94, 0x13, 0x93, 0x04, 0x04, 0x0E, 0x0E, 0x0E, 0x0E,
    0x6E, 0x6E, 0x6E, 0x6E, 0x6E, 0x6E, 0x6E, 0x6E, 0x6E, 0x6E, 0x6E, 0x54, 0x54, 0x5E, 0x5E, 0x5E,
    0x5E, 0x5E, 0x5E, 0x5E, 0x54, 0x53, 0x52, 0x61, 0x60, 0x60, 0x60, 0x60, 0x50, 0x50, 0x50, 0x50,
    0x30, 0x20, 0x20, 0x30, 0x30, 0x30, 0x20, 0x20, 0x21, 0x31, 0x32, 0x22, 0x22, 0x31, 0x42, 0x42,
    0x43, 0x33, 0x33, 0x33, 0x42, 0x32, 0x22, 0x22, 0x23, 0x33, 0x44, 0x44, 0x3E, 0x4E, 0x4E, 0x2E,
    0x1E, 0x1E, 0x1E, 0x1E, 0x1E, 0x1E, 0x1E, 0x2E, 0x2E, 0x1E, 0x1E, 0x1E, 0x14, 0x14, 0x14, 0x14,
    0x1E, 0x1E, 0x14, 0x1E, 0x14, 0x14, 0x13, 0x12, 0x11, 0x10, 0x10, 0x10, 0x10, 0x10, 0x10, 0x10,
    0xB0, 0xB0, 0xB0, 0xB0, 0xB0, 0xB0, 0xB0, 0xB0, 0xB0, 0xB0, 0xB0, 0xB0, 0xB0, 0xB0, 0xB0, 0xB0,
    0xB8, 0xB0, 0xB0, 0xB0, 0xB0, 0xB8, 0x60, 0x50, 0x90, 0x30, 0x40, 0x40, 0x20, 0x90, 0x90, 0x90,
    0x90, 0x90, 0x20, 0x40, 0x40, 0x30, 0x10, 0x90, 0x90, 0x90, 0x90, 0x30, 0x40, 0x40, 0x30, 0x20,
    0x90, 0x30, 0x40, 0x30, 0x90, 0x50, 0x50, 0x90, 0x20, 0x40, 0x40, 0x30, 0x10, 0x90, 0x20, 0x40,
    0x40, 0x30, 0x90, 0x90, 0x90, 0x20, 0x40, 0x40, 0x40, 0x40, 0x40, 0x40, 0x30, 0x20, 0x90, 0x20,
    0x40, 0x40, 0x30, 0x20, 0x91, 0x51, 0x91, 0x91, 0x31, 0x41, 0x42, 0x23, 0x93, 0x53, 0x94, 0x94,
    0x3E, 0x4E, 0x4E, 0x3E, 0x34, 0x44, 0x44, 0x33, 0x13, 0x93, 0x52, 0xB2, 0xB1, 0xB1, 0xB0, 0xB0,
    0xB0, 0xB0, 0xB0, 0xB0, 0xB0, 0xB0, 0xB0, 0xB0, 0xB0, 0xB0, 0xB0, 0xB0, 0xB0, 0xB0, 0xB0, 0xB0,
    0x00, 0x00, 0x00, 0x00, 0x00, 0x00, 0x90, 0x20, 0x90, 0x91, 0x21, 0x32, 0x32, 0x32, 0x23, 0x92,
    0x92, 0x22, 0x33, 0x33, 0x34, 0x24, 0x94, 0x93, 0x23, 0x94, 0x04, 0x04, 0x0E, 0x0E, 0x0E, 0x0E,
    0x6E, 0x6E, 0x6E, 0x5E, 0x5E, 0x5E, 0x6E, 0x6E, 0x6E, 0x6E, 0x6E, 0x5E, 0x5E, 0x5E, 0x5E, 0x5E,
    0x5E, 0x5E, 0x5E, 0x5E, 0x5E, 0x54, 0x53, 0x62, 0x61, 0x60, 0x60, 0x60, 0x60, 0x60, 0x60, 0x60,
    0x30, 0x30, 0x30, 0x30, 0x40, 0x40, 0x20, 0x21, 0x22, 0x32, 0x32, 0x23, 0x22, 0x32, 0x42, 0x43,
    0x43, 0x43, 0x33, 0x33, 0x43, 0x42, 0x22, 0x22, 0x23, 0x33, 0x43, 0x44, 0x34, 0x4E, 0x4E, 0x3E,
    0x1E, 0x1E, 0x1E, 0x1E, 0x1E, 0x1E, 0x1E, 0x1E, 0x1E, 0x1E, 0x1E, 0x1E, 0x1E, 0x14, 0x14, 0x2E,
    0x2E, 0x1E, 0x1E, 0x1E, 0x14, 0x14, 0x13, 0x13, 0x12, 0x11, 0x10, 0x10, 0x10, 0x10, 0x10, 0x10,
    0xB0, 0xB0, 0xB0, 0xB0, 0xB0, 0xB0, 0xB0, 0xB0, 0xB0, 0xB0, 0xB0, 0xB0, 0xB0, 0xB0, 0xB0, 0xB0,
    0xB0, 0xB0, 0xB0, 0xB0, 0xB0, 0xB0, 0xB0, 0x50, 0x90, 0x20, 0x40, 0x40, 0x30, 0x10, 0x90, 0x90,
    0x90, 0x90, 0x30, 0x40, 0x40, 0x20, 0x90, 0x90, 0x90, 0x90, 0x30, 0x40, 0x40, 0x30, 0x20, 0x90,
    0x9E, 0x30, 0x40, 0x30, 0x98, 0x50, 0x90, 0x90, 0x30, 0x40, 0x40, 0x30, 0x90, 0x90, 0x30, 0x40,
    0x40, 0x20, 0x90, 0x90, 0x90, 0x30, 0x40, 0x40, 0x30, 0x30, 0x30, 0x30, 0x20, 0x90, 0x90, 0x30,
    0x40, 0x40, 0x31, 0x11, 0x92, 0x52, 0x92, 0x22, 0x41, 0x42, 0x33, 0x93, 0x94, 0x54, 0x5E, 0x9E,
    0x2E, 0x4E, 0x4E, 0x4E, 0x4E, 0x4E, 0x3E, 0x14, 0x94, 0x54, 0xB3, 0xB3, 0xB2, 0xB2, 0xB1, 0xB1,
    0xB0, 0xB0, 0xB0, 0xB0, 0xB0, 0xB0, 0xB0, 0xB0, 0xB0, 0xB0, 0xB0, 0xB0, 0xB0, 0xB0, 0xB0, 0xB0,
    0x00, 0x00, 0x00, 0x00, 0x00, 0x00, 0x90, 0x20, 0x90, 0x91, 0x22, 0x32, 0xE2, 0x33, 0x23, 0x93,
    0x93, 0x23, 0x33, 0xE4, 0x34, 0x24, 0x94, 0x94, 0x24, 0x94, 0x04, 0x0E, 0x0E, 0x0E, 0x0E, 0x0E,
    0x6E, 0x6E, 0x5E, 0x5E, 0x1E, 0x5E, 0x5E, 0x6E, 0x6E, 0x6E, 0x6E, 0x6E, 0x5E, 0x5E, 0x5E, 0x5E,
    0x5E, 0x5E, 0x5E, 0x5E, 0x5E, 0x54, 0x63, 0x63, 0x62, 0x61, 0x60, 0x60, 0x60, 0x60, 0x60, 0x60,
    0x30, 0x30, 0x30, 0x30, 0x40, 0x40, 0x20, 0x21, 0x22, 0x32, 0x33, 0x33, 0x33, 0x32, 0xE3, 0xE3,
    0xE4, 0x44, 0x34, 0x34, 0x43, 0x43, 0x22, 0x23, 0x23, 0x34, 0xE3, 0xE4, 0x44, 0xEE, 0xEE, 0x3E,
    0x1E, 0x1E, 0x1E, 0x1E, 0x1E, 0x2E, 0x1E, 0x1E, 0x1E, 0x1E, 0x1E, 0x1E, 0x1E, 0x1E, 0x24, 0x2E,
    0x2E, 0x2E, 0x1E, 0x1E, 0x1E, 0x2E, 0x14, 0x13, 0x12, 0x11, 0x10, 0x10, 0x10, 0x20, 0x20, 0x10,
    0xB0, 0xB0, 0xB0, 0xB0, 0xB0, 0xB0, 0xB0, 0xB0, 0xB0, 0xB0, 0xB0, 0xB0, 0xB8, 0xB0, 0xB0, 0xB0,
    0xB0, 0xB0, 0xB0, 0xB0, 0xB0, 0xB0, 0xB0, 0x60, 0x50, 0x90, 0x30, 0x40, 0x40, 0x20, 0x90, 0x90,
    0x90, 0x20, 0x40, 0x40, 0x30, 0x10, 0x90, 0x90, 0x90, 0x30, 0x40, 0x40, 0x30, 0x20, 0x90, 0x90,
    0x9E, 0x30, 0x40, 0x30, 0x90, 0x50, 0x90, 0x20, 0x40, 0x40, 0x40, 0x40, 0x30, 0x30, 0x40, 0x40,
    0x30, 0x90, 0x90, 0x90, 0x20, 0x40, 0x40, 0x30, 0x10, 0x90, 0x90, 0x90, 0x90, 0x90, 0x20, 0x40,
    0x40, 0x31, 0x22, 0x92, 0x53, 0x93, 0x93, 0x32, 0x42, 0x42, 0x23, 0x94, 0x5E, 0x5E, 0x5E, 0x9E,
    0x1E, 0x3E, 0x4E, 0x4E, 0x4E, 0x3E, 0x1E, 0x9E, 0x5E, 0xBE, 0xB4, 0xB4, 0xB3, 0xB3, 0xB2, 0xB2,
    0xB1, 0xB0, 0xB0, 0xB0, 0xB0, 0xB0, 0xB0, 0xB0, 0xB0, 0xB0, 0xB0, 0xB0, 0xB0, 0xB0, 0xB0, 0xB0,
    0x00, 0x00, 0x00, 0x00, 0x00, 0x00, 0x90, 0x20, 0x91, 0x92, 0x22, 0x33, 0xE3, 0x33, 0x24, 0x94,
    0x94, 0x24, 0x34, 0xE4, 0x34, 0x24, 0x94, 0x94, 0x2E, 0x9E, 0x0E, 0x0E, 0x0E, 0x0E, 0x0E, 0x0E,
    0x6E, 0x6E, 0x5E, 0x5E, 0x1E, 0x5E, 0x5E, 0x6E, 0x6E, 0x6E, 0x6E, 0x6E, 0x6E, 0x5E, 0x5E, 0x5E,
    0x5E, 0x5E, 0x5E, 0x5E, 0x5E, 0x6E, 0x64, 0x63, 0x63, 0x62, 0x61, 0x60, 0x60, 0x60, 0x60, 0x60,
    0x40, 0x30, 0x30, 0x40, 0x40, 0x40, 0x31, 0x21, 0x32, 0x43, 0x44, 0x34, 0x33, 0x43, 0xE3, 0xE4,
    0xE4, 0xE4, 0x34, 0x44, 0xE4, 0xE4, 0x33, 0x23, 0x34, 0x44, 0xE4, 0xE4, 0x44, 0xEE, 0xEE, 0x4E,
    0x1E, 0x1E, 0x1E, 0x1E, 0x2E, 0x2E, 0x1E, 0x1E, 0x1E, 0x1E, 0x1E, 0x1E, 0x1E, 0x1E, 0x24, 0x2E,
    0x2E, 0x2E, 0x1E, 0x1E, 0x2E, 0x2E, 0x14, 0x14, 0x13, 0x12, 0x21, 0x20, 0x10, 0x20, 0x20, 0x10,
    0xB0, 0xB0, 0xB0, 0xB0, 0xB0, 0xB0, 0xB0, 0xB0, 0xB0, 0xB0, 0xB0, 0xB0, 0xB0, 0xB0, 0xB0, 0xB0,
    0xB0, 0xB8, 0xB0, 0xB0, 0xB0, 0xB0, 0xB0, 0xB0, 0x50, 0x90, 0x30, 0x40, 0x40, 0x20, 0x90, 0x90,
    0x90, 0x30, 0x40, 0x40, 0x20, 0x90, 0x90, 0x90, 0x30, 0x40, 0x40, 0x40, 0x30, 0x38, 0x30, 0x30,
    0x30, 0x30, 0x40, 0x30, 0x90, 0x90, 0x90, 0x30, 0x40, 0x40, 0x40, 0x40, 0x40, 0x40, 0x40, 0x40,
    0x20, 0x90, 0x90, 0x90, 0x30, 0x40, 0x40, 0x20, 0x90, 0x50, 0x50, 0x50, 0x90, 0x90, 0x30, 0x40,
    0x41, 0x32, 0x12, 0x93, 0x54, 0x94, 0x24, 0x43, 0x42, 0x33, 0x94, 0x94, 0x5E, 0x5E, 0x5E, 0x9E,
    0x2E, 0x4E, 0x4E, 0x4E, 0x4E, 0x3E, 0x9E, 0x5E, 0x5E, 0xBE, 0xBE, 0xBE, 0xB4, 0xB4, 0xB3, 0xB3,
    0xB2, 0xB1, 0xB0, 0xB0, 0xB0, 0xB0, 0xB0, 0xB0, 0xB0, 0xB0, 0xB0, 0xB0, 0xB0, 0xB0, 0xB0, 0xB0,
    0x00, 0x00, 0x00, 0x00, 0x00, 0x00, 0x90, 0x20, 0x91, 0x92, 0x23, 0x33, 0xE3, 0x34, 0x24, 0x24,
    0x24, 0x24, 0x34, 0xE4, 0x34, 0x2E, 0x9E, 0x9E, 0x2E, 0x9E, 0x0E, 0x0E, 0x0E, 0x0E, 0x0E, 0x0E,
    0x6E, 0x6E, 0x5E, 0x1E, 0x1E, 0x1E, 0x5E, 0x6E, 0x6E, 0x2E, 0x6E, 0x6E, 0x6E, 0x6E, 0x6E, 0x5E,
    0x5E, 0x5E, 0x5E, 0x6E, 0x6E, 0x6E, 0x64, 0x64, 0x23, 0x62, 0x61, 0x60, 0x60, 0x60, 0x60, 0x60,
    0x40, 0x40, 0x40, 0x40, 0xE0, 0xE0, 0x31, 0x32, 0x33, 0x43, 0x44, 0x44, 0x44, 0x43, 0xE4, 0xE4,
    0xEE, 0xEE, 0x4E, 0x44, 0xE4, 0xE4, 0x33, 0x33, 0x34, 0x44, 0xE4, 0xE4, 0xEE, 0xEE, 0xEE, 0xEE,
    0x1E, 0x1E, 0x1E, 0x1E, 0x2E, 0x2E, 0x1E, 0x1E, 0x1E, 0x2E, 0x2E, 0x1E, 0x1E, 0x14, 0x2E, 0x3E,
    0x3E, 0x2E, 0x1E, 0x1E, 0x2E, 0x2E, 0x1E, 0x14, 0x13, 0x22, 0x21, 0x20, 0x20, 0x30, 0x20, 0x10,
    0xB0, 0xB0, 0xB0, 0xB0, 0xB0, 0xB0, 0xB0, 0xB0, 0xB0, 0xB0, 0xB0, 0xB0, 0xB0, 0xB0, 0xB0, 0x50,
    0x50, 0x50, 0xB0, 0xB0, 0xB0, 0xB0, 0xB0, 0x50, 0x90, 0x10, 0x40, 0x40, 0x30, 0x10, 0x90, 0x90,
    0x20, 0x40, 0x40, 0x30, 0x10, 0x90, 0x90, 0x30, 0x40, 0x40, 0x40, 0x40, 0x40, 0x40, 0x40, 0x40,
    0x40, 0x40, 0x40, 0x30, 0x90, 0x90, 0x20, 0x40, 0x40, 0x40, 0x40, 0x40, 0x40, 0x40, 0x30, 0x20,
    0x90, 0x90, 0x90, 0x20, 0x40, 0x40, 0x30, 0x10, 0x90, 0x50, 0x50, 0x50, 0x90, 0x20, 0x40, 0x41,
    0x42, 0x22, 0x93, 0x54, 0x9E, 0x1E, 0x34, 0x44, 0x43, 0x23, 0x94, 0x5E, 0x5E, 0x5E, 0x5E, 0x9E,
    0x3E, 0x4E, 0x4E, 0x4E, 0x4E, 0x3E, 0x1E, 0x9E, 0x5E, 0xBE, 0xBE, 0xBE, 0xBE, 0xBE, 0xB4, 0xB4,
    0xB3, 0xB2, 0xB1, 0xB0, 0xB0, 0xB0, 0xB0, 0xB0, 0xB0, 0xB0, 0xB0, 0xB0, 0xB0, 0xB0, 0xB0, 0xB0,
    0x00, 0x00, 0x00, 0x00, 0x00, 0x00, 0x90, 0x21, 0x92, 0x92, 0x23, 0x33, 0xE4, 0x44, 0x34, 0x34,
    0x34, 0x3E, 0x4E, 0xEE, 0x3E, 0x2E, 0x9E, 0x9E, 0x2E, 0x9E, 0x0E, 0x0E, 0x0E, 0x0E, 0x0E, 0x0E,
    0x6E, 0x6E, 0x2E, 0x1E, 0x1E, 0x1E, 0x2E, 0x2E, 0x2E, 0x2E, 0x6E, 0x6E, 0x6E, 0x6E, 0x6E, 0x6E,
    0x6E, 0x6E, 0x6E, 0x6E, 0x6E, 0x6E, 0x6E, 0x6E, 0x23, 0x23, 0x62, 0x61, 0x60, 0x60, 0x60, 0x60,
    0xE0, 0x40, 0x40, 0xE0, 0xE0, 0xE1, 0x32, 0x32, 0x33, 0x44, 0xE4, 0x4E, 0x44, 0xE4, 0xE4, 0x44,
    0x4E, 0x4E, 0xEE, 0xEE, 0xE4, 0xE4, 0x44, 0x34, 0x44, 0x44, 0xEE, 0xEE, 0xEE, 0xEE, 0xEE, 0xEE,
    0x1E, 0x1E, 0x1E, 0x1E, 0x2E, 0x2E, 0x1E, 0x1E, 0x1E, 0x2E, 0x2E, 0x1E, 0x1E, 0x1E, 0x2E, 0x3E,
    0x3E, 0x2E, 0x2E, 0x2E, 0x3E, 0x2E, 0x1E, 0x14, 0x13, 0x22, 0x32, 0x31, 0x20, 0x30, 0x20, 0x10,
    0xB0, 0xB0, 0xB7, 0xB7, 0xB7, 0xB0, 0xB0, 0xB0, 0xB0, 0xB0, 0xB0, 0xBE, 0xBE, 0xB0, 0x50, 0x50,
    0x90, 0x9E, 0x50, 0x50, 0x50, 0x50, 0x50, 0x50, 0x90, 0x28, 0x48, 0x40, 0x20, 0x90, 0x90, 0x90,
    0x30, 0x40, 0x40, 0x20, 0x90, 0x98, 0x38, 0x40, 0x40, 0x30, 0x30, 0x30, 0x30, 0x30, 0x30, 0x30,
    0x3E, 0x30, 0x40, 0x30, 0x90, 0x90, 0x30, 0x48, 0x38, 0x30, 0x30, 0x40, 0x40, 0x30, 0x90, 0x90,
    0x90, 0x90, 0x90, 0x30, 0x40, 0x40, 0x20, 0x90, 0x50, 0x50, 0x50, 0x90, 0x90, 0x30, 0x41, 0x42,
    0x32, 0x13, 0x93, 0x54, 0x94, 0x24, 0x44, 0x43, 0x33, 0x94, 0x94, 0x5E, 0x5E, 0x9E, 0x9E, 0x3E,
    0x4E, 0x4E, 0x4E, 0x4E, 0x4E, 0x4E, 0x2E, 0x9E, 0x5E, 0xBE, 0xBE, 0xBE, 0xBE, 0xBE, 0xB4, 0xB4,
    0xB4, 0xB3, 0xB2, 0xB1, 0xB0, 0xB0, 0xB0, 0xB0, 0xB0, 0xB0, 0xB0, 0xB0, 0xB0, 0xB0, 0xB0, 0xB0,
    0x00, 0x00, 0x00, 0x00, 0x00, 0x00, 0x90, 0x21, 0x92, 0x93, 0x23, 0x34, 0xE4, 0xE4, 0xE4, 0xE4,
    0xEE, 0xEE, 0xEE, 0xEE, 0x3E, 0x2E, 0x9E, 0x9E, 0x2E, 0x9E, 0x0E, 0x0E, 0x0E, 0x0E, 0x0E, 0x0E,
    0x2E, 0x2E, 0x2E, 0x2E, 0x2E, 0x2E, 0x2E, 0x2E, 0x2E, 0x2E, 0x2E, 0x6E, 0x6E, 0x6E, 0x6E, 0x6E,
    0x6E, 0x6E, 0x5E, 0x5E, 0x5E, 0x5E, 0x6E, 0x2E, 0x23, 0x23, 0x22, 0x21, 0x60, 0x60, 0x60, 0x60,
    0xE0, 0xE0, 0xE0, 0xE0, 0xE0, 0xE1, 0x42, 0x32, 0x43, 0xE4, 0xE4, 0xEE, 0xEE, 0xE4, 0x44, 0x4E,
    0x4E, 0x4E, 0x4E, 0xEE, 0xEE, 0xEE, 0x4E, 0x44, 0x44, 0xE4, 0xE4, 0xEE, 0xEE, 0xEE, 0x4E, 0x4E,
    0x1E, 0x1E, 0x1E, 0x1E, 0x2E, 0x2E, 0x1E, 0x1E, 0x1E, 0x2E, 0x2E, 0x1E, 0x1E, 0x2E, 0x3E, 0x3E,
    0x3E, 0x3E, 0x2E, 0x3E, 0x3E, 0x2E, 0x1E, 0x14, 0x13, 0x23, 0x32, 0x31, 0x20, 0x30, 0x30, 0x20,
    0xB0, 0xB0, 0xB7, 0xB7, 0xB7, 0xB0, 0xB0, 0xB0, 0xB0, 0xB0, 0xB0, 0xBE, 0xBE, 0x50, 0x50, 0x90,
    0x20, 0x9E, 0x90, 0x90, 0x90, 0x90, 0x90, 0x90, 0x20, 0x48, 0x48, 0x30, 0x10, 0x90, 0x90, 0x20,
    0x40, 0x40, 0x30, 0x10, 0x90, 0x38, 0x48, 0x40, 0x30, 0x20, 0x90, 0x90, 0x90, 0x90, 0x90, 0x90,
    0x9E, 0x30, 0x40, 0x30, 0x90, 0x20, 0x40, 0x48, 0x38, 0x90, 0x90, 0x30, 0x40, 0x40, 0x30, 0x90,
    0x90, 0x90, 0x20, 0x40, 0x40, 0x30, 0x10, 0x90, 0x50, 0x50, 0x50, 0x90, 0x20, 0x41, 0x42, 0x42,
    0x23, 0x93, 0x93, 0x93, 0x93, 0x43, 0x43, 0x43, 0x24, 0x94, 0x5E, 0x5E, 0x5E, 0x9E, 0x3E, 0x4E,
    0x4E, 0x4E, 0x3E, 0x3E, 0x4E, 0x4E, 0x3E, 0x1E, 0x9E, 0x6E, 0xBE, 0xBE, 0xBE, 0xBE, 0xBE, 0xBE,
    0xB4, 0xB4, 0xB3, 0xB2, 0xB1, 0xB0, 0xB0, 0xB0, 0xB0, 0xB0, 0xB0, 0xB0, 0xB0, 0xB0, 0xB0, 0xB0,
    0x00, 0x00, 0x00, 0x00, 0x00, 0x00, 0x91, 0x22, 0x92, 0x93, 0x23, 0x34, 0xE4, 0xE4, 0xEE, 0xEE,
    0xEE, 0xEE, 0xEE, 0xEE, 0x3E, 0x2E, 0x9E, 0x9E, 0x2E, 0x9E, 0x0E, 0x0E, 0x0E, 0x0E, 0x0E, 0x0E,
    0x2E, 0x2E, 0x2E, 0x2E, 0x3E, 0x2E, 0x2E, 0x2E, 0x2E, 0x2E, 0x2E, 0x6E, 0x6E, 0x6E, 0x6E, 0x6E,
    0x6E, 0x5E, 0x5E, 0x5E, 0x5E, 0x5E, 0x5E, 0x2E, 0x24, 0x24, 0x22, 0x21, 0x20, 0x20, 0x20, 0x20,
    0x40, 0xE0, 0xE0, 0xE0, 0xE1, 0xE1, 0x42, 0x43, 0x44, 0xE4, 0xE4, 0xE4, 0xEE, 0xEE, 0x4E, 0x3E,
    0x3E, 0x3E, 0x4E, 0xEE, 0xEE, 0xEE, 0x4E, 0x4E, 0x44, 0xE4, 0xEE, 0xEE, 0xEE, 0x4E, 0x4E, 0x4E,
    0x2E, 0x1E, 0x1E, 0x2E, 0x3E, 0x3E, 0x2E, 0x1E, 0x2E, 0x3E, 0x3E, 0x2E, 0x2E, 0x3E, 0x3E, 0x3E,
    0x3E, 0x3E, 0x3E, 0x3E, 0x3E, 0x3E, 0x2E, 0x1E, 0x24, 0x33, 0x42, 0x41, 0x30, 0x40, 0x30, 0x20,
    0xB0, 0xB0, 0xB0, 0xB0, 0xB0, 0xB0, 0xB0, 0xB0, 0xB0, 0xB0, 0xB0, 0xB0, 0x50, 0x50, 0x90, 0x20,
    0x30, 0x30, 0x30, 0x30, 0x30, 0x30, 0x30, 0x30, 0x40, 0x40, 0x40, 0x20, 0x90, 0x90, 0x90, 0x30,
    0x40, 0x40, 0x20, 0x90, 0x30, 0x40, 0x40, 0x30, 0x20, 0x90, 0x90, 0x50, 0x50, 0x50, 0x50, 0x50,
    0x90, 0x30, 0x40, 0x30, 0x90, 0x30, 0x40, 0x40, 0x20, 0x90, 0x90, 0x90, 0x30, 0x40, 0x40, 0x30,
    0x90, 0x90, 0x30, 0x40, 0x40, 0x20, 0x90, 0x50, 0x50, 0x50, 0x50, 0x90, 0x31, 0x42, 0x42, 0x43,
    0x44, 0x34, 0x33, 0x33, 0x43, 0x43, 0x43, 0x24, 0x94, 0x9E, 0x5E, 0x5E, 0x9E, 0x3E, 0x4E, 0x4E,
    0x4E, 0x3E, 0x9E, 0x9E, 0x3E, 0x4E, 0x4E, 0x2E, 0x9E, 0x5E, 0xBE, 0xBE, 0xBE, 0xBE, 0xBE, 0xBE,
    0xBE, 0xB4, 0xB3, 0xB2, 0xB1, 0xB1, 0xB0, 0xB0, 0xB0, 0xB0, 0xB0, 0xB0, 0xB0, 0xB0, 0xB0, 0xB0,
    0x00, 0x00, 0x00, 0x00, 0x00, 0x00, 0x91, 0x22, 0x92, 0x93, 0x23, 0x34, 0xE4, 0x4E, 0x3E, 0x3E,
    0x3E, 0x3E, 0x4E, 0xEE, 0x3E, 0x2E, 0x9E, 0x9E, 0x2E, 0x9E, 0x0E, 0x0E, 0x0E, 0x0E, 0x0E, 0x0E,
    0x2E, 0x2E, 0x2E, 0x2E, 0x3E, 0x2E, 0x2E, 0x2E, 0x2E, 0x2E, 0x2E, 0x2E, 0x6E, 0x6E, 0x6E, 0x6E,
    0x5E, 0x5E, 0x5E, 0x5E, 0x5E, 0x5E, 0x1E, 0x1E, 0x24, 0x24, 0x22, 0x21, 0x20, 0x20, 0x20, 0x20,
    0x40, 0x40, 0xE0, 0xE0, 0xE1, 0xE2, 0x42, 0x43, 0x44, 0xE4, 0xE3, 0xE4, 0xE4, 0xE4, 0x3E, 0x3E,
    0x3E, 0x3E, 0x4E, 0xEE, 0xEE, 0xEE, 0xEE, 0xEE, 0xE4, 0xEE, 0xEE, 0xEE, 0xEE, 0x4E, 0x3E, 0x3E,
    0x3E, 0x2E, 0x2E, 0x3E, 0x3E, 0x3E, 0x2E, 0x2E, 0x2E, 0x3E, 0x3E, 0x2E, 0x2E, 0x3E, 0x4E, 0x4E,
    0x4E, 0x3E, 0x3E, 0x3E, 0x4E, 0x34, 0x24, 0x2E, 0x24, 0x33, 0x42, 0x41, 0x30, 0x40, 0x40, 0x20,
    0xB0, 0xB0, 0xB0, 0xB0, 0xB0, 0xB0, 0xB0, 0xB0, 0xB0, 0xB0, 0xB0, 0x50, 0x50, 0x9E, 0x20, 0x30,
    0x40, 0x40, 0x40, 0x40, 0x40, 0x40, 0x40, 0x40, 0x40, 0x30, 0x20, 0x90, 0x90, 0x90, 0x20, 0x40,
    0x40, 0x30, 0x90, 0x30, 0x40, 0x40, 0x30, 0x20, 0x90, 0x90, 0x50, 0x50, 0x50, 0x50, 0x50, 0x90,
    0x90, 0x30, 0x40, 0x40, 0x40, 0x40, 0x40, 0x30, 0x90, 0x90, 0x50, 0x90, 0x90, 0x30, 0x40, 0x40,
    0x40, 0x40, 0x40, 0x40, 0x30, 0x10, 0x90, 0x50, 0x50, 0x50, 0x50, 0x91, 0x22, 0x32, 0x42, 0x43,
    0x44, 0x44, 0x44, 0x44, 0x44, 0x44, 0x24, 0x14, 0x9E, 0x5E, 0x9E, 0x9E, 0x3E, 0x4E, 0x4E, 0x4E,
    0x3E, 0x9E, 0x9E, 0x9E, 0x2E, 0x4E, 0x4E, 0x3E, 0x1E, 0x9E, 0x6E, 0xBE, 0xBE, 0xBE, 0xBE, 0xBE,
    0xBE, 0xBE, 0xB4, 0xB3, 0xB2, 0xB1, 0xB0, 0xB0, 0xB0, 0xB0, 0xB0, 0xB0, 0xB0, 0xB0, 0xB0, 0xB0,
    0x00, 0x00, 0x00, 0x00, 0x00, 0x01, 0x92, 0x22, 0x92, 0x93, 0x24, 0x34, 0xEE, 0x3E, 0x2E, 0x2E,
    0x2E, 0x2E, 0x3E, 0xEE, 0x3E, 0x2E, 0x9E, 0x9E, 0x2E, 0x9E, 0x0E, 0x0E, 0x0E, 0x0E, 0x0E, 0x0E,
    0x2E, 0x2E, 0x2E, 0x3E, 0x3E, 0x3E, 0x2E, 0x2E, 0x2E, 0x3E, 0x2E, 0x2E, 0x2E, 0x6E, 0x6E, 0x6E,
    0x5E, 0x5E, 0x5E, 0x5E, 0x5E, 0x1E, 0x1E, 0x1E, 0x3E, 0x2E, 0x23, 0x22, 0x21, 0x20, 0x20, 0x20,
    0x30, 0x40, 0xE0, 0xE0, 0xE1, 0xE2, 0xE2, 0xE2, 0xE3, 0xE3, 0xE4, 0xE4, 0xEE, 0xEE, 0x3E, 0x3E,
    0x3E, 0x3E, 0x3E, 0xEE, 0x4E, 0xEE, 0xEE, 0xEE, 0xEE, 0xE4, 0xEE, 0xEE, 0x4E, 0x3E, 0x3E, 0x3E,
    0x3E, 0x3E, 0x3E, 0x3E, 0x4E, 0x4E, 0x2E, 0x2E, 0x2E, 0x3E, 0x3E, 0x2E, 0x2E, 0x3E, 0x4E, 0x4E,
    0x4E, 0x4E, 0x3E, 0x3E, 0x44, 0x4E, 0x2E, 0x24, 0x24, 0x34, 0x43, 0x42, 0x31, 0x40, 0x40, 0x30,
    0xB0, 0xB0, 0xB0, 0xB0, 0xB0, 0xB0, 0xB0, 0xB0, 0xB0, 0xB0, 0x50, 0x50, 0x90, 0x20, 0x30, 0x30,
    0x30, 0x30, 0x30, 0x30, 0x30, 0x30, 0x30, 0x30, 0x20, 0x10, 0x90, 0x90, 0x90, 0x90, 0x30, 0x30,
    0x30, 0x30, 0x30, 0x30, 0x30, 0x30, 0x20, 0x90, 0x90, 0x50, 0x50, 0x50, 0x50, 0x50, 0x50, 0x90,
    0x30, 0x30, 0x30, 0x38, 0x30, 0x30, 0x30, 0x20, 0x90, 0x50, 0x50, 0x50, 0x90, 0x90, 0x30, 0x30,
    0x30, 0x30, 0x30, 0x30, 0x20, 0x90, 0x50, 0x50, 0x50, 0x50, 0x51, 0x92, 0x92, 0x23, 0x32, 0x33,
    0x34, 0x34, 0x34, 0x34, 0x24, 0x14, 0x9E, 0x9E, 0x9E, 0x9E, 0x9E, 0x3E, 0x4E, 0x4E, 0x4E, 0x3E,
    0x9E, 0x9E, 0x9E, 0x9E, 0x9E, 0x3E, 0x4E, 0x4E, 0x2E, 0x9E, 0x5E, 0xBE, 0xBE, 0xBE, 0xBE, 0xBE,
    0xBE, 0xBE, 0xB4, 0xB3, 0xB2, 0xB1, 0xB1, 0xB0, 0xB0, 0xB0, 0xB0, 0xB0, 0xB0, 0xB0, 0xB0, 0xB0,
    0x00, 0x00, 0x00, 0x00, 0x00, 0x01, 0x92, 0x22, 0x93, 0x94, 0x24, 0x3E, 0xEE, 0x3E, 0x2E, 0x9E,
    0x9E, 0x2E, 0x3E, 0xEE, 0x3E, 0x2E, 0x9E, 0x9E, 0x2E, 0x9E, 0x0E, 0x0E, 0x0E, 0x0E, 0x0E, 0x0E,
    0x2E, 0x2E, 0x3E, 0x3E, 0x3E, 0x3E, 0x3E, 0x3E, 0x3E, 0x3E, 0x2E, 0x2E, 0x2E, 0x2E, 0x2E, 0x6E,
    0x5E, 0x5E, 0x5E, 0x1E, 0x1E, 0x1E, 0x1E, 0x1E, 0x3E, 0x3E, 0x23, 0x22, 0x21, 0x20, 0x20, 0x20,
    0x30, 0x30, 0xE0, 0xE1, 0xE1, 0x42, 0xE2, 0xE3, 0xE3, 0xE3, 0x44, 0x44, 0x4E, 0xEE, 0x3E, 0x3E,
    0x3E, 0x3E, 0x3E, 0x4E, 0x4E, 0x4E, 0xEE, 0xEE, 0xEE, 0xE4, 0xEE, 0xEE, 0x4E, 0x3E, 0x3E, 0x3E,
    0x3E, 0x3E, 0x3E, 0x3E, 0x4E, 0x4E, 0x2E, 0x2E, 0x2E, 0x3E, 0x3E, 0x3E, 0x3E, 0x3E, 0xEE, 0xEE,
    0xEE, 0x4E, 0x3E, 0x3E, 0x4E, 0x4E, 0x2E, 0x2E, 0x24, 0x34, 0xE3, 0xE2, 0x41, 0xE0, 0xE0, 0x30,
    0xB0, 0xB0, 0xB0, 0xB0, 0xB0, 0xB0, 0xB0, 0xB0, 0xB0, 0xB0, 0x50, 0x50, 0x90, 0x90, 0x90, 0x90,
    0x90, 0x90, 0x90, 0x90, 0x98, 0x90, 0x90, 0x90, 0x90, 0x90, 0x90, 0x90, 0x90, 0x90, 0x90, 0x90,
    0x90, 0x90, 0x90, 0x90, 0x90, 0x90, 0x90, 0x90, 0x50, 0x50, 0x50, 0x50, 0x50, 0x50, 0x50, 0x90,
    0x90, 0x90, 0x90, 0x90, 0x90, 0x90, 0x90, 0x90, 0x90, 0x50, 0x50, 0x50, 0x50, 0x90, 0x90, 0x90,
    0x90, 0x90, 0x90, 0x90, 0x90, 0x90, 0x50, 0x50, 0x50, 0x50, 0x51, 0x52, 0x93, 0x93, 0x93, 0x93,
    0x94, 0x9E, 0x9E, 0x9E, 0x9E, 0x9E, 0x9E, 0x9E, 0x9E, 0x9E, 0x3E, 0x4E, 0x4E, 0x4E, 0x3E, 0x9E,
    0x9E, 0x9E, 0x5E, 0x5E, 0x9E, 0x2E, 0x4E, 0x4E, 0x3E, 0x1E, 0x9E, 0x6E, 0xBE, 0xBE, 0xBE, 0xBE,
    0xBE, 0xBE, 0xBE, 0xB4, 0xB3, 0xB2, 0xB1, 0xB0, 0xB0, 0xB0, 0xB0, 0xB0, 0xB0, 0xB0, 0xB0, 0xB0,
    0x00, 0x00, 0x00, 0x00, 0x01, 0x02, 0x92, 0x23, 0x94, 0x94, 0x2E, 0x3E, 0xEE, 0x3E, 0x2E, 0x9E,
    0x9E, 0x2E, 0x3E, 0xEE, 0x3E, 0x2E, 0x9E, 0x9E, 0x2E, 0x9E, 0x0E, 0x0E, 0x0E, 0x0E, 0x0E, 0x0E,
    0x3E, 0x3E, 0x3E, 0x3E, 0x3E, 0x3E, 0x3E, 0x3E, 0x3E, 0x3E, 0x3E, 0x2E, 0x2E, 0x2E, 0x2E, 0x2E,
    0x1E, 0x1E, 0x1E, 0x1E, 0x1E, 0x1E, 0x1E, 0x1E, 0x3E, 0x3E, 0x34, 0x33, 0x22, 0x21, 0x20, 0x20,
    0x20, 0x30, 0xE1, 0xE1, 0x41, 0x42, 0x42, 0xE3, 0xE4, 0x44, 0x44, 0x4E, 0x4E, 0x4E, 0x3E, 0x2E,
    0x2E, 0x2E, 0x3E, 0x4E, 0x3E, 0x4E, 0xEE, 0xEE, 0xEE, 0x4E, 0x44, 0xEE, 0x4E, 0x3E, 0x2E, 0x2E,
    0x4E, 0x3E, 0x3E, 0x4E, 0x4E, 0x4E, 0x3E, 0x2E, 0x3E, 0x4E, 0x4E, 0x3E, 0x3E, 0x4E, 0xEE, 0xEE,
    0xEE, 0xEE, 0x3E, 0x4E, 0xEE, 0xEE, 0x3E, 0x2E, 0x3E, 0x44, 0xE3, 0xE2, 0x41, 0xE0, 0xE0, 0x40,
    0xB0, 0xB0, 0xB0, 0xB0, 0xB0, 0xB0, 0xB0, 0xB0, 0xB0, 0xB0, 0x50, 0x50, 0x50, 0x50, 0x50, 0x50,
    0x50, 0x50, 0x50, 0x50, 0x50, 0x50, 0x50, 0x50, 0x50, 0x50, 0x50, 0x50, 0x50, 0x50, 0x50, 0x50,
    0x50, 0x50, 0x50, 0x50, 0x50, 0x50, 0x50, 0x50, 0x50, 0x60, 0xB8, 0xB0, 0xB0, 0xB0, 0x50, 0x58,
    0x58, 0x50, 0x50, 0x50, 0x50, 0x50, 0x50, 0x50, 0x50, 0x50, 0x50, 0x90, 0x90, 0x90, 0x90, 0x90,
    0x90, 0x90, 0x90, 0x90, 0x90, 0x90, 0x90, 0x50, 0x50, 0x51, 0x52, 0x53, 0x53, 0x54, 0x54, 0x54,
    0x54, 0x54, 0x5E, 0x5E, 0x9E, 0x9E, 0x9E, 0x1E, 0x2E, 0x3E, 0x4E, 0x4E, 0x4E, 0x3E, 0x9E, 0x9E,
    0x9E, 0x5E, 0x5E, 0x5E, 0x9E, 0x9E, 0x3E, 0x4E, 0x4E, 0x2E, 0x9E, 0x5E, 0xBE, 0xBE, 0xBE, 0xBE,
    0xBE, 0xBE, 0xBE, 0xB4, 0xB3, 0xB2, 0xB1, 0xB0, 0xB0, 0xB0, 0xB0, 0xB0, 0xB0, 0xB0, 0xB0, 0xB0,
    0x00, 0x00, 0x00, 0x00, 0x01, 0x02, 0x93, 0x24, 0x94, 0x9E, 0x2E, 0x3E, 0x3E, 0x3E, 0x2E, 0x9E,
    0x9E, 0x2E, 0x3E, 0x3E, 0x3E, 0x2E, 0x9E, 0x9E, 0x2E, 0x9E, 0x0E, 0x0E, 0x0E, 0x0E, 0x0E, 0x0E,
    0x3E, 0x3E, 0x3E, 0x3E, 0x3E, 0x3E, 0x3E, 0x3E, 0x3E, 0x3E, 0x3E, 0x2E, 0x2E, 0x2E, 0x2E, 0x2E,
    0x2E, 0x1E, 0x1E, 0x1E, 0x1E, 0x1E, 0x1E, 0x3E, 0x3E, 0x3E, 0x34, 0x33, 0x32, 0x31, 0x30, 0x30,
    0x20, 0x20, 0x41, 0x41, 0x42, 0x32, 0x43, 0xE3, 0xE4, 0x44, 0x3E, 0x3E, 0x4E, 0x4E, 0x2E, 0x2E,
    0x2E, 0x2E, 0x2E, 0x4E, 0x3E, 0x3E, 0xEE, 0xEE, 0xEE, 0x4E, 0x4E, 0xEE, 0x3E, 0x2E, 0x2E, 0x2E,
    0x4E, 0x4E, 0x4E, 0x4E, 0xEE, 0xEE, 0x3E, 0x3E, 0x3E, 0x4E, 0x4E, 0x4E, 0x4E, 0x4E, 0xEE, 0xEE,
    0xEE, 0xEE, 0x4E, 0x4E, 0xEE, 0xEE, 0x3E, 0x3E, 0x3E, 0x44, 0xE3, 0xE3, 0xE2, 0xE1, 0xE0, 0xE0,
    0xB0, 0xB0, 0xB0, 0xB0, 0xB0, 0xB0, 0xB0, 0xB0, 0xB8, 0xB8, 0xB0, 0xB0, 0xB0, 0xB0, 0xB0, 0xB0,
    0xB0, 0xB0, 0xB0, 0xB0, 0xB0, 0xB0, 0xB0, 0xB0, 0xB0, 0xB0, 0xB0, 0xB0, 0xB0, 0xB0, 0xB0, 0xB0,
    0xB0, 0xB0, 0xB0, 0xB0, 0xB0, 0xB0, 0xB0, 0xB0, 0xB0, 0xB0, 0xB0, 0xB0, 0xB0, 0xB0, 0xB0, 0xB8,
    0xB8, 0xB0, 0xB0, 0xB0, 0x60, 0x50, 0x50, 0x50, 0x90, 0x90, 0x90, 0x10, 0x20, 0x30, 0x30, 0x30,
    0x30, 0x30, 0x30, 0x30, 0x30, 0x20, 0x10, 0x90, 0x90, 0x91, 0x92, 0x53, 0x54, 0x54, 0x5E, 0x5E,
    0x94, 0x94, 0x94, 0x9E, 0x9E, 0x1E, 0x2E, 0x3E, 0x4E, 0x4E, 0x4E, 0x4E, 0x3E, 0x9E, 0x9E, 0x9E,
    0x5E, 0x5E, 0x5E, 0x5E, 0x9E, 0x2E, 0x3E, 0x3E, 0x3E, 0x3E, 0x9E, 0x5E, 0xBE, 0xBE, 0xBE, 0xBE,
    0xBE, 0xBE, 0xBE, 0xB4, 0xB3, 0xB2, 0xB1, 0xB1, 0xB0, 0xB0, 0xB0, 0xB0, 0xB0, 0xB0, 0xB0, 0xB0,
    0x00, 0x00, 0x00, 0x01, 0x02, 0x03, 0x94, 0x14, 0x94, 0x9E, 0x1E, 0x2E, 0x2E, 0x2E, 0x1E, 0x9E,
    0x9E, 0x1E, 0x2E, 0x2E, 0x2E, 0x1E, 0x9E, 0x9E, 0x1E, 0x9E, 0x0E, 0x0E, 0x0E, 0x0E, 0x0E, 0x0E,
    0x3E, 0x3E, 0x3E, 0x3E, 0x3E, 0x3E, 0x3E, 0x3E, 0x3E, 0x3E, 0x3E, 0x3E, 0x2E, 0x2E, 0x2E, 0x2E,
    0x2E, 0x2E, 0x1E, 0x1E, 0x1E, 0x1E, 0x3E, 0x3E, 0x3E, 0x3E, 0x3E, 0x34, 0x33, 0x32, 0x31, 0x30,
    0x20, 0x21, 0x41, 0x41, 0x32, 0x33, 0x33, 0xE4, 0x44, 0x44, 0x34, 0x3E, 0x4E, 0x4E, 0x2E, 0x2E,
    0x2E, 0x2E, 0x2E, 0x3E, 0x2E, 0x3E, 0xEE, 0x4E, 0x4E, 0x3E, 0x3E, 0x4E, 0x3E, 0x2E, 0x2E, 0x2E,
    0xEE, 0x4E, 0x4E, 0xEE, 0xEE, 0xEE, 0x3E, 0x3E, 0x3E, 0x4E, 0xEE, 0x4E, 0x4E, 0xEE, 0xEE, 0x4E,
    0x4E, 0x4E, 0xEE, 0xEE, 0xEE, 0xEE, 0x44, 0x34, 0x44, 0x43, 0xE3, 0xE3, 0xE2, 0xE1, 0xE0, 0xE0,
    0xB0, 0xB0, 0xB0, 0xB0, 0xB0, 0xB0, 0xB0, 0xB0, 0xB8, 0xB8, 0xB0, 0xB0, 0xB0, 0xB0, 0xB0, 0xB8,
    0xB8, 0xB0, 0xB0, 0xB0, 0xB0, 0xB0, 0xB0, 0xB0, 0xB0, 0xB0, 0xB0, 0xB0, 0xB0, 0xB0, 0xB0, 0xB0,
    0xB0, 0xB0, 0xB0, 0xB0, 0xB0, 0xB0, 0xB0, 0xB0, 0xB0, 0xB0, 0xB0, 0xB0, 0xB0, 0xB0, 0xB0, 0xB0,
    0xB0, 0xB0, 0xB0, 0x60, 0x50, 0x50, 0x90, 0x97, 0x17, 0x20, 0x30, 0x30, 0x40, 0x40, 0x40, 0x40,
    0x40, 0x40, 0x40, 0x40, 0x40, 0x40, 0x30, 0x30, 0x31, 0x22, 0x13, 0x93, 0x94, 0x9E, 0x9E, 0x9E,
    0x9E, 0x1E, 0x2E, 0x3E, 0x3E, 0x4E, 0x4E, 0x4E, 0x4E, 0x4E, 0x4E, 0x3E, 0x9E, 0x9E, 0x9E, 0x5E,
    0x5E, 0x5E, 0x5E, 0x5E, 0x9E, 0x9E, 0x9E, 0x9E, 0x9E, 0x9E, 0x9E, 0x5E, 0xBE, 0xBE, 0xBE, 0xBE,
    0xBE, 0xBE, 0xBE, 0xBE, 0xB4, 0xB3, 0xB2, 0xB1, 0xB0, 0xB0, 0xB0, 0xB0, 0xB0, 0xB0, 0xB0, 0xB0,
    0x00, 0x00, 0x00, 0x01, 0x02, 0x03, 0x94, 0x94, 0x94, 0x9E, 0x9E, 0x9E, 0x9E, 0x9E, 0x9E, 0x9E,
    0x9E, 0x9E, 0x9E, 0x9E, 0x9E, 0x9E, 0x9E, 0x9E, 0x9E, 0x9E, 0x0E, 0x0E, 0x0E, 0x0E, 0x0E, 0x0E,
    0x3E, 0x3E, 0x3E, 0x3E, 0x3E, 0x3E, 0x3E, 0x3E, 0x3E, 0x3E, 0x3E, 0x3E, 0x3E, 0x2E, 0x2E, 0x2E,
    0x2E, 0x2E, 0x2E, 0x2E, 0x2E, 0x3E, 0x3E, 0x3E, 0x3E, 0x3E, 0x3E, 0x34, 0x33, 0x32, 0x31, 0x30,
    0x10, 0x21, 0x41, 0x42, 0x32, 0x23, 0x33, 0x44, 0x44, 0x34, 0x24, 0x24, 0x3E, 0x3E, 0x2E, 0x2E,
    0x2E, 0x2E, 0x2E, 0x3E, 0x2E, 0x2E, 0x4E, 0x4E, 0x4E, 0x3E, 0x3E, 0x4E, 0x3E, 0x2E, 0x2E, 0x2E,
    0xEE, 0xEE, 0xEE, 0xEE, 0xEE, 0xEE, 0x4E, 0x3E, 0x4E, 0xEE, 0xEE, 0xEE, 0xEE, 0xEE, 0x4E, 0x4E,
    0x4E, 0x4E, 0x4E, 0xEE, 0xEE, 0xE4, 0x44, 0x44, 0x44, 0xE3, 0xE3, 0xE3, 0xE2, 0xE1, 0x40, 0x40,
    0xB0, 0xB0, 0xB0, 0xB0, 0xB0, 0xB0, 0xB0, 0xB0, 0xB0, 0xB0, 0xB0, 0xB0, 0xB0, 0xB0, 0xB0, 0xB8,
    0xB8, 0xB0, 0xB0, 0xB0, 0xB0, 0xB0, 0xB0, 0xB0, 0xB0, 0xB0, 0xB0, 0xB0, 0xB0, 0xB0, 0xB0, 0xB0,
    0xB0, 0xB0, 0xB0, 0xB0, 0xB0, 0xB0, 0xB0, 0xB0, 0xB0, 0xB0, 0xB0, 0xB0, 0xB0, 0xB0, 0xB0, 0xB0,
    0xB0, 0xB0, 0x60, 0x50, 0x90, 0x90, 0x10, 0x27, 0x37, 0x40, 0x40, 0x40, 0x40, 0x40, 0x40, 0x40,
    0x40, 0x40, 0x40, 0x40, 0x40, 0x40, 0x40, 0x40, 0x41, 0x42, 0x33, 0x34, 0x3E, 0x3E, 0x3E, 0x3E,
    0x3E, 0x4E, 0x4E, 0x4E, 0x4E, 0x4E, 0x4E, 0x4E, 0x4E, 0x3E, 0x2E, 0x9E, 0x9E, 0x9E, 0x5E, 0x6E,
    0xBE, 0xBE, 0xBE, 0xBE, 0x5E, 0x5E, 0x5E, 0x5E, 0x5E, 0x5E, 0x5E, 0x5E, 0xBE, 0xBE, 0xBE, 0xBE,
    0xBE, 0xBE, 0xBE, 0xBE, 0xB4, 0xB3, 0xB2, 0xB1, 0xB0, 0xB0, 0xB0, 0xB0, 0xB0, 0xB0, 0xB0, 0xB0,
    0x00, 0x00, 0x00, 0x01, 0x02, 0x02, 0x93, 0x93, 0x94, 0x94, 0x9E, 0x9E, 0x9E, 0x9E, 0x9E, 0x9E,
    0x9E, 0x9E, 0x9E, 0x9E, 0x9E, 0x9E, 0x9E, 0x9E, 0x9E, 0x9E, 0x0E, 0x0E, 0x0E, 0x0E, 0x0E, 0x0E,
    0x3E, 0x3E, 0x3E, 0x3E, 0x4E, 0x3E, 0x3E, 0x3E, 0x3E, 0x3E, 0x3E, 0x3E, 0x3E, 0x3E, 0x3E, 0x2E,
    0x2E, 0x2E, 0x2E, 0x3E, 0x3E, 0x3E, 0x3E, 0x3E, 0x3E, 0x3E, 0x3E, 0x3E, 0x34, 0x32, 0x31, 0x30,
    0x10, 0x11, 0x31, 0x32, 0x32, 0x23, 0x33, 0x43, 0x44, 0x34, 0x24, 0x24, 0x34, 0x34, 0x2E, 0x1E,
    0x1E, 0x1E, 0x2E, 0x2E, 0x2E, 0x2E, 0x4E, 0x3E, 0x3E, 0x3E, 0x3E, 0x3E, 0x2E, 0x2E, 0x1E, 0x1E,
    0x4E, 0xEE, 0xEE, 0xE4, 0xE4, 0xE4, 0x4E, 0x4E, 0x4E, 0xEE, 0xEE, 0xEE, 0xEE, 0xEE, 0x4E, 0x3E,
    0x3E, 0x34, 0x44, 0xE4, 0xEE, 0xEE, 0x44, 0x43, 0x44, 0xE4, 0xE4, 0xE3, 0xE2, 0x42, 0x41, 0x40,
    0xB0, 0xB0, 0xB0, 0xB0, 0xB0, 0xB0, 0xB0, 0xB0, 0xB0, 0xB0, 0xB0, 0xB0, 0xB0, 0xB0, 0xB0, 0xB0,
    0xB0, 0xB0, 0xB0, 0xB0, 0xB0, 0xB0, 0xB0, 0xB0, 0xB0, 0xB0, 0xB0, 0xB0, 0xB0, 0xB0, 0xB0, 0xB0,
    0xB0, 0xB0, 0xB0, 0xB0, 0xB0, 0xB0, 0xB0, 0xB0, 0xB0, 0xB0, 0xB0, 0xB0, 0xB0, 0xB0, 0xB0, 0xB0,
    0xB0, 0x60, 0x50, 0x90, 0x10, 0x20, 0x30, 0x40, 0x40, 0x40, 0x40, 0x40, 0x40, 0x40, 0x40, 0x40,
    0x40, 0x40, 0x40, 0x40, 0x40, 0x40, 0x40, 0x40, 0x41, 0x42, 0x43, 0x44, 0x44, 0x4E, 0x4E, 0x4E,
    0x4E, 0x4E, 0x4E, 0x4E, 0x4E, 0x4E, 0x4E, 0x3E, 0x2E, 0x1E, 0x9E, 0x9E, 0x9E, 0x5E, 0x6E, 0xBE,
    0xBE, 0xBE, 0xBE, 0xBE, 0xBE, 0xBE, 0xBE, 0xBE, 0xBE, 0xBE, 0xBE, 0xBE, 0xBE, 0xBE, 0xBE, 0xBE,
    0xBE, 0xBE, 0xBE, 0xBE, 0xB4, 0xB3, 0xB2, 0xB1, 0xB0, 0xB0, 0xB0, 0xB0, 0xB0, 0xB0, 0xB0, 0xB0,
    0x00, 0x00, 0x01, 0x02, 0x02, 0x02, 0x93, 0xA3, 0xB4, 0xB4, 0xCE, 0xCE, 0xDE, 0xDE, 0xEE, 0xEE,
    0xDE, 0xDE, 0xCE, 0xCE, 0xBE, 0xBE, 0xBE, 0xAE, 0xAE, 0x9E, 0x0E, 0x0E, 0x0E, 0x0E, 0x0E, 0x0E,
    0x2E, 0x3E, 0x3E, 0x4E, 0x4E, 0x4E, 0x3E, 0x3E, 0x3E, 0x4E, 0x3E, 0x3E, 0x3E, 0x3E, 0x3E, 0x3E,
    0x3E, 0x3E, 0x3E, 0x3E, 0x3E, 0x3E, 0x3E, 0x3E, 0x4E, 0x3E, 0x3E, 0x3E, 0x34, 0x33, 0x32, 0x21,
    0x10, 0x11, 0x32, 0x32, 0x23, 0x23, 0x33, 0x43, 0x43, 0x24, 0x24, 0x24, 0x24, 0x34, 0x14, 0x1E,
    0x1E, 0x1E, 0x14, 0x24, 0x14, 0x24, 0x34, 0x34, 0x3E, 0x2E, 0x2E, 0x3E, 0x2E, 0x1E, 0x1E, 0x1E,
    0x4E, 0x44, 0xE4, 0xEE, 0xE4, 0xE4, 0x44, 0x44, 0x4E, 0xEE, 0xEE, 0xEE, 0xEE, 0xEE, 0x3E, 0x34,
    0x34, 0x34, 0x44, 0xE4, 0xE4, 0xEE, 0xE4, 0xE3, 0xE3, 0xE4, 0xE4, 0xE4, 0xE3, 0x42, 0x31, 0x30,
    0xB0, 0xB0, 0xB0, 0xB0, 0xB0, 0xB0, 0xB0, 0xB0, 0xB0, 0xB0, 0xB0, 0xB0, 0xB0, 0xB0, 0xB0, 0xB0,
    0xB0, 0xB0, 0xB0, 0xB0, 0xB0, 0xB0, 0xB0, 0xB0, 0xB0, 0xB0, 0xB0, 0xB0, 0xB0, 0xB0, 0xB0, 0xB0,
    0xB0, 0xB0, 0xB0, 0xB0, 0xB0, 0xB0, 0xB0, 0xB0, 0xB0, 0xB0, 0xB0, 0xB0, 0xB0, 0xB0, 0xB0, 0xB0,
    0x60, 0x50, 0x90, 0x90, 0x30, 0x40, 0x40, 0x30, 0x30, 0x30, 0x30, 0x30, 0x40, 0x40, 0x40, 0x40,
    0x40, 0x40, 0x40, 0x40, 0x40, 0x40, 0x40, 0x41, 0x42, 0x42, 0x42, 0x43, 0x44, 0x44, 0x4E, 0x4E,
    0x4E, 0x4E, 0x4E, 0x4E, 0x3E, 0x3E, 0x2E, 0x1E, 0x9E, 0x9E, 0x9E, 0x5E, 0x5E, 0x6E, 0xBE, 0xBE,
    0xBE, 0xBE, 0xBE, 0xBE, 0xBE, 0xBE, 0xBE, 0xBE, 0xBE, 0xBE, 0xBE, 0xBE, 0xBE, 0xBE, 0xBE, 0xBE,
    0xBE, 0xBE, 0xBE, 0xBE, 0xB4, 0xB3, 0xB2, 0xB2, 0xB1, 0xB1, 0xB0, 0xB0, 0xB0, 0xB0, 0xB0, 0xB0,
    0x00, 0x00, 0x01, 0x02, 0x02, 0x02, 0x93, 0xA3, 0xA4, 0x94, 0x9E, 0xBE, 0xCE, 0x9E, 0x9E, 0xDE,
    0xCE, 0x9E, 0x9E, 0xBE, 0xAE, 0x9E, 0x9E, 0xAE, 0xAE, 0x9E, 0x0E, 0x0E, 0x0E, 0x0E, 0x0E, 0x0E,
    0x2E, 0x2E, 0x4E, 0x4E, 0x4E, 0x4E, 0x4E, 0x4E, 0x4E, 0x4E, 0x3E, 0x3E, 0x3E, 0x3E, 0x3E, 0x3E,
    0x3E, 0x3E, 0x3E, 0x3E, 0x3E, 0x3E, 0x3E, 0x3E, 0x4E, 0x4E, 0x3E, 0x3E, 0x34, 0x33, 0x22, 0x21,
    0x11, 0x11, 0x22, 0x32, 0x13, 0x23, 0x32, 0x42, 0x43, 0x23, 0x23, 0x23, 0x24, 0x24, 0x14, 0x14,
    0x14, 0x14, 0x13, 0x23, 0x14, 0x14, 0x34, 0x34, 0x34, 0x2E, 0x2E, 0x3E, 0x2E, 0x1E, 0x1E, 0x1E,
    0x34, 0x4E, 0xEE, 0xEE, 0xEE, 0xEE, 0xE4, 0xE4, 0xE4, 0xEE, 0xEE, 0xEE, 0xEE, 0xEE, 0x3E, 0x34,
    0x34, 0x34, 0x33, 0xE4, 0x44, 0xE4, 0xE4, 0xE4, 0xE3, 0xE4, 0xE4, 0xE4, 0x43, 0x32, 0x31, 0x30,
    0xB0, 0xB0, 0xB0, 0xB0, 0xB0, 0xB0, 0xB0, 0xB0, 0xB0, 0xB0, 0xB0, 0xB0, 0xB0, 0xB0, 0xB0, 0xB0,
    0xB0, 0xB0, 0xB0, 0xB0, 0xB0, 0xB0, 0xB0, 0xB0, 0xB0, 0xB0, 0xB0, 0xB0, 0xB0, 0xB0, 0xB0, 0xB0,
    0xB0, 0xB0, 0xB0, 0xB0, 0xB0, 0xB0, 0xB0, 0xB0, 0xB0, 0xB0, 0xB0, 0xB0, 0xB0, 0xB0, 0xB0, 0xB0,
    0x50, 0x90, 0x90, 0x30, 0x30, 0x20, 0x10, 0x90, 0x90, 0x90, 0x90, 0x90, 0x10, 0x20, 0x30, 0x30,
    0x30, 0x30, 0x30, 0x30, 0x40, 0x40, 0x40, 0x41, 0x42, 0x42, 0x43, 0x44, 0x44, 0x4E, 0x4E, 0x4E,
    0x3E, 0x3E, 0x3E, 0x2E, 0x1E, 0x9E, 0x9E, 0x9E, 0x9E, 0x5E, 0x5E, 0x6E, 0xBE, 0xBE, 0xBE, 0xBE,
    0xBE, 0xBE, 0xBE, 0xBE, 0xBE, 0xBE, 0xBE, 0xBE, 0xBE, 0xBE, 0xBE, 0xBE, 0xBE, 0xBE, 0xBE, 0xBE,
    0xBE, 0xBE, 0xBE, 0xBE, 0xB4, 0xB4, 0xB3, 0xB2, 0xB2, 0xB1, 0xB0, 0xB0, 0xB0, 0xB0, 0xB0, 0xB0,
    0x00, 0x00, 0x01, 0x02, 0x02, 0x02, 0x93, 0x93, 0x94, 0x94, 0x9E, 0x9E, 0x9E, 0x9E, 0x9E, 0x9E,
    0x9E, 0x9E, 0x9E, 0x9E, 0x9E, 0x9E, 0x9E, 0x9E, 0x9E, 0x9E, 0x0E, 0x0E, 0x0E, 0x0E, 0x0E, 0x0E,
    0x3E, 0x3E, 0x3E, 0x4E, 0x4E, 0x4E, 0x4E, 0x4E, 0x4E, 0x4E, 0x4E, 0x3E, 0x3E, 0x3E, 0x3E, 0x3E,
    0x3E, 0x3E, 0x3E, 0x3E, 0x3E, 0x3E, 0x3E, 0x4E, 0x4E, 0x4E, 0x4E, 0x4E, 0x34, 0x23, 0x22, 0x21,
    0x11, 0x11, 0x22, 0x22, 0x13, 0x12, 0x22, 0x33, 0x33, 0x23, 0x13, 0x13, 0x23, 0x23, 0x13, 0x14,
    0x14, 0x13, 0x13, 0x14, 0x14, 0x1E, 0x2E, 0x2E, 0x2E, 0x1E, 0x1E, 0x2E, 0x2E, 0x1E, 0x1E, 0x1E,
    0x3E, 0x3E, 0xEE, 0xEE, 0xEE, 0x4E, 0xE4, 0xE4, 0xE4, 0xE4, 0x4E, 0x4E, 0x4E, 0xEE, 0x34, 0x34,
    0x34, 0x33, 0x33, 0x43, 0x44, 0x44, 0xE4, 0xE3, 0xE3, 0xE4, 0xE4, 0xE4, 0x43, 0x32, 0x31, 0x31,
    0xB0, 0xB0, 0xB0, 0xB0, 0xB0, 0xB0, 0xB0, 0xB0, 0xB0, 0xB0, 0xB0, 0xB0, 0xB0, 0xB0, 0xB0, 0xB0,
    0xB0, 0xB0, 0xB0, 0xB0, 0xB0, 0xB0, 0xB0, 0xB0, 0xB0, 0xB0, 0xB0, 0xB0, 0xB0, 0xB0, 0xB0, 0xB0,
    0xB0, 0xB0, 0xB0, 0xB0, 0xB0, 0xB0, 0xB0, 0xB0, 0xB0, 0xB0, 0xB0, 0xB0, 0xB0, 0xB0, 0xB0, 0xB0,
    0x50, 0x90, 0x30, 0x20, 0x10, 0x90, 0x90, 0x90, 0x50, 0x50, 0x50, 0x90, 0x90, 0x90, 0x90, 0x90,
    0x90, 0x90, 0x90, 0x90, 0x10, 0x20, 0x30, 0x31, 0x32, 0x33, 0x34, 0x34, 0x3E, 0x3E, 0x3E, 0x2E,
    0x1E, 0x9E, 0x9E, 0x9E, 0x9E, 0x9E, 0x5E, 0x5E, 0x5E, 0x6E, 0xBE, 0xBE, 0xBE, 0xBE, 0xBE, 0xBE,
    0xBE, 0xBE, 0xBE, 0xBE, 0xBE, 0xBE, 0xBE, 0xBE, 0xBE, 0xBE, 0xBE, 0xBE, 0xBE, 0xBE, 0xBE, 0xBE,
    0xBE, 0xBE, 0xBE, 0xBE, 0xBE, 0xB4, 0xB3, 0xB3, 0xB2, 0xB2, 0xB1, 0xB0, 0xB0, 0xB0, 0xB0, 0xB0,
    0x00, 0x01, 0x02, 0x02, 0x02, 0x03, 0x03, 0x93, 0x93, 0xA3, 0xB4, 0xC4, 0xDE, 0xDE, 0xEE, 0xDE,
    0xDE, 0xDE, 0xDE, 0xDE, 0xCE, 0xBE, 0xAE, 0x9E, 0x9E, 0x0E, 0x0E, 0x0E, 0x0E, 0x0E, 0x0E, 0x0E,
    0x3E, 0x3E, 0x3E, 0x4E, 0x4E, 0x4E, 0x4E, 0x4E, 0x4E, 0x4E, 0x4E, 0x3E, 0x3E, 0x3E, 0x3E, 0x3E,
    0x3E, 0x3E, 0x3E, 0x3E, 0x3E, 0x3E, 0x3E, 0x4E, 0x4E, 0x4E, 0x4E, 0x4E, 0x44, 0x43, 0x42, 0x41,
    0x11, 0x11, 0x12, 0x22, 0x12, 0x12, 0x23, 0x33, 0x23, 0x23, 0x13, 0x13, 0x23, 0x23, 0x13, 0x13,
    0x13, 0x13, 0x14, 0x14, 0x1E, 0x1E, 0x2E, 0x2E, 0x2E, 0x1E, 0x1E, 0x2E, 0x1E, 0x1E, 0x1E, 0x1E,
    0x2E, 0x3E, 0xEE, 0xEE, 0x4E, 0x4E, 0x44, 0xE4, 0xE4, 0x44, 0x4E, 0x4E, 0x4E, 0x4E, 0x34, 0x24,
    0x23, 0x23, 0x33, 0x43, 0x33, 0x43, 0xE3, 0xE3, 0xE4, 0x44, 0x44, 0xE3, 0x43, 0x32, 0x21, 0x21,
    0xB0, 0xB0, 0xB0, 0xB0, 0xB0, 0xB0, 0xB0, 0xB0, 0xB0, 0xB0, 0xB0, 0xB0, 0xB0, 0xB0, 0xB0, 0xB0,
    0xB0, 0xB0, 0xB0, 0xB0, 0xB0, 0xB0, 0xB0, 0xB0, 0xB0, 0xB0, 0xB0, 0xB0, 0xB0, 0xB0, 0xB0, 0xB0,
    0xB0, 0xB0, 0xB0, 0xB0, 0xB0, 0xB0, 0xB0, 0xB0, 0xB0, 0xB0, 0xB0, 0xB0, 0xB0, 0xB0, 0xB0, 0xB7,
    0x57, 0x90, 0x90, 0x90, 0x90, 0x50, 0x50, 0x50, 0x60, 0xB0, 0x60, 0x50, 0x50, 0x50, 0x50, 0x50,
    0x50, 0x50, 0x50, 0x90, 0x90, 0x90, 0x90, 0x91, 0x92, 0x93, 0x94, 0x9E, 0x9E, 0x9E, 0x9E, 0x9E,
    0x9E, 0x9E, 0x5E, 0x5E, 0x5E, 0x5E, 0x6E, 0xBE, 0xBE, 0xBE, 0xBE, 0xBE, 0xBE, 0xBE, 0xBE, 0xBE,
    0xBE, 0xBE, 0xBE, 0xBE, 0xBE, 0xBE, 0xBE, 0xBE, 0xBE, 0xBE, 0xBE, 0xBE, 0xBE, 0xBE, 0xBE, 0xBE,
    0xBE, 0xBE, 0xBE, 0xBE, 0xBE, 0xB4, 0xB4, 0xB3, 0xB3, 0xB2, 0xB1, 0xB0, 0xB0, 0xB0, 0xB0, 0xB0,
    0x00, 0x01, 0x02, 0x02, 0x03, 0x03, 0x03, 0x03, 0x93, 0x93, 0x94, 0x94, 0x9E, 0x9E, 0x9E, 0x9E,
    0x9E, 0x9E, 0x9E, 0x9E, 0x9E, 0x9E, 0x9E, 0x9E, 0x0E, 0x0E, 0x0E, 0x0E, 0x0E, 0x0E, 0x0E, 0x0E,
    0x3E, 0x3E, 0x4E, 0x4E, 0x4E, 0x4E, 0x4E, 0x4E, 0x4E, 0x4E, 0x4E, 0x4E, 0x3E, 0x3E, 0x3E, 0x3E,
    0x3E, 0x3E, 0x3E, 0x3E, 0x3E, 0x3E, 0x4E, 0x4E, 0x4E, 0x4E, 0x4E, 0x4E, 0x44, 0x43, 0x42, 0x41,
    0x11, 0x11, 0x11, 0x12, 0x11, 0x12, 0x23, 0x23, 0x23, 0x23, 0x13, 0x13, 0x13, 0x14, 0x14, 0x14,
    0x14, 0x14, 0x14, 0x1E, 0x1E, 0x1E, 0x2E, 0x2E, 0x2E, 0x1E, 0x1E, 0x1E, 0x1E, 0x1E, 0x1E, 0x1E,
    0x2E, 0x2E, 0x4E, 0x4E, 0x4E, 0x3E, 0x4E, 0xE4, 0xE4, 0x44, 0x34, 0x3E, 0x4E, 0x4E, 0x24, 0x24,
    0x23, 0x23, 0x23, 0x43, 0x33, 0x32, 0xE2, 0xE3, 0xE3, 0x44, 0x43, 0xE3, 0x33, 0x22, 0x21, 0x21,
    0xB0, 0xB0, 0xB0, 0xB0, 0xB0, 0xB0, 0xB0, 0xB0, 0xB0, 0xB0, 0xB0, 0xB0, 0xB0, 0xB0, 0xB0, 0xB0,
    0xB0, 0xB0, 0xB0, 0xB0, 0xB0, 0xB0, 0xB0, 0xB0, 0xB0, 0xB0, 0xB0, 0xB0, 0xB0, 0xB0, 0xB0, 0xB0,
    0xB0, 0xB0, 0xB0, 0xB0, 0xB0, 0xB0, 0xB0, 0xB0, 0xB0, 0xB0, 0xB0, 0xB0, 0xB0, 0xB0, 0xB0, 0xB7,
    0x57, 0x50, 0x50, 0x50, 0x50, 0x60, 0xB0, 0xB0, 0xB0, 0xB0, 0xB0, 0xB0, 0xB0, 0xB0, 0xB0, 0xB0,
    0xB0, 0xB0, 0x60, 0x50, 0x50, 0x50, 0x51, 0x52, 0x53, 0x54, 0x5E, 0x5E, 0x5E, 0x5E, 0x5E, 0x5E,
    0x5E, 0x5E, 0x6E, 0xBE, 0xBE, 0xBE, 0xBE, 0xBE, 0xBE, 0xBE, 0xBE, 0xBE, 0xBE, 0xBE, 0xBE, 0xBE,
    0xBE, 0xBE, 0xBE, 0xBE, 0xBE, 0xBE, 0xBE, 0xBE, 0xBE, 0xBE, 0xBE, 0xBE, 0xBE, 0xBE, 0xBE, 0xBE,
    0xBE, 0xBE, 0xBE, 0xBE, 0xBE, 0xBE, 0xB4, 0xB4, 0xB3, 0xB3, 0xB2, 0xB1, 0xB0, 0xB0, 0xB0, 0xB0,
    0x00, 0x01, 0x02, 0x03, 0x03, 0x04, 0x04, 0x04, 0x03, 0x03, 0x94, 0x94, 0xA4, 0xB4, 0xCE, 0xDE,
    0xCE, 0xCE, 0xBE, 0xAE, 0x9E, 0x9E, 0x0E, 0x0E, 0x0E, 0x0E, 0x0E, 0x0E, 0x0E, 0x0E, 0x0E, 0x0E,
    0x3E, 0x4E, 0x4E, 0x4E, 0x4E, 0x4E, 0x4E, 0x4E, 0x4E, 0x4E, 0x4E, 0x4E, 0x4E, 0x3E, 0x3E, 0x3E,
    0x3E, 0x3E, 0x3E, 0x3E, 0x3E, 0x4E, 0x4E, 0x4E, 0x4E, 0x4E, 0x4E, 0x4E, 0x44, 0x43, 0x42, 0x41,
    0x11, 0x11, 0x11, 0x11, 0x11, 0x12, 0x22, 0x23, 0x23, 0x23, 0x13, 0x13, 0x13, 0x14, 0x14, 0x14,
    0x14, 0x14, 0x1E, 0x1E, 0x1E, 0x1E, 0x1E, 0x2E, 0x1E, 0x1E, 0x1E, 0x1E, 0x1E, 0x1E, 0x1E, 0x1E,
    0x2E, 0x2E, 0x4E, 0x4E, 0x3E, 0x3E, 0x3E, 0xEE, 0x44, 0x44, 0x34, 0x34, 0x44, 0x44, 0x24, 0x24,
    0x23, 0x23, 0x23, 0x32, 0x22, 0x32, 0xE2, 0x43, 0x43, 0x33, 0x33, 0x43, 0x33, 0x22, 0x21, 0x21,
    0xB0, 0xB0, 0xB0, 0xB0, 0xB0, 0xB0, 0xB0, 0xB0, 0xB0, 0xB0, 0xB0, 0xB0, 0xB0, 0xB0, 0xB0, 0xB0,
    0xB0, 0xB0, 0xB0, 0xB0, 0xB0, 0xB0, 0xB0, 0xB0, 0xB0, 0xB0, 0xB0, 0xB0, 0xB0, 0xB0, 0xB0, 0xB0,
    0xB0, 0xB0, 0xB0, 0xB0, 0xB0, 0xB0, 0xB0, 0xB0, 0xB0, 0xB0, 0xB0, 0xB0, 0xB0, 0xB0, 0xB0, 0xB7,
    0xB7, 0xB0, 0xB0, 0xB0, 0xB0, 0xB0, 0xB0, 0xB0, 0xB0, 0xB0, 0xB0, 0xB0, 0xB0, 0xB0, 0xB0, 0xB0,
    0xB0, 0xB0, 0xB0, 0xB0, 0xB0, 0xB0, 0xB1, 0xB2, 0xB3, 0xB4, 0xBE, 0xBE, 0xBE, 0xBE, 0xBE, 0xBE,
    0xBE, 0xBE, 0xBE, 0xBE, 0xBE, 0xBE, 0xBE, 0xBE, 0xBE, 0xBE, 0xBE, 0xBE, 0xBE, 0xBE, 0xBE, 0xBE,
    0xBE, 0xBE, 0xBE, 0xBE, 0xBE, 0xBE, 0xBE, 0xBE, 0xBE, 0xBE, 0xBE, 0xBE, 0xBE, 0xBE, 0xBE, 0xBE,
    0xBE, 0xBE, 0xBE, 0xBE, 0xBE, 0xBE, 0xBE, 0xB4, 0xB4, 0xB3, 0xB2, 0xB1, 0xB0, 0xB0, 0xB0, 0xB0,
    0x01, 0x02, 0x02, 0x03, 0x04, 0x04, 0x0E, 0x04, 0x03, 0x03, 0x04, 0x94, 0x94, 0x94, 0x9E, 0x9E,
    0x9E, 0x9E, 0x9E, 0x9E, 0x9E, 0x0E, 0x0E, 0x0E, 0x0E, 0x0E, 0x0E, 0x0E, 0x0E, 0x0E, 0x0E, 0x0E,
    0x4E, 0x4E, 0x4E, 0x4E, 0x4E, 0x4E, 0x4E, 0x4E, 0x4E, 0x4E, 0x4E, 0x4E, 0x4E, 0x4E, 0x4E, 0x3E,
    0x3E, 0x3E, 0x3E, 0x4E, 0x4E, 0x4E, 0x4E, 0x4E, 0x4E, 0x4E, 0x4E, 0x44, 0x44, 0x43, 0x42, 0x41,
    0x10, 0x11, 0x11, 0x11, 0x11, 0x12, 0x22, 0x22, 0x23, 0x23, 0x13, 0x13, 0x13, 0x13, 0x13, 0x14,
    0x14, 0x14, 0x1E, 0x1E, 0x1E, 0x1E, 0x1E, 0x1E, 0x1E, 0x1E, 0x1E, 0x1E, 0x1E, 0x1E, 0x1E, 0x1E,
    0x1E, 0x2E, 0x4E, 0x4E, 0x3E, 0x2E, 0x3E, 0x4E, 0x44, 0x34, 0x24, 0x24, 0x34, 0x34, 0x24, 0x23,
    0x23, 0x23, 0x22, 0x32, 0x22, 0x22, 0x42, 0x42, 0x43, 0x33, 0x33, 0x43, 0x32, 0x22, 0x21, 0x21,
    0x40, 0xE0, 0xE0, 0xE0, 0xE0, 0xE0, 0x40, 0x40, 0x40, 0xE0, 0xE0, 0xE0, 0xE0, 0xE0, 0x40, 0x30,
    0x30, 0x30, 0x40, 0xE0, 0xE0, 0xE0, 0x40, 0x40, 0x40, 0xE0, 0xE0, 0xE0, 0xE0, 0x40, 0x40, 0x40,
    0x20, 0x10, 0x10, 0x20, 0x30, 0x30, 0x20, 0x10, 0x20, 0x30, 0x30, 0x20, 0x20, 0x30, 0x30, 0x30,
    0x30, 0x30, 0x30, 0x30, 0x30, 0x30, 0x20, 0x10, 0x20, 0x30, 0x40, 0x40, 0x30, 0x40, 0x30, 0x20,
    0x20, 0x20, 0xB0, 0xB0, 0xB0, 0xC0, 0xC0, 0xC1, 0xC2, 0xC3, 0xC4, 0xCE, 0xCE, 0xCE, 0xDE, 0xDE,
    0xDE, 0xDE, 0xCE, 0xCE, 0xCE, 0xCE, 0xCE, 0xCE, 0xCE, 0xCE, 0xCE, 0xBE, 0xBE, 0xBE, 0x2E, 0x2E,
    0x0E, 0x0E, 0x0E, 0x0E, 0x0E, 0x0E, 0x0E, 0x0E, 0x0E, 0x0E, 0x0E, 0x0E, 0x3E, 0x3E, 0x4E, 0xEE,
    0xEE, 0x4E, 0x3E, 0x3E, 0x0E, 0x0E, 0x0E, 0x0E, 0x04, 0x03, 0x02, 0x01, 0x00, 0x00, 0x00, 0x00,
    0xE1, 0xE2, 0xE2, 0xE2, 0xE3, 0xE4, 0xE4, 0xE4, 0xE4, 0xE4, 0xE4, 0xE4, 0xEE, 0xEE, 0xEE, 0xEE,
    0xEE, 0xEE, 0xEE, 0xEE, 0xEE, 0xEE, 0xEE, 0xEE, 0xEE, 0xEE, 0xEE, 0xEE, 0xEE, 0xEE, 0xEE, 0xEE,
    0xEE, 0xEE, 0xEE, 0xEE, 0xEE, 0xEE, 0xEE, 0xEE, 0xEE, 0xEE, 0xEE, 0xEE, 0xEE, 0xEE, 0xEE, 0xEE,
    0xEE, 0xEE, 0xEE, 0xEE, 0xEE, 0xEE, 0xEE, 0xEE, 0xEE, 0xEE, 0xE4, 0xE4, 0xE3, 0xE2, 0xE1, 0xE0,
    0x00, 0x01, 0x01, 0x01, 0x01, 0x01, 0x02, 0x02, 0x03, 0x03, 0x03, 0x04, 0x04, 0x04, 0x03, 0x03,
    0x04, 0x04, 0x0E, 0x0E, 0x0E, 0x0E, 0x0E, 0x0E, 0x0E, 0x0E, 0x0E, 0x0E, 0x0E, 0x0E, 0x0E, 0x0E,
    0x0E, 0x0E, 0x0E, 0x0E, 0x0E, 0x0E, 0x0E, 0x0E, 0x04, 0x04, 0x04, 0x04, 0x04, 0x04, 0x53, 0x53,
    0x53, 0x53, 0x02, 0x02, 0x02, 0x02, 0x02, 0x02, 0x02, 0x02, 0x02, 0x02, 0x02, 0x01, 0x01, 0x00,
    0x40, 0x40, 0xE0, 0xE0, 0xE0, 0xE0, 0x40, 0x40, 0x40, 0xE0, 0xE0, 0xE0, 0xE0, 0xE0, 0x30, 0x30,
    0x30, 0x30, 0x40, 0xE0, 0xE0, 0xE0, 0xE0, 0xE0, 0xE0, 0xE0, 0xE0, 0xE0, 0xE0, 0x40, 0x30, 0x30,
    0x30, 0x20, 0x20, 0x30, 0x30, 0x30, 0x20, 0x20, 0x20, 0x30, 0x30, 0x20, 0x20, 0x30, 0x40, 0x40,
    0x40, 0x30, 0x30, 0x30, 0x40, 0x30, 0x20, 0x20, 0x20, 0x30, 0x40, 0x40, 0x30, 0x40, 0x40, 0x20,
    0x20, 0x20, 0xB0, 0xB0, 0xB0, 0xC0, 0xC0, 0xC1, 0xC2, 0xC3, 0xC4, 0xCE, 0xDE, 0xEE, 0xEE, 0xEE,
    0xEE, 0xEE, 0xEE, 0xDE, 0xCE, 0xCE, 0xCE, 0xCE, 0xCE, 0xCE, 0xCE, 0xBE, 0xBE, 0xBE, 0x2E, 0x2E,
    0x0E, 0x0E, 0x0E, 0x0E, 0x0E, 0x0E, 0x0E, 0x0E, 0x0E, 0x3E, 0x3E, 0x3E, 0x0E, 0x0E, 0x0E, 0xEE,
    0xEE, 0x0E, 0x0E, 0x0E, 0x3E, 0x3E, 0x3E, 0x0E, 0x04, 0x03, 0x02, 0x01, 0x00, 0x00, 0x00, 0x00,
    0xE1, 0xE2, 0xE2, 0xE2, 0xE3, 0xE3, 0xE4, 0xE4, 0xE4, 0xE4, 0xE4, 0xE4, 0xEE, 0xEE, 0xEE, 0xEE,
    0xEE, 0xEE, 0xEE, 0xEE, 0xEE, 0xEE, 0xEE, 0xEE, 0xEE, 0xEE, 0xEE, 0xEE, 0xEE, 0xEE, 0xEE, 0xEE,
    0xEE, 0xEE, 0xEE, 0xEE, 0xEE, 0xEE, 0xEE, 0xEE, 0xEE, 0xEE, 0xEE, 0xEE, 0xEE, 0xEE, 0xEE, 0xEE,
    0xEE, 0xEE, 0xEE, 0xEE, 0xE4, 0xE4, 0xE4, 0xE4, 0xEE, 0xE4, 0xE3, 0xE3, 0xE2, 0xE2, 0xE1, 0xE0,
    0x00, 0x01, 0x01, 0x01, 0x01, 0x02, 0x02, 0x03, 0x03, 0x03, 0x04, 0x04, 0x04, 0x04, 0x04, 0x04,
    0x04, 0x0E, 0x0E, 0x0E, 0x0E, 0x0E, 0x0E, 0x0E, 0x0E, 0x0E, 0x0E, 0x0E, 0x0E, 0x0E, 0x0E, 0x0E,
    0x0E, 0x0E, 0x0E, 0x0E, 0x0E, 0x0E, 0x0E, 0x0E, 0x04, 0x04, 0x04, 0x54, 0x53, 0x53, 0x63, 0x62,
    0x62, 0x63, 0x53, 0x52, 0x53, 0x02, 0x02, 0x02, 0x02, 0x02, 0x02, 0x02, 0x02, 0x01, 0x01, 0x00,
    0x30, 0x40, 0xE0, 0xE0, 0xE0, 0xE0, 0xE0, 0xE0, 0xE0, 0xE0, 0xE0, 0xE0, 0xE0, 0xE0, 0x30, 0x30,
    0x30, 0x30, 0x30, 0xE0, 0x40, 0xE0, 0xE0, 0xE0, 0xE0, 0xE0, 0xE0, 0xE0, 0x40, 0x30, 0x30, 0x30,
    0x30, 0x30, 0x30, 0x30, 0x40, 0x40, 0x20, 0x20, 0x20, 0x30, 0x30, 0x20, 0x20, 0x30, 0x40, 0x40,
    0x40, 0x40, 0x30, 0x30, 0x40, 0x40, 0x20, 0x20, 0x20, 0x30, 0x40, 0x40, 0x30, 0x40, 0x40, 0x30,
    0x20, 0x20, 0x20, 0xB0, 0xB0, 0xB0, 0xC0, 0xC1, 0xC2, 0xC3, 0xC4, 0xDE, 0xEE, 0xDE, 0xCE, 0xCE,
    0xCE, 0xCE, 0xDE, 0xEE, 0xDE, 0xCE, 0xCE, 0xCE, 0xCE, 0xCE, 0xBE, 0xBE, 0xBE, 0x2E, 0x2E, 0x2E,
    0x0E, 0x0E, 0x0E, 0x0E, 0x0E, 0x0E, 0x0E, 0x3E, 0x3E, 0x0E, 0x0E, 0x0E, 0x0E, 0x0E, 0x0E, 0x8E,
    0x8E, 0x0E, 0x0E, 0x0E, 0x0E, 0x0E, 0x04, 0x33, 0x32, 0x01, 0x01, 0x70, 0x70, 0x00, 0x00, 0x00,
    0xE1, 0xE2, 0xE2, 0xE2, 0x93, 0x93, 0x94, 0x94, 0x94, 0x94, 0x9E, 0x9E, 0x9E, 0x9E, 0x9E, 0x9E,
    0x9E, 0x9E, 0x9E, 0x9E, 0x9E, 0x9E, 0x9E, 0x9E, 0x9E, 0x9E, 0x9E, 0x9E, 0x9E, 0x9E, 0x6E, 0x8E,
    0x6E, 0x9E, 0x9E, 0x9E, 0x9E, 0x9E, 0x9E, 0x9E, 0x9E, 0x9E, 0x9E, 0x9E, 0x9E, 0x9E, 0x9E, 0x9E,
    0x9E, 0x9E, 0x94, 0x94, 0x94, 0x94, 0x93, 0x93, 0x94, 0x93, 0x92, 0x92, 0xE2, 0xE2, 0xE1, 0xE0,
    0x00, 0x00, 0x01, 0x01, 0x02, 0x02, 0x03, 0x03, 0x03, 0x04, 0x04, 0x0E, 0x6E, 0x6E, 0x64, 0x64,
    0x6E, 0x6E, 0x64, 0x64, 0x0E, 0x0E, 0x0E, 0x0E, 0x0E, 0x0E, 0x0E, 0x0E, 0x0E, 0x04, 0x0E, 0x0E,
    0x0E, 0x0E, 0x0E, 0x0E, 0x0E, 0x0E, 0x0E, 0x04, 0x04, 0x53, 0x53, 0x63, 0x63, 0x63, 0x73, 0x72,
    0x72, 0x73, 0x63, 0x63, 0x62, 0x52, 0x52, 0x02, 0x02, 0x02, 0x02, 0x02, 0x01, 0x01, 0x09, 0x00,
    0x30, 0x30, 0xE0, 0xE0, 0xE0, 0x40, 0xE0, 0xE0, 0xE0, 0xE0, 0x40, 0x40, 0x40, 0xE0, 0x30, 0x30,
    0x30, 0x30, 0x30, 0x40, 0x40, 0x40, 0xE0, 0xE0, 0xE0, 0xE0, 0xE0, 0xE0, 0x40, 0x30, 0x30, 0x30,
    0x30, 0x30, 0x30, 0x30, 0x40, 0x40, 0x20, 0x20, 0x20, 0x30, 0x30, 0x30, 0x30, 0x30, 0xE0, 0xE0,
    0xE0, 0x40, 0x30, 0x30, 0x40, 0x40, 0x20, 0x20, 0x20, 0x30, 0xE0, 0xE0, 0x40, 0xE0, 0xE0, 0x30,
    0x20, 0x20, 0x20, 0xB0, 0xB0, 0xB0, 0xC0, 0xC1, 0xC2, 0xC3, 0xD4, 0xEE, 0xCE, 0xCE, 0xBE, 0xBE,
    0xBE, 0xBE, 0xCE, 0xCE, 0xEE, 0xDE, 0xCE, 0xCE, 0xCE, 0xCE, 0xBE, 0xBE, 0xBE, 0x2E, 0x2E, 0x2E,
    0x0E, 0x0E, 0x0E, 0x0E, 0x0E, 0x0E, 0x3E, 0x0E, 0x0E, 0x0E, 0x0E, 0x0E, 0x0E, 0x0E, 0x0E, 0x8E,
    0x0E, 0x0E, 0x0E, 0x0E, 0x64, 0x74, 0x73, 0x73, 0x02, 0x31, 0x70, 0x70, 0x70, 0x70, 0x00, 0x00,
    0xE1, 0xE2, 0xE2, 0x92, 0x93, 0x94, 0x94, 0x94, 0x94, 0x94, 0x9E, 0x9E, 0x9E, 0x9E, 0x9E, 0x9E,
    0x9E, 0x9E, 0x9E, 0x9E, 0x9E, 0x9E, 0x9E, 0x6E, 0x6E, 0x8E, 0x6E, 0x9E, 0x6E, 0x6E, 0x8E, 0xEE,
    0x6E, 0x9E, 0x9E, 0x9E, 0x9E, 0x9E, 0x9E, 0x9E, 0x9E, 0x9E, 0x9E, 0x9E, 0x9E, 0x9E, 0x9E, 0x9E,
    0x9E, 0x9E, 0x94, 0x94, 0x93, 0x93, 0x92, 0x92, 0x93, 0x92, 0x92, 0x92, 0x92, 0xE2, 0xE1, 0xE0,
    0x00, 0x00, 0x01, 0x01, 0x02, 0x02, 0x03, 0x03, 0x03, 0x04, 0x64, 0x6E, 0x7E, 0x74, 0x74, 0x74,
    0x74, 0x74, 0x74, 0x74, 0x64, 0x64, 0x0E, 0x0E, 0x0E, 0x0E, 0x0E, 0x0E, 0x0E, 0x0E, 0x04, 0x0E,
    0x0E, 0x0E, 0x0E, 0x0E, 0x0E, 0x0E, 0x0E, 0x54, 0x53, 0x63, 0x63, 0x72, 0x72, 0x73, 0x83, 0x83,
    0x83, 0x83, 0x73, 0x73, 0x73, 0x62, 0x62, 0x51, 0x52, 0x01, 0x01, 0x01, 0x01, 0x09, 0x09, 0x00,
    0x20, 0x30, 0xE0, 0xE0, 0x40, 0x40, 0x40, 0xE0, 0xE0, 0x40, 0x40, 0x40, 0x40, 0x40, 0x30, 0x20,
    0x20, 0x20, 0x30, 0x40, 0x30, 0x40, 0xE0, 0xE0, 0xE0, 0x40, 0x40, 0xE0, 0x40, 0x30, 0x20, 0x20,
    0x40, 0x30, 0x30, 0x40, 0x40, 0x40, 0x30, 0x20, 0x30, 0x40, 0x40, 0x30, 0x30, 0x40, 0xE0, 0xE0,
    0xE0, 0xE0, 0x30, 0x40, 0xE0, 0xE0, 0x30, 0x20, 0x30, 0x40, 0xE0, 0xE0, 0x40, 0xE0, 0xE0, 0x40,
    0x20, 0x20, 0x20, 0xB0, 0xB0, 0xB0, 0xC0, 0xC1, 0xC2, 0xC3, 0xE4, 0xCE, 0xCE, 0xBE, 0xAE, 0xAE,
    0xAE, 0xAE, 0xBE, 0xCE, 0xCE, 0xEE, 0xCE, 0xCE, 0xCE, 0xCE, 0xBE, 0xBE, 0xBE, 0x2E, 0x2E, 0x2E,
    0x0E, 0x0E, 0x0E, 0x0E, 0x0E, 0x3E, 0x0E, 0x0E, 0x0E, 0x0E, 0x0E, 0x0E, 0x0E, 0x0E, 0x8E, 0x8E,
    0x0E, 0x0E, 0x04, 0x64, 0x73, 0x03, 0x02, 0x02, 0x01, 0x01, 0x30, 0x00, 0x80, 0x70, 0x00, 0x00,
    0xE1, 0xE2, 0xE2, 0x93, 0x94, 0x94, 0x94, 0x94, 0x9E, 0x9E, 0x9E, 0x9E, 0x9E, 0x9E, 0x9E, 0x9E,
    0x9E, 0x9E, 0x5E, 0x9E, 0x9E, 0x5E, 0x6E, 0x8E, 0xEE, 0x6E, 0x9E, 0x6E, 0x8E, 0x8E, 0xEE, 0xEE,
    0x8E, 0x9E, 0x9E, 0x9E, 0x9E, 0x9E, 0x9E, 0x9E, 0x9E, 0x9E, 0x9E, 0x9E, 0x9E, 0x9E, 0x9E, 0x9E,
    0x9E, 0x94, 0x94, 0x93, 0x93, 0x93, 0x93, 0x92, 0x92, 0x92, 0x92, 0x92, 0x92, 0xE2, 0xE1, 0xE0,
    0x00, 0x00, 0x09, 0x01, 0x01, 0x02, 0x32, 0x33, 0x63, 0x63, 0x74, 0x74, 0x24, 0x24, 0x13, 0x13,
    0x13, 0x13, 0x13, 0x13, 0x74, 0x74, 0x64, 0x64, 0x0E, 0x0E, 0x04, 0x0E, 0x0E, 0x04, 0x04, 0x0E,
    0x0E, 0x0E, 0x0E, 0x0E, 0x0E, 0x0E, 0x5E, 0x64, 0x64, 0x73, 0x72, 0x82, 0x82, 0x82, 0xE3, 0xE3,
    0xE3, 0xE3, 0x82, 0x82, 0x83, 0x72, 0x72, 0x61, 0x61, 0x51, 0x01, 0x01, 0x01, 0x09, 0x09, 0x00,
    0x20, 0x20, 0x40, 0x40, 0x40, 0x30, 0x40, 0xE0, 0xE0, 0x40, 0x30, 0x30, 0x40, 0x40, 0x20, 0x28,
    0x28, 0x20, 0x20, 0x40, 0x30, 0x30, 0xE0, 0xE0, 0xE0, 0x40, 0x40, 0xE0, 0x30, 0x20, 0x20, 0x20,
    0x40, 0x40, 0x40, 0x40, 0xE0, 0xE0, 0x30, 0x30, 0x30, 0x40, 0x40, 0x40, 0x40, 0x40, 0xE0, 0xE0,
    0xE0, 0xE0, 0x40, 0x40, 0xE0, 0xE0, 0x30, 0x30, 0x30, 0x40, 0xE0, 0xE0, 0xE0, 0xE0, 0xE0, 0xE0,
    0x20, 0x20, 0x20, 0xB0, 0xB0, 0xB0, 0xC0, 0xC1, 0xC2, 0xD3, 0xD4, 0xCE, 0xBE, 0xAE, 0xAE, 0xAE,
    0xAE, 0xAE, 0xAE, 0xBE, 0xCE, 0xDE, 0xDE, 0xCE, 0xCE, 0xCE, 0xBE, 0xBE, 0xBE, 0x2E, 0x2E, 0x2E,
    0x0E, 0x0E, 0x0E, 0x0E, 0x3E, 0x0E, 0x0E, 0x0E, 0x0E, 0x0E, 0x0E, 0x0E, 0x0E, 0x0E, 0x8E, 0x6E,
    0x6E, 0x64, 0x63, 0x63, 0x02, 0x02, 0x02, 0x01, 0x01, 0x01, 0x00, 0x30, 0x00, 0x80, 0x80, 0x00,
    0xB0, 0xB1, 0xE2, 0x93, 0x94, 0x94, 0x94, 0x94, 0x9E, 0x9E, 0x9E, 0x9E, 0x9E, 0x9E, 0x9E, 0x9E,
    0x9E, 0x6E, 0x6E, 0x9E, 0x6E, 0x6E, 0x8E, 0xEE, 0xEE, 0x6E, 0x6E, 0x8E, 0xEE, 0xEE, 0xEE, 0xEE,
    0x8E, 0x6E, 0xEE, 0x8E, 0x6E, 0x9E, 0x9E, 0x9E, 0x9E, 0x9E, 0x9E, 0x9E, 0x9E, 0x94, 0x9E, 0x9E,
    0x94, 0x94, 0x93, 0x93, 0x93, 0x93, 0x93, 0x93, 0x93, 0x93, 0x92, 0x92, 0x92, 0xE2, 0xB1, 0xB0,
    0x00, 0x00, 0x09, 0x01, 0x41, 0x42, 0x32, 0x62, 0x73, 0x73, 0x23, 0x24, 0x23, 0x33, 0x33, 0x33,
    0x23, 0x13, 0x13, 0x13, 0x13, 0x13, 0x74, 0x84, 0x74, 0x04, 0x04, 0x04, 0x04, 0x04, 0x0E, 0x0E,
    0x0E, 0x0E, 0x0E, 0x0E, 0x0E, 0x5E, 0x64, 0x74, 0x73, 0x82, 0x82, 0xE1, 0xE2, 0xE3, 0xE3, 0xE2,
    0xE3, 0xE2, 0xE2, 0xE1, 0xE2, 0x82, 0x82, 0x72, 0x71, 0x61, 0x51, 0x01, 0x09, 0x09, 0x09, 0x00,
    0x20, 0x20, 0x40, 0x40, 0x30, 0x30, 0x30, 0xE0, 0x40, 0x40, 0x30, 0x30, 0x40, 0x40, 0x20, 0x28,
    0x28, 0x20, 0x20, 0x30, 0x20, 0x30, 0xE0, 0x40, 0x40, 0x30, 0x30, 0x40, 0x30, 0x20, 0x20, 0x20,
    0xE0, 0x40, 0x40, 0xE0, 0xE0, 0xE0, 0x30, 0x30, 0x30, 0x40, 0xE0, 0x40, 0x40, 0xE0, 0xE0, 0x40,
    0x40, 0x40, 0xE0, 0xE0, 0xE0, 0xE0, 0x40, 0x30, 0x40, 0x40, 0xE0, 0xE0, 0xE0, 0xE0, 0xE0, 0xE0,
    0x20, 0x20, 0x20, 0xB0, 0xB0, 0xB0, 0xC1, 0xC2, 0xC3, 0xD4, 0xCE, 0xCE, 0xAE, 0xAE, 0xAE, 0xBE,
    0xBE, 0xAE, 0xAE, 0xAE, 0xCE, 0xCE, 0xDE, 0xCE, 0xCE, 0xCE, 0xBE, 0xBE, 0xBE, 0x2E, 0x2E, 0x2E,
    0x0E, 0x0E, 0x0E, 0x3E, 0x0E, 0x0E, 0x0E, 0x0E, 0x0E, 0x0E, 0x0E, 0x0E, 0x0E, 0x8E, 0x8E, 0x0E,
    0x04, 0x03, 0x03, 0x02, 0x03, 0x03, 0x02, 0x02, 0x01, 0x01, 0x00, 0x00, 0x30, 0x00, 0x80, 0x00,
    0xC0, 0xB1, 0xE2, 0x93, 0x94, 0x94, 0x94, 0x9E, 0x9E, 0x9E, 0x9E, 0x9E, 0x94, 0x94, 0x9E, 0x9E,
    0x6E, 0x7E, 0x6E, 0x6E, 0x8E, 0x6E, 0x8E, 0xEE, 0xEE, 0x6E, 0x8E, 0x8E, 0xEE, 0xEE, 0xEE, 0xEE,
    0x8E, 0xEE, 0x8E, 0x9E, 0x9E, 0x9E, 0x9E, 0x9E, 0x9E, 0x9E, 0x9E, 0x9E, 0x94, 0x94, 0x9E, 0x94,
    0x94, 0x93, 0x93, 0x92, 0x93, 0x93, 0x93, 0x93, 0x94, 0x93, 0x93, 0x92, 0x92, 0xE1, 0xB0, 0xC0,
    0x00, 0x00, 0x09, 0x49, 0x41, 0x01, 0x62, 0x72, 0x22, 0x12, 0x13, 0x13, 0x13, 0x13, 0x13, 0x23,
    0x33, 0x33, 0x33, 0x23, 0x13, 0x13, 0x13, 0x83, 0x83, 0xE3, 0x03, 0x04, 0x04, 0x0E, 0x0E, 0x0E,
    0x0E, 0x0E, 0x0E, 0x0E, 0x5E, 0x6E, 0x74, 0x84, 0x83, 0xE2, 0xE2, 0xE1, 0xE2, 0xE3, 0x82, 0x82,
    0x82, 0x82, 0xE1, 0xE1, 0xE1, 0xE2, 0xE2, 0x81, 0x81, 0x71, 0x61, 0x51, 0x09, 0x09, 0x00, 0x00,
    0x10, 0x20, 0x40, 0x40, 0x30, 0x20, 0x30, 0x40, 0x40, 0x30, 0x20, 0x20, 0x30, 0x30, 0x20, 0x20,
    0x20, 0x20, 0x20, 0x30, 0x20, 0x20, 0x40, 0x47, 0x47, 0x30, 0x30, 0x40, 0x30, 0x20, 0x20, 0x20,
    0xE0, 0xE0, 0xE0, 0xE0, 0xE0, 0xE0, 0x40, 0x30, 0x40, 0xE0, 0xE0, 0xE0, 0xE0, 0xE0, 0x40, 0x40,
    0x48, 0x40, 0x40, 0xE0, 0xE0, 0xE0, 0x40, 0x40, 0x40, 0xE0, 0xE0, 0xE0, 0xE0, 0xE0, 0x40, 0x40,
    0x20, 0x20, 0x20, 0xB0, 0xB0, 0xB0, 0xC1, 0xC2, 0xC3, 0xC4, 0xCE, 0xCE, 0xAE, 0xAE, 0xBE, 0xBE,
    0xBE, 0xBE, 0xAE, 0xAE, 0xCE, 0xCE, 0xCE, 0xCE, 0xCE, 0xCE, 0xBE, 0xBE, 0xBE, 0x2E, 0x2E, 0x2E,
    0x0E, 0x0E, 0x3E, 0x0E, 0x0E, 0x0E, 0x0E, 0x0E, 0x0E, 0x0E, 0x6E, 0x6E, 0x6E, 0x8E, 0x8E, 0x04,
    0x04, 0x03, 0x02, 0x02, 0x03, 0x03, 0x03, 0x02, 0x01, 0x00, 0x00, 0x00, 0x00, 0x30, 0x80, 0x00,
    0xE0, 0xB1, 0xE2, 0x92, 0x93, 0x94, 0x94, 0x9E, 0x9E, 0x9E, 0x9E, 0x9E, 0x94, 0x94, 0x9E, 0x6E,
    0x7E, 0x8E, 0x7E, 0x8E, 0xEE, 0x8E, 0xEE, 0xEE, 0xEE, 0xEE, 0x8E, 0xEE, 0xEE, 0xEE, 0xEE, 0xEE,
    0xEE, 0xEE, 0xBE, 0xBE, 0xBE, 0x9E, 0x9E, 0x9E, 0x9E, 0x9E, 0x9E, 0x9E, 0x94, 0x94, 0x94, 0x93,
    0x93, 0x93, 0x92, 0x92, 0x93, 0x93, 0x93, 0x94, 0x94, 0x94, 0x93, 0x92, 0x92, 0xE1, 0xB0, 0xE0,
    0x00, 0x00, 0x09, 0x49, 0x01, 0x61, 0x71, 0x22, 0x11, 0x12, 0x13, 0x13, 0x13, 0x13, 0x13, 0x12,
    0x12, 0x12, 0x12, 0x33, 0x23, 0x13, 0x13, 0x83, 0x83, 0x83, 0x73, 0x03, 0x04, 0x04, 0x0E, 0x0E,
    0x0E, 0x0E, 0x0E, 0x5E, 0x6E, 0x7E, 0x84, 0x84, 0xE3, 0xE3, 0xE2, 0xE2, 0x82, 0x83, 0x72, 0x72,
    0x72, 0x71, 0x81, 0x81, 0xE1, 0xE1, 0xE2, 0xE1, 0x81, 0x81, 0x71, 0x69, 0x59, 0x00, 0x00, 0x00,
    0x10, 0x10, 0x30, 0x30, 0x30, 0x20, 0x30, 0x40, 0x40, 0x30, 0x20, 0x20, 0x30, 0x30, 0x20, 0x10,
    0x10, 0x10, 0x20, 0x20, 0x20, 0x20, 0x40, 0x37, 0x37, 0x30, 0x30, 0x30, 0x20, 0x20, 0x10, 0x10,
    0x40, 0xE0, 0xE0, 0xE0, 0xE0, 0xE0, 0x40, 0x40, 0x40, 0xE0, 0xE0, 0xE0, 0xE0, 0xE0, 0x40, 0x30,
    0x38, 0x30, 0x40, 0xE0, 0xE0, 0xE0, 0x48, 0x48, 0x40, 0xE0, 0xE0, 0xE0, 0xE0, 0x40, 0x40, 0x40,
    0x20, 0x20, 0x20, 0xB0, 0xB0, 0xB0, 0xC1, 0xC1, 0xC2, 0xB3, 0xC4, 0xCE, 0xBE, 0xAE, 0xBE, 0xBE,
    0xBE, 0xBE, 0xAE, 0xBE, 0xCE, 0xCE, 0xBE, 0xCE, 0xCE, 0xCE, 0xBE, 0xBE, 0xBE, 0x2E, 0x2E, 0x2E,
    0x0E, 0x0E, 0x3E, 0x0E, 0x0E, 0x0E, 0x0E, 0x0E, 0x0E, 0x7E, 0x7E, 0x0E, 0x0E, 0x0E, 0x84, 0x64,
    0x63, 0x63, 0x02, 0x03, 0x04, 0x03, 0x02, 0x01, 0x01, 0x00, 0x00, 0x00, 0x00, 0x80, 0x80, 0x00,
    0xD0, 0xB0, 0xE1, 0x92, 0x93, 0x94, 0x94, 0x9E, 0x9E, 0x9E, 0x94, 0x94, 0x94, 0x94, 0x9E, 0x6E,
    0x7E, 0x8E, 0x7E, 0xEE, 0xEE, 0x8E, 0xEE, 0xEE, 0xEE, 0xE4, 0xE4, 0xEE, 0xEE, 0xEE, 0xEE, 0xEE,
    0xEE, 0x8E, 0xBE, 0xBE, 0xBE, 0xBE, 0xBE, 0x9E, 0x9E, 0x9E, 0x2E, 0x24, 0x24, 0x94, 0x93, 0x93,
    0x92, 0x92, 0x92, 0x92, 0x93, 0x93, 0x94, 0x94, 0x94, 0x94, 0x93, 0x92, 0x92, 0xE1, 0xB0, 0xD0,
    0x00, 0x00, 0x00, 0xE9, 0xE1, 0x71, 0x21, 0x11, 0x11, 0x12, 0x13, 0x13, 0x13, 0x12, 0x12, 0x12,
    0x13, 0x13, 0x12, 0x12, 0x23, 0x13, 0x13, 0x42, 0x13, 0x43, 0x84, 0x64, 0x04, 0x0E, 0x0E, 0x0E,
    0x0E, 0x0E, 0x0E, 0x5E, 0x6E, 0x7E, 0x84, 0xE4, 0xE3, 0xE3, 0xE3, 0x82, 0x72, 0x72, 0x62, 0x62,
    0x62, 0x61, 0x71, 0x72, 0x81, 0xE1, 0xE1, 0xE1, 0xE1, 0x81, 0x79, 0x69, 0x50, 0x00, 0x00, 0x00,
    0x10, 0x10, 0x30, 0x30, 0x20, 0x20, 0x30, 0x40, 0x40, 0x20, 0x20, 0x20, 0x20, 0x30, 0x10, 0x10,
    0x10, 0x10, 0x10, 0x20, 0x10, 0x20, 0x30, 0x30, 0x30, 0x20, 0x20, 0x30, 0x20, 0x10, 0x10, 0x10,
    0x40, 0x40, 0xE0, 0xE0, 0xE0, 0xE0, 0x40, 0x40, 0x40, 0xE0, 0xE0, 0xE0, 0xE0, 0xE0, 0x30, 0x30,
    0x30, 0x30, 0x40, 0xE0, 0xE0, 0xE0, 0xE8, 0xE8, 0xE0, 0xE0, 0xE0, 0xE0, 0xE0, 0x40, 0x30, 0x30,
    0x20, 0x20, 0x20, 0xB0, 0xB0, 0xB0, 0xC0, 0xC1, 0xC2, 0xA3, 0xC4, 0xCE, 0xDE, 0xBE, 0xBE, 0xBE,
    0xBE, 0xBE, 0xBE, 0xDE, 0xCE, 0xCE, 0xAE, 0xCE, 0xCE, 0xCE, 0xBE, 0xBE, 0xBE, 0x2E, 0x2E, 0x2E,
    0x0E, 0x3E, 0x0E, 0x0E, 0x0E, 0x0E, 0x0E, 0x0E, 0x6E, 0x7E, 0x0E, 0x0E, 0x6E, 0x64, 0xE4, 0x74,
    0x73, 0x73, 0x63, 0x64, 0x04, 0x03, 0x02, 0x01, 0x00, 0x00, 0x00, 0x00, 0x00, 0x80, 0x30, 0x00,
    0xC0, 0xB0, 0xE1, 0x92, 0x93, 0x93, 0x94, 0x9E, 0x9E, 0x9E, 0x94, 0x94, 0x94, 0x64, 0x6E, 0x7E,
    0x8E, 0x8E, 0x8E, 0xEE, 0xEE, 0xEE, 0xEE, 0xEE, 0xE4, 0xE4, 0xEE, 0xEE, 0x8E, 0xEE, 0xEE, 0xEE,
    0x8E, 0xBE, 0xDE, 0xDE, 0xAE, 0xBE, 0xBE, 0xBE, 0x9E, 0x2E, 0x1E, 0x94, 0x24, 0x24, 0x93, 0x92,
    0x92, 0x92, 0x92, 0x92, 0x93, 0x93, 0x94, 0x94, 0x94, 0x93, 0x93, 0x92, 0x91, 0xE0, 0xB0, 0xC0,
    0x00, 0x00, 0x00, 0x09, 0xE9, 0x21, 0x11, 0x11, 0x11, 0x12, 0x12, 0x12, 0x12, 0x11, 0x22, 0x22,
    0x23, 0x22, 0x12, 0x12, 0x23, 0x33, 0x42, 0x43, 0x13, 0x14, 0x74, 0x64, 0x04, 0x0E, 0x0E, 0x0E,
    0x0E, 0x0E, 0x5E, 0x6E, 0x7E, 0x8E, 0xE4, 0xE4, 0xE4, 0xE3, 0x83, 0x72, 0x62, 0x61, 0x51, 0x52,
    0x52, 0x51, 0x62, 0x62, 0x72, 0x81, 0xE1, 0xE1, 0xE1, 0xE9, 0x89, 0x70, 0x60, 0x50, 0x00, 0x00,
    0x10, 0x10, 0x20, 0x30, 0x10, 0x20, 0x30, 0x40, 0x40, 0x20, 0x28, 0x20, 0x20, 0x20, 0x10, 0x10,
    0x10, 0x10, 0x10, 0x20, 0x10, 0x10, 0x30, 0x30, 0x30, 0x20, 0x20, 0x30, 0x20, 0x10, 0x10, 0x10,
    0x30, 0x40, 0xE0, 0xE0, 0xE0, 0xE0, 0xE0, 0xE0, 0xE0, 0xE0, 0xE0, 0xE0, 0xE0, 0xE0, 0x30, 0x30,
    0x30, 0x30, 0x30, 0xE0, 0x40, 0xE0, 0xE0, 0xE0, 0xE0, 0xE0, 0xE0, 0xE0, 0x40, 0x30, 0x30, 0x30,
    0x20, 0x20, 0x20, 0xB0, 0xB0, 0xB0, 0xC0, 0xC1, 0xC2, 0xA3, 0xB4, 0xCE, 0xDE, 0xEE, 0xCE, 0xCE,
    0xCE, 0xCE, 0xEE, 0xDE, 0xCE, 0xBE, 0xAE, 0xCE, 0xCE, 0xCE, 0xBE, 0xBE, 0xBE, 0x2E, 0x2E, 0x2E,
    0x0E, 0x3E, 0x0E, 0x0E, 0x0E, 0x0E, 0x0E, 0x6E, 0x7E, 0x0E, 0x0E, 0x64, 0x74, 0x74, 0xE3, 0x73,
    0x84, 0x74, 0x74, 0x74, 0x63, 0x02, 0x01, 0x01, 0x00, 0x00, 0x00, 0x00, 0x00, 0x80, 0x30, 0x00,
    0xB0, 0xB0, 0xE0, 0x91, 0x92, 0x93, 0x94, 0x94, 0x94, 0x94, 0x93, 0x93, 0x63, 0x73, 0x64, 0x74,
    0x8E, 0x8E, 0xEE, 0xEE, 0xEE, 0xEE, 0xEE, 0xE4, 0xE4, 0xEE, 0xEE, 0x8E, 0x8E, 0x8E, 0xEE, 0xEE,
    0x8E, 0xBE, 0xAE, 0xAE, 0xCE, 0xBE, 0xBE, 0xBE, 0xBE, 0xBE, 0x94, 0x94, 0x34, 0x13, 0x23, 0x92,
    0x92, 0x92, 0x92, 0x93, 0x93, 0x93, 0x93, 0x94, 0x93, 0x93, 0x93, 0x92, 0x91, 0xE0, 0xB0, 0xB0,
    0x00, 0x00, 0x00, 0x60, 0x49, 0x49, 0x11, 0x11, 0x11, 0x12, 0x12, 0x12, 0x21, 0x21, 0x22, 0x32,
    0x32, 0x22, 0x21, 0x22, 0x42, 0x42, 0x22, 0x13, 0x14, 0x14, 0x14, 0x74, 0x64, 0x04, 0x0E, 0x0E,
    0x0E, 0x0E, 0x5E, 0x6E, 0x7E, 0x8E, 0xEE, 0xE4, 0xE4, 0x83, 0x73, 0x63, 0x52, 0x52, 0x02, 0x01,
    0x01, 0x01, 0x51, 0x52, 0x61, 0x71, 0x81, 0xE1, 0xE9, 0xE9, 0x80, 0x70, 0x60, 0x50, 0x00, 0x00,
    0x10, 0x10, 0x20, 0x20, 0x10, 0x10, 0x20, 0x30, 0x30, 0x20, 0x10, 0x10, 0x20, 0x20, 0x10, 0x10,
    0x10, 0x10, 0x10, 0x10, 0x10, 0x10, 0x20, 0x20, 0x20, 0x10, 0x10, 0x20, 0x20, 0x10, 0x10, 0x10,
    0x30, 0x30, 0xE0, 0xE0, 0xE0, 0x40, 0xE0, 0xE0, 0xE0, 0xE0, 0x40, 0x48, 0x40, 0xE0, 0x30, 0x30,
    0x30, 0x30, 0x30, 0x40, 0x40, 0x40, 0xE0, 0xE0, 0xE0, 0xE0, 0xE0, 0xE0, 0x40, 0x30, 0x30, 0x30,
    0x20, 0x20, 0xB0, 0xB0, 0xB0, 0xC0, 0xC0, 0xC1, 0xC2, 0xA2, 0xA3, 0xB4, 0xCE, 0xDE, 0xEE, 0xEE,
    0xEE, 0xEE, 0xDE, 0xCE, 0xBE, 0xAE, 0xAE, 0xCE, 0xCE, 0xCE, 0xCE, 0xBE, 0xBE, 0xBE, 0x2E, 0x2E,
    0x0E, 0x3E, 0x0E, 0x0E, 0x0E, 0x0E, 0x6E, 0x7E, 0x0E, 0x0E, 0x64, 0x74, 0x73, 0x84, 0xE3, 0xE4,
    0x84, 0x8E, 0x84, 0x74, 0x73, 0x62, 0x01, 0x00, 0x00, 0x00, 0x00, 0x00, 0x00, 0x80, 0x30, 0x00,
    0xE0, 0xE0, 0xE0, 0x91, 0x92, 0x92, 0x94, 0x94, 0x34, 0x44, 0x93, 0x93, 0x63, 0x73, 0x64, 0x74,
    0x8E, 0x8E, 0xEE, 0xEE, 0xEE, 0xEE, 0xE4, 0xE4, 0xE4, 0xEE, 0xEE, 0x8E, 0x7E, 0x8E, 0xEE, 0xEE,
    0xBE, 0xCE, 0xCE, 0xCE, 0xCE, 0xCE, 0xBE, 0xCE, 0xBE, 0xBE, 0xB4, 0x14, 0x23, 0x93, 0x32, 0x92,
    0x92, 0x92, 0x92, 0x93, 0x94, 0x93, 0x43, 0x33, 0x93, 0x93, 0x92, 0x92, 0x91, 0xE0, 0xE0, 0xE0,
    0x00, 0x00, 0x00, 0x60, 0x79, 0x49, 0x11, 0x11, 0x11, 0x11, 0x12, 0x21, 0x21, 0x31, 0x31, 0x41,
    0x42, 0x32, 0x31, 0x21, 0xE2, 0x12, 0x23, 0x23, 0x14, 0x14, 0x14, 0x74, 0x64, 0x04, 0x04, 0x0E,
    0x0E, 0x5E, 0x6E, 0x7E, 0x8E, 0xEE, 0xE4, 0xE4, 0x84, 0x73, 0x63, 0x53, 0x03, 0x02, 0x02, 0x01,
    0x01, 0x01, 0x01, 0x01, 0x51, 0x61, 0x71, 0x89, 0xE9, 0xE0, 0xE0, 0x80, 0x70, 0x60, 0x50, 0x00,
    0x10, 0x10, 0x10, 0x20, 0x10, 0x10, 0x20, 0x30, 0x20, 0x20, 0x10, 0x10, 0x20, 0x20, 0x10, 0x10,
    0x10, 0x10, 0x10, 0x18, 0x10, 0x10, 0x20, 0x20, 0x20, 0x10, 0x10, 0x20, 0x10, 0x10, 0x10, 0x10,
    0x20, 0x30, 0xE0, 0xE0, 0x40, 0x40, 0x40, 0xE0, 0xE0, 0x40, 0x40, 0x40, 0x40, 0x40, 0x30, 0x20,
    0x20, 0x20, 0x30, 0x40, 0x30, 0x40, 0xE0, 0xE0, 0xE0, 0x40, 0x40, 0xE0, 0x40, 0x30, 0x20, 0x20,
    0x20, 0x20, 0xB0, 0xB0, 0xB0, 0xC0, 0xC0, 0xC1, 0xC1, 0xB2, 0xA3, 0xA4, 0xBE, 0xCE, 0xDE, 0xDE,
    0xDE, 0xDE, 0xCE, 0xBE, 0xA4, 0xAE, 0xBE, 0xCE, 0xCE, 0xCE, 0xCE, 0xBE, 0xBE, 0xBE, 0x2E, 0x2E,
    0x3E, 0x0E, 0x0E, 0x0E, 0x0E, 0x0E, 0x7E, 0x0E, 0x0E, 0x6E, 0x74, 0x73, 0x83, 0xE3, 0xE4, 0xE4,
    0xEE, 0xEE, 0x84, 0x84, 0x72, 0x71, 0x61, 0x00, 0x00, 0x00, 0x00, 0x00, 0x80, 0x00, 0x00, 0x30,
    0xE0, 0xE0, 0xE0, 0x90, 0x91, 0x92, 0x93, 0x93, 0x33, 0x43, 0x32, 0x12, 0x63, 0x63, 0x73, 0x73,
    0x74, 0x84, 0x84, 0xE4, 0xE4, 0x84, 0xE4, 0xE3, 0xE4, 0xEE, 0x8E, 0x7E, 0x7E, 0x8E, 0xEE, 0xEE,
    0x8E, 0xEE, 0xEE, 0xBE, 0xDE, 0xCE, 0xBE, 0xCE, 0xCE, 0xCE, 0xBE, 0xB4, 0x94, 0x23, 0x12, 0x92,
    0x92, 0x92, 0x93, 0x93, 0x14, 0x34, 0x43, 0x33, 0x93, 0x93, 0x92, 0x91, 0x90, 0xE0, 0xE0, 0xE0,
    0x00, 0x00, 0x60, 0x70, 0x19, 0x49, 0x21, 0x11, 0x11, 0x11, 0x21, 0x21, 0x31, 0x41, 0x41, 0xE1,
    0xE1, 0xE1, 0xE1, 0xE1, 0x22, 0x23, 0x13, 0x23, 0x33, 0x14, 0x14, 0x14, 0x73, 0x64, 0x04, 0x04,
    0x0E, 0x5E, 0x6E, 0x7E, 0x84, 0xEE, 0xE4, 0x84, 0x74, 0x64, 0x53, 0x03, 0x03, 0x03, 0x02, 0x02,
    0x01, 0x01, 0x01, 0x01, 0x01, 0x51, 0x69, 0x79, 0x80, 0xE0, 0xE0, 0x80, 0x70, 0x60, 0x50, 0x00,
    0x10, 0x10, 0x10, 0x10, 0x10, 0x10, 0x20, 0x20, 0x20, 0x20, 0x10, 0x10, 0x10, 0x10, 0x10, 0x10,
    0x10, 0x10, 0x10, 0x10, 0x10, 0x10, 0x20, 0x20, 0x20, 0x10, 0x10, 0x10, 0x10, 0x10, 0x10, 0x10,
    0x20, 0x20, 0x40, 0x40, 0x40, 0x30, 0x40, 0xE0, 0xE0, 0x40, 0x30, 0x30, 0x40, 0x40, 0x20, 0x20,
    0x20, 0x20, 0x28, 0x40, 0x30, 0x30, 0xE0, 0xE0, 0xE0, 0x40, 0x40, 0xE0, 0x30, 0x20, 0x20, 0x20,
    0x20, 0x20, 0xB0, 0xB0, 0xB0, 0xC0, 0xC0, 0xC0, 0xC1, 0xB2, 0xA2, 0xA3, 0xA4, 0xAE, 0xBE, 0xBE,
    0xBE, 0xBE, 0xA4, 0xAE, 0xA4, 0xA4, 0xB4, 0xCE, 0xCE, 0xCE, 0xCE, 0xBE, 0xBE, 0xBE, 0x2E, 0x2E,
    0x4E, 0x0E, 0x0E, 0x0E, 0x0E, 0x7E, 0x7E, 0x0E, 0x0E, 0x6E, 0x74, 0x84, 0x83, 0xE3, 0xE4, 0xE4,
    0xEE, 0xE4, 0xE4, 0x84, 0x82, 0x71, 0x60, 0x00, 0x00, 0x00, 0x00, 0x00, 0x80, 0x00, 0x00, 0x40,
    0xE0, 0xE0, 0xE0, 0x90, 0x91, 0x92, 0x92, 0x93, 0x23, 0x43, 0x42, 0x32, 0x13, 0x53, 0x73, 0x73,
    0x74, 0x84, 0x84, 0xE4, 0xE4, 0x84, 0xE3, 0xE3, 0xE4, 0x84, 0x8E, 0x7E, 0x6E, 0x7E, 0xEE, 0xEE,
    0xEE, 0xBE, 0xCE, 0xCE, 0xBE, 0xDE, 0xBE, 0xCE, 0xCE, 0x9E, 0xEE, 0xB4, 0xB4, 0x13, 0x93, 0x92,
    0x92, 0x93, 0x93, 0x14, 0x34, 0x44, 0x43, 0x23, 0x93, 0x92, 0x92, 0x91, 0x90, 0xE0, 0xE0, 0xE0,
    0x00, 0x00, 0x60, 0x70, 0x19, 0x49, 0x41, 0x11, 0x11, 0x11, 0x21, 0x31, 0x41, 0x42, 0xE1, 0xE1,
    0xE1, 0xE1, 0xE1, 0xE2, 0x32, 0x23, 0x13, 0x13, 0x23, 0x33, 0x24, 0x13, 0x73, 0x64, 0x04, 0x04,
    0x04, 0x5E, 0x6E, 0x74, 0x84, 0xE4, 0xE4, 0x84, 0x74, 0x64, 0x54, 0x03, 0x03, 0x03, 0x02, 0x02,
    0x01, 0x01, 0x01, 0x01, 0x01, 0x51, 0x69, 0x79, 0x80, 0xE0, 0xE0, 0x80, 0x70, 0x60, 0x50, 0x00,
    0x10, 0x10, 0x10, 0x10, 0x10, 0x10, 0x20, 0x20, 0x20, 0x20, 0x10, 0x10, 0x10, 0x10, 0x10, 0x10,
    0x1E, 0x10, 0x10, 0x10, 0x10, 0x10, 0x10, 0x20, 0x10, 0x10, 0x10, 0x10, 0x10, 0x10, 0x10, 0x10,
    0x20, 0x20, 0x40, 0x40, 0x30, 0x30, 0x30, 0xE0, 0x40, 0x40, 0x30, 0x30, 0x40, 0x40, 0x20, 0x20,
    0x20, 0x20, 0x20, 0x30, 0x20, 0x30, 0xE0, 0x40, 0x40, 0x30, 0x30, 0x40, 0x30, 0x20, 0x20, 0x20,
    0x20, 0xB0, 0xB0, 0xB0, 0xC0, 0xC0, 0xC0, 0xC0, 0xC0, 0xC1, 0xB1, 0xA2, 0xA3, 0xA4, 0xAE, 0xAE,
    0xA4, 0xAE, 0xA4, 0xA4, 0xA3, 0xB3, 0xC4, 0xC4, 0xCE, 0xCE, 0xCE, 0xCE, 0xBE, 0xBE, 0xBE, 0x2E,
    0x4E, 0x0E, 0x0E, 0x0E, 0x0E, 0x7E, 0x0E, 0x0E, 0x6E, 0x7E, 0x7E, 0x84, 0xE3, 0xE3, 0xE3, 0xE4,
    0xE4, 0xE4, 0xE3, 0x83, 0x82, 0x71, 0x70, 0x60, 0x00, 0x00, 0x00, 0x00, 0x80, 0x00, 0x00, 0x40,
    0xE0, 0xE0, 0xE0, 0x90, 0x90, 0x91, 0x92, 0x92, 0x92, 0x32, 0x43, 0x43, 0x34, 0x14, 0x64, 0x74,
    0x74, 0x74, 0x84, 0x84, 0xE3, 0x83, 0x83, 0xE3, 0xE4, 0x84, 0x74, 0x64, 0x3E, 0x6E, 0x8E, 0xEE,
    0xEE, 0x6E, 0xEE, 0xEE, 0xAE, 0xDE, 0xBE, 0xDE, 0xDE, 0xA4, 0x9E, 0xE4, 0xB4, 0x94, 0x93, 0x93,
    0x93, 0x93, 0x14, 0x34, 0x44, 0x44, 0x33, 0x93, 0x93, 0x92, 0x91, 0x90, 0x90, 0xE0, 0xE0, 0xE0,
    0x00, 0x00, 0x60, 0x70, 0x10, 0x19, 0x49, 0x11, 0x11, 0x21, 0x21, 0x41, 0x42, 0xE2, 0xE2, 0xE1,
    0xE1, 0xE1, 0xE2, 0xE2, 0x32, 0x22, 0x23, 0x13, 0x13, 0x23, 0x33, 0x23, 0x74, 0x64, 0x04, 0x03,
    0x54, 0x64, 0x74, 0x84, 0xE4, 0xE4, 0x84, 0x74, 0x64, 0x54, 0x03, 0x03, 0x03, 0x03, 0x03, 0x02,
    0x02, 0x01, 0x01, 0x01, 0x01, 0x09, 0x59, 0x60, 0x70, 0x80, 0xE0, 0xE0, 0x80, 0x70, 0x60, 0x50,
    0x10, 0x10, 0x10, 0x10, 0x10, 0x10, 0x20, 0x28, 0x28, 0x20, 0x10, 0x10, 0x10, 0x10, 0x10, 0x10,
    0x10, 0x10, 0x10, 0x10, 0x10, 0x18, 0x18, 0x10, 0x10, 0x10, 0x10, 0x10, 0x10, 0x17, 0x17, 0x17,
    0x17, 0x27, 0x47, 0x40, 0x30, 0x20, 0x30, 0x40, 0x40, 0x38, 0x28, 0x20, 0x30, 0x30, 0x20, 0x20,
    0x20, 0x20, 0x28, 0x38, 0x20, 0x20, 0x40, 0x40, 0x40, 0x30, 0x30, 0x47, 0x37, 0x27, 0x20, 0x20,
    0x20, 0xB0, 0xB0, 0xB0, 0xC0, 0xC0, 0xC0, 0xC0, 0xC0, 0xC0, 0xC1, 0xB2, 0xB2, 0xA3, 0xA4, 0xA4,
    0xA4, 0xA4, 0xA3, 0xB3, 0xB3, 0xC3, 0xC3, 0xC4, 0xC4, 0xCE, 0xCE, 0xCE, 0xBE, 0xBE, 0xBE, 0x2E,
    0xEE, 0x0E, 0x0E, 0x0E, 0x7E, 0x7E, 0x0E, 0x0E, 0x6E, 0x7E, 0x8E, 0x84, 0xE3, 0xE3, 0xE3, 0xE3,
    0xE4, 0xE4, 0xE3, 0xE2, 0x82, 0x81, 0x70, 0x60, 0x00, 0x00, 0x00, 0x80, 0x00, 0x00, 0x00, 0xE0,
    0xE0, 0xE0, 0xE0, 0x90, 0x90, 0x90, 0x91, 0x92, 0x92, 0x12, 0x33, 0x43, 0x43, 0x23, 0x54, 0x64,
    0x74, 0x74, 0x74, 0x73, 0x73, 0x73, 0x82, 0x83, 0x83, 0x74, 0x64, 0x34, 0x4E, 0x3E, 0x6E, 0xEE,
    0x6E, 0xCE, 0xAE, 0xAE, 0xDE, 0xDE, 0xBE, 0xDE, 0xEE, 0xE4, 0xA4, 0x94, 0xB4, 0xB4, 0x93, 0x93,
    0x92, 0x93, 0x24, 0x44, 0x44, 0x33, 0x13, 0x93, 0x92, 0x92, 0x91, 0x90, 0x90, 0xE0, 0xE0, 0xE0,
    0x00, 0x00, 0x60, 0x70, 0x10, 0x19, 0x49, 0x19, 0x11, 0x21, 0x31, 0x41, 0xE1, 0xE2, 0xE1, 0xE1,
    0xE1, 0xE1, 0xE2, 0xE1, 0x41, 0x32, 0x22, 0x12, 0x13, 0x13, 0x22, 0x23, 0x74, 0x64, 0x03, 0x03,
    0x53, 0x64, 0x74, 0x84, 0xE4, 0xE4, 0x83, 0x74, 0x64, 0x54, 0x04, 0x03, 0x03, 0x03, 0x03, 0x02,
    0x02, 0x01, 0x01, 0x01, 0x09, 0x09, 0x59, 0x60, 0x70, 0x80, 0xE0, 0xE0, 0x80, 0x70, 0x60, 0x50,
    0x10, 0x10, 0x10, 0x10, 0x10, 0x10, 0x20, 0x28, 0x28, 0x20, 0x10, 0x10, 0x10, 0x10, 0x10, 0x10,
    0x10, 0x10, 0x10, 0x10, 0x10, 0x18, 0x18, 0x20, 0x10, 0x10, 0x10, 0x10, 0x10, 0x17, 0x17, 0x17,
    0x17, 0x17, 0x37, 0x30, 0x30, 0x20, 0x30, 0x40, 0x40, 0x38, 0x28, 0x20, 0x30, 0x30, 0x20, 0x10,
    0x10, 0x10, 0x28, 0x28, 0x20, 0x20, 0x40, 0x30, 0x30, 0x30, 0x30, 0x37, 0x27, 0x27, 0x10, 0x10,
    0x20, 0xB0, 0xB0, 0xB0, 0xC0, 0xC0, 0xC0, 0xC0, 0xC0, 0xC0, 0xC1, 0xC1, 0xC2, 0xB3, 0xB3, 0xB4,
    0xB4, 0xB3, 0xB3, 0xC2, 0xC2, 0xC2, 0xC3, 0xC3, 0xC4, 0xC4, 0xCE, 0xCE, 0xBE, 0xBE, 0xBE, 0x2E,
    0xEE, 0x0E, 0x0E, 0x6E, 0x7E, 0x0E, 0x0E, 0x0E, 0x6E, 0x7E, 0x8E, 0x84, 0xE4, 0xE3, 0xE2, 0xE2,
    0xE3, 0xE3, 0xE2, 0xE2, 0x81, 0x81, 0x70, 0x60, 0x00, 0x00, 0x00, 0x80, 0x00, 0x00, 0x00, 0xE0,
    0xE0, 0xE0, 0xE0, 0x90, 0x90, 0x90, 0x91, 0x91, 0x92, 0x92, 0x12, 0x32, 0x42, 0x33, 0x13, 0x54,
    0x64, 0x54, 0xE3, 0xE3, 0xE3, 0x83, 0x72, 0x82, 0x73, 0x63, 0x34, 0x44, 0xE4, 0x4E, 0x6E, 0x8E,
    0x6E, 0xCE, 0xDE, 0xEE, 0xE4, 0xD4, 0xBE, 0xDE, 0xEE, 0xEE, 0xE4, 0xA4, 0xC4, 0xB3, 0x93, 0x93,
    0x92, 0x12, 0x33, 0x43, 0x33, 0x13, 0x93, 0x92, 0x92, 0x91, 0x90, 0x90, 0x90, 0xE0, 0xE0, 0xE0,
    0x00, 0x00, 0x60, 0x80, 0x20, 0x10, 0x49, 0x49, 0x49, 0x49, 0xE1, 0xE1, 0xE1, 0xE1, 0xE1, 0xE1,
    0xE1, 0xE1, 0xE1, 0xE1, 0x42, 0x32, 0x22, 0x12, 0x12, 0x12, 0x12, 0x23, 0x73, 0x64, 0x03, 0x03,
    0x53, 0x64, 0x74, 0x84, 0xE3, 0xE3, 0x83, 0x73, 0x64, 0x54, 0x03, 0x03, 0x03, 0x03, 0x03, 0x02,
    0x02, 0x01, 0x01, 0x01, 0x09, 0x01, 0x59, 0x69, 0x70, 0x80, 0xE0, 0xE0, 0x80, 0x70, 0x60, 0x50,
    0x10, 0x10, 0x10, 0x10, 0x10, 0x10, 0x10, 0x20, 0x20, 0x10, 0x10, 0x10, 0x10, 0x10, 0x10, 0x10,
    0x10, 0x10, 0x10, 0x10, 0x10, 0x10, 0x10, 0x10, 0x10, 0x10, 0x10, 0x10, 0x10, 0x10, 0x10, 0x10,
    0x10, 0x10, 0x30, 0x30, 0x20, 0x20, 0x30, 0x40, 0x40, 0x20, 0x20, 0x20, 0x20, 0x30, 0x10, 0x1E,
    0x1E, 0x10, 0x10, 0x20, 0x10, 0x20, 0x30, 0x30, 0x30, 0x20, 0x20, 0x30, 0x20, 0x10, 0x10, 0x10,
    0x20, 0xB0, 0xB0, 0xB0, 0xC0, 0xC0, 0xC0, 0xC0, 0xC0, 0xC0, 0xC0, 0xC1, 0xC2, 0xC2, 0xC3, 0xC3,
    0xC3, 0xC3, 0xC2, 0xC2, 0xC2, 0xC2, 0xC2, 0xC3, 0xC3, 0xC4, 0xCE, 0xCE, 0xBE, 0xBE, 0xBE, 0x2E,
    0x4E, 0x0E, 0x0E, 0x7E, 0x0E, 0x0E, 0x0E, 0x0E, 0x6E, 0x7E, 0x7E, 0x8E, 0xE4, 0xE4, 0xE3, 0xE2,
    0xE2, 0xE2, 0xE2, 0xE1, 0xE1, 0xE0, 0x70, 0x60, 0x00, 0x00, 0x80, 0x80, 0x00, 0x00, 0x00, 0x40,
    0xE0, 0xE0, 0xE0, 0x90, 0x90, 0x90, 0x90, 0x91, 0x92, 0x92, 0x12, 0x12, 0x32, 0x42, 0x23, 0x53,
    0x54, 0xE3, 0x83, 0xE3, 0xE3, 0xE2, 0x82, 0x72, 0x62, 0x33, 0x43, 0xE4, 0xE4, 0xEE, 0x3E, 0x6E,
    0xAE, 0xCE, 0xDE, 0x2E, 0x24, 0xD4, 0xBE, 0xCE, 0xEE, 0xEE, 0xE4, 0xC4, 0xD3, 0xB3, 0xA3, 0xB3,
    0x93, 0x22, 0x42, 0x33, 0x13, 0x13, 0x92, 0x92, 0x91, 0x91, 0x90, 0x90, 0x90, 0xE0, 0xE0, 0xE0,
    0x00, 0x00, 0x70, 0x80, 0x40, 0x10, 0x40, 0x39, 0xE9, 0x49, 0x39, 0x41, 0x41, 0xE1, 0xE1, 0xE1,
    0xE1, 0xE1, 0xE1, 0x41, 0x32, 0x22, 0x21, 0x12, 0x12, 0x12, 0x13, 0x23, 0x74, 0x64, 0x04, 0x03,
    0x54, 0x64, 0x74, 0x83, 0xE3, 0xE3, 0x83, 0x73, 0x63, 0x53, 0x03, 0x03, 0x03, 0x03, 0x02, 0x02,
    0x02, 0x02, 0x01, 0x01, 0x01, 0x01, 0x51, 0x69, 0x70, 0x80, 0xE0, 0xE0, 0x80, 0x70, 0x60, 0x50,
    0x10, 0x10, 0x10, 0x10, 0x10, 0x10, 0x10, 0x10, 0x10, 0x10, 0x10, 0x10, 0x10, 0x10, 0x10, 0x20,
    0x20, 0x10, 0x10, 0x10, 0x10, 0x10, 0x10, 0x10, 0x10, 0x10, 0x10, 0x10, 0x10, 0x10, 0x10, 0x10,
    0x10, 0x10, 0x20, 0x30, 0x10, 0x20, 0x30, 0x40, 0x40, 0x20, 0x20, 0x20, 0x20, 0x20, 0x10, 0x10,
    0x10, 0x10, 0x10, 0x20, 0x10, 0x10, 0x30, 0x30, 0x30, 0x20, 0x20, 0x30, 0x20, 0x10, 0x10, 0x10,
    0xB0, 0xB0, 0xB0, 0xC0, 0xC0, 0xC0, 0xC0, 0xD0, 0xD0, 0xD0, 0xD0, 0xD0, 0xC1, 0xC2, 0xC2, 0xC3,
    0xC3, 0xC2, 0xC2, 0xC2, 0xD2, 0xD3, 0xD2, 0xD2, 0xD3, 0xC4, 0xC4, 0xCE, 0xCE, 0xBE, 0xBE, 0xBE,
    0x4E, 0x0E, 0x7E, 0x7E, 0x0E, 0x0E, 0x0E, 0x0E, 0x0E, 0x6E, 0x7E, 0x8E, 0xEE, 0xE4, 0xE4, 0xE3,
    0xE2, 0xE1, 0xE1, 0x81, 0x81, 0xE0, 0x80, 0x80, 0x80, 0x00, 0x80, 0x00, 0x00, 0x00, 0x00, 0x40,
    0xE0, 0xE0, 0xE0, 0x90, 0x90, 0x90, 0x90, 0x90, 0x91, 0x92, 0x93, 0x13, 0x12, 0x32, 0x33, 0x13,
    0x83, 0x63, 0x72, 0x82, 0xE2, 0xE2, 0xE2, 0x82, 0x72, 0x22, 0x33, 0x43, 0x43, 0xE4, 0x4E, 0x3E,
    0xAE, 0xCE, 0x2E, 0x3E, 0x2E, 0xDE, 0xC4, 0xBE, 0xE4, 0xC4, 0xC4, 0xC3, 0xD3, 0xA3, 0xB3, 0xD3,
    0xA3, 0x32, 0x32, 0x12, 0x13, 0x92, 0x92, 0x92, 0x91, 0x90, 0x90, 0x90, 0x90, 0xE0, 0xE0, 0xE0,
    0x00, 0x00, 0x70, 0x80, 0x40, 0x40, 0x30, 0x10, 0xE9, 0x49, 0x29, 0x31, 0x41, 0x41, 0xE1, 0xE1,
    0xE1, 0xE1, 0x41, 0x41, 0x31, 0x22, 0x11, 0x11, 0x12, 0x13, 0x13, 0x13, 0x74, 0x64, 0x04, 0x04,
    0x04, 0x54, 0x63, 0x73, 0x83, 0xE3, 0xE2, 0x82, 0x73, 0x63, 0x53, 0x03, 0x03, 0x02, 0x02, 0x02,
    0x02, 0x02, 0x01, 0x01, 0x01, 0x51, 0x61, 0x79, 0x89, 0xE0, 0xE0, 0x80, 0x70, 0x60, 0x50, 0x00,
    0x10, 0x10, 0x10, 0x10, 0x10, 0x20, 0x10, 0x10, 0x10, 0x10, 0x10, 0x10, 0x10, 0x10, 0x20, 0x28,
    0x28, 0x20, 0x10, 0x10, 0x10, 0x20, 0x10, 0x10, 0x10, 0x10, 0x10, 0x10, 0x10, 0x20, 0x20, 0x10,
    0x10, 0x10, 0x20, 0x20, 0x10, 0x10, 0x20, 0x30, 0x30, 0x20, 0x10, 0x10, 0x28, 0x20, 0x10, 0x10,
    0x10, 0x10, 0x10, 0x10, 0x10, 0x10, 0x20, 0x20, 0x20, 0x10, 0x10, 0x20, 0x20, 0x10, 0x10, 0x10,
    0xB0, 0xB0, 0xB0, 0xC0, 0xC0, 0xC0, 0xD0, 0xE0, 0xE0, 0xE0, 0xE0, 0xE0, 0xD0, 0xC1, 0xC2, 0xC2,
    0xC2, 0xC2, 0xC2, 0xD2, 0xE3, 0xE3, 0xE3, 0xE3, 0xE3, 0xD4, 0xC4, 0xC4, 0xCE, 0xBE, 0xBE, 0xBE,
    0x3E, 0x0E, 0x7E, 0x0E, 0x0E, 0x0E, 0x0E, 0x0E, 0x0E, 0x6E, 0x7E, 0x7E, 0xE4, 0xE4, 0xE3, 0xE3,
    0xE2, 0xE1, 0x81, 0x81, 0x70, 0x70, 0x60, 0x00, 0x80, 0x80, 0x00, 0x00, 0x00, 0x00, 0x40, 0x30,
    0xE0, 0xE0, 0xE0, 0x90, 0x90, 0x90, 0x90, 0x90, 0x90, 0x91, 0x92, 0x13, 0x12, 0x12, 0x33, 0x23,
    0x13, 0x72, 0xE2, 0xE2, 0xE2, 0xE2, 0xE3, 0xE3, 0x82, 0x82, 0x22, 0x23, 0x34, 0x44, 0xEE, 0x4E,
    0x2E, 0x2E, 0x3E, 0x2E, 0xEE, 0xDE, 0xD4, 0xA4, 0xE4, 0xC4, 0xE3, 0xE3, 0xD3, 0xA3, 0xC4, 0xC3,
    0xA3, 0x33, 0x12, 0x12, 0x12, 0x92, 0x92, 0x91, 0x91, 0x90, 0x90, 0x90, 0x90, 0xE0, 0xE0, 0xE0,
    0x00, 0x00, 0x60, 0x80, 0x20, 0x20, 0x10, 0x10, 0x19, 0xE9, 0x21, 0x21, 0x31, 0x41, 0x41, 0x41,
    0xE1, 0x41, 0x42, 0x32, 0x22, 0x22, 0x12, 0x12, 0x12, 0x12, 0x13, 0x13, 0x73, 0x64, 0x04, 0x04,
    0x04, 0x54, 0x63, 0x73, 0x82, 0xE2, 0xE2, 0x82, 0x72, 0x62, 0x53, 0x03, 0x02, 0x02, 0x02, 0x02,
    0x02, 0x02, 0x01, 0x01, 0x01, 0x51, 0x61, 0x79, 0x89, 0xE9, 0xE0, 0x80, 0x70, 0x60, 0x50, 0x00,
    0x10, 0x10, 0x10, 0x10, 0x20, 0x20, 0x10, 0x10, 0x10, 0x10, 0x10, 0x18, 0x10, 0x10, 0x20, 0x28,
    0x28, 0x20, 0x10, 0x10, 0x20, 0x20, 0x10, 0x10, 0x10, 0x10, 0x20, 0x20, 0x10, 0x20, 0x20, 0x10,
    0x10, 0x10, 0x10, 0x20, 0x10, 0x10, 0x20, 0x30, 0x20, 0x20, 0x10, 0x10, 0x20, 0x20, 0x10, 0x10,
    0x10, 0x10, 0x10, 0x10, 0x10, 0x10, 0x20, 0x20, 0x20, 0x10, 0x10, 0x20, 0x10, 0x10, 0x10, 0x10,
    0xB0, 0xB0, 0xB0, 0xC0, 0xC0, 0xD0, 0xE0, 0xC0, 0xC0, 0xC0, 0xC0, 0xC0, 0xE0, 0xD0, 0xC1, 0xC1,
    0xC1, 0xC1, 0xD2, 0xE3, 0xC3, 0xC4, 0xC4, 0xC3, 0xC3, 0xE3, 0xD4, 0xC4, 0xCE, 0xBE, 0xBE, 0xBE,
    0x0E, 0x3E, 0x7E, 0x0E, 0x0E, 0x0E, 0x0E, 0x0E, 0x0E, 0x04, 0x74, 0x84, 0xE3, 0xE3, 0xE2, 0xE2,
    0x81, 0x81, 0x81, 0x70, 0x70, 0x60, 0x00, 0x00, 0x80, 0x00, 0x80, 0x00, 0x00, 0x40, 0x40, 0x00,
    0xE0, 0xE0, 0xE0, 0x90, 0x90, 0x90, 0x90, 0x90, 0x90, 0x90, 0x91, 0x92, 0x12, 0x12, 0x32, 0x32,
    0x12, 0xE2, 0x82, 0x73, 0x73, 0x83, 0xE4, 0xE4, 0xE3, 0xE2, 0xE3, 0x83, 0x24, 0x3E, 0x4E, 0xEE,
    0x1E, 0x2E, 0x2E, 0xDE, 0x2E, 0x2E, 0xD4, 0xA4, 0xD4, 0xB3, 0xD2, 0xD2, 0xB3, 0xA4, 0xA4, 0xA4,
    0xA3, 0x22, 0x11, 0x12, 0x92, 0x92, 0x91, 0x91, 0x90, 0x90, 0x90, 0x90, 0x90, 0xE0, 0xE0, 0xE0,
    0x00, 0x00, 0x00, 0x60, 0x70, 0x10, 0x10, 0x10, 0x10, 0xE9, 0x19, 0x21, 0x21, 0x31, 0x31, 0x41,
    0xE1, 0x32, 0x31, 0x22, 0x22, 0x12, 0x13, 0x13, 0x13, 0x12, 0x12, 0x73, 0x63, 0x33, 0x04, 0x04,
    0x03, 0x53, 0x63, 0x72, 0x82, 0xE2, 0xE2, 0xE2, 0x82, 0x72, 0x62, 0x52, 0x02, 0x01, 0x02, 0x02,
    0x02, 0x02, 0x01, 0x01, 0x59, 0x61, 0x79, 0x89, 0xE9, 0xE9, 0xE0, 0x80, 0x70, 0x60, 0x50, 0x00,
    0x10, 0x10, 0x10, 0x10, 0x20, 0x20, 0x10, 0x10, 0x10, 0x20, 0x20, 0x10, 0x10, 0x10, 0x20, 0x30,
    0x30, 0x20, 0x10, 0x10, 0x20, 0x20, 0x10, 0x10, 0x10, 0x20, 0x20, 0x20, 0x20, 0x30, 0x20, 0x10,
    0x10, 0x10, 0x10, 0x10, 0x10, 0x10, 0x20, 0x20, 0x20, 0x20, 0x10, 0x10, 0x10, 0x10, 0x10, 0x10,
    0x10, 0x10, 0x10, 0x10, 0x10, 0x18, 0x20, 0x20, 0x20, 0x10, 0x10, 0x10, 0x10, 0x10, 0x10, 0x10,
    0xB0, 0xB0, 0xB0, 0xC0, 0xC0, 0xE0, 0xC0, 0xB0, 0xA0, 0xA0, 0xA0, 0xB0, 0xC0, 0xE0, 0xC0, 0xC1,
    0xC1, 0xC1, 0xE2, 0xC3, 0xB4, 0xAE, 0xAE, 0xA4, 0xB3, 0xC3, 0xE4, 0xC4, 0xCE, 0xBE, 0xBE, 0xBE,
    0x0E, 0x3E, 0x0E, 0x0E, 0x0E, 0x0E, 0x0E, 0x04, 0x84, 0x84, 0x83, 0xE3, 0xE2, 0x72, 0x71, 0x81,
    0x81, 0x71, 0x70, 0x70, 0x60, 0x00, 0x00, 0x80, 0x00, 0x00, 0x80, 0x80, 0x80, 0x40, 0x30, 0x00,
    0xB0, 0xB0, 0xE0, 0x90, 0x90, 0x90, 0x90, 0x90, 0x90, 0x90, 0x90, 0x91, 0x92, 0x21, 0x12, 0x32,
    0x12, 0x82, 0x63, 0x63, 0x83, 0xE3, 0xE4, 0xE4, 0xE3, 0xE3, 0xE3, 0xE4, 0x24, 0x3E, 0x3E, 0x3E,
    0xAE, 0xBE, 0xCE, 0x2E, 0x3E, 0x2E, 0xD4, 0xC4, 0xA3, 0xB2, 0xA2, 0xA2, 0xA3, 0xA4, 0xC4, 0xC4,
    0xA3, 0x22, 0x21, 0x12, 0x92, 0x92, 0x91, 0x91, 0x90, 0x90, 0x90, 0x90, 0x90, 0xE0, 0xB0, 0xB0,
    0x00, 0x00, 0x00, 0x60, 0x70, 0x10, 0x10, 0x10, 0x10, 0xE0, 0x49, 0x19, 0x21, 0x21, 0x21, 0x31,
    0xE1, 0x21, 0x22, 0x21, 0x12, 0x13, 0x13, 0x13, 0x13, 0x13, 0x13, 0x73, 0x63, 0x33, 0x03, 0x03,
    0x03, 0x03, 0x52, 0x63, 0x72, 0x82, 0xE2, 0xE1, 0xE2, 0x82, 0x72, 0x62, 0x52, 0x52, 0x01, 0x02,
    0x02, 0x01, 0x51, 0x51, 0x69, 0x79, 0x89, 0xE9, 0xE9, 0xE0, 0x80, 0x70, 0x60, 0x50, 0x00, 0x00,
    0x10, 0x10, 0x10, 0x10, 0x20, 0x20, 0x10, 0x10, 0x10, 0x20, 0x20, 0x10, 0x10, 0x10, 0x20, 0x30,
    0x30, 0x20, 0x20, 0x20, 0x30, 0x20, 0x18, 0x18, 0x10, 0x20, 0x30, 0x30, 0x20, 0x30, 0x20, 0x10,
    0x10, 0x10, 0x10, 0x10, 0x10, 0x10, 0x20, 0x20, 0x20, 0x20, 0x10, 0x10, 0x10, 0x10, 0x10, 0x10,
    0x10, 0x10, 0x10, 0x10, 0x10, 0x10, 0x10, 0x20, 0x10, 0x10, 0x10, 0x10, 0x10, 0x10, 0x10, 0x10,
    0xB0, 0xB0, 0xB0, 0xC0, 0xC0, 0xD0, 0xC0, 0xA0, 0xB0, 0xB0, 0xB0, 0xA0, 0xC0, 0xD0, 0xC0, 0xC0,
    0xC1, 0xC1, 0xD2, 0xC2, 0xA3, 0xB4, 0xB4, 0xB4, 0xA3, 0xC2, 0xD4, 0xC4, 0xCE, 0xBE, 0xBE, 0xBE,
    0x0E, 0x3E, 0x0E, 0x0E, 0x0E, 0x0E, 0x04, 0x04, 0x84, 0x03, 0x02, 0x02, 0x61, 0x61, 0x70, 0x70,
    0x70, 0x70, 0x60, 0x60, 0x00, 0x00, 0x80, 0x00, 0x00, 0x00, 0x00, 0x00, 0x00, 0x00, 0x30, 0x00,
    0xC0, 0xB0, 0xE0, 0x90, 0x90, 0x90, 0x90, 0x90, 0x90, 0x90, 0x90, 0x90, 0x21, 0x41, 0x21, 0x32,
    0x21, 0x62, 0x53, 0x83, 0x74, 0x14, 0x14, 0x14, 0x73, 0x83, 0xE4, 0xE4, 0xE4, 0x2E, 0x4E, 0x3E,
    0x2E, 0x2E, 0x2E, 0x3E, 0x2E, 0xEE, 0xD4, 0xC4, 0xA3, 0xD2, 0xC2, 0xB3, 0xA3, 0xD3, 0xE4, 0xD3,
    0xA2, 0x22, 0x41, 0x21, 0x92, 0x91, 0x91, 0x90, 0x90, 0x90, 0x90, 0x90, 0x90, 0xE0, 0xB0, 0xC0,
    0x00, 0x00, 0x00, 0x00, 0x60, 0x70, 0x10, 0x10, 0x10, 0x20, 0xE9, 0x19, 0x11, 0x11, 0x21, 0x21,
    0xE1, 0x22, 0x11, 0x12, 0x11, 0x12, 0x13, 0x12, 0x12, 0x13, 0x73, 0x63, 0x23, 0x32, 0x03, 0x03,
    0x03, 0x03, 0x53, 0x62, 0x72, 0x82, 0xE1, 0xE1, 0xE1, 0xE2, 0x82, 0x72, 0x62, 0x61, 0x51, 0x52,
    0x51, 0x51, 0x61, 0x61, 0x79, 0x89, 0xE9, 0xE1, 0xE0, 0xE0, 0x80, 0x70, 0x60, 0x50, 0x00, 0x00,
    0x10, 0x10, 0x10, 0x10, 0x20, 0x20, 0x10, 0x10, 0x10, 0x20, 0x20, 0x10, 0x10, 0x20, 0x30, 0x30,
    0x30, 0x30, 0x20, 0x30, 0x30, 0x20, 0x18, 0x18, 0x10, 0x20, 0x30, 0x30, 0x20, 0x30, 0x30, 0x20,
    0x10, 0x10, 0x10, 0x10, 0x10, 0x10, 0x20, 0x27, 0x27, 0x20, 0x10, 0x10, 0x10, 0x10, 0x10, 0x10,
    0x10, 0x10, 0x10, 0x10, 0x10, 0x10, 0x10, 0x10, 0x10, 0x10, 0x10, 0x10, 0x10, 0x10, 0x10, 0x10,
    0xB0, 0xB0, 0xB0, 0xC0, 0xC0, 0xC0, 0xC0, 0xB0, 0xC0, 0xC0, 0xC0, 0xB0, 0xC0, 0xC0, 0xC0, 0xC0,
    0xC0, 0xC1, 0xC1, 0xC2, 0xB2, 0xC3, 0xC4, 0xC3, 0xB2, 0xC2, 0xC3, 0xC4, 0xCE, 0xBE, 0xBE, 0xBE,
    0x0E, 0x0E, 0x3E, 0x0E, 0x0E, 0x04, 0x04, 0x83, 0x83, 0x02, 0x01, 0x01, 0x00, 0x00, 0x60, 0x60,
    0x60, 0x60, 0x00, 0x00, 0x00, 0x80, 0x00, 0x00, 0x00, 0x00, 0x00, 0x00, 0x00, 0x30, 0x00, 0x00,
    0xE0, 0xB0, 0xE0, 0x90, 0x10, 0x90, 0x90, 0x90, 0x90, 0x90, 0x90, 0x90, 0x20, 0x31, 0x21, 0x31,
    0x31, 0x52, 0x53, 0x73, 0x14, 0x14, 0x14, 0x14, 0x13, 0x13, 0x13, 0x84, 0xE4, 0x24, 0x3E, 0x4E,
    0x1E, 0x2E, 0x3E, 0x2E, 0xEE, 0xEE, 0xD4, 0xA4, 0xC3, 0xE3, 0xD3, 0xD4, 0xD3, 0xE3, 0xE3, 0xE3,
    0xC2, 0x32, 0x31, 0x31, 0x91, 0x91, 0x90, 0x90, 0x90, 0x90, 0x90, 0x10, 0x90, 0xE0, 0xB0, 0xE0,
    0x00, 0x00, 0x00, 0x00, 0x60, 0x80, 0x10, 0x10, 0x10, 0x10, 0xE0, 0x19, 0x49, 0xE1, 0x41, 0x41,
    0x41, 0x11, 0x12, 0x11, 0x12, 0x12, 0x22, 0x42, 0x22, 0x12, 0x73, 0x63, 0x02, 0x43, 0x02, 0x03,
    0x03, 0x02, 0x03, 0x52, 0x62, 0x72, 0x81, 0xE1, 0xE1, 0xE1, 0xE2, 0x82, 0x71, 0x71, 0x61, 0x61,
    0x61, 0x61, 0x71, 0x71, 0x89, 0xE9, 0xE1, 0xE0, 0xE0, 0x80, 0x70, 0x60, 0x50, 0x00, 0x00, 0x00,
    0x20, 0x10, 0x10, 0x20, 0x30, 0x30, 0x20, 0x10, 0x20, 0x30, 0x30, 0x20, 0x20, 0x30, 0x30, 0x30,
    0x30, 0x30, 0x30, 0x30, 0x30, 0x30, 0x20, 0x10, 0x20, 0x30, 0x40, 0x40, 0x30, 0x40, 0x30, 0x20,
    0x10, 0x10, 0x10, 0x10, 0x10, 0x10, 0x20, 0x27, 0x27, 0x20, 0x10, 0x10, 0x10, 0x10, 0x10, 0x10,
    0x10, 0x10, 0x10, 0x10, 0x10, 0x10, 0x10, 0x20, 0x10, 0x10, 0x10, 0x10, 0x10, 0x10, 0x10, 0x10,
    0xB0, 0xB0, 0xB0, 0xC0, 0xC0, 0xC0, 0xC0, 0xC0, 0xC0, 0xC0, 0xC0, 0xC0, 0xC0, 0xC0, 0xC0, 0xC0,
    0xC0, 0xC0, 0xC1, 0xC1, 0xC2, 0xC2, 0xC3, 0xC2, 0xC2, 0xC2, 0xC3, 0xC4, 0xC4, 0xBE, 0xBE, 0xBE,
    0x0E, 0x0E, 0x3E, 0x4E, 0x04, 0x04, 0x03, 0x83, 0x02, 0x01, 0x00, 0x00, 0x00, 0x00, 0x00, 0x00,
    0x00, 0x00, 0x00, 0x00, 0x80, 0x00, 0x00, 0x00, 0x00, 0x00, 0x00, 0x00, 0x00, 0x30, 0x00, 0x00,
    0xD0, 0xB0, 0xE0, 0x90, 0x10, 0x10, 0x90, 0x90, 0x90, 0x90, 0x90, 0x90, 0x10, 0x30, 0x21, 0x31,
    0x31, 0x51, 0x52, 0x53, 0x14, 0x14, 0x23, 0x33, 0x43, 0x33, 0x23, 0x13, 0xE4, 0x34, 0x24, 0x3E,
    0xAE, 0xAE, 0xBE, 0xCE, 0xD4, 0xC4, 0xB3, 0xC3, 0xD3, 0xE3, 0xC4, 0xC4, 0xC3, 0xD3, 0xE3, 0xD2,
    0xA2, 0x21, 0x31, 0x11, 0x91, 0x90, 0x90, 0x90, 0x90, 0x90, 0x10, 0x10, 0x90, 0xE0, 0xB0, 0xD0,
    0x00, 0x00, 0x00, 0x00, 0x00, 0x70, 0x80, 0x10, 0x10, 0x10, 0x40, 0xE0, 0xE9, 0x19, 0xE1, 0xE1,
    0xE1, 0x41, 0x11, 0x11, 0x21, 0x42, 0xE1, 0x41, 0x42, 0x43, 0x63, 0x02, 0x02, 0x42, 0x03, 0x02,
    0x02, 0x02, 0x02, 0x52, 0x62, 0x71, 0x81, 0x89, 0xE9, 0xE1, 0xE1, 0xE1, 0x89, 0x81, 0x71, 0x71,
    0x71, 0x71, 0x89, 0x89, 0xE9, 0xE1, 0xE0, 0xE0, 0x80, 0x80, 0x70, 0x60, 0x50, 0x00, 0x00, 0x00,
    0x30, 0x20, 0x20, 0x30, 0x30, 0x30, 0x20, 0x20, 0x20, 0x30, 0x30, 0x20, 0x20, 0x30, 0x40, 0x40,
    0x40, 0x30, 0x30, 0x30, 0x40, 0x30, 0x20, 0x20, 0x20, 0x30, 0x40, 0x40, 0x30, 0x40, 0x40, 0x20,
    0x10, 0x10, 0x10, 0x10, 0x10, 0x10, 0x10, 0x20, 0x20, 0x10, 0x10, 0x10, 0x10, 0x10, 0x10, 0x18,
    0x18, 0x10, 0x10, 0x10, 0x10, 0x10, 0x10, 0x10, 0x10, 0x10, 0x10, 0x10, 0x10, 0x10, 0x10, 0x10,
    0xB0, 0xB0, 0xB0, 0xC0, 0xC0, 0xB0, 0xC0, 0xE0, 0xD0, 0xD0, 0xD0, 0xE0, 0xC0, 0xB0, 0xC0, 0xC0,
    0xC0, 0xC0, 0xB0, 0xC0, 0xE1, 0xD1, 0xD2, 0xD2, 0xE2, 0xC2, 0xB2, 0xC3, 0xC4, 0xB4, 0xBE, 0xBE,
    0x0E, 0x0E, 0x04, 0x44, 0xE4, 0xE4, 0xE3, 0x82, 0x01, 0x00, 0x00, 0x00, 0x00, 0x00, 0x00, 0x00,
    0x00, 0x00, 0x00, 0x80, 0x00, 0x00, 0x00, 0x00, 0x00, 0x00, 0x00, 0x00, 0x30, 0x00, 0x00, 0x00,
    0xC0, 0xB0, 0xE0, 0x90, 0x20, 0x20, 0x10, 0x90, 0x90, 0x90, 0x90, 0x90, 0x10, 0x20, 0x30, 0x30,
    0x21, 0x51, 0x61, 0x52, 0x13, 0x23, 0x33, 0x43, 0x42, 0x42, 0x43, 0x23, 0x83, 0x34, 0x24, 0x24,
    0x1E, 0xAE, 0xA4, 0xC4, 0xA4, 0xB3, 0xD3, 0xE3, 0xE3, 0xE3, 0xE4, 0xD4, 0xB3, 0xC3, 0xD2, 0xC2,
    0xA2, 0x31, 0x21, 0x11, 0x90, 0x90, 0x90, 0x90, 0x90, 0x10, 0x20, 0x20, 0x90, 0xE0, 0xB0, 0xC0,
    0x00, 0x00, 0x00, 0x00, 0x00, 0x00, 0xE0, 0x80, 0x10, 0x10, 0x20, 0x20, 0x10, 0x19, 0x19, 0x49,
    0x11, 0xE1, 0xE1, 0xE1, 0xE1, 0xE1, 0x11, 0x12, 0x72, 0x42, 0xE2, 0xE2, 0x42, 0x42, 0x02, 0x02,
    0x02, 0x02, 0x02, 0x01, 0x51, 0x61, 0x71, 0x89, 0x89, 0xE9, 0xE1, 0xE9, 0xE1, 0xE1, 0x81, 0x81,
    0x81, 0x81, 0xE9, 0xE9, 0xE1, 0xE0, 0xE0, 0x80, 0x80, 0x70, 0x60, 0x50, 0x00, 0x00, 0x00, 0x00,
    0x30, 0x30, 0x30, 0x30, 0x40, 0x40, 0x20, 0x20, 0x20, 0x30, 0x30, 0x20, 0x20, 0x30, 0x40, 0x40,
    0x40, 0x40, 0x30, 0x30, 0x40, 0x40, 0x20, 0x20, 0x20, 0x30, 0x40, 0x40, 0x30, 0x40, 0x40, 0x30,
    0x10, 0x10, 0x10, 0x10, 0x10, 0x10, 0x10, 0x10, 0x10, 0x10, 0x10, 0x10, 0x10, 0x10, 0x10, 0x28,
    0x28, 0x10, 0x10, 0x10, 0x10, 0x10, 0x10, 0x10, 0x10, 0x10, 0x10, 0x10, 0x10, 0x10, 0x10, 0x10,
    0x20, 0xB0, 0xB0, 0xB0, 0xC0, 0xA0, 0xC0, 0xC0, 0xE0, 0xE0, 0xE0, 0xC0, 0xC0, 0xA0, 0xC0, 0xC0,
    0xC0, 0xC0, 0xA0, 0xC0, 0xC0, 0xE0, 0xE1, 0xE1, 0xC2, 0xC2, 0xA2, 0xC2, 0xB3, 0xB3, 0xB4, 0x2E,
    0x04, 0x04, 0x73, 0x33, 0x43, 0xE2, 0x02, 0x01, 0x00, 0x00, 0x00, 0x00, 0x00, 0x00, 0x00, 0x00,
    0x00, 0x80, 0x80, 0x80, 0x00, 0x00, 0x00, 0x00, 0x00, 0x00, 0x00, 0x30, 0x00, 0x00, 0x00, 0x00,
    0xB0, 0xB0, 0xE0, 0x90, 0x20, 0x20, 0x20, 0x10, 0x90, 0x90, 0x90, 0x10, 0x20, 0x40, 0x40, 0x30,
    0x10, 0x60, 0x71, 0x62, 0x12, 0x13, 0x13, 0x12, 0x22, 0x32, 0x42, 0x42, 0x23, 0x23, 0x14, 0x44,
    0xA4, 0xB4, 0xB4, 0xA4, 0xC3, 0xD3, 0xD3, 0x24, 0x33, 0x33, 0x23, 0xD2, 0xD2, 0xB2, 0xD2, 0xB1,
    0xA1, 0x41, 0x40, 0x20, 0x10, 0x90, 0x90, 0x90, 0x10, 0x20, 0x20, 0x20, 0x90, 0xE0, 0xB0, 0xB0,
    0x00, 0x00, 0x00, 0x00, 0x00, 0x00, 0x00, 0x70, 0x80, 0x70, 0x10, 0x10, 0x10, 0x10, 0x49, 0x49,
    0x19, 0x19, 0x19, 0x11, 0x11, 0x11, 0x71, 0x71, 0x61, 0x02, 0x02, 0x42, 0x42, 0x02, 0x02, 0x02,
    0x02, 0x02, 0x01, 0x01, 0x01, 0x51, 0x69, 0x79, 0x79, 0x89, 0x89, 0xE9, 0xE1, 0xE1, 0xE9, 0xE9,
    0xE9, 0xE9, 0xE9, 0xE0, 0xE0, 0x80, 0x80, 0x70, 0x70, 0x60, 0x50, 0x00, 0x00, 0x00, 0x00, 0x00,
    0x30, 0x30, 0x30, 0x30, 0x40, 0x40, 0x20, 0x20, 0x20, 0x30, 0x30, 0x30, 0x30, 0x30, 0xE0, 0xE7,
    0xE7, 0x40, 0x30, 0x30, 0x40, 0x40, 0x20, 0x20, 0x20, 0x30, 0xE0, 0xE0, 0x40, 0xE0, 0xE0, 0x30,
    0x10, 0x10, 0x10, 0x10, 0x10, 0x20, 0x10, 0x10, 0x10, 0x10, 0x10, 0x10, 0x10, 0x10, 0x20, 0x20,
    0x20, 0x20, 0x10, 0x10, 0x10, 0x20, 0x10, 0x10, 0x10, 0x10, 0x10, 0x10, 0x10, 0x20, 0x20, 0x10,
    0x20, 0xB0, 0xB0, 0xB0, 0xC0, 0xA0, 0xA0, 0xC0, 0xC0, 0xC0, 0xC0, 0xC0, 0xA0, 0xA0, 0xC0, 0xC0,
    0xC0, 0xC0, 0xA0, 0xA0, 0xC0, 0xC0, 0xC0, 0xC0, 0xC1, 0xA1, 0xA2, 0xC2, 0xB2, 0xB3, 0xB3, 0x24,
    0x04, 0x04, 0x73, 0x03, 0x32, 0x42, 0x41, 0x00, 0x00, 0x00, 0x00, 0x00, 0x00, 0x00, 0x00, 0x80,
    0x80, 0x00, 0x00, 0x00, 0x00, 0x00, 0x00, 0x00, 0x00, 0x00, 0x30, 0x00, 0x00, 0x00, 0x00, 0x00,
    0xE0, 0xE0, 0xE0, 0x90, 0x20, 0x20, 0x20, 0x20, 0x10, 0x90, 0x90, 0x10, 0x30, 0x40, 0x30, 0x20,
    0x60, 0x70, 0x80, 0x71, 0x21, 0x12, 0x12, 0x12, 0x11, 0x11, 0x12, 0x22, 0x32, 0x23, 0x13, 0x34,
    0xA4, 0xE4, 0xD3, 0xA3, 0xD3, 0x33, 0x24, 0x23, 0x43, 0x43, 0x22, 0x22, 0x32, 0xD2, 0xC1, 0xB1,
    0xA1, 0x30, 0x40, 0x30, 0x10, 0x90, 0x90, 0x10, 0x20, 0x20, 0x20, 0x20, 0x90, 0xE0, 0xE0, 0xE0,
    0x00, 0x00, 0x00, 0x00, 0x00, 0x00, 0x00, 0x00, 0x60, 0x60, 0x70, 0x70, 0x10, 0x10, 0x20, 0x40,
    0x40, 0x29, 0x19, 0x19, 0x79, 0x71, 0x61, 0x61, 0x01, 0x01, 0x01, 0x01, 0x02, 0x02, 0x02, 0x02,
    0x01, 0x01, 0x01, 0x01, 0x01, 0x01, 0x51, 0x69, 0x69, 0x79, 0x79, 0x81, 0x89, 0x89, 0xE9, 0xE9,
    0xE9, 0xE0, 0x80, 0x80, 0x80, 0x70, 0x70, 0x60, 0x60, 0x50, 0x00, 0x00, 0x00, 0x00, 0x00, 0x00,
    0x40, 0x30, 0x30, 0x40, 0x40, 0x40, 0x30, 0x20, 0x30, 0x40, 0x40, 0x30, 0x30, 0x40, 0xE0, 0xE7,
    0xE7, 0xE0, 0x30, 0x40, 0xE0, 0xE0, 0x30, 0x20, 0x30, 0x40, 0xE0, 0xE0, 0x40, 0xE0, 0xE0, 0x40,
    0x10, 0x10, 0x10, 0x10, 0x20, 0x20, 0x10, 0x10, 0x10, 0x10, 0x10, 0x10, 0x10, 0x10, 0x20, 0x20,
    0x20, 0x20, 0x10, 0x10, 0x20, 0x20, 0x10, 0x10, 0x10, 0x10, 0x20, 0x20, 0x10, 0x20, 0x20, 0x10,
    0x20, 0xB0, 0xB0, 0xB0, 0xC0, 0xB0, 0xA0, 0xA0, 0xA0, 0xA0, 0xA0, 0xA0, 0xA0, 0xB0, 0xC0, 0xC0,
    0xC0, 0xC0, 0xB0, 0xA0, 0xA0, 0xA0, 0xA0, 0xA0, 0xA0, 0xA0, 0xB1, 0xC1, 0xB2, 0xB2, 0xB3, 0x23,
    0x03, 0x03, 0x02, 0x72, 0x81, 0x81, 0x80, 0x80, 0x00, 0x00, 0x00, 0x00, 0x00, 0x00, 0x80, 0x80,
    0x00, 0x00, 0x00, 0x00, 0x00, 0x00, 0x00, 0x00, 0x00, 0x30, 0x00, 0x00, 0x00, 0x00, 0x00, 0x00,
    0xE0, 0xE0, 0xE0, 0x90, 0x10, 0x20, 0x20, 0x20, 0x20, 0x10, 0x90, 0x10, 0x20, 0x30, 0x20, 0x10,
    0x60, 0x80, 0x70, 0x20, 0x40, 0x21, 0x31, 0x31, 0x11, 0x81, 0x81, 0x12, 0x22, 0x12, 0x23, 0x23,
    0xA3, 0xC3, 0xC3, 0xA3, 0xD2, 0x22, 0x23, 0x43, 0xE2, 0xE2, 0x42, 0x22, 0x21, 0xD1, 0xC1, 0xB0,
    0xA0, 0x20, 0x30, 0x20, 0x10, 0x90, 0x10, 0x20, 0x20, 0x20, 0x20, 0x10, 0x90, 0xE0, 0xE0, 0xE0,
    0x00, 0x00, 0x00, 0x00, 0x00, 0x00, 0x00, 0x00, 0x00, 0x00, 0x60, 0x60, 0x70, 0x70, 0x70, 0x80,
    0x80, 0x80, 0x70, 0x70, 0x69, 0x69, 0x09, 0x09, 0x01, 0x01, 0x01, 0x01, 0x01, 0x01, 0x01, 0x01,
    0x09, 0x09, 0x09, 0x01, 0x01, 0x09, 0x09, 0x59, 0x59, 0x69, 0x69, 0x79, 0x79, 0x79, 0x80, 0x80,
    0x80, 0x80, 0x70, 0x70, 0x70, 0x60, 0x60, 0x50, 0x50, 0x00, 0x00, 0x00, 0x00, 0x00, 0x00, 0x00,
    0x40, 0x40, 0x40, 0x40, 0xE0, 0xE0, 0x30, 0x30, 0x30, 0x40, 0x40, 0x40, 0x40, 0x40, 0xE0, 0xE7,
    0xE7, 0xE0, 0x40, 0x40, 0xE0, 0xE0, 0x30, 0x30, 0x30, 0x40, 0xE0, 0xE0, 0xE0, 0xE0, 0xE0, 0xE0,
    0x10, 0x10, 0x10, 0x10, 0x20, 0x20, 0x10, 0x10, 0x10, 0x20, 0x20, 0x10, 0x10, 0x10, 0x20, 0x30,
    0x30, 0x20, 0x10, 0x10, 0x20, 0x20, 0x10, 0x10, 0x10, 0x20, 0x20, 0x20, 0x20, 0x30, 0x20, 0x10,
    0x20, 0xB0, 0xB0, 0xB0, 0xC0, 0xC0, 0xB0, 0xA0, 0xA0, 0xA0, 0xA0, 0xA0, 0xB0, 0xC0, 0xC0, 0xC0,
    0xC0, 0xC0, 0xC0, 0xB0, 0xA0, 0xA0, 0xA0, 0xA0, 0xA0, 0xB0, 0xC0, 0xC0, 0xB1, 0xB1, 0xB2, 0x22,
    0x02, 0x02, 0x01, 0x01, 0x00, 0x00, 0x00, 0x80, 0x80, 0x80, 0x80, 0x80, 0x80, 0x80, 0x80, 0x00,
    0x00, 0x00, 0x00, 0x00, 0x00, 0x00, 0x00, 0x30, 0x30, 0x00, 0x00, 0x00, 0x00, 0x00, 0x00, 0x00,
    0xE0, 0xE0, 0xE0, 0x90, 0x10, 0x20, 0x20, 0x20, 0x20, 0x10, 0x90, 0x90, 0x10, 0x10, 0x10, 0x60,
    0x80, 0x70, 0x20, 0x30, 0x40, 0x20, 0x30, 0x40, 0x11, 0x81, 0xE1, 0x81, 0x12, 0x22, 0x32, 0x22,
    0xA2, 0xC3, 0xD3, 0xB3, 0xE2, 0x32, 0x42, 0xE2, 0xE2, 0xE2, 0xE1, 0x41, 0x31, 0xE0, 0xD0, 0xD0,
    0xC0, 0xB0, 0xB0, 0x10, 0x90, 0x90, 0x10, 0x20, 0x20, 0x20, 0x20, 0x10, 0x90, 0xE0, 0xE0, 0xE0,
    0x00, 0x00, 0x00, 0x00, 0x00, 0x00, 0x00, 0x00, 0x00, 0x00, 0x00, 0x00, 0x60, 0x60, 0x60, 0x60,
    0x70, 0x70, 0x60, 0x60, 0x00, 0x00, 0x09, 0x09, 0x09, 0x09, 0x09, 0x01, 0x01, 0x01, 0x01, 0x01,
    0x01, 0x09, 0x09, 0x09, 0x09, 0x09, 0x09, 0x09, 0x09, 0x59, 0x59, 0x60, 0x60, 0x60, 0x70, 0x70,
    0x70, 0x70, 0x60, 0x60, 0x60, 0x50, 0x50, 0x00, 0x00, 0x00, 0x00, 0x00, 0x00, 0x00, 0x00, 0x00,
    0xE0, 0x40, 0x40, 0xE0, 0xE0, 0xE0, 0x30, 0x30, 0x30, 0x40, 0xE0, 0x40, 0x40, 0xE0, 0xE0, 0x40,
    0x40, 0x40, 0xE0, 0xE0, 0xE0, 0xE0, 0x40, 0x30, 0x40, 0x40, 0xE0, 0xE0, 0xE0, 0xE0, 0xE0, 0xE0,
    0x10, 0x10, 0x10, 0x10, 0x20, 0x20, 0x10, 0x10, 0x10, 0x20, 0x20, 0x10, 0x10, 0x10, 0x20, 0x30,
    0x30, 0x20, 0x20, 0x20, 0x30, 0x20, 0x10, 0x10, 0x10, 0x20, 0x30, 0x30, 0x20, 0x30, 0x20, 0x10,
    0x20, 0x20, 0xB0, 0xB0, 0xB0, 0xC0, 0xC0, 0xB0, 0xB0, 0xB0, 0xB0, 0xB0, 0xC0, 0xC0, 0xC0, 0xC0,
    0xC0, 0xC0, 0xC0, 0xC0, 0xB0, 0xB0, 0xB0, 0xB0, 0xB0, 0xC0, 0xC0, 0xB0, 0xB0, 0xB0, 0x21, 0x21,
    0x01, 0x01, 0x00, 0x00, 0x00, 0x00, 0x00, 0x00, 0x00, 0x30, 0x30, 0x30, 0x00, 0x00, 0x00, 0x00,
    0x00, 0x00, 0x00, 0x00, 0x30, 0x30, 0x30, 0x00, 0x00, 0x00, 0x00, 0x00, 0x00, 0x00, 0x00, 0x00,
    0xE0, 0xE0, 0xE0, 0x90, 0x10, 0x10, 0x20, 0x20, 0x20, 0x10, 0x90, 0x90, 0x90, 0x60, 0x60, 0x70,
    0x80, 0x70, 0x20, 0x30, 0x40, 0x30, 0x20, 0x40, 0x30, 0x10, 0x80, 0x81, 0x81, 0x11, 0x21, 0x32,
    0x22, 0xA2, 0xC2, 0xA2, 0xD2, 0x21, 0x21, 0x41, 0xE1, 0xE1, 0x41, 0x20, 0x20, 0xD0, 0xC0, 0xA0,
    0xA0, 0x10, 0x10, 0x90, 0x90, 0x90, 0x10, 0x20, 0x20, 0x20, 0x10, 0x10, 0x90, 0xE0, 0xE0, 0xE0,
    0x00, 0x00, 0x00, 0x00, 0x00, 0x00, 0x00, 0x00, 0x00, 0x00, 0x00, 0x00, 0x00, 0x00, 0x00, 0x00,
    0x00, 0x00, 0x00, 0x00, 0x00, 0x00, 0x00, 0x00, 0x00, 0x00, 0x09, 0x09, 0x09, 0x09, 0x09, 0x09,
    0x09, 0x09, 0x09, 0x09, 0x09, 0x09, 0x00, 0x00, 0x00, 0x00, 0x00, 0x50, 0x50, 0x50, 0x60, 0x60,
    0x60, 0x60, 0x50, 0x50, 0x50, 0x00, 0x00, 0x00, 0x00, 0x00, 0x00, 0x00, 0x00, 0x00, 0x00, 0x00,
    0xE0, 0xE0, 0xE0, 0xE0, 0xE0, 0xE0, 0x40, 0x30, 0x40, 0xE0, 0xE0, 0xE0, 0xE0, 0xE0, 0x40, 0x40,
    0x40, 0x40, 0x40, 0xE0, 0xE0, 0xE0, 0x40, 0x40, 0x40, 0xE0, 0xE0, 0xE0, 0xE0, 0xE0, 0x40, 0x40,
    0x10, 0x10, 0x10, 0x10, 0x20, 0x20, 0x10, 0x10, 0x10, 0x20, 0x20, 0x10, 0x10, 0x20, 0x30, 0x30,
    0x30, 0x30, 0x20, 0x30, 0x30, 0x20, 0x10, 0x10, 0x10, 0x20, 0x30, 0x30, 0x20, 0x30, 0x30, 0x20,
    0x20, 0x20, 0xB0, 0xB0, 0xB0, 0xC0, 0xC0, 0xC0, 0xC0, 0xC0, 0xC0, 0xC0, 0xC0, 0xC0, 0xC0, 0xC0,
    0xC0, 0xC0, 0xC0, 0xC0, 0xC0, 0xC0, 0xC0, 0xC0, 0xC0, 0xC0, 0xC0, 0xB0, 0xB0, 0xB0, 0x20, 0x20,
    0x00, 0x00, 0x00, 0x00, 0x00, 0x00, 0x00, 0x00, 0x00, 0x00, 0x00, 0x00, 0x30, 0x30, 0x40, 0xE0,
    0xE0, 0x40, 0x30, 0x30, 0x00, 0x00, 0x00, 0x00, 0x00, 0x00, 0x00, 0x00, 0x00, 0x00, 0x00, 0x00,
    0xE0, 0xE0, 0xE0, 0x90, 0x10, 0x10, 0x20, 0x20, 0x10, 0x90, 0x90, 0x60, 0x60, 0x60, 0x70, 0x80,
    0x80, 0x70, 0x20, 0x30, 0x40, 0x40, 0x20, 0x30, 0x40, 0x30, 0x10, 0x10, 0x10, 0x20, 0x31, 0x41,
    0x41, 0x31, 0xA1, 0xA1, 0xD1, 0x31, 0x20, 0x20, 0x40, 0x40, 0x20, 0x20, 0x30, 0xD0, 0xB0, 0xA0,
    0xA0, 0x90, 0x90, 0x10, 0x10, 0x90, 0x90, 0x10, 0x20, 0x20, 0x10, 0x10, 0x90, 0xE0, 0xE0, 0xE0,
    0x00, 0x00, 0x00, 0x00, 0x00, 0x00, 0x00, 0x00, 0x00, 0x00, 0x00, 0x00, 0x00, 0x00, 0x00, 0x00,
    0x00, 0x00, 0x00, 0x00, 0x00, 0x00, 0x00, 0x00, 0x00, 0x00, 0x00, 0x00, 0x09, 0x09, 0x09, 0x09,
    0x09, 0x00, 0x00, 0x00, 0x00, 0x00, 0x00, 0x00, 0x00, 0x00, 0x00, 0x00, 0x00, 0x00, 0x50, 0x50,
    0x50, 0x50, 0x00, 0x00, 0x00, 0x00, 0x00, 0x00, 0x00, 0x00, 0x00, 0x00, 0x00, 0x00, 0x00, 0x00,
    0x00, 0x00, 0x00, 0x00, 0x00, 0x00, 0x00, 0x00, 0x00, 0x00, 0x00, 0x00, 0x00, 0x00, 0x00, 0x00,
    0x00, 0x00, 0x00, 0x00, 0x00, 0x00, 0x00, 0x00, 0x00, 0x00, 0x00, 0x00, 0x00, 0x00, 0x00, 0x00,
    0x00, 0x00, 0x00, 0x00, 0xF0, 0x00, 0x00, 0x00, 0xF0, 0x00, 0x00, 0x00, 0x00, 0x00, 0x00, 0xF0,
    0x00, 0xE0, 0x40, 0x00, 0x00, 0x00, 0x00, 0x00, 0x00, 0x00, 0x00, 0x00, 0x00, 0x00, 0x00, 0x00,
    0x00, 0x00, 0x00, 0x00, 0x00, 0x00, 0x00, 0x00, 0x00, 0x00, 0x00, 0x00, 0x00, 0x00, 0x00, 0x00,
    0x00, 0x00, 0x00, 0x00, 0x00, 0x09, 0x09, 0x01, 0x01, 0x01, 0x01, 0x01, 0x01, 0x01, 0x01, 0x01,
    0x00, 0x00, 0x00, 0x01, 0x01, 0x00, 0x00, 0x00, 0x01, 0x01, 0xB0, 0x00, 0x00, 0x00, 0x00, 0x00,
    0x00, 0x00, 0x00, 0x00, 0x00, 0x00, 0x00, 0x00, 0x00, 0x00, 0x00, 0x00, 0x00, 0x00, 0x00, 0x00,
    0xE0, 0xE0, 0xE0, 0x90, 0x10, 0x10, 0x20, 0x10, 0x90, 0x90, 0x60, 0x70, 0x70, 0x70, 0x80, 0xE0,
    0xE0, 0x80, 0x20, 0x20, 0x30, 0x30, 0x30, 0x20, 0x20, 0x30, 0x20, 0x20, 0x30, 0x20, 0x40, 0x40,
    0x40, 0x40, 0x20, 0xA0, 0xC0, 0xD0, 0xD0, 0x20, 0x20, 0x30, 0x20, 0xD0, 0xD0, 0xB0, 0xA0, 0xB0,
    0xA0, 0x90, 0x10, 0x20, 0x10, 0x90, 0x90, 0x90, 0x10, 0x20, 0x10, 0x10, 0x90, 0xE0, 0xE0, 0xE0,
    0x00, 0x00, 0x00, 0x00, 0x00, 0x00, 0x00, 0x00, 0x00, 0x00, 0x00, 0x00, 0x00, 0x00, 0x00, 0x00,
    0x09, 0x09, 0x09, 0x00, 0x00, 0x00, 0x00, 0x00, 0x00, 0x00, 0x00, 0x00, 0x00, 0x00, 0x00, 0x00,
    0x00, 0x00, 0x00, 0x00, 0x00, 0x00, 0x00, 0x00, 0x00, 0x00, 0x09, 0x09, 0x09, 0x09, 0x00, 0x00,
    0x00, 0x00, 0x00, 0x00, 0x00, 0x00, 0x00, 0x00, 0x00, 0x00, 0x00, 0x00, 0x00, 0x00, 0x00, 0x00,
    0x00, 0x00, 0x00, 0x00, 0x00, 0x00, 0x00, 0x00, 0x00, 0x00, 0x00, 0x00, 0x00, 0x00, 0x00, 0x10,
    0x10, 0x00, 0x00, 0x00, 0x00, 0x00, 0x00, 0x01, 0x01, 0x01, 0x01, 0x01, 0x01, 0x01, 0x01, 0x01,
    0x01, 0x00, 0x01, 0x01, 0x01, 0xF0, 0x00, 0x40, 0x41, 0x41, 0x01, 0x01, 0x01, 0x00, 0xF0, 0x30,
    0x40, 0x40, 0x00, 0x40, 0xE0, 0x00, 0x00, 0x00, 0x00, 0x00, 0xE0, 0x00, 0x00, 0x00, 0x00, 0x00,
    0x00, 0x00, 0x00, 0x00, 0x00, 0x00, 0x00, 0x00, 0x00, 0x00, 0x00, 0x00, 0x00, 0x00, 0xB0, 0xB0,
    0x00, 0x00, 0x00, 0x09, 0x09, 0x09, 0x01, 0x01, 0x01, 0x02, 0x02, 0x02, 0x02, 0x01, 0x01, 0x01,
    0x01, 0x00, 0x01, 0x01, 0x02, 0x01, 0x01, 0x01, 0x01, 0xB1, 0xB1, 0x09, 0xB0, 0xB0, 0x00, 0x00,
    0x00, 0x00, 0x00, 0x00, 0x00, 0x00, 0x00, 0x00, 0x00, 0x00, 0x00, 0x00, 0x00, 0x00, 0x00, 0x00,
    0xE0, 0xE0, 0xE0, 0x90, 0x10, 0x10, 0x10, 0x10, 0x90, 0x60, 0x70, 0x70, 0x80, 0xE0, 0xE0, 0xE0,
    0xE0, 0xE0, 0x80, 0x20, 0x20, 0x30, 0x30, 0x30, 0x30, 0x30, 0x20, 0x30, 0x40, 0x30, 0x40, 0xE0,
    0xE0, 0x40, 0x30, 0x40, 0xA0, 0xB0, 0xC0, 0xD0, 0xD0, 0xE0, 0xD0, 0xC0, 0xB0, 0xA0, 0xC0, 0xB0,
    0xA0, 0x10, 0x20, 0x30, 0x10, 0x90, 0x90, 0x90, 0x10, 0x10, 0x10, 0x10, 0x90, 0xE0, 0xE0, 0xE0,
    0x00, 0x00, 0x00, 0x00, 0x00, 0x00, 0x00, 0x70, 0x70, 0x70, 0x70, 0x00, 0x00, 0x00, 0x00, 0x09,
    0x01, 0x02, 0x02, 0x01, 0x00, 0x00, 0x00, 0x00, 0x00, 0x00, 0x00, 0x00, 0x09, 0x09, 0x00, 0x00,
    0x09, 0x09, 0x00, 0x00, 0x00, 0x00, 0x00, 0x00, 0x00, 0x09, 0x09, 0x02, 0x02, 0x01, 0x09, 0x09,
    0x00, 0x00, 0x00, 0x00, 0x00, 0x00, 0x00, 0x00, 0x00, 0x00, 0x00, 0x00, 0x00, 0x00, 0x00, 0x00,
    0x00, 0x00, 0x00, 0x00, 0x00, 0x00, 0x00, 0x00, 0x00, 0x00, 0x00, 0x00, 0x10, 0x10, 0x10, 0x20,
    0x20, 0x10, 0x10, 0x10, 0x00, 0x01, 0x01, 0x01, 0x01, 0x01, 0x02, 0x02, 0x02, 0x02, 0x02, 0x02,
    0x02, 0x01, 0xF2, 0x02, 0x02, 0x01, 0x40, 0x01, 0xF1, 0x02, 0xF2, 0xF2, 0x01, 0x41, 0x00, 0x30,
    0x40, 0x00, 0x40, 0xF0, 0x40, 0x00, 0xF0, 0x00, 0x00, 0x00, 0x00, 0x00, 0x00, 0x00, 0x00, 0x00,
    0x00, 0x00, 0x00, 0x00, 0x00, 0x00, 0x00, 0x00, 0x00, 0x00, 0x00, 0xB0, 0x00, 0xB0, 0xB0, 0x00,
    0x00, 0x01, 0x09, 0x09, 0x01, 0x01, 0x01, 0x02, 0x02, 0x03, 0xB3, 0xB2, 0x02, 0x02, 0x01, 0x01,
    0x01, 0x01, 0x01, 0x02, 0x02, 0x01, 0x01, 0x01, 0x02, 0xB1, 0xB1, 0xB1, 0xB0, 0x00, 0x00, 0x00,
    0x00, 0x00, 0x00, 0x00, 0x00, 0x00, 0x00, 0x00, 0x00, 0x00, 0x00, 0x00, 0x00, 0x00, 0x00, 0x00,
    0xE0, 0xE0, 0xE0, 0x90, 0x10, 0x10, 0x10, 0x90, 0x90, 0x60, 0x60, 0x80, 0xE0, 0xE0, 0xE0, 0xE3,
    0xE3, 0x80, 0x80, 0x80, 0x20, 0x20, 0x30, 0x40, 0x40, 0x40, 0x20, 0x30, 0x40, 0x40, 0xE0, 0xE0,
    0xE0, 0xE0, 0x40, 0x40, 0x30, 0xA0, 0xA0, 0xA0, 0xB0, 0xE0, 0xB0, 0xA0, 0xA0, 0xB0, 0xB0, 0xA0,
    0x30, 0x30, 0x30, 0x20, 0x90, 0x90, 0x90, 0x90, 0x90, 0x10, 0x10, 0x10, 0x90, 0xE0, 0xE0, 0xE0,
    0x00, 0x00, 0x00, 0x00, 0x00, 0x70, 0x70, 0xE0, 0xE0, 0xE0, 0xE0, 0x70, 0x70, 0x00, 0x09, 0x01,
    0x01, 0x02, 0x02, 0x01, 0x09, 0x09, 0x00, 0x00, 0x09, 0x09, 0x09, 0x00, 0x09, 0x01, 0x09, 0x09,
    0x02, 0x01, 0x09, 0x00, 0x00, 0x09, 0x79, 0x79, 0x79, 0x71, 0x71, 0x72, 0x01, 0x09, 0x09, 0x09,
    0x09, 0x09, 0x00, 0x00, 0x00, 0x00, 0x00, 0x00, 0x00, 0x00, 0x00, 0x00, 0x00, 0x00, 0x00, 0x00,
    0x00, 0x00, 0x00, 0x00, 0x00, 0x00, 0x00, 0x00, 0x00, 0x00, 0x10, 0x10, 0x20, 0x20, 0x20, 0x30,
    0x30, 0x29, 0x29, 0x20, 0x19, 0x11, 0x09, 0x01, 0x02, 0x02, 0x02, 0x02, 0x03, 0x03, 0x02, 0x02,
    0x02, 0x02, 0x02, 0x03, 0x02, 0x42, 0x01, 0xF1, 0xF2, 0xF2, 0x43, 0xF2, 0x32, 0xF2, 0xF1, 0xF0,
    0xF0, 0xF0, 0x40, 0xF0, 0x00, 0x40, 0xF0, 0x00, 0xF0, 0xE0, 0x00, 0x00, 0x00, 0x30, 0x00, 0x00,
    0x00, 0x00, 0x00, 0x00, 0x00, 0x00, 0x00, 0x00, 0x00, 0x00, 0x00, 0xB0, 0xB0, 0xB0, 0xB0, 0xB0,
    0x09, 0x09, 0x09, 0x01, 0x01, 0x02, 0x02, 0x03, 0x03, 0xB3, 0xB3, 0xB3, 0xB3, 0x02, 0x02, 0x02,
    0x02, 0x01, 0x02, 0x02, 0x02, 0x02, 0x02, 0x02, 0x02, 0x02, 0xB1, 0xB1, 0x01, 0x00, 0x00, 0x00,
    0x01, 0x01, 0x01, 0x01, 0x00, 0x00, 0x00, 0x00, 0x00, 0x00, 0x00, 0x00, 0x00, 0x00, 0x00, 0x00,
    0xE0, 0xE0, 0xE0, 0x90, 0x10, 0x10, 0x90, 0x90, 0x90, 0x60, 0x70, 0xE0, 0xE0, 0xE0, 0xE0, 0x83,
    0x73, 0x20, 0x20, 0x20, 0x30, 0x30, 0x40, 0x40, 0x40, 0x40, 0x20, 0x30, 0xA0, 0xA0, 0x30, 0x40,
    0x40, 0x30, 0xA0, 0xA0, 0x30, 0x20, 0x10, 0x10, 0xA0, 0xB0, 0xA0, 0x10, 0x10, 0xA0, 0xA0, 0x10,
    0x20, 0x20, 0x20, 0x10, 0x90, 0x60, 0x60, 0x90, 0x90, 0x90, 0x10, 0x10, 0x90, 0xE0, 0xE0, 0xE0,
    0x00, 0x00, 0x00, 0x00, 0x70, 0xE0, 0xE0, 0x00, 0x00, 0x00, 0x00, 0xE0, 0xE0, 0x70, 0x09, 0x09,
    0x09, 0x01, 0x01, 0x09, 0x09, 0x01, 0x09, 0x09, 0x01, 0x01, 0x01, 0x09, 0x01, 0x01, 0x02, 0x01,
    0x01, 0x01, 0x09, 0x00, 0x79, 0x79, 0xE1, 0xE9, 0xE9, 0xE9, 0xE9, 0xE9, 0x79, 0x79, 0x09, 0x09,
    0x01, 0x09, 0x09, 0x09, 0x00, 0x00, 0x00, 0x00, 0x00, 0x00, 0x00, 0x00, 0x00, 0x00, 0x00, 0x00,
    0x00, 0x00, 0x00, 0x00, 0x00, 0x00, 0x00, 0x00, 0x10, 0x10, 0x20, 0x20, 0x30, 0x30, 0x30, 0x40,
    0x41, 0x31, 0x39, 0x39, 0x29, 0x29, 0x12, 0x12, 0x02, 0x02, 0x03, 0x03, 0x03, 0x03, 0x03, 0x02,
    0x03, 0x03, 0xF3, 0x03, 0xF3, 0x02, 0xF2, 0x41, 0xF2, 0xF3, 0xF3, 0xF3, 0xF2, 0xF2, 0xF1, 0x81,
    0xF1, 0x41, 0xF0, 0x40, 0xF0, 0x40, 0x60, 0x30, 0x60, 0xF0, 0x00, 0xE0, 0x00, 0x00, 0x00, 0x00,
    0x00, 0x00, 0x00, 0x00, 0x00, 0x00, 0x00, 0x00, 0x01, 0x01, 0x01, 0x00, 0x00, 0xB0, 0x00, 0xB9,
    0x09, 0x09, 0x01, 0xA1, 0x02, 0x02, 0x03, 0x03, 0x03, 0x03, 0xB4, 0xB4, 0x03, 0x03, 0x02, 0x02,
    0x02, 0x02, 0x02, 0x02, 0x03, 0x03, 0x03, 0x02, 0xB2, 0xB2, 0xB2, 0xB1, 0xB1, 0xB0, 0x00, 0x09,
    0x01, 0x01, 0x01, 0x01, 0x01, 0x01, 0x00, 0x00, 0x00, 0xB0, 0x00, 0x00, 0x00, 0x00, 0x00, 0x00,
    0xE0, 0xE0, 0xE0, 0x90, 0x10, 0x10, 0x90, 0x90, 0x60, 0x70, 0xE0, 0xE0, 0xE0, 0xE0, 0x80, 0x73,
    0x23, 0x30, 0x40, 0x40, 0x30, 0x40, 0x40, 0x40, 0x40, 0x40, 0x30, 0x20, 0x20, 0xA0, 0xA0, 0x20,
    0x20, 0xA0, 0xA0, 0x20, 0x20, 0x30, 0x40, 0x40, 0x40, 0xE0, 0x40, 0x40, 0x30, 0x20, 0xA0, 0xA0,
    0xA0, 0xA0, 0xA0, 0x90, 0x60, 0x80, 0x70, 0x60, 0x90, 0x90, 0x10, 0x10, 0x90, 0xE0, 0xE0, 0xE0,
    0x00, 0x00, 0x00, 0x70, 0xE0, 0x00, 0x00, 0x00, 0x00, 0x00, 0x00, 0x09, 0x09, 0xE9, 0x79, 0x09,
    0x09, 0x09, 0x09, 0x09, 0x09, 0x09, 0x09, 0x01, 0x01, 0x01, 0x01, 0x01, 0x01, 0x01, 0x02, 0x02,
    0x09, 0x09, 0x09, 0x79, 0xE9, 0xE1, 0x01, 0x01, 0x09, 0x00, 0x00, 0x09, 0xE9, 0xE9, 0x71, 0x01,
    0x01, 0x09, 0x09, 0x09, 0x09, 0x00, 0x00, 0x00, 0x00, 0x00, 0x00, 0x00, 0x00, 0x00, 0x00, 0x00,
    0x00, 0x00, 0x00, 0x00, 0x00, 0x00, 0x00, 0x10, 0x20, 0x21, 0x31, 0x31, 0x41, 0x40, 0x40, 0xE1,
    0xE1, 0x49, 0x49, 0x49, 0x31, 0x32, 0x22, 0x22, 0x12, 0x03, 0x03, 0x03, 0x03, 0x03, 0x03, 0x03,
    0x03, 0x03, 0x03, 0x04, 0x44, 0xF3, 0x42, 0xF1, 0xF2, 0xF3, 0xF3, 0x44, 0xF3, 0x42, 0xF1, 0xF1,
    0x81, 0xF2, 0xF1, 0xF1, 0x41, 0xF0, 0xF0, 0x40, 0x00, 0x00, 0x00, 0x00, 0x70, 0x00, 0x00, 0x00,
    0x00, 0x00, 0x00, 0x00, 0x00, 0x00, 0x00, 0x01, 0x01, 0x01, 0x01, 0xB1, 0xB0, 0xB0, 0xB9, 0x09,
    0x09, 0x09, 0x01, 0xA1, 0xA2, 0x02, 0x03, 0x03, 0x03, 0xB4, 0xB4, 0xB4, 0xB3, 0x03, 0x03, 0x03,
    0x02, 0x03, 0x03, 0x03, 0x03, 0x04, 0x04, 0x03, 0x03, 0xB3, 0xB2, 0xB2, 0x01, 0xB0, 0x09, 0x09,
    0x01, 0xA2, 0xA2, 0x02, 0x01, 0x01, 0x09, 0x00, 0xB0, 0xB0, 0xB0, 0x00, 0x00, 0x00, 0x00, 0x00,
    0xB0, 0xB0, 0xE0, 0x90, 0x10, 0x90, 0x90, 0x90, 0x60, 0x80, 0xE0, 0xE0, 0xE0, 0x80, 0x70, 0x20,
    0x30, 0x30, 0x30, 0x40, 0x40, 0x40, 0x40, 0x40, 0x40, 0x40, 0x40, 0x30, 0x20, 0x20, 0xA0, 0x20,
    0x20, 0xA0, 0x20, 0x20, 0x30, 0x40, 0x40, 0x40, 0x40, 0xE0, 0x40, 0x40, 0x40, 0x30, 0x30, 0x10,
    0xA0, 0xA0, 0xA0, 0x60, 0x80, 0xE0, 0x80, 0x60, 0x90, 0x90, 0x90, 0x10, 0x90, 0xE0, 0xB0, 0xB0,
    0x00, 0x00, 0x70, 0xE0, 0x00, 0x00, 0x00, 0x09, 0x09, 0x09, 0x09, 0x01, 0x09, 0x00, 0xE9, 0x79,
    0x09, 0x09, 0x09, 0x09, 0x00, 0x00, 0x09, 0x09, 0x09, 0x09, 0x09, 0x09, 0x01, 0x01, 0x09, 0x09,
    0x09, 0x01, 0x79, 0xE9, 0x01, 0x01, 0xE1, 0x79, 0x09, 0x00, 0x00, 0x00, 0x09, 0x09, 0xE9, 0x79,
    0x09, 0x09, 0x09, 0x01, 0x09, 0x09, 0x00, 0x00, 0x70, 0x70, 0x70, 0x00, 0x00, 0x00, 0x00, 0x00,
    0x00, 0x00, 0x00, 0x00, 0x00, 0x00, 0x10, 0x21, 0x31, 0x31, 0x41, 0x41, 0xE1, 0xE1, 0xE1, 0xE1,
    0xE1, 0xE9, 0xE9, 0xE1, 0x41, 0x42, 0x32, 0x32, 0x23, 0x13, 0x03, 0x03, 0x04, 0x04, 0x04, 0x04,
    0x03, 0x04, 0x04, 0x34, 0xF4, 0xF4, 0xF4, 0xF3, 0xF2, 0xF2, 0x44, 0xF4, 0x44, 0xF3, 0x42, 0xF1,
    0x42, 0xF3, 0xF2, 0xF2, 0xF1, 0x81, 0x41, 0xF0, 0x40, 0xF0, 0x00, 0x50, 0x00, 0xF0, 0x00, 0x00,
    0x00, 0x00, 0x00, 0x00, 0x00, 0x00, 0x01, 0x01, 0x01, 0x02, 0xB2, 0x01, 0xB1, 0xB1, 0xB9, 0xB9,
    0xB9, 0x01, 0x01, 0xA1, 0xA2, 0xA2, 0x03, 0x03, 0x03, 0xB3, 0xB4, 0xB3, 0xB3, 0x03, 0x03, 0x03,
    0x02, 0x03, 0x02, 0x03, 0x04, 0x0E, 0x0E, 0x04, 0x03, 0xB3, 0xB2, 0xB2, 0xB1, 0xB9, 0x09, 0x01,
    0xA2, 0xA2, 0x02, 0x02, 0x02, 0x01, 0x01, 0xB9, 0xB0, 0xB0, 0xB0, 0x00, 0x00, 0x00, 0x00, 0x00,
    0xC0, 0xB0, 0xE0, 0x90, 0x10, 0x90, 0x90, 0x60, 0x70, 0x80, 0x80, 0xE0, 0xE0, 0x80, 0x70, 0x20,
    0x30, 0x20, 0x10, 0x20, 0x30, 0x40, 0x40, 0x40, 0x40, 0x40, 0x40, 0x40, 0x40, 0x30, 0x20, 0x20,
    0x20, 0x20, 0x30, 0x40, 0x40, 0x40, 0x40, 0x40, 0x40, 0x40, 0x40, 0x30, 0x20, 0x10, 0x20, 0x30,
    0x10, 0x60, 0x60, 0x80, 0xE0, 0x80, 0x80, 0x80, 0x60, 0x90, 0x90, 0x10, 0x90, 0xE0, 0xB0, 0xC0,
    0x00, 0x00, 0x70, 0xE0, 0x00, 0xE0, 0xE9, 0x01, 0x01, 0x01, 0x01, 0x09, 0x00, 0x00, 0xE0, 0x79,
    0x00, 0x00, 0x00, 0x00, 0x00, 0x00, 0x09, 0x09, 0x79, 0x79, 0x71, 0x01, 0x01, 0x09, 0x09, 0x09,
    0x01, 0x79, 0xE9, 0x09, 0x01, 0xE1, 0x79, 0x09, 0x09, 0x09, 0x00, 0x00, 0x00, 0x00, 0x09, 0xE9,
    0x79, 0x09, 0x01, 0x02, 0x09, 0x09, 0x00, 0x70, 0xE0, 0xE0, 0xE0, 0x70, 0x00, 0x00, 0x00, 0x00,
    0x00, 0x00, 0x00, 0x00, 0x00, 0x10, 0x21, 0x31, 0x41, 0x41, 0xE1, 0xE1, 0xE1, 0xE1, 0x41, 0x42,
    0x41, 0x49, 0xE9, 0xE1, 0xE2, 0xE2, 0x42, 0x43, 0x33, 0x23, 0x13, 0x04, 0x04, 0x04, 0x04, 0x04,
    0x04, 0x04, 0x04, 0x04, 0xF4, 0xF4, 0x44, 0xF3, 0xF3, 0xF2, 0xF3, 0x44, 0xF4, 0xF3, 0xF2, 0xF2,
    0xF3, 0x43, 0xF3, 0xF2, 0xF2, 0xF2, 0x81, 0x41, 0x41, 0x00, 0x70, 0x00, 0x50, 0x00, 0x00, 0x00,
    0x00, 0x00, 0x00, 0x00, 0x00, 0x01, 0x09, 0x01, 0x01, 0xB2, 0xB2, 0xB1, 0xB1, 0xB9, 0xB9, 0x09,
    0x09, 0x09, 0xA1, 0xA1, 0xA1, 0xA2, 0x02, 0x03, 0xB3, 0xB3, 0xB3, 0xB3, 0xB3, 0x02, 0x02, 0x03,
    0x02, 0x02, 0x02, 0x03, 0x04, 0x04, 0x0E, 0x04, 0x04, 0xB3, 0xB3, 0xB2, 0xB1, 0xB9, 0xB1, 0x01,
    0x02, 0xA2, 0xA2, 0x02, 0x02, 0x01, 0x09, 0xB9, 0xB0, 0xB0, 0xB0, 0x00, 0x00, 0x00, 0x00, 0x00,
    0xE0, 0xB0, 0xE0, 0x90, 0x90, 0x90, 0x60, 0x70, 0x80, 0x80, 0x80, 0xE0, 0xE0, 0x80, 0x70, 0x10,
    0x20, 0x10, 0xA0, 0xA0, 0x30, 0x30, 0x40, 0x40, 0x40, 0x40, 0x40, 0x40, 0x40, 0x40, 0x40, 0x30,
    0x30, 0x40, 0x40, 0x40, 0x40, 0x40, 0x40, 0x40, 0x40, 0x40, 0x30, 0x30, 0xA0, 0xA0, 0x10, 0x20,
    0x14, 0x60, 0x80, 0xE0, 0xE0, 0x80, 0x80, 0x80, 0x70, 0x60, 0x90, 0x90, 0x90, 0xE0, 0xB0, 0xE0,
    0x00, 0x70, 0xE0, 0x00, 0x00, 0xE0, 0x70, 0x09, 0x09, 0x09, 0x09, 0x00, 0x00, 0x00, 0x00, 0xE0,
    0x70, 0x00, 0x00, 0x00, 0x00, 0x00, 0x70, 0x79, 0xE9, 0xE9, 0xE9, 0x79, 0x79, 0x09, 0x09, 0x01,
    0x71, 0xE9, 0x09, 0x01, 0x01, 0x01, 0x09, 0x09, 0x09, 0x01, 0x09, 0x00, 0x00, 0x00, 0x00, 0x00,
    0xE9, 0x71, 0x02, 0x02, 0x09, 0x00, 0x70, 0xE0, 0x00, 0x00, 0x00, 0xE0, 0x70, 0x00, 0x00, 0x00,
    0x00, 0x00, 0x00, 0x00, 0x10, 0x21, 0x31, 0x41, 0x41, 0xE1, 0xE1, 0xE1, 0x41, 0x41, 0x32, 0x31,
    0x39, 0x39, 0x41, 0x42, 0xE2, 0xE2, 0xE2, 0x43, 0x43, 0x33, 0x24, 0x14, 0x04, 0x0E, 0x0E, 0x0E,
    0x04, 0xF4, 0xFE, 0xFE, 0x04, 0x44, 0xF4, 0xF4, 0xF4, 0xF3, 0x43, 0xF4, 0xF4, 0xF4, 0xF3, 0xF3,
    0xF3, 0xF3, 0x43, 0xF2, 0x43, 0xF2, 0x42, 0xF1, 0x41, 0x51, 0x00, 0x30, 0x00, 0x00, 0x00, 0x00,
    0x00, 0x00, 0x00, 0x00, 0x00, 0x09, 0x09, 0x01, 0x01, 0xB2, 0xB2, 0xB2, 0xB1, 0xB9, 0x09, 0x09,
    0x09, 0x09, 0xA1, 0xA1, 0xA1, 0xA2, 0x02, 0x02, 0xB2, 0xB3, 0xB3, 0xB3, 0x03, 0x02, 0x02, 0x02,
    0x02, 0x01, 0x02, 0x03, 0x03, 0x03, 0x04, 0x03, 0x02, 0x03, 0xB2, 0xB2, 0xB1, 0xB1, 0xB1, 0xB1,
    0x02, 0xA2, 0xA1, 0xA1, 0xA1, 0x01, 0x09, 0xB9, 0xB0, 0xB0, 0xB0, 0x00, 0x00, 0x00, 0x00, 0x00,
    0xD0, 0xB0, 0xE0, 0x90, 0x90, 0x90, 0x60, 0x80, 0x74, 0x74, 0x80, 0xE0, 0xE0, 0xE0, 0x70, 0x10,
    0x20, 0x20, 0x20, 0xA0, 0x20, 0x30, 0x40, 0x40, 0x40, 0x40, 0x40, 0x40, 0x40, 0x40, 0x40, 0x30,
    0x30, 0x40, 0x40, 0x40, 0x40, 0x40, 0x40, 0x40, 0x40, 0x40, 0x30, 0x20, 0xA0, 0x20, 0x22, 0x22,
    0x14, 0x72, 0xE0, 0xE0, 0xE0, 0x80, 0x74, 0x74, 0x80, 0x60, 0x90, 0x90, 0x90, 0xE0, 0xB0, 0xD0,
    0x00, 0x70, 0xE0, 0x00, 0x00, 0x00, 0x00, 0x00, 0x00, 0x00, 0x00, 0x00, 0x00, 0x00, 0x00, 0xE0,
    0x70, 0x00, 0x00, 0x00, 0x00, 0x70, 0xE9, 0xE9, 0x09, 0x09, 0x09, 0xE9, 0xE9, 0x79, 0x01, 0x01,
    0x79, 0xE9, 0x09, 0x01, 0x09, 0x09, 0x09, 0x09, 0x09, 0x09, 0x09, 0x00, 0x00, 0x09, 0x09, 0x00,
    0xE0, 0x79, 0x09, 0x01, 0x09, 0x79, 0xE0, 0x00, 0x00, 0x00, 0x00, 0x00, 0xE0, 0x70, 0x00, 0x00,
    0x00, 0x00, 0x00, 0x00, 0x11, 0x21, 0x31, 0x41, 0xE1, 0xE2, 0xE2, 0x42, 0x31, 0x32, 0x22, 0x21,
    0x21, 0x21, 0x31, 0x32, 0x42, 0xE2, 0xE2, 0xE3, 0x43, 0x34, 0x24, 0x14, 0x0E, 0x0E, 0x0E, 0x0E,
    0x0E, 0x04, 0x0E, 0x0E, 0xFE, 0xFE, 0xFE, 0xF4, 0xF4, 0xF3, 0xF3, 0x43, 0xF4, 0xF4, 0xF3, 0xF3,
    0xF4, 0xF4, 0xF3, 0x43, 0xF3, 0x43, 0xF2, 0x41, 0x51, 0x49, 0x41, 0x00, 0x00, 0x00, 0xE0, 0x00,
    0x00, 0x00, 0x00, 0x00, 0x00, 0x09, 0x09, 0x01, 0xB1, 0xB1, 0xB2, 0xB1, 0xB1, 0x09, 0x09, 0x09,
    0x09, 0x09, 0xA9, 0xA1, 0xA1, 0xA1, 0x02, 0xB2, 0xB2, 0xB2, 0xB3, 0x03, 0x03, 0x02, 0x01, 0x01,
    0x01, 0x09, 0x01, 0x02, 0x02, 0x03, 0x03, 0x03, 0x02, 0x02, 0x02, 0xB1, 0xB1, 0xB1, 0xB1, 0xB1,
    0x02, 0x01, 0xA1, 0xA1, 0xA9, 0xA9, 0x09, 0x09, 0xB0, 0xB0, 0xB0, 0xA0, 0xA0, 0xA0, 0x00, 0x00,
    0xC0, 0xB0, 0xE0, 0x90, 0x90, 0x90, 0x60, 0x70, 0x64, 0x74, 0x80, 0x80, 0xE0, 0xE0, 0x80, 0x60,
    0x10, 0x20, 0x20, 0x20, 0xA0, 0x30, 0x30, 0x40, 0x40, 0x40, 0x40, 0x40, 0x40, 0x40, 0x40, 0x30,
    0x30, 0x40, 0x40, 0x40, 0x40, 0x40, 0x40, 0x40, 0x40, 0x30, 0x30, 0xA0, 0x22, 0x22, 0x23, 0x13,
    0x63, 0x83, 0xE2, 0xE2, 0x80, 0x80, 0x74, 0x64, 0x70, 0x60, 0x90, 0x90, 0x90, 0xE0, 0xB0, 0xC0,
    0x00, 0x70, 0xE0, 0x00, 0x00, 0xE0, 0x00, 0x00, 0x00, 0x00, 0x00, 0x00, 0x00, 0x00, 0x00, 0xE0,
    0x70, 0x00, 0x00, 0x00, 0x70, 0xE0, 0x00, 0x09, 0x09, 0x09, 0x09, 0x09, 0x09, 0xE2, 0x72, 0x09,
    0x79, 0xE9, 0x09, 0x09, 0x09, 0x09, 0x09, 0x00, 0x09, 0x09, 0x00, 0x09, 0x09, 0x09, 0x09, 0x00,
    0xE0, 0x79, 0x01, 0x09, 0x09, 0x79, 0xE0, 0xE0, 0xE0, 0x00, 0x00, 0x00, 0xE0, 0x70, 0x00, 0x00,
    0x00, 0x00, 0x00, 0x10, 0x29, 0x31, 0x41, 0xE1, 0xE1, 0xE2, 0x43, 0x32, 0x21, 0x22, 0x12, 0x11,
    0x11, 0x11, 0x21, 0x22, 0x32, 0x41, 0xE2, 0xE3, 0xE3, 0x44, 0x34, 0x2E, 0x1E, 0x0E, 0x0E, 0x0E,
    0x0E, 0x0E, 0x0E, 0xFE, 0x0E, 0xFE, 0xFE, 0xFE, 0xF4, 0xF4, 0xF3, 0xF3, 0xF4, 0xF4, 0xF4, 0xF4,
    0xF4, 0xF4, 0xF4, 0xF3, 0x43, 0xF3, 0x42, 0x52, 0x41, 0xF9, 0x59, 0x01, 0x00, 0x30, 0xF0, 0x00,
    0x00, 0x00, 0x00, 0x00, 0x00, 0x09, 0x09, 0x09, 0xB1, 0xB9, 0xB1, 0xB1, 0x09, 0x09, 0x09, 0x09,
    0x09, 0xA9, 0xA9, 0xA9, 0xA1, 0x01, 0x01, 0xB1, 0xB2, 0xB2, 0xB2, 0x03, 0x03, 0xA2, 0x01, 0x09,
    0x09, 0x09, 0x09, 0x01, 0x02, 0x03, 0x03, 0x02, 0x02, 0x01, 0x01, 0x01, 0xB1, 0xB9, 0xB9, 0xB1,
    0x01, 0x02, 0xA2, 0xA2, 0xA9, 0xA9, 0x09, 0x00, 0xB0, 0xB0, 0xB0, 0xA0, 0xA0, 0xA0, 0x00, 0x00,
    0xB0, 0xB0, 0xE0, 0x90, 0x90, 0x90, 0x60, 0x60, 0x60, 0x70, 0x80, 0xE0, 0xE0, 0xE0, 0x82, 0x72,
    0x62, 0x12, 0x20, 0x20, 0xA0, 0x20, 0x30, 0x40, 0x40, 0x40, 0x40, 0x40, 0x40, 0x40, 0x40, 0x30,
    0x30, 0x40, 0x40, 0x40, 0x40, 0x40, 0x40, 0x40, 0x40, 0x30, 0x20, 0xA2, 0x23, 0x23, 0x14, 0x64,
    0x74, 0x84, 0xE3, 0xE3, 0xE2, 0x80, 0x70, 0x60, 0x60, 0x60, 0x90, 0x90, 0x90, 0xE0, 0xB0, 0xB0,
    0x00, 0x70, 0xE0, 0x00, 0x00, 0x70, 0x00, 0x00, 0x00, 0x00, 0x00, 0x00, 0x00, 0x00, 0x00, 0xE0,
    0x70, 0x00, 0x00, 0x00, 0x70, 0xE0, 0xE0, 0xE0, 0x09, 0x09, 0x09, 0x09, 0x01, 0xE2, 0x71, 0x09,
    0x79, 0xE0, 0x09, 0x09, 0xE9, 0x09, 0x00, 0x00, 0x09, 0x00, 0x00, 0x01, 0x09, 0x09, 0x00, 0x01,
    0xE9, 0x79, 0x09, 0x01, 0x71, 0xE9, 0x00, 0xE0, 0x70, 0x00, 0x00, 0x00, 0x00, 0xE0, 0x70, 0x00,
    0x00, 0x00, 0x00, 0x10, 0x29, 0x39, 0x41, 0xE1, 0xE2, 0x42, 0x33, 0x23, 0x12, 0x12, 0x02, 0x01,
    0x01, 0x01, 0x11, 0x11, 0x22, 0x32, 0x42, 0xE2, 0xE3, 0x44, 0x34, 0x2E, 0x1E, 0x0E, 0x0E, 0x0E,
    0x0E, 0x44, 0x0E, 0x0E, 0xFE, 0x4E, 0xFE, 0x4E, 0xFE, 0x44, 0xF3, 0xF3, 0x74, 0xFE, 0xF4, 0xF4,
    0x7E, 0x74, 0xF4, 0xF4, 0xF3, 0x73, 0xF3, 0x42, 0xF1, 0x49, 0x59, 0x49, 0x00, 0x30, 0x30, 0x00,
    0x00, 0x00, 0x00, 0x00, 0x00, 0x00, 0x09, 0x09, 0xB9, 0xB9, 0xB9, 0xB1, 0x09, 0x09, 0x09, 0x09,
    0x09, 0xA9, 0xA9, 0xA9, 0xA9, 0x09, 0x09, 0xB1, 0xB1, 0xB1, 0x02, 0x03, 0x02, 0xA2, 0xA1, 0x09,
    0x09, 0x09, 0x01, 0x01, 0x01, 0x02, 0x03, 0x02, 0x02, 0x02, 0x01, 0x09, 0xB9, 0xB9, 0xB9, 0xB1,
    0x01, 0x01, 0x01, 0xA1, 0xA1, 0xA9, 0xA9, 0x09, 0xB0, 0xB0, 0xB0, 0xB0, 0xA0, 0xA0, 0x00, 0x00,
    0xE0, 0xE0, 0xE0, 0x90, 0x90, 0x90, 0x60, 0x90, 0x60, 0x70, 0xE0, 0xE0, 0xE2, 0xE2, 0x82, 0x83,
    0x73, 0x62, 0x12, 0x22, 0x24, 0xA0, 0x30, 0x30, 0x40, 0x40, 0x40, 0xE0, 0x40, 0x40, 0x30, 0x30,
    0x30, 0x30, 0x40, 0x40, 0xE0, 0x40, 0x40, 0x40, 0x30, 0x30, 0xA2, 0x24, 0x24, 0x14, 0x6E, 0x73,
    0x83, 0x83, 0xE4, 0xE4, 0xE3, 0xE2, 0x70, 0x60, 0x90, 0x60, 0x90, 0x90, 0x90, 0xE0, 0xE0, 0xE0,
    0x00, 0x00, 0x70, 0xE0, 0x00, 0x00, 0x00, 0x00, 0x00, 0x00, 0x00, 0x00, 0x00, 0x00, 0xE0, 0x70,
    0x00, 0x00, 0x00, 0x70, 0xE0, 0x00, 0xE0, 0xE0, 0x00, 0x00, 0x00, 0x09, 0x01, 0x02, 0xE1, 0x79,
    0x09, 0x70, 0xE9, 0x09, 0x09, 0x09, 0x09, 0x00, 0x00, 0x09, 0x09, 0x09, 0x09, 0x09, 0x09, 0xE9,
    0x79, 0x09, 0x09, 0x01, 0x71, 0xE0, 0x00, 0x00, 0x00, 0x00, 0x00, 0x00, 0x00, 0xE0, 0x70, 0x00,
    0x00, 0x00, 0x10, 0x20, 0x30, 0x49, 0xE9, 0xE1, 0x41, 0x31, 0x22, 0x12, 0x02, 0x02, 0x02, 0x02,
    0x02, 0x02, 0x01, 0x01, 0x11, 0x22, 0x32, 0x43, 0xE3, 0xE4, 0x4E, 0x3E, 0x2E, 0x1E, 0x0E, 0x0E,
    0xF4, 0x44, 0x0E, 0x4E, 0x0E, 0x4E, 0xFE, 0xFE, 0x4E, 0xF4, 0x44, 0xF3, 0xF4, 0xF4, 0xFE, 0xFE,
    0xFE, 0xF4, 0x74, 0xF4, 0x73, 0xF3, 0x73, 0xF2, 0x41, 0x71, 0x49, 0x69, 0x40, 0x70, 0x00, 0xF0,
    0x00, 0x00, 0x00, 0xB0, 0x09, 0x01, 0x01, 0x02, 0xB1, 0xB9, 0xB9, 0xB9, 0xB9, 0x09, 0x09, 0x09,
    0xA9, 0xA9, 0xA9, 0xA9, 0x09, 0x09, 0xB1, 0xB9, 0xB9, 0xB1, 0x01, 0x02, 0x02, 0xA2, 0xA1, 0xA9,
    0x09, 0x09, 0x01, 0x01, 0x01, 0x02, 0x02, 0x01, 0x01, 0x02, 0x01, 0x09, 0xB9, 0xB9, 0xB9, 0xB1,
    0x01, 0x01, 0x01, 0x01, 0xA9, 0xA9, 0xA9, 0x09, 0x09, 0xB0, 0xB0, 0xB0, 0xA0, 0x00, 0x00, 0x00,
    0xE0, 0xE0, 0xE0, 0x90, 0x90, 0x90, 0x90, 0x90, 0x60, 0x80, 0xE0, 0xE2, 0xE2, 0xE3, 0xE3, 0x84,
    0x74, 0x73, 0x13, 0x22, 0x22, 0x10, 0xA0, 0x20, 0x30, 0x40, 0x40, 0x40, 0xE0, 0xE0, 0xE0, 0xE0,
    0xE0, 0xE0, 0xE0, 0xE0, 0x40, 0x40, 0x40, 0x30, 0x20, 0xA2, 0x13, 0x24, 0x23, 0x13, 0x74, 0x74,
    0x84, 0xE4, 0xE3, 0xE3, 0xE4, 0xE3, 0x82, 0x60, 0x90, 0x90, 0x90, 0x90, 0x90, 0xE0, 0xE0, 0xE0,
    0x00, 0x00, 0x70, 0xE0, 0x00, 0x00, 0x00, 0x00, 0x00, 0x00, 0x00, 0x00, 0x00, 0x00, 0xE0, 0x70,
    0x00, 0x00, 0x00, 0x70, 0xE0, 0x00, 0x00, 0x00, 0x09, 0x09, 0x00, 0x09, 0x09, 0x01, 0xE9, 0x79,
    0x00, 0x00, 0x79, 0xE9, 0x09, 0x01, 0x09, 0x00, 0x00, 0x09, 0x09, 0x00, 0x09, 0x09, 0xE1, 0x70,
    0x00, 0x00, 0x00, 0x00, 0x70, 0xE0, 0x00, 0x00, 0x00, 0x00, 0x00, 0x00, 0x00, 0xE0, 0x70, 0x00,
    0x00, 0x00, 0x10, 0x20, 0x31, 0x41, 0xE1, 0xE1, 0x41, 0x31, 0x21, 0x12, 0x02, 0x02, 0x02, 0x02,
    0x03, 0x02, 0x02, 0x02, 0x12, 0x22, 0x32, 0x43, 0xE3, 0xE3, 0x4E, 0x34, 0x2E, 0x1E, 0x0E, 0x04,
    0x03, 0xF4, 0x4E, 0xFE, 0x4E, 0xFE, 0x4E, 0x8E, 0xFE, 0x44, 0xF4, 0x44, 0xF4, 0x44, 0xFE, 0x4E,
    0x7E, 0x74, 0xF4, 0x74, 0xF3, 0x63, 0xF2, 0x72, 0xF1, 0xF9, 0x79, 0x49, 0x69, 0x40, 0x00, 0x30,
    0x00, 0x00, 0x01, 0xB1, 0xB1, 0x01, 0x01, 0x01, 0x01, 0xB1, 0xB2, 0xB2, 0xB2, 0x09, 0x09, 0x01,
    0xA9, 0xA9, 0xA9, 0xA9, 0x09, 0x09, 0xB9, 0xB1, 0xB1, 0x01, 0x01, 0x09, 0xA1, 0xA2, 0xA2, 0xA9,
    0x09, 0x09, 0x01, 0x01, 0x02, 0x01, 0xB1, 0x01, 0x02, 0x01, 0x01, 0x01, 0xB1, 0xB9, 0xB9, 0x09,
    0x01, 0x09, 0x01, 0x09, 0xA9, 0xA9, 0xA9, 0x09, 0xA9, 0xB9, 0xB0, 0xB0, 0xB0, 0x00, 0x00, 0x00,
    0xE0, 0xE0, 0xE0, 0x90, 0x50, 0x90, 0x90, 0x60, 0x70, 0x80, 0xE0, 0xE2, 0xE3, 0xE4, 0xE4, 0x8E,
    0x8E, 0x74, 0x14, 0x23, 0x22, 0x30, 0x10, 0xA0, 0x10, 0x20, 0x30, 0x30, 0x40, 0x40, 0x40, 0x40,
    0x40, 0x40, 0x40, 0x40, 0x30, 0x30, 0x20, 0x10, 0xA0, 0x12, 0x33, 0x24, 0x23, 0x14, 0x74, 0x8E,
    0x8E, 0xE4, 0xE4, 0xE3, 0xE4, 0xE3, 0x82, 0x70, 0x60, 0x90, 0x90, 0x50, 0x90, 0xE0, 0xE0, 0xE0,
    0x00, 0x00, 0x00, 0x70, 0xE0, 0x00, 0x00, 0x00, 0x00, 0x00, 0x00, 0x00, 0x00, 0xE0, 0x70, 0x00,
    0x00, 0x00, 0x00, 0x70, 0xE0, 0x00, 0xE0, 0x00, 0x00, 0x00, 0x09, 0x00, 0x09, 0x09, 0xE0, 0x70,
    0x00, 0x09, 0x09, 0x79, 0xE1, 0xE9, 0x09, 0x00, 0x00, 0x00, 0x09, 0x09, 0xE0, 0xE0, 0x70, 0x00,
    0x00, 0x00, 0x00, 0x00, 0x70, 0xE0, 0x00, 0x00, 0x00, 0x00, 0x00, 0x00, 0x00, 0xE0, 0x70, 0x00,
    0x00, 0x00, 0x10, 0x21, 0x31, 0x41, 0xE2, 0x42, 0x32, 0x21, 0x12, 0x02, 0x02, 0x02, 0x02, 0x03,
    0x03, 0x02, 0x02, 0x02, 0x02, 0x12, 0x22, 0x33, 0x43, 0xE3, 0x4E, 0x34, 0x2E, 0x1E, 0x0E, 0x04,
    0x03, 0xF4, 0x0E, 0x4E, 0x7E, 0x4E, 0x8E, 0x4E, 0x8E, 0xF4, 0x84, 0xF4, 0x44, 0xF4, 0x7E, 0xF4,
    0xF4, 0xF4, 0x74, 0xF3, 0x63, 0x72, 0x62, 0xF1, 0x71, 0x79, 0x79, 0xF9, 0x49, 0xF0, 0x40, 0x70,
    0x00, 0x00, 0x01, 0xB1, 0xB2, 0x02, 0x02, 0x01, 0x01, 0x02, 0xB2, 0xB2, 0xB2, 0xB9, 0x09, 0x01,
    0x01, 0xA1, 0xA1, 0xA9, 0x09, 0xB9, 0xB9, 0xB9, 0xB1, 0x09, 0x09, 0x01, 0xA1, 0xA2, 0xA2, 0xA1,
    0x01, 0x01, 0x01, 0x02, 0x02, 0xB1, 0xB1, 0x01, 0x01, 0x01, 0x01, 0xB1, 0xB1, 0xB1, 0xB1, 0x01,
    0x01, 0x01, 0x01, 0xA9, 0xA9, 0xA9, 0xA9, 0x09, 0xA9, 0xA9, 0xB0, 0xB0, 0xB0, 0x00, 0x00, 0x00,
    0xE0, 0xE0, 0xE0, 0x90, 0x50, 0x90, 0x90, 0x60, 0x80, 0xE0, 0xE2, 0x82, 0xE3, 0xE4, 0xEE, 0x8E,
    0x8E, 0x7E, 0x64, 0x13, 0x22, 0x22, 0x30, 0x10, 0xA0, 0xA0, 0xA0, 0xA0, 0xA0, 0xA0, 0xA0, 0xA0,
    0xA0, 0xA0, 0xA0, 0xA0, 0xA0, 0xA0, 0xA0, 0xA0, 0x12, 0x33, 0x24, 0x23, 0x14, 0x64, 0x7E, 0x8E,
    0x8E, 0xEE, 0xE4, 0xE4, 0x83, 0xE4, 0xE3, 0x82, 0x60, 0x90, 0x90, 0x50, 0x90, 0xE0, 0xE0, 0xE0,
    0x00, 0x00, 0x00, 0x00, 0x70, 0xE0, 0xE0, 0x00, 0x00, 0x00, 0x00, 0xE0, 0xE0, 0x70, 0x00, 0x00,
    0x00, 0x00, 0x00, 0x00, 0x70, 0xE0, 0x00, 0x00, 0x00, 0x09, 0x09, 0x09, 0x00, 0xE0, 0x70, 0x00,
    0x09, 0x09, 0x09, 0x01, 0x71, 0x79, 0xE9, 0xE0, 0xE0, 0xE0, 0xE0, 0xE0, 0x70, 0x70, 0x00, 0x00,
    0x00, 0x00, 0x00, 0x00, 0x70, 0xE0, 0x00, 0xE0, 0x00, 0x00, 0x00, 0x00, 0x00, 0xE0, 0x70, 0x00,
    0x00, 0x10, 0x21, 0x31, 0x41, 0xE2, 0xE2, 0x42, 0x32, 0x22, 0x12, 0x03, 0x03, 0x02, 0x02, 0x02,
    0x02, 0x02, 0x03, 0x03, 0x02, 0x12, 0x22, 0x32, 0x43, 0xE3, 0xE4, 0x44, 0x34, 0x2E, 0x14, 0x03,
    0x02, 0x03, 0xF4, 0x0E, 0x4E, 0x8E, 0x4E, 0x8E, 0xFE, 0x84, 0xF4, 0x83, 0xF4, 0x74, 0xF4, 0x74,
    0x74, 0x73, 0xF3, 0x62, 0xF2, 0x62, 0x71, 0x61, 0x71, 0x71, 0x51, 0x79, 0x59, 0x49, 0xF0, 0x00,
    0x00, 0x01, 0x01, 0xB2, 0xB2, 0x02, 0x02, 0x01, 0xA1, 0x02, 0xB3, 0xB3, 0xB3, 0xB2, 0xB1, 0x02,
    0x03, 0xA3, 0xA3, 0xA2, 0xA2, 0xB1, 0xB9, 0xB9, 0xB9, 0x09, 0x01, 0x01, 0xA2, 0xA3, 0xA3, 0x02,
    0x02, 0x02, 0x02, 0x03, 0xB2, 0xB2, 0x01, 0x01, 0x01, 0x02, 0xB2, 0xB2, 0xB1, 0xB1, 0xB1, 0x09,
    0x09, 0x09, 0xA9, 0xA9, 0xA9, 0xA9, 0x09, 0x01, 0xA9, 0xA9, 0xB9, 0xB0, 0xB0, 0x00, 0x00, 0x00,
    0xE0, 0xE0, 0xE0, 0x90, 0x50, 0x94, 0x94, 0x60, 0x80, 0xE0, 0x82, 0x83, 0xE4, 0xEE, 0xEE, 0xEE,
    0x8E, 0x7E, 0x7E, 0x64, 0x13, 0x22, 0x20, 0x34, 0x34, 0x30, 0x30, 0x20, 0x20, 0x20, 0x20, 0x20,
    0x23, 0x23, 0x23, 0x20, 0x20, 0x30, 0x30, 0x30, 0x32, 0x2E, 0x2E, 0x13, 0x64, 0x7E, 0x7E, 0x8E,
    0xEE, 0xEE, 0xEE, 0xE4, 0x83, 0x84, 0xE3, 0x82, 0x60, 0x90, 0x90, 0x53, 0x93, 0xE3, 0xE0, 0xE0,
    0x00, 0x00, 0x00, 0x00, 0x00, 0x70, 0x70, 0xE0, 0xE0, 0xE0, 0xE0, 0x70, 0x70, 0x00, 0x00, 0x00,
    0x00, 0x00, 0x00, 0x00, 0x70, 0xE0, 0x00, 0x00, 0x09, 0x09, 0x01, 0x09, 0x09, 0xE0, 0x70, 0x00,
    0x09, 0x09, 0x01, 0x01, 0x09, 0x09, 0x79, 0x70, 0x70, 0x70, 0x70, 0x70, 0x00, 0x00, 0x00, 0x00,
    0x00, 0x00, 0x00, 0x00, 0x00, 0x70, 0xE0, 0x00, 0x00, 0x00, 0x00, 0x00, 0xE0, 0x70, 0x00, 0x00,
    0x00, 0x10, 0x21, 0x31, 0x41, 0xE2, 0xE2, 0x42, 0x32, 0x22, 0x13, 0x03, 0x03, 0x02, 0x03, 0x03,
    0x03, 0x03, 0x03, 0x04, 0x03, 0x12, 0x22, 0x32, 0x42, 0xE2, 0xE3, 0x43, 0x33, 0x24, 0x13, 0x03,
    0xF2, 0x02, 0x34, 0xF4, 0xF4, 0x8E, 0x8E, 0x7E, 0x7E, 0xFE, 0x74, 0xF3, 0xF3, 0xF4, 0x74, 0x73,
    0xF3, 0x72, 0x62, 0xF2, 0x63, 0x73, 0x52, 0x72, 0x61, 0x51, 0x71, 0x91, 0x79, 0xF9, 0x40, 0x00,
    0x00, 0x09, 0x01, 0xB1, 0xB2, 0xB1, 0x01, 0x01, 0xA2, 0x02, 0x03, 0xB4, 0xB4, 0xB2, 0xB2, 0x03,
    0x04, 0x04, 0xA4, 0xA3, 0xA2, 0xB1, 0xB1, 0xB9, 0xB9, 0x01, 0x01, 0x02, 0x02, 0xA3, 0xA4, 0x03,
    0x03, 0x03, 0x03, 0x03, 0xB3, 0xB2, 0x01, 0x01, 0x02, 0x02, 0xB2, 0xB2, 0xB2, 0xB1, 0x09, 0x09,
    0x09, 0xA9, 0xA9, 0xA9, 0xA1, 0xA9, 0x09, 0x01, 0xA1, 0xA1, 0xB9, 0xB9, 0xB0, 0x00, 0x00, 0x00,
    0xE0, 0xE0, 0xE0, 0x90, 0x50, 0x94, 0x94, 0x60, 0x80, 0x80, 0x72, 0x83, 0x84, 0xEE, 0xEE, 0xEE,
    0xEE, 0x8E, 0x7E, 0x64, 0x63, 0x12, 0x10, 0x24, 0x24, 0x20, 0x30, 0x30, 0x40, 0x40, 0x40, 0xE0,
    0xE3, 0x43, 0x43, 0x40, 0x30, 0x30, 0x20, 0x20, 0x22, 0x13, 0x14, 0x63, 0x64, 0x7E, 0x8E, 0xEE,
    0xEE, 0xEE, 0xEE, 0x84, 0x83, 0x74, 0x83, 0x82, 0x60, 0x90, 0x90, 0x53, 0x93, 0xE3, 0xE0, 0xE0,
    0x00, 0x00, 0x00, 0x00, 0x00, 0x00, 0x00, 0x70, 0x70, 0x70, 0x70, 0x00, 0x00, 0x00, 0x00, 0x00,
    0x00, 0x00, 0x00, 0x00, 0x00, 0x79, 0xE9, 0xE9, 0x09, 0x01, 0x02, 0xE1, 0xE9, 0x70, 0x00, 0x09,
    0x09, 0x01, 0x01, 0x09, 0x09, 0x01, 0x09, 0x00, 0x09, 0x00, 0x00, 0x00, 0x00, 0x00, 0x00, 0x00,
    0x00, 0x00, 0x00, 0x00, 0x00, 0x70, 0xE0, 0x00, 0x00, 0x00, 0x00, 0x00, 0xE0, 0x70, 0x00, 0x00,
    0x00, 0x00, 0x11, 0x21, 0x31, 0x41, 0xE2, 0x42, 0x33, 0x22, 0x13, 0x04, 0x04, 0x03, 0x03, 0x04,
    0x04, 0x0E, 0x04, 0x04, 0x04, 0x13, 0x23, 0x32, 0x42, 0xE2, 0x42, 0x33, 0x23, 0x14, 0x04, 0x0E,
    0x04, 0x04, 0xF3, 0x03, 0x54, 0x84, 0x5E, 0x7E, 0xFE, 0x74, 0xF4, 0x73, 0xF3, 0x73, 0x73, 0x73,
    0x73, 0x63, 0x73, 0x63, 0x63, 0x52, 0x62, 0x52, 0x72, 0x61, 0x51, 0x79, 0xF9, 0x40, 0xF0, 0x00,
    0x00, 0x09, 0x09, 0x01, 0xB1, 0xB1, 0x01, 0x09, 0xA1, 0xA2, 0x03, 0xB4, 0xB4, 0xB3, 0xB2, 0x02,
    0x03, 0x04, 0xA4, 0xA3, 0xA2, 0xB2, 0xB1, 0xB1, 0xB9, 0xB1, 0x01, 0x02, 0x03, 0xA3, 0xAE, 0x04,
    0x03, 0x03, 0x02, 0x02, 0xB3, 0x03, 0x02, 0x02, 0x02, 0xB3, 0xB3, 0xB2, 0xB2, 0xB1, 0x01, 0x09,
    0xA9, 0xA9, 0xA9, 0xA1, 0xA1, 0x09, 0x09, 0x09, 0xA1, 0xB1, 0xB9, 0xB9, 0x00, 0x00, 0x00, 0x00,
    0xE0, 0xE0, 0xE0, 0x90, 0x50, 0x50, 0x90, 0x60, 0x70, 0x80, 0x62, 0x82, 0x83, 0xE4, 0xEE, 0xEE,
    0xEE, 0xEE, 0x84, 0x63, 0x62, 0x62, 0x90, 0x90, 0x90, 0x10, 0x10, 0x20, 0x20, 0x20, 0x30, 0x30,
    0x30, 0x30, 0x20, 0x20, 0x20, 0x10, 0x10, 0x90, 0x92, 0x93, 0x64, 0x63, 0x64, 0x84, 0xEE, 0xEE,
    0xEE, 0xEE, 0xE4, 0x84, 0x83, 0x64, 0x83, 0x72, 0x60, 0x90, 0x50, 0x50, 0x90, 0xE0, 0xE0, 0xE0,
    0x00, 0x00, 0x00, 0x00, 0x00, 0x00, 0x00, 0x00, 0x00, 0x00, 0x00, 0x00, 0x00, 0x00, 0x00, 0x00,
    0x00, 0x00, 0x00, 0x00, 0x00, 0x09, 0x79, 0x71, 0xE1, 0xE1, 0xE1, 0x79, 0x79, 0x00, 0x00, 0x09,
    0x09, 0x01, 0x09, 0x09, 0x01, 0x09, 0x09, 0x09, 0x09, 0x00, 0x00, 0x00, 0x00, 0x00, 0x00, 0x00,
    0x00, 0x00, 0x00, 0x00, 0x00, 0x00, 0x70, 0xE0, 0x00, 0x00, 0x00, 0xE0, 0x70, 0x00, 0x00, 0x00,
    0x00, 0x09, 0x11, 0x29, 0x31, 0x41, 0xE2, 0xE2, 0x43, 0x33, 0x23, 0x13, 0x03, 0x03, 0x03, 0x04,
    0x0E, 0x0E, 0x0E, 0x04, 0x14, 0x24, 0x33, 0x42, 0xE3, 0xE3, 0x43, 0x34, 0x24, 0x1E, 0x0E, 0x0E,
    0x0E, 0xF4, 0x84, 0x83, 0x43, 0xF4, 0x84, 0x74, 0x74, 0xF4, 0x74, 0xF3, 0xF3, 0x73, 0xF3, 0x73,
    0x74, 0x74, 0x63, 0x63, 0x52, 0x62, 0x52, 0x62, 0x52, 0x91, 0x71, 0x79, 0x79, 0x90, 0x80, 0x00,
    0x00, 0x09, 0x09, 0x09, 0xB1, 0xB1, 0x09, 0x01, 0xA1, 0xA2, 0x03, 0xB4, 0xBE, 0xB4, 0xB3, 0xB2,
    0x02, 0x03, 0xA3, 0xA2, 0xA2, 0xB2, 0xB1, 0xB1, 0xB9, 0xB1, 0x01, 0x02, 0x02, 0xA2, 0xA3, 0x03,
    0x03, 0x02, 0x02, 0xB2, 0xB3, 0x02, 0x02, 0x02, 0x03, 0xB4, 0xB4, 0xB3, 0xB2, 0xB1, 0x01, 0xA1,
    0xA9, 0xA9, 0xA9, 0xA1, 0x09, 0x09, 0x09, 0x09, 0xB9, 0xB9, 0xB9, 0xB9, 0xA0, 0x00, 0x00, 0x00,
    0xE0, 0xE0, 0xE0, 0x90, 0x50, 0x50, 0x90, 0x90, 0x60, 0x70, 0x60, 0x72, 0x83, 0xE4, 0xE4, 0x8E,
    0xEE, 0xE4, 0x84, 0x63, 0x62, 0x60, 0x60, 0x60, 0x90, 0x90, 0x90, 0x10, 0x10, 0x20, 0x20, 0x20,
    0x20, 0x20, 0x20, 0x10, 0x10, 0x90, 0x90, 0x90, 0x60, 0x62, 0x63, 0x64, 0x63, 0x84, 0xE4, 0xEE,
    0x8E, 0xE4, 0xE4, 0x83, 0x74, 0x63, 0x72, 0x60, 0x90, 0x90, 0x50, 0x50, 0x90, 0xE0, 0xE0, 0xE0,
    0x00, 0x00, 0x00, 0x00, 0x00, 0x00, 0x00, 0x00, 0x00, 0x00, 0x00, 0x00, 0x00, 0x00, 0x00, 0x00,
    0x00, 0x00, 0x00, 0x00, 0x00, 0x00, 0x00, 0x09, 0x79, 0x79, 0x79, 0x00, 0x00, 0x00, 0x00, 0x00,
    0x09, 0x09, 0x09, 0x01, 0x01, 0x09, 0x09, 0x09, 0x00, 0x00, 0x00, 0x00, 0x00, 0x00, 0x00, 0x00,
    0x00, 0x00, 0x00, 0x00, 0x00, 0x00, 0x00, 0x70, 0xE0, 0xE0, 0xE0, 0x70, 0x00, 0x00, 0x00, 0x00,
    0x00, 0x09, 0x19, 0x29, 0x31, 0x41, 0xE2, 0xE3, 0x43, 0x33, 0x23, 0x14, 0x03, 0x03, 0x04, 0x04,
    0x0E, 0x0E, 0x0E, 0x0E, 0x14, 0x24, 0x33, 0x43, 0xE4, 0xE4, 0x44, 0x34, 0x2E, 0x1E, 0x0E, 0x0E,
    0x0E, 0xEE, 0x0E, 0x63, 0x72, 0x43, 0x53, 0x74, 0x73, 0x74, 0xF3, 0x73, 0x73, 0x62, 0x72, 0x73,
    0x73, 0x64, 0x63, 0x52, 0x62, 0x53, 0x53, 0x52, 0x52, 0x51, 0x79, 0x79, 0x50, 0x60, 0x00, 0x00,
    0x00, 0x00, 0x09, 0x09, 0xB9, 0xB9, 0xB9, 0xA1, 0xA1, 0xA2, 0x02, 0x03, 0xB4, 0xB3, 0xB3, 0xB2,
    0x01, 0xA2, 0xA2, 0xA2, 0xA2, 0x01, 0xB1, 0xB1, 0xB1, 0xB9, 0xB1, 0x01, 0xA2, 0xA2, 0xA2, 0x03,
    0x02, 0x02, 0x02, 0xB3, 0xB2, 0x02, 0x01, 0x02, 0x03, 0xB3, 0xB4, 0xB4, 0xB2, 0xB1, 0x01, 0xA9,
    0xA9, 0xA9, 0xA9, 0x01, 0x09, 0x09, 0x01, 0xB1, 0xB1, 0xB9, 0xB9, 0xA9, 0xA0, 0x00, 0x00, 0x00,
    0xE0, 0xE0, 0xE0, 0x90, 0x50, 0x50, 0x90, 0x90, 0x60, 0x70, 0x60, 0x62, 0x72, 0x83, 0xE3, 0x84,
    0xE4, 0xE3, 0xE3, 0x74, 0x62, 0x60, 0x60, 0x60, 0x60, 0x50, 0x50, 0x10, 0x10, 0x10, 0x10, 0x10,
    0x10, 0x10, 0x10, 0x10, 0x10, 0x50, 0x50, 0x60, 0x60, 0x62, 0x63, 0x64, 0x7E, 0xE3, 0xE4, 0xE4,
    0x84, 0xE4, 0x83, 0x73, 0x64, 0x63, 0x72, 0x60, 0x90, 0x90, 0x50, 0x50, 0x90, 0xE0, 0xE0, 0xE0,
    0x00, 0x00, 0x00, 0x00, 0x00, 0x00, 0x00, 0x00, 0x00, 0x00, 0x00, 0x00, 0x00, 0x00, 0x00, 0x00,
    0x00, 0x00, 0x00, 0x00, 0x00, 0x00, 0x00, 0x00, 0x00, 0x09, 0x00, 0x00, 0x00, 0x00, 0x00, 0x09,
    0x09, 0x09, 0x01, 0x02, 0x09, 0x09, 0x00, 0x09, 0x09, 0x00, 0x00, 0x00, 0x00, 0x00, 0x00, 0x70,
    0x70, 0x70, 0x00, 0x00, 0x00, 0x00, 0x00, 0x00, 0x70, 0x70, 0x70, 0x00, 0x00, 0x00, 0x00, 0x00,
    0x00, 0x00, 0x09, 0x19, 0x21, 0x32, 0x42, 0xE3, 0xE3, 0x42, 0x33, 0x23, 0x13, 0x14, 0x04, 0x0E,
    0x0E, 0x0E, 0x1E, 0x1E, 0x2E, 0x34, 0x43, 0xE3, 0xE4, 0x44, 0x34, 0x2E, 0x1E, 0x0E, 0x0E, 0x0E,
    0x0E, 0x0E, 0x94, 0x74, 0xF3, 0x52, 0x42, 0x83, 0x73, 0x83, 0x73, 0x73, 0x62, 0x72, 0x62, 0x72,
    0x63, 0x74, 0x63, 0x62, 0x52, 0x53, 0x52, 0x52, 0x91, 0x51, 0x69, 0x09, 0x60, 0xF0, 0x60, 0x00,
    0x00, 0x00, 0x09, 0x09, 0xB9, 0xB9, 0xB9, 0xA1, 0xA1, 0xA1, 0x02, 0x02, 0xB3, 0xB3, 0xB2, 0x02,
    0x01, 0xA1, 0xA2, 0xA1, 0xA1, 0x01, 0xB9, 0xB1, 0xB9, 0xB9, 0xB9, 0x01, 0xA1, 0xA2, 0xA2, 0xA2,
    0x02, 0x01, 0x02, 0xB2, 0xB2, 0xB2, 0x01, 0x02, 0x02, 0xA2, 0xB3, 0xB3, 0xB2, 0xB1, 0xB1, 0xA9,
    0xA9, 0xA9, 0x09, 0x09, 0x09, 0x01, 0xB1, 0xB1, 0xB9, 0xB9, 0xA9, 0xA9, 0xA9, 0x09, 0x00, 0x00,
    0xE0, 0xE0, 0xE0, 0x90, 0x50, 0x50, 0x50, 0x90, 0x90, 0x60, 0x60, 0x90, 0x62, 0x82, 0xE2, 0x83,
    0x83, 0xE2, 0xE2, 0x82, 0x70, 0x60, 0x60, 0x60, 0x60, 0x60, 0x60, 0x50, 0x10, 0x10, 0x10, 0x50,
    0x50, 0x10, 0x10, 0x10, 0x50, 0x60, 0x60, 0x60, 0x60, 0x60, 0x62, 0x73, 0x84, 0xE4, 0xE3, 0x83,
    0x83, 0xE3, 0x84, 0x64, 0x93, 0x62, 0x60, 0x90, 0x90, 0x50, 0x50, 0x50, 0x90, 0xE0, 0xE0, 0xE0,
    0x00, 0x00, 0x00, 0x00, 0x00, 0x00, 0x00, 0x00, 0x00, 0x00, 0x00, 0x00, 0x00, 0x00, 0x70, 0x70,
    0x70, 0x70, 0x70, 0x00, 0x00, 0x00, 0x00, 0x00, 0x00, 0x00, 0x00, 0x00, 0x00, 0x00, 0x09, 0x01,
    0x09, 0x09, 0x01, 0x09, 0x09, 0x00, 0x00, 0x09, 0x09, 0x00, 0x00, 0x00, 0x00, 0x70, 0x70, 0xE0,
    0xE0, 0xE0, 0x70, 0x70, 0x00, 0x00, 0x00, 0x00, 0x00, 0x00, 0x00, 0x00, 0x00, 0x00, 0x00, 0x00,
    0x00, 0x01, 0x01, 0x11, 0x21, 0x32, 0x42, 0xE3, 0xE3, 0xE2, 0x43, 0x33, 0x24, 0x24, 0x14, 0x1E,
    0x1E, 0x1E, 0x24, 0x2E, 0x34, 0x44, 0xE3, 0xE3, 0xE4, 0x44, 0x3E, 0x2E, 0x1E, 0x0E, 0x0E, 0x0E,
    0x0E, 0x9E, 0x04, 0x94, 0xF3, 0xF2, 0x51, 0xF2, 0x82, 0x73, 0x73, 0x63, 0x73, 0x62, 0x72, 0x63,
    0x73, 0x64, 0x73, 0x62, 0x52, 0x92, 0x52, 0x92, 0x51, 0x91, 0x51, 0x69, 0xF9, 0x91, 0x50, 0x00,
    0x00, 0x00, 0x00, 0x00, 0x00, 0xB0, 0xB1, 0xB1, 0xB1, 0x01, 0x01, 0x02, 0x02, 0xB2, 0xB2, 0x02,
    0xA1, 0xA1, 0xA1, 0xA1, 0x01, 0x01, 0x09, 0xB9, 0xB9, 0xB9, 0xB9, 0xA1, 0xA1, 0xA1, 0xA1, 0xA2,
    0x01, 0x09, 0x01, 0xB2, 0xB2, 0xB1, 0x09, 0x01, 0x02, 0xA2, 0xB2, 0xB2, 0xB1, 0xB1, 0xB1, 0xB9,
    0xA9, 0xA9, 0xA9, 0x09, 0x09, 0xB9, 0xB1, 0xB1, 0xB1, 0x01, 0xA9, 0xA9, 0x09, 0x09, 0x09, 0x00,
    0xB0, 0xB0, 0xE0, 0x90, 0x50, 0x50, 0x50, 0x90, 0x90, 0x90, 0x94, 0x90, 0x60, 0x80, 0x82, 0x84,
    0x82, 0x82, 0xE0, 0x80, 0x70, 0x70, 0x60, 0x60, 0x60, 0x60, 0x60, 0x60, 0x50, 0x10, 0x50, 0x60,
    0x60, 0x50, 0x10, 0x50, 0x60, 0x60, 0x60, 0x60, 0x60, 0x60, 0x70, 0x72, 0x83, 0xE3, 0x84, 0x84,
    0x84, 0x84, 0x83, 0x63, 0x92, 0x94, 0x90, 0x90, 0x90, 0x50, 0x50, 0x50, 0x90, 0xE0, 0xB0, 0xB0,
    0x00, 0x00, 0x00, 0x00, 0x00, 0x00, 0x00, 0x00, 0x00, 0x00, 0x00, 0x00, 0x70, 0x70, 0xE0, 0xE0,
    0xE0, 0xE0, 0xE0, 0x70, 0x70, 0x00, 0x00, 0x00, 0x00, 0x00, 0x00, 0x00, 0x00, 0x09, 0x01, 0x01,
    0x09, 0x09, 0x01, 0x09, 0x09, 0x00, 0x00, 0x00, 0x09, 0x00, 0x00, 0x00, 0x70, 0xE0, 0xE0, 0x00,
    0x00, 0x00, 0xE0, 0xE0, 0x70, 0x00, 0x00, 0x00, 0x00, 0x00, 0x00, 0x00, 0x00, 0x00, 0x00, 0x00,
    0x00, 0x01, 0x01, 0x01, 0x11, 0x21, 0x32, 0x42, 0xE2, 0xE2, 0xE3, 0x43, 0x34, 0x34, 0x24, 0x24,
    0x2E, 0x24, 0x34, 0x34, 0x44, 0xE4, 0xE3, 0xE3, 0x44, 0x34, 0x2E, 0x1E, 0x0E, 0x0E, 0x0E, 0x0E,
    0x9E, 0x0E, 0x94, 0x04, 0xF3, 0x02, 0x91, 0x52, 0x73, 0x64, 0x74, 0x73, 0x63, 0x73, 0x63, 0x74,
    0x64, 0x74, 0x63, 0x52, 0x92, 0x52, 0x92, 0x51, 0x51, 0x51, 0x61, 0x51, 0xF1, 0x51, 0x91, 0x00,
    0x00, 0x00, 0x00, 0x00, 0x01, 0x01, 0xB1, 0xB9, 0xB1, 0xB9, 0x01, 0x01, 0x02, 0x02, 0xB1, 0x01,
    0xA1, 0xA9, 0xA1, 0x09, 0x09, 0x09, 0x09, 0xB1, 0xB1, 0xB9, 0x09, 0x09, 0xA1, 0xA1, 0xA1, 0xA1,
    0x09, 0x09, 0x01, 0x01, 0xB1, 0xB1, 0xB9, 0x01, 0x01, 0xA1, 0xA1, 0xB1, 0xB1, 0xB1, 0xB9, 0xB9,
    0xA9, 0xA9, 0xA9, 0xA9, 0xB9, 0xB1, 0xB1, 0xB2, 0x02, 0x02, 0xA1, 0xA1, 0x01, 0x09, 0x09, 0x09,
    0xC0, 0xB0, 0xE0, 0x90, 0x50, 0x50, 0x50, 0x50, 0x90, 0x90, 0x90, 0x90, 0x60, 0x70, 0x80, 0x84,
    0x70, 0x80, 0xE0, 0x80, 0x80, 0x70, 0x70, 0x60, 0x60, 0x60, 0x60, 0x60, 0x60, 0x50, 0x60, 0x60,
    0x60, 0x60, 0x50, 0x60, 0x60, 0x60, 0x60, 0x60, 0x60, 0x70, 0x70, 0x80, 0x82, 0xE2, 0x83, 0x73,
    0x83, 0x83, 0x72, 0x62, 0x90, 0x90, 0x90, 0x90, 0x50, 0x50, 0x50, 0x50, 0x90, 0xE0, 0xB0, 0xC0,
    0x00, 0x00, 0x00, 0x00, 0x00, 0x00, 0x00, 0x00, 0x00, 0x00, 0x00, 0x70, 0xE0, 0xE0, 0x00, 0x00,
    0x00, 0x00, 0x00, 0xE0, 0xE0, 0x70, 0x00, 0x00, 0x00, 0x00, 0x00, 0x00, 0x09, 0x01, 0x01, 0x09,
    0x09, 0x09, 0x09, 0x09, 0x09, 0x00, 0x00, 0x00, 0x00, 0x00, 0x00, 0x70, 0xE0, 0x00, 0x00, 0x00,
    0x00, 0x00, 0x00, 0x00, 0xE0, 0x70, 0x00, 0x00, 0x00, 0x00, 0x00, 0x00, 0x00, 0x00, 0x00, 0x00,
    0x01, 0x01, 0x01, 0x01, 0x11, 0x21, 0x32, 0x42, 0x42, 0xE3, 0xE3, 0xE4, 0x44, 0x44, 0x34, 0x34,
    0x34, 0x33, 0x43, 0x43, 0xE4, 0xE4, 0xE4, 0x44, 0x44, 0x34, 0x2E, 0x1E, 0x0E, 0x0E, 0x0E, 0x0E,
    0x0E, 0x94, 0x04, 0x94, 0xF3, 0xF2, 0x02, 0x93, 0x53, 0x54, 0x63, 0x62, 0x73, 0x63, 0x73, 0x62,
    0x72, 0x64, 0x54, 0x63, 0x52, 0x92, 0x02, 0x52, 0x52, 0x51, 0x51, 0x91, 0x51, 0x91, 0x01, 0x91,
    0x00, 0x00, 0x01, 0x00, 0x01, 0x01, 0x02, 0xB9, 0xB9, 0xB9, 0xB9, 0xA9, 0x09, 0x09, 0xB9, 0xA9,
    0xA9, 0xA9, 0xA9, 0x09, 0x09, 0x09, 0x01, 0xB2, 0xB1, 0x09, 0x09, 0x09, 0xA9, 0xA1, 0xA1, 0x09,
    0x09, 0x09, 0x01, 0x01, 0xB1, 0xB9, 0xB9, 0x09, 0x01, 0x01, 0xA1, 0xA1, 0xB1, 0xB9, 0xB9, 0xB9,
    0xB9, 0xA9, 0xA9, 0xA9, 0xB1, 0xB1, 0xB2, 0x02, 0x02, 0x02, 0xA2, 0xA1, 0x01, 0x01, 0x09, 0x09,
    0xE0, 0xB0, 0xE0, 0x90, 0x90, 0x50, 0x50, 0x50, 0x50, 0x90, 0x90, 0x90, 0x90, 0x60, 0x70, 0x80,
    0x60, 0x70, 0x80, 0x80, 0x80, 0x70, 0x80, 0x73, 0x63, 0x70, 0x60, 0x60, 0x60, 0x60, 0x60, 0x60,
    0x60, 0x60, 0x60, 0x60, 0x60, 0x60, 0x70, 0x63, 0x73, 0x80, 0x70, 0x80, 0x80, 0x80, 0x72, 0x62,
    0x82, 0x72, 0x60, 0x90, 0x90, 0x90, 0x90, 0x50, 0x50, 0x50, 0x50, 0x90, 0x90, 0xE0, 0xB0, 0xE0,
    0x00, 0x00, 0x00, 0x00, 0x00, 0x00, 0x00, 0x00, 0x00, 0x00, 0x70, 0xE0, 0x00, 0x00, 0x00, 0x00,
    0x00, 0x00, 0x00, 0x00, 0x00, 0xE0, 0x70, 0x00, 0x00, 0x00, 0x00, 0x00, 0x00, 0x09, 0x09, 0x09,
    0x00, 0x09, 0x09, 0x09, 0x09, 0x09, 0x00, 0x00, 0x00, 0x00, 0x00, 0x70, 0xE0, 0x00, 0xE0, 0xE0,
    0x00, 0x00, 0x00, 0x00, 0xE0, 0x70, 0x00, 0x00, 0x00, 0x00, 0x00, 0x00, 0x00, 0x00, 0x00, 0x00,
    0x01, 0x01, 0x01, 0x01, 0x02, 0x12, 0x22, 0x32, 0x42, 0x43, 0xE3, 0xE3, 0xE4, 0xE4, 0x44, 0x43,
    0x43, 0x43, 0xE3, 0xE3, 0xE3, 0xE4, 0x44, 0x44, 0x33, 0x24, 0x14, 0x0E, 0x0E, 0x0E, 0x0E, 0x0E,
    0x94, 0x04, 0x94, 0x04, 0x93, 0x03, 0xF2, 0x63, 0x54, 0x53, 0x52, 0x53, 0x62, 0x92, 0x62, 0x92,
    0x53, 0x54, 0x64, 0x73, 0x92, 0x92, 0x92, 0x02, 0x91, 0x01, 0x91, 0x01, 0x91, 0x09, 0x91, 0x01,
    0x00, 0x00, 0x00, 0x01, 0x01, 0x02, 0x02, 0x02, 0xB1, 0xB9, 0xB9, 0xA9, 0xA9, 0x09, 0xB9, 0xB9,
    0xA9, 0xA9, 0xA9, 0x09, 0x09, 0x01, 0xB2, 0xB2, 0xB1, 0x01, 0x09, 0x09, 0xA9, 0xA9, 0x09, 0x09,
    0x09, 0x01, 0x01, 0x01, 0x09, 0xB9, 0xB9, 0xB9, 0x09, 0x01, 0x01, 0xA9, 0xA9, 0xA9, 0xB9, 0xB9,
    0xB9, 0xB9, 0xA9, 0xA1, 0xB1, 0xB1, 0x02, 0x02, 0x02, 0xA2, 0xA1, 0xA1, 0x01, 0x01, 0x09, 0x09,
    0xD0, 0xB0, 0xE0, 0x90, 0x90, 0x50, 0x50, 0x50, 0x50, 0x90, 0x90, 0x90, 0x90, 0x90, 0x60, 0x70,
    0x60, 0x60, 0x70, 0x80, 0x70, 0x70, 0x80, 0x83, 0x73, 0x70, 0x70, 0x60, 0x60, 0x60, 0x60, 0x60,
    0x60, 0x60, 0x60, 0x60, 0x60, 0x70, 0x70, 0x73, 0x83, 0x80, 0x70, 0x70, 0x80, 0x70, 0x60, 0x60,
    0x70, 0x60, 0x90, 0x90, 0x90, 0x90, 0x90, 0x50, 0x50, 0x50, 0x50, 0x90, 0x90, 0xE0, 0xB0, 0xD0,
    0x00, 0x00, 0x00, 0x00, 0x00, 0x00, 0x00, 0x00, 0x00, 0x70, 0xE0, 0x00, 0x00, 0xE0, 0xE0, 0x00,
    0x00, 0x00, 0x00, 0x00, 0x00, 0x00, 0xE0, 0x70, 0x00, 0x00, 0x00, 0x00, 0x00, 0x00, 0x09, 0x09,
    0x09, 0x00, 0x09, 0x00, 0x09, 0x00, 0x00, 0x00, 0x00, 0x00, 0x70, 0xE0, 0x00, 0x00, 0xE0, 0xE0,
    0x00, 0x00, 0x00, 0x00, 0x00, 0xE0, 0x70, 0x00, 0x00, 0x00, 0x00, 0x00, 0x00, 0x00, 0x00, 0x00,
    0x01, 0x01, 0x02, 0x01, 0x01, 0x01, 0x11, 0x22, 0x32, 0x32, 0x42, 0x43, 0xE3, 0xE4, 0xE3, 0xE3,
    0xE2, 0xE2, 0xE3, 0xE3, 0x43, 0x44, 0x34, 0x34, 0x23, 0x13, 0x04, 0x04, 0x04, 0x04, 0x0E, 0x04,
    0x04, 0x94, 0x04, 0x93, 0x03, 0x93, 0x03, 0x94, 0x04, 0x93, 0x02, 0x52, 0x72, 0x62, 0x52, 0x52,
    0x53, 0x54, 0x53, 0xF3, 0x53, 0x92, 0x02, 0x92, 0x02, 0x92, 0x01, 0x91, 0x09, 0x09, 0x01, 0x01,
    0x00, 0x00, 0x00, 0x09, 0x01, 0x01, 0x01, 0x01, 0x01, 0xB9, 0xB9, 0xA9, 0xA9, 0xA9, 0xB9, 0xB9,
    0xA9, 0xA9, 0xA9, 0xA9, 0x01, 0xB2, 0xB2, 0xB2, 0x02, 0x01, 0x01, 0xA9, 0xA9, 0x09, 0x09, 0x09,
    0x09, 0x09, 0x09, 0x09, 0x09, 0x09, 0xB9, 0xB9, 0xB9, 0x09, 0x09, 0xA9, 0xA9, 0xA9, 0xA9, 0xA9,
    0xA1, 0xB9, 0xA9, 0xA1, 0xA9, 0xB1, 0x02, 0x02, 0xA2, 0xA2, 0xA1, 0xA1, 0x09, 0x09, 0x09, 0x09,
    0xC0, 0xB0, 0xE0, 0x90, 0x90, 0x90, 0x50, 0x50, 0x50, 0x50, 0x90, 0x90, 0x90, 0x90, 0x90, 0x60,
    0x60, 0x90, 0x60, 0x80, 0x60, 0x70, 0x70, 0x80, 0x70, 0x70, 0x70, 0x70, 0x70, 0x60, 0x60, 0x60,
    0x60, 0x60, 0x60, 0x70, 0x70, 0x70, 0x70, 0x70, 0x80, 0x70, 0x70, 0x60, 0x80, 0x60, 0x90, 0x64,
    0x64, 0x90, 0x90, 0x90, 0x90, 0x90, 0x50, 0x50, 0x50, 0x50, 0x90, 0x90, 0x90, 0xE0, 0xB0, 0xC0,
    0x00, 0x00, 0x00, 0x00, 0x00, 0x00, 0x00, 0x00, 0x00, 0x70, 0xE0, 0x00, 0x00, 0xE0, 0xE0, 0x00,
    0x00, 0x00, 0x00, 0x00, 0x00, 0x00, 0xE0, 0x70, 0x00, 0x00, 0x00, 0x00, 0x00, 0x00, 0x00, 0x00,
    0x00, 0x00, 0x09, 0x09, 0x09, 0x00, 0x00, 0x00, 0x00, 0x00, 0x70, 0xE0, 0x00, 0x00, 0x00, 0x00,
    0x00, 0x00, 0x00, 0x00, 0x00, 0xE0, 0x70, 0x00, 0x00, 0x00, 0x00, 0x00, 0x00, 0x00, 0x00, 0x00,
    0x01, 0x01, 0x01, 0x02, 0x02, 0x02, 0x01, 0x12, 0x21, 0x21, 0x32, 0x33, 0x43, 0x43, 0x42, 0xE2,
    0xE2, 0x42, 0x42, 0x43, 0x33, 0x34, 0x24, 0x24, 0x13, 0x03, 0x03, 0x04, 0x04, 0x04, 0x04, 0x03,
    0x03, 0x04, 0x03, 0x03, 0x94, 0x04, 0x94, 0x04, 0x93, 0x03, 0x93, 0xF2, 0x52, 0x71, 0x61, 0x52,
    0x93, 0x03, 0x93, 0x03, 0x93, 0x03, 0x93, 0x02, 0x92, 0x02, 0x92, 0x01, 0x91, 0x09, 0x01, 0x01,
    0x00, 0x00, 0x00, 0x09, 0x01, 0x01, 0x09, 0x09, 0x01, 0xB9, 0xB9, 0xB9, 0xA9, 0xA9, 0xA1, 0xB1,
    0xB1, 0xB1, 0xA9, 0xA9, 0xB9, 0xB1, 0x02, 0x02, 0x01, 0x01, 0xA9, 0xA9, 0x09, 0x09, 0x09, 0x09,
    0x09, 0x09, 0x09, 0x09, 0x09, 0x09, 0x09, 0xB1, 0xB1, 0x01, 0x09, 0xA9, 0xB9, 0xB9, 0xA9, 0xA1,
    0xA1, 0xB9, 0xB9, 0xA9, 0xA9, 0xB1, 0x01, 0xA2, 0xA1, 0xA1, 0xA1, 0x09, 0x09, 0x09, 0x09, 0x00,
    0xB0, 0xB0, 0xE0, 0x90, 0x90, 0x90, 0x50, 0x50, 0x50, 0x50, 0x50, 0x90, 0x90, 0x90, 0x90, 0x90,
    0x90, 0x90, 0x60, 0x70, 0x60, 0x60, 0x70, 0x80, 0x70, 0x60, 0x70, 0x80, 0x70, 0x70, 0x70, 0x60,
    0x60, 0x70, 0x70, 0x70, 0x80, 0x70, 0x60, 0x70, 0x80, 0x70, 0x60, 0x60, 0x70, 0x60, 0x90, 0x94,
    0x94, 0x90, 0x90, 0x90, 0x90, 0x50, 0x50, 0x50, 0x50, 0x50, 0x90, 0x90, 0x90, 0xE0, 0xB0, 0xB0,
    0x00, 0x00, 0x00, 0x00, 0x00, 0x00, 0x00, 0x00, 0x00, 0x70, 0xE0, 0x00, 0x00, 0x00, 0x00, 0x00,
    0x00, 0x00, 0x00, 0x00, 0x00, 0x00, 0xE0, 0x70, 0x00, 0x00, 0x00, 0x00, 0x00, 0x00, 0x09, 0x00,
    0x09, 0x00, 0x00, 0x09, 0x09, 0x00, 0x00, 0x00, 0x00, 0x00, 0x70, 0xE0, 0x00, 0x00, 0xE0, 0x00,
    0x01, 0x00, 0x00, 0x00, 0x00, 0xE0, 0x70, 0x00, 0x00, 0x00, 0x00, 0x00, 0x00, 0x00, 0x00, 0x00,
    0x09, 0x09, 0x01, 0x01, 0x01, 0x01, 0x01, 0x01, 0x11, 0x11, 0x22, 0x22, 0x32, 0x32, 0x32, 0x42,
    0x42, 0x32, 0x32, 0x33, 0x23, 0x23, 0x13, 0x13, 0x03, 0x02, 0x03, 0x03, 0x03, 0x03, 0x03, 0x03,
    0x04, 0x04, 0x03, 0x94, 0x03, 0x93, 0x03, 0x94, 0x04, 0x93, 0x02, 0x92, 0xF2, 0x72, 0x51, 0x91,
    0x02, 0x93, 0x02, 0x93, 0x04, 0x94, 0x03, 0x93, 0x03, 0x92, 0x02, 0x91, 0x09, 0x99, 0x09, 0x09,
    0x00, 0x00, 0x00, 0x09, 0x09, 0x09, 0x09, 0x09, 0x09, 0xA9, 0xA9, 0xB1, 0xB9, 0xB9, 0xB1, 0xB1,
    0xB2, 0xB1, 0xB1, 0xB9, 0xA9, 0xB9, 0xA1, 0xA1, 0xB9, 0xA9, 0xA9, 0x01, 0x01, 0x09, 0x09, 0x09,
    0x09, 0x09, 0x09, 0x09, 0x09, 0x09, 0x09, 0x09, 0x01, 0xB1, 0xA1, 0xB9, 0xA9, 0xA9, 0xA9, 0xA9,
    0xA1, 0xA1, 0xB1, 0xB9, 0xA9, 0xB9, 0xA9, 0xA1, 0xA1, 0xA9, 0x09, 0x09, 0x09, 0x09, 0x09, 0x00,
    0xE0, 0xE0, 0xE0, 0x90, 0x90, 0x90, 0x90, 0x50, 0x50, 0x50, 0x50, 0x50, 0x90, 0x90, 0x90, 0x90,
    0x90, 0x90, 0x90, 0x60, 0x60, 0x90, 0x60, 0x70, 0x70, 0x60, 0x60, 0x70, 0x80, 0x80, 0x80, 0x70,
    0x70, 0x80, 0x80, 0x80, 0x70, 0x60, 0x60, 0x70, 0x70, 0x60, 0x90, 0x60, 0x60, 0x90, 0x90, 0x90,
    0x90, 0x90, 0x90, 0x90, 0x50, 0x50, 0x50, 0x50, 0x50, 0x90, 0x90, 0x90, 0x90, 0xE0, 0xE0, 0xE0,
    0x00, 0x00, 0x00, 0x00, 0x00, 0x00, 0x00, 0x00, 0x00, 0x00, 0x70, 0xE0, 0x00, 0x00, 0x00, 0x00,
    0x00, 0x00, 0x00, 0x00, 0x00, 0xE0, 0x70, 0x00, 0x00, 0x00, 0x00, 0x00, 0x00, 0x00, 0x09, 0x00,
    0x09, 0x00, 0x09, 0x00, 0x00, 0x00, 0x00, 0x00, 0x00, 0x00, 0x00, 0x70, 0xE0, 0x00, 0x00, 0x00,
    0x00, 0x00, 0x00, 0x00, 0xE0, 0x70, 0x00, 0x00, 0x00, 0x00, 0x00, 0x00, 0x00, 0x00, 0x00, 0x00,
    0x09, 0x09, 0x01, 0x01, 0x01, 0x01, 0x01, 0x01, 0x02, 0x02, 0x12, 0x13, 0x23, 0x22, 0x22, 0x32,
    0x32, 0x23, 0x23, 0x23, 0x13, 0x13, 0x03, 0x04, 0x03, 0x02, 0x02, 0x03, 0x02, 0x03, 0x03, 0x03,
    0x04, 0x04, 0x04, 0x03, 0x92, 0x02, 0x02, 0x03, 0x93, 0x04, 0x92, 0xF3, 0x92, 0x02, 0x91, 0x01,
    0x91, 0x02, 0x92, 0x02, 0x93, 0x03, 0x93, 0x03, 0x03, 0x02, 0x02, 0x01, 0x09, 0x09, 0x09, 0x09,
    0x00, 0x00, 0x00, 0x09, 0x01, 0x09, 0x09, 0x09, 0xA9, 0xA9, 0xA9, 0xB1, 0xA1, 0xB1, 0xB9, 0xA9,
    0xA1, 0xA1, 0xB9, 0xB9, 0xB9, 0xB9, 0xB9, 0xB9, 0xB9, 0x09, 0xA1, 0x02, 0x02, 0x01, 0x09, 0x09,
    0x09, 0x09, 0x09, 0x09, 0x09, 0x01, 0x09, 0x09, 0x09, 0xB1, 0xB9, 0xB9, 0xA9, 0xB9, 0xB9, 0xA9,
    0xA9, 0xA1, 0xB1, 0xB9, 0xB0, 0xB9, 0xB9, 0xB9, 0xB9, 0x01, 0x01, 0x01, 0x09, 0x09, 0x09, 0x00,
    0xE0, 0xE0, 0xE0, 0xE0, 0x90, 0x90, 0x90, 0x90, 0x90, 0x90, 0x90, 0x90, 0x90, 0x90, 0x90, 0x90,
    0x90, 0x90, 0x90, 0x90, 0x90, 0x90, 0x90, 0x90, 0x90, 0x90, 0x90, 0x90, 0x90, 0x90, 0x90, 0x90,
    0x90, 0x90, 0x90, 0x90, 0x90, 0x90, 0x90, 0x90, 0x90, 0x90, 0x90, 0x90, 0x90, 0x90, 0x90, 0x90,
    0x90, 0x90, 0x90, 0x90, 0x90, 0x90, 0x90, 0x90, 0x90, 0x90, 0x90, 0x90, 0xE0, 0xE0, 0xE0, 0xE0,
    0x00, 0x00, 0x00, 0x00, 0x00, 0x00, 0x00, 0x00, 0x00, 0x00, 0x00, 0x70, 0xE0, 0xE0, 0x00, 0x00,
    0x00, 0x00, 0x00, 0xE0, 0xE0, 0x70, 0x00, 0x00, 0x00, 0x00, 0x00, 0x00, 0x00, 0x00, 0x00, 0x00,
    0x00, 0x00, 0x09, 0x00, 0x00, 0x00, 0x00, 0x00, 0x00, 0x00, 0x00, 0x70, 0xE0, 0x00, 0x00, 0x00,
    0x00, 0x00, 0x00, 0x00, 0xE0, 0x70, 0x00, 0x00, 0x00, 0x00, 0x00, 0x00, 0x00, 0x00, 0x00, 0x00,
    0x09, 0x09, 0x09, 0x09, 0x01, 0x01, 0x01, 0x01, 0x01, 0x02, 0x02, 0x02, 0x12, 0x12, 0x13, 0x23,
    0x23, 0x13, 0x12, 0x12, 0x02, 0x03, 0x03, 0x04, 0x03, 0x02, 0x01, 0x02, 0x02, 0x02, 0x02, 0x02,
    0x03, 0x03, 0x03, 0x02, 0x01, 0x01, 0x02, 0x02, 0x03, 0x03, 0x03, 0x93, 0x02, 0x91, 0x01, 0x09,
    0x01, 0x91, 0x01, 0x92, 0x02, 0x93, 0x02, 0x03, 0x02, 0x92, 0x01, 0x01, 0x09, 0x09, 0x09, 0x00,
    0x00, 0x00, 0x00, 0x00, 0x09, 0x09, 0x01, 0x09, 0x09, 0x00, 0x01, 0x01, 0xB2, 0xB2, 0xB1, 0x09,
    0xB9, 0xB9, 0xB9, 0xA9, 0xA9, 0x09, 0xB9, 0xB9, 0x09, 0xA9, 0xA9, 0xA1, 0xA1, 0xA9, 0x09, 0x09,
    0x09, 0x09, 0x09, 0x09, 0x01, 0x01, 0x09, 0x09, 0xA9, 0xA9, 0x09, 0x09, 0xB9, 0xB9, 0xB9, 0xB9,
    0xB9, 0xB9, 0xB9, 0xA1, 0xA9, 0x00, 0xB0, 0xB9, 0xA9, 0xA9, 0xA9, 0xA9, 0xA9, 0x09, 0x00, 0x00,
    0xE0, 0xE0, 0xE0, 0xE0, 0xE0, 0xE0, 0xE0, 0xE0, 0xE0, 0xE0, 0xE0, 0xE0, 0xE0, 0xE0, 0xE0, 0xE3,
    0xE3, 0xE0, 0xE0, 0xE0, 0xE0, 0xE0, 0xE0, 0xE0, 0xE0, 0xE0, 0xE0, 0xE0, 0xE0, 0xE0, 0xE0, 0xE0,
    0xE0, 0xE0, 0xE0, 0xE0, 0xE0, 0xE0, 0xE0, 0xE0, 0xE0, 0xE0, 0xE0, 0xE0, 0xE0, 0xE0, 0xE0, 0xE0,
    0xE0, 0xE0, 0xE0, 0xE0, 0xE0, 0xE0, 0xE0, 0xE0, 0xE0, 0xE0, 0xE0, 0xE0, 0xE0, 0xE0, 0xE0, 0xE0,
    0x00, 0x00, 0x00, 0x00, 0x00, 0x00, 0x00, 0x00, 0x00, 0x00, 0x00, 0x00, 0x70, 0x70, 0xE0, 0xE0,
    0xE0, 0xE0, 0xE0, 0x70, 0x70, 0x00, 0x00, 0x00, 0x00, 0x00, 0x00, 0x00, 0x00, 0x00, 0x00, 0x00,
    0x00, 0x00, 0x00, 0x00, 0x00, 0x00, 0x00, 0x00, 0x00, 0x00, 0x00, 0x00, 0x70, 0xE0, 0xE0, 0x00,
    0x00, 0x00, 0xE0, 0xE0, 0x70, 0x00, 0x00, 0x00, 0x00, 0x00, 0x00, 0x00, 0x00, 0x00, 0x00, 0x00,
    0x09, 0x09, 0x01, 0x09, 0x09, 0x09, 0x01, 0x01, 0x02, 0x02, 0x02, 0x01, 0x02, 0x02, 0x02, 0x13,
    0x12, 0x02, 0x02, 0x02, 0x02, 0x02, 0x02, 0x03, 0x03, 0x02, 0x01, 0x01, 0x02, 0x01, 0x02, 0x02,
    0x02, 0x03, 0x02, 0x01, 0x09, 0x01, 0x02, 0x02, 0x02, 0x03, 0x93, 0x03, 0x02, 0x02, 0x09, 0x09,
    0x09, 0x01, 0x01, 0x02, 0x02, 0x02, 0x02, 0x02, 0x02, 0x01, 0x01, 0x09, 0x09, 0x09, 0x00, 0x00,
    0x00, 0x00, 0x00, 0x00, 0x09, 0x09, 0x00, 0x00, 0x00, 0x00, 0x09, 0x01, 0x01, 0x02, 0x01, 0xB9,
    0x09, 0x09, 0x09, 0x00, 0x09, 0x09, 0x09, 0x09, 0x09, 0x09, 0x09, 0x09, 0x09, 0x09, 0x09, 0x09,
    0x09, 0x09, 0x09, 0x09, 0x01, 0x09, 0x09, 0x09, 0x09, 0x09, 0x09, 0x09, 0x09, 0x09, 0x09, 0x09,
    0xB9, 0x09, 0x09, 0x09, 0x09, 0x00, 0x00, 0x00, 0x09, 0x09, 0x09, 0x09, 0x00, 0x00, 0x00, 0x00,
    0xE0, 0xE0, 0xE0, 0xE0, 0xE0, 0xE0, 0xE0, 0xE0, 0xE0, 0xE0, 0xE0, 0xE0, 0xE0, 0xE0, 0xE0, 0xE3,
    0xE3, 0xE0, 0xE0, 0xE0, 0xE0, 0xE0, 0xE0, 0xE0, 0xE0, 0xE0, 0xE0, 0xE0, 0xE0, 0xE0, 0xE0, 0xE0,
    0xE0, 0xE0, 0xE0, 0xE0, 0xE0, 0xE0, 0xE0, 0xE0, 0xE0, 0xE0, 0xE0, 0xE0, 0xE0, 0xE0, 0xE0, 0xE0,
    0xE0, 0xE0, 0xE0, 0xE0, 0xE0, 0xE0, 0xE0, 0xE0, 0xE0, 0xE0, 0xE0, 0xE0, 0xE0, 0xE0, 0xE0, 0xE0,
    0x00, 0x00, 0x00, 0x00, 0x00, 0x00, 0x00, 0x00, 0x00, 0x00, 0x00, 0x00, 0x00, 0x00, 0x70, 0x70,
    0x70, 0x79, 0x70, 0x00, 0x00, 0x00, 0x00, 0x00, 0x00, 0x00, 0x00, 0x00, 0x00, 0x00, 0x00, 0x00,
    0x00, 0x00, 0x00, 0x09, 0x00, 0x00, 0x00, 0x00, 0x00, 0x00, 0x00, 0x00, 0x00, 0x70, 0x70, 0xE0,
    0xE0, 0xE0, 0x70, 0x70, 0x00, 0x00, 0x00, 0x00, 0x00, 0x00, 0x00, 0x00, 0x00, 0x09, 0x00, 0x00,
    0x00, 0x09, 0x09, 0x09, 0x09, 0x01, 0x01, 0x02, 0x02, 0x01, 0x01, 0x01, 0x01, 0x02, 0x02, 0x03,
    0x02, 0x02, 0x09, 0x02, 0x02, 0x01, 0x02, 0x02, 0x02, 0x02, 0x01, 0x01, 0x01, 0x01, 0x01, 0x02,
    0x02, 0x02, 0x02, 0x01, 0x01, 0x02, 0x02, 0x02, 0x03, 0x03, 0x03, 0x02, 0x02, 0x02, 0x01, 0x09,
    0x09, 0x01, 0x02, 0x02, 0x01, 0x01, 0x01, 0x01, 0x01, 0x01, 0x01, 0x09, 0x09, 0x09, 0x00, 0x00,
    0x00, 0x00, 0x00, 0x00, 0x00, 0x00, 0x00, 0x00, 0x00, 0x09, 0x09, 0x01, 0x01, 0x01, 0x09, 0xB9,
    0x09, 0x09, 0x09, 0x09, 0x09, 0x09, 0x09, 0x09, 0x09, 0x09, 0x09, 0x09, 0x09, 0x09, 0x09, 0x09,
    0x09, 0x09, 0x09, 0x01, 0x01, 0x09, 0x09, 0x09, 0x09, 0x00, 0x09, 0x09, 0x09, 0x01, 0x01, 0x01,
    0xB1, 0x09, 0x09, 0x09, 0x09, 0x00, 0x01, 0x00, 0x00, 0x00, 0x00, 0x00, 0x00, 0x01, 0x00, 0x00,
    0xE0, 0xE0, 0xE0, 0xE0, 0xE0, 0xE0, 0xE0, 0xE0, 0xE0, 0xE0, 0xE0, 0xE0, 0xE0, 0xE0, 0xE0, 0xE3,
    0xE3, 0xE0, 0xE0, 0xE0, 0xE0, 0xE0, 0xE0, 0xE0, 0xE0, 0xE0, 0xE0, 0xE0, 0xE0, 0xE0, 0xE0, 0xE0,
    0xE0, 0xE0, 0xE0, 0xE0, 0xE0, 0xE0, 0xE0, 0xE0, 0xE0, 0xE0, 0xE0, 0xE0, 0xE0, 0xE0, 0xE0, 0xE0,
    0xE0, 0xE0, 0xE0, 0xE0, 0xE0, 0xE0, 0xE0, 0xE0, 0xE0, 0xE0, 0xE0, 0xE0, 0xE0, 0xE0, 0xE0, 0xE0,
    0x00, 0x00, 0x00, 0x00, 0x00, 0x00, 0x00, 0x00, 0x00, 0x00, 0x00, 0x00, 0x00, 0x00, 0x00, 0x00,
    0x00, 0x09, 0x00, 0x00, 0x00, 0x00, 0x00, 0x00, 0x00, 0x00, 0x00, 0x00, 0x00, 0x00, 0x00, 0x00,
    0x00, 0x00, 0x00, 0x09, 0x00, 0x00, 0x00, 0x00, 0x00, 0x00, 0x00, 0x00, 0x00, 0x00, 0x00, 0x70,
    0x70, 0x70, 0x00, 0x00, 0x00, 0x00, 0x00, 0x00, 0x00, 0x00, 0x00, 0x00, 0x00, 0x00, 0x00, 0x00,
    0x90, 0x90, 0x99, 0x99, 0x99, 0x91, 0x92, 0x92, 0x91, 0x91, 0x91, 0x92, 0x91, 0x91, 0x92, 0x93,
    0x92, 0x91, 0x91, 0x99, 0x99, 0x91, 0x91, 0x91, 0x92, 0x91, 0x91, 0x91, 0x92, 0x91, 0x91, 0x91,
    0xD1, 0xD2, 0xD1, 0xD1, 0xD2, 0xD1, 0xD1, 0xD2, 0xD2, 0xD2, 0xD2, 0xD2, 0xD2, 0xD1, 0xD1, 0xD1,
    0xD9, 0xD1, 0xD1, 0xD1, 0xD1, 0xD9, 0xD9, 0xD1, 0xD1, 0xD9, 0xD9, 0xD9, 0xD9, 0xD9, 0xD0, 0xD0,
    0xB0, 0xB0, 0xB0, 0xB0, 0xB0, 0xB0, 0xB0, 0xB0, 0xB0, 0xB9, 0xB9, 0xB9, 0xB1, 0xB9, 0xA9, 0x99,
    0x99, 0xA1, 0xB0, 0xB9, 0xB9, 0xB9, 0xB9, 0xB9, 0xB9, 0xB9, 0xB9, 0xB9, 0xB9, 0xB9, 0xB1, 0xB1,
    0x91, 0x99, 0x99, 0x91, 0x91, 0x91, 0x99, 0x91, 0x90, 0x90, 0x99, 0x99, 0x91, 0x91, 0x92, 0x92,
    0x91, 0x91, 0x99, 0x99, 0x90, 0x90, 0x90, 0x90, 0x90, 0x90, 0x90, 0x90, 0x90, 0x90, 0x90, 0x90,
    0x9E, 0x9E, 0x1E, 0x1E, 0x2E, 0x3E, 0x3E, 0x2E, 0x2E, 0x2E, 0x2E, 0x2E, 0x2E, 0x2E, 0x1E, 0x1E,
    0x3E, 0x3E, 0x2E, 0x2E, 0x2E, 0x2E, 0x2E, 0x2E, 0x2E, 0x3E, 0x3E, 0x2E, 0x1E, 0x1E, 0x9E, 0x9E,
    0x9E, 0x94, 0x93, 0x92, 0x94, 0x94, 0x94, 0x93, 0x93, 0x92, 0x92, 0x92, 0x92, 0x94, 0x94, 0x93,
    0x93, 0x93, 0x92, 0x91, 0x92, 0x92, 0x92, 0x93, 0x93, 0x94, 0x94, 0x94, 0x92, 0x93, 0x94, 0x9E,
    0x90, 0x90, 0x90, 0x90, 0x90, 0x90, 0x90, 0x90, 0x90, 0x90, 0x90, 0x90, 0x99, 0x90, 0x90, 0x90,
    0x90, 0x90, 0x90, 0x90, 0x90, 0x90, 0x90, 0x90, 0x90, 0x90, 0x90, 0x90, 0x90, 0x90, 0x90, 0x90,
    0x90, 0x90, 0x90, 0x91, 0x90, 0x90, 0x90, 0x90, 0x90, 0x90, 0x90, 0x90, 0x90, 0x90, 0x90, 0x90,
    0x90, 0x90, 0x90, 0x90, 0x90, 0x90, 0x90, 0x90, 0x90, 0x90, 0x90, 0x90, 0x90, 0x90, 0x90, 0x90,
    0x90, 0x90, 0x90, 0x90, 0x90, 0x91, 0x91, 0x91, 0x91, 0x91, 0x91, 0x92, 0x92, 0x91, 0x92, 0x93,
    0x92, 0x92, 0x91, 0x99, 0x99, 0x91, 0x91, 0x91, 0x91, 0x91, 0x91, 0x92, 0x92, 0x92, 0x92, 0x91,
    0xD1, 0xD1, 0xD1, 0xD1, 0xD1, 0xD9, 0xD9, 0x91, 0x91, 0x92, 0x92, 0x91, 0x91, 0x91, 0x91, 0x91,
    0x91, 0x91, 0x99, 0x91, 0x99, 0x99, 0x99, 0x99, 0x99, 0xD9, 0xD9, 0xD9, 0xD9, 0xD1, 0xD0, 0xD0,
    0xB0, 0xB0, 0xB0, 0xB0, 0xB0, 0xB0, 0xB0, 0xB0, 0xB0, 0xB9, 0xB9, 0xA9, 0x99, 0x99, 0x99, 0xE9,
    0x40, 0x90, 0x90, 0x90, 0xA9, 0xB9, 0xB9, 0xB9, 0xB2, 0xB2, 0xB9, 0xB9, 0xB9, 0xB1, 0xB1, 0xB2,
    0x91, 0x92, 0x91, 0x91, 0x91, 0x91, 0x91, 0x91, 0x90, 0x90, 0x99, 0x99, 0x99, 0x99, 0x91, 0x92,
    0x92, 0x91, 0x91, 0x99, 0x90, 0x90, 0x90, 0x90, 0x90, 0x99, 0x99, 0x90, 0x90, 0x90, 0x90, 0x90,
    0x9E, 0x9E, 0x1E, 0x1E, 0x1E, 0x2E, 0x2E, 0x2E, 0x2E, 0x2E, 0x2E, 0x2E, 0x2E, 0x2E, 0x1E, 0x1E,
    0x3E, 0x3E, 0x2E, 0x2E, 0x2E, 0x2E, 0x2E, 0x2E, 0x2E, 0x2E, 0x2E, 0x1E, 0x1E, 0x1E, 0x9E, 0x9E,
    0x94, 0x93, 0x92, 0x94, 0x94, 0x93, 0x93, 0x92, 0x92, 0x91, 0x91, 0x92, 0x94, 0x93, 0x92, 0x92,
    0x92, 0x92, 0x92, 0x92, 0x91, 0x91, 0x91, 0x92, 0x92, 0x93, 0x93, 0x94, 0x94, 0x92, 0x93, 0x94,
    0x90, 0x90, 0x90, 0x90, 0x90, 0x90, 0x90, 0x90, 0x90, 0x90, 0x90, 0x90, 0x90, 0x90, 0x90, 0x90,
    0x90, 0x90, 0x90, 0x90, 0x90, 0x90, 0x90, 0x90, 0x90, 0x90, 0x90, 0x90, 0x90, 0x90, 0x90, 0x90,
    0x90, 0x90, 0x90, 0x99, 0x90, 0x90, 0x90, 0x90, 0x90, 0x90, 0x90, 0x90, 0x90, 0x90, 0x90, 0x90,
    0x90, 0x90, 0x90, 0x90, 0x90, 0x90, 0x90, 0x90, 0x90, 0x99, 0x90, 0x90, 0x90, 0x90, 0x90, 0x90,
    0x10, 0x10, 0x10, 0x10, 0x10, 0x11, 0x11, 0x11, 0x11, 0x11, 0x11, 0x11, 0x12, 0x11, 0x12, 0x12,
    0x12, 0x11, 0x11, 0x11, 0x11, 0x12, 0x11, 0x11, 0x11, 0x11, 0x11, 0x11, 0x12, 0x12, 0x12, 0x11,
    0xD1, 0xD1, 0xD1, 0xD1, 0xD1, 0xD9, 0x99, 0x49, 0x41, 0x41, 0x41, 0x41, 0x41, 0x41, 0x41, 0x41,
    0x41, 0x41, 0x49, 0x49, 0x49, 0x49, 0x49, 0x49, 0x49, 0x99, 0xD9, 0xD9, 0xD0, 0xD0, 0xD0, 0xD0,
    0xB0, 0xB0, 0xB0, 0xB0, 0xB0, 0xB0, 0xB0, 0xA0, 0x90, 0x99, 0x99, 0x99, 0x49, 0x49, 0x91, 0x41,
    0x30, 0x90, 0x39, 0x49, 0x99, 0x99, 0x99, 0x92, 0xA9, 0xB9, 0xB9, 0xB1, 0xB1, 0xB1, 0xB1, 0xB2,
    0x91, 0x92, 0x91, 0x91, 0x91, 0x91, 0x92, 0x91, 0x90, 0x90, 0x90, 0x19, 0x19, 0x11, 0x11, 0x11,
    0x11, 0x19, 0x19, 0x19, 0x10, 0x90, 0x90, 0x90, 0x90, 0x90, 0x90, 0x90, 0x90, 0x90, 0x90, 0x90,
    0x9E, 0x94, 0x14, 0x14, 0x14, 0x24, 0x24, 0x24, 0x24, 0x24, 0x24, 0x24, 0x24, 0x24, 0x14, 0x14,
    0x34, 0x34, 0x24, 0x24, 0x24, 0x24, 0x24, 0x24, 0x24, 0x24, 0x24, 0x14, 0x14, 0x14, 0x94, 0x9E,
    0x93, 0x92, 0x94, 0x94, 0x93, 0x93, 0x92, 0x91, 0xE1, 0xD1, 0xD2, 0xD4, 0x93, 0xD2, 0xD2, 0xD1,
    0xD1, 0xD1, 0xD2, 0x92, 0xD2, 0xD1, 0xD1, 0xC1, 0x91, 0x92, 0x93, 0x93, 0x94, 0x94, 0x92, 0x93,
    0x90, 0x90, 0x90, 0x90, 0x90, 0x90, 0x90, 0x90, 0xD0, 0xC0, 0xC0, 0xC0, 0x90, 0xC0, 0xC0, 0xC0,
    0xC0, 0xC0, 0xC0, 0x90, 0xC0, 0xC0, 0xC0, 0xB0, 0x90, 0x90, 0x90, 0x90, 0x90, 0x90, 0x90, 0x90,
    0x90, 0x90, 0x90, 0x10, 0x10, 0x90, 0x90, 0x90, 0x90, 0x90, 0x90, 0x90, 0x90, 0x90, 0x90, 0x90,
    0x99, 0x90, 0x90, 0x90, 0x99, 0x90, 0x99, 0x90, 0x90, 0x90, 0x90, 0x90, 0x90, 0x90, 0x90, 0x90,
    0x20, 0x20, 0x20, 0x20, 0x29, 0x21, 0x21, 0x21, 0x29, 0x29, 0x21, 0x21, 0x21, 0x21, 0x22, 0x22,
    0x22, 0x22, 0x21, 0x22, 0x22, 0x22, 0x22, 0x22, 0x21, 0x21, 0x22, 0x22, 0x22, 0x23, 0x22, 0x21,
    0xD1, 0xD1, 0xD2, 0xD2, 0xD2, 0x91, 0x49, 0x49, 0x39, 0x39, 0x39, 0x31, 0x31, 0x31, 0x31, 0x31,
    0x31, 0x31, 0x31, 0x31, 0x39, 0x39, 0x39, 0x39, 0x49, 0x49, 0x99, 0xD9, 0xD0, 0xD0, 0xD0, 0xD0,
    0xB0, 0xB0, 0xB0, 0xB0, 0xB0, 0xB0, 0xA0, 0x90, 0xC0, 0xC0, 0x99, 0x49, 0x31, 0x31, 0x91, 0x30,
    0x30, 0x99, 0x39, 0x39, 0x30, 0x99, 0xC9, 0xC1, 0x92, 0xA1, 0xB1, 0xB1, 0xB1, 0xB1, 0xB2, 0xB3,
    0x92, 0x93, 0x92, 0x91, 0x91, 0x11, 0x12, 0x11, 0x11, 0x19, 0x10, 0x19, 0x19, 0x19, 0x11, 0x19,
    0x19, 0x19, 0x19, 0x19, 0x19, 0x10, 0x10, 0x10, 0x10, 0x10, 0x10, 0x90, 0x90, 0x90, 0x90, 0x90,
    0x9E, 0x94, 0x94, 0x14, 0x14, 0x14, 0x24, 0x24, 0x24, 0x24, 0x24, 0x24, 0x24, 0x24, 0x14, 0x14,
    0x34, 0x34, 0x24, 0x24, 0x24, 0x24, 0x24, 0x24, 0x24, 0x24, 0x14, 0x14, 0x14, 0x94, 0x94, 0x9E,
    0x92, 0x94, 0x94, 0x94, 0x93, 0x92, 0x91, 0x91, 0xD1, 0xC2, 0xC4, 0xC3, 0xB2, 0xC2, 0xC1, 0xC1,
    0xC1, 0xC1, 0xC1, 0xB1, 0xC2, 0xC2, 0xC1, 0xB1, 0x91, 0x91, 0x92, 0x93, 0x94, 0x94, 0x94, 0x92,
    0x90, 0x90, 0x90, 0x90, 0x90, 0x90, 0x90, 0x90, 0xC0, 0xB0, 0xB0, 0xB0, 0xA0, 0xB0, 0xB0, 0xB0,
    0xB0, 0xB0, 0xB0, 0xA0, 0xB0, 0xB0, 0xB0, 0xA0, 0x90, 0x90, 0x90, 0x90, 0x90, 0x90, 0x90, 0x90,
    0x10, 0x10, 0x10, 0x10, 0x10, 0x10, 0x10, 0x90, 0x90, 0x90, 0x90, 0x90, 0x90, 0x90, 0x10, 0x10,
    0x10, 0x10, 0x90, 0x90, 0x90, 0x90, 0x90, 0x90, 0x90, 0x90, 0x90, 0x90, 0x90, 0x90, 0x10, 0x10,
    0x30, 0x30, 0x30, 0x30, 0x39, 0x31, 0x31, 0x39, 0x39, 0x31, 0x31, 0x31, 0x31, 0x31, 0x32, 0x32,
    0x32, 0x32, 0x31, 0x31, 0x32, 0x32, 0x32, 0x31, 0x32, 0x32, 0x32, 0x32, 0x33, 0x33, 0x33, 0x32,
    0xD1, 0xD2, 0xD2, 0xD2, 0x91, 0x41, 0x41, 0x31, 0x99, 0x99, 0x99, 0x91, 0x91, 0x91, 0x91, 0x91,
    0x91, 0x92, 0x92, 0x91, 0x99, 0x99, 0x99, 0x99, 0x30, 0x40, 0x40, 0x90, 0xD0, 0xD0, 0xD0, 0xD0,
    0xB0, 0xB0, 0xB0, 0xB0, 0x90, 0x90, 0x90, 0xC0, 0xC0, 0x90, 0x40, 0x39, 0x29, 0x99, 0x90, 0x20,
    0x20, 0x99, 0x90, 0x29, 0x30, 0x39, 0x99, 0xC1, 0xC1, 0x91, 0x99, 0x91, 0xB2, 0xB1, 0xB2, 0xB3,
    0x92, 0x93, 0x92, 0x12, 0x11, 0x12, 0x13, 0x12, 0x11, 0x10, 0x19, 0x29, 0x29, 0x29, 0x21, 0x21,
    0x29, 0x29, 0x29, 0x29, 0x20, 0x10, 0x10, 0x10, 0x10, 0x10, 0x10, 0x10, 0x10, 0x90, 0x90, 0x90,
    0x9E, 0x94, 0x93, 0x13, 0x13, 0x13, 0x13, 0x13, 0x23, 0x23, 0x23, 0x23, 0x23, 0x23, 0x13, 0x13,
    0x33, 0x33, 0x23, 0x23, 0x23, 0x23, 0x23, 0x23, 0x13, 0x13, 0x13, 0x13, 0x13, 0x93, 0x94, 0x9E,
    0x94, 0x94, 0xD3, 0xD3, 0xD2, 0xD1, 0xC1, 0x91, 0xC2, 0xB4, 0xB3, 0xB2, 0xB2, 0xB1, 0xB1, 0xBE,
    0xB2, 0xB1, 0xB9, 0xB1, 0xB1, 0xB2, 0xB2, 0xA1, 0x91, 0xE1, 0xD1, 0xD2, 0xD3, 0xD3, 0x94, 0x94,
    0x90, 0x90, 0xC0, 0xC0, 0xC0, 0xC0, 0xB0, 0x90, 0xB0, 0xA0, 0xA0, 0xA0, 0xA0, 0xA0, 0xA0, 0xA0,
    0xA0, 0xA0, 0xA0, 0xA0, 0xA0, 0xA0, 0xA0, 0x90, 0x90, 0xD0, 0xC0, 0xC0, 0xC0, 0xC0, 0x90, 0x90,
    0x10, 0x10, 0x10, 0x10, 0x20, 0x10, 0x10, 0x10, 0x90, 0x90, 0x90, 0x90, 0x90, 0x10, 0x10, 0x10,
    0x10, 0x10, 0x10, 0x90, 0x90, 0x90, 0x90, 0x90, 0x90, 0x90, 0x90, 0x90, 0x90, 0x10, 0x10, 0x10,
    0x40, 0x40, 0x40, 0x40, 0x49, 0x49, 0x49, 0x41, 0x41, 0x41, 0x41, 0x41, 0x42, 0x42, 0x42, 0x41,
    0x41, 0x41, 0x41, 0x41, 0x41, 0x42, 0x41, 0x41, 0x42, 0x42, 0x43, 0x43, 0x43, 0x44, 0x43, 0x43,
    0xD2, 0xD3, 0xD2, 0x92, 0x42, 0x42, 0x32, 0x91, 0x51, 0x51, 0x59, 0x59, 0x59, 0x69, 0xD1, 0xD2,
    0xD3, 0x62, 0x51, 0x59, 0x59, 0x59, 0x59, 0x51, 0x90, 0x30, 0x40, 0x40, 0x90, 0xD0, 0xD0, 0xD0,
    0xB0, 0xB0, 0xB0, 0x90, 0xB0, 0x90, 0xC0, 0xC0, 0x90, 0x40, 0x30, 0x20, 0x90, 0x20, 0x20, 0x90,
    0x90, 0x29, 0x29, 0x99, 0x29, 0x39, 0x39, 0x91, 0xC1, 0xC1, 0x99, 0xB1, 0x91, 0xB2, 0xB2, 0xB4,
    0x92, 0x93, 0x13, 0x11, 0x11, 0x22, 0x23, 0x22, 0x21, 0x20, 0x20, 0x30, 0x39, 0x30, 0x30, 0x30,
    0x30, 0x39, 0x30, 0x30, 0x30, 0x20, 0x20, 0x20, 0x20, 0x20, 0x20, 0x10, 0x10, 0x10, 0x90, 0x90,
    0x9E, 0x94, 0x93, 0x93, 0x13, 0x13, 0x13, 0x13, 0x13, 0x13, 0x13, 0x23, 0x23, 0x23, 0x13, 0x13,
    0x33, 0x33, 0x23, 0x23, 0x23, 0x13, 0x13, 0x13, 0x13, 0x13, 0x13, 0x13, 0x93, 0x93, 0x94, 0x9E,
    0x94, 0x93, 0xC3, 0xC2, 0xC1, 0xC1, 0xB1, 0x92, 0xC3, 0xB3, 0xA2, 0x92, 0x91, 0x91, 0x9E, 0x9E,
    0x94, 0x92, 0x91, 0x99, 0x99, 0xC1, 0xB2, 0xA2, 0x91, 0xD1, 0xC1, 0xC1, 0xC2, 0xC3, 0x93, 0x94,
    0x90, 0x90, 0xB0, 0xB0, 0xB0, 0xB0, 0xA0, 0x90, 0xB0, 0xA0, 0x90, 0x90, 0x90, 0x90, 0x90, 0x90,
    0x90, 0x90, 0x90, 0x90, 0x90, 0xB0, 0xA0, 0x90, 0x90, 0xC0, 0xB0, 0xB0, 0xB0, 0xB0, 0x90, 0x90,
    0x10, 0x10, 0x10, 0x11, 0x20, 0x10, 0x10, 0x10, 0x10, 0x90, 0x90, 0x90, 0x10, 0x10, 0x10, 0x19,
    0x10, 0x10, 0x10, 0x10, 0x90, 0x90, 0x90, 0x90, 0x90, 0x90, 0x90, 0x90, 0x10, 0x10, 0x10, 0x10,
    0xE0, 0xE0, 0xE0, 0xE0, 0xE0, 0xE9, 0xE9, 0xE1, 0xE1, 0xE1, 0xE1, 0xE1, 0xE1, 0xE1, 0xE1, 0xE1,
    0xE2, 0xE2, 0xE2, 0xE1, 0xE1, 0xE2, 0xE1, 0xE1, 0xE2, 0xE2, 0xE3, 0xE2, 0xE2, 0xE3, 0xE4, 0xEE,
    0xD4, 0xD3, 0x93, 0x43, 0x42, 0x32, 0x91, 0x51, 0x51, 0x51, 0x51, 0x59, 0x69, 0xD9, 0xB1, 0xB1,
    0xB2, 0xD1, 0xD9, 0x69, 0x51, 0x59, 0x59, 0x50, 0x50, 0x90, 0x30, 0x40, 0x40, 0x90, 0xD0, 0xD0,
    0xB0, 0xB0, 0x90, 0xB0, 0x90, 0xC0, 0xC0, 0x90, 0x40, 0x30, 0x20, 0x90, 0x20, 0x90, 0x90, 0x20,
    0x20, 0x90, 0x99, 0x20, 0x99, 0x29, 0x39, 0x39, 0x99, 0xC9, 0xC9, 0x99, 0xB2, 0x92, 0xB3, 0xB3,
    0x92, 0x93, 0x12, 0x11, 0x29, 0x32, 0x33, 0x32, 0x31, 0x30, 0x30, 0x40, 0x40, 0x40, 0x41, 0x40,
    0x40, 0x40, 0x40, 0x40, 0x40, 0x30, 0x30, 0x30, 0x39, 0x30, 0x30, 0x20, 0x10, 0x10, 0x90, 0x90,
    0x9E, 0x94, 0x93, 0x92, 0x92, 0x12, 0x12, 0x12, 0x12, 0x12, 0x12, 0x12, 0x12, 0x12, 0x92, 0x9E,
    0x23, 0x22, 0x12, 0x12, 0x12, 0x12, 0x12, 0x12, 0x12, 0x12, 0x12, 0x92, 0x92, 0x93, 0x94, 0x9E,
    0x94, 0x93, 0xC2, 0xA1, 0xB1, 0xB1, 0xA2, 0x93, 0x93, 0x92, 0x92, 0x91, 0x9E, 0x94, 0x93, 0x9E,
    0x93, 0x91, 0x91, 0x93, 0x99, 0x99, 0x99, 0x92, 0x92, 0xC2, 0xB1, 0xB1, 0xC1, 0xC2, 0x93, 0x94,
    0x90, 0x90, 0xB0, 0x90, 0xA0, 0xA0, 0x90, 0x90, 0x90, 0x90, 0x90, 0x90, 0x99, 0x90, 0x90, 0x90,
    0x90, 0x90, 0x90, 0x90, 0x90, 0x90, 0x90, 0x90, 0x90, 0xB0, 0xA0, 0xA0, 0xB0, 0xB0, 0x90, 0x90,
    0x10, 0x10, 0x10, 0x11, 0x20, 0x11, 0x10, 0x10, 0x10, 0x10, 0x10, 0x10, 0x10, 0x10, 0x10, 0x10,
    0x10, 0x10, 0x10, 0x10, 0x10, 0x10, 0x90, 0x90, 0x90, 0x90, 0x10, 0x19, 0x10, 0x10, 0x10, 0x10,
    0x40, 0x40, 0x40, 0x40, 0x40, 0x49, 0x49, 0x49, 0x41, 0x41, 0x41, 0x41, 0x41, 0x49, 0x49, 0x41,
    0x41, 0x42, 0x41, 0x42, 0x41, 0x41, 0x41, 0x41, 0x41, 0x42, 0x42, 0x42, 0x43, 0x44, 0x44, 0x43,
    0xD3, 0xD3, 0x93, 0x42, 0x42, 0x92, 0x52, 0x62, 0xD2, 0xD2, 0x61, 0x51, 0xD9, 0xA9, 0xD9, 0xC1,
    0xA1, 0xA9, 0xA9, 0xD9, 0x59, 0x69, 0xD0, 0xD0, 0x60, 0x50, 0x90, 0x40, 0x40, 0x90, 0xD0, 0xD0,
    0xB0, 0x90, 0xB0, 0x90, 0xC0, 0xC0, 0x90, 0x40, 0x30, 0x20, 0x90, 0x20, 0x90, 0x90, 0x90, 0x90,
    0x91, 0x99, 0x91, 0x99, 0x29, 0x99, 0x29, 0x39, 0x39, 0x99, 0xC9, 0xC9, 0x91, 0xB2, 0x92, 0xB3,
    0x91, 0x93, 0x12, 0x29, 0x39, 0x31, 0x42, 0x41, 0x40, 0x40, 0x40, 0x40, 0x40, 0x40, 0x49, 0x40,
    0x49, 0x49, 0x40, 0x40, 0x40, 0x40, 0x40, 0x40, 0x40, 0x40, 0x30, 0x30, 0x20, 0x10, 0x90, 0x90,
    0x9E, 0x94, 0x93, 0x92, 0x92, 0x92, 0x92, 0x12, 0x12, 0x12, 0x12, 0x12, 0x12, 0x12, 0x9E, 0x9E,
    0x23, 0x23, 0x12, 0x12, 0x12, 0x12, 0x12, 0x12, 0x12, 0x92, 0x92, 0x92, 0x92, 0x93, 0x94, 0x9E,
    0x93, 0x92, 0xC1, 0xB1, 0xA1, 0xB3, 0xA3, 0x93, 0x92, 0x92, 0x91, 0x9E, 0x94, 0x51, 0x51, 0x51,
    0x51, 0x59, 0x59, 0x91, 0x93, 0x99, 0x99, 0x99, 0x99, 0xC1, 0xB2, 0xC1, 0xD1, 0xC1, 0x92, 0x93,
    0x90, 0x90, 0xB0, 0xA0, 0x90, 0xA0, 0x90, 0x90, 0x90, 0x90, 0x90, 0x90, 0x90, 0x50, 0x50, 0x59,
    0x50, 0x50, 0x50, 0x90, 0x90, 0x90, 0x90, 0x90, 0x90, 0xB0, 0xA0, 0xB0, 0xC0, 0xB0, 0x90, 0x90,
    0x10, 0x10, 0x10, 0x21, 0x20, 0x20, 0x10, 0x10, 0x10, 0x20, 0x10, 0x10, 0x10, 0x10, 0x10, 0x10,
    0x10, 0x10, 0x10, 0x10, 0x10, 0x10, 0x10, 0x10, 0x20, 0x10, 0x10, 0x10, 0x10, 0x10, 0x10, 0x10,
    0x30, 0x30, 0x30, 0x30, 0x30, 0x30, 0x39, 0x39, 0x39, 0x39, 0x39, 0x31, 0x39, 0x39, 0x39, 0x31,
    0x31, 0x31, 0x31, 0x31, 0x31, 0x31, 0x31, 0x32, 0x31, 0x31, 0x31, 0x32, 0x33, 0x33, 0x33, 0x32,
    0xD2, 0xD2, 0x92, 0x42, 0x32, 0x93, 0x62, 0xD3, 0xC3, 0xC2, 0xD2, 0x51, 0xD1, 0xA9, 0x99, 0x91,
    0xA1, 0xD9, 0xD1, 0xD9, 0x59, 0xD9, 0xC0, 0xC0, 0xD0, 0x60, 0x90, 0x30, 0x40, 0x90, 0xD0, 0xD0,
    0xB0, 0x90, 0xB0, 0x90, 0xC0, 0x90, 0x40, 0x30, 0x20, 0x90, 0x20, 0x90, 0x90, 0x90, 0x90, 0x90,
    0x91, 0x91, 0x91, 0x91, 0x99, 0x29, 0x99, 0x29, 0x39, 0x29, 0x99, 0xC9, 0x91, 0xB2, 0x92, 0xB2,
    0x91, 0x93, 0x12, 0x39, 0x39, 0x42, 0x41, 0x49, 0x40, 0x40, 0x40, 0xE0, 0xE0, 0xE0, 0xE0, 0x40,
    0xE0, 0xE0, 0xE0, 0xE0, 0xE0, 0x40, 0x40, 0x40, 0x40, 0x40, 0x40, 0x30, 0x30, 0x10, 0x90, 0x90,
    0x9E, 0x94, 0x93, 0x92, 0x94, 0x94, 0x94, 0x94, 0x94, 0x94, 0x94, 0x14, 0x14, 0x1E, 0x9E, 0x9E,
    0x23, 0x23, 0x13, 0x14, 0x14, 0x94, 0x94, 0x94, 0x94, 0x94, 0x94, 0x94, 0x92, 0x93, 0x94, 0x9E,
    0x93, 0x92, 0xC1, 0xB1, 0xB1, 0x92, 0x92, 0x92, 0x92, 0x91, 0x92, 0x52, 0x51, 0x51, 0x61, 0x61,
    0x61, 0x69, 0x59, 0x59, 0x51, 0x92, 0x99, 0x99, 0x99, 0x91, 0x92, 0xD1, 0xE1, 0xC1, 0x92, 0x93,
    0x90, 0x90, 0xB0, 0xA0, 0xA0, 0x90, 0x91, 0x90, 0x90, 0x90, 0x99, 0x50, 0x50, 0x50, 0x50, 0x50,
    0x50, 0x50, 0x50, 0x50, 0x50, 0x90, 0x90, 0x90, 0x90, 0x90, 0x90, 0xC0, 0xD0, 0xB0, 0x90, 0x90,
    0x10, 0x10, 0x20, 0x21, 0x20, 0x20, 0x20, 0x20, 0x20, 0x20, 0x10, 0x10, 0x10, 0x10, 0x10, 0x10,
    0x10, 0x10, 0x10, 0x19, 0x10, 0x10, 0x10, 0x10, 0x20, 0x20, 0x10, 0x10, 0x10, 0x10, 0x10, 0x10,
    0x20, 0x20, 0x20, 0x20, 0x20, 0x20, 0x20, 0x20, 0x29, 0x29, 0x29, 0x20, 0x21, 0x29, 0x21, 0x21,
    0x22, 0x21, 0x21, 0x21, 0x21, 0x21, 0x21, 0x21, 0x21, 0x21, 0x21, 0x22, 0x22, 0x22, 0x22, 0x22,
    0xD1, 0xD2, 0x92, 0x44, 0x33, 0x94, 0xD3, 0xB3, 0xB3, 0xB3, 0xD2, 0x52, 0x51, 0xD1, 0xA9, 0xA9,
    0xA9, 0xD9, 0x59, 0x59, 0x59, 0xD9, 0xB0, 0xB0, 0xB0, 0xD0, 0x90, 0x30, 0x40, 0x90, 0xD0, 0xD0,
    0xB0, 0x90, 0xB0, 0x90, 0xC0, 0x90, 0x40, 0x30, 0x90, 0x20, 0x99, 0xE0, 0xE0, 0xD0, 0xD9, 0xD9,
    0x99, 0xE9, 0xD1, 0xD1, 0xD9, 0x99, 0x29, 0x99, 0x39, 0x29, 0x99, 0xC1, 0x91, 0xB2, 0x93, 0xB2,
    0x91, 0x92, 0x12, 0x49, 0x49, 0xE2, 0xE2, 0xE1, 0xE1, 0xE1, 0xE0, 0xE0, 0xE0, 0xE0, 0x40, 0x40,
    0xE0, 0xE0, 0xE0, 0xE0, 0xE0, 0xE0, 0xE0, 0xE0, 0xE0, 0xE0, 0xE0, 0x40, 0x40, 0x10, 0x90, 0x90,
    0x6E, 0x64, 0x63, 0x62, 0x54, 0x96, 0x96, 0x94, 0x94, 0x94, 0x94, 0x94, 0x9E, 0x9E, 0x9E, 0x94,
    0x94, 0x93, 0x93, 0x93, 0x94, 0x94, 0x94, 0x94, 0x94, 0x96, 0x96, 0x94, 0x92, 0x63, 0x64, 0x6E,
    0x92, 0x91, 0xC1, 0xB1, 0xB1, 0x91, 0x92, 0x92, 0x91, 0x93, 0x52, 0x51, 0x61, 0x72, 0x7E, 0x7E,
    0x74, 0x64, 0x62, 0x69, 0x59, 0x59, 0x92, 0x99, 0x91, 0x92, 0x91, 0xD1, 0xE1, 0xC1, 0x91, 0x92,
    0x90, 0x90, 0xB0, 0xA0, 0xA0, 0x90, 0x90, 0x90, 0x90, 0x90, 0x50, 0x50, 0x50, 0x60, 0x60, 0x69,
    0x60, 0x50, 0x50, 0x50, 0x50, 0x50, 0x90, 0x90, 0x90, 0x90, 0x90, 0xC0, 0xD0, 0xB0, 0x90, 0x90,
    0x20, 0x20, 0x20, 0x20, 0x20, 0x20, 0x20, 0x20, 0x20, 0x20, 0x20, 0x10, 0x10, 0x10, 0x10, 0x10,
    0x10, 0x10, 0x10, 0x10, 0x10, 0x10, 0x10, 0x20, 0x20, 0x20, 0x20, 0x20, 0x10, 0x10, 0x10, 0x10,
    0x10, 0x10, 0x10, 0x10, 0x10, 0x10, 0x10, 0x10, 0x10, 0x10, 0x10, 0x10, 0x11, 0x11, 0x11, 0x12,
    0x12, 0x12, 0x11, 0x11, 0x11, 0x11, 0x11, 0x11, 0x11, 0x11, 0x11, 0x12, 0x12, 0x13, 0x12, 0x11,
    0xD1, 0xD2, 0x94, 0x4E, 0x34, 0x94, 0xD4, 0xA3, 0xA3, 0xA3, 0xD2, 0x52, 0x51, 0xD1, 0xA9, 0xB9,
    0xB9, 0xD9, 0x59, 0x59, 0x59, 0xD9, 0xA0, 0xA0, 0xA0, 0xD9, 0x90, 0x30, 0x40, 0x90, 0xD0, 0xD0,
    0xB0, 0x90, 0xA0, 0x90, 0xB0, 0x90, 0x20, 0x10, 0x90, 0x90, 0x99, 0xB1, 0xD0, 0xB9, 0xD9, 0xB9,
    0x99, 0xD9, 0xB1, 0xB1, 0xB9, 0xD1, 0x99, 0x99, 0x29, 0x11, 0x99, 0xB1, 0x92, 0xA1, 0x91, 0xB2,
    0x91, 0x92, 0x11, 0x49, 0x49, 0xE1, 0xE3, 0xE2, 0xE2, 0xE2, 0xE1, 0x40, 0x40, 0x40, 0x30, 0x30,
    0xE0, 0xE0, 0x40, 0x40, 0x40, 0xE0, 0xE0, 0xE0, 0xE0, 0xE0, 0xE0, 0x40, 0x40, 0x10, 0x90, 0x90,
    0x7E, 0x74, 0x63, 0x62, 0x64, 0x66, 0x56, 0x57, 0x94, 0x94, 0x94, 0x9E, 0x9E, 0x9E, 0x94, 0x94,
    0x94, 0x94, 0x93, 0x93, 0x93, 0x94, 0x94, 0x94, 0x97, 0x96, 0x66, 0x64, 0x62, 0x73, 0x74, 0x7E,
    0x92, 0x91, 0xC1, 0xB1, 0xB1, 0x91, 0x91, 0x91, 0x91, 0x53, 0x51, 0x71, 0x72, 0x8E, 0x89, 0x79,
    0x79, 0x79, 0x73, 0x62, 0x69, 0x59, 0x52, 0x99, 0x92, 0x91, 0x91, 0xD1, 0xE1, 0xC1, 0x91, 0x92,
    0x90, 0x90, 0xB0, 0xA0, 0xA0, 0x90, 0x90, 0x90, 0x90, 0x50, 0x50, 0x60, 0x60, 0x60, 0x60, 0x60,
    0x60, 0x60, 0x60, 0x50, 0x50, 0x50, 0x50, 0x90, 0x90, 0x90, 0x90, 0xC0, 0xD0, 0xB0, 0x90, 0x90,
    0x20, 0x20, 0x20, 0x50, 0x50, 0x50, 0x20, 0x20, 0x20, 0x20, 0x20, 0x10, 0x10, 0x10, 0x10, 0x10,
    0x10, 0x10, 0x10, 0x10, 0x10, 0x10, 0x10, 0x20, 0x20, 0x20, 0x20, 0x20, 0x20, 0x20, 0x20, 0x20,
    0x90, 0x90, 0x90, 0x90, 0x90, 0x90, 0x90, 0x90, 0x90, 0x90, 0x90, 0x91, 0x91, 0x91, 0x91, 0x91,
    0x92, 0x91, 0x91, 0x99, 0x99, 0x91, 0x91, 0x92, 0x91, 0x91, 0x91, 0x92, 0x92, 0x93, 0x92, 0x91,
    0xD2, 0xD4, 0x9E, 0x4E, 0x3E, 0x94, 0xD4, 0xB3, 0xA3, 0xA3, 0xB2, 0xD2, 0xC2, 0xA1, 0xA9, 0xC9,
    0xC9, 0xA9, 0xC1, 0xD9, 0xD9, 0xB0, 0xA0, 0xA0, 0xB0, 0xD0, 0x90, 0x30, 0x40, 0x90, 0xD0, 0xD0,
    0xB0, 0x90, 0xA0, 0x90, 0xB0, 0x90, 0x20, 0x10, 0x90, 0x90, 0x90, 0x90, 0xD0, 0x99, 0xD9, 0x99,
    0x99, 0xD9, 0x91, 0x91, 0xD9, 0xB9, 0x91, 0x90, 0x20, 0x10, 0x99, 0xB9, 0x92, 0xA2, 0x92, 0xB2,
    0x93, 0x92, 0x11, 0x39, 0x39, 0x49, 0x49, 0x42, 0x42, 0x41, 0x41, 0x49, 0x40, 0x40, 0x30, 0x30,
    0xE0, 0xE0, 0x40, 0x40, 0x40, 0x40, 0x40, 0x40, 0x40, 0x40, 0x40, 0x30, 0x30, 0x10, 0x90, 0x90,
    0x7E, 0x74, 0x73, 0x62, 0x64, 0x64, 0x67, 0x57, 0x54, 0x54, 0x9E, 0x9E, 0x9E, 0x94, 0x94, 0x94,
    0x94, 0x94, 0x94, 0x93, 0x93, 0x93, 0x94, 0x94, 0x67, 0x67, 0x74, 0x74, 0x72, 0x73, 0x74, 0x7E,
    0x92, 0x91, 0xC1, 0xB1, 0xB1, 0x91, 0x91, 0x92, 0x51, 0x53, 0x71, 0x72, 0x84, 0x89, 0x89, 0x89,
    0x79, 0x79, 0x79, 0x73, 0x62, 0x61, 0x52, 0x59, 0x91, 0x91, 0x91, 0xD1, 0xE1, 0xC1, 0x91, 0x92,
    0x90, 0x90, 0xB0, 0xA0, 0xA0, 0x90, 0x90, 0x90, 0x50, 0x50, 0x60, 0x60, 0x70, 0x79, 0x70, 0x70,
    0x60, 0x60, 0x60, 0x60, 0x50, 0x50, 0x50, 0x50, 0x90, 0x90, 0x90, 0xC0, 0xD0, 0xB0, 0x90, 0x90,
    0x20, 0x20, 0x50, 0x50, 0x60, 0x50, 0x50, 0x20, 0x20, 0x20, 0x20, 0x20, 0x10, 0x10, 0x10, 0x10,
    0x10, 0x10, 0x10, 0x10, 0x10, 0x10, 0x20, 0x29, 0x20, 0x20, 0x20, 0x20, 0x20, 0x20, 0x20, 0x20,
    0x90, 0x90, 0x90, 0x90, 0x90, 0x90, 0x90, 0x90, 0x90, 0x90, 0x91, 0x99, 0x99, 0x99, 0x91, 0x91,
    0x91, 0x91, 0x91, 0x99, 0x99, 0x91, 0x91, 0x92, 0x92, 0x91, 0x91, 0x92, 0x93, 0x93, 0x92, 0x92,
    0xD4, 0xD4, 0x9E, 0x44, 0x34, 0x93, 0x53, 0xD3, 0xA3, 0xA3, 0xA2, 0xA2, 0xA2, 0xB1, 0xC1, 0xE9,
    0xE1, 0xC9, 0xB1, 0xA0, 0xA0, 0xA0, 0xA0, 0xA0, 0xD0, 0x50, 0x90, 0x30, 0x40, 0x90, 0xD0, 0xD0,
    0xB0, 0x90, 0xB0, 0x90, 0xC0, 0x90, 0x40, 0x30, 0x90, 0x90, 0x90, 0x90, 0xD0, 0x99, 0xD9, 0x91,
    0x91, 0xD9, 0x91, 0xD1, 0xB9, 0x99, 0x99, 0x90, 0x30, 0x20, 0x99, 0xC9, 0x92, 0xB2, 0x92, 0xB2,
    0x93, 0x92, 0x11, 0x39, 0x39, 0x49, 0x49, 0x42, 0x42, 0x41, 0x49, 0x39, 0x30, 0x30, 0x20, 0x20,
    0x40, 0x40, 0x30, 0x30, 0x30, 0x40, 0x40, 0x40, 0x40, 0x40, 0x40, 0x30, 0x30, 0x10, 0x90, 0x90,
    0x7E, 0x74, 0x73, 0x62, 0x64, 0x64, 0x64, 0x54, 0x54, 0x5E, 0x5E, 0x9E, 0x94, 0x94, 0x94, 0x92,
    0x93, 0x94, 0x94, 0x94, 0x93, 0x93, 0x63, 0x64, 0x74, 0x74, 0x74, 0x74, 0x72, 0x73, 0x74, 0x7E,
    0x91, 0x91, 0xC1, 0xB1, 0xB1, 0x91, 0x91, 0x92, 0x51, 0x61, 0x73, 0x83, 0x81, 0xE9, 0xE2, 0x89,
    0x89, 0x72, 0x79, 0x79, 0x62, 0x62, 0x59, 0x59, 0x91, 0x91, 0x91, 0xD1, 0xE1, 0xC1, 0x91, 0x91,
    0x90, 0x90, 0xB0, 0xA0, 0xA0, 0x90, 0x90, 0x90, 0x50, 0x50, 0x60, 0x70, 0x70, 0x80, 0x80, 0x70,
    0x70, 0x60, 0x60, 0x60, 0x50, 0x50, 0x50, 0x50, 0x90, 0x90, 0x90, 0xC0, 0xD0, 0xB0, 0x90, 0x90,
    0x20, 0x20, 0x50, 0x50, 0x60, 0x50, 0x50, 0x20, 0x20, 0x20, 0x20, 0x20, 0x20, 0x10, 0x10, 0x10,
    0x10, 0x10, 0x10, 0x10, 0x10, 0x20, 0x20, 0x20, 0x20, 0x20, 0x20, 0x20, 0x20, 0x20, 0x20, 0x20,
    0x50, 0x50, 0x50, 0x50, 0x50, 0x50, 0x50, 0x50, 0x59, 0x51, 0x59, 0x59, 0x59, 0x59, 0x51, 0x51,
    0x51, 0x51, 0x59, 0x59, 0x59, 0x51, 0x51, 0x52, 0x52, 0x51, 0x51, 0x52, 0x52, 0x52, 0x52, 0x52,
    0xD3, 0xD4, 0xD4, 0x92, 0x42, 0x32, 0x92, 0xD2, 0xB3, 0xA2, 0xA2, 0xA2, 0xA2, 0xA1, 0xA9, 0xC9,
    0xC9, 0xA9, 0xA9, 0xA0, 0xA0, 0xA0, 0xA0, 0xB0, 0xD0, 0x90, 0x30, 0x40, 0x90, 0xD0, 0xD0, 0xD0,
    0xB0, 0x90, 0xB0, 0x90, 0xC0, 0x90, 0x40, 0x30, 0x90, 0x99, 0xD9, 0xD9, 0xD0, 0xD0, 0xD9, 0xD9,
    0x91, 0xD1, 0x99, 0xD9, 0x99, 0x99, 0x90, 0x90, 0x30, 0x20, 0x99, 0xC1, 0x92, 0xB2, 0x91, 0xB1,
    0x93, 0x93, 0x11, 0x29, 0x20, 0x39, 0x39, 0x32, 0x31, 0x39, 0x39, 0x30, 0x30, 0x30, 0x20, 0x20,
    0x40, 0x40, 0x30, 0x30, 0x30, 0x30, 0x30, 0x39, 0x30, 0x30, 0x30, 0x20, 0x20, 0x10, 0x90, 0x90,
    0x7E, 0x74, 0x73, 0x62, 0x64, 0x64, 0x64, 0x54, 0x5E, 0x5E, 0x5E, 0x54, 0x94, 0x94, 0x92, 0x92,
    0x93, 0x93, 0x94, 0x94, 0x94, 0x63, 0x73, 0x73, 0x74, 0x74, 0x74, 0x74, 0x72, 0x73, 0x74, 0x7E,
    0x91, 0x91, 0xC1, 0xB1, 0xB1, 0x91, 0x91, 0x52, 0x51, 0x72, 0x89, 0x89, 0xE9, 0xE9, 0xE3, 0xE9,
    0x89, 0x83, 0x79, 0x79, 0x79, 0x69, 0x69, 0x59, 0x52, 0x91, 0x91, 0xD1, 0xE1, 0xC1, 0x91, 0x91,
    0x90, 0x90, 0xB0, 0xA0, 0xA0, 0x90, 0x90, 0x50, 0x50, 0x60, 0x60, 0x70, 0x80, 0xD0, 0xD0, 0x80,
    0x70, 0x60, 0x60, 0x60, 0x60, 0x50, 0x50, 0x50, 0x50, 0x90, 0x90, 0xC0, 0xD0, 0xB0, 0x90, 0x90,
    0x20, 0x20, 0x50, 0x61, 0x60, 0x60, 0x50, 0x20, 0x20, 0x30, 0x20, 0x20, 0x20, 0x20, 0x20, 0x10,
    0x10, 0x10, 0x10, 0x20, 0x20, 0x20, 0x20, 0x20, 0x30, 0x20, 0x20, 0x20, 0x20, 0x20, 0x20, 0x20,
    0x60, 0x60, 0x60, 0x60, 0x60, 0x60, 0x60, 0x60, 0x69, 0x69, 0x69, 0x69, 0x69, 0x69, 0x61, 0x61,
    0x61, 0x61, 0x69, 0x69, 0x61, 0x61, 0x62, 0x62, 0x61, 0x61, 0x61, 0x62, 0x62, 0x62, 0x62, 0x63,
    0xD3, 0xD3, 0xD4, 0x92, 0x42, 0x31, 0x91, 0x52, 0xD2, 0xB2, 0xB2, 0xD2, 0xD1, 0xB1, 0xA9, 0xB9,
    0xB0, 0xA0, 0xB0, 0xD0, 0xD0, 0xB0, 0xB0, 0xD0, 0x50, 0x90, 0x30, 0x40, 0x90, 0xD0, 0xD0, 0xD0,
    0xB0, 0x90, 0xA0, 0x90, 0xB0, 0x90, 0x20, 0x10, 0x90, 0x90, 0xB0, 0xB9, 0xB0, 0xD0, 0xD0, 0xB0,
    0x90, 0xD9, 0x99, 0xB9, 0xD0, 0x90, 0x90, 0x90, 0x20, 0x19, 0x99, 0xB1, 0x91, 0xA1, 0x99, 0xB1,
    0x92, 0x93, 0x11, 0x29, 0x20, 0x39, 0x39, 0x39, 0x31, 0x39, 0x39, 0x20, 0x20, 0x29, 0x10, 0x10,
    0x30, 0x30, 0x20, 0x20, 0x20, 0x30, 0x30, 0x30, 0x30, 0x30, 0x30, 0x20, 0x20, 0x10, 0x90, 0x90,
    0x7E, 0x74, 0x63, 0x62, 0x64, 0x64, 0x64, 0x5E, 0x5E, 0x5E, 0x54, 0x54, 0x54, 0x92, 0x92, 0x99,
    0x99, 0x93, 0x93, 0x94, 0x64, 0x74, 0x73, 0x73, 0x73, 0x74, 0x74, 0x74, 0x72, 0x73, 0x74, 0x7E,
    0x91, 0x91, 0xB1, 0xA1, 0x91, 0x91, 0x91, 0x52, 0x61, 0x74, 0x82, 0x82, 0xE1, 0xE1, 0xE4, 0xE1,
    0x81, 0x84, 0x71, 0x71, 0x71, 0x61, 0x64, 0x59, 0x52, 0x91, 0x91, 0x91, 0xC1, 0xB1, 0x91, 0x91,
    0x90, 0x90, 0xA0, 0x90, 0x90, 0x90, 0x90, 0x50, 0x50, 0x60, 0x60, 0x70, 0x80, 0xD0, 0xD0, 0x80,
    0x70, 0x60, 0x50, 0x60, 0x60, 0x50, 0x50, 0x50, 0x50, 0x90, 0x90, 0x90, 0xB0, 0xA0, 0x90, 0x90,
    0x20, 0x20, 0x30, 0x60, 0x60, 0x60, 0x30, 0x30, 0x30, 0x30, 0x20, 0x20, 0x20, 0x20, 0x20, 0x20,
    0x20, 0x20, 0x20, 0x20, 0x20, 0x20, 0x20, 0x20, 0x30, 0x30, 0x20, 0x20, 0x20, 0x20, 0x20, 0x20,
    0x90, 0x60, 0x60, 0x90, 0x90, 0x60, 0x60, 0x90, 0x99, 0x69, 0x61, 0x91, 0x99, 0x61, 0x61, 0x91,
    0x91, 0x69, 0x69, 0x91, 0x91, 0x62, 0x62, 0x92, 0x91, 0x61, 0x62, 0x92, 0x92, 0x62, 0x63, 0x93,
    0xD3, 0xD4, 0xD4, 0xD3, 0x92, 0x41, 0x31, 0x91, 0xD2, 0xC2, 0xD1, 0x51, 0x51, 0xD1, 0xA0, 0xA0,
    0xA9, 0xA0, 0xD0, 0x50, 0x50, 0xD0, 0xC0, 0xD0, 0x90, 0x30, 0x40, 0x90, 0xD0, 0xD0, 0xD0, 0xD0,
    0xB0, 0x90, 0x90, 0x90, 0xA0, 0x90, 0x20, 0x10, 0x91, 0x99, 0x90, 0x90, 0xD0, 0xB0, 0xD0, 0x90,
    0x90, 0xD0, 0x90, 0x90, 0xB0, 0xD0, 0x90, 0x90, 0x20, 0x19, 0x99, 0xA9, 0x91, 0x99, 0x99, 0xB1,
    0x92, 0x92, 0x19, 0x10, 0x10, 0x20, 0x29, 0x29, 0x29, 0x29, 0x20, 0x20, 0x20, 0x20, 0x19, 0x10,
    0x30, 0x30, 0x20, 0x20, 0x20, 0x29, 0x29, 0x20, 0x20, 0x20, 0x20, 0x10, 0x10, 0x10, 0x90, 0x90,
    0x6E, 0x64, 0x63, 0x62, 0x64, 0x64, 0x6E, 0x5E, 0x5E, 0x54, 0x54, 0x54, 0x52, 0x52, 0x99, 0x97,
    0x96, 0x99, 0x93, 0x63, 0x74, 0x74, 0x74, 0x73, 0x73, 0x73, 0x74, 0x74, 0x62, 0x63, 0x64, 0x6E,
    0x91, 0x91, 0xC1, 0xB1, 0x91, 0x91, 0x91, 0x52, 0x61, 0x73, 0x7E, 0x82, 0x82, 0xED, 0xE3, 0x82,
    0x82, 0x71, 0x6D, 0x71, 0x71, 0x6D, 0x63, 0x59, 0x52, 0x91, 0x91, 0x91, 0xE1, 0xC1, 0x91, 0x91,
    0x90, 0x90, 0xB0, 0xA0, 0x90, 0x90, 0x90, 0x50, 0x50, 0x60, 0x60, 0x70, 0x70, 0x80, 0x80, 0x70,
    0x70, 0x60, 0x50, 0x60, 0x60, 0x50, 0x50, 0x50, 0x50, 0x90, 0x90, 0x90, 0xD0, 0xB0, 0x90, 0x90,
    0x30, 0x30, 0x30, 0x30, 0x30, 0x30, 0x30, 0x30, 0x30, 0x30, 0x30, 0x20, 0x20, 0x20, 0x20, 0x20,
    0x20, 0x20, 0x60, 0x60, 0x60, 0x60, 0x20, 0x30, 0x30, 0x30, 0x30, 0x30, 0x20, 0x20, 0x20, 0x20,
    0x90, 0x70, 0x70, 0x90, 0x90, 0x70, 0x70, 0x99, 0x99, 0x79, 0x79, 0x91, 0x91, 0x71, 0x71, 0x99,
    0x99, 0x79, 0x79, 0x91, 0x91, 0x72, 0x72, 0x91, 0x91, 0x72, 0x72, 0x92, 0x91, 0x72, 0x72, 0x93,
    0xD2, 0xD3, 0xD4, 0x92, 0x92, 0x41, 0x39, 0x91, 0x51, 0xD1, 0xD2, 0x51, 0x59, 0xD1, 0xD1, 0xA0,
    0xA0, 0xD9, 0xD0, 0x50, 0x50, 0xD0, 0xD0, 0x50, 0x99, 0x30, 0x40, 0x90, 0x90, 0xD0, 0xD0, 0xD0,
    0x90, 0x90, 0x90, 0x90, 0x90, 0x90, 0x40, 0x30, 0x99, 0x99, 0x99, 0xD0, 0xB0, 0x90, 0xD0, 0x90,
    0x90, 0xD0, 0x90, 0x90, 0x90, 0xD0, 0x90, 0x90, 0x30, 0x29, 0x99, 0x99, 0x99, 0x99, 0x99, 0x99,
    0x92, 0x92, 0x19, 0x10, 0x10, 0x20, 0x20, 0x20, 0x20, 0x20, 0x20, 0x20, 0x20, 0x20, 0x10, 0x19,
    0x39, 0x30, 0x20, 0x20, 0x29, 0x22, 0x21, 0x29, 0x20, 0x20, 0x20, 0x10, 0x10, 0x10, 0x90, 0x90,
    0x6E, 0x64, 0x63, 0x62, 0x64, 0x6E, 0x5E, 0x5E, 0x54, 0x54, 0x54, 0x52, 0x52, 0x59, 0x97, 0x98,
    0x97, 0x96, 0x69, 0x73, 0x73, 0x74, 0x74, 0x74, 0x73, 0x63, 0x63, 0x64, 0x62, 0x63, 0x64, 0x6E,
    0x91, 0x91, 0xC1, 0xB1, 0x91, 0x91, 0x92, 0x52, 0x61, 0x71, 0x73, 0x7E, 0x8D, 0x83, 0x8E, 0x8E,
    0x73, 0x63, 0x61, 0x6D, 0x7D, 0x63, 0x69, 0x59, 0x52, 0x92, 0x91, 0x91, 0xE1, 0xC1, 0x91, 0x91,
    0x90, 0x90, 0xB0, 0xA0, 0x90, 0x90, 0x90, 0x50, 0x50, 0x60, 0x60, 0x60, 0x70, 0x70, 0x70, 0x70,
    0x60, 0x50, 0x50, 0x60, 0x60, 0x50, 0x50, 0x50, 0x50, 0x90, 0x90, 0x90, 0xD0, 0xB0, 0x90, 0x90,
    0x30, 0x30, 0x30, 0x30, 0x40, 0x30, 0x30, 0x30, 0x30, 0x30, 0x30, 0x20, 0x20, 0x20, 0x20, 0x20,
    0x20, 0x60, 0x60, 0x60, 0x60, 0x60, 0x60, 0x30, 0x30, 0x30, 0x30, 0x30, 0x30, 0x30, 0x30, 0x30,
    0x90, 0x80, 0x80, 0x90, 0x90, 0x80, 0x80, 0x90, 0x90, 0x89, 0x89, 0x99, 0x99, 0x81, 0x89, 0x99,
    0x99, 0x89, 0x89, 0x99, 0x91, 0x81, 0x81, 0x91, 0x91, 0x81, 0x82, 0x92, 0x91, 0x81, 0x82, 0x92,
    0xD2, 0xD2, 0x93, 0x32, 0x42, 0x41, 0x49, 0x39, 0x99, 0x51, 0x51, 0x59, 0xD9, 0xB1, 0xA9, 0xA9,
    0xA0, 0xA0, 0xB9, 0xD0, 0x50, 0x50, 0x59, 0x99, 0x39, 0x49, 0x49, 0x40, 0x30, 0x90, 0xD0, 0xD0,
    0x90, 0xE0, 0xE0, 0xE0, 0x40, 0x90, 0x40, 0x30, 0x90, 0x90, 0xD0, 0xB0, 0x90, 0x90, 0xD0, 0x90,
    0x90, 0xD0, 0x90, 0xD0, 0xD0, 0xB0, 0x90, 0x90, 0x30, 0x20, 0x90, 0x40, 0xE0, 0xE9, 0xE9, 0x91,
    0x92, 0x91, 0x12, 0x19, 0x10, 0x20, 0x20, 0x20, 0x20, 0x20, 0x29, 0x20, 0x20, 0x20, 0x10, 0x10,
    0x30, 0x30, 0x20, 0x20, 0x29, 0x21, 0x21, 0x29, 0x20, 0x20, 0x20, 0x10, 0x10, 0x10, 0x90, 0x90,
    0x6E, 0x64, 0x63, 0x62, 0x6E, 0x5E, 0x5E, 0x54, 0x54, 0x54, 0x52, 0x52, 0x59, 0x57, 0x58, 0x9E,
    0x98, 0x57, 0x76, 0x79, 0x73, 0x73, 0x74, 0x64, 0x64, 0x63, 0x63, 0x63, 0x62, 0x63, 0x64, 0x6E,
    0x91, 0x91, 0xD1, 0xC1, 0x91, 0x91, 0x92, 0x52, 0x61, 0x72, 0x71, 0x71, 0x81, 0x8E, 0x81, 0x79,
    0x79, 0x61, 0x63, 0x61, 0x79, 0x69, 0x62, 0x59, 0x59, 0x92, 0x91, 0x91, 0xE1, 0xD1, 0x91, 0x91,
    0x90, 0x90, 0xC0, 0xB0, 0x90, 0x90, 0x90, 0x50, 0x50, 0x60, 0x60, 0x60, 0x70, 0x70, 0x60, 0x60,
    0x50, 0x50, 0x50, 0x60, 0x60, 0x50, 0x50, 0x50, 0x50, 0x90, 0x90, 0x90, 0xD0, 0xC0, 0x90, 0x90,
    0x30, 0x30, 0x30, 0x30, 0x40, 0x30, 0x30, 0x30, 0x30, 0x30, 0x30, 0x30, 0x20, 0x20, 0x20, 0x20,
    0x60, 0x60, 0x60, 0x60, 0x60, 0x60, 0x70, 0x70, 0x30, 0x30, 0x30, 0x30, 0x30, 0x30, 0x30, 0x30,
    0x90, 0x80, 0x80, 0x90, 0x90, 0x80, 0x81, 0x99, 0x90, 0x89, 0x89, 0x90, 0x90, 0x89, 0x89, 0x99,
    0x99, 0x89, 0x80, 0x99, 0x99, 0x81, 0x89, 0x99, 0x91, 0x81, 0x82, 0x91, 0x91, 0x81, 0x82, 0x92,
    0xD3, 0x92, 0x32, 0x42, 0x91, 0x91, 0x41, 0x39, 0x99, 0x59, 0x59, 0xD9, 0xB1, 0xA1, 0xA9, 0xA9,
    0xA0, 0xA0, 0xA0, 0xB0, 0xD0, 0x59, 0x59, 0x91, 0x39, 0x49, 0x90, 0x90, 0x40, 0x30, 0x90, 0xD0,
    0x90, 0x90, 0x40, 0x40, 0x40, 0x90, 0x20, 0x10, 0x90, 0x90, 0xB0, 0x90, 0x90, 0x90, 0xD0, 0x90,
    0x90, 0xD0, 0x90, 0xB0, 0xB0, 0x90, 0x90, 0x90, 0x20, 0x10, 0x90, 0x30, 0x40, 0x49, 0x99, 0x91,
    0x92, 0x91, 0x12, 0x19, 0x10, 0x20, 0x20, 0x10, 0x10, 0x19, 0x10, 0x20, 0x20, 0x20, 0x10, 0x10,
    0x30, 0x39, 0x29, 0x20, 0x20, 0x19, 0x19, 0x10, 0x10, 0x20, 0x20, 0x10, 0x10, 0x10, 0x90, 0x90,
    0x5E, 0x54, 0x53, 0x52, 0x53, 0x53, 0x53, 0x54, 0x54, 0x54, 0x53, 0x53, 0x59, 0x56, 0x57, 0x98,
    0x97, 0x66, 0x75, 0x79, 0x7E, 0x7E, 0x64, 0x64, 0x64, 0x62, 0x62, 0x62, 0x62, 0x63, 0x64, 0x5E,
    0x91, 0x91, 0xC1, 0xB1, 0xB1, 0x92, 0x92, 0x51, 0x51, 0x6E, 0x71, 0x81, 0xEE, 0xE1, 0x89, 0x73,
    0x72, 0x69, 0x61, 0x73, 0x61, 0x61, 0x53, 0x51, 0x59, 0x92, 0x92, 0xD1, 0xE1, 0xC1, 0x91, 0x91,
    0x90, 0x90, 0xB0, 0xA0, 0xA0, 0x90, 0x90, 0x50, 0x50, 0x50, 0x60, 0x70, 0x80, 0x80, 0x70, 0x60,
    0x50, 0x50, 0x60, 0x60, 0x50, 0x50, 0x50, 0x50, 0x50, 0x90, 0x90, 0xC0, 0xD0, 0xB0, 0x90, 0x90,
    0x30, 0x30, 0x30, 0x40, 0x40, 0x40, 0x30, 0x30, 0x30, 0x40, 0x30, 0x30, 0x30, 0x20, 0x20, 0x20,
    0x60, 0x60, 0x60, 0x60, 0x60, 0x70, 0x70, 0x70, 0x40, 0x30, 0x30, 0x31, 0x30, 0x30, 0x30, 0x30,
    0x90, 0x70, 0x70, 0x90, 0x90, 0x70, 0x79, 0x99, 0x99, 0x79, 0x70, 0x90, 0x90, 0x70, 0x70, 0x90,
    0x90, 0x70, 0x70, 0x99, 0x99, 0x79, 0x79, 0x91, 0x91, 0x71, 0x71, 0x91, 0x99, 0x71, 0x72, 0x92,
    0xD3, 0x92, 0x32, 0x91, 0x69, 0x61, 0x91, 0x49, 0x39, 0x99, 0x59, 0xD9, 0xB1, 0xA9, 0x99, 0x90,
    0x90, 0x90, 0xA0, 0xB0, 0xD0, 0x59, 0x91, 0x31, 0x49, 0x90, 0x60, 0x60, 0x90, 0x30, 0x90, 0xD0,
    0xA0, 0x90, 0x90, 0x90, 0x90, 0x90, 0x20, 0x10, 0x90, 0x90, 0x90, 0x90, 0xD0, 0xD0, 0xD0, 0x90,
    0x90, 0xD0, 0x90, 0x90, 0x90, 0x90, 0x90, 0x90, 0x20, 0x10, 0x90, 0x90, 0x90, 0x90, 0x99, 0xA1,
    0x92, 0x91, 0x11, 0x19, 0x10, 0x20, 0x10, 0x10, 0x10, 0x10, 0x10, 0x10, 0x20, 0x29, 0x19, 0x10,
    0x30, 0x30, 0x20, 0x20, 0x10, 0x10, 0x10, 0x10, 0x10, 0x10, 0x20, 0x10, 0x10, 0x10, 0x90, 0x90,
    0x5E, 0x54, 0x53, 0x52, 0x54, 0x53, 0x53, 0x53, 0x54, 0x54, 0x54, 0x53, 0x53, 0x59, 0x56, 0x97,
    0x56, 0x75, 0x79, 0x7E, 0x7E, 0x64, 0x64, 0x64, 0x62, 0x62, 0x62, 0x64, 0x52, 0x53, 0x54, 0x5E,
    0x91, 0x91, 0xC1, 0xB1, 0xB2, 0x92, 0x92, 0x91, 0x52, 0x6E, 0x71, 0x84, 0xEE, 0xE1, 0x81, 0x79,
    0x79, 0x71, 0x71, 0x73, 0x63, 0x61, 0x54, 0x52, 0x99, 0x91, 0x92, 0xD1, 0xE1, 0xC1, 0x91, 0x91,
    0x90, 0x90, 0xB0, 0xA0, 0xA0, 0x90, 0x90, 0x90, 0x50, 0x50, 0x60, 0x70, 0x80, 0x80, 0x70, 0x60,
    0x60, 0x60, 0x60, 0x60, 0x50, 0x50, 0x50, 0x50, 0x90, 0x90, 0x90, 0xC0, 0xD0, 0xB0, 0x90, 0x90,
    0x30, 0x30, 0x40, 0x40, 0x40, 0x40, 0x40, 0x40, 0x40, 0x40, 0x30, 0x30, 0x30, 0x30, 0x30, 0x20,
    0x60, 0x60, 0x60, 0x70, 0x70, 0x70, 0x70, 0x70, 0x40, 0x40, 0x30, 0x30, 0x30, 0x30, 0x30, 0x30,
    0x90, 0x80, 0x80, 0x90, 0x90, 0x80, 0x80, 0x90, 0x90, 0x80, 0x80, 0x90, 0x90, 0x80, 0x80, 0x90,
    0x90, 0x80, 0x80, 0x99, 0x99, 0x89, 0x89, 0x91, 0x91, 0x82, 0x81, 0x99, 0x99, 0x81, 0x82, 0x93,
    0xD4, 0x93, 0x42, 0x91, 0x79, 0x42, 0x91, 0x41, 0x40, 0x30, 0x99, 0x59, 0xD9, 0xD9, 0x90, 0xD0,
    0xD0, 0x99, 0xD9, 0xD0, 0x59, 0x99, 0x39, 0x49, 0x49, 0x90, 0x40, 0x70, 0x90, 0x40, 0x90, 0xD0,
    0xB0, 0x90, 0x40, 0x40, 0x40, 0x90, 0x40, 0x30, 0x20, 0x90, 0x20, 0x90, 0x90, 0xB0, 0xB0, 0x90,
    0x90, 0xB0, 0x90, 0x90, 0x90, 0x20, 0x90, 0x30, 0x30, 0x20, 0x90, 0x30, 0x40, 0x40, 0x99, 0xB1,
    0x92, 0x91, 0x11, 0x19, 0x11, 0x10, 0x10, 0x80, 0xE0, 0x90, 0x80, 0x10, 0x10, 0x20, 0x10, 0x10,
    0x30, 0x30, 0x20, 0x10, 0x10, 0x80, 0xE0, 0x90, 0x80, 0x10, 0x10, 0x10, 0x10, 0x10, 0x90, 0x90,
    0x5E, 0x54, 0x53, 0x52, 0x54, 0x54, 0x53, 0x53, 0x53, 0x54, 0x54, 0x54, 0x53, 0x53, 0x59, 0x96,
    0x65, 0x79, 0x7E, 0x7E, 0x64, 0x64, 0x64, 0x62, 0x62, 0x62, 0x54, 0x54, 0x52, 0x53, 0x54, 0x5E,
    0x92, 0x91, 0xC1, 0xB2, 0xB2, 0x92, 0x92, 0x91, 0x54, 0x54, 0x63, 0x7E, 0x8E, 0x8E, 0x73, 0x71,
    0x71, 0x73, 0x73, 0x63, 0x63, 0x52, 0x53, 0x52, 0x99, 0x91, 0x92, 0xD2, 0xE1, 0xC1, 0x91, 0x92,
    0x90, 0x90, 0xB0, 0xA0, 0xA0, 0x90, 0x90, 0x90, 0x50, 0x50, 0x50, 0x60, 0x70, 0x70, 0x60, 0x60,
    0x60, 0x60, 0x60, 0x50, 0x50, 0x50, 0x50, 0x50, 0x90, 0x90, 0x90, 0xC0, 0xD0, 0xB0, 0x90, 0x90,
    0x40, 0x40, 0x40, 0x40, 0x40, 0x40, 0x40, 0x40, 0x40, 0x40, 0x40, 0x30, 0x30, 0x30, 0x30, 0x30,
    0x70, 0x70, 0x70, 0x70, 0x70, 0x70, 0x70, 0x70, 0x40, 0x40, 0x40, 0x40, 0x30, 0x30, 0x30, 0x30,
    0x90, 0xE0, 0xE0, 0x90, 0x90, 0xE0, 0xE0, 0x90, 0x90, 0xE0, 0xE0, 0x90, 0x90, 0xE0, 0xE0, 0x90,
    0x90, 0xE0, 0xE9, 0x99, 0x99, 0xE9, 0xE9, 0x99, 0x91, 0xE2, 0xE1, 0x99, 0x99, 0xE1, 0xE2, 0x93,
    0x93, 0x33, 0x41, 0x91, 0x61, 0x42, 0x62, 0x91, 0x40, 0x40, 0x30, 0x90, 0x90, 0xD0, 0x90, 0x90,
    0x90, 0x90, 0xD0, 0x90, 0x90, 0x39, 0x40, 0x40, 0x90, 0x60, 0x40, 0x60, 0x90, 0x40, 0x30, 0x90,
    0xB0, 0x90, 0x90, 0x30, 0x30, 0x30, 0x90, 0x30, 0x30, 0x20, 0x90, 0x20, 0x90, 0x90, 0x90, 0x90,
    0x90, 0x90, 0x90, 0x90, 0x20, 0x90, 0x30, 0x30, 0x20, 0x99, 0x20, 0x31, 0x30, 0x90, 0x99, 0xB1,
    0x92, 0x99, 0x11, 0x19, 0x19, 0x10, 0x89, 0xE0, 0xA0, 0x90, 0xE0, 0x80, 0x10, 0x20, 0x10, 0x10,
    0x30, 0x30, 0x20, 0x10, 0x80, 0xE0, 0xA0, 0x90, 0xE0, 0x80, 0x10, 0x10, 0x10, 0x10, 0x90, 0x90,
    0x5E, 0x54, 0x53, 0x52, 0x54, 0x54, 0x54, 0x53, 0x53, 0x53, 0x54, 0x54, 0x54, 0x53, 0x93, 0x99,
    0x69, 0x7E, 0x7E, 0x74, 0x64, 0x64, 0x62, 0x62, 0x62, 0x54, 0x54, 0x54, 0x52, 0x53, 0x54, 0x5E,
    0x92, 0x91, 0xC2, 0xB2, 0xB2, 0x92, 0x92, 0x91, 0x94, 0x54, 0x53, 0x6E, 0x7E, 0x7E, 0x7E, 0x73,
    0x74, 0x64, 0x63, 0x63, 0x53, 0x52, 0x53, 0x92, 0x99, 0x91, 0x91, 0xD2, 0xE2, 0xC1, 0x91, 0x92,
    0x90, 0x90, 0xB0, 0xA0, 0xA0, 0x90, 0x90, 0x90, 0x90, 0x50, 0x50, 0x50, 0x60, 0x60, 0x60, 0x60,
    0x60, 0x50, 0x50, 0x50, 0x50, 0x50, 0x50, 0x90, 0x90, 0x90, 0x90, 0xC0, 0xD0, 0xB0, 0x90, 0x90,
    0x40, 0x40, 0x40, 0x40, 0x40, 0x40, 0x40, 0x40, 0x40, 0x40, 0x40, 0x30, 0x30, 0x30, 0x30, 0x30,
    0x30, 0x70, 0x70, 0x70, 0x70, 0x70, 0x70, 0x40, 0x40, 0x40, 0x40, 0x40, 0x40, 0x40, 0x40, 0x40,
    0x90, 0xE0, 0xE0, 0x90, 0x90, 0xE0, 0xE0, 0x90, 0x90, 0xE0, 0xE0, 0x90, 0x90, 0xE0, 0xE0, 0x90,
    0x90, 0xE0, 0xE9, 0x99, 0x91, 0xE9, 0xE9, 0x99, 0x91, 0xE1, 0xE1, 0x99, 0x99, 0xE9, 0xE1, 0x92,
    0x93, 0x32, 0x41, 0x41, 0x42, 0x41, 0x62, 0x61, 0x91, 0x41, 0x40, 0x30, 0x30, 0x90, 0x90, 0x40,
    0x40, 0x90, 0x90, 0x30, 0x30, 0x40, 0x40, 0x90, 0x60, 0x60, 0x40, 0x40, 0x40, 0x40, 0x30, 0x90,
    0xB0, 0xA0, 0x90, 0x90, 0x90, 0x90, 0x90, 0x90, 0x30, 0x30, 0x10, 0x90, 0x20, 0x90, 0x90, 0x90,
    0x90, 0x90, 0x90, 0x20, 0x90, 0x10, 0x30, 0x20, 0x90, 0x90, 0x90, 0x90, 0x90, 0x90, 0xA9, 0xB1,
    0x92, 0x99, 0x19, 0x19, 0x10, 0x10, 0x89, 0xE9, 0x90, 0x90, 0xE0, 0x80, 0x10, 0x20, 0x10, 0x10,
    0x30, 0x30, 0x20, 0x10, 0x80, 0xE0, 0x90, 0x90, 0xE0, 0x80, 0x10, 0x10, 0x10, 0x10, 0x90, 0x90,
    0x5E, 0x54, 0x53, 0x52, 0x54, 0x54, 0x54, 0x54, 0x53, 0x53, 0x53, 0x54, 0x54, 0x54, 0x93, 0x53,
    0x7E, 0x7E, 0x74, 0x64, 0x64, 0x62, 0x62, 0x62, 0x54, 0x54, 0x54, 0x54, 0x52, 0x53, 0x54, 0x5E,
    0x92, 0x91, 0xC2, 0xB2, 0xB2, 0x92, 0x92, 0x91, 0x94, 0x93, 0x54, 0x5E, 0x6E, 0x6E, 0x6E, 0x63,
    0x6E, 0x64, 0x53, 0x53, 0x53, 0x52, 0x92, 0x92, 0x99, 0x91, 0x91, 0xD1, 0xE2, 0xC2, 0x91, 0x92,
    0x90, 0x90, 0xB0, 0xA0, 0xA0, 0x90, 0x90, 0x90, 0x90, 0x90, 0x50, 0x50, 0x50, 0x50, 0x50, 0x50,
    0x50, 0x50, 0x50, 0x50, 0x50, 0x50, 0x90, 0x90, 0x90, 0x90, 0x90, 0xC0, 0xD0, 0xB0, 0x90, 0x90,
    0x40, 0x40, 0x40, 0x40, 0x40, 0x40, 0x40, 0x40, 0x40, 0x40, 0x40, 0x40, 0x30, 0x30, 0x30, 0x30,
    0x30, 0x30, 0x70, 0x70, 0x70, 0x70, 0x40, 0x40, 0x40, 0x40, 0x40, 0x40, 0x40, 0x40, 0x40, 0x40,
    0x90, 0xE0, 0xE0, 0x90, 0x90, 0xE0, 0xE0, 0x90, 0x90, 0xE0, 0xE0, 0x90, 0x90, 0xE0, 0xE0, 0x90,
    0x90, 0xE0, 0xE9, 0x99, 0x91, 0xE1, 0xE9, 0x99, 0x91, 0xE2, 0xE1, 0x99, 0x99, 0xE9, 0xE1, 0x92,
    0x92, 0x32, 0x41, 0x61, 0x61, 0x41, 0x62, 0x71, 0x69, 0x90, 0x49, 0x40, 0x40, 0x40, 0x40, 0x10,
    0x10, 0x40, 0x40, 0x40, 0x40, 0x40, 0x90, 0x60, 0x70, 0x90, 0x40, 0x60, 0x60, 0x40, 0x30, 0x90,
    0xB0, 0xB0, 0xA0, 0xA0, 0x90, 0x30, 0x30, 0x30, 0x90, 0x20, 0x10, 0x10, 0x90, 0x20, 0x20, 0x20,
    0x20, 0x20, 0x20, 0x90, 0x10, 0x10, 0x10, 0x90, 0x20, 0x30, 0x39, 0x90, 0xA0, 0xA0, 0xB9, 0xB1,
    0x92, 0x99, 0x19, 0x10, 0x10, 0x10, 0x10, 0xE9, 0x90, 0x90, 0xE0, 0x10, 0x10, 0x20, 0x10, 0x10,
    0x30, 0x30, 0x20, 0x10, 0x10, 0xE0, 0x90, 0x90, 0xE0, 0x10, 0x10, 0x10, 0x10, 0x10, 0x90, 0x90,
    0x5E, 0x54, 0x53, 0x52, 0x54, 0x54, 0x54, 0x54, 0x54, 0x53, 0x53, 0x53, 0x54, 0x54, 0x94, 0x63,
    0x7E, 0x74, 0x74, 0x64, 0x62, 0x62, 0x62, 0x64, 0x54, 0x54, 0x54, 0x54, 0x52, 0x53, 0x54, 0x5E,
    0x93, 0x92, 0xC2, 0xB2, 0xB2, 0x92, 0x92, 0x91, 0x93, 0x92, 0x9E, 0x5E, 0x5E, 0x5E, 0x5E, 0x53,
    0x5E, 0x54, 0x53, 0x53, 0x53, 0x93, 0x92, 0x92, 0x99, 0x99, 0x91, 0xD1, 0xE1, 0xC2, 0x92, 0x93,
    0x90, 0x90, 0xB0, 0xA0, 0xA0, 0x90, 0x90, 0x90, 0x90, 0x90, 0x90, 0x50, 0x50, 0x50, 0x50, 0x50,
    0x50, 0x50, 0x50, 0x50, 0x50, 0x90, 0x90, 0x90, 0x90, 0x90, 0x90, 0xC0, 0xD0, 0xB0, 0x90, 0x90,
    0x40, 0x40, 0x40, 0x40, 0x40, 0x40, 0x40, 0x40, 0x40, 0x40, 0x40, 0x40, 0x40, 0x30, 0x30, 0x30,
    0x30, 0x30, 0x30, 0x30, 0x30, 0x40, 0x40, 0x40, 0x40, 0x40, 0x40, 0x40, 0x40, 0x40, 0x40, 0x40,
    0x90, 0x80, 0x80, 0x90, 0x90, 0x80, 0x80, 0x90, 0x90, 0x80, 0x80, 0x90, 0x90, 0x80, 0x80, 0x90,
    0x90, 0x80, 0x80, 0x99, 0x99, 0x81, 0x89, 0x99, 0x91, 0x81, 0x82, 0x91, 0x99, 0x81, 0x81, 0x92,
    0x92, 0x32, 0x42, 0x61, 0x79, 0x49, 0x41, 0x99, 0x79, 0x90, 0x40, 0x60, 0x60, 0x40, 0x40, 0x10,
    0x20, 0x40, 0x40, 0x60, 0x60, 0x40, 0x90, 0x70, 0x90, 0x40, 0x40, 0x70, 0x60, 0x40, 0x30, 0x90,
    0xB0, 0xB0, 0xB0, 0xB0, 0x90, 0x90, 0x20, 0x20, 0x20, 0x90, 0x20, 0x30, 0x20, 0x90, 0x90, 0x90,
    0x90, 0x90, 0x90, 0x30, 0x30, 0x10, 0x90, 0x10, 0x20, 0x20, 0x90, 0x90, 0xB0, 0xB0, 0xB9, 0xB1,
    0x91, 0x99, 0x10, 0x10, 0x10, 0x20, 0x10, 0x10, 0x10, 0x10, 0x10, 0x10, 0x20, 0x20, 0x10, 0x10,
    0x30, 0x30, 0x20, 0x20, 0x10, 0x10, 0x10, 0x10, 0x10, 0x10, 0x20, 0x10, 0x10, 0x10, 0x90, 0x90,
    0x5E, 0x54, 0x53, 0x52, 0x54, 0x54, 0x54, 0x54, 0x54, 0x54, 0x53, 0x53, 0x53, 0x94, 0x94, 0x64,
    0x74, 0x74, 0x64, 0x62, 0x62, 0x62, 0x64, 0x54, 0x54, 0x54, 0x54, 0x54, 0x52, 0x53, 0x54, 0x5E,
    0x93, 0x92, 0xC2, 0xB2, 0xC2, 0xD2, 0xB1, 0x99, 0x92, 0x91, 0x9E, 0x9E, 0x9E, 0x5E, 0x5E, 0x53,
    0x54, 0x54, 0x53, 0x93, 0x93, 0x93, 0x92, 0x92, 0x99, 0xE9, 0xD1, 0xE1, 0xE1, 0xC1, 0x92, 0x93,
    0x90, 0x90, 0xB0, 0xA0, 0xB0, 0xC0, 0xA0, 0x90, 0x90, 0x90, 0x90, 0x90, 0x90, 0x50, 0x50, 0x50,
    0x50, 0x50, 0x50, 0x90, 0x90, 0x90, 0x90, 0x90, 0x90, 0xD0, 0xC0, 0xD0, 0xD0, 0xB0, 0x90, 0x90,
    0x40, 0x40, 0x40, 0x40, 0xE0, 0x40, 0x40, 0x40, 0x40, 0x40, 0x40, 0x40, 0x40, 0x40, 0x40, 0x30,
    0x30, 0x30, 0x30, 0x40, 0x40, 0x40, 0x40, 0x40, 0x40, 0x40, 0x40, 0x40, 0x40, 0x40, 0x40, 0x40,
    0x90, 0x70, 0x70, 0x90, 0x90, 0x70, 0x70, 0x90, 0x90, 0x70, 0x70, 0x90, 0x90, 0x70, 0x70, 0x90,
    0x90, 0x70, 0x70, 0x90, 0x99, 0x79, 0x79, 0x99, 0x99, 0x79, 0x71, 0x99, 0x99, 0x79, 0x71, 0x91,
    0x92, 0x31, 0x41, 0x69, 0x79, 0x49, 0x31, 0x41, 0x91, 0x99, 0x40, 0x40, 0x40, 0x90, 0x40, 0x20,
    0x20, 0x40, 0x90, 0x40, 0x40, 0x40, 0x90, 0x90, 0x40, 0x30, 0x40, 0x70, 0x60, 0x40, 0x30, 0x90,
    0xB0, 0xB0, 0xB0, 0xB0, 0xA0, 0x90, 0x90, 0x90, 0x90, 0x90, 0x90, 0x30, 0x30, 0x20, 0x90, 0xE0,
    0x40, 0x90, 0x30, 0x30, 0x20, 0x90, 0x90, 0x90, 0x90, 0x90, 0x90, 0xA0, 0xB0, 0xB0, 0xB9, 0xB1,
    0x99, 0x90, 0x10, 0x10, 0x10, 0x20, 0x20, 0x10, 0x10, 0x10, 0x10, 0x20, 0x20, 0x20, 0x10, 0x10,
    0x30, 0x30, 0x20, 0x20, 0x20, 0x10, 0x10, 0x10, 0x10, 0x20, 0x20, 0x10, 0x10, 0x10, 0x90, 0x90,
    0x5E, 0x54, 0x53, 0x52, 0x54, 0x54, 0x57, 0x57, 0x54, 0x54, 0x54, 0x53, 0x53, 0x93, 0x94, 0x64,
    0x74, 0x74, 0x62, 0x62, 0x62, 0x64, 0x54, 0x54, 0x57, 0x57, 0x54, 0x54, 0x52, 0x53, 0x54, 0x5E,
    0x94, 0x93, 0xC2, 0xC2, 0xD2, 0xE1, 0xC1, 0x99, 0x91, 0x92, 0x9E, 0x9E, 0x9E, 0x9E, 0x93, 0x92,
    0x92, 0x93, 0x93, 0x93, 0x93, 0x93, 0x92, 0x91, 0x99, 0xE9, 0xE9, 0xE1, 0xE1, 0xC2, 0x93, 0x94,
    0x90, 0x90, 0xB0, 0xB0, 0xC0, 0xD0, 0xB0, 0x90, 0x90, 0x90, 0x90, 0x90, 0x90, 0x90, 0x90, 0x90,
    0x90, 0x90, 0x90, 0x90, 0x90, 0x90, 0x90, 0x90, 0x90, 0xD0, 0xD0, 0xD0, 0xD0, 0xB0, 0x90, 0x90,
    0x30, 0x40, 0x40, 0xE0, 0xE0, 0xE0, 0x40, 0x40, 0x40, 0xE0, 0x40, 0x40, 0x40, 0x40, 0x40, 0x40,
    0x40, 0x40, 0x40, 0x40, 0x40, 0x40, 0x40, 0x40, 0xE0, 0x40, 0x40, 0x40, 0x40, 0x40, 0x40, 0x30,
    0x90, 0x70, 0x70, 0x90, 0x90, 0x70, 0x70, 0x90, 0x90, 0x70, 0x70, 0x90, 0x90, 0x70, 0x70, 0x90,
    0x90, 0x70, 0x70, 0x90, 0x90, 0x70, 0x70, 0x99, 0x99, 0x79, 0x79, 0x99, 0x99, 0x79, 0x79, 0x91,
    0x91, 0x39, 0x49, 0x69, 0x61, 0x41, 0x91, 0x39, 0x49, 0x40, 0x90, 0x40, 0x90, 0x70, 0x90, 0x40,
    0x40, 0x90, 0x70, 0x90, 0x40, 0x90, 0x40, 0x40, 0x30, 0x90, 0x40, 0x60, 0x60, 0x40, 0x30, 0x90,
    0xB0, 0xB0, 0xB0, 0xB0, 0xB0, 0xA0, 0xA0, 0xA0, 0x90, 0x20, 0x20, 0x90, 0x30, 0x30, 0x40, 0x40,
    0x30, 0x20, 0x30, 0x20, 0x90, 0x20, 0x20, 0x90, 0xA0, 0xA0, 0xA0, 0xB0, 0xB0, 0xB0, 0xB0, 0xB9,
    0x90, 0x90, 0x10, 0x10, 0x10, 0x20, 0x20, 0x20, 0x20, 0x20, 0x20, 0x20, 0x20, 0x20, 0x10, 0x10,
    0x30, 0x30, 0x20, 0x20, 0x20, 0x20, 0x20, 0x20, 0x20, 0x20, 0x20, 0x10, 0x10, 0x10, 0x90, 0x90,
    0x5E, 0x54, 0x53, 0x52, 0x54, 0x56, 0x56, 0x57, 0x54, 0x54, 0x54, 0x54, 0x93, 0x93, 0x53, 0x74,
    0x74, 0x72, 0x62, 0x62, 0x64, 0x64, 0x54, 0x54, 0x57, 0x56, 0x56, 0x54, 0x52, 0x53, 0x54, 0x5E,
    0x94, 0x93, 0xC3, 0xC2, 0xC1, 0xC9, 0xB9, 0x99, 0xE9, 0xD2, 0xD4, 0x94, 0x94, 0x92, 0x91, 0x91,
    0x91, 0x91, 0x92, 0x93, 0x93, 0xD2, 0xD2, 0xB9, 0x99, 0xE9, 0xC9, 0xC9, 0xC2, 0xC3, 0x93, 0x94,
    0x90, 0x90, 0xB0, 0xB0, 0xB0, 0xB0, 0xA0, 0x90, 0xD0, 0xC0, 0xC0, 0x90, 0x90, 0x90, 0x90, 0x90,
    0x90, 0x90, 0x90, 0x90, 0x90, 0xC0, 0xC0, 0xA0, 0x90, 0xD0, 0xB0, 0xB0, 0xB0, 0xB0, 0x90, 0x90,
    0x30, 0x30, 0xE0, 0xE0, 0xE0, 0xE0, 0xE0, 0xE0, 0xE0, 0xE0, 0x40, 0x40, 0x40, 0x40, 0x40, 0x40,
    0x40, 0x40, 0x40, 0x40, 0x40, 0x40, 0x40, 0x40, 0xE0, 0xE0, 0x40, 0x40, 0x40, 0x40, 0x30, 0x30,
    0x90, 0x60, 0x60, 0x90, 0x90, 0x60, 0x60, 0x90, 0x90, 0x60, 0x60, 0x90, 0x90, 0x60, 0x60, 0x90,
    0x90, 0x60, 0x60, 0x90, 0x90, 0x60, 0x60, 0x90, 0x99, 0x69, 0x69, 0x99, 0x99, 0x69, 0x69, 0x99,
    0x99, 0x39, 0x41, 0x49, 0x49, 0x39, 0x99, 0x99, 0x30, 0x30, 0x40, 0x40, 0x40, 0x60, 0x40, 0x10,
    0x10, 0x40, 0x60, 0x40, 0x40, 0x40, 0x30, 0x30, 0x90, 0x90, 0x30, 0x40, 0x40, 0x40, 0x30, 0x90,
    0xB0, 0xB0, 0xB0, 0xB0, 0xB0, 0xB0, 0xB0, 0xB0, 0x90, 0x90, 0x10, 0x10, 0x90, 0x30, 0x20, 0x30,
    0x20, 0x20, 0x20, 0x90, 0x10, 0x10, 0x90, 0x90, 0xB0, 0xB0, 0xB0, 0xB0, 0xB0, 0xB9, 0xB0, 0xB0,
    0x90, 0x90, 0x10, 0x10, 0x10, 0x20, 0x20, 0x20, 0x20, 0x20, 0x20, 0x20, 0x20, 0x20, 0x10, 0x10,
    0x30, 0x30, 0x20, 0x20, 0x20, 0x20, 0x20, 0x20, 0x20, 0x20, 0x20, 0x10, 0x10, 0x10, 0x90, 0x90,
    0x5E, 0x54, 0x53, 0x52, 0x54, 0x56, 0x56, 0x54, 0x94, 0x94, 0x94, 0x94, 0x94, 0x93, 0x63, 0x73,
    0x72, 0x72, 0x62, 0x64, 0x64, 0x54, 0x54, 0x54, 0x54, 0x56, 0x56, 0x54, 0x52, 0x53, 0x54, 0x5E,
    0x94, 0x94, 0xB3, 0xB3, 0xB2, 0xB1, 0xA9, 0x99, 0xE9, 0xE1, 0xE2, 0xE2, 0xE1, 0xE1, 0xE4, 0xE4,
    0xE4, 0xE3, 0xE1, 0xE1, 0xE2, 0xE2, 0xE1, 0xC9, 0x99, 0xC9, 0xB9, 0xB2, 0xB3, 0xB3, 0x94, 0x94,
    0x90, 0x90, 0xA0, 0xA0, 0xA0, 0xA0, 0x90, 0x90, 0xD0, 0xD0, 0xD0, 0xD0, 0xD0, 0xD0, 0xD0, 0xD0,
    0xD0, 0xD0, 0xD0, 0xD0, 0xD0, 0xD0, 0xD0, 0xB0, 0x90, 0xB0, 0xA0, 0xA0, 0xA0, 0xA0, 0x90, 0x90,
    0x40, 0x40, 0x40, 0xE0, 0xE0, 0xE0, 0xE0, 0xE0, 0xE0, 0xE0, 0xE0, 0x40, 0x40, 0x40, 0x40, 0x40,
    0x40, 0x40, 0x40, 0x40, 0x40, 0x40, 0x40, 0xE0, 0xE0, 0xE0, 0xE0, 0xE0, 0x40, 0x30, 0x30, 0x30,
    0x90, 0x60, 0x60, 0x90, 0x90, 0x60, 0x60, 0x90, 0x90, 0x60, 0x60, 0x90, 0x90, 0x60, 0x60, 0x90,
    0x90, 0x60, 0x60, 0x90, 0x90, 0x60, 0x60, 0x90, 0x90, 0x60, 0x60, 0x99, 0x99, 0x69, 0x69, 0x99,
    0xD1, 0x99, 0x39, 0x39, 0x39, 0x99, 0xD0, 0xD0, 0x90, 0x90, 0x30, 0x30, 0x40, 0x40, 0x40, 0x10,
    0x20, 0x40, 0x40, 0x40, 0x30, 0x30, 0x90, 0x90, 0xD0, 0xD0, 0x90, 0x30, 0x30, 0x30, 0x90, 0xD0,
    0xB0, 0xB0, 0xB0, 0xB0, 0xB0, 0xB0, 0xB0, 0xB0, 0xA0, 0x90, 0x90, 0x90, 0x90, 0x90, 0x10, 0x30,
    0x20, 0x10, 0x90, 0x90, 0x90, 0x90, 0x90, 0xA0, 0xB0, 0xB0, 0xB0, 0xB0, 0xB0, 0xB0, 0xB0, 0xB0,
    0x90, 0x90, 0x19, 0x10, 0x20, 0x30, 0x30, 0x20, 0x20, 0x20, 0x20, 0x20, 0x20, 0x20, 0x10, 0x10,
    0x30, 0x30, 0x20, 0x20, 0x20, 0x20, 0x20, 0x20, 0x20, 0x30, 0x30, 0x20, 0x10, 0x10, 0x90, 0x90,
    0x5E, 0x54, 0x53, 0x52, 0x54, 0x54, 0x94, 0x94, 0x94, 0x94, 0x93, 0x93, 0x93, 0x93, 0x63, 0x73,
    0x72, 0x62, 0x63, 0x63, 0x63, 0x53, 0x54, 0x54, 0x54, 0x54, 0x54, 0x54, 0x52, 0x53, 0x54, 0x5E,
    0x92, 0x94, 0x94, 0x93, 0x93, 0x92, 0x91, 0x99, 0xE9, 0xC9, 0xC1, 0xC1, 0xB2, 0xC4, 0xC3, 0xC3,
    0xC3, 0xC3, 0xC2, 0xB2, 0xC1, 0xC1, 0xC9, 0xB9, 0x99, 0x99, 0x92, 0x93, 0x93, 0x94, 0x94, 0x92,
    0x90, 0x90, 0x90, 0x90, 0x90, 0x90, 0x90, 0x90, 0xD0, 0xB0, 0xB0, 0xB0, 0xA0, 0xB0, 0xB0, 0xB0,
    0xB0, 0xB0, 0xB0, 0xA0, 0xB0, 0xB0, 0xB0, 0xA0, 0x90, 0x90, 0x90, 0x90, 0x90, 0x90, 0x90, 0x90,
    0x40, 0x40, 0x40, 0xE0, 0xE0, 0xE0, 0xE0, 0xE0, 0xE0, 0xE0, 0xE0, 0x40, 0x40, 0x40, 0x40, 0x40,
    0x40, 0x40, 0x40, 0x40, 0x40, 0x40, 0x40, 0xE0, 0xE0, 0xE0, 0xE0, 0xE0, 0xE0, 0x40, 0x40, 0x40,
    0x90, 0x50, 0x50, 0x90, 0x90, 0x50, 0x50, 0x90, 0x90, 0x50, 0x50, 0x90, 0x90, 0x50, 0x50, 0x90,
    0x90, 0x50, 0x50, 0x90, 0x90, 0x50, 0x50, 0x90, 0x90, 0x50, 0x50, 0x90, 0x99, 0x50, 0x59, 0x99,
    0xD9, 0xD9, 0x99, 0x99, 0x99, 0xD0, 0xD0, 0xD0, 0xD0, 0xD0, 0x90, 0x90, 0x30, 0x30, 0x30, 0x30,
    0x30, 0x30, 0x30, 0x30, 0x90, 0x90, 0xD0, 0xD0, 0xD0, 0xD0, 0xD0, 0x90, 0x90, 0x90, 0xD0, 0xD0,
    0xB0, 0xB0, 0xB0, 0xB0, 0xB0, 0xB0, 0xB0, 0xB0, 0xB0, 0xA0, 0xA0, 0xA0, 0xA0, 0xA0, 0x90, 0x20,
    0x10, 0x90, 0xA0, 0xA0, 0xA0, 0xA0, 0xA0, 0xB0, 0xB0, 0xB0, 0xB0, 0xB0, 0xB9, 0xB9, 0xB0, 0xB9,
    0x90, 0x90, 0x10, 0x20, 0x29, 0x39, 0x30, 0x30, 0x20, 0x20, 0x20, 0x20, 0x20, 0x20, 0x10, 0x10,
    0x30, 0x30, 0x20, 0x20, 0x20, 0x20, 0x20, 0x20, 0x30, 0x30, 0x30, 0x20, 0x20, 0x10, 0x90, 0x90,
    0x5E, 0x54, 0x53, 0x52, 0x54, 0x94, 0x94, 0x94, 0x94, 0x93, 0x93, 0x93, 0x93, 0x93, 0x63, 0x73,
    0x72, 0x63, 0x63, 0x63, 0x63, 0x53, 0x53, 0x54, 0x54, 0x54, 0x54, 0x54, 0x52, 0x53, 0x54, 0x5E,
    0x93, 0x92, 0x94, 0x94, 0x93, 0x93, 0x92, 0x91, 0xC1, 0xB9, 0xB9, 0xB9, 0x91, 0xB2, 0xB2, 0xB3,
    0xB3, 0xB2, 0xB2, 0x91, 0xB9, 0xB9, 0xB9, 0xA1, 0x91, 0x92, 0x93, 0x93, 0x94, 0x94, 0x92, 0x93,
    0x90, 0x90, 0x90, 0x90, 0x90, 0x90, 0x90, 0x90, 0xB0, 0xA0, 0xA0, 0xA0, 0x90, 0xA0, 0xA0, 0xA0,
    0xA0, 0xA0, 0xA0, 0x90, 0xA0, 0xA0, 0xA0, 0x90, 0x90, 0x90, 0x90, 0x90, 0x90, 0x90, 0x90, 0x90,
    0x40, 0x40, 0xE0, 0xE0, 0xE0, 0xE0, 0xE0, 0xE0, 0xE0, 0xE0, 0xE0, 0xE0, 0x40, 0x40, 0x40, 0x40,
    0x40, 0x40, 0x40, 0x40, 0x40, 0x40, 0xE0, 0xE0, 0xE0, 0xE0, 0xE0, 0xE0, 0xE0, 0xE0, 0x40, 0x40,
    0x90, 0x90, 0x90, 0x90, 0x90, 0x90, 0x90, 0x90, 0x90, 0x90, 0x90, 0x90, 0x90, 0x90, 0x90, 0x90,
    0x90, 0x90, 0x90, 0x90, 0x90, 0x90, 0x90, 0x90, 0x90, 0x90, 0x90, 0x90, 0x99, 0x99, 0x90, 0x99,
    0xD9, 0xD9, 0xD0, 0xD0, 0xD0, 0xD9, 0xD9, 0xD0, 0xD0, 0xD0, 0xD0, 0xD0, 0x90, 0x90, 0x90, 0x90,
    0x90, 0x90, 0x90, 0x90, 0xD0, 0xD0, 0xD0, 0xD0, 0xD0, 0xD0, 0xD0, 0xD0, 0xD0, 0xD0, 0xD0, 0xD0,
    0xB0, 0xB0, 0xB0, 0xB0, 0xB0, 0xB0, 0xB0, 0xB0, 0xB0, 0xB0, 0xB0, 0xB0, 0xB0, 0xB0, 0xA0, 0x90,
    0x90, 0xA0, 0xB0, 0xB0, 0xB0, 0xB0, 0xB0, 0xB0, 0xB0, 0xB0, 0xB0, 0xB0, 0xB0, 0xB9, 0xB9, 0xB0,
    0x90, 0x90, 0x10, 0x20, 0x20, 0x30, 0x30, 0x30, 0x20, 0x20, 0x20, 0x20, 0x20, 0x20, 0x10, 0x10,
    0x30, 0x30, 0x20, 0x20, 0x20, 0x20, 0x20, 0x20, 0x30, 0x30, 0x30, 0x20, 0x20, 0x10, 0x90, 0x90,
    0x5E, 0x54, 0x53, 0x52, 0x94, 0x94, 0x94, 0x94, 0x93, 0x93, 0x93, 0x93, 0x92, 0x92, 0x62, 0x72,
    0x72, 0x62, 0x62, 0x62, 0x63, 0x53, 0x53, 0x53, 0x54, 0x54, 0x54, 0x54, 0x52, 0x53, 0x54, 0x5E,
    0x94, 0x93, 0x92, 0x94, 0x94, 0x93, 0x93, 0x92, 0x92, 0x91, 0x91, 0x99, 0x99, 0x99, 0x99, 0x91,
    0x91, 0x99, 0x99, 0x99, 0x99, 0x91, 0x91, 0x92, 0x92, 0x93, 0x93, 0x94, 0x94, 0x92, 0x93, 0x94,
    0x90, 0x90, 0x90, 0x90, 0x90, 0x90, 0x90, 0x90, 0x90, 0x90, 0x90, 0x90, 0x90, 0x90, 0x90, 0x90,
    0x90, 0x90, 0x90, 0x90, 0x90, 0x90, 0x90, 0x90, 0x90, 0x90, 0x90, 0x90, 0x90, 0x90, 0x90, 0x90,
    0x40, 0xE0, 0xE0, 0xE0, 0xE0, 0xE0, 0xE0, 0xE0, 0xE0, 0xE0, 0xE0, 0xE0, 0xE0, 0x40, 0x40, 0x40,
    0x40, 0x40, 0x40, 0x40, 0x40, 0xE0, 0xE0, 0xE0, 0xE0, 0xE0, 0xE0, 0xE0, 0xE0, 0xE0, 0xE0, 0x40,
    0x90, 0x90, 0x90, 0x90, 0x90, 0x90, 0x90, 0x90, 0x90, 0x90, 0x90, 0x90, 0x90, 0x90, 0x90, 0x90,
    0x90, 0x90, 0x90, 0x90, 0x90, 0x90, 0x90, 0x90, 0x90, 0x90, 0x90, 0x90, 0x90, 0x99, 0x99, 0x90,
    0xD0, 0xD0, 0xD0, 0xD0, 0xD0, 0xD0, 0xD0, 0xD0, 0xD0, 0xD0, 0xD0, 0xD0, 0xD0, 0xD0, 0xD0, 0xD0,
    0xD0, 0xD0, 0xD0, 0xD0, 0xD0, 0xD0, 0xD0, 0xD0, 0xD0, 0xD0, 0xD0, 0xD0, 0xD0, 0xD0, 0xD0, 0xD0,
    0xB0, 0xB0, 0xB0, 0xB0, 0xB0, 0xB0, 0xB0, 0xB0, 0xB0, 0xB0, 0xB0, 0xB0, 0xB0, 0xB0, 0xB0, 0xA0,
    0xA0, 0xB0, 0xB0, 0xB0, 0xB0, 0xB0, 0xB0, 0xB0, 0xB0, 0xB0, 0xB0, 0xB0, 0xB0, 0xB0, 0xB9, 0xB0,
    0x90, 0x90, 0x10, 0x20, 0x20, 0x30, 0x30, 0x30, 0x20, 0x20, 0x20, 0x20, 0x20, 0x20, 0x10, 0x10,
    0x30, 0x30, 0x20, 0x20, 0x20, 0x20, 0x20, 0x20, 0x30, 0x30, 0x30, 0x20, 0x20, 0x10, 0x90, 0x90,
    0x5E, 0x54, 0x53, 0x92, 0x94, 0x94, 0x94, 0x94, 0x93, 0x93, 0x93, 0x92, 0x92, 0x92, 0x62, 0x72,
    0x72, 0x62, 0x62, 0x62, 0x62, 0x53, 0x53, 0x53, 0x54, 0x54, 0x54, 0x54, 0x52, 0x53, 0x54, 0x5E,
    0x9E, 0x94, 0x93, 0x92, 0x94, 0x94, 0x94, 0x93, 0x93, 0x92, 0x92, 0x92, 0x92, 0x91, 0x99, 0x99,
    0x99, 0x99, 0x91, 0x92, 0x92, 0x92, 0x92, 0x93, 0x93, 0x94, 0x94, 0x94, 0x92, 0x93, 0x94, 0x9E,
    0x90, 0x90, 0x90, 0x90, 0x90, 0x90, 0x90, 0x90, 0x90, 0x90, 0x90, 0x90, 0x90, 0x90, 0x90, 0x90,
    0x90, 0x90, 0x90, 0x90, 0x90, 0x90, 0x90, 0x90, 0x90, 0x90, 0x90, 0x90, 0x90, 0x90, 0x90, 0x90,
    0xE0, 0xE0, 0xE0, 0xE0, 0xE0, 0xE0, 0xE0, 0xE0, 0xE0, 0xE0, 0xE0, 0xE0, 0xE0, 0xE0, 0xE0, 0x40,
    0x40, 0x40, 0x40, 0xE0, 0xE0, 0xE0, 0xE0, 0xE0, 0xE0, 0xE0, 0xE0, 0xE0, 0xE0, 0xE0, 0xE0, 0xE0,
];

#[rustfmt::skip]
pub static TEXTURE_BANK_2: [u8; TEXTURE_BANK_SIZE] = [
    0x00, 0xDD, 0xDD, 0xDD, 0xDD, 0xDD, 0xDD, 0xDD, 0xDD, 0xDD, 0xDD, 0xDD, 0xDD, 0xDD, 0xDD, 0xDD,
    0xDD, 0xDD, 0xDD, 0xDD, 0xDD, 0xDD, 0xDD, 0xDD, 0xDD, 0xDD, 0xDD, 0xDD, 0xDD, 0xDD, 0xDD, 0x00,
    0x00, 0xDD, 0xDD, 0xDD, 0xDD, 0xDD, 0xDD, 0xDD, 0xDD, 0xDD, 0xDD, 0xDD, 0xDD, 0xDD, 0xDD, 0xDD,
    0xDD, 0xDD, 0xDD, 0xDD, 0xDD, 0xDD, 0xDD, 0xDD, 0xDD, 0xDD, 0xDD, 0xDD, 0xDD, 0xDD, 0xDD, 0x00,
    0x00, 0xDD, 0xDD, 0xDD, 0xDD, 0xDD, 0xDD, 0xDD, 0xDD, 0xDD, 0xDD, 0xDD, 0xDD, 0xDD, 0xDD, 0xDD,
    0xDD, 0xDD, 0xDD, 0xDD, 0xDD, 0xDD, 0xDD, 0xDD, 0xDD, 0xDD, 0xDD, 0xDD, 0xDD, 0xDD, 0xDD, 0x00,
    0x00, 0xDD, 0xDD, 0xDD, 0xDD, 0xDD, 0xDD, 0xDD, 0xDD, 0xDD, 0xDD, 0xDD, 0xDD, 0xDD, 0xDD, 0xDD,
    0xDD, 0xDD, 0xDD, 0xDD, 0xDD, 0xDD, 0xDD, 0xDD, 0xDD, 0xDD, 0xDD, 0xDD, 0xDD, 0xDD, 0xDD, 0x00,
    0x00, 0x00, 0x00, 0x00, 0x00, 0x00, 0x00, 0x00, 0x00, 0x00, 0x00, 0x00, 0x00, 0x00, 0x00, 0x00,
    0x00, 0x00, 0x00, 0x00, 0x00, 0x00, 0x00, 0x00, 0x00, 0x00, 0x00, 0x00, 0x00, 0x00, 0x00, 0x00,
    0x00, 0x00, 0x00, 0x00, 0x00, 0x00, 0x00, 0x00, 0x00, 0x00, 0x00, 0x00, 0x00, 0x00, 0x00, 0x00,
    0x00, 0x00, 0x00, 0x00, 0x00, 0x00, 0x00, 0x00, 0x00, 0x00, 0x00, 0x00, 0x00, 0x00, 0x00, 0x00,
    0x00, 0x00, 0x00, 0x00, 0x00, 0x00, 0x00, 0x00, 0x00, 0x00, 0x00, 0x00, 0x90, 0x90, 0x90, 0x90,
    0x90, 0x90, 0x90, 0x90, 0x00, 0x00, 0x00, 0x00, 0x00, 0x00, 0x00, 0x00, 0x00, 0x00, 0x00, 0x00,
    0x00, 0x0D, 0x0D, 0x0D, 0x0D, 0x0D, 0x0D, 0x0D, 0x0D, 0x0D, 0x0D, 0x0D, 0x9D, 0x9D, 0x9D, 0x9D,
    0x9D, 0x9D, 0x9D, 0x9D, 0x0D, 0x0D, 0x0D, 0x0D, 0x0D, 0x0D, 0x0D, 0x0D, 0x0D, 0x0D, 0x0D, 0x00,
    0xDD, 0xDD, 0x19, 0x19, 0x19, 0x19, 0x19, 0x19, 0x19, 0x19, 0x19, 0x19, 0x19, 0x19, 0x19, 0x19,
    0x19, 0x19, 0x19, 0x19, 0x19, 0x19, 0x19, 0x19, 0x19, 0x19, 0x19, 0x19, 0x19, 0x19, 0xDD, 0xDD,
    0xDD, 0xDD, 0x99, 0x99, 0x99, 0x99, 0x99, 0x99, 0x99, 0x99, 0x99, 0x99, 0x99, 0x99, 0x99, 0x99,
    0x99, 0x99, 0x99, 0x99, 0x99, 0x99, 0x99, 0x99, 0x99, 0x99, 0x99, 0x99, 0x99, 0x99, 0xDD, 0xDD,
    0xDD, 0xDD, 0x99, 0x99, 0x99, 0x99, 0x99, 0x99, 0x99, 0x99, 0x99, 0x99, 0x99, 0x99, 0x99, 0x99,
    0x99, 0x99, 0x99, 0x99, 0x99, 0x99, 0x99, 0x99, 0x99, 0x99, 0x99, 0x99, 0x99, 0x99, 0xDD, 0xDD,
    0xDD, 0xDD, 0x99, 0x99, 0x99, 0x99, 0x99, 0x99, 0x99, 0x99, 0x99, 0x99, 0x99, 0x99, 0x99, 0x99,
    0x99, 0x99, 0x99, 0x99, 0x99, 0x99, 0x99, 0x99, 0x99, 0x99, 0x99, 0x99, 0x99, 0x99, 0xDD, 0xDD,
    0x00, 0x00, 0x00, 0x00, 0x00, 0x00, 0x00, 0x00, 0x00, 0x00, 0x00, 0x00, 0x00, 0x00, 0x00, 0x00,
    0x00, 0x00, 0x00, 0x00, 0x00, 0x00, 0x00, 0x00, 0x00, 0x00, 0x00, 0x00, 0x00, 0x00, 0x00, 0x00,
    0x00, 0x00, 0x00, 0x00, 0x00, 0x00, 0x00, 0x00, 0x00, 0x00, 0x00, 0x00, 0x00, 0x00, 0x00, 0x00,
    0x00, 0x00, 0x00, 0x00, 0x00, 0x00, 0x00, 0x00, 0x00, 0x00, 0x00, 0x00, 0x00, 0x00, 0x00, 0x00,
    0x00, 0x00, 0x00, 0x00, 0x00, 0x00, 0x00, 0x00, 0x00, 0x00, 0x00, 0x90, 0x90, 0xA0, 0xB0, 0xB0,
    0xB0, 0xA0, 0xA0, 0x90, 0x90, 0x00, 0x00, 0x00, 0x00, 0x00, 0x00, 0x00, 0x00, 0x00, 0x00, 0x00,
    0x0D, 0x0D, 0x09, 0x09, 0x09, 0x09, 0x09, 0x09, 0x09, 0x09, 0x09, 0x99, 0x99, 0xA9, 0xB9, 0xB9,
    0xB9, 0xA9, 0xA9, 0x99, 0x99, 0x09, 0x09, 0x09, 0x09, 0x09, 0x09, 0x09, 0x09, 0x09, 0x0D, 0x0D,
    0xDD, 0x19, 0x19, 0x19, 0x19, 0x1A, 0x19, 0x12, 0x25, 0x15, 0x15, 0x15, 0x25, 0x15, 0x15, 0x15,
    0x15, 0x15, 0x15, 0x25, 0x15, 0x15, 0x15, 0x35, 0x42, 0x39, 0x1A, 0x19, 0x19, 0x19, 0x19, 0xDD,
    0xDD, 0x99, 0x59, 0x59, 0x59, 0x5A, 0x59, 0x52, 0xA5, 0x95, 0x95, 0x95, 0xA5, 0x55, 0x55, 0x55,
    0x55, 0x55, 0x55, 0xA5, 0x95, 0x95, 0x95, 0xC5, 0xD2, 0xC9, 0x5A, 0x59, 0x59, 0x59, 0x99, 0xDD,
    0xDD, 0x99, 0x51, 0x51, 0x59, 0x5A, 0x55, 0x55, 0xA5, 0x95, 0x95, 0x95, 0xA5, 0x55, 0x55, 0x55,
    0x57, 0x56, 0x55, 0xA6, 0x96, 0x95, 0x95, 0xC5, 0xD5, 0xC5, 0x5A, 0x59, 0x51, 0x51, 0x99, 0xDD,
    0xDD, 0x99, 0x51, 0x51, 0x59, 0x5A, 0x55, 0x55, 0xA5, 0x95, 0x95, 0x95, 0xA5, 0x55, 0x55, 0x55,
    0x57, 0x56, 0x55, 0xA6, 0x96, 0x95, 0x95, 0xA5, 0x55, 0x55, 0x5A, 0x59, 0x51, 0x51, 0x99, 0xDD,
    0x00, 0x00, 0x00, 0x00, 0x00, 0x00, 0x00, 0x00, 0x00, 0x00, 0x00, 0x00, 0x00, 0x00, 0x00, 0x00,
    0x00, 0x00, 0x00, 0x00, 0x00, 0x00, 0x00, 0x00, 0x00, 0x00, 0x00, 0x00, 0x00, 0x00, 0x00, 0x00,
    0x00, 0x00, 0x00, 0x00, 0x00, 0x00, 0x00, 0x00, 0x00, 0x00, 0x00, 0x00, 0x00, 0x00, 0x00, 0x00,
    0x00, 0x00, 0x00, 0x00, 0x00, 0x00, 0x00, 0x00, 0x00, 0x00, 0x00, 0x00, 0x00, 0x00, 0x00, 0x00,
    0x00, 0x00, 0x00, 0x00, 0x00, 0x00, 0x00, 0x00, 0x00, 0x90, 0x90, 0x90, 0xA0, 0xA0, 0xA0, 0xB0,
    0xA0, 0xA0, 0x90, 0x90, 0x90, 0x90, 0x90, 0x00, 0x00, 0x00, 0x00, 0x00, 0x00, 0x00, 0x00, 0x00,
    0x0D, 0x09, 0x09, 0x09, 0x09, 0x09, 0x09, 0x09, 0x09, 0x99, 0x99, 0x99, 0xA9, 0xA9, 0xA9, 0xB9,
    0xA9, 0xA9, 0x99, 0x99, 0x99, 0x99, 0x99, 0x09, 0x09, 0x09, 0x09, 0x09, 0x09, 0x09, 0x09, 0x0D,
    0xDD, 0x19, 0x19, 0x19, 0x49, 0x49, 0x1A, 0x13, 0x13, 0x29, 0x15, 0x15, 0x15, 0x25, 0x15, 0x15,
    0x15, 0x15, 0x25, 0x15, 0x15, 0x15, 0x35, 0x43, 0x33, 0x31, 0x19, 0x19, 0x19, 0x19, 0x19, 0xDD,
    0xDD, 0x99, 0x59, 0x59, 0xD9, 0xD9, 0x5A, 0x53, 0x53, 0xA9, 0x95, 0x95, 0x95, 0xA5, 0x55, 0x55,
    0x55, 0x55, 0xA5, 0x95, 0x95, 0x95, 0xC5, 0xD3, 0xC3, 0xC1, 0x59, 0x59, 0x59, 0x59, 0x99, 0xDD,
    0xDD, 0x99, 0x59, 0x51, 0xD1, 0xD9, 0x5A, 0x55, 0x55, 0xA5, 0x95, 0x95, 0x95, 0xA5, 0x55, 0x57,
    0x56, 0x55, 0xA6, 0x96, 0x96, 0x95, 0xC5, 0xD5, 0xC5, 0xCA, 0x59, 0x51, 0x51, 0x59, 0x99, 0xDD,
    0xDD, 0x99, 0x59, 0x51, 0x51, 0x59, 0x5A, 0x55, 0x55, 0xA5, 0x95, 0x95, 0x95, 0xA5, 0x55, 0x57,
    0x56, 0x55, 0xA6, 0x96, 0x96, 0x95, 0xA5, 0x55, 0x55, 0x5A, 0x59, 0x51, 0x51, 0x59, 0x99, 0xDD,
    0x00, 0x00, 0x00, 0x00, 0x00, 0x00, 0x00, 0x00, 0x00, 0x00, 0x00, 0x00, 0x00, 0x00, 0x00, 0x00,
    0x00, 0x00, 0x00, 0x00, 0x00, 0x00, 0x00, 0x00, 0x00, 0x00, 0x00, 0x00, 0x00, 0x00, 0x00, 0x00,
    0x00, 0x00, 0x00, 0x00, 0x00, 0x00, 0x00, 0x00, 0x00, 0x00, 0x00, 0x00, 0x00, 0x00, 0x00, 0x00,
    0x00, 0x00, 0x00, 0x00, 0x00, 0x00, 0x00, 0x00, 0x00, 0x00, 0x00, 0x00, 0x00, 0x00, 0x00, 0x00,
    0x00, 0x00, 0x00, 0x00, 0x00, 0x00, 0x00, 0x90, 0x90, 0x90, 0xA0, 0xB0, 0xC0, 0xD0, 0xE0, 0xD0,
    0xD0, 0xD0, 0xD0, 0xC0, 0xB0, 0xA0, 0x90, 0x90, 0x90, 0x00, 0x00, 0x00, 0x00, 0x00, 0x00, 0x00,
    0x0D, 0x09, 0x09, 0x09, 0x09, 0x09, 0x09, 0x99, 0x99, 0x99, 0xA9, 0xB9, 0xC9, 0xD9, 0xE9, 0xD9,
    0xD9, 0xD9, 0xD9, 0xC9, 0xB9, 0xA9, 0x99, 0x99, 0x99, 0x09, 0x09, 0x09, 0x09, 0x09, 0x09, 0x0D,
    0xDD, 0x19, 0x19, 0x19, 0x39, 0x39, 0xE2, 0x33, 0x13, 0x12, 0x25, 0x15, 0x15, 0x15, 0x25, 0x25,
    0x25, 0x25, 0x15, 0x15, 0x15, 0x35, 0x42, 0x33, 0x23, 0x32, 0x19, 0x19, 0x19, 0x19, 0x19, 0xDD,
    0xDD, 0x99, 0x59, 0x59, 0xC9, 0xC9, 0xD2, 0xC3, 0x53, 0x52, 0xA5, 0x95, 0x95, 0x95, 0xA5, 0xA5,
    0xA5, 0xA5, 0x95, 0x95, 0x95, 0xC5, 0xD2, 0xC3, 0xB3, 0xC2, 0x59, 0x59, 0x59, 0x59, 0x99, 0xDD,
    0xDD, 0x99, 0x59, 0x59, 0xC9, 0xC9, 0xD9, 0xCA, 0x55, 0x55, 0xA5, 0x97, 0x95, 0x95, 0xA7, 0xA7,
    0xA6, 0xA6, 0x96, 0x96, 0x96, 0xC5, 0xD6, 0xC5, 0xBA, 0xC9, 0x59, 0x59, 0x59, 0x59, 0x99, 0xDD,
    0xDD, 0x99, 0x59, 0x59, 0x59, 0x59, 0x59, 0x5A, 0x55, 0x55, 0xA5, 0x97, 0x95, 0x95, 0xA7, 0xA7,
    0xA6, 0xA6, 0x96, 0x96, 0x96, 0xA5, 0x56, 0x55, 0x5A, 0x59, 0x59, 0x59, 0x59, 0x59, 0x99, 0xDD,
    0x00, 0x00, 0x00, 0x00, 0x00, 0x00, 0x00, 0x00, 0x00, 0x00, 0x00, 0x00, 0x00, 0x00, 0x00, 0x00,
    0x00, 0x00, 0x00, 0x00, 0x00, 0x00, 0x00, 0x00, 0x00, 0x00, 0x00, 0x00, 0x00, 0x00, 0x00, 0x00,
    0x00, 0x00, 0x00, 0x00, 0x00, 0x00, 0x00, 0x00, 0x00, 0x00, 0x00, 0x00, 0x00, 0x00, 0x00, 0x00,
    0x00, 0x00, 0x00, 0x00, 0x00, 0x00, 0x00, 0x00, 0x00, 0x00, 0x00, 0x00, 0x00, 0x00, 0x00, 0x00,
    0x00, 0x00, 0x00, 0x00, 0x00, 0x00, 0x90, 0x90, 0xA0, 0xB0, 0xC0, 0xD0, 0xD0, 0xE0, 0xE0, 0xD0,
    0xD0, 0xD0, 0xD0, 0xC0, 0xB0, 0xB0, 0xB0, 0xA0, 0x90, 0x90, 0x00, 0x00, 0x00, 0x00, 0x00, 0x00,
    0x0D, 0x09, 0x06, 0x06, 0x06, 0x09, 0x99, 0x99, 0xA9, 0xB9, 0xC9, 0xD9, 0xD9, 0xE9, 0xE9, 0xD9,
    0xD9, 0xD9, 0xD9, 0xC9, 0xB9, 0xB9, 0xB9, 0xA9, 0x99, 0x99, 0x06, 0x06, 0x06, 0x06, 0x09, 0x0D,
    0xDD, 0x19, 0x1A, 0x1A, 0x39, 0x39, 0x33, 0xE3, 0x33, 0x13, 0x29, 0x15, 0x15, 0x15, 0x15, 0x15,
    0x15, 0x15, 0x15, 0x15, 0x15, 0x49, 0x33, 0x12, 0x33, 0x33, 0x11, 0x19, 0x1A, 0x1A, 0x19, 0xDD,
    0xDD, 0x99, 0x5A, 0x5A, 0xC9, 0xC9, 0xC3, 0xD3, 0xC3, 0x53, 0xA9, 0x95, 0x95, 0x95, 0x95, 0x95,
    0x95, 0x95, 0x95, 0x95, 0x95, 0xD9, 0xC3, 0xA2, 0xC3, 0xC3, 0x51, 0x59, 0x5A, 0x5A, 0x99, 0xDD,
    0xDD, 0x99, 0x5A, 0x5A, 0xC9, 0xC9, 0xC9, 0xD9, 0xCA, 0x55, 0xA5, 0x95, 0x97, 0x96, 0x95, 0x97,
    0x96, 0x96, 0x96, 0x96, 0x96, 0xD6, 0xC6, 0xAA, 0xC9, 0xC9, 0x59, 0x59, 0x5A, 0x5A, 0x99, 0xDD,
    0xDD, 0x99, 0x5A, 0x5A, 0x49, 0x49, 0x39, 0x59, 0x5A, 0x55, 0x55, 0xA5, 0x97, 0x96, 0x95, 0x97,
    0x96, 0x96, 0x96, 0x96, 0xA6, 0x56, 0x56, 0x5A, 0x59, 0x59, 0x59, 0x59, 0x5A, 0x5A, 0x99, 0xDD,
    0x00, 0x00, 0x00, 0x00, 0x00, 0x00, 0x00, 0x00, 0x00, 0x00, 0x00, 0x00, 0x00, 0x00, 0x00, 0x00,
    0x00, 0x00, 0x00, 0x00, 0x00, 0x00, 0x00, 0x00, 0x00, 0x00, 0x00, 0x00, 0x00, 0x00, 0x00, 0x00,
    0x00, 0x00, 0x00, 0x00, 0x00, 0x00, 0x00, 0x00, 0x00, 0x00, 0x00, 0x00, 0x00, 0x00, 0x00, 0x00,
    0x00, 0x00, 0x00, 0x00, 0x00, 0x00, 0x00, 0x00, 0x00, 0x00, 0x00, 0x00, 0x00, 0x00, 0x00, 0x00,
    0x00, 0x00, 0x00, 0x00, 0x00, 0x00, 0x90, 0xA0, 0xB0, 0xB0, 0xC0, 0xD0, 0xD0, 0xE0, 0xE0, 0xD0,
    0xD0, 0xD0, 0xD0, 0xC0, 0xB0, 0xB0, 0xB0, 0xA0, 0xA0, 0x90, 0x00, 0x00, 0x00, 0x00, 0x00, 0x00,
    0x0D, 0x09, 0x09, 0x09, 0x09, 0x09, 0x99, 0xA9, 0xB9, 0xB9, 0xC9, 0xD9, 0xD7, 0xE7, 0xE7, 0xD7,
    0xD7, 0xD7, 0xD7, 0xC7, 0xB7, 0xB9, 0xB9, 0xA9, 0xA9, 0x99, 0x09, 0x09, 0x09, 0x09, 0x09, 0x0D,
    0xDD, 0x19, 0x15, 0x1A, 0x1A, 0x32, 0x33, 0x23, 0xE1, 0x33, 0x22, 0x19, 0x15, 0x2D, 0x1C, 0x2C,
    0x2C, 0x1C, 0x2C, 0x19, 0x39, 0x42, 0x13, 0x21, 0x32, 0x33, 0x12, 0x1A, 0x1A, 0x15, 0x19, 0xDD,
    0xDD, 0x99, 0x55, 0x5A, 0x5A, 0xC2, 0xC3, 0xB3, 0xD1, 0xC3, 0xA2, 0x99, 0x95, 0xBD, 0xAC, 0xBC,
    0xBC, 0xAC, 0xBC, 0x99, 0xC9, 0xD2, 0xA3, 0xB1, 0xC2, 0xC3, 0x52, 0x5A, 0x5A, 0x55, 0x99, 0xDD,
    0xDD, 0x99, 0x55, 0x5A, 0x5A, 0xCA, 0xC9, 0xB9, 0xD9, 0xCA, 0xA7, 0x95, 0x96, 0xB6, 0xA5, 0xB6,
    0xB6, 0xA6, 0xB6, 0x96, 0xC6, 0xD6, 0xA6, 0xB9, 0xC9, 0xC9, 0x5A, 0x5A, 0x5A, 0x55, 0x99, 0xDD,
    0xDD, 0x99, 0x55, 0x5A, 0x3A, 0x3A, 0x49, 0x49, 0x39, 0x5A, 0x57, 0xA5, 0x96, 0xB6, 0xA5, 0xB6,
    0xB6, 0xA6, 0xB6, 0x96, 0xA6, 0x56, 0x56, 0x59, 0x59, 0x39, 0x4A, 0x4A, 0x4A, 0x45, 0x99, 0xDD,
    0x00, 0x00, 0x00, 0x00, 0x90, 0x90, 0x90, 0x90, 0x90, 0x90, 0x90, 0x90, 0x90, 0x90, 0x90, 0x90,
    0x90, 0x90, 0x90, 0x90, 0x90, 0x90, 0x90, 0x90, 0x90, 0x90, 0x90, 0x90, 0x00, 0x00, 0x00, 0x00,
    0x00, 0x00, 0x00, 0x00, 0x90, 0x90, 0x90, 0x90, 0x90, 0x90, 0x90, 0x90, 0x90, 0x90, 0x90, 0x90,
    0x90, 0x90, 0x90, 0x90, 0x90, 0x90, 0x90, 0x90, 0x90, 0x90, 0x90, 0x90, 0x00, 0x00, 0x00, 0x00,
    0x00, 0x00, 0x00, 0x00, 0x00, 0x00, 0x90, 0xA0, 0xB0, 0xB0, 0xB0, 0xA0, 0xA0, 0xA0, 0x90, 0x90,
    0x90, 0x90, 0xA0, 0xA0, 0xA0, 0xB0, 0xB0, 0xA0, 0xA0, 0x90, 0x00, 0x00, 0x00, 0x00, 0x00, 0x00,
    0x0D, 0x09, 0x09, 0x09, 0x09, 0x09, 0x99, 0xA9, 0xB9, 0xB9, 0xBB, 0xAB, 0xAB, 0xAB, 0x9B, 0x9B,
    0x9B, 0x9B, 0xAB, 0xAB, 0xAB, 0xBB, 0xBB, 0xAB, 0xAB, 0x99, 0x09, 0x09, 0x09, 0x09, 0x09, 0x0D,
    0xDD, 0x19, 0x15, 0x15, 0x15, 0x33, 0x43, 0x34, 0x21, 0xE2, 0x33, 0x39, 0x19, 0x1E, 0x1D, 0x1D,
    0x1D, 0x1D, 0x1D, 0x39, 0x39, 0x33, 0x12, 0x31, 0x41, 0x33, 0x13, 0x19, 0x15, 0x15, 0x19, 0xDD,
    0xDD, 0x99, 0x55, 0x55, 0x55, 0xC3, 0xD3, 0xC4, 0xB1, 0xD2, 0xC3, 0xC9, 0x99, 0x9E, 0x9D, 0x9D,
    0x9D, 0x9D, 0x9D, 0xC9, 0xC9, 0xC3, 0xA2, 0xC1, 0xD1, 0xC3, 0x53, 0x59, 0x55, 0x55, 0x99, 0xDD,
    0xDD, 0x99, 0x55, 0x55, 0x55, 0xCA, 0xDA, 0xC9, 0xB9, 0xD9, 0xC7, 0xC6, 0x96, 0x96, 0x96, 0x96,
    0x96, 0x96, 0x96, 0xC6, 0xC6, 0xC6, 0xA6, 0xC9, 0xD9, 0xCA, 0x5A, 0x55, 0x55, 0x55, 0x99, 0xDD,
    0xDD, 0x99, 0x55, 0x55, 0x55, 0x3A, 0x3A, 0x49, 0x49, 0x39, 0xA7, 0xA6, 0x96, 0x96, 0x96, 0x96,
    0x96, 0x96, 0x96, 0x96, 0xA6, 0xA6, 0x36, 0xE9, 0xE9, 0x4A, 0x4A, 0x35, 0x55, 0x55, 0x99, 0xDD,
    0x00, 0x00, 0x00, 0x90, 0x90, 0xB0, 0x90, 0xA0, 0xA0, 0xA0, 0xA0, 0x20, 0x20, 0x30, 0x30, 0x40,
    0x40, 0x30, 0x30, 0x20, 0x20, 0xA0, 0xA0, 0xA0, 0xA0, 0x90, 0xB0, 0x90, 0x90, 0x00, 0x00, 0x00,
    0x00, 0x00, 0x00, 0x90, 0x90, 0xB0, 0x90, 0xA0, 0xA0, 0xA0, 0xA0, 0x60, 0x60, 0x70, 0x70, 0x80,
    0x80, 0x70, 0x70, 0x60, 0x60, 0xA0, 0xA0, 0xA0, 0xA0, 0x90, 0xB0, 0x90, 0x90, 0x00, 0x00, 0x00,
    0x00, 0x00, 0x00, 0x00, 0x00, 0x00, 0x90, 0xA0, 0xA0, 0xA0, 0x90, 0x90, 0x90, 0x90, 0x90, 0x90,
    0x90, 0x90, 0x90, 0x90, 0x90, 0x90, 0xA0, 0xA0, 0xA0, 0x90, 0x00, 0x00, 0x00, 0x00, 0x00, 0x00,
    0x0D, 0x09, 0x09, 0x09, 0x09, 0x09, 0x99, 0xA9, 0xA9, 0xA9, 0x99, 0x99, 0x94, 0x94, 0x94, 0x94,
    0x94, 0x94, 0x94, 0x94, 0x94, 0x99, 0xA9, 0xA9, 0xA9, 0x99, 0x09, 0x09, 0x09, 0x09, 0x09, 0x0D,
    0xDD, 0x19, 0x15, 0x15, 0x12, 0x13, 0x44, 0x44, 0x22, 0x31, 0x33, 0x32, 0x39, 0x3E, 0x2E, 0x2E,
    0x2D, 0x3D, 0x3D, 0x39, 0x31, 0x23, 0x11, 0x41, 0x41, 0x32, 0x13, 0x12, 0x15, 0x15, 0x19, 0xDD,
    0xDD, 0x99, 0x55, 0x55, 0x52, 0x53, 0xD4, 0xD4, 0xB2, 0xC1, 0xC3, 0xC2, 0xC9, 0xCE, 0xBE, 0xBE,
    0xBD, 0xCD, 0xCD, 0xC9, 0xC1, 0xB3, 0xA1, 0xD1, 0xD1, 0xC2, 0x53, 0x52, 0x55, 0x55, 0x99, 0xDD,
    0xDD, 0x99, 0x55, 0x55, 0x55, 0x55, 0xD5, 0xDA, 0xB9, 0xC9, 0xC7, 0xC6, 0xC6, 0xC6, 0xB6, 0xB6,
    0xB6, 0xC6, 0xC6, 0xC6, 0xC6, 0xB6, 0xA6, 0xD9, 0xDA, 0xC5, 0x55, 0x55, 0x55, 0x55, 0x99, 0xDD,
    0xDD, 0x99, 0x55, 0x55, 0x55, 0x55, 0x35, 0x2A, 0x49, 0x49, 0x37, 0x96, 0x96, 0x96, 0x96, 0x96,
    0x96, 0x96, 0x96, 0x96, 0x36, 0xE6, 0xE6, 0x49, 0x3A, 0x15, 0x25, 0x55, 0x55, 0x55, 0x99, 0xDD,
    0x00, 0x90, 0x90, 0xB0, 0xA0, 0xB0, 0x90, 0xA0, 0xA0, 0x90, 0x90, 0x90, 0x90, 0x90, 0x10, 0x10,
    0x10, 0x10, 0x90, 0x90, 0x90, 0x90, 0x90, 0xA0, 0xA0, 0x90, 0xB0, 0xA0, 0xB0, 0x90, 0x90, 0x00,
    0x00, 0x90, 0x90, 0xB0, 0xA0, 0xB0, 0x90, 0xA0, 0xA0, 0x90, 0x90, 0x90, 0x90, 0x90, 0x90, 0x90,
    0x90, 0x90, 0x90, 0x90, 0x90, 0x90, 0x90, 0xA0, 0xA0, 0x90, 0xB0, 0xA0, 0xB0, 0x90, 0x90, 0x00,
    0x00, 0x0D, 0x0D, 0x0D, 0x0D, 0x0D, 0x9D, 0xAD, 0x9D, 0x9D, 0x9D, 0x9D, 0x5D, 0x9D, 0x9D, 0x9D,
    0x9D, 0x9D, 0xAD, 0x6D, 0xAD, 0x9D, 0x9D, 0x9D, 0xAD, 0x9D, 0x0D, 0x0D, 0x0D, 0x0D, 0x0D, 0x00,
    0x0D, 0x09, 0x09, 0x09, 0x09, 0x09, 0x96, 0xA6, 0x96, 0x96, 0x96, 0x96, 0x96, 0x96, 0x99, 0x99,
    0x99, 0x99, 0xA9, 0xA9, 0xA9, 0x99, 0x99, 0x99, 0xA9, 0x99, 0x09, 0x09, 0x09, 0x09, 0x09, 0x0D,
    0xDD, 0x19, 0x15, 0x15, 0x13, 0x14, 0x44, 0x44, 0x42, 0x21, 0x33, 0x33, 0x31, 0x2D, 0x2A, 0x2A,
    0x2A, 0x2A, 0x3D, 0x31, 0x33, 0x13, 0x21, 0x41, 0x41, 0x32, 0x13, 0x13, 0x15, 0x15, 0x19, 0xDD,
    0xDD, 0x99, 0x55, 0x55, 0x53, 0x54, 0xD4, 0xD4, 0xD2, 0xB1, 0xC3, 0xC3, 0xC1, 0xBD, 0xBA, 0xBA,
    0xBA, 0xBA, 0xCD, 0xC1, 0xC3, 0xA3, 0xB1, 0xD1, 0xD1, 0xC2, 0x53, 0x53, 0x55, 0x55, 0x99, 0xDD,
    0xDD, 0x99, 0x55, 0x55, 0x55, 0x55, 0xD5, 0xD5, 0xD9, 0xB6, 0xC6, 0xC6, 0xC6, 0xB6, 0xB6, 0xB6,
    0xB6, 0xB6, 0xC6, 0xC6, 0xC6, 0xA6, 0xB6, 0xD9, 0xD5, 0xC5, 0x55, 0x55, 0x55, 0x55, 0x99, 0xDD,
    0xDD, 0x99, 0x55, 0x55, 0x55, 0x55, 0x55, 0x35, 0x29, 0x46, 0x46, 0x36, 0x96, 0x96, 0x96, 0x96,
    0x96, 0x96, 0x96, 0x36, 0xE6, 0x46, 0x36, 0x19, 0x15, 0x25, 0x55, 0x55, 0x55, 0x55, 0x99, 0xDD,
    0x90, 0x90, 0x90, 0xB0, 0xA0, 0xB0, 0x90, 0xA0, 0x90, 0x90, 0x90, 0x90, 0x90, 0x10, 0x30, 0x30,
    0x30, 0x30, 0x20, 0x90, 0x90, 0x90, 0x90, 0x90, 0xA0, 0x90, 0xB0, 0xA0, 0xB0, 0x90, 0x90, 0x90,
    0x90, 0x90, 0x90, 0xB0, 0xA0, 0xB0, 0x90, 0xA0, 0x90, 0x90, 0x90, 0x90, 0x90, 0x90, 0x50, 0x50,
    0x50, 0x50, 0x90, 0x90, 0x90, 0x90, 0x90, 0x90, 0xA0, 0x90, 0xB0, 0xA0, 0xB0, 0x90, 0x90, 0x90,
    0x0D, 0x0D, 0x09, 0x09, 0x09, 0x09, 0x99, 0x99, 0x69, 0x99, 0x99, 0x99, 0x59, 0x99, 0x99, 0x99,
    0x99, 0x99, 0x99, 0x69, 0xA9, 0x99, 0x99, 0x69, 0x99, 0x99, 0x09, 0x09, 0x09, 0x09, 0x0D, 0x0D,
    0x0D, 0x09, 0x06, 0x06, 0x09, 0x09, 0x99, 0x99, 0x29, 0x99, 0x99, 0x99, 0x99, 0x97, 0x97, 0x97,
    0x97, 0x97, 0x97, 0xA7, 0xA3, 0x93, 0x93, 0x23, 0x93, 0x99, 0x09, 0x09, 0x06, 0x06, 0x09, 0x0D,
    0xDD, 0x19, 0x15, 0x15, 0x13, 0x1E, 0x34, 0x44, 0x42, 0x21, 0x23, 0x33, 0x32, 0x3C, 0x2A, 0x2A,
    0x2A, 0x2A, 0x3C, 0x32, 0x33, 0x12, 0x11, 0x21, 0x41, 0x23, 0x14, 0x13, 0x15, 0x15, 0x19, 0xDD,
    0xDD, 0x99, 0x55, 0x55, 0x53, 0x5E, 0xC4, 0xD4, 0xD2, 0xB1, 0xB3, 0xC3, 0xC2, 0xCC, 0xBA, 0xBA,
    0xBA, 0xBA, 0xCC, 0xC2, 0xC3, 0xA2, 0xA1, 0xB1, 0xD1, 0xB3, 0x54, 0x53, 0x55, 0x55, 0x99, 0xDD,
    0xDD, 0x99, 0x55, 0x55, 0x55, 0x55, 0xCB, 0xD9, 0xD9, 0xB7, 0xB6, 0xC6, 0xC6, 0xC6, 0xB6, 0xB5,
    0xB5, 0xB6, 0xC5, 0xC5, 0xC5, 0xA6, 0xA6, 0xB9, 0xD9, 0xBB, 0x55, 0x55, 0x55, 0x55, 0x99, 0xDD,
    0xDD, 0x99, 0x55, 0x55, 0x55, 0x55, 0x5B, 0x39, 0x29, 0x27, 0x46, 0x46, 0x36, 0x96, 0x96, 0x95,
    0x95, 0x96, 0x35, 0x45, 0x45, 0x16, 0x16, 0x29, 0xA9, 0x5B, 0x55, 0x55, 0x55, 0x55, 0x99, 0xDD,
    0x90, 0xC0, 0xA0, 0xC0, 0xA0, 0xC0, 0x90, 0x90, 0x90, 0x90, 0x90, 0x90, 0x10, 0x30, 0xE0, 0xE0,
    0xE0, 0xE0, 0x40, 0x20, 0x90, 0x90, 0x90, 0x90, 0x90, 0x90, 0xC0, 0xA0, 0xC0, 0xA0, 0xC0, 0x90,
    0x90, 0xC0, 0xA0, 0xC0, 0xA0, 0xC0, 0x90, 0x90, 0x90, 0x90, 0x90, 0x90, 0x90, 0x50, 0x70, 0x70,
    0x70, 0x70, 0x60, 0x90, 0x90, 0x90, 0x90, 0x90, 0x90, 0x90, 0xC0, 0xA0, 0xC0, 0xA0, 0xC0, 0x90,
    0x0D, 0x09, 0x09, 0x09, 0x09, 0x09, 0x09, 0x99, 0x69, 0xA9, 0xA9, 0x59, 0x69, 0x59, 0x99, 0x99,
    0x99, 0x9C, 0x9C, 0x7C, 0x6C, 0x99, 0xA9, 0x69, 0x99, 0x09, 0x09, 0x09, 0x09, 0x09, 0x09, 0x0D,
    0x0D, 0x09, 0x09, 0x09, 0x09, 0x09, 0x09, 0x99, 0x29, 0xA9, 0xA9, 0x99, 0x99, 0x99, 0x99, 0x99,
    0x99, 0x99, 0x99, 0xA9, 0xA9, 0x99, 0xA9, 0x29, 0x99, 0x09, 0x09, 0x09, 0x09, 0x09, 0x09, 0x0D,
    0xDD, 0x19, 0x15, 0x15, 0x13, 0x2E, 0x2E, 0x44, 0x22, 0x31, 0x33, 0x33, 0x32, 0x32, 0x2E, 0x2E,
    0x2E, 0x3D, 0x32, 0x32, 0x33, 0x32, 0x31, 0x11, 0x21, 0x24, 0x2E, 0x13, 0x15, 0x15, 0x19, 0xDD,
    0xDD, 0x99, 0x55, 0x55, 0x53, 0xAE, 0xBE, 0xD4, 0xB2, 0xC1, 0xC3, 0xC3, 0xC2, 0xC2, 0xBE, 0xBE,
    0xBE, 0xCD, 0xC2, 0xC2, 0xC3, 0xC2, 0xC1, 0xA1, 0xB1, 0xB4, 0xAE, 0x53, 0x55, 0x55, 0x99, 0xDD,
    0xDD, 0x99, 0x55, 0x55, 0x55, 0xAB, 0xBA, 0xD9, 0xB9, 0xC7, 0xC6, 0xC6, 0xC6, 0xC6, 0xB5, 0xB5,
    0xB2, 0xC5, 0xC2, 0xC2, 0xC5, 0xC6, 0xC5, 0xA9, 0xB9, 0xBA, 0xAB, 0x55, 0x55, 0x55, 0x99, 0xDD,
    0xDD, 0x99, 0x55, 0x55, 0x55, 0x5B, 0xAA, 0xA9, 0x39, 0x27, 0x26, 0x46, 0x36, 0x46, 0x35, 0x35,
    0x32, 0x35, 0x42, 0x32, 0x35, 0x26, 0x15, 0x99, 0xA9, 0xAA, 0x5B, 0x55, 0x55, 0x55, 0x99, 0xDD,
    0x90, 0xD0, 0xA0, 0xD0, 0xA0, 0xD0, 0x90, 0x90, 0x90, 0x90, 0x90, 0x10, 0x30, 0xE0, 0xB0, 0xD0,
    0xD0, 0xD0, 0xD0, 0x40, 0x20, 0x90, 0x90, 0x90, 0x90, 0x90, 0xD0, 0xA0, 0xD0, 0xA0, 0xD0, 0x90,
    0x90, 0xD0, 0xA0, 0xD0, 0xA0, 0xD0, 0x90, 0x90, 0x90, 0x90, 0x90, 0x90, 0x50, 0x70, 0xC0, 0xC0,
    0xC0, 0xC0, 0x80, 0x60, 0x90, 0x90, 0x90, 0x90, 0x90, 0x90, 0xD0, 0xA0, 0xD0, 0xA0, 0xD0, 0x90,
    0x0D, 0x09, 0x09, 0x0E, 0x0E, 0x0E, 0x0E, 0x9E, 0x6E, 0x9E, 0x9B, 0x5B, 0x7B, 0x54, 0x94, 0x94,
    0x94, 0x94, 0x54, 0x89, 0x69, 0x9E, 0x9E, 0x6E, 0x9E, 0x0E, 0x0E, 0x0E, 0x0E, 0x0E, 0x09, 0x0D,
    0x0D, 0x09, 0x09, 0x09, 0x09, 0x09, 0x09, 0x9B, 0x2B, 0x9B, 0x9B, 0x9B, 0x1B, 0x9B, 0x9B, 0x9B,
    0x9B, 0x97, 0x97, 0x27, 0xA7, 0x97, 0x97, 0x27, 0x99, 0x09, 0x09, 0x09, 0x09, 0x09, 0x09, 0x0D,
    0xDD, 0x19, 0x15, 0x15, 0x23, 0x1E, 0x1E, 0x24, 0x31, 0x32, 0x33, 0x33, 0x24, 0x34, 0x3E, 0x2E,
    0x3E, 0x3D, 0x33, 0x33, 0x33, 0x32, 0x31, 0x31, 0x22, 0x1E, 0x1E, 0x22, 0x15, 0x15, 0x19, 0xDD,
    0xDD, 0x99, 0x55, 0xA5, 0xB3, 0xAE, 0x9E, 0xB4, 0xC1, 0xC2, 0xC3, 0xC3, 0x24, 0xC4, 0xCE, 0xBE,
    0xCE, 0xCD, 0xC3, 0xC3, 0xC3, 0xC2, 0xC1, 0xC1, 0xB2, 0x9E, 0xAE, 0xB2, 0xA5, 0x55, 0x99, 0xDD,
    0xDD, 0x99, 0x55, 0xA5, 0xB5, 0xAA, 0x99, 0xB9, 0xC1, 0xC6, 0xC6, 0xC6, 0x26, 0xC5, 0xC5, 0xB2,
    0xC2, 0xC2, 0xC2, 0xC2, 0xC5, 0xC6, 0xC9, 0xC9, 0xB9, 0x99, 0xAA, 0xB5, 0xA5, 0x55, 0x99, 0xDD,
    0xDD, 0x99, 0x55, 0x55, 0x55, 0xAA, 0xA9, 0x99, 0x91, 0x26, 0x26, 0xE6, 0xE6, 0x45, 0x25, 0xE2,
    0xE2, 0x22, 0x42, 0xE2, 0xE5, 0x46, 0x29, 0x99, 0x99, 0xA9, 0xAA, 0x55, 0x55, 0x55, 0x99, 0xDD,
    0x90, 0xB0, 0xA0, 0xD0, 0xA0, 0xD0, 0x90, 0xA0, 0x90, 0x90, 0x10, 0x30, 0xE0, 0xA0, 0xB0, 0xB0,
    0xB0, 0xD0, 0xE0, 0xE0, 0x40, 0x20, 0x90, 0x90, 0xA0, 0x90, 0xD0, 0xA0, 0xD0, 0xA0, 0xB0, 0x90,
    0x90, 0xB0, 0xA0, 0xD0, 0xA0, 0xD0, 0x90, 0xA0, 0x90, 0x90, 0x90, 0x50, 0x70, 0xC0, 0xC0, 0xC0,
    0xC0, 0xB0, 0xB0, 0x80, 0x60, 0x90, 0x90, 0x90, 0xA0, 0x90, 0xD0, 0xA0, 0xD0, 0xA0, 0xB0, 0x90,
    0x0D, 0x09, 0x09, 0x09, 0x09, 0x09, 0x09, 0x99, 0x69, 0x99, 0x59, 0x6C, 0x8C, 0x69, 0x59, 0x99,
    0x99, 0x59, 0x69, 0xE9, 0x79, 0x59, 0x99, 0x69, 0x99, 0x09, 0x09, 0x09, 0x09, 0x09, 0x09, 0x0D,
    0x0D, 0x09, 0x09, 0x09, 0x09, 0x09, 0x09, 0x99, 0x29, 0x97, 0x97, 0x17, 0x21, 0x11, 0x91, 0x91,
    0x91, 0x91, 0x11, 0x33, 0x23, 0x99, 0x99, 0x29, 0x99, 0x0F, 0x0F, 0x0F, 0x0F, 0x0F, 0x09, 0x0D,
    0xDD, 0x19, 0x25, 0x25, 0x12, 0x14, 0x1E, 0x33, 0x32, 0x33, 0x23, 0x23, 0x33, 0x34, 0x34, 0x2E,
    0x3D, 0x33, 0x33, 0x33, 0x33, 0x22, 0x22, 0x21, 0x24, 0x1E, 0x13, 0x19, 0x25, 0x25, 0x19, 0xDD,
    0xDD, 0x99, 0xB5, 0xB5, 0xA2, 0x94, 0x9E, 0xC3, 0xC2, 0xC3, 0xB3, 0x23, 0xC3, 0xC4, 0xC4, 0xBE,
    0xCD, 0xC3, 0xC3, 0xC3, 0xC3, 0xB2, 0xB2, 0xB1, 0xB4, 0x9E, 0x93, 0xA9, 0xB5, 0xB5, 0x99, 0xDD,
    0xDD, 0x99, 0xB5, 0xB5, 0xA5, 0x9A, 0x99, 0xC9, 0xC2, 0xC5, 0xB6, 0x26, 0xC6, 0xC5, 0xC2, 0xB2,
    0xC1, 0xC1, 0xC2, 0xC5, 0xC5, 0xB6, 0xB9, 0xB9, 0xB9, 0x99, 0x9A, 0xA5, 0xB5, 0xB5, 0x99, 0xDD,
    0xDD, 0x99, 0x55, 0xA5, 0xB5, 0xAA, 0x99, 0x99, 0x92, 0x35, 0xE6, 0xE6, 0x46, 0x35, 0x12, 0x42,
    0x41, 0x11, 0x12, 0x15, 0x35, 0xE6, 0x39, 0x99, 0x99, 0x99, 0xAA, 0xB5, 0xA5, 0x55, 0x99, 0xDD,
    0x90, 0x90, 0x90, 0xE0, 0xA0, 0xE0, 0x90, 0xA0, 0xA0, 0x30, 0x40, 0xE0, 0xB0, 0xB0, 0xC0, 0xC0,
    0xD0, 0xD0, 0xE0, 0xE0, 0xE0, 0x40, 0x30, 0xA0, 0xA0, 0x90, 0xE0, 0xA0, 0xE0, 0x90, 0x90, 0x90,
    0x90, 0x90, 0x90, 0xE0, 0xA0, 0xE0, 0x90, 0xA0, 0xA0, 0x70, 0x70, 0x80, 0xD0, 0xD0, 0xD0, 0xD0,
    0xC0, 0xC0, 0xC0, 0xC0, 0x80, 0x80, 0x70, 0xA0, 0xA0, 0x90, 0xE0, 0xA0, 0xE0, 0x90, 0x90, 0x90,
    0x0D, 0x09, 0x09, 0x09, 0x09, 0x09, 0x0E, 0x9E, 0x6E, 0x9E, 0x5E, 0x7E, 0x8E, 0x7E, 0x59, 0x99,
    0x99, 0x5D, 0x7D, 0xED, 0x82, 0x52, 0x92, 0x62, 0x9E, 0x0E, 0x0E, 0x0E, 0x0E, 0x0E, 0x09, 0x0D,
    0x0D, 0x09, 0x09, 0x09, 0x09, 0x09, 0x09, 0x99, 0x29, 0x99, 0x99, 0x29, 0x34, 0x24, 0x94, 0x94,
    0x94, 0x99, 0x29, 0x49, 0x39, 0x94, 0x94, 0x29, 0x99, 0x09, 0x09, 0x09, 0x09, 0x09, 0x09, 0x0D,
    0xDD, 0x19, 0x15, 0x15, 0x15, 0x12, 0x24, 0x32, 0x33, 0x43, 0x42, 0x22, 0x33, 0x23, 0x34, 0x3E,
    0x3D, 0x33, 0x23, 0x32, 0x32, 0x32, 0x32, 0x22, 0x24, 0x23, 0x12, 0x19, 0x15, 0x15, 0x19, 0xDD,
    0xDD, 0x99, 0xA5, 0xA5, 0x95, 0x92, 0xB4, 0xC2, 0xC3, 0xD3, 0xD2, 0x22, 0xC3, 0xB3, 0xC4, 0xCE,
    0xCD, 0xC3, 0xB3, 0xC2, 0xC2, 0xC2, 0xC2, 0xB2, 0xB4, 0xB3, 0x92, 0x99, 0xA5, 0xA5, 0x99, 0xDD,
    0xDD, 0x99, 0xA5, 0xA5, 0x95, 0x99, 0xB9, 0xC9, 0xC2, 0xD2, 0xD5, 0x26, 0xC5, 0xB2, 0xC2, 0xC1,
    0xC2, 0xC1, 0xB2, 0xC2, 0xC5, 0xC6, 0xC5, 0xB9, 0xB9, 0xB9, 0x99, 0x95, 0xA5, 0xA5, 0x99, 0xDD,
    0xDD, 0x99, 0xB5, 0xB5, 0xA5, 0x99, 0x99, 0x99, 0x22, 0x42, 0xE5, 0x36, 0x25, 0x12, 0x12, 0x31,
    0x32, 0x11, 0xD2, 0xD2, 0x15, 0x36, 0x45, 0x29, 0x99, 0x99, 0x99, 0xA5, 0xB5, 0xB5, 0x99, 0xDD,
    0x90, 0xC0, 0xA0, 0xE0, 0xA0, 0xE0, 0x90, 0xA0, 0x10, 0x30, 0xE0, 0xA0, 0xA0, 0xA0, 0xB0, 0xC0,
    0xC0, 0xD0, 0xD0, 0xE0, 0xE0, 0xE0, 0x30, 0x10, 0xA0, 0x90, 0xE0, 0xA0, 0xE0, 0xA0, 0xC0, 0x90,
    0x90, 0xC0, 0xA0, 0xE0, 0xA0, 0xE0, 0x90, 0xA0, 0xA0, 0x70, 0x60, 0x80, 0xD0, 0xD0, 0xD0, 0xC0,
    0xC0, 0xB0, 0xB0, 0xB0, 0xB0, 0x80, 0x60, 0xA0, 0xA0, 0x90, 0xE0, 0xA0, 0xE0, 0xA0, 0xC0, 0x90,
    0x0D, 0x09, 0x09, 0x09, 0x09, 0x09, 0x09, 0x99, 0x69, 0x99, 0x69, 0x89, 0xE9, 0x89, 0x69, 0x99,
    0x99, 0x69, 0x89, 0xE9, 0xE9, 0x69, 0x99, 0x69, 0x99, 0x09, 0x09, 0x09, 0x09, 0x09, 0x09, 0x0D,
    0x0D, 0x09, 0x09, 0x09, 0x09, 0x06, 0x06, 0x96, 0x26, 0x99, 0x19, 0x39, 0x49, 0x39, 0x19, 0x99,
    0x99, 0x1B, 0x3B, 0xEB, 0x42, 0x12, 0x92, 0x22, 0x92, 0x09, 0x09, 0x09, 0x02, 0x02, 0x09, 0x0D,
    0xDD, 0x19, 0x15, 0x15, 0x19, 0x19, 0x33, 0x32, 0x43, 0x34, 0x2E, 0x24, 0x42, 0x43, 0x23, 0x3E,
    0x3D, 0x23, 0x42, 0x42, 0x43, 0x33, 0x33, 0x32, 0x22, 0x22, 0x11, 0x19, 0x19, 0x15, 0x19, 0xDD,
    0xDD, 0x99, 0x95, 0x95, 0x99, 0x99, 0xC3, 0xC2, 0xD3, 0xC4, 0x2E, 0x24, 0xD2, 0xD3, 0xB3, 0xCE,
    0xCD, 0xB3, 0xD2, 0xD2, 0xD3, 0xC3, 0xC3, 0xC2, 0xB2, 0xB2, 0x91, 0x99, 0x99, 0x95, 0x99, 0xDD,
    0xDD, 0x99, 0x95, 0x95, 0x95, 0x99, 0xC9, 0xC9, 0xD1, 0xC2, 0x25, 0x26, 0xD5, 0xD2, 0xB1, 0xC2,
    0xC1, 0xB5, 0xD2, 0xD5, 0xD5, 0xC6, 0xC6, 0xC9, 0xB9, 0xB9, 0x99, 0x95, 0x95, 0x95, 0x99, 0xDD,
    0xDD, 0x99, 0xA5, 0xA5, 0x95, 0x99, 0x99, 0x99, 0x21, 0x42, 0x35, 0x16, 0xA5, 0xC2, 0x11, 0xE2,
    0xE1, 0x15, 0xE2, 0xA5, 0xE5, 0x16, 0x36, 0x29, 0x99, 0x99, 0x99, 0x95, 0xA5, 0xA5, 0x99, 0xDD,
    0x90, 0xE0, 0xA0, 0xD0, 0xA0, 0xD0, 0x90, 0xA0, 0x10, 0x30, 0xE0, 0xA0, 0xA0, 0xB0, 0xC0, 0xC0,
    0xC0, 0xD0, 0xD0, 0xD0, 0xE0, 0xE0, 0x30, 0x10, 0xA0, 0x90, 0xD0, 0xA0, 0xD0, 0xA0, 0xE0, 0x90,
    0x90, 0xED, 0xAD, 0xDD, 0xAD, 0xDD, 0x9D, 0xAD, 0x9D, 0x9D, 0x6D, 0x8D, 0xDD, 0xDD, 0xDD, 0xCD,
    0xCD, 0xCD, 0xBD, 0xBD, 0xAD, 0x8D, 0x6D, 0x9D, 0xAD, 0x9D, 0xDD, 0xAD, 0xDD, 0xAD, 0xED, 0x90,
    0x0D, 0x09, 0x09, 0x09, 0x09, 0x09, 0x09, 0x99, 0x69, 0x99, 0x79, 0x89, 0xE9, 0x89, 0x7C, 0x9C,
    0x9C, 0x77, 0x87, 0xE7, 0xE7, 0x77, 0x97, 0x67, 0x97, 0x0C, 0x09, 0x0A, 0x0A, 0x0A, 0x09, 0x0D,
    0x0D, 0x09, 0x06, 0x06, 0x06, 0x09, 0x09, 0x93, 0x23, 0x93, 0x23, 0x43, 0xE3, 0x43, 0x23, 0x93,
    0x93, 0x26, 0x46, 0xE6, 0xE6, 0x26, 0x99, 0x29, 0x99, 0x09, 0x09, 0x09, 0x09, 0x09, 0x09, 0x0D,
    0xDD, 0x19, 0x15, 0x19, 0x19, 0x3A, 0x31, 0x32, 0x34, 0x3E, 0x4E, 0x2E, 0x24, 0xE2, 0x43, 0x3E,
    0x34, 0x42, 0xE2, 0x44, 0x44, 0x44, 0x33, 0x33, 0x22, 0x31, 0x39, 0x19, 0x19, 0x19, 0x19, 0xDD,
    0xDD, 0x99, 0x95, 0x99, 0x99, 0xCA, 0xC1, 0xC2, 0xC4, 0xCE, 0xDE, 0x2E, 0x24, 0xE2, 0xD3, 0xCE,
    0xC4, 0xD2, 0xE2, 0xD4, 0xD4, 0xD4, 0xC3, 0xC3, 0xB2, 0xC1, 0xC9, 0x99, 0x99, 0x99, 0x99, 0xDD,
    0xDD, 0x99, 0x95, 0x95, 0x95, 0xC9, 0xC9, 0xC9, 0xC1, 0xC2, 0xD5, 0x26, 0x25, 0xE2, 0xD1, 0xC1,
    0xC9, 0xD6, 0xE2, 0xD2, 0xD5, 0xD6, 0xC6, 0xC5, 0xB9, 0xC9, 0xC9, 0x95, 0x95, 0x95, 0x99, 0xDD,
    0xDD, 0x99, 0x95, 0x95, 0x95, 0x99, 0x99, 0x29, 0x21, 0x22, 0x15, 0xD6, 0xA5, 0xA2, 0x31, 0x41,
    0x49, 0x36, 0xA2, 0xA2, 0xD5, 0x16, 0x26, 0x25, 0x29, 0x99, 0x99, 0x99, 0x95, 0x95, 0x99, 0xDD,
    0x90, 0xD0, 0xA0, 0xD0, 0xA0, 0xD0, 0x90, 0x90, 0x10, 0x30, 0xE0, 0xA0, 0xB0, 0xB0, 0xB0, 0xC0,
    0xC0, 0xD0, 0xD0, 0xD0, 0xE0, 0xE0, 0x30, 0x10, 0x90, 0x90, 0xD0, 0xA0, 0xD0, 0xA0, 0xD0, 0x90,
    0x9D, 0xDD, 0xA9, 0xD9, 0xA9, 0xD9, 0x99, 0x99, 0x99, 0x99, 0x69, 0x89, 0xE9, 0xD9, 0xD9, 0xC9,
    0xC9, 0xC9, 0xC9, 0xA9, 0xA9, 0x89, 0x69, 0x99, 0x99, 0x99, 0xD9, 0xA9, 0xD9, 0xA9, 0xDD, 0x9D,
    0x0D, 0x09, 0x09, 0x09, 0x09, 0x09, 0x09, 0x99, 0x69, 0x99, 0x79, 0x89, 0xE9, 0x89, 0x79, 0x99,
    0x99, 0x79, 0x89, 0xE9, 0xE9, 0x79, 0x99, 0x69, 0x99, 0x09, 0x0C, 0x0C, 0x0C, 0x09, 0x09, 0x0D,
    0x0D, 0x09, 0x09, 0x09, 0x09, 0x09, 0x09, 0x99, 0x29, 0x99, 0x17, 0x37, 0x47, 0x37, 0x19, 0x99,
    0x99, 0x19, 0x34, 0xE4, 0x44, 0x14, 0x99, 0x29, 0x99, 0x06, 0x06, 0x06, 0x06, 0x09, 0x09, 0x0D,
    0xDD, 0x19, 0x19, 0x1A, 0x3B, 0x3C, 0x31, 0x32, 0x32, 0x42, 0xE2, 0x23, 0x2E, 0xE4, 0xE2, 0x34,
    0x33, 0xE2, 0x44, 0x34, 0x13, 0x12, 0x22, 0x32, 0x32, 0x31, 0x39, 0x3A, 0x19, 0x19, 0x19, 0xDD,
    0xDD, 0x99, 0x99, 0x9A, 0xCB, 0xCC, 0xC1, 0xC2, 0xC2, 0xD2, 0xE2, 0x23, 0x2E, 0xE4, 0xE2, 0xC4,
    0xC3, 0xE2, 0xD4, 0xC4, 0xA3, 0xA2, 0xB2, 0xC2, 0xC2, 0xC1, 0xC9, 0xCA, 0x99, 0x99, 0x99, 0xDD,
    0xDD, 0x99, 0x95, 0x95, 0xCA, 0xCA, 0xC9, 0xC9, 0xC9, 0xD2, 0xE5, 0x26, 0x25, 0xE2, 0xE1, 0xCC,
    0xC6, 0xE7, 0xD2, 0xC2, 0xA5, 0xA6, 0xB6, 0xC6, 0xC9, 0xC9, 0xCA, 0xCA, 0x95, 0x95, 0x99, 0xDD,
    0xDD, 0x99, 0x95, 0x95, 0x9A, 0x9A, 0x29, 0x39, 0x49, 0x12, 0x25, 0x16, 0x15, 0x32, 0x21, 0x2C,
    0x26, 0x27, 0x32, 0x12, 0x15, 0x26, 0x16, 0x46, 0x39, 0x29, 0x9A, 0x9A, 0x95, 0x95, 0x99, 0xDD,
    0x90, 0xB0, 0xA0, 0xD0, 0xA0, 0xD0, 0x90, 0x90, 0x10, 0x30, 0xE0, 0xB0, 0xB0, 0xB0, 0xB0, 0xB0,
    0xC0, 0xD0, 0xD0, 0xD0, 0xD0, 0xE0, 0x30, 0x10, 0x90, 0x90, 0xD0, 0xA0, 0xD0, 0xA0, 0xB0, 0x90,
    0x9D, 0xB9, 0xA9, 0xD9, 0xA9, 0xD9, 0x99, 0x99, 0x9B, 0x9B, 0x6B, 0x8B, 0xE9, 0xD9, 0xD9, 0xCC,
    0xCC, 0xCC, 0xBC, 0xAC, 0xAC, 0x89, 0x69, 0x99, 0x99, 0x99, 0xDC, 0xAC, 0xDC, 0xAC, 0xB9, 0x9D,
    0x0D, 0x09, 0x09, 0x09, 0x09, 0x0E, 0x0E, 0x9E, 0x6E, 0x9E, 0x6E, 0x82, 0xE2, 0x82, 0x62, 0x9D,
    0x9D, 0x6D, 0x89, 0xE9, 0xE9, 0x69, 0x99, 0x69, 0x99, 0x0E, 0x0E, 0x0E, 0x0E, 0x0E, 0x09, 0x0D,
    0x0D, 0x0A, 0x09, 0x09, 0x09, 0x09, 0x09, 0x92, 0x22, 0x92, 0x92, 0x22, 0x32, 0x2B, 0x9B, 0x9B,
    0x9B, 0x9B, 0x2B, 0x4B, 0x3B, 0x9B, 0x9B, 0x29, 0x99, 0x09, 0x09, 0x09, 0x09, 0x09, 0x09, 0x0D,
    0xDD, 0x19, 0x1A, 0x3B, 0x3C, 0x3B, 0x31, 0x22, 0x31, 0x19, 0x19, 0x29, 0x21, 0x43, 0xE2, 0x34,
    0x33, 0x42, 0x33, 0x11, 0x29, 0x39, 0x19, 0x11, 0x22, 0x31, 0x39, 0x3A, 0x3A, 0x19, 0x19, 0xDD,
    0xDD, 0x99, 0x9A, 0xCB, 0xCC, 0xCB, 0xC1, 0xB2, 0xC1, 0xA9, 0xA9, 0x29, 0x21, 0xD3, 0xE2, 0xC4,
    0xC3, 0xD2, 0xC3, 0xA1, 0x29, 0x39, 0xA9, 0xA1, 0xB2, 0xC1, 0xC9, 0xCA, 0xCA, 0x99, 0x99, 0xDD,
    0xDD, 0x99, 0x9A, 0xCA, 0xCA, 0xC9, 0xC9, 0xB9, 0xC9, 0xA2, 0xA5, 0x26, 0x25, 0xD2, 0xE1, 0xCD,
    0xCD, 0xD2, 0xC2, 0xA5, 0x26, 0x36, 0xA6, 0xA6, 0xB9, 0xC9, 0xC9, 0xCA, 0xCA, 0x9A, 0x99, 0xDD,
    0xDD, 0x99, 0x9A, 0x9A, 0x9A, 0x99, 0x39, 0x49, 0xE9, 0xE2, 0x45, 0x46, 0x45, 0x22, 0x31, 0x4D,
    0x4D, 0x32, 0x22, 0x35, 0x36, 0x46, 0x46, 0xE6, 0x49, 0x39, 0x99, 0x9A, 0x9A, 0x9A, 0x99, 0xDD,
    0x90, 0x90, 0x90, 0xC0, 0xA0, 0xC0, 0x90, 0x90, 0x90, 0x10, 0x30, 0xE0, 0xB0, 0xB0, 0xB0, 0xB0,
    0xB0, 0xC0, 0xC0, 0xC0, 0xE0, 0x40, 0x20, 0x90, 0x90, 0x90, 0xC0, 0xA0, 0xC0, 0x90, 0x90, 0x90,
    0x9D, 0x99, 0x9C, 0xCC, 0xAC, 0xCC, 0x9C, 0x99, 0x99, 0x99, 0x59, 0x79, 0xE9, 0xE9, 0xD9, 0xC9,
    0xC9, 0xB9, 0xB9, 0xA9, 0x89, 0x69, 0x99, 0x99, 0x99, 0x99, 0xCA, 0xAA, 0xCA, 0x9A, 0x99, 0x9D,
    0x0D, 0x09, 0x0A, 0x09, 0x09, 0x09, 0x09, 0x99, 0x69, 0x99, 0x59, 0x79, 0xE9, 0x79, 0x59, 0x99,
    0x9A, 0x5A, 0x76, 0xE6, 0x86, 0x56, 0x96, 0x69, 0x99, 0x09, 0x09, 0x09, 0x09, 0x09, 0x09, 0x0D,
    0x0D, 0x09, 0x09, 0x09, 0x09, 0x09, 0x03, 0x93, 0x23, 0x93, 0x93, 0x13, 0x23, 0x1F, 0x9F, 0x9F,
    0x9F, 0x9B, 0x13, 0x33, 0x23, 0x93, 0x93, 0x23, 0x99, 0x09, 0x09, 0x09, 0x09, 0x09, 0x09, 0x0D,
    0xDD, 0x19, 0x1B, 0x1C, 0x2C, 0x3A, 0x32, 0x31, 0x11, 0x31, 0x4C, 0x19, 0x16, 0x31, 0x42, 0x33,
    0x33, 0x22, 0x11, 0x16, 0x19, 0x4C, 0x21, 0x41, 0x31, 0x41, 0x39, 0x2A, 0x1A, 0x1A, 0x19, 0xDD,
    0xDD, 0x99, 0x9B, 0x9C, 0xBC, 0xCA, 0xC2, 0xC1, 0xA1, 0x31, 0x4C, 0x99, 0xA6, 0xC1, 0xD2, 0xC3,
    0xC3, 0xB2, 0xA1, 0x16, 0x19, 0x4C, 0xB1, 0xD1, 0xC1, 0xD1, 0xC9, 0xBA, 0x9A, 0x9A, 0x99, 0xDD,
    0xDD, 0x99, 0x9A, 0x9A, 0xB9, 0xC9, 0xC9, 0xC9, 0xA9, 0x31, 0x45, 0x95, 0xA5, 0xC2, 0xD2, 0xC1,
    0xC1, 0xB2, 0xA2, 0x15, 0x16, 0x46, 0xB5, 0xD5, 0xC9, 0xD9, 0xC9, 0xB9, 0x9A, 0x9A, 0x99, 0xDD,
    0xDD, 0x99, 0x9A, 0x9A, 0xC9, 0x29, 0x49, 0x49, 0x49, 0xE1, 0xE5, 0x45, 0x25, 0x32, 0x42, 0xE1,
    0xE1, 0x42, 0x32, 0x25, 0x36, 0x36, 0x45, 0x45, 0x49, 0x49, 0x29, 0xC9, 0x9A, 0x9A, 0x99, 0xDD,
    0x9C, 0xCD, 0xAD, 0xCD, 0xAD, 0xCD, 0x9D, 0x9D, 0x9D, 0x9D, 0x1D, 0x3D, 0xED, 0xBD, 0xBD, 0xBD,
    0xCD, 0xCD, 0xCD, 0xED, 0x4D, 0x2D, 0x9D, 0x9D, 0x9D, 0x9D, 0xCD, 0xAD, 0xCD, 0xAD, 0xCD, 0x9C,
    0x9D, 0xC9, 0xA9, 0xC9, 0xA9, 0xC9, 0x99, 0x99, 0x99, 0x99, 0x9C, 0x5C, 0x7C, 0xEC, 0xEC, 0xCC,
    0xB9, 0xB9, 0xB9, 0x89, 0x69, 0x9C, 0x9C, 0x9C, 0x9C, 0x9C, 0xCC, 0xAC, 0xCC, 0xAC, 0xC9, 0x9D,
    0x0D, 0x09, 0x0A, 0x0B, 0x0B, 0x0B, 0x09, 0x99, 0x69, 0x99, 0x59, 0x69, 0x89, 0x69, 0x59, 0x99,
    0x9A, 0x5A, 0x66, 0xEA, 0x7A, 0x5A, 0x9A, 0x6A, 0x99, 0x09, 0x09, 0x09, 0x09, 0x09, 0x09, 0x0D,
    0x0D, 0x09, 0x09, 0x09, 0x09, 0x09, 0x09, 0x99, 0x29, 0x99, 0x99, 0x99, 0x19, 0x97, 0x97, 0x97,
    0x97, 0x97, 0x93, 0x23, 0xA3, 0x93, 0x99, 0x29, 0x99, 0x09, 0x09, 0x09, 0x09, 0x09, 0x09, 0x0D,
    0xDD, 0x19, 0x1D, 0x1D, 0x3D, 0x4A, 0x42, 0x42, 0x33, 0x22, 0x3D, 0x37, 0x27, 0x11, 0x24, 0xEE,
    0x4D, 0x23, 0x21, 0x47, 0x47, 0x2D, 0x41, 0x42, 0x42, 0x41, 0x49, 0x3C, 0x1C, 0x1C, 0x19, 0xDD,
    0xDD, 0x99, 0x9D, 0x9D, 0xCD, 0xDA, 0xD2, 0xD2, 0xC3, 0x22, 0x3D, 0x37, 0x27, 0xA1, 0xB4, 0xEE,
    0xDD, 0xB3, 0xB1, 0x47, 0x47, 0xBD, 0xD1, 0xD2, 0xD2, 0xD1, 0xD9, 0xCC, 0x9C, 0x9C, 0x99, 0xDD,
    0xDD, 0x99, 0x99, 0x99, 0xC9, 0xD9, 0xDA, 0xD9, 0xC1, 0x21, 0x33, 0x33, 0x25, 0xA1, 0xB2, 0xE2,
    0xD2, 0xB2, 0xB5, 0x46, 0x46, 0xB6, 0xD6, 0xD9, 0xD9, 0xD9, 0xD9, 0xC9, 0x99, 0x99, 0x99, 0xDD,
    0xDD, 0x99, 0x99, 0xC9, 0x99, 0x39, 0x4A, 0x49, 0x41, 0x41, 0x43, 0x23, 0x35, 0x41, 0xE2, 0xE2,
    0xE2, 0xE2, 0x45, 0x36, 0x26, 0x36, 0x36, 0x39, 0x49, 0x49, 0x39, 0x99, 0xC9, 0x99, 0x99, 0xDD,
    0x9C, 0xDD, 0xAD, 0xCD, 0xAD, 0xCD, 0x9D, 0x9D, 0x9D, 0x9D, 0x9D, 0x1D, 0x3D, 0xED, 0xBD, 0xCD,
    0xCD, 0xCD, 0xED, 0x4D, 0x2D, 0x9D, 0x9D, 0x9D, 0x9D, 0x9D, 0xCD, 0xAD, 0xCD, 0xAD, 0xDD, 0x9C,
    0x9D, 0xD9, 0xAA, 0xCB, 0xAB, 0xCB, 0x9B, 0x9B, 0x9B, 0x9B, 0x99, 0x99, 0x59, 0x79, 0xD9, 0xD9,
    0xD9, 0xB9, 0x89, 0x69, 0x99, 0x99, 0x99, 0x99, 0x99, 0x99, 0xC9, 0xA9, 0xC9, 0xA9, 0xD9, 0x9D,
    0x0D, 0x09, 0x09, 0x09, 0x09, 0x09, 0x09, 0x99, 0x69, 0x99, 0x99, 0x59, 0x79, 0x5A, 0x9B, 0x9B,
    0x9B, 0x9B, 0x5B, 0x8B, 0x6B, 0x9B, 0x9B, 0x6A, 0x9A, 0x09, 0x09, 0x09, 0x09, 0x09, 0x09, 0x0D,
    0x0D, 0x09, 0x09, 0x06, 0x05, 0x05, 0x05, 0x95, 0x25, 0x95, 0x95, 0x99, 0x99, 0x99, 0x99, 0x99,
    0x99, 0x99, 0x99, 0xA9, 0xA9, 0x99, 0x9B, 0x2B, 0x9B, 0x09, 0x06, 0x06, 0x06, 0x06, 0x09, 0x0D,
    0xDD, 0x19, 0x1D, 0x39, 0x4C, 0xE1, 0xE2, 0xE4, 0xE4, 0x24, 0x22, 0x23, 0x23, 0x2C, 0x4E, 0xEE,
    0xED, 0x3C, 0x2C, 0x32, 0x42, 0x41, 0x42, 0x32, 0x42, 0x42, 0x49, 0x4B, 0x39, 0x1C, 0x19, 0xDD,
    0xDD, 0x99, 0x9D, 0xC9, 0xDC, 0xE1, 0xE2, 0xE4, 0xE4, 0x24, 0x22, 0x23, 0xB3, 0xBC, 0xDE, 0xEE,
    0xED, 0xCC, 0xBC, 0xC2, 0xD2, 0xD1, 0xD2, 0xC2, 0xD2, 0xD2, 0xD9, 0xDB, 0xC9, 0x9C, 0x99, 0xDD,
    0xDD, 0x99, 0x99, 0xC9, 0xD9, 0xEB, 0xE9, 0xE9, 0xE1, 0x24, 0x24, 0x23, 0xB3, 0xB5, 0xD5, 0xE5,
    0xE5, 0xC5, 0xB5, 0xC5, 0xD6, 0xD6, 0xD6, 0xC6, 0xD9, 0xDA, 0xD9, 0xD9, 0xC9, 0x99, 0x99, 0xDD,
    0xDD, 0x99, 0xC9, 0x99, 0x29, 0x3B, 0x49, 0x49, 0x43, 0x34, 0x24, 0x33, 0x43, 0x25, 0x35, 0xE5,
    0xE5, 0x35, 0x25, 0x45, 0x36, 0x26, 0x26, 0x36, 0x49, 0x3A, 0x39, 0x29, 0x99, 0xC9, 0x99, 0xDD,
    0x90, 0xB0, 0xA0, 0xB0, 0xA0, 0xB0, 0x90, 0x90, 0x90, 0x90, 0x90, 0x90, 0x10, 0x30, 0xE0, 0xE0,
    0xE0, 0xE0, 0x40, 0x20, 0x90, 0x90, 0x90, 0x90, 0x90, 0x90, 0xB0, 0xA0, 0xB0, 0xA0, 0xB0, 0x90,
    0x9D, 0xB9, 0xA9, 0xB9, 0xA9, 0xB9, 0x99, 0x9A, 0x9A, 0x9A, 0x9A, 0x9A, 0x9A, 0x5A, 0x7B, 0x7B,
    0x7B, 0x7B, 0x6A, 0x99, 0x99, 0x99, 0x99, 0x99, 0x99, 0x99, 0xB9, 0xAC, 0xBC, 0xAC, 0xB9, 0x9D,
    0x0D, 0x09, 0x0A, 0x09, 0x09, 0x09, 0x04, 0x94, 0x64, 0xA4, 0xA4, 0x54, 0x64, 0x54, 0x94, 0x9A,
    0x99, 0x99, 0x99, 0x79, 0x69, 0x99, 0xA9, 0x69, 0x99, 0x09, 0x09, 0x09, 0x09, 0x09, 0x09, 0x0D,
    0x0D, 0x0A, 0x0A, 0x09, 0x09, 0x09, 0x09, 0x99, 0x29, 0xA9, 0xA9, 0x94, 0x94, 0x94, 0x94, 0x94,
    0x94, 0x97, 0x97, 0xA7, 0xA7, 0x97, 0xA7, 0x27, 0x97, 0x07, 0x09, 0x09, 0x09, 0x09, 0x09, 0x0D,
    0xDD, 0x19, 0x3D, 0x49, 0xEC, 0x41, 0xED, 0x4E, 0x2E, 0x2E, 0x4E, 0x3E, 0x2E, 0x4D, 0x3E, 0x3E,
    0x3D, 0x3C, 0x3C, 0x2C, 0x2C, 0x3D, 0x3D, 0x4C, 0x4B, 0x41, 0x39, 0x4D, 0x49, 0x3C, 0x19, 0xDD,
    0xDD, 0x99, 0xCD, 0xD9, 0xEC, 0xD1, 0xED, 0xDE, 0x2E, 0x2E, 0xDE, 0xCE, 0xBE, 0xDD, 0xCE, 0xEA,
    0xDA, 0xCC, 0xCC, 0xBC, 0xBC, 0xCD, 0xCD, 0xDC, 0xDB, 0xD1, 0xC9, 0xDD, 0xD9, 0xCC, 0x99, 0xDD,
    0xDD, 0x99, 0xC9, 0xD9, 0xEC, 0xD9, 0xE2, 0xD1, 0x24, 0x2E, 0xD4, 0xC3, 0xB3, 0xD1, 0xC2, 0xC3,
    0xC4, 0xC4, 0xC3, 0xB2, 0xB5, 0xC6, 0xC6, 0xD6, 0xD6, 0xD9, 0xCB, 0xD9, 0xD9, 0xC9, 0x99, 0xDD,
    0xDD, 0x99, 0xC9, 0x99, 0x2C, 0x39, 0x32, 0x43, 0x34, 0x2E, 0x34, 0x43, 0x43, 0x31, 0x12, 0xE3,
    0xE4, 0x14, 0x33, 0x42, 0x45, 0x36, 0x26, 0x26, 0x36, 0x39, 0x3B, 0x29, 0x99, 0xC9, 0x99, 0xDD,
    0x90, 0x90, 0x90, 0xB0, 0xA0, 0xB0, 0x90, 0xA0, 0x90, 0x90, 0x90, 0x90, 0x90, 0x10, 0x30, 0x30,
    0x30, 0x30, 0x20, 0x90, 0x90, 0x90, 0x90, 0x90, 0xA0, 0x90, 0xB0, 0xA0, 0xB0, 0x90, 0x90, 0x90,
    0x9D, 0x99, 0x9A, 0xB9, 0xA9, 0xB9, 0x99, 0xA9, 0x99, 0x9C, 0x9C, 0x9C, 0x9C, 0x9C, 0x5A, 0x5A,
    0x5A, 0x5C, 0x9C, 0x9C, 0x9C, 0x9C, 0x9C, 0x9C, 0xAC, 0x9C, 0xB9, 0xA9, 0xB9, 0x99, 0x99, 0x9D,
    0x0D, 0x09, 0x0E, 0x0E, 0x0E, 0x0E, 0x0E, 0x9E, 0x69, 0x99, 0x99, 0x99, 0x59, 0x99, 0x99, 0x9A,
    0x99, 0x99, 0x99, 0x67, 0xA7, 0x97, 0x97, 0x67, 0x97, 0x09, 0x09, 0x0E, 0x0E, 0x0E, 0x09, 0x0D,
    0x0D, 0x09, 0x09, 0x09, 0x09, 0x09, 0x09, 0x9A, 0x2A, 0x9A, 0x9A, 0x9A, 0x9A, 0x9A, 0x9B, 0x9A,
    0x9B, 0x9B, 0x9B, 0xAB, 0xA4, 0x94, 0x94, 0x24, 0x94, 0x09, 0x09, 0x09, 0x09, 0x09, 0x09, 0x0D,
    0xDD, 0x19, 0x1D, 0x19, 0x1C, 0xEB, 0xEE, 0xEE, 0x2D, 0x3D, 0x3D, 0x3E, 0x4E, 0xEE, 0xEC, 0xEA,
    0x4A, 0x4C, 0x4C, 0x3C, 0x3C, 0x3C, 0x4C, 0x4C, 0x4C, 0x4B, 0x49, 0x1D, 0x19, 0x1C, 0x19, 0xDD,
    0xDD, 0x99, 0x9D, 0x99, 0xAC, 0xEB, 0xEE, 0xEE, 0x2D, 0xCD, 0xCD, 0xCE, 0xDE, 0xEE, 0xEA, 0xDC,
    0xC9, 0xDA, 0xDC, 0xCC, 0xCC, 0xCC, 0xDC, 0xDC, 0xDC, 0xDB, 0xD9, 0xAD, 0x99, 0x9C, 0x99, 0xDD,
    0xDD, 0x99, 0x99, 0x9C, 0xA9, 0xE2, 0xE2, 0xE4, 0x2E, 0xCE, 0xC3, 0xC3, 0xD3, 0xE3, 0xE3, 0xE3,
    0xE3, 0xD3, 0xD3, 0xC3, 0xC2, 0xC5, 0xD6, 0xD6, 0xD6, 0xD9, 0xDA, 0xAB, 0x99, 0x99, 0x99, 0xDD,
    0xDD, 0x99, 0xC9, 0x9C, 0x29, 0x32, 0x33, 0x34, 0x3E, 0x24, 0x33, 0x43, 0x43, 0x33, 0x13, 0x43,
    0x43, 0x13, 0x33, 0x43, 0x42, 0x35, 0x26, 0x26, 0x36, 0x39, 0x2A, 0x2B, 0x99, 0xC9, 0x99, 0xDD,
    0x00, 0x00, 0x90, 0xB0, 0xA0, 0xB0, 0x90, 0xA0, 0xA0, 0x90, 0x90, 0x90, 0x90, 0x90, 0x10, 0x10,
    0x10, 0x10, 0x90, 0x90, 0x90, 0x90, 0x90, 0xA0, 0xA0, 0x90, 0xB0, 0xA0, 0xB0, 0x90, 0x00, 0x00,
    0x0D, 0x0D, 0x99, 0xB9, 0xA9, 0xB9, 0x99, 0xA9, 0xA9, 0x99, 0x99, 0x99, 0x99, 0x99, 0x99, 0x99,
    0x99, 0x99, 0x99, 0x99, 0x99, 0x99, 0x99, 0xA9, 0xA9, 0x99, 0xB9, 0xA9, 0xB9, 0x99, 0x0D, 0x0D,
    0x0D, 0x09, 0x09, 0x09, 0x09, 0x09, 0x99, 0x99, 0x99, 0x99, 0x99, 0x99, 0x59, 0x99, 0x99, 0x99,
    0x99, 0x99, 0xA9, 0x69, 0xA9, 0x99, 0x99, 0x99, 0x99, 0x99, 0x09, 0x0A, 0x0A, 0x0A, 0x09, 0x0D,
    0x0D, 0x0A, 0x09, 0x09, 0x09, 0x09, 0x94, 0x94, 0x94, 0x9A, 0x9A, 0x93, 0x93, 0x93, 0x93, 0x93,
    0x9C, 0x9C, 0xAC, 0xAC, 0xAC, 0x9B, 0x9B, 0x9B, 0x9B, 0x9B, 0x0B, 0x09, 0x09, 0x09, 0x09, 0x0D,
    0xDD, 0x19, 0x1D, 0x1D, 0x3B, 0xED, 0xED, 0xED, 0x2B, 0xEA, 0xEA, 0xED, 0xEE, 0xEE, 0x4A, 0x1B,
    0x19, 0x3A, 0x4C, 0x4C, 0x3C, 0x49, 0x49, 0x4B, 0x4B, 0x49, 0x4D, 0x3B, 0x19, 0x1C, 0x19, 0xDD,
    0xDD, 0x99, 0x9D, 0x9D, 0xCB, 0xED, 0xDD, 0xDD, 0x2B, 0xDA, 0xDA, 0xDC, 0xEE, 0xEE, 0xEC, 0xEA,
    0xEA, 0xDC, 0xDC, 0xDC, 0xCB, 0xD9, 0xD9, 0xDB, 0xDB, 0xD9, 0xDD, 0xCB, 0x99, 0x9C, 0x99, 0xDD,
    0xDD, 0x99, 0x9E, 0x9B, 0xC9, 0xE2, 0xD3, 0xD4, 0x2E, 0xD4, 0xD3, 0xD3, 0xE3, 0xE3, 0xD3, 0xA3,
    0xA1, 0xC1, 0xD1, 0xD3, 0xC2, 0xD5, 0xD6, 0xD6, 0xD5, 0xD9, 0xD9, 0xCA, 0x9E, 0x99, 0x99, 0xDD,
    0xDD, 0x99, 0xCE, 0x9B, 0x29, 0x21, 0x33, 0x34, 0x24, 0x23, 0x33, 0x43, 0xE3, 0x43, 0x23, 0x42,
    0x41, 0x29, 0x49, 0xE3, 0x42, 0x35, 0x26, 0x16, 0x25, 0x29, 0x29, 0x2A, 0x9E, 0xC9, 0x99, 0xDD,
    0x00, 0x00, 0x90, 0x90, 0x90, 0xB0, 0x90, 0xA0, 0xA0, 0xA0, 0xA0, 0x20, 0x20, 0x30, 0x30, 0x40,
    0x40, 0x30, 0x30, 0x20, 0x20, 0xA0, 0xA0, 0xA0, 0xA0, 0x90, 0xB0, 0x90, 0x90, 0x90, 0x00, 0x00,
    0x00, 0x0D, 0x9D, 0x9D, 0x9D, 0xBD, 0x9D, 0xAD, 0xAD, 0xAD, 0xAD, 0x6D, 0x6D, 0x7D, 0x7D, 0x8D,
    0x8D, 0x7D, 0x7D, 0x6D, 0x6D, 0xAD, 0xAD, 0xAD, 0xAD, 0x9D, 0xBD, 0x9D, 0x9D, 0x9D, 0x0D, 0x00,
    0x0D, 0x09, 0x0A, 0x0A, 0x09, 0x09, 0x99, 0xA9, 0xA9, 0xA9, 0x99, 0x9E, 0x9E, 0x9E, 0x9E, 0x9E,
    0x9E, 0x9E, 0x9E, 0x9B, 0x9B, 0x99, 0xA9, 0xA9, 0xAD, 0x9D, 0x0D, 0x09, 0x09, 0x09, 0x09, 0x0D,
    0x0D, 0x09, 0x09, 0x09, 0x09, 0x09, 0x99, 0xA9, 0xA2, 0xA2, 0x94, 0x94, 0x94, 0x9B, 0x9B, 0x9B,
    0x94, 0x94, 0x94, 0x94, 0x9B, 0x93, 0xA3, 0xA3, 0xA3, 0x99, 0x09, 0x09, 0x0A, 0x0A, 0x09, 0x0D,
    0xDD, 0x19, 0x19, 0x19, 0x3B, 0xEC, 0xED, 0xED, 0xEB, 0xEC, 0xEB, 0x3A, 0xED, 0xEE, 0x2C, 0x3A,
    0x1A, 0x1C, 0x4C, 0x4C, 0x39, 0x49, 0x4E, 0x4E, 0x4D, 0x3A, 0x4B, 0x49, 0x19, 0x19, 0x19, 0xDD,
    0xDD, 0x99, 0x99, 0x99, 0xCB, 0xDC, 0xDD, 0xDD, 0xDB, 0xDC, 0xDA, 0xC9, 0xEC, 0xED, 0xDE, 0xAD,
    0xAD, 0xCC, 0xDC, 0xDB, 0xC9, 0xD9, 0xDE, 0xDE, 0xDD, 0xCA, 0xDB, 0xD9, 0x99, 0x99, 0x99, 0xDD,
    0xDD, 0x99, 0x9E, 0x9B, 0xC9, 0xD1, 0xD3, 0xD4, 0xD4, 0xD3, 0xD3, 0xC3, 0xE3, 0xE3, 0xB3, 0xC1,
    0xA1, 0xA2, 0xD2, 0xD1, 0xC2, 0xD5, 0xD6, 0xD5, 0xD5, 0xC9, 0xDA, 0xDB, 0x9E, 0x99, 0x99, 0xDD,
    0xDD, 0x99, 0xCE, 0x9B, 0x19, 0x21, 0x23, 0x39, 0x14, 0x29, 0x33, 0x43, 0x43, 0xE3, 0xE2, 0x49,
    0x49, 0xE9, 0xE2, 0x41, 0x42, 0x35, 0x26, 0x15, 0x25, 0x29, 0x2A, 0x1B, 0x9E, 0xC9, 0x99, 0xDD,
    0x00, 0x00, 0x00, 0x00, 0x90, 0x90, 0x90, 0x90, 0x90, 0x90, 0x90, 0x90, 0x90, 0x90, 0x90, 0x90,
    0x90, 0x90, 0x90, 0x90, 0x90, 0x90, 0x90, 0x90, 0x90, 0x90, 0x90, 0x90, 0x00, 0x00, 0x00, 0x00,
    0x00, 0x00, 0x00, 0x00, 0x90, 0x90, 0x90, 0x90, 0x90, 0x90, 0x90, 0x90, 0x90, 0x90, 0x90, 0x90,
    0x90, 0x90, 0x90, 0x90, 0x90, 0x90, 0x90, 0x90, 0x90, 0x90, 0x90, 0x90, 0x00, 0x00, 0x00, 0x00,
    0x0D, 0x09, 0x0B, 0x0B, 0x0A, 0x0A, 0x99, 0xA3, 0xB3, 0xB3, 0xB3, 0xA3, 0xA3, 0xA3, 0x93, 0x93,
    0x93, 0x93, 0xA3, 0xA9, 0xA9, 0xB9, 0xB9, 0xA9, 0xA9, 0x99, 0x09, 0x09, 0x09, 0x09, 0x09, 0x0D,
    0x0D, 0x09, 0x09, 0x09, 0x09, 0x09, 0x99, 0xA9, 0xB9, 0xB9, 0xB9, 0xA9, 0xA9, 0xA9, 0x99, 0x99,
    0x99, 0x99, 0xA9, 0xA9, 0xA9, 0xB9, 0xB9, 0xA9, 0xA9, 0x99, 0x09, 0x09, 0x09, 0x0A, 0x09, 0x0D,
    0xDD, 0x19, 0x19, 0x19, 0xE9, 0xE9, 0x3B, 0x2C, 0xEC, 0xEC, 0xEC, 0x3B, 0xEA, 0xED, 0x3E, 0x1D,
    0x1D, 0x3C, 0x4C, 0x49, 0x3A, 0x4B, 0x4E, 0x4C, 0x2A, 0x39, 0x39, 0x49, 0x19, 0x19, 0x19, 0xDD,
    0xDD, 0x99, 0x99, 0x99, 0xD9, 0xD9, 0xCB, 0xBC, 0xDC, 0xDC, 0xDC, 0xCA, 0xE9, 0xEC, 0xBE, 0xCD,
    0xAD, 0xAE, 0xDB, 0xD9, 0xC9, 0xDA, 0xDE, 0xDC, 0xBA, 0xC9, 0xC9, 0xD9, 0x99, 0x99, 0x99, 0xDD,
    0xDD, 0x99, 0x9A, 0x9D, 0xDB, 0xD9, 0xC3, 0xB9, 0xD4, 0xD9, 0xD3, 0xC3, 0xE3, 0xE3, 0xC1, 0xA1,
    0xA2, 0xC2, 0xD2, 0xD2, 0xC2, 0xD5, 0xD5, 0xD5, 0xB9, 0xCA, 0xCB, 0xDE, 0x9A, 0x99, 0x99, 0xDD,
    0xDD, 0x99, 0xCA, 0xBD, 0x9B, 0x29, 0x22, 0x29, 0x14, 0x29, 0x23, 0x33, 0x43, 0x43, 0x49, 0x49,
    0x49, 0x42, 0x42, 0x42, 0x32, 0x29, 0x25, 0x15, 0x29, 0x2A, 0x2B, 0x9E, 0xBA, 0xC9, 0x99, 0xDD,
    0x00, 0x00, 0x00, 0x00, 0x00, 0x00, 0x00, 0x00, 0x00, 0x00, 0x00, 0x00, 0x00, 0x00, 0x00, 0x00,
    0x00, 0x00, 0x00, 0x00, 0x00, 0x00, 0x00, 0x00, 0x00, 0x00, 0x00, 0x00, 0x00, 0x00, 0x00, 0x00,
    0x00, 0x00, 0x00, 0x00, 0x00, 0x00, 0x00, 0x00, 0x00, 0x00, 0x00, 0x00, 0x00, 0x00, 0x00, 0x00,
    0x00, 0x00, 0x00, 0x00, 0x00, 0x00, 0x00, 0x00, 0x00, 0x00, 0x00, 0x00, 0x00, 0x00, 0x00, 0x00,
    0x0D, 0x09, 0x09, 0x09, 0x0D, 0x0D, 0x9D, 0xA9, 0xB9, 0xB9, 0xC9, 0xD9, 0xD9, 0xE9, 0xE9, 0xD9,
    0xD9, 0xD9, 0xD9, 0xCE, 0xBE, 0xBE, 0xBE, 0xAE, 0xAE, 0x9E, 0x0E, 0x0E, 0x0E, 0x09, 0x09, 0x0D,
    0x0D, 0x09, 0x09, 0x09, 0x09, 0x09, 0x99, 0xA9, 0xB7, 0xB7, 0xC7, 0xD7, 0xD7, 0xE2, 0xE2, 0xD2,
    0xD2, 0xD2, 0xD7, 0xC7, 0xB7, 0xB7, 0xB7, 0xA7, 0xA9, 0x99, 0x09, 0x0A, 0x09, 0x09, 0x09, 0x0D,
    0xDD, 0x19, 0x19, 0x1A, 0xEA, 0x39, 0x29, 0x29, 0xE9, 0xEB, 0x3C, 0x2C, 0x4A, 0xEC, 0xED, 0x4D,
    0x3D, 0x4C, 0x49, 0x3B, 0x2B, 0x3A, 0x3A, 0x49, 0x29, 0x29, 0x39, 0x3A, 0x1A, 0x19, 0x19, 0xDD,
    0xDD, 0x99, 0x99, 0x9A, 0xDA, 0xC9, 0xB9, 0xB9, 0xD9, 0xDB, 0xCB, 0xBC, 0xD9, 0xE9, 0xCA, 0xA9,
    0xA9, 0xCA, 0xD9, 0xD9, 0xBA, 0xCA, 0xC9, 0xD9, 0xB9, 0xB9, 0xC9, 0xCA, 0x9A, 0x99, 0x99, 0xDD,
    0xDD, 0x99, 0x99, 0x9A, 0xDD, 0xCA, 0xB2, 0xB9, 0xD4, 0xD9, 0xC3, 0xB3, 0xD3, 0xE3, 0xE1, 0xD2,
    0xC2, 0xD2, 0xD1, 0xC9, 0xB9, 0xC5, 0xC5, 0xD9, 0xB9, 0xBB, 0xCD, 0xCA, 0x99, 0x99, 0x99, 0xDD,
    0xDD, 0x99, 0xB9, 0xCA, 0x9D, 0x19, 0x22, 0x24, 0x24, 0x13, 0x23, 0x23, 0x23, 0x19, 0x19, 0x19,
    0x12, 0x12, 0x12, 0x29, 0x29, 0x25, 0x15, 0x29, 0x29, 0x2B, 0x1D, 0x9A, 0xC9, 0xB9, 0x99, 0xDD,
    0x00, 0x00, 0x00, 0x00, 0x00, 0x00, 0x00, 0x00, 0x00, 0x00, 0x00, 0x00, 0x00, 0x00, 0x00, 0x00,
    0x00, 0x00, 0x00, 0x00, 0x00, 0x00, 0x00, 0x00, 0x00, 0x00, 0x00, 0x00, 0x00, 0x00, 0x00, 0x00,
    0x00, 0x00, 0x00, 0x00, 0x00, 0x00, 0x00, 0x00, 0x00, 0x00, 0x00, 0x00, 0x00, 0x00, 0x00, 0x00,
    0x00, 0x00, 0x00, 0x00, 0x00, 0x00, 0x00, 0x00, 0x00, 0x00, 0x00, 0x00, 0x00, 0x00, 0x00, 0x00,
    0x0D, 0x09, 0x09, 0x09, 0x09, 0x09, 0x99, 0x99, 0xA9, 0xB9, 0xC9, 0xD9, 0xDC, 0xEC, 0xEC, 0xDC,
    0xD9, 0xD9, 0xD9, 0xC9, 0xB9, 0xB9, 0xB9, 0xA9, 0x99, 0x99, 0x09, 0x09, 0x09, 0x09, 0x09, 0x0D,
    0x0D, 0x09, 0x09, 0x09, 0x09, 0x09, 0x99, 0x99, 0xA9, 0xB9, 0xC9, 0xD9, 0xD9, 0xE9, 0xE9, 0xD8,
    0xD8, 0xD8, 0xD8, 0xC8, 0xB9, 0xB9, 0xB9, 0xA9, 0x9F, 0x9F, 0x09, 0x09, 0x09, 0x09, 0x09, 0x0D,
    0xDD, 0x19, 0x1A, 0x1A, 0x19, 0x19, 0x19, 0x2A, 0xE9, 0x39, 0x29, 0x2B, 0x3C, 0x3A, 0x3A, 0x39,
    0x39, 0x39, 0x3B, 0x2B, 0x2A, 0x29, 0x39, 0x39, 0x2A, 0x19, 0x19, 0x19, 0x1A, 0x1A, 0x19, 0xDD,
    0xDD, 0x99, 0x9A, 0x9A, 0x99, 0x99, 0x99, 0xBA, 0xD9, 0xC9, 0xB9, 0xBC, 0xCB, 0xD9, 0xE1, 0xC1,
    0xC1, 0xD1, 0xD9, 0xCA, 0xBA, 0xB9, 0xC9, 0xC9, 0xBA, 0x99, 0x99, 0x99, 0x9A, 0x9A, 0x99, 0xDD,
    0xDD, 0x99, 0x99, 0x99, 0x9D, 0x9B, 0x92, 0xB4, 0xD4, 0xC3, 0xB3, 0xB3, 0xC3, 0xC1, 0xC1, 0xC2,
    0xC1, 0xC9, 0xC9, 0xB5, 0xB9, 0xB9, 0xC9, 0xC9, 0xBA, 0x9C, 0x9D, 0x99, 0x99, 0x99, 0x99, 0xDD,
    0xDD, 0x99, 0xA9, 0xC9, 0xDD, 0x9B, 0x19, 0x23, 0x24, 0x23, 0x13, 0x13, 0x19, 0x21, 0x31, 0x41,
    0x42, 0x32, 0x29, 0x15, 0x19, 0x19, 0x29, 0x29, 0x2A, 0x1C, 0x9D, 0x99, 0xC9, 0xB9, 0x99, 0xDD,
    0x00, 0x00, 0x00, 0x00, 0x00, 0x00, 0x00, 0x00, 0x00, 0x00, 0x00, 0x00, 0x00, 0x00, 0x00, 0x00,
    0x00, 0x00, 0x00, 0x00, 0x00, 0x00, 0x00, 0x00, 0x00, 0x00, 0x00, 0x00, 0x00, 0x00, 0x00, 0x00,
    0x00, 0x00, 0x00, 0x00, 0x00, 0x00, 0x00, 0x00, 0x00, 0x00, 0x00, 0x00, 0x00, 0x00, 0x00, 0x00,
    0x00, 0x00, 0x00, 0x00, 0x00, 0x00, 0x00, 0x00, 0x00, 0x00, 0x00, 0x00, 0x00, 0x00, 0x00, 0x00,
    0x0D, 0x09, 0x09, 0x09, 0x06, 0x06, 0x06, 0x96, 0x96, 0x96, 0xA6, 0xB6, 0xC9, 0xD9, 0xE9, 0xD9,
    0xDD, 0xDD, 0xDD, 0xCE, 0xBE, 0xAA, 0x9A, 0x9A, 0x9A, 0x0A, 0x06, 0x06, 0x06, 0x06, 0x09, 0x0D,
    0x0D, 0x09, 0x09, 0x09, 0x09, 0x09, 0x09, 0x93, 0x93, 0x93, 0xA3, 0xB3, 0xC3, 0xD3, 0xEF, 0xDF,
    0xDF, 0xDF, 0xDB, 0xC3, 0xB3, 0xA3, 0x93, 0x93, 0x93, 0x09, 0x09, 0x09, 0x09, 0x09, 0x09, 0x0D,
    0xDD, 0x19, 0x19, 0x19, 0x49, 0x19, 0x1B, 0x1C, 0x3A, 0x29, 0x19, 0x19, 0x2B, 0x2C, 0x4D, 0x2E,
    0x2D, 0x4C, 0x2B, 0x1A, 0x19, 0x19, 0x29, 0x39, 0x1B, 0x1A, 0x19, 0x49, 0x19, 0x1A, 0x19, 0xDD,
    0xDD, 0x99, 0x99, 0x99, 0xD9, 0x99, 0x9B, 0x9C, 0xCA, 0xB9, 0x99, 0x9A, 0xBC, 0xCA, 0xEC, 0xE2,
    0xD1, 0xDC, 0xC9, 0xBB, 0x9A, 0x99, 0xB9, 0xC9, 0x9B, 0x9A, 0x99, 0xD9, 0x99, 0x9A, 0x99, 0xDD,
    0xDD, 0x99, 0x99, 0x99, 0xDA, 0x9D, 0x9A, 0x93, 0xC4, 0xB3, 0x93, 0x93, 0xB1, 0xB1, 0xD2, 0xB1,
    0xB9, 0xD9, 0xB5, 0xA5, 0x99, 0x99, 0xB9, 0xCA, 0x9B, 0x9D, 0x9A, 0xD9, 0x99, 0x99, 0x99, 0xDD,
    0xDD, 0x99, 0xA9, 0xB9, 0xCA, 0xDD, 0x99, 0x92, 0x14, 0x23, 0x21, 0x29, 0x21, 0x32, 0x39, 0x32,
    0x32, 0x39, 0x35, 0x25, 0x29, 0x29, 0x29, 0x1A, 0x9B, 0x9D, 0x9A, 0xC9, 0xB9, 0xA9, 0x99, 0xDD,
    0x00, 0x00, 0x00, 0x00, 0x00, 0x00, 0x00, 0x00, 0x00, 0x00, 0x00, 0x00, 0x00, 0x00, 0x00, 0x00,
    0x00, 0x00, 0x00, 0x00, 0x00, 0x00, 0x00, 0x00, 0x00, 0x00, 0x00, 0x00, 0x00, 0x00, 0x00, 0x00,
    0x00, 0x00, 0x00, 0x00, 0x00, 0x00, 0x00, 0x00, 0x00, 0x00, 0x00, 0x00, 0x00, 0x00, 0x00, 0x00,
    0x00, 0x00, 0x00, 0x00, 0x00, 0x00, 0x00, 0x00, 0x00, 0x00, 0x00, 0x00, 0x00, 0x00, 0x00, 0x00,
    0x0D, 0x09, 0x09, 0x09, 0x09, 0x09, 0x09, 0x09, 0x09, 0x99, 0x99, 0x99, 0xA9, 0xA9, 0xA9, 0xB9,
    0xA9, 0xA9, 0x99, 0x99, 0x99, 0x9C, 0x9C, 0x0C, 0x0C, 0x0C, 0x09, 0x09, 0x09, 0x09, 0x09, 0x0D,
    0x0D, 0x09, 0x09, 0x09, 0x09, 0x09, 0x09, 0x09, 0x09, 0x99, 0x99, 0x99, 0xA9, 0xA9, 0xA9, 0xB9,
    0xA9, 0xA9, 0x99, 0x99, 0x99, 0x99, 0x99, 0x09, 0x09, 0x09, 0x09, 0x09, 0x09, 0x09, 0x09, 0x0D,
    0xDD, 0x19, 0x19, 0x19, 0x39, 0x1B, 0x4D, 0x1E, 0x1B, 0x19, 0x19, 0x1B, 0x19, 0x1B, 0x1C, 0x1C,
    0x1C, 0x1B, 0x1A, 0x19, 0x19, 0x19, 0x19, 0x1B, 0x1C, 0x4A, 0x1A, 0x39, 0x19, 0x19, 0x19, 0xDD,
    0xDD, 0x99, 0x99, 0xA9, 0xC9, 0xAB, 0xDD, 0x9E, 0x9B, 0x99, 0x99, 0x99, 0x9B, 0xAC, 0xAA, 0xAD,
    0xAD, 0xA9, 0xAB, 0x9A, 0x99, 0x99, 0x99, 0x9B, 0x9C, 0xDA, 0xAA, 0xC9, 0xA9, 0x99, 0x99, 0xDD,
    0xDD, 0x99, 0x99, 0xA9, 0xC9, 0xAD, 0xDB, 0x92, 0x94, 0x93, 0x91, 0x99, 0x92, 0xA2, 0xA1, 0x19,
    0x19, 0xA5, 0xA5, 0xA5, 0x99, 0x99, 0x9A, 0x9B, 0x9C, 0xDD, 0xA9, 0xC9, 0xA9, 0x99, 0x99, 0xDD,
    0xDD, 0x99, 0xA9, 0xA9, 0xC9, 0xCD, 0xDB, 0xB9, 0x92, 0x91, 0x19, 0x21, 0x29, 0x29, 0x21, 0x22,
    0x29, 0x25, 0x25, 0x25, 0x29, 0x19, 0x9A, 0x9B, 0x9C, 0xBD, 0xC9, 0xB9, 0xB9, 0xA9, 0x99, 0xDD,
    0x00, 0x00, 0x00, 0x00, 0x00, 0x00, 0x00, 0x00, 0x00, 0x00, 0x00, 0x00, 0x00, 0x00, 0x00, 0x00,
    0x00, 0x00, 0x00, 0x00, 0x00, 0x00, 0x00, 0x00, 0x00, 0x00, 0x00, 0x00, 0x00, 0x00, 0x00, 0x00,
    0x00, 0x00, 0x00, 0x00, 0x00, 0x00, 0x00, 0x00, 0x00, 0x00, 0x00, 0x00, 0x00, 0x00, 0x00, 0x00,
    0x00, 0x00, 0x00, 0x00, 0x00, 0x00, 0x00, 0x00, 0x00, 0x00, 0x00, 0x00, 0x00, 0x00, 0x00, 0x00,
    0x0D, 0x0D, 0x09, 0x09, 0x09, 0x09, 0x09, 0x09, 0x09, 0x09, 0x09, 0x99, 0x99, 0xA9, 0xB9, 0xB9,
    0xB9, 0xA9, 0xA9, 0x99, 0x99, 0x09, 0x09, 0x09, 0x09, 0x09, 0x09, 0x09, 0x09, 0x09, 0x0D, 0x0D,
    0x0D, 0x09, 0x09, 0x09, 0x09, 0x09, 0x09, 0x09, 0x0E, 0x0B, 0x0B, 0x97, 0x97, 0xA7, 0xB4, 0xB4,
    0xB4, 0xA4, 0xA4, 0x94, 0x97, 0x0A, 0x0A, 0x03, 0x03, 0x03, 0x03, 0x03, 0x03, 0x0A, 0x09, 0x0D,
    0xDD, 0x19, 0x49, 0x19, 0x19, 0x1D, 0x3E, 0x1E, 0x1C, 0x1A, 0x19, 0x1B, 0x1B, 0x29, 0x1B, 0x1B,
    0x1B, 0x1A, 0x29, 0x19, 0x19, 0x19, 0x19, 0x1C, 0x1C, 0x3B, 0x1A, 0x19, 0x19, 0x49, 0x19, 0xDD,
    0xDD, 0x99, 0xD9, 0xA9, 0xA9, 0xAD, 0xCE, 0xAE, 0xAC, 0x9A, 0x99, 0x9B, 0x99, 0xAB, 0xBC, 0xDA,
    0xDA, 0xCB, 0xBA, 0x99, 0x99, 0x99, 0x99, 0xAC, 0xAC, 0xCB, 0xAA, 0xA9, 0xA9, 0xD9, 0x99, 0xDD,
    0xDD, 0x99, 0xD9, 0xAB, 0xA9, 0xAA, 0xCD, 0xAA, 0xA2, 0x91, 0x99, 0x99, 0x99, 0xC9, 0xA9, 0x19,
    0x15, 0xA5, 0xC5, 0xA5, 0x95, 0x99, 0x9A, 0xAC, 0xAD, 0xCA, 0xA9, 0xAA, 0xAA, 0xD9, 0x99, 0xDD,
    0xDD, 0x99, 0xA9, 0xAB, 0xB9, 0xCA, 0xCD, 0xDA, 0xD9, 0xB9, 0x99, 0x91, 0x19, 0x21, 0x22, 0x25,
    0x25, 0x25, 0x25, 0x15, 0x95, 0x99, 0x9A, 0xBC, 0xCD, 0xCA, 0xB9, 0xBA, 0xAA, 0xA9, 0x99, 0xDD,
    0x00, 0x00, 0x00, 0x00, 0x00, 0x00, 0x00, 0x00, 0x00, 0x00, 0x00, 0x00, 0x00, 0x00, 0x00, 0x00,
    0x00, 0x00, 0x00, 0x00, 0x00, 0x00, 0x00, 0x00, 0x00, 0x00, 0x00, 0x00, 0x00, 0x00, 0x00, 0x00,
    0x00, 0x00, 0x00, 0x00, 0x00, 0x00, 0x00, 0x00, 0x00, 0x00, 0x00, 0x00, 0x00, 0x00, 0x00, 0x00,
    0x00, 0x00, 0x00, 0x00, 0x00, 0x00, 0x00, 0x00, 0x00, 0x00, 0x00, 0x00, 0x00, 0x00, 0x00, 0x00,
    0x00, 0x0D, 0x0D, 0x0D, 0x0D, 0x0D, 0x0D, 0x0D, 0x0D, 0x0D, 0x0D, 0x0D, 0x9D, 0x9D, 0x9D, 0x9D,
    0x9D, 0x9D, 0x9D, 0x9D, 0x0D, 0x0D, 0x0D, 0x0D, 0x0D, 0x0D, 0x0D, 0x0D, 0x0D, 0x0D, 0x0D, 0x00,
    0x0D, 0x09, 0x09, 0x09, 0x09, 0x09, 0x09, 0x09, 0x09, 0x09, 0x0B, 0x0B, 0x9B, 0x9B, 0x9B, 0x9B,
    0x9B, 0x9B, 0x9B, 0x9B, 0x0B, 0x0B, 0x0B, 0x0B, 0x0B, 0x09, 0x09, 0x09, 0x09, 0x09, 0x09, 0x0D,
    0xDD, 0x19, 0x39, 0x19, 0x1C, 0x1E, 0x1D, 0x19, 0x1D, 0x2A, 0x19, 0x19, 0x1B, 0x3B, 0x19, 0x19,
    0x19, 0x19, 0x3A, 0x19, 0x19, 0x19, 0x2B, 0x1D, 0x19, 0x1C, 0x1A, 0x1A, 0x19, 0x39, 0x19, 0xDD,
    0xDD, 0x99, 0xC9, 0xA9, 0xAC, 0xAE, 0xAD, 0xA9, 0xAD, 0xBA, 0x99, 0x19, 0x9B, 0xB9, 0x9B, 0xCC,
    0xCC, 0xBA, 0x99, 0x99, 0x19, 0x99, 0xBB, 0xAD, 0xA9, 0xAC, 0xAA, 0xAA, 0xA9, 0xC9, 0x99, 0xDD,
    0xDD, 0x99, 0xCB, 0xAC, 0xAB, 0xA9, 0xAA, 0xAD, 0xAA, 0xB9, 0x99, 0x19, 0x95, 0xB5, 0xC5, 0x15,
    0x15, 0xC6, 0xB5, 0x95, 0x15, 0x99, 0xBA, 0xAC, 0xAD, 0xA9, 0xA9, 0xAB, 0xAC, 0xCB, 0x99, 0xDD,
    0xDD, 0x99, 0xAB, 0xAC, 0xAB, 0xB9, 0xBA, 0xCD, 0xCA, 0xD9, 0xD9, 0xB2, 0x92, 0x92, 0x95, 0x95,
    0x95, 0x96, 0x95, 0x95, 0xB5, 0xC9, 0xCA, 0xCC, 0xBD, 0xB9, 0xB9, 0xAB, 0xAC, 0xAB, 0x99, 0xDD,
    0x00, 0x00, 0x00, 0x00, 0x00, 0x00, 0x00, 0x00, 0x00, 0x00, 0x00, 0x00, 0x00, 0x00, 0x00, 0x00,
    0x00, 0x00, 0x00, 0x00, 0x00, 0x00, 0x00, 0x00, 0x00, 0x00, 0x00, 0x00, 0x00, 0x00, 0x00, 0x00,
    0x00, 0x00, 0x00, 0x00, 0x00, 0x00, 0x00, 0x00, 0x00, 0x00, 0x00, 0x00, 0x00, 0x00, 0x00, 0x00,
    0x00, 0x00, 0x00, 0x00, 0x00, 0x00, 0x00, 0x00, 0x00, 0x00, 0x00, 0x00, 0x00, 0x00, 0x00, 0x00,
    0x00, 0x00, 0x00, 0x00, 0x00, 0x00, 0x00, 0x00, 0x00, 0x00, 0x00, 0x00, 0x00, 0x00, 0x00, 0x00,
    0x00, 0x00, 0x00, 0x00, 0x00, 0x00, 0x00, 0x00, 0x00, 0x00, 0x00, 0x00, 0x00, 0x00, 0x00, 0x00,
    0x0D, 0x09, 0x09, 0x09, 0x09, 0x04, 0x04, 0x04, 0x0D, 0x0D, 0x0D, 0x0D, 0x0D, 0x0D, 0x0D, 0x0D,
    0x0D, 0x0D, 0x09, 0x09, 0x0C, 0x0C, 0x0C, 0x0C, 0x0C, 0x09, 0x09, 0x09, 0x09, 0x09, 0x09, 0x0D,
    0xDD, 0x19, 0x19, 0x1C, 0x1E, 0x2D, 0x29, 0x19, 0x1E, 0x2B, 0x19, 0x21, 0x19, 0x2B, 0x3B, 0x1B,
    0x1A, 0x3A, 0x2A, 0x19, 0x19, 0x19, 0x2C, 0x1D, 0x19, 0x29, 0x2C, 0x1A, 0x19, 0x19, 0x19, 0xDD,
    0xDD, 0x99, 0xA9, 0xAC, 0xAE, 0xBD, 0xB9, 0xA9, 0xAE, 0xBB, 0x99, 0x21, 0x99, 0xBB, 0xB9, 0x99,
    0x99, 0x99, 0xAA, 0x99, 0x19, 0x99, 0xBC, 0xAD, 0xA9, 0xB9, 0xBC, 0xAA, 0xA9, 0xA9, 0x99, 0xDD,
    0xDD, 0x99, 0xAC, 0xAD, 0xA9, 0xB1, 0xB9, 0xAA, 0xAD, 0xB9, 0x99, 0x29, 0x95, 0x95, 0xD6, 0x26,
    0x26, 0xC6, 0x95, 0x95, 0x19, 0x99, 0xBA, 0xAD, 0xAA, 0xB9, 0xB9, 0xA9, 0xAC, 0xAC, 0x99, 0xDD,
    0xDD, 0x99, 0xAC, 0xAD, 0xB9, 0xA1, 0x99, 0xAA, 0xBD, 0xC9, 0xC9, 0xD9, 0xD9, 0xD9, 0xB6, 0xB6,
    0xB6, 0xB6, 0xD5, 0xC5, 0xC9, 0xB9, 0xBA, 0xBD, 0xBA, 0x99, 0xA9, 0xB9, 0xAC, 0xAC, 0x99, 0xDD,
    0x00, 0x00, 0x00, 0x00, 0x00, 0x00, 0x00, 0x00, 0x00, 0x00, 0x00, 0x00, 0x00, 0x00, 0x00, 0x00,
    0x00, 0x00, 0x00, 0x00, 0x00, 0x00, 0x00, 0x00, 0x00, 0x00, 0x00, 0x00, 0x00, 0x00, 0x00, 0x00,
    0x00, 0x00, 0x00, 0x00, 0x00, 0x00, 0x00, 0x00, 0x00, 0x00, 0x00, 0x00, 0x00, 0x00, 0x00, 0x00,
    0x00, 0x00, 0x00, 0x00, 0x00, 0x00, 0x00, 0x00, 0x00, 0x00, 0x00, 0x00, 0x00, 0x00, 0x00, 0x00,
    0x00, 0x00, 0x00, 0x00, 0x00, 0x00, 0x00, 0x00, 0x00, 0x00, 0x00, 0x00, 0x00, 0x00, 0x00, 0x00,
    0x00, 0x00, 0x00, 0x00, 0x00, 0x00, 0x00, 0x00, 0x00, 0x00, 0x00, 0x00, 0x00, 0x00, 0x00, 0x00,
    0x0D, 0x09, 0x09, 0x09, 0x09, 0x09, 0x09, 0x09, 0x09, 0x09, 0x09, 0x09, 0x09, 0x09, 0x09, 0x09,
    0x09, 0x09, 0x09, 0x09, 0x09, 0x09, 0x04, 0x04, 0x04, 0x04, 0x04, 0x09, 0x09, 0x09, 0x09, 0x0D,
    0xDD, 0x19, 0x29, 0x2E, 0x2C, 0x19, 0x19, 0x29, 0x2E, 0x1B, 0x19, 0x21, 0x11, 0x19, 0x4B, 0x2A,
    0x2A, 0x3A, 0x19, 0x11, 0x29, 0x19, 0x1D, 0x2D, 0x29, 0x19, 0x19, 0x2C, 0x29, 0x29, 0x19, 0xDD,
    0xDD, 0x99, 0xB9, 0xBE, 0xBC, 0xA9, 0xA9, 0xB9, 0xBE, 0x9B, 0x19, 0x21, 0x91, 0xA9, 0xBB, 0xBA,
    0xAA, 0xAA, 0xA9, 0x91, 0x29, 0x99, 0x9D, 0xBD, 0xB9, 0xA9, 0xA9, 0xBC, 0xB9, 0xB9, 0x99, 0xDD,
    0xDD, 0x99, 0xBD, 0xBC, 0xB9, 0xA2, 0xA1, 0xB9, 0xBD, 0x9A, 0x19, 0x29, 0x99, 0x95, 0xB5, 0xD6,
    0xC6, 0xB5, 0x95, 0x99, 0x29, 0x99, 0x9A, 0xBD, 0xB9, 0xA9, 0xA1, 0xB9, 0xBB, 0xBC, 0x99, 0xDD,
    0xDD, 0x99, 0xBD, 0xBC, 0xA9, 0x92, 0x91, 0x99, 0xAD, 0xAA, 0xB9, 0xB9, 0xC9, 0xC5, 0xD5, 0xD6,
    0xD6, 0xD5, 0xC5, 0xB9, 0xB9, 0xB9, 0xBA, 0xAD, 0x99, 0x99, 0x91, 0xA9, 0xBB, 0xBC, 0x99, 0xDD,
    0x00, 0x00, 0x00, 0x00, 0x00, 0x00, 0x00, 0x00, 0x00, 0x00, 0x00, 0x00, 0x00, 0x00, 0x00, 0x00,
    0x00, 0x00, 0x00, 0x00, 0x00, 0x00, 0x00, 0x00, 0x00, 0x00, 0x00, 0x00, 0x00, 0x00, 0x00, 0x00,
    0x00, 0x00, 0x00, 0x00, 0x00, 0x00, 0x00, 0x00, 0x00, 0x00, 0x00, 0x00, 0x00, 0x00, 0x00, 0x00,
    0x00, 0x00, 0x00, 0x00, 0x00, 0x00, 0x00, 0x00, 0x00, 0x00, 0x00, 0x00, 0x00, 0x00, 0x00, 0x00,
    0x00, 0x00, 0x00, 0x00, 0x00, 0x00, 0x00, 0x00, 0x00, 0x00, 0x00, 0x00, 0x00, 0x00, 0x00, 0x00,
    0x00, 0x00, 0x00, 0x00, 0x00, 0x00, 0x00, 0x00, 0x00, 0x00, 0x00, 0x00, 0x00, 0x00, 0x00, 0x00,
    0x0D, 0x09, 0x0D, 0x0D, 0x0D, 0x0D, 0x0D, 0x0D, 0x09, 0x09, 0x09, 0x0D, 0x0D, 0x0D, 0x0D, 0x0E,
    0x0E, 0x0E, 0x0E, 0x0E, 0x0E, 0x0E, 0x09, 0x09, 0x0D, 0x0D, 0x0D, 0x0D, 0x0D, 0x0D, 0x09, 0x0D,
    0xDD, 0x19, 0x19, 0x19, 0x19, 0x11, 0x19, 0x1E, 0x1C, 0x1B, 0x19, 0x29, 0x11, 0x12, 0x29, 0x49,
    0x49, 0x29, 0x11, 0x11, 0x29, 0x19, 0x1C, 0x1D, 0x1D, 0x19, 0x11, 0x19, 0x19, 0x19, 0x19, 0xDD,
    0xDD, 0x99, 0xA9, 0x99, 0x99, 0x91, 0x99, 0x9E, 0x9C, 0x9B, 0x19, 0x29, 0x11, 0x92, 0xA9, 0xB9,
    0xA9, 0xA9, 0x91, 0x11, 0x29, 0x99, 0x9C, 0x9D, 0x9D, 0x99, 0x91, 0x99, 0x99, 0xA9, 0x99, 0xDD,
    0xDD, 0x99, 0xAC, 0x9B, 0x91, 0x92, 0x99, 0x9D, 0x9B, 0x9A, 0x19, 0x21, 0x11, 0x99, 0x99, 0x95,
    0x99, 0x99, 0x99, 0x11, 0x21, 0x99, 0x9B, 0x9C, 0x9D, 0x99, 0x91, 0x91, 0x99, 0xAC, 0x99, 0xDD,
    0xDD, 0x99, 0xAC, 0xAB, 0x91, 0x12, 0x19, 0xAD, 0x9B, 0x9A, 0x99, 0xA1, 0xB1, 0xB9, 0xC9, 0xD5,
    0xD9, 0xB9, 0xB9, 0xB1, 0xA1, 0x99, 0x9B, 0x9C, 0xAD, 0xA9, 0xA1, 0x91, 0xA9, 0xAC, 0x99, 0xDD,
    0x00, 0x00, 0x00, 0x00, 0x00, 0x00, 0x00, 0x00, 0x00, 0x00, 0x00, 0x00, 0x00, 0x00, 0x00, 0x00,
    0x00, 0x00, 0x00, 0x00, 0x00, 0x00, 0x00, 0x00, 0x00, 0x00, 0x00, 0x00, 0x00, 0x00, 0x00, 0x00,
    0x00, 0x00, 0x00, 0x00, 0x00, 0x00, 0x00, 0x00, 0x00, 0x00, 0x00, 0x00, 0x00, 0x00, 0x00, 0x00,
    0x00, 0x00, 0x00, 0x00, 0x00, 0x00, 0x00, 0x00, 0x00, 0x00, 0x00, 0x00, 0x00, 0x00, 0x00, 0x00,
    0x00, 0x00, 0x00, 0x00, 0x00, 0x00, 0x00, 0x00, 0x00, 0x00, 0x00, 0x00, 0x00, 0x00, 0x00, 0x00,
    0x00, 0x00, 0x00, 0x00, 0x00, 0x00, 0x00, 0x00, 0x00, 0x00, 0x00, 0x00, 0x00, 0x00, 0x00, 0x00,
    0x0D, 0x09, 0x09, 0x09, 0x09, 0x09, 0x0E, 0x0E, 0x0E, 0x0E, 0x0E, 0x0E, 0x0E, 0x0C, 0x0C, 0x09,
    0x09, 0x0C, 0x0C, 0x0C, 0x0C, 0x0C, 0x0C, 0x0C, 0x0C, 0x0C, 0x09, 0x09, 0x09, 0x09, 0x09, 0x0D,
    0xDD, 0x19, 0x19, 0x19, 0x11, 0x11, 0x49, 0x2B, 0x1D, 0x1B, 0x1A, 0x19, 0x29, 0x11, 0x12, 0x12,
    0x12, 0x12, 0x11, 0x29, 0x19, 0x1B, 0x1C, 0x1D, 0x4B, 0x29, 0x11, 0x11, 0x19, 0x19, 0x19, 0xDD,
    0xDD, 0x99, 0x99, 0x99, 0x91, 0x91, 0xD9, 0xBB, 0xAD, 0x9B, 0x9A, 0x19, 0x29, 0x11, 0x92, 0xA2,
    0xA2, 0x92, 0x11, 0x29, 0x19, 0x9B, 0x9C, 0xAD, 0xDB, 0xB9, 0x91, 0x91, 0x99, 0x99, 0x99, 0xDD,
    0xDD, 0x99, 0x9B, 0x99, 0x91, 0x91, 0xD9, 0xBD, 0xAB, 0x9B, 0x99, 0x19, 0x21, 0x12, 0x91, 0xA9,
    0xA9, 0x91, 0x12, 0x21, 0x19, 0x99, 0x9C, 0xAC, 0xDD, 0xB9, 0x99, 0x91, 0x99, 0x9B, 0x99, 0xDD,
    0xDD, 0x99, 0x9B, 0x99, 0x11, 0x11, 0xA9, 0xAD, 0xDB, 0xBB, 0x19, 0x99, 0x91, 0xA2, 0xB1, 0xC9,
    0xC9, 0xB1, 0xA2, 0x91, 0x99, 0xA9, 0xBC, 0xDC, 0xAD, 0xA9, 0xA9, 0xA1, 0x99, 0x9B, 0x99, 0xDD,
    0x00, 0x00, 0x00, 0x00, 0x00, 0x00, 0x00, 0x00, 0x00, 0x00, 0x00, 0x00, 0x00, 0x00, 0x00, 0x00,
    0x00, 0x00, 0x00, 0x00, 0x00, 0x00, 0x00, 0x00, 0x00, 0x00, 0x00, 0x00, 0x00, 0x00, 0x00, 0x00,
    0x00, 0x00, 0x00, 0x00, 0x00, 0x00, 0x00, 0x00, 0x00, 0x00, 0x00, 0x00, 0x00, 0x00, 0x00, 0x00,
    0x00, 0x00, 0x00, 0x00, 0x00, 0x00, 0x00, 0x00, 0x00, 0x00, 0x00, 0x00, 0x00, 0x00, 0x00, 0x00,
    0x00, 0x00, 0x00, 0x00, 0x00, 0x00, 0x00, 0x00, 0x00, 0x00, 0x00, 0x00, 0x00, 0x00, 0x00, 0x00,
    0x00, 0x00, 0x00, 0x00, 0x00, 0x00, 0x00, 0x00, 0x00, 0x00, 0x00, 0x00, 0x00, 0x00, 0x00, 0x00,
    0x0D, 0x09, 0x09, 0x09, 0x09, 0x09, 0x09, 0x09, 0x09, 0x09, 0x09, 0x09, 0x0E, 0x0E, 0x0E, 0x0E,
    0x0E, 0x0E, 0x0E, 0x09, 0x09, 0x09, 0x09, 0x09, 0x09, 0x09, 0x0E, 0x0E, 0x0E, 0x0E, 0x09, 0x0D,
    0xDD, 0x19, 0x19, 0x1B, 0x1C, 0x2B, 0x39, 0x29, 0x1D, 0x1B, 0x1A, 0x19, 0x11, 0x22, 0x12, 0x12,
    0x11, 0x11, 0x21, 0x19, 0x19, 0x1C, 0x1D, 0x1B, 0x39, 0x29, 0x2C, 0x1B, 0x19, 0x19, 0x19, 0xDD,
    0xDD, 0x99, 0x99, 0x9B, 0x9C, 0xBB, 0xC9, 0xB9, 0x9D, 0x9B, 0x9A, 0x99, 0x11, 0x22, 0x12, 0x92,
    0x91, 0x11, 0x21, 0x19, 0x99, 0x9C, 0x9D, 0x9B, 0xC9, 0xB9, 0xBC, 0x9B, 0x99, 0x99, 0x99, 0xDD,
    0xDD, 0x99, 0x9B, 0x99, 0x9E, 0xBC, 0xC9, 0xBB, 0x9D, 0x9B, 0x99, 0x91, 0x19, 0x21, 0x12, 0x92,
    0x92, 0x12, 0x21, 0x19, 0x91, 0x99, 0x9C, 0x9D, 0xCB, 0xB9, 0xBC, 0x9B, 0x99, 0x9C, 0x99, 0xDD,
    0xDD, 0x99, 0xAB, 0x19, 0x1E, 0x1C, 0xA9, 0xAB, 0xCD, 0xBB, 0x19, 0x11, 0x19, 0x91, 0x92, 0xB2,
    0xB2, 0x92, 0x91, 0xA9, 0xA1, 0xA9, 0xBC, 0xCD, 0xAB, 0xA9, 0xAC, 0xAB, 0xA9, 0x9C, 0x99, 0xDD,
    0x00, 0x00, 0x00, 0x00, 0x00, 0x00, 0x00, 0x00, 0x00, 0x00, 0x00, 0x00, 0x00, 0x00, 0x00, 0x00,
    0x00, 0x00, 0x00, 0x00, 0x00, 0x00, 0x00, 0x00, 0x00, 0x00, 0x00, 0x00, 0x00, 0x00, 0x00, 0x00,
    0x00, 0x00, 0x00, 0x00, 0x00, 0x00, 0x00, 0x00, 0x00, 0x00, 0x00, 0x00, 0x00, 0x00, 0x00, 0x00,
    0x00, 0x00, 0x00, 0x00, 0x00, 0x00, 0x00, 0x00, 0x00, 0x00, 0x00, 0x00, 0x00, 0x00, 0x00, 0x00,
    0x00, 0x00, 0x00, 0x00, 0x00, 0x00, 0x00, 0x00, 0x00, 0x00, 0x00, 0x00, 0x00, 0x00, 0x00, 0x00,
    0x00, 0x00, 0x00, 0x00, 0x00, 0x00, 0x00, 0x00, 0x00, 0x00, 0x00, 0x00, 0x00, 0x00, 0x00, 0x00,
    0x0D, 0x09, 0x0E, 0x0E, 0x0E, 0x0E, 0x0D, 0x0D, 0x0D, 0x0D, 0x0C, 0x0C, 0x0C, 0x0C, 0x0C, 0x0C,
    0x0C, 0x0C, 0x0C, 0x0C, 0x0E, 0x0E, 0x0E, 0x0E, 0x0E, 0x0E, 0x0B, 0x0B, 0x0B, 0x09, 0x09, 0x0D,
    0xDD, 0xDD, 0x19, 0x19, 0x19, 0x19, 0x19, 0x19, 0x19, 0x19, 0x19, 0x19, 0x19, 0x19, 0x19, 0x19,
    0x19, 0x19, 0x19, 0x19, 0x19, 0x19, 0x19, 0x19, 0x19, 0x19, 0x19, 0x19, 0x19, 0x19, 0xDD, 0xDD,
    0xDD, 0xDD, 0x99, 0x99, 0x99, 0x99, 0x99, 0x99, 0x99, 0x99, 0x99, 0x99, 0x99, 0x99, 0x99, 0x99,
    0x99, 0x99, 0x99, 0x99, 0x99, 0x99, 0x99, 0x99, 0x99, 0x99, 0x99, 0x99, 0x99, 0x99, 0xDD, 0xDD,
    0xDD, 0xDD, 0x99, 0x99, 0x99, 0x99, 0x99, 0x99, 0x99, 0x99, 0x99, 0x99, 0x99, 0x99, 0x99, 0x99,
    0x99, 0x99, 0x99, 0x99, 0x99, 0x99, 0x99, 0x99, 0x99, 0x99, 0x99, 0x99, 0x99, 0x99, 0xDD, 0xDD,
    0xDD, 0xDD, 0x99, 0x99, 0x99, 0x99, 0x99, 0x99, 0x99, 0x99, 0x99, 0x99, 0x99, 0x99, 0x99, 0x99,
    0x99, 0x99, 0x99, 0x99, 0x99, 0x99, 0x99, 0x99, 0x99, 0x99, 0x99, 0x99, 0x99, 0x99, 0xDD, 0xDD,
    0x00, 0x00, 0x00, 0x00, 0x90, 0x90, 0x90, 0x90, 0x90, 0x90, 0x90, 0x90, 0x90, 0x90, 0x90, 0x90,
    0x90, 0x90, 0x90, 0x90, 0x90, 0x90, 0x90, 0x90, 0x90, 0x90, 0x90, 0x90, 0x00, 0x00, 0x00, 0x00,
    0x00, 0x00, 0x00, 0x00, 0x90, 0x90, 0x90, 0x90, 0x90, 0x90, 0x90, 0x90, 0x90, 0x90, 0x90, 0x90,
    0x90, 0x90, 0x90, 0x90, 0x90, 0x90, 0x90, 0x90, 0x90, 0x90, 0x90, 0x90, 0x00, 0x00, 0x00, 0x00,
    0x00, 0x00, 0x00, 0x00, 0x90, 0x90, 0x90, 0x90, 0x90, 0x90, 0x90, 0x90, 0x90, 0x90, 0x90, 0x90,
    0x90, 0x90, 0x90, 0x90, 0x90, 0x90, 0x90, 0x90, 0x90, 0x90, 0x90, 0x90, 0x00, 0x00, 0x00, 0x00,
    0x0D, 0x0D, 0x09, 0x09, 0x99, 0x99, 0x99, 0x99, 0x99, 0x99, 0x99, 0x99, 0x99, 0x99, 0x99, 0x99,
    0x99, 0x99, 0x99, 0x99, 0x99, 0x99, 0x99, 0x99, 0x99, 0x99, 0x99, 0x99, 0x09, 0x09, 0x0D, 0x0D,
    0x00, 0xDD, 0xDD, 0xDD, 0xDD, 0xDD, 0xDD, 0xDD, 0xDD, 0xDD, 0xDD, 0xDD, 0xDD, 0xDD, 0xDD, 0xDD,
    0xDD, 0xDD, 0xDD, 0xDD, 0xDD, 0xDD, 0xDD, 0xDD, 0xDD, 0xDD, 0xDD, 0xDD, 0xDD, 0xDD, 0xDD, 0x00,
    0x00, 0xDD, 0xDD, 0xDD, 0xDD, 0xDD, 0xDD, 0xDD, 0xDD, 0xDD, 0xDD, 0xDD, 0xDD, 0xDD, 0xDD, 0xDD,
    0xDD, 0xDD, 0xDD, 0xDD, 0xDD, 0xDD, 0xDD, 0xDD, 0xDD, 0xDD, 0xDD, 0xDD, 0xDD, 0xDD, 0xDD, 0x00,
    0x00, 0xDD, 0xDD, 0xDD, 0xDD, 0xDD, 0xDD, 0xDD, 0xDD, 0xDD, 0xDD, 0xDD, 0xDD, 0xDD, 0xDD, 0xDD,
    0xDD, 0xDD, 0xDD, 0xDD, 0xDD, 0xDD, 0xDD, 0xDD, 0xDD, 0xDD, 0xDD, 0xDD, 0xDD, 0xDD, 0xDD, 0x00,
    0x00, 0xDD, 0xDD, 0xDD, 0xDD, 0xDD, 0xDD, 0xDD, 0xDD, 0xDD, 0xDD, 0xDD, 0xDD, 0xDD, 0xDD, 0xDD,
    0xDD, 0xDD, 0xDD, 0xDD, 0xDD, 0xDD, 0xDD, 0xDD, 0xDD, 0xDD, 0xDD, 0xDD, 0xDD, 0xDD, 0xDD, 0x00,
    0x00, 0x00, 0x00, 0x90, 0x90, 0xB0, 0x90, 0xA0, 0xA0, 0xA0, 0xA0, 0x20, 0x20, 0x30, 0x30, 0x40,
    0x40, 0x30, 0x30, 0x20, 0x20, 0xA0, 0xA0, 0xA0, 0xA0, 0x90, 0xB0, 0x90, 0x90, 0x00, 0x00, 0x00,
    0x00, 0x00, 0x00, 0x90, 0x90, 0xB0, 0x90, 0xA0, 0xA0, 0xA0, 0xA0, 0xA0, 0xA0, 0x10, 0x10, 0x10,
    0x10, 0x10, 0x10, 0xA0, 0xA0, 0xA0, 0xA0, 0xA0, 0xA0, 0x90, 0xB0, 0x90, 0x90, 0x00, 0x00, 0x00,
    0x00, 0x00, 0x00, 0x90, 0x90, 0xB0, 0x90, 0xA0, 0xA0, 0xA0, 0xA0, 0x20, 0x20, 0x30, 0x30, 0x40,
    0x40, 0x30, 0x30, 0x20, 0x20, 0xA0, 0xA0, 0xA0, 0xA0, 0x90, 0xB0, 0x90, 0x90, 0x00, 0x00, 0x00,
    0x00, 0x0D, 0x0D, 0x9D, 0x9D, 0xBD, 0x9D, 0xAD, 0xAD, 0xAD, 0xAD, 0xAD, 0xAD, 0x1D, 0x1D, 0x1D,
    0x1D, 0x1D, 0x1D, 0xAD, 0xAD, 0xAD, 0xAD, 0xAD, 0xAD, 0x9D, 0xBD, 0x9D, 0x9D, 0x0D, 0x0D, 0x00,
    0x00, 0xDD, 0xDD, 0xDD, 0xDD, 0xDD, 0xDD, 0xDD, 0xDD, 0xDD, 0xDD, 0xDD, 0xDD, 0xDD, 0xDD, 0xDD,
    0xDD, 0xDD, 0xDD, 0xDD, 0xDD, 0xDD, 0xDD, 0xDD, 0xDD, 0xDD, 0xDD, 0xDD, 0xDD, 0xDD, 0xDD, 0x00,
    0x00, 0xDD, 0xDD, 0xDD, 0xDD, 0xDD, 0xDD, 0xDD, 0xDD, 0xDD, 0xDD, 0xDD, 0xDD, 0xDD, 0xDD, 0xDD,
    0xDD, 0xDD, 0xDD, 0xDD, 0xDD, 0xDD, 0xDD, 0xDD, 0xDD, 0xDD, 0xDD, 0xDD, 0xDD, 0xDD, 0xDD, 0x00,
    0x00, 0xDD, 0xDD, 0xDD, 0xDD, 0xDD, 0xDD, 0xDD, 0xDD, 0xDD, 0xDD, 0xDD, 0xDD, 0xDD, 0xDD, 0xDD,
    0xDD, 0xDD, 0xDD, 0xDD, 0xDD, 0xDD, 0xDD, 0xDD, 0xDD, 0xDD, 0xDD, 0xDD, 0xDD, 0xDD, 0xDD, 0x00,
    0x00, 0xDD, 0xDD, 0xDD, 0xDD, 0xDD, 0xDD, 0xDD, 0xDD, 0xDD, 0xDD, 0xDD, 0xDD, 0xDD, 0xDD, 0xDD,
    0xDD, 0xDD, 0xDD, 0xDD, 0xDD, 0xDD, 0xDD, 0xDD, 0xDD, 0xDD, 0xDD, 0xDD, 0xDD, 0xDD, 0xDD, 0x00,
    0x09, 0x99, 0x9D, 0xBD, 0xAD, 0xBD, 0x9D, 0xAD, 0xAD, 0x9D, 0x9D, 0x9D, 0x9D, 0x9D, 0x9D, 0x9D,
    0x9D, 0x9D, 0x9D, 0x9D, 0x9D, 0x9D, 0x9D, 0xAD, 0xAD, 0x9D, 0xBD, 0xAD, 0xBD, 0x9D, 0x9D, 0x00,
    0x00, 0x9D, 0x9D, 0xBD, 0xAD, 0xBD, 0x9D, 0xAD, 0xAD, 0x9D, 0x9D, 0x9D, 0x9D, 0x9D, 0x9D, 0x9D,
    0x9D, 0x9D, 0x9D, 0x9D, 0x9D, 0x9D, 0x9D, 0xAD, 0xAD, 0x9D, 0xBD, 0xAD, 0xBD, 0x9D, 0x9D, 0x00,
    0x00, 0x9D, 0x9D, 0xBD, 0xAD, 0xBD, 0x9D, 0xAD, 0xAD, 0x9D, 0x9D, 0x9D, 0x9D, 0x9D, 0x9D, 0x9D,
    0x9D, 0x9D, 0x9D, 0x9D, 0x9D, 0x9D, 0x9D, 0xAD, 0xAD, 0x9D, 0xBD, 0xAD, 0xBD, 0x9D, 0x9D, 0x00,
    0x00, 0x9D, 0x9D, 0xBD, 0xAD, 0xBD, 0x9D, 0xAD, 0xAD, 0x9D, 0x9D, 0x9D, 0x9D, 0x9D, 0x9D, 0x9D,
    0x9D, 0x9D, 0x9D, 0x9D, 0x9D, 0x9D, 0x9D, 0xAD, 0xAD, 0x9D, 0xBD, 0xAD, 0xBD, 0x9D, 0x9D, 0x00,
    0xDD, 0xDD, 0x99, 0x99, 0x99, 0x99, 0x99, 0x99, 0x99, 0x99, 0x99, 0x99, 0x99, 0x99, 0x99, 0x99,
    0x99, 0x99, 0x99, 0x99, 0x99, 0x99, 0x99, 0x99, 0x99, 0x99, 0x99, 0x99, 0x99, 0x99, 0xDD, 0xDD,
    0xDD, 0xDD, 0x99, 0x99, 0x99, 0x99, 0x99, 0x99, 0x99, 0x99, 0x99, 0x99, 0x99, 0x99, 0x99, 0x99,
    0x99, 0x99, 0x99, 0x99, 0x99, 0x99, 0x99, 0x99, 0x99, 0x99, 0x99, 0x99, 0x99, 0x99, 0xDD, 0xDD,
    0xDD, 0xDD, 0x99, 0x99, 0x99, 0x99, 0x99, 0x99, 0x99, 0x99, 0x99, 0x99, 0x99, 0x99, 0x99, 0x99,
    0x99, 0x99, 0x99, 0x99, 0x99, 0x99, 0x99, 0x99, 0x99, 0x99, 0x99, 0x99, 0x99, 0x99, 0xDD, 0xDD,
    0xDD, 0xDD, 0x99, 0x99, 0x99, 0x99, 0x99, 0x99, 0x99, 0x99, 0x99, 0x99, 0x99, 0x99, 0x99, 0x99,
    0x99, 0x99, 0x99, 0x99, 0x99, 0x99, 0x99, 0x99, 0x99, 0x99, 0x99, 0x99, 0x99, 0x99, 0xDD, 0xDD,
    0x99, 0x9D, 0x9D, 0xB1, 0xA1, 0xB1, 0x91, 0xA1, 0x91, 0x91, 0x91, 0x91, 0x91, 0x91, 0x31, 0x31,
    0x31, 0x31, 0x91, 0x91, 0x91, 0x91, 0x91, 0x91, 0xA1, 0x91, 0xB1, 0xA1, 0xB1, 0x91, 0x9D, 0x9D,
    0x9D, 0x9D, 0x99, 0xB9, 0xA9, 0xB9, 0x99, 0xA9, 0x99, 0x99, 0x99, 0x99, 0x99, 0x99, 0x49, 0x49,
    0x49, 0x39, 0x99, 0x99, 0x99, 0x99, 0x99, 0x99, 0xA9, 0x99, 0xB9, 0xA9, 0xB9, 0x99, 0x9D, 0x9D,
    0x9D, 0x9D, 0x99, 0xB9, 0xA9, 0xB9, 0x99, 0xA9, 0x99, 0x99, 0x99, 0x99, 0x99, 0x99, 0x99, 0x99,
    0x99, 0x99, 0x99, 0x99, 0x99, 0x99, 0x99, 0x99, 0xA9, 0x99, 0xB9, 0xA9, 0xB9, 0x99, 0x9D, 0x9D,
    0x9D, 0x9D, 0x99, 0xB9, 0xA9, 0xB9, 0x99, 0xA9, 0x99, 0x99, 0x99, 0x95, 0x99, 0x99, 0x96, 0x97,
    0x99, 0x99, 0x99, 0x99, 0x99, 0x99, 0x99, 0x99, 0xA9, 0x99, 0xB9, 0xA9, 0xB9, 0x99, 0x9D, 0x9D,
    0xDD, 0x99, 0x5E, 0x54, 0x53, 0x51, 0x51, 0x51, 0xA1, 0x95, 0x95, 0x25, 0xA5, 0x55, 0x55, 0x55,
    0x55, 0x55, 0x55, 0xA5, 0x35, 0x95, 0x95, 0xA2, 0x52, 0x52, 0x59, 0x51, 0x53, 0x54, 0x99, 0xDD,
    0xDD, 0x99, 0x5E, 0x54, 0x53, 0x51, 0x51, 0xA1, 0x91, 0x95, 0x95, 0xA5, 0x55, 0x55, 0x55, 0x55,
    0x55, 0x55, 0x55, 0x55, 0xA5, 0x95, 0x95, 0x92, 0xA2, 0x52, 0x59, 0x51, 0x53, 0x54, 0x99, 0xDD,
    0xDD, 0x99, 0x59, 0x59, 0x5A, 0x5A, 0x55, 0xA5, 0x95, 0x95, 0x95, 0xA5, 0x55, 0x55, 0x55, 0x55,
    0x55, 0x55, 0x55, 0x55, 0xA5, 0x95, 0x95, 0x95, 0xA5, 0x55, 0x5A, 0x5A, 0x59, 0x59, 0x99, 0xDD,
    0xDD, 0x99, 0x59, 0x59, 0x5A, 0x5A, 0x55, 0x55, 0xA5, 0x95, 0x95, 0x95, 0xA5, 0x55, 0x55, 0x55,
    0x55, 0x55, 0x55, 0x55, 0xA5, 0x95, 0x95, 0x95, 0xA5, 0x55, 0x5A, 0x5A, 0x59, 0x59, 0x99, 0xDD,
    0x99, 0xCD, 0xA1, 0xC1, 0xA1, 0xC1, 0x91, 0x91, 0x91, 0x91, 0x91, 0x91, 0x91, 0x31, 0xD1, 0x41,
    0x41, 0xD1, 0x21, 0x91, 0x91, 0x91, 0x91, 0x91, 0x91, 0x91, 0xC1, 0xA1, 0xC1, 0xA1, 0xC1, 0x9D,
    0x9D, 0xC9, 0xA2, 0xC4, 0xA4, 0xC2, 0x99, 0x95, 0x99, 0x99, 0x99, 0x99, 0x96, 0x4D, 0x4D, 0x37,
    0x37, 0x47, 0x26, 0x95, 0x99, 0x99, 0x99, 0x99, 0x95, 0x99, 0xC7, 0xA9, 0xC5, 0xA9, 0xC9, 0x9D,
    0x9D, 0xC9, 0xA2, 0xC4, 0xA4, 0xC2, 0x99, 0x95, 0x99, 0x99, 0x99, 0x29, 0x26, 0x2D, 0x9D, 0x97,
    0x97, 0x97, 0x26, 0x25, 0x29, 0x99, 0x99, 0x99, 0x95, 0x99, 0xC7, 0xA9, 0xC5, 0xA9, 0xC9, 0x9D,
    0x9D, 0xC9, 0xA9, 0xC9, 0xA9, 0xC9, 0x99, 0x99, 0x99, 0x99, 0x95, 0x96, 0x99, 0x96, 0x97, 0x9E,
    0x99, 0x99, 0x99, 0x99, 0x99, 0x99, 0x99, 0x99, 0x99, 0x99, 0xC9, 0xA9, 0xC9, 0xA9, 0xC9, 0x9D,
    0xDD, 0x99, 0x5E, 0x5E, 0x54, 0x53, 0x51, 0x51, 0x51, 0xA1, 0x95, 0x45, 0x25, 0xA5, 0x55, 0x55,
    0x55, 0x55, 0xA5, 0x35, 0xE5, 0x95, 0xA2, 0x52, 0x52, 0x59, 0x51, 0x53, 0x54, 0x54, 0x99, 0xDD,
    0xDD, 0x99, 0x5E, 0x5E, 0x54, 0x53, 0x51, 0x51, 0xA1, 0x91, 0x95, 0x95, 0xA5, 0x55, 0x55, 0x55,
    0x55, 0x55, 0x55, 0xA5, 0x95, 0x95, 0x92, 0xA2, 0x52, 0x59, 0x51, 0x53, 0x54, 0x54, 0x99, 0xDD,
    0xDD, 0x99, 0x59, 0x5A, 0x5A, 0x55, 0x55, 0x55, 0xA5, 0x95, 0x95, 0x95, 0xA5, 0x55, 0x55, 0x55,
    0x55, 0x55, 0x55, 0xA5, 0x95, 0x95, 0x95, 0xA5, 0x55, 0x55, 0x55, 0x5A, 0x5A, 0x59, 0x99, 0xDD,
    0xDD, 0x99, 0x59, 0x5A, 0x5A, 0x55, 0x55, 0x55, 0x55, 0xA5, 0x95, 0x95, 0x95, 0xA5, 0x55, 0x55,
    0x55, 0x55, 0xF5, 0xF5, 0x95, 0x95, 0x95, 0xA5, 0x55, 0x55, 0x55, 0x5A, 0x5A, 0x59, 0x99, 0xDD,
    0x99, 0xDD, 0xA1, 0xD1, 0xA1, 0xD1, 0x91, 0x91, 0x91, 0x91, 0x91, 0x91, 0x31, 0xD1, 0x41, 0x91,
    0x91, 0x21, 0x41, 0x21, 0x91, 0x91, 0x91, 0x91, 0x91, 0x91, 0xD1, 0xA1, 0xD1, 0xA1, 0xD1, 0x9D,
    0x9D, 0xD9, 0xA2, 0xD4, 0xA4, 0xD2, 0x99, 0x95, 0x99, 0x99, 0x99, 0x96, 0x4D, 0x47, 0x36, 0x96,
    0x96, 0x16, 0x36, 0x26, 0x95, 0x99, 0x99, 0x99, 0x95, 0x99, 0xD9, 0xA9, 0xD5, 0xA9, 0xD9, 0x9D,
    0x9D, 0xD9, 0xA2, 0xD4, 0xA4, 0xD2, 0x99, 0x95, 0x99, 0x99, 0x29, 0x36, 0x3D, 0x37, 0x26, 0x96,
    0x96, 0x26, 0x36, 0x36, 0x35, 0x29, 0x99, 0x99, 0x95, 0x99, 0xD9, 0xA9, 0xD5, 0xA9, 0xD9, 0x9D,
    0x9D, 0xD9, 0xA9, 0xD9, 0xA9, 0xD9, 0x99, 0x95, 0x99, 0x95, 0x97, 0x2E, 0x29, 0x28, 0x98, 0x9E,
    0x9E, 0x97, 0x29, 0x29, 0x29, 0x99, 0x99, 0x99, 0x99, 0x99, 0xD9, 0xA9, 0xD9, 0xA9, 0xD9, 0x9D,
    0xDD, 0x99, 0x54, 0x5E, 0x5E, 0x54, 0x53, 0x51, 0x51, 0x51, 0xA5, 0x45, 0x45, 0x95, 0xA5, 0xA5,
    0xA5, 0xA5, 0x95, 0xE5, 0x45, 0xA2, 0x52, 0x52, 0x59, 0x51, 0x53, 0x54, 0x54, 0x53, 0x99, 0xDD,
    0xDD, 0x99, 0x54, 0x5E, 0x5E, 0x54, 0x53, 0x51, 0x51, 0xA1, 0x95, 0x95, 0x95, 0xA5, 0x55, 0x55,
    0x55, 0x55, 0xA5, 0x95, 0x95, 0x92, 0xA2, 0x52, 0x59, 0x51, 0x53, 0x54, 0x54, 0x53, 0x99, 0xDD,
    0xDD, 0x99, 0x5A, 0x5A, 0x55, 0x55, 0x55, 0x55, 0x55, 0xA5, 0x95, 0x9B, 0x9B, 0xAB, 0x5B, 0x5B,
    0x5B, 0x5B, 0xAB, 0x9B, 0x9B, 0x95, 0xA5, 0x55, 0x55, 0x55, 0x55, 0x55, 0x5A, 0x5A, 0x99, 0xDD,
    0xDD, 0x99, 0x5A, 0x5A, 0x55, 0x55, 0x55, 0x55, 0x55, 0x55, 0xA5, 0x9B, 0x9B, 0x9B, 0xAB, 0xAB,
    0xAB, 0xFB, 0xDB, 0xFB, 0x9B, 0x95, 0xA5, 0x55, 0x55, 0x55, 0x55, 0x55, 0x5A, 0x5A, 0x99, 0xDD,
    0x99, 0xBD, 0xA1, 0xD1, 0xA1, 0xD1, 0x91, 0xA1, 0x91, 0x91, 0x91, 0x91, 0x41, 0x41, 0x91, 0x91,
    0x91, 0x91, 0x21, 0x21, 0x91, 0x91, 0x91, 0x91, 0xA1, 0x91, 0xD1, 0xA1, 0xD1, 0xA1, 0xB1, 0x9D,
    0x9D, 0xB9, 0xA5, 0xD2, 0xA2, 0xD5, 0x95, 0xA5, 0x99, 0x99, 0x96, 0x9D, 0x37, 0x36, 0x96, 0x95,
    0x95, 0x95, 0x16, 0x16, 0x96, 0x95, 0x99, 0x95, 0xA5, 0x95, 0xD5, 0xA5, 0xD5, 0xA5, 0xB9, 0x9D,
    0x9D, 0xB9, 0xA5, 0xD2, 0xA2, 0xD5, 0x95, 0xA5, 0x99, 0x29, 0x36, 0x3D, 0x47, 0x46, 0x36, 0x25,
    0x25, 0x35, 0x46, 0x46, 0x36, 0x35, 0x29, 0x95, 0xA5, 0x95, 0xD5, 0xA5, 0xD5, 0xA5, 0xB9, 0x9D,
    0x9D, 0xB9, 0xA9, 0xD9, 0xA9, 0xD9, 0x96, 0xA7, 0x96, 0x96, 0x2E, 0x2E, 0x28, 0x2E, 0x2E, 0x9E,
    0x98, 0x2B, 0x2B, 0x29, 0x29, 0x29, 0x99, 0x99, 0xA9, 0x99, 0xD9, 0xA9, 0xD9, 0xA9, 0xB9, 0x9D,
    0xDD, 0x99, 0x52, 0x53, 0x5E, 0x5E, 0x54, 0x53, 0x51, 0x51, 0x51, 0x35, 0x4A, 0x2B, 0x9B, 0x9B,
    0x9B, 0x9B, 0x3B, 0xEA, 0x35, 0x52, 0x52, 0x59, 0x51, 0x53, 0x54, 0x54, 0x53, 0x52, 0x99, 0xDD,
    0xDD, 0x99, 0x52, 0x53, 0x5E, 0x5E, 0x54, 0x53, 0x51, 0x51, 0xA1, 0x95, 0x9A, 0x9B, 0xAB, 0xAB,
    0xAB, 0xAB, 0x9B, 0x9A, 0x95, 0xA2, 0x52, 0x59, 0x51, 0x53, 0x54, 0x54, 0x53, 0x52, 0x99, 0xDD,
    0xDD, 0x99, 0x5A, 0x55, 0x55, 0x55, 0x55, 0x55, 0x55, 0x5B, 0xAB, 0x9B, 0x99, 0x99, 0xA9, 0xA9,
    0xA9, 0xA9, 0x99, 0x99, 0x9B, 0xAB, 0x5B, 0x55, 0x55, 0x55, 0x55, 0x55, 0x55, 0x5A, 0x99, 0xDD,
    0xDD, 0x99, 0x5A, 0x55, 0x55, 0x55, 0x55, 0x55, 0x55, 0x5B, 0x5B, 0xAB, 0x99, 0x99, 0x99, 0x99,
    0xF9, 0xF9, 0xD9, 0xF9, 0xBB, 0xAB, 0x5B, 0x55, 0x55, 0x55, 0x55, 0x55, 0x55, 0x5A, 0x99, 0xDD,
    0x99, 0x9D, 0x91, 0xE1, 0xA1, 0xE1, 0x91, 0xA1, 0xA1, 0xA1, 0xA1, 0xA1, 0x41, 0x41, 0xA1, 0xA1,
    0xA1, 0xA1, 0xA1, 0xA1, 0xA1, 0xA1, 0xA1, 0xA1, 0xA1, 0x91, 0xE1, 0xA1, 0xE1, 0x91, 0x91, 0x9D,
    0x9D, 0x99, 0x99, 0xE5, 0xA9, 0xE9, 0x99, 0xA5, 0xA9, 0xA6, 0xAD, 0xA7, 0x36, 0x36, 0xA5, 0xA9,
    0xA9, 0xA9, 0xA9, 0xA5, 0xA6, 0xA6, 0xA5, 0xA9, 0xA5, 0x99, 0xE9, 0xA9, 0xE5, 0x99, 0x99, 0x9D,
    0x9D, 0x99, 0x99, 0xE5, 0xA9, 0xE9, 0x99, 0xA5, 0xA9, 0x36, 0x3D, 0x47, 0xD6, 0xD6, 0x45, 0x39,
    0x39, 0x49, 0x49, 0x45, 0x46, 0x36, 0x35, 0xA9, 0xA5, 0x99, 0xE9, 0xA9, 0xE5, 0x99, 0x99, 0x9D,
    0x9D, 0x99, 0x99, 0xE9, 0xA5, 0xE9, 0x97, 0xAE, 0xA8, 0xA7, 0x2E, 0x2E, 0x3E, 0x3E, 0x2E, 0x2E,
    0x2C, 0x2C, 0x2C, 0x2B, 0x2B, 0x29, 0xA9, 0xA2, 0xA9, 0x99, 0xE9, 0xA9, 0xE9, 0x99, 0x99, 0x9D,
    0xDD, 0x99, 0x55, 0x52, 0x53, 0x5E, 0x5E, 0x54, 0x51, 0x51, 0x51, 0x21, 0x49, 0x39, 0xA9, 0xB9,
    0xB9, 0xA9, 0x39, 0x49, 0x12, 0x52, 0x51, 0x59, 0x52, 0x54, 0x54, 0x53, 0x52, 0x55, 0x99, 0xDD,
    0xDD, 0x99, 0x55, 0x52, 0x53, 0x5E, 0x5E, 0x54, 0x51, 0x51, 0x51, 0xA1, 0x99, 0x99, 0x99, 0x99,
    0x99, 0x99, 0x99, 0x99, 0xA2, 0x52, 0x51, 0x59, 0x52, 0x54, 0x54, 0x53, 0x52, 0x55, 0x99, 0xDD,
    0xDD, 0x99, 0x55, 0x55, 0x55, 0x55, 0x55, 0x5B, 0x5B, 0x5A, 0x59, 0xA9, 0x99, 0x9A, 0x9A, 0x9A,
    0x9A, 0x9A, 0x9A, 0x99, 0xA9, 0x59, 0x5A, 0x5B, 0x5B, 0x55, 0x55, 0x55, 0x55, 0x55, 0x99, 0xDD,
    0xDD, 0x99, 0x55, 0x55, 0x55, 0x55, 0x55, 0x5B, 0x5B, 0x5A, 0x59, 0x59, 0xA9, 0x9A, 0xFA, 0xFA,
    0x2A, 0xFA, 0xDA, 0xF9, 0xB9, 0xF9, 0x5A, 0x5B, 0x5B, 0x55, 0x55, 0x55, 0x55, 0x55, 0x99, 0xDD,
    0x99, 0xCD, 0xA1, 0xE1, 0xA1, 0xE1, 0x91, 0xA1, 0xA1, 0xA1, 0xA1, 0xA1, 0x31, 0x41, 0x41, 0xA1,
    0xA1, 0xA1, 0xA1, 0xA1, 0xA1, 0xA1, 0xA1, 0xA1, 0xA1, 0x91, 0xE1, 0xA1, 0xE1, 0xA1, 0xC1, 0x9D,
    0x9D, 0xC9, 0xA9, 0xE5, 0xA9, 0xE9, 0x99, 0xA9, 0xA6, 0xAD, 0xA7, 0xA6, 0x36, 0x35, 0x31, 0xA4,
    0xA2, 0xA1, 0xA9, 0xA9, 0xA5, 0xA6, 0xA6, 0xA5, 0xA9, 0x99, 0xE9, 0xA9, 0xE5, 0xA9, 0xC9, 0x9D,
    0x9D, 0xC9, 0xA9, 0xE5, 0xA9, 0xE9, 0x99, 0xA9, 0xA6, 0x3D, 0x37, 0x46, 0xD6, 0xD5, 0x41, 0x44,
    0x42, 0x41, 0x49, 0x49, 0x45, 0x36, 0x36, 0xA5, 0xA9, 0x99, 0xE9, 0xA9, 0xE5, 0xA9, 0xC9, 0x9D,
    0x9D, 0xC9, 0xA9, 0xE9, 0xA6, 0xE6, 0x98, 0xAE, 0xAE, 0xAE, 0x2E, 0x2E, 0x3E, 0x38, 0x2E, 0x2E,
    0x2C, 0x2B, 0x2C, 0x2B, 0x2C, 0x2B, 0xA2, 0xA9, 0xA9, 0x92, 0xE9, 0xA9, 0xE9, 0xA9, 0xC9, 0x9D,
    0xDD, 0x99, 0x55, 0x55, 0x52, 0x53, 0x5E, 0x5E, 0x53, 0x51, 0x21, 0x21, 0x49, 0x39, 0x9A, 0x9A,
    0x9A, 0x9A, 0x49, 0x49, 0x12, 0x22, 0x59, 0x51, 0x53, 0x54, 0x53, 0x52, 0x55, 0x55, 0x99, 0xDD,
    0xDD, 0x99, 0x55, 0x55, 0x52, 0x53, 0x5E, 0x5E, 0x53, 0x51, 0x51, 0xA1, 0x99, 0xB9, 0xAA, 0xBA,
    0xBA, 0xAA, 0xB9, 0x99, 0xA2, 0x52, 0x59, 0x51, 0x53, 0x54, 0x53, 0x52, 0x55, 0x55, 0x99, 0xDD,
    0xDD, 0x99, 0x55, 0x55, 0x55, 0x55, 0x5B, 0x5A, 0x59, 0x59, 0x59, 0xA9, 0x99, 0xB9, 0xA9, 0xB9,
    0xB9, 0xA9, 0xB9, 0x99, 0xA9, 0x59, 0x59, 0x59, 0x5A, 0x5B, 0x55, 0x55, 0x55, 0x55, 0x99, 0xDD,
    0xDD, 0x99, 0x55, 0x55, 0x55, 0x55, 0x5B, 0x5A, 0x59, 0x59, 0x59, 0xD9, 0xD9, 0xB9, 0xB9, 0x29,
    0x29, 0xF9, 0xD9, 0xB9, 0xB9, 0xF9, 0xF9, 0x59, 0x5A, 0x5B, 0x55, 0x55, 0x55, 0x55, 0x99, 0xDD,
    0x99, 0xED, 0xA1, 0xD1, 0xA1, 0xD1, 0x91, 0xA1, 0x91, 0x91, 0x91, 0x91, 0x91, 0x21, 0x41, 0xD1,
    0x41, 0x21, 0x91, 0x91, 0x91, 0x91, 0x91, 0x91, 0xA1, 0x91, 0xD1, 0xA1, 0xD1, 0xA1, 0xE1, 0x9D,
    0x9D, 0xE9, 0xA9, 0xD9, 0xA6, 0xD7, 0x97, 0xA6, 0x97, 0x97, 0x96, 0x96, 0x95, 0x11, 0x34, 0x4E,
    0x34, 0x12, 0x91, 0x99, 0x99, 0x95, 0x96, 0x96, 0xA5, 0x95, 0xD6, 0xA5, 0xD9, 0xA9, 0xE9, 0x9D,
    0x9D, 0xE9, 0xA9, 0xD9, 0xA6, 0xD7, 0x97, 0xA6, 0x97, 0x27, 0x36, 0x46, 0x45, 0x41, 0xD4, 0x4E,
    0x44, 0x42, 0x41, 0x49, 0x49, 0x35, 0x26, 0x96, 0xA5, 0x95, 0xD6, 0xA5, 0xD9, 0xA9, 0xE9, 0x9D,
    0x9D, 0xE3, 0xA4, 0xD9, 0xA7, 0xD6, 0x98, 0xAE, 0x9E, 0x9E, 0x2E, 0x2E, 0x2E, 0x27, 0x38, 0x2E,
    0x2C, 0x2D, 0x2D, 0x2B, 0x2D, 0x2C, 0x9B, 0x99, 0xA2, 0x99, 0xD9, 0xA9, 0xD9, 0xA4, 0xE4, 0x9D,
    0xDD, 0x99, 0x55, 0x55, 0x55, 0x52, 0x53, 0x5E, 0x54, 0x51, 0x41, 0x21, 0x41, 0x39, 0x99, 0x99,
    0x99, 0x99, 0x49, 0x42, 0x12, 0x21, 0xA9, 0x52, 0x54, 0x53, 0x52, 0x55, 0x55, 0x55, 0x99, 0xDD,
    0xDD, 0x99, 0x55, 0x55, 0x55, 0x52, 0x53, 0x5E, 0x54, 0x51, 0xA1, 0x91, 0x91, 0x99, 0x99, 0x99,
    0x99, 0x99, 0x99, 0x92, 0x92, 0xA1, 0x59, 0x52, 0x54, 0x53, 0x52, 0x55, 0x55, 0x55, 0x99, 0xDD,
    0xDD, 0x99, 0x55, 0x55, 0x55, 0x55, 0x5B, 0x59, 0x59, 0x59, 0xA9, 0x99, 0x99, 0x99, 0x99, 0x99,
    0x99, 0x99, 0x99, 0x99, 0x99, 0xA9, 0x59, 0x59, 0x59, 0x5B, 0x55, 0x55, 0x55, 0x55, 0x99, 0xDD,
    0xDD, 0x99, 0x55, 0x55, 0x55, 0x55, 0x5B, 0x59, 0x59, 0xA9, 0xF9, 0xF9, 0xF9, 0xF9, 0xD9, 0x29,
    0x29, 0xF9, 0xD9, 0xB9, 0xB9, 0xB9, 0xB9, 0xA9, 0x59, 0x5B, 0x55, 0x55, 0x55, 0x55, 0x99, 0xDD,
    0x99, 0xDD, 0xA1, 0xD1, 0xA1, 0xD1, 0x91, 0x91, 0x91, 0x91, 0x91, 0x91, 0x91, 0x91, 0x21, 0x31,
    0x31, 0x31, 0x21, 0x91, 0x91, 0x91, 0x91, 0x91, 0x91, 0x91, 0xD1, 0xA1, 0xD1, 0xA1, 0xD1, 0x9D,
    0x9D, 0xD9, 0xA5, 0xD9, 0xA5, 0xD6, 0x97, 0x97, 0x97, 0x96, 0x96, 0x95, 0x94, 0x93, 0x12, 0x24,
    0x23, 0x31, 0x11, 0x93, 0x99, 0x99, 0x95, 0x95, 0x96, 0x96, 0xD5, 0xA5, 0xD9, 0xA5, 0xD9, 0x9D,
    0x9D, 0xD9, 0xA5, 0xD9, 0xA5, 0xD6, 0x97, 0x97, 0x97, 0x16, 0x36, 0x35, 0x44, 0x43, 0x42, 0x44,
    0x43, 0x41, 0x41, 0x43, 0x39, 0x39, 0x15, 0x95, 0x96, 0x96, 0xD5, 0xA5, 0xD9, 0xA5, 0xD9, 0x9D,
    0x9D, 0xD2, 0xA4, 0xD3, 0xA5, 0xD7, 0x98, 0x98, 0x9E, 0x98, 0x1E, 0x2E, 0x28, 0x23, 0x27, 0x2E,
    0x2C, 0x2B, 0x2D, 0x2C, 0x2E, 0x1D, 0x99, 0x9B, 0x99, 0x99, 0xD9, 0xA1, 0xD4, 0xA4, 0xD2, 0x9D,
    0xDD, 0x99, 0x55, 0x55, 0x55, 0x55, 0x52, 0x53, 0xA4, 0x23, 0xE1, 0x21, 0x41, 0x39, 0x99, 0x99,
    0x99, 0x99, 0x41, 0x42, 0x12, 0x19, 0x21, 0xA3, 0x53, 0x52, 0x55, 0x55, 0x55, 0x55, 0x99, 0xDD,
    0xDD, 0x99, 0x55, 0x55, 0x55, 0x55, 0x52, 0x53, 0x54, 0xA3, 0x91, 0x91, 0x91, 0x99, 0xB9, 0xB9,
    0xB9, 0xB9, 0x91, 0x92, 0x92, 0x99, 0xA1, 0x53, 0x53, 0x52, 0x55, 0x55, 0x55, 0x55, 0x99, 0xDD,
    0xDD, 0x99, 0x55, 0x55, 0xB5, 0xBB, 0xBA, 0xB9, 0x59, 0xAA, 0x99, 0x91, 0x92, 0x93, 0xB3, 0xB2,
    0xB2, 0xB1, 0x91, 0x91, 0x99, 0x99, 0xAA, 0x59, 0xB9, 0xBA, 0xBB, 0xB5, 0x55, 0x55, 0x99, 0xDD,
    0xDD, 0x99, 0x55, 0x55, 0x55, 0x5B, 0x5A, 0x59, 0xA9, 0xAA, 0xA9, 0xA1, 0xB2, 0xF3, 0xF3, 0xB2,
    0x22, 0xD1, 0xF1, 0xB1, 0xB9, 0xB9, 0xFA, 0xD9, 0xF9, 0x5A, 0x5B, 0x55, 0x55, 0x55, 0x99, 0xDD,
    0x99, 0xBD, 0xA1, 0xD1, 0xA1, 0xD1, 0x91, 0x91, 0x91, 0x91, 0x91, 0x91, 0x91, 0x91, 0x91, 0x91,
    0x91, 0x31, 0x31, 0x21, 0x91, 0x91, 0x91, 0x91, 0x91, 0x91, 0xD1, 0xA1, 0xD1, 0xA1, 0xB1, 0x9D,
    0x9D, 0xB9, 0xA9, 0xD9, 0xA5, 0xD5, 0x96, 0x96, 0x96, 0x96, 0x95, 0x94, 0x93, 0x99, 0x99, 0x99,
    0x99, 0x29, 0x29, 0x11, 0x93, 0x99, 0x99, 0x95, 0x95, 0x95, 0xD5, 0xA5, 0xD9, 0xA9, 0xB9, 0x9D,
    0x9D, 0xB9, 0xA9, 0xD9, 0xA5, 0xD5, 0x96, 0x96, 0x96, 0x96, 0x25, 0x34, 0x33, 0x49, 0x49, 0x49,
    0x49, 0x49, 0x49, 0x31, 0x33, 0x29, 0x99, 0x95, 0x95, 0x95, 0xD5, 0xA5, 0xD9, 0xA9, 0xB9, 0x9D,
    0x9D, 0xB9, 0xA3, 0xD4, 0xA1, 0xD6, 0x97, 0x98, 0x98, 0x98, 0x9E, 0x2E, 0x23, 0x23, 0x23, 0x2E,
    0x2C, 0x2E, 0x2E, 0x2C, 0x2E, 0x9E, 0x9D, 0x9C, 0x9B, 0x99, 0xD9, 0xA3, 0xD4, 0xA3, 0xB9, 0x9D,
    0xDD, 0x99, 0x55, 0x55, 0x55, 0x55, 0x55, 0xA2, 0xA3, 0x33, 0xE1, 0x21, 0x41, 0x31, 0x29, 0x99,
    0x99, 0x29, 0x32, 0x42, 0x21, 0x19, 0x22, 0xA3, 0xA2, 0x55, 0x55, 0x55, 0x55, 0x55, 0x99, 0xDD,
    0xDD, 0x99, 0x55, 0x55, 0xB5, 0xB5, 0xB5, 0xB2, 0xA3, 0x93, 0x91, 0x91, 0x91, 0x91, 0xB9, 0x99,
    0x99, 0xB9, 0x92, 0x92, 0x91, 0x99, 0x92, 0xA3, 0xB2, 0xB5, 0xB5, 0xB5, 0x55, 0x55, 0x99, 0xDD,
    0xDD, 0x99, 0x55, 0xB5, 0xD5, 0xDB, 0xD9, 0xC9, 0xBA, 0x99, 0x91, 0x92, 0x96, 0x96, 0x96, 0x96,
    0x96, 0x95, 0x95, 0x95, 0x91, 0x91, 0x99, 0xBA, 0xC9, 0xD9, 0xDB, 0xD5, 0xB5, 0x55, 0x99, 0xDD,
    0xDD, 0x99, 0x55, 0x55, 0x55, 0x5B, 0x59, 0xA9, 0xAA, 0xA9, 0xB1, 0x22, 0xA6, 0xB6, 0xF6, 0xD6,
    0x26, 0xD5, 0xB5, 0xB5, 0xB1, 0xD1, 0xF9, 0xBA, 0xB9, 0xB9, 0x5B, 0x55, 0x55, 0x55, 0x99, 0xDD,
    0x99, 0x9D, 0x91, 0xC1, 0xA1, 0xC1, 0x91, 0x91, 0x91, 0x91, 0x91, 0x91, 0x91, 0x91, 0x91, 0x91,
    0x91, 0x91, 0x31, 0x21, 0x91, 0x91, 0x91, 0x91, 0x91, 0x91, 0xC1, 0xA1, 0xC1, 0x91, 0x91, 0x9D,
    0x9D, 0x99, 0x99, 0xC9, 0xA9, 0xC5, 0x95, 0x95, 0x95, 0x95, 0x96, 0x92, 0x99, 0x99, 0x99, 0x99,
    0x99, 0x99, 0x29, 0x19, 0x91, 0x95, 0x99, 0x99, 0x95, 0x95, 0xC5, 0xA9, 0xC9, 0x99, 0x99, 0x9D,
    0x9D, 0x99, 0x99, 0xC9, 0xA9, 0xC5, 0x95, 0x95, 0x95, 0x95, 0x96, 0x22, 0x39, 0x39, 0x49, 0x49,
    0x49, 0x49, 0x39, 0x39, 0x21, 0x95, 0x99, 0x99, 0x95, 0x95, 0xC5, 0xA9, 0xC9, 0x99, 0x99, 0x9D,
    0x9D, 0x99, 0x91, 0xC3, 0xA3, 0xC1, 0x96, 0x97, 0x9E, 0x98, 0x97, 0x92, 0x23, 0x2E, 0x24, 0x23,
    0x2C, 0x2D, 0x2E, 0x2C, 0x9E, 0x9E, 0x9D, 0x9B, 0x99, 0x99, 0xC1, 0xA4, 0xC3, 0x91, 0x99, 0x9D,
    0xDD, 0x99, 0x55, 0x55, 0x55, 0x55, 0xAB, 0xA1, 0x92, 0x33, 0xE9, 0x29, 0x31, 0x42, 0x34, 0x3E,
    0x3E, 0x34, 0x42, 0x32, 0x31, 0x11, 0x22, 0x92, 0xA1, 0xAB, 0x55, 0x55, 0x55, 0x55, 0x99, 0xDD,
    0xDD, 0x99, 0x55, 0xB5, 0xD5, 0xD5, 0xDB, 0xC1, 0xB2, 0x93, 0x99, 0x99, 0x91, 0x92, 0x94, 0x9E,
    0x9E, 0x94, 0x92, 0x92, 0x91, 0x91, 0x92, 0xB2, 0xC1, 0xDB, 0xD5, 0xD5, 0xB5, 0x55, 0x99, 0xDD,
    0xDD, 0x99, 0x55, 0xB5, 0x45, 0x1A, 0x19, 0xD9, 0xC9, 0xB1, 0x92, 0x96, 0x97, 0xB7, 0xB7, 0xB6,
    0xB6, 0xB6, 0xB5, 0x95, 0x95, 0x91, 0xB1, 0xC9, 0xD9, 0x19, 0x1B, 0x25, 0xB5, 0x55, 0x99, 0xDD,
    0xDD, 0x99, 0x55, 0x55, 0x55, 0x5A, 0xA9, 0xA9, 0xA9, 0xB1, 0x22, 0xF6, 0xF7, 0xA7, 0xB7, 0xF6,
    0x26, 0xF6, 0xB5, 0xB5, 0xD5, 0xF1, 0xB1, 0xA9, 0xA9, 0xA9, 0xBB, 0x55, 0x55, 0x55, 0x99, 0xDD,
    0x99, 0xCD, 0xA1, 0xC1, 0xA4, 0xC4, 0x94, 0x94, 0x91, 0x94, 0x91, 0x91, 0x44, 0x31, 0x94, 0x94,
    0x94, 0x94, 0x31, 0x24, 0x91, 0x91, 0x91, 0x94, 0x91, 0x94, 0xC1, 0xA1, 0xC1, 0xA4, 0xC1, 0x9D,
    0x9D, 0xC9, 0xA9, 0xC5, 0xA9, 0xC9, 0x99, 0x95, 0x95, 0x96, 0x99, 0x99, 0x39, 0x29, 0x9E, 0x9E,
    0x94, 0x94, 0x29, 0x19, 0x99, 0x99, 0x95, 0x99, 0x99, 0x99, 0xC9, 0xA9, 0xC5, 0xA9, 0xC9, 0x9D,
    0x9D, 0xC9, 0xA9, 0xC5, 0xA9, 0xC9, 0x99, 0x95, 0x95, 0x96, 0x99, 0x99, 0x29, 0x39, 0x3E, 0x4E,
    0x44, 0x34, 0x39, 0x29, 0x99, 0x99, 0x95, 0x99, 0x99, 0x99, 0xC9, 0xA9, 0xC5, 0xA9, 0xC9, 0x9D,
    0x9D, 0xC9, 0xA9, 0xC1, 0xA3, 0xC3, 0x91, 0x98, 0x9E, 0x9E, 0x98, 0x97, 0x92, 0x24, 0x2E, 0x23,
    0x2C, 0x22, 0x22, 0x9D, 0x9C, 0x9E, 0x9C, 0x9C, 0x9B, 0x9A, 0xC3, 0xA3, 0xC1, 0xA9, 0xC9, 0x9D,
    0xDD, 0x99, 0x55, 0x55, 0x55, 0xAB, 0xAA, 0x99, 0x91, 0x29, 0x41, 0xE1, 0xE2, 0x43, 0x2E, 0xEE,
    0xEE, 0x2E, 0x44, 0xE1, 0xE9, 0x29, 0x29, 0x91, 0x99, 0xAA, 0xAB, 0x55, 0x55, 0x55, 0x99, 0xDD,
    0xDD, 0x99, 0x55, 0xB5, 0x45, 0x1B, 0x1A, 0xD9, 0xC1, 0xB9, 0x91, 0x91, 0x92, 0xB3, 0xBE, 0xBE,
    0xBE, 0xBE, 0xB4, 0x91, 0x99, 0x99, 0xB9, 0xC1, 0xD9, 0x1A, 0x1B, 0x25, 0xB5, 0x55, 0x99, 0xDD,
    0xDD, 0x99, 0x55, 0x15, 0x4A, 0x3A, 0x29, 0x19, 0xD9, 0xC1, 0xB2, 0xB6, 0xC6, 0xD6, 0xD6, 0xD6,
    0xD6, 0xC6, 0xC5, 0xC5, 0xB5, 0xB1, 0xC1, 0xD9, 0x19, 0x19, 0x2A, 0x2A, 0x15, 0x55, 0x99, 0xDD,
    0xDD, 0x99, 0x55, 0x55, 0x5A, 0xAA, 0xA9, 0x99, 0xB9, 0x91, 0xF2, 0xF6, 0xF6, 0xF6, 0xA6, 0xB6,
    0xD6, 0xB6, 0xB5, 0xF5, 0xF5, 0xB1, 0xA1, 0xA9, 0x29, 0xB9, 0xAA, 0x5A, 0x55, 0x55, 0x99, 0xDD,
    0x99, 0xDD, 0xA1, 0xC1, 0xA4, 0xC4, 0x94, 0x94, 0x91, 0x94, 0x94, 0x91, 0x24, 0x31, 0x34, 0x94,
    0x94, 0x44, 0x31, 0x24, 0x94, 0x91, 0x94, 0x94, 0x91, 0x94, 0xC4, 0xA1, 0xC4, 0xA4, 0xD1, 0x9D,
    0x9D, 0xD9, 0xA5, 0xC7, 0xA5, 0xC9, 0x99, 0x94, 0x95, 0x99, 0x99, 0x99, 0x19, 0x2E, 0x29, 0x99,
    0x99, 0x39, 0x23, 0x19, 0x99, 0x99, 0x99, 0x99, 0x92, 0x99, 0xC9, 0xA5, 0xC5, 0xA5, 0xD9, 0x9D,
    0x9D, 0xD9, 0xA5, 0xC7, 0xA5, 0xC9, 0x99, 0x94, 0x95, 0x99, 0x99, 0x99, 0x99, 0x2E, 0x39, 0x39,
    0x39, 0x39, 0x23, 0x99, 0x99, 0x99, 0x99, 0x99, 0x92, 0x99, 0xC9, 0xA5, 0xC5, 0xA5, 0xD9, 0x9D,
    0x9D, 0xD9, 0xA9, 0xC2, 0xA1, 0xC3, 0x91, 0x9E, 0x9E, 0x9E, 0x9E, 0x98, 0x92, 0x93, 0x24, 0x23,
    0x22, 0x2C, 0x9E, 0x9D, 0x9C, 0x9C, 0x9E, 0x9E, 0x9C, 0x9A, 0xC3, 0xA1, 0xC2, 0xA9, 0xD9, 0x9D,
    0xDD, 0x99, 0x55, 0xA5, 0xB5, 0xAB, 0x99, 0x99, 0x99, 0x32, 0xE2, 0x32, 0x11, 0x12, 0x14, 0x4E,
    0x4E, 0x14, 0x32, 0x49, 0xE1, 0x42, 0x21, 0x99, 0x99, 0x99, 0xAB, 0xB5, 0xA5, 0x55, 0x99, 0xDD,
    0xDD, 0x99, 0xA5, 0x15, 0x45, 0x3B, 0x29, 0x19, 0xD9, 0xC2, 0xB2, 0xB2, 0xC1, 0xD2, 0xD4, 0xDE,
    0xDE, 0xC4, 0xC2, 0xC9, 0xB1, 0xB2, 0xC1, 0xD9, 0x19, 0x19, 0x2B, 0x25, 0x15, 0xA5, 0x99, 0xDD,
    0xDD, 0x99, 0xA5, 0x1A, 0x4A, 0x19, 0x3F, 0x2D, 0x1D, 0xD1, 0xC2, 0xC1, 0xD2, 0xD3, 0xE3, 0xE3,
    0xD2, 0xD2, 0xC2, 0xC2, 0xC1, 0xC1, 0xD1, 0x1D, 0x1D, 0x2F, 0x19, 0x2A, 0x1A, 0xA5, 0x99, 0xDD,
    0xDD, 0x99, 0x55, 0x5A, 0xBA, 0xA9, 0x9F, 0x9D, 0xBD, 0xF1, 0xF2, 0x21, 0x22, 0xF3, 0xA3, 0xA3,
    0xD2, 0xF2, 0xD2, 0xF2, 0xB1, 0xA1, 0xA1, 0xFD, 0x2D, 0x2F, 0xB9, 0xAA, 0x5A, 0x55, 0x99, 0xDD,
    0x99, 0xBD, 0xA1, 0xB1, 0xA4, 0xB1, 0x91, 0x91, 0x91, 0x94, 0x94, 0x94, 0x94, 0x21, 0x34, 0x31,
    0x31, 0x31, 0x21, 0x94, 0x94, 0x94, 0x94, 0x94, 0x91, 0x94, 0xB4, 0xA4, 0xB4, 0xA4, 0xB1, 0x9D,
    0x9D, 0xB9, 0xA9, 0xB5, 0xA9, 0xB9, 0x99, 0x99, 0x99, 0x93, 0x99, 0x99, 0x94, 0x19, 0x29, 0x29,
    0x29, 0x29, 0x19, 0x93, 0x99, 0x99, 0x92, 0x99, 0x99, 0x99, 0xB9, 0xA9, 0xB5, 0xA9, 0xB9, 0x9D,
    0x9D, 0xB9, 0xA9, 0xB5, 0xA9, 0xB9, 0x99, 0x99, 0x99, 0x93, 0x99, 0x99, 0x94, 0x99, 0x29, 0x39,
    0x39, 0x29, 0x99, 0x93, 0x99, 0x99, 0x92, 0x99, 0x99, 0x99, 0xB9, 0xA9, 0xB5, 0xA9, 0xB9, 0x9D,
    0x9D, 0xB9, 0xA9, 0xB1, 0xA2, 0xB1, 0x91, 0x96, 0x96, 0x9E, 0x9E, 0x9E, 0x9E, 0x92, 0x93, 0x23,
    0x2B, 0x92, 0x92, 0x9D, 0x9D, 0x9E, 0x92, 0x92, 0x9E, 0x9B, 0xB1, 0xA2, 0xB1, 0xA9, 0xB9, 0x9D,
    0xDD, 0x99, 0xB5, 0xB5, 0xA5, 0x9A, 0x99, 0x99, 0x22, 0x42, 0x32, 0x12, 0xD2, 0xD1, 0x14, 0x2E,
    0x2E, 0x13, 0x19, 0x21, 0x32, 0xE1, 0x41, 0x21, 0x99, 0x99, 0x9A, 0xA5, 0xB5, 0xB5, 0x99, 0xDD,
    0xDD, 0x99, 0x95, 0x15, 0x45, 0x1A, 0x39, 0x29, 0x12, 0xD2, 0xC2, 0xC2, 0xD2, 0xD1, 0xE4, 0xEE,
    0xDE, 0xD3, 0xC9, 0xC1, 0xC2, 0xC1, 0xD1, 0x11, 0x19, 0x29, 0x1A, 0x25, 0x15, 0x95, 0x99, 0xDD,
    0xDD, 0x99, 0x9B, 0x9B, 0x39, 0x3F, 0x1F, 0x19, 0x1F, 0xDF, 0xC9, 0xC2, 0xC1, 0xC1, 0xC1, 0xD1,
    0xD1, 0xC1, 0xC1, 0xC1, 0xC2, 0xC1, 0xDF, 0x1F, 0x19, 0x1F, 0x2F, 0x29, 0x9B, 0x9B, 0x99, 0xDD,
    0xDD, 0x99, 0xBB, 0xBB, 0xA9, 0x9F, 0x9F, 0x99, 0xBF, 0x2F, 0xF9, 0xF2, 0x21, 0x21, 0xA1, 0xA1,
    0xF1, 0xF1, 0xF1, 0xB1, 0xA2, 0xA1, 0xFF, 0xFF, 0xF9, 0x2F, 0x2F, 0xB9, 0xAB, 0xAB, 0x99, 0xDD,
    0x99, 0x9D, 0x91, 0xB1, 0xA4, 0xB4, 0x94, 0xA1, 0x91, 0x94, 0x94, 0x94, 0x94, 0x91, 0x24, 0x24,
    0x24, 0x21, 0x91, 0x94, 0x94, 0x94, 0x94, 0x94, 0xA1, 0x91, 0xB4, 0xA4, 0xB4, 0x91, 0x91, 0x9D,
    0x9D, 0x99, 0x99, 0xB5, 0xA9, 0xB9, 0x99, 0xA9, 0x99, 0x99, 0x93, 0x93, 0x99, 0x99, 0x1B, 0x19,
    0x19, 0x1B, 0x99, 0x99, 0x92, 0x92, 0x99, 0x99, 0xA9, 0x99, 0xB9, 0xA9, 0xB5, 0x99, 0x99, 0x9D,
    0x9D, 0x99, 0x99, 0xB5, 0xA9, 0xB9, 0x99, 0xA9, 0x99, 0x99, 0x93, 0x93, 0x99, 0x99, 0x9B, 0x29,
    0x29, 0x9B, 0x99, 0x99, 0x92, 0x92, 0x99, 0x99, 0xA9, 0x99, 0xB9, 0xA9, 0xB5, 0x99, 0x99, 0x9D,
    0x9D, 0x99, 0x99, 0xB9, 0xA3, 0xB2, 0x93, 0xA5, 0x97, 0x91, 0x91, 0x91, 0x9E, 0x9E, 0x92, 0x93,
    0x92, 0x9C, 0x9D, 0x9E, 0x9E, 0x9E, 0x92, 0x92, 0xAE, 0x9B, 0xB3, 0xA3, 0xB9, 0x99, 0x99, 0x9D,
    0xDD, 0x99, 0xA5, 0xA5, 0x95, 0x9A, 0x99, 0x99, 0x22, 0x31, 0x19, 0xE1, 0xA2, 0xE2, 0x14, 0xEE,
    0xEE, 0x13, 0xC1, 0xA2, 0x11, 0x39, 0x41, 0x21, 0x99, 0x99, 0x9A, 0x95, 0xA5, 0xA5, 0x99, 0xDD,
    0xDD, 0x99, 0x95, 0x95, 0x35, 0x3A, 0x19, 0x19, 0x12, 0xD1, 0xC9, 0xC1, 0xC2, 0xC2, 0xC4, 0xDE,
    0xDE, 0xC3, 0xC1, 0xC2, 0xC1, 0xC9, 0xD1, 0x11, 0x19, 0x19, 0x2A, 0x25, 0x95, 0x95, 0x99, 0xDD,
    0xDD, 0x99, 0x9B, 0x9A, 0x19, 0x3F, 0x1A, 0xCC, 0xC9, 0xCF, 0xCF, 0xD9, 0xE9, 0xE9, 0xE9, 0xC9,
    0xC9, 0xE9, 0xD9, 0xD9, 0xC9, 0xCF, 0xCF, 0xC9, 0xCC, 0x1A, 0x2F, 0x19, 0x9A, 0x9B, 0x99, 0xDD,
    0xDD, 0x99, 0xAB, 0xAA, 0x99, 0x9F, 0x9A, 0x9C, 0xB9, 0x2F, 0x2F, 0xF9, 0xF9, 0xB9, 0xA9, 0xB9,
    0xF9, 0xF9, 0xB9, 0xB9, 0xA9, 0xAF, 0x2F, 0xF9, 0xFC, 0xFA, 0x2F, 0xB9, 0xAA, 0xAB, 0x99, 0xDD,
    0x09, 0x0D, 0x91, 0xB1, 0xA4, 0xB4, 0x94, 0xA1, 0xA1, 0x94, 0x91, 0x94, 0x94, 0x91, 0x94, 0x94,
    0x94, 0x91, 0x91, 0x94, 0x91, 0x94, 0x91, 0xA4, 0xA1, 0x91, 0xB1, 0xA4, 0xB1, 0x91, 0x01, 0x0D,
    0x0D, 0x09, 0x99, 0xB5, 0xA9, 0xB9, 0x99, 0xA1, 0xA9, 0x99, 0x99, 0x99, 0x99, 0x95, 0x9B, 0x99,
    0x99, 0x9B, 0x95, 0x99, 0x99, 0x99, 0x99, 0xA9, 0xA1, 0x99, 0xB9, 0xA9, 0xB5, 0x99, 0x09, 0x0D,
    0x0D, 0x09, 0x99, 0xB5, 0xA9, 0xB9, 0x99, 0xA1, 0xA9, 0x99, 0x99, 0x99, 0x99, 0x95, 0x9B, 0x99,
    0x99, 0x9B, 0x95, 0x99, 0x99, 0x99, 0x99, 0xA9, 0xA1, 0x99, 0xB9, 0xA9, 0xB5, 0x99, 0x09, 0x0D,
    0x0D, 0x09, 0x99, 0xB9, 0xA3, 0xB2, 0x93, 0xA5, 0xA5, 0x91, 0x93, 0x94, 0x92, 0x9E, 0x93, 0x93,
    0x9B, 0x9C, 0x9E, 0x92, 0x93, 0x92, 0x9E, 0xAD, 0xAC, 0x9B, 0xB2, 0xA3, 0xB9, 0x99, 0x09, 0x0D,
    0xDD, 0x99, 0x95, 0x9A, 0x9B, 0x9A, 0x99, 0x29, 0x21, 0x29, 0x12, 0xD9, 0xA1, 0x12, 0x24, 0x2E,
    0x2E, 0x23, 0x12, 0xA1, 0xD9, 0x11, 0x29, 0x21, 0x29, 0x99, 0x9A, 0x9B, 0x9A, 0x95, 0x99, 0xDD,
    0xDD, 0x99, 0x95, 0x9A, 0x1B, 0x3A, 0x19, 0xC9, 0xC1, 0xC9, 0xC2, 0xD9, 0xE1, 0xE2, 0xE4, 0xCE,
    0xCE, 0xE3, 0xD2, 0xD1, 0xC9, 0xC1, 0xC9, 0xC1, 0xC9, 0x19, 0x2A, 0x1B, 0x9A, 0x95, 0x99, 0xDD,
    0xDD, 0x99, 0x99, 0x99, 0x99, 0x1A, 0xCC, 0xC7, 0xBC, 0xB9, 0xBF, 0xBF, 0xBA, 0xDF, 0xEF, 0xEA,
    0xEA, 0xDF, 0xCF, 0xBA, 0xBF, 0xBF, 0xB9, 0xBC, 0xB7, 0xCC, 0x1A, 0x99, 0x9A, 0x9B, 0x99, 0xDD,
    0xDD, 0x99, 0x99, 0x99, 0x99, 0x9A, 0x9C, 0x97, 0xBC, 0xF9, 0x2F, 0xFF, 0xBA, 0xAF, 0xFF, 0xBA,
    0xFA, 0xFF, 0xBF, 0xBA, 0xAF, 0xAF, 0x29, 0x2C, 0x27, 0x2C, 0x9A, 0xB9, 0x9A, 0x9B, 0x99, 0xDD,
    0x09, 0x0D, 0x91, 0x91, 0x94, 0xB1, 0x91, 0xA1, 0xA1, 0xA4, 0xA1, 0x21, 0x24, 0x31, 0x34, 0x41,
    0x41, 0x31, 0x31, 0x24, 0x21, 0xA1, 0xA1, 0xA4, 0xA1, 0x91, 0xB1, 0x94, 0x91, 0x91, 0x01, 0x0D,
    0x0D, 0x09, 0x95, 0x95, 0x95, 0xB9, 0x99, 0xA1, 0xA9, 0xAC, 0xA6, 0xA6, 0xA6, 0x16, 0x1C, 0x19,
    0x19, 0x1C, 0x16, 0xA6, 0xA6, 0xA6, 0xAC, 0xA9, 0xA1, 0x99, 0xB9, 0x95, 0x95, 0x95, 0x09, 0x0D,
    0x0D, 0x09, 0x95, 0x95, 0x95, 0xB9, 0x99, 0xA1, 0xA9, 0xAC, 0xA6, 0x26, 0x26, 0x36, 0x3C, 0x49,
    0x49, 0x3C, 0x36, 0x26, 0x26, 0xA6, 0xAC, 0xA9, 0xA1, 0x99, 0xB9, 0x95, 0x95, 0x95, 0x09, 0x0D,
    0x0D, 0x01, 0x99, 0x91, 0x94, 0xB4, 0x91, 0xA7, 0xA6, 0xA1, 0xA1, 0xA1, 0xA4, 0x12, 0x12, 0x14,
    0x1C, 0x1E, 0x12, 0xA3, 0xA4, 0xA3, 0xA2, 0xAE, 0xAC, 0x9B, 0xB4, 0x94, 0x99, 0x99, 0x01, 0x0D,
    0xDD, 0x99, 0x9B, 0x9B, 0x9A, 0x99, 0x29, 0x39, 0x49, 0x19, 0x29, 0x1C, 0x19, 0x21, 0x34, 0x4E,
    0x4E, 0x33, 0x21, 0x19, 0x1B, 0x29, 0x19, 0x49, 0x39, 0x29, 0x99, 0x9A, 0x9B, 0x9B, 0x99, 0xDD,
    0xDD, 0x99, 0x9B, 0x9B, 0x9A, 0x19, 0xC9, 0xC9, 0xB9, 0xB9, 0xB9, 0xBC, 0xB9, 0xD1, 0xE4, 0xEE,
    0xEE, 0xD3, 0xC1, 0xB9, 0xBB, 0xB9, 0xB9, 0xB9, 0xB9, 0xC9, 0x19, 0x9A, 0x9B, 0x9B, 0x99, 0xDD,
    0xDD, 0x99, 0x99, 0x99, 0x99, 0x9A, 0xCD, 0xB5, 0xB5, 0xB9, 0xB9, 0xBF, 0xBF, 0xBF, 0xDF, 0xEF,
    0xDF, 0xCF, 0xBF, 0xBF, 0xAF, 0xA9, 0xA9, 0xA5, 0xA5, 0xBD, 0x9A, 0x99, 0x99, 0x99, 0x99, 0xDD,
    0xDD, 0x99, 0x99, 0x99, 0x99, 0x9A, 0x9D, 0xB5, 0xA5, 0xB9, 0x29, 0xBF, 0xAF, 0xFF, 0x9F, 0xBF,
    0xDF, 0xFF, 0xBF, 0xBF, 0xAF, 0xA9, 0xF9, 0xF5, 0xF5, 0x2D, 0x2A, 0xB9, 0x99, 0x99, 0x99, 0xDD,
    0x09, 0x0D, 0x01, 0x01, 0x94, 0x94, 0x94, 0x94, 0x91, 0x94, 0x91, 0x91, 0x94, 0x91, 0x94, 0x94,
    0x94, 0x94, 0x91, 0x94, 0x91, 0x91, 0x91, 0x94, 0x91, 0x91, 0x91, 0x94, 0x01, 0x01, 0x01, 0x0D,
    0x0D, 0x09, 0x09, 0x09, 0x99, 0x99, 0x99, 0x91, 0x99, 0x9B, 0x9D, 0x96, 0x96, 0x9D, 0x92, 0x93,
    0x93, 0x91, 0x9D, 0x96, 0x96, 0x9D, 0x9B, 0x99, 0x91, 0x99, 0x99, 0x99, 0x09, 0x09, 0x09, 0x0D,
    0x0D, 0x09, 0x09, 0x09, 0x99, 0x99, 0x99, 0x91, 0x99, 0x9B, 0x9D, 0x96, 0x96, 0x9D, 0x92, 0x93,
    0x93, 0x91, 0x9D, 0x96, 0x96, 0x9D, 0x9B, 0x99, 0x91, 0x99, 0x99, 0x99, 0x09, 0x09, 0x09, 0x0D,
    0x0D, 0x02, 0x01, 0x01, 0x93, 0x92, 0x96, 0x97, 0x92, 0x92, 0x91, 0x98, 0x91, 0x94, 0x91, 0x92,
    0x9C, 0x9E, 0x93, 0x94, 0x9E, 0x94, 0x93, 0x9E, 0x9D, 0x9B, 0x92, 0x93, 0x09, 0x01, 0x02, 0x0D,
    0xDD, 0x99, 0x9B, 0x9A, 0x99, 0x99, 0x39, 0x49, 0xE1, 0xE9, 0x4D, 0x41, 0x29, 0x31, 0x44, 0xEE,
    0xE4, 0x43, 0x31, 0x29, 0x31, 0x4C, 0x49, 0xE1, 0x49, 0x39, 0x99, 0x99, 0x9A, 0x9B, 0x99, 0xDD,
    0xDD, 0x99, 0xBB, 0x9A, 0x99, 0x99, 0xC9, 0xB9, 0xB1, 0xB9, 0xBD, 0xB1, 0xB9, 0xB1, 0xD4, 0xEE,
    0xD4, 0xC3, 0xB1, 0xB9, 0xA1, 0xAC, 0xA9, 0xA1, 0xA9, 0xB9, 0x99, 0x99, 0x9A, 0xBB, 0x99, 0xDD,
    0xDD, 0x99, 0xB9, 0x99, 0x99, 0xCA, 0xBC, 0xB6, 0xC6, 0xD9, 0xDA, 0xCF, 0xAF, 0xBF, 0xBF, 0xEF,
    0xDF, 0xBF, 0xAF, 0xAF, 0xCF, 0xDA, 0xD9, 0xC6, 0xB6, 0xAC, 0xBA, 0x99, 0x99, 0xB9, 0x99, 0xDD,
    0xDD, 0x99, 0xB9, 0x99, 0x99, 0x9A, 0xBC, 0xF6, 0xF6, 0xA9, 0xAA, 0xAF, 0xFF, 0x9F, 0x9D, 0xDF,
    0xDF, 0xFF, 0xFF, 0x9F, 0xBF, 0xAA, 0xA9, 0xF6, 0x26, 0x2C, 0xBA, 0x99, 0x99, 0xB9, 0x99, 0xDD,
    0x09, 0x0D, 0x01, 0x01, 0x04, 0x04, 0x04, 0x04, 0x01, 0x04, 0x01, 0x01, 0x04, 0x01, 0x04, 0x04,
    0x04, 0x04, 0x01, 0x04, 0x01, 0x01, 0x01, 0x04, 0x01, 0x01, 0x01, 0x04, 0x01, 0x01, 0x01, 0x0D,
    0x0D, 0x09, 0x09, 0x09, 0x09, 0x09, 0x01, 0x01, 0x09, 0x09, 0x0B, 0x0D, 0x0D, 0x02, 0x04, 0x04,
    0x03, 0x03, 0x01, 0x0D, 0x0D, 0x0B, 0x09, 0x09, 0x01, 0x01, 0x09, 0x09, 0x09, 0x09, 0x09, 0x0D,
    0x0D, 0x09, 0x09, 0x09, 0x09, 0x09, 0x01, 0x01, 0x09, 0x09, 0x0B, 0x0D, 0x0D, 0x02, 0x02, 0x09,
    0x09, 0x02, 0x01, 0x0D, 0x0D, 0x0B, 0x09, 0x09, 0x01, 0x01, 0x09, 0x09, 0x09, 0x09, 0x09, 0x0D,
    0x0D, 0x02, 0x01, 0x09, 0x01, 0x01, 0x08, 0x02, 0x03, 0x02, 0x01, 0x08, 0x0E, 0x01, 0x01, 0x02,
    0x0B, 0x0D, 0x02, 0x03, 0x04, 0x03, 0x02, 0x0D, 0x0C, 0x0B, 0x02, 0x0A, 0x09, 0x01, 0x02, 0x0D,
    0xDD, 0x99, 0x99, 0x99, 0xC9, 0x29, 0x49, 0x41, 0x41, 0xE9, 0xEC, 0x21, 0x39, 0x41, 0xE4, 0xE4,
    0xE4, 0xE3, 0x41, 0x39, 0x21, 0x3C, 0x49, 0x41, 0x41, 0x49, 0x29, 0xC9, 0x99, 0x99, 0x99, 0xDD,
    0xDD, 0x99, 0xB9, 0xB9, 0x99, 0xC9, 0xB9, 0xB1, 0xC1, 0xD9, 0xDC, 0xC1, 0xA9, 0xB1, 0xB4, 0xE4,
    0xD4, 0xB3, 0xA1, 0xA9, 0xC1, 0xDC, 0xD9, 0xC1, 0xB1, 0xA9, 0xB9, 0x99, 0xB9, 0xB9, 0x99, 0xDD,
    0xDD, 0x99, 0xB9, 0xB9, 0x9F, 0xCF, 0xBA, 0xCA, 0x19, 0x1A, 0x1F, 0xCF, 0xCF, 0xAF, 0xBD, 0xEF,
    0xDF, 0xAF, 0xAF, 0xCF, 0xCF, 0x1F, 0x1A, 0x19, 0xC9, 0xBA, 0xAF, 0x9B, 0xB9, 0xB9, 0x99, 0xDD,
    0xDD, 0x99, 0xB9, 0xB9, 0x9F, 0x9F, 0xFA, 0xFA, 0xF9, 0xDA, 0xFF, 0xFF, 0xFF, 0xDD, 0xFD, 0xFF,
    0xFF, 0xFF, 0xFD, 0x9F, 0x9F, 0xBF, 0xAA, 0xA9, 0x29, 0xBA, 0xAF, 0x9B, 0xB9, 0xB9, 0x99, 0xDD,
    0x09, 0x0D, 0x01, 0x01, 0x01, 0x01, 0x01, 0x01, 0x01, 0x01, 0x01, 0x01, 0x01, 0x01, 0x01, 0x01,
    0x01, 0x01, 0x01, 0x01, 0x01, 0x01, 0x01, 0x01, 0x01, 0x01, 0x01, 0x01, 0x01, 0x01, 0x01, 0x0D,
    0x0D, 0x09, 0x09, 0x09, 0x09, 0x09, 0x01, 0x09, 0x01, 0x02, 0x09, 0x09, 0x01, 0x04, 0x01, 0x09,
    0x09, 0x01, 0x03, 0x01, 0x09, 0x09, 0x02, 0x09, 0x09, 0x01, 0x09, 0x09, 0x09, 0x09, 0x09, 0x0D,
    0x0D, 0x09, 0x09, 0x09, 0x09, 0x09, 0x01, 0x09, 0x01, 0x02, 0x09, 0x09, 0x01, 0x01, 0x09, 0x0B,
    0x0B, 0x09, 0x01, 0x01, 0x09, 0x09, 0x02, 0x09, 0x09, 0x01, 0x09, 0x09, 0x09, 0x09, 0x09, 0x0D,
    0x0D, 0x01, 0x09, 0x06, 0x06, 0x07, 0x08, 0x02, 0x03, 0x04, 0x03, 0x01, 0x01, 0x01, 0x02, 0x04,
    0x03, 0x01, 0x0D, 0x02, 0x03, 0x02, 0x0D, 0x0C, 0x0B, 0x0A, 0x09, 0x01, 0x09, 0x09, 0x02, 0x0D,
    0xDD, 0x99, 0x99, 0xCA, 0x9A, 0x39, 0x49, 0x43, 0x42, 0x41, 0x2A, 0x3B, 0x41, 0x22, 0x34, 0xEE,
    0xE4, 0x33, 0x22, 0x41, 0x3B, 0x2A, 0x31, 0x31, 0x42, 0x49, 0x39, 0x9A, 0xCA, 0x99, 0x99, 0xDD,
    0xDD, 0x99, 0x99, 0xBA, 0x9A, 0xC9, 0xB9, 0xC3, 0x12, 0x11, 0x1A, 0xCB, 0xC1, 0xA2, 0xBE, 0xEE,
    0xDE, 0xA4, 0xA2, 0xC1, 0xCB, 0x1A, 0x11, 0x11, 0xC2, 0xB9, 0xA9, 0x9A, 0xBA, 0x99, 0x99, 0xDD,
    0xDD, 0x99, 0x99, 0xBF, 0x9F, 0xBF, 0xCD, 0x1D, 0x2F, 0xEF, 0x2F, 0x1F, 0xCF, 0xCD, 0xAD, 0xEF,
    0xDF, 0xAD, 0xCF, 0xCF, 0x1F, 0xEF, 0x2F, 0x1F, 0x1D, 0xCF, 0xAF, 0x9F, 0xBB, 0x99, 0x99, 0xDD,
    0xDD, 0x99, 0x99, 0xBF, 0x9F, 0xBF, 0xFD, 0xFD, 0xFF, 0xFF, 0xDF, 0xDF, 0xDF, 0xF9, 0xB9, 0xAF,
    0xAF, 0xA9, 0xF9, 0xFF, 0xFF, 0xBF, 0xBF, 0xAF, 0xAD, 0xAF, 0xBF, 0x9F, 0xBB, 0x99, 0x99, 0xDD,
    0x09, 0x0D, 0x01, 0x01, 0x01, 0x01, 0x01, 0x01, 0x01, 0x01, 0x01, 0x01, 0x01, 0x01, 0x01, 0x01,
    0x01, 0x01, 0x01, 0x01, 0x01, 0x01, 0x01, 0x01, 0x01, 0x01, 0x01, 0x01, 0x01, 0x01, 0x01, 0x0D,
    0x0D, 0x09, 0x09, 0x09, 0x09, 0x01, 0x01, 0x09, 0x02, 0x04, 0x02, 0x01, 0x04, 0x01, 0x09, 0x0B,
    0x0B, 0x09, 0x01, 0x03, 0x01, 0x02, 0x04, 0x02, 0x09, 0x01, 0x01, 0x09, 0x09, 0x09, 0x09, 0x0D,
    0x0D, 0x09, 0x09, 0x09, 0x09, 0x01, 0x01, 0x09, 0x02, 0x04, 0x02, 0x01, 0x04, 0x01, 0x09, 0x09,
    0x09, 0x09, 0x01, 0x03, 0x01, 0x02, 0x04, 0x02, 0x09, 0x01, 0x01, 0x09, 0x09, 0x09, 0x09, 0x0D,
    0x0D, 0x09, 0x06, 0x07, 0x08, 0x0E, 0x0E, 0x08, 0x02, 0x03, 0x03, 0x03, 0x02, 0x0E, 0x03, 0x0E,
    0x0E, 0x03, 0x01, 0x0D, 0x0E, 0x0D, 0x0C, 0x0B, 0x0C, 0x0A, 0x01, 0x03, 0x09, 0x09, 0x01, 0x0D,
    0xDD, 0x99, 0xCA, 0x9A, 0x29, 0x39, 0x42, 0x44, 0x43, 0x33, 0x22, 0x42, 0x43, 0x34, 0x1E, 0xEE,
    0xEE, 0x13, 0x33, 0x42, 0x42, 0x32, 0x22, 0x33, 0x43, 0x32, 0x39, 0x29, 0x9A, 0xCA, 0x99, 0xDD,
    0xDD, 0x99, 0xBA, 0xBA, 0x99, 0xB9, 0xC2, 0x14, 0x23, 0xE3, 0x22, 0x12, 0xC4, 0xC4, 0xA4, 0xEE,
    0xD4, 0xA4, 0xC3, 0xC2, 0x12, 0xE2, 0x22, 0x13, 0x13, 0xC2, 0xA9, 0x99, 0xBA, 0xBA, 0x99, 0xDD,
    0xDD, 0x99, 0xBF, 0xBF, 0x9F, 0xBF, 0xDF, 0x1F, 0x3F, 0x9F, 0x2F, 0x3F, 0x1F, 0xD9, 0xB9, 0xEF,
    0xDF, 0xA9, 0xD9, 0x1F, 0x2F, 0x2F, 0x9F, 0x2F, 0x1F, 0xDF, 0xAF, 0x9F, 0xBB, 0xBB, 0x99, 0xDD,
    0xDD, 0x99, 0xBF, 0xBF, 0x9F, 0xBF, 0xFF, 0xBF, 0xAF, 0xAF, 0xAF, 0xAF, 0xAF, 0xAF, 0xA9, 0xFF,
    0xFF, 0xB9, 0xAF, 0xAF, 0xFF, 0xFF, 0xFF, 0xBF, 0xBF, 0xBF, 0xBF, 0x9F, 0xBB, 0xBB, 0x99, 0xDD,
    0x09, 0x0D, 0x01, 0x01, 0x01, 0x04, 0x04, 0x04, 0x01, 0x01, 0x01, 0x04, 0x04, 0x04, 0x04, 0x04,
    0x01, 0x04, 0x04, 0x04, 0x04, 0x04, 0x01, 0x04, 0x04, 0x04, 0x04, 0x04, 0x01, 0x01, 0x01, 0x0D,
    0x0D, 0x09, 0x09, 0x09, 0x09, 0x01, 0x01, 0x09, 0x03, 0x04, 0x01, 0x03, 0x04, 0x01, 0x09, 0x09,
    0x09, 0x09, 0x01, 0x03, 0x03, 0x01, 0x04, 0x03, 0x09, 0x01, 0x01, 0x09, 0x09, 0x09, 0x09, 0x0D,
    0x0D, 0x09, 0x09, 0x09, 0x09, 0x01, 0x01, 0x09, 0x03, 0x04, 0x01, 0x03, 0x04, 0x04, 0x03, 0x09,
    0x09, 0x03, 0x03, 0x03, 0x03, 0x01, 0x04, 0x03, 0x09, 0x01, 0x01, 0x09, 0x09, 0x09, 0x09, 0x0D,
    0x0D, 0x09, 0x06, 0x08, 0x0E, 0x0E, 0x08, 0x02, 0x03, 0x02, 0x04, 0x04, 0x02, 0x04, 0x04, 0x0E,
    0x0E, 0x04, 0x03, 0x01, 0x01, 0x01, 0x01, 0x0A, 0x0B, 0x03, 0x03, 0x02, 0x09, 0x09, 0x09, 0x0D,
    0xDD, 0x99, 0xCA, 0x99, 0x29, 0x39, 0x32, 0x44, 0x34, 0x2E, 0x3E, 0x44, 0x44, 0x33, 0x13, 0x4E,
    0x44, 0x13, 0x33, 0x43, 0x43, 0x34, 0x24, 0x24, 0x33, 0x32, 0x39, 0x29, 0x99, 0xCA, 0x99, 0xDD,
    0xDD, 0x99, 0x9A, 0x99, 0x99, 0xB9, 0xD2, 0x14, 0x34, 0x9E, 0x2E, 0x3E, 0x14, 0xD1, 0xB1, 0xE3,
    0xD3, 0xA1, 0xD1, 0x13, 0x24, 0x24, 0x94, 0x24, 0x13, 0xD2, 0xA9, 0x99, 0x99, 0x9A, 0x99, 0xDD,
    0xDD, 0x99, 0x9F, 0x9F, 0x9F, 0xBF, 0xDF, 0x1F, 0x3F, 0x1F, 0x9F, 0x3F, 0x1F, 0xDF, 0xB9, 0x4F,
    0x3F, 0xA9, 0xDF, 0x1F, 0x2F, 0x9F, 0x1F, 0x2F, 0x1F, 0xDF, 0xAF, 0x9F, 0x9B, 0x9B, 0x99, 0xDD,
    0xDD, 0x99, 0x9F, 0x9F, 0x9F, 0xBF, 0xFF, 0xAF, 0xFF, 0xFF, 0xFF, 0xFF, 0xFF, 0xFF, 0xFF, 0xFF,
    0xFF, 0xFF, 0xFF, 0xBF, 0xAF, 0xAF, 0xFF, 0xFF, 0xBF, 0xBF, 0xBF, 0xBF, 0x9B, 0x9B, 0x99, 0xDD,
    0x09, 0x0D, 0x01, 0x01, 0x01, 0x04, 0x04, 0x04, 0x04, 0x01, 0x01, 0x04, 0x04, 0x04, 0x04, 0x04,
    0x01, 0x04, 0x04, 0x04, 0x04, 0x04, 0x01, 0x04, 0x04, 0x04, 0x04, 0x04, 0x01, 0x01, 0x01, 0x0D,
    0x0D, 0x09, 0x09, 0x01, 0x09, 0x01, 0x01, 0x09, 0x03, 0x03, 0x02, 0x04, 0x04, 0x04, 0x03, 0x09,
    0x09, 0x03, 0x03, 0x03, 0x03, 0x02, 0x03, 0x03, 0x09, 0x01, 0x01, 0x09, 0x01, 0x09, 0x09, 0x0D,
    0x0D, 0x09, 0x09, 0x01, 0x09, 0x01, 0x01, 0x09, 0x03, 0x03, 0x02, 0x04, 0x04, 0x04, 0x04, 0x03,
    0x03, 0x03, 0x03, 0x03, 0x03, 0x02, 0x03, 0x03, 0x09, 0x01, 0x01, 0x09, 0x01, 0x09, 0x09, 0x0D,
    0x0D, 0x06, 0x07, 0x0E, 0x08, 0x08, 0x02, 0x04, 0x04, 0x04, 0x04, 0x04, 0x03, 0x02, 0x0A, 0x02,
    0x02, 0x0A, 0x02, 0x04, 0x03, 0x03, 0x03, 0x02, 0x0A, 0x0A, 0x0A, 0x09, 0x07, 0x07, 0x09, 0x0D,
    0xDD, 0x99, 0xC9, 0x99, 0x29, 0x32, 0x33, 0x34, 0x3E, 0x2E, 0x3E, 0x4E, 0xE3, 0x41, 0x21, 0x43,
    0x43, 0x21, 0x41, 0xE3, 0x44, 0x34, 0x24, 0x23, 0x33, 0x33, 0x21, 0x29, 0x99, 0xC9, 0x99, 0xDD,
    0xDD, 0x99, 0x99, 0x99, 0x99, 0xB2, 0xD3, 0x14, 0x3E, 0x1E, 0x9E, 0x3E, 0x1E, 0xDE, 0xB3, 0x41,
    0x31, 0xA3, 0xD3, 0x13, 0x23, 0x94, 0x14, 0x23, 0x13, 0xD3, 0xA1, 0x99, 0x99, 0x99, 0x99, 0xDD,
    0xDD, 0x99, 0x9F, 0x93, 0x99, 0xB9, 0xC9, 0xCF, 0x1F, 0x3F, 0x3F, 0x2F, 0x1F, 0xCF, 0xBF, 0x4F,
    0x3F, 0xAF, 0xCF, 0x1F, 0x1F, 0x2F, 0x2F, 0x1F, 0xCF, 0xC9, 0xA9, 0x99, 0x92, 0x9B, 0x99, 0xDD,
    0xDD, 0x99, 0x9F, 0x93, 0x99, 0xB9, 0xB9, 0xF9, 0xFB, 0xFB, 0xFF, 0xFF, 0xFF, 0xBB, 0xBB, 0xBB,
    0xBB, 0xFB, 0xFB, 0xFF, 0xFF, 0xBF, 0xAB, 0xAB, 0xA9, 0xA9, 0xB9, 0xB9, 0x92, 0x9B, 0x99, 0xDD,
    0x09, 0x0D, 0x01, 0x01, 0x01, 0x04, 0x01, 0x01, 0x01, 0x04, 0x01, 0x04, 0x01, 0x01, 0x01, 0x04,
    0x01, 0x01, 0x01, 0x04, 0x01, 0x01, 0x01, 0x04, 0x01, 0x01, 0x01, 0x04, 0x01, 0x01, 0x01, 0x0D,
    0x0D, 0x09, 0x01, 0x01, 0x09, 0x01, 0x01, 0x09, 0x03, 0x03, 0x03, 0x04, 0x04, 0x04, 0x04, 0x03,
    0x03, 0x03, 0x03, 0x03, 0x03, 0x03, 0x03, 0x03, 0x09, 0x01, 0x01, 0x09, 0x01, 0x01, 0x09, 0x0D,
    0x0D, 0x09, 0x01, 0x01, 0x09, 0x01, 0x01, 0x09, 0x03, 0x03, 0x03, 0x04, 0x04, 0x04, 0x04, 0x03,
    0x04, 0x03, 0x03, 0x03, 0x03, 0x03, 0x03, 0x03, 0x09, 0x01, 0x01, 0x09, 0x01, 0x01, 0x09, 0x0D,
    0x0D, 0x07, 0x0E, 0x0E, 0x08, 0x02, 0x03, 0x01, 0x02, 0x04, 0x04, 0x04, 0x04, 0x04, 0x03, 0x02,
    0x02, 0x03, 0x04, 0x04, 0x04, 0x04, 0x04, 0x02, 0x01, 0x03, 0x01, 0x07, 0x0E, 0x08, 0x06, 0x0D,
    0xDD, 0x99, 0xC9, 0x99, 0x29, 0x23, 0x34, 0x34, 0x2E, 0x2E, 0x3E, 0x4E, 0x4E, 0xEE, 0xE3, 0x41,
    0x41, 0xE3, 0xE3, 0x43, 0x43, 0x33, 0x23, 0x13, 0x23, 0x23, 0x22, 0x29, 0x99, 0xC9, 0x99, 0xDD,
    0xDD, 0x99, 0x99, 0x99, 0x99, 0xB3, 0xC4, 0xC4, 0x1E, 0x3E, 0x3E, 0x2E, 0x1E, 0xCE, 0xBE, 0x44,
    0x34, 0xA4, 0xC4, 0x13, 0x13, 0x23, 0x23, 0x13, 0xC3, 0xC3, 0xA2, 0x99, 0x99, 0x99, 0x99, 0xDD,
    0xDD, 0x99, 0x93, 0x91, 0x92, 0xB3, 0xB1, 0xC9, 0xCF, 0x1F, 0x1F, 0x1F, 0xCF, 0xBA, 0x4A, 0x49,
    0x39, 0x3A, 0xAA, 0xCF, 0x1F, 0x1F, 0x1F, 0xCF, 0xC9, 0xB1, 0xA3, 0x92, 0x91, 0x92, 0x99, 0xDD,
    0xDD, 0x99, 0x93, 0x91, 0x92, 0x92, 0xB1, 0xB9, 0xB9, 0xB9, 0xB9, 0xA9, 0xA9, 0xA9, 0xB9, 0xB9,
    0xB9, 0xA9, 0xA9, 0xF9, 0xF9, 0xF9, 0xB9, 0xB9, 0xB9, 0xB1, 0xA2, 0xB2, 0x91, 0x92, 0x99, 0xDD,
    0x09, 0x0D, 0x01, 0x01, 0x01, 0x04, 0x01, 0x01, 0x01, 0x04, 0x01, 0x04, 0x01, 0x01, 0x01, 0x04,
    0x01, 0x01, 0x91, 0x94, 0x91, 0x91, 0x91, 0x94, 0x01, 0x01, 0x01, 0x04, 0x01, 0x01, 0x01, 0x0D,
    0x0D, 0x09, 0x01, 0x01, 0x09, 0x01, 0x91, 0x19, 0x13, 0x13, 0x14, 0x94, 0x04, 0x04, 0x04, 0x03,
    0x04, 0x03, 0x03, 0x03, 0x03, 0x03, 0x02, 0x03, 0x09, 0x01, 0x01, 0x09, 0x01, 0x01, 0x09, 0x0D,
    0x0D, 0x09, 0x01, 0x01, 0x09, 0x01, 0x01, 0x09, 0x03, 0x02, 0x03, 0x04, 0x04, 0x04, 0x04, 0x03,
    0x04, 0x03, 0x03, 0x03, 0x03, 0x03, 0x02, 0x03, 0x09, 0x01, 0x01, 0x09, 0x01, 0x01, 0x99, 0x9D,
    0x9D, 0x98, 0x98, 0x9E, 0x98, 0x92, 0x92, 0x9A, 0x9A, 0x03, 0x04, 0x04, 0x04, 0x04, 0x04, 0x03,
    0x03, 0x04, 0x04, 0x04, 0x04, 0x04, 0x03, 0x0A, 0x0A, 0x02, 0x02, 0x08, 0x0E, 0x08, 0x08, 0x0D,
    0xDD, 0x99, 0xC9, 0x99, 0x19, 0x23, 0x22, 0x34, 0x14, 0x2E, 0x2E, 0x3E, 0x4E, 0x4E, 0x4E, 0x44,
    0x44, 0x44, 0x44, 0x43, 0x33, 0x23, 0x23, 0x13, 0x23, 0x21, 0x22, 0x19, 0x99, 0xC9, 0x99, 0xDD,
    0xDD, 0x99, 0x99, 0x99, 0x99, 0xB3, 0xB2, 0xC4, 0xC4, 0x1E, 0x1E, 0x1E, 0xCE, 0xBE, 0x2E, 0x43,
    0x34, 0x2E, 0xA4, 0xC3, 0x13, 0x13, 0x13, 0xC3, 0xC3, 0xB1, 0xA2, 0x99, 0x99, 0x99, 0x99, 0xDD,
    0xDD, 0x99, 0x92, 0x92, 0x93, 0xC3, 0xB3, 0xB2, 0xC9, 0xD9, 0xD9, 0xC9, 0xB9, 0x39, 0xE9, 0x49,
    0x39, 0x49, 0x39, 0xA9, 0xC9, 0xD9, 0xD9, 0xC9, 0xB2, 0xA3, 0xB3, 0x92, 0x92, 0x92, 0x99, 0xDD,
    0xDD, 0x99, 0x92, 0x92, 0x92, 0x93, 0x93, 0x92, 0x99, 0x99, 0xA9, 0xA9, 0xB9, 0xB9, 0xB9, 0xB9,
    0xB9, 0xB9, 0xB9, 0xA9, 0xB9, 0xB9, 0xB9, 0xB9, 0xB2, 0xB2, 0xB2, 0xB2, 0x92, 0x92, 0x99, 0xDD,
    0x09, 0x0D, 0x01, 0x01, 0x01, 0x04, 0x01, 0x01, 0x01, 0x04, 0x01, 0x04, 0x04, 0x04, 0x04, 0x04,
    0x01, 0x91, 0x11, 0x14, 0x11, 0x11, 0x11, 0x14, 0x94, 0x94, 0x04, 0x04, 0x01, 0x01, 0x01, 0x0D,
    0x0D, 0x09, 0x01, 0x09, 0x99, 0x11, 0x11, 0x19, 0x13, 0x12, 0x14, 0x14, 0x94, 0x94, 0x04, 0x03,
    0x04, 0x03, 0x03, 0x03, 0x03, 0x03, 0x02, 0x03, 0x09, 0x01, 0x01, 0x09, 0x09, 0x91, 0x99, 0x0D,
    0x0D, 0x09, 0x01, 0x09, 0x09, 0x01, 0x01, 0x09, 0x02, 0x01, 0x04, 0x04, 0x04, 0x04, 0x0E, 0x0E,
    0x04, 0x03, 0x03, 0x03, 0x03, 0x03, 0x01, 0x02, 0x09, 0x01, 0x91, 0x99, 0x99, 0x91, 0x99, 0x9D,
    0x9D, 0x96, 0x97, 0x98, 0x9E, 0x91, 0x92, 0x92, 0x91, 0x9A, 0x94, 0x94, 0x04, 0x04, 0x04, 0x03,
    0x03, 0x04, 0x04, 0x04, 0x04, 0x04, 0x0A, 0x01, 0x02, 0x02, 0x01, 0x0E, 0x08, 0x07, 0x06, 0x0D,
    0xDD, 0x99, 0xC9, 0xB9, 0x99, 0x29, 0x23, 0x24, 0x14, 0x2E, 0x2E, 0x2E, 0x2E, 0x1E, 0x1E, 0x13,
    0x14, 0x1E, 0x14, 0x23, 0x23, 0x23, 0x23, 0x13, 0x23, 0x22, 0x29, 0x99, 0xB9, 0xC9, 0x99, 0xDD,
    0xDD, 0x99, 0x99, 0x99, 0x99, 0xC9, 0xB3, 0xB4, 0xC4, 0xDE, 0xDE, 0xCE, 0xBE, 0x2E, 0xEE, 0x43,
    0x34, 0x3E, 0x23, 0xA3, 0xC3, 0xD3, 0xD3, 0xC3, 0xB3, 0xA2, 0xB9, 0x99, 0x99, 0x99, 0x99, 0xDD,
    0xDD, 0x99, 0x92, 0x92, 0x93, 0xD3, 0xC3, 0xB3, 0xB3, 0xB3, 0xB4, 0xBE, 0x2E, 0x4E, 0x14, 0xE3,
    0x33, 0x14, 0x3E, 0x24, 0xA4, 0xA4, 0xA3, 0xA3, 0xA3, 0xB3, 0xC2, 0x92, 0x92, 0x92, 0x99, 0xDD,
    0xDD, 0x99, 0x92, 0x92, 0x93, 0x93, 0x93, 0x93, 0x93, 0x99, 0x99, 0xA9, 0xB1, 0xB1, 0xB1, 0xB9,
    0xF9, 0xB1, 0xB1, 0xB1, 0xA9, 0xA9, 0xA9, 0xB2, 0xB3, 0xB2, 0xB2, 0x92, 0x92, 0x92, 0x99, 0xDD,
    0x09, 0x0D, 0x01, 0x01, 0x01, 0x04, 0x01, 0x01, 0x01, 0x04, 0x01, 0x04, 0x04, 0x94, 0x94, 0x94,
    0x91, 0xA1, 0x31, 0x34, 0x21, 0x11, 0x11, 0x14, 0x14, 0x14, 0x94, 0x04, 0x01, 0x01, 0x01, 0x0D,
    0x0D, 0x09, 0x91, 0x19, 0x11, 0x51, 0x59, 0x19, 0x13, 0x11, 0x14, 0x14, 0x14, 0x94, 0x9E, 0x0E,
    0x04, 0x03, 0x03, 0x03, 0x03, 0x03, 0x01, 0x03, 0x09, 0x09, 0x01, 0x01, 0x99, 0x21, 0x29, 0x9D,
    0x0D, 0x09, 0x01, 0x09, 0x01, 0x01, 0x09, 0x09, 0x01, 0x02, 0x04, 0x04, 0x04, 0x04, 0x04, 0x03,
    0x03, 0x03, 0x03, 0x03, 0x03, 0x03, 0x02, 0x91, 0x99, 0x99, 0x91, 0x51, 0x99, 0x91, 0x99, 0x5D,
    0x5D, 0x56, 0x97, 0x9E, 0x9E, 0x98, 0x51, 0x52, 0x92, 0x9A, 0x93, 0x94, 0x94, 0x94, 0x94, 0x04,
    0x04, 0x04, 0x04, 0x04, 0x04, 0x03, 0x0A, 0x02, 0x02, 0x01, 0x08, 0x0E, 0x0E, 0x07, 0x06, 0x0D,
    0xDD, 0x99, 0xB9, 0xC9, 0x9C, 0x19, 0x23, 0x22, 0x24, 0x1E, 0x2E, 0x1E, 0xAE, 0xDE, 0xAE, 0xA3,
    0xA4, 0xAE, 0xD3, 0xA3, 0x13, 0x23, 0x13, 0x23, 0x21, 0x23, 0x19, 0x9A, 0xC9, 0xB9, 0x99, 0xDD,
    0xDD, 0x99, 0x99, 0x99, 0x9C, 0xD9, 0xC3, 0xB2, 0xB4, 0xB4, 0xBE, 0xBE, 0x2E, 0x3E, 0xEE, 0x43,
    0x33, 0x44, 0x33, 0x23, 0xA3, 0xA3, 0xA3, 0xA3, 0xA1, 0xB3, 0xC9, 0x9A, 0x99, 0x99, 0x99, 0xDD,
    0xDD, 0x99, 0x91, 0x92, 0x93, 0xC3, 0xD4, 0xD4, 0xC3, 0xC3, 0xC3, 0xB3, 0x24, 0x3E, 0x3E, 0x4E,
    0x4E, 0x3E, 0x24, 0x24, 0xA3, 0xB3, 0xB3, 0xB2, 0xC2, 0xC2, 0xB2, 0x92, 0x92, 0x91, 0x99, 0xDD,
    0xDD, 0x99, 0x91, 0x92, 0x92, 0x93, 0x93, 0x94, 0x94, 0x93, 0x99, 0xA1, 0xB1, 0xB1, 0xB1, 0xB1,
    0xF1, 0xB1, 0xB1, 0xB1, 0xA1, 0x99, 0x92, 0x93, 0x92, 0x92, 0x92, 0x92, 0x92, 0x91, 0x99, 0xDD,
    0x09, 0x0D, 0x01, 0x01, 0x01, 0x04, 0x01, 0x01, 0x01, 0x04, 0x01, 0x04, 0x91, 0x61, 0x61, 0x64,
    0xA1, 0x21, 0x21, 0x24, 0x21, 0x21, 0x11, 0x14, 0x11, 0x11, 0x11, 0x94, 0x01, 0x01, 0x01, 0x0D,
    0x0D, 0x99, 0x11, 0x11, 0x51, 0x21, 0x29, 0x59, 0x12, 0x11, 0x14, 0x14, 0x14, 0x14, 0x94, 0x93,
    0x03, 0x03, 0x03, 0x03, 0x03, 0x03, 0x01, 0x02, 0x09, 0x09, 0x01, 0x91, 0xA1, 0x31, 0x39, 0x9D,
    0x0D, 0x09, 0x01, 0x01, 0x01, 0x01, 0x09, 0x09, 0x01, 0x02, 0x04, 0x04, 0x04, 0x03, 0x03, 0x01,
    0x02, 0x03, 0x03, 0x03, 0x03, 0x93, 0x92, 0x91, 0x99, 0x59, 0x51, 0x61, 0x51, 0x51, 0x59, 0x9D,
    0x9D, 0x96, 0x98, 0x5E, 0x9E, 0x9E, 0x97, 0x51, 0x52, 0x92, 0x9A, 0x93, 0x93, 0x94, 0x94, 0x9E,
    0x9E, 0x04, 0x04, 0x03, 0x03, 0x0A, 0x02, 0x02, 0x01, 0x07, 0x0E, 0x0E, 0x0E, 0x08, 0x06, 0x0D,
    0xDD, 0x99, 0xA9, 0xCB, 0xDE, 0x99, 0x12, 0x21, 0x24, 0x24, 0x1E, 0x1E, 0x1E, 0x1E, 0x1E, 0x23,
    0x23, 0x14, 0x13, 0x13, 0x13, 0x13, 0x23, 0x23, 0x21, 0x12, 0x99, 0x9C, 0xCA, 0xB9, 0x99, 0xDD,
    0xDD, 0x99, 0x99, 0x9B, 0x9E, 0xC9, 0xD2, 0xD1, 0xC4, 0xC4, 0xC4, 0xBE, 0x2E, 0x4E, 0x14, 0xE1,
    0x31, 0x13, 0x33, 0x23, 0xA3, 0xB3, 0xB3, 0xB3, 0xC1, 0xC2, 0xB9, 0x9C, 0x9A, 0x99, 0x99, 0xDD,
    0xDD, 0x99, 0x99, 0x91, 0x92, 0x93, 0x94, 0xC4, 0xD4, 0xD4, 0xC4, 0xB3, 0x22, 0x22, 0x21, 0x21,
    0x21, 0x21, 0x21, 0x22, 0xA2, 0xB2, 0xC2, 0xC2, 0xB2, 0x92, 0x92, 0x91, 0x99, 0x99, 0x99, 0xDD,
    0xDD, 0x99, 0x99, 0xA1, 0xA2, 0xA2, 0x93, 0x93, 0x94, 0x94, 0x93, 0xA9, 0xB1, 0xB2, 0xF3, 0xB3,
    0xB2, 0xB2, 0xB1, 0xB1, 0xA9, 0x92, 0x93, 0x93, 0x92, 0xA2, 0xA2, 0xA1, 0xA9, 0x99, 0x99, 0xDD,
    0x09, 0x0D, 0x01, 0x01, 0x01, 0x04, 0x04, 0x04, 0x04, 0x01, 0x91, 0x94, 0x61, 0x61, 0x61, 0xA4,
    0x21, 0x21, 0x21, 0x14, 0xA1, 0xA1, 0x21, 0x14, 0x11, 0x11, 0x11, 0x94, 0x91, 0x01, 0x01, 0x0D,
    0x9D, 0x19, 0x11, 0x51, 0x21, 0x29, 0x29, 0x29, 0x51, 0x12, 0x14, 0x14, 0x14, 0x14, 0x93, 0x91,
    0x92, 0x03, 0x03, 0x03, 0x03, 0x03, 0x02, 0x01, 0x09, 0x09, 0x09, 0x91, 0x21, 0x31, 0x39, 0x2D,
    0x0D, 0x09, 0x01, 0x01, 0x01, 0x09, 0x09, 0x09, 0x01, 0x02, 0x03, 0x03, 0x03, 0x09, 0x09, 0x0C,
    0x0C, 0x09, 0x09, 0x92, 0x93, 0x93, 0x92, 0x51, 0x69, 0x69, 0x69, 0x61, 0x61, 0x61, 0x69, 0x7D,
    0x6D, 0x57, 0x5E, 0x5E, 0x5E, 0x9E, 0x98, 0x56, 0x91, 0x52, 0x92, 0x9A, 0x9A, 0x9A, 0x9A, 0x9A,
    0x9A, 0x9A, 0x9A, 0x0A, 0x0A, 0x02, 0x02, 0x01, 0x06, 0x08, 0x0E, 0x0E, 0x0E, 0x0E, 0x07, 0x0D,
    0xDD, 0x99, 0xA9, 0xBC, 0xCE, 0xDC, 0x99, 0x99, 0x13, 0x24, 0x24, 0x2E, 0x2E, 0x1E, 0xE4, 0x21,
    0x21, 0xE3, 0x13, 0x23, 0x23, 0x23, 0x23, 0x12, 0x99, 0x99, 0x9D, 0xCD, 0xBB, 0xAA, 0x99, 0xDD,
    0xDD, 0x99, 0x99, 0x9C, 0x9E, 0x9C, 0x99, 0xC9, 0xD2, 0xD3, 0xC4, 0xB4, 0x24, 0x34, 0x31, 0x4C,
    0x4B, 0x31, 0x23, 0x23, 0xA3, 0xB3, 0xC2, 0xC2, 0xB9, 0x99, 0x9D, 0x9D, 0x9B, 0x9A, 0x99, 0xDD,
    0xDD, 0x99, 0x99, 0x92, 0x91, 0x91, 0x92, 0x93, 0x94, 0x94, 0x94, 0x94, 0x14, 0x13, 0xC2, 0xE1,
    0xD1, 0xC1, 0x12, 0x12, 0x92, 0x92, 0x92, 0x92, 0x92, 0x92, 0x91, 0x99, 0x91, 0x99, 0x99, 0xDD,
    0xDD, 0x99, 0xB9, 0xB2, 0xC1, 0xB2, 0xA3, 0xC3, 0x93, 0x94, 0x94, 0xA3, 0xB2, 0xB9, 0xF9, 0xF9,
    0xB9, 0xB9, 0xB9, 0xB2, 0xA2, 0x93, 0x93, 0x92, 0xA2, 0xA2, 0xA1, 0xC9, 0xB1, 0xA9, 0x99, 0xDD,
    0x09, 0x0D, 0x01, 0x01, 0x01, 0x04, 0x04, 0x04, 0x01, 0x91, 0x71, 0x64, 0x71, 0x61, 0x61, 0xA4,
    0x21, 0x11, 0xA1, 0xA4, 0xA1, 0xA1, 0xA1, 0xA4, 0x11, 0x11, 0x11, 0x14, 0x91, 0x01, 0x01, 0x9D,
    0x1D, 0x19, 0x51, 0x21, 0x39, 0x39, 0x29, 0x19, 0x99, 0x92, 0x13, 0x13, 0x13, 0x12, 0x11, 0x91,
    0x91, 0x01, 0x02, 0x03, 0x03, 0x03, 0x02, 0x09, 0x09, 0x09, 0x99, 0x99, 0x31, 0x31, 0x39, 0x3D,
    0x0D, 0x09, 0x01, 0x01, 0x09, 0x09, 0x09, 0x09, 0x01, 0x09, 0x02, 0x02, 0x09, 0x09, 0x0D, 0x0E,
    0x0E, 0x0D, 0x99, 0x99, 0x92, 0x52, 0x99, 0x91, 0x99, 0x79, 0x79, 0x69, 0x61, 0x61, 0x79, 0x8D,
    0x6D, 0x67, 0x6E, 0x68, 0x6E, 0x6E, 0x5E, 0x57, 0x56, 0x91, 0x92, 0x93, 0x93, 0x94, 0x94, 0x9E,
    0x9E, 0x94, 0x94, 0x93, 0x03, 0x02, 0x01, 0x06, 0x07, 0x0E, 0x0E, 0x0E, 0x08, 0x0E, 0x07, 0x0D,
    0xDD, 0x99, 0xAC, 0xAD, 0xCB, 0xCD, 0xDE, 0xB9, 0x99, 0x13, 0x24, 0x24, 0x34, 0x24, 0x11, 0xEC,
    0xEB, 0x11, 0x23, 0x33, 0x23, 0x13, 0x12, 0x99, 0x99, 0xBD, 0xCB, 0xB9, 0xBC, 0xAB, 0x99, 0xDD,
    0xDD, 0x99, 0x9C, 0xBD, 0xAB, 0x9D, 0x9E, 0x99, 0xB9, 0xB9, 0xA2, 0x92, 0x12, 0x21, 0x3C, 0xAE,
    0xAC, 0x2B, 0x21, 0x12, 0x92, 0xA2, 0xB1, 0xB9, 0x99, 0x9D, 0x9B, 0xA9, 0xBC, 0x9B, 0x99, 0xDD,
    0xDD, 0x99, 0x99, 0xB2, 0xA2, 0x91, 0x92, 0x92, 0xC4, 0xB4, 0xA4, 0x94, 0x94, 0x24, 0x94, 0x93,
    0x93, 0x93, 0x23, 0x93, 0x93, 0xA3, 0xB2, 0xC2, 0x92, 0x91, 0x99, 0xA2, 0xB1, 0x99, 0x99, 0xDD,
    0xDD, 0x99, 0xB9, 0xC2, 0xB2, 0xA1, 0xA2, 0xC3, 0xA3, 0x93, 0xB4, 0xA4, 0xA4, 0xBE, 0xFE, 0xFE,
    0xBE, 0xBE, 0xB4, 0xA4, 0xA3, 0xB3, 0x92, 0xA1, 0xC2, 0xA1, 0xA9, 0xB1, 0xC1, 0xB9, 0x99, 0xDD,
    0x09, 0x0D, 0x01, 0x01, 0x01, 0x01, 0x01, 0x01, 0x91, 0x61, 0x61, 0x71, 0x61, 0x61, 0x61, 0xA1,
    0xA1, 0xA1, 0x51, 0x61, 0x61, 0x51, 0xA1, 0xA1, 0xA1, 0x11, 0x11, 0x11, 0x11, 0x91, 0x91, 0x1D,
    0x1D, 0x59, 0x39, 0x49, 0x49, 0x19, 0x95, 0x99, 0x09, 0x01, 0x92, 0x92, 0x11, 0x11, 0x14, 0x94,
    0x94, 0x03, 0x01, 0x01, 0x02, 0x02, 0x01, 0x09, 0x09, 0x95, 0xA9, 0x29, 0x39, 0x39, 0x19, 0x3D,
    0x0D, 0x09, 0x09, 0x09, 0x09, 0x09, 0x05, 0x09, 0x09, 0x01, 0x09, 0x09, 0x09, 0x09, 0x09, 0x09,
    0x99, 0x99, 0x99, 0x99, 0x59, 0x99, 0x91, 0x99, 0x99, 0x95, 0x99, 0x69, 0x59, 0x69, 0x69, 0x6D,
    0x6D, 0x67, 0x68, 0x68, 0x6E, 0x6E, 0x6E, 0x58, 0x56, 0x96, 0x91, 0x91, 0x92, 0x92, 0x93, 0x93,
    0x93, 0x93, 0x92, 0x92, 0x91, 0x01, 0x06, 0x06, 0x08, 0x0E, 0x0E, 0x0E, 0x08, 0x08, 0x07, 0x0D,
    0xDD, 0x99, 0xAD, 0xAB, 0xB9, 0xC9, 0xCB, 0xDD, 0xD9, 0x99, 0x92, 0x13, 0x23, 0x41, 0x2C, 0x1E,
    0x1C, 0x2B, 0x41, 0x22, 0x12, 0x91, 0x99, 0x99, 0xCD, 0xCB, 0xB9, 0xB9, 0xA9, 0xAC, 0x99, 0xDD,
    0xDD, 0x99, 0xBD, 0xAB, 0x99, 0x99, 0x9B, 0xDD, 0xB9, 0xA9, 0x99, 0x99, 0x99, 0xA9, 0xA9, 0x39,
    0x29, 0xA9, 0xA9, 0x99, 0x99, 0x99, 0xA9, 0xB9, 0xDD, 0x9B, 0x99, 0x99, 0xA9, 0xBC, 0x99, 0xDD,
    0xDD, 0x99, 0xBB, 0xA9, 0x92, 0x92, 0x92, 0xD3, 0xB3, 0xA3, 0x94, 0x94, 0x94, 0x24, 0x14, 0x14,
    0x14, 0x14, 0x23, 0x93, 0x93, 0x92, 0xA2, 0xB2, 0xD2, 0x92, 0x92, 0x91, 0xA9, 0xBB, 0x99, 0xDD,
    0xDD, 0x99, 0xBB, 0xB9, 0xA2, 0xA2, 0xB2, 0xC2, 0xA3, 0xA3, 0xC2, 0xA3, 0xA4, 0xB4, 0xBE, 0xFE,
    0xBE, 0xB4, 0xB4, 0xA3, 0xA3, 0xB2, 0xA1, 0xA2, 0xC2, 0xB1, 0xA1, 0xA1, 0xB9, 0xBB, 0x99, 0xDD,
    0x09, 0x0D, 0x01, 0x01, 0x01, 0x01, 0x01, 0x91, 0x91, 0x71, 0x61, 0x61, 0x61, 0x61, 0x61, 0x61,
    0x61, 0x61, 0x61, 0x61, 0x61, 0x61, 0xA1, 0x91, 0xA1, 0xA1, 0x11, 0x11, 0x11, 0x91, 0x11, 0x1D,
    0x5D, 0x39, 0x49, 0x41, 0x11, 0x99, 0x05, 0x05, 0x09, 0x09, 0x01, 0x91, 0x92, 0x94, 0x93, 0x93,
    0x93, 0x92, 0x92, 0x92, 0x01, 0x01, 0x09, 0x09, 0x05, 0x95, 0xA9, 0x31, 0x31, 0x49, 0x19, 0x2D,
    0x0D, 0x09, 0x09, 0x01, 0x01, 0x09, 0x05, 0x05, 0x09, 0x09, 0x01, 0x01, 0x02, 0x09, 0x09, 0x92,
    0x92, 0x99, 0x99, 0x52, 0x91, 0x91, 0x99, 0x59, 0x55, 0x65, 0x79, 0x81, 0x51, 0x59, 0x69, 0x6D,
    0x6D, 0x56, 0x57, 0x56, 0x68, 0x5E, 0x9E, 0x9E, 0x97, 0x96, 0x96, 0x95, 0x95, 0x91, 0x91, 0x91,
    0x91, 0x91, 0x91, 0x95, 0x95, 0x96, 0x06, 0x07, 0x0E, 0x0E, 0x0E, 0x08, 0x06, 0x07, 0x06, 0x0D,
    0xDD, 0x99, 0xAB, 0xA9, 0xA9, 0xB9, 0xB9, 0xCD, 0xCB, 0xD9, 0xB9, 0x99, 0x11, 0x21, 0x49, 0x49,
    0x49, 0x49, 0x21, 0x11, 0x99, 0x99, 0xC9, 0xCB, 0xBD, 0xB9, 0xB9, 0xA9, 0xA9, 0xA9, 0x99, 0xDD,
    0xDD, 0x99, 0xAB, 0x99, 0x99, 0x99, 0x99, 0xDD, 0xBB, 0xA9, 0x99, 0x99, 0x51, 0x99, 0x11, 0x22,
    0x22, 0x11, 0x99, 0x51, 0x99, 0x99, 0xA9, 0xBB, 0xDD, 0x99, 0x99, 0x99, 0x99, 0xA9, 0x99, 0xDD,
    0xDD, 0x99, 0xAE, 0x9C, 0x99, 0x91, 0x92, 0xD2, 0xB3, 0xA3, 0x93, 0x93, 0x94, 0x14, 0x24, 0x14,
    0x14, 0x23, 0x13, 0x93, 0x93, 0x92, 0xA2, 0xB2, 0xD2, 0x91, 0x99, 0x99, 0x9C, 0xAE, 0x99, 0xDD,
    0xDD, 0x99, 0xAE, 0xAC, 0xA9, 0xB1, 0xC2, 0xA2, 0xA2, 0xA3, 0xB3, 0xC2, 0xA2, 0xA2, 0xB1, 0xF1,
    0xB1, 0xB1, 0xA1, 0xA1, 0xB1, 0xB1, 0xA2, 0xA2, 0xA1, 0xC1, 0xB9, 0xA9, 0xAC, 0xAE, 0x99, 0xDD,
    0x09, 0x0D, 0x01, 0x01, 0x01, 0x01, 0x91, 0x61, 0x61, 0x71, 0x61, 0x61, 0x51, 0x51, 0x61, 0x61,
    0x61, 0x61, 0x61, 0x61, 0x61, 0x61, 0x91, 0x91, 0xA1, 0xA1, 0x11, 0x41, 0x41, 0x41, 0x31, 0x1D,
    0x1D, 0x19, 0x12, 0x19, 0x91, 0x09, 0x05, 0x06, 0x06, 0x09, 0x99, 0x79, 0x71, 0x72, 0x71, 0x72,
    0x22, 0x21, 0x12, 0x11, 0x99, 0x09, 0x09, 0x05, 0x95, 0xA9, 0x29, 0x31, 0x49, 0x41, 0x29, 0x1D,
    0x0D, 0x09, 0x02, 0x09, 0x01, 0x09, 0x05, 0x06, 0x06, 0x09, 0x09, 0x01, 0x01, 0x04, 0x91, 0x99,
    0x59, 0x51, 0x53, 0x51, 0x51, 0x99, 0x69, 0x85, 0x85, 0x89, 0x99, 0x91, 0x99, 0x51, 0x69, 0x5D,
    0x5D, 0x69, 0x56, 0x59, 0x58, 0x98, 0x98, 0x9E, 0x98, 0x97, 0x96, 0x96, 0x95, 0x95, 0x91, 0x95,
    0x95, 0x91, 0x95, 0x95, 0x96, 0x96, 0x97, 0x08, 0x0E, 0x08, 0x08, 0x08, 0x09, 0x06, 0x09, 0x0D,
    0xDD, 0x99, 0xA9, 0xA9, 0xB9, 0xA9, 0x99, 0xAB, 0xBD, 0xC9, 0xD9, 0xD9, 0x99, 0x12, 0x23, 0x23,
    0x22, 0x22, 0x11, 0x99, 0xB9, 0xC9, 0xBB, 0xBD, 0xB9, 0x99, 0xA9, 0xBA, 0xAA, 0xA9, 0x99, 0xDD,
    0xDD, 0x99, 0x99, 0x99, 0x99, 0x99, 0xA9, 0xCB, 0xBD, 0xA9, 0x99, 0x99, 0x61, 0x92, 0x99, 0x19,
    0x19, 0x99, 0x92, 0x61, 0x99, 0x99, 0xAB, 0xBD, 0xC9, 0xA9, 0x99, 0x9A, 0x9A, 0x99, 0x99, 0xDD,
    0xDD, 0x99, 0x9D, 0x9E, 0x9B, 0x99, 0xA9, 0xC1, 0xB2, 0xA3, 0x93, 0x93, 0x63, 0x93, 0x13, 0x33,
    0x23, 0x13, 0x93, 0x62, 0x92, 0x92, 0xA2, 0xB1, 0xC9, 0xA9, 0x99, 0x9B, 0x9E, 0x9D, 0x99, 0xDD,
    0xDD, 0x99, 0xAD, 0xBE, 0xCB, 0xC9, 0xA9, 0x91, 0x12, 0xA2, 0xA3, 0xC3, 0xB2, 0xA2, 0xA2, 0xB1,
    0xB1, 0xA1, 0xA1, 0xB1, 0xB2, 0xA2, 0xA2, 0xA1, 0x99, 0xA9, 0xC9, 0xCB, 0xBE, 0xAD, 0x99, 0xDD,
    0x09, 0x0D, 0x01, 0x01, 0x01, 0x01, 0x91, 0x71, 0x71, 0x61, 0x51, 0x51, 0x21, 0x21, 0x51, 0x51,
    0x61, 0x61, 0x61, 0x61, 0x61, 0x61, 0x91, 0xA1, 0xA1, 0x21, 0x21, 0xE1, 0xE1, 0x41, 0x21, 0x2D,
    0x2D, 0x29, 0x24, 0x19, 0x92, 0x01, 0x09, 0x05, 0x06, 0x96, 0x76, 0x79, 0x79, 0x69, 0x69, 0x61,
    0x61, 0x29, 0x29, 0x19, 0x19, 0x95, 0x06, 0x05, 0x99, 0xA9, 0x31, 0x41, 0x41, 0x44, 0x29, 0x1D,
    0x0D, 0x09, 0x04, 0x09, 0x02, 0x01, 0x09, 0x05, 0x06, 0x06, 0x09, 0x09, 0x01, 0x92, 0x54, 0x94,
    0x94, 0x53, 0x52, 0x61, 0x69, 0x59, 0x66, 0x65, 0x99, 0x99, 0x91, 0x91, 0x51, 0x54, 0x69, 0x5D,
    0x6D, 0x69, 0x89, 0x69, 0x77, 0x98, 0x96, 0x9E, 0x98, 0x58, 0x57, 0x67, 0x96, 0x96, 0x95, 0x96,
    0x96, 0x95, 0x96, 0x96, 0x97, 0x97, 0x98, 0x98, 0x0E, 0x06, 0x08, 0x07, 0x09, 0x09, 0x09, 0x0D,
    0xDD, 0x99, 0xBB, 0xBB, 0xA9, 0x91, 0x91, 0x99, 0xAD, 0xAB, 0xB9, 0xC6, 0xD9, 0x99, 0x92, 0x92,
    0x92, 0x91, 0x99, 0xC9, 0xC5, 0xB9, 0xBC, 0xAD, 0x99, 0x99, 0x91, 0xA9, 0xBB, 0xBB, 0x99, 0xDD,
    0xDD, 0x99, 0x9B, 0x9B, 0x99, 0xB1, 0xB1, 0xA9, 0xCD, 0xAB, 0x99, 0x99, 0x59, 0x62, 0x92, 0x9D,
    0x9D, 0x92, 0x62, 0x59, 0x95, 0x99, 0xAC, 0xCD, 0xA9, 0xB9, 0xB1, 0x99, 0x9B, 0x9B, 0x99, 0xDD,
    0xDD, 0x99, 0x99, 0x99, 0x9C, 0xB9, 0xB2, 0xA9, 0xC9, 0xA9, 0x91, 0x92, 0x53, 0x63, 0x93, 0x93,
    0x92, 0x92, 0x62, 0x52, 0x92, 0x91, 0xA9, 0xC9, 0xA9, 0xB2, 0xB9, 0x9C, 0x99, 0x99, 0x99, 0xDD,
    0xDD, 0x99, 0xD9, 0xD9, 0xBC, 0xB9, 0xA2, 0x99, 0x19, 0x11, 0xA2, 0xB2, 0xC2, 0xB2, 0xA2, 0xA2,
    0xA2, 0xA2, 0xB2, 0xB2, 0xB2, 0xA1, 0xA9, 0xA9, 0x99, 0xA2, 0xA9, 0xAC, 0xC9, 0xD9, 0x99, 0xDD,
    0x09, 0x0D, 0x01, 0x01, 0x01, 0x01, 0x91, 0x71, 0x61, 0x51, 0x21, 0x31, 0x31, 0x21, 0x21, 0x21,
    0x51, 0x61, 0x61, 0x61, 0x61, 0x91, 0x91, 0xA1, 0x21, 0x21, 0x41, 0xE1, 0x41, 0x21, 0x11, 0x1D,
    0x1D, 0x29, 0x29, 0x21, 0x11, 0x92, 0x01, 0x09, 0x05, 0x95, 0x76, 0x77, 0x67, 0x65, 0x69, 0x69,
    0x69, 0x29, 0x25, 0x17, 0x16, 0x96, 0x05, 0x09, 0x99, 0xA1, 0x31, 0xE1, 0x41, 0x49, 0x29, 0x1D,
    0x0D, 0x09, 0x09, 0x01, 0x01, 0x02, 0x01, 0x09, 0x09, 0x05, 0x06, 0x06, 0x99, 0x69, 0x51, 0x91,
    0x91, 0x61, 0x59, 0x59, 0x56, 0x56, 0x55, 0x59, 0x99, 0x91, 0x91, 0x51, 0x51, 0x59, 0x69, 0x5D,
    0x5D, 0x61, 0x69, 0x59, 0x79, 0x66, 0x99, 0x97, 0x58, 0x67, 0x68, 0x57, 0x97, 0x96, 0x96, 0x96,
    0x96, 0x96, 0x96, 0x97, 0x97, 0x98, 0x97, 0x98, 0x97, 0x09, 0x06, 0x09, 0x09, 0x09, 0x01, 0x0D,
    0xDD, 0x99, 0xAC, 0xAB, 0x99, 0x12, 0x11, 0xA9, 0x9D, 0x9B, 0xA9, 0xB6, 0xB6, 0xD9, 0xB9, 0x99,
    0x99, 0xB9, 0xD9, 0xB5, 0xB6, 0xA9, 0x9C, 0x9D, 0xA9, 0xA1, 0xA1, 0x99, 0xAB, 0xAC, 0x99, 0xDD,
    0xDD, 0x99, 0x9C, 0x9B, 0x99, 0xB2, 0xA1, 0x99, 0xAD, 0xCB, 0x99, 0x56, 0x95, 0x59, 0x62, 0x72,
    0x62, 0x62, 0x59, 0x95, 0x56, 0x99, 0xCC, 0xAD, 0x99, 0xA1, 0xB1, 0x99, 0x9B, 0x9C, 0x99, 0xDD,
    0xDD, 0x99, 0x99, 0x99, 0x9C, 0xB9, 0xA9, 0x99, 0xAE, 0xC2, 0x99, 0x59, 0x99, 0x59, 0x69, 0x79,
    0x69, 0x69, 0x59, 0x99, 0x59, 0x99, 0xC2, 0xAE, 0x99, 0xA9, 0xB9, 0x9C, 0x99, 0x99, 0x99, 0xDD,
    0xDD, 0x99, 0xA9, 0xA9, 0xAC, 0xB9, 0x99, 0x19, 0x1E, 0xA2, 0xA9, 0xB1, 0xB1, 0xC1, 0xD1, 0xA1,
    0xA1, 0xC1, 0xC1, 0xB1, 0xB9, 0xA9, 0xA2, 0xAE, 0xA9, 0x99, 0xB9, 0xAC, 0xA9, 0xA9, 0x99, 0xDD,
    0x09, 0x0D, 0x01, 0x01, 0x01, 0x91, 0x61, 0x71, 0x51, 0x21, 0x31, 0x11, 0x11, 0x11, 0x21, 0x11,
    0x21, 0x51, 0x61, 0x61, 0x61, 0x91, 0x91, 0xA1, 0x21, 0x21, 0xE1, 0xE1, 0x21, 0x11, 0x11, 0x1D,
    0x1D, 0x19, 0x21, 0x22, 0x12, 0x92, 0x91, 0x91, 0x99, 0x99, 0x75, 0x75, 0x66, 0x67, 0x65, 0x69,
    0x69, 0xF5, 0xD7, 0xD6, 0xF5, 0xF5, 0x99, 0x09, 0x91, 0xA1, 0x32, 0xE2, 0xE2, 0x41, 0x29, 0x1D,
    0x0D, 0x09, 0x01, 0x02, 0x02, 0x02, 0x01, 0x01, 0x09, 0x09, 0x95, 0x96, 0x97, 0x56, 0x99, 0x99,
    0x59, 0x69, 0x56, 0x57, 0x65, 0x65, 0x69, 0x69, 0x61, 0x61, 0x52, 0x52, 0x62, 0x61, 0x79, 0x6D,
    0x5D, 0x51, 0x51, 0x59, 0x99, 0x99, 0x99, 0x96, 0x57, 0x56, 0x58, 0x98, 0x97, 0x97, 0x97, 0x96,
    0x96, 0x97, 0x97, 0x97, 0x98, 0x98, 0x96, 0x97, 0x96, 0x09, 0x09, 0x09, 0x09, 0x01, 0x01, 0x0D,
    0xDD, 0x99, 0x9C, 0x99, 0x12, 0x12, 0xA9, 0xAD, 0xDC, 0xBB, 0x99, 0x96, 0xBF, 0xB6, 0xD9, 0xD9,
    0xD9, 0xD9, 0xB5, 0xB6, 0x96, 0x99, 0xAC, 0xDC, 0xAD, 0xA1, 0xA2, 0xA1, 0x99, 0x9C, 0x99, 0xDD,
    0xDD, 0x99, 0x9C, 0x99, 0xA2, 0xA2, 0x99, 0xDD, 0xBC, 0xAB, 0xC9, 0x96, 0x6F, 0x95, 0x99, 0x99,
    0x99, 0x99, 0x99, 0x66, 0x96, 0xC9, 0xAC, 0xBC, 0xDD, 0x91, 0xA2, 0xA1, 0x99, 0x9C, 0x99, 0xDD,
    0xDD, 0x99, 0x99, 0x9E, 0xAC, 0xA9, 0x99, 0xD9, 0xB2, 0xA2, 0xC9, 0x9E, 0x62, 0x99, 0x91, 0x92,
    0x92, 0x91, 0x99, 0x62, 0x9E, 0xC9, 0xA2, 0xB2, 0xD9, 0x99, 0xA9, 0xAC, 0x9E, 0x99, 0x99, 0xDD,
    0xDD, 0x99, 0xA9, 0xAE, 0xBC, 0xA9, 0x99, 0x19, 0xA2, 0xD2, 0xB9, 0xAE, 0xB2, 0xB9, 0xC1, 0xD2,
    0xC2, 0xC1, 0xB9, 0xB2, 0xAE, 0xB9, 0xD2, 0xA2, 0xA9, 0x99, 0xA9, 0xBC, 0xAE, 0xA9, 0x99, 0xDD,
    0x09, 0x0D, 0x01, 0x01, 0x01, 0x91, 0x71, 0x61, 0x51, 0x21, 0x11, 0x21, 0x21, 0x11, 0x21, 0x21,
    0x21, 0x51, 0x61, 0x61, 0x61, 0x91, 0x91, 0xA1, 0x21, 0x41, 0xE1, 0x31, 0x11, 0xA1, 0x11, 0x2D,
    0x2D, 0x19, 0x22, 0x22, 0x12, 0xA1, 0xF3, 0xF4, 0x91, 0x49, 0xD9, 0xD9, 0xD5, 0x46, 0x37, 0x39,
    0xF9, 0xF7, 0xA6, 0xA5, 0xA9, 0xF9, 0xF9, 0x91, 0x94, 0xA3, 0x31, 0xE2, 0xE2, 0x42, 0x19, 0x2D,
    0x0D, 0x09, 0x02, 0x02, 0x02, 0x01, 0x03, 0x04, 0x01, 0x99, 0x99, 0x99, 0x95, 0x97, 0x97, 0x59,
    0x69, 0x57, 0x67, 0x65, 0x75, 0x79, 0x69, 0x61, 0x64, 0x73, 0x61, 0x62, 0x62, 0x72, 0xE9, 0x7D,
    0x6D, 0x51, 0x61, 0x91, 0x99, 0x99, 0x99, 0x99, 0x96, 0x99, 0x97, 0x98, 0x96, 0x98, 0x57, 0x97,
    0x97, 0x97, 0x98, 0x96, 0x98, 0x97, 0x99, 0x96, 0x99, 0x99, 0x09, 0x09, 0x01, 0x01, 0x01, 0x0D,
    0xDD, 0x99, 0x9B, 0x19, 0x1E, 0x1D, 0xA9, 0xA9, 0xCC, 0xBB, 0x19, 0x19, 0x96, 0xBF, 0xBF, 0xCF,
    0xCF, 0xBF, 0xB6, 0x96, 0xA9, 0xA9, 0xBC, 0xCC, 0xA9, 0xA1, 0xAE, 0xAD, 0xA9, 0x9B, 0x99, 0xDD,
    0xDD, 0x99, 0x9B, 0x99, 0xAE, 0xAD, 0x99, 0xC9, 0xBC, 0x9B, 0xC9, 0x99, 0x56, 0x6F, 0x6F, 0x7F,
    0x6F, 0x6F, 0x66, 0x56, 0x99, 0xC9, 0x9C, 0xBC, 0xC9, 0x91, 0xAE, 0xAD, 0x99, 0x9B, 0x99, 0xDD,
    0xDD, 0x99, 0x9E, 0x9C, 0xAB, 0xA9, 0x95, 0xC9, 0xB9, 0x99, 0xC9, 0x92, 0x52, 0x69, 0x62, 0x7E,
    0x6E, 0x62, 0x69, 0x52, 0x92, 0xC5, 0x99, 0xB9, 0xC9, 0x95, 0xA9, 0xAB, 0x9C, 0x9E, 0x99, 0xDD,
    0xDD, 0x99, 0xAE, 0xBC, 0xAB, 0x99, 0x15, 0x19, 0xA9, 0xC9, 0xB9, 0xA2, 0xA2, 0xB9, 0xB2, 0xCE,
    0xCE, 0xB2, 0xB9, 0xA2, 0xA2, 0xB9, 0xC9, 0xA9, 0xA9, 0xA5, 0x99, 0xAB, 0xBC, 0xAE, 0x99, 0xDD,
    0x09, 0x0D, 0x01, 0x01, 0x01, 0x91, 0x61, 0x51, 0x21, 0x11, 0x21, 0x11, 0x51, 0x11, 0x21, 0x21,
    0x11, 0x51, 0x61, 0x61, 0x61, 0x61, 0x51, 0xA1, 0x41, 0xE1, 0xE1, 0x21, 0x11, 0xC1, 0xA1, 0xAD,
    0x2D, 0x19, 0x22, 0x22, 0xA2, 0x69, 0xA3, 0xD3, 0xF9, 0xA2, 0xA1, 0xA9, 0xA9, 0xA5, 0xA6, 0xF9,
    0xF9, 0xA6, 0x75, 0xD9, 0xC9, 0xA9, 0xF1, 0x99, 0x93, 0xA3, 0x29, 0x42, 0xE2, 0x32, 0x29, 0x3D,
    0x0D, 0x09, 0x02, 0x02, 0x02, 0x09, 0x03, 0x03, 0x99, 0x92, 0x51, 0x59, 0x99, 0x55, 0x56, 0x69,
    0x59, 0x56, 0x55, 0x55, 0x79, 0x79, 0x61, 0x69, 0x73, 0xE3, 0x89, 0x62, 0x52, 0x62, 0x79, 0x6D,
    0x7D, 0x71, 0x91, 0x91, 0x91, 0x99, 0x59, 0x59, 0x59, 0x59, 0x96, 0x97, 0x96, 0x98, 0x58, 0x57,
    0x97, 0x98, 0x98, 0x96, 0x97, 0x96, 0x99, 0x99, 0x99, 0x99, 0x09, 0x01, 0x01, 0x01, 0x01, 0x0D,
    0xDD, 0xDD, 0x99, 0x99, 0x99, 0x99, 0x99, 0x99, 0x99, 0x99, 0x99, 0x99, 0x99, 0x99, 0x99, 0x99,
    0x99, 0x99, 0x99, 0x99, 0x99, 0x99, 0x99, 0x99, 0x99, 0x99, 0x99, 0x99, 0x99, 0x99, 0xDD, 0xDD,
    0xDD, 0xDD, 0x99, 0x99, 0x99, 0x99, 0x99, 0x99, 0x99, 0x99, 0x99, 0x99, 0x99, 0x99, 0x99, 0x99,
    0x99, 0x99, 0x99, 0x99, 0x99, 0x99, 0x99, 0x99, 0x99, 0x99, 0x99, 0x99, 0x99, 0x99, 0xDD, 0xDD,
    0xDD, 0xDD, 0x99, 0x99, 0x99, 0x99, 0x99, 0x99, 0x99, 0x99, 0x99, 0x99, 0x99, 0x99, 0x99, 0x99,
    0x99, 0x99, 0x99, 0x99, 0x99, 0x99, 0x99, 0x99, 0x99, 0x99, 0x99, 0x99, 0x99, 0x99, 0xDD, 0xDD,
    0xDD, 0xDD, 0x99, 0x99, 0x99, 0x99, 0x99, 0x99, 0x99, 0x99, 0x99, 0x99, 0x99, 0x99, 0x99, 0x99,
    0x99, 0x99, 0x99, 0x99, 0x99, 0x99, 0x99, 0x99, 0x99, 0x99, 0x99, 0x99, 0x99, 0x99, 0xDD, 0xDD,
    0x09, 0x0D, 0x0D, 0x01, 0x01, 0x91, 0x61, 0x51, 0x21, 0x11, 0x11, 0x61, 0x61, 0x11, 0x21, 0x11,
    0x21, 0x51, 0x61, 0x61, 0x51, 0x51, 0xA1, 0x21, 0xE1, 0xE1, 0x41, 0x21, 0x11, 0xD1, 0x1D, 0x2D,
    0xAD, 0x2D, 0x29, 0x29, 0xA9, 0xC9, 0xA9, 0xF9, 0xF9, 0xF9, 0xA9, 0xA9, 0xA9, 0xA9, 0xF9, 0xF9,
    0xA9, 0xA9, 0x69, 0x69, 0xD9, 0xA9, 0xF9, 0xF9, 0x99, 0x99, 0xA9, 0x29, 0x49, 0x29, 0x3D, 0x3D,
    0x0D, 0x0D, 0x09, 0x09, 0x09, 0x09, 0x09, 0x09, 0x99, 0x99, 0x59, 0x59, 0x59, 0x59, 0x59, 0x59,
    0x69, 0x59, 0x59, 0x69, 0x69, 0x69, 0x79, 0x79, 0x89, 0x99, 0x99, 0x59, 0x69, 0x59, 0x8D, 0x7D,
    0x8D, 0x9D, 0x91, 0x91, 0x91, 0x59, 0x59, 0x59, 0x69, 0x69, 0x66, 0x97, 0x96, 0x58, 0x68, 0x57,
    0x97, 0x98, 0x98, 0x96, 0x97, 0x96, 0x99, 0x99, 0x99, 0x99, 0x99, 0x01, 0x01, 0x01, 0x0D, 0x0D,
    0x00, 0xDD, 0xDD, 0xDD, 0xDD, 0xDD, 0xDD, 0xDD, 0xDD, 0xDD, 0xDD, 0xDD, 0xDD, 0xDD, 0xDD, 0xDD,
    0xDD, 0xDD, 0xDD, 0xDD, 0xDD, 0xDD, 0xDD, 0xDD, 0xDD, 0xDD, 0xDD, 0xDD, 0xDD, 0xDD, 0xDD, 0x00,
    0x00, 0xDD, 0xDD, 0xDD, 0xDD, 0xDD, 0xDD, 0xDD, 0xDD, 0xDD, 0xDD, 0xDD, 0xDD, 0xDD, 0xDD, 0xDD,
    0xDD, 0xDD, 0xDD, 0xDD, 0xDD, 0xDD, 0xDD, 0xDD, 0xDD, 0xDD, 0xDD, 0xDD, 0xDD, 0xDD, 0xDD, 0x00,
    0x00, 0xDD, 0xDD, 0xDD, 0xDD, 0xDD, 0xDD, 0xDD, 0xDD, 0xDD, 0xDD, 0xDD, 0xDD, 0xDD, 0xDD, 0xDD,
    0xDD, 0xDD, 0xDD, 0xDD, 0xDD, 0xDD, 0xDD, 0xDD, 0xDD, 0xDD, 0xDD, 0xDD, 0xDD, 0xDD, 0xDD, 0x00,
    0x00, 0xDD, 0xDD, 0xDD, 0xDD, 0xDD, 0xDD, 0xDD, 0xDD, 0xDD, 0xDD, 0xDD, 0xDD, 0xDD, 0xDD, 0xDD,
    0xDD, 0xDD, 0xDD, 0xDD, 0xDD, 0xDD, 0xDD, 0xDD, 0xDD, 0xDD, 0xDD, 0xDD, 0xDD, 0xDD, 0xDD, 0x00,
    0x09, 0x09, 0x0D, 0x0D, 0x0D, 0x0D, 0x9D, 0x5D, 0x2D, 0x1D, 0xCD, 0x6D, 0x6D, 0x1D, 0x2D, 0x2D,
    0x1D, 0x5D, 0x6D, 0x5D, 0xAD, 0xAD, 0x2D, 0x4D, 0xED, 0xED, 0x4D, 0x2D, 0x1D, 0xDD, 0x1D, 0x10,
    0x10, 0x2D, 0x2D, 0x1D, 0xAD, 0x6D, 0xAD, 0xFD, 0xFD, 0xFD, 0xFD, 0xFD, 0xFD, 0xFD, 0xFD, 0xFD,
    0xAD, 0xAD, 0x7D, 0x7D, 0xCD, 0xAD, 0xFD, 0xFD, 0x9D, 0x9D, 0x9D, 0x9D, 0x3D, 0x2D, 0x3D, 0x40,
    0x00, 0x0D, 0x0D, 0x0D, 0x0D, 0x0D, 0x0D, 0x9D, 0x9D, 0x5D, 0x9D, 0x6D, 0x6D, 0x5D, 0x5D, 0x6D,
    0x6D, 0x6D, 0x5D, 0x5D, 0x6D, 0x6D, 0x7D, 0x8D, 0x9D, 0x9D, 0x6D, 0x6D, 0x7D, 0x6D, 0x6D, 0x80,
    0x80, 0x9D, 0x9D, 0x9D, 0x9D, 0x5D, 0x5D, 0x6D, 0x6D, 0x6D, 0x7D, 0x9D, 0x5D, 0x9D, 0x9D, 0x9D,
    0x9D, 0x9D, 0x9D, 0x9D, 0x9D, 0x9D, 0x9D, 0x9D, 0x9D, 0x9D, 0x9D, 0x0D, 0x0D, 0x0D, 0x0D, 0x00,
    0x00, 0xDD, 0xDD, 0xDD, 0xDD, 0xDD, 0xDD, 0xDD, 0xDD, 0xDD, 0xDD, 0xDD, 0xDD, 0xDD, 0xDD, 0xDD,
    0xDD, 0xDD, 0xDD, 0xDD, 0xDD, 0xDD, 0xDD, 0xDD, 0xDD, 0xDD, 0xDD, 0xDD, 0xDD, 0xDD, 0xDD, 0x00,
    0x00, 0xDD, 0xDD, 0xDD, 0xDD, 0xDD, 0xDD, 0xDD, 0xDD, 0xDD, 0xDD, 0xDD, 0xDD, 0xDD, 0xDD, 0xDD,
    0xDD, 0xDD, 0xDD, 0xDD, 0xDD, 0xDD, 0xDD, 0xDD, 0xDD, 0xDD, 0xDD, 0xDD, 0xDD, 0xDD, 0xDD, 0x00,
    0x00, 0xDD, 0xDD, 0xDD, 0xDD, 0xDD, 0xDD, 0xDD, 0xDD, 0xDD, 0xDD, 0xDD, 0xDD, 0xDD, 0xDD, 0xDD,
    0xDD, 0xDD, 0xDD, 0xDD, 0xDD, 0xDD, 0xDD, 0xDD, 0xDD, 0xDD, 0xDD, 0xDD, 0xDD, 0xDD, 0xDD, 0x0D,
    0x00, 0xDD, 0xDD, 0xDD, 0xDD, 0xDD, 0xDD, 0xDD, 0xDD, 0xDD, 0xDD, 0xDD, 0xDD, 0xDD, 0xDD, 0xDD,
    0xDD, 0xDD, 0xDD, 0xDD, 0xDD, 0xDD, 0xDD, 0xDD, 0xDD, 0xDD, 0xDD, 0xDD, 0xDD, 0xDD, 0xDD, 0x0D,
    0x00, 0x0D, 0x0D, 0x0D, 0x0D, 0x0D, 0x9D, 0x5D, 0x2D, 0x1D, 0xCD, 0xDD, 0x1D, 0x2D, 0x2D, 0x1D,
    0x5D, 0x6D, 0x5D, 0xAD, 0x4D, 0xED, 0xED, 0xED, 0xED, 0xED, 0xED, 0x2D, 0x2D, 0x1D, 0x1D, 0x10,
    0x20, 0x2D, 0x2D, 0x1D, 0xAD, 0x6D, 0xFD, 0xFD, 0xFD, 0xFD, 0xFD, 0xFD, 0xFD, 0xFD, 0xFD, 0xFD,
    0xFD, 0xAD, 0xAD, 0xAD, 0xAD, 0xFD, 0xFD, 0xFD, 0xFD, 0x9D, 0x9D, 0xAD, 0x1D, 0x2D, 0x4D, 0xE0,
    0x00, 0x0D, 0x0D, 0x0D, 0x0D, 0x0D, 0x0D, 0x9D, 0x5D, 0x9D, 0x9D, 0x6D, 0x7D, 0x6D, 0x5D, 0x5D,
    0x6D, 0x6D, 0x6D, 0x7D, 0x7D, 0x5D, 0x6D, 0x8D, 0x7D, 0x6D, 0x6D, 0xED, 0x8D, 0x7D, 0x6D, 0x70,
    0x89, 0x99, 0x9D, 0x9D, 0x9D, 0x5D, 0x6D, 0x6D, 0x6D, 0x6D, 0x7D, 0x9D, 0x5D, 0x9D, 0x9D, 0x9D,
    0x9D, 0x9D, 0x9D, 0x9D, 0x9D, 0x9D, 0x9D, 0x9D, 0x9D, 0x9D, 0x9D, 0x0D, 0x0D, 0x0D, 0x0D, 0x00,
    0xDD, 0xDD, 0x99, 0x99, 0x99, 0x99, 0x99, 0x99, 0x99, 0x99, 0x99, 0x99, 0x99, 0x99, 0x99, 0x99,
    0x99, 0x99, 0x99, 0x99, 0x99, 0x99, 0x99, 0x99, 0x99, 0x99, 0x99, 0x99, 0x99, 0x99, 0xDD, 0xDD,
    0xDD, 0xDD, 0x19, 0x19, 0x19, 0x19, 0x19, 0x19, 0x19, 0x19, 0x19, 0x19, 0x19, 0x19, 0x19, 0x19,
    0x19, 0x19, 0x19, 0x19, 0x19, 0x19, 0x19, 0x19, 0x19, 0x19, 0x19, 0x19, 0x19, 0x19, 0xDD, 0xDD,
    0xDD, 0xDD, 0x19, 0x19, 0x19, 0x19, 0x19, 0x19, 0x19, 0x19, 0x19, 0x19, 0x19, 0x19, 0x19, 0x19,
    0x19, 0x19, 0x19, 0x19, 0x19, 0x19, 0x19, 0x19, 0x19, 0x19, 0x19, 0x19, 0x19, 0x19, 0xDD, 0xDD,
    0xDD, 0xDD, 0x19, 0x19, 0x19, 0x19, 0x19, 0x19, 0x19, 0x19, 0x19, 0x19, 0x19, 0x19, 0x19, 0x19,
    0x19, 0x19, 0x19, 0x19, 0x19, 0x19, 0x19, 0x19, 0x19, 0x19, 0x19, 0x19, 0x19, 0x19, 0xDD, 0xDD,
    0x0D, 0x0D, 0x09, 0x09, 0x09, 0x99, 0x49, 0x39, 0x19, 0x29, 0x19, 0x15, 0x29, 0x29, 0x16, 0x27,
    0x59, 0x59, 0xA9, 0x49, 0xE9, 0x49, 0x29, 0x39, 0xE9, 0xE9, 0xE9, 0x49, 0x29, 0x29, 0x2D, 0x2D,
    0x2D, 0x2D, 0x19, 0xA9, 0xF9, 0xD9, 0xD9, 0xF9, 0xF9, 0xD9, 0xD9, 0xF9, 0xF9, 0xF9, 0xF9, 0xF9,
    0xF9, 0xF9, 0xF9, 0xF9, 0xD9, 0xD9, 0xF9, 0xA9, 0xF9, 0xA9, 0xB9, 0xC9, 0x19, 0x29, 0x2D, 0x2D,
    0x0D, 0x0D, 0x09, 0x09, 0x09, 0x09, 0x09, 0x99, 0x99, 0x99, 0x69, 0x79, 0x69, 0x59, 0x59, 0x79,
    0x59, 0x69, 0x69, 0x69, 0x69, 0x69, 0x89, 0x79, 0x79, 0x69, 0x79, 0x89, 0x79, 0x69, 0x7D, 0x8D,
    0x89, 0x7D, 0x9D, 0x96, 0x96, 0x56, 0x56, 0x66, 0x66, 0x76, 0x96, 0x96, 0x96, 0x96, 0x96, 0x96,
    0x96, 0x96, 0x96, 0x96, 0x56, 0x66, 0x96, 0x96, 0x96, 0x96, 0x96, 0x96, 0x06, 0x06, 0x0D, 0x0D,
    0xDD, 0x99, 0x56, 0x56, 0x55, 0x55, 0x59, 0x59, 0xA9, 0x99, 0x99, 0x95, 0xA5, 0x55, 0x55, 0x55,
    0x55, 0x55, 0x55, 0x55, 0xA5, 0x95, 0x99, 0x99, 0xA9, 0x59, 0x55, 0x55, 0x56, 0x56, 0x99, 0xDD,
    0xDD, 0x19, 0x16, 0x16, 0x15, 0x15, 0x19, 0x19, 0x29, 0x19, 0x19, 0x45, 0x25, 0x15, 0x15, 0x15,
    0x15, 0x15, 0x15, 0x35, 0xE5, 0x15, 0x19, 0x29, 0x19, 0x19, 0x15, 0x15, 0x16, 0x16, 0x19, 0xDD,
    0xDD, 0x19, 0x16, 0x16, 0x15, 0x15, 0x15, 0x25, 0x15, 0x15, 0x15, 0x25, 0x15, 0x15, 0x15, 0x15,
    0x15, 0x15, 0x15, 0x15, 0x25, 0x15, 0x15, 0x15, 0x25, 0x15, 0x15, 0x15, 0x16, 0x16, 0x19, 0xDD,
    0xDD, 0x19, 0x16, 0x16, 0x15, 0x15, 0x15, 0x15, 0x25, 0x15, 0x15, 0x15, 0x25, 0x15, 0x15, 0x15,
    0x15, 0x15, 0x15, 0x15, 0x25, 0x15, 0x15, 0x15, 0x25, 0x15, 0x15, 0x15, 0x16, 0x16, 0x19, 0xDD,
    0x0D, 0x09, 0x09, 0x99, 0x99, 0xE9, 0xE9, 0x39, 0x29, 0x19, 0x25, 0x26, 0x29, 0x26, 0x27, 0x5E,
    0x69, 0x59, 0xA9, 0x29, 0xE9, 0x29, 0x49, 0xE9, 0xE9, 0xE9, 0xE9, 0xE9, 0xE9, 0x49, 0x39, 0x2D,
    0x2D, 0x19, 0xA3, 0xFE, 0xFE, 0xA3, 0xF1, 0xF1, 0xF1, 0xA1, 0xA1, 0xF1, 0xF2, 0xF4, 0xF4, 0xF3,
    0xF3, 0xF3, 0xF2, 0xF1, 0xF1, 0xF1, 0xF1, 0xF1, 0xA1, 0xB1, 0xCE, 0xB1, 0x11, 0x21, 0x19, 0x9D,
    0x0D, 0x09, 0x03, 0x0E, 0x0E, 0x03, 0x91, 0x91, 0x51, 0x91, 0x63, 0x63, 0x63, 0x52, 0x62, 0x62,
    0x62, 0x62, 0x62, 0x63, 0x74, 0x72, 0x72, 0x62, 0x52, 0x52, 0x6D, 0x63, 0x64, 0x74, 0x79, 0x8D,
    0xE9, 0xED, 0x76, 0x96, 0x96, 0x96, 0x56, 0x66, 0x66, 0x96, 0x96, 0x96, 0x96, 0x96, 0x96, 0x96,
    0x96, 0x96, 0x96, 0x96, 0x56, 0x56, 0x66, 0x96, 0x96, 0x96, 0x96, 0x96, 0x06, 0x06, 0x06, 0x0D,
    0xDD, 0x99, 0x55, 0x56, 0x56, 0x59, 0x59, 0x59, 0x51, 0xA9, 0x99, 0x99, 0x95, 0xA5, 0x55, 0x55,
    0x55, 0x55, 0xF5, 0xF5, 0x95, 0x99, 0x99, 0xA9, 0x51, 0x59, 0x59, 0x56, 0x56, 0x55, 0x99, 0xDD,
    0xDD, 0x19, 0x15, 0x16, 0x16, 0x19, 0x19, 0x19, 0x11, 0x29, 0x19, 0x49, 0x45, 0x15, 0x15, 0x15,
    0x15, 0x15, 0x15, 0xE5, 0x45, 0x19, 0x29, 0x19, 0x11, 0x19, 0x19, 0x16, 0x16, 0x15, 0x19, 0xDD,
    0xDD, 0x19, 0x15, 0x16, 0x16, 0x15, 0x15, 0x15, 0x25, 0x15, 0x15, 0x15, 0x25, 0x15, 0x15, 0x15,
    0x15, 0x15, 0x15, 0x25, 0x15, 0x15, 0x15, 0x25, 0x15, 0x15, 0x15, 0x16, 0x16, 0x15, 0x19, 0xDD,
    0xDD, 0x19, 0x15, 0x16, 0x16, 0x15, 0x15, 0x15, 0x15, 0x25, 0x15, 0x15, 0x15, 0x25, 0x15, 0x15,
    0x15, 0x15, 0x45, 0x45, 0x15, 0x15, 0x15, 0x25, 0x15, 0x15, 0x15, 0x16, 0x16, 0x15, 0x19, 0xDD,
    0x0D, 0x09, 0x99, 0x39, 0xE9, 0x49, 0x49, 0x45, 0x39, 0x35, 0x17, 0x1E, 0x19, 0x58, 0x58, 0x6E,
    0x6E, 0xA7, 0x39, 0x49, 0xE9, 0xE9, 0xE9, 0xE9, 0xE9, 0xE9, 0xE9, 0xE9, 0xE9, 0x49, 0x49, 0x3D,
    0x2D, 0xA9, 0xF3, 0xFE, 0xFE, 0xA3, 0xF1, 0xF1, 0xA1, 0xA1, 0xF1, 0xF2, 0xF4, 0xF3, 0xF2, 0xF2,
    0xF2, 0xF2, 0xF2, 0xF2, 0xF1, 0xF1, 0xA1, 0xA1, 0xB1, 0xC1, 0xC1, 0xA1, 0x21, 0x11, 0x19, 0x1D,
    0x0D, 0x09, 0x03, 0x0E, 0x0E, 0x03, 0x91, 0x61, 0x51, 0x53, 0x93, 0x63, 0x62, 0x52, 0x61, 0x61,
    0xE1, 0x51, 0x62, 0x72, 0x73, 0x64, 0x92, 0x92, 0x92, 0x92, 0x52, 0x53, 0x64, 0x74, 0x89, 0xED,
    0xE9, 0xED, 0x86, 0x86, 0x76, 0x76, 0x66, 0x56, 0x56, 0x96, 0x96, 0x96, 0x96, 0x96, 0x96, 0x96,
    0x96, 0x96, 0x96, 0x96, 0x96, 0x56, 0x56, 0x96, 0x96, 0x96, 0x96, 0x96, 0x06, 0x06, 0x06, 0x0D,
    0xDD, 0x99, 0x55, 0x55, 0x55, 0x56, 0x55, 0x59, 0x53, 0x51, 0xA9, 0x99, 0x95, 0x95, 0xA5, 0xA5,
    0xA5, 0xF5, 0xD5, 0xF5, 0x95, 0x99, 0xA9, 0x51, 0x52, 0x55, 0x56, 0x55, 0x55, 0x55, 0x99, 0xDD,
    0xDD, 0x19, 0x15, 0x15, 0x15, 0x16, 0x15, 0x19, 0x13, 0x11, 0x29, 0x39, 0x45, 0x25, 0x25, 0x25,
    0x25, 0x25, 0x35, 0xE5, 0x35, 0x29, 0x19, 0x11, 0x12, 0x15, 0x16, 0x15, 0x15, 0x15, 0x19, 0xDD,
    0xDD, 0x19, 0x15, 0x15, 0x15, 0x16, 0x12, 0x12, 0x12, 0x25, 0x15, 0x15, 0x15, 0x25, 0x16, 0x16,
    0x16, 0x16, 0x25, 0x15, 0x15, 0x15, 0x25, 0x11, 0x11, 0x15, 0x16, 0x15, 0x15, 0x15, 0x19, 0xDD,
    0xDD, 0x19, 0x15, 0x15, 0x15, 0x16, 0x12, 0x12, 0x12, 0x15, 0x25, 0x15, 0x15, 0x15, 0x26, 0x26,
    0x26, 0x46, 0xE5, 0x45, 0x15, 0x15, 0x25, 0x11, 0x11, 0x15, 0x16, 0x15, 0x15, 0x15, 0x19, 0xDD,
    0x0D, 0x99, 0x39, 0x49, 0x49, 0x49, 0x46, 0xE7, 0xE6, 0xE6, 0x4E, 0x4E, 0x38, 0x5E, 0x5E, 0x6E,
    0x68, 0xAB, 0x3B, 0x49, 0x49, 0xE9, 0xE9, 0xE9, 0xE9, 0xE9, 0xE9, 0xE9, 0xE9, 0x49, 0x49, 0x3D,
    0x2D, 0xA9, 0xF1, 0xF3, 0xF3, 0xF1, 0xF1, 0xF1, 0xF1, 0xF1, 0xF2, 0xF4, 0xF3, 0xF2, 0xF2, 0xF1,
    0xF1, 0xF1, 0xF2, 0xF2, 0xA2, 0xA1, 0xA1, 0x91, 0xD1, 0xD1, 0xD1, 0xA1, 0x21, 0x21, 0x39, 0x2D,
    0x0D, 0x09, 0x01, 0x03, 0x03, 0x91, 0x91, 0x71, 0x52, 0x93, 0x93, 0x72, 0x62, 0x71, 0x61, 0x7E,
    0x9E, 0x71, 0x61, 0x72, 0x72, 0x93, 0x94, 0x92, 0x52, 0x92, 0x92, 0x53, 0x63, 0x74, 0x79, 0x8D,
    0xE9, 0x8D, 0xE6, 0x86, 0x76, 0x66, 0x96, 0x96, 0x96, 0x96, 0x96, 0x96, 0x96, 0x96, 0x96, 0x96,
    0x96, 0x96, 0x96, 0x96, 0x96, 0x96, 0x96, 0x96, 0x96, 0x96, 0x96, 0x96, 0x96, 0x06, 0x06, 0x0D,
    0xDD, 0x99, 0x55, 0x55, 0x55, 0x55, 0x56, 0x59, 0x53, 0x53, 0x59, 0xA9, 0x99, 0x95, 0x96, 0x96,
    0xF6, 0xF6, 0xD5, 0xF5, 0xB9, 0xA9, 0x59, 0x52, 0x52, 0x56, 0x55, 0x55, 0x55, 0x55, 0x99, 0xDD,
    0xDD, 0x19, 0x15, 0x15, 0x15, 0x15, 0x16, 0x19, 0x13, 0x13, 0x19, 0x29, 0x49, 0x35, 0x16, 0x16,
    0x16, 0x16, 0x35, 0x45, 0x19, 0x19, 0x19, 0x12, 0x12, 0x16, 0x15, 0x15, 0x15, 0x15, 0x19, 0xDD,
    0xDD, 0x19, 0x15, 0x15, 0x15, 0x12, 0x12, 0x13, 0x13, 0x12, 0x21, 0x15, 0x15, 0x15, 0x26, 0x25,
    0x25, 0x26, 0x15, 0x15, 0x15, 0x21, 0x12, 0x12, 0x12, 0x11, 0x11, 0x15, 0x15, 0x15, 0x19, 0xDD,
    0xDD, 0x19, 0x15, 0x15, 0x15, 0x12, 0x12, 0x13, 0x13, 0x12, 0x11, 0x25, 0x15, 0x15, 0x16, 0x15,
    0x45, 0x46, 0xE5, 0x45, 0x35, 0x21, 0x12, 0x12, 0x12, 0x11, 0x11, 0x15, 0x15, 0x15, 0x19, 0xDD,
    0x9D, 0x39, 0x29, 0x59, 0x45, 0x49, 0xE7, 0x4E, 0x48, 0x47, 0x4E, 0x4E, 0x4E, 0x3E, 0x5E, 0x5E,
    0x6C, 0xAC, 0x3C, 0x4B, 0x3B, 0xE9, 0xE9, 0xE2, 0xE9, 0xE9, 0xE9, 0xE9, 0x49, 0x49, 0x39, 0x3D,
    0x2D, 0xA9, 0xF1, 0xF1, 0xA1, 0xA1, 0xA1, 0xA1, 0xA1, 0xA2, 0xA4, 0xA3, 0xF2, 0xF2, 0xF1, 0xF1,
    0xF1, 0xF1, 0xF1, 0xA1, 0xA2, 0x32, 0x11, 0x91, 0xD1, 0x91, 0xC1, 0x11, 0x21, 0x41, 0x49, 0x4D,
    0x0D, 0x09, 0x01, 0x01, 0x01, 0x91, 0x91, 0x91, 0x53, 0x93, 0x52, 0x62, 0x51, 0x61, 0x5E, 0x6E,
    0x9E, 0x6E, 0x61, 0x71, 0x82, 0x92, 0x93, 0x54, 0x52, 0x62, 0x92, 0x52, 0x53, 0x63, 0x79, 0x8D,
    0x89, 0x7D, 0x86, 0x76, 0x66, 0x96, 0x96, 0x96, 0x96, 0x96, 0x96, 0x96, 0x96, 0x96, 0x96, 0x96,
    0x96, 0x96, 0x96, 0x96, 0x96, 0x96, 0x96, 0x96, 0x96, 0x96, 0x96, 0x96, 0x96, 0x06, 0x06, 0x0D,
    0xDD, 0x99, 0x55, 0x55, 0x55, 0x55, 0x55, 0x59, 0x54, 0x53, 0x59, 0x59, 0xA9, 0x95, 0xF6, 0xF5,
    0x25, 0xF6, 0xD5, 0xF5, 0xB9, 0xF9, 0x51, 0x52, 0x52, 0x55, 0x55, 0x55, 0x55, 0x55, 0x99, 0xDD,
    0xDD, 0x19, 0x15, 0x15, 0x15, 0x15, 0x15, 0x19, 0x14, 0x13, 0x29, 0x29, 0x49, 0x35, 0x16, 0x35,
    0x35, 0x16, 0x45, 0x45, 0x19, 0x29, 0x11, 0x12, 0x12, 0x15, 0x15, 0x15, 0x15, 0x15, 0x19, 0xDD,
    0xDD, 0x19, 0x15, 0x15, 0x12, 0x12, 0x12, 0x12, 0x11, 0x11, 0x12, 0x22, 0x11, 0x1B, 0x1B, 0x1B,
    0x1B, 0x1B, 0x1B, 0x11, 0x22, 0x13, 0x13, 0x12, 0x11, 0x11, 0x11, 0x11, 0x15, 0x15, 0x19, 0xDD,
    0xDD, 0x19, 0x15, 0x15, 0x12, 0x12, 0x12, 0x12, 0x11, 0x11, 0x12, 0x12, 0x21, 0x1B, 0x4B, 0x4B,
    0x2B, 0x4B, 0xEB, 0x41, 0x32, 0x43, 0x13, 0x12, 0x11, 0x11, 0x11, 0x11, 0x15, 0x15, 0x19, 0xDD,
    0x9D, 0x39, 0x59, 0x49, 0x46, 0x46, 0x48, 0x3E, 0x2E, 0x1E, 0x1E, 0x1E, 0x3E, 0x48, 0x3E, 0x5E,
    0x5C, 0xAB, 0x3C, 0x3B, 0x2C, 0x4B, 0xE2, 0xE9, 0xE9, 0xE2, 0x49, 0x49, 0x49, 0x49, 0x39, 0x2D,
    0x2D, 0x19, 0xA1, 0xA1, 0xA1, 0xA1, 0xA1, 0xA1, 0xA2, 0xA4, 0xA3, 0xA2, 0xA2, 0xA1, 0xA1, 0xAE,
    0xA2, 0xA1, 0xA9, 0x31, 0x31, 0x22, 0x22, 0x91, 0xD1, 0x91, 0xC1, 0x11, 0xD1, 0xE1, 0xE9, 0xED,
    0x0D, 0x09, 0x01, 0x01, 0x01, 0x91, 0x91, 0x52, 0x93, 0x92, 0x52, 0x51, 0x54, 0x63, 0x53, 0x5E,
    0x6E, 0x63, 0x64, 0x73, 0x81, 0x92, 0x92, 0x53, 0x52, 0x62, 0x92, 0x92, 0x52, 0x53, 0x79, 0x7D,
    0x69, 0x7D, 0x76, 0x76, 0x56, 0x96, 0x96, 0x96, 0x56, 0x56, 0x96, 0x96, 0x96, 0x96, 0x96, 0x96,
    0x96, 0x96, 0x96, 0x96, 0x96, 0x96, 0x96, 0x96, 0x96, 0x96, 0x96, 0x96, 0x96, 0x06, 0x06, 0x0D,
    0xDD, 0x99, 0x55, 0x55, 0x55, 0x55, 0x55, 0x59, 0x54, 0x54, 0x59, 0xD9, 0xD9, 0xBB, 0xBB, 0x2B,
    0x2B, 0xFB, 0xDB, 0xBB, 0xB9, 0xF9, 0xF2, 0x52, 0x52, 0x55, 0x55, 0x55, 0x55, 0x55, 0x99, 0xDD,
    0xDD, 0x19, 0x15, 0x15, 0x15, 0x15, 0x15, 0x19, 0x14, 0x14, 0x49, 0x29, 0x49, 0x3B, 0x1B, 0x1B,
    0x1B, 0x1B, 0x4B, 0x4B, 0x19, 0x29, 0x12, 0x12, 0x12, 0x15, 0x15, 0x15, 0x15, 0x15, 0x19, 0xDD,
    0xDD, 0x19, 0x15, 0x15, 0x12, 0x13, 0x13, 0x13, 0x12, 0x12, 0x11, 0x22, 0x12, 0x21, 0x19, 0x29,
    0x29, 0x19, 0x21, 0x12, 0x22, 0x11, 0x12, 0x12, 0x12, 0x12, 0x11, 0x11, 0x15, 0x15, 0x19, 0xDD,
    0xDD, 0x19, 0x15, 0x15, 0x12, 0x13, 0x13, 0x13, 0x12, 0x12, 0x11, 0xE2, 0xE2, 0x31, 0x39, 0x29,
    0x29, 0x49, 0xE1, 0x32, 0x32, 0x41, 0x42, 0x12, 0x12, 0x12, 0x11, 0x11, 0x15, 0x15, 0x19, 0xDD,
    0x9D, 0x33, 0x44, 0x49, 0x47, 0x36, 0x28, 0x1E, 0x1E, 0x1E, 0x2E, 0x1E, 0x1E, 0x37, 0x38, 0x5E,
    0x5C, 0xAD, 0x2D, 0x3B, 0x2D, 0x4C, 0x4B, 0x49, 0x42, 0x49, 0x49, 0x49, 0x49, 0x34, 0x24, 0x2D,
    0x1D, 0x19, 0xA1, 0xA1, 0x21, 0x21, 0xA1, 0xA2, 0x13, 0x23, 0x22, 0x22, 0x21, 0x11, 0x1E, 0xAE,
    0xA4, 0x32, 0x41, 0x49, 0x39, 0x21, 0x12, 0x92, 0xD1, 0x91, 0xC1, 0xB1, 0xE1, 0xE1, 0xD9, 0xDD,
    0x0D, 0x09, 0x01, 0x01, 0x01, 0x93, 0x93, 0x53, 0x53, 0x62, 0x51, 0x64, 0x53, 0x51, 0x51, 0x61,
    0x52, 0x52, 0x62, 0x74, 0x73, 0x91, 0x92, 0x93, 0x54, 0x64, 0x93, 0x92, 0x52, 0x72, 0x89, 0x8D,
    0x79, 0x9D, 0x56, 0x76, 0x66, 0x96, 0x96, 0x96, 0x56, 0x66, 0x56, 0x96, 0x96, 0x96, 0x96, 0x96,
    0x96, 0x96, 0x96, 0x96, 0x96, 0x96, 0x96, 0x96, 0x96, 0x96, 0x96, 0x96, 0x96, 0x96, 0x06, 0x0D,
    0xDD, 0x99, 0x55, 0x55, 0x55, 0x55, 0x55, 0x59, 0x54, 0xA4, 0xF9, 0xF9, 0xF9, 0xF9, 0xD9, 0x29,
    0x29, 0xF9, 0xD9, 0xB9, 0xB9, 0xB9, 0xB2, 0xA2, 0x52, 0x55, 0x55, 0x55, 0x55, 0x55, 0x99, 0xDD,
    0xDD, 0x19, 0x15, 0x15, 0x15, 0x15, 0x15, 0x19, 0x14, 0x24, 0xE9, 0x29, 0x49, 0x39, 0x19, 0x19,
    0x19, 0x19, 0x49, 0x49, 0x19, 0x19, 0x22, 0x12, 0x12, 0x15, 0x15, 0x15, 0x15, 0x15, 0x19, 0xDD,
    0xDD, 0x19, 0x15, 0x12, 0x13, 0x13, 0x12, 0x12, 0x12, 0x12, 0x22, 0x11, 0x11, 0x11, 0x19, 0x19,
    0x19, 0x19, 0x12, 0x11, 0x11, 0x22, 0x12, 0x12, 0x12, 0x12, 0x12, 0x11, 0x11, 0x15, 0x19, 0xDD,
    0xDD, 0x19, 0x15, 0x12, 0x13, 0x13, 0x12, 0x12, 0x12, 0x22, 0x42, 0x41, 0x41, 0x41, 0xE9, 0x29,
    0x29, 0x49, 0xE2, 0x31, 0x31, 0x32, 0x32, 0x12, 0x12, 0x12, 0x12, 0x11, 0x11, 0x15, 0x19, 0xDD,
    0x9D, 0x32, 0x34, 0x23, 0x15, 0x17, 0x18, 0x18, 0x2E, 0x28, 0x2E, 0x2E, 0x28, 0x23, 0x27, 0x5E,
    0x5C, 0xAB, 0xAD, 0x2C, 0x1E, 0x1D, 0x19, 0x4B, 0x49, 0x49, 0x49, 0x31, 0x34, 0x24, 0x22, 0xED,
    0xCD, 0xC9, 0xB1, 0xA1, 0x21, 0x43, 0xA2, 0x13, 0x13, 0x12, 0x12, 0x11, 0x1E, 0x34, 0x43, 0x4E,
    0x43, 0x41, 0x31, 0x33, 0x29, 0x29, 0x19, 0x91, 0xD2, 0xD2, 0xB2, 0xD1, 0xD1, 0xD1, 0xB9, 0xAD,
    0x0D, 0x09, 0x01, 0x01, 0x01, 0x92, 0x93, 0x93, 0x92, 0x51, 0x51, 0x63, 0x61, 0x51, 0x5E, 0x6E,
    0x5E, 0x6E, 0x62, 0x72, 0x74, 0x61, 0x91, 0x92, 0x63, 0x63, 0x93, 0x52, 0x52, 0x72, 0x69, 0x8D,
    0x69, 0x5D, 0x56, 0x76, 0x66, 0x56, 0x96, 0x96, 0x56, 0x76, 0x56, 0x96, 0x96, 0x96, 0x96, 0x96,
    0x96, 0x96, 0x96, 0x96, 0x96, 0x96, 0x96, 0x96, 0x96, 0x96, 0x96, 0x96, 0x96, 0x96, 0x06, 0x0D,
    0xDD, 0x99, 0x55, 0x55, 0x55, 0x55, 0x55, 0x51, 0xA4, 0xA4, 0xA9, 0xA9, 0xB9, 0xF9, 0xF9, 0xBA,
    0x2A, 0xDA, 0xF9, 0xB9, 0xB9, 0xB9, 0xF2, 0xD2, 0xF3, 0x55, 0x55, 0x55, 0x55, 0x55, 0x99, 0xDD,
    0xDD, 0x19, 0x15, 0x15, 0x15, 0x15, 0x15, 0x11, 0x24, 0x34, 0xE9, 0x29, 0x49, 0x39, 0x29, 0x1A,
    0x1A, 0x2A, 0x39, 0x49, 0x29, 0x19, 0x22, 0x22, 0x13, 0x15, 0x15, 0x15, 0x15, 0x15, 0x19, 0xDD,
    0xDD, 0x19, 0x15, 0x12, 0x33, 0x32, 0x32, 0x32, 0x12, 0x22, 0x12, 0x12, 0x11, 0x19, 0x21, 0x23,
    0x22, 0x21, 0x19, 0x11, 0x12, 0x11, 0x21, 0x11, 0x32, 0x32, 0x31, 0x31, 0x11, 0x15, 0x19, 0xDD,
    0xDD, 0x19, 0x15, 0x12, 0x13, 0x12, 0x12, 0x12, 0x22, 0x12, 0x12, 0x12, 0x31, 0x49, 0x41, 0x33,
    0x22, 0xE1, 0x49, 0x31, 0x32, 0x31, 0x41, 0xE1, 0x42, 0x12, 0x11, 0x11, 0x11, 0x15, 0x19, 0xDD,
    0x9D, 0x39, 0x13, 0x14, 0x11, 0x26, 0x27, 0x28, 0x28, 0x28, 0x2E, 0x1E, 0x53, 0x53, 0x53, 0x5E,
    0x6C, 0x9E, 0xAE, 0xAC, 0xCE, 0xEE, 0xCD, 0x1C, 0x3B, 0x39, 0x39, 0x13, 0x14, 0x13, 0x19, 0xDD,
    0xCD, 0xC9, 0xB1, 0xA1, 0x21, 0x33, 0x43, 0xE3, 0xE2, 0xE2, 0xE1, 0x4E, 0x44, 0x41, 0x41, 0x41,
    0x31, 0x39, 0x29, 0x21, 0x13, 0x19, 0x19, 0xA9, 0x99, 0x91, 0xB2, 0xC1, 0xD1, 0xD1, 0xB9, 0xCD,
    0x0D, 0x09, 0x01, 0x01, 0x01, 0x92, 0x92, 0x92, 0x91, 0x91, 0x51, 0x51, 0x61, 0x54, 0x52, 0x51,
    0x51, 0x62, 0x7E, 0x72, 0x72, 0x52, 0x61, 0x61, 0x62, 0x92, 0x53, 0x52, 0x62, 0x72, 0x69, 0x6D,
    0x69, 0x6D, 0x66, 0x66, 0x76, 0x96, 0x96, 0x56, 0x56, 0x56, 0x96, 0x96, 0x96, 0x96, 0x96, 0x96,
    0x96, 0x96, 0x96, 0x96, 0x96, 0x96, 0x96, 0x96, 0x96, 0x96, 0x96, 0x96, 0x96, 0x96, 0x06, 0x0D,
    0xDD, 0x99, 0x55, 0x55, 0x55, 0x55, 0x55, 0xA2, 0xA4, 0xA4, 0xB1, 0x29, 0xA9, 0xB9, 0xF9, 0xD9,
    0x29, 0xD9, 0xB9, 0xB9, 0xB9, 0xD9, 0xF2, 0xB2, 0xB3, 0xB5, 0x55, 0x55, 0x55, 0x55, 0x99, 0xDD,
    0xDD, 0x19, 0x15, 0x15, 0x15, 0x15, 0x15, 0x22, 0x14, 0x34, 0xE1, 0x29, 0x39, 0x49, 0x39, 0x39,
    0x39, 0x39, 0x49, 0x39, 0x39, 0x19, 0x22, 0x12, 0x23, 0x15, 0x15, 0x15, 0x15, 0x15, 0x19, 0xDD,
    0xDD, 0x19, 0x15, 0x32, 0xE2, 0xE2, 0xE1, 0x41, 0x31, 0x11, 0x11, 0x11, 0x19, 0x19, 0x12, 0x12,
    0x12, 0x12, 0x19, 0x19, 0x11, 0x11, 0x11, 0x31, 0x41, 0xE1, 0xE1, 0xE1, 0x31, 0x15, 0x19, 0xDD,
    0xDD, 0x19, 0x15, 0x12, 0x12, 0x12, 0x11, 0x21, 0x11, 0x11, 0x31, 0x21, 0x19, 0x39, 0x42, 0xE2,
    0x22, 0xE2, 0x39, 0x39, 0x31, 0xE1, 0x41, 0x31, 0x31, 0x31, 0x11, 0x11, 0x11, 0x15, 0x19, 0xDD,
    0x9D, 0x99, 0x91, 0x93, 0x93, 0x11, 0x26, 0x27, 0x1E, 0x58, 0x57, 0x52, 0x63, 0x6E, 0x64, 0x93,
    0x9C, 0x9D, 0xDE, 0x9C, 0xAE, 0xAE, 0xAD, 0x1B, 0x19, 0x19, 0x11, 0x24, 0x23, 0x11, 0xC9, 0xCD,
    0xBD, 0xB9, 0xA1, 0xA1, 0x11, 0x22, 0x32, 0x32, 0x32, 0x31, 0x32, 0x32, 0x31, 0x31, 0x31, 0x21,
    0x21, 0x29, 0x19, 0x19, 0x11, 0x12, 0x19, 0xA9, 0xB9, 0x91, 0x92, 0x91, 0xB1, 0xC1, 0xC9, 0xCD,
    0x0D, 0x09, 0x01, 0x01, 0x91, 0x91, 0x92, 0x52, 0x61, 0x91, 0x51, 0x53, 0x54, 0x51, 0x61, 0x61,
    0x51, 0x71, 0x71, 0x64, 0x64, 0x62, 0x92, 0x91, 0x92, 0x53, 0x52, 0x62, 0x52, 0x52, 0x59, 0x5D,
    0x69, 0x7D, 0x66, 0x76, 0x86, 0x76, 0x56, 0x96, 0x96, 0x96, 0x96, 0x96, 0x96, 0x96, 0x96, 0x96,
    0x96, 0x96, 0x96, 0x96, 0x96, 0x96, 0x96, 0x96, 0x96, 0x96, 0x96, 0x96, 0x96, 0x96, 0x96, 0x0D,
    0xDD, 0x99, 0x55, 0x55, 0x55, 0x55, 0xA5, 0xA3, 0xAE, 0xB4, 0x23, 0xF9, 0xF9, 0xA9, 0xBA, 0xFA,
    0x2A, 0xFA, 0xBA, 0xB9, 0xD9, 0xF9, 0xB2, 0xA3, 0xA3, 0xA5, 0xB5, 0x55, 0x55, 0x55, 0x99, 0xDD,
    0xDD, 0x19, 0x15, 0x15, 0x15, 0x15, 0x25, 0x13, 0x1E, 0x24, 0x43, 0xE9, 0xE9, 0x49, 0x2A, 0xEA,
    0xEA, 0x2A, 0x4A, 0xE9, 0xE9, 0x29, 0x22, 0x13, 0x13, 0x25, 0x15, 0x15, 0x15, 0x15, 0x19, 0xDD,
    0xDD, 0x19, 0x15, 0x32, 0x42, 0x11, 0x11, 0xE1, 0x41, 0x31, 0x11, 0x1C, 0x1D, 0x3D, 0x3C, 0x31,
    0x31, 0x3C, 0x3D, 0x1D, 0x1C, 0x19, 0x39, 0x41, 0xE1, 0x11, 0x11, 0x21, 0x31, 0x15, 0x19, 0xDD,
    0xDD, 0x19, 0x15, 0x12, 0x12, 0x11, 0x21, 0x11, 0x11, 0x31, 0x21, 0x4C, 0x4D, 0x1D, 0x3C, 0x41,
    0x21, 0x4C, 0x3D, 0x3D, 0xEC, 0x49, 0x39, 0x11, 0x11, 0x11, 0x31, 0x11, 0x11, 0x15, 0x19, 0xDD,
    0x0D, 0x09, 0x09, 0x01, 0x03, 0x93, 0x91, 0x98, 0x9E, 0x9E, 0x98, 0x97, 0x92, 0x64, 0x6E, 0x93,
    0x9C, 0x92, 0xB2, 0xDD, 0x9C, 0x1E, 0x2C, 0x2C, 0x2B, 0x2A, 0x23, 0x23, 0x11, 0x19, 0xC9, 0xBD,
    0xAD, 0xA9, 0xA1, 0xA1, 0xA1, 0xB1, 0x22, 0x22, 0x21, 0x21, 0x21, 0x21, 0x21, 0x21, 0x2E, 0x2E,
    0x14, 0x14, 0x11, 0x19, 0x19, 0xA9, 0xA9, 0xA9, 0xC1, 0xB2, 0x91, 0x91, 0x91, 0x91, 0x99, 0xBD,
    0x0D, 0x09, 0x01, 0x01, 0x91, 0x91, 0x91, 0x62, 0x71, 0x93, 0x53, 0x51, 0x51, 0x61, 0x61, 0x71,
    0x61, 0x51, 0x61, 0x71, 0x61, 0x63, 0x93, 0x91, 0x93, 0x52, 0x62, 0x72, 0x72, 0x62, 0x69, 0x7D,
    0x79, 0x7D, 0x76, 0x76, 0x7E, 0x5E, 0x5E, 0x9E, 0x9E, 0x9E, 0x9E, 0x9E, 0x9E, 0x9E, 0x9E, 0x9E,
    0x9E, 0x9E, 0x9E, 0x9E, 0x9E, 0x9E, 0x9E, 0x9E, 0x9E, 0x9E, 0x9E, 0x9E, 0x9E, 0x96, 0x96, 0x0D,
    0xDD, 0x99, 0x55, 0x55, 0x55, 0xA5, 0xA5, 0x94, 0xBE, 0x94, 0xF3, 0xF9, 0xF9, 0xF9, 0xA9, 0xB1,
    0xD9, 0xB1, 0xB9, 0xF1, 0xF9, 0xB9, 0xA2, 0xA3, 0x22, 0xB2, 0xA5, 0x55, 0x55, 0x55, 0x99, 0xDD,
    0xDD, 0x19, 0x15, 0x15, 0x15, 0x25, 0x15, 0x14, 0x1E, 0x34, 0xE3, 0x39, 0x19, 0x19, 0x19, 0x41,
    0x49, 0x11, 0x39, 0x41, 0xE9, 0x49, 0x22, 0x13, 0x12, 0x12, 0x25, 0x15, 0x15, 0x15, 0x19, 0xDD,
    0xDD, 0x19, 0x15, 0x11, 0x41, 0x31, 0x21, 0x11, 0xEC, 0x4D, 0x3E, 0x3E, 0x4E, 0xEE, 0xEE, 0xED,
    0xED, 0x4E, 0x4E, 0x4D, 0x3D, 0x3D, 0x4C, 0xE9, 0x11, 0x11, 0x21, 0x21, 0x11, 0x15, 0x19, 0xDD,
    0xDD, 0x19, 0x15, 0x11, 0x11, 0x21, 0x11, 0x11, 0x3C, 0x1D, 0x4E, 0x4E, 0x4E, 0x4E, 0x1E, 0x3D,
    0xED, 0x3E, 0x3E, 0x4D, 0x4D, 0x3D, 0x1C, 0x19, 0x21, 0x31, 0x11, 0x11, 0x11, 0x15, 0x19, 0xDD,
    0x0D, 0x09, 0x09, 0x02, 0x01, 0x03, 0x01, 0x0E, 0x0E, 0x9E, 0xBE, 0xA8, 0x92, 0x93, 0x64, 0x93,
    0x92, 0x9C, 0x9E, 0xCD, 0xBC, 0x9C, 0x1E, 0x1E, 0x1C, 0x1A, 0x13, 0x11, 0x12, 0xC9, 0xB9, 0xAD,
    0x9D, 0x99, 0x91, 0x94, 0xD1, 0xB1, 0x91, 0x94, 0x11, 0x11, 0x11, 0x11, 0x11, 0x1E, 0x19, 0x19,
    0x19, 0x19, 0x13, 0x11, 0xA9, 0x79, 0x69, 0x99, 0xD2, 0xD1, 0x91, 0x91, 0x91, 0xA1, 0x99, 0x9D,
    0x0D, 0x09, 0x01, 0x0D, 0x91, 0x91, 0x91, 0x94, 0x91, 0x91, 0x51, 0x51, 0x51, 0x61, 0x72, 0x71,
    0x71, 0x62, 0x71, 0x61, 0x91, 0x91, 0x61, 0x61, 0x54, 0x52, 0x62, 0x62, 0x72, 0x72, 0x79, 0x8D,
    0x89, 0x8D, 0x56, 0x56, 0x5E, 0x5E, 0x9E, 0x9E, 0x9E, 0x9E, 0x9E, 0x9E, 0x9E, 0x9E, 0x9E, 0x9E,
    0x9E, 0x9E, 0x9E, 0x9E, 0x9E, 0x9E, 0x9E, 0x9E, 0x9E, 0x9E, 0x9E, 0x9E, 0x9E, 0x96, 0x96, 0x0D,
    0xDD, 0x99, 0x55, 0x55, 0xB5, 0xA5, 0x92, 0x94, 0xBE, 0xF4, 0xF3, 0x29, 0x22, 0xF9, 0xA2, 0xA1,
    0xD9, 0xF1, 0xD9, 0xF2, 0xB1, 0xA9, 0xA2, 0xF4, 0x21, 0x2E, 0xB4, 0xA5, 0x55, 0x55, 0x99, 0xDD,
    0xDD, 0x19, 0x15, 0x15, 0x25, 0x15, 0x12, 0x14, 0x2E, 0x44, 0x33, 0x19, 0xE2, 0xE9, 0x12, 0x21,
    0x29, 0x11, 0x19, 0x22, 0x31, 0xE9, 0x42, 0x24, 0x11, 0x1E, 0x14, 0x25, 0x15, 0x15, 0x19, 0xDD,
    0xDD, 0x19, 0x25, 0x15, 0x41, 0x11, 0x31, 0x2C, 0x1E, 0xEE, 0x4E, 0x4E, 0xEE, 0xEE, 0xEE, 0xEE,
    0xEE, 0xEE, 0x4E, 0x4D, 0x4D, 0x4D, 0xED, 0x1D, 0x19, 0x21, 0x11, 0x21, 0x15, 0x25, 0x19, 0xDD,
    0xDD, 0x19, 0x15, 0x15, 0x21, 0x11, 0x11, 0x1C, 0x3E, 0x4E, 0x4E, 0x2E, 0x2E, 0x4E, 0x1E, 0x1E,
    0xEE, 0x4E, 0xEE, 0x4D, 0x3D, 0x1D, 0x1D, 0x4D, 0x29, 0x21, 0x31, 0x11, 0x15, 0x15, 0x19, 0xDD,
    0x0D, 0x09, 0x09, 0x01, 0x02, 0x01, 0x01, 0x06, 0x06, 0x9E, 0xCE, 0xBE, 0xAE, 0x92, 0x93, 0x93,
    0x9B, 0x92, 0x92, 0xCD, 0xBD, 0x9E, 0x92, 0x92, 0x9E, 0x9B, 0x11, 0xA2, 0xA1, 0xB9, 0xB9, 0xAD,
    0x9D, 0x99, 0x91, 0xD1, 0xC1, 0xA1, 0x71, 0x62, 0x91, 0x13, 0x11, 0x11, 0x14, 0x19, 0x19, 0x19,
    0x19, 0x19, 0xA9, 0xA3, 0xA1, 0x61, 0x92, 0xD9, 0xC1, 0xB1, 0x91, 0x91, 0xB1, 0xC1, 0xA9, 0x9D,
    0x0D, 0x09, 0x01, 0x91, 0x91, 0x91, 0x91, 0x93, 0x91, 0x51, 0x51, 0x51, 0x52, 0x52, 0x63, 0x61,
    0x61, 0x63, 0x72, 0x92, 0x91, 0x51, 0x61, 0x61, 0x53, 0x62, 0x62, 0x52, 0x62, 0x72, 0x89, 0xED,
    0x59, 0x9D, 0x96, 0x96, 0x96, 0x96, 0x96, 0x96, 0x96, 0x56, 0x56, 0x96, 0x96, 0x96, 0x96, 0x96,
    0x96, 0x56, 0x56, 0x56, 0x56, 0x96, 0x96, 0x96, 0x96, 0x96, 0x96, 0x96, 0x96, 0x96, 0x96, 0x9D,
    0xDD, 0x99, 0xB5, 0xB5, 0xA5, 0x95, 0x93, 0x9E, 0xBE, 0x22, 0xF2, 0xF9, 0x23, 0x29, 0xA3, 0xA1,
    0xF9, 0xF1, 0xF9, 0xB1, 0xA2, 0xA9, 0xF2, 0xF4, 0xF4, 0x21, 0x23, 0xB2, 0xA5, 0xA5, 0x99, 0xDD,
    0xDD, 0x19, 0x25, 0x25, 0x15, 0x15, 0x13, 0x1E, 0x2E, 0x32, 0x12, 0xE9, 0x13, 0xE9, 0x13, 0xE1,
    0xE9, 0x11, 0x49, 0x11, 0x12, 0x39, 0x42, 0x24, 0x14, 0x11, 0x13, 0x12, 0x25, 0x25, 0x19, 0xDD,
    0xDD, 0x19, 0x15, 0x15, 0x35, 0x31, 0x11, 0x1E, 0x1E, 0xEE, 0x4D, 0x4D, 0x4E, 0x4E, 0x4E, 0xEE,
    0xEE, 0x4E, 0x4E, 0x4D, 0x4D, 0x4D, 0xED, 0x1D, 0x1C, 0x19, 0x21, 0x25, 0x15, 0x15, 0x19, 0xDD,
    0xDD, 0x19, 0x25, 0x25, 0x15, 0x11, 0x11, 0x1E, 0x3E, 0x2E, 0x4D, 0x4D, 0x2E, 0x2E, 0x1E, 0x1E,
    0x4E, 0x4E, 0x4E, 0x3D, 0x1D, 0x1D, 0x4D, 0x4D, 0x4C, 0x29, 0x21, 0x35, 0x25, 0x25, 0x19, 0xDD,
    0x0D, 0x09, 0x09, 0x09, 0x03, 0x02, 0x03, 0x05, 0x07, 0x01, 0x91, 0xC1, 0xAE, 0x9E, 0x92, 0x93,
    0x92, 0x9C, 0xCD, 0xBE, 0x9E, 0x9E, 0x92, 0x92, 0x1E, 0x1B, 0x13, 0x93, 0xB9, 0xB9, 0xA9, 0x9D,
    0x9D, 0x99, 0x91, 0xA1, 0xC1, 0x91, 0x61, 0x62, 0x91, 0x91, 0x93, 0xA3, 0xA1, 0x19, 0xA2, 0xA9,
    0x19, 0xA2, 0x79, 0x69, 0x92, 0x92, 0xC9, 0xB9, 0x91, 0x91, 0x91, 0xB1, 0xC2, 0xE1, 0xB9, 0x9D,
    0x0D, 0x09, 0x01, 0x91, 0x91, 0x91, 0x92, 0x51, 0x91, 0x54, 0x62, 0x52, 0x62, 0x52, 0x53, 0x51,
    0x61, 0x63, 0x62, 0x92, 0x52, 0x72, 0x94, 0x51, 0x52, 0x52, 0x52, 0x62, 0x72, 0x82, 0xE9, 0x5D,
    0x99, 0x9D, 0x96, 0x56, 0x56, 0x96, 0x96, 0x96, 0x56, 0x56, 0x66, 0x96, 0x96, 0x96, 0x96, 0x96,
    0x56, 0x56, 0x96, 0x56, 0x56, 0x56, 0x96, 0x96, 0x96, 0x96, 0x96, 0x96, 0x96, 0x96, 0x96, 0x9D,
    0xDD, 0x99, 0xA5, 0xA5, 0x95, 0x95, 0x93, 0x9E, 0xBE, 0x22, 0x23, 0xF1, 0xF3, 0xB1, 0xA4, 0xB3,
    0xF9, 0xF3, 0xB2, 0xB9, 0xA2, 0xA9, 0x21, 0xF1, 0xF4, 0xF4, 0x21, 0xB1, 0xA5, 0xA5, 0x99, 0xDD,
    0xDD, 0x19, 0x15, 0x15, 0x15, 0x15, 0x13, 0x2E, 0x2E, 0x22, 0x13, 0xE1, 0x13, 0x11, 0x24, 0x23,
    0x29, 0x23, 0x12, 0x19, 0xE2, 0x19, 0x21, 0x21, 0x24, 0x14, 0x11, 0x11, 0x15, 0x15, 0x19, 0xDD,
    0xDD, 0x19, 0x15, 0x15, 0x15, 0x35, 0x1C, 0x4E, 0x4C, 0x4B, 0x4C, 0xEE, 0xEE, 0xEE, 0xEE, 0x4E,
    0x4E, 0xEE, 0xEE, 0xED, 0x4C, 0x4C, 0x4B, 0x4C, 0x4D, 0x1B, 0x25, 0x15, 0x15, 0x15, 0x19, 0xDD,
    0xDD, 0x19, 0x15, 0x15, 0x15, 0x15, 0x1C, 0x1E, 0x3C, 0x2B, 0x2C, 0x4E, 0x4E, 0x3E, 0x1E, 0x3E,
    0x4E, 0x4E, 0x3E, 0x3D, 0x1C, 0x1C, 0x2B, 0x4C, 0x4D, 0x4B, 0x25, 0x35, 0x15, 0x15, 0x19, 0xDD,
    0x0D, 0x09, 0x09, 0x09, 0x03, 0x02, 0x03, 0x05, 0x05, 0x01, 0x93, 0xB4, 0x92, 0x9E, 0x93, 0x93,
    0x9B, 0x9C, 0xBE, 0xB2, 0x93, 0x92, 0x9E, 0x9D, 0x9C, 0x1B, 0x92, 0x93, 0xB9, 0xA9, 0x99, 0x9D,
    0x9D, 0x99, 0x91, 0xA1, 0xB1, 0x91, 0x91, 0x92, 0x71, 0x61, 0x99, 0x79, 0x69, 0x91, 0x73, 0x61,
    0x91, 0x93, 0x61, 0x69, 0x99, 0x99, 0xB9, 0x99, 0x92, 0x91, 0x91, 0xC1, 0xE1, 0x91, 0xC9, 0xAD,
    0x0D, 0x09, 0x91, 0x91, 0x91, 0x91, 0x92, 0x53, 0x51, 0x63, 0x6E, 0x72, 0x52, 0x52, 0x51, 0x63,
    0x72, 0x71, 0x62, 0x52, 0x72, 0x6E, 0x93, 0x51, 0x63, 0x52, 0x52, 0x62, 0x72, 0x82, 0x59, 0x9D,
    0x99, 0x9D, 0x96, 0x56, 0x6E, 0x56, 0x96, 0x9E, 0x96, 0x9E, 0x9E, 0x9E, 0x96, 0x9E, 0x96, 0x96,
    0x5E, 0x96, 0x9E, 0x56, 0x5E, 0x56, 0x9E, 0x9E, 0x9E, 0x96, 0x9E, 0x96, 0x96, 0x96, 0x96, 0x9D,
    0xDD, 0x99, 0x95, 0x95, 0x95, 0x95, 0x93, 0x94, 0xB1, 0xF3, 0x23, 0xF3, 0xB1, 0xA3, 0xF4, 0xB4,
    0xF9, 0xF3, 0xB3, 0xB9, 0xA1, 0xA2, 0x22, 0x21, 0x23, 0x24, 0x95, 0xB5, 0x95, 0x95, 0x99, 0xDD,
    0xDD, 0x19, 0x15, 0x15, 0x15, 0x15, 0x23, 0x34, 0x41, 0x13, 0x23, 0x13, 0x11, 0x23, 0x34, 0x44,
    0x49, 0x33, 0x23, 0x19, 0x11, 0x22, 0x12, 0x41, 0x33, 0x24, 0x15, 0x15, 0x15, 0x15, 0x19, 0xDD,
    0xDD, 0x19, 0x15, 0x15, 0x15, 0x1C, 0x4E, 0x4B, 0x39, 0x3C, 0x3C, 0x3C, 0x3D, 0xEE, 0xEE, 0xEE,
    0xEE, 0xEE, 0x4E, 0x3D, 0x3B, 0x3B, 0x3B, 0x39, 0x3B, 0x4D, 0x1C, 0x15, 0x15, 0x15, 0x19, 0xDD,
    0xDD, 0x19, 0x15, 0x15, 0x15, 0x1C, 0x1E, 0x1B, 0x39, 0x4C, 0x2C, 0x4C, 0x3D, 0x1E, 0x4E, 0x3E,
    0x4E, 0x4E, 0x3E, 0x3D, 0x1B, 0x1B, 0x2B, 0x29, 0x2B, 0x2D, 0x1C, 0x35, 0x15, 0x15, 0x19, 0xDD,
    0x0D, 0x01, 0x09, 0x01, 0x04, 0x04, 0x01, 0x07, 0x06, 0x01, 0x01, 0x01, 0x04, 0x02, 0x02, 0x04,
    0x0C, 0x0E, 0x02, 0x03, 0x04, 0x93, 0x12, 0x1E, 0x1C, 0x9B, 0x04, 0x04, 0x09, 0x09, 0x01, 0x0D,
    0x0D, 0x09, 0x01, 0x01, 0x91, 0x11, 0x11, 0x12, 0x11, 0x94, 0x02, 0x02, 0x01, 0x01, 0x04, 0x01,
    0x01, 0x04, 0x01, 0x01, 0x01, 0x01, 0x04, 0x09, 0x02, 0x01, 0x01, 0x01, 0x01, 0x01, 0x09, 0x0D,
    0x0D, 0x09, 0x91, 0x91, 0x61, 0x91, 0x93, 0x62, 0x51, 0x61, 0x64, 0x9E, 0x5E, 0x51, 0x61, 0x61,
    0x61, 0x71, 0x61, 0x6E, 0x9E, 0x54, 0x51, 0x61, 0x72, 0x63, 0x52, 0x62, 0x72, 0x82, 0x99, 0x9D,
    0x99, 0x9D, 0x56, 0x56, 0x5E, 0x6E, 0x5E, 0x9E, 0x96, 0x9E, 0x9E, 0x9E, 0x96, 0x9E, 0x9E, 0x96,
    0x5E, 0x96, 0x9E, 0x96, 0x5E, 0x66, 0x9E, 0x9E, 0x9E, 0x96, 0x9E, 0x96, 0x96, 0x96, 0x96, 0x9D,
    0xDD, 0x99, 0x95, 0x95, 0x9B, 0x9B, 0x92, 0xB3, 0xA1, 0xB3, 0x23, 0xB1, 0xA3, 0xF4, 0x93, 0xB4,
    0xD9, 0xF3, 0xB3, 0xB2, 0xA9, 0xA9, 0xF2, 0xF2, 0xF1, 0x29, 0x2B, 0xBB, 0x95, 0x95, 0x99, 0xDD,
    0xDD, 0x19, 0x15, 0x15, 0x1B, 0x1B, 0x32, 0x43, 0xE1, 0xE3, 0x43, 0x41, 0x23, 0x34, 0x43, 0xE4,
    0xE9, 0x43, 0x33, 0x22, 0x39, 0x49, 0xE2, 0xE2, 0x41, 0x39, 0x1B, 0x1B, 0x15, 0x15, 0x19, 0xDD,
    0xDD, 0x19, 0x15, 0x15, 0x15, 0x1E, 0x4D, 0x39, 0x3B, 0x3C, 0x3D, 0x3D, 0x3D, 0x3D, 0xEE, 0xEE,
    0xEE, 0x4E, 0x3D, 0x3B, 0x1C, 0x1C, 0x1B, 0x1B, 0x19, 0x3D, 0x1D, 0x15, 0x15, 0x15, 0x19, 0xDD,
    0xDD, 0x19, 0x15, 0x15, 0x15, 0x1E, 0x1D, 0x39, 0x1B, 0x3C, 0x2D, 0x3D, 0x1D, 0x4D, 0x1E, 0x3E,
    0xEE, 0x4E, 0x3D, 0x3B, 0x1C, 0x1C, 0x4B, 0x4B, 0x49, 0x2D, 0x2D, 0x35, 0x15, 0x15, 0x19, 0xDD,
    0x0D, 0x02, 0x01, 0x01, 0x03, 0x02, 0x06, 0x07, 0x02, 0x02, 0x01, 0x08, 0x01, 0x94, 0x91, 0x02,
    0x0C, 0x0E, 0x03, 0x04, 0x9E, 0x14, 0x13, 0x1E, 0x1D, 0x1B, 0x92, 0x03, 0x09, 0x01, 0x02, 0x0D,
    0x0D, 0x09, 0x01, 0x91, 0x11, 0x11, 0x11, 0x12, 0x11, 0x13, 0x9E, 0x02, 0x02, 0x0D, 0x03, 0x04,
    0x04, 0x02, 0x0D, 0x01, 0x01, 0x0D, 0x03, 0x09, 0x02, 0x01, 0x01, 0x01, 0x01, 0x01, 0x09, 0x0D,
    0x0D, 0x99, 0x91, 0x91, 0x51, 0x91, 0x93, 0x51, 0x61, 0x62, 0x91, 0x92, 0x53, 0x52, 0x52, 0x61,
    0x51, 0x62, 0x62, 0x73, 0x52, 0x51, 0x52, 0x61, 0x81, 0x63, 0x92, 0x52, 0x62, 0x72, 0x99, 0x9D,
    0x99, 0x9D, 0x56, 0x96, 0x5E, 0x6E, 0x6E, 0x9E, 0x96, 0x9E, 0x96, 0x9E, 0x96, 0x9E, 0x9E, 0x9E,
    0x9E, 0x96, 0x9E, 0x96, 0x5E, 0x66, 0x9E, 0x96, 0x9E, 0x96, 0x9E, 0x96, 0x96, 0x96, 0x96, 0x9D,
    0xDD, 0x99, 0xBB, 0x9B, 0x9B, 0x9A, 0xB9, 0xF2, 0xF3, 0xA3, 0xA1, 0xA9, 0xF3, 0x94, 0x91, 0xD3,
    0xD9, 0xF3, 0xF9, 0x92, 0xB2, 0xA9, 0xA2, 0xF2, 0x22, 0x29, 0xBA, 0x9B, 0x9B, 0xBB, 0x99, 0xDD,
    0xDD, 0x19, 0x1B, 0x1B, 0x4B, 0x2A, 0x49, 0xE2, 0xE3, 0xE3, 0xE1, 0x29, 0x33, 0x44, 0xE1, 0xE3,
    0xE9, 0xE3, 0x49, 0x32, 0x22, 0x39, 0x42, 0xE2, 0xE2, 0x49, 0x2A, 0x4B, 0x1B, 0x1B, 0x19, 0xDD,
    0xDD, 0x19, 0x25, 0x15, 0x1C, 0x4E, 0x3C, 0x39, 0x4C, 0xED, 0xEE, 0x4E, 0x1E, 0x3D, 0x3E, 0xEE,
    0xEE, 0x3E, 0x1D, 0x1D, 0x4D, 0xEC, 0xEC, 0x4B, 0x39, 0x1C, 0x3D, 0x1C, 0x15, 0x25, 0x19, 0xDD,
    0xDD, 0x19, 0x25, 0x15, 0x1C, 0x1E, 0x3C, 0x49, 0x4C, 0x1D, 0x1E, 0x1E, 0x4E, 0x1D, 0x1E, 0xEE,
    0xEE, 0x4E, 0x4D, 0x1D, 0x3D, 0x1C, 0x1C, 0x4B, 0x29, 0x2C, 0x3D, 0x1C, 0x15, 0x25, 0x19, 0xDD,
    0x0D, 0x02, 0x01, 0x09, 0x01, 0x01, 0x08, 0x02, 0x03, 0x02, 0x01, 0x08, 0x9E, 0x21, 0x21, 0x92,
    0x0B, 0x0D, 0x02, 0x93, 0x14, 0x13, 0x12, 0x1D, 0x1C, 0x1B, 0x12, 0x9A, 0x09, 0x01, 0x02, 0x0D,
    0x0D, 0x09, 0x91, 0x11, 0x11, 0x11, 0x12, 0x12, 0x91, 0x91, 0x93, 0x0E, 0x0D, 0x03, 0x0E, 0x0E,
    0x03, 0x03, 0x01, 0x0D, 0x0D, 0x03, 0x09, 0x09, 0x01, 0x02, 0x01, 0x01, 0x01, 0x01, 0x09, 0x0D,
    0x0D, 0x99, 0x91, 0x91, 0x91, 0x91, 0x53, 0x51, 0x62, 0x6E, 0x92, 0x53, 0x74, 0x54, 0x54, 0x52,
    0x52, 0x64, 0x7E, 0x8E, 0x54, 0x52, 0x6E, 0x82, 0xE1, 0x63, 0x92, 0x52, 0x62, 0x72, 0x99, 0x9D,
    0x99, 0x5D, 0x96, 0x96, 0x5E, 0x66, 0x66, 0x9E, 0x96, 0x9E, 0x96, 0x9E, 0x96, 0x9E, 0x96, 0x9E,
    0x9E, 0x96, 0x9E, 0x96, 0x5E, 0x56, 0x9E, 0x96, 0x9E, 0x96, 0x9E, 0x96, 0x96, 0x96, 0x96, 0x9D,
    0xDD, 0x99, 0xBB, 0xBB, 0x9A, 0x99, 0xF9, 0xF3, 0xF1, 0xD3, 0xF9, 0xF9, 0xF1, 0xD4, 0xF3, 0xF9,
    0xF9, 0xF9, 0xF2, 0x92, 0x99, 0xB9, 0xA9, 0xA2, 0x29, 0xB1, 0xA9, 0x9A, 0xBB, 0xBB, 0x99, 0xDD,
    0xDD, 0x19, 0x1B, 0x1B, 0x1A, 0x39, 0x49, 0xE3, 0xE1, 0x43, 0x29, 0x39, 0x41, 0x24, 0x33, 0xE9,
    0xE9, 0x39, 0x22, 0x42, 0x39, 0x29, 0x39, 0x32, 0xE9, 0x41, 0x39, 0x1A, 0x1B, 0x1B, 0x19, 0xDD,
    0xDD, 0x19, 0x2D, 0x2D, 0x1E, 0x4E, 0x3B, 0x49, 0x1C, 0x1D, 0x1C, 0x4C, 0x4D, 0x1E, 0x3E, 0xEE,
    0xEE, 0x1E, 0x1D, 0x4C, 0x4B, 0x1B, 0x1C, 0x1B, 0x49, 0x3B, 0x1D, 0x1D, 0x2D, 0x2D, 0x19, 0xDD,
    0xDD, 0x19, 0x2D, 0x2D, 0x1E, 0x1E, 0x4B, 0x49, 0x4C, 0xED, 0x4C, 0x4C, 0x4D, 0xEE, 0x4E, 0x4E,
    0x4E, 0x4E, 0x4D, 0x1C, 0x1B, 0x3B, 0x1C, 0x1B, 0x29, 0x3B, 0x1D, 0x1D, 0x2D, 0x2D, 0x19, 0xDD,
    0x0D, 0x01, 0x09, 0x06, 0x06, 0x07, 0x08, 0x02, 0x03, 0x04, 0x03, 0x91, 0x51, 0x32, 0x33, 0x14,
    0x94, 0x01, 0x0D, 0x92, 0x93, 0x92, 0x9D, 0x4C, 0x2B, 0x1A, 0x19, 0x91, 0x09, 0x09, 0x02, 0x0D,
    0x0D, 0x09, 0x91, 0x11, 0x11, 0x11, 0x32, 0x92, 0x91, 0x92, 0x91, 0x91, 0x91, 0x0E, 0x01, 0x09,
    0x09, 0x01, 0x03, 0x01, 0x09, 0x09, 0x92, 0x99, 0x99, 0x02, 0x01, 0x01, 0x01, 0x01, 0x09, 0x0D,
    0x0D, 0x99, 0x51, 0x51, 0x51, 0x52, 0x63, 0x61, 0x64, 0x6E, 0x93, 0x54, 0x64, 0x94, 0x54, 0x53,
    0x63, 0x6E, 0x6E, 0x7E, 0x5E, 0x54, 0x6E, 0x74, 0x61, 0x63, 0x92, 0x52, 0x52, 0x62, 0x99, 0x9D,
    0x99, 0x9D, 0x96, 0x56, 0x5E, 0x66, 0x66, 0x9E, 0x96, 0x9E, 0x96, 0x9E, 0x96, 0x9E, 0x96, 0x96,
    0x9E, 0x96, 0x9E, 0x56, 0x5E, 0x96, 0x9E, 0x96, 0x9E, 0x96, 0x9E, 0x96, 0x96, 0x96, 0x96, 0x0D,
    0xDD, 0x99, 0x99, 0xB9, 0x99, 0xB9, 0xF1, 0xF3, 0xF9, 0xF1, 0xD2, 0xD3, 0xD1, 0xF3, 0xB4, 0xA1,
    0xA9, 0xA1, 0xF3, 0xF9, 0xF9, 0xB2, 0xB9, 0xA9, 0xA9, 0xA2, 0xB9, 0x99, 0xB9, 0x99, 0x99, 0xDD,
    0xDD, 0x19, 0x19, 0x49, 0x29, 0x39, 0x41, 0x43, 0x49, 0x31, 0x22, 0x43, 0x41, 0x33, 0x14, 0xE1,
    0xE9, 0x11, 0x33, 0x49, 0x49, 0x32, 0x29, 0x39, 0x49, 0x32, 0x39, 0x29, 0x49, 0x19, 0x19, 0xDD,
    0xDD, 0x19, 0x1C, 0x2E, 0x1E, 0x3D, 0x49, 0x1B, 0x2C, 0xEC, 0x2E, 0x1E, 0x4E, 0x4D, 0x1E, 0xEE,
    0xEE, 0x1D, 0x4C, 0x4D, 0x1D, 0xED, 0x2B, 0x1B, 0x1B, 0x49, 0x1D, 0x1D, 0x2D, 0x1C, 0x19, 0xDD,
    0xDD, 0x19, 0x1C, 0x2E, 0x1E, 0x3D, 0x49, 0x4B, 0x4C, 0x4C, 0xEE, 0xEE, 0xEE, 0x4D, 0x3E, 0x1E,
    0x1E, 0x1D, 0x4C, 0x4D, 0x4D, 0x3D, 0x3B, 0x1B, 0x1B, 0x19, 0x3D, 0x1D, 0x2D, 0x1C, 0x19, 0xDD,
    0x9D, 0x09, 0x06, 0x07, 0x08, 0x0E, 0x0E, 0x08, 0x02, 0x03, 0x03, 0x93, 0x22, 0x3E, 0x33, 0x2E,
    0x9E, 0x03, 0x01, 0x0D, 0x0E, 0x0D, 0x9C, 0x4B, 0x3C, 0x1A, 0x11, 0x13, 0x99, 0x09, 0x01, 0x0D,
    0x0D, 0x99, 0x11, 0x11, 0x11, 0x32, 0x32, 0x91, 0x92, 0x1E, 0x22, 0x21, 0x1E, 0x91, 0x09, 0x03,
    0x02, 0x09, 0x01, 0x03, 0x01, 0x92, 0x14, 0x12, 0x99, 0x01, 0x02, 0x01, 0x01, 0x01, 0x09, 0x0D,
    0x9D, 0x99, 0x51, 0x61, 0x61, 0x53, 0x52, 0x61, 0x64, 0x53, 0x54, 0x64, 0x94, 0x94, 0x54, 0x63,
    0x63, 0x6E, 0x6E, 0x6E, 0x6E, 0x5E, 0x63, 0x6E, 0x61, 0x93, 0x53, 0x52, 0x52, 0x62, 0x99, 0x9D,
    0x99, 0x5D, 0x56, 0x56, 0x6E, 0x66, 0x56, 0x9E, 0x96, 0x9E, 0x9E, 0x9E, 0x96, 0x9E, 0x96, 0x96,
    0x9E, 0x96, 0x9E, 0x96, 0x9E, 0x96, 0x9E, 0x9E, 0x9E, 0x96, 0x9E, 0x96, 0x96, 0x96, 0x96, 0x0D,
    0xDD, 0x99, 0xB9, 0xB9, 0x99, 0xB9, 0xF1, 0xB1, 0xA9, 0x99, 0x93, 0xA4, 0xC4, 0xC1, 0xA3, 0x93,
    0x99, 0x93, 0xA2, 0xA9, 0xF3, 0xF3, 0xF2, 0xB9, 0xB2, 0xB2, 0xB9, 0x99, 0xB9, 0xB9, 0x99, 0xDD,
    0xDD, 0x19, 0x49, 0x19, 0x29, 0x39, 0x31, 0x41, 0x39, 0x29, 0x33, 0x44, 0x44, 0x31, 0x13, 0x43,
    0x49, 0x13, 0x32, 0x49, 0x43, 0x33, 0x22, 0x29, 0x32, 0x32, 0x39, 0x29, 0x19, 0x49, 0x19, 0xDD,
    0xDD, 0x19, 0x2C, 0x2C, 0x1E, 0x3B, 0xE9, 0x1B, 0x3C, 0x1D, 0x2A, 0x3A, 0x1C, 0xEE, 0x3E, 0xEE,
    0xEE, 0x1D, 0xED, 0x1C, 0x2B, 0x2B, 0x1D, 0x2B, 0x1B, 0xE9, 0x1B, 0x1D, 0x2C, 0x2B, 0x19, 0xDD,
    0xDD, 0x19, 0x2C, 0x2C, 0x1E, 0x3B, 0x49, 0x3B, 0x1C, 0x1D, 0x1A, 0x1A, 0x4C, 0x4E, 0x1E, 0x1E,
    0x1E, 0x1D, 0x1D, 0x1C, 0x4B, 0x4B, 0x4D, 0x3B, 0x3B, 0x39, 0x3B, 0x1D, 0x2C, 0x2B, 0x19, 0xDD,
    0x9D, 0x09, 0x96, 0x98, 0x9E, 0x9E, 0x98, 0x92, 0x93, 0x92, 0x04, 0x94, 0x33, 0x22, 0x3A, 0x32,
    0x12, 0x9A, 0x02, 0x01, 0x01, 0x01, 0x91, 0x4A, 0x4B, 0x23, 0x13, 0x12, 0x99, 0x09, 0x09, 0x0D,
    0x9D, 0x99, 0x11, 0x11, 0x11, 0x32, 0x32, 0x91, 0x24, 0x2E, 0x31, 0x34, 0x2E, 0x21, 0x91, 0x09,
    0x09, 0x01, 0x01, 0x03, 0x93, 0x11, 0x24, 0x13, 0x19, 0x91, 0x02, 0x01, 0x01, 0x01, 0x09, 0x0D,
    0x9D, 0x99, 0x91, 0x51, 0x61, 0x53, 0x52, 0x51, 0x54, 0x62, 0x64, 0x54, 0x94, 0x54, 0x64, 0x63,
    0x6E, 0x6E, 0x6E, 0x6E, 0x6E, 0x6E, 0x52, 0x5E, 0x51, 0x53, 0x63, 0x62, 0x62, 0x62, 0x69, 0x9D,
    0x99, 0x9D, 0x56, 0x56, 0x5E, 0x56, 0x96, 0x9E, 0x96, 0x9E, 0x9E, 0x9E, 0x96, 0x9E, 0x96, 0x96,
    0x9E, 0x96, 0x9E, 0x96, 0x9E, 0x96, 0x9E, 0x9E, 0x9E, 0x96, 0x9E, 0x96, 0x96, 0x96, 0x96, 0x0D,
    0xDD, 0x99, 0x99, 0x99, 0x99, 0xB1, 0xF3, 0xA3, 0xF1, 0xA9, 0x99, 0x99, 0x91, 0x93, 0x91, 0x93,
    0x93, 0x93, 0x99, 0xC2, 0xC1, 0xA9, 0xF9, 0xF9, 0xB1, 0xB2, 0xB1, 0xB9, 0x99, 0x99, 0x99, 0xDD,
    0xDD, 0x19, 0x49, 0x19, 0x29, 0x31, 0x33, 0x33, 0x31, 0x29, 0x39, 0x49, 0xE1, 0x43, 0x21, 0x43,
    0x43, 0x23, 0x49, 0xE2, 0x41, 0x39, 0x29, 0x29, 0x31, 0x32, 0x21, 0x29, 0x19, 0x49, 0x19, 0xDD,
    0xDD, 0x19, 0x1D, 0x1E, 0x1E, 0x39, 0xE1, 0x19, 0x3C, 0x1A, 0x19, 0x39, 0x19, 0xEC, 0x3E, 0x4E,
    0x3E, 0x1D, 0xEC, 0x19, 0x29, 0x19, 0x1B, 0x2C, 0x19, 0xE1, 0x19, 0x1D, 0x1D, 0x1D, 0x19, 0xDD,
    0xDD, 0x19, 0x1D, 0x1E, 0x1E, 0x39, 0x41, 0x19, 0x4C, 0x1A, 0x19, 0x19, 0x19, 0x1C, 0x1E, 0x1E,
    0x1E, 0x1D, 0x1C, 0x49, 0x49, 0x19, 0x4B, 0x4C, 0x39, 0x31, 0x39, 0x3D, 0x1D, 0x1D, 0x19, 0xDD,
    0x2D, 0x96, 0x97, 0xDE, 0xC8, 0xC8, 0xC2, 0xC4, 0xC4, 0x94, 0x94, 0x24, 0x34, 0x13, 0x22, 0x32,
    0x22, 0x92, 0x03, 0x04, 0x03, 0x93, 0x23, 0x42, 0x4A, 0x3A, 0x1A, 0x19, 0x17, 0x07, 0x09, 0x0D,
    0x9D, 0x19, 0x11, 0x12, 0x21, 0x32, 0x32, 0x91, 0x24, 0x94, 0x93, 0x2E, 0x3E, 0x2E, 0x23, 0x91,
    0x91, 0x93, 0x93, 0x93, 0x13, 0x22, 0x23, 0x13, 0x19, 0x91, 0x01, 0x09, 0x02, 0x01, 0x09, 0x0D,
    0x9D, 0x99, 0x91, 0x51, 0x51, 0x52, 0x52, 0x51, 0x54, 0x62, 0x64, 0x54, 0x64, 0x64, 0x53, 0x63,
    0x73, 0x63, 0x64, 0x6E, 0x5E, 0x5E, 0x52, 0x54, 0x61, 0x63, 0x73, 0x72, 0x62, 0x92, 0x99, 0x9D,
    0x59, 0x9D, 0x96, 0x96, 0x9E, 0x96, 0x96, 0x9E, 0x96, 0x9E, 0x96, 0x9E, 0x96, 0x9E, 0x96, 0x96,
    0x9E, 0x96, 0x9E, 0x96, 0x9E, 0x96, 0x9E, 0x96, 0x9E, 0x96, 0x9E, 0x96, 0x96, 0x96, 0x96, 0x0D,
    0xDD, 0x99, 0x99, 0x99, 0x99, 0xBC, 0xBD, 0xF4, 0xF3, 0xFB, 0xAD, 0xA5, 0xA7, 0x11, 0x13, 0x14,
    0x94, 0x93, 0x92, 0x99, 0x96, 0x99, 0x9D, 0xAB, 0xA2, 0xAB, 0xBA, 0xB9, 0x99, 0x99, 0x99, 0xDD,
    0xDD, 0x19, 0x49, 0x19, 0x29, 0x2C, 0x3D, 0x34, 0x23, 0x2B, 0x3D, 0x45, 0x47, 0xE1, 0xE3, 0x44,
    0x44, 0xE3, 0xE2, 0x49, 0x46, 0x39, 0x2D, 0x1B, 0x22, 0x2B, 0x2A, 0x29, 0x19, 0x49, 0x19, 0xDD,
    0xDD, 0x19, 0x1E, 0x1E, 0x1D, 0x39, 0x42, 0x49, 0x1C, 0x3A, 0x37, 0x29, 0x16, 0x4B, 0x3D, 0x4E,
    0x3E, 0x1D, 0x4A, 0x16, 0x19, 0x27, 0x2B, 0x1C, 0x49, 0x42, 0x19, 0x1D, 0x1D, 0x1D, 0x19, 0xDD,
    0xDD, 0x19, 0x1E, 0x1E, 0x1D, 0x29, 0x32, 0x49, 0x4C, 0x4A, 0x17, 0x19, 0x16, 0x1B, 0x1D, 0x1E,
    0x1E, 0x1D, 0x1A, 0x16, 0x19, 0x17, 0x1B, 0x1C, 0x19, 0x12, 0x39, 0x3D, 0x1D, 0x1D, 0x19, 0xDD,
    0x3D, 0x97, 0x9E, 0xEE, 0xD8, 0xD2, 0xD3, 0xD1, 0xD2, 0x93, 0x94, 0x34, 0x24, 0x14, 0x14, 0x33,
    0x33, 0x94, 0x04, 0x04, 0x04, 0x94, 0x34, 0x42, 0x41, 0x43, 0x11, 0x17, 0x1E, 0x98, 0x96, 0x9D,
    0x1D, 0x19, 0x12, 0x12, 0x31, 0x32, 0x32, 0x91, 0x24, 0x24, 0x94, 0x9E, 0x2E, 0x2E, 0x2E, 0x24,
    0xA4, 0x24, 0x23, 0x23, 0xA3, 0x23, 0x13, 0x13, 0x19, 0x11, 0x91, 0x09, 0x01, 0x02, 0x09, 0x0D,
    0x9D, 0x99, 0x91, 0x52, 0x61, 0x52, 0x52, 0x51, 0x63, 0x62, 0x54, 0x54, 0x64, 0x62, 0x51, 0x52,
    0x72, 0x71, 0x62, 0x64, 0x5E, 0x5E, 0x52, 0x63, 0x61, 0x73, 0x53, 0x92, 0x92, 0x92, 0x99, 0x5D,
    0x59, 0x9D, 0x96, 0x96, 0x9E, 0x96, 0x96, 0x9E, 0x96, 0x9E, 0x96, 0x9E, 0x96, 0x9E, 0x96, 0x96,
    0x9E, 0x96, 0x9E, 0x9E, 0x9E, 0x96, 0x9E, 0x96, 0x9E, 0x96, 0x9E, 0x9E, 0x9E, 0x96, 0x06, 0x0D,
    0xDD, 0x99, 0x99, 0x99, 0x9B, 0x9D, 0xBD, 0xBE, 0xF4, 0xFB, 0xFE, 0xA5, 0xC5, 0xA9, 0x11, 0x24,
    0x24, 0x13, 0xA1, 0xA9, 0x99, 0x95, 0xAD, 0xAB, 0xBC, 0xBC, 0xAB, 0xBA, 0x99, 0x99, 0x99, 0xDD,
    0xDD, 0x19, 0x49, 0x19, 0x1B, 0x2D, 0x2D, 0x3E, 0x14, 0x2B, 0x2E, 0x35, 0x45, 0x49, 0x41, 0x44,
    0x44, 0x43, 0x41, 0x49, 0x39, 0x25, 0x2D, 0x1B, 0x2C, 0x2C, 0x2B, 0x1A, 0x19, 0x49, 0x19, 0xDD,
    0xDD, 0x19, 0x1E, 0x1E, 0x1C, 0x39, 0x32, 0x49, 0x4D, 0x1C, 0x1E, 0x16, 0x47, 0x3C, 0x4D, 0x4E,
    0x3E, 0x3D, 0x1B, 0x47, 0x16, 0x1D, 0x1B, 0x4C, 0x49, 0x32, 0x19, 0x1C, 0x1D, 0x1D, 0x19, 0xDD,
    0xDD, 0x19, 0x1E, 0x1E, 0x1C, 0x19, 0x22, 0x39, 0x4D, 0x4C, 0x4E, 0x16, 0x47, 0x1C, 0x1D, 0x2E,
    0x2E, 0x1D, 0x1B, 0x17, 0x16, 0x1D, 0x1B, 0x1C, 0x39, 0x32, 0x19, 0x3C, 0x1D, 0x1D, 0x19, 0xDD,
    0x3D, 0x28, 0x98, 0xEE, 0xE8, 0xE2, 0xD2, 0xD1, 0xDA, 0x92, 0x13, 0x34, 0x14, 0x14, 0x1E, 0x2E,
    0x3E, 0x2E, 0x94, 0x04, 0x04, 0x93, 0x42, 0xEA, 0x41, 0x42, 0x12, 0x18, 0x1E, 0xA8, 0xA8, 0xAD,
    0x1D, 0x19, 0x12, 0x12, 0x31, 0x22, 0x12, 0x91, 0x14, 0x23, 0x1E, 0x9E, 0x2E, 0x2E, 0x1E, 0x14,
    0xAE, 0xA4, 0xA3, 0xA3, 0xA3, 0x13, 0x12, 0x13, 0x19, 0x11, 0x91, 0x09, 0x01, 0x01, 0x09, 0x0D,
    0x9D, 0x99, 0x52, 0x53, 0x51, 0x52, 0x92, 0x91, 0x52, 0x62, 0x64, 0x64, 0x62, 0x51, 0x53, 0x54,
    0x64, 0x63, 0x51, 0x52, 0x64, 0x64, 0x52, 0x62, 0x71, 0x53, 0x93, 0x92, 0x93, 0x92, 0x99, 0x9D,
    0x99, 0x9D, 0x96, 0x96, 0x9E, 0x96, 0x96, 0x9E, 0x96, 0x9E, 0x96, 0x9E, 0x96, 0x9E, 0x96, 0x96,
    0x9E, 0x96, 0x9E, 0x9E, 0x9E, 0x96, 0x9E, 0x96, 0x9E, 0x96, 0x9E, 0x9E, 0x9E, 0x96, 0x06, 0x0D,
    0xDD, 0x99, 0x99, 0x99, 0x9C, 0x9B, 0x9C, 0x9E, 0x9C, 0xBC, 0xFC, 0xFE, 0xAD, 0xD9, 0xA9, 0xA4,
    0xA4, 0xA3, 0xC9, 0xCB, 0xAD, 0xAD, 0xFB, 0xFB, 0xBC, 0xBC, 0xBA, 0xBB, 0x99, 0x99, 0x99, 0xDD,
    0xDD, 0x19, 0x49, 0x19, 0x1C, 0x2B, 0x2C, 0x2E, 0x1C, 0x2C, 0x2C, 0x2E, 0x2D, 0x19, 0x19, 0x13,
    0x14, 0x12, 0x11, 0x2B, 0x2D, 0x2D, 0x2B, 0x1B, 0x2C, 0x2C, 0x2A, 0x1B, 0x19, 0x49, 0x19, 0xDD,
    0xDD, 0x19, 0x1D, 0x1E, 0x1D, 0x4B, 0x39, 0x39, 0x4D, 0xEE, 0xED, 0x4E, 0x3E, 0x3D, 0xEE, 0x4E,
    0x3E, 0x4D, 0x3C, 0x1D, 0x4D, 0xEB, 0xEC, 0x4C, 0x39, 0x11, 0x3B, 0x1C, 0x1E, 0x1D, 0x19, 0xDD,
    0xDD, 0x19, 0x1D, 0x1E, 0x1D, 0x1B, 0x11, 0x19, 0x1D, 0x3E, 0x4D, 0x4E, 0x1E, 0xEE, 0x1B, 0x1B,
    0x19, 0x1B, 0x4C, 0x4D, 0x1D, 0x1B, 0x4C, 0x4C, 0x39, 0x31, 0x3B, 0x3C, 0x1E, 0x1D, 0x19, 0xDD,
    0x3D, 0x36, 0x17, 0xD8, 0xAE, 0xA1, 0xA2, 0xA2, 0xD1, 0x1A, 0x32, 0x33, 0x13, 0x13, 0x13, 0x23,
    0x33, 0x33, 0x93, 0x03, 0x93, 0x22, 0xEA, 0xE1, 0xE2, 0x42, 0x21, 0x1E, 0x28, 0x17, 0xA6, 0xAD,
    0x1D, 0x29, 0x22, 0x11, 0x32, 0x12, 0x42, 0x91, 0x94, 0x23, 0x2E, 0x9E, 0x2E, 0x1E, 0xCE, 0xE4,
    0xEE, 0xE4, 0xC3, 0xB3, 0xA3, 0xB3, 0xC2, 0xD3, 0xC9, 0xB1, 0x91, 0x09, 0x09, 0x01, 0x09, 0x0D,
    0x9D, 0x99, 0x93, 0x52, 0x51, 0x52, 0x52, 0x91, 0x91, 0x52, 0x53, 0x62, 0x71, 0x61, 0x6E, 0x5E,
    0x5E, 0x5E, 0x51, 0x51, 0x62, 0x63, 0x52, 0x61, 0x71, 0x93, 0x93, 0x92, 0x93, 0x53, 0x59, 0x9D,
    0x99, 0x9D, 0x96, 0x56, 0x56, 0x96, 0x96, 0x96, 0x96, 0x96, 0x96, 0x96, 0x96, 0x96, 0x96, 0x96,
    0x96, 0x96, 0x96, 0x96, 0x96, 0x96, 0x96, 0x96, 0x96, 0x96, 0x96, 0x96, 0x96, 0x96, 0x06, 0x0D,
    0xDD, 0x99, 0x99, 0x99, 0x99, 0x9C, 0x9D, 0x9E, 0x9C, 0x9E, 0xBD, 0xFC, 0xFC, 0xA3, 0xD1, 0xD3,
    0xD4, 0xC3, 0xA9, 0xAC, 0xFB, 0xFB, 0xFC, 0xBB, 0xBC, 0xBC, 0xBC, 0x99, 0x99, 0x99, 0x99, 0xDD,
    0xDD, 0x19, 0x49, 0x39, 0x19, 0x1C, 0x2D, 0x2E, 0x2C, 0x1E, 0x2D, 0x1C, 0x1C, 0xE3, 0x11, 0x14,
    0x14, 0x13, 0xE9, 0x1C, 0x1B, 0x2B, 0x1C, 0x2B, 0x2C, 0x2C, 0x1C, 0x19, 0x39, 0x49, 0x19, 0xDD,
    0xDD, 0x19, 0x1C, 0x1E, 0x1E, 0xED, 0x4B, 0x39, 0x3C, 0x3E, 0x3E, 0x3E, 0x2E, 0x4E, 0x1A, 0xEB,
    0x39, 0x1A, 0x3C, 0x2C, 0x1C, 0x1C, 0x1C, 0x1B, 0x19, 0x3E, 0x4B, 0x1E, 0x1D, 0x1C, 0x19, 0xDD,
    0xDD, 0x19, 0x1C, 0x1E, 0x1E, 0x1D, 0x1B, 0x19, 0x1C, 0x1E, 0x3E, 0x4E, 0x4E, 0x1E, 0xEC, 0xEA,
    0xEA, 0x4C, 0x1C, 0x1C, 0x4C, 0x4C, 0x4C, 0x3B, 0x39, 0x3E, 0x2B, 0x1E, 0x1D, 0x1C, 0x19, 0xDD,
    0x3D, 0x36, 0x27, 0xCE, 0xAE, 0xA8, 0xA1, 0xA2, 0xC2, 0x21, 0x3A, 0x2A, 0x17, 0x1E, 0x18, 0x3E,
    0x4E, 0x38, 0x9E, 0x07, 0x9A, 0x3A, 0xE1, 0xE2, 0xE2, 0x21, 0x38, 0x1E, 0x3E, 0x17, 0xA6, 0xAD,
    0x2D, 0xA9, 0x22, 0x22, 0x12, 0x32, 0x12, 0x41, 0x93, 0x11, 0x2E, 0x9E, 0x1E, 0xDE, 0xEE, 0xDE,
    0xCE, 0xB4, 0xC3, 0xE3, 0xE3, 0xE3, 0xD1, 0xC3, 0xB9, 0xC9, 0xB1, 0x91, 0x09, 0x01, 0x09, 0x0D,
    0x9D, 0x99, 0x92, 0x91, 0x52, 0x52, 0x62, 0x51, 0x91, 0x52, 0x52, 0x62, 0x61, 0x61, 0x71, 0x61,
    0x61, 0x51, 0x61, 0x61, 0x52, 0x52, 0x52, 0x61, 0x71, 0x93, 0x93, 0x93, 0x92, 0x53, 0x69, 0x5D,
    0x99, 0x9D, 0x56, 0x56, 0x66, 0x96, 0x96, 0x96, 0x96, 0x96, 0x96, 0x96, 0x96, 0x96, 0x56, 0x96,
    0x96, 0x96, 0x96, 0x96, 0x96, 0x96, 0x96, 0x96, 0x96, 0x96, 0x96, 0x96, 0x96, 0x06, 0x06, 0x0D,
    0xDD, 0x99, 0x99, 0x99, 0x9C, 0x9B, 0x9C, 0x9D, 0x9E, 0x9E, 0x9E, 0xBE, 0xFE, 0xFE, 0xA4, 0xA3,
    0xA3, 0xA3, 0xF2, 0xFC, 0xFC, 0xBC, 0x9C, 0x9C, 0x9C, 0x9B, 0x9A, 0x9B, 0x99, 0x99, 0x99, 0xDD,
    0xDD, 0x19, 0x39, 0x49, 0xEC, 0x1B, 0x1C, 0x2D, 0x2E, 0x2E, 0x1E, 0x1E, 0x1E, 0x1E, 0x1D, 0x19,
    0x19, 0x19, 0x1C, 0x1C, 0x1C, 0x1C, 0x2C, 0x2C, 0x2C, 0x1B, 0x1A, 0x1B, 0x49, 0x39, 0x19, 0xDD,
    0xDD, 0x19, 0x1B, 0x1D, 0x1E, 0x4D, 0xEC, 0xE9, 0x4C, 0x4D, 0x4E, 0x3E, 0x2E, 0x3E, 0x3C, 0x4A,
    0x4A, 0x3C, 0x2C, 0x2C, 0x1C, 0x3C, 0x32, 0x32, 0x4E, 0x4B, 0x3C, 0x1E, 0x1C, 0x1B, 0x19, 0xDD,
    0xDD, 0x19, 0x1B, 0x1D, 0x1E, 0x1D, 0x1C, 0x19, 0x1C, 0x1D, 0x1E, 0x3E, 0x4E, 0x4E, 0x1E, 0x1D,
    0x1D, 0x1C, 0x4C, 0x4C, 0x4C, 0x3C, 0x12, 0x12, 0x1E, 0x1B, 0x1C, 0x1E, 0x1C, 0x1B, 0x19, 0xDD,
    0x3D, 0x36, 0x28, 0x2E, 0xEE, 0xEE, 0xE7, 0xD1, 0x22, 0x22, 0x31, 0x2A, 0x1A, 0x18, 0x1A, 0x4A,
    0xEA, 0x3A, 0x98, 0x0A, 0x9A, 0x31, 0x42, 0xE2, 0x21, 0x37, 0x4E, 0x1E, 0x4E, 0x38, 0x16, 0xAD,
    0x3D, 0xA9, 0x22, 0x22, 0x12, 0x32, 0x91, 0x99, 0x92, 0x11, 0x1E, 0x9E, 0xDE, 0xEE, 0xCE, 0xA4,
    0xA4, 0xD4, 0xD3, 0xE3, 0xE3, 0xE3, 0xE1, 0xD2, 0xC9, 0xA9, 0xC1, 0xB1, 0x91, 0x01, 0x09, 0x0D,
    0x0D, 0x99, 0x92, 0x92, 0x92, 0x52, 0x62, 0x61, 0x51, 0x51, 0x62, 0x62, 0x91, 0x61, 0x61, 0x51,
    0x61, 0x61, 0x91, 0x51, 0x52, 0x52, 0x51, 0x51, 0x51, 0x93, 0x93, 0x93, 0x52, 0x63, 0x79, 0x5D,
    0x99, 0x9D, 0x56, 0x66, 0x9E, 0x9E, 0x9E, 0x9E, 0x9E, 0x9E, 0x9E, 0x9E, 0x5E, 0x5E, 0x5E, 0x9E,
    0x9E, 0x9E, 0x9E, 0x9E, 0x9E, 0x9E, 0x9E, 0x9E, 0x9E, 0x9E, 0x9E, 0x9E, 0x9E, 0x06, 0x06, 0x0D,
    0xDD, 0x99, 0x99, 0xA9, 0xA9, 0xA9, 0x99, 0x99, 0x9C, 0x9D, 0x9D, 0xAE, 0xBE, 0xFE, 0xDD, 0xD9,
    0xF9, 0xF9, 0xFC, 0xBC, 0xAC, 0x9C, 0x9C, 0x9B, 0x9A, 0xA9, 0xA9, 0xA9, 0xA9, 0x99, 0x99, 0xDD,
    0xDD, 0x19, 0x19, 0x49, 0xE9, 0x19, 0x19, 0x29, 0x2C, 0x2D, 0x1D, 0x1E, 0x1E, 0x1E, 0x1E, 0x2C,
    0x29, 0x1C, 0x1C, 0x1C, 0x1C, 0x1C, 0x2C, 0x2B, 0x2A, 0x19, 0x19, 0x19, 0x49, 0x39, 0x19, 0xDD,
    0xDD, 0x19, 0x19, 0x1D, 0x1E, 0x1C, 0x1D, 0x49, 0xEB, 0xEC, 0x4D, 0x3D, 0x2C, 0x2E, 0x2E, 0x2D,
    0x2D, 0x2D, 0x2C, 0x2B, 0x1C, 0x33, 0x44, 0x42, 0x39, 0x1C, 0x1C, 0x1E, 0x1C, 0x19, 0x19, 0xDD,
    0xDD, 0x19, 0x19, 0x1D, 0x1E, 0x1C, 0x1D, 0x19, 0x1B, 0x1C, 0x1D, 0x1C, 0x3B, 0x4D, 0xEE, 0xED,
    0xEE, 0x4D, 0x4C, 0x3A, 0x1B, 0x13, 0x14, 0x12, 0x19, 0x1C, 0x1C, 0x1E, 0x1C, 0x19, 0x19, 0xDD,
    0x3D, 0x37, 0x4E, 0x4E, 0xEE, 0xEE, 0xE8, 0xD6, 0x31, 0x32, 0x32, 0x21, 0x1A, 0x1A, 0x2A, 0xEA,
    0xEA, 0x2A, 0x9A, 0x0A, 0x91, 0x32, 0x32, 0x21, 0x36, 0x48, 0x1E, 0x1E, 0x4E, 0x4E, 0x17, 0xAD,
    0x3D, 0x29, 0xA2, 0xA2, 0x22, 0x11, 0x91, 0x99, 0x91, 0x12, 0x9E, 0xCE, 0xEE, 0xEE, 0xA3, 0xB1,
    0xC2, 0xB3, 0xB3, 0xB3, 0xD3, 0xE3, 0xE2, 0xE1, 0xB9, 0xA9, 0xB9, 0xC1, 0x91, 0x01, 0x09, 0x0D,
    0x0D, 0x99, 0x92, 0x92, 0x52, 0x52, 0x51, 0x61, 0x51, 0x51, 0x51, 0x52, 0x52, 0x91, 0x62, 0x91,
    0x51, 0x62, 0x51, 0x52, 0x52, 0x51, 0x51, 0x61, 0x61, 0x91, 0x93, 0x53, 0x63, 0x73, 0x59, 0x9D,
    0x99, 0x9D, 0x96, 0x96, 0x9E, 0x9E, 0x9E, 0x9E, 0x9E, 0x9E, 0x9E, 0x5E, 0x5E, 0x6E, 0x9E, 0x9E,
    0x9E, 0x9E, 0x9E, 0x9E, 0x9E, 0x9E, 0x9E, 0x9E, 0x9E, 0x9E, 0x9E, 0x9E, 0x0E, 0x06, 0x06, 0x0D,
    0xDD, 0x99, 0xB9, 0xBA, 0xCA, 0xB9, 0xA9, 0xC9, 0x99, 0x99, 0x9C, 0xAD, 0xAB, 0xBC, 0xFE, 0xFD,
    0xF9, 0xFD, 0xBC, 0xBC, 0xA9, 0x9C, 0x9B, 0x99, 0xA9, 0xA9, 0xA9, 0xC9, 0xB9, 0xAA, 0x99, 0xDD,
    0xDD, 0x19, 0x19, 0x3A, 0x4A, 0xE9, 0x19, 0x19, 0x19, 0x29, 0x2C, 0x2D, 0x1B, 0x1B, 0xED, 0x2E,
    0x2E, 0xED, 0x1C, 0x1B, 0x29, 0x2C, 0x2B, 0x19, 0x19, 0x19, 0x19, 0x49, 0x39, 0x1A, 0x19, 0xDD,
    0xDD, 0x19, 0x19, 0x1D, 0x1E, 0x1E, 0x1C, 0x19, 0x19, 0x1B, 0x1C, 0x1C, 0x1A, 0x1B, 0x4E, 0xED,
    0xEE, 0x4D, 0x1B, 0x1A, 0x1B, 0x12, 0x12, 0x11, 0x19, 0x1C, 0x1D, 0x1E, 0x1C, 0x19, 0x19, 0xDD,
    0xDD, 0x19, 0x29, 0x3D, 0x3E, 0x3E, 0x1C, 0x49, 0x19, 0x1B, 0x1C, 0x1B, 0x19, 0x2C, 0x4E, 0x4D,
    0x4D, 0x4C, 0x3B, 0x29, 0x1B, 0x12, 0x12, 0x11, 0x19, 0x1C, 0x1D, 0x4E, 0x3C, 0x19, 0x19, 0xDD,
    0x3D, 0x37, 0x3E, 0x48, 0x4E, 0xEE, 0xDE, 0x37, 0x36, 0x31, 0x32, 0x21, 0x27, 0x1A, 0x41, 0xE1,
    0x31, 0x91, 0x0A, 0x07, 0x91, 0x22, 0x21, 0x36, 0x47, 0x1E, 0x1E, 0x3E, 0x48, 0x4E, 0x37, 0xAD,
    0x3D, 0x39, 0x21, 0xA1, 0x21, 0x29, 0x19, 0x99, 0x99, 0x92, 0xB4, 0xC4, 0xD4, 0xE2, 0xA1, 0xC1,
    0xB1, 0xD1, 0xE2, 0xD3, 0xC3, 0xD2, 0xE2, 0xE9, 0xB9, 0xC9, 0xA9, 0xD9, 0x91, 0x01, 0x09, 0x0D,
    0x0D, 0x99, 0x92, 0x92, 0x52, 0x52, 0x51, 0x51, 0x91, 0x91, 0x51, 0x52, 0x52, 0x61, 0x92, 0x91,
    0x51, 0x52, 0x61, 0x62, 0x52, 0x51, 0x61, 0x61, 0x71, 0x61, 0x93, 0x93, 0x53, 0x53, 0x99, 0x9D,
    0x99, 0x9D, 0x96, 0x96, 0x96, 0x96, 0x96, 0x96, 0x96, 0x96, 0x96, 0x96, 0x96, 0x96, 0x96, 0x96,
    0x96, 0x96, 0x96, 0x96, 0x96, 0x96, 0x96, 0x96, 0x96, 0x96, 0x96, 0x06, 0x06, 0x06, 0x06, 0x0D,
    0xDD, 0x99, 0xBA, 0xCA, 0xB9, 0xA9, 0xAB, 0xCC, 0xAB, 0x99, 0xBB, 0xAC, 0xAD, 0xBA, 0xBD, 0xBE,
    0xBE, 0xBD, 0xBC, 0xA9, 0xAC, 0xBB, 0x99, 0xA9, 0xCB, 0xAB, 0xAA, 0xB9, 0xC9, 0xBA, 0x99, 0xDD,
    0xDD, 0x19, 0x1A, 0x1A, 0x49, 0x49, 0xEB, 0x3C, 0x1B, 0x19, 0x2B, 0x2C, 0x3C, 0x29, 0x1B, 0xE9,
    0xE9, 0x19, 0x2B, 0x39, 0x2C, 0x1B, 0x19, 0x19, 0x1B, 0x3B, 0x4A, 0x39, 0x39, 0x1A, 0x19, 0xDD,
    0xDD, 0x19, 0x1B, 0x2D, 0x1E, 0x1D, 0x1C, 0x1A, 0x49, 0x39, 0x1B, 0x1B, 0x1C, 0x29, 0x1C, 0x1D,
    0x1D, 0x1C, 0x29, 0x1C, 0x1B, 0x19, 0x39, 0x49, 0x1A, 0x1C, 0x1D, 0x1E, 0x2C, 0x1B, 0x19, 0xDD,
    0xDD, 0x19, 0x3B, 0x4D, 0x3E, 0x1D, 0x1C, 0x4A, 0x19, 0x19, 0x3B, 0x1B, 0x1B, 0x39, 0x29, 0x29,
    0x29, 0x29, 0x29, 0x1B, 0x1B, 0x39, 0x19, 0x19, 0x4A, 0x1C, 0x1D, 0x3E, 0x4C, 0x3B, 0x19, 0xDD,
    0x2D, 0x27, 0x38, 0x38, 0x4E, 0xEE, 0xDE, 0x38, 0x36, 0x21, 0x22, 0x22, 0x21, 0x28, 0x40, 0x31,
    0x21, 0x90, 0x08, 0x01, 0x92, 0x22, 0x21, 0x36, 0x18, 0x1E, 0x3E, 0x4E, 0x48, 0x48, 0x17, 0xAD,
    0x1D, 0x39, 0x29, 0xA9, 0x29, 0x29, 0x21, 0x99, 0x99, 0xB1, 0xC2, 0xD2, 0xE1, 0xD1, 0xA4, 0xB4,
    0xD4, 0xE3, 0xE1, 0xE1, 0xE2, 0xC2, 0xE1, 0xE9, 0xC9, 0xD9, 0xA9, 0xD9, 0x99, 0x09, 0x09, 0x0D,
    0x0D, 0x99, 0x92, 0x92, 0x92, 0x51, 0x51, 0x51, 0x92, 0x91, 0x91, 0x51, 0x52, 0x91, 0x92, 0x52,
    0x62, 0x52, 0x61, 0x52, 0x51, 0x61, 0x61, 0x92, 0x91, 0x91, 0x91, 0x93, 0x93, 0x93, 0x99, 0x9D,
    0x99, 0x9D, 0x96, 0x96, 0x96, 0x96, 0x96, 0x96, 0x96, 0x96, 0x96, 0x96, 0x96, 0x96, 0x96, 0x96,
    0x96, 0x96, 0x96, 0x96, 0x96, 0x96, 0x96, 0x96, 0x96, 0x06, 0x06, 0x06, 0x06, 0x06, 0x06, 0x0D,
    0xDD, 0x99, 0xBA, 0xB9, 0xA9, 0xAD, 0xBE, 0xCE, 0xAD, 0xAC, 0xC9, 0xA9, 0xAB, 0xBC, 0xBA, 0xF9,
    0xB9, 0xB9, 0xB9, 0xAC, 0xAB, 0xB9, 0xA9, 0xAB, 0xCD, 0xBC, 0xAB, 0xAB, 0xB9, 0xB9, 0x99, 0xDD,
    0xDD, 0x19, 0x1A, 0x19, 0x39, 0x4D, 0x4E, 0xEE, 0xED, 0x1C, 0x19, 0x19, 0x2A, 0x4D, 0x29, 0x11,
    0x11, 0x21, 0x49, 0x2C, 0x1B, 0x19, 0x19, 0x1B, 0x4D, 0x4C, 0x3B, 0x3B, 0x19, 0x19, 0x19, 0xDD,
    0xDD, 0x19, 0x2C, 0x1E, 0x1E, 0x1D, 0x1B, 0xEA, 0x39, 0x1B, 0x19, 0x19, 0x1B, 0x2C, 0x19, 0x19,
    0x19, 0x19, 0x2C, 0x1B, 0x19, 0x19, 0x1B, 0x39, 0xEA, 0x1B, 0x1D, 0x1E, 0x1D, 0x2C, 0x19, 0xDD,
    0xDD, 0x19, 0x3C, 0x3E, 0x1E, 0x1D, 0x3B, 0x4A, 0x19, 0x1B, 0x49, 0x19, 0x1B, 0x3B, 0x39, 0x41,
    0x31, 0x39, 0x3B, 0x1B, 0x19, 0x39, 0x1B, 0x19, 0x4A, 0x3B, 0x1D, 0x1E, 0x3D, 0x3C, 0x19, 0xDD,
    0xED, 0x46, 0x27, 0x36, 0x38, 0xEE, 0xDE, 0x3E, 0x27, 0x26, 0x31, 0x33, 0x32, 0x27, 0x28, 0x2E,
    0x1E, 0x98, 0x07, 0x02, 0x93, 0x11, 0x36, 0x17, 0x3E, 0x1E, 0x1E, 0x18, 0x46, 0x47, 0x16, 0xAD,
    0x1D, 0x39, 0x21, 0xA2, 0xA2, 0xA1, 0x21, 0xA1, 0xB9, 0xC9, 0xD1, 0xE1, 0xE2, 0xD4, 0xA3, 0xC3,
    0xE3, 0xD2, 0xD2, 0xD2, 0xE1, 0xE1, 0xE9, 0xE9, 0xD1, 0xC9, 0xA9, 0xD1, 0x91, 0x09, 0x09, 0x0D,
    0x0D, 0x09, 0x91, 0x91, 0x91, 0x91, 0x91, 0x91, 0x52, 0x51, 0x91, 0x51, 0x52, 0x52, 0x51, 0x63,
    0x64, 0x51, 0x62, 0x62, 0x51, 0x51, 0x91, 0x92, 0x91, 0x51, 0x91, 0x91, 0x91, 0x91, 0x99, 0x9D,
    0x99, 0x9D, 0x96, 0x96, 0x96, 0x96, 0x96, 0x96, 0x96, 0x96, 0x96, 0x96, 0x96, 0x96, 0x96, 0x96,
    0x96, 0x96, 0x96, 0x96, 0x96, 0x96, 0x96, 0x96, 0x06, 0x06, 0x06, 0x06, 0x06, 0x06, 0x06, 0x0D,
    0xDD, 0x99, 0xA9, 0xA9, 0xA9, 0xB9, 0xC9, 0xA9, 0xAE, 0xAD, 0xBB, 0xC9, 0xA9, 0xAB, 0xBC, 0xFD,
    0xBD, 0xBD, 0xAC, 0xAA, 0xB9, 0xB9, 0xAB, 0xAD, 0xA9, 0xC9, 0xB9, 0xA9, 0xA9, 0xA9, 0x99, 0xDD,
    0xDD, 0x19, 0x19, 0x19, 0x19, 0x39, 0x39, 0x49, 0x4E, 0xED, 0x3B, 0x19, 0x19, 0x2C, 0x4D, 0x42,
    0x42, 0x41, 0x2C, 0x1B, 0x19, 0x19, 0x4B, 0x4D, 0x39, 0x39, 0x39, 0x19, 0x19, 0x19, 0x19, 0xDD,
    0xDD, 0x19, 0x1D, 0x1E, 0x1D, 0x1C, 0x1B, 0xEA, 0x39, 0x1D, 0x1B, 0x19, 0x19, 0x1B, 0x3C, 0x1D,
    0x1D, 0x2C, 0x1B, 0x19, 0x19, 0x1B, 0x1D, 0x39, 0xEA, 0x1B, 0x1C, 0x1D, 0x1E, 0x1D, 0x19, 0xDD,
    0xDD, 0x19, 0x1D, 0x1E, 0x1D, 0x3C, 0x4B, 0x1A, 0x19, 0x1D, 0x3B, 0x49, 0x19, 0x1C, 0x3A, 0x42,
    0x32, 0x3A, 0x1B, 0x19, 0x39, 0x3B, 0x1D, 0x19, 0x1A, 0x4B, 0x3C, 0x1D, 0x1E, 0x1D, 0x19, 0xDD,
    0xED, 0xE9, 0x46, 0x29, 0x38, 0xE8, 0x48, 0x2E, 0x28, 0x47, 0x46, 0x41, 0x33, 0x33, 0x24, 0x14,
    0x94, 0x94, 0x03, 0x93, 0x91, 0x16, 0x37, 0x18, 0x1E, 0x28, 0x38, 0x18, 0x39, 0x46, 0x39, 0xAD,
    0x2D, 0x39, 0x23, 0x11, 0x22, 0xA1, 0xA1, 0xA2, 0xB2, 0xC9, 0xD9, 0xE9, 0xE1, 0xC2, 0xA1, 0xD2,
    0xD2, 0xA1, 0xA2, 0xA1, 0xD9, 0xD9, 0xE9, 0xE1, 0xB1, 0xA9, 0xA9, 0xC1, 0x99, 0x01, 0x09, 0x0D,
    0x0D, 0x09, 0x92, 0x93, 0x91, 0x92, 0x52, 0x91, 0x92, 0x51, 0x51, 0x51, 0x51, 0x54, 0x52, 0x51,
    0x51, 0x52, 0x64, 0x61, 0x51, 0x51, 0x91, 0x92, 0x51, 0x62, 0x52, 0x91, 0x93, 0x92, 0x99, 0x9D,
    0x99, 0x9D, 0x96, 0x96, 0x96, 0x96, 0x96, 0x96, 0x96, 0x96, 0x96, 0x96, 0x96, 0x96, 0x96, 0x96,
    0x96, 0x96, 0x96, 0x96, 0x96, 0x96, 0x96, 0x06, 0x06, 0x06, 0x06, 0x06, 0x06, 0x06, 0x06, 0x0D,
    0xDD, 0x99, 0xA9, 0xB9, 0xC9, 0xC9, 0xAA, 0x9B, 0x19, 0xAE, 0xAC, 0xC9, 0xB9, 0xA9, 0xAA, 0xBB,
    0xBC, 0xAB, 0xAA, 0xB9, 0xB9, 0xAB, 0xAD, 0xA9, 0x99, 0xAA, 0xC9, 0xC9, 0xB9, 0xA9, 0x99, 0xDD,
    0xDD, 0x19, 0x19, 0x19, 0x39, 0x19, 0x1A, 0x1B, 0x39, 0x4E, 0xEC, 0xE9, 0x19, 0x1A, 0x2C, 0x2D,
    0x2D, 0x2D, 0x1B, 0x1A, 0x39, 0x4B, 0x3D, 0x39, 0x39, 0x1A, 0x19, 0x39, 0x19, 0x19, 0x19, 0xDD,
    0xDD, 0x19, 0x1E, 0x1D, 0x1C, 0x1B, 0x1A, 0x4A, 0x39, 0x19, 0x1D, 0x1B, 0x29, 0x19, 0x1B, 0x4C,
    0x3B, 0x1B, 0x19, 0x29, 0x1B, 0x1D, 0x19, 0x39, 0x4A, 0x1A, 0x1B, 0x1C, 0x1D, 0x1D, 0x19, 0xDD,
    0xDD, 0x19, 0x1E, 0x3D, 0x4C, 0x4B, 0x1A, 0x1A, 0x19, 0x19, 0x1D, 0x4B, 0x39, 0x1B, 0x1C, 0x3A,
    0x3A, 0x1C, 0x1B, 0x39, 0x3B, 0x1D, 0x19, 0x19, 0x1A, 0x1A, 0x4B, 0x4C, 0x3D, 0x1D, 0x19, 0xDD,
    0x2D, 0x39, 0xE9, 0x49, 0x27, 0x48, 0x37, 0x2E, 0x48, 0x48, 0x37, 0x25, 0x21, 0x22, 0x22, 0x12,
    0x92, 0x92, 0x92, 0x91, 0x15, 0x27, 0x18, 0x18, 0x1E, 0x37, 0x48, 0x47, 0x19, 0x49, 0x49, 0x1D,
    0x2D, 0x39, 0x1E, 0x31, 0x33, 0x22, 0xA1, 0x21, 0xA2, 0xC2, 0xD2, 0xD9, 0xC9, 0xA9, 0xB9, 0xD1,
    0xA1, 0x69, 0x69, 0xC9, 0xA9, 0xD1, 0xE1, 0xE1, 0xA9, 0x69, 0xA1, 0xC1, 0x91, 0x04, 0x09, 0x0D,
    0x0D, 0x09, 0x03, 0x91, 0x92, 0x92, 0x52, 0x51, 0x92, 0x92, 0x51, 0x51, 0x51, 0x92, 0x94, 0x53,
    0x53, 0x6E, 0x52, 0x51, 0x51, 0x51, 0x92, 0x92, 0x51, 0x62, 0x52, 0x92, 0x91, 0x93, 0x99, 0x9D,
    0x99, 0x9D, 0x96, 0x96, 0x96, 0x96, 0x96, 0x96, 0x96, 0x96, 0x96, 0x96, 0x96, 0x96, 0x96, 0x96,
    0x96, 0x96, 0x96, 0x96, 0x96, 0x96, 0x06, 0x06, 0x06, 0x06, 0x06, 0x06, 0x06, 0x06, 0x06, 0x0D,
    0xDD, 0x99, 0xD9, 0xD9, 0xB9, 0xB9, 0xAB, 0x9C, 0x12, 0x19, 0xAE, 0xBB, 0xC9, 0xB2, 0xA9, 0xA9,
    0xA9, 0xA9, 0xB9, 0xB9, 0xBB, 0xAD, 0xA9, 0xA9, 0x9C, 0xAB, 0xA9, 0xA9, 0xC9, 0xD9, 0x99, 0xDD,
    0xDD, 0x19, 0x39, 0x39, 0x19, 0x19, 0x1B, 0x1C, 0x12, 0x19, 0x3E, 0x4B, 0xE9, 0x19, 0x1A, 0x1C,
    0x1C, 0x1B, 0x1A, 0x49, 0x4B, 0x3D, 0x39, 0x19, 0x1C, 0x1B, 0x19, 0x19, 0x39, 0x39, 0x19, 0xDD,
    0xDD, 0x19, 0x1D, 0x1C, 0x1B, 0x3A, 0x3A, 0x19, 0x41, 0x19, 0x19, 0x1D, 0x19, 0x2B, 0x19, 0x19,
    0x19, 0x19, 0x2A, 0x19, 0x1D, 0x19, 0x19, 0x41, 0x19, 0x3A, 0x3A, 0x1B, 0x1C, 0x1D, 0x19, 0xDD,
    0xDD, 0x19, 0xED, 0xEC, 0x3B, 0x3A, 0x1A, 0x19, 0x11, 0x19, 0x19, 0x3D, 0x49, 0x39, 0x1B, 0x1C,
    0x1C, 0x1B, 0x39, 0x39, 0x3D, 0x19, 0x19, 0x11, 0x19, 0x1A, 0x1A, 0x1B, 0x4C, 0xED, 0x19, 0xDD,
    0x9D, 0x91, 0x19, 0x39, 0x29, 0x47, 0x39, 0x28, 0x38, 0x18, 0x98, 0x97, 0x95, 0x15, 0x25, 0x11,
    0x91, 0xA5, 0xA5, 0x15, 0x27, 0x38, 0x38, 0x28, 0xA8, 0xA9, 0xA7, 0xA9, 0x19, 0x39, 0x41, 0x3D,
    0x3D, 0x39, 0x21, 0x12, 0xA2, 0xA3, 0xA2, 0x11, 0xA1, 0xC1, 0xD2, 0xC3, 0xA3, 0xA1, 0xC9, 0xD9,
    0xA9, 0x69, 0x71, 0xE2, 0xB1, 0xD1, 0xE1, 0xE9, 0xA9, 0x61, 0xA1, 0xC1, 0xC1, 0x99, 0x09, 0x0D,
    0x0D, 0x09, 0x01, 0x92, 0x92, 0x93, 0x92, 0x91, 0x92, 0x53, 0x53, 0x51, 0x51, 0x91, 0x92, 0x94,
    0x5E, 0x52, 0x51, 0x51, 0x51, 0x53, 0x53, 0x92, 0x51, 0x52, 0x93, 0x92, 0x92, 0x91, 0x99, 0x9D,
    0x99, 0x9D, 0x96, 0x96, 0x96, 0x96, 0x96, 0x96, 0x96, 0x96, 0x96, 0x96, 0x96, 0x96, 0x96, 0x96,
    0x96, 0x96, 0x96, 0x96, 0x06, 0x06, 0x06, 0x06, 0x06, 0x06, 0x06, 0x06, 0x06, 0x06, 0x06, 0x0D,
    0xDD, 0x99, 0xA9, 0xA9, 0xA9, 0xB3, 0x9B, 0x1C, 0x12, 0xA9, 0xAD, 0xBC, 0xB9, 0xC2, 0xD2, 0xA9,
    0xA9, 0xC1, 0xC1, 0xB9, 0xBB, 0xAD, 0xA9, 0xA9, 0xAC, 0x9B, 0xB1, 0xA9, 0xA9, 0xA9, 0x99, 0xDD,
    0xDD, 0x19, 0x19, 0x19, 0x19, 0x13, 0x1B, 0x1C, 0x12, 0x19, 0x1D, 0x3C, 0x39, 0xE2, 0x39, 0x19,
    0x19, 0x39, 0xE9, 0x39, 0x3B, 0x1D, 0x19, 0x19, 0x1C, 0x1B, 0x11, 0x19, 0x19, 0x19, 0x19, 0xDD,
    0xDD, 0x19, 0x1C, 0x1B, 0x1A, 0x3C, 0x1B, 0x19, 0x12, 0x41, 0x19, 0x1C, 0x19, 0x19, 0x3B, 0x4B,
    0x3A, 0x3A, 0x19, 0x19, 0x1C, 0x19, 0x41, 0x11, 0x19, 0x1C, 0x3A, 0x1A, 0x1B, 0x1C, 0x19, 0xDD,
    0xDD, 0x19, 0x1C, 0x1B, 0x1A, 0x3C, 0x1B, 0x19, 0x12, 0x11, 0x19, 0x3C, 0x39, 0x49, 0xE9, 0x19,
    0x19, 0x49, 0x49, 0x39, 0x3C, 0x19, 0x11, 0x11, 0x19, 0x1C, 0x3A, 0x1A, 0x1B, 0x1C, 0x19, 0xDD,
    0xCD, 0x91, 0x61, 0x19, 0x29, 0x39, 0x39, 0x27, 0x18, 0x67, 0x98, 0xC7, 0x17, 0x16, 0x16, 0x15,
    0x95, 0xB6, 0xB6, 0xA7, 0xC7, 0xD8, 0x47, 0x48, 0x37, 0xB9, 0x59, 0x79, 0x59, 0x11, 0x31, 0x4D,
    0x4D, 0x49, 0x22, 0xA3, 0xA3, 0xC3, 0xA2, 0x22, 0x11, 0xB1, 0xD1, 0xA1, 0xA2, 0xC3, 0xD1, 0xD9,
    0xA9, 0x71, 0x72, 0xD1, 0xE1, 0xE1, 0xE9, 0xE9, 0xE1, 0xD1, 0xA2, 0xA2, 0xC2, 0x91, 0x09, 0x0D,
    0x0D, 0x09, 0x02, 0x03, 0x93, 0x93, 0x92, 0x92, 0x51, 0x91, 0x52, 0x93, 0x52, 0x51, 0x91, 0x91,
    0x51, 0x51, 0x51, 0x62, 0x53, 0x92, 0x51, 0x51, 0x52, 0x92, 0x93, 0x93, 0x53, 0x92, 0x99, 0x9D,
    0x99, 0x9D, 0x96, 0x96, 0x96, 0x56, 0x56, 0x96, 0x96, 0x96, 0x96, 0x96, 0x96, 0x96, 0x96, 0x96,
    0x96, 0x06, 0x06, 0x06, 0x06, 0x06, 0x06, 0x06, 0x06, 0x06, 0x06, 0x06, 0x06, 0x06, 0x06, 0x0D,
    0xDD, 0x99, 0xA9, 0xA9, 0xB2, 0xA3, 0x9B, 0x1D, 0xA9, 0xDE, 0xBC, 0xAB, 0xB9, 0xB1, 0xC2, 0xD2,
    0xC1, 0xC1, 0xB9, 0xB9, 0xAC, 0xBC, 0xDE, 0xA9, 0xAD, 0x9B, 0xA1, 0xB2, 0xA9, 0xA9, 0x99, 0xDD,
    0xDD, 0x19, 0x19, 0x19, 0x12, 0x13, 0x1B, 0x1D, 0xE9, 0x3E, 0x1C, 0x1B, 0x39, 0x31, 0xE2, 0xE2,
    0xE1, 0xE1, 0x39, 0x39, 0x1C, 0x1C, 0x1E, 0xE9, 0x1D, 0x1B, 0x11, 0x12, 0x19, 0x19, 0x19, 0xDD,
    0xDD, 0x19, 0x1B, 0x1A, 0x19, 0x1C, 0x1D, 0xE9, 0x32, 0x11, 0x4D, 0x1C, 0x29, 0x12, 0x19, 0x1B,
    0x1A, 0x19, 0x11, 0x29, 0x1C, 0x4D, 0x19, 0x31, 0xE9, 0x1D, 0x1A, 0x19, 0x1A, 0x1B, 0x19, 0xDD,
    0xDD, 0x19, 0x1B, 0x1A, 0x39, 0x1C, 0x1D, 0x19, 0x12, 0xE1, 0x3D, 0x1C, 0x39, 0x32, 0x49, 0xEB,
    0x4A, 0x49, 0x31, 0x39, 0x1C, 0x3D, 0xE9, 0x11, 0x19, 0x1D, 0x1A, 0x39, 0x1A, 0x1B, 0x19, 0xDD,
    0xDD, 0x71, 0x71, 0x11, 0x49, 0xE9, 0xD9, 0x39, 0x17, 0x79, 0x78, 0xD8, 0x17, 0x27, 0x27, 0x16,
    0x96, 0xC7, 0xC7, 0xC7, 0xA8, 0xD8, 0xE9, 0xE7, 0x49, 0xE9, 0x59, 0x59, 0xD1, 0xA1, 0x21, 0x4D,
    0x4D, 0x49, 0xA3, 0xA3, 0x53, 0xD2, 0xA4, 0xCE, 0xA2, 0xB1, 0xE9, 0xC1, 0xA1, 0xC2, 0xD3, 0xE9,
    0xE9, 0xE2, 0xE1, 0xE1, 0xE9, 0xE9, 0xE9, 0xE1, 0xE4, 0xA3, 0xA1, 0xB2, 0xA2, 0x92, 0x09, 0x0D,
    0x0D, 0x09, 0x03, 0x03, 0x93, 0x92, 0x9E, 0x92, 0x91, 0x91, 0x91, 0x92, 0x93, 0x52, 0x51, 0x51,
    0x51, 0x51, 0x62, 0x63, 0x92, 0x91, 0x91, 0x51, 0x92, 0x9E, 0x92, 0x53, 0x53, 0x53, 0x99, 0x9D,
    0x99, 0x9D, 0x96, 0x96, 0x56, 0x56, 0x66, 0x96, 0x96, 0x96, 0x96, 0x96, 0x96, 0x96, 0x96, 0x06,
    0x06, 0x06, 0x06, 0x06, 0x06, 0x06, 0x06, 0x06, 0x06, 0x06, 0x06, 0x06, 0x06, 0x06, 0x06, 0x0D,
    0xDD, 0x99, 0xA9, 0xB3, 0xA3, 0x92, 0x1A, 0x1E, 0xA9, 0xCC, 0xBD, 0xAB, 0xA9, 0xB2, 0xB1, 0xC2,
    0xC1, 0xB9, 0xB9, 0xA9, 0xAC, 0xBD, 0xC9, 0xA9, 0xAE, 0xAA, 0x91, 0xA2, 0xB2, 0xA9, 0x99, 0xDD,
    0xDD, 0x19, 0x19, 0x13, 0x13, 0x12, 0x1A, 0x1E, 0x49, 0x3C, 0x1D, 0x1B, 0x19, 0x32, 0x31, 0x42,
    0x41, 0x39, 0x39, 0x19, 0x1C, 0x1D, 0x39, 0x49, 0x1E, 0x1A, 0x11, 0x12, 0x12, 0x19, 0x19, 0xDD,
    0xDD, 0x19, 0x1A, 0x19, 0x1D, 0x19, 0x1D, 0x4B, 0x31, 0x1E, 0x4C, 0x1B, 0x19, 0x21, 0x32, 0x49,
    0x39, 0x31, 0x21, 0x19, 0x1B, 0x4C, 0x1E, 0x39, 0x4A, 0x1C, 0x19, 0x1D, 0x19, 0x1A, 0x19, 0xDD,
    0xDD, 0x19, 0x1A, 0x39, 0x1D, 0x19, 0x1D, 0x1B, 0x11, 0x4E, 0x3C, 0x1B, 0x19, 0x31, 0x32, 0x49,
    0x49, 0x31, 0x31, 0x19, 0x1B, 0x3C, 0x4E, 0x19, 0x1A, 0x1C, 0x19, 0x1D, 0x39, 0x1A, 0x19, 0xDD,
    0x2D, 0x31, 0x31, 0xC1, 0xE1, 0xE9, 0xD9, 0xC9, 0xC9, 0x29, 0x27, 0x18, 0x26, 0x28, 0x27, 0x27,
    0x97, 0xB7, 0x98, 0xC6, 0xA8, 0xC7, 0xE9, 0xD9, 0xC9, 0xC9, 0xE9, 0xE1, 0xD1, 0xA1, 0x21, 0x4D,
    0x4D, 0x49, 0xA3, 0xC3, 0xD3, 0xB1, 0xB4, 0xB4, 0xB1, 0xA2, 0xE1, 0xE9, 0xB1, 0xA1, 0xD2, 0xE9,
    0xE9, 0xE1, 0xE1, 0xE9, 0xE9, 0xE9, 0xE1, 0xE9, 0xE3, 0xD3, 0xA9, 0xA2, 0xB2, 0x92, 0x09, 0x0D,
    0x0D, 0x09, 0x03, 0x03, 0x02, 0x94, 0x94, 0x91, 0x93, 0x92, 0x91, 0x91, 0x92, 0x92, 0x92, 0x91,
    0x51, 0x52, 0x52, 0x52, 0x91, 0x91, 0x52, 0x53, 0x91, 0x94, 0x54, 0x62, 0x63, 0x53, 0x99, 0x9D,
    0x99, 0x9D, 0x96, 0x96, 0x56, 0x66, 0x96, 0x96, 0x96, 0x96, 0x96, 0x96, 0x96, 0x06, 0x06, 0x06,
    0x06, 0x06, 0x06, 0x06, 0x06, 0x06, 0x06, 0x06, 0x06, 0x06, 0x06, 0x06, 0x06, 0x06, 0x06, 0x0D,
    0xDD, 0xDD, 0x99, 0x99, 0x99, 0x99, 0x99, 0x99, 0x99, 0x99, 0x99, 0x99, 0x99, 0x99, 0x99, 0x99,
    0x99, 0x99, 0x99, 0x99, 0x99, 0x99, 0x99, 0x99, 0x99, 0x99, 0x99, 0x99, 0x99, 0x99, 0xDD, 0xDD,
    0xDD, 0xDD, 0x19, 0x19, 0x19, 0x19, 0x19, 0x19, 0x19, 0x19, 0x19, 0x19, 0x19, 0x19, 0x19, 0x19,
    0x19, 0x19, 0x19, 0x19, 0x19, 0x19, 0x19, 0x19, 0x19, 0x19, 0x19, 0x19, 0x19, 0x19, 0xDD, 0xDD,
    0xDD, 0xDD, 0x19, 0x19, 0x19, 0x19, 0x19, 0x19, 0x19, 0x19, 0x19, 0x19, 0x19, 0x19, 0x19, 0x19,
    0x19, 0x19, 0x19, 0x19, 0x19, 0x19, 0x19, 0x19, 0x19, 0x19, 0x19, 0x19, 0x19, 0x19, 0xDD, 0xDD,
    0xDD, 0xDD, 0x19, 0x19, 0x19, 0x19, 0x19, 0x19, 0x19, 0x19, 0x19, 0x19, 0x19, 0x19, 0x19, 0x19,
    0x19, 0x19, 0x19, 0x19, 0x19, 0x19, 0x19, 0x19, 0x19, 0x19, 0x19, 0x19, 0x19, 0x19, 0xDD, 0xDD,
    0xED, 0xED, 0xE1, 0xD1, 0xE1, 0xE9, 0xD9, 0xC9, 0xC9, 0xC9, 0xC6, 0xD7, 0xD6, 0xC8, 0xB8, 0x17,
    0x97, 0xD8, 0x98, 0xC6, 0xA7, 0xD6, 0xD9, 0xC9, 0xD9, 0xE9, 0xC9, 0xC1, 0x31, 0x31, 0x2D, 0x3D,
    0x4D, 0x3D, 0xA9, 0xB9, 0xB9, 0xC9, 0xC9, 0xB9, 0xA9, 0xA9, 0xD9, 0xE9, 0xE9, 0xA9, 0xC9, 0xE9,
    0xE9, 0xE9, 0xE9, 0xE9, 0xE9, 0xE9, 0xE9, 0xE9, 0xD9, 0xD9, 0xD9, 0xC9, 0xB9, 0x99, 0x0D, 0x0D,
    0x0D, 0x0D, 0x09, 0x09, 0x09, 0x09, 0x99, 0x99, 0x99, 0x99, 0x99, 0x99, 0x99, 0x59, 0x99, 0x99,
    0x59, 0x59, 0x99, 0x99, 0x99, 0x99, 0x99, 0x59, 0x59, 0x99, 0x99, 0x59, 0x59, 0x99, 0x9D, 0x9D,
    0x99, 0x9D, 0x9D, 0x96, 0x96, 0x96, 0x96, 0x96, 0x96, 0x96, 0x96, 0x96, 0x06, 0x06, 0x06, 0x06,
    0x06, 0x06, 0x06, 0x06, 0x06, 0x06, 0x06, 0x06, 0x06, 0x06, 0x06, 0x06, 0x06, 0x06, 0x0D, 0x0D,
    0x00, 0xDD, 0xDD, 0xDD, 0xDD, 0xDD, 0xDD, 0xDD, 0xDD, 0xDD, 0xDD, 0xDD, 0xDD, 0xDD, 0xDD, 0xDD,
    0xDD, 0xDD, 0xDD, 0xDD, 0xDD, 0xDD, 0xDD, 0xDD, 0xDD, 0xDD, 0xDD, 0xDD, 0xDD, 0xDD, 0xDD, 0x00,
    0x00, 0xDD, 0xDD, 0xDD, 0xDD, 0xDD, 0xDD, 0xDD, 0xDD, 0xDD, 0xDD, 0xDD, 0xDD, 0xDD, 0xDD, 0xDD,
    0xDD, 0xDD, 0xDD, 0xDD, 0xDD, 0xDD, 0xDD, 0xDD, 0xDD, 0xDD, 0xDD, 0xDD, 0xDD, 0xDD, 0xDD, 0x00,
    0x00, 0xDD, 0xDD, 0xDD, 0xDD, 0xDD, 0xDD, 0xDD, 0xDD, 0xDD, 0xDD, 0xDD, 0xDD, 0xDD, 0xDD, 0xDD,
    0xDD, 0xDD, 0xDD, 0xDD, 0xDD, 0xDD, 0xDD, 0xDD, 0xDD, 0xDD, 0xDD, 0xDD, 0xDD, 0xDD, 0xDD, 0x00,
    0x00, 0xDD, 0xDD, 0xDD, 0xDD, 0xDD, 0xDD, 0xDD, 0xDD, 0xDD, 0xDD, 0xDD, 0xDD, 0xDD, 0xDD, 0xDD,
    0xDD, 0xDD, 0xDD, 0xDD, 0xDD, 0xDD, 0xDD, 0xDD, 0xDD, 0xDD, 0xDD, 0xDD, 0xDD, 0xDD, 0xDD, 0xD0,
    0xD0, 0xED, 0xED, 0xED, 0xCD, 0xAD, 0xAD, 0xCD, 0xCD, 0xCD, 0xCD, 0xCD, 0xCD, 0xCD, 0xBD, 0xBD,
    0x9D, 0xDD, 0x9D, 0xCD, 0xAD, 0xCD, 0xDD, 0xDD, 0xED, 0xED, 0xED, 0xED, 0xED, 0x4D, 0x3D, 0x30,
    0x30, 0x3D, 0x2D, 0xCD, 0xCD, 0xCD, 0xCD, 0xBD, 0xBD, 0xAD, 0xCD, 0xDD, 0xED, 0xBD, 0xAD, 0xDD,
    0xED, 0xED, 0xDD, 0xDD, 0xCD, 0xAD, 0xDD, 0xDD, 0xDD, 0xDD, 0xCD, 0xBD, 0x9D, 0x9D, 0x0D, 0x00,
    0x00, 0x0D, 0x0D, 0x0D, 0x0D, 0x0D, 0x0D, 0x9D, 0x9D, 0x9D, 0x9D, 0x5D, 0x5D, 0x9D, 0x9D, 0x9D,
    0x5D, 0x9D, 0x9D, 0x5D, 0x5D, 0x5D, 0x9D, 0x9D, 0x9D, 0x9D, 0x9D, 0x9D, 0x9D, 0x9D, 0x9D, 0x90,
    0x99, 0x99, 0x9D, 0x9D, 0x9D, 0x9D, 0x9D, 0x9D, 0x9D, 0x9D, 0x9D, 0x0D, 0x0D, 0x0D, 0x0D, 0x0D,
    0x0D, 0x0D, 0x0D, 0x0D, 0x0D, 0x0D, 0x0D, 0x0D, 0x0D, 0x0D, 0x0D, 0x0D, 0x0D, 0x0D, 0x0D, 0x00,
    0x00, 0x00, 0x00, 0x00, 0x00, 0x00, 0x00, 0x00, 0x00, 0x00, 0x00, 0x00, 0x00, 0x00, 0x00, 0x00,
    0x00, 0x00, 0x00, 0x00, 0x00, 0x00, 0x00, 0x00, 0x00, 0x00, 0x00, 0x00, 0x00, 0x00, 0x00, 0x00,
    0x00, 0x00, 0x00, 0x00, 0x00, 0x00, 0x00, 0x00, 0x00, 0x00, 0x00, 0x00, 0x00, 0x00, 0x00, 0x00,
    0x00, 0x00, 0x00, 0x00, 0x00, 0x00, 0x00, 0x00, 0x00, 0x00, 0x00, 0x00, 0x00, 0x00, 0x00, 0x00,
    0x00, 0x00, 0x00, 0x00, 0x00, 0x00, 0x00, 0x00, 0x00, 0x00, 0x00, 0x00, 0x00, 0x00, 0x00, 0x00,
    0x00, 0x00, 0x00, 0x00, 0x00, 0x00, 0x00, 0x00, 0x00, 0x00, 0x00, 0x00, 0x00, 0x00, 0x00, 0x00,
    0x00, 0x00, 0x00, 0x00, 0x00, 0x00, 0x00, 0x00, 0x00, 0x00, 0x00, 0x00, 0x00, 0x00, 0x00, 0x00,
    0x00, 0x00, 0x00, 0x00, 0x00, 0x00, 0x00, 0x00, 0x00, 0x00, 0x00, 0x00, 0x00, 0x00, 0x00, 0x00,
    0xA0, 0xD0, 0xE0, 0xE0, 0xA0, 0xB0, 0x90, 0xA0, 0xC0, 0xC0, 0xC0, 0x90, 0x90, 0xB0, 0xB0, 0x90,
    0xD0, 0xB0, 0x90, 0xA0, 0xB0, 0xD0, 0xD0, 0xD0, 0xD0, 0xE0, 0xD0, 0xE0, 0xE0, 0xE0, 0xD0, 0xA0,
    0xA0, 0xA0, 0xC0, 0xC0, 0xC0, 0xC0, 0xB0, 0xB0, 0xA0, 0xB0, 0xD0, 0xD0, 0xE0, 0xB0, 0xA0, 0xC0,
    0xD0, 0xD0, 0xD0, 0xD0, 0xD0, 0xC0, 0xA0, 0xA0, 0xA0, 0xA0, 0xA0, 0x90, 0xB0, 0x90, 0x00, 0x00,
    0x00, 0x00, 0x00, 0x00, 0x00, 0x00, 0x00, 0x00, 0x90, 0x90, 0x90, 0x90, 0x90, 0x90, 0x50, 0x90,
    0x90, 0x50, 0x90, 0x90, 0x50, 0x90, 0x90, 0x50, 0x50, 0x90, 0x90, 0x90, 0x90, 0x90, 0x90, 0x90,
    0x90, 0x90, 0x90, 0x90, 0x90, 0x90, 0x90, 0x90, 0x90, 0x90, 0x00, 0x00, 0x00, 0x00, 0x00, 0x00,
    0x00, 0x00, 0x00, 0x00, 0x00, 0x00, 0x00, 0x00, 0x00, 0x00, 0x00, 0x00, 0x00, 0x00, 0x00, 0x00,
    0x00, 0x00, 0x00, 0x00, 0x00, 0x00, 0x00, 0x00, 0x00, 0x00, 0x00, 0x00, 0x00, 0x00, 0x00, 0x00,
    0x00, 0x00, 0x00, 0x00, 0x00, 0x00, 0x00, 0x00, 0x00, 0x00, 0x00, 0x00, 0x00, 0x00, 0x00, 0x00,
    0x00, 0x00, 0x00, 0x00, 0x00, 0x00, 0x00, 0x00, 0x00, 0x00, 0x00, 0x00, 0x00, 0x00, 0x00, 0x00,
    0x00, 0x00, 0x00, 0x00, 0x00, 0x00, 0x00, 0x00, 0x00, 0x00, 0x00, 0x00, 0x00, 0x00, 0x00, 0x00,
    0x00, 0x00, 0x00, 0x00, 0x00, 0x00, 0x00, 0x00, 0x00, 0x00, 0x00, 0x00, 0x00, 0x00, 0x00, 0x00,
    0x00, 0x00, 0x00, 0x00, 0x00, 0x00, 0x00, 0x00, 0x00, 0x00, 0x00, 0x00, 0x00, 0x00, 0x00, 0x00,
    0x00, 0x00, 0x00, 0x00, 0x00, 0x00, 0x00, 0x00, 0x00, 0x00, 0x00, 0x00, 0x00, 0x00, 0x00, 0x00,
    0x00, 0x00, 0x00, 0x00, 0x00, 0x00, 0x00, 0x00, 0x00, 0x00, 0x00, 0x00, 0x00, 0x00, 0x00, 0x00,
    0xB0, 0xA0, 0xD0, 0xE0, 0xC0, 0xA0, 0xA0, 0xC0, 0xC0, 0xC0, 0x90, 0x90, 0xE0, 0xE0, 0xD0, 0xA0,
    0xB0, 0x90, 0x90, 0x90, 0xB0, 0xC0, 0xC0, 0xD0, 0xD0, 0xC0, 0xE0, 0xD0, 0xB0, 0xC0, 0xE0, 0xD0,
    0xA0, 0xD0, 0xC0, 0xA0, 0xC0, 0xB0, 0xA0, 0x90, 0xB0, 0xB0, 0xD0, 0xE0, 0xD0, 0xA0, 0xA0, 0xC0,
    0xC0, 0xB0, 0xB0, 0xC0, 0xC0, 0xC0, 0xC0, 0xC0, 0xB0, 0xB0, 0x90, 0x90, 0xB0, 0x90, 0x90, 0x00,
    0x00, 0x00, 0x00, 0x00, 0x00, 0x00, 0x00, 0x00, 0x00, 0x90, 0x90, 0x90, 0x90, 0x90, 0x50, 0x90,
    0x90, 0x90, 0x90, 0x90, 0x50, 0x90, 0x50, 0x50, 0x90, 0x90, 0x90, 0x90, 0x90, 0x90, 0x90, 0x90,
    0x90, 0x90, 0x90, 0x90, 0x90, 0x90, 0x90, 0x90, 0x90, 0x00, 0x00, 0x00, 0x00, 0x00, 0x00, 0x00,
    0x00, 0x00, 0x00, 0x00, 0x00, 0x00, 0x00, 0x00, 0x00, 0x00, 0x00, 0x00, 0x00, 0x00, 0x00, 0x00,
    0x00, 0x00, 0x00, 0x00, 0x00, 0x00, 0x00, 0x00, 0x00, 0x00, 0x00, 0x00, 0x00, 0x00, 0x00, 0x00,
    0x00, 0x00, 0x00, 0x00, 0x00, 0x00, 0x00, 0x00, 0x00, 0x00, 0x00, 0x00, 0x00, 0x00, 0x00, 0x00,
    0x00, 0x00, 0x00, 0x00, 0x00, 0x00, 0x00, 0x00, 0x00, 0x00, 0x00, 0x00, 0x00, 0x00, 0x00, 0x00,
    0x00, 0x00, 0x00, 0x00, 0x00, 0x00, 0x00, 0x00, 0x00, 0x00, 0x00, 0x00, 0x00, 0x00, 0x00, 0x00,
    0x00, 0x00, 0x00, 0x00, 0x00, 0x00, 0x00, 0x00, 0x00, 0x00, 0x00, 0x00, 0x00, 0x00, 0x00, 0x00,
    0x00, 0x00, 0x00, 0x00, 0x00, 0x00, 0x00, 0x00, 0x00, 0x00, 0x00, 0x00, 0x00, 0x00, 0x00, 0x00,
    0x00, 0x00, 0x00, 0x00, 0x00, 0x00, 0x00, 0x00, 0x00, 0x00, 0x00, 0x00, 0x00, 0x00, 0x00, 0x00,
    0x00, 0x00, 0x00, 0x00, 0x00, 0x00, 0x00, 0x00, 0x00, 0x00, 0x00, 0x00, 0x00, 0x00, 0x00, 0x00,
    0xC0, 0xB0, 0xA0, 0xD0, 0xE0, 0xD0, 0xD0, 0xC0, 0xC0, 0x90, 0xA0, 0xB0, 0xE0, 0xC0, 0xA0, 0x90,
    0x90, 0x90, 0x90, 0x90, 0x90, 0xA0, 0xB0, 0xC0, 0xB0, 0xC0, 0xC0, 0xD0, 0xC0, 0xA0, 0xD0, 0xE0,
    0xE0, 0xC0, 0xA0, 0xB0, 0xB0, 0xA0, 0x90, 0xA0, 0xB0, 0xB0, 0xE0, 0xD0, 0xB0, 0xA0, 0xA0, 0xA0,
    0xA0, 0xA0, 0xA0, 0xA0, 0xB0, 0xC0, 0xC0, 0xB0, 0xB0, 0x90, 0x90, 0xA0, 0xC0, 0xB0, 0x90, 0x00,
    0x00, 0x00, 0x00, 0x00, 0x00, 0x00, 0x00, 0x00, 0x00, 0x00, 0x90, 0x90, 0x90, 0x90, 0x90, 0x90,
    0x90, 0x90, 0x90, 0x90, 0x90, 0x90, 0x90, 0x90, 0x90, 0x90, 0x90, 0x90, 0x90, 0x90, 0x90, 0x90,
    0x90, 0x90, 0x90, 0x90, 0x90, 0x90, 0x90, 0x90, 0x00, 0x00, 0x00, 0x00, 0x00, 0x00, 0x00, 0x00,
    0x00, 0x00, 0x00, 0x00, 0x00, 0x00, 0x00, 0x00, 0x00, 0x00, 0x00, 0x00, 0x00, 0x00, 0x00, 0x00,
    0x00, 0x00, 0x00, 0x00, 0x00, 0x00, 0x00, 0x00, 0x00, 0x00, 0x00, 0x00, 0x00, 0x00, 0x00, 0x00,
    0x00, 0x00, 0x00, 0x00, 0x00, 0x00, 0x00, 0x00, 0x00, 0x00, 0x00, 0x00, 0x00, 0x00, 0x00, 0x00,
    0x00, 0x00, 0x00, 0x00, 0x00, 0x00, 0x00, 0x00, 0x00, 0x00, 0x00, 0x00, 0x00, 0x00, 0x00, 0x00,
    0x00, 0x00, 0x00, 0x00, 0x00, 0x00, 0x00, 0x00, 0x00, 0x00, 0x00, 0x00, 0x00, 0x00, 0x00, 0x00,
    0x00, 0x00, 0x00, 0x00, 0x00, 0x00, 0x00, 0x00, 0x00, 0x00, 0x00, 0x00, 0x00, 0x00, 0x00, 0x00,
    0x00, 0x00, 0x00, 0x00, 0x00, 0x00, 0x00, 0x00, 0x00, 0x00, 0x00, 0x00, 0x00, 0x00, 0x00, 0x00,
    0x00, 0x00, 0x00, 0x00, 0x00, 0x00, 0x00, 0x00, 0x00, 0x00, 0x00, 0x00, 0x00, 0x00, 0x00, 0x00,
    0x00, 0x00, 0x00, 0x00, 0x00, 0x00, 0x00, 0x00, 0x00, 0x00, 0x00, 0x00, 0x00, 0x00, 0x00, 0x00,
    0xC0, 0xC0, 0xA0, 0xC0, 0xD0, 0xD0, 0xD0, 0xC0, 0x90, 0xB0, 0xB0, 0xA0, 0xA0, 0x90, 0x90, 0x90,
    0x90, 0x90, 0x00, 0x90, 0x90, 0x90, 0x90, 0x90, 0xA0, 0xB0, 0xB0, 0xD0, 0xD0, 0xD0, 0xA0, 0xA0,
    0xA0, 0xA0, 0xB0, 0xA0, 0x90, 0x90, 0x90, 0xA0, 0xB0, 0xE0, 0xE0, 0xD0, 0xC0, 0xD0, 0xA0, 0x10,
    0x10, 0x90, 0xB0, 0xB0, 0xA0, 0x90, 0x90, 0x90, 0x90, 0x90, 0xA0, 0xB0, 0xC0, 0xB0, 0x90, 0x90,
    0x00, 0x00, 0x00, 0x00, 0x00, 0x00, 0x00, 0x00, 0x00, 0x00, 0x00, 0x00, 0x90, 0x90, 0x90, 0x90,
    0x90, 0x90, 0x90, 0x90, 0x90, 0x90, 0x90, 0x90, 0x90, 0x90, 0x90, 0x90, 0x90, 0x90, 0x90, 0x90,
    0x90, 0x90, 0x90, 0x90, 0x90, 0x00, 0x00, 0x00, 0x00, 0x00, 0x00, 0x00, 0x00, 0x00, 0x00, 0x00,
    0x00, 0x00, 0x00, 0x00, 0x00, 0x00, 0x00, 0x00, 0x00, 0x00, 0x00, 0x00, 0x00, 0x00, 0x00, 0x00,
    0x00, 0x00, 0x00, 0x00, 0x00, 0x00, 0x00, 0x00, 0x00, 0x00, 0x00, 0x00, 0x00, 0x00, 0x00, 0x00,
    0x00, 0x00, 0x00, 0x00, 0x00, 0x00, 0x00, 0x00, 0x00, 0x00, 0x00, 0x00, 0x00, 0x00, 0x00, 0x00,
    0x00, 0x00, 0x00, 0x00, 0x00, 0x00, 0x00, 0x00, 0x00, 0x00, 0x00, 0x00, 0x00, 0x00, 0x00, 0x00,
    0x00, 0x00, 0x00, 0x00, 0x00, 0x00, 0x00, 0x00, 0x00, 0x00, 0x00, 0x00, 0x00, 0x00, 0x00, 0x00,
    0x00, 0x00, 0x00, 0x00, 0x00, 0x00, 0x00, 0x00, 0x00, 0x00, 0x00, 0x00, 0x00, 0x00, 0x00, 0x00,
    0x00, 0x00, 0x00, 0x00, 0x00, 0x00, 0x00, 0x00, 0x00, 0x00, 0x00, 0x00, 0x00, 0x00, 0x00, 0x00,
    0x00, 0x00, 0x00, 0x00, 0x00, 0x00, 0x00, 0x00, 0x00, 0x00, 0x00, 0x00, 0x00, 0x00, 0x00, 0x00,
    0x00, 0x00, 0x00, 0x00, 0x00, 0x00, 0x00, 0x00, 0x00, 0x00, 0x00, 0x00, 0x00, 0x00, 0x00, 0x00,
    0x90, 0xB0, 0xC0, 0xA0, 0xA0, 0x90, 0x90, 0x90, 0xB0, 0xB0, 0xA0, 0x90, 0x90, 0x90, 0xA0, 0x90,
    0x90, 0x00, 0x00, 0x90, 0xA0, 0xB0, 0xC0, 0x90, 0x90, 0x90, 0x90, 0xA0, 0xD0, 0xD0, 0xD0, 0xC0,
    0xC0, 0xB0, 0xA0, 0x90, 0x90, 0x90, 0x90, 0xA0, 0xC0, 0xE0, 0xE0, 0xE0, 0xD0, 0xD0, 0xA0, 0x10,
    0x10, 0x10, 0x90, 0xB0, 0x90, 0x10, 0x90, 0x90, 0x90, 0xA0, 0xB0, 0xB0, 0xD0, 0xB0, 0xB0, 0x90,
    0x00, 0x00, 0x00, 0x00, 0x00, 0x00, 0x00, 0x00, 0x00, 0x00, 0x00, 0x00, 0x00, 0x00, 0x90, 0x90,
    0x90, 0x90, 0x90, 0x90, 0x90, 0x90, 0x90, 0x90, 0x90, 0x90, 0x90, 0x90, 0x90, 0x90, 0x90, 0x90,
    0x90, 0x90, 0x00, 0x00, 0x00, 0x00, 0x00, 0x00, 0x00, 0x00, 0x00, 0x00, 0x00, 0x00, 0x00, 0x00,
    0x00, 0x00, 0x00, 0x00, 0x00, 0x00, 0x00, 0x00, 0x00, 0x00, 0x00, 0x00, 0x00, 0x00, 0x00, 0x00,
    0x00, 0x00, 0x00, 0x00, 0x00, 0x00, 0x00, 0x00, 0x00, 0x00, 0x00, 0x00, 0x00, 0x00, 0x00, 0x00,
    0x00, 0x00, 0x00, 0x00, 0x00, 0x00, 0x00, 0x00, 0x00, 0x00, 0x00, 0x00, 0x00, 0x00, 0x00, 0x00,
    0x00, 0x00, 0x00, 0x00, 0x00, 0x00, 0x00, 0x00, 0x00, 0x00, 0x00, 0x00, 0x00, 0x00, 0x00, 0x00,
    0x00, 0x00, 0x00, 0x00, 0x00, 0x00, 0x00, 0x00, 0x00, 0x00, 0x00, 0x00, 0x00, 0x00, 0x00, 0x00,
    0x00, 0x00, 0x00, 0x00, 0x00, 0x00, 0x00, 0x00, 0x00, 0x00, 0x00, 0x00, 0x00, 0x00, 0x00, 0x00,
    0x00, 0x00, 0x00, 0x00, 0x00, 0x00, 0x00, 0x00, 0x00, 0x00, 0x00, 0x00, 0x00, 0x00, 0x00, 0x00,
    0x00, 0x00, 0x00, 0x00, 0x00, 0x00, 0x00, 0x00, 0x00, 0x00, 0x00, 0x00, 0x00, 0x00, 0x00, 0x00,
    0x00, 0x00, 0x00, 0x00, 0x00, 0x00, 0x00, 0x00, 0x00, 0x00, 0x00, 0x00, 0x00, 0x00, 0x00, 0x00,
    0x90, 0x90, 0xB0, 0xC0, 0xD0, 0xE0, 0xD0, 0xC0, 0xB0, 0xA0, 0x90, 0x90, 0x90, 0x90, 0xB0, 0xA0,
    0x90, 0x00, 0x00, 0x90, 0xB0, 0xC0, 0xC0, 0xC0, 0x90, 0x10, 0x10, 0x90, 0xA0, 0xC0, 0xC0, 0xB0,
    0xB0, 0xA0, 0x90, 0x90, 0xB0, 0x90, 0x90, 0xA0, 0xC0, 0xD0, 0xE0, 0xD0, 0xC0, 0xB0, 0x90, 0x10,
    0x10, 0x10, 0x90, 0xB0, 0x90, 0x10, 0x90, 0x90, 0x90, 0xB0, 0xB0, 0xC0, 0xD0, 0xC0, 0xB0, 0x90,
    0x00, 0x00, 0x00, 0x00, 0x00, 0x00, 0x00, 0x00, 0x00, 0x00, 0x00, 0x00, 0x00, 0x00, 0x00, 0x00,
    0x90, 0x90, 0x90, 0x90, 0x90, 0x90, 0x90, 0x90, 0x90, 0x90, 0x90, 0x90, 0x90, 0x90, 0x90, 0x90,
    0x00, 0x00, 0x00, 0x00, 0x00, 0x00, 0x00, 0x00, 0x00, 0x00, 0x00, 0x00, 0x00, 0x00, 0x00, 0x00,
    0x00, 0x00, 0x00, 0x00, 0x00, 0x00, 0x00, 0x00, 0x00, 0x00, 0x00, 0x00, 0x00, 0x00, 0x00, 0x00,
    0x00, 0x00, 0x00, 0x00, 0x00, 0x00, 0x00, 0x00, 0x00, 0x00, 0x00, 0x00, 0x00, 0x00, 0x00, 0x00,
    0x00, 0x00, 0x00, 0x00, 0x00, 0x00, 0x00, 0x00, 0x00, 0x00, 0x00, 0x00, 0x00, 0x00, 0x00, 0x00,
    0x00, 0x00, 0x00, 0x00, 0x00, 0x00, 0x00, 0x00, 0x00, 0x00, 0x00, 0x00, 0x00, 0x00, 0x00, 0x00,
    0x00, 0x00, 0x00, 0x00, 0x00, 0x00, 0x00, 0x00, 0x00, 0x00, 0x00, 0x00, 0x00, 0x00, 0x00, 0x00,
    0x00, 0x00, 0x00, 0x00, 0x00, 0x00, 0x00, 0x00, 0x00, 0x00, 0x00, 0x00, 0x00, 0x00, 0x00, 0x00,
    0x00, 0x00, 0x00, 0x00, 0x00, 0x00, 0x00, 0x00, 0x00, 0x00, 0x00, 0x00, 0x00, 0x00, 0x00, 0x00,
    0x00, 0x00, 0x00, 0x00, 0x00, 0x00, 0x00, 0x00, 0x00, 0x00, 0x00, 0x00, 0x00, 0x00, 0x00, 0x00,
    0x00, 0x00, 0x00, 0x00, 0x00, 0x00, 0x00, 0x00, 0x00, 0x00, 0x00, 0x00, 0x00, 0x00, 0x00, 0x00,
    0x90, 0xB0, 0x90, 0xB0, 0xC0, 0xC0, 0xC0, 0xB0, 0xA0, 0x90, 0x90, 0x90, 0x90, 0xB0, 0xC0, 0xA0,
    0x90, 0x90, 0x00, 0x90, 0xC0, 0xC0, 0xA0, 0xB0, 0xC0, 0x90, 0x10, 0x10, 0x90, 0x90, 0x90, 0x90,
    0x90, 0x90, 0x90, 0xB0, 0xA0, 0xB0, 0x90, 0xA0, 0xB0, 0xC0, 0xD0, 0xC0, 0xB0, 0x90, 0x90, 0x90,
    0x10, 0x10, 0x10, 0x90, 0x10, 0x90, 0x90, 0x00, 0x90, 0xB0, 0xB0, 0xC0, 0xC0, 0xB0, 0xB0, 0x90,
    0x00, 0x00, 0x00, 0x00, 0x00, 0x00, 0x00, 0x00, 0x00, 0x00, 0x00, 0x00, 0x00, 0x00, 0x00, 0x00,
    0x00, 0x00, 0x90, 0x90, 0x90, 0x90, 0x90, 0x90, 0x90, 0x90, 0x90, 0x90, 0x90, 0x00, 0x00, 0x00,
    0x00, 0x00, 0x00, 0x00, 0x00, 0x00, 0x00, 0x00, 0x00, 0x00, 0x00, 0x00, 0x00, 0x00, 0x00, 0x00,
    0x00, 0x00, 0x00, 0x00, 0x00, 0x00, 0x00, 0x00, 0x00, 0x00, 0x00, 0x00, 0x00, 0x00, 0x00, 0x00,
    0x00, 0x00, 0x00, 0x00, 0x00, 0x00, 0x00, 0x00, 0x00, 0x00, 0x00, 0x00, 0x00, 0x00, 0x00, 0x00,
    0x00, 0x00, 0x00, 0x00, 0x00, 0x00, 0x00, 0x00, 0x00, 0x00, 0x00, 0x00, 0x00, 0x00, 0x00, 0x00,
    0x00, 0x00, 0x00, 0x00, 0x00, 0x00, 0x00, 0x00, 0x00, 0x00, 0x00, 0x00, 0x00, 0x00, 0x00, 0x00,
    0x00, 0x00, 0x00, 0x00, 0x00, 0x00, 0x00, 0x00, 0x00, 0x00, 0x00, 0x00, 0x00, 0x00, 0x00, 0x00,
    0x00, 0x00, 0x00, 0x00, 0x00, 0x00, 0x00, 0x00, 0x00, 0x00, 0x00, 0x00, 0x00, 0x00, 0x00, 0x00,
    0x00, 0x00, 0x00, 0x00, 0x00, 0x00, 0x00, 0x00, 0x00, 0x00, 0x00, 0x00, 0x00, 0x00, 0x00, 0x00,
    0x00, 0x00, 0x00, 0x00, 0x00, 0x00, 0x00, 0x00, 0x00, 0x00, 0x00, 0x00, 0x00, 0x00, 0x00, 0x00,
    0x00, 0x00, 0x00, 0x00, 0x00, 0x00, 0x00, 0x00, 0x00, 0x00, 0x00, 0x00, 0x00, 0x00, 0x00, 0x00,
    0x90, 0xB0, 0xB0, 0x90, 0xA0, 0xA0, 0xA0, 0xA0, 0x90, 0x90, 0x90, 0x90, 0x90, 0xC0, 0x90, 0xB0,
    0xA0, 0x90, 0x00, 0x90, 0xC0, 0x90, 0x90, 0xA0, 0xB0, 0x90, 0x90, 0x10, 0x10, 0x10, 0x10, 0x90,
    0x10, 0x10, 0x90, 0xA0, 0x90, 0xA0, 0x90, 0x00, 0xA0, 0xA0, 0xA0, 0xA0, 0x90, 0x90, 0x00, 0x90,
    0x90, 0x90, 0x90, 0x90, 0x10, 0x90, 0x90, 0x00, 0x00, 0x90, 0xB0, 0xB0, 0xB0, 0xB0, 0x90, 0x00,
    0x00, 0x00, 0x00, 0x00, 0x00, 0x00, 0x00, 0x00, 0x00, 0x00, 0x00, 0x00, 0x00, 0x00, 0x00, 0x00,
    0x00, 0x00, 0x00, 0x00, 0x00, 0x90, 0x90, 0x90, 0x90, 0x90, 0x90, 0x00, 0x00, 0x00, 0x00, 0x00,
    0x00, 0x00, 0x00, 0x00, 0x00, 0x00, 0x00, 0x00, 0x00, 0x00, 0x00, 0x00, 0x00, 0x00, 0x00, 0x00,
    0x00, 0x00, 0x00, 0x00, 0x00, 0x00, 0x00, 0x00, 0x00, 0x00, 0x00, 0x00, 0x00, 0x00, 0x00, 0x00,
];
