# Complete four-retail-frame cadence for the clean Astropolis entry path.
# Raw source SHA-256: c18e92f879d8cfb9d13bbed8d47b201f50a046119e77250fd68646db425e56f1
# first_retail_frame=2
# last_retail_frame=5590
retail_frame=2 camera=0,0,0,0,0,0 player=-1901,0,-1857,0,96,3,23 wingmate=-8429,0,-8385,0,96,0,23
retail_frame=6 camera=0,0,0,0,0,0 player=-1901,0,-1857,0,96,3,23 wingmate=-8429,0,-8385,0,96,0,23
retail_frame=10 camera=0,0,0,0,0,0 player=-1901,0,-1857,0,96,3,23 wingmate=-8429,0,-8385,0,96,0,23
retail_frame=14 camera=0,0,0,0,0,0 player=-1901,0,-1857,0,96,3,23 wingmate=-8429,0,-8385,0,96,0,23
retail_frame=18 camera=0,0,0,0,0,0 player=-1901,0,-1857,0,96,3,23 wingmate=-8429,0,-8385,0,96,0,23
retail_frame=22 camera=0,0,0,0,0,0 player=-1901,0,-1857,0,96,3,23 wingmate=-8429,0,-8385,0,96,0,23
retail_frame=26 camera=0,0,0,0,0,0 player=-1901,0,-1857,0,96,3,23 wingmate=-8429,0,-8385,0,96,0,23
retail_frame=30 camera=0,0,0,0,0,0 player=-1901,0,-1857,0,96,3,23 wingmate=-8429,0,-8385,0,96,0,23
retail_frame=34 camera=0,0,0,0,0,0 player=-1901,0,-1857,0,96,3,23 wingmate=-8429,0,-8385,0,96,0,23
retail_frame=38 camera=0,0,0,0,0,0 player=-1901,0,-1857,0,96,3,23 wingmate=-8429,0,-8385,0,96,0,23
retail_frame=42 camera=0,0,0,0,0,0 player=-1901,0,-1857,0,96,3,23 wingmate=-8429,0,-8385,0,96,0,23
retail_frame=46 camera=0,0,0,0,0,0 player=-1901,0,-1857,0,96,3,23 wingmate=-8429,0,-8385,0,96,0,23
retail_frame=50 camera=0,0,0,0,0,0 player=-1901,0,-1857,0,96,3,23 wingmate=-8429,0,-8385,0,96,0,23
retail_frame=54 camera=0,0,0,0,0,0 player=-1901,0,-1857,0,96,3,23 wingmate=-8429,0,-8385,0,96,0,23
retail_frame=58 camera=0,0,0,0,0,0 player=256,-140,64,0,0,0,0 wingmate=0,0,0,0,0,0,0
retail_frame=62 camera=0,0,0,0,0,0 player=256,-140,64,0,0,0,0 wingmate=0,0,0,0,0,0,0
retail_frame=66 camera=0,0,0,0,0,0 player=256,-140,64,0,0,0,0 wingmate=0,0,0,0,0,0,0
retail_frame=70 camera=-1000,-4000,2999,64,0,0 player=256,-140,64,0,0,0,0 wingmate=0,0,0,0,0,0,0
retail_frame=74 camera=-1000,-4000,2999,224,32,0 player=256,-140,64,0,0,0,0 wingmate=0,0,0,0,0,0,0
retail_frame=78 camera=-1000,-4000,2999,224,32,0 player=256,-140,64,0,0,0,0 wingmate=0,0,0,0,0,0,0
retail_frame=82 camera=-1000,-4000,2999,224,32,0 player=256,-140,64,0,0,0,0 wingmate=0,0,0,0,0,0,0
retail_frame=86 camera=-1000,-4000,2999,224,32,0 player=256,-140,64,0,0,0,0 wingmate=0,0,0,0,0,0,0
retail_frame=90 camera=-1000,-4000,2999,240,80,0 player=256,-140,64,0,0,0,0 wingmate=0,0,0,0,0,0,0
retail_frame=94 camera=-1000,-4000,2999,240,80,0 player=256,-140,64,0,0,0,0 wingmate=0,0,0,0,0,0,0
retail_frame=98 camera=-1000,-4000,2999,240,80,0 player=256,-140,64,0,0,0,0 wingmate=0,0,0,0,0,0,0
retail_frame=102 camera=-1000,-4000,2999,240,80,0 player=256,-140,64,0,0,0,0 wingmate=0,0,0,0,0,0,0
retail_frame=106 camera=-1000,-4000,2999,240,80,0 player=256,-140,64,0,0,0,0 wingmate=0,0,0,0,0,0,0
retail_frame=110 camera=-1000,-4000,2999,240,80,0 player=256,-140,64,0,0,0,0 wingmate=0,0,0,0,0,0,0
retail_frame=114 camera=-1000,-4000,2999,240,80,0 player=256,-140,64,0,0,0,0 wingmate=0,0,0,0,0,0,0
retail_frame=118 camera=-1000,-4000,2999,240,80,0 player=256,-140,64,0,0,0,0 wingmate=0,0,0,0,0,0,0
retail_frame=122 camera=-1000,-4000,2999,240,80,0 player=256,-140,64,0,0,0,0 wingmate=0,0,0,0,0,0,0
retail_frame=126 camera=-1000,-4000,2999,240,80,0 player=256,-140,64,0,0,0,0 wingmate=0,0,0,0,0,0,0
retail_frame=130 camera=-1000,-4000,2999,240,80,0 player=256,-140,64,0,0,0,0 wingmate=0,0,0,0,0,0,0
retail_frame=134 camera=-1000,-4000,2999,240,80,0 player=256,-140,64,0,0,0,0 wingmate=0,0,0,0,0,0,0
retail_frame=138 camera=-1000,-4000,2999,240,80,0 player=256,-140,64,0,0,0,0 wingmate=0,0,0,0,0,0,0
retail_frame=142 camera=-1000,-4000,2999,240,80,0 player=256,-140,64,0,0,0,0 wingmate=0,0,0,0,0,0,0
retail_frame=146 camera=-1000,-4000,2999,240,80,0 player=256,-140,64,0,0,0,0 wingmate=0,0,0,0,0,0,0
retail_frame=150 camera=-1000,-4000,2999,240,80,0 player=256,-140,64,0,0,0,0 wingmate=-750,-8921,8283,0,127,0,0
retail_frame=154 camera=-1000,-4000,2999,240,112,0 player=256,-140,64,0,0,0,0 wingmate=-750,-8921,8283,0,127,0,0
retail_frame=158 camera=-1000,-4000,2999,240,160,0 player=256,-140,64,0,0,0,0 wingmate=-750,-8921,8283,0,127,0,0
retail_frame=162 camera=-1000,-4000,2999,208,240,0 player=256,-140,64,0,0,0,0 wingmate=-750,-8921,8283,0,127,0,0
retail_frame=166 camera=-1000,-4000,2999,208,240,0 player=256,-140,64,0,0,0,0 wingmate=-750,-8921,8283,0,127,0,0
retail_frame=170 camera=-1000,-4000,2999,208,16,0 player=256,-140,64,0,0,0,0 wingmate=-750,-8921,8283,0,127,0,0
retail_frame=174 camera=-1000,-4000,2999,176,64,0 player=256,-140,64,0,0,0,0 wingmate=-750,-8921,8283,0,127,0,0
retail_frame=178 camera=-1000,-4000,2999,176,112,0 player=256,-140,64,0,0,0,0 wingmate=-750,-8921,8283,0,127,0,0
retail_frame=182 camera=-1000,-4000,2999,144,144,0 player=256,-140,64,0,0,0,0 wingmate=-750,-8921,8283,0,127,0,0
retail_frame=186 camera=-1000,-4000,2999,144,224,0 player=256,-140,64,0,0,0,0 wingmate=-750,-8921,8283,0,127,0,0
retail_frame=190 camera=-1000,-4000,2999,128,16,0 player=256,-140,64,0,0,0,0 wingmate=-750,-8921,8283,0,127,0,0
retail_frame=194 camera=-1000,-4000,2999,64,176,0 player=256,-140,64,0,0,0,0 wingmate=-750,-8921,8283,0,127,0,0
retail_frame=198 camera=-1000,-4000,2999,64,32,0 player=256,-140,64,0,0,0,0 wingmate=-750,-8921,8283,0,127,0,0
retail_frame=202 camera=-1000,-4000,2999,32,112,0 player=256,-140,64,0,0,0,0 wingmate=-750,-8921,8283,0,127,0,0
retail_frame=206 camera=-1000,-4000,2999,240,224,0 player=256,-140,64,0,0,0,0 wingmate=-750,-8921,8283,0,127,0,0
retail_frame=210 camera=-1000,-4000,2999,160,32,0 player=256,-140,64,0,0,0,0 wingmate=-750,-8921,8283,0,127,0,0
retail_frame=214 camera=-1000,-4000,2999,128,224,0 player=256,-140,64,0,0,0,0 wingmate=-750,-8921,8283,0,127,0,0
retail_frame=218 camera=-1000,-4000,2999,48,160,0 player=256,-140,64,0,0,0,0 wingmate=-750,-8921,8283,0,127,0,0
retail_frame=222 camera=-1000,-4000,2999,224,176,0 player=256,-140,64,0,0,0,0 wingmate=-750,-8921,8283,0,127,0,0
retail_frame=226 camera=-1000,-4000,2999,160,0,0 player=256,-140,64,0,0,0,0 wingmate=-750,-8921,8283,0,127,0,0
retail_frame=230 camera=-1000,-4000,2999,240,192,0 player=256,-140,64,0,0,0,0 wingmate=-750,-8921,8283,0,127,0,0
retail_frame=234 camera=-1000,-4000,2999,128,96,0 player=256,-140,64,0,0,0,0 wingmate=-750,-8921,8283,0,127,0,0
retail_frame=238 camera=-1000,-4000,2999,32,240,0 player=256,-140,64,0,0,0,0 wingmate=-750,-8921,8283,0,127,0,0
retail_frame=242 camera=-1000,-4000,2999,128,160,0 player=256,-140,64,0,0,0,0 wingmate=-750,-8921,8283,0,127,0,0
retail_frame=246 camera=-1000,-4000,2999,32,80,0 player=256,-140,64,0,0,0,0 wingmate=-750,-8921,8283,0,127,0,0
retail_frame=250 camera=-1000,-4000,2999,48,16,0 player=256,-140,64,0,0,0,0 wingmate=-750,-8921,8283,0,127,0,0
retail_frame=254 camera=-1000,-4000,2999,240,32,0 player=256,-140,64,0,0,0,0 wingmate=-750,-8921,8283,0,127,0,0
retail_frame=258 camera=-1000,-4000,2999,192,176,0 player=256,-140,64,0,0,0,0 wingmate=-750,-8921,8283,0,127,0,0
retail_frame=262 camera=-1000,-4000,2999,192,192,0 player=256,-140,64,0,0,0,0 wingmate=-750,-8921,8283,0,127,0,0
retail_frame=266 camera=-1000,-4000,2999,160,224,0 player=256,-140,64,0,0,0,0 wingmate=-750,-8921,8283,0,127,0,0
retail_frame=270 camera=-1000,-4000,2999,144,48,0 player=256,-140,64,0,0,0,0 wingmate=-750,-8921,8283,0,127,0,0
retail_frame=274 camera=-1000,-4000,2999,128,80,0 player=256,-140,64,0,0,0,0 wingmate=-750,-8921,8283,0,127,0,0
retail_frame=278 camera=-1000,-4000,2999,128,128,0 player=256,-140,64,0,0,0,0 wingmate=-750,-8921,8283,0,127,0,0
retail_frame=282 camera=-1000,-4000,2999,96,144,0 player=256,-140,64,0,0,0,0 wingmate=-750,-8921,8283,0,127,0,0
retail_frame=286 camera=-1000,-4000,2999,80,176,0 player=256,-140,64,0,0,0,0 wingmate=-750,-8921,8283,0,127,0,0
retail_frame=290 camera=-1000,-4000,2999,48,0,0 player=256,-140,64,0,0,0,0 wingmate=-750,-8921,8283,0,127,0,0
retail_frame=294 camera=-1000,-4000,2999,32,48,0 player=256,-140,64,0,0,0,0 wingmate=-750,-8921,8283,0,127,0,0
retail_frame=298 camera=-1000,-4000,2999,32,80,0 player=256,-140,64,0,0,0,0 wingmate=-750,-8921,8283,0,127,0,0
retail_frame=302 camera=-1000,-4000,2999,16,128,0 player=256,-140,64,0,0,0,0 wingmate=-750,-8921,8283,0,127,0,0
retail_frame=306 camera=-1000,-4000,2999,240,144,0 player=256,-140,64,0,0,0,0 wingmate=-750,-8921,8283,0,127,0,0
retail_frame=310 camera=-1000,-4000,2999,224,224,0 player=256,-140,64,0,0,0,0 wingmate=-750,-8921,8283,0,127,0,0
retail_frame=314 camera=-1000,-4000,2999,192,16,0 player=256,-140,64,0,0,0,0 wingmate=-750,-8921,8283,0,127,0,0
retail_frame=318 camera=-1000,-4000,2999,176,64,0 player=256,-140,64,0,0,0,0 wingmate=-750,-8921,8283,0,127,0,0
retail_frame=322 camera=-1000,-4000,2999,176,80,0 player=256,-140,64,0,0,0,0 wingmate=-750,-8921,8283,0,127,0,0
retail_frame=326 camera=-1000,-4000,2999,128,176,0 player=256,-140,64,0,0,0,0 wingmate=-750,-8921,8283,0,127,0,0
retail_frame=330 camera=-1000,-4000,2999,112,224,0 player=256,-140,64,0,0,0,0 wingmate=-750,-8921,8283,0,127,0,0
retail_frame=334 camera=-1000,-4000,2999,96,0,0 player=256,-140,64,0,0,0,0 wingmate=-750,-8921,8283,0,127,0,0
retail_frame=338 camera=-1000,-4000,2999,64,48,0 player=256,-140,64,0,0,0,0 wingmate=-750,-8921,8283,0,127,0,0
retail_frame=342 camera=-1000,-4000,2999,64,96,0 player=256,-140,64,0,0,0,0 wingmate=-750,-8921,8283,0,127,0,0
retail_frame=346 camera=-1000,-4000,2999,48,128,0 player=256,-140,64,0,0,0,0 wingmate=-750,-8921,8283,0,127,0,0
retail_frame=350 camera=-1000,-4000,2999,0,224,0 player=256,-140,64,0,0,0,0 wingmate=-750,-8921,8283,0,127,0,0
retail_frame=354 camera=-1000,-4000,2999,240,16,0 player=256,-140,64,0,0,0,0 wingmate=-750,-8921,8283,0,127,0,0
retail_frame=358 camera=-1000,-4000,2999,208,64,0 player=256,-140,64,0,0,0,0 wingmate=-750,-8921,8283,0,127,0,0
retail_frame=362 camera=-1000,-4000,2999,192,96,0 player=256,-140,64,0,0,0,0 wingmate=-750,-8921,8283,0,127,0,0
retail_frame=366 camera=-1000,-4000,2999,96,128,0 player=256,-140,64,0,0,0,0 wingmate=-750,-8921,8283,0,127,0,0
retail_frame=370 camera=-1000,-4000,2999,48,176,0 player=256,-140,64,0,0,0,0 wingmate=-750,-8921,8283,0,127,0,0
retail_frame=374 camera=-1000,-4000,2999,128,208,0 player=256,-140,64,0,0,0,0 wingmate=-750,-8921,8283,0,127,0,0
retail_frame=378 camera=-1000,-4000,2999,208,240,0 player=256,-140,64,0,0,0,0 wingmate=-750,-8921,8283,0,127,0,0
retail_frame=382 camera=-1000,-4000,2999,16,48,0 player=256,-140,64,0,0,0,0 wingmate=-750,-8921,8283,0,127,0,0
retail_frame=386 camera=-1000,-4000,2999,64,112,0 player=256,-140,64,0,0,0,0 wingmate=-750,-8921,8283,0,127,0,0
retail_frame=390 camera=-1000,-4000,2999,96,208,0 player=256,-140,64,0,0,0,0 wingmate=-750,-8921,8283,0,127,0,0
retail_frame=394 camera=-1000,-4000,2999,192,224,0 player=256,-140,64,0,0,0,0 wingmate=-750,-8921,8283,0,127,0,0
retail_frame=398 camera=-1000,-4000,2999,192,176,0 player=256,-140,64,0,0,0,0 wingmate=-750,-8921,8283,0,127,0,0
retail_frame=402 camera=-1000,-4000,2999,48,208,0 player=256,-140,64,0,0,0,0 wingmate=-750,-8921,8283,0,127,0,0
retail_frame=406 camera=-1000,-4000,2999,16,240,0 player=256,-140,64,0,0,0,0 wingmate=-750,-8921,8283,0,127,0,0
retail_frame=410 camera=-1000,-4000,2999,64,112,0 player=256,-140,64,0,0,0,0 wingmate=-750,-8921,8283,0,127,0,0
retail_frame=414 camera=-1000,-4000,2999,64,208,0 player=256,-140,64,0,0,0,0 wingmate=-750,-8921,8283,0,127,0,0
retail_frame=418 camera=-1000,-4000,2999,32,112,0 player=256,-140,64,0,0,0,0 wingmate=-750,-8921,8283,0,127,0,0
retail_frame=422 camera=-1000,-4000,2999,64,128,0 player=256,-140,64,0,0,0,0 wingmate=-750,-8921,8283,0,127,0,0
retail_frame=426 camera=-1000,-4000,2999,64,240,0 player=256,-140,64,0,0,0,0 wingmate=-750,-8921,8283,0,127,0,0
retail_frame=430 camera=-1000,-4000,2999,32,208,0 player=256,-140,64,0,0,0,0 wingmate=-750,-8921,8283,0,127,0,0
retail_frame=434 camera=-1000,-4000,2999,80,48,0 player=256,-140,64,0,0,0,0 wingmate=-750,-8921,8283,0,127,0,0
retail_frame=438 camera=-1000,-4000,2999,0,48,0 player=256,-140,64,0,0,0,0 wingmate=-750,-8921,8283,0,127,0,0
retail_frame=442 camera=-1000,-4000,2999,240,208,0 player=256,-140,64,0,0,0,0 wingmate=-750,-8921,8283,0,127,0,0
retail_frame=446 camera=-1000,-4000,2999,16,64,0 player=256,-140,64,0,0,0,0 wingmate=-750,-8921,8283,0,127,0,0
retail_frame=450 camera=-1000,-4000,2999,16,64,0 player=256,-140,64,0,0,0,0 wingmate=-750,-8921,8283,0,127,0,0
retail_frame=454 camera=-1000,-4000,2999,160,112,0 player=256,-140,64,0,0,0,0 wingmate=-750,-8921,8283,0,127,0,0
retail_frame=458 camera=-1000,-4000,2999,48,80,0 player=256,-140,64,0,0,0,0 wingmate=-750,-8921,8283,0,127,0,0
retail_frame=462 camera=-1000,-4000,2999,192,0,0 player=256,-140,64,0,0,0,0 wingmate=-750,-8921,8283,0,127,0,0
retail_frame=466 camera=-1000,-4000,2999,128,144,0 player=256,-140,64,0,0,0,0 wingmate=-750,-8921,8283,0,127,0,0
retail_frame=470 camera=-1000,-4000,2999,80,240,0 player=256,-140,64,0,0,0,0 wingmate=-750,-8921,8283,0,127,0,0
retail_frame=474 camera=-1000,-4000,2999,64,32,0 player=256,-140,64,0,0,0,0 wingmate=-750,-8921,8283,0,127,0,0
retail_frame=478 camera=-1000,-4000,2999,48,64,0 player=256,-140,64,0,0,0,0 wingmate=-750,-8921,8283,0,127,0,0
retail_frame=482 camera=-1000,-4000,2999,48,64,0 player=256,-140,64,0,0,0,0 wingmate=-750,-8921,8283,0,127,0,0
retail_frame=486 camera=-1000,-4000,2999,48,64,0 player=256,-140,64,0,0,0,0 wingmate=-750,-8921,8283,0,127,0,0
retail_frame=490 camera=-1000,-4000,2999,48,64,0 player=256,-140,64,0,0,0,0 wingmate=-750,-8921,8283,0,127,0,0
retail_frame=494 camera=-1000,-4000,2999,48,64,0 player=256,-140,64,0,0,0,0 wingmate=-750,-8921,8283,0,127,0,0
retail_frame=498 camera=-1000,-4000,2999,48,64,0 player=256,-140,64,0,0,0,0 wingmate=-750,-8921,8283,0,127,0,0
retail_frame=502 camera=-1000,-4000,2999,48,64,0 player=256,-140,64,0,0,0,0 wingmate=-750,-8921,8283,0,127,0,0
retail_frame=506 camera=-1000,-4000,2999,48,64,0 player=256,-140,64,0,0,0,0 wingmate=-750,-8921,8283,0,127,0,0
retail_frame=510 camera=-1000,-4000,2999,48,64,0 player=256,-140,64,0,0,0,0 wingmate=-750,-8921,8283,0,127,0,0
retail_frame=514 camera=-1000,-4000,2999,48,64,0 player=256,-140,64,0,0,0,0 wingmate=-750,-8921,8283,0,127,0,0
retail_frame=518 camera=-1000,-4000,2999,48,64,0 player=256,-140,64,0,0,0,0 wingmate=-750,-8921,8283,0,127,0,0
retail_frame=522 camera=-1000,-4000,2999,48,64,0 player=256,-140,64,0,0,0,0 wingmate=-750,-8921,8283,0,127,0,0
retail_frame=526 camera=-1000,-4000,2999,48,64,0 player=256,-140,64,0,0,0,0 wingmate=-750,-8921,8283,0,127,0,0
retail_frame=530 camera=-1000,-4000,2999,48,64,0 player=256,-140,64,0,0,0,0 wingmate=-750,-8921,8283,0,127,0,0
retail_frame=534 camera=-1000,-4000,2999,48,64,0 player=256,-140,64,0,0,0,0 wingmate=-750,-8921,8283,0,127,0,0
retail_frame=538 camera=-1000,-4000,2999,48,64,0 player=256,-140,64,0,0,0,0 wingmate=-750,-8921,8283,0,127,0,0
retail_frame=542 camera=-1000,-4000,2999,48,64,0 player=256,-140,64,0,0,0,0 wingmate=-750,-8921,8283,0,127,0,0
retail_frame=546 camera=-1000,-4000,2999,48,64,0 player=256,-140,64,0,0,0,0 wingmate=-750,-8921,8283,0,127,0,0
retail_frame=550 camera=-1000,-4000,2999,48,64,0 player=256,-140,64,0,0,0,0 wingmate=-750,-8921,8283,0,127,0,0
retail_frame=554 camera=-1000,-4000,2999,48,64,0 player=256,-140,64,0,0,0,0 wingmate=-750,-8921,8283,0,127,0,0
retail_frame=558 camera=-1000,-4000,2999,48,64,0 player=256,-140,64,0,0,0,0 wingmate=-750,-8921,8283,0,127,0,0
retail_frame=562 camera=-1000,-4000,2999,48,64,0 player=256,-140,64,0,0,0,0 wingmate=-750,-8921,8283,0,127,0,0
retail_frame=566 camera=-1000,-4000,2999,48,64,0 player=256,-140,64,0,0,0,0 wingmate=-750,-8921,8283,0,127,0,0
retail_frame=570 camera=-1000,-4000,2999,48,64,0 player=256,-140,64,0,0,0,0 wingmate=-750,-8921,8283,0,127,0,0
retail_frame=574 camera=-1000,-4000,2999,48,64,0 player=256,-140,64,0,0,0,0 wingmate=-750,-8921,8283,0,127,0,0
retail_frame=578 camera=-1000,-4000,2999,48,64,0 player=256,-140,64,0,0,0,0 wingmate=-750,-8921,8283,0,127,0,0
retail_frame=582 camera=-1000,-4000,2999,48,64,0 player=256,-140,64,0,0,0,0 wingmate=-750,-8921,8283,0,127,0,0
retail_frame=586 camera=-1000,-4000,2999,48,64,0 player=256,-140,64,0,0,0,0 wingmate=-750,-8921,8283,0,127,0,0
retail_frame=590 camera=-1000,-4000,2999,48,64,0 player=256,-140,64,0,0,0,0 wingmate=-750,-8921,8283,0,127,0,0
retail_frame=594 camera=-1000,-4000,2999,48,64,0 player=256,-140,64,0,0,0,0 wingmate=-750,-8921,8283,0,127,0,0
retail_frame=598 camera=-1000,-4000,2999,48,64,0 player=256,-140,64,0,0,0,0 wingmate=-750,-8921,8283,0,127,0,0
retail_frame=602 camera=-1000,-4000,2999,48,64,0 player=256,-140,64,0,0,0,0 wingmate=-750,-8921,8283,0,127,0,0
retail_frame=606 camera=-1000,-4000,2999,48,64,0 player=256,-140,64,0,0,0,0 wingmate=-750,-8921,8283,0,127,0,0
retail_frame=610 camera=-1000,-4000,2999,48,64,0 player=256,-140,64,0,0,0,0 wingmate=-750,-8921,8283,0,127,0,0
retail_frame=614 camera=-1000,-4000,2999,48,64,0 player=256,-140,64,0,0,0,0 wingmate=-750,-8921,8283,0,127,0,0
retail_frame=618 camera=-1000,-4000,2999,48,64,0 player=256,-140,64,0,0,0,0 wingmate=-750,-8921,8283,0,127,0,0
retail_frame=622 camera=-1000,-4000,2999,48,64,0 player=256,-140,64,0,0,0,0 wingmate=-750,-8921,8283,0,127,0,0
retail_frame=626 camera=-1000,-4000,2999,48,64,0 player=256,-140,64,0,0,0,0 wingmate=-750,-8921,8283,0,127,0,0
retail_frame=630 camera=-1000,-4000,2999,48,64,0 player=256,-140,64,0,0,0,0 wingmate=-750,-8921,8283,0,127,0,0
retail_frame=634 camera=-1000,-4000,2999,48,64,0 player=256,-140,64,0,0,0,0 wingmate=-750,-8921,8283,0,127,0,0
retail_frame=638 camera=-1000,-4000,2999,48,64,0 player=256,-140,64,0,0,0,0 wingmate=-750,-8921,8283,0,127,0,0
retail_frame=642 camera=-1000,-4000,2999,48,64,0 player=256,-140,64,0,0,0,0 wingmate=-750,-8921,8283,0,127,0,0
retail_frame=646 camera=-1000,-4000,2999,48,64,0 player=256,-140,64,0,0,0,0 wingmate=-750,-8921,8283,0,127,0,0
retail_frame=650 camera=-1000,-4000,2999,48,64,0 player=256,-140,64,0,0,0,0 wingmate=-750,-8921,8283,0,127,0,0
retail_frame=654 camera=-1000,-4000,2999,48,64,0 player=256,-140,64,0,0,0,0 wingmate=-750,-8921,8283,0,127,0,0
retail_frame=658 camera=-1000,-4000,2999,48,64,0 player=256,-140,64,0,0,0,0 wingmate=-750,-8921,8283,0,127,0,0
retail_frame=662 camera=-1000,-4000,2999,48,64,0 player=256,-140,64,0,0,0,0 wingmate=-750,-8921,8283,0,127,0,0
retail_frame=666 camera=-1000,-4000,2999,48,64,0 player=256,-140,64,0,0,0,0 wingmate=-750,-8921,8283,0,127,0,0
retail_frame=670 camera=-1000,-4000,2999,48,64,0 player=256,-140,64,0,0,0,0 wingmate=-750,-8921,8283,0,127,0,0
retail_frame=674 camera=-1000,-4000,2999,48,64,0 player=256,-140,64,0,0,0,0 wingmate=-750,-8921,8283,0,127,0,0
retail_frame=678 camera=-1000,-4000,2999,48,64,0 player=256,-140,64,0,0,0,0 wingmate=-750,-8921,8283,0,127,0,0
retail_frame=682 camera=-1000,-4000,2999,48,64,0 player=256,-140,64,0,0,0,0 wingmate=-750,-8921,8283,0,127,0,0
retail_frame=686 camera=-1000,-4000,2999,48,64,0 player=256,-140,64,0,0,0,0 wingmate=-750,-8921,8283,0,127,0,0
retail_frame=690 camera=-1000,-4000,2999,48,64,0 player=256,-140,64,0,0,0,0 wingmate=-750,-8921,8283,0,127,0,0
retail_frame=694 camera=-1000,-4000,2999,48,64,0 player=256,-140,64,0,0,0,0 wingmate=-750,-8921,8283,0,127,0,0
retail_frame=698 camera=-1000,-4000,2999,48,64,0 player=256,-140,64,0,0,0,0 wingmate=-750,-8921,8283,0,127,0,0
retail_frame=702 camera=-1000,-4000,2999,48,64,0 player=256,-140,64,0,0,0,0 wingmate=-750,-8921,8283,0,127,0,0
retail_frame=706 camera=-1000,-4000,2999,48,64,0 player=256,-140,64,0,0,0,0 wingmate=-750,-8921,8283,0,127,0,0
retail_frame=710 camera=-1000,-4000,2999,48,64,0 player=256,-140,64,0,0,0,0 wingmate=-750,-8921,8283,0,127,0,0
retail_frame=714 camera=-1000,-4000,2999,48,64,0 player=256,-140,64,0,0,0,0 wingmate=-750,-8921,8283,0,127,0,0
retail_frame=718 camera=-1000,-4000,2999,48,64,0 player=256,-140,64,0,0,0,0 wingmate=-750,-8921,8283,0,127,0,0
retail_frame=722 camera=-1000,-4000,2999,48,64,0 player=256,-140,64,0,0,0,0 wingmate=-750,-8921,8283,0,127,0,0
retail_frame=726 camera=-1000,-4000,2999,48,64,0 player=256,-140,64,0,0,0,0 wingmate=-750,-8921,8283,0,127,0,0
retail_frame=730 camera=-1000,-4000,2999,48,64,0 player=256,-140,64,0,0,0,0 wingmate=-750,-8921,8283,0,127,0,0
retail_frame=734 camera=-1000,-4000,2999,48,64,0 player=256,-140,64,0,0,0,0 wingmate=-750,-8921,8283,0,127,0,0
retail_frame=738 camera=-1000,-4000,2999,48,64,0 player=256,-140,64,0,0,0,0 wingmate=-750,-8921,8283,0,127,0,0
retail_frame=742 camera=-1000,-4000,2999,48,64,0 player=256,-140,64,0,0,0,0 wingmate=-750,-8921,8283,0,127,0,0
retail_frame=746 camera=-1000,-4000,2999,48,64,0 player=256,-140,64,0,0,0,0 wingmate=-750,-8921,8283,0,127,0,0
retail_frame=750 camera=-1000,-4000,2999,48,64,0 player=256,-140,64,0,0,0,0 wingmate=-750,-8921,8283,0,127,0,0
retail_frame=754 camera=-9,-390,-2295,96,16,0 player=256,-140,64,0,0,0,0 wingmate=-750,-8921,8283,0,127,0,0
retail_frame=758 camera=-9,-390,-2295,96,16,0 player=256,-140,64,0,0,0,0 wingmate=-750,-8921,8283,0,127,0,0
retail_frame=762 camera=-9,-390,-2295,144,0,0 player=256,-140,64,0,0,0,0 wingmate=-750,-8921,8283,0,127,0,0
retail_frame=766 camera=-9,-390,-2295,32,160,0 player=256,-140,64,0,0,0,0 wingmate=-750,-8921,8283,0,127,0,0
retail_frame=770 camera=-9,-390,-2295,160,64,0 player=256,-140,64,0,0,0,0 wingmate=-750,-8921,8283,0,127,0,0
retail_frame=774 camera=-9,-390,-2295,48,240,0 player=256,-140,64,0,0,0,0 wingmate=-750,-8921,8283,0,127,0,0
retail_frame=778 camera=-9,-390,-2295,176,176,0 player=256,-140,64,0,0,0,0 wingmate=-750,-8921,8283,0,127,0,0
retail_frame=782 camera=-9,-390,-2295,80,96,0 player=256,-140,64,0,0,0,0 wingmate=-750,-8921,8283,0,127,0,0
retail_frame=786 camera=-9,-390,-2295,224,80,0 player=256,-140,64,0,0,0,0 wingmate=-750,-8921,8283,0,127,0,0
retail_frame=790 camera=-9,-390,-2295,96,32,0 player=256,-140,64,0,0,0,0 wingmate=-750,-8921,8283,0,127,0,0
retail_frame=794 camera=-9,-390,-2295,240,32,0 player=256,-140,64,0,0,0,0 wingmate=-750,-8921,8283,0,127,0,0
retail_frame=798 camera=-9,-390,-2295,96,32,0 player=256,-140,64,0,0,0,0 wingmate=-750,-8921,8283,0,127,0,0
retail_frame=802 camera=-9,-390,-2295,240,32,0 player=256,-140,64,0,0,0,0 wingmate=-750,-8921,8283,0,127,0,0
retail_frame=806 camera=-9,-390,-2295,128,48,0 player=256,-140,64,0,0,0,0 wingmate=-750,-8921,8283,0,127,0,0
retail_frame=810 camera=-9,-390,-2295,0,96,0 player=256,-140,64,0,0,0,0 wingmate=-750,-8921,8283,0,127,0,0
retail_frame=814 camera=-9,-390,-2295,128,112,0 player=256,-140,64,0,0,0,0 wingmate=-750,-8921,8283,0,127,0,0
retail_frame=818 camera=-9,-390,-2295,0,160,0 player=256,-140,64,0,0,0,0 wingmate=-750,-8921,8283,0,127,0,0
retail_frame=822 camera=-9,-390,-2295,128,224,0 player=256,-140,64,0,0,0,0 wingmate=-750,-8921,8283,0,127,0,0
retail_frame=826 camera=-9,-390,-2295,0,32,0 player=256,-140,64,0,0,0,0 wingmate=-750,-8921,8283,0,127,0,0
retail_frame=830 camera=-9,-390,-2295,128,144,0 player=256,-140,64,0,0,0,0 wingmate=-750,-8921,8283,0,127,0,0
retail_frame=834 camera=-9,-390,-2295,16,208,0 player=256,-140,64,0,0,0,0 wingmate=-750,-8921,8283,0,127,0,0
retail_frame=838 camera=-9,-390,-2295,160,16,0 player=256,-140,64,0,0,0,0 wingmate=-750,-8921,8283,0,127,0,0
retail_frame=842 camera=-9,-390,-2295,96,80,0 player=256,-140,64,0,0,0,0 wingmate=-750,-8921,8283,0,127,0,0
retail_frame=846 camera=-9,-390,-2295,208,144,0 player=256,-140,64,0,0,0,0 wingmate=-750,-8921,8283,0,127,0,0
retail_frame=850 camera=-9,-390,-2295,80,208,0 player=256,-140,64,0,0,0,0 wingmate=-750,-8921,8283,0,127,0,0
retail_frame=854 camera=-9,-390,-2295,192,64,0 player=256,-140,64,0,0,0,0 wingmate=-750,-8921,8283,0,127,0,0
retail_frame=858 camera=-9,-390,-2295,48,128,0 player=256,-140,64,0,0,0,0 wingmate=-750,-8921,8283,0,127,0,0
retail_frame=862 camera=-9,-390,-2295,160,192,0 player=256,-140,64,0,0,0,0 wingmate=-750,-8921,8283,0,127,0,0
retail_frame=866 camera=-9,-390,-2295,192,48,0 player=256,-140,64,0,0,0,0 wingmate=-750,-8921,8283,0,127,0,0
retail_frame=870 camera=-9,-390,-2295,64,96,0 player=256,-140,64,0,0,0,0 wingmate=-750,-8921,8283,0,127,0,0
retail_frame=874 camera=-9,-390,-2295,176,112,0 player=256,-140,64,0,0,0,0 wingmate=-750,-8921,8283,0,127,0,0
retail_frame=878 camera=-9,-390,-2295,32,112,0 player=256,-140,64,0,0,0,0 wingmate=-750,-8921,8283,0,127,0,0
retail_frame=882 camera=-9,-390,-2295,32,112,0 player=256,-140,64,0,0,0,0 wingmate=-750,-8921,8283,0,127,0,0
retail_frame=886 camera=-9,-390,-2295,144,112,0 player=256,-140,64,0,0,0,0 wingmate=-750,-8921,8283,0,127,0,0
retail_frame=890 camera=-9,-390,-2295,240,64,0 player=256,-140,64,0,0,0,0 wingmate=-750,-8921,8283,0,127,0,0
retail_frame=894 camera=-9,-390,-2295,112,48,0 player=256,-140,64,0,0,0,0 wingmate=-750,-8921,8283,0,127,0,0
retail_frame=898 camera=-9,-390,-2295,240,208,0 player=256,-140,64,0,0,0,0 wingmate=-750,-8921,8283,0,127,0,0
retail_frame=902 camera=-9,-390,-2295,80,160,0 player=256,-140,64,0,0,0,0 wingmate=-750,-8921,8283,0,127,0,0
retail_frame=906 camera=-9,-390,-2295,64,224,0 player=256,-140,64,0,0,0,0 wingmate=-750,-8921,8283,0,127,0,0
retail_frame=910 camera=-9,-390,-2295,160,128,0 player=256,-140,64,0,0,0,0 wingmate=-750,-8921,8283,0,127,0,0
retail_frame=914 camera=-9,-390,-2295,16,240,0 player=256,-140,64,0,0,0,0 wingmate=-750,-8921,8283,0,127,0,0
retail_frame=918 camera=-9,-390,-2295,128,112,0 player=256,-140,64,0,0,0,0 wingmate=-750,-8921,8283,0,127,0,0
retail_frame=922 camera=-9,-390,-2295,240,240,0 player=256,-140,64,0,0,0,0 wingmate=-750,-8921,8283,0,127,0,0
retail_frame=926 camera=-9,-390,-2295,96,64,0 player=256,-140,64,0,0,0,0 wingmate=-750,-8921,8283,0,127,0,0
retail_frame=930 camera=-9,-390,-2295,176,192,0 player=256,-140,64,0,0,0,0 wingmate=-750,-8921,8283,0,127,0,0
retail_frame=934 camera=-9,-390,-2295,128,80,0 player=256,-140,64,0,0,0,0 wingmate=-750,-8921,8283,0,127,0,0
retail_frame=938 camera=54,119,-2005,224,176,0 player=256,-140,64,0,0,0,0 wingmate=-750,-8921,8283,0,127,0,0
retail_frame=942 camera=54,121,-1997,0,0,0 player=256,-140,64,0,0,0,0 wingmate=-750,-8921,8283,0,127,0,0
retail_frame=946 camera=54,123,-1989,0,224,0 player=256,-140,64,0,0,0,0 wingmate=-750,-8921,8283,0,127,0,0
retail_frame=950 camera=54,127,-1973,224,64,0 player=256,-140,64,0,0,0,0 wingmate=-750,-8921,8283,0,127,0,0
retail_frame=954 camera=54,129,-1965,96,176,0 player=256,-140,64,0,0,0,0 wingmate=-750,-8921,8283,0,127,0,0
retail_frame=958 camera=54,131,-1957,240,128,0 player=256,-140,64,0,0,0,0 wingmate=-750,-8921,8283,0,127,0,0
retail_frame=962 camera=54,133,-1949,32,192,0 player=256,-140,64,0,0,0,0 wingmate=-750,-8921,8283,0,127,0,0
retail_frame=966 camera=54,135,-1941,48,48,0 player=256,-140,64,0,0,0,0 wingmate=-750,-8921,8283,0,127,0,0
retail_frame=970 camera=54,139,-1925,208,16,0 player=256,-140,64,0,0,0,0 wingmate=-750,-8921,8283,0,127,0,0
retail_frame=974 camera=54,141,-1917,144,48,0 player=256,-140,64,0,0,0,0 wingmate=-750,-8921,8283,0,127,0,0
retail_frame=978 camera=54,143,-1909,48,16,0 player=256,-140,64,0,0,0,0 wingmate=-750,-8921,8283,0,127,0,0
retail_frame=982 camera=54,145,-1901,208,144,0 player=256,-140,64,0,0,0,0 wingmate=-750,-8921,8283,0,127,0,0
retail_frame=986 camera=54,147,-1893,112,192,0 player=256,-140,64,0,0,0,0 wingmate=-750,-8921,8283,0,127,0,0
retail_frame=990 camera=54,149,-1885,64,208,0 player=256,-140,64,0,0,0,0 wingmate=-750,-8921,8283,0,127,0,0
retail_frame=994 camera=54,149,-1885,64,208,0 player=256,-140,64,0,0,0,0 wingmate=-750,-8921,8283,0,127,0,0
retail_frame=998 camera=54,151,-1877,64,144,0 player=256,-140,64,0,0,0,0 wingmate=-750,-8921,8283,0,127,0,0
retail_frame=1002 camera=54,153,-1869,64,32,0 player=256,-140,64,0,0,0,0 wingmate=-750,-8921,8283,0,127,0,0
retail_frame=1006 camera=54,155,-1861,112,144,0 player=256,-140,64,0,0,0,0 wingmate=-750,-8921,8283,0,127,0,0
retail_frame=1010 camera=54,157,-1853,144,176,0 player=256,-140,64,0,0,0,0 wingmate=-750,-8921,8283,0,127,0,0
retail_frame=1014 camera=54,159,-1845,224,160,0 player=256,-140,64,0,0,0,0 wingmate=-750,-8921,8283,0,127,0,0
retail_frame=1018 camera=54,159,-1845,224,160,0 player=256,-140,64,0,0,0,0 wingmate=-750,-8921,8283,0,127,0,0
retail_frame=1022 camera=54,161,-1837,96,128,0 player=256,-140,64,0,0,0,0 wingmate=-750,-8921,8283,0,127,0,0
retail_frame=1026 camera=54,163,-1829,208,64,0 player=256,-140,64,0,0,0,0 wingmate=-750,-8921,8283,0,127,0,0
retail_frame=1030 camera=54,165,-1821,176,224,0 player=256,-140,64,0,0,0,0 wingmate=-750,-8921,8283,0,127,0,0
retail_frame=1034 camera=54,167,-1813,144,128,0 player=256,-140,64,0,0,0,0 wingmate=-750,-8921,8283,0,127,0,0
retail_frame=1038 camera=54,167,-1813,144,128,0 player=256,-140,64,0,0,0,0 wingmate=-750,-8921,8283,0,127,0,0
retail_frame=1042 camera=54,169,-1805,144,32,0 player=256,-140,64,0,0,0,0 wingmate=-750,-8921,8283,0,127,0,0
retail_frame=1046 camera=54,171,-1797,144,144,0 player=256,-140,64,0,0,0,0 wingmate=-750,-8921,8283,0,127,0,0
retail_frame=1050 camera=54,173,-1789,176,48,0 player=256,-140,64,0,0,0,0 wingmate=-750,-8921,8283,0,127,0,0
retail_frame=1054 camera=54,173,-1789,176,48,0 player=256,-140,64,0,0,0,0 wingmate=-750,-8921,8283,0,127,0,0
retail_frame=1058 camera=54,175,-1781,32,160,0 player=256,-140,64,0,0,0,0 wingmate=-750,-8921,8283,0,127,0,0
retail_frame=1062 camera=54,177,-1773,64,240,0 player=256,-140,64,0,0,0,0 wingmate=-750,-8921,8283,0,127,0,0
retail_frame=1066 camera=54,179,-1765,160,112,0 player=256,-140,64,0,0,0,0 wingmate=-750,-8921,8283,0,127,0,0
retail_frame=1070 camera=54,179,-1765,160,112,0 player=256,-140,64,0,0,0,0 wingmate=-750,-8921,8283,0,127,0,0
retail_frame=1074 camera=54,181,-1757,16,192,0 player=256,-140,64,0,0,0,0 wingmate=-750,-8921,8283,0,127,0,0
retail_frame=1078 camera=54,183,-1749,112,64,0 player=256,-140,64,0,0,0,0 wingmate=-750,-8921,8283,0,127,0,0
retail_frame=1082 camera=54,183,-1749,112,64,0 player=256,-140,64,0,0,0,0 wingmate=-750,-8921,8283,0,127,0,0
retail_frame=1086 camera=54,185,-1741,0,144,0 player=256,-140,64,0,0,0,0 wingmate=-750,-8921,8283,0,127,0,0
retail_frame=1090 camera=54,187,-1733,144,224,0 player=256,-140,64,0,0,0,0 wingmate=-750,-8921,8283,0,127,0,0
retail_frame=1094 camera=54,189,-1725,32,48,0 player=256,-140,64,0,0,0,0 wingmate=-750,-8921,8283,0,127,0,0
retail_frame=1098 camera=54,189,-1725,32,48,0 player=256,-140,64,0,0,0,0 wingmate=-750,-8921,8283,0,127,0,0
retail_frame=1102 camera=54,191,-1717,176,80,0 player=256,-140,64,0,0,0,0 wingmate=-750,-8921,8283,0,127,0,0
retail_frame=1106 camera=54,193,-1709,32,160,0 player=256,-140,64,0,0,0,0 wingmate=-750,-8921,8283,0,127,0,0
retail_frame=1110 camera=54,193,-1709,32,160,0 player=256,-140,64,0,0,0,0 wingmate=-750,-8921,8283,0,127,0,0
retail_frame=1114 camera=54,195,-1701,176,208,0 player=256,-140,64,0,0,0,0 wingmate=-750,-8921,8283,0,127,0,0
retail_frame=1118 camera=54,197,-1693,32,32,0 player=256,-140,64,0,0,0,0 wingmate=-750,-8921,8283,0,127,0,0
retail_frame=1122 camera=54,197,-1693,32,32,0 player=256,-140,64,0,0,0,0 wingmate=-750,-8921,8283,0,127,0,0
retail_frame=1126 camera=205,-120,313,16,224,0 player=256,-140,64,0,0,0,0 wingmate=-750,-8921,8283,0,127,0,0
retail_frame=1130 camera=205,-120,313,8,224,0 player=256,-140,64,0,0,0,0 wingmate=-750,-8921,8283,0,127,0,0
retail_frame=1134 camera=205,-120,313,8,224,0 player=256,-140,64,0,0,0,0 wingmate=-750,-8921,8283,0,127,0,0
retail_frame=1138 camera=207,-124,323,176,224,0 player=256,-140,64,0,0,0,0 wingmate=-750,-8921,8283,0,127,0,0
retail_frame=1142 camera=207,-124,323,216,224,0 player=256,-140,64,0,0,0,0 wingmate=-750,-8921,8283,0,127,0,0
retail_frame=1146 camera=209,-128,333,176,224,0 player=256,-140,64,0,0,0,0 wingmate=-750,-8921,8283,0,127,0,0
retail_frame=1150 camera=211,-132,343,240,176,0 player=256,-140,64,0,0,0,0 wingmate=-750,-8921,8283,0,127,0,0
retail_frame=1154 camera=213,-136,353,112,144,0 player=256,-140,64,0,0,0,0 wingmate=-750,-8921,8283,0,127,0,0
retail_frame=1158 camera=215,-140,363,0,144,0 player=256,-140,64,0,0,0,0 wingmate=-750,-8921,8283,0,127,0,0
retail_frame=1162 camera=215,-140,363,0,144,0 player=256,-140,64,0,0,0,0 wingmate=-750,-8921,8283,0,127,0,0
retail_frame=1166 camera=217,-144,373,176,96,0 player=256,-140,64,0,0,0,0 wingmate=-750,-8921,8283,0,127,0,0
retail_frame=1170 camera=219,-148,383,192,64,0 player=256,-140,64,0,0,0,0 wingmate=-750,-8921,8283,0,127,0,0
retail_frame=1174 camera=221,-152,393,208,16,0 player=256,-140,64,0,0,0,0 wingmate=-750,-8921,8283,0,127,0,0
retail_frame=1178 camera=221,-152,393,232,16,0 player=256,-140,64,0,0,0,0 wingmate=-750,-8921,8283,0,127,0,0
retail_frame=1182 camera=223,-156,403,72,192,0 player=256,-140,64,0,0,0,0 wingmate=-750,-8921,8283,0,127,0,0
retail_frame=1186 camera=225,-160,413,144,112,0 player=256,-140,64,0,0,0,0 wingmate=-750,-8921,8283,0,127,0,0
retail_frame=1190 camera=227,-164,423,64,32,0 player=256,-140,64,0,0,0,0 wingmate=-750,-8921,8283,0,127,0,0
retail_frame=1194 camera=227,-164,423,160,32,0 player=256,-140,64,0,0,0,0 wingmate=-750,-8921,8283,0,127,0,0
retail_frame=1198 camera=229,-168,433,160,128,0 player=256,-140,64,0,0,0,0 wingmate=-750,-8921,8283,0,127,0,0
retail_frame=1202 camera=229,-168,433,80,128,0 player=256,-140,64,0,0,0,0 wingmate=-750,-8921,8283,0,127,0,0
retail_frame=1206 camera=231,-172,443,0,176,0 player=256,-140,64,0,0,0,0 wingmate=-750,-8921,8283,0,127,0,0
retail_frame=1210 camera=233,-176,453,160,80,0 player=256,-140,64,0,0,0,0 wingmate=-750,-8921,8283,0,127,0,0
retail_frame=1214 camera=233,-176,453,208,80,0 player=256,-140,64,0,0,0,0 wingmate=-750,-8921,8283,0,127,0,0
retail_frame=1218 camera=235,-180,463,184,192,0 player=256,-140,64,0,0,0,0 wingmate=-750,-8921,8283,0,127,0,0
retail_frame=1222 camera=237,-184,473,80,32,0 player=256,-140,64,0,0,0,0 wingmate=-750,-8921,8283,0,127,0,0
retail_frame=1226 camera=239,-188,483,80,144,0 player=256,-140,64,0,0,0,0 wingmate=-750,-8921,8283,0,127,0,0
retail_frame=1230 camera=239,-188,483,40,144,0 player=256,-140,64,0,0,0,0 wingmate=-750,-8921,8283,0,127,0,0
retail_frame=1234 camera=241,-192,493,112,80,0 player=256,-140,64,0,0,0,0 wingmate=-750,-8921,8283,0,127,0,0
retail_frame=1238 camera=243,-196,503,144,48,0 player=256,-140,64,0,0,0,0 wingmate=-750,-8921,8283,0,127,0,0
retail_frame=1242 camera=245,-200,513,96,240,0 player=256,-140,64,0,0,0,0 wingmate=-750,-8921,8283,0,127,0,0
retail_frame=1246 camera=245,-200,513,176,240,0 player=256,-140,64,0,0,0,0 wingmate=-750,-8921,8283,0,127,0,0
retail_frame=1250 camera=247,-204,523,232,96,0 player=256,-140,64,0,0,0,0 wingmate=-750,-8921,8283,0,127,0,0
retail_frame=1254 camera=249,-208,533,176,96,0 player=256,-140,64,0,0,0,0 wingmate=-750,-8921,8283,0,127,0,0
retail_frame=1258 camera=251,-212,543,240,192,0 player=256,-140,64,0,0,0,0 wingmate=-750,-8921,8283,0,127,0,0
retail_frame=1262 camera=251,-212,543,120,192,0 player=256,-140,64,0,0,0,0 wingmate=-750,-8921,8283,0,127,0,0
retail_frame=1266 camera=251,-212,543,120,192,0 player=256,-140,814,0,0,0,0 wingmate=-750,-8921,8283,0,127,0,0
retail_frame=1270 camera=253,-208,554,0,0,0 player=256,-140,814,0,0,1,3 wingmate=256,-140,10158,0,0,0,3
retail_frame=1274 camera=254,-203,564,0,0,0 player=256,-140,815,0,0,2,6 wingmate=256,-140,10159,0,0,0,6
retail_frame=1278 camera=255,-199,575,0,0,0 player=256,-140,819,0,0,2,9 wingmate=256,-140,10163,0,0,0,9
retail_frame=1282 camera=256,-196,589,0,0,0 player=256,-140,826,0,0,3,11 wingmate=256,-139,708,249,0,0,11
retail_frame=1286 camera=256,-196,589,0,0,0 player=256,-140,826,0,0,3,11 wingmate=289,-139,826,0,0,3,11
retail_frame=1290 camera=256,-192,605,0,0,0 player=256,-140,835,0,0,3,13 wingmate=256,-140,10179,0,0,3,13
retail_frame=1294 camera=256,-189,623,0,0,0 player=256,-140,846,0,0,4,15 wingmate=256,-140,10190,0,0,4,15
retail_frame=1298 camera=256,-186,642,0,0,0 player=256,-140,859,0,0,4,16 wingmate=256,-140,10203,0,0,0,16
retail_frame=1302 camera=256,-183,662,0,0,0 player=256,-140,873,0,0,4,17 wingmate=256,-140,10217,0,0,0,17
retail_frame=1306 camera=256,-181,682,0,0,0 player=256,-140,888,0,0,4,18 wingmate=256,-140,10232,0,0,0,18
retail_frame=1310 camera=256,-180,703,0,0,0 player=256,-140,904,0,0,3,19 wingmate=256,-140,10248,0,0,0,19
retail_frame=1314 camera=256,-178,725,0,0,0 player=256,-140,921,0,0,3,20 wingmate=256,-140,10265,0,0,0,20
retail_frame=1318 camera=256,-176,747,0,0,0 player=256,-140,939,0,0,2,21 wingmate=256,-139,821,0,0,0,21
retail_frame=1322 camera=256,-176,747,0,0,0 player=256,-140,958,0,0,2,22 wingmate=256,-140,840,0,0,2,22
retail_frame=1326 camera=256,-175,770,0,0,0 player=256,-140,958,0,0,2,22 wingmate=256,-140,10302,0,0,2,22
retail_frame=1330 camera=256,-173,794,0,0,0 player=256,-140,978,0,0,1,23 wingmate=256,-140,10322,0,0,1,23
retail_frame=1334 camera=256,-172,819,0,0,0 player=256,-140,999,0,0,0,24 wingmate=256,-140,10343,0,0,0,24
retail_frame=1338 camera=256,-172,844,0,0,0 player=256,-140,1021,0,0,255,25 wingmate=256,-140,10365,0,0,0,25
retail_frame=1342 camera=256,-171,870,0,0,0 player=256,-140,1044,0,0,254,26 wingmate=256,-140,10388,0,0,0,26
retail_frame=1346 camera=256,-171,897,0,0,0 player=256,-140,1068,0,0,254,27 wingmate=256,-140,10412,0,0,0,27
retail_frame=1350 camera=256,-170,925,0,0,0 player=256,-140,1093,0,0,253,28 wingmate=256,-140,10437,0,0,0,28
retail_frame=1354 camera=256,-170,925,0,0,0 player=256,-140,1119,0,0,253,29 wingmate=223,-139,1093,0,0,253,29
retail_frame=1358 camera=256,-169,954,0,0,0 player=256,-140,1119,0,0,253,29 wingmate=289,-135,1119,0,0,253,29
retail_frame=1362 camera=256,-169,984,0,0,0 player=256,-140,1146,0,0,252,30 wingmate=256,-140,10490,0,0,252,30
retail_frame=1366 camera=256,-168,1014,0,0,0 player=256,-140,1174,0,0,252,30 wingmate=256,-140,10518,0,0,0,30
retail_frame=1370 camera=256,-167,1044,0,0,0 player=256,-140,1202,0,0,252,30 wingmate=256,-140,10546,0,0,0,30
retail_frame=1374 camera=256,-166,1074,0,0,0 player=256,-140,1230,0,0,252,30 wingmate=256,-140,10574,0,0,0,30
retail_frame=1378 camera=256,-165,1104,0,0,0 player=256,-140,1258,0,0,253,30 wingmate=256,-140,10602,0,0,0,30
retail_frame=1382 camera=256,-163,1134,0,0,0 player=256,-140,1286,0,0,253,30 wingmate=256,-140,10630,0,0,0,30
retail_frame=1386 camera=256,-162,1164,0,0,0 player=256,-140,1314,0,0,254,30 wingmate=256,-140,10630,0,0,0,30
retail_frame=1390 camera=256,-162,1164,0,0,0 player=256,-140,1342,0,0,254,30 wingmate=256,-140,1342,0,0,254,30
retail_frame=1394 camera=256,-161,1194,0,0,0 player=256,-140,1342,0,0,254,30 wingmate=256,-140,10686,0,0,254,30
retail_frame=1398 camera=256,-159,1223,0,0,0 player=256,-140,1370,0,0,255,30 wingmate=256,-140,10714,0,0,0,30
retail_frame=1402 camera=256,-158,1252,0,0,0 player=256,-140,1398,0,0,0,30 wingmate=256,-140,10742,0,0,0,30
retail_frame=1406 camera=256,-156,1281,0,0,0 player=256,-140,1426,0,0,1,30 wingmate=256,-140,10770,0,0,0,30
retail_frame=1410 camera=256,-154,1310,0,0,0 player=256,-140,1454,0,0,2,30 wingmate=256,-140,10798,0,0,0,30
retail_frame=1414 camera=256,-154,1310,0,0,0 player=256,-140,1454,0,0,2,30 wingmate=256,-140,10798,0,0,2,30
retail_frame=1418 camera=256,-153,1339,0,0,0 player=256,-140,1482,0,0,2,30 wingmate=256,-140,10826,0,0,0,30
retail_frame=1422 camera=256,-151,1368,0,0,0 player=256,-140,1510,0,0,3,30 wingmate=256,-140,10854,0,0,0,30
retail_frame=1426 camera=256,-150,1397,0,0,0 player=256,-140,1538,0,0,3,30 wingmate=256,-140,10882,0,0,0,30
retail_frame=1430 camera=256,-150,1397,0,0,0 player=256,-140,1538,0,0,3,30 wingmate=256,-140,10882,0,0,3,30
retail_frame=1434 camera=256,-149,1426,0,0,0 player=256,-140,1566,0,0,4,30 wingmate=256,-140,10910,0,0,0,30
retail_frame=1438 camera=256,-147,1455,0,0,0 player=256,-140,1594,0,0,4,30 wingmate=256,-140,10938,0,0,0,30
retail_frame=1442 camera=256,-147,1455,0,0,0 player=256,-140,1622,0,0,4,30 wingmate=223,-134,1594,0,0,4,30
retail_frame=1446 camera=256,-146,1484,0,0,0 player=256,-140,1622,0,0,4,30 wingmate=256,-140,10966,0,0,0,30
retail_frame=1450 camera=256,-145,1513,0,0,0 player=256,-140,1650,0,0,4,30 wingmate=256,-140,10994,0,0,0,30
retail_frame=1454 camera=256,-144,1542,0,0,0 player=256,-140,1678,0,0,3,30 wingmate=256,-140,11022,0,0,0,30
retail_frame=1458 camera=256,-144,1542,0,0,0 player=256,-140,1678,0,0,3,30 wingmate=256,-140,11022,0,0,3,30
retail_frame=1462 camera=256,-143,1571,0,0,0 player=256,-140,1706,0,0,3,30 wingmate=256,-140,11050,0,0,0,30
retail_frame=1466 camera=256,-143,1600,0,0,0 player=256,-140,1734,0,0,2,30 wingmate=256,-140,11078,0,0,0,30
retail_frame=1470 camera=256,-143,1600,0,0,0 player=256,-140,1734,0,0,2,30 wingmate=256,-140,11078,0,0,2,30
retail_frame=1474 camera=256,-142,1629,0,0,0 player=256,-140,1762,0,0,2,30 wingmate=256,-140,11106,0,0,0,30
retail_frame=1478 camera=256,-141,1658,0,0,0 player=256,-140,1790,0,0,1,30 wingmate=256,-140,11134,0,0,0,30
retail_frame=1482 camera=256,-141,1658,0,0,0 player=256,-140,1790,0,0,1,30 wingmate=256,-140,11134,0,0,1,30
retail_frame=1486 camera=256,-141,1687,0,0,0 player=256,-140,1818,0,0,0,30 wingmate=256,-140,11162,0,0,0,30
retail_frame=1490 camera=256,-140,1716,0,0,0 player=256,-140,1846,0,0,255,30 wingmate=256,-140,11190,0,0,0,30
retail_frame=1494 camera=256,-140,1716,0,0,0 player=256,-140,1874,0,0,254,30 wingmate=223,-137,1846,0,0,254,30
retail_frame=1498 camera=256,-141,1745,0,0,0 player=256,-140,1874,0,0,254,30 wingmate=256,-140,11218,0,0,0,30
retail_frame=1502 camera=256,-142,1774,0,0,0 player=256,-140,1902,0,0,254,30 wingmate=256,-140,11246,0,0,0,30
retail_frame=1506 camera=256,-142,1803,0,0,0 player=256,-140,1930,0,0,253,30 wingmate=256,-140,11274,0,0,0,30
retail_frame=1510 camera=256,-143,1832,0,0,0 player=256,-140,1958,0,0,253,30 wingmate=256,-140,11302,0,0,0,30
retail_frame=1514 camera=256,-143,1832,0,0,0 player=256,-140,1958,0,0,252,30 wingmate=223,-139,1958,0,0,252,30
retail_frame=1518 camera=256,-143,1861,0,0,0 player=256,-140,1986,0,0,252,30 wingmate=256,-140,11330,0,0,252,30
retail_frame=1522 camera=256,-143,1890,0,0,0 player=256,-140,2014,0,0,252,30 wingmate=256,-140,11358,0,0,0,30
retail_frame=1526 camera=256,-144,1919,0,0,0 player=256,-140,2042,0,0,252,30 wingmate=256,-140,11386,0,0,0,30
retail_frame=1530 camera=256,-144,1948,0,0,0 player=256,-140,2070,0,0,252,30 wingmate=256,-140,11414,0,0,0,30
retail_frame=1534 camera=256,-144,1948,0,0,0 player=256,-140,2070,0,0,253,30 wingmate=223,-140,2070,0,0,253,30
retail_frame=1538 camera=256,-144,1977,0,0,0 player=256,-140,2098,0,0,253,30 wingmate=256,-140,11442,0,0,253,30
retail_frame=1542 camera=256,-144,2006,0,0,0 player=256,-140,2126,0,0,253,30 wingmate=256,-140,11470,0,0,0,30
retail_frame=1546 camera=256,-144,2035,0,0,0 player=256,-140,2154,0,0,254,30 wingmate=256,-140,11498,0,0,0,30
retail_frame=1550 camera=256,-143,2064,0,0,0 player=256,-140,2182,0,0,254,30 wingmate=256,-140,11526,0,0,0,30
retail_frame=1554 camera=256,-143,2064,0,0,0 player=256,-140,2210,0,0,255,30 wingmate=256,-140,2210,0,0,255,30
retail_frame=1558 camera=256,-143,2092,0,0,0 player=256,-140,2210,0,0,255,30 wingmate=256,-140,11554,0,0,255,30
retail_frame=1562 camera=256,-143,2120,0,0,0 player=256,-140,2238,0,0,0,30 wingmate=256,-140,11582,0,0,0,30
retail_frame=1566 camera=256,-142,2148,0,0,0 player=256,-140,2266,0,0,1,30 wingmate=256,-140,11610,0,0,1,30
retail_frame=1570 camera=256,-142,2148,0,0,0 player=256,-140,2294,0,0,2,30 wingmate=256,-140,2294,0,0,2,30
retail_frame=1574 camera=256,-142,2176,0,0,0 player=256,-140,2294,0,0,2,30 wingmate=256,-140,11638,0,0,2,30
retail_frame=1578 camera=256,-141,2204,0,0,0 player=256,-140,2322,0,0,2,30 wingmate=256,-140,11666,0,0,2,30
retail_frame=1582 camera=256,-140,2232,0,0,0 player=256,-140,2350,0,0,3,30 wingmate=256,-140,11694,0,0,3,30
retail_frame=1586 camera=256,-140,2232,0,0,0 player=256,-140,2350,0,0,3,30 wingmate=223,-135,2350,0,0,3,30
retail_frame=1590 camera=256,-140,2260,0,0,0 player=256,-140,2378,0,0,3,30 wingmate=256,-140,11722,0,0,3,30
retail_frame=1594 camera=256,-139,2288,0,0,0 player=256,-140,2406,0,0,4,30 wingmate=256,-140,11750,0,0,4,30
retail_frame=1598 camera=256,-139,2288,0,0,0 player=256,-140,2434,0,0,4,30 wingmate=223,-134,2406,0,0,4,30
retail_frame=1602 camera=256,-139,2316,0,0,0 player=256,-140,2434,0,0,4,30 wingmate=256,-140,11778,0,0,4,30
retail_frame=1606 camera=256,-139,2344,0,0,0 player=256,-140,2462,0,0,4,30 wingmate=256,-140,11806,0,0,4,30
retail_frame=1610 camera=256,-139,2344,0,0,0 player=256,-140,2490,0,0,4,30 wingmate=223,-134,2462,0,0,4,30
retail_frame=1614 camera=256,-138,2372,0,0,0 player=256,-140,2490,0,0,4,30 wingmate=256,-140,11834,0,0,4,30
retail_frame=1618 camera=256,-138,2400,0,0,0 player=256,-140,2518,0,0,3,30 wingmate=256,-140,11862,0,0,3,30
retail_frame=1622 camera=256,-138,2400,0,0,0 player=256,-140,2546,0,0,3,30 wingmate=223,-135,2518,0,0,3,30
retail_frame=1626 camera=256,-138,2428,0,0,0 player=256,-140,2546,0,0,3,30 wingmate=256,-140,11890,0,0,3,30
retail_frame=1630 camera=256,-138,2456,0,0,0 player=256,-140,2574,0,0,2,30 wingmate=256,-140,11918,0,0,2,30
retail_frame=1634 camera=256,-138,2456,0,0,0 player=256,-140,2602,0,0,2,30 wingmate=223,-136,2574,0,0,2,30
retail_frame=1638 camera=256,-138,2484,0,0,0 player=256,-140,2602,0,0,2,30 wingmate=256,-140,11946,0,0,2,30
retail_frame=1642 camera=256,-139,2512,0,0,0 player=256,-140,2630,0,0,1,30 wingmate=256,-140,11974,0,0,1,30
retail_frame=1646 camera=256,-139,2512,0,0,0 player=256,-140,2630,0,0,1,30 wingmate=256,-140,11974,0,0,1,30
retail_frame=1650 camera=256,-139,2540,0,0,0 player=256,-140,2658,0,0,0,30 wingmate=256,-140,12002,0,0,0,30
retail_frame=1654 camera=256,-139,2540,0,0,0 player=256,-140,2686,0,0,255,30 wingmate=256,-140,2686,0,0,255,30
retail_frame=1658 camera=256,-139,2568,0,0,0 player=256,-140,2686,0,0,255,30 wingmate=256,-140,12030,0,0,255,30
retail_frame=1662 camera=256,-140,2596,0,0,0 player=256,-140,2714,0,0,254,30 wingmate=256,-140,12058,0,0,254,30
retail_frame=1666 camera=256,-140,2596,0,0,0 player=256,-140,2714,0,0,254,30 wingmate=256,-140,12058,0,0,254,30
retail_frame=1670 camera=256,-140,2624,0,0,0 player=256,-140,2742,0,0,254,30 wingmate=256,-140,12086,0,0,254,30
retail_frame=1674 camera=256,-140,2624,0,0,0 player=256,-140,2770,0,0,253,30 wingmate=256,-140,2770,0,0,253,30
retail_frame=1678 camera=256,-141,2652,0,0,0 player=256,-140,2770,0,0,253,30 wingmate=256,-140,12114,0,0,253,30
retail_frame=1682 camera=256,-142,2680,0,0,0 player=256,-140,2798,0,0,253,30 wingmate=256,-140,12142,0,0,253,30
retail_frame=1686 camera=256,-142,2680,0,0,0 player=256,-140,2798,0,0,252,30 wingmate=223,-139,2798,0,0,252,30
retail_frame=1690 camera=256,-142,2708,0,0,0 player=256,-140,2826,0,0,252,30 wingmate=256,-140,12170,0,0,252,30
retail_frame=1694 camera=256,-143,2736,0,0,0 player=256,-140,2854,0,0,252,30 wingmate=256,-140,12198,0,0,252,30
retail_frame=1698 camera=256,-143,2736,0,0,0 player=256,-140,2854,0,0,252,30 wingmate=223,-140,2854,0,0,252,30
retail_frame=1702 camera=256,-143,2764,0,0,0 player=256,-140,2882,0,0,252,30 wingmate=256,-140,12226,0,0,252,30
retail_frame=1706 camera=256,-143,2792,0,0,0 player=256,-140,2910,0,0,252,30 wingmate=256,-140,12254,0,0,252,30
retail_frame=1710 camera=256,-144,2820,0,0,0 player=256,-140,2938,0,0,253,30 wingmate=256,-140,12282,0,0,253,30
retail_frame=1714 camera=256,-144,2820,0,0,0 player=256,-140,2966,0,0,253,30 wingmate=223,-139,2938,0,0,253,30
retail_frame=1718 camera=256,-144,2848,0,0,0 player=256,-140,2966,0,0,253,30 wingmate=256,-140,12310,0,0,253,30
retail_frame=1722 camera=256,-144,2876,0,0,0 player=256,-140,2994,0,0,254,30 wingmate=256,-140,12338,0,0,254,30
retail_frame=1726 camera=256,-144,2904,0,0,0 player=256,-140,3022,0,0,254,30 wingmate=256,-140,12366,0,0,254,30
retail_frame=1730 camera=256,-144,2932,0,0,0 player=256,-140,3050,0,0,255,30 wingmate=256,-144,2932,0,0,255,30
retail_frame=1734 camera=256,-144,2932,0,0,0 player=256,-140,3050,0,0,255,30 wingmate=256,-140,12394,0,0,255,30
retail_frame=1738 camera=256,-143,2960,0,0,0 player=256,-140,3078,0,0,0,30 wingmate=256,-140,12422,0,0,0,30
retail_frame=1742 camera=256,-143,2988,0,0,0 player=256,-140,3106,0,0,1,30 wingmate=256,-140,12450,0,0,1,30
retail_frame=1746 camera=256,-143,2988,0,0,0 player=256,-140,3134,0,0,2,30 wingmate=256,-140,3134,0,0,2,30
retail_frame=1750 camera=256,-143,3016,0,0,0 player=256,-140,3134,0,0,2,30 wingmate=256,-140,12478,0,0,2,30
retail_frame=1754 camera=256,-142,3044,0,0,0 player=256,-140,3162,0,0,2,30 wingmate=256,-140,12506,0,0,2,30
retail_frame=1758 camera=256,-142,3072,0,0,0 player=256,-140,3190,0,0,3,30 wingmate=256,-140,12534,0,0,3,30
retail_frame=1762 camera=256,-142,3072,0,0,0 player=256,-140,3190,0,0,3,30 wingmate=289,-139,3190,0,0,3,30
retail_frame=1766 camera=256,-141,3100,0,0,0 player=256,-140,3218,0,0,3,30 wingmate=256,-140,12562,0,0,3,30
retail_frame=1770 camera=256,-140,3128,0,0,0 player=256,-140,3246,0,0,4,30 wingmate=256,-140,12590,0,0,4,30
retail_frame=1774 camera=256,-140,3156,0,0,0 player=256,-140,3274,0,0,4,30 wingmate=256,-140,3156,0,0,4,30
retail_frame=1778 camera=256,-140,3156,0,0,0 player=256,-140,3274,0,0,4,30 wingmate=256,-140,12618,0,0,4,30
retail_frame=1782 camera=256,-139,3184,0,0,0 player=256,-140,3302,0,0,4,30 wingmate=256,-140,12646,0,0,4,30
retail_frame=1786 camera=256,-139,3212,0,0,0 player=256,-140,3330,0,0,4,30 wingmate=256,-139,3212,0,0,4,30
retail_frame=1790 camera=256,-139,3212,0,0,0 player=256,-140,3330,0,0,4,30 wingmate=256,-140,12674,0,0,4,30
retail_frame=1794 camera=256,-139,3240,0,0,0 player=256,-140,3358,0,0,3,30 wingmate=256,-140,12702,0,0,3,30
retail_frame=1798 camera=256,-139,3240,0,0,0 player=256,-140,3386,0,0,3,30 wingmate=256,-138,3268,0,0,3,30
retail_frame=1802 camera=256,-138,3268,0,0,0 player=256,-140,3386,0,0,3,30 wingmate=256,-140,12730,0,0,3,30
retail_frame=1806 camera=256,-138,3296,0,0,0 player=256,-140,3414,0,0,2,30 wingmate=256,-140,12758,0,0,2,30
retail_frame=1810 camera=256,-138,3324,0,0,0 player=256,-140,3442,0,0,2,30 wingmate=256,-140,12786,0,0,2,30
retail_frame=1814 camera=256,-138,3324,0,0,0 player=256,-140,3442,0,0,2,30 wingmate=256,-140,12786,0,0,2,30
retail_frame=1818 camera=256,-138,3352,0,0,0 player=256,-140,3470,0,0,1,30 wingmate=256,-140,12814,0,0,1,30
retail_frame=1822 camera=256,-138,3380,0,0,0 player=256,-140,3498,0,0,0,30 wingmate=256,-140,12842,0,0,0,30
retail_frame=1826 camera=256,-138,3380,0,0,0 player=256,-140,3498,0,0,0,30 wingmate=256,-140,12842,0,0,0,30
retail_frame=1830 camera=256,-139,3408,0,0,0 player=256,-140,3526,0,0,255,30 wingmate=256,-140,12870,0,0,255,30
retail_frame=1834 camera=256,-139,3436,0,0,0 player=256,-140,3554,0,0,254,30 wingmate=256,-140,12898,0,0,254,30
retail_frame=1838 camera=256,-139,3436,0,0,0 player=256,-140,3554,0,0,254,30 wingmate=256,-140,12898,0,0,254,30
retail_frame=1842 camera=256,-139,3464,0,0,0 player=256,-140,3582,0,0,254,30 wingmate=256,-140,12926,0,0,254,30
retail_frame=1846 camera=256,-140,3492,0,0,0 player=256,-140,3610,0,0,253,30 wingmate=256,-140,3492,0,0,253,30
retail_frame=1850 camera=256,-140,3492,0,0,0 player=256,-140,3610,0,0,253,30 wingmate=256,-140,12954,0,0,253,30
retail_frame=1854 camera=256,-140,3520,0,0,0 player=256,-140,3638,0,0,253,30 wingmate=256,-140,12982,0,0,253,30
retail_frame=1858 camera=256,-140,3520,0,0,0 player=256,-140,3666,0,0,252,30 wingmate=223,-139,3638,0,0,252,30
retail_frame=1862 camera=256,-141,3548,0,0,0 player=256,-140,3666,0,0,252,30 wingmate=256,-140,13010,0,0,252,30
retail_frame=1866 camera=256,-142,3576,0,0,0 player=256,-140,3694,0,0,252,30 wingmate=256,-140,13038,0,0,252,30
retail_frame=1870 camera=256,-142,3576,0,0,0 player=256,-140,3722,0,0,252,30 wingmate=256,-142,3604,0,0,252,30
retail_frame=1874 camera=256,-142,3604,0,0,0 player=256,-140,3722,0,0,252,30 wingmate=256,-140,13066,0,0,252,30
retail_frame=1878 camera=256,-143,3632,0,0,0 player=256,-140,3750,0,0,252,30 wingmate=256,-140,13094,0,0,252,30
retail_frame=1882 camera=256,-143,3660,0,0,0 player=256,-140,3778,0,0,253,30 wingmate=256,-143,3660,0,0,253,30
retail_frame=1886 camera=256,-143,3660,0,0,0 player=256,-140,3778,0,0,253,30 wingmate=256,-140,13122,0,0,253,30
retail_frame=1890 camera=256,-143,3688,0,0,0 player=256,-140,3806,0,0,253,30 wingmate=256,-140,13150,0,0,253,30
retail_frame=1894 camera=256,-144,3716,0,0,0 player=256,-140,3834,0,0,254,30 wingmate=256,-140,13178,0,0,254,30
retail_frame=1898 camera=256,-144,3716,0,0,0 player=256,-140,3834,0,0,254,30 wingmate=256,-140,13178,0,0,254,30
retail_frame=1902 camera=256,-144,3744,0,0,0 player=256,-140,3862,0,0,254,30 wingmate=256,-140,13206,0,0,254,30
retail_frame=1906 camera=256,-144,3772,0,0,0 player=256,-140,3890,0,0,255,30 wingmate=256,-144,3772,0,0,255,30
retail_frame=1910 camera=256,-144,3772,0,0,0 player=256,-140,3890,0,0,255,30 wingmate=256,-140,13234,0,0,255,30
retail_frame=1914 camera=256,-144,3800,0,0,0 player=256,-140,3918,0,0,0,30 wingmate=256,-140,13262,0,0,0,30
retail_frame=1918 camera=256,-144,3800,0,0,0 player=256,-140,3946,0,0,1,30 wingmate=223,-137,3918,0,0,1,30
retail_frame=1922 camera=256,-144,3828,0,0,0 player=256,-140,3946,0,0,1,30 wingmate=256,-140,13290,0,0,1,30
retail_frame=1926 camera=256,-143,3856,0,0,0 player=256,-140,3974,0,0,2,30 wingmate=256,-140,13318,0,0,2,30
retail_frame=1930 camera=256,-143,3856,0,0,0 player=256,-140,3974,0,0,2,30 wingmate=256,-140,13318,0,0,2,30
retail_frame=1934 camera=256,-143,3884,0,0,0 player=256,-140,4002,0,0,2,30 wingmate=256,-140,13346,0,0,2,30
retail_frame=1938 camera=256,-143,3912,32,0,0 player=256,-140,4030,0,0,33,30 wingmate=256,-143,3912,0,0,33,30
retail_frame=1942 camera=256,-143,3912,32,0,0 player=256,-140,4030,0,0,33,30 wingmate=256,-140,13374,0,0,33,30
retail_frame=1946 camera=256,-142,3940,192,0,0 player=256,-140,4058,0,0,30,30 wingmate=256,-140,13402,0,0,30,30
retail_frame=1950 camera=256,-142,3940,192,0,0 player=256,-140,4086,0,0,28,30 wingmate=256,-140,4086,0,0,28,30
retail_frame=1954 camera=256,-142,3968,96,0,0 player=256,-140,4086,0,0,28,30 wingmate=256,-140,13430,0,0,28,30
retail_frame=1958 camera=256,-141,3996,128,0,0 player=256,-140,4114,0,0,25,30 wingmate=256,-140,13458,0,0,25,30
retail_frame=1962 camera=256,-141,3996,128,0,0 player=256,-140,4114,0,0,25,30 wingmate=256,-140,13458,0,0,25,30
retail_frame=1966 camera=256,-140,4024,160,0,0 player=256,-140,4142,0,0,23,30 wingmate=256,-140,13486,0,0,23,30
retail_frame=1970 camera=256,-140,4052,64,0,0 player=256,-140,4170,0,0,21,30 wingmate=256,-140,4052,0,0,21,30
retail_frame=1974 camera=256,-140,4052,64,0,0 player=256,-140,4170,0,0,21,30 wingmate=256,-140,13514,0,0,21,30
retail_frame=1978 camera=256,-139,4080,224,0,0 player=256,-140,4198,0,0,18,30 wingmate=256,-140,13542,0,0,18,30
retail_frame=1982 camera=256,-139,4080,224,0,0 player=256,-140,4198,0,0,18,30 wingmate=256,-140,13542,0,0,18,30
retail_frame=1986 camera=256,-139,4108,0,0,0 player=256,-140,4226,0,0,17,30 wingmate=256,-140,13570,0,0,17,30
retail_frame=1990 camera=256,-139,4108,0,0,0 player=256,-140,4226,0,0,17,30 wingmate=256,-140,13570,0,0,17,30
retail_frame=1994 camera=256,-139,4136,0,0,0 player=256,-140,4254,0,0,15,30 wingmate=256,-140,13598,0,0,15,30
retail_frame=1998 camera=256,-139,4136,0,0,0 player=256,-140,4254,0,0,15,30 wingmate=256,-140,13598,0,0,15,30
retail_frame=2002 camera=256,-138,4164,0,0,0 player=256,-140,4282,0,0,14,30 wingmate=256,-140,13626,0,0,14,30
retail_frame=2006 camera=256,-138,4164,0,0,0 player=256,-140,4282,0,0,14,30 wingmate=256,-140,13626,0,0,14,30
retail_frame=2010 camera=256,-138,4192,0,0,0 player=256,-140,4310,0,0,12,30 wingmate=256,-140,13654,0,0,12,30
retail_frame=2014 camera=256,-138,4192,0,0,0 player=256,-140,4338,0,0,10,30 wingmate=256,-140,4338,0,0,10,30
retail_frame=2018 camera=256,-138,4220,0,0,0 player=256,-140,4338,0,0,10,30 wingmate=256,-140,13682,0,0,10,30
retail_frame=2022 camera=256,-138,4248,0,0,0 player=256,-140,4366,0,0,8,30 wingmate=256,-140,13710,0,0,8,30
retail_frame=2026 camera=256,-138,4248,0,0,0 player=256,-140,4394,0,0,6,30 wingmate=256,-140,4394,0,0,6,30
retail_frame=2030 camera=256,-138,4276,0,0,0 player=256,-140,4394,0,0,6,30 wingmate=256,-140,13738,0,0,6,30
retail_frame=2034 camera=256,-139,4304,0,0,0 player=256,-140,4422,0,0,5,30 wingmate=256,-140,13766,0,0,5,30
retail_frame=2038 camera=256,-139,4304,0,0,0 player=256,-140,4450,0,0,3,30 wingmate=256,-140,4450,0,0,3,30
retail_frame=2042 camera=256,-139,4332,0,0,0 player=256,-140,4450,0,0,3,30 wingmate=256,-140,13794,0,0,3,30
retail_frame=2046 camera=256,-139,4360,0,0,0 player=256,-140,4478,0,0,2,30 wingmate=256,-140,13822,0,0,2,30
retail_frame=2050 camera=256,-139,4360,0,0,0 player=256,-140,4506,0,0,0,30 wingmate=256,-140,4506,0,0,0,30
retail_frame=2054 camera=256,-140,4388,0,0,0 player=256,-140,4506,0,0,0,30 wingmate=256,-140,13850,0,0,0,30
retail_frame=2058 camera=256,-140,4416,0,0,0 player=256,-140,4534,0,0,255,30 wingmate=256,-140,13878,0,0,255,30
retail_frame=2062 camera=256,-141,4444,0,0,0 player=256,-140,4562,0,0,254,30 wingmate=256,-141,4444,0,0,254,30
retail_frame=2066 camera=256,-141,4444,0,0,0 player=256,-140,4562,0,0,254,30 wingmate=256,-140,13906,0,0,254,30
retail_frame=2070 camera=256,-142,4472,0,0,0 player=256,-140,4590,0,0,253,30 wingmate=256,-140,13934,0,0,253,30
retail_frame=2074 camera=256,-142,4500,0,0,0 player=256,-140,4618,0,0,253,30 wingmate=256,-140,13962,0,0,253,30
retail_frame=2078 camera=256,-142,4500,0,0,0 player=256,-140,4618,0,0,253,30 wingmate=256,-140,13962,0,0,253,30
retail_frame=2082 camera=256,-143,4528,0,0,0 player=256,-140,4646,0,0,253,30 wingmate=256,-140,13990,0,0,253,30
retail_frame=2086 camera=256,-143,4556,0,0,0 player=256,-140,4674,0,0,254,30 wingmate=256,-140,14018,0,0,254,30
retail_frame=2090 camera=256,-143,4556,0,0,0 player=256,-140,4674,0,0,254,30 wingmate=256,-140,14018,0,0,254,30
retail_frame=2094 camera=256,-143,4584,0,0,0 player=256,-140,4702,0,0,254,30 wingmate=256,-140,14046,0,0,254,30
retail_frame=2098 camera=256,-144,4612,0,0,0 player=256,-140,4730,0,0,255,30 wingmate=256,-140,14046,0,0,255,30
retail_frame=2102 camera=256,-144,4612,0,0,0 player=256,-140,4730,0,0,255,30 wingmate=256,-140,14074,0,0,255,30
retail_frame=2106 camera=256,-144,4640,0,0,0 player=256,-140,4758,0,0,0,30 wingmate=256,-140,14102,0,0,0,30
retail_frame=2110 camera=256,-144,4640,0,0,0 player=256,-140,4786,0,0,1,30 wingmate=256,-140,4786,0,0,1,30
retail_frame=2114 camera=256,-144,4668,0,0,0 player=256,-140,4786,0,0,1,30 wingmate=256,-140,14130,0,0,1,30
retail_frame=2118 camera=256,-144,4696,0,0,0 player=256,-140,4814,0,0,2,30 wingmate=256,-140,14158,0,0,2,30
retail_frame=2122 camera=256,-144,4696,0,0,0 player=256,-140,4842,0,0,2,30 wingmate=223,-136,4814,0,0,2,30
retail_frame=2126 camera=256,-144,4724,0,0,0 player=256,-140,4842,0,0,2,30 wingmate=256,-140,14186,0,0,2,30
retail_frame=2130 camera=256,-145,4752,32,0,0 player=256,-142,4870,0,0,3,30 wingmate=256,-142,14214,0,0,3,30
retail_frame=2134 camera=256,-145,4752,32,0,0 player=256,-142,4870,0,0,3,30 wingmate=256,-142,14214,0,0,3,30
retail_frame=2138 camera=256,-149,4779,192,0,0 player=256,-148,4897,0,0,30,30 wingmate=256,-148,14241,0,0,30,30
retail_frame=2142 camera=256,-149,4806,96,0,0 player=256,-148,4924,0,0,28,30 wingmate=256,-148,14268,0,0,28,30
retail_frame=2146 camera=256,-149,4806,96,0,0 player=256,-148,4924,0,0,28,30 wingmate=256,-148,14268,0,0,28,30
retail_frame=2150 camera=256,-148,4834,128,0,0 player=256,-148,4952,0,0,25,30 wingmate=256,-148,14296,0,0,25,30
retail_frame=2154 camera=256,-148,4862,160,0,0 player=256,-148,4980,0,0,23,30 wingmate=256,-148,14324,0,0,23,30
retail_frame=2158 camera=256,-148,4862,160,0,0 player=256,-148,5008,0,0,21,30 wingmate=230,-127,4980,0,0,21,30
retail_frame=2162 camera=256,-147,4890,64,0,0 player=256,-148,5008,0,0,21,30 wingmate=256,-148,14352,0,0,21,30
retail_frame=2166 camera=256,-146,4918,224,0,0 player=256,-148,5036,0,0,18,30 wingmate=256,-148,14380,0,0,18,30
retail_frame=2170 camera=256,-146,4946,0,0,0 player=256,-148,5064,0,0,17,30 wingmate=256,-148,14408,0,0,17,30
retail_frame=2174 camera=256,-146,4946,0,0,0 player=256,-148,5064,0,0,17,30 wingmate=256,-148,14408,0,0,17,30
retail_frame=2178 camera=256,-145,4974,0,0,0 player=256,-148,5092,0,0,15,30 wingmate=256,-148,14436,0,0,15,30
retail_frame=2182 camera=256,-145,5002,0,0,0 player=256,-148,5120,0,0,14,30 wingmate=256,-148,14464,0,0,14,30
retail_frame=2186 camera=256,-145,5002,0,0,0 player=256,-148,5148,0,0,12,30 wingmate=226,-134,5120,0,0,12,30
retail_frame=2190 camera=256,-145,5030,0,0,0 player=256,-148,5148,0,0,12,30 wingmate=256,-148,14492,0,0,12,30
retail_frame=2194 camera=256,-144,5058,0,0,0 player=256,-148,5176,0,0,10,30 wingmate=256,-148,14520,0,0,10,30
retail_frame=2198 camera=256,-144,5086,0,0,0 player=256,-148,5204,0,0,8,30 wingmate=256,-144,5086,0,0,8,30
retail_frame=2202 camera=256,-144,5086,0,0,0 player=256,-148,5204,0,0,8,30 wingmate=256,-148,14548,0,0,8,30
retail_frame=2206 camera=256,-144,5114,0,0,0 player=256,-148,5232,0,0,6,30 wingmate=256,-148,14576,0,0,6,30
retail_frame=2210 camera=256,-144,5142,0,0,0 player=256,-148,5260,0,0,5,30 wingmate=256,-148,14604,0,0,5,30
retail_frame=2214 camera=256,-144,5142,0,0,0 player=256,-148,5260,0,0,5,30 wingmate=256,-148,14604,0,0,5,30
retail_frame=2218 camera=256,-144,5170,0,0,0 player=256,-148,5288,0,0,3,30 wingmate=256,-148,14632,0,0,3,30
retail_frame=2222 camera=256,-145,5198,0,0,0 player=256,-148,5316,0,0,2,30 wingmate=256,-148,14660,0,0,2,30
retail_frame=2226 camera=256,-145,5198,0,0,0 player=256,-148,5316,0,0,2,30 wingmate=256,-148,14660,0,0,2,30
retail_frame=2230 camera=256,-145,5226,0,0,0 player=256,-148,5344,0,0,0,30 wingmate=256,-148,14688,0,0,0,30
retail_frame=2234 camera=256,-145,5254,0,0,0 player=256,-148,5372,0,0,255,30 wingmate=256,-148,14716,0,0,255,30
retail_frame=2238 camera=256,-145,5254,0,0,0 player=256,-148,5400,0,0,254,30 wingmate=256,-148,5400,0,0,254,30
retail_frame=2242 camera=256,-146,5282,0,0,0 player=256,-148,5400,0,0,254,30 wingmate=256,-148,14744,0,0,254,30
retail_frame=2246 camera=256,-146,5310,0,0,0 player=256,-148,5428,0,0,253,30 wingmate=256,-148,14772,0,0,253,30
retail_frame=2250 camera=256,-147,5338,0,0,0 player=256,-148,5456,0,0,253,30 wingmate=256,-148,14800,0,0,253,30
retail_frame=2254 camera=256,-147,5338,0,0,0 player=256,-148,5456,0,0,253,30 wingmate=223,-147,5456,0,0,253,30
retail_frame=2258 camera=256,-148,5366,0,0,0 player=256,-148,5484,0,0,253,30 wingmate=256,-148,14828,0,0,253,30
retail_frame=2262 camera=256,-148,5394,0,0,0 player=256,-148,5512,0,0,254,30 wingmate=256,-148,14856,0,0,254,30
retail_frame=2266 camera=256,-148,5394,0,0,0 player=256,-148,5540,0,0,254,30 wingmate=256,-149,5422,0,0,254,30
retail_frame=2270 camera=256,-149,5422,0,0,0 player=256,-148,5540,0,0,254,30 wingmate=256,-148,14884,0,0,254,30
retail_frame=2274 camera=256,-149,5429,32,0,0 player=256,-148,5547,0,0,255,30 wingmate=256,-148,14891,0,0,255,30
retail_frame=2278 camera=256,-149,5429,192,0,0 player=256,-148,5547,0,0,229,30 wingmate=256,-149,5429,0,0,229,30
retail_frame=2282 camera=256,-149,5429,192,0,0 player=256,-148,5547,0,0,229,30 wingmate=256,-148,14891,0,0,229,30
retail_frame=2286 camera=256,-150,5429,96,0,0 player=256,-148,5547,0,0,233,30 wingmate=256,-148,14891,0,0,233,30
retail_frame=2290 camera=256,-150,5429,96,0,0 player=256,-148,5547,0,0,237,30 wingmate=226,-161,5547,0,0,237,30
retail_frame=2294 camera=256,-150,5429,128,0,0 player=256,-148,5547,0,0,237,30 wingmate=256,-148,14891,0,0,237,30
retail_frame=2298 camera=256,-150,5429,160,0,0 player=256,-148,5547,0,0,239,30 wingmate=256,-148,14891,0,0,239,30
retail_frame=2302 camera=256,-150,5429,160,0,0 player=256,-148,5547,0,0,242,30 wingmate=225,-156,5547,0,0,242,30
retail_frame=2306 camera=256,-150,5429,64,0,0 player=256,-148,5547,0,0,242,30 wingmate=256,-148,14891,0,0,242,30
retail_frame=2310 camera=256,-150,5429,224,0,0 player=256,-148,5547,0,0,244,30 wingmate=256,-148,14891,0,0,244,30
retail_frame=2314 camera=256,-150,5429,224,0,0 player=256,-148,5575,0,0,246,30 wingmate=223,-152,5547,0,0,246,30
retail_frame=2318 camera=256,-149,5429,0,0,0 player=256,-148,5547,0,0,246,30 wingmate=256,-148,14891,0,0,246,30
retail_frame=2322 camera=256,-149,5429,0,0,0 player=256,-148,5547,0,0,247,30 wingmate=256,-148,14891,0,0,247,30
retail_frame=2326 camera=256,-149,5429,0,0,0 player=256,-148,5575,0,0,248,30 wingmate=223,-150,5547,0,0,248,30
retail_frame=2330 camera=256,-149,5429,0,0,0 player=256,-148,5547,0,0,248,30 wingmate=256,-148,14891,0,0,248,30
retail_frame=2334 camera=256,-148,5429,32,0,0 player=256,-148,5547,0,0,249,30 wingmate=256,-148,14891,0,0,249,30
retail_frame=2338 camera=256,-148,5429,32,0,0 player=256,-148,5575,0,0,232,30 wingmate=223,-148,5547,0,0,232,30
retail_frame=2342 camera=256,-148,5429,192,0,0 player=256,-148,5547,0,0,232,30 wingmate=256,-148,14891,0,0,232,30
retail_frame=2346 camera=256,-147,5429,96,0,0 player=256,-148,5547,0,0,235,30 wingmate=256,-148,14891,0,0,235,30
retail_frame=2350 camera=256,-147,5429,96,0,0 player=256,-148,5575,0,0,237,30 wingmate=225,-159,5547,0,0,237,30
retail_frame=2354 camera=256,-146,5429,128,0,0 player=256,-148,5547,0,0,237,30 wingmate=256,-148,14891,0,0,237,30
retail_frame=2358 camera=256,-146,5429,160,0,0 player=256,-148,5547,0,0,239,30 wingmate=256,-148,14891,0,0,239,30
retail_frame=2362 camera=256,-146,5429,160,0,0 player=256,-148,5575,0,0,240,30 wingmate=225,-156,5547,0,0,240,30
retail_frame=2366 camera=256,-145,5429,64,0,0 player=256,-148,5547,0,0,240,30 wingmate=256,-148,14891,0,0,240,30
retail_frame=2370 camera=256,-145,5429,224,0,0 player=256,-148,5547,0,0,241,30 wingmate=256,-148,14891,0,0,241,30
retail_frame=2374 camera=256,-145,5429,224,0,0 player=256,-148,5547,0,0,241,30 wingmate=224,-155,5547,0,0,241,30
retail_frame=2378 camera=256,-145,5429,0,0,0 player=256,-148,5547,0,0,241,30 wingmate=256,-148,14891,0,0,241,30
retail_frame=2382 camera=256,-144,5429,0,0,0 player=256,-148,5547,0,0,241,30 wingmate=256,-148,14891,0,0,241,30
retail_frame=2386 camera=256,-144,5429,0,0,0 player=256,-148,5575,0,0,242,30 wingmate=224,-155,5547,0,0,242,30
retail_frame=2390 camera=256,-144,5429,0,0,0 player=256,-148,5547,0,0,242,30 wingmate=256,-148,14891,0,0,242,30
retail_frame=2394 camera=256,-144,5429,32,0,0 player=256,-148,5547,0,0,242,30 wingmate=256,-148,14891,0,0,242,30
retail_frame=2398 camera=256,-144,5429,32,0,0 player=256,-148,5575,0,0,226,30 wingmate=224,-154,5547,0,0,226,30
retail_frame=2402 camera=256,-144,5429,192,0,0 player=256,-148,5547,0,0,226,30 wingmate=256,-148,14891,0,0,226,30
retail_frame=2406 camera=256,-144,5429,96,0,0 player=256,-148,5547,0,0,228,30 wingmate=256,-148,14891,0,0,228,30
retail_frame=2410 camera=256,-144,5429,96,0,0 player=256,-148,5547,0,0,231,30 wingmate=228,-165,5547,0,0,231,30
retail_frame=2414 camera=256,-145,5429,128,0,0 player=256,-148,5547,0,0,231,30 wingmate=256,-148,14891,0,0,231,30
retail_frame=2418 camera=256,-145,5429,160,0,0 player=256,-148,5547,0,0,233,30 wingmate=256,-148,14891,0,0,233,30
retail_frame=2422 camera=256,-145,5429,160,0,0 player=256,-148,5547,0,0,235,30 wingmate=226,-161,5547,0,0,235,30
retail_frame=2426 camera=256,-145,5429,64,0,0 player=256,-148,5547,0,0,235,30 wingmate=256,-148,14891,0,0,235,30
retail_frame=2430 camera=256,-146,5429,224,0,0 player=256,-148,5547,0,0,238,30 wingmate=256,-148,14891,0,0,238,30
retail_frame=2434 camera=256,-146,5429,224,0,0 player=256,-148,5547,0,0,239,30 wingmate=224,-157,5547,0,0,239,30
retail_frame=2438 camera=256,-146,5429,0,0,0 player=256,-148,5547,0,0,239,30 wingmate=256,-148,14891,0,0,239,30
retail_frame=2442 camera=256,-147,5429,0,0,0 player=256,-148,5547,0,0,241,30 wingmate=256,-148,14891,0,0,241,30
retail_frame=2446 camera=256,-147,5429,0,0,0 player=256,-148,5547,0,0,242,30 wingmate=224,-155,5547,0,0,242,30
retail_frame=2450 camera=256,-148,5429,0,0,0 player=256,-148,5547,0,0,242,30 wingmate=256,-148,14891,0,0,242,30
retail_frame=2454 camera=256,-148,5429,32,0,0 player=256,-148,5547,0,0,244,30 wingmate=256,-148,14891,0,0,244,30
retail_frame=2458 camera=256,-148,5429,32,0,0 player=256,-148,5547,0,0,229,30 wingmate=223,-152,5547,0,0,229,30
retail_frame=2462 camera=256,-149,5429,192,0,0 player=256,-148,5547,0,0,229,30 wingmate=256,-148,14891,0,0,229,30
retail_frame=2466 camera=256,-149,5429,96,0,0 player=256,-148,5547,0,0,233,30 wingmate=256,-148,14891,0,0,233,30
retail_frame=2470 camera=256,-149,5429,96,0,0 player=256,-148,5575,0,0,237,30 wingmate=226,-161,5547,0,0,237,30
retail_frame=2474 camera=256,-149,5429,128,0,0 player=256,-148,5547,0,0,237,30 wingmate=256,-148,14891,0,0,237,30
retail_frame=2478 camera=256,-150,5429,160,0,0 player=256,-148,5547,0,0,239,30 wingmate=256,-148,14891,0,0,239,30
retail_frame=2482 camera=256,-150,5429,160,0,0 player=256,-148,5547,0,0,242,30 wingmate=225,-156,5547,0,0,242,30
retail_frame=2486 camera=256,-150,5429,64,0,0 player=256,-148,5547,0,0,242,30 wingmate=256,-148,14891,0,0,242,30
retail_frame=2490 camera=256,-150,5429,224,0,0 player=256,-148,5547,0,0,244,30 wingmate=256,-148,14891,0,0,244,30
retail_frame=2494 camera=256,-150,5429,224,0,0 player=256,-148,5547,0,0,246,30 wingmate=223,-152,5547,0,0,246,30
retail_frame=2498 camera=256,-150,5429,0,0,0 player=256,-148,5547,0,0,246,30 wingmate=256,-148,14891,0,0,246,30
retail_frame=2502 camera=256,-150,5429,0,0,0 player=256,-148,5547,0,0,247,30 wingmate=256,-148,14891,0,0,247,30
retail_frame=2506 camera=256,-150,5429,0,0,0 player=256,-148,5547,0,0,248,30 wingmate=223,-150,5547,0,0,248,30
retail_frame=2510 camera=256,-149,5429,0,0,0 player=256,-148,5547,0,0,248,30 wingmate=256,-148,14891,0,0,248,30
retail_frame=2514 camera=256,-149,5429,32,0,0 player=256,-148,5547,0,0,249,30 wingmate=256,-148,14891,0,0,249,30
retail_frame=2518 camera=256,-149,5429,32,0,0 player=256,-148,5547,0,0,232,30 wingmate=223,-148,5547,0,0,232,30
retail_frame=2522 camera=261,-149,5427,192,0,0 player=261,-148,5545,0,0,232,30 wingmate=261,-148,14889,0,0,232,30
retail_frame=2526 camera=271,-148,5428,96,0,0 player=271,-148,5546,0,0,235,30 wingmate=271,-148,14890,0,0,235,30
retail_frame=2530 camera=271,-148,5428,96,0,0 player=271,-148,5546,0,0,235,30 wingmate=271,-148,14890,0,0,235,30
retail_frame=2534 camera=285,-148,5433,128,0,0 player=285,-148,5551,0,0,237,30 wingmate=285,-148,14895,0,0,237,30
retail_frame=2538 camera=303,-147,5441,160,0,0 player=303,-148,5559,0,0,239,30 wingmate=303,-148,14903,0,0,239,30
retail_frame=2542 camera=303,-147,5441,160,0,0 player=303,-148,5559,0,0,239,30 wingmate=303,-148,14903,0,0,239,30
retail_frame=2546 camera=319,-146,5457,64,0,0 player=319,-148,5575,0,0,240,30 wingmate=319,-148,14919,0,0,240,30
retail_frame=2550 camera=319,-146,5457,64,0,0 player=333,-148,5597,0,0,241,30 wingmate=319,-148,5603,0,0,241,30
retail_frame=2554 camera=333,-146,5479,224,0,0 player=333,-148,5597,0,0,241,30 wingmate=333,-148,14941,0,0,241,30
retail_frame=2558 camera=340,-145,5505,0,0,0 player=340,-148,5623,0,0,241,30 wingmate=340,-148,14967,0,0,241,30
retail_frame=2562 camera=340,-145,5533,0,0,0 player=340,-148,5651,0,0,241,30 wingmate=340,-145,5533,0,0,241,30
retail_frame=2566 camera=340,-145,5533,0,0,0 player=340,-148,5651,0,0,241,30 wingmate=340,-148,14995,0,0,241,30
retail_frame=2570 camera=340,-145,5561,0,0,0 player=340,-148,5679,0,0,242,30 wingmate=340,-148,15023,0,0,242,30
retail_frame=2574 camera=340,-144,5589,0,0,0 player=340,-148,5707,0,0,242,30 wingmate=340,-148,15051,0,0,242,30
retail_frame=2578 camera=340,-144,5589,0,0,0 player=340,-148,5735,0,0,243,30 wingmate=308,-154,5707,0,0,243,30
retail_frame=2582 camera=340,-144,5617,0,0,0 player=340,-148,5735,0,0,243,30 wingmate=340,-148,15079,0,0,243,30
retail_frame=2586 camera=340,-144,5645,0,0,0 player=340,-148,5763,0,0,243,30 wingmate=340,-148,15107,0,0,243,30
retail_frame=2590 camera=340,-144,5673,0,0,0 player=340,-148,5791,0,0,244,30 wingmate=340,-148,15135,0,0,244,30
retail_frame=2594 camera=340,-144,5673,0,0,0 player=340,-148,5819,0,0,245,30 wingmate=307,-152,5791,0,0,245,30
retail_frame=2598 camera=340,-144,5701,0,0,0 player=340,-148,5819,0,0,245,30 wingmate=340,-148,15163,0,0,245,30
retail_frame=2602 camera=340,-145,5729,0,0,0 player=340,-148,5847,0,0,246,30 wingmate=340,-148,15191,0,0,246,30
retail_frame=2606 camera=340,-145,5729,0,0,0 player=340,-148,5847,0,0,246,30 wingmate=307,-151,5847,0,0,246,30
retail_frame=2610 camera=340,-145,5757,0,0,0 player=340,-148,5875,0,0,248,30 wingmate=340,-148,15219,0,0,248,30
retail_frame=2614 camera=340,-145,5785,0,0,0 player=340,-148,5903,0,0,249,30 wingmate=340,-148,15247,0,0,249,30
retail_frame=2618 camera=340,-145,5785,0,0,0 player=340,-148,5903,0,0,249,30 wingmate=340,-148,15247,0,0,249,30
retail_frame=2622 camera=340,-146,5813,0,0,0 player=340,-148,5931,0,0,251,30 wingmate=340,-148,15275,0,0,251,30
retail_frame=2626 camera=340,-146,5813,0,0,0 player=340,-148,5931,0,0,252,30 wingmate=307,-148,5931,0,0,252,30
retail_frame=2630 camera=340,-146,5841,0,0,0 player=340,-148,5959,0,0,252,30 wingmate=340,-148,15303,0,0,252,30
retail_frame=2634 camera=340,-147,5869,0,0,0 player=340,-148,5987,0,0,254,30 wingmate=340,-148,15331,0,0,254,30
retail_frame=2638 camera=340,-147,5869,0,0,0 player=340,-148,5987,0,0,254,30 wingmate=340,-148,15331,0,0,254,30
retail_frame=2642 camera=340,-148,5897,0,0,0 player=340,-148,6015,0,0,0,30 wingmate=340,-148,15359,0,0,0,30
retail_frame=2646 camera=340,-148,5897,0,0,0 player=340,-148,6015,0,0,0,30 wingmate=340,-148,15359,0,0,0,30
retail_frame=2650 camera=340,-148,5925,0,0,0 player=340,-148,6043,0,0,1,30 wingmate=340,-148,15387,0,0,1,30
retail_frame=2654 camera=340,-148,5925,0,0,0 player=340,-148,6071,0,0,2,30 wingmate=307,-145,6043,0,0,2,30
retail_frame=2658 camera=340,-149,5953,0,0,0 player=340,-148,6071,0,0,2,30 wingmate=340,-148,15415,0,0,2,30
retail_frame=2662 camera=340,-149,5981,0,0,0 player=340,-148,6099,0,0,2,30 wingmate=340,-148,15443,0,0,2,30
retail_frame=2666 camera=340,-149,5981,0,0,0 player=340,-148,6099,0,0,2,30 wingmate=340,-148,15443,0,0,2,30
retail_frame=2670 camera=340,-149,6009,0,0,0 player=340,-148,6127,0,0,3,30 wingmate=340,-148,15471,0,0,3,30
retail_frame=2674 camera=340,-149,6009,0,0,0 player=340,-148,6155,0,0,3,30 wingmate=340,-148,6155,0,0,3,30
retail_frame=2678 camera=340,-150,6037,0,0,0 player=340,-148,6155,0,0,3,30 wingmate=340,-148,15499,0,0,3,30
retail_frame=2682 camera=340,-150,6065,0,0,0 player=340,-148,6183,0,0,4,30 wingmate=340,-148,15527,0,0,4,30
retail_frame=2686 camera=340,-150,6065,0,0,0 player=340,-148,6183,0,0,4,30 wingmate=340,-148,15527,0,0,4,30
retail_frame=2690 camera=340,-150,6093,0,0,0 player=340,-148,6211,0,0,4,30 wingmate=340,-148,15555,0,0,4,30
retail_frame=2694 camera=340,-150,6093,0,0,0 player=340,-148,6211,0,0,4,30 wingmate=340,-148,15555,0,0,4,30
retail_frame=2698 camera=340,-150,6121,0,0,0 player=340,-148,6239,0,0,4,30 wingmate=340,-148,15583,0,0,4,30
retail_frame=2702 camera=340,-150,6149,0,0,0 player=340,-148,6267,0,0,4,30 wingmate=340,-150,6149,0,0,4,30
retail_frame=2706 camera=340,-150,6149,0,0,0 player=340,-148,6267,0,0,4,30 wingmate=340,-148,15611,0,0,4,30
retail_frame=2710 camera=340,-149,6177,0,0,0 player=340,-148,6295,0,0,3,30 wingmate=340,-148,15639,0,0,3,30
retail_frame=2714 camera=340,-149,6177,0,0,0 player=340,-148,6323,0,0,3,30 wingmate=340,-148,6323,0,0,3,30
retail_frame=2718 camera=340,-149,6205,0,0,0 player=340,-148,6323,0,0,3,30 wingmate=340,-148,15667,0,0,3,30
retail_frame=2722 camera=340,-149,6233,0,0,0 player=340,-148,6351,0,0,2,30 wingmate=340,-148,15695,0,0,2,30
retail_frame=2726 camera=340,-148,6261,0,0,0 player=340,-148,6379,0,0,2,30 wingmate=340,-148,15723,0,0,2,30
retail_frame=2730 camera=340,-148,6261,0,0,0 player=340,-148,6379,0,0,2,30 wingmate=340,-148,15723,0,0,2,30
retail_frame=2734 camera=340,-148,6289,0,0,0 player=340,-148,6407,0,0,1,30 wingmate=340,-148,15751,0,0,1,30
retail_frame=2738 camera=340,-147,6317,0,0,0 player=340,-148,6435,0,0,0,30 wingmate=340,-148,15779,0,0,0,30
retail_frame=2742 camera=340,-147,6317,0,0,0 player=340,-148,6463,0,0,255,30 wingmate=340,-148,6463,0,0,255,30
retail_frame=2746 camera=340,-146,6345,0,0,0 player=340,-148,6463,0,0,255,30 wingmate=340,-148,15807,0,0,255,30
retail_frame=2750 camera=340,-146,6373,0,0,0 player=340,-148,6491,0,0,254,30 wingmate=340,-148,15835,0,0,254,30
retail_frame=2754 camera=340,-145,6401,0,0,0 player=340,-148,6519,0,0,254,30 wingmate=340,-148,15863,0,0,254,30
retail_frame=2758 camera=340,-145,6429,0,0,0 player=340,-148,6547,0,0,253,30 wingmate=340,-148,15891,0,0,253,30
retail_frame=2762 camera=340,-145,6429,0,0,0 player=340,-148,6575,0,0,253,30 wingmate=307,-147,6547,0,0,253,30
retail_frame=2766 camera=340,-145,6457,0,0,0 player=340,-148,6575,0,0,253,30 wingmate=340,-148,15919,0,0,253,30
retail_frame=2770 camera=340,-144,6485,0,0,0 player=340,-148,6603,0,0,252,30 wingmate=340,-148,15947,0,0,252,30
retail_frame=2774 camera=340,-144,6513,0,0,0 player=340,-148,6631,0,0,252,30 wingmate=340,-148,15975,0,0,252,30
retail_frame=2778 camera=340,-144,6513,0,0,0 player=340,-148,6659,0,0,252,30 wingmate=340,-148,6659,0,0,252,30
retail_frame=2782 camera=340,-144,6541,0,0,0 player=340,-148,6687,0,0,252,30 wingmate=307,-148,6659,0,0,252,30
retail_frame=2786 camera=340,-144,6569,0,0,0 player=340,-148,6687,0,0,252,30 wingmate=340,-148,16031,0,0,252,30
retail_frame=2790 camera=340,-144,6597,0,0,0 player=340,-148,6715,0,0,253,30 wingmate=340,-148,16059,0,0,253,30
retail_frame=2794 camera=340,-145,6625,0,0,0 player=340,-148,6743,0,0,253,30 wingmate=340,-148,16087,0,0,253,30
retail_frame=2798 camera=340,-145,6625,0,0,0 player=340,-148,6771,0,0,254,30 wingmate=340,-148,6771,0,0,254,30
retail_frame=2802 camera=340,-145,6653,0,0,0 player=340,-148,6771,0,0,254,30 wingmate=340,-148,16115,0,0,254,30
retail_frame=2806 camera=340,-145,6681,0,0,0 player=340,-148,6799,0,0,254,30 wingmate=340,-148,16143,0,0,254,30
retail_frame=2810 camera=340,-146,6709,0,0,0 player=340,-148,6827,0,0,255,30 wingmate=340,-148,16171,0,0,255,30
retail_frame=2814 camera=340,-146,6709,0,0,0 player=340,-148,6855,0,0,0,30 wingmate=307,-145,6827,0,0,0,30
retail_frame=2818 camera=340,-146,6737,0,0,0 player=340,-148,6855,0,0,0,30 wingmate=340,-148,16199,0,0,0,30
retail_frame=2822 camera=340,-147,6765,0,0,0 player=340,-148,6883,0,0,1,30 wingmate=340,-148,16227,0,0,1,30
retail_frame=2826 camera=340,-148,6793,0,0,0 player=340,-148,6911,0,0,2,30 wingmate=340,-148,16255,0,0,2,30
retail_frame=2830 camera=340,-148,6821,0,0,0 player=340,-148,6939,0,0,2,30 wingmate=340,-148,16283,0,0,2,30
retail_frame=2834 camera=340,-149,6849,0,0,0 player=340,-148,6967,0,0,3,30 wingmate=340,-149,6849,0,0,3,30
retail_frame=2838 camera=340,-149,6849,0,0,0 player=340,-148,6995,0,0,3,30 wingmate=307,-143,6967,0,0,3,30
retail_frame=2842 camera=340,-149,6877,0,0,0 player=340,-148,6995,0,0,3,30 wingmate=340,-148,16339,0,0,3,30
retail_frame=2846 camera=340,-149,6905,0,0,0 player=340,-148,7023,0,0,4,30 wingmate=340,-148,16367,0,0,4,30
retail_frame=2850 camera=340,-150,6933,0,0,0 player=340,-148,7051,0,0,4,30 wingmate=340,-148,16395,0,0,4,30
retail_frame=2854 camera=340,-150,6933,0,0,0 player=340,-148,7079,0,0,4,30 wingmate=340,-150,6961,0,0,4,30
retail_frame=2858 camera=340,-150,6961,0,0,0 player=340,-148,7079,0,0,4,30 wingmate=340,-148,16423,0,0,4,30
retail_frame=2862 camera=340,-150,6989,0,0,0 player=340,-148,7107,0,0,4,30 wingmate=340,-148,16451,0,0,4,30
retail_frame=2866 camera=340,-150,7017,0,0,0 player=340,-148,7135,0,0,3,30 wingmate=340,-148,16479,0,0,3,30
retail_frame=2870 camera=340,-150,7017,0,0,0 player=340,-148,7163,0,0,3,30 wingmate=340,-150,7045,0,0,3,30
retail_frame=2874 camera=340,-150,7045,0,0,0 player=340,-148,7163,0,0,3,30 wingmate=340,-148,16507,0,0,3,30
retail_frame=2878 camera=340,-149,7073,0,0,0 player=340,-148,7191,0,0,2,30 wingmate=340,-148,16535,0,0,2,30
retail_frame=2882 camera=340,-149,7101,0,0,0 player=340,-148,7219,0,0,2,30 wingmate=340,-148,16563,0,0,2,30
retail_frame=2886 camera=340,-149,7101,0,0,0 player=340,-148,7219,0,0,1,30 wingmate=307,-144,7219,0,0,1,30
retail_frame=2890 camera=340,-149,7129,0,0,0 player=340,-148,7247,0,0,1,30 wingmate=340,-148,16591,0,0,1,30
retail_frame=2894 camera=340,-148,7157,0,0,0 player=340,-148,7275,0,0,0,30 wingmate=340,-148,16619,0,0,0,30
retail_frame=2898 camera=340,-148,7185,0,0,0 player=340,-148,7303,0,0,255,30 wingmate=340,-148,16647,0,0,255,30
retail_frame=2902 camera=340,-148,7185,0,0,0 player=340,-148,7331,0,0,254,30 wingmate=340,-148,7331,0,0,254,30
retail_frame=2906 camera=340,-147,7213,0,0,0 player=340,-148,7331,0,0,254,30 wingmate=340,-148,16675,0,0,254,30
retail_frame=2910 camera=340,-146,7241,0,0,0 player=340,-148,7359,0,0,254,30 wingmate=340,-148,16703,0,0,254,30
retail_frame=2914 camera=340,-146,7269,0,0,0 player=340,-148,7387,0,0,253,30 wingmate=340,-148,16731,0,0,253,30
retail_frame=2918 camera=340,-146,7269,0,0,0 player=340,-148,7415,0,0,253,30 wingmate=340,-148,7415,0,0,253,30
retail_frame=2922 camera=340,-145,7297,0,0,0 player=340,-148,7415,0,0,253,30 wingmate=340,-148,16759,0,0,253,30
retail_frame=2926 camera=340,-145,7325,0,0,0 player=340,-148,7443,0,0,252,30 wingmate=340,-148,16787,0,0,252,30
retail_frame=2930 camera=340,-145,7353,0,0,0 player=340,-148,7471,0,0,252,30 wingmate=340,-148,16815,0,0,252,30
retail_frame=2934 camera=340,-145,7353,0,0,0 player=340,-148,7471,0,0,252,30 wingmate=307,-148,7471,0,0,252,0
retail_frame=2938 camera=340,-144,7381,0,0,0 player=340,-148,7499,0,0,252,30 wingmate=340,-148,16843,0,0,252,30
retail_frame=2942 camera=340,-144,7409,0,0,0 player=340,-148,7527,0,0,252,30 wingmate=340,-148,16871,0,0,252,30
retail_frame=2946 camera=340,-144,7437,0,0,0 player=340,-148,7555,0,0,253,30 wingmate=340,-144,7437,0,0,253,30
retail_frame=2950 camera=340,-144,7437,0,0,0 player=340,-148,7555,0,0,253,30 wingmate=340,-148,16899,0,0,253,30
retail_frame=2954 camera=340,-144,7465,0,0,0 player=340,-148,7583,0,0,253,30 wingmate=340,-148,16927,0,0,253,30
retail_frame=2958 camera=340,-144,7493,0,0,0 player=340,-148,7611,0,0,254,30 wingmate=340,-148,16955,0,0,254,30
retail_frame=2962 camera=340,-144,7493,0,0,0 player=340,-148,7639,0,0,254,30 wingmate=340,-148,7639,0,0,254,30
retail_frame=2966 camera=340,-145,7521,0,0,0 player=340,-148,7639,0,0,254,30 wingmate=340,-148,16983,0,0,254,30
retail_frame=2970 camera=340,-145,7549,0,0,0 player=340,-148,7667,0,0,255,30 wingmate=340,-148,17011,0,0,255,30
retail_frame=2974 camera=340,-145,7561,0,0,0 player=340,-148,7679,0,0,0,30 wingmate=340,-148,17023,0,0,0,30
retail_frame=2978 camera=340,-145,7561,0,0,0 player=340,-148,7679,0,244,243,30 wingmate=347,-148,7706,0,244,243,30
retail_frame=2982 camera=336,-146,7625,32,0,0 player=340,-148,7679,0,244,243,30 wingmate=2900,-148,16511,0,244,243,30
retail_frame=2986 camera=335,-146,7620,192,32,0 player=347,-148,7679,0,234,237,30 wingmate=5083,-148,15615,0,234,237,30
retail_frame=2990 camera=342,-147,7618,96,124,0 player=361,-148,7679,0,225,232,30 wingmate=6761,-148,14335,0,225,232,30
retail_frame=2994 camera=342,-147,7618,96,124,0 player=361,-148,7679,0,225,232,30 wingmate=340,-162,7699,0,225,232,30
retail_frame=2998 camera=352,-148,7617,128,44,0 player=380,-148,7679,0,219,233,30 wingmate=7676,-148,13439,0,219,233,30
retail_frame=3002 camera=365,-148,7619,160,70,0 player=402,-148,7679,0,213,233,30 wingmate=8466,-148,12159,0,213,233,30
retail_frame=3006 camera=381,-149,7622,64,221,0 player=426,-148,7679,0,209,236,30 wingmate=381,-149,7622,0,209,236,30
retail_frame=3010 camera=381,-149,7622,64,221,0 player=426,-148,7679,0,209,236,30 wingmate=9002,-148,11391,0,209,236,30
retail_frame=3014 camera=399,-149,7624,224,1,0 player=452,-148,7679,0,206,239,30 wingmate=9156,-148,10751,0,206,239,30
retail_frame=3018 camera=420,-149,7629,0,192,0 player=478,-148,7679,0,202,239,30 wingmate=9566,-148,9855,0,202,239,30
retail_frame=3022 camera=420,-149,7629,0,192,0 player=478,-148,7679,0,202,239,30 wingmate=9566,-148,9855,0,202,239,30
retail_frame=3026 camera=441,-150,7631,0,40,0 player=505,-148,7679,0,200,242,30 wingmate=9593,-148,9343,0,200,242,30
retail_frame=3030 camera=464,-150,7636,0,67,0 player=533,-148,7679,0,197,242,30 wingmate=9749,-148,8703,0,197,242,30
retail_frame=3034 camera=464,-150,7636,0,67,0 player=533,-148,7679,0,195,245,30 wingmate=530,-154,7711,0,195,245,30
retail_frame=3038 camera=488,-150,7639,0,26,0 player=561,-148,7679,0,195,245,30 wingmate=9777,-148,8319,0,195,245,30
retail_frame=3042 camera=512,-150,7644,0,182,0 player=589,-148,7679,0,194,244,30 wingmate=9805,-148,8063,0,194,244,30
retail_frame=3046 camera=538,-150,7646,0,182,0 player=617,-148,7679,0,193,246,30 wingmate=9833,-148,7807,0,193,246,30
retail_frame=3050 camera=564,-149,7646,0,182,0 player=645,-148,7679,0,193,246,30 wingmate=564,-149,7646,0,193,246,30
retail_frame=3054 camera=564,-149,7646,0,182,0 player=645,-148,7679,0,193,246,30 wingmate=645,-151,7712,0,193,246,30
retail_frame=3058 camera=590,-149,7646,0,182,0 player=673,-148,7679,0,193,246,30 wingmate=9889,-148,7807,0,193,246,30
retail_frame=3062 camera=617,-149,7646,0,182,0 player=701,-148,7679,0,193,246,30 wingmate=9917,-148,7807,0,193,246,30
retail_frame=3066 camera=644,-148,7646,0,182,0 player=729,-148,7679,0,193,246,30 wingmate=9945,-148,7807,0,193,246,30
retail_frame=3070 camera=671,-148,7646,0,182,0 player=757,-148,7679,0,193,247,30 wingmate=9973,-148,7807,0,193,247,30
retail_frame=3074 camera=671,-148,7646,0,182,0 player=757,-148,7679,0,193,247,30 wingmate=757,-150,7712,0,193,247,30
retail_frame=3078 camera=698,-147,7646,0,182,0 player=785,-148,7679,0,193,247,30 wingmate=10001,-148,7807,0,193,247,30
retail_frame=3082 camera=725,-146,7646,0,182,0 player=813,-148,7679,0,193,248,30 wingmate=10029,-148,7807,0,193,248,30
retail_frame=3086 camera=752,-146,7646,0,182,0 player=841,-148,7679,0,193,248,30 wingmate=10057,-148,7807,0,193,248,30
retail_frame=3090 camera=779,-145,7646,0,182,0 player=869,-148,7679,0,193,249,30 wingmate=779,-145,7646,0,193,249,30
retail_frame=3094 camera=779,-145,7646,0,182,0 player=869,-148,7679,0,193,249,30 wingmate=10085,-148,7807,0,193,249,30
retail_frame=3098 camera=806,-145,7646,0,182,0 player=897,-148,7679,0,193,250,30 wingmate=10113,-148,7807,0,193,250,30
retail_frame=3102 camera=833,-145,7646,0,182,0 player=925,-148,7679,0,193,251,30 wingmate=10141,-148,7807,0,193,251,30
retail_frame=3106 camera=860,-144,7646,0,182,0 player=953,-148,7679,0,193,253,30 wingmate=10169,-148,7807,0,193,253,30
retail_frame=3110 camera=860,-144,7646,0,182,0 player=981,-148,7679,0,193,253,30 wingmate=981,-148,7679,0,193,253,30
retail_frame=3114 camera=887,-144,7646,0,182,0 player=981,-148,7679,0,193,253,30 wingmate=10197,-148,7807,0,193,253,30
retail_frame=3118 camera=914,-144,7646,0,182,0 player=1009,-148,7679,0,193,254,30 wingmate=10225,-148,7807,0,193,254,30
retail_frame=3122 camera=941,-144,7646,0,182,0 player=1037,-148,7679,0,193,254,30 wingmate=10253,-148,7807,0,193,254,30
retail_frame=3126 camera=968,-144,7646,0,182,0 player=1065,-148,7679,0,193,255,30 wingmate=10281,-148,7807,0,193,255,30
retail_frame=3130 camera=968,-144,7646,0,182,0 player=1065,-148,7679,0,193,0,30 wingmate=1065,-145,7712,0,193,0,0
retail_frame=3134 camera=995,-145,7646,0,182,0 player=1093,-148,7679,0,193,0,30 wingmate=10309,-148,7807,0,193,0,30
retail_frame=3138 camera=1022,-145,7646,0,182,0 player=1121,-148,7679,0,193,1,30 wingmate=10337,-148,7807,0,193,1,30
retail_frame=3142 camera=1049,-145,7646,0,182,0 player=1149,-148,7679,0,193,2,30 wingmate=10365,-148,7807,0,193,2,30
retail_frame=3146 camera=1076,-146,7646,0,182,0 player=1177,-148,7679,0,193,2,30 wingmate=10393,-148,7807,0,193,2,30
retail_frame=3150 camera=1103,-146,7646,0,182,0 player=1205,-148,7679,0,193,3,30 wingmate=1103,-146,7646,0,193,3,30
retail_frame=3154 camera=1103,-146,7646,0,182,0 player=1233,-148,7679,0,193,3,30 wingmate=1205,-143,7712,0,193,3,30
retail_frame=3158 camera=1130,-147,7646,0,182,0 player=1233,-148,7679,0,193,3,30 wingmate=10449,-148,7807,0,193,3,30
retail_frame=3162 camera=1157,-148,7646,0,182,0 player=1261,-148,7679,0,193,4,30 wingmate=10477,-148,7807,0,193,4,30
retail_frame=3166 camera=1184,-148,7646,0,182,0 player=1289,-148,7679,0,193,4,30 wingmate=10505,-148,7807,0,193,4,30
retail_frame=3170 camera=1184,-148,7646,0,182,0 player=1317,-148,7679,0,193,4,30 wingmate=1289,-142,7712,0,193,4,30
retail_frame=3174 camera=1211,-149,7646,0,182,0 player=1317,-148,7679,0,193,4,30 wingmate=10533,-148,7807,0,193,4,30
retail_frame=3178 camera=1238,-149,7646,0,182,0 player=1345,-148,7679,0,193,4,30 wingmate=10561,-148,7807,0,193,4,30
retail_frame=3182 camera=1265,-149,7646,0,182,0 player=1373,-148,7679,0,193,3,30 wingmate=10589,-148,7807,0,193,3,30
retail_frame=3186 camera=1265,-149,7646,0,182,0 player=1401,-148,7679,0,193,3,30 wingmate=1373,-143,7712,0,193,3,30
retail_frame=3190 camera=1292,-150,7646,0,182,0 player=1401,-148,7679,0,193,3,30 wingmate=10617,-148,7807,0,193,3,30
retail_frame=3194 camera=1319,-150,7646,0,182,0 player=1429,-148,7679,0,193,2,30 wingmate=10645,-148,7807,0,193,2,30
retail_frame=3198 camera=1319,-150,7646,0,182,0 player=1457,-148,7679,0,193,2,30 wingmate=1429,-144,7712,0,193,2,30
retail_frame=3202 camera=1346,-150,7646,0,182,0 player=1457,-148,7679,0,193,1,30 wingmate=1457,-144,7712,0,193,1,30
retail_frame=3206 camera=1373,-150,7646,0,182,0 player=1485,-148,7679,0,193,1,30 wingmate=10701,-148,7807,0,193,1,30
retail_frame=3210 camera=1401,-150,7646,0,182,0 player=1513,-148,7679,0,193,0,30 wingmate=10729,-148,7807,0,193,0,30
retail_frame=3214 camera=1401,-150,7646,0,182,0 player=1526,-148,7679,0,193,255,30 wingmate=1541,-148,7679,0,193,255,30
retail_frame=3218 camera=1414,-149,7646,0,182,0 player=1554,-148,7679,0,193,254,30 wingmate=1526,-145,7712,0,193,254,30
retail_frame=3222 camera=1477,-149,7647,32,182,0 player=1526,-148,7679,0,193,254,30 wingmate=10742,-148,7807,0,193,254,30
retail_frame=3226 camera=1474,-149,7647,192,182,0 player=1526,-148,7679,0,193,254,30 wingmate=10742,-148,7807,0,193,254,30
retail_frame=3230 camera=1474,-149,7647,192,182,0 player=1526,-148,7679,0,193,253,30 wingmate=1526,-146,7712,0,193,253,30
retail_frame=3234 camera=1471,-148,7647,96,182,0 player=1526,-148,7679,0,193,253,30 wingmate=10742,-148,7807,0,193,253,30
retail_frame=3238 camera=1468,-148,7647,128,182,0 player=1526,-148,7679,0,193,253,30 wingmate=10742,-148,7807,0,193,253,30
retail_frame=3242 camera=1468,-148,7647,128,182,0 player=1526,-148,7679,0,193,252,30 wingmate=1526,-147,7712,0,193,252,30
retail_frame=3246 camera=1465,-147,7647,160,182,0 player=1526,-148,7679,0,193,252,30 wingmate=10742,-148,7807,0,193,252,30
retail_frame=3250 camera=1462,-146,7647,64,182,0 player=1526,-148,7679,0,193,252,30 wingmate=10742,-148,7807,0,193,252,30
retail_frame=3254 camera=1462,-146,7647,64,182,0 player=1526,-148,7679,0,193,252,30 wingmate=1526,-148,7712,0,193,252,30
retail_frame=3258 camera=1459,-146,7647,224,182,0 player=1526,-148,7679,0,193,252,30 wingmate=10742,-148,7807,0,193,252,30
retail_frame=3262 camera=1457,-145,7647,0,182,0 player=1526,-148,7679,0,193,252,30 wingmate=10742,-148,7807,0,193,252,30
retail_frame=3266 camera=1457,-145,7647,0,182,0 player=1554,-148,7679,0,193,253,30 wingmate=1526,-148,7712,0,193,253,30
retail_frame=3270 camera=1455,-145,7646,0,182,0 player=1526,-148,7679,0,193,253,30 wingmate=10742,-148,7807,0,193,253,30
retail_frame=3274 camera=1453,-145,7646,0,182,0 player=1526,-148,7679,0,193,253,30 wingmate=10742,-148,7807,0,193,253,30
retail_frame=3278 camera=1453,-145,7646,0,182,0 player=1526,-148,7679,0,193,254,30 wingmate=1526,-147,7712,0,193,254,30
retail_frame=3282 camera=1451,-144,7646,0,182,0 player=1526,-148,7679,0,193,254,30 wingmate=10742,-148,7807,0,193,254,30
retail_frame=3286 camera=1449,-144,7646,0,182,0 player=1526,-148,7679,0,193,254,30 wingmate=10742,-148,7807,0,193,254,30
retail_frame=3290 camera=1447,-144,7646,0,182,0 player=1526,-148,7679,0,193,255,30 wingmate=10742,-148,7807,0,193,255,30
retail_frame=3294 camera=1447,-144,7646,0,182,0 player=1526,-148,7679,0,193,0,30 wingmate=1526,-145,7712,0,193,0,30
retail_frame=3298 camera=1445,-144,7646,0,182,0 player=1526,-148,7679,0,193,0,30 wingmate=10742,-148,7807,0,193,0,30
retail_frame=3302 camera=1443,-144,7646,0,182,0 player=1526,-148,7679,0,193,1,30 wingmate=10742,-148,7807,0,193,1,30
retail_frame=3306 camera=1443,-144,7646,0,182,0 player=1526,-148,7679,0,193,2,30 wingmate=1526,-145,7712,0,193,2,30
retail_frame=3310 camera=1442,-145,7646,0,182,0 player=1526,-148,7679,0,193,2,30 wingmate=1526,-144,7712,0,193,2,30
retail_frame=3314 camera=1441,-145,7646,0,182,0 player=1526,-148,7679,0,193,2,30 wingmate=10742,-148,7807,0,193,2,30
retail_frame=3318 camera=1440,-145,7646,0,182,0 player=1526,-148,7679,0,193,3,30 wingmate=10742,-148,7807,0,193,3,30
retail_frame=3322 camera=1440,-145,7646,0,182,0 player=1526,-148,7679,0,193,3,30 wingmate=1526,-143,7712,0,193,3,30
retail_frame=3326 camera=1439,-146,7646,0,182,0 player=1526,-148,7679,0,193,3,30 wingmate=10742,-148,7807,0,193,3,30
retail_frame=3330 camera=1438,-146,7646,0,182,0 player=1526,-148,7679,0,193,4,30 wingmate=10742,-148,7807,0,193,4,30
retail_frame=3334 camera=1437,-147,7646,0,182,0 player=1526,-148,7679,0,193,4,30 wingmate=1437,-147,7646,0,193,4,30
retail_frame=3338 camera=1437,-147,7646,0,182,0 player=1554,-148,7679,0,193,4,30 wingmate=1526,-142,7712,0,193,4,30
retail_frame=3342 camera=1436,-148,7646,0,182,0 player=1526,-148,7679,0,193,4,30 wingmate=10742,-148,7807,0,193,4,30
retail_frame=3346 camera=1435,-148,7646,0,182,0 player=1526,-148,7679,0,193,4,30 wingmate=10742,-148,7807,0,193,4,30
retail_frame=3350 camera=1435,-148,7646,0,182,0 player=1526,-148,7679,0,193,3,30 wingmate=1526,-142,7712,0,193,3,30
retail_frame=3354 camera=1434,-149,7646,0,182,0 player=1526,-148,7679,0,193,3,30 wingmate=10742,-148,7807,0,193,3,30
retail_frame=3358 camera=1433,-149,7646,0,182,0 player=1526,-148,7679,0,193,3,30 wingmate=10742,-148,7807,0,193,3,30
retail_frame=3362 camera=1433,-149,7646,0,182,0 player=1526,-148,7679,0,193,2,30 wingmate=1526,-143,7712,0,193,2,30
retail_frame=3366 camera=1432,-149,7646,0,182,0 player=1526,-148,7679,0,193,2,30 wingmate=10742,-148,7807,0,193,2,30
retail_frame=3370 camera=1431,-150,7646,0,182,0 player=1526,-148,7679,0,193,2,30 wingmate=10742,-148,7807,0,193,2,30
retail_frame=3374 camera=1430,-150,7646,0,182,0 player=1526,-148,7679,0,193,1,30 wingmate=10742,-148,7807,0,193,1,30
retail_frame=3378 camera=1430,-150,7646,0,182,0 player=1526,-148,7679,0,193,0,30 wingmate=1526,-145,7712,0,193,0,30
retail_frame=3382 camera=1429,-150,7646,0,182,0 player=1526,-148,7679,0,193,0,30 wingmate=10742,-148,7807,0,193,0,30
retail_frame=3386 camera=1428,-150,7646,0,182,0 player=1526,-148,7679,0,193,255,30 wingmate=10742,-148,7807,0,193,255,30
retail_frame=3390 camera=1427,-150,7646,0,182,0 player=1526,-148,7679,0,193,254,30 wingmate=1427,-150,7646,0,193,254,30
retail_frame=3394 camera=1427,-150,7646,0,182,0 player=1526,-148,7679,0,193,254,30 wingmate=1526,-146,7712,0,193,254,30
retail_frame=3398 camera=1426,-149,7646,0,182,0 player=1526,-148,7679,0,193,254,30 wingmate=10742,-148,7807,0,193,254,30
retail_frame=3402 camera=1425,-149,7646,0,182,0 player=1526,-148,7679,0,193,253,30 wingmate=10742,-148,7807,0,193,253,30
retail_frame=3406 camera=1425,-149,7646,0,182,0 player=1526,-148,7679,0,193,253,30 wingmate=1554,-148,7679,0,193,253,30
retail_frame=3410 camera=1424,-149,7646,0,182,0 player=1554,-148,7679,0,193,252,30 wingmate=1526,-147,7712,0,193,252,30
retail_frame=3414 camera=1423,-148,7646,0,182,0 player=1526,-148,7679,0,193,252,30 wingmate=10742,-148,7807,0,193,252,30
retail_frame=3418 camera=1422,-148,7646,0,182,0 player=1526,-148,7679,0,193,252,30 wingmate=10742,-148,7807,0,193,252,30
retail_frame=3422 camera=1422,-148,7646,0,182,0 player=1526,-148,7679,0,193,252,30 wingmate=1526,-148,7712,0,193,252,30
retail_frame=3426 camera=1421,-147,7646,0,182,0 player=1526,-148,7679,0,193,252,30 wingmate=10742,-148,7807,0,193,252,30
retail_frame=3430 camera=1420,-146,7646,0,182,0 player=1526,-148,7679,0,193,252,30 wingmate=10742,-148,7807,0,193,252,30
retail_frame=3434 camera=1420,-146,7646,0,182,0 player=1526,-148,7679,0,193,253,30 wingmate=1554,-148,7679,0,193,253,30
retail_frame=3438 camera=1419,-146,7646,0,182,0 player=1526,-148,7679,0,193,253,30 wingmate=1526,-147,7712,0,193,253,30
retail_frame=3442 camera=1418,-145,7646,0,182,0 player=1526,-148,7679,0,193,253,30 wingmate=10742,-148,7807,0,193,253,30
retail_frame=3446 camera=1417,-145,7646,0,182,0 player=1526,-148,7679,0,193,254,30 wingmate=10742,-148,7807,0,193,254,30
retail_frame=3450 camera=1417,-145,7646,0,182,0 player=1526,-148,7679,0,193,254,30 wingmate=1526,-146,7712,0,193,254,30
retail_frame=3454 camera=1416,-145,7646,0,182,0 player=1526,-148,7679,0,193,254,30 wingmate=10742,-148,7807,0,193,254,30
retail_frame=3458 camera=1415,-144,7646,0,182,0 player=1526,-148,7679,0,193,255,30 wingmate=10742,-148,7807,0,193,255,30
retail_frame=3462 camera=1414,-144,7646,0,182,0 player=1526,-148,7679,0,193,0,30 wingmate=10742,-148,7807,0,193,0,30
retail_frame=3466 camera=1414,-144,7646,0,182,0 player=1526,-148,7679,0,193,1,30 wingmate=1526,-145,7712,0,193,1,30
retail_frame=3470 camera=1414,-144,7646,0,182,0 player=1526,-148,7679,0,193,1,30 wingmate=10742,-148,7807,0,193,1,30
retail_frame=3474 camera=1414,-144,7646,0,182,0 player=1526,-148,7679,0,193,2,30 wingmate=10742,-148,7807,0,193,2,30
retail_frame=3478 camera=1414,-144,7646,0,182,0 player=1526,-148,7679,0,193,2,30 wingmate=10742,-148,7807,0,193,2,30
retail_frame=3482 camera=1414,-144,7646,0,182,0 player=1526,-148,7679,0,193,3,30 wingmate=1526,-144,7712,0,193,3,30
retail_frame=3486 camera=1414,-145,7646,0,182,0 player=1526,-148,7679,0,193,3,30 wingmate=10742,-148,7807,0,193,3,30
retail_frame=3490 camera=1414,-145,7646,0,182,0 player=1526,-148,7679,0,193,3,30 wingmate=10742,-148,7807,0,193,3,30
retail_frame=3494 camera=1414,-145,7646,0,182,0 player=1526,-148,7679,0,193,4,30 wingmate=1526,-143,7712,0,193,4,30
retail_frame=3498 camera=1414,-145,7646,0,182,0 player=1526,-148,7679,0,193,4,30 wingmate=10742,-148,7807,0,193,4,30
retail_frame=3502 camera=1414,-146,7646,0,182,0 player=1526,-148,7679,0,193,4,30 wingmate=10742,-148,7807,0,193,4,30
retail_frame=3506 camera=1414,-146,7646,0,182,0 player=1526,-148,7679,0,193,4,30 wingmate=1554,-148,7679,0,193,4,30
retail_frame=3510 camera=1414,-146,7646,0,182,0 player=1554,-148,7679,0,193,4,30 wingmate=1526,-142,7712,0,193,4,30
retail_frame=3514 camera=1414,-147,7646,0,182,0 player=1526,-148,7679,0,193,4,30 wingmate=10742,-148,7807,0,193,4,30
retail_frame=3518 camera=1414,-148,7646,0,182,0 player=1526,-148,7679,0,193,3,30 wingmate=10742,-148,7807,0,193,3,30
retail_frame=3522 camera=1414,-148,7646,0,182,0 player=1526,-148,7679,0,193,3,30 wingmate=1526,-143,7712,0,193,3,30
retail_frame=3526 camera=1414,-148,7646,0,182,0 player=1526,-148,7679,0,193,3,30 wingmate=1526,-143,7712,0,193,3,30
retail_frame=3530 camera=1414,-149,7646,0,182,0 player=1526,-148,7679,0,193,2,30 wingmate=10742,-148,7807,0,193,2,30
retail_frame=3534 camera=1414,-149,7646,0,182,0 player=1526,-148,7679,0,193,2,30 wingmate=10742,-148,7807,0,193,2,30
retail_frame=3538 camera=1414,-149,7646,0,182,0 player=1526,-148,7679,0,193,1,30 wingmate=1526,-144,7712,0,193,1,30
retail_frame=3542 camera=1414,-149,7646,0,182,0 player=1526,-148,7679,0,193,1,30 wingmate=10742,-148,7807,0,193,1,30
retail_frame=3546 camera=1414,-150,7646,0,182,0 player=1526,-148,7679,0,193,0,30 wingmate=10742,-148,7807,0,193,0,30
retail_frame=3550 camera=1414,-150,7646,0,182,0 player=1526,-148,7679,0,193,255,30 wingmate=10742,-148,7807,0,193,255,30
retail_frame=3554 camera=1414,-150,7646,0,182,0 player=1526,-148,7679,0,193,254,30 wingmate=1526,-145,7712,0,193,254,30
retail_frame=3558 camera=1414,-150,7646,0,182,0 player=1526,-148,7679,0,193,254,30 wingmate=10742,-148,7807,0,193,254,30
retail_frame=3562 camera=1414,-150,7646,0,182,0 player=1526,-148,7679,0,193,254,30 wingmate=10742,-148,7807,0,193,254,30
retail_frame=3566 camera=1414,-150,7646,0,182,0 player=1526,-148,7679,0,193,253,30 wingmate=1526,-146,7712,0,193,253,30
retail_frame=3570 camera=1414,-150,7646,0,182,0 player=1526,-148,7679,0,193,253,30 wingmate=10742,-148,7807,0,193,253,30
retail_frame=3574 camera=1414,-149,7646,0,182,0 player=1526,-148,7679,0,193,253,30 wingmate=10742,-148,7807,0,193,253,30
retail_frame=3578 camera=1414,-149,7646,0,182,0 player=1526,-148,7679,0,193,252,30 wingmate=1554,-148,7679,0,193,252,30
retail_frame=3582 camera=1414,-149,7646,0,182,0 player=1526,-148,7679,0,193,252,30 wingmate=1526,-148,7712,0,193,252,30
retail_frame=3586 camera=1414,-149,7646,0,182,0 player=1526,-148,7679,0,193,252,30 wingmate=10742,-148,7807,0,193,252,30
retail_frame=3590 camera=1414,-148,7646,0,182,0 player=1526,-148,7679,0,193,252,30 wingmate=10742,-148,7807,0,193,252,30
retail_frame=3594 camera=1414,-148,7646,0,182,0 player=1526,-148,7679,0,193,252,30 wingmate=1526,-148,7712,0,193,252,30
retail_frame=3598 camera=1414,-148,7646,0,182,0 player=1526,-148,7679,0,193,252,30 wingmate=1526,-142,7646,0,193,252,30
retail_frame=3602 camera=1414,-147,7646,0,182,0 player=1526,-148,7679,0,193,253,30 wingmate=10742,-148,7807,0,193,253,30
retail_frame=3606 camera=1414,-146,7646,0,182,0 player=1526,-148,7679,0,193,253,30 wingmate=10742,-148,7807,0,193,253,30
retail_frame=3610 camera=1414,-146,7646,0,182,0 player=1526,-148,7679,0,193,254,30 wingmate=1526,-147,7712,0,193,254,30
retail_frame=3614 camera=1414,-146,7646,0,182,0 player=1526,-148,7679,0,193,254,30 wingmate=10742,-148,7807,0,193,254,30
retail_frame=3618 camera=1414,-145,7646,0,182,0 player=1526,-148,7679,0,193,254,30 wingmate=10742,-148,7807,0,193,254,30
retail_frame=3622 camera=1414,-145,7646,0,182,0 player=1526,-148,7679,0,193,255,30 wingmate=10742,-148,7807,0,193,255,30
retail_frame=3626 camera=1414,-145,7646,0,182,0 player=1526,-148,7679,0,193,0,30 wingmate=1526,-145,7712,0,193,0,30
retail_frame=3630 camera=1414,-145,7646,0,182,0 player=1526,-148,7679,0,193,0,30 wingmate=10742,-148,7807,0,193,0,30
retail_frame=3634 camera=1414,-144,7646,0,182,0 player=1526,-148,7679,0,193,1,30 wingmate=10742,-148,7807,0,193,1,30
retail_frame=3638 camera=1414,-144,7646,0,182,0 player=1526,-148,7679,0,193,2,30 wingmate=1526,-145,7712,0,193,2,30
retail_frame=3642 camera=1414,-144,7646,0,182,0 player=1526,-148,7679,0,193,2,30 wingmate=10742,-148,7807,0,193,2,30
retail_frame=3646 camera=1414,-144,7646,0,182,0 player=1526,-148,7679,0,193,2,30 wingmate=10742,-148,7807,0,193,2,30
retail_frame=3650 camera=1414,-144,7646,0,182,0 player=1526,-148,7679,0,193,3,30 wingmate=1554,-148,7679,0,193,3,30
retail_frame=3654 camera=1414,-144,7646,0,182,0 player=1526,-148,7679,0,193,3,30 wingmate=1526,-143,7712,0,193,3,30
retail_frame=3658 camera=1414,-144,7646,0,182,0 player=1526,-148,7679,0,193,3,30 wingmate=10742,-148,7807,0,193,3,30
retail_frame=3662 camera=1414,-145,7646,0,182,0 player=1526,-148,7679,0,193,4,30 wingmate=10742,-148,7807,0,193,4,30
retail_frame=3666 camera=1414,-145,7646,0,182,0 player=1526,-148,7679,0,193,4,30 wingmate=1526,-142,7712,0,193,4,30
retail_frame=3670 camera=1414,-145,7646,0,182,0 player=1526,-148,7679,0,193,4,30 wingmate=10742,-148,7807,0,193,4,30
retail_frame=3674 camera=1414,-145,7646,0,182,0 player=1526,-148,7679,0,193,4,30 wingmate=10742,-148,7807,0,193,4,30
retail_frame=3678 camera=1414,-146,7646,0,182,0 player=1526,-148,7679,0,193,4,30 wingmate=10742,-148,7807,0,193,4,30
retail_frame=3682 camera=1414,-146,7646,0,182,0 player=1526,-148,7679,0,193,3,30 wingmate=1526,-142,7712,0,193,3,30
retail_frame=3686 camera=1414,-146,7646,0,182,0 player=1526,-148,7679,0,193,3,30 wingmate=10742,-148,7807,0,193,3,30
retail_frame=3690 camera=1414,-147,7646,0,182,0 player=1526,-148,7679,0,193,3,30 wingmate=10742,-148,7807,0,193,3,30
retail_frame=3694 camera=1414,-148,7646,0,182,0 player=1526,-148,7679,0,193,2,30 wingmate=10742,-148,7807,0,193,2,30
retail_frame=3698 camera=1414,-148,7646,0,182,0 player=1526,-148,7679,0,193,2,30 wingmate=1526,-144,7712,0,193,2,30
retail_frame=3702 camera=1414,-148,7646,0,182,0 player=1526,-148,7679,0,193,2,30 wingmate=10742,-148,7807,0,193,2,30
retail_frame=3706 camera=1414,-149,7646,0,182,0 player=1526,-148,7679,0,193,1,30 wingmate=10742,-148,7807,0,193,1,30
retail_frame=3710 camera=1414,-149,7646,0,182,0 player=1526,-148,7679,0,193,0,30 wingmate=1526,-145,7712,0,193,0,30
retail_frame=3714 camera=1414,-149,7646,0,182,0 player=1526,-148,7679,0,193,0,30 wingmate=10742,-148,7807,0,193,0,30
retail_frame=3718 camera=1414,-149,7646,0,182,0 player=1526,-148,7679,0,193,255,30 wingmate=10742,-148,7807,0,193,255,30
retail_frame=3722 camera=1414,-149,7646,0,182,0 player=1526,-148,7679,0,193,254,30 wingmate=1554,-148,7679,0,193,254,30
retail_frame=3726 camera=1414,-150,7646,0,182,0 player=1526,-148,7679,0,193,254,30 wingmate=1526,-146,7712,0,193,254,30
retail_frame=3730 camera=1414,-150,7646,0,182,0 player=1526,-148,7679,0,193,254,30 wingmate=10742,-148,7807,0,193,254,30
retail_frame=3734 camera=1414,-150,7646,0,182,0 player=1526,-148,7679,0,193,253,30 wingmate=10742,-148,7807,0,193,253,30
retail_frame=3738 camera=1414,-150,7646,0,182,0 player=1526,-148,7679,0,193,253,30 wingmate=1526,-147,7712,0,193,253,30
retail_frame=3742 camera=1414,-150,7646,0,182,0 player=1526,-148,7679,0,193,252,30 wingmate=1526,-147,7712,0,193,252,0
retail_frame=3746 camera=1414,-150,7646,0,182,0 player=1526,-148,7679,0,193,252,30 wingmate=10742,-148,7807,0,193,252,30
retail_frame=3750 camera=1414,-149,7646,0,182,0 player=1526,-148,7679,0,193,252,30 wingmate=10742,-148,7807,0,193,252,30
retail_frame=3754 camera=1414,-149,7646,0,182,0 player=1526,-148,7679,0,193,252,30 wingmate=1526,-148,7712,0,193,252,30
retail_frame=3758 camera=1414,-149,7646,0,182,0 player=1526,-148,7679,0,193,252,30 wingmate=10742,-148,7807,0,193,252,30
retail_frame=3762 camera=1414,-149,7646,0,182,0 player=1526,-148,7679,0,193,252,30 wingmate=10742,-148,7807,0,193,252,30
retail_frame=3766 camera=1414,-148,7646,0,182,0 player=1526,-148,7679,0,193,253,30 wingmate=10742,-148,7807,0,193,253,30
retail_frame=3770 camera=1414,-148,7646,0,182,0 player=1526,-148,7679,0,193,253,30 wingmate=1526,-147,7712,0,193,253,30
retail_frame=3774 camera=1414,-148,7646,0,182,0 player=1526,-148,7679,0,193,253,30 wingmate=10742,-148,7807,0,193,253,30
retail_frame=3778 camera=1414,-147,7646,0,182,0 player=1526,-148,7679,0,193,254,30 wingmate=10742,-148,7807,0,193,254,30
retail_frame=3782 camera=1414,-147,7646,0,182,0 player=1526,-148,7679,0,193,254,30 wingmate=1526,-146,7712,0,193,254,30
retail_frame=3786 camera=1414,-146,7646,0,182,0 player=1526,-148,7679,0,193,254,30 wingmate=10742,-148,7807,0,193,254,30
retail_frame=3790 camera=1414,-146,7646,0,182,0 player=1526,-148,7679,0,193,255,30 wingmate=10742,-148,7807,0,193,255,30
retail_frame=3794 camera=1414,-146,7646,0,182,0 player=1526,-148,7679,0,193,0,30 wingmate=1526,-145,7712,0,193,0,30
retail_frame=3798 camera=1414,-145,7646,0,182,0 player=1526,-148,7679,0,193,0,30 wingmate=10742,-148,7807,0,193,0,30
retail_frame=3802 camera=1414,-145,7646,0,182,0 player=1526,-148,7679,0,193,1,30 wingmate=10742,-148,7807,0,193,1,30
retail_frame=3806 camera=1414,-145,7646,0,182,0 player=1526,-148,7679,0,193,2,30 wingmate=10742,-148,7807,0,193,2,30
retail_frame=3810 camera=1414,-145,7646,0,182,0 player=1526,-148,7679,0,193,2,30 wingmate=1526,-144,7712,0,193,2,30
retail_frame=3814 camera=1414,-144,7646,0,182,0 player=1526,-148,7679,0,193,2,30 wingmate=10742,-148,7807,0,193,2,30
retail_frame=3818 camera=1414,-144,7646,0,182,0 player=1526,-148,7679,0,193,3,30 wingmate=10742,-148,7807,0,193,3,30
retail_frame=3822 camera=1414,-144,7646,0,182,0 player=1526,-148,7679,0,193,3,30 wingmate=10742,-148,7807,0,193,3,30
retail_frame=3826 camera=1414,-144,7646,0,182,0 player=1526,-148,7679,0,193,4,30 wingmate=1526,-143,7712,0,193,4,30
retail_frame=3830 camera=1414,-144,7646,0,182,0 player=1526,-148,7679,0,193,4,30 wingmate=10742,-148,7807,0,193,4,30
retail_frame=3834 camera=1414,-144,7646,0,182,0 player=1526,-148,7679,0,193,4,30 wingmate=10742,-148,7807,0,193,4,30
retail_frame=3838 camera=1414,-145,7646,0,182,0 player=1526,-148,7679,0,193,4,30 wingmate=10742,-148,7807,0,193,4,30
retail_frame=3842 camera=1414,-145,7646,0,182,0 player=1554,-148,7679,0,193,4,30 wingmate=1526,-142,7712,0,193,4,30
retail_frame=3846 camera=1414,-145,7646,0,182,0 player=1526,-148,7679,0,193,4,30 wingmate=10742,-148,7807,0,193,4,30
retail_frame=3850 camera=1414,-145,7646,0,182,0 player=1526,-148,7679,0,193,3,30 wingmate=10742,-148,7807,0,193,3,30
retail_frame=3854 camera=1414,-145,7646,0,182,0 player=1526,-148,7679,0,193,3,30 wingmate=1526,-143,7712,0,193,3,30
retail_frame=3858 camera=1414,-146,7646,0,182,0 player=1526,-148,7679,0,193,3,30 wingmate=10742,-148,7807,0,193,3,30
retail_frame=3862 camera=1414,-146,7646,0,182,0 player=1526,-148,7679,0,193,2,30 wingmate=10742,-148,7807,0,193,2,30
retail_frame=3866 camera=1414,-146,7646,0,182,0 player=1526,-148,7679,0,193,2,30 wingmate=1526,-144,7712,0,193,2,30
retail_frame=3870 camera=1414,-147,7646,0,182,0 player=1526,-148,7679,0,193,2,30 wingmate=10742,-148,7807,0,193,2,30
retail_frame=3874 camera=1414,-148,7646,0,182,0 player=1526,-148,7679,0,193,1,30 wingmate=10742,-148,7807,0,193,1,30
retail_frame=3878 camera=1414,-148,7646,0,182,0 player=1526,-148,7679,0,193,0,30 wingmate=10742,-148,7807,0,193,0,30
retail_frame=3882 camera=1414,-148,7646,0,182,0 player=1526,-148,7679,0,193,255,30 wingmate=1526,-145,7712,0,193,255,30
retail_frame=3886 camera=1414,-149,7646,0,182,0 player=1526,-148,7679,0,193,255,30 wingmate=10742,-148,7807,0,193,255,30
retail_frame=3890 camera=1414,-149,7646,0,182,0 player=1526,-148,7679,0,193,254,30 wingmate=10742,-148,7807,0,193,254,30
retail_frame=3894 camera=1414,-149,7646,0,182,0 player=1526,-148,7679,0,193,254,30 wingmate=10742,-148,7807,0,193,254,30
retail_frame=3898 camera=1414,-149,7646,0,182,0 player=1526,-148,7679,0,193,253,30 wingmate=1526,-146,7712,0,193,253,30
retail_frame=3902 camera=1414,-150,7646,0,182,0 player=1526,-148,7679,0,193,253,30 wingmate=10742,-148,7807,0,193,253,30
retail_frame=3906 camera=1414,-150,7646,0,182,0 player=1526,-148,7679,0,193,253,30 wingmate=10742,-148,7807,0,193,253,30
retail_frame=3910 camera=1414,-150,7646,0,182,0 player=1526,-148,7679,0,193,252,30 wingmate=10742,-148,7807,0,193,252,30
retail_frame=3914 camera=1414,-150,7646,0,182,0 player=1554,-148,7679,0,193,252,30 wingmate=1526,-148,7712,0,193,252,30
retail_frame=3918 camera=1414,-150,7646,0,182,0 player=1526,-148,7679,0,193,252,30 wingmate=10742,-148,7807,0,193,252,30
retail_frame=3922 camera=1414,-150,7646,0,182,0 player=1526,-148,7679,0,193,252,30 wingmate=10742,-148,7807,0,193,252,30
retail_frame=3926 camera=1414,-150,7646,0,182,0 player=1526,-148,7679,0,193,252,30 wingmate=1526,-148,7712,0,193,252,30
retail_frame=3930 camera=1414,-149,7646,0,182,0 player=1526,-148,7679,0,193,252,30 wingmate=10742,-148,7807,0,193,252,30
retail_frame=3934 camera=1414,-149,7646,0,182,0 player=1526,-148,7679,0,193,253,30 wingmate=10742,-148,7807,0,193,253,30
retail_frame=3938 camera=1414,-149,7646,0,182,0 player=1526,-148,7679,0,193,253,30 wingmate=1526,-147,7712,0,193,253,30
retail_frame=3942 camera=1414,-149,7646,0,182,0 player=1526,-148,7679,0,193,253,30 wingmate=10742,-148,7807,0,193,253,30
retail_frame=3946 camera=1414,-148,7646,0,182,0 player=1526,-148,7679,0,193,254,30 wingmate=10742,-148,7807,0,193,254,30
retail_frame=3950 camera=1414,-148,7646,0,182,0 player=1526,-148,7679,0,193,254,30 wingmate=1554,-148,7679,0,193,254,30
retail_frame=3954 camera=1414,-148,7646,0,182,0 player=1526,-148,7679,0,193,255,30 wingmate=1526,-146,7712,0,193,255,30
retail_frame=3958 camera=1414,-147,7646,0,182,0 player=1526,-148,7679,0,193,255,30 wingmate=10742,-148,7807,0,193,255,30
retail_frame=3962 camera=1414,-146,7646,0,182,0 player=1526,-148,7679,0,193,0,30 wingmate=10742,-148,7807,0,193,0,30
retail_frame=3966 camera=1414,-146,7646,0,182,0 player=1526,-148,7679,0,193,1,30 wingmate=1526,-145,7712,0,193,1,30
retail_frame=3970 camera=1414,-146,7646,0,182,0 player=1526,-148,7679,0,193,1,30 wingmate=1526,-145,7712,0,193,1,30
retail_frame=3974 camera=1414,-145,7646,0,182,0 player=1526,-148,7679,0,193,2,30 wingmate=10742,-148,7807,0,193,2,30
retail_frame=3978 camera=1414,-145,7646,0,182,0 player=1526,-148,7679,0,193,2,30 wingmate=10742,-148,7807,0,193,2,30
retail_frame=3982 camera=1414,-145,7646,0,182,0 player=1526,-148,7679,0,193,3,30 wingmate=1526,-144,7712,0,193,3,30
retail_frame=3986 camera=1414,-145,7646,0,182,0 player=1526,-148,7679,0,193,3,30 wingmate=10742,-148,7807,0,193,3,30
retail_frame=3990 camera=1414,-144,7646,0,182,0 player=1526,-148,7679,0,193,3,30 wingmate=10742,-148,7807,0,193,3,30
retail_frame=3994 camera=1414,-144,7646,0,182,0 player=1526,-148,7679,0,193,4,30 wingmate=10742,-148,7807,0,193,4,30
retail_frame=3998 camera=1414,-144,7646,0,182,0 player=1526,-148,7679,0,193,4,30 wingmate=1526,-142,7712,0,193,4,30
retail_frame=4002 camera=1414,-144,7646,0,182,0 player=1526,-148,7679,0,193,4,30 wingmate=10742,-148,7807,0,193,4,30
retail_frame=4006 camera=1414,-144,7646,0,182,0 player=1526,-148,7679,0,193,4,30 wingmate=10742,-148,7807,0,193,4,30
retail_frame=4010 camera=1414,-144,7646,0,182,0 player=1526,-148,7679,0,193,4,30 wingmate=1526,-142,7712,0,193,4,30
retail_frame=4014 camera=1414,-144,7646,0,182,0 player=1526,-148,7679,0,193,4,30 wingmate=10742,-148,7807,0,193,4,30
retail_frame=4018 camera=1414,-145,7646,0,182,0 player=1526,-148,7679,0,193,3,30 wingmate=10742,-148,7807,0,193,3,30
retail_frame=4022 camera=1414,-145,7646,0,182,0 player=1526,-148,7679,0,193,3,30 wingmate=1554,-148,7679,0,193,3,30
retail_frame=4026 camera=1414,-145,7646,0,182,0 player=1554,-148,7679,0,193,2,30 wingmate=1526,-143,7712,0,193,2,30
retail_frame=4030 camera=1414,-145,7646,0,182,0 player=1526,-148,7679,0,193,2,30 wingmate=10742,-148,7807,0,193,2,30
retail_frame=4034 camera=1414,-146,7646,0,182,0 player=1526,-148,7679,0,193,2,30 wingmate=10742,-148,7807,0,193,2,30
retail_frame=4038 camera=1414,-146,7646,0,182,0 player=1526,-148,7679,0,193,1,30 wingmate=1526,-144,7712,0,193,1,30
retail_frame=4042 camera=1414,-146,7646,0,182,0 player=1526,-148,7679,0,193,0,30 wingmate=1526,-145,7712,0,193,0,30
retail_frame=4046 camera=1414,-147,7646,0,182,0 player=1526,-148,7679,0,193,0,30 wingmate=10742,-148,7807,0,193,0,30
retail_frame=4050 camera=1414,-148,7646,0,182,0 player=1526,-148,7679,0,193,255,30 wingmate=10742,-148,7807,0,193,255,30
retail_frame=4054 camera=1414,-148,7646,0,182,0 player=1526,-148,7679,0,193,254,30 wingmate=1526,-145,7712,0,193,254,30
retail_frame=4058 camera=1414,-148,7646,0,182,0 player=1526,-148,7679,0,193,254,30 wingmate=1526,-146,7712,0,193,254,30
retail_frame=4062 camera=1414,-149,7646,0,182,0 player=1526,-148,7679,0,193,254,30 wingmate=10742,-148,7807,0,193,254,30
retail_frame=4066 camera=1414,-149,7646,0,182,0 player=1526,-148,7679,0,193,253,30 wingmate=10742,-148,7807,0,193,253,30
retail_frame=4070 camera=1414,-149,7646,0,182,0 player=1526,-148,7679,0,193,253,30 wingmate=1526,-147,7712,0,193,253,30
retail_frame=4074 camera=1414,-149,7646,0,182,0 player=1526,-148,7679,0,193,253,30 wingmate=10742,-148,7807,0,193,253,30
retail_frame=4078 camera=1414,-150,7646,0,182,0 player=1526,-148,7679,0,193,252,30 wingmate=10742,-148,7807,0,193,252,30
retail_frame=4082 camera=1414,-150,7646,0,182,0 player=1526,-148,7679,0,193,252,30 wingmate=1526,-148,7712,0,193,252,30
retail_frame=4086 camera=1414,-150,7646,0,182,0 player=1526,-148,7679,0,193,252,30 wingmate=10742,-148,7807,0,193,252,30
retail_frame=4090 camera=1414,-150,7646,0,182,0 player=1526,-148,7679,0,193,252,30 wingmate=10742,-148,7807,0,193,252,30
retail_frame=4094 camera=1414,-150,7646,0,182,0 player=1526,-148,7679,0,193,252,30 wingmate=10742,-148,7807,0,193,252,30
retail_frame=4098 camera=1414,-150,7646,0,182,0 player=1526,-148,7679,0,193,253,30 wingmate=1526,-148,7712,0,193,253,30
retail_frame=4102 camera=1414,-150,7646,0,182,0 player=1526,-148,7679,0,193,253,30 wingmate=10742,-148,7807,0,193,253,30
retail_frame=4106 camera=1414,-149,7646,0,182,0 player=1526,-148,7679,0,193,253,30 wingmate=10742,-148,7807,0,193,253,30
retail_frame=4110 camera=1414,-149,7646,0,182,0 player=1526,-148,7679,0,193,254,30 wingmate=1414,-149,7646,0,193,254,30
retail_frame=4114 camera=1414,-149,7646,0,182,0 player=1526,-148,7679,0,193,254,30 wingmate=1526,-146,7712,0,193,254,30
retail_frame=4118 camera=1414,-149,7646,0,182,0 player=1526,-148,7679,0,193,254,30 wingmate=10742,-148,7807,0,193,254,30
retail_frame=4122 camera=1414,-148,7646,0,182,0 player=1526,-148,7679,0,193,255,30 wingmate=10742,-148,7807,0,193,255,30
retail_frame=4126 camera=1414,-148,7646,0,182,0 player=1526,-148,7679,0,193,0,30 wingmate=1554,-148,7679,0,193,0,30
retail_frame=4130 camera=1414,-148,7646,0,182,0 player=1554,-148,7679,0,193,1,30 wingmate=1526,-145,7712,0,193,1,30
retail_frame=4134 camera=1414,-147,7646,0,182,0 player=1526,-148,7679,0,193,1,30 wingmate=10742,-148,7807,0,193,1,30
retail_frame=4138 camera=1414,-146,7646,0,182,0 player=1526,-148,7679,0,193,2,30 wingmate=10742,-148,7807,0,193,2,30
retail_frame=4142 camera=1414,-146,7646,0,182,0 player=1526,-148,7679,0,193,2,30 wingmate=1526,-144,7712,0,193,2,30
retail_frame=4146 camera=1414,-146,7646,0,182,0 player=1526,-148,7679,0,193,2,30 wingmate=10742,-148,7807,0,193,2,30
retail_frame=4150 camera=1414,-145,7646,0,182,0 player=1526,-148,7679,0,193,3,30 wingmate=10742,-148,7807,0,193,3,30
retail_frame=4154 camera=1414,-145,7646,0,182,0 player=1526,-148,7679,0,193,3,30 wingmate=10742,-148,7807,0,193,3,30
retail_frame=4158 camera=1414,-145,7646,0,182,0 player=1526,-148,7679,0,193,4,30 wingmate=1526,-143,7712,0,193,4,30
retail_frame=4162 camera=1414,-145,7646,0,182,0 player=1526,-148,7679,0,193,4,30 wingmate=10742,-148,7807,0,193,4,30
retail_frame=4166 camera=1414,-144,7646,0,182,0 player=1526,-148,7679,0,193,4,30 wingmate=10742,-148,7807,0,193,4,30
retail_frame=4170 camera=1414,-144,7646,0,182,0 player=1526,-148,7679,0,193,4,30 wingmate=10742,-148,7807,0,193,4,30
retail_frame=4174 camera=1414,-144,7646,0,182,0 player=1526,-148,7679,0,193,4,30 wingmate=1526,-142,7712,0,193,4,30
retail_frame=4178 camera=1414,-144,7646,0,182,0 player=1526,-148,7679,0,193,4,30 wingmate=10742,-148,7807,0,193,4,30
retail_frame=4182 camera=1414,-144,7646,0,182,0 player=1526,-148,7679,0,193,3,30 wingmate=10742,-148,7807,0,193,3,30
retail_frame=4186 camera=1414,-144,7646,0,182,0 player=1526,-148,7679,0,193,3,30 wingmate=1414,-144,7646,0,193,3,30
retail_frame=4190 camera=1414,-144,7646,0,182,0 player=1554,-148,7679,0,193,2,30 wingmate=1526,-143,7712,0,193,2,30
retail_frame=4194 camera=1414,-145,7646,0,182,0 player=1526,-148,7679,0,193,2,30 wingmate=10742,-148,7807,0,193,2,30
retail_frame=4198 camera=1414,-145,7646,0,182,0 player=1526,-148,7679,0,193,2,30 wingmate=10742,-148,7807,0,193,2,30
retail_frame=4202 camera=1414,-145,7646,0,182,0 player=1526,-148,7679,0,193,1,30 wingmate=1526,-144,7712,0,193,1,30
retail_frame=4206 camera=1414,-145,7646,0,182,0 player=1526,-148,7679,0,193,1,30 wingmate=10742,-148,7807,0,193,1,30
retail_frame=4210 camera=1414,-146,7646,0,182,0 player=1526,-148,7679,0,193,0,30 wingmate=10742,-148,7807,0,193,0,30
retail_frame=4214 camera=1414,-146,7646,0,182,0 player=1526,-148,7679,0,193,255,30 wingmate=1526,-145,7712,0,193,255,30
retail_frame=4218 camera=1414,-146,7646,0,182,0 player=1526,-148,7679,0,193,255,30 wingmate=10742,-148,7807,0,193,255,30
retail_frame=4222 camera=1414,-147,7646,0,182,0 player=1526,-148,7679,0,193,254,30 wingmate=10742,-148,7807,0,193,254,30
retail_frame=4226 camera=1414,-147,7646,0,182,0 player=1526,-148,7679,0,193,254,30 wingmate=1554,-148,7679,0,193,254,30
retail_frame=4230 camera=1414,-148,7646,0,182,0 player=1526,-148,7679,0,193,253,30 wingmate=1526,-146,7712,0,193,253,30
retail_frame=4234 camera=1414,-148,7646,0,182,0 player=1526,-148,7679,0,193,253,30 wingmate=10742,-148,7807,0,193,253,30
retail_frame=4238 camera=1414,-149,7646,0,182,0 player=1526,-148,7679,0,193,253,30 wingmate=10742,-148,7807,0,193,253,30
retail_frame=4242 camera=1414,-149,7646,0,182,0 player=1526,-148,7679,0,193,252,30 wingmate=1526,-147,7712,0,193,252,30
retail_frame=4246 camera=1414,-149,7646,0,182,0 player=1526,-148,7679,0,193,252,30 wingmate=1526,-142,7646,0,193,252,30
retail_frame=4250 camera=1414,-149,7646,0,182,0 player=1526,-148,7679,0,193,252,30 wingmate=10742,-148,7807,0,193,252,30
retail_frame=4254 camera=1414,-150,7646,0,182,0 player=1526,-148,7679,0,193,252,30 wingmate=10742,-148,7807,0,193,252,30
retail_frame=4258 camera=1414,-150,7646,0,182,0 player=1526,-148,7679,0,193,252,30 wingmate=1526,-148,7712,0,193,252,30
retail_frame=4262 camera=1414,-150,7646,0,182,0 player=1526,-148,7679,0,193,252,30 wingmate=10742,-148,7807,0,193,252,30
retail_frame=4266 camera=1414,-150,7646,0,182,0 player=1526,-148,7679,0,193,253,30 wingmate=10742,-148,7807,0,193,253,30
retail_frame=4270 camera=1414,-150,7646,0,182,0 player=1526,-148,7679,0,193,253,30 wingmate=10742,-148,7807,0,193,253,30
retail_frame=4274 camera=1414,-150,7646,0,182,0 player=1526,-148,7679,0,193,254,30 wingmate=1526,-147,7712,0,193,254,30
retail_frame=4278 camera=1414,-150,7646,0,182,0 player=1526,-148,7679,0,193,254,30 wingmate=10742,-148,7807,0,193,254,30
retail_frame=4282 camera=1414,-149,7646,0,182,0 player=1526,-148,7679,0,193,254,30 wingmate=10742,-148,7807,0,193,254,30
retail_frame=4286 camera=1414,-149,7646,0,182,0 player=1526,-148,7679,0,193,255,30 wingmate=1526,-146,7712,0,193,255,30
retail_frame=4290 camera=1414,-149,7646,0,182,0 player=1526,-148,7679,0,193,255,30 wingmate=10742,-148,7807,0,193,255,30
retail_frame=4294 camera=1414,-149,7646,0,182,0 player=1526,-148,7679,0,193,0,30 wingmate=10742,-148,7807,0,193,0,30
retail_frame=4298 camera=1414,-149,7646,0,182,0 player=1526,-148,7679,0,193,1,30 wingmate=1526,-145,7712,0,193,1,30
retail_frame=4302 camera=1414,-148,7646,0,182,0 player=1526,-148,7679,0,193,1,30 wingmate=10742,-148,7807,0,193,1,30
retail_frame=4306 camera=1414,-148,7646,0,182,0 player=1526,-148,7679,0,193,2,30 wingmate=10742,-148,7807,0,193,2,30
retail_frame=4310 camera=1414,-147,7646,0,182,0 player=1526,-148,7679,0,193,2,30 wingmate=10742,-148,7807,0,193,2,30
retail_frame=4314 camera=1414,-147,7646,0,182,0 player=1526,-148,7679,0,193,3,30 wingmate=1526,-144,7712,0,193,3,30
retail_frame=4318 camera=1414,-146,7646,0,182,0 player=1526,-148,7679,0,193,3,30 wingmate=10742,-148,7807,0,193,3,30
retail_frame=4322 camera=1414,-146,7646,0,182,0 player=1526,-148,7679,0,193,3,30 wingmate=10742,-148,7807,0,193,3,30
retail_frame=4326 camera=1414,-145,7646,0,182,0 player=1526,-148,7679,0,193,4,30 wingmate=10742,-148,7807,0,193,4,30
retail_frame=4330 camera=1414,-145,7646,0,182,0 player=1526,-148,7679,0,193,4,30 wingmate=1526,-142,7712,0,193,4,30
retail_frame=4334 camera=1414,-145,7646,0,182,0 player=1526,-148,7679,0,193,4,30 wingmate=10742,-148,7807,0,193,4,30
retail_frame=4338 camera=1414,-145,7646,0,182,0 player=1526,-148,7679,0,193,4,30 wingmate=10742,-148,7807,0,193,4,30
retail_frame=4342 camera=1414,-144,7646,0,182,0 player=1526,-148,7679,0,193,4,30 wingmate=10742,-148,7807,0,193,4,30
retail_frame=4346 camera=1414,-144,7646,0,182,0 player=1554,-148,7679,0,193,3,30 wingmate=1526,-142,7712,0,193,3,30
retail_frame=4350 camera=1414,-144,7646,0,182,0 player=1526,-148,7679,0,193,3,30 wingmate=10742,-148,7807,0,193,3,30
retail_frame=4354 camera=1414,-144,7646,0,182,0 player=1526,-148,7679,0,193,3,30 wingmate=10742,-148,7807,0,193,3,30
retail_frame=4358 camera=1414,-144,7646,0,182,0 player=1526,-148,7679,0,193,2,30 wingmate=1526,-143,7712,0,193,2,30
retail_frame=4362 camera=1414,-144,7646,0,182,0 player=1526,-148,7679,0,193,2,30 wingmate=10742,-148,7807,0,193,2,30
retail_frame=4366 camera=1414,-144,7646,0,182,0 player=1526,-148,7679,0,193,2,30 wingmate=10742,-148,7807,0,193,2,30
retail_frame=4370 camera=1414,-144,7646,0,182,0 player=1526,-148,7679,0,193,1,30 wingmate=1526,-144,7712,0,193,1,30
retail_frame=4374 camera=1414,-145,7646,0,182,0 player=1526,-148,7679,0,193,1,30 wingmate=10742,-148,7807,0,193,1,30
retail_frame=4378 camera=1414,-145,7646,0,182,0 player=1526,-148,7679,0,193,0,30 wingmate=10742,-148,7807,0,193,0,30
retail_frame=4382 camera=1414,-145,7646,0,182,0 player=1526,-148,7679,0,193,255,30 wingmate=10742,-148,7807,0,193,255,30
retail_frame=4386 camera=1414,-145,7646,0,182,0 player=1526,-148,7679,0,193,254,30 wingmate=1526,-145,7712,0,193,254,30
retail_frame=4390 camera=1414,-146,7646,0,182,0 player=1526,-148,7679,0,193,254,30 wingmate=10742,-148,7807,0,193,254,30
retail_frame=4394 camera=1414,-146,7646,0,182,0 player=1526,-148,7679,0,193,254,30 wingmate=10742,-148,7807,0,193,254,30
retail_frame=4398 camera=1414,-147,7646,0,182,0 player=1526,-148,7679,0,193,253,30 wingmate=10742,-148,7807,0,193,253,30
retail_frame=4402 camera=1414,-147,7646,0,182,0 player=1526,-148,7679,0,193,253,30 wingmate=1526,-147,7712,0,193,253,30
retail_frame=4406 camera=1414,-148,7646,0,182,0 player=1526,-148,7679,0,193,253,30 wingmate=10742,-148,7807,0,193,253,30
retail_frame=4410 camera=1414,-148,7646,0,182,0 player=1526,-148,7679,0,193,252,30 wingmate=10742,-148,7807,0,193,252,30
retail_frame=4414 camera=1414,-149,7646,0,182,0 player=1526,-148,7679,0,193,252,30 wingmate=10742,-148,7807,0,193,252,30
retail_frame=4418 camera=1414,-149,7646,0,182,0 player=1554,-148,7679,0,193,252,30 wingmate=1526,-148,7712,0,193,252,30
retail_frame=4422 camera=1414,-149,7646,0,182,0 player=1526,-148,7679,0,193,252,30 wingmate=10742,-148,7807,0,193,252,30
retail_frame=4426 camera=1414,-149,7646,0,182,0 player=1526,-148,7679,0,193,252,30 wingmate=10742,-148,7807,0,193,252,30
retail_frame=4430 camera=1414,-149,7646,0,182,0 player=1526,-148,7679,0,193,253,30 wingmate=1526,-148,7712,0,193,253,30
retail_frame=4434 camera=1414,-150,7646,0,182,0 player=1526,-148,7679,0,193,253,30 wingmate=10742,-148,7807,0,193,253,30
retail_frame=4438 camera=1414,-150,7646,0,182,0 player=1526,-148,7679,0,193,253,30 wingmate=10742,-148,7807,0,193,253,30
retail_frame=4442 camera=1414,-150,7646,0,182,0 player=1526,-148,7679,0,193,254,30 wingmate=1526,-147,7712,0,193,254,30
retail_frame=4446 camera=1414,-150,7646,0,182,0 player=1526,-148,7679,0,193,254,30 wingmate=10742,-148,7807,0,193,254,30
retail_frame=4450 camera=1414,-150,7646,0,182,0 player=1526,-148,7679,0,193,254,30 wingmate=10742,-148,7807,0,193,254,30
retail_frame=4454 camera=1414,-150,7646,0,182,0 player=1526,-148,7679,0,193,255,30 wingmate=1554,-148,7679,0,193,255,30
retail_frame=4458 camera=1414,-150,7646,0,182,0 player=1526,-148,7679,0,193,0,30 wingmate=1526,-145,7712,0,193,0,30
retail_frame=4462 camera=1414,-149,7646,0,182,0 player=1526,-148,7679,0,193,0,30 wingmate=10742,-148,7807,0,193,0,30
retail_frame=4466 camera=1414,-149,7646,0,182,0 player=1526,-148,7679,0,193,1,30 wingmate=10742,-148,7807,0,193,1,30
retail_frame=4470 camera=1414,-149,7646,0,182,0 player=1526,-148,7679,0,193,2,30 wingmate=1526,-145,7712,0,193,2,30
retail_frame=4474 camera=1414,-149,7646,0,182,0 player=1526,-148,7679,0,193,2,30 wingmate=1526,-144,7712,0,193,2,30
retail_frame=4478 camera=1414,-148,7646,0,182,0 player=1526,-148,7679,0,193,2,30 wingmate=10742,-148,7807,0,193,2,30
retail_frame=4482 camera=1414,-148,7646,0,182,0 player=1526,-148,7679,0,193,3,30 wingmate=10742,-148,7807,0,193,3,30
retail_frame=4486 camera=1414,-148,7646,0,182,0 player=1526,-148,7679,0,193,3,30 wingmate=1526,-143,7712,0,193,3,30
retail_frame=4490 camera=1414,-147,7646,0,182,0 player=1526,-148,7679,0,193,3,30 wingmate=10742,-148,7807,0,193,3,30
retail_frame=4494 camera=1414,-146,7646,0,182,0 player=1526,-148,7679,0,193,4,30 wingmate=10742,-148,7807,0,193,4,30
retail_frame=4498 camera=1414,-146,7646,0,182,0 player=1526,-148,7679,0,193,4,30 wingmate=10742,-148,7807,0,193,4,30
retail_frame=4502 camera=1414,-146,7646,0,182,0 player=1526,-148,7679,0,193,4,30 wingmate=1526,-142,7712,0,193,4,30
retail_frame=4506 camera=1414,-145,7646,0,182,0 player=1526,-148,7679,0,193,4,30 wingmate=10742,-148,7807,0,193,4,30
retail_frame=4510 camera=1414,-145,7646,0,182,0 player=1526,-148,7679,0,193,4,30 wingmate=10742,-148,7807,0,193,4,30
retail_frame=4514 camera=1414,-145,7646,0,182,0 player=1526,-148,7679,0,193,3,30 wingmate=1526,-142,7712,0,193,3,30
retail_frame=4518 camera=1414,-145,7646,0,182,0 player=1526,-148,7679,0,193,3,30 wingmate=10742,-148,7807,0,193,3,30
retail_frame=4522 camera=1414,-144,7646,0,182,0 player=1526,-148,7679,0,193,3,30 wingmate=10742,-148,7807,0,193,3,30
retail_frame=4526 camera=1414,-144,7646,0,182,0 player=1526,-148,7679,0,193,2,30 wingmate=1554,-148,7679,0,193,2,30
retail_frame=4530 camera=1414,-144,7646,0,182,0 player=1554,-148,7679,0,193,2,30 wingmate=1526,-144,7712,0,193,2,30
retail_frame=4534 camera=1414,-144,7646,0,182,0 player=1526,-148,7679,0,193,2,30 wingmate=10742,-148,7807,0,193,2,30
retail_frame=4538 camera=1414,-144,7646,0,182,0 player=1526,-148,7679,0,193,1,30 wingmate=10742,-148,7807,0,193,1,30
retail_frame=4542 camera=1414,-144,7646,0,182,0 player=1526,-148,7679,0,193,0,30 wingmate=1526,-145,7712,0,193,0,30
retail_frame=4546 camera=1414,-144,7646,0,182,0 player=1526,-148,7679,0,193,255,30 wingmate=1526,-145,7712,0,193,255,30
retail_frame=4550 camera=1414,-145,7646,0,182,0 player=1526,-148,7679,0,193,255,30 wingmate=10742,-148,7807,0,193,255,30
retail_frame=4554 camera=1414,-145,7646,0,182,0 player=1526,-148,7679,0,193,254,30 wingmate=10742,-148,7807,0,193,254,30
retail_frame=4558 camera=1414,-145,7646,0,182,0 player=1526,-148,7679,0,193,254,30 wingmate=1526,-146,7712,0,193,254,30
retail_frame=4562 camera=1414,-145,7646,0,182,0 player=1526,-148,7679,0,193,253,30 wingmate=1526,-146,7712,0,193,253,0
retail_frame=4566 camera=1414,-146,7646,0,182,0 player=1526,-148,7679,0,193,253,30 wingmate=10742,-148,7807,0,193,253,30
retail_frame=4570 camera=1414,-146,7646,0,182,0 player=1526,-148,7679,0,193,253,30 wingmate=10742,-148,7807,0,193,253,30
retail_frame=4574 camera=1414,-146,7646,0,182,0 player=1526,-148,7679,0,193,252,30 wingmate=1526,-147,7712,0,193,252,30
retail_frame=4578 camera=1414,-147,7646,0,182,0 player=1526,-148,7679,0,193,252,30 wingmate=10742,-148,7807,0,193,252,30
retail_frame=4582 camera=1414,-148,7646,0,182,0 player=1526,-148,7679,0,193,252,30 wingmate=10742,-148,7807,0,193,252,30
retail_frame=4586 camera=1414,-148,7646,0,182,0 player=1526,-148,7679,0,193,252,30 wingmate=1526,-148,7712,0,193,252,30
retail_frame=4590 camera=1414,-148,7646,0,182,0 player=1526,-148,7679,0,193,252,30 wingmate=10742,-148,7807,0,193,252,30
retail_frame=4594 camera=1414,-149,7646,0,182,0 player=1526,-148,7679,0,193,252,30 wingmate=10742,-148,7807,0,193,252,30
retail_frame=4598 camera=1414,-149,7646,0,182,0 player=1526,-148,7679,0,193,253,30 wingmate=1554,-148,7679,0,193,253,30
retail_frame=4602 camera=1414,-149,7646,0,182,0 player=1526,-148,7679,0,193,253,30 wingmate=1526,-147,7712,0,193,253,30
retail_frame=4606 camera=1414,-149,7646,0,182,0 player=1526,-148,7679,0,193,253,30 wingmate=10742,-148,7807,0,193,253,30
retail_frame=4610 camera=1414,-150,7646,0,182,0 player=1526,-148,7679,0,193,254,30 wingmate=10742,-148,7807,0,193,254,30
retail_frame=4614 camera=1414,-150,7646,0,182,0 player=1526,-148,7679,0,193,254,30 wingmate=1526,-146,7712,0,193,254,30
retail_frame=4618 camera=1414,-150,7646,0,182,0 player=1526,-148,7679,0,193,254,30 wingmate=1526,-144,7646,0,193,254,30
retail_frame=4622 camera=1414,-150,7646,0,182,0 player=1526,-148,7679,0,193,255,30 wingmate=10742,-148,7807,0,193,255,30
retail_frame=4626 camera=1414,-150,7646,0,182,0 player=1526,-148,7679,0,193,0,30 wingmate=10742,-148,7807,0,193,0,30
retail_frame=4630 camera=1414,-150,7646,0,182,0 player=1526,-148,7679,0,193,1,30 wingmate=1526,-145,7712,0,193,1,30
retail_frame=4634 camera=1414,-150,7646,0,182,0 player=1526,-148,7679,0,193,1,30 wingmate=10742,-148,7807,0,193,1,30
retail_frame=4638 camera=1414,-149,7646,0,182,0 player=1526,-148,7679,0,193,2,30 wingmate=10742,-148,7807,0,193,2,30
retail_frame=4642 camera=1414,-149,7646,0,182,0 player=1526,-148,7679,0,193,2,30 wingmate=10742,-148,7807,0,193,2,30
retail_frame=4646 camera=1414,-149,7646,0,182,0 player=1526,-148,7679,0,193,3,30 wingmate=1526,-144,7712,0,193,3,30
retail_frame=4650 camera=1414,-149,7646,0,182,0 player=1526,-148,7679,0,193,3,30 wingmate=10742,-148,7807,0,193,3,30
retail_frame=4654 camera=1414,-148,7646,0,182,0 player=1526,-148,7679,0,193,3,30 wingmate=10742,-148,7807,0,193,3,30
retail_frame=4658 camera=1414,-148,7646,0,182,0 player=1526,-148,7679,0,193,4,30 wingmate=1526,-143,7712,0,193,4,30
retail_frame=4662 camera=1414,-148,7646,0,182,0 player=1526,-148,7679,0,193,4,30 wingmate=10742,-148,7807,0,193,4,30
retail_frame=4666 camera=1414,-147,7646,0,182,0 player=1526,-148,7679,0,193,4,30 wingmate=10742,-148,7807,0,193,4,30
retail_frame=4670 camera=1414,-147,7646,0,182,0 player=1526,-148,7679,0,193,4,30 wingmate=1554,-148,7679,0,193,4,30
retail_frame=4674 camera=1414,-146,7646,0,182,0 player=1526,-148,7679,0,193,4,30 wingmate=1526,-142,7712,0,193,4,30
retail_frame=4678 camera=1414,-146,7646,0,182,0 player=1526,-148,7679,0,193,4,30 wingmate=10742,-148,7807,0,193,4,30
retail_frame=4682 camera=1414,-145,7646,0,182,0 player=1526,-148,7679,0,193,3,30 wingmate=10742,-148,7807,0,193,3,30
retail_frame=4686 camera=1414,-145,7646,0,182,0 player=1526,-148,7679,0,193,3,30 wingmate=1526,-143,7712,0,193,3,30
retail_frame=4690 camera=1414,-145,7646,0,182,0 player=1526,-148,7679,0,193,2,30 wingmate=1526,-143,7712,0,193,2,30
retail_frame=4694 camera=1414,-145,7646,0,182,0 player=1526,-148,7679,0,193,2,30 wingmate=10742,-148,7807,0,193,2,30
retail_frame=4698 camera=1414,-144,7646,0,182,0 player=1526,-148,7679,0,193,2,30 wingmate=10742,-148,7807,0,193,2,30
retail_frame=4702 camera=1414,-144,7646,0,182,0 player=1526,-148,7679,0,193,1,30 wingmate=1526,-144,7712,0,193,1,30
retail_frame=4706 camera=1414,-144,7646,0,182,0 player=1526,-148,7679,0,193,1,30 wingmate=10742,-148,7807,0,193,1,30
retail_frame=4710 camera=1414,-144,7646,0,182,0 player=1526,-148,7679,0,193,0,30 wingmate=10742,-148,7807,0,193,0,30
retail_frame=4714 camera=1414,-144,7646,0,182,0 player=1526,-148,7679,0,193,255,30 wingmate=10742,-148,7807,0,193,255,30
retail_frame=4718 camera=1414,-144,7646,0,182,0 player=1526,-148,7679,0,193,254,30 wingmate=1526,-145,7712,0,193,254,30
retail_frame=4722 camera=1414,-144,7646,0,182,0 player=1526,-148,7679,0,193,254,30 wingmate=10742,-148,7807,0,193,254,30
retail_frame=4726 camera=1414,-145,7646,0,182,0 player=1526,-148,7679,0,193,254,30 wingmate=10742,-148,7807,0,193,254,30
retail_frame=4730 camera=1414,-145,7646,0,182,0 player=1526,-148,7679,0,193,253,30 wingmate=1526,-146,7712,0,193,253,30
retail_frame=4734 camera=1414,-145,7646,0,182,0 player=1526,-148,7679,0,193,253,30 wingmate=10742,-148,7807,0,193,253,30
retail_frame=4738 camera=1414,-145,7646,0,182,0 player=1526,-148,7679,0,193,253,30 wingmate=10742,-148,7807,0,193,253,30
retail_frame=4742 camera=1414,-145,7646,0,182,0 player=1526,-148,7679,0,193,252,30 wingmate=1554,-148,7679,0,193,252,30
retail_frame=4746 camera=1414,-146,7646,0,182,0 player=1554,-148,7679,0,193,252,30 wingmate=1526,-148,7712,0,193,252,30
retail_frame=4750 camera=1414,-146,7646,0,182,0 player=1526,-148,7679,0,193,252,30 wingmate=10742,-148,7807,0,193,252,30
retail_frame=4754 camera=1414,-147,7646,0,182,0 player=1526,-148,7679,0,193,252,30 wingmate=10742,-148,7807,0,193,252,30
retail_frame=4758 camera=1414,-147,7646,0,182,0 player=1526,-148,7679,0,193,252,30 wingmate=1526,-148,7712,0,193,252,30
retail_frame=4762 camera=1414,-148,7646,0,182,0 player=1526,-148,7679,0,193,252,30 wingmate=1526,-148,7712,0,193,252,30
retail_frame=4766 camera=1414,-148,7646,0,182,0 player=1526,-148,7679,0,193,253,30 wingmate=10742,-148,7807,0,193,253,30
retail_frame=4770 camera=1414,-149,7646,0,182,0 player=1526,-148,7679,0,193,253,30 wingmate=10742,-148,7807,0,193,253,30
retail_frame=4774 camera=1414,-149,7646,0,182,0 player=1526,-148,7679,0,193,254,30 wingmate=1526,-147,7712,0,193,254,30
retail_frame=4778 camera=1414,-149,7646,0,182,0 player=1526,-148,7679,0,193,254,30 wingmate=10742,-148,7807,0,193,254,30
retail_frame=4782 camera=1414,-149,7646,0,182,0 player=1526,-148,7679,0,193,254,30 wingmate=10742,-148,7807,0,193,254,30
retail_frame=4786 camera=1414,-150,7646,0,182,0 player=1526,-148,7679,0,193,255,30 wingmate=10742,-148,7807,0,193,255,30
retail_frame=4790 camera=1414,-150,7646,0,182,0 player=1526,-148,7679,0,193,0,30 wingmate=1526,-145,7712,0,193,0,30
retail_frame=4794 camera=1414,-150,7646,0,182,0 player=1526,-148,7679,0,193,0,30 wingmate=10742,-148,7807,0,193,0,30
retail_frame=4798 camera=1414,-150,7646,0,182,0 player=1526,-148,7679,0,193,1,30 wingmate=10742,-148,7807,0,193,1,30
retail_frame=4802 camera=1414,-150,7646,0,182,0 player=1526,-148,7679,0,193,2,30 wingmate=1526,-145,7712,0,193,2,30
retail_frame=4806 camera=1414,-150,7646,0,182,0 player=1526,-148,7679,0,193,2,30 wingmate=10742,-148,7807,0,193,2,30
retail_frame=4810 camera=1414,-150,7646,0,182,0 player=1526,-148,7679,0,193,2,30 wingmate=10742,-148,7807,0,193,2,30
retail_frame=4814 camera=1414,-150,7646,0,182,0 player=1526,-148,7679,0,193,3,30 wingmate=1554,-148,7679,0,193,3,30
retail_frame=4818 camera=1414,-149,7646,0,182,0 player=1526,-148,7679,0,193,3,30 wingmate=1526,-143,7712,0,193,3,30
retail_frame=4822 camera=1414,-149,7646,0,182,0 player=1526,-148,7679,0,193,3,30 wingmate=10742,-148,7807,0,193,3,30
retail_frame=4826 camera=1414,-149,7646,0,182,0 player=1526,-148,7679,0,193,4,30 wingmate=10742,-148,7807,0,193,4,30
retail_frame=4830 camera=1414,-149,7646,0,182,0 player=1526,-148,7679,0,193,4,30 wingmate=1526,-142,7712,0,193,4,30
retail_frame=4834 camera=1414,-148,7646,0,182,0 player=1526,-148,7679,0,193,4,30 wingmate=1526,-148,7646,0,193,4,30
retail_frame=4838 camera=1414,-148,7646,0,182,0 player=1526,-148,7679,0,193,4,30 wingmate=10742,-148,7807,0,193,4,30
retail_frame=4842 camera=1414,-147,7646,0,182,0 player=1526,-148,7679,0,193,4,30 wingmate=10742,-148,7807,0,193,4,30
retail_frame=4846 camera=1414,-147,7646,0,182,0 player=1526,-148,7679,0,193,3,30 wingmate=1526,-142,7712,0,193,3,30
retail_frame=4850 camera=1414,-146,7646,0,182,0 player=1526,-148,7679,0,193,3,30 wingmate=10742,-148,7807,0,193,3,30
retail_frame=4854 camera=1414,-146,7646,0,182,0 player=1526,-148,7679,0,193,3,30 wingmate=10742,-148,7807,0,193,3,30
retail_frame=4858 camera=1414,-145,7646,0,182,0 player=1526,-148,7679,0,193,2,30 wingmate=10742,-148,7807,0,193,2,30
retail_frame=4862 camera=1414,-145,7646,0,182,0 player=1526,-148,7679,0,193,2,30 wingmate=1526,-144,7712,0,193,2,30
retail_frame=4866 camera=1414,-145,7646,0,182,0 player=1526,-148,7679,0,193,2,30 wingmate=10742,-148,7807,0,193,2,30
retail_frame=4870 camera=1414,-145,7646,0,182,0 player=1526,-148,7679,0,193,1,30 wingmate=10742,-148,7807,0,193,1,30
retail_frame=4874 camera=1414,-145,7646,0,182,0 player=1526,-148,7679,0,193,0,30 wingmate=1526,-145,7712,0,193,0,30
retail_frame=4878 camera=1414,-144,7646,0,182,0 player=1526,-148,7679,0,193,0,30 wingmate=10742,-148,7807,0,193,0,30
retail_frame=4882 camera=1414,-144,7646,0,182,0 player=1526,-148,7679,0,193,255,30 wingmate=10742,-148,7807,0,193,255,30
retail_frame=4886 camera=1414,-144,7646,0,182,0 player=1526,-148,7679,0,193,254,30 wingmate=1554,-148,7679,0,193,254,30
retail_frame=4890 camera=1414,-144,7646,0,182,0 player=1554,-148,7679,0,193,254,30 wingmate=1526,-146,7712,0,193,254,30
retail_frame=4894 camera=1414,-144,7646,0,182,0 player=1526,-148,7679,0,193,254,30 wingmate=10742,-148,7807,0,193,254,30
retail_frame=4898 camera=1414,-144,7646,0,182,0 player=1526,-148,7679,0,193,253,30 wingmate=10742,-148,7807,0,193,253,30
retail_frame=4902 camera=1414,-144,7646,0,182,0 player=1526,-148,7679,0,193,253,30 wingmate=1526,-147,7712,0,193,253,30
retail_frame=4906 camera=1414,-145,7646,0,182,0 player=1526,-148,7679,0,193,252,30 wingmate=1526,-147,7712,0,193,252,30
retail_frame=4910 camera=1414,-145,7646,0,182,0 player=1526,-148,7679,0,193,252,30 wingmate=10742,-148,7807,0,193,252,30
retail_frame=4914 camera=1414,-145,7646,0,182,0 player=1526,-148,7679,0,193,252,30 wingmate=10742,-148,7807,0,193,252,30
retail_frame=4918 camera=1414,-145,7646,0,182,0 player=1526,-148,7679,0,193,252,30 wingmate=1526,-148,7712,0,193,252,30
retail_frame=4922 camera=1414,-146,7646,0,182,0 player=1526,-148,7679,0,193,252,30 wingmate=10742,-148,7807,0,193,252,30
retail_frame=4926 camera=1414,-146,7646,0,182,0 player=1526,-148,7679,0,193,252,30 wingmate=10742,-148,7807,0,193,252,30
retail_frame=4930 camera=1414,-147,7646,0,182,0 player=1526,-148,7679,0,193,253,30 wingmate=10742,-148,7807,0,193,253,30
retail_frame=4934 camera=1414,-147,7646,0,182,0 player=1526,-148,7679,0,193,253,30 wingmate=1526,-147,7712,0,193,253,30
retail_frame=4938 camera=1414,-148,7646,0,182,0 player=1526,-148,7679,0,193,253,30 wingmate=10742,-148,7807,0,193,253,30
retail_frame=4942 camera=1414,-148,7646,0,182,0 player=1526,-148,7679,0,193,254,30 wingmate=10742,-148,7807,0,193,254,30
retail_frame=4946 camera=1414,-148,7646,0,182,0 player=1526,-148,7679,0,193,254,30 wingmate=1526,-146,7712,0,193,254,30
retail_frame=4950 camera=1414,-149,7646,0,182,0 player=1526,-148,7679,0,193,254,30 wingmate=10742,-148,7807,0,193,254,30
retail_frame=4954 camera=1414,-149,7646,0,182,0 player=1526,-148,7679,0,193,255,30 wingmate=10742,-148,7807,0,193,255,30
retail_frame=4958 camera=1414,-149,7646,0,182,0 player=1526,-148,7679,0,193,0,30 wingmate=1554,-148,7679,0,193,0,30
retail_frame=4962 camera=1414,-149,7646,0,182,0 player=1526,-148,7679,0,193,1,30 wingmate=1526,-145,7712,0,193,1,30
retail_frame=4966 camera=1414,-150,7646,0,182,0 player=1526,-148,7679,0,193,1,30 wingmate=10742,-148,7807,0,193,1,30
retail_frame=4970 camera=1414,-150,7646,0,182,0 player=1526,-148,7679,0,193,2,30 wingmate=10742,-148,7807,0,193,2,30
retail_frame=4974 camera=1414,-150,7646,0,182,0 player=1526,-148,7679,0,193,2,30 wingmate=1526,-144,7712,0,193,2,30
retail_frame=4978 camera=1414,-150,7646,0,182,0 player=1526,-148,7679,0,193,2,30 wingmate=1526,-144,7712,0,193,2,30
retail_frame=4982 camera=1414,-150,7646,0,182,0 player=1526,-148,7679,0,193,3,30 wingmate=10742,-148,7807,0,193,3,30
retail_frame=4986 camera=1414,-150,7646,0,182,0 player=1526,-148,7679,0,193,3,30 wingmate=10742,-148,7807,0,193,3,30
retail_frame=4990 camera=1414,-150,7646,0,182,0 player=1526,-148,7679,0,193,4,30 wingmate=1526,-143,7712,0,193,4,30
retail_frame=4994 camera=1414,-149,7646,0,182,0 player=1526,-148,7679,0,193,4,30 wingmate=10742,-148,7807,0,193,4,30
retail_frame=4998 camera=1414,-149,7646,0,182,0 player=1526,-148,7679,0,193,4,30 wingmate=10742,-148,7807,0,193,4,30
retail_frame=5002 camera=1414,-149,7646,0,182,0 player=1526,-148,7679,0,193,4,30 wingmate=10742,-148,7807,0,193,4,30
retail_frame=5006 camera=1414,-149,7646,0,182,0 player=1526,-148,7679,0,193,4,30 wingmate=1526,-142,7712,0,193,4,30
retail_frame=5010 camera=1414,-148,7646,0,182,0 player=1526,-148,7679,0,193,4,30 wingmate=10742,-148,7807,0,193,4,30
retail_frame=5014 camera=1414,-148,7646,0,182,0 player=1526,-148,7679,0,193,3,30 wingmate=10742,-148,7807,0,193,3,30
retail_frame=5018 camera=1414,-148,7646,0,182,0 player=1526,-148,7679,0,193,3,30 wingmate=1526,-143,7712,0,193,3,30
retail_frame=5022 camera=1414,-147,7646,0,182,0 player=1526,-148,7679,0,193,3,30 wingmate=10742,-148,7807,0,193,3,30
retail_frame=5026 camera=1414,-146,7646,0,182,0 player=1526,-148,7679,0,193,2,30 wingmate=10742,-148,7807,0,193,2,30
retail_frame=5030 camera=1414,-146,7646,0,182,0 player=1526,-148,7679,0,193,2,30 wingmate=1554,-148,7679,0,193,2,30
retail_frame=5034 camera=1414,-146,7646,0,182,0 player=1526,-148,7679,0,193,1,30 wingmate=1526,-144,7712,0,193,1,30
retail_frame=5038 camera=1414,-145,7646,0,182,0 player=1526,-148,7679,0,193,1,30 wingmate=10742,-148,7807,0,193,1,30
retail_frame=5042 camera=1414,-145,7646,0,182,0 player=1526,-148,7679,0,193,0,30 wingmate=10742,-148,7807,0,193,0,30
retail_frame=5046 camera=1414,-145,7646,0,182,0 player=1526,-148,7679,0,193,255,30 wingmate=1526,-145,7712,0,193,255,30
retail_frame=5050 camera=1414,-145,7646,0,182,0 player=1526,-148,7679,0,193,254,30 wingmate=1526,-145,7712,0,193,255,30
retail_frame=5054 camera=1414,-144,7646,0,182,0 player=1526,-148,7679,0,193,254,30 wingmate=10742,-148,7807,0,193,254,30
retail_frame=5058 camera=1414,-144,7646,0,182,0 player=1526,-148,7679,0,193,254,30 wingmate=10742,-148,7807,0,193,254,30
retail_frame=5062 camera=1414,-144,7646,0,182,0 player=1526,-148,7679,0,193,253,30 wingmate=1526,-146,7712,0,193,253,30
retail_frame=5066 camera=1414,-144,7646,0,182,0 player=1526,-148,7679,0,193,253,30 wingmate=10742,-148,7807,0,193,253,30
retail_frame=5070 camera=1414,-144,7646,0,182,0 player=1526,-148,7679,0,193,253,30 wingmate=10742,-148,7807,0,193,253,30
retail_frame=5074 camera=1414,-144,7646,0,182,0 player=1526,-148,7679,0,193,252,30 wingmate=10742,-148,7807,0,193,252,30
retail_frame=5078 camera=1414,-144,7646,0,182,0 player=1526,-148,7679,0,193,252,30 wingmate=1526,-148,7712,0,193,252,30
retail_frame=5082 camera=1414,-145,7646,0,182,0 player=1526,-148,7679,0,193,252,30 wingmate=10742,-148,7807,0,193,252,30
retail_frame=5086 camera=1414,-145,7646,0,182,0 player=1526,-148,7679,0,193,252,30 wingmate=10742,-148,7807,0,193,252,30
retail_frame=5090 camera=1414,-145,7646,0,182,0 player=1526,-148,7679,0,193,252,30 wingmate=1526,-148,7712,0,193,252,30
retail_frame=5094 camera=1414,-145,7646,0,182,0 player=1526,-148,7679,0,193,252,30 wingmate=10742,-148,7807,0,193,252,30
retail_frame=5098 camera=1414,-146,7646,0,182,0 player=1526,-148,7679,0,193,253,30 wingmate=10742,-148,7807,0,193,253,30
retail_frame=5102 camera=1414,-146,7646,0,182,0 player=1526,-148,7679,0,193,253,30 wingmate=1554,-148,7679,0,193,253,30
retail_frame=5106 camera=1414,-146,7646,0,182,0 player=1526,-148,7679,0,193,253,30 wingmate=10742,-148,7807,0,193,253,30
retail_frame=5110 camera=1414,-147,7646,0,182,0 player=1526,-148,7679,0,193,254,30 wingmate=10742,-148,7807,0,193,254,30
retail_frame=5114 camera=1414,-148,7646,0,182,0 player=1526,-148,7679,0,193,254,30 wingmate=10742,-148,7807,0,193,254,30
retail_frame=5118 camera=1414,-148,7646,0,182,0 player=1526,-148,7679,0,193,255,30 wingmate=1526,-146,7712,0,193,255,30
retail_frame=5122 camera=1414,-148,7646,0,182,0 player=1526,-148,7679,0,193,255,30 wingmate=10742,-148,7807,0,193,255,30
retail_frame=5126 camera=1414,-149,7646,0,182,0 player=1526,-148,7679,0,193,0,30 wingmate=10742,-148,7807,0,193,0,30
retail_frame=5130 camera=1414,-149,7646,0,182,0 player=1526,-148,7679,0,193,1,30 wingmate=10742,-148,7807,0,193,1,30
retail_frame=5134 camera=1414,-149,7646,0,182,0 player=1526,-148,7679,0,193,2,30 wingmate=1526,-145,7712,0,193,2,30
retail_frame=5138 camera=1414,-149,7646,0,182,0 player=1526,-148,7679,0,193,2,30 wingmate=10742,-148,7807,0,193,2,30
retail_frame=5142 camera=1414,-150,7646,0,182,0 player=1526,-148,7679,0,193,2,30 wingmate=10742,-148,7807,0,193,2,30
retail_frame=5146 camera=1414,-150,7646,0,182,0 player=1526,-148,7679,0,193,3,30 wingmate=10742,-148,7807,0,193,3,30
retail_frame=5150 camera=1414,-150,7646,0,182,0 player=1554,-148,7679,0,193,3,30 wingmate=1526,-143,7712,0,193,3,30
retail_frame=5154 camera=1414,-150,7646,0,182,0 player=1526,-148,7679,0,193,3,30 wingmate=10742,-148,7807,0,193,3,30
retail_frame=5158 camera=1414,-150,7646,0,182,0 player=1526,-148,7679,0,193,4,30 wingmate=10742,-148,7807,0,193,4,30
retail_frame=5162 camera=1414,-150,7646,0,182,0 player=1526,-148,7679,0,193,4,30 wingmate=1526,-142,7712,0,193,4,30
retail_frame=5166 camera=1414,-150,7646,0,182,0 player=1526,-148,7679,0,193,4,30 wingmate=10742,-148,7807,0,193,4,30
retail_frame=5170 camera=1414,-149,7646,0,182,0 player=1526,-148,7679,0,193,4,30 wingmate=10742,-148,7807,0,193,4,30
retail_frame=5174 camera=1414,-149,7646,0,182,0 player=1526,-148,7679,0,193,4,30 wingmate=1526,-142,7712,0,193,4,30
retail_frame=5178 camera=1414,-149,7646,0,182,0 player=1526,-148,7679,0,193,4,30 wingmate=10742,-148,7807,0,193,4,30
retail_frame=5182 camera=1414,-149,7646,0,182,0 player=1526,-148,7679,0,193,3,30 wingmate=10742,-148,7807,0,193,3,30
retail_frame=5186 camera=1414,-148,7646,0,182,0 player=1526,-148,7679,0,193,3,30 wingmate=10742,-148,7807,0,193,3,30
retail_frame=5190 camera=1414,-148,7646,0,182,0 player=1526,-148,7679,0,193,2,30 wingmate=1526,-143,7712,0,193,2,30
retail_frame=5194 camera=1414,-148,7646,0,182,0 player=1526,-148,7679,0,193,2,30 wingmate=10742,-148,7807,0,193,2,30
retail_frame=5198 camera=1414,-147,7646,0,182,0 player=1526,-148,7679,0,193,2,30 wingmate=10742,-148,7807,0,193,2,30
retail_frame=5202 camera=1414,-146,7646,0,182,0 player=1526,-148,7679,0,193,1,30 wingmate=10742,-148,7807,0,193,1,30
retail_frame=5206 camera=1414,-146,7646,0,182,0 player=1526,-148,7679,0,193,0,30 wingmate=1526,-145,7712,0,193,0,30
retail_frame=5210 camera=1414,-146,7646,0,182,0 player=1526,-148,7679,0,193,0,30 wingmate=10742,-148,7807,0,193,0,30
retail_frame=5214 camera=1414,-145,7646,0,182,0 player=1526,-148,7679,0,193,255,30 wingmate=10742,-148,7807,0,193,255,30
retail_frame=5218 camera=1414,-145,7646,0,182,0 player=1526,-148,7679,0,193,254,30 wingmate=10742,-148,7807,0,193,254,30
retail_frame=5222 camera=1414,-145,7646,0,182,0 player=1554,-148,7679,0,193,254,30 wingmate=1526,-146,7712,0,193,254,30
retail_frame=5226 camera=1414,-145,7646,0,182,0 player=1526,-148,7679,0,193,254,30 wingmate=10742,-148,7807,0,193,254,30
retail_frame=5230 camera=1414,-144,7646,0,182,0 player=1526,-148,7679,0,193,253,30 wingmate=10742,-148,7807,0,193,253,30
retail_frame=5234 camera=1414,-144,7646,0,182,0 player=1526,-148,7679,0,193,253,30 wingmate=1526,-147,7712,0,193,253,30
retail_frame=5238 camera=1414,-144,7646,0,182,0 player=1526,-148,7679,0,193,253,30 wingmate=10742,-148,7807,0,193,253,30
retail_frame=5242 camera=1414,-144,7646,0,182,0 player=1526,-148,7679,0,193,252,30 wingmate=10742,-148,7807,0,193,252,30
retail_frame=5246 camera=1414,-144,7646,0,182,0 player=1526,-148,7679,0,193,252,30 wingmate=1526,-148,7712,0,193,252,30
retail_frame=5250 camera=1414,-144,7646,0,182,0 player=1526,-148,7679,0,193,252,30 wingmate=10742,-148,7807,0,193,252,30
retail_frame=5254 camera=1414,-144,7646,0,182,0 player=1526,-148,7679,0,193,252,30 wingmate=10742,-148,7807,0,193,252,30
retail_frame=5258 camera=1414,-145,7646,0,182,0 player=1526,-148,7679,0,193,252,30 wingmate=10742,-148,7807,0,193,252,30
retail_frame=5262 camera=1414,-145,7646,0,182,0 player=1526,-148,7679,0,193,253,30 wingmate=1526,-148,7712,0,193,253,30
retail_frame=5266 camera=1414,-145,7646,0,182,0 player=1526,-148,7679,0,193,253,30 wingmate=10742,-148,7807,0,193,253,30
retail_frame=5270 camera=1414,-145,7646,0,182,0 player=1526,-148,7679,0,193,253,30 wingmate=10742,-148,7807,0,193,253,30
retail_frame=5274 camera=1414,-146,7646,0,182,0 player=1526,-148,7679,0,193,254,30 wingmate=10742,-148,7807,0,193,254,30
retail_frame=5278 camera=1414,-146,7646,0,182,0 player=1526,-148,7679,0,193,254,30 wingmate=1526,-146,7712,0,193,254,30
retail_frame=5282 camera=1414,-146,7646,0,182,0 player=1526,-148,7679,0,193,254,30 wingmate=10742,-148,7807,0,193,254,30
retail_frame=5286 camera=1414,-147,7646,0,182,0 player=1526,-148,7679,0,193,255,30 wingmate=10742,-148,7807,0,193,255,30
retail_frame=5290 camera=1414,-148,7646,0,182,0 player=1526,-148,7679,0,193,0,30 wingmate=10742,-148,7807,0,193,0,30
retail_frame=5294 camera=1414,-148,7646,0,182,0 player=1526,-148,7679,0,193,1,30 wingmate=1526,-145,7712,0,193,1,30
retail_frame=5298 camera=1414,-148,7646,0,182,0 player=1526,-148,7679,0,193,1,30 wingmate=10742,-148,7807,0,193,1,30
retail_frame=5302 camera=1414,-149,7646,0,182,0 player=1526,-148,7679,0,193,2,30 wingmate=10742,-148,7807,0,193,2,30
retail_frame=5306 camera=1414,-149,7646,0,182,0 player=1526,-148,7679,0,193,2,30 wingmate=1526,-144,7712,0,193,2,30
retail_frame=5310 camera=1414,-149,7646,0,182,0 player=1526,-148,7679,0,193,2,30 wingmate=10742,-148,7807,0,193,2,30
retail_frame=5314 camera=1414,-149,7646,0,182,0 player=1526,-148,7679,0,193,3,30 wingmate=10742,-148,7807,0,193,3,30
retail_frame=5318 camera=1414,-149,7646,0,182,0 player=1526,-148,7679,0,193,3,30 wingmate=1526,-143,7712,0,193,3,30
retail_frame=5322 camera=1414,-150,7646,0,182,0 player=1526,-148,7679,0,193,3,30 wingmate=10742,-148,7807,0,193,3,30
retail_frame=5326 camera=1414,-150,7646,0,182,0 player=1526,-148,7679,0,193,4,30 wingmate=10742,-148,7807,0,193,4,30
retail_frame=5330 camera=1414,-150,7646,0,182,0 player=1526,-148,7679,0,193,4,30 wingmate=10742,-148,7807,0,193,4,30
retail_frame=5334 camera=1414,-150,7646,0,182,0 player=1526,-148,7679,0,193,4,30 wingmate=1526,-142,7712,0,193,4,30
retail_frame=5338 camera=1414,-150,7646,0,182,0 player=1526,-148,7679,0,193,4,30 wingmate=10742,-148,7807,0,193,4,30
retail_frame=5342 camera=1414,-150,7646,0,182,0 player=1526,-148,7679,0,193,4,30 wingmate=10742,-148,7807,0,193,4,30
retail_frame=5346 camera=1414,-149,7646,0,182,0 player=1526,-148,7679,0,193,3,30 wingmate=10742,-148,7807,0,193,3,30
retail_frame=5350 camera=1414,-149,7646,0,182,0 player=1526,-148,7679,0,193,3,30 wingmate=1526,-143,7712,0,193,3,30
retail_frame=5354 camera=1414,-149,7646,0,182,0 player=1526,-148,7679,0,193,3,30 wingmate=10742,-148,7807,0,193,3,30
retail_frame=5358 camera=1414,-149,7646,0,182,0 player=1526,-148,7679,0,193,2,30 wingmate=10742,-148,7807,0,193,2,30
retail_frame=5362 camera=1414,-148,7646,0,182,0 player=1526,-148,7679,0,193,2,30 wingmate=10742,-148,7807,0,193,2,30
retail_frame=5366 camera=1414,-148,7646,0,182,0 player=1554,-148,7679,0,193,1,30 wingmate=1526,-144,7712,0,193,1,30
retail_frame=5370 camera=1414,-148,7646,0,182,0 player=1526,-148,7679,0,193,1,30 wingmate=10742,-148,7807,0,193,1,30
retail_frame=5374 camera=1414,-147,7646,0,182,0 player=1526,-148,7679,0,193,0,30 wingmate=10742,-148,7807,0,193,0,30
retail_frame=5378 camera=1414,-147,7646,0,182,0 player=1526,-148,7679,0,193,255,30 wingmate=1526,-145,7712,0,193,255,30
retail_frame=5382 camera=1414,-146,7646,0,182,0 player=1526,-148,7679,0,193,255,30 wingmate=10742,-148,7807,0,193,255,30
retail_frame=5386 camera=1414,-146,7646,0,182,0 player=1526,-148,7679,0,193,254,30 wingmate=10742,-148,7807,0,193,254,30
retail_frame=5390 camera=1414,-146,7646,0,182,0 player=1526,-148,7679,0,193,254,30 wingmate=1526,-146,7712,0,193,254,30
retail_frame=5394 camera=1414,-145,7646,0,182,0 player=1526,-148,7679,0,193,254,30 wingmate=10742,-148,7807,0,193,254,30
retail_frame=5398 camera=1414,-145,7646,0,182,0 player=1526,-148,7679,0,193,253,30 wingmate=10742,-148,7807,0,193,253,30
retail_frame=5402 camera=1414,-145,7646,0,182,0 player=1526,-148,7679,0,193,253,30 wingmate=1554,-148,7679,0,193,253,30
retail_frame=5406 camera=1414,-145,7646,0,182,0 player=1554,-148,7679,0,193,252,30 wingmate=1526,-147,7712,0,193,252,30
retail_frame=5410 camera=1414,-144,7646,0,182,0 player=1526,-148,7679,0,193,252,30 wingmate=10742,-148,7807,0,193,252,30
retail_frame=5414 camera=1414,-144,7646,0,182,0 player=1526,-148,7679,0,193,252,30 wingmate=10742,-148,7807,0,193,252,30
retail_frame=5418 camera=1414,-144,7646,0,182,0 player=1526,-148,7679,0,193,252,30 wingmate=1526,-148,7712,0,193,252,30
retail_frame=5422 camera=1414,-144,7646,0,182,0 player=1526,-148,7679,0,193,252,30 wingmate=1526,-148,7712,0,193,252,30
retail_frame=5426 camera=1414,-144,7646,0,182,0 player=1526,-148,7679,0,193,252,30 wingmate=10742,-148,7807,0,193,252,30
retail_frame=5430 camera=1414,-144,7646,0,182,0 player=1526,-148,7679,0,193,253,30 wingmate=10742,-148,7807,0,193,253,30
retail_frame=5434 camera=1414,-144,7646,0,182,0 player=1526,-148,7679,0,193,253,30 wingmate=1526,-147,7712,0,193,253,30
retail_frame=5438 camera=1414,-145,7646,0,182,0 player=1526,-148,7679,0,193,253,30 wingmate=10742,-148,7807,0,193,253,30
retail_frame=5442 camera=1414,-145,7646,0,182,0 player=1526,-148,7679,0,193,254,30 wingmate=10742,-148,7807,0,193,254,30
retail_frame=5446 camera=1414,-145,7646,0,182,0 player=1526,-148,7679,0,193,254,30 wingmate=10742,-148,7807,0,193,254,30
retail_frame=5450 camera=1414,-145,7646,0,182,0 player=1526,-148,7679,0,193,255,30 wingmate=1526,-146,7712,0,193,255,30
retail_frame=5454 camera=1414,-146,7646,0,182,0 player=1526,-148,7679,0,193,255,30 wingmate=10742,-148,7807,0,193,255,30
retail_frame=5458 camera=1414,-146,7646,0,182,0 player=1526,-148,7679,0,193,0,30 wingmate=10742,-148,7807,0,193,0,30
retail_frame=5462 camera=1414,-146,7646,0,182,0 player=1526,-148,7679,0,193,1,30 wingmate=1526,-145,7712,0,193,1,30
retail_frame=5466 camera=1414,-147,7646,0,182,0 player=1526,-148,7679,0,193,1,30 wingmate=10742,-148,7807,0,193,1,30
retail_frame=5470 camera=1414,-148,7646,0,182,0 player=1526,-148,7679,0,193,2,30 wingmate=10742,-148,7807,0,193,2,30
retail_frame=5474 camera=1414,-148,7646,0,182,0 player=1526,-148,7679,0,193,2,30 wingmate=1554,-148,7679,0,193,2,30
retail_frame=5478 camera=1414,-148,7646,0,182,0 player=1526,-148,7679,0,193,3,30 wingmate=1526,-144,7712,0,193,3,30
retail_frame=5482 camera=1414,-149,7646,0,182,0 player=1526,-148,7679,0,193,3,30 wingmate=10742,-148,7807,0,193,3,30
retail_frame=5486 camera=1414,-149,7646,0,182,0 player=1526,-148,7679,0,193,3,30 wingmate=10742,-148,7807,0,193,3,30
retail_frame=5490 camera=1414,-149,7646,0,182,0 player=1526,-148,7679,0,193,4,30 wingmate=1526,-143,7712,0,193,4,30
retail_frame=5494 camera=1414,-149,7646,0,182,0 player=1526,-148,7679,0,193,4,30 wingmate=1526,-142,7712,0,193,4,30
retail_frame=5498 camera=1414,-150,7646,0,182,0 player=1526,-148,7679,0,193,4,30 wingmate=10742,-148,7807,0,193,4,30
retail_frame=5502 camera=1414,-150,7646,0,182,0 player=1526,-148,7679,0,193,4,30 wingmate=10742,-148,7807,0,193,4,30
retail_frame=5506 camera=1414,-150,7646,0,182,0 player=1526,-148,7679,0,193,4,30 wingmate=1526,-142,7712,0,193,4,30
retail_frame=5510 camera=1414,-150,7646,0,182,0 player=1526,-148,7679,0,193,3,30 wingmate=1526,-142,7712,0,193,3,0
retail_frame=5514 camera=1414,-150,7646,0,182,0 player=1526,-148,7679,0,193,3,30 wingmate=10742,-148,7807,0,193,3,30
retail_frame=5518 camera=1414,-150,7646,0,182,0 player=1526,-148,7679,0,193,3,30 wingmate=10742,-148,7807,0,193,3,30
retail_frame=5522 camera=1414,-150,7646,0,182,0 player=1526,-148,7679,0,193,2,30 wingmate=1526,-143,7712,0,193,2,30
retail_frame=5526 camera=1414,-149,7646,0,182,0 player=1526,-148,7679,0,193,2,30 wingmate=10742,-148,7807,0,193,2,30
retail_frame=5530 camera=1414,-149,7646,0,182,0 player=1526,-148,7679,0,193,2,30 wingmate=10742,-148,7807,0,193,2,30
retail_frame=5534 camera=1414,-149,7646,0,182,0 player=1526,-148,7679,0,193,1,30 wingmate=1526,-144,7712,0,193,1,30
retail_frame=5538 camera=1414,-149,7646,0,182,0 player=1526,-148,7679,0,193,1,30 wingmate=10742,-148,7807,0,193,1,30
retail_frame=5542 camera=1414,-148,7646,0,182,0 player=1526,-148,7679,0,193,0,30 wingmate=10742,-148,7807,0,193,0,30
retail_frame=5546 camera=1414,-148,7646,0,182,0 player=1526,-148,7679,0,193,255,30 wingmate=10742,-148,7807,0,193,255,30
retail_frame=5550 camera=1414,-148,7646,0,182,0 player=1526,-148,7679,0,193,254,30 wingmate=1526,-145,7712,0,193,254,30
retail_frame=5554 camera=1414,-147,7646,0,182,0 player=1526,-148,7679,0,193,254,30 wingmate=10742,-148,7807,0,193,254,30
retail_frame=5558 camera=1414,-146,7646,0,182,0 player=1526,-148,7679,0,193,254,30 wingmate=10742,-148,7807,0,193,254,30
retail_frame=5562 camera=1414,-146,7646,0,182,0 player=1526,-148,7679,0,193,253,30 wingmate=10742,-148,7807,0,193,253,30
retail_frame=5566 camera=1414,-146,7646,0,182,0 player=1526,-148,7679,0,193,253,30 wingmate=1526,-147,7712,0,193,253,30
retail_frame=5570 camera=1414,-145,7646,0,182,0 player=1526,-148,7679,0,193,253,30 wingmate=10742,-148,7807,0,193,253,30
retail_frame=5574 camera=1414,-145,7646,0,182,0 player=1526,-148,7679,0,193,252,30 wingmate=10742,-148,7807,0,193,252,30
retail_frame=5578 camera=1414,-145,7646,0,182,0 player=1526,-148,7679,0,193,252,30 wingmate=1414,-145,7646,0,193,252,30
retail_frame=5582 camera=1414,-145,7646,0,182,0 player=1554,-148,7679,0,193,252,30 wingmate=1526,-148,7712,0,193,252,30
retail_frame=5586 camera=1414,-144,7646,0,182,0 player=1526,-148,7679,0,193,252,30 wingmate=10742,-148,7807,0,193,252,30
retail_frame=5590 camera=1414,-144,7646,0,182,0 player=1526,-148,7679,0,193,252,30 wingmate=10742,-148,7807,0,193,252,30
