# Compact oracle evidence for the three interception fighters.
# Raw source SHA-256: d111fd2d179676bf696c4e54765e25e11d49045b7d268ec2fde34522254624dc
# Opaque actor storage was reduced to semantic flight values.
elapsed=27480 actor=flank event=vertical-step path=8942 target_speed=0 acceleration=0 corridor=-2500,1200,-2500 wave_mode=Entry wave_phase=4 bank_target=0 bank_turn=0
elapsed=27480 actor=rear event=move path=872C target_speed=0 acceleration=0 corridor=2500,1200,-2500 wave_mode=Entry wave_phase=4 bank_target=0 bank_turn=0
elapsed=27480 actor=rear event=vertical-step path=8942 target_speed=0 acceleration=0 corridor=2500,1200,-2500 wave_mode=Entry wave_phase=4 bank_target=0 bank_turn=0
elapsed=27482 actor=lead event=move path=872C target_speed=0 acceleration=0 corridor=0,0,0 wave_mode=Entry wave_phase=4 bank_target=0 bank_turn=0
elapsed=27482 actor=lead event=vertical-step path=8942 target_speed=0 acceleration=0 corridor=0,0,0 wave_mode=Entry wave_phase=4 bank_target=0 bank_turn=0
elapsed=27483 actor=flank event=move path=872C target_speed=0 acceleration=0 corridor=-2500,1200,-2500 wave_mode=Entry wave_phase=8 bank_target=0 bank_turn=0
elapsed=27483 actor=flank event=vertical-step path=8942 target_speed=0 acceleration=0 corridor=-2500,1200,-2500 wave_mode=Entry wave_phase=8 bank_target=0 bank_turn=0
elapsed=27483 actor=rear event=move path=872C target_speed=0 acceleration=0 corridor=2500,1200,-2500 wave_mode=Entry wave_phase=8 bank_target=0 bank_turn=0
elapsed=27483 actor=rear event=vertical-step path=8942 target_speed=0 acceleration=0 corridor=2500,1200,-2500 wave_mode=Entry wave_phase=8 bank_target=0 bank_turn=0
elapsed=27486 actor=lead event=move path=872C target_speed=0 acceleration=0 corridor=0,0,0 wave_mode=Entry wave_phase=8 bank_target=0 bank_turn=0
elapsed=27486 actor=lead event=vertical-step path=8942 target_speed=0 acceleration=0 corridor=0,0,0 wave_mode=Entry wave_phase=8 bank_target=0 bank_turn=0
elapsed=27487 actor=flank event=move path=872C target_speed=0 acceleration=0 corridor=-2500,1200,-2500 wave_mode=Entry wave_phase=12 bank_target=0 bank_turn=0
elapsed=27487 actor=flank event=vertical-step path=8942 target_speed=0 acceleration=0 corridor=-2500,1200,-2500 wave_mode=Entry wave_phase=12 bank_target=0 bank_turn=0
elapsed=27487 actor=rear event=move path=872C target_speed=0 acceleration=0 corridor=2500,1200,-2500 wave_mode=Entry wave_phase=12 bank_target=0 bank_turn=0
elapsed=27488 actor=rear event=vertical-step path=8942 target_speed=0 acceleration=0 corridor=2500,1200,-2500 wave_mode=Entry wave_phase=12 bank_target=0 bank_turn=0
elapsed=27490 actor=lead event=move path=872C target_speed=0 acceleration=0 corridor=0,0,0 wave_mode=Entry wave_phase=12 bank_target=0 bank_turn=0
elapsed=27490 actor=lead event=vertical-step path=8942 target_speed=0 acceleration=0 corridor=0,0,0 wave_mode=Entry wave_phase=12 bank_target=0 bank_turn=0
elapsed=27490 actor=flank event=move path=872C target_speed=0 acceleration=0 corridor=-2500,1200,-2500 wave_mode=Entry wave_phase=16 bank_target=0 bank_turn=0
elapsed=27491 actor=flank event=vertical-step path=8942 target_speed=0 acceleration=0 corridor=-2500,1200,-2500 wave_mode=Entry wave_phase=16 bank_target=0 bank_turn=0
elapsed=27491 actor=rear event=move path=872C target_speed=0 acceleration=0 corridor=2500,1200,-2500 wave_mode=Entry wave_phase=16 bank_target=0 bank_turn=0
elapsed=27491 actor=rear event=vertical-step path=8942 target_speed=0 acceleration=0 corridor=2500,1200,-2500 wave_mode=Entry wave_phase=16 bank_target=0 bank_turn=0
elapsed=27493 actor=lead event=move path=872C target_speed=0 acceleration=0 corridor=0,0,0 wave_mode=Entry wave_phase=16 bank_target=0 bank_turn=0
elapsed=27493 actor=lead event=vertical-step path=8942 target_speed=0 acceleration=0 corridor=0,0,0 wave_mode=Entry wave_phase=16 bank_target=0 bank_turn=0
elapsed=27494 actor=flank event=move path=872C target_speed=0 acceleration=0 corridor=-2500,1200,-2500 wave_mode=Entry wave_phase=20 bank_target=0 bank_turn=0
elapsed=27494 actor=flank event=vertical-step path=8942 target_speed=0 acceleration=0 corridor=-2500,1200,-2500 wave_mode=Entry wave_phase=20 bank_target=0 bank_turn=0
elapsed=27494 actor=rear event=move path=872C target_speed=0 acceleration=0 corridor=2500,1200,-2500 wave_mode=Entry wave_phase=20 bank_target=0 bank_turn=0
elapsed=27494 actor=rear event=vertical-step path=8942 target_speed=0 acceleration=0 corridor=2500,1200,-2500 wave_mode=Entry wave_phase=20 bank_target=0 bank_turn=0
elapsed=27497 actor=lead event=move path=872C target_speed=0 acceleration=0 corridor=0,0,0 wave_mode=Entry wave_phase=20 bank_target=0 bank_turn=0
elapsed=27497 actor=lead event=vertical-step path=8942 target_speed=0 acceleration=0 corridor=0,0,0 wave_mode=Entry wave_phase=20 bank_target=0 bank_turn=0
elapsed=27498 actor=flank event=move path=872C target_speed=0 acceleration=0 corridor=-2500,1200,-2500 wave_mode=Entry wave_phase=24 bank_target=0 bank_turn=0
elapsed=27498 actor=flank event=vertical-step path=8942 target_speed=0 acceleration=0 corridor=-2500,1200,-2500 wave_mode=Entry wave_phase=24 bank_target=0 bank_turn=0
elapsed=27498 actor=rear event=move path=872C target_speed=0 acceleration=0 corridor=2500,1200,-2500 wave_mode=Entry wave_phase=24 bank_target=0 bank_turn=0
elapsed=27498 actor=rear event=vertical-step path=8942 target_speed=0 acceleration=0 corridor=2500,1200,-2500 wave_mode=Entry wave_phase=24 bank_target=0 bank_turn=0
elapsed=27500 actor=lead event=move path=872C target_speed=0 acceleration=0 corridor=0,0,0 wave_mode=Entry wave_phase=24 bank_target=0 bank_turn=0
elapsed=27501 actor=lead event=vertical-step path=8942 target_speed=0 acceleration=0 corridor=0,0,0 wave_mode=Entry wave_phase=24 bank_target=0 bank_turn=0
elapsed=27501 actor=flank event=move path=872C target_speed=0 acceleration=0 corridor=-2500,1200,-2500 wave_mode=Entry wave_phase=28 bank_target=0 bank_turn=0
elapsed=27501 actor=flank event=vertical-step path=8942 target_speed=0 acceleration=0 corridor=-2500,1200,-2500 wave_mode=Entry wave_phase=28 bank_target=0 bank_turn=0
elapsed=27501 actor=rear event=move path=872C target_speed=0 acceleration=0 corridor=2500,1200,-2500 wave_mode=Entry wave_phase=28 bank_target=0 bank_turn=0
elapsed=27502 actor=rear event=vertical-step path=8942 target_speed=0 acceleration=0 corridor=2500,1200,-2500 wave_mode=Entry wave_phase=28 bank_target=0 bank_turn=0
elapsed=27504 actor=lead event=move path=872C target_speed=0 acceleration=0 corridor=0,0,0 wave_mode=Entry wave_phase=28 bank_target=0 bank_turn=0
elapsed=27504 actor=lead event=vertical-step path=8942 target_speed=0 acceleration=0 corridor=0,0,0 wave_mode=Entry wave_phase=28 bank_target=0 bank_turn=0
elapsed=27505 actor=flank event=move path=872C target_speed=0 acceleration=0 corridor=-2500,1200,-2500 wave_mode=Entry wave_phase=32 bank_target=0 bank_turn=0
elapsed=27505 actor=flank event=vertical-step path=8942 target_speed=0 acceleration=0 corridor=-2500,1200,-2500 wave_mode=Entry wave_phase=32 bank_target=0 bank_turn=0
elapsed=27505 actor=rear event=move path=872C target_speed=0 acceleration=0 corridor=2500,1200,-2500 wave_mode=Entry wave_phase=32 bank_target=0 bank_turn=0
elapsed=27505 actor=rear event=vertical-step path=8942 target_speed=0 acceleration=0 corridor=2500,1200,-2500 wave_mode=Entry wave_phase=32 bank_target=0 bank_turn=0
elapsed=27507 actor=lead event=move path=872C target_speed=0 acceleration=0 corridor=0,0,0 wave_mode=Entry wave_phase=32 bank_target=0 bank_turn=0
elapsed=27508 actor=lead event=vertical-step path=8942 target_speed=0 acceleration=0 corridor=0,0,0 wave_mode=Entry wave_phase=32 bank_target=0 bank_turn=0
elapsed=27508 actor=flank event=move path=872C target_speed=0 acceleration=0 corridor=-2500,1200,-2500 wave_mode=Entry wave_phase=36 bank_target=0 bank_turn=0
elapsed=27508 actor=flank event=vertical-step path=8942 target_speed=0 acceleration=0 corridor=-2500,1200,-2500 wave_mode=Entry wave_phase=36 bank_target=0 bank_turn=0
elapsed=27508 actor=rear event=move path=872C target_speed=0 acceleration=0 corridor=2500,1200,-2500 wave_mode=Entry wave_phase=36 bank_target=0 bank_turn=0
elapsed=27509 actor=rear event=vertical-step path=8942 target_speed=0 acceleration=0 corridor=2500,1200,-2500 wave_mode=Entry wave_phase=36 bank_target=0 bank_turn=0
elapsed=27511 actor=lead event=move path=872C target_speed=0 acceleration=0 corridor=0,0,0 wave_mode=Entry wave_phase=36 bank_target=0 bank_turn=0
elapsed=27511 actor=lead event=vertical-step path=8942 target_speed=0 acceleration=0 corridor=0,0,0 wave_mode=Entry wave_phase=36 bank_target=0 bank_turn=0
elapsed=27512 actor=flank event=move path=872C target_speed=0 acceleration=0 corridor=-2500,1200,-2500 wave_mode=Entry wave_phase=40 bank_target=0 bank_turn=0
elapsed=27512 actor=flank event=vertical-step path=8942 target_speed=0 acceleration=0 corridor=-2500,1200,-2500 wave_mode=Entry wave_phase=40 bank_target=0 bank_turn=0
elapsed=27512 actor=rear event=move path=872C target_speed=0 acceleration=0 corridor=2500,1200,-2500 wave_mode=Entry wave_phase=40 bank_target=0 bank_turn=0
elapsed=27513 actor=rear event=vertical-step path=8942 target_speed=0 acceleration=0 corridor=2500,1200,-2500 wave_mode=Entry wave_phase=40 bank_target=0 bank_turn=0
elapsed=27515 actor=lead event=move path=872C target_speed=0 acceleration=0 corridor=0,0,0 wave_mode=Entry wave_phase=40 bank_target=0 bank_turn=0
elapsed=27515 actor=lead event=vertical-step path=8942 target_speed=0 acceleration=0 corridor=0,0,0 wave_mode=Entry wave_phase=40 bank_target=0 bank_turn=0
elapsed=27515 actor=flank event=move path=872C target_speed=0 acceleration=0 corridor=-2500,1200,-2500 wave_mode=Entry wave_phase=44 bank_target=0 bank_turn=0
elapsed=27516 actor=flank event=vertical-step path=8942 target_speed=0 acceleration=0 corridor=-2500,1200,-2500 wave_mode=Entry wave_phase=44 bank_target=0 bank_turn=0
elapsed=27516 actor=rear event=move path=872C target_speed=0 acceleration=0 corridor=2500,1200,-2500 wave_mode=Entry wave_phase=44 bank_target=0 bank_turn=0
elapsed=27516 actor=rear event=vertical-step path=8942 target_speed=0 acceleration=0 corridor=2500,1200,-2500 wave_mode=Entry wave_phase=44 bank_target=0 bank_turn=0
elapsed=27518 actor=lead event=move path=872C target_speed=0 acceleration=0 corridor=0,0,0 wave_mode=Entry wave_phase=44 bank_target=0 bank_turn=0
elapsed=27519 actor=lead event=vertical-step path=8942 target_speed=0 acceleration=0 corridor=0,0,0 wave_mode=Entry wave_phase=44 bank_target=0 bank_turn=0
elapsed=27519 actor=flank event=move path=872C target_speed=0 acceleration=0 corridor=-2500,1200,-2500 wave_mode=Entry wave_phase=48 bank_target=0 bank_turn=0
elapsed=27519 actor=flank event=vertical-step path=8942 target_speed=0 acceleration=0 corridor=-2500,1200,-2500 wave_mode=Entry wave_phase=48 bank_target=0 bank_turn=0
elapsed=27519 actor=rear event=move path=872C target_speed=0 acceleration=0 corridor=2500,1200,-2500 wave_mode=Entry wave_phase=48 bank_target=0 bank_turn=0
elapsed=27520 actor=rear event=vertical-step path=8942 target_speed=0 acceleration=0 corridor=2500,1200,-2500 wave_mode=Entry wave_phase=48 bank_target=0 bank_turn=0
elapsed=27522 actor=lead event=move path=872C target_speed=0 acceleration=0 corridor=0,0,0 wave_mode=Entry wave_phase=48 bank_target=0 bank_turn=0
elapsed=27522 actor=lead event=vertical-step path=8942 target_speed=0 acceleration=0 corridor=0,0,0 wave_mode=Entry wave_phase=48 bank_target=0 bank_turn=0
elapsed=27523 actor=flank event=move path=872C target_speed=0 acceleration=0 corridor=-2500,1200,-2500 wave_mode=Entry wave_phase=52 bank_target=0 bank_turn=0
elapsed=27523 actor=flank event=vertical-step path=8942 target_speed=0 acceleration=0 corridor=-2500,1200,-2500 wave_mode=Entry wave_phase=52 bank_target=0 bank_turn=0
elapsed=27523 actor=rear event=move path=872C target_speed=0 acceleration=0 corridor=2500,1200,-2500 wave_mode=Entry wave_phase=52 bank_target=0 bank_turn=0
elapsed=27524 actor=rear event=vertical-step path=8942 target_speed=0 acceleration=0 corridor=2500,1200,-2500 wave_mode=Entry wave_phase=52 bank_target=0 bank_turn=0
elapsed=27526 actor=lead event=move path=872C target_speed=0 acceleration=0 corridor=0,0,0 wave_mode=Entry wave_phase=52 bank_target=0 bank_turn=0
elapsed=27526 actor=lead event=vertical-step path=8942 target_speed=0 acceleration=0 corridor=0,0,0 wave_mode=Entry wave_phase=52 bank_target=0 bank_turn=0
elapsed=27526 actor=flank event=move path=872C target_speed=0 acceleration=0 corridor=-2500,1200,-2500 wave_mode=Entry wave_phase=56 bank_target=0 bank_turn=0
elapsed=27527 actor=flank event=vertical-step path=8942 target_speed=0 acceleration=0 corridor=-2500,1200,-2500 wave_mode=Entry wave_phase=56 bank_target=0 bank_turn=0
elapsed=27527 actor=rear event=move path=872C target_speed=0 acceleration=0 corridor=2500,1200,-2500 wave_mode=Entry wave_phase=56 bank_target=0 bank_turn=0
elapsed=27527 actor=rear event=vertical-step path=8942 target_speed=0 acceleration=0 corridor=2500,1200,-2500 wave_mode=Entry wave_phase=56 bank_target=0 bank_turn=0
elapsed=27530 actor=lead event=move path=872C target_speed=0 acceleration=0 corridor=0,0,0 wave_mode=Entry wave_phase=56 bank_target=0 bank_turn=0
elapsed=27530 actor=lead event=vertical-step path=8942 target_speed=0 acceleration=0 corridor=0,0,0 wave_mode=Entry wave_phase=56 bank_target=0 bank_turn=0
elapsed=27530 actor=flank event=move path=872C target_speed=0 acceleration=0 corridor=-2500,1200,-2500 wave_mode=Entry wave_phase=60 bank_target=0 bank_turn=0
elapsed=27530 actor=flank event=vertical-step path=8942 target_speed=0 acceleration=0 corridor=-2500,1200,-2500 wave_mode=Entry wave_phase=60 bank_target=0 bank_turn=0
elapsed=27531 actor=rear event=move path=872C target_speed=0 acceleration=0 corridor=2500,1200,-2500 wave_mode=Entry wave_phase=60 bank_target=0 bank_turn=0
elapsed=27531 actor=rear event=vertical-step path=8942 target_speed=0 acceleration=0 corridor=2500,1200,-2500 wave_mode=Entry wave_phase=60 bank_target=0 bank_turn=0
elapsed=27533 actor=lead event=move path=872C target_speed=0 acceleration=0 corridor=0,0,0 wave_mode=Entry wave_phase=60 bank_target=0 bank_turn=0
elapsed=27533 actor=lead event=vertical-step path=8942 target_speed=0 acceleration=0 corridor=0,0,0 wave_mode=Entry wave_phase=60 bank_target=0 bank_turn=0
elapsed=27534 actor=flank event=move path=872C target_speed=0 acceleration=0 corridor=-2500,1200,-2500 wave_mode=Entry wave_phase=64 bank_target=0 bank_turn=0
elapsed=27534 actor=flank event=vertical-step path=8942 target_speed=0 acceleration=0 corridor=-2500,1200,-2500 wave_mode=Entry wave_phase=64 bank_target=0 bank_turn=0
elapsed=27534 actor=rear event=move path=872C target_speed=0 acceleration=0 corridor=2500,1200,-2500 wave_mode=Entry wave_phase=64 bank_target=0 bank_turn=0
elapsed=27535 actor=rear event=vertical-step path=8942 target_speed=0 acceleration=0 corridor=2500,1200,-2500 wave_mode=Entry wave_phase=64 bank_target=0 bank_turn=0
elapsed=27537 actor=lead event=move path=872C target_speed=0 acceleration=0 corridor=0,0,0 wave_mode=Entry wave_phase=64 bank_target=0 bank_turn=0
elapsed=27537 actor=lead event=vertical-step path=8942 target_speed=0 acceleration=0 corridor=0,0,0 wave_mode=Entry wave_phase=64 bank_target=0 bank_turn=0
elapsed=27538 actor=flank event=move path=872C target_speed=0 acceleration=0 corridor=-2500,1200,-2500 wave_mode=Entry wave_phase=68 bank_target=0 bank_turn=0
elapsed=27538 actor=flank event=vertical-step path=8942 target_speed=0 acceleration=0 corridor=-2500,1200,-2500 wave_mode=Entry wave_phase=68 bank_target=0 bank_turn=0
elapsed=27538 actor=rear event=move path=872C target_speed=0 acceleration=0 corridor=2500,1200,-2500 wave_mode=Entry wave_phase=68 bank_target=0 bank_turn=0
elapsed=27538 actor=rear event=vertical-step path=8942 target_speed=0 acceleration=0 corridor=2500,1200,-2500 wave_mode=Entry wave_phase=68 bank_target=0 bank_turn=0
elapsed=27541 actor=lead event=move path=872C target_speed=0 acceleration=0 corridor=0,0,0 wave_mode=Entry wave_phase=68 bank_target=0 bank_turn=0
elapsed=27541 actor=lead event=vertical-step path=8942 target_speed=0 acceleration=0 corridor=0,0,0 wave_mode=Entry wave_phase=68 bank_target=0 bank_turn=0
elapsed=27541 actor=flank event=move path=872C target_speed=0 acceleration=0 corridor=-2500,1200,-2500 wave_mode=Entry wave_phase=72 bank_target=0 bank_turn=0
elapsed=27541 actor=flank event=vertical-step path=8942 target_speed=0 acceleration=0 corridor=-2500,1200,-2500 wave_mode=Entry wave_phase=72 bank_target=0 bank_turn=0
elapsed=27542 actor=rear event=move path=872C target_speed=0 acceleration=0 corridor=2500,1200,-2500 wave_mode=Entry wave_phase=72 bank_target=0 bank_turn=0
elapsed=27542 actor=rear event=vertical-step path=8942 target_speed=0 acceleration=0 corridor=2500,1200,-2500 wave_mode=Entry wave_phase=72 bank_target=0 bank_turn=0
elapsed=27544 actor=lead event=move path=872C target_speed=0 acceleration=0 corridor=0,0,0 wave_mode=Entry wave_phase=72 bank_target=0 bank_turn=0
elapsed=27544 actor=lead event=vertical-step path=8942 target_speed=0 acceleration=0 corridor=0,0,0 wave_mode=Entry wave_phase=72 bank_target=0 bank_turn=0
elapsed=27544 actor=flank event=move path=872C target_speed=0 acceleration=0 corridor=-2500,1200,-2500 wave_mode=Entry wave_phase=76 bank_target=0 bank_turn=0
elapsed=27544 actor=flank event=vertical-step path=8942 target_speed=0 acceleration=0 corridor=-2500,1200,-2500 wave_mode=Entry wave_phase=76 bank_target=0 bank_turn=0
elapsed=27545 actor=rear event=move path=872C target_speed=0 acceleration=0 corridor=2500,1200,-2500 wave_mode=Entry wave_phase=76 bank_target=0 bank_turn=0
elapsed=27545 actor=rear event=vertical-step path=8942 target_speed=0 acceleration=0 corridor=2500,1200,-2500 wave_mode=Entry wave_phase=76 bank_target=0 bank_turn=0
elapsed=27547 actor=lead event=move path=872C target_speed=0 acceleration=0 corridor=0,0,0 wave_mode=Entry wave_phase=76 bank_target=0 bank_turn=0
elapsed=27547 actor=lead event=vertical-step path=8942 target_speed=0 acceleration=0 corridor=0,0,0 wave_mode=Entry wave_phase=76 bank_target=0 bank_turn=0
elapsed=27547 actor=flank event=move path=872C target_speed=0 acceleration=0 corridor=-2500,1200,-2500 wave_mode=Entry wave_phase=80 bank_target=0 bank_turn=0
elapsed=27547 actor=flank event=vertical-step path=8942 target_speed=0 acceleration=0 corridor=-2500,1200,-2500 wave_mode=Entry wave_phase=80 bank_target=0 bank_turn=0
elapsed=27548 actor=rear event=move path=872C target_speed=0 acceleration=0 corridor=2500,1200,-2500 wave_mode=Entry wave_phase=80 bank_target=0 bank_turn=0
elapsed=27548 actor=rear event=vertical-step path=8942 target_speed=0 acceleration=0 corridor=2500,1200,-2500 wave_mode=Entry wave_phase=80 bank_target=0 bank_turn=0
elapsed=27550 actor=lead event=move path=872C target_speed=0 acceleration=0 corridor=0,0,0 wave_mode=Entry wave_phase=80 bank_target=0 bank_turn=0
elapsed=27550 actor=lead event=vertical-step path=8942 target_speed=0 acceleration=0 corridor=0,0,0 wave_mode=Entry wave_phase=80 bank_target=0 bank_turn=0
elapsed=27550 actor=flank event=move path=872C target_speed=0 acceleration=0 corridor=-2500,1200,-2500 wave_mode=Entry wave_phase=84 bank_target=0 bank_turn=0
elapsed=27551 actor=flank event=vertical-step path=8942 target_speed=0 acceleration=0 corridor=-2500,1200,-2500 wave_mode=Entry wave_phase=84 bank_target=0 bank_turn=0
elapsed=27551 actor=rear event=move path=872C target_speed=0 acceleration=0 corridor=2500,1200,-2500 wave_mode=Entry wave_phase=84 bank_target=0 bank_turn=0
elapsed=27551 actor=rear event=vertical-step path=8942 target_speed=0 acceleration=0 corridor=2500,1200,-2500 wave_mode=Entry wave_phase=84 bank_target=0 bank_turn=0
elapsed=27553 actor=lead event=move path=872C target_speed=0 acceleration=0 corridor=0,0,0 wave_mode=Entry wave_phase=84 bank_target=0 bank_turn=0
elapsed=27553 actor=lead event=vertical-step path=8942 target_speed=0 acceleration=0 corridor=0,0,0 wave_mode=Entry wave_phase=84 bank_target=0 bank_turn=0
elapsed=27553 actor=flank event=move path=872C target_speed=0 acceleration=0 corridor=-2500,1200,-2500 wave_mode=Entry wave_phase=88 bank_target=0 bank_turn=0
elapsed=27554 actor=flank event=vertical-step path=8942 target_speed=0 acceleration=0 corridor=-2500,1200,-2500 wave_mode=Entry wave_phase=88 bank_target=0 bank_turn=0
elapsed=27554 actor=rear event=move path=872C target_speed=0 acceleration=0 corridor=2500,1200,-2500 wave_mode=Entry wave_phase=88 bank_target=0 bank_turn=0
elapsed=27554 actor=rear event=vertical-step path=8942 target_speed=0 acceleration=0 corridor=2500,1200,-2500 wave_mode=Entry wave_phase=88 bank_target=0 bank_turn=0
elapsed=27556 actor=lead event=move path=872C target_speed=0 acceleration=0 corridor=0,0,0 wave_mode=Entry wave_phase=88 bank_target=0 bank_turn=0
elapsed=27556 actor=lead event=vertical-step path=8942 target_speed=0 acceleration=0 corridor=0,0,0 wave_mode=Entry wave_phase=88 bank_target=0 bank_turn=0
elapsed=27557 actor=flank event=move path=872C target_speed=0 acceleration=0 corridor=-2500,1200,-2500 wave_mode=Entry wave_phase=92 bank_target=0 bank_turn=0
elapsed=27557 actor=flank event=vertical-step path=8942 target_speed=0 acceleration=0 corridor=-2500,1200,-2500 wave_mode=Entry wave_phase=92 bank_target=0 bank_turn=0
elapsed=27557 actor=rear event=move path=872C target_speed=0 acceleration=0 corridor=2500,1200,-2500 wave_mode=Entry wave_phase=92 bank_target=0 bank_turn=0
elapsed=27557 actor=rear event=vertical-step path=8942 target_speed=0 acceleration=0 corridor=2500,1200,-2500 wave_mode=Entry wave_phase=92 bank_target=0 bank_turn=0
elapsed=27559 actor=lead event=move path=872C target_speed=0 acceleration=0 corridor=0,0,0 wave_mode=Entry wave_phase=92 bank_target=0 bank_turn=0
elapsed=27559 actor=lead event=vertical-step path=8942 target_speed=0 acceleration=0 corridor=0,0,0 wave_mode=Entry wave_phase=92 bank_target=0 bank_turn=0
elapsed=27560 actor=flank event=move path=872C target_speed=0 acceleration=0 corridor=-2500,1200,-2500 wave_mode=Entry wave_phase=96 bank_target=0 bank_turn=0
elapsed=27560 actor=flank event=vertical-step path=8942 target_speed=0 acceleration=0 corridor=-2500,1200,-2500 wave_mode=Entry wave_phase=96 bank_target=0 bank_turn=0
elapsed=27561 actor=rear event=move path=872C target_speed=0 acceleration=0 corridor=2500,1200,-2500 wave_mode=Entry wave_phase=96 bank_target=0 bank_turn=0
elapsed=27561 actor=rear event=vertical-step path=8942 target_speed=0 acceleration=0 corridor=2500,1200,-2500 wave_mode=Entry wave_phase=96 bank_target=0 bank_turn=0
elapsed=27562 actor=lead event=move path=872C target_speed=0 acceleration=0 corridor=0,0,0 wave_mode=Entry wave_phase=96 bank_target=0 bank_turn=0
elapsed=27562 actor=lead event=vertical-step path=8942 target_speed=0 acceleration=0 corridor=0,0,0 wave_mode=Entry wave_phase=96 bank_target=0 bank_turn=0
elapsed=27563 actor=flank event=move path=872C target_speed=0 acceleration=0 corridor=-2500,1200,-2500 wave_mode=Entry wave_phase=100 bank_target=0 bank_turn=0
elapsed=27563 actor=flank event=vertical-step path=8942 target_speed=0 acceleration=0 corridor=-2500,1200,-2500 wave_mode=Entry wave_phase=100 bank_target=0 bank_turn=0
elapsed=27563 actor=rear event=move path=872C target_speed=0 acceleration=0 corridor=2500,1200,-2500 wave_mode=Entry wave_phase=100 bank_target=0 bank_turn=0
elapsed=27564 actor=rear event=vertical-step path=8942 target_speed=0 acceleration=0 corridor=2500,1200,-2500 wave_mode=Entry wave_phase=100 bank_target=0 bank_turn=0
elapsed=27565 actor=lead event=move path=872C target_speed=0 acceleration=0 corridor=0,0,0 wave_mode=Entry wave_phase=100 bank_target=0 bank_turn=0
elapsed=27566 actor=lead event=vertical-step path=8942 target_speed=0 acceleration=0 corridor=0,0,0 wave_mode=Entry wave_phase=100 bank_target=0 bank_turn=0
elapsed=27566 actor=flank event=move path=872C target_speed=0 acceleration=0 corridor=-2500,1200,-2500 wave_mode=Entry wave_phase=104 bank_target=0 bank_turn=0
elapsed=27566 actor=flank event=vertical-step path=8942 target_speed=0 acceleration=0 corridor=-2500,1200,-2500 wave_mode=Entry wave_phase=104 bank_target=0 bank_turn=0
elapsed=27567 actor=rear event=move path=872C target_speed=0 acceleration=0 corridor=2500,1200,-2500 wave_mode=Entry wave_phase=104 bank_target=0 bank_turn=0
elapsed=27567 actor=rear event=vertical-step path=8942 target_speed=0 acceleration=0 corridor=2500,1200,-2500 wave_mode=Entry wave_phase=104 bank_target=0 bank_turn=0
elapsed=27569 actor=lead event=move path=872C target_speed=0 acceleration=0 corridor=0,0,0 wave_mode=Entry wave_phase=104 bank_target=0 bank_turn=0
elapsed=27569 actor=lead event=vertical-step path=8942 target_speed=0 acceleration=0 corridor=0,0,0 wave_mode=Entry wave_phase=104 bank_target=0 bank_turn=0
elapsed=27569 actor=flank event=move path=872C target_speed=0 acceleration=0 corridor=-2500,1200,-2500 wave_mode=Entry wave_phase=108 bank_target=0 bank_turn=0
elapsed=27569 actor=flank event=vertical-step path=8942 target_speed=0 acceleration=0 corridor=-2500,1200,-2500 wave_mode=Entry wave_phase=108 bank_target=0 bank_turn=0
elapsed=27570 actor=rear event=move path=872C target_speed=0 acceleration=0 corridor=2500,1200,-2500 wave_mode=Entry wave_phase=108 bank_target=0 bank_turn=0
elapsed=27570 actor=rear event=vertical-step path=8942 target_speed=0 acceleration=0 corridor=2500,1200,-2500 wave_mode=Entry wave_phase=108 bank_target=0 bank_turn=0
elapsed=27572 actor=lead event=move path=872C target_speed=0 acceleration=0 corridor=0,0,0 wave_mode=Entry wave_phase=108 bank_target=0 bank_turn=0
elapsed=27572 actor=lead event=vertical-step path=8942 target_speed=0 acceleration=0 corridor=0,0,0 wave_mode=Entry wave_phase=108 bank_target=0 bank_turn=0
elapsed=27572 actor=flank event=move path=872C target_speed=0 acceleration=0 corridor=-2500,1200,-2500 wave_mode=Entry wave_phase=112 bank_target=0 bank_turn=0
elapsed=27572 actor=flank event=vertical-step path=8942 target_speed=0 acceleration=0 corridor=-2500,1200,-2500 wave_mode=Entry wave_phase=112 bank_target=0 bank_turn=0
elapsed=27573 actor=rear event=move path=872C target_speed=0 acceleration=0 corridor=2500,1200,-2500 wave_mode=Entry wave_phase=112 bank_target=0 bank_turn=0
elapsed=27573 actor=rear event=vertical-step path=8942 target_speed=0 acceleration=0 corridor=2500,1200,-2500 wave_mode=Entry wave_phase=112 bank_target=0 bank_turn=0
elapsed=27575 actor=lead event=move path=872C target_speed=0 acceleration=0 corridor=0,0,0 wave_mode=Entry wave_phase=112 bank_target=0 bank_turn=0
elapsed=27575 actor=lead event=vertical-step path=8942 target_speed=0 acceleration=0 corridor=0,0,0 wave_mode=Entry wave_phase=112 bank_target=0 bank_turn=0
elapsed=27575 actor=flank event=move path=872C target_speed=0 acceleration=0 corridor=-2500,1200,-2500 wave_mode=Entry wave_phase=116 bank_target=0 bank_turn=0
elapsed=27576 actor=flank event=vertical-step path=8942 target_speed=0 acceleration=0 corridor=-2500,1200,-2500 wave_mode=Entry wave_phase=116 bank_target=0 bank_turn=0
elapsed=27576 actor=rear event=move path=872C target_speed=0 acceleration=0 corridor=2500,1200,-2500 wave_mode=Entry wave_phase=116 bank_target=0 bank_turn=0
elapsed=27576 actor=rear event=vertical-step path=8942 target_speed=0 acceleration=0 corridor=2500,1200,-2500 wave_mode=Entry wave_phase=116 bank_target=0 bank_turn=0
elapsed=27578 actor=lead event=move path=872C target_speed=0 acceleration=0 corridor=0,0,0 wave_mode=Entry wave_phase=116 bank_target=0 bank_turn=0
elapsed=27578 actor=lead event=vertical-step path=8942 target_speed=0 acceleration=0 corridor=0,0,0 wave_mode=Entry wave_phase=116 bank_target=0 bank_turn=0
elapsed=27578 actor=flank event=move path=872C target_speed=0 acceleration=0 corridor=-2500,1200,-2500 wave_mode=Entry wave_phase=120 bank_target=0 bank_turn=0
elapsed=27579 actor=flank event=vertical-step path=8942 target_speed=0 acceleration=0 corridor=-2500,1200,-2500 wave_mode=Entry wave_phase=120 bank_target=0 bank_turn=0
elapsed=27579 actor=rear event=move path=872C target_speed=0 acceleration=0 corridor=2500,1200,-2500 wave_mode=Entry wave_phase=120 bank_target=0 bank_turn=0
elapsed=27579 actor=rear event=vertical-step path=8942 target_speed=0 acceleration=0 corridor=2500,1200,-2500 wave_mode=Entry wave_phase=120 bank_target=0 bank_turn=0
elapsed=27581 actor=lead event=move path=872C target_speed=0 acceleration=0 corridor=0,0,0 wave_mode=Entry wave_phase=120 bank_target=0 bank_turn=0
elapsed=27581 actor=lead event=vertical-step path=8942 target_speed=0 acceleration=0 corridor=0,0,0 wave_mode=Entry wave_phase=120 bank_target=0 bank_turn=0
elapsed=27581 actor=flank event=move path=872C target_speed=0 acceleration=0 corridor=-2500,1200,-2500 wave_mode=Entry wave_phase=124 bank_target=0 bank_turn=0
elapsed=27582 actor=flank event=vertical-step path=8942 target_speed=0 acceleration=0 corridor=-2500,1200,-2500 wave_mode=Entry wave_phase=124 bank_target=0 bank_turn=0
elapsed=27582 actor=rear event=move path=872C target_speed=0 acceleration=0 corridor=2500,1200,-2500 wave_mode=Entry wave_phase=124 bank_target=0 bank_turn=0
elapsed=27582 actor=rear event=vertical-step path=8942 target_speed=0 acceleration=0 corridor=2500,1200,-2500 wave_mode=Entry wave_phase=124 bank_target=0 bank_turn=0
elapsed=27584 actor=lead event=move path=872C target_speed=0 acceleration=0 corridor=0,0,0 wave_mode=Entry wave_phase=124 bank_target=0 bank_turn=0
elapsed=27584 actor=lead event=vertical-step path=8942 target_speed=0 acceleration=0 corridor=0,0,0 wave_mode=Entry wave_phase=124 bank_target=0 bank_turn=0
elapsed=27584 actor=flank event=move path=872C target_speed=0 acceleration=0 corridor=-2500,1200,-2500 wave_mode=Entry wave_phase=128 bank_target=0 bank_turn=0
elapsed=27585 actor=flank event=vertical-step path=8942 target_speed=0 acceleration=0 corridor=-2500,1200,-2500 wave_mode=Entry wave_phase=128 bank_target=0 bank_turn=0
elapsed=27585 actor=rear event=move path=872C target_speed=0 acceleration=0 corridor=2500,1200,-2500 wave_mode=Entry wave_phase=128 bank_target=0 bank_turn=0
elapsed=27585 actor=rear event=vertical-step path=8942 target_speed=0 acceleration=0 corridor=2500,1200,-2500 wave_mode=Entry wave_phase=128 bank_target=0 bank_turn=0
elapsed=27587 actor=lead event=move path=872C target_speed=0 acceleration=0 corridor=0,0,0 wave_mode=Entry wave_phase=128 bank_target=0 bank_turn=0
elapsed=27587 actor=lead event=vertical-step path=8942 target_speed=0 acceleration=0 corridor=0,0,0 wave_mode=Entry wave_phase=128 bank_target=0 bank_turn=0
elapsed=27587 actor=flank event=move path=872C target_speed=0 acceleration=0 corridor=-2500,1200,-2500 wave_mode=Entry wave_phase=132 bank_target=0 bank_turn=0
elapsed=27588 actor=flank event=vertical-step path=8942 target_speed=0 acceleration=0 corridor=-2500,1200,-2500 wave_mode=Entry wave_phase=132 bank_target=0 bank_turn=0
elapsed=27588 actor=rear event=move path=872C target_speed=0 acceleration=0 corridor=2500,1200,-2500 wave_mode=Entry wave_phase=132 bank_target=0 bank_turn=0
elapsed=27588 actor=rear event=vertical-step path=8942 target_speed=0 acceleration=0 corridor=2500,1200,-2500 wave_mode=Entry wave_phase=132 bank_target=0 bank_turn=0
elapsed=27590 actor=lead event=move path=872C target_speed=0 acceleration=0 corridor=0,0,0 wave_mode=Entry wave_phase=132 bank_target=0 bank_turn=0
elapsed=27590 actor=lead event=vertical-step path=8942 target_speed=0 acceleration=0 corridor=0,0,0 wave_mode=Entry wave_phase=132 bank_target=0 bank_turn=0
elapsed=27590 actor=flank event=move path=872C target_speed=0 acceleration=0 corridor=-2500,1200,-2500 wave_mode=Entry wave_phase=136 bank_target=0 bank_turn=0
elapsed=27591 actor=flank event=vertical-step path=8942 target_speed=0 acceleration=0 corridor=-2500,1200,-2500 wave_mode=Entry wave_phase=136 bank_target=0 bank_turn=0
elapsed=27591 actor=rear event=move path=872C target_speed=0 acceleration=0 corridor=2500,1200,-2500 wave_mode=Entry wave_phase=136 bank_target=0 bank_turn=0
elapsed=27591 actor=rear event=vertical-step path=8942 target_speed=0 acceleration=0 corridor=2500,1200,-2500 wave_mode=Entry wave_phase=136 bank_target=0 bank_turn=0
elapsed=27593 actor=lead event=move path=872C target_speed=0 acceleration=0 corridor=0,0,0 wave_mode=Entry wave_phase=136 bank_target=0 bank_turn=0
elapsed=27593 actor=lead event=vertical-step path=8942 target_speed=0 acceleration=0 corridor=0,0,0 wave_mode=Entry wave_phase=136 bank_target=0 bank_turn=0
elapsed=27593 actor=flank event=move path=872C target_speed=0 acceleration=0 corridor=-2500,1200,-2500 wave_mode=Entry wave_phase=140 bank_target=0 bank_turn=0
elapsed=27594 actor=flank event=vertical-step path=8942 target_speed=0 acceleration=0 corridor=-2500,1200,-2500 wave_mode=Entry wave_phase=140 bank_target=0 bank_turn=0
elapsed=27594 actor=rear event=move path=872C target_speed=0 acceleration=0 corridor=2500,1200,-2500 wave_mode=Entry wave_phase=140 bank_target=0 bank_turn=0
elapsed=27594 actor=rear event=vertical-step path=8942 target_speed=0 acceleration=0 corridor=2500,1200,-2500 wave_mode=Entry wave_phase=140 bank_target=0 bank_turn=0
elapsed=27596 actor=lead event=move path=872C target_speed=0 acceleration=0 corridor=0,0,0 wave_mode=Entry wave_phase=140 bank_target=0 bank_turn=0
elapsed=27596 actor=lead event=vertical-step path=8942 target_speed=0 acceleration=0 corridor=0,0,0 wave_mode=Entry wave_phase=140 bank_target=0 bank_turn=0
elapsed=27596 actor=flank event=move path=872C target_speed=0 acceleration=0 corridor=-2500,1200,-2500 wave_mode=Entry wave_phase=144 bank_target=0 bank_turn=0
elapsed=27596 actor=flank event=vertical-step path=8942 target_speed=0 acceleration=0 corridor=-2500,1200,-2500 wave_mode=Entry wave_phase=144 bank_target=0 bank_turn=0
elapsed=27597 actor=rear event=move path=872C target_speed=0 acceleration=0 corridor=2500,1200,-2500 wave_mode=Entry wave_phase=144 bank_target=0 bank_turn=0
elapsed=27597 actor=rear event=vertical-step path=8942 target_speed=0 acceleration=0 corridor=2500,1200,-2500 wave_mode=Entry wave_phase=144 bank_target=0 bank_turn=0
elapsed=27599 actor=lead event=move path=872C target_speed=0 acceleration=0 corridor=0,0,0 wave_mode=Entry wave_phase=144 bank_target=0 bank_turn=0
elapsed=27599 actor=lead event=vertical-step path=8942 target_speed=0 acceleration=0 corridor=0,0,0 wave_mode=Entry wave_phase=144 bank_target=0 bank_turn=0
elapsed=27599 actor=flank event=move path=872C target_speed=0 acceleration=0 corridor=-2500,1200,-2500 wave_mode=Entry wave_phase=148 bank_target=0 bank_turn=0
elapsed=27599 actor=flank event=vertical-step path=8942 target_speed=0 acceleration=0 corridor=-2500,1200,-2500 wave_mode=Entry wave_phase=148 bank_target=0 bank_turn=0
elapsed=27600 actor=rear event=move path=872C target_speed=0 acceleration=0 corridor=2500,1200,-2500 wave_mode=Entry wave_phase=148 bank_target=0 bank_turn=0
elapsed=27600 actor=rear event=vertical-step path=8942 target_speed=0 acceleration=0 corridor=2500,1200,-2500 wave_mode=Entry wave_phase=148 bank_target=0 bank_turn=0
elapsed=27602 actor=lead event=move path=872C target_speed=0 acceleration=0 corridor=0,0,0 wave_mode=Entry wave_phase=148 bank_target=0 bank_turn=0
elapsed=27602 actor=lead event=vertical-step path=8942 target_speed=0 acceleration=0 corridor=0,0,0 wave_mode=Entry wave_phase=148 bank_target=0 bank_turn=0
elapsed=27602 actor=flank event=move path=872C target_speed=0 acceleration=0 corridor=-2500,1200,-2500 wave_mode=Entry wave_phase=152 bank_target=0 bank_turn=0
elapsed=27602 actor=flank event=vertical-step path=8942 target_speed=0 acceleration=0 corridor=-2500,1200,-2500 wave_mode=Entry wave_phase=152 bank_target=0 bank_turn=0
elapsed=27603 actor=rear event=move path=872C target_speed=0 acceleration=0 corridor=2500,1200,-2500 wave_mode=Entry wave_phase=152 bank_target=0 bank_turn=0
elapsed=27603 actor=rear event=vertical-step path=8942 target_speed=0 acceleration=0 corridor=2500,1200,-2500 wave_mode=Entry wave_phase=152 bank_target=0 bank_turn=0
elapsed=27605 actor=lead event=move path=872C target_speed=0 acceleration=0 corridor=0,0,0 wave_mode=Entry wave_phase=152 bank_target=0 bank_turn=0
elapsed=27605 actor=lead event=vertical-step path=8942 target_speed=0 acceleration=0 corridor=0,0,0 wave_mode=Entry wave_phase=152 bank_target=0 bank_turn=0
elapsed=27605 actor=flank event=move path=872C target_speed=0 acceleration=0 corridor=-2500,1200,-2500 wave_mode=Entry wave_phase=156 bank_target=0 bank_turn=0
elapsed=27605 actor=flank event=vertical-step path=8942 target_speed=0 acceleration=0 corridor=-2500,1200,-2500 wave_mode=Entry wave_phase=156 bank_target=0 bank_turn=0
elapsed=27606 actor=rear event=move path=872C target_speed=0 acceleration=0 corridor=2500,1200,-2500 wave_mode=Entry wave_phase=156 bank_target=0 bank_turn=0
elapsed=27606 actor=rear event=vertical-step path=8942 target_speed=0 acceleration=0 corridor=2500,1200,-2500 wave_mode=Entry wave_phase=156 bank_target=0 bank_turn=0
elapsed=27607 actor=lead event=move path=872C target_speed=0 acceleration=0 corridor=0,0,0 wave_mode=Entry wave_phase=156 bank_target=0 bank_turn=0
elapsed=27608 actor=lead event=vertical-step path=8942 target_speed=0 acceleration=0 corridor=0,0,0 wave_mode=Entry wave_phase=156 bank_target=0 bank_turn=0
elapsed=27608 actor=flank event=move path=872C target_speed=0 acceleration=0 corridor=-2500,1200,-2500 wave_mode=Entry wave_phase=160 bank_target=0 bank_turn=0
elapsed=27608 actor=flank event=vertical-step path=8942 target_speed=0 acceleration=0 corridor=-2500,1200,-2500 wave_mode=Entry wave_phase=160 bank_target=0 bank_turn=0
elapsed=27609 actor=rear event=move path=872C target_speed=0 acceleration=0 corridor=2500,1200,-2500 wave_mode=Entry wave_phase=160 bank_target=0 bank_turn=0
elapsed=27609 actor=rear event=vertical-step path=8942 target_speed=0 acceleration=0 corridor=2500,1200,-2500 wave_mode=Entry wave_phase=160 bank_target=0 bank_turn=0
elapsed=27610 actor=lead event=move path=872C target_speed=0 acceleration=0 corridor=0,0,0 wave_mode=Entry wave_phase=160 bank_target=0 bank_turn=0
elapsed=27611 actor=lead event=vertical-step path=8942 target_speed=0 acceleration=0 corridor=0,0,0 wave_mode=Entry wave_phase=160 bank_target=0 bank_turn=0
elapsed=27611 actor=flank event=move path=872C target_speed=0 acceleration=0 corridor=-2500,1200,-2500 wave_mode=Entry wave_phase=164 bank_target=0 bank_turn=0
elapsed=27611 actor=flank event=vertical-step path=8942 target_speed=0 acceleration=0 corridor=-2500,1200,-2500 wave_mode=Entry wave_phase=164 bank_target=0 bank_turn=0
elapsed=27611 actor=rear event=move path=872C target_speed=0 acceleration=0 corridor=2500,1200,-2500 wave_mode=Entry wave_phase=164 bank_target=0 bank_turn=0
elapsed=27612 actor=rear event=vertical-step path=8942 target_speed=0 acceleration=0 corridor=2500,1200,-2500 wave_mode=Entry wave_phase=164 bank_target=0 bank_turn=0
elapsed=27613 actor=lead event=move path=872C target_speed=0 acceleration=0 corridor=0,0,0 wave_mode=Entry wave_phase=164 bank_target=0 bank_turn=0
elapsed=27614 actor=lead event=vertical-step path=8942 target_speed=0 acceleration=0 corridor=0,0,0 wave_mode=Entry wave_phase=164 bank_target=0 bank_turn=0
elapsed=27614 actor=flank event=move path=872C target_speed=0 acceleration=0 corridor=-2500,1200,-2500 wave_mode=Entry wave_phase=168 bank_target=0 bank_turn=0
elapsed=27614 actor=flank event=vertical-step path=8942 target_speed=0 acceleration=0 corridor=-2500,1200,-2500 wave_mode=Entry wave_phase=168 bank_target=0 bank_turn=0
elapsed=27614 actor=rear event=move path=872C target_speed=0 acceleration=0 corridor=2500,1200,-2500 wave_mode=Entry wave_phase=168 bank_target=0 bank_turn=0
elapsed=27615 actor=rear event=vertical-step path=8942 target_speed=0 acceleration=0 corridor=2500,1200,-2500 wave_mode=Entry wave_phase=168 bank_target=0 bank_turn=0
elapsed=27616 actor=lead event=move path=872C target_speed=0 acceleration=0 corridor=0,0,0 wave_mode=Entry wave_phase=168 bank_target=0 bank_turn=0
elapsed=27617 actor=lead event=vertical-step path=8942 target_speed=0 acceleration=0 corridor=0,0,0 wave_mode=Entry wave_phase=168 bank_target=0 bank_turn=0
elapsed=27617 actor=flank event=move path=872C target_speed=0 acceleration=0 corridor=-2500,1200,-2500 wave_mode=Entry wave_phase=172 bank_target=0 bank_turn=0
elapsed=27617 actor=flank event=vertical-step path=8942 target_speed=0 acceleration=0 corridor=-2500,1200,-2500 wave_mode=Entry wave_phase=172 bank_target=0 bank_turn=0
elapsed=27618 actor=rear event=move path=872C target_speed=0 acceleration=0 corridor=2500,1200,-2500 wave_mode=Entry wave_phase=172 bank_target=0 bank_turn=0
elapsed=27618 actor=rear event=vertical-step path=8942 target_speed=0 acceleration=0 corridor=2500,1200,-2500 wave_mode=Entry wave_phase=172 bank_target=0 bank_turn=0
elapsed=27619 actor=lead event=move path=872C target_speed=0 acceleration=0 corridor=0,0,0 wave_mode=Entry wave_phase=172 bank_target=0 bank_turn=0
elapsed=27620 actor=lead event=vertical-step path=8942 target_speed=0 acceleration=0 corridor=0,0,0 wave_mode=Entry wave_phase=172 bank_target=0 bank_turn=0
elapsed=27620 actor=flank event=move path=872C target_speed=0 acceleration=0 corridor=-2500,1200,-2500 wave_mode=Entry wave_phase=176 bank_target=0 bank_turn=0
elapsed=27620 actor=flank event=vertical-step path=8942 target_speed=0 acceleration=0 corridor=-2500,1200,-2500 wave_mode=Entry wave_phase=176 bank_target=0 bank_turn=0
elapsed=27621 actor=rear event=move path=872C target_speed=0 acceleration=0 corridor=2500,1200,-2500 wave_mode=Entry wave_phase=176 bank_target=0 bank_turn=0
elapsed=27621 actor=rear event=vertical-step path=8942 target_speed=0 acceleration=0 corridor=2500,1200,-2500 wave_mode=Entry wave_phase=176 bank_target=0 bank_turn=0
elapsed=27623 actor=lead event=move path=872C target_speed=0 acceleration=0 corridor=0,0,0 wave_mode=Entry wave_phase=176 bank_target=0 bank_turn=0
elapsed=27623 actor=lead event=vertical-step path=8942 target_speed=0 acceleration=0 corridor=0,0,0 wave_mode=Entry wave_phase=176 bank_target=0 bank_turn=0
elapsed=27624 actor=flank event=move path=872C target_speed=0 acceleration=0 corridor=-2500,1200,-2500 wave_mode=Entry wave_phase=180 bank_target=0 bank_turn=0
elapsed=27624 actor=flank event=vertical-step path=8942 target_speed=0 acceleration=0 corridor=-2500,1200,-2500 wave_mode=Entry wave_phase=180 bank_target=0 bank_turn=0
elapsed=27624 actor=rear event=move path=872C target_speed=0 acceleration=0 corridor=2500,1200,-2500 wave_mode=Entry wave_phase=180 bank_target=0 bank_turn=0
elapsed=27624 actor=rear event=vertical-step path=8942 target_speed=0 acceleration=0 corridor=2500,1200,-2500 wave_mode=Entry wave_phase=180 bank_target=0 bank_turn=0
elapsed=27626 actor=lead event=move path=872C target_speed=0 acceleration=0 corridor=0,0,0 wave_mode=Entry wave_phase=180 bank_target=0 bank_turn=0
elapsed=27626 actor=lead event=vertical-step path=8942 target_speed=0 acceleration=0 corridor=0,0,0 wave_mode=Entry wave_phase=180 bank_target=0 bank_turn=0
elapsed=27627 actor=flank event=move path=872C target_speed=0 acceleration=0 corridor=-2500,1200,-2500 wave_mode=Entry wave_phase=184 bank_target=0 bank_turn=0
elapsed=27627 actor=flank event=vertical-step path=8942 target_speed=0 acceleration=0 corridor=-2500,1200,-2500 wave_mode=Entry wave_phase=184 bank_target=0 bank_turn=0
elapsed=27627 actor=rear event=move path=872C target_speed=0 acceleration=0 corridor=2500,1200,-2500 wave_mode=Entry wave_phase=184 bank_target=0 bank_turn=0
elapsed=27628 actor=rear event=vertical-step path=8942 target_speed=0 acceleration=0 corridor=2500,1200,-2500 wave_mode=Entry wave_phase=184 bank_target=0 bank_turn=0
elapsed=27630 actor=lead event=move path=872C target_speed=0 acceleration=0 corridor=0,0,0 wave_mode=Entry wave_phase=184 bank_target=0 bank_turn=0
elapsed=27630 actor=lead event=vertical-step path=8942 target_speed=0 acceleration=0 corridor=0,0,0 wave_mode=Entry wave_phase=184 bank_target=0 bank_turn=0
elapsed=27630 actor=flank event=move path=872C target_speed=0 acceleration=0 corridor=-2500,1200,-2500 wave_mode=Entry wave_phase=188 bank_target=0 bank_turn=0
elapsed=27631 actor=flank event=vertical-step path=8942 target_speed=0 acceleration=0 corridor=-2500,1200,-2500 wave_mode=Entry wave_phase=188 bank_target=0 bank_turn=0
elapsed=27631 actor=rear event=move path=872C target_speed=0 acceleration=0 corridor=2500,1200,-2500 wave_mode=Entry wave_phase=188 bank_target=0 bank_turn=0
elapsed=27631 actor=rear event=vertical-step path=8942 target_speed=0 acceleration=0 corridor=2500,1200,-2500 wave_mode=Entry wave_phase=188 bank_target=0 bank_turn=0
elapsed=27634 actor=lead event=move path=872C target_speed=0 acceleration=0 corridor=0,0,0 wave_mode=Entry wave_phase=188 bank_target=0 bank_turn=0
elapsed=27634 actor=lead event=vertical-step path=8942 target_speed=0 acceleration=0 corridor=0,0,0 wave_mode=Entry wave_phase=188 bank_target=0 bank_turn=0
elapsed=27634 actor=flank event=move path=872C target_speed=0 acceleration=0 corridor=-2500,1200,-2500 wave_mode=Entry wave_phase=192 bank_target=0 bank_turn=0
elapsed=27634 actor=flank event=vertical-step path=8942 target_speed=0 acceleration=0 corridor=-2500,1200,-2500 wave_mode=Entry wave_phase=192 bank_target=0 bank_turn=0
elapsed=27635 actor=rear event=move path=872C target_speed=0 acceleration=0 corridor=2500,1200,-2500 wave_mode=Entry wave_phase=192 bank_target=0 bank_turn=0
elapsed=27635 actor=rear event=vertical-step path=8942 target_speed=0 acceleration=0 corridor=2500,1200,-2500 wave_mode=Entry wave_phase=192 bank_target=0 bank_turn=0
elapsed=27637 actor=lead event=move path=872C target_speed=0 acceleration=0 corridor=0,0,0 wave_mode=Entry wave_phase=192 bank_target=0 bank_turn=0
elapsed=27638 actor=lead event=vertical-step path=8942 target_speed=0 acceleration=0 corridor=0,0,0 wave_mode=Entry wave_phase=192 bank_target=0 bank_turn=0
elapsed=27638 actor=flank event=move path=872C target_speed=0 acceleration=0 corridor=-2500,1200,-2500 wave_mode=Entry wave_phase=196 bank_target=0 bank_turn=0
elapsed=27638 actor=flank event=vertical-step path=8942 target_speed=0 acceleration=0 corridor=-2500,1200,-2500 wave_mode=Entry wave_phase=196 bank_target=0 bank_turn=0
elapsed=27638 actor=rear event=move path=872C target_speed=0 acceleration=0 corridor=2500,1200,-2500 wave_mode=Entry wave_phase=196 bank_target=0 bank_turn=0
elapsed=27639 actor=rear event=vertical-step path=8942 target_speed=0 acceleration=0 corridor=2500,1200,-2500 wave_mode=Entry wave_phase=196 bank_target=0 bank_turn=0
elapsed=27640 actor=lead event=move path=872C target_speed=0 acceleration=0 corridor=0,0,0 wave_mode=Entry wave_phase=196 bank_target=0 bank_turn=0
elapsed=27641 actor=lead event=vertical-step path=8942 target_speed=0 acceleration=0 corridor=0,0,0 wave_mode=Entry wave_phase=196 bank_target=0 bank_turn=0
elapsed=27641 actor=flank event=move path=872C target_speed=0 acceleration=0 corridor=-2500,1200,-2500 wave_mode=Entry wave_phase=200 bank_target=0 bank_turn=0
elapsed=27641 actor=flank event=vertical-step path=8942 target_speed=0 acceleration=0 corridor=-2500,1200,-2500 wave_mode=Entry wave_phase=200 bank_target=0 bank_turn=0
elapsed=27642 actor=rear event=move path=872C target_speed=0 acceleration=0 corridor=2500,1200,-2500 wave_mode=Entry wave_phase=200 bank_target=0 bank_turn=0
elapsed=27642 actor=rear event=vertical-step path=8942 target_speed=0 acceleration=0 corridor=2500,1200,-2500 wave_mode=Entry wave_phase=200 bank_target=0 bank_turn=0
elapsed=27644 actor=lead event=move path=872C target_speed=0 acceleration=0 corridor=0,0,0 wave_mode=Entry wave_phase=200 bank_target=0 bank_turn=0
elapsed=27644 actor=lead event=vertical-step path=8942 target_speed=0 acceleration=0 corridor=0,0,0 wave_mode=Entry wave_phase=200 bank_target=0 bank_turn=0
elapsed=27644 actor=flank event=move path=872C target_speed=0 acceleration=0 corridor=-2500,1200,-2500 wave_mode=Entry wave_phase=204 bank_target=0 bank_turn=0
elapsed=27645 actor=flank event=vertical-step path=8942 target_speed=0 acceleration=0 corridor=-2500,1200,-2500 wave_mode=Entry wave_phase=204 bank_target=0 bank_turn=0
elapsed=27645 actor=rear event=move path=872C target_speed=0 acceleration=0 corridor=2500,1200,-2500 wave_mode=Entry wave_phase=204 bank_target=0 bank_turn=0
elapsed=27645 actor=rear event=vertical-step path=8942 target_speed=0 acceleration=0 corridor=2500,1200,-2500 wave_mode=Entry wave_phase=204 bank_target=0 bank_turn=0
elapsed=27647 actor=lead event=move path=872C target_speed=0 acceleration=0 corridor=0,0,0 wave_mode=Entry wave_phase=204 bank_target=0 bank_turn=0
elapsed=27648 actor=lead event=vertical-step path=8942 target_speed=0 acceleration=0 corridor=0,0,0 wave_mode=Entry wave_phase=204 bank_target=0 bank_turn=0
elapsed=27648 actor=flank event=move path=872C target_speed=0 acceleration=0 corridor=-2500,1200,-2500 wave_mode=Entry wave_phase=208 bank_target=0 bank_turn=0
elapsed=27648 actor=flank event=vertical-step path=8942 target_speed=0 acceleration=0 corridor=-2500,1200,-2500 wave_mode=Entry wave_phase=208 bank_target=0 bank_turn=0
elapsed=27649 actor=rear event=move path=872C target_speed=0 acceleration=0 corridor=2500,1200,-2500 wave_mode=Entry wave_phase=208 bank_target=0 bank_turn=0
elapsed=27649 actor=rear event=vertical-step path=8942 target_speed=0 acceleration=0 corridor=2500,1200,-2500 wave_mode=Entry wave_phase=208 bank_target=0 bank_turn=0
elapsed=27650 actor=lead event=move path=872C target_speed=0 acceleration=0 corridor=0,0,0 wave_mode=Entry wave_phase=208 bank_target=0 bank_turn=0
elapsed=27651 actor=lead event=vertical-step path=8942 target_speed=0 acceleration=0 corridor=0,0,0 wave_mode=Entry wave_phase=208 bank_target=0 bank_turn=0
elapsed=27651 actor=flank event=move path=872C target_speed=0 acceleration=0 corridor=-2500,1200,-2500 wave_mode=Entry wave_phase=212 bank_target=0 bank_turn=0
elapsed=27651 actor=flank event=vertical-step path=8942 target_speed=0 acceleration=0 corridor=-2500,1200,-2500 wave_mode=Entry wave_phase=212 bank_target=0 bank_turn=0
elapsed=27651 actor=rear event=move path=872C target_speed=0 acceleration=0 corridor=2500,1200,-2500 wave_mode=Entry wave_phase=212 bank_target=0 bank_turn=0
elapsed=27652 actor=rear event=vertical-step path=8942 target_speed=0 acceleration=0 corridor=2500,1200,-2500 wave_mode=Entry wave_phase=212 bank_target=0 bank_turn=0
elapsed=27654 actor=lead event=chase-angle path=886F target_speed=60 acceleration=20 corridor=0,-3000,0 wave_mode=Combat wave_phase=212 bank_target=13 bank_turn=1
elapsed=27654 actor=lead event=move path=886F target_speed=60 acceleration=20 corridor=0,-3000,0 wave_mode=Combat wave_phase=212 bank_target=13 bank_turn=1
elapsed=27654 actor=lead event=vertical-step path=8942 target_speed=60 acceleration=20 corridor=0,-3000,0 wave_mode=Combat wave_phase=212 bank_target=13 bank_turn=1
elapsed=27655 actor=flank event=projectile-set-speed path=7035 target_speed=0 acceleration=0 corridor=-2500,1200,-2500 wave_mode=Entry wave_phase=216 bank_target=0 bank_turn=0
elapsed=27655 actor=flank event=move path=703A target_speed=12 acceleration=1 corridor=-2500,1200,-2500 wave_mode=Entry wave_phase=216 bank_target=0 bank_turn=0
elapsed=27655 actor=flank event=vertical-step path=8942 target_speed=12 acceleration=1 corridor=-2500,1200,-2500 wave_mode=Entry wave_phase=216 bank_target=0 bank_turn=0
elapsed=27656 actor=rear event=projectile-set-speed path=7035 target_speed=0 acceleration=0 corridor=2500,1200,-2500 wave_mode=Entry wave_phase=216 bank_target=0 bank_turn=0
elapsed=27656 actor=rear event=move path=703A target_speed=12 acceleration=1 corridor=2500,1200,-2500 wave_mode=Entry wave_phase=216 bank_target=0 bank_turn=0
elapsed=27656 actor=rear event=vertical-step path=8942 target_speed=12 acceleration=1 corridor=2500,1200,-2500 wave_mode=Entry wave_phase=216 bank_target=0 bank_turn=0
elapsed=27657 actor=lead event=chase-angle path=886F target_speed=60 acceleration=20 corridor=0,-3000,0 wave_mode=Combat wave_phase=216 bank_target=13 bank_turn=1
elapsed=27657 actor=lead event=move path=886F target_speed=60 acceleration=20 corridor=0,-3000,0 wave_mode=Combat wave_phase=216 bank_target=13 bank_turn=1
elapsed=27658 actor=lead event=vertical-step path=8942 target_speed=60 acceleration=20 corridor=0,-3000,0 wave_mode=Combat wave_phase=216 bank_target=13 bank_turn=1
elapsed=27658 actor=flank event=move path=703A target_speed=12 acceleration=1 corridor=-2500,1200,-2500 wave_mode=Entry wave_phase=220 bank_target=0 bank_turn=0
elapsed=27658 actor=flank event=vertical-step path=8942 target_speed=12 acceleration=1 corridor=-2500,1200,-2500 wave_mode=Entry wave_phase=220 bank_target=0 bank_turn=0
elapsed=27658 actor=rear event=move path=703A target_speed=12 acceleration=1 corridor=2500,1200,-2500 wave_mode=Entry wave_phase=220 bank_target=0 bank_turn=0
elapsed=27659 actor=rear event=vertical-step path=8942 target_speed=12 acceleration=1 corridor=2500,1200,-2500 wave_mode=Entry wave_phase=220 bank_target=0 bank_turn=0
elapsed=27660 actor=lead event=chase-angle path=886F target_speed=60 acceleration=20 corridor=0,-3000,0 wave_mode=Combat wave_phase=220 bank_target=13 bank_turn=1
elapsed=27660 actor=lead event=move path=886F target_speed=60 acceleration=20 corridor=0,-3000,0 wave_mode=Combat wave_phase=220 bank_target=13 bank_turn=1
elapsed=27661 actor=lead event=vertical-step path=8942 target_speed=60 acceleration=0 corridor=0,-3000,0 wave_mode=Combat wave_phase=220 bank_target=13 bank_turn=1
elapsed=27661 actor=flank event=move path=703A target_speed=12 acceleration=1 corridor=-2500,1200,-2500 wave_mode=Entry wave_phase=224 bank_target=0 bank_turn=0
elapsed=27661 actor=flank event=vertical-step path=8942 target_speed=12 acceleration=1 corridor=-2500,1200,-2500 wave_mode=Entry wave_phase=224 bank_target=0 bank_turn=0
elapsed=27662 actor=rear event=move path=703A target_speed=12 acceleration=1 corridor=2500,1200,-2500 wave_mode=Entry wave_phase=224 bank_target=0 bank_turn=0
elapsed=27662 actor=rear event=vertical-step path=8942 target_speed=12 acceleration=1 corridor=2500,1200,-2500 wave_mode=Entry wave_phase=224 bank_target=0 bank_turn=0
elapsed=27664 actor=lead event=chase-angle path=886F target_speed=60 acceleration=0 corridor=0,-3000,0 wave_mode=Combat wave_phase=224 bank_target=13 bank_turn=1
elapsed=27664 actor=lead event=move path=886F target_speed=60 acceleration=0 corridor=0,-3000,0 wave_mode=Combat wave_phase=224 bank_target=13 bank_turn=1
elapsed=27664 actor=lead event=vertical-step path=8942 target_speed=60 acceleration=0 corridor=0,-3000,0 wave_mode=Combat wave_phase=224 bank_target=13 bank_turn=1
elapsed=27664 actor=flank event=move path=703A target_speed=12 acceleration=1 corridor=-2500,1200,-2500 wave_mode=Entry wave_phase=228 bank_target=0 bank_turn=0
elapsed=27664 actor=flank event=vertical-step path=8942 target_speed=12 acceleration=1 corridor=-2500,1200,-2500 wave_mode=Entry wave_phase=228 bank_target=0 bank_turn=0
elapsed=27665 actor=rear event=move path=703A target_speed=12 acceleration=1 corridor=2500,1200,-2500 wave_mode=Entry wave_phase=228 bank_target=0 bank_turn=0
elapsed=27665 actor=rear event=vertical-step path=8942 target_speed=12 acceleration=1 corridor=2500,1200,-2500 wave_mode=Entry wave_phase=228 bank_target=0 bank_turn=0
elapsed=27667 actor=lead event=chase-angle path=886F target_speed=60 acceleration=0 corridor=0,-3000,0 wave_mode=Combat wave_phase=228 bank_target=13 bank_turn=1
elapsed=27667 actor=lead event=move path=886F target_speed=60 acceleration=0 corridor=0,-3000,0 wave_mode=Combat wave_phase=228 bank_target=13 bank_turn=1
elapsed=27667 actor=lead event=vertical-step path=8942 target_speed=60 acceleration=0 corridor=0,-3000,0 wave_mode=Combat wave_phase=228 bank_target=13 bank_turn=1
elapsed=27667 actor=flank event=move path=703A target_speed=12 acceleration=1 corridor=-2500,1200,-2500 wave_mode=Entry wave_phase=232 bank_target=0 bank_turn=0
elapsed=27668 actor=flank event=vertical-step path=8942 target_speed=12 acceleration=1 corridor=-2500,1200,-2500 wave_mode=Entry wave_phase=232 bank_target=0 bank_turn=0
elapsed=27668 actor=rear event=move path=703A target_speed=12 acceleration=1 corridor=2500,1200,-2500 wave_mode=Entry wave_phase=232 bank_target=0 bank_turn=0
elapsed=27668 actor=rear event=vertical-step path=8942 target_speed=12 acceleration=1 corridor=2500,1200,-2500 wave_mode=Entry wave_phase=232 bank_target=0 bank_turn=0
elapsed=27670 actor=lead event=chase-angle path=886F target_speed=60 acceleration=0 corridor=45,-2432,45 wave_mode=Combat wave_phase=232 bank_target=13 bank_turn=1
elapsed=27670 actor=lead event=move path=886F target_speed=60 acceleration=0 corridor=45,-2432,45 wave_mode=Combat wave_phase=232 bank_target=13 bank_turn=1
elapsed=27670 actor=lead event=vertical-step path=8942 target_speed=60 acceleration=0 corridor=45,-2432,45 wave_mode=Combat wave_phase=232 bank_target=13 bank_turn=1
elapsed=27671 actor=flank event=move path=703A target_speed=12 acceleration=1 corridor=-2500,1200,-2500 wave_mode=Entry wave_phase=236 bank_target=0 bank_turn=0
elapsed=27671 actor=flank event=vertical-step path=8942 target_speed=12 acceleration=1 corridor=-2500,1200,-2500 wave_mode=Entry wave_phase=236 bank_target=0 bank_turn=0
elapsed=27671 actor=rear event=move path=703A target_speed=12 acceleration=1 corridor=2500,1200,-2500 wave_mode=Entry wave_phase=236 bank_target=0 bank_turn=0
elapsed=27671 actor=rear event=vertical-step path=8942 target_speed=12 acceleration=1 corridor=2500,1200,-2500 wave_mode=Entry wave_phase=236 bank_target=0 bank_turn=0
elapsed=27673 actor=lead event=chase-angle path=886F target_speed=60 acceleration=0 corridor=45,-2432,45 wave_mode=Combat wave_phase=236 bank_target=13 bank_turn=1
elapsed=27673 actor=lead event=move path=886F target_speed=60 acceleration=0 corridor=45,-2432,45 wave_mode=Combat wave_phase=236 bank_target=13 bank_turn=1
elapsed=27673 actor=lead event=vertical-step path=8942 target_speed=60 acceleration=0 corridor=45,-2432,45 wave_mode=Combat wave_phase=236 bank_target=13 bank_turn=1
elapsed=27674 actor=flank event=move path=703A target_speed=12 acceleration=1 corridor=-2500,1200,-2500 wave_mode=Entry wave_phase=240 bank_target=0 bank_turn=0
elapsed=27674 actor=flank event=vertical-step path=8942 target_speed=12 acceleration=1 corridor=-2500,1200,-2500 wave_mode=Entry wave_phase=240 bank_target=0 bank_turn=0
elapsed=27674 actor=rear event=move path=703A target_speed=12 acceleration=1 corridor=2500,1200,-2500 wave_mode=Entry wave_phase=240 bank_target=0 bank_turn=0
elapsed=27674 actor=rear event=vertical-step path=8942 target_speed=12 acceleration=1 corridor=2500,1200,-2500 wave_mode=Entry wave_phase=240 bank_target=0 bank_turn=0
elapsed=27676 actor=lead event=chase-angle path=886F target_speed=60 acceleration=0 corridor=45,-2432,45 wave_mode=Combat wave_phase=240 bank_target=13 bank_turn=1
elapsed=27676 actor=lead event=move path=886F target_speed=60 acceleration=0 corridor=45,-2432,45 wave_mode=Combat wave_phase=240 bank_target=13 bank_turn=1
elapsed=27676 actor=lead event=vertical-step path=8942 target_speed=60 acceleration=0 corridor=45,-2432,45 wave_mode=Combat wave_phase=240 bank_target=13 bank_turn=1
elapsed=27677 actor=flank event=move path=703A target_speed=12 acceleration=1 corridor=-2500,1200,-2500 wave_mode=Entry wave_phase=244 bank_target=0 bank_turn=0
elapsed=27677 actor=flank event=vertical-step path=8942 target_speed=12 acceleration=1 corridor=-2500,1200,-2500 wave_mode=Entry wave_phase=244 bank_target=0 bank_turn=0
elapsed=27678 actor=rear event=move path=703A target_speed=12 acceleration=1 corridor=2500,1200,-2500 wave_mode=Entry wave_phase=244 bank_target=0 bank_turn=0
elapsed=27678 actor=rear event=vertical-step path=8942 target_speed=12 acceleration=1 corridor=2500,1200,-2500 wave_mode=Entry wave_phase=244 bank_target=0 bank_turn=0
elapsed=27680 actor=lead event=chase-angle path=886F target_speed=60 acceleration=0 corridor=45,-2432,45 wave_mode=Combat wave_phase=244 bank_target=13 bank_turn=1
elapsed=27680 actor=lead event=move path=886F target_speed=60 acceleration=0 corridor=45,-2432,45 wave_mode=Combat wave_phase=244 bank_target=13 bank_turn=1
elapsed=27680 actor=lead event=vertical-step path=8942 target_speed=60 acceleration=0 corridor=45,-2432,45 wave_mode=Combat wave_phase=244 bank_target=13 bank_turn=1
elapsed=27681 actor=flank event=move path=703A target_speed=12 acceleration=1 corridor=-2500,1200,-2500 wave_mode=Entry wave_phase=248 bank_target=0 bank_turn=0
elapsed=27681 actor=flank event=vertical-step path=8942 target_speed=12 acceleration=1 corridor=-2500,1200,-2500 wave_mode=Entry wave_phase=248 bank_target=0 bank_turn=0
elapsed=27682 actor=rear event=move path=703A target_speed=12 acceleration=1 corridor=2500,1200,-2500 wave_mode=Entry wave_phase=248 bank_target=0 bank_turn=0
elapsed=27682 actor=rear event=vertical-step path=8942 target_speed=12 acceleration=1 corridor=2500,1200,-2500 wave_mode=Entry wave_phase=248 bank_target=0 bank_turn=0
elapsed=27685 actor=lead event=chase-angle path=886F target_speed=60 acceleration=0 corridor=45,-2432,45 wave_mode=Combat wave_phase=248 bank_target=13 bank_turn=1
elapsed=27685 actor=lead event=move path=886F target_speed=60 acceleration=0 corridor=45,-2432,45 wave_mode=Combat wave_phase=248 bank_target=13 bank_turn=1
elapsed=27685 actor=lead event=vertical-step path=8942 target_speed=60 acceleration=0 corridor=45,-2432,45 wave_mode=Combat wave_phase=248 bank_target=13 bank_turn=1
elapsed=27685 actor=flank event=move path=703A target_speed=12 acceleration=1 corridor=-2500,1200,-2500 wave_mode=Entry wave_phase=252 bank_target=0 bank_turn=0
elapsed=27686 actor=flank event=vertical-step path=8942 target_speed=12 acceleration=1 corridor=-2500,1200,-2500 wave_mode=Entry wave_phase=252 bank_target=0 bank_turn=0
elapsed=27686 actor=rear event=move path=703A target_speed=12 acceleration=1 corridor=2500,1200,-2500 wave_mode=Entry wave_phase=252 bank_target=0 bank_turn=0
elapsed=27686 actor=rear event=vertical-step path=8942 target_speed=12 acceleration=1 corridor=2500,1200,-2500 wave_mode=Entry wave_phase=252 bank_target=0 bank_turn=0
elapsed=27689 actor=lead event=chase-angle path=886F target_speed=60 acceleration=0 corridor=45,-2432,45 wave_mode=Combat wave_phase=252 bank_target=13 bank_turn=1
elapsed=27689 actor=lead event=move path=886F target_speed=60 acceleration=0 corridor=45,-2432,45 wave_mode=Combat wave_phase=252 bank_target=13 bank_turn=1
elapsed=27689 actor=lead event=vertical-step path=8942 target_speed=60 acceleration=0 corridor=45,-2432,45 wave_mode=Combat wave_phase=252 bank_target=13 bank_turn=1
elapsed=27690 actor=flank event=move path=703A target_speed=12 acceleration=1 corridor=-2500,1200,-2500 wave_mode=Entry wave_phase=0 bank_target=0 bank_turn=0
elapsed=27690 actor=flank event=vertical-step path=8942 target_speed=12 acceleration=1 corridor=-2500,1200,-2500 wave_mode=Entry wave_phase=0 bank_target=0 bank_turn=0
elapsed=27690 actor=rear event=move path=703A target_speed=12 acceleration=1 corridor=2500,1200,-2500 wave_mode=Entry wave_phase=0 bank_target=0 bank_turn=0
elapsed=27690 actor=rear event=vertical-step path=8942 target_speed=12 acceleration=1 corridor=2500,1200,-2500 wave_mode=Entry wave_phase=0 bank_target=0 bank_turn=0
elapsed=27694 actor=lead event=chase-angle path=886F target_speed=60 acceleration=0 corridor=-91,-2173,-86 wave_mode=Combat wave_phase=0 bank_target=13 bank_turn=1
elapsed=27694 actor=lead event=move path=886F target_speed=60 acceleration=0 corridor=-91,-2173,-86 wave_mode=Combat wave_phase=0 bank_target=13 bank_turn=1
elapsed=27694 actor=lead event=vertical-step path=8942 target_speed=60 acceleration=0 corridor=-91,-2173,-86 wave_mode=Combat wave_phase=0 bank_target=13 bank_turn=1
elapsed=27694 actor=flank event=move path=703A target_speed=12 acceleration=1 corridor=-2500,1200,-2500 wave_mode=Entry wave_phase=4 bank_target=0 bank_turn=0
elapsed=27695 actor=flank event=vertical-step path=8942 target_speed=12 acceleration=1 corridor=-2500,1200,-2500 wave_mode=Entry wave_phase=4 bank_target=0 bank_turn=0
elapsed=27695 actor=rear event=move path=703A target_speed=12 acceleration=1 corridor=2500,1200,-2500 wave_mode=Entry wave_phase=4 bank_target=0 bank_turn=0
elapsed=27695 actor=rear event=vertical-step path=8942 target_speed=12 acceleration=1 corridor=2500,1200,-2500 wave_mode=Entry wave_phase=4 bank_target=0 bank_turn=0
elapsed=27698 actor=lead event=chase-angle path=886F target_speed=60 acceleration=0 corridor=-91,-2173,-86 wave_mode=Combat wave_phase=4 bank_target=13 bank_turn=1
elapsed=27698 actor=lead event=move path=70BE target_speed=60 acceleration=0 corridor=-91,-2173,-86 wave_mode=Combat wave_phase=4 bank_target=13 bank_turn=1
elapsed=27698 actor=lead event=vertical-step path=8942 target_speed=60 acceleration=0 corridor=-91,-2173,-86 wave_mode=Combat wave_phase=4 bank_target=13 bank_turn=1
elapsed=27699 actor=flank event=move path=703A target_speed=12 acceleration=1 corridor=-2500,1200,-2500 wave_mode=Entry wave_phase=8 bank_target=0 bank_turn=0
elapsed=27699 actor=flank event=vertical-step path=8942 target_speed=12 acceleration=1 corridor=-2500,1200,-2500 wave_mode=Entry wave_phase=8 bank_target=0 bank_turn=0
elapsed=27699 actor=rear event=move path=703A target_speed=12 acceleration=1 corridor=2500,1200,-2500 wave_mode=Entry wave_phase=8 bank_target=0 bank_turn=0
elapsed=27699 actor=rear event=vertical-step path=8942 target_speed=12 acceleration=1 corridor=2500,1200,-2500 wave_mode=Entry wave_phase=8 bank_target=0 bank_turn=0
elapsed=27703 actor=lead event=move path=70BE target_speed=60 acceleration=0 corridor=-91,-2173,-86 wave_mode=Combat wave_phase=8 bank_target=13 bank_turn=1
elapsed=27703 actor=lead event=vertical-step path=8942 target_speed=60 acceleration=0 corridor=-91,-2173,-86 wave_mode=Combat wave_phase=8 bank_target=13 bank_turn=1
elapsed=27704 actor=flank event=move path=703A target_speed=12 acceleration=1 corridor=-2500,1200,-2500 wave_mode=Entry wave_phase=12 bank_target=0 bank_turn=0
elapsed=27704 actor=flank event=vertical-step path=8942 target_speed=12 acceleration=1 corridor=-2500,1200,-2500 wave_mode=Entry wave_phase=12 bank_target=0 bank_turn=0
elapsed=27704 actor=rear event=move path=703A target_speed=12 acceleration=1 corridor=2500,1200,-2500 wave_mode=Entry wave_phase=12 bank_target=0 bank_turn=0
elapsed=27704 actor=rear event=vertical-step path=8942 target_speed=12 acceleration=1 corridor=2500,1200,-2500 wave_mode=Entry wave_phase=12 bank_target=0 bank_turn=0
elapsed=27707 actor=lead event=move path=70BE target_speed=60 acceleration=0 corridor=-91,-2173,-86 wave_mode=Combat wave_phase=12 bank_target=13 bank_turn=1
elapsed=27707 actor=lead event=vertical-step path=8942 target_speed=60 acceleration=0 corridor=-91,-2173,-86 wave_mode=Combat wave_phase=12 bank_target=13 bank_turn=1
elapsed=27708 actor=flank event=move path=703A target_speed=12 acceleration=1 corridor=-2500,1200,-2500 wave_mode=Entry wave_phase=16 bank_target=0 bank_turn=0
elapsed=27708 actor=flank event=vertical-step path=8942 target_speed=12 acceleration=1 corridor=-2500,1200,-2500 wave_mode=Entry wave_phase=16 bank_target=0 bank_turn=0
elapsed=27709 actor=rear event=move path=703A target_speed=12 acceleration=1 corridor=2500,1200,-2500 wave_mode=Entry wave_phase=16 bank_target=0 bank_turn=0
elapsed=27709 actor=rear event=vertical-step path=8942 target_speed=12 acceleration=1 corridor=2500,1200,-2500 wave_mode=Entry wave_phase=16 bank_target=0 bank_turn=0
elapsed=27712 actor=lead event=move path=70BE target_speed=60 acceleration=0 corridor=81,-2634,-26 wave_mode=Combat wave_phase=16 bank_target=13 bank_turn=1
elapsed=27713 actor=lead event=vertical-step path=8942 target_speed=60 acceleration=0 corridor=81,-2634,-26 wave_mode=Combat wave_phase=16 bank_target=13 bank_turn=1
elapsed=27713 actor=flank event=move path=703A target_speed=12 acceleration=1 corridor=-2500,1200,-2500 wave_mode=Entry wave_phase=20 bank_target=0 bank_turn=0
elapsed=27713 actor=flank event=vertical-step path=8942 target_speed=12 acceleration=1 corridor=-2500,1200,-2500 wave_mode=Entry wave_phase=20 bank_target=0 bank_turn=0
elapsed=27714 actor=rear event=move path=703A target_speed=12 acceleration=1 corridor=2500,1200,-2500 wave_mode=Entry wave_phase=20 bank_target=0 bank_turn=0
elapsed=27714 actor=rear event=vertical-step path=8942 target_speed=12 acceleration=1 corridor=2500,1200,-2500 wave_mode=Entry wave_phase=20 bank_target=0 bank_turn=0
elapsed=27718 actor=lead event=move path=70BE target_speed=60 acceleration=0 corridor=81,-2634,-26 wave_mode=Combat wave_phase=20 bank_target=13 bank_turn=1
elapsed=27718 actor=lead event=vertical-step path=8942 target_speed=60 acceleration=0 corridor=81,-2634,-26 wave_mode=Combat wave_phase=20 bank_target=13 bank_turn=1
elapsed=27719 actor=flank event=move path=703A target_speed=12 acceleration=1 corridor=-2500,1200,-2500 wave_mode=Entry wave_phase=24 bank_target=0 bank_turn=0
elapsed=27719 actor=flank event=vertical-step path=8942 target_speed=12 acceleration=1 corridor=-2500,1200,-2500 wave_mode=Entry wave_phase=24 bank_target=0 bank_turn=0
elapsed=27719 actor=rear event=move path=703A target_speed=12 acceleration=1 corridor=2500,1200,-2500 wave_mode=Entry wave_phase=24 bank_target=0 bank_turn=0
elapsed=27719 actor=rear event=vertical-step path=8942 target_speed=12 acceleration=1 corridor=2500,1200,-2500 wave_mode=Entry wave_phase=24 bank_target=0 bank_turn=0
elapsed=27723 actor=lead event=move path=70BE target_speed=60 acceleration=0 corridor=81,-2634,-26 wave_mode=Combat wave_phase=24 bank_target=13 bank_turn=1
elapsed=27723 actor=lead event=vertical-step path=8942 target_speed=60 acceleration=0 corridor=81,-2634,-26 wave_mode=Combat wave_phase=24 bank_target=13 bank_turn=1
elapsed=27723 actor=flank event=move path=703A target_speed=12 acceleration=1 corridor=-2500,1200,-2500 wave_mode=Entry wave_phase=28 bank_target=0 bank_turn=0
elapsed=27724 actor=flank event=vertical-step path=8942 target_speed=12 acceleration=1 corridor=-2500,1200,-2500 wave_mode=Entry wave_phase=28 bank_target=0 bank_turn=0
elapsed=27724 actor=rear event=move path=703A target_speed=12 acceleration=1 corridor=2500,1200,-2500 wave_mode=Entry wave_phase=28 bank_target=0 bank_turn=0
elapsed=27724 actor=rear event=vertical-step path=8942 target_speed=12 acceleration=1 corridor=2500,1200,-2500 wave_mode=Entry wave_phase=28 bank_target=0 bank_turn=0
elapsed=27727 actor=lead event=move path=70BE target_speed=60 acceleration=0 corridor=81,-2634,-26 wave_mode=Combat wave_phase=28 bank_target=13 bank_turn=1
elapsed=27728 actor=lead event=vertical-step path=8942 target_speed=60 acceleration=0 corridor=81,-2634,-26 wave_mode=Combat wave_phase=28 bank_target=13 bank_turn=1
elapsed=27728 actor=flank event=move path=700F target_speed=12 acceleration=1 corridor=-2500,1200,-2500 wave_mode=Entry wave_phase=32 bank_target=0 bank_turn=0
elapsed=27728 actor=flank event=vertical-step path=8942 target_speed=12 acceleration=0 corridor=-2500,1200,-2500 wave_mode=Entry wave_phase=32 bank_target=0 bank_turn=0
elapsed=27728 actor=rear event=move path=700F target_speed=12 acceleration=1 corridor=2500,1200,-2500 wave_mode=Entry wave_phase=32 bank_target=0 bank_turn=0
elapsed=27728 actor=rear event=vertical-step path=8942 target_speed=12 acceleration=0 corridor=2500,1200,-2500 wave_mode=Entry wave_phase=32 bank_target=0 bank_turn=0
elapsed=27732 actor=lead event=move path=70BE target_speed=60 acceleration=0 corridor=81,-2634,-26 wave_mode=Combat wave_phase=32 bank_target=13 bank_turn=1
elapsed=27732 actor=lead event=vertical-step path=8942 target_speed=60 acceleration=0 corridor=81,-2634,-26 wave_mode=Combat wave_phase=32 bank_target=13 bank_turn=1
elapsed=27732 actor=flank event=chase-angle path=886F target_speed=60 acceleration=20 corridor=0,3000,0 wave_mode=Combat wave_phase=36 bank_target=-14 bank_turn=1
elapsed=27732 actor=flank event=move path=886F target_speed=60 acceleration=20 corridor=0,3000,0 wave_mode=Combat wave_phase=36 bank_target=-14 bank_turn=1
elapsed=27733 actor=flank event=vertical-step path=8942 target_speed=60 acceleration=20 corridor=0,3000,0 wave_mode=Combat wave_phase=36 bank_target=-14 bank_turn=1
elapsed=27733 actor=rear event=projectile-set-speed path=7035 target_speed=12 acceleration=0 corridor=2500,1200,-2500 wave_mode=Entry wave_phase=36 bank_target=0 bank_turn=0
elapsed=27733 actor=rear event=move path=703A target_speed=12 acceleration=1 corridor=2500,1200,-2500 wave_mode=Entry wave_phase=36 bank_target=0 bank_turn=0
elapsed=27733 actor=rear event=vertical-step path=8942 target_speed=12 acceleration=1 corridor=2500,1200,-2500 wave_mode=Entry wave_phase=36 bank_target=0 bank_turn=0
elapsed=27737 actor=lead event=move path=70BE target_speed=60 acceleration=0 corridor=81,-2634,-26 wave_mode=Combat wave_phase=36 bank_target=13 bank_turn=1
elapsed=27737 actor=lead event=vertical-step path=8942 target_speed=60 acceleration=0 corridor=81,-2634,-26 wave_mode=Combat wave_phase=36 bank_target=13 bank_turn=1
elapsed=27737 actor=flank event=chase-angle path=886F target_speed=60 acceleration=20 corridor=0,3000,0 wave_mode=Combat wave_phase=40 bank_target=-14 bank_turn=1
elapsed=27737 actor=flank event=move path=886F target_speed=60 acceleration=20 corridor=0,3000,0 wave_mode=Combat wave_phase=40 bank_target=-14 bank_turn=1
elapsed=27737 actor=flank event=vertical-step path=8942 target_speed=60 acceleration=20 corridor=0,3000,0 wave_mode=Combat wave_phase=40 bank_target=-14 bank_turn=1
elapsed=27738 actor=rear event=move path=703A target_speed=12 acceleration=1 corridor=2500,1200,-2500 wave_mode=Entry wave_phase=40 bank_target=0 bank_turn=0
elapsed=27738 actor=rear event=vertical-step path=8942 target_speed=12 acceleration=1 corridor=2500,1200,-2500 wave_mode=Entry wave_phase=40 bank_target=0 bank_turn=0
elapsed=27742 actor=lead event=move path=70BE target_speed=60 acceleration=0 corridor=81,-2634,-26 wave_mode=Combat wave_phase=40 bank_target=13 bank_turn=1
elapsed=27742 actor=lead event=vertical-step path=8942 target_speed=60 acceleration=0 corridor=81,-2634,-26 wave_mode=Combat wave_phase=40 bank_target=13 bank_turn=1
elapsed=27742 actor=flank event=chase-angle path=886F target_speed=60 acceleration=20 corridor=0,3000,0 wave_mode=Combat wave_phase=44 bank_target=-14 bank_turn=1
elapsed=27742 actor=flank event=move path=886F target_speed=60 acceleration=20 corridor=0,3000,0 wave_mode=Combat wave_phase=44 bank_target=-14 bank_turn=1
elapsed=27743 actor=flank event=vertical-step path=8942 target_speed=60 acceleration=0 corridor=0,3000,0 wave_mode=Combat wave_phase=44 bank_target=-14 bank_turn=1
elapsed=27743 actor=rear event=move path=703A target_speed=12 acceleration=1 corridor=2500,1200,-2500 wave_mode=Entry wave_phase=44 bank_target=0 bank_turn=0
elapsed=27743 actor=rear event=vertical-step path=8942 target_speed=12 acceleration=1 corridor=2500,1200,-2500 wave_mode=Entry wave_phase=44 bank_target=0 bank_turn=0
elapsed=27747 actor=lead event=move path=70BE target_speed=60 acceleration=0 corridor=81,-2634,-26 wave_mode=Combat wave_phase=44 bank_target=13 bank_turn=1
elapsed=27747 actor=lead event=vertical-step path=8942 target_speed=60 acceleration=0 corridor=81,-2634,-26 wave_mode=Combat wave_phase=44 bank_target=13 bank_turn=1
elapsed=27747 actor=flank event=chase-angle path=886F target_speed=60 acceleration=0 corridor=0,3000,0 wave_mode=Combat wave_phase=48 bank_target=-14 bank_turn=1
elapsed=27747 actor=flank event=move path=886F target_speed=60 acceleration=0 corridor=0,3000,0 wave_mode=Combat wave_phase=48 bank_target=-14 bank_turn=1
elapsed=27747 actor=flank event=vertical-step path=8942 target_speed=60 acceleration=0 corridor=0,3000,0 wave_mode=Combat wave_phase=48 bank_target=-14 bank_turn=1
elapsed=27748 actor=rear event=move path=700F target_speed=12 acceleration=1 corridor=2500,1200,-2500 wave_mode=Entry wave_phase=48 bank_target=0 bank_turn=0
elapsed=27748 actor=rear event=vertical-step path=8942 target_speed=12 acceleration=1 corridor=2500,1200,-2500 wave_mode=Entry wave_phase=48 bank_target=0 bank_turn=0
elapsed=27752 actor=lead event=move path=70BE target_speed=60 acceleration=0 corridor=81,-2634,-26 wave_mode=Combat wave_phase=48 bank_target=13 bank_turn=1
elapsed=27752 actor=lead event=vertical-step path=8942 target_speed=60 acceleration=0 corridor=81,-2634,-26 wave_mode=Combat wave_phase=48 bank_target=13 bank_turn=1
elapsed=27752 actor=flank event=chase-angle path=886F target_speed=60 acceleration=0 corridor=0,3000,0 wave_mode=Combat wave_phase=52 bank_target=-14 bank_turn=1
elapsed=27752 actor=flank event=move path=886F target_speed=60 acceleration=0 corridor=0,3000,0 wave_mode=Combat wave_phase=52 bank_target=-14 bank_turn=1
elapsed=27752 actor=flank event=vertical-step path=8942 target_speed=60 acceleration=0 corridor=0,3000,0 wave_mode=Combat wave_phase=52 bank_target=-14 bank_turn=1
elapsed=27753 actor=rear event=chase-angle path=886F target_speed=60 acceleration=20 corridor=0,3000,0 wave_mode=Combat wave_phase=52 bank_target=-11 bank_turn=1
elapsed=27753 actor=rear event=move path=886F target_speed=60 acceleration=20 corridor=0,3000,0 wave_mode=Combat wave_phase=52 bank_target=-11 bank_turn=1
elapsed=27753 actor=rear event=vertical-step path=8942 target_speed=60 acceleration=20 corridor=0,3000,0 wave_mode=Combat wave_phase=52 bank_target=-11 bank_turn=1
elapsed=27757 actor=lead event=move path=70BE target_speed=60 acceleration=0 corridor=81,-2634,-26 wave_mode=Combat wave_phase=52 bank_target=13 bank_turn=1
elapsed=27757 actor=lead event=vertical-step path=8942 target_speed=60 acceleration=0 corridor=81,-2634,-26 wave_mode=Combat wave_phase=52 bank_target=13 bank_turn=1
elapsed=27757 actor=flank event=chase-angle path=886F target_speed=60 acceleration=0 corridor=0,3000,0 wave_mode=Combat wave_phase=56 bank_target=-14 bank_turn=1
elapsed=27757 actor=flank event=move path=886F target_speed=60 acceleration=0 corridor=0,3000,0 wave_mode=Combat wave_phase=56 bank_target=-14 bank_turn=1
elapsed=27757 actor=flank event=vertical-step path=8942 target_speed=60 acceleration=0 corridor=0,3000,0 wave_mode=Combat wave_phase=56 bank_target=-14 bank_turn=1
elapsed=27758 actor=rear event=chase-angle path=886F target_speed=60 acceleration=20 corridor=0,3000,0 wave_mode=Combat wave_phase=56 bank_target=-11 bank_turn=1
elapsed=27758 actor=rear event=move path=886F target_speed=60 acceleration=20 corridor=0,3000,0 wave_mode=Combat wave_phase=56 bank_target=-11 bank_turn=1
elapsed=27758 actor=rear event=vertical-step path=8942 target_speed=60 acceleration=0 corridor=0,3000,0 wave_mode=Combat wave_phase=56 bank_target=-11 bank_turn=1
elapsed=27762 actor=lead event=move path=70BE target_speed=60 acceleration=0 corridor=81,-2634,-26 wave_mode=Combat wave_phase=56 bank_target=13 bank_turn=1
elapsed=27762 actor=lead event=vertical-step path=8942 target_speed=60 acceleration=0 corridor=81,-2634,-26 wave_mode=Combat wave_phase=56 bank_target=13 bank_turn=1
elapsed=27762 actor=flank event=chase-angle path=886F target_speed=60 acceleration=0 corridor=0,3000,0 wave_mode=Combat wave_phase=60 bank_target=-14 bank_turn=1
elapsed=27762 actor=flank event=move path=886F target_speed=60 acceleration=0 corridor=0,3000,0 wave_mode=Combat wave_phase=60 bank_target=-14 bank_turn=1
elapsed=27762 actor=flank event=vertical-step path=8942 target_speed=60 acceleration=0 corridor=0,3000,0 wave_mode=Combat wave_phase=60 bank_target=-14 bank_turn=1
elapsed=27763 actor=rear event=chase-angle path=886F target_speed=60 acceleration=0 corridor=0,3000,0 wave_mode=Combat wave_phase=60 bank_target=-11 bank_turn=1
elapsed=27763 actor=rear event=move path=886F target_speed=60 acceleration=0 corridor=0,3000,0 wave_mode=Combat wave_phase=60 bank_target=-11 bank_turn=1
elapsed=27763 actor=rear event=vertical-step path=8942 target_speed=60 acceleration=0 corridor=0,3000,0 wave_mode=Combat wave_phase=60 bank_target=-11 bank_turn=1
elapsed=27767 actor=lead event=move path=70BE target_speed=60 acceleration=0 corridor=81,-2634,-26 wave_mode=Combat wave_phase=60 bank_target=13 bank_turn=1
elapsed=27767 actor=lead event=vertical-step path=8942 target_speed=60 acceleration=0 corridor=81,-2634,-26 wave_mode=Combat wave_phase=60 bank_target=13 bank_turn=1
elapsed=27767 actor=flank event=chase-angle path=886F target_speed=60 acceleration=0 corridor=0,3000,0 wave_mode=Combat wave_phase=64 bank_target=-14 bank_turn=1
elapsed=27767 actor=flank event=move path=886F target_speed=60 acceleration=0 corridor=0,3000,0 wave_mode=Combat wave_phase=64 bank_target=-14 bank_turn=1
elapsed=27767 actor=flank event=vertical-step path=8942 target_speed=60 acceleration=0 corridor=0,3000,0 wave_mode=Combat wave_phase=64 bank_target=-14 bank_turn=1
elapsed=27768 actor=rear event=chase-angle path=886F target_speed=60 acceleration=0 corridor=0,3000,0 wave_mode=Combat wave_phase=64 bank_target=-11 bank_turn=1
elapsed=27768 actor=rear event=move path=886F target_speed=60 acceleration=0 corridor=0,3000,0 wave_mode=Combat wave_phase=64 bank_target=-11 bank_turn=1
elapsed=27768 actor=rear event=vertical-step path=8942 target_speed=60 acceleration=0 corridor=0,3000,0 wave_mode=Combat wave_phase=64 bank_target=-11 bank_turn=1
elapsed=27772 actor=lead event=move path=70BE target_speed=60 acceleration=0 corridor=81,-2634,-26 wave_mode=Combat wave_phase=64 bank_target=13 bank_turn=1
elapsed=27772 actor=lead event=vertical-step path=8942 target_speed=60 acceleration=0 corridor=81,-2634,-26 wave_mode=Combat wave_phase=64 bank_target=13 bank_turn=1
elapsed=27772 actor=flank event=chase-angle path=886F target_speed=60 acceleration=0 corridor=0,3000,0 wave_mode=Combat wave_phase=68 bank_target=-14 bank_turn=1
elapsed=27772 actor=flank event=move path=886F target_speed=60 acceleration=0 corridor=0,3000,0 wave_mode=Combat wave_phase=68 bank_target=-14 bank_turn=1
elapsed=27772 actor=flank event=vertical-step path=8942 target_speed=60 acceleration=0 corridor=0,3000,0 wave_mode=Combat wave_phase=68 bank_target=-14 bank_turn=1
elapsed=27773 actor=rear event=chase-angle path=886F target_speed=60 acceleration=0 corridor=0,3000,0 wave_mode=Combat wave_phase=68 bank_target=-11 bank_turn=1
elapsed=27773 actor=rear event=move path=886F target_speed=60 acceleration=0 corridor=0,3000,0 wave_mode=Combat wave_phase=68 bank_target=-11 bank_turn=1
elapsed=27773 actor=rear event=vertical-step path=8942 target_speed=60 acceleration=0 corridor=0,3000,0 wave_mode=Combat wave_phase=68 bank_target=-11 bank_turn=1
elapsed=27776 actor=lead event=move path=70BE target_speed=60 acceleration=0 corridor=81,-2634,-26 wave_mode=Combat wave_phase=68 bank_target=13 bank_turn=1
elapsed=27776 actor=lead event=vertical-step path=8942 target_speed=60 acceleration=0 corridor=81,-2634,-26 wave_mode=Combat wave_phase=68 bank_target=13 bank_turn=1
elapsed=27777 actor=flank event=chase-angle path=886F target_speed=60 acceleration=0 corridor=0,3000,0 wave_mode=Combat wave_phase=72 bank_target=-14 bank_turn=1
elapsed=27777 actor=flank event=move path=886F target_speed=60 acceleration=0 corridor=0,3000,0 wave_mode=Combat wave_phase=72 bank_target=-14 bank_turn=1
elapsed=27777 actor=flank event=vertical-step path=8942 target_speed=60 acceleration=0 corridor=0,3000,0 wave_mode=Combat wave_phase=72 bank_target=-14 bank_turn=1
elapsed=27777 actor=rear event=chase-angle path=886F target_speed=60 acceleration=0 corridor=0,3000,0 wave_mode=Combat wave_phase=72 bank_target=-11 bank_turn=1
elapsed=27777 actor=rear event=move path=886F target_speed=60 acceleration=0 corridor=0,3000,0 wave_mode=Combat wave_phase=72 bank_target=-11 bank_turn=1
elapsed=27777 actor=rear event=vertical-step path=8942 target_speed=60 acceleration=0 corridor=0,3000,0 wave_mode=Combat wave_phase=72 bank_target=-11 bank_turn=1
elapsed=27781 actor=lead event=move path=70BE target_speed=60 acceleration=0 corridor=81,-2634,-26 wave_mode=Combat wave_phase=72 bank_target=13 bank_turn=1
elapsed=27781 actor=lead event=vertical-step path=8942 target_speed=60 acceleration=0 corridor=81,-2634,-26 wave_mode=Combat wave_phase=72 bank_target=13 bank_turn=1
elapsed=27781 actor=flank event=chase-angle path=886F target_speed=60 acceleration=0 corridor=0,3000,0 wave_mode=Combat wave_phase=76 bank_target=-14 bank_turn=1
elapsed=27782 actor=flank event=move path=886F target_speed=60 acceleration=0 corridor=0,3000,0 wave_mode=Combat wave_phase=76 bank_target=-14 bank_turn=1
elapsed=27782 actor=flank event=vertical-step path=8942 target_speed=60 acceleration=0 corridor=0,3000,0 wave_mode=Combat wave_phase=76 bank_target=-14 bank_turn=1
elapsed=27782 actor=rear event=chase-angle path=886F target_speed=60 acceleration=0 corridor=0,3000,0 wave_mode=Combat wave_phase=76 bank_target=-11 bank_turn=1
elapsed=27782 actor=rear event=move path=886F target_speed=60 acceleration=0 corridor=0,3000,0 wave_mode=Combat wave_phase=76 bank_target=-11 bank_turn=1
elapsed=27782 actor=rear event=vertical-step path=8942 target_speed=60 acceleration=0 corridor=0,3000,0 wave_mode=Combat wave_phase=76 bank_target=-11 bank_turn=1
elapsed=27786 actor=lead event=move path=70BE target_speed=60 acceleration=0 corridor=81,-2634,-26 wave_mode=Combat wave_phase=76 bank_target=13 bank_turn=1
elapsed=27786 actor=lead event=vertical-step path=8942 target_speed=60 acceleration=0 corridor=81,-2634,-26 wave_mode=Combat wave_phase=76 bank_target=13 bank_turn=1
elapsed=27787 actor=flank event=chase-angle path=886F target_speed=60 acceleration=0 corridor=0,3000,0 wave_mode=Combat wave_phase=80 bank_target=-14 bank_turn=1
elapsed=27787 actor=flank event=move path=886F target_speed=60 acceleration=0 corridor=0,3000,0 wave_mode=Combat wave_phase=80 bank_target=-14 bank_turn=1
elapsed=27787 actor=flank event=vertical-step path=8942 target_speed=60 acceleration=0 corridor=0,3000,0 wave_mode=Combat wave_phase=80 bank_target=-14 bank_turn=1
elapsed=27787 actor=rear event=chase-angle path=886F target_speed=60 acceleration=0 corridor=0,3000,0 wave_mode=Combat wave_phase=80 bank_target=-11 bank_turn=1
elapsed=27787 actor=rear event=move path=886F target_speed=60 acceleration=0 corridor=0,3000,0 wave_mode=Combat wave_phase=80 bank_target=-11 bank_turn=1
elapsed=27787 actor=rear event=vertical-step path=8942 target_speed=60 acceleration=0 corridor=0,3000,0 wave_mode=Combat wave_phase=80 bank_target=-11 bank_turn=1
elapsed=27791 actor=lead event=move path=70BE target_speed=60 acceleration=0 corridor=81,-2634,-26 wave_mode=Combat wave_phase=80 bank_target=13 bank_turn=1
elapsed=27792 actor=lead event=vertical-step path=8942 target_speed=60 acceleration=0 corridor=81,-2634,-26 wave_mode=Combat wave_phase=80 bank_target=13 bank_turn=1
elapsed=27792 actor=flank event=chase-angle path=886F target_speed=60 acceleration=0 corridor=0,3000,0 wave_mode=Combat wave_phase=84 bank_target=-14 bank_turn=1
elapsed=27792 actor=flank event=move path=886F target_speed=60 acceleration=0 corridor=0,3000,0 wave_mode=Combat wave_phase=84 bank_target=-14 bank_turn=1
elapsed=27792 actor=flank event=vertical-step path=8942 target_speed=60 acceleration=0 corridor=0,3000,0 wave_mode=Combat wave_phase=84 bank_target=-14 bank_turn=1
elapsed=27792 actor=rear event=chase-angle path=886F target_speed=60 acceleration=0 corridor=0,3000,0 wave_mode=Combat wave_phase=84 bank_target=-11 bank_turn=1
elapsed=27792 actor=rear event=move path=886F target_speed=60 acceleration=0 corridor=0,3000,0 wave_mode=Combat wave_phase=84 bank_target=-11 bank_turn=1
elapsed=27792 actor=rear event=vertical-step path=8942 target_speed=60 acceleration=0 corridor=0,3000,0 wave_mode=Combat wave_phase=84 bank_target=-11 bank_turn=1
elapsed=27797 actor=lead event=move path=70BE target_speed=60 acceleration=0 corridor=81,-2634,-26 wave_mode=Combat wave_phase=84 bank_target=13 bank_turn=1
elapsed=27797 actor=lead event=vertical-step path=8942 target_speed=60 acceleration=0 corridor=81,-2634,-26 wave_mode=Combat wave_phase=84 bank_target=13 bank_turn=1
elapsed=27797 actor=flank event=chase-angle path=886F target_speed=60 acceleration=0 corridor=0,3000,0 wave_mode=Combat wave_phase=88 bank_target=-14 bank_turn=1
elapsed=27797 actor=flank event=move path=70BE target_speed=60 acceleration=0 corridor=0,3000,0 wave_mode=Combat wave_phase=88 bank_target=-14 bank_turn=1
elapsed=27797 actor=flank event=vertical-step path=8942 target_speed=60 acceleration=0 corridor=0,3000,0 wave_mode=Combat wave_phase=88 bank_target=-14 bank_turn=1
elapsed=27798 actor=rear event=chase-angle path=886F target_speed=60 acceleration=0 corridor=0,3000,0 wave_mode=Combat wave_phase=88 bank_target=-11 bank_turn=1
elapsed=27798 actor=rear event=move path=886F target_speed=60 acceleration=0 corridor=0,3000,0 wave_mode=Combat wave_phase=88 bank_target=-11 bank_turn=1
elapsed=27798 actor=rear event=vertical-step path=8942 target_speed=60 acceleration=0 corridor=0,3000,0 wave_mode=Combat wave_phase=88 bank_target=-11 bank_turn=1
elapsed=27802 actor=lead event=move path=70BE target_speed=60 acceleration=0 corridor=34,-3158,-15 wave_mode=Combat wave_phase=88 bank_target=13 bank_turn=1
elapsed=27802 actor=lead event=vertical-step path=8942 target_speed=60 acceleration=0 corridor=34,-3158,-15 wave_mode=Combat wave_phase=88 bank_target=13 bank_turn=1
elapsed=27802 actor=flank event=move path=70BE target_speed=60 acceleration=0 corridor=0,3000,0 wave_mode=Combat wave_phase=92 bank_target=-14 bank_turn=1
elapsed=27802 actor=flank event=vertical-step path=8942 target_speed=60 acceleration=0 corridor=0,3000,0 wave_mode=Combat wave_phase=92 bank_target=-14 bank_turn=1
elapsed=27802 actor=rear event=chase-angle path=886F target_speed=60 acceleration=0 corridor=0,3000,0 wave_mode=Combat wave_phase=92 bank_target=-11 bank_turn=1
elapsed=27803 actor=rear event=move path=70BE target_speed=60 acceleration=0 corridor=0,3000,0 wave_mode=Combat wave_phase=92 bank_target=-11 bank_turn=1
elapsed=27803 actor=rear event=vertical-step path=8942 target_speed=60 acceleration=0 corridor=0,3000,0 wave_mode=Combat wave_phase=92 bank_target=-11 bank_turn=1
elapsed=27806 actor=lead event=move path=70BE target_speed=60 acceleration=0 corridor=34,-3158,-15 wave_mode=Combat wave_phase=92 bank_target=13 bank_turn=1
elapsed=27807 actor=lead event=vertical-step path=8942 target_speed=60 acceleration=0 corridor=34,-3158,-15 wave_mode=Combat wave_phase=92 bank_target=13 bank_turn=1
elapsed=27807 actor=flank event=move path=70BE target_speed=60 acceleration=0 corridor=0,3000,0 wave_mode=Combat wave_phase=96 bank_target=-14 bank_turn=1
elapsed=27807 actor=flank event=vertical-step path=8942 target_speed=60 acceleration=0 corridor=0,3000,0 wave_mode=Combat wave_phase=96 bank_target=-14 bank_turn=1
elapsed=27807 actor=rear event=move path=70BE target_speed=60 acceleration=0 corridor=0,3000,0 wave_mode=Combat wave_phase=96 bank_target=-11 bank_turn=1
elapsed=27808 actor=rear event=vertical-step path=8942 target_speed=60 acceleration=0 corridor=0,3000,0 wave_mode=Combat wave_phase=96 bank_target=-11 bank_turn=1
elapsed=27811 actor=lead event=move path=70BE target_speed=60 acceleration=0 corridor=34,-3158,-15 wave_mode=Combat wave_phase=96 bank_target=13 bank_turn=1
elapsed=27811 actor=lead event=vertical-step path=8942 target_speed=60 acceleration=0 corridor=34,-3158,-15 wave_mode=Combat wave_phase=96 bank_target=13 bank_turn=1
elapsed=27812 actor=flank event=move path=70BE target_speed=60 acceleration=0 corridor=0,3000,0 wave_mode=Combat wave_phase=100 bank_target=-14 bank_turn=1
elapsed=27812 actor=flank event=vertical-step path=8942 target_speed=60 acceleration=0 corridor=0,3000,0 wave_mode=Combat wave_phase=100 bank_target=-14 bank_turn=1
elapsed=27812 actor=rear event=move path=70BE target_speed=60 acceleration=0 corridor=0,3000,0 wave_mode=Combat wave_phase=100 bank_target=-11 bank_turn=1
elapsed=27812 actor=rear event=vertical-step path=8942 target_speed=60 acceleration=0 corridor=0,3000,0 wave_mode=Combat wave_phase=100 bank_target=-11 bank_turn=1
elapsed=27816 actor=lead event=move path=70BE target_speed=60 acceleration=0 corridor=34,-3158,-15 wave_mode=Combat wave_phase=100 bank_target=13 bank_turn=1
elapsed=27816 actor=lead event=vertical-step path=8942 target_speed=60 acceleration=0 corridor=34,-3158,-15 wave_mode=Combat wave_phase=100 bank_target=13 bank_turn=1
elapsed=27816 actor=flank event=move path=70BE target_speed=60 acceleration=0 corridor=0,3000,0 wave_mode=Combat wave_phase=104 bank_target=-14 bank_turn=1
elapsed=27817 actor=flank event=vertical-step path=8942 target_speed=60 acceleration=0 corridor=0,3000,0 wave_mode=Combat wave_phase=104 bank_target=-14 bank_turn=1
elapsed=27817 actor=rear event=move path=70BE target_speed=60 acceleration=0 corridor=0,3000,0 wave_mode=Combat wave_phase=104 bank_target=-11 bank_turn=1
elapsed=27817 actor=rear event=vertical-step path=8942 target_speed=60 acceleration=0 corridor=0,3000,0 wave_mode=Combat wave_phase=104 bank_target=-11 bank_turn=1
elapsed=27821 actor=lead event=move path=70BE target_speed=60 acceleration=0 corridor=34,-3158,-15 wave_mode=Combat wave_phase=104 bank_target=13 bank_turn=1
elapsed=27821 actor=lead event=vertical-step path=8942 target_speed=60 acceleration=0 corridor=34,-3158,-15 wave_mode=Combat wave_phase=104 bank_target=13 bank_turn=1
elapsed=27821 actor=flank event=move path=70BE target_speed=60 acceleration=0 corridor=0,3000,0 wave_mode=Combat wave_phase=108 bank_target=-14 bank_turn=1
elapsed=27822 actor=flank event=vertical-step path=8942 target_speed=60 acceleration=0 corridor=0,3000,0 wave_mode=Combat wave_phase=108 bank_target=-14 bank_turn=1
elapsed=27822 actor=rear event=move path=70BE target_speed=60 acceleration=0 corridor=0,3000,0 wave_mode=Combat wave_phase=108 bank_target=-11 bank_turn=1
elapsed=27822 actor=rear event=vertical-step path=8942 target_speed=60 acceleration=0 corridor=0,3000,0 wave_mode=Combat wave_phase=108 bank_target=-11 bank_turn=1
elapsed=27826 actor=lead event=move path=70BE target_speed=60 acceleration=0 corridor=34,-3158,-15 wave_mode=Combat wave_phase=108 bank_target=13 bank_turn=1
elapsed=27827 actor=lead event=vertical-step path=8942 target_speed=60 acceleration=0 corridor=34,-3158,-15 wave_mode=Combat wave_phase=108 bank_target=13 bank_turn=1
elapsed=27827 actor=flank event=move path=70BE target_speed=60 acceleration=0 corridor=0,3000,0 wave_mode=Combat wave_phase=112 bank_target=-14 bank_turn=1
elapsed=27827 actor=flank event=vertical-step path=8942 target_speed=60 acceleration=0 corridor=0,3000,0 wave_mode=Combat wave_phase=112 bank_target=-14 bank_turn=1
elapsed=27827 actor=rear event=move path=70BE target_speed=60 acceleration=0 corridor=0,3000,0 wave_mode=Combat wave_phase=112 bank_target=-11 bank_turn=1
elapsed=27827 actor=rear event=vertical-step path=8942 target_speed=60 acceleration=0 corridor=0,3000,0 wave_mode=Combat wave_phase=112 bank_target=-11 bank_turn=1
elapsed=27831 actor=lead event=move path=70BE target_speed=60 acceleration=0 corridor=34,-3158,-15 wave_mode=Combat wave_phase=112 bank_target=13 bank_turn=1
elapsed=27832 actor=lead event=vertical-step path=8942 target_speed=60 acceleration=0 corridor=34,-3158,-15 wave_mode=Combat wave_phase=112 bank_target=13 bank_turn=1
elapsed=27832 actor=flank event=move path=70BE target_speed=60 acceleration=0 corridor=0,3000,0 wave_mode=Combat wave_phase=116 bank_target=-14 bank_turn=1
elapsed=27832 actor=flank event=vertical-step path=8942 target_speed=60 acceleration=0 corridor=0,3000,0 wave_mode=Combat wave_phase=116 bank_target=-14 bank_turn=1
elapsed=27832 actor=rear event=move path=70BE target_speed=60 acceleration=0 corridor=0,3000,0 wave_mode=Combat wave_phase=116 bank_target=-11 bank_turn=1
elapsed=27833 actor=rear event=vertical-step path=8942 target_speed=60 acceleration=0 corridor=0,3000,0 wave_mode=Combat wave_phase=116 bank_target=-11 bank_turn=1
elapsed=27836 actor=lead event=move path=70BE target_speed=60 acceleration=0 corridor=-26,800,-61 wave_mode=Combat wave_phase=116 bank_target=13 bank_turn=1
elapsed=27836 actor=lead event=vertical-step path=8942 target_speed=60 acceleration=0 corridor=-26,800,-61 wave_mode=Combat wave_phase=116 bank_target=13 bank_turn=1
elapsed=27837 actor=flank event=move path=70BE target_speed=60 acceleration=0 corridor=0,3000,0 wave_mode=Combat wave_phase=120 bank_target=-14 bank_turn=1
elapsed=27837 actor=flank event=vertical-step path=8942 target_speed=60 acceleration=0 corridor=0,3000,0 wave_mode=Combat wave_phase=120 bank_target=-14 bank_turn=1
elapsed=27837 actor=rear event=move path=70BE target_speed=60 acceleration=0 corridor=0,3000,0 wave_mode=Combat wave_phase=120 bank_target=-11 bank_turn=1
elapsed=27837 actor=rear event=vertical-step path=8942 target_speed=60 acceleration=0 corridor=0,3000,0 wave_mode=Combat wave_phase=120 bank_target=-11 bank_turn=1
elapsed=27841 actor=lead event=move path=70BE target_speed=60 acceleration=0 corridor=-26,800,-61 wave_mode=Combat wave_phase=120 bank_target=13 bank_turn=1
elapsed=27841 actor=lead event=vertical-step path=8942 target_speed=60 acceleration=0 corridor=-26,800,-61 wave_mode=Combat wave_phase=120 bank_target=13 bank_turn=1
elapsed=27842 actor=flank event=move path=70BE target_speed=60 acceleration=0 corridor=0,3000,0 wave_mode=Combat wave_phase=124 bank_target=-14 bank_turn=1
elapsed=27842 actor=flank event=vertical-step path=8942 target_speed=60 acceleration=0 corridor=0,3000,0 wave_mode=Combat wave_phase=124 bank_target=-14 bank_turn=1
elapsed=27842 actor=rear event=move path=70BE target_speed=60 acceleration=0 corridor=0,3000,0 wave_mode=Combat wave_phase=124 bank_target=-11 bank_turn=1
elapsed=27842 actor=rear event=vertical-step path=8942 target_speed=60 acceleration=0 corridor=0,3000,0 wave_mode=Combat wave_phase=124 bank_target=-11 bank_turn=1
elapsed=27846 actor=lead event=move path=70BE target_speed=60 acceleration=0 corridor=-26,800,-61 wave_mode=Combat wave_phase=124 bank_target=13 bank_turn=1
elapsed=27846 actor=lead event=vertical-step path=8942 target_speed=60 acceleration=0 corridor=-26,800,-61 wave_mode=Combat wave_phase=124 bank_target=13 bank_turn=1
elapsed=27847 actor=flank event=move path=70D3 target_speed=60 acceleration=0 corridor=0,3000,0 wave_mode=Combat wave_phase=128 bank_target=-14 bank_turn=0
elapsed=27847 actor=flank event=vertical-step path=8942 target_speed=60 acceleration=0 corridor=0,3000,0 wave_mode=Combat wave_phase=128 bank_target=-14 bank_turn=0
elapsed=27847 actor=rear event=move path=70BE target_speed=60 acceleration=0 corridor=0,3000,0 wave_mode=Combat wave_phase=128 bank_target=-11 bank_turn=1
elapsed=27847 actor=rear event=vertical-step path=8942 target_speed=60 acceleration=0 corridor=0,3000,0 wave_mode=Combat wave_phase=128 bank_target=-11 bank_turn=1
elapsed=27851 actor=lead event=move path=70BE target_speed=60 acceleration=0 corridor=-26,800,-61 wave_mode=Combat wave_phase=128 bank_target=13 bank_turn=1
elapsed=27852 actor=lead event=vertical-step path=8942 target_speed=60 acceleration=0 corridor=-26,800,-61 wave_mode=Combat wave_phase=128 bank_target=13 bank_turn=1
elapsed=27852 actor=flank event=move path=70D3 target_speed=60 acceleration=0 corridor=0,3000,0 wave_mode=Combat wave_phase=132 bank_target=-14 bank_turn=0
elapsed=27852 actor=flank event=vertical-step path=8942 target_speed=60 acceleration=0 corridor=0,3000,0 wave_mode=Combat wave_phase=132 bank_target=-14 bank_turn=0
elapsed=27852 actor=rear event=move path=70BE target_speed=60 acceleration=0 corridor=0,3000,0 wave_mode=Combat wave_phase=132 bank_target=-11 bank_turn=1
elapsed=27852 actor=rear event=vertical-step path=8942 target_speed=60 acceleration=0 corridor=0,3000,0 wave_mode=Combat wave_phase=132 bank_target=-11 bank_turn=1
elapsed=27857 actor=lead event=move path=70BE target_speed=60 acceleration=0 corridor=-26,800,-61 wave_mode=Combat wave_phase=132 bank_target=13 bank_turn=1
elapsed=27857 actor=lead event=vertical-step path=8942 target_speed=60 acceleration=0 corridor=-26,800,-61 wave_mode=Combat wave_phase=132 bank_target=13 bank_turn=1
elapsed=27857 actor=flank event=move path=70D3 target_speed=60 acceleration=0 corridor=0,3000,0 wave_mode=Combat wave_phase=136 bank_target=-14 bank_turn=0
elapsed=27857 actor=flank event=vertical-step path=8942 target_speed=60 acceleration=0 corridor=0,3000,0 wave_mode=Combat wave_phase=136 bank_target=-14 bank_turn=0
elapsed=27857 actor=rear event=move path=70BE target_speed=60 acceleration=0 corridor=0,3000,0 wave_mode=Combat wave_phase=136 bank_target=-11 bank_turn=1
elapsed=27858 actor=rear event=vertical-step path=8942 target_speed=60 acceleration=0 corridor=0,3000,0 wave_mode=Combat wave_phase=136 bank_target=-11 bank_turn=1
elapsed=27862 actor=lead event=move path=70BE target_speed=60 acceleration=0 corridor=-26,800,-61 wave_mode=Combat wave_phase=136 bank_target=13 bank_turn=1
elapsed=27862 actor=lead event=vertical-step path=8942 target_speed=60 acceleration=0 corridor=-26,800,-61 wave_mode=Combat wave_phase=136 bank_target=13 bank_turn=1
elapsed=27862 actor=flank event=move path=70D3 target_speed=60 acceleration=0 corridor=0,3000,0 wave_mode=Combat wave_phase=140 bank_target=-14 bank_turn=0
elapsed=27862 actor=flank event=vertical-step path=8942 target_speed=60 acceleration=0 corridor=0,3000,0 wave_mode=Combat wave_phase=140 bank_target=-14 bank_turn=0
elapsed=27863 actor=rear event=move path=70BE target_speed=60 acceleration=0 corridor=0,3000,0 wave_mode=Combat wave_phase=140 bank_target=-11 bank_turn=1
elapsed=27863 actor=rear event=vertical-step path=8942 target_speed=60 acceleration=0 corridor=0,3000,0 wave_mode=Combat wave_phase=140 bank_target=-11 bank_turn=1
elapsed=27866 actor=lead event=move path=70BE target_speed=60 acceleration=0 corridor=-26,800,-61 wave_mode=Combat wave_phase=140 bank_target=13 bank_turn=1
elapsed=27866 actor=lead event=vertical-step path=8942 target_speed=60 acceleration=0 corridor=-26,800,-61 wave_mode=Combat wave_phase=140 bank_target=13 bank_turn=1
elapsed=27867 actor=flank event=move path=70D3 target_speed=60 acceleration=0 corridor=0,3000,0 wave_mode=Combat wave_phase=144 bank_target=-14 bank_turn=0
elapsed=27867 actor=flank event=vertical-step path=8942 target_speed=60 acceleration=0 corridor=0,3000,0 wave_mode=Combat wave_phase=144 bank_target=-14 bank_turn=0
elapsed=27867 actor=rear event=move path=70BE target_speed=60 acceleration=0 corridor=0,3000,0 wave_mode=Combat wave_phase=144 bank_target=-11 bank_turn=1
elapsed=27867 actor=rear event=vertical-step path=8942 target_speed=60 acceleration=0 corridor=0,3000,0 wave_mode=Combat wave_phase=144 bank_target=-11 bank_turn=1
elapsed=27871 actor=lead event=move path=70BE target_speed=60 acceleration=0 corridor=-26,800,-61 wave_mode=Combat wave_phase=144 bank_target=13 bank_turn=1
elapsed=27871 actor=lead event=vertical-step path=8942 target_speed=60 acceleration=0 corridor=-26,800,-61 wave_mode=Combat wave_phase=144 bank_target=13 bank_turn=1
elapsed=27871 actor=flank event=move path=70D3 target_speed=60 acceleration=0 corridor=0,3000,0 wave_mode=Combat wave_phase=148 bank_target=-14 bank_turn=0
elapsed=27872 actor=flank event=vertical-step path=8942 target_speed=60 acceleration=0 corridor=0,3000,0 wave_mode=Combat wave_phase=148 bank_target=-14 bank_turn=0
elapsed=27872 actor=rear event=move path=70BE target_speed=60 acceleration=0 corridor=0,3000,0 wave_mode=Combat wave_phase=148 bank_target=-11 bank_turn=1
elapsed=27872 actor=rear event=vertical-step path=8942 target_speed=60 acceleration=0 corridor=0,3000,0 wave_mode=Combat wave_phase=148 bank_target=-11 bank_turn=1
elapsed=27875 actor=lead event=move path=70BE target_speed=60 acceleration=0 corridor=-26,800,-61 wave_mode=Combat wave_phase=148 bank_target=13 bank_turn=1
elapsed=27875 actor=lead event=vertical-step path=8942 target_speed=60 acceleration=0 corridor=-26,800,-61 wave_mode=Combat wave_phase=148 bank_target=13 bank_turn=1
elapsed=27876 actor=flank event=move path=70D3 target_speed=60 acceleration=0 corridor=0,3000,0 wave_mode=Combat wave_phase=152 bank_target=-14 bank_turn=0
elapsed=27876 actor=flank event=vertical-step path=8942 target_speed=60 acceleration=0 corridor=0,3000,0 wave_mode=Combat wave_phase=152 bank_target=-14 bank_turn=0
elapsed=27876 actor=rear event=move path=70BE target_speed=60 acceleration=0 corridor=0,3000,0 wave_mode=Combat wave_phase=152 bank_target=-11 bank_turn=1
elapsed=27876 actor=rear event=vertical-step path=8942 target_speed=60 acceleration=0 corridor=0,3000,0 wave_mode=Combat wave_phase=152 bank_target=-11 bank_turn=1
elapsed=27880 actor=lead event=move path=70BE target_speed=60 acceleration=0 corridor=-26,800,-61 wave_mode=Combat wave_phase=152 bank_target=13 bank_turn=1
elapsed=27880 actor=lead event=vertical-step path=8942 target_speed=60 acceleration=0 corridor=-26,800,-61 wave_mode=Combat wave_phase=152 bank_target=13 bank_turn=1
elapsed=27881 actor=flank event=move path=70D3 target_speed=60 acceleration=0 corridor=0,3000,0 wave_mode=Combat wave_phase=156 bank_target=-14 bank_turn=0
elapsed=27881 actor=flank event=vertical-step path=8942 target_speed=60 acceleration=0 corridor=0,3000,0 wave_mode=Combat wave_phase=156 bank_target=-14 bank_turn=0
elapsed=27881 actor=rear event=move path=70BE target_speed=60 acceleration=0 corridor=0,3000,0 wave_mode=Combat wave_phase=156 bank_target=-11 bank_turn=1
elapsed=27881 actor=rear event=vertical-step path=8942 target_speed=60 acceleration=0 corridor=0,3000,0 wave_mode=Combat wave_phase=156 bank_target=-11 bank_turn=1
elapsed=27886 actor=lead event=move path=70BE target_speed=60 acceleration=0 corridor=-26,800,-61 wave_mode=Combat wave_phase=156 bank_target=13 bank_turn=1
elapsed=27886 actor=lead event=vertical-step path=8942 target_speed=60 acceleration=0 corridor=-26,800,-61 wave_mode=Combat wave_phase=156 bank_target=13 bank_turn=1
elapsed=27886 actor=flank event=move path=70D3 target_speed=60 acceleration=0 corridor=0,3000,0 wave_mode=Combat wave_phase=160 bank_target=-14 bank_turn=0
elapsed=27886 actor=flank event=vertical-step path=8942 target_speed=60 acceleration=0 corridor=0,3000,0 wave_mode=Combat wave_phase=160 bank_target=-14 bank_turn=0
elapsed=27886 actor=rear event=move path=70BE target_speed=60 acceleration=0 corridor=0,3000,0 wave_mode=Combat wave_phase=160 bank_target=-11 bank_turn=1
elapsed=27887 actor=rear event=vertical-step path=8942 target_speed=60 acceleration=0 corridor=0,3000,0 wave_mode=Combat wave_phase=160 bank_target=-11 bank_turn=1
elapsed=27890 actor=lead event=move path=70BE target_speed=60 acceleration=0 corridor=-26,800,-61 wave_mode=Combat wave_phase=160 bank_target=13 bank_turn=1
elapsed=27891 actor=lead event=vertical-step path=8942 target_speed=60 acceleration=0 corridor=-26,800,-61 wave_mode=Combat wave_phase=160 bank_target=13 bank_turn=1
elapsed=27891 actor=flank event=move path=70D3 target_speed=60 acceleration=0 corridor=0,3000,0 wave_mode=Combat wave_phase=164 bank_target=-14 bank_turn=0
elapsed=27891 actor=flank event=vertical-step path=8942 target_speed=60 acceleration=0 corridor=0,3000,0 wave_mode=Combat wave_phase=164 bank_target=-14 bank_turn=0
elapsed=27891 actor=rear event=move path=70BE target_speed=60 acceleration=0 corridor=0,3000,0 wave_mode=Combat wave_phase=164 bank_target=-11 bank_turn=1
elapsed=27892 actor=rear event=vertical-step path=8942 target_speed=60 acceleration=0 corridor=0,3000,0 wave_mode=Combat wave_phase=164 bank_target=-11 bank_turn=1
elapsed=27895 actor=lead event=move path=70BE target_speed=60 acceleration=0 corridor=-26,800,-61 wave_mode=Combat wave_phase=164 bank_target=13 bank_turn=1
elapsed=27895 actor=lead event=vertical-step path=8942 target_speed=60 acceleration=0 corridor=-26,800,-61 wave_mode=Combat wave_phase=164 bank_target=13 bank_turn=1
elapsed=27896 actor=flank event=move path=70D3 target_speed=60 acceleration=0 corridor=0,3000,0 wave_mode=Combat wave_phase=168 bank_target=-14 bank_turn=0
elapsed=27896 actor=flank event=vertical-step path=8942 target_speed=60 acceleration=0 corridor=0,3000,0 wave_mode=Combat wave_phase=168 bank_target=-14 bank_turn=0
elapsed=27896 actor=rear event=move path=70BE target_speed=60 acceleration=0 corridor=0,3000,0 wave_mode=Combat wave_phase=168 bank_target=-11 bank_turn=1
elapsed=27896 actor=rear event=vertical-step path=8942 target_speed=60 acceleration=0 corridor=0,3000,0 wave_mode=Combat wave_phase=168 bank_target=-11 bank_turn=1
elapsed=27900 actor=lead event=move path=70BE target_speed=60 acceleration=0 corridor=-26,800,-61 wave_mode=Combat wave_phase=168 bank_target=13 bank_turn=1
elapsed=27900 actor=lead event=vertical-step path=8942 target_speed=60 acceleration=0 corridor=-26,800,-61 wave_mode=Combat wave_phase=168 bank_target=13 bank_turn=1
elapsed=27900 actor=flank event=move path=70D3 target_speed=60 acceleration=0 corridor=0,3000,0 wave_mode=Combat wave_phase=172 bank_target=-14 bank_turn=0
elapsed=27901 actor=flank event=vertical-step path=8942 target_speed=60 acceleration=0 corridor=0,3000,0 wave_mode=Combat wave_phase=172 bank_target=-14 bank_turn=0
elapsed=27901 actor=rear event=move path=70BE target_speed=60 acceleration=0 corridor=0,3000,0 wave_mode=Combat wave_phase=172 bank_target=-11 bank_turn=1
elapsed=27901 actor=rear event=vertical-step path=8942 target_speed=60 acceleration=0 corridor=0,3000,0 wave_mode=Combat wave_phase=172 bank_target=-11 bank_turn=1
elapsed=27905 actor=lead event=move path=70BE target_speed=60 acceleration=0 corridor=-26,800,-61 wave_mode=Combat wave_phase=172 bank_target=13 bank_turn=1
elapsed=27905 actor=lead event=vertical-step path=8942 target_speed=60 acceleration=0 corridor=-26,800,-61 wave_mode=Combat wave_phase=172 bank_target=13 bank_turn=1
elapsed=27905 actor=flank event=move path=70D3 target_speed=60 acceleration=0 corridor=0,3000,0 wave_mode=Combat wave_phase=176 bank_target=-14 bank_turn=0
elapsed=27905 actor=flank event=vertical-step path=8942 target_speed=60 acceleration=0 corridor=0,3000,0 wave_mode=Combat wave_phase=176 bank_target=-14 bank_turn=0
elapsed=27906 actor=rear event=move path=70BE target_speed=60 acceleration=0 corridor=0,3000,0 wave_mode=Combat wave_phase=176 bank_target=-11 bank_turn=1
elapsed=27906 actor=rear event=vertical-step path=8942 target_speed=60 acceleration=0 corridor=0,3000,0 wave_mode=Combat wave_phase=176 bank_target=-11 bank_turn=1
elapsed=27910 actor=lead event=move path=70BE target_speed=60 acceleration=0 corridor=-26,800,-61 wave_mode=Combat wave_phase=176 bank_target=13 bank_turn=1
elapsed=27910 actor=lead event=vertical-step path=8942 target_speed=60 acceleration=0 corridor=-26,800,-61 wave_mode=Combat wave_phase=176 bank_target=13 bank_turn=1
elapsed=27910 actor=flank event=move path=70D3 target_speed=60 acceleration=0 corridor=0,3000,0 wave_mode=Combat wave_phase=180 bank_target=-14 bank_turn=0
elapsed=27910 actor=flank event=vertical-step path=8942 target_speed=60 acceleration=0 corridor=0,3000,0 wave_mode=Combat wave_phase=180 bank_target=-14 bank_turn=0
elapsed=27911 actor=rear event=move path=70BE target_speed=60 acceleration=0 corridor=0,3000,0 wave_mode=Combat wave_phase=180 bank_target=-11 bank_turn=1
elapsed=27911 actor=rear event=vertical-step path=8942 target_speed=60 acceleration=0 corridor=0,3000,0 wave_mode=Combat wave_phase=180 bank_target=-11 bank_turn=1
elapsed=27915 actor=lead event=move path=70BE target_speed=60 acceleration=0 corridor=-26,800,-61 wave_mode=Combat wave_phase=180 bank_target=13 bank_turn=1
elapsed=27915 actor=lead event=vertical-step path=8942 target_speed=60 acceleration=0 corridor=-26,800,-61 wave_mode=Combat wave_phase=180 bank_target=13 bank_turn=1
elapsed=27915 actor=flank event=move path=70D3 target_speed=60 acceleration=0 corridor=0,3000,0 wave_mode=Combat wave_phase=184 bank_target=-14 bank_turn=0
elapsed=27916 actor=flank event=vertical-step path=8942 target_speed=60 acceleration=0 corridor=0,3000,0 wave_mode=Combat wave_phase=184 bank_target=-14 bank_turn=0
elapsed=27916 actor=rear event=move path=70BE target_speed=60 acceleration=0 corridor=0,3000,0 wave_mode=Combat wave_phase=184 bank_target=-11 bank_turn=1
elapsed=27916 actor=rear event=vertical-step path=8942 target_speed=60 acceleration=0 corridor=0,3000,0 wave_mode=Combat wave_phase=184 bank_target=-11 bank_turn=1
elapsed=27920 actor=lead event=move path=70BE target_speed=60 acceleration=0 corridor=-26,800,-61 wave_mode=Combat wave_phase=184 bank_target=13 bank_turn=1
elapsed=27920 actor=lead event=vertical-step path=8942 target_speed=60 acceleration=0 corridor=-26,800,-61 wave_mode=Combat wave_phase=184 bank_target=13 bank_turn=1
elapsed=27920 actor=flank event=move path=70D3 target_speed=60 acceleration=0 corridor=0,3000,0 wave_mode=Combat wave_phase=188 bank_target=-14 bank_turn=0
elapsed=27920 actor=flank event=vertical-step path=8942 target_speed=60 acceleration=0 corridor=0,3000,0 wave_mode=Combat wave_phase=188 bank_target=-14 bank_turn=0
elapsed=27921 actor=rear event=move path=70BE target_speed=60 acceleration=0 corridor=0,3000,0 wave_mode=Combat wave_phase=188 bank_target=-11 bank_turn=1
elapsed=27921 actor=rear event=vertical-step path=8942 target_speed=60 acceleration=0 corridor=0,3000,0 wave_mode=Combat wave_phase=188 bank_target=-11 bank_turn=1
elapsed=27924 actor=lead event=move path=70BE target_speed=60 acceleration=0 corridor=-26,800,-61 wave_mode=Combat wave_phase=188 bank_target=13 bank_turn=1
elapsed=27925 actor=lead event=vertical-step path=8942 target_speed=60 acceleration=0 corridor=-26,800,-61 wave_mode=Combat wave_phase=188 bank_target=13 bank_turn=1
elapsed=27925 actor=flank event=move path=70D3 target_speed=60 acceleration=0 corridor=0,3000,0 wave_mode=Combat wave_phase=192 bank_target=-14 bank_turn=0
elapsed=27925 actor=flank event=vertical-step path=8942 target_speed=60 acceleration=0 corridor=0,3000,0 wave_mode=Combat wave_phase=192 bank_target=-14 bank_turn=0
elapsed=27925 actor=rear event=move path=70BE target_speed=60 acceleration=0 corridor=0,3000,0 wave_mode=Combat wave_phase=192 bank_target=-11 bank_turn=1
elapsed=27926 actor=rear event=vertical-step path=8942 target_speed=60 acceleration=0 corridor=0,3000,0 wave_mode=Combat wave_phase=192 bank_target=-11 bank_turn=1
elapsed=27929 actor=lead event=move path=70BE target_speed=60 acceleration=0 corridor=-26,800,-61 wave_mode=Combat wave_phase=192 bank_target=13 bank_turn=1
elapsed=27929 actor=lead event=vertical-step path=8942 target_speed=60 acceleration=0 corridor=-26,800,-61 wave_mode=Combat wave_phase=192 bank_target=13 bank_turn=1
elapsed=27930 actor=flank event=move path=70D3 target_speed=60 acceleration=0 corridor=0,3000,0 wave_mode=Combat wave_phase=196 bank_target=-14 bank_turn=0
elapsed=27930 actor=flank event=vertical-step path=8942 target_speed=60 acceleration=0 corridor=0,3000,0 wave_mode=Combat wave_phase=196 bank_target=-14 bank_turn=0
elapsed=27930 actor=rear event=move path=70BE target_speed=60 acceleration=0 corridor=0,3000,0 wave_mode=Combat wave_phase=196 bank_target=-11 bank_turn=1
elapsed=27930 actor=rear event=vertical-step path=8942 target_speed=60 acceleration=0 corridor=0,3000,0 wave_mode=Combat wave_phase=196 bank_target=-11 bank_turn=1
elapsed=27934 actor=lead event=move path=70BE target_speed=60 acceleration=0 corridor=-26,800,-61 wave_mode=Combat wave_phase=196 bank_target=13 bank_turn=1
elapsed=27934 actor=lead event=vertical-step path=8942 target_speed=60 acceleration=0 corridor=-26,800,-61 wave_mode=Combat wave_phase=196 bank_target=13 bank_turn=1
elapsed=27934 actor=flank event=move path=70D3 target_speed=60 acceleration=0 corridor=0,3000,0 wave_mode=Combat wave_phase=200 bank_target=-14 bank_turn=0
elapsed=27935 actor=flank event=vertical-step path=8942 target_speed=60 acceleration=0 corridor=0,3000,0 wave_mode=Combat wave_phase=200 bank_target=-14 bank_turn=0
elapsed=27935 actor=rear event=move path=70BE target_speed=60 acceleration=0 corridor=0,3000,0 wave_mode=Combat wave_phase=200 bank_target=-11 bank_turn=1
elapsed=27935 actor=rear event=vertical-step path=8942 target_speed=60 acceleration=0 corridor=0,3000,0 wave_mode=Combat wave_phase=200 bank_target=-11 bank_turn=1
elapsed=27939 actor=lead event=move path=70BE target_speed=60 acceleration=0 corridor=-26,800,-61 wave_mode=Combat wave_phase=200 bank_target=13 bank_turn=1
elapsed=27939 actor=lead event=vertical-step path=8942 target_speed=60 acceleration=0 corridor=-26,800,-61 wave_mode=Combat wave_phase=200 bank_target=13 bank_turn=1
elapsed=27940 actor=flank event=move path=70D3 target_speed=60 acceleration=0 corridor=0,3000,0 wave_mode=Combat wave_phase=204 bank_target=-14 bank_turn=0
elapsed=27940 actor=flank event=vertical-step path=8942 target_speed=60 acceleration=0 corridor=0,3000,0 wave_mode=Combat wave_phase=204 bank_target=-14 bank_turn=0
elapsed=27940 actor=rear event=move path=70BE target_speed=60 acceleration=0 corridor=0,3000,0 wave_mode=Combat wave_phase=204 bank_target=-11 bank_turn=1
elapsed=27940 actor=rear event=vertical-step path=8942 target_speed=60 acceleration=0 corridor=0,3000,0 wave_mode=Combat wave_phase=204 bank_target=-11 bank_turn=1
elapsed=27944 actor=lead event=move path=70BE target_speed=60 acceleration=0 corridor=-26,800,-61 wave_mode=Combat wave_phase=204 bank_target=13 bank_turn=1
elapsed=27944 actor=lead event=vertical-step path=8942 target_speed=60 acceleration=0 corridor=-26,800,-61 wave_mode=Combat wave_phase=204 bank_target=13 bank_turn=1
elapsed=27944 actor=flank event=move path=70D3 target_speed=60 acceleration=0 corridor=0,3000,0 wave_mode=Combat wave_phase=208 bank_target=-14 bank_turn=0
elapsed=27944 actor=flank event=vertical-step path=8942 target_speed=60 acceleration=0 corridor=0,3000,0 wave_mode=Combat wave_phase=208 bank_target=-14 bank_turn=0
elapsed=27945 actor=rear event=move path=70BE target_speed=60 acceleration=0 corridor=0,3000,0 wave_mode=Combat wave_phase=208 bank_target=-11 bank_turn=1
elapsed=27945 actor=rear event=vertical-step path=8942 target_speed=60 acceleration=0 corridor=0,3000,0 wave_mode=Combat wave_phase=208 bank_target=-11 bank_turn=1
elapsed=27948 actor=lead event=move path=70BE target_speed=60 acceleration=0 corridor=-26,800,-61 wave_mode=Combat wave_phase=208 bank_target=13 bank_turn=1
elapsed=27948 actor=lead event=vertical-step path=8942 target_speed=60 acceleration=0 corridor=-26,800,-61 wave_mode=Combat wave_phase=208 bank_target=13 bank_turn=1
elapsed=27949 actor=flank event=move path=70D3 target_speed=60 acceleration=0 corridor=0,3000,0 wave_mode=Combat wave_phase=212 bank_target=-14 bank_turn=0
elapsed=27949 actor=flank event=vertical-step path=8942 target_speed=60 acceleration=0 corridor=0,3000,0 wave_mode=Combat wave_phase=212 bank_target=-14 bank_turn=0
elapsed=27949 actor=rear event=move path=70BE target_speed=60 acceleration=0 corridor=0,3000,0 wave_mode=Combat wave_phase=212 bank_target=-11 bank_turn=1
elapsed=27950 actor=rear event=vertical-step path=8942 target_speed=60 acceleration=0 corridor=0,3000,0 wave_mode=Combat wave_phase=212 bank_target=-11 bank_turn=1
elapsed=27953 actor=lead event=move path=70BE target_speed=60 acceleration=0 corridor=-26,800,-61 wave_mode=Combat wave_phase=212 bank_target=13 bank_turn=1
elapsed=27953 actor=lead event=vertical-step path=8942 target_speed=60 acceleration=0 corridor=-26,800,-61 wave_mode=Combat wave_phase=212 bank_target=13 bank_turn=1
elapsed=27954 actor=flank event=move path=70D3 target_speed=60 acceleration=0 corridor=99,-918,93 wave_mode=Combat wave_phase=216 bank_target=-14 bank_turn=0
elapsed=27954 actor=flank event=vertical-step path=8942 target_speed=60 acceleration=0 corridor=99,-918,93 wave_mode=Combat wave_phase=216 bank_target=-14 bank_turn=0
elapsed=27954 actor=rear event=move path=70BE target_speed=60 acceleration=0 corridor=0,3000,0 wave_mode=Combat wave_phase=216 bank_target=-11 bank_turn=1
elapsed=27954 actor=rear event=vertical-step path=8942 target_speed=60 acceleration=0 corridor=0,3000,0 wave_mode=Combat wave_phase=216 bank_target=-11 bank_turn=1
elapsed=27958 actor=lead event=move path=70D3 target_speed=60 acceleration=0 corridor=-26,800,-61 wave_mode=Combat wave_phase=216 bank_target=13 bank_turn=0
elapsed=27958 actor=lead event=vertical-step path=8942 target_speed=60 acceleration=0 corridor=-26,800,-61 wave_mode=Combat wave_phase=216 bank_target=13 bank_turn=0
elapsed=27959 actor=flank event=move path=70D3 target_speed=60 acceleration=0 corridor=99,-918,93 wave_mode=Combat wave_phase=220 bank_target=-14 bank_turn=0
elapsed=27959 actor=flank event=vertical-step path=8942 target_speed=60 acceleration=0 corridor=99,-918,93 wave_mode=Combat wave_phase=220 bank_target=-14 bank_turn=0
elapsed=27959 actor=rear event=move path=70BE target_speed=60 acceleration=0 corridor=-127,-1674,66 wave_mode=Combat wave_phase=220 bank_target=-11 bank_turn=1
elapsed=27959 actor=rear event=vertical-step path=8942 target_speed=60 acceleration=0 corridor=-127,-1674,66 wave_mode=Combat wave_phase=220 bank_target=-11 bank_turn=1
elapsed=27963 actor=lead event=move path=70D3 target_speed=60 acceleration=0 corridor=-26,800,-61 wave_mode=Combat wave_phase=220 bank_target=13 bank_turn=0
elapsed=27963 actor=lead event=vertical-step path=8942 target_speed=60 acceleration=0 corridor=-26,800,-61 wave_mode=Combat wave_phase=220 bank_target=13 bank_turn=0
elapsed=27963 actor=flank event=move path=70D3 target_speed=60 acceleration=0 corridor=99,-918,93 wave_mode=Combat wave_phase=224 bank_target=-14 bank_turn=0
elapsed=27963 actor=flank event=vertical-step path=8942 target_speed=60 acceleration=0 corridor=99,-918,93 wave_mode=Combat wave_phase=224 bank_target=-14 bank_turn=0
elapsed=27964 actor=rear event=move path=70BE target_speed=60 acceleration=0 corridor=-127,-1674,66 wave_mode=Combat wave_phase=224 bank_target=-11 bank_turn=1
elapsed=27964 actor=rear event=vertical-step path=8942 target_speed=60 acceleration=0 corridor=-127,-1674,66 wave_mode=Combat wave_phase=224 bank_target=-11 bank_turn=1
elapsed=27967 actor=lead event=move path=70D3 target_speed=60 acceleration=0 corridor=-26,800,-61 wave_mode=Combat wave_phase=224 bank_target=13 bank_turn=0
elapsed=27968 actor=lead event=vertical-step path=8942 target_speed=60 acceleration=0 corridor=-26,800,-61 wave_mode=Combat wave_phase=224 bank_target=13 bank_turn=0
elapsed=27968 actor=flank event=move path=70D3 target_speed=60 acceleration=0 corridor=99,-918,93 wave_mode=Combat wave_phase=228 bank_target=-14 bank_turn=0
elapsed=27968 actor=flank event=vertical-step path=8942 target_speed=60 acceleration=0 corridor=99,-918,93 wave_mode=Combat wave_phase=228 bank_target=-14 bank_turn=0
elapsed=27968 actor=rear event=move path=70BE target_speed=60 acceleration=0 corridor=-127,-1674,66 wave_mode=Combat wave_phase=228 bank_target=-11 bank_turn=1
elapsed=27969 actor=rear event=vertical-step path=8942 target_speed=60 acceleration=0 corridor=-127,-1674,66 wave_mode=Combat wave_phase=228 bank_target=-11 bank_turn=1
elapsed=27972 actor=lead event=move path=70D3 target_speed=60 acceleration=0 corridor=-107,1319,-47 wave_mode=Combat wave_phase=228 bank_target=13 bank_turn=0
elapsed=27972 actor=lead event=vertical-step path=8942 target_speed=60 acceleration=0 corridor=-107,1319,-47 wave_mode=Combat wave_phase=228 bank_target=13 bank_turn=0
elapsed=27973 actor=flank event=move path=70D3 target_speed=60 acceleration=0 corridor=99,-918,93 wave_mode=Combat wave_phase=232 bank_target=-14 bank_turn=0
elapsed=27973 actor=flank event=vertical-step path=8942 target_speed=60 acceleration=0 corridor=99,-918,93 wave_mode=Combat wave_phase=232 bank_target=-14 bank_turn=0
elapsed=27973 actor=rear event=move path=70BE target_speed=60 acceleration=0 corridor=-127,-1674,66 wave_mode=Combat wave_phase=232 bank_target=-11 bank_turn=1
elapsed=27973 actor=rear event=vertical-step path=8942 target_speed=60 acceleration=0 corridor=-127,-1674,66 wave_mode=Combat wave_phase=232 bank_target=-11 bank_turn=1
elapsed=27977 actor=lead event=move path=70D3 target_speed=60 acceleration=0 corridor=-107,1319,-47 wave_mode=Combat wave_phase=232 bank_target=13 bank_turn=0
elapsed=27977 actor=lead event=vertical-step path=8942 target_speed=60 acceleration=0 corridor=-107,1319,-47 wave_mode=Combat wave_phase=232 bank_target=13 bank_turn=0
elapsed=27977 actor=flank event=move path=70D3 target_speed=60 acceleration=0 corridor=99,-918,93 wave_mode=Combat wave_phase=236 bank_target=-14 bank_turn=0
elapsed=27977 actor=flank event=vertical-step path=8942 target_speed=60 acceleration=0 corridor=99,-918,93 wave_mode=Combat wave_phase=236 bank_target=-14 bank_turn=0
elapsed=27978 actor=rear event=move path=70BE target_speed=60 acceleration=0 corridor=-127,-1674,66 wave_mode=Combat wave_phase=236 bank_target=-11 bank_turn=1
elapsed=27978 actor=rear event=vertical-step path=8942 target_speed=60 acceleration=0 corridor=-127,-1674,66 wave_mode=Combat wave_phase=236 bank_target=-11 bank_turn=1
elapsed=27982 actor=lead event=move path=70D3 target_speed=60 acceleration=0 corridor=-107,1319,-47 wave_mode=Combat wave_phase=236 bank_target=13 bank_turn=0
elapsed=27982 actor=lead event=vertical-step path=8942 target_speed=60 acceleration=0 corridor=-107,1319,-47 wave_mode=Combat wave_phase=236 bank_target=13 bank_turn=0
elapsed=27982 actor=flank event=move path=70D3 target_speed=60 acceleration=0 corridor=99,-918,93 wave_mode=Combat wave_phase=240 bank_target=-14 bank_turn=0
elapsed=27982 actor=flank event=vertical-step path=8942 target_speed=60 acceleration=0 corridor=99,-918,93 wave_mode=Combat wave_phase=240 bank_target=-14 bank_turn=0
elapsed=27983 actor=rear event=move path=70BE target_speed=60 acceleration=0 corridor=-127,-1674,66 wave_mode=Combat wave_phase=240 bank_target=-11 bank_turn=1
elapsed=27983 actor=rear event=vertical-step path=8942 target_speed=60 acceleration=0 corridor=-127,-1674,66 wave_mode=Combat wave_phase=240 bank_target=-11 bank_turn=1
elapsed=27987 actor=lead event=move path=70D3 target_speed=60 acceleration=0 corridor=-107,1319,-47 wave_mode=Combat wave_phase=240 bank_target=13 bank_turn=0
elapsed=27987 actor=lead event=vertical-step path=8942 target_speed=60 acceleration=0 corridor=-107,1319,-47 wave_mode=Combat wave_phase=240 bank_target=13 bank_turn=0
elapsed=27987 actor=flank event=move path=70D3 target_speed=60 acceleration=0 corridor=99,-918,93 wave_mode=Combat wave_phase=244 bank_target=-14 bank_turn=0
elapsed=27987 actor=flank event=vertical-step path=8942 target_speed=60 acceleration=0 corridor=99,-918,93 wave_mode=Combat wave_phase=244 bank_target=-14 bank_turn=0
elapsed=27988 actor=rear event=move path=70BE target_speed=60 acceleration=0 corridor=-127,-1674,66 wave_mode=Combat wave_phase=244 bank_target=-11 bank_turn=1
elapsed=27988 actor=rear event=vertical-step path=8942 target_speed=60 acceleration=0 corridor=-127,-1674,66 wave_mode=Combat wave_phase=244 bank_target=-11 bank_turn=1
elapsed=27992 actor=lead event=move path=70D3 target_speed=60 acceleration=0 corridor=-107,1319,-47 wave_mode=Combat wave_phase=244 bank_target=13 bank_turn=0
elapsed=27992 actor=lead event=vertical-step path=8942 target_speed=60 acceleration=0 corridor=-107,1319,-47 wave_mode=Combat wave_phase=244 bank_target=13 bank_turn=0
elapsed=27992 actor=flank event=move path=70D3 target_speed=60 acceleration=0 corridor=99,-918,93 wave_mode=Combat wave_phase=248 bank_target=-14 bank_turn=0
elapsed=27993 actor=flank event=vertical-step path=8942 target_speed=60 acceleration=0 corridor=99,-918,93 wave_mode=Combat wave_phase=248 bank_target=-14 bank_turn=0
elapsed=27993 actor=rear event=move path=70BE target_speed=60 acceleration=0 corridor=-127,-1674,66 wave_mode=Combat wave_phase=248 bank_target=-11 bank_turn=1
elapsed=27993 actor=rear event=vertical-step path=8942 target_speed=60 acceleration=0 corridor=-127,-1674,66 wave_mode=Combat wave_phase=248 bank_target=-11 bank_turn=1
elapsed=27997 actor=lead event=move path=70D3 target_speed=60 acceleration=0 corridor=-107,1319,-47 wave_mode=Combat wave_phase=248 bank_target=13 bank_turn=0
elapsed=27997 actor=lead event=vertical-step path=8942 target_speed=60 acceleration=0 corridor=-107,1319,-47 wave_mode=Combat wave_phase=248 bank_target=13 bank_turn=0
elapsed=27997 actor=flank event=move path=70D3 target_speed=60 acceleration=0 corridor=99,-918,93 wave_mode=Combat wave_phase=252 bank_target=-14 bank_turn=0
elapsed=27997 actor=flank event=vertical-step path=8942 target_speed=60 acceleration=0 corridor=99,-918,93 wave_mode=Combat wave_phase=252 bank_target=-14 bank_turn=0
elapsed=27998 actor=rear event=move path=70BE target_speed=60 acceleration=0 corridor=-127,-1674,66 wave_mode=Combat wave_phase=252 bank_target=-11 bank_turn=1
elapsed=27998 actor=rear event=vertical-step path=8942 target_speed=60 acceleration=0 corridor=-127,-1674,66 wave_mode=Combat wave_phase=252 bank_target=-11 bank_turn=1
elapsed=28001 actor=lead event=move path=70D3 target_speed=60 acceleration=0 corridor=5,2401,-7 wave_mode=Combat wave_phase=252 bank_target=13 bank_turn=0
elapsed=28001 actor=lead event=vertical-step path=8942 target_speed=60 acceleration=0 corridor=5,2401,-7 wave_mode=Combat wave_phase=252 bank_target=13 bank_turn=0
elapsed=28002 actor=flank event=move path=70D3 target_speed=60 acceleration=0 corridor=99,-918,93 wave_mode=Combat wave_phase=0 bank_target=-14 bank_turn=0
elapsed=28002 actor=flank event=vertical-step path=8942 target_speed=60 acceleration=0 corridor=99,-918,93 wave_mode=Combat wave_phase=0 bank_target=-14 bank_turn=0
elapsed=28002 actor=rear event=move path=70BE target_speed=60 acceleration=0 corridor=-127,-1674,66 wave_mode=Combat wave_phase=0 bank_target=-11 bank_turn=1
elapsed=28002 actor=rear event=vertical-step path=8942 target_speed=60 acceleration=0 corridor=-127,-1674,66 wave_mode=Combat wave_phase=0 bank_target=-11 bank_turn=1
elapsed=28006 actor=lead event=move path=70D3 target_speed=60 acceleration=0 corridor=5,2401,-7 wave_mode=Combat wave_phase=0 bank_target=13 bank_turn=0
elapsed=28006 actor=lead event=vertical-step path=8942 target_speed=60 acceleration=0 corridor=5,2401,-7 wave_mode=Combat wave_phase=0 bank_target=13 bank_turn=0
elapsed=28007 actor=flank event=move path=70D3 target_speed=60 acceleration=0 corridor=99,-918,93 wave_mode=Combat wave_phase=4 bank_target=-14 bank_turn=0
elapsed=28007 actor=flank event=vertical-step path=8942 target_speed=60 acceleration=0 corridor=99,-918,93 wave_mode=Combat wave_phase=4 bank_target=-14 bank_turn=0
elapsed=28007 actor=rear event=move path=70BE target_speed=60 acceleration=0 corridor=-127,-1674,66 wave_mode=Combat wave_phase=4 bank_target=-11 bank_turn=1
elapsed=28007 actor=rear event=vertical-step path=8942 target_speed=60 acceleration=0 corridor=-127,-1674,66 wave_mode=Combat wave_phase=4 bank_target=-11 bank_turn=1
elapsed=28011 actor=lead event=move path=70D3 target_speed=60 acceleration=0 corridor=5,2401,-7 wave_mode=Combat wave_phase=4 bank_target=13 bank_turn=0
elapsed=28011 actor=lead event=vertical-step path=8942 target_speed=60 acceleration=0 corridor=5,2401,-7 wave_mode=Combat wave_phase=4 bank_target=13 bank_turn=0
elapsed=28012 actor=flank event=move path=70D3 target_speed=60 acceleration=0 corridor=99,-918,93 wave_mode=Combat wave_phase=8 bank_target=-14 bank_turn=0
elapsed=28012 actor=flank event=vertical-step path=8942 target_speed=60 acceleration=0 corridor=99,-918,93 wave_mode=Combat wave_phase=8 bank_target=-14 bank_turn=0
elapsed=28012 actor=rear event=move path=70BE target_speed=60 acceleration=0 corridor=-127,-1674,66 wave_mode=Combat wave_phase=8 bank_target=-11 bank_turn=1
elapsed=28012 actor=rear event=vertical-step path=8942 target_speed=60 acceleration=0 corridor=-127,-1674,66 wave_mode=Combat wave_phase=8 bank_target=-11 bank_turn=1
elapsed=28016 actor=lead event=move path=70D3 target_speed=60 acceleration=0 corridor=5,2401,-7 wave_mode=Combat wave_phase=8 bank_target=13 bank_turn=0
elapsed=28016 actor=lead event=vertical-step path=8942 target_speed=60 acceleration=0 corridor=5,2401,-7 wave_mode=Combat wave_phase=8 bank_target=13 bank_turn=0
elapsed=28016 actor=flank event=move path=70D3 target_speed=60 acceleration=0 corridor=99,-918,93 wave_mode=Combat wave_phase=12 bank_target=-14 bank_turn=0
elapsed=28017 actor=flank event=vertical-step path=8942 target_speed=60 acceleration=0 corridor=99,-918,93 wave_mode=Combat wave_phase=12 bank_target=-14 bank_turn=0
elapsed=28017 actor=rear event=move path=70BE target_speed=60 acceleration=0 corridor=-127,-1674,66 wave_mode=Combat wave_phase=12 bank_target=-11 bank_turn=1
elapsed=28017 actor=rear event=vertical-step path=8942 target_speed=60 acceleration=0 corridor=-127,-1674,66 wave_mode=Combat wave_phase=12 bank_target=-11 bank_turn=1
elapsed=28020 actor=lead event=move path=70D3 target_speed=60 acceleration=0 corridor=5,2401,-7 wave_mode=Combat wave_phase=12 bank_target=13 bank_turn=0
elapsed=28021 actor=lead event=vertical-step path=8942 target_speed=60 acceleration=0 corridor=5,2401,-7 wave_mode=Combat wave_phase=12 bank_target=13 bank_turn=0
elapsed=28021 actor=flank event=move path=70D3 target_speed=60 acceleration=0 corridor=99,-918,93 wave_mode=Combat wave_phase=16 bank_target=-14 bank_turn=0
elapsed=28021 actor=flank event=vertical-step path=8942 target_speed=60 acceleration=0 corridor=99,-918,93 wave_mode=Combat wave_phase=16 bank_target=-14 bank_turn=0
elapsed=28021 actor=rear event=move path=70BE target_speed=60 acceleration=0 corridor=-127,-1674,66 wave_mode=Combat wave_phase=16 bank_target=-11 bank_turn=1
elapsed=28022 actor=rear event=vertical-step path=8942 target_speed=60 acceleration=0 corridor=-127,-1674,66 wave_mode=Combat wave_phase=16 bank_target=-11 bank_turn=1
elapsed=28025 actor=lead event=move path=70D3 target_speed=60 acceleration=0 corridor=5,2401,-7 wave_mode=Combat wave_phase=16 bank_target=13 bank_turn=0
elapsed=28025 actor=lead event=vertical-step path=8942 target_speed=60 acceleration=0 corridor=5,2401,-7 wave_mode=Combat wave_phase=16 bank_target=13 bank_turn=0
elapsed=28026 actor=flank event=move path=70D3 target_speed=60 acceleration=0 corridor=99,-918,93 wave_mode=Combat wave_phase=20 bank_target=-14 bank_turn=0
elapsed=28026 actor=flank event=vertical-step path=8942 target_speed=60 acceleration=0 corridor=99,-918,93 wave_mode=Combat wave_phase=20 bank_target=-14 bank_turn=0
elapsed=28026 actor=rear event=move path=70BE target_speed=60 acceleration=0 corridor=-127,-1674,66 wave_mode=Combat wave_phase=20 bank_target=-11 bank_turn=1
elapsed=28026 actor=rear event=vertical-step path=8942 target_speed=60 acceleration=0 corridor=-127,-1674,66 wave_mode=Combat wave_phase=20 bank_target=-11 bank_turn=1
elapsed=28030 actor=lead event=move path=70D3 target_speed=60 acceleration=0 corridor=5,2401,-7 wave_mode=Combat wave_phase=20 bank_target=13 bank_turn=0
elapsed=28030 actor=lead event=vertical-step path=8942 target_speed=60 acceleration=0 corridor=5,2401,-7 wave_mode=Combat wave_phase=20 bank_target=13 bank_turn=0
elapsed=28030 actor=flank event=move path=70D3 target_speed=60 acceleration=0 corridor=99,-918,93 wave_mode=Combat wave_phase=24 bank_target=-14 bank_turn=0
elapsed=28031 actor=flank event=vertical-step path=8942 target_speed=60 acceleration=0 corridor=99,-918,93 wave_mode=Combat wave_phase=24 bank_target=-14 bank_turn=0
elapsed=28031 actor=rear event=move path=70BE target_speed=60 acceleration=0 corridor=-127,-1674,66 wave_mode=Combat wave_phase=24 bank_target=-11 bank_turn=1
elapsed=28031 actor=rear event=vertical-step path=8942 target_speed=60 acceleration=0 corridor=-127,-1674,66 wave_mode=Combat wave_phase=24 bank_target=-11 bank_turn=1
elapsed=28035 actor=lead event=move path=70D3 target_speed=60 acceleration=0 corridor=5,2401,-7 wave_mode=Combat wave_phase=24 bank_target=13 bank_turn=0
elapsed=28035 actor=lead event=vertical-step path=8942 target_speed=60 acceleration=0 corridor=5,2401,-7 wave_mode=Combat wave_phase=24 bank_target=13 bank_turn=0
elapsed=28035 actor=flank event=move path=70D3 target_speed=60 acceleration=0 corridor=99,-918,93 wave_mode=Combat wave_phase=28 bank_target=-14 bank_turn=0
elapsed=28036 actor=flank event=vertical-step path=8942 target_speed=60 acceleration=0 corridor=99,-918,93 wave_mode=Combat wave_phase=28 bank_target=-14 bank_turn=0
elapsed=28036 actor=rear event=move path=70BE target_speed=60 acceleration=0 corridor=-127,-1674,66 wave_mode=Combat wave_phase=28 bank_target=-11 bank_turn=1
elapsed=28036 actor=rear event=vertical-step path=8942 target_speed=60 acceleration=0 corridor=-127,-1674,66 wave_mode=Combat wave_phase=28 bank_target=-11 bank_turn=1
elapsed=28040 actor=lead event=move path=70D3 target_speed=60 acceleration=0 corridor=5,2401,-7 wave_mode=Combat wave_phase=28 bank_target=13 bank_turn=0
elapsed=28040 actor=lead event=vertical-step path=8942 target_speed=60 acceleration=0 corridor=5,2401,-7 wave_mode=Combat wave_phase=28 bank_target=13 bank_turn=0
elapsed=28040 actor=flank event=move path=70D3 target_speed=60 acceleration=0 corridor=99,-918,93 wave_mode=Combat wave_phase=32 bank_target=-14 bank_turn=0
elapsed=28040 actor=flank event=vertical-step path=8942 target_speed=60 acceleration=0 corridor=99,-918,93 wave_mode=Combat wave_phase=32 bank_target=-14 bank_turn=0
elapsed=28040 actor=rear event=move path=70BE target_speed=60 acceleration=0 corridor=-127,-1674,66 wave_mode=Combat wave_phase=32 bank_target=-11 bank_turn=1
elapsed=28041 actor=rear event=vertical-step path=8942 target_speed=60 acceleration=0 corridor=-127,-1674,66 wave_mode=Combat wave_phase=32 bank_target=-11 bank_turn=1
elapsed=28044 actor=lead event=move path=70D3 target_speed=60 acceleration=0 corridor=5,2401,-7 wave_mode=Combat wave_phase=32 bank_target=13 bank_turn=0
elapsed=28044 actor=lead event=vertical-step path=8942 target_speed=60 acceleration=0 corridor=5,2401,-7 wave_mode=Combat wave_phase=32 bank_target=13 bank_turn=0
elapsed=28044 actor=flank event=move path=70D3 target_speed=60 acceleration=0 corridor=99,-918,93 wave_mode=Combat wave_phase=36 bank_target=-14 bank_turn=0
elapsed=28045 actor=flank event=vertical-step path=8942 target_speed=60 acceleration=0 corridor=99,-918,93 wave_mode=Combat wave_phase=36 bank_target=-14 bank_turn=0
elapsed=28045 actor=rear event=move path=70BE target_speed=60 acceleration=0 corridor=-127,-1674,66 wave_mode=Combat wave_phase=36 bank_target=-11 bank_turn=1
elapsed=28045 actor=rear event=vertical-step path=8942 target_speed=60 acceleration=0 corridor=-127,-1674,66 wave_mode=Combat wave_phase=36 bank_target=-11 bank_turn=1
elapsed=28049 actor=lead event=move path=70D3 target_speed=60 acceleration=0 corridor=21,-449,-51 wave_mode=Combat wave_phase=36 bank_target=13 bank_turn=0
elapsed=28049 actor=lead event=vertical-step path=8942 target_speed=60 acceleration=0 corridor=21,-449,-51 wave_mode=Combat wave_phase=36 bank_target=13 bank_turn=0
elapsed=28049 actor=flank event=move path=70D3 target_speed=60 acceleration=0 corridor=99,-918,93 wave_mode=Combat wave_phase=40 bank_target=-14 bank_turn=0
elapsed=28049 actor=flank event=vertical-step path=8942 target_speed=60 acceleration=0 corridor=99,-918,93 wave_mode=Combat wave_phase=40 bank_target=-14 bank_turn=0
elapsed=28050 actor=rear event=move path=70BE target_speed=60 acceleration=0 corridor=-127,-1674,66 wave_mode=Combat wave_phase=40 bank_target=-11 bank_turn=1
elapsed=28050 actor=rear event=vertical-step path=8942 target_speed=60 acceleration=0 corridor=-127,-1674,66 wave_mode=Combat wave_phase=40 bank_target=-11 bank_turn=1
elapsed=28054 actor=lead event=move path=70D3 target_speed=60 acceleration=0 corridor=21,-449,-51 wave_mode=Combat wave_phase=40 bank_target=13 bank_turn=0
elapsed=28054 actor=lead event=vertical-step path=8942 target_speed=60 acceleration=0 corridor=21,-449,-51 wave_mode=Combat wave_phase=40 bank_target=13 bank_turn=0
elapsed=28054 actor=flank event=move path=70D3 target_speed=60 acceleration=0 corridor=99,-918,93 wave_mode=Combat wave_phase=44 bank_target=-14 bank_turn=0
elapsed=28054 actor=flank event=vertical-step path=8942 target_speed=60 acceleration=0 corridor=99,-918,93 wave_mode=Combat wave_phase=44 bank_target=-14 bank_turn=0
elapsed=28055 actor=rear event=move path=70BE target_speed=60 acceleration=0 corridor=-127,-1674,66 wave_mode=Combat wave_phase=44 bank_target=-11 bank_turn=1
elapsed=28055 actor=rear event=vertical-step path=8942 target_speed=60 acceleration=0 corridor=-127,-1674,66 wave_mode=Combat wave_phase=44 bank_target=-11 bank_turn=1
elapsed=28059 actor=lead event=move path=70D3 target_speed=60 acceleration=0 corridor=21,-449,-51 wave_mode=Combat wave_phase=44 bank_target=13 bank_turn=0
elapsed=28059 actor=lead event=vertical-step path=8942 target_speed=60 acceleration=0 corridor=21,-449,-51 wave_mode=Combat wave_phase=44 bank_target=13 bank_turn=0
elapsed=28059 actor=flank event=move path=70D3 target_speed=60 acceleration=0 corridor=99,-918,93 wave_mode=Combat wave_phase=48 bank_target=-14 bank_turn=0
elapsed=28059 actor=flank event=vertical-step path=8942 target_speed=60 acceleration=0 corridor=99,-918,93 wave_mode=Combat wave_phase=48 bank_target=-14 bank_turn=0
elapsed=28059 actor=rear event=move path=70BE target_speed=60 acceleration=0 corridor=-127,-1674,66 wave_mode=Combat wave_phase=48 bank_target=-11 bank_turn=1
elapsed=28060 actor=rear event=vertical-step path=8942 target_speed=60 acceleration=0 corridor=-127,-1674,66 wave_mode=Combat wave_phase=48 bank_target=-11 bank_turn=1
elapsed=28063 actor=lead event=move path=70D3 target_speed=60 acceleration=0 corridor=21,-449,-51 wave_mode=Combat wave_phase=48 bank_target=13 bank_turn=0
elapsed=28063 actor=lead event=vertical-step path=8942 target_speed=60 acceleration=0 corridor=21,-449,-51 wave_mode=Combat wave_phase=48 bank_target=13 bank_turn=0
elapsed=28064 actor=flank event=move path=70D3 target_speed=60 acceleration=0 corridor=99,-918,93 wave_mode=Combat wave_phase=52 bank_target=-14 bank_turn=0
elapsed=28064 actor=flank event=vertical-step path=8942 target_speed=60 acceleration=0 corridor=99,-918,93 wave_mode=Combat wave_phase=52 bank_target=-14 bank_turn=0
elapsed=28064 actor=rear event=move path=70BE target_speed=60 acceleration=0 corridor=-127,-1674,66 wave_mode=Combat wave_phase=52 bank_target=-11 bank_turn=1
elapsed=28064 actor=rear event=vertical-step path=8942 target_speed=60 acceleration=0 corridor=-127,-1674,66 wave_mode=Combat wave_phase=52 bank_target=-11 bank_turn=1
elapsed=28068 actor=lead event=move path=70D3 target_speed=60 acceleration=0 corridor=21,-449,-51 wave_mode=Combat wave_phase=52 bank_target=13 bank_turn=0
elapsed=28068 actor=lead event=vertical-step path=8942 target_speed=60 acceleration=0 corridor=21,-449,-51 wave_mode=Combat wave_phase=52 bank_target=13 bank_turn=0
elapsed=28068 actor=flank event=move path=70D3 target_speed=60 acceleration=0 corridor=99,-918,93 wave_mode=Combat wave_phase=56 bank_target=-14 bank_turn=0
elapsed=28068 actor=flank event=vertical-step path=8942 target_speed=60 acceleration=0 corridor=99,-918,93 wave_mode=Combat wave_phase=56 bank_target=-14 bank_turn=0
elapsed=28068 actor=rear event=move path=70BE target_speed=60 acceleration=0 corridor=-127,-1674,66 wave_mode=Combat wave_phase=56 bank_target=-11 bank_turn=1
elapsed=28069 actor=rear event=vertical-step path=8942 target_speed=60 acceleration=0 corridor=-127,-1674,66 wave_mode=Combat wave_phase=56 bank_target=-11 bank_turn=1
elapsed=28072 actor=lead event=move path=70D3 target_speed=60 acceleration=0 corridor=21,-449,-51 wave_mode=Combat wave_phase=56 bank_target=13 bank_turn=0
elapsed=28073 actor=lead event=vertical-step path=8942 target_speed=60 acceleration=0 corridor=21,-449,-51 wave_mode=Combat wave_phase=56 bank_target=13 bank_turn=0
elapsed=28073 actor=flank event=move path=70D3 target_speed=60 acceleration=0 corridor=99,-918,93 wave_mode=Combat wave_phase=60 bank_target=-14 bank_turn=0
elapsed=28073 actor=flank event=vertical-step path=8942 target_speed=60 acceleration=0 corridor=99,-918,93 wave_mode=Combat wave_phase=60 bank_target=-14 bank_turn=0
elapsed=28073 actor=rear event=move path=70BE target_speed=60 acceleration=0 corridor=-127,-1674,66 wave_mode=Combat wave_phase=60 bank_target=-11 bank_turn=1
elapsed=28073 actor=rear event=vertical-step path=8942 target_speed=60 acceleration=0 corridor=-127,-1674,66 wave_mode=Combat wave_phase=60 bank_target=-11 bank_turn=1
elapsed=28077 actor=lead event=move path=70D3 target_speed=60 acceleration=0 corridor=21,-449,-51 wave_mode=Combat wave_phase=60 bank_target=13 bank_turn=0
elapsed=28078 actor=lead event=vertical-step path=8942 target_speed=60 acceleration=0 corridor=21,-449,-51 wave_mode=Combat wave_phase=60 bank_target=13 bank_turn=0
elapsed=28078 actor=flank event=move path=70D3 target_speed=60 acceleration=0 corridor=99,-918,93 wave_mode=Combat wave_phase=64 bank_target=-14 bank_turn=0
elapsed=28078 actor=flank event=vertical-step path=8942 target_speed=60 acceleration=0 corridor=99,-918,93 wave_mode=Combat wave_phase=64 bank_target=-14 bank_turn=0
elapsed=28078 actor=rear event=move path=70BE target_speed=60 acceleration=0 corridor=-127,-1674,66 wave_mode=Combat wave_phase=64 bank_target=-11 bank_turn=1
elapsed=28078 actor=rear event=vertical-step path=8942 target_speed=60 acceleration=0 corridor=-127,-1674,66 wave_mode=Combat wave_phase=64 bank_target=-11 bank_turn=1
elapsed=28082 actor=lead event=move path=70D3 target_speed=60 acceleration=0 corridor=21,-449,-51 wave_mode=Combat wave_phase=64 bank_target=13 bank_turn=0
elapsed=28083 actor=lead event=vertical-step path=8942 target_speed=60 acceleration=0 corridor=21,-449,-51 wave_mode=Combat wave_phase=64 bank_target=13 bank_turn=0
elapsed=28083 actor=flank event=move path=70D3 target_speed=60 acceleration=0 corridor=99,-918,93 wave_mode=Combat wave_phase=68 bank_target=-14 bank_turn=0
elapsed=28083 actor=flank event=vertical-step path=8942 target_speed=60 acceleration=0 corridor=99,-918,93 wave_mode=Combat wave_phase=68 bank_target=-14 bank_turn=0
elapsed=28083 actor=rear event=move path=70BE target_speed=60 acceleration=0 corridor=-127,-1674,66 wave_mode=Combat wave_phase=68 bank_target=-11 bank_turn=1
elapsed=28083 actor=rear event=vertical-step path=8942 target_speed=60 acceleration=0 corridor=-127,-1674,66 wave_mode=Combat wave_phase=68 bank_target=-11 bank_turn=1
elapsed=28087 actor=lead event=move path=70D3 target_speed=60 acceleration=0 corridor=21,-449,-51 wave_mode=Combat wave_phase=68 bank_target=13 bank_turn=0
elapsed=28087 actor=lead event=vertical-step path=8942 target_speed=60 acceleration=0 corridor=21,-449,-51 wave_mode=Combat wave_phase=68 bank_target=13 bank_turn=0
elapsed=28087 actor=flank event=move path=70D3 target_speed=60 acceleration=0 corridor=99,-918,93 wave_mode=Combat wave_phase=72 bank_target=-14 bank_turn=0
elapsed=28087 actor=flank event=vertical-step path=8942 target_speed=60 acceleration=0 corridor=99,-918,93 wave_mode=Combat wave_phase=72 bank_target=-14 bank_turn=0
elapsed=28088 actor=rear event=move path=70BE target_speed=60 acceleration=0 corridor=-127,-1674,66 wave_mode=Combat wave_phase=72 bank_target=-11 bank_turn=1
elapsed=28088 actor=rear event=vertical-step path=8942 target_speed=60 acceleration=0 corridor=-127,-1674,66 wave_mode=Combat wave_phase=72 bank_target=-11 bank_turn=1
elapsed=28091 actor=lead event=move path=70D3 target_speed=60 acceleration=0 corridor=21,-449,-51 wave_mode=Combat wave_phase=72 bank_target=13 bank_turn=0
elapsed=28092 actor=lead event=vertical-step path=8942 target_speed=60 acceleration=0 corridor=21,-449,-51 wave_mode=Combat wave_phase=72 bank_target=13 bank_turn=0
elapsed=28092 actor=flank event=move path=70D3 target_speed=60 acceleration=0 corridor=99,-918,93 wave_mode=Combat wave_phase=76 bank_target=-14 bank_turn=0
elapsed=28092 actor=flank event=vertical-step path=8942 target_speed=60 acceleration=0 corridor=99,-918,93 wave_mode=Combat wave_phase=76 bank_target=-14 bank_turn=0
elapsed=28092 actor=rear event=move path=70BE target_speed=60 acceleration=0 corridor=-127,-1674,66 wave_mode=Combat wave_phase=76 bank_target=-11 bank_turn=1
elapsed=28092 actor=rear event=vertical-step path=8942 target_speed=60 acceleration=0 corridor=-127,-1674,66 wave_mode=Combat wave_phase=76 bank_target=-11 bank_turn=1
elapsed=28096 actor=lead event=move path=70D3 target_speed=60 acceleration=0 corridor=21,-449,-51 wave_mode=Combat wave_phase=76 bank_target=13 bank_turn=0
elapsed=28096 actor=lead event=vertical-step path=8942 target_speed=60 acceleration=0 corridor=21,-449,-51 wave_mode=Combat wave_phase=76 bank_target=13 bank_turn=0
elapsed=28096 actor=flank event=move path=70D3 target_speed=60 acceleration=0 corridor=99,-918,93 wave_mode=Combat wave_phase=80 bank_target=-14 bank_turn=0
elapsed=28096 actor=flank event=vertical-step path=8942 target_speed=60 acceleration=0 corridor=99,-918,93 wave_mode=Combat wave_phase=80 bank_target=-14 bank_turn=0
elapsed=28097 actor=rear event=move path=70BE target_speed=60 acceleration=0 corridor=-127,-1674,66 wave_mode=Combat wave_phase=80 bank_target=-11 bank_turn=1
elapsed=28097 actor=rear event=vertical-step path=8942 target_speed=60 acceleration=0 corridor=-127,-1674,66 wave_mode=Combat wave_phase=80 bank_target=-11 bank_turn=1
elapsed=28100 actor=lead event=move path=70D3 target_speed=60 acceleration=0 corridor=21,-449,-51 wave_mode=Combat wave_phase=80 bank_target=13 bank_turn=0
elapsed=28100 actor=lead event=vertical-step path=8942 target_speed=60 acceleration=0 corridor=21,-449,-51 wave_mode=Combat wave_phase=80 bank_target=13 bank_turn=0
elapsed=28100 actor=flank event=move path=70D3 target_speed=60 acceleration=0 corridor=99,-918,93 wave_mode=Combat wave_phase=84 bank_target=-14 bank_turn=0
elapsed=28101 actor=flank event=vertical-step path=8942 target_speed=60 acceleration=0 corridor=99,-918,93 wave_mode=Combat wave_phase=84 bank_target=-14 bank_turn=0
elapsed=28101 actor=rear event=move path=70BE target_speed=60 acceleration=0 corridor=-127,-1674,66 wave_mode=Combat wave_phase=84 bank_target=-11 bank_turn=1
elapsed=28101 actor=rear event=vertical-step path=8942 target_speed=60 acceleration=0 corridor=-127,-1674,66 wave_mode=Combat wave_phase=84 bank_target=-11 bank_turn=1
elapsed=28104 actor=lead event=move path=70D3 target_speed=60 acceleration=0 corridor=21,-449,-51 wave_mode=Combat wave_phase=84 bank_target=13 bank_turn=0
elapsed=28104 actor=lead event=vertical-step path=8942 target_speed=60 acceleration=0 corridor=21,-449,-51 wave_mode=Combat wave_phase=84 bank_target=13 bank_turn=0
elapsed=28105 actor=flank event=move path=70D3 target_speed=60 acceleration=0 corridor=99,-918,93 wave_mode=Combat wave_phase=88 bank_target=-14 bank_turn=0
elapsed=28105 actor=flank event=vertical-step path=8942 target_speed=60 acceleration=0 corridor=99,-918,93 wave_mode=Combat wave_phase=88 bank_target=-14 bank_turn=0
elapsed=28105 actor=rear event=move path=70BE target_speed=60 acceleration=0 corridor=-127,-1674,66 wave_mode=Combat wave_phase=88 bank_target=-11 bank_turn=1
elapsed=28105 actor=rear event=vertical-step path=8942 target_speed=60 acceleration=0 corridor=-127,-1674,66 wave_mode=Combat wave_phase=88 bank_target=-11 bank_turn=1
elapsed=28109 actor=lead event=move path=70D3 target_speed=60 acceleration=0 corridor=21,-449,-51 wave_mode=Combat wave_phase=88 bank_target=13 bank_turn=0
elapsed=28109 actor=lead event=vertical-step path=8942 target_speed=60 acceleration=0 corridor=21,-449,-51 wave_mode=Combat wave_phase=88 bank_target=13 bank_turn=0
elapsed=28110 actor=flank event=move path=70D3 target_speed=60 acceleration=0 corridor=80,2859,107 wave_mode=Combat wave_phase=92 bank_target=-14 bank_turn=0
elapsed=28110 actor=flank event=vertical-step path=8942 target_speed=60 acceleration=0 corridor=80,2859,107 wave_mode=Combat wave_phase=92 bank_target=-14 bank_turn=0
elapsed=28110 actor=rear event=move path=70BE target_speed=60 acceleration=0 corridor=-127,-1674,66 wave_mode=Combat wave_phase=92 bank_target=-11 bank_turn=1
elapsed=28110 actor=rear event=vertical-step path=8942 target_speed=60 acceleration=0 corridor=-127,-1674,66 wave_mode=Combat wave_phase=92 bank_target=-11 bank_turn=1
elapsed=28114 actor=lead event=move path=70D3 target_speed=60 acceleration=0 corridor=21,-449,-51 wave_mode=Combat wave_phase=92 bank_target=13 bank_turn=0
elapsed=28114 actor=lead event=vertical-step path=8942 target_speed=60 acceleration=0 corridor=21,-449,-51 wave_mode=Combat wave_phase=92 bank_target=13 bank_turn=0
elapsed=28114 actor=flank event=move path=70D3 target_speed=60 acceleration=0 corridor=80,2859,107 wave_mode=Combat wave_phase=96 bank_target=-14 bank_turn=0
elapsed=28115 actor=flank event=vertical-step path=8942 target_speed=60 acceleration=0 corridor=80,2859,107 wave_mode=Combat wave_phase=96 bank_target=-14 bank_turn=0
elapsed=28115 actor=rear event=move path=70BE target_speed=60 acceleration=0 corridor=126,3495,-101 wave_mode=Combat wave_phase=96 bank_target=-11 bank_turn=1
elapsed=28115 actor=rear event=vertical-step path=8942 target_speed=60 acceleration=0 corridor=126,3495,-101 wave_mode=Combat wave_phase=96 bank_target=-11 bank_turn=1
elapsed=28119 actor=lead event=move path=70D3 target_speed=60 acceleration=0 corridor=21,-449,-51 wave_mode=Combat wave_phase=96 bank_target=13 bank_turn=0
elapsed=28119 actor=lead event=vertical-step path=8942 target_speed=60 acceleration=0 corridor=21,-449,-51 wave_mode=Combat wave_phase=96 bank_target=13 bank_turn=0
elapsed=28119 actor=flank event=move path=70D3 target_speed=60 acceleration=0 corridor=80,2859,107 wave_mode=Combat wave_phase=100 bank_target=-14 bank_turn=0
elapsed=28119 actor=flank event=vertical-step path=8942 target_speed=60 acceleration=0 corridor=80,2859,107 wave_mode=Combat wave_phase=100 bank_target=-14 bank_turn=0
elapsed=28120 actor=rear event=move path=70BE target_speed=60 acceleration=0 corridor=126,3495,-101 wave_mode=Combat wave_phase=100 bank_target=-11 bank_turn=1
elapsed=28120 actor=rear event=vertical-step path=8942 target_speed=60 acceleration=0 corridor=126,3495,-101 wave_mode=Combat wave_phase=100 bank_target=-11 bank_turn=1
elapsed=28123 actor=lead event=move path=70D3 target_speed=60 acceleration=0 corridor=21,-449,-51 wave_mode=Combat wave_phase=100 bank_target=13 bank_turn=0
elapsed=28123 actor=lead event=vertical-step path=8942 target_speed=60 acceleration=0 corridor=21,-449,-51 wave_mode=Combat wave_phase=100 bank_target=13 bank_turn=0
elapsed=28124 actor=flank event=move path=70D3 target_speed=60 acceleration=0 corridor=80,2859,107 wave_mode=Combat wave_phase=104 bank_target=-14 bank_turn=0
elapsed=28124 actor=flank event=vertical-step path=8942 target_speed=60 acceleration=0 corridor=80,2859,107 wave_mode=Combat wave_phase=104 bank_target=-14 bank_turn=0
elapsed=28124 actor=rear event=move path=70BE target_speed=60 acceleration=0 corridor=126,3495,-101 wave_mode=Combat wave_phase=104 bank_target=-11 bank_turn=1
elapsed=28124 actor=rear event=vertical-step path=8942 target_speed=60 acceleration=0 corridor=126,3495,-101 wave_mode=Combat wave_phase=104 bank_target=-11 bank_turn=1
elapsed=28128 actor=lead event=move path=70D3 target_speed=60 acceleration=0 corridor=21,-449,-51 wave_mode=Combat wave_phase=104 bank_target=13 bank_turn=0
elapsed=28128 actor=lead event=vertical-step path=8942 target_speed=60 acceleration=0 corridor=21,-449,-51 wave_mode=Combat wave_phase=104 bank_target=13 bank_turn=0
elapsed=28128 actor=flank event=move path=70D3 target_speed=60 acceleration=0 corridor=80,2859,107 wave_mode=Combat wave_phase=108 bank_target=-14 bank_turn=0
elapsed=28128 actor=flank event=vertical-step path=8942 target_speed=60 acceleration=0 corridor=80,2859,107 wave_mode=Combat wave_phase=108 bank_target=-14 bank_turn=0
elapsed=28129 actor=rear event=move path=70BE target_speed=60 acceleration=0 corridor=126,3495,-101 wave_mode=Combat wave_phase=108 bank_target=-11 bank_turn=1
elapsed=28129 actor=rear event=vertical-step path=8942 target_speed=60 acceleration=0 corridor=126,3495,-101 wave_mode=Combat wave_phase=108 bank_target=-11 bank_turn=1
elapsed=28132 actor=lead event=move path=70D3 target_speed=60 acceleration=0 corridor=21,-449,-51 wave_mode=Combat wave_phase=108 bank_target=13 bank_turn=0
elapsed=28133 actor=lead event=vertical-step path=8942 target_speed=60 acceleration=0 corridor=21,-449,-51 wave_mode=Combat wave_phase=108 bank_target=13 bank_turn=0
elapsed=28133 actor=flank event=move path=70D3 target_speed=60 acceleration=0 corridor=80,2859,107 wave_mode=Combat wave_phase=112 bank_target=-14 bank_turn=0
elapsed=28133 actor=flank event=vertical-step path=8942 target_speed=60 acceleration=0 corridor=80,2859,107 wave_mode=Combat wave_phase=112 bank_target=-14 bank_turn=0
elapsed=28133 actor=rear event=move path=70BE target_speed=60 acceleration=0 corridor=126,3495,-101 wave_mode=Combat wave_phase=112 bank_target=-11 bank_turn=1
elapsed=28133 actor=rear event=vertical-step path=8942 target_speed=60 acceleration=0 corridor=126,3495,-101 wave_mode=Combat wave_phase=112 bank_target=-11 bank_turn=1
elapsed=28137 actor=lead event=move path=70D3 target_speed=60 acceleration=0 corridor=109,2766,-44 wave_mode=Combat wave_phase=112 bank_target=13 bank_turn=0
elapsed=28138 actor=lead event=vertical-step path=8942 target_speed=60 acceleration=0 corridor=109,2766,-44 wave_mode=Combat wave_phase=112 bank_target=13 bank_turn=0
elapsed=28138 actor=flank event=move path=70D3 target_speed=60 acceleration=0 corridor=80,2859,107 wave_mode=Combat wave_phase=116 bank_target=-14 bank_turn=0
elapsed=28138 actor=flank event=vertical-step path=8942 target_speed=60 acceleration=0 corridor=80,2859,107 wave_mode=Combat wave_phase=116 bank_target=-14 bank_turn=0
elapsed=28138 actor=rear event=move path=70BE target_speed=60 acceleration=0 corridor=126,3495,-101 wave_mode=Combat wave_phase=116 bank_target=-11 bank_turn=1
elapsed=28138 actor=rear event=vertical-step path=8942 target_speed=60 acceleration=0 corridor=126,3495,-101 wave_mode=Combat wave_phase=116 bank_target=-11 bank_turn=1
elapsed=28142 actor=lead event=move path=70D3 target_speed=60 acceleration=0 corridor=109,2766,-44 wave_mode=Combat wave_phase=116 bank_target=13 bank_turn=0
elapsed=28143 actor=lead event=vertical-step path=8942 target_speed=60 acceleration=0 corridor=109,2766,-44 wave_mode=Combat wave_phase=116 bank_target=13 bank_turn=0
elapsed=28143 actor=flank event=move path=70D3 target_speed=60 acceleration=0 corridor=80,2859,107 wave_mode=Combat wave_phase=120 bank_target=-14 bank_turn=0
elapsed=28143 actor=flank event=vertical-step path=8942 target_speed=60 acceleration=0 corridor=80,2859,107 wave_mode=Combat wave_phase=120 bank_target=-14 bank_turn=0
elapsed=28143 actor=rear event=move path=70D3 target_speed=60 acceleration=0 corridor=126,3495,-101 wave_mode=Combat wave_phase=120 bank_target=-11 bank_turn=0
elapsed=28143 actor=rear event=vertical-step path=8942 target_speed=60 acceleration=0 corridor=126,3495,-101 wave_mode=Combat wave_phase=120 bank_target=-11 bank_turn=0
elapsed=28147 actor=lead event=move path=70D3 target_speed=60 acceleration=0 corridor=109,2766,-44 wave_mode=Combat wave_phase=120 bank_target=13 bank_turn=0
elapsed=28147 actor=lead event=vertical-step path=8942 target_speed=60 acceleration=0 corridor=109,2766,-44 wave_mode=Combat wave_phase=120 bank_target=13 bank_turn=0
elapsed=28148 actor=flank event=chase-angle path=886F target_speed=60 acceleration=0 corridor=80,2859,107 wave_mode=Combat wave_phase=124 bank_target=12 bank_turn=1
elapsed=28148 actor=flank event=move path=886F target_speed=60 acceleration=0 corridor=80,2859,107 wave_mode=Combat wave_phase=124 bank_target=12 bank_turn=1
elapsed=28148 actor=flank event=vertical-step path=8942 target_speed=60 acceleration=0 corridor=80,2859,107 wave_mode=Combat wave_phase=124 bank_target=12 bank_turn=1
elapsed=28148 actor=rear event=move path=70D3 target_speed=60 acceleration=0 corridor=126,3495,-101 wave_mode=Combat wave_phase=124 bank_target=-11 bank_turn=0
elapsed=28148 actor=rear event=vertical-step path=8942 target_speed=60 acceleration=0 corridor=126,3495,-101 wave_mode=Combat wave_phase=124 bank_target=-11 bank_turn=0
elapsed=28152 actor=lead event=move path=70D3 target_speed=60 acceleration=0 corridor=109,2766,-44 wave_mode=Combat wave_phase=124 bank_target=13 bank_turn=0
elapsed=28152 actor=lead event=vertical-step path=8942 target_speed=60 acceleration=0 corridor=109,2766,-44 wave_mode=Combat wave_phase=124 bank_target=13 bank_turn=0
elapsed=28152 actor=flank event=chase-angle path=886F target_speed=60 acceleration=0 corridor=80,2859,107 wave_mode=Combat wave_phase=128 bank_target=12 bank_turn=1
elapsed=28152 actor=flank event=move path=886F target_speed=60 acceleration=0 corridor=80,2859,107 wave_mode=Combat wave_phase=128 bank_target=12 bank_turn=1
elapsed=28152 actor=flank event=vertical-step path=8942 target_speed=60 acceleration=0 corridor=80,2859,107 wave_mode=Combat wave_phase=128 bank_target=12 bank_turn=1
elapsed=28153 actor=rear event=move path=70D3 target_speed=60 acceleration=0 corridor=126,3495,-101 wave_mode=Combat wave_phase=128 bank_target=-11 bank_turn=0
elapsed=28153 actor=rear event=vertical-step path=8942 target_speed=60 acceleration=0 corridor=126,3495,-101 wave_mode=Combat wave_phase=128 bank_target=-11 bank_turn=0
elapsed=28156 actor=lead event=move path=70D3 target_speed=60 acceleration=0 corridor=109,2766,-44 wave_mode=Combat wave_phase=128 bank_target=13 bank_turn=0
elapsed=28157 actor=lead event=vertical-step path=8942 target_speed=60 acceleration=0 corridor=109,2766,-44 wave_mode=Combat wave_phase=128 bank_target=13 bank_turn=0
elapsed=28157 actor=flank event=chase-angle path=886F target_speed=60 acceleration=0 corridor=80,2859,107 wave_mode=Combat wave_phase=132 bank_target=12 bank_turn=1
elapsed=28157 actor=flank event=move path=886F target_speed=60 acceleration=0 corridor=80,2859,107 wave_mode=Combat wave_phase=132 bank_target=12 bank_turn=1
elapsed=28157 actor=flank event=vertical-step path=8942 target_speed=60 acceleration=0 corridor=80,2859,107 wave_mode=Combat wave_phase=132 bank_target=12 bank_turn=1
elapsed=28157 actor=rear event=move path=70D3 target_speed=60 acceleration=0 corridor=126,3495,-101 wave_mode=Combat wave_phase=132 bank_target=-11 bank_turn=0
elapsed=28157 actor=rear event=vertical-step path=8942 target_speed=60 acceleration=0 corridor=126,3495,-101 wave_mode=Combat wave_phase=132 bank_target=-11 bank_turn=0
elapsed=28161 actor=lead event=move path=70D3 target_speed=60 acceleration=0 corridor=109,2766,-44 wave_mode=Combat wave_phase=132 bank_target=13 bank_turn=0
elapsed=28161 actor=lead event=vertical-step path=8942 target_speed=60 acceleration=0 corridor=109,2766,-44 wave_mode=Combat wave_phase=132 bank_target=13 bank_turn=0
elapsed=28162 actor=flank event=chase-angle path=886F target_speed=60 acceleration=0 corridor=80,2859,107 wave_mode=Combat wave_phase=136 bank_target=12 bank_turn=1
elapsed=28162 actor=flank event=move path=886F target_speed=60 acceleration=0 corridor=80,2859,107 wave_mode=Combat wave_phase=136 bank_target=12 bank_turn=1
elapsed=28162 actor=flank event=vertical-step path=8942 target_speed=60 acceleration=0 corridor=80,2859,107 wave_mode=Combat wave_phase=136 bank_target=12 bank_turn=1
elapsed=28162 actor=rear event=move path=70D3 target_speed=60 acceleration=0 corridor=126,3495,-101 wave_mode=Combat wave_phase=136 bank_target=-11 bank_turn=0
elapsed=28162 actor=rear event=vertical-step path=8942 target_speed=60 acceleration=0 corridor=126,3495,-101 wave_mode=Combat wave_phase=136 bank_target=-11 bank_turn=0
elapsed=28166 actor=lead event=move path=70D3 target_speed=60 acceleration=0 corridor=109,2766,-44 wave_mode=Combat wave_phase=136 bank_target=13 bank_turn=0
elapsed=28167 actor=lead event=vertical-step path=8942 target_speed=60 acceleration=0 corridor=109,2766,-44 wave_mode=Combat wave_phase=136 bank_target=13 bank_turn=0
elapsed=28167 actor=flank event=chase-angle path=886F target_speed=60 acceleration=0 corridor=80,2859,107 wave_mode=Combat wave_phase=140 bank_target=12 bank_turn=1
elapsed=28167 actor=flank event=move path=886F target_speed=60 acceleration=0 corridor=80,2859,107 wave_mode=Combat wave_phase=140 bank_target=12 bank_turn=1
elapsed=28167 actor=flank event=vertical-step path=8942 target_speed=60 acceleration=0 corridor=80,2859,107 wave_mode=Combat wave_phase=140 bank_target=12 bank_turn=1
elapsed=28167 actor=rear event=move path=70D3 target_speed=60 acceleration=0 corridor=126,3495,-101 wave_mode=Combat wave_phase=140 bank_target=-11 bank_turn=0
elapsed=28167 actor=rear event=vertical-step path=8942 target_speed=60 acceleration=0 corridor=126,3495,-101 wave_mode=Combat wave_phase=140 bank_target=-11 bank_turn=0
elapsed=28171 actor=lead event=move path=70D3 target_speed=60 acceleration=0 corridor=109,2766,-44 wave_mode=Combat wave_phase=140 bank_target=13 bank_turn=0
elapsed=28171 actor=lead event=vertical-step path=8942 target_speed=60 acceleration=0 corridor=109,2766,-44 wave_mode=Combat wave_phase=140 bank_target=13 bank_turn=0
elapsed=28171 actor=flank event=chase-angle path=886F target_speed=60 acceleration=0 corridor=80,2859,107 wave_mode=Combat wave_phase=144 bank_target=12 bank_turn=1
elapsed=28171 actor=flank event=move path=886F target_speed=60 acceleration=0 corridor=80,2859,107 wave_mode=Combat wave_phase=144 bank_target=12 bank_turn=1
elapsed=28172 actor=flank event=vertical-step path=8942 target_speed=60 acceleration=0 corridor=80,2859,107 wave_mode=Combat wave_phase=144 bank_target=12 bank_turn=1
elapsed=28172 actor=rear event=move path=70D3 target_speed=60 acceleration=0 corridor=126,3495,-101 wave_mode=Combat wave_phase=144 bank_target=-11 bank_turn=0
elapsed=28172 actor=rear event=vertical-step path=8942 target_speed=60 acceleration=0 corridor=126,3495,-101 wave_mode=Combat wave_phase=144 bank_target=-11 bank_turn=0
elapsed=28175 actor=lead event=move path=70D3 target_speed=60 acceleration=0 corridor=109,2766,-44 wave_mode=Combat wave_phase=144 bank_target=13 bank_turn=0
elapsed=28175 actor=lead event=vertical-step path=8942 target_speed=60 acceleration=0 corridor=109,2766,-44 wave_mode=Combat wave_phase=144 bank_target=13 bank_turn=0
elapsed=28176 actor=flank event=chase-angle path=886F target_speed=60 acceleration=0 corridor=80,2859,107 wave_mode=Combat wave_phase=148 bank_target=12 bank_turn=1
elapsed=28176 actor=flank event=move path=886F target_speed=60 acceleration=0 corridor=80,2859,107 wave_mode=Combat wave_phase=148 bank_target=12 bank_turn=1
elapsed=28176 actor=flank event=vertical-step path=8942 target_speed=60 acceleration=0 corridor=80,2859,107 wave_mode=Combat wave_phase=148 bank_target=12 bank_turn=1
elapsed=28176 actor=rear event=move path=70D3 target_speed=60 acceleration=0 corridor=126,3495,-101 wave_mode=Combat wave_phase=148 bank_target=-11 bank_turn=0
elapsed=28176 actor=rear event=vertical-step path=8942 target_speed=60 acceleration=0 corridor=126,3495,-101 wave_mode=Combat wave_phase=148 bank_target=-11 bank_turn=0
elapsed=28180 actor=lead event=move path=70D3 target_speed=60 acceleration=0 corridor=109,2766,-44 wave_mode=Combat wave_phase=148 bank_target=13 bank_turn=0
elapsed=28180 actor=lead event=vertical-step path=8942 target_speed=60 acceleration=0 corridor=109,2766,-44 wave_mode=Combat wave_phase=148 bank_target=13 bank_turn=0
elapsed=28181 actor=flank event=chase-angle path=886F target_speed=60 acceleration=0 corridor=80,2859,107 wave_mode=Combat wave_phase=152 bank_target=12 bank_turn=1
elapsed=28181 actor=flank event=move path=886F target_speed=60 acceleration=0 corridor=80,2859,107 wave_mode=Combat wave_phase=152 bank_target=12 bank_turn=1
elapsed=28181 actor=flank event=vertical-step path=8942 target_speed=60 acceleration=0 corridor=80,2859,107 wave_mode=Combat wave_phase=152 bank_target=12 bank_turn=1
elapsed=28181 actor=rear event=move path=70D3 target_speed=60 acceleration=0 corridor=126,3495,-101 wave_mode=Combat wave_phase=152 bank_target=-11 bank_turn=0
elapsed=28181 actor=rear event=vertical-step path=8942 target_speed=60 acceleration=0 corridor=126,3495,-101 wave_mode=Combat wave_phase=152 bank_target=-11 bank_turn=0
elapsed=28185 actor=lead event=move path=70D3 target_speed=60 acceleration=0 corridor=109,2766,-44 wave_mode=Combat wave_phase=152 bank_target=13 bank_turn=0
elapsed=28185 actor=lead event=vertical-step path=8942 target_speed=60 acceleration=0 corridor=109,2766,-44 wave_mode=Combat wave_phase=152 bank_target=13 bank_turn=0
elapsed=28185 actor=flank event=chase-angle path=886F target_speed=60 acceleration=0 corridor=80,2859,107 wave_mode=Combat wave_phase=156 bank_target=12 bank_turn=1
elapsed=28185 actor=flank event=move path=886F target_speed=60 acceleration=0 corridor=80,2859,107 wave_mode=Combat wave_phase=156 bank_target=12 bank_turn=1
elapsed=28186 actor=flank event=vertical-step path=8942 target_speed=60 acceleration=0 corridor=80,2859,107 wave_mode=Combat wave_phase=156 bank_target=12 bank_turn=1
elapsed=28186 actor=rear event=move path=70D3 target_speed=60 acceleration=0 corridor=126,3495,-101 wave_mode=Combat wave_phase=156 bank_target=-11 bank_turn=0
elapsed=28186 actor=rear event=vertical-step path=8942 target_speed=60 acceleration=0 corridor=126,3495,-101 wave_mode=Combat wave_phase=156 bank_target=-11 bank_turn=0
elapsed=28190 actor=lead event=move path=70D3 target_speed=60 acceleration=0 corridor=109,2766,-44 wave_mode=Combat wave_phase=156 bank_target=13 bank_turn=0
elapsed=28190 actor=lead event=vertical-step path=8942 target_speed=60 acceleration=0 corridor=109,2766,-44 wave_mode=Combat wave_phase=156 bank_target=13 bank_turn=0
elapsed=28190 actor=flank event=chase-angle path=886F target_speed=60 acceleration=0 corridor=80,2859,107 wave_mode=Combat wave_phase=160 bank_target=12 bank_turn=1
elapsed=28190 actor=flank event=move path=886F target_speed=60 acceleration=0 corridor=80,2859,107 wave_mode=Combat wave_phase=160 bank_target=12 bank_turn=1
elapsed=28190 actor=flank event=vertical-step path=8942 target_speed=60 acceleration=0 corridor=80,2859,107 wave_mode=Combat wave_phase=160 bank_target=12 bank_turn=1
elapsed=28191 actor=rear event=move path=70D3 target_speed=60 acceleration=0 corridor=126,3495,-101 wave_mode=Combat wave_phase=160 bank_target=-11 bank_turn=0
elapsed=28191 actor=rear event=vertical-step path=8942 target_speed=60 acceleration=0 corridor=126,3495,-101 wave_mode=Combat wave_phase=160 bank_target=-11 bank_turn=0
elapsed=28194 actor=lead event=move path=70D3 target_speed=60 acceleration=0 corridor=109,2766,-44 wave_mode=Combat wave_phase=160 bank_target=13 bank_turn=0
elapsed=28195 actor=lead event=vertical-step path=8942 target_speed=60 acceleration=0 corridor=109,2766,-44 wave_mode=Combat wave_phase=160 bank_target=13 bank_turn=0
elapsed=28195 actor=flank event=chase-angle path=886F target_speed=60 acceleration=0 corridor=80,2859,107 wave_mode=Combat wave_phase=164 bank_target=12 bank_turn=1
elapsed=28195 actor=flank event=move path=886F target_speed=60 acceleration=0 corridor=80,2859,107 wave_mode=Combat wave_phase=164 bank_target=12 bank_turn=1
elapsed=28195 actor=flank event=vertical-step path=8942 target_speed=60 acceleration=0 corridor=80,2859,107 wave_mode=Combat wave_phase=164 bank_target=12 bank_turn=1
elapsed=28195 actor=rear event=move path=70D3 target_speed=60 acceleration=0 corridor=126,3495,-101 wave_mode=Combat wave_phase=164 bank_target=-11 bank_turn=0
elapsed=28195 actor=rear event=vertical-step path=8942 target_speed=60 acceleration=0 corridor=126,3495,-101 wave_mode=Combat wave_phase=164 bank_target=-11 bank_turn=0
elapsed=28199 actor=lead event=move path=70D3 target_speed=60 acceleration=0 corridor=109,2766,-44 wave_mode=Combat wave_phase=164 bank_target=13 bank_turn=0
elapsed=28199 actor=lead event=vertical-step path=8942 target_speed=60 acceleration=0 corridor=109,2766,-44 wave_mode=Combat wave_phase=164 bank_target=13 bank_turn=0
elapsed=28199 actor=flank event=chase-angle path=886F target_speed=60 acceleration=0 corridor=80,2859,107 wave_mode=Combat wave_phase=168 bank_target=12 bank_turn=1
elapsed=28199 actor=flank event=move path=70F2 target_speed=60 acceleration=0 corridor=80,2859,107 wave_mode=Combat wave_phase=168 bank_target=1 bank_turn=1
elapsed=28199 actor=flank event=vertical-step path=8942 target_speed=60 acceleration=0 corridor=80,2859,107 wave_mode=Combat wave_phase=168 bank_target=1 bank_turn=1
elapsed=28200 actor=rear event=move path=70D3 target_speed=60 acceleration=0 corridor=126,3495,-101 wave_mode=Combat wave_phase=168 bank_target=-11 bank_turn=0
elapsed=28200 actor=rear event=vertical-step path=8942 target_speed=60 acceleration=0 corridor=126,3495,-101 wave_mode=Combat wave_phase=168 bank_target=-11 bank_turn=0
elapsed=28203 actor=lead event=move path=70D3 target_speed=60 acceleration=0 corridor=109,2766,-44 wave_mode=Combat wave_phase=168 bank_target=13 bank_turn=0
elapsed=28203 actor=lead event=vertical-step path=8942 target_speed=60 acceleration=0 corridor=109,2766,-44 wave_mode=Combat wave_phase=168 bank_target=13 bank_turn=0
elapsed=28204 actor=flank event=move path=70F2 target_speed=60 acceleration=0 corridor=80,2859,107 wave_mode=Combat wave_phase=172 bank_target=2 bank_turn=1
elapsed=28204 actor=flank event=vertical-step path=8942 target_speed=60 acceleration=0 corridor=80,2859,107 wave_mode=Combat wave_phase=172 bank_target=2 bank_turn=1
elapsed=28204 actor=rear event=move path=70D3 target_speed=60 acceleration=0 corridor=126,3495,-101 wave_mode=Combat wave_phase=172 bank_target=-11 bank_turn=0
elapsed=28204 actor=rear event=vertical-step path=8942 target_speed=60 acceleration=0 corridor=126,3495,-101 wave_mode=Combat wave_phase=172 bank_target=-11 bank_turn=0
elapsed=28207 actor=lead event=move path=70D3 target_speed=60 acceleration=0 corridor=109,2766,-44 wave_mode=Combat wave_phase=172 bank_target=13 bank_turn=0
elapsed=28208 actor=lead event=vertical-step path=8942 target_speed=60 acceleration=0 corridor=109,2766,-44 wave_mode=Combat wave_phase=172 bank_target=13 bank_turn=0
elapsed=28208 actor=flank event=move path=70F2 target_speed=60 acceleration=0 corridor=80,2859,107 wave_mode=Combat wave_phase=176 bank_target=3 bank_turn=1
elapsed=28208 actor=flank event=vertical-step path=8942 target_speed=60 acceleration=0 corridor=80,2859,107 wave_mode=Combat wave_phase=176 bank_target=3 bank_turn=1
elapsed=28208 actor=rear event=move path=70D3 target_speed=60 acceleration=0 corridor=126,3495,-101 wave_mode=Combat wave_phase=176 bank_target=-11 bank_turn=0
elapsed=28208 actor=rear event=vertical-step path=8942 target_speed=60 acceleration=0 corridor=126,3495,-101 wave_mode=Combat wave_phase=176 bank_target=-11 bank_turn=0
elapsed=28212 actor=lead event=move path=70D3 target_speed=60 acceleration=0 corridor=109,2766,-44 wave_mode=Combat wave_phase=176 bank_target=13 bank_turn=0
elapsed=28212 actor=lead event=vertical-step path=8942 target_speed=60 acceleration=0 corridor=109,2766,-44 wave_mode=Combat wave_phase=176 bank_target=13 bank_turn=0
elapsed=28212 actor=flank event=move path=70F2 target_speed=60 acceleration=0 corridor=80,2859,107 wave_mode=Combat wave_phase=180 bank_target=4 bank_turn=1
elapsed=28212 actor=flank event=vertical-step path=8942 target_speed=60 acceleration=0 corridor=80,2859,107 wave_mode=Combat wave_phase=180 bank_target=4 bank_turn=1
elapsed=28213 actor=rear event=move path=70D3 target_speed=60 acceleration=0 corridor=126,3495,-101 wave_mode=Combat wave_phase=180 bank_target=-11 bank_turn=0
elapsed=28213 actor=rear event=vertical-step path=8942 target_speed=60 acceleration=0 corridor=126,3495,-101 wave_mode=Combat wave_phase=180 bank_target=-11 bank_turn=0
elapsed=28216 actor=lead event=move path=70D3 target_speed=60 acceleration=0 corridor=109,2766,-44 wave_mode=Combat wave_phase=180 bank_target=13 bank_turn=0
elapsed=28217 actor=lead event=vertical-step path=8942 target_speed=60 acceleration=0 corridor=109,2766,-44 wave_mode=Combat wave_phase=180 bank_target=13 bank_turn=0
elapsed=28217 actor=flank event=move path=70F2 target_speed=60 acceleration=0 corridor=80,2859,107 wave_mode=Combat wave_phase=184 bank_target=5 bank_turn=1
elapsed=28217 actor=flank event=vertical-step path=8942 target_speed=60 acceleration=0 corridor=80,2859,107 wave_mode=Combat wave_phase=184 bank_target=5 bank_turn=1
elapsed=28217 actor=rear event=move path=70D3 target_speed=60 acceleration=0 corridor=126,3495,-101 wave_mode=Combat wave_phase=184 bank_target=-11 bank_turn=0
elapsed=28217 actor=rear event=vertical-step path=8942 target_speed=60 acceleration=0 corridor=126,3495,-101 wave_mode=Combat wave_phase=184 bank_target=-11 bank_turn=0
elapsed=28221 actor=lead event=move path=70D3 target_speed=60 acceleration=0 corridor=109,2766,-44 wave_mode=Combat wave_phase=184 bank_target=13 bank_turn=0
elapsed=28221 actor=lead event=vertical-step path=8942 target_speed=60 acceleration=0 corridor=109,2766,-44 wave_mode=Combat wave_phase=184 bank_target=13 bank_turn=0
elapsed=28221 actor=flank event=move path=70F2 target_speed=60 acceleration=0 corridor=80,2859,107 wave_mode=Combat wave_phase=188 bank_target=6 bank_turn=1
elapsed=28222 actor=flank event=vertical-step path=8942 target_speed=60 acceleration=0 corridor=80,2859,107 wave_mode=Combat wave_phase=188 bank_target=6 bank_turn=1
elapsed=28222 actor=rear event=move path=70D3 target_speed=60 acceleration=0 corridor=126,3495,-101 wave_mode=Combat wave_phase=188 bank_target=-11 bank_turn=0
elapsed=28222 actor=rear event=vertical-step path=8942 target_speed=60 acceleration=0 corridor=126,3495,-101 wave_mode=Combat wave_phase=188 bank_target=-11 bank_turn=0
elapsed=28225 actor=lead event=move path=70D3 target_speed=60 acceleration=0 corridor=109,2766,-44 wave_mode=Combat wave_phase=188 bank_target=13 bank_turn=0
elapsed=28226 actor=lead event=vertical-step path=8942 target_speed=60 acceleration=0 corridor=109,2766,-44 wave_mode=Combat wave_phase=188 bank_target=13 bank_turn=0
elapsed=28226 actor=flank event=move path=70F2 target_speed=60 acceleration=0 corridor=80,2859,107 wave_mode=Combat wave_phase=192 bank_target=7 bank_turn=1
elapsed=28226 actor=flank event=vertical-step path=8942 target_speed=60 acceleration=0 corridor=80,2859,107 wave_mode=Combat wave_phase=192 bank_target=7 bank_turn=1
elapsed=28226 actor=rear event=move path=70D3 target_speed=60 acceleration=0 corridor=126,3495,-101 wave_mode=Combat wave_phase=192 bank_target=-11 bank_turn=0
elapsed=28227 actor=rear event=vertical-step path=8942 target_speed=60 acceleration=0 corridor=126,3495,-101 wave_mode=Combat wave_phase=192 bank_target=-11 bank_turn=0
elapsed=28230 actor=lead event=move path=70D3 target_speed=60 acceleration=0 corridor=109,2766,-44 wave_mode=Combat wave_phase=192 bank_target=13 bank_turn=0
elapsed=28230 actor=lead event=vertical-step path=8942 target_speed=60 acceleration=0 corridor=109,2766,-44 wave_mode=Combat wave_phase=192 bank_target=13 bank_turn=0
elapsed=28230 actor=flank event=move path=70F2 target_speed=60 acceleration=0 corridor=80,2859,107 wave_mode=Combat wave_phase=196 bank_target=8 bank_turn=1
elapsed=28230 actor=flank event=vertical-step path=8942 target_speed=60 acceleration=0 corridor=80,2859,107 wave_mode=Combat wave_phase=196 bank_target=8 bank_turn=1
elapsed=28231 actor=rear event=move path=70D3 target_speed=60 acceleration=0 corridor=126,3495,-101 wave_mode=Combat wave_phase=196 bank_target=-11 bank_turn=0
elapsed=28231 actor=rear event=vertical-step path=8942 target_speed=60 acceleration=0 corridor=126,3495,-101 wave_mode=Combat wave_phase=196 bank_target=-11 bank_turn=0
elapsed=28234 actor=lead event=move path=70D3 target_speed=60 acceleration=0 corridor=109,2766,-44 wave_mode=Combat wave_phase=196 bank_target=13 bank_turn=0
elapsed=28234 actor=lead event=vertical-step path=8942 target_speed=60 acceleration=0 corridor=109,2766,-44 wave_mode=Combat wave_phase=196 bank_target=13 bank_turn=0
elapsed=28235 actor=flank event=move path=70F2 target_speed=60 acceleration=0 corridor=80,2859,107 wave_mode=Combat wave_phase=200 bank_target=9 bank_turn=1
elapsed=28235 actor=flank event=vertical-step path=8942 target_speed=60 acceleration=0 corridor=80,2859,107 wave_mode=Combat wave_phase=200 bank_target=9 bank_turn=1
elapsed=28235 actor=rear event=move path=70D3 target_speed=60 acceleration=0 corridor=126,3495,-101 wave_mode=Combat wave_phase=200 bank_target=-11 bank_turn=0
elapsed=28235 actor=rear event=vertical-step path=8942 target_speed=60 acceleration=0 corridor=126,3495,-101 wave_mode=Combat wave_phase=200 bank_target=-11 bank_turn=0
elapsed=28238 actor=lead event=move path=70D3 target_speed=60 acceleration=0 corridor=109,2766,-44 wave_mode=Combat wave_phase=200 bank_target=13 bank_turn=0
elapsed=28239 actor=lead event=vertical-step path=8942 target_speed=60 acceleration=0 corridor=109,2766,-44 wave_mode=Combat wave_phase=200 bank_target=13 bank_turn=0
elapsed=28239 actor=flank event=move path=70F2 target_speed=60 acceleration=0 corridor=80,2859,107 wave_mode=Combat wave_phase=204 bank_target=10 bank_turn=1
elapsed=28239 actor=flank event=vertical-step path=8942 target_speed=60 acceleration=0 corridor=80,2859,107 wave_mode=Combat wave_phase=204 bank_target=10 bank_turn=1
elapsed=28239 actor=rear event=move path=70D3 target_speed=60 acceleration=0 corridor=126,3495,-101 wave_mode=Combat wave_phase=204 bank_target=-11 bank_turn=0
elapsed=28240 actor=rear event=vertical-step path=8942 target_speed=60 acceleration=0 corridor=126,3495,-101 wave_mode=Combat wave_phase=204 bank_target=-11 bank_turn=0
elapsed=28243 actor=lead event=move path=70D3 target_speed=60 acceleration=0 corridor=109,2766,-44 wave_mode=Combat wave_phase=204 bank_target=13 bank_turn=0
elapsed=28243 actor=lead event=vertical-step path=8942 target_speed=60 acceleration=0 corridor=109,2766,-44 wave_mode=Combat wave_phase=204 bank_target=13 bank_turn=0
elapsed=28243 actor=flank event=move path=70F2 target_speed=60 acceleration=0 corridor=80,2859,107 wave_mode=Combat wave_phase=208 bank_target=11 bank_turn=1
elapsed=28243 actor=flank event=vertical-step path=8942 target_speed=60 acceleration=0 corridor=80,2859,107 wave_mode=Combat wave_phase=208 bank_target=11 bank_turn=1
elapsed=28244 actor=rear event=move path=70D3 target_speed=60 acceleration=0 corridor=126,3495,-101 wave_mode=Combat wave_phase=208 bank_target=-11 bank_turn=0
elapsed=28244 actor=rear event=vertical-step path=8942 target_speed=60 acceleration=0 corridor=126,3495,-101 wave_mode=Combat wave_phase=208 bank_target=-11 bank_turn=0
elapsed=28247 actor=lead event=move path=70D3 target_speed=60 acceleration=0 corridor=109,2766,-44 wave_mode=Combat wave_phase=208 bank_target=13 bank_turn=0
elapsed=28247 actor=lead event=vertical-step path=8942 target_speed=60 acceleration=0 corridor=109,2766,-44 wave_mode=Combat wave_phase=208 bank_target=13 bank_turn=0
elapsed=28248 actor=flank event=move path=70F2 target_speed=60 acceleration=0 corridor=80,2859,107 wave_mode=Combat wave_phase=212 bank_target=12 bank_turn=1
elapsed=28248 actor=flank event=vertical-step path=8942 target_speed=60 acceleration=0 corridor=80,2859,107 wave_mode=Combat wave_phase=212 bank_target=12 bank_turn=1
elapsed=28248 actor=rear event=move path=70D3 target_speed=60 acceleration=0 corridor=126,3495,-101 wave_mode=Combat wave_phase=212 bank_target=-11 bank_turn=0
elapsed=28248 actor=rear event=vertical-step path=8942 target_speed=60 acceleration=0 corridor=126,3495,-101 wave_mode=Combat wave_phase=212 bank_target=-11 bank_turn=0
elapsed=28251 actor=lead event=move path=70D9 target_speed=60 acceleration=0 corridor=109,2766,-44 wave_mode=Combat wave_phase=212 bank_target=1 bank_turn=0
elapsed=28251 actor=lead event=vertical-step path=8942 target_speed=60 acceleration=0 corridor=109,2766,-44 wave_mode=Combat wave_phase=212 bank_target=1 bank_turn=0
elapsed=28252 actor=flank event=move path=70F2 target_speed=60 acceleration=0 corridor=80,2859,107 wave_mode=Combat wave_phase=216 bank_target=13 bank_turn=1
elapsed=28252 actor=flank event=vertical-step path=8942 target_speed=60 acceleration=0 corridor=80,2859,107 wave_mode=Combat wave_phase=216 bank_target=13 bank_turn=1
elapsed=28252 actor=rear event=move path=70D3 target_speed=60 acceleration=0 corridor=126,3495,-101 wave_mode=Combat wave_phase=216 bank_target=-11 bank_turn=0
elapsed=28252 actor=rear event=vertical-step path=8942 target_speed=60 acceleration=0 corridor=126,3495,-101 wave_mode=Combat wave_phase=216 bank_target=-11 bank_turn=0
elapsed=28256 actor=lead event=move path=70D9 target_speed=60 acceleration=0 corridor=109,2766,-44 wave_mode=Combat wave_phase=216 bank_target=2 bank_turn=0
elapsed=28256 actor=lead event=vertical-step path=8942 target_speed=60 acceleration=0 corridor=109,2766,-44 wave_mode=Combat wave_phase=216 bank_target=2 bank_turn=0
elapsed=28256 actor=flank event=move path=70F2 target_speed=60 acceleration=0 corridor=80,2859,107 wave_mode=Combat wave_phase=220 bank_target=14 bank_turn=1
elapsed=28256 actor=flank event=vertical-step path=8942 target_speed=60 acceleration=0 corridor=80,2859,107 wave_mode=Combat wave_phase=220 bank_target=14 bank_turn=1
elapsed=28257 actor=rear event=move path=70D3 target_speed=60 acceleration=0 corridor=126,3495,-101 wave_mode=Combat wave_phase=220 bank_target=-11 bank_turn=0
elapsed=28257 actor=rear event=vertical-step path=8942 target_speed=60 acceleration=0 corridor=126,3495,-101 wave_mode=Combat wave_phase=220 bank_target=-11 bank_turn=0
elapsed=28260 actor=lead event=move path=70D9 target_speed=60 acceleration=0 corridor=109,2766,-44 wave_mode=Combat wave_phase=220 bank_target=3 bank_turn=0
elapsed=28260 actor=lead event=vertical-step path=8942 target_speed=60 acceleration=0 corridor=109,2766,-44 wave_mode=Combat wave_phase=220 bank_target=3 bank_turn=0
elapsed=28260 actor=flank event=move path=70F2 target_speed=60 acceleration=0 corridor=-30,2495,110 wave_mode=Combat wave_phase=224 bank_target=15 bank_turn=1
elapsed=28260 actor=flank event=vertical-step path=8942 target_speed=60 acceleration=0 corridor=-30,2495,110 wave_mode=Combat wave_phase=224 bank_target=15 bank_turn=1
elapsed=28261 actor=rear event=move path=70D3 target_speed=60 acceleration=0 corridor=-56,-3033,-38 wave_mode=Combat wave_phase=224 bank_target=-11 bank_turn=0
elapsed=28261 actor=rear event=vertical-step path=8942 target_speed=60 acceleration=0 corridor=-56,-3033,-38 wave_mode=Combat wave_phase=224 bank_target=-11 bank_turn=0
elapsed=28264 actor=lead event=move path=70D9 target_speed=60 acceleration=0 corridor=-7,-689,-120 wave_mode=Combat wave_phase=224 bank_target=4 bank_turn=0
elapsed=28264 actor=lead event=vertical-step path=8942 target_speed=60 acceleration=0 corridor=-7,-689,-120 wave_mode=Combat wave_phase=224 bank_target=4 bank_turn=0
elapsed=28264 actor=flank event=move path=70F2 target_speed=60 acceleration=0 corridor=-30,2495,110 wave_mode=Combat wave_phase=228 bank_target=16 bank_turn=1
elapsed=28265 actor=flank event=vertical-step path=8942 target_speed=60 acceleration=0 corridor=-30,2495,110 wave_mode=Combat wave_phase=228 bank_target=16 bank_turn=1
elapsed=28265 actor=rear event=move path=70D3 target_speed=60 acceleration=0 corridor=-56,-3033,-38 wave_mode=Combat wave_phase=228 bank_target=-11 bank_turn=0
elapsed=28265 actor=rear event=vertical-step path=8942 target_speed=60 acceleration=0 corridor=-56,-3033,-38 wave_mode=Combat wave_phase=228 bank_target=-11 bank_turn=0
elapsed=28269 actor=lead event=move path=70D9 target_speed=60 acceleration=0 corridor=-7,-689,-120 wave_mode=Combat wave_phase=228 bank_target=5 bank_turn=0
elapsed=28269 actor=lead event=vertical-step path=8942 target_speed=60 acceleration=0 corridor=-7,-689,-120 wave_mode=Combat wave_phase=228 bank_target=5 bank_turn=0
elapsed=28269 actor=flank event=move path=70F2 target_speed=60 acceleration=0 corridor=-30,2495,110 wave_mode=Combat wave_phase=232 bank_target=17 bank_turn=1
elapsed=28269 actor=flank event=vertical-step path=8942 target_speed=60 acceleration=0 corridor=-30,2495,110 wave_mode=Combat wave_phase=232 bank_target=17 bank_turn=1
elapsed=28269 actor=rear event=move path=70D3 target_speed=60 acceleration=0 corridor=-56,-3033,-38 wave_mode=Combat wave_phase=232 bank_target=-11 bank_turn=0
elapsed=28270 actor=rear event=vertical-step path=8942 target_speed=60 acceleration=0 corridor=-56,-3033,-38 wave_mode=Combat wave_phase=232 bank_target=-11 bank_turn=0
elapsed=28273 actor=lead event=move path=70D9 target_speed=60 acceleration=0 corridor=-7,-689,-120 wave_mode=Combat wave_phase=232 bank_target=6 bank_turn=0
elapsed=28273 actor=lead event=vertical-step path=8942 target_speed=60 acceleration=0 corridor=-7,-689,-120 wave_mode=Combat wave_phase=232 bank_target=6 bank_turn=0
elapsed=28274 actor=flank event=move path=70F2 target_speed=60 acceleration=0 corridor=-30,2495,110 wave_mode=Combat wave_phase=236 bank_target=18 bank_turn=1
elapsed=28274 actor=flank event=vertical-step path=8942 target_speed=60 acceleration=0 corridor=-30,2495,110 wave_mode=Combat wave_phase=236 bank_target=18 bank_turn=1
elapsed=28274 actor=rear event=move path=70D3 target_speed=60 acceleration=0 corridor=-56,-3033,-38 wave_mode=Combat wave_phase=236 bank_target=-11 bank_turn=0
elapsed=28274 actor=rear event=vertical-step path=8942 target_speed=60 acceleration=0 corridor=-56,-3033,-38 wave_mode=Combat wave_phase=236 bank_target=-11 bank_turn=0
elapsed=28278 actor=lead event=move path=70D9 target_speed=60 acceleration=0 corridor=-7,-689,-120 wave_mode=Combat wave_phase=236 bank_target=7 bank_turn=0
elapsed=28278 actor=lead event=vertical-step path=8942 target_speed=60 acceleration=0 corridor=-7,-689,-120 wave_mode=Combat wave_phase=236 bank_target=7 bank_turn=0
elapsed=28278 actor=flank event=move path=70F2 target_speed=60 acceleration=0 corridor=-30,2495,110 wave_mode=Combat wave_phase=240 bank_target=19 bank_turn=1
elapsed=28279 actor=flank event=vertical-step path=8942 target_speed=60 acceleration=0 corridor=-30,2495,110 wave_mode=Combat wave_phase=240 bank_target=19 bank_turn=1
elapsed=28279 actor=rear event=move path=70D3 target_speed=60 acceleration=0 corridor=-56,-3033,-38 wave_mode=Combat wave_phase=240 bank_target=-11 bank_turn=0
elapsed=28279 actor=rear event=vertical-step path=8942 target_speed=60 acceleration=0 corridor=-56,-3033,-38 wave_mode=Combat wave_phase=240 bank_target=-11 bank_turn=0
elapsed=28283 actor=lead event=move path=70D9 target_speed=60 acceleration=0 corridor=-7,-689,-120 wave_mode=Combat wave_phase=240 bank_target=8 bank_turn=0
elapsed=28283 actor=lead event=vertical-step path=8942 target_speed=60 acceleration=0 corridor=-7,-689,-120 wave_mode=Combat wave_phase=240 bank_target=8 bank_turn=0
elapsed=28284 actor=flank event=move path=70F2 target_speed=60 acceleration=0 corridor=-30,2495,110 wave_mode=Combat wave_phase=244 bank_target=20 bank_turn=1
elapsed=28284 actor=flank event=vertical-step path=8942 target_speed=60 acceleration=0 corridor=-30,2495,110 wave_mode=Combat wave_phase=244 bank_target=20 bank_turn=1
elapsed=28284 actor=rear event=move path=70D3 target_speed=60 acceleration=0 corridor=-56,-3033,-38 wave_mode=Combat wave_phase=244 bank_target=-11 bank_turn=0
elapsed=28284 actor=rear event=vertical-step path=8942 target_speed=60 acceleration=0 corridor=-56,-3033,-38 wave_mode=Combat wave_phase=244 bank_target=-11 bank_turn=0
elapsed=28288 actor=lead event=move path=70D9 target_speed=60 acceleration=0 corridor=-7,-689,-120 wave_mode=Combat wave_phase=244 bank_target=9 bank_turn=0
elapsed=28288 actor=lead event=vertical-step path=8942 target_speed=60 acceleration=0 corridor=-7,-689,-120 wave_mode=Combat wave_phase=244 bank_target=9 bank_turn=0
elapsed=28289 actor=flank event=move path=70F2 target_speed=60 acceleration=0 corridor=-30,2495,110 wave_mode=Combat wave_phase=248 bank_target=21 bank_turn=1
elapsed=28289 actor=flank event=vertical-step path=8942 target_speed=60 acceleration=0 corridor=-30,2495,110 wave_mode=Combat wave_phase=248 bank_target=21 bank_turn=1
elapsed=28289 actor=rear event=move path=70D3 target_speed=60 acceleration=0 corridor=-56,-3033,-38 wave_mode=Combat wave_phase=248 bank_target=-11 bank_turn=0
elapsed=28289 actor=rear event=vertical-step path=8942 target_speed=60 acceleration=0 corridor=-56,-3033,-38 wave_mode=Combat wave_phase=248 bank_target=-11 bank_turn=0
elapsed=28293 actor=lead event=chase-angle path=886F target_speed=60 acceleration=0 corridor=-7,-689,-120 wave_mode=Combat wave_phase=248 bank_target=-11 bank_turn=1
elapsed=28293 actor=lead event=move path=886F target_speed=60 acceleration=0 corridor=-7,-689,-120 wave_mode=Combat wave_phase=248 bank_target=-11 bank_turn=1
elapsed=28293 actor=lead event=vertical-step path=8942 target_speed=60 acceleration=0 corridor=-7,-689,-120 wave_mode=Combat wave_phase=248 bank_target=-11 bank_turn=1
elapsed=28294 actor=flank event=move path=70F2 target_speed=60 acceleration=0 corridor=-30,2495,110 wave_mode=Combat wave_phase=252 bank_target=22 bank_turn=1
elapsed=28294 actor=flank event=vertical-step path=8942 target_speed=60 acceleration=0 corridor=-30,2495,110 wave_mode=Combat wave_phase=252 bank_target=22 bank_turn=1
elapsed=28294 actor=rear event=move path=70D3 target_speed=60 acceleration=0 corridor=-56,-3033,-38 wave_mode=Combat wave_phase=252 bank_target=-11 bank_turn=0
elapsed=28294 actor=rear event=vertical-step path=8942 target_speed=60 acceleration=0 corridor=-56,-3033,-38 wave_mode=Combat wave_phase=252 bank_target=-11 bank_turn=0
elapsed=28298 actor=lead event=chase-angle path=886F target_speed=60 acceleration=0 corridor=-7,-689,-120 wave_mode=Combat wave_phase=252 bank_target=-11 bank_turn=1
elapsed=28298 actor=lead event=move path=886F target_speed=60 acceleration=0 corridor=-7,-689,-120 wave_mode=Combat wave_phase=252 bank_target=-11 bank_turn=1
elapsed=28298 actor=lead event=vertical-step path=8942 target_speed=60 acceleration=0 corridor=-7,-689,-120 wave_mode=Combat wave_phase=252 bank_target=-11 bank_turn=1
elapsed=28298 actor=flank event=move path=70F2 target_speed=60 acceleration=0 corridor=-30,2495,110 wave_mode=Combat wave_phase=0 bank_target=23 bank_turn=1
elapsed=28299 actor=flank event=vertical-step path=8942 target_speed=60 acceleration=0 corridor=-30,2495,110 wave_mode=Combat wave_phase=0 bank_target=23 bank_turn=1
elapsed=28299 actor=rear event=move path=70D3 target_speed=60 acceleration=0 corridor=-56,-3033,-38 wave_mode=Combat wave_phase=0 bank_target=-11 bank_turn=0
elapsed=28299 actor=rear event=vertical-step path=8942 target_speed=60 acceleration=0 corridor=-56,-3033,-38 wave_mode=Combat wave_phase=0 bank_target=-11 bank_turn=0
elapsed=28302 actor=lead event=chase-angle path=886F target_speed=60 acceleration=0 corridor=-7,-689,-120 wave_mode=Combat wave_phase=0 bank_target=-11 bank_turn=1
elapsed=28302 actor=lead event=move path=886F target_speed=60 acceleration=0 corridor=-7,-689,-120 wave_mode=Combat wave_phase=0 bank_target=-11 bank_turn=1
elapsed=28303 actor=lead event=vertical-step path=8942 target_speed=60 acceleration=0 corridor=-7,-689,-120 wave_mode=Combat wave_phase=0 bank_target=-11 bank_turn=1
elapsed=28303 actor=flank event=move path=70F2 target_speed=60 acceleration=0 corridor=-30,2495,110 wave_mode=Combat wave_phase=4 bank_target=24 bank_turn=1
elapsed=28303 actor=flank event=vertical-step path=8942 target_speed=60 acceleration=0 corridor=-30,2495,110 wave_mode=Combat wave_phase=4 bank_target=24 bank_turn=1
elapsed=28303 actor=rear event=move path=70D3 target_speed=60 acceleration=0 corridor=-56,-3033,-38 wave_mode=Combat wave_phase=4 bank_target=-11 bank_turn=0
elapsed=28304 actor=rear event=vertical-step path=8942 target_speed=60 acceleration=0 corridor=-56,-3033,-38 wave_mode=Combat wave_phase=4 bank_target=-11 bank_turn=0
elapsed=28307 actor=lead event=chase-angle path=886F target_speed=60 acceleration=0 corridor=-7,-689,-120 wave_mode=Combat wave_phase=4 bank_target=-11 bank_turn=1
elapsed=28307 actor=lead event=move path=886F target_speed=60 acceleration=0 corridor=-7,-689,-120 wave_mode=Combat wave_phase=4 bank_target=-11 bank_turn=1
elapsed=28307 actor=lead event=vertical-step path=8942 target_speed=60 acceleration=0 corridor=-7,-689,-120 wave_mode=Combat wave_phase=4 bank_target=-11 bank_turn=1
elapsed=28307 actor=flank event=move path=70F2 target_speed=60 acceleration=0 corridor=-30,2495,110 wave_mode=Combat wave_phase=8 bank_target=25 bank_turn=1
elapsed=28307 actor=flank event=vertical-step path=8942 target_speed=60 acceleration=0 corridor=-30,2495,110 wave_mode=Combat wave_phase=8 bank_target=25 bank_turn=1
elapsed=28308 actor=rear event=move path=70D3 target_speed=60 acceleration=0 corridor=-56,-3033,-38 wave_mode=Combat wave_phase=8 bank_target=-11 bank_turn=0
elapsed=28308 actor=rear event=vertical-step path=8942 target_speed=60 acceleration=0 corridor=-56,-3033,-38 wave_mode=Combat wave_phase=8 bank_target=-11 bank_turn=0
elapsed=28311 actor=lead event=chase-angle path=886F target_speed=60 acceleration=0 corridor=-7,-689,-120 wave_mode=Combat wave_phase=8 bank_target=-11 bank_turn=1
elapsed=28311 actor=lead event=move path=886F target_speed=60 acceleration=0 corridor=-7,-689,-120 wave_mode=Combat wave_phase=8 bank_target=-11 bank_turn=1
elapsed=28311 actor=lead event=vertical-step path=8942 target_speed=60 acceleration=0 corridor=-7,-689,-120 wave_mode=Combat wave_phase=8 bank_target=-11 bank_turn=1
elapsed=28312 actor=flank event=move path=70F2 target_speed=60 acceleration=0 corridor=-30,2495,110 wave_mode=Combat wave_phase=12 bank_target=26 bank_turn=1
elapsed=28312 actor=flank event=vertical-step path=8942 target_speed=60 acceleration=0 corridor=-30,2495,110 wave_mode=Combat wave_phase=12 bank_target=26 bank_turn=1
elapsed=28312 actor=rear event=move path=70D3 target_speed=60 acceleration=0 corridor=-56,-3033,-38 wave_mode=Combat wave_phase=12 bank_target=-11 bank_turn=0
elapsed=28312 actor=rear event=vertical-step path=8942 target_speed=60 acceleration=0 corridor=-56,-3033,-38 wave_mode=Combat wave_phase=12 bank_target=-11 bank_turn=0
elapsed=28315 actor=lead event=chase-angle path=886F target_speed=60 acceleration=0 corridor=-7,-689,-120 wave_mode=Combat wave_phase=12 bank_target=-11 bank_turn=1
elapsed=28315 actor=lead event=move path=886F target_speed=60 acceleration=0 corridor=-7,-689,-120 wave_mode=Combat wave_phase=12 bank_target=-11 bank_turn=1
elapsed=28316 actor=lead event=vertical-step path=8942 target_speed=60 acceleration=0 corridor=-7,-689,-120 wave_mode=Combat wave_phase=12 bank_target=-11 bank_turn=1
elapsed=28316 actor=flank event=move path=70F2 target_speed=60 acceleration=0 corridor=-30,2495,110 wave_mode=Combat wave_phase=16 bank_target=27 bank_turn=1
elapsed=28316 actor=flank event=vertical-step path=8942 target_speed=60 acceleration=0 corridor=-30,2495,110 wave_mode=Combat wave_phase=16 bank_target=27 bank_turn=1
elapsed=28316 actor=rear event=move path=70D3 target_speed=60 acceleration=0 corridor=-56,-3033,-38 wave_mode=Combat wave_phase=16 bank_target=-11 bank_turn=0
elapsed=28317 actor=rear event=vertical-step path=8942 target_speed=60 acceleration=0 corridor=-56,-3033,-38 wave_mode=Combat wave_phase=16 bank_target=-11 bank_turn=0
elapsed=28320 actor=lead event=chase-angle path=886F target_speed=60 acceleration=0 corridor=-7,-689,-120 wave_mode=Combat wave_phase=16 bank_target=-11 bank_turn=1
elapsed=28320 actor=lead event=move path=886F target_speed=60 acceleration=0 corridor=-7,-689,-120 wave_mode=Combat wave_phase=16 bank_target=-11 bank_turn=1
elapsed=28320 actor=lead event=vertical-step path=8942 target_speed=60 acceleration=0 corridor=-7,-689,-120 wave_mode=Combat wave_phase=16 bank_target=-11 bank_turn=1
elapsed=28320 actor=flank event=move path=70F2 target_speed=60 acceleration=0 corridor=-30,2495,110 wave_mode=Combat wave_phase=20 bank_target=28 bank_turn=1
elapsed=28320 actor=flank event=vertical-step path=8942 target_speed=60 acceleration=0 corridor=-30,2495,110 wave_mode=Combat wave_phase=20 bank_target=28 bank_turn=1
elapsed=28321 actor=rear event=move path=70D3 target_speed=60 acceleration=0 corridor=-56,-3033,-38 wave_mode=Combat wave_phase=20 bank_target=-11 bank_turn=0
elapsed=28321 actor=rear event=vertical-step path=8942 target_speed=60 acceleration=0 corridor=-56,-3033,-38 wave_mode=Combat wave_phase=20 bank_target=-11 bank_turn=0
elapsed=28324 actor=lead event=chase-angle path=886F target_speed=60 acceleration=0 corridor=-7,-689,-120 wave_mode=Combat wave_phase=20 bank_target=-11 bank_turn=1
elapsed=28324 actor=lead event=move path=886F target_speed=60 acceleration=0 corridor=-7,-689,-120 wave_mode=Combat wave_phase=20 bank_target=-11 bank_turn=1
elapsed=28324 actor=lead event=vertical-step path=8942 target_speed=60 acceleration=0 corridor=-7,-689,-120 wave_mode=Combat wave_phase=20 bank_target=-11 bank_turn=1
elapsed=28325 actor=flank event=move path=70F2 target_speed=60 acceleration=0 corridor=-30,2495,110 wave_mode=Combat wave_phase=24 bank_target=29 bank_turn=1
elapsed=28325 actor=flank event=vertical-step path=8942 target_speed=60 acceleration=0 corridor=-30,2495,110 wave_mode=Combat wave_phase=24 bank_target=29 bank_turn=1
elapsed=28325 actor=rear event=move path=70D3 target_speed=60 acceleration=0 corridor=-56,-3033,-38 wave_mode=Combat wave_phase=24 bank_target=-11 bank_turn=0
elapsed=28325 actor=rear event=vertical-step path=8942 target_speed=60 acceleration=0 corridor=-56,-3033,-38 wave_mode=Combat wave_phase=24 bank_target=-11 bank_turn=0
elapsed=28329 actor=lead event=chase-angle path=886F target_speed=60 acceleration=0 corridor=-7,-689,-120 wave_mode=Combat wave_phase=24 bank_target=-11 bank_turn=1
elapsed=28329 actor=lead event=move path=886F target_speed=60 acceleration=0 corridor=-7,-689,-120 wave_mode=Combat wave_phase=24 bank_target=-11 bank_turn=1
elapsed=28329 actor=lead event=vertical-step path=8942 target_speed=60 acceleration=0 corridor=-7,-689,-120 wave_mode=Combat wave_phase=24 bank_target=-11 bank_turn=1
elapsed=28329 actor=flank event=move path=70F2 target_speed=60 acceleration=0 corridor=-30,2495,110 wave_mode=Combat wave_phase=28 bank_target=30 bank_turn=1
elapsed=28330 actor=flank event=vertical-step path=8942 target_speed=60 acceleration=0 corridor=-30,2495,110 wave_mode=Combat wave_phase=28 bank_target=30 bank_turn=1
elapsed=28330 actor=rear event=move path=70D3 target_speed=60 acceleration=0 corridor=-56,-3033,-38 wave_mode=Combat wave_phase=28 bank_target=-11 bank_turn=0
elapsed=28330 actor=rear event=vertical-step path=8942 target_speed=60 acceleration=0 corridor=-56,-3033,-38 wave_mode=Combat wave_phase=28 bank_target=-11 bank_turn=0
elapsed=28333 actor=lead event=chase-angle path=886F target_speed=60 acceleration=0 corridor=-7,-689,-120 wave_mode=Combat wave_phase=28 bank_target=-11 bank_turn=1
elapsed=28333 actor=lead event=move path=886F target_speed=60 acceleration=0 corridor=-7,-689,-120 wave_mode=Combat wave_phase=28 bank_target=-11 bank_turn=1
elapsed=28334 actor=lead event=vertical-step path=8942 target_speed=60 acceleration=0 corridor=-7,-689,-120 wave_mode=Combat wave_phase=28 bank_target=-11 bank_turn=1
elapsed=28334 actor=flank event=move path=70F2 target_speed=60 acceleration=0 corridor=-30,2495,110 wave_mode=Combat wave_phase=32 bank_target=31 bank_turn=1
elapsed=28334 actor=flank event=vertical-step path=8942 target_speed=60 acceleration=0 corridor=-30,2495,110 wave_mode=Combat wave_phase=32 bank_target=31 bank_turn=1
elapsed=28334 actor=rear event=move path=70D3 target_speed=60 acceleration=0 corridor=-56,-3033,-38 wave_mode=Combat wave_phase=32 bank_target=-11 bank_turn=0
elapsed=28335 actor=rear event=vertical-step path=8942 target_speed=60 acceleration=0 corridor=-56,-3033,-38 wave_mode=Combat wave_phase=32 bank_target=-11 bank_turn=0
elapsed=28338 actor=lead event=chase-angle path=886F target_speed=60 acceleration=0 corridor=-7,-689,-120 wave_mode=Combat wave_phase=32 bank_target=-11 bank_turn=1
elapsed=28338 actor=lead event=move path=70F2 target_speed=60 acceleration=0 corridor=-7,-689,-120 wave_mode=Combat wave_phase=32 bank_target=1 bank_turn=1
elapsed=28338 actor=lead event=vertical-step path=8942 target_speed=60 acceleration=0 corridor=-7,-689,-120 wave_mode=Combat wave_phase=32 bank_target=1 bank_turn=1
elapsed=28338 actor=flank event=wait-for-angle path=7101 target_speed=60 acceleration=0 corridor=-30,2495,110 wave_mode=Combat wave_phase=36 bank_target=32 bank_turn=0
elapsed=28338 actor=flank event=move path=7101 target_speed=60 acceleration=0 corridor=-30,2495,110 wave_mode=Combat wave_phase=36 bank_target=32 bank_turn=0
elapsed=28339 actor=flank event=vertical-step path=8942 target_speed=60 acceleration=0 corridor=-30,2495,110 wave_mode=Combat wave_phase=36 bank_target=32 bank_turn=0
elapsed=28339 actor=rear event=move path=70D3 target_speed=60 acceleration=0 corridor=-56,-3033,-38 wave_mode=Combat wave_phase=36 bank_target=-11 bank_turn=0
elapsed=28339 actor=rear event=vertical-step path=8942 target_speed=60 acceleration=0 corridor=-56,-3033,-38 wave_mode=Combat wave_phase=36 bank_target=-11 bank_turn=0
elapsed=28342 actor=lead event=move path=70F2 target_speed=60 acceleration=0 corridor=-7,-689,-120 wave_mode=Combat wave_phase=36 bank_target=2 bank_turn=1
elapsed=28342 actor=lead event=vertical-step path=8942 target_speed=60 acceleration=0 corridor=-7,-689,-120 wave_mode=Combat wave_phase=36 bank_target=2 bank_turn=1
elapsed=28343 actor=flank event=wait-for-angle path=7101 target_speed=60 acceleration=0 corridor=-30,2495,110 wave_mode=Combat wave_phase=40 bank_target=32 bank_turn=0
elapsed=28343 actor=flank event=move path=7101 target_speed=60 acceleration=0 corridor=-30,2495,110 wave_mode=Combat wave_phase=40 bank_target=32 bank_turn=0
elapsed=28343 actor=flank event=vertical-step path=8942 target_speed=60 acceleration=0 corridor=-30,2495,110 wave_mode=Combat wave_phase=40 bank_target=32 bank_turn=0
elapsed=28343 actor=rear event=move path=70D3 target_speed=60 acceleration=0 corridor=-56,-3033,-38 wave_mode=Combat wave_phase=40 bank_target=-11 bank_turn=0
elapsed=28343 actor=rear event=vertical-step path=8942 target_speed=60 acceleration=0 corridor=-56,-3033,-38 wave_mode=Combat wave_phase=40 bank_target=-11 bank_turn=0
elapsed=28347 actor=lead event=move path=70F2 target_speed=60 acceleration=0 corridor=-7,-689,-120 wave_mode=Combat wave_phase=40 bank_target=3 bank_turn=1
elapsed=28347 actor=lead event=vertical-step path=8942 target_speed=60 acceleration=0 corridor=-7,-689,-120 wave_mode=Combat wave_phase=40 bank_target=3 bank_turn=1
elapsed=28347 actor=flank event=wait-for-angle path=7101 target_speed=60 acceleration=0 corridor=-30,2495,110 wave_mode=Combat wave_phase=44 bank_target=32 bank_turn=0
elapsed=28347 actor=flank event=move path=7101 target_speed=60 acceleration=0 corridor=-30,2495,110 wave_mode=Combat wave_phase=44 bank_target=32 bank_turn=0
elapsed=28347 actor=flank event=vertical-step path=8942 target_speed=60 acceleration=0 corridor=-30,2495,110 wave_mode=Combat wave_phase=44 bank_target=32 bank_turn=0
elapsed=28347 actor=rear event=move path=70D3 target_speed=60 acceleration=0 corridor=-56,-3033,-38 wave_mode=Combat wave_phase=44 bank_target=-11 bank_turn=0
elapsed=28348 actor=rear event=vertical-step path=8942 target_speed=60 acceleration=0 corridor=-56,-3033,-38 wave_mode=Combat wave_phase=44 bank_target=-11 bank_turn=0
elapsed=28351 actor=lead event=move path=70F2 target_speed=60 acceleration=0 corridor=-7,-689,-120 wave_mode=Combat wave_phase=44 bank_target=4 bank_turn=1
elapsed=28351 actor=lead event=vertical-step path=8942 target_speed=60 acceleration=0 corridor=-7,-689,-120 wave_mode=Combat wave_phase=44 bank_target=4 bank_turn=1
elapsed=28351 actor=flank event=wait-for-angle path=7101 target_speed=60 acceleration=0 corridor=-30,2495,110 wave_mode=Combat wave_phase=48 bank_target=32 bank_turn=0
elapsed=28351 actor=flank event=move path=7101 target_speed=60 acceleration=0 corridor=-30,2495,110 wave_mode=Combat wave_phase=48 bank_target=32 bank_turn=0
elapsed=28352 actor=flank event=vertical-step path=8942 target_speed=60 acceleration=0 corridor=-30,2495,110 wave_mode=Combat wave_phase=48 bank_target=32 bank_turn=0
elapsed=28352 actor=rear event=move path=70D3 target_speed=60 acceleration=0 corridor=-56,-3033,-38 wave_mode=Combat wave_phase=48 bank_target=-11 bank_turn=0
elapsed=28352 actor=rear event=vertical-step path=8942 target_speed=60 acceleration=0 corridor=-56,-3033,-38 wave_mode=Combat wave_phase=48 bank_target=-11 bank_turn=0
elapsed=28355 actor=lead event=move path=70F2 target_speed=60 acceleration=0 corridor=-7,-689,-120 wave_mode=Combat wave_phase=48 bank_target=5 bank_turn=1
elapsed=28355 actor=lead event=vertical-step path=8942 target_speed=60 acceleration=0 corridor=-7,-689,-120 wave_mode=Combat wave_phase=48 bank_target=5 bank_turn=1
elapsed=28355 actor=flank event=wait-for-angle path=7101 target_speed=60 acceleration=0 corridor=-30,2495,110 wave_mode=Combat wave_phase=52 bank_target=32 bank_turn=0
elapsed=28355 actor=flank event=move path=7101 target_speed=60 acceleration=0 corridor=-30,2495,110 wave_mode=Combat wave_phase=52 bank_target=32 bank_turn=0
elapsed=28356 actor=flank event=vertical-step path=8942 target_speed=60 acceleration=0 corridor=-30,2495,110 wave_mode=Combat wave_phase=52 bank_target=32 bank_turn=0
elapsed=28356 actor=rear event=move path=70D3 target_speed=60 acceleration=0 corridor=-56,-3033,-38 wave_mode=Combat wave_phase=52 bank_target=-11 bank_turn=0
elapsed=28356 actor=rear event=vertical-step path=8942 target_speed=60 acceleration=0 corridor=-56,-3033,-38 wave_mode=Combat wave_phase=52 bank_target=-11 bank_turn=0
elapsed=28359 actor=lead event=move path=70F2 target_speed=60 acceleration=0 corridor=-7,-689,-120 wave_mode=Combat wave_phase=52 bank_target=6 bank_turn=1
elapsed=28360 actor=lead event=vertical-step path=8942 target_speed=60 acceleration=0 corridor=-7,-689,-120 wave_mode=Combat wave_phase=52 bank_target=6 bank_turn=1
elapsed=28360 actor=flank event=wait-for-angle path=7101 target_speed=60 acceleration=0 corridor=-30,2495,110 wave_mode=Combat wave_phase=56 bank_target=32 bank_turn=0
elapsed=28360 actor=flank event=move path=7101 target_speed=60 acceleration=0 corridor=-30,2495,110 wave_mode=Combat wave_phase=56 bank_target=32 bank_turn=0
elapsed=28360 actor=flank event=vertical-step path=8942 target_speed=60 acceleration=0 corridor=-30,2495,110 wave_mode=Combat wave_phase=56 bank_target=32 bank_turn=0
elapsed=28360 actor=rear event=move path=70D3 target_speed=60 acceleration=0 corridor=-56,-3033,-38 wave_mode=Combat wave_phase=56 bank_target=-11 bank_turn=0
elapsed=28361 actor=rear event=vertical-step path=8942 target_speed=60 acceleration=0 corridor=-56,-3033,-38 wave_mode=Combat wave_phase=56 bank_target=-11 bank_turn=0
elapsed=28364 actor=lead event=move path=70F2 target_speed=60 acceleration=0 corridor=-7,-689,-120 wave_mode=Combat wave_phase=56 bank_target=7 bank_turn=1
elapsed=28364 actor=lead event=vertical-step path=8942 target_speed=60 acceleration=0 corridor=-7,-689,-120 wave_mode=Combat wave_phase=56 bank_target=7 bank_turn=1
elapsed=28365 actor=flank event=wait-for-angle path=7101 target_speed=60 acceleration=0 corridor=-30,2495,110 wave_mode=Combat wave_phase=60 bank_target=32 bank_turn=0
elapsed=28365 actor=flank event=move path=7101 target_speed=60 acceleration=0 corridor=-30,2495,110 wave_mode=Combat wave_phase=60 bank_target=32 bank_turn=0
elapsed=28365 actor=flank event=vertical-step path=8942 target_speed=60 acceleration=0 corridor=-30,2495,110 wave_mode=Combat wave_phase=60 bank_target=32 bank_turn=0
elapsed=28365 actor=rear event=move path=70D3 target_speed=60 acceleration=0 corridor=-56,-3033,-38 wave_mode=Combat wave_phase=60 bank_target=-11 bank_turn=0
elapsed=28365 actor=rear event=vertical-step path=8942 target_speed=60 acceleration=0 corridor=-56,-3033,-38 wave_mode=Combat wave_phase=60 bank_target=-11 bank_turn=0
elapsed=28369 actor=lead event=move path=70F2 target_speed=60 acceleration=0 corridor=-7,-689,-120 wave_mode=Combat wave_phase=60 bank_target=8 bank_turn=1
elapsed=28369 actor=lead event=vertical-step path=8942 target_speed=60 acceleration=0 corridor=-7,-689,-120 wave_mode=Combat wave_phase=60 bank_target=8 bank_turn=1
elapsed=28369 actor=flank event=wait-for-angle path=7101 target_speed=60 acceleration=0 corridor=-30,2495,110 wave_mode=Combat wave_phase=64 bank_target=32 bank_turn=0
elapsed=28369 actor=flank event=move path=7101 target_speed=60 acceleration=0 corridor=-30,2495,110 wave_mode=Combat wave_phase=64 bank_target=32 bank_turn=0
elapsed=28369 actor=flank event=vertical-step path=8942 target_speed=60 acceleration=0 corridor=-30,2495,110 wave_mode=Combat wave_phase=64 bank_target=32 bank_turn=0
elapsed=28370 actor=rear event=move path=70D3 target_speed=60 acceleration=0 corridor=-56,-3033,-38 wave_mode=Combat wave_phase=64 bank_target=-11 bank_turn=0
elapsed=28370 actor=rear event=vertical-step path=8942 target_speed=60 acceleration=0 corridor=-56,-3033,-38 wave_mode=Combat wave_phase=64 bank_target=-11 bank_turn=0
elapsed=28374 actor=lead event=move path=70F2 target_speed=60 acceleration=0 corridor=-7,-689,-120 wave_mode=Combat wave_phase=64 bank_target=9 bank_turn=1
elapsed=28374 actor=lead event=vertical-step path=8942 target_speed=60 acceleration=0 corridor=-7,-689,-120 wave_mode=Combat wave_phase=64 bank_target=9 bank_turn=1
elapsed=28374 actor=flank event=wait-for-angle path=7101 target_speed=60 acceleration=0 corridor=-30,2495,110 wave_mode=Combat wave_phase=68 bank_target=32 bank_turn=0
elapsed=28374 actor=flank event=move path=7101 target_speed=60 acceleration=0 corridor=-30,2495,110 wave_mode=Combat wave_phase=68 bank_target=32 bank_turn=0
elapsed=28374 actor=flank event=vertical-step path=8942 target_speed=60 acceleration=0 corridor=-30,2495,110 wave_mode=Combat wave_phase=68 bank_target=32 bank_turn=0
elapsed=28374 actor=rear event=move path=70D3 target_speed=60 acceleration=0 corridor=-56,-3033,-38 wave_mode=Combat wave_phase=68 bank_target=-11 bank_turn=0
elapsed=28375 actor=rear event=vertical-step path=8942 target_speed=60 acceleration=0 corridor=-56,-3033,-38 wave_mode=Combat wave_phase=68 bank_target=-11 bank_turn=0
elapsed=28379 actor=lead event=move path=70F2 target_speed=60 acceleration=0 corridor=-7,-689,-120 wave_mode=Combat wave_phase=68 bank_target=10 bank_turn=1
elapsed=28379 actor=lead event=vertical-step path=8942 target_speed=60 acceleration=0 corridor=-7,-689,-120 wave_mode=Combat wave_phase=68 bank_target=10 bank_turn=1
elapsed=28379 actor=flank event=wait-for-angle path=7101 target_speed=60 acceleration=0 corridor=-30,2495,110 wave_mode=Combat wave_phase=72 bank_target=32 bank_turn=0
elapsed=28379 actor=flank event=move path=7101 target_speed=60 acceleration=0 corridor=-30,2495,110 wave_mode=Combat wave_phase=72 bank_target=32 bank_turn=0
elapsed=28379 actor=flank event=vertical-step path=8942 target_speed=60 acceleration=0 corridor=-30,2495,110 wave_mode=Combat wave_phase=72 bank_target=32 bank_turn=0
elapsed=28379 actor=rear event=move path=70D3 target_speed=60 acceleration=0 corridor=-56,-3033,-38 wave_mode=Combat wave_phase=72 bank_target=-11 bank_turn=0
elapsed=28380 actor=rear event=vertical-step path=8942 target_speed=60 acceleration=0 corridor=-56,-3033,-38 wave_mode=Combat wave_phase=72 bank_target=-11 bank_turn=0
elapsed=28384 actor=lead event=move path=70F2 target_speed=60 acceleration=0 corridor=-7,-689,-120 wave_mode=Combat wave_phase=72 bank_target=11 bank_turn=1
elapsed=28384 actor=lead event=vertical-step path=8942 target_speed=60 acceleration=0 corridor=-7,-689,-120 wave_mode=Combat wave_phase=72 bank_target=11 bank_turn=1
elapsed=28384 actor=flank event=wait-for-angle path=7101 target_speed=60 acceleration=0 corridor=-30,2495,110 wave_mode=Combat wave_phase=76 bank_target=32 bank_turn=0
elapsed=28384 actor=flank event=move path=7101 target_speed=60 acceleration=0 corridor=-30,2495,110 wave_mode=Combat wave_phase=76 bank_target=32 bank_turn=0
elapsed=28384 actor=flank event=vertical-step path=8942 target_speed=60 acceleration=0 corridor=-30,2495,110 wave_mode=Combat wave_phase=76 bank_target=32 bank_turn=0
elapsed=28384 actor=rear event=move path=70D3 target_speed=60 acceleration=0 corridor=-56,-3033,-38 wave_mode=Combat wave_phase=76 bank_target=-11 bank_turn=0
elapsed=28385 actor=rear event=vertical-step path=8942 target_speed=60 acceleration=0 corridor=-56,-3033,-38 wave_mode=Combat wave_phase=76 bank_target=-11 bank_turn=0
elapsed=28388 actor=lead event=move path=70F2 target_speed=60 acceleration=0 corridor=-7,-689,-120 wave_mode=Combat wave_phase=76 bank_target=12 bank_turn=1
elapsed=28388 actor=lead event=vertical-step path=8942 target_speed=60 acceleration=0 corridor=-7,-689,-120 wave_mode=Combat wave_phase=76 bank_target=12 bank_turn=1
elapsed=28389 actor=flank event=wait-for-angle path=7101 target_speed=60 acceleration=0 corridor=-30,2495,110 wave_mode=Combat wave_phase=80 bank_target=32 bank_turn=0
elapsed=28389 actor=flank event=move path=7101 target_speed=60 acceleration=0 corridor=-30,2495,110 wave_mode=Combat wave_phase=80 bank_target=32 bank_turn=0
elapsed=28389 actor=flank event=vertical-step path=8942 target_speed=60 acceleration=0 corridor=-30,2495,110 wave_mode=Combat wave_phase=80 bank_target=32 bank_turn=0
elapsed=28389 actor=rear event=move path=70D3 target_speed=60 acceleration=0 corridor=-56,-3033,-38 wave_mode=Combat wave_phase=80 bank_target=-11 bank_turn=0
elapsed=28389 actor=rear event=vertical-step path=8942 target_speed=60 acceleration=0 corridor=-56,-3033,-38 wave_mode=Combat wave_phase=80 bank_target=-11 bank_turn=0
elapsed=28392 actor=lead event=move path=70F2 target_speed=60 acceleration=0 corridor=-7,-689,-120 wave_mode=Combat wave_phase=80 bank_target=13 bank_turn=1
elapsed=28393 actor=lead event=vertical-step path=8942 target_speed=60 acceleration=0 corridor=-7,-689,-120 wave_mode=Combat wave_phase=80 bank_target=13 bank_turn=1
elapsed=28393 actor=flank event=wait-for-angle path=7101 target_speed=60 acceleration=0 corridor=-30,2495,110 wave_mode=Combat wave_phase=84 bank_target=32 bank_turn=0
elapsed=28393 actor=flank event=face-player path=7125 target_speed=60 acceleration=0 corridor=-30,2495,110 wave_mode=Combat wave_phase=84 bank_target=10 bank_turn=0
elapsed=28393 actor=flank event=move path=7125 target_speed=60 acceleration=0 corridor=-30,2495,110 wave_mode=Combat wave_phase=84 bank_target=11 bank_turn=0
elapsed=28393 actor=flank event=vertical-step path=8942 target_speed=60 acceleration=0 corridor=-30,2495,110 wave_mode=Combat wave_phase=84 bank_target=11 bank_turn=0
elapsed=28394 actor=rear event=move path=70D3 target_speed=60 acceleration=0 corridor=-56,-3033,-38 wave_mode=Combat wave_phase=84 bank_target=-11 bank_turn=0
elapsed=28394 actor=rear event=vertical-step path=8942 target_speed=60 acceleration=0 corridor=-56,-3033,-38 wave_mode=Combat wave_phase=84 bank_target=-11 bank_turn=0
elapsed=28397 actor=lead event=move path=70F2 target_speed=60 acceleration=0 corridor=-7,-689,-120 wave_mode=Combat wave_phase=84 bank_target=14 bank_turn=1
elapsed=28398 actor=lead event=vertical-step path=8942 target_speed=60 acceleration=0 corridor=-7,-689,-120 wave_mode=Combat wave_phase=84 bank_target=14 bank_turn=1
elapsed=28398 actor=flank event=face-player path=7125 target_speed=60 acceleration=0 corridor=124,-3571,-125 wave_mode=Combat wave_phase=88 bank_target=11 bank_turn=0
elapsed=28398 actor=flank event=move path=7125 target_speed=60 acceleration=0 corridor=124,-3571,-125 wave_mode=Combat wave_phase=88 bank_target=12 bank_turn=0
elapsed=28398 actor=flank event=vertical-step path=8942 target_speed=60 acceleration=0 corridor=124,-3571,-125 wave_mode=Combat wave_phase=88 bank_target=12 bank_turn=0
elapsed=28398 actor=rear event=move path=70D3 target_speed=60 acceleration=0 corridor=-56,-3033,-38 wave_mode=Combat wave_phase=88 bank_target=-11 bank_turn=0
elapsed=28399 actor=rear event=vertical-step path=8942 target_speed=60 acceleration=0 corridor=-56,-3033,-38 wave_mode=Combat wave_phase=88 bank_target=-11 bank_turn=0
elapsed=28402 actor=lead event=move path=70F2 target_speed=60 acceleration=0 corridor=-7,-689,-120 wave_mode=Combat wave_phase=88 bank_target=15 bank_turn=1
elapsed=28403 actor=lead event=vertical-step path=8942 target_speed=60 acceleration=0 corridor=-7,-689,-120 wave_mode=Combat wave_phase=88 bank_target=15 bank_turn=1
elapsed=28403 actor=flank event=face-player path=7125 target_speed=60 acceleration=0 corridor=124,-3571,-125 wave_mode=Combat wave_phase=92 bank_target=12 bank_turn=0
elapsed=28403 actor=flank event=move path=7125 target_speed=60 acceleration=0 corridor=124,-3571,-125 wave_mode=Combat wave_phase=92 bank_target=13 bank_turn=0
elapsed=28403 actor=flank event=vertical-step path=8942 target_speed=60 acceleration=0 corridor=124,-3571,-125 wave_mode=Combat wave_phase=92 bank_target=13 bank_turn=0
elapsed=28403 actor=rear event=move path=70D3 target_speed=60 acceleration=0 corridor=-56,-3033,-38 wave_mode=Combat wave_phase=92 bank_target=-11 bank_turn=0
elapsed=28404 actor=rear event=vertical-step path=8942 target_speed=60 acceleration=0 corridor=-56,-3033,-38 wave_mode=Combat wave_phase=92 bank_target=-11 bank_turn=0
elapsed=28407 actor=lead event=move path=70F2 target_speed=60 acceleration=0 corridor=-7,-689,-120 wave_mode=Combat wave_phase=92 bank_target=16 bank_turn=1
elapsed=28408 actor=lead event=vertical-step path=8942 target_speed=60 acceleration=0 corridor=-7,-689,-120 wave_mode=Combat wave_phase=92 bank_target=16 bank_turn=1
elapsed=28408 actor=flank event=face-player path=7125 target_speed=60 acceleration=0 corridor=124,-3571,-125 wave_mode=Combat wave_phase=96 bank_target=13 bank_turn=0
elapsed=28408 actor=flank event=move path=7125 target_speed=60 acceleration=0 corridor=124,-3571,-125 wave_mode=Combat wave_phase=96 bank_target=14 bank_turn=0
elapsed=28408 actor=flank event=vertical-step path=8942 target_speed=60 acceleration=0 corridor=124,-3571,-125 wave_mode=Combat wave_phase=96 bank_target=14 bank_turn=0
elapsed=28408 actor=rear event=move path=70D3 target_speed=60 acceleration=0 corridor=-56,-3033,-38 wave_mode=Combat wave_phase=96 bank_target=-11 bank_turn=0
elapsed=28409 actor=rear event=vertical-step path=8942 target_speed=60 acceleration=0 corridor=-56,-3033,-38 wave_mode=Combat wave_phase=96 bank_target=-11 bank_turn=0
elapsed=28412 actor=lead event=move path=70F2 target_speed=60 acceleration=0 corridor=-98,1906,-12 wave_mode=Combat wave_phase=96 bank_target=17 bank_turn=1
elapsed=28412 actor=lead event=vertical-step path=8942 target_speed=60 acceleration=0 corridor=-98,1906,-12 wave_mode=Combat wave_phase=96 bank_target=17 bank_turn=1
elapsed=28413 actor=flank event=face-player path=7125 target_speed=60 acceleration=0 corridor=124,-3571,-125 wave_mode=Combat wave_phase=100 bank_target=14 bank_turn=0
elapsed=28413 actor=flank event=move path=7125 target_speed=60 acceleration=0 corridor=124,-3571,-125 wave_mode=Combat wave_phase=100 bank_target=15 bank_turn=0
elapsed=28413 actor=flank event=vertical-step path=8942 target_speed=60 acceleration=0 corridor=124,-3571,-125 wave_mode=Combat wave_phase=100 bank_target=15 bank_turn=0
elapsed=28413 actor=rear event=move path=70D3 target_speed=60 acceleration=0 corridor=-114,2952,-118 wave_mode=Combat wave_phase=100 bank_target=-11 bank_turn=0
elapsed=28413 actor=rear event=vertical-step path=8942 target_speed=60 acceleration=0 corridor=-114,2952,-118 wave_mode=Combat wave_phase=100 bank_target=-11 bank_turn=0
elapsed=28417 actor=lead event=move path=70F2 target_speed=60 acceleration=0 corridor=-98,1906,-12 wave_mode=Combat wave_phase=100 bank_target=18 bank_turn=1
elapsed=28417 actor=lead event=vertical-step path=8942 target_speed=60 acceleration=0 corridor=-98,1906,-12 wave_mode=Combat wave_phase=100 bank_target=18 bank_turn=1
elapsed=28417 actor=flank event=face-player path=7125 target_speed=60 acceleration=0 corridor=124,-3571,-125 wave_mode=Combat wave_phase=104 bank_target=15 bank_turn=0
elapsed=28417 actor=flank event=projectile-face-immediate path=8C2D target_speed=60 acceleration=0 corridor=124,-3571,-125 wave_mode=Combat wave_phase=104 bank_target=0 bank_turn=0
elapsed=28417 actor=flank event=move path=7125 target_speed=60 acceleration=0 corridor=124,-3571,-125 wave_mode=Combat wave_phase=104 bank_target=0 bank_turn=0
elapsed=28418 actor=flank event=vertical-step path=8942 target_speed=60 acceleration=0 corridor=124,-3571,-125 wave_mode=Combat wave_phase=104 bank_target=0 bank_turn=0
elapsed=28418 actor=rear event=move path=70D3 target_speed=60 acceleration=0 corridor=-114,2952,-118 wave_mode=Combat wave_phase=104 bank_target=-11 bank_turn=0
elapsed=28418 actor=rear event=vertical-step path=8942 target_speed=60 acceleration=0 corridor=-114,2952,-118 wave_mode=Combat wave_phase=104 bank_target=-11 bank_turn=0
elapsed=28422 actor=lead event=move path=70F2 target_speed=60 acceleration=0 corridor=-98,1906,-12 wave_mode=Combat wave_phase=104 bank_target=19 bank_turn=1
elapsed=28422 actor=lead event=vertical-step path=8942 target_speed=60 acceleration=0 corridor=-98,1906,-12 wave_mode=Combat wave_phase=104 bank_target=19 bank_turn=1
elapsed=28422 actor=flank event=face-player path=7125 target_speed=60 acceleration=0 corridor=124,-3571,-125 wave_mode=Combat wave_phase=108 bank_target=0 bank_turn=0
elapsed=28422 actor=flank event=move path=7125 target_speed=60 acceleration=0 corridor=124,-3571,-125 wave_mode=Combat wave_phase=108 bank_target=1 bank_turn=0
elapsed=28422 actor=flank event=vertical-step path=8942 target_speed=60 acceleration=0 corridor=124,-3571,-125 wave_mode=Combat wave_phase=108 bank_target=1 bank_turn=0
elapsed=28423 actor=rear event=move path=70D3 target_speed=60 acceleration=0 corridor=-114,2952,-118 wave_mode=Combat wave_phase=108 bank_target=-11 bank_turn=0
elapsed=28423 actor=rear event=vertical-step path=8942 target_speed=60 acceleration=0 corridor=-114,2952,-118 wave_mode=Combat wave_phase=108 bank_target=-11 bank_turn=0
elapsed=28427 actor=lead event=move path=70F2 target_speed=60 acceleration=0 corridor=-98,1906,-12 wave_mode=Combat wave_phase=108 bank_target=20 bank_turn=1
elapsed=28427 actor=lead event=vertical-step path=8942 target_speed=60 acceleration=0 corridor=-98,1906,-12 wave_mode=Combat wave_phase=108 bank_target=20 bank_turn=1
elapsed=28427 actor=flank event=face-player path=7125 target_speed=60 acceleration=0 corridor=124,-3571,-125 wave_mode=Combat wave_phase=112 bank_target=1 bank_turn=0
elapsed=28427 actor=flank event=move path=7125 target_speed=60 acceleration=0 corridor=124,-3571,-125 wave_mode=Combat wave_phase=112 bank_target=2 bank_turn=0
elapsed=28427 actor=flank event=vertical-step path=8942 target_speed=60 acceleration=0 corridor=124,-3571,-125 wave_mode=Combat wave_phase=112 bank_target=2 bank_turn=0
elapsed=28428 actor=rear event=move path=70D3 target_speed=60 acceleration=0 corridor=-114,2952,-118 wave_mode=Combat wave_phase=112 bank_target=-11 bank_turn=0
elapsed=28428 actor=rear event=vertical-step path=8942 target_speed=60 acceleration=0 corridor=-114,2952,-118 wave_mode=Combat wave_phase=112 bank_target=-11 bank_turn=0
elapsed=28432 actor=lead event=move path=70F2 target_speed=60 acceleration=0 corridor=-98,1906,-12 wave_mode=Combat wave_phase=112 bank_target=21 bank_turn=1
elapsed=28432 actor=lead event=vertical-step path=8942 target_speed=60 acceleration=0 corridor=-98,1906,-12 wave_mode=Combat wave_phase=112 bank_target=21 bank_turn=1
elapsed=28432 actor=flank event=face-player path=7125 target_speed=60 acceleration=0 corridor=124,-3571,-125 wave_mode=Combat wave_phase=116 bank_target=2 bank_turn=0
elapsed=28432 actor=flank event=move path=7125 target_speed=60 acceleration=0 corridor=124,-3571,-125 wave_mode=Combat wave_phase=116 bank_target=3 bank_turn=0
elapsed=28432 actor=flank event=vertical-step path=8942 target_speed=60 acceleration=0 corridor=124,-3571,-125 wave_mode=Combat wave_phase=116 bank_target=3 bank_turn=0
elapsed=28433 actor=rear event=chase-angle path=886F target_speed=60 acceleration=0 corridor=-114,2952,-118 wave_mode=Combat wave_phase=116 bank_target=10 bank_turn=1
elapsed=28433 actor=rear event=move path=886F target_speed=60 acceleration=0 corridor=-114,2952,-118 wave_mode=Combat wave_phase=116 bank_target=10 bank_turn=1
elapsed=28433 actor=rear event=vertical-step path=8942 target_speed=60 acceleration=0 corridor=-114,2952,-118 wave_mode=Combat wave_phase=116 bank_target=10 bank_turn=1
elapsed=28436 actor=lead event=move path=70F2 target_speed=60 acceleration=0 corridor=-98,1906,-12 wave_mode=Combat wave_phase=116 bank_target=22 bank_turn=1
elapsed=28436 actor=lead event=vertical-step path=8942 target_speed=60 acceleration=0 corridor=-98,1906,-12 wave_mode=Combat wave_phase=116 bank_target=22 bank_turn=1
elapsed=28437 actor=flank event=face-player path=7125 target_speed=60 acceleration=0 corridor=124,-3571,-125 wave_mode=Combat wave_phase=120 bank_target=3 bank_turn=0
elapsed=28437 actor=flank event=move path=7125 target_speed=60 acceleration=0 corridor=124,-3571,-125 wave_mode=Combat wave_phase=120 bank_target=4 bank_turn=0
elapsed=28437 actor=flank event=vertical-step path=8942 target_speed=60 acceleration=0 corridor=124,-3571,-125 wave_mode=Combat wave_phase=120 bank_target=4 bank_turn=0
elapsed=28437 actor=rear event=chase-angle path=886F target_speed=60 acceleration=0 corridor=-114,2952,-118 wave_mode=Combat wave_phase=120 bank_target=10 bank_turn=1
elapsed=28437 actor=rear event=move path=886F target_speed=60 acceleration=0 corridor=-114,2952,-118 wave_mode=Combat wave_phase=120 bank_target=10 bank_turn=1
elapsed=28438 actor=rear event=vertical-step path=8942 target_speed=60 acceleration=0 corridor=-114,2952,-118 wave_mode=Combat wave_phase=120 bank_target=10 bank_turn=1
elapsed=28441 actor=lead event=move path=70F2 target_speed=60 acceleration=0 corridor=-98,1906,-12 wave_mode=Combat wave_phase=120 bank_target=23 bank_turn=1
elapsed=28441 actor=lead event=vertical-step path=8942 target_speed=60 acceleration=0 corridor=-98,1906,-12 wave_mode=Combat wave_phase=120 bank_target=23 bank_turn=1
elapsed=28442 actor=flank event=face-player path=7125 target_speed=60 acceleration=0 corridor=124,-3571,-125 wave_mode=Combat wave_phase=124 bank_target=4 bank_turn=0
elapsed=28442 actor=flank event=move path=7125 target_speed=60 acceleration=0 corridor=124,-3571,-125 wave_mode=Combat wave_phase=124 bank_target=5 bank_turn=0
elapsed=28442 actor=flank event=vertical-step path=8942 target_speed=60 acceleration=0 corridor=124,-3571,-125 wave_mode=Combat wave_phase=124 bank_target=5 bank_turn=0
elapsed=28442 actor=rear event=chase-angle path=886F target_speed=60 acceleration=0 corridor=-114,2952,-118 wave_mode=Combat wave_phase=124 bank_target=10 bank_turn=1
elapsed=28442 actor=rear event=move path=886F target_speed=60 acceleration=0 corridor=-114,2952,-118 wave_mode=Combat wave_phase=124 bank_target=10 bank_turn=1
elapsed=28442 actor=rear event=vertical-step path=8942 target_speed=60 acceleration=0 corridor=-114,2952,-118 wave_mode=Combat wave_phase=124 bank_target=10 bank_turn=1
elapsed=28446 actor=lead event=move path=70F2 target_speed=60 acceleration=0 corridor=-98,1906,-12 wave_mode=Combat wave_phase=124 bank_target=24 bank_turn=1
elapsed=28446 actor=lead event=vertical-step path=8942 target_speed=60 acceleration=0 corridor=-98,1906,-12 wave_mode=Combat wave_phase=124 bank_target=24 bank_turn=1
elapsed=28446 actor=flank event=face-player path=7125 target_speed=60 acceleration=0 corridor=124,-3571,-125 wave_mode=Combat wave_phase=128 bank_target=5 bank_turn=0
elapsed=28446 actor=flank event=move path=7125 target_speed=60 acceleration=0 corridor=124,-3571,-125 wave_mode=Combat wave_phase=128 bank_target=6 bank_turn=0
elapsed=28447 actor=flank event=vertical-step path=8942 target_speed=60 acceleration=0 corridor=124,-3571,-125 wave_mode=Combat wave_phase=128 bank_target=6 bank_turn=0
elapsed=28447 actor=rear event=chase-angle path=886F target_speed=60 acceleration=0 corridor=-114,2952,-118 wave_mode=Combat wave_phase=128 bank_target=10 bank_turn=1
elapsed=28447 actor=rear event=move path=886F target_speed=60 acceleration=0 corridor=-114,2952,-118 wave_mode=Combat wave_phase=128 bank_target=10 bank_turn=1
elapsed=28447 actor=rear event=vertical-step path=8942 target_speed=60 acceleration=0 corridor=-114,2952,-118 wave_mode=Combat wave_phase=128 bank_target=10 bank_turn=1
elapsed=28451 actor=lead event=move path=70F2 target_speed=60 acceleration=0 corridor=-98,1906,-12 wave_mode=Combat wave_phase=128 bank_target=25 bank_turn=1
elapsed=28451 actor=lead event=vertical-step path=8942 target_speed=60 acceleration=0 corridor=-98,1906,-12 wave_mode=Combat wave_phase=128 bank_target=25 bank_turn=1
elapsed=28451 actor=flank event=face-player path=7125 target_speed=60 acceleration=0 corridor=124,-3571,-125 wave_mode=Combat wave_phase=132 bank_target=6 bank_turn=0
elapsed=28451 actor=flank event=move path=7125 target_speed=60 acceleration=0 corridor=124,-3571,-125 wave_mode=Combat wave_phase=132 bank_target=7 bank_turn=0
elapsed=28452 actor=flank event=vertical-step path=8942 target_speed=60 acceleration=0 corridor=124,-3571,-125 wave_mode=Combat wave_phase=132 bank_target=7 bank_turn=0
elapsed=28452 actor=rear event=chase-angle path=886F target_speed=60 acceleration=0 corridor=-114,2952,-118 wave_mode=Combat wave_phase=132 bank_target=10 bank_turn=1
elapsed=28452 actor=rear event=move path=886F target_speed=60 acceleration=0 corridor=-114,2952,-118 wave_mode=Combat wave_phase=132 bank_target=10 bank_turn=1
elapsed=28452 actor=rear event=vertical-step path=8942 target_speed=60 acceleration=0 corridor=-114,2952,-118 wave_mode=Combat wave_phase=132 bank_target=10 bank_turn=1
elapsed=28456 actor=lead event=move path=70F2 target_speed=60 acceleration=0 corridor=-98,1906,-12 wave_mode=Combat wave_phase=132 bank_target=26 bank_turn=1
elapsed=28456 actor=lead event=vertical-step path=8942 target_speed=60 acceleration=0 corridor=-98,1906,-12 wave_mode=Combat wave_phase=132 bank_target=26 bank_turn=1
elapsed=28456 actor=flank event=face-player path=7125 target_speed=60 acceleration=0 corridor=124,-3571,-125 wave_mode=Combat wave_phase=136 bank_target=7 bank_turn=0
elapsed=28456 actor=flank event=move path=7125 target_speed=60 acceleration=0 corridor=124,-3571,-125 wave_mode=Combat wave_phase=136 bank_target=8 bank_turn=0
elapsed=28457 actor=flank event=vertical-step path=8942 target_speed=60 acceleration=0 corridor=124,-3571,-125 wave_mode=Combat wave_phase=136 bank_target=8 bank_turn=0
elapsed=28457 actor=rear event=chase-angle path=886F target_speed=60 acceleration=0 corridor=-114,2952,-118 wave_mode=Combat wave_phase=136 bank_target=10 bank_turn=1
elapsed=28457 actor=rear event=move path=886F target_speed=60 acceleration=0 corridor=-114,2952,-118 wave_mode=Combat wave_phase=136 bank_target=10 bank_turn=1
elapsed=28457 actor=rear event=vertical-step path=8942 target_speed=60 acceleration=0 corridor=-114,2952,-118 wave_mode=Combat wave_phase=136 bank_target=10 bank_turn=1
elapsed=28461 actor=lead event=move path=70F2 target_speed=60 acceleration=0 corridor=-98,1906,-12 wave_mode=Combat wave_phase=136 bank_target=27 bank_turn=1
elapsed=28461 actor=lead event=vertical-step path=8942 target_speed=60 acceleration=0 corridor=-98,1906,-12 wave_mode=Combat wave_phase=136 bank_target=27 bank_turn=1
elapsed=28461 actor=flank event=face-player path=7125 target_speed=60 acceleration=0 corridor=124,-3571,-125 wave_mode=Combat wave_phase=140 bank_target=8 bank_turn=0
elapsed=28461 actor=flank event=move path=7125 target_speed=60 acceleration=0 corridor=124,-3571,-125 wave_mode=Combat wave_phase=140 bank_target=9 bank_turn=0
elapsed=28461 actor=flank event=vertical-step path=8942 target_speed=60 acceleration=0 corridor=124,-3571,-125 wave_mode=Combat wave_phase=140 bank_target=9 bank_turn=0
elapsed=28462 actor=rear event=chase-angle path=886F target_speed=60 acceleration=0 corridor=-114,2952,-118 wave_mode=Combat wave_phase=140 bank_target=10 bank_turn=1
elapsed=28462 actor=rear event=move path=886F target_speed=60 acceleration=0 corridor=-114,2952,-118 wave_mode=Combat wave_phase=140 bank_target=10 bank_turn=1
elapsed=28462 actor=rear event=vertical-step path=8942 target_speed=60 acceleration=0 corridor=-114,2952,-118 wave_mode=Combat wave_phase=140 bank_target=10 bank_turn=1
elapsed=28466 actor=lead event=move path=70F2 target_speed=60 acceleration=0 corridor=-98,1906,-12 wave_mode=Combat wave_phase=140 bank_target=28 bank_turn=1
elapsed=28466 actor=lead event=vertical-step path=8942 target_speed=60 acceleration=0 corridor=-98,1906,-12 wave_mode=Combat wave_phase=140 bank_target=28 bank_turn=1
elapsed=28466 actor=flank event=face-player path=7125 target_speed=60 acceleration=0 corridor=124,-3571,-125 wave_mode=Combat wave_phase=144 bank_target=9 bank_turn=0
elapsed=28466 actor=flank event=move path=7125 target_speed=60 acceleration=0 corridor=124,-3571,-125 wave_mode=Combat wave_phase=144 bank_target=10 bank_turn=0
elapsed=28466 actor=flank event=vertical-step path=8942 target_speed=60 acceleration=0 corridor=124,-3571,-125 wave_mode=Combat wave_phase=144 bank_target=10 bank_turn=0
elapsed=28467 actor=rear event=chase-angle path=886F target_speed=60 acceleration=0 corridor=-114,2952,-118 wave_mode=Combat wave_phase=144 bank_target=10 bank_turn=1
elapsed=28467 actor=rear event=move path=886F target_speed=60 acceleration=0 corridor=-114,2952,-118 wave_mode=Combat wave_phase=144 bank_target=10 bank_turn=1
elapsed=28467 actor=rear event=vertical-step path=8942 target_speed=60 acceleration=0 corridor=-114,2952,-118 wave_mode=Combat wave_phase=144 bank_target=10 bank_turn=1
elapsed=28471 actor=lead event=move path=70F2 target_speed=60 acceleration=0 corridor=-98,1906,-12 wave_mode=Combat wave_phase=144 bank_target=29 bank_turn=1
elapsed=28471 actor=lead event=vertical-step path=8942 target_speed=60 acceleration=0 corridor=-98,1906,-12 wave_mode=Combat wave_phase=144 bank_target=29 bank_turn=1
elapsed=28471 actor=flank event=face-player path=7125 target_speed=60 acceleration=0 corridor=124,-3571,-125 wave_mode=Combat wave_phase=148 bank_target=10 bank_turn=0
elapsed=28471 actor=flank event=move path=7125 target_speed=60 acceleration=0 corridor=124,-3571,-125 wave_mode=Combat wave_phase=148 bank_target=11 bank_turn=0
elapsed=28471 actor=flank event=vertical-step path=8942 target_speed=60 acceleration=0 corridor=124,-3571,-125 wave_mode=Combat wave_phase=148 bank_target=11 bank_turn=0
elapsed=28472 actor=rear event=chase-angle path=886F target_speed=60 acceleration=0 corridor=-114,2952,-118 wave_mode=Combat wave_phase=148 bank_target=10 bank_turn=1
elapsed=28472 actor=rear event=move path=886F target_speed=60 acceleration=0 corridor=-114,2952,-118 wave_mode=Combat wave_phase=148 bank_target=10 bank_turn=1
elapsed=28472 actor=rear event=vertical-step path=8942 target_speed=60 acceleration=0 corridor=-114,2952,-118 wave_mode=Combat wave_phase=148 bank_target=10 bank_turn=1
elapsed=28475 actor=lead event=move path=70F2 target_speed=60 acceleration=0 corridor=-98,1906,-12 wave_mode=Combat wave_phase=148 bank_target=30 bank_turn=1
elapsed=28476 actor=lead event=vertical-step path=8942 target_speed=60 acceleration=0 corridor=-98,1906,-12 wave_mode=Combat wave_phase=148 bank_target=30 bank_turn=1
elapsed=28476 actor=flank event=face-player path=7125 target_speed=60 acceleration=0 corridor=124,-3571,-125 wave_mode=Combat wave_phase=152 bank_target=11 bank_turn=0
elapsed=28476 actor=flank event=move path=7125 target_speed=60 acceleration=0 corridor=124,-3571,-125 wave_mode=Combat wave_phase=152 bank_target=12 bank_turn=0
elapsed=28476 actor=flank event=vertical-step path=8942 target_speed=60 acceleration=0 corridor=124,-3571,-125 wave_mode=Combat wave_phase=152 bank_target=12 bank_turn=0
elapsed=28476 actor=rear event=chase-angle path=886F target_speed=60 acceleration=0 corridor=-114,2952,-118 wave_mode=Combat wave_phase=152 bank_target=10 bank_turn=1
elapsed=28477 actor=rear event=move path=70F2 target_speed=60 acceleration=0 corridor=-114,2952,-118 wave_mode=Combat wave_phase=152 bank_target=1 bank_turn=1
elapsed=28477 actor=rear event=vertical-step path=8942 target_speed=60 acceleration=0 corridor=-114,2952,-118 wave_mode=Combat wave_phase=152 bank_target=1 bank_turn=1
elapsed=28480 actor=lead event=move path=70F2 target_speed=60 acceleration=0 corridor=-98,1906,-12 wave_mode=Combat wave_phase=152 bank_target=31 bank_turn=1
elapsed=28481 actor=lead event=vertical-step path=8942 target_speed=60 acceleration=0 corridor=-98,1906,-12 wave_mode=Combat wave_phase=152 bank_target=31 bank_turn=1
elapsed=28481 actor=flank event=face-player path=7125 target_speed=60 acceleration=0 corridor=124,-3571,-125 wave_mode=Combat wave_phase=156 bank_target=12 bank_turn=0
elapsed=28481 actor=flank event=move path=7125 target_speed=60 acceleration=0 corridor=124,-3571,-125 wave_mode=Combat wave_phase=156 bank_target=13 bank_turn=0
elapsed=28481 actor=flank event=vertical-step path=8942 target_speed=60 acceleration=0 corridor=124,-3571,-125 wave_mode=Combat wave_phase=156 bank_target=13 bank_turn=0
elapsed=28481 actor=rear event=move path=70F2 target_speed=60 acceleration=0 corridor=-114,2952,-118 wave_mode=Combat wave_phase=156 bank_target=2 bank_turn=1
elapsed=28482 actor=rear event=vertical-step path=8942 target_speed=60 acceleration=0 corridor=-114,2952,-118 wave_mode=Combat wave_phase=156 bank_target=2 bank_turn=1
elapsed=28485 actor=lead event=move path=70F2 target_speed=60 acceleration=0 corridor=-98,1906,-12 wave_mode=Combat wave_phase=156 bank_target=32 bank_turn=1
elapsed=28485 actor=lead event=vertical-step path=8942 target_speed=60 acceleration=0 corridor=-98,1906,-12 wave_mode=Combat wave_phase=156 bank_target=32 bank_turn=1
elapsed=28486 actor=flank event=face-player path=7125 target_speed=60 acceleration=0 corridor=124,-3571,-125 wave_mode=Combat wave_phase=160 bank_target=13 bank_turn=0
elapsed=28486 actor=flank event=move path=7125 target_speed=60 acceleration=0 corridor=124,-3571,-125 wave_mode=Combat wave_phase=160 bank_target=14 bank_turn=0
elapsed=28486 actor=flank event=vertical-step path=8942 target_speed=60 acceleration=0 corridor=124,-3571,-125 wave_mode=Combat wave_phase=160 bank_target=14 bank_turn=0
elapsed=28486 actor=rear event=move path=70F2 target_speed=60 acceleration=0 corridor=-114,2952,-118 wave_mode=Combat wave_phase=160 bank_target=3 bank_turn=1
elapsed=28486 actor=rear event=vertical-step path=8942 target_speed=60 acceleration=0 corridor=-114,2952,-118 wave_mode=Combat wave_phase=160 bank_target=3 bank_turn=1
elapsed=28490 actor=lead event=move path=70F2 target_speed=60 acceleration=0 corridor=-98,1906,-12 wave_mode=Combat wave_phase=160 bank_target=33 bank_turn=1
elapsed=28490 actor=lead event=vertical-step path=8942 target_speed=60 acceleration=0 corridor=-98,1906,-12 wave_mode=Combat wave_phase=160 bank_target=33 bank_turn=1
elapsed=28490 actor=flank event=face-player path=7125 target_speed=60 acceleration=0 corridor=124,-3571,-125 wave_mode=Combat wave_phase=164 bank_target=14 bank_turn=0
elapsed=28490 actor=flank event=move path=7125 target_speed=60 acceleration=0 corridor=124,-3571,-125 wave_mode=Combat wave_phase=164 bank_target=15 bank_turn=0
elapsed=28490 actor=flank event=vertical-step path=8942 target_speed=60 acceleration=0 corridor=124,-3571,-125 wave_mode=Combat wave_phase=164 bank_target=15 bank_turn=0
elapsed=28491 actor=rear event=move path=70F2 target_speed=60 acceleration=0 corridor=-114,2952,-118 wave_mode=Combat wave_phase=164 bank_target=4 bank_turn=1
elapsed=28491 actor=rear event=vertical-step path=8942 target_speed=60 acceleration=0 corridor=-114,2952,-118 wave_mode=Combat wave_phase=164 bank_target=4 bank_turn=1
elapsed=28494 actor=lead event=move path=70F2 target_speed=60 acceleration=0 corridor=-98,1906,-12 wave_mode=Combat wave_phase=164 bank_target=34 bank_turn=1
elapsed=28494 actor=lead event=vertical-step path=8942 target_speed=60 acceleration=0 corridor=-98,1906,-12 wave_mode=Combat wave_phase=164 bank_target=34 bank_turn=1
elapsed=28495 actor=flank event=face-player path=7125 target_speed=60 acceleration=0 corridor=124,-3571,-125 wave_mode=Combat wave_phase=168 bank_target=15 bank_turn=0
elapsed=28495 actor=flank event=projectile-face-immediate path=8C2D target_speed=60 acceleration=0 corridor=124,-3571,-125 wave_mode=Combat wave_phase=168 bank_target=0 bank_turn=0
elapsed=28495 actor=flank event=move path=7125 target_speed=60 acceleration=0 corridor=124,-3571,-125 wave_mode=Combat wave_phase=168 bank_target=0 bank_turn=0
elapsed=28495 actor=flank event=vertical-step path=8942 target_speed=60 acceleration=0 corridor=124,-3571,-125 wave_mode=Combat wave_phase=168 bank_target=0 bank_turn=0
elapsed=28496 actor=rear event=move path=70F2 target_speed=60 acceleration=0 corridor=-114,2952,-118 wave_mode=Combat wave_phase=168 bank_target=5 bank_turn=1
elapsed=28496 actor=rear event=vertical-step path=8942 target_speed=60 acceleration=0 corridor=-114,2952,-118 wave_mode=Combat wave_phase=168 bank_target=5 bank_turn=1
elapsed=28500 actor=lead event=move path=70F2 target_speed=60 acceleration=0 corridor=-98,1906,-12 wave_mode=Combat wave_phase=168 bank_target=35 bank_turn=1
elapsed=28500 actor=lead event=vertical-step path=8942 target_speed=60 acceleration=0 corridor=-98,1906,-12 wave_mode=Combat wave_phase=168 bank_target=35 bank_turn=1
elapsed=28500 actor=flank event=face-player path=7125 target_speed=60 acceleration=0 corridor=30,1553,9 wave_mode=Combat wave_phase=172 bank_target=0 bank_turn=0
elapsed=28500 actor=flank event=move path=7125 target_speed=60 acceleration=0 corridor=30,1553,9 wave_mode=Combat wave_phase=172 bank_target=1 bank_turn=0
elapsed=28501 actor=flank event=vertical-step path=8942 target_speed=60 acceleration=0 corridor=30,1553,9 wave_mode=Combat wave_phase=172 bank_target=1 bank_turn=0
elapsed=28501 actor=rear event=move path=70F2 target_speed=60 acceleration=0 corridor=-114,2952,-118 wave_mode=Combat wave_phase=172 bank_target=6 bank_turn=1
elapsed=28501 actor=rear event=vertical-step path=8942 target_speed=60 acceleration=0 corridor=-114,2952,-118 wave_mode=Combat wave_phase=172 bank_target=6 bank_turn=1
elapsed=28505 actor=lead event=move path=70F2 target_speed=60 acceleration=0 corridor=-98,1906,-12 wave_mode=Combat wave_phase=172 bank_target=36 bank_turn=1
elapsed=28505 actor=lead event=vertical-step path=8942 target_speed=60 acceleration=0 corridor=-98,1906,-12 wave_mode=Combat wave_phase=172 bank_target=36 bank_turn=1
elapsed=28506 actor=flank event=face-player path=7125 target_speed=60 acceleration=0 corridor=30,1553,9 wave_mode=Combat wave_phase=176 bank_target=1 bank_turn=0
elapsed=28506 actor=flank event=move path=7125 target_speed=60 acceleration=0 corridor=30,1553,9 wave_mode=Combat wave_phase=176 bank_target=2 bank_turn=0
elapsed=28506 actor=flank event=vertical-step path=8942 target_speed=60 acceleration=0 corridor=30,1553,9 wave_mode=Combat wave_phase=176 bank_target=2 bank_turn=0
elapsed=28506 actor=rear event=move path=70F2 target_speed=60 acceleration=0 corridor=-114,2952,-118 wave_mode=Combat wave_phase=176 bank_target=7 bank_turn=1
elapsed=28507 actor=rear event=vertical-step path=8942 target_speed=60 acceleration=0 corridor=-114,2952,-118 wave_mode=Combat wave_phase=176 bank_target=7 bank_turn=1
elapsed=28510 actor=lead event=move path=70F2 target_speed=60 acceleration=0 corridor=-98,1906,-12 wave_mode=Combat wave_phase=176 bank_target=37 bank_turn=1
elapsed=28511 actor=lead event=vertical-step path=8942 target_speed=60 acceleration=0 corridor=-98,1906,-12 wave_mode=Combat wave_phase=176 bank_target=37 bank_turn=1
elapsed=28511 actor=flank event=face-player path=7125 target_speed=60 acceleration=0 corridor=30,1553,9 wave_mode=Combat wave_phase=180 bank_target=2 bank_turn=0
elapsed=28511 actor=flank event=move path=7125 target_speed=60 acceleration=0 corridor=30,1553,9 wave_mode=Combat wave_phase=180 bank_target=3 bank_turn=0
elapsed=28511 actor=flank event=vertical-step path=8942 target_speed=60 acceleration=0 corridor=30,1553,9 wave_mode=Combat wave_phase=180 bank_target=3 bank_turn=0
elapsed=28512 actor=rear event=move path=70F2 target_speed=60 acceleration=0 corridor=-114,2952,-118 wave_mode=Combat wave_phase=180 bank_target=8 bank_turn=1
elapsed=28512 actor=rear event=vertical-step path=8942 target_speed=60 acceleration=0 corridor=-114,2952,-118 wave_mode=Combat wave_phase=180 bank_target=8 bank_turn=1
elapsed=28515 actor=lead event=move path=70F2 target_speed=60 acceleration=0 corridor=-98,1906,-12 wave_mode=Combat wave_phase=180 bank_target=38 bank_turn=1
elapsed=28516 actor=lead event=vertical-step path=8942 target_speed=60 acceleration=0 corridor=-98,1906,-12 wave_mode=Combat wave_phase=180 bank_target=38 bank_turn=1
elapsed=28516 actor=flank event=face-player path=7125 target_speed=60 acceleration=0 corridor=30,1553,9 wave_mode=Combat wave_phase=184 bank_target=3 bank_turn=0
elapsed=28516 actor=flank event=move path=7125 target_speed=60 acceleration=0 corridor=30,1553,9 wave_mode=Combat wave_phase=184 bank_target=4 bank_turn=0
elapsed=28516 actor=flank event=vertical-step path=8942 target_speed=60 acceleration=0 corridor=30,1553,9 wave_mode=Combat wave_phase=184 bank_target=4 bank_turn=0
elapsed=28517 actor=rear event=move path=70F2 target_speed=60 acceleration=0 corridor=-114,2952,-118 wave_mode=Combat wave_phase=184 bank_target=9 bank_turn=1
elapsed=28517 actor=rear event=vertical-step path=8942 target_speed=60 acceleration=0 corridor=-114,2952,-118 wave_mode=Combat wave_phase=184 bank_target=9 bank_turn=1
elapsed=28520 actor=lead event=move path=70F2 target_speed=60 acceleration=0 corridor=-98,1906,-12 wave_mode=Combat wave_phase=184 bank_target=39 bank_turn=1
elapsed=28521 actor=lead event=vertical-step path=8942 target_speed=60 acceleration=0 corridor=-98,1906,-12 wave_mode=Combat wave_phase=184 bank_target=39 bank_turn=1
elapsed=28521 actor=flank event=face-player path=7125 target_speed=60 acceleration=0 corridor=30,1553,9 wave_mode=Combat wave_phase=188 bank_target=4 bank_turn=0
elapsed=28521 actor=flank event=move path=7125 target_speed=60 acceleration=0 corridor=30,1553,9 wave_mode=Combat wave_phase=188 bank_target=5 bank_turn=0
elapsed=28521 actor=flank event=vertical-step path=8942 target_speed=60 acceleration=0 corridor=30,1553,9 wave_mode=Combat wave_phase=188 bank_target=5 bank_turn=0
elapsed=28522 actor=rear event=move path=70F2 target_speed=60 acceleration=0 corridor=-114,2952,-118 wave_mode=Combat wave_phase=188 bank_target=10 bank_turn=1
elapsed=28522 actor=rear event=vertical-step path=8942 target_speed=60 acceleration=0 corridor=-114,2952,-118 wave_mode=Combat wave_phase=188 bank_target=10 bank_turn=1
elapsed=28526 actor=lead event=move path=70F2 target_speed=60 acceleration=0 corridor=-98,1906,-12 wave_mode=Combat wave_phase=188 bank_target=40 bank_turn=1
elapsed=28526 actor=lead event=vertical-step path=8942 target_speed=60 acceleration=0 corridor=-98,1906,-12 wave_mode=Combat wave_phase=188 bank_target=40 bank_turn=1
elapsed=28526 actor=flank event=face-player path=7125 target_speed=60 acceleration=0 corridor=30,1553,9 wave_mode=Combat wave_phase=192 bank_target=5 bank_turn=0
elapsed=28526 actor=flank event=move path=7125 target_speed=60 acceleration=0 corridor=30,1553,9 wave_mode=Combat wave_phase=192 bank_target=6 bank_turn=0
elapsed=28527 actor=flank event=vertical-step path=8942 target_speed=60 acceleration=0 corridor=30,1553,9 wave_mode=Combat wave_phase=192 bank_target=6 bank_turn=0
elapsed=28527 actor=rear event=move path=70F2 target_speed=60 acceleration=0 corridor=-114,2952,-118 wave_mode=Combat wave_phase=192 bank_target=11 bank_turn=1
elapsed=28527 actor=rear event=vertical-step path=8942 target_speed=60 acceleration=0 corridor=-114,2952,-118 wave_mode=Combat wave_phase=192 bank_target=11 bank_turn=1
elapsed=28531 actor=lead event=move path=70F2 target_speed=60 acceleration=0 corridor=-98,1906,-12 wave_mode=Combat wave_phase=192 bank_target=41 bank_turn=1
elapsed=28532 actor=lead event=vertical-step path=8942 target_speed=60 acceleration=0 corridor=-98,1906,-12 wave_mode=Combat wave_phase=192 bank_target=41 bank_turn=1
elapsed=28532 actor=flank event=face-player path=7125 target_speed=60 acceleration=0 corridor=30,1553,9 wave_mode=Combat wave_phase=196 bank_target=6 bank_turn=0
elapsed=28532 actor=flank event=chase-angle path=886F target_speed=60 acceleration=2 corridor=30,1553,9 wave_mode=Combat wave_phase=196 bank_target=25 bank_turn=1
elapsed=28532 actor=flank event=move path=886F target_speed=60 acceleration=2 corridor=30,1553,9 wave_mode=Combat wave_phase=196 bank_target=25 bank_turn=1
elapsed=28532 actor=flank event=vertical-step path=8942 target_speed=60 acceleration=0 corridor=30,1553,9 wave_mode=Combat wave_phase=196 bank_target=25 bank_turn=1
elapsed=28533 actor=rear event=move path=70F2 target_speed=60 acceleration=0 corridor=-114,2952,-118 wave_mode=Combat wave_phase=196 bank_target=12 bank_turn=1
elapsed=28533 actor=rear event=vertical-step path=8942 target_speed=60 acceleration=0 corridor=-114,2952,-118 wave_mode=Combat wave_phase=196 bank_target=12 bank_turn=1
elapsed=28537 actor=lead event=move path=70F2 target_speed=60 acceleration=0 corridor=-98,1906,-12 wave_mode=Combat wave_phase=196 bank_target=42 bank_turn=1
elapsed=28537 actor=lead event=vertical-step path=8942 target_speed=60 acceleration=0 corridor=-98,1906,-12 wave_mode=Combat wave_phase=196 bank_target=42 bank_turn=1
elapsed=28538 actor=flank event=chase-angle path=886F target_speed=60 acceleration=0 corridor=30,1553,9 wave_mode=Combat wave_phase=200 bank_target=25 bank_turn=1
elapsed=28538 actor=flank event=move path=886F target_speed=60 acceleration=0 corridor=30,1553,9 wave_mode=Combat wave_phase=200 bank_target=25 bank_turn=1
elapsed=28538 actor=flank event=vertical-step path=8942 target_speed=60 acceleration=0 corridor=30,1553,9 wave_mode=Combat wave_phase=200 bank_target=25 bank_turn=1
elapsed=28538 actor=rear event=move path=70F2 target_speed=60 acceleration=0 corridor=-114,2952,-118 wave_mode=Combat wave_phase=200 bank_target=13 bank_turn=1
elapsed=28539 actor=rear event=vertical-step path=8942 target_speed=60 acceleration=0 corridor=-114,2952,-118 wave_mode=Combat wave_phase=200 bank_target=13 bank_turn=1
elapsed=28543 actor=lead event=move path=70F2 target_speed=60 acceleration=0 corridor=-98,1906,-12 wave_mode=Combat wave_phase=200 bank_target=43 bank_turn=1
elapsed=28543 actor=lead event=vertical-step path=8942 target_speed=60 acceleration=0 corridor=-98,1906,-12 wave_mode=Combat wave_phase=200 bank_target=43 bank_turn=1
elapsed=28544 actor=flank event=chase-angle path=886F target_speed=60 acceleration=0 corridor=30,1553,9 wave_mode=Combat wave_phase=204 bank_target=25 bank_turn=1
elapsed=28544 actor=flank event=move path=886F target_speed=60 acceleration=0 corridor=30,1553,9 wave_mode=Combat wave_phase=204 bank_target=25 bank_turn=1
elapsed=28544 actor=flank event=vertical-step path=8942 target_speed=60 acceleration=0 corridor=30,1553,9 wave_mode=Combat wave_phase=204 bank_target=25 bank_turn=1
elapsed=28544 actor=rear event=move path=70F2 target_speed=60 acceleration=0 corridor=-114,2952,-118 wave_mode=Combat wave_phase=204 bank_target=14 bank_turn=1
elapsed=28544 actor=rear event=vertical-step path=8942 target_speed=60 acceleration=0 corridor=-114,2952,-118 wave_mode=Combat wave_phase=204 bank_target=14 bank_turn=1
elapsed=28549 actor=lead event=move path=70F2 target_speed=60 acceleration=0 corridor=-98,1906,-12 wave_mode=Combat wave_phase=204 bank_target=44 bank_turn=1
elapsed=28549 actor=lead event=vertical-step path=8942 target_speed=60 acceleration=0 corridor=-98,1906,-12 wave_mode=Combat wave_phase=204 bank_target=44 bank_turn=1
elapsed=28550 actor=flank event=chase-angle path=886F target_speed=60 acceleration=0 corridor=30,1553,9 wave_mode=Combat wave_phase=208 bank_target=25 bank_turn=1
elapsed=28550 actor=flank event=move path=886F target_speed=60 acceleration=0 corridor=30,1553,9 wave_mode=Combat wave_phase=208 bank_target=25 bank_turn=1
elapsed=28550 actor=flank event=vertical-step path=8942 target_speed=60 acceleration=0 corridor=30,1553,9 wave_mode=Combat wave_phase=208 bank_target=25 bank_turn=1
elapsed=28551 actor=rear event=move path=70F2 target_speed=60 acceleration=0 corridor=-114,2952,-118 wave_mode=Combat wave_phase=208 bank_target=15 bank_turn=1
elapsed=28551 actor=rear event=vertical-step path=8942 target_speed=60 acceleration=0 corridor=-114,2952,-118 wave_mode=Combat wave_phase=208 bank_target=15 bank_turn=1
elapsed=28555 actor=lead event=move path=70F2 target_speed=60 acceleration=0 corridor=-98,1906,-12 wave_mode=Combat wave_phase=208 bank_target=45 bank_turn=1
elapsed=28555 actor=lead event=vertical-step path=8942 target_speed=60 acceleration=0 corridor=-98,1906,-12 wave_mode=Combat wave_phase=208 bank_target=45 bank_turn=1
elapsed=28556 actor=flank event=chase-angle path=886F target_speed=60 acceleration=0 corridor=30,1553,9 wave_mode=Combat wave_phase=212 bank_target=25 bank_turn=1
elapsed=28556 actor=flank event=move path=886F target_speed=60 acceleration=0 corridor=30,1553,9 wave_mode=Combat wave_phase=212 bank_target=25 bank_turn=1
elapsed=28556 actor=flank event=vertical-step path=8942 target_speed=60 acceleration=0 corridor=30,1553,9 wave_mode=Combat wave_phase=212 bank_target=25 bank_turn=1
elapsed=28556 actor=rear event=move path=70F2 target_speed=60 acceleration=0 corridor=-114,2952,-118 wave_mode=Combat wave_phase=212 bank_target=16 bank_turn=1
elapsed=28556 actor=rear event=vertical-step path=8942 target_speed=60 acceleration=0 corridor=-114,2952,-118 wave_mode=Combat wave_phase=212 bank_target=16 bank_turn=1
elapsed=28561 actor=lead event=move path=70F2 target_speed=60 acceleration=0 corridor=-98,1906,-12 wave_mode=Combat wave_phase=212 bank_target=46 bank_turn=1
elapsed=28562 actor=lead event=vertical-step path=8942 target_speed=60 acceleration=0 corridor=-98,1906,-12 wave_mode=Combat wave_phase=212 bank_target=46 bank_turn=1
elapsed=28562 actor=flank event=chase-angle path=886F target_speed=60 acceleration=0 corridor=30,1553,9 wave_mode=Combat wave_phase=216 bank_target=25 bank_turn=1
elapsed=28562 actor=flank event=move path=886F target_speed=60 acceleration=0 corridor=30,1553,9 wave_mode=Combat wave_phase=216 bank_target=25 bank_turn=1
elapsed=28562 actor=flank event=vertical-step path=8942 target_speed=60 acceleration=0 corridor=30,1553,9 wave_mode=Combat wave_phase=216 bank_target=25 bank_turn=1
elapsed=28563 actor=rear event=move path=70F2 target_speed=60 acceleration=0 corridor=-114,2952,-118 wave_mode=Combat wave_phase=216 bank_target=17 bank_turn=1
elapsed=28563 actor=rear event=vertical-step path=8942 target_speed=60 acceleration=0 corridor=-114,2952,-118 wave_mode=Combat wave_phase=216 bank_target=17 bank_turn=1
elapsed=28568 actor=lead event=move path=70F2 target_speed=60 acceleration=0 corridor=-98,1906,-12 wave_mode=Combat wave_phase=216 bank_target=47 bank_turn=1
elapsed=28568 actor=lead event=vertical-step path=8942 target_speed=60 acceleration=0 corridor=-98,1906,-12 wave_mode=Combat wave_phase=216 bank_target=47 bank_turn=1
elapsed=28568 actor=flank event=move path=8694 target_speed=60 acceleration=0 corridor=30,1553,9 wave_mode=Combat wave_phase=220 bank_target=25 bank_turn=1
elapsed=28569 actor=flank event=vertical-step path=8942 target_speed=60 acceleration=0 corridor=30,1553,9 wave_mode=Combat wave_phase=220 bank_target=25 bank_turn=1
elapsed=28570 actor=rear event=move path=70F2 target_speed=60 acceleration=0 corridor=-114,2952,-118 wave_mode=Combat wave_phase=220 bank_target=18 bank_turn=1
elapsed=28570 actor=rear event=vertical-step path=8942 target_speed=60 acceleration=0 corridor=-114,2952,-118 wave_mode=Combat wave_phase=220 bank_target=18 bank_turn=1
elapsed=28575 actor=lead event=move path=70F2 target_speed=60 acceleration=0 corridor=-98,-3727,-104 wave_mode=Combat wave_phase=220 bank_target=48 bank_turn=1
elapsed=28575 actor=lead event=vertical-step path=8942 target_speed=60 acceleration=0 corridor=-98,-3727,-104 wave_mode=Combat wave_phase=220 bank_target=48 bank_turn=1
elapsed=28576 actor=flank event=move path=8694 target_speed=60 acceleration=0 corridor=30,1553,9 wave_mode=Combat wave_phase=224 bank_target=25 bank_turn=1
elapsed=28576 actor=flank event=vertical-step path=8942 target_speed=60 acceleration=0 corridor=30,1553,9 wave_mode=Combat wave_phase=224 bank_target=25 bank_turn=1
elapsed=28577 actor=rear event=move path=70F2 target_speed=60 acceleration=0 corridor=-114,2952,-118 wave_mode=Combat wave_phase=224 bank_target=19 bank_turn=1
elapsed=28577 actor=rear event=vertical-step path=8942 target_speed=60 acceleration=0 corridor=-114,2952,-118 wave_mode=Combat wave_phase=224 bank_target=19 bank_turn=1
elapsed=28582 actor=lead event=move path=70F2 target_speed=60 acceleration=0 corridor=-98,-3727,-104 wave_mode=Combat wave_phase=224 bank_target=49 bank_turn=1
elapsed=28582 actor=lead event=vertical-step path=8942 target_speed=60 acceleration=0 corridor=-98,-3727,-104 wave_mode=Combat wave_phase=224 bank_target=49 bank_turn=1
elapsed=28583 actor=flank event=move path=8694 target_speed=60 acceleration=0 corridor=30,1553,9 wave_mode=Combat wave_phase=228 bank_target=25 bank_turn=1
elapsed=28583 actor=flank event=vertical-step path=8942 target_speed=60 acceleration=0 corridor=30,1553,9 wave_mode=Combat wave_phase=228 bank_target=25 bank_turn=1
elapsed=28584 actor=rear event=move path=70F2 target_speed=60 acceleration=0 corridor=70,-2870,-82 wave_mode=Combat wave_phase=228 bank_target=20 bank_turn=1
elapsed=28584 actor=rear event=vertical-step path=8942 target_speed=60 acceleration=0 corridor=70,-2870,-82 wave_mode=Combat wave_phase=228 bank_target=20 bank_turn=1
elapsed=28589 actor=lead event=move path=70F2 target_speed=60 acceleration=0 corridor=-98,-3727,-104 wave_mode=Combat wave_phase=228 bank_target=50 bank_turn=1
elapsed=28589 actor=lead event=vertical-step path=8942 target_speed=60 acceleration=0 corridor=-98,-3727,-104 wave_mode=Combat wave_phase=228 bank_target=50 bank_turn=1
elapsed=28590 actor=flank event=vertical-step path=8942 target_speed=60 acceleration=0 corridor=30,1553,9 wave_mode=Combat wave_phase=232 bank_target=25 bank_turn=1
elapsed=28592 actor=rear event=move path=70F2 target_speed=60 acceleration=0 corridor=70,-2870,-82 wave_mode=Combat wave_phase=232 bank_target=21 bank_turn=1
elapsed=28592 actor=rear event=vertical-step path=8942 target_speed=60 acceleration=0 corridor=70,-2870,-82 wave_mode=Combat wave_phase=232 bank_target=21 bank_turn=1
elapsed=28596 actor=lead event=move path=70F2 target_speed=60 acceleration=0 corridor=-98,-3727,-104 wave_mode=Combat wave_phase=232 bank_target=51 bank_turn=1
elapsed=28596 actor=lead event=vertical-step path=8942 target_speed=60 acceleration=0 corridor=-98,-3727,-104 wave_mode=Combat wave_phase=232 bank_target=51 bank_turn=1
elapsed=28597 actor=rear event=move path=70F2 target_speed=60 acceleration=0 corridor=70,-2870,-82 wave_mode=Combat wave_phase=236 bank_target=22 bank_turn=1
elapsed=28597 actor=rear event=vertical-step path=8942 target_speed=60 acceleration=0 corridor=70,-2870,-82 wave_mode=Combat wave_phase=236 bank_target=22 bank_turn=1
elapsed=28601 actor=lead event=move path=70F2 target_speed=60 acceleration=0 corridor=-98,-3727,-104 wave_mode=Combat wave_phase=236 bank_target=52 bank_turn=1
elapsed=28601 actor=lead event=vertical-step path=8942 target_speed=60 acceleration=0 corridor=-98,-3727,-104 wave_mode=Combat wave_phase=236 bank_target=52 bank_turn=1
elapsed=28602 actor=rear event=move path=70F2 target_speed=60 acceleration=0 corridor=70,-2870,-82 wave_mode=Combat wave_phase=240 bank_target=23 bank_turn=1
elapsed=28602 actor=rear event=vertical-step path=8942 target_speed=60 acceleration=0 corridor=70,-2870,-82 wave_mode=Combat wave_phase=240 bank_target=23 bank_turn=1
elapsed=28606 actor=lead event=move path=70F2 target_speed=60 acceleration=0 corridor=-98,-3727,-104 wave_mode=Combat wave_phase=240 bank_target=53 bank_turn=1
elapsed=28607 actor=lead event=vertical-step path=8942 target_speed=60 acceleration=0 corridor=-98,-3727,-104 wave_mode=Combat wave_phase=240 bank_target=53 bank_turn=1
elapsed=28608 actor=rear event=move path=70F2 target_speed=60 acceleration=0 corridor=70,-2870,-82 wave_mode=Combat wave_phase=244 bank_target=24 bank_turn=1
elapsed=28608 actor=rear event=vertical-step path=8942 target_speed=60 acceleration=0 corridor=70,-2870,-82 wave_mode=Combat wave_phase=244 bank_target=24 bank_turn=1
elapsed=28612 actor=lead event=move path=70F2 target_speed=60 acceleration=0 corridor=-98,-3727,-104 wave_mode=Combat wave_phase=244 bank_target=54 bank_turn=1
elapsed=28612 actor=lead event=vertical-step path=8942 target_speed=60 acceleration=0 corridor=-98,-3727,-104 wave_mode=Combat wave_phase=244 bank_target=54 bank_turn=1
elapsed=28613 actor=rear event=move path=70F2 target_speed=60 acceleration=0 corridor=70,-2870,-82 wave_mode=Combat wave_phase=248 bank_target=25 bank_turn=1
elapsed=28613 actor=rear event=vertical-step path=8942 target_speed=60 acceleration=0 corridor=70,-2870,-82 wave_mode=Combat wave_phase=248 bank_target=25 bank_turn=1
elapsed=28617 actor=lead event=move path=70F2 target_speed=60 acceleration=0 corridor=-98,-3727,-104 wave_mode=Combat wave_phase=248 bank_target=55 bank_turn=1
elapsed=28617 actor=lead event=vertical-step path=8942 target_speed=60 acceleration=0 corridor=-98,-3727,-104 wave_mode=Combat wave_phase=248 bank_target=55 bank_turn=1
elapsed=28618 actor=rear event=move path=70F2 target_speed=60 acceleration=0 corridor=70,-2870,-82 wave_mode=Combat wave_phase=252 bank_target=26 bank_turn=1
elapsed=28618 actor=rear event=vertical-step path=8942 target_speed=60 acceleration=0 corridor=70,-2870,-82 wave_mode=Combat wave_phase=252 bank_target=26 bank_turn=1
elapsed=28622 actor=lead event=move path=70F2 target_speed=60 acceleration=0 corridor=-98,-3727,-104 wave_mode=Combat wave_phase=252 bank_target=56 bank_turn=1
elapsed=28622 actor=lead event=vertical-step path=8942 target_speed=60 acceleration=0 corridor=-98,-3727,-104 wave_mode=Combat wave_phase=252 bank_target=56 bank_turn=1
elapsed=28623 actor=rear event=move path=70F2 target_speed=60 acceleration=0 corridor=70,-2870,-82 wave_mode=Combat wave_phase=0 bank_target=27 bank_turn=1
elapsed=28623 actor=rear event=vertical-step path=8942 target_speed=60 acceleration=0 corridor=70,-2870,-82 wave_mode=Combat wave_phase=0 bank_target=27 bank_turn=1
elapsed=28626 actor=lead event=move path=70F2 target_speed=60 acceleration=0 corridor=-98,-3727,-104 wave_mode=Combat wave_phase=0 bank_target=57 bank_turn=1
elapsed=28627 actor=lead event=vertical-step path=8942 target_speed=60 acceleration=0 corridor=-98,-3727,-104 wave_mode=Combat wave_phase=0 bank_target=57 bank_turn=1
elapsed=28627 actor=rear event=move path=70F2 target_speed=60 acceleration=0 corridor=70,-2870,-82 wave_mode=Combat wave_phase=4 bank_target=28 bank_turn=1
elapsed=28627 actor=rear event=vertical-step path=8942 target_speed=60 acceleration=0 corridor=70,-2870,-82 wave_mode=Combat wave_phase=4 bank_target=28 bank_turn=1
elapsed=28631 actor=lead event=move path=70F2 target_speed=60 acceleration=0 corridor=-98,-3727,-104 wave_mode=Combat wave_phase=4 bank_target=58 bank_turn=1
elapsed=28631 actor=lead event=vertical-step path=8942 target_speed=60 acceleration=0 corridor=-98,-3727,-104 wave_mode=Combat wave_phase=4 bank_target=58 bank_turn=1
elapsed=28631 actor=rear event=move path=70F2 target_speed=60 acceleration=0 corridor=70,-2870,-82 wave_mode=Combat wave_phase=8 bank_target=29 bank_turn=1
elapsed=28632 actor=rear event=vertical-step path=8942 target_speed=60 acceleration=0 corridor=70,-2870,-82 wave_mode=Combat wave_phase=8 bank_target=29 bank_turn=1
elapsed=28635 actor=lead event=move path=70F2 target_speed=60 acceleration=0 corridor=-98,-3727,-104 wave_mode=Combat wave_phase=8 bank_target=59 bank_turn=1
elapsed=28635 actor=lead event=vertical-step path=8942 target_speed=60 acceleration=0 corridor=-98,-3727,-104 wave_mode=Combat wave_phase=8 bank_target=59 bank_turn=1
elapsed=28635 actor=rear event=move path=70F2 target_speed=60 acceleration=0 corridor=70,-2870,-82 wave_mode=Combat wave_phase=12 bank_target=30 bank_turn=1
elapsed=28635 actor=rear event=vertical-step path=8942 target_speed=60 acceleration=0 corridor=70,-2870,-82 wave_mode=Combat wave_phase=12 bank_target=30 bank_turn=1
elapsed=28639 actor=lead event=move path=70F2 target_speed=60 acceleration=0 corridor=-98,-3727,-104 wave_mode=Combat wave_phase=12 bank_target=60 bank_turn=1
elapsed=28639 actor=lead event=vertical-step path=8942 target_speed=60 acceleration=0 corridor=-98,-3727,-104 wave_mode=Combat wave_phase=12 bank_target=60 bank_turn=1
elapsed=28639 actor=rear event=move path=70F2 target_speed=60 acceleration=0 corridor=70,-2870,-82 wave_mode=Combat wave_phase=16 bank_target=31 bank_turn=1
elapsed=28639 actor=rear event=vertical-step path=8942 target_speed=60 acceleration=0 corridor=70,-2870,-82 wave_mode=Combat wave_phase=16 bank_target=31 bank_turn=1
elapsed=28642 actor=lead event=move path=70F2 target_speed=60 acceleration=0 corridor=-98,-3727,-104 wave_mode=Combat wave_phase=16 bank_target=61 bank_turn=1
elapsed=28643 actor=lead event=vertical-step path=8942 target_speed=60 acceleration=0 corridor=-98,-3727,-104 wave_mode=Combat wave_phase=16 bank_target=61 bank_turn=1
elapsed=28643 actor=rear event=move path=70F2 target_speed=60 acceleration=0 corridor=70,-2870,-82 wave_mode=Combat wave_phase=20 bank_target=32 bank_turn=1
elapsed=28643 actor=rear event=vertical-step path=8942 target_speed=60 acceleration=0 corridor=70,-2870,-82 wave_mode=Combat wave_phase=20 bank_target=32 bank_turn=1
elapsed=28646 actor=lead event=move path=70F2 target_speed=60 acceleration=0 corridor=-98,-3727,-104 wave_mode=Combat wave_phase=20 bank_target=62 bank_turn=1
elapsed=28647 actor=lead event=vertical-step path=8942 target_speed=60 acceleration=0 corridor=-98,-3727,-104 wave_mode=Combat wave_phase=20 bank_target=62 bank_turn=1
elapsed=28647 actor=rear event=move path=70F2 target_speed=60 acceleration=0 corridor=70,-2870,-82 wave_mode=Combat wave_phase=24 bank_target=33 bank_turn=1
elapsed=28647 actor=rear event=vertical-step path=8942 target_speed=60 acceleration=0 corridor=70,-2870,-82 wave_mode=Combat wave_phase=24 bank_target=33 bank_turn=1
elapsed=28651 actor=lead event=move path=70F2 target_speed=60 acceleration=0 corridor=-98,-3727,-104 wave_mode=Combat wave_phase=24 bank_target=63 bank_turn=1
elapsed=28651 actor=lead event=vertical-step path=8942 target_speed=60 acceleration=0 corridor=-98,-3727,-104 wave_mode=Combat wave_phase=24 bank_target=63 bank_turn=1
elapsed=28651 actor=rear event=move path=70F2 target_speed=60 acceleration=0 corridor=70,-2870,-82 wave_mode=Combat wave_phase=28 bank_target=34 bank_turn=1
elapsed=28651 actor=rear event=vertical-step path=8942 target_speed=60 acceleration=0 corridor=70,-2870,-82 wave_mode=Combat wave_phase=28 bank_target=34 bank_turn=1
elapsed=28654 actor=lead event=move path=70F2 target_speed=60 acceleration=0 corridor=-98,-3727,-104 wave_mode=Combat wave_phase=28 bank_target=64 bank_turn=1
elapsed=28655 actor=lead event=vertical-step path=8942 target_speed=60 acceleration=0 corridor=-98,-3727,-104 wave_mode=Combat wave_phase=28 bank_target=64 bank_turn=1
elapsed=28655 actor=rear event=move path=70F2 target_speed=60 acceleration=0 corridor=70,-2870,-82 wave_mode=Combat wave_phase=32 bank_target=35 bank_turn=1
elapsed=28655 actor=rear event=vertical-step path=8942 target_speed=60 acceleration=0 corridor=70,-2870,-82 wave_mode=Combat wave_phase=32 bank_target=35 bank_turn=1
elapsed=28658 actor=lead event=move path=70F2 target_speed=60 acceleration=0 corridor=-98,-3727,-104 wave_mode=Combat wave_phase=32 bank_target=65 bank_turn=1
elapsed=28658 actor=lead event=vertical-step path=8942 target_speed=60 acceleration=0 corridor=-98,-3727,-104 wave_mode=Combat wave_phase=32 bank_target=65 bank_turn=1
elapsed=28659 actor=rear event=move path=70F2 target_speed=60 acceleration=0 corridor=70,-2870,-82 wave_mode=Combat wave_phase=36 bank_target=36 bank_turn=1
elapsed=28659 actor=rear event=vertical-step path=8942 target_speed=60 acceleration=0 corridor=70,-2870,-82 wave_mode=Combat wave_phase=36 bank_target=36 bank_turn=1
elapsed=28662 actor=lead event=move path=70F2 target_speed=60 acceleration=0 corridor=-98,-3727,-104 wave_mode=Combat wave_phase=36 bank_target=66 bank_turn=1
elapsed=28662 actor=lead event=vertical-step path=8942 target_speed=60 acceleration=0 corridor=-98,-3727,-104 wave_mode=Combat wave_phase=36 bank_target=66 bank_turn=1
elapsed=28662 actor=rear event=move path=70F2 target_speed=60 acceleration=0 corridor=70,-2870,-82 wave_mode=Combat wave_phase=40 bank_target=37 bank_turn=1
elapsed=28663 actor=rear event=vertical-step path=8942 target_speed=60 acceleration=0 corridor=70,-2870,-82 wave_mode=Combat wave_phase=40 bank_target=37 bank_turn=1
elapsed=28665 actor=lead event=move path=70F2 target_speed=60 acceleration=0 corridor=-98,-3727,-104 wave_mode=Combat wave_phase=40 bank_target=67 bank_turn=1
elapsed=28666 actor=lead event=vertical-step path=8942 target_speed=60 acceleration=0 corridor=-98,-3727,-104 wave_mode=Combat wave_phase=40 bank_target=67 bank_turn=1
elapsed=28666 actor=rear event=move path=70F2 target_speed=60 acceleration=0 corridor=70,-2870,-82 wave_mode=Combat wave_phase=44 bank_target=38 bank_turn=1
elapsed=28666 actor=rear event=vertical-step path=8942 target_speed=60 acceleration=0 corridor=70,-2870,-82 wave_mode=Combat wave_phase=44 bank_target=38 bank_turn=1
elapsed=28669 actor=lead event=move path=70F2 target_speed=60 acceleration=0 corridor=-98,-3727,-104 wave_mode=Combat wave_phase=44 bank_target=68 bank_turn=1
elapsed=28669 actor=lead event=vertical-step path=8942 target_speed=60 acceleration=0 corridor=-98,-3727,-104 wave_mode=Combat wave_phase=44 bank_target=68 bank_turn=1
elapsed=28670 actor=rear event=move path=70F2 target_speed=60 acceleration=0 corridor=70,-2870,-82 wave_mode=Combat wave_phase=48 bank_target=39 bank_turn=1
elapsed=28670 actor=rear event=vertical-step path=8942 target_speed=60 acceleration=0 corridor=70,-2870,-82 wave_mode=Combat wave_phase=48 bank_target=39 bank_turn=1
elapsed=28673 actor=lead event=move path=70F2 target_speed=60 acceleration=0 corridor=-98,-3727,-104 wave_mode=Combat wave_phase=48 bank_target=69 bank_turn=1
elapsed=28673 actor=lead event=vertical-step path=8942 target_speed=60 acceleration=0 corridor=-98,-3727,-104 wave_mode=Combat wave_phase=48 bank_target=69 bank_turn=1
elapsed=28673 actor=rear event=move path=70F2 target_speed=60 acceleration=0 corridor=70,-2870,-82 wave_mode=Combat wave_phase=52 bank_target=40 bank_turn=1
elapsed=28673 actor=rear event=vertical-step path=8942 target_speed=60 acceleration=0 corridor=70,-2870,-82 wave_mode=Combat wave_phase=52 bank_target=40 bank_turn=1
elapsed=28676 actor=lead event=move path=70F2 target_speed=60 acceleration=0 corridor=-98,-3727,-104 wave_mode=Combat wave_phase=52 bank_target=70 bank_turn=1
elapsed=28676 actor=lead event=vertical-step path=8942 target_speed=60 acceleration=0 corridor=-98,-3727,-104 wave_mode=Combat wave_phase=52 bank_target=70 bank_turn=1
elapsed=28677 actor=rear event=move path=70F2 target_speed=60 acceleration=0 corridor=70,-2870,-82 wave_mode=Combat wave_phase=56 bank_target=41 bank_turn=1
elapsed=28677 actor=rear event=vertical-step path=8942 target_speed=60 acceleration=0 corridor=70,-2870,-82 wave_mode=Combat wave_phase=56 bank_target=41 bank_turn=1
elapsed=28680 actor=lead event=move path=70F2 target_speed=60 acceleration=0 corridor=-98,-3727,-104 wave_mode=Combat wave_phase=56 bank_target=71 bank_turn=1
elapsed=28680 actor=lead event=vertical-step path=8942 target_speed=60 acceleration=0 corridor=-98,-3727,-104 wave_mode=Combat wave_phase=56 bank_target=71 bank_turn=1
elapsed=28680 actor=rear event=move path=70F2 target_speed=60 acceleration=0 corridor=70,-2870,-82 wave_mode=Combat wave_phase=60 bank_target=42 bank_turn=1
elapsed=28681 actor=rear event=vertical-step path=8942 target_speed=60 acceleration=0 corridor=70,-2870,-82 wave_mode=Combat wave_phase=60 bank_target=42 bank_turn=1
elapsed=28684 actor=lead event=move path=70F2 target_speed=60 acceleration=0 corridor=-98,-3727,-104 wave_mode=Combat wave_phase=60 bank_target=72 bank_turn=1
elapsed=28684 actor=lead event=vertical-step path=8942 target_speed=60 acceleration=0 corridor=-98,-3727,-104 wave_mode=Combat wave_phase=60 bank_target=72 bank_turn=1
elapsed=28684 actor=rear event=move path=70F2 target_speed=60 acceleration=0 corridor=70,-2870,-82 wave_mode=Combat wave_phase=64 bank_target=43 bank_turn=1
elapsed=28685 actor=rear event=vertical-step path=8942 target_speed=60 acceleration=0 corridor=70,-2870,-82 wave_mode=Combat wave_phase=64 bank_target=43 bank_turn=1
elapsed=28688 actor=lead event=move path=70F2 target_speed=60 acceleration=0 corridor=-98,-3727,-104 wave_mode=Combat wave_phase=64 bank_target=73 bank_turn=1
elapsed=28688 actor=lead event=vertical-step path=8942 target_speed=60 acceleration=0 corridor=-98,-3727,-104 wave_mode=Combat wave_phase=64 bank_target=73 bank_turn=1
elapsed=28689 actor=rear event=move path=70F2 target_speed=60 acceleration=0 corridor=70,-2870,-82 wave_mode=Combat wave_phase=68 bank_target=44 bank_turn=1
elapsed=28689 actor=rear event=vertical-step path=8942 target_speed=60 acceleration=0 corridor=70,-2870,-82 wave_mode=Combat wave_phase=68 bank_target=44 bank_turn=1
elapsed=28692 actor=lead event=move path=70F2 target_speed=60 acceleration=0 corridor=-98,-3727,-104 wave_mode=Combat wave_phase=68 bank_target=74 bank_turn=1
elapsed=28692 actor=lead event=vertical-step path=8942 target_speed=60 acceleration=0 corridor=-98,-3727,-104 wave_mode=Combat wave_phase=68 bank_target=74 bank_turn=1
elapsed=28693 actor=rear event=move path=70F2 target_speed=60 acceleration=0 corridor=70,-2870,-82 wave_mode=Combat wave_phase=72 bank_target=45 bank_turn=1
elapsed=28693 actor=rear event=vertical-step path=8942 target_speed=60 acceleration=0 corridor=70,-2870,-82 wave_mode=Combat wave_phase=72 bank_target=45 bank_turn=1
elapsed=28697 actor=lead event=move path=70F2 target_speed=60 acceleration=0 corridor=-98,-3727,-104 wave_mode=Combat wave_phase=72 bank_target=75 bank_turn=1
elapsed=28697 actor=lead event=vertical-step path=8942 target_speed=60 acceleration=0 corridor=-98,-3727,-104 wave_mode=Combat wave_phase=72 bank_target=75 bank_turn=1
elapsed=28697 actor=rear event=move path=70F2 target_speed=60 acceleration=0 corridor=70,-2870,-82 wave_mode=Combat wave_phase=76 bank_target=46 bank_turn=1
elapsed=28697 actor=rear event=vertical-step path=8942 target_speed=60 acceleration=0 corridor=70,-2870,-82 wave_mode=Combat wave_phase=76 bank_target=46 bank_turn=1
elapsed=28701 actor=lead event=move path=70F2 target_speed=60 acceleration=0 corridor=-98,-3727,-104 wave_mode=Combat wave_phase=76 bank_target=76 bank_turn=1
elapsed=28701 actor=lead event=vertical-step path=8942 target_speed=60 acceleration=0 corridor=-98,-3727,-104 wave_mode=Combat wave_phase=76 bank_target=76 bank_turn=1
elapsed=28702 actor=rear event=move path=70F2 target_speed=60 acceleration=0 corridor=70,-2870,-82 wave_mode=Combat wave_phase=80 bank_target=47 bank_turn=1
elapsed=28702 actor=rear event=vertical-step path=8942 target_speed=60 acceleration=0 corridor=70,-2870,-82 wave_mode=Combat wave_phase=80 bank_target=47 bank_turn=1
elapsed=28705 actor=lead event=move path=70F2 target_speed=60 acceleration=0 corridor=-98,-3727,-104 wave_mode=Combat wave_phase=80 bank_target=77 bank_turn=1
elapsed=28706 actor=lead event=vertical-step path=8942 target_speed=60 acceleration=0 corridor=-98,-3727,-104 wave_mode=Combat wave_phase=80 bank_target=77 bank_turn=1
elapsed=28706 actor=rear event=move path=70F2 target_speed=60 acceleration=0 corridor=70,-2870,-82 wave_mode=Combat wave_phase=84 bank_target=48 bank_turn=1
elapsed=28706 actor=rear event=vertical-step path=8942 target_speed=60 acceleration=0 corridor=70,-2870,-82 wave_mode=Combat wave_phase=84 bank_target=48 bank_turn=1
elapsed=28710 actor=lead event=move path=70F2 target_speed=60 acceleration=0 corridor=-98,-3727,-104 wave_mode=Combat wave_phase=84 bank_target=78 bank_turn=1
elapsed=28710 actor=lead event=vertical-step path=8942 target_speed=60 acceleration=0 corridor=-98,-3727,-104 wave_mode=Combat wave_phase=84 bank_target=78 bank_turn=1
elapsed=28710 actor=rear event=move path=70F2 target_speed=60 acceleration=0 corridor=70,-2870,-82 wave_mode=Combat wave_phase=88 bank_target=49 bank_turn=1
elapsed=28711 actor=rear event=vertical-step path=8942 target_speed=60 acceleration=0 corridor=70,-2870,-82 wave_mode=Combat wave_phase=88 bank_target=49 bank_turn=1
elapsed=28714 actor=lead event=move path=70F2 target_speed=60 acceleration=0 corridor=-98,-3727,-104 wave_mode=Combat wave_phase=88 bank_target=79 bank_turn=1
elapsed=28714 actor=lead event=vertical-step path=8942 target_speed=60 acceleration=0 corridor=-98,-3727,-104 wave_mode=Combat wave_phase=88 bank_target=79 bank_turn=1
elapsed=28715 actor=rear event=move path=70F2 target_speed=60 acceleration=0 corridor=70,-2870,-82 wave_mode=Combat wave_phase=92 bank_target=50 bank_turn=1
elapsed=28715 actor=rear event=vertical-step path=8942 target_speed=60 acceleration=0 corridor=70,-2870,-82 wave_mode=Combat wave_phase=92 bank_target=50 bank_turn=1
elapsed=28718 actor=lead event=move path=70F2 target_speed=60 acceleration=0 corridor=-98,-3727,-104 wave_mode=Combat wave_phase=92 bank_target=80 bank_turn=1
elapsed=28718 actor=lead event=vertical-step path=8942 target_speed=60 acceleration=0 corridor=-98,-3727,-104 wave_mode=Combat wave_phase=92 bank_target=80 bank_turn=1
elapsed=28719 actor=rear event=move path=70F2 target_speed=60 acceleration=0 corridor=70,-2870,-82 wave_mode=Combat wave_phase=96 bank_target=51 bank_turn=1
elapsed=28719 actor=rear event=vertical-step path=8942 target_speed=60 acceleration=0 corridor=70,-2870,-82 wave_mode=Combat wave_phase=96 bank_target=51 bank_turn=1
elapsed=28722 actor=lead event=move path=70F2 target_speed=60 acceleration=0 corridor=20,719,107 wave_mode=Combat wave_phase=96 bank_target=81 bank_turn=1
elapsed=28722 actor=lead event=vertical-step path=8942 target_speed=60 acceleration=0 corridor=20,719,107 wave_mode=Combat wave_phase=96 bank_target=81 bank_turn=1
elapsed=28722 actor=rear event=move path=70F2 target_speed=60 acceleration=0 corridor=-45,-487,55 wave_mode=Combat wave_phase=100 bank_target=52 bank_turn=1
elapsed=28723 actor=rear event=vertical-step path=8942 target_speed=60 acceleration=0 corridor=-45,-487,55 wave_mode=Combat wave_phase=100 bank_target=52 bank_turn=1
elapsed=28726 actor=lead event=move path=70F2 target_speed=60 acceleration=0 corridor=20,719,107 wave_mode=Combat wave_phase=100 bank_target=82 bank_turn=1
elapsed=28726 actor=lead event=vertical-step path=8942 target_speed=60 acceleration=0 corridor=20,719,107 wave_mode=Combat wave_phase=100 bank_target=82 bank_turn=1
elapsed=28726 actor=rear event=move path=70F2 target_speed=60 acceleration=0 corridor=-45,-487,55 wave_mode=Combat wave_phase=104 bank_target=53 bank_turn=1
elapsed=28726 actor=rear event=vertical-step path=8942 target_speed=60 acceleration=0 corridor=-45,-487,55 wave_mode=Combat wave_phase=104 bank_target=53 bank_turn=1
elapsed=28729 actor=lead event=move path=70F2 target_speed=60 acceleration=0 corridor=20,719,107 wave_mode=Combat wave_phase=104 bank_target=83 bank_turn=1
elapsed=28729 actor=lead event=vertical-step path=8942 target_speed=60 acceleration=0 corridor=20,719,107 wave_mode=Combat wave_phase=104 bank_target=83 bank_turn=1
elapsed=28730 actor=rear event=move path=70F2 target_speed=60 acceleration=0 corridor=-45,-487,55 wave_mode=Combat wave_phase=108 bank_target=54 bank_turn=1
elapsed=28730 actor=rear event=vertical-step path=8942 target_speed=60 acceleration=0 corridor=-45,-487,55 wave_mode=Combat wave_phase=108 bank_target=54 bank_turn=1
elapsed=28733 actor=lead event=move path=70F2 target_speed=60 acceleration=0 corridor=20,719,107 wave_mode=Combat wave_phase=108 bank_target=84 bank_turn=1
elapsed=28733 actor=lead event=vertical-step path=8942 target_speed=60 acceleration=0 corridor=20,719,107 wave_mode=Combat wave_phase=108 bank_target=84 bank_turn=1
elapsed=28733 actor=rear event=wait-for-angle path=7101 target_speed=60 acceleration=0 corridor=-45,-487,55 wave_mode=Combat wave_phase=112 bank_target=55 bank_turn=0
elapsed=28733 actor=rear event=move path=7101 target_speed=60 acceleration=0 corridor=-45,-487,55 wave_mode=Combat wave_phase=112 bank_target=55 bank_turn=0
elapsed=28734 actor=rear event=vertical-step path=8942 target_speed=60 acceleration=0 corridor=-45,-487,55 wave_mode=Combat wave_phase=112 bank_target=55 bank_turn=0
elapsed=28736 actor=lead event=move path=70F2 target_speed=60 acceleration=0 corridor=20,719,107 wave_mode=Combat wave_phase=112 bank_target=85 bank_turn=1
elapsed=28737 actor=lead event=vertical-step path=8942 target_speed=60 acceleration=0 corridor=20,719,107 wave_mode=Combat wave_phase=112 bank_target=85 bank_turn=1
elapsed=28737 actor=rear event=wait-for-angle path=7101 target_speed=60 acceleration=0 corridor=-45,-487,55 wave_mode=Combat wave_phase=116 bank_target=55 bank_turn=0
elapsed=28737 actor=rear event=move path=7101 target_speed=60 acceleration=0 corridor=-45,-487,55 wave_mode=Combat wave_phase=116 bank_target=55 bank_turn=0
elapsed=28737 actor=rear event=vertical-step path=8942 target_speed=60 acceleration=0 corridor=-45,-487,55 wave_mode=Combat wave_phase=116 bank_target=55 bank_turn=0
elapsed=28740 actor=lead event=wait-for-angle path=7101 target_speed=60 acceleration=0 corridor=20,719,107 wave_mode=Combat wave_phase=116 bank_target=86 bank_turn=0
elapsed=28740 actor=lead event=move path=7101 target_speed=60 acceleration=0 corridor=20,719,107 wave_mode=Combat wave_phase=116 bank_target=86 bank_turn=0
elapsed=28740 actor=lead event=vertical-step path=8942 target_speed=60 acceleration=0 corridor=20,719,107 wave_mode=Combat wave_phase=116 bank_target=86 bank_turn=0
elapsed=28740 actor=rear event=wait-for-angle path=7101 target_speed=60 acceleration=0 corridor=-45,-487,55 wave_mode=Combat wave_phase=120 bank_target=55 bank_turn=0
elapsed=28740 actor=rear event=move path=7101 target_speed=60 acceleration=0 corridor=-45,-487,55 wave_mode=Combat wave_phase=120 bank_target=55 bank_turn=0
elapsed=28741 actor=rear event=vertical-step path=8942 target_speed=60 acceleration=0 corridor=-45,-487,55 wave_mode=Combat wave_phase=120 bank_target=55 bank_turn=0
elapsed=28744 actor=lead event=wait-for-angle path=7101 target_speed=60 acceleration=0 corridor=20,719,107 wave_mode=Combat wave_phase=120 bank_target=86 bank_turn=0
elapsed=28744 actor=lead event=move path=7101 target_speed=60 acceleration=0 corridor=20,719,107 wave_mode=Combat wave_phase=120 bank_target=86 bank_turn=0
elapsed=28744 actor=lead event=vertical-step path=8942 target_speed=60 acceleration=0 corridor=20,719,107 wave_mode=Combat wave_phase=120 bank_target=86 bank_turn=0
elapsed=28744 actor=rear event=wait-for-angle path=7101 target_speed=60 acceleration=0 corridor=-45,-487,55 wave_mode=Combat wave_phase=124 bank_target=55 bank_turn=0
elapsed=28744 actor=rear event=move path=7101 target_speed=60 acceleration=0 corridor=-45,-487,55 wave_mode=Combat wave_phase=124 bank_target=55 bank_turn=0
elapsed=28745 actor=rear event=vertical-step path=8942 target_speed=60 acceleration=0 corridor=-45,-487,55 wave_mode=Combat wave_phase=124 bank_target=55 bank_turn=0
elapsed=28748 actor=lead event=wait-for-angle path=7101 target_speed=60 acceleration=0 corridor=20,719,107 wave_mode=Combat wave_phase=124 bank_target=86 bank_turn=0
elapsed=28748 actor=lead event=move path=7101 target_speed=60 acceleration=0 corridor=20,719,107 wave_mode=Combat wave_phase=124 bank_target=86 bank_turn=0
elapsed=28748 actor=lead event=vertical-step path=8942 target_speed=60 acceleration=0 corridor=20,719,107 wave_mode=Combat wave_phase=124 bank_target=86 bank_turn=0
elapsed=28748 actor=rear event=wait-for-angle path=7101 target_speed=60 acceleration=0 corridor=-45,-487,55 wave_mode=Combat wave_phase=128 bank_target=55 bank_turn=0
elapsed=28748 actor=rear event=move path=7101 target_speed=60 acceleration=0 corridor=-45,-487,55 wave_mode=Combat wave_phase=128 bank_target=55 bank_turn=0
elapsed=28749 actor=rear event=vertical-step path=8942 target_speed=60 acceleration=0 corridor=-45,-487,55 wave_mode=Combat wave_phase=128 bank_target=55 bank_turn=0
elapsed=28752 actor=lead event=wait-for-angle path=7101 target_speed=60 acceleration=0 corridor=20,719,107 wave_mode=Combat wave_phase=128 bank_target=86 bank_turn=0
elapsed=28752 actor=lead event=move path=7101 target_speed=60 acceleration=0 corridor=20,719,107 wave_mode=Combat wave_phase=128 bank_target=86 bank_turn=0
elapsed=28752 actor=lead event=vertical-step path=8942 target_speed=60 acceleration=0 corridor=20,719,107 wave_mode=Combat wave_phase=128 bank_target=86 bank_turn=0
elapsed=28752 actor=rear event=wait-for-angle path=7101 target_speed=60 acceleration=0 corridor=-45,-487,55 wave_mode=Combat wave_phase=132 bank_target=55 bank_turn=0
elapsed=28752 actor=rear event=move path=7101 target_speed=60 acceleration=0 corridor=-45,-487,55 wave_mode=Combat wave_phase=132 bank_target=55 bank_turn=0
elapsed=28752 actor=rear event=vertical-step path=8942 target_speed=60 acceleration=0 corridor=-45,-487,55 wave_mode=Combat wave_phase=132 bank_target=55 bank_turn=0
elapsed=28756 actor=lead event=wait-for-angle path=7101 target_speed=60 acceleration=0 corridor=20,719,107 wave_mode=Combat wave_phase=132 bank_target=86 bank_turn=0
elapsed=28756 actor=lead event=move path=7101 target_speed=60 acceleration=0 corridor=20,719,107 wave_mode=Combat wave_phase=132 bank_target=86 bank_turn=0
elapsed=28756 actor=lead event=vertical-step path=8942 target_speed=60 acceleration=0 corridor=20,719,107 wave_mode=Combat wave_phase=132 bank_target=86 bank_turn=0
elapsed=28756 actor=rear event=wait-for-angle path=7101 target_speed=60 acceleration=0 corridor=-45,-487,55 wave_mode=Combat wave_phase=136 bank_target=55 bank_turn=0
elapsed=28756 actor=rear event=move path=7101 target_speed=60 acceleration=0 corridor=-45,-487,55 wave_mode=Combat wave_phase=136 bank_target=55 bank_turn=0
elapsed=28756 actor=rear event=vertical-step path=8942 target_speed=60 acceleration=0 corridor=-45,-487,55 wave_mode=Combat wave_phase=136 bank_target=55 bank_turn=0
elapsed=28760 actor=lead event=wait-for-angle path=7101 target_speed=60 acceleration=0 corridor=20,719,107 wave_mode=Combat wave_phase=136 bank_target=86 bank_turn=0
elapsed=28760 actor=lead event=move path=7101 target_speed=60 acceleration=0 corridor=20,719,107 wave_mode=Combat wave_phase=136 bank_target=86 bank_turn=0
elapsed=28760 actor=lead event=vertical-step path=8942 target_speed=60 acceleration=0 corridor=20,719,107 wave_mode=Combat wave_phase=136 bank_target=86 bank_turn=0
elapsed=28761 actor=rear event=wait-for-angle path=7101 target_speed=60 acceleration=0 corridor=-45,-487,55 wave_mode=Combat wave_phase=140 bank_target=55 bank_turn=0
elapsed=28761 actor=rear event=move path=7101 target_speed=60 acceleration=0 corridor=-45,-487,55 wave_mode=Combat wave_phase=140 bank_target=55 bank_turn=0
elapsed=28761 actor=rear event=vertical-step path=8942 target_speed=60 acceleration=0 corridor=-45,-487,55 wave_mode=Combat wave_phase=140 bank_target=55 bank_turn=0
elapsed=28764 actor=lead event=wait-for-angle path=7101 target_speed=60 acceleration=0 corridor=20,719,107 wave_mode=Combat wave_phase=140 bank_target=86 bank_turn=0
elapsed=28764 actor=lead event=move path=7101 target_speed=60 acceleration=0 corridor=20,719,107 wave_mode=Combat wave_phase=140 bank_target=86 bank_turn=0
elapsed=28765 actor=lead event=vertical-step path=8942 target_speed=60 acceleration=0 corridor=20,719,107 wave_mode=Combat wave_phase=140 bank_target=86 bank_turn=0
elapsed=28765 actor=rear event=wait-for-angle path=7101 target_speed=60 acceleration=0 corridor=-45,-487,55 wave_mode=Combat wave_phase=144 bank_target=55 bank_turn=0
elapsed=28765 actor=rear event=move path=7101 target_speed=60 acceleration=0 corridor=-45,-487,55 wave_mode=Combat wave_phase=144 bank_target=55 bank_turn=0
elapsed=28765 actor=rear event=vertical-step path=8942 target_speed=60 acceleration=0 corridor=-45,-487,55 wave_mode=Combat wave_phase=144 bank_target=55 bank_turn=0
elapsed=28769 actor=lead event=wait-for-angle path=7101 target_speed=60 acceleration=0 corridor=20,719,107 wave_mode=Combat wave_phase=144 bank_target=86 bank_turn=0
elapsed=28769 actor=lead event=move path=7101 target_speed=60 acceleration=0 corridor=20,719,107 wave_mode=Combat wave_phase=144 bank_target=86 bank_turn=0
elapsed=28769 actor=lead event=vertical-step path=8942 target_speed=60 acceleration=0 corridor=20,719,107 wave_mode=Combat wave_phase=144 bank_target=86 bank_turn=0
elapsed=28770 actor=rear event=wait-for-angle path=7101 target_speed=60 acceleration=0 corridor=-45,-487,55 wave_mode=Combat wave_phase=148 bank_target=55 bank_turn=0
elapsed=28770 actor=rear event=move path=7101 target_speed=60 acceleration=0 corridor=-45,-487,55 wave_mode=Combat wave_phase=148 bank_target=55 bank_turn=0
elapsed=28770 actor=rear event=vertical-step path=8942 target_speed=60 acceleration=0 corridor=-45,-487,55 wave_mode=Combat wave_phase=148 bank_target=55 bank_turn=0
elapsed=28773 actor=lead event=wait-for-angle path=7101 target_speed=60 acceleration=0 corridor=20,719,107 wave_mode=Combat wave_phase=148 bank_target=86 bank_turn=0
elapsed=28773 actor=lead event=move path=7101 target_speed=60 acceleration=0 corridor=20,719,107 wave_mode=Combat wave_phase=148 bank_target=86 bank_turn=0
elapsed=28774 actor=lead event=vertical-step path=8942 target_speed=60 acceleration=0 corridor=20,719,107 wave_mode=Combat wave_phase=148 bank_target=86 bank_turn=0
elapsed=28774 actor=rear event=wait-for-angle path=7101 target_speed=60 acceleration=0 corridor=-45,-487,55 wave_mode=Combat wave_phase=152 bank_target=55 bank_turn=0
elapsed=28774 actor=rear event=face-player path=7125 target_speed=60 acceleration=0 corridor=-45,-487,55 wave_mode=Combat wave_phase=152 bank_target=12 bank_turn=0
elapsed=28774 actor=rear event=move path=7125 target_speed=60 acceleration=0 corridor=-45,-487,55 wave_mode=Combat wave_phase=152 bank_target=13 bank_turn=0
elapsed=28774 actor=rear event=vertical-step path=8942 target_speed=60 acceleration=0 corridor=-45,-487,55 wave_mode=Combat wave_phase=152 bank_target=13 bank_turn=0
elapsed=28778 actor=lead event=wait-for-angle path=7101 target_speed=60 acceleration=0 corridor=20,719,107 wave_mode=Combat wave_phase=152 bank_target=86 bank_turn=0
elapsed=28778 actor=lead event=move path=7101 target_speed=60 acceleration=0 corridor=20,719,107 wave_mode=Combat wave_phase=152 bank_target=86 bank_turn=0
elapsed=28778 actor=lead event=vertical-step path=8942 target_speed=60 acceleration=0 corridor=20,719,107 wave_mode=Combat wave_phase=152 bank_target=86 bank_turn=0
elapsed=28779 actor=rear event=face-player path=7125 target_speed=60 acceleration=0 corridor=-45,-487,55 wave_mode=Combat wave_phase=156 bank_target=13 bank_turn=0
elapsed=28779 actor=rear event=move path=7125 target_speed=60 acceleration=0 corridor=-45,-487,55 wave_mode=Combat wave_phase=156 bank_target=14 bank_turn=0
elapsed=28779 actor=rear event=vertical-step path=8942 target_speed=60 acceleration=0 corridor=-45,-487,55 wave_mode=Combat wave_phase=156 bank_target=14 bank_turn=0
elapsed=28782 actor=lead event=wait-for-angle path=7101 target_speed=60 acceleration=0 corridor=20,719,107 wave_mode=Combat wave_phase=156 bank_target=86 bank_turn=0
elapsed=28782 actor=lead event=move path=7101 target_speed=60 acceleration=0 corridor=20,719,107 wave_mode=Combat wave_phase=156 bank_target=86 bank_turn=0
elapsed=28782 actor=lead event=vertical-step path=8942 target_speed=60 acceleration=0 corridor=20,719,107 wave_mode=Combat wave_phase=156 bank_target=86 bank_turn=0
elapsed=28783 actor=rear event=face-player path=7125 target_speed=60 acceleration=0 corridor=-45,-487,55 wave_mode=Combat wave_phase=160 bank_target=14 bank_turn=0
elapsed=28783 actor=rear event=move path=7125 target_speed=60 acceleration=0 corridor=-45,-487,55 wave_mode=Combat wave_phase=160 bank_target=15 bank_turn=0
elapsed=28783 actor=rear event=vertical-step path=8942 target_speed=60 acceleration=0 corridor=-45,-487,55 wave_mode=Combat wave_phase=160 bank_target=15 bank_turn=0
elapsed=28786 actor=lead event=wait-for-angle path=7101 target_speed=60 acceleration=0 corridor=20,719,107 wave_mode=Combat wave_phase=160 bank_target=86 bank_turn=0
elapsed=28786 actor=lead event=face-player path=7125 target_speed=60 acceleration=0 corridor=20,719,107 wave_mode=Combat wave_phase=160 bank_target=8 bank_turn=0
elapsed=28786 actor=lead event=move path=7125 target_speed=60 acceleration=0 corridor=20,719,107 wave_mode=Combat wave_phase=160 bank_target=9 bank_turn=0
elapsed=28786 actor=lead event=vertical-step path=8942 target_speed=60 acceleration=0 corridor=20,719,107 wave_mode=Combat wave_phase=160 bank_target=9 bank_turn=0
elapsed=28787 actor=rear event=face-player path=7125 target_speed=60 acceleration=0 corridor=-45,-487,55 wave_mode=Combat wave_phase=164 bank_target=15 bank_turn=0
elapsed=28787 actor=rear event=projectile-face-immediate path=8C2D target_speed=60 acceleration=0 corridor=-45,-487,55 wave_mode=Combat wave_phase=164 bank_target=0 bank_turn=0
elapsed=28787 actor=rear event=move path=7125 target_speed=60 acceleration=0 corridor=-45,-487,55 wave_mode=Combat wave_phase=164 bank_target=0 bank_turn=0
elapsed=28787 actor=rear event=vertical-step path=8942 target_speed=60 acceleration=0 corridor=-45,-487,55 wave_mode=Combat wave_phase=164 bank_target=0 bank_turn=0
elapsed=28790 actor=lead event=face-player path=7125 target_speed=60 acceleration=0 corridor=20,719,107 wave_mode=Combat wave_phase=164 bank_target=9 bank_turn=0
elapsed=28790 actor=lead event=move path=7125 target_speed=60 acceleration=0 corridor=20,719,107 wave_mode=Combat wave_phase=164 bank_target=10 bank_turn=0
elapsed=28791 actor=lead event=vertical-step path=8942 target_speed=60 acceleration=0 corridor=20,719,107 wave_mode=Combat wave_phase=164 bank_target=10 bank_turn=0
elapsed=28791 actor=rear event=face-player path=7125 target_speed=60 acceleration=0 corridor=-45,-487,55 wave_mode=Combat wave_phase=168 bank_target=0 bank_turn=0
elapsed=28791 actor=rear event=move path=7125 target_speed=60 acceleration=0 corridor=-45,-487,55 wave_mode=Combat wave_phase=168 bank_target=1 bank_turn=0
elapsed=28791 actor=rear event=vertical-step path=8942 target_speed=60 acceleration=0 corridor=-45,-487,55 wave_mode=Combat wave_phase=168 bank_target=1 bank_turn=0
elapsed=28794 actor=lead event=face-player path=7125 target_speed=60 acceleration=0 corridor=20,719,107 wave_mode=Combat wave_phase=168 bank_target=10 bank_turn=0
elapsed=28794 actor=lead event=move path=7125 target_speed=60 acceleration=0 corridor=20,719,107 wave_mode=Combat wave_phase=168 bank_target=11 bank_turn=0
elapsed=28795 actor=lead event=vertical-step path=8942 target_speed=60 acceleration=0 corridor=20,719,107 wave_mode=Combat wave_phase=168 bank_target=11 bank_turn=0
elapsed=28795 actor=rear event=face-player path=7125 target_speed=60 acceleration=0 corridor=-45,-487,55 wave_mode=Combat wave_phase=172 bank_target=1 bank_turn=0
elapsed=28795 actor=rear event=move path=7125 target_speed=60 acceleration=0 corridor=-45,-487,55 wave_mode=Combat wave_phase=172 bank_target=2 bank_turn=0
elapsed=28795 actor=rear event=vertical-step path=8942 target_speed=60 acceleration=0 corridor=-45,-487,55 wave_mode=Combat wave_phase=172 bank_target=2 bank_turn=0
elapsed=28798 actor=lead event=face-player path=7125 target_speed=60 acceleration=0 corridor=20,719,107 wave_mode=Combat wave_phase=172 bank_target=11 bank_turn=0
elapsed=28798 actor=lead event=move path=7125 target_speed=60 acceleration=0 corridor=20,719,107 wave_mode=Combat wave_phase=172 bank_target=12 bank_turn=0
elapsed=28798 actor=lead event=vertical-step path=8942 target_speed=60 acceleration=0 corridor=20,719,107 wave_mode=Combat wave_phase=172 bank_target=12 bank_turn=0
elapsed=28799 actor=rear event=face-player path=7125 target_speed=60 acceleration=0 corridor=-45,-487,55 wave_mode=Combat wave_phase=176 bank_target=2 bank_turn=0
elapsed=28799 actor=rear event=move path=7125 target_speed=60 acceleration=0 corridor=-45,-487,55 wave_mode=Combat wave_phase=176 bank_target=3 bank_turn=0
elapsed=28799 actor=rear event=vertical-step path=8942 target_speed=60 acceleration=0 corridor=-45,-487,55 wave_mode=Combat wave_phase=176 bank_target=3 bank_turn=0
elapsed=28802 actor=lead event=face-player path=7125 target_speed=60 acceleration=0 corridor=20,719,107 wave_mode=Combat wave_phase=176 bank_target=12 bank_turn=0
elapsed=28802 actor=lead event=move path=7125 target_speed=60 acceleration=0 corridor=20,719,107 wave_mode=Combat wave_phase=176 bank_target=13 bank_turn=0
elapsed=28802 actor=lead event=vertical-step path=8942 target_speed=60 acceleration=0 corridor=20,719,107 wave_mode=Combat wave_phase=176 bank_target=13 bank_turn=0
elapsed=28802 actor=rear event=face-player path=7125 target_speed=60 acceleration=0 corridor=-45,-487,55 wave_mode=Combat wave_phase=180 bank_target=3 bank_turn=0
elapsed=28803 actor=rear event=move path=7125 target_speed=60 acceleration=0 corridor=-45,-487,55 wave_mode=Combat wave_phase=180 bank_target=4 bank_turn=0
elapsed=28803 actor=rear event=vertical-step path=8942 target_speed=60 acceleration=0 corridor=-45,-487,55 wave_mode=Combat wave_phase=180 bank_target=4 bank_turn=0
elapsed=28805 actor=lead event=face-player path=7125 target_speed=60 acceleration=0 corridor=20,719,107 wave_mode=Combat wave_phase=180 bank_target=13 bank_turn=0
elapsed=28805 actor=lead event=move path=7125 target_speed=60 acceleration=0 corridor=20,719,107 wave_mode=Combat wave_phase=180 bank_target=14 bank_turn=0
elapsed=28806 actor=lead event=vertical-step path=8942 target_speed=60 acceleration=0 corridor=20,719,107 wave_mode=Combat wave_phase=180 bank_target=14 bank_turn=0
elapsed=28806 actor=rear event=face-player path=7125 target_speed=60 acceleration=0 corridor=-45,-487,55 wave_mode=Combat wave_phase=184 bank_target=4 bank_turn=0
elapsed=28806 actor=rear event=move path=7125 target_speed=60 acceleration=0 corridor=-45,-487,55 wave_mode=Combat wave_phase=184 bank_target=5 bank_turn=0
elapsed=28806 actor=rear event=vertical-step path=8942 target_speed=60 acceleration=0 corridor=-45,-487,55 wave_mode=Combat wave_phase=184 bank_target=5 bank_turn=0
elapsed=28809 actor=lead event=face-player path=7125 target_speed=60 acceleration=0 corridor=20,719,107 wave_mode=Combat wave_phase=184 bank_target=14 bank_turn=0
elapsed=28809 actor=lead event=move path=7125 target_speed=60 acceleration=0 corridor=20,719,107 wave_mode=Combat wave_phase=184 bank_target=15 bank_turn=0
elapsed=28809 actor=lead event=vertical-step path=8942 target_speed=60 acceleration=0 corridor=20,719,107 wave_mode=Combat wave_phase=184 bank_target=15 bank_turn=0
elapsed=28810 actor=rear event=face-player path=7125 target_speed=60 acceleration=0 corridor=-45,-487,55 wave_mode=Combat wave_phase=188 bank_target=5 bank_turn=0
elapsed=28810 actor=rear event=move path=7125 target_speed=60 acceleration=0 corridor=-45,-487,55 wave_mode=Combat wave_phase=188 bank_target=6 bank_turn=0
elapsed=28810 actor=rear event=vertical-step path=8942 target_speed=60 acceleration=0 corridor=-45,-487,55 wave_mode=Combat wave_phase=188 bank_target=6 bank_turn=0
elapsed=28813 actor=lead event=face-player path=7125 target_speed=60 acceleration=0 corridor=20,719,107 wave_mode=Combat wave_phase=188 bank_target=15 bank_turn=0
elapsed=28813 actor=lead event=projectile-face-immediate path=8C2D target_speed=60 acceleration=0 corridor=20,719,107 wave_mode=Combat wave_phase=188 bank_target=0 bank_turn=0
elapsed=28813 actor=lead event=move path=7125 target_speed=60 acceleration=0 corridor=20,719,107 wave_mode=Combat wave_phase=188 bank_target=0 bank_turn=0
elapsed=28813 actor=lead event=vertical-step path=8942 target_speed=60 acceleration=0 corridor=20,719,107 wave_mode=Combat wave_phase=188 bank_target=0 bank_turn=0
elapsed=28814 actor=rear event=face-player path=7125 target_speed=60 acceleration=0 corridor=-45,-487,55 wave_mode=Combat wave_phase=192 bank_target=6 bank_turn=0
elapsed=28814 actor=rear event=move path=7125 target_speed=60 acceleration=0 corridor=-45,-487,55 wave_mode=Combat wave_phase=192 bank_target=7 bank_turn=0
elapsed=28814 actor=rear event=vertical-step path=8942 target_speed=60 acceleration=0 corridor=-45,-487,55 wave_mode=Combat wave_phase=192 bank_target=7 bank_turn=0
elapsed=28817 actor=lead event=face-player path=7125 target_speed=60 acceleration=0 corridor=20,719,107 wave_mode=Combat wave_phase=192 bank_target=0 bank_turn=0
elapsed=28817 actor=lead event=move path=7125 target_speed=60 acceleration=0 corridor=20,719,107 wave_mode=Combat wave_phase=192 bank_target=1 bank_turn=0
elapsed=28817 actor=lead event=vertical-step path=8942 target_speed=60 acceleration=0 corridor=20,719,107 wave_mode=Combat wave_phase=192 bank_target=1 bank_turn=0
elapsed=28818 actor=rear event=face-player path=7125 target_speed=60 acceleration=0 corridor=-45,-487,55 wave_mode=Combat wave_phase=196 bank_target=7 bank_turn=0
elapsed=28818 actor=rear event=move path=7125 target_speed=60 acceleration=0 corridor=-45,-487,55 wave_mode=Combat wave_phase=196 bank_target=8 bank_turn=0
elapsed=28818 actor=rear event=vertical-step path=8942 target_speed=60 acceleration=0 corridor=-45,-487,55 wave_mode=Combat wave_phase=196 bank_target=8 bank_turn=0
elapsed=28821 actor=lead event=face-player path=7125 target_speed=60 acceleration=0 corridor=20,719,107 wave_mode=Combat wave_phase=196 bank_target=1 bank_turn=0
elapsed=28821 actor=lead event=move path=7125 target_speed=60 acceleration=0 corridor=20,719,107 wave_mode=Combat wave_phase=196 bank_target=2 bank_turn=0
elapsed=28821 actor=lead event=vertical-step path=8942 target_speed=60 acceleration=0 corridor=20,719,107 wave_mode=Combat wave_phase=196 bank_target=2 bank_turn=0
elapsed=28822 actor=rear event=face-player path=7125 target_speed=60 acceleration=0 corridor=-45,-487,55 wave_mode=Combat wave_phase=200 bank_target=8 bank_turn=0
elapsed=28822 actor=rear event=move path=7125 target_speed=60 acceleration=0 corridor=-45,-487,55 wave_mode=Combat wave_phase=200 bank_target=9 bank_turn=0
elapsed=28822 actor=rear event=vertical-step path=8942 target_speed=60 acceleration=0 corridor=-45,-487,55 wave_mode=Combat wave_phase=200 bank_target=9 bank_turn=0
elapsed=28825 actor=lead event=face-player path=7125 target_speed=60 acceleration=0 corridor=20,719,107 wave_mode=Combat wave_phase=200 bank_target=2 bank_turn=0
elapsed=28825 actor=lead event=move path=7125 target_speed=60 acceleration=0 corridor=20,719,107 wave_mode=Combat wave_phase=200 bank_target=3 bank_turn=0
elapsed=28825 actor=lead event=vertical-step path=8942 target_speed=60 acceleration=0 corridor=20,719,107 wave_mode=Combat wave_phase=200 bank_target=3 bank_turn=0
elapsed=28826 actor=rear event=face-player path=7125 target_speed=60 acceleration=0 corridor=-45,-487,55 wave_mode=Combat wave_phase=204 bank_target=9 bank_turn=0
elapsed=28826 actor=rear event=move path=7125 target_speed=60 acceleration=0 corridor=-45,-487,55 wave_mode=Combat wave_phase=204 bank_target=10 bank_turn=0
elapsed=28826 actor=rear event=vertical-step path=8942 target_speed=60 acceleration=0 corridor=-45,-487,55 wave_mode=Combat wave_phase=204 bank_target=10 bank_turn=0
elapsed=28829 actor=lead event=face-player path=7125 target_speed=60 acceleration=0 corridor=20,719,107 wave_mode=Combat wave_phase=204 bank_target=3 bank_turn=0
elapsed=28829 actor=lead event=move path=7125 target_speed=60 acceleration=0 corridor=20,719,107 wave_mode=Combat wave_phase=204 bank_target=4 bank_turn=0
elapsed=28829 actor=lead event=vertical-step path=8942 target_speed=60 acceleration=0 corridor=20,719,107 wave_mode=Combat wave_phase=204 bank_target=4 bank_turn=0
elapsed=28830 actor=rear event=face-player path=7125 target_speed=60 acceleration=0 corridor=-45,-487,55 wave_mode=Combat wave_phase=208 bank_target=10 bank_turn=0
elapsed=28830 actor=rear event=move path=7125 target_speed=60 acceleration=0 corridor=-45,-487,55 wave_mode=Combat wave_phase=208 bank_target=11 bank_turn=0
elapsed=28830 actor=rear event=vertical-step path=8942 target_speed=60 acceleration=0 corridor=-45,-487,55 wave_mode=Combat wave_phase=208 bank_target=11 bank_turn=0
elapsed=28834 actor=lead event=face-player path=7125 target_speed=60 acceleration=0 corridor=20,719,107 wave_mode=Combat wave_phase=208 bank_target=4 bank_turn=0
elapsed=28834 actor=lead event=move path=7125 target_speed=60 acceleration=0 corridor=20,719,107 wave_mode=Combat wave_phase=208 bank_target=5 bank_turn=0
elapsed=28834 actor=lead event=vertical-step path=8942 target_speed=60 acceleration=0 corridor=20,719,107 wave_mode=Combat wave_phase=208 bank_target=5 bank_turn=0
elapsed=28834 actor=rear event=face-player path=7125 target_speed=60 acceleration=0 corridor=-45,-487,55 wave_mode=Combat wave_phase=212 bank_target=11 bank_turn=0
elapsed=28834 actor=rear event=move path=7125 target_speed=60 acceleration=0 corridor=-45,-487,55 wave_mode=Combat wave_phase=212 bank_target=12 bank_turn=0
elapsed=28835 actor=rear event=vertical-step path=8942 target_speed=60 acceleration=0 corridor=-45,-487,55 wave_mode=Combat wave_phase=212 bank_target=12 bank_turn=0
elapsed=28838 actor=lead event=face-player path=7125 target_speed=60 acceleration=0 corridor=20,719,107 wave_mode=Combat wave_phase=212 bank_target=5 bank_turn=0
elapsed=28838 actor=lead event=move path=7125 target_speed=60 acceleration=0 corridor=20,719,107 wave_mode=Combat wave_phase=212 bank_target=6 bank_turn=0
elapsed=28838 actor=lead event=vertical-step path=8942 target_speed=60 acceleration=0 corridor=20,719,107 wave_mode=Combat wave_phase=212 bank_target=6 bank_turn=0
elapsed=28839 actor=rear event=face-player path=7125 target_speed=60 acceleration=0 corridor=-45,-487,55 wave_mode=Combat wave_phase=216 bank_target=12 bank_turn=0
elapsed=28839 actor=rear event=move path=7125 target_speed=60 acceleration=0 corridor=-45,-487,55 wave_mode=Combat wave_phase=216 bank_target=13 bank_turn=0
elapsed=28839 actor=rear event=vertical-step path=8942 target_speed=60 acceleration=0 corridor=-45,-487,55 wave_mode=Combat wave_phase=216 bank_target=13 bank_turn=0
elapsed=28842 actor=lead event=face-player path=7125 target_speed=60 acceleration=0 corridor=20,719,107 wave_mode=Combat wave_phase=216 bank_target=6 bank_turn=0
elapsed=28842 actor=lead event=move path=7125 target_speed=60 acceleration=0 corridor=20,719,107 wave_mode=Combat wave_phase=216 bank_target=7 bank_turn=0
elapsed=28843 actor=lead event=vertical-step path=8942 target_speed=60 acceleration=0 corridor=20,719,107 wave_mode=Combat wave_phase=216 bank_target=7 bank_turn=0
elapsed=28843 actor=rear event=face-player path=7125 target_speed=60 acceleration=0 corridor=89,-1405,29 wave_mode=Combat wave_phase=220 bank_target=13 bank_turn=0
elapsed=28843 actor=rear event=move path=7125 target_speed=60 acceleration=0 corridor=89,-1405,29 wave_mode=Combat wave_phase=220 bank_target=14 bank_turn=0
elapsed=28843 actor=rear event=vertical-step path=8942 target_speed=60 acceleration=0 corridor=89,-1405,29 wave_mode=Combat wave_phase=220 bank_target=14 bank_turn=0
elapsed=28847 actor=lead event=face-player path=7125 target_speed=60 acceleration=0 corridor=20,719,107 wave_mode=Combat wave_phase=220 bank_target=7 bank_turn=0
elapsed=28847 actor=lead event=move path=7125 target_speed=60 acceleration=0 corridor=20,719,107 wave_mode=Combat wave_phase=220 bank_target=8 bank_turn=0
elapsed=28847 actor=lead event=vertical-step path=8942 target_speed=60 acceleration=0 corridor=20,719,107 wave_mode=Combat wave_phase=220 bank_target=8 bank_turn=0
elapsed=28847 actor=rear event=face-player path=7125 target_speed=60 acceleration=0 corridor=89,-1405,29 wave_mode=Combat wave_phase=224 bank_target=14 bank_turn=0
elapsed=28847 actor=rear event=move path=7125 target_speed=60 acceleration=0 corridor=89,-1405,29 wave_mode=Combat wave_phase=224 bank_target=15 bank_turn=0
elapsed=28847 actor=rear event=vertical-step path=8942 target_speed=60 acceleration=0 corridor=89,-1405,29 wave_mode=Combat wave_phase=224 bank_target=15 bank_turn=0
elapsed=28851 actor=lead event=face-player path=7125 target_speed=60 acceleration=0 corridor=-60,3561,-64 wave_mode=Combat wave_phase=224 bank_target=8 bank_turn=0
elapsed=28851 actor=lead event=move path=7125 target_speed=60 acceleration=0 corridor=-60,3561,-64 wave_mode=Combat wave_phase=224 bank_target=9 bank_turn=0
elapsed=28851 actor=lead event=vertical-step path=8942 target_speed=60 acceleration=0 corridor=-60,3561,-64 wave_mode=Combat wave_phase=224 bank_target=9 bank_turn=0
elapsed=28851 actor=rear event=face-player path=7125 target_speed=60 acceleration=0 corridor=89,-1405,29 wave_mode=Combat wave_phase=228 bank_target=15 bank_turn=0
elapsed=28851 actor=rear event=projectile-face-immediate path=8C2D target_speed=60 acceleration=0 corridor=89,-1405,29 wave_mode=Combat wave_phase=228 bank_target=0 bank_turn=0
elapsed=28852 actor=rear event=move path=7125 target_speed=60 acceleration=0 corridor=89,-1405,29 wave_mode=Combat wave_phase=228 bank_target=0 bank_turn=0
elapsed=28852 actor=rear event=vertical-step path=8942 target_speed=60 acceleration=0 corridor=89,-1405,29 wave_mode=Combat wave_phase=228 bank_target=0 bank_turn=0
elapsed=28855 actor=lead event=face-player path=7125 target_speed=60 acceleration=0 corridor=-60,3561,-64 wave_mode=Combat wave_phase=228 bank_target=9 bank_turn=0
elapsed=28855 actor=lead event=move path=7125 target_speed=60 acceleration=0 corridor=-60,3561,-64 wave_mode=Combat wave_phase=228 bank_target=10 bank_turn=0
elapsed=28855 actor=lead event=vertical-step path=8942 target_speed=60 acceleration=0 corridor=-60,3561,-64 wave_mode=Combat wave_phase=228 bank_target=10 bank_turn=0
elapsed=28856 actor=rear event=face-player path=7125 target_speed=60 acceleration=0 corridor=89,-1405,29 wave_mode=Combat wave_phase=232 bank_target=0 bank_turn=0
elapsed=28856 actor=rear event=move path=7125 target_speed=60 acceleration=0 corridor=89,-1405,29 wave_mode=Combat wave_phase=232 bank_target=1 bank_turn=0
elapsed=28856 actor=rear event=vertical-step path=8942 target_speed=60 acceleration=0 corridor=89,-1405,29 wave_mode=Combat wave_phase=232 bank_target=1 bank_turn=0
elapsed=28859 actor=lead event=face-player path=7125 target_speed=60 acceleration=0 corridor=-60,3561,-64 wave_mode=Combat wave_phase=232 bank_target=10 bank_turn=0
elapsed=28859 actor=lead event=move path=7125 target_speed=60 acceleration=0 corridor=-60,3561,-64 wave_mode=Combat wave_phase=232 bank_target=11 bank_turn=0
elapsed=28859 actor=lead event=vertical-step path=8942 target_speed=60 acceleration=0 corridor=-60,3561,-64 wave_mode=Combat wave_phase=232 bank_target=11 bank_turn=0
elapsed=28859 actor=rear event=face-player path=7125 target_speed=60 acceleration=0 corridor=89,-1405,29 wave_mode=Combat wave_phase=236 bank_target=1 bank_turn=0
elapsed=28859 actor=rear event=move path=7125 target_speed=60 acceleration=0 corridor=89,-1405,29 wave_mode=Combat wave_phase=236 bank_target=2 bank_turn=0
elapsed=28860 actor=rear event=vertical-step path=8942 target_speed=60 acceleration=0 corridor=89,-1405,29 wave_mode=Combat wave_phase=236 bank_target=2 bank_turn=0
elapsed=28862 actor=lead event=face-player path=7125 target_speed=60 acceleration=0 corridor=-60,3561,-64 wave_mode=Combat wave_phase=236 bank_target=11 bank_turn=0
elapsed=28862 actor=lead event=move path=7125 target_speed=60 acceleration=0 corridor=-60,3561,-64 wave_mode=Combat wave_phase=236 bank_target=12 bank_turn=0
elapsed=28863 actor=lead event=vertical-step path=8942 target_speed=60 acceleration=0 corridor=-60,3561,-64 wave_mode=Combat wave_phase=236 bank_target=12 bank_turn=0
elapsed=28863 actor=rear event=face-player path=7125 target_speed=60 acceleration=0 corridor=89,-1405,29 wave_mode=Combat wave_phase=240 bank_target=2 bank_turn=0
elapsed=28863 actor=rear event=move path=7125 target_speed=60 acceleration=0 corridor=89,-1405,29 wave_mode=Combat wave_phase=240 bank_target=3 bank_turn=0
elapsed=28863 actor=rear event=vertical-step path=8942 target_speed=60 acceleration=0 corridor=89,-1405,29 wave_mode=Combat wave_phase=240 bank_target=3 bank_turn=0
elapsed=28866 actor=lead event=face-player path=7125 target_speed=60 acceleration=0 corridor=-60,3561,-64 wave_mode=Combat wave_phase=240 bank_target=12 bank_turn=0
elapsed=28866 actor=lead event=move path=7125 target_speed=60 acceleration=0 corridor=-60,3561,-64 wave_mode=Combat wave_phase=240 bank_target=13 bank_turn=0
elapsed=28866 actor=lead event=vertical-step path=8942 target_speed=60 acceleration=0 corridor=-60,3561,-64 wave_mode=Combat wave_phase=240 bank_target=13 bank_turn=0
elapsed=28867 actor=rear event=face-player path=7125 target_speed=60 acceleration=0 corridor=89,-1405,29 wave_mode=Combat wave_phase=244 bank_target=3 bank_turn=0
elapsed=28867 actor=rear event=move path=7125 target_speed=60 acceleration=0 corridor=89,-1405,29 wave_mode=Combat wave_phase=244 bank_target=4 bank_turn=0
elapsed=28867 actor=rear event=vertical-step path=8942 target_speed=60 acceleration=0 corridor=89,-1405,29 wave_mode=Combat wave_phase=244 bank_target=4 bank_turn=0
elapsed=28870 actor=lead event=face-player path=7125 target_speed=60 acceleration=0 corridor=-60,3561,-64 wave_mode=Combat wave_phase=244 bank_target=13 bank_turn=0
elapsed=28870 actor=lead event=move path=7125 target_speed=60 acceleration=0 corridor=-60,3561,-64 wave_mode=Combat wave_phase=244 bank_target=14 bank_turn=0
elapsed=28870 actor=lead event=vertical-step path=8942 target_speed=60 acceleration=0 corridor=-60,3561,-64 wave_mode=Combat wave_phase=244 bank_target=14 bank_turn=0
elapsed=28870 actor=rear event=face-player path=7125 target_speed=60 acceleration=0 corridor=89,-1405,29 wave_mode=Combat wave_phase=248 bank_target=4 bank_turn=0
elapsed=28870 actor=rear event=move path=7125 target_speed=60 acceleration=0 corridor=89,-1405,29 wave_mode=Combat wave_phase=248 bank_target=5 bank_turn=0
elapsed=28871 actor=rear event=vertical-step path=8942 target_speed=60 acceleration=0 corridor=89,-1405,29 wave_mode=Combat wave_phase=248 bank_target=5 bank_turn=0
elapsed=28874 actor=lead event=face-player path=7125 target_speed=60 acceleration=0 corridor=-60,3561,-64 wave_mode=Combat wave_phase=248 bank_target=14 bank_turn=0
elapsed=28874 actor=lead event=move path=7125 target_speed=60 acceleration=0 corridor=-60,3561,-64 wave_mode=Combat wave_phase=248 bank_target=15 bank_turn=0
elapsed=28874 actor=lead event=vertical-step path=8942 target_speed=60 acceleration=0 corridor=-60,3561,-64 wave_mode=Combat wave_phase=248 bank_target=15 bank_turn=0
elapsed=28874 actor=rear event=face-player path=7125 target_speed=60 acceleration=0 corridor=89,-1405,29 wave_mode=Combat wave_phase=252 bank_target=5 bank_turn=0
elapsed=28874 actor=rear event=move path=7125 target_speed=60 acceleration=0 corridor=89,-1405,29 wave_mode=Combat wave_phase=252 bank_target=6 bank_turn=0
elapsed=28874 actor=rear event=vertical-step path=8942 target_speed=60 acceleration=0 corridor=89,-1405,29 wave_mode=Combat wave_phase=252 bank_target=6 bank_turn=0
elapsed=28877 actor=lead event=face-player path=7125 target_speed=60 acceleration=0 corridor=-60,3561,-64 wave_mode=Combat wave_phase=252 bank_target=15 bank_turn=0
elapsed=28877 actor=lead event=projectile-face-immediate path=8C2D target_speed=60 acceleration=0 corridor=-60,3561,-64 wave_mode=Combat wave_phase=252 bank_target=0 bank_turn=0
elapsed=28877 actor=lead event=move path=7125 target_speed=60 acceleration=0 corridor=-60,3561,-64 wave_mode=Combat wave_phase=252 bank_target=0 bank_turn=0
elapsed=28878 actor=lead event=vertical-step path=8942 target_speed=60 acceleration=0 corridor=-60,3561,-64 wave_mode=Combat wave_phase=252 bank_target=0 bank_turn=0
elapsed=28879 actor=rear event=face-player path=7125 target_speed=60 acceleration=0 corridor=89,-1405,29 wave_mode=Combat wave_phase=0 bank_target=6 bank_turn=0
elapsed=28879 actor=rear event=move path=7125 target_speed=60 acceleration=0 corridor=89,-1405,29 wave_mode=Combat wave_phase=0 bank_target=7 bank_turn=0
elapsed=28879 actor=rear event=vertical-step path=8942 target_speed=60 acceleration=0 corridor=89,-1405,29 wave_mode=Combat wave_phase=0 bank_target=7 bank_turn=0
elapsed=28881 actor=lead event=face-player path=7125 target_speed=60 acceleration=0 corridor=-60,3561,-64 wave_mode=Combat wave_phase=0 bank_target=0 bank_turn=0
elapsed=28882 actor=lead event=move path=7125 target_speed=60 acceleration=0 corridor=-60,3561,-64 wave_mode=Combat wave_phase=0 bank_target=1 bank_turn=0
elapsed=28882 actor=lead event=vertical-step path=8942 target_speed=60 acceleration=0 corridor=-60,3561,-64 wave_mode=Combat wave_phase=0 bank_target=1 bank_turn=0
elapsed=28882 actor=rear event=face-player path=7125 target_speed=60 acceleration=0 corridor=89,-1405,29 wave_mode=Combat wave_phase=4 bank_target=7 bank_turn=0
elapsed=28883 actor=rear event=move path=7125 target_speed=60 acceleration=0 corridor=89,-1405,29 wave_mode=Combat wave_phase=4 bank_target=8 bank_turn=0
elapsed=28883 actor=rear event=vertical-step path=8942 target_speed=60 acceleration=0 corridor=89,-1405,29 wave_mode=Combat wave_phase=4 bank_target=8 bank_turn=0
elapsed=28885 actor=lead event=face-player path=7125 target_speed=60 acceleration=0 corridor=-60,3561,-64 wave_mode=Combat wave_phase=4 bank_target=1 bank_turn=0
elapsed=28885 actor=lead event=move path=7125 target_speed=60 acceleration=0 corridor=-60,3561,-64 wave_mode=Combat wave_phase=4 bank_target=2 bank_turn=0
elapsed=28886 actor=lead event=vertical-step path=8942 target_speed=60 acceleration=0 corridor=-60,3561,-64 wave_mode=Combat wave_phase=4 bank_target=2 bank_turn=0
elapsed=28886 actor=rear event=face-player path=7125 target_speed=60 acceleration=0 corridor=89,-1405,29 wave_mode=Combat wave_phase=8 bank_target=8 bank_turn=0
elapsed=28886 actor=rear event=move path=7125 target_speed=60 acceleration=0 corridor=89,-1405,29 wave_mode=Combat wave_phase=8 bank_target=9 bank_turn=0
elapsed=28887 actor=rear event=vertical-step path=8942 target_speed=60 acceleration=0 corridor=89,-1405,29 wave_mode=Combat wave_phase=8 bank_target=9 bank_turn=0
elapsed=28889 actor=lead event=face-player path=7125 target_speed=60 acceleration=0 corridor=-60,3561,-64 wave_mode=Combat wave_phase=8 bank_target=2 bank_turn=0
elapsed=28889 actor=lead event=move path=7125 target_speed=60 acceleration=0 corridor=-60,3561,-64 wave_mode=Combat wave_phase=8 bank_target=3 bank_turn=0
elapsed=28890 actor=lead event=vertical-step path=8942 target_speed=60 acceleration=0 corridor=-60,3561,-64 wave_mode=Combat wave_phase=8 bank_target=3 bank_turn=0
elapsed=28890 actor=rear event=face-player path=7125 target_speed=60 acceleration=0 corridor=89,-1405,29 wave_mode=Combat wave_phase=12 bank_target=9 bank_turn=0
elapsed=28890 actor=rear event=move path=7125 target_speed=60 acceleration=0 corridor=89,-1405,29 wave_mode=Combat wave_phase=12 bank_target=10 bank_turn=0
elapsed=28891 actor=rear event=vertical-step path=8942 target_speed=60 acceleration=0 corridor=89,-1405,29 wave_mode=Combat wave_phase=12 bank_target=10 bank_turn=0
elapsed=28893 actor=lead event=face-player path=7125 target_speed=60 acceleration=0 corridor=-60,3561,-64 wave_mode=Combat wave_phase=12 bank_target=3 bank_turn=0
elapsed=28893 actor=lead event=move path=7125 target_speed=60 acceleration=0 corridor=-60,3561,-64 wave_mode=Combat wave_phase=12 bank_target=4 bank_turn=0
elapsed=28893 actor=lead event=vertical-step path=8942 target_speed=60 acceleration=0 corridor=-60,3561,-64 wave_mode=Combat wave_phase=12 bank_target=4 bank_turn=0
elapsed=28894 actor=rear event=face-player path=7125 target_speed=60 acceleration=0 corridor=89,-1405,29 wave_mode=Combat wave_phase=16 bank_target=10 bank_turn=0
elapsed=28894 actor=rear event=move path=7125 target_speed=60 acceleration=0 corridor=89,-1405,29 wave_mode=Combat wave_phase=16 bank_target=11 bank_turn=0
elapsed=28894 actor=rear event=vertical-step path=8942 target_speed=60 acceleration=0 corridor=89,-1405,29 wave_mode=Combat wave_phase=16 bank_target=11 bank_turn=0
elapsed=28897 actor=lead event=face-player path=7125 target_speed=60 acceleration=0 corridor=-60,3561,-64 wave_mode=Combat wave_phase=16 bank_target=4 bank_turn=0
elapsed=28897 actor=lead event=move path=7125 target_speed=60 acceleration=0 corridor=-60,3561,-64 wave_mode=Combat wave_phase=16 bank_target=5 bank_turn=0
elapsed=28897 actor=lead event=vertical-step path=8942 target_speed=60 acceleration=0 corridor=-60,3561,-64 wave_mode=Combat wave_phase=16 bank_target=5 bank_turn=0
elapsed=28898 actor=rear event=face-player path=7125 target_speed=60 acceleration=0 corridor=89,-1405,29 wave_mode=Combat wave_phase=20 bank_target=11 bank_turn=0
elapsed=28898 actor=rear event=move path=7125 target_speed=60 acceleration=0 corridor=89,-1405,29 wave_mode=Combat wave_phase=20 bank_target=12 bank_turn=0
elapsed=28898 actor=rear event=vertical-step path=8942 target_speed=60 acceleration=0 corridor=89,-1405,29 wave_mode=Combat wave_phase=20 bank_target=12 bank_turn=0
elapsed=28901 actor=lead event=face-player path=7125 target_speed=60 acceleration=0 corridor=-60,3561,-64 wave_mode=Combat wave_phase=20 bank_target=5 bank_turn=0
elapsed=28901 actor=lead event=move path=7125 target_speed=60 acceleration=0 corridor=-60,3561,-64 wave_mode=Combat wave_phase=20 bank_target=6 bank_turn=0
elapsed=28901 actor=lead event=vertical-step path=8942 target_speed=60 acceleration=0 corridor=-60,3561,-64 wave_mode=Combat wave_phase=20 bank_target=6 bank_turn=0
elapsed=28902 actor=rear event=face-player path=7125 target_speed=60 acceleration=0 corridor=89,-1405,29 wave_mode=Combat wave_phase=24 bank_target=12 bank_turn=0
elapsed=28902 actor=rear event=move path=7125 target_speed=60 acceleration=0 corridor=89,-1405,29 wave_mode=Combat wave_phase=24 bank_target=13 bank_turn=0
elapsed=28902 actor=rear event=vertical-step path=8942 target_speed=60 acceleration=0 corridor=89,-1405,29 wave_mode=Combat wave_phase=24 bank_target=13 bank_turn=0
elapsed=28905 actor=lead event=face-player path=7125 target_speed=60 acceleration=0 corridor=-60,3561,-64 wave_mode=Combat wave_phase=24 bank_target=6 bank_turn=0
elapsed=28905 actor=lead event=move path=7125 target_speed=60 acceleration=0 corridor=-60,3561,-64 wave_mode=Combat wave_phase=24 bank_target=7 bank_turn=0
elapsed=28905 actor=lead event=vertical-step path=8942 target_speed=60 acceleration=0 corridor=-60,3561,-64 wave_mode=Combat wave_phase=24 bank_target=7 bank_turn=0
elapsed=28906 actor=rear event=face-player path=7125 target_speed=60 acceleration=0 corridor=89,-1405,29 wave_mode=Combat wave_phase=28 bank_target=13 bank_turn=0
elapsed=28906 actor=rear event=move path=7125 target_speed=60 acceleration=0 corridor=89,-1405,29 wave_mode=Combat wave_phase=28 bank_target=14 bank_turn=0
elapsed=28906 actor=rear event=vertical-step path=8942 target_speed=60 acceleration=0 corridor=89,-1405,29 wave_mode=Combat wave_phase=28 bank_target=14 bank_turn=0
elapsed=28909 actor=lead event=face-player path=7125 target_speed=60 acceleration=0 corridor=-37,-4052,126 wave_mode=Combat wave_phase=28 bank_target=7 bank_turn=0
elapsed=28909 actor=lead event=move path=7125 target_speed=60 acceleration=0 corridor=-37,-4052,126 wave_mode=Combat wave_phase=28 bank_target=8 bank_turn=0
elapsed=28909 actor=lead event=vertical-step path=8942 target_speed=60 acceleration=0 corridor=-37,-4052,126 wave_mode=Combat wave_phase=28 bank_target=8 bank_turn=0
elapsed=28910 actor=rear event=face-player path=7125 target_speed=60 acceleration=0 corridor=89,-1405,29 wave_mode=Combat wave_phase=32 bank_target=14 bank_turn=0
elapsed=28910 actor=rear event=move path=7125 target_speed=60 acceleration=0 corridor=89,-1405,29 wave_mode=Combat wave_phase=32 bank_target=15 bank_turn=0
elapsed=28910 actor=rear event=vertical-step path=8942 target_speed=60 acceleration=0 corridor=89,-1405,29 wave_mode=Combat wave_phase=32 bank_target=15 bank_turn=0
elapsed=28913 actor=lead event=face-player path=7125 target_speed=60 acceleration=0 corridor=-37,-4052,126 wave_mode=Combat wave_phase=32 bank_target=8 bank_turn=0
elapsed=28913 actor=lead event=move path=7125 target_speed=60 acceleration=0 corridor=-37,-4052,126 wave_mode=Combat wave_phase=32 bank_target=9 bank_turn=0
elapsed=28913 actor=lead event=vertical-step path=8942 target_speed=60 acceleration=0 corridor=-37,-4052,126 wave_mode=Combat wave_phase=32 bank_target=9 bank_turn=0
elapsed=28914 actor=rear event=face-player path=7125 target_speed=60 acceleration=0 corridor=89,-1405,29 wave_mode=Combat wave_phase=36 bank_target=15 bank_turn=0
elapsed=28914 actor=rear event=projectile-face-immediate path=8C2D target_speed=60 acceleration=0 corridor=89,-1405,29 wave_mode=Combat wave_phase=36 bank_target=0 bank_turn=0
elapsed=28914 actor=rear event=move path=7125 target_speed=60 acceleration=0 corridor=89,-1405,29 wave_mode=Combat wave_phase=36 bank_target=0 bank_turn=0
elapsed=28914 actor=rear event=vertical-step path=8942 target_speed=60 acceleration=0 corridor=89,-1405,29 wave_mode=Combat wave_phase=36 bank_target=0 bank_turn=0
elapsed=28917 actor=lead event=face-player path=7125 target_speed=60 acceleration=0 corridor=-37,-4052,126 wave_mode=Combat wave_phase=36 bank_target=9 bank_turn=0
elapsed=28917 actor=lead event=move path=7125 target_speed=60 acceleration=0 corridor=-37,-4052,126 wave_mode=Combat wave_phase=36 bank_target=10 bank_turn=0
elapsed=28917 actor=lead event=vertical-step path=8942 target_speed=60 acceleration=0 corridor=-37,-4052,126 wave_mode=Combat wave_phase=36 bank_target=10 bank_turn=0
elapsed=28918 actor=rear event=face-player path=7125 target_speed=60 acceleration=0 corridor=89,-1405,29 wave_mode=Combat wave_phase=40 bank_target=0 bank_turn=0
elapsed=28918 actor=rear event=move path=7125 target_speed=60 acceleration=0 corridor=89,-1405,29 wave_mode=Combat wave_phase=40 bank_target=1 bank_turn=0
elapsed=28918 actor=rear event=vertical-step path=8942 target_speed=60 acceleration=0 corridor=89,-1405,29 wave_mode=Combat wave_phase=40 bank_target=1 bank_turn=0
elapsed=28921 actor=lead event=face-player path=7125 target_speed=60 acceleration=0 corridor=-37,-4052,126 wave_mode=Combat wave_phase=40 bank_target=10 bank_turn=0
elapsed=28921 actor=lead event=move path=7125 target_speed=60 acceleration=0 corridor=-37,-4052,126 wave_mode=Combat wave_phase=40 bank_target=11 bank_turn=0
elapsed=28921 actor=lead event=vertical-step path=8942 target_speed=60 acceleration=0 corridor=-37,-4052,126 wave_mode=Combat wave_phase=40 bank_target=11 bank_turn=0
elapsed=28922 actor=rear event=face-player path=7125 target_speed=60 acceleration=0 corridor=89,-1405,29 wave_mode=Combat wave_phase=44 bank_target=1 bank_turn=0
elapsed=28922 actor=rear event=move path=7125 target_speed=60 acceleration=0 corridor=89,-1405,29 wave_mode=Combat wave_phase=44 bank_target=2 bank_turn=0
elapsed=28922 actor=rear event=vertical-step path=8942 target_speed=60 acceleration=0 corridor=89,-1405,29 wave_mode=Combat wave_phase=44 bank_target=2 bank_turn=0
elapsed=28925 actor=lead event=face-player path=7125 target_speed=60 acceleration=0 corridor=-37,-4052,126 wave_mode=Combat wave_phase=44 bank_target=11 bank_turn=0
elapsed=28925 actor=lead event=move path=7125 target_speed=60 acceleration=0 corridor=-37,-4052,126 wave_mode=Combat wave_phase=44 bank_target=12 bank_turn=0
elapsed=28925 actor=lead event=vertical-step path=8942 target_speed=60 acceleration=0 corridor=-37,-4052,126 wave_mode=Combat wave_phase=44 bank_target=12 bank_turn=0
elapsed=28926 actor=rear event=face-player path=7125 target_speed=60 acceleration=0 corridor=89,-1405,29 wave_mode=Combat wave_phase=48 bank_target=2 bank_turn=0
elapsed=28926 actor=rear event=move path=7125 target_speed=60 acceleration=0 corridor=89,-1405,29 wave_mode=Combat wave_phase=48 bank_target=3 bank_turn=0
elapsed=28926 actor=rear event=vertical-step path=8942 target_speed=60 acceleration=0 corridor=89,-1405,29 wave_mode=Combat wave_phase=48 bank_target=3 bank_turn=0
elapsed=28929 actor=lead event=face-player path=7125 target_speed=60 acceleration=0 corridor=-37,-4052,126 wave_mode=Combat wave_phase=48 bank_target=12 bank_turn=0
elapsed=28929 actor=lead event=move path=7125 target_speed=60 acceleration=0 corridor=-37,-4052,126 wave_mode=Combat wave_phase=48 bank_target=13 bank_turn=0
elapsed=28929 actor=lead event=vertical-step path=8942 target_speed=60 acceleration=0 corridor=-37,-4052,126 wave_mode=Combat wave_phase=48 bank_target=13 bank_turn=0
elapsed=28930 actor=rear event=face-player path=7125 target_speed=60 acceleration=0 corridor=89,-1405,29 wave_mode=Combat wave_phase=52 bank_target=3 bank_turn=0
elapsed=28930 actor=rear event=move path=7125 target_speed=60 acceleration=0 corridor=89,-1405,29 wave_mode=Combat wave_phase=52 bank_target=4 bank_turn=0
elapsed=28930 actor=rear event=vertical-step path=8942 target_speed=60 acceleration=0 corridor=89,-1405,29 wave_mode=Combat wave_phase=52 bank_target=4 bank_turn=0
elapsed=28933 actor=lead event=face-player path=7125 target_speed=60 acceleration=0 corridor=-37,-4052,126 wave_mode=Combat wave_phase=52 bank_target=13 bank_turn=0
elapsed=28933 actor=lead event=move path=7125 target_speed=60 acceleration=0 corridor=-37,-4052,126 wave_mode=Combat wave_phase=52 bank_target=14 bank_turn=0
elapsed=28933 actor=lead event=vertical-step path=8942 target_speed=60 acceleration=0 corridor=-37,-4052,126 wave_mode=Combat wave_phase=52 bank_target=14 bank_turn=0
elapsed=28934 actor=rear event=face-player path=7125 target_speed=60 acceleration=0 corridor=89,-1405,29 wave_mode=Combat wave_phase=56 bank_target=4 bank_turn=0
elapsed=28934 actor=rear event=move path=7125 target_speed=60 acceleration=0 corridor=89,-1405,29 wave_mode=Combat wave_phase=56 bank_target=5 bank_turn=0
elapsed=28934 actor=rear event=vertical-step path=8942 target_speed=60 acceleration=0 corridor=89,-1405,29 wave_mode=Combat wave_phase=56 bank_target=5 bank_turn=0
elapsed=28937 actor=lead event=face-player path=7125 target_speed=60 acceleration=0 corridor=-37,-4052,126 wave_mode=Combat wave_phase=56 bank_target=14 bank_turn=0
elapsed=28937 actor=lead event=move path=7125 target_speed=60 acceleration=0 corridor=-37,-4052,126 wave_mode=Combat wave_phase=56 bank_target=15 bank_turn=0
elapsed=28937 actor=lead event=vertical-step path=8942 target_speed=60 acceleration=0 corridor=-37,-4052,126 wave_mode=Combat wave_phase=56 bank_target=15 bank_turn=0
elapsed=28938 actor=rear event=face-player path=7125 target_speed=60 acceleration=0 corridor=89,-1405,29 wave_mode=Combat wave_phase=60 bank_target=5 bank_turn=0
elapsed=28938 actor=rear event=move path=7125 target_speed=60 acceleration=0 corridor=89,-1405,29 wave_mode=Combat wave_phase=60 bank_target=6 bank_turn=0
elapsed=28938 actor=rear event=vertical-step path=8942 target_speed=60 acceleration=0 corridor=89,-1405,29 wave_mode=Combat wave_phase=60 bank_target=6 bank_turn=0
elapsed=28941 actor=lead event=face-player path=7125 target_speed=60 acceleration=0 corridor=-37,-4052,126 wave_mode=Combat wave_phase=60 bank_target=15 bank_turn=0
elapsed=28941 actor=lead event=projectile-face-immediate path=8C2D target_speed=60 acceleration=0 corridor=-37,-4052,126 wave_mode=Combat wave_phase=60 bank_target=0 bank_turn=0
elapsed=28941 actor=lead event=move path=7125 target_speed=60 acceleration=0 corridor=-37,-4052,126 wave_mode=Combat wave_phase=60 bank_target=0 bank_turn=0
elapsed=28941 actor=lead event=vertical-step path=8942 target_speed=60 acceleration=0 corridor=-37,-4052,126 wave_mode=Combat wave_phase=60 bank_target=0 bank_turn=0
elapsed=28942 actor=rear event=face-player path=7125 target_speed=60 acceleration=0 corridor=89,-1405,29 wave_mode=Combat wave_phase=64 bank_target=6 bank_turn=0
elapsed=28942 actor=rear event=move path=7125 target_speed=60 acceleration=0 corridor=89,-1405,29 wave_mode=Combat wave_phase=64 bank_target=7 bank_turn=0
elapsed=28943 actor=rear event=vertical-step path=8942 target_speed=60 acceleration=0 corridor=89,-1405,29 wave_mode=Combat wave_phase=64 bank_target=7 bank_turn=0
elapsed=28945 actor=lead event=face-player path=7125 target_speed=60 acceleration=0 corridor=-37,-4052,126 wave_mode=Combat wave_phase=64 bank_target=0 bank_turn=0
elapsed=28945 actor=lead event=move path=7125 target_speed=60 acceleration=0 corridor=-37,-4052,126 wave_mode=Combat wave_phase=64 bank_target=1 bank_turn=0
elapsed=28946 actor=lead event=vertical-step path=8942 target_speed=60 acceleration=0 corridor=-37,-4052,126 wave_mode=Combat wave_phase=64 bank_target=1 bank_turn=0
elapsed=28947 actor=rear event=face-player path=7125 target_speed=60 acceleration=0 corridor=89,-1405,29 wave_mode=Combat wave_phase=68 bank_target=7 bank_turn=0
elapsed=28947 actor=rear event=move path=7125 target_speed=60 acceleration=0 corridor=89,-1405,29 wave_mode=Combat wave_phase=68 bank_target=8 bank_turn=0
elapsed=28947 actor=rear event=vertical-step path=8942 target_speed=60 acceleration=0 corridor=89,-1405,29 wave_mode=Combat wave_phase=68 bank_target=8 bank_turn=0
elapsed=28950 actor=lead event=face-player path=7125 target_speed=60 acceleration=0 corridor=-37,-4052,126 wave_mode=Combat wave_phase=68 bank_target=1 bank_turn=0
elapsed=28950 actor=lead event=move path=7125 target_speed=60 acceleration=0 corridor=-37,-4052,126 wave_mode=Combat wave_phase=68 bank_target=2 bank_turn=0
elapsed=28950 actor=lead event=vertical-step path=8942 target_speed=60 acceleration=0 corridor=-37,-4052,126 wave_mode=Combat wave_phase=68 bank_target=2 bank_turn=0
elapsed=28951 actor=rear event=face-player path=7125 target_speed=60 acceleration=0 corridor=89,-1405,29 wave_mode=Combat wave_phase=72 bank_target=8 bank_turn=0
elapsed=28951 actor=rear event=move path=7125 target_speed=60 acceleration=0 corridor=89,-1405,29 wave_mode=Combat wave_phase=72 bank_target=9 bank_turn=0
elapsed=28951 actor=rear event=vertical-step path=8942 target_speed=60 acceleration=0 corridor=89,-1405,29 wave_mode=Combat wave_phase=72 bank_target=9 bank_turn=0
elapsed=28954 actor=lead event=face-player path=7125 target_speed=60 acceleration=0 corridor=-37,-4052,126 wave_mode=Combat wave_phase=72 bank_target=2 bank_turn=0
elapsed=28954 actor=lead event=move path=7125 target_speed=60 acceleration=0 corridor=-37,-4052,126 wave_mode=Combat wave_phase=72 bank_target=3 bank_turn=0
elapsed=28954 actor=lead event=vertical-step path=8942 target_speed=60 acceleration=0 corridor=-37,-4052,126 wave_mode=Combat wave_phase=72 bank_target=3 bank_turn=0
elapsed=28955 actor=rear event=face-player path=7125 target_speed=60 acceleration=0 corridor=89,-1405,29 wave_mode=Combat wave_phase=76 bank_target=9 bank_turn=0
elapsed=28955 actor=rear event=move path=7125 target_speed=60 acceleration=0 corridor=89,-1405,29 wave_mode=Combat wave_phase=76 bank_target=10 bank_turn=0
elapsed=28956 actor=rear event=vertical-step path=8942 target_speed=60 acceleration=0 corridor=89,-1405,29 wave_mode=Combat wave_phase=76 bank_target=10 bank_turn=0
elapsed=28958 actor=lead event=face-player path=7125 target_speed=60 acceleration=0 corridor=-37,-4052,126 wave_mode=Combat wave_phase=76 bank_target=3 bank_turn=0
elapsed=28958 actor=lead event=move path=7125 target_speed=60 acceleration=0 corridor=-37,-4052,126 wave_mode=Combat wave_phase=76 bank_target=4 bank_turn=0
elapsed=28959 actor=lead event=vertical-step path=8942 target_speed=60 acceleration=0 corridor=-37,-4052,126 wave_mode=Combat wave_phase=76 bank_target=4 bank_turn=0
elapsed=28959 actor=rear event=face-player path=7125 target_speed=60 acceleration=0 corridor=89,-1405,29 wave_mode=Combat wave_phase=80 bank_target=10 bank_turn=0
elapsed=28959 actor=rear event=move path=7125 target_speed=60 acceleration=0 corridor=89,-1405,29 wave_mode=Combat wave_phase=80 bank_target=11 bank_turn=0
elapsed=28960 actor=rear event=vertical-step path=8942 target_speed=60 acceleration=0 corridor=89,-1405,29 wave_mode=Combat wave_phase=80 bank_target=11 bank_turn=0
elapsed=28962 actor=lead event=face-player path=7125 target_speed=60 acceleration=0 corridor=-37,-4052,126 wave_mode=Combat wave_phase=80 bank_target=4 bank_turn=0
elapsed=28962 actor=lead event=move path=7125 target_speed=60 acceleration=0 corridor=-37,-4052,126 wave_mode=Combat wave_phase=80 bank_target=5 bank_turn=0
elapsed=28963 actor=lead event=vertical-step path=8942 target_speed=60 acceleration=0 corridor=-37,-4052,126 wave_mode=Combat wave_phase=80 bank_target=5 bank_turn=0
elapsed=28964 actor=rear event=face-player path=7125 target_speed=60 acceleration=0 corridor=89,-1405,29 wave_mode=Combat wave_phase=84 bank_target=11 bank_turn=0
elapsed=28964 actor=rear event=move path=7125 target_speed=60 acceleration=0 corridor=89,-1405,29 wave_mode=Combat wave_phase=84 bank_target=12 bank_turn=0
elapsed=28964 actor=rear event=vertical-step path=8942 target_speed=60 acceleration=0 corridor=89,-1405,29 wave_mode=Combat wave_phase=84 bank_target=12 bank_turn=0
elapsed=28967 actor=lead event=face-player path=7125 target_speed=60 acceleration=0 corridor=-37,-4052,126 wave_mode=Combat wave_phase=84 bank_target=5 bank_turn=0
elapsed=28967 actor=lead event=move path=7125 target_speed=60 acceleration=0 corridor=-37,-4052,126 wave_mode=Combat wave_phase=84 bank_target=6 bank_turn=0
elapsed=28967 actor=lead event=vertical-step path=8942 target_speed=60 acceleration=0 corridor=-37,-4052,126 wave_mode=Combat wave_phase=84 bank_target=6 bank_turn=0
elapsed=28968 actor=rear event=face-player path=7125 target_speed=60 acceleration=0 corridor=89,-1405,29 wave_mode=Combat wave_phase=88 bank_target=12 bank_turn=0
elapsed=28968 actor=rear event=move path=7125 target_speed=60 acceleration=0 corridor=89,-1405,29 wave_mode=Combat wave_phase=88 bank_target=13 bank_turn=0
elapsed=28968 actor=rear event=vertical-step path=8942 target_speed=60 acceleration=0 corridor=89,-1405,29 wave_mode=Combat wave_phase=88 bank_target=13 bank_turn=0
elapsed=28971 actor=lead event=face-player path=7125 target_speed=60 acceleration=0 corridor=-37,-4052,126 wave_mode=Combat wave_phase=88 bank_target=6 bank_turn=0
elapsed=28971 actor=lead event=move path=7125 target_speed=60 acceleration=0 corridor=-37,-4052,126 wave_mode=Combat wave_phase=88 bank_target=7 bank_turn=0
elapsed=28971 actor=lead event=vertical-step path=8942 target_speed=60 acceleration=0 corridor=-37,-4052,126 wave_mode=Combat wave_phase=88 bank_target=7 bank_turn=0
elapsed=28972 actor=rear event=face-player path=7125 target_speed=60 acceleration=0 corridor=57,2636,-68 wave_mode=Combat wave_phase=92 bank_target=13 bank_turn=0
elapsed=28972 actor=rear event=move path=7125 target_speed=60 acceleration=0 corridor=57,2636,-68 wave_mode=Combat wave_phase=92 bank_target=14 bank_turn=0
elapsed=28972 actor=rear event=vertical-step path=8942 target_speed=60 acceleration=0 corridor=57,2636,-68 wave_mode=Combat wave_phase=92 bank_target=14 bank_turn=0
elapsed=28975 actor=lead event=face-player path=7125 target_speed=60 acceleration=0 corridor=-37,-4052,126 wave_mode=Combat wave_phase=92 bank_target=7 bank_turn=0
elapsed=28975 actor=lead event=move path=7125 target_speed=60 acceleration=0 corridor=-37,-4052,126 wave_mode=Combat wave_phase=92 bank_target=8 bank_turn=0
elapsed=28975 actor=lead event=vertical-step path=8942 target_speed=60 acceleration=0 corridor=-37,-4052,126 wave_mode=Combat wave_phase=92 bank_target=8 bank_turn=0
elapsed=28976 actor=rear event=face-player path=7125 target_speed=60 acceleration=0 corridor=57,2636,-68 wave_mode=Combat wave_phase=96 bank_target=14 bank_turn=0
elapsed=28976 actor=rear event=move path=7125 target_speed=60 acceleration=0 corridor=57,2636,-68 wave_mode=Combat wave_phase=96 bank_target=15 bank_turn=0
elapsed=28976 actor=rear event=vertical-step path=8942 target_speed=60 acceleration=0 corridor=57,2636,-68 wave_mode=Combat wave_phase=96 bank_target=15 bank_turn=0
elapsed=28979 actor=lead event=face-player path=7125 target_speed=60 acceleration=0 corridor=-37,-4052,126 wave_mode=Combat wave_phase=96 bank_target=8 bank_turn=0
elapsed=28979 actor=lead event=move path=7125 target_speed=60 acceleration=0 corridor=-37,-4052,126 wave_mode=Combat wave_phase=96 bank_target=9 bank_turn=0
elapsed=28979 actor=lead event=vertical-step path=8942 target_speed=60 acceleration=0 corridor=-37,-4052,126 wave_mode=Combat wave_phase=96 bank_target=9 bank_turn=0
elapsed=28980 actor=rear event=face-player path=7125 target_speed=60 acceleration=0 corridor=57,2636,-68 wave_mode=Combat wave_phase=100 bank_target=15 bank_turn=0
elapsed=28980 actor=rear event=projectile-face-immediate path=8C2D target_speed=60 acceleration=0 corridor=57,2636,-68 wave_mode=Combat wave_phase=100 bank_target=0 bank_turn=0
elapsed=28980 actor=rear event=move path=7125 target_speed=60 acceleration=0 corridor=57,2636,-68 wave_mode=Combat wave_phase=100 bank_target=0 bank_turn=0
elapsed=28980 actor=rear event=vertical-step path=8942 target_speed=60 acceleration=0 corridor=57,2636,-68 wave_mode=Combat wave_phase=100 bank_target=0 bank_turn=0
elapsed=28984 actor=lead event=face-player path=7125 target_speed=60 acceleration=0 corridor=-37,-4052,126 wave_mode=Combat wave_phase=100 bank_target=9 bank_turn=0
elapsed=28984 actor=lead event=chase-angle path=886F target_speed=60 acceleration=2 corridor=-37,-4052,126 wave_mode=Combat wave_phase=100 bank_target=26 bank_turn=1
elapsed=28984 actor=lead event=move path=886F target_speed=60 acceleration=2 corridor=-37,-4052,126 wave_mode=Combat wave_phase=100 bank_target=26 bank_turn=1
elapsed=28984 actor=lead event=vertical-step path=8942 target_speed=60 acceleration=0 corridor=-37,-4052,126 wave_mode=Combat wave_phase=100 bank_target=26 bank_turn=1
elapsed=28985 actor=rear event=face-player path=7125 target_speed=60 acceleration=0 corridor=57,2636,-68 wave_mode=Combat wave_phase=104 bank_target=0 bank_turn=0
elapsed=28985 actor=rear event=move path=7125 target_speed=60 acceleration=0 corridor=57,2636,-68 wave_mode=Combat wave_phase=104 bank_target=1 bank_turn=0
elapsed=28985 actor=rear event=vertical-step path=8942 target_speed=60 acceleration=0 corridor=57,2636,-68 wave_mode=Combat wave_phase=104 bank_target=1 bank_turn=0
elapsed=28988 actor=lead event=chase-angle path=886F target_speed=60 acceleration=0 corridor=-37,-4052,126 wave_mode=Combat wave_phase=104 bank_target=26 bank_turn=1
elapsed=28988 actor=lead event=move path=886F target_speed=60 acceleration=0 corridor=-37,-4052,126 wave_mode=Combat wave_phase=104 bank_target=26 bank_turn=1
elapsed=28989 actor=lead event=vertical-step path=8942 target_speed=60 acceleration=0 corridor=-37,-4052,126 wave_mode=Combat wave_phase=104 bank_target=26 bank_turn=1
elapsed=28989 actor=rear event=face-player path=7125 target_speed=60 acceleration=0 corridor=57,2636,-68 wave_mode=Combat wave_phase=108 bank_target=1 bank_turn=0
elapsed=28989 actor=rear event=move path=7125 target_speed=60 acceleration=0 corridor=57,2636,-68 wave_mode=Combat wave_phase=108 bank_target=2 bank_turn=0
elapsed=28990 actor=rear event=vertical-step path=8942 target_speed=60 acceleration=0 corridor=57,2636,-68 wave_mode=Combat wave_phase=108 bank_target=2 bank_turn=0
elapsed=28993 actor=lead event=chase-angle path=886F target_speed=60 acceleration=0 corridor=-37,-4052,126 wave_mode=Combat wave_phase=108 bank_target=26 bank_turn=1
elapsed=28993 actor=lead event=move path=886F target_speed=60 acceleration=0 corridor=-37,-4052,126 wave_mode=Combat wave_phase=108 bank_target=26 bank_turn=1
elapsed=28993 actor=lead event=vertical-step path=8942 target_speed=60 acceleration=0 corridor=-37,-4052,126 wave_mode=Combat wave_phase=108 bank_target=26 bank_turn=1
elapsed=28994 actor=rear event=face-player path=7125 target_speed=60 acceleration=0 corridor=57,2636,-68 wave_mode=Combat wave_phase=112 bank_target=2 bank_turn=0
elapsed=28994 actor=rear event=move path=7125 target_speed=60 acceleration=0 corridor=57,2636,-68 wave_mode=Combat wave_phase=112 bank_target=3 bank_turn=0
elapsed=28994 actor=rear event=vertical-step path=8942 target_speed=60 acceleration=0 corridor=57,2636,-68 wave_mode=Combat wave_phase=112 bank_target=3 bank_turn=0
elapsed=28998 actor=lead event=chase-angle path=886F target_speed=60 acceleration=0 corridor=-37,-4052,126 wave_mode=Combat wave_phase=112 bank_target=26 bank_turn=1
elapsed=28998 actor=lead event=move path=886F target_speed=60 acceleration=0 corridor=-37,-4052,126 wave_mode=Combat wave_phase=112 bank_target=26 bank_turn=1
elapsed=28998 actor=lead event=vertical-step path=8942 target_speed=60 acceleration=0 corridor=-37,-4052,126 wave_mode=Combat wave_phase=112 bank_target=26 bank_turn=1
elapsed=28999 actor=rear event=face-player path=7125 target_speed=60 acceleration=0 corridor=57,2636,-68 wave_mode=Combat wave_phase=116 bank_target=3 bank_turn=0
elapsed=28999 actor=rear event=move path=7125 target_speed=60 acceleration=0 corridor=57,2636,-68 wave_mode=Combat wave_phase=116 bank_target=4 bank_turn=0
elapsed=28999 actor=rear event=vertical-step path=8942 target_speed=60 acceleration=0 corridor=57,2636,-68 wave_mode=Combat wave_phase=116 bank_target=4 bank_turn=0
elapsed=29003 actor=lead event=chase-angle path=886F target_speed=60 acceleration=0 corridor=-37,-4052,126 wave_mode=Combat wave_phase=116 bank_target=26 bank_turn=1
elapsed=29003 actor=lead event=move path=886F target_speed=60 acceleration=0 corridor=-37,-4052,126 wave_mode=Combat wave_phase=116 bank_target=26 bank_turn=1
elapsed=29003 actor=lead event=vertical-step path=8942 target_speed=60 acceleration=0 corridor=-37,-4052,126 wave_mode=Combat wave_phase=116 bank_target=26 bank_turn=1
elapsed=29004 actor=rear event=face-player path=7125 target_speed=60 acceleration=0 corridor=57,2636,-68 wave_mode=Combat wave_phase=120 bank_target=4 bank_turn=0
elapsed=29004 actor=rear event=move path=7125 target_speed=60 acceleration=0 corridor=57,2636,-68 wave_mode=Combat wave_phase=120 bank_target=5 bank_turn=0
elapsed=29004 actor=rear event=vertical-step path=8942 target_speed=60 acceleration=0 corridor=57,2636,-68 wave_mode=Combat wave_phase=120 bank_target=5 bank_turn=0
elapsed=29008 actor=lead event=chase-angle path=886F target_speed=60 acceleration=0 corridor=-37,-4052,126 wave_mode=Combat wave_phase=120 bank_target=26 bank_turn=1
elapsed=29008 actor=lead event=move path=886F target_speed=60 acceleration=0 corridor=-37,-4052,126 wave_mode=Combat wave_phase=120 bank_target=26 bank_turn=1
elapsed=29008 actor=lead event=vertical-step path=8942 target_speed=60 acceleration=0 corridor=-37,-4052,126 wave_mode=Combat wave_phase=120 bank_target=26 bank_turn=1
elapsed=29009 actor=rear event=face-player path=7125 target_speed=60 acceleration=0 corridor=57,2636,-68 wave_mode=Combat wave_phase=124 bank_target=5 bank_turn=0
elapsed=29009 actor=rear event=move path=7125 target_speed=60 acceleration=0 corridor=57,2636,-68 wave_mode=Combat wave_phase=124 bank_target=6 bank_turn=0
elapsed=29009 actor=rear event=vertical-step path=8942 target_speed=60 acceleration=0 corridor=57,2636,-68 wave_mode=Combat wave_phase=124 bank_target=6 bank_turn=0
elapsed=29012 actor=lead event=chase-angle path=886F target_speed=60 acceleration=0 corridor=101,2076,96 wave_mode=Combat wave_phase=124 bank_target=26 bank_turn=1
elapsed=29012 actor=lead event=move path=886F target_speed=60 acceleration=0 corridor=101,2076,96 wave_mode=Combat wave_phase=124 bank_target=26 bank_turn=1
elapsed=29012 actor=lead event=vertical-step path=8942 target_speed=60 acceleration=0 corridor=101,2076,96 wave_mode=Combat wave_phase=124 bank_target=26 bank_turn=1
elapsed=29013 actor=rear event=face-player path=7125 target_speed=60 acceleration=0 corridor=57,2636,-68 wave_mode=Combat wave_phase=128 bank_target=6 bank_turn=0
elapsed=29013 actor=rear event=move path=7125 target_speed=60 acceleration=0 corridor=57,2636,-68 wave_mode=Combat wave_phase=128 bank_target=7 bank_turn=0
elapsed=29013 actor=rear event=vertical-step path=8942 target_speed=60 acceleration=0 corridor=57,2636,-68 wave_mode=Combat wave_phase=128 bank_target=7 bank_turn=0
elapsed=29017 actor=lead event=chase-angle path=886F target_speed=60 acceleration=0 corridor=101,2076,96 wave_mode=Combat wave_phase=128 bank_target=26 bank_turn=1
elapsed=29017 actor=lead event=move path=886F target_speed=60 acceleration=0 corridor=101,2076,96 wave_mode=Combat wave_phase=128 bank_target=26 bank_turn=1
elapsed=29017 actor=lead event=vertical-step path=8942 target_speed=60 acceleration=0 corridor=101,2076,96 wave_mode=Combat wave_phase=128 bank_target=26 bank_turn=1
elapsed=29018 actor=rear event=face-player path=7125 target_speed=60 acceleration=0 corridor=57,2636,-68 wave_mode=Combat wave_phase=132 bank_target=7 bank_turn=0
elapsed=29018 actor=rear event=move path=7125 target_speed=60 acceleration=0 corridor=57,2636,-68 wave_mode=Combat wave_phase=132 bank_target=8 bank_turn=0
elapsed=29018 actor=rear event=vertical-step path=8942 target_speed=60 acceleration=0 corridor=57,2636,-68 wave_mode=Combat wave_phase=132 bank_target=8 bank_turn=0
elapsed=29021 actor=lead event=chase-angle path=886F target_speed=60 acceleration=0 corridor=101,2076,96 wave_mode=Combat wave_phase=132 bank_target=26 bank_turn=1
elapsed=29021 actor=lead event=move path=886F target_speed=60 acceleration=0 corridor=101,2076,96 wave_mode=Combat wave_phase=132 bank_target=26 bank_turn=1
elapsed=29022 actor=lead event=vertical-step path=8942 target_speed=60 acceleration=0 corridor=101,2076,96 wave_mode=Combat wave_phase=132 bank_target=26 bank_turn=1
elapsed=29022 actor=rear event=face-player path=7125 target_speed=60 acceleration=0 corridor=57,2636,-68 wave_mode=Combat wave_phase=136 bank_target=8 bank_turn=0
elapsed=29022 actor=rear event=move path=7125 target_speed=60 acceleration=0 corridor=57,2636,-68 wave_mode=Combat wave_phase=136 bank_target=9 bank_turn=0
elapsed=29022 actor=rear event=vertical-step path=8942 target_speed=60 acceleration=0 corridor=57,2636,-68 wave_mode=Combat wave_phase=136 bank_target=9 bank_turn=0
elapsed=29025 actor=lead event=chase-angle path=886F target_speed=60 acceleration=0 corridor=101,2076,96 wave_mode=Combat wave_phase=136 bank_target=26 bank_turn=1
elapsed=29026 actor=lead event=move path=886F target_speed=60 acceleration=0 corridor=101,2076,96 wave_mode=Combat wave_phase=136 bank_target=26 bank_turn=1
elapsed=29026 actor=lead event=vertical-step path=8942 target_speed=60 acceleration=0 corridor=101,2076,96 wave_mode=Combat wave_phase=136 bank_target=26 bank_turn=1
elapsed=29026 actor=rear event=face-player path=7125 target_speed=60 acceleration=0 corridor=57,2636,-68 wave_mode=Combat wave_phase=140 bank_target=9 bank_turn=0
elapsed=29026 actor=rear event=move path=7125 target_speed=60 acceleration=0 corridor=57,2636,-68 wave_mode=Combat wave_phase=140 bank_target=10 bank_turn=0
elapsed=29027 actor=rear event=vertical-step path=8942 target_speed=60 acceleration=0 corridor=57,2636,-68 wave_mode=Combat wave_phase=140 bank_target=10 bank_turn=0
elapsed=29029 actor=lead event=chase-angle path=886F target_speed=60 acceleration=0 corridor=101,2076,96 wave_mode=Combat wave_phase=140 bank_target=26 bank_turn=1
elapsed=29029 actor=lead event=move path=886F target_speed=60 acceleration=0 corridor=101,2076,96 wave_mode=Combat wave_phase=140 bank_target=26 bank_turn=1
elapsed=29030 actor=lead event=vertical-step path=8942 target_speed=60 acceleration=0 corridor=101,2076,96 wave_mode=Combat wave_phase=140 bank_target=26 bank_turn=1
elapsed=29030 actor=rear event=face-player path=7125 target_speed=60 acceleration=0 corridor=57,2636,-68 wave_mode=Combat wave_phase=144 bank_target=10 bank_turn=0
elapsed=29030 actor=rear event=move path=7125 target_speed=60 acceleration=0 corridor=57,2636,-68 wave_mode=Combat wave_phase=144 bank_target=11 bank_turn=0
elapsed=29030 actor=rear event=vertical-step path=8942 target_speed=60 acceleration=0 corridor=57,2636,-68 wave_mode=Combat wave_phase=144 bank_target=11 bank_turn=0
elapsed=29033 actor=lead event=chase-angle path=886F target_speed=60 acceleration=0 corridor=101,2076,96 wave_mode=Combat wave_phase=144 bank_target=26 bank_turn=1
elapsed=29033 actor=lead event=move path=886F target_speed=60 acceleration=0 corridor=101,2076,96 wave_mode=Combat wave_phase=144 bank_target=26 bank_turn=1
elapsed=29033 actor=lead event=vertical-step path=8942 target_speed=60 acceleration=0 corridor=101,2076,96 wave_mode=Combat wave_phase=144 bank_target=26 bank_turn=1
elapsed=29034 actor=rear event=face-player path=7125 target_speed=60 acceleration=0 corridor=57,2636,-68 wave_mode=Combat wave_phase=148 bank_target=11 bank_turn=0
elapsed=29034 actor=rear event=move path=7125 target_speed=60 acceleration=0 corridor=57,2636,-68 wave_mode=Combat wave_phase=148 bank_target=12 bank_turn=0
elapsed=29034 actor=rear event=vertical-step path=8942 target_speed=60 acceleration=0 corridor=57,2636,-68 wave_mode=Combat wave_phase=148 bank_target=12 bank_turn=0
elapsed=29037 actor=lead event=chase-angle path=886F target_speed=60 acceleration=0 corridor=101,2076,96 wave_mode=Combat wave_phase=148 bank_target=26 bank_turn=1
elapsed=29037 actor=lead event=move path=886F target_speed=60 acceleration=0 corridor=101,2076,96 wave_mode=Combat wave_phase=148 bank_target=26 bank_turn=1
elapsed=29037 actor=lead event=vertical-step path=8942 target_speed=60 acceleration=0 corridor=101,2076,96 wave_mode=Combat wave_phase=148 bank_target=26 bank_turn=1
elapsed=29038 actor=rear event=face-player path=7125 target_speed=60 acceleration=0 corridor=57,2636,-68 wave_mode=Combat wave_phase=152 bank_target=12 bank_turn=0
elapsed=29038 actor=rear event=move path=7125 target_speed=60 acceleration=0 corridor=57,2636,-68 wave_mode=Combat wave_phase=152 bank_target=13 bank_turn=0
elapsed=29038 actor=rear event=vertical-step path=8942 target_speed=60 acceleration=0 corridor=57,2636,-68 wave_mode=Combat wave_phase=152 bank_target=13 bank_turn=0
elapsed=29041 actor=lead event=chase-angle path=886F target_speed=60 acceleration=0 corridor=101,2076,96 wave_mode=Combat wave_phase=152 bank_target=26 bank_turn=1
elapsed=29041 actor=lead event=move path=886F target_speed=60 acceleration=0 corridor=101,2076,96 wave_mode=Combat wave_phase=152 bank_target=26 bank_turn=1
elapsed=29041 actor=lead event=vertical-step path=8942 target_speed=60 acceleration=0 corridor=101,2076,96 wave_mode=Combat wave_phase=152 bank_target=26 bank_turn=1
elapsed=29042 actor=rear event=face-player path=7125 target_speed=60 acceleration=0 corridor=57,2636,-68 wave_mode=Combat wave_phase=156 bank_target=13 bank_turn=0
elapsed=29042 actor=rear event=move path=7125 target_speed=60 acceleration=0 corridor=57,2636,-68 wave_mode=Combat wave_phase=156 bank_target=14 bank_turn=0
elapsed=29042 actor=rear event=vertical-step path=8942 target_speed=60 acceleration=0 corridor=57,2636,-68 wave_mode=Combat wave_phase=156 bank_target=14 bank_turn=0
elapsed=29045 actor=lead event=chase-angle path=886F target_speed=60 acceleration=0 corridor=101,2076,96 wave_mode=Combat wave_phase=156 bank_target=26 bank_turn=1
elapsed=29045 actor=lead event=move path=886F target_speed=60 acceleration=0 corridor=101,2076,96 wave_mode=Combat wave_phase=156 bank_target=26 bank_turn=1
elapsed=29045 actor=lead event=vertical-step path=8942 target_speed=60 acceleration=0 corridor=101,2076,96 wave_mode=Combat wave_phase=156 bank_target=26 bank_turn=1
elapsed=29046 actor=rear event=face-player path=7125 target_speed=60 acceleration=0 corridor=57,2636,-68 wave_mode=Combat wave_phase=160 bank_target=14 bank_turn=0
elapsed=29046 actor=rear event=move path=7125 target_speed=60 acceleration=0 corridor=57,2636,-68 wave_mode=Combat wave_phase=160 bank_target=15 bank_turn=0
elapsed=29046 actor=rear event=vertical-step path=8942 target_speed=60 acceleration=0 corridor=57,2636,-68 wave_mode=Combat wave_phase=160 bank_target=15 bank_turn=0
elapsed=29049 actor=lead event=chase-angle path=886F target_speed=60 acceleration=0 corridor=101,2076,96 wave_mode=Combat wave_phase=160 bank_target=26 bank_turn=1
elapsed=29049 actor=lead event=move path=886F target_speed=60 acceleration=0 corridor=101,2076,96 wave_mode=Combat wave_phase=160 bank_target=26 bank_turn=1
elapsed=29049 actor=lead event=vertical-step path=8942 target_speed=60 acceleration=0 corridor=101,2076,96 wave_mode=Combat wave_phase=160 bank_target=26 bank_turn=1
elapsed=29050 actor=rear event=face-player path=7125 target_speed=60 acceleration=0 corridor=57,2636,-68 wave_mode=Combat wave_phase=164 bank_target=15 bank_turn=0
elapsed=29050 actor=rear event=projectile-face-immediate path=8C2D target_speed=60 acceleration=0 corridor=57,2636,-68 wave_mode=Combat wave_phase=164 bank_target=0 bank_turn=0
elapsed=29050 actor=rear event=move path=7125 target_speed=60 acceleration=0 corridor=57,2636,-68 wave_mode=Combat wave_phase=164 bank_target=0 bank_turn=0
elapsed=29050 actor=rear event=vertical-step path=8942 target_speed=60 acceleration=0 corridor=57,2636,-68 wave_mode=Combat wave_phase=164 bank_target=0 bank_turn=0
elapsed=29053 actor=lead event=chase-angle path=886F target_speed=60 acceleration=0 corridor=101,2076,96 wave_mode=Combat wave_phase=164 bank_target=26 bank_turn=1
elapsed=29053 actor=lead event=move path=886F target_speed=60 acceleration=0 corridor=101,2076,96 wave_mode=Combat wave_phase=164 bank_target=26 bank_turn=1
elapsed=29053 actor=lead event=vertical-step path=8942 target_speed=60 acceleration=0 corridor=101,2076,96 wave_mode=Combat wave_phase=164 bank_target=26 bank_turn=1
elapsed=29054 actor=rear event=face-player path=7125 target_speed=60 acceleration=0 corridor=57,2636,-68 wave_mode=Combat wave_phase=168 bank_target=0 bank_turn=0
elapsed=29054 actor=rear event=move path=7125 target_speed=60 acceleration=0 corridor=57,2636,-68 wave_mode=Combat wave_phase=168 bank_target=1 bank_turn=0
elapsed=29054 actor=rear event=vertical-step path=8942 target_speed=60 acceleration=0 corridor=57,2636,-68 wave_mode=Combat wave_phase=168 bank_target=1 bank_turn=0
elapsed=29057 actor=lead event=chase-angle path=886F target_speed=60 acceleration=0 corridor=101,2076,96 wave_mode=Combat wave_phase=168 bank_target=26 bank_turn=1
elapsed=29057 actor=lead event=move path=886F target_speed=60 acceleration=0 corridor=101,2076,96 wave_mode=Combat wave_phase=168 bank_target=26 bank_turn=1
elapsed=29057 actor=lead event=vertical-step path=8942 target_speed=60 acceleration=0 corridor=101,2076,96 wave_mode=Combat wave_phase=168 bank_target=26 bank_turn=1
elapsed=29057 actor=rear event=face-player path=7125 target_speed=60 acceleration=0 corridor=57,2636,-68 wave_mode=Combat wave_phase=172 bank_target=1 bank_turn=0
elapsed=29057 actor=rear event=move path=7125 target_speed=60 acceleration=0 corridor=57,2636,-68 wave_mode=Combat wave_phase=172 bank_target=2 bank_turn=0
elapsed=29058 actor=rear event=vertical-step path=8942 target_speed=60 acceleration=0 corridor=57,2636,-68 wave_mode=Combat wave_phase=172 bank_target=2 bank_turn=0
elapsed=29060 actor=lead event=chase-angle path=886F target_speed=60 acceleration=0 corridor=101,2076,96 wave_mode=Combat wave_phase=172 bank_target=26 bank_turn=1
elapsed=29060 actor=lead event=move path=886F target_speed=60 acceleration=0 corridor=101,2076,96 wave_mode=Combat wave_phase=172 bank_target=26 bank_turn=1
elapsed=29061 actor=lead event=vertical-step path=8942 target_speed=60 acceleration=0 corridor=101,2076,96 wave_mode=Combat wave_phase=172 bank_target=26 bank_turn=1
elapsed=29061 actor=rear event=face-player path=7125 target_speed=60 acceleration=0 corridor=57,2636,-68 wave_mode=Combat wave_phase=176 bank_target=2 bank_turn=0
elapsed=29061 actor=rear event=move path=7125 target_speed=60 acceleration=0 corridor=57,2636,-68 wave_mode=Combat wave_phase=176 bank_target=3 bank_turn=0
elapsed=29061 actor=rear event=vertical-step path=8942 target_speed=60 acceleration=0 corridor=57,2636,-68 wave_mode=Combat wave_phase=176 bank_target=3 bank_turn=0
elapsed=29064 actor=lead event=chase-angle path=886F target_speed=60 acceleration=0 corridor=101,2076,96 wave_mode=Combat wave_phase=176 bank_target=26 bank_turn=1
elapsed=29064 actor=lead event=move path=7146 target_speed=60 acceleration=0 corridor=101,2076,96 wave_mode=Combat wave_phase=176 bank_target=26 bank_turn=1
elapsed=29064 actor=lead event=vertical-step path=8942 target_speed=60 acceleration=0 corridor=101,2076,96 wave_mode=Combat wave_phase=176 bank_target=26 bank_turn=1
elapsed=29065 actor=rear event=face-player path=7125 target_speed=60 acceleration=0 corridor=57,2636,-68 wave_mode=Combat wave_phase=180 bank_target=3 bank_turn=0
elapsed=29065 actor=rear event=move path=7125 target_speed=60 acceleration=0 corridor=57,2636,-68 wave_mode=Combat wave_phase=180 bank_target=4 bank_turn=0
elapsed=29065 actor=rear event=vertical-step path=8942 target_speed=60 acceleration=0 corridor=57,2636,-68 wave_mode=Combat wave_phase=180 bank_target=4 bank_turn=0
elapsed=29068 actor=lead event=move path=7146 target_speed=60 acceleration=0 corridor=101,2076,96 wave_mode=Combat wave_phase=180 bank_target=26 bank_turn=1
elapsed=29068 actor=lead event=vertical-step path=8942 target_speed=60 acceleration=0 corridor=101,2076,96 wave_mode=Combat wave_phase=180 bank_target=26 bank_turn=1
elapsed=29069 actor=rear event=face-player path=7125 target_speed=60 acceleration=0 corridor=57,2636,-68 wave_mode=Combat wave_phase=184 bank_target=4 bank_turn=0
elapsed=29069 actor=rear event=move path=7125 target_speed=60 acceleration=0 corridor=57,2636,-68 wave_mode=Combat wave_phase=184 bank_target=5 bank_turn=0
elapsed=29069 actor=rear event=vertical-step path=8942 target_speed=60 acceleration=0 corridor=57,2636,-68 wave_mode=Combat wave_phase=184 bank_target=5 bank_turn=0
elapsed=29073 actor=lead event=move path=7146 target_speed=60 acceleration=0 corridor=101,2076,96 wave_mode=Combat wave_phase=184 bank_target=26 bank_turn=1
elapsed=29073 actor=lead event=vertical-step path=8942 target_speed=60 acceleration=0 corridor=101,2076,96 wave_mode=Combat wave_phase=184 bank_target=26 bank_turn=1
elapsed=29073 actor=rear event=face-player path=7125 target_speed=60 acceleration=0 corridor=57,2636,-68 wave_mode=Combat wave_phase=188 bank_target=5 bank_turn=0
elapsed=29074 actor=rear event=move path=7125 target_speed=60 acceleration=0 corridor=57,2636,-68 wave_mode=Combat wave_phase=188 bank_target=6 bank_turn=0
elapsed=29074 actor=rear event=vertical-step path=8942 target_speed=60 acceleration=0 corridor=57,2636,-68 wave_mode=Combat wave_phase=188 bank_target=6 bank_turn=0
elapsed=29077 actor=lead event=move path=7146 target_speed=60 acceleration=0 corridor=101,2076,96 wave_mode=Combat wave_phase=188 bank_target=26 bank_turn=1
elapsed=29077 actor=lead event=vertical-step path=8942 target_speed=60 acceleration=0 corridor=101,2076,96 wave_mode=Combat wave_phase=188 bank_target=26 bank_turn=1
elapsed=29078 actor=rear event=face-player path=7125 target_speed=60 acceleration=0 corridor=57,2636,-68 wave_mode=Combat wave_phase=192 bank_target=6 bank_turn=0
elapsed=29078 actor=rear event=move path=7125 target_speed=60 acceleration=0 corridor=57,2636,-68 wave_mode=Combat wave_phase=192 bank_target=7 bank_turn=0
elapsed=29078 actor=rear event=vertical-step path=8942 target_speed=60 acceleration=0 corridor=57,2636,-68 wave_mode=Combat wave_phase=192 bank_target=7 bank_turn=0
elapsed=29081 actor=lead event=move path=7146 target_speed=60 acceleration=0 corridor=101,2076,96 wave_mode=Combat wave_phase=192 bank_target=26 bank_turn=1
elapsed=29081 actor=lead event=vertical-step path=8942 target_speed=60 acceleration=0 corridor=101,2076,96 wave_mode=Combat wave_phase=192 bank_target=26 bank_turn=1
elapsed=29082 actor=rear event=face-player path=7125 target_speed=60 acceleration=0 corridor=57,2636,-68 wave_mode=Combat wave_phase=196 bank_target=7 bank_turn=0
elapsed=29082 actor=rear event=move path=7125 target_speed=60 acceleration=0 corridor=57,2636,-68 wave_mode=Combat wave_phase=196 bank_target=8 bank_turn=0
elapsed=29082 actor=rear event=vertical-step path=8942 target_speed=60 acceleration=0 corridor=57,2636,-68 wave_mode=Combat wave_phase=196 bank_target=8 bank_turn=0
elapsed=29086 actor=lead event=wait-for-angle path=714B target_speed=60 acceleration=0 corridor=101,2076,96 wave_mode=Combat wave_phase=196 bank_target=26 bank_turn=0
elapsed=29086 actor=lead event=move path=714B target_speed=60 acceleration=0 corridor=101,2076,96 wave_mode=Combat wave_phase=196 bank_target=26 bank_turn=0
elapsed=29086 actor=lead event=vertical-step path=8942 target_speed=60 acceleration=0 corridor=101,2076,96 wave_mode=Combat wave_phase=196 bank_target=26 bank_turn=0
elapsed=29086 actor=rear event=face-player path=7125 target_speed=60 acceleration=0 corridor=57,2636,-68 wave_mode=Combat wave_phase=200 bank_target=8 bank_turn=0
elapsed=29086 actor=rear event=move path=7125 target_speed=60 acceleration=0 corridor=57,2636,-68 wave_mode=Combat wave_phase=200 bank_target=9 bank_turn=0
elapsed=29087 actor=rear event=vertical-step path=8942 target_speed=60 acceleration=0 corridor=57,2636,-68 wave_mode=Combat wave_phase=200 bank_target=9 bank_turn=0
elapsed=29090 actor=lead event=wait-for-angle path=714B target_speed=60 acceleration=0 corridor=101,2076,96 wave_mode=Combat wave_phase=200 bank_target=26 bank_turn=0
elapsed=29090 actor=lead event=move path=714B target_speed=60 acceleration=0 corridor=101,2076,96 wave_mode=Combat wave_phase=200 bank_target=26 bank_turn=0
elapsed=29090 actor=lead event=vertical-step path=8942 target_speed=60 acceleration=0 corridor=101,2076,96 wave_mode=Combat wave_phase=200 bank_target=26 bank_turn=0
elapsed=29091 actor=rear event=face-player path=7125 target_speed=60 acceleration=0 corridor=57,2636,-68 wave_mode=Combat wave_phase=204 bank_target=9 bank_turn=0
elapsed=29091 actor=rear event=move path=7125 target_speed=60 acceleration=0 corridor=57,2636,-68 wave_mode=Combat wave_phase=204 bank_target=10 bank_turn=0
elapsed=29091 actor=rear event=vertical-step path=8942 target_speed=60 acceleration=0 corridor=57,2636,-68 wave_mode=Combat wave_phase=204 bank_target=10 bank_turn=0
elapsed=29094 actor=lead event=wait-for-angle path=714B target_speed=60 acceleration=0 corridor=101,2076,96 wave_mode=Combat wave_phase=204 bank_target=26 bank_turn=0
elapsed=29094 actor=lead event=move path=714B target_speed=60 acceleration=0 corridor=101,2076,96 wave_mode=Combat wave_phase=204 bank_target=26 bank_turn=0
elapsed=29094 actor=lead event=vertical-step path=8942 target_speed=60 acceleration=0 corridor=101,2076,96 wave_mode=Combat wave_phase=204 bank_target=26 bank_turn=0
elapsed=29095 actor=rear event=face-player path=7125 target_speed=60 acceleration=0 corridor=57,2636,-68 wave_mode=Combat wave_phase=208 bank_target=10 bank_turn=0
elapsed=29095 actor=rear event=move path=7125 target_speed=60 acceleration=0 corridor=57,2636,-68 wave_mode=Combat wave_phase=208 bank_target=11 bank_turn=0
elapsed=29095 actor=rear event=vertical-step path=8942 target_speed=60 acceleration=0 corridor=57,2636,-68 wave_mode=Combat wave_phase=208 bank_target=11 bank_turn=0
elapsed=29098 actor=lead event=wait-for-angle path=714B target_speed=60 acceleration=0 corridor=101,2076,96 wave_mode=Combat wave_phase=208 bank_target=26 bank_turn=0
elapsed=29098 actor=lead event=move path=714B target_speed=60 acceleration=0 corridor=101,2076,96 wave_mode=Combat wave_phase=208 bank_target=26 bank_turn=0
elapsed=29098 actor=lead event=vertical-step path=8942 target_speed=60 acceleration=0 corridor=101,2076,96 wave_mode=Combat wave_phase=208 bank_target=26 bank_turn=0
elapsed=29099 actor=rear event=face-player path=7125 target_speed=60 acceleration=0 corridor=57,2636,-68 wave_mode=Combat wave_phase=212 bank_target=11 bank_turn=0
elapsed=29099 actor=rear event=move path=7125 target_speed=60 acceleration=0 corridor=57,2636,-68 wave_mode=Combat wave_phase=212 bank_target=12 bank_turn=0
elapsed=29099 actor=rear event=vertical-step path=8942 target_speed=60 acceleration=0 corridor=57,2636,-68 wave_mode=Combat wave_phase=212 bank_target=12 bank_turn=0
elapsed=29102 actor=lead event=wait-for-angle path=714B target_speed=60 acceleration=0 corridor=101,2076,96 wave_mode=Combat wave_phase=212 bank_target=26 bank_turn=0
elapsed=29102 actor=lead event=move path=714B target_speed=60 acceleration=0 corridor=101,2076,96 wave_mode=Combat wave_phase=212 bank_target=26 bank_turn=0
elapsed=29102 actor=lead event=vertical-step path=8942 target_speed=60 acceleration=0 corridor=101,2076,96 wave_mode=Combat wave_phase=212 bank_target=26 bank_turn=0
elapsed=29103 actor=rear event=face-player path=7125 target_speed=60 acceleration=0 corridor=57,2636,-68 wave_mode=Combat wave_phase=216 bank_target=12 bank_turn=0
elapsed=29103 actor=rear event=move path=7125 target_speed=60 acceleration=0 corridor=57,2636,-68 wave_mode=Combat wave_phase=216 bank_target=13 bank_turn=0
elapsed=29103 actor=rear event=vertical-step path=8942 target_speed=60 acceleration=0 corridor=57,2636,-68 wave_mode=Combat wave_phase=216 bank_target=13 bank_turn=0
elapsed=29106 actor=lead event=wait-for-angle path=714B target_speed=60 acceleration=0 corridor=101,2076,96 wave_mode=Combat wave_phase=216 bank_target=26 bank_turn=0
elapsed=29106 actor=lead event=move path=714B target_speed=60 acceleration=0 corridor=101,2076,96 wave_mode=Combat wave_phase=216 bank_target=26 bank_turn=0
elapsed=29106 actor=lead event=vertical-step path=8942 target_speed=60 acceleration=0 corridor=101,2076,96 wave_mode=Combat wave_phase=216 bank_target=26 bank_turn=0
elapsed=29107 actor=rear event=face-player path=7125 target_speed=60 acceleration=0 corridor=57,2636,-68 wave_mode=Combat wave_phase=220 bank_target=13 bank_turn=0
elapsed=29107 actor=rear event=move path=7125 target_speed=60 acceleration=0 corridor=57,2636,-68 wave_mode=Combat wave_phase=220 bank_target=14 bank_turn=0
elapsed=29107 actor=rear event=vertical-step path=8942 target_speed=60 acceleration=0 corridor=57,2636,-68 wave_mode=Combat wave_phase=220 bank_target=14 bank_turn=0
elapsed=29110 actor=lead event=wait-for-angle path=714B target_speed=60 acceleration=0 corridor=101,2076,96 wave_mode=Combat wave_phase=220 bank_target=26 bank_turn=0
elapsed=29110 actor=lead event=move path=714B target_speed=60 acceleration=0 corridor=101,2076,96 wave_mode=Combat wave_phase=220 bank_target=26 bank_turn=0
elapsed=29110 actor=lead event=vertical-step path=8942 target_speed=60 acceleration=0 corridor=101,2076,96 wave_mode=Combat wave_phase=220 bank_target=26 bank_turn=0
elapsed=29110 actor=rear event=face-player path=7125 target_speed=60 acceleration=0 corridor=-7,130,-57 wave_mode=Combat wave_phase=224 bank_target=14 bank_turn=0
elapsed=29110 actor=rear event=move path=7125 target_speed=60 acceleration=0 corridor=-7,130,-57 wave_mode=Combat wave_phase=224 bank_target=15 bank_turn=0
elapsed=29111 actor=rear event=vertical-step path=8942 target_speed=60 acceleration=0 corridor=-7,130,-57 wave_mode=Combat wave_phase=224 bank_target=15 bank_turn=0
elapsed=29113 actor=lead event=wait-for-angle path=714B target_speed=60 acceleration=0 corridor=101,2076,96 wave_mode=Combat wave_phase=224 bank_target=26 bank_turn=0
elapsed=29113 actor=lead event=move path=714B target_speed=60 acceleration=0 corridor=101,2076,96 wave_mode=Combat wave_phase=224 bank_target=26 bank_turn=0
elapsed=29114 actor=lead event=vertical-step path=8942 target_speed=60 acceleration=0 corridor=101,2076,96 wave_mode=Combat wave_phase=224 bank_target=26 bank_turn=0
elapsed=29114 actor=rear event=face-player path=7125 target_speed=60 acceleration=0 corridor=-7,130,-57 wave_mode=Combat wave_phase=228 bank_target=15 bank_turn=0
elapsed=29114 actor=rear event=projectile-face-immediate path=8C2D target_speed=60 acceleration=0 corridor=-7,130,-57 wave_mode=Combat wave_phase=228 bank_target=0 bank_turn=0
elapsed=29114 actor=rear event=move path=7125 target_speed=60 acceleration=0 corridor=-7,130,-57 wave_mode=Combat wave_phase=228 bank_target=0 bank_turn=0
elapsed=29115 actor=rear event=vertical-step path=8942 target_speed=60 acceleration=0 corridor=-7,130,-57 wave_mode=Combat wave_phase=228 bank_target=0 bank_turn=0
elapsed=29117 actor=lead event=wait-for-angle path=714B target_speed=60 acceleration=0 corridor=101,2076,96 wave_mode=Combat wave_phase=228 bank_target=26 bank_turn=0
elapsed=29117 actor=lead event=move path=714B target_speed=60 acceleration=0 corridor=101,2076,96 wave_mode=Combat wave_phase=228 bank_target=26 bank_turn=0
elapsed=29117 actor=lead event=vertical-step path=8942 target_speed=60 acceleration=0 corridor=101,2076,96 wave_mode=Combat wave_phase=228 bank_target=26 bank_turn=0
elapsed=29118 actor=rear event=face-player path=7125 target_speed=60 acceleration=0 corridor=-7,130,-57 wave_mode=Combat wave_phase=232 bank_target=0 bank_turn=0
elapsed=29118 actor=rear event=move path=7125 target_speed=60 acceleration=0 corridor=-7,130,-57 wave_mode=Combat wave_phase=232 bank_target=1 bank_turn=0
elapsed=29118 actor=rear event=vertical-step path=8942 target_speed=60 acceleration=0 corridor=-7,130,-57 wave_mode=Combat wave_phase=232 bank_target=1 bank_turn=0
elapsed=29121 actor=lead event=wait-for-angle path=714B target_speed=60 acceleration=0 corridor=101,2076,96 wave_mode=Combat wave_phase=232 bank_target=26 bank_turn=0
elapsed=29121 actor=lead event=move path=714B target_speed=60 acceleration=0 corridor=101,2076,96 wave_mode=Combat wave_phase=232 bank_target=26 bank_turn=0
elapsed=29121 actor=lead event=vertical-step path=8942 target_speed=60 acceleration=0 corridor=101,2076,96 wave_mode=Combat wave_phase=232 bank_target=26 bank_turn=0
elapsed=29122 actor=rear event=face-player path=7125 target_speed=60 acceleration=0 corridor=-7,130,-57 wave_mode=Combat wave_phase=236 bank_target=1 bank_turn=0
elapsed=29122 actor=rear event=move path=7125 target_speed=60 acceleration=0 corridor=-7,130,-57 wave_mode=Combat wave_phase=236 bank_target=2 bank_turn=0
elapsed=29122 actor=rear event=vertical-step path=8942 target_speed=60 acceleration=0 corridor=-7,130,-57 wave_mode=Combat wave_phase=236 bank_target=2 bank_turn=0
elapsed=29125 actor=lead event=wait-for-angle path=714B target_speed=60 acceleration=0 corridor=119,3151,-3 wave_mode=Combat wave_phase=236 bank_target=26 bank_turn=0
elapsed=29125 actor=lead event=move path=714B target_speed=60 acceleration=0 corridor=119,3151,-3 wave_mode=Combat wave_phase=236 bank_target=26 bank_turn=0
elapsed=29125 actor=lead event=vertical-step path=8942 target_speed=60 acceleration=0 corridor=119,3151,-3 wave_mode=Combat wave_phase=236 bank_target=26 bank_turn=0
elapsed=29125 actor=rear event=face-player path=7125 target_speed=60 acceleration=0 corridor=-7,130,-57 wave_mode=Combat wave_phase=240 bank_target=2 bank_turn=0
elapsed=29125 actor=rear event=move path=7125 target_speed=60 acceleration=0 corridor=-7,130,-57 wave_mode=Combat wave_phase=240 bank_target=3 bank_turn=0
elapsed=29125 actor=rear event=vertical-step path=8942 target_speed=60 acceleration=0 corridor=-7,130,-57 wave_mode=Combat wave_phase=240 bank_target=3 bank_turn=0
elapsed=29128 actor=lead event=wait-for-angle path=714B target_speed=60 acceleration=0 corridor=119,3151,-3 wave_mode=Combat wave_phase=240 bank_target=26 bank_turn=0
elapsed=29128 actor=lead event=move path=714B target_speed=60 acceleration=0 corridor=119,3151,-3 wave_mode=Combat wave_phase=240 bank_target=26 bank_turn=0
elapsed=29129 actor=lead event=vertical-step path=8942 target_speed=60 acceleration=0 corridor=119,3151,-3 wave_mode=Combat wave_phase=240 bank_target=26 bank_turn=0
elapsed=29129 actor=rear event=face-player path=7125 target_speed=60 acceleration=0 corridor=-7,130,-57 wave_mode=Combat wave_phase=244 bank_target=3 bank_turn=0
elapsed=29129 actor=rear event=move path=7125 target_speed=60 acceleration=0 corridor=-7,130,-57 wave_mode=Combat wave_phase=244 bank_target=4 bank_turn=0
elapsed=29129 actor=rear event=vertical-step path=8942 target_speed=60 acceleration=0 corridor=-7,130,-57 wave_mode=Combat wave_phase=244 bank_target=4 bank_turn=0
elapsed=29133 actor=lead event=wait-for-angle path=714B target_speed=60 acceleration=0 corridor=119,3151,-3 wave_mode=Combat wave_phase=244 bank_target=26 bank_turn=0
elapsed=29133 actor=lead event=move path=714B target_speed=60 acceleration=0 corridor=119,3151,-3 wave_mode=Combat wave_phase=244 bank_target=26 bank_turn=0
elapsed=29133 actor=lead event=vertical-step path=8942 target_speed=60 acceleration=0 corridor=119,3151,-3 wave_mode=Combat wave_phase=244 bank_target=26 bank_turn=0
elapsed=29133 actor=rear event=face-player path=7125 target_speed=60 acceleration=0 corridor=-7,130,-57 wave_mode=Combat wave_phase=248 bank_target=4 bank_turn=0
elapsed=29133 actor=rear event=move path=7125 target_speed=60 acceleration=0 corridor=-7,130,-57 wave_mode=Combat wave_phase=248 bank_target=5 bank_turn=0
elapsed=29134 actor=rear event=vertical-step path=8942 target_speed=60 acceleration=0 corridor=-7,130,-57 wave_mode=Combat wave_phase=248 bank_target=5 bank_turn=0
elapsed=29137 actor=lead event=wait-for-angle path=714B target_speed=60 acceleration=0 corridor=119,3151,-3 wave_mode=Combat wave_phase=248 bank_target=26 bank_turn=0
elapsed=29137 actor=lead event=move path=714B target_speed=60 acceleration=0 corridor=119,3151,-3 wave_mode=Combat wave_phase=248 bank_target=26 bank_turn=0
elapsed=29137 actor=lead event=vertical-step path=8942 target_speed=60 acceleration=0 corridor=119,3151,-3 wave_mode=Combat wave_phase=248 bank_target=26 bank_turn=0
elapsed=29137 actor=rear event=face-player path=7125 target_speed=60 acceleration=0 corridor=-7,130,-57 wave_mode=Combat wave_phase=252 bank_target=5 bank_turn=0
elapsed=29137 actor=rear event=move path=7125 target_speed=60 acceleration=0 corridor=-7,130,-57 wave_mode=Combat wave_phase=252 bank_target=6 bank_turn=0
elapsed=29138 actor=rear event=vertical-step path=8942 target_speed=60 acceleration=0 corridor=-7,130,-57 wave_mode=Combat wave_phase=252 bank_target=6 bank_turn=0
elapsed=29141 actor=lead event=wait-for-angle path=714B target_speed=60 acceleration=0 corridor=119,3151,-3 wave_mode=Combat wave_phase=252 bank_target=26 bank_turn=0
elapsed=29141 actor=lead event=move path=714B target_speed=60 acceleration=0 corridor=119,3151,-3 wave_mode=Combat wave_phase=252 bank_target=26 bank_turn=0
elapsed=29141 actor=lead event=vertical-step path=8942 target_speed=60 acceleration=0 corridor=119,3151,-3 wave_mode=Combat wave_phase=252 bank_target=26 bank_turn=0
elapsed=29141 actor=rear event=face-player path=7125 target_speed=60 acceleration=0 corridor=-7,130,-57 wave_mode=Combat wave_phase=0 bank_target=6 bank_turn=0
elapsed=29142 actor=rear event=move path=7125 target_speed=60 acceleration=0 corridor=-7,130,-57 wave_mode=Combat wave_phase=0 bank_target=7 bank_turn=0
elapsed=29142 actor=rear event=vertical-step path=8942 target_speed=60 acceleration=0 corridor=-7,130,-57 wave_mode=Combat wave_phase=0 bank_target=7 bank_turn=0
elapsed=29145 actor=lead event=wait-for-angle path=714B target_speed=60 acceleration=0 corridor=119,3151,-3 wave_mode=Combat wave_phase=0 bank_target=26 bank_turn=0
elapsed=29145 actor=lead event=move path=714B target_speed=60 acceleration=0 corridor=119,3151,-3 wave_mode=Combat wave_phase=0 bank_target=26 bank_turn=0
elapsed=29146 actor=lead event=vertical-step path=8942 target_speed=60 acceleration=0 corridor=119,3151,-3 wave_mode=Combat wave_phase=0 bank_target=26 bank_turn=0
elapsed=29146 actor=rear event=face-player path=7125 target_speed=60 acceleration=0 corridor=-7,130,-57 wave_mode=Combat wave_phase=4 bank_target=7 bank_turn=0
elapsed=29146 actor=rear event=move path=7125 target_speed=60 acceleration=0 corridor=-7,130,-57 wave_mode=Combat wave_phase=4 bank_target=8 bank_turn=0
elapsed=29146 actor=rear event=vertical-step path=8942 target_speed=60 acceleration=0 corridor=-7,130,-57 wave_mode=Combat wave_phase=4 bank_target=8 bank_turn=0
elapsed=29150 actor=lead event=wait-for-angle path=714B target_speed=60 acceleration=0 corridor=119,3151,-3 wave_mode=Combat wave_phase=4 bank_target=26 bank_turn=0
elapsed=29150 actor=lead event=move path=714B target_speed=60 acceleration=0 corridor=119,3151,-3 wave_mode=Combat wave_phase=4 bank_target=26 bank_turn=0
elapsed=29150 actor=lead event=vertical-step path=8942 target_speed=60 acceleration=0 corridor=119,3151,-3 wave_mode=Combat wave_phase=4 bank_target=26 bank_turn=0
elapsed=29150 actor=rear event=face-player path=7125 target_speed=60 acceleration=0 corridor=-7,130,-57 wave_mode=Combat wave_phase=8 bank_target=8 bank_turn=0
elapsed=29150 actor=rear event=move path=7125 target_speed=60 acceleration=0 corridor=-7,130,-57 wave_mode=Combat wave_phase=8 bank_target=9 bank_turn=0
elapsed=29151 actor=rear event=vertical-step path=8942 target_speed=60 acceleration=0 corridor=-7,130,-57 wave_mode=Combat wave_phase=8 bank_target=9 bank_turn=0
elapsed=29154 actor=lead event=wait-for-angle path=714B target_speed=60 acceleration=0 corridor=119,3151,-3 wave_mode=Combat wave_phase=8 bank_target=26 bank_turn=0
elapsed=29154 actor=lead event=move path=714B target_speed=60 acceleration=0 corridor=119,3151,-3 wave_mode=Combat wave_phase=8 bank_target=26 bank_turn=0
elapsed=29154 actor=lead event=vertical-step path=8942 target_speed=60 acceleration=0 corridor=119,3151,-3 wave_mode=Combat wave_phase=8 bank_target=26 bank_turn=0
elapsed=29155 actor=rear event=face-player path=7125 target_speed=60 acceleration=0 corridor=-7,130,-57 wave_mode=Combat wave_phase=12 bank_target=9 bank_turn=0
elapsed=29155 actor=rear event=move path=7125 target_speed=60 acceleration=0 corridor=-7,130,-57 wave_mode=Combat wave_phase=12 bank_target=10 bank_turn=0
elapsed=29155 actor=rear event=vertical-step path=8942 target_speed=60 acceleration=0 corridor=-7,130,-57 wave_mode=Combat wave_phase=12 bank_target=10 bank_turn=0
elapsed=29158 actor=lead event=wait-for-angle path=714B target_speed=60 acceleration=0 corridor=119,3151,-3 wave_mode=Combat wave_phase=12 bank_target=26 bank_turn=0
elapsed=29158 actor=lead event=move path=714B target_speed=60 acceleration=0 corridor=119,3151,-3 wave_mode=Combat wave_phase=12 bank_target=26 bank_turn=0
elapsed=29158 actor=lead event=vertical-step path=8942 target_speed=60 acceleration=0 corridor=119,3151,-3 wave_mode=Combat wave_phase=12 bank_target=26 bank_turn=0
elapsed=29159 actor=rear event=face-player path=7125 target_speed=60 acceleration=0 corridor=-7,130,-57 wave_mode=Combat wave_phase=16 bank_target=10 bank_turn=0
elapsed=29159 actor=rear event=move path=7125 target_speed=60 acceleration=0 corridor=-7,130,-57 wave_mode=Combat wave_phase=16 bank_target=11 bank_turn=0
elapsed=29159 actor=rear event=vertical-step path=8942 target_speed=60 acceleration=0 corridor=-7,130,-57 wave_mode=Combat wave_phase=16 bank_target=11 bank_turn=0
elapsed=29162 actor=lead event=wait-for-angle path=714B target_speed=60 acceleration=0 corridor=122,1438,-11 wave_mode=Combat wave_phase=16 bank_target=26 bank_turn=0
elapsed=29162 actor=lead event=move path=714B target_speed=60 acceleration=0 corridor=122,1438,-11 wave_mode=Combat wave_phase=16 bank_target=26 bank_turn=0
elapsed=29162 actor=lead event=vertical-step path=8942 target_speed=60 acceleration=0 corridor=122,1438,-11 wave_mode=Combat wave_phase=16 bank_target=26 bank_turn=0
elapsed=29163 actor=rear event=face-player path=7125 target_speed=60 acceleration=0 corridor=-7,130,-57 wave_mode=Combat wave_phase=20 bank_target=11 bank_turn=0
elapsed=29163 actor=rear event=move path=7125 target_speed=60 acceleration=0 corridor=-7,130,-57 wave_mode=Combat wave_phase=20 bank_target=12 bank_turn=0
elapsed=29163 actor=rear event=vertical-step path=8942 target_speed=60 acceleration=0 corridor=-7,130,-57 wave_mode=Combat wave_phase=20 bank_target=12 bank_turn=0
elapsed=29166 actor=lead event=wait-for-angle path=714B target_speed=60 acceleration=0 corridor=122,1438,-11 wave_mode=Combat wave_phase=20 bank_target=26 bank_turn=0
elapsed=29166 actor=lead event=move path=70D7 target_speed=60 acceleration=0 corridor=122,1438,-11 wave_mode=Combat wave_phase=20 bank_target=26 bank_turn=0
elapsed=29166 actor=lead event=vertical-step path=8942 target_speed=60 acceleration=0 corridor=122,1438,-11 wave_mode=Combat wave_phase=20 bank_target=26 bank_turn=0
elapsed=29166 actor=rear event=face-player path=7125 target_speed=60 acceleration=0 corridor=-7,130,-57 wave_mode=Combat wave_phase=24 bank_target=12 bank_turn=0
elapsed=29166 actor=rear event=move path=7125 target_speed=60 acceleration=0 corridor=-7,130,-57 wave_mode=Combat wave_phase=24 bank_target=13 bank_turn=0
elapsed=29167 actor=rear event=vertical-step path=8942 target_speed=60 acceleration=0 corridor=-7,130,-57 wave_mode=Combat wave_phase=24 bank_target=13 bank_turn=0
elapsed=29170 actor=lead event=chase-angle path=886F target_speed=60 acceleration=0 corridor=122,1438,-11 wave_mode=Combat wave_phase=24 bank_target=-12 bank_turn=1
elapsed=29170 actor=lead event=move path=886F target_speed=60 acceleration=0 corridor=122,1438,-11 wave_mode=Combat wave_phase=24 bank_target=-12 bank_turn=1
elapsed=29170 actor=lead event=vertical-step path=8942 target_speed=60 acceleration=0 corridor=122,1438,-11 wave_mode=Combat wave_phase=24 bank_target=-12 bank_turn=1
elapsed=29170 actor=rear event=face-player path=7125 target_speed=60 acceleration=0 corridor=-7,130,-57 wave_mode=Combat wave_phase=28 bank_target=13 bank_turn=0
elapsed=29170 actor=rear event=move path=7125 target_speed=60 acceleration=0 corridor=-7,130,-57 wave_mode=Combat wave_phase=28 bank_target=14 bank_turn=0
elapsed=29171 actor=rear event=vertical-step path=8942 target_speed=60 acceleration=0 corridor=-7,130,-57 wave_mode=Combat wave_phase=28 bank_target=14 bank_turn=0
elapsed=29173 actor=lead event=chase-angle path=886F target_speed=60 acceleration=0 corridor=122,1438,-11 wave_mode=Combat wave_phase=28 bank_target=-12 bank_turn=1
elapsed=29173 actor=lead event=move path=886F target_speed=60 acceleration=0 corridor=122,1438,-11 wave_mode=Combat wave_phase=28 bank_target=-12 bank_turn=1
elapsed=29174 actor=lead event=vertical-step path=8942 target_speed=60 acceleration=0 corridor=122,1438,-11 wave_mode=Combat wave_phase=28 bank_target=-12 bank_turn=1
elapsed=29174 actor=rear event=face-player path=7125 target_speed=60 acceleration=0 corridor=-7,130,-57 wave_mode=Combat wave_phase=32 bank_target=14 bank_turn=0
elapsed=29174 actor=rear event=move path=7125 target_speed=60 acceleration=0 corridor=-7,130,-57 wave_mode=Combat wave_phase=32 bank_target=15 bank_turn=0
elapsed=29174 actor=rear event=vertical-step path=8942 target_speed=60 acceleration=0 corridor=-7,130,-57 wave_mode=Combat wave_phase=32 bank_target=15 bank_turn=0
elapsed=29177 actor=lead event=chase-angle path=886F target_speed=60 acceleration=0 corridor=122,1438,-11 wave_mode=Combat wave_phase=32 bank_target=-12 bank_turn=1
elapsed=29177 actor=lead event=move path=886F target_speed=60 acceleration=0 corridor=122,1438,-11 wave_mode=Combat wave_phase=32 bank_target=-12 bank_turn=1
elapsed=29177 actor=lead event=vertical-step path=8942 target_speed=60 acceleration=0 corridor=122,1438,-11 wave_mode=Combat wave_phase=32 bank_target=-12 bank_turn=1
elapsed=29177 actor=rear event=face-player path=7125 target_speed=60 acceleration=0 corridor=-7,130,-57 wave_mode=Combat wave_phase=36 bank_target=15 bank_turn=0
elapsed=29178 actor=rear event=projectile-face-immediate path=8C2D target_speed=60 acceleration=0 corridor=-7,130,-57 wave_mode=Combat wave_phase=36 bank_target=0 bank_turn=0
elapsed=29178 actor=rear event=move path=7125 target_speed=60 acceleration=0 corridor=-7,130,-57 wave_mode=Combat wave_phase=36 bank_target=0 bank_turn=0
elapsed=29178 actor=rear event=vertical-step path=8942 target_speed=60 acceleration=0 corridor=-7,130,-57 wave_mode=Combat wave_phase=36 bank_target=0 bank_turn=0
elapsed=29181 actor=lead event=chase-angle path=886F target_speed=60 acceleration=0 corridor=122,1438,-11 wave_mode=Combat wave_phase=36 bank_target=-12 bank_turn=1
elapsed=29181 actor=lead event=move path=886F target_speed=60 acceleration=0 corridor=122,1438,-11 wave_mode=Combat wave_phase=36 bank_target=-12 bank_turn=1
elapsed=29181 actor=lead event=vertical-step path=8942 target_speed=60 acceleration=0 corridor=122,1438,-11 wave_mode=Combat wave_phase=36 bank_target=-12 bank_turn=1
elapsed=29182 actor=rear event=face-player path=7125 target_speed=60 acceleration=0 corridor=-7,130,-57 wave_mode=Combat wave_phase=40 bank_target=0 bank_turn=0
elapsed=29182 actor=rear event=move path=7125 target_speed=60 acceleration=0 corridor=-7,130,-57 wave_mode=Combat wave_phase=40 bank_target=1 bank_turn=0
elapsed=29182 actor=rear event=vertical-step path=8942 target_speed=60 acceleration=0 corridor=-7,130,-57 wave_mode=Combat wave_phase=40 bank_target=1 bank_turn=0
elapsed=29185 actor=lead event=chase-angle path=886F target_speed=60 acceleration=0 corridor=122,1438,-11 wave_mode=Combat wave_phase=40 bank_target=-12 bank_turn=1
elapsed=29185 actor=lead event=move path=886F target_speed=60 acceleration=0 corridor=122,1438,-11 wave_mode=Combat wave_phase=40 bank_target=-12 bank_turn=1
elapsed=29185 actor=lead event=vertical-step path=8942 target_speed=60 acceleration=0 corridor=122,1438,-11 wave_mode=Combat wave_phase=40 bank_target=-12 bank_turn=1
elapsed=29186 actor=rear event=face-player path=7125 target_speed=60 acceleration=0 corridor=-7,130,-57 wave_mode=Combat wave_phase=44 bank_target=1 bank_turn=0
elapsed=29186 actor=rear event=move path=7125 target_speed=60 acceleration=0 corridor=-7,130,-57 wave_mode=Combat wave_phase=44 bank_target=2 bank_turn=0
elapsed=29186 actor=rear event=vertical-step path=8942 target_speed=60 acceleration=0 corridor=-7,130,-57 wave_mode=Combat wave_phase=44 bank_target=2 bank_turn=0
elapsed=29189 actor=lead event=chase-angle path=886F target_speed=60 acceleration=0 corridor=122,1438,-11 wave_mode=Combat wave_phase=44 bank_target=-12 bank_turn=1
elapsed=29189 actor=lead event=move path=886F target_speed=60 acceleration=0 corridor=122,1438,-11 wave_mode=Combat wave_phase=44 bank_target=-12 bank_turn=1
elapsed=29189 actor=lead event=vertical-step path=8942 target_speed=60 acceleration=0 corridor=122,1438,-11 wave_mode=Combat wave_phase=44 bank_target=-12 bank_turn=1
elapsed=29190 actor=rear event=face-player path=7125 target_speed=60 acceleration=0 corridor=-7,130,-57 wave_mode=Combat wave_phase=48 bank_target=2 bank_turn=0
elapsed=29190 actor=rear event=move path=7125 target_speed=60 acceleration=0 corridor=-7,130,-57 wave_mode=Combat wave_phase=48 bank_target=3 bank_turn=0
elapsed=29190 actor=rear event=vertical-step path=8942 target_speed=60 acceleration=0 corridor=-7,130,-57 wave_mode=Combat wave_phase=48 bank_target=3 bank_turn=0
elapsed=29193 actor=lead event=chase-angle path=886F target_speed=60 acceleration=0 corridor=122,1438,-11 wave_mode=Combat wave_phase=48 bank_target=-12 bank_turn=1
elapsed=29193 actor=lead event=move path=886F target_speed=60 acceleration=0 corridor=122,1438,-11 wave_mode=Combat wave_phase=48 bank_target=-12 bank_turn=1
elapsed=29193 actor=lead event=vertical-step path=8942 target_speed=60 acceleration=0 corridor=122,1438,-11 wave_mode=Combat wave_phase=48 bank_target=-12 bank_turn=1
elapsed=29193 actor=rear event=face-player path=7125 target_speed=60 acceleration=0 corridor=-7,130,-57 wave_mode=Combat wave_phase=52 bank_target=3 bank_turn=0
elapsed=29193 actor=rear event=move path=7125 target_speed=60 acceleration=0 corridor=-7,130,-57 wave_mode=Combat wave_phase=52 bank_target=4 bank_turn=0
elapsed=29194 actor=rear event=vertical-step path=8942 target_speed=60 acceleration=0 corridor=-7,130,-57 wave_mode=Combat wave_phase=52 bank_target=4 bank_turn=0
elapsed=29197 actor=lead event=chase-angle path=886F target_speed=60 acceleration=0 corridor=122,1438,-11 wave_mode=Combat wave_phase=52 bank_target=-12 bank_turn=1
elapsed=29197 actor=lead event=move path=886F target_speed=60 acceleration=0 corridor=122,1438,-11 wave_mode=Combat wave_phase=52 bank_target=-12 bank_turn=1
elapsed=29197 actor=lead event=vertical-step path=8942 target_speed=60 acceleration=0 corridor=122,1438,-11 wave_mode=Combat wave_phase=52 bank_target=-12 bank_turn=1
elapsed=29197 actor=rear event=face-player path=7125 target_speed=60 acceleration=0 corridor=-7,130,-57 wave_mode=Combat wave_phase=56 bank_target=4 bank_turn=0
elapsed=29197 actor=rear event=move path=7125 target_speed=60 acceleration=0 corridor=-7,130,-57 wave_mode=Combat wave_phase=56 bank_target=5 bank_turn=0
elapsed=29198 actor=rear event=vertical-step path=8942 target_speed=60 acceleration=0 corridor=-7,130,-57 wave_mode=Combat wave_phase=56 bank_target=5 bank_turn=0
elapsed=29201 actor=lead event=chase-angle path=886F target_speed=60 acceleration=0 corridor=122,1438,-11 wave_mode=Combat wave_phase=56 bank_target=-12 bank_turn=1
elapsed=29201 actor=lead event=move path=886F target_speed=60 acceleration=0 corridor=122,1438,-11 wave_mode=Combat wave_phase=56 bank_target=-12 bank_turn=1
elapsed=29201 actor=lead event=vertical-step path=8942 target_speed=60 acceleration=0 corridor=122,1438,-11 wave_mode=Combat wave_phase=56 bank_target=-12 bank_turn=1
elapsed=29202 actor=rear event=face-player path=7125 target_speed=60 acceleration=0 corridor=-7,130,-57 wave_mode=Combat wave_phase=60 bank_target=5 bank_turn=0
elapsed=29202 actor=rear event=move path=7125 target_speed=60 acceleration=0 corridor=-7,130,-57 wave_mode=Combat wave_phase=60 bank_target=6 bank_turn=0
elapsed=29202 actor=rear event=vertical-step path=8942 target_speed=60 acceleration=0 corridor=-7,130,-57 wave_mode=Combat wave_phase=60 bank_target=6 bank_turn=0
elapsed=29205 actor=lead event=chase-angle path=886F target_speed=60 acceleration=0 corridor=122,1438,-11 wave_mode=Combat wave_phase=60 bank_target=-12 bank_turn=1
elapsed=29205 actor=lead event=move path=886F target_speed=60 acceleration=0 corridor=122,1438,-11 wave_mode=Combat wave_phase=60 bank_target=-12 bank_turn=1
elapsed=29205 actor=lead event=vertical-step path=8942 target_speed=60 acceleration=0 corridor=122,1438,-11 wave_mode=Combat wave_phase=60 bank_target=-12 bank_turn=1
elapsed=29206 actor=rear event=face-player path=7125 target_speed=60 acceleration=0 corridor=-7,130,-57 wave_mode=Combat wave_phase=64 bank_target=6 bank_turn=0
elapsed=29206 actor=rear event=move path=7125 target_speed=60 acceleration=0 corridor=-7,130,-57 wave_mode=Combat wave_phase=64 bank_target=7 bank_turn=0
elapsed=29206 actor=rear event=vertical-step path=8942 target_speed=60 acceleration=0 corridor=-7,130,-57 wave_mode=Combat wave_phase=64 bank_target=7 bank_turn=0
elapsed=29209 actor=lead event=chase-angle path=886F target_speed=60 acceleration=0 corridor=122,1438,-11 wave_mode=Combat wave_phase=64 bank_target=-12 bank_turn=1
elapsed=29209 actor=lead event=move path=886F target_speed=60 acceleration=0 corridor=122,1438,-11 wave_mode=Combat wave_phase=64 bank_target=-12 bank_turn=1
elapsed=29210 actor=lead event=vertical-step path=8942 target_speed=60 acceleration=0 corridor=122,1438,-11 wave_mode=Combat wave_phase=64 bank_target=-12 bank_turn=1
elapsed=29210 actor=rear event=face-player path=7125 target_speed=60 acceleration=0 corridor=-7,130,-57 wave_mode=Combat wave_phase=68 bank_target=7 bank_turn=0
elapsed=29210 actor=rear event=move path=7125 target_speed=60 acceleration=0 corridor=-7,130,-57 wave_mode=Combat wave_phase=68 bank_target=8 bank_turn=0
elapsed=29210 actor=rear event=vertical-step path=8942 target_speed=60 acceleration=0 corridor=-7,130,-57 wave_mode=Combat wave_phase=68 bank_target=8 bank_turn=0
elapsed=29213 actor=lead event=chase-angle path=886F target_speed=60 acceleration=0 corridor=122,1438,-11 wave_mode=Combat wave_phase=68 bank_target=-12 bank_turn=1
elapsed=29213 actor=lead event=move path=70F2 target_speed=60 acceleration=0 corridor=122,1438,-11 wave_mode=Combat wave_phase=68 bank_target=1 bank_turn=1
elapsed=29214 actor=lead event=vertical-step path=8942 target_speed=60 acceleration=0 corridor=122,1438,-11 wave_mode=Combat wave_phase=68 bank_target=1 bank_turn=1
elapsed=29214 actor=rear event=face-player path=7125 target_speed=60 acceleration=0 corridor=-7,130,-57 wave_mode=Combat wave_phase=72 bank_target=8 bank_turn=0
elapsed=29214 actor=rear event=move path=7125 target_speed=60 acceleration=0 corridor=-7,130,-57 wave_mode=Combat wave_phase=72 bank_target=9 bank_turn=0
elapsed=29214 actor=rear event=vertical-step path=8942 target_speed=60 acceleration=0 corridor=-7,130,-57 wave_mode=Combat wave_phase=72 bank_target=9 bank_turn=0
elapsed=29218 actor=lead event=move path=70F2 target_speed=60 acceleration=0 corridor=122,1438,-11 wave_mode=Combat wave_phase=72 bank_target=2 bank_turn=1
elapsed=29218 actor=lead event=vertical-step path=8942 target_speed=60 acceleration=0 corridor=122,1438,-11 wave_mode=Combat wave_phase=72 bank_target=2 bank_turn=1
elapsed=29218 actor=rear event=face-player path=7125 target_speed=60 acceleration=0 corridor=-7,130,-57 wave_mode=Combat wave_phase=76 bank_target=9 bank_turn=0
elapsed=29218 actor=rear event=move path=7125 target_speed=60 acceleration=0 corridor=-7,130,-57 wave_mode=Combat wave_phase=76 bank_target=10 bank_turn=0
elapsed=29218 actor=rear event=vertical-step path=8942 target_speed=60 acceleration=0 corridor=-7,130,-57 wave_mode=Combat wave_phase=76 bank_target=10 bank_turn=0
elapsed=29222 actor=lead event=move path=70F2 target_speed=60 acceleration=0 corridor=122,1438,-11 wave_mode=Combat wave_phase=76 bank_target=3 bank_turn=1
elapsed=29222 actor=lead event=vertical-step path=8942 target_speed=60 acceleration=0 corridor=122,1438,-11 wave_mode=Combat wave_phase=76 bank_target=3 bank_turn=1
elapsed=29222 actor=rear event=face-player path=7125 target_speed=60 acceleration=0 corridor=-7,130,-57 wave_mode=Combat wave_phase=80 bank_target=10 bank_turn=0
elapsed=29222 actor=rear event=move path=7125 target_speed=60 acceleration=0 corridor=-7,130,-57 wave_mode=Combat wave_phase=80 bank_target=11 bank_turn=0
elapsed=29222 actor=rear event=vertical-step path=8942 target_speed=60 acceleration=0 corridor=-7,130,-57 wave_mode=Combat wave_phase=80 bank_target=11 bank_turn=0
elapsed=29225 actor=lead event=move path=70F2 target_speed=60 acceleration=0 corridor=122,1438,-11 wave_mode=Combat wave_phase=80 bank_target=4 bank_turn=1
elapsed=29226 actor=lead event=vertical-step path=8942 target_speed=60 acceleration=0 corridor=122,1438,-11 wave_mode=Combat wave_phase=80 bank_target=4 bank_turn=1
elapsed=29226 actor=rear event=face-player path=7125 target_speed=60 acceleration=0 corridor=-7,130,-57 wave_mode=Combat wave_phase=84 bank_target=11 bank_turn=0
elapsed=29226 actor=rear event=move path=7125 target_speed=60 acceleration=0 corridor=-7,130,-57 wave_mode=Combat wave_phase=84 bank_target=12 bank_turn=0
elapsed=29226 actor=rear event=vertical-step path=8942 target_speed=60 acceleration=0 corridor=-7,130,-57 wave_mode=Combat wave_phase=84 bank_target=12 bank_turn=0
elapsed=29229 actor=lead event=move path=70F2 target_speed=60 acceleration=0 corridor=122,1438,-11 wave_mode=Combat wave_phase=84 bank_target=5 bank_turn=1
elapsed=29230 actor=lead event=vertical-step path=8942 target_speed=60 acceleration=0 corridor=122,1438,-11 wave_mode=Combat wave_phase=84 bank_target=5 bank_turn=1
elapsed=29230 actor=rear event=face-player path=7125 target_speed=60 acceleration=0 corridor=-7,130,-57 wave_mode=Combat wave_phase=88 bank_target=12 bank_turn=0
elapsed=29230 actor=rear event=move path=7125 target_speed=60 acceleration=0 corridor=-7,130,-57 wave_mode=Combat wave_phase=88 bank_target=13 bank_turn=0
elapsed=29230 actor=rear event=vertical-step path=8942 target_speed=60 acceleration=0 corridor=-7,130,-57 wave_mode=Combat wave_phase=88 bank_target=13 bank_turn=0
elapsed=29234 actor=lead event=move path=70F2 target_speed=60 acceleration=0 corridor=122,1438,-11 wave_mode=Combat wave_phase=88 bank_target=6 bank_turn=1
elapsed=29234 actor=lead event=vertical-step path=8942 target_speed=60 acceleration=0 corridor=122,1438,-11 wave_mode=Combat wave_phase=88 bank_target=6 bank_turn=1
elapsed=29234 actor=rear event=face-player path=7125 target_speed=60 acceleration=0 corridor=-101,-3345,67 wave_mode=Combat wave_phase=92 bank_target=13 bank_turn=0
elapsed=29234 actor=rear event=move path=7125 target_speed=60 acceleration=0 corridor=-101,-3345,67 wave_mode=Combat wave_phase=92 bank_target=14 bank_turn=0
elapsed=29234 actor=rear event=vertical-step path=8942 target_speed=60 acceleration=0 corridor=-101,-3345,67 wave_mode=Combat wave_phase=92 bank_target=14 bank_turn=0
elapsed=29237 actor=lead event=move path=70F2 target_speed=60 acceleration=0 corridor=122,1438,-11 wave_mode=Combat wave_phase=92 bank_target=7 bank_turn=1
elapsed=29238 actor=lead event=vertical-step path=8942 target_speed=60 acceleration=0 corridor=122,1438,-11 wave_mode=Combat wave_phase=92 bank_target=7 bank_turn=1
elapsed=29238 actor=rear event=face-player path=7125 target_speed=60 acceleration=0 corridor=-101,-3345,67 wave_mode=Combat wave_phase=96 bank_target=14 bank_turn=0
elapsed=29238 actor=rear event=move path=7125 target_speed=60 acceleration=0 corridor=-101,-3345,67 wave_mode=Combat wave_phase=96 bank_target=15 bank_turn=0
elapsed=29238 actor=rear event=vertical-step path=8942 target_speed=60 acceleration=0 corridor=-101,-3345,67 wave_mode=Combat wave_phase=96 bank_target=15 bank_turn=0
elapsed=29241 actor=lead event=move path=70F2 target_speed=60 acceleration=0 corridor=122,1438,-11 wave_mode=Combat wave_phase=96 bank_target=8 bank_turn=1
elapsed=29241 actor=lead event=vertical-step path=8942 target_speed=60 acceleration=0 corridor=122,1438,-11 wave_mode=Combat wave_phase=96 bank_target=8 bank_turn=1
elapsed=29242 actor=rear event=face-player path=7125 target_speed=60 acceleration=0 corridor=-101,-3345,67 wave_mode=Combat wave_phase=100 bank_target=15 bank_turn=0
elapsed=29242 actor=rear event=projectile-face-immediate path=8C2D target_speed=60 acceleration=0 corridor=-101,-3345,67 wave_mode=Combat wave_phase=100 bank_target=0 bank_turn=0
elapsed=29242 actor=rear event=move path=7125 target_speed=60 acceleration=0 corridor=-101,-3345,67 wave_mode=Combat wave_phase=100 bank_target=0 bank_turn=0
elapsed=29242 actor=rear event=vertical-step path=8942 target_speed=60 acceleration=0 corridor=-101,-3345,67 wave_mode=Combat wave_phase=100 bank_target=0 bank_turn=0
elapsed=29246 actor=lead event=move path=70F2 target_speed=60 acceleration=0 corridor=-48,-1382,-65 wave_mode=Combat wave_phase=100 bank_target=9 bank_turn=1
elapsed=29246 actor=lead event=vertical-step path=8942 target_speed=60 acceleration=0 corridor=-48,-1382,-65 wave_mode=Combat wave_phase=100 bank_target=9 bank_turn=1
elapsed=29247 actor=rear event=face-player path=7125 target_speed=60 acceleration=0 corridor=-101,-3345,67 wave_mode=Combat wave_phase=104 bank_target=0 bank_turn=0
elapsed=29247 actor=rear event=move path=7125 target_speed=60 acceleration=0 corridor=-101,-3345,67 wave_mode=Combat wave_phase=104 bank_target=1 bank_turn=0
elapsed=29247 actor=rear event=vertical-step path=8942 target_speed=60 acceleration=0 corridor=-101,-3345,67 wave_mode=Combat wave_phase=104 bank_target=1 bank_turn=0
elapsed=29250 actor=lead event=move path=70F2 target_speed=60 acceleration=0 corridor=-48,-1382,-65 wave_mode=Combat wave_phase=104 bank_target=10 bank_turn=1
elapsed=29250 actor=lead event=vertical-step path=8942 target_speed=60 acceleration=0 corridor=-48,-1382,-65 wave_mode=Combat wave_phase=104 bank_target=10 bank_turn=1
elapsed=29251 actor=rear event=face-player path=7125 target_speed=60 acceleration=0 corridor=-101,-3345,67 wave_mode=Combat wave_phase=108 bank_target=1 bank_turn=0
elapsed=29251 actor=rear event=move path=7125 target_speed=60 acceleration=0 corridor=-101,-3345,67 wave_mode=Combat wave_phase=108 bank_target=2 bank_turn=0
elapsed=29251 actor=rear event=vertical-step path=8942 target_speed=60 acceleration=0 corridor=-101,-3345,67 wave_mode=Combat wave_phase=108 bank_target=2 bank_turn=0
elapsed=29254 actor=lead event=move path=70F2 target_speed=60 acceleration=0 corridor=-48,-1382,-65 wave_mode=Combat wave_phase=108 bank_target=11 bank_turn=1
elapsed=29255 actor=lead event=vertical-step path=8942 target_speed=60 acceleration=0 corridor=-48,-1382,-65 wave_mode=Combat wave_phase=108 bank_target=11 bank_turn=1
elapsed=29255 actor=rear event=face-player path=7125 target_speed=60 acceleration=0 corridor=-101,-3345,67 wave_mode=Combat wave_phase=112 bank_target=2 bank_turn=0
elapsed=29255 actor=rear event=move path=7125 target_speed=60 acceleration=0 corridor=-101,-3345,67 wave_mode=Combat wave_phase=112 bank_target=3 bank_turn=0
elapsed=29255 actor=rear event=vertical-step path=8942 target_speed=60 acceleration=0 corridor=-101,-3345,67 wave_mode=Combat wave_phase=112 bank_target=3 bank_turn=0
elapsed=29258 actor=lead event=move path=70F2 target_speed=60 acceleration=0 corridor=-48,-1382,-65 wave_mode=Combat wave_phase=112 bank_target=12 bank_turn=1
elapsed=29259 actor=lead event=vertical-step path=8942 target_speed=60 acceleration=0 corridor=-48,-1382,-65 wave_mode=Combat wave_phase=112 bank_target=12 bank_turn=1
elapsed=29259 actor=rear event=face-player path=7125 target_speed=60 acceleration=0 corridor=-101,-3345,67 wave_mode=Combat wave_phase=116 bank_target=3 bank_turn=0
elapsed=29259 actor=rear event=move path=7125 target_speed=60 acceleration=0 corridor=-101,-3345,67 wave_mode=Combat wave_phase=116 bank_target=4 bank_turn=0
elapsed=29259 actor=rear event=vertical-step path=8942 target_speed=60 acceleration=0 corridor=-101,-3345,67 wave_mode=Combat wave_phase=116 bank_target=4 bank_turn=0
elapsed=29263 actor=rear event=face-player path=7125 target_speed=60 acceleration=0 corridor=-101,-3345,67 wave_mode=Combat wave_phase=120 bank_target=4 bank_turn=0
elapsed=29263 actor=rear event=move path=7125 target_speed=60 acceleration=0 corridor=-101,-3345,67 wave_mode=Combat wave_phase=120 bank_target=5 bank_turn=0
elapsed=29263 actor=rear event=vertical-step path=8942 target_speed=60 acceleration=0 corridor=-101,-3345,67 wave_mode=Combat wave_phase=120 bank_target=5 bank_turn=0
elapsed=29267 actor=rear event=face-player path=7125 target_speed=60 acceleration=0 corridor=-101,-3345,67 wave_mode=Combat wave_phase=124 bank_target=5 bank_turn=0
elapsed=29267 actor=rear event=move path=7125 target_speed=60 acceleration=0 corridor=-101,-3345,67 wave_mode=Combat wave_phase=124 bank_target=6 bank_turn=0
elapsed=29267 actor=rear event=vertical-step path=8942 target_speed=60 acceleration=0 corridor=-101,-3345,67 wave_mode=Combat wave_phase=124 bank_target=6 bank_turn=0
elapsed=29270 actor=rear event=face-player path=7125 target_speed=60 acceleration=0 corridor=-101,-3345,67 wave_mode=Combat wave_phase=128 bank_target=6 bank_turn=0
elapsed=29270 actor=rear event=move path=7125 target_speed=60 acceleration=0 corridor=-101,-3345,67 wave_mode=Combat wave_phase=128 bank_target=7 bank_turn=0
elapsed=29270 actor=rear event=vertical-step path=8942 target_speed=60 acceleration=0 corridor=-101,-3345,67 wave_mode=Combat wave_phase=128 bank_target=7 bank_turn=0
elapsed=29274 actor=rear event=face-player path=7125 target_speed=60 acceleration=0 corridor=-101,-3345,67 wave_mode=Combat wave_phase=132 bank_target=7 bank_turn=0
elapsed=29274 actor=rear event=move path=7125 target_speed=60 acceleration=0 corridor=-101,-3345,67 wave_mode=Combat wave_phase=132 bank_target=8 bank_turn=0
elapsed=29274 actor=rear event=vertical-step path=8942 target_speed=60 acceleration=0 corridor=-101,-3345,67 wave_mode=Combat wave_phase=132 bank_target=8 bank_turn=0
elapsed=29277 actor=rear event=face-player path=7125 target_speed=60 acceleration=0 corridor=-101,-3345,67 wave_mode=Combat wave_phase=136 bank_target=8 bank_turn=0
elapsed=29277 actor=rear event=move path=7125 target_speed=60 acceleration=0 corridor=-101,-3345,67 wave_mode=Combat wave_phase=136 bank_target=9 bank_turn=0
elapsed=29277 actor=rear event=vertical-step path=8942 target_speed=60 acceleration=0 corridor=-101,-3345,67 wave_mode=Combat wave_phase=136 bank_target=9 bank_turn=0
elapsed=29281 actor=rear event=face-player path=7125 target_speed=60 acceleration=0 corridor=-101,-3345,67 wave_mode=Combat wave_phase=140 bank_target=9 bank_turn=0
elapsed=29281 actor=rear event=move path=7125 target_speed=60 acceleration=0 corridor=-101,-3345,67 wave_mode=Combat wave_phase=140 bank_target=10 bank_turn=0
elapsed=29281 actor=rear event=vertical-step path=8942 target_speed=60 acceleration=0 corridor=-101,-3345,67 wave_mode=Combat wave_phase=140 bank_target=10 bank_turn=0
elapsed=29285 actor=rear event=face-player path=7125 target_speed=60 acceleration=0 corridor=-101,-3345,67 wave_mode=Combat wave_phase=144 bank_target=10 bank_turn=0
elapsed=29285 actor=rear event=move path=7125 target_speed=60 acceleration=0 corridor=-101,-3345,67 wave_mode=Combat wave_phase=144 bank_target=11 bank_turn=0
elapsed=29285 actor=rear event=vertical-step path=8942 target_speed=60 acceleration=0 corridor=-101,-3345,67 wave_mode=Combat wave_phase=144 bank_target=11 bank_turn=0
elapsed=29288 actor=rear event=face-player path=7125 target_speed=60 acceleration=0 corridor=-101,-3345,67 wave_mode=Combat wave_phase=148 bank_target=11 bank_turn=0
elapsed=29288 actor=rear event=move path=7125 target_speed=60 acceleration=0 corridor=-101,-3345,67 wave_mode=Combat wave_phase=148 bank_target=12 bank_turn=0
elapsed=29288 actor=rear event=vertical-step path=8942 target_speed=60 acceleration=0 corridor=-101,-3345,67 wave_mode=Combat wave_phase=148 bank_target=12 bank_turn=0
elapsed=29292 actor=rear event=face-player path=7125 target_speed=60 acceleration=0 corridor=-101,-3345,67 wave_mode=Combat wave_phase=152 bank_target=12 bank_turn=0
elapsed=29292 actor=rear event=move path=7125 target_speed=60 acceleration=0 corridor=-101,-3345,67 wave_mode=Combat wave_phase=152 bank_target=13 bank_turn=0
elapsed=29292 actor=rear event=vertical-step path=8942 target_speed=60 acceleration=0 corridor=-101,-3345,67 wave_mode=Combat wave_phase=152 bank_target=13 bank_turn=0
elapsed=29296 actor=rear event=face-player path=7125 target_speed=60 acceleration=0 corridor=-101,-3345,67 wave_mode=Combat wave_phase=156 bank_target=13 bank_turn=0
elapsed=29296 actor=rear event=move path=7125 target_speed=60 acceleration=0 corridor=-101,-3345,67 wave_mode=Combat wave_phase=156 bank_target=14 bank_turn=0
elapsed=29296 actor=rear event=vertical-step path=8942 target_speed=60 acceleration=0 corridor=-101,-3345,67 wave_mode=Combat wave_phase=156 bank_target=14 bank_turn=0
elapsed=29300 actor=rear event=face-player path=7125 target_speed=60 acceleration=0 corridor=4,3509,-95 wave_mode=Combat wave_phase=160 bank_target=14 bank_turn=0
elapsed=29300 actor=rear event=move path=7125 target_speed=60 acceleration=0 corridor=4,3509,-95 wave_mode=Combat wave_phase=160 bank_target=15 bank_turn=0
elapsed=29300 actor=rear event=vertical-step path=8942 target_speed=60 acceleration=0 corridor=4,3509,-95 wave_mode=Combat wave_phase=160 bank_target=15 bank_turn=0
elapsed=29303 actor=rear event=face-player path=7125 target_speed=60 acceleration=0 corridor=4,3509,-95 wave_mode=Combat wave_phase=164 bank_target=15 bank_turn=0
elapsed=29303 actor=rear event=projectile-face-immediate path=8C2D target_speed=60 acceleration=0 corridor=4,3509,-95 wave_mode=Combat wave_phase=164 bank_target=0 bank_turn=0
elapsed=29304 actor=rear event=move path=7125 target_speed=60 acceleration=0 corridor=4,3509,-95 wave_mode=Combat wave_phase=164 bank_target=0 bank_turn=0
elapsed=29304 actor=rear event=vertical-step path=8942 target_speed=60 acceleration=0 corridor=4,3509,-95 wave_mode=Combat wave_phase=164 bank_target=0 bank_turn=0
elapsed=29308 actor=rear event=face-player path=7125 target_speed=60 acceleration=0 corridor=4,3509,-95 wave_mode=Combat wave_phase=168 bank_target=0 bank_turn=0
elapsed=29309 actor=rear event=move path=7125 target_speed=60 acceleration=0 corridor=4,3509,-95 wave_mode=Combat wave_phase=168 bank_target=1 bank_turn=0
elapsed=29309 actor=rear event=vertical-step path=8942 target_speed=60 acceleration=0 corridor=4,3509,-95 wave_mode=Combat wave_phase=168 bank_target=1 bank_turn=0
elapsed=29313 actor=rear event=face-player path=7125 target_speed=60 acceleration=0 corridor=4,3509,-95 wave_mode=Combat wave_phase=172 bank_target=1 bank_turn=0
elapsed=29313 actor=rear event=chase-angle path=886F target_speed=60 acceleration=2 corridor=4,3509,-95 wave_mode=Combat wave_phase=172 bank_target=29 bank_turn=1
elapsed=29313 actor=rear event=move path=886F target_speed=60 acceleration=2 corridor=4,3509,-95 wave_mode=Combat wave_phase=172 bank_target=29 bank_turn=1
elapsed=29313 actor=rear event=vertical-step path=8942 target_speed=60 acceleration=0 corridor=4,3509,-95 wave_mode=Combat wave_phase=172 bank_target=29 bank_turn=1
elapsed=29318 actor=rear event=chase-angle path=886F target_speed=60 acceleration=0 corridor=4,3509,-95 wave_mode=Combat wave_phase=176 bank_target=29 bank_turn=1
elapsed=29318 actor=rear event=move path=886F target_speed=60 acceleration=0 corridor=4,3509,-95 wave_mode=Combat wave_phase=176 bank_target=29 bank_turn=1
elapsed=29318 actor=rear event=vertical-step path=8942 target_speed=60 acceleration=0 corridor=4,3509,-95 wave_mode=Combat wave_phase=176 bank_target=29 bank_turn=1
elapsed=29322 actor=rear event=chase-angle path=886F target_speed=60 acceleration=0 corridor=4,3509,-95 wave_mode=Combat wave_phase=180 bank_target=29 bank_turn=1
elapsed=29322 actor=rear event=move path=886F target_speed=60 acceleration=0 corridor=4,3509,-95 wave_mode=Combat wave_phase=180 bank_target=29 bank_turn=1
elapsed=29322 actor=rear event=vertical-step path=8942 target_speed=60 acceleration=0 corridor=4,3509,-95 wave_mode=Combat wave_phase=180 bank_target=29 bank_turn=1
elapsed=29327 actor=rear event=chase-angle path=886F target_speed=60 acceleration=0 corridor=4,3509,-95 wave_mode=Combat wave_phase=184 bank_target=29 bank_turn=1
elapsed=29327 actor=rear event=move path=886F target_speed=60 acceleration=0 corridor=4,3509,-95 wave_mode=Combat wave_phase=184 bank_target=29 bank_turn=1
elapsed=29327 actor=rear event=vertical-step path=8942 target_speed=60 acceleration=0 corridor=4,3509,-95 wave_mode=Combat wave_phase=184 bank_target=29 bank_turn=1
elapsed=29331 actor=rear event=chase-angle path=886F target_speed=60 acceleration=0 corridor=4,3509,-95 wave_mode=Combat wave_phase=188 bank_target=29 bank_turn=1
elapsed=29331 actor=rear event=move path=886F target_speed=60 acceleration=0 corridor=4,3509,-95 wave_mode=Combat wave_phase=188 bank_target=29 bank_turn=1
elapsed=29331 actor=rear event=vertical-step path=8942 target_speed=60 acceleration=0 corridor=4,3509,-95 wave_mode=Combat wave_phase=188 bank_target=29 bank_turn=1
elapsed=29335 actor=rear event=chase-angle path=886F target_speed=60 acceleration=0 corridor=4,3509,-95 wave_mode=Combat wave_phase=192 bank_target=29 bank_turn=1
elapsed=29335 actor=rear event=move path=886F target_speed=60 acceleration=0 corridor=4,3509,-95 wave_mode=Combat wave_phase=192 bank_target=29 bank_turn=1
elapsed=29335 actor=rear event=vertical-step path=8942 target_speed=60 acceleration=0 corridor=4,3509,-95 wave_mode=Combat wave_phase=192 bank_target=29 bank_turn=1
elapsed=29339 actor=rear event=chase-angle path=886F target_speed=60 acceleration=0 corridor=4,3509,-95 wave_mode=Combat wave_phase=196 bank_target=29 bank_turn=1
elapsed=29339 actor=rear event=move path=886F target_speed=60 acceleration=0 corridor=4,3509,-95 wave_mode=Combat wave_phase=196 bank_target=29 bank_turn=1
elapsed=29339 actor=rear event=vertical-step path=8942 target_speed=60 acceleration=0 corridor=4,3509,-95 wave_mode=Combat wave_phase=196 bank_target=29 bank_turn=1
elapsed=29343 actor=rear event=chase-angle path=886F target_speed=60 acceleration=0 corridor=4,3509,-95 wave_mode=Combat wave_phase=200 bank_target=29 bank_turn=1
elapsed=29343 actor=rear event=move path=886F target_speed=60 acceleration=0 corridor=4,3509,-95 wave_mode=Combat wave_phase=200 bank_target=29 bank_turn=1
elapsed=29343 actor=rear event=vertical-step path=8942 target_speed=60 acceleration=0 corridor=4,3509,-95 wave_mode=Combat wave_phase=200 bank_target=29 bank_turn=1
elapsed=29347 actor=rear event=chase-angle path=886F target_speed=60 acceleration=0 corridor=4,3509,-95 wave_mode=Combat wave_phase=204 bank_target=29 bank_turn=1
elapsed=29347 actor=rear event=move path=886F target_speed=60 acceleration=0 corridor=4,3509,-95 wave_mode=Combat wave_phase=204 bank_target=29 bank_turn=1
elapsed=29347 actor=rear event=vertical-step path=8942 target_speed=60 acceleration=0 corridor=4,3509,-95 wave_mode=Combat wave_phase=204 bank_target=29 bank_turn=1
elapsed=29351 actor=rear event=chase-angle path=886F target_speed=60 acceleration=0 corridor=4,3509,-95 wave_mode=Combat wave_phase=208 bank_target=29 bank_turn=1
elapsed=29351 actor=rear event=move path=886F target_speed=60 acceleration=0 corridor=4,3509,-95 wave_mode=Combat wave_phase=208 bank_target=29 bank_turn=1
elapsed=29351 actor=rear event=vertical-step path=8942 target_speed=60 acceleration=0 corridor=4,3509,-95 wave_mode=Combat wave_phase=208 bank_target=29 bank_turn=1
elapsed=29354 actor=rear event=chase-angle path=886F target_speed=60 acceleration=0 corridor=4,3509,-95 wave_mode=Combat wave_phase=212 bank_target=29 bank_turn=1
elapsed=29354 actor=rear event=move path=886F target_speed=60 acceleration=0 corridor=4,3509,-95 wave_mode=Combat wave_phase=212 bank_target=29 bank_turn=1
elapsed=29355 actor=rear event=vertical-step path=8942 target_speed=60 acceleration=0 corridor=4,3509,-95 wave_mode=Combat wave_phase=212 bank_target=29 bank_turn=1
elapsed=29358 actor=rear event=chase-angle path=886F target_speed=60 acceleration=0 corridor=4,3509,-95 wave_mode=Combat wave_phase=216 bank_target=29 bank_turn=1
elapsed=29358 actor=rear event=move path=886F target_speed=60 acceleration=0 corridor=4,3509,-95 wave_mode=Combat wave_phase=216 bank_target=29 bank_turn=1
elapsed=29358 actor=rear event=vertical-step path=8942 target_speed=60 acceleration=0 corridor=4,3509,-95 wave_mode=Combat wave_phase=216 bank_target=29 bank_turn=1
elapsed=29361 actor=rear event=chase-angle path=886F target_speed=60 acceleration=0 corridor=4,3509,-95 wave_mode=Combat wave_phase=220 bank_target=29 bank_turn=1
elapsed=29361 actor=rear event=move path=886F target_speed=60 acceleration=0 corridor=4,3509,-95 wave_mode=Combat wave_phase=220 bank_target=29 bank_turn=1
elapsed=29362 actor=rear event=vertical-step path=8942 target_speed=60 acceleration=0 corridor=4,3509,-95 wave_mode=Combat wave_phase=220 bank_target=29 bank_turn=1
elapsed=29365 actor=rear event=chase-angle path=886F target_speed=60 acceleration=0 corridor=4,3509,-95 wave_mode=Combat wave_phase=224 bank_target=29 bank_turn=1
elapsed=29365 actor=rear event=move path=886F target_speed=60 acceleration=0 corridor=4,3509,-95 wave_mode=Combat wave_phase=224 bank_target=29 bank_turn=1
elapsed=29365 actor=rear event=vertical-step path=8942 target_speed=60 acceleration=0 corridor=4,3509,-95 wave_mode=Combat wave_phase=224 bank_target=29 bank_turn=1
elapsed=29369 actor=rear event=chase-angle path=886F target_speed=60 acceleration=0 corridor=4,3509,-95 wave_mode=Combat wave_phase=228 bank_target=29 bank_turn=1
elapsed=29369 actor=rear event=move path=886F target_speed=60 acceleration=0 corridor=4,3509,-95 wave_mode=Combat wave_phase=228 bank_target=29 bank_turn=1
elapsed=29369 actor=rear event=vertical-step path=8942 target_speed=60 acceleration=0 corridor=4,3509,-95 wave_mode=Combat wave_phase=228 bank_target=29 bank_turn=1
elapsed=29373 actor=rear event=chase-angle path=886F target_speed=60 acceleration=0 corridor=4,3509,-95 wave_mode=Combat wave_phase=232 bank_target=29 bank_turn=1
elapsed=29373 actor=rear event=move path=886F target_speed=60 acceleration=0 corridor=4,3509,-95 wave_mode=Combat wave_phase=232 bank_target=29 bank_turn=1
elapsed=29373 actor=rear event=vertical-step path=8942 target_speed=60 acceleration=0 corridor=4,3509,-95 wave_mode=Combat wave_phase=232 bank_target=29 bank_turn=1
elapsed=29377 actor=rear event=chase-angle path=886F target_speed=60 acceleration=0 corridor=4,3509,-95 wave_mode=Combat wave_phase=236 bank_target=29 bank_turn=1
elapsed=29377 actor=rear event=move path=886F target_speed=60 acceleration=0 corridor=4,3509,-95 wave_mode=Combat wave_phase=236 bank_target=29 bank_turn=1
elapsed=29377 actor=rear event=vertical-step path=8942 target_speed=60 acceleration=0 corridor=4,3509,-95 wave_mode=Combat wave_phase=236 bank_target=29 bank_turn=1
elapsed=29381 actor=rear event=chase-angle path=886F target_speed=60 acceleration=0 corridor=4,3509,-95 wave_mode=Combat wave_phase=240 bank_target=29 bank_turn=1
elapsed=29381 actor=rear event=move path=886F target_speed=60 acceleration=0 corridor=4,3509,-95 wave_mode=Combat wave_phase=240 bank_target=29 bank_turn=1
elapsed=29381 actor=rear event=vertical-step path=8942 target_speed=60 acceleration=0 corridor=4,3509,-95 wave_mode=Combat wave_phase=240 bank_target=29 bank_turn=1
elapsed=29385 actor=rear event=chase-angle path=886F target_speed=60 acceleration=0 corridor=4,3509,-95 wave_mode=Combat wave_phase=244 bank_target=29 bank_turn=1
elapsed=29385 actor=rear event=move path=886F target_speed=60 acceleration=0 corridor=4,3509,-95 wave_mode=Combat wave_phase=244 bank_target=29 bank_turn=1
elapsed=29385 actor=rear event=vertical-step path=8942 target_speed=60 acceleration=0 corridor=4,3509,-95 wave_mode=Combat wave_phase=244 bank_target=29 bank_turn=1
elapsed=29389 actor=rear event=chase-angle path=886F target_speed=60 acceleration=0 corridor=4,3509,-95 wave_mode=Combat wave_phase=248 bank_target=29 bank_turn=1
elapsed=29389 actor=rear event=move path=886F target_speed=60 acceleration=0 corridor=4,3509,-95 wave_mode=Combat wave_phase=248 bank_target=29 bank_turn=1
elapsed=29389 actor=rear event=vertical-step path=8942 target_speed=60 acceleration=0 corridor=4,3509,-95 wave_mode=Combat wave_phase=248 bank_target=29 bank_turn=1
elapsed=29393 actor=rear event=chase-angle path=886F target_speed=60 acceleration=0 corridor=4,3509,-95 wave_mode=Combat wave_phase=252 bank_target=29 bank_turn=1
elapsed=29394 actor=rear event=move path=7146 target_speed=60 acceleration=0 corridor=4,3509,-95 wave_mode=Combat wave_phase=252 bank_target=29 bank_turn=1
elapsed=29394 actor=rear event=vertical-step path=8942 target_speed=60 acceleration=0 corridor=4,3509,-95 wave_mode=Combat wave_phase=252 bank_target=29 bank_turn=1
elapsed=29398 actor=rear event=wait-for-angle path=714B target_speed=60 acceleration=0 corridor=-73,726,118 wave_mode=Combat wave_phase=0 bank_target=29 bank_turn=0
elapsed=29398 actor=rear event=move path=714B target_speed=60 acceleration=0 corridor=-73,726,118 wave_mode=Combat wave_phase=0 bank_target=29 bank_turn=0
elapsed=29398 actor=rear event=vertical-step path=8942 target_speed=60 acceleration=0 corridor=-73,726,118 wave_mode=Combat wave_phase=0 bank_target=29 bank_turn=0
elapsed=29402 actor=rear event=wait-for-angle path=714B target_speed=60 acceleration=0 corridor=-73,726,118 wave_mode=Combat wave_phase=4 bank_target=29 bank_turn=0
elapsed=29402 actor=rear event=move path=714B target_speed=60 acceleration=0 corridor=-73,726,118 wave_mode=Combat wave_phase=4 bank_target=29 bank_turn=0
elapsed=29402 actor=rear event=vertical-step path=8942 target_speed=60 acceleration=0 corridor=-73,726,118 wave_mode=Combat wave_phase=4 bank_target=29 bank_turn=0
elapsed=29406 actor=rear event=wait-for-angle path=714B target_speed=60 acceleration=0 corridor=-73,726,118 wave_mode=Combat wave_phase=8 bank_target=29 bank_turn=0
elapsed=29406 actor=rear event=move path=714B target_speed=60 acceleration=0 corridor=-73,726,118 wave_mode=Combat wave_phase=8 bank_target=29 bank_turn=0
elapsed=29406 actor=rear event=vertical-step path=8942 target_speed=60 acceleration=0 corridor=-73,726,118 wave_mode=Combat wave_phase=8 bank_target=29 bank_turn=0
elapsed=29410 actor=rear event=wait-for-angle path=714B target_speed=60 acceleration=0 corridor=-73,726,118 wave_mode=Combat wave_phase=12 bank_target=29 bank_turn=0
elapsed=29410 actor=rear event=move path=714B target_speed=60 acceleration=0 corridor=-73,726,118 wave_mode=Combat wave_phase=12 bank_target=29 bank_turn=0
elapsed=29410 actor=rear event=vertical-step path=8942 target_speed=60 acceleration=0 corridor=-73,726,118 wave_mode=Combat wave_phase=12 bank_target=29 bank_turn=0
elapsed=29413 actor=rear event=wait-for-angle path=714B target_speed=60 acceleration=0 corridor=-73,726,118 wave_mode=Combat wave_phase=16 bank_target=29 bank_turn=0
elapsed=29413 actor=rear event=move path=714B target_speed=60 acceleration=0 corridor=-73,726,118 wave_mode=Combat wave_phase=16 bank_target=29 bank_turn=0
elapsed=29414 actor=rear event=vertical-step path=8942 target_speed=60 acceleration=0 corridor=-73,726,118 wave_mode=Combat wave_phase=16 bank_target=29 bank_turn=0
elapsed=29417 actor=rear event=wait-for-angle path=714B target_speed=60 acceleration=0 corridor=-73,726,118 wave_mode=Combat wave_phase=20 bank_target=29 bank_turn=0
elapsed=29417 actor=rear event=move path=714B target_speed=60 acceleration=0 corridor=-73,726,118 wave_mode=Combat wave_phase=20 bank_target=29 bank_turn=0
elapsed=29417 actor=rear event=vertical-step path=8942 target_speed=60 acceleration=0 corridor=-73,726,118 wave_mode=Combat wave_phase=20 bank_target=29 bank_turn=0
elapsed=29420 actor=rear event=wait-for-angle path=714B target_speed=60 acceleration=0 corridor=-73,726,118 wave_mode=Combat wave_phase=24 bank_target=29 bank_turn=0
elapsed=29420 actor=rear event=move path=714B target_speed=60 acceleration=0 corridor=-73,726,118 wave_mode=Combat wave_phase=24 bank_target=29 bank_turn=0
elapsed=29420 actor=rear event=vertical-step path=8942 target_speed=60 acceleration=0 corridor=-73,726,118 wave_mode=Combat wave_phase=24 bank_target=29 bank_turn=0
elapsed=29424 actor=rear event=wait-for-angle path=714B target_speed=60 acceleration=0 corridor=-73,726,118 wave_mode=Combat wave_phase=28 bank_target=29 bank_turn=0
elapsed=29424 actor=rear event=move path=714B target_speed=60 acceleration=0 corridor=-73,726,118 wave_mode=Combat wave_phase=28 bank_target=29 bank_turn=0
elapsed=29424 actor=rear event=vertical-step path=8942 target_speed=60 acceleration=0 corridor=-73,726,118 wave_mode=Combat wave_phase=28 bank_target=29 bank_turn=0
elapsed=29427 actor=rear event=wait-for-angle path=714B target_speed=60 acceleration=0 corridor=-73,726,118 wave_mode=Combat wave_phase=32 bank_target=29 bank_turn=0
elapsed=29427 actor=rear event=move path=714B target_speed=60 acceleration=0 corridor=-73,726,118 wave_mode=Combat wave_phase=32 bank_target=29 bank_turn=0
elapsed=29427 actor=rear event=vertical-step path=8942 target_speed=60 acceleration=0 corridor=-73,726,118 wave_mode=Combat wave_phase=32 bank_target=29 bank_turn=0
elapsed=29431 actor=rear event=wait-for-angle path=714B target_speed=60 acceleration=0 corridor=-73,726,118 wave_mode=Combat wave_phase=36 bank_target=29 bank_turn=0
elapsed=29431 actor=rear event=move path=714B target_speed=60 acceleration=0 corridor=-73,726,118 wave_mode=Combat wave_phase=36 bank_target=29 bank_turn=0
elapsed=29431 actor=rear event=vertical-step path=8942 target_speed=60 acceleration=0 corridor=-73,726,118 wave_mode=Combat wave_phase=36 bank_target=29 bank_turn=0
elapsed=29434 actor=rear event=wait-for-angle path=714B target_speed=60 acceleration=0 corridor=-73,726,118 wave_mode=Combat wave_phase=40 bank_target=29 bank_turn=0
elapsed=29434 actor=rear event=move path=714B target_speed=60 acceleration=0 corridor=-73,726,118 wave_mode=Combat wave_phase=40 bank_target=29 bank_turn=0
elapsed=29435 actor=rear event=vertical-step path=8942 target_speed=60 acceleration=0 corridor=-73,726,118 wave_mode=Combat wave_phase=40 bank_target=29 bank_turn=0
elapsed=29438 actor=rear event=wait-for-angle path=714B target_speed=60 acceleration=0 corridor=-73,726,118 wave_mode=Combat wave_phase=44 bank_target=29 bank_turn=0
elapsed=29438 actor=rear event=move path=714B target_speed=60 acceleration=0 corridor=-73,726,118 wave_mode=Combat wave_phase=44 bank_target=29 bank_turn=0
elapsed=29438 actor=rear event=vertical-step path=8942 target_speed=60 acceleration=0 corridor=-73,726,118 wave_mode=Combat wave_phase=44 bank_target=29 bank_turn=0
elapsed=29441 actor=rear event=wait-for-angle path=714B target_speed=60 acceleration=0 corridor=-73,726,118 wave_mode=Combat wave_phase=48 bank_target=29 bank_turn=0
elapsed=29441 actor=rear event=move path=714B target_speed=60 acceleration=0 corridor=-73,726,118 wave_mode=Combat wave_phase=48 bank_target=29 bank_turn=0
elapsed=29441 actor=rear event=vertical-step path=8942 target_speed=60 acceleration=0 corridor=-73,726,118 wave_mode=Combat wave_phase=48 bank_target=29 bank_turn=0
elapsed=29444 actor=rear event=wait-for-angle path=714B target_speed=60 acceleration=0 corridor=-73,726,118 wave_mode=Combat wave_phase=52 bank_target=29 bank_turn=0
elapsed=29444 actor=rear event=move path=714B target_speed=60 acceleration=0 corridor=-73,726,118 wave_mode=Combat wave_phase=52 bank_target=29 bank_turn=0
elapsed=29444 actor=rear event=vertical-step path=8942 target_speed=60 acceleration=0 corridor=-73,726,118 wave_mode=Combat wave_phase=52 bank_target=29 bank_turn=0
elapsed=29447 actor=rear event=wait-for-angle path=714B target_speed=60 acceleration=0 corridor=-73,726,118 wave_mode=Combat wave_phase=56 bank_target=29 bank_turn=0
elapsed=29447 actor=rear event=move path=714B target_speed=60 acceleration=0 corridor=-73,726,118 wave_mode=Combat wave_phase=56 bank_target=29 bank_turn=0
elapsed=29448 actor=rear event=vertical-step path=8942 target_speed=60 acceleration=0 corridor=-73,726,118 wave_mode=Combat wave_phase=56 bank_target=29 bank_turn=0
elapsed=29451 actor=rear event=wait-for-angle path=714B target_speed=60 acceleration=0 corridor=-73,726,118 wave_mode=Combat wave_phase=60 bank_target=29 bank_turn=0
elapsed=29451 actor=rear event=move path=714B target_speed=60 acceleration=0 corridor=-73,726,118 wave_mode=Combat wave_phase=60 bank_target=29 bank_turn=0
elapsed=29451 actor=rear event=vertical-step path=8942 target_speed=60 acceleration=0 corridor=-73,726,118 wave_mode=Combat wave_phase=60 bank_target=29 bank_turn=0
elapsed=29455 actor=rear event=wait-for-angle path=714B target_speed=60 acceleration=0 corridor=-73,726,118 wave_mode=Combat wave_phase=64 bank_target=29 bank_turn=0
elapsed=29455 actor=rear event=move path=714B target_speed=60 acceleration=0 corridor=-73,726,118 wave_mode=Combat wave_phase=64 bank_target=29 bank_turn=0
elapsed=29455 actor=rear event=vertical-step path=8942 target_speed=60 acceleration=0 corridor=-73,726,118 wave_mode=Combat wave_phase=64 bank_target=29 bank_turn=0
elapsed=29458 actor=rear event=wait-for-angle path=714B target_speed=60 acceleration=0 corridor=-73,726,118 wave_mode=Combat wave_phase=68 bank_target=29 bank_turn=0
elapsed=29458 actor=rear event=move path=714B target_speed=60 acceleration=0 corridor=-73,726,118 wave_mode=Combat wave_phase=68 bank_target=29 bank_turn=0
elapsed=29458 actor=rear event=vertical-step path=8942 target_speed=60 acceleration=0 corridor=-73,726,118 wave_mode=Combat wave_phase=68 bank_target=29 bank_turn=0
elapsed=29461 actor=rear event=wait-for-angle path=714B target_speed=60 acceleration=0 corridor=-73,726,118 wave_mode=Combat wave_phase=72 bank_target=29 bank_turn=0
elapsed=29461 actor=rear event=move path=714B target_speed=60 acceleration=0 corridor=-73,726,118 wave_mode=Combat wave_phase=72 bank_target=29 bank_turn=0
elapsed=29462 actor=rear event=vertical-step path=8942 target_speed=60 acceleration=0 corridor=-73,726,118 wave_mode=Combat wave_phase=72 bank_target=29 bank_turn=0
elapsed=29465 actor=rear event=wait-for-angle path=714B target_speed=60 acceleration=0 corridor=-73,726,118 wave_mode=Combat wave_phase=76 bank_target=29 bank_turn=0
elapsed=29465 actor=rear event=move path=714B target_speed=60 acceleration=0 corridor=-73,726,118 wave_mode=Combat wave_phase=76 bank_target=29 bank_turn=0
elapsed=29465 actor=rear event=vertical-step path=8942 target_speed=60 acceleration=0 corridor=-73,726,118 wave_mode=Combat wave_phase=76 bank_target=29 bank_turn=0
elapsed=29468 actor=rear event=wait-for-angle path=714B target_speed=60 acceleration=0 corridor=-73,726,118 wave_mode=Combat wave_phase=80 bank_target=29 bank_turn=0
elapsed=29468 actor=rear event=move path=714B target_speed=60 acceleration=0 corridor=-73,726,118 wave_mode=Combat wave_phase=80 bank_target=29 bank_turn=0
elapsed=29468 actor=rear event=vertical-step path=8942 target_speed=60 acceleration=0 corridor=-73,726,118 wave_mode=Combat wave_phase=80 bank_target=29 bank_turn=0
elapsed=29471 actor=rear event=wait-for-angle path=714B target_speed=60 acceleration=0 corridor=-73,726,118 wave_mode=Combat wave_phase=84 bank_target=29 bank_turn=0
elapsed=29471 actor=rear event=move path=70D7 target_speed=60 acceleration=0 corridor=-73,726,118 wave_mode=Combat wave_phase=84 bank_target=29 bank_turn=0
elapsed=29471 actor=rear event=vertical-step path=8942 target_speed=60 acceleration=0 corridor=-73,726,118 wave_mode=Combat wave_phase=84 bank_target=29 bank_turn=0
elapsed=29475 actor=rear event=chase-angle path=886F target_speed=60 acceleration=0 corridor=-73,726,118 wave_mode=Combat wave_phase=88 bank_target=14 bank_turn=1
elapsed=29475 actor=rear event=move path=886F target_speed=60 acceleration=0 corridor=-73,726,118 wave_mode=Combat wave_phase=88 bank_target=14 bank_turn=1
elapsed=29475 actor=rear event=vertical-step path=8942 target_speed=60 acceleration=0 corridor=-73,726,118 wave_mode=Combat wave_phase=88 bank_target=14 bank_turn=1
elapsed=29479 actor=rear event=chase-angle path=886F target_speed=60 acceleration=0 corridor=-73,726,118 wave_mode=Combat wave_phase=92 bank_target=14 bank_turn=1
elapsed=29479 actor=rear event=move path=886F target_speed=60 acceleration=0 corridor=-73,726,118 wave_mode=Combat wave_phase=92 bank_target=14 bank_turn=1
elapsed=29479 actor=rear event=vertical-step path=8942 target_speed=60 acceleration=0 corridor=-73,726,118 wave_mode=Combat wave_phase=92 bank_target=14 bank_turn=1
elapsed=29482 actor=rear event=chase-angle path=886F target_speed=60 acceleration=0 corridor=-73,726,118 wave_mode=Combat wave_phase=96 bank_target=14 bank_turn=1
elapsed=29482 actor=rear event=move path=886F target_speed=60 acceleration=0 corridor=-73,726,118 wave_mode=Combat wave_phase=96 bank_target=14 bank_turn=1
elapsed=29483 actor=rear event=vertical-step path=8942 target_speed=60 acceleration=0 corridor=-73,726,118 wave_mode=Combat wave_phase=96 bank_target=14 bank_turn=1
elapsed=29486 actor=rear event=chase-angle path=886F target_speed=60 acceleration=0 corridor=7,2400,-77 wave_mode=Combat wave_phase=100 bank_target=14 bank_turn=1
elapsed=29486 actor=rear event=move path=886F target_speed=60 acceleration=0 corridor=7,2400,-77 wave_mode=Combat wave_phase=100 bank_target=14 bank_turn=1
elapsed=29486 actor=rear event=vertical-step path=8942 target_speed=60 acceleration=0 corridor=7,2400,-77 wave_mode=Combat wave_phase=100 bank_target=14 bank_turn=1
elapsed=29489 actor=rear event=chase-angle path=886F target_speed=60 acceleration=0 corridor=7,2400,-77 wave_mode=Combat wave_phase=104 bank_target=14 bank_turn=1
elapsed=29489 actor=rear event=move path=886F target_speed=60 acceleration=0 corridor=7,2400,-77 wave_mode=Combat wave_phase=104 bank_target=14 bank_turn=1
elapsed=29489 actor=rear event=vertical-step path=8942 target_speed=60 acceleration=0 corridor=7,2400,-77 wave_mode=Combat wave_phase=104 bank_target=14 bank_turn=1
elapsed=29492 actor=rear event=chase-angle path=886F target_speed=60 acceleration=0 corridor=7,2400,-77 wave_mode=Combat wave_phase=108 bank_target=14 bank_turn=1
elapsed=29492 actor=rear event=move path=886F target_speed=60 acceleration=0 corridor=7,2400,-77 wave_mode=Combat wave_phase=108 bank_target=14 bank_turn=1
elapsed=29492 actor=rear event=vertical-step path=8942 target_speed=60 acceleration=0 corridor=7,2400,-77 wave_mode=Combat wave_phase=108 bank_target=14 bank_turn=1
elapsed=29495 actor=rear event=chase-angle path=886F target_speed=60 acceleration=0 corridor=7,2400,-77 wave_mode=Combat wave_phase=112 bank_target=14 bank_turn=1
elapsed=29495 actor=rear event=move path=886F target_speed=60 acceleration=0 corridor=7,2400,-77 wave_mode=Combat wave_phase=112 bank_target=14 bank_turn=1
elapsed=29496 actor=rear event=vertical-step path=8942 target_speed=60 acceleration=0 corridor=7,2400,-77 wave_mode=Combat wave_phase=112 bank_target=14 bank_turn=1
elapsed=29499 actor=rear event=chase-angle path=886F target_speed=60 acceleration=0 corridor=7,2400,-77 wave_mode=Combat wave_phase=116 bank_target=14 bank_turn=1
elapsed=29499 actor=rear event=move path=886F target_speed=60 acceleration=0 corridor=7,2400,-77 wave_mode=Combat wave_phase=116 bank_target=14 bank_turn=1
elapsed=29499 actor=rear event=vertical-step path=8942 target_speed=60 acceleration=0 corridor=7,2400,-77 wave_mode=Combat wave_phase=116 bank_target=14 bank_turn=1
elapsed=29503 actor=rear event=chase-angle path=886F target_speed=60 acceleration=0 corridor=7,2400,-77 wave_mode=Combat wave_phase=120 bank_target=14 bank_turn=1
elapsed=29503 actor=rear event=move path=886F target_speed=60 acceleration=0 corridor=7,2400,-77 wave_mode=Combat wave_phase=120 bank_target=14 bank_turn=1
elapsed=29503 actor=rear event=vertical-step path=8942 target_speed=60 acceleration=0 corridor=7,2400,-77 wave_mode=Combat wave_phase=120 bank_target=14 bank_turn=1
elapsed=29506 actor=rear event=chase-angle path=886F target_speed=60 acceleration=0 corridor=7,2400,-77 wave_mode=Combat wave_phase=124 bank_target=14 bank_turn=1
elapsed=29506 actor=rear event=move path=886F target_speed=60 acceleration=0 corridor=7,2400,-77 wave_mode=Combat wave_phase=124 bank_target=14 bank_turn=1
elapsed=29506 actor=rear event=vertical-step path=8942 target_speed=60 acceleration=0 corridor=7,2400,-77 wave_mode=Combat wave_phase=124 bank_target=14 bank_turn=1
elapsed=29509 actor=rear event=chase-angle path=886F target_speed=60 acceleration=0 corridor=7,2400,-77 wave_mode=Combat wave_phase=128 bank_target=14 bank_turn=1
elapsed=29509 actor=rear event=move path=886F target_speed=60 acceleration=0 corridor=7,2400,-77 wave_mode=Combat wave_phase=128 bank_target=14 bank_turn=1
elapsed=29510 actor=rear event=vertical-step path=8942 target_speed=60 acceleration=0 corridor=7,2400,-77 wave_mode=Combat wave_phase=128 bank_target=14 bank_turn=1
elapsed=29513 actor=rear event=chase-angle path=886F target_speed=60 acceleration=0 corridor=7,2400,-77 wave_mode=Combat wave_phase=132 bank_target=14 bank_turn=1
elapsed=29513 actor=rear event=move path=886F target_speed=60 acceleration=0 corridor=7,2400,-77 wave_mode=Combat wave_phase=132 bank_target=14 bank_turn=1
elapsed=29513 actor=rear event=vertical-step path=8942 target_speed=60 acceleration=0 corridor=7,2400,-77 wave_mode=Combat wave_phase=132 bank_target=14 bank_turn=1
elapsed=29516 actor=rear event=chase-angle path=886F target_speed=60 acceleration=0 corridor=7,2400,-77 wave_mode=Combat wave_phase=136 bank_target=14 bank_turn=1
elapsed=29516 actor=rear event=move path=886F target_speed=60 acceleration=0 corridor=7,2400,-77 wave_mode=Combat wave_phase=136 bank_target=14 bank_turn=1
elapsed=29516 actor=rear event=vertical-step path=8942 target_speed=60 acceleration=0 corridor=7,2400,-77 wave_mode=Combat wave_phase=136 bank_target=14 bank_turn=1
elapsed=29519 actor=rear event=chase-angle path=886F target_speed=60 acceleration=0 corridor=7,2400,-77 wave_mode=Combat wave_phase=140 bank_target=14 bank_turn=1
elapsed=29519 actor=rear event=move path=70F2 target_speed=60 acceleration=0 corridor=7,2400,-77 wave_mode=Combat wave_phase=140 bank_target=1 bank_turn=1
elapsed=29519 actor=rear event=vertical-step path=8942 target_speed=60 acceleration=0 corridor=7,2400,-77 wave_mode=Combat wave_phase=140 bank_target=1 bank_turn=1
elapsed=29523 actor=rear event=move path=70F2 target_speed=60 acceleration=0 corridor=7,2400,-77 wave_mode=Combat wave_phase=144 bank_target=2 bank_turn=1
elapsed=29523 actor=rear event=vertical-step path=8942 target_speed=60 acceleration=0 corridor=7,2400,-77 wave_mode=Combat wave_phase=144 bank_target=2 bank_turn=1
elapsed=29527 actor=rear event=move path=70F2 target_speed=60 acceleration=0 corridor=7,2400,-77 wave_mode=Combat wave_phase=148 bank_target=3 bank_turn=1
elapsed=29527 actor=rear event=vertical-step path=8942 target_speed=60 acceleration=0 corridor=7,2400,-77 wave_mode=Combat wave_phase=148 bank_target=3 bank_turn=1
elapsed=29530 actor=rear event=move path=70F2 target_speed=60 acceleration=0 corridor=7,2400,-77 wave_mode=Combat wave_phase=152 bank_target=4 bank_turn=1
elapsed=29530 actor=rear event=vertical-step path=8942 target_speed=60 acceleration=0 corridor=7,2400,-77 wave_mode=Combat wave_phase=152 bank_target=4 bank_turn=1
elapsed=29533 actor=rear event=move path=70F2 target_speed=60 acceleration=0 corridor=7,2400,-77 wave_mode=Combat wave_phase=156 bank_target=5 bank_turn=1
elapsed=29534 actor=rear event=vertical-step path=8942 target_speed=60 acceleration=0 corridor=7,2400,-77 wave_mode=Combat wave_phase=156 bank_target=5 bank_turn=1
elapsed=29537 actor=rear event=move path=70F2 target_speed=60 acceleration=0 corridor=7,2400,-77 wave_mode=Combat wave_phase=160 bank_target=6 bank_turn=1
elapsed=29537 actor=rear event=vertical-step path=8942 target_speed=60 acceleration=0 corridor=7,2400,-77 wave_mode=Combat wave_phase=160 bank_target=6 bank_turn=1
elapsed=29540 actor=rear event=move path=70F2 target_speed=60 acceleration=0 corridor=7,2400,-77 wave_mode=Combat wave_phase=164 bank_target=7 bank_turn=1
elapsed=29540 actor=rear event=vertical-step path=8942 target_speed=60 acceleration=0 corridor=7,2400,-77 wave_mode=Combat wave_phase=164 bank_target=7 bank_turn=1
elapsed=29543 actor=rear event=move path=70F2 target_speed=60 acceleration=0 corridor=7,2400,-77 wave_mode=Combat wave_phase=168 bank_target=8 bank_turn=1
elapsed=29543 actor=rear event=vertical-step path=8942 target_speed=60 acceleration=0 corridor=7,2400,-77 wave_mode=Combat wave_phase=168 bank_target=8 bank_turn=1
elapsed=29547 actor=rear event=move path=70F2 target_speed=60 acceleration=0 corridor=7,2400,-77 wave_mode=Combat wave_phase=172 bank_target=9 bank_turn=1
elapsed=29547 actor=rear event=vertical-step path=8942 target_speed=60 acceleration=0 corridor=7,2400,-77 wave_mode=Combat wave_phase=172 bank_target=9 bank_turn=1
elapsed=29551 actor=rear event=move path=70F2 target_speed=60 acceleration=0 corridor=7,2400,-77 wave_mode=Combat wave_phase=176 bank_target=10 bank_turn=1
elapsed=29551 actor=rear event=vertical-step path=8942 target_speed=60 acceleration=0 corridor=7,2400,-77 wave_mode=Combat wave_phase=176 bank_target=10 bank_turn=1
elapsed=29554 actor=rear event=move path=70F2 target_speed=60 acceleration=0 corridor=7,2400,-77 wave_mode=Combat wave_phase=180 bank_target=11 bank_turn=1
elapsed=29554 actor=rear event=vertical-step path=8942 target_speed=60 acceleration=0 corridor=7,2400,-77 wave_mode=Combat wave_phase=180 bank_target=11 bank_turn=1
elapsed=29557 actor=rear event=move path=70F2 target_speed=60 acceleration=0 corridor=7,2400,-77 wave_mode=Combat wave_phase=184 bank_target=12 bank_turn=1
elapsed=29558 actor=rear event=vertical-step path=8942 target_speed=60 acceleration=0 corridor=7,2400,-77 wave_mode=Combat wave_phase=184 bank_target=12 bank_turn=1
elapsed=29561 actor=rear event=move path=70F2 target_speed=60 acceleration=0 corridor=7,2400,-77 wave_mode=Combat wave_phase=188 bank_target=13 bank_turn=1
elapsed=29561 actor=rear event=vertical-step path=8942 target_speed=60 acceleration=0 corridor=7,2400,-77 wave_mode=Combat wave_phase=188 bank_target=13 bank_turn=1
elapsed=29564 actor=rear event=move path=70F2 target_speed=60 acceleration=0 corridor=7,2400,-77 wave_mode=Combat wave_phase=192 bank_target=14 bank_turn=1
elapsed=29564 actor=rear event=vertical-step path=8942 target_speed=60 acceleration=0 corridor=7,2400,-77 wave_mode=Combat wave_phase=192 bank_target=14 bank_turn=1
elapsed=29567 actor=rear event=move path=70F2 target_speed=60 acceleration=0 corridor=7,2400,-77 wave_mode=Combat wave_phase=196 bank_target=15 bank_turn=1
elapsed=29567 actor=rear event=vertical-step path=8942 target_speed=60 acceleration=0 corridor=7,2400,-77 wave_mode=Combat wave_phase=196 bank_target=15 bank_turn=1
elapsed=29571 actor=rear event=move path=70F2 target_speed=60 acceleration=0 corridor=7,2400,-77 wave_mode=Combat wave_phase=200 bank_target=16 bank_turn=1
elapsed=29571 actor=rear event=vertical-step path=8942 target_speed=60 acceleration=0 corridor=7,2400,-77 wave_mode=Combat wave_phase=200 bank_target=16 bank_turn=1
elapsed=29575 actor=rear event=move path=70F2 target_speed=60 acceleration=0 corridor=7,2400,-77 wave_mode=Combat wave_phase=204 bank_target=17 bank_turn=1
elapsed=29575 actor=rear event=vertical-step path=8942 target_speed=60 acceleration=0 corridor=7,2400,-77 wave_mode=Combat wave_phase=204 bank_target=17 bank_turn=1
elapsed=29578 actor=rear event=move path=70F2 target_speed=60 acceleration=0 corridor=7,2400,-77 wave_mode=Combat wave_phase=208 bank_target=18 bank_turn=1
elapsed=29578 actor=rear event=vertical-step path=8942 target_speed=60 acceleration=0 corridor=7,2400,-77 wave_mode=Combat wave_phase=208 bank_target=18 bank_turn=1
elapsed=29582 actor=rear event=move path=70F2 target_speed=60 acceleration=0 corridor=7,2400,-77 wave_mode=Combat wave_phase=212 bank_target=19 bank_turn=1
elapsed=29582 actor=rear event=vertical-step path=8942 target_speed=60 acceleration=0 corridor=7,2400,-77 wave_mode=Combat wave_phase=212 bank_target=19 bank_turn=1
elapsed=29585 actor=rear event=move path=70F2 target_speed=60 acceleration=0 corridor=7,2400,-77 wave_mode=Combat wave_phase=216 bank_target=20 bank_turn=1
elapsed=29585 actor=rear event=vertical-step path=8942 target_speed=60 acceleration=0 corridor=7,2400,-77 wave_mode=Combat wave_phase=216 bank_target=20 bank_turn=1
elapsed=29588 actor=rear event=move path=70F2 target_speed=60 acceleration=0 corridor=-36,2806,27 wave_mode=Combat wave_phase=220 bank_target=21 bank_turn=1
elapsed=29588 actor=rear event=vertical-step path=8942 target_speed=60 acceleration=0 corridor=-36,2806,27 wave_mode=Combat wave_phase=220 bank_target=21 bank_turn=1
elapsed=29592 actor=rear event=move path=70F2 target_speed=60 acceleration=0 corridor=-36,2806,27 wave_mode=Combat wave_phase=224 bank_target=22 bank_turn=1
elapsed=29592 actor=rear event=vertical-step path=8942 target_speed=60 acceleration=0 corridor=-36,2806,27 wave_mode=Combat wave_phase=224 bank_target=22 bank_turn=1
elapsed=29595 actor=rear event=move path=70F2 target_speed=60 acceleration=0 corridor=-36,2806,27 wave_mode=Combat wave_phase=228 bank_target=23 bank_turn=1
elapsed=29595 actor=rear event=vertical-step path=8942 target_speed=60 acceleration=0 corridor=-36,2806,27 wave_mode=Combat wave_phase=228 bank_target=23 bank_turn=1
elapsed=29599 actor=rear event=move path=70F2 target_speed=60 acceleration=0 corridor=-36,2806,27 wave_mode=Combat wave_phase=232 bank_target=24 bank_turn=1
elapsed=29599 actor=rear event=vertical-step path=8942 target_speed=60 acceleration=0 corridor=-36,2806,27 wave_mode=Combat wave_phase=232 bank_target=24 bank_turn=1
elapsed=29603 actor=rear event=move path=70F2 target_speed=60 acceleration=0 corridor=-36,2806,27 wave_mode=Combat wave_phase=236 bank_target=25 bank_turn=1
elapsed=29603 actor=rear event=vertical-step path=8942 target_speed=60 acceleration=0 corridor=-36,2806,27 wave_mode=Combat wave_phase=236 bank_target=25 bank_turn=1
elapsed=29606 actor=rear event=move path=70F2 target_speed=60 acceleration=0 corridor=-36,2806,27 wave_mode=Combat wave_phase=240 bank_target=26 bank_turn=1
elapsed=29606 actor=rear event=vertical-step path=8942 target_speed=60 acceleration=0 corridor=-36,2806,27 wave_mode=Combat wave_phase=240 bank_target=26 bank_turn=1
elapsed=29610 actor=rear event=move path=70F2 target_speed=60 acceleration=0 corridor=121,1788,-69 wave_mode=Combat wave_phase=244 bank_target=27 bank_turn=1
elapsed=29610 actor=rear event=vertical-step path=8942 target_speed=60 acceleration=0 corridor=121,1788,-69 wave_mode=Combat wave_phase=244 bank_target=27 bank_turn=1
elapsed=29613 actor=rear event=move path=70F2 target_speed=60 acceleration=0 corridor=121,1788,-69 wave_mode=Combat wave_phase=248 bank_target=28 bank_turn=1
elapsed=29613 actor=rear event=vertical-step path=8942 target_speed=60 acceleration=0 corridor=121,1788,-69 wave_mode=Combat wave_phase=248 bank_target=28 bank_turn=1
elapsed=29616 actor=rear event=move path=70F2 target_speed=60 acceleration=0 corridor=121,1788,-69 wave_mode=Combat wave_phase=252 bank_target=29 bank_turn=1
elapsed=29616 actor=rear event=vertical-step path=8942 target_speed=60 acceleration=0 corridor=121,1788,-69 wave_mode=Combat wave_phase=252 bank_target=29 bank_turn=1
elapsed=29620 actor=rear event=move path=70F2 target_speed=60 acceleration=0 corridor=121,1788,-69 wave_mode=Combat wave_phase=0 bank_target=30 bank_turn=1
elapsed=29620 actor=rear event=vertical-step path=8942 target_speed=60 acceleration=0 corridor=121,1788,-69 wave_mode=Combat wave_phase=0 bank_target=30 bank_turn=1
elapsed=29624 actor=rear event=move path=70F2 target_speed=60 acceleration=0 corridor=121,1788,-69 wave_mode=Combat wave_phase=4 bank_target=31 bank_turn=1
elapsed=29624 actor=rear event=vertical-step path=8942 target_speed=60 acceleration=0 corridor=121,1788,-69 wave_mode=Combat wave_phase=4 bank_target=31 bank_turn=1
elapsed=29627 actor=rear event=move path=70F2 target_speed=60 acceleration=0 corridor=121,1788,-69 wave_mode=Combat wave_phase=8 bank_target=32 bank_turn=1
elapsed=29627 actor=rear event=vertical-step path=8942 target_speed=60 acceleration=0 corridor=121,1788,-69 wave_mode=Combat wave_phase=8 bank_target=32 bank_turn=1
elapsed=29631 actor=rear event=move path=70F2 target_speed=60 acceleration=0 corridor=121,1788,-69 wave_mode=Combat wave_phase=12 bank_target=33 bank_turn=1
elapsed=29632 actor=rear event=vertical-step path=8942 target_speed=60 acceleration=0 corridor=121,1788,-69 wave_mode=Combat wave_phase=12 bank_target=33 bank_turn=1
elapsed=29635 actor=rear event=move path=70F2 target_speed=60 acceleration=0 corridor=121,1788,-69 wave_mode=Combat wave_phase=16 bank_target=34 bank_turn=1
elapsed=29635 actor=rear event=vertical-step path=8942 target_speed=60 acceleration=0 corridor=121,1788,-69 wave_mode=Combat wave_phase=16 bank_target=34 bank_turn=1
elapsed=29639 actor=rear event=move path=70F2 target_speed=60 acceleration=0 corridor=121,1788,-69 wave_mode=Combat wave_phase=20 bank_target=35 bank_turn=1
elapsed=29639 actor=rear event=vertical-step path=8942 target_speed=60 acceleration=0 corridor=121,1788,-69 wave_mode=Combat wave_phase=20 bank_target=35 bank_turn=1
elapsed=29643 actor=rear event=move path=70F2 target_speed=60 acceleration=0 corridor=121,1788,-69 wave_mode=Combat wave_phase=24 bank_target=36 bank_turn=1
elapsed=29643 actor=rear event=vertical-step path=8942 target_speed=60 acceleration=0 corridor=121,1788,-69 wave_mode=Combat wave_phase=24 bank_target=36 bank_turn=1
elapsed=29646 actor=rear event=move path=70F2 target_speed=60 acceleration=0 corridor=121,1788,-69 wave_mode=Combat wave_phase=28 bank_target=37 bank_turn=1
elapsed=29646 actor=rear event=vertical-step path=8942 target_speed=60 acceleration=0 corridor=121,1788,-69 wave_mode=Combat wave_phase=28 bank_target=37 bank_turn=1
elapsed=29650 actor=rear event=move path=70F2 target_speed=60 acceleration=0 corridor=121,1788,-69 wave_mode=Combat wave_phase=32 bank_target=38 bank_turn=1
elapsed=29650 actor=rear event=vertical-step path=8942 target_speed=60 acceleration=0 corridor=121,1788,-69 wave_mode=Combat wave_phase=32 bank_target=38 bank_turn=1
elapsed=29653 actor=rear event=move path=70F2 target_speed=60 acceleration=0 corridor=121,1788,-69 wave_mode=Combat wave_phase=36 bank_target=39 bank_turn=1
elapsed=29653 actor=rear event=vertical-step path=8942 target_speed=60 acceleration=0 corridor=121,1788,-69 wave_mode=Combat wave_phase=36 bank_target=39 bank_turn=1
elapsed=29656 actor=rear event=wait-for-angle path=7101 target_speed=60 acceleration=0 corridor=121,1788,-69 wave_mode=Combat wave_phase=40 bank_target=40 bank_turn=0
elapsed=29656 actor=rear event=move path=7101 target_speed=60 acceleration=0 corridor=121,1788,-69 wave_mode=Combat wave_phase=40 bank_target=40 bank_turn=0
elapsed=29656 actor=rear event=vertical-step path=8942 target_speed=60 acceleration=0 corridor=121,1788,-69 wave_mode=Combat wave_phase=40 bank_target=40 bank_turn=0
elapsed=29660 actor=rear event=wait-for-angle path=7101 target_speed=60 acceleration=0 corridor=121,1788,-69 wave_mode=Combat wave_phase=44 bank_target=40 bank_turn=0
elapsed=29660 actor=rear event=move path=7101 target_speed=60 acceleration=0 corridor=121,1788,-69 wave_mode=Combat wave_phase=44 bank_target=40 bank_turn=0
elapsed=29660 actor=rear event=vertical-step path=8942 target_speed=60 acceleration=0 corridor=121,1788,-69 wave_mode=Combat wave_phase=44 bank_target=40 bank_turn=0
elapsed=29663 actor=rear event=wait-for-angle path=7101 target_speed=60 acceleration=0 corridor=121,1788,-69 wave_mode=Combat wave_phase=48 bank_target=40 bank_turn=0
elapsed=29663 actor=rear event=move path=7101 target_speed=60 acceleration=0 corridor=121,1788,-69 wave_mode=Combat wave_phase=48 bank_target=40 bank_turn=0
elapsed=29663 actor=rear event=vertical-step path=8942 target_speed=60 acceleration=0 corridor=121,1788,-69 wave_mode=Combat wave_phase=48 bank_target=40 bank_turn=0
elapsed=29667 actor=rear event=wait-for-angle path=7101 target_speed=60 acceleration=0 corridor=121,1788,-69 wave_mode=Combat wave_phase=52 bank_target=40 bank_turn=0
elapsed=29667 actor=rear event=move path=7101 target_speed=60 acceleration=0 corridor=121,1788,-69 wave_mode=Combat wave_phase=52 bank_target=40 bank_turn=0
elapsed=29667 actor=rear event=vertical-step path=8942 target_speed=60 acceleration=0 corridor=121,1788,-69 wave_mode=Combat wave_phase=52 bank_target=40 bank_turn=0
elapsed=29671 actor=rear event=wait-for-angle path=7101 target_speed=60 acceleration=0 corridor=121,1788,-69 wave_mode=Combat wave_phase=56 bank_target=40 bank_turn=0
elapsed=29671 actor=rear event=move path=7101 target_speed=60 acceleration=0 corridor=121,1788,-69 wave_mode=Combat wave_phase=56 bank_target=40 bank_turn=0
elapsed=29671 actor=rear event=vertical-step path=8942 target_speed=60 acceleration=0 corridor=121,1788,-69 wave_mode=Combat wave_phase=56 bank_target=40 bank_turn=0
elapsed=29675 actor=rear event=wait-for-angle path=7101 target_speed=60 acceleration=0 corridor=121,1788,-69 wave_mode=Combat wave_phase=60 bank_target=40 bank_turn=0
elapsed=29675 actor=rear event=move path=7101 target_speed=60 acceleration=0 corridor=121,1788,-69 wave_mode=Combat wave_phase=60 bank_target=40 bank_turn=0
elapsed=29675 actor=rear event=vertical-step path=8942 target_speed=60 acceleration=0 corridor=121,1788,-69 wave_mode=Combat wave_phase=60 bank_target=40 bank_turn=0
elapsed=29678 actor=rear event=wait-for-angle path=7101 target_speed=60 acceleration=0 corridor=121,1788,-69 wave_mode=Combat wave_phase=64 bank_target=40 bank_turn=0
elapsed=29678 actor=rear event=move path=7101 target_speed=60 acceleration=0 corridor=121,1788,-69 wave_mode=Combat wave_phase=64 bank_target=40 bank_turn=0
elapsed=29678 actor=rear event=vertical-step path=8942 target_speed=60 acceleration=0 corridor=121,1788,-69 wave_mode=Combat wave_phase=64 bank_target=40 bank_turn=0
elapsed=29682 actor=rear event=wait-for-angle path=7101 target_speed=60 acceleration=0 corridor=121,1788,-69 wave_mode=Combat wave_phase=68 bank_target=40 bank_turn=0
elapsed=29682 actor=rear event=move path=7101 target_speed=60 acceleration=0 corridor=121,1788,-69 wave_mode=Combat wave_phase=68 bank_target=40 bank_turn=0
elapsed=29682 actor=rear event=vertical-step path=8942 target_speed=60 acceleration=0 corridor=121,1788,-69 wave_mode=Combat wave_phase=68 bank_target=40 bank_turn=0
elapsed=29685 actor=rear event=wait-for-angle path=7101 target_speed=60 acceleration=0 corridor=121,1788,-69 wave_mode=Combat wave_phase=72 bank_target=40 bank_turn=0
elapsed=29685 actor=rear event=move path=7101 target_speed=60 acceleration=0 corridor=121,1788,-69 wave_mode=Combat wave_phase=72 bank_target=40 bank_turn=0
elapsed=29685 actor=rear event=vertical-step path=8942 target_speed=60 acceleration=0 corridor=121,1788,-69 wave_mode=Combat wave_phase=72 bank_target=40 bank_turn=0
elapsed=29688 actor=rear event=wait-for-angle path=7101 target_speed=60 acceleration=0 corridor=121,1788,-69 wave_mode=Combat wave_phase=76 bank_target=40 bank_turn=0
elapsed=29688 actor=rear event=move path=7101 target_speed=60 acceleration=0 corridor=121,1788,-69 wave_mode=Combat wave_phase=76 bank_target=40 bank_turn=0
elapsed=29688 actor=rear event=vertical-step path=8942 target_speed=60 acceleration=0 corridor=121,1788,-69 wave_mode=Combat wave_phase=76 bank_target=40 bank_turn=0
elapsed=29692 actor=rear event=wait-for-angle path=7101 target_speed=60 acceleration=0 corridor=121,1788,-69 wave_mode=Combat wave_phase=80 bank_target=40 bank_turn=0
elapsed=29692 actor=rear event=move path=7101 target_speed=60 acceleration=0 corridor=121,1788,-69 wave_mode=Combat wave_phase=80 bank_target=40 bank_turn=0
elapsed=29692 actor=rear event=vertical-step path=8942 target_speed=60 acceleration=0 corridor=121,1788,-69 wave_mode=Combat wave_phase=80 bank_target=40 bank_turn=0
elapsed=29696 actor=rear event=wait-for-angle path=7101 target_speed=60 acceleration=0 corridor=121,1788,-69 wave_mode=Combat wave_phase=84 bank_target=40 bank_turn=0
elapsed=29696 actor=rear event=move path=7101 target_speed=60 acceleration=0 corridor=121,1788,-69 wave_mode=Combat wave_phase=84 bank_target=40 bank_turn=0
elapsed=29696 actor=rear event=vertical-step path=8942 target_speed=60 acceleration=0 corridor=121,1788,-69 wave_mode=Combat wave_phase=84 bank_target=40 bank_turn=0
elapsed=29699 actor=rear event=wait-for-angle path=7101 target_speed=60 acceleration=0 corridor=121,1788,-69 wave_mode=Combat wave_phase=88 bank_target=40 bank_turn=0
elapsed=29700 actor=rear event=move path=7101 target_speed=60 acceleration=0 corridor=121,1788,-69 wave_mode=Combat wave_phase=88 bank_target=40 bank_turn=0
elapsed=29700 actor=rear event=vertical-step path=8942 target_speed=60 acceleration=0 corridor=121,1788,-69 wave_mode=Combat wave_phase=88 bank_target=40 bank_turn=0
elapsed=29703 actor=rear event=wait-for-angle path=7101 target_speed=60 acceleration=0 corridor=39,552,-4 wave_mode=Combat wave_phase=92 bank_target=40 bank_turn=0
elapsed=29703 actor=rear event=move path=7101 target_speed=60 acceleration=0 corridor=39,552,-4 wave_mode=Combat wave_phase=92 bank_target=40 bank_turn=0
elapsed=29704 actor=rear event=vertical-step path=8942 target_speed=60 acceleration=0 corridor=39,552,-4 wave_mode=Combat wave_phase=92 bank_target=40 bank_turn=0
elapsed=29707 actor=rear event=wait-for-angle path=7101 target_speed=60 acceleration=0 corridor=39,552,-4 wave_mode=Combat wave_phase=96 bank_target=40 bank_turn=0
elapsed=29707 actor=rear event=face-player path=7125 target_speed=60 acceleration=0 corridor=39,552,-4 wave_mode=Combat wave_phase=96 bank_target=15 bank_turn=0
elapsed=29707 actor=rear event=projectile-face-immediate path=8C2D target_speed=60 acceleration=0 corridor=39,552,-4 wave_mode=Combat wave_phase=96 bank_target=0 bank_turn=0
elapsed=29708 actor=rear event=move path=7125 target_speed=60 acceleration=0 corridor=39,552,-4 wave_mode=Combat wave_phase=96 bank_target=0 bank_turn=0
elapsed=29708 actor=rear event=vertical-step path=8942 target_speed=60 acceleration=0 corridor=39,552,-4 wave_mode=Combat wave_phase=96 bank_target=0 bank_turn=0
elapsed=29712 actor=rear event=face-player path=7125 target_speed=60 acceleration=0 corridor=39,552,-4 wave_mode=Combat wave_phase=100 bank_target=0 bank_turn=0
elapsed=29712 actor=rear event=move path=7125 target_speed=60 acceleration=0 corridor=39,552,-4 wave_mode=Combat wave_phase=100 bank_target=1 bank_turn=0
elapsed=29712 actor=rear event=vertical-step path=8942 target_speed=60 acceleration=0 corridor=39,552,-4 wave_mode=Combat wave_phase=100 bank_target=1 bank_turn=0
elapsed=29715 actor=rear event=face-player path=7125 target_speed=60 acceleration=0 corridor=39,552,-4 wave_mode=Combat wave_phase=104 bank_target=1 bank_turn=0
elapsed=29715 actor=rear event=move path=7125 target_speed=60 acceleration=0 corridor=39,552,-4 wave_mode=Combat wave_phase=104 bank_target=2 bank_turn=0
elapsed=29715 actor=rear event=vertical-step path=8942 target_speed=60 acceleration=0 corridor=39,552,-4 wave_mode=Combat wave_phase=104 bank_target=2 bank_turn=0
elapsed=29719 actor=rear event=face-player path=7125 target_speed=60 acceleration=0 corridor=39,552,-4 wave_mode=Combat wave_phase=108 bank_target=2 bank_turn=0
elapsed=29719 actor=rear event=move path=7125 target_speed=60 acceleration=0 corridor=39,552,-4 wave_mode=Combat wave_phase=108 bank_target=3 bank_turn=0
elapsed=29719 actor=rear event=vertical-step path=8942 target_speed=60 acceleration=0 corridor=39,552,-4 wave_mode=Combat wave_phase=108 bank_target=3 bank_turn=0
elapsed=29722 actor=rear event=face-player path=7125 target_speed=60 acceleration=0 corridor=39,552,-4 wave_mode=Combat wave_phase=112 bank_target=3 bank_turn=0
elapsed=29722 actor=rear event=move path=7125 target_speed=60 acceleration=0 corridor=39,552,-4 wave_mode=Combat wave_phase=112 bank_target=4 bank_turn=0
elapsed=29723 actor=rear event=vertical-step path=8942 target_speed=60 acceleration=0 corridor=39,552,-4 wave_mode=Combat wave_phase=112 bank_target=4 bank_turn=0
elapsed=29726 actor=rear event=face-player path=7125 target_speed=60 acceleration=0 corridor=39,552,-4 wave_mode=Combat wave_phase=116 bank_target=4 bank_turn=0
elapsed=29726 actor=rear event=move path=7125 target_speed=60 acceleration=0 corridor=39,552,-4 wave_mode=Combat wave_phase=116 bank_target=5 bank_turn=0
elapsed=29726 actor=rear event=vertical-step path=8942 target_speed=60 acceleration=0 corridor=39,552,-4 wave_mode=Combat wave_phase=116 bank_target=5 bank_turn=0
elapsed=29729 actor=rear event=face-player path=7125 target_speed=60 acceleration=0 corridor=39,552,-4 wave_mode=Combat wave_phase=120 bank_target=5 bank_turn=0
elapsed=29729 actor=rear event=move path=7125 target_speed=60 acceleration=0 corridor=39,552,-4 wave_mode=Combat wave_phase=120 bank_target=6 bank_turn=0
elapsed=29729 actor=rear event=vertical-step path=8942 target_speed=60 acceleration=0 corridor=39,552,-4 wave_mode=Combat wave_phase=120 bank_target=6 bank_turn=0
elapsed=29733 actor=rear event=face-player path=7125 target_speed=60 acceleration=0 corridor=39,552,-4 wave_mode=Combat wave_phase=124 bank_target=6 bank_turn=0
elapsed=29733 actor=rear event=move path=7125 target_speed=60 acceleration=0 corridor=39,552,-4 wave_mode=Combat wave_phase=124 bank_target=7 bank_turn=0
elapsed=29733 actor=rear event=vertical-step path=8942 target_speed=60 acceleration=0 corridor=39,552,-4 wave_mode=Combat wave_phase=124 bank_target=7 bank_turn=0
elapsed=29736 actor=rear event=face-player path=7125 target_speed=60 acceleration=0 corridor=39,552,-4 wave_mode=Combat wave_phase=128 bank_target=7 bank_turn=0
elapsed=29736 actor=rear event=move path=7125 target_speed=60 acceleration=0 corridor=39,552,-4 wave_mode=Combat wave_phase=128 bank_target=8 bank_turn=0
elapsed=29736 actor=rear event=vertical-step path=8942 target_speed=60 acceleration=0 corridor=39,552,-4 wave_mode=Combat wave_phase=128 bank_target=8 bank_turn=0
elapsed=29739 actor=rear event=face-player path=7125 target_speed=60 acceleration=0 corridor=-79,-2991,-78 wave_mode=Combat wave_phase=132 bank_target=8 bank_turn=0
elapsed=29739 actor=rear event=move path=7125 target_speed=60 acceleration=0 corridor=-79,-2991,-78 wave_mode=Combat wave_phase=132 bank_target=9 bank_turn=0
elapsed=29740 actor=rear event=vertical-step path=8942 target_speed=60 acceleration=0 corridor=-79,-2991,-78 wave_mode=Combat wave_phase=132 bank_target=9 bank_turn=0
elapsed=29743 actor=rear event=face-player path=7125 target_speed=60 acceleration=0 corridor=-79,-2991,-78 wave_mode=Combat wave_phase=136 bank_target=9 bank_turn=0
elapsed=29743 actor=rear event=move path=7125 target_speed=60 acceleration=0 corridor=-79,-2991,-78 wave_mode=Combat wave_phase=136 bank_target=10 bank_turn=0
elapsed=29743 actor=rear event=vertical-step path=8942 target_speed=60 acceleration=0 corridor=-79,-2991,-78 wave_mode=Combat wave_phase=136 bank_target=10 bank_turn=0
elapsed=29747 actor=rear event=face-player path=7125 target_speed=60 acceleration=0 corridor=-79,-2991,-78 wave_mode=Combat wave_phase=140 bank_target=10 bank_turn=0
elapsed=29747 actor=rear event=move path=7125 target_speed=60 acceleration=0 corridor=-79,-2991,-78 wave_mode=Combat wave_phase=140 bank_target=11 bank_turn=0
elapsed=29747 actor=rear event=vertical-step path=8942 target_speed=60 acceleration=0 corridor=-79,-2991,-78 wave_mode=Combat wave_phase=140 bank_target=11 bank_turn=0
elapsed=29750 actor=rear event=face-player path=7125 target_speed=60 acceleration=0 corridor=-79,-2991,-78 wave_mode=Combat wave_phase=144 bank_target=11 bank_turn=0
elapsed=29750 actor=rear event=move path=7125 target_speed=60 acceleration=0 corridor=-79,-2991,-78 wave_mode=Combat wave_phase=144 bank_target=12 bank_turn=0
elapsed=29750 actor=rear event=vertical-step path=8942 target_speed=60 acceleration=0 corridor=-79,-2991,-78 wave_mode=Combat wave_phase=144 bank_target=12 bank_turn=0
elapsed=29754 actor=rear event=face-player path=7125 target_speed=60 acceleration=0 corridor=-79,-2991,-78 wave_mode=Combat wave_phase=148 bank_target=12 bank_turn=0
elapsed=29754 actor=rear event=move path=7125 target_speed=60 acceleration=0 corridor=-79,-2991,-78 wave_mode=Combat wave_phase=148 bank_target=13 bank_turn=0
elapsed=29754 actor=rear event=vertical-step path=8942 target_speed=60 acceleration=0 corridor=-79,-2991,-78 wave_mode=Combat wave_phase=148 bank_target=13 bank_turn=0
elapsed=29757 actor=rear event=face-player path=7125 target_speed=60 acceleration=0 corridor=-79,-2991,-78 wave_mode=Combat wave_phase=152 bank_target=13 bank_turn=0
elapsed=29757 actor=rear event=move path=7125 target_speed=60 acceleration=0 corridor=-79,-2991,-78 wave_mode=Combat wave_phase=152 bank_target=14 bank_turn=0
elapsed=29757 actor=rear event=vertical-step path=8942 target_speed=60 acceleration=0 corridor=-79,-2991,-78 wave_mode=Combat wave_phase=152 bank_target=14 bank_turn=0
elapsed=29761 actor=rear event=face-player path=7125 target_speed=60 acceleration=0 corridor=-79,-2991,-78 wave_mode=Combat wave_phase=156 bank_target=14 bank_turn=0
elapsed=29761 actor=rear event=move path=7125 target_speed=60 acceleration=0 corridor=-79,-2991,-78 wave_mode=Combat wave_phase=156 bank_target=15 bank_turn=0
elapsed=29761 actor=rear event=vertical-step path=8942 target_speed=60 acceleration=0 corridor=-79,-2991,-78 wave_mode=Combat wave_phase=156 bank_target=15 bank_turn=0
elapsed=29764 actor=rear event=face-player path=7125 target_speed=60 acceleration=0 corridor=-79,-2991,-78 wave_mode=Combat wave_phase=160 bank_target=15 bank_turn=0
elapsed=29764 actor=rear event=projectile-face-immediate path=8C2D target_speed=60 acceleration=0 corridor=-79,-2991,-78 wave_mode=Combat wave_phase=160 bank_target=0 bank_turn=0
elapsed=29765 actor=rear event=move path=7125 target_speed=60 acceleration=0 corridor=-79,-2991,-78 wave_mode=Combat wave_phase=160 bank_target=0 bank_turn=0
elapsed=29765 actor=rear event=vertical-step path=8942 target_speed=60 acceleration=0 corridor=-79,-2991,-78 wave_mode=Combat wave_phase=160 bank_target=0 bank_turn=0
elapsed=29769 actor=rear event=face-player path=7125 target_speed=60 acceleration=0 corridor=-79,-2991,-78 wave_mode=Combat wave_phase=164 bank_target=0 bank_turn=0
elapsed=29769 actor=rear event=move path=7125 target_speed=60 acceleration=0 corridor=-79,-2991,-78 wave_mode=Combat wave_phase=164 bank_target=1 bank_turn=0
elapsed=29769 actor=rear event=vertical-step path=8942 target_speed=60 acceleration=0 corridor=-79,-2991,-78 wave_mode=Combat wave_phase=164 bank_target=1 bank_turn=0
elapsed=29772 actor=rear event=face-player path=7125 target_speed=60 acceleration=0 corridor=-79,-2991,-78 wave_mode=Combat wave_phase=168 bank_target=1 bank_turn=0
elapsed=29772 actor=rear event=move path=7125 target_speed=60 acceleration=0 corridor=-79,-2991,-78 wave_mode=Combat wave_phase=168 bank_target=2 bank_turn=0
elapsed=29772 actor=rear event=vertical-step path=8942 target_speed=60 acceleration=0 corridor=-79,-2991,-78 wave_mode=Combat wave_phase=168 bank_target=2 bank_turn=0
elapsed=29776 actor=rear event=face-player path=7125 target_speed=60 acceleration=0 corridor=-79,-2991,-78 wave_mode=Combat wave_phase=172 bank_target=2 bank_turn=0
elapsed=29776 actor=rear event=move path=7125 target_speed=60 acceleration=0 corridor=-79,-2991,-78 wave_mode=Combat wave_phase=172 bank_target=3 bank_turn=0
elapsed=29776 actor=rear event=vertical-step path=8942 target_speed=60 acceleration=0 corridor=-79,-2991,-78 wave_mode=Combat wave_phase=172 bank_target=3 bank_turn=0
elapsed=29780 actor=rear event=face-player path=7125 target_speed=60 acceleration=0 corridor=-79,-2991,-78 wave_mode=Combat wave_phase=176 bank_target=3 bank_turn=0
elapsed=29780 actor=rear event=move path=7125 target_speed=60 acceleration=0 corridor=-79,-2991,-78 wave_mode=Combat wave_phase=176 bank_target=4 bank_turn=0
elapsed=29780 actor=rear event=vertical-step path=8942 target_speed=60 acceleration=0 corridor=-79,-2991,-78 wave_mode=Combat wave_phase=176 bank_target=4 bank_turn=0
elapsed=29784 actor=rear event=face-player path=7125 target_speed=60 acceleration=0 corridor=-79,-2991,-78 wave_mode=Combat wave_phase=180 bank_target=4 bank_turn=0
elapsed=29784 actor=rear event=move path=7125 target_speed=60 acceleration=0 corridor=-79,-2991,-78 wave_mode=Combat wave_phase=180 bank_target=5 bank_turn=0
elapsed=29784 actor=rear event=vertical-step path=8942 target_speed=60 acceleration=0 corridor=-79,-2991,-78 wave_mode=Combat wave_phase=180 bank_target=5 bank_turn=0
elapsed=29788 actor=rear event=face-player path=7125 target_speed=60 acceleration=0 corridor=-79,-2991,-78 wave_mode=Combat wave_phase=184 bank_target=5 bank_turn=0
elapsed=29788 actor=rear event=move path=7125 target_speed=60 acceleration=0 corridor=-79,-2991,-78 wave_mode=Combat wave_phase=184 bank_target=6 bank_turn=0
elapsed=29788 actor=rear event=vertical-step path=8942 target_speed=60 acceleration=0 corridor=-79,-2991,-78 wave_mode=Combat wave_phase=184 bank_target=6 bank_turn=0
elapsed=29792 actor=rear event=face-player path=7125 target_speed=60 acceleration=0 corridor=-79,-2991,-78 wave_mode=Combat wave_phase=188 bank_target=6 bank_turn=0
elapsed=29792 actor=rear event=move path=7125 target_speed=60 acceleration=0 corridor=-79,-2991,-78 wave_mode=Combat wave_phase=188 bank_target=7 bank_turn=0
elapsed=29792 actor=rear event=vertical-step path=8942 target_speed=60 acceleration=0 corridor=-79,-2991,-78 wave_mode=Combat wave_phase=188 bank_target=7 bank_turn=0
elapsed=29796 actor=rear event=face-player path=7125 target_speed=60 acceleration=0 corridor=-79,-2991,-78 wave_mode=Combat wave_phase=192 bank_target=7 bank_turn=0
elapsed=29796 actor=rear event=move path=7125 target_speed=60 acceleration=0 corridor=-79,-2991,-78 wave_mode=Combat wave_phase=192 bank_target=8 bank_turn=0
elapsed=29796 actor=rear event=vertical-step path=8942 target_speed=60 acceleration=0 corridor=-79,-2991,-78 wave_mode=Combat wave_phase=192 bank_target=8 bank_turn=0
elapsed=29800 actor=rear event=face-player path=7125 target_speed=60 acceleration=0 corridor=-79,-2991,-78 wave_mode=Combat wave_phase=196 bank_target=8 bank_turn=0
elapsed=29800 actor=rear event=move path=7125 target_speed=60 acceleration=0 corridor=-79,-2991,-78 wave_mode=Combat wave_phase=196 bank_target=9 bank_turn=0
elapsed=29800 actor=rear event=vertical-step path=8942 target_speed=60 acceleration=0 corridor=-79,-2991,-78 wave_mode=Combat wave_phase=196 bank_target=9 bank_turn=0
elapsed=29804 actor=rear event=face-player path=7125 target_speed=60 acceleration=0 corridor=-79,-2991,-78 wave_mode=Combat wave_phase=200 bank_target=9 bank_turn=0
elapsed=29804 actor=rear event=move path=7125 target_speed=60 acceleration=0 corridor=-79,-2991,-78 wave_mode=Combat wave_phase=200 bank_target=10 bank_turn=0
elapsed=29805 actor=rear event=vertical-step path=8942 target_speed=60 acceleration=0 corridor=-79,-2991,-78 wave_mode=Combat wave_phase=200 bank_target=10 bank_turn=0
elapsed=29809 actor=rear event=face-player path=7125 target_speed=60 acceleration=0 corridor=-79,-2991,-78 wave_mode=Combat wave_phase=204 bank_target=10 bank_turn=0
elapsed=29809 actor=rear event=move path=7125 target_speed=60 acceleration=0 corridor=-79,-2991,-78 wave_mode=Combat wave_phase=204 bank_target=11 bank_turn=0
elapsed=29809 actor=rear event=vertical-step path=8942 target_speed=60 acceleration=0 corridor=-79,-2991,-78 wave_mode=Combat wave_phase=204 bank_target=11 bank_turn=0
elapsed=29813 actor=rear event=face-player path=7125 target_speed=60 acceleration=0 corridor=-79,-2991,-78 wave_mode=Combat wave_phase=208 bank_target=11 bank_turn=0
elapsed=29813 actor=rear event=move path=7125 target_speed=60 acceleration=0 corridor=-79,-2991,-78 wave_mode=Combat wave_phase=208 bank_target=12 bank_turn=0
elapsed=29813 actor=rear event=vertical-step path=8942 target_speed=60 acceleration=0 corridor=-79,-2991,-78 wave_mode=Combat wave_phase=208 bank_target=12 bank_turn=0
elapsed=29817 actor=rear event=face-player path=7125 target_speed=60 acceleration=0 corridor=-79,-2991,-78 wave_mode=Combat wave_phase=212 bank_target=12 bank_turn=0
elapsed=29817 actor=rear event=move path=7125 target_speed=60 acceleration=0 corridor=-79,-2991,-78 wave_mode=Combat wave_phase=212 bank_target=13 bank_turn=0
elapsed=29817 actor=rear event=vertical-step path=8942 target_speed=60 acceleration=0 corridor=-79,-2991,-78 wave_mode=Combat wave_phase=212 bank_target=13 bank_turn=0
elapsed=29821 actor=rear event=face-player path=7125 target_speed=60 acceleration=0 corridor=-79,-2991,-78 wave_mode=Combat wave_phase=216 bank_target=13 bank_turn=0
elapsed=29821 actor=rear event=move path=7125 target_speed=60 acceleration=0 corridor=-79,-2991,-78 wave_mode=Combat wave_phase=216 bank_target=14 bank_turn=0
elapsed=29821 actor=rear event=vertical-step path=8942 target_speed=60 acceleration=0 corridor=-79,-2991,-78 wave_mode=Combat wave_phase=216 bank_target=14 bank_turn=0
elapsed=29825 actor=rear event=face-player path=7125 target_speed=60 acceleration=0 corridor=-79,-2991,-78 wave_mode=Combat wave_phase=220 bank_target=14 bank_turn=0
elapsed=29825 actor=rear event=move path=7125 target_speed=60 acceleration=0 corridor=-79,-2991,-78 wave_mode=Combat wave_phase=220 bank_target=15 bank_turn=0
elapsed=29825 actor=rear event=vertical-step path=8942 target_speed=60 acceleration=0 corridor=-79,-2991,-78 wave_mode=Combat wave_phase=220 bank_target=15 bank_turn=0
elapsed=29829 actor=rear event=face-player path=7125 target_speed=60 acceleration=0 corridor=-79,-2991,-78 wave_mode=Combat wave_phase=224 bank_target=15 bank_turn=0
elapsed=29829 actor=rear event=projectile-face-immediate path=8C2D target_speed=60 acceleration=0 corridor=-79,-2991,-78 wave_mode=Combat wave_phase=224 bank_target=0 bank_turn=0
elapsed=29829 actor=rear event=move path=7125 target_speed=60 acceleration=0 corridor=-79,-2991,-78 wave_mode=Combat wave_phase=224 bank_target=0 bank_turn=0
elapsed=29830 actor=rear event=vertical-step path=8942 target_speed=60 acceleration=0 corridor=-79,-2991,-78 wave_mode=Combat wave_phase=224 bank_target=0 bank_turn=0
elapsed=29833 actor=rear event=face-player path=7125 target_speed=60 acceleration=0 corridor=-79,-2991,-78 wave_mode=Combat wave_phase=228 bank_target=0 bank_turn=0
elapsed=29833 actor=rear event=move path=7125 target_speed=60 acceleration=0 corridor=-79,-2991,-78 wave_mode=Combat wave_phase=228 bank_target=1 bank_turn=0
elapsed=29834 actor=rear event=vertical-step path=8942 target_speed=60 acceleration=0 corridor=-79,-2991,-78 wave_mode=Combat wave_phase=228 bank_target=1 bank_turn=0
elapsed=29837 actor=rear event=face-player path=7125 target_speed=60 acceleration=0 corridor=-79,-2991,-78 wave_mode=Combat wave_phase=232 bank_target=1 bank_turn=0
elapsed=29838 actor=rear event=move path=7125 target_speed=60 acceleration=0 corridor=-79,-2991,-78 wave_mode=Combat wave_phase=232 bank_target=2 bank_turn=0
elapsed=29838 actor=rear event=vertical-step path=8942 target_speed=60 acceleration=0 corridor=-79,-2991,-78 wave_mode=Combat wave_phase=232 bank_target=2 bank_turn=0
elapsed=29842 actor=rear event=face-player path=7125 target_speed=60 acceleration=0 corridor=-79,-2991,-78 wave_mode=Combat wave_phase=236 bank_target=2 bank_turn=0
elapsed=29842 actor=rear event=move path=7125 target_speed=60 acceleration=0 corridor=-79,-2991,-78 wave_mode=Combat wave_phase=236 bank_target=3 bank_turn=0
elapsed=29842 actor=rear event=vertical-step path=8942 target_speed=60 acceleration=0 corridor=-79,-2991,-78 wave_mode=Combat wave_phase=236 bank_target=3 bank_turn=0
elapsed=29846 actor=rear event=face-player path=7125 target_speed=60 acceleration=0 corridor=-79,-2991,-78 wave_mode=Combat wave_phase=240 bank_target=3 bank_turn=0
elapsed=29846 actor=rear event=move path=7125 target_speed=60 acceleration=0 corridor=-79,-2991,-78 wave_mode=Combat wave_phase=240 bank_target=4 bank_turn=0
elapsed=29846 actor=rear event=vertical-step path=8942 target_speed=60 acceleration=0 corridor=-79,-2991,-78 wave_mode=Combat wave_phase=240 bank_target=4 bank_turn=0
elapsed=29849 actor=rear event=face-player path=7125 target_speed=60 acceleration=0 corridor=-79,-2991,-78 wave_mode=Combat wave_phase=244 bank_target=4 bank_turn=0
elapsed=29849 actor=rear event=move path=7125 target_speed=60 acceleration=0 corridor=-79,-2991,-78 wave_mode=Combat wave_phase=244 bank_target=5 bank_turn=0
elapsed=29850 actor=rear event=vertical-step path=8942 target_speed=60 acceleration=0 corridor=-79,-2991,-78 wave_mode=Combat wave_phase=244 bank_target=5 bank_turn=0
elapsed=29853 actor=rear event=face-player path=7125 target_speed=60 acceleration=0 corridor=-79,-2991,-78 wave_mode=Combat wave_phase=248 bank_target=5 bank_turn=0
elapsed=29853 actor=rear event=move path=7125 target_speed=60 acceleration=0 corridor=-79,-2991,-78 wave_mode=Combat wave_phase=248 bank_target=6 bank_turn=0
elapsed=29853 actor=rear event=vertical-step path=8942 target_speed=60 acceleration=0 corridor=-79,-2991,-78 wave_mode=Combat wave_phase=248 bank_target=6 bank_turn=0
elapsed=29857 actor=rear event=face-player path=7125 target_speed=60 acceleration=0 corridor=-79,-2991,-78 wave_mode=Combat wave_phase=252 bank_target=6 bank_turn=0
elapsed=29857 actor=rear event=move path=7125 target_speed=60 acceleration=0 corridor=-79,-2991,-78 wave_mode=Combat wave_phase=252 bank_target=7 bank_turn=0
elapsed=29857 actor=rear event=vertical-step path=8942 target_speed=60 acceleration=0 corridor=-79,-2991,-78 wave_mode=Combat wave_phase=252 bank_target=7 bank_turn=0
elapsed=29861 actor=rear event=face-player path=7125 target_speed=60 acceleration=0 corridor=-79,-2991,-78 wave_mode=Combat wave_phase=0 bank_target=7 bank_turn=0
elapsed=29861 actor=rear event=move path=7125 target_speed=60 acceleration=0 corridor=-79,-2991,-78 wave_mode=Combat wave_phase=0 bank_target=8 bank_turn=0
elapsed=29861 actor=rear event=vertical-step path=8942 target_speed=60 acceleration=0 corridor=-79,-2991,-78 wave_mode=Combat wave_phase=0 bank_target=8 bank_turn=0
elapsed=29865 actor=rear event=face-player path=7125 target_speed=60 acceleration=0 corridor=-79,-2991,-78 wave_mode=Combat wave_phase=4 bank_target=8 bank_turn=0
elapsed=29865 actor=rear event=move path=7125 target_speed=60 acceleration=0 corridor=-79,-2991,-78 wave_mode=Combat wave_phase=4 bank_target=9 bank_turn=0
elapsed=29865 actor=rear event=vertical-step path=8942 target_speed=60 acceleration=0 corridor=-79,-2991,-78 wave_mode=Combat wave_phase=4 bank_target=9 bank_turn=0
elapsed=29868 actor=rear event=face-player path=7125 target_speed=60 acceleration=0 corridor=-79,-2991,-78 wave_mode=Combat wave_phase=8 bank_target=9 bank_turn=0
elapsed=29868 actor=rear event=move path=7125 target_speed=60 acceleration=0 corridor=-79,-2991,-78 wave_mode=Combat wave_phase=8 bank_target=10 bank_turn=0
elapsed=29869 actor=rear event=vertical-step path=8942 target_speed=60 acceleration=0 corridor=-79,-2991,-78 wave_mode=Combat wave_phase=8 bank_target=10 bank_turn=0
elapsed=29872 actor=rear event=face-player path=7125 target_speed=60 acceleration=0 corridor=-79,-2991,-78 wave_mode=Combat wave_phase=12 bank_target=10 bank_turn=0
elapsed=29872 actor=rear event=move path=7125 target_speed=60 acceleration=0 corridor=-79,-2991,-78 wave_mode=Combat wave_phase=12 bank_target=11 bank_turn=0
elapsed=29872 actor=rear event=vertical-step path=8942 target_speed=60 acceleration=0 corridor=-79,-2991,-78 wave_mode=Combat wave_phase=12 bank_target=11 bank_turn=0
elapsed=29876 actor=rear event=face-player path=7125 target_speed=60 acceleration=0 corridor=-79,-2991,-78 wave_mode=Combat wave_phase=16 bank_target=11 bank_turn=0
elapsed=29876 actor=rear event=move path=7125 target_speed=60 acceleration=0 corridor=-79,-2991,-78 wave_mode=Combat wave_phase=16 bank_target=12 bank_turn=0
elapsed=29876 actor=rear event=vertical-step path=8942 target_speed=60 acceleration=0 corridor=-79,-2991,-78 wave_mode=Combat wave_phase=16 bank_target=12 bank_turn=0
elapsed=29880 actor=rear event=face-player path=7125 target_speed=60 acceleration=0 corridor=-79,-2991,-78 wave_mode=Combat wave_phase=20 bank_target=12 bank_turn=0
elapsed=29880 actor=rear event=move path=7125 target_speed=60 acceleration=0 corridor=-79,-2991,-78 wave_mode=Combat wave_phase=20 bank_target=13 bank_turn=0
elapsed=29880 actor=rear event=vertical-step path=8942 target_speed=60 acceleration=0 corridor=-79,-2991,-78 wave_mode=Combat wave_phase=20 bank_target=13 bank_turn=0
elapsed=29884 actor=rear event=face-player path=7125 target_speed=60 acceleration=0 corridor=-79,-2991,-78 wave_mode=Combat wave_phase=24 bank_target=13 bank_turn=0
elapsed=29884 actor=rear event=move path=7125 target_speed=60 acceleration=0 corridor=-79,-2991,-78 wave_mode=Combat wave_phase=24 bank_target=14 bank_turn=0
elapsed=29884 actor=rear event=vertical-step path=8942 target_speed=60 acceleration=0 corridor=-79,-2991,-78 wave_mode=Combat wave_phase=24 bank_target=14 bank_turn=0
elapsed=29888 actor=rear event=face-player path=7125 target_speed=60 acceleration=0 corridor=-79,-2991,-78 wave_mode=Combat wave_phase=28 bank_target=14 bank_turn=0
elapsed=29888 actor=rear event=move path=7125 target_speed=60 acceleration=0 corridor=-79,-2991,-78 wave_mode=Combat wave_phase=28 bank_target=15 bank_turn=0
elapsed=29888 actor=rear event=vertical-step path=8942 target_speed=60 acceleration=0 corridor=-79,-2991,-78 wave_mode=Combat wave_phase=28 bank_target=15 bank_turn=0
elapsed=29892 actor=rear event=face-player path=7125 target_speed=60 acceleration=0 corridor=-79,-2991,-78 wave_mode=Combat wave_phase=32 bank_target=15 bank_turn=0
elapsed=29892 actor=rear event=projectile-face-immediate path=8C2D target_speed=60 acceleration=0 corridor=-79,-2991,-78 wave_mode=Combat wave_phase=32 bank_target=0 bank_turn=0
elapsed=29892 actor=rear event=move path=7125 target_speed=60 acceleration=0 corridor=-79,-2991,-78 wave_mode=Combat wave_phase=32 bank_target=0 bank_turn=0
elapsed=29892 actor=rear event=vertical-step path=8942 target_speed=60 acceleration=0 corridor=-79,-2991,-78 wave_mode=Combat wave_phase=32 bank_target=0 bank_turn=0
elapsed=29896 actor=rear event=face-player path=7125 target_speed=60 acceleration=0 corridor=-79,-2991,-78 wave_mode=Combat wave_phase=36 bank_target=0 bank_turn=0
elapsed=29896 actor=rear event=move path=7125 target_speed=60 acceleration=0 corridor=-79,-2991,-78 wave_mode=Combat wave_phase=36 bank_target=1 bank_turn=0
elapsed=29897 actor=rear event=vertical-step path=8942 target_speed=60 acceleration=0 corridor=-79,-2991,-78 wave_mode=Combat wave_phase=36 bank_target=1 bank_turn=0
elapsed=29900 actor=rear event=face-player path=7125 target_speed=60 acceleration=0 corridor=-79,-2991,-78 wave_mode=Combat wave_phase=40 bank_target=1 bank_turn=0
elapsed=29900 actor=rear event=move path=7125 target_speed=60 acceleration=0 corridor=-79,-2991,-78 wave_mode=Combat wave_phase=40 bank_target=2 bank_turn=0
elapsed=29901 actor=rear event=vertical-step path=8942 target_speed=60 acceleration=0 corridor=-79,-2991,-78 wave_mode=Combat wave_phase=40 bank_target=2 bank_turn=0
elapsed=29905 actor=rear event=face-player path=7125 target_speed=60 acceleration=0 corridor=-79,-2991,-78 wave_mode=Combat wave_phase=44 bank_target=2 bank_turn=0
elapsed=29905 actor=rear event=move path=7125 target_speed=60 acceleration=0 corridor=-79,-2991,-78 wave_mode=Combat wave_phase=44 bank_target=3 bank_turn=0
elapsed=29905 actor=rear event=vertical-step path=8942 target_speed=60 acceleration=0 corridor=-79,-2991,-78 wave_mode=Combat wave_phase=44 bank_target=3 bank_turn=0
elapsed=29909 actor=rear event=face-player path=7125 target_speed=60 acceleration=0 corridor=-79,-2991,-78 wave_mode=Combat wave_phase=48 bank_target=3 bank_turn=0
elapsed=29909 actor=rear event=move path=7125 target_speed=60 acceleration=0 corridor=-79,-2991,-78 wave_mode=Combat wave_phase=48 bank_target=4 bank_turn=0
elapsed=29909 actor=rear event=vertical-step path=8942 target_speed=60 acceleration=0 corridor=-79,-2991,-78 wave_mode=Combat wave_phase=48 bank_target=4 bank_turn=0
elapsed=29914 actor=rear event=face-player path=7125 target_speed=60 acceleration=0 corridor=-79,-2991,-78 wave_mode=Combat wave_phase=52 bank_target=4 bank_turn=0
elapsed=29914 actor=rear event=move path=7125 target_speed=60 acceleration=0 corridor=-79,-2991,-78 wave_mode=Combat wave_phase=52 bank_target=5 bank_turn=0
elapsed=29914 actor=rear event=vertical-step path=8942 target_speed=60 acceleration=0 corridor=-79,-2991,-78 wave_mode=Combat wave_phase=52 bank_target=5 bank_turn=0
elapsed=29918 actor=rear event=face-player path=7125 target_speed=60 acceleration=0 corridor=-79,-2991,-78 wave_mode=Combat wave_phase=56 bank_target=5 bank_turn=0
elapsed=29918 actor=rear event=move path=7125 target_speed=60 acceleration=0 corridor=-79,-2991,-78 wave_mode=Combat wave_phase=56 bank_target=6 bank_turn=0
elapsed=29918 actor=rear event=vertical-step path=8942 target_speed=60 acceleration=0 corridor=-79,-2991,-78 wave_mode=Combat wave_phase=56 bank_target=6 bank_turn=0
elapsed=29923 actor=rear event=face-player path=7125 target_speed=60 acceleration=0 corridor=-79,-2991,-78 wave_mode=Combat wave_phase=60 bank_target=6 bank_turn=0
elapsed=29923 actor=rear event=move path=7125 target_speed=60 acceleration=0 corridor=-79,-2991,-78 wave_mode=Combat wave_phase=60 bank_target=7 bank_turn=0
elapsed=29923 actor=rear event=vertical-step path=8942 target_speed=60 acceleration=0 corridor=-79,-2991,-78 wave_mode=Combat wave_phase=60 bank_target=7 bank_turn=0
elapsed=29926 actor=rear event=face-player path=7125 target_speed=60 acceleration=0 corridor=-79,-2991,-78 wave_mode=Combat wave_phase=64 bank_target=7 bank_turn=0
elapsed=29927 actor=rear event=chase-angle path=886F target_speed=60 acceleration=2 corridor=-79,-2991,-78 wave_mode=Combat wave_phase=64 bank_target=-24 bank_turn=1
elapsed=29927 actor=rear event=move path=886F target_speed=60 acceleration=2 corridor=-79,-2991,-78 wave_mode=Combat wave_phase=64 bank_target=-24 bank_turn=1
elapsed=29927 actor=rear event=vertical-step path=8942 target_speed=60 acceleration=0 corridor=-79,-2991,-78 wave_mode=Combat wave_phase=64 bank_target=-24 bank_turn=1
elapsed=29930 actor=rear event=chase-angle path=886F target_speed=60 acceleration=0 corridor=-79,-2991,-78 wave_mode=Combat wave_phase=68 bank_target=-24 bank_turn=1
elapsed=29930 actor=rear event=move path=886F target_speed=60 acceleration=0 corridor=-79,-2991,-78 wave_mode=Combat wave_phase=68 bank_target=-24 bank_turn=1
elapsed=29931 actor=rear event=vertical-step path=8942 target_speed=60 acceleration=0 corridor=-79,-2991,-78 wave_mode=Combat wave_phase=68 bank_target=-24 bank_turn=1
elapsed=29934 actor=rear event=chase-angle path=886F target_speed=60 acceleration=0 corridor=-79,-2991,-78 wave_mode=Combat wave_phase=72 bank_target=-24 bank_turn=1
elapsed=29934 actor=rear event=move path=886F target_speed=60 acceleration=0 corridor=-79,-2991,-78 wave_mode=Combat wave_phase=72 bank_target=-24 bank_turn=1
elapsed=29934 actor=rear event=vertical-step path=8942 target_speed=60 acceleration=0 corridor=-79,-2991,-78 wave_mode=Combat wave_phase=72 bank_target=-24 bank_turn=1
elapsed=29938 actor=rear event=chase-angle path=886F target_speed=60 acceleration=0 corridor=-79,-2991,-78 wave_mode=Combat wave_phase=76 bank_target=-24 bank_turn=1
elapsed=29938 actor=rear event=move path=886F target_speed=60 acceleration=0 corridor=-79,-2991,-78 wave_mode=Combat wave_phase=76 bank_target=-24 bank_turn=1
elapsed=29938 actor=rear event=vertical-step path=8942 target_speed=60 acceleration=0 corridor=-79,-2991,-78 wave_mode=Combat wave_phase=76 bank_target=-24 bank_turn=1
elapsed=29942 actor=rear event=chase-angle path=886F target_speed=60 acceleration=0 corridor=-79,-2991,-78 wave_mode=Combat wave_phase=80 bank_target=-24 bank_turn=1
elapsed=29942 actor=rear event=move path=886F target_speed=60 acceleration=0 corridor=-79,-2991,-78 wave_mode=Combat wave_phase=80 bank_target=-24 bank_turn=1
elapsed=29942 actor=rear event=vertical-step path=8942 target_speed=60 acceleration=0 corridor=-79,-2991,-78 wave_mode=Combat wave_phase=80 bank_target=-24 bank_turn=1
elapsed=29945 actor=rear event=chase-angle path=886F target_speed=60 acceleration=0 corridor=-79,-2991,-78 wave_mode=Combat wave_phase=84 bank_target=-24 bank_turn=1
elapsed=29945 actor=rear event=move path=886F target_speed=60 acceleration=0 corridor=-79,-2991,-78 wave_mode=Combat wave_phase=84 bank_target=-24 bank_turn=1
elapsed=29946 actor=rear event=vertical-step path=8942 target_speed=60 acceleration=0 corridor=-79,-2991,-78 wave_mode=Combat wave_phase=84 bank_target=-24 bank_turn=1
elapsed=29949 actor=rear event=chase-angle path=886F target_speed=60 acceleration=0 corridor=-75,3753,120 wave_mode=Combat wave_phase=88 bank_target=-24 bank_turn=1
elapsed=29949 actor=rear event=move path=886F target_speed=60 acceleration=0 corridor=-75,3753,120 wave_mode=Combat wave_phase=88 bank_target=-24 bank_turn=1
elapsed=29949 actor=rear event=vertical-step path=8942 target_speed=60 acceleration=0 corridor=-75,3753,120 wave_mode=Combat wave_phase=88 bank_target=-24 bank_turn=1
elapsed=29953 actor=rear event=chase-angle path=886F target_speed=60 acceleration=0 corridor=-75,3753,120 wave_mode=Combat wave_phase=92 bank_target=-24 bank_turn=1
elapsed=29953 actor=rear event=move path=886F target_speed=60 acceleration=0 corridor=-75,3753,120 wave_mode=Combat wave_phase=92 bank_target=-24 bank_turn=1
elapsed=29953 actor=rear event=vertical-step path=8942 target_speed=60 acceleration=0 corridor=-75,3753,120 wave_mode=Combat wave_phase=92 bank_target=-24 bank_turn=1
elapsed=29956 actor=rear event=chase-angle path=886F target_speed=60 acceleration=0 corridor=-75,3753,120 wave_mode=Combat wave_phase=96 bank_target=-24 bank_turn=1
elapsed=29956 actor=rear event=move path=886F target_speed=60 acceleration=0 corridor=-75,3753,120 wave_mode=Combat wave_phase=96 bank_target=-24 bank_turn=1
elapsed=29957 actor=rear event=vertical-step path=8942 target_speed=60 acceleration=0 corridor=-75,3753,120 wave_mode=Combat wave_phase=96 bank_target=-24 bank_turn=1
elapsed=29960 actor=rear event=chase-angle path=886F target_speed=60 acceleration=0 corridor=-75,3753,120 wave_mode=Combat wave_phase=100 bank_target=-24 bank_turn=1
elapsed=29960 actor=rear event=move path=886F target_speed=60 acceleration=0 corridor=-75,3753,120 wave_mode=Combat wave_phase=100 bank_target=-24 bank_turn=1
elapsed=29961 actor=rear event=vertical-step path=8942 target_speed=60 acceleration=0 corridor=-75,3753,120 wave_mode=Combat wave_phase=100 bank_target=-24 bank_turn=1
elapsed=29964 actor=rear event=chase-angle path=886F target_speed=60 acceleration=0 corridor=-75,3753,120 wave_mode=Combat wave_phase=104 bank_target=-24 bank_turn=1
elapsed=29964 actor=rear event=move path=886F target_speed=60 acceleration=0 corridor=-75,3753,120 wave_mode=Combat wave_phase=104 bank_target=-24 bank_turn=1
elapsed=29964 actor=rear event=vertical-step path=8942 target_speed=60 acceleration=0 corridor=-75,3753,120 wave_mode=Combat wave_phase=104 bank_target=-24 bank_turn=1
elapsed=29968 actor=rear event=chase-angle path=886F target_speed=60 acceleration=0 corridor=-75,3753,120 wave_mode=Combat wave_phase=108 bank_target=-24 bank_turn=1
elapsed=29968 actor=rear event=move path=886F target_speed=60 acceleration=0 corridor=-75,3753,120 wave_mode=Combat wave_phase=108 bank_target=-24 bank_turn=1
elapsed=29968 actor=rear event=vertical-step path=8942 target_speed=60 acceleration=0 corridor=-75,3753,120 wave_mode=Combat wave_phase=108 bank_target=-24 bank_turn=1
elapsed=29972 actor=rear event=chase-angle path=886F target_speed=60 acceleration=0 corridor=-75,3753,120 wave_mode=Combat wave_phase=112 bank_target=-24 bank_turn=1
elapsed=29972 actor=rear event=move path=886F target_speed=60 acceleration=0 corridor=-75,3753,120 wave_mode=Combat wave_phase=112 bank_target=-24 bank_turn=1
elapsed=29972 actor=rear event=vertical-step path=8942 target_speed=60 acceleration=0 corridor=-75,3753,120 wave_mode=Combat wave_phase=112 bank_target=-24 bank_turn=1
elapsed=29976 actor=rear event=chase-angle path=886F target_speed=60 acceleration=0 corridor=-75,3753,120 wave_mode=Combat wave_phase=116 bank_target=-24 bank_turn=1
elapsed=29976 actor=rear event=move path=886F target_speed=60 acceleration=0 corridor=-75,3753,120 wave_mode=Combat wave_phase=116 bank_target=-24 bank_turn=1
elapsed=29976 actor=rear event=vertical-step path=8942 target_speed=60 acceleration=0 corridor=-75,3753,120 wave_mode=Combat wave_phase=116 bank_target=-24 bank_turn=1
elapsed=29980 actor=rear event=chase-angle path=886F target_speed=60 acceleration=0 corridor=-75,3753,120 wave_mode=Combat wave_phase=120 bank_target=-24 bank_turn=1
elapsed=29980 actor=rear event=move path=886F target_speed=60 acceleration=0 corridor=-75,3753,120 wave_mode=Combat wave_phase=120 bank_target=-24 bank_turn=1
elapsed=29980 actor=rear event=vertical-step path=8942 target_speed=60 acceleration=0 corridor=-75,3753,120 wave_mode=Combat wave_phase=120 bank_target=-24 bank_turn=1
elapsed=29984 actor=rear event=chase-angle path=886F target_speed=60 acceleration=0 corridor=-75,3753,120 wave_mode=Combat wave_phase=124 bank_target=-24 bank_turn=1
elapsed=29984 actor=rear event=move path=886F target_speed=60 acceleration=0 corridor=-75,3753,120 wave_mode=Combat wave_phase=124 bank_target=-24 bank_turn=1
elapsed=29985 actor=rear event=vertical-step path=8942 target_speed=60 acceleration=0 corridor=-75,3753,120 wave_mode=Combat wave_phase=124 bank_target=-24 bank_turn=1
elapsed=29989 actor=rear event=chase-angle path=886F target_speed=60 acceleration=0 corridor=-75,3753,120 wave_mode=Combat wave_phase=128 bank_target=-24 bank_turn=1
elapsed=29989 actor=rear event=move path=886F target_speed=60 acceleration=0 corridor=-75,3753,120 wave_mode=Combat wave_phase=128 bank_target=-24 bank_turn=1
elapsed=29989 actor=rear event=vertical-step path=8942 target_speed=60 acceleration=0 corridor=-75,3753,120 wave_mode=Combat wave_phase=128 bank_target=-24 bank_turn=1
elapsed=29993 actor=rear event=chase-angle path=886F target_speed=60 acceleration=0 corridor=-75,3753,120 wave_mode=Combat wave_phase=132 bank_target=-24 bank_turn=1
elapsed=29993 actor=rear event=move path=886F target_speed=60 acceleration=0 corridor=-75,3753,120 wave_mode=Combat wave_phase=132 bank_target=-24 bank_turn=1
elapsed=29993 actor=rear event=vertical-step path=8942 target_speed=60 acceleration=0 corridor=-75,3753,120 wave_mode=Combat wave_phase=132 bank_target=-24 bank_turn=1
elapsed=29998 actor=rear event=chase-angle path=886F target_speed=60 acceleration=0 corridor=-75,3753,120 wave_mode=Combat wave_phase=136 bank_target=-24 bank_turn=1
elapsed=29998 actor=rear event=move path=7146 target_speed=60 acceleration=0 corridor=-75,3753,120 wave_mode=Combat wave_phase=136 bank_target=-24 bank_turn=1
elapsed=29998 actor=rear event=vertical-step path=8942 target_speed=60 acceleration=0 corridor=-75,3753,120 wave_mode=Combat wave_phase=136 bank_target=-24 bank_turn=1
elapsed=30002 actor=rear event=wait-for-angle path=714B target_speed=60 acceleration=0 corridor=-75,3753,120 wave_mode=Combat wave_phase=140 bank_target=-24 bank_turn=0
elapsed=30002 actor=rear event=move path=714B target_speed=60 acceleration=0 corridor=-75,3753,120 wave_mode=Combat wave_phase=140 bank_target=-24 bank_turn=0
elapsed=30003 actor=rear event=vertical-step path=8942 target_speed=60 acceleration=0 corridor=-75,3753,120 wave_mode=Combat wave_phase=140 bank_target=-24 bank_turn=0
elapsed=30007 actor=rear event=wait-for-angle path=714B target_speed=60 acceleration=0 corridor=-75,3753,120 wave_mode=Combat wave_phase=144 bank_target=-24 bank_turn=0
elapsed=30007 actor=rear event=move path=714B target_speed=60 acceleration=0 corridor=-75,3753,120 wave_mode=Combat wave_phase=144 bank_target=-24 bank_turn=0
elapsed=30007 actor=rear event=vertical-step path=8942 target_speed=60 acceleration=0 corridor=-75,3753,120 wave_mode=Combat wave_phase=144 bank_target=-24 bank_turn=0
elapsed=30011 actor=rear event=wait-for-angle path=714B target_speed=60 acceleration=0 corridor=-75,3753,120 wave_mode=Combat wave_phase=148 bank_target=-24 bank_turn=0
elapsed=30011 actor=rear event=move path=714B target_speed=60 acceleration=0 corridor=-75,3753,120 wave_mode=Combat wave_phase=148 bank_target=-24 bank_turn=0
elapsed=30011 actor=rear event=vertical-step path=8942 target_speed=60 acceleration=0 corridor=-75,3753,120 wave_mode=Combat wave_phase=148 bank_target=-24 bank_turn=0
elapsed=30015 actor=rear event=wait-for-angle path=714B target_speed=60 acceleration=0 corridor=-75,3753,120 wave_mode=Combat wave_phase=152 bank_target=-24 bank_turn=0
elapsed=30015 actor=rear event=move path=714B target_speed=60 acceleration=0 corridor=-75,3753,120 wave_mode=Combat wave_phase=152 bank_target=-24 bank_turn=0
elapsed=30015 actor=rear event=vertical-step path=8942 target_speed=60 acceleration=0 corridor=-75,3753,120 wave_mode=Combat wave_phase=152 bank_target=-24 bank_turn=0
elapsed=30018 actor=rear event=wait-for-angle path=714B target_speed=60 acceleration=0 corridor=-75,3753,120 wave_mode=Combat wave_phase=156 bank_target=-24 bank_turn=0
elapsed=30018 actor=rear event=move path=714B target_speed=60 acceleration=0 corridor=-75,3753,120 wave_mode=Combat wave_phase=156 bank_target=-24 bank_turn=0
elapsed=30018 actor=rear event=vertical-step path=8942 target_speed=60 acceleration=0 corridor=-75,3753,120 wave_mode=Combat wave_phase=156 bank_target=-24 bank_turn=0
elapsed=30022 actor=rear event=wait-for-angle path=714B target_speed=60 acceleration=0 corridor=-75,3753,120 wave_mode=Combat wave_phase=160 bank_target=-24 bank_turn=0
elapsed=30022 actor=rear event=move path=714B target_speed=60 acceleration=0 corridor=-75,3753,120 wave_mode=Combat wave_phase=160 bank_target=-24 bank_turn=0
elapsed=30022 actor=rear event=vertical-step path=8942 target_speed=60 acceleration=0 corridor=-75,3753,120 wave_mode=Combat wave_phase=160 bank_target=-24 bank_turn=0
elapsed=30025 actor=rear event=wait-for-angle path=714B target_speed=60 acceleration=0 corridor=-75,3753,120 wave_mode=Combat wave_phase=164 bank_target=-24 bank_turn=0
elapsed=30025 actor=rear event=move path=714B target_speed=60 acceleration=0 corridor=-75,3753,120 wave_mode=Combat wave_phase=164 bank_target=-24 bank_turn=0
elapsed=30025 actor=rear event=vertical-step path=8942 target_speed=60 acceleration=0 corridor=-75,3753,120 wave_mode=Combat wave_phase=164 bank_target=-24 bank_turn=0
elapsed=30028 actor=rear event=wait-for-angle path=714B target_speed=60 acceleration=0 corridor=-75,3753,120 wave_mode=Combat wave_phase=168 bank_target=-24 bank_turn=0
elapsed=30028 actor=rear event=move path=714B target_speed=60 acceleration=0 corridor=-75,3753,120 wave_mode=Combat wave_phase=168 bank_target=-24 bank_turn=0
elapsed=30028 actor=rear event=vertical-step path=8942 target_speed=60 acceleration=0 corridor=-75,3753,120 wave_mode=Combat wave_phase=168 bank_target=-24 bank_turn=0
elapsed=30032 actor=rear event=wait-for-angle path=714B target_speed=60 acceleration=0 corridor=-75,3753,120 wave_mode=Combat wave_phase=172 bank_target=-24 bank_turn=0
elapsed=30032 actor=rear event=move path=714B target_speed=60 acceleration=0 corridor=-75,3753,120 wave_mode=Combat wave_phase=172 bank_target=-24 bank_turn=0
elapsed=30032 actor=rear event=vertical-step path=8942 target_speed=60 acceleration=0 corridor=-75,3753,120 wave_mode=Combat wave_phase=172 bank_target=-24 bank_turn=0
elapsed=30035 actor=rear event=wait-for-angle path=714B target_speed=60 acceleration=0 corridor=-75,3753,120 wave_mode=Combat wave_phase=176 bank_target=-24 bank_turn=0
elapsed=30035 actor=rear event=move path=714B target_speed=60 acceleration=0 corridor=-75,3753,120 wave_mode=Combat wave_phase=176 bank_target=-24 bank_turn=0
elapsed=30035 actor=rear event=vertical-step path=8942 target_speed=60 acceleration=0 corridor=-75,3753,120 wave_mode=Combat wave_phase=176 bank_target=-24 bank_turn=0
elapsed=30039 actor=rear event=wait-for-angle path=714B target_speed=60 acceleration=0 corridor=-75,3753,120 wave_mode=Combat wave_phase=180 bank_target=-24 bank_turn=0
elapsed=30039 actor=rear event=move path=714B target_speed=60 acceleration=0 corridor=-75,3753,120 wave_mode=Combat wave_phase=180 bank_target=-24 bank_turn=0
elapsed=30039 actor=rear event=vertical-step path=8942 target_speed=60 acceleration=0 corridor=-75,3753,120 wave_mode=Combat wave_phase=180 bank_target=-24 bank_turn=0
elapsed=30042 actor=rear event=wait-for-angle path=714B target_speed=60 acceleration=0 corridor=-75,3753,120 wave_mode=Combat wave_phase=184 bank_target=-24 bank_turn=0
elapsed=30042 actor=rear event=move path=714B target_speed=60 acceleration=0 corridor=-75,3753,120 wave_mode=Combat wave_phase=184 bank_target=-24 bank_turn=0
elapsed=30043 actor=rear event=vertical-step path=8942 target_speed=60 acceleration=0 corridor=-75,3753,120 wave_mode=Combat wave_phase=184 bank_target=-24 bank_turn=0
elapsed=30046 actor=rear event=wait-for-angle path=714B target_speed=60 acceleration=0 corridor=-75,3753,120 wave_mode=Combat wave_phase=188 bank_target=-24 bank_turn=0
elapsed=30046 actor=rear event=move path=714B target_speed=60 acceleration=0 corridor=-75,3753,120 wave_mode=Combat wave_phase=188 bank_target=-24 bank_turn=0
elapsed=30046 actor=rear event=vertical-step path=8942 target_speed=60 acceleration=0 corridor=-75,3753,120 wave_mode=Combat wave_phase=188 bank_target=-24 bank_turn=0
elapsed=30050 actor=rear event=wait-for-angle path=714B target_speed=60 acceleration=0 corridor=-75,3753,120 wave_mode=Combat wave_phase=192 bank_target=-24 bank_turn=0
elapsed=30050 actor=rear event=move path=714B target_speed=60 acceleration=0 corridor=-75,3753,120 wave_mode=Combat wave_phase=192 bank_target=-24 bank_turn=0
elapsed=30050 actor=rear event=vertical-step path=8942 target_speed=60 acceleration=0 corridor=-75,3753,120 wave_mode=Combat wave_phase=192 bank_target=-24 bank_turn=0
elapsed=30053 actor=rear event=wait-for-angle path=714B target_speed=60 acceleration=0 corridor=-75,3753,120 wave_mode=Combat wave_phase=196 bank_target=-24 bank_turn=0
elapsed=30053 actor=rear event=move path=714B target_speed=60 acceleration=0 corridor=-75,3753,120 wave_mode=Combat wave_phase=196 bank_target=-24 bank_turn=0
elapsed=30053 actor=rear event=vertical-step path=8942 target_speed=60 acceleration=0 corridor=-75,3753,120 wave_mode=Combat wave_phase=196 bank_target=-24 bank_turn=0
elapsed=30056 actor=rear event=wait-for-angle path=714B target_speed=60 acceleration=0 corridor=-75,3753,120 wave_mode=Combat wave_phase=200 bank_target=-24 bank_turn=0
elapsed=30056 actor=rear event=move path=714B target_speed=60 acceleration=0 corridor=-75,3753,120 wave_mode=Combat wave_phase=200 bank_target=-24 bank_turn=0
elapsed=30057 actor=rear event=vertical-step path=8942 target_speed=60 acceleration=0 corridor=-75,3753,120 wave_mode=Combat wave_phase=200 bank_target=-24 bank_turn=0
elapsed=30060 actor=rear event=wait-for-angle path=714B target_speed=60 acceleration=0 corridor=-75,3753,120 wave_mode=Combat wave_phase=204 bank_target=-24 bank_turn=0
elapsed=30060 actor=rear event=move path=714B target_speed=60 acceleration=0 corridor=-75,3753,120 wave_mode=Combat wave_phase=204 bank_target=-24 bank_turn=0
elapsed=30060 actor=rear event=vertical-step path=8942 target_speed=60 acceleration=0 corridor=-75,3753,120 wave_mode=Combat wave_phase=204 bank_target=-24 bank_turn=0
elapsed=30063 actor=rear event=wait-for-angle path=714B target_speed=60 acceleration=0 corridor=-75,3753,120 wave_mode=Combat wave_phase=208 bank_target=-24 bank_turn=0
elapsed=30063 actor=rear event=move path=714B target_speed=60 acceleration=0 corridor=-75,3753,120 wave_mode=Combat wave_phase=208 bank_target=-24 bank_turn=0
elapsed=30064 actor=rear event=vertical-step path=8942 target_speed=60 acceleration=0 corridor=-75,3753,120 wave_mode=Combat wave_phase=208 bank_target=-24 bank_turn=0
elapsed=30067 actor=rear event=wait-for-angle path=714B target_speed=60 acceleration=0 corridor=-75,3753,120 wave_mode=Combat wave_phase=212 bank_target=-24 bank_turn=0
elapsed=30067 actor=rear event=move path=714B target_speed=60 acceleration=0 corridor=-75,3753,120 wave_mode=Combat wave_phase=212 bank_target=-24 bank_turn=0
elapsed=30067 actor=rear event=vertical-step path=8942 target_speed=60 acceleration=0 corridor=-75,3753,120 wave_mode=Combat wave_phase=212 bank_target=-24 bank_turn=0
elapsed=30071 actor=rear event=wait-for-angle path=714B target_speed=60 acceleration=0 corridor=-75,3753,120 wave_mode=Combat wave_phase=216 bank_target=-24 bank_turn=0
elapsed=30071 actor=rear event=move path=70D7 target_speed=60 acceleration=0 corridor=-75,3753,120 wave_mode=Combat wave_phase=216 bank_target=-24 bank_turn=0
elapsed=30071 actor=rear event=vertical-step path=8942 target_speed=60 acceleration=0 corridor=-75,3753,120 wave_mode=Combat wave_phase=216 bank_target=-24 bank_turn=0
elapsed=30074 actor=rear event=chase-angle path=886F target_speed=60 acceleration=0 corridor=-75,3753,120 wave_mode=Combat wave_phase=220 bank_target=-9 bank_turn=1
elapsed=30074 actor=rear event=move path=886F target_speed=60 acceleration=0 corridor=-75,3753,120 wave_mode=Combat wave_phase=220 bank_target=-9 bank_turn=1
elapsed=30074 actor=rear event=vertical-step path=8942 target_speed=60 acceleration=0 corridor=-75,3753,120 wave_mode=Combat wave_phase=220 bank_target=-9 bank_turn=1
elapsed=30077 actor=rear event=chase-angle path=886F target_speed=60 acceleration=0 corridor=-44,-3379,37 wave_mode=Combat wave_phase=224 bank_target=-9 bank_turn=1
elapsed=30077 actor=rear event=move path=886F target_speed=60 acceleration=0 corridor=-44,-3379,37 wave_mode=Combat wave_phase=224 bank_target=-9 bank_turn=1
elapsed=30078 actor=rear event=vertical-step path=8942 target_speed=60 acceleration=0 corridor=-44,-3379,37 wave_mode=Combat wave_phase=224 bank_target=-9 bank_turn=1
elapsed=30080 actor=rear event=chase-angle path=886F target_speed=60 acceleration=0 corridor=-44,-3379,37 wave_mode=Combat wave_phase=228 bank_target=-9 bank_turn=1
elapsed=30080 actor=rear event=move path=886F target_speed=60 acceleration=0 corridor=-44,-3379,37 wave_mode=Combat wave_phase=228 bank_target=-9 bank_turn=1
elapsed=30081 actor=rear event=vertical-step path=8942 target_speed=60 acceleration=0 corridor=-44,-3379,37 wave_mode=Combat wave_phase=228 bank_target=-9 bank_turn=1
elapsed=30084 actor=rear event=chase-angle path=886F target_speed=60 acceleration=0 corridor=-44,-3379,37 wave_mode=Combat wave_phase=232 bank_target=-9 bank_turn=1
elapsed=30084 actor=rear event=move path=886F target_speed=60 acceleration=0 corridor=-44,-3379,37 wave_mode=Combat wave_phase=232 bank_target=-9 bank_turn=1
elapsed=30084 actor=rear event=vertical-step path=8942 target_speed=60 acceleration=0 corridor=-44,-3379,37 wave_mode=Combat wave_phase=232 bank_target=-9 bank_turn=1
elapsed=30087 actor=rear event=chase-angle path=886F target_speed=60 acceleration=0 corridor=-44,-3379,37 wave_mode=Combat wave_phase=236 bank_target=-9 bank_turn=1
elapsed=30087 actor=rear event=move path=886F target_speed=60 acceleration=0 corridor=-44,-3379,37 wave_mode=Combat wave_phase=236 bank_target=-9 bank_turn=1
elapsed=30088 actor=rear event=vertical-step path=8942 target_speed=60 acceleration=0 corridor=-44,-3379,37 wave_mode=Combat wave_phase=236 bank_target=-9 bank_turn=1
elapsed=30091 actor=rear event=chase-angle path=886F target_speed=60 acceleration=0 corridor=-44,-3379,37 wave_mode=Combat wave_phase=240 bank_target=-9 bank_turn=1
elapsed=30091 actor=rear event=move path=886F target_speed=60 acceleration=0 corridor=-44,-3379,37 wave_mode=Combat wave_phase=240 bank_target=-9 bank_turn=1
elapsed=30091 actor=rear event=vertical-step path=8942 target_speed=60 acceleration=0 corridor=-44,-3379,37 wave_mode=Combat wave_phase=240 bank_target=-9 bank_turn=1
elapsed=30095 actor=rear event=chase-angle path=886F target_speed=60 acceleration=0 corridor=-44,-3379,37 wave_mode=Combat wave_phase=244 bank_target=-9 bank_turn=1
elapsed=30095 actor=rear event=move path=886F target_speed=60 acceleration=0 corridor=-44,-3379,37 wave_mode=Combat wave_phase=244 bank_target=-9 bank_turn=1
elapsed=30095 actor=rear event=vertical-step path=8942 target_speed=60 acceleration=0 corridor=-44,-3379,37 wave_mode=Combat wave_phase=244 bank_target=-9 bank_turn=1
elapsed=30098 actor=rear event=chase-angle path=886F target_speed=60 acceleration=0 corridor=-44,-3379,37 wave_mode=Combat wave_phase=248 bank_target=-9 bank_turn=1
elapsed=30098 actor=rear event=move path=886F target_speed=60 acceleration=0 corridor=-44,-3379,37 wave_mode=Combat wave_phase=248 bank_target=-9 bank_turn=1
elapsed=30098 actor=rear event=vertical-step path=8942 target_speed=60 acceleration=0 corridor=-44,-3379,37 wave_mode=Combat wave_phase=248 bank_target=-9 bank_turn=1
elapsed=30101 actor=rear event=chase-angle path=886F target_speed=60 acceleration=0 corridor=-44,-3379,37 wave_mode=Combat wave_phase=252 bank_target=-9 bank_turn=1
elapsed=30101 actor=rear event=move path=70F2 target_speed=60 acceleration=0 corridor=-44,-3379,37 wave_mode=Combat wave_phase=252 bank_target=1 bank_turn=1
elapsed=30102 actor=rear event=vertical-step path=8942 target_speed=60 acceleration=0 corridor=-44,-3379,37 wave_mode=Combat wave_phase=252 bank_target=1 bank_turn=1
elapsed=30105 actor=rear event=move path=70F2 target_speed=60 acceleration=0 corridor=-44,-3379,37 wave_mode=Combat wave_phase=0 bank_target=2 bank_turn=1
elapsed=30105 actor=rear event=vertical-step path=8942 target_speed=60 acceleration=0 corridor=-44,-3379,37 wave_mode=Combat wave_phase=0 bank_target=2 bank_turn=1
elapsed=30108 actor=rear event=move path=70F2 target_speed=60 acceleration=0 corridor=-44,-3379,37 wave_mode=Combat wave_phase=4 bank_target=3 bank_turn=1
elapsed=30108 actor=rear event=vertical-step path=8942 target_speed=60 acceleration=0 corridor=-44,-3379,37 wave_mode=Combat wave_phase=4 bank_target=3 bank_turn=1
elapsed=30111 actor=rear event=move path=70F2 target_speed=60 acceleration=0 corridor=-44,-3379,37 wave_mode=Combat wave_phase=8 bank_target=4 bank_turn=1
elapsed=30112 actor=rear event=vertical-step path=8942 target_speed=60 acceleration=0 corridor=-44,-3379,37 wave_mode=Combat wave_phase=8 bank_target=4 bank_turn=1
elapsed=30115 actor=rear event=move path=70F2 target_speed=60 acceleration=0 corridor=-44,-3379,37 wave_mode=Combat wave_phase=12 bank_target=5 bank_turn=1
elapsed=30116 actor=rear event=vertical-step path=8942 target_speed=60 acceleration=0 corridor=-44,-3379,37 wave_mode=Combat wave_phase=12 bank_target=5 bank_turn=1
elapsed=30119 actor=rear event=move path=70F2 target_speed=60 acceleration=0 corridor=-44,-3379,37 wave_mode=Combat wave_phase=16 bank_target=6 bank_turn=1
elapsed=30119 actor=rear event=vertical-step path=8942 target_speed=60 acceleration=0 corridor=-44,-3379,37 wave_mode=Combat wave_phase=16 bank_target=6 bank_turn=1
elapsed=30122 actor=rear event=move path=70F2 target_speed=60 acceleration=0 corridor=-44,-3379,37 wave_mode=Combat wave_phase=20 bank_target=7 bank_turn=1
elapsed=30122 actor=rear event=vertical-step path=8942 target_speed=60 acceleration=0 corridor=-44,-3379,37 wave_mode=Combat wave_phase=20 bank_target=7 bank_turn=1
elapsed=30125 actor=rear event=move path=70F2 target_speed=60 acceleration=0 corridor=-44,-3379,37 wave_mode=Combat wave_phase=24 bank_target=8 bank_turn=1
elapsed=30125 actor=rear event=vertical-step path=8942 target_speed=60 acceleration=0 corridor=-44,-3379,37 wave_mode=Combat wave_phase=24 bank_target=8 bank_turn=1
elapsed=30128 actor=rear event=move path=70F2 target_speed=60 acceleration=0 corridor=-44,-3379,37 wave_mode=Combat wave_phase=28 bank_target=9 bank_turn=1
elapsed=30129 actor=rear event=vertical-step path=8942 target_speed=60 acceleration=0 corridor=-44,-3379,37 wave_mode=Combat wave_phase=28 bank_target=9 bank_turn=1
elapsed=30132 actor=rear event=move path=70F2 target_speed=60 acceleration=0 corridor=-44,-3379,37 wave_mode=Combat wave_phase=32 bank_target=10 bank_turn=1
elapsed=30132 actor=rear event=vertical-step path=8942 target_speed=60 acceleration=0 corridor=-44,-3379,37 wave_mode=Combat wave_phase=32 bank_target=10 bank_turn=1
elapsed=30135 actor=rear event=move path=70F2 target_speed=60 acceleration=0 corridor=-44,-3379,37 wave_mode=Combat wave_phase=36 bank_target=11 bank_turn=1
elapsed=30135 actor=rear event=vertical-step path=8942 target_speed=60 acceleration=0 corridor=-44,-3379,37 wave_mode=Combat wave_phase=36 bank_target=11 bank_turn=1
elapsed=30139 actor=rear event=move path=70F2 target_speed=60 acceleration=0 corridor=-44,-3379,37 wave_mode=Combat wave_phase=40 bank_target=12 bank_turn=1
elapsed=30139 actor=rear event=vertical-step path=8942 target_speed=60 acceleration=0 corridor=-44,-3379,37 wave_mode=Combat wave_phase=40 bank_target=12 bank_turn=1
elapsed=30143 actor=rear event=move path=70F2 target_speed=60 acceleration=0 corridor=-44,-3379,37 wave_mode=Combat wave_phase=44 bank_target=13 bank_turn=1
elapsed=30143 actor=rear event=vertical-step path=8942 target_speed=60 acceleration=0 corridor=-44,-3379,37 wave_mode=Combat wave_phase=44 bank_target=13 bank_turn=1
elapsed=30146 actor=rear event=move path=70F2 target_speed=60 acceleration=0 corridor=-44,-3379,37 wave_mode=Combat wave_phase=48 bank_target=14 bank_turn=1
elapsed=30146 actor=rear event=vertical-step path=8942 target_speed=60 acceleration=0 corridor=-44,-3379,37 wave_mode=Combat wave_phase=48 bank_target=14 bank_turn=1
elapsed=30149 actor=rear event=move path=70F2 target_speed=60 acceleration=0 corridor=-44,-3379,37 wave_mode=Combat wave_phase=52 bank_target=15 bank_turn=1
elapsed=30149 actor=rear event=vertical-step path=8942 target_speed=60 acceleration=0 corridor=-44,-3379,37 wave_mode=Combat wave_phase=52 bank_target=15 bank_turn=1
elapsed=30152 actor=rear event=move path=70F2 target_speed=60 acceleration=0 corridor=-44,-3379,37 wave_mode=Combat wave_phase=56 bank_target=16 bank_turn=1
elapsed=30152 actor=rear event=vertical-step path=8942 target_speed=60 acceleration=0 corridor=-44,-3379,37 wave_mode=Combat wave_phase=56 bank_target=16 bank_turn=1
elapsed=30156 actor=rear event=move path=70F2 target_speed=60 acceleration=0 corridor=-44,-3379,37 wave_mode=Combat wave_phase=60 bank_target=17 bank_turn=1
elapsed=30156 actor=rear event=vertical-step path=8942 target_speed=60 acceleration=0 corridor=-44,-3379,37 wave_mode=Combat wave_phase=60 bank_target=17 bank_turn=1
elapsed=30159 actor=rear event=move path=70F2 target_speed=60 acceleration=0 corridor=-44,-3379,37 wave_mode=Combat wave_phase=64 bank_target=18 bank_turn=1
elapsed=30159 actor=rear event=vertical-step path=8942 target_speed=60 acceleration=0 corridor=-44,-3379,37 wave_mode=Combat wave_phase=64 bank_target=18 bank_turn=1
elapsed=30163 actor=rear event=move path=70F2 target_speed=60 acceleration=0 corridor=-44,-3379,37 wave_mode=Combat wave_phase=68 bank_target=19 bank_turn=1
elapsed=30163 actor=rear event=vertical-step path=8942 target_speed=60 acceleration=0 corridor=-44,-3379,37 wave_mode=Combat wave_phase=68 bank_target=19 bank_turn=1
elapsed=30167 actor=rear event=move path=70F2 target_speed=60 acceleration=0 corridor=-44,-3379,37 wave_mode=Combat wave_phase=72 bank_target=20 bank_turn=1
elapsed=30167 actor=rear event=vertical-step path=8942 target_speed=60 acceleration=0 corridor=-44,-3379,37 wave_mode=Combat wave_phase=72 bank_target=20 bank_turn=1
elapsed=30170 actor=rear event=move path=70F2 target_speed=60 acceleration=0 corridor=-44,-3379,37 wave_mode=Combat wave_phase=76 bank_target=21 bank_turn=1
elapsed=30170 actor=rear event=vertical-step path=8942 target_speed=60 acceleration=0 corridor=-44,-3379,37 wave_mode=Combat wave_phase=76 bank_target=21 bank_turn=1
elapsed=30173 actor=rear event=move path=70F2 target_speed=60 acceleration=0 corridor=-44,-3379,37 wave_mode=Combat wave_phase=80 bank_target=22 bank_turn=1
elapsed=30173 actor=rear event=vertical-step path=8942 target_speed=60 acceleration=0 corridor=-44,-3379,37 wave_mode=Combat wave_phase=80 bank_target=22 bank_turn=1
elapsed=30176 actor=rear event=move path=70F2 target_speed=60 acceleration=0 corridor=-44,-3379,37 wave_mode=Combat wave_phase=84 bank_target=23 bank_turn=1
elapsed=30176 actor=rear event=vertical-step path=8942 target_speed=60 acceleration=0 corridor=-44,-3379,37 wave_mode=Combat wave_phase=84 bank_target=23 bank_turn=1
elapsed=30179 actor=rear event=move path=70F2 target_speed=60 acceleration=0 corridor=-44,-3379,37 wave_mode=Combat wave_phase=88 bank_target=24 bank_turn=1
elapsed=30180 actor=rear event=vertical-step path=8942 target_speed=60 acceleration=0 corridor=-44,-3379,37 wave_mode=Combat wave_phase=88 bank_target=24 bank_turn=1
elapsed=30183 actor=rear event=move path=70F2 target_speed=60 acceleration=0 corridor=-44,-3379,37 wave_mode=Combat wave_phase=92 bank_target=25 bank_turn=1
elapsed=30183 actor=rear event=vertical-step path=8942 target_speed=60 acceleration=0 corridor=-44,-3379,37 wave_mode=Combat wave_phase=92 bank_target=25 bank_turn=1
elapsed=30187 actor=rear event=move path=70F2 target_speed=60 acceleration=0 corridor=-44,-3379,37 wave_mode=Combat wave_phase=96 bank_target=26 bank_turn=1
elapsed=30187 actor=rear event=vertical-step path=8942 target_speed=60 acceleration=0 corridor=-44,-3379,37 wave_mode=Combat wave_phase=96 bank_target=26 bank_turn=1
elapsed=30190 actor=rear event=move path=70F2 target_speed=60 acceleration=0 corridor=-29,3969,105 wave_mode=Combat wave_phase=100 bank_target=27 bank_turn=1
elapsed=30190 actor=rear event=vertical-step path=8942 target_speed=60 acceleration=0 corridor=-29,3969,105 wave_mode=Combat wave_phase=100 bank_target=27 bank_turn=1
elapsed=30193 actor=rear event=move path=70F2 target_speed=60 acceleration=0 corridor=-29,3969,105 wave_mode=Combat wave_phase=104 bank_target=28 bank_turn=1
elapsed=30194 actor=rear event=vertical-step path=8942 target_speed=60 acceleration=0 corridor=-29,3969,105 wave_mode=Combat wave_phase=104 bank_target=28 bank_turn=1
elapsed=30196 actor=rear event=move path=70F2 target_speed=60 acceleration=0 corridor=-29,3969,105 wave_mode=Combat wave_phase=108 bank_target=29 bank_turn=1
elapsed=30197 actor=rear event=vertical-step path=8942 target_speed=60 acceleration=0 corridor=-29,3969,105 wave_mode=Combat wave_phase=108 bank_target=29 bank_turn=1
elapsed=30199 actor=rear event=move path=70F2 target_speed=60 acceleration=0 corridor=-29,3969,105 wave_mode=Combat wave_phase=112 bank_target=30 bank_turn=1
elapsed=30200 actor=rear event=vertical-step path=8942 target_speed=60 acceleration=0 corridor=-29,3969,105 wave_mode=Combat wave_phase=112 bank_target=30 bank_turn=1
elapsed=30203 actor=rear event=move path=70F2 target_speed=60 acceleration=0 corridor=-29,3969,105 wave_mode=Combat wave_phase=116 bank_target=31 bank_turn=1
elapsed=30203 actor=rear event=vertical-step path=8942 target_speed=60 acceleration=0 corridor=-29,3969,105 wave_mode=Combat wave_phase=116 bank_target=31 bank_turn=1
elapsed=30206 actor=rear event=move path=70F2 target_speed=60 acceleration=0 corridor=-29,3969,105 wave_mode=Combat wave_phase=120 bank_target=32 bank_turn=1
elapsed=30206 actor=rear event=vertical-step path=8942 target_speed=60 acceleration=0 corridor=-29,3969,105 wave_mode=Combat wave_phase=120 bank_target=32 bank_turn=1
elapsed=30209 actor=rear event=move path=70F2 target_speed=60 acceleration=0 corridor=-29,3969,105 wave_mode=Combat wave_phase=124 bank_target=33 bank_turn=1
elapsed=30209 actor=rear event=vertical-step path=8942 target_speed=60 acceleration=0 corridor=-29,3969,105 wave_mode=Combat wave_phase=124 bank_target=33 bank_turn=1
elapsed=30212 actor=rear event=move path=70F2 target_speed=60 acceleration=0 corridor=-29,3969,105 wave_mode=Combat wave_phase=128 bank_target=34 bank_turn=1
elapsed=30212 actor=rear event=vertical-step path=8942 target_speed=60 acceleration=0 corridor=-29,3969,105 wave_mode=Combat wave_phase=128 bank_target=34 bank_turn=1
elapsed=30215 actor=rear event=move path=70F2 target_speed=60 acceleration=0 corridor=-29,3969,105 wave_mode=Combat wave_phase=132 bank_target=35 bank_turn=1
elapsed=30215 actor=rear event=vertical-step path=8942 target_speed=60 acceleration=0 corridor=-29,3969,105 wave_mode=Combat wave_phase=132 bank_target=35 bank_turn=1
elapsed=30218 actor=rear event=move path=70F2 target_speed=60 acceleration=0 corridor=-29,3969,105 wave_mode=Combat wave_phase=136 bank_target=36 bank_turn=1
elapsed=30219 actor=rear event=vertical-step path=8942 target_speed=60 acceleration=0 corridor=-29,3969,105 wave_mode=Combat wave_phase=136 bank_target=36 bank_turn=1
elapsed=30222 actor=rear event=move path=70F2 target_speed=60 acceleration=0 corridor=-29,3969,105 wave_mode=Combat wave_phase=140 bank_target=37 bank_turn=1
elapsed=30222 actor=rear event=vertical-step path=8942 target_speed=60 acceleration=0 corridor=-29,3969,105 wave_mode=Combat wave_phase=140 bank_target=37 bank_turn=1
elapsed=30226 actor=rear event=move path=70F2 target_speed=60 acceleration=0 corridor=-29,3969,105 wave_mode=Combat wave_phase=144 bank_target=38 bank_turn=1
elapsed=30226 actor=rear event=vertical-step path=8942 target_speed=60 acceleration=0 corridor=-29,3969,105 wave_mode=Combat wave_phase=144 bank_target=38 bank_turn=1
elapsed=30229 actor=rear event=move path=70F2 target_speed=60 acceleration=0 corridor=-29,3969,105 wave_mode=Combat wave_phase=148 bank_target=39 bank_turn=1
elapsed=30229 actor=rear event=vertical-step path=8942 target_speed=60 acceleration=0 corridor=-29,3969,105 wave_mode=Combat wave_phase=148 bank_target=39 bank_turn=1
elapsed=30233 actor=rear event=move path=70F2 target_speed=60 acceleration=0 corridor=-29,3969,105 wave_mode=Combat wave_phase=152 bank_target=40 bank_turn=1
elapsed=30233 actor=rear event=vertical-step path=8942 target_speed=60 acceleration=0 corridor=-29,3969,105 wave_mode=Combat wave_phase=152 bank_target=40 bank_turn=1
elapsed=30237 actor=rear event=move path=70F2 target_speed=60 acceleration=0 corridor=-29,3969,105 wave_mode=Combat wave_phase=156 bank_target=41 bank_turn=1
elapsed=30237 actor=rear event=vertical-step path=8942 target_speed=60 acceleration=0 corridor=-29,3969,105 wave_mode=Combat wave_phase=156 bank_target=41 bank_turn=1
elapsed=30240 actor=rear event=move path=70F2 target_speed=60 acceleration=0 corridor=-29,3969,105 wave_mode=Combat wave_phase=160 bank_target=42 bank_turn=1
elapsed=30240 actor=rear event=vertical-step path=8942 target_speed=60 acceleration=0 corridor=-29,3969,105 wave_mode=Combat wave_phase=160 bank_target=42 bank_turn=1
elapsed=30244 actor=rear event=move path=70F2 target_speed=60 acceleration=0 corridor=-29,3969,105 wave_mode=Combat wave_phase=164 bank_target=43 bank_turn=1
elapsed=30244 actor=rear event=vertical-step path=8942 target_speed=60 acceleration=0 corridor=-29,3969,105 wave_mode=Combat wave_phase=164 bank_target=43 bank_turn=1
elapsed=30248 actor=rear event=move path=70F2 target_speed=60 acceleration=0 corridor=-29,3969,105 wave_mode=Combat wave_phase=168 bank_target=44 bank_turn=1
elapsed=30248 actor=rear event=vertical-step path=8942 target_speed=60 acceleration=0 corridor=-29,3969,105 wave_mode=Combat wave_phase=168 bank_target=44 bank_turn=1
elapsed=30252 actor=rear event=move path=70F2 target_speed=60 acceleration=0 corridor=-29,3969,105 wave_mode=Combat wave_phase=172 bank_target=45 bank_turn=1
elapsed=30252 actor=rear event=vertical-step path=8942 target_speed=60 acceleration=0 corridor=-29,3969,105 wave_mode=Combat wave_phase=172 bank_target=45 bank_turn=1
elapsed=30256 actor=rear event=move path=70F2 target_speed=60 acceleration=0 corridor=-29,3969,105 wave_mode=Combat wave_phase=176 bank_target=46 bank_turn=1
elapsed=30256 actor=rear event=vertical-step path=8942 target_speed=60 acceleration=0 corridor=-29,3969,105 wave_mode=Combat wave_phase=176 bank_target=46 bank_turn=1
elapsed=30260 actor=rear event=move path=70F2 target_speed=60 acceleration=0 corridor=-29,3969,105 wave_mode=Combat wave_phase=180 bank_target=47 bank_turn=1
elapsed=30260 actor=rear event=vertical-step path=8942 target_speed=60 acceleration=0 corridor=-29,3969,105 wave_mode=Combat wave_phase=180 bank_target=47 bank_turn=1
elapsed=30263 actor=rear event=move path=70F2 target_speed=60 acceleration=0 corridor=-29,3969,105 wave_mode=Combat wave_phase=184 bank_target=48 bank_turn=1
elapsed=30264 actor=rear event=vertical-step path=8942 target_speed=60 acceleration=0 corridor=-29,3969,105 wave_mode=Combat wave_phase=184 bank_target=48 bank_turn=1
elapsed=30267 actor=rear event=move path=70F2 target_speed=60 acceleration=0 corridor=-29,3969,105 wave_mode=Combat wave_phase=188 bank_target=49 bank_turn=1
elapsed=30267 actor=rear event=vertical-step path=8942 target_speed=60 acceleration=0 corridor=-29,3969,105 wave_mode=Combat wave_phase=188 bank_target=49 bank_turn=1
elapsed=30270 actor=rear event=move path=70F2 target_speed=60 acceleration=0 corridor=-29,3969,105 wave_mode=Combat wave_phase=192 bank_target=50 bank_turn=1
elapsed=30271 actor=rear event=vertical-step path=8942 target_speed=60 acceleration=0 corridor=-29,3969,105 wave_mode=Combat wave_phase=192 bank_target=50 bank_turn=1
elapsed=30274 actor=rear event=move path=70F2 target_speed=60 acceleration=0 corridor=-29,3969,105 wave_mode=Combat wave_phase=196 bank_target=51 bank_turn=1
elapsed=30274 actor=rear event=vertical-step path=8942 target_speed=60 acceleration=0 corridor=-29,3969,105 wave_mode=Combat wave_phase=196 bank_target=51 bank_turn=1
elapsed=30277 actor=rear event=move path=70F2 target_speed=60 acceleration=0 corridor=-29,3969,105 wave_mode=Combat wave_phase=200 bank_target=52 bank_turn=1
elapsed=30277 actor=rear event=vertical-step path=8942 target_speed=60 acceleration=0 corridor=-29,3969,105 wave_mode=Combat wave_phase=200 bank_target=52 bank_turn=1
elapsed=30281 actor=rear event=move path=70F2 target_speed=60 acceleration=0 corridor=-29,3969,105 wave_mode=Combat wave_phase=204 bank_target=53 bank_turn=1
elapsed=30281 actor=rear event=vertical-step path=8942 target_speed=60 acceleration=0 corridor=-29,3969,105 wave_mode=Combat wave_phase=204 bank_target=53 bank_turn=1
elapsed=30285 actor=rear event=wait-for-angle path=7101 target_speed=60 acceleration=0 corridor=-29,3969,105 wave_mode=Combat wave_phase=208 bank_target=54 bank_turn=0
elapsed=30285 actor=rear event=move path=7101 target_speed=60 acceleration=0 corridor=-29,3969,105 wave_mode=Combat wave_phase=208 bank_target=54 bank_turn=0
elapsed=30285 actor=rear event=vertical-step path=8942 target_speed=60 acceleration=0 corridor=-29,3969,105 wave_mode=Combat wave_phase=208 bank_target=54 bank_turn=0
elapsed=30288 actor=rear event=wait-for-angle path=7101 target_speed=60 acceleration=0 corridor=-29,3969,105 wave_mode=Combat wave_phase=212 bank_target=54 bank_turn=0
elapsed=30288 actor=rear event=move path=7101 target_speed=60 acceleration=0 corridor=-29,3969,105 wave_mode=Combat wave_phase=212 bank_target=54 bank_turn=0
elapsed=30288 actor=rear event=vertical-step path=8942 target_speed=60 acceleration=0 corridor=-29,3969,105 wave_mode=Combat wave_phase=212 bank_target=54 bank_turn=0
elapsed=30292 actor=rear event=wait-for-angle path=7101 target_speed=60 acceleration=0 corridor=-29,3969,105 wave_mode=Combat wave_phase=216 bank_target=54 bank_turn=0
elapsed=30292 actor=rear event=move path=7101 target_speed=60 acceleration=0 corridor=-29,3969,105 wave_mode=Combat wave_phase=216 bank_target=54 bank_turn=0
elapsed=30292 actor=rear event=vertical-step path=8942 target_speed=60 acceleration=0 corridor=-29,3969,105 wave_mode=Combat wave_phase=216 bank_target=54 bank_turn=0
elapsed=30296 actor=rear event=wait-for-angle path=7101 target_speed=60 acceleration=0 corridor=-29,3969,105 wave_mode=Combat wave_phase=220 bank_target=54 bank_turn=0
elapsed=30296 actor=rear event=move path=7101 target_speed=60 acceleration=0 corridor=-29,3969,105 wave_mode=Combat wave_phase=220 bank_target=54 bank_turn=0
elapsed=30296 actor=rear event=vertical-step path=8942 target_speed=60 acceleration=0 corridor=-29,3969,105 wave_mode=Combat wave_phase=220 bank_target=54 bank_turn=0
elapsed=30299 actor=rear event=wait-for-angle path=7101 target_speed=60 acceleration=0 corridor=-29,3969,105 wave_mode=Combat wave_phase=224 bank_target=54 bank_turn=0
elapsed=30299 actor=rear event=move path=7101 target_speed=60 acceleration=0 corridor=-29,3969,105 wave_mode=Combat wave_phase=224 bank_target=54 bank_turn=0
elapsed=30299 actor=rear event=vertical-step path=8942 target_speed=60 acceleration=0 corridor=-29,3969,105 wave_mode=Combat wave_phase=224 bank_target=54 bank_turn=0
elapsed=30303 actor=rear event=wait-for-angle path=7101 target_speed=60 acceleration=0 corridor=-98,-2112,-90 wave_mode=Combat wave_phase=228 bank_target=54 bank_turn=0
elapsed=30303 actor=rear event=move path=7101 target_speed=60 acceleration=0 corridor=-98,-2112,-90 wave_mode=Combat wave_phase=228 bank_target=54 bank_turn=0
elapsed=30303 actor=rear event=vertical-step path=8942 target_speed=60 acceleration=0 corridor=-98,-2112,-90 wave_mode=Combat wave_phase=228 bank_target=54 bank_turn=0
elapsed=30306 actor=rear event=wait-for-angle path=7101 target_speed=60 acceleration=0 corridor=-98,-2112,-90 wave_mode=Combat wave_phase=232 bank_target=54 bank_turn=0
elapsed=30306 actor=rear event=move path=7101 target_speed=60 acceleration=0 corridor=-98,-2112,-90 wave_mode=Combat wave_phase=232 bank_target=54 bank_turn=0
elapsed=30306 actor=rear event=vertical-step path=8942 target_speed=60 acceleration=0 corridor=-98,-2112,-90 wave_mode=Combat wave_phase=232 bank_target=54 bank_turn=0
elapsed=30310 actor=rear event=wait-for-angle path=7101 target_speed=60 acceleration=0 corridor=-98,-2112,-90 wave_mode=Combat wave_phase=236 bank_target=54 bank_turn=0
elapsed=30310 actor=rear event=move path=7101 target_speed=60 acceleration=0 corridor=-98,-2112,-90 wave_mode=Combat wave_phase=236 bank_target=54 bank_turn=0
elapsed=30310 actor=rear event=vertical-step path=8942 target_speed=60 acceleration=0 corridor=-98,-2112,-90 wave_mode=Combat wave_phase=236 bank_target=54 bank_turn=0
elapsed=30313 actor=rear event=wait-for-angle path=7101 target_speed=60 acceleration=0 corridor=-98,-2112,-90 wave_mode=Combat wave_phase=240 bank_target=54 bank_turn=0
elapsed=30313 actor=rear event=move path=7101 target_speed=60 acceleration=0 corridor=-98,-2112,-90 wave_mode=Combat wave_phase=240 bank_target=54 bank_turn=0
elapsed=30313 actor=rear event=vertical-step path=8942 target_speed=60 acceleration=0 corridor=-98,-2112,-90 wave_mode=Combat wave_phase=240 bank_target=54 bank_turn=0
elapsed=30316 actor=rear event=wait-for-angle path=7101 target_speed=60 acceleration=0 corridor=-98,-2112,-90 wave_mode=Combat wave_phase=244 bank_target=54 bank_turn=0
elapsed=30316 actor=rear event=face-player path=7125 target_speed=60 acceleration=0 corridor=-98,-2112,-90 wave_mode=Combat wave_phase=244 bank_target=10 bank_turn=0
elapsed=30316 actor=rear event=move path=7125 target_speed=60 acceleration=0 corridor=-98,-2112,-90 wave_mode=Combat wave_phase=244 bank_target=11 bank_turn=0
elapsed=30317 actor=rear event=vertical-step path=8942 target_speed=60 acceleration=0 corridor=-98,-2112,-90 wave_mode=Combat wave_phase=244 bank_target=11 bank_turn=0
elapsed=30320 actor=rear event=face-player path=7125 target_speed=60 acceleration=0 corridor=-98,-2112,-90 wave_mode=Combat wave_phase=248 bank_target=11 bank_turn=0
elapsed=30320 actor=rear event=move path=7125 target_speed=60 acceleration=0 corridor=-98,-2112,-90 wave_mode=Combat wave_phase=248 bank_target=12 bank_turn=0
elapsed=30320 actor=rear event=vertical-step path=8942 target_speed=60 acceleration=0 corridor=-98,-2112,-90 wave_mode=Combat wave_phase=248 bank_target=12 bank_turn=0
elapsed=30324 actor=rear event=face-player path=7125 target_speed=60 acceleration=0 corridor=-98,-2112,-90 wave_mode=Combat wave_phase=252 bank_target=12 bank_turn=0
elapsed=30324 actor=rear event=move path=7125 target_speed=60 acceleration=0 corridor=-98,-2112,-90 wave_mode=Combat wave_phase=252 bank_target=13 bank_turn=0
elapsed=30324 actor=rear event=vertical-step path=8942 target_speed=60 acceleration=0 corridor=-98,-2112,-90 wave_mode=Combat wave_phase=252 bank_target=13 bank_turn=0
elapsed=30327 actor=rear event=face-player path=7125 target_speed=60 acceleration=0 corridor=-98,-2112,-90 wave_mode=Combat wave_phase=0 bank_target=13 bank_turn=0
elapsed=30328 actor=rear event=move path=7125 target_speed=60 acceleration=0 corridor=-98,-2112,-90 wave_mode=Combat wave_phase=0 bank_target=14 bank_turn=0
elapsed=30328 actor=rear event=vertical-step path=8942 target_speed=60 acceleration=0 corridor=-98,-2112,-90 wave_mode=Combat wave_phase=0 bank_target=14 bank_turn=0
elapsed=30331 actor=rear event=face-player path=7125 target_speed=60 acceleration=0 corridor=-98,-2112,-90 wave_mode=Combat wave_phase=4 bank_target=14 bank_turn=0
elapsed=30332 actor=rear event=move path=7125 target_speed=60 acceleration=0 corridor=-98,-2112,-90 wave_mode=Combat wave_phase=4 bank_target=15 bank_turn=0
elapsed=30332 actor=rear event=vertical-step path=8942 target_speed=60 acceleration=0 corridor=-98,-2112,-90 wave_mode=Combat wave_phase=4 bank_target=15 bank_turn=0
elapsed=30335 actor=rear event=face-player path=7125 target_speed=60 acceleration=0 corridor=-98,-2112,-90 wave_mode=Combat wave_phase=8 bank_target=15 bank_turn=0
elapsed=30335 actor=rear event=projectile-face-immediate path=8C2D target_speed=60 acceleration=0 corridor=-98,-2112,-90 wave_mode=Combat wave_phase=8 bank_target=0 bank_turn=0
elapsed=30335 actor=rear event=move path=7125 target_speed=60 acceleration=0 corridor=-98,-2112,-90 wave_mode=Combat wave_phase=8 bank_target=0 bank_turn=0
elapsed=30336 actor=rear event=vertical-step path=8942 target_speed=60 acceleration=0 corridor=-98,-2112,-90 wave_mode=Combat wave_phase=8 bank_target=0 bank_turn=0
elapsed=30340 actor=rear event=face-player path=7125 target_speed=60 acceleration=0 corridor=-98,-2112,-90 wave_mode=Combat wave_phase=12 bank_target=0 bank_turn=0
elapsed=30340 actor=rear event=move path=7125 target_speed=60 acceleration=0 corridor=-98,-2112,-90 wave_mode=Combat wave_phase=12 bank_target=1 bank_turn=0
elapsed=30340 actor=rear event=vertical-step path=8942 target_speed=60 acceleration=0 corridor=-98,-2112,-90 wave_mode=Combat wave_phase=12 bank_target=1 bank_turn=0
elapsed=30344 actor=rear event=face-player path=7125 target_speed=60 acceleration=0 corridor=-98,-2112,-90 wave_mode=Combat wave_phase=16 bank_target=1 bank_turn=0
elapsed=30344 actor=rear event=move path=7125 target_speed=60 acceleration=0 corridor=-98,-2112,-90 wave_mode=Combat wave_phase=16 bank_target=2 bank_turn=0
elapsed=30344 actor=rear event=vertical-step path=8942 target_speed=60 acceleration=0 corridor=-98,-2112,-90 wave_mode=Combat wave_phase=16 bank_target=2 bank_turn=0
elapsed=30348 actor=rear event=face-player path=7125 target_speed=60 acceleration=0 corridor=-98,-2112,-90 wave_mode=Combat wave_phase=20 bank_target=2 bank_turn=0
elapsed=30348 actor=rear event=move path=7125 target_speed=60 acceleration=0 corridor=-98,-2112,-90 wave_mode=Combat wave_phase=20 bank_target=3 bank_turn=0
elapsed=30348 actor=rear event=vertical-step path=8942 target_speed=60 acceleration=0 corridor=-98,-2112,-90 wave_mode=Combat wave_phase=20 bank_target=3 bank_turn=0
elapsed=30352 actor=rear event=face-player path=7125 target_speed=60 acceleration=0 corridor=-98,-2112,-90 wave_mode=Combat wave_phase=24 bank_target=3 bank_turn=0
elapsed=30352 actor=rear event=move path=7125 target_speed=60 acceleration=0 corridor=-98,-2112,-90 wave_mode=Combat wave_phase=24 bank_target=4 bank_turn=0
elapsed=30352 actor=rear event=vertical-step path=8942 target_speed=60 acceleration=0 corridor=-98,-2112,-90 wave_mode=Combat wave_phase=24 bank_target=4 bank_turn=0
elapsed=30356 actor=rear event=face-player path=7125 target_speed=60 acceleration=0 corridor=-98,-2112,-90 wave_mode=Combat wave_phase=28 bank_target=4 bank_turn=0
elapsed=30356 actor=rear event=move path=7125 target_speed=60 acceleration=0 corridor=-98,-2112,-90 wave_mode=Combat wave_phase=28 bank_target=5 bank_turn=0
elapsed=30356 actor=rear event=vertical-step path=8942 target_speed=60 acceleration=0 corridor=-98,-2112,-90 wave_mode=Combat wave_phase=28 bank_target=5 bank_turn=0
elapsed=30361 actor=rear event=face-player path=7125 target_speed=60 acceleration=0 corridor=-98,-2112,-90 wave_mode=Combat wave_phase=32 bank_target=5 bank_turn=0
elapsed=30361 actor=rear event=move path=7125 target_speed=60 acceleration=0 corridor=-98,-2112,-90 wave_mode=Combat wave_phase=32 bank_target=6 bank_turn=0
elapsed=30361 actor=rear event=vertical-step path=8942 target_speed=60 acceleration=0 corridor=-98,-2112,-90 wave_mode=Combat wave_phase=32 bank_target=6 bank_turn=0
elapsed=30365 actor=rear event=face-player path=7125 target_speed=60 acceleration=0 corridor=-98,-2112,-90 wave_mode=Combat wave_phase=36 bank_target=6 bank_turn=0
elapsed=30365 actor=rear event=move path=7125 target_speed=60 acceleration=0 corridor=-98,-2112,-90 wave_mode=Combat wave_phase=36 bank_target=7 bank_turn=0
elapsed=30365 actor=rear event=vertical-step path=8942 target_speed=60 acceleration=0 corridor=-98,-2112,-90 wave_mode=Combat wave_phase=36 bank_target=7 bank_turn=0
elapsed=30370 actor=rear event=face-player path=7125 target_speed=60 acceleration=0 corridor=-98,-2112,-90 wave_mode=Combat wave_phase=40 bank_target=7 bank_turn=0
elapsed=30370 actor=rear event=move path=7125 target_speed=60 acceleration=0 corridor=-98,-2112,-90 wave_mode=Combat wave_phase=40 bank_target=8 bank_turn=0
elapsed=30370 actor=rear event=vertical-step path=8942 target_speed=60 acceleration=0 corridor=-98,-2112,-90 wave_mode=Combat wave_phase=40 bank_target=8 bank_turn=0
elapsed=30374 actor=rear event=face-player path=7125 target_speed=60 acceleration=0 corridor=-98,-2112,-90 wave_mode=Combat wave_phase=44 bank_target=8 bank_turn=0
elapsed=30374 actor=rear event=move path=7125 target_speed=60 acceleration=0 corridor=-98,-2112,-90 wave_mode=Combat wave_phase=44 bank_target=9 bank_turn=0
elapsed=30374 actor=rear event=vertical-step path=8942 target_speed=60 acceleration=0 corridor=-98,-2112,-90 wave_mode=Combat wave_phase=44 bank_target=9 bank_turn=0
elapsed=30378 actor=rear event=face-player path=7125 target_speed=60 acceleration=0 corridor=-98,-2112,-90 wave_mode=Combat wave_phase=48 bank_target=9 bank_turn=0
elapsed=30379 actor=rear event=move path=7125 target_speed=60 acceleration=0 corridor=-98,-2112,-90 wave_mode=Combat wave_phase=48 bank_target=10 bank_turn=0
elapsed=30379 actor=rear event=vertical-step path=8942 target_speed=60 acceleration=0 corridor=-98,-2112,-90 wave_mode=Combat wave_phase=48 bank_target=10 bank_turn=0
elapsed=30382 actor=rear event=face-player path=7125 target_speed=60 acceleration=0 corridor=-98,-2112,-90 wave_mode=Combat wave_phase=52 bank_target=10 bank_turn=0
elapsed=30383 actor=rear event=move path=7125 target_speed=60 acceleration=0 corridor=-98,-2112,-90 wave_mode=Combat wave_phase=52 bank_target=11 bank_turn=0
elapsed=30383 actor=rear event=vertical-step path=8942 target_speed=60 acceleration=0 corridor=-98,-2112,-90 wave_mode=Combat wave_phase=52 bank_target=11 bank_turn=0
elapsed=30387 actor=rear event=face-player path=7125 target_speed=60 acceleration=0 corridor=-98,-2112,-90 wave_mode=Combat wave_phase=56 bank_target=11 bank_turn=0
elapsed=30387 actor=rear event=move path=7125 target_speed=60 acceleration=0 corridor=-98,-2112,-90 wave_mode=Combat wave_phase=56 bank_target=12 bank_turn=0
elapsed=30387 actor=rear event=vertical-step path=8942 target_speed=60 acceleration=0 corridor=-98,-2112,-90 wave_mode=Combat wave_phase=56 bank_target=12 bank_turn=0
elapsed=30391 actor=rear event=face-player path=7125 target_speed=60 acceleration=0 corridor=-98,-2112,-90 wave_mode=Combat wave_phase=60 bank_target=12 bank_turn=0
elapsed=30391 actor=rear event=move path=7125 target_speed=60 acceleration=0 corridor=-98,-2112,-90 wave_mode=Combat wave_phase=60 bank_target=13 bank_turn=0
elapsed=30391 actor=rear event=vertical-step path=8942 target_speed=60 acceleration=0 corridor=-98,-2112,-90 wave_mode=Combat wave_phase=60 bank_target=13 bank_turn=0
elapsed=30394 actor=rear event=face-player path=7125 target_speed=60 acceleration=0 corridor=-98,-2112,-90 wave_mode=Combat wave_phase=64 bank_target=13 bank_turn=0
elapsed=30394 actor=rear event=chase-angle path=886F target_speed=60 acceleration=2 corridor=-98,-2112,-90 wave_mode=Combat wave_phase=64 bank_target=-28 bank_turn=1
elapsed=30394 actor=rear event=move path=886F target_speed=60 acceleration=2 corridor=-98,-2112,-90 wave_mode=Combat wave_phase=64 bank_target=-28 bank_turn=1
elapsed=30395 actor=rear event=vertical-step path=8942 target_speed=60 acceleration=0 corridor=-98,-2112,-90 wave_mode=Combat wave_phase=64 bank_target=-28 bank_turn=1
elapsed=30398 actor=rear event=chase-angle path=886F target_speed=60 acceleration=0 corridor=-98,-2112,-90 wave_mode=Combat wave_phase=68 bank_target=-28 bank_turn=1
elapsed=30398 actor=rear event=move path=886F target_speed=60 acceleration=0 corridor=-98,-2112,-90 wave_mode=Combat wave_phase=68 bank_target=-28 bank_turn=1
elapsed=30398 actor=rear event=vertical-step path=8942 target_speed=60 acceleration=0 corridor=-98,-2112,-90 wave_mode=Combat wave_phase=68 bank_target=-28 bank_turn=1
elapsed=30402 actor=rear event=chase-angle path=886F target_speed=60 acceleration=0 corridor=-98,-2112,-90 wave_mode=Combat wave_phase=72 bank_target=-28 bank_turn=1
elapsed=30402 actor=rear event=move path=886F target_speed=60 acceleration=0 corridor=-98,-2112,-90 wave_mode=Combat wave_phase=72 bank_target=-28 bank_turn=1
elapsed=30402 actor=rear event=vertical-step path=8942 target_speed=60 acceleration=0 corridor=-98,-2112,-90 wave_mode=Combat wave_phase=72 bank_target=-28 bank_turn=1
elapsed=30405 actor=rear event=chase-angle path=886F target_speed=60 acceleration=0 corridor=-98,-2112,-90 wave_mode=Combat wave_phase=76 bank_target=-28 bank_turn=1
elapsed=30405 actor=rear event=move path=886F target_speed=60 acceleration=0 corridor=-98,-2112,-90 wave_mode=Combat wave_phase=76 bank_target=-28 bank_turn=1
elapsed=30406 actor=rear event=vertical-step path=8942 target_speed=60 acceleration=0 corridor=-98,-2112,-90 wave_mode=Combat wave_phase=76 bank_target=-28 bank_turn=1
elapsed=30409 actor=rear event=chase-angle path=886F target_speed=60 acceleration=0 corridor=-98,-2112,-90 wave_mode=Combat wave_phase=80 bank_target=-28 bank_turn=1
elapsed=30409 actor=rear event=move path=886F target_speed=60 acceleration=0 corridor=-98,-2112,-90 wave_mode=Combat wave_phase=80 bank_target=-28 bank_turn=1
elapsed=30410 actor=rear event=vertical-step path=8942 target_speed=60 acceleration=0 corridor=-98,-2112,-90 wave_mode=Combat wave_phase=80 bank_target=-28 bank_turn=1
elapsed=30413 actor=rear event=chase-angle path=886F target_speed=60 acceleration=0 corridor=-98,-2112,-90 wave_mode=Combat wave_phase=84 bank_target=-28 bank_turn=1
elapsed=30413 actor=rear event=move path=886F target_speed=60 acceleration=0 corridor=-98,-2112,-90 wave_mode=Combat wave_phase=84 bank_target=-28 bank_turn=1
elapsed=30413 actor=rear event=vertical-step path=8942 target_speed=60 acceleration=0 corridor=-98,-2112,-90 wave_mode=Combat wave_phase=84 bank_target=-28 bank_turn=1
elapsed=30417 actor=rear event=chase-angle path=886F target_speed=60 acceleration=0 corridor=-98,-2112,-90 wave_mode=Combat wave_phase=88 bank_target=-28 bank_turn=1
elapsed=30417 actor=rear event=move path=886F target_speed=60 acceleration=0 corridor=-98,-2112,-90 wave_mode=Combat wave_phase=88 bank_target=-28 bank_turn=1
elapsed=30417 actor=rear event=vertical-step path=8942 target_speed=60 acceleration=0 corridor=-98,-2112,-90 wave_mode=Combat wave_phase=88 bank_target=-28 bank_turn=1
elapsed=30421 actor=rear event=chase-angle path=886F target_speed=60 acceleration=0 corridor=-98,-2112,-90 wave_mode=Combat wave_phase=92 bank_target=-28 bank_turn=1
elapsed=30421 actor=rear event=move path=886F target_speed=60 acceleration=0 corridor=-98,-2112,-90 wave_mode=Combat wave_phase=92 bank_target=-28 bank_turn=1
elapsed=30421 actor=rear event=vertical-step path=8942 target_speed=60 acceleration=0 corridor=-98,-2112,-90 wave_mode=Combat wave_phase=92 bank_target=-28 bank_turn=1
elapsed=30425 actor=rear event=chase-angle path=886F target_speed=60 acceleration=0 corridor=-98,-2112,-90 wave_mode=Combat wave_phase=96 bank_target=-28 bank_turn=1
elapsed=30425 actor=rear event=move path=886F target_speed=60 acceleration=0 corridor=-98,-2112,-90 wave_mode=Combat wave_phase=96 bank_target=-28 bank_turn=1
elapsed=30425 actor=rear event=vertical-step path=8942 target_speed=60 acceleration=0 corridor=-98,-2112,-90 wave_mode=Combat wave_phase=96 bank_target=-28 bank_turn=1
elapsed=30429 actor=rear event=chase-angle path=886F target_speed=60 acceleration=0 corridor=100,1360,-64 wave_mode=Combat wave_phase=100 bank_target=-28 bank_turn=1
elapsed=30429 actor=rear event=move path=886F target_speed=60 acceleration=0 corridor=100,1360,-64 wave_mode=Combat wave_phase=100 bank_target=-28 bank_turn=1
elapsed=30430 actor=rear event=vertical-step path=8942 target_speed=60 acceleration=0 corridor=100,1360,-64 wave_mode=Combat wave_phase=100 bank_target=-28 bank_turn=1
elapsed=30434 actor=rear event=chase-angle path=886F target_speed=60 acceleration=0 corridor=100,1360,-64 wave_mode=Combat wave_phase=104 bank_target=-28 bank_turn=1
elapsed=30434 actor=rear event=move path=886F target_speed=60 acceleration=0 corridor=100,1360,-64 wave_mode=Combat wave_phase=104 bank_target=-28 bank_turn=1
elapsed=30434 actor=rear event=vertical-step path=8942 target_speed=60 acceleration=0 corridor=100,1360,-64 wave_mode=Combat wave_phase=104 bank_target=-28 bank_turn=1
elapsed=30438 actor=rear event=chase-angle path=886F target_speed=60 acceleration=0 corridor=100,1360,-64 wave_mode=Combat wave_phase=108 bank_target=-28 bank_turn=1
elapsed=30438 actor=rear event=move path=886F target_speed=60 acceleration=0 corridor=100,1360,-64 wave_mode=Combat wave_phase=108 bank_target=-28 bank_turn=1
elapsed=30439 actor=rear event=vertical-step path=8942 target_speed=60 acceleration=0 corridor=100,1360,-64 wave_mode=Combat wave_phase=108 bank_target=-28 bank_turn=1
elapsed=30443 actor=rear event=chase-angle path=886F target_speed=60 acceleration=0 corridor=100,1360,-64 wave_mode=Combat wave_phase=112 bank_target=-28 bank_turn=1
elapsed=30443 actor=rear event=move path=886F target_speed=60 acceleration=0 corridor=100,1360,-64 wave_mode=Combat wave_phase=112 bank_target=-28 bank_turn=1
elapsed=30443 actor=rear event=vertical-step path=8942 target_speed=60 acceleration=0 corridor=100,1360,-64 wave_mode=Combat wave_phase=112 bank_target=-28 bank_turn=1
elapsed=30448 actor=rear event=chase-angle path=886F target_speed=60 acceleration=0 corridor=100,1360,-64 wave_mode=Combat wave_phase=116 bank_target=-28 bank_turn=1
elapsed=30448 actor=rear event=move path=886F target_speed=60 acceleration=0 corridor=100,1360,-64 wave_mode=Combat wave_phase=116 bank_target=-28 bank_turn=1
elapsed=30448 actor=rear event=vertical-step path=8942 target_speed=60 acceleration=0 corridor=100,1360,-64 wave_mode=Combat wave_phase=116 bank_target=-28 bank_turn=1
elapsed=30452 actor=rear event=chase-angle path=886F target_speed=60 acceleration=0 corridor=100,1360,-64 wave_mode=Combat wave_phase=120 bank_target=-28 bank_turn=1
elapsed=30452 actor=rear event=move path=886F target_speed=60 acceleration=0 corridor=100,1360,-64 wave_mode=Combat wave_phase=120 bank_target=-28 bank_turn=1
elapsed=30452 actor=rear event=vertical-step path=8942 target_speed=60 acceleration=0 corridor=100,1360,-64 wave_mode=Combat wave_phase=120 bank_target=-28 bank_turn=1
elapsed=30456 actor=rear event=chase-angle path=886F target_speed=60 acceleration=0 corridor=100,1360,-64 wave_mode=Combat wave_phase=124 bank_target=-28 bank_turn=1
elapsed=30456 actor=rear event=move path=886F target_speed=60 acceleration=0 corridor=100,1360,-64 wave_mode=Combat wave_phase=124 bank_target=-28 bank_turn=1
elapsed=30456 actor=rear event=vertical-step path=8942 target_speed=60 acceleration=0 corridor=100,1360,-64 wave_mode=Combat wave_phase=124 bank_target=-28 bank_turn=1
elapsed=30460 actor=rear event=chase-angle path=886F target_speed=60 acceleration=0 corridor=100,1360,-64 wave_mode=Combat wave_phase=128 bank_target=-28 bank_turn=1
elapsed=30460 actor=rear event=move path=886F target_speed=60 acceleration=0 corridor=100,1360,-64 wave_mode=Combat wave_phase=128 bank_target=-28 bank_turn=1
elapsed=30460 actor=rear event=vertical-step path=8942 target_speed=60 acceleration=0 corridor=100,1360,-64 wave_mode=Combat wave_phase=128 bank_target=-28 bank_turn=1
elapsed=30464 actor=rear event=chase-angle path=886F target_speed=60 acceleration=0 corridor=100,1360,-64 wave_mode=Combat wave_phase=132 bank_target=-28 bank_turn=1
elapsed=30464 actor=rear event=move path=886F target_speed=60 acceleration=0 corridor=100,1360,-64 wave_mode=Combat wave_phase=132 bank_target=-28 bank_turn=1
elapsed=30464 actor=rear event=vertical-step path=8942 target_speed=60 acceleration=0 corridor=100,1360,-64 wave_mode=Combat wave_phase=132 bank_target=-28 bank_turn=1
elapsed=30468 actor=rear event=chase-angle path=886F target_speed=60 acceleration=0 corridor=100,1360,-64 wave_mode=Combat wave_phase=136 bank_target=-28 bank_turn=1
elapsed=30468 actor=rear event=move path=886F target_speed=60 acceleration=0 corridor=100,1360,-64 wave_mode=Combat wave_phase=136 bank_target=-28 bank_turn=1
elapsed=30468 actor=rear event=vertical-step path=8942 target_speed=60 acceleration=0 corridor=100,1360,-64 wave_mode=Combat wave_phase=136 bank_target=-28 bank_turn=1
elapsed=30472 actor=rear event=chase-angle path=886F target_speed=60 acceleration=0 corridor=100,1360,-64 wave_mode=Combat wave_phase=140 bank_target=-28 bank_turn=1
elapsed=30472 actor=rear event=move path=7146 target_speed=60 acceleration=0 corridor=100,1360,-64 wave_mode=Combat wave_phase=140 bank_target=-28 bank_turn=1
elapsed=30472 actor=rear event=vertical-step path=8942 target_speed=60 acceleration=0 corridor=100,1360,-64 wave_mode=Combat wave_phase=140 bank_target=-28 bank_turn=1
elapsed=30476 actor=rear event=wait-for-angle path=714B target_speed=60 acceleration=0 corridor=100,1360,-64 wave_mode=Combat wave_phase=144 bank_target=-28 bank_turn=0
elapsed=30476 actor=rear event=move path=714B target_speed=60 acceleration=0 corridor=100,1360,-64 wave_mode=Combat wave_phase=144 bank_target=-28 bank_turn=0
elapsed=30477 actor=rear event=vertical-step path=8942 target_speed=60 acceleration=0 corridor=100,1360,-64 wave_mode=Combat wave_phase=144 bank_target=-28 bank_turn=0
elapsed=30480 actor=rear event=wait-for-angle path=714B target_speed=60 acceleration=0 corridor=100,1360,-64 wave_mode=Combat wave_phase=148 bank_target=-28 bank_turn=0
elapsed=30480 actor=rear event=move path=714B target_speed=60 acceleration=0 corridor=100,1360,-64 wave_mode=Combat wave_phase=148 bank_target=-28 bank_turn=0
elapsed=30480 actor=rear event=vertical-step path=8942 target_speed=60 acceleration=0 corridor=100,1360,-64 wave_mode=Combat wave_phase=148 bank_target=-28 bank_turn=0
elapsed=30484 actor=rear event=wait-for-angle path=714B target_speed=60 acceleration=0 corridor=100,1360,-64 wave_mode=Combat wave_phase=152 bank_target=-28 bank_turn=0
elapsed=30484 actor=rear event=move path=714B target_speed=60 acceleration=0 corridor=100,1360,-64 wave_mode=Combat wave_phase=152 bank_target=-28 bank_turn=0
elapsed=30484 actor=rear event=vertical-step path=8942 target_speed=60 acceleration=0 corridor=100,1360,-64 wave_mode=Combat wave_phase=152 bank_target=-28 bank_turn=0
elapsed=30488 actor=rear event=wait-for-angle path=714B target_speed=60 acceleration=0 corridor=100,1360,-64 wave_mode=Combat wave_phase=156 bank_target=-28 bank_turn=0
elapsed=30488 actor=rear event=move path=714B target_speed=60 acceleration=0 corridor=100,1360,-64 wave_mode=Combat wave_phase=156 bank_target=-28 bank_turn=0
elapsed=30489 actor=rear event=vertical-step path=8942 target_speed=60 acceleration=0 corridor=100,1360,-64 wave_mode=Combat wave_phase=156 bank_target=-28 bank_turn=0
elapsed=30493 actor=rear event=wait-for-angle path=714B target_speed=60 acceleration=0 corridor=100,1360,-64 wave_mode=Combat wave_phase=160 bank_target=-28 bank_turn=0
elapsed=30493 actor=rear event=move path=714B target_speed=60 acceleration=0 corridor=100,1360,-64 wave_mode=Combat wave_phase=160 bank_target=-28 bank_turn=0
elapsed=30493 actor=rear event=vertical-step path=8942 target_speed=60 acceleration=0 corridor=100,1360,-64 wave_mode=Combat wave_phase=160 bank_target=-28 bank_turn=0
elapsed=30497 actor=rear event=wait-for-angle path=714B target_speed=60 acceleration=0 corridor=100,1360,-64 wave_mode=Combat wave_phase=164 bank_target=-28 bank_turn=0
elapsed=30497 actor=rear event=move path=714B target_speed=60 acceleration=0 corridor=100,1360,-64 wave_mode=Combat wave_phase=164 bank_target=-28 bank_turn=0
elapsed=30497 actor=rear event=vertical-step path=8942 target_speed=60 acceleration=0 corridor=100,1360,-64 wave_mode=Combat wave_phase=164 bank_target=-28 bank_turn=0
elapsed=30502 actor=rear event=wait-for-angle path=714B target_speed=60 acceleration=0 corridor=100,1360,-64 wave_mode=Combat wave_phase=168 bank_target=-28 bank_turn=0
elapsed=30502 actor=rear event=move path=714B target_speed=60 acceleration=0 corridor=100,1360,-64 wave_mode=Combat wave_phase=168 bank_target=-28 bank_turn=0
elapsed=30502 actor=rear event=vertical-step path=8942 target_speed=60 acceleration=0 corridor=100,1360,-64 wave_mode=Combat wave_phase=168 bank_target=-28 bank_turn=0
elapsed=30506 actor=rear event=wait-for-angle path=714B target_speed=60 acceleration=0 corridor=100,1360,-64 wave_mode=Combat wave_phase=172 bank_target=-28 bank_turn=0
elapsed=30506 actor=rear event=move path=714B target_speed=60 acceleration=0 corridor=100,1360,-64 wave_mode=Combat wave_phase=172 bank_target=-28 bank_turn=0
elapsed=30507 actor=rear event=vertical-step path=8942 target_speed=60 acceleration=0 corridor=100,1360,-64 wave_mode=Combat wave_phase=172 bank_target=-28 bank_turn=0
elapsed=30511 actor=rear event=wait-for-angle path=714B target_speed=60 acceleration=0 corridor=100,1360,-64 wave_mode=Combat wave_phase=176 bank_target=-28 bank_turn=0
elapsed=30511 actor=rear event=move path=714B target_speed=60 acceleration=0 corridor=100,1360,-64 wave_mode=Combat wave_phase=176 bank_target=-28 bank_turn=0
elapsed=30511 actor=rear event=vertical-step path=8942 target_speed=60 acceleration=0 corridor=100,1360,-64 wave_mode=Combat wave_phase=176 bank_target=-28 bank_turn=0
elapsed=30514 actor=rear event=wait-for-angle path=714B target_speed=60 acceleration=0 corridor=100,1360,-64 wave_mode=Combat wave_phase=180 bank_target=-28 bank_turn=0
elapsed=30514 actor=rear event=move path=714B target_speed=60 acceleration=0 corridor=100,1360,-64 wave_mode=Combat wave_phase=180 bank_target=-28 bank_turn=0
elapsed=30515 actor=rear event=vertical-step path=8942 target_speed=60 acceleration=0 corridor=100,1360,-64 wave_mode=Combat wave_phase=180 bank_target=-28 bank_turn=0
elapsed=30518 actor=rear event=wait-for-angle path=714B target_speed=60 acceleration=0 corridor=100,1360,-64 wave_mode=Combat wave_phase=184 bank_target=-28 bank_turn=0
elapsed=30518 actor=rear event=move path=714B target_speed=60 acceleration=0 corridor=100,1360,-64 wave_mode=Combat wave_phase=184 bank_target=-28 bank_turn=0
elapsed=30518 actor=rear event=vertical-step path=8942 target_speed=60 acceleration=0 corridor=100,1360,-64 wave_mode=Combat wave_phase=184 bank_target=-28 bank_turn=0
elapsed=30522 actor=rear event=wait-for-angle path=714B target_speed=60 acceleration=0 corridor=100,1360,-64 wave_mode=Combat wave_phase=188 bank_target=-28 bank_turn=0
elapsed=30522 actor=rear event=move path=714B target_speed=60 acceleration=0 corridor=100,1360,-64 wave_mode=Combat wave_phase=188 bank_target=-28 bank_turn=0
elapsed=30522 actor=rear event=vertical-step path=8942 target_speed=60 acceleration=0 corridor=100,1360,-64 wave_mode=Combat wave_phase=188 bank_target=-28 bank_turn=0
elapsed=30525 actor=rear event=wait-for-angle path=714B target_speed=60 acceleration=0 corridor=100,1360,-64 wave_mode=Combat wave_phase=192 bank_target=-28 bank_turn=0
elapsed=30525 actor=rear event=move path=714B target_speed=60 acceleration=0 corridor=100,1360,-64 wave_mode=Combat wave_phase=192 bank_target=-28 bank_turn=0
elapsed=30525 actor=rear event=vertical-step path=8942 target_speed=60 acceleration=0 corridor=100,1360,-64 wave_mode=Combat wave_phase=192 bank_target=-28 bank_turn=0
elapsed=30528 actor=rear event=wait-for-angle path=714B target_speed=60 acceleration=0 corridor=100,1360,-64 wave_mode=Combat wave_phase=196 bank_target=-28 bank_turn=0
elapsed=30528 actor=rear event=move path=714B target_speed=60 acceleration=0 corridor=100,1360,-64 wave_mode=Combat wave_phase=196 bank_target=-28 bank_turn=0
elapsed=30529 actor=rear event=vertical-step path=8942 target_speed=60 acceleration=0 corridor=100,1360,-64 wave_mode=Combat wave_phase=196 bank_target=-28 bank_turn=0
elapsed=30532 actor=rear event=wait-for-angle path=714B target_speed=60 acceleration=0 corridor=100,1360,-64 wave_mode=Combat wave_phase=200 bank_target=-28 bank_turn=0
elapsed=30532 actor=rear event=move path=714B target_speed=60 acceleration=0 corridor=100,1360,-64 wave_mode=Combat wave_phase=200 bank_target=-28 bank_turn=0
elapsed=30532 actor=rear event=vertical-step path=8942 target_speed=60 acceleration=0 corridor=100,1360,-64 wave_mode=Combat wave_phase=200 bank_target=-28 bank_turn=0
elapsed=30536 actor=rear event=wait-for-angle path=714B target_speed=60 acceleration=0 corridor=100,1360,-64 wave_mode=Combat wave_phase=204 bank_target=-28 bank_turn=0
elapsed=30536 actor=rear event=move path=714B target_speed=60 acceleration=0 corridor=100,1360,-64 wave_mode=Combat wave_phase=204 bank_target=-28 bank_turn=0
elapsed=30536 actor=rear event=vertical-step path=8942 target_speed=60 acceleration=0 corridor=100,1360,-64 wave_mode=Combat wave_phase=204 bank_target=-28 bank_turn=0
elapsed=30539 actor=rear event=wait-for-angle path=714B target_speed=60 acceleration=0 corridor=100,1360,-64 wave_mode=Combat wave_phase=208 bank_target=-28 bank_turn=0
elapsed=30539 actor=rear event=move path=714B target_speed=60 acceleration=0 corridor=100,1360,-64 wave_mode=Combat wave_phase=208 bank_target=-28 bank_turn=0
elapsed=30539 actor=rear event=vertical-step path=8942 target_speed=60 acceleration=0 corridor=100,1360,-64 wave_mode=Combat wave_phase=208 bank_target=-28 bank_turn=0
elapsed=30543 actor=rear event=wait-for-angle path=714B target_speed=60 acceleration=0 corridor=100,1360,-64 wave_mode=Combat wave_phase=212 bank_target=-28 bank_turn=0
elapsed=30543 actor=rear event=move path=714B target_speed=60 acceleration=0 corridor=100,1360,-64 wave_mode=Combat wave_phase=212 bank_target=-28 bank_turn=0
elapsed=30543 actor=rear event=vertical-step path=8942 target_speed=60 acceleration=0 corridor=100,1360,-64 wave_mode=Combat wave_phase=212 bank_target=-28 bank_turn=0
elapsed=30546 actor=rear event=wait-for-angle path=714B target_speed=60 acceleration=0 corridor=100,1360,-64 wave_mode=Combat wave_phase=216 bank_target=-28 bank_turn=0
elapsed=30546 actor=rear event=move path=714B target_speed=60 acceleration=0 corridor=100,1360,-64 wave_mode=Combat wave_phase=216 bank_target=-28 bank_turn=0
elapsed=30546 actor=rear event=vertical-step path=8942 target_speed=60 acceleration=0 corridor=100,1360,-64 wave_mode=Combat wave_phase=216 bank_target=-28 bank_turn=0
elapsed=30549 actor=rear event=wait-for-angle path=714B target_speed=60 acceleration=0 corridor=100,1360,-64 wave_mode=Combat wave_phase=220 bank_target=-28 bank_turn=0
elapsed=30549 actor=rear event=move path=714B target_speed=60 acceleration=0 corridor=100,1360,-64 wave_mode=Combat wave_phase=220 bank_target=-28 bank_turn=0
elapsed=30549 actor=rear event=vertical-step path=8942 target_speed=60 acceleration=0 corridor=100,1360,-64 wave_mode=Combat wave_phase=220 bank_target=-28 bank_turn=0
elapsed=30552 actor=rear event=wait-for-angle path=714B target_speed=60 acceleration=0 corridor=101,-2263,47 wave_mode=Combat wave_phase=224 bank_target=-28 bank_turn=0
elapsed=30552 actor=rear event=move path=70D7 target_speed=60 acceleration=0 corridor=101,-2263,47 wave_mode=Combat wave_phase=224 bank_target=-28 bank_turn=0
elapsed=30552 actor=rear event=vertical-step path=8942 target_speed=60 acceleration=0 corridor=101,-2263,47 wave_mode=Combat wave_phase=224 bank_target=-28 bank_turn=0
elapsed=30556 actor=rear event=move path=70D9 target_speed=60 acceleration=0 corridor=101,-2263,47 wave_mode=Combat wave_phase=228 bank_target=1 bank_turn=0
elapsed=30556 actor=rear event=vertical-step path=8942 target_speed=60 acceleration=0 corridor=101,-2263,47 wave_mode=Combat wave_phase=228 bank_target=1 bank_turn=0
elapsed=30560 actor=rear event=move path=70D9 target_speed=60 acceleration=0 corridor=101,-2263,47 wave_mode=Combat wave_phase=232 bank_target=2 bank_turn=0
elapsed=30560 actor=rear event=vertical-step path=8942 target_speed=60 acceleration=0 corridor=101,-2263,47 wave_mode=Combat wave_phase=232 bank_target=2 bank_turn=0
elapsed=30563 actor=rear event=move path=70D9 target_speed=60 acceleration=0 corridor=101,-2263,47 wave_mode=Combat wave_phase=236 bank_target=3 bank_turn=0
elapsed=30563 actor=rear event=vertical-step path=8942 target_speed=60 acceleration=0 corridor=101,-2263,47 wave_mode=Combat wave_phase=236 bank_target=3 bank_turn=0
elapsed=30566 actor=rear event=move path=70D9 target_speed=60 acceleration=0 corridor=101,-2263,47 wave_mode=Combat wave_phase=240 bank_target=4 bank_turn=0
elapsed=30567 actor=rear event=vertical-step path=8942 target_speed=60 acceleration=0 corridor=101,-2263,47 wave_mode=Combat wave_phase=240 bank_target=4 bank_turn=0
elapsed=30570 actor=rear event=move path=70D9 target_speed=60 acceleration=0 corridor=101,-2263,47 wave_mode=Combat wave_phase=244 bank_target=5 bank_turn=0
elapsed=30570 actor=rear event=vertical-step path=8942 target_speed=60 acceleration=0 corridor=101,-2263,47 wave_mode=Combat wave_phase=244 bank_target=5 bank_turn=0
elapsed=30573 actor=rear event=move path=70D9 target_speed=60 acceleration=0 corridor=101,-2263,47 wave_mode=Combat wave_phase=248 bank_target=6 bank_turn=0
elapsed=30574 actor=rear event=vertical-step path=8942 target_speed=60 acceleration=0 corridor=101,-2263,47 wave_mode=Combat wave_phase=248 bank_target=6 bank_turn=0
elapsed=30577 actor=rear event=move path=8694 target_speed=60 acceleration=0 corridor=101,-2263,47 wave_mode=Combat wave_phase=252 bank_target=6 bank_turn=0
elapsed=30577 actor=rear event=vertical-step path=8942 target_speed=60 acceleration=0 corridor=101,-2263,47 wave_mode=Combat wave_phase=252 bank_target=6 bank_turn=0
elapsed=30581 actor=rear event=move path=8694 target_speed=60 acceleration=0 corridor=101,-2263,47 wave_mode=Combat wave_phase=0 bank_target=6 bank_turn=0
elapsed=30582 actor=rear event=vertical-step path=8942 target_speed=60 acceleration=0 corridor=101,-2263,47 wave_mode=Combat wave_phase=0 bank_target=6 bank_turn=0
elapsed=30586 actor=rear event=move path=8694 target_speed=60 acceleration=0 corridor=101,-2263,47 wave_mode=Combat wave_phase=4 bank_target=6 bank_turn=0
elapsed=30586 actor=rear event=vertical-step path=8942 target_speed=60 acceleration=0 corridor=101,-2263,47 wave_mode=Combat wave_phase=4 bank_target=6 bank_turn=0
elapsed=30591 actor=rear event=vertical-step path=8942 target_speed=60 acceleration=0 corridor=101,-2263,47 wave_mode=Combat wave_phase=8 bank_target=6 bank_turn=0
