# Compact Mesen oracle evidence for the three-fighter interception.
# Raw source SHA-256: 956e2b0ee09c88df360edea7c81d0310a06de78bb9e6da16666d0835871d601f
# return_retail_frame=3328
# map_ready_retail_frame=3330
retail_frame=0 camera=-980,-4400,-1367,16,16,0 player=143,0,118,0,128,0,0 wingmate=150,0,126,0,0,0,0 fighters=-64,-3167,-8,0,74,0,10/2935,-1953,-1830,0,74,0,10/1720,-1953,3019,0,74,0,10 projectiles=-
retail_frame=4 camera=-1025,-4352,-1325,96,192,0 player=143,0,118,0,128,0,0 wingmate=150,0,126,0,0,0,0 fighters=-96,-3152,-12,0,74,0,10/2903,-1938,-1834,0,74,0,10/1688,-1953,3015,0,74,0,10 projectiles=-
retail_frame=8 camera=-1070,-4305,-1283,160,128,0 player=143,0,118,0,128,0,0 wingmate=0,0,0,0,0,0,0 fighters=-128,-3137,-16,0,74,0,10/2871,-1924,-1838,0,74,0,10/1656,-1924,3011,0,74,0,10 projectiles=-
retail_frame=12 camera=-1160,-4211,-1199,32,64,0 player=143,0,118,0,128,0,0 wingmate=0,0,0,0,0,0,0 fighters=-160,-3123,-20,0,74,0,10/2839,-1910,-1842,0,74,0,10/1624,-1910,3007,0,74,0,10 projectiles=-
retail_frame=16 camera=-1205,-4164,-1157,96,16,0 player=143,0,118,0,128,0,0 wingmate=0,0,0,0,0,0,0 fighters=-192,-3109,-24,0,74,0,10/2807,-1897,-1846,0,74,0,10/1592,-1897,3003,0,74,0,10 projectiles=-
retail_frame=20 camera=-1250,-4117,-1116,208,16,0 player=143,0,118,0,128,0,0 wingmate=0,0,0,0,0,0,0 fighters=-224,-3096,-28,0,74,0,10/2775,-1885,-1850,0,74,0,10/1560,-1885,2999,0,74,0,10 projectiles=-
retail_frame=24 camera=-1295,-4070,-1074,48,32,0 player=143,0,118,0,128,0,0 wingmate=0,0,0,0,0,0,0 fighters=-288,-3084,-36,0,74,0,10/2743,-1874,-1854,0,74,0,10/1528,-1874,2995,0,74,0,10 projectiles=-
retail_frame=28 camera=-1340,-4023,-1032,144,64,0 player=143,0,118,0,128,0,0 wingmate=0,0,0,0,0,0,0 fighters=-320,-3063,-40,0,74,0,10/2711,-1864,-1858,0,74,0,10/1496,-1864,2991,0,74,0,10 projectiles=-
retail_frame=32 camera=-1385,-3976,-990,48,128,0 player=143,0,118,0,128,0,0 wingmate=0,0,0,0,0,0,0 fighters=-352,-3055,-44,0,74,0,10/2647,-1856,-1866,0,74,0,10/1464,-1856,2987,0,74,0,10 projectiles=-
retail_frame=36 camera=-1430,-3923,-941,192,224,0 player=143,0,118,0,128,0,0 wingmate=0,0,0,0,0,0,0 fighters=-384,-3048,-48,0,74,0,10/2615,-1843,-1870,0,74,0,10/1400,-1849,2979,0,74,0,10 projectiles=-
retail_frame=40 camera=-1475,-3862,-884,224,224,0 player=143,0,118,0,128,0,0 wingmate=0,0,0,0,0,0,0 fighters=-416,-3042,-52,0,74,0,10/2583,-1839,-1874,0,74,0,10/1368,-1843,2975,0,74,0,10 projectiles=-
retail_frame=44 camera=-1520,-3795,-820,48,240,0 player=143,0,118,0,128,0,0 wingmate=0,0,0,0,0,0,0 fighters=-448,-3038,-56,0,74,0,10/2551,-1836,-1878,0,74,0,10/1336,-1836,2971,0,74,0,10 projectiles=-
retail_frame=48 camera=-1565,-3721,-748,240,160,0 player=143,0,118,0,128,0,0 wingmate=0,0,0,0,0,0,0 fighters=-480,-3035,-60,0,74,0,10/2519,-1835,-1882,0,74,0,10/1304,-1835,2967,0,74,0,10 projectiles=-
retail_frame=52 camera=-1655,-3553,-583,48,128,0 player=143,0,118,0,128,0,0 wingmate=0,0,0,0,0,0,0 fighters=-512,-3034,-64,0,74,0,10/2487,-1835,-1886,0,74,0,10/1272,-1835,2963,0,74,0,10 projectiles=-
retail_frame=56 camera=-1700,-3459,-489,48,0,0 player=143,0,118,0,128,0,0 wingmate=0,0,0,0,0,0,0 fighters=-544,-3034,-68,0,74,0,10/2455,-1836,-1890,0,74,0,10/1240,-1836,2959,0,74,0,10 projectiles=-
retail_frame=60 camera=-1745,-3359,-388,176,64,0 player=143,0,118,0,128,0,0 wingmate=0,0,0,0,0,0,0 fighters=-576,-3035,-72,0,74,0,10/2423,-1839,-1894,0,74,0,10/1208,-1839,2955,0,74,0,10 projectiles=-
retail_frame=64 camera=-1790,-3251,-280,112,0,0 player=143,0,118,0,128,0,0 wingmate=0,0,0,0,0,0,0 fighters=-640,-3042,-80,0,74,0,10/2359,-1849,-1902,0,74,0,10/1176,-1843,2951,0,74,0,10 projectiles=-
retail_frame=68 camera=-1835,-3137,-164,16,80,0 player=143,0,118,0,128,0,0 wingmate=0,0,0,0,0,0,0 fighters=-672,-3048,-84,0,74,0,10/2327,-1856,-1906,0,74,0,10/1112,-1856,2943,0,74,0,10 projectiles=-
retail_frame=72 camera=-1925,-2889,90,224,64,0 player=143,0,118,0,128,0,0 wingmate=0,0,0,0,0,0,0 fighters=-704,-3055,-88,0,74,0,10/2295,-1864,-1910,0,74,0,10/1080,-1864,2939,0,74,0,10 projectiles=-
retail_frame=76 camera=-1970,-2754,228,208,64,0 player=143,0,118,0,128,0,0 wingmate=0,0,0,0,0,0,0 fighters=-768,-3073,-96,0,74,0,10/2263,-1874,-1914,0,74,0,10/1048,-1874,2935,0,74,0,10 projectiles=-
retail_frame=80 camera=-2015,-2613,374,128,144,0 player=143,0,118,0,128,0,0 wingmate=0,0,0,0,0,0,0 fighters=-800,-3084,-100,0,74,0,10/2199,-1897,-1922,0,74,0,10/984,-1885,2927,0,74,0,10 projectiles=-
retail_frame=84 camera=-2060,-2466,527,80,64,0 player=143,0,118,0,128,0,0 wingmate=0,0,0,0,0,0,0 fighters=-832,-3096,-104,0,74,0,10/2167,-1910,-1926,0,74,0,10/952,-1910,2923,0,74,0,10 projectiles=-
retail_frame=88 camera=-2150,-2150,855,16,96,0 player=143,0,118,0,128,0,0 wingmate=0,0,0,0,0,0,0 fighters=-864,-3109,-108,0,74,0,10/2135,-1924,-1930,0,74,0,10/920,-1924,2919,0,74,0,10 projectiles=-
retail_frame=92 camera=-2195,-1982,1031,0,48,0 player=143,0,118,0,128,0,0 wingmate=0,0,0,0,0,0,0 fighters=-928,-3137,-116,0,74,0,10/2071,-1938,-1938,0,74,0,10/888,-1938,2915,0,74,0,10 projectiles=-
retail_frame=96 camera=-2240,-1807,1213,192,128,0 player=143,0,118,0,128,0,0 wingmate=0,0,0,0,0,0,0 fighters=-960,-3152,-120,0,74,0,10/2039,-1968,-1942,0,74,0,10/824,-1968,2907,0,74,0,10 projectiles=-
retail_frame=100 camera=-2330,-1438,1601,208,48,0 player=143,0,118,0,128,0,0 wingmate=0,0,0,0,0,0,0 fighters=-992,-3167,-124,0,74,0,10/2007,-1983,-1946,0,74,0,10/792,-1983,2903,0,74,0,10 projectiles=-
retail_frame=104 camera=-2375,-1243,1806,48,176,0 player=143,0,118,0,128,0,0 wingmate=0,0,0,0,0,0,0 fighters=-1056,-3197,-132,0,74,0,10/1943,-1998,-1954,0,74,0,10/760,-1998,2899,0,74,0,10 projectiles=-
retail_frame=108 camera=-2420,-1042,2018,160,208,0 player=143,0,118,0,128,0,0 wingmate=0,0,0,0,0,0,0 fighters=-1088,-3212,-136,0,74,0,10/1911,-2028,-1958,0,74,0,10/696,-2028,2891,0,74,0,10 projectiles=-
retail_frame=112 camera=-2510,-619,2465,64,0,0 player=143,0,118,0,128,0,0 wingmate=0,0,0,0,0,0,0 fighters=-1120,-3227,-140,0,74,0,10/1879,-2043,-1962,0,74,0,10/664,-2043,2887,0,74,0,10 projectiles=-
retail_frame=116 camera=-2555,-397,2699,112,192,0 player=143,0,118,0,128,0,0 wingmate=0,0,0,0,0,0,0 fighters=-1184,-3256,-148,0,74,0,10/1815,-2071,-1970,0,74,0,10/632,-2057,2883,0,74,0,10 projectiles=-
retail_frame=120 camera=-2600,-169,2941,160,128,0 player=143,0,118,0,128,0,0 wingmate=0,0,0,0,0,0,0 fighters=-1216,-3270,-152,0,74,0,10/1783,-2084,-1974,0,74,0,10/568,-2084,2875,0,74,0,10 projectiles=-
retail_frame=124 camera=-2690,308,3447,16,224,0 player=143,0,118,0,128,0,0 wingmate=0,0,0,0,0,0,0 fighters=-1280,-3283,-160,0,74,0,10/1751,-2096,-1978,0,74,0,10/536,-2096,2871,0,74,0,10 projectiles=-
retail_frame=128 camera=-2735,556,3711,48,80,0 player=143,0,118,0,128,0,0 wingmate=0,0,0,0,0,0,0 fighters=-1312,-3306,-164,0,74,0,10/1687,-2117,-1986,0,74,0,10/504,-2107,2867,0,74,0,10 projectiles=-
retail_frame=132 camera=-2825,1073,4262,128,208,0 player=143,0,118,0,128,0,0 wingmate=0,0,0,0,0,0,0 fighters=-1344,-3316,-168,0,74,0,10/1655,-2125,-1990,0,74,0,10/440,-2125,2859,0,74,0,10 projectiles=-
retail_frame=136 camera=-2870,1342,4548,160,176,0 player=143,0,118,0,128,0,0 wingmate=0,0,0,0,0,0,0 fighters=-1408,-3324,-176,0,74,0,10/1623,-2132,-1994,0,74,0,10/408,-2132,2855,0,74,0,10 projectiles=-
retail_frame=140 camera=-2915,1617,4842,87,42,0 player=0,0,0,0,0,0,0 wingmate=0,0,0,0,0,0,0 fighters=-1440,-3337,-180,0,74,0,10/1591,-2138,-1998,0,74,0,10/376,-2138,2851,0,74,0,10 projectiles=-
retail_frame=144 camera=-2960,1862,5101,60,75,0 player=-2912,1842,5083,0,86,40,0 wingmate=0,0,0,0,0,0,0 fighters=-1472,-3341,-184,0,74,0,10/1527,-2145,-2006,0,74,0,10/312,-2142,2843,0,74,0,10 projectiles=-
retail_frame=148 camera=-3005,2073,5325,203,40,0 player=-2983,2053,5286,0,92,40,0 wingmate=0,0,0,0,0,0,0 fighters=-1504,-3344,-188,0,74,0,10/1495,-2146,-2010,0,74,0,10/280,-2146,2839,0,74,0,10 projectiles=-
retail_frame=152 camera=-3050,2256,5516,160,210,0 player=-3049,2236,5454,0,98,40,0 wingmate=0,0,0,0,0,0,0 fighters=-1536,-3345,-192,0,74,0,10/1463,-2146,-2014,0,74,0,10/248,-2146,2835,0,74,0,10 projectiles=-
retail_frame=156 camera=-3140,2549,5820,254,183,0 player=-3165,2529,5708,0,104,40,0 wingmate=0,0,0,0,0,0,0 fighters=-1568,-3345,-196,0,74,0,10/1431,-2145,-2018,0,74,0,10/216,-2145,2831,0,74,0,10 projectiles=-
retail_frame=160 camera=-3185,2665,5938,32,4,0 player=-3216,2645,5801,0,116,40,0 wingmate=0,0,0,0,0,0,0 fighters=-1600,-3344,-200,0,74,0,10/1399,-2142,-2022,0,74,0,10/184,-2142,2827,0,74,0,10 projectiles=-
retail_frame=164 camera=-3230,2765,6038,177,62,0 player=-3263,2745,5877,0,122,40,0 wingmate=0,0,0,0,0,0,0 fighters=-1664,-3341,-208,0,74,0,10/1367,-2138,-2026,0,74,0,10/152,-2138,2823,0,74,0,10 projectiles=-
retail_frame=168 camera=-3275,2849,6121,152,107,0 player=-3304,2829,5943,0,128,74,0 wingmate=0,0,0,0,0,0,0 fighters=-1696,-3331,-212,0,74,0,10/1303,-2125,-2034,0,74,0,10/88,-2132,2815,0,74,0,10 projectiles=-
retail_frame=172 camera=-3320,2921,6191,193,141,0 player=-3346,2901,6002,0,128,104,0 wingmate=0,0,0,0,0,0,0 fighters=-1804,-3265,-236,0,74,1,30/1199,-2117,-2054,0,74,0,29/88,-2125,2815,0,74,0,10 projectiles=-
retail_frame=176 camera=-3410,3032,6293,158,187,0 player=-3431,3012,6096,0,128,155,0 wingmate=0,0,0,0,0,0,0 fighters=-1992,-3202,-276,0,74,2,50/1099,-2107,-2074,0,74,0,28/-116,-2107,2775,0,74,0,28 projectiles=-
retail_frame=180 camera=-3455,3074,6329,62,202,0 player=-3474,3054,6132,0,128,176,0 wingmate=0,0,0,0,0,0,0 fighters=-2216,-3142,-328,0,74,3,60/1003,-2096,-2094,0,74,0,27/-212,-2096,2755,0,74,0,27 projectiles=-
retail_frame=184 camera=-3500,3108,6357,245,214,0 player=-3517,3088,6161,0,128,195,0 wingmate=0,0,0,0,0,0,0 fighters=-2660,-3033,-444,0,76,5,60/819,-2084,-2130,0,74,0,25/-304,-2084,2735,0,74,0,26 projectiles=-
retail_frame=188 camera=-3545,3135,6377,189,223,0 player=-3560,3115,6185,0,128,212,0 wingmate=0,0,0,0,0,0,0 fighters=-2835,-2913,-467,0,77,6,60/731,-2057,-2146,0,74,0,24/-484,-2057,2703,0,74,0,24 projectiles=-
retail_frame=192 camera=-3635,3175,6401,112,235,0 player=-3648,3155,6225,0,128,241,0 wingmate=0,0,0,0,0,0,0 fighters=-3006,-2804,-494,0,78,7,60/647,-2043,-2162,0,74,0,23/-568,-2043,2687,0,74,0,23 projectiles=-
retail_frame=196 camera=-3680,3188,6405,86,239,0 player=-3691,3168,6242,0,128,254,0 wingmate=0,0,0,0,0,0,0 fighters=-3173,-2707,-533,0,80,8,60/567,-2028,-2178,0,74,0,22/-648,-2028,2671,0,74,0,22 projectiles=-
retail_frame=200 camera=-3725,3197,6404,67,242,0 player=-3735,3177,6255,0,128,10,0 wingmate=0,0,0,0,0,0,0 fighters=-3336,-2621,-584,0,82,9,60/491,-2013,-2190,0,74,0,21/-724,-2013,2659,0,74,0,21 projectiles=-
retail_frame=204 camera=-3728,3196,6402,0,0,0 player=-3735,3177,6255,251,125,5,0 wingmate=-5143,2153,-2833,251,121,1,0 fighters=-3495,-2544,-643,0,84,10,60/419,-1998,-2202,0,74,0,20/-796,-1998,2647,0,74,0,20 projectiles=-
retail_frame=208 camera=-3724,3176,6385,0,0,0 player=-3735,3177,6255,0,122,0,1 wingmate=-5911,3177,-2833,0,118,2,1 fighters=-3646,-2475,-714,0,86,11,60/351,-1983,-2214,0,74,0,19/-864,-1983,2635,0,74,0,19 projectiles=-
retail_frame=212 camera=-3721,3170,6356,0,0,0 player=-3737,3172,6242,0,118,252,4 wingmate=-6809,3172,-2462,0,114,3,4 fighters=-3925,-2383,-932,0,89,12,60/287,-1968,-2226,0,74,0,18/-928,-1968,2623,0,74,0,18 projectiles=-
retail_frame=216 camera=-3726,3158,6316,0,0,0 player=-3744,3161,6218,0,115,249,7 wingmate=-7456,3161,-2358,0,111,4,7 fighters=-4192,-2302,-1162,0,92,13,60/227,-1953,-2234,0,74,0,17/-988,-1953,2615,0,74,0,17 projectiles=-
retail_frame=220 camera=-3738,3139,6267,0,0,0 player=-3757,3142,6185,0,111,246,9 wingmate=-8237,3142,-1879,0,107,5,9 fighters=-4447,-2232,-1404,0,95,13,60/227,-1953,-2234,0,74,0,17/-988,-1953,2615,0,74,0,17 projectiles=-
retail_frame=224 camera=-3759,3112,6214,0,0,0 player=-3777,3116,6148,0,107,245,11 wingmate=-9153,3116,-1404,0,103,6,11 fighters=-4599,-2172,-1576,0,98,13,60/171,-1938,-2242,0,74,0,16/-1044,-1938,2607,0,74,0,16 projectiles=-
retail_frame=228 camera=-3787,3077,6158,0,0,0 player=-3803,3082,6109,0,103,244,13 wingmate=-3795,3064,6136,0,244,6,13 fighters=-4690,-2173,-1662,0,98,13,60/119,-1924,-2250,0,74,0,15/-1096,-1924,2599,0,74,0,15 projectiles=-
retail_frame=232 camera=-3787,3077,6158,0,0,0 player=-3803,3082,6109,0,103,244,13 wingmate=-9819,3082,-931,0,99,6,13 fighters=-4749,-2179,-1868,0,101,13,60/71,-1910,-2258,0,74,0,14/-1144,-1910,2591,0,74,0,14 projectiles=-
retail_frame=236 camera=-3790,3074,6152,0,0,0 player=-3833,3039,6065,0,103,246,15 wingmate=-9209,3039,-1487,0,103,5,15 fighters=-4792,-2186,-2086,0,104,13,60/27,-1897,-2266,0,74,0,13/-1188,-1897,2583,0,74,0,13 projectiles=-
retail_frame=240 camera=-3828,3023,6089,128,0,0 player=-3865,2991,6019,0,103,247,16 wingmate=-9241,2991,-1533,0,103,4,16 fighters=-4823,-2196,-2312,0,107,13,60/-13,-1897,-2270,0,74,0,12/-1188,-1897,2583,0,74,0,13 projectiles=-
retail_frame=244 camera=-3863,2964,6038,128,0,0 player=-3898,2936,5972,0,103,247,17 wingmate=-9274,2936,-1580,0,103,3,17 fighters=-4919,-2196,-2520,0,110,13,60/-13,-1885,-2270,0,74,0,12/-1228,-1885,2579,0,74,0,12 projectiles=-
retail_frame=248 camera=-3900,2902,5985,0,0,0 player=-3933,2876,5923,254,103,248,18 wingmate=-3933,2857,5923,254,103,2,18 fighters=-4838,-2207,-2546,0,110,13,60/-53,-1874,-2274,0,74,0,12/-1268,-1874,2575,0,74,0,12 projectiles=-
retail_frame=252 camera=-3900,2902,5985,0,0,0 player=-3933,2876,5923,252,103,248,19 wingmate=-9181,2492,-1501,224,103,248,19 fighters=-4837,-2221,-2788,0,113,13,60/-169,-1230,-2298,0,74,255,32/-1372,-1864,2555,0,74,0,29 projectiles=-
retail_frame=256 camera=-3937,2835,5931,0,0,0 player=-3968,2811,5872,252,103,248,19 wingmate=-9216,1915,-1552,252,103,1,19 fighters=-4816,-2237,-3034,0,116,13,60/-361,-671,-2342,0,74,254,52/-1472,-1856,2535,0,74,0,28 projectiles=-
retail_frame=260 camera=-3975,2763,5877,0,0,0 player=-4004,2742,5820,249,103,249,20 wingmate=-9252,1206,-1604,249,103,0,20 fighters=-4779,-2256,-3284,0,119,13,60/-585,-187,-2394,0,74,253,60/-1568,-1849,2515,0,74,0,27 projectiles=-
retail_frame=264 camera=-4013,2687,5822,0,0,0 player=-4041,2668,5767,247,103,249,21 wingmate=-9289,748,-1529,247,103,0,21 fighters=-4726,-2277,-3538,0,122,13,60/-809,232,-2438,0,73,252,60/-1568,-1849,2515,0,74,0,27 projectiles=-
retail_frame=268 camera=-4050,2606,5768,0,0,0 player=-4078,2589,5715,244,103,249,22 wingmate=-9070,-99,-1453,244,103,0,22 fighters=-4726,-2277,-3538,0,122,13,60/-809,232,-2438,0,73,252,60/-1660,-1843,2495,0,74,0,26 projectiles=-
retail_frame=272 camera=-4050,2606,5768,0,0,0 player=-4078,2589,5715,244,103,249,22 wingmate=-9070,-99,-1453,244,103,249,22 fighters=-4657,-2300,-3796,0,125,13,60/-1037,593,-2478,0,72,251,60/-1832,-1222,2459,0,74,255,46 projectiles=-
retail_frame=276 camera=-4089,2521,5712,0,0,0 player=-4116,2507,5661,242,103,249,23 wingmate=-9108,-565,-1379,242,103,0,23 fighters=-4576,-2326,-4054,0,128,13,60/-1265,904,-2510,0,71,250,60/-2056,-684,2407,0,74,254,60 projectiles=-
retail_frame=280 camera=-4129,2434,5656,0,0,0 player=-4155,2422,5607,239,103,249,24 wingmate=-9019,-1290,-1177,239,103,0,24 fighters=-4483,-2354,-4312,0,131,13,60/-1493,1171,-2538,0,70,249,60/-2280,-219,2355,0,74,253,60 projectiles=-
retail_frame=284 camera=-4166,2343,5599,0,0,0 player=-4190,2333,5550,237,105,253,25 wingmate=-7902,-1891,-1874,237,109,255,25 fighters=-4374,-2383,-4566,0,134,13,60/-1725,1399,-2554,0,68,248,60/-2280,-219,2355,0,74,253,60 projectiles=-
retail_frame=288 camera=-4201,2251,5540,0,0,0 player=-4225,2242,5492,234,105,253,26 wingmate=-8321,-2622,-1164,234,105,0,26 fighters=-4374,-2383,-4566,0,134,13,60/-1725,1399,-2554,0,68,248,60/-2504,183,2311,0,73,252,60 projectiles=-
retail_frame=292 camera=-4201,2251,5540,0,0,0 player=-4225,2242,5492,234,105,253,26 wingmate=-8321,-2622,-1164,234,105,253,26 fighters=-4249,-2414,-4816,0,137,13,60/-1957,1593,-2558,0,66,247,60/-2732,529,2271,0,72,251,60 projectiles=-
retail_frame=296 camera=-4240,2187,5469,0,0,0 player=-4261,2179,5422,234,108,0,25 wingmate=-7205,-2685,-1874,234,108,0,25 fighters=-4108,-2446,-5062,0,140,13,60/-2189,1758,-2558,0,64,246,60/-2960,827,2239,0,71,250,60 projectiles=-
retail_frame=300 camera=-4274,2143,5394,128,0,0 player=-4291,2137,5348,233,111,2,25 wingmate=-6595,-2855,-2076,233,115,254,25 fighters=-3947,-2480,-5304,0,143,13,60/-2421,1897,-2554,0,62,245,60/-3188,1082,2211,0,70,249,60 projectiles=-
retail_frame=304 camera=-4305,2118,5318,128,0,0 player=-4322,2113,5275,233,111,1,26 wingmate=-7394,-2879,-1893,233,111,255,26 fighters=-3770,-2515,-5538,0,146,13,60/-2653,2013,-2530,0,59,244,60/-3420,1300,2195,0,68,248,60 projectiles=-
retail_frame=308 camera=-4335,2108,5245,0,0,0 player=-4351,2104,5204,233,111,0,27 wingmate=-7423,-2888,-1964,233,111,0,27 fighters=-3658,-2515,-5738,0,149,13,60/-2653,2013,-2530,0,59,244,60/-3420,1300,2195,0,68,248,60 projectiles=-
retail_frame=312 camera=-4335,2108,5245,0,0,0 player=-4375,2104,5138,233,113,3,26 wingmate=-7423,-2888,-1964,0,113,3,26 fighters=-3577,-2550,-5764,0,149,13,60/-2881,2111,-2490,0,56,243,60/-3652,1487,2191,0,66,247,60 projectiles=-
retail_frame=316 camera=-4361,2107,5178,0,0,0 player=-4375,2104,5138,233,113,3,26 wingmate=-6295,-2888,-2414,233,117,255,26 fighters=-3372,-2585,-5982,0,152,13,60/-3105,2191,-2434,0,53,242,60/-3884,1645,2191,0,64,246,60 projectiles=-
retail_frame=320 camera=-4379,2114,5115,128,0,0 player=-4390,2112,5076,234,117,6,26 wingmate=-5670,-2752,-2732,234,121,254,26 fighters=-3198,-2687,-6177,0,155,13,60/-3321,2257,-2362,0,50,242,60/-4116,1779,2195,0,62,245,60 projectiles=-
retail_frame=324 camera=-4391,2127,5056,128,0,0 player=-4399,2125,5019,237,120,8,25 wingmate=-5167,-2099,-3173,237,124,253,25 fighters=-3012,-2780,-6364,0,158,13,60/-3533,2311,-2274,0,47,242,60/-4348,1779,2211,0,60,245,60 projectiles=-
retail_frame=328 camera=-4397,2142,5003,128,0,0 player=-4402,2142,4967,239,124,11,25 wingmate=-4402,-1570,-3481,239,128,252,25 fighters=-2814,-2865,-6535,0,161,13,60/-3533,2311,-2274,0,47,242,60/-4348,1893,2211,0,60,245,60 projectiles=-
retail_frame=332 camera=-4399,2162,4952,128,0,0 player=-4404,2163,4919,242,124,10,26 wingmate=-4404,2141,4923,9,14,253,26 fighters=-2814,-2865,-6535,0,161,13,60/-3737,2354,-2170,0,44,242,60/-4576,1988,2239,0,58,245,60 projectiles=-
retail_frame=336 camera=-4399,2162,4952,128,0,0 player=-4404,2163,4919,242,124,10,26 wingmate=-5172,-909,-3657,242,124,10,26 fighters=-2604,-2944,-6694,0,164,13,60/-3933,2389,-2050,0,41,242,60/-4804,2069,2279,0,56,245,60 projectiles=-
retail_frame=340 camera=-4401,2185,4906,128,0,0 player=-4404,2186,4875,244,126,13,26 wingmate=-4020,-502,-3829,244,130,252,26 fighters=-2382,-3016,-6841,0,167,13,60/-4117,2416,-1914,0,38,242,60/-5028,2136,2331,0,54,245,60 projectiles=-
retail_frame=344 camera=-4403,2207,4865,128,0,0 player=-4404,2210,4836,247,129,16,25 wingmate=-3380,290,-4124,247,133,251,25 fighters=-2152,-3082,-6972,0,170,13,60/-4293,2438,-1766,0,35,242,60/-5248,2136,2391,0,52,245,60 projectiles=-
retail_frame=348 camera=-4403,2231,4828,128,0,0 player=-4402,2234,4801,249,133,18,25 wingmate=-2482,698,-4159,249,137,250,25 fighters=-1948,-3082,-7072,0,173,13,60/-4293,2438,-1766,0,35,242,60/-5248,2193,2391,0,52,245,60 projectiles=-
retail_frame=352 camera=-4403,2231,4828,128,0,0 player=-4402,2234,4801,249,133,18,25 wingmate=-2482,698,-4159,249,133,18,25 fighters=-1914,-3142,-7087,0,173,13,60/-4453,2455,-1606,0,32,242,60/-5464,2241,2463,0,50,245,60 projectiles=-
retail_frame=356 camera=-4398,2256,4793,128,0,0 player=-4396,2259,4769,252,137,20,24 wingmate=-1580,1363,-3935,252,137,20,24 fighters=-1728,-2702,-7232,0,176,13,60/-4601,2468,-1430,0,29,242,60/-5676,2281,2547,0,48,245,60 projectiles=-
retail_frame=360 camera=-4392,2280,4765,128,0,0 player=-4388,2284,4742,254,141,21,24 wingmate=-676,1900,-3706,254,145,250,24 fighters=-1534,-2319,-7361,0,179,13,60/-4737,2479,-1246,0,26,242,60/-5884,2315,2643,0,46,245,60 projectiles=-
retail_frame=364 camera=-4384,2303,4739,128,0,0 player=-4379,2307,4718,1,145,23,23 wingmate=101,2435,-3218,1,149,250,23 fighters=-1336,-1985,-7474,0,182,13,60/-4873,2489,-1062,0,26,243,60/-6088,2345,2747,0,44,245,60 projectiles=-
retail_frame=368 camera=-4373,2324,4715,128,0,0 player=-4367,2329,4695,1,149,24,23 wingmate=881,2457,-2729,1,153,250,23 fighters=-1108,-1985,-7506,0,185,13,60/-4873,2489,-1062,0,26,243,60/-6088,2345,2747,0,44,245,60 projectiles=-
retail_frame=372 camera=-4373,2324,4715,128,0,0 player=-4367,2329,4695,1,149,24,23 wingmate=881,2457,-2729,1,149,24,23 fighters=-1134,-1692,-7567,0,185,13,60/-5009,2497,-878,0,26,244,60/-6284,2371,2863,0,42,245,60 projectiles=-
retail_frame=376 camera=-4360,2344,4692,128,0,0 player=-4353,2350,4675,1,153,26,22 wingmate=1535,2478,-2237,1,157,250,22 fighters=-928,-1436,-7644,0,188,13,60/-5145,2505,-694,0,26,245,60/-6476,2395,2987,0,40,245,60 projectiles=-
retail_frame=380 camera=-4346,2364,4673,128,0,0 player=-4338,2370,4657,1,157,27,22 wingmate=2190,2498,-1615,1,161,250,22 fighters=-722,-1211,-7705,0,191,13,60/-5281,2514,-510,0,26,246,60/-6660,2418,3123,0,38,245,60 projectiles=-
retail_frame=384 camera=-4330,2382,4657,128,0,0 player=-4321,2389,4643,1,162,28,21 wingmate=3103,2517,-733,1,166,250,21 fighters=-516,-1013,-7762,0,194,13,60/-5417,2524,-326,0,26,247,60/-6836,2440,3267,0,36,245,60 projectiles=-
retail_frame=388 camera=-4314,2400,4644,128,0,0 player=-4304,2408,4631,1,166,29,21 wingmate=3504,2536,-105,1,170,250,21 fighters=-310,-838,-7799,0,197,13,60/-5553,2524,-142,0,26,248,60/-6836,2440,3267,0,36,245,60 projectiles=-
retail_frame=392 camera=-4297,2416,4631,128,0,0 player=-4287,2425,4621,1,170,29,20 wingmate=4033,2553,781,1,174,250,20 fighters=-82,-894,-7759,0,200,13,60/-5553,2534,-142,0,26,248,60/-7008,2461,3419,0,34,245,60 projectiles=-
retail_frame=396 camera=-4269,2424,4614,128,0,0 player=-4269,2442,4614,1,175,30,20 wingmate=-4269,2424,4614,255,40,250,20 fighters=-108,-683,-7820,0,200,13,60/-5689,2546,42,0,26,249,60/-7168,2482,3579,0,32,245,60 projectiles=-
retail_frame=400 camera=-4279,2432,4622,128,0,0 player=-4269,2442,4614,1,175,30,20 wingmate=4435,2570,1798,1,175,30,20 fighters=90,-544,-7825,0,203,13,60/-5825,2559,226,0,26,250,60/-7320,2503,3751,0,30,245,60 projectiles=-
retail_frame=404 camera=-4262,2445,4616,128,0,0 player=-4252,2457,4610,1,179,30,19 wingmate=4708,2585,2690,1,183,250,19 fighters=280,-419,-7814,0,206,13,60/-5961,2575,410,0,26,251,60/-7464,2526,3927,0,28,245,60 projectiles=-
retail_frame=408 camera=-4246,2458,4612,128,0,0 player=-4236,2471,4607,1,182,31,19 wingmate=4852,2599,3327,1,186,250,19 fighters=466,-306,-7787,0,209,13,60/-6097,2593,594,0,26,252,60/-7600,2526,4111,0,26,245,60 projectiles=-
retail_frame=412 camera=-4229,2471,4609,128,0,0 player=-4220,2485,4605,1,184,31,18 wingmate=4868,2613,3837,1,188,250,18 fighters=644,-203,-7744,0,212,13,60/-6097,2593,594,0,26,252,60/-7600,2550,4111,0,26,245,60 projectiles=-
retail_frame=416 camera=-4229,2471,4609,128,0,0 player=-4205,2498,4604,1,186,30,18 wingmate=-4205,2478,4604,28,186,30,18 fighters=644,-203,-7744,0,212,13,60/-6233,2613,778,0,26,253,60/-7724,2575,4303,0,24,245,60 projectiles=-
retail_frame=420 camera=-4214,2482,4607,128,0,0 player=-4205,2498,4604,1,186,26,19 wingmate=4883,2626,4220,28,186,26,3 fighters=814,-109,-7685,0,215,13,60/-6369,2636,962,0,26,254,60/-7840,2602,4499,0,22,245,60 projectiles=-
retail_frame=424 camera=-4199,2493,4606,128,0,0 player=-4191,2510,4603,1,186,26,19 wingmate=4897,2638,3323,1,186,251,19 fighters=972,-21,-7610,0,218,13,60/-6505,2660,1146,0,26,255,60/-7944,2630,4703,0,20,245,60 projectiles=-
retail_frame=428 camera=-4185,2503,4605,128,0,0 player=-4178,2522,4603,1,188,26,19 wingmate=5038,2650,4603,1,192,250,19 fighters=1122,60,-7523,0,221,13,60/-6641,2686,1330,0,26,0,60/-8040,2660,4911,0,18,245,60 projectiles=-
retail_frame=432 camera=-4171,2512,4604,128,0,0 player=-4165,2533,4603,1,190,27,18 wingmate=4923,2661,4987,1,194,250,18 fighters=1256,136,-7424,0,224,13,60/-6777,2686,1514,0,26,0,60/-8040,2660,4911,0,18,245,60 projectiles=-
retail_frame=436 camera=-4157,2522,4604,128,0,0 player=-4152,2544,4603,1,192,27,18 wingmate=-4152,2522,4603,1,196,250,18 fighters=1256,136,-7424,0,224,13,60/-6777,2714,1514,0,26,0,60/-8124,2692,5123,0,16,245,60 projectiles=-
retail_frame=440 camera=-4157,2522,4604,128,0,0 player=-4152,2544,4603,1,192,27,18 wingmate=4936,2672,5371,1,192,27,18 fighters=1378,208,-7309,0,227,13,60/-6913,2744,1698,0,26,0,60/-8196,2725,5339,0,14,245,60 projectiles=-
retail_frame=444 camera=-4134,2540,4603,128,0,0 player=-4130,2563,4603,1,194,27,19 wingmate=4958,2691,5883,1,194,27,19 fighters=1488,276,-7186,0,230,13,60/-7049,2776,1882,0,26,0,60/-8256,2759,5559,0,12,245,60 projectiles=-
retail_frame=448 camera=-4112,2558,4603,128,0,0 player=-4109,2581,4603,1,190,19,19 wingmate=4979,2709,3323,1,186,251,19 fighters=1582,341,-7051,0,233,13,60/-7185,2809,2066,0,26,0,60/-8308,2794,5783,0,10,245,60 projectiles=-
retail_frame=452 camera=-4091,2575,4602,128,0,0 player=-4089,2598,4602,1,186,13,18 wingmate=4871,2726,2426,1,182,252,18 fighters=1660,403,-6908,0,236,13,60/-7321,2843,2250,0,26,0,60/-8348,2830,6011,0,8,245,60 projectiles=-
retail_frame=456 camera=-4062,2598,4596,128,0,0 player=-4061,2622,4596,1,181,8,19 wingmate=4515,2750,1396,1,177,253,19 fighters=1722,463,-6757,0,239,13,60/-7321,2843,2250,0,26,0,60/-8348,2830,6011,0,8,245,60 projectiles=-
retail_frame=460 camera=-4026,2630,4583,128,0,0 player=-4026,2654,4583,1,177,3,20 wingmate=-4026,2630,4583,255,48,254,20 fighters=1722,463,-6757,0,239,13,60/-7457,2878,2434,0,26,0,60/-8376,2867,6239,0,6,245,60 projectiles=-
retail_frame=464 camera=-4026,2630,4583,128,0,0 player=-4026,2654,4583,1,177,3,20 wingmate=4166,2782,487,1,177,3,20 fighters=1768,520,-6602,0,242,13,60/-7593,2914,2618,0,26,0,60/-8392,2904,6471,0,4,245,60 projectiles=-
retail_frame=468 camera=-3986,2668,4564,128,0,0 player=-3986,2692,4564,1,173,0,21 wingmate=3822,2820,-300,1,173,0,21 fighters=1798,576,-6439,0,245,13,60/-7729,2950,2802,0,26,0,60/-8396,2941,6703,0,2,245,60 projectiles=-
retail_frame=472 camera=-3940,2711,4542,128,0,0 player=-3940,2735,4542,1,173,255,22 wingmate=4252,2863,446,1,173,255,22 fighters=1812,629,-6272,0,248,13,60/-7766,2498,3079,0,26,0,60/-8396,2979,6935,0,0,245,60 projectiles=-
retail_frame=476 camera=-3888,2760,4517,128,0,0 player=-3888,2784,4517,1,173,255,23 wingmate=4304,2912,421,1,173,255,23 fighters=1826,681,-6105,0,248,12,60/-7803,2106,3356,0,26,0,60/-8519,2433,7233,0,254,245,60 projectiles=-
retail_frame=480 camera=-3821,2798,4489,0,0,0 player=-3821,2821,4489,1,175,2,24 wingmate=4883,2949,1673,1,179,2,24 fighters=1840,730,-5938,0,248,11,60/-7840,1767,3633,0,26,0,60/-8519,2433,7233,0,254,245,60 projectiles=-
retail_frame=484 camera=-3742,2823,4465,0,0,0 player=-3742,2846,4465,0,179,6,25 wingmate=5346,2846,2545,0,183,6,25 fighters=1880,730,-5710,0,248,10,60/-7840,1767,3633,0,26,0,60/-8630,1959,7531,0,252,245,60 projectiles=-
retail_frame=488 camera=-3742,2823,4465,0,0,0 player=-3742,2846,4465,254,179,6,26 wingmate=5346,2846,2545,0,179,6,25 fighters=1854,777,-5771,0,248,10,60/-7877,1475,3910,0,26,0,60/-8729,1548,7825,0,250,245,60 projectiles=-
retail_frame=492 camera=-3653,2834,4445,128,0,0 player=-3653,2857,4445,254,182,9,26 wingmate=5435,2473,3165,254,182,9,26 fighters=1787,887,-5590,0,248,9,60/-7914,1222,4187,0,26,0,60/-8816,1191,8119,0,248,245,60 projectiles=-
retail_frame=496 camera=-3557,2834,4434,128,0,0 player=-3557,2856,4434,253,186,12,27 wingmate=5531,2216,4050,253,190,12,27 fighters=1720,986,-5409,0,248,8,60/-7951,1004,4464,0,26,0,60/-8891,882,8409,0,246,245,60 projectiles=-
retail_frame=500 camera=-3458,2821,4432,128,0,0 player=-3457,2843,4432,251,190,15,28 wingmate=5631,1819,4816,251,194,15,28 fighters=1653,1076,-5228,0,248,7,60/-7988,815,4741,0,26,0,60/-8958,614,8695,0,244,245,60 projectiles=-
retail_frame=504 camera=-3358,2798,4435,128,0,0 player=-3356,2819,4434,248,194,17,29 wingmate=5604,1027,5714,248,198,17,29 fighters=1586,1157,-5047,0,248,6,60/-8124,875,4925,0,26,0,60/-8958,614,8695,0,244,245,60 projectiles=-
retail_frame=508 camera=-3358,2798,4435,128,0,0 player=-3254,2783,4447,246,198,19,30 wingmate=5604,1027,5714,242,198,19,30 fighters=1586,1157,-5047,0,248,6,60/-8025,651,5018,0,26,0,60/-9013,381,8977,0,242,245,60 projectiles=-
retail_frame=512 camera=-3257,2764,4448,128,0,0 player=-3254,2783,4447,246,198,19,30 wingmate=5578,607,6495,246,198,19,30 fighters=1519,1229,-4866,0,248,5,60/-8062,510,5295,0,26,0,60/-9056,179,9255,0,240,245,60 projectiles=-
retail_frame=516 camera=-3157,2719,4461,128,0,0 player=-3153,2738,4460,243,198,17,30 wingmate=5551,-78,5612,243,198,17,30 fighters=1452,1294,-4685,0,248,4,60/-8099,387,5572,0,26,0,60/-9087,3,9529,0,238,245,60 projectiles=-
retail_frame=520 camera=-3059,2667,4475,128,0,0 player=-3054,2685,4473,241,198,17,30 wingmate=5522,-643,5625,241,198,17,30 fighters=1497,1487,-4464,0,248,3,60/-8136,279,5849,0,26,0,60/-9110,-151,9799,0,236,245,60 projectiles=-
retail_frame=524 camera=-2959,2613,4488,128,0,0 player=-2953,2631,4486,238,198,16,30 wingmate=5239,-1337,5638,238,198,16,30 fighters=1542,1656,-4243,0,248,2,60/-8173,185,6126,0,26,0,60/-9121,-286,10061,0,234,245,60 projectiles=-
retail_frame=528 camera=-2857,2559,4506,128,0,0 player=-2851,2577,4504,238,200,18,30 wingmate=5085,-1391,6808,238,204,18,30 fighters=1587,1804,-4022,0,248,1,60/-8173,185,6126,0,26,0,60/-9121,-286,10061,0,234,245,60 projectiles=-
retail_frame=532 camera=-2857,2559,4506,128,0,0 player=-2851,2577,4504,238,202,20,30 wingmate=5085,-1391,6808,236,202,20,30 fighters=1587,1804,-4022,0,248,1,60/-8210,102,6403,0,26,0,60/-9124,-405,10319,0,232,245,60 projectiles=-
retail_frame=536 camera=-2756,2505,4530,128,0,0 player=-2750,2522,4528,238,202,20,30 wingmate=5058,-1446,7216,238,202,20,30 fighters=1632,1932,-3801,0,248,0,60/-8247,27,6680,0,26,0,60/-9115,-511,10569,0,230,245,60 projectiles=-
retail_frame=540 camera=-2656,2450,4559,128,0,0 player=-2650,2467,4557,238,204,20,30 wingmate=5030,-1501,7629,238,204,20,30 fighters=1677,2043,-3580,0,248,0,60/-8284,-40,6957,0,26,0,60/-9098,-605,10811,0,228,245,60 projectiles=-
retail_frame=544 camera=-2555,2394,4587,128,0,0 player=-2549,2411,4586,238,204,18,30 wingmate=5387,-1557,6890,238,204,18,30 fighters=1722,2138,-3359,0,248,0,60/-8321,-100,7234,0,26,0,60/-9073,-689,11049,0,226,245,60 projectiles=-
retail_frame=548 camera=-2455,2338,4621,128,0,0 player=-2449,2355,4620,238,206,18,30 wingmate=4975,-1613,8076,238,210,18,30 fighters=1767,2219,-3138,0,248,0,60/-8358,-156,7511,0,26,0,60/-9040,-766,11275,0,224,245,60 projectiles=-
retail_frame=552 camera=-2355,2281,4655,128,0,0 player=-2349,2298,4654,238,206,16,30 wingmate=5459,-1670,7342,238,206,16,30 fighters=1812,2287,-2917,0,248,0,60/-8494,-156,7695,0,26,0,60/-9040,-766,11275,0,224,245,60 projectiles=-
retail_frame=556 camera=-2248,2242,4698,0,0,0 player=-2242,2260,4697,238,208,17,30 wingmate=5054,-1708,8537,238,212,17,30 fighters=1812,2287,-2917,0,248,0,60/-8395,-208,7788,0,26,0,60/-8995,-836,11493,0,222,245,60 projectiles=-
retail_frame=560 camera=-2248,2242,4698,0,0,0 player=-2242,2260,4697,238,208,14,30 wingmate=5054,-1708,8537,250,208,14,30 fighters=1857,2344,-2696,0,248,0,60/-8432,-258,8065,0,26,0,60/-8946,-902,11703,0,220,245,60 projectiles=-
retail_frame=564 camera=-2136,2225,4743,0,0,0 player=-2130,2243,4742,238,208,14,30 wingmate=5550,-1725,7814,238,208,14,30 fighters=1902,2389,-2475,0,248,0,60/-8469,-305,8342,0,26,0,60/-8889,-963,11905,0,218,245,60 projectiles=-
retail_frame=568 camera=-2024,2225,4794,128,0,0 player=-2018,2243,4793,239,210,15,30 wingmate=5150,-1469,9145,239,214,15,30 fighters=1963,2070,-2298,0,248,0,60/-8506,-351,8619,0,26,0,60/-8824,-1021,12095,0,216,245,60 projectiles=-
retail_frame=572 camera=-1912,2224,4850,128,0,0 player=-1907,2243,4850,242,212,15,30 wingmate=5261,-829,9586,242,216,15,30 fighters=2024,1786,-2121,0,248,0,60/-8543,-396,8896,0,26,0,60/-8755,-1077,12277,0,214,245,60 projectiles=-
retail_frame=576 camera=-1809,2237,4891,0,0,0 player=-1804,2256,4891,242,208,10,29 wingmate=6516,-816,7323,242,204,10,29 fighters=2085,1532,-1944,0,248,0,60/-8580,-440,9173,0,26,0,60/-8551,-1077,12381,0,212,245,60 projectiles=-
retail_frame=580 camera=-1714,2258,4918,0,0,0 player=-1710,2278,4918,243,204,4,29 wingmate=6866,-538,6582,243,200,4,29 fighters=2146,1306,-1767,0,248,0,60/-8580,-440,9173,0,26,0,60/-8678,-1130,12447,0,212,245,60 projectiles=-
retail_frame=584 camera=-1628,2285,4933,0,0,0 player=-1625,2306,4933,246,200,0,28 wingmate=7335,130,5701,246,196,0,28 fighters=2146,1306,-1767,0,248,0,60/-8617,-484,9450,0,26,0,60/-8597,-1182,12609,0,210,245,60 projectiles=-
retail_frame=588 camera=-1628,2285,4933,0,0,0 player=-1625,2306,4933,246,200,0,28 wingmate=7335,130,5701,246,200,0,28 fighters=2207,1103,-1590,0,248,0,60/-8654,-527,9727,0,26,0,60/-8512,-1233,12759,0,208,245,60 projectiles=-
retail_frame=592 camera=-1550,2316,4938,0,0,0 player=-1548,2338,4938,248,196,251,28 wingmate=7540,546,4938,248,196,251,28 fighters=2268,920,-1413,0,248,0,60/-8691,-570,10004,0,26,0,60/-8423,-1282,12897,0,206,245,60 projectiles=-
retail_frame=596 camera=-1479,2344,4938,0,0,0 player=-1478,2367,4938,251,192,248,27 wingmate=7610,1343,4170,251,188,248,27 fighters=2329,755,-1236,0,248,0,60/-8728,-613,10281,0,26,0,60/-8330,-1331,13023,0,204,245,60 projectiles=-
retail_frame=600 camera=-1414,2371,4934,0,0,0 player=-1413,2394,4934,251,188,245,27 wingmate=7547,1370,3270,251,184,245,27 fighters=2390,605,-1059,0,248,0,60/-8765,-656,10558,0,26,0,60/-8106,-1337,13075,0,202,245,60 projectiles=-
retail_frame=604 camera=-1352,2384,4925,128,0,0 player=-1351,2407,4925,251,184,243,26 wingmate=7481,1383,2365,251,180,243,26 fighters=2451,468,-882,0,248,0,60/-8802,-699,10835,0,26,0,60/-8233,-1379,13141,0,202,245,60 projectiles=-
retail_frame=608 camera=-1296,2386,4909,128,0,0 player=-1295,2410,4909,252,179,242,26 wingmate=7153,1514,1197,252,175,242,26 fighters=2491,468,-654,0,248,0,60/-8802,-699,10835,0,26,0,60/-8132,-1426,13247,0,200,245,60 projectiles=-
retail_frame=612 camera=-1247,2383,4889,0,0,0 player=-1246,2407,4889,252,175,240,25 wingmate=6690,1511,409,252,171,240,25 fighters=2512,343,-705,0,248,0,60/-8839,-742,11112,0,26,0,60/-8031,-1472,13341,0,198,245,60 projectiles=-
retail_frame=616 camera=-1247,2383,4889,0,0,0 player=-1203,2399,4865,251,171,239,25 wingmate=6690,1511,409,249,171,239,25 fighters=2573,229,-528,0,248,0,60/-8876,-785,11389,0,26,0,60/-7926,-1518,13423,0,196,245,60 projectiles=-
retail_frame=620 camera=-1204,2375,4865,0,0,0 player=-1203,2399,4865,249,166,238,24 wingmate=6221,1375,-383,251,171,239,25 fighters=2634,124,-351,0,248,0,60/-8913,-827,11666,0,26,0,60/-7821,-1562,13493,0,194,245,60 projectiles=-
retail_frame=624 camera=-1168,2363,4839,128,0,0 player=-1166,2387,4838,249,166,238,24 wingmate=5618,851,-1306,249,166,238,24 fighters=2695,27,-174,0,248,0,60/-8950,-869,11943,0,26,0,60/-7716,-1606,13559,0,192,245,60 projectiles=-
retail_frame=628 camera=-1139,2347,4813,128,0,0 player=-1137,2371,4812,248,162,238,24 wingmate=4879,579,-1844,248,158,238,24 fighters=2756,-63,3,0,248,0,60/-9006,-438,12234,0,26,0,60/-7611,-1649,13621,0,190,245,60 projectiles=-
retail_frame=632 camera=-1117,2332,4786,128,0,0 player=-1114,2354,4784,246,157,238,23 wingmate=4134,178,-2512,246,153,238,23 fighters=2817,-146,180,0,248,0,60/-9062,-65,12525,0,26,0,60/-7253,-1045,13504,0,188,245,60 projectiles=-
retail_frame=636 camera=-1098,2312,4759,128,0,0 player=-1095,2334,4757,243,153,238,23 wingmate=3129,-482,-2923,243,149,238,23 fighters=2878,-222,357,0,248,0,60/-9118,257,12816,0,26,0,60/-7253,-1045,13504,0,188,245,60 projectiles=-
retail_frame=640 camera=-1086,2293,4734,128,0,0 player=-1082,2315,4731,241,148,238,22 wingmate=2118,-1013,-3333,241,144,238,22 fighters=2939,-293,534,0,248,0,60/-9118,257,12816,0,26,0,60/-6899,-521,13375,0,186,245,60 projectiles=-
retail_frame=644 camera=-1077,2274,4710,128,0,0 player=-1073,2295,4706,238,144,237,22 wingmate=-1077,2274,4710,238,140,237,22 fighters=2939,-293,534,0,248,0,60/-9174,536,13107,0,26,0,60/-6545,-65,13234,0,184,245,60 projectiles=-
retail_frame=648 camera=-1077,2274,4710,128,0,0 player=-1073,2295,4706,236,139,237,21 wingmate=1231,-1673,-3230,238,144,237,22 fighters=3000,-358,711,0,248,0,60/-9230,777,13398,0,26,0,60/-6195,331,13081,0,182,245,60 projectiles=-
retail_frame=652 camera=-1073,2255,4686,128,0,0 player=-1068,2275,4681,236,139,237,21 wingmate=983,948,2812,236,135,237,21 fighters=3061,-418,888,0,248,0,60/-9286,986,13689,0,26,0,60/-5849,675,12920,0,180,245,60 projectiles=-
retail_frame=656 camera=-1069,2237,4662,128,0,0 player=-1065,2256,4657,236,135,236,21 wingmate=-553,-2096,-3407,236,131,236,21 fighters=3210,-71,1072,0,248,0,60/-9342,1167,13980,0,26,0,60/-5507,975,12747,0,178,245,60 projectiles=-
retail_frame=660 camera=-1069,2220,4640,128,0,0 player=-1065,2238,4634,236,130,236,20 wingmate=-1449,-2114,-3430,236,126,236,20 fighters=3359,231,1256,0,248,0,60/-9398,1324,14271,0,26,0,60/-5291,913,12675,0,178,246,60 projectiles=-
retail_frame=664 camera=-1069,2209,4614,128,0,0 player=-1065,2227,4608,236,126,235,20 wingmate=-2217,-2125,-3456,236,122,235,20 fighters=3508,493,1440,0,248,0,60/-9398,1324,14271,0,26,0,60/-5165,1235,12574,0,178,246,60 projectiles=-
retail_frame=668 camera=-1069,2204,4589,0,0,0 player=-1066,2221,4583,236,122,234,19 wingmate=-1069,2204,4589,246,122,234,19 fighters=3508,493,1440,0,248,0,60/-9454,1460,14562,0,26,1,60/-4823,1462,12401,0,178,247,60 projectiles=-
retail_frame=672 camera=-1069,2204,4589,0,0,0 player=-1066,2221,4583,236,122,234,19 wingmate=-2986,-2131,-3353,236,122,234,19 fighters=3657,722,1624,0,248,0,60/-9510,1579,14853,0,26,2,60/-4481,1661,12228,0,178,248,60 projectiles=-
retail_frame=676 camera=-1071,2203,4565,0,0,0 player=-1068,2220,4559,236,120,233,19 wingmate=-3372,-2132,-3249,236,120,233,19 fighters=3806,922,1808,0,248,0,60/-9566,1683,15144,0,26,3,60/-4139,1835,12055,0,178,249,60 projectiles=-
retail_frame=680 camera=-1074,2203,4543,128,0,0 player=-1071,2220,4537,237,118,231,18 wingmate=-3759,-2004,-3271,237,114,231,18 fighters=3955,1097,1992,0,248,0,60/-9626,1775,15431,0,27,4,60/-3797,1988,11882,0,178,250,60 projectiles=-
retail_frame=684 camera=-1077,2205,4521,128,0,0 player=-1075,2222,4516,239,116,230,18 wingmate=-4275,-1490,-3292,239,112,230,18 fighters=4104,1251,2176,0,248,0,60/-9690,1858,15714,0,28,5,60/-3581,1928,11810,0,178,251,60 projectiles=-
retail_frame=688 camera=-1080,2209,4502,128,0,0 player=-1079,2226,4498,242,114,228,17 wingmate=-4791,-846,-3310,242,110,228,17 fighters=4253,1387,2360,0,248,0,60/-9838,1858,15890,0,29,6,60/-3455,2123,11709,0,178,251,60 projectiles=-
retail_frame=692 camera=-1085,2215,4485,128,0,0 player=-1084,2232,4482,244,112,228,17 wingmate=-5180,-456,-3326,244,108,228,17 fighters=4293,1329,2588,0,248,0,60/-9758,1932,15997,0,29,6,60/-3113,2243,11536,0,178,252,60 projectiles=-
retail_frame=696 camera=-1090,2221,4470,128,0,0 player=-1090,2239,4470,247,110,227,16 wingmate=-1090,2221,4470,17,110,227,16 fighters=4402,1508,2544,0,248,0,60/-9830,1998,16276,0,30,7,60/-2771,2350,11363,0,178,253,60 projectiles=-
retail_frame=700 camera=-1090,2221,4470,128,0,0 player=-1089,2239,4468,247,110,227,16 wingmate=-5697,319,-3212,247,110,227,16 fighters=4551,1616,2728,0,248,0,60/-9910,2060,16543,0,32,8,60/-2429,2447,11190,0,178,254,60 projectiles=-
retail_frame=704 camera=-1095,2229,4456,128,0,0 player=-1095,2247,4455,249,108,226,16 wingmate=-6087,711,-3097,249,104,226,16 fighters=4700,1714,2912,0,248,0,60/-10002,2117,16802,0,34,9,60/-2087,2535,11017,0,178,255,60 projectiles=-
retail_frame=708 camera=-1101,2234,4445,128,0,0 player=-1101,2253,4445,252,106,225,15 wingmate=-6477,1357,-2979,252,102,225,15 fighters=4849,1802,3096,0,248,0,60/-10098,2171,17053,0,36,10,60/-1745,2616,10844,0,178,0,60 projectiles=-
retail_frame=712 camera=-1108,2240,4435,128,0,0 player=-1108,2259,4435,252,104,224,15 wingmate=-6868,1363,-2605,252,100,224,15 fighters=4998,1884,3280,0,248,0,60/-10202,2222,17296,0,38,11,60/-1403,2690,10671,0,178,0,60 projectiles=-
retail_frame=716 camera=-1115,2246,4426,128,0,0 player=-1115,2265,4426,252,102,224,14 wingmate=-7259,1369,-2358,252,98,224,14 fighters=5147,1959,3464,0,248,0,60/-10318,2271,17416,0,41,12,60/-1403,2690,10671,0,178,0,60 projectiles=-
retail_frame=720 camera=-1121,2252,4418,128,0,0 player=-1121,2272,4418,252,100,223,14 wingmate=-7521,1376,-1982,252,96,223,14 fighters=5296,2029,3648,0,248,0,60/-10318,2271,17523,0,41,12,60/-1061,2760,10498,0,178,0,60 projectiles=-
retail_frame=724 camera=-1127,2259,4411,0,0,0 player=-1127,2279,4411,253,98,223,13 wingmate=-7911,1639,-1733,253,94,223,13 fighters=5336,2029,3876,0,248,0,60/-10442,2319,17734,0,44,12,60/-719,2826,10325,0,178,0,60 projectiles=-
retail_frame=728 camera=-1134,2265,4404,0,0,0 player=-1134,2286,4404,254,96,222,13 wingmate=-1134,2265,4404,254,92,222,13 fighters=5445,2095,3832,0,248,0,60/-10574,2365,17929,0,47,12,60/-377,2888,10152,0,178,0,60 projectiles=-
retail_frame=732 camera=-1134,2265,4404,0,0,0 player=-1134,2286,4404,1,94,222,12 wingmate=-8174,1902,-1356,28,94,222,12 fighters=5594,2157,4016,0,248,0,60/-10710,2411,18108,0,50,12,60/-35,2948,9979,0,178,0,60 projectiles=-
retail_frame=736 camera=-1140,2271,4399,0,0,0 player=-1140,2293,4399,1,94,222,12 wingmate=-8564,2421,-977,1,94,222,12 fighters=5743,2217,4200,0,248,0,60/-10854,2456,18271,0,53,12,60/307,3005,9806,0,178,0,60 projectiles=-
retail_frame=740 camera=-1146,2278,4393,0,0,0 player=-1146,2300,4394,3,92,222,12 wingmate=-8698,2940,-598,3,88,222,12 fighters=5892,2275,4384,0,248,0,60/-11002,2501,18418,0,56,12,60/649,3061,9633,0,178,0,60 projectiles=-
retail_frame=744 camera=-1153,2284,4388,0,0,0 player=-1152,2307,4390,6,90,222,11 wingmate=-8960,3587,-346,6,86,222,11 fighters=6041,2331,4568,0,248,0,60/-11154,2545,18549,0,59,12,60/991,3115,9460,0,178,0,60 projectiles=-
retail_frame=748 camera=-1159,2291,4384,0,0,0 player=-1158,2314,4386,6,88,223,11 wingmate=-9222,3594,162,6,84,223,11 fighters=6190,2385,4752,0,248,0,60/-11306,2589,18660,0,62,12,60/1333,3167,9287,0,178,0,60 projectiles=-
retail_frame=752 camera=-1165,2297,4381,0,0,0 player=-1164,2320,4383,6,86,223,10 wingmate=-9484,3600,543,6,82,223,10 fighters=6339,2437,4936,0,248,0,60/-11458,2633,18767,0,65,12,60/1675,3218,9114,0,178,0,60 projectiles=-
retail_frame=756 camera=-1171,2302,4378,0,0,0 player=-1170,2326,4380,6,84,224,10 wingmate=-9618,3606,924,6,80,224,10 fighters=6488,2488,5120,0,248,0,60/-11610,2677,18858,0,68,12,60/1891,3218,9042,0,178,0,60 projectiles=-
retail_frame=760 camera=-1177,2307,4376,0,0,0 player=-1176,2331,4378,6,82,224,9 wingmate=-9752,3611,1434,6,78,224,9 fighters=6637,2538,5304,0,248,0,60/-11838,2701,18826,0,71,12,60/2017,3268,8941,0,178,0,60 projectiles=-
retail_frame=764 camera=-1183,2312,4374,0,0,0 player=-1182,2336,4376,6,80,225,9 wingmate=-10014,3616,1816,6,76,225,9 fighters=6786,2587,5488,0,248,0,60/-11758,2720,18933,0,71,12,60/2359,3317,8768,0,178,0,60 projectiles=-
retail_frame=768 camera=-1188,2317,4373,0,0,0 player=-1187,2341,4375,6,78,226,8 wingmate=-10147,3621,2199,6,74,226,8 fighters=6826,2616,5716,0,248,0,60/-11902,2762,18988,0,74,12,60/2701,3364,8595,0,178,0,60 projectiles=-
retail_frame=772 camera=-1193,2322,4372,0,0,0 player=-1192,2346,4374,6,76,227,8 wingmate=-10152,3626,2710,6,72,227,8 fighters=6935,2634,5672,0,248,0,60/-12042,2804,19027,0,77,12,60/3043,3411,8422,0,178,0,60 projectiles=-
retail_frame=776 camera=-1198,2328,4372,0,0,0 player=-1197,2351,4374,6,74,228,8 wingmate=-1198,2328,4372,6,70,228,8 fighters=7084,2681,5856,0,248,0,60/-12174,2845,19050,0,80,12,60/3385,3456,8249,0,178,0,60 projectiles=-
retail_frame=780 camera=-1203,2333,4373,0,0,0 player=-1203,2356,4373,6,72,228,8 wingmate=-1203,2333,4373,29,72,228,8 fighters=7233,2726,6040,0,248,0,60/-12408,2840,19060,0,83,12,60/3545,2684,8139,0,178,0,60 projectiles=-
retail_frame=784 camera=-1203,2333,4373,0,0,0 player=-1202,2356,4374,6,72,228,8 wingmate=-10290,3636,3606,6,72,228,8 fighters=7266,2338,6148,0,248,0,60/-12634,2840,19054,0,86,12,60/3705,2013,8029,0,178,0,60 projectiles=-
retail_frame=788 camera=-1209,2336,4373,128,0,0 player=-1208,2359,4374,6,70,229,8 wingmate=-10296,3639,3990,6,70,229,8 fighters=7299,2003,6256,0,248,0,60/-12852,2843,19032,0,89,12,60/3865,1428,7919,0,178,0,60 projectiles=-
retail_frame=792 camera=-1215,2339,4373,128,0,0 player=-1214,2361,4374,6,68,229,8 wingmate=-10430,3641,4374,6,64,229,8 fighters=7332,1712,6364,0,248,0,60/-13058,2849,18998,0,92,12,60/4025,920,7809,0,178,0,60 projectiles=-
retail_frame=796 camera=-1221,2340,4373,0,0,0 player=-1220,2362,4374,5,66,230,8 wingmate=-10308,3386,4758,5,62,230,8 fighters=7365,1461,6472,0,248,0,60/-13252,2856,18952,0,95,12,60/4185,477,7699,0,178,0,60 projectiles=-
retail_frame=800 camera=-1226,2341,4374,0,0,0 player=-1226,2362,4374,2,64,230,8 wingmate=-10314,2746,5142,2,60,230,8 fighters=7398,1243,6580,0,248,0,60/-13252,2856,18952,0,95,12,60/4185,477,7699,0,178,0,60 projectiles=-
retail_frame=804 camera=-1226,2341,4374,0,0,0 player=-1245,2360,4374,0,62,230,10 wingmate=-10314,2746,5142,251,62,230,10 fighters=7398,1243,6580,0,248,0,60/-13434,2864,18890,0,98,12,60/4345,91,7589,0,178,0,60 projectiles=-
retail_frame=808 camera=-1245,2340,4374,0,0,0 player=-1245,2360,4374,0,62,230,10 wingmate=-10461,2360,5654,0,62,230,10 fighters=7431,1054,6688,0,248,0,60/-13604,2873,18820,0,101,12,60/4505,-245,7479,0,178,0,60 projectiles=-
retail_frame=812 camera=-1277,2333,4375,0,0,0 player=-1277,2353,4375,253,60,230,12 wingmate=-10237,1713,6039,253,56,230,12 fighters=7464,891,6796,0,248,255,60/-13758,2881,18738,0,104,12,60/4665,-538,7369,0,178,0,60 projectiles=-
retail_frame=816 camera=-1318,2320,4378,0,0,0 player=-1319,2339,4378,251,58,229,14 wingmate=-10279,1315,6554,251,54,229,14 fighters=7497,749,6904,0,248,254,60/-13900,2888,18648,0,107,12,60/4825,-794,7259,0,178,0,60 projectiles=-
retail_frame=820 camera=-1366,2299,4387,0,0,0 player=-1368,2318,4386,248,56,229,16 wingmate=-10072,526,6946,248,52,229,16 fighters=7530,625,7012,0,248,253,60/-14026,2894,18550,0,110,12,60/5041,-794,7187,0,178,0,60 projectiles=-
retail_frame=824 camera=-1420,2272,4398,0,0,0 player=-1423,2290,4397,246,54,228,17 wingmate=-9871,114,7341,246,50,228,17 fighters=7567,516,7116,0,247,252,60/-14106,2956,18334,0,113,12,60/4985,-1018,7149,0,178,0,60 projectiles=-
retail_frame=828 camera=-1476,2236,4414,0,0,0 player=-1480,2253,4413,243,52,228,18 wingmate=-9544,-563,7741,243,48,228,18 fighters=7619,420,7340,0,246,251,60/-14136,2899,18444,0,113,12,60/5145,-1215,7039,0,178,0,60 projectiles=-
retail_frame=832 camera=-1534,2193,4434,0,0,0 player=-1539,2210,4433,241,50,227,19 wingmate=-9347,-1118,8145,241,46,227,19 fighters=7668,420,7444,0,245,250,60/-14226,2901,18334,0,116,12,60/5305,-1389,6929,0,178,0,60 projectiles=-
retail_frame=836 camera=-1596,2143,4454,0,0,0 player=-1602,2160,4453,238,50,229,20 wingmate=-1596,2143,4454,230,50,229,20 fighters=7661,334,7324,0,245,250,60/-14300,2901,18220,0,119,12,60/5465,-1543,6819,0,178,0,60 projectiles=-
retail_frame=840 camera=-1596,2143,4454,0,0,0 player=-1669,2107,4475,236,50,231,21 wingmate=-1662,2091,4476,230,50,231,21 fighters=7714,257,7424,0,244,249,60/-14358,2900,18102,0,122,12,60/5625,-1680,6709,0,178,0,60 projectiles=-
retail_frame=844 camera=-1662,2091,4476,0,0,0 player=-1669,2107,4475,236,50,231,21 wingmate=-9349,-2245,7163,236,50,231,21 fighters=7779,188,7520,0,242,248,60/-14400,2895,17980,0,125,12,60/5785,-1803,6599,0,178,0,60 projectiles=-
retail_frame=848 camera=-1731,2036,4500,0,0,0 player=-1738,2052,4499,236,50,233,22 wingmate=-9418,-2300,7187,236,50,233,22 fighters=7856,124,7612,0,240,247,60/-14430,2888,17858,0,128,12,60/5945,-1913,6489,0,178,0,60 projectiles=-
retail_frame=852 camera=-1804,1977,4524,0,0,0 player=-1811,1994,4523,236,50,235,23 wingmate=-9491,-2358,7211,236,50,235,23 fighters=7945,66,7700,0,238,246,60/-14448,2878,17736,0,131,12,60/6105,-2014,6379,0,178,0,60 projectiles=-
retail_frame=856 camera=-1881,1916,4545,0,0,0 player=-1888,1933,4544,236,52,240,24 wingmate=-9824,-2419,6080,236,56,240,24 fighters=8042,11,7784,0,236,245,60/-14466,2866,17614,0,131,11,60/6265,-2106,6269,0,178,0,60 projectiles=-
retail_frame=860 camera=-1961,1853,4569,0,0,0 player=-1968,1870,4567,236,52,241,25 wingmate=-9776,-2482,6871,236,52,241,25 fighters=8151,-41,7860,0,234,245,60/-14484,2851,17492,0,131,10,60/6481,-2071,6197,0,178,0,60 projectiles=-
retail_frame=864 camera=-2045,1787,4586,0,0,0 player=-2052,1805,4584,236,55,245,26 wingmate=-10116,-2547,5480,236,59,245,26 fighters=8268,-91,7932,0,232,245,60/-14502,2832,17370,0,131,9,60/6641,-2191,6087,0,178,0,60 projectiles=-
retail_frame=868 camera=-2131,1721,4603,0,0,0 player=-2137,1739,4601,236,55,246,27 wingmate=-10073,-2613,6265,236,55,246,27 fighters=8397,-140,7996,0,230,245,60/-14490,2832,17138,0,131,8,60/6585,-2270,6049,0,178,0,60 projectiles=-
retail_frame=872 camera=-2219,1652,4620,0,0,0 player=-2225,1671,4618,236,55,247,28 wingmate=-10161,-2681,6282,236,55,247,28 fighters=8534,-187,8052,0,228,245,60/-14508,2811,17016,0,131,7,60/6745,-2344,5939,0,178,0,60 projectiles=-
retail_frame=876 camera=-2309,1582,4639,0,0,0 player=-2315,1602,4637,236,55,248,29 wingmate=-10251,-2750,6301,236,55,248,29 fighters=8686,-187,8224,0,226,245,60/-14538,2788,17126,0,131,7,60/6905,-2414,5829,0,178,0,60 projectiles=-
retail_frame=880 camera=-2309,1582,4639,0,0,0 player=-2315,1602,4637,236,55,248,29 wingmate=-10251,-2750,6301,236,55,248,29 fighters=8679,-234,8104,0,226,245,60/-14556,2762,17004,0,131,6,60/7065,-2480,5719,0,178,0,60 projectiles=-
retail_frame=884 camera=-2402,1512,4653,0,0,0 player=-2408,1532,4651,236,57,253,30 wingmate=-10472,-2820,5163,236,57,253,30 fighters=8832,-280,8144,0,224,245,60/-14574,2734,16882,0,131,5,60/7225,-2543,5609,0,178,0,60 projectiles=-
retail_frame=888 camera=-2497,1440,4660,0,0,0 player=-2503,1461,4658,236,60,0,30 wingmate=-10695,-2891,4658,236,64,0,30 fighters=8997,-325,8176,0,222,245,60/-14592,2705,16760,0,131,4,60/7385,-2604,5499,0,178,0,60 projectiles=-
retail_frame=892 camera=-2603,1389,4669,128,0,0 player=-2609,1410,4666,236,60,0,30 wingmate=-10673,-2942,5434,236,60,0,30 fighters=9166,-370,8200,0,220,245,60/-14610,2674,16638,0,131,3,60/7545,-2662,5389,0,178,0,60 projectiles=-
retail_frame=896 camera=-2718,1358,4676,128,0,0 player=-2724,1379,4674,237,60,255,30 wingmate=-10916,-2845,5442,237,60,255,30 fighters=9343,-415,8216,0,218,245,60/-14628,2642,16516,0,131,2,60/7545,-2662,5389,0,178,0,60 projectiles=-
retail_frame=900 camera=-2839,1342,4685,0,0,0 player=-2844,1365,4683,238,60,255,30 wingmate=-11036,-2603,5451,238,60,255,30 fighters=9343,-415,8216,0,218,245,60/-14628,2642,16516,0,131,2,60/7705,-2718,5279,0,178,0,60 projectiles=-
retail_frame=904 camera=-2839,1342,4685,0,0,0 player=-2965,1367,4692,239,60,0,30 wingmate=-11036,-2603,5451,1,60,0,30 fighters=9528,-459,8220,0,216,245,60/-14646,2608,16394,0,131,1,60/7865,-2773,5169,0,178,0,60 projectiles=-
retail_frame=908 camera=-2960,1344,4694,0,0,0 player=-2965,1367,4692,239,60,0,30 wingmate=-11285,-2345,5460,239,60,0,30 fighters=9717,-503,8216,0,214,245,60/-14664,2573,16272,0,131,0,60/8025,-2826,5059,0,178,0,60 projectiles=-
retail_frame=912 camera=-3083,1346,4703,0,0,0 player=-3087,1369,4701,242,60,1,30 wingmate=-11663,-1703,5469,242,60,1,30 fighters=9914,-547,8200,0,212,245,60/-14642,2538,16158,0,138,0,60/8185,-2877,4949,0,178,0,60 projectiles=-
retail_frame=916 camera=-3206,1348,4712,0,0,0 player=-3210,1371,4710,242,60,2,30 wingmate=-11786,-1701,5478,242,60,2,30 fighters=10115,-590,8176,0,210,245,60/-14438,1744,15817,0,143,0,60/8345,-2927,4839,0,178,0,60 projectiles=-
retail_frame=920 camera=-3330,1350,4713,0,0,0 player=-3334,1373,4711,242,63,5,30 wingmate=-11910,-1699,4199,242,67,5,30 fighters=10320,-633,8140,0,208,245,60/-14214,1045,15488,0,147,0,60/8561,-2927,4767,0,178,0,60 projectiles=-
retail_frame=924 camera=-3455,1353,4710,0,0,0 player=-3459,1375,4708,242,66,9,30 wingmate=-12035,-1697,3556,242,70,9,30 fighters=10536,-633,8212,0,206,245,60/-14214,1045,15488,0,147,0,60/8505,-2975,4729,0,178,0,60 projectiles=-
retail_frame=928 camera=-3455,1353,4710,0,0,0 player=-3459,1375,4708,242,66,9,30 wingmate=-12035,-1697,3556,242,66,9,30 fighters=10529,-675,8092,0,206,245,60/-13974,430,15167,0,150,0,60/8665,-3020,4619,0,178,0,60 projectiles=-
retail_frame=932 camera=-3581,1355,4707,0,0,0 player=-3585,1377,4705,242,66,8,30 wingmate=-12161,-1695,4321,242,66,8,30 fighters=10651,-391,8140,0,204,245,60/-13726,-113,14850,0,152,0,60/8767,-2317,4429,0,178,0,60 projectiles=-
retail_frame=936 camera=-3708,1357,4704,0,0,0 player=-3712,1379,4702,242,66,8,30 wingmate=-12288,-1693,4318,242,66,8,30 fighters=10777,-147,8180,0,202,245,60/-13466,-590,14541,0,154,0,60/8869,-1704,4239,0,178,0,60 projectiles=-
retail_frame=940 camera=-3836,1360,4701,0,0,0 player=-3840,1381,4699,242,66,7,30 wingmate=-12416,-1691,4315,242,66,7,30 fighters=10907,64,8208,0,200,245,60/-13202,-1011,14236,0,155,0,60/8971,-1171,4049,0,178,0,60 projectiles=-
retail_frame=944 camera=-3964,1378,4698,128,0,0 player=-3968,1399,4696,242,66,6,30 wingmate=-12544,-1673,4312,242,66,6,30 fighters=11037,245,8224,0,198,245,60/-13058,-1069,14060,0,156,0,60/8971,-1171,4049,0,178,0,60 projectiles=-
retail_frame=948 camera=-4090,1410,4695,128,0,0 player=-4093,1430,4693,243,66,5,30 wingmate=-12797,-1386,4309,243,66,5,30 fighters=11037,245,8224,0,198,245,60/-12934,-1381,13935,0,156,0,60/9073,-707,3859,0,178,0,60 projectiles=-
retail_frame=952 camera=-4090,1410,4695,128,0,0 player=-4093,1430,4693,243,66,5,30 wingmate=-12797,-1386,4309,243,66,5,30 fighters=11171,401,8228,0,196,245,60/-12662,-1707,13634,0,157,0,60/9175,-303,3669,0,178,1,60 projectiles=-
retail_frame=956 camera=-4200,1450,4695,0,0,0 player=-4203,1469,4693,244,64,1,29 wingmate=-12907,-1219,5461,244,64,1,29 fighters=11305,536,8220,0,194,245,60/-12386,-1994,13337,0,158,0,60/9277,49,3479,0,178,2,60 projectiles=-
retail_frame=960 camera=-4299,1485,4701,0,0,0 player=-4302,1504,4700,246,60,254,29 wingmate=-13134,-672,6364,246,56,254,29 fighters=11439,653,8208,0,192,245,60/-12106,-2246,13048,0,159,0,60/9379,356,3289,0,178,3,60 projectiles=-
retail_frame=964 camera=-4388,1518,4714,0,0,0 player=-4391,1536,4713,246,57,250,28 wingmate=-13095,-640,7017,246,53,250,28 fighters=11573,754,8192,0,190,245,60/-11826,-2466,12759,0,159,0,60/9485,625,3103,0,179,4,60 projectiles=-
retail_frame=968 camera=-4467,1547,4732,0,0,0 player=-4470,1565,4731,246,54,248,28 wingmate=-12918,-611,7675,246,50,248,28 fighters=11707,842,8164,0,188,245,60/-11670,-2466,12595,0,159,0,60/9485,625,3103,0,179,4,60 projectiles=-
retail_frame=972 camera=-4541,1560,4752,128,0,0 player=-4544,1578,4751,246,52,245,27 wingmate=-12864,-598,8207,246,48,245,27 fighters=11707,842,8164,0,188,245,60/-11546,-2659,12470,0,159,0,60/9591,860,2925,0,180,5,60 projectiles=-
retail_frame=976 camera=-4541,1560,4752,128,0,0 player=-4544,1578,4751,246,52,245,27 wingmate=-12864,-598,8207,246,52,245,27 fighters=11837,919,8124,0,186,245,60/-11270,-2827,12173,0,158,0,60/9701,1067,2751,0,181,6,60 projectiles=-
retail_frame=980 camera=-4609,1562,4773,128,0,0 player=-4612,1579,4773,246,50,242,27 wingmate=-12804,-597,8613,246,46,242,27 fighters=11967,988,8072,0,184,245,60/-10994,-2972,11876,0,158,0,60/9811,1250,2581,0,182,7,60 projectiles=-
retail_frame=984 camera=-4669,1556,4796,0,0,0 player=-4672,1573,4796,244,48,239,26 wingmate=-12480,-1115,8892,244,44,239,26 fighters=12093,1050,8008,0,182,245,60/-10718,-3097,11579,0,158,0,60/9925,1412,2423,0,184,8,60 projectiles=-
retail_frame=988 camera=-4721,1543,4820,0,0,0 player=-4725,1560,4820,242,46,237,26 wingmate=-12149,-1512,9300,242,42,237,26 fighters=12215,1106,7936,0,180,245,60/-10442,-3205,11282,0,158,0,60/9925,1412,2423,0,184,8,60 projectiles=-
retail_frame=992 camera=-4766,1526,4844,0,0,0 player=-4771,1543,4844,239,44,236,25 wingmate=-11683,-2169,9452,239,40,236,25 fighters=12431,1106,7864,0,178,245,60/-10442,-3205,11282,0,158,0,60/10039,1555,2277,0,186,9,60 projectiles=-
retail_frame=996 camera=-4766,1526,4844,0,0,0 player=-4771,1543,4844,239,44,236,25 wingmate=-11683,-2169,9452,239,44,236,25 fighters=12333,1157,7852,0,178,245,60/-10166,-3296,10985,0,158,0,60/10157,1684,2143,0,188,10,60 projectiles=-
retail_frame=1000 camera=-4806,1507,4867,0,0,0 player=-4812,1523,4867,237,42,234,25 wingmate=-11468,-2701,9731,237,38,234,25 fighters=12447,1205,7756,0,176,245,60/-9890,-3373,10688,0,158,0,60/10275,1799,2021,0,190,10,60 projectiles=-
retail_frame=1004 camera=-4840,1484,4890,0,0,0 player=-4847,1501,4890,234,40,233,24 wingmate=-10991,-3363,9882,234,36,233,24 fighters=12557,1249,7648,0,174,245,60/-9614,-3436,10391,0,158,0,60/10393,1904,1903,0,192,10,60 projectiles=-
retail_frame=1008 camera=-4871,1460,4912,0,0,0 player=-4879,1477,4912,232,38,231,24 wingmate=-10511,-3771,10032,232,34,231,24 fighters=12663,1292,7532,0,172,245,60/-9342,-3487,10090,0,157,0,60/10511,2000,1789,0,194,10,60 projectiles=-
retail_frame=1012 camera=-4897,1440,4933,0,0,0 player=-4906,1456,4933,229,36,230,23 wingmate=-10026,-4304,10053,229,32,230,23 fighters=12761,1333,7404,0,170,245,60/-9070,-3528,9789,0,157,0,60/10511,2000,1789,0,194,10,60 projectiles=-
retail_frame=1016 camera=-4920,1419,4954,0,0,0 player=-4929,1436,4955,229,34,229,23 wingmate=-4920,1419,4954,234,34,229,23 fighters=12761,1333,7404,0,170,245,60/-9070,-3528,9789,0,157,0,60/10629,2088,1687,0,196,10,60 projectiles=076E,-9033,-3088,9729,33,157,0,63
retail_frame=1020 camera=-4920,1419,4954,0,0,0 player=-4929,1436,4955,229,34,229,23 wingmate=-9793,-4324,10331,229,34,229,23 fighters=12855,1374,7268,0,168,245,60/-8892,-2919,9622,0,157,0,60/10743,2170,1597,0,198,10,60 projectiles=076E,-8724,-2690,9368,33,157,0,63
retail_frame=1024 camera=-4941,1400,4975,0,0,0 player=-4950,1417,4976,229,32,228,22 wingmate=-9558,-4343,10608,229,28,228,22 fighters=12941,1415,7120,0,166,245,60/-8714,-2381,9455,0,157,0,60/10857,2246,1519,0,200,10,60 projectiles=076E,-8415,-2295,9007,33,157,0,63
retail_frame=1028 camera=-4962,1388,4998,0,0,0 player=-4971,1406,5000,229,30,228,22 wingmate=-9195,-4354,10888,229,26,228,22 fighters=13019,1455,6964,0,164,245,60/-8536,-1905,9288,0,157,0,60/10857,2246,1519,0,200,10,60 projectiles=076E,-8213,-2078,8767,33,157,0,63
retail_frame=1032 camera=-4981,1382,5022,128,0,0 player=-4990,1401,5024,229,28,227,21 wingmate=-8958,-4359,11040,229,24,227,21 fighters=13191,1455,6812,0,162,245,60/-8536,-1905,9288,0,157,0,60/10967,2318,1453,0,202,10,60 projectiles=076E,-8105,-1902,8643,33,157,0,63
retail_frame=1036 camera=-4981,1382,5022,128,0,0 player=-4990,1401,5024,229,28,227,21 wingmate=-8958,-4359,11040,229,28,227,21 fighters=13093,1495,6800,0,162,245,60/-8358,-1484,9121,0,157,0,60/11073,2386,1395,0,204,10,60 projectiles=076E,-7793,-1514,8275,32,157,0,63
retail_frame=1040 camera=-4999,1381,5045,128,0,0 player=-5007,1401,5048,231,26,227,21 wingmate=-8847,-3975,11448,231,22,227,21 fighters=13155,1535,6628,0,160,245,60/-8184,-1110,8954,0,156,0,60/11175,2451,1349,0,206,10,60 projectiles=076E,-7481,-1129,7907,32,157,0,63
retail_frame=1044 camera=-5014,1382,5068,0,0,0 player=-5021,1403,5071,232,24,226,20 wingmate=-8605,-3845,11855,232,20,226,20 fighters=13209,1576,6444,0,158,245,60/-8010,-778,8787,0,156,0,60/11273,2513,1315,0,208,10,60 projectiles=076E,-7162,-744,7543,32,158,0,63
retail_frame=1048 camera=-5027,1387,5091,0,0,0 player=-5034,1408,5094,233,22,226,20 wingmate=-8362,-3584,12134,233,18,226,20 fighters=13353,1576,6268,0,156,245,60/-8010,-778,8787,0,156,0,60/11273,2513,1315,0,208,10,60 projectiles=076E,-7162,-744,7543,32,158,0,63
retail_frame=1052 camera=-5027,1387,5091,0,0,0 player=-5034,1408,5094,233,22,226,20 wingmate=-8362,-3584,12134,233,22,226,20 fighters=13255,1617,6256,0,156,245,60/-7836,-482,8620,0,156,3,60/11367,2573,1293,0,210,10,60 projectiles=076E,-6839,-366,7173,31,158,0,63
retail_frame=1056 camera=-5038,1394,5113,0,0,0 player=-5044,1415,5116,236,20,226,19 wingmate=-8116,-2937,12668,236,16,226,19 fighters=13293,1658,6060,0,154,245,60/-7658,-218,8453,0,157,5,60/11457,2630,1279,0,212,10,60 projectiles=076E,-6515,9,6802,31,158,0,63
retail_frame=1060 camera=-5048,1401,5134,0,0,0 player=-5053,1424,5137,238,18,227,19 wingmate=-7741,-2544,12945,238,14,227,19 fighters=13319,1699,5856,0,152,245,60/-7658,-218,8453,0,157,5,60/11457,2630,1279,0,212,10,60 projectiles=076E,-6515,9,6802,31,158,0,63
retail_frame=1064 camera=-5048,1401,5134,0,0,0 player=-5053,1424,5137,238,18,227,19 wingmate=-7741,-2544,12945,238,18,227,19 fighters=13319,1699,5856,0,152,245,60/-7476,19,8290,0,158,7,60/11539,2686,1277,0,214,10,60 projectiles=076E,-6189,381,6431,31,158,0,63
retail_frame=1068 camera=-5056,1411,5154,0,0,0 player=-5060,1434,5157,241,16,228,18 wingmate=-7492,-1894,13477,241,12,228,18 fighters=13337,1740,5648,0,150,245,60/-7286,231,8139,0,160,9,60/11617,2740,1283,0,216,10,60 projectiles=076E,-5856,743,6056,30,158,0,63
retail_frame=1072 camera=-5062,1420,5174,0,0,0 player=-5065,1443,5176,243,14,228,18 wingmate=-7113,-1373,13752,243,10,228,18 fighters=13343,1781,5432,0,148,245,60/-7286,231,8139,0,160,9,60/11617,2740,1283,0,216,10,60 projectiles=076E,-5856,743,6056,30,158,0,63
retail_frame=1076 camera=-5062,1420,5174,0,0,0 player=-5065,1443,5176,243,14,228,18 wingmate=-7113,-1373,13752,243,14,228,18 fighters=13343,1781,5432,0,148,245,60/-7084,421,7996,0,162,11,60/11687,2791,1301,0,218,10,60 projectiles=076E,-5517,1095,5674,29,158,0,63
retail_frame=1080 camera=-5065,1429,5191,0,0,0 player=-5068,1452,5194,243,12,229,17 wingmate=67,77,-70,243,8,229,17 fighters=13341,1822,5212,0,146,245,60/-6874,593,7865,0,165,12,60/11749,2841,1327,0,220,10,60 projectiles=076E,-5389,1247,5538,27,159,0,63
retail_frame=1084 camera=-5067,1438,5208,0,0,0 player=-5070,1461,5211,243,10,229,17 wingmate=-6222,-1355,13915,243,6,229,17 fighters=13341,1822,5212,0,146,245,60/-6874,593,7865,0,165,12,60/11749,2841,1327,0,220,10,60 projectiles=076E,-5389,1247,5538,27,159,0,63
retail_frame=1088 camera=-5067,1438,5208,0,0,0 player=-5070,1461,5211,243,10,229,17 wingmate=72,69,-72,243,6,229,17 fighters=13327,1863,4988,0,144,245,60/-6652,748,7750,0,168,12,60/11807,2889,1361,0,222,10,60 projectiles=076E,-5261,1399,5402,24,160,0,63
retail_frame=1092 camera=-5069,1446,5223,0,0,0 player=-5072,1468,5226,243,8,230,16 wingmate=-5840,-1348,13930,243,4,230,16 fighters=13399,1903,4772,0,142,245,60/-6652,748,7750,0,168,12,60/11807,2889,1361,0,222,10,60 projectiles=076E,-5261,1399,5402,24,160,0,63
retail_frame=1096 camera=-5069,1446,5223,0,0,0 player=-5072,1468,5226,243,8,230,16 wingmate=72,69,-72,243,4,230,16 fighters=13301,1200,4668,0,142,245,60/-6422,887,7647,0,171,12,60/11853,2935,1403,0,224,10,60 projectiles=076E,-5121,1535,5262,24,160,0,63
retail_frame=1100 camera=-5070,1454,5236,128,0,0 player=-5073,1476,5239,243,6,230,16 wingmate=-5457,-1340,13943,243,2,230,16 fighters=13263,623,4344,0,140,245,60/-6184,1013,7560,0,174,12,60/11853,2935,1403,0,224,10,60 projectiles=076E,-5121,1535,5262,24,160,0,63
retail_frame=1104 camera=-5070,1454,5236,128,0,0 player=-5073,1476,5239,243,6,230,16 wingmate=-5457,-1340,13943,243,6,230,16 fighters=13263,623,4344,0,140,245,60/-6184,1013,7560,0,174,12,60/12075,2253,1493,0,226,10,60 projectiles=076E,-4981,1671,5122,24,160,0,63
retail_frame=1108 camera=-5071,1462,5247,128,0,0 player=-5073,1484,5250,244,4,230,15 wingmate=-5073,-1204,14082,244,0,230,15 fighters=13217,123,4016,0,138,245,60/-6154,1126,7569,0,174,12,60/12075,2253,1493,0,226,10,60 projectiles=076E,-4841,1807,4982,24,160,0,63
retail_frame=1112 camera=-5071,1471,5258,0,0,0 player=-5073,1492,5261,246,2,230,15 wingmate=-5071,1471,5258,25,2,230,15 fighters=13217,123,4016,0,138,245,60/-6154,1126,7569,0,174,12,60/12289,1659,1587,0,228,10,60 projectiles=076E,-4841,1807,4982,24,160,0,63
retail_frame=1116 camera=-5071,1471,5258,0,0,0 player=-5073,1492,5261,246,2,230,15 wingmate=-4689,-684,14221,246,2,230,15 fighters=13159,-312,3684,0,136,245,60/-/12495,1142,1689,0,230,10,60 projectiles=076E,-4701,1943,4842,24,160,0,63
retail_frame=1120 camera=-5072,1478,5269,0,0,0 player=-5073,1500,5271,247,0,229,14 wingmate=-4305,-420,14231,247,252,229,14 fighters=13089,-689,3352,0,134,245,60/-/12689,692,1799,0,232,10,60 projectiles=076E,-4561,2079,4702,24,160,0,63
retail_frame=1124 camera=-5072,1487,5278,0,0,0 player=-5073,1508,5280,249,4,236,14 wingmate=-6737,-28,14240,249,8,236,14 fighters=13007,-1018,3016,0,132,245,60/-/12689,692,1799,0,232,10,60 projectiles=076E,-4561,2079,4702,24,160,0,63
retail_frame=1128 camera=-5074,1496,5287,0,0,0 player=-5074,1516,5288,252,9,241,13 wingmate=-5074,1496,5287,30,9,241,13 fighters=13007,-1018,3016,0,132,245,60/-/12875,300,1913,0,234,10,60 projectiles=076E,-4421,2215,4562,24,160,0,63
retail_frame=1132 camera=-5074,1496,5287,0,0,0 player=-5074,1516,5288,252,9,241,13 wingmate=-7890,620,13992,252,9,241,13 fighters=12913,-1304,2680,0,130,245,60/-/13049,-42,2035,0,236,10,60 projectiles=076E,-4281,2351,4422,24,160,0,63
retail_frame=1136 camera=-5076,1504,5296,0,0,0 player=-5076,1524,5296,254,13,246,13 wingmate=-8788,1140,13744,254,17,246,13 fighters=12815,-1552,2344,0,128,245,60/-/13215,-340,2161,0,238,10,60 projectiles=076E,-4141,2487,4282,24,160,0,63
retail_frame=1140 camera=-5080,1510,5304,0,0,0 player=-5080,1529,5304,254,18,250,12 wingmate=-9816,1145,13112,254,22,250,12 fighters=12713,-1768,2008,0,126,245,60/-/13369,-601,2291,0,240,10,60 projectiles=076E,-4001,2623,4142,24,160,0,63
retail_frame=1144 camera=-5085,1513,5313,128,0,0 player=-5085,1532,5313,0,22,253,12 wingmate=-10589,1532,12737,0,26,253,12 fighters=12599,-1957,1672,0,124,245,60/-/13511,-829,2425,0,242,10,60 projectiles=076E,-3861,2759,4002,24,160,0,63
retail_frame=1148 camera=-5090,1514,5320,128,0,0 player=-5090,1533,5320,1,27,0,11 wingmate=-11362,1661,11848,1,31,0,11 fighters=12473,-2123,1340,0,122,245,60/-/13571,-829,2645,0,244,10,60 projectiles=076E,-3721,2895,3862,24,160,0,63
retail_frame=1152 camera=-5096,1515,5326,0,0,0 player=-5096,1533,5326,1,31,2,11 wingmate=-12008,1661,11214,1,35,2,11 fighters=12335,-2269,1008,0,120,245,60/-/13693,-969,2787,0,246,10,60 projectiles=076E,-3581,3031,3722,24,160,0,63
retail_frame=1156 camera=-5102,1515,5331,0,0,0 player=-5102,1533,5331,0,36,5,10 wingmate=-12782,1533,10451,0,40,5,10 fighters=12185,-2398,680,0,118,245,60/-/13803,-1148,2933,0,248,10,60 projectiles=076E,-3441,3167,3582,24,160,0,63
retail_frame=1160 camera=-5109,1513,5335,128,0,0 player=-5109,1531,5335,254,40,6,10 wingmate=-13173,1147,9559,254,44,6,10 fighters=12027,-2513,356,0,116,245,60/-/13971,-1502,2997,0,250,10,60 projectiles=076E,-3301,3303,3442,24,160,0,63
retail_frame=1164 camera=-5115,1511,5338,128,0,0 player=-5115,1529,5338,253,45,8,9 wingmate=-13691,889,8538,253,49,8,9 fighters=11857,-2615,36,0,114,245,60/-/14057,-1627,3147,0,252,10,60 projectiles=076E,-3161,3439,3302,24,160,0,63
retail_frame=1168 camera=-5121,1508,5339,128,0,0 player=-5122,1526,5340,251,49,9,9 wingmate=-13954,502,7644,251,53,9,9 fighters=11675,-2708,-280,0,112,245,60/-/14061,-1578,3379,0,254,10,60 projectiles=076E,-3021,3575,3162,24,160,0,63
retail_frame=1172 camera=-5126,1504,5339,128,0,0 player=-5128,1523,5340,248,54,11,8 wingmate=-14088,-269,6620,248,58,11,8 fighters=11481,-2792,-592,0,110,245,60/-/14201,-1841,3447,0,0,10,60 projectiles=076E,-2881,3711,3022,24,160,0,63
retail_frame=1176 camera=-5131,1502,5339,128,0,0 player=-5134,1520,5340,246,58,12,8 wingmate=-14094,-656,5724,246,62,12,8 fighters=11279,-2870,-900,0,108,245,60/-/14267,-1934,3597,0,2,10,60 projectiles=076E,-2881,3711,3022,24,160,0,63
retail_frame=1180 camera=-5148,1493,5339,128,0,0 player=-5151,1511,5340,246,63,13,10 wingmate=-14111,-665,4700,246,67,13,10 fighters=11065,-2942,-1200,0,106,245,60/-/14321,-2020,3747,0,4,10,60 projectiles=-
retail_frame=1184 camera=-5177,1477,5339,128,0,0 player=-5180,1496,5340,246,67,15,12 wingmate=-14140,-680,3932,246,71,15,12 fighters=10843,-3009,-1496,0,104,245,60/-/14363,-2100,3893,0,6,10,60 projectiles=-
retail_frame=1188 camera=-5216,1456,5333,128,0,0 player=-5219,1475,5334,246,72,16,14 wingmate=-13923,-701,2774,246,72,16,14 fighters=10609,-3073,-1784,0,102,245,60/-/14393,-2175,4039,0,8,10,60 projectiles=-
retail_frame=1192 camera=-5263,1430,5321,128,0,0 player=-5266,1450,5322,246,76,18,16 wingmate=-13586,-726,1866,246,76,18,16 fighters=10367,-3133,-2064,0,100,245,60/-/14411,-2246,4181,0,10,10,60 projectiles=-
retail_frame=1196 camera=-5372,1369,5276,128,0,0 player=-5375,1390,5276,246,81,18,18 wingmate=-5372,1369,5276,237,81,18,18 fighters=10117,-3191,-2340,0,98,245,60/-/14421,-2313,4319,0,12,10,60 projectiles=-
retail_frame=1200 camera=-5436,1333,5249,128,0,0 player=-5439,1355,5249,246,81,17,19 wingmate=-13759,-821,1665,246,81,17,19 fighters=9859,-3247,-2604,0,96,245,60/-/14419,-2377,4453,0,14,10,60 projectiles=-
retail_frame=1204 camera=-5436,1333,5249,128,0,0 player=-5506,1318,5221,246,81,16,20 wingmate=-13759,-821,1665,237,81,16,20 fighters=9589,-3301,-2860,0,94,245,60/-/14405,-2438,4583,0,16,10,60 projectiles=-
retail_frame=1208 camera=-5503,1296,5221,128,0,0 player=-5506,1318,5221,246,81,16,20 wingmate=-13826,-858,1637,246,81,16,20 fighters=9315,-3354,-3108,0,92,245,60/-/14379,-2497,4709,0,18,10,60 projectiles=-
retail_frame=1212 camera=-5575,1256,5190,128,0,0 player=-5578,1278,5190,246,81,16,21 wingmate=-13898,-898,1606,246,81,16,21 fighters=9033,-3405,-3348,0,90,245,60/-/14345,-2554,4831,0,20,10,60 projectiles=-
retail_frame=1216 camera=-5649,1213,5154,128,0,0 player=-5652,1236,5154,246,83,18,22 wingmate=-13332,-940,418,246,83,18,22 fighters=8743,-3455,-3576,0,88,245,60/-/14299,-2609,4945,0,22,10,60 projectiles=-
retail_frame=1220 camera=-5726,1169,5116,128,0,0 player=-5729,1192,5116,246,83,17,23 wingmate=-13793,-984,1020,246,83,17,23 fighters=8449,-3504,-3796,0,86,245,60/-/14245,-2662,5055,0,24,10,60 projectiles=-
retail_frame=1224 camera=-5806,1123,5077,128,0,0 player=-5809,1146,5077,246,83,16,24 wingmate=-13873,-1030,981,246,83,16,24 fighters=8147,-3552,-4004,0,84,245,60/-/14179,-2713,5157,0,26,10,60 projectiles=-
retail_frame=1228 camera=-5885,1075,5030,128,0,0 player=-5888,1098,5030,246,86,19,25 wingmate=-13184,-1078,-346,246,90,19,25 fighters=7841,-3599,-4204,0,82,245,60/-/14105,-2763,5251,0,28,10,60 projectiles=-
retail_frame=1232 camera=-5966,1026,4982,128,0,0 player=-5969,1049,4982,246,86,18,26 wingmate=-13649,-1127,374,246,86,18,26 fighters=7531,-3645,-4392,0,80,245,60/-/14023,-2811,5341,0,30,10,60 projectiles=-
retail_frame=1236 camera=-6050,976,4933,128,0,0 player=-6053,998,4933,246,86,17,27 wingmate=-13733,-1178,325,246,86,17,27 fighters=7217,-3690,-4568,0,78,245,60/-/13933,-2856,5419,0,32,10,60 projectiles=-
retail_frame=1240 camera=-6136,924,4882,128,0,0 player=-6139,946,4882,246,86,16,28 wingmate=-13819,-1230,274,246,86,16,28 fighters=7017,-3178,-4521,0,76,245,60/-/13716,-2603,5626,0,34,10,60 projectiles=-
retail_frame=1244 camera=-6224,872,4830,128,0,0 player=-6227,894,4830,246,86,14,29 wingmate=-13907,-1282,222,246,86,14,29 fighters=6813,-2734,-4466,0,74,245,60/-/13495,-2384,5825,0,36,10,60 projectiles=-
retail_frame=1248 camera=-6313,820,4777,128,0,0 player=-6316,841,4777,246,86,13,30 wingmate=-13996,-1335,169,246,86,13,30 fighters=6605,-2348,-4399,0,72,245,60/-/13266,-2196,6016,0,38,10,60 projectiles=-
retail_frame=1252 camera=-6403,766,4723,128,0,0 player=-6406,787,4723,246,86,11,30 wingmate=-14086,-1389,115,246,86,11,30 fighters=6397,-2014,-4320,0,70,245,60/-/13037,-2034,6207,0,38,9,60 projectiles=-
retail_frame=1256 camera=-6586,659,4614,128,0,0 player=-6589,678,4614,246,86,8,30 wingmate=-6586,659,4614,237,86,8,30 fighters=6185,-1724,-4229,0,68,245,60/-/12808,-1894,6398,0,38,8,60 projectiles=-
retail_frame=1260 camera=-6685,624,4555,0,0,0 player=-6685,643,4555,246,86,6,30 wingmate=-14269,-1498,6,244,86,6,30 fighters=5973,-1472,-4138,0,68,246,60/-/12579,-1773,6589,0,38,7,60 projectiles=-
retail_frame=1264 camera=-6788,608,4494,0,0,0 player=-6791,626,4494,246,86,4,30 wingmate=-6788,608,4494,250,86,4,30 fighters=5761,-1253,-4047,0,68,247,60/-/12350,-1668,6780,0,38,6,60 projectiles=-
retail_frame=1268 camera=-6894,607,4432,128,0,0 player=-6896,626,4432,247,86,2,30 wingmate=-14576,-1294,-176,247,86,2,30 fighters=5549,-1062,-3956,0,68,248,60/-/12121,-1576,6971,0,38,5,60 projectiles=-
retail_frame=1272 camera=-7000,621,4369,128,0,0 player=-7001,640,4369,249,86,1,30 wingmate=-14809,-896,-367,249,86,1,30 fighters=5337,-895,-3865,0,68,249,60/-/11892,-1495,7162,0,38,4,60 projectiles=-
retail_frame=1276 camera=-7000,621,4369,128,0,0 player=-7001,640,4369,249,86,1,30 wingmate=-14809,-896,-367,249,86,1,30 fighters=5125,-749,-3774,0,68,250,60/-/11663,-1424,7353,0,38,3,60 projectiles=-
retail_frame=1280 camera=-7107,636,4306,128,0,0 player=-7107,654,4306,252,86,255,30 wingmate=-14915,-242,-430,252,86,255,30 fighters=4913,-620,-3683,0,68,251,60/-/11434,-1360,7544,0,38,2,60 projectiles=-
retail_frame=1284 camera=-7214,650,4242,128,0,0 player=-7214,668,4242,252,86,254,30 wingmate=-15022,-228,-494,252,86,254,30 fighters=4701,-506,-3592,0,68,252,60/-/11205,-1302,7735,0,38,1,60 projectiles=-
retail_frame=1288 camera=-7322,664,4178,128,0,0 player=-7322,682,4178,252,86,252,30 wingmate=-15130,-214,-558,252,86,252,30 fighters=4489,-404,-3501,0,68,253,60/-/10976,-1250,7926,0,38,0,60 projectiles=-
retail_frame=1292 camera=-7430,679,4113,128,0,0 player=-7430,697,4113,252,86,252,30 wingmate=-15238,-199,-623,252,86,252,30 fighters=4277,-313,-3410,0,68,254,60/-/10723,-1201,8077,0,46,0,60 projectiles=-
retail_frame=1296 camera=-7539,694,4048,128,0,0 player=-7539,712,4048,252,86,252,30 wingmate=-15347,-184,-688,252,86,252,30 fighters=4065,-230,-3319,0,68,255,60/-/10458,-1155,8192,0,52,0,60 projectiles=-
retail_frame=1300 camera=-7649,708,3982,128,0,0 player=-7649,727,3982,252,86,252,30 wingmate=-15457,-169,-754,252,86,252,30 fighters=3853,-155,-3228,0,68,0,60/-/10185,-1110,8279,0,57,0,60 projectiles=-
retail_frame=1304 camera=-7759,723,3916,128,0,0 player=-7759,742,3916,252,86,253,30 wingmate=-15567,-154,-820,252,86,253,30 fighters=3641,-85,-3117,0,62,0,60/-/9908,-1068,8346,0,61,0,60 projectiles=-
retail_frame=1308 camera=-7869,738,3850,128,0,0 player=-7869,757,3850,252,86,253,30 wingmate=-15677,-139,-886,252,86,253,30 fighters=3433,-20,-2978,0,57,0,60/-/9631,-1026,8401,0,64,0,60 projectiles=-
retail_frame=1312 camera=-7979,752,3784,128,0,0 player=-7979,772,3784,252,86,254,30 wingmate=-15787,-124,-952,252,86,254,30 fighters=3229,41,-2819,0,54,0,60/-/9354,-984,8452,0,66,0,60 projectiles=-
retail_frame=1316 camera=-8089,767,3718,128,0,0 player=-8089,787,3718,252,86,254,30 wingmate=-15897,-109,-1018,252,86,254,30 fighters=3029,100,-2652,0,52,0,60/-/9077,-943,8491,0,68,0,60 projectiles=-
retail_frame=1320 camera=-8199,781,3652,128,0,0 player=-8199,802,3652,252,86,255,30 wingmate=-16007,-94,-1084,252,86,255,30 fighters=2833,156,-2473,0,50,0,60/-/8800,-902,8522,0,69,0,60 projectiles=-
retail_frame=1324 camera=-8309,795,3586,128,0,0 player=-8309,817,3586,252,86,0,30 wingmate=-16117,-79,-1150,252,86,0,30 fighters=2637,210,-2286,0,49,0,60/-/8527,-861,8549,0,70,0,60 projectiles=-
retail_frame=1328 camera=-8419,810,3520,128,0,0 player=-8419,832,3520,252,86,1,30 wingmate=-16227,-64,-1216,252,86,1,30 fighters=2445,263,-2095,0,48,0,60/-/8254,-820,8572,0,71,0,60 projectiles=-
retail_frame=1332 camera=-8529,824,3454,128,0,0 player=-8529,847,3454,252,86,2,30 wingmate=-16337,-49,-1282,252,86,2,30 fighters=2253,314,-1900,0,47,0,60/-/7981,-779,8587,0,72,0,60 projectiles=-
retail_frame=1336 camera=-8639,839,3388,128,0,0 player=-8639,862,3388,252,86,2,30 wingmate=-16447,-34,-1348,252,86,2,30 fighters=2065,364,-1697,0,46,0,60/-/7712,-738,8598,0,73,0,60 projectiles=-
retail_frame=1340 camera=-8754,854,3331,128,0,0 player=-8754,877,3331,252,83,0,30 wingmate=-17330,-19,131,252,83,0,30 fighters=1873,413,-1502,0,47,0,60/-/7443,-697,8601,0,74,0,60 projectiles=-
retail_frame=1344 camera=-8869,868,3274,128,0,0 player=-8869,892,3274,252,83,1,30 wingmate=-17061,-4,-822,252,83,1,30 fighters=1681,461,-1311,0,48,0,60/-/7174,-655,8600,0,75,0,60 projectiles=-
retail_frame=1348 camera=-8984,883,3217,128,0,0 player=-8984,907,3217,252,83,3,30 wingmate=-17176,11,-879,252,83,3,30 fighters=1489,509,-1120,0,48,0,60/-/6909,-613,8595,0,76,0,60 projectiles=-
retail_frame=1352 camera=-9099,898,3160,128,0,0 player=-9099,922,3160,252,83,4,30 wingmate=-17291,26,-936,252,83,4,30 fighters=1293,556,-933,0,49,0,60/-/6644,-572,8582,0,77,0,60 projectiles=-
retail_frame=1356 camera=-9214,913,3103,128,0,0 player=-9214,937,3103,252,83,4,30 wingmate=-17406,41,-993,252,83,4,30 fighters=1097,601,-754,0,50,0,60/-/6383,-531,8565,0,78,0,60 projectiles=-
retail_frame=1360 camera=-9333,928,3053,128,0,0 player=-9333,952,3053,252,81,1,30 wingmate=-18037,56,237,252,77,1,30 fighters=901,646,-575,0,50,0,60/-/6256,-605,8522,0,78,0,60 projectiles=-
retail_frame=1364 camera=-9456,944,3015,128,0,0 player=-9456,967,3015,252,77,253,30 wingmate=-18416,71,1095,252,73,253,30 fighters=701,690,-400,0,51,0,60/-/6040,-561,8450,0,78,0,60 projectiles=-
retail_frame=1368 camera=-9579,959,2977,128,0,0 player=-9579,982,2977,252,77,254,30 wingmate=-18283,86,161,252,77,254,30 fighters=-/-/6129,-666,8479,116,78,0,60 projectiles=-
retail_frame=1372 camera=-9702,974,2939,128,0,0 player=-9702,997,2939,252,77,254,30 wingmate=-18406,101,123,252,77,254,30 fighters=141,1439,-408,0,52,0,60/-/6002,-715,8436,0,78,0,60 projectiles=-
retail_frame=1376 camera=-9822,1003,2902,0,0,0 player=-9822,1025,2902,252,77,255,30 wingmate=-18526,129,86,252,77,255,30 fighters=-139,1749,-404,0,51,0,60/-/5659,-755,8321,0,78,0,60 projectiles=-
retail_frame=1380 camera=-9939,1043,2865,0,0,0 player=-9939,1065,2865,252,77,255,30 wingmate=-18643,169,49,252,77,255,30 fighters=-419,2024,-400,0,51,0,60/-/5621,-813,8307,0,78,0,60 projectiles=-
retail_frame=1384 camera=-10053,1094,2829,128,0,0 player=-10053,1115,2829,253,77,255,30 wingmate=-18757,475,13,253,77,255,30 fighters=-699,2266,-396,0,51,0,60/-/5494,-834,8264,0,78,0,60 projectiles=-
retail_frame=1388 camera=-10163,1154,2795,128,0,0 player=-10163,1174,2795,0,77,255,30 wingmate=-18995,1174,-21,0,77,255,30 fighters=-979,2480,-392,0,51,0,60/-/5367,-851,8221,0,78,0,60 projectiles=-
retail_frame=1392 camera=-10268,1222,2762,128,0,0 player=-10268,1242,2762,2,77,254,30 wingmate=-18972,1626,-54,2,77,254,30 fighters=-1259,2669,-388,0,51,0,60/-/5240,-865,8178,0,78,0,60 projectiles=-
retail_frame=1396 camera=-10374,1291,2729,128,0,0 player=-10373,1310,2729,5,77,254,30 wingmate=-19077,2334,-87,5,77,254,30 fighters=-1539,2835,-384,0,51,0,60/-/5113,-877,8135,0,78,0,60 projectiles=06F0,-1843,2562,-196,247,51,0,63
retail_frame=1400 camera=-10479,1359,2696,128,0,0 player=-10478,1378,2696,5,77,253,30 wingmate=-19182,2402,-120,5,77,253,30 fighters=-1819,2980,-380,0,51,0,60/-/4986,-887,8092,0,78,0,60 projectiles=06F0,-2432,2467,-6,248,51,0,63
retail_frame=1404 camera=-10584,1427,2663,128,0,0 player=-10583,1446,2663,5,77,253,30 wingmate=-19287,2470,-153,5,77,253,30 fighters=-2099,3107,-376,0,51,0,60/-/4859,-897,8049,0,78,0,60 projectiles=06F0,-3023,2375,175,248,52,0,63
retail_frame=1408 camera=-10689,1496,2630,128,0,0 player=-10688,1514,2630,5,77,252,30 wingmate=-19392,2538,-186,5,77,252,30 fighters=-2379,3218,-372,0,51,0,60/-/4732,-908,8006,0,78,0,60 projectiles=06F0,-3615,2293,353,249,52,0,63
retail_frame=1412 camera=-10794,1564,2597,128,0,0 player=-10793,1582,2597,5,77,252,30 wingmate=-19497,2606,-219,5,77,252,30 fighters=-2659,3313,-368,0,51,0,60/-/4605,-919,7963,0,78,0,60 projectiles=06F0,-4209,2223,528,250,52,0,63
retail_frame=1416 camera=-10899,1632,2564,128,0,0 player=-10898,1650,2564,5,77,252,30 wingmate=-19602,2674,-252,5,77,252,30 fighters=-2939,3394,-364,0,51,0,60/-/4478,-930,7920,0,78,0,60 projectiles=06F0,-4803,2158,700,250,52,0,63
retail_frame=1420 camera=-11004,1700,2531,128,0,0 player=-11003,1718,2531,5,77,252,30 wingmate=-19707,2742,-285,5,77,252,30 fighters=-3219,3463,-360,0,51,0,60/-/4351,-943,7877,0,78,0,60 projectiles=06F0,-5405,2103,865,251,53,0,63
retail_frame=1424 camera=-11109,1768,2498,128,0,0 player=-11108,1786,2498,5,77,253,30 wingmate=-19812,2810,-318,5,77,253,30 fighters=-3495,3520,-352,0,50,0,60/-/4224,-957,7834,0,78,0,60 projectiles=06F0,-6010,2062,1027,252,53,0,63
retail_frame=1428 camera=-11211,1840,2466,0,0,0 player=-11210,1859,2466,5,77,253,30 wingmate=-19914,2883,-350,5,77,253,30 fighters=-3748,2617,-154,0,50,0,60/-/4097,-974,7791,0,78,0,60 projectiles=06F0,-6615,2031,1186,253,53,0,63
retail_frame=1432 camera=-11313,1913,2434,0,0,0 player=-11312,1932,2434,5,77,254,30 wingmate=-20016,2956,-382,5,77,254,30 fighters=-4005,1822,40,0,51,0,60/-/3970,-992,7748,0,78,0,60 projectiles=06F0,-7222,2014,1334,254,54,0,63
retail_frame=1436 camera=-11427,1963,2398,128,0,0 player=-11426,1982,2398,5,77,254,30 wingmate=-20130,3006,-418,5,77,254,30 fighters=-4262,1123,226,0,52,0,60/-/3843,-1013,7705,0,78,0,60 projectiles=06F0,-7830,2005,1475,255,55,0,63
retail_frame=1440 camera=-11547,1990,2361,128,0,0 player=-11546,2010,2361,5,77,255,30 wingmate=-20250,3034,-455,5,77,255,30 fighters=-4523,507,408,0,53,0,60/-/3716,-1036,7662,0,78,0,60 projectiles=06F0,-8438,2005,1610,0,55,0,63
retail_frame=1444 camera=-11670,1999,2323,0,0,0 player=-11669,2019,2323,3,77,0,30 wingmate=-20373,2659,-493,3,77,0,30 fighters=-4784,-37,586,0,54,0,60/-/3589,-1061,7619,0,78,0,60 projectiles=06F0,-9053,2005,1731,0,56,0,63
retail_frame=1448 camera=-11792,1989,2285,0,0,0 player=-11792,2010,2285,1,77,1,30 wingmate=-20496,2138,-531,1,77,1,30 fighters=-5045,-517,756,0,55,0,60/-/3462,-1088,7576,0,78,0,60 projectiles=06F0,-9668,2005,1846,0,56,0,63
retail_frame=1452 camera=-11916,1967,2253,0,0,0 player=-11916,1989,2253,254,75,255,30 wingmate=-21004,1605,845,254,75,255,30 fighters=-5310,-943,922,0,56,0,60/-/3335,-1117,7533,0,78,0,60 projectiles=06F0,-10286,1998,1948,255,57,0,63
retail_frame=1456 camera=-12036,1930,2222,0,0,0 player=-12036,1952,2222,252,75,0,30 wingmate=-20868,1056,-82,252,75,0,30 fighters=-5575,-1321,1080,0,57,0,60/-/3208,-1147,7490,0,78,0,60 projectiles=06F0,-10904,1978,2033,254,58,0,63
retail_frame=1460 camera=-12152,1883,2192,0,0,0 player=-12153,1906,2192,249,75,2,30 wingmate=-20985,370,-112,249,75,2,30 fighters=-5840,-1657,1234,0,58,0,60/-/3081,-1179,7447,0,78,0,60 projectiles=082B,-6105,-1004,1160,27,58,0,63;06F0,-11526,1934,2105,252,59,0,63
retail_frame=1464 camera=-12265,1827,2171,0,0,0 player=-12267,1850,2172,247,72,255,30 wingmate=-122,-20,11,247,68,255,30 fighters=-6109,-1956,1384,0,59,0,60/-/2954,-1212,7404,0,78,0,60 projectiles=082B,-6642,-704,1238,26,58,0,63;06F0,-11766,1890,2117,249,60,0,63
retail_frame=1468 camera=-12374,1764,2151,0,0,0 player=-12377,1786,2152,244,72,1,30 wingmate=-122,-20,11,244,72,1,30 fighters=-6378,-2223,1526,0,60,0,60/-/2827,-1246,7361,0,78,0,60 projectiles=082B,-7190,-418,1316,24,58,0,63;06F0,-12006,1850,2133,249,60,0,63
retail_frame=1472 camera=-12479,1690,2137,0,0,0 player=-12483,1713,2138,242,70,254,30 wingmate=-119,-32,8,242,66,254,30 fighters=-6647,-2462,1664,0,61,0,60/-/2611,-1246,7289,0,78,0,60 projectiles=082B,-7742,-149,1394,23,58,0,63;06F0,-12246,1810,2149,245,61,0,63
retail_frame=1476 camera=-12582,1612,2122,0,0,0 player=-12587,1635,2124,239,70,255,30 wingmate=-119,-32,8,239,70,255,30 fighters=-6916,-2676,1802,0,61,0,60/-/2484,-1281,7246,0,78,0,60 projectiles=082B,-8307,100,1469,21,58,0,63;06F0,-12482,1746,2161,245,61,0,63
retail_frame=1480 camera=-12682,1532,2109,0,0,0 player=-12688,1554,2111,237,70,0,30 wingmate=-119,-32,8,237,70,0,30 fighters=-7185,-2869,1932,0,62,0,60/-/2573,-1317,7275,0,78,0,60 projectiles=082B,-8883,333,1544,20,59,0,63;06F0,-12718,1682,2173,245,61,0,63
retail_frame=1484 camera=-12779,1446,2103,0,0,0 player=-12786,1468,2105,234,67,252,30 wingmate=-119,-32,8,234,63,252,30 fighters=-7454,-3042,2058,0,63,0,60/-/2446,-1353,7232,0,78,0,60 projectiles=082B,-9473,538,1619,17,59,0,63;06F0,-12954,1618,2185,245,61,0,63
retail_frame=1488 camera=-12872,1355,2097,0,0,0 player=-12879,1377,2100,232,67,253,30 wingmate=-20559,-3871,1588,232,67,253,30 fighters=-7723,-3198,2184,0,64,0,60/-/2319,-1390,7189,0,78,0,60 projectiles=082B,-10070,716,1694,15,59,0,63;06F0,-12954,1618,2185,245,61,0,63
retail_frame=1492 camera=-12962,1264,2092,0,0,0 player=-12970,1284,2095,229,67,253,30 wingmate=-20266,-4476,1583,229,67,253,30 fighters=-7992,-3339,2310,0,65,0,60/-/2156,-922,7053,0,77,0,60 projectiles=082B,-10674,856,1769,12,59,0,63;06F0,-13190,1554,2197,245,61,0,63
retail_frame=1496 camera=-13053,1171,2092,0,0,0 player=-13062,1191,2095,227,64,250,30 wingmate=-20102,-4953,2735,227,60,250,30 fighters=-8261,-3466,2432,0,66,0,60/-/1993,-516,6917,0,77,0,60 projectiles=082B,-10924,890,1802,12,59,0,63;06F0,-13426,1490,2209,245,61,0,63
retail_frame=1500 camera=-13145,1078,2091,0,0,0 player=-13154,1098,2095,227,64,250,30 wingmate=-20194,-5046,2095,227,64,250,30 fighters=-8261,-3466,2432,0,66,0,60/-/1830,-165,6781,0,77,0,60 projectiles=082B,-11285,959,1843,9,59,0,63;06F0,-13662,1426,2221,245,61,0,63
retail_frame=1504 camera=-13237,986,2091,0,0,0 player=-13246,1005,2095,227,64,250,30 wingmate=-13237,986,2091,224,64,250,30 fighters=-8530,-3582,2546,0,67,3,60/-/1667,139,6645,0,77,0,60 projectiles=082B,-11907,1006,1916,4,59,0,63;06F0,-13898,1362,2233,245,61,0,63
retail_frame=1508 camera=-13237,986,2091,0,0,0 player=-13246,1005,2095,227,64,250,30 wingmate=-20286,-5139,2095,227,64,250,30 fighters=-8799,-3686,2656,0,68,5,60/-/1504,402,6517,0,76,0,60 projectiles=082B,-12531,1005,1989,0,59,0,63;06F0,-14134,1298,2245,245,61,0,63
retail_frame=1512 camera=-13328,893,2093,0,0,0 player=-13337,912,2097,227,62,246,30 wingmate=-121,-23,14,227,58,246,30 fighters=-9068,-3780,2758,0,69,7,60/-/1341,630,6389,0,76,0,60 projectiles=082B,-12771,961,2013,248,59,0,63;06F0,-14370,1234,2257,245,61,0,63
retail_frame=1516 camera=-13420,801,2095,0,0,0 player=-13428,819,2099,227,62,246,30 wingmate=-119,-26,17,227,62,246,30 fighters=-9333,-3864,2852,0,71,9,60/-/1178,828,6261,0,76,0,60 projectiles=082B,-13011,917,2037,247,58,0,63;06F0,-14606,1170,2269,245,61,0,63
retail_frame=1520 camera=-13509,707,2105,128,0,0 player=-13517,724,2109,227,59,244,30 wingmate=-119,-26,17,227,55,244,30 fighters=-9594,-3940,2934,0,73,11,60/-/1178,828,6261,0,76,0,60 projectiles=082B,-13243,865,2065,247,58,0,63;06F0,-14842,1106,2281,245,61,0,63
retail_frame=1524 camera=-13596,608,2112,128,0,0 player=-13604,625,2117,227,59,244,30 wingmate=-20644,-5519,2885,227,59,244,30 fighters=-9594,-3940,2934,0,73,11,60/-/1015,999,6133,0,76,0,60 projectiles=082B,-13243,865,2065,247,58,0,63;06F0,-14842,1106,2281,245,61,0,63
retail_frame=1528 camera=-13596,608,2112,128,0,0 player=-13604,625,2117,227,59,244,30 wingmate=-20644,-5519,2885,227,59,244,30 fighters=-9851,-4008,3000,0,76,12,60/-/848,1148,6009,0,75,0,60 projectiles=082B,-13475,813,2093,238,57,0,63;06F0,-15078,1042,2293,245,61,0,63
retail_frame=1532 camera=-13677,510,2127,0,0,0 player=-13686,525,2132,226,56,242,30 wingmate=-20214,-5747,4052,226,56,242,30 fighters=-9966,-3303,3016,0,79,13,60/-/681,1278,5885,0,75,0,60 projectiles=082B,-13691,709,2125,238,57,0,63;06F0,-15314,978,2305,245,61,0,63
retail_frame=1536 camera=-13758,410,2147,0,0,0 player=-13767,425,2153,223,53,239,30 wingmate=-110,-53,18,223,49,239,30 fighters=-10073,-2686,3016,0,82,14,60/-/514,1392,5761,0,75,0,60 projectiles=082B,-13907,605,2157,238,57,0,63;06F0,-15550,914,2317,245,61,0,63
retail_frame=1540 camera=-13858,333,2172,128,0,0 player=-13868,347,2179,221,53,240,30 wingmate=-19628,-6821,3715,221,53,240,30 fighters=-10172,-2146,3000,0,85,15,60/-/347,1493,5641,0,74,0,60 projectiles=082B,-14123,501,2189,238,57,0,63;06F0,-15786,850,2329,245,61,0,63
retail_frame=1544 camera=-13971,278,2202,128,0,0 player=-13981,291,2209,219,53,241,30 wingmate=-19357,-7133,3617,219,53,241,30 fighters=-10259,-1673,2964,0,89,16,60/-/180,1583,5521,0,74,0,60 projectiles=082B,-14339,397,2221,238,57,0,63;06F0,-16022,786,2341,245,61,0,63
retail_frame=1548 camera=-14092,244,2233,0,0,0 player=-14102,257,2240,218,53,242,30 wingmate=-19222,-7295,3648,218,53,242,30 fighters=-10334,-1257,2912,0,93,17,60/-/13,1663,5401,0,74,0,60 projectiles=082B,-14555,293,2253,238,57,0,63;06F0,-16258,722,2353,245,61,0,63
retail_frame=1552 camera=-14218,234,2255,0,0,0 player=-14229,246,2262,217,56,248,30 wingmate=-19477,-7434,2646,217,60,248,30 fighters=-10389,-892,2844,0,97,18,60/-/-154,1735,5289,0,73,0,60 projectiles=082B,-14771,189,2285,238,57,0,63;06F0,-16494,658,2365,245,61,0,63
retail_frame=1556 camera=-14345,236,2277,128,0,0 player=-14356,248,2284,217,56,249,30 wingmate=-19476,-7432,3180,217,56,249,30 fighters=-10428,-570,2760,0,101,19,60/-/-321,1802,5177,0,73,0,60 projectiles=082B,-14987,85,2317,238,57,0,63
retail_frame=1560 camera=-14474,253,2290,128,0,0 player=-14484,266,2297,218,59,254,30 wingmate=-19860,-7286,2425,218,59,254,30 fighters=-10443,-285,2660,0,106,20,60/-/-488,1863,5065,0,73,0,60 projectiles=082B,-15203,-19,2349,238,57,0,63
retail_frame=1564 camera=-14599,283,2304,0,0,0 player=-14609,297,2310,219,59,254,30 wingmate=-20241,-7127,2950,219,59,254,30 fighters=-10430,-33,2544,0,111,21,60/-/-659,1921,4957,0,72,0,60 projectiles=082B,-15419,-123,2381,238,57,0,63
retail_frame=1568 camera=-14720,326,2317,0,0,0 player=-14730,340,2323,221,59,255,30 wingmate=-20746,-6828,2963,221,59,255,30 fighters=-10389,192,2420,0,116,22,60/-/-830,1975,4849,0,72,0,60 projectiles=082B,-15635,-227,2413,238,57,0,63
retail_frame=1572 camera=-14839,377,2330,0,0,0 player=-14849,392,2335,223,59,0,30 wingmate=-21121,-6392,2975,223,59,0,30 fighters=-10320,392,2288,0,121,23,60/-/-1001,2027,4741,0,72,0,60 projectiles=082B,-15851,-331,2445,238,57,0,63
retail_frame=1576 camera=-14955,437,2337,0,0,0 player=-14964,453,2342,226,61,4,30 wingmate=-21876,-5819,2214,226,61,4,30 fighters=-10219,571,2152,0,127,24,60/-/-1172,2077,4641,0,71,0,60 projectiles=082B,-16067,-435,2477,238,57,0,63
retail_frame=1580 camera=-15066,504,2344,0,0,0 player=-15074,521,2348,228,61,4,30 wingmate=-22242,-5367,2860,228,61,4,30 fighters=-10094,733,2016,0,133,25,60/-/-1343,2125,4541,0,71,0,60 projectiles=082B,-16283,-539,2509,238,57,0,63
retail_frame=1584 camera=-15280,652,2339,0,0,0 player=-15280,672,2339,233,67,11,30 wingmate=-15280,652,2339,26,67,11,30 fighters=-9937,879,1888,0,139,26,60/-/-1514,2173,4441,0,71,0,60 projectiles=082B,-16499,-643,2541,238,57,0,63
retail_frame=1588 camera=-15280,652,2339,0,0,0 player=-15287,672,2342,233,67,11,30 wingmate=-22967,-4320,1062,233,67,11,30 fighters=-9748,1012,1772,0,145,26,60/-/-1685,2220,4341,0,71,0,60 projectiles=082B,-16715,-747,2573,238,57,0,63
retail_frame=1592 camera=-15381,735,2334,0,0,0 player=-15387,755,2336,236,67,10,30 wingmate=-23451,-3597,1824,236,67,10,30 fighters=-9527,1134,1672,0,151,26,60/-/-1856,2266,4245,0,70,0,60 projectiles=082B,-16931,-851,2605,238,57,0,63
retail_frame=1596 camera=-15479,819,2328,0,0,0 player=-15485,841,2330,238,67,10,30 wingmate=-23677,-3127,1818,238,67,10,30 fighters=-9278,1246,1592,0,157,26,60/-/-2027,2312,4149,0,70,0,60 projectiles=082B,-17147,-955,2637,238,57,0,63
retail_frame=1600 camera=-15573,910,2323,0,0,0 player=-15578,932,2325,241,67,9,30 wingmate=-24154,-2396,1813,241,67,9,30 fighters=-9001,1349,1540,0,163,26,60/-/-2198,2357,4053,0,70,0,60 projectiles=-
retail_frame=1604 camera=-15665,1003,2319,0,0,0 player=-15669,1025,2320,243,67,8,30 wingmate=-24373,-1791,1808,243,67,8,30 fighters=-8724,1445,1488,0,163,23,60/-/-2369,2402,3957,0,70,0,60 projectiles=-
retail_frame=1608 camera=-15755,1097,2314,0,0,0 player=-15758,1120,2315,246,67,7,30 wingmate=-24718,-1056,1675,246,67,7,30 fighters=-8447,1534,1436,0,163,21,60/-/-2544,2447,3865,0,69,0,60 projectiles=-
retail_frame=1612 camera=-15843,1195,2309,0,0,0 player=-15845,1219,2310,248,67,5,30 wingmate=-24805,-573,1670,248,67,5,30 fighters=-8170,1617,1384,0,163,19,60/-/-2719,2491,3773,0,69,0,60 projectiles=-
retail_frame=1616 camera=-15931,1294,2305,0,0,0 player=-15932,1318,2305,251,67,4,30 wingmate=-25020,294,1665,251,67,4,30 fighters=-7893,1695,1332,0,163,17,60/-/-2894,2534,3681,0,69,0,60 projectiles=-
retail_frame=1620 camera=-16015,1394,2300,0,0,0 player=-16015,1418,2300,253,67,2,30 wingmate=-25103,778,1660,253,67,2,30 fighters=-7616,1768,1280,0,163,15,60/-/-3069,2577,3589,0,69,0,60 projectiles=-
retail_frame=1624 camera=-16097,1496,2295,0,0,0 player=-16097,1520,2295,0,67,2,30 wingmate=-25313,1520,1655,0,67,2,30 fighters=-7339,1837,1228,0,163,14,60/-/-3244,2619,3505,0,68,0,60 projectiles=-
retail_frame=1628 camera=-16179,1599,2290,0,0,0 player=-16179,1622,2290,2,67,1,30 wingmate=-25267,2006,1650,2,67,1,30 fighters=-7062,1901,1176,0,163,13,60/-/-3483,2347,3432,0,68,0,60 projectiles=-
retail_frame=1632 camera=-16261,1701,2285,0,0,0 player=-16261,1724,2285,2,67,0,30 wingmate=-25349,2108,1645,2,67,0,30 fighters=-6785,1961,1124,0,163,12,60/-/-3722,2113,3359,0,68,0,60 projectiles=-
retail_frame=1636 camera=-16343,1803,2280,0,0,0 player=-16343,1826,2280,2,67,255,30 wingmate=-25431,2210,1640,2,67,255,30 fighters=-6508,2018,1072,0,163,11,60/-/-3961,1911,3286,0,68,0,60 projectiles=-
retail_frame=1640 camera=-16425,1906,2275,0,0,0 player=-16425,1928,2275,2,67,254,30 wingmate=-25513,2312,1635,2,67,254,30 fighters=-6231,2071,1020,0,163,10,60/-/-4200,1738,3213,0,68,0,60 projectiles=-
retail_frame=1644 camera=-16507,2008,2270,0,0,0 player=-16507,2030,2270,2,67,253,30 wingmate=-25595,2414,1630,36,67,253,105 fighters=-5936,2255,869,0,163,9,60/-/-4439,1588,3144,0,67,0,60 projectiles=-
retail_frame=1648 camera=-16589,2111,2265,0,0,0 player=-16589,2132,2265,2,67,253,30 wingmate=-25677,2516,1625,2,67,253,30 fighters=-5641,2417,718,0,163,8,60/-/-4678,1459,3075,0,67,0,60 projectiles=-
retail_frame=1652 camera=-16671,2214,2260,0,0,0 player=-16671,2234,2260,2,67,253,30 wingmate=-25759,2618,1620,2,67,253,30 fighters=-5346,2561,567,0,163,7,60/-/-4917,1348,3006,0,67,0,60 projectiles=-
retail_frame=1656 camera=-16753,2316,2255,0,0,0 player=-16753,2336,2255,2,67,252,30 wingmate=-25841,2720,1615,2,67,252,30 fighters=-5051,2689,416,0,163,6,60/-/-5156,1251,2937,0,67,0,60 projectiles=-
retail_frame=1660 camera=-16835,2419,2250,0,0,0 player=-16835,2438,2250,2,67,252,30 wingmate=-25923,2822,1610,2,67,252,30 fighters=-4756,2801,265,0,163,5,60/-/-5395,1166,2868,0,67,0,60 projectiles=-
retail_frame=1664 camera=-16940,2497,2250,128,0,0 player=-16940,2516,2250,2,64,249,30 wingmate=-26028,2900,3018,2,60,249,30 fighters=-4461,2899,114,0,163,4,60/-/-5634,1092,2799,0,67,0,60 projectiles=-
retail_frame=1668 camera=-17056,2553,2257,128,0,0 player=-17056,2572,2257,2,61,246,30 wingmate=-26144,2956,3665,2,57,246,30 fighters=-4166,2985,-37,0,163,3,60/-/-5873,1026,2738,0,66,0,60 projectiles=-
retail_frame=1672 camera=-17181,2585,2264,0,0,0 player=-17181,2603,2264,1,61,248,30 wingmate=-26269,2731,2904,1,61,248,30 fighters=-3871,3060,-188,0,163,2,60/-/-6112,967,2677,0,66,0,60 projectiles=-
retail_frame=1676 camera=-17310,2596,2271,0,0,0 player=-17310,2614,2271,254,61,249,30 wingmate=-26398,2230,2911,254,61,249,30 fighters=-3576,3123,-339,0,163,1,60/-/-6351,914,2616,0,66,0,60 projectiles=-
retail_frame=1680 camera=-17439,2594,2278,0,0,0 player=-17439,2612,2278,252,61,251,30 wingmate=-26527,1716,2918,252,61,251,30 fighters=-3278,2964,-498,0,163,0,60/-/-6590,865,2555,0,66,0,60 projectiles=-
retail_frame=1684 camera=-17567,2592,2284,0,0,0 player=-17568,2610,2285,249,61,252,30 wingmate=-26656,1074,2925,249,61,252,30 fighters=-2980,2823,-657,0,163,0,60/-/-6829,819,2498,0,65,0,60 projectiles=-
retail_frame=1688 camera=-17696,2590,2291,0,0,0 player=-17697,2608,2292,249,61,254,30 wingmate=-26785,1072,2932,249,61,254,30 fighters=-2682,2696,-816,0,163,255,60/-/-7068,776,2441,0,65,0,60 projectiles=-
retail_frame=1692 camera=-17825,2587,2298,0,0,0 player=-17826,2606,2299,249,61,0,30 wingmate=-26914,1070,2939,249,61,0,30 fighters=-2384,2582,-975,0,163,254,60/-/-7307,734,2384,0,65,0,60 projectiles=-
retail_frame=1696 camera=-17954,2585,2305,0,0,0 player=-17955,2604,2306,249,61,1,30 wingmate=-27043,1068,2946,249,61,1,30 fighters=-2086,2478,-1134,0,163,253,60/-/-7546,694,2327,0,65,0,60 projectiles=04B9,-7917,866,2379,12,65,0,63
retail_frame=1700 camera=-18083,2583,2312,0,0,0 player=-18084,2602,2313,249,61,2,30 wingmate=-27172,1066,2953,249,61,2,30 fighters=-1792,2383,-1297,0,162,252,60/-/-7785,655,2270,0,64,0,60 projectiles=04B9,-8531,993,2373,11,65,0,63
retail_frame=1704 camera=-18212,2580,2319,0,0,0 player=-18213,2600,2320,249,61,2,30 wingmate=-27301,1064,2960,249,61,2,30 fighters=-1506,2296,-1464,0,161,251,60/-/-8024,615,2213,0,64,0,60 projectiles=04B9,-9145,1117,2370,11,65,0,63
retail_frame=1708 camera=-18341,2578,2326,0,0,0 player=-18342,2598,2327,249,61,3,30 wingmate=-27430,1062,2967,249,61,3,30 fighters=-1224,2215,-1635,0,160,250,60/-/-8263,576,2156,0,64,0,60 projectiles=04B9,-9759,1241,2367,11,65,0,63
retail_frame=1712 camera=-18470,2575,2333,0,0,0 player=-18471,2596,2334,249,61,3,30 wingmate=-27559,1060,2974,249,61,3,30 fighters=-946,2139,-1810,0,159,249,60/-/-8502,536,2099,0,64,0,60 projectiles=04B9,-10374,1354,2364,10,64,0,63
retail_frame=1716 camera=-18600,2572,2333,0,0,0 player=-18601,2594,2334,249,64,7,30 wingmate=-27689,1058,1566,249,64,7,30 fighters=-676,2068,-1997,0,157,248,60/-/-8741,496,2042,0,64,0,60 projectiles=04B9,-10991,1464,2361,10,64,0,63
retail_frame=1720 camera=-18730,2570,2333,0,0,0 player=-18731,2592,2334,249,64,6,30 wingmate=-27947,1056,2334,249,64,6,30 fighters=-414,2000,-2188,0,155,247,60/-/-8980,456,1985,0,63,0,60 projectiles=04B9,-11608,1574,2358,10,64,0,63
retail_frame=1724 camera=-18860,2567,2333,0,0,0 player=-18861,2590,2334,249,64,5,30 wingmate=-28077,1054,2334,249,64,5,30 fighters=-160,1935,-2387,0,153,246,60/-/-9219,416,1928,0,63,0,60 projectiles=04B9,-12225,1677,2355,9,64,0,63
retail_frame=1728 camera=-18990,2565,2333,0,0,0 player=-18991,2588,2334,249,64,4,30 wingmate=-28207,1052,2334,249,64,4,30 fighters=82,1873,-2594,0,151,245,60/-/-9458,375,1871,0,63,0,60 projectiles=04B9,-12842,1777,2352,9,64,0,63
retail_frame=1732 camera=-19120,2563,2333,0,0,0 player=-19121,2586,2334,249,64,3,30 wingmate=-28337,1050,2334,249,64,3,30 fighters=308,1814,-2809,0,148,244,60/-/-9697,334,1814,0,63,0,60 projectiles=04B9,-13459,1877,2349,9,64,0,63
retail_frame=1736 camera=-19250,2560,2333,0,0,0 player=-19251,2584,2334,249,64,3,30 wingmate=-28467,1048,2334,249,64,3,30 fighters=518,1757,-3032,0,145,244,60/-/-9936,293,1761,0,62,0,60 projectiles=04B9,-14080,1966,2346,8,64,0,63
retail_frame=1740 camera=-19380,2558,2333,0,0,0 player=-19381,2582,2334,249,64,2,30 wingmate=-28597,1046,2334,249,64,2,30 fighters=712,1702,-3259,0,142,244,60/-/-10175,252,1708,0,62,0,60 projectiles=04B9,-14701,2052,2343,8,64,0,63
retail_frame=1744 camera=-19510,2556,2333,0,0,0 player=-19511,2580,2334,249,64,2,30 wingmate=-28727,1044,2334,249,64,2,30 fighters=890,1648,-3494,0,139,244,60/-/-10414,212,1655,0,62,0,60 projectiles=04B9,-15322,2131,2340,7,64,0,63
retail_frame=1748 camera=-19640,2554,2333,0,0,0 player=-19641,2578,2334,249,64,1,30 wingmate=-28857,1042,2334,249,64,1,30 fighters=1052,1597,-3733,0,136,244,60/-/-10653,172,1602,0,62,0,60 projectiles=04B9,-15943,2209,2337,7,64,0,63
retail_frame=1752 camera=-19770,2552,2333,0,0,0 player=-19771,2576,2334,249,64,0,30 wingmate=-28987,1040,2334,249,64,0,30 fighters=1198,1547,-3976,0,133,244,60/-/-10986,-302,1681,0,61,0,60 projectiles=04B9,-16564,2277,2334,6,64,0,63
retail_frame=1756 camera=-19900,2551,2333,0,0,0 player=-19901,2574,2334,249,64,255,30 wingmate=-29117,1038,2334,249,64,255,30 fighters=1324,1499,-4219,0,130,244,60/-/-11319,-720,1752,0,62,0,60 projectiles=04B9,-17185,2342,2334,6,64,0,63
retail_frame=1760 camera=-20029,2533,2333,128,0,0 player=-20030,2556,2334,249,64,254,30 wingmate=-29246,1020,2334,249,64,254,30 fighters=1446,1453,-4462,0,127,244,60/-/-11652,-1091,1823,0,62,0,60 projectiles=06F0,-11883,-460,1777,23,62,0,63;04B9,-17810,2397,2334,5,64,0,63
retail_frame=1764 camera=-20155,2499,2333,128,0,0 player=-20156,2522,2334,249,64,254,30 wingmate=-29372,986,2334,249,64,254,30 fighters=1382,1056,-4759,0,124,244,60/-/-11985,-1418,1894,0,62,0,60 projectiles=06F0,-12451,-210,1802,22,62,0,63;04B9,-18191,2415,2334,3,64,0,63
retail_frame=1768 camera=-20276,2457,2333,0,0,0 player=-20278,2479,2334,248,64,253,30 wingmate=-29366,687,2334,248,64,253,30 fighters=1302,706,-5052,0,121,244,60/-/-12318,-1707,1965,0,62,0,60 projectiles=06F0,-13026,33,1830,21,62,0,63;04B9,-18435,2431,2334,3,64,0,63
retail_frame=1772 camera=-20392,2402,2333,0,0,0 player=-20395,2423,2334,246,64,253,30 wingmate=-29483,247,2334,246,64,253,30 fighters=1202,396,-5341,0,118,244,60/-/-12651,-1962,2032,0,63,0,60 projectiles=06F0,-13148,72,1838,21,62,0,63;04B9,-19063,2444,2334,1,64,0,63
retail_frame=1776 camera=-20507,2342,2332,0,0,0 player=-20511,2362,2334,243,64,252,30 wingmate=-29343,-454,2334,243,64,252,30 fighters=1086,123,-5626,0,115,244,60/-/-12984,-2187,2099,0,63,0,60 projectiles=06F0,-13606,265,1858,20,62,0,63;04B9,-19691,2433,2334,255,64,0,63
retail_frame=1780 camera=-20616,2274,2332,0,0,0 player=-20621,2293,2334,241,64,252,30 wingmate=-29325,-1035,2334,241,64,252,30 fighters=1086,123,-5626,0,115,244,60/-/-13317,-2386,2166,0,63,0,60 projectiles=06F0,-14188,485,1886,19,62,0,63;04B9,-19931,2393,2334,250,64,0,63
retail_frame=1784 camera=-20722,2198,2332,0,0,0 player=-20727,2217,2334,238,64,252,30 wingmate=0,0,0,238,64,252,30 fighters=-/-/-13650,-2561,2233,0,64,0,60 projectiles=06F0,-15372,876,1942,16,62,0,63;04B9,-20411,2329,2334,246,64,0,63
retail_frame=1788 camera=-20824,2119,2331,0,0,0 player=-20830,2136,2334,236,64,252,30 wingmate=-121,-29,0,236,64,252,30 fighters=-/-/-13983,-2714,2300,0,64,0,60 projectiles=06F0,-15972,1048,1970,15,62,0,63;04B9,-20647,2273,2334,246,64,0,63
retail_frame=1792 camera=-20922,2033,2331,0,0,0 player=-20929,2050,2334,233,64,253,30 wingmate=-28737,-2942,2334,233,64,253,30 fighters=-/-/-14316,-2848,2367,0,64,0,60 projectiles=06F0,-16579,1199,2001,13,62,0,63;04B9,-20883,2217,2334,234,64,0,63
retail_frame=1796 camera=-21020,1947,2331,0,0,0 player=-21028,1964,2334,231,64,253,30 wingmate=-28580,-3412,2334,231,64,253,30 fighters=-/-/-14649,-2964,2434,0,65,0,60 projectiles=06F0,-17193,1326,2040,11,61,0,63;04B9,-21091,2093,2334,234,64,0,63
retail_frame=1800 camera=-21119,1862,2331,0,0,0 player=-21127,1878,2334,231,64,254,30 wingmate=-28679,-3498,2334,231,64,254,30 fighters=-/-/-14982,-3064,2501,0,65,0,60 projectiles=06F0,-17807,1429,2079,9,61,0,63;04B9,-21299,1969,2334,234,64,0,63
retail_frame=1804 camera=-21317,1690,2331,0,0,0 player=-21325,1706,2334,231,64,255,30 wingmate=-21317,1690,2331,227,64,255,30 fighters=-/-/-15315,-3149,2568,0,65,0,60 projectiles=06F0,-18428,1508,2118,7,61,0,63;04B9,-21507,1845,2334,234,64,0,63
retail_frame=1808 camera=-21414,1602,2331,128,0,0 player=-21422,1618,2334,231,64,0,30 wingmate=-21414,1602,2331,226,64,0,30 fighters=-/-/-15648,-3222,2631,0,66,0,60 projectiles=06F0,-19053,1552,2157,4,61,0,63;04B9,-21715,1721,2334,234,64,0,63
retail_frame=1812 camera=-21511,1514,2331,128,0,0 player=-21519,1530,2334,231,64,1,30 wingmate=-29071,-3846,2334,231,64,1,30 fighters=-/-/-15981,-3282,2686,0,67,0,60 projectiles=06F0,-19678,1565,2196,1,61,0,63;04B9,-21923,1597,2334,234,64,0,63
retail_frame=1816 camera=-21603,1420,2331,0,0,0 player=-21611,1437,2334,231,64,2,30 wingmate=-29163,-3939,2334,231,64,2,30 fighters=-/-/-16314,-3332,2741,0,67,0,60 projectiles=06F0,-20303,1548,2235,254,61,0,63;04B9,-22131,1473,2334,234,64,0,63
retail_frame=1820 camera=-21692,1326,2330,0,0,0 player=-21700,1342,2334,229,64,2,30 wingmate=-28996,-4418,2334,229,64,2,30 fighters=-/-/-16542,-2516,2634,37,67,0,60 projectiles=06F0,-20924,1483,2274,250,61,0,63;04B9,-22339,1349,2334,234,64,0,63
retail_frame=1824 camera=-21780,1231,2330,0,0,0 player=-21780,1247,2330,228,64,3,30 wingmate=-28996,-4418,2334,223,64,3,30 fighters=-/-/-16770,-1798,2527,0,67,0,60 projectiles=0576,-16998,-2092,2606,37,67,0,63;06F0,-21156,1415,2286,245,61,0,63;04B9,-22547,1225,2334,234,64,0,63
retail_frame=1828 camera=-21780,1231,2330,0,0,0 player=-21789,1247,2334,228,64,3,30 wingmate=-28957,-4641,2334,228,64,3,30 fighters=-/-/-16998,-1166,2428,0,66,0,60 projectiles=0576,-17469,-1688,2578,35,67,0,63;06F0,-21392,1351,2298,245,61,0,63;04B9,-22755,1101,2334,234,64,0,63
retail_frame=1832 camera=-21888,1157,2330,0,0,0 player=-21897,1174,2334,228,64,3,30 wingmate=-116,-41,8,228,64,3,30 fighters=-/-/-17226,-607,2333,0,65,3,60 projectiles=0576,-17954,-1298,2551,34,67,0,63;06F0,-21628,1287,2310,242,61,0,63;04B9,-22963,977,2334,234,64,0,63
retail_frame=1836 camera=-22009,1107,2330,128,0,0 player=-22018,1124,2334,228,64,4,30 wingmate=-116,-41,8,228,64,4,30 fighters=-/-/-17454,-114,2234,0,66,6,60 projectiles=0576,-18456,-933,2525,32,67,0,63;06F0,-21856,1207,2322,242,61,0,63;04B9,-23171,853,2334,234,64,0,63
retail_frame=1840 camera=-22136,1078,2330,128,0,0 player=-22144,1096,2334,229,64,4,30 wingmate=-111,-53,5,229,64,4,30 fighters=-/-/-17682,323,2123,0,68,8,60 projectiles=0576,-18972,-586,2499,30,67,0,63;06F0,-22084,1127,2334,238,62,0,63;04B9,-23379,729,2334,234,64,0,63
retail_frame=1844 camera=-22266,1067,2331,0,0,0 player=-22274,1087,2334,231,64,4,30 wingmate=-111,-53,5,231,64,4,30 fighters=-/-/-17906,710,2000,0,70,10,60 projectiles=0576,-19498,-255,2477,29,66,0,63;06F0,-22304,1023,2338,238,62,0,63;04B9,-23587,605,2334,234,64,0,63
retail_frame=1848 camera=-22397,1072,2331,0,0,0 player=-22404,1092,2334,232,64,4,30 wingmate=-30084,-4156,2334,232,64,4,30 fighters=-/-/-18126,1054,1861,0,73,12,60 projectiles=0576,-19498,-255,2477,29,66,0,63;06F0,-22304,1023,2338,238,62,0,63;04B9,-23587,605,2334,234,64,0,63
retail_frame=1852 camera=-22527,1092,2331,0,0,0 player=-22533,1113,2334,234,64,3,30 wingmate=-30469,-3751,2334,234,64,3,30 fighters=-/-/-18342,1360,1706,0,76,14,60 projectiles=0576,-20038,56,2455,27,66,0,63;06F0,-22524,919,2342,238,62,0,63;04B9,-23795,481,2334,234,64,0,63
retail_frame=1856 camera=-22652,1126,2328,0,0,0 player=-22658,1147,2331,237,66,6,30 wingmate=-30850,-3077,1179,237,70,6,30 fighters=-/-/-18554,1633,1531,0,79,15,60 projectiles=0576,-20586,343,2433,25,66,0,63;06F0,-22744,815,2346,238,62,0,63;04B9,-24003,357,2334,234,64,0,63
retail_frame=1860 camera=-22773,1171,2314,0,0,0 player=-22778,1193,2316,239,70,8,30 wingmate=-30970,-2519,396,239,74,8,30 fighters=-/-/-18754,1878,1336,0,83,16,60 projectiles=0576,-21147,607,2411,23,66,0,63;06F0,-22964,711,2350,238,62,0,63;04B9,-24211,233,2334,234,64,0,63
retail_frame=1864 camera=-22889,1226,2300,0,0,0 player=-22893,1249,2301,242,70,7,30 wingmate=-31469,-1823,1149,242,70,7,30 fighters=-/-/-18946,2097,1121,0,87,17,60 projectiles=0576,-21715,858,2378,22,67,0,63;06F0,-23184,607,2354,238,62,0,63;04B9,-24419,109,2334,234,64,0,63
retail_frame=1868 camera=-23001,1290,2285,0,0,0 player=-23004,1313,2286,244,70,5,30 wingmate=-110,56,-10,244,70,5,30 fighters=-/-/-19122,2294,886,0,91,18,60 projectiles=0576,-22510,1205,2326,19,68,0,63;06F0,-23404,503,2358,238,62,0,63
retail_frame=1872 camera=-23110,1358,2266,0,0,0 player=-23112,1382,2267,247,72,7,30 wingmate=-113,50,-13,247,76,7,30 fighters=-/-/-19282,2471,635,0,95,19,60 projectiles=0576,-22726,1317,2310,17,69,0,63;06F0,-23844,295,2366,238,62,0,63
retail_frame=1876 camera=-23213,1434,2241,0,0,0 player=-23214,1458,2241,249,75,8,30 wingmate=-113,50,-13,249,79,8,30 fighters=-/-/-19422,2631,364,0,100,20,60 projectiles=0576,-22950,1417,2286,17,69,0,63;06F0,-24064,191,2370,238,62,0,63
retail_frame=1880 camera=-23310,1515,2206,0,0,0 player=-23310,1539,2206,252,79,9,30 wingmate=-31502,643,-1890,252,79,9,30 fighters=-/-/-19538,2775,73,0,105,21,60 projectiles=0576,-23174,1517,2262,15,71,0,63;06F0,-24284,87,2374,238,62,0,63
retail_frame=1884 camera=-23400,1599,2164,0,0,0 player=-23487,1710,2124,1,82,9,30 wingmate=-31208,1238,-2572,30,82,9,30 fighters=-/-/-19630,2905,-230,0,110,22,60 projectiles=0576,-23398,1605,2226,15,71,0,63;06F0,-24504,-17,2378,238,62,0,63
retail_frame=1888 camera=-23487,1687,2124,0,0,0 player=-23487,1710,2124,1,82,9,30 wingmate=-31807,1838,-1716,1,82,9,30 fighters=-/-/-19694,3023,-545,0,115,23,60 projectiles=0576,-23622,1693,2190,15,71,0,63;06F0,-24724,-121,2382,238,62,0,63
retail_frame=1892 camera=-23568,1778,2080,0,0,0 player=-23567,1801,2080,3,85,11,30 wingmate=-30991,2441,-3168,3,85,11,30 fighters=-/-/-19722,3129,-868,0,121,24,60 projectiles=0576,-23846,1781,2154,15,71,0,63;06F0,-24944,-225,2386,238,62,0,63
retail_frame=1896 camera=-23648,1872,2037,0,0,0 player=-23646,1894,2037,8,88,11,30 wingmate=-31582,3174,-2443,33,88,11,30 fighters=-/-/-19718,3225,-1195,0,127,25,60 projectiles=0576,-24070,1869,2118,15,71,0,63;06F0,-25164,-329,2390,238,62,0,63
retail_frame=1900 camera=-23723,1967,1989,0,0,0 player=-23720,1989,1989,8,88,11,30 wingmate=-30760,3781,-3771,8,88,11,30 fighters=-/-/-19690,3311,-1522,0,133,26,60 projectiles=0576,-24294,1957,2082,15,71,0,63;06F0,-25384,-433,2394,238,62,0,63
retail_frame=1904 camera=-23798,2064,1941,0,0,0 player=-23794,2084,1941,11,88,10,30 wingmate=-31218,4516,-2923,11,88,10,30 fighters=-/-/-19630,3388,-1841,0,139,27,60 projectiles=0576,-24518,2045,2046,15,71,0,63;06F0,-25604,-537,2398,238,62,0,63
retail_frame=1908 camera=-23869,2160,1889,0,0,0 player=-23865,2179,1889,11,90,12,30 wingmate=-30521,4611,-4127,11,90,12,30 fighters=-/-/-19530,3457,-2144,0,146,28,60 projectiles=0576,-24742,2133,2010,15,71,0,63
retail_frame=1912 camera=-23940,2255,1837,0,0,0 player=-23936,2274,1837,11,90,11,30 wingmate=-31104,4706,-3411,11,90,11,30 fighters=-/-/-19394,3519,-2427,0,153,29,60 projectiles=0576,-24966,2221,1974,15,71,0,63
retail_frame=1916 camera=-24008,2351,1781,0,0,0 player=-24004,2369,1781,11,92,13,30 wingmate=-30276,4801,-4491,11,96,13,30 fighters=-/-/-19335,3225,-2497,0,153,26,60 projectiles=0576,-25190,2309,1938,15,71,0,63
retail_frame=1920 camera=-24074,2446,1723,0,0,0 player=-24070,2464,1723,11,94,15,30 wingmate=-30086,4896,-4933,11,98,15,30 fighters=-/-/-19276,2968,-2567,0,153,23,60 projectiles=0576,-25414,2397,1902,15,71,0,63
retail_frame=1924 camera=-24155,2519,1651,128,0,0 player=-24151,2537,1652,11,94,13,30 wingmate=-30807,4969,-4364,11,94,13,30 fighters=-/-/-19217,2742,-2637,0,153,21,60 projectiles=0576,-25638,2485,1866,15,71,0,63
retail_frame=1928 camera=-24245,2570,1571,128,0,0 player=-24241,2587,1572,11,94,13,30 wingmate=-30897,5019,-4444,11,94,13,30 fighters=-/-/-19158,2543,-2707,0,153,19,60 projectiles=0576,-25862,2573,1830,15,71,0,63
retail_frame=1932 camera=-24338,2598,1488,0,0,0 player=-24335,2615,1488,10,94,13,30 wingmate=-30991,4791,-4528,10,94,13,30 fighters=-/-/-19099,2367,-2777,0,153,17,60 projectiles=0576,-26086,2661,1794,15,71,0,63
retail_frame=1936 camera=-24433,2606,1403,0,0,0 player=-24431,2624,1403,7,94,13,30 wingmate=-31215,4160,-4741,7,94,13,30 fighters=-/-/-19040,2211,-2847,0,153,15,60 projectiles=0576,-26310,2749,1758,15,71,0,63
retail_frame=1940 camera=-24622,2573,1234,0,0,0 player=-24622,2591,1234,2,94,12,30 wingmate=-31406,2975,-4910,2,94,12,30 fighters=-/-/-18981,2071,-2917,0,153,14,60 projectiles=0576,-26534,2837,1722,15,71,0,63
retail_frame=1944 camera=-24720,2535,1158,0,0,0 player=-24720,2554,1158,0,91,8,30 wingmate=-32528,2554,-3706,0,87,8,30 fighters=-/-/-18863,1832,-3175,0,153,12,60 projectiles=0576,-26758,2925,1686,15,71,0,63
retail_frame=1948 camera=-24816,2489,1084,0,0,0 player=-24816,2508,1084,253,91,7,30 wingmate=-32112,1868,-4548,253,91,7,30 fighters=-/-/-18804,1729,-3127,0,153,11,60 projectiles=0576,-26982,3013,1650,15,71,0,63
retail_frame=1952 camera=-24911,2443,1010,0,0,0 player=-24912,2462,1010,251,91,7,30 wingmate=-32208,1438,-4622,251,91,7,30 fighters=-/-/-18745,1635,-3197,0,153,10,60 projectiles=-
retail_frame=1956 camera=-25007,2396,936,0,0,0 player=-25008,2416,936,251,91,6,30 wingmate=-32304,1392,-4696,251,91,6,30 fighters=-/-/-18686,1547,-3267,0,153,9,60 projectiles=-
retail_frame=1960 camera=-25204,2303,796,0,0,0 player=-25205,2324,796,251,88,2,30 wingmate=-25204,2303,796,241,88,2,30 fighters=-/-/-18627,1466,-3337,0,153,8,60 projectiles=-
retail_frame=1964 camera=-25305,2256,730,0,0,0 player=-25306,2278,730,251,88,2,30 wingmate=32678,1254,-4262,251,88,2,30 fighters=-/-/-18436,1390,-3595,0,153,6,60 projectiles=-
retail_frame=1968 camera=-25406,2210,664,0,0,0 player=-25407,2232,664,251,88,3,30 wingmate=32577,1208,-4328,251,88,3,30 fighters=-/-/-18450,1250,-3547,0,153,5,60 projectiles=-
retail_frame=1972 camera=-25507,2163,598,0,0,0 player=-25508,2186,598,251,88,2,30 wingmate=32476,1162,-4394,251,88,2,30 fighters=-/-/-18391,1185,-3617,0,153,4,60 projectiles=-
retail_frame=1976 camera=-25608,2117,532,0,0,0 player=-25609,2140,532,251,88,2,30 wingmate=32375,1116,-4460,251,88,2,30 fighters=-/-/-18332,1123,-3687,0,153,3,60 projectiles=-
retail_frame=1980 camera=-25709,2071,466,0,0,0 player=-25710,2094,466,251,88,1,30 wingmate=32274,1070,-4526,251,88,1,30 fighters=-/-/-18273,1063,-3757,0,153,2,60 projectiles=-
retail_frame=1984 camera=-25911,1978,334,0,0,0 player=-25912,2002,334,251,88,255,30 wingmate=-25911,1978,334,241,88,255,30 fighters=-/-/-18214,1006,-3827,0,153,1,60 projectiles=-
retail_frame=1988 camera=-26015,1932,273,0,0,0 player=-26016,1956,273,251,86,251,30 wingmate=31200,932,-3567,251,82,251,30 fighters=-/-/-18023,897,-4085,0,153,0,60 projectiles=-
retail_frame=1992 camera=-26119,1886,212,0,0,0 player=-26120,1910,212,251,86,252,30 wingmate=31608,886,-4524,251,86,252,30 fighters=-/-/-18037,845,-4155,0,153,1,60 projectiles=-
retail_frame=1996 camera=-26223,1840,151,0,0,0 player=-26224,1864,151,251,86,252,30 wingmate=31504,840,-4585,251,86,252,30 fighters=-/-/-17978,796,-4107,0,153,2,60 projectiles=-
retail_frame=2000 camera=-26327,1795,90,0,0,0 player=-26328,1818,90,251,86,253,30 wingmate=31400,794,-4646,251,86,253,30 fighters=-/-/-17919,749,-4177,0,153,3,60 projectiles=-
retail_frame=2004 camera=-26431,1749,29,0,0,0 player=-26432,1772,29,251,86,252,30 wingmate=31296,748,-4707,251,86,252,30 fighters=-/-/-17776,912,-4438,0,154,4,60 projectiles=-
retail_frame=2008 camera=-26535,1703,-32,0,0,0 player=-26640,1680,-93,251,86,252,30 wingmate=31192,702,-4768,241,86,252,30 fighters=-/-/-17629,1052,-4695,0,155,5,60 projectiles=-
retail_frame=2012 camera=-26743,1612,-154,0,0,0 player=-26744,1634,-154,251,86,252,30 wingmate=30984,610,-4890,251,86,252,30 fighters=-/-/-17330,1171,-5124,0,157,7,60 projectiles=-
retail_frame=2016 camera=-26847,1567,-215,0,0,0 player=-26848,1588,-215,251,86,253,30 wingmate=30880,564,-4951,251,86,253,30 fighters=-/-/-17160,1361,-5442,0,159,8,60 projectiles=-
retail_frame=2020 camera=-26956,1544,-280,128,0,0 player=-26957,1564,-280,251,86,253,30 wingmate=30771,540,-5016,251,86,253,30 fighters=-/-/-16989,1436,-5675,0,161,9,60 projectiles=-
retail_frame=2024 camera=-27067,1539,-346,128,0,0 player=-27067,1559,-346,252,86,254,30 wingmate=30661,663,-5082,252,86,254,30 fighters=-/-/-16806,1501,-5900,0,163,10,60 projectiles=-
retail_frame=2028 camera=-27177,1549,-412,0,0,0 player=-27177,1568,-412,253,86,254,30 wingmate=30551,928,-5148,253,86,254,30 fighters=-/-/-16619,1558,-6117,0,165,11,60 projectiles=-
retail_frame=2032 camera=-27397,1567,-544,0,0,0 player=-27397,1586,-544,254,86,0,30 wingmate=30331,1202,-5280,254,86,0,30 fighters=-/-/-16420,1608,-6318,0,168,12,60 projectiles=-
retail_frame=2036 camera=-27507,1577,-610,0,0,0 player=-27507,1595,-610,254,86,1,30 wingmate=30221,1211,-5346,254,86,1,30 fighters=-/-/-16005,1652,-6603,0,174,14,60 projectiles=-
retail_frame=2040 camera=-27617,1586,-676,0,0,0 player=-27617,1604,-676,254,86,2,30 wingmate=30111,1220,-5412,254,86,2,30 fighters=-/-/-15775,1730,-6837,0,177,14,60 projectiles=-
retail_frame=2044 camera=-27727,1595,-742,0,0,0 player=-27727,1613,-742,254,86,2,30 wingmate=30001,1229,-5478,254,86,2,30 fighters=-/-/-15548,1764,-6974,0,180,14,60 projectiles=-
retail_frame=2048 camera=-27837,1604,-808,0,0,0 player=-27837,1622,-808,254,86,3,30 wingmate=29891,1238,-5544,254,86,3,30 fighters=-/-/-15317,1798,-7095,0,183,14,60 projectiles=-
retail_frame=2052 camera=-27947,1613,-874,0,0,0 player=-27947,1631,-874,254,86,3,30 wingmate=29781,1247,-5610,254,86,3,30 fighters=-/-/-15082,1830,-7200,0,186,14,60 projectiles=-
retail_frame=2056 camera=-28062,1621,-931,0,0,0 player=-28177,1649,-988,254,83,2,30 wingmate=28898,1256,-4131,3,83,2,30 fighters=-/-/-14843,1862,-7289,0,189,14,60 projectiles=-
retail_frame=2060 camera=-28292,1639,-1045,0,0,0 player=-28292,1658,-1045,254,83,3,30 wingmate=29052,1274,-5141,254,83,3,30 fighters=-/-/-14365,1926,-7431,0,195,14,60 projectiles=-
retail_frame=2064 camera=-28407,1647,-1102,0,0,0 player=-28407,1667,-1102,254,83,4,30 wingmate=28937,1283,-5198,254,83,4,30 fighters=-/-/-14130,1959,-7480,0,198,14,60 projectiles=-
retail_frame=2068 camera=-28522,1656,-1159,0,0,0 player=-28522,1676,-1159,254,83,3,30 wingmate=28822,1292,-5255,254,83,3,30 fighters=-/-/-13899,1993,-7513,0,201,14,60 projectiles=-
retail_frame=2072 camera=-28637,1664,-1216,0,0,0 player=-28637,1685,-1216,254,83,3,30 wingmate=28707,1301,-5312,254,83,3,30 fighters=-/-/-13672,2028,-7530,0,204,14,60 projectiles=-
retail_frame=2076 camera=-28752,1672,-1273,0,0,0 player=-28752,1694,-1273,254,83,2,30 wingmate=28592,1310,-5369,254,83,2,30 fighters=-/-/-13449,2064,-7527,0,207,14,60 projectiles=-
retail_frame=2080 camera=-28982,1689,-1387,0,0,0 player=-28982,1712,-1387,254,83,1,30 wingmate=28362,1328,-5483,254,83,1,30 fighters=-/-/-13234,2100,-7508,0,210,14,60 projectiles=-
retail_frame=2084 camera=-29101,1698,-1435,0,0,0 player=-29101,1721,-1435,254,80,253,30 wingmate=27603,1337,-3995,254,76,253,30 fighters=-/-/-12828,2175,-7426,0,216,14,60 projectiles=-
retail_frame=2088 camera=-29220,1707,-1483,0,0,0 player=-29220,1730,-1483,254,80,253,30 wingmate=27868,1346,-4939,254,80,253,30 fighters=-/-/-12641,2213,-7363,0,219,14,60 projectiles=-
retail_frame=2092 camera=-29339,1715,-1531,0,0,0 player=-29339,1739,-1531,254,80,253,30 wingmate=27749,1355,-4987,254,80,253,30 fighters=-/-/-12462,2252,-7288,0,222,14,60 projectiles=-
retail_frame=2096 camera=-29458,1724,-1579,0,0,0 player=-29458,1748,-1579,254,80,254,30 wingmate=27630,1364,-5035,254,80,254,30 fighters=-/-/-12299,2291,-7201,0,225,14,60 projectiles=-
retail_frame=2100 camera=-29577,1733,-1627,0,0,0 player=-29577,1757,-1627,254,80,253,30 wingmate=27511,1373,-5083,254,80,253,30 fighters=-/-/-12148,2330,-7102,0,228,14,60 projectiles=-
retail_frame=2104 camera=-29696,1742,-1675,0,0,0 player=-29696,1766,-1675,254,80,253,30 wingmate=27392,1382,-5131,254,80,253,30 fighters=-/-/-12009,2369,-6991,0,231,14,60 projectiles=-
retail_frame=2108 camera=-29938,1761,-1757,0,0,0 player=-29938,1784,-1757,254,78,250,30 wingmate=27022,1400,-4701,254,78,250,30 fighters=-/-/-11929,2458,-6768,0,234,14,60 projectiles=-
retail_frame=2112 camera=-30059,1770,-1798,0,0,0 player=-30059,1793,-1798,254,78,251,30 wingmate=26901,1409,-4742,254,78,251,30 fighters=-/-/-11781,2589,-6325,0,240,14,60 projectiles=-
retail_frame=2116 camera=-30183,1791,-1830,128,0,0 player=-30183,1814,-1830,254,75,248,30 wingmate=26265,1430,-3238,254,71,248,30 fighters=-/-/-11785,2685,-6051,0,243,14,60 projectiles=-
retail_frame=2120 camera=-30304,1826,-1861,128,0,0 player=-30304,1848,-1861,0,75,250,30 wingmate=26272,1848,-4293,0,75,250,30 fighters=-/-/-11769,2749,-5800,0,246,14,60 projectiles=-
retail_frame=2124 camera=-30425,1860,-1892,128,0,0 player=-30425,1882,-1892,1,75,251,30 wingmate=26279,2010,-4196,1,75,251,30 fighters=-/-/-11773,2806,-5545,0,249,14,60 projectiles=-
retail_frame=2128 camera=-30546,1895,-1923,128,0,0 player=-30546,1916,-1923,1,75,253,30 wingmate=26158,2044,-4227,1,75,253,30 fighters=-/-/-11636,2732,-5382,0,252,14,60 projectiles=-
retail_frame=2132 camera=-30667,1930,-1954,128,0,0 player=-30667,1950,-1954,1,73,252,30 wingmate=26037,2078,-4258,11,73,252,30 fighters=-/-/-11515,2669,-5219,0,255,14,60 projectiles=-
retail_frame=2136 camera=-30909,1999,-2004,128,0,0 player=-30909,2018,-2004,1,73,254,30 wingmate=25660,2112,-3003,1,73,254,30 fighters=-/-/-11398,2614,-5056,0,2,14,60 projectiles=-
retail_frame=2140 camera=-31030,2033,-2029,128,0,0 player=-31030,2052,-2029,1,73,0,30 wingmate=25546,2180,-3949,1,73,0,30 fighters=-/-/-11301,2566,-4893,0,5,14,60 projectiles=-
retail_frame=2144 camera=-31151,2067,-2054,128,0,0 player=-31151,2086,-2054,1,73,2,30 wingmate=25425,2214,-3974,1,73,2,30 fighters=-/-/-11276,2586,-4510,0,11,14,60 projectiles=-
retail_frame=2148 camera=-31275,2102,-2070,128,0,0 player=-31275,2120,-2070,1,70,255,30 wingmate=25173,2248,-2454,1,66,255,30 fighters=-/-/-11227,2487,-4363,0,14,14,60 projectiles=-
retail_frame=2152 camera=-31399,2136,-2086,128,0,0 player=-31399,2154,-2086,1,70,1,30 wingmate=25049,2282,-3366,1,70,1,30 fighters=-/-/-11194,2511,-4220,0,17,14,60 projectiles=-
retail_frame=2156 camera=-31523,2170,-2102,128,0,0 player=-31523,2188,-2102,1,70,2,30 wingmate=24925,2316,-3382,1,70,2,30 fighters=-/-/-11056,2391,-4154,0,20,14,60 projectiles=-
retail_frame=2160 camera=-31647,2204,-2118,128,0,0 player=-31647,2222,-2118,1,70,4,30 wingmate=24801,2350,-3398,1,70,4,30 fighters=-/-/-11055,2362,-4027,0,23,14,60 projectiles=-
retail_frame=2164 camera=-31771,2238,-2134,128,0,0 player=-31771,2256,-2134,1,70,4,30 wingmate=24677,2384,-3414,1,70,4,30 fighters=-/-/-11070,2334,-3912,0,26,14,60 projectiles=-
retail_frame=2168 camera=-31895,2271,-2150,128,0,0 player=-31895,2290,-2150,1,70,4,30 wingmate=24553,2418,-3430,1,70,4,30 fighters=-/-/-11097,2305,-3805,0,29,14,60 projectiles=-
retail_frame=2172 camera=-32143,2339,-2182,128,0,0 player=-32143,2358,-2182,1,70,3,30 wingmate=-32143,2339,-2182,11,70,3,30 fighters=-/-/-11136,2276,-3714,0,32,14,60 projectiles=-
retail_frame=2176 camera=-32267,2372,-2198,128,0,0 player=-32267,2392,-2198,1,70,3,30 wingmate=24181,2520,-3478,1,70,3,30 fighters=-/-/-11175,2246,-3623,0,32,13,60 projectiles=-
retail_frame=2180 camera=-32391,2406,-2214,128,0,0 player=-32391,2426,-2214,1,70,2,30 wingmate=24057,2554,-3494,1,70,2,30 fighters=-/-/-11374,2239,-3372,0,32,11,60 projectiles=-
retail_frame=2184 camera=-32516,2439,-2221,128,0,0 player=-32516,2460,-2221,1,67,255,30 wingmate=23932,2588,-2093,1,63,255,30 fighters=-/-/-11292,2150,-3350,0,32,10,60 projectiles=-
retail_frame=2188 camera=-32641,2472,-2228,128,0,0 player=-32641,2494,-2228,1,67,255,30 wingmate=23807,2622,-2868,1,67,255,30 fighters=-/-/-11331,2116,-3259,0,32,9,60 projectiles=-
retail_frame=2192 camera=-32766,2506,-2235,128,0,0 player=-32766,2528,-2235,1,67,255,30 wingmate=23682,2656,-2875,1,67,255,30 fighters=-/-/-11370,2081,-3168,0,32,8,60 projectiles=-
retail_frame=2196 camera=32645,2539,-2242,128,0,0 player=32645,2562,-2242,1,67,255,30 wingmate=23557,2690,-2882,1,67,255,30 fighters=-/-/-11409,2045,-3077,0,32,7,60 projectiles=-
retail_frame=2200 camera=32520,2573,-2249,128,0,0 player=32520,2596,-2249,1,67,254,30 wingmate=23432,2724,-2889,1,67,254,30 fighters=-/-/-11448,2008,-2986,0,32,6,60 projectiles=-
retail_frame=2204 camera=32410,2603,-2263,128,0,0 player=32410,2626,-2263,1,70,1,29 wingmate=23450,2754,-4439,1,70,1,29 fighters=-/-/-11487,1970,-2895,0,32,5,60 projectiles=-
retail_frame=2208 camera=32225,2654,-2308,128,0,0 player=32225,2678,-2308,1,76,6,28 wingmate=23608,2781,-5100,1,80,6,28 fighters=-/-/-11526,1932,-2804,0,32,4,60 projectiles=-
retail_frame=2212 camera=32148,2677,-2338,128,0,0 player=32148,2701,-2338,1,80,7,28 wingmate=24084,2829,-6562,1,84,7,28 fighters=-/-/-11565,1893,-2713,0,32,3,60 projectiles=-
retail_frame=2216 camera=32081,2697,-2372,128,0,0 player=32081,2721,-2372,1,84,9,27 wingmate=24529,2849,-7364,1,88,9,27 fighters=-/-/-11604,1855,-2622,0,32,2,60 projectiles=-
retail_frame=2220 camera=32022,2715,-2406,128,0,0 player=32022,2739,-2406,1,86,11,27 wingmate=24598,2867,-7782,1,90,11,27 fighters=-/-/-11803,1816,-2371,0,32,0,60 projectiles=-
retail_frame=2224 camera=31969,2733,-2440,128,0,0 player=31969,2756,-2440,1,88,12,26 wingmate=24929,2884,-8200,1,92,12,26 fighters=-/-/-11764,1623,-2375,0,40,0,60 projectiles=-
retail_frame=2228 camera=31922,2748,-2474,128,0,0 player=31922,2771,-2474,1,90,14,26 wingmate=25138,2899,-8618,1,94,14,26 fighters=-/-/-11917,1451,-2255,0,40,0,60 projectiles=-
retail_frame=2232 camera=31880,2762,-2508,128,0,0 player=31880,2785,-2508,1,92,15,25 wingmate=25480,2913,-8908,1,96,15,25 fighters=-/-/-12263,1158,-2095,0,50,0,60 projectiles=-
retail_frame=2236 camera=31843,2776,-2541,128,0,0 player=31843,2798,-2541,1,94,17,25 wingmate=25699,2926,-9325,1,98,17,25 fighters=-/-/-12448,1034,-2043,0,53,0,60 projectiles=-
retail_frame=2240 camera=31811,2788,-2573,128,0,0 player=31811,2810,-2573,1,96,18,24 wingmate=26051,2938,-9613,1,100,18,24 fighters=-/-/-12637,923,-2007,0,56,0,60 projectiles=-
retail_frame=2244 camera=31783,2801,-2605,128,0,0 player=31783,2822,-2605,1,98,20,24 wingmate=26407,2950,-10029,1,98,20,24 fighters=-/-/-12826,825,-1983,0,58,0,60 projectiles=-
retail_frame=2248 camera=31758,2812,-2636,128,0,0 player=31758,2832,-2636,1,100,22,23 wingmate=26766,2960,-10188,1,100,22,23 fighters=-/-/-13019,737,-1971,0,60,0,60 projectiles=-
retail_frame=2252 camera=31736,2821,-2667,128,0,0 player=31717,2850,-2696,1,104,26,22 wingmate=31717,2831,-2696,11,104,26,22 fighters=-/-/-13212,659,-1963,0,61,0,60 projectiles=-
retail_frame=2256 camera=31701,2839,-2724,128,0,0 player=31701,2858,-2724,1,106,27,22 wingmate=27861,2986,-11044,1,110,27,22 fighters=-/-/-13637,591,-1963,0,63,0,60 projectiles=-
retail_frame=2260 camera=31688,2847,-2752,128,0,0 player=31688,2866,-2752,1,108,29,21 wingmate=28232,2994,-11200,1,112,29,21 fighters=-/-/-14027,-350,-2119,0,64,0,60 projectiles=-
retail_frame=2264 camera=31677,2856,-2779,128,0,0 player=31677,2874,-2779,1,110,30,21 wingmate=28733,3002,-11355,1,114,30,21 fighters=-/-/-14338,-732,-2197,0,65,0,60 projectiles=-
retail_frame=2268 camera=31668,2859,-2805,0,0,0 player=31668,2877,-2805,1,112,32,20 wingmate=29108,3005,-11637,1,116,32,20 fighters=-/-/-14649,-1065,-2279,0,66,0,60 projectiles=-
retail_frame=2272 camera=31661,2859,-2831,0,0,0 player=31661,2877,-2831,0,114,33,20 wingmate=29485,2877,-11919,0,114,33,20 fighters=-/-/-14960,-1354,-2361,0,66,0,60 projectiles=-
retail_frame=2276 camera=31656,2859,-2855,0,0,0 player=31656,2877,-2855,254,116,34,19 wingmate=29992,2493,-11815,254,116,34,19 fighters=-/-/-15271,-1604,-2439,0,65,0,60 projectiles=-
retail_frame=2280 camera=31652,2859,-2879,0,0,0 player=31650,2877,-2901,254,120,33,18 wingmate=31650,2858,-2901,255,120,33,18 fighters=-/-/-15582,-1820,-2517,0,65,0,60 projectiles=-
retail_frame=2284 camera=31650,2858,-2901,0,0,0 player=31650,2877,-2901,254,120,33,18 wingmate=30882,2493,-11989,254,120,33,18 fighters=-/-/-15893,-2004,-2595,0,65,0,60 projectiles=-
retail_frame=2288 camera=31649,2858,-2922,0,0,0 player=31649,2877,-2941,254,124,32,17 wingmate=31649,2858,-2941,255,124,32,17 fighters=-/-/-16204,-2162,-2673,0,65,0,60 projectiles=-
retail_frame=2292 camera=31649,2857,-2959,0,0,0 player=31649,2877,-2959,254,126,32,17 wingmate=32033,2493,-12047,254,130,32,17 fighters=-/-/-16515,-2296,-2751,0,65,0,60 projectiles=-
retail_frame=2296 camera=31649,2857,-2975,0,0,0 player=31649,2877,-2975,254,128,31,16 wingmate=32417,2493,-12063,254,132,31,16 fighters=-/-/-16826,-2408,-2829,0,65,0,60 projectiles=-
retail_frame=2300 camera=31649,2856,-2990,0,0,0 player=31649,2877,-2990,254,130,30,16 wingmate=-32607,2493,-12078,254,134,30,16 fighters=-/-/-17137,-2501,-2907,0,65,0,60 projectiles=-
retail_frame=2304 camera=31649,2855,-3003,0,0,0 player=31649,2877,-3003,254,132,29,15 wingmate=-32223,2493,-11963,254,136,29,15 fighters=-/-/-17448,-2578,-2985,0,65,0,60 projectiles=-
retail_frame=2308 camera=31650,2855,-3016,0,0,0 player=31650,2877,-3016,254,134,28,15 wingmate=-31710,2493,-11976,254,138,28,15 fighters=-/-/-17759,-2640,-3063,0,64,0,60 projectiles=-
retail_frame=2312 camera=31651,2854,-3028,0,0,0 player=31651,2877,-3028,254,136,28,14 wingmate=31651,2854,-3028,254,140,28,14 fighters=-/-/-18070,-2689,-3141,0,64,0,60 projectiles=-
retail_frame=2316 camera=31653,2854,-3040,0,0,0 player=31653,2877,-3040,254,138,27,14 wingmate=-31325,2493,-11860,255,138,27,14 fighters=-/-/-18381,-2726,-3219,0,64,0,60 projectiles=-
retail_frame=2320 camera=31653,2854,-3040,0,0,0 player=31655,2877,-3051,254,140,27,13 wingmate=31655,2854,-3051,255,140,27,13 fighters=-/-/-18692,-2753,-3297,0,64,0,60 projectiles=-
retail_frame=2324 camera=31655,2854,-3051,0,0,0 player=31655,2877,-3051,254,140,27,13 wingmate=-30425,2493,-11499,254,140,27,13 fighters=-/-/-19003,-2772,-3375,0,64,0,60 projectiles=-
retail_frame=2328 camera=31658,2853,-3062,0,0,0 player=31658,2877,-3062,254,144,26,12 wingmate=-30038,2493,-11382,255,144,26,0 fighters=-/-/-19314,-2783,-3453,0,64,0,60 projectiles=-
retail_frame=2332 camera=31661,2853,-3071,0,0,0 player=31661,2877,-3071,254,144,26,12 wingmate=-29651,2493,-11135,254,144,26,12 fighters=-/-/-19625,-2788,-3531,0,64,0,60 projectiles=-
retail_frame=2336 camera=31665,2853,-3080,0,0,0 player=31665,2877,-3080,254,146,26,12 wingmate=-29135,2493,-10888,254,146,26,12 fighters=-/-/-19936,-2788,-3609,0,63,0,60 projectiles=-
retail_frame=2340 camera=31669,2853,-3088,0,0,0 player=31669,2877,-3088,254,148,26,11 wingmate=-28875,2493,-10640,254,148,26,11 fighters=-/-/-20247,-2782,-3687,0,63,0,60 projectiles=-
retail_frame=2344 camera=31673,2853,-3096,0,0,0 player=31673,2877,-3096,254,150,27,11 wingmate=-28487,2493,-10520,254,150,27,11 fighters=-/-/-20558,-2773,-3765,0,63,0,60 projectiles=-
retail_frame=2348 camera=31677,2854,-3103,0,0,0 player=31677,2877,-3103,254,152,27,10 wingmate=-28099,2493,-10143,254,156,27,10 fighters=-/-/-20869,-2761,-3843,0,63,0,60 projectiles=-
retail_frame=2352 camera=31681,2854,-3109,0,0,0 player=31681,2877,-3109,254,154,28,10 wingmate=-27711,2493,-9893,254,158,28,10 fighters=-/-/-21180,-2746,-3917,0,62,0,60 projectiles=-
retail_frame=2356 camera=31685,2854,-3114,0,0,0 player=31685,2877,-3114,254,156,28,9 wingmate=-27451,2493,-9514,254,160,28,9 fighters=-/-/-21491,-2731,-3991,0,62,0,60 projectiles=-
retail_frame=2360 camera=31689,2855,-3119,0,0,0 player=31689,2877,-3119,254,158,29,9 wingmate=-27063,2493,-9263,254,162,29,9 fighters=-/-/-21802,-2714,-4065,0,62,0,60 projectiles=-
retail_frame=2364 camera=31693,2855,-3123,0,0,0 player=31693,2877,-3123,254,160,30,8 wingmate=-26803,2493,-8883,254,164,30,8 fighters=-/-/-22113,-2697,-4131,0,61,0,60 projectiles=-
retail_frame=2368 camera=31697,2856,-3127,0,0,0 player=31697,2877,-3127,254,162,31,8 wingmate=-26415,2493,-8503,254,166,31,8 fighters=-/-/-22424,-2681,-4197,0,61,0,60 projectiles=-
retail_frame=2372 camera=31702,2857,-3131,0,0,0 player=31702,2877,-3131,254,164,32,8 wingmate=-26282,2493,-8123,254,164,32,8 fighters=-/-/-22735,-2665,-4263,0,61,0,60 projectiles=-
retail_frame=2376 camera=31707,2857,-3134,0,0,0 player=31712,2877,-3137,254,168,33,8 wingmate=31712,2858,-3137,255,168,33,8 fighters=-/-/-23046,-2650,-4325,0,60,0,60 projectiles=-
retail_frame=2380 camera=31712,2858,-3137,0,0,0 player=31712,2877,-3137,254,168,33,8 wingmate=-25760,2493,-7361,254,168,33,8 fighters=-/-/-23357,-2637,-4387,0,60,0,60 projectiles=-
retail_frame=2384 camera=31728,2858,-3146,0,0,0 player=31728,2877,-3146,254,172,33,12 wingmate=-25488,2493,-6986,254,170,33,10 fighters=-/-/-23668,-2626,-4449,0,60,0,60 projectiles=-
retail_frame=2388 camera=31797,2859,-3177,0,0,0 player=31797,2877,-3177,254,174,34,14 wingmate=31797,2859,-3177,255,174,34,14 fighters=-/-/-23979,-2617,-4503,0,59,0,60 projectiles=-
retail_frame=2392 camera=31847,2859,-3196,0,0,0 player=31847,2877,-3196,254,176,34,16 wingmate=31847,2859,-3196,255,176,34,16 fighters=-/-/-24290,-2611,-4557,0,59,0,60 projectiles=-
retail_frame=2396 camera=31905,2858,-3215,0,0,0 player=31905,2876,-3215,254,178,34,17 wingmate=-24671,2492,-5391,254,182,34,17 fighters=-/-/-24601,-2607,-4611,0,59,0,60 projectiles=-
retail_frame=2400 camera=31972,2857,-3233,0,0,0 player=31972,2875,-3233,254,180,33,18 wingmate=-24604,2491,-4897,254,184,33,18 fighters=-/-/-24908,-2606,-4661,0,58,0,60 projectiles=-
retail_frame=2404 camera=32047,2856,-3249,0,0,0 player=32047,2874,-3249,254,182,33,19 wingmate=-24401,2490,-4529,254,186,33,19 fighters=-/-/-25215,-2608,-4711,0,58,0,60 projectiles=-
retail_frame=2408 camera=32128,2854,-3262,0,0,0 player=32128,2873,-3262,254,184,32,20 wingmate=-24320,2489,-4030,254,188,32,20 fighters=-/-/-25522,-2613,-4757,0,57,0,60 projectiles=-
retail_frame=2412 camera=32128,2854,-3262,0,0,0 player=32128,2873,-3262,254,184,32,20 wingmate=-24320,2489,-4030,254,184,32,20 fighters=-/-/-25829,-2621,-4803,0,57,0,60 projectiles=082B,-25998,-2223,-4676,33,57,0,63
retail_frame=2416 camera=32214,2853,-3271,0,0,0 player=32214,2872,-3271,254,186,32,21 wingmate=-24234,2488,-3655,254,186,32,21 fighters=-/-/-26136,-2632,-4841,0,56,0,60 projectiles=082B,-26474,-1834,-4595,33,57,0,63
retail_frame=2420 camera=32305,2852,-3278,0,0,0 player=32305,2871,-3278,254,188,31,22 wingmate=-24015,2487,-3278,254,188,31,22 fighters=-/-/-26443,-2646,-4879,0,56,0,60 projectiles=082B,-26950,-1445,-4512,33,57,0,63
retail_frame=2424 camera=32400,2850,-3285,0,0,0 player=32400,2870,-3285,254,188,27,23 wingmate=-24048,2486,-4053,254,188,27,23 fighters=-/-/-26746,-2663,-4913,0,55,0,60 projectiles=082B,-27426,-1056,-4428,33,57,0,63
retail_frame=2428 camera=32499,2849,-3292,0,0,0 player=32499,2869,-3292,254,188,23,24 wingmate=-30004,93,-4077,254,188,23,24 fighters=-/-/-27049,-2683,-4939,0,54,0,60 projectiles=082B,-27902,-667,-4340,33,56,0,63
retail_frame=2432 camera=32602,2847,-3299,0,0,0 player=32602,2868,-3299,254,188,19,25 wingmate=-23846,2484,-4067,254,188,19,25 fighters=-/-/-27352,-2705,-4961,0,53,0,60 projectiles=082B,-28375,-275,-4249,33,56,0,63
retail_frame=2436 camera=32708,2844,-3307,0,0,0 player=32708,2866,-3307,254,188,17,26 wingmate=-23740,2482,-4075,254,188,17,26 fighters=-/-/-27655,-2730,-4983,0,53,0,60 projectiles=082B,-28844,125,-4158,34,56,0,63
retail_frame=2440 camera=-32719,2842,-3315,0,0,0 player=-32719,2864,-3315,254,188,14,27 wingmate=-23631,2480,-4083,254,188,14,27 fighters=-/-/-27954,-2757,-5001,0,52,0,60 projectiles=082B,-29313,525,-4064,34,56,0,63
retail_frame=2444 camera=-32607,2839,-3323,0,0,0 player=-32607,2862,-3323,254,188,12,28 wingmate=-23519,2478,-4091,254,188,12,28 fighters=-/-/-28253,-2786,-5011,0,51,253,60 projectiles=082B,-29786,917,-3970,33,56,0,63
retail_frame=2448 camera=-32506,2825,-3337,128,0,0 player=-32506,2848,-3337,254,185,6,28 wingmate=-23674,2464,-5641,254,181,6,28 fighters=-/-/-28548,-2816,-5017,0,50,251,60 projectiles=082B,-30252,1309,-3869,33,55,0,63
retail_frame=2452 camera=-32418,2803,-3357,128,0,0 player=-32418,2826,-3357,254,182,1,27 wingmate=-23842,2442,-6301,254,178,1,27 fighters=-/-/-28843,-2848,-5015,0,49,249,60 projectiles=082B,-30721,1698,-3765,33,55,0,63
retail_frame=2456 camera=-32343,2774,-3382,0,0,0 player=-32343,2798,-3382,253,178,253,27 wingmate=-24023,2158,-7222,253,174,253,27 fighters=-/-/-29134,-2881,-5005,0,47,247,60 projectiles=082B,-31197,2080,-3657,32,55,0,63
retail_frame=2460 camera=-32280,2743,-3409,0,0,0 player=-32279,2767,-3410,251,175,250,26 wingmate=-24343,1743,-7890,251,171,250,26 fighters=-/-/-29417,-2915,-4983,0,45,246,60 projectiles=082B,-31683,2447,-3549,31,55,0,63
retail_frame=2464 camera=-32226,2710,-3439,0,0,0 player=-32224,2734,-3440,248,171,248,26 wingmate=-95,77,18,248,167,248,26 fighters=-/-/-29696,-2949,-4949,0,43,245,60 projectiles=082B,-31867,2603,-3517,27,56,0,63
retail_frame=2468 camera=-32182,2676,-3469,0,0,0 player=-32180,2699,-3471,246,167,245,25 wingmate=-25268,523,-9359,246,167,245,25 fighters=-/-/-29963,-2142,-4705,0,40,244,60 projectiles=082B,-32055,2755,-3485,27,56,0,63
retail_frame=2472 camera=-32146,2641,-3499,0,0,0 player=-32144,2664,-3502,243,163,244,25 wingmate=-26128,-152,-9774,243,163,244,25 fighters=-/-/-30218,-1441,-4445,0,37,243,60 projectiles=082B,-32243,2907,-3453,27,56,0,63
retail_frame=2476 camera=-32119,2608,-3529,0,0,0 player=-32116,2630,-3533,241,158,242,24 wingmate=-26996,-698,-10445,241,158,242,24 fighters=-/-/-30465,-831,-4173,0,34,242,60 projectiles=082B,-32431,3059,-3421,27,56,0,63
retail_frame=2480 camera=-32080,2543,-3587,0,0,0 player=-32077,2564,-3593,236,150,240,23 wingmate=-32080,2543,-3587,226,150,240,23 fighters=-/-/-30696,-301,-3889,0,31,241,60 projectiles=082B,-32619,3211,-3389,27,56,0,63
retail_frame=2484 camera=-32068,2513,-3614,0,0,0 player=-32065,2533,-3621,233,145,240,23 wingmate=-28621,-1788,-10889,233,141,240,23 fighters=-/-/-30911,160,-3589,0,27,240,60 projectiles=082B,32729,3363,-3357,27,56,0,63
retail_frame=2488 camera=-32060,2484,-3639,0,0,0 player=-32057,2504,-3647,231,141,240,22 wingmate=-30521,-2872,-10943,231,137,240,22 fighters=-/-/-31106,560,-3273,0,23,239,60 projectiles=082B,32541,3515,-3325,27,56,0,63
retail_frame=2492 camera=-32056,2458,-3664,0,0,0 player=-32053,2476,-3673,228,136,239,22 wingmate=-31413,-3412,-10841,228,132,239,22 fighters=-/-/-31281,908,-2949,0,19,238,60 projectiles=082B,32353,3667,-3293,27,56,0,63
retail_frame=2496 camera=-32055,2433,-3686,0,0,0 player=-32053,2449,-3696,226,132,239,21 wingmate=-32053,-3823,-10608,226,128,239,21 fighters=-/-/-31436,1211,-2613,0,15,237,60 projectiles=082B,32165,3819,-3261,27,56,0,63
retail_frame=2500 camera=-32055,2433,-3686,0,0,0 player=-32053,2449,-3696,226,132,239,21 wingmate=-32053,-3823,-10608,226,132,239,21 fighters=-/-/-31563,1474,-2269,0,10,236,60 projectiles=082B,31977,3971,-3229,27,56,0,63
retail_frame=2504 camera=-32055,2407,-3707,0,0,0 player=-32053,2423,-3718,223,127,238,21 wingmate=-32693,-4361,-9990,223,127,238,21 fighters=-/-/-31662,1703,-1917,0,5,235,60 projectiles=082B,31789,4123,-3197,27,56,0,63
retail_frame=2508 camera=-32056,2390,-3732,0,0,0 player=-32054,2405,-3743,223,123,238,20 wingmate=32202,-4379,-9887,223,123,238,20 fighters=-/-/-31737,1904,-1565,0,0,234,60 projectiles=082B,31601,4275,-3165,27,56,0,63
retail_frame=2512 camera=-32059,2378,-3759,128,0,0 player=-32058,2393,-3770,222,119,237,20 wingmate=31686,-4647,-9530,222,115,237,20 fighters=-/-/-31788,2080,-1213,0,251,233,60 projectiles=082B,31413,4427,-3133,27,56,0,63
retail_frame=2516 camera=-32066,2372,-3785,128,0,0 player=-32065,2387,-3796,222,114,236,19 wingmate=30911,-4653,-9300,222,110,236,19 fighters=-/-/-31807,2234,-869,0,245,232,60 projectiles=082B,31225,4579,-3101,27,56,0,63
retail_frame=2520 camera=-32075,2371,-3808,0,0,0 player=-32075,2385,-3819,222,110,235,19 wingmate=30389,-4655,-9067,222,106,235,19 fighters=-/-/-31826,2371,-525,0,245,235,60 projectiles=082B,31037,4731,-3069,27,56,0,63
retail_frame=2524 camera=-32087,2371,-3829,0,0,0 player=-32087,2385,-3840,222,105,233,18 wingmate=29737,-4655,-8704,222,101,233,18 fighters=-/-/-31845,2493,-181,0,245,237,60 projectiles=082B,30849,4883,-3037,27,56,0,63
retail_frame=2528 camera=-32099,2374,-3848,128,0,0 player=-32100,2388,-3859,223,101,232,18 wingmate=29212,-4396,-8339,223,97,232,18 fighters=-/-/-31864,2601,163,0,245,239,60 projectiles=082B,30661,5035,-3005,27,56,0,63
retail_frame=2532 camera=-32113,2378,-3863,128,0,0 player=-32114,2392,-3873,226,96,230,17 wingmate=28046,-3880,-8225,226,92,230,17 fighters=-/-/-31883,2699,507,0,245,241,60 projectiles=082B,30473,5187,-2973,27,56,0,63
retail_frame=2536 camera=-32128,2384,-3877,128,0,0 player=-32129,2399,-3886,228,94,229,17 wingmate=27647,-3489,-8110,228,90,229,17 fighters=-/-/-31902,2787,851,0,245,242,60 projectiles=-
retail_frame=2540 camera=-32140,2390,-3889,128,0,0 player=-32142,2407,-3897,231,92,227,16 wingmate=27122,-2969,-7993,231,92,227,16 fighters=-/-/-31921,2869,1195,0,245,243,60 projectiles=-
retail_frame=2544 camera=-32164,2408,-3906,128,0,0 player=-32164,2425,-3906,236,88,225,15 wingmate=-32164,2408,-3906,22,88,225,15 fighters=-/-/-31940,2944,1539,0,245,244,60 projectiles=-
retail_frame=2548 camera=-32174,2415,-3912,128,0,0 player=-32176,2434,-3917,238,86,224,15 wingmate=25936,-1534,-7373,238,82,224,15 fighters=-/-/-31959,3014,1883,0,245,245,60 projectiles=-
retail_frame=2552 camera=-32183,2424,-3917,128,0,0 player=-32185,2443,-3921,241,84,224,14 wingmate=25287,-885,-7121,241,80,224,14 fighters=-/-/-31997,3144,2571,0,245,247,60 projectiles=-
retail_frame=2556 camera=-32192,2431,-3921,128,0,0 player=-32194,2451,-3924,243,82,223,14 wingmate=25022,-365,-6740,243,78,223,14 fighters=-/-/-32016,3204,2915,0,245,248,60 projectiles=-
retail_frame=2560 camera=-32201,2438,-3924,128,0,0 player=-32202,2459,-3926,246,80,223,13 wingmate=24630,283,-6486,246,76,223,13 fighters=-/-/-32035,3262,3259,0,245,249,60 projectiles=-
retail_frame=2564 camera=-32209,2445,-3926,128,0,0 player=-32210,2467,-3928,248,78,222,13 wingmate=24494,675,-5976,248,74,222,13 fighters=-/-/-32054,3318,3603,0,245,250,60 projectiles=-
retail_frame=2568 camera=-32217,2452,-3929,128,0,0 player=-32217,2475,-3930,251,76,222,12 wingmate=24359,1451,-5594,251,72,222,12 fighters=-/-/-32073,3372,3947,0,245,251,60 projectiles=-
retail_frame=2572 camera=-32224,2460,-3931,128,0,0 player=-32224,2483,-3931,253,74,222,12 wingmate=24224,1843,-5211,253,74,222,12 fighters=-/-/-32092,3424,4291,0,245,252,60 projectiles=-
retail_frame=2576 camera=-32230,2468,-3932,128,0,0 player=-32236,2499,-3932,2,70,223,11 wingmate=24090,2491,-4700,34,70,223,11 fighters=-/-/-32111,3475,4635,0,245,253,60 projectiles=-
retail_frame=2580 camera=-32242,2482,-3933,128,0,0 player=-32241,2506,-3932,5,68,223,10 wingmate=24079,3530,-3932,5,64,223,10 fighters=-/-/-32074,3525,5203,0,245,255,60 projectiles=-
retail_frame=2584 camera=-32247,2489,-3933,128,0,0 player=-32246,2513,-3932,5,66,224,10 wingmate=24202,3537,-3548,5,62,224,10 fighters=-/-/-32093,3603,5547,0,245,0,60 projectiles=-
retail_frame=2588 camera=-32252,2495,-3933,128,0,0 player=-32251,2519,-3932,5,64,224,9 wingmate=24197,3543,-3164,5,60,224,9 fighters=-/-/-32187,3668,6011,0,245,0,60 projectiles=-
retail_frame=2592 camera=-32257,2501,-3933,128,0,0 player=-32256,2525,-3932,5,62,225,9 wingmate=24192,3549,-2652,5,58,225,9 fighters=-/-/-32206,3713,6355,0,245,255,60 projectiles=-
retail_frame=2596 camera=-32261,2507,-3933,128,0,0 player=-32260,2530,-3932,5,60,226,8 wingmate=24316,3554,-2268,5,60,226,8 fighters=-/-/-32194,2865,6616,0,245,254,60 projectiles=-
retail_frame=2600 camera=-32270,2516,-3933,0,0,0 player=-32269,2539,-3932,5,56,228,8 wingmate=-32270,2516,-3933,25,56,228,8 fighters=-/-/-32182,2128,6877,0,245,253,60 projectiles=-
retail_frame=2604 camera=-32276,2520,-3932,0,0,0 player=-32275,2542,-3932,3,54,228,8 wingmate=24685,3182,-988,3,50,228,8 fighters=-/-/-32098,1486,7354,0,243,251,60 projectiles=-
retail_frame=2608 camera=-32281,2521,-3931,128,0,0 player=-32281,2543,-3931,2,52,229,8 wingmate=24807,2927,-475,2,48,229,8 fighters=-/-/-32114,440,7644,0,242,250,60 projectiles=-
retail_frame=2612 camera=-32287,2522,-3930,128,0,0 player=-32287,2543,-3930,1,50,229,8 wingmate=24929,2671,-90,1,46,229,8 fighters=-/-/-32078,16,7897,0,241,249,60 projectiles=-
retail_frame=2616 camera=-32293,2523,-3928,128,0,0 player=-32293,2543,-3928,254,48,230,8 wingmate=25179,2159,296,254,44,230,8 fighters=-/-/-32034,-354,8146,0,239,248,60 projectiles=-
retail_frame=2620 camera=-32299,2522,-3926,128,0,0 player=-32299,2542,-3926,252,46,230,8 wingmate=25429,1646,810,252,46,230,8 fighters=-/-/-31978,-677,8387,0,237,247,60 projectiles=-
retail_frame=2624 camera=-32304,2521,-3924,128,0,0 player=-32310,2538,-3921,247,42,230,8 wingmate=-32308,2519,-3921,245,42,230,8 fighters=-/-/-31910,-959,8624,0,235,247,60 projectiles=-
retail_frame=2628 camera=-32313,2517,-3918,128,0,0 player=-32315,2536,-3918,247,40,229,8 wingmate=26181,616,1842,247,36,229,8 fighters=-/-/-31702,-1206,9045,0,231,247,60 projectiles=-
retail_frame=2632 camera=-32318,2516,-3915,128,0,0 player=-32320,2534,-3915,247,38,229,8 wingmate=26560,614,2101,247,34,229,8 fighters=-/-/-31606,-1423,9262,0,229,247,60 projectiles=-
retail_frame=2636 camera=-32323,2514,-3911,128,0,0 player=-32325,2532,-3911,247,36,228,8 wingmate=26811,612,2489,247,32,228,8 fighters=-/-/-31546,-1784,9512,0,227,247,60 projectiles=-
retail_frame=2640 camera=-32327,2512,-3907,128,0,0 player=-32329,2530,-3907,247,34,228,8 wingmate=27191,610,2749,247,30,228,8 fighters=-/-/-31434,-1934,9713,0,225,247,60 projectiles=-
retail_frame=2644 camera=-32331,2510,-3903,0,0,0 player=-32333,2528,-3903,247,32,227,8 wingmate=27443,608,3137,247,32,227,8 fighters=-/-/-31314,-2069,9906,0,223,247,60 projectiles=-
retail_frame=2648 camera=-32338,2504,-3895,0,0,0 player=-32341,2522,-3894,244,28,225,8 wingmate=-32338,2504,-3895,244,24,225,8 fighters=-/-/-31182,-2189,10091,0,221,247,60 projectiles=-
retail_frame=2652 camera=-32341,2501,-3890,0,0,0 player=-32344,2519,-3889,244,26,224,8 wingmate=28712,-169,3663,244,22,224,8 fighters=-/-/-30858,-2259,10400,0,217,247,60 projectiles=-
retail_frame=2656 camera=-32351,2492,-3875,0,0,0 player=-32354,2510,-3874,244,24,224,10 wingmate=29086,-178,3934,244,20,224,10 fighters=-/-/-30750,-2490,10594,0,215,247,60 projectiles=-
retail_frame=2660 camera=-32366,2476,-3851,0,0,0 player=-32369,2495,-3849,244,22,223,12 wingmate=29455,-193,4087,244,18,223,12 fighters=-/-/-30594,-2575,10743,0,213,247,60 projectiles=-
retail_frame=2664 camera=-32384,2457,-3816,0,0,0 player=-32387,2476,-3814,244,20,223,14 wingmate=29821,-212,4250,244,16,223,14 fighters=-/-/-30434,-2654,10880,0,211,247,60 projectiles=-
retail_frame=2668 camera=-32404,2433,-3772,0,0,0 player=-32407,2453,-3770,244,18,222,16 wingmate=30313,-235,4550,244,18,222,16 fighters=-/-/-30266,-2728,11005,0,209,247,60 projectiles=-
retail_frame=2672 camera=-32445,2375,-3660,0,0,0 player=-32448,2396,-3658,244,14,222,18 wingmate=-32445,2375,-3660,244,10,222,18 fighters=-/-/-30094,-2798,11122,0,207,247,60 projectiles=-
retail_frame=2676 camera=-32464,2340,-3594,0,0,0 player=-32467,2362,-3592,244,12,222,19 wingmate=31405,-326,4984,244,8,222,19 fighters=-/-/-29694,-2865,11283,0,203,247,60 projectiles=-
retail_frame=2680 camera=-32480,2304,-3522,0,0,0 player=-32483,2326,-3519,244,10,223,20 wingmate=31901,-362,5185,244,6,223,20 fighters=-/-/-29558,-2990,11401,0,201,247,60 projectiles=-
retail_frame=2684 camera=-32498,2267,-3445,0,0,0 player=-32500,2289,-3442,244,10,226,21 wingmate=30988,-399,5134,244,10,226,21 fighters=-/-/-29374,-3049,11470,0,199,247,60 projectiles=-
retail_frame=2688 camera=-32517,2226,-3363,0,0,0 player=-32519,2249,-3360,244,10,230,22 wingmate=30969,-439,5216,244,10,230,22 fighters=-/-/-29186,-3106,11531,0,197,247,60 projectiles=-
retail_frame=2692 camera=-32537,2185,-3279,0,0,0 player=-32539,2208,-3276,244,10,233,23 wingmate=30949,-480,5300,244,10,233,23 fighters=-/-/-28998,-3161,11580,0,195,247,60 projectiles=-
retail_frame=2696 camera=-32577,2096,-3099,0,0,0 player=-32579,2119,-3096,244,10,239,25 wingmate=30909,-569,5480,244,10,239,25 fighters=-/-/-28578,-3213,11617,0,191,247,60 projectiles=-
retail_frame=2700 camera=-32599,2050,-3005,0,0,0 player=-32601,2073,-3002,244,10,242,26 wingmate=30887,-615,5574,244,10,242,26 fighters=-/-/-28390,-3304,11642,0,189,247,60 projectiles=-
retail_frame=2704 camera=-32621,2003,-2909,0,0,0 player=-32623,2025,-2906,244,10,244,27 wingmate=30865,-663,5670,244,10,244,27 fighters=-/-/-28246,-3359,11692,0,187,247,60 projectiles=-
retail_frame=2708 camera=-32644,1955,-2810,0,0,0 player=-32646,1977,-2807,244,10,245,28 wingmate=30842,-711,5769,244,10,245,28 fighters=-/-/-28047,-2486,11765,0,185,247,60 projectiles=-
retail_frame=2712 camera=-32667,1905,-2709,0,0,0 player=-32669,1927,-2706,244,10,247,29 wingmate=30819,-761,5870,244,10,247,29 fighters=-/-/-27852,-1725,11826,0,183,247,60 projectiles=-
retail_frame=2716 camera=-32721,1805,-2506,0,0,0 player=-32723,1826,-2503,244,12,254,30 wingmate=29485,-862,5561,244,16,254,30 fighters=-/-/-27437,-1063,11875,0,179,247,60 projectiles=-
retail_frame=2720 camera=-32751,1775,-2397,128,0,0 player=-32754,1795,-2394,244,12,255,30 wingmate=30350,-893,6054,244,12,255,30 fighters=-/-/-27279,19,11937,0,177,247,60 projectiles=-
retail_frame=2724 camera=32752,1762,-2282,128,0,0 player=32750,1781,-2280,246,12,0,30 wingmate=30190,-395,6424,246,12,0,30 fighters=-/-/-27096,458,11954,0,175,247,60 projectiles=-
retail_frame=2728 camera=32728,1762,-2177,0,0,0 player=32710,1796,-2079,248,8,250,29 wingmate=32711,1777,-2081,6,8,250,29 fighters=-/-/-26921,841,11959,0,173,247,60 projectiles=-
retail_frame=2732 camera=32700,1798,-1994,0,0,0 player=32699,1817,-1993,251,6,248,29 wingmate=32315,793,7095,251,2,248,29 fighters=-/-/-26583,1470,11937,0,169,247,60 projectiles=-
retail_frame=2736 camera=32694,1825,-1916,0,0,0 player=32694,1844,-1916,253,4,245,28 wingmate=32694,1204,7300,253,0,245,28 fighters=-/-/-26424,1728,11910,0,167,247,60 projectiles=-
retail_frame=2740 camera=32693,1851,-1846,0,0,0 player=32693,1869,-1846,0,2,243,28 wingmate=-32459,1869,7370,0,254,243,28 fighters=-/-/-26273,1955,11875,0,165,247,60 projectiles=-
retail_frame=2744 camera=32693,1873,-1783,0,0,0 player=32693,1891,-1783,0,0,241,27 wingmate=-32075,1891,7433,0,252,241,27 fighters=-/-/-26126,2156,11832,0,163,247,60 projectiles=-
retail_frame=2748 camera=32693,1893,-1724,0,0,0 player=32696,1930,-1670,0,252,237,26 wingmate=-31563,1911,7492,14,252,237,26 fighters=-/-/-25991,2333,11781,0,161,247,60 projectiles=-
retail_frame=2752 camera=32696,1912,-1670,0,0,0 player=32696,1930,-1670,0,252,237,26 wingmate=-31176,1930,7418,0,252,237,26 fighters=-/-/-25864,2492,11722,0,159,247,60 projectiles=-
retail_frame=2756 camera=32701,1930,-1620,0,0,0 player=32708,1965,-1573,0,248,234,25 wingmate=32708,1946,-1573,14,248,234,25 fighters=-/-/-25745,2633,11651,0,157,247,60 projectiles=-
retail_frame=2760 camera=32716,1962,-1529,0,0,0 player=32716,1981,-1529,0,246,232,25 wingmate=-29748,1981,7175,0,242,232,25 fighters=-/-/-25634,2761,11576,0,155,247,60 projectiles=-
retail_frame=2764 camera=32726,1976,-1491,0,0,0 player=32726,1995,-1491,0,244,231,24 wingmate=-29354,1995,7085,0,240,231,24 fighters=-/-/-25531,2877,11493,0,153,247,60 projectiles=-
retail_frame=2768 camera=32737,1988,-1455,0,0,0 player=32737,2008,-1455,0,242,229,24 wingmate=-28831,2008,6865,0,238,229,24 fighters=-/-/-25440,2982,11402,0,151,247,60 projectiles=-
retail_frame=2772 camera=32749,2000,-1422,0,0,0 player=32749,2020,-1422,0,240,228,23 wingmate=-28435,2020,6770,0,236,228,23 fighters=-/-/-25357,3080,11307,0,149,247,60 projectiles=-
retail_frame=2776 camera=32762,2011,-1391,0,0,0 player=32762,2032,-1391,0,238,227,23 wingmate=-28038,2032,6545,0,234,227,23 fighters=-/-/-25286,3170,11208,0,147,247,60 projectiles=-
retail_frame=2780 camera=-32760,2021,-1363,0,0,0 player=-32760,2043,-1363,0,236,226,22 wingmate=-27640,2043,6317,0,232,226,22 fighters=-/-/-25227,3254,11101,0,143,247,60 projectiles=-
retail_frame=2784 camera=-32745,2032,-1338,0,0,0 player=-32745,2054,-1338,0,234,226,22 wingmate=-27241,2054,6086,0,230,226,22 fighters=-/-/-25137,3406,10875,0,141,247,60 projectiles=-
retail_frame=2788 camera=-32734,2043,-1313,128,0,0 player=-32734,2066,-1313,0,238,233,21 wingmate=-29662,2066,7391,0,242,233,21 fighters=-/-/-25110,3476,10756,0,139,247,60 projectiles=-
retail_frame=2792 camera=-32727,2057,-1289,128,0,0 player=-32727,2080,-1289,1,242,240,21 wingmate=-30551,2208,7671,1,246,240,21 fighters=-/-/-25095,3542,10637,0,137,247,60 projectiles=-
retail_frame=2796 camera=-32723,2070,-1266,128,0,0 player=-32723,2093,-1266,2,247,245,20 wingmate=-31699,2477,7822,2,247,245,20 fighters=-/-/-25092,3605,10514,0,135,247,60 projectiles=-
retail_frame=2800 camera=-32722,2082,-1243,128,0,0 player=-32722,2106,-1243,2,251,250,20 wingmate=-32594,2490,7845,2,251,250,20 fighters=-/-/-25097,3666,10387,0,133,247,60 projectiles=-
retail_frame=2804 camera=-32722,2093,-1222,128,0,0 player=-32722,2117,-1222,2,4,3,19 wingmate=32046,2501,7866,20,4,3,19 fighters=-/-/-25102,3724,10260,0,133,248,60 projectiles=-
retail_frame=2808 camera=-32728,2121,-1171,128,0,0 player=-32728,2145,-1171,2,9,7,20 wingmate=29992,2529,7533,2,13,7,20 fighters=-/-/-25107,3780,10133,0,133,249,60 projectiles=-
retail_frame=2812 camera=-32740,2143,-1132,128,0,0 player=-32740,2167,-1132,2,13,10,21 wingmate=29084,2551,7316,2,17,10,21 fighters=-/-/-25112,3834,10006,0,133,250,60 projectiles=-
retail_frame=2816 camera=-32761,2171,-1088,128,0,0 player=-32761,2194,-1088,2,18,13,22 wingmate=28039,2578,6720,2,22,13,22 fighters=-/-/-25093,3934,9647,0,133,252,60 projectiles=-
retail_frame=2820 camera=32746,2202,-1039,128,0,0 player=32746,2225,-1039,2,22,15,23 wingmate=27370,2609,6385,2,26,15,23 fighters=-/-/-25196,3222,9430,0,133,253,60 projectiles=-
retail_frame=2824 camera=32725,2230,-992,128,0,0 player=32725,2253,-992,2,18,11,22 wingmate=29781,2637,7584,2,14,11,22 fighters=-/-/-25270,2601,9108,0,133,254,60 projectiles=-
retail_frame=2828 camera=32712,2257,-947,128,0,0 player=32712,2279,-947,2,13,7,22 wingmate=30792,2663,8013,2,13,7,22 fighters=-/-/-25344,2061,8786,0,133,255,60 projectiles=-
retail_frame=2832 camera=32704,2280,-904,128,0,0 player=32703,2323,-864,2,4,0,21 wingmate=32703,2302,-864,20,4,0,21 fighters=-/-/-25418,1591,8464,0,133,0,60 projectiles=-
retail_frame=2836 camera=32703,2323,-827,128,0,0 player=32703,2343,-827,2,0,252,20 wingmate=32703,2323,-827,20,0,252,20 fighters=-/-/-25528,1181,8142,0,125,0,60 projectiles=-
retail_frame=2840 camera=32705,2342,-793,128,0,0 player=32705,2362,-793,2,251,250,20 wingmate=-30911,2746,8167,2,247,250,20 fighters=-/-/-25670,824,7828,0,119,0,60 projectiles=-
retail_frame=2844 camera=32711,2360,-762,128,0,0 player=32711,2379,-762,2,247,247,19 wingmate=-30009,2763,7942,2,243,247,19 fighters=-/-/-25836,513,7518,0,112,0,60 projectiles=-
retail_frame=2848 camera=32720,2376,-734,128,0,0 player=32720,2395,-734,2,242,245,19 wingmate=-28976,2779,7586,2,238,245,19 fighters=-/-/-26018,240,7216,0,109,0,60 projectiles=-
retail_frame=2852 camera=32731,2391,-708,128,0,0 player=32731,2410,-708,2,238,242,18 wingmate=-28069,2794,7100,2,234,242,18 fighters=-/-/-26328,2,6722,0,107,0,60 projectiles=-
retail_frame=2856 camera=32745,2400,-684,0,0,0 player=32745,2418,-684,2,234,240,18 wingmate=-27415,2802,6740,2,230,240,18 fighters=-/-/-26426,-208,6632,0,107,0,60 projectiles=0576,-26610,165,6462,13,99,0,63
retail_frame=2860 camera=32759,2403,-663,0,0,0 player=32759,2421,-663,1,232,238,17 wingmate=-27017,2549,6377,1,228,238,17 fighters=-/-/-26644,-393,6346,0,105,0,60 projectiles=0576,-27004,328,6002,13,99,0,63
retail_frame=2864 camera=-32763,2406,-643,0,0,0 player=-32763,2424,-643,0,230,236,17 wingmate=-26491,2424,6269,0,226,236,17 fighters=-/-/-26866,-557,6064,0,104,0,60 projectiles=0576,-27398,491,5544,13,99,0,63
retail_frame=2868 camera=-32752,2406,-623,0,0,0 player=-32752,2424,-623,0,234,242,16 wingmate=-28784,2424,7697,0,238,242,16 fighters=-/-/-27096,-702,5786,0,103,0,60 projectiles=0576,-27792,654,5086,13,99,0,63
retail_frame=2872 camera=-32752,2406,-623,0,0,0 player=-32752,2424,-623,254,239,246,16 wingmate=-28784,2424,7697,251,239,246,16 fighters=-/-/-27330,-832,5512,0,102,0,60 projectiles=0576,-28186,816,4628,13,99,0,63
retail_frame=2876 camera=-32745,2404,-602,128,0,0 player=-32745,2422,-602,254,239,246,16 wingmate=-29929,2038,8102,254,239,246,16 fighters=-/-/-27568,-949,5242,0,101,0,60 projectiles=0576,-28580,976,4170,13,99,0,63
retail_frame=2880 camera=-32741,2398,-582,128,0,0 player=-32741,2417,-582,253,243,250,15 wingmate=-30821,1777,8378,253,243,250,15 fighters=-/-/-27810,-1055,4976,0,100,0,60 projectiles=0576,-28974,1136,3712,13,99,0,63
retail_frame=2884 camera=-32740,2392,-564,128,0,0 player=-32740,2411,-563,251,248,253,15 wingmate=-31972,1387,8525,251,252,253,15 fighters=-/-/-28056,-1152,4710,0,99,0,60 projectiles=0576,-29371,1293,3254,13,99,0,63
retail_frame=2888 camera=-32740,2385,-549,128,0,0 player=-32740,2404,-547,248,252,0,14 wingmate=-32740,612,8541,248,0,0,14 fighters=-/-/-28302,-1241,4444,0,99,0,60 projectiles=0576,-29768,1442,2796,12,99,0,63
retail_frame=2892 camera=-32740,2377,-535,128,0,0 player=-32740,2396,-532,246,1,3,14 wingmate=31772,220,8428,246,5,3,14 fighters=-/-/-28548,-1324,4178,0,99,0,60 projectiles=0576,-30165,1588,2341,12,99,0,63
retail_frame=2896 camera=-32739,2369,-523,128,0,0 player=-32740,2388,-519,243,5,5,13 wingmate=31004,-428,8057,243,9,5,13 fighters=-/-/-28794,-1401,3912,0,99,0,60 projectiles=0576,-30565,1731,1886,12,99,0,63
retail_frame=2900 camera=-32741,2359,-513,128,0,0 player=-32742,2379,-508,241,10,8,13 wingmate=29978,-949,7684,241,14,8,13 fighters=-/-/-29040,-1474,3646,0,99,0,60 projectiles=0576,-30970,1868,1431,11,99,0,63
retail_frame=2904 camera=-32746,2340,-494,128,0,0 player=-32748,2361,-488,238,14,10,15 wingmate=29332,-1607,6936,238,18,10,15 fighters=-/-/-29286,-1543,3380,0,99,0,60 projectiles=0576,-31381,2001,983,11,98,0,63
retail_frame=2908 camera=-32760,2315,-468,128,0,0 player=-32762,2335,-461,236,19,13,16 wingmate=28422,-2017,6451,236,23,13,16 fighters=-/-/-29532,-1608,3114,0,99,0,60 projectiles=0576,-31802,2115,542,9,97,0,63
retail_frame=2912 camera=32759,2280,-436,128,0,0 player=32756,2301,-429,233,23,14,17 wingmate=28020,-2691,5715,233,27,14,17 fighters=-/-/-29782,-1671,2852,0,98,253,60 projectiles=0576,-32236,2209,111,8,96,0,63
retail_frame=2916 camera=32742,2257,-401,0,0,0 player=32738,2278,-393,231,19,10,17 wingmate=-91,11,-83,231,15,10,17 fighters=-/-/-30036,-1731,2598,0,97,250,60 projectiles=0576,-32416,2237,-49,4,94,0,63
retail_frame=2920 camera=32730,2244,-365,0,0,0 player=32726,2264,-356,228,14,6,16 wingmate=-91,11,-83,228,10,6,16 fighters=-/-/-30298,-1789,2352,0,95,248,60 projectiles=0576,-32596,2257,-209,4,94,0,63
retail_frame=2924 camera=32723,2237,-328,128,0,0 player=32720,2258,-319,227,10,3,16 wingmate=31824,-3886,6593,227,6,3,16 fighters=-/-/-30572,-1845,2114,0,93,246,60 projectiles=0576,32760,2277,-369,4,94,0,63
retail_frame=2928 camera=32722,2237,-295,128,0,0 player=32719,2258,-286,227,5,0,15 wingmate=32591,-3886,6754,227,5,0,15 fighters=-/-/-30854,-1899,1888,0,90,244,60 projectiles=-
retail_frame=2932 camera=32721,2239,-264,0,0,0 player=32719,2265,-227,227,252,251,14 wingmate=32721,2244,-237,8,252,251,14 fighters=-/-/-31148,-1951,1678,0,87,242,60 projectiles=-
retail_frame=2936 camera=32721,2244,-237,0,0,0 player=32719,2265,-227,227,252,251,14 wingmate=-31537,-3879,6685,227,252,251,14 fighters=-/-/-31450,-2001,1484,0,84,241,60 projectiles=-
retail_frame=2940 camera=32723,2251,-211,128,0,0 player=32722,2272,-201,228,248,249,14 wingmate=-30766,-3616,6583,228,248,249,14 fighters=-/-/-31760,-2049,1310,0,80,240,60 projectiles=-
retail_frame=2944 camera=32728,2260,-189,128,0,0 player=32727,2281,-180,231,243,248,13 wingmate=-29865,-3095,6732,231,239,248,13 fighters=-/-/-32078,-2095,1160,0,76,239,60 projectiles=-
retail_frame=2948 camera=32735,2270,-170,128,0,0 player=32735,2291,-162,233,239,246,13 wingmate=-28961,-2701,6622,233,235,246,13 fighters=-/-/-32206,-1706,1056,0,72,238,60 projectiles=-
retail_frame=2952 camera=32745,2280,-153,128,0,0 player=32745,2301,-146,236,234,244,12 wingmate=-27927,-2051,6382,236,230,244,12 fighters=-/-/-32338,-1369,976,0,68,237,60 projectiles=-
retail_frame=2956 camera=32754,2292,-139,128,0,0 player=32754,2313,-133,238,230,243,12 wingmate=-27278,-1655,6011,238,226,243,12 fighters=-/-/-32470,-1077,912,0,63,236,60 projectiles=-
retail_frame=2960 camera=32762,2303,-127,128,0,0 player=32762,2324,-122,241,228,241,11 wingmate=-26758,-1004,5894,241,224,241,11 fighters=-/-/-32598,-824,876,0,58,235,60 projectiles=-
retail_frame=2964 camera=-32766,2315,-116,128,0,0 player=-32766,2335,-112,243,226,240,11 wingmate=-26238,-481,5776,243,222,240,11 fighters=-/-/-32598,-824,876,0,58,235,60 projectiles=-
retail_frame=2968 camera=-32759,2323,-104,0,0,0 player=-32759,2342,-101,246,230,245,10 wingmate=-28151,166,7579,246,234,245,10 fighters=-/-/-32722,-604,868,0,53,234,60 projectiles=-
retail_frame=2972 camera=-32754,2325,-92,0,0,0 player=-32754,2345,-89,247,235,250,10 wingmate=-32754,2325,-92,247,239,250,10 fighters=-/-/32702,-413,888,0,48,233,60 projectiles=-
retail_frame=2976 camera=-32751,2331,-80,128,0,0 player=-32751,2350,-78,248,239,253,9 wingmate=-30063,558,8498,248,243,253,9 fighters=-/-/32606,-247,940,0,42,232,60 projectiles=-
retail_frame=2980 camera=-32751,2331,-80,128,0,0 player=-32750,2355,-68,251,244,0,9 wingmate=-30063,558,8498,18,244,0,9 fighters=-/-/32530,-102,1020,0,36,231,60 projectiles=-
retail_frame=2984 camera=-32750,2336,-69,128,0,0 player=-32750,2359,-60,253,248,2,8 wingmate=-32750,2340,-60,18,248,2,8 fighters=-/-/32478,25,1128,0,30,230,60 projectiles=-
retail_frame=2988 camera=-32750,2345,-53,128,0,0 player=-32750,2363,-53,253,253,4,8 wingmate=-32750,2345,-53,18,253,4,8 fighters=-/-/32454,137,1256,0,24,229,60 projectiles=-
retail_frame=2992 camera=-32750,2345,-53,128,0,0 player=-32750,2363,-53,253,253,4,8 wingmate=32658,1723,9035,253,253,4,8 fighters=-/-/32466,237,1404,0,17,228,60 projectiles=-
retail_frame=2996 camera=-32750,2348,-47,128,0,0 player=-32750,2369,-41,253,6,8,8 wingmate=-32750,2351,-41,18,6,8,8 fighters=-/-/32478,326,1552,0,17,231,60 projectiles=-
retail_frame=3000 camera=-32750,2354,-35,128,0,0 player=-32750,2372,-35,253,10,10,8 wingmate=30610,1729,8919,253,14,10,8 fighters=-/-/32490,406,1700,0,17,234,60 projectiles=-
retail_frame=3004 camera=-32750,2354,-35,128,0,0 player=-32750,2372,-35,253,10,10,8 wingmate=29842,1732,8541,253,10,10,8 fighters=-/-/32502,479,1848,0,17,236,60 projectiles=-
retail_frame=3008 camera=-32751,2357,-29,128,0,0 player=-32751,2375,-29,253,15,11,8 wingmate=28689,1735,8163,253,15,11,8 fighters=-/-/32514,546,1996,0,17,238,60 projectiles=-
retail_frame=3012 camera=-32753,2359,-23,128,0,0 player=-32753,2378,-23,253,19,12,8 wingmate=32426,546,2208,253,23,12,8 fighters=-/-/32526,609,2144,0,17,240,60 projectiles=-
retail_frame=3016 camera=-32756,2362,-18,128,0,0 player=-32756,2381,-18,253,24,13,8 wingmate=27020,1741,7022,253,28,13,8 fighters=-/-/32538,667,2292,0,17,242,60 projectiles=-
retail_frame=3020 camera=-32760,2365,-13,128,0,0 player=-32760,2384,-13,253,28,14,8 wingmate=26376,1744,6387,253,32,14,8 fighters=-/-/32550,723,2440,0,17,243,60 projectiles=-
retail_frame=3024 camera=-32764,2367,-9,128,0,0 player=-32764,2387,-9,253,33,16,8 wingmate=25476,1747,5623,253,37,16,8 fighters=-/-/32562,777,2588,0,17,244,60 projectiles=-
retail_frame=3028 camera=32767,2370,-6,128,0,0 player=32767,2390,-6,253,37,17,8 wingmate=24959,1750,4858,253,41,17,8 fighters=-/-/32574,828,2736,0,17,245,60 projectiles=-
retail_frame=3032 camera=32763,2371,-2,0,0,0 player=32763,2392,-2,253,33,12,8 wingmate=26875,1752,6910,253,29,12,8 fighters=-/-/32586,878,2884,0,17,246,60 projectiles=-
retail_frame=3036 camera=32759,2370,2,0,0,0 player=32759,2392,3,252,28,7,8 wingmate=27767,1496,7555,252,24,7,8 fighters=-/-/32598,927,3032,0,17,247,60 projectiles=-
retail_frame=3040 camera=32756,2370,7,128,0,0 player=32756,2392,8,251,24,4,8 wingmate=28532,1368,8072,251,20,4,8 fighters=-/-/32610,975,3180,0,17,248,60 projectiles=-
retail_frame=3044 camera=32754,2368,12,128,0,0 player=32754,2391,14,249,19,1,8 wingmate=29554,855,8590,249,19,1,8 fighters=-/-/32622,1023,3328,0,17,249,60 projectiles=-
retail_frame=3048 camera=32754,2365,22,128,0,0 player=32754,2387,22,244,10,253,8 wingmate=32754,2365,22,242,10,253,8 fighters=-/-/32634,1070,3476,0,17,250,60 projectiles=-
retail_frame=3052 camera=32754,2362,27,128,0,0 player=32753,2385,32,242,6,250,8 wingmate=32369,-687,8608,242,2,250,8 fighters=-/-/32646,1116,3624,0,17,251,60 projectiles=-
retail_frame=3056 camera=32754,2360,33,128,0,0 player=32753,2383,38,242,1,249,8 wingmate=-32271,-689,8614,242,253,249,8 fighters=-/-/32670,1207,3984,0,17,253,60 projectiles=-
retail_frame=3060 camera=32753,2357,41,128,0,0 player=32753,2380,46,242,1,250,10 wingmate=32625,-692,8622,242,1,250,10 fighters=-/-/32682,1251,4068,0,17,254,60 projectiles=-
retail_frame=3064 camera=32753,2350,62,128,0,0 player=32753,2373,67,242,1,252,12 wingmate=32673,1800,2171,242,1,252,12 fighters=-/-/32694,1295,4216,0,17,255,60 projectiles=-
retail_frame=3068 camera=32753,2339,95,128,0,0 player=32753,2362,100,242,1,253,14 wingmate=32625,-710,8676,242,1,253,14 fighters=-/-/32706,1338,4364,0,17,0,60 projectiles=-
retail_frame=3072 camera=32753,2330,195,0,0,0 player=32753,2352,200,242,1,255,17 wingmate=32625,-719,8721,242,1,255,17 fighters=-/-/32719,927,4623,0,17,0,60 projectiles=-
retail_frame=3076 camera=32753,2328,259,0,0,0 player=32753,2350,263,243,1,255,18 wingmate=32625,-466,8967,243,1,255,18 fighters=-/-/32732,572,4882,0,17,0,60 projectiles=-
retail_frame=3080 camera=32753,2327,330,0,0,0 player=32753,2348,334,243,1,0,19 wingmate=32625,-468,9038,243,1,0,19 fighters=-/-/32758,-2,5400,0,17,0,60 projectiles=-
retail_frame=3084 camera=32753,2314,407,128,0,0 player=32753,2335,411,243,1,0,20 wingmate=32625,-481,9115,243,1,0,20 fighters=-/-/-32765,-233,5659,0,17,0,60 projectiles=-
retail_frame=3088 camera=32753,2293,487,128,0,0 player=32753,2313,491,243,1,1,21 wingmate=32718,1030,3179,243,1,1,21 fighters=-/-/-32752,-434,5918,0,17,0,60 projectiles=-
retail_frame=3092 camera=32754,2288,561,0,0,0 player=32754,2307,566,242,254,253,20 wingmate=-31630,-765,9142,242,254,253,20 fighters=-/-/-32739,-608,6177,0,17,0,60 projectiles=-
retail_frame=3096 camera=32756,2271,640,0,0,0 player=32756,2290,645,241,254,253,21 wingmate=-32396,-1038,9221,241,254,253,21 fighters=-/-/-32726,-759,6436,0,17,0,60 projectiles=-
retail_frame=3100 camera=32760,2268,711,128,0,0 player=32760,2286,717,239,252,249,20 wingmate=-31240,-1426,8909,239,248,249,20 fighters=-/-/-32713,-891,6695,0,17,0,60 projectiles=-
retail_frame=3104 camera=-32767,2270,775,128,0,0 player=-32767,2288,781,239,249,245,20 wingmate=-30591,-1424,8845,239,245,245,20 fighters=-/-/-32700,-1007,6954,0,17,0,60 projectiles=-
retail_frame=3108 camera=-32763,2272,848,128,0,0 player=-32763,2290,854,239,252,249,21 wingmate=-32763,-1422,9302,239,0,249,21 fighters=-/-/-32599,-1109,7001,0,17,0,60 projectiles=-
retail_frame=3112 camera=-32763,2276,928,128,0,0 player=-32763,2293,934,239,0,252,22 wingmate=32005,-1419,9254,239,4,252,22 fighters=-/-/-32599,-1109,7001,0,17,0,60 projectiles=-
retail_frame=3116 camera=-32763,2271,1013,0,0,0 player=-32763,2288,1019,239,0,253,23 wingmate=-32763,-1424,9467,239,0,253,23 fighters=-/-/- projectiles=-
retail_frame=3120 camera=-32763,2270,1019,0,0,0 player=-32763,2283,1098,253,0,252,24 wingmate=-32763,1643,10314,253,0,0,24 fighters=-/-/- projectiles=-
retail_frame=3124 camera=-32759,2274,1142,184,0,0 player=-32763,2277,1239,254,0,252,26 wingmate=-32763,1893,10455,254,0,0,26 fighters=-/-/- projectiles=-
retail_frame=3128 camera=-32757,2274,1196,97,0,0 player=-32763,2275,1303,254,0,252,27 wingmate=-32763,1891,10519,254,0,0,27 fighters=-/-/- projectiles=-
retail_frame=3132 camera=-32755,2275,1245,53,0,0 player=-32763,2271,1420,254,0,253,29 wingmate=-32763,1889,10579,254,0,253,29 fighters=-/-/- projectiles=-
retail_frame=3136 camera=-32751,2276,1334,74,0,0 player=-32763,2271,1474,255,0,254,30 wingmate=-32763,2143,10690,255,0,0,30 fighters=-/-/- projectiles=-
retail_frame=3140 camera=-32749,2277,1340,129,0,0 player=-32763,2271,1525,255,0,254,30 wingmate=-32763,2143,10741,255,0,0,30 fighters=-/-/- projectiles=-
retail_frame=3144 camera=-32751,2274,1351,161,224,0 player=-32763,2271,1619,255,0,0,30 wingmate=-32763,2143,10789,255,0,0,30 fighters=-/-/- projectiles=-
retail_frame=3148 camera=-32761,2268,1447,43,144,0 player=-32763,2271,1663,255,0,1,30 wingmate=-32763,2143,10879,255,0,0,30 fighters=-/-/- projectiles=-
retail_frame=3152 camera=-32767,2266,1491,174,128,0 player=-32763,2271,1705,255,0,2,30 wingmate=-32763,2143,10921,255,0,0,30 fighters=-/-/- projectiles=-
retail_frame=3156 camera=32765,2264,1533,31,112,0 player=-32763,2271,1784,255,0,3,30 wingmate=-32763,2143,10961,255,0,3,30 fighters=-/-/- projectiles=-
retail_frame=3160 camera=32760,2260,1612,236,236,0 player=-32763,2271,1822,255,0,3,30 wingmate=-32763,2143,11038,255,0,0,30 fighters=-/-/- projectiles=-
retail_frame=3164 camera=32755,2258,1651,114,190,0 player=-32763,2271,1859,255,0,4,30 wingmate=-32763,2143,11075,255,0,0,30 fighters=-/-/- projectiles=-
retail_frame=3168 camera=32751,2256,1687,253,159,0 player=-32763,2271,1930,255,0,4,30 wingmate=-32763,2143,11111,255,0,4,30 fighters=-/-/- projectiles=-
retail_frame=3172 camera=32742,2252,1758,8,159,0 player=-32763,2271,1964,255,0,4,30 wingmate=-32763,2143,11180,255,0,0,30 fighters=-/-/- projectiles=-
retail_frame=3176 camera=32737,2251,1790,128,143,0 player=-32763,2271,1997,255,0,3,30 wingmate=-32763,2143,11213,255,0,0,30 fighters=-/-/- projectiles=-
retail_frame=3180 camera=32732,2250,1822,116,127,0 player=-32763,2271,2060,255,0,2,30 wingmate=-32763,2143,11245,255,0,2,30 fighters=-/-/- projectiles=-
retail_frame=3184 camera=32723,2248,1884,233,147,0 player=-32763,2271,2090,255,0,2,30 wingmate=-32763,2143,11306,255,0,0,30 fighters=-/-/- projectiles=-
retail_frame=3188 camera=32717,2247,1912,52,137,0 player=-32763,2271,2119,255,0,1,30 wingmate=-32763,2143,11335,255,0,0,30 fighters=-/-/- projectiles=-
retail_frame=3192 camera=32712,2246,1939,130,140,0 player=-32763,2271,2175,255,0,255,30 wingmate=-32763,2143,11363,255,0,255,30 fighters=-/-/- projectiles=-
retail_frame=3196 camera=32701,2244,1994,30,151,0 player=-32763,2271,2203,255,0,254,30 wingmate=-32763,2143,11419,255,0,0,30 fighters=-/-/- projectiles=-
retail_frame=3200 camera=32695,2243,2023,103,171,0 player=-32763,2271,2231,255,0,254,30 wingmate=-32763,2143,11447,255,0,0,30 fighters=-/-/- projectiles=-
retail_frame=3204 camera=32688,2242,2050,171,181,0 player=-32763,2271,2287,255,0,253,30 wingmate=-32763,2143,11475,255,0,253,30 fighters=-/-/- projectiles=-
retail_frame=3208 camera=32677,2240,2104,44,193,0 player=-32763,2271,2315,255,0,252,30 wingmate=-32763,2143,11531,255,0,0,30 fighters=-/-/- projectiles=-
retail_frame=3212 camera=32670,2239,2133,102,200,0 player=-32763,2271,2343,255,0,252,30 wingmate=-32763,2143,11559,255,0,0,30 fighters=-/-/- projectiles=-
retail_frame=3216 camera=32663,2238,2161,159,228,0 player=-32763,2271,2399,255,0,252,30 wingmate=-32763,2143,11587,255,0,252,30 fighters=-/-/- projectiles=-
retail_frame=3220 camera=32651,2236,2217,247,209,0 player=-32763,2271,2427,255,0,253,30 wingmate=-32763,2143,11643,255,0,0,30 fighters=-/-/- projectiles=-
retail_frame=3224 camera=32644,2235,2246,31,224,0 player=-32763,2271,2455,255,0,253,30 wingmate=-32763,2143,11671,255,0,0,30 fighters=-/-/- projectiles=-
retail_frame=3228 camera=32638,2234,2272,79,192,0 player=-32763,2271,2511,255,0,254,30 wingmate=-32763,2143,11699,255,0,254,30 fighters=-/-/- projectiles=-
retail_frame=3232 camera=32622,2232,2329,143,240,0 player=-32763,2271,2539,255,0,255,30 wingmate=-32763,2143,11755,255,0,0,30 fighters=-/-/- projectiles=-
retail_frame=3236 camera=32616,2231,2357,179,208,0 player=-32763,2271,2567,255,0,0,30 wingmate=-32763,2143,11783,255,0,0,30 fighters=-/-/- projectiles=-
retail_frame=3240 camera=32607,2230,2386,205,216,0 player=-32763,2271,2623,255,0,2,30 wingmate=-32763,2143,11811,255,0,2,30 fighters=-/-/- projectiles=-
retail_frame=3244 camera=32593,2228,2444,7,198,0 player=-32763,2271,2651,255,0,2,30 wingmate=-32763,2143,11867,255,0,0,30 fighters=-/-/- projectiles=-
retail_frame=3248 camera=32585,2227,2474,39,211,0 player=-32763,2271,2679,255,0,3,30 wingmate=-32763,2143,11895,255,0,0,30 fighters=-/-/- projectiles=-
retail_frame=3252 camera=32577,2226,2505,63,241,0 player=-32763,2271,2735,0,0,4,30 wingmate=-32763,2271,12051,0,0,4,30 fighters=-/-/- projectiles=-
retail_frame=3256 camera=32563,2224,2565,101,252,0 player=-32763,2271,2763,0,0,4,30 wingmate=-32763,2271,12107,0,0,0,30 fighters=-/-/- projectiles=-
retail_frame=3260 camera=32553,2223,2596,134,14,0 player=-32763,2271,2791,0,0,4,30 wingmate=-32763,2271,12135,0,0,0,30 fighters=-/-/- projectiles=-
retail_frame=3264 camera=32546,2222,2628,159,47,0 player=-32763,2271,2847,0,0,3,30 wingmate=-32763,2271,12163,0,0,3,30 fighters=-/-/- projectiles=-
retail_frame=3268 camera=32530,2221,2688,215,43,0 player=-32763,2271,2875,0,0,3,30 wingmate=-32763,2271,12219,0,0,0,30 fighters=-/-/- projectiles=-
retail_frame=3272 camera=32522,2221,2721,239,61,0 player=-32763,2271,2903,0,0,2,30 wingmate=-32763,2271,12247,0,0,0,30 fighters=-/-/- projectiles=-
retail_frame=3276 camera=32516,2221,2752,3,38,0 player=-32763,2271,2959,0,0,1,30 wingmate=-32763,2271,12275,0,0,1,30 fighters=-/-/- projectiles=-
retail_frame=3280 camera=32500,2221,2818,44,65,0 player=-32763,2271,2987,0,0,0,30 wingmate=-32763,2271,12331,0,0,0,30 fighters=-/-/- projectiles=-
retail_frame=3284 camera=32494,2221,2849,62,40,0 player=-32763,2271,3015,0,0,255,30 wingmate=-32763,2271,12359,0,0,0,30 fighters=-/-/- projectiles=-
retail_frame=3288 camera=32485,2221,2883,83,36,0 player=-32763,2271,3071,0,0,254,30 wingmate=-32763,2271,12387,0,0,254,30 fighters=-/-/- projectiles=-
retail_frame=3292 camera=32471,2221,2948,110,25,0 player=-32763,2271,3099,0,0,253,30 wingmate=-32763,2271,12443,0,0,0,30 fighters=-/-/- projectiles=-
retail_frame=3296 camera=32465,2221,2982,127,20,0 player=-32763,2271,3127,0,0,253,30 wingmate=-32763,2271,12471,0,0,0,30 fighters=-/-/- projectiles=-
retail_frame=3300 camera=32456,2221,3017,143,42,0 player=-32763,2271,3183,0,0,252,30 wingmate=-32763,2271,12499,0,0,252,30 fighters=-/-/- projectiles=-
retail_frame=3304 camera=32443,2221,3087,167,54,0 player=-32763,2271,3211,0,0,252,30 wingmate=-32763,2271,12555,0,0,0,30 fighters=-/-/- projectiles=-
retail_frame=3308 camera=32437,2221,3121,175,59,0 player=-32763,2271,3239,0,0,252,30 wingmate=-32763,2271,12583,0,0,0,30 fighters=-/-/- projectiles=-
retail_frame=3312 camera=32430,2221,3156,187,61,0 player=-32763,2271,3295,0,0,253,30 wingmate=-32763,2271,12611,0,0,253,30 fighters=-/-/- projectiles=-
retail_frame=3316 camera=32416,2221,3227,196,87,0 player=-32763,2271,3323,0,0,254,30 wingmate=-32763,2271,12667,0,0,254,30 fighters=-/-/- projectiles=-
retail_frame=3320 camera=32408,2221,3262,198,91,0 player=-32763,2271,3351,0,0,254,30 wingmate=-32763,2271,12695,0,0,254,30 fighters=-/-/- projectiles=-
retail_frame=3324 camera=32404,2221,3298,199,77,0 player=-32763,2271,3407,0,0,0,30 wingmate=-32763,2271,12723,0,0,0,30 fighters=-/-/- projectiles=-
