# Compact Mesen oracle evidence for first-sortie player dynamics.
# Shipping Rust advances typed flat state from the semantic cadence;
# detailed source-machine fields remain confined to the oracle.
# Static routines: player control 06:ECB0..06:EE06,
# player motion 06:EE0A..06:EED4, bank recovery 06:9195,
# camera control 07:84EC and camera publication 07:8097..07:80B1.
# camera_typed_last_retail_frame=7840
# Active source SHA-256: ef280eb0ed2f1e4354be151e1cf671b306922750cfdf2d8fbf9685ecb33e213d
# Dynamics source SHA-256: e3ac9ace6e9686bb50a8a585447f74e5a4747fe212cac4ca2234f034745d9cb6
retail_frame=900 control_updates=0 movement_updates=0 damage_bank_impulse=0 camera_updates=0 camera_uses_previous_player_position=0
retail_frame=904 control_updates=1 movement_updates=1 damage_bank_impulse=0 camera_updates=1 camera_uses_previous_player_position=0
retail_frame=908 control_updates=1 movement_updates=1 damage_bank_impulse=0 camera_updates=1 camera_uses_previous_player_position=0
retail_frame=912 control_updates=1 movement_updates=1 damage_bank_impulse=0 camera_updates=1 camera_uses_previous_player_position=0
retail_frame=916 control_updates=0 movement_updates=0 damage_bank_impulse=0 camera_updates=0 camera_uses_previous_player_position=0
retail_frame=920 control_updates=1 movement_updates=1 damage_bank_impulse=0 camera_updates=1 camera_uses_previous_player_position=0
retail_frame=924 control_updates=1 movement_updates=1 damage_bank_impulse=0 camera_updates=1 camera_uses_previous_player_position=0
retail_frame=928 control_updates=1 movement_updates=1 damage_bank_impulse=0 camera_updates=1 camera_uses_previous_player_position=0
retail_frame=932 control_updates=1 movement_updates=1 damage_bank_impulse=0 camera_updates=1 camera_uses_previous_player_position=0
retail_frame=936 control_updates=1 movement_updates=1 damage_bank_impulse=0 camera_updates=1 camera_uses_previous_player_position=0
retail_frame=940 control_updates=1 movement_updates=0 damage_bank_impulse=0 camera_updates=0 camera_uses_previous_player_position=0
retail_frame=944 control_updates=0 movement_updates=1 damage_bank_impulse=0 camera_updates=1 camera_uses_previous_player_position=0
retail_frame=948 control_updates=1 movement_updates=1 damage_bank_impulse=0 camera_updates=1 camera_uses_previous_player_position=0
retail_frame=952 control_updates=1 movement_updates=1 damage_bank_impulse=0 camera_updates=1 camera_uses_previous_player_position=0
retail_frame=956 control_updates=1 movement_updates=1 damage_bank_impulse=0 camera_updates=1 camera_uses_previous_player_position=0
retail_frame=960 control_updates=1 movement_updates=1 damage_bank_impulse=0 camera_updates=1 camera_uses_previous_player_position=0
retail_frame=964 control_updates=1 movement_updates=1 damage_bank_impulse=0 camera_updates=0 camera_uses_previous_player_position=0
retail_frame=968 control_updates=0 movement_updates=0 damage_bank_impulse=0 camera_updates=1 camera_uses_previous_player_position=0
retail_frame=972 control_updates=1 movement_updates=1 damage_bank_impulse=0 camera_updates=1 camera_uses_previous_player_position=0
retail_frame=976 control_updates=1 movement_updates=1 damage_bank_impulse=0 camera_updates=1 camera_uses_previous_player_position=0
retail_frame=980 control_updates=1 movement_updates=1 damage_bank_impulse=0 camera_updates=1 camera_uses_previous_player_position=0
retail_frame=984 control_updates=1 movement_updates=1 damage_bank_impulse=0 camera_updates=1 camera_uses_previous_player_position=0
retail_frame=988 control_updates=1 movement_updates=1 damage_bank_impulse=0 camera_updates=1 camera_uses_previous_player_position=0
retail_frame=992 control_updates=1 movement_updates=1 damage_bank_impulse=0 camera_updates=1 camera_uses_previous_player_position=0
retail_frame=996 control_updates=0 movement_updates=0 damage_bank_impulse=0 camera_updates=0 camera_uses_previous_player_position=0
retail_frame=1000 control_updates=1 movement_updates=1 damage_bank_impulse=0 camera_updates=1 camera_uses_previous_player_position=0
retail_frame=1004 control_updates=1 movement_updates=1 damage_bank_impulse=0 camera_updates=1 camera_uses_previous_player_position=0
retail_frame=1008 control_updates=1 movement_updates=1 damage_bank_impulse=0 camera_updates=1 camera_uses_previous_player_position=0
retail_frame=1012 control_updates=1 movement_updates=1 damage_bank_impulse=0 camera_updates=1 camera_uses_previous_player_position=0
retail_frame=1016 control_updates=1 movement_updates=1 damage_bank_impulse=0 camera_updates=1 camera_uses_previous_player_position=0
retail_frame=1020 control_updates=1 movement_updates=1 damage_bank_impulse=0 camera_updates=1 camera_uses_previous_player_position=0
retail_frame=1024 control_updates=1 movement_updates=1 damage_bank_impulse=0 camera_updates=1 camera_uses_previous_player_position=0
retail_frame=1028 control_updates=0 movement_updates=0 damage_bank_impulse=0 camera_updates=0 camera_uses_previous_player_position=0
retail_frame=1032 control_updates=1 movement_updates=1 damage_bank_impulse=0 camera_updates=1 camera_uses_previous_player_position=0
retail_frame=1036 control_updates=1 movement_updates=1 damage_bank_impulse=0 camera_updates=1 camera_uses_previous_player_position=0
retail_frame=1040 control_updates=1 movement_updates=1 damage_bank_impulse=0 camera_updates=0 camera_uses_previous_player_position=0
retail_frame=1044 control_updates=0 movement_updates=0 damage_bank_impulse=0 camera_updates=1 camera_uses_previous_player_position=0
retail_frame=1048 control_updates=1 movement_updates=1 damage_bank_impulse=0 camera_updates=1 camera_uses_previous_player_position=0
retail_frame=1052 control_updates=1 movement_updates=1 damage_bank_impulse=0 camera_updates=1 camera_uses_previous_player_position=0
retail_frame=1056 control_updates=1 movement_updates=1 damage_bank_impulse=0 camera_updates=1 camera_uses_previous_player_position=0
retail_frame=1060 control_updates=1 movement_updates=1 damage_bank_impulse=0 camera_updates=1 camera_uses_previous_player_position=0
retail_frame=1064 control_updates=0 movement_updates=0 damage_bank_impulse=0 camera_updates=0 camera_uses_previous_player_position=0
retail_frame=1068 control_updates=1 movement_updates=1 damage_bank_impulse=0 camera_updates=1 camera_uses_previous_player_position=0
retail_frame=1072 control_updates=1 movement_updates=1 damage_bank_impulse=0 camera_updates=1 camera_uses_previous_player_position=0
retail_frame=1076 control_updates=1 movement_updates=1 damage_bank_impulse=0 camera_updates=1 camera_uses_previous_player_position=0
retail_frame=1080 control_updates=1 movement_updates=1 damage_bank_impulse=0 camera_updates=1 camera_uses_previous_player_position=0
retail_frame=1084 control_updates=1 movement_updates=1 damage_bank_impulse=0 camera_updates=1 camera_uses_previous_player_position=0
retail_frame=1088 control_updates=0 movement_updates=0 damage_bank_impulse=0 camera_updates=0 camera_uses_previous_player_position=0
retail_frame=1092 control_updates=1 movement_updates=1 damage_bank_impulse=0 camera_updates=1 camera_uses_previous_player_position=0
retail_frame=1096 control_updates=1 movement_updates=1 damage_bank_impulse=0 camera_updates=1 camera_uses_previous_player_position=0
retail_frame=1100 control_updates=1 movement_updates=1 damage_bank_impulse=0 camera_updates=1 camera_uses_previous_player_position=0
retail_frame=1104 control_updates=1 movement_updates=1 damage_bank_impulse=0 camera_updates=1 camera_uses_previous_player_position=0
retail_frame=1108 control_updates=0 movement_updates=0 damage_bank_impulse=0 camera_updates=0 camera_uses_previous_player_position=0
retail_frame=1112 control_updates=1 movement_updates=1 damage_bank_impulse=0 camera_updates=1 camera_uses_previous_player_position=0
retail_frame=1116 control_updates=1 movement_updates=1 damage_bank_impulse=0 camera_updates=1 camera_uses_previous_player_position=0
retail_frame=1120 control_updates=1 movement_updates=1 damage_bank_impulse=0 camera_updates=1 camera_uses_previous_player_position=0
retail_frame=1124 control_updates=1 movement_updates=1 damage_bank_impulse=0 camera_updates=1 camera_uses_previous_player_position=0
retail_frame=1128 control_updates=1 movement_updates=1 damage_bank_impulse=0 camera_updates=0 camera_uses_previous_player_position=0
retail_frame=1132 control_updates=0 movement_updates=0 damage_bank_impulse=0 camera_updates=1 camera_uses_previous_player_position=0
retail_frame=1136 control_updates=1 movement_updates=1 damage_bank_impulse=0 camera_updates=1 camera_uses_previous_player_position=0
retail_frame=1140 control_updates=1 movement_updates=1 damage_bank_impulse=0 camera_updates=1 camera_uses_previous_player_position=0
retail_frame=1144 control_updates=1 movement_updates=1 damage_bank_impulse=0 camera_updates=1 camera_uses_previous_player_position=0
retail_frame=1148 control_updates=0 movement_updates=0 damage_bank_impulse=0 camera_updates=0 camera_uses_previous_player_position=0
retail_frame=1152 control_updates=1 movement_updates=1 damage_bank_impulse=0 camera_updates=1 camera_uses_previous_player_position=0
retail_frame=1156 control_updates=1 movement_updates=1 damage_bank_impulse=0 camera_updates=1 camera_uses_previous_player_position=0
retail_frame=1160 control_updates=1 movement_updates=1 damage_bank_impulse=0 camera_updates=1 camera_uses_previous_player_position=0
retail_frame=1164 control_updates=1 movement_updates=1 damage_bank_impulse=0 camera_updates=1 camera_uses_previous_player_position=0
retail_frame=1168 control_updates=1 movement_updates=1 damage_bank_impulse=0 camera_updates=1 camera_uses_previous_player_position=0
retail_frame=1172 control_updates=1 movement_updates=1 damage_bank_impulse=0 camera_updates=1 camera_uses_previous_player_position=0
retail_frame=1176 control_updates=1 movement_updates=1 damage_bank_impulse=0 camera_updates=1 camera_uses_previous_player_position=0
retail_frame=1180 control_updates=1 movement_updates=1 damage_bank_impulse=0 camera_updates=0 camera_uses_previous_player_position=0
retail_frame=1184 control_updates=0 movement_updates=0 damage_bank_impulse=0 camera_updates=1 camera_uses_previous_player_position=0
retail_frame=1188 control_updates=0 movement_updates=0 damage_bank_impulse=0 camera_updates=0 camera_uses_previous_player_position=0
retail_frame=1192 control_updates=1 movement_updates=1 damage_bank_impulse=0 camera_updates=1 camera_uses_previous_player_position=0
retail_frame=1196 control_updates=1 movement_updates=1 damage_bank_impulse=0 camera_updates=1 camera_uses_previous_player_position=0
retail_frame=1200 control_updates=1 movement_updates=1 damage_bank_impulse=0 camera_updates=1 camera_uses_previous_player_position=0
retail_frame=1204 control_updates=0 movement_updates=0 damage_bank_impulse=0 camera_updates=0 camera_uses_previous_player_position=0
retail_frame=1208 control_updates=1 movement_updates=1 damage_bank_impulse=30 camera_updates=1 camera_uses_previous_player_position=0
retail_frame=1212 control_updates=1 movement_updates=1 damage_bank_impulse=0 camera_updates=1 camera_uses_previous_player_position=0
retail_frame=1216 control_updates=1 movement_updates=1 damage_bank_impulse=0 camera_updates=1 camera_uses_previous_player_position=0
retail_frame=1220 control_updates=1 movement_updates=1 damage_bank_impulse=0 camera_updates=1 camera_uses_previous_player_position=0
retail_frame=1224 control_updates=1 movement_updates=1 damage_bank_impulse=0 camera_updates=1 camera_uses_previous_player_position=0
retail_frame=1228 control_updates=0 movement_updates=0 damage_bank_impulse=0 camera_updates=0 camera_uses_previous_player_position=0
retail_frame=1232 control_updates=1 movement_updates=1 damage_bank_impulse=0 camera_updates=1 camera_uses_previous_player_position=0
retail_frame=1236 control_updates=1 movement_updates=1 damage_bank_impulse=0 camera_updates=1 camera_uses_previous_player_position=0
retail_frame=1240 control_updates=1 movement_updates=1 damage_bank_impulse=0 camera_updates=1 camera_uses_previous_player_position=0
retail_frame=1244 control_updates=1 movement_updates=1 damage_bank_impulse=0 camera_updates=1 camera_uses_previous_player_position=0
retail_frame=1248 control_updates=1 movement_updates=1 damage_bank_impulse=0 camera_updates=1 camera_uses_previous_player_position=0
retail_frame=1252 control_updates=0 movement_updates=0 damage_bank_impulse=0 camera_updates=0 camera_uses_previous_player_position=0
retail_frame=1256 control_updates=1 movement_updates=1 damage_bank_impulse=0 camera_updates=1 camera_uses_previous_player_position=0
retail_frame=1260 control_updates=1 movement_updates=1 damage_bank_impulse=0 camera_updates=1 camera_uses_previous_player_position=0
retail_frame=1264 control_updates=1 movement_updates=1 damage_bank_impulse=0 camera_updates=1 camera_uses_previous_player_position=0
retail_frame=1268 control_updates=1 movement_updates=1 damage_bank_impulse=0 camera_updates=1 camera_uses_previous_player_position=0
retail_frame=1272 control_updates=1 movement_updates=1 damage_bank_impulse=0 camera_updates=1 camera_uses_previous_player_position=0
retail_frame=1276 control_updates=0 movement_updates=0 damage_bank_impulse=0 camera_updates=0 camera_uses_previous_player_position=0
retail_frame=1280 control_updates=1 movement_updates=1 damage_bank_impulse=0 camera_updates=1 camera_uses_previous_player_position=0
retail_frame=1284 control_updates=1 movement_updates=1 damage_bank_impulse=0 camera_updates=1 camera_uses_previous_player_position=0
retail_frame=1288 control_updates=1 movement_updates=1 damage_bank_impulse=0 camera_updates=1 camera_uses_previous_player_position=0
retail_frame=1292 control_updates=1 movement_updates=1 damage_bank_impulse=0 camera_updates=1 camera_uses_previous_player_position=0
retail_frame=1296 control_updates=1 movement_updates=1 damage_bank_impulse=0 camera_updates=1 camera_uses_previous_player_position=0
retail_frame=1300 control_updates=1 movement_updates=1 damage_bank_impulse=0 camera_updates=1 camera_uses_previous_player_position=0
retail_frame=1304 control_updates=1 movement_updates=1 damage_bank_impulse=0 camera_updates=1 camera_uses_previous_player_position=0
retail_frame=1308 control_updates=1 movement_updates=1 damage_bank_impulse=0 camera_updates=1 camera_uses_previous_player_position=0
retail_frame=1312 control_updates=1 movement_updates=1 damage_bank_impulse=0 camera_updates=1 camera_uses_previous_player_position=0
retail_frame=1316 control_updates=1 movement_updates=1 damage_bank_impulse=0 camera_updates=1 camera_uses_previous_player_position=0
retail_frame=1320 control_updates=1 movement_updates=1 damage_bank_impulse=0 camera_updates=1 camera_uses_previous_player_position=0
retail_frame=1324 control_updates=1 movement_updates=1 damage_bank_impulse=0 camera_updates=1 camera_uses_previous_player_position=0
retail_frame=1328 control_updates=1 movement_updates=1 damage_bank_impulse=0 camera_updates=1 camera_uses_previous_player_position=0
retail_frame=1332 control_updates=1 movement_updates=1 damage_bank_impulse=0 camera_updates=1 camera_uses_previous_player_position=0
retail_frame=1336 control_updates=0 movement_updates=0 damage_bank_impulse=0 camera_updates=0 camera_uses_previous_player_position=0
retail_frame=1340 control_updates=1 movement_updates=1 damage_bank_impulse=0 camera_updates=1 camera_uses_previous_player_position=0
retail_frame=1344 control_updates=1 movement_updates=1 damage_bank_impulse=0 camera_updates=1 camera_uses_previous_player_position=0
retail_frame=1348 control_updates=1 movement_updates=1 damage_bank_impulse=0 camera_updates=1 camera_uses_previous_player_position=0
retail_frame=1352 control_updates=1 movement_updates=1 damage_bank_impulse=0 camera_updates=1 camera_uses_previous_player_position=0
retail_frame=1356 control_updates=1 movement_updates=1 damage_bank_impulse=0 camera_updates=1 camera_uses_previous_player_position=0
retail_frame=1360 control_updates=0 movement_updates=0 damage_bank_impulse=0 camera_updates=0 camera_uses_previous_player_position=0
retail_frame=1364 control_updates=1 movement_updates=1 damage_bank_impulse=0 camera_updates=1 camera_uses_previous_player_position=0
retail_frame=1368 control_updates=1 movement_updates=1 damage_bank_impulse=0 camera_updates=1 camera_uses_previous_player_position=0
retail_frame=1372 control_updates=1 movement_updates=1 damage_bank_impulse=0 camera_updates=1 camera_uses_previous_player_position=0
retail_frame=1376 control_updates=1 movement_updates=1 damage_bank_impulse=0 camera_updates=1 camera_uses_previous_player_position=0
retail_frame=1380 control_updates=1 movement_updates=1 damage_bank_impulse=0 camera_updates=1 camera_uses_previous_player_position=0
retail_frame=1384 control_updates=1 movement_updates=1 damage_bank_impulse=0 camera_updates=1 camera_uses_previous_player_position=0
retail_frame=1388 control_updates=1 movement_updates=1 damage_bank_impulse=0 camera_updates=1 camera_uses_previous_player_position=0
retail_frame=1392 control_updates=1 movement_updates=1 damage_bank_impulse=0 camera_updates=1 camera_uses_previous_player_position=0
retail_frame=1396 control_updates=1 movement_updates=0 damage_bank_impulse=0 camera_updates=0 camera_uses_previous_player_position=0
retail_frame=1400 control_updates=0 movement_updates=1 damage_bank_impulse=0 camera_updates=1 camera_uses_previous_player_position=0
retail_frame=1404 control_updates=1 movement_updates=1 damage_bank_impulse=0 camera_updates=1 camera_uses_previous_player_position=0
retail_frame=1408 control_updates=1 movement_updates=1 damage_bank_impulse=0 camera_updates=1 camera_uses_previous_player_position=0
retail_frame=1412 control_updates=1 movement_updates=1 damage_bank_impulse=0 camera_updates=1 camera_uses_previous_player_position=0
retail_frame=1416 control_updates=1 movement_updates=1 damage_bank_impulse=0 camera_updates=1 camera_uses_previous_player_position=0
retail_frame=1420 control_updates=1 movement_updates=1 damage_bank_impulse=0 camera_updates=1 camera_uses_previous_player_position=0
retail_frame=1424 control_updates=1 movement_updates=1 damage_bank_impulse=0 camera_updates=1 camera_uses_previous_player_position=0
retail_frame=1428 control_updates=1 movement_updates=1 damage_bank_impulse=0 camera_updates=1 camera_uses_previous_player_position=0
retail_frame=1432 control_updates=1 movement_updates=1 damage_bank_impulse=0 camera_updates=0 camera_uses_previous_player_position=0
retail_frame=1436 control_updates=1 movement_updates=0 damage_bank_impulse=0 camera_updates=1 camera_uses_previous_player_position=0
retail_frame=1440 control_updates=0 movement_updates=1 damage_bank_impulse=0 camera_updates=1 camera_uses_previous_player_position=0
retail_frame=1444 control_updates=1 movement_updates=1 damage_bank_impulse=0 camera_updates=1 camera_uses_previous_player_position=0
retail_frame=1448 control_updates=1 movement_updates=1 damage_bank_impulse=0 camera_updates=1 camera_uses_previous_player_position=0
retail_frame=1452 control_updates=1 movement_updates=1 damage_bank_impulse=0 camera_updates=1 camera_uses_previous_player_position=0
retail_frame=1456 control_updates=1 movement_updates=1 damage_bank_impulse=0 camera_updates=1 camera_uses_previous_player_position=0
retail_frame=1460 control_updates=1 movement_updates=1 damage_bank_impulse=0 camera_updates=1 camera_uses_previous_player_position=0
retail_frame=1464 control_updates=1 movement_updates=1 damage_bank_impulse=0 camera_updates=1 camera_uses_previous_player_position=0
retail_frame=1468 control_updates=1 movement_updates=1 damage_bank_impulse=0 camera_updates=1 camera_uses_previous_player_position=0
retail_frame=1472 control_updates=1 movement_updates=1 damage_bank_impulse=0 camera_updates=1 camera_uses_previous_player_position=0
retail_frame=1476 control_updates=1 movement_updates=1 damage_bank_impulse=0 camera_updates=1 camera_uses_previous_player_position=0
retail_frame=1480 control_updates=0 movement_updates=0 damage_bank_impulse=0 camera_updates=0 camera_uses_previous_player_position=0
retail_frame=1484 control_updates=1 movement_updates=1 damage_bank_impulse=0 camera_updates=1 camera_uses_previous_player_position=0
retail_frame=1488 control_updates=1 movement_updates=1 damage_bank_impulse=0 camera_updates=1 camera_uses_previous_player_position=0
retail_frame=1492 control_updates=1 movement_updates=1 damage_bank_impulse=0 camera_updates=1 camera_uses_previous_player_position=0
retail_frame=1496 control_updates=1 movement_updates=1 damage_bank_impulse=0 camera_updates=1 camera_uses_previous_player_position=0
retail_frame=1500 control_updates=1 movement_updates=1 damage_bank_impulse=0 camera_updates=1 camera_uses_previous_player_position=0
retail_frame=1504 control_updates=1 movement_updates=1 damage_bank_impulse=0 camera_updates=1 camera_uses_previous_player_position=0
retail_frame=1508 control_updates=1 movement_updates=1 damage_bank_impulse=0 camera_updates=1 camera_uses_previous_player_position=0
retail_frame=1512 control_updates=1 movement_updates=1 damage_bank_impulse=0 camera_updates=1 camera_uses_previous_player_position=0
retail_frame=1516 control_updates=1 movement_updates=1 damage_bank_impulse=0 camera_updates=1 camera_uses_previous_player_position=0
retail_frame=1520 control_updates=1 movement_updates=1 damage_bank_impulse=0 camera_updates=1 camera_uses_previous_player_position=0
retail_frame=1524 control_updates=1 movement_updates=1 damage_bank_impulse=0 camera_updates=1 camera_uses_previous_player_position=0
retail_frame=1528 control_updates=0 movement_updates=0 damage_bank_impulse=0 camera_updates=0 camera_uses_previous_player_position=0
retail_frame=1532 control_updates=1 movement_updates=1 damage_bank_impulse=0 camera_updates=1 camera_uses_previous_player_position=0
retail_frame=1536 control_updates=1 movement_updates=1 damage_bank_impulse=0 camera_updates=1 camera_uses_previous_player_position=0
retail_frame=1540 control_updates=1 movement_updates=1 damage_bank_impulse=0 camera_updates=1 camera_uses_previous_player_position=0
retail_frame=1544 control_updates=1 movement_updates=1 damage_bank_impulse=0 camera_updates=1 camera_uses_previous_player_position=0
retail_frame=1548 control_updates=1 movement_updates=1 damage_bank_impulse=0 camera_updates=1 camera_uses_previous_player_position=0
retail_frame=1552 control_updates=1 movement_updates=1 damage_bank_impulse=0 camera_updates=1 camera_uses_previous_player_position=0
retail_frame=1556 control_updates=1 movement_updates=1 damage_bank_impulse=0 camera_updates=1 camera_uses_previous_player_position=0
retail_frame=1560 control_updates=1 movement_updates=1 damage_bank_impulse=0 camera_updates=1 camera_uses_previous_player_position=0
retail_frame=1564 control_updates=1 movement_updates=1 damage_bank_impulse=0 camera_updates=1 camera_uses_previous_player_position=0
retail_frame=1568 control_updates=1 movement_updates=1 damage_bank_impulse=0 camera_updates=1 camera_uses_previous_player_position=0
retail_frame=1572 control_updates=1 movement_updates=1 damage_bank_impulse=0 camera_updates=1 camera_uses_previous_player_position=0
retail_frame=1576 control_updates=1 movement_updates=1 damage_bank_impulse=0 camera_updates=0 camera_uses_previous_player_position=0
retail_frame=1580 control_updates=1 movement_updates=1 damage_bank_impulse=0 camera_updates=1 camera_uses_previous_player_position=1
retail_frame=1584 control_updates=0 movement_updates=0 damage_bank_impulse=0 camera_updates=1 camera_uses_previous_player_position=0
retail_frame=1588 control_updates=1 movement_updates=1 damage_bank_impulse=0 camera_updates=1 camera_uses_previous_player_position=0
retail_frame=1592 control_updates=1 movement_updates=1 damage_bank_impulse=0 camera_updates=1 camera_uses_previous_player_position=0
retail_frame=1596 control_updates=1 movement_updates=1 damage_bank_impulse=0 camera_updates=1 camera_uses_previous_player_position=0
retail_frame=1600 control_updates=1 movement_updates=1 damage_bank_impulse=0 camera_updates=1 camera_uses_previous_player_position=0
retail_frame=1604 control_updates=1 movement_updates=1 damage_bank_impulse=0 camera_updates=1 camera_uses_previous_player_position=0
retail_frame=1608 control_updates=1 movement_updates=1 damage_bank_impulse=0 camera_updates=1 camera_uses_previous_player_position=0
retail_frame=1612 control_updates=1 movement_updates=1 damage_bank_impulse=0 camera_updates=1 camera_uses_previous_player_position=0
retail_frame=1616 control_updates=1 movement_updates=1 damage_bank_impulse=0 camera_updates=1 camera_uses_previous_player_position=0
retail_frame=1620 control_updates=1 movement_updates=1 damage_bank_impulse=0 camera_updates=1 camera_uses_previous_player_position=0
retail_frame=1624 control_updates=1 movement_updates=1 damage_bank_impulse=0 camera_updates=1 camera_uses_previous_player_position=0
retail_frame=1628 control_updates=1 movement_updates=1 damage_bank_impulse=0 camera_updates=1 camera_uses_previous_player_position=0
retail_frame=1632 control_updates=1 movement_updates=1 damage_bank_impulse=0 camera_updates=1 camera_uses_previous_player_position=0
retail_frame=1636 control_updates=0 movement_updates=0 damage_bank_impulse=0 camera_updates=0 camera_uses_previous_player_position=0
retail_frame=1640 control_updates=1 movement_updates=1 damage_bank_impulse=0 camera_updates=1 camera_uses_previous_player_position=0
retail_frame=1644 control_updates=1 movement_updates=1 damage_bank_impulse=0 camera_updates=1 camera_uses_previous_player_position=0
retail_frame=1648 control_updates=1 movement_updates=1 damage_bank_impulse=0 camera_updates=1 camera_uses_previous_player_position=0
retail_frame=1652 control_updates=1 movement_updates=1 damage_bank_impulse=0 camera_updates=1 camera_uses_previous_player_position=0
retail_frame=1656 control_updates=1 movement_updates=1 damage_bank_impulse=0 camera_updates=1 camera_uses_previous_player_position=0
retail_frame=1660 control_updates=1 movement_updates=1 damage_bank_impulse=0 camera_updates=1 camera_uses_previous_player_position=0
retail_frame=1664 control_updates=1 movement_updates=1 damage_bank_impulse=0 camera_updates=1 camera_uses_previous_player_position=0
retail_frame=1668 control_updates=1 movement_updates=1 damage_bank_impulse=0 camera_updates=1 camera_uses_previous_player_position=0
retail_frame=1672 control_updates=1 movement_updates=1 damage_bank_impulse=0 camera_updates=1 camera_uses_previous_player_position=0
retail_frame=1676 control_updates=1 movement_updates=1 damage_bank_impulse=0 camera_updates=1 camera_uses_previous_player_position=0
retail_frame=1680 control_updates=1 movement_updates=1 damage_bank_impulse=0 camera_updates=1 camera_uses_previous_player_position=0
retail_frame=1684 control_updates=1 movement_updates=1 damage_bank_impulse=0 camera_updates=1 camera_uses_previous_player_position=0
retail_frame=1688 control_updates=1 movement_updates=1 damage_bank_impulse=0 camera_updates=1 camera_uses_previous_player_position=0
retail_frame=1692 control_updates=1 movement_updates=1 damage_bank_impulse=0 camera_updates=1 camera_uses_previous_player_position=0
retail_frame=1696 control_updates=1 movement_updates=1 damage_bank_impulse=0 camera_updates=1 camera_uses_previous_player_position=0
retail_frame=1700 control_updates=1 movement_updates=1 damage_bank_impulse=0 camera_updates=1 camera_uses_previous_player_position=0
retail_frame=1704 control_updates=1 movement_updates=1 damage_bank_impulse=0 camera_updates=1 camera_uses_previous_player_position=0
retail_frame=1708 control_updates=1 movement_updates=1 damage_bank_impulse=0 camera_updates=1 camera_uses_previous_player_position=0
retail_frame=1712 control_updates=1 movement_updates=1 damage_bank_impulse=0 camera_updates=1 camera_uses_previous_player_position=0
retail_frame=1716 control_updates=1 movement_updates=1 damage_bank_impulse=0 camera_updates=1 camera_uses_previous_player_position=0
retail_frame=1720 control_updates=1 movement_updates=1 damage_bank_impulse=0 camera_updates=1 camera_uses_previous_player_position=0
retail_frame=1724 control_updates=0 movement_updates=0 damage_bank_impulse=0 camera_updates=0 camera_uses_previous_player_position=0
retail_frame=1728 control_updates=1 movement_updates=1 damage_bank_impulse=0 camera_updates=1 camera_uses_previous_player_position=0
retail_frame=1732 control_updates=1 movement_updates=1 damage_bank_impulse=0 camera_updates=1 camera_uses_previous_player_position=0
retail_frame=1736 control_updates=1 movement_updates=1 damage_bank_impulse=0 camera_updates=1 camera_uses_previous_player_position=0
retail_frame=1740 control_updates=1 movement_updates=1 damage_bank_impulse=0 camera_updates=1 camera_uses_previous_player_position=0
retail_frame=1744 control_updates=1 movement_updates=1 damage_bank_impulse=0 camera_updates=1 camera_uses_previous_player_position=0
retail_frame=1748 control_updates=1 movement_updates=1 damage_bank_impulse=0 camera_updates=1 camera_uses_previous_player_position=0
retail_frame=1752 control_updates=1 movement_updates=1 damage_bank_impulse=0 camera_updates=1 camera_uses_previous_player_position=0
retail_frame=1756 control_updates=1 movement_updates=1 damage_bank_impulse=0 camera_updates=1 camera_uses_previous_player_position=0
retail_frame=1760 control_updates=1 movement_updates=1 damage_bank_impulse=0 camera_updates=1 camera_uses_previous_player_position=0
retail_frame=1764 control_updates=1 movement_updates=1 damage_bank_impulse=0 camera_updates=1 camera_uses_previous_player_position=0
retail_frame=1768 control_updates=1 movement_updates=1 damage_bank_impulse=0 camera_updates=1 camera_uses_previous_player_position=0
retail_frame=1772 control_updates=1 movement_updates=1 damage_bank_impulse=0 camera_updates=1 camera_uses_previous_player_position=0
retail_frame=1776 control_updates=1 movement_updates=1 damage_bank_impulse=0 camera_updates=1 camera_uses_previous_player_position=0
retail_frame=1780 control_updates=1 movement_updates=1 damage_bank_impulse=0 camera_updates=1 camera_uses_previous_player_position=0
retail_frame=1784 control_updates=1 movement_updates=1 damage_bank_impulse=0 camera_updates=1 camera_uses_previous_player_position=0
retail_frame=1788 control_updates=1 movement_updates=1 damage_bank_impulse=0 camera_updates=0 camera_uses_previous_player_position=0
retail_frame=1792 control_updates=1 movement_updates=1 damage_bank_impulse=0 camera_updates=2 camera_uses_previous_player_position=0
retail_frame=1796 control_updates=1 movement_updates=1 damage_bank_impulse=0 camera_updates=1 camera_uses_previous_player_position=0
retail_frame=1800 control_updates=1 movement_updates=1 damage_bank_impulse=0 camera_updates=1 camera_uses_previous_player_position=0
retail_frame=1804 control_updates=1 movement_updates=1 damage_bank_impulse=0 camera_updates=0 camera_uses_previous_player_position=0
retail_frame=1808 control_updates=0 movement_updates=0 damage_bank_impulse=0 camera_updates=1 camera_uses_previous_player_position=0
retail_frame=1812 control_updates=1 movement_updates=1 damage_bank_impulse=0 camera_updates=1 camera_uses_previous_player_position=0
retail_frame=1816 control_updates=1 movement_updates=1 damage_bank_impulse=0 camera_updates=1 camera_uses_previous_player_position=0
retail_frame=1820 control_updates=1 movement_updates=1 damage_bank_impulse=0 camera_updates=1 camera_uses_previous_player_position=0
retail_frame=1824 control_updates=1 movement_updates=1 damage_bank_impulse=0 camera_updates=1 camera_uses_previous_player_position=0
retail_frame=1828 control_updates=1 movement_updates=1 damage_bank_impulse=0 camera_updates=1 camera_uses_previous_player_position=0
retail_frame=1832 control_updates=1 movement_updates=1 damage_bank_impulse=0 camera_updates=1 camera_uses_previous_player_position=0
retail_frame=1836 control_updates=1 movement_updates=1 damage_bank_impulse=0 camera_updates=1 camera_uses_previous_player_position=0
retail_frame=1840 control_updates=1 movement_updates=1 damage_bank_impulse=0 camera_updates=1 camera_uses_previous_player_position=0
retail_frame=1844 control_updates=1 movement_updates=1 damage_bank_impulse=0 camera_updates=1 camera_uses_previous_player_position=0
retail_frame=1848 control_updates=1 movement_updates=1 damage_bank_impulse=0 camera_updates=1 camera_uses_previous_player_position=0
retail_frame=1852 control_updates=1 movement_updates=1 damage_bank_impulse=0 camera_updates=1 camera_uses_previous_player_position=0
retail_frame=1856 control_updates=1 movement_updates=1 damage_bank_impulse=0 camera_updates=1 camera_uses_previous_player_position=0
retail_frame=1860 control_updates=1 movement_updates=1 damage_bank_impulse=0 camera_updates=1 camera_uses_previous_player_position=0
retail_frame=1864 control_updates=1 movement_updates=1 damage_bank_impulse=0 camera_updates=1 camera_uses_previous_player_position=0
retail_frame=1868 control_updates=1 movement_updates=1 damage_bank_impulse=0 camera_updates=1 camera_uses_previous_player_position=0
retail_frame=1872 control_updates=1 movement_updates=1 damage_bank_impulse=0 camera_updates=1 camera_uses_previous_player_position=0
retail_frame=1876 control_updates=1 movement_updates=1 damage_bank_impulse=0 camera_updates=1 camera_uses_previous_player_position=0
retail_frame=1880 control_updates=1 movement_updates=1 damage_bank_impulse=0 camera_updates=1 camera_uses_previous_player_position=0
retail_frame=1884 control_updates=1 movement_updates=1 damage_bank_impulse=0 camera_updates=1 camera_uses_previous_player_position=0
retail_frame=1888 control_updates=0 movement_updates=0 damage_bank_impulse=0 camera_updates=0 camera_uses_previous_player_position=0
retail_frame=1892 control_updates=1 movement_updates=1 damage_bank_impulse=0 camera_updates=1 camera_uses_previous_player_position=0
retail_frame=1896 control_updates=1 movement_updates=1 damage_bank_impulse=0 camera_updates=1 camera_uses_previous_player_position=0
retail_frame=1900 control_updates=1 movement_updates=1 damage_bank_impulse=0 camera_updates=1 camera_uses_previous_player_position=0
retail_frame=1904 control_updates=1 movement_updates=1 damage_bank_impulse=0 camera_updates=1 camera_uses_previous_player_position=0
retail_frame=1908 control_updates=0 movement_updates=0 damage_bank_impulse=0 camera_updates=0 camera_uses_previous_player_position=0
retail_frame=1912 control_updates=1 movement_updates=1 damage_bank_impulse=0 camera_updates=1 camera_uses_previous_player_position=0
retail_frame=1916 control_updates=1 movement_updates=1 damage_bank_impulse=0 camera_updates=1 camera_uses_previous_player_position=0
retail_frame=1920 control_updates=1 movement_updates=1 damage_bank_impulse=0 camera_updates=1 camera_uses_previous_player_position=0
retail_frame=1924 control_updates=1 movement_updates=1 damage_bank_impulse=0 camera_updates=1 camera_uses_previous_player_position=0
retail_frame=1928 control_updates=0 movement_updates=0 damage_bank_impulse=0 camera_updates=0 camera_uses_previous_player_position=0
retail_frame=1932 control_updates=1 movement_updates=1 damage_bank_impulse=0 camera_updates=1 camera_uses_previous_player_position=0
retail_frame=1936 control_updates=1 movement_updates=1 damage_bank_impulse=0 camera_updates=1 camera_uses_previous_player_position=0
retail_frame=1940 control_updates=1 movement_updates=1 damage_bank_impulse=0 camera_updates=1 camera_uses_previous_player_position=0
retail_frame=1944 control_updates=1 movement_updates=1 damage_bank_impulse=0 camera_updates=1 camera_uses_previous_player_position=0
retail_frame=1948 control_updates=1 movement_updates=1 damage_bank_impulse=0 camera_updates=1 camera_uses_previous_player_position=0
retail_frame=1952 control_updates=0 movement_updates=0 damage_bank_impulse=0 camera_updates=0 camera_uses_previous_player_position=0
retail_frame=1956 control_updates=1 movement_updates=1 damage_bank_impulse=0 camera_updates=1 camera_uses_previous_player_position=0
retail_frame=1960 control_updates=1 movement_updates=1 damage_bank_impulse=0 camera_updates=1 camera_uses_previous_player_position=0
retail_frame=1964 control_updates=1 movement_updates=1 damage_bank_impulse=0 camera_updates=1 camera_uses_previous_player_position=0
retail_frame=1968 control_updates=1 movement_updates=1 damage_bank_impulse=0 camera_updates=1 camera_uses_previous_player_position=0
retail_frame=1972 control_updates=0 movement_updates=0 damage_bank_impulse=0 camera_updates=0 camera_uses_previous_player_position=0
retail_frame=1976 control_updates=1 movement_updates=1 damage_bank_impulse=0 camera_updates=1 camera_uses_previous_player_position=0
retail_frame=1980 control_updates=1 movement_updates=1 damage_bank_impulse=0 camera_updates=1 camera_uses_previous_player_position=0
retail_frame=1984 control_updates=1 movement_updates=1 damage_bank_impulse=0 camera_updates=1 camera_uses_previous_player_position=0
retail_frame=1988 control_updates=1 movement_updates=1 damage_bank_impulse=0 camera_updates=1 camera_uses_previous_player_position=0
retail_frame=1992 control_updates=1 movement_updates=1 damage_bank_impulse=0 camera_updates=1 camera_uses_previous_player_position=0
retail_frame=1996 control_updates=1 movement_updates=1 damage_bank_impulse=0 camera_updates=1 camera_uses_previous_player_position=0
retail_frame=2000 control_updates=1 movement_updates=1 damage_bank_impulse=0 camera_updates=1 camera_uses_previous_player_position=0
retail_frame=2004 control_updates=1 movement_updates=1 damage_bank_impulse=0 camera_updates=1 camera_uses_previous_player_position=0
retail_frame=2008 control_updates=1 movement_updates=1 damage_bank_impulse=0 camera_updates=1 camera_uses_previous_player_position=0
retail_frame=2012 control_updates=1 movement_updates=1 damage_bank_impulse=0 camera_updates=1 camera_uses_previous_player_position=0
retail_frame=2016 control_updates=1 movement_updates=1 damage_bank_impulse=0 camera_updates=1 camera_uses_previous_player_position=0
retail_frame=2020 control_updates=1 movement_updates=1 damage_bank_impulse=0 camera_updates=1 camera_uses_previous_player_position=0
retail_frame=2024 control_updates=1 movement_updates=1 damage_bank_impulse=0 camera_updates=0 camera_uses_previous_player_position=0
retail_frame=2028 control_updates=1 movement_updates=1 damage_bank_impulse=0 camera_updates=2 camera_uses_previous_player_position=0
retail_frame=2032 control_updates=0 movement_updates=0 damage_bank_impulse=0 camera_updates=0 camera_uses_previous_player_position=0
retail_frame=2036 control_updates=1 movement_updates=1 damage_bank_impulse=0 camera_updates=1 camera_uses_previous_player_position=0
retail_frame=2040 control_updates=1 movement_updates=1 damage_bank_impulse=0 camera_updates=1 camera_uses_previous_player_position=0
retail_frame=2044 control_updates=1 movement_updates=1 damage_bank_impulse=0 camera_updates=1 camera_uses_previous_player_position=0
retail_frame=2048 control_updates=1 movement_updates=1 damage_bank_impulse=0 camera_updates=1 camera_uses_previous_player_position=0
retail_frame=2052 control_updates=1 movement_updates=1 damage_bank_impulse=0 camera_updates=1 camera_uses_previous_player_position=0
retail_frame=2056 control_updates=1 movement_updates=1 damage_bank_impulse=0 camera_updates=1 camera_uses_previous_player_position=0
retail_frame=2060 control_updates=1 movement_updates=1 damage_bank_impulse=0 camera_updates=1 camera_uses_previous_player_position=0
retail_frame=2064 control_updates=1 movement_updates=1 damage_bank_impulse=0 camera_updates=1 camera_uses_previous_player_position=0
retail_frame=2068 control_updates=1 movement_updates=1 damage_bank_impulse=0 camera_updates=1 camera_uses_previous_player_position=0
retail_frame=2072 control_updates=1 movement_updates=1 damage_bank_impulse=0 camera_updates=1 camera_uses_previous_player_position=0
retail_frame=2076 control_updates=1 movement_updates=1 damage_bank_impulse=0 camera_updates=1 camera_uses_previous_player_position=0
retail_frame=2080 control_updates=1 movement_updates=1 damage_bank_impulse=0 camera_updates=1 camera_uses_previous_player_position=0
retail_frame=2084 control_updates=1 movement_updates=1 damage_bank_impulse=0 camera_updates=1 camera_uses_previous_player_position=0
retail_frame=2088 control_updates=1 movement_updates=1 damage_bank_impulse=0 camera_updates=0 camera_uses_previous_player_position=0
retail_frame=2092 control_updates=1 movement_updates=1 damage_bank_impulse=0 camera_updates=1 camera_uses_previous_player_position=1
retail_frame=2096 control_updates=0 movement_updates=0 damage_bank_impulse=0 camera_updates=1 camera_uses_previous_player_position=0
retail_frame=2100 control_updates=1 movement_updates=1 damage_bank_impulse=0 camera_updates=1 camera_uses_previous_player_position=0
retail_frame=2104 control_updates=1 movement_updates=1 damage_bank_impulse=0 camera_updates=1 camera_uses_previous_player_position=0
retail_frame=2108 control_updates=1 movement_updates=1 damage_bank_impulse=0 camera_updates=1 camera_uses_previous_player_position=0
retail_frame=2112 control_updates=1 movement_updates=1 damage_bank_impulse=0 camera_updates=1 camera_uses_previous_player_position=0
retail_frame=2116 control_updates=1 movement_updates=1 damage_bank_impulse=0 camera_updates=1 camera_uses_previous_player_position=0
retail_frame=2120 control_updates=1 movement_updates=1 damage_bank_impulse=0 camera_updates=1 camera_uses_previous_player_position=0
retail_frame=2124 control_updates=1 movement_updates=1 damage_bank_impulse=0 camera_updates=1 camera_uses_previous_player_position=0
retail_frame=2128 control_updates=1 movement_updates=1 damage_bank_impulse=0 camera_updates=1 camera_uses_previous_player_position=0
retail_frame=2132 control_updates=1 movement_updates=1 damage_bank_impulse=0 camera_updates=1 camera_uses_previous_player_position=0
retail_frame=2136 control_updates=1 movement_updates=1 damage_bank_impulse=0 camera_updates=1 camera_uses_previous_player_position=0
retail_frame=2140 control_updates=1 movement_updates=1 damage_bank_impulse=0 camera_updates=1 camera_uses_previous_player_position=0
retail_frame=2144 control_updates=1 movement_updates=1 damage_bank_impulse=0 camera_updates=1 camera_uses_previous_player_position=0
retail_frame=2148 control_updates=1 movement_updates=1 damage_bank_impulse=0 camera_updates=1 camera_uses_previous_player_position=0
retail_frame=2152 control_updates=1 movement_updates=1 damage_bank_impulse=0 camera_updates=1 camera_uses_previous_player_position=0
retail_frame=2156 control_updates=1 movement_updates=1 damage_bank_impulse=0 camera_updates=1 camera_uses_previous_player_position=0
retail_frame=2160 control_updates=1 movement_updates=1 damage_bank_impulse=0 camera_updates=1 camera_uses_previous_player_position=0
retail_frame=2164 control_updates=1 movement_updates=1 damage_bank_impulse=0 camera_updates=1 camera_uses_previous_player_position=0
retail_frame=2168 control_updates=1 movement_updates=1 damage_bank_impulse=0 camera_updates=0 camera_uses_previous_player_position=0
retail_frame=2172 control_updates=0 movement_updates=0 damage_bank_impulse=0 camera_updates=1 camera_uses_previous_player_position=0
retail_frame=2176 control_updates=1 movement_updates=1 damage_bank_impulse=0 camera_updates=1 camera_uses_previous_player_position=0
retail_frame=2180 control_updates=1 movement_updates=1 damage_bank_impulse=0 camera_updates=1 camera_uses_previous_player_position=0
retail_frame=2184 control_updates=1 movement_updates=1 damage_bank_impulse=0 camera_updates=1 camera_uses_previous_player_position=0
retail_frame=2188 control_updates=1 movement_updates=1 damage_bank_impulse=0 camera_updates=1 camera_uses_previous_player_position=0
retail_frame=2192 control_updates=1 movement_updates=1 damage_bank_impulse=0 camera_updates=0 camera_uses_previous_player_position=0
retail_frame=2196 control_updates=0 movement_updates=0 damage_bank_impulse=0 camera_updates=1 camera_uses_previous_player_position=0
retail_frame=2200 control_updates=1 movement_updates=1 damage_bank_impulse=0 camera_updates=1 camera_uses_previous_player_position=0
retail_frame=2204 control_updates=1 movement_updates=1 damage_bank_impulse=0 camera_updates=1 camera_uses_previous_player_position=0
retail_frame=2208 control_updates=1 movement_updates=1 damage_bank_impulse=0 camera_updates=1 camera_uses_previous_player_position=0
retail_frame=2212 control_updates=1 movement_updates=1 damage_bank_impulse=0 camera_updates=1 camera_uses_previous_player_position=0
retail_frame=2216 control_updates=1 movement_updates=1 damage_bank_impulse=0 camera_updates=1 camera_uses_previous_player_position=0
retail_frame=2220 control_updates=1 movement_updates=1 damage_bank_impulse=0 camera_updates=1 camera_uses_previous_player_position=0
retail_frame=2224 control_updates=1 movement_updates=1 damage_bank_impulse=0 camera_updates=1 camera_uses_previous_player_position=0
retail_frame=2228 control_updates=0 movement_updates=0 damage_bank_impulse=0 camera_updates=0 camera_uses_previous_player_position=0
retail_frame=2232 control_updates=1 movement_updates=1 damage_bank_impulse=0 camera_updates=1 camera_uses_previous_player_position=0
retail_frame=2236 control_updates=1 movement_updates=1 damage_bank_impulse=0 camera_updates=1 camera_uses_previous_player_position=0
retail_frame=2240 control_updates=1 movement_updates=1 damage_bank_impulse=0 camera_updates=1 camera_uses_previous_player_position=0
retail_frame=2244 control_updates=1 movement_updates=1 damage_bank_impulse=0 camera_updates=1 camera_uses_previous_player_position=0
retail_frame=2248 control_updates=1 movement_updates=1 damage_bank_impulse=0 camera_updates=1 camera_uses_previous_player_position=0
retail_frame=2252 control_updates=1 movement_updates=1 damage_bank_impulse=0 camera_updates=1 camera_uses_previous_player_position=0
retail_frame=2256 control_updates=1 movement_updates=1 damage_bank_impulse=0 camera_updates=1 camera_uses_previous_player_position=0
retail_frame=2260 control_updates=1 movement_updates=1 damage_bank_impulse=0 camera_updates=1 camera_uses_previous_player_position=0
retail_frame=2264 control_updates=1 movement_updates=1 damage_bank_impulse=0 camera_updates=1 camera_uses_previous_player_position=0
retail_frame=2268 control_updates=0 movement_updates=0 damage_bank_impulse=0 camera_updates=0 camera_uses_previous_player_position=0
retail_frame=2272 control_updates=1 movement_updates=1 damage_bank_impulse=0 camera_updates=1 camera_uses_previous_player_position=0
retail_frame=2276 control_updates=1 movement_updates=1 damage_bank_impulse=0 camera_updates=1 camera_uses_previous_player_position=0
retail_frame=2280 control_updates=1 movement_updates=1 damage_bank_impulse=0 camera_updates=1 camera_uses_previous_player_position=0
retail_frame=2284 control_updates=1 movement_updates=1 damage_bank_impulse=0 camera_updates=1 camera_uses_previous_player_position=0
retail_frame=2288 control_updates=1 movement_updates=1 damage_bank_impulse=0 camera_updates=1 camera_uses_previous_player_position=0
retail_frame=2292 control_updates=1 movement_updates=1 damage_bank_impulse=0 camera_updates=1 camera_uses_previous_player_position=0
retail_frame=2296 control_updates=1 movement_updates=1 damage_bank_impulse=0 camera_updates=1 camera_uses_previous_player_position=0
retail_frame=2300 control_updates=1 movement_updates=1 damage_bank_impulse=0 camera_updates=1 camera_uses_previous_player_position=0
retail_frame=2304 control_updates=1 movement_updates=1 damage_bank_impulse=0 camera_updates=1 camera_uses_previous_player_position=0
retail_frame=2308 control_updates=1 movement_updates=1 damage_bank_impulse=0 camera_updates=1 camera_uses_previous_player_position=0
retail_frame=2312 control_updates=1 movement_updates=1 damage_bank_impulse=0 camera_updates=1 camera_uses_previous_player_position=0
retail_frame=2316 control_updates=0 movement_updates=0 damage_bank_impulse=0 camera_updates=0 camera_uses_previous_player_position=0
retail_frame=2320 control_updates=1 movement_updates=1 damage_bank_impulse=0 camera_updates=1 camera_uses_previous_player_position=0
retail_frame=2324 control_updates=2 movement_updates=2 damage_bank_impulse=0 camera_updates=2 camera_uses_previous_player_position=0
retail_frame=2328 control_updates=1 movement_updates=1 damage_bank_impulse=0 camera_updates=1 camera_uses_previous_player_position=0
retail_frame=2332 control_updates=1 movement_updates=1 damage_bank_impulse=0 camera_updates=1 camera_uses_previous_player_position=0
retail_frame=2336 control_updates=1 movement_updates=1 damage_bank_impulse=0 camera_updates=0 camera_uses_previous_player_position=0
retail_frame=2340 control_updates=1 movement_updates=1 damage_bank_impulse=0 camera_updates=1 camera_uses_previous_player_position=1
retail_frame=2344 control_updates=0 movement_updates=0 damage_bank_impulse=0 camera_updates=1 camera_uses_previous_player_position=0
retail_frame=2348 control_updates=1 movement_updates=1 damage_bank_impulse=0 camera_updates=1 camera_uses_previous_player_position=0
retail_frame=2352 control_updates=1 movement_updates=1 damage_bank_impulse=0 camera_updates=1 camera_uses_previous_player_position=0
retail_frame=2356 control_updates=1 movement_updates=1 damage_bank_impulse=0 camera_updates=1 camera_uses_previous_player_position=0
retail_frame=2360 control_updates=1 movement_updates=1 damage_bank_impulse=0 camera_updates=1 camera_uses_previous_player_position=0
retail_frame=2364 control_updates=1 movement_updates=1 damage_bank_impulse=0 camera_updates=1 camera_uses_previous_player_position=0
retail_frame=2368 control_updates=1 movement_updates=1 damage_bank_impulse=0 camera_updates=1 camera_uses_previous_player_position=0
retail_frame=2372 control_updates=1 movement_updates=1 damage_bank_impulse=0 camera_updates=1 camera_uses_previous_player_position=0
retail_frame=2376 control_updates=1 movement_updates=1 damage_bank_impulse=0 camera_updates=1 camera_uses_previous_player_position=0
retail_frame=2380 control_updates=1 movement_updates=1 damage_bank_impulse=0 camera_updates=1 camera_uses_previous_player_position=0
retail_frame=2384 control_updates=1 movement_updates=1 damage_bank_impulse=0 camera_updates=1 camera_uses_previous_player_position=0
retail_frame=2388 control_updates=1 movement_updates=1 damage_bank_impulse=0 camera_updates=1 camera_uses_previous_player_position=0
retail_frame=2392 control_updates=1 movement_updates=1 damage_bank_impulse=0 camera_updates=1 camera_uses_previous_player_position=0
retail_frame=2396 control_updates=1 movement_updates=1 damage_bank_impulse=0 camera_updates=1 camera_uses_previous_player_position=0
retail_frame=2400 control_updates=1 movement_updates=1 damage_bank_impulse=0 camera_updates=1 camera_uses_previous_player_position=0
retail_frame=2404 control_updates=1 movement_updates=1 damage_bank_impulse=0 camera_updates=1 camera_uses_previous_player_position=0
retail_frame=2408 control_updates=1 movement_updates=1 damage_bank_impulse=0 camera_updates=1 camera_uses_previous_player_position=0
retail_frame=2412 control_updates=1 movement_updates=1 damage_bank_impulse=0 camera_updates=1 camera_uses_previous_player_position=0
retail_frame=2416 control_updates=1 movement_updates=1 damage_bank_impulse=0 camera_updates=1 camera_uses_previous_player_position=0
retail_frame=2420 control_updates=1 movement_updates=1 damage_bank_impulse=0 camera_updates=1 camera_uses_previous_player_position=0
retail_frame=2424 control_updates=1 movement_updates=1 damage_bank_impulse=0 camera_updates=1 camera_uses_previous_player_position=0
retail_frame=2428 control_updates=1 movement_updates=1 damage_bank_impulse=0 camera_updates=1 camera_uses_previous_player_position=0
retail_frame=2432 control_updates=1 movement_updates=1 damage_bank_impulse=0 camera_updates=1 camera_uses_previous_player_position=0
retail_frame=2436 control_updates=1 movement_updates=1 damage_bank_impulse=0 camera_updates=1 camera_uses_previous_player_position=0
retail_frame=2440 control_updates=1 movement_updates=1 damage_bank_impulse=0 camera_updates=1 camera_uses_previous_player_position=0
retail_frame=2444 control_updates=1 movement_updates=1 damage_bank_impulse=0 camera_updates=1 camera_uses_previous_player_position=0
retail_frame=2448 control_updates=0 movement_updates=0 damage_bank_impulse=0 camera_updates=0 camera_uses_previous_player_position=0
retail_frame=2452 control_updates=1 movement_updates=1 damage_bank_impulse=0 camera_updates=1 camera_uses_previous_player_position=0
retail_frame=2456 control_updates=1 movement_updates=1 damage_bank_impulse=0 camera_updates=1 camera_uses_previous_player_position=0
retail_frame=2460 control_updates=1 movement_updates=1 damage_bank_impulse=0 camera_updates=1 camera_uses_previous_player_position=0
retail_frame=2464 control_updates=1 movement_updates=1 damage_bank_impulse=0 camera_updates=1 camera_uses_previous_player_position=0
retail_frame=2468 control_updates=1 movement_updates=1 damage_bank_impulse=0 camera_updates=1 camera_uses_previous_player_position=0
retail_frame=2472 control_updates=1 movement_updates=1 damage_bank_impulse=0 camera_updates=1 camera_uses_previous_player_position=0
retail_frame=2476 control_updates=1 movement_updates=1 damage_bank_impulse=0 camera_updates=1 camera_uses_previous_player_position=0
retail_frame=2480 control_updates=1 movement_updates=1 damage_bank_impulse=0 camera_updates=1 camera_uses_previous_player_position=0
retail_frame=2484 control_updates=1 movement_updates=1 damage_bank_impulse=0 camera_updates=0 camera_uses_previous_player_position=0
retail_frame=2488 control_updates=0 movement_updates=0 damage_bank_impulse=0 camera_updates=1 camera_uses_previous_player_position=0
retail_frame=2492 control_updates=1 movement_updates=1 damage_bank_impulse=0 camera_updates=1 camera_uses_previous_player_position=0
retail_frame=2496 control_updates=1 movement_updates=1 damage_bank_impulse=0 camera_updates=1 camera_uses_previous_player_position=0
retail_frame=2500 control_updates=1 movement_updates=1 damage_bank_impulse=0 camera_updates=1 camera_uses_previous_player_position=0
retail_frame=2504 control_updates=1 movement_updates=1 damage_bank_impulse=0 camera_updates=1 camera_uses_previous_player_position=0
retail_frame=2508 control_updates=1 movement_updates=1 damage_bank_impulse=30 camera_updates=1 camera_uses_previous_player_position=0
retail_frame=2512 control_updates=1 movement_updates=1 damage_bank_impulse=0 camera_updates=1 camera_uses_previous_player_position=0
retail_frame=2516 control_updates=1 movement_updates=1 damage_bank_impulse=0 camera_updates=1 camera_uses_previous_player_position=0
retail_frame=2520 control_updates=1 movement_updates=1 damage_bank_impulse=0 camera_updates=1 camera_uses_previous_player_position=0
retail_frame=2524 control_updates=1 movement_updates=1 damage_bank_impulse=0 camera_updates=1 camera_uses_previous_player_position=0
retail_frame=2528 control_updates=1 movement_updates=1 damage_bank_impulse=0 camera_updates=1 camera_uses_previous_player_position=0
retail_frame=2532 control_updates=1 movement_updates=1 damage_bank_impulse=0 camera_updates=1 camera_uses_previous_player_position=0
retail_frame=2536 control_updates=1 movement_updates=1 damage_bank_impulse=0 camera_updates=1 camera_uses_previous_player_position=0
retail_frame=2540 control_updates=1 movement_updates=1 damage_bank_impulse=0 camera_updates=0 camera_uses_previous_player_position=0
retail_frame=2544 control_updates=1 movement_updates=1 damage_bank_impulse=0 camera_updates=2 camera_uses_previous_player_position=0
retail_frame=2548 control_updates=1 movement_updates=1 damage_bank_impulse=0 camera_updates=1 camera_uses_previous_player_position=0
retail_frame=2552 control_updates=1 movement_updates=1 damage_bank_impulse=0 camera_updates=1 camera_uses_previous_player_position=0
retail_frame=2556 control_updates=1 movement_updates=1 damage_bank_impulse=0 camera_updates=1 camera_uses_previous_player_position=0
retail_frame=2560 control_updates=1 movement_updates=1 damage_bank_impulse=0 camera_updates=1 camera_uses_previous_player_position=0
retail_frame=2564 control_updates=1 movement_updates=1 damage_bank_impulse=0 camera_updates=1 camera_uses_previous_player_position=0
retail_frame=2568 control_updates=1 movement_updates=1 damage_bank_impulse=0 camera_updates=1 camera_uses_previous_player_position=0
retail_frame=2572 control_updates=1 movement_updates=1 damage_bank_impulse=0 camera_updates=1 camera_uses_previous_player_position=0
retail_frame=2576 control_updates=1 movement_updates=1 damage_bank_impulse=0 camera_updates=1 camera_uses_previous_player_position=0
retail_frame=2580 control_updates=1 movement_updates=1 damage_bank_impulse=0 camera_updates=1 camera_uses_previous_player_position=0
retail_frame=2584 control_updates=1 movement_updates=1 damage_bank_impulse=0 camera_updates=1 camera_uses_previous_player_position=0
retail_frame=2588 control_updates=1 movement_updates=1 damage_bank_impulse=0 camera_updates=1 camera_uses_previous_player_position=0
retail_frame=2592 control_updates=1 movement_updates=1 damage_bank_impulse=0 camera_updates=1 camera_uses_previous_player_position=0
retail_frame=2596 control_updates=1 movement_updates=1 damage_bank_impulse=0 camera_updates=1 camera_uses_previous_player_position=0
retail_frame=2600 control_updates=1 movement_updates=1 damage_bank_impulse=0 camera_updates=1 camera_uses_previous_player_position=0
retail_frame=2604 control_updates=1 movement_updates=1 damage_bank_impulse=0 camera_updates=1 camera_uses_previous_player_position=0
retail_frame=2608 control_updates=1 movement_updates=1 damage_bank_impulse=0 camera_updates=1 camera_uses_previous_player_position=0
retail_frame=2612 control_updates=1 movement_updates=1 damage_bank_impulse=0 camera_updates=0 camera_uses_previous_player_position=0
retail_frame=2616 control_updates=1 movement_updates=0 damage_bank_impulse=0 camera_updates=1 camera_uses_previous_player_position=0
retail_frame=2620 control_updates=0 movement_updates=1 damage_bank_impulse=0 camera_updates=1 camera_uses_previous_player_position=0
retail_frame=2624 control_updates=1 movement_updates=1 damage_bank_impulse=0 camera_updates=1 camera_uses_previous_player_position=0
retail_frame=2628 control_updates=1 movement_updates=1 damage_bank_impulse=0 camera_updates=1 camera_uses_previous_player_position=0
retail_frame=2632 control_updates=1 movement_updates=1 damage_bank_impulse=0 camera_updates=1 camera_uses_previous_player_position=0
retail_frame=2636 control_updates=1 movement_updates=1 damage_bank_impulse=0 camera_updates=1 camera_uses_previous_player_position=0
retail_frame=2640 control_updates=1 movement_updates=1 damage_bank_impulse=0 camera_updates=1 camera_uses_previous_player_position=0
retail_frame=2644 control_updates=2 movement_updates=2 damage_bank_impulse=0 camera_updates=1 camera_uses_previous_player_position=1
retail_frame=2648 control_updates=0 movement_updates=0 damage_bank_impulse=0 camera_updates=1 camera_uses_previous_player_position=0
retail_frame=2652 control_updates=1 movement_updates=1 damage_bank_impulse=0 camera_updates=1 camera_uses_previous_player_position=0
retail_frame=2656 control_updates=1 movement_updates=1 damage_bank_impulse=0 camera_updates=1 camera_uses_previous_player_position=0
retail_frame=2660 control_updates=1 movement_updates=1 damage_bank_impulse=0 camera_updates=1 camera_uses_previous_player_position=0
retail_frame=2664 control_updates=1 movement_updates=1 damage_bank_impulse=0 camera_updates=1 camera_uses_previous_player_position=0
retail_frame=2668 control_updates=1 movement_updates=1 damage_bank_impulse=0 camera_updates=1 camera_uses_previous_player_position=0
retail_frame=2672 control_updates=1 movement_updates=1 damage_bank_impulse=0 camera_updates=1 camera_uses_previous_player_position=0
retail_frame=2676 control_updates=1 movement_updates=1 damage_bank_impulse=0 camera_updates=1 camera_uses_previous_player_position=0
retail_frame=2680 control_updates=1 movement_updates=1 damage_bank_impulse=0 camera_updates=1 camera_uses_previous_player_position=0
retail_frame=2684 control_updates=1 movement_updates=1 damage_bank_impulse=0 camera_updates=1 camera_uses_previous_player_position=0
retail_frame=2688 control_updates=1 movement_updates=1 damage_bank_impulse=0 camera_updates=1 camera_uses_previous_player_position=0
retail_frame=2692 control_updates=1 movement_updates=1 damage_bank_impulse=0 camera_updates=1 camera_uses_previous_player_position=0
retail_frame=2696 control_updates=1 movement_updates=1 damage_bank_impulse=0 camera_updates=1 camera_uses_previous_player_position=0
retail_frame=2700 control_updates=1 movement_updates=1 damage_bank_impulse=0 camera_updates=1 camera_uses_previous_player_position=0
retail_frame=2704 control_updates=1 movement_updates=1 damage_bank_impulse=0 camera_updates=1 camera_uses_previous_player_position=0
retail_frame=2708 control_updates=1 movement_updates=1 damage_bank_impulse=0 camera_updates=1 camera_uses_previous_player_position=0
retail_frame=2712 control_updates=1 movement_updates=1 damage_bank_impulse=0 camera_updates=1 camera_uses_previous_player_position=0
retail_frame=2716 control_updates=1 movement_updates=1 damage_bank_impulse=0 camera_updates=1 camera_uses_previous_player_position=0
retail_frame=2720 control_updates=1 movement_updates=1 damage_bank_impulse=0 camera_updates=1 camera_uses_previous_player_position=0
retail_frame=2724 control_updates=1 movement_updates=1 damage_bank_impulse=0 camera_updates=1 camera_uses_previous_player_position=0
retail_frame=2728 control_updates=1 movement_updates=1 damage_bank_impulse=0 camera_updates=1 camera_uses_previous_player_position=0
retail_frame=2732 control_updates=1 movement_updates=1 damage_bank_impulse=0 camera_updates=1 camera_uses_previous_player_position=0
retail_frame=2736 control_updates=1 movement_updates=1 damage_bank_impulse=0 camera_updates=1 camera_uses_previous_player_position=0
retail_frame=2740 control_updates=1 movement_updates=1 damage_bank_impulse=0 camera_updates=1 camera_uses_previous_player_position=0
retail_frame=2744 control_updates=1 movement_updates=1 damage_bank_impulse=0 camera_updates=1 camera_uses_previous_player_position=0
retail_frame=2748 control_updates=1 movement_updates=1 damage_bank_impulse=0 camera_updates=1 camera_uses_previous_player_position=0
retail_frame=2752 control_updates=1 movement_updates=1 damage_bank_impulse=0 camera_updates=1 camera_uses_previous_player_position=0
retail_frame=2756 control_updates=1 movement_updates=1 damage_bank_impulse=0 camera_updates=1 camera_uses_previous_player_position=0
retail_frame=2760 control_updates=1 movement_updates=1 damage_bank_impulse=0 camera_updates=1 camera_uses_previous_player_position=0
retail_frame=2764 control_updates=1 movement_updates=1 damage_bank_impulse=0 camera_updates=1 camera_uses_previous_player_position=0
retail_frame=2768 control_updates=1 movement_updates=1 damage_bank_impulse=0 camera_updates=1 camera_uses_previous_player_position=0
retail_frame=2772 control_updates=1 movement_updates=1 damage_bank_impulse=0 camera_updates=1 camera_uses_previous_player_position=0
retail_frame=2776 control_updates=1 movement_updates=1 damage_bank_impulse=0 camera_updates=1 camera_uses_previous_player_position=0
retail_frame=2780 control_updates=1 movement_updates=1 damage_bank_impulse=0 camera_updates=1 camera_uses_previous_player_position=0
retail_frame=2784 control_updates=1 movement_updates=1 damage_bank_impulse=0 camera_updates=1 camera_uses_previous_player_position=0
retail_frame=2788 control_updates=2 movement_updates=1 damage_bank_impulse=0 camera_updates=1 camera_uses_previous_player_position=0
retail_frame=2792 control_updates=1 movement_updates=2 damage_bank_impulse=0 camera_updates=2 camera_uses_previous_player_position=0
retail_frame=2796 control_updates=1 movement_updates=1 damage_bank_impulse=0 camera_updates=1 camera_uses_previous_player_position=0
retail_frame=2800 control_updates=1 movement_updates=1 damage_bank_impulse=0 camera_updates=1 camera_uses_previous_player_position=0
retail_frame=2804 control_updates=1 movement_updates=1 damage_bank_impulse=0 camera_updates=1 camera_uses_previous_player_position=0
retail_frame=2808 control_updates=1 movement_updates=1 damage_bank_impulse=0 camera_updates=1 camera_uses_previous_player_position=0
retail_frame=2812 control_updates=1 movement_updates=1 damage_bank_impulse=0 camera_updates=1 camera_uses_previous_player_position=0
retail_frame=2816 control_updates=1 movement_updates=1 damage_bank_impulse=0 camera_updates=1 camera_uses_previous_player_position=0
retail_frame=2820 control_updates=1 movement_updates=1 damage_bank_impulse=0 camera_updates=1 camera_uses_previous_player_position=0
retail_frame=2824 control_updates=1 movement_updates=1 damage_bank_impulse=0 camera_updates=1 camera_uses_previous_player_position=0
retail_frame=2828 control_updates=2 movement_updates=2 damage_bank_impulse=0 camera_updates=1 camera_uses_previous_player_position=1
retail_frame=2832 control_updates=1 movement_updates=1 damage_bank_impulse=0 camera_updates=2 camera_uses_previous_player_position=0
retail_frame=2836 control_updates=0 movement_updates=0 damage_bank_impulse=0 camera_updates=0 camera_uses_previous_player_position=0
retail_frame=2840 control_updates=2 movement_updates=2 damage_bank_impulse=0 camera_updates=1 camera_uses_previous_player_position=1
retail_frame=2844 control_updates=1 movement_updates=1 damage_bank_impulse=0 camera_updates=2 camera_uses_previous_player_position=0
retail_frame=2848 control_updates=1 movement_updates=1 damage_bank_impulse=0 camera_updates=1 camera_uses_previous_player_position=0
retail_frame=2852 control_updates=1 movement_updates=1 damage_bank_impulse=0 camera_updates=1 camera_uses_previous_player_position=0
retail_frame=2856 control_updates=1 movement_updates=1 damage_bank_impulse=0 camera_updates=1 camera_uses_previous_player_position=0
retail_frame=2860 control_updates=1 movement_updates=1 damage_bank_impulse=0 camera_updates=1 camera_uses_previous_player_position=0
retail_frame=2864 control_updates=2 movement_updates=2 damage_bank_impulse=0 camera_updates=2 camera_uses_previous_player_position=0
retail_frame=2868 control_updates=1 movement_updates=1 damage_bank_impulse=0 camera_updates=1 camera_uses_previous_player_position=0
retail_frame=2872 control_updates=1 movement_updates=1 damage_bank_impulse=0 camera_updates=1 camera_uses_previous_player_position=0
retail_frame=2876 control_updates=1 movement_updates=1 damage_bank_impulse=0 camera_updates=1 camera_uses_previous_player_position=0
retail_frame=2880 control_updates=1 movement_updates=1 damage_bank_impulse=0 camera_updates=1 camera_uses_previous_player_position=0
retail_frame=2884 control_updates=2 movement_updates=1 damage_bank_impulse=0 camera_updates=1 camera_uses_previous_player_position=0
retail_frame=2888 control_updates=1 movement_updates=2 damage_bank_impulse=0 camera_updates=2 camera_uses_previous_player_position=0
retail_frame=2892 control_updates=1 movement_updates=1 damage_bank_impulse=0 camera_updates=1 camera_uses_previous_player_position=0
retail_frame=2896 control_updates=1 movement_updates=1 damage_bank_impulse=0 camera_updates=1 camera_uses_previous_player_position=0
retail_frame=2900 control_updates=1 movement_updates=1 damage_bank_impulse=0 camera_updates=1 camera_uses_previous_player_position=0
retail_frame=2904 control_updates=1 movement_updates=1 damage_bank_impulse=0 camera_updates=1 camera_uses_previous_player_position=0
retail_frame=2908 control_updates=1 movement_updates=1 damage_bank_impulse=0 camera_updates=1 camera_uses_previous_player_position=0
retail_frame=2912 control_updates=2 movement_updates=2 damage_bank_impulse=0 camera_updates=2 camera_uses_previous_player_position=0
retail_frame=2916 control_updates=1 movement_updates=1 damage_bank_impulse=0 camera_updates=1 camera_uses_previous_player_position=0
retail_frame=2920 control_updates=1 movement_updates=1 damage_bank_impulse=0 camera_updates=1 camera_uses_previous_player_position=0
retail_frame=2924 control_updates=1 movement_updates=1 damage_bank_impulse=0 camera_updates=1 camera_uses_previous_player_position=0
retail_frame=2928 control_updates=1 movement_updates=1 damage_bank_impulse=0 camera_updates=1 camera_uses_previous_player_position=0
retail_frame=2932 control_updates=2 movement_updates=2 damage_bank_impulse=0 camera_updates=1 camera_uses_previous_player_position=1
retail_frame=2936 control_updates=1 movement_updates=1 damage_bank_impulse=0 camera_updates=2 camera_uses_previous_player_position=0
retail_frame=2940 control_updates=1 movement_updates=1 damage_bank_impulse=0 camera_updates=1 camera_uses_previous_player_position=0
retail_frame=2944 control_updates=1 movement_updates=1 damage_bank_impulse=0 camera_updates=1 camera_uses_previous_player_position=0
retail_frame=2948 control_updates=1 movement_updates=1 damage_bank_impulse=0 camera_updates=1 camera_uses_previous_player_position=0
retail_frame=2952 control_updates=1 movement_updates=1 damage_bank_impulse=0 camera_updates=1 camera_uses_previous_player_position=0
retail_frame=2956 control_updates=1 movement_updates=1 damage_bank_impulse=0 camera_updates=1 camera_uses_previous_player_position=0
retail_frame=2960 control_updates=1 movement_updates=1 damage_bank_impulse=0 camera_updates=1 camera_uses_previous_player_position=0
retail_frame=2964 control_updates=1 movement_updates=1 damage_bank_impulse=0 camera_updates=1 camera_uses_previous_player_position=0
retail_frame=2968 control_updates=2 movement_updates=2 damage_bank_impulse=0 camera_updates=2 camera_uses_previous_player_position=0
retail_frame=2972 control_updates=1 movement_updates=1 damage_bank_impulse=0 camera_updates=1 camera_uses_previous_player_position=0
retail_frame=2976 control_updates=1 movement_updates=1 damage_bank_impulse=0 camera_updates=1 camera_uses_previous_player_position=0
retail_frame=2980 control_updates=1 movement_updates=1 damage_bank_impulse=0 camera_updates=1 camera_uses_previous_player_position=0
retail_frame=2984 control_updates=1 movement_updates=1 damage_bank_impulse=0 camera_updates=1 camera_uses_previous_player_position=0
retail_frame=2988 control_updates=1 movement_updates=1 damage_bank_impulse=0 camera_updates=1 camera_uses_previous_player_position=0
retail_frame=2992 control_updates=1 movement_updates=1 damage_bank_impulse=0 camera_updates=1 camera_uses_previous_player_position=0
retail_frame=2996 control_updates=2 movement_updates=2 damage_bank_impulse=0 camera_updates=1 camera_uses_previous_player_position=1
retail_frame=3000 control_updates=1 movement_updates=1 damage_bank_impulse=0 camera_updates=2 camera_uses_previous_player_position=0
retail_frame=3004 control_updates=1 movement_updates=1 damage_bank_impulse=0 camera_updates=0 camera_uses_previous_player_position=0
retail_frame=3008 control_updates=1 movement_updates=1 damage_bank_impulse=0 camera_updates=1 camera_uses_previous_player_position=1
retail_frame=3012 control_updates=1 movement_updates=1 damage_bank_impulse=0 camera_updates=2 camera_uses_previous_player_position=0
retail_frame=3016 control_updates=1 movement_updates=1 damage_bank_impulse=0 camera_updates=1 camera_uses_previous_player_position=0
retail_frame=3020 control_updates=1 movement_updates=1 damage_bank_impulse=0 camera_updates=1 camera_uses_previous_player_position=0
retail_frame=3024 control_updates=1 movement_updates=1 damage_bank_impulse=0 camera_updates=1 camera_uses_previous_player_position=0
retail_frame=3028 control_updates=1 movement_updates=1 damage_bank_impulse=0 camera_updates=1 camera_uses_previous_player_position=0
retail_frame=3032 control_updates=1 movement_updates=1 damage_bank_impulse=0 camera_updates=1 camera_uses_previous_player_position=0
retail_frame=3036 control_updates=1 movement_updates=1 damage_bank_impulse=0 camera_updates=1 camera_uses_previous_player_position=0
retail_frame=3040 control_updates=1 movement_updates=1 damage_bank_impulse=0 camera_updates=1 camera_uses_previous_player_position=0
retail_frame=3044 control_updates=1 movement_updates=1 damage_bank_impulse=0 camera_updates=1 camera_uses_previous_player_position=0
retail_frame=3048 control_updates=1 movement_updates=1 damage_bank_impulse=0 camera_updates=1 camera_uses_previous_player_position=0
retail_frame=3052 control_updates=1 movement_updates=1 damage_bank_impulse=0 camera_updates=1 camera_uses_previous_player_position=0
retail_frame=3056 control_updates=1 movement_updates=1 damage_bank_impulse=0 camera_updates=1 camera_uses_previous_player_position=0
retail_frame=3060 control_updates=1 movement_updates=1 damage_bank_impulse=0 camera_updates=1 camera_uses_previous_player_position=0
retail_frame=3064 control_updates=1 movement_updates=1 damage_bank_impulse=0 camera_updates=1 camera_uses_previous_player_position=0
retail_frame=3068 control_updates=1 movement_updates=1 damage_bank_impulse=0 camera_updates=1 camera_uses_previous_player_position=0
retail_frame=3072 control_updates=1 movement_updates=1 damage_bank_impulse=0 camera_updates=1 camera_uses_previous_player_position=0
retail_frame=3076 control_updates=1 movement_updates=1 damage_bank_impulse=0 camera_updates=1 camera_uses_previous_player_position=0
retail_frame=3080 control_updates=1 movement_updates=1 damage_bank_impulse=0 camera_updates=1 camera_uses_previous_player_position=0
retail_frame=3084 control_updates=1 movement_updates=1 damage_bank_impulse=0 camera_updates=1 camera_uses_previous_player_position=0
retail_frame=3088 control_updates=1 movement_updates=1 damage_bank_impulse=0 camera_updates=1 camera_uses_previous_player_position=0
retail_frame=3092 control_updates=1 movement_updates=1 damage_bank_impulse=0 camera_updates=1 camera_uses_previous_player_position=0
retail_frame=3096 control_updates=1 movement_updates=1 damage_bank_impulse=0 camera_updates=1 camera_uses_previous_player_position=0
retail_frame=3100 control_updates=1 movement_updates=1 damage_bank_impulse=0 camera_updates=1 camera_uses_previous_player_position=0
retail_frame=3104 control_updates=1 movement_updates=1 damage_bank_impulse=0 camera_updates=1 camera_uses_previous_player_position=0
retail_frame=3108 control_updates=1 movement_updates=1 damage_bank_impulse=0 camera_updates=1 camera_uses_previous_player_position=0
retail_frame=3112 control_updates=1 movement_updates=1 damage_bank_impulse=0 camera_updates=1 camera_uses_previous_player_position=0
retail_frame=3116 control_updates=1 movement_updates=1 damage_bank_impulse=0 camera_updates=1 camera_uses_previous_player_position=0
retail_frame=3120 control_updates=1 movement_updates=1 damage_bank_impulse=0 camera_updates=1 camera_uses_previous_player_position=0
retail_frame=3124 control_updates=1 movement_updates=1 damage_bank_impulse=0 camera_updates=1 camera_uses_previous_player_position=0
retail_frame=3128 control_updates=1 movement_updates=1 damage_bank_impulse=0 camera_updates=1 camera_uses_previous_player_position=0
retail_frame=3132 control_updates=1 movement_updates=1 damage_bank_impulse=0 camera_updates=1 camera_uses_previous_player_position=0
retail_frame=3136 control_updates=0 movement_updates=0 damage_bank_impulse=0 camera_updates=0 camera_uses_previous_player_position=0
retail_frame=3140 control_updates=1 movement_updates=1 damage_bank_impulse=0 camera_updates=1 camera_uses_previous_player_position=0
retail_frame=3144 control_updates=1 movement_updates=1 damage_bank_impulse=0 camera_updates=1 camera_uses_previous_player_position=0
retail_frame=3148 control_updates=1 movement_updates=1 damage_bank_impulse=0 camera_updates=1 camera_uses_previous_player_position=0
retail_frame=3152 control_updates=1 movement_updates=1 damage_bank_impulse=0 camera_updates=1 camera_uses_previous_player_position=0
retail_frame=3156 control_updates=1 movement_updates=1 damage_bank_impulse=0 camera_updates=1 camera_uses_previous_player_position=0
retail_frame=3160 control_updates=1 movement_updates=1 damage_bank_impulse=0 camera_updates=1 camera_uses_previous_player_position=0
retail_frame=3164 control_updates=1 movement_updates=1 damage_bank_impulse=0 camera_updates=1 camera_uses_previous_player_position=0
retail_frame=3168 control_updates=1 movement_updates=1 damage_bank_impulse=0 camera_updates=1 camera_uses_previous_player_position=0
retail_frame=3172 control_updates=1 movement_updates=1 damage_bank_impulse=0 camera_updates=1 camera_uses_previous_player_position=0
retail_frame=3176 control_updates=1 movement_updates=1 damage_bank_impulse=0 camera_updates=1 camera_uses_previous_player_position=0
retail_frame=3180 control_updates=1 movement_updates=1 damage_bank_impulse=0 camera_updates=1 camera_uses_previous_player_position=0
retail_frame=3184 control_updates=1 movement_updates=1 damage_bank_impulse=0 camera_updates=1 camera_uses_previous_player_position=0
retail_frame=3188 control_updates=1 movement_updates=1 damage_bank_impulse=0 camera_updates=1 camera_uses_previous_player_position=0
retail_frame=3192 control_updates=1 movement_updates=1 damage_bank_impulse=0 camera_updates=1 camera_uses_previous_player_position=0
retail_frame=3196 control_updates=1 movement_updates=1 damage_bank_impulse=0 camera_updates=1 camera_uses_previous_player_position=0
retail_frame=3200 control_updates=1 movement_updates=1 damage_bank_impulse=0 camera_updates=1 camera_uses_previous_player_position=0
retail_frame=3204 control_updates=1 movement_updates=1 damage_bank_impulse=0 camera_updates=1 camera_uses_previous_player_position=0
retail_frame=3208 control_updates=1 movement_updates=1 damage_bank_impulse=0 camera_updates=1 camera_uses_previous_player_position=0
retail_frame=3212 control_updates=1 movement_updates=1 damage_bank_impulse=0 camera_updates=1 camera_uses_previous_player_position=0
retail_frame=3216 control_updates=1 movement_updates=1 damage_bank_impulse=0 camera_updates=1 camera_uses_previous_player_position=0
retail_frame=3220 control_updates=1 movement_updates=1 damage_bank_impulse=0 camera_updates=1 camera_uses_previous_player_position=0
retail_frame=3224 control_updates=1 movement_updates=1 damage_bank_impulse=0 camera_updates=1 camera_uses_previous_player_position=0
retail_frame=3228 control_updates=1 movement_updates=1 damage_bank_impulse=0 camera_updates=1 camera_uses_previous_player_position=0
retail_frame=3232 control_updates=1 movement_updates=1 damage_bank_impulse=0 camera_updates=1 camera_uses_previous_player_position=0
retail_frame=3236 control_updates=1 movement_updates=1 damage_bank_impulse=0 camera_updates=1 camera_uses_previous_player_position=0
retail_frame=3240 control_updates=1 movement_updates=1 damage_bank_impulse=0 camera_updates=1 camera_uses_previous_player_position=0
retail_frame=3244 control_updates=1 movement_updates=1 damage_bank_impulse=0 camera_updates=1 camera_uses_previous_player_position=0
retail_frame=3248 control_updates=1 movement_updates=1 damage_bank_impulse=0 camera_updates=1 camera_uses_previous_player_position=0
retail_frame=3252 control_updates=1 movement_updates=1 damage_bank_impulse=0 camera_updates=1 camera_uses_previous_player_position=0
retail_frame=3256 control_updates=2 movement_updates=1 damage_bank_impulse=0 camera_updates=1 camera_uses_previous_player_position=0
retail_frame=3260 control_updates=0 movement_updates=1 damage_bank_impulse=0 camera_updates=1 camera_uses_previous_player_position=0
retail_frame=3264 control_updates=1 movement_updates=1 damage_bank_impulse=0 camera_updates=1 camera_uses_previous_player_position=0
retail_frame=3268 control_updates=1 movement_updates=1 damage_bank_impulse=0 camera_updates=1 camera_uses_previous_player_position=0
retail_frame=3272 control_updates=1 movement_updates=1 damage_bank_impulse=0 camera_updates=1 camera_uses_previous_player_position=0
retail_frame=3276 control_updates=1 movement_updates=1 damage_bank_impulse=0 camera_updates=1 camera_uses_previous_player_position=0
retail_frame=3280 control_updates=1 movement_updates=1 damage_bank_impulse=0 camera_updates=1 camera_uses_previous_player_position=0
retail_frame=3284 control_updates=1 movement_updates=1 damage_bank_impulse=0 camera_updates=1 camera_uses_previous_player_position=0
retail_frame=3288 control_updates=1 movement_updates=1 damage_bank_impulse=0 camera_updates=1 camera_uses_previous_player_position=0
retail_frame=3292 control_updates=1 movement_updates=1 damage_bank_impulse=0 camera_updates=1 camera_uses_previous_player_position=0
retail_frame=3296 control_updates=1 movement_updates=1 damage_bank_impulse=0 camera_updates=1 camera_uses_previous_player_position=0
retail_frame=3300 control_updates=2 movement_updates=2 damage_bank_impulse=0 camera_updates=1 camera_uses_previous_player_position=1
retail_frame=3304 control_updates=1 movement_updates=1 damage_bank_impulse=0 camera_updates=2 camera_uses_previous_player_position=0
retail_frame=3308 control_updates=1 movement_updates=1 damage_bank_impulse=0 camera_updates=1 camera_uses_previous_player_position=0
retail_frame=3312 control_updates=1 movement_updates=1 damage_bank_impulse=0 camera_updates=1 camera_uses_previous_player_position=0
retail_frame=3316 control_updates=1 movement_updates=1 damage_bank_impulse=0 camera_updates=1 camera_uses_previous_player_position=0
retail_frame=3320 control_updates=1 movement_updates=1 damage_bank_impulse=0 camera_updates=1 camera_uses_previous_player_position=0
retail_frame=3324 control_updates=1 movement_updates=1 damage_bank_impulse=0 camera_updates=1 camera_uses_previous_player_position=0
retail_frame=3328 control_updates=1 movement_updates=1 damage_bank_impulse=0 camera_updates=0 camera_uses_previous_player_position=0
retail_frame=3332 control_updates=1 movement_updates=1 damage_bank_impulse=0 camera_updates=2 camera_uses_previous_player_position=0
retail_frame=3336 control_updates=1 movement_updates=1 damage_bank_impulse=0 camera_updates=1 camera_uses_previous_player_position=0
retail_frame=3340 control_updates=1 movement_updates=1 damage_bank_impulse=0 camera_updates=1 camera_uses_previous_player_position=0
retail_frame=3344 control_updates=1 movement_updates=1 damage_bank_impulse=0 camera_updates=1 camera_uses_previous_player_position=0
retail_frame=3348 control_updates=1 movement_updates=1 damage_bank_impulse=0 camera_updates=1 camera_uses_previous_player_position=0
retail_frame=3352 control_updates=1 movement_updates=1 damage_bank_impulse=0 camera_updates=1 camera_uses_previous_player_position=0
retail_frame=3356 control_updates=1 movement_updates=1 damage_bank_impulse=0 camera_updates=1 camera_uses_previous_player_position=0
retail_frame=3360 control_updates=1 movement_updates=1 damage_bank_impulse=0 camera_updates=1 camera_uses_previous_player_position=0
retail_frame=3364 control_updates=1 movement_updates=1 damage_bank_impulse=0 camera_updates=1 camera_uses_previous_player_position=0
retail_frame=3368 control_updates=1 movement_updates=1 damage_bank_impulse=0 camera_updates=1 camera_uses_previous_player_position=0
retail_frame=3372 control_updates=1 movement_updates=1 damage_bank_impulse=0 camera_updates=1 camera_uses_previous_player_position=0
retail_frame=3376 control_updates=1 movement_updates=1 damage_bank_impulse=0 camera_updates=1 camera_uses_previous_player_position=0
retail_frame=3380 control_updates=1 movement_updates=1 damage_bank_impulse=0 camera_updates=1 camera_uses_previous_player_position=0
retail_frame=3384 control_updates=2 movement_updates=2 damage_bank_impulse=0 camera_updates=2 camera_uses_previous_player_position=0
retail_frame=3388 control_updates=1 movement_updates=1 damage_bank_impulse=0 camera_updates=1 camera_uses_previous_player_position=0
retail_frame=3392 control_updates=1 movement_updates=1 damage_bank_impulse=0 camera_updates=1 camera_uses_previous_player_position=0
retail_frame=3396 control_updates=1 movement_updates=1 damage_bank_impulse=0 camera_updates=1 camera_uses_previous_player_position=0
retail_frame=3400 control_updates=1 movement_updates=1 damage_bank_impulse=0 camera_updates=1 camera_uses_previous_player_position=0
retail_frame=3404 control_updates=1 movement_updates=1 damage_bank_impulse=0 camera_updates=1 camera_uses_previous_player_position=0
retail_frame=3408 control_updates=1 movement_updates=1 damage_bank_impulse=0 camera_updates=1 camera_uses_previous_player_position=0
retail_frame=3412 control_updates=2 movement_updates=2 damage_bank_impulse=0 camera_updates=2 camera_uses_previous_player_position=0
retail_frame=3416 control_updates=1 movement_updates=1 damage_bank_impulse=0 camera_updates=1 camera_uses_previous_player_position=0
retail_frame=3420 control_updates=1 movement_updates=1 damage_bank_impulse=0 camera_updates=1 camera_uses_previous_player_position=0
retail_frame=3424 control_updates=1 movement_updates=1 damage_bank_impulse=0 camera_updates=1 camera_uses_previous_player_position=0
retail_frame=3428 control_updates=1 movement_updates=1 damage_bank_impulse=0 camera_updates=1 camera_uses_previous_player_position=0
retail_frame=3432 control_updates=1 movement_updates=1 damage_bank_impulse=0 camera_updates=1 camera_uses_previous_player_position=0
retail_frame=3436 control_updates=2 movement_updates=2 damage_bank_impulse=0 camera_updates=2 camera_uses_previous_player_position=0
retail_frame=3440 control_updates=1 movement_updates=1 damage_bank_impulse=0 camera_updates=1 camera_uses_previous_player_position=0
retail_frame=3444 control_updates=1 movement_updates=1 damage_bank_impulse=0 camera_updates=1 camera_uses_previous_player_position=0
retail_frame=3448 control_updates=1 movement_updates=1 damage_bank_impulse=0 camera_updates=1 camera_uses_previous_player_position=0
retail_frame=3452 control_updates=1 movement_updates=1 damage_bank_impulse=0 camera_updates=1 camera_uses_previous_player_position=0
retail_frame=3456 control_updates=1 movement_updates=1 damage_bank_impulse=0 camera_updates=1 camera_uses_previous_player_position=0
retail_frame=3460 control_updates=2 movement_updates=2 damage_bank_impulse=0 camera_updates=2 camera_uses_previous_player_position=0
retail_frame=3464 control_updates=1 movement_updates=1 damage_bank_impulse=0 camera_updates=1 camera_uses_previous_player_position=0
retail_frame=3468 control_updates=1 movement_updates=1 damage_bank_impulse=0 camera_updates=1 camera_uses_previous_player_position=0
retail_frame=3472 control_updates=1 movement_updates=1 damage_bank_impulse=0 camera_updates=1 camera_uses_previous_player_position=0
retail_frame=3476 control_updates=1 movement_updates=1 damage_bank_impulse=0 camera_updates=1 camera_uses_previous_player_position=0
retail_frame=3480 control_updates=2 movement_updates=2 damage_bank_impulse=0 camera_updates=1 camera_uses_previous_player_position=1
retail_frame=3484 control_updates=1 movement_updates=1 damage_bank_impulse=0 camera_updates=2 camera_uses_previous_player_position=0
retail_frame=3488 control_updates=1 movement_updates=1 damage_bank_impulse=0 camera_updates=1 camera_uses_previous_player_position=0
retail_frame=3492 control_updates=1 movement_updates=1 damage_bank_impulse=0 camera_updates=1 camera_uses_previous_player_position=0
retail_frame=3496 control_updates=1 movement_updates=1 damage_bank_impulse=0 camera_updates=1 camera_uses_previous_player_position=0
retail_frame=3500 control_updates=2 movement_updates=2 damage_bank_impulse=0 camera_updates=1 camera_uses_previous_player_position=1
retail_frame=3504 control_updates=1 movement_updates=1 damage_bank_impulse=0 camera_updates=2 camera_uses_previous_player_position=0
retail_frame=3508 control_updates=1 movement_updates=1 damage_bank_impulse=0 camera_updates=1 camera_uses_previous_player_position=0
retail_frame=3512 control_updates=1 movement_updates=1 damage_bank_impulse=0 camera_updates=1 camera_uses_previous_player_position=0
retail_frame=3516 control_updates=1 movement_updates=1 damage_bank_impulse=0 camera_updates=1 camera_uses_previous_player_position=0
retail_frame=3520 control_updates=2 movement_updates=2 damage_bank_impulse=0 camera_updates=1 camera_uses_previous_player_position=1
retail_frame=3524 control_updates=1 movement_updates=1 damage_bank_impulse=0 camera_updates=2 camera_uses_previous_player_position=0
retail_frame=3528 control_updates=1 movement_updates=1 damage_bank_impulse=0 camera_updates=1 camera_uses_previous_player_position=0
retail_frame=3532 control_updates=1 movement_updates=1 damage_bank_impulse=0 camera_updates=1 camera_uses_previous_player_position=0
retail_frame=3536 control_updates=1 movement_updates=1 damage_bank_impulse=0 camera_updates=1 camera_uses_previous_player_position=0
retail_frame=3540 control_updates=2 movement_updates=2 damage_bank_impulse=0 camera_updates=1 camera_uses_previous_player_position=1
retail_frame=3544 control_updates=1 movement_updates=1 damage_bank_impulse=0 camera_updates=2 camera_uses_previous_player_position=0
retail_frame=3548 control_updates=1 movement_updates=1 damage_bank_impulse=0 camera_updates=1 camera_uses_previous_player_position=0
retail_frame=3552 control_updates=1 movement_updates=1 damage_bank_impulse=0 camera_updates=1 camera_uses_previous_player_position=0
retail_frame=3556 control_updates=1 movement_updates=1 damage_bank_impulse=0 camera_updates=1 camera_uses_previous_player_position=0
retail_frame=3560 control_updates=1 movement_updates=1 damage_bank_impulse=0 camera_updates=1 camera_uses_previous_player_position=0
retail_frame=3564 control_updates=2 movement_updates=2 damage_bank_impulse=0 camera_updates=2 camera_uses_previous_player_position=0
retail_frame=3568 control_updates=1 movement_updates=1 damage_bank_impulse=0 camera_updates=1 camera_uses_previous_player_position=0
retail_frame=3572 control_updates=1 movement_updates=1 damage_bank_impulse=0 camera_updates=1 camera_uses_previous_player_position=0
retail_frame=3576 control_updates=1 movement_updates=1 damage_bank_impulse=0 camera_updates=1 camera_uses_previous_player_position=0
retail_frame=3580 control_updates=2 movement_updates=1 damage_bank_impulse=0 camera_updates=1 camera_uses_previous_player_position=0
retail_frame=3584 control_updates=1 movement_updates=2 damage_bank_impulse=0 camera_updates=2 camera_uses_previous_player_position=0
retail_frame=3588 control_updates=1 movement_updates=1 damage_bank_impulse=0 camera_updates=1 camera_uses_previous_player_position=0
retail_frame=3592 control_updates=1 movement_updates=1 damage_bank_impulse=0 camera_updates=1 camera_uses_previous_player_position=0
retail_frame=3596 control_updates=1 movement_updates=1 damage_bank_impulse=0 camera_updates=1 camera_uses_previous_player_position=0
retail_frame=3600 control_updates=2 movement_updates=2 damage_bank_impulse=0 camera_updates=1 camera_uses_previous_player_position=1
retail_frame=3604 control_updates=1 movement_updates=1 damage_bank_impulse=0 camera_updates=2 camera_uses_previous_player_position=0
retail_frame=3608 control_updates=1 movement_updates=1 damage_bank_impulse=0 camera_updates=1 camera_uses_previous_player_position=0
retail_frame=3612 control_updates=1 movement_updates=1 damage_bank_impulse=0 camera_updates=1 camera_uses_previous_player_position=0
retail_frame=3616 control_updates=1 movement_updates=1 damage_bank_impulse=0 camera_updates=1 camera_uses_previous_player_position=0
retail_frame=3620 control_updates=2 movement_updates=2 damage_bank_impulse=0 camera_updates=2 camera_uses_previous_player_position=0
retail_frame=3624 control_updates=1 movement_updates=1 damage_bank_impulse=0 camera_updates=1 camera_uses_previous_player_position=0
retail_frame=3628 control_updates=1 movement_updates=1 damage_bank_impulse=0 camera_updates=1 camera_uses_previous_player_position=0
retail_frame=3632 control_updates=1 movement_updates=1 damage_bank_impulse=0 camera_updates=1 camera_uses_previous_player_position=0
retail_frame=3636 control_updates=1 movement_updates=1 damage_bank_impulse=0 camera_updates=1 camera_uses_previous_player_position=0
retail_frame=3640 control_updates=2 movement_updates=2 damage_bank_impulse=0 camera_updates=2 camera_uses_previous_player_position=0
retail_frame=3644 control_updates=1 movement_updates=1 damage_bank_impulse=0 camera_updates=1 camera_uses_previous_player_position=0
retail_frame=3648 control_updates=1 movement_updates=1 damage_bank_impulse=0 camera_updates=1 camera_uses_previous_player_position=0
retail_frame=3652 control_updates=1 movement_updates=1 damage_bank_impulse=0 camera_updates=1 camera_uses_previous_player_position=0
retail_frame=3656 control_updates=1 movement_updates=1 damage_bank_impulse=0 camera_updates=1 camera_uses_previous_player_position=0
retail_frame=3660 control_updates=2 movement_updates=2 damage_bank_impulse=0 camera_updates=2 camera_uses_previous_player_position=0
retail_frame=3664 control_updates=1 movement_updates=1 damage_bank_impulse=0 camera_updates=1 camera_uses_previous_player_position=0
retail_frame=3668 control_updates=1 movement_updates=1 damage_bank_impulse=0 camera_updates=1 camera_uses_previous_player_position=0
retail_frame=3672 control_updates=2 movement_updates=2 damage_bank_impulse=0 camera_updates=2 camera_uses_previous_player_position=0
retail_frame=3676 control_updates=1 movement_updates=1 damage_bank_impulse=0 camera_updates=1 camera_uses_previous_player_position=0
retail_frame=3680 control_updates=1 movement_updates=1 damage_bank_impulse=0 camera_updates=1 camera_uses_previous_player_position=0
retail_frame=3684 control_updates=2 movement_updates=2 damage_bank_impulse=0 camera_updates=2 camera_uses_previous_player_position=0
retail_frame=3688 control_updates=1 movement_updates=1 damage_bank_impulse=0 camera_updates=1 camera_uses_previous_player_position=0
retail_frame=3692 control_updates=2 movement_updates=2 damage_bank_impulse=0 camera_updates=1 camera_uses_previous_player_position=1
retail_frame=3696 control_updates=1 movement_updates=1 damage_bank_impulse=0 camera_updates=2 camera_uses_previous_player_position=0
retail_frame=3700 control_updates=1 movement_updates=1 damage_bank_impulse=0 camera_updates=1 camera_uses_previous_player_position=0
retail_frame=3704 control_updates=1 movement_updates=1 damage_bank_impulse=0 camera_updates=1 camera_uses_previous_player_position=0
retail_frame=3708 control_updates=2 movement_updates=2 damage_bank_impulse=0 camera_updates=1 camera_uses_previous_player_position=1
retail_frame=3712 control_updates=1 movement_updates=1 damage_bank_impulse=0 camera_updates=2 camera_uses_previous_player_position=0
retail_frame=3716 control_updates=1 movement_updates=1 damage_bank_impulse=0 camera_updates=1 camera_uses_previous_player_position=0
retail_frame=3720 control_updates=1 movement_updates=1 damage_bank_impulse=0 camera_updates=1 camera_uses_previous_player_position=0
retail_frame=3724 control_updates=1 movement_updates=1 damage_bank_impulse=0 camera_updates=1 camera_uses_previous_player_position=0
retail_frame=3728 control_updates=2 movement_updates=2 damage_bank_impulse=0 camera_updates=2 camera_uses_previous_player_position=0
retail_frame=3732 control_updates=1 movement_updates=1 damage_bank_impulse=0 camera_updates=1 camera_uses_previous_player_position=0
retail_frame=3736 control_updates=1 movement_updates=1 damage_bank_impulse=0 camera_updates=1 camera_uses_previous_player_position=0
retail_frame=3740 control_updates=1 movement_updates=1 damage_bank_impulse=0 camera_updates=1 camera_uses_previous_player_position=0
retail_frame=3744 control_updates=2 movement_updates=2 damage_bank_impulse=0 camera_updates=2 camera_uses_previous_player_position=0
retail_frame=3748 control_updates=1 movement_updates=1 damage_bank_impulse=0 camera_updates=1 camera_uses_previous_player_position=0
retail_frame=3752 control_updates=1 movement_updates=1 damage_bank_impulse=0 camera_updates=1 camera_uses_previous_player_position=0
retail_frame=3756 control_updates=1 movement_updates=1 damage_bank_impulse=0 camera_updates=1 camera_uses_previous_player_position=0
retail_frame=3760 control_updates=1 movement_updates=1 damage_bank_impulse=0 camera_updates=1 camera_uses_previous_player_position=0
retail_frame=3764 control_updates=1 movement_updates=1 damage_bank_impulse=0 camera_updates=1 camera_uses_previous_player_position=0
retail_frame=3768 control_updates=1 movement_updates=1 damage_bank_impulse=0 camera_updates=1 camera_uses_previous_player_position=0
retail_frame=3772 control_updates=1 movement_updates=1 damage_bank_impulse=0 camera_updates=1 camera_uses_previous_player_position=0
retail_frame=3776 control_updates=1 movement_updates=1 damage_bank_impulse=0 camera_updates=1 camera_uses_previous_player_position=0
retail_frame=3780 control_updates=1 movement_updates=1 damage_bank_impulse=0 camera_updates=1 camera_uses_previous_player_position=0
retail_frame=3784 control_updates=1 movement_updates=1 damage_bank_impulse=0 camera_updates=1 camera_uses_previous_player_position=0
retail_frame=3788 control_updates=1 movement_updates=1 damage_bank_impulse=0 camera_updates=1 camera_uses_previous_player_position=0
retail_frame=3792 control_updates=1 movement_updates=1 damage_bank_impulse=0 camera_updates=1 camera_uses_previous_player_position=0
retail_frame=3796 control_updates=1 movement_updates=1 damage_bank_impulse=0 camera_updates=1 camera_uses_previous_player_position=0
retail_frame=3800 control_updates=1 movement_updates=1 damage_bank_impulse=0 camera_updates=1 camera_uses_previous_player_position=0
retail_frame=3804 control_updates=1 movement_updates=1 damage_bank_impulse=0 camera_updates=1 camera_uses_previous_player_position=0
retail_frame=3808 control_updates=1 movement_updates=1 damage_bank_impulse=0 camera_updates=1 camera_uses_previous_player_position=0
retail_frame=3812 control_updates=1 movement_updates=1 damage_bank_impulse=0 camera_updates=1 camera_uses_previous_player_position=0
retail_frame=3816 control_updates=2 movement_updates=2 damage_bank_impulse=0 camera_updates=2 camera_uses_previous_player_position=0
retail_frame=3820 control_updates=1 movement_updates=1 damage_bank_impulse=0 camera_updates=0 camera_uses_previous_player_position=0
retail_frame=3824 control_updates=1 movement_updates=1 damage_bank_impulse=0 camera_updates=2 camera_uses_previous_player_position=0
retail_frame=3828 control_updates=1 movement_updates=1 damage_bank_impulse=0 camera_updates=1 camera_uses_previous_player_position=0
retail_frame=3832 control_updates=1 movement_updates=1 damage_bank_impulse=0 camera_updates=1 camera_uses_previous_player_position=0
retail_frame=3836 control_updates=1 movement_updates=1 damage_bank_impulse=0 camera_updates=1 camera_uses_previous_player_position=0
retail_frame=3840 control_updates=1 movement_updates=1 damage_bank_impulse=0 camera_updates=1 camera_uses_previous_player_position=0
retail_frame=3844 control_updates=1 movement_updates=1 damage_bank_impulse=0 camera_updates=1 camera_uses_previous_player_position=0
retail_frame=3848 control_updates=1 movement_updates=1 damage_bank_impulse=0 camera_updates=1 camera_uses_previous_player_position=0
retail_frame=3852 control_updates=1 movement_updates=1 damage_bank_impulse=0 camera_updates=1 camera_uses_previous_player_position=0
retail_frame=3856 control_updates=1 movement_updates=1 damage_bank_impulse=0 camera_updates=1 camera_uses_previous_player_position=0
retail_frame=3860 control_updates=2 movement_updates=2 damage_bank_impulse=0 camera_updates=1 camera_uses_previous_player_position=1
retail_frame=3864 control_updates=1 movement_updates=1 damage_bank_impulse=0 camera_updates=2 camera_uses_previous_player_position=0
retail_frame=3868 control_updates=1 movement_updates=1 damage_bank_impulse=0 camera_updates=1 camera_uses_previous_player_position=0
retail_frame=3872 control_updates=1 movement_updates=1 damage_bank_impulse=0 camera_updates=1 camera_uses_previous_player_position=0
retail_frame=3876 control_updates=1 movement_updates=1 damage_bank_impulse=0 camera_updates=1 camera_uses_previous_player_position=0
retail_frame=3880 control_updates=1 movement_updates=1 damage_bank_impulse=0 camera_updates=1 camera_uses_previous_player_position=0
retail_frame=3884 control_updates=1 movement_updates=1 damage_bank_impulse=0 camera_updates=1 camera_uses_previous_player_position=0
retail_frame=3888 control_updates=2 movement_updates=2 damage_bank_impulse=0 camera_updates=2 camera_uses_previous_player_position=0
retail_frame=3892 control_updates=1 movement_updates=1 damage_bank_impulse=0 camera_updates=1 camera_uses_previous_player_position=0
retail_frame=3896 control_updates=1 movement_updates=1 damage_bank_impulse=0 camera_updates=1 camera_uses_previous_player_position=0
retail_frame=3900 control_updates=1 movement_updates=1 damage_bank_impulse=0 camera_updates=1 camera_uses_previous_player_position=0
retail_frame=3904 control_updates=1 movement_updates=1 damage_bank_impulse=0 camera_updates=1 camera_uses_previous_player_position=0
retail_frame=3908 control_updates=1 movement_updates=1 damage_bank_impulse=0 camera_updates=1 camera_uses_previous_player_position=0
retail_frame=3912 control_updates=2 movement_updates=2 damage_bank_impulse=0 camera_updates=2 camera_uses_previous_player_position=0
retail_frame=3916 control_updates=1 movement_updates=1 damage_bank_impulse=0 camera_updates=1 camera_uses_previous_player_position=0
retail_frame=3920 control_updates=1 movement_updates=1 damage_bank_impulse=0 camera_updates=1 camera_uses_previous_player_position=0
retail_frame=3924 control_updates=1 movement_updates=1 damage_bank_impulse=0 camera_updates=1 camera_uses_previous_player_position=0
retail_frame=3928 control_updates=2 movement_updates=2 damage_bank_impulse=0 camera_updates=1 camera_uses_previous_player_position=1
retail_frame=3932 control_updates=1 movement_updates=1 damage_bank_impulse=0 camera_updates=2 camera_uses_previous_player_position=0
retail_frame=3936 control_updates=1 movement_updates=1 damage_bank_impulse=0 camera_updates=1 camera_uses_previous_player_position=0
retail_frame=3940 control_updates=1 movement_updates=1 damage_bank_impulse=0 camera_updates=1 camera_uses_previous_player_position=0
retail_frame=3944 control_updates=1 movement_updates=1 damage_bank_impulse=0 camera_updates=1 camera_uses_previous_player_position=0
retail_frame=3948 control_updates=2 movement_updates=2 damage_bank_impulse=0 camera_updates=2 camera_uses_previous_player_position=0
retail_frame=3952 control_updates=1 movement_updates=1 damage_bank_impulse=0 camera_updates=1 camera_uses_previous_player_position=0
retail_frame=3956 control_updates=1 movement_updates=1 damage_bank_impulse=0 camera_updates=1 camera_uses_previous_player_position=0
retail_frame=3960 control_updates=2 movement_updates=2 damage_bank_impulse=0 camera_updates=2 camera_uses_previous_player_position=0
retail_frame=3964 control_updates=1 movement_updates=1 damage_bank_impulse=0 camera_updates=1 camera_uses_previous_player_position=0
retail_frame=3968 control_updates=1 movement_updates=1 damage_bank_impulse=0 camera_updates=1 camera_uses_previous_player_position=0
retail_frame=3972 control_updates=2 movement_updates=2 damage_bank_impulse=0 camera_updates=2 camera_uses_previous_player_position=0
retail_frame=3976 control_updates=1 movement_updates=1 damage_bank_impulse=0 camera_updates=1 camera_uses_previous_player_position=0
retail_frame=3980 control_updates=1 movement_updates=1 damage_bank_impulse=0 camera_updates=1 camera_uses_previous_player_position=0
retail_frame=3984 control_updates=2 movement_updates=2 damage_bank_impulse=0 camera_updates=2 camera_uses_previous_player_position=0
retail_frame=3988 control_updates=1 movement_updates=1 damage_bank_impulse=0 camera_updates=1 camera_uses_previous_player_position=0
retail_frame=3992 control_updates=1 movement_updates=1 damage_bank_impulse=0 camera_updates=1 camera_uses_previous_player_position=0
retail_frame=3996 control_updates=2 movement_updates=2 damage_bank_impulse=0 camera_updates=2 camera_uses_previous_player_position=0
retail_frame=4000 control_updates=1 movement_updates=1 damage_bank_impulse=0 camera_updates=1 camera_uses_previous_player_position=0
retail_frame=4004 control_updates=1 movement_updates=1 damage_bank_impulse=0 camera_updates=1 camera_uses_previous_player_position=0
retail_frame=4008 control_updates=2 movement_updates=2 damage_bank_impulse=0 camera_updates=2 camera_uses_previous_player_position=0
retail_frame=4012 control_updates=1 movement_updates=1 damage_bank_impulse=0 camera_updates=1 camera_uses_previous_player_position=0
retail_frame=4016 control_updates=2 movement_updates=2 damage_bank_impulse=0 camera_updates=2 camera_uses_previous_player_position=0
retail_frame=4020 control_updates=1 movement_updates=1 damage_bank_impulse=0 camera_updates=1 camera_uses_previous_player_position=0
retail_frame=4024 control_updates=1 movement_updates=1 damage_bank_impulse=0 camera_updates=1 camera_uses_previous_player_position=0
retail_frame=4028 control_updates=2 movement_updates=2 damage_bank_impulse=0 camera_updates=2 camera_uses_previous_player_position=0
retail_frame=4032 control_updates=1 movement_updates=1 damage_bank_impulse=0 camera_updates=1 camera_uses_previous_player_position=0
retail_frame=4036 control_updates=1 movement_updates=1 damage_bank_impulse=0 camera_updates=1 camera_uses_previous_player_position=0
retail_frame=4040 control_updates=2 movement_updates=2 damage_bank_impulse=0 camera_updates=2 camera_uses_previous_player_position=0
retail_frame=4044 control_updates=1 movement_updates=1 damage_bank_impulse=0 camera_updates=1 camera_uses_previous_player_position=0
retail_frame=4048 control_updates=1 movement_updates=1 damage_bank_impulse=0 camera_updates=1 camera_uses_previous_player_position=0
retail_frame=4052 control_updates=2 movement_updates=2 damage_bank_impulse=0 camera_updates=2 camera_uses_previous_player_position=0
retail_frame=4056 control_updates=1 movement_updates=1 damage_bank_impulse=0 camera_updates=1 camera_uses_previous_player_position=0
retail_frame=4060 control_updates=1 movement_updates=1 damage_bank_impulse=0 camera_updates=1 camera_uses_previous_player_position=0
retail_frame=4064 control_updates=2 movement_updates=2 damage_bank_impulse=0 camera_updates=2 camera_uses_previous_player_position=0
retail_frame=4068 control_updates=1 movement_updates=1 damage_bank_impulse=0 camera_updates=1 camera_uses_previous_player_position=0
retail_frame=4072 control_updates=1 movement_updates=1 damage_bank_impulse=0 camera_updates=1 camera_uses_previous_player_position=0
retail_frame=4076 control_updates=2 movement_updates=2 damage_bank_impulse=0 camera_updates=2 camera_uses_previous_player_position=0
retail_frame=4080 control_updates=1 movement_updates=1 damage_bank_impulse=0 camera_updates=1 camera_uses_previous_player_position=0
retail_frame=4084 control_updates=1 movement_updates=1 damage_bank_impulse=0 camera_updates=1 camera_uses_previous_player_position=0
retail_frame=4088 control_updates=2 movement_updates=2 damage_bank_impulse=0 camera_updates=2 camera_uses_previous_player_position=0
retail_frame=4092 control_updates=1 movement_updates=1 damage_bank_impulse=0 camera_updates=1 camera_uses_previous_player_position=0
retail_frame=4096 control_updates=1 movement_updates=1 damage_bank_impulse=0 camera_updates=1 camera_uses_previous_player_position=0
retail_frame=4100 control_updates=2 movement_updates=2 damage_bank_impulse=0 camera_updates=2 camera_uses_previous_player_position=0
retail_frame=4104 control_updates=1 movement_updates=1 damage_bank_impulse=0 camera_updates=1 camera_uses_previous_player_position=0
retail_frame=4108 control_updates=1 movement_updates=1 damage_bank_impulse=0 camera_updates=1 camera_uses_previous_player_position=0
retail_frame=4112 control_updates=2 movement_updates=2 damage_bank_impulse=0 camera_updates=2 camera_uses_previous_player_position=0
retail_frame=4116 control_updates=1 movement_updates=1 damage_bank_impulse=0 camera_updates=1 camera_uses_previous_player_position=0
retail_frame=4120 control_updates=1 movement_updates=1 damage_bank_impulse=0 camera_updates=1 camera_uses_previous_player_position=0
retail_frame=4124 control_updates=2 movement_updates=2 damage_bank_impulse=0 camera_updates=2 camera_uses_previous_player_position=0
retail_frame=4128 control_updates=1 movement_updates=1 damage_bank_impulse=0 camera_updates=1 camera_uses_previous_player_position=0
retail_frame=4132 control_updates=1 movement_updates=1 damage_bank_impulse=0 camera_updates=1 camera_uses_previous_player_position=0
retail_frame=4136 control_updates=2 movement_updates=2 damage_bank_impulse=0 camera_updates=2 camera_uses_previous_player_position=0
retail_frame=4140 control_updates=1 movement_updates=1 damage_bank_impulse=0 camera_updates=1 camera_uses_previous_player_position=0
retail_frame=4144 control_updates=1 movement_updates=1 damage_bank_impulse=0 camera_updates=1 camera_uses_previous_player_position=0
retail_frame=4148 control_updates=2 movement_updates=2 damage_bank_impulse=0 camera_updates=2 camera_uses_previous_player_position=0
retail_frame=4152 control_updates=1 movement_updates=1 damage_bank_impulse=0 camera_updates=1 camera_uses_previous_player_position=0
retail_frame=4156 control_updates=1 movement_updates=1 damage_bank_impulse=0 camera_updates=1 camera_uses_previous_player_position=0
retail_frame=4160 control_updates=2 movement_updates=2 damage_bank_impulse=0 camera_updates=2 camera_uses_previous_player_position=0
retail_frame=4164 control_updates=1 movement_updates=1 damage_bank_impulse=0 camera_updates=1 camera_uses_previous_player_position=0
retail_frame=4168 control_updates=1 movement_updates=1 damage_bank_impulse=0 camera_updates=1 camera_uses_previous_player_position=0
retail_frame=4172 control_updates=2 movement_updates=2 damage_bank_impulse=0 camera_updates=2 camera_uses_previous_player_position=0
retail_frame=4176 control_updates=1 movement_updates=1 damage_bank_impulse=0 camera_updates=1 camera_uses_previous_player_position=0
retail_frame=4180 control_updates=1 movement_updates=1 damage_bank_impulse=0 camera_updates=1 camera_uses_previous_player_position=0
retail_frame=4184 control_updates=2 movement_updates=2 damage_bank_impulse=0 camera_updates=2 camera_uses_previous_player_position=0
retail_frame=4188 control_updates=1 movement_updates=1 damage_bank_impulse=0 camera_updates=1 camera_uses_previous_player_position=0
retail_frame=4192 control_updates=1 movement_updates=1 damage_bank_impulse=0 camera_updates=1 camera_uses_previous_player_position=0
retail_frame=4196 control_updates=1 movement_updates=1 damage_bank_impulse=0 camera_updates=1 camera_uses_previous_player_position=0
retail_frame=4200 control_updates=2 movement_updates=1 damage_bank_impulse=0 camera_updates=1 camera_uses_previous_player_position=0
retail_frame=4204 control_updates=1 movement_updates=2 damage_bank_impulse=0 camera_updates=2 camera_uses_previous_player_position=0
retail_frame=4208 control_updates=1 movement_updates=1 damage_bank_impulse=0 camera_updates=1 camera_uses_previous_player_position=0
retail_frame=4212 control_updates=1 movement_updates=1 damage_bank_impulse=0 camera_updates=1 camera_uses_previous_player_position=0
retail_frame=4216 control_updates=1 movement_updates=1 damage_bank_impulse=0 camera_updates=1 camera_uses_previous_player_position=0
retail_frame=4220 control_updates=2 movement_updates=2 damage_bank_impulse=0 camera_updates=2 camera_uses_previous_player_position=0
retail_frame=4224 control_updates=1 movement_updates=1 damage_bank_impulse=0 camera_updates=1 camera_uses_previous_player_position=0
retail_frame=4228 control_updates=1 movement_updates=1 damage_bank_impulse=0 camera_updates=1 camera_uses_previous_player_position=0
retail_frame=4232 control_updates=1 movement_updates=1 damage_bank_impulse=0 camera_updates=1 camera_uses_previous_player_position=0
retail_frame=4236 control_updates=2 movement_updates=2 damage_bank_impulse=0 camera_updates=2 camera_uses_previous_player_position=0
retail_frame=4240 control_updates=1 movement_updates=1 damage_bank_impulse=0 camera_updates=1 camera_uses_previous_player_position=0
retail_frame=4244 control_updates=1 movement_updates=1 damage_bank_impulse=0 camera_updates=1 camera_uses_previous_player_position=0
retail_frame=4248 control_updates=1 movement_updates=1 damage_bank_impulse=0 camera_updates=1 camera_uses_previous_player_position=0
retail_frame=4252 control_updates=1 movement_updates=1 damage_bank_impulse=0 camera_updates=1 camera_uses_previous_player_position=0
retail_frame=4256 control_updates=1 movement_updates=1 damage_bank_impulse=0 camera_updates=1 camera_uses_previous_player_position=0
retail_frame=4260 control_updates=1 movement_updates=1 damage_bank_impulse=0 camera_updates=1 camera_uses_previous_player_position=0
retail_frame=4264 control_updates=1 movement_updates=1 damage_bank_impulse=0 camera_updates=1 camera_uses_previous_player_position=0
retail_frame=4268 control_updates=2 movement_updates=2 damage_bank_impulse=0 camera_updates=2 camera_uses_previous_player_position=0
retail_frame=4272 control_updates=1 movement_updates=1 damage_bank_impulse=0 camera_updates=1 camera_uses_previous_player_position=0
retail_frame=4276 control_updates=1 movement_updates=1 damage_bank_impulse=0 camera_updates=1 camera_uses_previous_player_position=0
retail_frame=4280 control_updates=1 movement_updates=1 damage_bank_impulse=0 camera_updates=1 camera_uses_previous_player_position=0
retail_frame=4284 control_updates=1 movement_updates=1 damage_bank_impulse=0 camera_updates=1 camera_uses_previous_player_position=0
retail_frame=4288 control_updates=2 movement_updates=2 damage_bank_impulse=0 camera_updates=1 camera_uses_previous_player_position=1
retail_frame=4292 control_updates=1 movement_updates=1 damage_bank_impulse=0 camera_updates=2 camera_uses_previous_player_position=0
retail_frame=4296 control_updates=1 movement_updates=1 damage_bank_impulse=0 camera_updates=1 camera_uses_previous_player_position=0
retail_frame=4300 control_updates=1 movement_updates=1 damage_bank_impulse=0 camera_updates=1 camera_uses_previous_player_position=0
retail_frame=4304 control_updates=1 movement_updates=1 damage_bank_impulse=0 camera_updates=1 camera_uses_previous_player_position=0
retail_frame=4308 control_updates=2 movement_updates=2 damage_bank_impulse=0 camera_updates=2 camera_uses_previous_player_position=0
retail_frame=4312 control_updates=1 movement_updates=1 damage_bank_impulse=0 camera_updates=1 camera_uses_previous_player_position=0
retail_frame=4316 control_updates=1 movement_updates=1 damage_bank_impulse=0 camera_updates=1 camera_uses_previous_player_position=0
retail_frame=4320 control_updates=2 movement_updates=2 damage_bank_impulse=0 camera_updates=1 camera_uses_previous_player_position=1
retail_frame=4324 control_updates=1 movement_updates=1 damage_bank_impulse=0 camera_updates=2 camera_uses_previous_player_position=0
retail_frame=4328 control_updates=1 movement_updates=1 damage_bank_impulse=0 camera_updates=1 camera_uses_previous_player_position=0
retail_frame=4332 control_updates=1 movement_updates=1 damage_bank_impulse=0 camera_updates=1 camera_uses_previous_player_position=0
retail_frame=4336 control_updates=2 movement_updates=2 damage_bank_impulse=0 camera_updates=2 camera_uses_previous_player_position=0
retail_frame=4340 control_updates=1 movement_updates=1 damage_bank_impulse=0 camera_updates=1 camera_uses_previous_player_position=0
retail_frame=4344 control_updates=1 movement_updates=1 damage_bank_impulse=0 camera_updates=1 camera_uses_previous_player_position=0
retail_frame=4348 control_updates=2 movement_updates=2 damage_bank_impulse=0 camera_updates=2 camera_uses_previous_player_position=0
retail_frame=4352 control_updates=1 movement_updates=1 damage_bank_impulse=0 camera_updates=1 camera_uses_previous_player_position=0
retail_frame=4356 control_updates=1 movement_updates=1 damage_bank_impulse=0 camera_updates=1 camera_uses_previous_player_position=0
retail_frame=4360 control_updates=2 movement_updates=2 damage_bank_impulse=0 camera_updates=2 camera_uses_previous_player_position=0
retail_frame=4364 control_updates=1 movement_updates=1 damage_bank_impulse=0 camera_updates=1 camera_uses_previous_player_position=0
retail_frame=4368 control_updates=2 movement_updates=2 damage_bank_impulse=0 camera_updates=2 camera_uses_previous_player_position=0
retail_frame=4372 control_updates=1 movement_updates=1 damage_bank_impulse=0 camera_updates=1 camera_uses_previous_player_position=0
retail_frame=4376 control_updates=1 movement_updates=1 damage_bank_impulse=0 camera_updates=1 camera_uses_previous_player_position=0
retail_frame=4380 control_updates=2 movement_updates=2 damage_bank_impulse=0 camera_updates=2 camera_uses_previous_player_position=0
retail_frame=4384 control_updates=1 movement_updates=1 damage_bank_impulse=0 camera_updates=1 camera_uses_previous_player_position=0
retail_frame=4388 control_updates=1 movement_updates=1 damage_bank_impulse=0 camera_updates=1 camera_uses_previous_player_position=0
retail_frame=4392 control_updates=2 movement_updates=2 damage_bank_impulse=0 camera_updates=2 camera_uses_previous_player_position=0
retail_frame=4396 control_updates=1 movement_updates=1 damage_bank_impulse=0 camera_updates=1 camera_uses_previous_player_position=0
retail_frame=4400 control_updates=1 movement_updates=1 damage_bank_impulse=0 camera_updates=1 camera_uses_previous_player_position=0
retail_frame=4404 control_updates=2 movement_updates=2 damage_bank_impulse=0 camera_updates=2 camera_uses_previous_player_position=0
retail_frame=4408 control_updates=1 movement_updates=1 damage_bank_impulse=0 camera_updates=1 camera_uses_previous_player_position=0
retail_frame=4412 control_updates=1 movement_updates=1 damage_bank_impulse=0 camera_updates=1 camera_uses_previous_player_position=0
retail_frame=4416 control_updates=2 movement_updates=2 damage_bank_impulse=0 camera_updates=2 camera_uses_previous_player_position=0
retail_frame=4420 control_updates=1 movement_updates=1 damage_bank_impulse=0 camera_updates=1 camera_uses_previous_player_position=0
retail_frame=4424 control_updates=1 movement_updates=1 damage_bank_impulse=0 camera_updates=1 camera_uses_previous_player_position=0
retail_frame=4428 control_updates=2 movement_updates=2 damage_bank_impulse=0 camera_updates=2 camera_uses_previous_player_position=0
retail_frame=4432 control_updates=1 movement_updates=1 damage_bank_impulse=0 camera_updates=1 camera_uses_previous_player_position=0
retail_frame=4436 control_updates=1 movement_updates=1 damage_bank_impulse=0 camera_updates=1 camera_uses_previous_player_position=0
retail_frame=4440 control_updates=2 movement_updates=2 damage_bank_impulse=0 camera_updates=2 camera_uses_previous_player_position=0
retail_frame=4444 control_updates=1 movement_updates=1 damage_bank_impulse=0 camera_updates=1 camera_uses_previous_player_position=0
retail_frame=4448 control_updates=1 movement_updates=1 damage_bank_impulse=0 camera_updates=1 camera_uses_previous_player_position=0
retail_frame=4452 control_updates=2 movement_updates=2 damage_bank_impulse=0 camera_updates=2 camera_uses_previous_player_position=0
retail_frame=4456 control_updates=1 movement_updates=1 damage_bank_impulse=0 camera_updates=1 camera_uses_previous_player_position=0
retail_frame=4460 control_updates=1 movement_updates=1 damage_bank_impulse=0 camera_updates=1 camera_uses_previous_player_position=0
retail_frame=4464 control_updates=2 movement_updates=2 damage_bank_impulse=0 camera_updates=2 camera_uses_previous_player_position=0
retail_frame=4468 control_updates=1 movement_updates=1 damage_bank_impulse=0 camera_updates=1 camera_uses_previous_player_position=0
retail_frame=4472 control_updates=1 movement_updates=1 damage_bank_impulse=0 camera_updates=1 camera_uses_previous_player_position=0
retail_frame=4476 control_updates=2 movement_updates=2 damage_bank_impulse=0 camera_updates=2 camera_uses_previous_player_position=0
retail_frame=4480 control_updates=1 movement_updates=1 damage_bank_impulse=0 camera_updates=1 camera_uses_previous_player_position=0
retail_frame=4484 control_updates=1 movement_updates=1 damage_bank_impulse=0 camera_updates=1 camera_uses_previous_player_position=0
retail_frame=4488 control_updates=2 movement_updates=2 damage_bank_impulse=0 camera_updates=2 camera_uses_previous_player_position=0
retail_frame=4492 control_updates=1 movement_updates=1 damage_bank_impulse=0 camera_updates=1 camera_uses_previous_player_position=0
retail_frame=4496 control_updates=1 movement_updates=1 damage_bank_impulse=0 camera_updates=1 camera_uses_previous_player_position=0
retail_frame=4500 control_updates=2 movement_updates=2 damage_bank_impulse=0 camera_updates=2 camera_uses_previous_player_position=0
retail_frame=4504 control_updates=1 movement_updates=1 damage_bank_impulse=0 camera_updates=1 camera_uses_previous_player_position=0
retail_frame=4508 control_updates=1 movement_updates=1 damage_bank_impulse=0 camera_updates=1 camera_uses_previous_player_position=0
retail_frame=4512 control_updates=2 movement_updates=2 damage_bank_impulse=0 camera_updates=2 camera_uses_previous_player_position=0
retail_frame=4516 control_updates=1 movement_updates=1 damage_bank_impulse=0 camera_updates=1 camera_uses_previous_player_position=0
retail_frame=4520 control_updates=1 movement_updates=1 damage_bank_impulse=0 camera_updates=1 camera_uses_previous_player_position=0
retail_frame=4524 control_updates=2 movement_updates=2 damage_bank_impulse=0 camera_updates=2 camera_uses_previous_player_position=0
retail_frame=4528 control_updates=1 movement_updates=1 damage_bank_impulse=0 camera_updates=1 camera_uses_previous_player_position=0
retail_frame=4532 control_updates=1 movement_updates=1 damage_bank_impulse=0 camera_updates=1 camera_uses_previous_player_position=0
retail_frame=4536 control_updates=2 movement_updates=2 damage_bank_impulse=0 camera_updates=2 camera_uses_previous_player_position=0
retail_frame=4540 control_updates=1 movement_updates=1 damage_bank_impulse=0 camera_updates=1 camera_uses_previous_player_position=0
retail_frame=4544 control_updates=1 movement_updates=1 damage_bank_impulse=0 camera_updates=1 camera_uses_previous_player_position=0
retail_frame=4548 control_updates=2 movement_updates=2 damage_bank_impulse=0 camera_updates=2 camera_uses_previous_player_position=0
retail_frame=4552 control_updates=1 movement_updates=1 damage_bank_impulse=0 camera_updates=1 camera_uses_previous_player_position=0
retail_frame=4556 control_updates=1 movement_updates=1 damage_bank_impulse=0 camera_updates=1 camera_uses_previous_player_position=0
retail_frame=4560 control_updates=2 movement_updates=2 damage_bank_impulse=0 camera_updates=2 camera_uses_previous_player_position=0
retail_frame=4564 control_updates=1 movement_updates=1 damage_bank_impulse=0 camera_updates=1 camera_uses_previous_player_position=0
retail_frame=4568 control_updates=1 movement_updates=1 damage_bank_impulse=0 camera_updates=1 camera_uses_previous_player_position=0
retail_frame=4572 control_updates=2 movement_updates=2 damage_bank_impulse=0 camera_updates=2 camera_uses_previous_player_position=0
retail_frame=4576 control_updates=1 movement_updates=1 damage_bank_impulse=0 camera_updates=1 camera_uses_previous_player_position=0
retail_frame=4580 control_updates=1 movement_updates=1 damage_bank_impulse=0 camera_updates=1 camera_uses_previous_player_position=0
retail_frame=4584 control_updates=2 movement_updates=2 damage_bank_impulse=0 camera_updates=2 camera_uses_previous_player_position=0
retail_frame=4588 control_updates=1 movement_updates=1 damage_bank_impulse=0 camera_updates=1 camera_uses_previous_player_position=0
retail_frame=4592 control_updates=1 movement_updates=1 damage_bank_impulse=0 camera_updates=1 camera_uses_previous_player_position=0
retail_frame=4596 control_updates=2 movement_updates=2 damage_bank_impulse=0 camera_updates=2 camera_uses_previous_player_position=0
retail_frame=4600 control_updates=1 movement_updates=1 damage_bank_impulse=0 camera_updates=1 camera_uses_previous_player_position=0
retail_frame=4604 control_updates=1 movement_updates=1 damage_bank_impulse=0 camera_updates=1 camera_uses_previous_player_position=0
retail_frame=4608 control_updates=2 movement_updates=2 damage_bank_impulse=0 camera_updates=2 camera_uses_previous_player_position=0
retail_frame=4612 control_updates=1 movement_updates=1 damage_bank_impulse=0 camera_updates=1 camera_uses_previous_player_position=0
retail_frame=4616 control_updates=1 movement_updates=1 damage_bank_impulse=0 camera_updates=1 camera_uses_previous_player_position=0
retail_frame=4620 control_updates=2 movement_updates=2 damage_bank_impulse=0 camera_updates=2 camera_uses_previous_player_position=0
retail_frame=4624 control_updates=1 movement_updates=1 damage_bank_impulse=0 camera_updates=1 camera_uses_previous_player_position=0
retail_frame=4628 control_updates=1 movement_updates=1 damage_bank_impulse=0 camera_updates=1 camera_uses_previous_player_position=0
retail_frame=4632 control_updates=2 movement_updates=2 damage_bank_impulse=0 camera_updates=2 camera_uses_previous_player_position=0
retail_frame=4636 control_updates=1 movement_updates=1 damage_bank_impulse=0 camera_updates=1 camera_uses_previous_player_position=0
retail_frame=4640 control_updates=1 movement_updates=1 damage_bank_impulse=0 camera_updates=1 camera_uses_previous_player_position=0
retail_frame=4644 control_updates=2 movement_updates=2 damage_bank_impulse=0 camera_updates=2 camera_uses_previous_player_position=0
retail_frame=4648 control_updates=1 movement_updates=1 damage_bank_impulse=0 camera_updates=1 camera_uses_previous_player_position=0
retail_frame=4652 control_updates=1 movement_updates=1 damage_bank_impulse=0 camera_updates=1 camera_uses_previous_player_position=0
retail_frame=4656 control_updates=2 movement_updates=2 damage_bank_impulse=0 camera_updates=2 camera_uses_previous_player_position=0
retail_frame=4660 control_updates=1 movement_updates=1 damage_bank_impulse=0 camera_updates=1 camera_uses_previous_player_position=0
retail_frame=4664 control_updates=1 movement_updates=1 damage_bank_impulse=0 camera_updates=1 camera_uses_previous_player_position=0
retail_frame=4668 control_updates=1 movement_updates=1 damage_bank_impulse=0 camera_updates=1 camera_uses_previous_player_position=0
retail_frame=4672 control_updates=2 movement_updates=2 damage_bank_impulse=0 camera_updates=2 camera_uses_previous_player_position=0
retail_frame=4676 control_updates=1 movement_updates=1 damage_bank_impulse=0 camera_updates=1 camera_uses_previous_player_position=0
retail_frame=4680 control_updates=1 movement_updates=1 damage_bank_impulse=0 camera_updates=1 camera_uses_previous_player_position=0
retail_frame=4684 control_updates=1 movement_updates=1 damage_bank_impulse=0 camera_updates=1 camera_uses_previous_player_position=0
retail_frame=4688 control_updates=2 movement_updates=2 damage_bank_impulse=0 camera_updates=2 camera_uses_previous_player_position=0
retail_frame=4692 control_updates=1 movement_updates=1 damage_bank_impulse=0 camera_updates=1 camera_uses_previous_player_position=0
retail_frame=4696 control_updates=1 movement_updates=1 damage_bank_impulse=0 camera_updates=1 camera_uses_previous_player_position=0
retail_frame=4700 control_updates=2 movement_updates=2 damage_bank_impulse=0 camera_updates=1 camera_uses_previous_player_position=1
retail_frame=4704 control_updates=1 movement_updates=1 damage_bank_impulse=0 camera_updates=2 camera_uses_previous_player_position=0
retail_frame=4708 control_updates=1 movement_updates=1 damage_bank_impulse=0 camera_updates=1 camera_uses_previous_player_position=0
retail_frame=4712 control_updates=1 movement_updates=1 damage_bank_impulse=0 camera_updates=1 camera_uses_previous_player_position=0
retail_frame=4716 control_updates=1 movement_updates=1 damage_bank_impulse=0 camera_updates=1 camera_uses_previous_player_position=0
retail_frame=4720 control_updates=1 movement_updates=1 damage_bank_impulse=0 camera_updates=1 camera_uses_previous_player_position=0
retail_frame=4724 control_updates=1 movement_updates=1 damage_bank_impulse=0 camera_updates=1 camera_uses_previous_player_position=0
retail_frame=4728 control_updates=2 movement_updates=2 damage_bank_impulse=0 camera_updates=1 camera_uses_previous_player_position=1
retail_frame=4732 control_updates=1 movement_updates=1 damage_bank_impulse=0 camera_updates=2 camera_uses_previous_player_position=0
retail_frame=4736 control_updates=1 movement_updates=1 damage_bank_impulse=0 camera_updates=1 camera_uses_previous_player_position=0
retail_frame=4740 control_updates=1 movement_updates=1 damage_bank_impulse=0 camera_updates=1 camera_uses_previous_player_position=0
retail_frame=4744 control_updates=1 movement_updates=1 damage_bank_impulse=0 camera_updates=1 camera_uses_previous_player_position=0
retail_frame=4748 control_updates=2 movement_updates=2 damage_bank_impulse=0 camera_updates=2 camera_uses_previous_player_position=0
retail_frame=4752 control_updates=1 movement_updates=1 damage_bank_impulse=0 camera_updates=1 camera_uses_previous_player_position=0
retail_frame=4756 control_updates=1 movement_updates=1 damage_bank_impulse=0 camera_updates=1 camera_uses_previous_player_position=0
retail_frame=4760 control_updates=1 movement_updates=1 damage_bank_impulse=0 camera_updates=1 camera_uses_previous_player_position=0
retail_frame=4764 control_updates=1 movement_updates=1 damage_bank_impulse=0 camera_updates=1 camera_uses_previous_player_position=0
retail_frame=4768 control_updates=1 movement_updates=1 damage_bank_impulse=0 camera_updates=1 camera_uses_previous_player_position=0
retail_frame=4772 control_updates=2 movement_updates=2 damage_bank_impulse=0 camera_updates=1 camera_uses_previous_player_position=1
retail_frame=4776 control_updates=1 movement_updates=1 damage_bank_impulse=0 camera_updates=2 camera_uses_previous_player_position=0
retail_frame=4780 control_updates=1 movement_updates=1 damage_bank_impulse=0 camera_updates=1 camera_uses_previous_player_position=0
retail_frame=4784 control_updates=1 movement_updates=1 damage_bank_impulse=0 camera_updates=1 camera_uses_previous_player_position=0
retail_frame=4788 control_updates=1 movement_updates=1 damage_bank_impulse=0 camera_updates=1 camera_uses_previous_player_position=0
retail_frame=4792 control_updates=1 movement_updates=1 damage_bank_impulse=0 camera_updates=1 camera_uses_previous_player_position=0
retail_frame=4796 control_updates=2 movement_updates=2 damage_bank_impulse=0 camera_updates=2 camera_uses_previous_player_position=0
retail_frame=4800 control_updates=1 movement_updates=1 damage_bank_impulse=0 camera_updates=1 camera_uses_previous_player_position=0
retail_frame=4804 control_updates=1 movement_updates=1 damage_bank_impulse=0 camera_updates=1 camera_uses_previous_player_position=0
retail_frame=4808 control_updates=1 movement_updates=1 damage_bank_impulse=0 camera_updates=1 camera_uses_previous_player_position=0
retail_frame=4812 control_updates=1 movement_updates=1 damage_bank_impulse=0 camera_updates=1 camera_uses_previous_player_position=0
retail_frame=4816 control_updates=2 movement_updates=2 damage_bank_impulse=0 camera_updates=2 camera_uses_previous_player_position=0
retail_frame=4820 control_updates=1 movement_updates=1 damage_bank_impulse=0 camera_updates=1 camera_uses_previous_player_position=0
retail_frame=4824 control_updates=1 movement_updates=1 damage_bank_impulse=0 camera_updates=1 camera_uses_previous_player_position=0
retail_frame=4828 control_updates=1 movement_updates=1 damage_bank_impulse=0 camera_updates=1 camera_uses_previous_player_position=0
retail_frame=4832 control_updates=1 movement_updates=1 damage_bank_impulse=0 camera_updates=1 camera_uses_previous_player_position=0
retail_frame=4836 control_updates=2 movement_updates=2 damage_bank_impulse=0 camera_updates=2 camera_uses_previous_player_position=0
retail_frame=4840 control_updates=1 movement_updates=1 damage_bank_impulse=0 camera_updates=1 camera_uses_previous_player_position=0
retail_frame=4844 control_updates=1 movement_updates=1 damage_bank_impulse=0 camera_updates=1 camera_uses_previous_player_position=0
retail_frame=4848 control_updates=1 movement_updates=1 damage_bank_impulse=0 camera_updates=1 camera_uses_previous_player_position=0
retail_frame=4852 control_updates=1 movement_updates=1 damage_bank_impulse=0 camera_updates=1 camera_uses_previous_player_position=0
retail_frame=4856 control_updates=2 movement_updates=2 damage_bank_impulse=0 camera_updates=2 camera_uses_previous_player_position=0
retail_frame=4860 control_updates=1 movement_updates=1 damage_bank_impulse=0 camera_updates=1 camera_uses_previous_player_position=0
retail_frame=4864 control_updates=1 movement_updates=1 damage_bank_impulse=0 camera_updates=1 camera_uses_previous_player_position=0
retail_frame=4868 control_updates=1 movement_updates=1 damage_bank_impulse=0 camera_updates=1 camera_uses_previous_player_position=0
retail_frame=4872 control_updates=2 movement_updates=2 damage_bank_impulse=0 camera_updates=2 camera_uses_previous_player_position=0
retail_frame=4876 control_updates=1 movement_updates=1 damage_bank_impulse=0 camera_updates=1 camera_uses_previous_player_position=0
retail_frame=4880 control_updates=1 movement_updates=1 damage_bank_impulse=0 camera_updates=1 camera_uses_previous_player_position=0
retail_frame=4884 control_updates=2 movement_updates=2 damage_bank_impulse=0 camera_updates=1 camera_uses_previous_player_position=1
retail_frame=4888 control_updates=1 movement_updates=1 damage_bank_impulse=0 camera_updates=2 camera_uses_previous_player_position=0
retail_frame=4892 control_updates=1 movement_updates=1 damage_bank_impulse=0 camera_updates=1 camera_uses_previous_player_position=0
retail_frame=4896 control_updates=1 movement_updates=1 damage_bank_impulse=0 camera_updates=1 camera_uses_previous_player_position=0
retail_frame=4900 control_updates=2 movement_updates=2 damage_bank_impulse=0 camera_updates=2 camera_uses_previous_player_position=0
retail_frame=4904 control_updates=1 movement_updates=1 damage_bank_impulse=0 camera_updates=1 camera_uses_previous_player_position=0
retail_frame=4908 control_updates=1 movement_updates=1 damage_bank_impulse=0 camera_updates=1 camera_uses_previous_player_position=0
retail_frame=4912 control_updates=2 movement_updates=2 damage_bank_impulse=0 camera_updates=2 camera_uses_previous_player_position=0
retail_frame=4916 control_updates=1 movement_updates=1 damage_bank_impulse=0 camera_updates=1 camera_uses_previous_player_position=0
retail_frame=4920 control_updates=1 movement_updates=1 damage_bank_impulse=0 camera_updates=1 camera_uses_previous_player_position=0
retail_frame=4924 control_updates=2 movement_updates=2 damage_bank_impulse=0 camera_updates=2 camera_uses_previous_player_position=0
retail_frame=4928 control_updates=1 movement_updates=1 damage_bank_impulse=0 camera_updates=1 camera_uses_previous_player_position=0
retail_frame=4932 control_updates=1 movement_updates=1 damage_bank_impulse=0 camera_updates=1 camera_uses_previous_player_position=0
retail_frame=4936 control_updates=2 movement_updates=2 damage_bank_impulse=0 camera_updates=2 camera_uses_previous_player_position=0
retail_frame=4940 control_updates=1 movement_updates=1 damage_bank_impulse=0 camera_updates=1 camera_uses_previous_player_position=0
retail_frame=4944 control_updates=1 movement_updates=1 damage_bank_impulse=0 camera_updates=1 camera_uses_previous_player_position=0
retail_frame=4948 control_updates=2 movement_updates=2 damage_bank_impulse=0 camera_updates=2 camera_uses_previous_player_position=0
retail_frame=4952 control_updates=1 movement_updates=1 damage_bank_impulse=0 camera_updates=1 camera_uses_previous_player_position=0
retail_frame=4956 control_updates=1 movement_updates=1 damage_bank_impulse=0 camera_updates=1 camera_uses_previous_player_position=0
retail_frame=4960 control_updates=2 movement_updates=2 damage_bank_impulse=0 camera_updates=2 camera_uses_previous_player_position=0
retail_frame=4964 control_updates=1 movement_updates=1 damage_bank_impulse=0 camera_updates=1 camera_uses_previous_player_position=0
retail_frame=4968 control_updates=1 movement_updates=1 damage_bank_impulse=0 camera_updates=1 camera_uses_previous_player_position=0
retail_frame=4972 control_updates=2 movement_updates=1 damage_bank_impulse=0 camera_updates=1 camera_uses_previous_player_position=0
retail_frame=4976 control_updates=1 movement_updates=2 damage_bank_impulse=0 camera_updates=2 camera_uses_previous_player_position=0
retail_frame=4980 control_updates=1 movement_updates=1 damage_bank_impulse=0 camera_updates=1 camera_uses_previous_player_position=0
retail_frame=4984 control_updates=1 movement_updates=1 damage_bank_impulse=0 camera_updates=1 camera_uses_previous_player_position=0
retail_frame=4988 control_updates=2 movement_updates=2 damage_bank_impulse=0 camera_updates=2 camera_uses_previous_player_position=0
retail_frame=4992 control_updates=1 movement_updates=1 damage_bank_impulse=0 camera_updates=1 camera_uses_previous_player_position=0
retail_frame=4996 control_updates=1 movement_updates=1 damage_bank_impulse=0 camera_updates=1 camera_uses_previous_player_position=0
retail_frame=5000 control_updates=1 movement_updates=1 damage_bank_impulse=0 camera_updates=1 camera_uses_previous_player_position=0
retail_frame=5004 control_updates=2 movement_updates=2 damage_bank_impulse=0 camera_updates=2 camera_uses_previous_player_position=0
retail_frame=5008 control_updates=1 movement_updates=1 damage_bank_impulse=0 camera_updates=1 camera_uses_previous_player_position=0
retail_frame=5012 control_updates=1 movement_updates=1 damage_bank_impulse=0 camera_updates=1 camera_uses_previous_player_position=0
retail_frame=5016 control_updates=1 movement_updates=1 damage_bank_impulse=0 camera_updates=1 camera_uses_previous_player_position=0
retail_frame=5020 control_updates=2 movement_updates=2 damage_bank_impulse=0 camera_updates=1 camera_uses_previous_player_position=1
retail_frame=5024 control_updates=1 movement_updates=1 damage_bank_impulse=0 camera_updates=2 camera_uses_previous_player_position=0
retail_frame=5028 control_updates=1 movement_updates=1 damage_bank_impulse=0 camera_updates=1 camera_uses_previous_player_position=0
retail_frame=5032 control_updates=1 movement_updates=1 damage_bank_impulse=0 camera_updates=1 camera_uses_previous_player_position=0
retail_frame=5036 control_updates=1 movement_updates=1 damage_bank_impulse=0 camera_updates=1 camera_uses_previous_player_position=0
retail_frame=5040 control_updates=2 movement_updates=2 damage_bank_impulse=0 camera_updates=2 camera_uses_previous_player_position=0
retail_frame=5044 control_updates=1 movement_updates=1 damage_bank_impulse=0 camera_updates=1 camera_uses_previous_player_position=0
retail_frame=5048 control_updates=1 movement_updates=1 damage_bank_impulse=0 camera_updates=1 camera_uses_previous_player_position=0
retail_frame=5052 control_updates=1 movement_updates=1 damage_bank_impulse=0 camera_updates=1 camera_uses_previous_player_position=0
retail_frame=5056 control_updates=2 movement_updates=2 damage_bank_impulse=0 camera_updates=2 camera_uses_previous_player_position=0
retail_frame=5060 control_updates=1 movement_updates=1 damage_bank_impulse=0 camera_updates=1 camera_uses_previous_player_position=0
retail_frame=5064 control_updates=1 movement_updates=1 damage_bank_impulse=0 camera_updates=1 camera_uses_previous_player_position=0
retail_frame=5068 control_updates=1 movement_updates=1 damage_bank_impulse=0 camera_updates=1 camera_uses_previous_player_position=0
retail_frame=5072 control_updates=2 movement_updates=2 damage_bank_impulse=0 camera_updates=2 camera_uses_previous_player_position=0
retail_frame=5076 control_updates=1 movement_updates=1 damage_bank_impulse=0 camera_updates=1 camera_uses_previous_player_position=0
retail_frame=5080 control_updates=1 movement_updates=1 damage_bank_impulse=0 camera_updates=1 camera_uses_previous_player_position=0
retail_frame=5084 control_updates=1 movement_updates=1 damage_bank_impulse=0 camera_updates=1 camera_uses_previous_player_position=0
retail_frame=5088 control_updates=2 movement_updates=2 damage_bank_impulse=0 camera_updates=1 camera_uses_previous_player_position=1
retail_frame=5092 control_updates=1 movement_updates=1 damage_bank_impulse=0 camera_updates=2 camera_uses_previous_player_position=0
retail_frame=5096 control_updates=1 movement_updates=1 damage_bank_impulse=0 camera_updates=1 camera_uses_previous_player_position=0
retail_frame=5100 control_updates=1 movement_updates=1 damage_bank_impulse=0 camera_updates=1 camera_uses_previous_player_position=0
retail_frame=5104 control_updates=2 movement_updates=2 damage_bank_impulse=0 camera_updates=1 camera_uses_previous_player_position=1
retail_frame=5108 control_updates=1 movement_updates=1 damage_bank_impulse=0 camera_updates=2 camera_uses_previous_player_position=0
retail_frame=5112 control_updates=1 movement_updates=1 damage_bank_impulse=0 camera_updates=1 camera_uses_previous_player_position=0
retail_frame=5116 control_updates=1 movement_updates=1 damage_bank_impulse=0 camera_updates=1 camera_uses_previous_player_position=0
retail_frame=5120 control_updates=2 movement_updates=2 damage_bank_impulse=0 camera_updates=2 camera_uses_previous_player_position=0
retail_frame=5124 control_updates=1 movement_updates=1 damage_bank_impulse=0 camera_updates=1 camera_uses_previous_player_position=0
retail_frame=5128 control_updates=1 movement_updates=1 damage_bank_impulse=0 camera_updates=1 camera_uses_previous_player_position=0
retail_frame=5132 control_updates=1 movement_updates=1 damage_bank_impulse=0 camera_updates=1 camera_uses_previous_player_position=0
retail_frame=5136 control_updates=1 movement_updates=1 damage_bank_impulse=0 camera_updates=1 camera_uses_previous_player_position=0
retail_frame=5140 control_updates=1 movement_updates=1 damage_bank_impulse=0 camera_updates=1 camera_uses_previous_player_position=0
retail_frame=5144 control_updates=2 movement_updates=2 damage_bank_impulse=0 camera_updates=1 camera_uses_previous_player_position=1
retail_frame=5148 control_updates=1 movement_updates=1 damage_bank_impulse=0 camera_updates=2 camera_uses_previous_player_position=0
retail_frame=5152 control_updates=1 movement_updates=1 damage_bank_impulse=0 camera_updates=1 camera_uses_previous_player_position=0
retail_frame=5156 control_updates=1 movement_updates=1 damage_bank_impulse=0 camera_updates=1 camera_uses_previous_player_position=0
retail_frame=5160 control_updates=2 movement_updates=2 damage_bank_impulse=0 camera_updates=2 camera_uses_previous_player_position=0
retail_frame=5164 control_updates=1 movement_updates=1 damage_bank_impulse=0 camera_updates=1 camera_uses_previous_player_position=0
retail_frame=5168 control_updates=1 movement_updates=1 damage_bank_impulse=0 camera_updates=1 camera_uses_previous_player_position=0
retail_frame=5172 control_updates=1 movement_updates=1 damage_bank_impulse=0 camera_updates=1 camera_uses_previous_player_position=0
retail_frame=5176 control_updates=2 movement_updates=2 damage_bank_impulse=0 camera_updates=2 camera_uses_previous_player_position=0
retail_frame=5180 control_updates=1 movement_updates=1 damage_bank_impulse=0 camera_updates=1 camera_uses_previous_player_position=0
retail_frame=5184 control_updates=1 movement_updates=1 damage_bank_impulse=0 camera_updates=1 camera_uses_previous_player_position=0
retail_frame=5188 control_updates=1 movement_updates=1 damage_bank_impulse=0 camera_updates=1 camera_uses_previous_player_position=0
retail_frame=5192 control_updates=1 movement_updates=1 damage_bank_impulse=0 camera_updates=1 camera_uses_previous_player_position=0
retail_frame=5196 control_updates=1 movement_updates=1 damage_bank_impulse=0 camera_updates=1 camera_uses_previous_player_position=0
retail_frame=5200 control_updates=2 movement_updates=2 damage_bank_impulse=0 camera_updates=1 camera_uses_previous_player_position=1
retail_frame=5204 control_updates=1 movement_updates=1 damage_bank_impulse=0 camera_updates=2 camera_uses_previous_player_position=0
retail_frame=5208 control_updates=1 movement_updates=1 damage_bank_impulse=0 camera_updates=1 camera_uses_previous_player_position=0
retail_frame=5212 control_updates=1 movement_updates=1 damage_bank_impulse=0 camera_updates=1 camera_uses_previous_player_position=0
retail_frame=5216 control_updates=1 movement_updates=1 damage_bank_impulse=0 camera_updates=1 camera_uses_previous_player_position=0
retail_frame=5220 control_updates=2 movement_updates=2 damage_bank_impulse=0 camera_updates=2 camera_uses_previous_player_position=0
retail_frame=5224 control_updates=1 movement_updates=1 damage_bank_impulse=0 camera_updates=1 camera_uses_previous_player_position=0
retail_frame=5228 control_updates=1 movement_updates=1 damage_bank_impulse=0 camera_updates=1 camera_uses_previous_player_position=0
retail_frame=5232 control_updates=1 movement_updates=1 damage_bank_impulse=0 camera_updates=1 camera_uses_previous_player_position=0
retail_frame=5236 control_updates=1 movement_updates=1 damage_bank_impulse=0 camera_updates=1 camera_uses_previous_player_position=0
retail_frame=5240 control_updates=1 movement_updates=1 damage_bank_impulse=0 camera_updates=1 camera_uses_previous_player_position=0
retail_frame=5244 control_updates=1 movement_updates=1 damage_bank_impulse=0 camera_updates=1 camera_uses_previous_player_position=0
retail_frame=5248 control_updates=2 movement_updates=2 damage_bank_impulse=0 camera_updates=2 camera_uses_previous_player_position=0
retail_frame=5252 control_updates=1 movement_updates=1 damage_bank_impulse=0 camera_updates=1 camera_uses_previous_player_position=0
retail_frame=5256 control_updates=1 movement_updates=1 damage_bank_impulse=0 camera_updates=1 camera_uses_previous_player_position=0
retail_frame=5260 control_updates=1 movement_updates=1 damage_bank_impulse=0 camera_updates=1 camera_uses_previous_player_position=0
retail_frame=5264 control_updates=1 movement_updates=1 damage_bank_impulse=0 camera_updates=1 camera_uses_previous_player_position=0
retail_frame=5268 control_updates=2 movement_updates=2 damage_bank_impulse=0 camera_updates=2 camera_uses_previous_player_position=0
retail_frame=5272 control_updates=1 movement_updates=1 damage_bank_impulse=0 camera_updates=1 camera_uses_previous_player_position=0
retail_frame=5276 control_updates=1 movement_updates=1 damage_bank_impulse=0 camera_updates=1 camera_uses_previous_player_position=0
retail_frame=5280 control_updates=1 movement_updates=1 damage_bank_impulse=0 camera_updates=1 camera_uses_previous_player_position=0
retail_frame=5284 control_updates=2 movement_updates=2 damage_bank_impulse=0 camera_updates=2 camera_uses_previous_player_position=0
retail_frame=5288 control_updates=1 movement_updates=1 damage_bank_impulse=0 camera_updates=1 camera_uses_previous_player_position=0
retail_frame=5292 control_updates=1 movement_updates=1 damage_bank_impulse=0 camera_updates=1 camera_uses_previous_player_position=0
retail_frame=5296 control_updates=1 movement_updates=1 damage_bank_impulse=0 camera_updates=1 camera_uses_previous_player_position=0
retail_frame=5300 control_updates=1 movement_updates=1 damage_bank_impulse=0 camera_updates=1 camera_uses_previous_player_position=0
retail_frame=5304 control_updates=2 movement_updates=2 damage_bank_impulse=0 camera_updates=1 camera_uses_previous_player_position=1
retail_frame=5308 control_updates=1 movement_updates=1 damage_bank_impulse=0 camera_updates=2 camera_uses_previous_player_position=0
retail_frame=5312 control_updates=1 movement_updates=1 damage_bank_impulse=0 camera_updates=1 camera_uses_previous_player_position=0
retail_frame=5316 control_updates=1 movement_updates=1 damage_bank_impulse=0 camera_updates=1 camera_uses_previous_player_position=0
retail_frame=5320 control_updates=2 movement_updates=2 damage_bank_impulse=0 camera_updates=2 camera_uses_previous_player_position=0
retail_frame=5324 control_updates=1 movement_updates=1 damage_bank_impulse=0 camera_updates=1 camera_uses_previous_player_position=0
retail_frame=5328 control_updates=1 movement_updates=1 damage_bank_impulse=0 camera_updates=1 camera_uses_previous_player_position=0
retail_frame=5332 control_updates=2 movement_updates=2 damage_bank_impulse=0 camera_updates=2 camera_uses_previous_player_position=0
retail_frame=5336 control_updates=1 movement_updates=1 damage_bank_impulse=0 camera_updates=1 camera_uses_previous_player_position=0
retail_frame=5340 control_updates=1 movement_updates=1 damage_bank_impulse=0 camera_updates=1 camera_uses_previous_player_position=0
retail_frame=5344 control_updates=2 movement_updates=1 damage_bank_impulse=0 camera_updates=1 camera_uses_previous_player_position=0
retail_frame=5348 control_updates=1 movement_updates=2 damage_bank_impulse=0 camera_updates=2 camera_uses_previous_player_position=0
retail_frame=5352 control_updates=1 movement_updates=1 damage_bank_impulse=0 camera_updates=1 camera_uses_previous_player_position=0
retail_frame=5356 control_updates=1 movement_updates=1 damage_bank_impulse=0 camera_updates=1 camera_uses_previous_player_position=0
retail_frame=5360 control_updates=2 movement_updates=2 damage_bank_impulse=0 camera_updates=2 camera_uses_previous_player_position=0
retail_frame=5364 control_updates=1 movement_updates=1 damage_bank_impulse=0 camera_updates=1 camera_uses_previous_player_position=0
retail_frame=5368 control_updates=2 movement_updates=2 damage_bank_impulse=0 camera_updates=1 camera_uses_previous_player_position=1
retail_frame=5372 control_updates=1 movement_updates=1 damage_bank_impulse=0 camera_updates=2 camera_uses_previous_player_position=0
retail_frame=5376 control_updates=1 movement_updates=1 damage_bank_impulse=0 camera_updates=1 camera_uses_previous_player_position=0
retail_frame=5380 control_updates=2 movement_updates=2 damage_bank_impulse=0 camera_updates=2 camera_uses_previous_player_position=0
retail_frame=5384 control_updates=1 movement_updates=1 damage_bank_impulse=0 camera_updates=1 camera_uses_previous_player_position=0
retail_frame=5388 control_updates=1 movement_updates=1 damage_bank_impulse=0 camera_updates=1 camera_uses_previous_player_position=0
retail_frame=5392 control_updates=2 movement_updates=2 damage_bank_impulse=0 camera_updates=2 camera_uses_previous_player_position=0
retail_frame=5396 control_updates=1 movement_updates=1 damage_bank_impulse=0 camera_updates=1 camera_uses_previous_player_position=0
retail_frame=5400 control_updates=1 movement_updates=1 damage_bank_impulse=0 camera_updates=1 camera_uses_previous_player_position=0
retail_frame=5404 control_updates=2 movement_updates=2 damage_bank_impulse=0 camera_updates=2 camera_uses_previous_player_position=0
retail_frame=5408 control_updates=1 movement_updates=1 damage_bank_impulse=0 camera_updates=1 camera_uses_previous_player_position=0
retail_frame=5412 control_updates=1 movement_updates=1 damage_bank_impulse=0 camera_updates=1 camera_uses_previous_player_position=0
retail_frame=5416 control_updates=2 movement_updates=2 damage_bank_impulse=0 camera_updates=2 camera_uses_previous_player_position=0
retail_frame=5420 control_updates=1 movement_updates=1 damage_bank_impulse=0 camera_updates=1 camera_uses_previous_player_position=0
retail_frame=5424 control_updates=1 movement_updates=1 damage_bank_impulse=0 camera_updates=1 camera_uses_previous_player_position=0
retail_frame=5428 control_updates=2 movement_updates=2 damage_bank_impulse=0 camera_updates=2 camera_uses_previous_player_position=0
retail_frame=5432 control_updates=1 movement_updates=1 damage_bank_impulse=0 camera_updates=1 camera_uses_previous_player_position=0
retail_frame=5436 control_updates=1 movement_updates=1 damage_bank_impulse=0 camera_updates=1 camera_uses_previous_player_position=0
retail_frame=5440 control_updates=2 movement_updates=2 damage_bank_impulse=0 camera_updates=2 camera_uses_previous_player_position=0
retail_frame=5444 control_updates=1 movement_updates=1 damage_bank_impulse=0 camera_updates=1 camera_uses_previous_player_position=0
retail_frame=5448 control_updates=1 movement_updates=1 damage_bank_impulse=0 camera_updates=1 camera_uses_previous_player_position=0
retail_frame=5452 control_updates=2 movement_updates=2 damage_bank_impulse=0 camera_updates=2 camera_uses_previous_player_position=0
retail_frame=5456 control_updates=1 movement_updates=1 damage_bank_impulse=0 camera_updates=1 camera_uses_previous_player_position=0
retail_frame=5460 control_updates=1 movement_updates=1 damage_bank_impulse=0 camera_updates=1 camera_uses_previous_player_position=0
retail_frame=5464 control_updates=2 movement_updates=2 damage_bank_impulse=0 camera_updates=2 camera_uses_previous_player_position=0
retail_frame=5468 control_updates=1 movement_updates=1 damage_bank_impulse=0 camera_updates=1 camera_uses_previous_player_position=0
retail_frame=5472 control_updates=1 movement_updates=1 damage_bank_impulse=0 camera_updates=1 camera_uses_previous_player_position=0
retail_frame=5476 control_updates=2 movement_updates=2 damage_bank_impulse=0 camera_updates=2 camera_uses_previous_player_position=0
retail_frame=5480 control_updates=1 movement_updates=1 damage_bank_impulse=0 camera_updates=1 camera_uses_previous_player_position=0
retail_frame=5484 control_updates=1 movement_updates=1 damage_bank_impulse=0 camera_updates=1 camera_uses_previous_player_position=0
retail_frame=5488 control_updates=2 movement_updates=2 damage_bank_impulse=0 camera_updates=2 camera_uses_previous_player_position=0
retail_frame=5492 control_updates=1 movement_updates=1 damage_bank_impulse=0 camera_updates=1 camera_uses_previous_player_position=0
retail_frame=5496 control_updates=1 movement_updates=1 damage_bank_impulse=0 camera_updates=1 camera_uses_previous_player_position=0
retail_frame=5500 control_updates=2 movement_updates=2 damage_bank_impulse=0 camera_updates=2 camera_uses_previous_player_position=0
retail_frame=5504 control_updates=1 movement_updates=1 damage_bank_impulse=0 camera_updates=1 camera_uses_previous_player_position=0
retail_frame=5508 control_updates=1 movement_updates=1 damage_bank_impulse=0 camera_updates=1 camera_uses_previous_player_position=0
retail_frame=5512 control_updates=2 movement_updates=2 damage_bank_impulse=0 camera_updates=2 camera_uses_previous_player_position=0
retail_frame=5516 control_updates=1 movement_updates=1 damage_bank_impulse=0 camera_updates=1 camera_uses_previous_player_position=0
retail_frame=5520 control_updates=1 movement_updates=1 damage_bank_impulse=0 camera_updates=1 camera_uses_previous_player_position=0
retail_frame=5524 control_updates=2 movement_updates=2 damage_bank_impulse=0 camera_updates=2 camera_uses_previous_player_position=0
retail_frame=5528 control_updates=1 movement_updates=1 damage_bank_impulse=0 camera_updates=1 camera_uses_previous_player_position=0
retail_frame=5532 control_updates=1 movement_updates=1 damage_bank_impulse=0 camera_updates=1 camera_uses_previous_player_position=0
retail_frame=5536 control_updates=2 movement_updates=2 damage_bank_impulse=0 camera_updates=2 camera_uses_previous_player_position=0
retail_frame=5540 control_updates=1 movement_updates=1 damage_bank_impulse=0 camera_updates=1 camera_uses_previous_player_position=0
retail_frame=5544 control_updates=1 movement_updates=1 damage_bank_impulse=0 camera_updates=1 camera_uses_previous_player_position=0
retail_frame=5548 control_updates=2 movement_updates=2 damage_bank_impulse=0 camera_updates=2 camera_uses_previous_player_position=0
retail_frame=5552 control_updates=1 movement_updates=1 damage_bank_impulse=0 camera_updates=1 camera_uses_previous_player_position=0
retail_frame=5556 control_updates=1 movement_updates=1 damage_bank_impulse=0 camera_updates=1 camera_uses_previous_player_position=0
retail_frame=5560 control_updates=2 movement_updates=2 damage_bank_impulse=0 camera_updates=2 camera_uses_previous_player_position=0
retail_frame=5564 control_updates=1 movement_updates=1 damage_bank_impulse=0 camera_updates=1 camera_uses_previous_player_position=0
retail_frame=5568 control_updates=1 movement_updates=1 damage_bank_impulse=0 camera_updates=1 camera_uses_previous_player_position=0
retail_frame=5572 control_updates=2 movement_updates=2 damage_bank_impulse=0 camera_updates=2 camera_uses_previous_player_position=0
retail_frame=5576 control_updates=1 movement_updates=1 damage_bank_impulse=0 camera_updates=1 camera_uses_previous_player_position=0
retail_frame=5580 control_updates=1 movement_updates=1 damage_bank_impulse=0 camera_updates=1 camera_uses_previous_player_position=0
retail_frame=5584 control_updates=2 movement_updates=2 damage_bank_impulse=0 camera_updates=2 camera_uses_previous_player_position=0
retail_frame=5588 control_updates=1 movement_updates=1 damage_bank_impulse=0 camera_updates=1 camera_uses_previous_player_position=0
retail_frame=5592 control_updates=1 movement_updates=1 damage_bank_impulse=0 camera_updates=1 camera_uses_previous_player_position=0
retail_frame=5596 control_updates=2 movement_updates=2 damage_bank_impulse=0 camera_updates=2 camera_uses_previous_player_position=0
retail_frame=5600 control_updates=1 movement_updates=1 damage_bank_impulse=0 camera_updates=1 camera_uses_previous_player_position=0
retail_frame=5604 control_updates=1 movement_updates=1 damage_bank_impulse=0 camera_updates=1 camera_uses_previous_player_position=0
retail_frame=5608 control_updates=1 movement_updates=1 damage_bank_impulse=0 camera_updates=1 camera_uses_previous_player_position=0
retail_frame=5612 control_updates=1 movement_updates=1 damage_bank_impulse=0 camera_updates=1 camera_uses_previous_player_position=0
retail_frame=5616 control_updates=2 movement_updates=2 damage_bank_impulse=0 camera_updates=2 camera_uses_previous_player_position=0
retail_frame=5620 control_updates=1 movement_updates=1 damage_bank_impulse=0 camera_updates=1 camera_uses_previous_player_position=0
retail_frame=5624 control_updates=1 movement_updates=1 damage_bank_impulse=0 camera_updates=1 camera_uses_previous_player_position=0
retail_frame=5628 control_updates=1 movement_updates=1 damage_bank_impulse=0 camera_updates=1 camera_uses_previous_player_position=0
retail_frame=5632 control_updates=2 movement_updates=2 damage_bank_impulse=0 camera_updates=1 camera_uses_previous_player_position=1
retail_frame=5636 control_updates=1 movement_updates=1 damage_bank_impulse=0 camera_updates=2 camera_uses_previous_player_position=0
retail_frame=5640 control_updates=1 movement_updates=1 damage_bank_impulse=0 camera_updates=1 camera_uses_previous_player_position=0
retail_frame=5644 control_updates=1 movement_updates=1 damage_bank_impulse=0 camera_updates=1 camera_uses_previous_player_position=0
retail_frame=5648 control_updates=2 movement_updates=2 damage_bank_impulse=0 camera_updates=2 camera_uses_previous_player_position=0
retail_frame=5652 control_updates=1 movement_updates=1 damage_bank_impulse=0 camera_updates=1 camera_uses_previous_player_position=0
retail_frame=5656 control_updates=1 movement_updates=1 damage_bank_impulse=0 camera_updates=1 camera_uses_previous_player_position=0
retail_frame=5660 control_updates=1 movement_updates=1 damage_bank_impulse=0 camera_updates=1 camera_uses_previous_player_position=0
retail_frame=5664 control_updates=1 movement_updates=1 damage_bank_impulse=0 camera_updates=1 camera_uses_previous_player_position=0
retail_frame=5668 control_updates=1 movement_updates=1 damage_bank_impulse=0 camera_updates=1 camera_uses_previous_player_position=0
retail_frame=5672 control_updates=1 movement_updates=1 damage_bank_impulse=0 camera_updates=1 camera_uses_previous_player_position=0
retail_frame=5676 control_updates=2 movement_updates=2 damage_bank_impulse=0 camera_updates=1 camera_uses_previous_player_position=1
retail_frame=5680 control_updates=1 movement_updates=1 damage_bank_impulse=0 camera_updates=2 camera_uses_previous_player_position=0
retail_frame=5684 control_updates=1 movement_updates=1 damage_bank_impulse=0 camera_updates=1 camera_uses_previous_player_position=0
retail_frame=5688 control_updates=1 movement_updates=1 damage_bank_impulse=0 camera_updates=1 camera_uses_previous_player_position=0
retail_frame=5692 control_updates=1 movement_updates=1 damage_bank_impulse=0 camera_updates=1 camera_uses_previous_player_position=0
retail_frame=5696 control_updates=1 movement_updates=1 damage_bank_impulse=0 camera_updates=1 camera_uses_previous_player_position=0
retail_frame=5700 control_updates=1 movement_updates=1 damage_bank_impulse=0 camera_updates=1 camera_uses_previous_player_position=0
retail_frame=5704 control_updates=1 movement_updates=1 damage_bank_impulse=0 camera_updates=1 camera_uses_previous_player_position=0
retail_frame=5708 control_updates=2 movement_updates=2 damage_bank_impulse=0 camera_updates=2 camera_uses_previous_player_position=0
retail_frame=5712 control_updates=1 movement_updates=1 damage_bank_impulse=0 camera_updates=1 camera_uses_previous_player_position=0
retail_frame=5716 control_updates=1 movement_updates=1 damage_bank_impulse=0 camera_updates=1 camera_uses_previous_player_position=0
retail_frame=5720 control_updates=1 movement_updates=1 damage_bank_impulse=0 camera_updates=1 camera_uses_previous_player_position=0
retail_frame=5724 control_updates=2 movement_updates=2 damage_bank_impulse=0 camera_updates=1 camera_uses_previous_player_position=1
retail_frame=5728 control_updates=1 movement_updates=1 damage_bank_impulse=0 camera_updates=2 camera_uses_previous_player_position=0
retail_frame=5732 control_updates=1 movement_updates=1 damage_bank_impulse=0 camera_updates=1 camera_uses_previous_player_position=0
retail_frame=5736 control_updates=1 movement_updates=1 damage_bank_impulse=0 camera_updates=1 camera_uses_previous_player_position=0
retail_frame=5740 control_updates=1 movement_updates=1 damage_bank_impulse=0 camera_updates=1 camera_uses_previous_player_position=0
retail_frame=5744 control_updates=1 movement_updates=1 damage_bank_impulse=0 camera_updates=1 camera_uses_previous_player_position=0
retail_frame=5748 control_updates=2 movement_updates=2 damage_bank_impulse=0 camera_updates=2 camera_uses_previous_player_position=0
retail_frame=5752 control_updates=1 movement_updates=1 damage_bank_impulse=0 camera_updates=1 camera_uses_previous_player_position=0
retail_frame=5756 control_updates=1 movement_updates=1 damage_bank_impulse=0 camera_updates=1 camera_uses_previous_player_position=0
retail_frame=5760 control_updates=2 movement_updates=2 damage_bank_impulse=0 camera_updates=1 camera_uses_previous_player_position=1
retail_frame=5764 control_updates=1 movement_updates=1 damage_bank_impulse=0 camera_updates=2 camera_uses_previous_player_position=0
retail_frame=5768 control_updates=1 movement_updates=1 damage_bank_impulse=0 camera_updates=1 camera_uses_previous_player_position=0
retail_frame=5772 control_updates=1 movement_updates=1 damage_bank_impulse=0 camera_updates=1 camera_uses_previous_player_position=0
retail_frame=5776 control_updates=2 movement_updates=2 damage_bank_impulse=0 camera_updates=2 camera_uses_previous_player_position=0
retail_frame=5780 control_updates=1 movement_updates=1 damage_bank_impulse=0 camera_updates=1 camera_uses_previous_player_position=0
retail_frame=5784 control_updates=1 movement_updates=1 damage_bank_impulse=0 camera_updates=1 camera_uses_previous_player_position=0
retail_frame=5788 control_updates=2 movement_updates=2 damage_bank_impulse=0 camera_updates=2 camera_uses_previous_player_position=0
retail_frame=5792 control_updates=1 movement_updates=1 damage_bank_impulse=0 camera_updates=1 camera_uses_previous_player_position=0
retail_frame=5796 control_updates=1 movement_updates=1 damage_bank_impulse=0 camera_updates=1 camera_uses_previous_player_position=0
retail_frame=5800 control_updates=2 movement_updates=2 damage_bank_impulse=0 camera_updates=2 camera_uses_previous_player_position=0
retail_frame=5804 control_updates=1 movement_updates=1 damage_bank_impulse=0 camera_updates=1 camera_uses_previous_player_position=0
retail_frame=5808 control_updates=1 movement_updates=1 damage_bank_impulse=0 camera_updates=1 camera_uses_previous_player_position=0
retail_frame=5812 control_updates=2 movement_updates=2 damage_bank_impulse=0 camera_updates=2 camera_uses_previous_player_position=0
retail_frame=5816 control_updates=1 movement_updates=1 damage_bank_impulse=0 camera_updates=1 camera_uses_previous_player_position=0
retail_frame=5820 control_updates=1 movement_updates=1 damage_bank_impulse=0 camera_updates=1 camera_uses_previous_player_position=0
retail_frame=5824 control_updates=2 movement_updates=2 damage_bank_impulse=0 camera_updates=2 camera_uses_previous_player_position=0
retail_frame=5828 control_updates=1 movement_updates=1 damage_bank_impulse=0 camera_updates=1 camera_uses_previous_player_position=0
retail_frame=5832 control_updates=1 movement_updates=1 damage_bank_impulse=0 camera_updates=1 camera_uses_previous_player_position=0
retail_frame=5836 control_updates=2 movement_updates=2 damage_bank_impulse=0 camera_updates=2 camera_uses_previous_player_position=0
retail_frame=5840 control_updates=1 movement_updates=1 damage_bank_impulse=0 camera_updates=1 camera_uses_previous_player_position=0
retail_frame=5844 control_updates=1 movement_updates=1 damage_bank_impulse=0 camera_updates=1 camera_uses_previous_player_position=0
retail_frame=5848 control_updates=2 movement_updates=2 damage_bank_impulse=0 camera_updates=2 camera_uses_previous_player_position=0
retail_frame=5852 control_updates=1 movement_updates=1 damage_bank_impulse=0 camera_updates=1 camera_uses_previous_player_position=0
retail_frame=5856 control_updates=1 movement_updates=1 damage_bank_impulse=0 camera_updates=1 camera_uses_previous_player_position=0
retail_frame=5860 control_updates=2 movement_updates=2 damage_bank_impulse=0 camera_updates=2 camera_uses_previous_player_position=0
retail_frame=5864 control_updates=1 movement_updates=1 damage_bank_impulse=0 camera_updates=1 camera_uses_previous_player_position=0
retail_frame=5868 control_updates=1 movement_updates=1 damage_bank_impulse=0 camera_updates=1 camera_uses_previous_player_position=0
retail_frame=5872 control_updates=2 movement_updates=2 damage_bank_impulse=0 camera_updates=2 camera_uses_previous_player_position=0
retail_frame=5876 control_updates=1 movement_updates=1 damage_bank_impulse=0 camera_updates=1 camera_uses_previous_player_position=0
retail_frame=5880 control_updates=1 movement_updates=1 damage_bank_impulse=0 camera_updates=1 camera_uses_previous_player_position=0
retail_frame=5884 control_updates=2 movement_updates=2 damage_bank_impulse=0 camera_updates=2 camera_uses_previous_player_position=0
retail_frame=5888 control_updates=1 movement_updates=1 damage_bank_impulse=0 camera_updates=1 camera_uses_previous_player_position=0
retail_frame=5892 control_updates=1 movement_updates=1 damage_bank_impulse=0 camera_updates=1 camera_uses_previous_player_position=0
retail_frame=5896 control_updates=2 movement_updates=2 damage_bank_impulse=0 camera_updates=2 camera_uses_previous_player_position=0
retail_frame=5900 control_updates=1 movement_updates=1 damage_bank_impulse=0 camera_updates=1 camera_uses_previous_player_position=0
retail_frame=5904 control_updates=1 movement_updates=1 damage_bank_impulse=0 camera_updates=1 camera_uses_previous_player_position=0
retail_frame=5908 control_updates=2 movement_updates=2 damage_bank_impulse=0 camera_updates=2 camera_uses_previous_player_position=0
retail_frame=5912 control_updates=1 movement_updates=1 damage_bank_impulse=0 camera_updates=1 camera_uses_previous_player_position=0
retail_frame=5916 control_updates=1 movement_updates=1 damage_bank_impulse=0 camera_updates=1 camera_uses_previous_player_position=0
retail_frame=5920 control_updates=2 movement_updates=2 damage_bank_impulse=0 camera_updates=2 camera_uses_previous_player_position=0
retail_frame=5924 control_updates=1 movement_updates=1 damage_bank_impulse=0 camera_updates=1 camera_uses_previous_player_position=0
retail_frame=5928 control_updates=1 movement_updates=1 damage_bank_impulse=0 camera_updates=1 camera_uses_previous_player_position=0
retail_frame=5932 control_updates=2 movement_updates=2 damage_bank_impulse=0 camera_updates=2 camera_uses_previous_player_position=0
retail_frame=5936 control_updates=1 movement_updates=1 damage_bank_impulse=0 camera_updates=1 camera_uses_previous_player_position=0
retail_frame=5940 control_updates=1 movement_updates=1 damage_bank_impulse=0 camera_updates=1 camera_uses_previous_player_position=0
retail_frame=5944 control_updates=2 movement_updates=2 damage_bank_impulse=0 camera_updates=2 camera_uses_previous_player_position=0
retail_frame=5948 control_updates=1 movement_updates=1 damage_bank_impulse=0 camera_updates=1 camera_uses_previous_player_position=0
retail_frame=5952 control_updates=1 movement_updates=1 damage_bank_impulse=0 camera_updates=1 camera_uses_previous_player_position=0
retail_frame=5956 control_updates=2 movement_updates=1 damage_bank_impulse=0 camera_updates=1 camera_uses_previous_player_position=0
retail_frame=5960 control_updates=1 movement_updates=2 damage_bank_impulse=0 camera_updates=2 camera_uses_previous_player_position=0
retail_frame=5964 control_updates=1 movement_updates=1 damage_bank_impulse=0 camera_updates=1 camera_uses_previous_player_position=0
retail_frame=5968 control_updates=1 movement_updates=1 damage_bank_impulse=0 camera_updates=1 camera_uses_previous_player_position=0
retail_frame=5972 control_updates=2 movement_updates=2 damage_bank_impulse=0 camera_updates=2 camera_uses_previous_player_position=0
retail_frame=5976 control_updates=1 movement_updates=1 damage_bank_impulse=0 camera_updates=1 camera_uses_previous_player_position=0
retail_frame=5980 control_updates=1 movement_updates=1 damage_bank_impulse=0 camera_updates=1 camera_uses_previous_player_position=0
retail_frame=5984 control_updates=1 movement_updates=1 damage_bank_impulse=0 camera_updates=1 camera_uses_previous_player_position=0
retail_frame=5988 control_updates=2 movement_updates=2 damage_bank_impulse=0 camera_updates=2 camera_uses_previous_player_position=0
retail_frame=5992 control_updates=1 movement_updates=1 damage_bank_impulse=0 camera_updates=1 camera_uses_previous_player_position=0
retail_frame=5996 control_updates=1 movement_updates=1 damage_bank_impulse=0 camera_updates=1 camera_uses_previous_player_position=0
retail_frame=6000 control_updates=2 movement_updates=2 damage_bank_impulse=0 camera_updates=2 camera_uses_previous_player_position=0
retail_frame=6004 control_updates=1 movement_updates=1 damage_bank_impulse=0 camera_updates=1 camera_uses_previous_player_position=0
retail_frame=6008 control_updates=1 movement_updates=1 damage_bank_impulse=0 camera_updates=1 camera_uses_previous_player_position=0
retail_frame=6012 control_updates=2 movement_updates=2 damage_bank_impulse=0 camera_updates=1 camera_uses_previous_player_position=1
retail_frame=6016 control_updates=1 movement_updates=1 damage_bank_impulse=0 camera_updates=2 camera_uses_previous_player_position=0
retail_frame=6020 control_updates=1 movement_updates=1 damage_bank_impulse=0 camera_updates=1 camera_uses_previous_player_position=0
retail_frame=6024 control_updates=1 movement_updates=1 damage_bank_impulse=0 camera_updates=1 camera_uses_previous_player_position=0
retail_frame=6028 control_updates=2 movement_updates=2 damage_bank_impulse=0 camera_updates=2 camera_uses_previous_player_position=0
retail_frame=6032 control_updates=1 movement_updates=1 damage_bank_impulse=0 camera_updates=1 camera_uses_previous_player_position=0
retail_frame=6036 control_updates=1 movement_updates=1 damage_bank_impulse=0 camera_updates=1 camera_uses_previous_player_position=0
retail_frame=6040 control_updates=2 movement_updates=2 damage_bank_impulse=0 camera_updates=2 camera_uses_previous_player_position=0
retail_frame=6044 control_updates=1 movement_updates=1 damage_bank_impulse=0 camera_updates=1 camera_uses_previous_player_position=0
retail_frame=6048 control_updates=1 movement_updates=1 damage_bank_impulse=0 camera_updates=1 camera_uses_previous_player_position=0
retail_frame=6052 control_updates=2 movement_updates=2 damage_bank_impulse=0 camera_updates=2 camera_uses_previous_player_position=0
retail_frame=6056 control_updates=1 movement_updates=1 damage_bank_impulse=0 camera_updates=1 camera_uses_previous_player_position=0
retail_frame=6060 control_updates=1 movement_updates=1 damage_bank_impulse=0 camera_updates=1 camera_uses_previous_player_position=0
retail_frame=6064 control_updates=2 movement_updates=2 damage_bank_impulse=0 camera_updates=2 camera_uses_previous_player_position=0
retail_frame=6068 control_updates=1 movement_updates=1 damage_bank_impulse=0 camera_updates=1 camera_uses_previous_player_position=0
retail_frame=6072 control_updates=1 movement_updates=1 damage_bank_impulse=0 camera_updates=1 camera_uses_previous_player_position=0
retail_frame=6076 control_updates=1 movement_updates=1 damage_bank_impulse=0 camera_updates=1 camera_uses_previous_player_position=0
retail_frame=6080 control_updates=1 movement_updates=1 damage_bank_impulse=0 camera_updates=1 camera_uses_previous_player_position=0
retail_frame=6084 control_updates=1 movement_updates=1 damage_bank_impulse=0 camera_updates=1 camera_uses_previous_player_position=0
retail_frame=6088 control_updates=2 movement_updates=2 damage_bank_impulse=0 camera_updates=2 camera_uses_previous_player_position=0
retail_frame=6092 control_updates=1 movement_updates=1 damage_bank_impulse=0 camera_updates=1 camera_uses_previous_player_position=0
retail_frame=6096 control_updates=1 movement_updates=1 damage_bank_impulse=0 camera_updates=1 camera_uses_previous_player_position=0
retail_frame=6100 control_updates=1 movement_updates=1 damage_bank_impulse=0 camera_updates=1 camera_uses_previous_player_position=0
retail_frame=6104 control_updates=1 movement_updates=1 damage_bank_impulse=0 camera_updates=1 camera_uses_previous_player_position=0
retail_frame=6108 control_updates=2 movement_updates=2 damage_bank_impulse=0 camera_updates=2 camera_uses_previous_player_position=0
retail_frame=6112 control_updates=1 movement_updates=1 damage_bank_impulse=0 camera_updates=1 camera_uses_previous_player_position=0
retail_frame=6116 control_updates=1 movement_updates=1 damage_bank_impulse=0 camera_updates=1 camera_uses_previous_player_position=0
retail_frame=6120 control_updates=1 movement_updates=1 damage_bank_impulse=0 camera_updates=1 camera_uses_previous_player_position=0
retail_frame=6124 control_updates=1 movement_updates=1 damage_bank_impulse=0 camera_updates=1 camera_uses_previous_player_position=0
retail_frame=6128 control_updates=2 movement_updates=2 damage_bank_impulse=0 camera_updates=2 camera_uses_previous_player_position=0
retail_frame=6132 control_updates=1 movement_updates=1 damage_bank_impulse=0 camera_updates=1 camera_uses_previous_player_position=0
retail_frame=6136 control_updates=1 movement_updates=1 damage_bank_impulse=0 camera_updates=1 camera_uses_previous_player_position=0
retail_frame=6140 control_updates=2 movement_updates=2 damage_bank_impulse=0 camera_updates=2 camera_uses_previous_player_position=0
retail_frame=6144 control_updates=1 movement_updates=1 damage_bank_impulse=0 camera_updates=1 camera_uses_previous_player_position=0
retail_frame=6148 control_updates=1 movement_updates=1 damage_bank_impulse=0 camera_updates=1 camera_uses_previous_player_position=0
retail_frame=6152 control_updates=2 movement_updates=2 damage_bank_impulse=0 camera_updates=1 camera_uses_previous_player_position=1
retail_frame=6156 control_updates=1 movement_updates=1 damage_bank_impulse=0 camera_updates=2 camera_uses_previous_player_position=0
retail_frame=6160 control_updates=1 movement_updates=1 damage_bank_impulse=0 camera_updates=1 camera_uses_previous_player_position=0
retail_frame=6164 control_updates=2 movement_updates=1 damage_bank_impulse=0 camera_updates=1 camera_uses_previous_player_position=0
retail_frame=6168 control_updates=1 movement_updates=2 damage_bank_impulse=0 camera_updates=2 camera_uses_previous_player_position=0
retail_frame=6172 control_updates=1 movement_updates=1 damage_bank_impulse=0 camera_updates=1 camera_uses_previous_player_position=0
retail_frame=6176 control_updates=2 movement_updates=2 damage_bank_impulse=0 camera_updates=2 camera_uses_previous_player_position=0
retail_frame=6180 control_updates=1 movement_updates=1 damage_bank_impulse=0 camera_updates=1 camera_uses_previous_player_position=0
retail_frame=6184 control_updates=1 movement_updates=1 damage_bank_impulse=0 camera_updates=1 camera_uses_previous_player_position=0
retail_frame=6188 control_updates=2 movement_updates=2 damage_bank_impulse=0 camera_updates=1 camera_uses_previous_player_position=1
retail_frame=6192 control_updates=1 movement_updates=1 damage_bank_impulse=0 camera_updates=2 camera_uses_previous_player_position=0
retail_frame=6196 control_updates=1 movement_updates=1 damage_bank_impulse=0 camera_updates=1 camera_uses_previous_player_position=0
retail_frame=6200 control_updates=1 movement_updates=1 damage_bank_impulse=0 camera_updates=1 camera_uses_previous_player_position=0
retail_frame=6204 control_updates=1 movement_updates=1 damage_bank_impulse=0 camera_updates=1 camera_uses_previous_player_position=0
retail_frame=6208 control_updates=2 movement_updates=2 damage_bank_impulse=0 camera_updates=2 camera_uses_previous_player_position=0
retail_frame=6212 control_updates=1 movement_updates=1 damage_bank_impulse=0 camera_updates=1 camera_uses_previous_player_position=0
retail_frame=6216 control_updates=1 movement_updates=1 damage_bank_impulse=0 camera_updates=1 camera_uses_previous_player_position=0
retail_frame=6220 control_updates=1 movement_updates=1 damage_bank_impulse=0 camera_updates=1 camera_uses_previous_player_position=0
retail_frame=6224 control_updates=1 movement_updates=1 damage_bank_impulse=0 camera_updates=1 camera_uses_previous_player_position=0
retail_frame=6228 control_updates=2 movement_updates=2 damage_bank_impulse=0 camera_updates=2 camera_uses_previous_player_position=0
retail_frame=6232 control_updates=1 movement_updates=1 damage_bank_impulse=0 camera_updates=1 camera_uses_previous_player_position=0
retail_frame=6236 control_updates=1 movement_updates=1 damage_bank_impulse=0 camera_updates=1 camera_uses_previous_player_position=0
retail_frame=6240 control_updates=1 movement_updates=1 damage_bank_impulse=0 camera_updates=1 camera_uses_previous_player_position=0
retail_frame=6244 control_updates=1 movement_updates=1 damage_bank_impulse=0 camera_updates=1 camera_uses_previous_player_position=0
retail_frame=6248 control_updates=2 movement_updates=2 damage_bank_impulse=0 camera_updates=2 camera_uses_previous_player_position=0
retail_frame=6252 control_updates=1 movement_updates=1 damage_bank_impulse=0 camera_updates=1 camera_uses_previous_player_position=0
retail_frame=6256 control_updates=1 movement_updates=1 damage_bank_impulse=0 camera_updates=1 camera_uses_previous_player_position=0
retail_frame=6260 control_updates=1 movement_updates=1 damage_bank_impulse=0 camera_updates=1 camera_uses_previous_player_position=0
retail_frame=6264 control_updates=1 movement_updates=1 damage_bank_impulse=0 camera_updates=1 camera_uses_previous_player_position=0
retail_frame=6268 control_updates=2 movement_updates=2 damage_bank_impulse=0 camera_updates=2 camera_uses_previous_player_position=0
retail_frame=6272 control_updates=1 movement_updates=1 damage_bank_impulse=0 camera_updates=1 camera_uses_previous_player_position=0
retail_frame=6276 control_updates=1 movement_updates=1 damage_bank_impulse=0 camera_updates=1 camera_uses_previous_player_position=0
retail_frame=6280 control_updates=1 movement_updates=1 damage_bank_impulse=0 camera_updates=1 camera_uses_previous_player_position=0
retail_frame=6284 control_updates=1 movement_updates=1 damage_bank_impulse=0 camera_updates=1 camera_uses_previous_player_position=0
retail_frame=6288 control_updates=2 movement_updates=2 damage_bank_impulse=0 camera_updates=2 camera_uses_previous_player_position=0
retail_frame=6292 control_updates=1 movement_updates=1 damage_bank_impulse=0 camera_updates=1 camera_uses_previous_player_position=0
retail_frame=6296 control_updates=1 movement_updates=1 damage_bank_impulse=0 camera_updates=1 camera_uses_previous_player_position=0
retail_frame=6300 control_updates=1 movement_updates=1 damage_bank_impulse=0 camera_updates=1 camera_uses_previous_player_position=0
retail_frame=6304 control_updates=1 movement_updates=1 damage_bank_impulse=0 camera_updates=1 camera_uses_previous_player_position=0
retail_frame=6308 control_updates=2 movement_updates=2 damage_bank_impulse=0 camera_updates=2 camera_uses_previous_player_position=0
retail_frame=6312 control_updates=1 movement_updates=1 damage_bank_impulse=0 camera_updates=1 camera_uses_previous_player_position=0
retail_frame=6316 control_updates=1 movement_updates=1 damage_bank_impulse=0 camera_updates=1 camera_uses_previous_player_position=0
retail_frame=6320 control_updates=1 movement_updates=1 damage_bank_impulse=0 camera_updates=1 camera_uses_previous_player_position=0
retail_frame=6324 control_updates=1 movement_updates=1 damage_bank_impulse=0 camera_updates=1 camera_uses_previous_player_position=0
retail_frame=6328 control_updates=2 movement_updates=2 damage_bank_impulse=0 camera_updates=2 camera_uses_previous_player_position=0
retail_frame=6332 control_updates=1 movement_updates=1 damage_bank_impulse=0 camera_updates=1 camera_uses_previous_player_position=0
retail_frame=6336 control_updates=1 movement_updates=1 damage_bank_impulse=0 camera_updates=1 camera_uses_previous_player_position=0
retail_frame=6340 control_updates=1 movement_updates=1 damage_bank_impulse=0 camera_updates=1 camera_uses_previous_player_position=0
retail_frame=6344 control_updates=1 movement_updates=1 damage_bank_impulse=0 camera_updates=1 camera_uses_previous_player_position=0
retail_frame=6348 control_updates=2 movement_updates=2 damage_bank_impulse=0 camera_updates=2 camera_uses_previous_player_position=0
retail_frame=6352 control_updates=1 movement_updates=1 damage_bank_impulse=0 camera_updates=1 camera_uses_previous_player_position=0
retail_frame=6356 control_updates=1 movement_updates=1 damage_bank_impulse=0 camera_updates=1 camera_uses_previous_player_position=0
retail_frame=6360 control_updates=1 movement_updates=1 damage_bank_impulse=0 camera_updates=1 camera_uses_previous_player_position=0
retail_frame=6364 control_updates=2 movement_updates=2 damage_bank_impulse=0 camera_updates=2 camera_uses_previous_player_position=0
retail_frame=6368 control_updates=1 movement_updates=1 damage_bank_impulse=0 camera_updates=1 camera_uses_previous_player_position=0
retail_frame=6372 control_updates=1 movement_updates=1 damage_bank_impulse=0 camera_updates=1 camera_uses_previous_player_position=0
retail_frame=6376 control_updates=2 movement_updates=2 damage_bank_impulse=0 camera_updates=2 camera_uses_previous_player_position=0
retail_frame=6380 control_updates=1 movement_updates=1 damage_bank_impulse=0 camera_updates=1 camera_uses_previous_player_position=0
retail_frame=6384 control_updates=2 movement_updates=2 damage_bank_impulse=0 camera_updates=1 camera_uses_previous_player_position=1
retail_frame=6388 control_updates=1 movement_updates=1 damage_bank_impulse=0 camera_updates=2 camera_uses_previous_player_position=0
retail_frame=6392 control_updates=1 movement_updates=1 damage_bank_impulse=0 camera_updates=1 camera_uses_previous_player_position=0
retail_frame=6396 control_updates=2 movement_updates=2 damage_bank_impulse=0 camera_updates=2 camera_uses_previous_player_position=0
retail_frame=6400 control_updates=1 movement_updates=1 damage_bank_impulse=0 camera_updates=1 camera_uses_previous_player_position=0
retail_frame=6404 control_updates=1 movement_updates=1 damage_bank_impulse=0 camera_updates=1 camera_uses_previous_player_position=0
retail_frame=6408 control_updates=2 movement_updates=2 damage_bank_impulse=0 camera_updates=2 camera_uses_previous_player_position=0
retail_frame=6412 control_updates=1 movement_updates=1 damage_bank_impulse=0 camera_updates=1 camera_uses_previous_player_position=0
retail_frame=6416 control_updates=1 movement_updates=1 damage_bank_impulse=0 camera_updates=1 camera_uses_previous_player_position=0
retail_frame=6420 control_updates=2 movement_updates=2 damage_bank_impulse=0 camera_updates=2 camera_uses_previous_player_position=0
retail_frame=6424 control_updates=1 movement_updates=1 damage_bank_impulse=0 camera_updates=1 camera_uses_previous_player_position=0
retail_frame=6428 control_updates=1 movement_updates=1 damage_bank_impulse=0 camera_updates=1 camera_uses_previous_player_position=0
retail_frame=6432 control_updates=2 movement_updates=2 damage_bank_impulse=0 camera_updates=2 camera_uses_previous_player_position=0
retail_frame=6436 control_updates=1 movement_updates=1 damage_bank_impulse=0 camera_updates=1 camera_uses_previous_player_position=0
retail_frame=6440 control_updates=1 movement_updates=1 damage_bank_impulse=0 camera_updates=1 camera_uses_previous_player_position=0
retail_frame=6444 control_updates=2 movement_updates=2 damage_bank_impulse=0 camera_updates=2 camera_uses_previous_player_position=0
retail_frame=6448 control_updates=1 movement_updates=1 damage_bank_impulse=0 camera_updates=1 camera_uses_previous_player_position=0
retail_frame=6452 control_updates=1 movement_updates=1 damage_bank_impulse=0 camera_updates=1 camera_uses_previous_player_position=0
retail_frame=6456 control_updates=2 movement_updates=2 damage_bank_impulse=0 camera_updates=2 camera_uses_previous_player_position=0
retail_frame=6460 control_updates=1 movement_updates=1 damage_bank_impulse=0 camera_updates=1 camera_uses_previous_player_position=0
retail_frame=6464 control_updates=1 movement_updates=1 damage_bank_impulse=0 camera_updates=1 camera_uses_previous_player_position=0
retail_frame=6468 control_updates=2 movement_updates=2 damage_bank_impulse=0 camera_updates=2 camera_uses_previous_player_position=0
retail_frame=6472 control_updates=1 movement_updates=1 damage_bank_impulse=0 camera_updates=1 camera_uses_previous_player_position=0
retail_frame=6476 control_updates=1 movement_updates=1 damage_bank_impulse=0 camera_updates=1 camera_uses_previous_player_position=0
retail_frame=6480 control_updates=2 movement_updates=2 damage_bank_impulse=0 camera_updates=2 camera_uses_previous_player_position=0
retail_frame=6484 control_updates=1 movement_updates=1 damage_bank_impulse=0 camera_updates=1 camera_uses_previous_player_position=0
retail_frame=6488 control_updates=1 movement_updates=1 damage_bank_impulse=0 camera_updates=1 camera_uses_previous_player_position=0
retail_frame=6492 control_updates=1 movement_updates=1 damage_bank_impulse=0 camera_updates=1 camera_uses_previous_player_position=0
retail_frame=6496 control_updates=2 movement_updates=2 damage_bank_impulse=0 camera_updates=2 camera_uses_previous_player_position=0
retail_frame=6500 control_updates=1 movement_updates=1 damage_bank_impulse=0 camera_updates=1 camera_uses_previous_player_position=0
retail_frame=6504 control_updates=1 movement_updates=1 damage_bank_impulse=0 camera_updates=1 camera_uses_previous_player_position=0
retail_frame=6508 control_updates=1 movement_updates=1 damage_bank_impulse=0 camera_updates=1 camera_uses_previous_player_position=0
retail_frame=6512 control_updates=2 movement_updates=2 damage_bank_impulse=0 camera_updates=2 camera_uses_previous_player_position=0
retail_frame=6516 control_updates=1 movement_updates=1 damage_bank_impulse=0 camera_updates=1 camera_uses_previous_player_position=0
retail_frame=6520 control_updates=1 movement_updates=1 damage_bank_impulse=0 camera_updates=1 camera_uses_previous_player_position=0
retail_frame=6524 control_updates=2 movement_updates=2 damage_bank_impulse=0 camera_updates=2 camera_uses_previous_player_position=0
retail_frame=6528 control_updates=1 movement_updates=1 damage_bank_impulse=0 camera_updates=1 camera_uses_previous_player_position=0
retail_frame=6532 control_updates=1 movement_updates=1 damage_bank_impulse=0 camera_updates=1 camera_uses_previous_player_position=0
retail_frame=6536 control_updates=1 movement_updates=1 damage_bank_impulse=0 camera_updates=1 camera_uses_previous_player_position=0
retail_frame=6540 control_updates=1 movement_updates=1 damage_bank_impulse=0 camera_updates=1 camera_uses_previous_player_position=0
retail_frame=6544 control_updates=1 movement_updates=1 damage_bank_impulse=0 camera_updates=1 camera_uses_previous_player_position=0
retail_frame=6548 control_updates=2 movement_updates=2 damage_bank_impulse=0 camera_updates=2 camera_uses_previous_player_position=0
retail_frame=6552 control_updates=1 movement_updates=1 damage_bank_impulse=0 camera_updates=1 camera_uses_previous_player_position=0
retail_frame=6556 control_updates=1 movement_updates=1 damage_bank_impulse=0 camera_updates=1 camera_uses_previous_player_position=0
retail_frame=6560 control_updates=1 movement_updates=1 damage_bank_impulse=0 camera_updates=1 camera_uses_previous_player_position=0
retail_frame=6564 control_updates=1 movement_updates=1 damage_bank_impulse=0 camera_updates=1 camera_uses_previous_player_position=0
retail_frame=6568 control_updates=1 movement_updates=1 damage_bank_impulse=0 camera_updates=1 camera_uses_previous_player_position=0
retail_frame=6572 control_updates=1 movement_updates=1 damage_bank_impulse=0 camera_updates=1 camera_uses_previous_player_position=0
retail_frame=6576 control_updates=2 movement_updates=2 damage_bank_impulse=0 camera_updates=2 camera_uses_previous_player_position=0
retail_frame=6580 control_updates=1 movement_updates=1 damage_bank_impulse=0 camera_updates=1 camera_uses_previous_player_position=0
retail_frame=6584 control_updates=1 movement_updates=1 damage_bank_impulse=0 camera_updates=1 camera_uses_previous_player_position=0
retail_frame=6588 control_updates=1 movement_updates=1 damage_bank_impulse=0 camera_updates=1 camera_uses_previous_player_position=0
retail_frame=6592 control_updates=1 movement_updates=1 damage_bank_impulse=0 camera_updates=1 camera_uses_previous_player_position=0
retail_frame=6596 control_updates=1 movement_updates=1 damage_bank_impulse=0 camera_updates=1 camera_uses_previous_player_position=0
retail_frame=6600 control_updates=1 movement_updates=1 damage_bank_impulse=0 camera_updates=1 camera_uses_previous_player_position=0
retail_frame=6604 control_updates=1 movement_updates=1 damage_bank_impulse=0 camera_updates=1 camera_uses_previous_player_position=0
retail_frame=6608 control_updates=1 movement_updates=1 damage_bank_impulse=0 camera_updates=1 camera_uses_previous_player_position=0
retail_frame=6612 control_updates=1 movement_updates=1 damage_bank_impulse=0 camera_updates=1 camera_uses_previous_player_position=0
retail_frame=6616 control_updates=1 movement_updates=1 damage_bank_impulse=0 camera_updates=1 camera_uses_previous_player_position=0
retail_frame=6620 control_updates=1 movement_updates=1 damage_bank_impulse=0 camera_updates=1 camera_uses_previous_player_position=0
retail_frame=6624 control_updates=1 movement_updates=1 damage_bank_impulse=0 camera_updates=1 camera_uses_previous_player_position=0
retail_frame=6628 control_updates=2 movement_updates=2 damage_bank_impulse=0 camera_updates=1 camera_uses_previous_player_position=1
retail_frame=6632 control_updates=1 movement_updates=1 damage_bank_impulse=0 camera_updates=2 camera_uses_previous_player_position=0
retail_frame=6636 control_updates=1 movement_updates=1 damage_bank_impulse=0 camera_updates=1 camera_uses_previous_player_position=0
retail_frame=6640 control_updates=1 movement_updates=1 damage_bank_impulse=0 camera_updates=1 camera_uses_previous_player_position=0
retail_frame=6644 control_updates=1 movement_updates=1 damage_bank_impulse=0 camera_updates=1 camera_uses_previous_player_position=0
retail_frame=6648 control_updates=1 movement_updates=1 damage_bank_impulse=0 camera_updates=1 camera_uses_previous_player_position=0
retail_frame=6652 control_updates=1 movement_updates=1 damage_bank_impulse=0 camera_updates=1 camera_uses_previous_player_position=0
retail_frame=6656 control_updates=1 movement_updates=1 damage_bank_impulse=0 camera_updates=1 camera_uses_previous_player_position=0
retail_frame=6660 control_updates=1 movement_updates=1 damage_bank_impulse=30 camera_updates=1 camera_uses_previous_player_position=0
retail_frame=6664 control_updates=2 movement_updates=2 damage_bank_impulse=0 camera_updates=2 camera_uses_previous_player_position=0
retail_frame=6668 control_updates=1 movement_updates=1 damage_bank_impulse=0 camera_updates=1 camera_uses_previous_player_position=0
retail_frame=6672 control_updates=1 movement_updates=1 damage_bank_impulse=0 camera_updates=1 camera_uses_previous_player_position=0
retail_frame=6676 control_updates=1 movement_updates=1 damage_bank_impulse=0 camera_updates=1 camera_uses_previous_player_position=0
retail_frame=6680 control_updates=2 movement_updates=2 damage_bank_impulse=0 camera_updates=2 camera_uses_previous_player_position=0
retail_frame=6684 control_updates=1 movement_updates=1 damage_bank_impulse=0 camera_updates=1 camera_uses_previous_player_position=0
retail_frame=6688 control_updates=1 movement_updates=1 damage_bank_impulse=0 camera_updates=1 camera_uses_previous_player_position=0
retail_frame=6692 control_updates=1 movement_updates=1 damage_bank_impulse=0 camera_updates=1 camera_uses_previous_player_position=0
retail_frame=6696 control_updates=1 movement_updates=1 damage_bank_impulse=0 camera_updates=1 camera_uses_previous_player_position=0
retail_frame=6700 control_updates=2 movement_updates=2 damage_bank_impulse=0 camera_updates=2 camera_uses_previous_player_position=0
retail_frame=6704 control_updates=1 movement_updates=1 damage_bank_impulse=0 camera_updates=1 camera_uses_previous_player_position=0
retail_frame=6708 control_updates=1 movement_updates=1 damage_bank_impulse=0 camera_updates=1 camera_uses_previous_player_position=0
retail_frame=6712 control_updates=1 movement_updates=1 damage_bank_impulse=0 camera_updates=1 camera_uses_previous_player_position=0
retail_frame=6716 control_updates=1 movement_updates=1 damage_bank_impulse=0 camera_updates=1 camera_uses_previous_player_position=0
retail_frame=6720 control_updates=1 movement_updates=1 damage_bank_impulse=30 camera_updates=1 camera_uses_previous_player_position=0
retail_frame=6724 control_updates=2 movement_updates=2 damage_bank_impulse=0 camera_updates=2 camera_uses_previous_player_position=0
retail_frame=6728 control_updates=1 movement_updates=1 damage_bank_impulse=0 camera_updates=1 camera_uses_previous_player_position=0
retail_frame=6732 control_updates=1 movement_updates=1 damage_bank_impulse=0 camera_updates=1 camera_uses_previous_player_position=0
retail_frame=6736 control_updates=2 movement_updates=2 damage_bank_impulse=0 camera_updates=2 camera_uses_previous_player_position=0
retail_frame=6740 control_updates=1 movement_updates=1 damage_bank_impulse=0 camera_updates=1 camera_uses_previous_player_position=0
retail_frame=6744 control_updates=2 movement_updates=2 damage_bank_impulse=0 camera_updates=1 camera_uses_previous_player_position=1
retail_frame=6748 control_updates=1 movement_updates=1 damage_bank_impulse=0 camera_updates=2 camera_uses_previous_player_position=0
retail_frame=6752 control_updates=1 movement_updates=1 damage_bank_impulse=0 camera_updates=1 camera_uses_previous_player_position=0
retail_frame=6756 control_updates=2 movement_updates=2 damage_bank_impulse=0 camera_updates=1 camera_uses_previous_player_position=1
retail_frame=6760 control_updates=1 movement_updates=1 damage_bank_impulse=0 camera_updates=2 camera_uses_previous_player_position=0
retail_frame=6764 control_updates=1 movement_updates=1 damage_bank_impulse=0 camera_updates=1 camera_uses_previous_player_position=0
retail_frame=6768 control_updates=2 movement_updates=1 damage_bank_impulse=0 camera_updates=1 camera_uses_previous_player_position=0
retail_frame=6772 control_updates=1 movement_updates=2 damage_bank_impulse=0 camera_updates=2 camera_uses_previous_player_position=0
retail_frame=6776 control_updates=1 movement_updates=1 damage_bank_impulse=0 camera_updates=1 camera_uses_previous_player_position=0
retail_frame=6780 control_updates=1 movement_updates=1 damage_bank_impulse=0 camera_updates=1 camera_uses_previous_player_position=0
retail_frame=6784 control_updates=2 movement_updates=2 damage_bank_impulse=0 camera_updates=2 camera_uses_previous_player_position=0
retail_frame=6788 control_updates=1 movement_updates=1 damage_bank_impulse=0 camera_updates=1 camera_uses_previous_player_position=0
retail_frame=6792 control_updates=1 movement_updates=1 damage_bank_impulse=0 camera_updates=1 camera_uses_previous_player_position=0
retail_frame=6796 control_updates=2 movement_updates=2 damage_bank_impulse=0 camera_updates=2 camera_uses_previous_player_position=0
retail_frame=6800 control_updates=1 movement_updates=1 damage_bank_impulse=0 camera_updates=1 camera_uses_previous_player_position=0
retail_frame=6804 control_updates=1 movement_updates=1 damage_bank_impulse=0 camera_updates=1 camera_uses_previous_player_position=0
retail_frame=6808 control_updates=2 movement_updates=2 damage_bank_impulse=0 camera_updates=2 camera_uses_previous_player_position=0
retail_frame=6812 control_updates=1 movement_updates=1 damage_bank_impulse=0 camera_updates=1 camera_uses_previous_player_position=0
retail_frame=6816 control_updates=1 movement_updates=1 damage_bank_impulse=0 camera_updates=1 camera_uses_previous_player_position=0
retail_frame=6820 control_updates=2 movement_updates=2 damage_bank_impulse=0 camera_updates=2 camera_uses_previous_player_position=0
retail_frame=6824 control_updates=1 movement_updates=1 damage_bank_impulse=0 camera_updates=1 camera_uses_previous_player_position=0
retail_frame=6828 control_updates=1 movement_updates=1 damage_bank_impulse=0 camera_updates=1 camera_uses_previous_player_position=0
retail_frame=6832 control_updates=2 movement_updates=2 damage_bank_impulse=0 camera_updates=2 camera_uses_previous_player_position=0
retail_frame=6836 control_updates=1 movement_updates=1 damage_bank_impulse=0 camera_updates=1 camera_uses_previous_player_position=0
retail_frame=6840 control_updates=1 movement_updates=1 damage_bank_impulse=0 camera_updates=1 camera_uses_previous_player_position=0
retail_frame=6844 control_updates=2 movement_updates=2 damage_bank_impulse=0 camera_updates=2 camera_uses_previous_player_position=0
retail_frame=6848 control_updates=1 movement_updates=1 damage_bank_impulse=0 camera_updates=1 camera_uses_previous_player_position=0
retail_frame=6852 control_updates=2 movement_updates=2 damage_bank_impulse=0 camera_updates=1 camera_uses_previous_player_position=1
retail_frame=6856 control_updates=1 movement_updates=1 damage_bank_impulse=0 camera_updates=2 camera_uses_previous_player_position=0
retail_frame=6860 control_updates=1 movement_updates=1 damage_bank_impulse=0 camera_updates=1 camera_uses_previous_player_position=0
retail_frame=6864 control_updates=2 movement_updates=2 damage_bank_impulse=0 camera_updates=2 camera_uses_previous_player_position=0
retail_frame=6868 control_updates=1 movement_updates=1 damage_bank_impulse=0 camera_updates=1 camera_uses_previous_player_position=0
retail_frame=6872 control_updates=1 movement_updates=1 damage_bank_impulse=0 camera_updates=1 camera_uses_previous_player_position=0
retail_frame=6876 control_updates=2 movement_updates=2 damage_bank_impulse=0 camera_updates=2 camera_uses_previous_player_position=0
retail_frame=6880 control_updates=1 movement_updates=1 damage_bank_impulse=0 camera_updates=1 camera_uses_previous_player_position=0
retail_frame=6884 control_updates=1 movement_updates=1 damage_bank_impulse=0 camera_updates=1 camera_uses_previous_player_position=0
retail_frame=6888 control_updates=2 movement_updates=2 damage_bank_impulse=0 camera_updates=2 camera_uses_previous_player_position=0
retail_frame=6892 control_updates=1 movement_updates=1 damage_bank_impulse=0 camera_updates=1 camera_uses_previous_player_position=0
retail_frame=6896 control_updates=1 movement_updates=1 damage_bank_impulse=0 camera_updates=1 camera_uses_previous_player_position=0
retail_frame=6900 control_updates=2 movement_updates=2 damage_bank_impulse=0 camera_updates=2 camera_uses_previous_player_position=0
retail_frame=6904 control_updates=1 movement_updates=1 damage_bank_impulse=0 camera_updates=1 camera_uses_previous_player_position=0
retail_frame=6908 control_updates=1 movement_updates=1 damage_bank_impulse=0 camera_updates=1 camera_uses_previous_player_position=0
retail_frame=6912 control_updates=2 movement_updates=2 damage_bank_impulse=0 camera_updates=2 camera_uses_previous_player_position=0
retail_frame=6916 control_updates=1 movement_updates=1 damage_bank_impulse=0 camera_updates=1 camera_uses_previous_player_position=0
retail_frame=6920 control_updates=1 movement_updates=1 damage_bank_impulse=0 camera_updates=1 camera_uses_previous_player_position=0
retail_frame=6924 control_updates=2 movement_updates=2 damage_bank_impulse=0 camera_updates=2 camera_uses_previous_player_position=0
retail_frame=6928 control_updates=1 movement_updates=1 damage_bank_impulse=0 camera_updates=1 camera_uses_previous_player_position=0
retail_frame=6932 control_updates=1 movement_updates=1 damage_bank_impulse=0 camera_updates=1 camera_uses_previous_player_position=0
retail_frame=6936 control_updates=2 movement_updates=2 damage_bank_impulse=0 camera_updates=2 camera_uses_previous_player_position=0
retail_frame=6940 control_updates=1 movement_updates=1 damage_bank_impulse=0 camera_updates=1 camera_uses_previous_player_position=0
retail_frame=6944 control_updates=1 movement_updates=1 damage_bank_impulse=0 camera_updates=1 camera_uses_previous_player_position=0
retail_frame=6948 control_updates=2 movement_updates=2 damage_bank_impulse=0 camera_updates=2 camera_uses_previous_player_position=0
retail_frame=6952 control_updates=1 movement_updates=1 damage_bank_impulse=0 camera_updates=1 camera_uses_previous_player_position=0
retail_frame=6956 control_updates=1 movement_updates=1 damage_bank_impulse=0 camera_updates=1 camera_uses_previous_player_position=0
retail_frame=6960 control_updates=2 movement_updates=2 damage_bank_impulse=0 camera_updates=2 camera_uses_previous_player_position=0
retail_frame=6964 control_updates=1 movement_updates=1 damage_bank_impulse=0 camera_updates=1 camera_uses_previous_player_position=0
retail_frame=6968 control_updates=1 movement_updates=1 damage_bank_impulse=0 camera_updates=1 camera_uses_previous_player_position=0
retail_frame=6972 control_updates=2 movement_updates=2 damage_bank_impulse=0 camera_updates=2 camera_uses_previous_player_position=0
retail_frame=6976 control_updates=1 movement_updates=1 damage_bank_impulse=0 camera_updates=1 camera_uses_previous_player_position=0
retail_frame=6980 control_updates=1 movement_updates=1 damage_bank_impulse=0 camera_updates=1 camera_uses_previous_player_position=0
retail_frame=6984 control_updates=2 movement_updates=2 damage_bank_impulse=0 camera_updates=2 camera_uses_previous_player_position=0
retail_frame=6988 control_updates=1 movement_updates=1 damage_bank_impulse=0 camera_updates=1 camera_uses_previous_player_position=0
retail_frame=6992 control_updates=1 movement_updates=1 damage_bank_impulse=0 camera_updates=1 camera_uses_previous_player_position=0
retail_frame=6996 control_updates=2 movement_updates=2 damage_bank_impulse=0 camera_updates=1 camera_uses_previous_player_position=1
retail_frame=7000 control_updates=1 movement_updates=1 damage_bank_impulse=0 camera_updates=2 camera_uses_previous_player_position=0
retail_frame=7004 control_updates=1 movement_updates=1 damage_bank_impulse=0 camera_updates=1 camera_uses_previous_player_position=0
retail_frame=7008 control_updates=2 movement_updates=2 damage_bank_impulse=0 camera_updates=2 camera_uses_previous_player_position=0
retail_frame=7012 control_updates=1 movement_updates=1 damage_bank_impulse=0 camera_updates=1 camera_uses_previous_player_position=0
retail_frame=7016 control_updates=1 movement_updates=1 damage_bank_impulse=0 camera_updates=1 camera_uses_previous_player_position=0
retail_frame=7020 control_updates=2 movement_updates=2 damage_bank_impulse=0 camera_updates=2 camera_uses_previous_player_position=0
retail_frame=7024 control_updates=1 movement_updates=1 damage_bank_impulse=0 camera_updates=1 camera_uses_previous_player_position=0
retail_frame=7028 control_updates=1 movement_updates=1 damage_bank_impulse=0 camera_updates=1 camera_uses_previous_player_position=0
retail_frame=7032 control_updates=2 movement_updates=2 damage_bank_impulse=0 camera_updates=2 camera_uses_previous_player_position=0
retail_frame=7036 control_updates=1 movement_updates=1 damage_bank_impulse=0 camera_updates=1 camera_uses_previous_player_position=0
retail_frame=7040 control_updates=1 movement_updates=1 damage_bank_impulse=0 camera_updates=1 camera_uses_previous_player_position=0
retail_frame=7044 control_updates=2 movement_updates=2 damage_bank_impulse=0 camera_updates=2 camera_uses_previous_player_position=0
retail_frame=7048 control_updates=1 movement_updates=1 damage_bank_impulse=0 camera_updates=1 camera_uses_previous_player_position=0
retail_frame=7052 control_updates=1 movement_updates=1 damage_bank_impulse=0 camera_updates=1 camera_uses_previous_player_position=0
retail_frame=7056 control_updates=2 movement_updates=2 damage_bank_impulse=0 camera_updates=2 camera_uses_previous_player_position=0
retail_frame=7060 control_updates=1 movement_updates=1 damage_bank_impulse=0 camera_updates=1 camera_uses_previous_player_position=0
retail_frame=7064 control_updates=1 movement_updates=1 damage_bank_impulse=0 camera_updates=1 camera_uses_previous_player_position=0
retail_frame=7068 control_updates=2 movement_updates=2 damage_bank_impulse=0 camera_updates=2 camera_uses_previous_player_position=0
retail_frame=7072 control_updates=1 movement_updates=1 damage_bank_impulse=0 camera_updates=1 camera_uses_previous_player_position=0
retail_frame=7076 control_updates=1 movement_updates=1 damage_bank_impulse=0 camera_updates=1 camera_uses_previous_player_position=0
retail_frame=7080 control_updates=2 movement_updates=2 damage_bank_impulse=0 camera_updates=2 camera_uses_previous_player_position=0
retail_frame=7084 control_updates=1 movement_updates=1 damage_bank_impulse=0 camera_updates=1 camera_uses_previous_player_position=0
retail_frame=7088 control_updates=1 movement_updates=1 damage_bank_impulse=0 camera_updates=1 camera_uses_previous_player_position=0
retail_frame=7092 control_updates=2 movement_updates=2 damage_bank_impulse=0 camera_updates=2 camera_uses_previous_player_position=0
retail_frame=7096 control_updates=1 movement_updates=1 damage_bank_impulse=0 camera_updates=1 camera_uses_previous_player_position=0
retail_frame=7100 control_updates=1 movement_updates=1 damage_bank_impulse=0 camera_updates=1 camera_uses_previous_player_position=0
retail_frame=7104 control_updates=2 movement_updates=2 damage_bank_impulse=0 camera_updates=2 camera_uses_previous_player_position=0
retail_frame=7108 control_updates=1 movement_updates=1 damage_bank_impulse=0 camera_updates=1 camera_uses_previous_player_position=0
retail_frame=7112 control_updates=1 movement_updates=1 damage_bank_impulse=0 camera_updates=1 camera_uses_previous_player_position=0
retail_frame=7116 control_updates=2 movement_updates=2 damage_bank_impulse=0 camera_updates=2 camera_uses_previous_player_position=0
retail_frame=7120 control_updates=1 movement_updates=1 damage_bank_impulse=0 camera_updates=1 camera_uses_previous_player_position=0
retail_frame=7124 control_updates=1 movement_updates=1 damage_bank_impulse=0 camera_updates=1 camera_uses_previous_player_position=0
retail_frame=7128 control_updates=2 movement_updates=2 damage_bank_impulse=0 camera_updates=2 camera_uses_previous_player_position=0
retail_frame=7132 control_updates=1 movement_updates=1 damage_bank_impulse=0 camera_updates=1 camera_uses_previous_player_position=0
retail_frame=7136 control_updates=1 movement_updates=1 damage_bank_impulse=0 camera_updates=1 camera_uses_previous_player_position=0
retail_frame=7140 control_updates=2 movement_updates=2 damage_bank_impulse=0 camera_updates=2 camera_uses_previous_player_position=0
retail_frame=7144 control_updates=1 movement_updates=1 damage_bank_impulse=0 camera_updates=1 camera_uses_previous_player_position=0
retail_frame=7148 control_updates=1 movement_updates=1 damage_bank_impulse=0 camera_updates=1 camera_uses_previous_player_position=0
retail_frame=7152 control_updates=2 movement_updates=2 damage_bank_impulse=0 camera_updates=2 camera_uses_previous_player_position=0
retail_frame=7156 control_updates=1 movement_updates=1 damage_bank_impulse=0 camera_updates=1 camera_uses_previous_player_position=0
retail_frame=7160 control_updates=1 movement_updates=1 damage_bank_impulse=0 camera_updates=1 camera_uses_previous_player_position=0
retail_frame=7164 control_updates=2 movement_updates=2 damage_bank_impulse=0 camera_updates=2 camera_uses_previous_player_position=0
retail_frame=7168 control_updates=1 movement_updates=1 damage_bank_impulse=0 camera_updates=1 camera_uses_previous_player_position=0
retail_frame=7172 control_updates=1 movement_updates=1 damage_bank_impulse=0 camera_updates=1 camera_uses_previous_player_position=0
retail_frame=7176 control_updates=2 movement_updates=2 damage_bank_impulse=0 camera_updates=2 camera_uses_previous_player_position=0
retail_frame=7180 control_updates=1 movement_updates=1 damage_bank_impulse=0 camera_updates=1 camera_uses_previous_player_position=0
retail_frame=7184 control_updates=1 movement_updates=1 damage_bank_impulse=0 camera_updates=1 camera_uses_previous_player_position=0
retail_frame=7188 control_updates=2 movement_updates=2 damage_bank_impulse=0 camera_updates=2 camera_uses_previous_player_position=0
retail_frame=7192 control_updates=1 movement_updates=1 damage_bank_impulse=0 camera_updates=1 camera_uses_previous_player_position=0
retail_frame=7196 control_updates=1 movement_updates=1 damage_bank_impulse=0 camera_updates=1 camera_uses_previous_player_position=0
retail_frame=7200 control_updates=2 movement_updates=2 damage_bank_impulse=0 camera_updates=2 camera_uses_previous_player_position=0
retail_frame=7204 control_updates=1 movement_updates=1 damage_bank_impulse=0 camera_updates=1 camera_uses_previous_player_position=0
retail_frame=7208 control_updates=1 movement_updates=1 damage_bank_impulse=0 camera_updates=1 camera_uses_previous_player_position=0
retail_frame=7212 control_updates=2 movement_updates=2 damage_bank_impulse=0 camera_updates=2 camera_uses_previous_player_position=0
retail_frame=7216 control_updates=1 movement_updates=1 damage_bank_impulse=0 camera_updates=1 camera_uses_previous_player_position=0
retail_frame=7220 control_updates=1 movement_updates=1 damage_bank_impulse=0 camera_updates=1 camera_uses_previous_player_position=0
retail_frame=7224 control_updates=2 movement_updates=2 damage_bank_impulse=0 camera_updates=2 camera_uses_previous_player_position=0
retail_frame=7228 control_updates=1 movement_updates=1 damage_bank_impulse=0 camera_updates=1 camera_uses_previous_player_position=0
retail_frame=7232 control_updates=1 movement_updates=1 damage_bank_impulse=0 camera_updates=1 camera_uses_previous_player_position=0
retail_frame=7236 control_updates=2 movement_updates=2 damage_bank_impulse=0 camera_updates=2 camera_uses_previous_player_position=0
retail_frame=7240 control_updates=1 movement_updates=1 damage_bank_impulse=0 camera_updates=1 camera_uses_previous_player_position=0
retail_frame=7244 control_updates=1 movement_updates=1 damage_bank_impulse=0 camera_updates=1 camera_uses_previous_player_position=0
retail_frame=7248 control_updates=2 movement_updates=2 damage_bank_impulse=0 camera_updates=2 camera_uses_previous_player_position=0
retail_frame=7252 control_updates=1 movement_updates=1 damage_bank_impulse=0 camera_updates=1 camera_uses_previous_player_position=0
retail_frame=7256 control_updates=1 movement_updates=1 damage_bank_impulse=0 camera_updates=1 camera_uses_previous_player_position=0
retail_frame=7260 control_updates=2 movement_updates=2 damage_bank_impulse=0 camera_updates=2 camera_uses_previous_player_position=0
retail_frame=7264 control_updates=1 movement_updates=1 damage_bank_impulse=0 camera_updates=1 camera_uses_previous_player_position=0
retail_frame=7268 control_updates=1 movement_updates=1 damage_bank_impulse=0 camera_updates=1 camera_uses_previous_player_position=0
retail_frame=7272 control_updates=2 movement_updates=2 damage_bank_impulse=0 camera_updates=2 camera_uses_previous_player_position=0
retail_frame=7276 control_updates=1 movement_updates=1 damage_bank_impulse=0 camera_updates=1 camera_uses_previous_player_position=0
retail_frame=7280 control_updates=1 movement_updates=1 damage_bank_impulse=0 camera_updates=1 camera_uses_previous_player_position=0
retail_frame=7284 control_updates=2 movement_updates=2 damage_bank_impulse=0 camera_updates=2 camera_uses_previous_player_position=0
retail_frame=7288 control_updates=1 movement_updates=1 damage_bank_impulse=0 camera_updates=1 camera_uses_previous_player_position=0
retail_frame=7292 control_updates=1 movement_updates=1 damage_bank_impulse=0 camera_updates=1 camera_uses_previous_player_position=0
retail_frame=7296 control_updates=2 movement_updates=2 damage_bank_impulse=0 camera_updates=2 camera_uses_previous_player_position=0
retail_frame=7300 control_updates=1 movement_updates=1 damage_bank_impulse=0 camera_updates=1 camera_uses_previous_player_position=0
retail_frame=7304 control_updates=1 movement_updates=1 damage_bank_impulse=0 camera_updates=1 camera_uses_previous_player_position=0
retail_frame=7308 control_updates=2 movement_updates=2 damage_bank_impulse=0 camera_updates=2 camera_uses_previous_player_position=0
retail_frame=7312 control_updates=1 movement_updates=1 damage_bank_impulse=0 camera_updates=1 camera_uses_previous_player_position=0
retail_frame=7316 control_updates=1 movement_updates=1 damage_bank_impulse=0 camera_updates=1 camera_uses_previous_player_position=0
retail_frame=7320 control_updates=2 movement_updates=2 damage_bank_impulse=0 camera_updates=2 camera_uses_previous_player_position=0
retail_frame=7324 control_updates=1 movement_updates=1 damage_bank_impulse=0 camera_updates=1 camera_uses_previous_player_position=0
retail_frame=7328 control_updates=1 movement_updates=1 damage_bank_impulse=0 camera_updates=1 camera_uses_previous_player_position=0
retail_frame=7332 control_updates=2 movement_updates=2 damage_bank_impulse=0 camera_updates=2 camera_uses_previous_player_position=0
retail_frame=7336 control_updates=1 movement_updates=1 damage_bank_impulse=0 camera_updates=1 camera_uses_previous_player_position=0
retail_frame=7340 control_updates=1 movement_updates=1 damage_bank_impulse=0 camera_updates=1 camera_uses_previous_player_position=0
retail_frame=7344 control_updates=2 movement_updates=2 damage_bank_impulse=0 camera_updates=2 camera_uses_previous_player_position=0
retail_frame=7348 control_updates=1 movement_updates=1 damage_bank_impulse=0 camera_updates=1 camera_uses_previous_player_position=0
retail_frame=7352 control_updates=1 movement_updates=1 damage_bank_impulse=0 camera_updates=1 camera_uses_previous_player_position=0
retail_frame=7356 control_updates=2 movement_updates=2 damage_bank_impulse=0 camera_updates=2 camera_uses_previous_player_position=0
retail_frame=7360 control_updates=1 movement_updates=1 damage_bank_impulse=0 camera_updates=1 camera_uses_previous_player_position=0
retail_frame=7364 control_updates=1 movement_updates=1 damage_bank_impulse=0 camera_updates=1 camera_uses_previous_player_position=0
retail_frame=7368 control_updates=2 movement_updates=2 damage_bank_impulse=0 camera_updates=2 camera_uses_previous_player_position=0
retail_frame=7372 control_updates=1 movement_updates=1 damage_bank_impulse=0 camera_updates=1 camera_uses_previous_player_position=0
retail_frame=7376 control_updates=1 movement_updates=1 damage_bank_impulse=0 camera_updates=1 camera_uses_previous_player_position=0
retail_frame=7380 control_updates=1 movement_updates=1 damage_bank_impulse=0 camera_updates=1 camera_uses_previous_player_position=0
retail_frame=7384 control_updates=2 movement_updates=2 damage_bank_impulse=0 camera_updates=2 camera_uses_previous_player_position=0
retail_frame=7388 control_updates=1 movement_updates=1 damage_bank_impulse=0 camera_updates=1 camera_uses_previous_player_position=0
retail_frame=7392 control_updates=2 movement_updates=2 damage_bank_impulse=0 camera_updates=1 camera_uses_previous_player_position=1
retail_frame=7396 control_updates=1 movement_updates=1 damage_bank_impulse=0 camera_updates=2 camera_uses_previous_player_position=0
retail_frame=7400 control_updates=1 movement_updates=1 damage_bank_impulse=0 camera_updates=1 camera_uses_previous_player_position=0
retail_frame=7404 control_updates=1 movement_updates=1 damage_bank_impulse=0 camera_updates=1 camera_uses_previous_player_position=0
retail_frame=7408 control_updates=1 movement_updates=1 damage_bank_impulse=0 camera_updates=1 camera_uses_previous_player_position=0
retail_frame=7412 control_updates=2 movement_updates=2 damage_bank_impulse=0 camera_updates=2 camera_uses_previous_player_position=0
retail_frame=7416 control_updates=1 movement_updates=1 damage_bank_impulse=0 camera_updates=1 camera_uses_previous_player_position=0
retail_frame=7420 control_updates=1 movement_updates=1 damage_bank_impulse=0 camera_updates=1 camera_uses_previous_player_position=0
retail_frame=7424 control_updates=1 movement_updates=1 damage_bank_impulse=0 camera_updates=1 camera_uses_previous_player_position=0
retail_frame=7428 control_updates=2 movement_updates=2 damage_bank_impulse=0 camera_updates=2 camera_uses_previous_player_position=0
retail_frame=7432 control_updates=1 movement_updates=1 damage_bank_impulse=0 camera_updates=1 camera_uses_previous_player_position=0
retail_frame=7436 control_updates=1 movement_updates=1 damage_bank_impulse=0 camera_updates=1 camera_uses_previous_player_position=0
retail_frame=7440 control_updates=1 movement_updates=1 damage_bank_impulse=0 camera_updates=1 camera_uses_previous_player_position=0
retail_frame=7444 control_updates=2 movement_updates=2 damage_bank_impulse=0 camera_updates=2 camera_uses_previous_player_position=0
retail_frame=7448 control_updates=1 movement_updates=1 damage_bank_impulse=0 camera_updates=1 camera_uses_previous_player_position=0
retail_frame=7452 control_updates=1 movement_updates=1 damage_bank_impulse=0 camera_updates=1 camera_uses_previous_player_position=0
retail_frame=7456 control_updates=1 movement_updates=1 damage_bank_impulse=0 camera_updates=1 camera_uses_previous_player_position=0
retail_frame=7460 control_updates=2 movement_updates=1 damage_bank_impulse=0 camera_updates=1 camera_uses_previous_player_position=0
retail_frame=7464 control_updates=1 movement_updates=2 damage_bank_impulse=0 camera_updates=2 camera_uses_previous_player_position=0
retail_frame=7468 control_updates=1 movement_updates=1 damage_bank_impulse=0 camera_updates=1 camera_uses_previous_player_position=0
retail_frame=7472 control_updates=1 movement_updates=1 damage_bank_impulse=0 camera_updates=1 camera_uses_previous_player_position=0
retail_frame=7476 control_updates=1 movement_updates=1 damage_bank_impulse=0 camera_updates=1 camera_uses_previous_player_position=0
retail_frame=7480 control_updates=2 movement_updates=2 damage_bank_impulse=0 camera_updates=2 camera_uses_previous_player_position=0
retail_frame=7484 control_updates=1 movement_updates=1 damage_bank_impulse=0 camera_updates=1 camera_uses_previous_player_position=0
retail_frame=7488 control_updates=1 movement_updates=1 damage_bank_impulse=0 camera_updates=1 camera_uses_previous_player_position=0
retail_frame=7492 control_updates=1 movement_updates=1 damage_bank_impulse=0 camera_updates=1 camera_uses_previous_player_position=0
retail_frame=7496 control_updates=2 movement_updates=2 damage_bank_impulse=0 camera_updates=2 camera_uses_previous_player_position=0
retail_frame=7500 control_updates=1 movement_updates=1 damage_bank_impulse=0 camera_updates=1 camera_uses_previous_player_position=0
retail_frame=7504 control_updates=1 movement_updates=1 damage_bank_impulse=0 camera_updates=1 camera_uses_previous_player_position=0
retail_frame=7508 control_updates=1 movement_updates=1 damage_bank_impulse=0 camera_updates=1 camera_uses_previous_player_position=0
retail_frame=7512 control_updates=2 movement_updates=2 damage_bank_impulse=0 camera_updates=1 camera_uses_previous_player_position=1
retail_frame=7516 control_updates=1 movement_updates=1 damage_bank_impulse=0 camera_updates=2 camera_uses_previous_player_position=0
retail_frame=7520 control_updates=1 movement_updates=1 damage_bank_impulse=0 camera_updates=1 camera_uses_previous_player_position=0
retail_frame=7524 control_updates=1 movement_updates=1 damage_bank_impulse=0 camera_updates=1 camera_uses_previous_player_position=0
retail_frame=7528 control_updates=1 movement_updates=1 damage_bank_impulse=0 camera_updates=1 camera_uses_previous_player_position=0
retail_frame=7532 control_updates=2 movement_updates=2 damage_bank_impulse=0 camera_updates=2 camera_uses_previous_player_position=0
retail_frame=7536 control_updates=1 movement_updates=1 damage_bank_impulse=0 camera_updates=1 camera_uses_previous_player_position=0
retail_frame=7540 control_updates=1 movement_updates=1 damage_bank_impulse=0 camera_updates=1 camera_uses_previous_player_position=0
retail_frame=7544 control_updates=1 movement_updates=1 damage_bank_impulse=0 camera_updates=1 camera_uses_previous_player_position=0
retail_frame=7548 control_updates=2 movement_updates=2 damage_bank_impulse=0 camera_updates=2 camera_uses_previous_player_position=0
retail_frame=7552 control_updates=1 movement_updates=1 damage_bank_impulse=0 camera_updates=1 camera_uses_previous_player_position=0
retail_frame=7556 control_updates=1 movement_updates=1 damage_bank_impulse=0 camera_updates=1 camera_uses_previous_player_position=0
retail_frame=7560 control_updates=2 movement_updates=2 damage_bank_impulse=0 camera_updates=2 camera_uses_previous_player_position=0
retail_frame=7564 control_updates=1 movement_updates=1 damage_bank_impulse=0 camera_updates=1 camera_uses_previous_player_position=0
retail_frame=7568 control_updates=2 movement_updates=2 damage_bank_impulse=0 camera_updates=2 camera_uses_previous_player_position=0
retail_frame=7572 control_updates=1 movement_updates=1 damage_bank_impulse=0 camera_updates=1 camera_uses_previous_player_position=0
retail_frame=7576 control_updates=1 movement_updates=1 damage_bank_impulse=0 camera_updates=1 camera_uses_previous_player_position=0
retail_frame=7580 control_updates=2 movement_updates=2 damage_bank_impulse=0 camera_updates=2 camera_uses_previous_player_position=0
retail_frame=7584 control_updates=1 movement_updates=1 damage_bank_impulse=0 camera_updates=1 camera_uses_previous_player_position=0
retail_frame=7588 control_updates=1 movement_updates=1 damage_bank_impulse=0 camera_updates=1 camera_uses_previous_player_position=0
retail_frame=7592 control_updates=2 movement_updates=2 damage_bank_impulse=0 camera_updates=2 camera_uses_previous_player_position=0
retail_frame=7596 control_updates=1 movement_updates=1 damage_bank_impulse=0 camera_updates=1 camera_uses_previous_player_position=0
retail_frame=7600 control_updates=1 movement_updates=1 damage_bank_impulse=0 camera_updates=1 camera_uses_previous_player_position=0
retail_frame=7604 control_updates=2 movement_updates=2 damage_bank_impulse=0 camera_updates=2 camera_uses_previous_player_position=0
retail_frame=7608 control_updates=1 movement_updates=1 damage_bank_impulse=0 camera_updates=1 camera_uses_previous_player_position=0
retail_frame=7612 control_updates=1 movement_updates=1 damage_bank_impulse=0 camera_updates=1 camera_uses_previous_player_position=0
retail_frame=7616 control_updates=2 movement_updates=2 damage_bank_impulse=0 camera_updates=2 camera_uses_previous_player_position=0
retail_frame=7620 control_updates=1 movement_updates=1 damage_bank_impulse=0 camera_updates=1 camera_uses_previous_player_position=0
retail_frame=7624 control_updates=1 movement_updates=1 damage_bank_impulse=0 camera_updates=1 camera_uses_previous_player_position=0
retail_frame=7628 control_updates=2 movement_updates=2 damage_bank_impulse=0 camera_updates=2 camera_uses_previous_player_position=0
retail_frame=7632 control_updates=1 movement_updates=1 damage_bank_impulse=0 camera_updates=1 camera_uses_previous_player_position=0
retail_frame=7636 control_updates=1 movement_updates=1 damage_bank_impulse=0 camera_updates=1 camera_uses_previous_player_position=0
retail_frame=7640 control_updates=2 movement_updates=2 damage_bank_impulse=0 camera_updates=2 camera_uses_previous_player_position=0
retail_frame=7644 control_updates=1 movement_updates=1 damage_bank_impulse=0 camera_updates=1 camera_uses_previous_player_position=0
retail_frame=7648 control_updates=1 movement_updates=1 damage_bank_impulse=0 camera_updates=1 camera_uses_previous_player_position=0
retail_frame=7652 control_updates=2 movement_updates=2 damage_bank_impulse=0 camera_updates=2 camera_uses_previous_player_position=0
retail_frame=7656 control_updates=1 movement_updates=1 damage_bank_impulse=0 camera_updates=1 camera_uses_previous_player_position=0
retail_frame=7660 control_updates=1 movement_updates=1 damage_bank_impulse=0 camera_updates=1 camera_uses_previous_player_position=0
retail_frame=7664 control_updates=2 movement_updates=2 damage_bank_impulse=0 camera_updates=2 camera_uses_previous_player_position=0
retail_frame=7668 control_updates=1 movement_updates=1 damage_bank_impulse=0 camera_updates=1 camera_uses_previous_player_position=0
retail_frame=7672 control_updates=1 movement_updates=1 damage_bank_impulse=0 camera_updates=1 camera_uses_previous_player_position=0
retail_frame=7676 control_updates=2 movement_updates=2 damage_bank_impulse=0 camera_updates=2 camera_uses_previous_player_position=0
retail_frame=7680 control_updates=1 movement_updates=1 damage_bank_impulse=0 camera_updates=1 camera_uses_previous_player_position=0
retail_frame=7684 control_updates=1 movement_updates=1 damage_bank_impulse=0 camera_updates=1 camera_uses_previous_player_position=0
retail_frame=7688 control_updates=2 movement_updates=2 damage_bank_impulse=0 camera_updates=2 camera_uses_previous_player_position=0
retail_frame=7692 control_updates=1 movement_updates=1 damage_bank_impulse=0 camera_updates=1 camera_uses_previous_player_position=0
retail_frame=7696 control_updates=1 movement_updates=1 damage_bank_impulse=0 camera_updates=1 camera_uses_previous_player_position=0
retail_frame=7700 control_updates=2 movement_updates=2 damage_bank_impulse=0 camera_updates=2 camera_uses_previous_player_position=0
retail_frame=7704 control_updates=1 movement_updates=1 damage_bank_impulse=0 camera_updates=1 camera_uses_previous_player_position=0
retail_frame=7708 control_updates=1 movement_updates=1 damage_bank_impulse=0 camera_updates=1 camera_uses_previous_player_position=0
retail_frame=7712 control_updates=2 movement_updates=2 damage_bank_impulse=0 camera_updates=2 camera_uses_previous_player_position=0
retail_frame=7716 control_updates=1 movement_updates=1 damage_bank_impulse=0 camera_updates=1 camera_uses_previous_player_position=0
retail_frame=7720 control_updates=1 movement_updates=1 damage_bank_impulse=0 camera_updates=1 camera_uses_previous_player_position=0
retail_frame=7724 control_updates=2 movement_updates=2 damage_bank_impulse=0 camera_updates=2 camera_uses_previous_player_position=0
retail_frame=7728 control_updates=1 movement_updates=1 damage_bank_impulse=0 camera_updates=1 camera_uses_previous_player_position=0
retail_frame=7732 control_updates=1 movement_updates=1 damage_bank_impulse=0 camera_updates=1 camera_uses_previous_player_position=0
retail_frame=7736 control_updates=2 movement_updates=2 damage_bank_impulse=0 camera_updates=2 camera_uses_previous_player_position=0
retail_frame=7740 control_updates=1 movement_updates=1 damage_bank_impulse=0 camera_updates=1 camera_uses_previous_player_position=0
retail_frame=7744 control_updates=1 movement_updates=1 damage_bank_impulse=0 camera_updates=1 camera_uses_previous_player_position=0
retail_frame=7748 control_updates=2 movement_updates=2 damage_bank_impulse=0 camera_updates=2 camera_uses_previous_player_position=0
retail_frame=7752 control_updates=1 movement_updates=1 damage_bank_impulse=0 camera_updates=1 camera_uses_previous_player_position=0
retail_frame=7756 control_updates=1 movement_updates=1 damage_bank_impulse=0 camera_updates=1 camera_uses_previous_player_position=0
retail_frame=7760 control_updates=2 movement_updates=2 damage_bank_impulse=0 camera_updates=2 camera_uses_previous_player_position=0
retail_frame=7764 control_updates=1 movement_updates=1 damage_bank_impulse=0 camera_updates=1 camera_uses_previous_player_position=0
retail_frame=7768 control_updates=1 movement_updates=1 damage_bank_impulse=0 camera_updates=1 camera_uses_previous_player_position=0
retail_frame=7772 control_updates=2 movement_updates=2 damage_bank_impulse=0 camera_updates=2 camera_uses_previous_player_position=0
retail_frame=7776 control_updates=1 movement_updates=1 damage_bank_impulse=0 camera_updates=1 camera_uses_previous_player_position=0
retail_frame=7780 control_updates=1 movement_updates=1 damage_bank_impulse=0 camera_updates=1 camera_uses_previous_player_position=0
retail_frame=7784 control_updates=2 movement_updates=2 damage_bank_impulse=0 camera_updates=2 camera_uses_previous_player_position=0
retail_frame=7788 control_updates=1 movement_updates=1 damage_bank_impulse=0 camera_updates=1 camera_uses_previous_player_position=0
retail_frame=7792 control_updates=1 movement_updates=1 damage_bank_impulse=0 camera_updates=1 camera_uses_previous_player_position=0
retail_frame=7796 control_updates=2 movement_updates=2 damage_bank_impulse=0 camera_updates=2 camera_uses_previous_player_position=0
retail_frame=7800 control_updates=1 movement_updates=1 damage_bank_impulse=0 camera_updates=1 camera_uses_previous_player_position=0
retail_frame=7804 control_updates=1 movement_updates=1 damage_bank_impulse=0 camera_updates=1 camera_uses_previous_player_position=0
retail_frame=7808 control_updates=2 movement_updates=2 damage_bank_impulse=0 camera_updates=2 camera_uses_previous_player_position=0
retail_frame=7812 control_updates=1 movement_updates=1 damage_bank_impulse=0 camera_updates=1 camera_uses_previous_player_position=0
retail_frame=7816 control_updates=1 movement_updates=1 damage_bank_impulse=0 camera_updates=1 camera_uses_previous_player_position=0
retail_frame=7820 control_updates=2 movement_updates=2 damage_bank_impulse=0 camera_updates=2 camera_uses_previous_player_position=0
retail_frame=7824 control_updates=1 movement_updates=1 damage_bank_impulse=0 camera_updates=1 camera_uses_previous_player_position=0
retail_frame=7828 control_updates=1 movement_updates=1 damage_bank_impulse=0 camera_updates=1 camera_uses_previous_player_position=0
retail_frame=7832 control_updates=2 movement_updates=2 damage_bank_impulse=0 camera_updates=2 camera_uses_previous_player_position=0
retail_frame=7836 control_updates=1 movement_updates=1 damage_bank_impulse=0 camera_updates=1 camera_uses_previous_player_position=0
retail_frame=7840 control_updates=1 movement_updates=1 damage_bank_impulse=0 camera_updates=1 camera_uses_previous_player_position=0
retail_frame=7844 control_updates=2 movement_updates=2 damage_bank_impulse=0 camera_updates=0 camera_uses_previous_player_position=0
retail_frame=7848 control_updates=1 movement_updates=1 damage_bank_impulse=0 camera_updates=0 camera_uses_previous_player_position=0
retail_frame=7852 control_updates=2 movement_updates=2 damage_bank_impulse=0 camera_updates=0 camera_uses_previous_player_position=0
retail_frame=7856 control_updates=1 movement_updates=1 damage_bank_impulse=0 camera_updates=0 camera_uses_previous_player_position=0
retail_frame=7860 control_updates=1 movement_updates=1 damage_bank_impulse=0 camera_updates=0 camera_uses_previous_player_position=0
retail_frame=7864 control_updates=1 movement_updates=1 damage_bank_impulse=0 camera_updates=0 camera_uses_previous_player_position=0
retail_frame=7868 control_updates=2 movement_updates=2 damage_bank_impulse=0 camera_updates=0 camera_uses_previous_player_position=0
retail_frame=7872 control_updates=1 movement_updates=1 damage_bank_impulse=0 camera_updates=0 camera_uses_previous_player_position=0
retail_frame=7876 control_updates=2 movement_updates=2 damage_bank_impulse=0 camera_updates=0 camera_uses_previous_player_position=0
retail_frame=7880 control_updates=1 movement_updates=1 damage_bank_impulse=0 camera_updates=0 camera_uses_previous_player_position=0
retail_frame=7884 control_updates=1 movement_updates=1 damage_bank_impulse=0 camera_updates=0 camera_uses_previous_player_position=0
retail_frame=7888 control_updates=2 movement_updates=2 damage_bank_impulse=0 camera_updates=0 camera_uses_previous_player_position=0
retail_frame=7892 control_updates=1 movement_updates=1 damage_bank_impulse=0 camera_updates=0 camera_uses_previous_player_position=0
retail_frame=7896 control_updates=1 movement_updates=1 damage_bank_impulse=0 camera_updates=0 camera_uses_previous_player_position=0
retail_frame=7900 control_updates=2 movement_updates=2 damage_bank_impulse=0 camera_updates=0 camera_uses_previous_player_position=0
retail_frame=7904 control_updates=1 movement_updates=1 damage_bank_impulse=0 camera_updates=0 camera_uses_previous_player_position=0
retail_frame=7908 control_updates=1 movement_updates=1 damage_bank_impulse=0 camera_updates=0 camera_uses_previous_player_position=0
retail_frame=7912 control_updates=2 movement_updates=2 damage_bank_impulse=0 camera_updates=0 camera_uses_previous_player_position=0
retail_frame=7916 control_updates=1 movement_updates=1 damage_bank_impulse=0 camera_updates=0 camera_uses_previous_player_position=0
retail_frame=7920 control_updates=1 movement_updates=1 damage_bank_impulse=0 camera_updates=0 camera_uses_previous_player_position=0
retail_frame=7924 control_updates=2 movement_updates=2 damage_bank_impulse=0 camera_updates=0 camera_uses_previous_player_position=0
retail_frame=7928 control_updates=1 movement_updates=1 damage_bank_impulse=0 camera_updates=0 camera_uses_previous_player_position=0
retail_frame=7932 control_updates=1 movement_updates=1 damage_bank_impulse=0 camera_updates=0 camera_uses_previous_player_position=0
retail_frame=7936 control_updates=2 movement_updates=2 damage_bank_impulse=0 camera_updates=0 camera_uses_previous_player_position=0
retail_frame=7940 control_updates=1 movement_updates=1 damage_bank_impulse=0 camera_updates=0 camera_uses_previous_player_position=0
retail_frame=7944 control_updates=1 movement_updates=1 damage_bank_impulse=0 camera_updates=0 camera_uses_previous_player_position=0
retail_frame=7948 control_updates=2 movement_updates=2 damage_bank_impulse=0 camera_updates=0 camera_uses_previous_player_position=0
retail_frame=7952 control_updates=1 movement_updates=1 damage_bank_impulse=0 camera_updates=0 camera_uses_previous_player_position=0
retail_frame=7956 control_updates=1 movement_updates=1 damage_bank_impulse=0 camera_updates=0 camera_uses_previous_player_position=0
retail_frame=7960 control_updates=2 movement_updates=2 damage_bank_impulse=0 camera_updates=0 camera_uses_previous_player_position=0
retail_frame=7964 control_updates=1 movement_updates=1 damage_bank_impulse=0 camera_updates=0 camera_uses_previous_player_position=0
retail_frame=7968 control_updates=1 movement_updates=1 damage_bank_impulse=0 camera_updates=0 camera_uses_previous_player_position=0
retail_frame=7972 control_updates=2 movement_updates=2 damage_bank_impulse=0 camera_updates=0 camera_uses_previous_player_position=0
retail_frame=7976 control_updates=1 movement_updates=1 damage_bank_impulse=0 camera_updates=0 camera_uses_previous_player_position=0
retail_frame=7980 control_updates=1 movement_updates=1 damage_bank_impulse=0 camera_updates=0 camera_uses_previous_player_position=0
retail_frame=7984 control_updates=2 movement_updates=2 damage_bank_impulse=0 camera_updates=0 camera_uses_previous_player_position=0
retail_frame=7988 control_updates=1 movement_updates=1 damage_bank_impulse=0 camera_updates=0 camera_uses_previous_player_position=0
retail_frame=7992 control_updates=1 movement_updates=1 damage_bank_impulse=0 camera_updates=0 camera_uses_previous_player_position=0
retail_frame=7996 control_updates=2 movement_updates=2 damage_bank_impulse=0 camera_updates=0 camera_uses_previous_player_position=0
retail_frame=8000 control_updates=1 movement_updates=1 damage_bank_impulse=0 camera_updates=0 camera_uses_previous_player_position=0
retail_frame=8004 control_updates=1 movement_updates=1 damage_bank_impulse=0 camera_updates=0 camera_uses_previous_player_position=0
retail_frame=8008 control_updates=2 movement_updates=2 damage_bank_impulse=0 camera_updates=0 camera_uses_previous_player_position=0
retail_frame=8012 control_updates=1 movement_updates=1 damage_bank_impulse=0 camera_updates=0 camera_uses_previous_player_position=0
retail_frame=8016 control_updates=1 movement_updates=1 damage_bank_impulse=0 camera_updates=0 camera_uses_previous_player_position=0
retail_frame=8020 control_updates=2 movement_updates=2 damage_bank_impulse=0 camera_updates=0 camera_uses_previous_player_position=0
retail_frame=8024 control_updates=1 movement_updates=1 damage_bank_impulse=0 camera_updates=0 camera_uses_previous_player_position=0
retail_frame=8028 control_updates=1 movement_updates=1 damage_bank_impulse=0 camera_updates=0 camera_uses_previous_player_position=0
retail_frame=8032 control_updates=2 movement_updates=2 damage_bank_impulse=0 camera_updates=0 camera_uses_previous_player_position=0
retail_frame=8036 control_updates=1 movement_updates=1 damage_bank_impulse=0 camera_updates=0 camera_uses_previous_player_position=0
retail_frame=8040 control_updates=1 movement_updates=1 damage_bank_impulse=0 camera_updates=0 camera_uses_previous_player_position=0
retail_frame=8044 control_updates=2 movement_updates=2 damage_bank_impulse=0 camera_updates=0 camera_uses_previous_player_position=0
retail_frame=8048 control_updates=1 movement_updates=1 damage_bank_impulse=0 camera_updates=0 camera_uses_previous_player_position=0
retail_frame=8052 control_updates=1 movement_updates=1 damage_bank_impulse=0 camera_updates=0 camera_uses_previous_player_position=0
