# Compact laser-hold oracle evidence for first-sortie hostile projectiles.
# Raw source SHA-256: 8d6925ffa847974fd7f53c269cea327f2a306658c17f1bee48a9b9502555591a
# Player and projectile cooperative slices are aligned to the same retail tick.
# certified_retail_frames=332..8052
retail_frame=332 player=-7682,-2881,-6232,0,227,3,13 projectiles=-
retail_frame=336 player=-7674,-2881,-6222,0,227,4,15 projectiles=-
retail_frame=340 player=-7665,-2881,-6211,0,227,4,16 projectiles=-
retail_frame=344 player=-7656,-2881,-6200,0,227,4,17 projectiles=-
retail_frame=348 player=-7646,-2881,-6188,0,227,4,18 projectiles=-
retail_frame=352 player=-7635,-2881,-6175,0,227,3,19 projectiles=-
retail_frame=356 player=-7624,-2881,-6161,0,227,3,20 projectiles=-
retail_frame=360 player=-7612,-2881,-6147,0,227,2,21 projectiles=-
retail_frame=364 player=-7599,-2881,-6132,0,227,2,22 projectiles=-
retail_frame=368 player=-7586,-2881,-6116,0,227,1,23 projectiles=-
retail_frame=372 player=-7572,-2881,-6099,0,227,0,24 projectiles=-
retail_frame=376 player=-7557,-2881,-6082,0,227,255,25 projectiles=-
retail_frame=380 player=-7557,-2881,-6082,0,227,255,25 projectiles=-
retail_frame=384 player=-7542,-2881,-6064,0,227,254,26 projectiles=-
retail_frame=388 player=-7526,-2881,-6045,0,227,254,27 projectiles=-
retail_frame=392 player=-7510,-2881,-6025,0,227,253,28 projectiles=-
retail_frame=396 player=-7493,-2881,-6005,0,227,253,29 projectiles=-
retail_frame=400 player=-7475,-2881,-5984,0,227,252,30 projectiles=-
retail_frame=404 player=-7457,-2881,-5963,0,227,252,30 projectiles=-
retail_frame=408 player=-7439,-2881,-5942,0,227,252,30 projectiles=-
retail_frame=412 player=-7421,-2881,-5921,0,227,252,30 projectiles=-
retail_frame=416 player=-7403,-2881,-5900,0,227,253,30 projectiles=-
retail_frame=420 player=-7403,-2881,-5900,0,227,253,30 projectiles=-
retail_frame=424 player=-7385,-2881,-5879,0,227,253,30 projectiles=-
retail_frame=428 player=-7367,-2881,-5858,0,227,254,30 projectiles=-
retail_frame=432 player=-7349,-2881,-5837,0,227,254,30 projectiles=-
retail_frame=436 player=-7331,-2881,-5816,0,227,255,30 projectiles=-
retail_frame=440 player=-7313,-2881,-5795,0,227,0,30 projectiles=-
retail_frame=444 player=-7295,-2881,-5774,0,227,1,30 projectiles=-
retail_frame=448 player=-7277,-2881,-5753,0,227,2,30 projectiles=-
retail_frame=452 player=-7259,-2881,-5732,0,227,2,30 projectiles=-
retail_frame=456 player=-7241,-2881,-5711,0,227,3,30 projectiles=-
retail_frame=460 player=-7223,-2881,-5690,0,227,3,30 projectiles=-
retail_frame=464 player=-7205,-2881,-5669,0,227,4,30 projectiles=-
retail_frame=468 player=-7205,-2881,-5669,0,227,4,30 projectiles=-
retail_frame=472 player=-7187,-2881,-5648,0,227,4,30 projectiles=-
retail_frame=476 player=-7169,-2881,-5627,0,227,4,30 projectiles=-
retail_frame=480 player=-7151,-2881,-5606,0,227,4,30 projectiles=-
retail_frame=484 player=-7133,-2881,-5585,0,227,3,30 projectiles=-
retail_frame=488 player=-7115,-2881,-5564,0,227,3,30 projectiles=-
retail_frame=492 player=-7097,-2881,-5543,0,227,2,30 projectiles=-
retail_frame=496 player=-7079,-2881,-5522,0,227,2,30 projectiles=-
retail_frame=500 player=-7061,-2881,-5501,0,227,1,30 projectiles=-
retail_frame=504 player=-7043,-2881,-5480,0,227,0,30 projectiles=-
retail_frame=508 player=-7043,-2881,-5480,0,227,0,30 projectiles=-
retail_frame=512 player=-7025,-2881,-5459,0,227,255,30 projectiles=-
retail_frame=516 player=-7007,-2881,-5438,0,227,254,30 projectiles=-
retail_frame=520 player=-6989,-2881,-5417,0,227,254,30 projectiles=-
retail_frame=524 player=-6971,-2881,-5396,0,227,253,30 projectiles=-
retail_frame=528 player=-6953,-2881,-5375,0,227,253,30 projectiles=-
retail_frame=532 player=-6935,-2881,-5354,0,227,252,30 projectiles=-
retail_frame=536 player=-6917,-2881,-5333,0,227,252,30 projectiles=-
retail_frame=540 player=-6899,-2881,-5312,0,227,252,30 projectiles=-
retail_frame=544 player=-6881,-2881,-5291,0,227,252,30 projectiles=-
retail_frame=548 player=-6863,-2881,-5270,0,227,253,30 projectiles=-
retail_frame=552 player=-6845,-2881,-5249,0,227,253,30 projectiles=-
retail_frame=556 player=-6827,-2881,-5228,0,227,254,30 projectiles=-
retail_frame=560 player=-6809,-2881,-5207,0,227,254,30 projectiles=-
retail_frame=564 player=-6791,-2881,-5186,0,227,255,30 projectiles=-
retail_frame=568 player=-6773,-2881,-5165,0,227,0,30 projectiles=-
retail_frame=572 player=-6773,-2881,-5165,0,227,0,30 projectiles=-
retail_frame=576 player=-6755,-2881,-5144,0,227,1,30 projectiles=-
retail_frame=580 player=-6737,-2881,-5123,0,227,2,30 projectiles=-
retail_frame=584 player=-6719,-2881,-5102,0,227,2,30 projectiles=-
retail_frame=588 player=-6701,-2881,-5081,0,227,3,30 projectiles=07EC,-361,-8658,-2750,37,79,0,63
retail_frame=592 player=-6683,-2881,-5060,0,227,3,30 projectiles=07EC,-361,-8658,-2750,37,79,0,63
retail_frame=596 player=-6665,-2881,-5039,0,227,4,30 projectiles=07EC,-775,-8216,-2904,37,79,0,63
retail_frame=600 player=-6665,-2881,-5039,0,227,4,30 projectiles=07EC,-1191,-7774,-3058,37,79,0,63
retail_frame=604 player=-6647,-2881,-5018,0,227,4,30 projectiles=07EC,-1607,-7335,-3208,37,78,0,63
retail_frame=608 player=-6629,-2881,-4997,0,227,4,30 projectiles=07EC,-2030,-6900,-3358,36,78,0,63
retail_frame=612 player=-6611,-2881,-4976,0,227,4,30 projectiles=07EC,-2453,-6468,-3508,36,78,0,63
retail_frame=616 player=-6593,-2881,-4955,0,227,3,30 projectiles=07EC,-2879,-6036,-3656,36,78,0,63
retail_frame=620 player=-6575,-2881,-4934,0,227,3,30 projectiles=07EC,-2973,-5957,-3689,36,78,0,63
retail_frame=624 player=-6557,-2881,-4913,0,227,2,30 projectiles=07EC,-3305,-5607,-3803,36,78,0,63
retail_frame=628 player=-6557,-2881,-4913,0,227,2,30 projectiles=07EC,-3738,-5185,-3950,35,78,0,63
retail_frame=632 player=-6539,-2881,-4892,0,227,2,30 projectiles=07EC,-4174,-4766,-4097,35,78,0,63
retail_frame=636 player=-6521,-2881,-4871,0,227,1,30 projectiles=07EC,-4613,-4350,-4244,35,77,0,63
retail_frame=640 player=-6503,-2881,-4850,0,227,0,30 projectiles=07EC,-5063,-3941,-4390,34,77,0,63
retail_frame=644 player=-6485,-2881,-4829,0,227,255,30 projectiles=07EC,-5523,-3547,-4534,33,77,0,63
retail_frame=648 player=-6467,-2881,-4808,0,227,254,30 projectiles=07EC,-5523,-3547,-4534,33,77,0,63
retail_frame=652 player=-6449,-2881,-4787,0,227,254,30 projectiles=07EC,-5993,-3165,-4673,32,76,0,63
retail_frame=656 player=-6449,-2881,-4787,0,227,254,30 projectiles=07EC,-6169,-3005,-4721,28,76,0,63
retail_frame=660 player=-6431,-2881,-4766,0,227,253,30 projectiles=07EC,-6349,-2849,-4773,28,76,0,63
retail_frame=664 player=-6413,-2881,-4745,0,227,253,30 projectiles=07EC,-6529,-2693,-4825,28,76,0,63
retail_frame=668 player=-6395,-2881,-4724,0,227,252,30 projectiles=07EC,-6709,-2537,-4877,28,76,0,63
retail_frame=672 player=-6377,-2881,-4703,0,227,252,30 projectiles=07EC,-6889,-2381,-4929,28,76,0,63
retail_frame=676 player=-6359,-2881,-4682,0,227,252,30 projectiles=07EC,-7069,-2225,-4981,28,76,0,63
retail_frame=680 player=-6341,-2881,-4661,0,227,252,30 projectiles=07EC,-7249,-2069,-5033,28,76,0,63
retail_frame=684 player=-6323,-2881,-4640,0,227,253,30 projectiles=07EC,-7249,-2069,-5033,28,76,0,63
retail_frame=688 player=-6305,-2881,-4619,0,227,253,30 projectiles=07EC,-7429,-1913,-5085,28,76,0,63
retail_frame=692 player=-6287,-2881,-4598,0,227,254,30 projectiles=07EC,-7609,-1757,-5137,28,76,0,63
retail_frame=696 player=-6287,-2881,-4598,0,227,254,30 projectiles=07EC,-7789,-1601,-5189,28,76,0,63
retail_frame=700 player=-6269,-2881,-4577,0,227,254,30 projectiles=07EC,-7969,-1445,-5241,28,76,0,63
retail_frame=704 player=-6251,-2881,-4556,0,227,255,30 projectiles=07EC,-8149,-1289,-5293,28,76,0,63
retail_frame=708 player=-6233,-2881,-4535,0,227,0,30 projectiles=07EC,-8329,-1133,-5345,28,76,0,63
retail_frame=712 player=-6215,-2881,-4514,0,227,1,30 projectiles=07EC,-8509,-977,-5397,28,76,0,63
retail_frame=716 player=-6197,-2881,-4493,0,227,2,30 projectiles=07EC,-8689,-821,-5449,28,76,0,63
retail_frame=720 player=-6179,-2881,-4472,0,227,2,30 projectiles=07EC,-8869,-665,-5501,28,76,0,63
retail_frame=724 player=-6161,-2881,-4451,0,227,3,30 projectiles=07EC,-8869,-665,-5501,28,76,0,63
retail_frame=728 player=-6143,-2881,-4430,0,227,3,30 projectiles=07EC,-9049,-509,-5553,28,76,0,63
retail_frame=732 player=-6143,-2881,-4430,0,227,3,30 projectiles=07EC,-9229,-353,-5605,28,76,0,63
retail_frame=736 player=-6125,-2881,-4409,0,227,4,30 projectiles=-
retail_frame=740 player=-6107,-2881,-4388,0,227,4,30 projectiles=-
retail_frame=744 player=-6089,-2881,-4367,0,227,4,30 projectiles=-
retail_frame=748 player=-6071,-2881,-4346,0,227,4,30 projectiles=-
retail_frame=752 player=-6053,-2881,-4325,0,227,3,30 projectiles=-
retail_frame=756 player=-6035,-2881,-4304,0,227,3,30 projectiles=-
retail_frame=760 player=-6017,-2881,-4283,0,227,2,30 projectiles=-
retail_frame=764 player=-6017,-2881,-4283,0,227,2,30 projectiles=-
retail_frame=768 player=-5999,-2881,-4262,0,227,2,30 projectiles=-
retail_frame=772 player=-5981,-2881,-4241,0,227,1,30 projectiles=-
retail_frame=776 player=-5963,-2881,-4220,0,227,0,30 projectiles=-
retail_frame=780 player=-5945,-2881,-4199,0,227,255,30 projectiles=-
retail_frame=784 player=-5927,-2881,-4178,0,227,254,30 projectiles=-
retail_frame=788 player=-5909,-2881,-4157,0,227,254,30 projectiles=-
retail_frame=792 player=-5909,-2881,-4157,0,227,254,30 projectiles=-
retail_frame=796 player=-5891,-2881,-4136,0,227,253,30 projectiles=-
retail_frame=800 player=-5873,-2881,-4115,0,227,253,30 projectiles=-
retail_frame=804 player=-5855,-2881,-4094,0,227,252,30 projectiles=-
retail_frame=808 player=-5837,-2881,-4073,0,227,252,30 projectiles=-
retail_frame=812 player=-5819,-2881,-4052,0,227,252,30 projectiles=-
retail_frame=816 player=-5801,-2881,-4031,0,227,252,30 projectiles=-
retail_frame=820 player=-5783,-2881,-4010,0,227,253,30 projectiles=-
retail_frame=824 player=-5783,-2881,-4010,0,227,253,30 projectiles=-
retail_frame=828 player=-5765,-2881,-3989,0,227,253,30 projectiles=-
retail_frame=832 player=-5747,-2881,-3968,0,227,254,30 projectiles=-
retail_frame=836 player=-5729,-2881,-3947,0,227,254,30 projectiles=-
retail_frame=840 player=-5711,-2881,-3926,0,227,255,30 projectiles=-
retail_frame=844 player=-5693,-2881,-3905,0,227,0,30 projectiles=-
retail_frame=848 player=-5675,-2881,-3884,0,227,1,30 projectiles=-
retail_frame=852 player=-5657,-2881,-3863,0,227,2,30 projectiles=-
retail_frame=856 player=-5639,-2881,-3842,0,227,2,30 projectiles=-
retail_frame=860 player=-5621,-2881,-3821,0,227,3,30 projectiles=-
retail_frame=864 player=-5603,-2881,-3800,0,227,3,30 projectiles=-
retail_frame=868 player=-5585,-2881,-3779,0,227,4,30 projectiles=-
retail_frame=872 player=-5567,-2881,-3758,0,227,4,30 projectiles=-
retail_frame=876 player=-5567,-2881,-3758,0,227,4,30 projectiles=-
retail_frame=880 player=-5549,-2881,-3737,0,227,4,30 projectiles=04B9,-7866,9350,-124,201,151,0,63;043B,-6359,-9304,-4594,59,226,0,63
retail_frame=884 player=-5531,-2881,-3716,0,227,4,30 projectiles=04B9,-7772,8745,-273,201,152,0,63;043B,-6359,-9304,-4594,59,226,0,63
retail_frame=888 player=-5513,-2881,-3695,0,227,3,30 projectiles=04B9,-7772,8745,-273,201,152,0,63;043B,-6298,-8681,-4526,59,226,0,63
retail_frame=892 player=-5513,-2881,-3695,0,227,3,30 projectiles=04B9,-7676,8142,-421,201,152,0,63;043B,-6230,-8064,-4451,58,226,0,63
retail_frame=896 player=-5495,-2881,-3674,0,227,3,30 projectiles=04B9,-7579,7539,-570,201,152,0,63;043B,-6159,-7448,-4373,58,226,0,63
retail_frame=900 player=-5477,-2881,-3653,0,227,2,30 projectiles=04B9,-7482,6936,-719,201,153,0,63;043B,-6139,-7204,-4349,58,225,0,63
retail_frame=904 player=-5459,-2881,-3632,0,227,2,30 projectiles=04B9,-7382,6336,-867,201,153,0,63;043B,-6119,-6960,-4325,58,225,0,63
retail_frame=908 player=-5441,-2881,-3611,0,227,1,30 projectiles=04B9,-7382,6336,-867,201,153,0,63;043B,-6119,-6960,-4325,58,225,0,63
retail_frame=912 player=-5423,-2881,-3590,0,227,0,30 projectiles=04B9,-7282,5735,-1018,201,153,0,63;043B,-6099,-6716,-4301,57,225,0,63
retail_frame=916 player=-5423,-2881,-3590,0,227,0,30 projectiles=04B9,-7179,5135,-1168,201,154,0,63;043B,-6075,-6472,-4273,57,225,0,63
retail_frame=920 player=-5405,-2881,-3569,0,227,255,30 projectiles=04B9,-7073,4535,-1319,201,154,0,63;043B,-6051,-6228,-4245,56,225,0,63
retail_frame=924 player=-5387,-2881,-3548,0,227,254,30 projectiles=04B9,-6963,3935,-1474,202,154,0,63;043B,-6023,-5984,-4213,56,225,0,63
retail_frame=928 player=-5369,-2881,-3527,0,227,254,30 projectiles=04B9,-6850,3336,-1629,202,155,0,63;043B,-5995,-5740,-4181,55,225,0,63
retail_frame=932 player=-5351,-2881,-3506,0,227,253,30 projectiles=04B9,-6734,2738,-1784,202,155,0,63;043B,-5995,-5740,-4181,55,225,0,63
retail_frame=936 player=-5333,-2881,-3485,0,227,253,30 projectiles=04B9,-6734,2738,-1784,202,155,0,63;043B,-5963,-5500,-4145,55,225,0,63
retail_frame=940 player=-5333,-2881,-3485,0,227,252,30 projectiles=04B9,-6611,2141,-1939,202,156,0,63;043B,-5931,-5260,-4109,54,225,0,63
retail_frame=944 player=-5315,-2881,-3464,0,227,252,30 projectiles=04B9,-6486,1544,-2094,202,157,0,63;043B,-5895,-5020,-4069,54,225,0,63
retail_frame=948 player=-5297,-2881,-3443,0,227,252,30 projectiles=04B9,-6357,950,-2249,202,157,0,63;043B,-5859,-4780,-4029,53,225,0,63
retail_frame=952 player=-5279,-2881,-3422,0,227,252,30 projectiles=04B9,-6221,356,-2404,203,158,0,63;043B,-5819,-4540,-3985,53,225,0,63
retail_frame=956 player=-5261,-2881,-3401,0,227,252,30 projectiles=04B9,-6080,-236,-2559,203,159,0,63;043B,-5779,-4300,-3941,52,225,0,63
retail_frame=960 player=-5243,-2881,-3380,0,227,253,30 projectiles=04B9,-6045,-353,-2597,203,159,0,63;043B,-5779,-4300,-3941,52,225,0,63
retail_frame=964 player=-5225,-2881,-3359,0,227,253,30 projectiles=04B9,-5930,-827,-2716,203,160,0,63;043B,-5735,-4064,-3893,52,225,0,63
retail_frame=968 player=-5225,-2881,-3359,0,227,253,30 projectiles=04B9,-5882,-1063,-2760,204,161,0,63;043B,-5691,-3828,-3845,51,225,0,63
retail_frame=972 player=-5207,-2881,-3338,0,227,254,30 projectiles=04B9,-5834,-1299,-2804,204,161,0,63;043B,-5643,-3592,-3793,51,225,0,63
retail_frame=976 player=-5189,-2881,-3317,0,227,254,30 projectiles=04B9,-5786,-1535,-2848,205,162,0,63;043B,-5595,-3356,-3741,48,225,0,63
retail_frame=980 player=-5171,-2881,-3296,0,227,255,30 projectiles=04B9,-5730,-1771,-2896,205,162,0,63;043B,-5535,-3128,-3677,48,225,0,63
retail_frame=984 player=-5153,-2881,-3275,0,227,0,30 projectiles=04B9,-5674,-2007,-2944,206,163,0,63;043B,-5475,-2900,-3613,48,225,0,63
retail_frame=988 player=-5135,-2881,-3254,0,227,1,30 projectiles=04B9,-5614,-2239,-2996,206,163,0,63;043B,-5475,-2900,-3613,37,225,0,63
retail_frame=992 player=-5117,-2881,-3233,0,227,2,30 projectiles=04B9,-5614,-2239,-2996,206,163,0,63;043B,-5375,-2704,-3509,37,225,0,63
retail_frame=996 player=-5117,-2881,-3233,0,227,2,30 projectiles=04B9,-5554,-2471,-3048,209,165,0,63;043B,-5275,-2508,-3405,16,226,0,63
retail_frame=1000 player=-5099,-2881,-3212,0,227,2,30 projectiles=04B9,-5478,-2699,-3108,209,165,0,63;043B,-5127,-2416,-3237,16,226,0,63
retail_frame=1004 player=-5081,-2881,-3191,0,227,3,30 projectiles=04B9,-5402,-2927,-3168,223,170,0,63;043B,-4979,-2324,-3069,16,226,0,63
retail_frame=1008 player=-5063,-2881,-3170,0,227,3,30 projectiles=04B9,-5258,-3103,-3252,223,170,0,63;043B,-4831,-2232,-2901,16,226,0,63
retail_frame=1012 player=-5045,-2881,-3149,0,227,4,30 projectiles=04B9,-5258,-3103,-3252,223,170,0,63;043B,-4683,-2140,-2733,16,226,0,63
retail_frame=1016 player=-5027,-2881,-3128,0,227,4,30 projectiles=043B,-4535,-2048,-2565,16,226,0,63
retail_frame=1020 player=-5009,-2881,-3107,0,227,4,30 projectiles=043B,-4535,-2048,-2565,16,226,0,63
retail_frame=1024 player=-4991,-2881,-3086,0,227,4,30 projectiles=043B,-4387,-1956,-2397,16,226,0,63
retail_frame=1028 player=-4991,-2881,-3086,0,227,4,30 projectiles=043B,-4239,-1864,-2229,16,226,0,63
retail_frame=1032 player=-4973,-2881,-3065,0,227,3,30 projectiles=082B,-9613,3755,-12637,225,238,0,63;047A,-3743,-1019,653,230,115,0,63;043B,-4091,-1772,-2061,16,226,0,63
retail_frame=1036 player=-4955,-2881,-3044,0,227,3,30 projectiles=082B,-9401,3383,-12190,225,238,0,63;047A,-3906,-1328,135,230,116,0,63;043B,-4091,-1772,-2061,16,226,0,63
retail_frame=1040 player=-4937,-2881,-3023,0,227,2,30 projectiles=082B,-9401,3383,-12190,225,238,0,63;047A,-3906,-1328,135,230,116,0,63;043B,-3943,-1680,-1893,16,226,0,63
retail_frame=1044 player=-4937,-2881,-3023,0,227,2,30 projectiles=082B,-9188,3011,-11743,225,238,0,63;047A,-4069,-1634,-383,230,116,0,63;043B,-3795,-1588,-1725,16,226,0,63
retail_frame=1048 player=-4919,-2881,-3002,0,227,2,30 projectiles=082B,-8971,2646,-11288,226,238,0,63;047A,-4232,-1933,-904,231,116,0,63;043B,-3647,-1496,-1557,16,226,0,63
retail_frame=1052 player=-4901,-2881,-2981,0,227,1,30 projectiles=082B,-8753,2284,-10830,226,238,0,63;047A,-4395,-2222,-1432,232,116,0,63;043B,-3499,-1404,-1389,16,226,0,63
retail_frame=1056 player=-4883,-2881,-2960,0,227,0,30 projectiles=082B,-8533,1923,-10372,226,238,0,63;047A,-4562,-2494,-1966,233,116,0,63;043B,-3499,-1404,-1389,16,226,0,63
retail_frame=1060 player=-4865,-2881,-2939,0,227,255,30 projectiles=082B,-8313,1568,-9910,227,238,0,63;047A,-4562,-2494,-1966,233,116,0,63;043B,-3351,-1312,-1221,16,226,0,63
retail_frame=1064 player=-4865,-2881,-2939,0,227,255,30 projectiles=082B,-8313,1568,-9910,227,238,0,63;047A,-4729,-2749,-2508,235,116,0,63;043B,-3203,-1220,-1053,16,226,0,63
retail_frame=1068 player=-4847,-2881,-2918,0,227,254,30 projectiles=082B,-8091,1216,-9446,227,238,0,63;047A,-4789,-2853,-2716,238,116,0,63;043B,-3055,-1128,-885,16,226,0,63
retail_frame=1072 player=-4829,-2881,-2897,0,227,254,30 projectiles=082B,-7868,867,-8981,227,238,0,63;047A,-4849,-2957,-2924,238,116,0,63;043B,-2907,-1036,-717,16,226,0,63
retail_frame=1076 player=-4811,-2881,-2876,0,227,253,30 projectiles=082B,-7645,525,-8516,228,238,0,63;047A,-4909,-3061,-3132,238,116,0,63;043B,-2907,-1036,-717,16,226,0,63
retail_frame=1080 player=-4793,-2881,-2855,0,227,253,30 projectiles=082B,-7419,186,-8048,228,238,0,63;047A,-4909,-3061,-3132,238,116,0,63
retail_frame=1084 player=-4775,-2881,-2834,0,227,252,30 projectiles=082B,-7419,186,-8048,228,238,0,63;047A,-4969,-3165,-3340,238,116,0,63
retail_frame=1088 player=-4775,-2881,-2834,0,227,252,30 projectiles=082B,-7185,-146,-7580,229,237,0,63;047A,-5029,-3269,-3548,238,116,0,63
retail_frame=1092 player=-4757,-2881,-2813,0,227,252,30 projectiles=082B,-6948,-475,-7112,229,237,0,63;047A,-5089,-3373,-3756,238,116,0,63
retail_frame=1096 player=-4739,-2881,-2792,0,227,252,30 projectiles=082B,-6707,-790,-6637,230,237,0,63;047A,-5149,-3477,-3964,238,116,0,63
retail_frame=1100 player=-4721,-2881,-2771,0,227,252,30 projectiles=082B,-6463,-1102,-6162,230,237,0,63;047A,-5209,-3581,-4172,238,116,0,63
retail_frame=1104 player=-4703,-2881,-2750,0,227,253,30 projectiles=082B,-6219,-1404,-5680,231,237,0,63;047A,-5269,-3685,-4380,238,116,0,63
retail_frame=1108 player=-4703,-2881,-2750,0,227,253,30 projectiles=086A,-8696,766,-12060,235,240,0,63;082B,-6219,-1404,-5680,231,237,0,63;047A,-5269,-3685,-4380,238,116,0,63
retail_frame=1112 player=-4685,-2881,-2729,0,227,253,30 projectiles=086A,-8480,514,-11539,235,240,0,63;082B,-5972,-1697,-5191,232,237,0,63;047A,-5329,-3789,-4588,238,116,0,63
retail_frame=1116 player=-4667,-2881,-2708,0,227,254,30 projectiles=086A,-8259,269,-11014,236,240,0,63;082B,-5718,-1975,-4702,233,237,0,63;047A,-5389,-3893,-4796,238,116,0,63
retail_frame=1120 player=-4649,-2881,-2687,0,227,254,30 projectiles=086A,-8038,25,-10488,236,240,0,63;082B,-5463,-2243,-4206,234,237,0,63;047A,-5449,-3997,-5004,238,116,0,63
retail_frame=1124 player=-4631,-2881,-2666,0,227,255,30 projectiles=086A,-7817,-217,-9962,236,240,0,63;082B,-5199,-2497,-3703,235,236,0,63;047A,-5509,-4101,-5212,238,116,0,63
retail_frame=1128 player=-4613,-2881,-2645,0,227,0,30 projectiles=086A,-7721,-299,-9742,236,240,0,63;082B,-5199,-2497,-3703,235,236,0,63;047A,-5509,-4101,-5212,238,116,0,63
retail_frame=1132 player=-4613,-2881,-2645,0,227,0,30 projectiles=086A,-7593,-452,-9432,237,240,0,63;082B,-4925,-2729,-3193,237,236,0,63;047A,-5569,-4205,-5420,238,116,0,63
retail_frame=1136 player=-4595,-2881,-2624,0,227,1,30 projectiles=086A,-7369,-684,-8902,237,240,0,63;082B,-4821,-2809,-2989,242,236,0,63;047A,-5629,-4309,-5628,238,116,0,63
retail_frame=1140 player=-4577,-2881,-2603,0,227,2,30 projectiles=086A,-7144,-913,-8371,237,240,0,63;082B,-4717,-2889,-2785,246,235,0,63;047A,-5689,-4413,-5836,238,116,0,63
retail_frame=1144 player=-4559,-2881,-2582,0,227,2,30 projectiles=086A,-6917,-1132,-7840,238,240,0,63;082B,-4605,-2945,-2581,246,235,0,63;047A,-5749,-4517,-6044,238,116,0,63
retail_frame=1148 player=-4559,-2881,-2582,0,227,2,30 projectiles=086A,-6917,-1132,-7840,238,240,0,63;082B,-4605,-2945,-2581,246,235,0,63;047A,-5749,-4517,-6044,238,116,0,63
retail_frame=1152 player=-4541,-2881,-2561,0,227,3,30 projectiles=086A,-6682,-1349,-7307,238,239,0,63;082B,-4493,-3001,-2377,246,235,0,63
retail_frame=1156 player=-4523,-2881,-2540,0,227,3,30 projectiles=086A,-6444,-1558,-6770,239,239,0,63;082B,-4381,-3057,-2173,246,235,0,63
retail_frame=1160 player=-4505,-2881,-2519,0,227,4,30 projectiles=086A,-6206,-1763,-6233,239,239,0,63;082B,-4269,-3113,-1969,246,235,0,63
retail_frame=1164 player=-4487,-2881,-2498,0,227,4,30 projectiles=086A,-5965,-1957,-5692,240,239,0,63;082B,-4157,-3169,-1765,246,235,0,63
retail_frame=1168 player=-4469,-2881,-2477,0,227,4,30 projectiles=086A,-5724,-2148,-5151,240,239,0,63;082B,-4045,-3225,-1561,246,235,0,63
retail_frame=1172 player=-4451,-2881,-2456,0,227,4,30 projectiles=086A,-5476,-2329,-4610,241,239,0,63;082B,-3933,-3281,-1357,246,235,0,63
retail_frame=1176 player=-4433,-2881,-2435,0,227,3,30 projectiles=086A,-5476,-2329,-4610,241,239,0,63;082B,-3933,-3281,-1357,246,235,0,63
retail_frame=1180 player=-4415,-2881,-2414,0,227,3,30 projectiles=086A,-5225,-2496,-4069,242,239,0,63;082B,-3821,-3337,-1153,246,235,0,63
retail_frame=1184 player=-4415,-2881,-2414,0,227,3,30 projectiles=086A,-4967,-2653,-3528,243,238,0,63;082B,-3709,-3393,-949,246,235,0,63
retail_frame=1188 player=-4415,-2881,-2414,0,227,3,30 projectiles=047A,-13824,-521,-1860,239,190,0,63;04B9,-6374,-808,-8944,237,245,0,63;086A,-4706,-2786,-2982,245,238,0,63;082B,-3597,-3449,-745,246,235,0,63
retail_frame=1192 player=-4397,-2881,-2393,0,227,2,30 projectiles=047A,-13824,-521,-1860,239,190,0,63;04B9,-6374,-808,-8944,237,245,0,63;086A,-4706,-2786,-2982,245,238,0,63;082B,-3597,-3449,-745,246,235,0,63;0966,-7835,-9472,4072,38,148,0,63
retail_frame=1196 player=-4379,-2881,-2372,0,227,2,30 projectiles=047A,-13231,-716,-1888,239,190,0,63;04B9,-6213,-1023,-8384,238,245,0,63;086A,-4602,-2838,-2774,247,237,0,63;082B,-3485,-3505,-541,246,235,0,63;0966,-7635,-9021,3688,37,148,0,63
retail_frame=1200 player=-4361,-2881,-2351,0,227,1,30 projectiles=047A,-12638,-909,-1914,239,190,0,63;04B9,-6048,-1238,-7828,238,244,0,63;086A,-4498,-2890,-2566,249,236,0,63;082B,-3373,-3561,-337,246,235,0,63;0966,-7635,-9021,3688,37,148,0,63
retail_frame=1204 player=-4361,-2881,-2351,0,227,1,30 projectiles=047A,-12638,-909,-1914,239,190,0,63;04B9,-6048,-1238,-7828,238,244,0,63;086A,-4498,-2890,-2566,249,236,0,63;082B,-3373,-3561,-337,246,235,0,63;0966,-7434,-8573,3303,37,148,0,63
retail_frame=1208 player=-4343,-2881,-2330,0,227,30,30 projectiles=047A,-12045,-1091,-1939,240,190,0,63;04B9,-5883,-1446,-7268,239,244,0,63;086A,-4386,-2930,-2354,249,236,0,63;082B,-3261,-3617,-133,246,235,0,63;0966,-7227,-8125,2921,37,149,0,63
retail_frame=1212 player=-4325,-2881,-2309,0,227,26,30 projectiles=047A,-11451,-1270,-1960,240,191,0,63;04B9,-5715,-1651,-6707,239,244,0,63;086A,-4274,-2970,-2142,249,236,0,63;082B,-3149,-3673,71,246,235,0,63;0966,-7017,-7679,2538,37,149,0,63
retail_frame=1216 player=-4307,-2881,-2288,0,227,22,30 projectiles=047A,-10853,-1445,-1981,241,191,0,63;04B9,-5546,-1842,-6144,240,244,0,63;086A,-4162,-3010,-1930,249,236,0,63;082B,-3037,-3729,275,246,235,0,63;0966,-7017,-7679,2538,37,149,0,63
retail_frame=1220 player=-4289,-2881,-2267,0,227,19,30 projectiles=047A,-10254,-1617,-1999,241,191,0,63;04B9,-5375,-2030,-5581,240,244,0,63;086A,-4162,-3010,-1930,249,236,0,63;082B,-3037,-3729,275,246,235,0,63;0966,-6807,-7234,2155,37,149,0,63
retail_frame=1224 player=-4271,-2881,-2246,0,227,16,30 projectiles=047A,-9882,-1698,-2017,241,191,0,63;04B9,-5375,-2030,-5581,240,244,0,63;086A,-4050,-3050,-1718,249,236,0,63;082B,-2925,-3785,479,246,235,0,63;0966,-6594,-6796,1768,36,149,0,63
retail_frame=1228 player=-4271,-2881,-2246,0,227,16,30 projectiles=047A,-9654,-1786,-2017,241,191,0,63;04B9,-5201,-2211,-5014,241,244,0,63;086A,-3938,-3090,-1506,249,236,0,63;0966,-6374,-6359,1381,36,150,0,63
retail_frame=1232 player=-4253,-2881,-2225,0,227,14,30 projectiles=047A,-9054,-1944,-2035,242,191,0,63;04B9,-5016,-2378,-4447,242,243,0,63;086A,-3826,-3130,-1294,249,236,0,63;0966,-6151,-5924,994,36,150,0,63
retail_frame=1236 player=-4235,-2881,-2204,0,227,11,30 projectiles=047A,-8454,-2099,-2051,242,191,0,63;04B9,-4828,-2535,-3876,243,243,0,63;086A,-3714,-3170,-1082,249,236,0,63;0966,-5925,-5496,605,35,150,0,63
retail_frame=1240 player=-4217,-2881,-2183,0,227,10,30 projectiles=047A,-7850,-2247,-2066,243,191,0,63;04B9,-4637,-2678,-3305,244,243,0,63;086A,-3602,-3210,-870,249,236,0,63;0966,-5692,-5071,215,35,151,0,63
retail_frame=1244 player=-4199,-2881,-2162,0,227,9,30 projectiles=047A,-7243,-2381,-2081,244,191,0,63;04B9,-4430,-2800,-2734,246,242,0,63;086A,-3490,-3250,-658,249,236,0,63;0966,-5692,-5071,215,35,151,0,63
retail_frame=1248 player=-4181,-2881,-2141,0,227,8,30 projectiles=047A,-6636,-2512,-2093,244,192,0,63;04B9,-4430,-2800,-2734,246,242,0,63;086A,-3490,-3250,-658,249,236,0,63;0966,-5452,-4653,-179,34,151,0,63
retail_frame=1252 player=-4181,-2881,-2141,0,227,8,30 projectiles=047A,-6636,-2512,-2093,244,192,0,63;04B9,-4346,-2844,-2510,249,240,0,63;086A,-3378,-3290,-446,249,236,0,63;0966,-5206,-4241,-573,34,151,0,63
retail_frame=1256 player=-4163,-2881,-2120,0,227,8,30 projectiles=047A,-6025,-2633,-2102,245,192,0,63;04B9,-4258,-2884,-2290,249,240,0,63;086A,-3266,-3330,-234,249,236,0,63;0966,-4946,-3843,-970,33,152,0,63
retail_frame=1260 player=-4145,-2881,-2099,0,227,7,30 projectiles=047A,-5413,-2740,-2108,246,192,0,63;04B9,-4170,-2924,-2070,249,240,0,63;086A,-3154,-3370,-22,249,236,0,63;0966,-4676,-3455,-1367,32,153,0,63
retail_frame=1264 player=-4127,-2881,-2078,0,227,7,30 projectiles=047A,-4795,-2827,-2107,248,193,0,63;04B9,-4082,-2964,-1850,249,240,0,63;086A,-3042,-3410,190,249,236,0,63;0966,-4572,-3291,-1511,30,154,0,63
retail_frame=1268 player=-4109,-2881,-2057,0,227,6,30 projectiles=047A,-4555,-2859,-2103,251,195,0,63;04B9,-3994,-3004,-1630,249,240,0,63;086A,-2930,-3450,402,249,236,0,63;0966,-4572,-3291,-1511,30,154,0,63
retail_frame=1272 player=-4091,-2881,-2036,0,227,6,30 projectiles=047A,-4311,-2887,-2091,251,195,0,63;04B9,-3994,-3004,-1630,249,240,0,63;086A,-2930,-3450,402,249,236,0,63;0966,-4468,-3127,-1655,29,155,0,63
retail_frame=1276 player=-4091,-2881,-2036,0,227,6,30 projectiles=047A,-4311,-2887,-2091,251,195,0,63;04B9,-3906,-3044,-1410,249,240,0,63;086A,-2818,-3490,614,249,236,0,63;0966,-4356,-2967,-1799,29,155,0,63
retail_frame=1280 player=-4073,-2881,-2015,0,227,6,30 projectiles=047A,-4067,-2915,-2079,251,195,0,63;04B9,-3818,-3084,-1190,249,240,0,63;086A,-2706,-3530,826,249,236,0,63;0966,-4244,-2807,-1943,16,158,0,63
retail_frame=1284 player=-4055,-2881,-1994,0,227,6,30 projectiles=047A,-3823,-2943,-2067,251,195,0,63;04B9,-3730,-3124,-970,249,240,0,63;086A,-2594,-3570,1038,249,236,0,63;0966,-4096,-2715,-2111,16,158,0,63
retail_frame=1288 player=-4037,-2881,-1973,0,227,6,30 projectiles=047A,-3579,-2971,-2055,251,195,0,63;04B9,-3642,-3164,-750,249,240,0,63;0966,-3948,-2623,-2279,16,158,0,63
retail_frame=1292 player=-4019,-2881,-1952,0,227,5,30 projectiles=047A,-3335,-2999,-2043,251,195,0,63;04B9,-3554,-3204,-530,249,240,0,63;0966,-3800,-2531,-2447,16,158,0,63
retail_frame=1296 player=-4001,-2881,-1931,0,227,5,30 projectiles=047A,-3091,-3027,-2031,251,195,0,63;04B9,-3466,-3244,-310,249,240,0,63;0966,-3652,-2439,-2615,16,158,0,63
retail_frame=1300 player=-3983,-2881,-1910,0,227,4,30 projectiles=047A,-2847,-3055,-2019,251,195,0,63;04B9,-3378,-3284,-90,249,240,0,63;0966,-3504,-2347,-2783,16,158,0,63
retail_frame=1304 player=-3965,-2881,-1889,0,227,4,30 projectiles=047A,-2603,-3083,-2007,251,195,0,63;04B9,-3290,-3324,130,249,240,0,63;0966,-3356,-2255,-2951,16,158,0,63
retail_frame=1308 player=-3947,-2881,-1868,0,227,4,30 projectiles=047A,-2359,-3111,-1995,251,195,0,63;04B9,-3202,-3364,350,249,240,0,63;0966,-3356,-2255,-2951,16,158,0,63
retail_frame=1312 player=-3929,-2881,-1847,0,227,4,30 projectiles=047A,-2115,-3139,-1983,251,195,0,63;04B9,-3114,-3404,570,249,240,0,63;0966,-3208,-2163,-3119,16,158,0,63
retail_frame=1316 player=-3911,-2881,-1826,0,227,4,30 projectiles=047A,-1871,-3167,-1971,251,195,0,63;04B9,-3114,-3404,570,249,240,0,63;0966,-3060,-2071,-3287,16,158,0,63
retail_frame=1320 player=-3893,-2881,-1805,0,227,3,30 projectiles=047A,-1627,-3195,-1959,251,195,0,63;04B9,-3026,-3444,790,249,240,0,63;0966,-2912,-1979,-3455,16,158,0,63
retail_frame=1324 player=-3875,-2881,-1784,0,227,3,30 projectiles=047A,-1627,-3195,-1959,251,195,0,63;04B9,-2938,-3484,1010,249,240,0,63;0966,-2764,-1887,-3623,16,158,0,63
retail_frame=1328 player=-3857,-2881,-1763,0,227,2,30 projectiles=047A,-1383,-3223,-1947,251,195,0,63;04B9,-2850,-3524,1230,249,240,0,63;0966,-2616,-1795,-3791,16,158,0,63
retail_frame=1332 player=-3839,-2881,-1742,0,227,2,30 projectiles=047A,-1139,-3251,-1935,251,195,0,63;0966,-2468,-1703,-3959,16,158,0,63
retail_frame=1336 player=-3839,-2881,-1742,0,227,2,30 projectiles=047A,-895,-3279,-1923,251,195,0,63;0966,-2320,-1611,-4127,16,158,0,63
retail_frame=1340 player=-3821,-2881,-1721,0,227,1,30 projectiles=047A,-651,-3307,-1911,251,195,0,63;04B9,-4201,-186,-9589,233,255,0,63;0966,-2172,-1519,-4295,16,158,0,63
retail_frame=1344 player=-3803,-2881,-1700,0,227,0,30 projectiles=047A,-407,-3335,-1899,251,195,0,63;04B9,-4186,-436,-9021,234,255,0,63;0966,-2024,-1427,-4463,16,158,0,63
retail_frame=1348 player=-3785,-2881,-1679,0,227,255,30 projectiles=047A,-407,-3335,-1899,251,195,0,63;04B9,-4168,-559,-8661,234,254,0,63;0966,-2024,-1427,-4463,16,158,0,63
retail_frame=1352 player=-3767,-2881,-1658,0,227,254,30 projectiles=04B9,-4164,-683,-8453,234,254,0,63;0966,-1876,-1335,-4631,16,158,0,63
retail_frame=1356 player=-3749,-2881,-1637,0,227,254,30 projectiles=04B9,-4142,-923,-7881,235,254,0,63
retail_frame=1360 player=-3749,-2881,-1637,0,227,254,30 projectiles=04B9,-4117,-1156,-7302,236,254,0,63
retail_frame=1364 player=-3731,-2881,-1616,0,227,253,30 projectiles=04B9,-4092,-1386,-6723,236,254,0,63
retail_frame=1368 player=-3713,-2881,-1595,0,227,253,30 projectiles=04B9,-4064,-1606,-6144,237,254,0,63
retail_frame=1372 player=-3695,-2881,-1574,0,227,252,30 projectiles=04B9,-4025,-1815,-5558,238,253,0,63
retail_frame=1376 player=-3677,-2881,-1553,0,227,252,30 projectiles=04B9,-3983,-2018,-4972,238,253,0,63
retail_frame=1380 player=-3659,-2881,-1532,0,227,252,30 projectiles=04B9,-3940,-2213,-4382,239,253,0,63
retail_frame=1384 player=-3641,-2881,-1511,0,227,252,30 projectiles=04B9,-3892,-2392,-3789,240,253,0,63
retail_frame=1388 player=-3623,-2881,-1490,0,227,253,30 projectiles=04B9,-3892,-2392,-3789,240,253,0,63
retail_frame=1392 player=-3605,-2881,-1469,0,227,253,30 projectiles=04B9,-3837,-2553,-3192,242,252,0,63
retail_frame=1396 player=-3605,-2881,-1469,0,227,254,30 projectiles=04B9,-3768,-2701,-2591,243,251,0,63
retail_frame=1400 player=-3587,-2881,-1448,0,227,254,30 projectiles=04B9,-3690,-2825,-1983,245,251,0,63
retail_frame=1404 player=-3569,-2881,-1427,0,227,254,30 projectiles=04B9,-3654,-2865,-1747,250,248,0,63
retail_frame=1408 player=-3551,-2881,-1406,0,227,255,30 projectiles=04B9,-3614,-2897,-1511,250,248,0,63
retail_frame=1412 player=-3533,-2881,-1385,0,227,0,30 projectiles=04B9,-3574,-2929,-1275,250,248,0,63
retail_frame=1416 player=-3515,-2881,-1364,0,227,1,30 projectiles=04B9,-3534,-2961,-1039,250,248,0,63
retail_frame=1420 player=-3497,-2881,-1343,0,227,2,30 projectiles=04B9,-3534,-2961,-1039,250,248,0,63
retail_frame=1424 player=-3479,-2881,-1322,0,227,2,30 projectiles=04B9,-3494,-2993,-803,250,248,0,63
retail_frame=1428 player=-3461,-2881,-1301,0,227,3,30 projectiles=04B9,-3454,-3025,-567,250,248,0,63
retail_frame=1432 player=-3443,-2881,-1280,0,227,3,30 projectiles=04B9,-3414,-3057,-331,250,248,0,63
retail_frame=1436 player=-3443,-2881,-1280,0,227,4,30 projectiles=04B9,-3374,-3089,-95,250,248,0,63
retail_frame=1440 player=-3425,-2881,-1259,0,227,4,30 projectiles=04B9,-3334,-3121,141,250,248,0,63
retail_frame=1444 player=-3407,-2881,-1238,0,227,4,30 projectiles=04B9,-3294,-3153,377,250,248,0,63
retail_frame=1448 player=-3389,-2881,-1217,0,227,4,30 projectiles=04B9,-3254,-3185,613,250,248,0,63
retail_frame=1452 player=-3371,-2881,-1196,0,227,4,30 projectiles=04B9,-3214,-3217,849,250,248,0,63
retail_frame=1456 player=-3353,-2881,-1175,0,227,3,30 projectiles=04B9,-3174,-3249,1085,250,248,0,63
retail_frame=1460 player=-3335,-2881,-1154,0,227,3,30 projectiles=04B9,-3134,-3281,1321,250,248,0,63
retail_frame=1464 player=-3317,-2881,-1133,0,227,2,30 projectiles=04B9,-3094,-3313,1557,250,248,0,63
retail_frame=1468 player=-3299,-2881,-1112,0,227,2,30 projectiles=04B9,-3094,-3313,1557,250,248,0,63
retail_frame=1472 player=-3281,-2881,-1091,0,227,1,30 projectiles=04B9,-3054,-3345,1793,250,248,0,63
retail_frame=1476 player=-3263,-2881,-1070,0,227,0,30 projectiles=04B9,-3014,-3377,2029,250,248,0,63
retail_frame=1480 player=-3263,-2881,-1070,0,227,0,30 projectiles=04B9,-2974,-3409,2265,250,248,0,63
retail_frame=1484 player=-3245,-2881,-1049,0,227,255,30 projectiles=-
retail_frame=1488 player=-3227,-2881,-1028,0,227,254,30 projectiles=-
retail_frame=1492 player=-3209,-2881,-1007,0,227,254,30 projectiles=-
retail_frame=1496 player=-3191,-2881,-986,0,227,253,30 projectiles=-
retail_frame=1500 player=-3173,-2881,-965,0,227,253,30 projectiles=-
retail_frame=1504 player=-3155,-2881,-944,0,227,252,30 projectiles=-
retail_frame=1508 player=-3137,-2881,-923,0,227,252,30 projectiles=-
retail_frame=1512 player=-3119,-2881,-902,0,227,252,30 projectiles=-
retail_frame=1516 player=-3101,-2881,-881,0,227,252,30 projectiles=-
retail_frame=1520 player=-3083,-2881,-860,0,227,253,30 projectiles=-
retail_frame=1524 player=-3065,-2881,-839,0,227,253,30 projectiles=-
retail_frame=1528 player=-3065,-2881,-839,0,227,253,30 projectiles=-
retail_frame=1532 player=-3047,-2881,-818,0,227,254,30 projectiles=-
retail_frame=1536 player=-3029,-2881,-797,0,227,254,30 projectiles=-
retail_frame=1540 player=-3011,-2881,-776,0,227,255,30 projectiles=-
retail_frame=1544 player=-2993,-2881,-755,0,227,0,30 projectiles=-
retail_frame=1548 player=-2975,-2881,-734,0,227,1,30 projectiles=-
retail_frame=1552 player=-2957,-2881,-713,0,227,2,30 projectiles=-
retail_frame=1556 player=-2939,-2881,-692,0,227,2,30 projectiles=-
retail_frame=1560 player=-2921,-2881,-671,0,227,3,30 projectiles=-
retail_frame=1564 player=-2903,-2881,-650,0,227,3,30 projectiles=-
retail_frame=1568 player=-2885,-2881,-629,0,227,4,30 projectiles=-
retail_frame=1572 player=-2867,-2881,-608,0,227,4,30 projectiles=-
retail_frame=1576 player=-2849,-2881,-587,0,227,4,30 projectiles=-
retail_frame=1580 player=-2831,-2881,-566,0,227,4,30 projectiles=-
retail_frame=1584 player=-2831,-2881,-566,0,227,4,30 projectiles=-
retail_frame=1588 player=-2813,-2881,-545,0,227,3,30 projectiles=-
retail_frame=1592 player=-2795,-2881,-524,0,227,3,30 projectiles=-
retail_frame=1596 player=-2777,-2881,-503,0,227,2,30 projectiles=-
retail_frame=1600 player=-2759,-2881,-482,0,227,2,30 projectiles=-
retail_frame=1604 player=-2741,-2881,-461,0,227,1,30 projectiles=-
retail_frame=1608 player=-2723,-2881,-440,0,227,0,30 projectiles=-
retail_frame=1612 player=-2705,-2881,-419,0,227,255,30 projectiles=-
retail_frame=1616 player=-2687,-2881,-398,0,227,254,30 projectiles=-
retail_frame=1620 player=-2669,-2881,-377,0,227,254,30 projectiles=-
retail_frame=1624 player=-2651,-2881,-356,0,227,253,30 projectiles=-
retail_frame=1628 player=-2633,-2881,-335,0,227,253,30 projectiles=-
retail_frame=1632 player=-2615,-2881,-314,0,227,252,30 projectiles=-
retail_frame=1636 player=-2615,-2881,-314,0,227,252,30 projectiles=-
retail_frame=1640 player=-2597,-2881,-293,0,227,252,30 projectiles=-
retail_frame=1644 player=-2579,-2881,-272,0,227,252,30 projectiles=-
retail_frame=1648 player=-2561,-2881,-251,0,227,252,30 projectiles=-
retail_frame=1652 player=-2543,-2881,-230,0,227,253,30 projectiles=-
retail_frame=1656 player=-2525,-2881,-209,0,227,253,30 projectiles=-
retail_frame=1660 player=-2507,-2881,-188,0,227,254,30 projectiles=-
retail_frame=1664 player=-2489,-2881,-167,0,227,254,30 projectiles=-
retail_frame=1668 player=-2471,-2881,-146,0,227,255,30 projectiles=-
retail_frame=1672 player=-2453,-2881,-125,0,227,0,30 projectiles=-
retail_frame=1676 player=-2435,-2881,-104,0,227,1,30 projectiles=-
retail_frame=1680 player=-2417,-2881,-83,0,227,2,30 projectiles=-
retail_frame=1684 player=-2399,-2881,-62,0,227,2,30 projectiles=-
retail_frame=1688 player=-2381,-2881,-41,0,227,3,30 projectiles=-
retail_frame=1692 player=-2363,-2881,-20,0,227,3,30 projectiles=-
retail_frame=1696 player=-2345,-2881,1,0,227,4,30 projectiles=-
retail_frame=1700 player=-2327,-2881,22,0,227,4,30 projectiles=-
retail_frame=1704 player=-2309,-2881,43,0,227,4,30 projectiles=-
retail_frame=1708 player=-2291,-2881,64,0,227,4,30 projectiles=-
retail_frame=1712 player=-2273,-2881,85,0,227,3,30 projectiles=-
retail_frame=1716 player=-2255,-2881,106,0,227,3,30 projectiles=-
retail_frame=1720 player=-2237,-2881,127,0,227,2,30 projectiles=-
retail_frame=1724 player=-2237,-2881,127,0,227,2,30 projectiles=-
retail_frame=1728 player=-2219,-2881,148,0,227,2,30 projectiles=-
retail_frame=1732 player=-2201,-2881,169,0,227,1,30 projectiles=-
retail_frame=1736 player=-2183,-2881,190,0,227,0,30 projectiles=-
retail_frame=1740 player=-2165,-2881,211,0,227,255,30 projectiles=-
retail_frame=1744 player=-2147,-2881,232,0,227,254,30 projectiles=-
retail_frame=1748 player=-2129,-2881,253,0,227,254,30 projectiles=-
retail_frame=1752 player=-2111,-2881,274,0,227,253,30 projectiles=-
retail_frame=1756 player=-2093,-2881,295,0,227,253,30 projectiles=047A,-2420,-8391,-5789,41,255,0,63
retail_frame=1760 player=-2075,-2881,316,0,227,252,30 projectiles=047A,-2420,-8391,-5789,41,255,0,63
retail_frame=1764 player=-2057,-2881,337,0,227,252,30 projectiles=047A,-2402,-7932,-5375,40,254,0,63
retail_frame=1768 player=-2039,-2881,358,0,227,252,30 projectiles=047A,-2383,-7476,-4958,40,254,0,63
retail_frame=1772 player=-2021,-2881,379,0,227,252,30 projectiles=047A,-2364,-7027,-4532,39,254,0,63
retail_frame=1776 player=-2003,-2881,400,0,227,253,30 projectiles=047A,-2342,-6581,-4102,39,254,0,63
retail_frame=1780 player=-1985,-2881,421,0,227,253,30 projectiles=047A,-2320,-6141,-3667,38,254,0,63
retail_frame=1784 player=-1967,-2881,442,0,227,254,30 projectiles=047A,-2291,-5704,-3226,38,253,0,63
retail_frame=1788 player=-1949,-2881,463,0,227,254,30 projectiles=047A,-2259,-5277,-2778,37,253,0,63
retail_frame=1792 player=-1931,-2881,484,0,227,255,30 projectiles=047A,-2224,-4860,-2323,36,253,0,63
retail_frame=1796 player=-1913,-2881,505,0,227,0,30 projectiles=047A,-2186,-4453,-1858,35,253,0,63
retail_frame=1800 player=-1895,-2881,526,0,227,1,30 projectiles=047A,-2141,-4059,-1379,34,252,0,63
retail_frame=1804 player=-1877,-2881,547,0,227,2,30 projectiles=047A,-2091,-3686,-886,32,252,0,63
retail_frame=1808 player=-1877,-2881,547,0,227,2,30 projectiles=047A,-2026,-3336,-379,30,251,0,63
retail_frame=1812 player=-1859,-2881,568,0,227,2,30 projectiles=047A,-2002,-3184,-191,27,250,0,63
retail_frame=1816 player=-1841,-2881,589,0,227,3,30 projectiles=047A,-1978,-3032,-3,24,249,0,63
retail_frame=1820 player=-1823,-2881,610,0,227,3,30 projectiles=047A,-1946,-2896,197,24,249,0,63
retail_frame=1824 player=-1805,-2881,631,0,227,4,30 projectiles=0966,-5853,-5436,-7999,15,239,0,63;047A,-1914,-2760,397,11,247,0,63
retail_frame=1828 player=-1787,-2881,652,0,227,4,30 projectiles=0966,-5605,-5251,-7458,15,239,0,63;047A,-1866,-2696,625,11,247,0,63
retail_frame=1832 player=-1769,-2881,673,0,227,4,30 projectiles=0966,-5357,-5067,-6917,15,239,0,63;047A,-1818,-2632,853,11,247,0,63
retail_frame=1836 player=-1751,-2881,694,0,227,4,30 projectiles=0966,-5109,-4883,-6376,15,239,0,63;047A,-1770,-2568,1081,11,247,0,63
retail_frame=1840 player=-1733,-2881,715,0,227,3,30 projectiles=0966,-4860,-4710,-5835,14,239,0,63;047A,-1722,-2504,1309,11,247,0,63
retail_frame=1844 player=-1715,-2881,736,0,227,3,30 projectiles=0966,-4606,-4537,-5294,14,238,0,63;047A,-1674,-2440,1537,11,247,0,63
retail_frame=1848 player=-1697,-2881,757,0,227,2,30 projectiles=0966,-4351,-4367,-4753,14,238,0,63;047A,-1626,-2376,1765,11,247,0,63
retail_frame=1852 player=-1679,-2881,778,0,227,2,30 projectiles=0966,-4096,-4200,-4212,14,238,0,63;047A,-1578,-2312,1993,11,247,0,63
retail_frame=1856 player=-1661,-2881,799,0,227,1,30 projectiles=0966,-3841,-4037,-3671,13,238,0,63;047A,-1578,-2312,1993,11,247,0,63
retail_frame=1860 player=-1643,-2881,820,0,227,0,30 projectiles=0966,-3583,-3877,-3130,13,238,0,63;047A,-1530,-2248,2221,11,247,0,63
retail_frame=1864 player=-1625,-2881,841,0,227,255,30 projectiles=0966,-3325,-3718,-2589,13,238,0,63;047A,-1482,-2184,2449,11,247,0,63
retail_frame=1868 player=-1607,-2881,862,0,227,254,30 projectiles=0966,-3064,-3569,-2048,12,238,0,63;047A,-1434,-2120,2677,11,247,0,63
retail_frame=1872 player=-1589,-2881,883,0,227,254,30 projectiles=0966,-2803,-3423,-1507,12,238,0,63;047A,-1386,-2056,2905,11,247,0,63
retail_frame=1876 player=-1571,-2881,904,0,227,253,30 projectiles=0966,-2531,-3284,-966,11,237,0,63;047A,-1338,-1992,3133,11,247,0,63
retail_frame=1880 player=-1553,-2881,925,0,227,253,30 projectiles=0966,-2531,-3284,-966,11,237,0,63;047A,-1290,-1928,3361,11,247,0,63
retail_frame=1884 player=-1535,-2881,946,0,227,252,30 projectiles=0966,-2257,-3150,-425,11,237,0,63;047A,-1242,-1864,3589,11,247,0,63
retail_frame=1888 player=-1535,-2881,946,0,227,252,30 projectiles=0966,-1982,-3028,113,10,237,0,63;047A,-1194,-1800,3817,11,247,0,63
retail_frame=1892 player=-1517,-2881,967,0,227,252,30 projectiles=07EC,-7329,-2437,-7191,253,231,0,63;0966,-1874,-2976,321,8,236,0,63;047A,-1146,-1736,4045,11,247,0,63
retail_frame=1896 player=-1499,-2881,988,0,227,252,30 projectiles=07EC,-6974,-2471,-6686,253,231,0,63;0966,-1762,-2932,533,8,236,0,63;047A,-1146,-1736,4045,11,247,0,63
retail_frame=1900 player=-1481,-2881,1009,0,227,252,30 projectiles=07EC,-6619,-2505,-6181,253,231,0,63;0966,-1650,-2888,745,7,235,0,63
retail_frame=1904 player=-1463,-2881,1030,0,227,253,30 projectiles=07EC,-6264,-2539,-5676,253,231,0,63;0966,-1534,-2848,953,7,235,0,63
retail_frame=1908 player=-1463,-2881,1030,0,227,253,30 projectiles=07EC,-6264,-2539,-5676,253,231,0,63;0966,-1534,-2848,953,7,235,0,63
retail_frame=1912 player=-1445,-2881,1051,0,227,253,30 projectiles=07EC,-5908,-2573,-5171,253,231,0,63;0966,-1418,-2808,1161,7,235,0,63;086A,2555,-1220,-4773,242,25,0,63
retail_frame=1916 player=-1427,-2881,1072,0,227,254,30 projectiles=07EC,-5550,-2607,-4666,253,231,0,63;0966,-1302,-2768,1369,7,235,0,63;086A,2214,-1390,-4283,242,25,0,63
retail_frame=1920 player=-1409,-2881,1093,0,227,254,30 projectiles=07EC,-5192,-2640,-4161,253,231,0,63;0966,-1186,-2728,1577,7,235,0,63;086A,1876,-1557,-3793,242,25,0,63
retail_frame=1924 player=-1391,-2881,1114,0,227,255,30 projectiles=07EC,-4834,-2671,-3656,253,231,0,63;0966,-1070,-2688,1785,7,235,0,63;086A,1876,-1557,-3793,242,25,0,63
retail_frame=1928 player=-1391,-2881,1114,0,227,255,30 projectiles=07EC,-4834,-2671,-3656,253,231,0,63;0966,-1070,-2688,1785,7,235,0,63;086A,1542,-1719,-3296,243,24,0,63
retail_frame=1932 player=-1373,-2881,1135,0,227,0,30 projectiles=07EC,-4476,-2702,-3153,253,231,0,63;0966,-954,-2648,1993,7,235,0,63;086A,1211,-1879,-2799,243,24,0,63
retail_frame=1936 player=-1355,-2881,1156,0,227,1,30 projectiles=07EC,-4118,-2725,-2651,254,231,0,63;0966,-838,-2608,2201,7,235,0,63;086A,880,-2036,-2301,243,24,0,63
retail_frame=1940 player=-1337,-2881,1177,0,227,2,30 projectiles=07EC,-3760,-2748,-2149,254,231,0,63;0966,-722,-2568,2409,7,235,0,63;086A,548,-2182,-1797,244,24,0,63
retail_frame=1944 player=-1319,-2881,1198,0,227,2,30 projectiles=07EC,-3402,-2771,-1647,254,231,0,63;0966,-606,-2528,2617,7,235,0,63;086A,227,-2325,-1286,244,23,0,63
retail_frame=1948 player=-1301,-2881,1219,0,227,3,30 projectiles=07EC,-3041,-2793,-1145,254,231,0,63;0966,-490,-2488,2825,7,235,0,63;086A,227,-2325,-1286,244,23,0,63
retail_frame=1952 player=-1301,-2881,1219,0,227,3,30 projectiles=07EC,-3041,-2793,-1145,254,231,0,63;0966,-490,-2488,2825,7,235,0,63;086A,-93,-2461,-773,245,23,0,63
retail_frame=1956 player=-1283,-2881,1240,0,227,3,30 projectiles=07EC,-2680,-2813,-643,254,231,0,63;0966,-374,-2448,3033,7,235,0,63;086A,-408,-2594,-259,245,23,0,63
retail_frame=1960 player=-1265,-2881,1261,0,227,4,30 projectiles=07EC,-2315,-2833,-142,254,230,0,63;0966,-258,-2408,3241,7,235,0,63;086A,-716,-2713,265,246,22,0,63
retail_frame=1964 player=-1247,-2881,1282,0,227,4,30 projectiles=07EC,-1947,-2853,357,254,230,0,63;0966,-142,-2368,3449,7,235,0,63;086A,-1011,-2822,799,247,21,0,63
retail_frame=1968 player=-1229,-2881,1303,0,227,4,30 projectiles=07EC,-1579,-2871,856,254,230,0,63;0966,-26,-2328,3657,7,235,0,63;086A,-1119,-2862,1011,250,18,0,63
retail_frame=1972 player=-1229,-2881,1303,0,227,4,30 projectiles=07EC,-1579,-2871,856,254,230,0,63;0966,-26,-2328,3657,7,235,0,63;086A,-1119,-2862,1011,250,18,0,63
retail_frame=1976 player=-1211,-2881,1324,0,227,4,30 projectiles=07EC,-1431,-2875,1048,255,229,0,63;0966,90,-2288,3865,7,235,0,63;086A,-1219,-2894,1227,250,18,0,63
retail_frame=1980 player=-1193,-2881,1345,0,227,3,30 projectiles=07EC,-1283,-2879,1240,255,228,0,63;0966,206,-2248,4073,7,235,0,63;086A,-1319,-2926,1443,250,18,0,63
retail_frame=1984 player=-1175,-2881,1366,0,227,3,30 projectiles=07EC,-1131,-2883,1428,255,228,0,63;0966,322,-2208,4281,7,235,0,63;086A,-1419,-2958,1659,250,18,0,63
retail_frame=1988 player=-1157,-2881,1387,0,227,2,30 projectiles=07EC,-1131,-2883,1428,255,228,0,63;0966,322,-2208,4281,7,235,0,63;086A,-1519,-2990,1875,250,18,0,63
retail_frame=1992 player=-1139,-2881,1408,0,227,2,30 projectiles=086A,-1619,-3022,2091,250,18,0,63
retail_frame=1996 player=-1121,-2881,1429,0,227,1,30 projectiles=086A,-1719,-3054,2307,250,18,0,63
retail_frame=2000 player=-1103,-2881,1450,0,227,0,30 projectiles=086A,-1819,-3086,2523,250,18,0,63
retail_frame=2004 player=-1085,-2881,1471,0,227,255,30 projectiles=086A,-1919,-3118,2739,250,18,0,63
retail_frame=2008 player=-1067,-2881,1492,0,227,254,30 projectiles=086A,-2019,-3150,2955,250,18,0,63
retail_frame=2012 player=-1049,-2881,1513,0,227,254,30 projectiles=086A,-2119,-3182,3171,250,18,0,63
retail_frame=2016 player=-1031,-2881,1534,0,227,253,30 projectiles=086A,-2119,-3182,3171,250,18,0,63
retail_frame=2020 player=-1013,-2881,1555,0,227,253,30 projectiles=086A,-2219,-3214,3387,250,18,0,63
retail_frame=2024 player=-995,-2881,1576,0,227,252,30 projectiles=086A,-2319,-3246,3603,250,18,0,63
retail_frame=2028 player=-977,-2881,1597,0,227,252,30 projectiles=086A,-2419,-3278,3819,250,18,0,63
retail_frame=2032 player=-977,-2881,1597,0,227,252,30 projectiles=086A,-2519,-3310,4035,250,18,0,63
retail_frame=2036 player=-959,-2881,1618,0,227,252,30 projectiles=086A,-2619,-3342,4251,250,18,0,63
retail_frame=2040 player=-941,-2881,1639,0,227,252,30 projectiles=086A,-2719,-3374,4467,250,18,0,63
retail_frame=2044 player=-923,-2881,1660,0,227,253,30 projectiles=086A,-2819,-3406,4683,250,18,0,63
retail_frame=2048 player=-905,-2881,1681,0,227,253,30 projectiles=086A,-2819,-3406,4683,250,18,0,63
retail_frame=2052 player=-887,-2881,1702,0,227,254,30 projectiles=-
retail_frame=2056 player=-869,-2881,1723,0,227,254,30 projectiles=-
retail_frame=2060 player=-851,-2881,1744,0,227,255,30 projectiles=-
retail_frame=2064 player=-833,-2881,1765,0,227,0,30 projectiles=-
retail_frame=2068 player=-815,-2881,1786,0,227,1,30 projectiles=-
retail_frame=2072 player=-797,-2881,1807,0,227,2,30 projectiles=-
retail_frame=2076 player=-779,-2881,1828,0,227,2,30 projectiles=-
retail_frame=2080 player=-761,-2881,1849,0,227,3,30 projectiles=-
retail_frame=2084 player=-743,-2881,1870,0,227,3,30 projectiles=-
retail_frame=2088 player=-725,-2881,1891,0,227,4,30 projectiles=-
retail_frame=2092 player=-707,-2881,1912,0,227,4,30 projectiles=-
retail_frame=2096 player=-707,-2881,1912,0,227,4,30 projectiles=-
retail_frame=2100 player=-689,-2881,1933,0,227,4,30 projectiles=-
retail_frame=2104 player=-671,-2881,1954,0,227,4,30 projectiles=-
retail_frame=2108 player=-653,-2881,1975,0,227,3,30 projectiles=-
retail_frame=2112 player=-635,-2881,1996,0,227,3,30 projectiles=-
retail_frame=2116 player=-617,-2881,2017,0,227,2,30 projectiles=-
retail_frame=2120 player=-599,-2881,2038,0,227,2,30 projectiles=-
retail_frame=2124 player=-581,-2881,2059,0,227,1,30 projectiles=-
retail_frame=2128 player=-563,-2881,2080,0,227,0,30 projectiles=-
retail_frame=2132 player=-545,-2881,2101,0,227,255,30 projectiles=-
retail_frame=2136 player=-527,-2881,2122,0,227,254,30 projectiles=-
retail_frame=2140 player=-509,-2881,2143,0,227,254,30 projectiles=-
retail_frame=2144 player=-491,-2881,2164,0,227,253,30 projectiles=-
retail_frame=2148 player=-473,-2881,2185,0,227,253,30 projectiles=-
retail_frame=2152 player=-455,-2881,2206,0,227,252,30 projectiles=-
retail_frame=2156 player=-437,-2881,2227,0,227,252,30 projectiles=-
retail_frame=2160 player=-419,-2881,2248,0,227,252,30 projectiles=-
retail_frame=2164 player=-401,-2881,2269,0,227,252,30 projectiles=-
retail_frame=2168 player=-383,-2881,2290,0,227,253,30 projectiles=-
retail_frame=2172 player=-383,-2881,2290,0,227,253,30 projectiles=-
retail_frame=2176 player=-365,-2881,2311,0,227,253,30 projectiles=086A,-5904,-1129,-1108,240,215,0,63
retail_frame=2180 player=-347,-2881,2332,0,227,254,30 projectiles=086A,-5404,-1323,-800,240,215,0,63
retail_frame=2184 player=-329,-2881,2353,0,227,254,30 projectiles=086A,-5092,-1422,-608,241,215,0,63
retail_frame=2188 player=-311,-2881,2374,0,227,255,30 projectiles=086A,-4904,-1510,-492,241,215,0,63
retail_frame=2192 player=-293,-2881,2395,0,227,0,30 projectiles=086A,-4404,-1694,-181,241,215,0,63
retail_frame=2196 player=-293,-2881,2395,0,227,0,30 projectiles=086A,-3904,-1875,130,241,215,0,63
retail_frame=2200 player=-275,-2881,2416,0,227,1,30 projectiles=086A,-3400,-2045,441,242,215,0,63
retail_frame=2204 player=-257,-2881,2437,0,227,2,30 projectiles=086A,-2896,-2208,759,243,215,0,63
retail_frame=2208 player=-239,-2881,2458,0,227,2,30 projectiles=086A,-2392,-2365,1077,243,215,0,63
retail_frame=2212 player=-221,-2881,2479,0,227,3,30 projectiles=086A,-1888,-2511,1406,244,216,0,63
retail_frame=2216 player=-203,-2881,2500,0,227,3,30 projectiles=086A,-1381,-2647,1735,245,216,0,63
retail_frame=2220 player=-185,-2881,2521,0,227,4,30 projectiles=086A,-1381,-2647,1735,245,216,0,63
retail_frame=2224 player=-167,-2881,2542,0,227,4,30 projectiles=086A,-870,-2766,2067,246,216,0,63
retail_frame=2228 player=-167,-2881,2542,0,227,4,30 projectiles=086A,-674,-2818,2195,247,216,0,63
retail_frame=2232 player=-149,-2881,2563,0,227,4,30 projectiles=086A,-478,-2870,2323,248,217,0,63
retail_frame=2236 player=-131,-2881,2584,0,227,4,30 projectiles=086A,-286,-2914,2455,248,217,0,63
retail_frame=2240 player=-113,-2881,2605,0,227,3,30 projectiles=086A,-94,-2958,2587,248,217,0,63
retail_frame=2244 player=-95,-2881,2626,0,227,3,30 projectiles=086A,98,-3002,2719,248,217,0,63
retail_frame=2248 player=-77,-2881,2647,0,227,2,30 projectiles=086A,290,-3046,2851,248,217,0,63
retail_frame=2252 player=-59,-2881,2668,0,227,2,30 projectiles=086A,290,-3046,2851,248,217,0,63
retail_frame=2256 player=-41,-2881,2689,0,227,1,30 projectiles=086A,482,-3090,2983,248,217,0,63
retail_frame=2260 player=-23,-2881,2710,0,227,0,30 projectiles=086A,674,-3134,3115,248,217,0,63
retail_frame=2264 player=-5,-2881,2731,0,227,255,30 projectiles=086A,866,-3178,3247,248,217,0,63
retail_frame=2268 player=-5,-2881,2731,0,227,255,30 projectiles=086A,1058,-3222,3379,248,217,0,63
retail_frame=2272 player=13,-2881,2752,0,227,254,30 projectiles=086A,1250,-3266,3511,248,217,0,63
retail_frame=2276 player=31,-2881,2773,0,227,254,30 projectiles=086A,1442,-3310,3643,248,217,0,63
retail_frame=2280 player=49,-2881,2794,0,227,253,30 projectiles=086A,1634,-3354,3775,248,217,0,63
retail_frame=2284 player=67,-2881,2815,0,227,253,30 projectiles=086A,1826,-3398,3907,248,217,0,63
retail_frame=2288 player=85,-2881,2836,0,227,252,30 projectiles=086A,2018,-3442,4039,248,217,0,63
retail_frame=2292 player=103,-2881,2857,0,227,252,30 projectiles=086A,2210,-3486,4171,248,217,0,63
retail_frame=2296 player=121,-2881,2878,0,227,252,30 projectiles=086A,2402,-3530,4303,248,217,0,63
retail_frame=2300 player=139,-2881,2899,0,227,252,30 projectiles=086A,2594,-3574,4435,248,217,0,63
retail_frame=2304 player=157,-2881,2920,0,227,253,30 projectiles=086A,2594,-3574,4435,248,217,0,63
retail_frame=2308 player=175,-2881,2941,0,227,253,30 projectiles=086A,2786,-3618,4567,248,217,0,63
retail_frame=2312 player=193,-2881,2962,0,227,254,30 projectiles=-
retail_frame=2316 player=193,-2881,2962,0,227,254,30 projectiles=-
retail_frame=2320 player=211,-2881,2983,0,227,254,30 projectiles=-
retail_frame=2324 player=247,-2881,3025,0,227,0,30 projectiles=-
retail_frame=2328 player=265,-2881,3046,0,227,1,30 projectiles=-
retail_frame=2332 player=283,-2881,3067,0,227,2,30 projectiles=-
retail_frame=2336 player=301,-2881,3088,0,227,2,30 projectiles=-
retail_frame=2340 player=319,-2881,3109,0,227,3,30 projectiles=-
retail_frame=2344 player=319,-2881,3109,0,227,3,30 projectiles=-
retail_frame=2348 player=337,-2881,3130,0,227,3,30 projectiles=-
retail_frame=2352 player=355,-2881,3151,0,227,4,30 projectiles=-
retail_frame=2356 player=373,-2881,3172,0,227,4,30 projectiles=-
retail_frame=2360 player=391,-2881,3193,0,227,4,30 projectiles=-
retail_frame=2364 player=409,-2881,3214,0,227,4,30 projectiles=-
retail_frame=2368 player=427,-2881,3235,0,227,3,30 projectiles=-
retail_frame=2372 player=445,-2881,3256,0,227,3,30 projectiles=-
retail_frame=2376 player=463,-2881,3277,0,227,2,30 projectiles=-
retail_frame=2380 player=481,-2881,3298,0,227,2,30 projectiles=-
retail_frame=2384 player=499,-2881,3319,0,227,1,30 projectiles=-
retail_frame=2388 player=517,-2881,3340,0,227,0,30 projectiles=-
retail_frame=2392 player=535,-2881,3361,0,227,255,30 projectiles=-
retail_frame=2396 player=553,-2881,3382,0,227,254,30 projectiles=-
retail_frame=2400 player=571,-2881,3403,0,227,254,30 projectiles=-
retail_frame=2404 player=589,-2881,3424,0,227,253,30 projectiles=-
retail_frame=2408 player=607,-2881,3445,0,227,253,30 projectiles=-
retail_frame=2412 player=625,-2881,3466,0,227,252,30 projectiles=-
retail_frame=2416 player=643,-2881,3487,0,227,252,30 projectiles=-
retail_frame=2420 player=661,-2881,3508,0,227,252,30 projectiles=-
retail_frame=2424 player=679,-2881,3529,0,227,252,30 projectiles=-
retail_frame=2428 player=697,-2881,3550,0,227,253,30 projectiles=-
retail_frame=2432 player=715,-2881,3571,0,227,253,30 projectiles=-
retail_frame=2436 player=733,-2881,3592,0,227,254,30 projectiles=-
retail_frame=2440 player=751,-2881,3613,0,227,254,30 projectiles=-
retail_frame=2444 player=769,-2881,3634,0,227,255,30 projectiles=-
retail_frame=2448 player=769,-2881,3634,0,227,255,30 projectiles=-
retail_frame=2452 player=787,-2881,3655,0,227,0,30 projectiles=086A,6127,-2784,8466,255,94,0,63
retail_frame=2456 player=805,-2881,3676,0,227,1,30 projectiles=086A,5662,-2794,8048,255,94,0,63
retail_frame=2460 player=823,-2881,3697,0,227,2,30 projectiles=086A,5197,-2804,7630,255,94,0,63
retail_frame=2464 player=841,-2881,3718,0,227,2,30 projectiles=086A,4732,-2814,7212,255,94,0,63
retail_frame=2468 player=859,-2881,3739,0,227,3,30 projectiles=086A,4267,-2824,6794,255,94,0,63
retail_frame=2472 player=877,-2881,3760,0,227,3,30 projectiles=086A,3982,-2830,6539,255,94,0,63
retail_frame=2476 player=895,-2881,3781,0,227,4,30 projectiles=086A,3802,-2834,6379,255,94,0,63
retail_frame=2480 player=913,-2881,3802,0,227,4,30 projectiles=086A,3337,-2844,5963,255,94,0,63
retail_frame=2484 player=931,-2881,3823,0,227,4,30 projectiles=086A,2872,-2854,5548,255,94,0,63
retail_frame=2488 player=931,-2881,3823,0,227,4,30 projectiles=086A,2407,-2864,5133,255,94,0,63
retail_frame=2492 player=949,-2881,3844,0,227,4,30 projectiles=086A,1939,-2873,4718,255,94,0,63
retail_frame=2496 player=967,-2881,3865,0,227,3,30 projectiles=086A,1471,-2880,4303,255,94,0,63
retail_frame=2500 player=985,-2881,3886,0,227,3,30 projectiles=086A,1291,-2880,4143,0,94,0,63
retail_frame=2504 player=1003,-2881,3907,0,227,2,30 projectiles=086A,1111,-2880,3983,255,93,0,63
retail_frame=2508 player=1021,-2881,3928,0,227,32,30 projectiles=086A,927,-2884,3827,255,93,0,63
retail_frame=2512 player=1039,-2881,3949,0,227,28,30 projectiles=086A,743,-2888,3671,255,93,0,63
retail_frame=2516 player=1057,-2881,3970,0,227,24,30 projectiles=086A,743,-2888,3671,255,93,0,63
retail_frame=2520 player=1075,-2881,3991,0,227,20,30 projectiles=082B,4214,1,8574,229,104,0,63
retail_frame=2524 player=1093,-2881,4012,0,227,17,30 projectiles=082B,4110,-151,8418,229,104,0,63
retail_frame=2528 player=1111,-2881,4033,0,227,15,30 projectiles=082B,3811,-477,7980,229,104,0,63
retail_frame=2532 player=1129,-2881,4054,0,227,12,30 projectiles=082B,3508,-794,7537,230,104,0,63
retail_frame=2536 player=1147,-2881,4075,0,227,11,30 projectiles=082B,3205,-1109,7092,230,104,0,63
retail_frame=2540 player=1165,-2881,4096,0,227,9,30 projectiles=082B,2902,-1421,6647,230,104,0,63
retail_frame=2544 player=1183,-2881,4117,0,227,8,30 projectiles=082B,2599,-1725,6195,231,104,0,63
retail_frame=2548 player=1201,-2881,4138,0,227,7,30 projectiles=082B,2293,-2024,5743,231,104,0,63
retail_frame=2552 player=1219,-2881,4159,0,227,6,30 projectiles=082B,1987,-2313,5288,232,104,0,63
retail_frame=2556 player=1237,-2881,4180,0,227,6,30 projectiles=082B,1674,-2586,4826,235,104,0,63
retail_frame=2560 player=1255,-2881,4201,0,227,5,30 projectiles=082B,1442,-2826,4482,238,104,0,63
retail_frame=2564 player=1273,-2881,4222,0,227,5,30 projectiles=082B,1322,-2930,4302,238,104,0,63
retail_frame=2568 player=1291,-2881,4243,0,227,4,30 projectiles=082B,1322,-2930,4302,238,104,0,63
retail_frame=2572 player=1309,-2881,4264,0,227,4,30 projectiles=082B,1202,-3034,4122,238,104,0,63
retail_frame=2576 player=1327,-2881,4285,0,227,4,30 projectiles=082B,962,-3242,3762,238,104,0,63
retail_frame=2580 player=1345,-2881,4306,0,227,4,30 projectiles=082B,842,-3346,3582,238,104,0,63
retail_frame=2584 player=1363,-2881,4327,0,227,4,30 projectiles=082B,842,-3346,3582,238,104,0,63
retail_frame=2588 player=1381,-2881,4348,0,227,3,30 projectiles=06B1,1969,2095,7821,208,121,0,63;082B,722,-3450,3402,238,104,0,63
retail_frame=2592 player=1399,-2881,4369,0,227,3,30 projectiles=06B1,1918,1555,7514,208,122,0,63;082B,602,-3554,3222,238,104,0,63
retail_frame=2596 player=1417,-2881,4390,0,227,3,30 projectiles=06B1,1867,1015,7196,209,122,0,63;082B,482,-3658,3042,238,104,0,63
retail_frame=2600 player=1435,-2881,4411,0,227,4,30 projectiles=06B1,1816,478,6875,209,122,0,63;082B,362,-3762,2862,238,104,0,63
retail_frame=2604 player=1453,-2881,4432,0,227,4,30 projectiles=06B1,1765,-56,6551,209,122,0,63;082B,242,-3866,2682,238,104,0,63
retail_frame=2608 player=1471,-2881,4453,0,227,4,30 projectiles=06B1,1717,-589,6224,209,122,0,63;082B,122,-3970,2502,238,104,0,63
retail_frame=2612 player=1489,-2881,4474,0,227,4,30 projectiles=06B1,1673,-1113,5883,210,123,0,63;082B,2,-4074,2322,238,104,0,63
retail_frame=2616 player=1489,-2881,4474,0,227,3,30 projectiles=06B1,1629,-1634,5539,210,123,0,63;082B,-118,-4178,2142,238,104,0,63
retail_frame=2620 player=1507,-2881,4495,0,227,3,30 projectiles=06B1,1584,-2145,5182,211,123,0,63;082B,-238,-4282,1962,238,104,0,63
retail_frame=2624 player=1525,-2881,4516,0,227,3,30 projectiles=06B1,1576,-2365,5070,212,124,0,63;082B,-358,-4386,1782,238,104,0,63
retail_frame=2628 player=1543,-2881,4537,0,227,2,30 projectiles=06B1,1568,-2585,4958,214,125,0,63;082B,-478,-4490,1602,238,104,0,63
retail_frame=2632 player=1561,-2881,4558,0,227,2,30 projectiles=06B1,1560,-2797,4834,214,125,0,63;082B,-598,-4594,1422,238,104,0,63
retail_frame=2636 player=1579,-2881,4579,0,227,1,30 projectiles=06B1,1552,-3009,4710,234,126,0,63
retail_frame=2640 player=1597,-2881,4600,0,227,0,30 projectiles=06B1,1548,-3133,4502,234,126,0,63
retail_frame=2644 player=1633,-2881,4642,0,227,254,30 projectiles=06B1,1544,-3257,4294,234,126,0,63
retail_frame=2648 player=1633,-2881,4642,0,227,254,30 projectiles=06B1,1540,-3381,4086,234,126,0,63
retail_frame=2652 player=1651,-2881,4663,0,227,254,30 projectiles=082B,-1178,1527,6829,211,166,0,63;06B1,1536,-3505,3878,234,126,0,63
retail_frame=2656 player=1669,-2881,4684,0,227,253,30 projectiles=082B,-897,1008,6618,212,166,0,63;06B1,1532,-3629,3670,234,126,0,63
retail_frame=2660 player=1687,-2881,4705,0,227,253,30 projectiles=082B,-613,491,6407,212,166,0,63;06B1,1528,-3753,3462,234,126,0,63
retail_frame=2664 player=1705,-2881,4726,0,227,252,30 projectiles=082B,-319,-18,6194,213,167,0,63;06B1,1524,-3877,3254,234,126,0,63
retail_frame=2668 player=1723,-2881,4747,0,227,252,30 projectiles=082B,-22,-522,5980,213,167,0,63;06B1,1520,-4001,3046,234,126,0,63
retail_frame=2672 player=1741,-2881,4768,0,227,252,30 projectiles=082B,285,-1019,5762,214,168,0,63;06B1,1516,-4125,2838,234,126,0,63
retail_frame=2676 player=1759,-2881,4789,0,227,252,30 projectiles=082B,605,-1506,5544,215,168,0,63;06B1,1512,-4249,2630,234,126,0,63
retail_frame=2680 player=1777,-2881,4810,0,227,253,30 projectiles=082B,942,-1980,5326,216,169,0,63;06B1,1508,-4373,2422,234,126,0,63
retail_frame=2684 player=1795,-2881,4831,0,227,253,30 projectiles=082B,1062,-2180,5258,218,170,0,63;06B1,1504,-4497,2214,234,126,0,63
retail_frame=2688 player=1813,-2881,4852,0,227,254,30 projectiles=082B,1186,-2380,5186,218,170,0,63;06B1,1504,-4497,2214,234,126,0,63
retail_frame=2692 player=1831,-2881,4873,0,227,254,30 projectiles=082B,1186,-2380,5186,218,170,0,63;06B1,1500,-4621,2006,234,126,0,63
retail_frame=2696 player=1849,-2881,4894,0,227,255,30 projectiles=082B,1310,-2580,5114,220,171,0,63;06B1,1496,-4745,1798,234,126,0,63
retail_frame=2700 player=1867,-2881,4915,0,227,0,30 projectiles=082B,1442,-2772,5042,220,171,0,63;06B1,1492,-4869,1590,234,126,0,63
retail_frame=2704 player=1885,-2881,4936,0,227,1,30 projectiles=082B,1574,-2964,4970,233,173,0,63;06B1,1488,-4993,1382,234,126,0,63
retail_frame=2708 player=1903,-2881,4957,0,227,2,30 projectiles=082B,1754,-3092,4878,233,173,0,63
retail_frame=2712 player=1921,-2881,4978,0,227,2,30 projectiles=082B,1934,-3220,4786,233,173,0,63
retail_frame=2716 player=1939,-2881,4999,0,227,3,30 projectiles=082B,2114,-3348,4694,233,173,0,63
retail_frame=2720 player=1957,-2881,5020,0,227,3,30 projectiles=082B,2294,-3476,4602,233,173,0,63
retail_frame=2724 player=1975,-2881,5041,0,227,4,30 projectiles=082B,2474,-3604,4510,233,173,0,63
retail_frame=2728 player=1993,-2881,5062,0,227,4,30 projectiles=082B,2654,-3732,4418,233,173,0,63
retail_frame=2732 player=2011,-2881,5083,0,227,4,30 projectiles=082B,2834,-3860,4326,233,173,0,63
retail_frame=2736 player=2029,-2881,5104,0,227,4,30 projectiles=082B,3014,-3988,4234,233,173,0,63
retail_frame=2740 player=2047,-2881,5125,0,227,3,30 projectiles=082B,3374,-4244,4050,233,173,0,63
retail_frame=2744 player=2065,-2881,5146,0,227,3,30 projectiles=082B,3554,-4372,3958,233,173,0,63
retail_frame=2748 player=2083,-2881,5167,0,227,2,30 projectiles=082B,3734,-4500,3866,233,173,0,63
retail_frame=2752 player=2101,-2881,5188,0,227,2,30 projectiles=082B,3914,-4628,3774,233,173,0,63
retail_frame=2756 player=2119,-2881,5209,0,227,1,30 projectiles=082B,4094,-4756,3682,233,173,0,63
retail_frame=2760 player=2137,-2881,5230,0,227,0,30 projectiles=082B,4274,-4884,3590,233,173,0,63
retail_frame=2764 player=2155,-2881,5251,0,227,255,30 projectiles=082B,4454,-5012,3498,233,173,0,63
retail_frame=2768 player=2173,-2881,5272,0,227,254,30 projectiles=082B,4454,-5012,3498,233,173,0,63
retail_frame=2772 player=2191,-2881,5293,0,227,254,30 projectiles=-
retail_frame=2776 player=2209,-2881,5314,0,227,253,30 projectiles=-
retail_frame=2780 player=2227,-2881,5335,0,227,253,30 projectiles=-
retail_frame=2784 player=2245,-2881,5356,0,227,252,30 projectiles=-
retail_frame=2788 player=2263,-2881,5377,0,227,252,30 projectiles=-
retail_frame=2792 player=2299,-2881,5419,0,227,252,30 projectiles=-
retail_frame=2796 player=2317,-2881,5440,0,227,253,30 projectiles=-
retail_frame=2800 player=2335,-2881,5461,0,227,253,30 projectiles=-
retail_frame=2804 player=2353,-2881,5482,0,227,254,30 projectiles=-
retail_frame=2808 player=2371,-2881,5503,0,227,254,30 projectiles=-
retail_frame=2812 player=2389,-2881,5524,0,227,255,30 projectiles=-
retail_frame=2816 player=2407,-2881,5545,0,227,0,30 projectiles=-
retail_frame=2820 player=2425,-2881,5566,0,227,1,30 projectiles=-
retail_frame=2824 player=2443,-2881,5587,0,227,2,30 projectiles=-
retail_frame=2828 player=2479,-2881,5629,0,227,3,30 projectiles=-
retail_frame=2832 player=2497,-2881,5650,0,227,3,30 projectiles=-
retail_frame=2836 player=2497,-2881,5650,0,227,3,30 projectiles=-
retail_frame=2840 player=2533,-2881,5692,0,227,4,30 projectiles=-
retail_frame=2844 player=2551,-2881,5713,0,227,4,30 projectiles=-
retail_frame=2848 player=2569,-2881,5734,0,227,4,30 projectiles=-
retail_frame=2852 player=2587,-2881,5755,0,227,3,30 projectiles=-
retail_frame=2856 player=2605,-2881,5776,0,227,3,30 projectiles=-
retail_frame=2860 player=2623,-2881,5797,0,227,2,30 projectiles=-
retail_frame=2864 player=2659,-2881,5839,0,227,1,30 projectiles=-
retail_frame=2868 player=2677,-2881,5860,0,227,0,30 projectiles=-
retail_frame=2872 player=2695,-2881,5881,0,227,255,30 projectiles=-
retail_frame=2876 player=2713,-2881,5902,0,227,254,30 projectiles=-
retail_frame=2880 player=2731,-2881,5923,0,227,254,30 projectiles=-
retail_frame=2884 player=2749,-2881,5944,0,227,253,30 projectiles=-
retail_frame=2888 player=2785,-2881,5986,0,227,252,30 projectiles=-
retail_frame=2892 player=2803,-2881,6007,0,227,252,30 projectiles=-
retail_frame=2896 player=2821,-2881,6028,0,227,252,30 projectiles=-
retail_frame=2900 player=2839,-2881,6049,0,227,252,30 projectiles=-
retail_frame=2904 player=2857,-2881,6070,0,227,253,30 projectiles=-
retail_frame=2908 player=2875,-2881,6091,0,227,253,30 projectiles=-
retail_frame=2912 player=2911,-2881,6133,0,227,254,30 projectiles=-
retail_frame=2916 player=2929,-2881,6154,0,227,255,30 projectiles=-
retail_frame=2920 player=2947,-2881,6175,0,227,0,30 projectiles=-
retail_frame=2924 player=2965,-2881,6196,0,227,1,30 projectiles=-
retail_frame=2928 player=2983,-2881,6217,0,227,2,30 projectiles=-
retail_frame=2932 player=3019,-2881,6259,0,227,3,30 projectiles=-
retail_frame=2936 player=3037,-2881,6280,0,227,3,30 projectiles=-
retail_frame=2940 player=3055,-2881,6301,0,227,4,30 projectiles=-
retail_frame=2944 player=3073,-2881,6322,0,227,4,30 projectiles=-
retail_frame=2948 player=3091,-2881,6343,0,227,4,30 projectiles=-
retail_frame=2952 player=3109,-2881,6364,0,227,4,30 projectiles=-
retail_frame=2956 player=3127,-2881,6385,0,227,3,30 projectiles=-
retail_frame=2960 player=3145,-2881,6406,0,227,3,30 projectiles=-
retail_frame=2964 player=3163,-2881,6427,0,227,2,30 projectiles=-
retail_frame=2968 player=3199,-2881,6469,0,227,1,30 projectiles=-
retail_frame=2972 player=3217,-2881,6490,0,227,0,30 projectiles=-
retail_frame=2976 player=3235,-2881,6511,0,227,255,30 projectiles=-
retail_frame=2980 player=3253,-2881,6532,0,227,254,30 projectiles=-
retail_frame=2984 player=3271,-2881,6553,0,227,254,30 projectiles=-
retail_frame=2988 player=3289,-2881,6574,0,227,253,30 projectiles=-
retail_frame=2992 player=3307,-2881,6595,0,227,253,30 projectiles=-
retail_frame=2996 player=3343,-2881,6637,0,227,252,30 projectiles=-
retail_frame=3000 player=3361,-2881,6658,0,227,252,30 projectiles=-
retail_frame=3004 player=3379,-2881,6679,0,227,252,30 projectiles=-
retail_frame=3008 player=3397,-2881,6700,0,227,253,30 projectiles=0966,-5285,-958,12132,244,170,0,63
retail_frame=3012 player=3415,-2881,6721,0,227,253,30 projectiles=0966,-4769,-1094,11814,245,170,0,63
retail_frame=3016 player=3433,-2881,6742,0,227,254,30 projectiles=0966,-4253,-1230,11497,245,170,0,63
retail_frame=3020 player=3451,-2881,6763,0,227,254,30 projectiles=0966,-3735,-1365,11180,245,170,0,63
retail_frame=3024 player=3469,-2881,6784,0,227,255,30 projectiles=0966,-3217,-1498,10863,245,170,0,63
retail_frame=3028 player=3487,-2881,6805,0,227,0,30 projectiles=0966,-2485,-1675,10416,245,170,0,63
retail_frame=3032 player=3505,-2881,6826,0,227,1,30 projectiles=0966,-1657,-1883,9921,246,170,0,63
retail_frame=3036 player=3523,-2881,6847,0,227,2,30 projectiles=0966,-1132,-2002,9614,246,171,0,63
retail_frame=3040 player=3541,-2881,6868,0,227,2,30 projectiles=0966,-607,-2121,9307,246,171,0,63
retail_frame=3044 player=3559,-2881,6889,0,227,3,30 projectiles=0966,-79,-2237,9003,246,171,0,63
retail_frame=3048 player=3577,-2881,6910,0,227,3,30 projectiles=0966,449,-2349,8699,247,171,0,63
retail_frame=3052 player=3595,-2881,6931,0,227,4,30 projectiles=0966,980,-2458,8398,247,171,0,63
retail_frame=3056 player=3613,-2881,6952,0,227,4,30 projectiles=0966,1515,-2564,8104,247,172,0,63
retail_frame=3060 player=3631,-2881,6973,0,227,4,30 projectiles=0966,2057,-2659,7809,248,172,0,63
retail_frame=3064 player=3649,-2881,6994,0,227,4,30 projectiles=0966,2602,-2751,7521,248,173,0,63
retail_frame=3068 player=3667,-2881,7015,0,227,3,30 projectiles=082B,-3389,1934,12163,227,167,0,63;0966,3154,-2834,7250,249,174,0,63
retail_frame=3072 player=3685,-2881,7036,0,227,3,30 projectiles=082B,-2967,1592,11859,228,167,0,63;0966,3374,-2866,7154,250,175,0,63
retail_frame=3076 player=3703,-2881,7057,0,227,2,30 projectiles=082B,-2545,1252,11557,228,167,0,63;0966,3594,-2898,7058,254,177,0,63
retail_frame=3080 player=3721,-2881,7078,0,227,2,30 projectiles=082B,-2123,913,11255,228,167,0,63;0966,3822,-2906,6974,254,177,0,63
retail_frame=3084 player=3739,-2881,7099,0,227,1,30 projectiles=082B,-1694,581,10949,229,167,0,63;0966,4050,-2914,6890,254,177,0,63
retail_frame=3088 player=3757,-2881,7120,0,227,0,30 projectiles=082B,-1262,251,10643,229,167,0,63;0966,4278,-2922,6806,254,177,0,63
retail_frame=3092 player=3775,-2881,7141,0,227,255,30 projectiles=082B,-830,-78,10341,229,168,0,63;0966,4506,-2930,6722,254,177,0,63
retail_frame=3096 player=3793,-2881,7162,0,227,254,30 projectiles=082B,-391,-395,10036,230,168,0,63;0966,4734,-2938,6638,254,177,0,63
retail_frame=3100 player=3811,-2881,7183,0,227,254,30 projectiles=082B,51,-708,9733,230,168,0,63;0966,4962,-2946,6554,254,177,0,63
retail_frame=3104 player=3829,-2881,7204,0,227,253,30 projectiles=082B,495,-1018,9430,230,168,0,63;0966,5190,-2954,6470,254,177,0,63
retail_frame=3108 player=3847,-2881,7225,0,227,253,30 projectiles=082B,944,-1320,9135,231,169,0,63;0966,5418,-2962,6386,254,177,0,63
retail_frame=3112 player=3865,-2881,7246,0,227,252,30 projectiles=082B,1401,-1615,8839,232,169,0,63;0966,5646,-2970,6302,254,177,0,63
retail_frame=3116 player=3883,-2881,7267,0,227,252,30 projectiles=082B,1863,-1904,8543,232,169,0,63;0966,5874,-2978,6218,254,177,0,63
retail_frame=3120 player=3901,-2881,7288,0,227,252,30 projectiles=082B,2336,-2179,8254,233,170,0,63;0966,6102,-2986,6134,254,177,0,63
retail_frame=3124 player=3919,-2881,7309,0,227,252,30 projectiles=082B,2819,-2437,7961,235,170,0,63;0966,6330,-2994,6050,254,177,0,63
retail_frame=3128 player=3937,-2881,7330,0,227,253,30 projectiles=082B,3316,-2679,7671,236,171,0,63;0966,6558,-3002,5966,254,177,0,63
retail_frame=3132 player=3955,-2881,7351,0,227,253,30 projectiles=082B,3316,-2679,7671,236,171,0,63;0966,6558,-3002,5966,254,177,0,63
retail_frame=3136 player=3955,-2881,7351,0,227,253,30 projectiles=0576,-2384,5309,11807,214,167,0,63;082B,3512,-2779,7567,240,172,0,63;0966,6786,-3010,5882,254,177,0,63
retail_frame=3140 player=3973,-2881,7372,0,227,254,30 projectiles=0576,-2067,4821,11586,215,168,0,63;082B,3712,-2871,7463,240,172,0,63;0966,7014,-3018,5798,254,177,0,63
retail_frame=3144 player=3991,-2881,7393,0,227,254,30 projectiles=0576,-1748,4334,11365,215,168,0,63;082B,3912,-2963,7359,255,179,0,63;0966,7242,-3026,5714,254,177,0,63
retail_frame=3148 player=4009,-2881,7414,0,227,255,30 projectiles=0576,-1428,3850,11144,215,168,0,63;082B,4144,-2967,7287,255,179,0,63
retail_frame=3152 player=4027,-2881,7435,0,227,0,30 projectiles=0576,-1105,3366,10923,215,168,0,63;082B,4376,-2971,7215,255,179,0,63
retail_frame=3156 player=4045,-2881,7456,0,227,1,30 projectiles=0576,-779,2885,10702,215,168,0,63;082B,4608,-2975,7143,255,179,0,63
retail_frame=3160 player=4063,-2881,7477,0,227,2,30 projectiles=0576,-448,2411,10477,216,168,0,63;082B,4840,-2979,7071,255,179,0,63
retail_frame=3164 player=4081,-2881,7498,0,227,2,30 projectiles=0576,-111,1937,10256,216,169,0,63;082B,5072,-2983,6999,255,179,0,63
retail_frame=3168 player=4099,-2881,7519,0,227,3,30 projectiles=0576,229,1466,10035,216,169,0,63;082B,5304,-2987,6927,255,179,0,63
retail_frame=3172 player=4117,-2881,7540,0,227,3,30 projectiles=0576,576,1002,9810,217,169,0,63;082B,5536,-2991,6855,255,179,0,63
retail_frame=3176 player=4135,-2881,7561,0,227,4,30 projectiles=0576,926,541,9585,217,169,0,63;082B,5768,-2995,6783,255,179,0,63
retail_frame=3180 player=4153,-2881,7582,0,227,4,30 projectiles=0576,1287,83,9360,218,170,0,63;082B,6000,-2999,6711,255,179,0,63
retail_frame=3184 player=4171,-2881,7603,0,227,4,30 projectiles=0576,1654,-371,9135,218,170,0,63;082B,6232,-3003,6639,255,179,0,63
retail_frame=3188 player=4189,-2881,7624,0,227,4,30 projectiles=0576,2028,-816,8910,219,170,0,63;082B,6464,-3007,6567,255,179,0,63
retail_frame=3192 player=4207,-2881,7645,0,227,3,30 projectiles=0576,2408,-1255,8685,219,171,0,63;082B,6696,-3011,6495,255,179,0,63
retail_frame=3196 player=4225,-2881,7666,0,227,3,30 projectiles=0576,2798,-1684,8460,220,171,0,63;082B,6928,-3015,6423,255,179,0,63
retail_frame=3200 player=4243,-2881,7687,0,227,2,30 projectiles=0966,-1639,8756,11046,207,171,0,63;0576,2976,-1836,8360,220,171,0,63;082B,6928,-3015,6423,255,179,0,63
retail_frame=3204 player=4261,-2881,7708,0,227,2,30 projectiles=0966,-1474,8423,10948,207,171,0,63;0576,3209,-2096,8234,222,172,0,63;082B,7160,-3019,6351,255,179,0,63
retail_frame=3208 player=4279,-2881,7729,0,227,1,30 projectiles=0966,-1346,8080,10876,207,171,0,63;0576,3640,-2481,8008,224,173,0,63;082B,7392,-3023,6279,255,179,0,63
retail_frame=3212 player=4297,-2881,7750,0,227,0,30 projectiles=0966,-1158,7626,10770,207,172,0,63;0576,3804,-2645,7932,227,174,0,63;082B,7624,-3027,6207,255,179,0,63
retail_frame=3216 player=4315,-2881,7771,0,227,255,30 projectiles=0966,-914,7062,10633,207,172,0,63;0576,3972,-2805,7856,227,174,0,63
retail_frame=3220 player=4333,-2881,7792,0,227,254,30 projectiles=0966,-610,6390,10464,207,172,0,63;0576,4140,-2965,7780,241,176,0,63
retail_frame=3224 player=4351,-2881,7813,0,227,254,30 projectiles=0966,-170,5379,10224,207,172,0,63;0576,4348,-3053,7696,241,176,0,63
retail_frame=3228 player=4369,-2881,7834,0,227,253,30 projectiles=0966,83,4820,10092,207,173,0,63;0576,4764,-3229,7528,241,176,0,63
retail_frame=3232 player=4387,-2881,7855,0,227,253,30 projectiles=0966,341,4267,9956,208,173,0,63;0576,4972,-3317,7444,241,176,0,63
retail_frame=3236 player=4405,-2881,7876,0,227,252,30 projectiles=0966,601,3715,9820,208,173,0,63;0576,5180,-3405,7360,241,176,0,63
retail_frame=3240 player=4423,-2881,7897,0,227,252,30 projectiles=0966,864,3164,9684,208,173,0,63;0576,5388,-3493,7276,241,176,0,63
retail_frame=3244 player=4441,-2881,7918,0,227,252,30 projectiles=0966,1134,2615,9552,208,174,0,63;0576,5596,-3581,7192,241,176,0,63
retail_frame=3248 player=4459,-2881,7939,0,227,252,30 projectiles=0966,1411,2068,9416,209,174,0,63;0576,5804,-3669,7108,241,176,0,63
retail_frame=3252 player=4477,-2881,7960,0,227,253,30 projectiles=0966,1691,1522,9280,209,174,0,63;0576,6012,-3757,7024,241,176,0,63
retail_frame=3256 player=4495,-2881,7981,0,227,254,30 projectiles=0966,1975,979,9148,209,175,0,63;0576,6220,-3845,6940,241,176,0,63
retail_frame=3260 player=4513,-2881,8002,0,227,254,30 projectiles=0966,2272,443,9012,210,175,0,63;0576,6428,-3933,6856,241,176,0,63
retail_frame=3264 player=4531,-2881,8023,0,227,254,30 projectiles=082B,-185,10701,8679,200,187,0,63;0966,2572,-90,8876,210,175,0,63;0576,6636,-4021,6772,241,176,0,63
retail_frame=3268 player=4549,-2881,8044,0,227,255,30 projectiles=082B,-18,10093,8655,200,187,0,63;0966,2882,-615,8743,211,176,0,63;0576,6844,-4109,6688,241,176,0,63
retail_frame=3272 player=4567,-2881,8065,0,227,0,30 projectiles=082B,151,9486,8633,200,187,0,63;0966,3201,-1135,8610,211,176,0,63;0576,7052,-4197,6604,241,176,0,63
retail_frame=3276 player=4585,-2881,8086,0,227,1,30 projectiles=082B,321,8879,8611,200,187,0,63;0966,3533,-1649,8477,212,177,0,63;0576,7260,-4285,6520,241,176,0,63
retail_frame=3280 player=4603,-2881,8107,0,227,2,30 projectiles=082B,494,8273,8593,200,188,0,63;0966,3885,-2148,8351,213,178,0,63;0576,7468,-4373,6436,241,176,0,63
retail_frame=3284 player=4621,-2881,8128,0,227,2,30 projectiles=082B,669,7668,8575,200,188,0,63;0966,4013,-2352,8311,216,179,0,63
retail_frame=3288 player=4639,-2881,8149,0,227,3,30 projectiles=082B,853,7068,8553,201,188,0,63;0966,4141,-2556,8271,217,180,0,63
retail_frame=3292 player=4657,-2881,8170,0,227,3,30 projectiles=082B,1040,6468,8532,201,188,0,63;0966,4273,-2756,8235,217,180,0,63
retail_frame=3296 player=4675,-2881,8191,0,227,4,30 projectiles=082B,1227,5870,8517,201,189,0,63;0966,4405,-2956,8199,231,182,0,63
retail_frame=3300 player=4711,-2881,8233,0,227,4,30 projectiles=082B,1417,5273,8502,201,189,0,63;0966,4597,-3096,8155,231,182,0,63
retail_frame=3304 player=4729,-2881,8254,0,227,4,30 projectiles=082B,1610,4676,8487,201,189,0,63;0966,4789,-3236,8111,231,182,0,63
retail_frame=3308 player=4747,-2881,8275,0,227,3,30 projectiles=082B,1806,4079,8473,201,189,0,63;0966,4981,-3376,8067,231,182,0,63
retail_frame=3312 player=4765,-2881,8296,0,227,3,30 projectiles=082B,2005,3485,8461,201,189,0,63;0966,5173,-3516,8023,231,182,0,63
retail_frame=3316 player=4783,-2881,8317,0,227,2,30 projectiles=082B,2207,2891,8449,201,190,0,63;0966,5365,-3656,7979,231,182,0,63
retail_frame=3320 player=4801,-2881,8338,0,227,2,30 projectiles=082B,2520,2068,8431,202,190,0,63;0966,5557,-3796,7935,231,182,0,63
retail_frame=3324 player=4819,-2881,8359,0,227,1,30 projectiles=082B,2628,1712,8428,202,191,0,63;0966,5749,-3936,7891,231,182,0,63
retail_frame=3328 player=4837,-2881,8380,0,227,0,30 projectiles=047A,1754,4607,5746,205,221,0,63;082B,2846,1124,8419,202,191,0,63;0966,5941,-4076,7847,231,182,0,63
retail_frame=3332 player=4855,-2881,8401,0,227,255,30 projectiles=047A,1949,4036,5915,206,221,0,63;082B,3074,539,8413,203,191,0,63;0966,6133,-4216,7803,231,182,0,63
retail_frame=3336 player=4873,-2881,8422,0,227,254,30 projectiles=047A,2147,3467,6084,206,221,0,63;082B,3308,-43,8407,203,192,0,63;0966,6325,-4356,7759,231,182,0,63
retail_frame=3340 player=4891,-2881,8443,0,227,254,30 projectiles=047A,2348,2899,6256,206,221,0,63;082B,3556,-615,8404,204,192,0,63;0966,6517,-4496,7715,231,182,0,63
retail_frame=3344 player=4909,-2881,8464,0,227,253,30 projectiles=047A,2551,2334,6431,206,221,0,63;082B,3813,-1181,8404,204,193,0,63;0966,6709,-4636,7671,231,182,0,63
retail_frame=3348 player=4927,-2881,8485,0,227,253,30 projectiles=047A,2812,1663,6656,207,221,0,63;082B,4097,-1737,8410,206,194,0,63;0966,6901,-4776,7627,231,182,0,63
retail_frame=3352 player=4945,-2881,8506,0,227,252,30 projectiles=047A,2976,1213,6798,207,221,0,63;082B,4181,-1969,8414,208,195,0,63;0966,7093,-4916,7583,231,182,0,63
retail_frame=3356 player=4963,-2881,8527,0,227,252,30 projectiles=047A,3421,112,7185,208,222,0,63;082B,4365,-2425,8422,208,195,0,63;0966,7285,-5056,7539,231,182,0,63
retail_frame=3360 player=4981,-2881,8548,0,227,252,30 projectiles=047A,3655,-434,7390,209,222,0,63;082B,4469,-2649,8430,210,196,0,63;0966,7477,-5196,7495,231,182,0,63
retail_frame=3364 player=4999,-2881,8569,0,227,252,30 projectiles=047A,3896,-970,7602,210,222,0,63;082B,4573,-2873,8438,221,197,0,63
retail_frame=3368 player=5017,-2881,8590,0,227,253,30 projectiles=047A,4150,-1493,7826,211,222,0,63;082B,4729,-3061,8454,221,197,0,63
retail_frame=3372 player=5035,-2881,8611,0,227,253,30 projectiles=047A,4416,-2007,8057,212,222,0,63;082B,4885,-3249,8470,242,203,0,63
retail_frame=3376 player=5053,-2881,8632,0,227,254,30 projectiles=047A,4508,-2219,8137,214,222,0,63;082B,5105,-3329,8526,242,203,0,63
retail_frame=3380 player=5071,-2881,8653,0,227,254,30 projectiles=047A,4600,-2431,8217,215,223,0,63;082B,5325,-3409,8582,242,203,0,63
retail_frame=3384 player=5107,-2881,8695,0,227,0,30 projectiles=047A,4692,-2639,8301,215,223,0,63;082B,5545,-3489,8638,242,203,0,63
retail_frame=3388 player=5125,-2881,8716,0,227,1,30 projectiles=047A,4784,-2847,8385,224,223,0,63;082B,5765,-3569,8694,242,203,0,63
retail_frame=3392 player=5143,-2881,8737,0,227,2,30 projectiles=047A,4904,-3019,8501,224,223,0,63;082B,5985,-3649,8750,242,203,0,63
retail_frame=3396 player=5161,-2881,8758,0,227,2,30 projectiles=047A,5024,-3191,8617,245,224,0,63;082B,6205,-3729,8806,242,203,0,63
retail_frame=3400 player=5179,-2881,8779,0,227,3,30 projectiles=047A,5344,-3319,8937,245,224,0,63;082B,6645,-3889,8918,242,203,0,63
retail_frame=3404 player=5197,-2881,8800,0,227,3,30 projectiles=047A,5504,-3383,9097,245,224,0,63;082B,6865,-3969,8974,242,203,0,63
retail_frame=3408 player=5215,-2881,8821,0,227,4,30 projectiles=047A,5664,-3447,9257,245,224,0,63;082B,7085,-4049,9030,242,203,0,63
retail_frame=3412 player=5251,-2881,8863,0,227,4,30 projectiles=047A,5824,-3511,9417,245,224,0,63;082B,7305,-4129,9086,242,203,0,63
retail_frame=3416 player=5269,-2881,8884,0,227,4,30 projectiles=047A,5984,-3575,9577,245,224,0,63;082B,7525,-4209,9142,242,203,0,63
retail_frame=3420 player=5287,-2881,8905,0,227,3,30 projectiles=047A,6144,-3639,9737,245,224,0,63;082B,7745,-4289,9198,242,203,0,63
retail_frame=3424 player=5305,-2881,8926,0,227,3,30 projectiles=047A,6464,-3767,10057,245,224,0,63;082B,8185,-4449,9310,242,203,0,63
retail_frame=3428 player=5323,-2881,8947,0,227,2,30 projectiles=047A,6624,-3831,10217,245,224,0,63;082B,8405,-4529,9366,242,203,0,63
retail_frame=3432 player=5341,-2881,8968,0,227,2,30 projectiles=047A,6784,-3895,10377,245,224,0,63
retail_frame=3436 player=5377,-2881,9010,0,227,0,30 projectiles=047A,6944,-3959,10537,245,224,0,63
retail_frame=3440 player=5395,-2881,9031,0,227,255,30 projectiles=047A,7104,-4023,10697,245,224,0,63
retail_frame=3444 player=5413,-2881,9052,0,227,254,30 projectiles=047A,7264,-4087,10857,245,224,0,63
retail_frame=3448 player=5431,-2881,9073,0,227,254,30 projectiles=047A,7584,-4215,11177,245,224,0,63
retail_frame=3452 player=5449,-2881,9094,0,227,253,30 projectiles=047A,7584,-4215,11177,245,224,0,63
retail_frame=3456 player=5467,-2881,9115,0,227,253,30 projectiles=-
retail_frame=3460 player=5503,-2881,9157,0,227,252,30 projectiles=-
retail_frame=3464 player=5521,-2881,9178,0,227,252,30 projectiles=-
retail_frame=3468 player=5539,-2881,9199,0,227,252,30 projectiles=-
retail_frame=3472 player=5557,-2881,9220,0,227,253,30 projectiles=-
retail_frame=3476 player=5575,-2881,9241,0,227,253,30 projectiles=-
retail_frame=3480 player=5611,-2881,9283,0,227,254,30 projectiles=-
retail_frame=3484 player=5629,-2881,9304,0,227,255,30 projectiles=-
retail_frame=3488 player=5647,-2881,9325,0,227,0,30 projectiles=-
retail_frame=3492 player=5665,-2881,9346,0,227,1,30 projectiles=-
retail_frame=3496 player=5683,-2881,9367,0,227,2,30 projectiles=-
retail_frame=3500 player=5719,-2881,9409,0,227,3,30 projectiles=-
retail_frame=3504 player=5737,-2881,9430,0,227,3,30 projectiles=-
retail_frame=3508 player=5755,-2881,9451,0,227,4,30 projectiles=-
retail_frame=3512 player=5773,-2881,9472,0,227,4,30 projectiles=-
retail_frame=3516 player=5791,-2881,9493,0,227,4,30 projectiles=-
retail_frame=3520 player=5827,-2881,9535,0,227,3,30 projectiles=-
retail_frame=3524 player=5845,-2881,9556,0,227,3,30 projectiles=-
retail_frame=3528 player=5863,-2881,9577,0,227,2,30 projectiles=-
retail_frame=3532 player=5881,-2881,9598,0,227,2,30 projectiles=-
retail_frame=3536 player=5899,-2881,9619,0,227,1,30 projectiles=-
retail_frame=3540 player=5935,-2881,9661,0,227,255,30 projectiles=-
retail_frame=3544 player=5953,-2881,9682,0,227,254,30 projectiles=-
retail_frame=3548 player=5971,-2881,9703,0,227,254,30 projectiles=-
retail_frame=3552 player=5989,-2881,9724,0,227,253,30 projectiles=-
retail_frame=3556 player=6007,-2881,9745,0,227,253,30 projectiles=-
retail_frame=3560 player=6025,-2881,9766,0,227,252,30 projectiles=-
retail_frame=3564 player=6061,-2881,9808,0,227,252,30 projectiles=-
retail_frame=3568 player=6079,-2881,9829,0,227,252,30 projectiles=-
retail_frame=3572 player=6097,-2881,9850,0,227,253,30 projectiles=-
retail_frame=3576 player=6115,-2881,9871,0,227,253,30 projectiles=-
retail_frame=3580 player=6133,-2881,9892,0,227,254,30 projectiles=-
retail_frame=3584 player=6169,-2881,9934,0,227,255,30 projectiles=-
retail_frame=3588 player=6187,-2881,9955,0,227,0,30 projectiles=-
retail_frame=3592 player=6205,-2881,9976,0,227,1,30 projectiles=-
retail_frame=3596 player=6223,-2881,9997,0,227,2,30 projectiles=-
retail_frame=3600 player=6259,-2881,10039,0,227,3,30 projectiles=-
retail_frame=3604 player=6277,-2881,10060,0,227,3,30 projectiles=-
retail_frame=3608 player=6295,-2881,10081,0,227,4,30 projectiles=-
retail_frame=3612 player=6313,-2881,10102,0,227,4,30 projectiles=-
retail_frame=3616 player=6331,-2881,10123,0,227,4,30 projectiles=-
retail_frame=3620 player=6367,-2881,10165,0,227,3,30 projectiles=-
retail_frame=3624 player=6385,-2881,10186,0,227,3,30 projectiles=-
retail_frame=3628 player=6403,-2881,10207,0,227,2,30 projectiles=-
retail_frame=3632 player=6421,-2881,10228,0,227,2,30 projectiles=-
retail_frame=3636 player=6439,-2881,10249,0,227,1,30 projectiles=-
retail_frame=3640 player=6475,-2881,10291,0,227,255,30 projectiles=-
retail_frame=3644 player=6493,-2881,10312,0,227,254,30 projectiles=-
retail_frame=3648 player=6511,-2881,10333,0,227,254,30 projectiles=-
retail_frame=3652 player=6529,-2881,10354,0,227,253,30 projectiles=-
retail_frame=3656 player=6547,-2881,10375,0,227,253,30 projectiles=-
retail_frame=3660 player=6583,-2881,10417,0,227,252,30 projectiles=-
retail_frame=3664 player=6601,-2881,10438,0,227,252,30 projectiles=-
retail_frame=3668 player=6619,-2881,10459,0,227,252,30 projectiles=-
retail_frame=3672 player=6655,-2881,10501,0,227,253,30 projectiles=-
retail_frame=3676 player=6673,-2881,10522,0,227,254,30 projectiles=-
retail_frame=3680 player=6691,-2881,10543,0,227,254,30 projectiles=-
retail_frame=3684 player=6727,-2881,10585,0,227,0,30 projectiles=-
retail_frame=3688 player=6745,-2881,10606,0,227,1,30 projectiles=-
retail_frame=3692 player=6781,-2881,10648,0,227,2,30 projectiles=-
retail_frame=3696 player=6799,-2881,10669,0,227,3,30 projectiles=-
retail_frame=3700 player=6817,-2881,10690,0,227,3,30 projectiles=-
retail_frame=3704 player=6835,-2881,10711,0,227,4,30 projectiles=0672,12214,-14956,18263,44,103,0,63
retail_frame=3708 player=6871,-2881,10753,0,227,4,30 projectiles=0672,12012,-14433,17979,44,103,0,63
retail_frame=3712 player=6889,-2881,10774,0,227,4,30 projectiles=0672,11810,-13910,17695,44,103,0,63
retail_frame=3716 player=6907,-2881,10795,0,227,3,30 projectiles=0672,11608,-13390,17411,44,103,0,63
retail_frame=3720 player=6925,-2881,10816,0,227,3,30 projectiles=0672,11204,-12350,16841,44,103,0,63
retail_frame=3724 player=6943,-2881,10837,0,227,2,30 projectiles=0672,11002,-11830,16555,44,103,0,63
retail_frame=3728 player=6979,-2881,10879,0,227,1,30 projectiles=0672,10800,-11310,16268,44,103,0,63
retail_frame=3732 player=6997,-2881,10900,0,227,0,30 projectiles=0672,10598,-10791,15981,44,103,0,63
retail_frame=3736 player=7015,-2881,10921,0,227,255,30 projectiles=0672,10192,-9756,15407,44,103,0,63
retail_frame=3740 player=7033,-2881,10942,0,227,254,30 projectiles=0672,9987,-9243,15113,43,103,0,63
retail_frame=3744 player=7069,-2881,10984,0,227,253,30 projectiles=0672,9782,-8730,14819,43,103,0,63
retail_frame=3748 player=7087,-2881,11005,0,227,253,30 projectiles=0672,9577,-8218,14525,43,103,0,63
retail_frame=3752 player=7105,-2881,11026,0,227,252,30 projectiles=0672,9167,-7198,13937,43,103,0,63
retail_frame=3756 player=7123,-2881,11047,0,227,252,30 projectiles=05B5,3028,9523,5418,206,231,0,63;0672,9167,-7198,13937,43,103,0,63
retail_frame=3760 player=7141,-2881,11068,0,227,252,30 projectiles=05B5,3180,8955,5632,206,231,0,63;0672,8817,-6397,13439,43,103,0,63
retail_frame=3764 player=7159,-2881,11089,0,227,252,30 projectiles=05B5,3332,8387,5847,206,231,0,63;0672,8545,-5674,13043,43,103,0,63
retail_frame=3768 player=7177,-2881,11110,0,227,253,30 projectiles=05B5,3491,7821,6068,207,231,0,63;0672,8333,-5174,12739,42,103,0,63
retail_frame=3772 player=7195,-2881,11131,0,227,253,30 projectiles=05B5,3650,7256,6289,207,231,0,63;0672,8118,-4677,12432,42,103,0,63
retail_frame=3776 player=7213,-2881,11152,0,227,254,30 projectiles=05B5,3812,6693,6513,207,231,0,63;0672,7903,-4180,12125,42,103,0,63
retail_frame=3780 player=7231,-2881,11173,0,227,254,30 projectiles=05B5,3974,6131,6738,207,231,0,63;0672,7681,-3693,11809,41,103,0,63
retail_frame=3784 player=7249,-2881,11194,0,227,255,30 projectiles=05B5,4139,5571,6965,207,231,0,63;0672,7605,-3489,11701,40,103,0,63
retail_frame=3788 player=7267,-2881,11215,0,227,0,30 projectiles=05B5,4308,5016,7196,208,231,0,63;0672,7529,-3285,11593,39,104,0,63
retail_frame=3792 player=7285,-2881,11236,0,227,1,30 projectiles=05B5,4480,4464,7430,208,231,0,63;0672,7453,-3085,11477,39,104,0,63
retail_frame=3796 player=7303,-2881,11257,0,227,2,30 projectiles=05B5,4652,3912,7667,208,231,0,63;0672,7377,-2885,11361,30,103,0,63
retail_frame=3800 player=7321,-2881,11278,0,227,2,30 projectiles=05B5,4827,3363,7907,208,231,0,63;0672,7277,-2721,11217,30,103,0,63
retail_frame=3804 player=7339,-2881,11299,0,227,3,30 projectiles=05B5,5005,2816,8152,209,231,0,63;0672,7177,-2557,11073,30,103,0,63
retail_frame=3808 player=7357,-2881,11320,0,227,3,30 projectiles=05B5,5184,2272,8399,209,231,0,63;0672,7077,-2393,10929,30,103,0,63
retail_frame=3812 player=7375,-2881,11341,0,227,4,30 projectiles=05B5,5373,1734,8657,210,230,0,63;0672,6977,-2229,10785,30,103,0,63
retail_frame=3816 player=7411,-2881,11383,0,227,4,30 projectiles=05B5,5565,1198,8918,210,230,0,63;0672,6877,-2065,10641,30,103,0,63
retail_frame=3820 player=7429,-2881,11404,0,227,4,30 projectiles=05B5,5764,672,9186,211,230,0,63;0672,6777,-1901,10497,30,103,0,63
retail_frame=3824 player=7447,-2881,11425,0,227,3,30 projectiles=05B5,5966,149,9460,211,230,0,63;0672,6677,-1737,10353,30,103,0,63
retail_frame=3828 player=7465,-2881,11446,0,227,3,30 projectiles=05B5,6171,-371,9741,212,230,0,63;0672,6577,-1573,10209,30,103,0,63
retail_frame=3832 player=7483,-2881,11467,0,227,2,30 projectiles=05B5,6382,-885,10028,212,230,0,63;0672,6477,-1409,10065,30,103,0,63
retail_frame=3836 player=7501,-2881,11488,0,227,2,30 projectiles=05B5,6838,-1866,10640,215,230,0,63;0672,6277,-1081,9777,30,103,0,63
retail_frame=3840 player=7519,-2881,11509,0,227,1,30 projectiles=05B5,7092,-2330,10965,217,229,0,63;0672,6177,-917,9633,30,103,0,63
retail_frame=3844 player=7537,-2881,11530,0,227,0,30 projectiles=05B5,7184,-2522,11085,220,229,0,63;0672,6077,-753,9489,30,103,0,63
retail_frame=3848 player=7555,-2881,11551,0,227,255,30 projectiles=05B5,7276,-2714,11205,223,229,0,63;0672,5977,-589,9345,30,103,0,63
retail_frame=3852 player=7573,-2881,11572,0,227,254,30 projectiles=05B5,7376,-2890,11337,223,229,0,63;0672,5877,-425,9201,30,103,0,63
retail_frame=3856 player=7591,-2881,11593,0,227,254,30 projectiles=05B5,7476,-3066,11469,242,228,0,63;0672,5777,-261,9057,30,103,0,63
retail_frame=3860 player=7627,-2881,11635,0,227,253,30 projectiles=05B5,7620,-3146,11645,242,228,0,63
retail_frame=3864 player=7645,-2881,11656,0,227,252,30 projectiles=05B5,7764,-3226,11821,242,228,0,63
retail_frame=3868 player=7663,-2881,11677,0,227,252,30 projectiles=05B5,7908,-3306,11997,242,228,0,63
retail_frame=3872 player=7681,-2881,11698,0,227,252,30 projectiles=05B5,8196,-3466,12349,242,228,0,63
retail_frame=3876 player=7699,-2881,11719,0,227,252,30 projectiles=05B5,8340,-3546,12525,242,228,0,63
retail_frame=3880 player=7717,-2881,11740,0,227,253,30 projectiles=05B5,8484,-3626,12701,242,228,0,63
retail_frame=3884 player=7735,-2881,11761,0,227,253,30 projectiles=05B5,8628,-3706,12877,242,228,0,63
retail_frame=3888 player=7771,-2881,11803,0,227,254,30 projectiles=05B5,8772,-3786,13053,242,228,0,63
retail_frame=3892 player=7789,-2881,11824,0,227,255,30 projectiles=05B5,8916,-3866,13229,242,228,0,63
retail_frame=3896 player=7807,-2881,11845,0,227,0,30 projectiles=05B5,9204,-4026,13581,242,228,0,63
retail_frame=3900 player=7825,-2881,11866,0,227,1,30 projectiles=05B5,9348,-4106,13757,242,228,0,63
retail_frame=3904 player=7843,-2881,11887,0,227,2,30 projectiles=05B5,9492,-4186,13933,242,228,0,63
retail_frame=3908 player=7861,-2881,11908,0,227,2,30 projectiles=05B5,9636,-4266,14109,242,228,0,63
retail_frame=3912 player=7897,-2881,11950,0,227,3,30 projectiles=05B5,9780,-4346,14285,242,228,0,63
retail_frame=3916 player=7915,-2881,11971,0,227,4,30 projectiles=-
retail_frame=3920 player=7933,-2881,11992,0,227,4,30 projectiles=-
retail_frame=3924 player=7951,-2881,12013,0,227,4,30 projectiles=-
retail_frame=3928 player=7987,-2881,12055,0,227,3,30 projectiles=-
retail_frame=3932 player=8005,-2881,12076,0,227,3,30 projectiles=-
retail_frame=3936 player=8023,-2881,12097,0,227,2,30 projectiles=-
retail_frame=3940 player=8041,-2881,12118,0,227,2,30 projectiles=-
retail_frame=3944 player=8059,-2881,12139,0,227,1,30 projectiles=-
retail_frame=3948 player=8095,-2881,12181,0,227,255,30 projectiles=-
retail_frame=3952 player=8113,-2881,12202,0,227,254,30 projectiles=-
retail_frame=3956 player=8131,-2881,12223,0,227,254,30 projectiles=-
retail_frame=3960 player=8167,-2881,12265,0,227,253,30 projectiles=-
retail_frame=3964 player=8185,-2881,12286,0,227,252,30 projectiles=-
retail_frame=3968 player=8203,-2881,12307,0,227,252,30 projectiles=-
retail_frame=3972 player=8239,-2881,12349,0,227,252,30 projectiles=-
retail_frame=3976 player=8257,-2881,12370,0,227,253,30 projectiles=-
retail_frame=3980 player=8275,-2881,12391,0,227,253,30 projectiles=-
retail_frame=3984 player=8311,-2881,12433,0,227,254,30 projectiles=-
retail_frame=3988 player=8329,-2881,12454,0,227,255,30 projectiles=-
retail_frame=3992 player=8347,-2881,12475,0,227,0,30 projectiles=-
retail_frame=3996 player=8383,-2881,12517,0,227,2,30 projectiles=-
retail_frame=4000 player=8401,-2881,12538,0,227,2,30 projectiles=-
retail_frame=4004 player=8419,-2881,12559,0,227,3,30 projectiles=-
retail_frame=4008 player=8455,-2881,12601,0,227,4,30 projectiles=-
retail_frame=4012 player=8473,-2881,12622,0,227,4,30 projectiles=-
retail_frame=4016 player=8509,-2881,12664,0,227,4,30 projectiles=-
retail_frame=4020 player=8527,-2881,12685,0,227,3,30 projectiles=-
retail_frame=4024 player=8545,-2881,12706,0,227,3,30 projectiles=-
retail_frame=4028 player=8581,-2881,12748,0,227,2,30 projectiles=-
retail_frame=4032 player=8599,-2881,12769,0,227,1,30 projectiles=-
retail_frame=4036 player=8617,-2881,12790,0,227,0,30 projectiles=-
retail_frame=4040 player=8653,-2881,12832,0,227,254,30 projectiles=-
retail_frame=4044 player=8671,-2881,12853,0,227,254,30 projectiles=-
retail_frame=4048 player=8689,-2881,12874,0,227,253,30 projectiles=-
retail_frame=4052 player=8725,-2881,12916,0,227,252,30 projectiles=-
retail_frame=4056 player=8743,-2881,12937,0,227,252,30 projectiles=-
retail_frame=4060 player=8761,-2881,12958,0,227,252,30 projectiles=-
retail_frame=4064 player=8797,-2881,13000,0,227,253,30 projectiles=-
retail_frame=4068 player=8815,-2881,13021,0,227,253,30 projectiles=-
retail_frame=4072 player=8833,-2881,13042,0,227,254,30 projectiles=-
retail_frame=4076 player=8869,-2881,13084,0,227,255,30 projectiles=-
retail_frame=4080 player=8887,-2881,13105,0,227,0,30 projectiles=-
retail_frame=4084 player=8905,-2881,13126,0,227,1,30 projectiles=-
retail_frame=4088 player=8941,-2881,13168,0,227,2,30 projectiles=-
retail_frame=4092 player=8959,-2881,13189,0,227,3,30 projectiles=-
retail_frame=4096 player=8977,-2881,13210,0,227,3,30 projectiles=-
retail_frame=4100 player=9013,-2881,13252,0,227,4,30 projectiles=-
retail_frame=4104 player=9031,-2881,13273,0,227,4,30 projectiles=-
retail_frame=4108 player=9049,-2881,13294,0,227,4,30 projectiles=-
retail_frame=4112 player=9085,-2881,13336,0,227,3,30 projectiles=-
retail_frame=4116 player=9103,-2881,13357,0,227,2,30 projectiles=-
retail_frame=4120 player=9121,-2881,13378,0,227,2,30 projectiles=-
retail_frame=4124 player=9157,-2881,13420,0,227,0,30 projectiles=-
retail_frame=4128 player=9175,-2881,13441,0,227,255,30 projectiles=-
retail_frame=4132 player=9193,-2881,13462,0,227,254,30 projectiles=-
retail_frame=4136 player=9229,-2881,13504,0,227,253,30 projectiles=-
retail_frame=4140 player=9247,-2881,13525,0,227,253,30 projectiles=-
retail_frame=4144 player=9265,-2881,13546,0,227,252,30 projectiles=-
retail_frame=4148 player=9301,-2881,13588,0,227,252,30 projectiles=-
retail_frame=4152 player=9319,-2881,13609,0,227,252,30 projectiles=-
retail_frame=4156 player=9337,-2881,13630,0,227,253,30 projectiles=-
retail_frame=4160 player=9373,-2881,13672,0,227,254,30 projectiles=-
retail_frame=4164 player=9391,-2881,13693,0,227,254,30 projectiles=-
retail_frame=4168 player=9409,-2881,13714,0,227,255,30 projectiles=-
retail_frame=4172 player=9445,-2881,13756,0,227,1,30 projectiles=-
retail_frame=4176 player=9463,-2881,13777,0,227,2,30 projectiles=-
retail_frame=4180 player=9481,-2881,13798,0,227,2,30 projectiles=-
retail_frame=4184 player=9517,-2881,13840,0,227,3,30 projectiles=-
retail_frame=4188 player=9535,-2881,13861,0,227,4,30 projectiles=-
retail_frame=4192 player=9553,-2881,13882,0,227,4,30 projectiles=-
retail_frame=4196 player=9571,-2881,13903,0,227,4,30 projectiles=047A,6069,1471,22355,230,144,0,63
retail_frame=4200 player=9589,-2881,13924,0,227,3,30 projectiles=047A,6271,1162,21854,230,144,0,63
retail_frame=4204 player=9625,-2881,13966,0,227,3,30 projectiles=047A,6479,853,21353,230,145,0,63
retail_frame=4208 player=9643,-2881,13987,0,227,2,30 projectiles=047A,6691,551,20852,231,145,0,63
retail_frame=4212 player=9661,-2881,14008,0,227,2,30 projectiles=047A,7121,-50,19850,231,145,0,63
retail_frame=4216 player=9679,-2881,14029,0,227,1,30 projectiles=047A,7339,-342,19345,232,145,0,63
retail_frame=4220 player=9715,-2881,14071,0,227,255,30 projectiles=047A,7558,-634,18840,232,145,0,63
retail_frame=4224 player=9733,-2881,14092,0,227,254,30 projectiles=047A,7783,-923,18338,232,146,0,63
retail_frame=4228 player=9751,-2881,14113,0,227,254,30 projectiles=047A,8242,-1476,17323,233,146,0,63
retail_frame=4232 player=9769,-2881,14134,0,227,253,30 projectiles=047A,8476,-1741,16811,234,146,0,63
retail_frame=4236 player=9805,-2881,14176,0,227,252,30 projectiles=047A,8721,-2003,16304,234,147,0,63
retail_frame=4240 player=9823,-2881,14197,0,227,252,30 projectiles=047A,8975,-2255,15795,235,147,0,63
retail_frame=4244 player=9841,-2881,14218,0,227,252,30 projectiles=047A,9294,-2535,15174,236,148,0,63
retail_frame=4248 player=9859,-2881,14239,0,227,252,30 projectiles=05B5,7570,2889,19188,214,146,0,63;047A,9512,-2715,14768,238,149,0,63
retail_frame=4252 player=9877,-2881,14260,0,227,253,30 projectiles=05B5,7730,2398,18836,214,146,0,63;047A,9740,-2883,14384,242,151,0,63
retail_frame=4256 player=9895,-2881,14281,0,227,253,30 projectiles=05B5,7893,1911,18479,215,146,0,63;047A,9856,-2963,14192,242,151,0,63
retail_frame=4260 player=9913,-2881,14302,0,227,254,30 projectiles=05B5,8063,1427,18124,215,147,0,63;047A,9972,-3043,14000,242,151,0,63
retail_frame=4264 player=9931,-2881,14323,0,227,254,30 projectiles=05B5,8233,946,17769,215,147,0,63;047A,10088,-3123,13808,242,151,0,63
retail_frame=4268 player=9967,-2881,14365,0,227,0,30 projectiles=05B5,8410,472,17405,216,147,0,63;047A,10204,-3203,13616,242,151,0,63
retail_frame=4272 player=9985,-2881,14386,0,227,1,30 projectiles=05B5,8590,-1,17039,216,147,0,63;047A,10320,-3283,13424,242,151,0,63
retail_frame=4276 player=10003,-2881,14407,0,227,2,30 projectiles=05B5,8861,-644,16507,216,148,0,63;047A,10436,-3363,13232,242,151,0,63
retail_frame=4280 player=10021,-2881,14428,0,227,2,30 projectiles=05B5,9171,-1389,15927,218,149,0,63;047A,10668,-3523,12848,242,151,0,63
retail_frame=4284 player=10039,-2881,14449,0,227,3,30 projectiles=05B5,9380,-1841,15551,218,149,0,63;047A,10784,-3603,12656,242,151,0,63
retail_frame=4288 player=10075,-2881,14491,0,227,4,30 projectiles=05B5,9606,-2274,15164,220,150,0,63;047A,10900,-3683,12464,242,151,0,63
retail_frame=4292 player=10093,-2881,14512,0,227,4,30 projectiles=05B5,9694,-2458,15032,223,152,0,63;047A,11016,-3763,12272,242,151,0,63
retail_frame=4296 player=10111,-2881,14533,0,227,4,30 projectiles=05B5,9786,-2634,14896,223,152,0,63;047A,11132,-3843,12080,242,151,0,63
retail_frame=4300 player=10129,-2881,14554,0,227,4,30 projectiles=05B5,9982,-2966,14608,228,153,0,63;047A,11364,-4003,11696,242,151,0,63
retail_frame=4304 player=10147,-2881,14575,0,227,3,30 projectiles=05B5,10086,-3122,14456,228,153,0,63;047A,11480,-4083,11504,242,151,0,63
retail_frame=4308 player=10183,-2881,14617,0,227,2,30 projectiles=05B5,10190,-3278,14304,228,153,0,63;047A,11596,-4163,11312,242,151,0,63
retail_frame=4312 player=10201,-2881,14638,0,227,2,30 projectiles=05B5,10294,-3434,14152,228,153,0,63
retail_frame=4316 player=10219,-2881,14659,0,227,1,30 projectiles=05B5,10502,-3746,13848,228,153,0,63
retail_frame=4320 player=10255,-2881,14701,0,227,255,30 projectiles=05B5,10606,-3902,13696,228,153,0,63
retail_frame=4324 player=10273,-2881,14722,0,227,254,30 projectiles=05B5,10710,-4058,13544,228,153,0,63
retail_frame=4328 player=10291,-2881,14743,0,227,254,30 projectiles=05B5,10814,-4214,13392,228,153,0,63
retail_frame=4332 player=10309,-2881,14764,0,227,253,30 projectiles=05B5,11022,-4526,13088,228,153,0,63
retail_frame=4336 player=10345,-2881,14806,0,227,252,30 projectiles=05B5,11126,-4682,12936,228,153,0,63
retail_frame=4340 player=10363,-2881,14827,0,227,252,30 projectiles=05B5,11230,-4838,12784,228,153,0,63
retail_frame=4344 player=10381,-2881,14848,0,227,252,30 projectiles=05B5,11438,-5150,12480,228,153,0,63
retail_frame=4348 player=10417,-2881,14890,0,227,253,30 projectiles=05B5,11542,-5306,12328,228,153,0,63
retail_frame=4352 player=10435,-2881,14911,0,227,253,30 projectiles=05B5,11646,-5462,12176,228,153,0,63
retail_frame=4356 player=10453,-2881,14932,0,227,254,30 projectiles=-
retail_frame=4360 player=10489,-2881,14974,0,227,255,30 projectiles=-
retail_frame=4364 player=10507,-2881,14995,0,227,0,30 projectiles=-
retail_frame=4368 player=10543,-2881,15037,0,227,2,30 projectiles=-
retail_frame=4372 player=10561,-2881,15058,0,227,2,30 projectiles=-
retail_frame=4376 player=10579,-2881,15079,0,227,3,30 projectiles=-
retail_frame=4380 player=10615,-2881,15121,0,227,4,30 projectiles=-
retail_frame=4384 player=10633,-2881,15142,0,227,4,30 projectiles=-
retail_frame=4388 player=10651,-2881,15163,0,227,4,30 projectiles=-
retail_frame=4392 player=10687,-2881,15205,0,227,3,30 projectiles=-
retail_frame=4396 player=10705,-2881,15226,0,227,3,30 projectiles=-
retail_frame=4400 player=10723,-2881,15247,0,227,2,30 projectiles=-
retail_frame=4404 player=10759,-2881,15289,0,227,1,30 projectiles=-
retail_frame=4408 player=10777,-2881,15310,0,227,0,30 projectiles=-
retail_frame=4412 player=10795,-2881,15331,0,227,255,30 projectiles=-
retail_frame=4416 player=10831,-2881,15373,0,227,254,30 projectiles=-
retail_frame=4420 player=10849,-2881,15394,0,227,253,30 projectiles=-
retail_frame=4424 player=10867,-2881,15415,0,227,253,30 projectiles=-
retail_frame=4428 player=10903,-2881,15457,0,227,252,30 projectiles=-
retail_frame=4432 player=10921,-2881,15478,0,227,252,30 projectiles=-
retail_frame=4436 player=10939,-2881,15499,0,227,252,30 projectiles=-
retail_frame=4440 player=10975,-2881,15541,0,227,253,30 projectiles=-
retail_frame=4444 player=10993,-2881,15562,0,227,254,30 projectiles=-
retail_frame=4448 player=11011,-2881,15583,0,227,254,30 projectiles=-
retail_frame=4452 player=11047,-2881,15625,0,227,0,30 projectiles=-
retail_frame=4456 player=11065,-2881,15646,0,227,1,30 projectiles=-
retail_frame=4460 player=11083,-2881,15667,0,227,2,30 projectiles=-
retail_frame=4464 player=11119,-2881,15709,0,227,3,30 projectiles=-
retail_frame=4468 player=11137,-2881,15730,0,227,3,30 projectiles=-
retail_frame=4472 player=11155,-2881,15751,0,227,4,30 projectiles=-
retail_frame=4476 player=11191,-2881,15793,0,227,4,30 projectiles=-
retail_frame=4480 player=11209,-2881,15814,0,227,4,30 projectiles=-
retail_frame=4484 player=11227,-2881,15835,0,227,3,30 projectiles=-
retail_frame=4488 player=11263,-2881,15877,0,227,2,30 projectiles=-
retail_frame=4492 player=11281,-2881,15898,0,227,2,30 projectiles=-
retail_frame=4496 player=11299,-2881,15919,0,227,1,30 projectiles=-
retail_frame=4500 player=11335,-2881,15961,0,227,255,30 projectiles=-
retail_frame=4504 player=11353,-2881,15982,0,227,254,30 projectiles=-
retail_frame=4508 player=11371,-2881,16003,0,227,254,30 projectiles=-
retail_frame=4512 player=11407,-2881,16045,0,227,253,30 projectiles=-
retail_frame=4516 player=11425,-2881,16066,0,227,252,30 projectiles=-
retail_frame=4520 player=11443,-2881,16087,0,227,252,30 projectiles=-
retail_frame=4524 player=11479,-2881,16129,0,227,252,30 projectiles=-
retail_frame=4528 player=11497,-2881,16150,0,227,253,30 projectiles=-
retail_frame=4532 player=11515,-2881,16171,0,227,253,30 projectiles=-
retail_frame=4536 player=11551,-2881,16213,0,227,254,30 projectiles=-
retail_frame=4540 player=11569,-2881,16234,0,227,255,30 projectiles=-
retail_frame=4544 player=11587,-2881,16255,0,227,0,30 projectiles=-
retail_frame=4548 player=11623,-2881,16297,0,227,2,30 projectiles=-
retail_frame=4552 player=11641,-2881,16318,0,227,2,30 projectiles=-
retail_frame=4556 player=11659,-2881,16339,0,227,3,30 projectiles=-
retail_frame=4560 player=11695,-2881,16381,0,227,4,30 projectiles=-
retail_frame=4564 player=11713,-2881,16402,0,227,4,30 projectiles=-
retail_frame=4568 player=11731,-2881,16423,0,227,4,30 projectiles=-
retail_frame=4572 player=11767,-2881,16465,0,227,3,30 projectiles=-
retail_frame=4576 player=11785,-2881,16486,0,227,3,30 projectiles=-
retail_frame=4580 player=11803,-2881,16507,0,227,2,30 projectiles=-
retail_frame=4584 player=11839,-2881,16549,0,227,1,30 projectiles=-
retail_frame=4588 player=11857,-2881,16570,0,227,0,30 projectiles=-
retail_frame=4592 player=11875,-2881,16591,0,227,255,30 projectiles=-
retail_frame=4596 player=11911,-2881,16633,0,227,254,30 projectiles=-
retail_frame=4600 player=11929,-2881,16654,0,227,253,30 projectiles=-
retail_frame=4604 player=11947,-2881,16675,0,227,253,30 projectiles=-
retail_frame=4608 player=11983,-2881,16717,0,227,252,30 projectiles=-
retail_frame=4612 player=12001,-2881,16738,0,227,252,30 projectiles=-
retail_frame=4616 player=12019,-2881,16759,0,227,252,30 projectiles=-
retail_frame=4620 player=12055,-2881,16801,0,227,253,30 projectiles=-
retail_frame=4624 player=12073,-2881,16822,0,227,254,30 projectiles=-
retail_frame=4628 player=12091,-2881,16843,0,227,254,30 projectiles=-
retail_frame=4632 player=12127,-2881,16885,0,227,0,30 projectiles=-
retail_frame=4636 player=12145,-2881,16906,0,227,1,30 projectiles=-
retail_frame=4640 player=12163,-2881,16927,0,227,2,30 projectiles=-
retail_frame=4644 player=12199,-2881,16969,0,227,3,30 projectiles=-
retail_frame=4648 player=12217,-2881,16990,0,227,3,30 projectiles=-
retail_frame=4652 player=12235,-2881,17011,0,227,4,30 projectiles=-
retail_frame=4656 player=12271,-2881,17053,0,227,4,30 projectiles=-
retail_frame=4660 player=12289,-2881,17074,0,227,4,30 projectiles=-
retail_frame=4664 player=12307,-2881,17095,0,227,3,30 projectiles=05B5,9904,6342,23740,210,142,0,30
retail_frame=4668 player=12325,-2881,17116,0,227,3,30 projectiles=05B5,10125,5286,23100,211,143,0,63
retail_frame=4672 player=12361,-2881,17158,0,227,2,30 projectiles=05B5,10240,4763,22778,211,143,0,63
retail_frame=4676 player=12379,-2881,17179,0,227,1,30 projectiles=05B5,10357,4240,22454,211,143,0,63
retail_frame=4680 player=12397,-2881,17200,0,227,0,30 projectiles=05B5,10595,3200,21804,211,143,0,63
retail_frame=4684 player=12415,-2881,17221,0,227,255,30 projectiles=05B5,10722,2682,21472,212,144,0,63
retail_frame=4688 player=12451,-2881,17263,0,227,254,30 projectiles=05B5,10849,2165,21140,212,144,0,63
retail_frame=4692 player=12469,-2881,17284,0,227,253,30 projectiles=05B5,10979,1651,20808,212,144,0,63
retail_frame=4696 player=12487,-2881,17305,0,227,253,30 projectiles=05B5,11256,630,20134,213,145,0,63
retail_frame=4700 player=12523,-2881,17347,0,227,252,30 projectiles=05B5,11403,126,19792,213,145,0,63
retail_frame=4704 player=12541,-2881,17368,0,227,252,30 projectiles=05B5,11553,-375,19450,213,146,0,63
retail_frame=4708 player=12559,-2881,17389,0,227,252,30 projectiles=05B5,11713,-869,19101,214,146,0,63
retail_frame=4712 player=12577,-2881,17410,0,227,253,30 projectiles=05B5,12056,-1836,18394,215,147,0,63
retail_frame=4716 player=12595,-2881,17431,0,227,253,30 projectiles=047A,9644,2425,22102,216,151,0,63;05B5,12249,-2298,18024,217,148,0,63
retail_frame=4720 player=12613,-2881,17452,0,227,254,30 projectiles=047A,9857,1954,21756,216,151,0,63;05B5,12321,-2494,17896,219,150,0,63
retail_frame=4724 player=12631,-2881,17473,0,227,254,30 projectiles=047A,10080,1490,21403,217,152,0,63;05B5,12393,-2690,17768,221,151,0,63
retail_frame=4728 player=12667,-2881,17515,0,227,0,30 projectiles=047A,10306,1027,21050,217,152,0,63;05B5,12473,-2878,17636,221,151,0,63
retail_frame=4732 player=12685,-2881,17536,0,227,1,30 projectiles=047A,10535,566,20697,217,152,0,63;05B5,12553,-3066,17504,221,151,0,63
retail_frame=4736 player=12703,-2881,17557,0,227,2,30 projectiles=047A,11006,-346,19991,218,153,0,63;05B5,12633,-3254,17372,221,151,0,63
retail_frame=4740 player=12721,-2881,17578,0,227,2,30 projectiles=047A,11255,-791,19631,219,153,0,63;05B5,12793,-3630,17108,221,151,0,63
retail_frame=4744 player=12739,-2881,17599,0,227,3,30 projectiles=047A,11507,-1233,19271,219,154,0,63;05B5,12873,-3818,16976,221,151,0,63
retail_frame=4748 player=12775,-2881,17641,0,227,4,30 projectiles=047A,11772,-1664,18904,220,154,0,63;05B5,12953,-4006,16844,221,151,0,63
retail_frame=4752 player=12793,-2881,17662,0,227,4,30 projectiles=047A,12051,-2083,18537,221,155,0,63;05B5,13033,-4194,16712,221,151,0,63
retail_frame=4756 player=12811,-2881,17683,0,227,4,30 projectiles=047A,12470,-2642,18031,227,158,0,63;05B5,13113,-4382,16580,221,151,0,63
retail_frame=4760 player=12829,-2881,17704,0,227,4,30 projectiles=047A,12590,-2802,17895,227,158,0,63;05B5,13273,-4758,16316,221,151,0,63
retail_frame=4764 player=12847,-2881,17725,0,227,3,30 projectiles=047A,12710,-2962,17759,241,162,0,63;05B5,13353,-4946,16184,221,151,0,63
retail_frame=4768 player=12865,-2881,17746,0,227,3,30 projectiles=047A,12878,-3050,17611,241,162,0,63;05B5,13433,-5134,16052,221,151,0,63
retail_frame=4772 player=12901,-2881,17788,0,227,2,30 projectiles=082B,9796,-379,20093,224,166,0,63;047A,13046,-3138,17463,241,162,0,63;05B5,13513,-5322,15920,221,151,0,63
retail_frame=4776 player=12919,-2881,17809,0,227,1,30 projectiles=082B,10187,-761,19798,224,166,0,63;047A,13214,-3226,17315,241,162,0,63;05B5,13593,-5510,15788,221,151,0,63
retail_frame=4780 player=12937,-2881,17830,0,227,0,30 projectiles=082B,10585,-1133,19507,225,167,0,63;047A,13382,-3314,17167,241,162,0,63;05B5,13673,-5698,15656,221,151,0,63
retail_frame=4784 player=12955,-2881,17851,0,227,255,30 projectiles=082B,11405,-1847,18917,227,167,0,63;047A,13718,-3490,16871,241,162,0,63;05B5,13753,-5886,15524,221,151,0,63
retail_frame=4788 player=12973,-2881,17872,0,227,254,30 projectiles=082B,11834,-2189,18621,228,168,0,63;047A,13886,-3578,16723,241,162,0,63
retail_frame=4792 player=12991,-2881,17893,0,227,254,30 projectiles=082B,12276,-2515,18332,229,169,0,63;047A,14054,-3666,16575,241,162,0,63
retail_frame=4796 player=13027,-2881,17935,0,227,253,30 projectiles=082B,12448,-2651,18232,232,170,0,63;047A,14222,-3754,16427,241,162,0,63
retail_frame=4800 player=13045,-2881,17956,0,227,252,30 projectiles=082B,12620,-2787,18132,234,171,0,63;047A,14390,-3842,16279,241,162,0,63
retail_frame=4804 player=13063,-2881,17977,0,227,252,30 projectiles=082B,12800,-2911,18032,234,171,0,63;047A,14558,-3930,16131,241,162,0,63
retail_frame=4808 player=13081,-2881,17998,0,227,252,30 projectiles=082B,13160,-3159,17832,234,171,0,63;047A,14894,-4106,15835,241,162,0,63
retail_frame=4812 player=13099,-2881,18019,0,227,252,30 projectiles=082B,13340,-3283,17732,234,171,0,63;047A,15062,-4194,15687,241,162,0,63
retail_frame=4816 player=13135,-2881,18061,0,227,253,30 projectiles=082B,13520,-3407,17632,234,171,0,63;047A,15230,-4282,15539,241,162,0,63
retail_frame=4820 player=13153,-2881,18082,0,227,254,30 projectiles=082B,13700,-3531,17532,234,171,0,63;047A,15398,-4370,15391,241,162,0,63
retail_frame=4824 player=13171,-2881,18103,0,227,254,30 projectiles=047A,9892,-995,16940,227,206,0,63;082B,14060,-3779,17332,234,171,0,63
retail_frame=4828 player=13189,-2881,18124,0,227,255,30 projectiles=047A,10379,-1338,17111,227,206,0,63;082B,14240,-3903,17232,234,171,0,63
retail_frame=4832 player=13207,-2881,18145,0,227,0,30 projectiles=047A,10873,-1671,17285,228,206,0,63;082B,14420,-4027,17132,234,171,0,63
retail_frame=4836 player=13243,-2881,18187,0,227,2,30 projectiles=047A,11378,-1983,17470,230,207,0,63;082B,14600,-4151,17032,234,171,0,63
retail_frame=4840 player=13261,-2881,18208,0,227,2,30 projectiles=047A,11886,-2282,17658,231,207,0,63;082B,14780,-4275,16932,234,171,0,63
retail_frame=4844 player=13279,-2881,18229,0,227,3,30 projectiles=047A,12401,-2557,17860,236,208,0,63;082B,14960,-4399,16832,234,171,0,63
retail_frame=4848 player=13297,-2881,18250,0,227,3,30 projectiles=047A,12797,-2785,18020,237,208,0,63;082B,15320,-4647,16632,234,171,0,63
retail_frame=4852 player=13315,-2881,18271,0,227,4,30 projectiles=047A,12997,-2897,18100,242,209,0,63;082B,15500,-4771,16532,234,171,0,63
retail_frame=4856 player=13351,-2881,18313,0,227,4,30 projectiles=047A,13205,-2977,18192,242,209,0,63;082B,15680,-4895,16432,234,171,0,63
retail_frame=4860 player=13369,-2881,18334,0,227,4,30 projectiles=047A,13413,-3057,18284,242,209,0,63
retail_frame=4864 player=13387,-2881,18355,0,227,3,30 projectiles=047A,13829,-3217,18468,242,209,0,63
retail_frame=4868 player=13405,-2881,18376,0,227,3,30 projectiles=047A,14037,-3297,18560,242,209,0,63
retail_frame=4872 player=13441,-2881,18418,0,227,2,30 projectiles=047A,14245,-3377,18652,242,209,0,63
retail_frame=4876 player=13459,-2881,18439,0,227,1,30 projectiles=047A,14453,-3457,18744,242,209,0,63
retail_frame=4880 player=13477,-2881,18460,0,227,0,30 projectiles=047A,14869,-3617,18928,242,209,0,63
retail_frame=4884 player=13513,-2881,18502,0,227,254,30 projectiles=047A,15077,-3697,19020,242,209,0,63
retail_frame=4888 player=13531,-2881,18523,0,227,254,30 projectiles=047A,15285,-3777,19112,242,209,0,63
retail_frame=4892 player=13549,-2881,18544,0,227,253,30 projectiles=047A,15493,-3857,19204,242,209,0,63
retail_frame=4896 player=13567,-2881,18565,0,227,253,30 projectiles=047A,15909,-4017,19388,242,209,0,63
retail_frame=4900 player=13603,-2881,18607,0,227,252,30 projectiles=047A,16117,-4097,19480,242,209,0,63
retail_frame=4904 player=13621,-2881,18628,0,227,252,30 projectiles=047A,16325,-4177,19572,242,209,0,63
retail_frame=4908 player=13639,-2881,18649,0,227,252,30 projectiles=047A,16533,-4257,19664,242,209,0,63
retail_frame=4912 player=13675,-2881,18691,0,227,253,30 projectiles=-
retail_frame=4916 player=13693,-2881,18712,0,227,254,30 projectiles=-
retail_frame=4920 player=13711,-2881,18733,0,227,254,30 projectiles=-
retail_frame=4924 player=13747,-2881,18775,0,227,0,30 projectiles=-
retail_frame=4928 player=13765,-2881,18796,0,227,1,30 projectiles=-
retail_frame=4932 player=13783,-2881,18817,0,227,2,30 projectiles=-
retail_frame=4936 player=13819,-2881,18859,0,227,3,30 projectiles=-
retail_frame=4940 player=13837,-2881,18880,0,227,3,30 projectiles=-
retail_frame=4944 player=13855,-2881,18901,0,227,4,30 projectiles=-
retail_frame=4948 player=13891,-2881,18943,0,227,4,30 projectiles=-
retail_frame=4952 player=13909,-2881,18964,0,227,4,30 projectiles=-
retail_frame=4956 player=13927,-2881,18985,0,227,3,30 projectiles=-
retail_frame=4960 player=13963,-2881,19027,0,227,2,30 projectiles=-
retail_frame=4964 player=13981,-2881,19048,0,227,2,30 projectiles=-
retail_frame=4968 player=13999,-2881,19069,0,227,1,30 projectiles=-
retail_frame=4972 player=14017,-2881,19090,0,227,255,30 projectiles=-
retail_frame=4976 player=14053,-2881,19132,0,227,254,30 projectiles=-
retail_frame=4980 player=14071,-2881,19153,0,227,254,30 projectiles=-
retail_frame=4984 player=14089,-2881,19174,0,227,253,30 projectiles=-
retail_frame=4988 player=14125,-2881,19216,0,227,252,30 projectiles=-
retail_frame=4992 player=14143,-2881,19237,0,227,252,30 projectiles=-
retail_frame=4996 player=14161,-2881,19258,0,227,252,30 projectiles=-
retail_frame=5000 player=14179,-2881,19279,0,227,252,30 projectiles=-
retail_frame=5004 player=14215,-2881,19321,0,227,253,30 projectiles=-
retail_frame=5008 player=14233,-2881,19342,0,227,254,30 projectiles=-
retail_frame=5012 player=14251,-2881,19363,0,227,254,30 projectiles=-
retail_frame=5016 player=14269,-2881,19384,0,227,255,30 projectiles=-
retail_frame=5020 player=14305,-2881,19426,0,227,1,30 projectiles=-
retail_frame=5024 player=14323,-2881,19447,0,227,2,30 projectiles=-
retail_frame=5028 player=14341,-2881,19468,0,227,2,30 projectiles=-
retail_frame=5032 player=14359,-2881,19489,0,227,3,30 projectiles=-
retail_frame=5036 player=14377,-2881,19510,0,227,3,30 projectiles=-
retail_frame=5040 player=14413,-2881,19552,0,227,4,30 projectiles=-
retail_frame=5044 player=14431,-2881,19573,0,227,4,30 projectiles=-
retail_frame=5048 player=14449,-2881,19594,0,227,4,30 projectiles=-
retail_frame=5052 player=14467,-2881,19615,0,227,3,30 projectiles=-
retail_frame=5056 player=14503,-2881,19657,0,227,2,30 projectiles=-
retail_frame=5060 player=14521,-2881,19678,0,227,2,30 projectiles=-
retail_frame=5064 player=14539,-2881,19699,0,227,1,30 projectiles=-
retail_frame=5068 player=14557,-2881,19720,0,227,0,30 projectiles=-
retail_frame=5072 player=14593,-2881,19762,0,227,254,30 projectiles=-
retail_frame=5076 player=14611,-2881,19783,0,227,254,30 projectiles=-
retail_frame=5080 player=14629,-2881,19804,0,227,253,30 projectiles=-
retail_frame=5084 player=14647,-2881,19825,0,227,253,30 projectiles=-
retail_frame=5088 player=14683,-2881,19867,0,227,252,30 projectiles=-
retail_frame=5092 player=14701,-2881,19888,0,227,252,30 projectiles=-
retail_frame=5096 player=14719,-2881,19909,0,227,252,30 projectiles=-
retail_frame=5100 player=14737,-2881,19930,0,227,253,30 projectiles=-
retail_frame=5104 player=14773,-2881,19972,0,227,254,30 projectiles=-
retail_frame=5108 player=14791,-2881,19993,0,227,254,30 projectiles=-
retail_frame=5112 player=14809,-2881,20014,0,227,255,30 projectiles=-
retail_frame=5116 player=14827,-2881,20035,0,227,0,30 projectiles=-
retail_frame=5120 player=14863,-2881,20077,0,227,2,30 projectiles=-
retail_frame=5124 player=14881,-2881,20098,0,227,2,30 projectiles=-
retail_frame=5128 player=14899,-2881,20119,0,227,3,30 projectiles=0672,18780,-6498,11364,20,18,0,30
retail_frame=5132 player=14917,-2881,20140,0,227,3,30 projectiles=0672,18314,-6001,12406,20,17,0,63
retail_frame=5136 player=14935,-2881,20161,0,227,4,30 projectiles=0672,18083,-5754,12929,20,17,0,63
retail_frame=5140 player=14953,-2881,20182,0,227,4,30 projectiles=0672,17855,-5509,13452,20,17,0,63
retail_frame=5144 player=14989,-2881,20224,0,227,4,30 projectiles=0672,17627,-5267,13976,20,17,0,63
retail_frame=5148 player=15007,-2881,20245,0,227,3,30 projectiles=0672,17395,-5029,14506,19,17,0,63
retail_frame=5152 player=15025,-2881,20266,0,227,3,30 projectiles=0672,17025,-4674,15369,19,17,0,63
retail_frame=5156 player=15043,-2881,20287,0,227,2,30 projectiles=0672,16727,-4341,16102,18,16,0,63
retail_frame=5160 player=15079,-2881,20329,0,227,1,30 projectiles=0672,16509,-4120,16638,18,16,0,63
retail_frame=5164 player=15097,-2881,20350,0,227,0,30 projectiles=0672,16294,-3906,17178,17,16,0,63
retail_frame=5168 player=15115,-2881,20371,0,227,255,30 projectiles=0672,15875,-3501,18279,16,15,0,63
retail_frame=5172 player=15133,-2881,20392,0,227,254,30 projectiles=0672,15677,-3307,18836,16,14,0,63
retail_frame=5176 player=15169,-2881,20434,0,227,253,30 projectiles=0672,15482,-3126,19396,15,14,0,63
retail_frame=5180 player=15187,-2881,20455,0,227,253,30 projectiles=0672,15297,-2966,19967,13,13,0,63
retail_frame=5184 player=15205,-2881,20476,0,227,252,30 projectiles=082B,19796,-3064,12382,1,22,0,63;0672,15237,-2910,20195,9,12,0,63
retail_frame=5188 player=15223,-2881,20497,0,227,252,30 projectiles=082B,19484,-3054,12920,1,22,0,63;0672,15173,-2858,20419,9,12,0,63
retail_frame=5192 player=15241,-2881,20518,0,227,252,30 projectiles=082B,18873,-3034,14006,1,21,0,63;0672,15045,-2754,20867,9,12,0,63
retail_frame=5196 player=15259,-2881,20539,0,227,252,30 projectiles=082B,18568,-3024,14551,1,21,0,63;0672,14981,-2702,21091,9,12,0,63
retail_frame=5200 player=15295,-2881,20581,0,227,253,30 projectiles=082B,18266,-3014,15096,1,21,0,63;0672,14917,-2650,21315,9,12,0,63
retail_frame=5204 player=15313,-2881,20602,0,227,254,30 projectiles=082B,17964,-3004,15641,1,21,0,63;0672,14853,-2598,21539,9,12,0,63
retail_frame=5208 player=15331,-2881,20623,0,227,254,30 projectiles=082B,17665,-2994,16186,1,21,0,63;0672,14789,-2546,21763,9,12,0,63
retail_frame=5212 player=15349,-2881,20644,0,227,255,30 projectiles=082B,17081,-2974,17290,1,20,0,63;0672,14661,-2442,22211,9,12,0,63
retail_frame=5216 player=15367,-2881,20665,0,227,0,30 projectiles=082B,16792,-2961,17843,1,20,0,63;0672,14597,-2390,22435,9,12,0,63
retail_frame=5220 player=15403,-2881,20707,0,227,2,30 projectiles=082B,16510,-2948,18398,1,19,0,63;0672,14533,-2338,22659,9,12,0,63
retail_frame=5224 player=15421,-2881,20728,0,227,2,30 projectiles=082B,16231,-2935,18956,1,19,0,63;0672,14469,-2286,22883,9,12,0,63
retail_frame=5228 player=15439,-2881,20749,0,227,3,30 projectiles=082B,15808,-2915,19748,1,18,0,63;0672,14405,-2234,23107,9,12,0,63
retail_frame=5232 player=15457,-2881,20770,0,227,3,30 projectiles=082B,15620,-2899,20307,2,16,0,63;0672,14277,-2130,23555,9,12,0,63
retail_frame=5236 player=15475,-2881,20791,0,227,4,30 projectiles=05B5,21682,-246,12349,241,26,0,63;082B,15532,-2891,20531,2,15,0,63;0672,14213,-2078,23779,9,12,0,63
retail_frame=5240 player=15493,-2881,20812,0,227,4,30 projectiles=05B5,21328,-430,12830,241,26,0,63;082B,15448,-2883,20759,2,15,0,63;0672,14149,-2026,24003,9,12,0,63
retail_frame=5244 player=15511,-2881,20833,0,227,4,30 projectiles=05B5,20974,-611,13311,241,26,0,63;082B,15364,-2875,20987,2,15,0,63
retail_frame=5248 player=15547,-2881,20875,0,227,3,30 projectiles=05B5,20622,-784,13794,242,26,0,63;082B,15280,-2867,21215,2,15,0,63
retail_frame=5252 player=15565,-2881,20896,0,227,3,30 projectiles=05B5,20271,-955,14278,242,26,0,63;082B,15196,-2859,21443,2,15,0,63
retail_frame=5256 player=15583,-2881,20917,0,227,2,30 projectiles=05B5,19571,-1294,15249,242,26,0,63;082B,15112,-2851,21671,2,15,0,63
retail_frame=5260 player=15601,-2881,20938,0,227,2,30 projectiles=05B5,19227,-1461,15736,242,25,0,63;082B,14944,-2835,22127,2,15,0,63
retail_frame=5264 player=15619,-2881,20959,0,227,1,30 projectiles=05B5,18883,-1621,16223,243,25,0,63;082B,14860,-2827,22355,2,15,0,63
retail_frame=5268 player=15655,-2881,21001,0,227,255,30 projectiles=05B5,18542,-1781,16713,243,25,0,63;082B,14776,-2819,22583,2,15,0,63
retail_frame=5272 player=15673,-2881,21022,0,227,254,30 projectiles=05B5,18201,-1938,17203,243,25,0,63;082B,14692,-2811,22811,2,15,0,63
retail_frame=5276 player=15691,-2881,21043,0,227,254,30 projectiles=05B5,17528,-2229,18208,244,24,0,63;082B,14524,-2795,23267,2,15,0,63
retail_frame=5280 player=15709,-2881,21064,0,227,253,30 projectiles=05B5,17196,-2372,18712,244,24,0,63;082B,14440,-2787,23495,2,15,0,63
retail_frame=5284 player=15745,-2881,21106,0,227,252,30 projectiles=05B5,16875,-2505,19223,245,23,0,63;082B,14356,-2779,23723,2,15,0,63
retail_frame=5288 player=15763,-2881,21127,0,227,252,30 projectiles=05B5,16557,-2627,19737,246,23,0,63;082B,14272,-2771,23951,2,15,0,63
retail_frame=5292 player=15781,-2881,21148,0,227,252,30 projectiles=05B5,16248,-2744,20260,246,22,0,63;082B,14188,-2763,24179,2,15,0,63
retail_frame=5296 player=15799,-2881,21169,0,227,252,30 projectiles=05B5,16024,-2848,20668,247,21,0,63;082B,14104,-2755,24407,2,15,0,63
retail_frame=5300 player=15817,-2881,21190,0,227,253,30 projectiles=05B5,15912,-2892,20880,248,20,0,63
retail_frame=5304 player=15853,-2881,21232,0,227,254,30 projectiles=05B5,15800,-2936,21092,1,14,0,63
retail_frame=5308 player=15871,-2881,21253,0,227,254,30 projectiles=05B5,15724,-2932,21320,1,14,0,63
retail_frame=5312 player=15889,-2881,21274,0,227,255,30 projectiles=05B5,15648,-2928,21548,1,14,0,63
retail_frame=5316 player=15907,-2881,21295,0,227,0,30 projectiles=05B5,15496,-2920,22004,1,14,0,63
retail_frame=5320 player=15943,-2881,21337,0,227,2,30 projectiles=05B5,15420,-2916,22232,1,14,0,63
retail_frame=5324 player=15961,-2881,21358,0,227,2,30 projectiles=05B5,15344,-2912,22460,1,14,0,63
retail_frame=5328 player=15979,-2881,21379,0,227,3,30 projectiles=05B5,15192,-2904,22916,1,14,0,63
retail_frame=5332 player=16015,-2881,21421,0,227,4,30 projectiles=05B5,15116,-2900,23144,1,14,0,63
retail_frame=5336 player=16033,-2881,21442,0,227,4,30 projectiles=05B5,15040,-2896,23372,1,14,0,63
retail_frame=5340 player=16051,-2881,21463,0,227,4,30 projectiles=05B5,14888,-2888,23828,1,14,0,63
retail_frame=5344 player=16069,-2881,21484,0,227,3,30 projectiles=05B5,14812,-2884,24056,1,14,0,63
retail_frame=5348 player=16105,-2881,21526,0,227,3,30 projectiles=05B5,14736,-2880,24284,1,14,0,63
retail_frame=5352 player=16123,-2881,21547,0,227,2,30 projectiles=05B5,14660,-2876,24512,1,14,0,63
retail_frame=5356 player=16141,-2881,21568,0,227,2,30 projectiles=-
retail_frame=5360 player=16177,-2881,21610,0,227,0,30 projectiles=-
retail_frame=5364 player=16195,-2881,21631,0,227,255,30 projectiles=-
retail_frame=5368 player=16231,-2881,21673,0,227,254,30 projectiles=-
retail_frame=5372 player=16249,-2881,21694,0,227,253,30 projectiles=-
retail_frame=5376 player=16267,-2881,21715,0,227,253,30 projectiles=-
retail_frame=5380 player=16303,-2881,21757,0,227,252,30 projectiles=-
retail_frame=5384 player=16321,-2881,21778,0,227,252,30 projectiles=-
retail_frame=5388 player=16339,-2881,21799,0,227,252,30 projectiles=-
retail_frame=5392 player=16375,-2881,21841,0,227,253,30 projectiles=-
retail_frame=5396 player=16393,-2881,21862,0,227,254,30 projectiles=-
retail_frame=5400 player=16411,-2881,21883,0,227,254,30 projectiles=-
retail_frame=5404 player=16447,-2881,21925,0,227,0,30 projectiles=-
retail_frame=5408 player=16465,-2881,21946,0,227,1,30 projectiles=-
retail_frame=5412 player=16483,-2881,21967,0,227,2,30 projectiles=-
retail_frame=5416 player=16519,-2881,22009,0,227,3,30 projectiles=-
retail_frame=5420 player=16537,-2881,22030,0,227,3,30 projectiles=-
retail_frame=5424 player=16555,-2881,22051,0,227,4,30 projectiles=-
retail_frame=5428 player=16591,-2881,22093,0,227,4,30 projectiles=-
retail_frame=5432 player=16609,-2881,22114,0,227,4,30 projectiles=-
retail_frame=5436 player=16627,-2881,22135,0,227,3,30 projectiles=-
retail_frame=5440 player=16663,-2881,22177,0,227,2,30 projectiles=-
retail_frame=5444 player=16681,-2881,22198,0,227,2,30 projectiles=-
retail_frame=5448 player=16699,-2881,22219,0,227,1,30 projectiles=-
retail_frame=5452 player=16735,-2881,22261,0,227,255,30 projectiles=-
retail_frame=5456 player=16753,-2881,22282,0,227,254,30 projectiles=-
retail_frame=5460 player=16771,-2881,22303,0,227,254,30 projectiles=-
retail_frame=5464 player=16807,-2881,22345,0,227,253,30 projectiles=-
retail_frame=5468 player=16825,-2881,22366,0,227,252,30 projectiles=-
retail_frame=5472 player=16843,-2881,22387,0,227,252,30 projectiles=-
retail_frame=5476 player=16879,-2881,22429,0,227,252,30 projectiles=-
retail_frame=5480 player=16897,-2881,22450,0,227,253,30 projectiles=-
retail_frame=5484 player=16915,-2881,22471,0,227,253,30 projectiles=-
retail_frame=5488 player=16951,-2881,22513,0,227,254,30 projectiles=-
retail_frame=5492 player=16969,-2881,22534,0,227,255,30 projectiles=-
retail_frame=5496 player=16987,-2881,22555,0,227,0,30 projectiles=-
retail_frame=5500 player=17023,-2881,22597,0,227,2,30 projectiles=-
retail_frame=5504 player=17041,-2881,22618,0,227,2,30 projectiles=-
retail_frame=5508 player=17059,-2881,22639,0,227,3,30 projectiles=-
retail_frame=5512 player=17095,-2881,22681,0,227,4,30 projectiles=-
retail_frame=5516 player=17113,-2881,22702,0,227,4,30 projectiles=-
retail_frame=5520 player=17131,-2881,22723,0,227,4,30 projectiles=-
retail_frame=5524 player=17167,-2881,22765,0,227,3,30 projectiles=-
retail_frame=5528 player=17185,-2881,22786,0,227,3,30 projectiles=-
retail_frame=5532 player=17203,-2881,22807,0,227,2,30 projectiles=-
retail_frame=5536 player=17239,-2881,22849,0,227,1,30 projectiles=-
retail_frame=5540 player=17257,-2881,22870,0,227,0,30 projectiles=-
retail_frame=5544 player=17275,-2881,22891,0,227,255,30 projectiles=-
retail_frame=5548 player=17311,-2881,22933,0,227,254,30 projectiles=-
retail_frame=5552 player=17329,-2881,22954,0,227,253,30 projectiles=-
retail_frame=5556 player=17347,-2881,22975,0,227,253,30 projectiles=-
retail_frame=5560 player=17383,-2881,23017,0,227,252,30 projectiles=-
retail_frame=5564 player=17401,-2881,23038,0,227,252,30 projectiles=-
retail_frame=5568 player=17419,-2881,23059,0,227,252,30 projectiles=-
retail_frame=5572 player=17455,-2881,23101,0,227,253,30 projectiles=-
retail_frame=5576 player=17473,-2881,23122,0,227,254,30 projectiles=-
retail_frame=5580 player=17491,-2881,23143,0,227,254,30 projectiles=-
retail_frame=5584 player=17527,-2881,23185,0,227,0,30 projectiles=-
retail_frame=5588 player=17545,-2881,23206,0,227,1,30 projectiles=-
retail_frame=5592 player=17563,-2881,23227,0,227,2,30 projectiles=-
retail_frame=5596 player=17599,-2881,23269,0,227,3,30 projectiles=-
retail_frame=5600 player=17617,-2881,23290,0,227,3,30 projectiles=-
retail_frame=5604 player=17635,-2881,23311,0,227,4,30 projectiles=-
retail_frame=5608 player=17653,-2881,23332,0,227,4,30 projectiles=047A,21238,8064,13526,214,15,0,63
retail_frame=5612 player=17671,-2881,23353,0,227,4,30 projectiles=047A,21101,7573,13888,214,15,0,63
retail_frame=5616 player=17707,-2881,23395,0,227,3,30 projectiles=047A,20968,7082,14252,214,14,0,63
retail_frame=5620 player=17725,-2881,23416,0,227,3,30 projectiles=047A,20835,6598,14621,215,14,0,63
retail_frame=5624 player=17743,-2881,23437,0,227,2,30 projectiles=047A,20570,5632,15364,215,14,0,63
retail_frame=5628 player=17761,-2881,23458,0,227,2,30 projectiles=047A,20437,5151,15738,215,14,0,63
retail_frame=5632 player=17797,-2881,23500,0,227,0,30 projectiles=047A,20306,4673,16113,215,14,0,63
retail_frame=5636 player=17815,-2881,23521,0,227,255,30 projectiles=047A,20176,4202,16495,216,14,0,63
retail_frame=5640 player=17833,-2881,23542,0,227,254,30 projectiles=047A,19916,3263,17268,216,13,0,63
retail_frame=5644 player=17851,-2881,23563,0,227,254,30 projectiles=047A,19786,2798,17660,216,13,0,63
retail_frame=5648 player=17887,-2881,23605,0,227,253,30 projectiles=047A,19656,2337,18059,217,13,0,63
retail_frame=5652 player=17905,-2881,23626,0,227,252,30 projectiles=047A,19526,1879,18459,217,13,0,63
retail_frame=5656 player=17923,-2881,23647,0,227,252,30 projectiles=047A,19396,1424,18862,217,13,0,63
retail_frame=5660 player=17941,-2881,23668,0,227,252,30 projectiles=05B5,20186,9371,16711,206,13,0,63;047A,19265,972,19272,218,13,0,63
retail_frame=5664 player=17959,-2881,23689,0,227,252,30 projectiles=05B5,20075,8577,17057,207,13,0,63;047A,19015,84,20108,219,12,0,63
retail_frame=5668 player=17977,-2881,23710,0,227,253,30 projectiles=05B5,19988,8015,17325,207,13,0,63;047A,18888,-352,20533,219,12,0,63
retail_frame=5672 player=17995,-2881,23731,0,227,253,30 projectiles=05B5,19901,7455,17594,207,13,0,63;047A,18764,-778,20967,220,12,0,63
retail_frame=5676 player=18031,-2881,23773,0,227,254,30 projectiles=05B5,19814,6896,17866,207,13,0,63;047A,18640,-1194,21413,221,11,0,63
retail_frame=5680 player=18049,-2881,23794,0,227,255,30 projectiles=05B5,19731,6337,18138,207,12,0,63;047A,18518,-1597,21869,222,11,0,63
retail_frame=5684 player=18067,-2881,23815,0,227,0,30 projectiles=05B5,19649,5781,18413,207,12,0,63;047A,18397,-1983,22338,223,11,0,63
retail_frame=5688 player=18085,-2881,23836,0,227,1,30 projectiles=05B5,19565,5229,18699,208,12,0,63;047A,18283,-2349,22824,225,10,0,63
retail_frame=5692 player=18103,-2881,23857,0,227,2,30 projectiles=05B5,19397,4131,19276,208,12,0,63;047A,18175,-2687,23333,233,8,0,63
retail_frame=5696 player=18121,-2881,23878,0,227,2,30 projectiles=05B5,19313,3585,19568,208,12,0,63;047A,18103,-2935,23741,235,8,0,63
retail_frame=5700 player=18139,-2881,23899,0,227,3,30 projectiles=05B5,19229,3040,19863,208,11,0,63;047A,18067,-3055,23949,235,8,0,63
retail_frame=5704 player=18157,-2881,23920,0,227,3,30 projectiles=05B5,19145,2497,20165,209,11,0,63;047A,18031,-3175,24157,235,8,0,63
retail_frame=5708 player=18193,-2881,23962,0,227,4,30 projectiles=05B5,19061,1957,20471,209,11,0,63;047A,17995,-3295,24365,235,8,0,63
retail_frame=5712 player=18211,-2881,23983,0,227,4,30 projectiles=05B5,18980,1420,20782,209,11,0,63;047A,17959,-3415,24573,235,8,0,63
retail_frame=5716 player=18229,-2881,24004,0,227,4,30 projectiles=05B5,18826,363,21432,210,10,0,63;047A,17887,-3655,24989,235,8,0,63
retail_frame=5720 player=18247,-2881,24025,0,227,3,30 projectiles=05B5,18745,-154,21770,211,10,0,63;047A,17851,-3775,25197,235,8,0,63
retail_frame=5724 player=18283,-2881,24067,0,227,2,30 projectiles=05B5,18671,-668,22114,211,9,0,63;047A,17815,-3895,25405,235,8,0,63
retail_frame=5728 player=18301,-2881,24088,0,227,2,30 projectiles=05B5,18597,-1173,22468,212,9,0,63;047A,17779,-4015,25613,235,8,0,63
retail_frame=5732 player=18319,-2881,24109,0,227,1,30 projectiles=05B5,18526,-1667,22842,213,8,0,63;047A,17743,-4135,25821,235,8,0,63
retail_frame=5736 player=18337,-2881,24130,0,227,0,30 projectiles=05B5,18435,-2339,23372,217,7,0,63;047A,17707,-4255,26029,235,8,0,63
retail_frame=5740 player=18355,-2881,24151,0,227,255,30 projectiles=05B5,18415,-2539,23508,219,6,0,63;047A,17635,-4495,26445,235,8,0,63
retail_frame=5744 player=18373,-2881,24172,0,227,254,30 projectiles=05B5,18399,-2735,23656,219,6,0,63;047A,17599,-4615,26653,235,8,0,63
retail_frame=5748 player=18409,-2881,24214,0,227,253,30 projectiles=05B5,18383,-2931,23804,230,5,0,63;047A,17563,-4735,26861,235,8,0,63
retail_frame=5752 player=18427,-2881,24235,0,227,253,30 projectiles=05B5,18363,-3075,24000,230,5,0,63;047A,17527,-4855,27069,235,8,0,63
retail_frame=5756 player=18445,-2881,24256,0,227,252,30 projectiles=05B5,18323,-3363,24392,230,5,0,63
retail_frame=5760 player=18481,-2881,24298,0,227,252,30 projectiles=05B5,18303,-3507,24588,230,5,0,63
retail_frame=5764 player=18499,-2881,24319,0,227,252,30 projectiles=05B5,18283,-3651,24784,230,5,0,63
retail_frame=5768 player=18517,-2881,24340,0,227,253,30 projectiles=05B5,18243,-3939,25176,230,5,0,63
retail_frame=5772 player=18535,-2881,24361,0,227,253,30 projectiles=05B5,18223,-4083,25372,230,5,0,63
retail_frame=5776 player=18571,-2881,24403,0,227,254,30 projectiles=05B5,18203,-4227,25568,230,5,0,63
retail_frame=5780 player=18589,-2881,24424,0,227,255,30 projectiles=05B5,18183,-4371,25764,230,5,0,63
retail_frame=5784 player=18607,-2881,24445,0,227,0,30 projectiles=05B5,18143,-4659,26156,230,5,0,63
retail_frame=5788 player=18643,-2881,24487,0,227,2,30 projectiles=05B5,18123,-4803,26352,230,5,0,63
retail_frame=5792 player=18661,-2881,24508,0,227,2,30 projectiles=05B5,18103,-4947,26548,230,5,0,63
retail_frame=5796 player=18679,-2881,24529,0,227,3,30 projectiles=05B5,18063,-5235,26940,230,5,0,63
retail_frame=5800 player=18715,-2881,24571,0,227,4,30 projectiles=05B5,18043,-5379,27136,230,5,0,63
retail_frame=5804 player=18733,-2881,24592,0,227,4,30 projectiles=-
retail_frame=5808 player=18751,-2881,24613,0,227,4,30 projectiles=-
retail_frame=5812 player=18787,-2881,24655,0,227,3,30 projectiles=-
retail_frame=5816 player=18805,-2881,24676,0,227,3,30 projectiles=-
retail_frame=5820 player=18823,-2881,24697,0,227,2,30 projectiles=-
retail_frame=5824 player=18859,-2881,24739,0,227,1,30 projectiles=-
retail_frame=5828 player=18877,-2881,24760,0,227,0,30 projectiles=-
retail_frame=5832 player=18895,-2881,24781,0,227,255,30 projectiles=-
retail_frame=5836 player=18931,-2881,24823,0,227,254,30 projectiles=-
retail_frame=5840 player=18949,-2881,24844,0,227,253,30 projectiles=-
retail_frame=5844 player=18967,-2881,24865,0,227,253,30 projectiles=-
retail_frame=5848 player=19003,-2881,24907,0,227,252,30 projectiles=-
retail_frame=5852 player=19021,-2881,24928,0,227,252,30 projectiles=-
retail_frame=5856 player=19039,-2881,24949,0,227,252,30 projectiles=-
retail_frame=5860 player=19075,-2881,24991,0,227,253,30 projectiles=-
retail_frame=5864 player=19093,-2881,25012,0,227,254,30 projectiles=-
retail_frame=5868 player=19111,-2881,25033,0,227,254,30 projectiles=-
retail_frame=5872 player=19147,-2881,25075,0,227,0,30 projectiles=-
retail_frame=5876 player=19165,-2881,25096,0,227,1,30 projectiles=-
retail_frame=5880 player=19183,-2881,25117,0,227,2,30 projectiles=-
retail_frame=5884 player=19219,-2881,25159,0,227,3,30 projectiles=-
retail_frame=5888 player=19237,-2881,25180,0,227,3,30 projectiles=-
retail_frame=5892 player=19255,-2881,25201,0,227,4,30 projectiles=-
retail_frame=5896 player=19291,-2881,25243,0,227,4,30 projectiles=-
retail_frame=5900 player=19309,-2881,25264,0,227,4,30 projectiles=-
retail_frame=5904 player=19327,-2881,25285,0,227,3,30 projectiles=-
retail_frame=5908 player=19363,-2881,25327,0,227,2,30 projectiles=-
retail_frame=5912 player=19381,-2881,25348,0,227,2,30 projectiles=-
retail_frame=5916 player=19399,-2881,25369,0,227,1,30 projectiles=-
retail_frame=5920 player=19435,-2881,25411,0,227,255,30 projectiles=-
retail_frame=5924 player=19453,-2881,25432,0,227,254,30 projectiles=-
retail_frame=5928 player=19471,-2881,25453,0,227,254,30 projectiles=-
retail_frame=5932 player=19507,-2881,25495,0,227,253,30 projectiles=-
retail_frame=5936 player=19525,-2881,25516,0,227,252,30 projectiles=-
retail_frame=5940 player=19543,-2881,25537,0,227,252,30 projectiles=-
retail_frame=5944 player=19579,-2881,25579,0,227,252,30 projectiles=-
retail_frame=5948 player=19597,-2881,25600,0,227,253,30 projectiles=-
retail_frame=5952 player=19615,-2881,25621,0,227,253,30 projectiles=-
retail_frame=5956 player=19633,-2881,25642,0,227,254,30 projectiles=-
retail_frame=5960 player=19669,-2881,25684,0,227,255,30 projectiles=-
retail_frame=5964 player=19687,-2881,25705,0,227,0,30 projectiles=-
retail_frame=5968 player=19705,-2881,25726,0,227,1,30 projectiles=-
retail_frame=5972 player=19741,-2881,25768,0,227,2,30 projectiles=-
retail_frame=5976 player=19759,-2881,25789,0,227,3,30 projectiles=-
retail_frame=5980 player=19777,-2881,25810,0,227,3,30 projectiles=-
retail_frame=5984 player=19795,-2881,25831,0,227,4,30 projectiles=-
retail_frame=5988 player=19831,-2881,25873,0,227,4,30 projectiles=-
retail_frame=5992 player=19849,-2881,25894,0,227,4,30 projectiles=-
retail_frame=5996 player=19867,-2881,25915,0,227,3,30 projectiles=-
retail_frame=6000 player=19903,-2881,25957,0,227,2,30 projectiles=-
retail_frame=6004 player=19921,-2881,25978,0,227,2,30 projectiles=-
retail_frame=6008 player=19939,-2881,25999,0,227,1,30 projectiles=-
retail_frame=6012 player=19975,-2881,26041,0,227,255,30 projectiles=-
retail_frame=6016 player=19993,-2881,26062,0,227,254,30 projectiles=-
retail_frame=6020 player=20011,-2881,26083,0,227,254,30 projectiles=-
retail_frame=6024 player=20029,-2881,26104,0,227,253,30 projectiles=-
retail_frame=6028 player=20065,-2881,26146,0,227,252,30 projectiles=-
retail_frame=6032 player=20083,-2881,26167,0,227,252,30 projectiles=-
retail_frame=6036 player=20101,-2881,26188,0,227,252,30 projectiles=-
retail_frame=6040 player=20137,-2881,26230,0,227,253,30 projectiles=-
retail_frame=6044 player=20155,-2881,26251,0,227,253,30 projectiles=-
retail_frame=6048 player=20173,-2881,26272,0,227,254,30 projectiles=-
retail_frame=6052 player=20209,-2881,26314,0,227,255,30 projectiles=-
retail_frame=6056 player=20227,-2881,26335,0,227,0,30 projectiles=-
retail_frame=6060 player=20245,-2881,26356,0,227,1,30 projectiles=-
retail_frame=6064 player=20281,-2881,26398,0,227,2,30 projectiles=-
retail_frame=6068 player=20299,-2881,26419,0,227,3,30 projectiles=-
retail_frame=6072 player=20317,-2881,26440,0,227,3,30 projectiles=-
retail_frame=6076 player=20335,-2881,26461,0,227,4,30 projectiles=047A,24140,401,31604,229,103,0,63
retail_frame=6080 player=20353,-2881,26482,0,227,4,30 projectiles=047A,23828,72,31172,229,103,0,63
retail_frame=6084 player=20371,-2881,26503,0,227,4,30 projectiles=047A,23516,-254,30740,229,103,0,63
retail_frame=6088 player=20407,-2881,26545,0,227,3,30 projectiles=047A,23202,-569,30308,230,103,0,63
retail_frame=6092 player=20425,-2881,26566,0,227,3,30 projectiles=047A,22883,-884,29876,230,102,0,63
retail_frame=6096 player=20443,-2881,26587,0,227,2,30 projectiles=047A,22564,-1196,29441,230,102,0,63
retail_frame=6100 player=20461,-2881,26608,0,227,2,30 projectiles=047A,21923,-1802,28563,231,102,0,63
retail_frame=6104 player=20479,-2881,26629,0,227,1,30 projectiles=047A,21597,-2094,28117,232,102,0,63
retail_frame=6108 player=20515,-2881,26671,0,227,255,30 projectiles=047A,21264,-2372,27671,233,102,0,63
retail_frame=6112 player=20533,-2881,26692,0,227,254,30 projectiles=047A,20930,-2639,27218,234,102,0,63
retail_frame=6116 player=20551,-2881,26713,0,227,254,30 projectiles=047A,20806,-2755,27046,236,102,0,63
retail_frame=6120 player=20569,-2881,26734,0,227,253,30 projectiles=047A,20546,-2963,26698,240,101,0,63
retail_frame=6124 player=20587,-2881,26755,0,227,253,30 projectiles=047A,20410,-3055,26522,240,101,0,63
retail_frame=6128 player=20623,-2881,26797,0,227,252,30 projectiles=047A,20274,-3147,26346,240,101,0,63
retail_frame=6132 player=20641,-2881,26818,0,227,252,30 projectiles=047A,20138,-3239,26170,240,101,0,63
retail_frame=6136 player=20659,-2881,26839,0,227,252,30 projectiles=047A,19866,-3423,25818,240,101,0,63
retail_frame=6140 player=20695,-2881,26881,0,227,253,30 projectiles=047A,19730,-3515,25642,240,101,0,63
retail_frame=6144 player=20713,-2881,26902,0,227,254,30 projectiles=047A,19594,-3607,25466,240,101,0,63
retail_frame=6148 player=20731,-2881,26923,0,227,254,30 projectiles=047A,19322,-3791,25114,240,101,0,63
retail_frame=6152 player=20767,-2881,26965,0,227,0,30 projectiles=047A,19186,-3883,24938,240,101,0,63
retail_frame=6156 player=20785,-2881,26986,0,227,1,30 projectiles=047A,19050,-3975,24762,240,101,0,63
retail_frame=6160 player=20803,-2881,27007,0,227,2,30 projectiles=047A,18778,-4159,24410,240,101,0,63
retail_frame=6164 player=20821,-2881,27028,0,227,3,30 projectiles=047A,18642,-4251,24234,240,101,0,63
retail_frame=6168 player=20857,-2881,27070,0,227,3,30 projectiles=047A,18506,-4343,24058,240,101,0,63
retail_frame=6172 player=20875,-2881,27091,0,227,4,30 projectiles=-
retail_frame=6176 player=20911,-2881,27133,0,227,4,30 projectiles=-
retail_frame=6180 player=20929,-2881,27154,0,227,4,30 projectiles=-
retail_frame=6184 player=20947,-2881,27175,0,227,3,30 projectiles=-
retail_frame=6188 player=20983,-2881,27217,0,227,2,30 projectiles=-
retail_frame=6192 player=21001,-2881,27238,0,227,2,30 projectiles=-
retail_frame=6196 player=21019,-2881,27259,0,227,1,30 projectiles=-
retail_frame=6200 player=21037,-2881,27280,0,227,0,30 projectiles=-
retail_frame=6204 player=21055,-2881,27301,0,227,255,30 projectiles=-
retail_frame=6208 player=21091,-2881,27343,0,227,254,30 projectiles=-
retail_frame=6212 player=21109,-2881,27364,0,227,253,30 projectiles=-
retail_frame=6216 player=21127,-2881,27385,0,227,253,30 projectiles=-
retail_frame=6220 player=21145,-2881,27406,0,227,252,30 projectiles=-
retail_frame=6224 player=21163,-2881,27427,0,227,252,30 projectiles=-
retail_frame=6228 player=21199,-2881,27469,0,227,252,30 projectiles=-
retail_frame=6232 player=21217,-2881,27490,0,227,253,30 projectiles=-
retail_frame=6236 player=21235,-2881,27511,0,227,253,30 projectiles=-
retail_frame=6240 player=21253,-2881,27532,0,227,254,30 projectiles=-
retail_frame=6244 player=21271,-2881,27553,0,227,254,30 projectiles=-
retail_frame=6248 player=21307,-2881,27595,0,227,0,30 projectiles=-
retail_frame=6252 player=21325,-2881,27616,0,227,1,30 projectiles=-
retail_frame=6256 player=21343,-2881,27637,0,227,2,30 projectiles=-
retail_frame=6260 player=21361,-2881,27658,0,227,2,30 projectiles=-
retail_frame=6264 player=21379,-2881,27679,0,227,3,30 projectiles=-
retail_frame=6268 player=21415,-2881,27721,0,227,4,30 projectiles=-
retail_frame=6272 player=21433,-2881,27742,0,227,4,30 projectiles=-
retail_frame=6276 player=21451,-2881,27763,0,227,4,30 projectiles=-
retail_frame=6280 player=21469,-2881,27784,0,227,4,30 projectiles=-
retail_frame=6284 player=21487,-2881,27805,0,227,3,30 projectiles=-
retail_frame=6288 player=21523,-2881,27847,0,227,2,30 projectiles=-
retail_frame=6292 player=21541,-2881,27868,0,227,2,30 projectiles=-
retail_frame=6296 player=21559,-2881,27889,0,227,1,30 projectiles=-
retail_frame=6300 player=21577,-2881,27910,0,227,0,30 projectiles=-
retail_frame=6304 player=21595,-2881,27931,0,227,255,30 projectiles=-
retail_frame=6308 player=21631,-2881,27973,0,227,254,30 projectiles=-
retail_frame=6312 player=21649,-2881,27994,0,227,253,30 projectiles=-
retail_frame=6316 player=21667,-2881,28015,0,227,253,30 projectiles=-
retail_frame=6320 player=21685,-2881,28036,0,227,252,30 projectiles=-
retail_frame=6324 player=21703,-2881,28057,0,227,252,30 projectiles=-
retail_frame=6328 player=21739,-2881,28099,0,227,252,30 projectiles=-
retail_frame=6332 player=21757,-2881,28120,0,227,253,30 projectiles=-
retail_frame=6336 player=21775,-2881,28141,0,227,253,30 projectiles=-
retail_frame=6340 player=21793,-2881,28162,0,227,254,30 projectiles=-
retail_frame=6344 player=21811,-2881,28183,0,227,254,30 projectiles=-
retail_frame=6348 player=21847,-2881,28225,0,227,0,30 projectiles=-
retail_frame=6352 player=21865,-2881,28246,0,227,1,30 projectiles=-
retail_frame=6356 player=21883,-2881,28267,0,227,2,30 projectiles=-
retail_frame=6360 player=21901,-2881,28288,0,227,2,30 projectiles=-
retail_frame=6364 player=21937,-2881,28330,0,227,3,30 projectiles=-
retail_frame=6368 player=21955,-2881,28351,0,227,4,30 projectiles=-
retail_frame=6372 player=21973,-2881,28372,0,227,4,30 projectiles=-
retail_frame=6376 player=22009,-2881,28414,0,227,4,30 projectiles=-
retail_frame=6380 player=22027,-2881,28435,0,227,3,30 projectiles=-
retail_frame=6384 player=22063,-2881,28477,0,227,2,30 projectiles=-
retail_frame=6388 player=22081,-2881,28498,0,227,2,30 projectiles=-
retail_frame=6392 player=22099,-2881,28519,0,227,1,30 projectiles=-
retail_frame=6396 player=22135,-2881,28561,0,227,255,30 projectiles=-
retail_frame=6400 player=22153,-2881,28582,0,227,254,30 projectiles=-
retail_frame=6404 player=22171,-2881,28603,0,227,254,30 projectiles=-
retail_frame=6408 player=22207,-2881,28645,0,227,253,30 projectiles=-
retail_frame=6412 player=22225,-2881,28666,0,227,252,30 projectiles=-
retail_frame=6416 player=22243,-2881,28687,0,227,252,30 projectiles=-
retail_frame=6420 player=22279,-2881,28729,0,227,252,30 projectiles=-
retail_frame=6424 player=22297,-2881,28750,0,227,253,30 projectiles=-
retail_frame=6428 player=22315,-2881,28771,0,227,253,30 projectiles=-
retail_frame=6432 player=22351,-2881,28813,0,227,254,30 projectiles=-
retail_frame=6436 player=22369,-2881,28834,0,227,255,30 projectiles=-
retail_frame=6440 player=22387,-2881,28855,0,227,0,30 projectiles=-
retail_frame=6444 player=22423,-2881,28897,0,227,2,30 projectiles=-
retail_frame=6448 player=22441,-2881,28918,0,227,2,30 projectiles=-
retail_frame=6452 player=22459,-2881,28939,0,227,3,30 projectiles=-
retail_frame=6456 player=22495,-2881,28981,0,227,4,30 projectiles=-
retail_frame=6460 player=22513,-2881,29002,0,227,4,30 projectiles=-
retail_frame=6464 player=22531,-2881,29023,0,227,4,30 projectiles=-
retail_frame=6468 player=22567,-2881,29065,0,227,3,30 projectiles=-
retail_frame=6472 player=22585,-2881,29086,0,227,3,30 projectiles=-
retail_frame=6476 player=22603,-2881,29107,0,227,2,30 projectiles=-
retail_frame=6480 player=22639,-2881,29149,0,227,1,30 projectiles=-
retail_frame=6484 player=22657,-2881,29170,0,227,0,30 projectiles=-
retail_frame=6488 player=22675,-2881,29191,0,227,255,30 projectiles=047A,31660,8544,30084,209,68,0,30
retail_frame=6492 player=22693,-2881,29212,0,227,254,30 projectiles=047A,30990,7485,30023,209,68,0,63
retail_frame=6496 player=22729,-2881,29254,0,227,253,30 projectiles=047A,30646,6961,29988,210,68,0,63
retail_frame=6500 player=22747,-2881,29275,0,227,253,30 projectiles=047A,30301,6437,29956,210,68,0,63
retail_frame=6504 player=22765,-2881,29296,0,227,252,30 projectiles=047A,29711,5616,29900,210,68,0,63
retail_frame=6508 player=22783,-2881,29317,0,227,252,30 projectiles=047A,29257,4871,29860,210,68,0,63
retail_frame=6512 player=22819,-2881,29359,0,227,252,30 projectiles=047A,28907,4353,29829,210,68,0,63
retail_frame=6516 player=22837,-2881,29380,0,227,253,30 projectiles=047A,28554,3835,29800,210,68,0,63
retail_frame=6520 player=22855,-2881,29401,0,227,253,30 projectiles=047A,27837,2813,29750,211,67,0,63
retail_frame=6524 player=22891,-2881,29443,0,227,254,30 projectiles=047A,27477,2304,29728,211,67,0,63
retail_frame=6528 player=22909,-2881,29464,0,227,255,30 projectiles=047A,27114,1796,29706,211,67,0,63
retail_frame=6532 player=22927,-2881,29485,0,227,0,30 projectiles=047A,26574,1103,29672,211,67,0,63
retail_frame=6536 player=22945,-2881,29506,0,227,1,30 projectiles=047A,25999,290,29644,212,67,0,63
retail_frame=6540 player=22963,-2881,29527,0,227,2,30 projectiles=05B5,31136,4740,31588,216,74,0,63;047A,25620,-206,29631,212,66,0,63
retail_frame=6544 player=22981,-2881,29548,0,227,2,30 projectiles=05B5,30732,4278,31488,216,74,0,63;047A,25230,-695,29619,213,66,0,63
retail_frame=6548 player=23017,-2881,29590,0,227,3,30 projectiles=05B5,30317,3820,31388,217,74,0,63;047A,24834,-1178,29610,213,66,0,63
retail_frame=6552 player=23035,-2881,29611,0,227,4,30 projectiles=05B5,29902,3365,31288,217,74,0,63;047A,24428,-1651,29601,214,65,0,63
retail_frame=6556 player=23053,-2881,29632,0,227,4,30 projectiles=05B5,29487,2910,31191,217,74,0,63;047A,24012,-2111,29598,215,65,0,63
retail_frame=6560 player=23071,-2881,29653,0,227,4,30 projectiles=05B5,28650,2005,30995,217,74,0,63;047A,23872,-2311,29598,217,64,0,63
retail_frame=6564 player=23089,-2881,29674,0,227,4,30 projectiles=05B5,28225,1556,30894,218,74,0,63;047A,23584,-2707,29598,219,63,0,63
retail_frame=6568 player=23107,-2881,29695,0,227,3,30 projectiles=05B5,27798,1107,30793,218,74,0,63;047A,23436,-2903,29598,229,62,0,63
retail_frame=6572 player=23125,-2881,29716,0,227,3,30 projectiles=05B5,27370,661,30692,218,74,0,63;047A,23244,-3055,29602,229,62,0,63
retail_frame=6576 player=23161,-2881,29758,0,227,2,30 projectiles=05B5,26939,218,30591,218,74,0,63;047A,23052,-3207,29606,229,62,0,63
retail_frame=6580 player=23179,-2881,29779,0,227,1,30 projectiles=05B5,26501,-218,30497,219,73,0,63;047A,22860,-3359,29610,229,62,0,63
retail_frame=6584 player=23197,-2881,29800,0,227,0,30 projectiles=05B5,26061,-651,30403,219,73,0,63;047A,22668,-3511,29614,229,62,0,63
retail_frame=6588 player=23215,-2881,29821,0,227,255,30 projectiles=05B5,25162,-1494,30208,220,73,0,63;047A,22284,-3815,29622,229,62,0,63
retail_frame=6592 player=23233,-2881,29842,0,227,254,30 projectiles=05B5,24697,-1901,30117,221,72,0,63;047A,22092,-3967,29626,229,62,0,63
retail_frame=6596 player=23251,-2881,29863,0,227,254,30 projectiles=0672,31382,1359,32650,229,78,0,63;05B5,24222,-2295,30029,222,72,0,63;047A,21900,-4119,29630,229,62,0,63
retail_frame=6600 player=23269,-2881,29884,0,227,253,30 projectiles=0672,30875,1036,32476,229,78,0,63;05B5,24054,-2467,30005,224,71,0,63;047A,21708,-4271,29634,229,62,0,63
retail_frame=6604 player=23287,-2881,29905,0,227,253,30 projectiles=0672,30368,715,32303,229,78,0,63;05B5,23886,-2639,29981,226,71,0,63;047A,21516,-4423,29638,229,62,0,63
retail_frame=6608 player=23305,-2881,29926,0,227,252,30 projectiles=0672,29857,403,32132,230,78,0,63;05B5,23710,-2803,29953,226,71,0,63;047A,21324,-4575,29642,229,62,0,63
retail_frame=6612 player=23323,-2881,29947,0,227,252,30 projectiles=0672,29343,94,31961,230,78,0,63;05B5,23534,-2967,29925,239,70,0,63;047A,21132,-4727,29646,229,62,0,63
retail_frame=6616 player=23341,-2881,29968,0,227,252,30 projectiles=0672,28825,-215,31790,230,77,0,63;05B5,23314,-3067,29897,239,70,0,63;047A,20940,-4879,29650,229,62,0,63
retail_frame=6620 player=23359,-2881,29989,0,227,252,30 projectiles=0672,28307,-521,31619,230,77,0,63;05B5,23094,-3167,29869,239,70,0,63;047A,20748,-5031,29654,229,62,0,63
retail_frame=6624 player=23377,-2881,30010,0,227,253,30 projectiles=0672,27786,-820,31448,231,77,0,63;05B5,22874,-3267,29841,239,70,0,63;047A,20556,-5183,29658,229,62,0,63
retail_frame=6628 player=23413,-2881,30052,0,227,254,30 projectiles=0672,27265,-1116,31277,231,77,0,63;05B5,22654,-3367,29813,239,70,0,63;047A,20364,-5335,29662,229,62,0,63
retail_frame=6632 player=23431,-2881,30073,0,227,254,30 projectiles=0672,26737,-1405,31109,232,77,0,63;05B5,22434,-3467,29785,239,70,0,63;047A,20172,-5487,29666,229,62,0,63
retail_frame=6636 player=23449,-2881,30094,0,227,255,30 projectiles=0672,26209,-1691,30941,232,77,0,63;05B5,22214,-3567,29757,239,70,0,63
retail_frame=6640 player=23467,-2881,30115,0,227,0,30 projectiles=0672,25136,-2235,30612,233,76,0,63;05B5,21774,-3767,29701,239,70,0,63
retail_frame=6644 player=23485,-2881,30136,0,227,1,30 projectiles=0672,24595,-2494,30452,234,76,0,63;05B5,21554,-3867,29673,239,70,0,63
retail_frame=6648 player=23503,-2881,30157,0,227,2,30 projectiles=0672,24043,-2733,30296,236,76,0,63;05B5,21334,-3967,29645,239,70,0,63
retail_frame=6652 player=23521,-2881,30178,0,227,2,30 projectiles=0672,23827,-2825,30240,240,75,0,63;05B5,21114,-4067,29617,239,70,0,63
retail_frame=6656 player=23539,-2881,30199,0,227,3,30 projectiles=047A,-32713,-474,-30510,242,84,0,63;0672,23611,-2917,30184,250,73,0,63;05B5,20894,-4167,29589,239,70,0,63
retail_frame=6660 player=23557,-2881,30220,0,227,33,30 projectiles=047A,32286,-641,-30788,242,84,0,63;0672,23379,-2949,30136,250,73,0,63;05B5,20674,-4267,29561,239,70,0,63
retail_frame=6664 player=23593,-2881,30262,0,227,28,30 projectiles=047A,31749,-808,-31066,242,84,0,63;0672,23147,-2981,30088,250,73,0,63;05B5,20454,-4367,29533,239,70,0,63
retail_frame=6668 player=23611,-2881,30283,0,227,25,30 projectiles=047A,31212,-971,-31348,243,84,0,63;05B5,20234,-4467,29505,239,70,0,63
retail_frame=6672 player=23629,-2881,30304,0,227,23,30 projectiles=047A,30342,-1215,-31802,243,84,0,63;05B5,20014,-4567,29477,239,70,0,63
retail_frame=6676 player=23647,-2881,30325,0,227,20,30 projectiles=047A,29598,-1451,-32189,243,84,0,63
retail_frame=6680 player=23683,-2881,30367,0,227,16,30 projectiles=047A,29058,-1608,-32464,243,83,0,63
retail_frame=6684 player=23701,-2881,30388,0,227,15,30 projectiles=047A,28518,-1765,-32739,243,83,0,63
retail_frame=6688 player=23719,-2881,30409,0,227,13,30 projectiles=047A,27642,-1989,32355,244,83,0,63
retail_frame=6692 player=23737,-2881,30430,0,227,11,30 projectiles=047A,26898,-2200,31979,244,83,0,63
retail_frame=6696 player=23755,-2881,30451,0,227,9,30 projectiles=047A,26355,-2343,31709,244,83,0,63
retail_frame=6700 player=23791,-2881,30493,0,227,6,30 projectiles=047A,25808,-2479,31440,245,83,0,63
retail_frame=6704 player=23809,-2881,30514,0,227,4,30 projectiles=047A,25254,-2612,31182,245,82,0,63
retail_frame=6708 player=23827,-2881,30535,0,227,3,30 projectiles=047A,24700,-2731,30924,246,82,0,63
retail_frame=6712 player=23845,-2881,30556,0,227,1,30 projectiles=047A,24276,-2839,30732,247,82,0,63
retail_frame=6716 player=23863,-2881,30577,0,227,0,30 projectiles=047A,24064,-2891,30636,249,81,0,63
retail_frame=6720 player=23881,-2881,30598,0,227,26,30 projectiles=047A,23844,-2931,30540,249,81,0,63
retail_frame=6724 player=23917,-2881,30640,0,227,21,30 projectiles=047A,23624,-2971,30444,249,81,0,63
retail_frame=6728 player=23935,-2881,30661,0,227,18,30 projectiles=-
retail_frame=6732 player=23953,-2881,30682,0,227,17,30 projectiles=-
retail_frame=6736 player=23989,-2881,30724,0,227,14,30 projectiles=-
retail_frame=6740 player=24007,-2881,30745,0,227,14,30 projectiles=-
retail_frame=6744 player=24043,-2881,30787,0,227,14,30 projectiles=-
retail_frame=6748 player=24061,-2881,30808,0,227,13,30 projectiles=-
retail_frame=6752 player=24079,-2881,30829,0,227,13,30 projectiles=-
retail_frame=6756 player=24115,-2881,30871,0,227,12,30 projectiles=-
retail_frame=6760 player=24133,-2881,30892,0,227,11,30 projectiles=-
retail_frame=6764 player=24151,-2881,30913,0,227,10,30 projectiles=-
retail_frame=6768 player=24169,-2881,30934,0,227,7,30 projectiles=-
retail_frame=6772 player=24205,-2881,30976,0,227,6,30 projectiles=-
retail_frame=6776 player=24223,-2881,30997,0,227,4,30 projectiles=-
retail_frame=6780 player=24241,-2881,31018,0,227,3,30 projectiles=-
retail_frame=6784 player=24277,-2881,31060,0,227,0,30 projectiles=-
retail_frame=6788 player=24295,-2881,31081,0,227,255,30 projectiles=-
retail_frame=6792 player=24313,-2881,31102,0,227,254,30 projectiles=-
retail_frame=6796 player=24349,-2881,31144,0,227,253,30 projectiles=-
retail_frame=6800 player=24367,-2881,31165,0,227,253,30 projectiles=-
retail_frame=6804 player=24385,-2881,31186,0,227,252,30 projectiles=-
retail_frame=6808 player=24421,-2881,31228,0,227,252,30 projectiles=-
retail_frame=6812 player=24439,-2881,31249,0,227,252,30 projectiles=-
retail_frame=6816 player=24457,-2881,31270,0,227,253,30 projectiles=-
retail_frame=6820 player=24493,-2881,31312,0,227,254,30 projectiles=-
retail_frame=6824 player=24511,-2881,31333,0,227,254,30 projectiles=-
retail_frame=6828 player=24529,-2881,31354,0,227,255,30 projectiles=-
retail_frame=6832 player=24565,-2881,31396,0,227,1,30 projectiles=-
retail_frame=6836 player=24583,-2881,31417,0,227,2,30 projectiles=-
retail_frame=6840 player=24601,-2881,31438,0,227,2,30 projectiles=-
retail_frame=6844 player=24637,-2881,31480,0,227,3,30 projectiles=-
retail_frame=6848 player=24655,-2881,31501,0,227,4,30 projectiles=-
retail_frame=6852 player=24691,-2881,31543,0,227,4,30 projectiles=-
retail_frame=6856 player=24709,-2881,31564,0,227,4,30 projectiles=-
retail_frame=6860 player=24727,-2881,31585,0,227,3,30 projectiles=-
retail_frame=6864 player=24763,-2881,31627,0,227,2,30 projectiles=-
retail_frame=6868 player=24781,-2881,31648,0,227,2,30 projectiles=-
retail_frame=6872 player=24799,-2881,31669,0,227,1,30 projectiles=-
retail_frame=6876 player=24835,-2881,31711,0,227,255,30 projectiles=-
retail_frame=6880 player=24853,-2881,31732,0,227,254,30 projectiles=-
retail_frame=6884 player=24871,-2881,31753,0,227,254,30 projectiles=-
retail_frame=6888 player=24907,-2881,31795,0,227,253,30 projectiles=-
retail_frame=6892 player=24925,-2881,31816,0,227,252,30 projectiles=-
retail_frame=6896 player=24943,-2881,31837,0,227,252,30 projectiles=-
retail_frame=6900 player=24979,-2881,31879,0,227,252,30 projectiles=-
retail_frame=6904 player=24997,-2881,31900,0,227,253,30 projectiles=-
retail_frame=6908 player=25015,-2881,31921,0,227,253,30 projectiles=-
retail_frame=6912 player=25051,-2881,31963,0,227,254,30 projectiles=-
retail_frame=6916 player=25069,-2881,31984,0,227,255,30 projectiles=-
retail_frame=6920 player=25087,-2881,32005,0,227,0,30 projectiles=-
retail_frame=6924 player=25123,-2881,32047,0,227,2,30 projectiles=-
retail_frame=6928 player=25141,-2881,32068,0,227,2,30 projectiles=-
retail_frame=6932 player=25159,-2881,32089,0,227,3,30 projectiles=-
retail_frame=6936 player=25195,-2881,32131,0,227,4,30 projectiles=-
retail_frame=6940 player=25213,-2881,32152,0,227,4,30 projectiles=-
retail_frame=6944 player=25231,-2881,32173,0,227,4,30 projectiles=-
retail_frame=6948 player=25267,-2881,32215,0,227,3,30 projectiles=-
retail_frame=6952 player=25285,-2881,32236,0,227,3,30 projectiles=-
retail_frame=6956 player=25303,-2881,32257,0,227,2,30 projectiles=-
retail_frame=6960 player=25339,-2881,32299,0,227,1,30 projectiles=-
retail_frame=6964 player=25357,-2881,32320,0,227,0,30 projectiles=-
retail_frame=6968 player=25375,-2881,32341,0,227,255,30 projectiles=-
retail_frame=6972 player=25411,-2881,32383,0,227,254,30 projectiles=-
retail_frame=6976 player=25429,-2881,32404,0,227,253,30 projectiles=-
retail_frame=6980 player=25447,-2881,32425,0,227,253,30 projectiles=-
retail_frame=6984 player=25483,-2881,32467,0,227,252,30 projectiles=-
retail_frame=6988 player=25501,-2881,32488,0,227,252,30 projectiles=-
retail_frame=6992 player=25519,-2881,32509,0,227,252,30 projectiles=-
retail_frame=6996 player=25555,-2881,32551,0,227,253,30 projectiles=-
retail_frame=7000 player=25573,-2881,32572,0,227,254,30 projectiles=-
retail_frame=7004 player=25591,-2881,32593,0,227,254,30 projectiles=-
retail_frame=7008 player=25627,-2881,32635,0,227,0,30 projectiles=-
retail_frame=7012 player=25645,-2881,32656,0,227,1,30 projectiles=-
retail_frame=7016 player=25663,-2881,32677,0,227,2,30 projectiles=-
retail_frame=7020 player=25699,-2881,32719,0,227,3,30 projectiles=-
retail_frame=7024 player=25717,-2881,32740,0,227,3,30 projectiles=-
retail_frame=7028 player=25735,-2881,32761,0,227,4,30 projectiles=-
retail_frame=7032 player=25771,-2881,-32733,0,227,4,30 projectiles=-
retail_frame=7036 player=25789,-2881,-32712,0,227,4,30 projectiles=-
retail_frame=7040 player=25807,-2881,-32691,0,227,3,30 projectiles=-
retail_frame=7044 player=25843,-2881,-32649,0,227,2,30 projectiles=-
retail_frame=7048 player=25861,-2881,-32628,0,227,2,30 projectiles=-
retail_frame=7052 player=25879,-2881,-32607,0,227,1,30 projectiles=-
retail_frame=7056 player=25915,-2881,-32565,0,227,255,30 projectiles=-
retail_frame=7060 player=25933,-2881,-32544,0,227,254,30 projectiles=-
retail_frame=7064 player=25951,-2881,-32523,0,227,254,30 projectiles=-
retail_frame=7068 player=25987,-2881,-32481,0,227,253,30 projectiles=-
retail_frame=7072 player=26005,-2881,-32460,0,227,252,30 projectiles=-
retail_frame=7076 player=26023,-2881,-32439,0,227,252,30 projectiles=-
retail_frame=7080 player=26059,-2881,-32397,0,227,252,30 projectiles=-
retail_frame=7084 player=26077,-2881,-32376,0,227,253,30 projectiles=-
retail_frame=7088 player=26095,-2881,-32355,0,227,253,30 projectiles=-
retail_frame=7092 player=26131,-2881,-32313,0,227,254,30 projectiles=-
retail_frame=7096 player=26149,-2881,-32292,0,227,255,30 projectiles=-
retail_frame=7100 player=26167,-2881,-32271,0,227,0,30 projectiles=-
retail_frame=7104 player=26203,-2881,-32229,0,227,2,30 projectiles=-
retail_frame=7108 player=26221,-2881,-32208,0,227,2,30 projectiles=-
retail_frame=7112 player=26239,-2881,-32187,0,227,3,30 projectiles=-
retail_frame=7116 player=26275,-2881,-32145,0,227,4,30 projectiles=-
retail_frame=7120 player=26293,-2881,-32124,0,227,4,30 projectiles=-
retail_frame=7124 player=26311,-2881,-32103,0,227,4,30 projectiles=-
retail_frame=7128 player=26347,-2881,-32061,0,227,3,30 projectiles=-
retail_frame=7132 player=26365,-2881,-32040,0,227,3,30 projectiles=-
retail_frame=7136 player=26383,-2881,-32019,0,227,2,30 projectiles=-
retail_frame=7140 player=26419,-2881,-31977,0,227,1,30 projectiles=-
retail_frame=7144 player=26437,-2881,-31956,0,227,0,30 projectiles=-
retail_frame=7148 player=26455,-2881,-31935,0,227,255,30 projectiles=-
retail_frame=7152 player=26491,-2881,-31893,0,227,254,30 projectiles=-
retail_frame=7156 player=26509,-2881,-31872,0,227,253,30 projectiles=-
retail_frame=7160 player=26527,-2881,-31851,0,227,253,30 projectiles=-
retail_frame=7164 player=26563,-2881,-31809,0,227,252,30 projectiles=-
retail_frame=7168 player=26581,-2881,-31788,0,227,252,30 projectiles=-
retail_frame=7172 player=26599,-2881,-31767,0,227,252,30 projectiles=-
retail_frame=7176 player=26635,-2881,-31725,0,227,253,30 projectiles=-
retail_frame=7180 player=26653,-2881,-31704,0,227,254,30 projectiles=-
retail_frame=7184 player=26671,-2881,-31683,0,227,254,30 projectiles=-
retail_frame=7188 player=26707,-2881,-31641,0,227,0,30 projectiles=-
retail_frame=7192 player=26725,-2881,-31620,0,227,1,30 projectiles=-
retail_frame=7196 player=26743,-2881,-31599,0,227,2,30 projectiles=-
retail_frame=7200 player=26779,-2881,-31557,0,227,3,30 projectiles=-
retail_frame=7204 player=26797,-2881,-31536,0,227,3,30 projectiles=-
retail_frame=7208 player=26815,-2881,-31515,0,227,4,30 projectiles=-
retail_frame=7212 player=26851,-2881,-31473,0,227,4,30 projectiles=-
retail_frame=7216 player=26869,-2881,-31452,0,227,4,30 projectiles=-
retail_frame=7220 player=26887,-2881,-31431,0,227,3,30 projectiles=-
retail_frame=7224 player=26923,-2881,-31389,0,227,2,30 projectiles=-
retail_frame=7228 player=26941,-2881,-31368,0,227,2,30 projectiles=-
retail_frame=7232 player=26959,-2881,-31347,0,227,1,30 projectiles=-
retail_frame=7236 player=26995,-2881,-31305,0,227,255,30 projectiles=-
retail_frame=7240 player=27013,-2881,-31284,0,227,254,30 projectiles=-
retail_frame=7244 player=27031,-2881,-31263,0,227,254,30 projectiles=-
retail_frame=7248 player=27067,-2881,-31221,0,227,253,30 projectiles=-
retail_frame=7252 player=27085,-2881,-31200,0,227,252,30 projectiles=-
retail_frame=7256 player=27103,-2881,-31179,0,227,252,30 projectiles=-
retail_frame=7260 player=27139,-2881,-31137,0,227,252,30 projectiles=-
retail_frame=7264 player=27157,-2881,-31116,0,227,253,30 projectiles=-
retail_frame=7268 player=27175,-2881,-31095,0,227,253,30 projectiles=-
retail_frame=7272 player=27211,-2881,-31053,0,227,254,30 projectiles=-
retail_frame=7276 player=27229,-2881,-31032,0,227,255,30 projectiles=-
retail_frame=7280 player=27247,-2881,-31011,0,227,0,30 projectiles=-
retail_frame=7284 player=27283,-2881,-30969,0,227,2,30 projectiles=-
retail_frame=7288 player=27301,-2881,-30948,0,227,2,30 projectiles=-
retail_frame=7292 player=27319,-2881,-30927,0,227,3,30 projectiles=-
retail_frame=7296 player=27355,-2881,-30885,0,227,4,30 projectiles=-
retail_frame=7300 player=27373,-2881,-30864,0,227,4,30 projectiles=-
retail_frame=7304 player=27391,-2881,-30843,0,227,4,30 projectiles=-
retail_frame=7308 player=27427,-2881,-30801,0,227,3,30 projectiles=-
retail_frame=7312 player=27445,-2881,-30780,0,227,3,30 projectiles=-
retail_frame=7316 player=27463,-2881,-30759,0,227,2,30 projectiles=-
retail_frame=7320 player=27499,-2881,-30717,0,227,1,30 projectiles=-
retail_frame=7324 player=27517,-2881,-30696,0,227,0,30 projectiles=-
retail_frame=7328 player=27535,-2881,-30675,0,227,255,30 projectiles=-
retail_frame=7332 player=27571,-2881,-30633,0,227,254,30 projectiles=-
retail_frame=7336 player=27589,-2881,-30612,0,227,253,30 projectiles=-
retail_frame=7340 player=27607,-2881,-30591,0,227,253,30 projectiles=-
retail_frame=7344 player=27643,-2881,-30549,0,227,252,30 projectiles=-
retail_frame=7348 player=27661,-2881,-30528,0,227,252,30 projectiles=-
retail_frame=7352 player=27679,-2881,-30507,0,227,252,30 projectiles=-
retail_frame=7356 player=27715,-2881,-30465,0,227,253,30 projectiles=-
retail_frame=7360 player=27733,-2881,-30444,0,227,254,30 projectiles=-
retail_frame=7364 player=27751,-2881,-30423,0,227,254,30 projectiles=-
retail_frame=7368 player=27787,-2881,-30381,0,227,0,30 projectiles=-
retail_frame=7372 player=27805,-2881,-30360,0,227,1,30 projectiles=-
retail_frame=7376 player=27823,-2881,-30339,0,227,2,30 projectiles=-
retail_frame=7380 player=27841,-2881,-30318,0,227,2,30 projectiles=-
retail_frame=7384 player=27877,-2881,-30276,0,227,3,30 projectiles=-
retail_frame=7388 player=27895,-2881,-30255,0,227,4,30 projectiles=-
retail_frame=7392 player=27931,-2881,-30213,0,227,4,30 projectiles=-
retail_frame=7396 player=27949,-2881,-30192,0,227,4,30 projectiles=-
retail_frame=7400 player=27967,-2881,-30171,0,227,3,30 projectiles=-
retail_frame=7404 player=27985,-2881,-30150,0,227,3,30 projectiles=-
retail_frame=7408 player=28003,-2881,-30129,0,227,2,30 projectiles=-
retail_frame=7412 player=28039,-2881,-30087,0,227,1,30 projectiles=-
retail_frame=7416 player=28057,-2881,-30066,0,227,0,30 projectiles=-
retail_frame=7420 player=28075,-2881,-30045,0,227,255,30 projectiles=-
retail_frame=7424 player=28093,-2881,-30024,0,227,254,30 projectiles=-
retail_frame=7428 player=28129,-2881,-29982,0,227,253,30 projectiles=-
retail_frame=7432 player=28147,-2881,-29961,0,227,253,30 projectiles=-
retail_frame=7436 player=28165,-2881,-29940,0,227,252,30 projectiles=-
retail_frame=7440 player=28183,-2881,-29919,0,227,252,30 projectiles=-
retail_frame=7444 player=28219,-2881,-29877,0,227,252,30 projectiles=-
retail_frame=7448 player=28237,-2881,-29856,0,227,253,30 projectiles=-
retail_frame=7452 player=28255,-2881,-29835,0,227,253,30 projectiles=-
retail_frame=7456 player=28273,-2881,-29814,0,227,254,30 projectiles=-
retail_frame=7460 player=28291,-2881,-29793,0,227,255,30 projectiles=-
retail_frame=7464 player=28327,-2881,-29751,0,227,0,30 projectiles=-
retail_frame=7468 player=28345,-2881,-29730,0,227,1,30 projectiles=-
retail_frame=7472 player=28363,-2881,-29709,0,227,2,30 projectiles=-
retail_frame=7476 player=28381,-2881,-29688,0,227,2,30 projectiles=-
retail_frame=7480 player=28417,-2881,-29646,0,227,3,30 projectiles=-
retail_frame=7484 player=28435,-2881,-29625,0,227,4,30 projectiles=-
retail_frame=7488 player=28453,-2881,-29604,0,227,4,30 projectiles=-
retail_frame=7492 player=28471,-2881,-29583,0,227,4,30 projectiles=-
retail_frame=7496 player=28507,-2881,-29541,0,227,3,30 projectiles=-
retail_frame=7500 player=28525,-2881,-29520,0,227,3,30 projectiles=-
retail_frame=7504 player=28543,-2881,-29499,0,227,2,30 projectiles=-
retail_frame=7508 player=28561,-2881,-29478,0,227,2,30 projectiles=-
retail_frame=7512 player=28597,-2881,-29436,0,227,0,30 projectiles=-
retail_frame=7516 player=28615,-2881,-29415,0,227,255,30 projectiles=-
retail_frame=7520 player=28633,-2881,-29394,0,227,254,30 projectiles=-
retail_frame=7524 player=28651,-2881,-29373,0,227,254,30 projectiles=-
retail_frame=7528 player=28669,-2881,-29352,0,227,253,30 projectiles=-
retail_frame=7532 player=28705,-2881,-29310,0,227,252,30 projectiles=-
retail_frame=7536 player=28723,-2881,-29289,0,227,252,30 projectiles=-
retail_frame=7540 player=28741,-2881,-29268,0,227,252,30 projectiles=-
retail_frame=7544 player=28759,-2881,-29247,0,227,252,30 projectiles=-
retail_frame=7548 player=28795,-2881,-29205,0,227,253,30 projectiles=-
retail_frame=7552 player=28813,-2881,-29184,0,227,254,30 projectiles=-
retail_frame=7556 player=28831,-2881,-29163,0,227,254,30 projectiles=-
retail_frame=7560 player=28867,-2881,-29121,0,227,0,30 projectiles=-
retail_frame=7564 player=28885,-2881,-29100,0,227,1,30 projectiles=-
retail_frame=7568 player=28921,-2881,-29058,0,227,2,30 projectiles=-
retail_frame=7572 player=28939,-2881,-29037,0,227,3,30 projectiles=-
retail_frame=7576 player=28957,-2881,-29016,0,227,3,30 projectiles=-
retail_frame=7580 player=28993,-2881,-28974,0,227,4,30 projectiles=-
retail_frame=7584 player=29011,-2881,-28953,0,227,4,30 projectiles=-
retail_frame=7588 player=29029,-2881,-28932,0,227,4,30 projectiles=-
retail_frame=7592 player=29065,-2881,-28890,0,227,3,30 projectiles=-
retail_frame=7596 player=29083,-2881,-28869,0,227,2,30 projectiles=-
retail_frame=7600 player=29101,-2881,-28848,0,227,2,30 projectiles=-
retail_frame=7604 player=29137,-2881,-28806,0,227,0,30 projectiles=-
retail_frame=7608 player=29155,-2881,-28785,0,227,255,30 projectiles=-
retail_frame=7612 player=29173,-2881,-28764,0,227,254,30 projectiles=-
retail_frame=7616 player=29209,-2881,-28722,0,227,253,30 projectiles=-
retail_frame=7620 player=29227,-2881,-28701,0,227,253,30 projectiles=-
retail_frame=7624 player=29245,-2881,-28680,0,227,252,30 projectiles=-
retail_frame=7628 player=29281,-2881,-28638,0,227,252,30 projectiles=-
retail_frame=7632 player=29299,-2881,-28617,0,227,252,30 projectiles=-
retail_frame=7636 player=29317,-2881,-28596,0,227,253,30 projectiles=-
retail_frame=7640 player=29353,-2881,-28554,0,227,254,30 projectiles=-
retail_frame=7644 player=29371,-2881,-28533,0,227,254,30 projectiles=-
retail_frame=7648 player=29389,-2881,-28512,0,227,255,30 projectiles=-
retail_frame=7652 player=29425,-2881,-28470,0,227,1,30 projectiles=-
retail_frame=7656 player=29443,-2881,-28449,0,227,2,30 projectiles=-
retail_frame=7660 player=29461,-2881,-28428,0,227,2,30 projectiles=-
retail_frame=7664 player=29497,-2881,-28386,0,227,3,30 projectiles=-
retail_frame=7668 player=29515,-2881,-28365,0,227,4,30 projectiles=-
retail_frame=7672 player=29533,-2881,-28344,0,227,4,30 projectiles=-
retail_frame=7676 player=29569,-2881,-28302,0,227,4,30 projectiles=-
retail_frame=7680 player=29587,-2881,-28281,0,227,3,30 projectiles=-
retail_frame=7684 player=29605,-2881,-28260,0,227,3,30 projectiles=-
retail_frame=7688 player=29641,-2881,-28218,0,227,2,30 projectiles=-
retail_frame=7692 player=29659,-2881,-28197,0,227,1,30 projectiles=-
retail_frame=7696 player=29677,-2881,-28176,0,227,0,30 projectiles=-
retail_frame=7700 player=29713,-2881,-28134,0,227,254,30 projectiles=-
retail_frame=7704 player=29731,-2881,-28113,0,227,254,30 projectiles=-
retail_frame=7708 player=29749,-2881,-28092,0,227,253,30 projectiles=-
retail_frame=7712 player=29785,-2881,-28050,0,227,252,30 projectiles=-
retail_frame=7716 player=29803,-2881,-28029,0,227,252,30 projectiles=-
retail_frame=7720 player=29821,-2881,-28008,0,227,252,30 projectiles=-
retail_frame=7724 player=29857,-2881,-27966,0,227,253,30 projectiles=-
retail_frame=7728 player=29875,-2881,-27945,0,227,253,30 projectiles=-
retail_frame=7732 player=29893,-2881,-27924,0,227,254,30 projectiles=-
retail_frame=7736 player=29929,-2881,-27882,0,227,255,30 projectiles=-
retail_frame=7740 player=29947,-2881,-27861,0,227,0,30 projectiles=-
retail_frame=7744 player=29965,-2881,-27840,0,227,1,30 projectiles=-
retail_frame=7748 player=30001,-2881,-27798,0,227,2,30 projectiles=-
retail_frame=7752 player=30019,-2881,-27777,0,227,3,30 projectiles=-
retail_frame=7756 player=30037,-2881,-27756,0,227,3,30 projectiles=-
retail_frame=7760 player=30073,-2881,-27714,0,227,4,30 projectiles=-
retail_frame=7764 player=30091,-2881,-27693,0,227,4,30 projectiles=-
retail_frame=7768 player=30109,-2881,-27672,0,227,4,30 projectiles=-
retail_frame=7772 player=30145,-2881,-27630,0,227,3,30 projectiles=-
retail_frame=7776 player=30163,-2881,-27609,0,227,2,30 projectiles=-
retail_frame=7780 player=30181,-2881,-27588,0,227,2,30 projectiles=-
retail_frame=7784 player=30217,-2881,-27546,0,227,0,30 projectiles=-
retail_frame=7788 player=30235,-2881,-27525,0,227,255,30 projectiles=-
retail_frame=7792 player=30253,-2881,-27504,0,227,254,30 projectiles=-
retail_frame=7796 player=30289,-2881,-27462,0,227,253,30 projectiles=-
retail_frame=7800 player=30307,-2881,-27441,0,227,253,30 projectiles=-
retail_frame=7804 player=30325,-2881,-27420,0,227,252,30 projectiles=-
retail_frame=7808 player=30361,-2881,-27378,0,227,252,30 projectiles=-
retail_frame=7812 player=30379,-2881,-27357,0,227,252,30 projectiles=-
retail_frame=7816 player=30397,-2881,-27336,0,227,253,30 projectiles=-
retail_frame=7820 player=30433,-2881,-27294,0,227,254,30 projectiles=-
retail_frame=7824 player=30451,-2881,-27273,0,227,254,30 projectiles=-
retail_frame=7828 player=30469,-2881,-27252,0,227,255,30 projectiles=-
retail_frame=7832 player=30505,-2881,-27210,0,227,1,30 projectiles=-
retail_frame=7836 player=30523,-2881,-27189,0,227,2,30 projectiles=-
retail_frame=7840 player=30541,-2881,-27168,0,227,2,30 projectiles=-
retail_frame=7844 player=30577,-2881,-27126,0,227,3,30 projectiles=-
retail_frame=7848 player=30595,-2881,-27105,0,227,4,30 projectiles=-
retail_frame=7852 player=30631,-2881,-27063,0,227,4,30 projectiles=-
retail_frame=7856 player=30649,-2881,-27042,0,227,4,30 projectiles=-
retail_frame=7860 player=30667,-2881,-27021,0,227,3,30 projectiles=-
retail_frame=7864 player=30685,-2881,-27000,0,227,3,30 projectiles=-
retail_frame=7868 player=30721,-2881,-26958,0,227,2,30 projectiles=-
retail_frame=7872 player=30739,-2881,-26937,0,227,1,30 projectiles=-
retail_frame=7876 player=30775,-2881,-26895,0,227,255,30 projectiles=-
retail_frame=7880 player=30793,-2881,-26874,0,227,254,30 projectiles=-
retail_frame=7884 player=30811,-2881,-26853,0,227,254,30 projectiles=-
retail_frame=7888 player=30847,-2881,-26811,0,227,253,30 projectiles=-
retail_frame=7892 player=30865,-2881,-26790,0,227,252,30 projectiles=-
retail_frame=7896 player=30883,-2881,-26769,0,227,252,30 projectiles=-
retail_frame=7900 player=30919,-2881,-26727,0,227,252,30 projectiles=-
retail_frame=7904 player=30937,-2881,-26706,0,227,253,30 projectiles=-
retail_frame=7908 player=30955,-2881,-26685,0,227,253,30 projectiles=-
retail_frame=7912 player=30991,-2881,-26643,0,227,254,30 projectiles=-
retail_frame=7916 player=31009,-2881,-26622,0,227,255,30 projectiles=-
retail_frame=7920 player=31027,-2881,-26601,0,227,0,30 projectiles=-
retail_frame=7924 player=31063,-2881,-26559,0,227,2,30 projectiles=-
retail_frame=7928 player=31081,-2881,-26538,0,227,2,30 projectiles=-
retail_frame=7932 player=31099,-2881,-26517,0,227,3,30 projectiles=-
retail_frame=7936 player=31135,-2881,-26475,0,227,4,30 projectiles=-
retail_frame=7940 player=31153,-2881,-26454,0,227,4,30 projectiles=-
retail_frame=7944 player=31171,-2881,-26433,0,227,4,30 projectiles=-
retail_frame=7948 player=31207,-2881,-26391,0,227,3,30 projectiles=-
retail_frame=7952 player=31225,-2881,-26370,0,227,3,30 projectiles=-
retail_frame=7956 player=31243,-2881,-26349,0,227,2,30 projectiles=-
retail_frame=7960 player=31279,-2881,-26307,0,227,1,30 projectiles=-
retail_frame=7964 player=31297,-2881,-26286,0,227,0,30 projectiles=-
retail_frame=7968 player=31315,-2881,-26265,0,227,255,30 projectiles=-
retail_frame=7972 player=31351,-2881,-26223,0,227,254,30 projectiles=-
retail_frame=7976 player=31369,-2881,-26202,0,227,253,30 projectiles=-
retail_frame=7980 player=31387,-2881,-26181,0,227,253,30 projectiles=-
retail_frame=7984 player=31423,-2881,-26139,0,227,252,30 projectiles=-
retail_frame=7988 player=31441,-2881,-26118,0,227,252,30 projectiles=-
retail_frame=7992 player=31459,-2881,-26097,0,227,252,30 projectiles=-
retail_frame=7996 player=31495,-2881,-26055,0,227,253,30 projectiles=-
retail_frame=8000 player=31513,-2881,-26034,0,227,254,30 projectiles=-
retail_frame=8004 player=31531,-2881,-26013,0,227,254,30 projectiles=-
retail_frame=8008 player=31567,-2881,-25971,0,227,0,30 projectiles=-
retail_frame=8012 player=31585,-2881,-25950,0,227,1,30 projectiles=-
retail_frame=8016 player=31603,-2881,-25929,0,227,2,30 projectiles=-
retail_frame=8020 player=31639,-2881,-25887,0,227,3,30 projectiles=-
retail_frame=8024 player=31657,-2881,-25866,0,227,3,30 projectiles=-
retail_frame=8028 player=31675,-2881,-25845,0,227,4,30 projectiles=-
retail_frame=8032 player=31711,-2881,-25803,0,227,4,30 projectiles=-
retail_frame=8036 player=31729,-2881,-25782,0,227,4,30 projectiles=-
retail_frame=8040 player=31747,-2881,-25761,0,227,3,30 projectiles=-
retail_frame=8044 player=31783,-2881,-25719,0,227,2,30 projectiles=-
retail_frame=8048 player=31801,-2881,-25698,0,227,2,30 projectiles=-
retail_frame=8052 player=31819,-2881,-25677,0,227,1,30 projectiles=-
