# Compact oracle evidence for the opening capital-flight tasks.
# Raw source SHA-256: 545576ef4700bc49ecff200b3bdb9c1597f0a58b7470f0ca75e329dcfdec211a
# Opaque object bytes were reduced to the semantic fields below.
elapsed=7314 actor=first event=wait-for-angle path=7101 pose=-21676,9847,-2152,0,221,0,60 banked=0 bank_target=35 selected=-5459,-2881,-3632,0,227,2,30
elapsed=7315 actor=first event=random-branch path=717E pose=-21676,9847,-2152,0,221,4,60 banked=1 bank_target=16 selected=-5459,-2881,-3632,0,227,2,30
elapsed=7315 actor=first event=wait-for-angle path=7185 pose=-21676,9847,-2152,0,221,252,60 banked=1 bank_target=-16 selected=-5459,-2881,-3632,0,227,2,30
elapsed=7315 actor=first event=move path=7185 pose=-21676,9847,-2152,250,221,252,60 banked=1 bank_target=-16 selected=-5459,-2881,-3632,0,227,2,30
elapsed=7315 actor=second event=wait-for-angle path=7101 pose=-14884,7640,-14224,0,198,11,60 banked=0 bank_target=52 selected=-5459,-2881,-3632,0,227,2,30
elapsed=7315 actor=second event=move path=7101 pose=-14884,7640,-14224,0,198,10,60 banked=0 bank_target=52 selected=-5459,-2881,-3632,0,227,2,30
elapsed=7315 actor=second event=vertical-step path=8942 pose=-14656,7640,-14196,0,198,10,60 banked=0 bank_target=52 selected=-5459,-2881,-3632,0,227,2,30
elapsed=7319 actor=first event=wait-for-angle path=7185 pose=-21504,9815,-2008,250,220,252,60 banked=1 bank_target=-16 selected=-5441,-2881,-3611,0,227,1,30
elapsed=7319 actor=first event=move path=7185 pose=-21504,9815,-2008,245,220,252,60 banked=1 bank_target=-16 selected=-5441,-2881,-3611,0,227,1,30
elapsed=7320 actor=second event=wait-for-angle path=7101 pose=-14656,7540,-14196,0,198,10,60 banked=0 bank_target=52 selected=-5441,-2881,-3611,0,227,1,30
elapsed=7320 actor=second event=move path=7101 pose=-14656,7540,-14196,0,198,9,60 banked=0 bank_target=52 selected=-5441,-2881,-3611,0,227,1,30
elapsed=7320 actor=second event=vertical-step path=8942 pose=-14428,7540,-14168,0,198,9,60 banked=0 bank_target=52 selected=-5441,-2881,-3611,0,227,1,30
elapsed=7324 actor=first event=wait-for-angle path=7185 pose=-21332,9755,-1872,245,219,252,60 banked=1 bank_target=-16 selected=-5423,-2881,-3590,0,227,0,30
elapsed=7324 actor=first event=move path=7185 pose=-21332,9755,-1872,241,219,252,60 banked=1 bank_target=-16 selected=-5423,-2881,-3590,0,227,0,30
elapsed=7324 actor=second event=wait-for-angle path=7101 pose=-14428,7438,-14168,0,198,9,60 banked=0 bank_target=52 selected=-5423,-2881,-3590,0,227,0,30
elapsed=7324 actor=second event=move path=7101 pose=-14428,7438,-14168,0,198,8,60 banked=0 bank_target=52 selected=-5423,-2881,-3590,0,227,0,30
elapsed=7324 actor=second event=vertical-step path=8942 pose=-14200,7438,-14140,0,198,8,60 banked=0 bank_target=52 selected=-5423,-2881,-3590,0,227,0,30
elapsed=7329 actor=first event=wait-for-angle path=7185 pose=-21160,9671,-1744,241,218,252,60 banked=1 bank_target=-16 selected=-5405,-2881,-3569,0,227,255,30
elapsed=7329 actor=first event=move path=7185 pose=-21160,9671,-1744,237,218,252,60 banked=1 bank_target=-16 selected=-5405,-2881,-3569,0,227,255,30
elapsed=7329 actor=second event=wait-for-angle path=7101 pose=-14200,7335,-14140,0,198,8,60 banked=0 bank_target=52 selected=-5405,-2881,-3569,0,227,255,30
elapsed=7329 actor=second event=move path=7101 pose=-14200,7335,-14140,0,198,7,60 banked=0 bank_target=52 selected=-5405,-2881,-3569,0,227,255,30
elapsed=7329 actor=second event=vertical-step path=8942 pose=-13972,7335,-14112,0,198,7,60 banked=0 bank_target=52 selected=-5405,-2881,-3569,0,227,255,30
elapsed=7333 actor=first event=wait-for-angle path=7185 pose=-20992,9567,-1624,237,217,252,60 banked=1 bank_target=-16 selected=-5387,-2881,-3548,0,227,254,30
elapsed=7333 actor=first event=move path=7185 pose=-20992,9567,-1624,234,217,252,60 banked=1 bank_target=-16 selected=-5387,-2881,-3548,0,227,254,30
elapsed=7334 actor=second event=wait-for-angle path=7101 pose=-13972,7230,-14112,0,198,7,60 banked=0 bank_target=52 selected=-5387,-2881,-3548,0,227,254,30
elapsed=7334 actor=second event=move path=7101 pose=-13972,7230,-14112,0,198,6,60 banked=0 bank_target=52 selected=-5387,-2881,-3548,0,227,254,30
elapsed=7334 actor=second event=vertical-step path=8942 pose=-13744,7230,-14084,0,198,6,60 banked=0 bank_target=52 selected=-5387,-2881,-3548,0,227,254,30
elapsed=7338 actor=first event=wait-for-angle path=7185 pose=-20828,9447,-1516,234,216,252,60 banked=1 bank_target=-16 selected=-5369,-2881,-3527,0,227,254,30
elapsed=7338 actor=first event=move path=7185 pose=-20828,9447,-1516,231,216,252,60 banked=1 bank_target=-16 selected=-5369,-2881,-3527,0,227,254,30
elapsed=7338 actor=second event=wait-for-angle path=7101 pose=-13744,7123,-14084,0,198,6,60 banked=0 bank_target=52 selected=-5369,-2881,-3527,0,227,254,30
elapsed=7338 actor=second event=move path=7101 pose=-13744,7123,-14084,0,198,5,60 banked=0 bank_target=52 selected=-5369,-2881,-3527,0,227,254,30
elapsed=7338 actor=second event=vertical-step path=8942 pose=-13516,7123,-14056,0,198,5,60 banked=0 bank_target=52 selected=-5369,-2881,-3527,0,227,254,30
elapsed=7343 actor=first event=wait-for-angle path=7185 pose=-20668,9311,-1420,231,215,252,60 banked=1 bank_target=-16 selected=-5351,-2881,-3506,0,227,253,30
elapsed=7343 actor=first event=move path=7185 pose=-20668,9311,-1420,228,215,252,60 banked=1 bank_target=-16 selected=-5351,-2881,-3506,0,227,253,30
elapsed=7343 actor=second event=wait-for-angle path=7101 pose=-13516,7015,-14056,0,198,5,60 banked=0 bank_target=52 selected=-5351,-2881,-3506,0,227,253,30
elapsed=7343 actor=second event=move path=7101 pose=-13516,7015,-14056,0,198,4,60 banked=0 bank_target=52 selected=-5351,-2881,-3506,0,227,253,30
elapsed=7343 actor=second event=vertical-step path=8942 pose=-13288,7015,-14028,0,198,4,60 banked=0 bank_target=52 selected=-5351,-2881,-3506,0,227,253,30
elapsed=7347 actor=first event=wait-for-angle path=7185 pose=-20516,9163,-1332,228,214,252,60 banked=1 bank_target=-16 selected=-5333,-2881,-3485,0,227,253,30
elapsed=7347 actor=first event=move path=7185 pose=-20516,9163,-1332,226,214,252,60 banked=1 bank_target=-16 selected=-5333,-2881,-3485,0,227,253,30
elapsed=7348 actor=second event=wait-for-angle path=7101 pose=-13288,6905,-14028,0,198,4,60 banked=0 bank_target=52 selected=-5333,-2881,-3485,0,227,253,30
elapsed=7348 actor=second event=move path=7101 pose=-13288,6905,-14028,0,198,3,60 banked=0 bank_target=52 selected=-5333,-2881,-3485,0,227,253,30
elapsed=7348 actor=second event=vertical-step path=8942 pose=-13060,6905,-14000,0,198,3,60 banked=0 bank_target=52 selected=-5333,-2881,-3485,0,227,253,30
elapsed=7352 actor=first event=wait-for-angle path=7185 pose=-20368,9007,-1248,226,213,252,60 banked=1 bank_target=-16 selected=-5315,-2881,-3464,0,227,252,30
elapsed=7352 actor=first event=move path=7185 pose=-20368,9007,-1248,224,213,252,60 banked=1 bank_target=-16 selected=-5315,-2881,-3464,0,227,252,30
elapsed=7352 actor=second event=wait-for-angle path=7101 pose=-13060,6793,-14000,0,198,3,60 banked=0 bank_target=52 selected=-5315,-2881,-3464,0,227,252,30
elapsed=7352 actor=second event=move path=7101 pose=-13060,6793,-14000,0,198,2,60 banked=0 bank_target=52 selected=-5315,-2881,-3464,0,227,252,30
elapsed=7352 actor=second event=vertical-step path=8942 pose=-12832,6793,-13972,0,198,2,60 banked=0 bank_target=52 selected=-5315,-2881,-3464,0,227,252,30
elapsed=7357 actor=first event=wait-for-angle path=7185 pose=-20224,8843,-1176,224,212,252,60 banked=1 bank_target=-16 selected=-5297,-2881,-3443,0,227,252,30
elapsed=7357 actor=first event=move path=7185 pose=-20224,8843,-1176,222,212,252,60 banked=1 bank_target=-16 selected=-5297,-2881,-3443,0,227,252,30
elapsed=7357 actor=second event=wait-for-angle path=7101 pose=-12832,6680,-13972,0,198,2,60 banked=0 bank_target=52 selected=-5297,-2881,-3443,0,227,252,30
elapsed=7357 actor=second event=move path=7101 pose=-12832,6680,-13972,0,198,1,60 banked=0 bank_target=52 selected=-5297,-2881,-3443,0,227,252,30
elapsed=7357 actor=second event=vertical-step path=8942 pose=-12604,6680,-13944,0,198,1,60 banked=0 bank_target=52 selected=-5297,-2881,-3443,0,227,252,30
elapsed=7361 actor=first event=wait-for-angle path=7185 pose=-20088,8667,-1108,222,211,252,60 banked=1 bank_target=-16 selected=-5279,-2881,-3422,0,227,252,30
elapsed=7361 actor=first event=move path=7185 pose=-20088,8667,-1108,220,211,252,60 banked=1 bank_target=-16 selected=-5279,-2881,-3422,0,227,252,30
elapsed=7362 actor=first event=fire path=8C2E pose=-19956,8487,-1048,168,186,252,60 banked=1 bank_target=-16 selected=-5279,-2881,-3422,0,227,252,30
elapsed=7362 actor=second event=wait-for-angle path=7101 pose=-12604,6566,-13944,0,198,1,60 banked=0 bank_target=52 selected=-5279,-2881,-3422,0,227,252,30
elapsed=7362 actor=second event=move path=7101 pose=-12604,6566,-13944,0,198,0,60 banked=0 bank_target=52 selected=-5279,-2881,-3422,0,227,252,30
elapsed=7362 actor=second event=vertical-step path=8942 pose=-12376,6566,-13916,0,198,0,60 banked=0 bank_target=52 selected=-5279,-2881,-3422,0,227,252,30
elapsed=7366 actor=first event=wait-for-angle path=7185 pose=-19956,8487,-1048,220,210,252,60 banked=1 bank_target=-16 selected=-5261,-2881,-3401,0,227,252,30
elapsed=7366 actor=first event=move path=7185 pose=-19956,8487,-1048,219,210,252,60 banked=1 bank_target=-16 selected=-5261,-2881,-3401,0,227,252,30
elapsed=7367 actor=second event=wait-for-angle path=7101 pose=-12376,6450,-13916,0,198,0,60 banked=0 bank_target=52 selected=-5261,-2881,-3401,0,227,252,30
elapsed=7367 actor=second event=random-branch path=717E pose=-12376,6450,-13916,0,198,4,60 banked=1 bank_target=16 selected=-5261,-2881,-3401,0,227,252,30
elapsed=7367 actor=second event=wait-for-angle path=7185 pose=-12376,6450,-13916,0,198,4,60 banked=1 bank_target=16 selected=-5261,-2881,-3401,0,227,252,30
elapsed=7367 actor=second event=move path=7185 pose=-12376,6450,-13916,250,198,4,60 banked=1 bank_target=16 selected=-5261,-2881,-3401,0,227,252,30
elapsed=7371 actor=first event=wait-for-angle path=7185 pose=-19828,8303,-992,219,209,252,60 banked=1 bank_target=-16 selected=-5243,-2881,-3380,0,227,253,30
elapsed=7371 actor=first event=move path=7185 pose=-19828,8303,-992,218,209,252,60 banked=1 bank_target=-16 selected=-5243,-2881,-3380,0,227,253,30
elapsed=7371 actor=second event=wait-for-angle path=7185 pose=-12152,6418,-13884,250,199,4,60 banked=1 bank_target=16 selected=-5243,-2881,-3380,0,227,253,30
elapsed=7371 actor=second event=move path=7185 pose=-12152,6418,-13884,245,199,4,60 banked=1 bank_target=16 selected=-5243,-2881,-3380,0,227,253,30
elapsed=7376 actor=first event=wait-for-angle path=7185 pose=-19704,8115,-944,218,208,252,60 banked=1 bank_target=-16 selected=-5225,-2881,-3359,0,227,253,30
elapsed=7376 actor=first event=move path=7185 pose=-19704,8115,-944,217,208,252,60 banked=1 bank_target=-16 selected=-5225,-2881,-3359,0,227,253,30
elapsed=7376 actor=second event=wait-for-angle path=7185 pose=-11932,6358,-13844,245,200,4,60 banked=1 bank_target=16 selected=-5225,-2881,-3359,0,227,253,30
elapsed=7376 actor=second event=move path=7185 pose=-11932,6358,-13844,241,200,4,60 banked=1 bank_target=16 selected=-5225,-2881,-3359,0,227,253,30
elapsed=7380 actor=first event=wait-for-angle path=7185 pose=-19580,7923,-900,217,207,252,60 banked=1 bank_target=-16 selected=-5207,-2881,-3338,0,227,254,30
elapsed=7380 actor=first event=move path=7185 pose=-19580,7923,-900,216,207,252,60 banked=1 bank_target=-16 selected=-5207,-2881,-3338,0,227,254,30
elapsed=7381 actor=second event=wait-for-angle path=7185 pose=-11724,6274,-13800,241,201,4,60 banked=1 bank_target=16 selected=-5207,-2881,-3338,0,227,254,30
elapsed=7381 actor=second event=move path=7185 pose=-11724,6274,-13800,237,201,4,60 banked=1 bank_target=16 selected=-5207,-2881,-3338,0,227,254,30
elapsed=7385 actor=first event=wait-for-angle path=7185 pose=-19460,7727,-860,216,206,252,60 banked=1 bank_target=-16 selected=-5189,-2881,-3317,0,227,254,30
elapsed=7385 actor=first event=move path=7185 pose=-19460,7727,-860,215,206,252,60 banked=1 bank_target=-16 selected=-5189,-2881,-3317,0,227,254,30
elapsed=7385 actor=second event=wait-for-angle path=7185 pose=-11524,6170,-13752,237,202,4,60 banked=1 bank_target=16 selected=-5189,-2881,-3317,0,227,254,30
elapsed=7385 actor=second event=move path=7185 pose=-11524,6170,-13752,234,202,4,60 banked=1 bank_target=16 selected=-5189,-2881,-3317,0,227,254,30
elapsed=7390 actor=first event=wait-for-angle path=7185 pose=-19344,7527,-824,215,205,252,60 banked=1 bank_target=-16 selected=-5171,-2881,-3296,0,227,255,30
elapsed=7390 actor=first event=move path=7185 pose=-19344,7527,-824,214,205,252,60 banked=1 bank_target=-16 selected=-5171,-2881,-3296,0,227,255,30
elapsed=7390 actor=second event=wait-for-angle path=7185 pose=-11332,6050,-13704,234,203,4,60 banked=1 bank_target=16 selected=-5171,-2881,-3296,0,227,255,30
elapsed=7390 actor=second event=move path=7185 pose=-11332,6050,-13704,231,203,4,60 banked=1 bank_target=16 selected=-5171,-2881,-3296,0,227,255,30
elapsed=7394 actor=first event=wait-for-angle path=7185 pose=-19232,7327,-792,214,204,252,60 banked=1 bank_target=-16 selected=-5153,-2881,-3275,0,227,0,30
elapsed=7394 actor=first event=move path=7185 pose=-19232,7327,-792,213,204,252,60 banked=1 bank_target=-16 selected=-5153,-2881,-3275,0,227,0,30
elapsed=7395 actor=second event=wait-for-angle path=7185 pose=-11152,5914,-13656,231,204,4,60 banked=1 bank_target=16 selected=-5153,-2881,-3275,0,227,0,30
elapsed=7395 actor=second event=move path=7185 pose=-11152,5914,-13656,228,204,4,60 banked=1 bank_target=16 selected=-5153,-2881,-3275,0,227,0,30
elapsed=7399 actor=first event=wait-for-angle path=7185 pose=-19124,7123,-764,213,203,252,60 banked=1 bank_target=-16 selected=-5135,-2881,-3254,0,227,1,30
elapsed=7399 actor=first event=move path=7185 pose=-19124,7123,-764,212,203,252,60 banked=1 bank_target=-16 selected=-5135,-2881,-3254,0,227,1,30
elapsed=7399 actor=second event=wait-for-angle path=7185 pose=-10984,5766,-13604,228,205,4,60 banked=1 bank_target=16 selected=-5135,-2881,-3254,0,227,1,30
elapsed=7399 actor=second event=move path=7185 pose=-10984,5766,-13604,226,205,4,60 banked=1 bank_target=16 selected=-5135,-2881,-3254,0,227,1,30
elapsed=7404 actor=first event=wait-for-angle path=7185 pose=-19020,6915,-740,212,202,252,60 banked=1 bank_target=-16 selected=-5117,-2881,-3233,0,227,2,30
elapsed=7404 actor=first event=move path=7185 pose=-19020,6915,-740,211,202,252,60 banked=1 bank_target=-16 selected=-5117,-2881,-3233,0,227,2,30
elapsed=7404 actor=second event=wait-for-angle path=7185 pose=-10824,5610,-13552,226,206,4,60 banked=1 bank_target=16 selected=-5117,-2881,-3233,0,227,2,30
elapsed=7404 actor=second event=move path=7185 pose=-10824,5610,-13552,224,206,4,60 banked=1 bank_target=16 selected=-5117,-2881,-3233,0,227,2,30
elapsed=7408 actor=first event=wait-for-angle path=7185 pose=-18920,6707,-720,211,201,252,60 banked=1 bank_target=-16 selected=-5099,-2881,-3212,0,227,2,30
elapsed=7408 actor=first event=move path=7185 pose=-18920,6707,-720,210,201,252,60 banked=1 bank_target=-16 selected=-5099,-2881,-3212,0,227,2,30
elapsed=7409 actor=second event=wait-for-angle path=7185 pose=-10672,5446,-13496,224,207,4,60 banked=1 bank_target=16 selected=-5099,-2881,-3212,0,227,2,30
elapsed=7409 actor=second event=move path=7185 pose=-10672,5446,-13496,222,207,4,60 banked=1 bank_target=16 selected=-5099,-2881,-3212,0,227,2,30
elapsed=7413 actor=first event=wait-for-angle path=7185 pose=-18824,6495,-704,210,200,252,60 banked=1 bank_target=-16 selected=-5081,-2881,-3191,0,227,3,30
elapsed=7413 actor=first event=move path=7185 pose=-18824,6495,-704,209,200,252,60 banked=1 bank_target=-16 selected=-5081,-2881,-3191,0,227,3,30
elapsed=7413 actor=second event=wait-for-angle path=7185 pose=-10532,5270,-13440,222,208,4,60 banked=1 bank_target=16 selected=-5081,-2881,-3191,0,227,3,30
elapsed=7413 actor=second event=move path=7185 pose=-10532,5270,-13440,220,208,4,60 banked=1 bank_target=16 selected=-5081,-2881,-3191,0,227,3,30
elapsed=7418 actor=first event=wait-for-angle path=7185 pose=-18732,6279,-692,209,199,252,60 banked=1 bank_target=-16 selected=-5063,-2881,-3170,0,227,3,30
elapsed=7418 actor=first event=move path=7185 pose=-18732,6279,-692,208,199,252,60 banked=1 bank_target=-16 selected=-5063,-2881,-3170,0,227,3,30
elapsed=7418 actor=second event=wait-for-angle path=7185 pose=-10400,5090,-13384,220,209,4,60 banked=1 bank_target=16 selected=-5063,-2881,-3170,0,227,3,30
elapsed=7418 actor=second event=move path=7185 pose=-10400,5090,-13384,219,209,4,60 banked=1 bank_target=16 selected=-5063,-2881,-3170,0,227,3,30
elapsed=7422 actor=first event=wait-for-angle path=7185 pose=-18648,6063,-680,208,198,252,60 banked=1 bank_target=-16 selected=-5045,-2881,-3149,0,227,4,30
elapsed=7422 actor=first event=move path=7185 pose=-18648,6063,-680,207,198,252,60 banked=1 bank_target=-16 selected=-5045,-2881,-3149,0,227,4,30
elapsed=7422 actor=second event=wait-for-angle path=7185 pose=-10272,4906,-13324,219,210,4,60 banked=1 bank_target=16 selected=-5045,-2881,-3149,0,227,4,30
elapsed=7422 actor=second event=move path=7185 pose=-10272,4906,-13324,218,210,4,60 banked=1 bank_target=16 selected=-5045,-2881,-3149,0,227,4,30
elapsed=7426 actor=first event=wait-for-angle path=7185 pose=-18568,5843,-672,207,197,252,60 banked=1 bank_target=-16 selected=-5027,-2881,-3128,0,227,4,30
elapsed=7426 actor=first event=move path=7185 pose=-18568,5843,-672,206,197,252,60 banked=1 bank_target=-16 selected=-5027,-2881,-3128,0,227,4,30
elapsed=7427 actor=second event=wait-for-angle path=7185 pose=-10152,4718,-13264,218,211,4,60 banked=1 bank_target=16 selected=-5027,-2881,-3128,0,227,4,30
elapsed=7427 actor=second event=move path=7185 pose=-10152,4718,-13264,217,211,4,60 banked=1 bank_target=16 selected=-5027,-2881,-3128,0,227,4,30
elapsed=7431 actor=first event=wait-for-angle path=7185 pose=-18492,5623,-668,206,196,252,60 banked=1 bank_target=-16 selected=-5009,-2881,-3107,0,227,4,30
elapsed=7431 actor=first event=move path=718A pose=-18492,5623,-668,206,196,252,60 banked=1 bank_target=-16 selected=-5009,-2881,-3107,0,227,4,30
elapsed=7431 actor=second event=wait-for-angle path=7185 pose=-10036,4526,-13204,217,212,4,60 banked=1 bank_target=16 selected=-5009,-2881,-3107,0,227,4,30
elapsed=7431 actor=second event=move path=7185 pose=-10036,4526,-13204,216,212,4,60 banked=1 bank_target=16 selected=-5009,-2881,-3107,0,227,4,30
elapsed=7435 actor=first event=move path=718A pose=-18416,5403,-664,206,195,252,60 banked=1 bank_target=-16 selected=-4991,-2881,-3086,0,227,4,30
elapsed=7435 actor=first event=fire path=8C2E pose=-18340,5183,-664,160,185,252,60 banked=1 bank_target=-16 selected=-4991,-2881,-3086,0,227,4,30
elapsed=7436 actor=second event=wait-for-angle path=7185 pose=-9928,4330,-13144,216,213,4,60 banked=1 bank_target=16 selected=-4991,-2881,-3086,0,227,4,30
elapsed=7436 actor=second event=move path=7185 pose=-9928,4330,-13144,215,213,4,60 banked=1 bank_target=16 selected=-4991,-2881,-3086,0,227,4,30
elapsed=7436 actor=second event=fire path=8C2E pose=-9824,4130,-13084,225,238,4,60 banked=1 bank_target=16 selected=-4991,-2881,-3086,0,227,4,30
elapsed=7442 actor=first event=move path=718A pose=-18340,5183,-664,206,194,252,60 banked=1 bank_target=-16 selected=-4973,-2881,-3065,0,227,3,30
elapsed=7442 actor=second event=wait-for-angle path=7185 pose=-9824,4130,-13084,215,214,4,60 banked=1 bank_target=16 selected=-4973,-2881,-3065,0,227,3,30
elapsed=7442 actor=second event=move path=7185 pose=-9824,4130,-13084,214,214,4,60 banked=1 bank_target=16 selected=-4973,-2881,-3065,0,227,3,30
elapsed=7447 actor=first event=move path=718A pose=-18264,4963,-664,206,193,252,60 banked=1 bank_target=-16 selected=-4955,-2881,-3044,0,227,3,30
elapsed=7447 actor=second event=wait-for-angle path=7185 pose=-9724,3930,-13024,214,215,4,60 banked=1 bank_target=16 selected=-4955,-2881,-3044,0,227,3,30
elapsed=7447 actor=second event=move path=7185 pose=-9724,3930,-13024,213,215,4,60 banked=1 bank_target=16 selected=-4955,-2881,-3044,0,227,3,30
elapsed=7452 actor=first event=move path=718A pose=-18188,4743,-664,206,192,252,60 banked=1 bank_target=-16 selected=-4937,-2881,-3023,0,227,2,30
elapsed=7452 actor=second event=wait-for-angle path=7185 pose=-9632,3726,-12964,213,216,4,60 banked=1 bank_target=16 selected=-4937,-2881,-3023,0,227,2,30
elapsed=7452 actor=second event=move path=7185 pose=-9632,3726,-12964,212,216,4,60 banked=1 bank_target=16 selected=-4937,-2881,-3023,0,227,2,30
elapsed=7457 actor=first event=move path=718A pose=-18112,4523,-664,206,191,252,60 banked=1 bank_target=-16 selected=-4919,-2881,-3002,0,227,2,30
elapsed=7457 actor=second event=wait-for-angle path=7185 pose=-9544,3518,-12904,212,217,4,60 banked=1 bank_target=16 selected=-4919,-2881,-3002,0,227,2,30
elapsed=7457 actor=second event=move path=7185 pose=-9544,3518,-12904,211,217,4,60 banked=1 bank_target=16 selected=-4919,-2881,-3002,0,227,2,30
elapsed=7462 actor=first event=move path=718A pose=-18036,4303,-664,206,190,252,60 banked=1 bank_target=-16 selected=-4901,-2881,-2981,0,227,1,30
elapsed=7462 actor=second event=wait-for-angle path=7185 pose=-9464,3310,-12844,211,218,4,60 banked=1 bank_target=16 selected=-4901,-2881,-2981,0,227,1,30
elapsed=7462 actor=second event=move path=7185 pose=-9464,3310,-12844,210,218,4,60 banked=1 bank_target=16 selected=-4901,-2881,-2981,0,227,1,30
elapsed=7467 actor=first event=move path=718A pose=-17960,4083,-668,206,189,252,60 banked=1 bank_target=-16 selected=-4883,-2881,-2960,0,227,0,30
elapsed=7467 actor=second event=wait-for-angle path=7185 pose=-9388,3098,-12784,210,219,4,60 banked=1 bank_target=16 selected=-4883,-2881,-2960,0,227,0,30
elapsed=7467 actor=second event=move path=7185 pose=-9388,3098,-12784,209,219,4,60 banked=1 bank_target=16 selected=-4883,-2881,-2960,0,227,0,30
elapsed=7471 actor=first event=move path=718A pose=-17884,3863,-672,206,188,252,60 banked=1 bank_target=-16 selected=-4865,-2881,-2939,0,227,255,30
elapsed=7472 actor=second event=wait-for-angle path=7185 pose=-9320,2882,-12728,209,220,4,60 banked=1 bank_target=16 selected=-4865,-2881,-2939,0,227,255,30
elapsed=7472 actor=second event=move path=7185 pose=-9320,2882,-12728,208,220,4,60 banked=1 bank_target=16 selected=-4865,-2881,-2939,0,227,255,30
elapsed=7477 actor=first event=move path=718A pose=-17808,3643,-680,206,187,252,60 banked=1 bank_target=-16 selected=-4847,-2881,-2918,0,227,254,30
elapsed=7477 actor=second event=wait-for-angle path=7185 pose=-9256,2666,-12672,208,221,4,60 banked=1 bank_target=16 selected=-4847,-2881,-2918,0,227,254,30
elapsed=7477 actor=second event=move path=7185 pose=-9256,2666,-12672,207,221,4,60 banked=1 bank_target=16 selected=-4847,-2881,-2918,0,227,254,30
elapsed=7482 actor=first event=move path=718A pose=-17732,3423,-688,206,186,252,60 banked=1 bank_target=-16 selected=-4829,-2881,-2897,0,227,254,30
elapsed=7482 actor=second event=wait-for-angle path=7185 pose=-9196,2446,-12620,207,222,4,60 banked=1 bank_target=16 selected=-4829,-2881,-2897,0,227,254,30
elapsed=7482 actor=second event=move path=7185 pose=-9196,2446,-12620,206,222,4,60 banked=1 bank_target=16 selected=-4829,-2881,-2897,0,227,254,30
elapsed=7487 actor=first event=move path=718A pose=-17656,3203,-696,206,185,252,60 banked=1 bank_target=-16 selected=-4811,-2881,-2876,0,227,253,30
elapsed=7487 actor=second event=wait-for-angle path=7185 pose=-9144,2226,-12568,206,223,4,60 banked=1 bank_target=16 selected=-4811,-2881,-2876,0,227,253,30
elapsed=7487 actor=second event=move path=718A pose=-9144,2226,-12568,206,223,4,60 banked=1 bank_target=16 selected=-4811,-2881,-2876,0,227,253,30
elapsed=7491 actor=first event=move path=718A pose=-17580,2983,-708,206,184,252,60 banked=1 bank_target=-16 selected=-4793,-2881,-2855,0,227,253,30
elapsed=7491 actor=second event=move path=718A pose=-9092,2006,-12516,206,224,4,60 banked=1 bank_target=16 selected=-4793,-2881,-2855,0,227,253,30
elapsed=7496 actor=first event=move path=718A pose=-17508,2763,-720,206,183,252,60 banked=1 bank_target=-16 selected=-4775,-2881,-2834,0,227,252,30
elapsed=7496 actor=second event=move path=718A pose=-9040,1786,-12464,206,225,4,60 banked=1 bank_target=16 selected=-4775,-2881,-2834,0,227,252,30
elapsed=7500 actor=first event=move path=718A pose=-17436,2543,-736,206,182,252,60 banked=1 bank_target=-16 selected=-4757,-2881,-2813,0,227,252,30
elapsed=7501 actor=second event=move path=718A pose=-8992,1566,-12408,206,226,4,60 banked=1 bank_target=16 selected=-4757,-2881,-2813,0,227,252,30
elapsed=7505 actor=first event=move path=718A pose=-17364,2323,-752,206,181,252,60 banked=1 bank_target=-16 selected=-4739,-2881,-2792,0,227,252,30
elapsed=7505 actor=second event=wait-for-angle path=719D pose=-8944,1346,-12352,206,227,4,60 banked=0 bank_target=16 selected=-4739,-2881,-2792,0,227,252,30
elapsed=7505 actor=second event=move path=719D pose=-8944,1346,-12352,212,227,4,60 banked=0 bank_target=16 selected=-4739,-2881,-2792,0,227,252,30
elapsed=7510 actor=first event=move path=718A pose=-17292,2103,-772,206,180,252,60 banked=1 bank_target=-16 selected=-4721,-2881,-2771,0,227,252,30
elapsed=7510 actor=second event=wait-for-angle path=719D pose=-8876,1138,-12272,212,227,4,60 banked=0 bank_target=16 selected=-4721,-2881,-2771,0,227,252,30
elapsed=7510 actor=second event=move path=719D pose=-8876,1138,-12272,217,227,4,60 banked=0 bank_target=16 selected=-4721,-2881,-2771,0,227,252,30
elapsed=7514 actor=first event=move path=718A pose=-17220,1883,-792,206,179,252,60 banked=1 bank_target=-16 selected=-4703,-2881,-2750,0,227,253,30
elapsed=7514 actor=first event=fire path=8C2E pose=-17148,1663,-816,234,186,252,60 banked=1 bank_target=-16 selected=-4703,-2881,-2750,0,227,253,30
elapsed=7515 actor=second event=wait-for-angle path=719D pose=-8792,946,-12172,217,227,4,60 banked=0 bank_target=16 selected=-4703,-2881,-2750,0,227,253,30
elapsed=7515 actor=second event=move path=719D pose=-8792,946,-12172,221,227,4,60 banked=0 bank_target=16 selected=-4703,-2881,-2750,0,227,253,30
elapsed=7515 actor=second event=fire path=8C2E pose=-8696,766,-12060,235,240,4,60 banked=0 bank_target=16 selected=-4703,-2881,-2750,0,227,253,30
elapsed=7520 actor=first event=move path=718A pose=-17148,1663,-816,206,178,252,60 banked=1 bank_target=-16 selected=-4685,-2881,-2729,0,227,253,30
elapsed=7520 actor=second event=wait-for-angle path=719D pose=-8696,766,-12060,221,227,4,60 banked=0 bank_target=16 selected=-4685,-2881,-2729,0,227,253,30
elapsed=7520 actor=second event=move path=719D pose=-8696,766,-12060,225,227,4,60 banked=0 bank_target=16 selected=-4685,-2881,-2729,0,227,253,30
elapsed=7525 actor=first event=wait-for-angle path=719D pose=-17076,1443,-840,206,177,252,60 banked=0 bank_target=-16 selected=-4667,-2881,-2708,0,227,254,30
elapsed=7525 actor=first event=move path=719D pose=-17076,1443,-840,212,177,252,60 banked=0 bank_target=-16 selected=-4667,-2881,-2708,0,227,254,30
elapsed=7525 actor=second event=wait-for-angle path=719D pose=-8588,606,-11936,225,227,4,60 banked=0 bank_target=16 selected=-4667,-2881,-2708,0,227,254,30
elapsed=7525 actor=second event=move path=719D pose=-8588,606,-11936,228,227,4,60 banked=0 bank_target=16 selected=-4667,-2881,-2708,0,227,254,30
elapsed=7530 actor=first event=wait-for-angle path=719D pose=-16976,1235,-876,212,177,252,60 banked=0 bank_target=-16 selected=-4649,-2881,-2687,0,227,254,30
elapsed=7530 actor=first event=move path=719D pose=-16976,1235,-876,217,177,252,60 banked=0 bank_target=-16 selected=-4649,-2881,-2687,0,227,254,30
elapsed=7530 actor=second event=wait-for-angle path=719D pose=-8472,458,-11800,228,227,4,60 banked=0 bank_target=16 selected=-4649,-2881,-2687,0,227,254,30
elapsed=7530 actor=second event=move path=719D pose=-8472,458,-11800,231,227,4,60 banked=0 bank_target=16 selected=-4649,-2881,-2687,0,227,254,30
elapsed=7535 actor=first event=wait-for-angle path=719D pose=-16852,1043,-920,217,177,252,60 banked=0 bank_target=-16 selected=-4631,-2881,-2666,0,227,255,30
elapsed=7535 actor=first event=move path=719D pose=-16852,1043,-920,221,177,252,60 banked=0 bank_target=-16 selected=-4631,-2881,-2666,0,227,255,30
elapsed=7535 actor=second event=wait-for-angle path=719D pose=-8352,322,-11656,231,227,4,60 banked=0 bank_target=16 selected=-4631,-2881,-2666,0,227,255,30
elapsed=7535 actor=second event=move path=719D pose=-8352,322,-11656,234,227,4,60 banked=0 bank_target=16 selected=-4631,-2881,-2666,0,227,255,30
elapsed=7540 actor=first event=wait-for-angle path=719D pose=-16712,863,-972,221,177,252,60 banked=0 bank_target=-16 selected=-4613,-2881,-2645,0,227,0,30
elapsed=7540 actor=first event=move path=719D pose=-16712,863,-972,225,177,252,60 banked=0 bank_target=-16 selected=-4613,-2881,-2645,0,227,0,30
elapsed=7540 actor=second event=wait-for-angle path=719D pose=-8224,202,-11508,234,227,4,60 banked=0 bank_target=16 selected=-4613,-2881,-2645,0,227,0,30
elapsed=7540 actor=second event=move path=719D pose=-8224,202,-11508,236,227,4,60 banked=0 bank_target=16 selected=-4613,-2881,-2645,0,227,0,30
elapsed=7545 actor=first event=wait-for-angle path=719D pose=-16556,703,-1028,225,177,252,60 banked=0 bank_target=-16 selected=-4595,-2881,-2624,0,227,1,30
elapsed=7545 actor=first event=move path=719D pose=-16556,703,-1028,228,177,252,60 banked=0 bank_target=-16 selected=-4595,-2881,-2624,0,227,1,30
elapsed=7545 actor=second event=wait-for-angle path=719D pose=-8092,94,-11352,236,227,4,60 banked=0 bank_target=16 selected=-4595,-2881,-2624,0,227,1,30
elapsed=7545 actor=second event=move path=719D pose=-8092,94,-11352,238,227,4,60 banked=0 bank_target=16 selected=-4595,-2881,-2624,0,227,1,30
elapsed=7550 actor=first event=wait-for-angle path=719D pose=-16388,555,-1092,228,177,252,60 banked=0 bank_target=-16 selected=-4577,-2881,-2603,0,227,2,30
elapsed=7550 actor=first event=move path=719D pose=-16388,555,-1092,231,177,252,60 banked=0 bank_target=-16 selected=-4577,-2881,-2603,0,227,2,30
elapsed=7550 actor=second event=wait-for-angle path=719D pose=-7960,-6,-11192,238,227,4,60 banked=0 bank_target=16 selected=-4577,-2881,-2603,0,227,2,30
elapsed=7550 actor=second event=move path=719D pose=-7960,-6,-11192,240,227,4,60 banked=0 bank_target=16 selected=-4577,-2881,-2603,0,227,2,30
elapsed=7555 actor=first event=wait-for-angle path=719D pose=-16212,419,-1156,231,177,252,60 banked=0 bank_target=-16 selected=-4559,-2881,-2582,0,227,2,30
elapsed=7555 actor=first event=move path=719D pose=-16212,419,-1156,234,177,252,60 banked=0 bank_target=-16 selected=-4559,-2881,-2582,0,227,2,30
elapsed=7555 actor=second event=wait-for-angle path=719D pose=-7824,-94,-11028,240,227,4,60 banked=0 bank_target=16 selected=-4559,-2881,-2582,0,227,2,30
elapsed=7555 actor=second event=move path=719D pose=-7824,-94,-11028,242,227,4,60 banked=0 bank_target=16 selected=-4559,-2881,-2582,0,227,2,30
elapsed=7560 actor=first event=wait-for-angle path=719D pose=-16028,299,-1224,234,177,252,60 banked=0 bank_target=-16 selected=-4541,-2881,-2561,0,227,3,30
elapsed=7560 actor=first event=move path=719D pose=-16028,299,-1224,236,177,252,60 banked=0 bank_target=-16 selected=-4541,-2881,-2561,0,227,3,30
elapsed=7560 actor=second event=wait-for-angle path=719D pose=-7684,-170,-10864,242,227,4,60 banked=0 bank_target=16 selected=-4541,-2881,-2561,0,227,3,30
elapsed=7560 actor=second event=move path=719D pose=-7684,-170,-10864,243,227,4,60 banked=0 bank_target=16 selected=-4541,-2881,-2561,0,227,3,30
elapsed=7565 actor=first event=wait-for-angle path=719D pose=-15836,191,-1296,236,177,252,60 banked=0 bank_target=-16 selected=-4523,-2881,-2540,0,227,3,30
elapsed=7565 actor=first event=move path=719D pose=-15836,191,-1296,238,177,252,60 banked=0 bank_target=-16 selected=-4523,-2881,-2540,0,227,3,30
elapsed=7565 actor=second event=wait-for-angle path=719D pose=-7544,-242,-10696,243,227,4,60 banked=0 bank_target=16 selected=-4523,-2881,-2540,0,227,3,30
elapsed=7565 actor=second event=move path=719D pose=-7544,-242,-10696,244,227,4,60 banked=0 bank_target=16 selected=-4523,-2881,-2540,0,227,3,30
elapsed=7569 actor=first event=wait-for-angle path=719D pose=-15644,91,-1368,238,177,252,60 banked=0 bank_target=-16 selected=-4505,-2881,-2519,0,227,4,30
elapsed=7569 actor=first event=move path=719D pose=-15644,91,-1368,240,177,252,60 banked=0 bank_target=-16 selected=-4505,-2881,-2519,0,227,4,30
elapsed=7569 actor=second event=wait-for-angle path=719D pose=-7404,-306,-10528,244,227,4,60 banked=0 bank_target=16 selected=-4505,-2881,-2519,0,227,4,30
elapsed=7569 actor=second event=move path=719D pose=-7404,-306,-10528,245,227,4,60 banked=0 bank_target=16 selected=-4505,-2881,-2519,0,227,4,30
elapsed=7574 actor=first event=wait-for-angle path=719D pose=-15444,3,-1444,240,177,252,60 banked=0 bank_target=-16 selected=-4487,-2881,-2498,0,227,4,30
elapsed=7574 actor=first event=move path=719D pose=-15444,3,-1444,242,177,252,60 banked=0 bank_target=-16 selected=-4487,-2881,-2498,0,227,4,30
elapsed=7574 actor=second event=wait-for-angle path=719D pose=-7260,-366,-10360,245,227,4,60 banked=0 bank_target=16 selected=-4487,-2881,-2498,0,227,4,30
elapsed=7574 actor=second event=move path=719D pose=-7260,-366,-10360,246,227,4,60 banked=0 bank_target=16 selected=-4487,-2881,-2498,0,227,4,30
elapsed=7578 actor=first event=wait-for-angle path=719D pose=-15240,-73,-1520,242,177,252,60 banked=0 bank_target=-16 selected=-4469,-2881,-2477,0,227,4,30
elapsed=7578 actor=first event=move path=719D pose=-15240,-73,-1520,243,177,252,60 banked=0 bank_target=-16 selected=-4469,-2881,-2477,0,227,4,30
elapsed=7579 actor=second event=wait-for-angle path=719D pose=-7116,-422,-10188,246,227,4,60 banked=0 bank_target=16 selected=-4469,-2881,-2477,0,227,4,30
elapsed=7579 actor=second event=move path=719D pose=-7116,-422,-10188,247,227,4,60 banked=0 bank_target=16 selected=-4469,-2881,-2477,0,227,4,30
elapsed=7583 actor=first event=wait-for-angle path=719D pose=-15036,-145,-1596,243,177,252,60 banked=0 bank_target=-16 selected=-4451,-2881,-2456,0,227,4,30
elapsed=7583 actor=first event=move path=719D pose=-15036,-145,-1596,244,177,252,60 banked=0 bank_target=-16 selected=-4451,-2881,-2456,0,227,4,30
elapsed=7583 actor=second event=wait-for-angle path=719D pose=-6972,-470,-10016,247,227,4,60 banked=0 bank_target=16 selected=-4451,-2881,-2456,0,227,4,30
elapsed=7583 actor=second event=move path=719D pose=-6972,-470,-10016,248,227,4,60 banked=0 bank_target=16 selected=-4451,-2881,-2456,0,227,4,30
elapsed=7588 actor=first event=wait-for-angle path=719D pose=-14832,-209,-1672,244,177,252,60 banked=0 bank_target=-16 selected=-4433,-2881,-2435,0,227,3,30
elapsed=7588 actor=first event=move path=719D pose=-14832,-209,-1672,245,177,252,60 banked=0 bank_target=-16 selected=-4433,-2881,-2435,0,227,3,30
elapsed=7588 actor=second event=wait-for-angle path=719D pose=-6828,-514,-9844,248,227,4,60 banked=0 bank_target=16 selected=-4433,-2881,-2435,0,227,3,30
elapsed=7588 actor=second event=move path=719D pose=-6828,-514,-9844,249,227,4,60 banked=0 bank_target=16 selected=-4433,-2881,-2435,0,227,3,30
elapsed=7592 actor=first event=wait-for-angle path=719D pose=-14624,-269,-1752,245,177,252,60 banked=0 bank_target=-16 selected=-4415,-2881,-2414,0,227,3,30
elapsed=7592 actor=first event=move path=719D pose=-14624,-269,-1752,246,177,252,60 banked=0 bank_target=-16 selected=-4415,-2881,-2414,0,227,3,30
elapsed=7593 actor=first event=fire path=8C2E pose=-14416,-325,-1832,239,190,252,60 banked=0 bank_target=-16 selected=-4415,-2881,-2414,0,227,3,30
elapsed=7593 actor=second event=wait-for-angle path=719D pose=-6680,-550,-9672,249,227,4,60 banked=0 bank_target=16 selected=-4415,-2881,-2414,0,227,3,30
elapsed=7593 actor=second event=move path=719D pose=-6680,-550,-9672,250,227,4,60 banked=0 bank_target=16 selected=-4415,-2881,-2414,0,227,3,30
elapsed=7594 actor=second event=fire path=8C2E pose=-6532,-582,-9500,237,245,4,60 banked=0 bank_target=16 selected=-4415,-2881,-2414,0,227,3,30
elapsed=7600 actor=first event=wait-for-angle path=719D pose=-14416,-325,-1832,246,177,252,60 banked=0 bank_target=-16 selected=-4397,-2881,-2393,0,227,2,30
elapsed=7600 actor=first event=move path=719D pose=-14416,-325,-1832,247,177,252,60 banked=0 bank_target=-16 selected=-4397,-2881,-2393,0,227,2,30
elapsed=7601 actor=second event=wait-for-angle path=719D pose=-6532,-582,-9500,250,227,4,60 banked=0 bank_target=16 selected=-4397,-2881,-2393,0,227,2,30
elapsed=7601 actor=second event=move path=719D pose=-6532,-582,-9500,251,227,4,60 banked=0 bank_target=16 selected=-4397,-2881,-2393,0,227,2,30
elapsed=7606 actor=first event=wait-for-angle path=719D pose=-14208,-373,-1912,247,177,252,60 banked=0 bank_target=-16 selected=-4379,-2881,-2372,0,227,2,30
elapsed=7606 actor=first event=move path=719D pose=-14208,-373,-1912,248,177,252,60 banked=0 bank_target=-16 selected=-4379,-2881,-2372,0,227,2,30
elapsed=7606 actor=second event=wait-for-angle path=719D pose=-6384,-610,-9324,251,227,4,60 banked=0 bank_target=16 selected=-4379,-2881,-2372,0,227,2,30
elapsed=7607 actor=second event=move path=719D pose=-6384,-610,-9324,252,227,4,60 banked=0 bank_target=16 selected=-4379,-2881,-2372,0,227,2,30
elapsed=7611 actor=first event=wait-for-angle path=719D pose=-13996,-417,-1992,248,177,252,60 banked=0 bank_target=-16 selected=-4361,-2881,-2351,0,227,1,30
elapsed=7611 actor=first event=move path=719D pose=-13996,-417,-1992,249,177,252,60 banked=0 bank_target=-16 selected=-4361,-2881,-2351,0,227,1,30
elapsed=7612 actor=second event=wait-for-angle path=719D pose=-6236,-630,-9148,252,227,4,60 banked=0 bank_target=16 selected=-4361,-2881,-2351,0,227,1,30
elapsed=7612 actor=second event=move path=719D pose=-6236,-630,-9148,253,227,4,60 banked=0 bank_target=16 selected=-4361,-2881,-2351,0,227,1,30
elapsed=7617 actor=first event=wait-for-angle path=719D pose=-13784,-453,-2072,249,177,252,60 banked=0 bank_target=-16 selected=-4343,-2881,-2330,0,227,30,30
elapsed=7617 actor=first event=move path=719D pose=-13784,-453,-2072,250,177,252,60 banked=0 bank_target=-16 selected=-4343,-2881,-2330,0,227,30,30
elapsed=7617 actor=second event=wait-for-angle path=719D pose=-6088,-646,-8972,253,227,4,60 banked=0 bank_target=16 selected=-4343,-2881,-2330,0,227,30,30
elapsed=7617 actor=second event=move path=719D pose=-6088,-646,-8972,254,227,4,60 banked=0 bank_target=16 selected=-4343,-2881,-2330,0,227,30,30
elapsed=7622 actor=first event=wait-for-angle path=719D pose=-13572,-485,-2152,250,177,252,60 banked=0 bank_target=-16 selected=-4325,-2881,-2309,0,227,26,30
elapsed=7622 actor=first event=move path=719D pose=-13572,-485,-2152,251,177,252,60 banked=0 bank_target=-16 selected=-4325,-2881,-2309,0,227,26,30
elapsed=7622 actor=second event=wait-for-angle path=719D pose=-5940,-654,-8796,254,227,4,60 banked=0 bank_target=16 selected=-4325,-2881,-2309,0,227,26,30
elapsed=7622 actor=second event=move path=719D pose=-5940,-654,-8796,255,227,4,60 banked=0 bank_target=16 selected=-4325,-2881,-2309,0,227,26,30
elapsed=7627 actor=first event=wait-for-angle path=719D pose=-13356,-513,-2232,251,177,252,60 banked=0 bank_target=-16 selected=-4307,-2881,-2288,0,227,22,30
elapsed=7627 actor=first event=move path=719D pose=-13356,-513,-2232,252,177,252,60 banked=0 bank_target=-16 selected=-4307,-2881,-2288,0,227,22,30
elapsed=7627 actor=second event=wait-for-angle path=719D pose=-5792,-658,-8620,255,227,4,60 banked=0 bank_target=16 selected=-4307,-2881,-2288,0,227,22,30
elapsed=7627 actor=second event=move path=719D pose=-5792,-658,-8620,0,227,4,60 banked=0 bank_target=16 selected=-4307,-2881,-2288,0,227,22,30
elapsed=7631 actor=first event=wait-for-angle path=719D pose=-13140,-533,-2312,252,177,252,60 banked=0 bank_target=-16 selected=-4289,-2881,-2267,0,227,19,30
elapsed=7631 actor=first event=move path=719D pose=-13140,-533,-2312,253,177,252,60 banked=0 bank_target=-16 selected=-4289,-2881,-2267,0,227,19,30
elapsed=7632 actor=second event=wait-for-angle path=719D pose=-5644,-658,-8444,0,227,4,60 banked=0 bank_target=16 selected=-4289,-2881,-2267,0,227,19,30
elapsed=7632 actor=second event=move path=714A pose=-5644,-576,-8444,0,227,3,60 banked=0 bank_target=16 selected=-4289,-2881,-2267,0,227,19,30
elapsed=7632 actor=second event=vertical-step path=8942 pose=-5496,-576,-8268,0,227,3,60 banked=0 bank_target=16 selected=-4289,-2881,-2267,0,227,19,30
elapsed=7636 actor=first event=wait-for-angle path=719D pose=-12924,-549,-2392,253,177,252,60 banked=0 bank_target=-16 selected=-4271,-2881,-2246,0,227,16,30
elapsed=7636 actor=first event=move path=719D pose=-12924,-549,-2392,254,177,252,60 banked=0 bank_target=-16 selected=-4271,-2881,-2246,0,227,16,30
elapsed=7636 actor=second event=wait-for-angle path=714B pose=-5496,-693,-8268,0,227,3,60 banked=0 bank_target=16 selected=-4271,-2881,-2246,0,227,16,30
elapsed=7636 actor=second event=move path=714B pose=-5496,-693,-8268,0,227,2,60 banked=0 bank_target=16 selected=-4271,-2881,-2246,0,227,16,30
elapsed=7636 actor=second event=vertical-step path=8942 pose=-5348,-693,-8092,0,227,2,60 banked=0 bank_target=16 selected=-4271,-2881,-2246,0,227,16,30
elapsed=7641 actor=first event=wait-for-angle path=719D pose=-12708,-557,-2472,254,177,252,60 banked=0 bank_target=-16 selected=-4253,-2881,-2225,0,227,14,30
elapsed=7641 actor=first event=move path=719D pose=-12708,-557,-2472,255,177,252,60 banked=0 bank_target=-16 selected=-4253,-2881,-2225,0,227,14,30
elapsed=7641 actor=second event=wait-for-angle path=714B pose=-5348,-811,-8092,0,227,2,60 banked=0 bank_target=16 selected=-4253,-2881,-2225,0,227,14,30
elapsed=7641 actor=second event=move path=714B pose=-5348,-811,-8092,0,227,1,60 banked=0 bank_target=16 selected=-4253,-2881,-2225,0,227,14,30
elapsed=7641 actor=second event=vertical-step path=8942 pose=-5200,-811,-7916,0,227,1,60 banked=0 bank_target=16 selected=-4253,-2881,-2225,0,227,14,30
elapsed=7645 actor=first event=wait-for-angle path=719D pose=-12492,-561,-2552,255,177,252,60 banked=0 bank_target=-16 selected=-4235,-2881,-2204,0,227,11,30
elapsed=7645 actor=first event=move path=719D pose=-12492,-561,-2552,0,177,252,60 banked=0 bank_target=-16 selected=-4235,-2881,-2204,0,227,11,30
elapsed=7646 actor=second event=wait-for-angle path=714B pose=-5200,-930,-7916,0,227,1,60 banked=0 bank_target=16 selected=-4235,-2881,-2204,0,227,11,30
elapsed=7646 actor=second event=move path=714B pose=-5200,-930,-7916,0,227,0,60 banked=0 bank_target=16 selected=-4235,-2881,-2204,0,227,11,30
elapsed=7646 actor=second event=vertical-step path=8942 pose=-5052,-930,-7740,0,227,0,60 banked=0 bank_target=16 selected=-4235,-2881,-2204,0,227,11,30
elapsed=7650 actor=first event=wait-for-angle path=719D pose=-12276,-561,-2632,0,177,252,60 banked=0 bank_target=-16 selected=-4217,-2881,-2183,0,227,10,30
elapsed=7650 actor=first event=move path=714A pose=-12276,-491,-2632,0,177,253,60 banked=0 bank_target=-16 selected=-4217,-2881,-2183,0,227,10,30
elapsed=7650 actor=first event=vertical-step path=8942 pose=-12060,-491,-2712,0,177,253,60 banked=0 bank_target=-16 selected=-4217,-2881,-2183,0,227,10,30
elapsed=7651 actor=second event=wait-for-angle path=714B pose=-5052,-1050,-7740,0,227,0,60 banked=0 bank_target=16 selected=-4217,-2881,-2183,0,227,10,30
elapsed=7651 actor=second event=move path=70D7 pose=-5052,-1050,-7740,0,227,0,60 banked=0 bank_target=16 selected=-4217,-2881,-2183,0,227,10,30
elapsed=7651 actor=second event=vertical-step path=8942 pose=-4904,-1050,-7564,0,227,0,60 banked=0 bank_target=16 selected=-4217,-2881,-2183,0,227,10,30
elapsed=7655 actor=first event=wait-for-angle path=714B pose=-12060,-596,-2712,0,177,253,60 banked=0 bank_target=-16 selected=-4199,-2881,-2162,0,227,9,30
elapsed=7655 actor=first event=move path=714B pose=-12060,-596,-2712,0,177,254,60 banked=0 bank_target=-16 selected=-4199,-2881,-2162,0,227,9,30
elapsed=7655 actor=first event=vertical-step path=8942 pose=-11844,-596,-2792,0,177,254,60 banked=0 bank_target=-16 selected=-4199,-2881,-2162,0,227,9,30
elapsed=7655 actor=second event=move path=70D9 pose=-4904,-1171,-7564,0,227,0,60 banked=0 bank_target=1 selected=-4199,-2881,-2162,0,227,9,30
elapsed=7655 actor=second event=vertical-step path=8942 pose=-4756,-1171,-7388,0,227,0,60 banked=0 bank_target=1 selected=-4199,-2881,-2162,0,227,9,30
elapsed=7659 actor=first event=wait-for-angle path=714B pose=-11844,-703,-2792,0,177,254,60 banked=0 bank_target=-16 selected=-4181,-2881,-2141,0,227,8,30
elapsed=7659 actor=first event=move path=714B pose=-11844,-703,-2792,0,177,255,60 banked=0 bank_target=-16 selected=-4181,-2881,-2141,0,227,8,30
elapsed=7660 actor=first event=vertical-step path=8942 pose=-11628,-703,-2872,0,177,255,60 banked=0 bank_target=-16 selected=-4181,-2881,-2141,0,227,8,30
elapsed=7660 actor=second event=move path=70D9 pose=-4756,-1293,-7388,0,227,0,60 banked=0 bank_target=2 selected=-4181,-2881,-2141,0,227,8,30
elapsed=7660 actor=second event=vertical-step path=8942 pose=-4608,-1293,-7212,0,227,0,60 banked=0 bank_target=2 selected=-4181,-2881,-2141,0,227,8,30
elapsed=7664 actor=first event=wait-for-angle path=714B pose=-11628,-811,-2872,0,177,255,60 banked=0 bank_target=-16 selected=-4163,-2881,-2120,0,227,8,30
elapsed=7664 actor=first event=move path=714B pose=-11628,-811,-2872,0,177,0,60 banked=0 bank_target=-16 selected=-4163,-2881,-2120,0,227,8,30
elapsed=7664 actor=first event=vertical-step path=8942 pose=-11412,-811,-2952,0,177,0,60 banked=0 bank_target=-16 selected=-4163,-2881,-2120,0,227,8,30
elapsed=7665 actor=second event=move path=70D9 pose=-4608,-1416,-7212,0,227,0,60 banked=0 bank_target=3 selected=-4163,-2881,-2120,0,227,8,30
elapsed=7665 actor=second event=vertical-step path=8942 pose=-4460,-1416,-7036,0,227,0,60 banked=0 bank_target=3 selected=-4163,-2881,-2120,0,227,8,30
elapsed=7669 actor=first event=wait-for-angle path=714B pose=-11412,-921,-2952,0,177,0,60 banked=0 bank_target=-16 selected=-4145,-2881,-2099,0,227,7,30
elapsed=7669 actor=first event=move path=70D7 pose=-11412,-921,-2952,0,177,0,60 banked=0 bank_target=-16 selected=-4145,-2881,-2099,0,227,7,30
elapsed=7669 actor=first event=vertical-step path=8942 pose=-11196,-921,-3032,0,177,0,60 banked=0 bank_target=-16 selected=-4145,-2881,-2099,0,227,7,30
elapsed=7670 actor=second event=move path=70D9 pose=-4460,-1539,-7036,0,227,0,60 banked=0 bank_target=4 selected=-4145,-2881,-2099,0,227,7,30
elapsed=7670 actor=second event=vertical-step path=8942 pose=-4312,-1539,-6860,0,227,0,60 banked=0 bank_target=4 selected=-4145,-2881,-2099,0,227,7,30
elapsed=7674 actor=first event=move path=70D9 pose=-11196,-1033,-3032,0,177,0,60 banked=0 bank_target=1 selected=-4127,-2881,-2078,0,227,7,30
elapsed=7674 actor=first event=vertical-step path=8942 pose=-10980,-1033,-3112,0,177,0,60 banked=0 bank_target=1 selected=-4127,-2881,-2078,0,227,7,30
elapsed=7675 actor=second event=move path=70D9 pose=-4312,-1663,-6860,0,227,0,60 banked=0 bank_target=5 selected=-4127,-2881,-2078,0,227,7,30
elapsed=7675 actor=second event=vertical-step path=8942 pose=-4164,-1663,-6684,0,227,0,60 banked=0 bank_target=5 selected=-4127,-2881,-2078,0,227,7,30
elapsed=7679 actor=first event=move path=70D9 pose=-10980,-1146,-3112,0,177,0,60 banked=0 bank_target=2 selected=-4109,-2881,-2057,0,227,6,30
elapsed=7679 actor=first event=vertical-step path=8942 pose=-10764,-1146,-3192,0,177,0,60 banked=0 bank_target=2 selected=-4109,-2881,-2057,0,227,6,30
elapsed=7680 actor=second event=move path=70D9 pose=-4164,-1788,-6684,0,227,0,60 banked=0 bank_target=6 selected=-4109,-2881,-2057,0,227,6,30
elapsed=7680 actor=second event=vertical-step path=8942 pose=-4016,-1788,-6508,0,227,0,60 banked=0 bank_target=6 selected=-4109,-2881,-2057,0,227,6,30
elapsed=7684 actor=first event=move path=70D9 pose=-10764,-1260,-3192,0,177,0,60 banked=0 bank_target=3 selected=-4091,-2881,-2036,0,227,6,30
elapsed=7684 actor=first event=vertical-step path=8942 pose=-10548,-1260,-3272,0,177,0,60 banked=0 bank_target=3 selected=-4091,-2881,-2036,0,227,6,30
elapsed=7684 actor=second event=move path=70D9 pose=-4016,-1913,-6508,0,227,0,60 banked=0 bank_target=7 selected=-4091,-2881,-2036,0,227,6,30
elapsed=7684 actor=second event=vertical-step path=8942 pose=-3868,-1913,-6332,0,227,0,60 banked=0 bank_target=7 selected=-4091,-2881,-2036,0,227,6,30
elapsed=7689 actor=first event=move path=70D9 pose=-10548,-1376,-3272,0,177,0,60 banked=0 bank_target=4 selected=-4073,-2881,-2015,0,227,6,30
elapsed=7689 actor=first event=vertical-step path=8942 pose=-10332,-1376,-3352,0,177,0,60 banked=0 bank_target=4 selected=-4073,-2881,-2015,0,227,6,30
elapsed=7689 actor=second event=move path=70D9 pose=-3868,-2039,-6332,0,227,0,60 banked=0 bank_target=8 selected=-4073,-2881,-2015,0,227,6,30
elapsed=7689 actor=second event=vertical-step path=8942 pose=-3720,-2039,-6156,0,227,0,60 banked=0 bank_target=8 selected=-4073,-2881,-2015,0,227,6,30
elapsed=7693 actor=first event=move path=70D9 pose=-10332,-1493,-3352,0,177,0,60 banked=0 bank_target=5 selected=-4055,-2881,-1994,0,227,6,30
elapsed=7693 actor=first event=vertical-step path=8942 pose=-10116,-1493,-3432,0,177,0,60 banked=0 bank_target=5 selected=-4055,-2881,-1994,0,227,6,30
elapsed=7694 actor=second event=move path=70D9 pose=-3720,-2165,-6156,0,227,0,60 banked=0 bank_target=9 selected=-4055,-2881,-1994,0,227,6,30
elapsed=7694 actor=second event=vertical-step path=8942 pose=-3572,-2165,-5980,0,227,0,60 banked=0 bank_target=9 selected=-4055,-2881,-1994,0,227,6,30
elapsed=7697 actor=first event=move path=70D9 pose=-10116,-1611,-3432,0,177,0,60 banked=0 bank_target=6 selected=-4037,-2881,-1973,0,227,6,30
elapsed=7698 actor=first event=vertical-step path=8942 pose=-9900,-1611,-3512,0,177,0,60 banked=0 bank_target=6 selected=-4037,-2881,-1973,0,227,6,30
elapsed=7698 actor=second event=move path=70D9 pose=-3572,-2291,-5980,0,227,0,60 banked=0 bank_target=10 selected=-4037,-2881,-1973,0,227,6,30
elapsed=7698 actor=second event=vertical-step path=8942 pose=-3424,-2291,-5804,0,227,0,60 banked=0 bank_target=10 selected=-4037,-2881,-1973,0,227,6,30
elapsed=7702 actor=first event=move path=70D9 pose=-9900,-1730,-3512,0,177,0,60 banked=0 bank_target=7 selected=-4019,-2881,-1952,0,227,5,30
elapsed=7702 actor=first event=vertical-step path=8942 pose=-9684,-1730,-3592,0,177,0,60 banked=0 bank_target=7 selected=-4019,-2881,-1952,0,227,5,30
elapsed=7702 actor=second event=move path=70D9 pose=-3424,-2417,-5804,0,227,0,60 banked=0 bank_target=11 selected=-4019,-2881,-1952,0,227,5,30
elapsed=7702 actor=second event=vertical-step path=8942 pose=-3276,-2417,-5628,0,227,0,60 banked=0 bank_target=11 selected=-4019,-2881,-1952,0,227,5,30
elapsed=7706 actor=first event=move path=70D9 pose=-9684,-1850,-3592,0,177,0,60 banked=0 bank_target=8 selected=-4001,-2881,-1931,0,227,5,30
elapsed=7706 actor=first event=vertical-step path=8942 pose=-9468,-1850,-3672,0,177,0,60 banked=0 bank_target=8 selected=-4001,-2881,-1931,0,227,5,30
elapsed=7706 actor=second event=move path=70D9 pose=-3276,-2543,-5628,0,227,0,60 banked=0 bank_target=12 selected=-4001,-2881,-1931,0,227,5,30
elapsed=7706 actor=second event=vertical-step path=8942 pose=-3128,-2543,-5452,0,227,0,60 banked=0 bank_target=12 selected=-4001,-2881,-1931,0,227,5,30
elapsed=7710 actor=first event=move path=70D9 pose=-9468,-1971,-3672,0,177,0,60 banked=0 bank_target=9 selected=-3983,-2881,-1910,0,227,4,30
elapsed=7710 actor=first event=vertical-step path=8942 pose=-9252,-1971,-3752,0,177,0,60 banked=0 bank_target=9 selected=-3983,-2881,-1910,0,227,4,30
elapsed=7710 actor=second event=move path=70D9 pose=-3128,-2670,-5452,0,227,0,60 banked=0 bank_target=13 selected=-3983,-2881,-1910,0,227,4,30
elapsed=7711 actor=second event=vertical-step path=8942 pose=-2980,-2670,-5276,0,227,0,60 banked=0 bank_target=13 selected=-3983,-2881,-1910,0,227,4,30
elapsed=7714 actor=first event=move path=70D9 pose=-9252,-2093,-3752,0,177,0,60 banked=0 bank_target=10 selected=-3965,-2881,-1889,0,227,4,30
elapsed=7714 actor=first event=vertical-step path=8942 pose=-9036,-2093,-3832,0,177,0,60 banked=0 bank_target=10 selected=-3965,-2881,-1889,0,227,4,30
elapsed=7715 actor=second event=move path=70D9 pose=-2980,-2796,-5276,0,227,0,60 banked=0 bank_target=14 selected=-3965,-2881,-1889,0,227,4,30
elapsed=7715 actor=second event=vertical-step path=8942 pose=-2832,-2796,-5100,0,227,0,60 banked=0 bank_target=14 selected=-3965,-2881,-1889,0,227,4,30
elapsed=7719 actor=first event=move path=70D9 pose=-9036,-2216,-3832,0,177,0,60 banked=0 bank_target=11 selected=-3947,-2881,-1868,0,227,4,30
elapsed=7719 actor=first event=vertical-step path=8942 pose=-8820,-2216,-3912,0,177,0,60 banked=0 bank_target=11 selected=-3947,-2881,-1868,0,227,4,30
elapsed=7719 actor=second event=move path=70D9 pose=-2832,-2922,-5100,0,227,0,60 banked=0 bank_target=15 selected=-3947,-2881,-1868,0,227,4,30
elapsed=7719 actor=second event=vertical-step path=8942 pose=-2684,-2922,-4924,0,227,0,60 banked=0 bank_target=15 selected=-3947,-2881,-1868,0,227,4,30
elapsed=7723 actor=first event=move path=70D9 pose=-8820,-2339,-3912,0,177,0,60 banked=0 bank_target=12 selected=-3929,-2881,-1847,0,227,4,30
elapsed=7723 actor=first event=vertical-step path=8942 pose=-8604,-2339,-3992,0,177,0,60 banked=0 bank_target=12 selected=-3929,-2881,-1847,0,227,4,30
elapsed=7723 actor=second event=move path=70D9 pose=-2684,-3048,-4924,0,227,0,60 banked=0 bank_target=16 selected=-3929,-2881,-1847,0,227,4,30
elapsed=7723 actor=second event=vertical-step path=8942 pose=-2536,-3048,-4748,0,227,0,60 banked=0 bank_target=16 selected=-3929,-2881,-1847,0,227,4,30
elapsed=7727 actor=first event=move path=70D9 pose=-8604,-2463,-3992,0,177,0,60 banked=0 bank_target=13 selected=-3911,-2881,-1826,0,227,4,30
elapsed=7727 actor=first event=vertical-step path=8942 pose=-8388,-2463,-4072,0,177,0,60 banked=0 bank_target=13 selected=-3911,-2881,-1826,0,227,4,30
elapsed=7728 actor=second event=move path=70D9 pose=-2536,-3174,-4748,0,227,0,60 banked=0 bank_target=17 selected=-3911,-2881,-1826,0,227,4,30
elapsed=7728 actor=second event=vertical-step path=8942 pose=-2388,-3174,-4572,0,227,0,60 banked=0 bank_target=17 selected=-3911,-2881,-1826,0,227,4,30
elapsed=7731 actor=first event=move path=70D9 pose=-8388,-2588,-4072,0,177,0,60 banked=0 bank_target=14 selected=-3893,-2881,-1805,0,227,3,30
elapsed=7731 actor=first event=vertical-step path=8942 pose=-8172,-2588,-4152,0,177,0,60 banked=0 bank_target=14 selected=-3893,-2881,-1805,0,227,3,30
elapsed=7732 actor=second event=move path=70D9 pose=-2388,-3300,-4572,0,227,0,60 banked=0 bank_target=18 selected=-3893,-2881,-1805,0,227,3,30
elapsed=7732 actor=second event=vertical-step path=8942 pose=-2240,-3300,-4396,0,227,0,60 banked=0 bank_target=18 selected=-3893,-2881,-1805,0,227,3,30
elapsed=7736 actor=first event=move path=70D9 pose=-8172,-2713,-4152,0,177,0,60 banked=0 bank_target=15 selected=-3875,-2881,-1784,0,227,3,30
elapsed=7736 actor=first event=vertical-step path=8942 pose=-7956,-2713,-4232,0,177,0,60 banked=0 bank_target=15 selected=-3875,-2881,-1784,0,227,3,30
elapsed=7736 actor=second event=move path=70D9 pose=-2240,-3425,-4396,0,227,0,60 banked=0 bank_target=19 selected=-3875,-2881,-1784,0,227,3,30
elapsed=7736 actor=second event=vertical-step path=8942 pose=-2092,-3425,-4220,0,227,0,60 banked=0 bank_target=19 selected=-3875,-2881,-1784,0,227,3,30
elapsed=7740 actor=first event=move path=70D9 pose=-7956,-2839,-4232,0,177,0,60 banked=0 bank_target=16 selected=-3857,-2881,-1763,0,227,2,30
elapsed=7740 actor=first event=vertical-step path=8942 pose=-7740,-2839,-4312,0,177,0,60 banked=0 bank_target=16 selected=-3857,-2881,-1763,0,227,2,30
elapsed=7740 actor=second event=move path=70D9 pose=-2092,-3550,-4220,0,227,0,60 banked=0 bank_target=20 selected=-3857,-2881,-1763,0,227,2,30
elapsed=7740 actor=second event=vertical-step path=8942 pose=-1944,-3550,-4044,0,227,0,60 banked=0 bank_target=20 selected=-3857,-2881,-1763,0,227,2,30
elapsed=7744 actor=first event=move path=70D9 pose=-7740,-2965,-4312,0,177,0,60 banked=0 bank_target=17 selected=-3839,-2881,-1742,0,227,2,30
elapsed=7744 actor=first event=vertical-step path=8942 pose=-7524,-2965,-4392,0,177,0,60 banked=0 bank_target=17 selected=-3839,-2881,-1742,0,227,2,30
elapsed=7744 actor=second event=move path=70D9 pose=-1944,-3674,-4044,0,227,0,60 banked=0 bank_target=21 selected=-3839,-2881,-1742,0,227,2,30
elapsed=7744 actor=second event=vertical-step path=8942 pose=-1796,-3674,-3868,0,227,0,60 banked=0 bank_target=21 selected=-3839,-2881,-1742,0,227,2,30
elapsed=7750 actor=first event=move path=70D9 pose=-7524,-3091,-4392,0,177,0,60 banked=0 bank_target=18 selected=-3821,-2881,-1721,0,227,1,30
elapsed=7750 actor=first event=vertical-step path=8942 pose=-7308,-3091,-4472,0,177,0,60 banked=0 bank_target=18 selected=-3821,-2881,-1721,0,227,1,30
elapsed=7750 actor=second event=move path=70D9 pose=-1796,-3797,-3868,0,227,0,60 banked=0 bank_target=22 selected=-3821,-2881,-1721,0,227,1,30
elapsed=7750 actor=second event=vertical-step path=8942 pose=-1648,-3797,-3692,0,227,0,60 banked=0 bank_target=22 selected=-3821,-2881,-1721,0,227,1,30
elapsed=7754 actor=first event=move path=70D9 pose=-7308,-3217,-4472,0,177,0,60 banked=0 bank_target=19 selected=-3803,-2881,-1700,0,227,0,30
elapsed=7754 actor=first event=vertical-step path=8942 pose=-7092,-3217,-4552,0,177,0,60 banked=0 bank_target=19 selected=-3803,-2881,-1700,0,227,0,30
elapsed=7755 actor=second event=move path=70D9 pose=-1648,-3920,-3692,0,227,0,60 banked=0 bank_target=23 selected=-3803,-2881,-1700,0,227,0,30
elapsed=7755 actor=second event=vertical-step path=8942 pose=-1500,-3920,-3516,0,227,0,60 banked=0 bank_target=23 selected=-3803,-2881,-1700,0,227,0,30
elapsed=7759 actor=first event=move path=70D9 pose=-7092,-3343,-4552,0,177,0,60 banked=0 bank_target=20 selected=-3785,-2881,-1679,0,227,255,30
elapsed=7759 actor=first event=vertical-step path=8942 pose=-6876,-3343,-4632,0,177,0,60 banked=0 bank_target=20 selected=-3785,-2881,-1679,0,227,255,30
elapsed=7759 actor=second event=move path=70D9 pose=-1500,-4042,-3516,0,227,0,60 banked=0 bank_target=24 selected=-3785,-2881,-1679,0,227,255,30
elapsed=7759 actor=second event=vertical-step path=8942 pose=-1352,-4042,-3340,0,227,0,60 banked=0 bank_target=24 selected=-3785,-2881,-1679,0,227,255,30
elapsed=7763 actor=first event=move path=70D9 pose=-6876,-3470,-4632,0,177,0,60 banked=0 bank_target=21 selected=-3767,-2881,-1658,0,227,254,30
elapsed=7763 actor=first event=vertical-step path=8942 pose=-6660,-3470,-4712,0,177,0,60 banked=0 bank_target=21 selected=-3767,-2881,-1658,0,227,254,30
elapsed=7764 actor=second event=move path=70D9 pose=-1352,-4163,-3340,0,227,0,60 banked=0 bank_target=25 selected=-3767,-2881,-1658,0,227,254,30
elapsed=7764 actor=second event=vertical-step path=8942 pose=-1204,-4163,-3164,0,227,0,60 banked=0 bank_target=25 selected=-3767,-2881,-1658,0,227,254,30
elapsed=7768 actor=first event=move path=70D9 pose=-6660,-3596,-4712,0,177,0,60 banked=0 bank_target=22 selected=-3749,-2881,-1637,0,227,254,30
elapsed=7768 actor=first event=vertical-step path=8942 pose=-6444,-3596,-4792,0,177,0,60 banked=0 bank_target=22 selected=-3749,-2881,-1637,0,227,254,30
elapsed=7768 actor=second event=move path=70D9 pose=-1204,-4283,-3164,0,227,0,60 banked=0 bank_target=26 selected=-3749,-2881,-1637,0,227,254,30
elapsed=7768 actor=second event=vertical-step path=8942 pose=-1056,-4283,-2988,0,227,0,60 banked=0 bank_target=26 selected=-3749,-2881,-1637,0,227,254,30
elapsed=7772 actor=first event=move path=70D9 pose=-6444,-3722,-4792,0,177,0,60 banked=0 bank_target=23 selected=-3731,-2881,-1616,0,227,253,30
elapsed=7772 actor=first event=vertical-step path=8942 pose=-6228,-3722,-4872,0,177,0,60 banked=0 bank_target=23 selected=-3731,-2881,-1616,0,227,253,30
elapsed=7773 actor=second event=move path=70D9 pose=-1056,-4402,-2988,0,227,0,60 banked=0 bank_target=27 selected=-3731,-2881,-1616,0,227,253,30
elapsed=7773 actor=second event=vertical-step path=8942 pose=-908,-4402,-2812,0,227,0,60 banked=0 bank_target=27 selected=-3731,-2881,-1616,0,227,253,30
elapsed=7777 actor=first event=move path=70D9 pose=-6228,-3848,-4872,0,177,0,60 banked=0 bank_target=24 selected=-3713,-2881,-1595,0,227,253,30
elapsed=7777 actor=first event=vertical-step path=8942 pose=-6012,-3848,-4952,0,177,0,60 banked=0 bank_target=24 selected=-3713,-2881,-1595,0,227,253,30
elapsed=7777 actor=second event=move path=70D9 pose=-908,-4520,-2812,0,227,0,60 banked=0 bank_target=28 selected=-3713,-2881,-1595,0,227,253,30
elapsed=7777 actor=second event=vertical-step path=8942 pose=-760,-4520,-2636,0,227,0,60 banked=0 bank_target=28 selected=-3713,-2881,-1595,0,227,253,30
elapsed=7781 actor=first event=move path=70D9 pose=-6012,-3974,-4952,0,177,0,60 banked=0 bank_target=25 selected=-3695,-2881,-1574,0,227,252,30
elapsed=7781 actor=first event=vertical-step path=8942 pose=-5796,-3974,-5032,0,177,0,60 banked=0 bank_target=25 selected=-3695,-2881,-1574,0,227,252,30
elapsed=7782 actor=second event=move path=70D9 pose=-760,-4637,-2636,0,227,0,60 banked=0 bank_target=29 selected=-3695,-2881,-1574,0,227,252,30
elapsed=7782 actor=second event=vertical-step path=8942 pose=-612,-4637,-2460,0,227,0,60 banked=0 bank_target=29 selected=-3695,-2881,-1574,0,227,252,30
elapsed=7786 actor=first event=move path=70D9 pose=-5796,-4100,-5032,0,177,0,60 banked=0 bank_target=26 selected=-3677,-2881,-1553,0,227,252,30
elapsed=7786 actor=first event=vertical-step path=8942 pose=-5580,-4100,-5112,0,177,0,60 banked=0 bank_target=26 selected=-3677,-2881,-1553,0,227,252,30
elapsed=7786 actor=second event=move path=70D9 pose=-612,-4753,-2460,0,227,0,60 banked=0 bank_target=30 selected=-3677,-2881,-1553,0,227,252,30
elapsed=7786 actor=second event=vertical-step path=8942 pose=-464,-4753,-2284,0,227,0,60 banked=0 bank_target=30 selected=-3677,-2881,-1553,0,227,252,30
elapsed=7790 actor=first event=move path=70D9 pose=-5580,-4225,-5112,0,177,0,60 banked=0 bank_target=27 selected=-3659,-2881,-1532,0,227,252,30
elapsed=7790 actor=first event=vertical-step path=8942 pose=-5364,-4225,-5192,0,177,0,60 banked=0 bank_target=27 selected=-3659,-2881,-1532,0,227,252,30
elapsed=7790 actor=second event=move path=70D9 pose=-464,-4867,-2284,0,227,0,60 banked=0 bank_target=31 selected=-3659,-2881,-1532,0,227,252,30
elapsed=7791 actor=second event=vertical-step path=8942 pose=-316,-4867,-2108,0,227,0,60 banked=0 bank_target=31 selected=-3659,-2881,-1532,0,227,252,30
elapsed=7795 actor=first event=move path=70D9 pose=-5364,-4350,-5192,0,177,0,60 banked=0 bank_target=28 selected=-3641,-2881,-1511,0,227,252,30
elapsed=7795 actor=first event=vertical-step path=8942 pose=-5148,-4350,-5272,0,177,0,60 banked=0 bank_target=28 selected=-3641,-2881,-1511,0,227,252,30
elapsed=7795 actor=second event=move path=70D9 pose=-316,-4980,-2108,0,227,0,60 banked=0 bank_target=32 selected=-3641,-2881,-1511,0,227,252,30
elapsed=7795 actor=second event=vertical-step path=8942 pose=-168,-4980,-1932,0,227,0,60 banked=0 bank_target=32 selected=-3641,-2881,-1511,0,227,252,30
elapsed=7799 actor=first event=move path=70D9 pose=-5148,-4474,-5272,0,177,0,60 banked=0 bank_target=29 selected=-3623,-2881,-1490,0,227,253,30
elapsed=7799 actor=first event=vertical-step path=8942 pose=-4932,-4474,-5352,0,177,0,60 banked=0 bank_target=29 selected=-3623,-2881,-1490,0,227,253,30
elapsed=7799 actor=second event=move path=70D9 pose=-168,-5092,-1932,0,227,0,60 banked=0 bank_target=33 selected=-3623,-2881,-1490,0,227,253,30
elapsed=7800 actor=second event=vertical-step path=8942 pose=-20,-5092,-1756,0,227,0,60 banked=0 bank_target=33 selected=-3623,-2881,-1490,0,227,253,30
elapsed=7804 actor=first event=move path=70D9 pose=-4932,-4597,-5352,0,177,0,60 banked=0 bank_target=30 selected=-3605,-2881,-1469,0,227,253,30
elapsed=7804 actor=first event=vertical-step path=8942 pose=-4716,-4597,-5432,0,177,0,60 banked=0 bank_target=30 selected=-3605,-2881,-1469,0,227,253,30
elapsed=7804 actor=second event=move path=70D9 pose=-20,-5202,-1756,0,227,0,60 banked=0 bank_target=34 selected=-3605,-2881,-1469,0,227,253,30
elapsed=7804 actor=second event=vertical-step path=8942 pose=128,-5202,-1580,0,227,0,60 banked=0 bank_target=34 selected=-3605,-2881,-1469,0,227,253,30
elapsed=7808 actor=first event=move path=70D9 pose=-4716,-4720,-5432,0,177,0,60 banked=0 bank_target=31 selected=-3587,-2881,-1448,0,227,254,30
elapsed=7808 actor=first event=vertical-step path=8942 pose=-4500,-4720,-5512,0,177,0,60 banked=0 bank_target=31 selected=-3587,-2881,-1448,0,227,254,30
elapsed=7809 actor=second event=move path=70D9 pose=128,-5310,-1580,0,227,0,60 banked=0 bank_target=35 selected=-3587,-2881,-1448,0,227,254,30
elapsed=7809 actor=second event=vertical-step path=8942 pose=276,-5310,-1404,0,227,0,60 banked=0 bank_target=35 selected=-3587,-2881,-1448,0,227,254,30
elapsed=7813 actor=first event=move path=70D9 pose=-4500,-4842,-5512,0,177,0,60 banked=0 bank_target=32 selected=-3569,-2881,-1427,0,227,254,30
elapsed=7813 actor=first event=vertical-step path=8942 pose=-4284,-4842,-5592,0,177,0,60 banked=0 bank_target=32 selected=-3569,-2881,-1427,0,227,254,30
elapsed=7813 actor=second event=move path=70D9 pose=276,-5417,-1404,0,227,0,60 banked=0 bank_target=36 selected=-3569,-2881,-1427,0,227,254,30
elapsed=7813 actor=second event=vertical-step path=8942 pose=424,-5417,-1228,0,227,0,60 banked=0 bank_target=36 selected=-3569,-2881,-1427,0,227,254,30
elapsed=7818 actor=first event=move path=70D9 pose=-4284,-4963,-5592,0,177,0,60 banked=0 bank_target=33 selected=-3551,-2881,-1406,0,227,255,30
elapsed=7818 actor=first event=vertical-step path=8942 pose=-4068,-4963,-5672,0,177,0,60 banked=0 bank_target=33 selected=-3551,-2881,-1406,0,227,255,30
elapsed=7818 actor=second event=move path=70D9 pose=424,-5522,-1228,0,227,0,60 banked=0 bank_target=37 selected=-3551,-2881,-1406,0,227,255,30
elapsed=7818 actor=second event=vertical-step path=8942 pose=572,-5522,-1052,0,227,0,60 banked=0 bank_target=37 selected=-3551,-2881,-1406,0,227,255,30
elapsed=7822 actor=first event=move path=70D9 pose=-4068,-5083,-5672,0,177,0,60 banked=0 bank_target=34 selected=-3533,-2881,-1385,0,227,0,30
elapsed=7822 actor=first event=vertical-step path=8942 pose=-3852,-5083,-5752,0,177,0,60 banked=0 bank_target=34 selected=-3533,-2881,-1385,0,227,0,30
elapsed=7822 actor=second event=move path=70D9 pose=572,-5625,-1052,0,227,0,60 banked=0 bank_target=38 selected=-3533,-2881,-1385,0,227,0,30
elapsed=7823 actor=second event=vertical-step path=8942 pose=720,-5625,-876,0,227,0,60 banked=0 bank_target=38 selected=-3533,-2881,-1385,0,227,0,30
elapsed=7827 actor=first event=move path=70D9 pose=-3852,-5202,-5752,0,177,0,60 banked=0 bank_target=35 selected=-3515,-2881,-1364,0,227,1,30
elapsed=7827 actor=first event=vertical-step path=8942 pose=-3636,-5202,-5832,0,177,0,60 banked=0 bank_target=35 selected=-3515,-2881,-1364,0,227,1,30
elapsed=7827 actor=second event=move path=70D9 pose=720,-5727,-876,0,227,0,60 banked=0 bank_target=39 selected=-3515,-2881,-1364,0,227,1,30
elapsed=7827 actor=second event=vertical-step path=8942 pose=868,-5727,-700,0,227,0,60 banked=0 bank_target=39 selected=-3515,-2881,-1364,0,227,1,30
elapsed=7831 actor=first event=move path=70D9 pose=-3636,-5320,-5832,0,177,0,60 banked=0 bank_target=36 selected=-3497,-2881,-1343,0,227,2,30
elapsed=7831 actor=first event=vertical-step path=8942 pose=-3420,-5320,-5912,0,177,0,60 banked=0 bank_target=36 selected=-3497,-2881,-1343,0,227,2,30
elapsed=7831 actor=second event=move path=70D9 pose=868,-5827,-700,0,227,0,60 banked=0 bank_target=40 selected=-3497,-2881,-1343,0,227,2,30
elapsed=7831 actor=second event=vertical-step path=8942 pose=1016,-5827,-524,0,227,0,60 banked=0 bank_target=40 selected=-3497,-2881,-1343,0,227,2,30
elapsed=7835 actor=first event=move path=70D9 pose=-3420,-5437,-5912,0,177,0,60 banked=0 bank_target=37 selected=-3479,-2881,-1322,0,227,2,30
elapsed=7835 actor=first event=vertical-step path=8942 pose=-3204,-5437,-5992,0,177,0,60 banked=0 bank_target=37 selected=-3479,-2881,-1322,0,227,2,30
elapsed=7836 actor=second event=move path=70D9 pose=1016,-5925,-524,0,227,0,60 banked=0 bank_target=41 selected=-3479,-2881,-1322,0,227,2,30
elapsed=7836 actor=second event=vertical-step path=8942 pose=1164,-5925,-348,0,227,0,60 banked=0 bank_target=41 selected=-3479,-2881,-1322,0,227,2,30
elapsed=7840 actor=first event=move path=70D9 pose=-3204,-5553,-5992,0,177,0,60 banked=0 bank_target=38 selected=-3461,-2881,-1301,0,227,3,30
elapsed=7840 actor=first event=vertical-step path=8942 pose=-2988,-5553,-6072,0,177,0,60 banked=0 bank_target=38 selected=-3461,-2881,-1301,0,227,3,30
elapsed=7840 actor=second event=move path=70D9 pose=1164,-6021,-348,0,227,0,60 banked=0 bank_target=42 selected=-3461,-2881,-1301,0,227,3,30
elapsed=7840 actor=second event=vertical-step path=8942 pose=1312,-6021,-172,0,227,0,60 banked=0 bank_target=42 selected=-3461,-2881,-1301,0,227,3,30
elapsed=7844 actor=first event=move path=70D9 pose=-2988,-5667,-6072,0,177,0,60 banked=0 bank_target=39 selected=-3443,-2881,-1280,0,227,3,30
elapsed=7844 actor=first event=vertical-step path=8942 pose=-2772,-5667,-6152,0,177,0,60 banked=0 bank_target=39 selected=-3443,-2881,-1280,0,227,3,30
elapsed=7844 actor=second event=move path=70D9 pose=1312,-6115,-172,0,227,0,60 banked=0 bank_target=43 selected=-3443,-2881,-1280,0,227,3,30
elapsed=7844 actor=second event=vertical-step path=8942 pose=1460,-6115,4,0,227,0,60 banked=0 bank_target=43 selected=-3443,-2881,-1280,0,227,3,30
elapsed=7848 actor=first event=move path=70D9 pose=-2772,-5780,-6152,0,177,0,60 banked=0 bank_target=40 selected=-3425,-2881,-1259,0,227,4,30
elapsed=7848 actor=first event=vertical-step path=8942 pose=-2556,-5780,-6232,0,177,0,60 banked=0 bank_target=40 selected=-3425,-2881,-1259,0,227,4,30
elapsed=7849 actor=second event=move path=70D9 pose=1460,-6206,4,0,227,0,60 banked=0 bank_target=44 selected=-3425,-2881,-1259,0,227,4,30
elapsed=7849 actor=second event=vertical-step path=8942 pose=1608,-6206,180,0,227,0,60 banked=0 bank_target=44 selected=-3425,-2881,-1259,0,227,4,30
elapsed=7853 actor=first event=move path=70D9 pose=-2556,-5892,-6232,0,177,0,60 banked=0 bank_target=41 selected=-3407,-2881,-1238,0,227,4,30
elapsed=7853 actor=first event=vertical-step path=8942 pose=-2340,-5892,-6312,0,177,0,60 banked=0 bank_target=41 selected=-3407,-2881,-1238,0,227,4,30
elapsed=7853 actor=second event=move path=70D9 pose=1608,-6295,180,0,227,0,60 banked=0 bank_target=45 selected=-3407,-2881,-1238,0,227,4,30
elapsed=7853 actor=second event=vertical-step path=8942 pose=1756,-6295,356,0,227,0,60 banked=0 bank_target=45 selected=-3407,-2881,-1238,0,227,4,30
elapsed=7857 actor=first event=move path=70D9 pose=-2340,-6002,-6312,0,177,0,60 banked=0 bank_target=42 selected=-3389,-2881,-1217,0,227,4,30
elapsed=7857 actor=first event=vertical-step path=8942 pose=-2124,-6002,-6392,0,177,0,60 banked=0 bank_target=42 selected=-3389,-2881,-1217,0,227,4,30
elapsed=7857 actor=second event=move path=70D9 pose=1756,-6382,356,0,227,0,60 banked=0 bank_target=46 selected=-3389,-2881,-1217,0,227,4,30
elapsed=7858 actor=second event=vertical-step path=8942 pose=1904,-6382,532,0,227,0,60 banked=0 bank_target=46 selected=-3389,-2881,-1217,0,227,4,30
elapsed=7862 actor=first event=move path=70D9 pose=-2124,-6110,-6392,0,177,0,60 banked=0 bank_target=43 selected=-3371,-2881,-1196,0,227,4,30
elapsed=7862 actor=first event=vertical-step path=8942 pose=-1908,-6110,-6472,0,177,0,60 banked=0 bank_target=43 selected=-3371,-2881,-1196,0,227,4,30
elapsed=7862 actor=second event=move path=70D9 pose=1904,-6467,532,0,227,0,60 banked=0 bank_target=47 selected=-3371,-2881,-1196,0,227,4,30
elapsed=7862 actor=second event=vertical-step path=8942 pose=2052,-6467,708,0,227,0,60 banked=0 bank_target=47 selected=-3371,-2881,-1196,0,227,4,30
elapsed=7866 actor=first event=move path=70D9 pose=-1908,-6217,-6472,0,177,0,60 banked=0 bank_target=44 selected=-3353,-2881,-1175,0,227,3,30
elapsed=7866 actor=first event=vertical-step path=8942 pose=-1692,-6217,-6552,0,177,0,60 banked=0 bank_target=44 selected=-3353,-2881,-1175,0,227,3,30
elapsed=7866 actor=second event=move path=70D9 pose=2052,-6549,708,0,227,0,60 banked=0 bank_target=48 selected=-3353,-2881,-1175,0,227,3,30
elapsed=7866 actor=second event=vertical-step path=8942 pose=2200,-6549,884,0,227,0,60 banked=0 bank_target=48 selected=-3353,-2881,-1175,0,227,3,30
elapsed=7870 actor=first event=move path=70D9 pose=-1692,-6322,-6552,0,177,0,60 banked=0 bank_target=45 selected=-3335,-2881,-1154,0,227,3,30
elapsed=7870 actor=first event=vertical-step path=8942 pose=-1476,-6322,-6632,0,177,0,60 banked=0 bank_target=45 selected=-3335,-2881,-1154,0,227,3,30
elapsed=7871 actor=second event=move path=70D9 pose=2200,-6629,884,0,227,0,60 banked=0 bank_target=49 selected=-3335,-2881,-1154,0,227,3,30
elapsed=7871 actor=second event=vertical-step path=8942 pose=2348,-6629,1060,0,227,0,60 banked=0 bank_target=49 selected=-3335,-2881,-1154,0,227,3,30
elapsed=7875 actor=first event=move path=70D9 pose=-1476,-6425,-6632,0,177,0,60 banked=0 bank_target=46 selected=-3317,-2881,-1133,0,227,2,30
elapsed=7875 actor=first event=vertical-step path=8942 pose=-1260,-6425,-6712,0,177,0,60 banked=0 bank_target=46 selected=-3317,-2881,-1133,0,227,2,30
elapsed=7875 actor=second event=chase-angle path=886F pose=2348,-6707,1060,0,227,0,60 banked=1 bank_target=-11 selected=-3317,-2881,-1133,0,227,2,30
elapsed=7875 actor=second event=move path=886F pose=2348,-6707,1060,0,227,255,60 banked=1 bank_target=-11 selected=-3317,-2881,-1133,0,227,2,30
elapsed=7875 actor=second event=vertical-step path=8942 pose=2496,-6707,1236,0,227,255,60 banked=1 bank_target=-11 selected=-3317,-2881,-1133,0,227,2,30
elapsed=7879 actor=first event=move path=70D9 pose=-1260,-6527,-6712,0,177,0,60 banked=0 bank_target=47 selected=-3299,-2881,-1112,0,227,2,30
elapsed=7879 actor=first event=vertical-step path=8942 pose=-1044,-6527,-6792,0,177,0,60 banked=0 bank_target=47 selected=-3299,-2881,-1112,0,227,2,30
elapsed=7880 actor=second event=chase-angle path=886F pose=2496,-6782,1236,0,227,255,60 banked=1 bank_target=-11 selected=-3299,-2881,-1112,0,227,2,30
elapsed=7880 actor=second event=move path=886F pose=2496,-6782,1236,0,227,254,60 banked=1 bank_target=-11 selected=-3299,-2881,-1112,0,227,2,30
elapsed=7880 actor=second event=vertical-step path=8942 pose=2644,-6782,1412,0,227,254,60 banked=1 bank_target=-11 selected=-3299,-2881,-1112,0,227,2,30
elapsed=7884 actor=first event=move path=70D9 pose=-1044,-6627,-6792,0,177,0,60 banked=0 bank_target=48 selected=-3281,-2881,-1091,0,227,1,30
elapsed=7884 actor=first event=vertical-step path=8942 pose=-828,-6627,-6872,0,177,0,60 banked=0 bank_target=48 selected=-3281,-2881,-1091,0,227,1,30
elapsed=7884 actor=second event=chase-angle path=886F pose=2644,-6855,1412,0,227,254,60 banked=1 bank_target=-11 selected=-3281,-2881,-1091,0,227,1,30
elapsed=7884 actor=second event=move path=886F pose=2644,-6855,1412,0,227,253,60 banked=1 bank_target=-11 selected=-3281,-2881,-1091,0,227,1,30
elapsed=7884 actor=second event=vertical-step path=8942 pose=2792,-6855,1588,0,227,253,60 banked=1 bank_target=-11 selected=-3281,-2881,-1091,0,227,1,30
elapsed=7888 actor=first event=move path=70D9 pose=-828,-6725,-6872,0,177,0,60 banked=0 bank_target=49 selected=-3263,-2881,-1070,0,227,0,30
elapsed=7888 actor=first event=vertical-step path=8942 pose=-612,-6725,-6952,0,177,0,60 banked=0 bank_target=49 selected=-3263,-2881,-1070,0,227,0,30
elapsed=7889 actor=second event=chase-angle path=886F pose=2792,-6925,1588,0,227,253,60 banked=1 bank_target=-11 selected=-3263,-2881,-1070,0,227,0,30
elapsed=7889 actor=second event=move path=886F pose=2792,-6925,1588,0,227,252,60 banked=1 bank_target=-11 selected=-3263,-2881,-1070,0,227,0,30
elapsed=7889 actor=second event=vertical-step path=8942 pose=2944,-6925,1760,0,226,252,60 banked=1 bank_target=-11 selected=-3263,-2881,-1070,0,227,0,30
elapsed=7893 actor=first event=chase-angle path=886F pose=-612,-6821,-6952,0,177,0,60 banked=1 bank_target=-14 selected=-3245,-2881,-1049,0,227,255,30
elapsed=7893 actor=first event=move path=886F pose=-612,-6821,-6952,0,177,255,60 banked=1 bank_target=-14 selected=-3245,-2881,-1049,0,227,255,30
elapsed=7893 actor=first event=vertical-step path=8942 pose=-396,-6821,-7032,0,177,255,60 banked=1 bank_target=-14 selected=-3245,-2881,-1049,0,227,255,30
elapsed=7893 actor=second event=chase-angle path=886F pose=2944,-6992,1760,0,226,252,60 banked=1 bank_target=-11 selected=-3245,-2881,-1049,0,227,255,30
elapsed=7893 actor=second event=move path=886F pose=2944,-6992,1760,0,226,251,60 banked=1 bank_target=-11 selected=-3245,-2881,-1049,0,227,255,30
elapsed=7894 actor=second event=vertical-step path=8942 pose=3100,-6992,1924,0,225,251,60 banked=1 bank_target=-11 selected=-3245,-2881,-1049,0,227,255,30
elapsed=7897 actor=first event=chase-angle path=886F pose=-396,-6915,-7032,0,177,255,60 banked=1 bank_target=-14 selected=-3227,-2881,-1028,0,227,254,30
elapsed=7897 actor=first event=move path=886F pose=-396,-6915,-7032,0,177,254,60 banked=1 bank_target=-14 selected=-3227,-2881,-1028,0,227,254,30
elapsed=7897 actor=first event=vertical-step path=8942 pose=-180,-6915,-7112,0,177,254,60 banked=1 bank_target=-14 selected=-3227,-2881,-1028,0,227,254,30
elapsed=7898 actor=second event=chase-angle path=886F pose=3100,-7057,1924,0,225,251,60 banked=1 bank_target=-11 selected=-3227,-2881,-1028,0,227,254,30
elapsed=7898 actor=second event=move path=886F pose=3100,-7057,1924,0,225,250,60 banked=1 bank_target=-11 selected=-3227,-2881,-1028,0,227,254,30
elapsed=7898 actor=second event=vertical-step path=8942 pose=3260,-7057,2084,0,224,250,60 banked=1 bank_target=-11 selected=-3227,-2881,-1028,0,227,254,30
elapsed=7902 actor=first event=chase-angle path=886F pose=-180,-7006,-7112,0,177,254,60 banked=1 bank_target=-14 selected=-3209,-2881,-1007,0,227,254,30
elapsed=7902 actor=first event=move path=886F pose=-180,-7006,-7112,0,177,253,60 banked=1 bank_target=-14 selected=-3209,-2881,-1007,0,227,254,30
elapsed=7902 actor=first event=vertical-step path=8942 pose=36,-7006,-7192,0,177,253,60 banked=1 bank_target=-14 selected=-3209,-2881,-1007,0,227,254,30
elapsed=7902 actor=second event=chase-angle path=886F pose=3260,-7119,2084,0,224,250,60 banked=1 bank_target=-11 selected=-3209,-2881,-1007,0,227,254,30
elapsed=7902 actor=second event=move path=886F pose=3260,-7119,2084,0,224,249,60 banked=1 bank_target=-11 selected=-3209,-2881,-1007,0,227,254,30
elapsed=7902 actor=second event=vertical-step path=8942 pose=3424,-7119,2240,0,223,249,60 banked=1 bank_target=-11 selected=-3209,-2881,-1007,0,227,254,30
elapsed=7906 actor=first event=chase-angle path=886F pose=36,-7095,-7192,0,177,253,60 banked=1 bank_target=-14 selected=-3191,-2881,-986,0,227,253,30
elapsed=7906 actor=first event=move path=886F pose=36,-7095,-7192,0,177,252,60 banked=1 bank_target=-14 selected=-3191,-2881,-986,0,227,253,30
elapsed=7906 actor=first event=vertical-step path=8942 pose=248,-7095,-7276,0,176,252,60 banked=1 bank_target=-14 selected=-3191,-2881,-986,0,227,253,30
elapsed=7906 actor=second event=chase-angle path=886F pose=3424,-7178,2240,0,223,249,60 banked=1 bank_target=-11 selected=-3191,-2881,-986,0,227,253,30
elapsed=7906 actor=second event=move path=886F pose=3424,-7178,2240,0,223,248,60 banked=1 bank_target=-11 selected=-3191,-2881,-986,0,227,253,30
elapsed=7906 actor=second event=vertical-step path=8942 pose=3600,-7178,2388,0,221,248,60 banked=1 bank_target=-11 selected=-3191,-2881,-986,0,227,253,30
elapsed=7910 actor=first event=chase-angle path=886F pose=248,-7182,-7276,0,176,252,60 banked=1 bank_target=-14 selected=-3173,-2881,-965,0,227,253,30
elapsed=7910 actor=first event=move path=886F pose=248,-7182,-7276,0,176,251,60 banked=1 bank_target=-14 selected=-3173,-2881,-965,0,227,253,30
elapsed=7910 actor=first event=vertical-step path=8942 pose=460,-7182,-7364,0,175,251,60 banked=1 bank_target=-14 selected=-3173,-2881,-965,0,227,253,30
elapsed=7911 actor=second event=chase-angle path=886F pose=3600,-7235,2388,0,221,248,60 banked=1 bank_target=-11 selected=-3173,-2881,-965,0,227,253,30
elapsed=7911 actor=second event=move path=886F pose=3600,-7235,2388,0,221,247,60 banked=1 bank_target=-11 selected=-3173,-2881,-965,0,227,253,30
elapsed=7911 actor=second event=vertical-step path=8942 pose=3780,-7235,2528,0,219,247,60 banked=1 bank_target=-11 selected=-3173,-2881,-965,0,227,253,30
elapsed=7914 actor=first event=chase-angle path=886F pose=460,-7267,-7364,0,175,251,60 banked=1 bank_target=-14 selected=-3155,-2881,-944,0,227,252,30
elapsed=7915 actor=first event=move path=886F pose=460,-7267,-7364,0,175,250,60 banked=1 bank_target=-14 selected=-3155,-2881,-944,0,227,252,30
elapsed=7915 actor=first event=vertical-step path=8942 pose=668,-7267,-7460,0,174,250,60 banked=1 bank_target=-14 selected=-3155,-2881,-944,0,227,252,30
elapsed=7915 actor=second event=chase-angle path=886F pose=3780,-7289,2528,0,219,247,60 banked=1 bank_target=-11 selected=-3155,-2881,-944,0,227,252,30
elapsed=7915 actor=second event=move path=886F pose=3780,-7289,2528,0,219,246,60 banked=1 bank_target=-11 selected=-3155,-2881,-944,0,227,252,30
elapsed=7915 actor=second event=vertical-step path=8942 pose=3968,-7289,2660,0,217,246,60 banked=1 bank_target=-11 selected=-3155,-2881,-944,0,227,252,30
elapsed=7919 actor=first event=chase-angle path=886F pose=668,-7349,-7460,0,174,250,60 banked=1 bank_target=-14 selected=-3137,-2881,-923,0,227,252,30
elapsed=7919 actor=first event=move path=886F pose=668,-7349,-7460,0,174,249,60 banked=1 bank_target=-14 selected=-3137,-2881,-923,0,227,252,30
elapsed=7919 actor=first event=vertical-step path=8942 pose=872,-7349,-7560,0,173,249,60 banked=1 bank_target=-14 selected=-3137,-2881,-923,0,227,252,30
elapsed=7919 actor=second event=chase-angle path=886F pose=3968,-7340,2660,0,217,246,60 banked=1 bank_target=-11 selected=-3137,-2881,-923,0,227,252,30
elapsed=7919 actor=second event=move path=70F2 pose=3968,-7340,2660,0,217,245,60 banked=1 bank_target=1 selected=-3137,-2881,-923,0,227,252,30
elapsed=7919 actor=second event=vertical-step path=8942 pose=4164,-7340,2780,0,215,245,60 banked=1 bank_target=1 selected=-3137,-2881,-923,0,227,252,30
elapsed=7923 actor=first event=chase-angle path=886F pose=872,-7429,-7560,0,173,249,60 banked=1 bank_target=-14 selected=-3119,-2881,-902,0,227,252,30
elapsed=7923 actor=first event=move path=886F pose=872,-7429,-7560,0,173,248,60 banked=1 bank_target=-14 selected=-3119,-2881,-902,0,227,252,30
elapsed=7923 actor=first event=vertical-step path=8942 pose=1072,-7429,-7672,0,171,248,60 banked=1 bank_target=-14 selected=-3119,-2881,-902,0,227,252,30
elapsed=7923 actor=second event=move path=70F2 pose=4164,-7388,2780,0,215,245,60 banked=1 bank_target=2 selected=-3119,-2881,-902,0,227,252,30
elapsed=7924 actor=second event=vertical-step path=8942 pose=4364,-7388,2892,0,213,245,60 banked=1 bank_target=2 selected=-3119,-2881,-902,0,227,252,30
elapsed=7927 actor=first event=chase-angle path=886F pose=1072,-7507,-7672,0,171,248,60 banked=1 bank_target=-14 selected=-3101,-2881,-881,0,227,252,30
elapsed=7927 actor=first event=move path=886F pose=1072,-7507,-7672,0,171,247,60 banked=1 bank_target=-14 selected=-3101,-2881,-881,0,227,252,30
elapsed=7928 actor=first event=vertical-step path=8942 pose=1268,-7507,-7792,0,169,247,60 banked=1 bank_target=-14 selected=-3101,-2881,-881,0,227,252,30
elapsed=7928 actor=second event=move path=70F2 pose=4364,-7433,2892,0,213,245,60 banked=1 bank_target=3 selected=-3101,-2881,-881,0,227,252,30
elapsed=7928 actor=second event=vertical-step path=8942 pose=4568,-7433,2992,0,211,245,60 banked=1 bank_target=3 selected=-3101,-2881,-881,0,227,252,30
elapsed=7932 actor=first event=chase-angle path=886F pose=1268,-7582,-7792,0,169,247,60 banked=1 bank_target=-14 selected=-3083,-2881,-860,0,227,253,30
elapsed=7932 actor=first event=move path=886F pose=1268,-7582,-7792,0,169,246,60 banked=1 bank_target=-14 selected=-3083,-2881,-860,0,227,253,30
elapsed=7932 actor=first event=vertical-step path=8942 pose=1456,-7582,-7924,0,167,246,60 banked=1 bank_target=-14 selected=-3083,-2881,-860,0,227,253,30
elapsed=7932 actor=second event=move path=70F2 pose=4568,-7475,2992,0,211,245,60 banked=1 bank_target=4 selected=-3083,-2881,-860,0,227,253,30
elapsed=7932 actor=second event=vertical-step path=8942 pose=4780,-7475,3080,0,209,245,60 banked=1 bank_target=4 selected=-3083,-2881,-860,0,227,253,30
elapsed=7936 actor=first event=chase-angle path=886F pose=1456,-7655,-7924,0,167,246,60 banked=1 bank_target=-14 selected=-3065,-2881,-839,0,227,253,30
elapsed=7936 actor=first event=move path=886F pose=1456,-7655,-7924,0,167,245,60 banked=1 bank_target=-14 selected=-3065,-2881,-839,0,227,253,30
elapsed=7936 actor=first event=vertical-step path=8942 pose=1636,-7655,-8064,0,165,245,60 banked=1 bank_target=-14 selected=-3065,-2881,-839,0,227,253,30
elapsed=7936 actor=second event=move path=70F2 pose=4780,-7514,3080,0,209,245,60 banked=1 bank_target=5 selected=-3065,-2881,-839,0,227,253,30
elapsed=7937 actor=second event=vertical-step path=8942 pose=4996,-7514,3160,0,207,245,60 banked=1 bank_target=5 selected=-3065,-2881,-839,0,227,253,30
elapsed=7940 actor=first event=chase-angle path=886F pose=1636,-7725,-8064,0,165,245,60 banked=1 bank_target=-14 selected=-3047,-2881,-818,0,227,254,30
elapsed=7940 actor=first event=move path=886F pose=1636,-7725,-8064,0,165,244,60 banked=1 bank_target=-14 selected=-3047,-2881,-818,0,227,254,30
elapsed=7940 actor=first event=vertical-step path=8942 pose=1808,-7725,-8216,0,162,244,60 banked=1 bank_target=-14 selected=-3047,-2881,-818,0,227,254,30
elapsed=7941 actor=second event=move path=70F2 pose=4996,-7550,3160,0,207,245,60 banked=1 bank_target=6 selected=-3047,-2881,-818,0,227,254,30
elapsed=7941 actor=second event=vertical-step path=8942 pose=5216,-7550,3228,0,205,245,60 banked=1 bank_target=6 selected=-3047,-2881,-818,0,227,254,30
elapsed=7945 actor=first event=chase-angle path=886F pose=1808,-7792,-8216,0,162,244,60 banked=1 bank_target=-14 selected=-3029,-2881,-797,0,227,254,30
elapsed=7945 actor=first event=move path=886F pose=1808,-7792,-8216,0,162,243,60 banked=1 bank_target=-14 selected=-3029,-2881,-797,0,227,254,30
elapsed=7945 actor=first event=vertical-step path=8942 pose=1964,-7792,-8380,0,159,243,60 banked=1 bank_target=-14 selected=-3029,-2881,-797,0,227,254,30
elapsed=7945 actor=second event=move path=70F2 pose=5216,-7583,3228,0,205,245,60 banked=1 bank_target=7 selected=-3029,-2881,-797,0,227,254,30
elapsed=7945 actor=second event=vertical-step path=8942 pose=5440,-7583,3284,0,203,245,60 banked=1 bank_target=7 selected=-3029,-2881,-797,0,227,254,30
elapsed=7949 actor=first event=chase-angle path=886F pose=1964,-7857,-8380,0,159,243,60 banked=1 bank_target=-14 selected=-3011,-2881,-776,0,227,255,30
elapsed=7949 actor=first event=move path=70F2 pose=1964,-7857,-8380,0,159,242,60 banked=1 bank_target=1 selected=-3011,-2881,-776,0,227,255,30
elapsed=7949 actor=first event=vertical-step path=8942 pose=2108,-7857,-8556,0,156,242,60 banked=1 bank_target=1 selected=-3011,-2881,-776,0,227,255,30
elapsed=7949 actor=second event=move path=70F2 pose=5440,-7613,3284,0,203,245,60 banked=1 bank_target=8 selected=-3011,-2881,-776,0,227,255,30
elapsed=7950 actor=second event=vertical-step path=8942 pose=5664,-7613,3328,0,201,245,60 banked=1 bank_target=8 selected=-3011,-2881,-776,0,227,255,30
elapsed=7953 actor=first event=move path=70F2 pose=2108,-7919,-8556,0,156,242,60 banked=1 bank_target=2 selected=-2993,-2881,-755,0,227,0,30
elapsed=7953 actor=first event=vertical-step path=8942 pose=2240,-7919,-8744,0,153,242,60 banked=1 bank_target=2 selected=-2993,-2881,-755,0,227,0,30
elapsed=7954 actor=second event=move path=70F2 pose=5664,-7640,3328,0,201,245,60 banked=1 bank_target=9 selected=-2993,-2881,-755,0,227,0,30
elapsed=7954 actor=second event=vertical-step path=8942 pose=5892,-7640,3360,0,199,245,60 banked=1 bank_target=9 selected=-2993,-2881,-755,0,227,0,30
elapsed=7958 actor=first event=move path=70F2 pose=2240,-7978,-8744,0,153,242,60 banked=1 bank_target=3 selected=-2975,-2881,-734,0,227,1,30
elapsed=7958 actor=first event=vertical-step path=8942 pose=2356,-7978,-8940,0,150,242,60 banked=1 bank_target=3 selected=-2975,-2881,-734,0,227,1,30
elapsed=7958 actor=second event=move path=70F2 pose=5892,-7664,3360,0,199,245,60 banked=1 bank_target=10 selected=-2975,-2881,-734,0,227,1,30
elapsed=7958 actor=second event=vertical-step path=8942 pose=6124,-7664,3384,0,197,245,60 banked=1 bank_target=10 selected=-2975,-2881,-734,0,227,1,30
elapsed=7962 actor=first event=move path=70F2 pose=2356,-8035,-8940,0,150,242,60 banked=1 bank_target=4 selected=-2957,-2881,-713,0,227,2,30
elapsed=7962 actor=first event=vertical-step path=8942 pose=2456,-8035,-9144,0,147,242,60 banked=1 bank_target=4 selected=-2957,-2881,-713,0,227,2,30
elapsed=7962 actor=second event=move path=70F2 pose=6124,-7685,3384,0,197,245,60 banked=1 bank_target=11 selected=-2957,-2881,-713,0,227,2,30
elapsed=7962 actor=second event=vertical-step path=8942 pose=6356,-7685,3396,0,195,245,60 banked=1 bank_target=11 selected=-2957,-2881,-713,0,227,2,30
elapsed=7966 actor=first event=move path=70F2 pose=2456,-8089,-9144,0,147,242,60 banked=1 bank_target=5 selected=-2939,-2881,-692,0,227,2,30
elapsed=7966 actor=first event=vertical-step path=8942 pose=2540,-8089,-9356,0,144,242,60 banked=1 bank_target=5 selected=-2939,-2881,-692,0,227,2,30
elapsed=7967 actor=second event=move path=70F2 pose=6356,-7703,3396,0,195,245,60 banked=1 bank_target=12 selected=-2939,-2881,-692,0,227,2,30
elapsed=7967 actor=second event=vertical-step path=8942 pose=6588,-7703,3396,0,193,245,60 banked=1 bank_target=12 selected=-2939,-2881,-692,0,227,2,30
elapsed=7971 actor=first event=move path=70F2 pose=2540,-8140,-9356,0,144,242,60 banked=1 bank_target=6 selected=-2921,-2881,-671,0,227,3,30
elapsed=7971 actor=first event=vertical-step path=8942 pose=2608,-8140,-9576,0,141,242,60 banked=1 bank_target=6 selected=-2921,-2881,-671,0,227,3,30
elapsed=7971 actor=second event=move path=70F2 pose=6588,-7718,3396,0,193,245,60 banked=1 bank_target=13 selected=-2921,-2881,-671,0,227,3,30
elapsed=7971 actor=second event=vertical-step path=8942 pose=6820,-7718,3396,0,191,245,60 banked=1 bank_target=13 selected=-2921,-2881,-671,0,227,3,30
elapsed=7975 actor=first event=move path=70F2 pose=2608,-8188,-9576,0,141,242,60 banked=1 bank_target=7 selected=-2903,-2881,-650,0,227,3,30
elapsed=7975 actor=first event=vertical-step path=8942 pose=2660,-8188,-9800,0,138,242,60 banked=1 bank_target=7 selected=-2903,-2881,-650,0,227,3,30
elapsed=7975 actor=second event=move path=70F2 pose=6820,-7730,3396,0,191,245,60 banked=1 bank_target=14 selected=-2903,-2881,-650,0,227,3,30
elapsed=7975 actor=second event=vertical-step path=8942 pose=7052,-7730,3384,0,189,245,60 banked=1 bank_target=14 selected=-2903,-2881,-650,0,227,3,30
elapsed=7979 actor=first event=move path=70F2 pose=2660,-8233,-9800,0,138,242,60 banked=1 bank_target=8 selected=-2885,-2881,-629,0,227,4,30
elapsed=7979 actor=first event=vertical-step path=8942 pose=2692,-8233,-10028,0,135,242,60 banked=1 bank_target=8 selected=-2885,-2881,-629,0,227,4,30
elapsed=7980 actor=second event=move path=70F2 pose=7052,-7739,3384,0,189,245,60 banked=1 bank_target=15 selected=-2885,-2881,-629,0,227,4,30
elapsed=7980 actor=second event=vertical-step path=8942 pose=7284,-7739,3360,0,187,245,60 banked=1 bank_target=15 selected=-2885,-2881,-629,0,227,4,30
elapsed=7984 actor=first event=move path=70F2 pose=2692,-8275,-10028,0,135,242,60 banked=1 bank_target=9 selected=-2867,-2881,-608,0,227,4,30
elapsed=7984 actor=first event=vertical-step path=8942 pose=2708,-8275,-10260,0,132,242,60 banked=1 bank_target=9 selected=-2867,-2881,-608,0,227,4,30
elapsed=7984 actor=second event=move path=70F2 pose=7284,-7745,3360,0,187,245,60 banked=1 bank_target=16 selected=-2867,-2881,-608,0,227,4,30
elapsed=7984 actor=second event=vertical-step path=8942 pose=7512,-7745,3328,0,185,245,60 banked=1 bank_target=16 selected=-2867,-2881,-608,0,227,4,30
elapsed=7988 actor=first event=move path=70F2 pose=2708,-8314,-10260,0,132,242,60 banked=1 bank_target=10 selected=-2849,-2881,-587,0,227,4,30
elapsed=7988 actor=first event=vertical-step path=8942 pose=2708,-8314,-10492,0,129,242,60 banked=1 bank_target=10 selected=-2849,-2881,-587,0,227,4,30
elapsed=7988 actor=second event=move path=70F2 pose=7512,-7748,3328,0,185,245,60 banked=1 bank_target=17 selected=-2849,-2881,-587,0,227,4,30
elapsed=7988 actor=second event=vertical-step path=8942 pose=7736,-7748,3284,0,183,245,60 banked=1 bank_target=17 selected=-2849,-2881,-587,0,227,4,30
elapsed=7992 actor=first event=move path=70F2 pose=2708,-8350,-10492,0,129,242,60 banked=1 bank_target=11 selected=-2831,-2881,-566,0,227,4,30
elapsed=7992 actor=first event=vertical-step path=8942 pose=2704,-8350,-10724,0,126,242,60 banked=1 bank_target=11 selected=-2831,-2881,-566,0,227,4,30
elapsed=7993 actor=second event=move path=70F2 pose=7736,-7748,3284,0,183,245,60 banked=1 bank_target=18 selected=-2831,-2881,-566,0,227,4,30
elapsed=7993 actor=second event=vertical-step path=8942 pose=7960,-7748,3228,0,181,245,60 banked=1 bank_target=18 selected=-2831,-2881,-566,0,227,4,30
elapsed=7997 actor=first event=move path=70F2 pose=2704,-8383,-10724,0,126,242,60 banked=1 bank_target=12 selected=-2813,-2881,-545,0,227,3,30
elapsed=7997 actor=first event=vertical-step path=8942 pose=2680,-8383,-10956,0,123,242,60 banked=1 bank_target=12 selected=-2813,-2881,-545,0,227,3,30
elapsed=7997 actor=second event=move path=70F2 pose=7960,-7745,3228,0,181,245,60 banked=1 bank_target=19 selected=-2813,-2881,-545,0,227,3,30
elapsed=7997 actor=second event=vertical-step path=8942 pose=8180,-7745,3160,0,179,245,60 banked=1 bank_target=19 selected=-2813,-2881,-545,0,227,3,30
elapsed=8001 actor=first event=move path=70F2 pose=2680,-8413,-10956,0,123,242,60 banked=1 bank_target=13 selected=-2795,-2881,-524,0,227,3,30
elapsed=8001 actor=first event=vertical-step path=8942 pose=2640,-8413,-11184,0,120,242,60 banked=1 bank_target=13 selected=-2795,-2881,-524,0,227,3,30
elapsed=8001 actor=second event=move path=70F2 pose=8180,-7739,3160,0,179,245,60 banked=1 bank_target=20 selected=-2795,-2881,-524,0,227,3,30
elapsed=8001 actor=second event=vertical-step path=8942 pose=8396,-7739,3080,0,177,245,60 banked=1 bank_target=20 selected=-2795,-2881,-524,0,227,3,30
elapsed=8005 actor=first event=move path=70F2 pose=2640,-8440,-11184,0,120,242,60 banked=1 bank_target=14 selected=-2777,-2881,-503,0,227,2,30
elapsed=8005 actor=first event=vertical-step path=8942 pose=2584,-8440,-11408,0,117,242,60 banked=1 bank_target=14 selected=-2777,-2881,-503,0,227,2,30
elapsed=8006 actor=second event=move path=70F2 pose=8396,-7730,3080,0,177,245,60 banked=1 bank_target=21 selected=-2777,-2881,-503,0,227,2,30
elapsed=8006 actor=second event=vertical-step path=8942 pose=8608,-7730,2992,0,175,245,60 banked=1 bank_target=21 selected=-2777,-2881,-503,0,227,2,30
elapsed=8010 actor=first event=move path=70F2 pose=2584,-8464,-11408,0,117,242,60 banked=1 bank_target=15 selected=-2759,-2881,-482,0,227,2,30
elapsed=8010 actor=first event=vertical-step path=8942 pose=2512,-8464,-11624,0,114,242,60 banked=1 bank_target=15 selected=-2759,-2881,-482,0,227,2,30
elapsed=8010 actor=second event=move path=70F2 pose=8608,-7718,2992,0,175,245,60 banked=1 bank_target=22 selected=-2759,-2881,-482,0,227,2,30
elapsed=8010 actor=second event=vertical-step path=8942 pose=8812,-7718,2892,0,173,245,60 banked=1 bank_target=22 selected=-2759,-2881,-482,0,227,2,30
elapsed=8014 actor=first event=move path=70F2 pose=2512,-8485,-11624,0,114,242,60 banked=1 bank_target=16 selected=-2741,-2881,-461,0,227,1,30
elapsed=8014 actor=first event=vertical-step path=8942 pose=2424,-8485,-11836,0,111,242,60 banked=1 bank_target=16 selected=-2741,-2881,-461,0,227,1,30
elapsed=8014 actor=second event=move path=70F2 pose=8812,-7703,2892,0,173,245,60 banked=1 bank_target=23 selected=-2741,-2881,-461,0,227,1,30
elapsed=8014 actor=second event=vertical-step path=8942 pose=9012,-7703,2780,0,171,245,60 banked=1 bank_target=23 selected=-2741,-2881,-461,0,227,1,30
elapsed=8018 actor=first event=move path=70F2 pose=2424,-8503,-11836,0,111,242,60 banked=1 bank_target=17 selected=-2723,-2881,-440,0,227,0,30
elapsed=8018 actor=first event=vertical-step path=8942 pose=2320,-8503,-12040,0,108,242,60 banked=1 bank_target=17 selected=-2723,-2881,-440,0,227,0,30
elapsed=8019 actor=second event=move path=70F2 pose=9012,-7685,2780,0,171,245,60 banked=1 bank_target=24 selected=-2723,-2881,-440,0,227,0,30
elapsed=8019 actor=second event=vertical-step path=8942 pose=9208,-7685,2660,0,169,245,60 banked=1 bank_target=24 selected=-2723,-2881,-440,0,227,0,30
elapsed=8023 actor=first event=move path=70F2 pose=2320,-8518,-12040,0,108,242,60 banked=1 bank_target=18 selected=-2705,-2881,-419,0,227,255,30
elapsed=8023 actor=first event=vertical-step path=8942 pose=2200,-8518,-12236,0,105,242,60 banked=1 bank_target=18 selected=-2705,-2881,-419,0,227,255,30
elapsed=8023 actor=second event=move path=70F2 pose=9208,-7664,2660,0,169,245,60 banked=1 bank_target=25 selected=-2705,-2881,-419,0,227,255,30
elapsed=8023 actor=second event=vertical-step path=8942 pose=9396,-7664,2528,0,167,245,60 banked=1 bank_target=25 selected=-2705,-2881,-419,0,227,255,30
elapsed=8027 actor=first event=move path=70F2 pose=2200,-8530,-12236,0,105,242,60 banked=1 bank_target=19 selected=-2687,-2881,-398,0,227,254,30
elapsed=8027 actor=first event=vertical-step path=8942 pose=2064,-8530,-12420,0,102,242,60 banked=1 bank_target=19 selected=-2687,-2881,-398,0,227,254,30
elapsed=8027 actor=second event=move path=70F2 pose=9396,-7640,2528,0,167,245,60 banked=1 bank_target=26 selected=-2687,-2881,-398,0,227,254,30
elapsed=8027 actor=second event=vertical-step path=8942 pose=9576,-7640,2388,0,165,245,60 banked=1 bank_target=26 selected=-2687,-2881,-398,0,227,254,30
elapsed=8031 actor=first event=move path=70F2 pose=2064,-8539,-12420,0,102,242,60 banked=1 bank_target=20 selected=-2669,-2881,-377,0,227,254,30
elapsed=8031 actor=first event=vertical-step path=8942 pose=1916,-8539,-12596,0,99,242,60 banked=1 bank_target=20 selected=-2669,-2881,-377,0,227,254,30
elapsed=8032 actor=second event=move path=70F2 pose=9576,-7613,2388,0,165,245,60 banked=1 bank_target=27 selected=-2669,-2881,-377,0,227,254,30
elapsed=8032 actor=second event=vertical-step path=8942 pose=9752,-7613,2240,0,163,245,60 banked=1 bank_target=27 selected=-2669,-2881,-377,0,227,254,30
elapsed=8036 actor=first event=move path=70F2 pose=1916,-8545,-12596,0,99,242,60 banked=1 bank_target=21 selected=-2651,-2881,-356,0,227,253,30
elapsed=8036 actor=first event=vertical-step path=8942 pose=1756,-8545,-12756,0,96,242,60 banked=1 bank_target=21 selected=-2651,-2881,-356,0,227,253,30
elapsed=8036 actor=second event=move path=70F2 pose=9752,-7583,2240,0,163,245,60 banked=1 bank_target=28 selected=-2651,-2881,-356,0,227,253,30
elapsed=8036 actor=second event=vertical-step path=8942 pose=9916,-7583,2084,0,161,245,60 banked=1 bank_target=28 selected=-2651,-2881,-356,0,227,253,30
elapsed=8040 actor=first event=move path=70F2 pose=1756,-8548,-12756,0,96,242,60 banked=1 bank_target=22 selected=-2633,-2881,-335,0,227,253,30
elapsed=8040 actor=first event=vertical-step path=8942 pose=1580,-8548,-12904,0,93,242,60 banked=1 bank_target=22 selected=-2633,-2881,-335,0,227,253,30
elapsed=8040 actor=second event=move path=70F2 pose=9916,-7550,2084,0,161,245,60 banked=1 bank_target=29 selected=-2633,-2881,-335,0,227,253,30
elapsed=8040 actor=second event=vertical-step path=8942 pose=10072,-7550,1920,0,159,245,60 banked=1 bank_target=29 selected=-2633,-2881,-335,0,227,253,30
elapsed=8044 actor=first event=move path=70F2 pose=1580,-8548,-12904,0,93,242,60 banked=1 bank_target=23 selected=-2615,-2881,-314,0,227,252,30
elapsed=8044 actor=first event=vertical-step path=8942 pose=1396,-8548,-13040,0,90,242,60 banked=1 bank_target=23 selected=-2615,-2881,-314,0,227,252,30
elapsed=8044 actor=second event=move path=70F2 pose=10072,-7514,1920,0,159,245,60 banked=1 bank_target=30 selected=-2615,-2881,-314,0,227,252,30
elapsed=8045 actor=second event=vertical-step path=8942 pose=10220,-7514,1744,0,157,245,60 banked=1 bank_target=30 selected=-2615,-2881,-314,0,227,252,30
elapsed=8048 actor=first event=move path=70F2 pose=1396,-8545,-13040,0,90,242,60 banked=1 bank_target=24 selected=-2597,-2881,-293,0,227,252,30
elapsed=8048 actor=first event=vertical-step path=8942 pose=1200,-8545,-13160,0,87,242,60 banked=1 bank_target=24 selected=-2597,-2881,-293,0,227,252,30
elapsed=8049 actor=second event=move path=70F2 pose=10220,-7475,1744,0,157,245,60 banked=1 bank_target=31 selected=-2597,-2881,-293,0,227,252,30
elapsed=8049 actor=second event=vertical-step path=8942 pose=10360,-7475,1564,0,155,245,60 banked=1 bank_target=31 selected=-2597,-2881,-293,0,227,252,30
elapsed=8052 actor=first event=move path=70F2 pose=1200,-8539,-13160,0,87,242,60 banked=1 bank_target=25 selected=-2579,-2881,-272,0,227,252,30
elapsed=8053 actor=first event=vertical-step path=8942 pose=996,-8539,-13264,0,84,242,60 banked=1 bank_target=25 selected=-2579,-2881,-272,0,227,252,30
elapsed=8053 actor=second event=move path=70F2 pose=10360,-7433,1564,0,155,245,60 banked=1 bank_target=32 selected=-2579,-2881,-272,0,227,252,30
elapsed=8053 actor=second event=vertical-step path=8942 pose=10492,-7433,1376,0,153,245,60 banked=1 bank_target=32 selected=-2579,-2881,-272,0,227,252,30
elapsed=8057 actor=first event=move path=70F2 pose=996,-8530,-13264,0,84,242,60 banked=1 bank_target=26 selected=-2561,-2881,-251,0,227,252,30
elapsed=8057 actor=first event=vertical-step path=8942 pose=784,-8530,-13352,0,81,242,60 banked=1 bank_target=26 selected=-2561,-2881,-251,0,227,252,30
elapsed=8057 actor=second event=move path=70F2 pose=10492,-7388,1376,0,153,245,60 banked=1 bank_target=33 selected=-2561,-2881,-251,0,227,252,30
elapsed=8057 actor=second event=vertical-step path=8942 pose=10612,-7388,1180,0,151,245,60 banked=1 bank_target=33 selected=-2561,-2881,-251,0,227,252,30
elapsed=8061 actor=first event=move path=70F2 pose=784,-8518,-13352,0,81,242,60 banked=1 bank_target=27 selected=-2543,-2881,-230,0,227,253,30
elapsed=8061 actor=first event=vertical-step path=8942 pose=568,-8518,-13424,0,78,242,60 banked=1 bank_target=27 selected=-2543,-2881,-230,0,227,253,30
elapsed=8061 actor=second event=move path=70F2 pose=10612,-7340,1180,0,151,245,60 banked=1 bank_target=34 selected=-2543,-2881,-230,0,227,253,30
elapsed=8061 actor=second event=vertical-step path=8942 pose=10724,-7340,980,0,149,245,60 banked=1 bank_target=34 selected=-2543,-2881,-230,0,227,253,30
elapsed=8065 actor=first event=move path=70F2 pose=568,-8503,-13424,0,78,242,60 banked=1 bank_target=28 selected=-2525,-2881,-209,0,227,253,30
elapsed=8065 actor=first event=vertical-step path=8942 pose=344,-8503,-13480,0,75,242,60 banked=1 bank_target=28 selected=-2525,-2881,-209,0,227,253,30
elapsed=8065 actor=second event=move path=70F2 pose=10724,-7289,980,0,149,245,60 banked=1 bank_target=35 selected=-2525,-2881,-209,0,227,253,30
elapsed=8066 actor=second event=vertical-step path=8942 pose=10824,-7289,776,0,147,245,60 banked=1 bank_target=35 selected=-2525,-2881,-209,0,227,253,30
elapsed=8069 actor=first event=move path=70F2 pose=344,-8485,-13480,0,75,242,60 banked=1 bank_target=29 selected=-2507,-2881,-188,0,227,254,30
elapsed=8069 actor=first event=vertical-step path=8942 pose=116,-8485,-13520,0,72,242,60 banked=1 bank_target=29 selected=-2507,-2881,-188,0,227,254,30
elapsed=8070 actor=second event=move path=70F2 pose=10824,-7235,776,0,147,245,60 banked=1 bank_target=36 selected=-2507,-2881,-188,0,227,254,30
elapsed=8070 actor=second event=vertical-step path=8942 pose=10912,-7235,564,0,145,245,60 banked=1 bank_target=36 selected=-2507,-2881,-188,0,227,254,30
elapsed=8073 actor=first event=move path=70F2 pose=116,-8464,-13520,0,72,242,60 banked=1 bank_target=30 selected=-2489,-2881,-167,0,227,254,30
elapsed=8074 actor=first event=vertical-step path=8942 pose=-116,-8464,-13544,0,69,242,60 banked=1 bank_target=30 selected=-2489,-2881,-167,0,227,254,30
elapsed=8074 actor=second event=move path=70F2 pose=10912,-7178,564,0,145,245,60 banked=1 bank_target=37 selected=-2489,-2881,-167,0,227,254,30
elapsed=8074 actor=second event=vertical-step path=8942 pose=10992,-7178,348,0,143,245,60 banked=1 bank_target=37 selected=-2489,-2881,-167,0,227,254,30
elapsed=8078 actor=first event=move path=70F2 pose=-116,-8440,-13544,0,69,242,60 banked=1 bank_target=31 selected=-2471,-2881,-146,0,227,255,30
elapsed=8078 actor=first event=vertical-step path=8942 pose=-348,-8440,-13548,0,66,242,60 banked=1 bank_target=31 selected=-2471,-2881,-146,0,227,255,30
elapsed=8078 actor=second event=move path=70F2 pose=10992,-7119,348,0,143,245,60 banked=1 bank_target=38 selected=-2471,-2881,-146,0,227,255,30
elapsed=8078 actor=second event=vertical-step path=8942 pose=11060,-7119,128,0,141,245,60 banked=1 bank_target=38 selected=-2471,-2881,-146,0,227,255,30
elapsed=8082 actor=first event=move path=70F2 pose=-348,-8413,-13548,0,66,242,60 banked=1 bank_target=32 selected=-2453,-2881,-125,0,227,0,30
elapsed=8082 actor=first event=vertical-step path=8942 pose=-580,-8413,-13548,0,63,242,60 banked=1 bank_target=32 selected=-2453,-2881,-125,0,227,0,30
elapsed=8082 actor=second event=move path=70F2 pose=11060,-7057,128,0,141,245,60 banked=1 bank_target=39 selected=-2453,-2881,-125,0,227,0,30
elapsed=8082 actor=second event=vertical-step path=8942 pose=11116,-7057,-96,0,139,245,60 banked=1 bank_target=39 selected=-2453,-2881,-125,0,227,0,30
elapsed=8086 actor=first event=move path=70F2 pose=-580,-8383,-13548,0,63,242,60 banked=1 bank_target=33 selected=-2435,-2881,-104,0,227,1,30
elapsed=8086 actor=first event=vertical-step path=8942 pose=-812,-8383,-13532,0,60,242,60 banked=1 bank_target=33 selected=-2435,-2881,-104,0,227,1,30
elapsed=8086 actor=second event=move path=70F2 pose=11116,-6992,-96,0,139,245,60 banked=1 bank_target=40 selected=-2435,-2881,-104,0,227,1,30
elapsed=8087 actor=second event=vertical-step path=8942 pose=11160,-6992,-320,0,137,245,60 banked=1 bank_target=40 selected=-2435,-2881,-104,0,227,1,30
elapsed=8090 actor=first event=move path=70F2 pose=-812,-8350,-13532,0,60,242,60 banked=1 bank_target=34 selected=-2417,-2881,-83,0,227,2,30
elapsed=8090 actor=first event=vertical-step path=8942 pose=-1040,-8350,-13500,0,57,242,60 banked=1 bank_target=34 selected=-2417,-2881,-83,0,227,2,30
elapsed=8091 actor=second event=move path=70F2 pose=11160,-6925,-320,0,137,245,60 banked=1 bank_target=41 selected=-2417,-2881,-83,0,227,2,30
elapsed=8091 actor=second event=vertical-step path=8942 pose=11192,-6925,-548,0,135,245,60 banked=1 bank_target=41 selected=-2417,-2881,-83,0,227,2,30
elapsed=8094 actor=first event=move path=70F2 pose=-1040,-8314,-13500,0,57,242,60 banked=1 bank_target=35 selected=-2399,-2881,-62,0,227,2,30
elapsed=8095 actor=first event=vertical-step path=8942 pose=-1264,-8314,-13448,0,54,242,60 banked=1 bank_target=35 selected=-2399,-2881,-62,0,227,2,30
elapsed=8095 actor=second event=move path=70F2 pose=11192,-6855,-548,0,135,245,60 banked=1 bank_target=42 selected=-2399,-2881,-62,0,227,2,30
elapsed=8095 actor=second event=vertical-step path=8942 pose=11216,-6855,-780,0,133,245,60 banked=1 bank_target=42 selected=-2399,-2881,-62,0,227,2,30
elapsed=8099 actor=first event=move path=70F2 pose=-1264,-8275,-13448,0,54,242,60 banked=1 bank_target=36 selected=-2381,-2881,-41,0,227,3,30
elapsed=8099 actor=first event=vertical-step path=8942 pose=-1484,-8275,-13380,0,51,242,60 banked=1 bank_target=36 selected=-2381,-2881,-41,0,227,3,30
elapsed=8099 actor=second event=move path=70F2 pose=11216,-6782,-780,0,133,245,60 banked=1 bank_target=43 selected=-2381,-2881,-41,0,227,3,30
elapsed=8099 actor=second event=vertical-step path=8942 pose=11228,-6782,-1012,0,131,245,60 banked=1 bank_target=43 selected=-2381,-2881,-41,0,227,3,30
elapsed=8103 actor=first event=move path=70F2 pose=-1484,-8233,-13380,0,51,242,60 banked=1 bank_target=37 selected=-2363,-2881,-20,0,227,3,30
elapsed=8103 actor=first event=vertical-step path=8942 pose=-1696,-8233,-13296,0,48,242,60 banked=1 bank_target=37 selected=-2363,-2881,-20,0,227,3,30
elapsed=8103 actor=second event=move path=70F2 pose=11228,-6707,-1012,0,131,245,60 banked=1 bank_target=44 selected=-2363,-2881,-20,0,227,3,30
elapsed=8103 actor=second event=vertical-step path=8942 pose=11228,-6707,-1244,0,129,245,60 banked=1 bank_target=44 selected=-2363,-2881,-20,0,227,3,30
elapsed=8107 actor=first event=move path=70F2 pose=-1696,-8188,-13296,0,48,242,60 banked=1 bank_target=38 selected=-2345,-2881,1,0,227,4,30
elapsed=8107 actor=first event=vertical-step path=8942 pose=-1900,-8188,-13196,0,45,242,60 banked=1 bank_target=38 selected=-2345,-2881,1,0,227,4,30
elapsed=8107 actor=second event=move path=70F2 pose=11228,-6629,-1244,0,129,245,60 banked=1 bank_target=45 selected=-2345,-2881,1,0,227,4,30
elapsed=8107 actor=second event=vertical-step path=8942 pose=11228,-6629,-1476,0,127,245,60 banked=1 bank_target=45 selected=-2345,-2881,1,0,227,4,30
elapsed=8111 actor=first event=move path=70F2 pose=-1900,-8140,-13196,0,45,242,60 banked=1 bank_target=39 selected=-2327,-2881,22,0,227,4,30
elapsed=8111 actor=first event=vertical-step path=8942 pose=-2096,-8140,-13080,0,42,242,60 banked=1 bank_target=39 selected=-2327,-2881,22,0,227,4,30
elapsed=8111 actor=second event=move path=70F2 pose=11228,-6549,-1476,0,127,245,60 banked=1 bank_target=46 selected=-2327,-2881,22,0,227,4,30
elapsed=8112 actor=second event=vertical-step path=8942 pose=11216,-6549,-1708,0,125,245,60 banked=1 bank_target=46 selected=-2327,-2881,22,0,227,4,30
elapsed=8115 actor=first event=move path=70F2 pose=-2096,-8089,-13080,0,42,242,60 banked=1 bank_target=40 selected=-2309,-2881,43,0,227,4,30
elapsed=8115 actor=first event=vertical-step path=8942 pose=-2284,-8089,-12948,0,39,242,60 banked=1 bank_target=40 selected=-2309,-2881,43,0,227,4,30
elapsed=8116 actor=second event=move path=70F2 pose=11216,-6467,-1708,0,125,245,60 banked=1 bank_target=47 selected=-2309,-2881,43,0,227,4,30
elapsed=8116 actor=second event=vertical-step path=8942 pose=11192,-6467,-1940,0,123,245,60 banked=1 bank_target=47 selected=-2309,-2881,43,0,227,4,30
elapsed=8119 actor=first event=move path=70F2 pose=-2284,-8035,-12948,0,39,242,60 banked=1 bank_target=41 selected=-2291,-2881,64,0,227,4,30
elapsed=8120 actor=first event=vertical-step path=8942 pose=-2460,-8035,-12804,0,36,242,60 banked=1 bank_target=41 selected=-2291,-2881,64,0,227,4,30
elapsed=8120 actor=second event=move path=70F2 pose=11192,-6382,-1940,0,123,245,60 banked=1 bank_target=48 selected=-2291,-2881,64,0,227,4,30
elapsed=8120 actor=second event=vertical-step path=8942 pose=11160,-6382,-2168,0,121,245,60 banked=1 bank_target=48 selected=-2291,-2881,64,0,227,4,30
elapsed=8124 actor=first event=move path=70F2 pose=-2460,-7978,-12804,0,36,242,60 banked=1 bank_target=42 selected=-2273,-2881,85,0,227,3,30
elapsed=8124 actor=first event=vertical-step path=8942 pose=-2624,-7978,-12648,0,33,242,60 banked=1 bank_target=42 selected=-2273,-2881,85,0,227,3,30
elapsed=8124 actor=second event=move path=70F2 pose=11160,-6295,-2168,0,121,245,60 banked=1 bank_target=49 selected=-2273,-2881,85,0,227,3,30
elapsed=8124 actor=second event=vertical-step path=8942 pose=11116,-6295,-2392,0,119,245,60 banked=1 bank_target=49 selected=-2273,-2881,85,0,227,3,30
elapsed=8128 actor=first event=move path=70F2 pose=-2624,-7919,-12648,0,33,242,60 banked=1 bank_target=43 selected=-2255,-2881,106,0,227,3,30
elapsed=8128 actor=first event=vertical-step path=8942 pose=-2776,-7919,-12476,0,30,242,60 banked=1 bank_target=43 selected=-2255,-2881,106,0,227,3,30
elapsed=8128 actor=second event=move path=70F2 pose=11116,-6206,-2392,0,119,245,60 banked=1 bank_target=50 selected=-2255,-2881,106,0,227,3,30
elapsed=8128 actor=second event=vertical-step path=8942 pose=11060,-6206,-2616,0,117,245,60 banked=1 bank_target=50 selected=-2255,-2881,106,0,227,3,30
elapsed=8132 actor=first event=move path=70F2 pose=-2776,-7857,-12476,0,30,242,60 banked=1 bank_target=44 selected=-2237,-2881,127,0,227,2,30
elapsed=8132 actor=first event=vertical-step path=8942 pose=-2916,-7857,-12296,0,27,242,60 banked=1 bank_target=44 selected=-2237,-2881,127,0,227,2,30
elapsed=8132 actor=second event=move path=70F2 pose=11060,-6115,-2616,0,117,245,60 banked=1 bank_target=51 selected=-2237,-2881,127,0,227,2,30
elapsed=8132 actor=second event=vertical-step path=8942 pose=10992,-6115,-2836,0,115,245,60 banked=1 bank_target=51 selected=-2237,-2881,127,0,227,2,30
elapsed=8136 actor=first event=wait-for-angle path=7101 pose=-2916,-7792,-12296,0,27,242,60 banked=0 bank_target=45 selected=-2219,-2881,148,0,227,2,30
elapsed=8136 actor=first event=move path=7101 pose=-2916,-7792,-12296,0,27,243,60 banked=0 bank_target=45 selected=-2219,-2881,148,0,227,2,30
elapsed=8136 actor=first event=vertical-step path=8942 pose=-3056,-7792,-12116,0,27,243,60 banked=0 bank_target=45 selected=-2219,-2881,148,0,227,2,30
elapsed=8137 actor=second event=move path=70F2 pose=10992,-6021,-2836,0,115,245,60 banked=1 bank_target=52 selected=-2219,-2881,148,0,227,2,30
elapsed=8137 actor=second event=vertical-step path=8942 pose=10912,-6021,-3052,0,113,245,60 banked=1 bank_target=52 selected=-2219,-2881,148,0,227,2,30
elapsed=8140 actor=first event=wait-for-angle path=7101 pose=-3056,-7725,-12116,0,27,243,60 banked=0 bank_target=45 selected=-2201,-2881,169,0,227,1,30
elapsed=8140 actor=first event=move path=7101 pose=-3056,-7725,-12116,0,27,244,60 banked=0 bank_target=45 selected=-2201,-2881,169,0,227,1,30
elapsed=8140 actor=first event=vertical-step path=8942 pose=-3196,-7725,-11936,0,27,244,60 banked=0 bank_target=45 selected=-2201,-2881,169,0,227,1,30
elapsed=8141 actor=second event=move path=70F2 pose=10912,-5925,-3052,0,113,245,60 banked=1 bank_target=53 selected=-2201,-2881,169,0,227,1,30
elapsed=8141 actor=second event=vertical-step path=8942 pose=10824,-5925,-3264,0,111,245,60 banked=1 bank_target=53 selected=-2201,-2881,169,0,227,1,30
elapsed=8144 actor=first event=wait-for-angle path=7101 pose=-3196,-7655,-11936,0,27,244,60 banked=0 bank_target=45 selected=-2183,-2881,190,0,227,0,30
elapsed=8144 actor=first event=move path=7101 pose=-3196,-7655,-11936,0,27,245,60 banked=0 bank_target=45 selected=-2183,-2881,190,0,227,0,30
elapsed=8145 actor=first event=vertical-step path=8942 pose=-3336,-7655,-11756,0,27,245,60 banked=0 bank_target=45 selected=-2183,-2881,190,0,227,0,30
elapsed=8145 actor=second event=move path=70F2 pose=10824,-5827,-3264,0,111,245,60 banked=1 bank_target=54 selected=-2183,-2881,190,0,227,0,30
elapsed=8145 actor=second event=vertical-step path=8942 pose=10724,-5827,-3468,0,109,245,60 banked=1 bank_target=54 selected=-2183,-2881,190,0,227,0,30
elapsed=8149 actor=first event=wait-for-angle path=7101 pose=-3336,-7582,-11756,0,27,245,60 banked=0 bank_target=45 selected=-2165,-2881,211,0,227,255,30
elapsed=8149 actor=first event=move path=7101 pose=-3336,-7582,-11756,0,27,246,60 banked=0 bank_target=45 selected=-2165,-2881,211,0,227,255,30
elapsed=8149 actor=first event=vertical-step path=8942 pose=-3476,-7582,-11576,0,27,246,60 banked=0 bank_target=45 selected=-2165,-2881,211,0,227,255,30
elapsed=8149 actor=second event=move path=70F2 pose=10724,-5727,-3468,0,109,245,60 banked=1 bank_target=55 selected=-2165,-2881,211,0,227,255,30
elapsed=8149 actor=second event=vertical-step path=8942 pose=10612,-5727,-3668,0,107,245,60 banked=1 bank_target=55 selected=-2165,-2881,211,0,227,255,30
elapsed=8153 actor=first event=wait-for-angle path=7101 pose=-3476,-7507,-11576,0,27,246,60 banked=0 bank_target=45 selected=-2147,-2881,232,0,227,254,30
elapsed=8153 actor=first event=move path=7101 pose=-3476,-7507,-11576,0,27,247,60 banked=0 bank_target=45 selected=-2147,-2881,232,0,227,254,30
elapsed=8153 actor=first event=vertical-step path=8942 pose=-3616,-7507,-11396,0,27,247,60 banked=0 bank_target=45 selected=-2147,-2881,232,0,227,254,30
elapsed=8153 actor=second event=move path=70F2 pose=10612,-5625,-3668,0,107,245,60 banked=1 bank_target=56 selected=-2147,-2881,232,0,227,254,30
elapsed=8153 actor=second event=vertical-step path=8942 pose=10492,-5625,-3864,0,105,245,60 banked=1 bank_target=56 selected=-2147,-2881,232,0,227,254,30
elapsed=8157 actor=first event=wait-for-angle path=7101 pose=-3616,-7429,-11396,0,27,247,60 banked=0 bank_target=45 selected=-2129,-2881,253,0,227,254,30
elapsed=8157 actor=first event=move path=7101 pose=-3616,-7429,-11396,0,27,248,60 banked=0 bank_target=45 selected=-2129,-2881,253,0,227,254,30
elapsed=8157 actor=first event=vertical-step path=8942 pose=-3756,-7429,-11216,0,27,248,60 banked=0 bank_target=45 selected=-2129,-2881,253,0,227,254,30
elapsed=8157 actor=second event=move path=70F2 pose=10492,-5522,-3864,0,105,245,60 banked=1 bank_target=57 selected=-2129,-2881,253,0,227,254,30
elapsed=8157 actor=second event=vertical-step path=8942 pose=10360,-5522,-4052,0,103,245,60 banked=1 bank_target=57 selected=-2129,-2881,253,0,227,254,30
elapsed=8161 actor=first event=wait-for-angle path=7101 pose=-3756,-7349,-11216,0,27,248,60 banked=0 bank_target=45 selected=-2111,-2881,274,0,227,253,30
elapsed=8161 actor=first event=move path=7101 pose=-3756,-7349,-11216,0,27,249,60 banked=0 bank_target=45 selected=-2111,-2881,274,0,227,253,30
elapsed=8161 actor=first event=vertical-step path=8942 pose=-3896,-7349,-11036,0,27,249,60 banked=0 bank_target=45 selected=-2111,-2881,274,0,227,253,30
elapsed=8161 actor=second event=move path=70F2 pose=10360,-5417,-4052,0,103,245,60 banked=1 bank_target=58 selected=-2111,-2881,274,0,227,253,30
elapsed=8162 actor=second event=vertical-step path=8942 pose=10220,-5417,-4232,0,101,245,60 banked=1 bank_target=58 selected=-2111,-2881,274,0,227,253,30
elapsed=8167 actor=first event=wait-for-angle path=7101 pose=-3896,-7267,-11036,0,27,249,60 banked=0 bank_target=45 selected=-2093,-2881,295,0,227,253,30
elapsed=8167 actor=first event=move path=7101 pose=-3896,-7267,-11036,0,27,250,60 banked=0 bank_target=45 selected=-2093,-2881,295,0,227,253,30
elapsed=8167 actor=first event=vertical-step path=8942 pose=-4036,-7267,-10856,0,27,250,60 banked=0 bank_target=45 selected=-2093,-2881,295,0,227,253,30
elapsed=8167 actor=second event=move path=70F2 pose=10220,-5310,-4232,0,101,245,60 banked=1 bank_target=59 selected=-2093,-2881,295,0,227,253,30
elapsed=8167 actor=second event=vertical-step path=8942 pose=10072,-5310,-4408,0,99,245,60 banked=1 bank_target=59 selected=-2093,-2881,295,0,227,253,30
elapsed=8171 actor=first event=wait-for-angle path=7101 pose=-4036,-7182,-10856,0,27,250,60 banked=0 bank_target=45 selected=-2075,-2881,316,0,227,252,30
elapsed=8171 actor=first event=move path=7101 pose=-4036,-7182,-10856,0,27,251,60 banked=0 bank_target=45 selected=-2075,-2881,316,0,227,252,30
elapsed=8171 actor=first event=vertical-step path=8942 pose=-4176,-7182,-10676,0,27,251,60 banked=0 bank_target=45 selected=-2075,-2881,316,0,227,252,30
elapsed=8171 actor=second event=move path=70F2 pose=10072,-5202,-4408,0,99,245,60 banked=1 bank_target=60 selected=-2075,-2881,316,0,227,252,30
elapsed=8172 actor=second event=vertical-step path=8942 pose=9916,-5202,-4572,0,97,245,60 banked=1 bank_target=60 selected=-2075,-2881,316,0,227,252,30
elapsed=8175 actor=first event=wait-for-angle path=7101 pose=-4176,-7095,-10676,0,27,251,60 banked=0 bank_target=45 selected=-2057,-2881,337,0,227,252,30
elapsed=8175 actor=first event=move path=7101 pose=-4176,-7095,-10676,0,27,252,60 banked=0 bank_target=45 selected=-2057,-2881,337,0,227,252,30
elapsed=8175 actor=first event=vertical-step path=8942 pose=-4316,-7095,-10496,0,27,252,60 banked=0 bank_target=45 selected=-2057,-2881,337,0,227,252,30
elapsed=8176 actor=second event=move path=70F2 pose=9916,-5092,-4572,0,97,245,60 banked=1 bank_target=61 selected=-2057,-2881,337,0,227,252,30
elapsed=8176 actor=second event=vertical-step path=8942 pose=9752,-5092,-4728,0,95,245,60 banked=1 bank_target=61 selected=-2057,-2881,337,0,227,252,30
elapsed=8179 actor=first event=wait-for-angle path=7101 pose=-4316,-7006,-10496,0,27,252,60 banked=0 bank_target=45 selected=-2039,-2881,358,0,227,252,30
elapsed=8179 actor=first event=move path=7101 pose=-4316,-7006,-10496,0,27,253,60 banked=0 bank_target=45 selected=-2039,-2881,358,0,227,252,30
elapsed=8179 actor=first event=vertical-step path=8942 pose=-4456,-7006,-10316,0,27,253,60 banked=0 bank_target=45 selected=-2039,-2881,358,0,227,252,30
elapsed=8180 actor=second event=move path=70F2 pose=9752,-4980,-4728,0,95,245,60 banked=1 bank_target=62 selected=-2039,-2881,358,0,227,252,30
elapsed=8180 actor=second event=vertical-step path=8942 pose=9576,-4980,-4876,0,93,245,60 banked=1 bank_target=62 selected=-2039,-2881,358,0,227,252,30
elapsed=8183 actor=first event=wait-for-angle path=7101 pose=-4456,-6915,-10316,0,27,253,60 banked=0 bank_target=45 selected=-2021,-2881,379,0,227,252,30
elapsed=8183 actor=first event=move path=7101 pose=-4456,-6915,-10316,0,27,254,60 banked=0 bank_target=45 selected=-2021,-2881,379,0,227,252,30
elapsed=8184 actor=first event=vertical-step path=8942 pose=-4596,-6915,-10136,0,27,254,60 banked=0 bank_target=45 selected=-2021,-2881,379,0,227,252,30
elapsed=8184 actor=second event=move path=70F2 pose=9576,-4867,-4876,0,93,245,60 banked=1 bank_target=63 selected=-2021,-2881,379,0,227,252,30
elapsed=8184 actor=second event=vertical-step path=8942 pose=9396,-4867,-5016,0,91,245,60 banked=1 bank_target=63 selected=-2021,-2881,379,0,227,252,30
elapsed=8188 actor=first event=wait-for-angle path=7101 pose=-4596,-6821,-10136,0,27,254,60 banked=0 bank_target=45 selected=-2003,-2881,400,0,227,253,30
elapsed=8188 actor=first event=move path=7101 pose=-4596,-6821,-10136,0,27,255,60 banked=0 bank_target=45 selected=-2003,-2881,400,0,227,253,30
elapsed=8188 actor=first event=vertical-step path=8942 pose=-4736,-6821,-9956,0,27,255,60 banked=0 bank_target=45 selected=-2003,-2881,400,0,227,253,30
elapsed=8188 actor=second event=move path=70F2 pose=9396,-4753,-5016,0,91,245,60 banked=1 bank_target=64 selected=-2003,-2881,400,0,227,253,30
elapsed=8188 actor=second event=vertical-step path=8942 pose=9208,-4753,-5148,0,89,245,60 banked=1 bank_target=64 selected=-2003,-2881,400,0,227,253,30
elapsed=8192 actor=first event=wait-for-angle path=7101 pose=-4736,-6725,-9956,0,27,255,60 banked=0 bank_target=45 selected=-1985,-2881,421,0,227,253,30
elapsed=8192 actor=first event=move path=7101 pose=-4736,-6725,-9956,0,27,0,60 banked=0 bank_target=45 selected=-1985,-2881,421,0,227,253,30
elapsed=8192 actor=first event=vertical-step path=8942 pose=-4876,-6725,-9776,0,27,0,60 banked=0 bank_target=45 selected=-1985,-2881,421,0,227,253,30
elapsed=8192 actor=second event=move path=70F2 pose=9208,-4637,-5148,0,89,245,60 banked=1 bank_target=65 selected=-1985,-2881,421,0,227,253,30
elapsed=8192 actor=second event=vertical-step path=8942 pose=9012,-4637,-5268,0,87,245,60 banked=1 bank_target=65 selected=-1985,-2881,421,0,227,253,30
elapsed=8196 actor=first event=wait-for-angle path=7101 pose=-4876,-6627,-9776,0,27,0,60 banked=0 bank_target=45 selected=-1967,-2881,442,0,227,254,30
elapsed=8196 actor=first event=random-branch path=71BA pose=-4876,-6627,-9776,0,27,4,60 banked=1 bank_target=16 selected=-1967,-2881,442,0,227,254,30
elapsed=8196 actor=first event=wait-for-angle path=71C1 pose=-4876,-6627,-9776,0,27,4,60 banked=1 bank_target=16 selected=-1967,-2881,442,0,227,254,30
elapsed=8196 actor=first event=move path=71C1 pose=-4876,-6627,-9776,6,27,4,60 banked=1 bank_target=16 selected=-1967,-2881,442,0,227,254,30
elapsed=8196 actor=second event=move path=70F2 pose=9012,-4520,-5268,0,87,245,60 banked=1 bank_target=66 selected=-1967,-2881,442,0,227,254,30
elapsed=8196 actor=second event=vertical-step path=8942 pose=8812,-4520,-5380,0,85,245,60 banked=1 bank_target=66 selected=-1967,-2881,442,0,227,254,30
elapsed=8200 actor=first event=wait-for-angle path=71C1 pose=-5020,-6595,-9604,6,28,4,60 banked=1 bank_target=16 selected=-1949,-2881,463,0,227,254,30
elapsed=8200 actor=first event=move path=71C1 pose=-5020,-6595,-9604,11,28,4,60 banked=1 bank_target=16 selected=-1949,-2881,463,0,227,254,30
elapsed=8200 actor=second event=move path=70F2 pose=8812,-4402,-5380,0,85,245,60 banked=1 bank_target=67 selected=-1949,-2881,463,0,227,254,30
elapsed=8200 actor=second event=vertical-step path=8942 pose=8608,-4402,-5480,0,83,245,60 banked=1 bank_target=67 selected=-1949,-2881,463,0,227,254,30
elapsed=8204 actor=first event=wait-for-angle path=71C1 pose=-5164,-6535,-9436,11,29,4,60 banked=1 bank_target=16 selected=-1931,-2881,484,0,227,255,30
elapsed=8204 actor=first event=move path=71C1 pose=-5164,-6535,-9436,15,29,4,60 banked=1 bank_target=16 selected=-1931,-2881,484,0,227,255,30
elapsed=8204 actor=second event=move path=70F2 pose=8608,-4283,-5480,0,83,245,60 banked=1 bank_target=68 selected=-1931,-2881,484,0,227,255,30
elapsed=8204 actor=second event=vertical-step path=8942 pose=8396,-4283,-5568,0,81,245,60 banked=1 bank_target=68 selected=-1931,-2881,484,0,227,255,30
elapsed=8208 actor=first event=wait-for-angle path=71C1 pose=-5304,-6451,-9276,15,30,4,60 banked=1 bank_target=16 selected=-1913,-2881,505,0,227,0,30
elapsed=8208 actor=first event=move path=71C1 pose=-5304,-6451,-9276,19,30,4,60 banked=1 bank_target=16 selected=-1913,-2881,505,0,227,0,30
elapsed=8208 actor=second event=move path=70F2 pose=8396,-4163,-5568,0,81,245,60 banked=1 bank_target=69 selected=-1913,-2881,505,0,227,0,30
elapsed=8208 actor=second event=vertical-step path=8942 pose=8180,-4163,-5648,0,79,245,60 banked=1 bank_target=69 selected=-1913,-2881,505,0,227,0,30
elapsed=8212 actor=first event=wait-for-angle path=71C1 pose=-5444,-6347,-9128,19,31,4,60 banked=1 bank_target=16 selected=-1895,-2881,526,0,227,1,30
elapsed=8212 actor=first event=move path=71C1 pose=-5444,-6347,-9128,22,31,4,60 banked=1 bank_target=16 selected=-1895,-2881,526,0,227,1,30
elapsed=8212 actor=second event=move path=70F2 pose=8180,-4042,-5648,0,79,245,60 banked=1 bank_target=70 selected=-1895,-2881,526,0,227,1,30
elapsed=8212 actor=second event=vertical-step path=8942 pose=7960,-4042,-5716,0,77,245,60 banked=1 bank_target=70 selected=-1895,-2881,526,0,227,1,30
elapsed=8216 actor=first event=wait-for-angle path=71C1 pose=-5580,-6227,-8992,22,32,4,60 banked=1 bank_target=16 selected=-1877,-2881,547,0,227,2,30
elapsed=8216 actor=first event=move path=71C1 pose=-5580,-6227,-8992,25,32,4,60 banked=1 bank_target=16 selected=-1877,-2881,547,0,227,2,30
elapsed=8216 actor=second event=move path=70F2 pose=7960,-3920,-5716,0,77,245,60 banked=1 bank_target=71 selected=-1877,-2881,547,0,227,2,30
elapsed=8217 actor=second event=vertical-step path=8942 pose=7736,-3920,-5772,0,75,245,60 banked=1 bank_target=71 selected=-1877,-2881,547,0,227,2,30
elapsed=8220 actor=first event=wait-for-angle path=71C1 pose=-5712,-6091,-8864,25,33,4,60 banked=1 bank_target=16 selected=-1859,-2881,568,0,227,2,30
elapsed=8220 actor=first event=move path=71C1 pose=-5712,-6091,-8864,28,33,4,60 banked=1 bank_target=16 selected=-1859,-2881,568,0,227,2,30
elapsed=8221 actor=second event=move path=70F2 pose=7736,-3797,-5772,0,75,245,60 banked=1 bank_target=72 selected=-1859,-2881,568,0,227,2,30
elapsed=8221 actor=second event=vertical-step path=8942 pose=7512,-3797,-5816,0,73,245,60 banked=1 bank_target=72 selected=-1859,-2881,568,0,227,2,30
elapsed=8224 actor=first event=wait-for-angle path=71C1 pose=-5844,-5943,-8748,28,34,4,60 banked=1 bank_target=16 selected=-1841,-2881,589,0,227,3,30
elapsed=8224 actor=first event=move path=71C1 pose=-5844,-5943,-8748,30,34,4,60 banked=1 bank_target=16 selected=-1841,-2881,589,0,227,3,30
elapsed=8225 actor=second event=move path=70F2 pose=7512,-3674,-5816,0,73,245,60 banked=1 bank_target=73 selected=-1841,-2881,589,0,227,3,30
elapsed=8225 actor=second event=vertical-step path=8942 pose=7284,-3674,-5848,0,71,245,60 banked=1 bank_target=73 selected=-1841,-2881,589,0,227,3,30
elapsed=8228 actor=first event=wait-for-angle path=71C1 pose=-5976,-5787,-8640,30,35,4,60 banked=1 bank_target=16 selected=-1823,-2881,610,0,227,3,30
elapsed=8228 actor=first event=move path=71C1 pose=-5976,-5787,-8640,32,35,4,60 banked=1 bank_target=16 selected=-1823,-2881,610,0,227,3,30
elapsed=8229 actor=first event=fire path=8C2E pose=-6100,-5623,-8540,15,239,4,60 banked=1 bank_target=16 selected=-1823,-2881,610,0,227,3,30
elapsed=8230 actor=second event=move path=70F2 pose=7284,-3550,-5848,0,71,245,60 banked=1 bank_target=74 selected=-1823,-2881,610,0,227,3,30
elapsed=8230 actor=second event=vertical-step path=8942 pose=7052,-3550,-5872,0,69,245,60 banked=1 bank_target=74 selected=-1823,-2881,610,0,227,3,30
elapsed=8233 actor=first event=wait-for-angle path=71C1 pose=-6100,-5623,-8540,32,36,4,60 banked=1 bank_target=16 selected=-1805,-2881,631,0,227,4,30
elapsed=8233 actor=first event=move path=71C1 pose=-6100,-5623,-8540,34,36,4,60 banked=1 bank_target=16 selected=-1805,-2881,631,0,227,4,30
elapsed=8234 actor=second event=move path=70F2 pose=7052,-3425,-5872,0,69,245,60 banked=1 bank_target=75 selected=-1805,-2881,631,0,227,4,30
elapsed=8234 actor=second event=vertical-step path=8942 pose=6820,-3425,-5884,0,67,245,60 banked=1 bank_target=75 selected=-1805,-2881,631,0,227,4,30
elapsed=8238 actor=first event=wait-for-angle path=71C1 pose=-6220,-5447,-8448,34,37,4,60 banked=1 bank_target=16 selected=-1787,-2881,652,0,227,4,30
elapsed=8238 actor=first event=move path=71C1 pose=-6220,-5447,-8448,36,37,4,60 banked=1 bank_target=16 selected=-1787,-2881,652,0,227,4,30
elapsed=8238 actor=second event=wait-for-angle path=7101 pose=6820,-3300,-5884,0,67,245,60 banked=0 bank_target=76 selected=-1787,-2881,652,0,227,4,30
elapsed=8238 actor=second event=move path=7101 pose=6820,-3300,-5884,0,67,246,60 banked=0 bank_target=76 selected=-1787,-2881,652,0,227,4,30
elapsed=8238 actor=second event=vertical-step path=8942 pose=6588,-3300,-5896,0,67,246,60 banked=0 bank_target=76 selected=-1787,-2881,652,0,227,4,30
elapsed=8242 actor=first event=wait-for-angle path=71C1 pose=-6336,-5267,-8364,36,38,4,60 banked=1 bank_target=16 selected=-1769,-2881,673,0,227,4,30
elapsed=8242 actor=first event=move path=71C1 pose=-6336,-5267,-8364,37,38,4,60 banked=1 bank_target=16 selected=-1769,-2881,673,0,227,4,30
elapsed=8242 actor=second event=wait-for-angle path=7101 pose=6588,-3174,-5896,0,67,246,60 banked=0 bank_target=76 selected=-1769,-2881,673,0,227,4,30
elapsed=8242 actor=second event=move path=7101 pose=6588,-3174,-5896,0,67,247,60 banked=0 bank_target=76 selected=-1769,-2881,673,0,227,4,30
elapsed=8243 actor=second event=vertical-step path=8942 pose=6356,-3174,-5908,0,67,247,60 banked=0 bank_target=76 selected=-1769,-2881,673,0,227,4,30
elapsed=8246 actor=first event=wait-for-angle path=71C1 pose=-6452,-5083,-8284,37,39,4,60 banked=1 bank_target=16 selected=-1751,-2881,694,0,227,4,30
elapsed=8246 actor=first event=move path=71C1 pose=-6452,-5083,-8284,38,39,4,60 banked=1 bank_target=16 selected=-1751,-2881,694,0,227,4,30
elapsed=8246 actor=second event=wait-for-angle path=7101 pose=6356,-3048,-5908,0,67,247,60 banked=0 bank_target=76 selected=-1751,-2881,694,0,227,4,30
elapsed=8246 actor=second event=move path=7101 pose=6356,-3048,-5908,0,67,248,60 banked=0 bank_target=76 selected=-1751,-2881,694,0,227,4,30
elapsed=8247 actor=second event=vertical-step path=8942 pose=6124,-3048,-5920,0,67,248,60 banked=0 bank_target=76 selected=-1751,-2881,694,0,227,4,30
elapsed=8250 actor=first event=wait-for-angle path=71C1 pose=-6564,-4895,-8212,38,40,4,60 banked=1 bank_target=16 selected=-1733,-2881,715,0,227,3,30
elapsed=8250 actor=first event=move path=71C1 pose=-6564,-4895,-8212,39,40,4,60 banked=1 bank_target=16 selected=-1733,-2881,715,0,227,3,30
elapsed=8251 actor=second event=wait-for-angle path=7101 pose=6124,-2922,-5920,0,67,248,60 banked=0 bank_target=76 selected=-1733,-2881,715,0,227,3,30
elapsed=8251 actor=second event=move path=7101 pose=6124,-2922,-5920,0,67,249,60 banked=0 bank_target=76 selected=-1733,-2881,715,0,227,3,30
elapsed=8251 actor=second event=vertical-step path=8942 pose=5892,-2922,-5932,0,67,249,60 banked=0 bank_target=76 selected=-1733,-2881,715,0,227,3,30
elapsed=8254 actor=first event=wait-for-angle path=71C1 pose=-6676,-4703,-8144,39,41,4,60 banked=1 bank_target=16 selected=-1715,-2881,736,0,227,3,30
elapsed=8254 actor=first event=move path=71C1 pose=-6676,-4703,-8144,40,41,4,60 banked=1 bank_target=16 selected=-1715,-2881,736,0,227,3,30
elapsed=8255 actor=second event=wait-for-angle path=7101 pose=5892,-2796,-5932,0,67,249,60 banked=0 bank_target=76 selected=-1715,-2881,736,0,227,3,30
elapsed=8255 actor=second event=move path=7101 pose=5892,-2796,-5932,0,67,250,60 banked=0 bank_target=76 selected=-1715,-2881,736,0,227,3,30
elapsed=8255 actor=second event=vertical-step path=8942 pose=5660,-2796,-5944,0,67,250,60 banked=0 bank_target=76 selected=-1715,-2881,736,0,227,3,30
elapsed=8258 actor=first event=wait-for-angle path=71C1 pose=-6784,-4507,-8080,40,42,4,60 banked=1 bank_target=16 selected=-1697,-2881,757,0,227,2,30
elapsed=8258 actor=first event=move path=71C1 pose=-6784,-4507,-8080,41,42,4,60 banked=1 bank_target=16 selected=-1697,-2881,757,0,227,2,30
elapsed=8259 actor=second event=wait-for-angle path=7101 pose=5660,-2670,-5944,0,67,250,60 banked=0 bank_target=76 selected=-1697,-2881,757,0,227,2,30
elapsed=8259 actor=second event=move path=7101 pose=5660,-2670,-5944,0,67,251,60 banked=0 bank_target=76 selected=-1697,-2881,757,0,227,2,30
elapsed=8259 actor=second event=vertical-step path=8942 pose=5428,-2670,-5956,0,67,251,60 banked=0 bank_target=76 selected=-1697,-2881,757,0,227,2,30
elapsed=8263 actor=first event=wait-for-angle path=71C1 pose=-6888,-4307,-8020,41,43,4,60 banked=1 bank_target=16 selected=-1679,-2881,778,0,227,2,30
elapsed=8263 actor=first event=move path=71C1 pose=-6888,-4307,-8020,42,43,4,60 banked=1 bank_target=16 selected=-1679,-2881,778,0,227,2,30
elapsed=8263 actor=second event=wait-for-angle path=7101 pose=5428,-2543,-5956,0,67,251,60 banked=0 bank_target=76 selected=-1679,-2881,778,0,227,2,30
elapsed=8263 actor=second event=move path=7101 pose=5428,-2543,-5956,0,67,252,60 banked=0 bank_target=76 selected=-1679,-2881,778,0,227,2,30
elapsed=8263 actor=second event=vertical-step path=8942 pose=5196,-2543,-5968,0,67,252,60 banked=0 bank_target=76 selected=-1679,-2881,778,0,227,2,30
elapsed=8267 actor=first event=wait-for-angle path=71C1 pose=-6992,-4107,-7968,42,44,4,60 banked=1 bank_target=16 selected=-1661,-2881,799,0,227,1,30
elapsed=8267 actor=first event=move path=71C1 pose=-6992,-4107,-7968,43,44,4,60 banked=1 bank_target=16 selected=-1661,-2881,799,0,227,1,30
elapsed=8267 actor=second event=wait-for-angle path=7101 pose=5196,-2417,-5968,0,67,252,60 banked=0 bank_target=76 selected=-1661,-2881,799,0,227,1,30
elapsed=8267 actor=second event=move path=7101 pose=5196,-2417,-5968,0,67,253,60 banked=0 bank_target=76 selected=-1661,-2881,799,0,227,1,30
elapsed=8267 actor=second event=vertical-step path=8942 pose=4964,-2417,-5980,0,67,253,60 banked=0 bank_target=76 selected=-1661,-2881,799,0,227,1,30
elapsed=8271 actor=first event=wait-for-angle path=71C1 pose=-7092,-3903,-7920,43,45,4,60 banked=1 bank_target=16 selected=-1643,-2881,820,0,227,0,30
elapsed=8271 actor=first event=move path=71C1 pose=-7092,-3903,-7920,44,45,4,60 banked=1 bank_target=16 selected=-1643,-2881,820,0,227,0,30
elapsed=8271 actor=second event=wait-for-angle path=7101 pose=4964,-2291,-5980,0,67,253,60 banked=0 bank_target=76 selected=-1643,-2881,820,0,227,0,30
elapsed=8271 actor=second event=move path=7101 pose=4964,-2291,-5980,0,67,254,60 banked=0 bank_target=76 selected=-1643,-2881,820,0,227,0,30
elapsed=8271 actor=second event=vertical-step path=8942 pose=4732,-2291,-5992,0,67,254,60 banked=0 bank_target=76 selected=-1643,-2881,820,0,227,0,30
elapsed=8275 actor=first event=wait-for-angle path=71C1 pose=-7188,-3695,-7876,44,46,4,60 banked=1 bank_target=16 selected=-1625,-2881,841,0,227,255,30
elapsed=8275 actor=first event=move path=71C1 pose=-7188,-3695,-7876,45,46,4,60 banked=1 bank_target=16 selected=-1625,-2881,841,0,227,255,30
elapsed=8275 actor=second event=wait-for-angle path=7101 pose=4732,-2165,-5992,0,67,254,60 banked=0 bank_target=76 selected=-1625,-2881,841,0,227,255,30
elapsed=8275 actor=second event=move path=7101 pose=4732,-2165,-5992,0,67,255,60 banked=0 bank_target=76 selected=-1625,-2881,841,0,227,255,30
elapsed=8276 actor=second event=vertical-step path=8942 pose=4500,-2165,-6004,0,67,255,60 banked=0 bank_target=76 selected=-1625,-2881,841,0,227,255,30
elapsed=8279 actor=first event=wait-for-angle path=71C1 pose=-7284,-3487,-7836,45,47,4,60 banked=1 bank_target=16 selected=-1607,-2881,862,0,227,254,30
elapsed=8279 actor=first event=move path=71C1 pose=-7284,-3487,-7836,46,47,4,60 banked=1 bank_target=16 selected=-1607,-2881,862,0,227,254,30
elapsed=8279 actor=second event=wait-for-angle path=7101 pose=4500,-2039,-6004,0,67,255,60 banked=0 bank_target=76 selected=-1607,-2881,862,0,227,254,30
elapsed=8279 actor=second event=move path=7101 pose=4500,-2039,-6004,0,67,0,60 banked=0 bank_target=76 selected=-1607,-2881,862,0,227,254,30
elapsed=8280 actor=second event=vertical-step path=8942 pose=4268,-2039,-6016,0,67,0,60 banked=0 bank_target=76 selected=-1607,-2881,862,0,227,254,30
elapsed=8283 actor=first event=wait-for-angle path=71C1 pose=-7372,-3275,-7800,46,48,4,60 banked=1 bank_target=16 selected=-1589,-2881,883,0,227,254,30
elapsed=8283 actor=first event=move path=71C1 pose=-7372,-3275,-7800,47,48,4,60 banked=1 bank_target=16 selected=-1589,-2881,883,0,227,254,30
elapsed=8283 actor=second event=wait-for-angle path=7101 pose=4268,-1913,-6016,0,67,0,60 banked=0 bank_target=76 selected=-1589,-2881,883,0,227,254,30
elapsed=8284 actor=second event=face-player path=7125 pose=4268,-1913,-6016,0,67,0,60 banked=0 bank_target=8 selected=-1589,-2881,883,0,227,254,30
elapsed=8284 actor=second event=move path=7125 pose=4268,-1913,-6016,0,58,0,60 banked=0 bank_target=9 selected=-1589,-2881,883,0,227,254,30
elapsed=8284 actor=second event=vertical-step path=8942 pose=4040,-1913,-5988,0,58,0,60 banked=0 bank_target=9 selected=-1589,-2881,883,0,227,254,30
elapsed=8287 actor=first event=wait-for-angle path=71C1 pose=-7456,-3059,-7768,47,49,4,60 banked=1 bank_target=16 selected=-1571,-2881,904,0,227,253,30
elapsed=8287 actor=first event=move path=71C1 pose=-7456,-3059,-7768,48,49,4,60 banked=1 bank_target=16 selected=-1571,-2881,904,0,227,253,30
elapsed=8288 actor=second event=face-player path=7125 pose=4040,-1788,-5988,0,58,0,60 banked=0 bank_target=9 selected=-1571,-2881,904,0,227,253,30
elapsed=8288 actor=second event=move path=7125 pose=4040,-1788,-5988,0,51,0,60 banked=0 bank_target=10 selected=-1571,-2881,904,0,227,253,30
elapsed=8288 actor=second event=vertical-step path=8942 pose=3820,-1788,-5920,0,51,0,60 banked=0 bank_target=10 selected=-1571,-2881,904,0,227,253,30
elapsed=8291 actor=first event=wait-for-angle path=71C1 pose=-7536,-2843,-7740,48,50,4,60 banked=1 bank_target=16 selected=-1553,-2881,925,0,227,253,30
elapsed=8291 actor=first event=move path=71C1 pose=-7536,-2843,-7740,49,50,4,60 banked=1 bank_target=16 selected=-1553,-2881,925,0,227,253,30
elapsed=8292 actor=second event=face-player path=7125 pose=3820,-1663,-5920,0,51,0,60 banked=0 bank_target=10 selected=-1553,-2881,925,0,227,253,30
elapsed=8292 actor=second event=move path=7125 pose=3820,-1663,-5920,0,45,0,60 banked=0 bank_target=11 selected=-1553,-2881,925,0,227,253,30
elapsed=8292 actor=second event=vertical-step path=8942 pose=3616,-1663,-5820,0,45,0,60 banked=0 bank_target=11 selected=-1553,-2881,925,0,227,253,30
elapsed=8295 actor=first event=wait-for-angle path=71C1 pose=-7612,-2623,-7716,49,51,4,60 banked=1 bank_target=16 selected=-1535,-2881,946,0,227,252,30
elapsed=8295 actor=first event=move path=71C1 pose=-7612,-2623,-7716,50,51,4,60 banked=1 bank_target=16 selected=-1535,-2881,946,0,227,252,30
elapsed=8296 actor=first event=fire path=8C2E pose=-7684,-2403,-7696,253,231,4,60 banked=1 bank_target=16 selected=-1535,-2881,946,0,227,252,30
elapsed=8297 actor=second event=face-player path=7125 pose=3616,-1539,-5820,0,45,0,60 banked=0 bank_target=11 selected=-1535,-2881,946,0,227,252,30
elapsed=8297 actor=second event=move path=7125 pose=3616,-1539,-5820,0,41,0,60 banked=0 bank_target=12 selected=-1535,-2881,946,0,227,252,30
elapsed=8297 actor=second event=vertical-step path=8942 pose=3420,-1539,-5700,0,41,0,60 banked=0 bank_target=12 selected=-1535,-2881,946,0,227,252,30
elapsed=8301 actor=first event=wait-for-angle path=71C1 pose=-7684,-2403,-7696,50,52,4,60 banked=1 bank_target=16 selected=-1517,-2881,967,0,227,252,30
elapsed=8301 actor=first event=move path=71C6 pose=-7684,-2403,-7696,50,52,4,60 banked=1 bank_target=16 selected=-1517,-2881,967,0,227,252,30
elapsed=8302 actor=second event=face-player path=7125 pose=3420,-1416,-5700,0,41,0,60 banked=0 bank_target=12 selected=-1517,-2881,967,0,227,252,30
elapsed=8302 actor=second event=move path=7125 pose=3420,-1416,-5700,0,38,0,60 banked=0 bank_target=13 selected=-1517,-2881,967,0,227,252,30
elapsed=8302 actor=second event=vertical-step path=8942 pose=3236,-1416,-5564,0,38,0,60 banked=0 bank_target=13 selected=-1517,-2881,967,0,227,252,30
elapsed=8306 actor=first event=move path=71C6 pose=-7756,-2183,-7680,50,53,4,60 banked=1 bank_target=16 selected=-1499,-2881,988,0,227,252,30
elapsed=8307 actor=second event=face-player path=7125 pose=3236,-1293,-5564,0,38,0,60 banked=0 bank_target=13 selected=-1499,-2881,988,0,227,252,30
elapsed=8307 actor=second event=move path=7125 pose=3236,-1293,-5564,0,35,0,60 banked=0 bank_target=14 selected=-1499,-2881,988,0,227,252,30
elapsed=8307 actor=second event=vertical-step path=8942 pose=3060,-1293,-5416,0,35,0,60 banked=0 bank_target=14 selected=-1499,-2881,988,0,227,252,30
elapsed=8311 actor=first event=move path=71C6 pose=-7828,-1963,-7664,50,54,4,60 banked=1 bank_target=16 selected=-1481,-2881,1009,0,227,252,30
elapsed=8312 actor=second event=face-player path=7125 pose=3060,-1171,-5416,0,35,0,60 banked=0 bank_target=14 selected=-1481,-2881,1009,0,227,252,30
elapsed=8312 actor=second event=move path=7125 pose=3060,-1171,-5416,0,33,0,60 banked=0 bank_target=15 selected=-1481,-2881,1009,0,227,252,30
elapsed=8312 actor=second event=vertical-step path=8942 pose=2896,-1171,-5260,0,33,0,60 banked=0 bank_target=15 selected=-1481,-2881,1009,0,227,252,30
elapsed=8316 actor=first event=move path=71C6 pose=-7900,-1743,-7652,50,55,4,60 banked=1 bank_target=16 selected=-1463,-2881,1030,0,227,253,30
elapsed=8316 actor=second event=face-player path=7125 pose=2896,-1050,-5260,0,33,0,60 banked=0 bank_target=15 selected=-1463,-2881,1030,0,227,253,30
elapsed=8316 actor=second event=fire path=8C2E pose=2896,-1050,-5260,242,25,0,60 banked=0 bank_target=0 selected=-1463,-2881,1030,0,227,253,30
elapsed=8316 actor=second event=move path=7125 pose=2896,-1050,-5260,0,31,0,60 banked=0 bank_target=0 selected=-1463,-2881,1030,0,227,253,30
elapsed=8317 actor=second event=vertical-step path=8942 pose=2740,-1050,-5096,0,31,0,60 banked=0 bank_target=0 selected=-1463,-2881,1030,0,227,253,30
elapsed=8321 actor=first event=move path=71C6 pose=-7976,-1523,-7640,50,56,4,60 banked=1 bank_target=16 selected=-1445,-2881,1051,0,227,253,30
elapsed=8322 actor=second event=face-player path=7125 pose=2740,-930,-5096,0,31,0,60 banked=0 bank_target=0 selected=-1445,-2881,1051,0,227,253,30
elapsed=8322 actor=second event=move path=7125 pose=2740,-930,-5096,0,30,0,60 banked=0 bank_target=1 selected=-1445,-2881,1051,0,227,253,30
elapsed=8322 actor=second event=vertical-step path=8942 pose=2588,-930,-4924,0,30,0,60 banked=0 bank_target=1 selected=-1445,-2881,1051,0,227,253,30
elapsed=8326 actor=first event=wait-for-angle path=71D9 pose=-8052,-1303,-7632,50,57,4,60 banked=0 bank_target=16 selected=-1427,-2881,1072,0,227,254,30
elapsed=8326 actor=first event=move path=71D9 pose=-8052,-1303,-7632,44,57,4,60 banked=0 bank_target=16 selected=-1427,-2881,1072,0,227,254,30
elapsed=8327 actor=second event=face-player path=7125 pose=2588,-811,-4924,0,30,0,60 banked=0 bank_target=1 selected=-1427,-2881,1072,0,227,254,30
elapsed=8327 actor=second event=move path=7125 pose=2588,-811,-4924,0,29,0,60 banked=0 bank_target=2 selected=-1427,-2881,1072,0,227,254,30
elapsed=8327 actor=second event=vertical-step path=8942 pose=2440,-811,-4748,0,29,0,60 banked=0 bank_target=2 selected=-1427,-2881,1072,0,227,254,30
elapsed=8331 actor=first event=wait-for-angle path=71D9 pose=-8156,-1095,-7616,44,57,4,60 banked=0 bank_target=16 selected=-1409,-2881,1093,0,227,254,30
elapsed=8331 actor=first event=move path=71D9 pose=-8156,-1095,-7616,39,57,4,60 banked=0 bank_target=16 selected=-1409,-2881,1093,0,227,254,30
elapsed=8331 actor=second event=face-player path=7125 pose=2440,-693,-4748,0,29,0,60 banked=0 bank_target=2 selected=-1409,-2881,1093,0,227,254,30
elapsed=8332 actor=second event=move path=7125 pose=2440,-693,-4748,0,28,0,60 banked=0 bank_target=3 selected=-1409,-2881,1093,0,227,254,30
elapsed=8332 actor=second event=vertical-step path=8942 pose=2296,-693,-4572,0,28,0,60 banked=0 bank_target=3 selected=-1409,-2881,1093,0,227,254,30
elapsed=8336 actor=first event=wait-for-angle path=71D9 pose=-8288,-903,-7596,39,57,4,60 banked=0 bank_target=16 selected=-1391,-2881,1114,0,227,255,30
elapsed=8336 actor=first event=move path=71D9 pose=-8288,-903,-7596,35,57,4,60 banked=0 bank_target=16 selected=-1391,-2881,1114,0,227,255,30
elapsed=8336 actor=second event=face-player path=7125 pose=2296,-576,-4572,0,28,0,60 banked=0 bank_target=3 selected=-1391,-2881,1114,0,227,255,30
elapsed=8336 actor=second event=move path=7125 pose=2296,-576,-4572,0,27,0,60 banked=0 bank_target=4 selected=-1391,-2881,1114,0,227,255,30
elapsed=8336 actor=second event=vertical-step path=8942 pose=2156,-576,-4392,0,27,0,60 banked=0 bank_target=4 selected=-1391,-2881,1114,0,227,255,30
elapsed=8340 actor=first event=wait-for-angle path=71D9 pose=-8436,-723,-7576,35,57,4,60 banked=0 bank_target=16 selected=-1373,-2881,1135,0,227,0,30
elapsed=8340 actor=first event=move path=71D9 pose=-8436,-723,-7576,31,57,4,60 banked=0 bank_target=16 selected=-1373,-2881,1135,0,227,0,30
elapsed=8341 actor=second event=face-player path=7125 pose=2156,-460,-4392,0,27,0,60 banked=0 bank_target=4 selected=-1373,-2881,1135,0,227,0,30
elapsed=8341 actor=second event=move path=7125 pose=2156,-460,-4392,0,26,0,60 banked=0 bank_target=5 selected=-1373,-2881,1135,0,227,0,30
elapsed=8341 actor=second event=vertical-step path=8942 pose=2020,-460,-4208,0,26,0,60 banked=0 bank_target=5 selected=-1373,-2881,1135,0,227,0,30
elapsed=8345 actor=first event=wait-for-angle path=71D9 pose=-8600,-563,-7552,31,57,4,60 banked=0 bank_target=16 selected=-1355,-2881,1156,0,227,1,30
elapsed=8345 actor=first event=move path=71D9 pose=-8600,-563,-7552,28,57,4,60 banked=0 bank_target=16 selected=-1355,-2881,1156,0,227,1,30
elapsed=8346 actor=second event=face-player path=7125 pose=2020,-346,-4208,0,26,0,60 banked=0 bank_target=5 selected=-1355,-2881,1156,0,227,1,30
elapsed=8346 actor=second event=move path=7125 pose=2020,-346,-4208,0,25,0,60 banked=0 bank_target=6 selected=-1355,-2881,1156,0,227,1,30
elapsed=8346 actor=second event=vertical-step path=8942 pose=1888,-346,-4020,0,25,0,60 banked=0 bank_target=6 selected=-1355,-2881,1156,0,227,1,30
elapsed=8350 actor=first event=wait-for-angle path=71D9 pose=-8776,-415,-7528,28,57,4,60 banked=0 bank_target=16 selected=-1337,-2881,1177,0,227,2,30
elapsed=8350 actor=first event=move path=71D9 pose=-8776,-415,-7528,25,57,4,60 banked=0 bank_target=16 selected=-1337,-2881,1177,0,227,2,30
elapsed=8351 actor=second event=face-player path=7125 pose=1888,-233,-4020,0,25,0,60 banked=0 bank_target=6 selected=-1337,-2881,1177,0,227,2,30
elapsed=8351 actor=second event=move path=7125 pose=1888,-233,-4020,0,24,0,60 banked=0 bank_target=7 selected=-1337,-2881,1177,0,227,2,30
elapsed=8351 actor=second event=vertical-step path=8942 pose=1764,-233,-3828,0,24,0,60 banked=0 bank_target=7 selected=-1337,-2881,1177,0,227,2,30
elapsed=8355 actor=first event=wait-for-angle path=71D9 pose=-8960,-279,-7500,25,57,4,60 banked=0 bank_target=16 selected=-1319,-2881,1198,0,227,2,30
elapsed=8355 actor=first event=move path=71D9 pose=-8960,-279,-7500,22,57,4,60 banked=0 bank_target=16 selected=-1319,-2881,1198,0,227,2,30
elapsed=8355 actor=second event=face-player path=7125 pose=1764,-121,-3828,0,24,0,60 banked=0 bank_target=7 selected=-1319,-2881,1198,0,227,2,30
elapsed=8356 actor=second event=move path=7125 pose=1764,-121,-3828,0,23,0,60 banked=0 bank_target=8 selected=-1319,-2881,1198,0,227,2,30
elapsed=8356 actor=second event=vertical-step path=8942 pose=1644,-121,-3632,0,23,0,60 banked=0 bank_target=8 selected=-1319,-2881,1198,0,227,2,30
elapsed=8360 actor=first event=wait-for-angle path=71D9 pose=-9152,-159,-7472,22,57,4,60 banked=0 bank_target=16 selected=-1301,-2881,1219,0,227,3,30
elapsed=8360 actor=first event=move path=71D9 pose=-9152,-159,-7472,20,57,4,60 banked=0 bank_target=16 selected=-1301,-2881,1219,0,227,3,30
elapsed=8360 actor=second event=face-player path=7125 pose=1644,-11,-3632,0,23,0,60 banked=0 bank_target=8 selected=-1301,-2881,1219,0,227,3,30
elapsed=8360 actor=second event=move path=7125 pose=1644,-11,-3632,0,23,0,60 banked=0 bank_target=9 selected=-1301,-2881,1219,0,227,3,30
elapsed=8360 actor=second event=vertical-step path=8942 pose=1524,-11,-3436,0,23,0,60 banked=0 bank_target=9 selected=-1301,-2881,1219,0,227,3,30
elapsed=8365 actor=first event=wait-for-angle path=71D9 pose=-9352,-51,-7444,20,57,4,60 banked=0 bank_target=16 selected=-1283,-2881,1240,0,227,3,30
elapsed=8365 actor=first event=move path=71D9 pose=-9352,-51,-7444,18,57,4,60 banked=0 bank_target=16 selected=-1283,-2881,1240,0,227,3,30
elapsed=8365 actor=second event=face-player path=7125 pose=1524,97,-3436,0,23,0,60 banked=0 bank_target=9 selected=-1283,-2881,1240,0,227,3,30
elapsed=8365 actor=second event=move path=7125 pose=1524,97,-3436,0,22,0,60 banked=0 bank_target=10 selected=-1283,-2881,1240,0,227,3,30
elapsed=8365 actor=second event=vertical-step path=8942 pose=1408,97,-3240,0,22,0,60 banked=0 bank_target=10 selected=-1283,-2881,1240,0,227,3,30
elapsed=8369 actor=first event=wait-for-angle path=71D9 pose=-9556,49,-7412,18,57,4,60 banked=0 bank_target=16 selected=-1265,-2881,1261,0,227,4,30
elapsed=8369 actor=first event=move path=71D9 pose=-9556,49,-7412,16,57,4,60 banked=0 bank_target=16 selected=-1265,-2881,1261,0,227,4,30
elapsed=8370 actor=second event=face-player path=7125 pose=1408,204,-3240,0,22,0,60 banked=0 bank_target=10 selected=-1265,-2881,1261,0,227,4,30
elapsed=8370 actor=second event=move path=7125 pose=1408,204,-3240,0,22,0,60 banked=0 bank_target=11 selected=-1265,-2881,1261,0,227,4,30
elapsed=8370 actor=second event=vertical-step path=8942 pose=1292,204,-3044,0,22,0,60 banked=0 bank_target=11 selected=-1265,-2881,1261,0,227,4,30
elapsed=8374 actor=first event=wait-for-angle path=71D9 pose=-9768,137,-7380,16,57,4,60 banked=0 bank_target=16 selected=-1247,-2881,1282,0,227,4,30
elapsed=8374 actor=first event=move path=71D9 pose=-9768,137,-7380,14,57,4,60 banked=0 bank_target=16 selected=-1247,-2881,1282,0,227,4,30
elapsed=8374 actor=first event=fire path=8C2E pose=-9980,213,-7348,241,224,4,60 banked=0 bank_target=16 selected=-1247,-2881,1282,0,227,4,30
elapsed=8375 actor=second event=face-player path=7125 pose=1292,309,-3044,0,22,0,60 banked=0 bank_target=11 selected=-1247,-2881,1282,0,227,4,30
elapsed=8375 actor=second event=move path=7125 pose=1292,309,-3044,0,22,0,60 banked=0 bank_target=12 selected=-1247,-2881,1282,0,227,4,30
elapsed=8375 actor=second event=vertical-step path=8942 pose=1176,309,-2848,0,22,0,60 banked=0 bank_target=12 selected=-1247,-2881,1282,0,227,4,30
elapsed=8379 actor=first event=wait-for-angle path=71D9 pose=-9980,213,-7348,14,57,4,60 banked=0 bank_target=16 selected=-1229,-2881,1303,0,227,4,30
elapsed=8379 actor=first event=move path=71D9 pose=-9980,213,-7348,13,57,4,60 banked=0 bank_target=16 selected=-1229,-2881,1303,0,227,4,30
elapsed=8380 actor=second event=face-player path=7125 pose=1176,412,-2848,0,22,0,60 banked=0 bank_target=12 selected=-1229,-2881,1303,0,227,4,30
elapsed=8380 actor=second event=chase-angle path=886F pose=1176,412,-2848,0,22,0,60 banked=1 bank_target=-28 selected=-1229,-2881,1303,0,227,4,30
elapsed=8380 actor=second event=move path=886F pose=1176,412,-2848,0,22,253,60 banked=1 bank_target=-28 selected=-1229,-2881,1303,0,227,4,30
elapsed=8380 actor=second event=vertical-step path=8942 pose=1060,412,-2652,0,22,253,60 banked=1 bank_target=-28 selected=-1229,-2881,1303,0,227,4,30
elapsed=8384 actor=first event=wait-for-angle path=71D9 pose=-10196,285,-7316,13,57,4,60 banked=0 bank_target=16 selected=-1211,-2881,1324,0,227,4,30
elapsed=8384 actor=first event=move path=71D9 pose=-10196,285,-7316,12,57,4,60 banked=0 bank_target=16 selected=-1211,-2881,1324,0,227,4,30
elapsed=8385 actor=second event=chase-angle path=886F pose=1060,514,-2652,0,22,253,60 banked=1 bank_target=-28 selected=-1211,-2881,1324,0,227,4,30
elapsed=8385 actor=second event=move path=886F pose=1060,514,-2652,0,22,250,60 banked=1 bank_target=-28 selected=-1211,-2881,1324,0,227,4,30
elapsed=8385 actor=second event=vertical-step path=8942 pose=948,514,-2452,0,21,250,60 banked=1 bank_target=-28 selected=-1211,-2881,1324,0,227,4,30
elapsed=8389 actor=first event=wait-for-angle path=71D9 pose=-10412,349,-7284,12,57,4,60 banked=0 bank_target=16 selected=-1193,-2881,1345,0,227,3,30
elapsed=8389 actor=first event=move path=71D9 pose=-10412,349,-7284,11,57,4,60 banked=0 bank_target=16 selected=-1193,-2881,1345,0,227,3,30
elapsed=8389 actor=second event=chase-angle path=886F pose=948,614,-2452,0,21,250,60 banked=1 bank_target=-28 selected=-1193,-2881,1345,0,227,3,30
elapsed=8389 actor=second event=move path=886F pose=948,614,-2452,0,21,248,60 banked=1 bank_target=-28 selected=-1193,-2881,1345,0,227,3,30
elapsed=8389 actor=second event=vertical-step path=8942 pose=848,614,-2248,0,19,248,60 banked=1 bank_target=-28 selected=-1193,-2881,1345,0,227,3,30
elapsed=8394 actor=first event=wait-for-angle path=71D9 pose=-10632,409,-7252,11,57,4,60 banked=0 bank_target=16 selected=-1175,-2881,1366,0,227,3,30
elapsed=8394 actor=first event=move path=71D9 pose=-10632,409,-7252,10,57,4,60 banked=0 bank_target=16 selected=-1175,-2881,1366,0,227,3,30
elapsed=8394 actor=second event=chase-angle path=886F pose=848,712,-2248,0,19,248,60 banked=1 bank_target=-28 selected=-1175,-2881,1366,0,227,3,30
elapsed=8394 actor=second event=move path=886F pose=848,712,-2248,0,19,246,60 banked=1 bank_target=-28 selected=-1175,-2881,1366,0,227,3,30
elapsed=8394 actor=second event=vertical-step path=8942 pose=760,712,-2036,0,17,246,60 banked=1 bank_target=-28 selected=-1175,-2881,1366,0,227,3,30
elapsed=8398 actor=first event=wait-for-angle path=71D9 pose=-10852,465,-7220,10,57,4,60 banked=0 bank_target=16 selected=-1157,-2881,1387,0,227,2,30
elapsed=8398 actor=first event=move path=71D9 pose=-10852,465,-7220,9,57,4,60 banked=0 bank_target=16 selected=-1157,-2881,1387,0,227,2,30
elapsed=8398 actor=second event=chase-angle path=886F pose=760,808,-2036,0,17,246,60 banked=1 bank_target=-28 selected=-1157,-2881,1387,0,227,2,30
elapsed=8398 actor=second event=move path=886F pose=760,808,-2036,0,17,244,60 banked=1 bank_target=-28 selected=-1157,-2881,1387,0,227,2,30
elapsed=8398 actor=second event=vertical-step path=8942 pose=688,808,-1820,0,14,244,60 banked=1 bank_target=-28 selected=-1157,-2881,1387,0,227,2,30
elapsed=8402 actor=first event=wait-for-angle path=71D9 pose=-11072,513,-7188,9,57,4,60 banked=0 bank_target=16 selected=-1139,-2881,1408,0,227,2,30
elapsed=8402 actor=first event=move path=71D9 pose=-11072,513,-7188,8,57,4,60 banked=0 bank_target=16 selected=-1139,-2881,1408,0,227,2,30
elapsed=8402 actor=second event=chase-angle path=886F pose=688,902,-1820,0,14,244,60 banked=1 bank_target=-28 selected=-1139,-2881,1408,0,227,2,30
elapsed=8402 actor=second event=move path=886F pose=688,902,-1820,0,14,242,60 banked=1 bank_target=-28 selected=-1139,-2881,1408,0,227,2,30
elapsed=8403 actor=second event=vertical-step path=8942 pose=632,902,-1596,0,11,242,60 banked=1 bank_target=-28 selected=-1139,-2881,1408,0,227,2,30
elapsed=8406 actor=first event=wait-for-angle path=71D9 pose=-11296,557,-7156,8,57,4,60 banked=0 bank_target=16 selected=-1121,-2881,1429,0,227,1,30
elapsed=8406 actor=first event=move path=71D9 pose=-11296,557,-7156,7,57,4,60 banked=0 bank_target=16 selected=-1121,-2881,1429,0,227,1,30
elapsed=8407 actor=second event=chase-angle path=886F pose=632,993,-1596,0,11,242,60 banked=1 bank_target=-28 selected=-1121,-2881,1429,0,227,1,30
elapsed=8407 actor=second event=move path=886F pose=632,993,-1596,0,11,241,60 banked=1 bank_target=-28 selected=-1121,-2881,1429,0,227,1,30
elapsed=8407 actor=second event=vertical-step path=8942 pose=592,993,-1368,0,8,241,60 banked=1 bank_target=-28 selected=-1121,-2881,1429,0,227,1,30
elapsed=8411 actor=first event=wait-for-angle path=71D9 pose=-11520,593,-7124,7,57,4,60 banked=0 bank_target=16 selected=-1103,-2881,1450,0,227,0,30
elapsed=8411 actor=first event=move path=71D9 pose=-11520,593,-7124,6,57,4,60 banked=0 bank_target=16 selected=-1103,-2881,1450,0,227,0,30
elapsed=8411 actor=second event=chase-angle path=886F pose=592,1082,-1368,0,8,241,60 banked=1 bank_target=-28 selected=-1103,-2881,1450,0,227,0,30
elapsed=8411 actor=second event=move path=886F pose=592,1082,-1368,0,8,240,60 banked=1 bank_target=-28 selected=-1103,-2881,1450,0,227,0,30
elapsed=8411 actor=second event=vertical-step path=8942 pose=576,1082,-1136,0,4,240,60 banked=1 bank_target=-28 selected=-1103,-2881,1450,0,227,0,30
elapsed=8415 actor=first event=wait-for-angle path=71D9 pose=-11744,625,-7092,6,57,4,60 banked=0 bank_target=16 selected=-1085,-2881,1471,0,227,255,30
elapsed=8415 actor=first event=move path=71D9 pose=-11744,625,-7092,5,57,4,60 banked=0 bank_target=16 selected=-1085,-2881,1471,0,227,255,30
elapsed=8415 actor=second event=chase-angle path=886F pose=576,1169,-1136,0,4,240,60 banked=1 bank_target=-28 selected=-1085,-2881,1471,0,227,255,30
elapsed=8415 actor=second event=move path=886F pose=576,1169,-1136,0,4,239,60 banked=1 bank_target=-28 selected=-1085,-2881,1471,0,227,255,30
elapsed=8415 actor=second event=vertical-step path=8942 pose=576,1169,-904,0,0,239,60 banked=1 bank_target=-28 selected=-1085,-2881,1471,0,227,255,30
elapsed=8419 actor=first event=wait-for-angle path=71D9 pose=-11972,653,-7060,5,57,4,60 banked=0 bank_target=16 selected=-1067,-2881,1492,0,227,254,30
elapsed=8419 actor=first event=move path=71D9 pose=-11972,653,-7060,4,57,4,60 banked=0 bank_target=16 selected=-1067,-2881,1492,0,227,254,30
elapsed=8419 actor=second event=chase-angle path=886F pose=576,1254,-904,0,0,239,60 banked=1 bank_target=-28 selected=-1067,-2881,1492,0,227,254,30
elapsed=8419 actor=second event=move path=886F pose=576,1254,-904,0,0,238,60 banked=1 bank_target=-28 selected=-1067,-2881,1492,0,227,254,30
elapsed=8419 actor=second event=vertical-step path=8942 pose=592,1254,-672,0,252,238,60 banked=1 bank_target=-28 selected=-1067,-2881,1492,0,227,254,30
elapsed=8423 actor=first event=wait-for-angle path=71D9 pose=-12200,673,-7028,4,57,4,60 banked=0 bank_target=16 selected=-1049,-2881,1513,0,227,254,30
elapsed=8423 actor=first event=move path=71D9 pose=-12200,673,-7028,3,57,4,60 banked=0 bank_target=16 selected=-1049,-2881,1513,0,227,254,30
elapsed=8423 actor=second event=chase-angle path=886F pose=592,1336,-672,0,252,238,60 banked=1 bank_target=-28 selected=-1049,-2881,1513,0,227,254,30
elapsed=8423 actor=second event=move path=886F pose=592,1336,-672,0,252,237,60 banked=1 bank_target=-28 selected=-1049,-2881,1513,0,227,254,30
elapsed=8424 actor=second event=vertical-step path=8942 pose=632,1336,-444,0,248,237,60 banked=1 bank_target=-28 selected=-1049,-2881,1513,0,227,254,30
elapsed=8427 actor=first event=wait-for-angle path=71D9 pose=-12428,689,-6996,3,57,4,60 banked=0 bank_target=16 selected=-1031,-2881,1534,0,227,253,30
elapsed=8427 actor=first event=move path=71D9 pose=-12428,689,-6996,2,57,4,60 banked=0 bank_target=16 selected=-1031,-2881,1534,0,227,253,30
elapsed=8428 actor=second event=chase-angle path=886F pose=632,1416,-444,0,248,237,60 banked=1 bank_target=-28 selected=-1031,-2881,1534,0,227,253,30
elapsed=8428 actor=second event=move path=886F pose=632,1416,-444,0,248,236,60 banked=1 bank_target=-28 selected=-1031,-2881,1534,0,227,253,30
elapsed=8428 actor=second event=vertical-step path=8942 pose=700,1416,-224,0,243,236,60 banked=1 bank_target=-28 selected=-1031,-2881,1534,0,227,253,30
elapsed=8432 actor=first event=wait-for-angle path=71D9 pose=-12656,697,-6964,2,57,4,60 banked=0 bank_target=16 selected=-1013,-2881,1555,0,227,253,30
elapsed=8432 actor=first event=move path=71D9 pose=-12656,697,-6964,1,57,4,60 banked=0 bank_target=16 selected=-1013,-2881,1555,0,227,253,30
elapsed=8432 actor=second event=chase-angle path=886F pose=700,1494,-224,0,243,236,60 banked=1 bank_target=-28 selected=-1013,-2881,1555,0,227,253,30
elapsed=8432 actor=second event=move path=886F pose=700,1494,-224,0,243,235,60 banked=1 bank_target=-28 selected=-1013,-2881,1555,0,227,253,30
elapsed=8432 actor=second event=vertical-step path=8942 pose=796,1494,-16,0,238,235,60 banked=1 bank_target=-28 selected=-1013,-2881,1555,0,227,253,30
elapsed=8436 actor=first event=wait-for-angle path=71D9 pose=-12884,701,-6932,1,57,4,60 banked=0 bank_target=16 selected=-995,-2881,1576,0,227,252,30
elapsed=8436 actor=first event=move path=71D9 pose=-12884,701,-6932,0,57,4,60 banked=0 bank_target=16 selected=-995,-2881,1576,0,227,252,30
elapsed=8436 actor=second event=chase-angle path=886F pose=796,1569,-16,0,238,235,60 banked=1 bank_target=-28 selected=-995,-2881,1576,0,227,252,30
elapsed=8436 actor=second event=move path=886F pose=796,1569,-16,0,238,234,60 banked=1 bank_target=-28 selected=-995,-2881,1576,0,227,252,30
elapsed=8436 actor=second event=vertical-step path=8942 pose=916,1569,180,0,233,234,60 banked=1 bank_target=-28 selected=-995,-2881,1576,0,227,252,30
elapsed=8440 actor=first event=wait-for-angle path=71D9 pose=-13112,701,-6900,0,57,4,60 banked=0 bank_target=16 selected=-977,-2881,1597,0,227,252,30
elapsed=8440 actor=first event=move path=714A pose=-13112,614,-6900,0,57,3,60 banked=0 bank_target=16 selected=-977,-2881,1597,0,227,252,30
elapsed=8440 actor=first event=vertical-step path=8942 pose=-13340,614,-6868,0,57,3,60 banked=0 bank_target=16 selected=-977,-2881,1597,0,227,252,30
elapsed=8440 actor=second event=chase-angle path=886F pose=916,1642,180,0,233,234,60 banked=1 bank_target=-28 selected=-977,-2881,1597,0,227,252,30
elapsed=8440 actor=second event=move path=886F pose=916,1642,180,0,233,233,60 banked=1 bank_target=-28 selected=-977,-2881,1597,0,227,252,30
elapsed=8441 actor=second event=vertical-step path=8942 pose=1060,1642,356,0,228,233,60 banked=1 bank_target=-28 selected=-977,-2881,1597,0,227,252,30
elapsed=8444 actor=first event=wait-for-angle path=714B pose=-13340,714,-6868,0,57,3,60 banked=0 bank_target=16 selected=-959,-2881,1618,0,227,252,30
elapsed=8444 actor=first event=move path=714B pose=-13340,714,-6868,0,57,2,60 banked=0 bank_target=16 selected=-959,-2881,1618,0,227,252,30
elapsed=8445 actor=first event=vertical-step path=8942 pose=-13568,714,-6836,0,57,2,60 banked=0 bank_target=16 selected=-959,-2881,1618,0,227,252,30
elapsed=8445 actor=second event=chase-angle path=886F pose=1060,1712,356,0,228,233,60 banked=1 bank_target=-28 selected=-959,-2881,1618,0,227,252,30
elapsed=8445 actor=second event=move path=886F pose=1060,1712,356,0,228,232,60 banked=1 bank_target=-28 selected=-959,-2881,1618,0,227,252,30
elapsed=8445 actor=second event=vertical-step path=8942 pose=1232,1712,508,0,222,232,60 banked=1 bank_target=-28 selected=-959,-2881,1618,0,227,252,30
elapsed=8449 actor=first event=wait-for-angle path=714B pose=-13568,816,-6836,0,57,2,60 banked=0 bank_target=16 selected=-941,-2881,1639,0,227,252,30
elapsed=8449 actor=first event=move path=714B pose=-13568,816,-6836,0,57,1,60 banked=0 bank_target=16 selected=-941,-2881,1639,0,227,252,30
elapsed=8449 actor=first event=vertical-step path=8942 pose=-13796,816,-6804,0,57,1,60 banked=0 bank_target=16 selected=-941,-2881,1639,0,227,252,30
elapsed=8449 actor=second event=chase-angle path=886F pose=1232,1779,508,0,222,232,60 banked=1 bank_target=-28 selected=-941,-2881,1639,0,227,252,30
elapsed=8449 actor=second event=move path=886F pose=1232,1779,508,0,222,231,60 banked=1 bank_target=-28 selected=-941,-2881,1639,0,227,252,30
elapsed=8450 actor=second event=vertical-step path=8942 pose=1424,1779,632,0,216,231,60 banked=1 bank_target=-28 selected=-941,-2881,1639,0,227,252,30
elapsed=8453 actor=first event=wait-for-angle path=714B pose=-13796,919,-6804,0,57,1,60 banked=0 bank_target=16 selected=-923,-2881,1660,0,227,253,30
elapsed=8453 actor=first event=move path=714B pose=-13796,919,-6804,0,57,0,60 banked=0 bank_target=16 selected=-923,-2881,1660,0,227,253,30
elapsed=8454 actor=first event=vertical-step path=8942 pose=-14024,919,-6772,0,57,0,60 banked=0 bank_target=16 selected=-923,-2881,1660,0,227,253,30
elapsed=8454 actor=second event=chase-angle path=886F pose=1424,1844,632,0,216,231,60 banked=1 bank_target=-28 selected=-923,-2881,1660,0,227,253,30
elapsed=8454 actor=second event=move path=886F pose=1424,1844,632,0,216,230,60 banked=1 bank_target=-28 selected=-923,-2881,1660,0,227,253,30
elapsed=8454 actor=second event=vertical-step path=8942 pose=1632,1844,728,0,210,230,60 banked=1 bank_target=-28 selected=-923,-2881,1660,0,227,253,30
elapsed=8458 actor=first event=wait-for-angle path=714B pose=-14024,1024,-6772,0,57,0,60 banked=0 bank_target=16 selected=-905,-2881,1681,0,227,253,30
elapsed=8458 actor=first event=move path=70D7 pose=-14024,1024,-6772,0,57,0,60 banked=0 bank_target=16 selected=-905,-2881,1681,0,227,253,30
elapsed=8458 actor=first event=vertical-step path=8942 pose=-14252,1024,-6740,0,57,0,60 banked=0 bank_target=16 selected=-905,-2881,1681,0,227,253,30
elapsed=8458 actor=second event=chase-angle path=886F pose=1632,1906,728,0,210,230,60 banked=1 bank_target=-28 selected=-905,-2881,1681,0,227,253,30
elapsed=8458 actor=second event=move path=886F pose=1632,1906,728,0,210,229,60 banked=1 bank_target=-28 selected=-905,-2881,1681,0,227,253,30
elapsed=8458 actor=second event=vertical-step path=8942 pose=1852,1906,788,0,204,229,60 banked=1 bank_target=-28 selected=-905,-2881,1681,0,227,253,30
elapsed=8462 actor=first event=chase-angle path=886F pose=-14252,1131,-6740,0,57,0,60 banked=1 bank_target=-9 selected=-887,-2881,1702,0,227,254,30
elapsed=8462 actor=first event=move path=886F pose=-14252,1131,-6740,0,57,255,60 banked=1 bank_target=-9 selected=-887,-2881,1702,0,227,254,30
elapsed=8462 actor=first event=vertical-step path=8942 pose=-14480,1131,-6708,0,57,255,60 banked=1 bank_target=-9 selected=-887,-2881,1702,0,227,254,30
elapsed=8462 actor=second event=chase-angle path=886F pose=1852,1965,788,0,204,229,60 banked=1 bank_target=-28 selected=-887,-2881,1702,0,227,254,30
elapsed=8462 actor=second event=move path=7146 pose=1852,1965,788,0,204,228,60 banked=1 bank_target=-28 selected=-887,-2881,1702,0,227,254,30
elapsed=8462 actor=second event=vertical-step path=8942 pose=2084,1965,812,0,197,228,60 banked=1 bank_target=-28 selected=-887,-2881,1702,0,227,254,30
elapsed=8466 actor=first event=chase-angle path=886F pose=-14480,1239,-6708,0,57,255,60 banked=1 bank_target=-9 selected=-869,-2881,1723,0,227,254,30
elapsed=8466 actor=first event=move path=886F pose=-14480,1239,-6708,0,57,254,60 banked=1 bank_target=-9 selected=-869,-2881,1723,0,227,254,30
elapsed=8466 actor=first event=vertical-step path=8942 pose=-14708,1239,-6676,0,57,254,60 banked=1 bank_target=-9 selected=-869,-2881,1723,0,227,254,30
elapsed=8466 actor=second event=wait-for-angle path=714B pose=2084,2022,812,0,197,228,60 banked=0 bank_target=-28 selected=-869,-2881,1723,0,227,254,30
elapsed=8466 actor=second event=move path=714B pose=2084,2022,812,0,197,231,60 banked=0 bank_target=-28 selected=-869,-2881,1723,0,227,254,30
elapsed=8467 actor=second event=vertical-step path=8942 pose=2316,2022,836,0,197,231,60 banked=0 bank_target=-28 selected=-869,-2881,1723,0,227,254,30
elapsed=8470 actor=first event=chase-angle path=886F pose=-14708,1349,-6676,0,57,254,60 banked=1 bank_target=-9 selected=-851,-2881,1744,0,227,255,30
elapsed=8470 actor=first event=move path=886F pose=-14708,1349,-6676,0,57,253,60 banked=1 bank_target=-9 selected=-851,-2881,1744,0,227,255,30
elapsed=8471 actor=first event=vertical-step path=8942 pose=-14936,1349,-6644,0,57,253,60 banked=1 bank_target=-9 selected=-851,-2881,1744,0,227,255,30
elapsed=8471 actor=second event=wait-for-angle path=714B pose=2316,2076,836,0,197,231,60 banked=0 bank_target=-28 selected=-851,-2881,1744,0,227,255,30
elapsed=8471 actor=second event=move path=714B pose=2316,2076,836,0,197,234,60 banked=0 bank_target=-28 selected=-851,-2881,1744,0,227,255,30
elapsed=8471 actor=second event=vertical-step path=8942 pose=2548,2076,860,0,197,234,60 banked=0 bank_target=-28 selected=-851,-2881,1744,0,227,255,30
elapsed=8475 actor=first event=chase-angle path=886F pose=-14936,1461,-6644,0,57,253,60 banked=1 bank_target=-9 selected=-833,-2881,1765,0,227,0,30
elapsed=8475 actor=first event=move path=886F pose=-14936,1461,-6644,0,57,252,60 banked=1 bank_target=-9 selected=-833,-2881,1765,0,227,0,30
elapsed=8475 actor=first event=vertical-step path=8942 pose=-15164,1461,-6604,0,56,252,60 banked=1 bank_target=-9 selected=-833,-2881,1765,0,227,0,30
elapsed=8475 actor=second event=wait-for-angle path=714B pose=2548,2127,860,0,197,234,60 banked=0 bank_target=-28 selected=-833,-2881,1765,0,227,0,30
elapsed=8475 actor=second event=move path=714B pose=2548,2127,860,0,197,236,60 banked=0 bank_target=-28 selected=-833,-2881,1765,0,227,0,30
elapsed=8475 actor=second event=vertical-step path=8942 pose=2780,2127,884,0,197,236,60 banked=0 bank_target=-28 selected=-833,-2881,1765,0,227,0,30
elapsed=8479 actor=first event=chase-angle path=886F pose=-15164,1574,-6604,0,56,252,60 banked=1 bank_target=-9 selected=-815,-2881,1786,0,227,1,30
elapsed=8479 actor=first event=move path=886F pose=-15164,1574,-6604,0,56,251,60 banked=1 bank_target=-9 selected=-815,-2881,1786,0,227,1,30
elapsed=8479 actor=first event=vertical-step path=8942 pose=-15388,1574,-6560,0,55,251,60 banked=1 bank_target=-9 selected=-815,-2881,1786,0,227,1,30
elapsed=8479 actor=second event=wait-for-angle path=714B pose=2780,2175,884,0,197,236,60 banked=0 bank_target=-28 selected=-815,-2881,1786,0,227,1,30
elapsed=8479 actor=second event=move path=714B pose=2780,2175,884,0,197,238,60 banked=0 bank_target=-28 selected=-815,-2881,1786,0,227,1,30
elapsed=8479 actor=second event=vertical-step path=8942 pose=3012,2175,908,0,197,238,60 banked=0 bank_target=-28 selected=-815,-2881,1786,0,227,1,30
elapsed=8483 actor=first event=chase-angle path=886F pose=-15388,1688,-6560,0,55,251,60 banked=1 bank_target=-9 selected=-797,-2881,1807,0,227,2,30
elapsed=8483 actor=first event=move path=886F pose=-15388,1688,-6560,0,55,250,60 banked=1 bank_target=-9 selected=-797,-2881,1807,0,227,2,30
elapsed=8483 actor=first event=vertical-step path=8942 pose=-15612,1688,-6508,0,54,250,60 banked=1 bank_target=-9 selected=-797,-2881,1807,0,227,2,30
elapsed=8483 actor=second event=wait-for-angle path=714B pose=3012,2220,908,0,197,238,60 banked=0 bank_target=-28 selected=-797,-2881,1807,0,227,2,30
elapsed=8483 actor=second event=move path=714B pose=3012,2220,908,0,197,240,60 banked=0 bank_target=-28 selected=-797,-2881,1807,0,227,2,30
elapsed=8483 actor=second event=vertical-step path=8942 pose=3244,2220,932,0,197,240,60 banked=0 bank_target=-28 selected=-797,-2881,1807,0,227,2,30
elapsed=8487 actor=first event=chase-angle path=886F pose=-15612,1804,-6508,0,54,250,60 banked=1 bank_target=-9 selected=-779,-2881,1828,0,227,2,30
elapsed=8487 actor=first event=move path=886F pose=-15612,1804,-6508,0,54,249,60 banked=1 bank_target=-9 selected=-779,-2881,1828,0,227,2,30
elapsed=8487 actor=first event=vertical-step path=8942 pose=-15836,1804,-6452,0,53,249,60 banked=1 bank_target=-9 selected=-779,-2881,1828,0,227,2,30
elapsed=8487 actor=second event=wait-for-angle path=714B pose=3244,2262,932,0,197,240,60 banked=0 bank_target=-28 selected=-779,-2881,1828,0,227,2,30
elapsed=8487 actor=second event=move path=714B pose=3244,2262,932,0,197,242,60 banked=0 bank_target=-28 selected=-779,-2881,1828,0,227,2,30
elapsed=8488 actor=second event=vertical-step path=8942 pose=3476,2262,956,0,197,242,60 banked=0 bank_target=-28 selected=-779,-2881,1828,0,227,2,30
elapsed=8491 actor=first event=chase-angle path=886F pose=-15836,1921,-6452,0,53,249,60 banked=1 bank_target=-9 selected=-761,-2881,1849,0,227,3,30
elapsed=8491 actor=first event=move path=886F pose=-15836,1921,-6452,0,53,248,60 banked=1 bank_target=-9 selected=-761,-2881,1849,0,227,3,30
elapsed=8492 actor=first event=vertical-step path=8942 pose=-16056,1921,-6384,0,51,248,60 banked=1 bank_target=-9 selected=-761,-2881,1849,0,227,3,30
elapsed=8492 actor=second event=wait-for-angle path=714B pose=3476,2301,956,0,197,242,60 banked=0 bank_target=-28 selected=-761,-2881,1849,0,227,3,30
elapsed=8492 actor=second event=move path=714B pose=3476,2301,956,0,197,243,60 banked=0 bank_target=-28 selected=-761,-2881,1849,0,227,3,30
elapsed=8492 actor=second event=vertical-step path=8942 pose=3708,2301,980,0,197,243,60 banked=0 bank_target=-28 selected=-761,-2881,1849,0,227,3,30
elapsed=8496 actor=first event=chase-angle path=886F pose=-16056,2039,-6384,0,51,248,60 banked=1 bank_target=-9 selected=-743,-2881,1870,0,227,3,30
elapsed=8496 actor=first event=move path=70F2 pose=-16056,2039,-6384,0,51,247,60 banked=1 bank_target=1 selected=-743,-2881,1870,0,227,3,30
elapsed=8496 actor=first event=vertical-step path=8942 pose=-16272,2039,-6304,0,49,247,60 banked=1 bank_target=1 selected=-743,-2881,1870,0,227,3,30
elapsed=8496 actor=second event=wait-for-angle path=714B pose=3708,2337,980,0,197,243,60 banked=0 bank_target=-28 selected=-743,-2881,1870,0,227,3,30
elapsed=8496 actor=second event=move path=714B pose=3708,2337,980,0,197,244,60 banked=0 bank_target=-28 selected=-743,-2881,1870,0,227,3,30
elapsed=8496 actor=second event=vertical-step path=8942 pose=3940,2337,1004,0,197,244,60 banked=0 bank_target=-28 selected=-743,-2881,1870,0,227,3,30
elapsed=8500 actor=first event=move path=70F2 pose=-16272,2158,-6304,0,49,247,60 banked=1 bank_target=2 selected=-725,-2881,1891,0,227,4,30
elapsed=8500 actor=first event=vertical-step path=8942 pose=-16484,2158,-6216,0,47,247,60 banked=1 bank_target=2 selected=-725,-2881,1891,0,227,4,30
elapsed=8500 actor=second event=wait-for-angle path=714B pose=3940,2370,1004,0,197,244,60 banked=0 bank_target=-28 selected=-725,-2881,1891,0,227,4,30
elapsed=8500 actor=second event=move path=714B pose=3940,2370,1004,0,197,245,60 banked=0 bank_target=-28 selected=-725,-2881,1891,0,227,4,30
elapsed=8500 actor=second event=vertical-step path=8942 pose=4172,2370,1028,0,197,245,60 banked=0 bank_target=-28 selected=-725,-2881,1891,0,227,4,30
elapsed=8504 actor=first event=move path=70F2 pose=-16484,2278,-6216,0,47,247,60 banked=1 bank_target=3 selected=-707,-2881,1912,0,227,4,30
elapsed=8504 actor=first event=vertical-step path=8942 pose=-16688,2278,-6116,0,45,247,60 banked=1 bank_target=3 selected=-707,-2881,1912,0,227,4,30
elapsed=8504 actor=second event=wait-for-angle path=714B pose=4172,2400,1028,0,197,245,60 banked=0 bank_target=-28 selected=-707,-2881,1912,0,227,4,30
elapsed=8504 actor=second event=move path=714B pose=4172,2400,1028,0,197,246,60 banked=0 bank_target=-28 selected=-707,-2881,1912,0,227,4,30
elapsed=8504 actor=second event=vertical-step path=8942 pose=4404,2400,1052,0,197,246,60 banked=0 bank_target=-28 selected=-707,-2881,1912,0,227,4,30
elapsed=8508 actor=first event=move path=70F2 pose=-16688,2399,-6116,0,45,247,60 banked=1 bank_target=4 selected=-689,-2881,1933,0,227,4,30
elapsed=8508 actor=first event=vertical-step path=8942 pose=-16888,2399,-6004,0,43,247,60 banked=1 bank_target=4 selected=-689,-2881,1933,0,227,4,30
elapsed=8509 actor=second event=wait-for-angle path=714B pose=4404,2427,1052,0,197,246,60 banked=0 bank_target=-28 selected=-689,-2881,1933,0,227,4,30
elapsed=8509 actor=second event=move path=714B pose=4404,2427,1052,0,197,247,60 banked=0 bank_target=-28 selected=-689,-2881,1933,0,227,4,30
elapsed=8509 actor=second event=vertical-step path=8942 pose=4636,2427,1076,0,197,247,60 banked=0 bank_target=-28 selected=-689,-2881,1933,0,227,4,30
elapsed=8512 actor=first event=move path=70F2 pose=-16888,2521,-6004,0,43,247,60 banked=1 bank_target=5 selected=-671,-2881,1954,0,227,4,30
elapsed=8513 actor=first event=vertical-step path=8942 pose=-17084,2521,-5884,0,41,247,60 banked=1 bank_target=5 selected=-671,-2881,1954,0,227,4,30
elapsed=8513 actor=second event=wait-for-angle path=714B pose=4636,2451,1076,0,197,247,60 banked=0 bank_target=-28 selected=-671,-2881,1954,0,227,4,30
elapsed=8513 actor=second event=move path=714B pose=4636,2451,1076,0,197,248,60 banked=0 bank_target=-28 selected=-671,-2881,1954,0,227,4,30
elapsed=8513 actor=second event=vertical-step path=8942 pose=4868,2451,1100,0,197,248,60 banked=0 bank_target=-28 selected=-671,-2881,1954,0,227,4,30
elapsed=8517 actor=first event=move path=70F2 pose=-17084,2644,-5884,0,41,247,60 banked=1 bank_target=6 selected=-653,-2881,1975,0,227,3,30
elapsed=8517 actor=first event=vertical-step path=8942 pose=-17272,2644,-5752,0,39,247,60 banked=1 bank_target=6 selected=-653,-2881,1975,0,227,3,30
elapsed=8517 actor=second event=wait-for-angle path=714B pose=4868,2472,1100,0,197,248,60 banked=0 bank_target=-28 selected=-653,-2881,1975,0,227,3,30
elapsed=8517 actor=second event=move path=714B pose=4868,2472,1100,0,197,249,60 banked=0 bank_target=-28 selected=-653,-2881,1975,0,227,3,30
elapsed=8517 actor=second event=vertical-step path=8942 pose=5100,2472,1124,0,197,249,60 banked=0 bank_target=-28 selected=-653,-2881,1975,0,227,3,30
elapsed=8521 actor=first event=move path=70F2 pose=-17272,2767,-5752,0,39,247,60 banked=1 bank_target=7 selected=-635,-2881,1996,0,227,3,30
elapsed=8521 actor=first event=vertical-step path=8942 pose=-17452,2767,-5612,0,37,247,60 banked=1 bank_target=7 selected=-635,-2881,1996,0,227,3,30
elapsed=8521 actor=second event=wait-for-angle path=714B pose=5100,2490,1124,0,197,249,60 banked=0 bank_target=-28 selected=-635,-2881,1996,0,227,3,30
elapsed=8521 actor=second event=move path=714B pose=5100,2490,1124,0,197,250,60 banked=0 bank_target=-28 selected=-635,-2881,1996,0,227,3,30
elapsed=8521 actor=second event=vertical-step path=8942 pose=5332,2490,1148,0,197,250,60 banked=0 bank_target=-28 selected=-635,-2881,1996,0,227,3,30
elapsed=8525 actor=first event=move path=70F2 pose=-17452,2891,-5612,0,37,247,60 banked=1 bank_target=8 selected=-617,-2881,2017,0,227,2,30
elapsed=8525 actor=first event=vertical-step path=8942 pose=-17628,2891,-5464,0,35,247,60 banked=1 bank_target=8 selected=-617,-2881,2017,0,227,2,30
elapsed=8525 actor=second event=wait-for-angle path=714B pose=5332,2505,1148,0,197,250,60 banked=0 bank_target=-28 selected=-617,-2881,2017,0,227,2,30
elapsed=8525 actor=second event=move path=714B pose=5332,2505,1148,0,197,251,60 banked=0 bank_target=-28 selected=-617,-2881,2017,0,227,2,30
elapsed=8526 actor=second event=vertical-step path=8942 pose=5564,2505,1172,0,197,251,60 banked=0 bank_target=-28 selected=-617,-2881,2017,0,227,2,30
elapsed=8529 actor=first event=move path=70F2 pose=-17628,3016,-5464,0,35,247,60 banked=1 bank_target=9 selected=-599,-2881,2038,0,227,2,30
elapsed=8529 actor=first event=vertical-step path=8942 pose=-17792,3016,-5308,0,33,247,60 banked=1 bank_target=9 selected=-599,-2881,2038,0,227,2,30
elapsed=8530 actor=second event=wait-for-angle path=714B pose=5564,2517,1172,0,197,251,60 banked=0 bank_target=-28 selected=-599,-2881,2038,0,227,2,30
elapsed=8530 actor=second event=move path=714B pose=5564,2517,1172,0,197,252,60 banked=0 bank_target=-28 selected=-599,-2881,2038,0,227,2,30
elapsed=8530 actor=second event=vertical-step path=8942 pose=5796,2517,1196,0,197,252,60 banked=0 bank_target=-28 selected=-599,-2881,2038,0,227,2,30
elapsed=8534 actor=first event=move path=70F2 pose=-17792,3141,-5308,0,33,247,60 banked=1 bank_target=10 selected=-581,-2881,2059,0,227,1,30
elapsed=8534 actor=first event=vertical-step path=8942 pose=-17948,3141,-5144,0,31,247,60 banked=1 bank_target=10 selected=-581,-2881,2059,0,227,1,30
elapsed=8534 actor=second event=wait-for-angle path=714B pose=5796,2526,1196,0,197,252,60 banked=0 bank_target=-28 selected=-581,-2881,2059,0,227,1,30
elapsed=8534 actor=second event=move path=714B pose=5796,2526,1196,0,197,253,60 banked=0 bank_target=-28 selected=-581,-2881,2059,0,227,1,30
elapsed=8534 actor=second event=vertical-step path=8942 pose=6028,2526,1220,0,197,253,60 banked=0 bank_target=-28 selected=-581,-2881,2059,0,227,1,30
elapsed=8538 actor=first event=move path=70F2 pose=-17948,3267,-5144,0,31,247,60 banked=1 bank_target=11 selected=-563,-2881,2080,0,227,0,30
elapsed=8538 actor=first event=vertical-step path=8942 pose=-18096,3267,-4968,0,29,247,60 banked=1 bank_target=11 selected=-563,-2881,2080,0,227,0,30
elapsed=8538 actor=second event=wait-for-angle path=714B pose=6028,2532,1220,0,197,253,60 banked=0 bank_target=-28 selected=-563,-2881,2080,0,227,0,30
elapsed=8538 actor=second event=move path=714B pose=6028,2532,1220,0,197,254,60 banked=0 bank_target=-28 selected=-563,-2881,2080,0,227,0,30
elapsed=8538 actor=second event=vertical-step path=8942 pose=6260,2532,1244,0,197,254,60 banked=0 bank_target=-28 selected=-563,-2881,2080,0,227,0,30
elapsed=8542 actor=first event=move path=70F2 pose=-18096,3393,-4968,0,29,247,60 banked=1 bank_target=12 selected=-545,-2881,2101,0,227,255,30
elapsed=8542 actor=first event=vertical-step path=8942 pose=-18236,3393,-4788,0,27,247,60 banked=1 bank_target=12 selected=-545,-2881,2101,0,227,255,30
elapsed=8542 actor=second event=wait-for-angle path=714B pose=6260,2535,1244,0,197,254,60 banked=0 bank_target=-28 selected=-545,-2881,2101,0,227,255,30
elapsed=8542 actor=second event=move path=714B pose=6260,2535,1244,0,197,255,60 banked=0 bank_target=-28 selected=-545,-2881,2101,0,227,255,30
elapsed=8542 actor=second event=vertical-step path=8942 pose=6492,2535,1268,0,197,255,60 banked=0 bank_target=-28 selected=-545,-2881,2101,0,227,255,30
elapsed=8546 actor=first event=move path=70F2 pose=-18236,3519,-4788,0,27,247,60 banked=1 bank_target=13 selected=-527,-2881,2122,0,227,254,30
elapsed=8546 actor=first event=vertical-step path=8942 pose=-18368,3519,-4600,0,25,247,60 banked=1 bank_target=13 selected=-527,-2881,2122,0,227,254,30
elapsed=8546 actor=second event=wait-for-angle path=714B pose=6492,2535,1268,0,197,255,60 banked=0 bank_target=-28 selected=-527,-2881,2122,0,227,254,30
elapsed=8546 actor=second event=move path=714B pose=6492,2535,1268,0,197,0,60 banked=0 bank_target=-28 selected=-527,-2881,2122,0,227,254,30
elapsed=8547 actor=second event=vertical-step path=8942 pose=6724,2535,1292,0,197,0,60 banked=0 bank_target=-28 selected=-527,-2881,2122,0,227,254,30
elapsed=8550 actor=first event=move path=70F2 pose=-18368,3645,-4600,0,25,247,60 banked=1 bank_target=14 selected=-509,-2881,2143,0,227,254,30
elapsed=8551 actor=first event=vertical-step path=8942 pose=-18488,3645,-4404,0,23,247,60 banked=1 bank_target=14 selected=-509,-2881,2143,0,227,254,30
elapsed=8551 actor=second event=wait-for-angle path=714B pose=6724,2532,1292,0,197,0,60 banked=0 bank_target=-28 selected=-509,-2881,2143,0,227,254,30
elapsed=8551 actor=second event=move path=70D7 pose=6724,2532,1292,0,197,0,60 banked=0 bank_target=-28 selected=-509,-2881,2143,0,227,254,30
elapsed=8551 actor=second event=vertical-step path=8942 pose=6956,2532,1316,0,197,0,60 banked=0 bank_target=-28 selected=-509,-2881,2143,0,227,254,30
elapsed=8555 actor=first event=move path=70F2 pose=-18488,3771,-4404,0,23,247,60 banked=1 bank_target=15 selected=-491,-2881,2164,0,227,253,30
elapsed=8555 actor=first event=vertical-step path=8942 pose=-18600,3771,-4204,0,21,247,60 banked=1 bank_target=15 selected=-491,-2881,2164,0,227,253,30
elapsed=8555 actor=second event=move path=70D9 pose=6956,2526,1316,0,197,0,60 banked=0 bank_target=1 selected=-491,-2881,2164,0,227,253,30
elapsed=8555 actor=second event=vertical-step path=8942 pose=7188,2526,1340,0,197,0,60 banked=0 bank_target=1 selected=-491,-2881,2164,0,227,253,30
elapsed=8559 actor=first event=move path=70F2 pose=-18600,3898,-4204,0,21,247,60 banked=1 bank_target=16 selected=-473,-2881,2185,0,227,253,30
elapsed=8559 actor=first event=vertical-step path=8942 pose=-18700,3898,-4000,0,19,247,60 banked=1 bank_target=16 selected=-473,-2881,2185,0,227,253,30
elapsed=8559 actor=second event=move path=70D9 pose=7188,2517,1340,0,197,0,60 banked=0 bank_target=2 selected=-473,-2881,2185,0,227,253,30
elapsed=8559 actor=second event=vertical-step path=8942 pose=7420,2517,1364,0,197,0,60 banked=0 bank_target=2 selected=-473,-2881,2185,0,227,253,30
elapsed=8563 actor=first event=move path=70F2 pose=-18700,4024,-4000,0,19,247,60 banked=1 bank_target=17 selected=-455,-2881,2206,0,227,252,30
elapsed=8563 actor=first event=vertical-step path=8942 pose=-18788,4024,-3788,0,17,247,60 banked=1 bank_target=17 selected=-455,-2881,2206,0,227,252,30
elapsed=8563 actor=second event=move path=70D9 pose=7420,2505,1364,0,197,0,60 banked=0 bank_target=3 selected=-455,-2881,2206,0,227,252,30
elapsed=8564 actor=second event=vertical-step path=8942 pose=7652,2505,1388,0,197,0,60 banked=0 bank_target=3 selected=-455,-2881,2206,0,227,252,30
elapsed=8567 actor=first event=move path=70F2 pose=-18788,4150,-3788,0,17,247,60 banked=1 bank_target=18 selected=-437,-2881,2227,0,227,252,30
elapsed=8568 actor=first event=vertical-step path=8942 pose=-18868,4150,-3572,0,15,247,60 banked=1 bank_target=18 selected=-437,-2881,2227,0,227,252,30
elapsed=8568 actor=second event=move path=70D9 pose=7652,2490,1388,0,197,0,60 banked=0 bank_target=4 selected=-437,-2881,2227,0,227,252,30
elapsed=8568 actor=second event=vertical-step path=8942 pose=7884,2490,1412,0,197,0,60 banked=0 bank_target=4 selected=-437,-2881,2227,0,227,252,30
elapsed=8572 actor=first event=move path=70F2 pose=-18868,4276,-3572,0,15,247,60 banked=1 bank_target=19 selected=-419,-2881,2248,0,227,252,30
elapsed=8572 actor=first event=vertical-step path=8942 pose=-18936,4276,-3352,0,13,247,60 banked=1 bank_target=19 selected=-419,-2881,2248,0,227,252,30
elapsed=8572 actor=second event=move path=70D9 pose=7884,2472,1412,0,197,0,60 banked=0 bank_target=5 selected=-419,-2881,2248,0,227,252,30
elapsed=8572 actor=second event=vertical-step path=8942 pose=8116,2472,1436,0,197,0,60 banked=0 bank_target=5 selected=-419,-2881,2248,0,227,252,30
elapsed=8576 actor=first event=move path=70F2 pose=-18936,4402,-3352,0,13,247,60 banked=1 bank_target=20 selected=-401,-2881,2269,0,227,252,30
elapsed=8576 actor=first event=vertical-step path=8942 pose=-18992,4402,-3128,0,11,247,60 banked=1 bank_target=20 selected=-401,-2881,2269,0,227,252,30
elapsed=8576 actor=second event=move path=70D9 pose=8116,2451,1436,0,197,0,60 banked=0 bank_target=6 selected=-401,-2881,2269,0,227,252,30
elapsed=8576 actor=second event=vertical-step path=8942 pose=8348,2451,1460,0,197,0,60 banked=0 bank_target=6 selected=-401,-2881,2269,0,227,252,30
elapsed=8580 actor=first event=move path=70F2 pose=-18992,4528,-3128,0,11,247,60 banked=1 bank_target=21 selected=-383,-2881,2290,0,227,253,30
elapsed=8580 actor=first event=vertical-step path=8942 pose=-19036,4528,-2904,0,9,247,60 banked=1 bank_target=21 selected=-383,-2881,2290,0,227,253,30
elapsed=8581 actor=second event=move path=70D9 pose=8348,2427,1460,0,197,0,60 banked=0 bank_target=7 selected=-383,-2881,2290,0,227,253,30
elapsed=8581 actor=second event=vertical-step path=8942 pose=8580,2427,1484,0,197,0,60 banked=0 bank_target=7 selected=-383,-2881,2290,0,227,253,30
elapsed=8586 actor=first event=move path=70F2 pose=-19036,4653,-2904,0,9,247,60 banked=1 bank_target=22 selected=-365,-2881,2311,0,227,253,30
elapsed=8586 actor=first event=vertical-step path=8942 pose=-19068,4653,-2676,0,7,247,60 banked=1 bank_target=22 selected=-365,-2881,2311,0,227,253,30
elapsed=8586 actor=second event=move path=70D9 pose=8580,2400,1484,0,197,0,60 banked=0 bank_target=8 selected=-365,-2881,2311,0,227,253,30
elapsed=8586 actor=second event=vertical-step path=8942 pose=8812,2400,1508,0,197,0,60 banked=0 bank_target=8 selected=-365,-2881,2311,0,227,253,30
elapsed=8590 actor=first event=move path=70F2 pose=-19068,4778,-2676,0,7,247,60 banked=1 bank_target=23 selected=-347,-2881,2332,0,227,254,30
elapsed=8590 actor=first event=vertical-step path=8942 pose=-19092,4778,-2444,0,5,247,60 banked=1 bank_target=23 selected=-347,-2881,2332,0,227,254,30
elapsed=8591 actor=second event=chase-angle path=886F pose=8812,2370,1508,0,197,0,60 banked=1 bank_target=14 selected=-347,-2881,2332,0,227,254,30
elapsed=8591 actor=second event=move path=886F pose=8812,2370,1508,0,197,1,60 banked=1 bank_target=14 selected=-347,-2881,2332,0,227,254,30
elapsed=8591 actor=second event=vertical-step path=8942 pose=9044,2370,1532,0,197,1,60 banked=1 bank_target=14 selected=-347,-2881,2332,0,227,254,30
elapsed=8595 actor=first event=move path=70F2 pose=-19092,4902,-2444,0,5,247,60 banked=1 bank_target=24 selected=-329,-2881,2353,0,227,254,30
elapsed=8595 actor=first event=vertical-step path=8942 pose=-19104,4902,-2212,0,3,247,60 banked=1 bank_target=24 selected=-329,-2881,2353,0,227,254,30
elapsed=8595 actor=second event=chase-angle path=886F pose=9044,2337,1532,0,197,1,60 banked=1 bank_target=14 selected=-329,-2881,2353,0,227,254,30
elapsed=8595 actor=second event=move path=886F pose=9044,2337,1532,0,197,2,60 banked=1 bank_target=14 selected=-329,-2881,2353,0,227,254,30
elapsed=8595 actor=second event=vertical-step path=8942 pose=9276,2337,1556,0,197,2,60 banked=1 bank_target=14 selected=-329,-2881,2353,0,227,254,30
elapsed=8599 actor=first event=move path=70F2 pose=-19104,5025,-2212,0,3,247,60 banked=1 bank_target=25 selected=-311,-2881,2374,0,227,255,30
elapsed=8599 actor=first event=vertical-step path=8942 pose=-19104,5025,-1980,0,1,247,60 banked=1 bank_target=25 selected=-311,-2881,2374,0,227,255,30
elapsed=8600 actor=second event=chase-angle path=886F pose=9276,2301,1556,0,197,2,60 banked=1 bank_target=14 selected=-311,-2881,2374,0,227,255,30
elapsed=8600 actor=second event=move path=886F pose=9276,2301,1556,0,197,3,60 banked=1 bank_target=14 selected=-311,-2881,2374,0,227,255,30
elapsed=8600 actor=second event=vertical-step path=8942 pose=9508,2301,1580,0,197,3,60 banked=1 bank_target=14 selected=-311,-2881,2374,0,227,255,30
elapsed=8604 actor=first event=move path=70F2 pose=-19104,5148,-1980,0,1,247,60 banked=1 bank_target=26 selected=-293,-2881,2395,0,227,0,30
elapsed=8604 actor=first event=vertical-step path=8942 pose=-19104,5148,-1748,0,255,247,60 banked=1 bank_target=26 selected=-293,-2881,2395,0,227,0,30
elapsed=8604 actor=second event=chase-angle path=886F pose=9508,2262,1580,0,197,3,60 banked=1 bank_target=14 selected=-293,-2881,2395,0,227,0,30
elapsed=8604 actor=second event=move path=886F pose=9508,2262,1580,0,197,4,60 banked=1 bank_target=14 selected=-293,-2881,2395,0,227,0,30
elapsed=8604 actor=second event=vertical-step path=8942 pose=9736,2262,1608,0,198,4,60 banked=1 bank_target=14 selected=-293,-2881,2395,0,227,0,30
elapsed=8608 actor=first event=move path=70F2 pose=-19104,5270,-1748,0,255,247,60 banked=1 bank_target=27 selected=-275,-2881,2416,0,227,1,30
elapsed=8609 actor=first event=vertical-step path=8942 pose=-19092,5270,-1516,0,253,247,60 banked=1 bank_target=27 selected=-275,-2881,2416,0,227,1,30
elapsed=8609 actor=second event=chase-angle path=886F pose=9736,2220,1608,0,198,4,60 banked=1 bank_target=14 selected=-275,-2881,2416,0,227,1,30
elapsed=8609 actor=second event=move path=886F pose=9736,2220,1608,0,198,5,60 banked=1 bank_target=14 selected=-275,-2881,2416,0,227,1,30
elapsed=8609 actor=second event=vertical-step path=8942 pose=9964,2220,1640,0,199,5,60 banked=1 bank_target=14 selected=-275,-2881,2416,0,227,1,30
elapsed=8613 actor=first event=move path=70F2 pose=-19092,5391,-1516,0,253,247,60 banked=1 bank_target=28 selected=-257,-2881,2437,0,227,2,30
elapsed=8613 actor=first event=vertical-step path=8942 pose=-19068,5391,-1284,0,251,247,60 banked=1 bank_target=28 selected=-257,-2881,2437,0,227,2,30
elapsed=8613 actor=second event=chase-angle path=886F pose=9964,2175,1640,0,199,5,60 banked=1 bank_target=14 selected=-257,-2881,2437,0,227,2,30
elapsed=8613 actor=second event=move path=886F pose=9964,2175,1640,0,199,6,60 banked=1 bank_target=14 selected=-257,-2881,2437,0,227,2,30
elapsed=8613 actor=second event=vertical-step path=8942 pose=10192,2175,1680,0,200,6,60 banked=1 bank_target=14 selected=-257,-2881,2437,0,227,2,30
elapsed=8617 actor=first event=move path=70F2 pose=-19068,5511,-1284,0,251,247,60 banked=1 bank_target=29 selected=-239,-2881,2458,0,227,2,30
elapsed=8618 actor=first event=vertical-step path=8942 pose=-19036,5511,-1056,0,249,247,60 banked=1 bank_target=29 selected=-239,-2881,2458,0,227,2,30
elapsed=8618 actor=second event=chase-angle path=886F pose=10192,2127,1680,0,200,6,60 banked=1 bank_target=14 selected=-239,-2881,2458,0,227,2,30
elapsed=8618 actor=second event=move path=886F pose=10192,2127,1680,0,200,7,60 banked=1 bank_target=14 selected=-239,-2881,2458,0,227,2,30
elapsed=8618 actor=second event=vertical-step path=8942 pose=10416,2127,1724,0,201,7,60 banked=1 bank_target=14 selected=-239,-2881,2458,0,227,2,30
elapsed=8622 actor=first event=move path=70F2 pose=-19036,5630,-1056,0,249,247,60 banked=1 bank_target=30 selected=-221,-2881,2479,0,227,3,30
elapsed=8622 actor=first event=vertical-step path=8942 pose=-18992,5630,-832,0,247,247,60 banked=1 bank_target=30 selected=-221,-2881,2479,0,227,3,30
elapsed=8622 actor=second event=chase-angle path=886F pose=10416,2076,1724,0,201,7,60 banked=1 bank_target=14 selected=-221,-2881,2479,0,227,3,30
elapsed=8622 actor=second event=move path=886F pose=10416,2076,1724,0,201,8,60 banked=1 bank_target=14 selected=-221,-2881,2479,0,227,3,30
elapsed=8622 actor=second event=vertical-step path=8942 pose=10640,2076,1780,0,203,8,60 banked=1 bank_target=14 selected=-221,-2881,2479,0,227,3,30
elapsed=8627 actor=first event=move path=70F2 pose=-18992,5748,-832,0,247,247,60 banked=1 bank_target=31 selected=-203,-2881,2500,0,227,3,30
elapsed=8627 actor=first event=vertical-step path=8942 pose=-18936,5748,-608,0,245,247,60 banked=1 bank_target=31 selected=-203,-2881,2500,0,227,3,30
elapsed=8627 actor=second event=chase-angle path=886F pose=10640,2022,1780,0,203,8,60 banked=1 bank_target=14 selected=-203,-2881,2500,0,227,3,30
elapsed=8627 actor=second event=move path=886F pose=10640,2022,1780,0,203,9,60 banked=1 bank_target=14 selected=-203,-2881,2500,0,227,3,30
elapsed=8627 actor=second event=vertical-step path=8942 pose=10860,2022,1848,0,205,9,60 banked=1 bank_target=14 selected=-203,-2881,2500,0,227,3,30
elapsed=8631 actor=first event=move path=70F2 pose=-18936,5865,-608,0,245,247,60 banked=1 bank_target=32 selected=-185,-2881,2521,0,227,4,30
elapsed=8631 actor=first event=vertical-step path=8942 pose=-18868,5865,-388,0,243,247,60 banked=1 bank_target=32 selected=-185,-2881,2521,0,227,4,30
elapsed=8631 actor=second event=chase-angle path=886F pose=10860,1965,1848,0,205,9,60 banked=1 bank_target=14 selected=-185,-2881,2521,0,227,4,30
elapsed=8631 actor=second event=move path=886F pose=10860,1965,1848,0,205,10,60 banked=1 bank_target=14 selected=-185,-2881,2521,0,227,4,30
elapsed=8632 actor=second event=vertical-step path=8942 pose=11076,1965,1928,0,207,10,60 banked=1 bank_target=14 selected=-185,-2881,2521,0,227,4,30
elapsed=8636 actor=first event=move path=70F2 pose=-18868,5981,-388,0,243,247,60 banked=1 bank_target=33 selected=-167,-2881,2542,0,227,4,30
elapsed=8636 actor=first event=vertical-step path=8942 pose=-18788,5981,-172,0,241,247,60 banked=1 bank_target=33 selected=-167,-2881,2542,0,227,4,30
elapsed=8636 actor=second event=chase-angle path=886F pose=11076,1906,1928,0,207,10,60 banked=1 bank_target=14 selected=-167,-2881,2542,0,227,4,30
elapsed=8636 actor=second event=move path=886F pose=11076,1906,1928,0,207,11,60 banked=1 bank_target=14 selected=-167,-2881,2542,0,227,4,30
elapsed=8636 actor=second event=vertical-step path=8942 pose=11288,1906,2016,0,209,11,60 banked=1 bank_target=14 selected=-167,-2881,2542,0,227,4,30
elapsed=8640 actor=first event=move path=70F2 pose=-18788,6095,-172,0,241,247,60 banked=1 bank_target=34 selected=-149,-2881,2563,0,227,4,30
elapsed=8640 actor=first event=vertical-step path=8942 pose=-18700,6095,40,0,239,247,60 banked=1 bank_target=34 selected=-149,-2881,2563,0,227,4,30
elapsed=8641 actor=second event=chase-angle path=886F pose=11288,1844,2016,0,209,11,60 banked=1 bank_target=14 selected=-149,-2881,2563,0,227,4,30
elapsed=8641 actor=second event=move path=886F pose=11288,1844,2016,0,209,12,60 banked=1 bank_target=14 selected=-149,-2881,2563,0,227,4,30
elapsed=8641 actor=second event=vertical-step path=8942 pose=11492,1844,2120,0,212,12,60 banked=1 bank_target=14 selected=-149,-2881,2563,0,227,4,30
elapsed=8645 actor=first event=move path=70F2 pose=-18700,6208,40,0,239,247,60 banked=1 bank_target=35 selected=-131,-2881,2584,0,227,4,30
elapsed=8645 actor=first event=vertical-step path=8942 pose=-18600,6208,244,0,237,247,60 banked=1 bank_target=35 selected=-131,-2881,2584,0,227,4,30
elapsed=8645 actor=second event=chase-angle path=886F pose=11492,1779,2120,0,212,12,60 banked=1 bank_target=14 selected=-131,-2881,2584,0,227,4,30
elapsed=8645 actor=second event=move path=886F pose=11492,1779,2120,0,212,13,60 banked=1 bank_target=14 selected=-131,-2881,2584,0,227,4,30
elapsed=8645 actor=second event=vertical-step path=8942 pose=11688,1779,2240,0,215,13,60 banked=1 bank_target=14 selected=-131,-2881,2584,0,227,4,30
elapsed=8650 actor=first event=move path=70F2 pose=-18600,6320,244,0,237,247,60 banked=1 bank_target=36 selected=-113,-2881,2605,0,227,3,30
elapsed=8650 actor=first event=vertical-step path=8942 pose=-18488,6320,444,0,235,247,60 banked=1 bank_target=36 selected=-113,-2881,2605,0,227,3,30
elapsed=8650 actor=second event=chase-angle path=886F pose=11688,1712,2240,0,215,13,60 banked=1 bank_target=14 selected=-113,-2881,2605,0,227,3,30
elapsed=8650 actor=second event=move path=70F2 pose=11688,1712,2240,0,215,14,60 banked=1 bank_target=1 selected=-113,-2881,2605,0,227,3,30
elapsed=8650 actor=second event=vertical-step path=8942 pose=11872,1712,2376,0,218,14,60 banked=1 bank_target=1 selected=-113,-2881,2605,0,227,3,30
elapsed=8654 actor=first event=move path=70F2 pose=-18488,6430,444,0,235,247,60 banked=1 bank_target=37 selected=-95,-2881,2626,0,227,3,30
elapsed=8654 actor=first event=vertical-step path=8942 pose=-18368,6430,640,0,233,247,60 banked=1 bank_target=37 selected=-95,-2881,2626,0,227,3,30
elapsed=8654 actor=second event=move path=70F2 pose=11872,1642,2376,0,218,14,60 banked=1 bank_target=2 selected=-95,-2881,2626,0,227,3,30
elapsed=8655 actor=second event=vertical-step path=8942 pose=12048,1642,2524,0,221,14,60 banked=1 bank_target=2 selected=-95,-2881,2626,0,227,3,30
elapsed=8659 actor=first event=move path=70F2 pose=-18368,6538,640,0,233,247,60 banked=1 bank_target=38 selected=-77,-2881,2647,0,227,2,30
elapsed=8659 actor=first event=vertical-step path=8942 pose=-18236,6538,828,0,231,247,60 banked=1 bank_target=38 selected=-77,-2881,2647,0,227,2,30
elapsed=8659 actor=second event=move path=70F2 pose=12048,1569,2524,0,221,14,60 banked=1 bank_target=3 selected=-77,-2881,2647,0,227,2,30
elapsed=8659 actor=second event=vertical-step path=8942 pose=12208,1569,2684,0,224,14,60 banked=1 bank_target=3 selected=-77,-2881,2647,0,227,2,30
elapsed=8663 actor=first event=move path=70F2 pose=-18236,6645,828,0,231,247,60 banked=1 bank_target=39 selected=-59,-2881,2668,0,227,2,30
elapsed=8663 actor=first event=vertical-step path=8942 pose=-18096,6645,1008,0,229,247,60 banked=1 bank_target=39 selected=-59,-2881,2668,0,227,2,30
elapsed=8663 actor=second event=move path=70F2 pose=12208,1494,2684,0,224,14,60 banked=1 bank_target=4 selected=-59,-2881,2668,0,227,2,30
elapsed=8663 actor=second event=vertical-step path=8942 pose=12356,1494,2860,0,227,14,60 banked=1 bank_target=4 selected=-59,-2881,2668,0,227,2,30
elapsed=8667 actor=first event=move path=70F2 pose=-18096,6750,1008,0,229,247,60 banked=1 bank_target=40 selected=-41,-2881,2689,0,227,1,30
elapsed=8667 actor=first event=vertical-step path=8942 pose=-17948,6750,1184,0,227,247,60 banked=1 bank_target=40 selected=-41,-2881,2689,0,227,1,30
elapsed=8668 actor=second event=move path=70F2 pose=12356,1416,2860,0,227,14,60 banked=1 bank_target=5 selected=-41,-2881,2689,0,227,1,30
elapsed=8668 actor=second event=vertical-step path=8942 pose=12492,1416,3044,0,230,14,60 banked=1 bank_target=5 selected=-41,-2881,2689,0,227,1,30
elapsed=8672 actor=first event=move path=70F2 pose=-17948,6853,1184,0,227,247,60 banked=1 bank_target=41 selected=-23,-2881,2710,0,227,0,30
elapsed=8672 actor=first event=vertical-step path=8942 pose=-17792,6853,1348,0,225,247,60 banked=1 bank_target=41 selected=-23,-2881,2710,0,227,0,30
elapsed=8672 actor=second event=move path=70F2 pose=12492,1336,3044,0,230,14,60 banked=1 bank_target=6 selected=-23,-2881,2710,0,227,0,30
elapsed=8672 actor=second event=vertical-step path=8942 pose=12612,1336,3240,0,233,14,60 banked=1 bank_target=6 selected=-23,-2881,2710,0,227,0,30
elapsed=8676 actor=first event=move path=70F2 pose=-17792,6955,1348,0,225,247,60 banked=1 bank_target=42 selected=-5,-2881,2731,0,227,255,30
elapsed=8676 actor=first event=vertical-step path=8942 pose=-17628,6955,1504,0,223,247,60 banked=1 bank_target=42 selected=-5,-2881,2731,0,227,255,30
elapsed=8676 actor=second event=move path=70F2 pose=12612,1254,3240,0,233,14,60 banked=1 bank_target=7 selected=-5,-2881,2731,0,227,255,30
elapsed=8676 actor=second event=vertical-step path=8942 pose=12716,1254,3444,0,236,14,60 banked=1 bank_target=7 selected=-5,-2881,2731,0,227,255,30
elapsed=8680 actor=first event=wait-for-angle path=7101 pose=-17628,7055,1504,0,223,247,60 banked=0 bank_target=43 selected=13,-2881,2752,0,227,254,30
elapsed=8680 actor=first event=move path=7101 pose=-17628,7055,1504,0,223,248,60 banked=0 bank_target=43 selected=13,-2881,2752,0,227,254,30
elapsed=8681 actor=first event=vertical-step path=8942 pose=-17464,7055,1660,0,223,248,60 banked=0 bank_target=43 selected=13,-2881,2752,0,227,254,30
elapsed=8681 actor=second event=move path=70F2 pose=12716,1169,3444,0,236,14,60 banked=1 bank_target=8 selected=13,-2881,2752,0,227,254,30
elapsed=8681 actor=second event=vertical-step path=8942 pose=12804,1169,3656,0,239,14,60 banked=1 bank_target=8 selected=13,-2881,2752,0,227,254,30
elapsed=8685 actor=first event=wait-for-angle path=7101 pose=-17464,7153,1660,0,223,248,60 banked=0 bank_target=43 selected=31,-2881,2773,0,227,254,30
elapsed=8685 actor=first event=move path=7101 pose=-17464,7153,1660,0,223,249,60 banked=0 bank_target=43 selected=31,-2881,2773,0,227,254,30
elapsed=8685 actor=first event=vertical-step path=8942 pose=-17300,7153,1816,0,223,249,60 banked=0 bank_target=43 selected=31,-2881,2773,0,227,254,30
elapsed=8685 actor=second event=move path=70F2 pose=12804,1082,3656,0,239,14,60 banked=1 bank_target=9 selected=31,-2881,2773,0,227,254,30
elapsed=8685 actor=second event=vertical-step path=8942 pose=12876,1082,3872,0,242,14,60 banked=1 bank_target=9 selected=31,-2881,2773,0,227,254,30
elapsed=8689 actor=first event=wait-for-angle path=7101 pose=-17300,7249,1816,0,223,249,60 banked=0 bank_target=43 selected=49,-2881,2794,0,227,253,30
elapsed=8689 actor=first event=move path=7101 pose=-17300,7249,1816,0,223,250,60 banked=0 bank_target=43 selected=49,-2881,2794,0,227,253,30
elapsed=8689 actor=first event=vertical-step path=8942 pose=-17136,7249,1972,0,223,250,60 banked=0 bank_target=43 selected=49,-2881,2794,0,227,253,30
elapsed=8689 actor=second event=move path=70F2 pose=12876,993,3872,0,242,14,60 banked=1 bank_target=10 selected=49,-2881,2794,0,227,253,30
elapsed=8689 actor=second event=vertical-step path=8942 pose=12932,993,4096,0,245,14,60 banked=1 bank_target=10 selected=49,-2881,2794,0,227,253,30
elapsed=8693 actor=first event=wait-for-angle path=7101 pose=-17136,7343,1972,0,223,250,60 banked=0 bank_target=43 selected=67,-2881,2815,0,227,253,30
elapsed=8693 actor=first event=move path=7101 pose=-17136,7343,1972,0,223,251,60 banked=0 bank_target=43 selected=67,-2881,2815,0,227,253,30
elapsed=8693 actor=first event=vertical-step path=8942 pose=-16972,7343,2128,0,223,251,60 banked=0 bank_target=43 selected=67,-2881,2815,0,227,253,30
elapsed=8694 actor=second event=move path=70F2 pose=12932,902,4096,0,245,14,60 banked=1 bank_target=11 selected=67,-2881,2815,0,227,253,30
elapsed=8694 actor=second event=vertical-step path=8942 pose=12972,902,4324,0,248,14,60 banked=1 bank_target=11 selected=67,-2881,2815,0,227,253,30
elapsed=8698 actor=first event=wait-for-angle path=7101 pose=-16972,7434,2128,0,223,251,60 banked=0 bank_target=43 selected=85,-2881,2836,0,227,252,30
elapsed=8698 actor=first event=move path=7101 pose=-16972,7434,2128,0,223,252,60 banked=0 bank_target=43 selected=85,-2881,2836,0,227,252,30
elapsed=8698 actor=first event=vertical-step path=8942 pose=-16808,7434,2284,0,223,252,60 banked=0 bank_target=43 selected=85,-2881,2836,0,227,252,30
elapsed=8698 actor=second event=move path=70F2 pose=12972,808,4324,0,248,14,60 banked=1 bank_target=12 selected=85,-2881,2836,0,227,252,30
elapsed=8698 actor=second event=vertical-step path=8942 pose=12996,808,4556,0,251,14,60 banked=1 bank_target=12 selected=85,-2881,2836,0,227,252,30
elapsed=8702 actor=first event=wait-for-angle path=7101 pose=-16808,7523,2284,0,223,252,60 banked=0 bank_target=43 selected=103,-2881,2857,0,227,252,30
elapsed=8702 actor=first event=move path=7101 pose=-16808,7523,2284,0,223,253,60 banked=0 bank_target=43 selected=103,-2881,2857,0,227,252,30
elapsed=8702 actor=first event=vertical-step path=8942 pose=-16644,7523,2440,0,223,253,60 banked=0 bank_target=43 selected=103,-2881,2857,0,227,252,30
elapsed=8702 actor=second event=move path=70F2 pose=12996,712,4556,0,251,14,60 banked=1 bank_target=13 selected=103,-2881,2857,0,227,252,30
elapsed=8702 actor=second event=vertical-step path=8942 pose=13000,712,4788,0,254,14,60 banked=1 bank_target=13 selected=103,-2881,2857,0,227,252,30
elapsed=8706 actor=first event=wait-for-angle path=7101 pose=-16644,7610,2440,0,223,253,60 banked=0 bank_target=43 selected=121,-2881,2878,0,227,252,30
elapsed=8706 actor=first event=move path=7101 pose=-16644,7610,2440,0,223,254,60 banked=0 bank_target=43 selected=121,-2881,2878,0,227,252,30
elapsed=8706 actor=first event=vertical-step path=8942 pose=-16480,7610,2596,0,223,254,60 banked=0 bank_target=43 selected=121,-2881,2878,0,227,252,30
elapsed=8706 actor=second event=move path=70F2 pose=13000,614,4788,0,254,14,60 banked=1 bank_target=14 selected=121,-2881,2878,0,227,252,30
elapsed=8707 actor=second event=vertical-step path=8942 pose=13000,614,5020,0,1,14,60 banked=1 bank_target=14 selected=121,-2881,2878,0,227,252,30
elapsed=8710 actor=first event=wait-for-angle path=7101 pose=-16480,7695,2596,0,223,254,60 banked=0 bank_target=43 selected=139,-2881,2899,0,227,252,30
elapsed=8710 actor=first event=move path=7101 pose=-16480,7695,2596,0,223,255,60 banked=0 bank_target=43 selected=139,-2881,2899,0,227,252,30
elapsed=8711 actor=first event=vertical-step path=8942 pose=-16316,7695,2752,0,223,255,60 banked=0 bank_target=43 selected=139,-2881,2899,0,227,252,30
elapsed=8711 actor=second event=move path=70F2 pose=13000,514,5020,0,1,14,60 banked=1 bank_target=15 selected=139,-2881,2899,0,227,252,30
elapsed=8711 actor=second event=vertical-step path=8942 pose=12984,514,5252,0,4,14,60 banked=1 bank_target=15 selected=139,-2881,2899,0,227,252,30
elapsed=8715 actor=first event=wait-for-angle path=7101 pose=-16316,7777,2752,0,223,255,60 banked=0 bank_target=43 selected=157,-2881,2920,0,227,253,30
elapsed=8715 actor=first event=move path=7101 pose=-16316,7777,2752,0,223,0,60 banked=0 bank_target=43 selected=157,-2881,2920,0,227,253,30
elapsed=8715 actor=first event=vertical-step path=8942 pose=-16152,7777,2908,0,223,0,60 banked=0 bank_target=43 selected=157,-2881,2920,0,227,253,30
elapsed=8715 actor=second event=move path=70F2 pose=12984,412,5252,0,4,14,60 banked=1 bank_target=16 selected=157,-2881,2920,0,227,253,30
elapsed=8715 actor=second event=vertical-step path=8942 pose=12952,412,5480,0,7,14,60 banked=1 bank_target=16 selected=157,-2881,2920,0,227,253,30
elapsed=8719 actor=first event=wait-for-angle path=7101 pose=-16152,7857,2908,0,223,0,60 banked=0 bank_target=43 selected=175,-2881,2941,0,227,253,30
elapsed=8719 actor=first event=random-branch path=717E pose=-16152,7857,2908,0,223,4,60 banked=1 bank_target=16 selected=175,-2881,2941,0,227,253,30
elapsed=8719 actor=first event=wait-for-angle path=7185 pose=-16152,7857,2908,0,223,4,60 banked=1 bank_target=16 selected=175,-2881,2941,0,227,253,30
elapsed=8719 actor=first event=move path=7185 pose=-16152,7857,2908,250,223,4,60 banked=1 bank_target=16 selected=175,-2881,2941,0,227,253,30
elapsed=8719 actor=second event=move path=70F2 pose=12952,309,5480,0,7,14,60 banked=1 bank_target=17 selected=175,-2881,2941,0,227,253,30
elapsed=8719 actor=second event=vertical-step path=8942 pose=12900,309,5704,0,10,14,60 banked=1 bank_target=17 selected=175,-2881,2941,0,227,253,30
elapsed=8723 actor=first event=wait-for-angle path=7185 pose=-15992,7825,3068,250,224,4,60 banked=1 bank_target=16 selected=193,-2881,2962,0,227,254,30
elapsed=8723 actor=first event=move path=7185 pose=-15992,7825,3068,245,224,4,60 banked=1 bank_target=16 selected=193,-2881,2962,0,227,254,30
elapsed=8723 actor=first event=fire path=8C2E pose=-15840,7765,3228,167,192,4,60 banked=1 bank_target=16 selected=193,-2881,2962,0,227,254,30
elapsed=8724 actor=second event=move path=70F2 pose=12900,204,5704,0,10,14,60 banked=1 bank_target=18 selected=193,-2881,2962,0,227,254,30
elapsed=8724 actor=second event=vertical-step path=8942 pose=12832,204,5924,0,13,14,60 banked=1 bank_target=18 selected=193,-2881,2962,0,227,254,30
elapsed=8728 actor=first event=wait-for-angle path=7185 pose=-15840,7765,3228,245,225,4,60 banked=1 bank_target=16 selected=211,-2881,2983,0,227,254,30
elapsed=8728 actor=first event=move path=7185 pose=-15840,7765,3228,241,225,4,60 banked=1 bank_target=16 selected=211,-2881,2983,0,227,254,30
elapsed=8729 actor=second event=move path=70F2 pose=12832,97,5924,0,13,14,60 banked=1 bank_target=19 selected=211,-2881,2983,0,227,254,30
elapsed=8729 actor=second event=vertical-step path=8942 pose=12748,97,6136,0,16,14,60 banked=1 bank_target=19 selected=211,-2881,2983,0,227,254,30
elapsed=8732 actor=first event=wait-for-angle path=7185 pose=-15700,7681,3388,241,226,4,60 banked=1 bank_target=16 selected=229,-2881,3004,0,227,255,30
elapsed=8732 actor=first event=move path=7185 pose=-15700,7681,3388,237,226,4,60 banked=1 bank_target=16 selected=229,-2881,3004,0,227,255,30
elapsed=8732 actor=second event=move path=70F2 pose=12748,-11,6136,0,16,14,60 banked=1 bank_target=20 selected=229,-2881,3004,0,227,255,30
elapsed=8733 actor=second event=vertical-step path=8942 pose=12648,-11,6340,0,19,14,60 banked=1 bank_target=20 selected=229,-2881,3004,0,227,255,30
elapsed=8736 actor=first event=wait-for-angle path=7185 pose=-15568,7577,3544,237,227,4,60 banked=1 bank_target=16 selected=247,-2881,3025,0,227,0,30
elapsed=8736 actor=first event=move path=7185 pose=-15568,7577,3544,234,227,4,60 banked=1 bank_target=16 selected=247,-2881,3025,0,227,0,30
elapsed=8736 actor=second event=move path=70F2 pose=12648,-121,6340,0,19,14,60 banked=1 bank_target=21 selected=247,-2881,3025,0,227,0,30
elapsed=8736 actor=second event=vertical-step path=8942 pose=12532,-121,6536,0,22,14,60 banked=1 bank_target=21 selected=247,-2881,3025,0,227,0,30
elapsed=8740 actor=first event=wait-for-angle path=7185 pose=-15444,7457,3692,234,228,4,60 banked=1 bank_target=16 selected=265,-2881,3046,0,227,1,30
elapsed=8740 actor=first event=move path=7185 pose=-15444,7457,3692,231,228,4,60 banked=1 bank_target=16 selected=265,-2881,3046,0,227,1,30
elapsed=8740 actor=second event=move path=70F2 pose=12532,-233,6536,0,22,14,60 banked=1 bank_target=22 selected=265,-2881,3046,0,227,1,30
elapsed=8740 actor=second event=vertical-step path=8942 pose=12400,-233,6724,0,25,14,60 banked=1 bank_target=22 selected=265,-2881,3046,0,227,1,30
elapsed=8744 actor=first event=wait-for-angle path=7185 pose=-15332,7321,3840,231,229,4,60 banked=1 bank_target=16 selected=283,-2881,3067,0,227,2,30
elapsed=8744 actor=first event=move path=7185 pose=-15332,7321,3840,228,229,4,60 banked=1 bank_target=16 selected=283,-2881,3067,0,227,2,30
elapsed=8744 actor=second event=move path=70F2 pose=12400,-346,6724,0,25,14,60 banked=1 bank_target=23 selected=283,-2881,3067,0,227,2,30
elapsed=8744 actor=second event=vertical-step path=8942 pose=12256,-346,6900,0,28,14,60 banked=1 bank_target=23 selected=283,-2881,3067,0,227,2,30
elapsed=8748 actor=first event=wait-for-angle path=7185 pose=-15228,7173,3980,228,230,4,60 banked=1 bank_target=16 selected=301,-2881,3088,0,227,2,30
elapsed=8748 actor=first event=move path=7185 pose=-15228,7173,3980,226,230,4,60 banked=1 bank_target=16 selected=301,-2881,3088,0,227,2,30
elapsed=8748 actor=second event=move path=70F2 pose=12256,-460,6900,0,28,14,60 banked=1 bank_target=24 selected=301,-2881,3088,0,227,2,30
elapsed=8748 actor=second event=vertical-step path=8942 pose=12100,-460,7064,0,31,14,60 banked=1 bank_target=24 selected=301,-2881,3088,0,227,2,30
elapsed=8752 actor=first event=wait-for-angle path=7185 pose=-15132,7017,4120,226,231,4,60 banked=1 bank_target=16 selected=319,-2881,3109,0,227,3,30
elapsed=8752 actor=first event=move path=7185 pose=-15132,7017,4120,224,231,4,60 banked=1 bank_target=16 selected=319,-2881,3109,0,227,3,30
elapsed=8752 actor=second event=move path=70F2 pose=12100,-576,7064,0,31,14,60 banked=1 bank_target=25 selected=319,-2881,3109,0,227,3,30
elapsed=8753 actor=second event=vertical-step path=8942 pose=11928,-576,7216,0,34,14,60 banked=1 bank_target=25 selected=319,-2881,3109,0,227,3,30
elapsed=8756 actor=first event=wait-for-angle path=7185 pose=-15044,6853,4256,224,232,4,60 banked=1 bank_target=16 selected=337,-2881,3130,0,227,3,30
elapsed=8756 actor=first event=move path=7185 pose=-15044,6853,4256,222,232,4,60 banked=1 bank_target=16 selected=337,-2881,3130,0,227,3,30
elapsed=8757 actor=second event=move path=70F2 pose=11928,-693,7216,0,34,14,60 banked=1 bank_target=26 selected=337,-2881,3130,0,227,3,30
elapsed=8757 actor=second event=vertical-step path=8942 pose=11748,-693,7356,0,37,14,60 banked=1 bank_target=26 selected=337,-2881,3130,0,227,3,30
elapsed=8761 actor=first event=wait-for-angle path=7185 pose=-14964,6677,4388,222,233,4,60 banked=1 bank_target=16 selected=355,-2881,3151,0,227,4,30
elapsed=8761 actor=first event=move path=7185 pose=-14964,6677,4388,220,233,4,60 banked=1 bank_target=16 selected=355,-2881,3151,0,227,4,30
elapsed=8761 actor=second event=move path=70F2 pose=11748,-811,7356,0,37,14,60 banked=1 bank_target=27 selected=355,-2881,3151,0,227,4,30
elapsed=8761 actor=second event=vertical-step path=8942 pose=11556,-811,7480,0,40,14,60 banked=1 bank_target=27 selected=355,-2881,3151,0,227,4,30
elapsed=8765 actor=first event=wait-for-angle path=7185 pose=-14892,6497,4512,220,234,4,60 banked=1 bank_target=16 selected=373,-2881,3172,0,227,4,30
elapsed=8765 actor=first event=move path=7185 pose=-14892,6497,4512,219,234,4,60 banked=1 bank_target=16 selected=373,-2881,3172,0,227,4,30
elapsed=8765 actor=second event=move path=70F2 pose=11556,-930,7480,0,40,14,60 banked=1 bank_target=28 selected=373,-2881,3172,0,227,4,30
elapsed=8765 actor=second event=vertical-step path=8942 pose=11356,-930,7592,0,43,14,60 banked=1 bank_target=28 selected=373,-2881,3172,0,227,4,30
elapsed=8769 actor=first event=wait-for-angle path=7185 pose=-14824,6313,4636,219,235,4,60 banked=1 bank_target=16 selected=391,-2881,3193,0,227,4,30
elapsed=8769 actor=first event=move path=7185 pose=-14824,6313,4636,218,235,4,60 banked=1 bank_target=16 selected=391,-2881,3193,0,227,4,30
elapsed=8769 actor=second event=move path=70F2 pose=11356,-1050,7592,0,43,14,60 banked=1 bank_target=29 selected=391,-2881,3193,0,227,4,30
elapsed=8769 actor=second event=vertical-step path=8942 pose=11148,-1050,7688,0,46,14,60 banked=1 bank_target=29 selected=391,-2881,3193,0,227,4,30
elapsed=8773 actor=first event=wait-for-angle path=7185 pose=-14764,6125,4756,218,236,4,60 banked=1 bank_target=16 selected=409,-2881,3214,0,227,4,30
elapsed=8773 actor=first event=move path=7185 pose=-14764,6125,4756,217,236,4,60 banked=1 bank_target=16 selected=409,-2881,3214,0,227,4,30
elapsed=8773 actor=second event=move path=70F2 pose=11148,-1171,7688,0,46,14,60 banked=1 bank_target=30 selected=409,-2881,3214,0,227,4,30
elapsed=8773 actor=second event=vertical-step path=8942 pose=10932,-1171,7768,0,49,14,60 banked=1 bank_target=30 selected=409,-2881,3214,0,227,4,30
elapsed=8777 actor=first event=wait-for-angle path=7185 pose=-14708,5933,4872,217,237,4,60 banked=1 bank_target=16 selected=427,-2881,3235,0,227,3,30
elapsed=8777 actor=first event=move path=7185 pose=-14708,5933,4872,216,237,4,60 banked=1 bank_target=16 selected=427,-2881,3235,0,227,3,30
elapsed=8777 actor=second event=move path=70F2 pose=10932,-1293,7768,0,49,14,60 banked=1 bank_target=31 selected=427,-2881,3235,0,227,3,30
elapsed=8777 actor=second event=vertical-step path=8942 pose=10712,-1293,7828,0,52,14,60 banked=1 bank_target=31 selected=427,-2881,3235,0,227,3,30
elapsed=8781 actor=first event=wait-for-angle path=7185 pose=-14656,5737,4984,216,238,4,60 banked=1 bank_target=16 selected=445,-2881,3256,0,227,3,30
elapsed=8781 actor=first event=move path=7185 pose=-14656,5737,4984,215,238,4,60 banked=1 bank_target=16 selected=445,-2881,3256,0,227,3,30
elapsed=8781 actor=second event=wait-for-angle path=7101 pose=10712,-1416,7828,0,52,14,60 banked=0 bank_target=32 selected=445,-2881,3256,0,227,3,30
elapsed=8781 actor=second event=move path=7101 pose=10712,-1416,7828,0,52,13,60 banked=0 bank_target=32 selected=445,-2881,3256,0,227,3,30
elapsed=8782 actor=second event=vertical-step path=8942 pose=10492,-1416,7888,0,52,13,60 banked=0 bank_target=32 selected=445,-2881,3256,0,227,3,30
elapsed=8785 actor=first event=wait-for-angle path=7185 pose=-14608,5537,5096,215,239,4,60 banked=1 bank_target=16 selected=463,-2881,3277,0,227,2,30
elapsed=8785 actor=first event=move path=7185 pose=-14608,5537,5096,214,239,4,60 banked=1 bank_target=16 selected=463,-2881,3277,0,227,2,30
elapsed=8785 actor=second event=wait-for-angle path=7101 pose=10492,-1539,7888,0,52,13,60 banked=0 bank_target=32 selected=463,-2881,3277,0,227,2,30
elapsed=8785 actor=second event=move path=7101 pose=10492,-1539,7888,0,52,12,60 banked=0 bank_target=32 selected=463,-2881,3277,0,227,2,30
elapsed=8786 actor=second event=vertical-step path=8942 pose=10272,-1539,7948,0,52,12,60 banked=0 bank_target=32 selected=463,-2881,3277,0,227,2,30
elapsed=8789 actor=first event=wait-for-angle path=7185 pose=-14564,5337,5204,214,240,4,60 banked=1 bank_target=16 selected=481,-2881,3298,0,227,2,30
elapsed=8789 actor=first event=move path=7185 pose=-14564,5337,5204,213,240,4,60 banked=1 bank_target=16 selected=481,-2881,3298,0,227,2,30
elapsed=8790 actor=first event=fire path=8C2E pose=-14524,5133,5308,162,187,4,60 banked=1 bank_target=16 selected=481,-2881,3298,0,227,2,30
elapsed=8790 actor=second event=wait-for-angle path=7101 pose=10272,-1663,7948,0,52,12,60 banked=0 bank_target=32 selected=481,-2881,3298,0,227,2,30
elapsed=8790 actor=second event=move path=7101 pose=10272,-1663,7948,0,52,11,60 banked=0 bank_target=32 selected=481,-2881,3298,0,227,2,30
elapsed=8790 actor=second event=vertical-step path=8942 pose=10052,-1663,8008,0,52,11,60 banked=0 bank_target=32 selected=481,-2881,3298,0,227,2,30
elapsed=8794 actor=first event=wait-for-angle path=7185 pose=-14524,5133,5308,213,241,4,60 banked=1 bank_target=16 selected=499,-2881,3319,0,227,1,30
elapsed=8794 actor=first event=move path=7185 pose=-14524,5133,5308,212,241,4,60 banked=1 bank_target=16 selected=499,-2881,3319,0,227,1,30
elapsed=8794 actor=second event=wait-for-angle path=7101 pose=10052,-1788,8008,0,52,11,60 banked=0 bank_target=32 selected=499,-2881,3319,0,227,1,30
elapsed=8794 actor=second event=move path=7101 pose=10052,-1788,8008,0,52,10,60 banked=0 bank_target=32 selected=499,-2881,3319,0,227,1,30
elapsed=8794 actor=second event=vertical-step path=8942 pose=9832,-1788,8068,0,52,10,60 banked=0 bank_target=32 selected=499,-2881,3319,0,227,1,30
elapsed=8798 actor=first event=wait-for-angle path=7185 pose=-14492,4925,5408,212,242,4,60 banked=1 bank_target=16 selected=517,-2881,3340,0,227,0,30
elapsed=8798 actor=first event=move path=7185 pose=-14492,4925,5408,211,242,4,60 banked=1 bank_target=16 selected=517,-2881,3340,0,227,0,30
elapsed=8798 actor=second event=wait-for-angle path=7101 pose=9832,-1913,8068,0,52,10,60 banked=0 bank_target=32 selected=517,-2881,3340,0,227,0,30
elapsed=8798 actor=second event=move path=7101 pose=9832,-1913,8068,0,52,9,60 banked=0 bank_target=32 selected=517,-2881,3340,0,227,0,30
elapsed=8798 actor=second event=vertical-step path=8942 pose=9612,-1913,8128,0,52,9,60 banked=0 bank_target=32 selected=517,-2881,3340,0,227,0,30
elapsed=8802 actor=first event=wait-for-angle path=7185 pose=-14460,4717,5504,211,243,4,60 banked=1 bank_target=16 selected=535,-2881,3361,0,227,255,30
elapsed=8802 actor=first event=move path=7185 pose=-14460,4717,5504,210,243,4,60 banked=1 bank_target=16 selected=535,-2881,3361,0,227,255,30
elapsed=8802 actor=second event=wait-for-angle path=7101 pose=9612,-2039,8128,0,52,9,60 banked=0 bank_target=32 selected=535,-2881,3361,0,227,255,30
elapsed=8802 actor=second event=move path=7101 pose=9612,-2039,8128,0,52,8,60 banked=0 bank_target=32 selected=535,-2881,3361,0,227,255,30
elapsed=8802 actor=second event=vertical-step path=8942 pose=9392,-2039,8188,0,52,8,60 banked=0 bank_target=32 selected=535,-2881,3361,0,227,255,30
elapsed=8806 actor=first event=wait-for-angle path=7185 pose=-14436,4505,5596,210,244,4,60 banked=1 bank_target=16 selected=553,-2881,3382,0,227,254,30
elapsed=8806 actor=first event=move path=7185 pose=-14436,4505,5596,209,244,4,60 banked=1 bank_target=16 selected=553,-2881,3382,0,227,254,30
elapsed=8806 actor=second event=wait-for-angle path=7101 pose=9392,-2165,8188,0,52,8,60 banked=0 bank_target=32 selected=553,-2881,3382,0,227,254,30
elapsed=8806 actor=second event=move path=7101 pose=9392,-2165,8188,0,52,7,60 banked=0 bank_target=32 selected=553,-2881,3382,0,227,254,30
elapsed=8806 actor=second event=vertical-step path=8942 pose=9172,-2165,8248,0,52,7,60 banked=0 bank_target=32 selected=553,-2881,3382,0,227,254,30
elapsed=8810 actor=first event=wait-for-angle path=7185 pose=-14416,4289,5684,209,245,4,60 banked=1 bank_target=16 selected=571,-2881,3403,0,227,254,30
elapsed=8810 actor=first event=move path=7185 pose=-14416,4289,5684,208,245,4,60 banked=1 bank_target=16 selected=571,-2881,3403,0,227,254,30
elapsed=8810 actor=second event=wait-for-angle path=7101 pose=9172,-2291,8248,0,52,7,60 banked=0 bank_target=32 selected=571,-2881,3403,0,227,254,30
elapsed=8810 actor=second event=move path=7101 pose=9172,-2291,8248,0,52,6,60 banked=0 bank_target=32 selected=571,-2881,3403,0,227,254,30
elapsed=8811 actor=second event=vertical-step path=8942 pose=8952,-2291,8308,0,52,6,60 banked=0 bank_target=32 selected=571,-2881,3403,0,227,254,30
elapsed=8814 actor=first event=wait-for-angle path=7185 pose=-14396,4073,5768,208,246,4,60 banked=1 bank_target=16 selected=589,-2881,3424,0,227,253,30
elapsed=8814 actor=first event=move path=7185 pose=-14396,4073,5768,207,246,4,60 banked=1 bank_target=16 selected=589,-2881,3424,0,227,253,30
elapsed=8814 actor=second event=wait-for-angle path=7101 pose=8952,-2417,8308,0,52,6,60 banked=0 bank_target=32 selected=589,-2881,3424,0,227,253,30
elapsed=8814 actor=second event=move path=7101 pose=8952,-2417,8308,0,52,5,60 banked=0 bank_target=32 selected=589,-2881,3424,0,227,253,30
elapsed=8815 actor=second event=vertical-step path=8942 pose=8732,-2417,8368,0,52,5,60 banked=0 bank_target=32 selected=589,-2881,3424,0,227,253,30
elapsed=8818 actor=first event=wait-for-angle path=7185 pose=-14380,3853,5848,207,247,4,60 banked=1 bank_target=16 selected=607,-2881,3445,0,227,253,30
elapsed=8818 actor=first event=move path=7185 pose=-14380,3853,5848,206,247,4,60 banked=1 bank_target=16 selected=607,-2881,3445,0,227,253,30
elapsed=8819 actor=second event=wait-for-angle path=7101 pose=8732,-2543,8368,0,52,5,60 banked=0 bank_target=32 selected=607,-2881,3445,0,227,253,30
elapsed=8819 actor=second event=move path=7101 pose=8732,-2543,8368,0,52,4,60 banked=0 bank_target=32 selected=607,-2881,3445,0,227,253,30
elapsed=8819 actor=second event=vertical-step path=8942 pose=8512,-2543,8428,0,52,4,60 banked=0 bank_target=32 selected=607,-2881,3445,0,227,253,30
elapsed=8822 actor=first event=wait-for-angle path=7185 pose=-14368,3633,5924,206,248,4,60 banked=1 bank_target=16 selected=625,-2881,3466,0,227,252,30
elapsed=8822 actor=first event=move path=718A pose=-14368,3633,5924,206,248,4,60 banked=1 bank_target=16 selected=625,-2881,3466,0,227,252,30
elapsed=8823 actor=second event=wait-for-angle path=7101 pose=8512,-2670,8428,0,52,4,60 banked=0 bank_target=32 selected=625,-2881,3466,0,227,252,30
elapsed=8823 actor=second event=move path=7101 pose=8512,-2670,8428,0,52,3,60 banked=0 bank_target=32 selected=625,-2881,3466,0,227,252,30
elapsed=8823 actor=second event=vertical-step path=8942 pose=8292,-2670,8488,0,52,3,60 banked=0 bank_target=32 selected=625,-2881,3466,0,227,252,30
elapsed=8827 actor=first event=move path=718A pose=-14360,3413,6000,206,249,4,60 banked=1 bank_target=16 selected=643,-2881,3487,0,227,252,30
elapsed=8827 actor=second event=wait-for-angle path=7101 pose=8292,-2796,8488,0,52,3,60 banked=0 bank_target=32 selected=643,-2881,3487,0,227,252,30
elapsed=8827 actor=second event=move path=7101 pose=8292,-2796,8488,0,52,2,60 banked=0 bank_target=32 selected=643,-2881,3487,0,227,252,30
elapsed=8827 actor=second event=vertical-step path=8942 pose=8072,-2796,8548,0,52,2,60 banked=0 bank_target=32 selected=643,-2881,3487,0,227,252,30
elapsed=8831 actor=first event=move path=718A pose=-14352,3193,6076,206,250,4,60 banked=1 bank_target=16 selected=661,-2881,3508,0,227,252,30
elapsed=8831 actor=second event=wait-for-angle path=7101 pose=8072,-2922,8548,0,52,2,60 banked=0 bank_target=32 selected=661,-2881,3508,0,227,252,30
elapsed=8831 actor=second event=move path=7101 pose=8072,-2922,8548,0,52,1,60 banked=0 bank_target=32 selected=661,-2881,3508,0,227,252,30
elapsed=8831 actor=second event=vertical-step path=8942 pose=7852,-2922,8608,0,52,1,60 banked=0 bank_target=32 selected=661,-2881,3508,0,227,252,30
elapsed=8835 actor=first event=move path=718A pose=-14344,2973,6152,206,251,4,60 banked=1 bank_target=16 selected=679,-2881,3529,0,227,252,30
elapsed=8835 actor=second event=wait-for-angle path=7101 pose=7852,-3048,8608,0,52,1,60 banked=0 bank_target=32 selected=679,-2881,3529,0,227,252,30
elapsed=8835 actor=second event=move path=7101 pose=7852,-3048,8608,0,52,0,60 banked=0 bank_target=32 selected=679,-2881,3529,0,227,252,30
elapsed=8835 actor=second event=vertical-step path=8942 pose=7632,-3048,8668,0,52,0,60 banked=0 bank_target=32 selected=679,-2881,3529,0,227,252,30
elapsed=8839 actor=first event=move path=718A pose=-14340,2753,6228,206,252,4,60 banked=1 bank_target=16 selected=697,-2881,3550,0,227,253,30
elapsed=8839 actor=second event=wait-for-angle path=7101 pose=7632,-3174,8668,0,52,0,60 banked=0 bank_target=32 selected=697,-2881,3550,0,227,253,30
elapsed=8839 actor=second event=random-branch path=71BA pose=7632,-3174,8668,0,52,4,60 banked=1 bank_target=16 selected=697,-2881,3550,0,227,253,30
elapsed=8839 actor=second event=wait-for-angle path=71C1 pose=7632,-3174,8668,0,52,4,60 banked=1 bank_target=16 selected=697,-2881,3550,0,227,253,30
elapsed=8839 actor=second event=move path=71C1 pose=7632,-3174,8668,6,52,4,60 banked=1 bank_target=16 selected=697,-2881,3550,0,227,253,30
elapsed=8843 actor=first event=move path=718A pose=-14336,2533,6304,206,253,4,60 banked=1 bank_target=16 selected=715,-2881,3571,0,227,253,30
elapsed=8843 actor=second event=wait-for-angle path=71C1 pose=7412,-3142,8724,6,53,4,60 banked=1 bank_target=16 selected=715,-2881,3571,0,227,253,30
elapsed=8843 actor=second event=move path=71C1 pose=7412,-3142,8724,11,53,4,60 banked=1 bank_target=16 selected=715,-2881,3571,0,227,253,30
elapsed=8847 actor=first event=move path=718A pose=-14336,2313,6380,206,254,4,60 banked=1 bank_target=16 selected=733,-2881,3592,0,227,254,30
elapsed=8847 actor=second event=wait-for-angle path=71C1 pose=7196,-3082,8776,11,54,4,60 banked=1 bank_target=16 selected=733,-2881,3592,0,227,254,30
elapsed=8847 actor=second event=move path=71C1 pose=7196,-3082,8776,15,54,4,60 banked=1 bank_target=16 selected=733,-2881,3592,0,227,254,30
elapsed=8851 actor=first event=move path=718A pose=-14336,2093,6456,206,255,4,60 banked=1 bank_target=16 selected=751,-2881,3613,0,227,254,30
elapsed=8851 actor=second event=wait-for-angle path=71C1 pose=6988,-2998,8820,15,55,4,60 banked=1 bank_target=16 selected=751,-2881,3613,0,227,254,30
elapsed=8851 actor=second event=move path=71C1 pose=6988,-2998,8820,19,55,4,60 banked=1 bank_target=16 selected=751,-2881,3613,0,227,254,30
elapsed=8855 actor=first event=move path=718A pose=-14336,1873,6532,206,0,4,60 banked=1 bank_target=16 selected=769,-2881,3634,0,227,255,30
elapsed=8856 actor=first event=fire path=8C2E pose=-14336,1653,6608,151,185,4,60 banked=1 bank_target=16 selected=769,-2881,3634,0,227,255,30
elapsed=8856 actor=second event=wait-for-angle path=71C1 pose=6784,-2894,8856,19,56,4,60 banked=1 bank_target=16 selected=769,-2881,3634,0,227,255,30
elapsed=8856 actor=second event=move path=71C1 pose=6784,-2894,8856,22,56,4,60 banked=1 bank_target=16 selected=769,-2881,3634,0,227,255,30
elapsed=8856 actor=second event=fire path=8C2E pose=6592,-2774,8884,255,94,4,60 banked=1 bank_target=16 selected=769,-2881,3634,0,227,255,30
