# Compact oracle evidence for the opening sortie hostile projectiles.
# Raw source SHA-256: cbe3a1637758fc35ffdb4eeed09fc8765b31745c7c8a57f8dd611e7761e23f5b
# Source path addresses and opaque actor storage were reduced to gameplay operations.
elapsed=6995 source=07EC action=set-cruise-speed pose=52,-9101,-2596,10,79,0,30 target=-6719,-2881,-5102,0,227,2,30
elapsed=6995 source=07EC action=contract pose=52,-9101,-2596,10,79,0,63 target=-6719,-2881,-5102,0,227,2,30
elapsed=6995 source=07EC action=contract pose=-39,-9019,-2630,10,79,0,63 target=-6719,-2881,-5102,0,227,2,30
elapsed=6995 source=07EC action=contract pose=-130,-8937,-2664,10,79,0,63 target=-6719,-2881,-5102,0,227,2,30
elapsed=6995 source=07EC action=face-immediate pose=-221,-8854,-2698,10,79,0,63 target=-6719,-2881,-5102,0,227,2,30
elapsed=6995 source=07EC action=advance-homing pose=-221,-8854,-2698,37,79,0,63 target=-6719,-2881,-5102,0,227,2,30
elapsed=7000 source=07EC action=contract pose=-361,-8658,-2750,37,79,0,63 target=-6701,-2881,-5081,0,227,3,30
elapsed=7000 source=07EC action=contract pose=-452,-8576,-2784,37,79,0,63 target=-6701,-2881,-5081,0,227,3,30
elapsed=7000 source=07EC action=contract pose=-544,-8494,-2818,37,79,0,63 target=-6701,-2881,-5081,0,227,3,30
elapsed=7000 source=07EC action=face-immediate pose=-635,-8412,-2852,37,79,0,63 target=-6701,-2881,-5081,0,227,3,30
elapsed=7000 source=07EC action=advance-homing pose=-635,-8412,-2852,37,79,0,63 target=-6701,-2881,-5081,0,227,3,30
elapsed=7005 source=07EC action=contract pose=-775,-8216,-2904,37,79,0,63 target=-6683,-2881,-5060,0,227,3,30
elapsed=7005 source=07EC action=contract pose=-867,-8134,-2938,37,79,0,63 target=-6683,-2881,-5060,0,227,3,30
elapsed=7005 source=07EC action=contract pose=-959,-8052,-2972,37,79,0,63 target=-6683,-2881,-5060,0,227,3,30
elapsed=7005 source=07EC action=face-immediate pose=-1051,-7970,-3006,37,79,0,63 target=-6683,-2881,-5060,0,227,3,30
elapsed=7005 source=07EC action=advance-homing pose=-1051,-7970,-3006,37,79,0,63 target=-6683,-2881,-5060,0,227,3,30
elapsed=7009 source=07EC action=contract pose=-1191,-7774,-3058,37,79,0,63 target=-6665,-2881,-5039,0,227,4,30
elapsed=7009 source=07EC action=contract pose=-1283,-7693,-3092,37,79,0,63 target=-6665,-2881,-5039,0,227,4,30
elapsed=7009 source=07EC action=contract pose=-1375,-7612,-3126,37,79,0,63 target=-6665,-2881,-5039,0,227,4,30
elapsed=7009 source=07EC action=face-immediate pose=-1467,-7531,-3160,37,79,0,63 target=-6665,-2881,-5039,0,227,4,30
elapsed=7009 source=07EC action=advance-homing pose=-1467,-7531,-3160,37,78,0,63 target=-6665,-2881,-5039,0,227,4,30
elapsed=7013 source=07EC action=contract pose=-1607,-7335,-3208,37,78,0,63 target=-6647,-2881,-5018,0,227,4,30
elapsed=7013 source=07EC action=contract pose=-1700,-7254,-3242,37,78,0,63 target=-6647,-2881,-5018,0,227,4,30
elapsed=7014 source=07EC action=contract pose=-1793,-7173,-3276,37,78,0,63 target=-6647,-2881,-5018,0,227,4,30
elapsed=7014 source=07EC action=face-immediate pose=-1886,-7092,-3310,37,78,0,63 target=-6647,-2881,-5018,0,227,4,30
elapsed=7014 source=07EC action=advance-homing pose=-1886,-7092,-3310,36,78,0,63 target=-6647,-2881,-5018,0,227,4,30
elapsed=7018 source=07EC action=contract pose=-2030,-6900,-3358,36,78,0,63 target=-6629,-2881,-4997,0,227,4,30
elapsed=7018 source=07EC action=contract pose=-2123,-6820,-3392,36,78,0,63 target=-6629,-2881,-4997,0,227,4,30
elapsed=7018 source=07EC action=contract pose=-2216,-6740,-3426,36,78,0,63 target=-6629,-2881,-4997,0,227,4,30
elapsed=7018 source=07EC action=face-immediate pose=-2309,-6660,-3460,36,78,0,63 target=-6629,-2881,-4997,0,227,4,30
elapsed=7018 source=07EC action=advance-homing pose=-2309,-6660,-3460,36,78,0,63 target=-6629,-2881,-4997,0,227,4,30
elapsed=7023 source=07EC action=contract pose=-2453,-6468,-3508,36,78,0,63 target=-6611,-2881,-4976,0,227,4,30
elapsed=7023 source=07EC action=contract pose=-2547,-6388,-3541,36,78,0,63 target=-6611,-2881,-4976,0,227,4,30
elapsed=7023 source=07EC action=contract pose=-2641,-6308,-3575,36,78,0,63 target=-6611,-2881,-4976,0,227,4,30
elapsed=7023 source=07EC action=face-immediate pose=-2735,-6228,-3608,36,78,0,63 target=-6611,-2881,-4976,0,227,4,30
elapsed=7023 source=07EC action=advance-homing pose=-2735,-6228,-3608,36,78,0,63 target=-6611,-2881,-4976,0,227,4,30
elapsed=7027 source=07EC action=contract pose=-2879,-6036,-3656,36,78,0,63 target=-6593,-2881,-4955,0,227,3,30
elapsed=7028 source=07EC action=contract pose=-2973,-5957,-3689,36,78,0,63 target=-6593,-2881,-4955,0,227,3,30
elapsed=7028 source=07EC action=contract pose=-3067,-5878,-3722,36,78,0,63 target=-6593,-2881,-4955,0,227,3,30
elapsed=7028 source=07EC action=face-immediate pose=-3161,-5799,-3755,36,78,0,63 target=-6593,-2881,-4955,0,227,3,30
elapsed=7028 source=07EC action=advance-homing pose=-3161,-5799,-3755,36,78,0,63 target=-6593,-2881,-4955,0,227,3,30
elapsed=7032 source=07EC action=contract pose=-3305,-5607,-3803,36,78,0,63 target=-6575,-2881,-4934,0,227,3,30
elapsed=7032 source=07EC action=contract pose=-3400,-5529,-3836,36,78,0,63 target=-6575,-2881,-4934,0,227,3,30
elapsed=7032 source=07EC action=contract pose=-3495,-5451,-3869,36,78,0,63 target=-6575,-2881,-4934,0,227,3,30
elapsed=7032 source=07EC action=face-immediate pose=-3590,-5373,-3902,36,78,0,63 target=-6575,-2881,-4934,0,227,3,30
elapsed=7032 source=07EC action=advance-homing pose=-3590,-5373,-3902,35,78,0,63 target=-6575,-2881,-4934,0,227,3,30
elapsed=7037 source=07EC action=contract pose=-3738,-5185,-3950,35,78,0,63 target=-6557,-2881,-4913,0,227,2,30
elapsed=7037 source=07EC action=contract pose=-3834,-5108,-3983,35,78,0,63 target=-6557,-2881,-4913,0,227,2,30
elapsed=7037 source=07EC action=contract pose=-3930,-5031,-4016,35,78,0,63 target=-6557,-2881,-4913,0,227,2,30
elapsed=7037 source=07EC action=face-immediate pose=-4026,-4954,-4049,35,78,0,63 target=-6557,-2881,-4913,0,227,2,30
elapsed=7037 source=07EC action=advance-homing pose=-4026,-4954,-4049,35,78,0,63 target=-6557,-2881,-4913,0,227,2,30
elapsed=7042 source=07EC action=contract pose=-4174,-4766,-4097,35,78,0,63 target=-6539,-2881,-4892,0,227,2,30
elapsed=7042 source=07EC action=contract pose=-4271,-4690,-4130,35,78,0,63 target=-6539,-2881,-4892,0,227,2,30
elapsed=7042 source=07EC action=contract pose=-4368,-4614,-4163,35,78,0,63 target=-6539,-2881,-4892,0,227,2,30
elapsed=7042 source=07EC action=face-immediate pose=-4465,-4538,-4196,35,78,0,63 target=-6539,-2881,-4892,0,227,2,30
elapsed=7042 source=07EC action=advance-homing pose=-4465,-4538,-4196,35,77,0,63 target=-6539,-2881,-4892,0,227,2,30
elapsed=7046 source=07EC action=contract pose=-4613,-4350,-4244,35,77,0,63 target=-6521,-2881,-4871,0,227,1,30
elapsed=7046 source=07EC action=contract pose=-4711,-4275,-4277,35,77,0,63 target=-6521,-2881,-4871,0,227,1,30
elapsed=7046 source=07EC action=contract pose=-4809,-4200,-4310,35,77,0,63 target=-6521,-2881,-4871,0,227,1,30
elapsed=7046 source=07EC action=face-immediate pose=-4907,-4125,-4342,35,77,0,63 target=-6521,-2881,-4871,0,227,1,30
elapsed=7046 source=07EC action=advance-homing pose=-4907,-4125,-4342,34,77,0,63 target=-6521,-2881,-4871,0,227,1,30
elapsed=7051 source=07EC action=contract pose=-5063,-3941,-4390,34,77,0,63 target=-6503,-2881,-4850,0,227,0,30
elapsed=7051 source=07EC action=contract pose=-5163,-3869,-4422,34,77,0,63 target=-6503,-2881,-4850,0,227,0,30
elapsed=7051 source=07EC action=contract pose=-5263,-3796,-4454,34,77,0,63 target=-6503,-2881,-4850,0,227,0,30
elapsed=7051 source=07EC action=face-immediate pose=-5363,-3723,-4486,34,77,0,63 target=-6503,-2881,-4850,0,227,0,30
elapsed=7051 source=07EC action=advance-homing pose=-5363,-3723,-4486,33,77,0,63 target=-6503,-2881,-4850,0,227,0,30
elapsed=7055 source=07EC action=contract pose=-5523,-3547,-4534,33,77,0,63 target=-6485,-2881,-4829,0,227,255,30
elapsed=7056 source=07EC action=contract pose=-5625,-3477,-4566,33,77,0,63 target=-6485,-2881,-4829,0,227,255,30
elapsed=7056 source=07EC action=contract pose=-5727,-3407,-4597,33,77,0,63 target=-6485,-2881,-4829,0,227,255,30
elapsed=7056 source=07EC action=face-immediate pose=-5829,-3337,-4629,33,77,0,63 target=-6485,-2881,-4829,0,227,255,30
elapsed=7056 source=07EC action=advance-homing pose=-5829,-3337,-4629,32,76,0,63 target=-6485,-2881,-4829,0,227,255,30
elapsed=7060 source=07EC action=face-immediate pose=-5993,-3165,-4673,32,76,0,63 target=-6467,-2881,-4808,0,227,254,30
elapsed=7060 source=07EC action=set-cruise-speed pose=-5993,-3165,-4673,29,76,0,63 target=-6467,-2881,-4808,0,227,254,30
elapsed=7060 source=07EC action=advance-aim pose=-5993,-3165,-4673,29,76,0,63 target=-6467,-2881,-4808,0,227,254,30
elapsed=7061 source=07EC action=face-smooth pose=-6169,-3005,-4721,29,76,0,63 target=-6467,-2881,-4808,0,227,254,30
elapsed=7065 source=07EC action=advance-aim pose=-6169,-3005,-4721,28,76,0,63 target=-6449,-2881,-4787,0,227,254,30
elapsed=7070 source=07EC action=advance-aim pose=-6349,-2849,-4773,28,76,0,63 target=-6431,-2881,-4766,0,227,253,30
elapsed=7074 source=07EC action=advance-cruise pose=-6529,-2693,-4825,28,76,0,63 target=-6413,-2881,-4745,0,227,253,30
elapsed=7079 source=07EC action=advance-cruise pose=-6709,-2537,-4877,28,76,0,63 target=-6395,-2881,-4724,0,227,252,30
elapsed=7083 source=07EC action=advance-cruise pose=-6889,-2381,-4929,28,76,0,63 target=-6377,-2881,-4703,0,227,252,30
elapsed=7087 source=07EC action=advance-cruise pose=-7069,-2225,-4981,28,76,0,63 target=-6359,-2881,-4682,0,227,252,30
elapsed=7092 source=07EC action=advance-cruise pose=-7249,-2069,-5033,28,76,0,63 target=-6341,-2881,-4661,0,227,252,30
elapsed=7096 source=07EC action=advance-cruise pose=-7429,-1913,-5085,28,76,0,63 target=-6323,-2881,-4640,0,227,253,30
elapsed=7101 source=07EC action=advance-cruise pose=-7609,-1757,-5137,28,76,0,63 target=-6305,-2881,-4619,0,227,253,30
elapsed=7105 source=07EC action=advance-cruise pose=-7789,-1601,-5189,28,76,0,63 target=-6287,-2881,-4598,0,227,254,30
elapsed=7110 source=07EC action=advance-cruise pose=-7969,-1445,-5241,28,76,0,63 target=-6269,-2881,-4577,0,227,254,30
elapsed=7114 source=07EC action=advance-cruise pose=-8149,-1289,-5293,28,76,0,63 target=-6251,-2881,-4556,0,227,255,30
elapsed=7118 source=07EC action=advance-cruise pose=-8329,-1133,-5345,28,76,0,63 target=-6233,-2881,-4535,0,227,0,30
elapsed=7123 source=07EC action=advance-cruise pose=-8509,-977,-5397,28,76,0,63 target=-6215,-2881,-4514,0,227,1,30
elapsed=7127 source=07EC action=advance-cruise pose=-8689,-821,-5449,28,76,0,63 target=-6197,-2881,-4493,0,227,2,30
elapsed=7132 source=07EC action=advance-cruise pose=-8869,-665,-5501,28,76,0,63 target=-6179,-2881,-4472,0,227,2,30
elapsed=7136 source=07EC action=advance-cruise pose=-9049,-509,-5553,28,76,0,63 target=-6161,-2881,-4451,0,227,3,30
elapsed=7285 source=04B9 action=set-cruise-speed pose=-7956,9953,24,241,151,0,30 target=-5567,-2881,-3758,0,227,4,30
elapsed=7285 source=04B9 action=contract pose=-7956,9953,24,241,151,0,63 target=-5567,-2881,-3758,0,227,4,30
elapsed=7285 source=04B9 action=contract pose=-7934,9832,-12,241,151,0,63 target=-5567,-2881,-3758,0,227,4,30
elapsed=7285 source=04B9 action=contract pose=-7912,9711,-48,241,151,0,63 target=-5567,-2881,-3758,0,227,4,30
elapsed=7285 source=04B9 action=face-immediate pose=-7890,9590,-84,241,151,0,63 target=-5567,-2881,-3758,0,227,4,30
elapsed=7285 source=04B9 action=advance-homing pose=-7890,9590,-84,201,151,0,63 target=-5567,-2881,-3758,0,227,4,30
elapsed=7287 source=043B action=set-cruise-speed pose=-6420,-9927,-4660,16,226,0,30 target=-5567,-2881,-3758,0,227,4,30
elapsed=7287 source=043B action=contract pose=-6420,-9927,-4660,16,226,0,63 target=-5567,-2881,-3758,0,227,4,30
elapsed=7287 source=043B action=contract pose=-6405,-9802,-4645,16,226,0,63 target=-5567,-2881,-3758,0,227,4,30
elapsed=7287 source=043B action=contract pose=-6390,-9677,-4629,16,226,0,63 target=-5567,-2881,-3758,0,227,4,30
elapsed=7287 source=043B action=face-immediate pose=-6375,-9552,-4614,16,226,0,63 target=-5567,-2881,-3758,0,227,4,30
elapsed=7287 source=043B action=advance-homing pose=-6375,-9552,-4614,59,226,0,63 target=-5567,-2881,-3758,0,227,4,30
elapsed=7291 source=04B9 action=contract pose=-7866,9350,-124,201,151,0,63 target=-5549,-2881,-3737,0,227,4,30
elapsed=7291 source=04B9 action=contract pose=-7844,9228,-160,201,151,0,63 target=-5549,-2881,-3737,0,227,4,30
elapsed=7291 source=04B9 action=contract pose=-7822,9106,-197,201,151,0,63 target=-5549,-2881,-3737,0,227,4,30
elapsed=7291 source=04B9 action=face-immediate pose=-7800,8985,-233,201,151,0,63 target=-5549,-2881,-3737,0,227,4,30
elapsed=7291 source=04B9 action=advance-homing pose=-7800,8985,-233,201,152,0,63 target=-5549,-2881,-3737,0,227,4,30
elapsed=7292 source=043B action=contract pose=-6359,-9304,-4594,59,226,0,63 target=-5549,-2881,-3737,0,227,4,30
elapsed=7292 source=043B action=contract pose=-6344,-9179,-4578,59,226,0,63 target=-5549,-2881,-3737,0,227,4,30
elapsed=7292 source=043B action=contract pose=-6329,-9054,-4562,59,226,0,63 target=-5549,-2881,-3737,0,227,4,30
elapsed=7292 source=043B action=face-immediate pose=-6314,-8929,-4546,59,226,0,63 target=-5549,-2881,-3737,0,227,4,30
elapsed=7292 source=043B action=advance-homing pose=-6314,-8929,-4546,59,226,0,63 target=-5549,-2881,-3737,0,227,4,30
elapsed=7296 source=04B9 action=contract pose=-7772,8745,-273,201,152,0,63 target=-5531,-2881,-3716,0,227,4,30
elapsed=7296 source=04B9 action=contract pose=-7750,8624,-309,201,152,0,63 target=-5531,-2881,-3716,0,227,4,30
elapsed=7296 source=04B9 action=contract pose=-7727,8503,-345,201,152,0,63 target=-5531,-2881,-3716,0,227,4,30
elapsed=7296 source=04B9 action=face-immediate pose=-7704,8382,-381,201,152,0,63 target=-5531,-2881,-3716,0,227,4,30
elapsed=7296 source=04B9 action=advance-homing pose=-7704,8382,-381,201,152,0,63 target=-5531,-2881,-3716,0,227,4,30
elapsed=7297 source=043B action=contract pose=-6298,-8681,-4526,59,226,0,63 target=-5531,-2881,-3716,0,227,4,30
elapsed=7297 source=043B action=contract pose=-6282,-8556,-4509,59,226,0,63 target=-5531,-2881,-3716,0,227,4,30
elapsed=7297 source=043B action=contract pose=-6266,-8432,-4492,59,226,0,63 target=-5531,-2881,-3716,0,227,4,30
elapsed=7297 source=043B action=face-immediate pose=-6250,-8308,-4475,59,226,0,63 target=-5531,-2881,-3716,0,227,4,30
elapsed=7297 source=043B action=advance-homing pose=-6250,-8308,-4475,58,226,0,63 target=-5531,-2881,-3716,0,227,4,30
elapsed=7301 source=04B9 action=contract pose=-7676,8142,-421,201,152,0,63 target=-5513,-2881,-3695,0,227,3,30
elapsed=7301 source=04B9 action=contract pose=-7653,8021,-458,201,152,0,63 target=-5513,-2881,-3695,0,227,3,30
elapsed=7301 source=04B9 action=contract pose=-7630,7900,-494,201,152,0,63 target=-5513,-2881,-3695,0,227,3,30
elapsed=7301 source=04B9 action=face-immediate pose=-7607,7779,-530,201,152,0,63 target=-5513,-2881,-3695,0,227,3,30
elapsed=7301 source=04B9 action=advance-homing pose=-7607,7779,-530,201,152,0,63 target=-5513,-2881,-3695,0,227,3,30
elapsed=7302 source=043B action=contract pose=-6230,-8064,-4451,58,226,0,63 target=-5513,-2881,-3695,0,227,3,30
elapsed=7302 source=043B action=contract pose=-6213,-7940,-4433,58,226,0,63 target=-5513,-2881,-3695,0,227,3,30
elapsed=7302 source=043B action=contract pose=-6196,-7816,-4415,58,226,0,63 target=-5513,-2881,-3695,0,227,3,30
elapsed=7302 source=043B action=face-immediate pose=-6179,-7692,-4397,58,226,0,63 target=-5513,-2881,-3695,0,227,3,30
elapsed=7302 source=043B action=advance-homing pose=-6179,-7692,-4397,58,226,0,63 target=-5513,-2881,-3695,0,227,3,30
elapsed=7306 source=04B9 action=contract pose=-7579,7539,-570,201,152,0,63 target=-5495,-2881,-3674,0,227,3,30
elapsed=7306 source=04B9 action=contract pose=-7556,7418,-606,201,152,0,63 target=-5495,-2881,-3674,0,227,3,30
elapsed=7306 source=04B9 action=contract pose=-7533,7297,-642,201,152,0,63 target=-5495,-2881,-3674,0,227,3,30
elapsed=7306 source=04B9 action=face-immediate pose=-7510,7176,-679,201,152,0,63 target=-5495,-2881,-3674,0,227,3,30
elapsed=7306 source=04B9 action=advance-homing pose=-7510,7176,-679,201,153,0,63 target=-5495,-2881,-3674,0,227,3,30
elapsed=7306 source=043B action=face-immediate pose=-6159,-7448,-4373,58,226,0,63 target=-5495,-2881,-3674,0,227,3,30
elapsed=7306 source=043B action=set-cruise-speed pose=-6159,-7448,-4373,58,226,0,63 target=-5495,-2881,-3674,0,227,3,30
elapsed=7307 source=043B action=advance-aim pose=-6159,-7448,-4373,58,226,0,63 target=-5495,-2881,-3674,0,227,3,30
elapsed=7307 source=043B action=face-smooth pose=-6139,-7204,-4349,58,226,0,63 target=-5495,-2881,-3674,0,227,3,30
elapsed=7311 source=04B9 action=contract pose=-7482,6936,-719,201,153,0,63 target=-5477,-2881,-3653,0,227,2,30
elapsed=7311 source=04B9 action=contract pose=-7458,6816,-755,201,153,0,63 target=-5477,-2881,-3653,0,227,2,30
elapsed=7311 source=04B9 action=contract pose=-7434,6696,-791,201,153,0,63 target=-5477,-2881,-3653,0,227,2,30
elapsed=7311 source=04B9 action=face-immediate pose=-7410,6576,-827,201,153,0,63 target=-5477,-2881,-3653,0,227,2,30
elapsed=7311 source=04B9 action=advance-homing pose=-7410,6576,-827,201,153,0,63 target=-5477,-2881,-3653,0,227,2,30
elapsed=7311 source=043B action=advance-aim pose=-6139,-7204,-4349,58,225,0,63 target=-5477,-2881,-3653,0,227,2,30
elapsed=7316 source=04B9 action=contract pose=-7382,6336,-867,201,153,0,63 target=-5459,-2881,-3632,0,227,2,30
elapsed=7316 source=04B9 action=contract pose=-7358,6216,-904,201,153,0,63 target=-5459,-2881,-3632,0,227,2,30
elapsed=7316 source=04B9 action=contract pose=-7334,6095,-941,201,153,0,63 target=-5459,-2881,-3632,0,227,2,30
elapsed=7316 source=04B9 action=face-immediate pose=-7310,5975,-978,201,153,0,63 target=-5459,-2881,-3632,0,227,2,30
elapsed=7316 source=04B9 action=advance-homing pose=-7310,5975,-978,201,153,0,63 target=-5459,-2881,-3632,0,227,2,30
elapsed=7316 source=043B action=advance-aim pose=-6119,-6960,-4325,58,225,0,63 target=-5459,-2881,-3632,0,227,2,30
elapsed=7316 source=043B action=face-smooth pose=-6099,-6716,-4301,58,225,0,63 target=-5459,-2881,-3632,0,227,2,30
elapsed=7320 source=04B9 action=contract pose=-7282,5735,-1018,201,153,0,63 target=-5441,-2881,-3611,0,227,1,30
elapsed=7320 source=04B9 action=contract pose=-7257,5615,-1055,201,153,0,63 target=-5441,-2881,-3611,0,227,1,30
elapsed=7320 source=04B9 action=contract pose=-7232,5495,-1091,201,153,0,63 target=-5441,-2881,-3611,0,227,1,30
elapsed=7320 source=04B9 action=face-immediate pose=-7207,5375,-1128,201,153,0,63 target=-5441,-2881,-3611,0,227,1,30
elapsed=7320 source=04B9 action=advance-homing pose=-7207,5375,-1128,201,154,0,63 target=-5441,-2881,-3611,0,227,1,30
elapsed=7321 source=043B action=advance-aim pose=-6099,-6716,-4301,57,225,0,63 target=-5441,-2881,-3611,0,227,1,30
elapsed=7325 source=04B9 action=contract pose=-7179,5135,-1168,201,154,0,63 target=-5423,-2881,-3590,0,227,0,30
elapsed=7325 source=04B9 action=contract pose=-7153,5015,-1205,201,154,0,63 target=-5423,-2881,-3590,0,227,0,30
elapsed=7325 source=04B9 action=contract pose=-7127,4895,-1242,201,154,0,63 target=-5423,-2881,-3590,0,227,0,30
elapsed=7325 source=04B9 action=face-immediate pose=-7101,4775,-1279,201,154,0,63 target=-5423,-2881,-3590,0,227,0,30
elapsed=7325 source=04B9 action=advance-homing pose=-7101,4775,-1279,201,154,0,63 target=-5423,-2881,-3590,0,227,0,30
elapsed=7326 source=043B action=advance-aim pose=-6075,-6472,-4273,57,225,0,63 target=-5423,-2881,-3590,0,227,0,30
elapsed=7326 source=043B action=face-smooth pose=-6051,-6228,-4245,57,225,0,63 target=-5423,-2881,-3590,0,227,0,30
elapsed=7330 source=04B9 action=contract pose=-7073,4535,-1319,201,154,0,63 target=-5405,-2881,-3569,0,227,255,30
elapsed=7330 source=04B9 action=contract pose=-7047,4415,-1356,201,154,0,63 target=-5405,-2881,-3569,0,227,255,30
elapsed=7330 source=04B9 action=contract pose=-7021,4295,-1393,201,154,0,63 target=-5405,-2881,-3569,0,227,255,30
elapsed=7330 source=04B9 action=face-immediate pose=-6995,4175,-1430,201,154,0,63 target=-5405,-2881,-3569,0,227,255,30
elapsed=7330 source=04B9 action=advance-homing pose=-6995,4175,-1430,202,154,0,63 target=-5405,-2881,-3569,0,227,255,30
elapsed=7330 source=043B action=advance-aim pose=-6051,-6228,-4245,56,225,0,63 target=-5405,-2881,-3569,0,227,255,30
elapsed=7334 source=04B9 action=contract pose=-6963,3935,-1474,202,154,0,63 target=-5387,-2881,-3548,0,227,254,30
elapsed=7334 source=04B9 action=contract pose=-6936,3815,-1511,202,154,0,63 target=-5387,-2881,-3548,0,227,254,30
elapsed=7334 source=04B9 action=contract pose=-6909,3696,-1548,202,154,0,63 target=-5387,-2881,-3548,0,227,254,30
elapsed=7334 source=04B9 action=face-immediate pose=-6882,3576,-1585,202,154,0,63 target=-5387,-2881,-3548,0,227,254,30
elapsed=7334 source=04B9 action=advance-homing pose=-6882,3576,-1585,202,155,0,63 target=-5387,-2881,-3548,0,227,254,30
elapsed=7335 source=043B action=advance-aim pose=-6023,-5984,-4213,56,225,0,63 target=-5387,-2881,-3548,0,227,254,30
elapsed=7335 source=043B action=face-smooth pose=-5995,-5740,-4181,56,225,0,63 target=-5387,-2881,-3548,0,227,254,30
elapsed=7339 source=04B9 action=contract pose=-6850,3336,-1629,202,155,0,63 target=-5369,-2881,-3527,0,227,254,30
elapsed=7339 source=04B9 action=contract pose=-6822,3217,-1666,202,155,0,63 target=-5369,-2881,-3527,0,227,254,30
elapsed=7339 source=04B9 action=contract pose=-6794,3098,-1703,202,155,0,63 target=-5369,-2881,-3527,0,227,254,30
elapsed=7339 source=04B9 action=face-immediate pose=-6766,2978,-1740,202,155,0,63 target=-5369,-2881,-3527,0,227,254,30
elapsed=7339 source=04B9 action=advance-homing pose=-6766,2978,-1740,202,155,0,63 target=-5369,-2881,-3527,0,227,254,30
elapsed=7340 source=043B action=advance-aim pose=-5995,-5740,-4181,55,225,0,63 target=-5369,-2881,-3527,0,227,254,30
elapsed=7344 source=04B9 action=contract pose=-6734,2738,-1784,202,155,0,63 target=-5351,-2881,-3506,0,227,253,30
elapsed=7344 source=04B9 action=contract pose=-6705,2619,-1821,202,155,0,63 target=-5351,-2881,-3506,0,227,253,30
elapsed=7344 source=04B9 action=contract pose=-6676,2500,-1858,202,155,0,63 target=-5351,-2881,-3506,0,227,253,30
elapsed=7344 source=04B9 action=face-immediate pose=-6647,2381,-1895,202,155,0,63 target=-5351,-2881,-3506,0,227,253,30
elapsed=7344 source=04B9 action=advance-homing pose=-6647,2381,-1895,202,156,0,63 target=-5351,-2881,-3506,0,227,253,30
elapsed=7344 source=043B action=advance-aim pose=-5963,-5500,-4145,55,225,0,63 target=-5351,-2881,-3506,0,227,253,30
elapsed=7344 source=043B action=face-smooth pose=-5931,-5260,-4109,55,225,0,63 target=-5351,-2881,-3506,0,227,253,30
elapsed=7348 source=04B9 action=contract pose=-6611,2141,-1939,202,156,0,63 target=-5333,-2881,-3485,0,227,253,30
elapsed=7348 source=04B9 action=contract pose=-6581,2022,-1976,202,156,0,63 target=-5333,-2881,-3485,0,227,253,30
elapsed=7348 source=04B9 action=contract pose=-6552,1903,-2013,202,156,0,63 target=-5333,-2881,-3485,0,227,253,30
elapsed=7349 source=04B9 action=face-immediate pose=-6522,1784,-2050,202,156,0,63 target=-5333,-2881,-3485,0,227,253,30
elapsed=7349 source=04B9 action=advance-homing pose=-6522,1784,-2050,202,157,0,63 target=-5333,-2881,-3485,0,227,253,30
elapsed=7349 source=043B action=advance-aim pose=-5931,-5260,-4109,54,225,0,63 target=-5333,-2881,-3485,0,227,253,30
elapsed=7353 source=04B9 action=contract pose=-6486,1544,-2094,202,157,0,63 target=-5315,-2881,-3464,0,227,252,30
elapsed=7353 source=04B9 action=contract pose=-6455,1426,-2131,202,157,0,63 target=-5315,-2881,-3464,0,227,252,30
elapsed=7353 source=04B9 action=contract pose=-6424,1308,-2168,202,157,0,63 target=-5315,-2881,-3464,0,227,252,30
elapsed=7353 source=04B9 action=face-immediate pose=-6393,1190,-2205,202,157,0,63 target=-5315,-2881,-3464,0,227,252,30
elapsed=7353 source=04B9 action=advance-homing pose=-6393,1190,-2205,202,157,0,63 target=-5315,-2881,-3464,0,227,252,30
elapsed=7354 source=043B action=advance-aim pose=-5895,-5020,-4069,54,225,0,63 target=-5315,-2881,-3464,0,227,252,30
elapsed=7354 source=043B action=face-smooth pose=-5859,-4780,-4029,54,225,0,63 target=-5315,-2881,-3464,0,227,252,30
elapsed=7358 source=04B9 action=contract pose=-6357,950,-2249,202,157,0,63 target=-5297,-2881,-3443,0,227,252,30
elapsed=7358 source=04B9 action=contract pose=-6325,832,-2286,202,157,0,63 target=-5297,-2881,-3443,0,227,252,30
elapsed=7358 source=04B9 action=contract pose=-6293,714,-2323,202,157,0,63 target=-5297,-2881,-3443,0,227,252,30
elapsed=7358 source=04B9 action=face-immediate pose=-6261,596,-2360,202,157,0,63 target=-5297,-2881,-3443,0,227,252,30
elapsed=7358 source=04B9 action=advance-homing pose=-6261,596,-2360,203,158,0,63 target=-5297,-2881,-3443,0,227,252,30
elapsed=7359 source=043B action=advance-aim pose=-5859,-4780,-4029,53,225,0,63 target=-5297,-2881,-3443,0,227,252,30
elapsed=7363 source=04B9 action=contract pose=-6221,356,-2404,203,158,0,63 target=-5279,-2881,-3422,0,227,252,30
elapsed=7363 source=04B9 action=contract pose=-6188,239,-2441,203,158,0,63 target=-5279,-2881,-3422,0,227,252,30
elapsed=7363 source=04B9 action=contract pose=-6154,122,-2478,203,158,0,63 target=-5279,-2881,-3422,0,227,252,30
elapsed=7363 source=04B9 action=face-immediate pose=-6120,4,-2515,203,158,0,63 target=-5279,-2881,-3422,0,227,252,30
elapsed=7363 source=04B9 action=advance-homing pose=-6120,4,-2515,203,159,0,63 target=-5279,-2881,-3422,0,227,252,30
elapsed=7363 source=043B action=advance-aim pose=-5819,-4540,-3985,53,225,0,63 target=-5279,-2881,-3422,0,227,252,30
elapsed=7363 source=043B action=face-smooth pose=-5779,-4300,-3941,53,225,0,63 target=-5279,-2881,-3422,0,227,252,30
elapsed=7367 source=04B9 action=contract pose=-6080,-236,-2559,203,159,0,63 target=-5261,-2881,-3401,0,227,252,30
elapsed=7367 source=04B9 action=contract pose=-6045,-353,-2597,203,159,0,63 target=-5261,-2881,-3401,0,227,252,30
elapsed=7368 source=04B9 action=contract pose=-6010,-470,-2634,203,159,0,63 target=-5261,-2881,-3401,0,227,252,30
elapsed=7368 source=04B9 action=face-immediate pose=-5974,-587,-2672,203,159,0,63 target=-5261,-2881,-3401,0,227,252,30
elapsed=7368 source=04B9 action=advance-homing pose=-5974,-587,-2672,203,160,0,63 target=-5261,-2881,-3401,0,227,252,30
elapsed=7368 source=043B action=advance-aim pose=-5779,-4300,-3941,52,225,0,63 target=-5261,-2881,-3401,0,227,252,30
elapsed=7372 source=04B9 action=face-immediate pose=-5930,-827,-2716,203,160,0,63 target=-5243,-2881,-3380,0,227,253,30
elapsed=7372 source=04B9 action=set-cruise-speed pose=-5930,-827,-2716,204,161,0,63 target=-5243,-2881,-3380,0,227,253,30
elapsed=7372 source=04B9 action=advance-aim pose=-5930,-827,-2716,204,161,0,63 target=-5243,-2881,-3380,0,227,253,30
elapsed=7372 source=04B9 action=face-smooth pose=-5882,-1063,-2760,204,161,0,63 target=-5243,-2881,-3380,0,227,253,30
elapsed=7373 source=043B action=advance-aim pose=-5735,-4064,-3893,52,225,0,63 target=-5243,-2881,-3380,0,227,253,30
elapsed=7373 source=043B action=face-smooth pose=-5691,-3828,-3845,52,225,0,63 target=-5243,-2881,-3380,0,227,253,30
elapsed=7377 source=04B9 action=advance-aim pose=-5882,-1063,-2760,204,161,0,63 target=-5225,-2881,-3359,0,227,253,30
elapsed=7378 source=043B action=advance-aim pose=-5691,-3828,-3845,51,225,0,63 target=-5225,-2881,-3359,0,227,253,30
elapsed=7381 source=04B9 action=advance-aim pose=-5834,-1299,-2804,204,161,0,63 target=-5207,-2881,-3338,0,227,254,30
elapsed=7381 source=04B9 action=face-smooth pose=-5786,-1535,-2848,204,161,0,63 target=-5207,-2881,-3338,0,227,254,30
elapsed=7382 source=043B action=advance-aim pose=-5643,-3592,-3793,51,225,0,63 target=-5207,-2881,-3338,0,227,254,30
elapsed=7382 source=043B action=face-smooth pose=-5595,-3356,-3741,51,225,0,63 target=-5207,-2881,-3338,0,227,254,30
elapsed=7386 source=04B9 action=advance-aim pose=-5786,-1535,-2848,205,162,0,63 target=-5189,-2881,-3317,0,227,254,30
elapsed=7387 source=043B action=advance-aim pose=-5595,-3356,-3741,48,225,0,63 target=-5189,-2881,-3317,0,227,254,30
elapsed=7391 source=04B9 action=advance-aim pose=-5730,-1771,-2896,205,162,0,63 target=-5171,-2881,-3296,0,227,255,30
elapsed=7391 source=04B9 action=face-smooth pose=-5674,-2007,-2944,205,162,0,63 target=-5171,-2881,-3296,0,227,255,30
elapsed=7391 source=043B action=advance-aim pose=-5535,-3128,-3677,48,225,0,63 target=-5171,-2881,-3296,0,227,255,30
elapsed=7392 source=043B action=face-smooth pose=-5475,-2900,-3613,48,225,0,63 target=-5171,-2881,-3296,0,227,255,30
elapsed=7395 source=04B9 action=advance-aim pose=-5674,-2007,-2944,206,163,0,63 target=-5153,-2881,-3275,0,227,0,30
elapsed=7396 source=043B action=advance-aim pose=-5475,-2900,-3613,37,225,0,63 target=-5153,-2881,-3275,0,227,0,30
elapsed=7400 source=04B9 action=advance-aim pose=-5614,-2239,-2996,206,163,0,63 target=-5135,-2881,-3254,0,227,1,30
elapsed=7400 source=04B9 action=face-smooth pose=-5554,-2471,-3048,206,163,0,63 target=-5135,-2881,-3254,0,227,1,30
elapsed=7401 source=043B action=advance-aim pose=-5375,-2704,-3509,37,225,0,63 target=-5135,-2881,-3254,0,227,1,30
elapsed=7401 source=043B action=face-smooth pose=-5275,-2508,-3405,37,225,0,63 target=-5135,-2881,-3254,0,227,1,30
elapsed=7405 source=04B9 action=advance-aim pose=-5554,-2471,-3048,209,165,0,63 target=-5117,-2881,-3233,0,227,2,30
elapsed=7405 source=043B action=advance-aim pose=-5275,-2508,-3405,16,226,0,63 target=-5117,-2881,-3233,0,227,2,30
elapsed=7409 source=04B9 action=advance-aim pose=-5478,-2699,-3108,209,165,0,63 target=-5099,-2881,-3212,0,227,2,30
elapsed=7409 source=04B9 action=face-smooth pose=-5402,-2927,-3168,209,165,0,63 target=-5099,-2881,-3212,0,227,2,30
elapsed=7410 source=043B action=advance-cruise pose=-5127,-2416,-3237,16,226,0,63 target=-5099,-2881,-3212,0,227,2,30
elapsed=7414 source=04B9 action=advance-cruise pose=-5402,-2927,-3168,223,170,0,63 target=935,-2881,3849,0,227,3,30
elapsed=7415 source=043B action=advance-cruise pose=-4979,-2324,-3069,16,226,0,63 target=-5081,-2881,-3191,0,227,3,30
elapsed=7419 source=043B action=advance-cruise pose=-4831,-2232,-2901,16,226,0,63 target=-5063,-2881,-3170,0,227,3,30
elapsed=7423 source=043B action=advance-cruise pose=-4683,-2140,-2733,16,226,0,63 target=-5045,-2881,-3149,0,227,4,30
elapsed=7428 source=043B action=advance-cruise pose=-4535,-2048,-2565,16,226,0,63 target=-5027,-2881,-3128,0,227,4,30
elapsed=7432 source=043B action=advance-cruise pose=-4387,-1956,-2397,16,226,0,63 target=-5009,-2881,-3107,0,227,4,30
elapsed=7436 source=082B action=set-cruise-speed pose=-9824,4130,-13084,225,238,0,30 target=-4991,-2881,-3086,0,227,4,30
elapsed=7436 source=082B action=contract pose=-9824,4130,-13084,225,238,0,63 target=-4991,-2881,-3086,0,227,4,30
elapsed=7436 source=082B action=contract pose=-9777,4061,-12987,225,238,0,63 target=-4991,-2881,-3086,0,227,4,30
elapsed=7436 source=082B action=contract pose=-9731,3992,-12890,225,238,0,63 target=-4991,-2881,-3086,0,227,4,30
elapsed=7436 source=082B action=face-immediate pose=-9685,3923,-12793,225,238,0,63 target=-4991,-2881,-3086,0,227,4,30
elapsed=7436 source=082B action=advance-homing pose=-9685,3923,-12793,225,238,0,63 target=-4991,-2881,-3086,0,227,4,30
elapsed=7438 source=047A action=set-cruise-speed pose=-3572,-707,1168,249,115,0,30 target=-4991,-2881,-3086,0,227,4,30
elapsed=7438 source=047A action=contract pose=-3572,-707,1168,249,115,0,63 target=-4991,-2881,-3086,0,227,4,30
elapsed=7438 source=047A action=contract pose=-3609,-763,1059,249,115,0,63 target=-4991,-2881,-3086,0,227,4,30
elapsed=7438 source=047A action=contract pose=-3646,-819,950,249,115,0,63 target=-4991,-2881,-3086,0,227,4,30
elapsed=7438 source=047A action=face-immediate pose=-3683,-875,841,249,115,0,63 target=-4991,-2881,-3086,0,227,4,30
elapsed=7438 source=047A action=advance-homing pose=-3683,-875,841,230,115,0,63 target=-4991,-2881,-3086,0,227,4,30
elapsed=7438 source=043B action=advance-cruise pose=-4239,-1864,-2229,16,226,0,63 target=-4991,-2881,-3086,0,227,4,30
elapsed=7442 source=082B action=contract pose=-9613,3755,-12637,225,238,0,63 target=-4973,-2881,-3065,0,227,3,30
elapsed=7442 source=082B action=contract pose=-9566,3687,-12540,225,238,0,63 target=-4973,-2881,-3065,0,227,3,30
elapsed=7442 source=082B action=contract pose=-9519,3619,-12443,225,238,0,63 target=-4973,-2881,-3065,0,227,3,30
elapsed=7442 source=082B action=face-immediate pose=-9473,3551,-12346,225,238,0,63 target=-4973,-2881,-3065,0,227,3,30
elapsed=7442 source=082B action=advance-homing pose=-9473,3551,-12346,225,238,0,63 target=-4973,-2881,-3065,0,227,3,30
elapsed=7443 source=047A action=contract pose=-3743,-1019,653,230,115,0,63 target=-4973,-2881,-3065,0,227,3,30
elapsed=7443 source=047A action=contract pose=-3780,-1074,543,230,115,0,63 target=-4973,-2881,-3065,0,227,3,30
elapsed=7443 source=047A action=contract pose=-3817,-1129,433,230,115,0,63 target=-4973,-2881,-3065,0,227,3,30
elapsed=7443 source=047A action=face-immediate pose=-3854,-1184,323,230,115,0,63 target=-4973,-2881,-3065,0,227,3,30
elapsed=7443 source=047A action=advance-homing pose=-3854,-1184,323,230,116,0,63 target=-4973,-2881,-3065,0,227,3,30
elapsed=7444 source=043B action=advance-cruise pose=-4091,-1772,-2061,16,226,0,63 target=-4973,-2881,-3065,0,227,3,30
elapsed=7448 source=082B action=contract pose=-9401,3383,-12190,225,238,0,63 target=-4955,-2881,-3044,0,227,3,30
elapsed=7448 source=082B action=contract pose=-9354,3315,-12093,225,238,0,63 target=-4955,-2881,-3044,0,227,3,30
elapsed=7448 source=082B action=contract pose=-9307,3247,-11996,225,238,0,63 target=-4955,-2881,-3044,0,227,3,30
elapsed=7448 source=082B action=face-immediate pose=-9260,3179,-11899,225,238,0,63 target=-4955,-2881,-3044,0,227,3,30
elapsed=7448 source=082B action=advance-homing pose=-9260,3179,-11899,225,238,0,63 target=-4955,-2881,-3044,0,227,3,30
elapsed=7448 source=047A action=contract pose=-3906,-1328,135,230,116,0,63 target=-4955,-2881,-3044,0,227,3,30
elapsed=7448 source=047A action=contract pose=-3943,-1382,25,230,116,0,63 target=-4955,-2881,-3044,0,227,3,30
elapsed=7448 source=047A action=contract pose=-3980,-1436,-85,230,116,0,63 target=-4955,-2881,-3044,0,227,3,30
elapsed=7448 source=047A action=face-immediate pose=-4017,-1490,-195,230,116,0,63 target=-4955,-2881,-3044,0,227,3,30
elapsed=7448 source=047A action=advance-homing pose=-4017,-1490,-195,230,116,0,63 target=-4955,-2881,-3044,0,227,3,30
elapsed=7449 source=043B action=advance-cruise pose=-3943,-1680,-1893,16,226,0,63 target=-4955,-2881,-3044,0,227,3,30
elapsed=7453 source=082B action=contract pose=-9188,3011,-11743,225,238,0,63 target=-4937,-2881,-3023,0,227,2,30
elapsed=7453 source=082B action=contract pose=-9141,2944,-11646,225,238,0,63 target=-4937,-2881,-3023,0,227,2,30
elapsed=7453 source=082B action=contract pose=-9094,2877,-11549,225,238,0,63 target=-4937,-2881,-3023,0,227,2,30
elapsed=7453 source=082B action=face-immediate pose=-9047,2810,-11452,225,238,0,63 target=-4937,-2881,-3023,0,227,2,30
elapsed=7453 source=082B action=advance-homing pose=-9047,2810,-11452,226,238,0,63 target=-4937,-2881,-3023,0,227,2,30
elapsed=7453 source=047A action=contract pose=-4069,-1634,-383,230,116,0,63 target=-4937,-2881,-3023,0,227,2,30
elapsed=7453 source=047A action=contract pose=-4106,-1687,-494,230,116,0,63 target=-4937,-2881,-3023,0,227,2,30
elapsed=7453 source=047A action=contract pose=-4143,-1740,-605,230,116,0,63 target=-4937,-2881,-3023,0,227,2,30
elapsed=7453 source=047A action=face-immediate pose=-4180,-1793,-716,230,116,0,63 target=-4937,-2881,-3023,0,227,2,30
elapsed=7453 source=047A action=advance-homing pose=-4180,-1793,-716,231,116,0,63 target=-4937,-2881,-3023,0,227,2,30
elapsed=7454 source=043B action=advance-cruise pose=-3795,-1588,-1725,16,226,0,63 target=-4937,-2881,-3023,0,227,2,30
elapsed=7458 source=082B action=contract pose=-8971,2646,-11288,226,238,0,63 target=-4919,-2881,-3002,0,227,2,30
elapsed=7458 source=082B action=contract pose=-8924,2580,-11190,226,238,0,63 target=-4919,-2881,-3002,0,227,2,30
elapsed=7458 source=082B action=contract pose=-8876,2514,-11092,226,238,0,63 target=-4919,-2881,-3002,0,227,2,30
elapsed=7458 source=082B action=face-immediate pose=-8829,2448,-10994,226,238,0,63 target=-4919,-2881,-3002,0,227,2,30
elapsed=7458 source=082B action=advance-homing pose=-8829,2448,-10994,226,238,0,63 target=-4919,-2881,-3002,0,227,2,30
elapsed=7458 source=047A action=contract pose=-4232,-1933,-904,231,116,0,63 target=-4919,-2881,-3002,0,227,2,30
elapsed=7458 source=047A action=contract pose=-4269,-1984,-1016,231,116,0,63 target=-4919,-2881,-3002,0,227,2,30
elapsed=7458 source=047A action=contract pose=-4306,-2035,-1128,231,116,0,63 target=-4919,-2881,-3002,0,227,2,30
elapsed=7458 source=047A action=face-immediate pose=-4343,-2086,-1240,231,116,0,63 target=-4919,-2881,-3002,0,227,2,30
elapsed=7458 source=047A action=advance-homing pose=-4343,-2086,-1240,232,116,0,63 target=-4919,-2881,-3002,0,227,2,30
elapsed=7459 source=043B action=advance-cruise pose=-3647,-1496,-1557,16,226,0,63 target=-4919,-2881,-3002,0,227,2,30
elapsed=7462 source=082B action=contract pose=-8753,2284,-10830,226,238,0,63 target=-4901,-2881,-2981,0,227,1,30
elapsed=7462 source=082B action=contract pose=-8705,2219,-10732,226,238,0,63 target=-4901,-2881,-2981,0,227,1,30
elapsed=7462 source=082B action=contract pose=-8657,2153,-10634,226,238,0,63 target=-4901,-2881,-2981,0,227,1,30
elapsed=7462 source=082B action=face-immediate pose=-8609,2087,-10536,226,238,0,63 target=-4901,-2881,-2981,0,227,1,30
elapsed=7462 source=082B action=advance-homing pose=-8609,2087,-10536,226,238,0,63 target=-4901,-2881,-2981,0,227,1,30
elapsed=7463 source=047A action=contract pose=-4395,-2222,-1432,232,116,0,63 target=-4901,-2881,-2981,0,227,1,30
elapsed=7463 source=047A action=contract pose=-4432,-2270,-1545,232,116,0,63 target=-4901,-2881,-2981,0,227,1,30
elapsed=7463 source=047A action=contract pose=-4469,-2318,-1658,232,116,0,63 target=-4901,-2881,-2981,0,227,1,30
elapsed=7463 source=047A action=face-immediate pose=-4506,-2366,-1770,232,116,0,63 target=-4901,-2881,-2981,0,227,1,30
elapsed=7463 source=047A action=advance-homing pose=-4506,-2366,-1770,233,116,0,63 target=-4901,-2881,-2981,0,227,1,30
elapsed=7464 source=043B action=advance-cruise pose=-3499,-1404,-1389,16,226,0,63 target=-4901,-2881,-2981,0,227,1,30
elapsed=7467 source=082B action=contract pose=-8533,1923,-10372,226,238,0,63 target=-4883,-2881,-2960,0,227,0,30
elapsed=7467 source=082B action=contract pose=-8485,1858,-10274,226,238,0,63 target=-4883,-2881,-2960,0,227,0,30
elapsed=7467 source=082B action=contract pose=-8437,1793,-10176,226,238,0,63 target=-4883,-2881,-2960,0,227,0,30
elapsed=7467 source=082B action=face-immediate pose=-8389,1728,-10078,226,238,0,63 target=-4883,-2881,-2960,0,227,0,30
elapsed=7467 source=082B action=advance-homing pose=-8389,1728,-10078,227,238,0,63 target=-4883,-2881,-2960,0,227,0,30
elapsed=7468 source=047A action=contract pose=-4562,-2494,-1966,233,116,0,63 target=-4883,-2881,-2960,0,227,0,30
elapsed=7468 source=047A action=contract pose=-4599,-2539,-2080,233,116,0,63 target=-4883,-2881,-2960,0,227,0,30
elapsed=7468 source=047A action=contract pose=-4636,-2584,-2194,233,116,0,63 target=-4883,-2881,-2960,0,227,0,30
elapsed=7468 source=047A action=face-immediate pose=-4673,-2629,-2308,233,116,0,63 target=-4883,-2881,-2960,0,227,0,30
elapsed=7468 source=047A action=advance-homing pose=-4673,-2629,-2308,235,116,0,63 target=-4883,-2881,-2960,0,227,0,30
elapsed=7469 source=043B action=advance-cruise pose=-3351,-1312,-1221,16,226,0,63 target=-4883,-2881,-2960,0,227,0,30
elapsed=7472 source=082B action=contract pose=-8313,1568,-9910,227,238,0,63 target=-4865,-2881,-2939,0,227,255,30
elapsed=7472 source=082B action=contract pose=-8265,1504,-9811,227,238,0,63 target=-4865,-2881,-2939,0,227,255,30
elapsed=7472 source=082B action=contract pose=-8216,1440,-9712,227,238,0,63 target=-4865,-2881,-2939,0,227,255,30
elapsed=7472 source=082B action=face-immediate pose=-8167,1376,-9614,227,238,0,63 target=-4865,-2881,-2939,0,227,255,30
elapsed=7472 source=082B action=advance-homing pose=-8167,1376,-9614,227,238,0,63 target=-4865,-2881,-2939,0,227,255,30
elapsed=7473 source=047A action=face-immediate pose=-4729,-2749,-2508,235,116,0,63 target=-4865,-2881,-2939,0,227,255,30
elapsed=7473 source=047A action=set-cruise-speed pose=-4729,-2749,-2508,238,116,0,63 target=-4865,-2881,-2939,0,227,255,30
elapsed=7473 source=047A action=advance-aim pose=-4729,-2749,-2508,238,116,0,63 target=-4865,-2881,-2939,0,227,255,30
elapsed=7473 source=043B action=advance-cruise pose=-3203,-1220,-1053,16,226,0,63 target=-4865,-2881,-2939,0,227,255,30
elapsed=7477 source=082B action=contract pose=-8091,1216,-9446,227,238,0,63 target=-4847,-2881,-2918,0,227,254,30
elapsed=7477 source=082B action=contract pose=-8042,1153,-9347,227,238,0,63 target=-4847,-2881,-2918,0,227,254,30
elapsed=7477 source=082B action=contract pose=-7993,1090,-9248,227,238,0,63 target=-4847,-2881,-2918,0,227,254,30
elapsed=7477 source=082B action=face-immediate pose=-7944,1027,-9149,227,238,0,63 target=-4847,-2881,-2918,0,227,254,30
elapsed=7477 source=082B action=advance-homing pose=-7944,1027,-9149,227,238,0,63 target=-4847,-2881,-2918,0,227,254,30
elapsed=7478 source=047A action=advance-aim pose=-4789,-2853,-2716,238,116,0,63 target=-4847,-2881,-2918,0,227,254,30
elapsed=7478 source=043B action=advance-cruise pose=-3055,-1128,-885,16,226,0,63 target=-4847,-2881,-2918,0,227,254,30
elapsed=7482 source=082B action=contract pose=-7868,867,-8981,227,238,0,63 target=-4829,-2881,-2897,0,227,254,30
elapsed=7482 source=082B action=contract pose=-7819,805,-8882,227,238,0,63 target=-4829,-2881,-2897,0,227,254,30
elapsed=7482 source=082B action=contract pose=-7770,743,-8783,227,238,0,63 target=-4829,-2881,-2897,0,227,254,30
elapsed=7482 source=082B action=face-immediate pose=-7721,681,-8684,227,238,0,63 target=-4829,-2881,-2897,0,227,254,30
elapsed=7482 source=082B action=advance-homing pose=-7721,681,-8684,228,238,0,63 target=-4829,-2881,-2897,0,227,254,30
elapsed=7483 source=047A action=advance-cruise pose=-4849,-2957,-2924,238,116,0,63 target=-4829,-2881,-2897,0,227,254,30
elapsed=7487 source=082B action=contract pose=-7645,525,-8516,228,238,0,63 target=-4811,-2881,-2876,0,227,253,30
elapsed=7487 source=082B action=contract pose=-7595,464,-8416,228,238,0,63 target=-4811,-2881,-2876,0,227,253,30
elapsed=7487 source=082B action=contract pose=-7545,403,-8316,228,238,0,63 target=-4811,-2881,-2876,0,227,253,30
elapsed=7487 source=082B action=face-immediate pose=-7495,342,-8216,228,238,0,63 target=-4811,-2881,-2876,0,227,253,30
elapsed=7487 source=082B action=advance-homing pose=-7495,342,-8216,228,238,0,63 target=-4811,-2881,-2876,0,227,253,30
elapsed=7488 source=047A action=advance-cruise pose=-4909,-3061,-3132,238,116,0,63 target=-4811,-2881,-2876,0,227,253,30
elapsed=7492 source=082B action=contract pose=-7419,186,-8048,228,238,0,63 target=-4793,-2881,-2855,0,227,253,30
elapsed=7492 source=082B action=contract pose=-7369,126,-7948,228,238,0,63 target=-4793,-2881,-2855,0,227,253,30
elapsed=7492 source=082B action=contract pose=-7319,66,-7848,228,238,0,63 target=-4793,-2881,-2855,0,227,253,30
elapsed=7492 source=082B action=face-immediate pose=-7269,6,-7748,228,238,0,63 target=-4793,-2881,-2855,0,227,253,30
elapsed=7492 source=082B action=advance-homing pose=-7269,6,-7748,229,237,0,63 target=-4793,-2881,-2855,0,227,253,30
elapsed=7492 source=047A action=advance-cruise pose=-4969,-3165,-3340,238,116,0,63 target=-4793,-2881,-2855,0,227,253,30
elapsed=7496 source=082B action=contract pose=-7185,-146,-7580,229,237,0,63 target=-4775,-2881,-2834,0,227,252,30
elapsed=7496 source=082B action=contract pose=-7134,-205,-7480,229,237,0,63 target=-4775,-2881,-2834,0,227,252,30
elapsed=7496 source=082B action=contract pose=-7083,-264,-7380,229,237,0,63 target=-4775,-2881,-2834,0,227,252,30
elapsed=7496 source=082B action=face-immediate pose=-7032,-323,-7280,229,237,0,63 target=-4775,-2881,-2834,0,227,252,30
elapsed=7497 source=082B action=advance-homing pose=-7032,-323,-7280,229,237,0,63 target=-4775,-2881,-2834,0,227,252,30
elapsed=7497 source=047A action=advance-cruise pose=-5029,-3269,-3548,238,116,0,63 target=-4775,-2881,-2834,0,227,252,30
elapsed=7501 source=082B action=contract pose=-6948,-475,-7112,229,237,0,63 target=-4757,-2881,-2813,0,227,252,30
elapsed=7501 source=082B action=contract pose=-6897,-532,-7011,229,237,0,63 target=-4757,-2881,-2813,0,227,252,30
elapsed=7501 source=082B action=contract pose=-6846,-589,-6910,229,237,0,63 target=-4757,-2881,-2813,0,227,252,30
elapsed=7501 source=082B action=face-immediate pose=-6795,-646,-6809,229,237,0,63 target=-4757,-2881,-2813,0,227,252,30
elapsed=7501 source=082B action=advance-homing pose=-6795,-646,-6809,230,237,0,63 target=-4757,-2881,-2813,0,227,252,30
elapsed=7502 source=047A action=advance-cruise pose=-5089,-3373,-3756,238,116,0,63 target=-4757,-2881,-2813,0,227,252,30
elapsed=7505 source=082B action=contract pose=-6707,-790,-6637,230,237,0,63 target=-4739,-2881,-2792,0,227,252,30
elapsed=7506 source=082B action=contract pose=-6655,-846,-6536,230,237,0,63 target=-4739,-2881,-2792,0,227,252,30
elapsed=7506 source=082B action=contract pose=-6603,-902,-6435,230,237,0,63 target=-4739,-2881,-2792,0,227,252,30
elapsed=7506 source=082B action=face-immediate pose=-6551,-958,-6334,230,237,0,63 target=-4739,-2881,-2792,0,227,252,30
elapsed=7506 source=082B action=advance-homing pose=-6551,-958,-6334,230,237,0,63 target=-4739,-2881,-2792,0,227,252,30
elapsed=7506 source=047A action=advance-cruise pose=-5149,-3477,-3964,238,116,0,63 target=-4739,-2881,-2792,0,227,252,30
elapsed=7510 source=082B action=contract pose=-6463,-1102,-6162,230,237,0,63 target=-4721,-2881,-2771,0,227,252,30
elapsed=7510 source=082B action=contract pose=-6411,-1156,-6060,230,237,0,63 target=-4721,-2881,-2771,0,227,252,30
elapsed=7510 source=082B action=contract pose=-6359,-1210,-5958,230,237,0,63 target=-4721,-2881,-2771,0,227,252,30
elapsed=7510 source=082B action=face-immediate pose=-6307,-1264,-5856,230,237,0,63 target=-4721,-2881,-2771,0,227,252,30
elapsed=7510 source=082B action=advance-homing pose=-6307,-1264,-5856,231,237,0,63 target=-4721,-2881,-2771,0,227,252,30
elapsed=7511 source=047A action=advance-cruise pose=-5209,-3581,-4172,238,116,0,63 target=-4721,-2881,-2771,0,227,252,30
elapsed=7515 source=086A action=set-cruise-speed pose=-8696,766,-12060,235,240,0,30 target=-4703,-2881,-2750,0,227,253,30
elapsed=7516 source=086A action=contract pose=-8696,766,-12060,235,240,0,63 target=-4703,-2881,-2750,0,227,253,30
elapsed=7516 source=086A action=contract pose=-8649,722,-11950,235,240,0,63 target=-4703,-2881,-2750,0,227,253,30
elapsed=7516 source=086A action=contract pose=-8603,678,-11840,235,240,0,63 target=-4703,-2881,-2750,0,227,253,30
elapsed=7516 source=086A action=face-immediate pose=-8556,634,-11731,235,240,0,63 target=-4703,-2881,-2750,0,227,253,30
elapsed=7516 source=086A action=advance-homing pose=-8556,634,-11731,235,240,0,63 target=-4703,-2881,-2750,0,227,253,30
elapsed=7516 source=082B action=contract pose=-6219,-1404,-5680,231,237,0,63 target=-4703,-2881,-2750,0,227,253,30
elapsed=7516 source=082B action=contract pose=-6166,-1456,-5577,231,237,0,63 target=-4703,-2881,-2750,0,227,253,30
elapsed=7516 source=082B action=contract pose=-6113,-1509,-5474,231,237,0,63 target=-4703,-2881,-2750,0,227,253,30
elapsed=7516 source=082B action=face-immediate pose=-6060,-1561,-5371,231,237,0,63 target=-4703,-2881,-2750,0,227,253,30
elapsed=7516 source=082B action=advance-homing pose=-6060,-1561,-5371,232,237,0,63 target=-4703,-2881,-2750,0,227,253,30
elapsed=7516 source=047A action=advance-cruise pose=-5269,-3685,-4380,238,116,0,63 target=-4703,-2881,-2750,0,227,253,30
elapsed=7521 source=086A action=contract pose=-8480,514,-11539,235,240,0,63 target=-4685,-2881,-2729,0,227,253,30
elapsed=7521 source=086A action=contract pose=-8433,471,-11430,235,240,0,63 target=-4685,-2881,-2729,0,227,253,30
elapsed=7521 source=086A action=contract pose=-8386,428,-11320,235,240,0,63 target=-4685,-2881,-2729,0,227,253,30
elapsed=7521 source=086A action=face-immediate pose=-8339,385,-11210,235,240,0,63 target=-4685,-2881,-2729,0,227,253,30
elapsed=7521 source=086A action=advance-homing pose=-8339,385,-11210,236,240,0,63 target=-4685,-2881,-2729,0,227,253,30
elapsed=7521 source=082B action=contract pose=-5972,-1697,-5191,232,237,0,63 target=-4685,-2881,-2729,0,227,253,30
elapsed=7521 source=082B action=contract pose=-5918,-1747,-5088,232,237,0,63 target=-4685,-2881,-2729,0,227,253,30
elapsed=7521 source=082B action=contract pose=-5864,-1797,-4985,232,237,0,63 target=-4685,-2881,-2729,0,227,253,30
elapsed=7521 source=082B action=face-immediate pose=-5810,-1847,-4882,232,237,0,63 target=-4685,-2881,-2729,0,227,253,30
elapsed=7521 source=082B action=advance-homing pose=-5810,-1847,-4882,233,237,0,63 target=-4685,-2881,-2729,0,227,253,30
elapsed=7521 source=047A action=advance-cruise pose=-5329,-3789,-4588,238,116,0,63 target=-4685,-2881,-2729,0,227,253,30
elapsed=7526 source=086A action=contract pose=-8259,269,-11014,236,240,0,63 target=-4667,-2881,-2708,0,227,254,30
elapsed=7526 source=086A action=contract pose=-8212,226,-10904,236,240,0,63 target=-4667,-2881,-2708,0,227,254,30
elapsed=7526 source=086A action=contract pose=-8165,183,-10794,236,240,0,63 target=-4667,-2881,-2708,0,227,254,30
elapsed=7526 source=086A action=face-immediate pose=-8118,141,-10684,236,240,0,63 target=-4667,-2881,-2708,0,227,254,30
elapsed=7526 source=086A action=advance-homing pose=-8118,141,-10684,236,240,0,63 target=-4667,-2881,-2708,0,227,254,30
elapsed=7526 source=082B action=contract pose=-5718,-1975,-4702,233,237,0,63 target=-4667,-2881,-2708,0,227,254,30
elapsed=7526 source=082B action=contract pose=-5664,-2023,-4598,233,237,0,63 target=-4667,-2881,-2708,0,227,254,30
elapsed=7526 source=082B action=contract pose=-5610,-2071,-4494,233,237,0,63 target=-4667,-2881,-2708,0,227,254,30
elapsed=7526 source=082B action=face-immediate pose=-5555,-2119,-4390,233,237,0,63 target=-4667,-2881,-2708,0,227,254,30
elapsed=7526 source=082B action=advance-homing pose=-5555,-2119,-4390,234,237,0,63 target=-4667,-2881,-2708,0,227,254,30
elapsed=7527 source=047A action=advance-cruise pose=-5389,-3893,-4796,238,116,0,63 target=-4667,-2881,-2708,0,227,254,30
elapsed=7530 source=086A action=contract pose=-8038,25,-10488,236,240,0,63 target=-4649,-2881,-2687,0,227,254,30
elapsed=7530 source=086A action=contract pose=-7991,-17,-10378,236,240,0,63 target=-4649,-2881,-2687,0,227,254,30
elapsed=7531 source=086A action=contract pose=-7944,-59,-10268,236,240,0,63 target=-4649,-2881,-2687,0,227,254,30
elapsed=7531 source=086A action=face-immediate pose=-7897,-101,-10158,236,240,0,63 target=-4649,-2881,-2687,0,227,254,30
elapsed=7531 source=086A action=advance-homing pose=-7897,-101,-10158,236,240,0,63 target=-4649,-2881,-2687,0,227,254,30
elapsed=7531 source=082B action=contract pose=-5463,-2243,-4206,234,237,0,63 target=-4649,-2881,-2687,0,227,254,30
elapsed=7531 source=082B action=contract pose=-5407,-2288,-4101,234,237,0,63 target=-4649,-2881,-2687,0,227,254,30
elapsed=7531 source=082B action=contract pose=-5351,-2333,-3996,234,237,0,63 target=-4649,-2881,-2687,0,227,254,30
elapsed=7531 source=082B action=face-immediate pose=-5295,-2377,-3891,234,237,0,63 target=-4649,-2881,-2687,0,227,254,30
elapsed=7531 source=082B action=advance-homing pose=-5295,-2377,-3891,235,236,0,63 target=-4649,-2881,-2687,0,227,254,30
elapsed=7531 source=047A action=advance-cruise pose=-5449,-3997,-5004,238,116,0,63 target=-4649,-2881,-2687,0,227,254,30
elapsed=7535 source=086A action=contract pose=-7817,-217,-9962,236,240,0,63 target=-4631,-2881,-2666,0,227,255,30
elapsed=7535 source=086A action=contract pose=-7769,-258,-9852,236,240,0,63 target=-4631,-2881,-2666,0,227,255,30
elapsed=7535 source=086A action=contract pose=-7721,-299,-9742,236,240,0,63 target=-4631,-2881,-2666,0,227,255,30
elapsed=7536 source=086A action=face-immediate pose=-7673,-340,-9632,236,240,0,63 target=-4631,-2881,-2666,0,227,255,30
elapsed=7536 source=086A action=advance-homing pose=-7673,-340,-9632,237,240,0,63 target=-4631,-2881,-2666,0,227,255,30
elapsed=7536 source=082B action=contract pose=-5199,-2497,-3703,235,236,0,63 target=-4631,-2881,-2666,0,227,255,30
elapsed=7536 source=082B action=contract pose=-5141,-2537,-3597,235,236,0,63 target=-4631,-2881,-2666,0,227,255,30
elapsed=7536 source=082B action=contract pose=-5083,-2577,-3491,235,236,0,63 target=-4631,-2881,-2666,0,227,255,30
elapsed=7536 source=082B action=face-immediate pose=-5025,-2617,-3385,235,236,0,63 target=-4631,-2881,-2666,0,227,255,30
elapsed=7536 source=082B action=advance-homing pose=-5025,-2617,-3385,237,236,0,63 target=-4631,-2881,-2666,0,227,255,30
elapsed=7536 source=047A action=advance-cruise pose=-5509,-4101,-5212,238,116,0,63 target=-4631,-2881,-2666,0,227,255,30
elapsed=7540 source=086A action=contract pose=-7593,-452,-9432,237,240,0,63 target=-4613,-2881,-2645,0,227,0,30
elapsed=7540 source=086A action=contract pose=-7545,-492,-9322,237,240,0,63 target=-4613,-2881,-2645,0,227,0,30
elapsed=7540 source=086A action=contract pose=-7497,-532,-9212,237,240,0,63 target=-4613,-2881,-2645,0,227,0,30
elapsed=7540 source=086A action=face-immediate pose=-7449,-572,-9102,237,240,0,63 target=-4613,-2881,-2645,0,227,0,30
elapsed=7540 source=086A action=advance-homing pose=-7449,-572,-9102,237,240,0,63 target=-4613,-2881,-2645,0,227,0,30
elapsed=7541 source=082B action=face-immediate pose=-4925,-2729,-3193,237,236,0,63 target=-4613,-2881,-2645,0,227,0,30
elapsed=7541 source=082B action=set-cruise-speed pose=-4925,-2729,-3193,242,236,0,63 target=-4613,-2881,-2645,0,227,0,30
elapsed=7541 source=082B action=advance-aim pose=-4925,-2729,-3193,242,236,0,63 target=-4613,-2881,-2645,0,227,0,30
elapsed=7541 source=047A action=advance-cruise pose=-5569,-4205,-5420,238,116,0,63 target=-4613,-2881,-2645,0,227,0,30
elapsed=7545 source=086A action=contract pose=-7369,-684,-8902,237,240,0,63 target=-4595,-2881,-2624,0,227,1,30
elapsed=7545 source=086A action=contract pose=-7321,-723,-8792,237,240,0,63 target=-4595,-2881,-2624,0,227,1,30
elapsed=7546 source=086A action=contract pose=-7272,-762,-8682,237,240,0,63 target=-4595,-2881,-2624,0,227,1,30
elapsed=7546 source=086A action=face-immediate pose=-7224,-801,-8571,237,240,0,63 target=-4595,-2881,-2624,0,227,1,30
elapsed=7546 source=086A action=advance-homing pose=-7224,-801,-8571,237,240,0,63 target=-4595,-2881,-2624,0,227,1,30
elapsed=7546 source=082B action=advance-aim pose=-4821,-2809,-2989,242,236,0,63 target=-4595,-2881,-2624,0,227,1,30
elapsed=7546 source=082B action=face-smooth pose=-4717,-2889,-2785,242,236,0,63 target=-4595,-2881,-2624,0,227,1,30
elapsed=7546 source=047A action=advance-cruise pose=-5629,-4309,-5628,238,116,0,63 target=-4595,-2881,-2624,0,227,1,30
elapsed=7551 source=086A action=contract pose=-7144,-913,-8371,237,240,0,63 target=-4577,-2881,-2603,0,227,2,30
elapsed=7551 source=086A action=contract pose=-7095,-951,-8261,237,240,0,63 target=-4577,-2881,-2603,0,227,2,30
elapsed=7551 source=086A action=contract pose=-7046,-990,-8150,237,240,0,63 target=-4577,-2881,-2603,0,227,2,30
elapsed=7551 source=086A action=face-immediate pose=-6997,-1028,-8040,237,240,0,63 target=-4577,-2881,-2603,0,227,2,30
elapsed=7551 source=086A action=advance-homing pose=-6997,-1028,-8040,238,240,0,63 target=-4577,-2881,-2603,0,227,2,30
elapsed=7551 source=082B action=advance-aim pose=-4717,-2889,-2785,246,235,0,63 target=-4577,-2881,-2603,0,227,2,30
elapsed=7551 source=047A action=advance-cruise pose=-5689,-4413,-5836,238,116,0,63 target=-4577,-2881,-2603,0,227,2,30
elapsed=7556 source=086A action=contract pose=-6917,-1132,-7840,238,240,0,63 target=-4559,-2881,-2582,0,227,2,30
elapsed=7556 source=086A action=contract pose=-6868,-1170,-7729,238,240,0,63 target=-4559,-2881,-2582,0,227,2,30
elapsed=7556 source=086A action=contract pose=-6819,-1207,-7618,238,240,0,63 target=-4559,-2881,-2582,0,227,2,30
elapsed=7556 source=086A action=face-immediate pose=-6770,-1245,-7507,238,240,0,63 target=-4559,-2881,-2582,0,227,2,30
elapsed=7556 source=086A action=advance-homing pose=-6770,-1245,-7507,238,239,0,63 target=-4559,-2881,-2582,0,227,2,30
elapsed=7556 source=082B action=advance-cruise pose=-4605,-2945,-2581,246,235,0,63 target=-4559,-2881,-2582,0,227,2,30
elapsed=7560 source=086A action=contract pose=-6682,-1349,-7307,238,239,0,63 target=-4541,-2881,-2561,0,227,3,30
elapsed=7561 source=086A action=contract pose=-6632,-1386,-7196,238,239,0,63 target=-4541,-2881,-2561,0,227,3,30
elapsed=7561 source=086A action=contract pose=-6582,-1422,-7085,238,239,0,63 target=-4541,-2881,-2561,0,227,3,30
elapsed=7561 source=086A action=face-immediate pose=-6532,-1458,-6974,238,239,0,63 target=-4541,-2881,-2561,0,227,3,30
elapsed=7561 source=086A action=advance-homing pose=-6532,-1458,-6974,239,239,0,63 target=-4541,-2881,-2561,0,227,3,30
elapsed=7561 source=082B action=advance-cruise pose=-4493,-3001,-2377,246,235,0,63 target=-4541,-2881,-2561,0,227,3,30
elapsed=7565 source=086A action=contract pose=-6444,-1558,-6770,239,239,0,63 target=-4523,-2881,-2540,0,227,3,30
elapsed=7565 source=086A action=contract pose=-6394,-1593,-6659,239,239,0,63 target=-4523,-2881,-2540,0,227,3,30
elapsed=7565 source=086A action=contract pose=-6344,-1628,-6548,239,239,0,63 target=-4523,-2881,-2540,0,227,3,30
elapsed=7565 source=086A action=face-immediate pose=-6294,-1663,-6437,239,239,0,63 target=-4523,-2881,-2540,0,227,3,30
elapsed=7565 source=086A action=advance-homing pose=-6294,-1663,-6437,239,239,0,63 target=-4523,-2881,-2540,0,227,3,30
elapsed=7565 source=082B action=advance-cruise pose=-4381,-3057,-2173,246,235,0,63 target=-4523,-2881,-2540,0,227,3,30
elapsed=7570 source=086A action=contract pose=-6206,-1763,-6233,239,239,0,63 target=-4505,-2881,-2519,0,227,4,30
elapsed=7570 source=086A action=contract pose=-6155,-1797,-6122,239,239,0,63 target=-4505,-2881,-2519,0,227,4,30
elapsed=7570 source=086A action=contract pose=-6104,-1831,-6011,239,239,0,63 target=-4505,-2881,-2519,0,227,4,30
elapsed=7570 source=086A action=face-immediate pose=-6053,-1865,-5900,239,239,0,63 target=-4505,-2881,-2519,0,227,4,30
elapsed=7570 source=086A action=advance-homing pose=-6053,-1865,-5900,240,239,0,63 target=-4505,-2881,-2519,0,227,4,30
elapsed=7570 source=082B action=advance-cruise pose=-4269,-3113,-1969,246,235,0,63 target=-4505,-2881,-2519,0,227,4,30
elapsed=7574 source=086A action=contract pose=-5965,-1957,-5692,240,239,0,63 target=-4487,-2881,-2498,0,227,4,30
elapsed=7574 source=086A action=contract pose=-5914,-1990,-5581,240,239,0,63 target=-4487,-2881,-2498,0,227,4,30
elapsed=7574 source=086A action=contract pose=-5863,-2023,-5470,240,239,0,63 target=-4487,-2881,-2498,0,227,4,30
elapsed=7574 source=086A action=face-immediate pose=-5812,-2056,-5359,240,239,0,63 target=-4487,-2881,-2498,0,227,4,30
elapsed=7574 source=086A action=advance-homing pose=-5812,-2056,-5359,240,239,0,63 target=-4487,-2881,-2498,0,227,4,30
elapsed=7575 source=082B action=advance-cruise pose=-4157,-3169,-1765,246,235,0,63 target=-4487,-2881,-2498,0,227,4,30
elapsed=7579 source=086A action=contract pose=-5724,-2148,-5151,240,239,0,63 target=-4469,-2881,-2477,0,227,4,30
elapsed=7579 source=086A action=contract pose=-5672,-2179,-5040,240,239,0,63 target=-4469,-2881,-2477,0,227,4,30
elapsed=7579 source=086A action=contract pose=-5620,-2210,-4929,240,239,0,63 target=-4469,-2881,-2477,0,227,4,30
elapsed=7579 source=086A action=face-immediate pose=-5568,-2241,-4818,240,239,0,63 target=-4469,-2881,-2477,0,227,4,30
elapsed=7579 source=086A action=advance-homing pose=-5568,-2241,-4818,241,239,0,63 target=-4469,-2881,-2477,0,227,4,30
elapsed=7579 source=082B action=advance-cruise pose=-4045,-3225,-1561,246,235,0,63 target=-4469,-2881,-2477,0,227,4,30
elapsed=7584 source=086A action=contract pose=-5476,-2329,-4610,241,239,0,63 target=-4451,-2881,-2456,0,227,4,30
elapsed=7584 source=086A action=contract pose=-5423,-2358,-4499,241,239,0,63 target=-4451,-2881,-2456,0,227,4,30
elapsed=7584 source=086A action=contract pose=-5370,-2387,-4388,241,239,0,63 target=-4451,-2881,-2456,0,227,4,30
elapsed=7584 source=086A action=face-immediate pose=-5317,-2416,-4277,241,239,0,63 target=-4451,-2881,-2456,0,227,4,30
elapsed=7584 source=086A action=advance-homing pose=-5317,-2416,-4277,242,239,0,63 target=-4451,-2881,-2456,0,227,4,30
elapsed=7584 source=082B action=advance-cruise pose=-3933,-3281,-1357,246,235,0,63 target=-4451,-2881,-2456,0,227,4,30
elapsed=7588 source=086A action=contract pose=-5225,-2496,-4069,242,239,0,63 target=-4433,-2881,-2435,0,227,3,30
elapsed=7588 source=086A action=contract pose=-5171,-2523,-3958,242,239,0,63 target=-4433,-2881,-2435,0,227,3,30
elapsed=7588 source=086A action=contract pose=-5117,-2550,-3847,242,239,0,63 target=-4433,-2881,-2435,0,227,3,30
elapsed=7588 source=086A action=face-immediate pose=-5063,-2577,-3736,242,239,0,63 target=-4433,-2881,-2435,0,227,3,30
elapsed=7588 source=086A action=advance-homing pose=-5063,-2577,-3736,243,238,0,63 target=-4433,-2881,-2435,0,227,3,30
elapsed=7588 source=082B action=advance-cruise pose=-3821,-3337,-1153,246,235,0,63 target=-4433,-2881,-2435,0,227,3,30
elapsed=7593 source=047A action=set-cruise-speed pose=-14416,-325,-1832,239,190,0,30 target=-4415,-2881,-2414,0,227,3,30
elapsed=7593 source=047A action=contract pose=-14416,-325,-1832,239,190,0,63 target=-4415,-2881,-2414,0,227,3,30
elapsed=7593 source=047A action=contract pose=-14293,-357,-1840,239,190,0,63 target=-4415,-2881,-2414,0,227,3,30
elapsed=7593 source=047A action=contract pose=-14171,-389,-1848,239,190,0,63 target=-4415,-2881,-2414,0,227,3,30
elapsed=7593 source=047A action=face-immediate pose=-14048,-421,-1856,239,190,0,63 target=-4415,-2881,-2414,0,227,3,30
elapsed=7593 source=047A action=advance-homing pose=-14048,-421,-1856,239,190,0,63 target=-4415,-2881,-2414,0,227,3,30
elapsed=7594 source=04B9 action=set-cruise-speed pose=-6532,-582,-9500,237,245,0,30 target=-4415,-2881,-2414,0,227,3,30
elapsed=7594 source=04B9 action=contract pose=-6532,-582,-9500,237,245,0,63 target=-4415,-2881,-2414,0,227,3,30
elapsed=7594 source=04B9 action=contract pose=-6498,-620,-9384,237,245,0,63 target=-4415,-2881,-2414,0,227,3,30
elapsed=7594 source=04B9 action=contract pose=-6464,-658,-9268,237,245,0,63 target=-4415,-2881,-2414,0,227,3,30
elapsed=7594 source=04B9 action=face-immediate pose=-6430,-696,-9152,237,245,0,63 target=-4415,-2881,-2414,0,227,3,30
elapsed=7594 source=04B9 action=advance-homing pose=-6430,-696,-9152,237,245,0,63 target=-4415,-2881,-2414,0,227,3,30
elapsed=7595 source=086A action=contract pose=-4967,-2653,-3528,243,238,0,63 target=-4415,-2881,-2414,0,227,3,30
elapsed=7595 source=086A action=contract pose=-4912,-2676,-3416,243,238,0,63 target=-4415,-2881,-2414,0,227,3,30
elapsed=7595 source=086A action=contract pose=-4857,-2699,-3305,243,238,0,63 target=-4415,-2881,-2414,0,227,3,30
elapsed=7595 source=086A action=face-immediate pose=-4802,-2722,-3194,243,238,0,63 target=-4415,-2881,-2414,0,227,3,30
elapsed=7595 source=086A action=advance-homing pose=-4802,-2722,-3194,245,238,0,63 target=-4415,-2881,-2414,0,227,3,30
elapsed=7595 source=082B action=advance-cruise pose=-3709,-3393,-949,246,235,0,63 target=-4415,-2881,-2414,0,227,3,30
elapsed=7597 source=0966 action=set-cruise-speed pose=-8028,-9927,4452,10,148,0,30 target=-4415,-2881,-2414,0,227,3,30
elapsed=7597 source=0966 action=contract pose=-8028,-9927,4452,10,148,0,63 target=-4415,-2881,-2414,0,227,3,30
elapsed=7597 source=0966 action=contract pose=-7985,-9842,4368,10,148,0,63 target=-4415,-2881,-2414,0,227,3,30
elapsed=7597 source=0966 action=contract pose=-7942,-9757,4284,10,148,0,63 target=-4415,-2881,-2414,0,227,3,30
elapsed=7597 source=0966 action=face-immediate pose=-7899,-9672,4200,10,148,0,63 target=-4415,-2881,-2414,0,227,3,30
elapsed=7597 source=0966 action=advance-homing pose=-7899,-9672,4200,38,148,0,63 target=-4415,-2881,-2414,0,227,3,30
elapsed=7601 source=047A action=contract pose=-13824,-521,-1860,239,190,0,63 target=-4397,-2881,-2393,0,227,2,30
elapsed=7601 source=047A action=contract pose=-13701,-553,-1868,239,190,0,63 target=-4397,-2881,-2393,0,227,2,30
elapsed=7601 source=047A action=contract pose=-13578,-585,-1876,239,190,0,63 target=-4397,-2881,-2393,0,227,2,30
elapsed=7601 source=047A action=face-immediate pose=-13455,-616,-1884,239,190,0,63 target=-4397,-2881,-2393,0,227,2,30
elapsed=7601 source=047A action=advance-homing pose=-13455,-616,-1884,239,190,0,63 target=-4397,-2881,-2393,0,227,2,30
elapsed=7601 source=04B9 action=contract pose=-6374,-808,-8944,237,245,0,63 target=-4397,-2881,-2393,0,227,2,30
elapsed=7601 source=04B9 action=contract pose=-6339,-845,-8828,237,245,0,63 target=-4397,-2881,-2393,0,227,2,30
elapsed=7601 source=04B9 action=contract pose=-6304,-882,-8712,237,245,0,63 target=-4397,-2881,-2393,0,227,2,30
elapsed=7601 source=04B9 action=face-immediate pose=-6269,-919,-8596,237,245,0,63 target=-4397,-2881,-2393,0,227,2,30
elapsed=7601 source=04B9 action=advance-homing pose=-6269,-919,-8596,238,245,0,63 target=-4397,-2881,-2393,0,227,2,30
elapsed=7601 source=086A action=face-immediate pose=-4706,-2786,-2982,245,238,0,63 target=-4397,-2881,-2393,0,227,2,30
elapsed=7601 source=086A action=set-cruise-speed pose=-4706,-2786,-2982,247,237,0,63 target=-4397,-2881,-2393,0,227,2,30
elapsed=7602 source=086A action=advance-aim pose=-4706,-2786,-2982,247,237,0,63 target=-4397,-2881,-2393,0,227,2,30
elapsed=7602 source=082B action=advance-cruise pose=-3597,-3449,-745,246,235,0,63 target=-4397,-2881,-2393,0,227,2,30
elapsed=7602 source=0966 action=contract pose=-7835,-9472,4072,38,148,0,63 target=-4397,-2881,-2393,0,227,2,30
elapsed=7603 source=0966 action=contract pose=-7791,-9387,3988,38,148,0,63 target=-4397,-2881,-2393,0,227,2,30
elapsed=7603 source=0966 action=contract pose=-7747,-9302,3904,38,148,0,63 target=-4397,-2881,-2393,0,227,2,30
elapsed=7603 source=0966 action=face-immediate pose=-7703,-9217,3820,38,148,0,63 target=-4397,-2881,-2393,0,227,2,30
elapsed=7603 source=0966 action=advance-homing pose=-7703,-9217,3820,37,148,0,63 target=-4397,-2881,-2393,0,227,2,30
elapsed=7606 source=047A action=contract pose=-13231,-716,-1888,239,190,0,63 target=-4379,-2881,-2372,0,227,2,30
elapsed=7606 source=047A action=contract pose=-13108,-747,-1896,239,190,0,63 target=-4379,-2881,-2372,0,227,2,30
elapsed=7606 source=047A action=contract pose=-12985,-778,-1903,239,190,0,63 target=-4379,-2881,-2372,0,227,2,30
elapsed=7606 source=047A action=face-immediate pose=-12862,-809,-1910,239,190,0,63 target=-4379,-2881,-2372,0,227,2,30
elapsed=7606 source=047A action=advance-homing pose=-12862,-809,-1910,239,190,0,63 target=-4379,-2881,-2372,0,227,2,30
elapsed=7607 source=04B9 action=contract pose=-6213,-1023,-8384,238,245,0,63 target=-4379,-2881,-2372,0,227,2,30
elapsed=7607 source=04B9 action=contract pose=-6178,-1060,-8268,238,245,0,63 target=-4379,-2881,-2372,0,227,2,30
elapsed=7607 source=04B9 action=contract pose=-6143,-1097,-8152,238,245,0,63 target=-4379,-2881,-2372,0,227,2,30
elapsed=7607 source=04B9 action=face-immediate pose=-6108,-1134,-8036,238,245,0,63 target=-4379,-2881,-2372,0,227,2,30
elapsed=7607 source=04B9 action=advance-homing pose=-6108,-1134,-8036,238,244,0,63 target=-4379,-2881,-2372,0,227,2,30
elapsed=7607 source=086A action=advance-aim pose=-4602,-2838,-2774,247,237,0,63 target=-4379,-2881,-2372,0,227,2,30
elapsed=7607 source=086A action=face-smooth pose=-4498,-2890,-2566,247,237,0,63 target=-4379,-2881,-2372,0,227,2,30
elapsed=7607 source=082B action=advance-cruise pose=-3485,-3505,-541,246,235,0,63 target=-4379,-2881,-2372,0,227,2,30
elapsed=7608 source=0966 action=contract pose=-7635,-9021,3688,37,148,0,63 target=-4379,-2881,-2372,0,227,2,30
elapsed=7608 source=0966 action=contract pose=-7591,-8937,3604,37,148,0,63 target=-4379,-2881,-2372,0,227,2,30
elapsed=7608 source=0966 action=contract pose=-7546,-8853,3519,37,148,0,63 target=-4379,-2881,-2372,0,227,2,30
elapsed=7608 source=0966 action=face-immediate pose=-7502,-8769,3435,37,148,0,63 target=-4379,-2881,-2372,0,227,2,30
elapsed=7608 source=0966 action=advance-homing pose=-7502,-8769,3435,37,148,0,63 target=-4379,-2881,-2372,0,227,2,30
elapsed=7612 source=047A action=contract pose=-12638,-909,-1914,239,190,0,63 target=-4361,-2881,-2351,0,227,1,30
elapsed=7612 source=047A action=contract pose=-12515,-939,-1921,239,190,0,63 target=-4361,-2881,-2351,0,227,1,30
elapsed=7612 source=047A action=contract pose=-12392,-969,-1928,239,190,0,63 target=-4361,-2881,-2351,0,227,1,30
elapsed=7612 source=047A action=face-immediate pose=-12269,-999,-1935,239,190,0,63 target=-4361,-2881,-2351,0,227,1,30
elapsed=7612 source=047A action=advance-homing pose=-12269,-999,-1935,240,190,0,63 target=-4361,-2881,-2351,0,227,1,30
elapsed=7612 source=04B9 action=contract pose=-6048,-1238,-7828,238,244,0,63 target=-4361,-2881,-2351,0,227,1,30
elapsed=7612 source=04B9 action=contract pose=-6013,-1274,-7712,238,244,0,63 target=-4361,-2881,-2351,0,227,1,30
elapsed=7612 source=04B9 action=contract pose=-5978,-1310,-7596,238,244,0,63 target=-4361,-2881,-2351,0,227,1,30
elapsed=7612 source=04B9 action=face-immediate pose=-5943,-1346,-7480,238,244,0,63 target=-4361,-2881,-2351,0,227,1,30
elapsed=7612 source=04B9 action=advance-homing pose=-5943,-1346,-7480,239,244,0,63 target=-4361,-2881,-2351,0,227,1,30
elapsed=7612 source=086A action=advance-aim pose=-4498,-2890,-2566,249,236,0,63 target=-4361,-2881,-2351,0,227,1,30
elapsed=7613 source=082B action=advance-cruise pose=-3373,-3561,-337,246,235,0,63 target=-4361,-2881,-2351,0,227,1,30
elapsed=7613 source=0966 action=contract pose=-7434,-8573,3303,37,148,0,63 target=-4361,-2881,-2351,0,227,1,30
elapsed=7613 source=0966 action=contract pose=-7389,-8489,3218,37,148,0,63 target=-4361,-2881,-2351,0,227,1,30
elapsed=7613 source=0966 action=contract pose=-7344,-8405,3134,37,148,0,63 target=-4361,-2881,-2351,0,227,1,30
elapsed=7613 source=0966 action=face-immediate pose=-7299,-8321,3049,37,148,0,63 target=-4361,-2881,-2351,0,227,1,30
elapsed=7613 source=0966 action=advance-homing pose=-7299,-8321,3049,37,149,0,63 target=-4361,-2881,-2351,0,227,1,30
elapsed=7617 source=047A action=contract pose=-12045,-1091,-1939,240,190,0,63 target=-4343,-2881,-2330,0,227,30,30
elapsed=7617 source=047A action=contract pose=-11921,-1120,-1946,240,190,0,63 target=-4343,-2881,-2330,0,227,30,30
elapsed=7617 source=047A action=contract pose=-11798,-1149,-1953,240,190,0,63 target=-4343,-2881,-2330,0,227,30,30
elapsed=7617 source=047A action=face-immediate pose=-11675,-1178,-1960,240,190,0,63 target=-4343,-2881,-2330,0,227,30,30
elapsed=7617 source=047A action=advance-homing pose=-11675,-1178,-1960,240,191,0,63 target=-4343,-2881,-2330,0,227,30,30
elapsed=7617 source=04B9 action=contract pose=-5883,-1446,-7268,239,244,0,63 target=-4343,-2881,-2330,0,227,30,30
elapsed=7618 source=04B9 action=contract pose=-5847,-1481,-7152,239,244,0,63 target=-4343,-2881,-2330,0,227,30,30
elapsed=7618 source=04B9 action=contract pose=-5811,-1516,-7035,239,244,0,63 target=-4343,-2881,-2330,0,227,30,30
elapsed=7618 source=04B9 action=face-immediate pose=-5775,-1551,-6919,239,244,0,63 target=-4343,-2881,-2330,0,227,30,30
elapsed=7618 source=04B9 action=advance-homing pose=-5775,-1551,-6919,239,244,0,63 target=-4343,-2881,-2330,0,227,30,30
elapsed=7618 source=086A action=advance-aim pose=-4386,-2930,-2354,249,236,0,63 target=-4343,-2881,-2330,0,227,30,30
elapsed=7618 source=082B action=advance-cruise pose=-3261,-3617,-133,246,235,0,63 target=-4343,-2881,-2330,0,227,30,30
elapsed=7619 source=0966 action=contract pose=-7227,-8125,2921,37,149,0,63 target=-4343,-2881,-2330,0,227,30,30
elapsed=7619 source=0966 action=contract pose=-7181,-8041,2836,37,149,0,63 target=-4343,-2881,-2330,0,227,30,30
elapsed=7619 source=0966 action=contract pose=-7135,-7958,2751,37,149,0,63 target=-4343,-2881,-2330,0,227,30,30
elapsed=7619 source=0966 action=face-immediate pose=-7089,-7875,2666,37,149,0,63 target=-4343,-2881,-2330,0,227,30,30
elapsed=7619 source=0966 action=advance-homing pose=-7089,-7875,2666,37,149,0,63 target=-4343,-2881,-2330,0,227,30,30
elapsed=7622 source=047A action=contract pose=-11451,-1270,-1960,240,191,0,63 target=-4325,-2881,-2309,0,227,26,30
elapsed=7622 source=047A action=contract pose=-11328,-1299,-1967,240,191,0,63 target=-4325,-2881,-2309,0,227,26,30
elapsed=7622 source=047A action=contract pose=-11205,-1328,-1974,240,191,0,63 target=-4325,-2881,-2309,0,227,26,30
elapsed=7622 source=047A action=face-immediate pose=-11081,-1357,-1981,240,191,0,63 target=-4325,-2881,-2309,0,227,26,30
elapsed=7622 source=047A action=advance-homing pose=-11081,-1357,-1981,241,191,0,63 target=-4325,-2881,-2309,0,227,26,30
elapsed=7623 source=04B9 action=contract pose=-5715,-1651,-6707,239,244,0,63 target=-4325,-2881,-2309,0,227,26,30
elapsed=7623 source=04B9 action=contract pose=-5679,-1684,-6590,239,244,0,63 target=-4325,-2881,-2309,0,227,26,30
elapsed=7623 source=04B9 action=contract pose=-5643,-1717,-6473,239,244,0,63 target=-4325,-2881,-2309,0,227,26,30
elapsed=7623 source=04B9 action=face-immediate pose=-5606,-1750,-6356,239,244,0,63 target=-4325,-2881,-2309,0,227,26,30
elapsed=7623 source=04B9 action=advance-homing pose=-5606,-1750,-6356,240,244,0,63 target=-4325,-2881,-2309,0,227,26,30
elapsed=7623 source=086A action=advance-cruise pose=-4274,-2970,-2142,249,236,0,63 target=-4325,-2881,-2309,0,227,26,30
elapsed=7623 source=082B action=advance-cruise pose=-3149,-3673,71,246,235,0,63 target=-4325,-2881,-2309,0,227,26,30
elapsed=7623 source=0966 action=contract pose=-7017,-7679,2538,37,149,0,63 target=-4325,-2881,-2309,0,227,26,30
elapsed=7624 source=0966 action=contract pose=-6971,-7596,2453,37,149,0,63 target=-4325,-2881,-2309,0,227,26,30
elapsed=7624 source=0966 action=contract pose=-6925,-7513,2368,37,149,0,63 target=-4325,-2881,-2309,0,227,26,30
elapsed=7624 source=0966 action=face-immediate pose=-6879,-7430,2283,37,149,0,63 target=-4325,-2881,-2309,0,227,26,30
elapsed=7624 source=0966 action=advance-homing pose=-6879,-7430,2283,37,149,0,63 target=-4325,-2881,-2309,0,227,26,30
elapsed=7627 source=047A action=contract pose=-10853,-1445,-1981,241,191,0,63 target=-4307,-2881,-2288,0,227,22,30
elapsed=7627 source=047A action=contract pose=-10729,-1473,-1987,241,191,0,63 target=-4307,-2881,-2288,0,227,22,30
elapsed=7627 source=047A action=contract pose=-10606,-1501,-1993,241,191,0,63 target=-4307,-2881,-2288,0,227,22,30
elapsed=7627 source=047A action=face-immediate pose=-10482,-1529,-1999,241,191,0,63 target=-4307,-2881,-2288,0,227,22,30
elapsed=7627 source=047A action=advance-homing pose=-10482,-1529,-1999,241,191,0,63 target=-4307,-2881,-2288,0,227,22,30
elapsed=7627 source=04B9 action=contract pose=-5546,-1842,-6144,240,244,0,63 target=-4307,-2881,-2288,0,227,22,30
elapsed=7627 source=04B9 action=contract pose=-5509,-1874,-6027,240,244,0,63 target=-4307,-2881,-2288,0,227,22,30
elapsed=7627 source=04B9 action=contract pose=-5472,-1906,-5910,240,244,0,63 target=-4307,-2881,-2288,0,227,22,30
elapsed=7627 source=04B9 action=face-immediate pose=-5435,-1938,-5793,240,244,0,63 target=-4307,-2881,-2288,0,227,22,30
elapsed=7627 source=04B9 action=advance-homing pose=-5435,-1938,-5793,240,244,0,63 target=-4307,-2881,-2288,0,227,22,30
elapsed=7628 source=086A action=advance-cruise pose=-4162,-3010,-1930,249,236,0,63 target=-4307,-2881,-2288,0,227,22,30
elapsed=7628 source=082B action=advance-cruise pose=-3037,-3729,275,246,235,0,63 target=-4307,-2881,-2288,0,227,22,30
elapsed=7628 source=0966 action=contract pose=-6807,-7234,2155,37,149,0,63 target=-4307,-2881,-2288,0,227,22,30
elapsed=7628 source=0966 action=contract pose=-6760,-7152,2070,37,149,0,63 target=-4307,-2881,-2288,0,227,22,30
elapsed=7628 source=0966 action=contract pose=-6713,-7070,1985,37,149,0,63 target=-4307,-2881,-2288,0,227,22,30
elapsed=7628 source=0966 action=face-immediate pose=-6666,-6988,1900,37,149,0,63 target=-4307,-2881,-2288,0,227,22,30
elapsed=7628 source=0966 action=advance-homing pose=-6666,-6988,1900,36,149,0,63 target=-4307,-2881,-2288,0,227,22,30
elapsed=7631 source=047A action=contract pose=-10254,-1617,-1999,241,191,0,63 target=-4289,-2881,-2267,0,227,19,30
elapsed=7631 source=047A action=contract pose=-10130,-1644,-2005,241,191,0,63 target=-4289,-2881,-2267,0,227,19,30
elapsed=7631 source=047A action=contract pose=-10006,-1671,-2011,241,191,0,63 target=-4289,-2881,-2267,0,227,19,30
elapsed=7631 source=047A action=face-immediate pose=-9882,-1698,-2017,241,191,0,63 target=-4289,-2881,-2267,0,227,19,30
elapsed=7632 source=047A action=advance-homing pose=-9882,-1698,-2017,241,191,0,63 target=-4289,-2881,-2267,0,227,19,30
elapsed=7632 source=04B9 action=contract pose=-5375,-2030,-5581,240,244,0,63 target=-4289,-2881,-2267,0,227,19,30
elapsed=7632 source=04B9 action=contract pose=-5337,-2061,-5464,240,244,0,63 target=-4289,-2881,-2267,0,227,19,30
elapsed=7632 source=04B9 action=contract pose=-5299,-2092,-5347,240,244,0,63 target=-4289,-2881,-2267,0,227,19,30
elapsed=7632 source=04B9 action=face-immediate pose=-5261,-2123,-5230,240,244,0,63 target=-4289,-2881,-2267,0,227,19,30
elapsed=7632 source=04B9 action=advance-homing pose=-5261,-2123,-5230,241,244,0,63 target=-4289,-2881,-2267,0,227,19,30
elapsed=7632 source=086A action=advance-cruise pose=-4050,-3050,-1718,249,236,0,63 target=-4289,-2881,-2267,0,227,19,30
elapsed=7633 source=0966 action=contract pose=-6594,-6796,1768,36,149,0,63 target=-4289,-2881,-2267,0,227,19,30
elapsed=7633 source=0966 action=contract pose=-6546,-6715,1683,36,149,0,63 target=-4289,-2881,-2267,0,227,19,30
elapsed=7633 source=0966 action=contract pose=-6498,-6633,1598,36,149,0,63 target=-4289,-2881,-2267,0,227,19,30
elapsed=7633 source=0966 action=face-immediate pose=-6450,-6551,1513,36,149,0,63 target=-4289,-2881,-2267,0,227,19,30
elapsed=7633 source=0966 action=advance-homing pose=-6450,-6551,1513,36,150,0,63 target=-4289,-2881,-2267,0,227,19,30
elapsed=7636 source=047A action=contract pose=-9654,-1786,-2017,241,191,0,63 target=-4271,-2881,-2246,0,227,16,30
elapsed=7636 source=047A action=contract pose=-9530,-1812,-2023,241,191,0,63 target=-4271,-2881,-2246,0,227,16,30
elapsed=7636 source=047A action=contract pose=-9406,-1838,-2029,241,191,0,63 target=-4271,-2881,-2246,0,227,16,30
elapsed=7636 source=047A action=face-immediate pose=-9282,-1864,-2035,241,191,0,63 target=-4271,-2881,-2246,0,227,16,30
elapsed=7636 source=047A action=advance-homing pose=-9282,-1864,-2035,242,191,0,63 target=-4271,-2881,-2246,0,227,16,30
elapsed=7637 source=04B9 action=contract pose=-5201,-2211,-5014,241,244,0,63 target=-4271,-2881,-2246,0,227,16,30
elapsed=7637 source=04B9 action=contract pose=-5162,-2240,-4897,241,244,0,63 target=-4271,-2881,-2246,0,227,16,30
elapsed=7637 source=04B9 action=contract pose=-5123,-2269,-4780,241,244,0,63 target=-4271,-2881,-2246,0,227,16,30
elapsed=7637 source=04B9 action=face-immediate pose=-5084,-2298,-4663,241,244,0,63 target=-4271,-2881,-2246,0,227,16,30
elapsed=7637 source=04B9 action=advance-homing pose=-5084,-2298,-4663,242,243,0,63 target=-4271,-2881,-2246,0,227,16,30
elapsed=7637 source=086A action=advance-cruise pose=-3938,-3090,-1506,249,236,0,63 target=-4271,-2881,-2246,0,227,16,30
elapsed=7637 source=0966 action=contract pose=-6374,-6359,1381,36,150,0,63 target=-4271,-2881,-2246,0,227,16,30
elapsed=7638 source=0966 action=contract pose=-6325,-6278,1296,36,150,0,63 target=-4271,-2881,-2246,0,227,16,30
elapsed=7638 source=0966 action=contract pose=-6276,-6197,1211,36,150,0,63 target=-4271,-2881,-2246,0,227,16,30
elapsed=7638 source=0966 action=face-immediate pose=-6227,-6116,1126,36,150,0,63 target=-4271,-2881,-2246,0,227,16,30
elapsed=7638 source=0966 action=advance-homing pose=-6227,-6116,1126,36,150,0,63 target=-4271,-2881,-2246,0,227,16,30
elapsed=7641 source=047A action=contract pose=-9054,-1944,-2035,242,191,0,63 target=-4253,-2881,-2225,0,227,14,30
elapsed=7641 source=047A action=contract pose=-8930,-1969,-2041,242,191,0,63 target=-4253,-2881,-2225,0,227,14,30
elapsed=7641 source=047A action=contract pose=-8806,-1994,-2046,242,191,0,63 target=-4253,-2881,-2225,0,227,14,30
elapsed=7641 source=047A action=face-immediate pose=-8682,-2019,-2051,242,191,0,63 target=-4253,-2881,-2225,0,227,14,30
elapsed=7641 source=047A action=advance-homing pose=-8682,-2019,-2051,242,191,0,63 target=-4253,-2881,-2225,0,227,14,30
elapsed=7641 source=04B9 action=contract pose=-5016,-2378,-4447,242,243,0,63 target=-4253,-2881,-2225,0,227,14,30
elapsed=7641 source=04B9 action=contract pose=-4976,-2405,-4330,242,243,0,63 target=-4253,-2881,-2225,0,227,14,30
elapsed=7641 source=04B9 action=contract pose=-4936,-2432,-4213,242,243,0,63 target=-4253,-2881,-2225,0,227,14,30
elapsed=7641 source=04B9 action=face-immediate pose=-4896,-2459,-4096,242,243,0,63 target=-4253,-2881,-2225,0,227,14,30
elapsed=7641 source=04B9 action=advance-homing pose=-4896,-2459,-4096,243,243,0,63 target=-4253,-2881,-2225,0,227,14,30
elapsed=7642 source=086A action=advance-cruise pose=-3826,-3130,-1294,249,236,0,63 target=-4253,-2881,-2225,0,227,14,30
elapsed=7642 source=0966 action=contract pose=-6151,-5924,994,36,150,0,63 target=-4253,-2881,-2225,0,227,14,30
elapsed=7642 source=0966 action=contract pose=-6101,-5844,908,36,150,0,63 target=-4253,-2881,-2225,0,227,14,30
elapsed=7642 source=0966 action=contract pose=-6051,-5764,822,36,150,0,63 target=-4253,-2881,-2225,0,227,14,30
elapsed=7642 source=0966 action=face-immediate pose=-6001,-5684,737,36,150,0,63 target=-4253,-2881,-2225,0,227,14,30
elapsed=7642 source=0966 action=advance-homing pose=-6001,-5684,737,35,150,0,63 target=-4253,-2881,-2225,0,227,14,30
elapsed=7645 source=047A action=contract pose=-8454,-2099,-2051,242,191,0,63 target=-4235,-2881,-2204,0,227,11,30
elapsed=7645 source=047A action=contract pose=-8330,-2123,-2056,242,191,0,63 target=-4235,-2881,-2204,0,227,11,30
elapsed=7645 source=047A action=contract pose=-8206,-2147,-2061,242,191,0,63 target=-4235,-2881,-2204,0,227,11,30
elapsed=7645 source=047A action=face-immediate pose=-8082,-2171,-2066,242,191,0,63 target=-4235,-2881,-2204,0,227,11,30
elapsed=7646 source=047A action=advance-homing pose=-8082,-2171,-2066,243,191,0,63 target=-4235,-2881,-2204,0,227,11,30
elapsed=7646 source=04B9 action=contract pose=-4828,-2535,-3876,243,243,0,63 target=-4235,-2881,-2204,0,227,11,30
elapsed=7646 source=04B9 action=contract pose=-4787,-2560,-3759,243,243,0,63 target=-4235,-2881,-2204,0,227,11,30
elapsed=7646 source=04B9 action=contract pose=-4746,-2585,-3642,243,243,0,63 target=-4235,-2881,-2204,0,227,11,30
elapsed=7646 source=04B9 action=face-immediate pose=-4705,-2610,-3525,243,243,0,63 target=-4235,-2881,-2204,0,227,11,30
elapsed=7646 source=04B9 action=advance-homing pose=-4705,-2610,-3525,244,243,0,63 target=-4235,-2881,-2204,0,227,11,30
elapsed=7646 source=086A action=advance-cruise pose=-3714,-3170,-1082,249,236,0,63 target=-4235,-2881,-2204,0,227,11,30
elapsed=7647 source=0966 action=contract pose=-5925,-5496,605,35,150,0,63 target=-4235,-2881,-2204,0,227,11,30
elapsed=7647 source=0966 action=contract pose=-5874,-5417,519,35,150,0,63 target=-4235,-2881,-2204,0,227,11,30
elapsed=7647 source=0966 action=contract pose=-5823,-5338,433,35,150,0,63 target=-4235,-2881,-2204,0,227,11,30
elapsed=7647 source=0966 action=face-immediate pose=-5772,-5259,347,35,150,0,63 target=-4235,-2881,-2204,0,227,11,30
elapsed=7647 source=0966 action=advance-homing pose=-5772,-5259,347,35,151,0,63 target=-4235,-2881,-2204,0,227,11,30
elapsed=7650 source=047A action=contract pose=-7850,-2247,-2066,243,191,0,63 target=-4217,-2881,-2183,0,227,10,30
elapsed=7650 source=047A action=contract pose=-7725,-2269,-2071,243,191,0,63 target=-4217,-2881,-2183,0,227,10,30
elapsed=7650 source=047A action=contract pose=-7600,-2291,-2076,243,191,0,63 target=-4217,-2881,-2183,0,227,10,30
elapsed=7650 source=047A action=face-immediate pose=-7475,-2313,-2081,243,191,0,63 target=-4217,-2881,-2183,0,227,10,30
elapsed=7650 source=047A action=advance-homing pose=-7475,-2313,-2081,244,191,0,63 target=-4217,-2881,-2183,0,227,10,30
elapsed=7651 source=04B9 action=contract pose=-4637,-2678,-3305,244,243,0,63 target=-4217,-2881,-2183,0,227,10,30
elapsed=7651 source=04B9 action=contract pose=-4594,-2700,-3188,244,243,0,63 target=-4217,-2881,-2183,0,227,10,30
elapsed=7651 source=04B9 action=contract pose=-4550,-2722,-3071,244,243,0,63 target=-4217,-2881,-2183,0,227,10,30
elapsed=7651 source=04B9 action=face-immediate pose=-4506,-2744,-2954,244,243,0,63 target=-4217,-2881,-2183,0,227,10,30
elapsed=7651 source=04B9 action=advance-homing pose=-4506,-2744,-2954,246,242,0,63 target=-4217,-2881,-2183,0,227,10,30
elapsed=7651 source=086A action=advance-cruise pose=-3602,-3210,-870,249,236,0,63 target=-4217,-2881,-2183,0,227,10,30
elapsed=7652 source=0966 action=contract pose=-5692,-5071,215,35,151,0,63 target=-4217,-2881,-2183,0,227,10,30
elapsed=7652 source=0966 action=contract pose=-5640,-4993,129,35,151,0,63 target=-4217,-2881,-2183,0,227,10,30
elapsed=7652 source=0966 action=contract pose=-5588,-4915,43,35,151,0,63 target=-4217,-2881,-2183,0,227,10,30
elapsed=7652 source=0966 action=face-immediate pose=-5536,-4837,-43,35,151,0,63 target=-4217,-2881,-2183,0,227,10,30
elapsed=7652 source=0966 action=advance-homing pose=-5536,-4837,-43,34,151,0,63 target=-4217,-2881,-2183,0,227,10,30
elapsed=7655 source=047A action=contract pose=-7243,-2381,-2081,244,191,0,63 target=-4199,-2881,-2162,0,227,9,30
elapsed=7655 source=047A action=contract pose=-7118,-2402,-2085,244,191,0,63 target=-4199,-2881,-2162,0,227,9,30
elapsed=7655 source=047A action=contract pose=-6993,-2423,-2089,244,191,0,63 target=-4199,-2881,-2162,0,227,9,30
elapsed=7655 source=047A action=face-immediate pose=-6868,-2444,-2093,244,191,0,63 target=-4199,-2881,-2162,0,227,9,30
elapsed=7655 source=047A action=advance-homing pose=-6868,-2444,-2093,244,192,0,63 target=-4199,-2881,-2162,0,227,9,30
elapsed=7656 source=04B9 action=face-immediate pose=-4430,-2800,-2734,246,242,0,63 target=-4199,-2881,-2162,0,227,9,30
elapsed=7656 source=04B9 action=set-cruise-speed pose=-4430,-2800,-2734,248,241,0,63 target=-4199,-2881,-2162,0,227,9,30
elapsed=7656 source=04B9 action=advance-aim pose=-4430,-2800,-2734,248,241,0,63 target=-4199,-2881,-2162,0,227,9,30
elapsed=7656 source=04B9 action=face-smooth pose=-4346,-2844,-2510,248,241,0,63 target=-4199,-2881,-2162,0,227,9,30
elapsed=7656 source=086A action=advance-cruise pose=-3490,-3250,-658,249,236,0,63 target=-4199,-2881,-2162,0,227,9,30
elapsed=7657 source=0966 action=contract pose=-5452,-4653,-179,34,151,0,63 target=-4199,-2881,-2162,0,227,9,30
elapsed=7657 source=0966 action=contract pose=-5398,-4577,-265,34,151,0,63 target=-4199,-2881,-2162,0,227,9,30
elapsed=7657 source=0966 action=contract pose=-5344,-4501,-351,34,151,0,63 target=-4199,-2881,-2162,0,227,9,30
elapsed=7657 source=0966 action=face-immediate pose=-5290,-4425,-437,34,151,0,63 target=-4199,-2881,-2162,0,227,9,30
elapsed=7657 source=0966 action=advance-homing pose=-5290,-4425,-437,34,151,0,63 target=-4199,-2881,-2162,0,227,9,30
elapsed=7660 source=047A action=contract pose=-6636,-2512,-2093,244,192,0,63 target=-4181,-2881,-2141,0,227,8,30
elapsed=7660 source=047A action=contract pose=-6511,-2531,-2096,244,192,0,63 target=-4181,-2881,-2141,0,227,8,30
elapsed=7660 source=047A action=contract pose=-6386,-2550,-2099,244,192,0,63 target=-4181,-2881,-2141,0,227,8,30
elapsed=7660 source=047A action=face-immediate pose=-6261,-2569,-2102,244,192,0,63 target=-4181,-2881,-2141,0,227,8,30
elapsed=7660 source=047A action=advance-homing pose=-6261,-2569,-2102,245,192,0,63 target=-4181,-2881,-2141,0,227,8,30
elapsed=7660 source=04B9 action=advance-aim pose=-4346,-2844,-2510,249,240,0,63 target=-4181,-2881,-2141,0,227,8,30
elapsed=7661 source=086A action=advance-cruise pose=-3378,-3290,-446,249,236,0,63 target=-4181,-2881,-2141,0,227,8,30
elapsed=7661 source=0966 action=contract pose=-5206,-4241,-573,34,151,0,63 target=-4181,-2881,-2141,0,227,8,30
elapsed=7661 source=0966 action=contract pose=-5150,-4167,-660,34,151,0,63 target=-4181,-2881,-2141,0,227,8,30
elapsed=7661 source=0966 action=contract pose=-5094,-4093,-747,34,151,0,63 target=-4181,-2881,-2141,0,227,8,30
elapsed=7661 source=0966 action=face-immediate pose=-5038,-4019,-834,34,151,0,63 target=-4181,-2881,-2141,0,227,8,30
elapsed=7661 source=0966 action=advance-homing pose=-5038,-4019,-834,33,152,0,63 target=-4181,-2881,-2141,0,227,8,30
elapsed=7664 source=047A action=contract pose=-6025,-2633,-2102,245,192,0,63 target=-4163,-2881,-2120,0,227,8,30
elapsed=7665 source=047A action=contract pose=-5899,-2650,-2104,245,192,0,63 target=-4163,-2881,-2120,0,227,8,30
elapsed=7665 source=047A action=contract pose=-5774,-2667,-2106,245,192,0,63 target=-4163,-2881,-2120,0,227,8,30
elapsed=7665 source=047A action=face-immediate pose=-5649,-2684,-2108,245,192,0,63 target=-4163,-2881,-2120,0,227,8,30
elapsed=7665 source=047A action=advance-homing pose=-5649,-2684,-2108,246,192,0,63 target=-4163,-2881,-2120,0,227,8,30
elapsed=7665 source=04B9 action=advance-aim pose=-4258,-2884,-2290,249,240,0,63 target=-4163,-2881,-2120,0,227,8,30
elapsed=7665 source=086A action=advance-cruise pose=-3266,-3330,-234,249,236,0,63 target=-4163,-2881,-2120,0,227,8,30
elapsed=7666 source=0966 action=contract pose=-4946,-3843,-970,33,152,0,63 target=-4163,-2881,-2120,0,227,8,30
elapsed=7666 source=0966 action=contract pose=-4888,-3771,-1057,33,152,0,63 target=-4163,-2881,-2120,0,227,8,30
elapsed=7666 source=0966 action=contract pose=-4830,-3699,-1144,33,152,0,63 target=-4163,-2881,-2120,0,227,8,30
elapsed=7666 source=0966 action=face-immediate pose=-4772,-3627,-1231,33,152,0,63 target=-4163,-2881,-2120,0,227,8,30
elapsed=7666 source=0966 action=advance-homing pose=-4772,-3627,-1231,32,153,0,63 target=-4163,-2881,-2120,0,227,8,30
elapsed=7670 source=047A action=contract pose=-5413,-2740,-2108,246,192,0,63 target=-4145,-2881,-2099,0,227,7,30
elapsed=7670 source=047A action=contract pose=-5287,-2755,-2108,246,192,0,63 target=-4145,-2881,-2099,0,227,7,30
elapsed=7670 source=047A action=contract pose=-5161,-2769,-2108,246,192,0,63 target=-4145,-2881,-2099,0,227,7,30
elapsed=7670 source=047A action=face-immediate pose=-5035,-2783,-2107,246,192,0,63 target=-4145,-2881,-2099,0,227,7,30
elapsed=7670 source=047A action=advance-homing pose=-5035,-2783,-2107,248,193,0,63 target=-4145,-2881,-2099,0,227,7,30
elapsed=7670 source=04B9 action=advance-cruise pose=-4170,-2924,-2070,249,240,0,63 target=-4145,-2881,-2099,0,227,7,30
elapsed=7670 source=086A action=advance-cruise pose=-3154,-3370,-22,249,236,0,63 target=-4145,-2881,-2099,0,227,7,30
elapsed=7671 source=0966 action=face-immediate pose=-4676,-3455,-1367,32,153,0,63 target=-4145,-2881,-2099,0,227,7,30
elapsed=7671 source=0966 action=set-cruise-speed pose=-4676,-3455,-1367,30,154,0,63 target=-4145,-2881,-2099,0,227,7,30
elapsed=7671 source=0966 action=advance-aim pose=-4676,-3455,-1367,30,154,0,63 target=-4145,-2881,-2099,0,227,7,30
elapsed=7674 source=047A action=face-immediate pose=-4795,-2827,-2107,248,193,0,63 target=-4127,-2881,-2078,0,227,7,30
elapsed=7675 source=047A action=set-cruise-speed pose=-4795,-2827,-2107,250,194,0,63 target=-4127,-2881,-2078,0,227,7,30
elapsed=7675 source=047A action=advance-aim pose=-4795,-2827,-2107,250,194,0,63 target=-4127,-2881,-2078,0,227,7,30
elapsed=7675 source=047A action=face-smooth pose=-4555,-2859,-2103,250,194,0,63 target=-4127,-2881,-2078,0,227,7,30
elapsed=7675 source=04B9 action=advance-cruise pose=-4082,-2964,-1850,249,240,0,63 target=-4127,-2881,-2078,0,227,7,30
elapsed=7675 source=086A action=advance-cruise pose=-3042,-3410,190,249,236,0,63 target=-4127,-2881,-2078,0,227,7,30
elapsed=7676 source=0966 action=advance-aim pose=-4572,-3291,-1511,30,154,0,63 target=-4127,-2881,-2078,0,227,7,30
elapsed=7676 source=0966 action=face-smooth pose=-4468,-3127,-1655,30,154,0,63 target=-4127,-2881,-2078,0,227,7,30
elapsed=7679 source=047A action=advance-aim pose=-4555,-2859,-2103,251,195,0,63 target=-4109,-2881,-2057,0,227,6,30
elapsed=7680 source=04B9 action=advance-cruise pose=-3994,-3004,-1630,249,240,0,63 target=-4109,-2881,-2057,0,227,6,30
elapsed=7680 source=086A action=advance-cruise pose=-2930,-3450,402,249,236,0,63 target=-4109,-2881,-2057,0,227,6,30
elapsed=7681 source=0966 action=advance-aim pose=-4468,-3127,-1655,29,155,0,63 target=-4109,-2881,-2057,0,227,6,30
elapsed=7684 source=047A action=advance-aim pose=-4311,-2887,-2091,251,195,0,63 target=-4091,-2881,-2036,0,227,6,30
elapsed=7685 source=04B9 action=advance-cruise pose=-3906,-3044,-1410,249,240,0,63 target=-4091,-2881,-2036,0,227,6,30
elapsed=7685 source=086A action=advance-cruise pose=-2818,-3490,614,249,236,0,63 target=-4091,-2881,-2036,0,227,6,30
elapsed=7685 source=0966 action=advance-aim pose=-4356,-2967,-1799,29,155,0,63 target=-4091,-2881,-2036,0,227,6,30
elapsed=7685 source=0966 action=face-smooth pose=-4244,-2807,-1943,29,155,0,63 target=-4091,-2881,-2036,0,227,6,30
elapsed=7689 source=047A action=advance-cruise pose=-4067,-2915,-2079,251,195,0,63 target=-4073,-2881,-2015,0,227,6,30
elapsed=7689 source=04B9 action=advance-cruise pose=-3818,-3084,-1190,249,240,0,63 target=-4073,-2881,-2015,0,227,6,30
elapsed=7689 source=086A action=advance-cruise pose=-2706,-3530,826,249,236,0,63 target=-4073,-2881,-2015,0,227,6,30
elapsed=7690 source=0966 action=advance-aim pose=-4244,-2807,-1943,16,158,0,63 target=-4073,-2881,-2015,0,227,6,30
elapsed=7693 source=047A action=advance-cruise pose=-3823,-2943,-2067,251,195,0,63 target=-4055,-2881,-1994,0,227,6,30
elapsed=7694 source=04B9 action=advance-cruise pose=-3730,-3124,-970,249,240,0,63 target=-4055,-2881,-1994,0,227,6,30
elapsed=7694 source=0966 action=advance-cruise pose=-4096,-2715,-2111,16,158,0,63 target=-4055,-2881,-1994,0,227,6,30
elapsed=7698 source=047A action=advance-cruise pose=-3579,-2971,-2055,251,195,0,63 target=-4037,-2881,-1973,0,227,6,30
elapsed=7698 source=04B9 action=advance-cruise pose=-3642,-3164,-750,249,240,0,63 target=-4037,-2881,-1973,0,227,6,30
elapsed=7699 source=0966 action=advance-cruise pose=-3948,-2623,-2279,16,158,0,63 target=-4037,-2881,-1973,0,227,6,30
elapsed=7702 source=047A action=advance-cruise pose=-3335,-2999,-2043,251,195,0,63 target=-4019,-2881,-1952,0,227,5,30
elapsed=7702 source=04B9 action=advance-cruise pose=-3554,-3204,-530,249,240,0,63 target=-4019,-2881,-1952,0,227,5,30
elapsed=7703 source=0966 action=advance-cruise pose=-3800,-2531,-2447,16,158,0,63 target=-4019,-2881,-1952,0,227,5,30
elapsed=7706 source=047A action=advance-cruise pose=-3091,-3027,-2031,251,195,0,63 target=-4001,-2881,-1931,0,227,5,30
elapsed=7707 source=04B9 action=advance-cruise pose=-3466,-3244,-310,249,240,0,63 target=-4001,-2881,-1931,0,227,5,30
elapsed=7707 source=0966 action=advance-cruise pose=-3652,-2439,-2615,16,158,0,63 target=-4001,-2881,-1931,0,227,5,30
elapsed=7710 source=047A action=advance-cruise pose=-2847,-3055,-2019,251,195,0,63 target=-3983,-2881,-1910,0,227,4,30
elapsed=7711 source=04B9 action=advance-cruise pose=-3378,-3284,-90,249,240,0,63 target=-3983,-2881,-1910,0,227,4,30
elapsed=7711 source=0966 action=advance-cruise pose=-3504,-2347,-2783,16,158,0,63 target=-3983,-2881,-1910,0,227,4,30
elapsed=7715 source=047A action=advance-cruise pose=-2603,-3083,-2007,251,195,0,63 target=-3965,-2881,-1889,0,227,4,30
elapsed=7715 source=04B9 action=advance-cruise pose=-3290,-3324,130,249,240,0,63 target=-3965,-2881,-1889,0,227,4,30
elapsed=7716 source=0966 action=advance-cruise pose=-3356,-2255,-2951,16,158,0,63 target=-3965,-2881,-1889,0,227,4,30
elapsed=7719 source=047A action=advance-cruise pose=-2359,-3111,-1995,251,195,0,63 target=-3947,-2881,-1868,0,227,4,30
elapsed=7719 source=04B9 action=advance-cruise pose=-3202,-3364,350,249,240,0,63 target=-3947,-2881,-1868,0,227,4,30
elapsed=7720 source=0966 action=advance-cruise pose=-3208,-2163,-3119,16,158,0,63 target=-3947,-2881,-1868,0,227,4,30
elapsed=7723 source=047A action=advance-cruise pose=-2115,-3139,-1983,251,195,0,63 target=-3929,-2881,-1847,0,227,4,30
elapsed=7724 source=04B9 action=advance-cruise pose=-3114,-3404,570,249,240,0,63 target=-3929,-2881,-1847,0,227,4,30
elapsed=7724 source=0966 action=advance-cruise pose=-3060,-2071,-3287,16,158,0,63 target=-3929,-2881,-1847,0,227,4,30
elapsed=7727 source=047A action=advance-cruise pose=-1871,-3167,-1971,251,195,0,63 target=-3911,-2881,-1826,0,227,4,30
elapsed=7728 source=04B9 action=advance-cruise pose=-3026,-3444,790,249,240,0,63 target=-3911,-2881,-1826,0,227,4,30
elapsed=7728 source=0966 action=advance-cruise pose=-2912,-1979,-3455,16,158,0,63 target=-3911,-2881,-1826,0,227,4,30
elapsed=7732 source=047A action=advance-cruise pose=-1627,-3195,-1959,251,195,0,63 target=-3893,-2881,-1805,0,227,3,30
elapsed=7732 source=04B9 action=advance-cruise pose=-2938,-3484,1010,249,240,0,63 target=-3893,-2881,-1805,0,227,3,30
elapsed=7733 source=0966 action=advance-cruise pose=-2764,-1887,-3623,16,158,0,63 target=-3893,-2881,-1805,0,227,3,30
elapsed=7736 source=047A action=advance-cruise pose=-1383,-3223,-1947,251,195,0,63 target=-3875,-2881,-1784,0,227,3,30
elapsed=7737 source=0966 action=advance-cruise pose=-2616,-1795,-3791,16,158,0,63 target=-3875,-2881,-1784,0,227,3,30
elapsed=7740 source=047A action=advance-cruise pose=-1139,-3251,-1935,251,195,0,63 target=-3857,-2881,-1763,0,227,2,30
elapsed=7741 source=0966 action=advance-cruise pose=-2468,-1703,-3959,16,158,0,63 target=-3857,-2881,-1763,0,227,2,30
elapsed=7744 source=047A action=advance-cruise pose=-895,-3279,-1923,251,195,0,63 target=-3839,-2881,-1742,0,227,2,30
elapsed=7746 source=04B9 action=set-cruise-speed pose=-4216,71,-10152,249,255,0,30 target=-3839,-2881,-1742,0,227,2,30
elapsed=7746 source=04B9 action=contract pose=-4216,71,-10152,249,255,0,63 target=-3839,-2881,-1742,0,227,2,30
elapsed=7746 source=04B9 action=contract pose=-4211,28,-10032,249,255,0,63 target=-3839,-2881,-1742,0,227,2,30
elapsed=7746 source=04B9 action=contract pose=-4206,-15,-9913,249,255,0,63 target=-3839,-2881,-1742,0,227,2,30
elapsed=7746 source=04B9 action=face-immediate pose=-4201,-58,-9793,249,255,0,63 target=-3839,-2881,-1742,0,227,2,30
elapsed=7746 source=04B9 action=advance-homing pose=-4201,-58,-9793,233,255,0,63 target=-3839,-2881,-1742,0,227,2,30
elapsed=7747 source=0966 action=advance-cruise pose=-2320,-1611,-4127,16,158,0,63 target=-3839,-2881,-1742,0,227,2,30
elapsed=7750 source=047A action=advance-cruise pose=-651,-3307,-1911,251,195,0,63 target=-3821,-2881,-1721,0,227,1,30
elapsed=7751 source=04B9 action=contract pose=-4201,-186,-9589,233,255,0,63 target=-3821,-2881,-1721,0,227,1,30
elapsed=7751 source=04B9 action=contract pose=-4196,-228,-9469,233,255,0,63 target=-3821,-2881,-1721,0,227,1,30
elapsed=7751 source=04B9 action=contract pose=-4191,-270,-9349,233,255,0,63 target=-3821,-2881,-1721,0,227,1,30
elapsed=7751 source=04B9 action=face-immediate pose=-4186,-312,-9229,233,255,0,63 target=-3821,-2881,-1721,0,227,1,30
elapsed=7751 source=04B9 action=advance-homing pose=-4186,-312,-9229,234,255,0,63 target=-3821,-2881,-1721,0,227,1,30
elapsed=7751 source=0966 action=advance-cruise pose=-2172,-1519,-4295,16,158,0,63 target=-3821,-2881,-1721,0,227,1,30
elapsed=7755 source=04B9 action=contract pose=-4186,-436,-9021,234,255,0,63 target=-3803,-2881,-1700,0,227,0,30
elapsed=7755 source=04B9 action=contract pose=-4180,-477,-8901,234,255,0,63 target=-3803,-2881,-1700,0,227,0,30
elapsed=7755 source=04B9 action=contract pose=-4174,-518,-8781,234,255,0,63 target=-3803,-2881,-1700,0,227,0,30
elapsed=7755 source=04B9 action=face-immediate pose=-4168,-559,-8661,234,255,0,63 target=-3803,-2881,-1700,0,227,0,30
elapsed=7755 source=04B9 action=advance-homing pose=-4168,-559,-8661,234,254,0,63 target=-3803,-2881,-1700,0,227,0,30
elapsed=7756 source=0966 action=advance-cruise pose=-2024,-1427,-4463,16,158,0,63 target=-3803,-2881,-1700,0,227,0,30
elapsed=7760 source=04B9 action=contract pose=-4164,-683,-8453,234,254,0,63 target=-3785,-2881,-1679,0,227,255,30
elapsed=7760 source=04B9 action=contract pose=-4158,-723,-8333,234,254,0,63 target=-3785,-2881,-1679,0,227,255,30
elapsed=7760 source=04B9 action=contract pose=-4152,-763,-8213,234,254,0,63 target=-3785,-2881,-1679,0,227,255,30
elapsed=7760 source=04B9 action=face-immediate pose=-4146,-803,-8093,234,254,0,63 target=-3785,-2881,-1679,0,227,255,30
elapsed=7760 source=04B9 action=advance-homing pose=-4146,-803,-8093,235,254,0,63 target=-3785,-2881,-1679,0,227,255,30
elapsed=7764 source=04B9 action=contract pose=-4142,-923,-7881,235,254,0,63 target=-3767,-2881,-1658,0,227,254,30
elapsed=7764 source=04B9 action=contract pose=-4135,-962,-7760,235,254,0,63 target=-3767,-2881,-1658,0,227,254,30
elapsed=7764 source=04B9 action=contract pose=-4128,-1001,-7639,235,254,0,63 target=-3767,-2881,-1658,0,227,254,30
elapsed=7764 source=04B9 action=face-immediate pose=-4121,-1040,-7518,235,254,0,63 target=-3767,-2881,-1658,0,227,254,30
elapsed=7765 source=04B9 action=advance-homing pose=-4121,-1040,-7518,236,254,0,63 target=-3767,-2881,-1658,0,227,254,30
elapsed=7769 source=04B9 action=contract pose=-4117,-1156,-7302,236,254,0,63 target=-3749,-2881,-1637,0,227,254,30
elapsed=7769 source=04B9 action=contract pose=-4110,-1194,-7181,236,254,0,63 target=-3749,-2881,-1637,0,227,254,30
elapsed=7769 source=04B9 action=contract pose=-4103,-1232,-7060,236,254,0,63 target=-3749,-2881,-1637,0,227,254,30
elapsed=7769 source=04B9 action=face-immediate pose=-4096,-1270,-6939,236,254,0,63 target=-3749,-2881,-1637,0,227,254,30
elapsed=7769 source=04B9 action=advance-homing pose=-4096,-1270,-6939,236,254,0,63 target=-3749,-2881,-1637,0,227,254,30
elapsed=7773 source=04B9 action=contract pose=-4092,-1386,-6723,236,254,0,63 target=-3731,-2881,-1616,0,227,253,30
elapsed=7773 source=04B9 action=contract pose=-4084,-1422,-6602,236,254,0,63 target=-3731,-2881,-1616,0,227,253,30
elapsed=7773 source=04B9 action=contract pose=-4076,-1458,-6481,236,254,0,63 target=-3731,-2881,-1616,0,227,253,30
elapsed=7773 source=04B9 action=face-immediate pose=-4068,-1494,-6360,236,254,0,63 target=-3731,-2881,-1616,0,227,253,30
elapsed=7773 source=04B9 action=advance-homing pose=-4068,-1494,-6360,237,254,0,63 target=-3731,-2881,-1616,0,227,253,30
elapsed=7778 source=04B9 action=contract pose=-4064,-1606,-6144,237,254,0,63 target=-3713,-2881,-1595,0,227,253,30
elapsed=7778 source=04B9 action=contract pose=-4055,-1641,-6022,237,254,0,63 target=-3713,-2881,-1595,0,227,253,30
elapsed=7778 source=04B9 action=contract pose=-4046,-1676,-5900,237,254,0,63 target=-3713,-2881,-1595,0,227,253,30
elapsed=7778 source=04B9 action=face-immediate pose=-4037,-1711,-5778,237,254,0,63 target=-3713,-2881,-1595,0,227,253,30
elapsed=7778 source=04B9 action=advance-homing pose=-4037,-1711,-5778,238,253,0,63 target=-3713,-2881,-1595,0,227,253,30
elapsed=7782 source=04B9 action=contract pose=-4025,-1815,-5558,238,253,0,63 target=-3695,-2881,-1574,0,227,252,30
elapsed=7782 source=04B9 action=contract pose=-4015,-1848,-5436,238,253,0,63 target=-3695,-2881,-1574,0,227,252,30
elapsed=7782 source=04B9 action=contract pose=-4005,-1881,-5314,238,253,0,63 target=-3695,-2881,-1574,0,227,252,30
elapsed=7782 source=04B9 action=face-immediate pose=-3995,-1914,-5192,238,253,0,63 target=-3695,-2881,-1574,0,227,252,30
elapsed=7782 source=04B9 action=advance-homing pose=-3995,-1914,-5192,238,253,0,63 target=-3695,-2881,-1574,0,227,252,30
elapsed=7787 source=04B9 action=contract pose=-3983,-2018,-4972,238,253,0,63 target=-3677,-2881,-1553,0,227,252,30
elapsed=7787 source=04B9 action=contract pose=-3973,-2050,-4850,238,253,0,63 target=-3677,-2881,-1553,0,227,252,30
elapsed=7787 source=04B9 action=contract pose=-3963,-2082,-4728,238,253,0,63 target=-3677,-2881,-1553,0,227,252,30
elapsed=7787 source=04B9 action=face-immediate pose=-3952,-2113,-4606,238,253,0,63 target=-3677,-2881,-1553,0,227,252,30
elapsed=7787 source=04B9 action=advance-homing pose=-3952,-2113,-4606,239,253,0,63 target=-3677,-2881,-1553,0,227,252,30
elapsed=7791 source=04B9 action=contract pose=-3940,-2213,-4382,239,253,0,63 target=-3659,-2881,-1532,0,227,252,30
elapsed=7791 source=04B9 action=contract pose=-3928,-2242,-4259,239,253,0,63 target=-3659,-2881,-1532,0,227,252,30
elapsed=7791 source=04B9 action=contract pose=-3916,-2271,-4136,239,253,0,63 target=-3659,-2881,-1532,0,227,252,30
elapsed=7791 source=04B9 action=face-immediate pose=-3904,-2300,-4013,239,253,0,63 target=-3659,-2881,-1532,0,227,252,30
elapsed=7791 source=04B9 action=advance-homing pose=-3904,-2300,-4013,240,253,0,63 target=-3659,-2881,-1532,0,227,252,30
elapsed=7796 source=04B9 action=contract pose=-3892,-2392,-3789,240,253,0,63 target=-3641,-2881,-1511,0,227,252,30
elapsed=7796 source=04B9 action=contract pose=-3879,-2419,-3666,240,253,0,63 target=-3641,-2881,-1511,0,227,252,30
elapsed=7796 source=04B9 action=contract pose=-3866,-2446,-3543,240,253,0,63 target=-3641,-2881,-1511,0,227,252,30
elapsed=7796 source=04B9 action=face-immediate pose=-3853,-2473,-3420,240,253,0,63 target=-3641,-2881,-1511,0,227,252,30
elapsed=7796 source=04B9 action=advance-homing pose=-3853,-2473,-3420,242,252,0,63 target=-3641,-2881,-1511,0,227,252,30
elapsed=7800 source=04B9 action=contract pose=-3837,-2553,-3192,242,252,0,63 target=-3623,-2881,-1490,0,227,253,30
elapsed=7800 source=04B9 action=contract pose=-3822,-2577,-3069,242,252,0,63 target=-3623,-2881,-1490,0,227,253,30
elapsed=7800 source=04B9 action=contract pose=-3807,-2601,-2946,242,252,0,63 target=-3623,-2881,-1490,0,227,253,30
elapsed=7800 source=04B9 action=face-immediate pose=-3792,-2625,-2823,242,252,0,63 target=-3623,-2881,-1490,0,227,253,30
elapsed=7800 source=04B9 action=advance-homing pose=-3792,-2625,-2823,243,251,0,63 target=-3623,-2881,-1490,0,227,253,30
elapsed=7805 source=04B9 action=contract pose=-3768,-2701,-2591,243,251,0,63 target=-3605,-2881,-1469,0,227,253,30
elapsed=7805 source=04B9 action=contract pose=-3750,-2721,-2467,243,251,0,63 target=-3605,-2881,-1469,0,227,253,30
elapsed=7805 source=04B9 action=contract pose=-3732,-2741,-2343,243,251,0,63 target=-3605,-2881,-1469,0,227,253,30
elapsed=7805 source=04B9 action=face-immediate pose=-3714,-2761,-2219,243,251,0,63 target=-3605,-2881,-1469,0,227,253,30
elapsed=7805 source=04B9 action=advance-homing pose=-3714,-2761,-2219,245,251,0,63 target=-3605,-2881,-1469,0,227,253,30
elapsed=7809 source=04B9 action=face-immediate pose=-3690,-2825,-1983,245,251,0,63 target=-3587,-2881,-1448,0,227,254,30
elapsed=7809 source=04B9 action=set-cruise-speed pose=-3690,-2825,-1983,249,249,0,63 target=-3587,-2881,-1448,0,227,254,30
elapsed=7809 source=04B9 action=advance-aim pose=-3690,-2825,-1983,249,249,0,63 target=-3587,-2881,-1448,0,227,254,30
elapsed=7810 source=04B9 action=face-smooth pose=-3654,-2865,-1747,249,249,0,63 target=-3587,-2881,-1448,0,227,254,30
elapsed=7814 source=04B9 action=advance-aim pose=-3654,-2865,-1747,250,248,0,63 target=-3569,-2881,-1427,0,227,254,30
elapsed=7819 source=04B9 action=advance-aim pose=-3614,-2897,-1511,250,248,0,63 target=-3551,-2881,-1406,0,227,255,30
elapsed=7823 source=04B9 action=advance-cruise pose=-3574,-2929,-1275,250,248,0,63 target=-3533,-2881,-1385,0,227,0,30
elapsed=7828 source=04B9 action=advance-cruise pose=-3534,-2961,-1039,250,248,0,63 target=-3515,-2881,-1364,0,227,1,30
elapsed=7832 source=04B9 action=advance-cruise pose=-3494,-2993,-803,250,248,0,63 target=-3497,-2881,-1343,0,227,2,30
elapsed=7836 source=04B9 action=advance-cruise pose=-3454,-3025,-567,250,248,0,63 target=-3479,-2881,-1322,0,227,2,30
elapsed=7841 source=04B9 action=advance-cruise pose=-3414,-3057,-331,250,248,0,63 target=-3461,-2881,-1301,0,227,3,30
elapsed=7845 source=04B9 action=advance-cruise pose=-3374,-3089,-95,250,248,0,63 target=-3443,-2881,-1280,0,227,3,30
elapsed=7849 source=04B9 action=advance-cruise pose=-3334,-3121,141,250,248,0,63 target=-3425,-2881,-1259,0,227,4,30
elapsed=7854 source=04B9 action=advance-cruise pose=-3294,-3153,377,250,248,0,63 target=-3407,-2881,-1238,0,227,4,30
elapsed=7858 source=04B9 action=advance-cruise pose=-3254,-3185,613,250,248,0,63 target=-3389,-2881,-1217,0,227,4,30
elapsed=7863 source=04B9 action=advance-cruise pose=-3214,-3217,849,250,248,0,63 target=-3371,-2881,-1196,0,227,4,30
elapsed=7867 source=04B9 action=advance-cruise pose=-3174,-3249,1085,250,248,0,63 target=-3353,-2881,-1175,0,227,3,30
elapsed=7871 source=04B9 action=advance-cruise pose=-3134,-3281,1321,250,248,0,63 target=-3335,-2881,-1154,0,227,3,30
elapsed=7876 source=04B9 action=advance-cruise pose=-3094,-3313,1557,250,248,0,63 target=-3317,-2881,-1133,0,227,2,30
elapsed=7880 source=04B9 action=advance-cruise pose=-3054,-3345,1793,250,248,0,63 target=-3299,-2881,-1112,0,227,2,30
elapsed=7885 source=04B9 action=advance-cruise pose=-3014,-3377,2029,250,248,0,63 target=-3281,-2881,-1091,0,227,1,30
elapsed=8163 source=047A action=set-cruise-speed pose=-2432,-8857,-6196,11,255,0,30 target=-2111,-2881,274,0,227,253,30
elapsed=8163 source=047A action=contract pose=-2432,-8857,-6196,11,255,0,63 target=-2111,-2881,274,0,227,253,30
elapsed=8163 source=047A action=contract pose=-2428,-8771,-6103,11,255,0,63 target=-2111,-2881,274,0,227,253,30
elapsed=8163 source=047A action=contract pose=-2424,-8685,-6010,11,255,0,63 target=-2111,-2881,274,0,227,253,30
elapsed=8163 source=047A action=face-immediate pose=-2420,-8599,-5917,11,255,0,63 target=-2111,-2881,274,0,227,253,30
elapsed=8163 source=047A action=advance-homing pose=-2420,-8599,-5917,41,255,0,63 target=-2111,-2881,274,0,227,253,30
elapsed=8168 source=047A action=contract pose=-2420,-8391,-5789,41,255,0,63 target=-2093,-2881,295,0,227,253,30
elapsed=8168 source=047A action=contract pose=-2416,-8306,-5695,41,255,0,63 target=-2093,-2881,295,0,227,253,30
elapsed=8168 source=047A action=contract pose=-2411,-8221,-5601,41,255,0,63 target=-2093,-2881,295,0,227,253,30
elapsed=8168 source=047A action=face-immediate pose=-2406,-8136,-5507,41,255,0,63 target=-2093,-2881,295,0,227,253,30
elapsed=8168 source=047A action=advance-homing pose=-2406,-8136,-5507,40,254,0,63 target=-2093,-2881,295,0,227,253,30
elapsed=8172 source=047A action=contract pose=-2402,-7932,-5375,40,254,0,63 target=-2075,-2881,316,0,227,252,30
elapsed=8172 source=047A action=contract pose=-2397,-7848,-5280,40,254,0,63 target=-2075,-2881,316,0,227,252,30
elapsed=8172 source=047A action=contract pose=-2392,-7764,-5185,40,254,0,63 target=-2075,-2881,316,0,227,252,30
elapsed=8172 source=047A action=face-immediate pose=-2387,-7680,-5090,40,254,0,63 target=-2075,-2881,316,0,227,252,30
elapsed=8172 source=047A action=advance-homing pose=-2387,-7680,-5090,40,254,0,63 target=-2075,-2881,316,0,227,252,30
elapsed=8176 source=047A action=contract pose=-2383,-7476,-4958,40,254,0,63 target=-2057,-2881,337,0,227,252,30
elapsed=8176 source=047A action=contract pose=-2378,-7393,-4863,40,254,0,63 target=-2057,-2881,337,0,227,252,30
elapsed=8176 source=047A action=contract pose=-2373,-7310,-4767,40,254,0,63 target=-2057,-2881,337,0,227,252,30
elapsed=8176 source=047A action=face-immediate pose=-2368,-7227,-4672,40,254,0,63 target=-2057,-2881,337,0,227,252,30
elapsed=8176 source=047A action=advance-homing pose=-2368,-7227,-4672,39,254,0,63 target=-2057,-2881,337,0,227,252,30
elapsed=8180 source=047A action=contract pose=-2364,-7027,-4532,39,254,0,63 target=-2039,-2881,358,0,227,252,30
elapsed=8180 source=047A action=contract pose=-2358,-6945,-4435,39,254,0,63 target=-2039,-2881,358,0,227,252,30
elapsed=8180 source=047A action=contract pose=-2352,-6863,-4338,39,254,0,63 target=-2039,-2881,358,0,227,252,30
elapsed=8180 source=047A action=face-immediate pose=-2346,-6781,-4242,39,254,0,63 target=-2039,-2881,358,0,227,252,30
elapsed=8180 source=047A action=advance-homing pose=-2346,-6781,-4242,39,254,0,63 target=-2039,-2881,358,0,227,252,30
elapsed=8184 source=047A action=contract pose=-2342,-6581,-4102,39,254,0,63 target=-2021,-2881,379,0,227,252,30
elapsed=8184 source=047A action=contract pose=-2336,-6501,-4005,39,254,0,63 target=-2021,-2881,379,0,227,252,30
elapsed=8184 source=047A action=contract pose=-2330,-6421,-3908,39,254,0,63 target=-2021,-2881,379,0,227,252,30
elapsed=8185 source=047A action=face-immediate pose=-2324,-6341,-3811,39,254,0,63 target=-2021,-2881,379,0,227,252,30
elapsed=8185 source=047A action=advance-homing pose=-2324,-6341,-3811,38,254,0,63 target=-2021,-2881,379,0,227,252,30
elapsed=8188 source=047A action=contract pose=-2320,-6141,-3667,38,254,0,63 target=-2003,-2881,400,0,227,253,30
elapsed=8189 source=047A action=contract pose=-2313,-6062,-3568,38,254,0,63 target=-2003,-2881,400,0,227,253,30
elapsed=8189 source=047A action=contract pose=-2306,-5983,-3469,38,254,0,63 target=-2003,-2881,400,0,227,253,30
elapsed=8189 source=047A action=face-immediate pose=-2299,-5904,-3370,38,254,0,63 target=-2003,-2881,400,0,227,253,30
elapsed=8189 source=047A action=advance-homing pose=-2299,-5904,-3370,38,253,0,63 target=-2003,-2881,400,0,227,253,30
elapsed=8192 source=047A action=contract pose=-2291,-5704,-3226,38,253,0,63 target=-1985,-2881,421,0,227,253,30
elapsed=8193 source=047A action=contract pose=-2283,-5627,-3126,38,253,0,63 target=-1985,-2881,421,0,227,253,30
elapsed=8193 source=047A action=contract pose=-2275,-5550,-3026,38,253,0,63 target=-1985,-2881,421,0,227,253,30
elapsed=8193 source=047A action=face-immediate pose=-2267,-5473,-2926,38,253,0,63 target=-1985,-2881,421,0,227,253,30
elapsed=8193 source=047A action=advance-homing pose=-2267,-5473,-2926,37,253,0,63 target=-1985,-2881,421,0,227,253,30
elapsed=8197 source=047A action=contract pose=-2259,-5277,-2778,37,253,0,63 target=-1967,-2881,442,0,227,254,30
elapsed=8197 source=047A action=contract pose=-2250,-5202,-2677,37,253,0,63 target=-1967,-2881,442,0,227,254,30
elapsed=8197 source=047A action=contract pose=-2241,-5127,-2576,37,253,0,63 target=-1967,-2881,442,0,227,254,30
elapsed=8197 source=047A action=face-immediate pose=-2232,-5052,-2475,37,253,0,63 target=-1967,-2881,442,0,227,254,30
elapsed=8197 source=047A action=advance-homing pose=-2232,-5052,-2475,36,253,0,63 target=-1967,-2881,442,0,227,254,30
elapsed=8201 source=047A action=contract pose=-2224,-4860,-2323,36,253,0,63 target=-1949,-2881,463,0,227,254,30
elapsed=8201 source=047A action=contract pose=-2214,-4787,-2220,36,253,0,63 target=-1949,-2881,463,0,227,254,30
elapsed=8201 source=047A action=contract pose=-2204,-4714,-2117,36,253,0,63 target=-1949,-2881,463,0,227,254,30
elapsed=8201 source=047A action=face-immediate pose=-2194,-4641,-2014,36,253,0,63 target=-1949,-2881,463,0,227,254,30
elapsed=8201 source=047A action=advance-homing pose=-2194,-4641,-2014,35,253,0,63 target=-1949,-2881,463,0,227,254,30
elapsed=8205 source=047A action=contract pose=-2186,-4453,-1858,35,253,0,63 target=-1931,-2881,484,0,227,255,30
elapsed=8205 source=047A action=contract pose=-2175,-4383,-1753,35,253,0,63 target=-1931,-2881,484,0,227,255,30
elapsed=8205 source=047A action=contract pose=-2164,-4313,-1648,35,253,0,63 target=-1931,-2881,484,0,227,255,30
elapsed=8205 source=047A action=face-immediate pose=-2153,-4243,-1543,35,253,0,63 target=-1931,-2881,484,0,227,255,30
elapsed=8205 source=047A action=advance-homing pose=-2153,-4243,-1543,34,252,0,63 target=-1931,-2881,484,0,227,255,30
elapsed=8209 source=047A action=contract pose=-2141,-4059,-1379,34,252,0,63 target=-1913,-2881,505,0,227,0,30
elapsed=8209 source=047A action=contract pose=-2129,-3992,-1272,34,252,0,63 target=-1913,-2881,505,0,227,0,30
elapsed=8209 source=047A action=contract pose=-2116,-3925,-1165,34,252,0,63 target=-1913,-2881,505,0,227,0,30
elapsed=8209 source=047A action=face-immediate pose=-2103,-3858,-1058,34,252,0,63 target=-1913,-2881,505,0,227,0,30
elapsed=8209 source=047A action=advance-homing pose=-2103,-3858,-1058,32,252,0,63 target=-1913,-2881,505,0,227,0,30
elapsed=8213 source=047A action=contract pose=-2091,-3686,-886,32,252,0,63 target=-1895,-2881,526,0,227,1,30
elapsed=8213 source=047A action=contract pose=-2076,-3624,-777,32,252,0,63 target=-1895,-2881,526,0,227,1,30
elapsed=8213 source=047A action=contract pose=-2061,-3562,-668,32,252,0,63 target=-1895,-2881,526,0,227,1,30
elapsed=8213 source=047A action=face-immediate pose=-2046,-3500,-559,32,252,0,63 target=-1895,-2881,526,0,227,1,30
elapsed=8213 source=047A action=advance-homing pose=-2046,-3500,-559,30,251,0,63 target=-1895,-2881,526,0,227,1,30
elapsed=8217 source=047A action=face-immediate pose=-2026,-3336,-379,30,251,0,63 target=-1877,-2881,547,0,227,2,30
elapsed=8217 source=047A action=set-cruise-speed pose=-2026,-3336,-379,27,250,0,63 target=-1877,-2881,547,0,227,2,30
elapsed=8217 source=047A action=advance-aim pose=-2026,-3336,-379,27,250,0,63 target=-1877,-2881,547,0,227,2,30
elapsed=8221 source=047A action=advance-aim pose=-2002,-3184,-191,27,250,0,63 target=-1859,-2881,568,0,227,2,30
elapsed=8221 source=047A action=face-smooth pose=-1978,-3032,-3,27,250,0,63 target=-1859,-2881,568,0,227,2,30
elapsed=8225 source=047A action=advance-aim pose=-1978,-3032,-3,24,249,0,63 target=-1841,-2881,589,0,227,3,30
elapsed=8229 source=0966 action=set-cruise-speed pose=-6100,-5623,-8540,15,239,0,30 target=-1823,-2881,610,0,227,3,30
elapsed=8229 source=0966 action=contract pose=-6100,-5623,-8540,15,239,0,63 target=-1823,-2881,610,0,227,3,30
elapsed=8229 source=0966 action=contract pose=-6049,-5590,-8429,15,239,0,63 target=-1823,-2881,610,0,227,3,30
elapsed=8229 source=0966 action=contract pose=-5997,-5557,-8318,15,239,0,63 target=-1823,-2881,610,0,227,3,30
elapsed=8229 source=0966 action=face-immediate pose=-5945,-5524,-8207,15,239,0,63 target=-1823,-2881,610,0,227,3,30
elapsed=8229 source=0966 action=advance-homing pose=-5945,-5524,-8207,15,239,0,63 target=-1823,-2881,610,0,227,3,30
elapsed=8230 source=047A action=advance-aim pose=-1946,-2896,197,24,249,0,63 target=-1823,-2881,610,0,227,3,30
elapsed=8230 source=047A action=face-smooth pose=-1914,-2760,397,24,249,0,63 target=-1823,-2881,610,0,227,3,30
elapsed=8233 source=0966 action=contract pose=-5853,-5436,-7999,15,239,0,63 target=-1805,-2881,631,0,227,4,30
elapsed=8234 source=0966 action=contract pose=-5801,-5404,-7888,15,239,0,63 target=-1805,-2881,631,0,227,4,30
elapsed=8234 source=0966 action=contract pose=-5749,-5372,-7777,15,239,0,63 target=-1805,-2881,631,0,227,4,30
elapsed=8234 source=0966 action=face-immediate pose=-5697,-5339,-7666,15,239,0,63 target=-1805,-2881,631,0,227,4,30
elapsed=8234 source=0966 action=advance-homing pose=-5697,-5339,-7666,15,239,0,63 target=-1805,-2881,631,0,227,4,30
elapsed=8234 source=047A action=advance-aim pose=-1914,-2760,397,11,247,0,63 target=-1805,-2881,631,0,227,4,30
elapsed=8238 source=0966 action=contract pose=-5605,-5251,-7458,15,239,0,63 target=-1787,-2881,652,0,227,4,30
elapsed=8238 source=0966 action=contract pose=-5553,-5219,-7347,15,239,0,63 target=-1787,-2881,652,0,227,4,30
elapsed=8238 source=0966 action=contract pose=-5501,-5187,-7236,15,239,0,63 target=-1787,-2881,652,0,227,4,30
elapsed=8238 source=0966 action=face-immediate pose=-5449,-5155,-7125,15,239,0,63 target=-1787,-2881,652,0,227,4,30
elapsed=8238 source=0966 action=advance-homing pose=-5449,-5155,-7125,15,239,0,63 target=-1787,-2881,652,0,227,4,30
elapsed=8239 source=047A action=advance-cruise pose=-1866,-2696,625,11,247,0,63 target=-1787,-2881,652,0,227,4,30
elapsed=8242 source=0966 action=contract pose=-5357,-5067,-6917,15,239,0,63 target=-1769,-2881,673,0,227,4,30
elapsed=8242 source=0966 action=contract pose=-5305,-5035,-6806,15,239,0,63 target=-1769,-2881,673,0,227,4,30
elapsed=8242 source=0966 action=contract pose=-5253,-5003,-6695,15,239,0,63 target=-1769,-2881,673,0,227,4,30
elapsed=8242 source=0966 action=face-immediate pose=-5201,-4971,-6584,15,239,0,63 target=-1769,-2881,673,0,227,4,30
elapsed=8242 source=0966 action=advance-homing pose=-5201,-4971,-6584,15,239,0,63 target=-1769,-2881,673,0,227,4,30
elapsed=8243 source=047A action=advance-cruise pose=-1818,-2632,853,11,247,0,63 target=-1769,-2881,673,0,227,4,30
elapsed=8246 source=0966 action=contract pose=-5109,-4883,-6376,15,239,0,63 target=-1751,-2881,694,0,227,4,30
elapsed=8246 source=0966 action=contract pose=-5057,-4852,-6265,15,239,0,63 target=-1751,-2881,694,0,227,4,30
elapsed=8246 source=0966 action=contract pose=-5004,-4821,-6154,15,239,0,63 target=-1751,-2881,694,0,227,4,30
elapsed=8246 source=0966 action=face-immediate pose=-4952,-4790,-6043,15,239,0,63 target=-1751,-2881,694,0,227,4,30
elapsed=8246 source=0966 action=advance-homing pose=-4952,-4790,-6043,14,239,0,63 target=-1751,-2881,694,0,227,4,30
elapsed=8247 source=047A action=advance-cruise pose=-1770,-2568,1081,11,247,0,63 target=-1751,-2881,694,0,227,4,30
elapsed=8250 source=0966 action=contract pose=-4860,-4710,-5835,14,239,0,63 target=-1733,-2881,715,0,227,3,30
elapsed=8250 source=0966 action=contract pose=-4808,-4679,-5724,14,239,0,63 target=-1733,-2881,715,0,227,3,30
elapsed=8250 source=0966 action=contract pose=-4755,-4648,-5613,14,239,0,63 target=-1733,-2881,715,0,227,3,30
elapsed=8250 source=0966 action=face-immediate pose=-4702,-4617,-5502,14,239,0,63 target=-1733,-2881,715,0,227,3,30
elapsed=8250 source=0966 action=advance-homing pose=-4702,-4617,-5502,14,238,0,63 target=-1733,-2881,715,0,227,3,30
elapsed=8251 source=047A action=advance-cruise pose=-1722,-2504,1309,11,247,0,63 target=-1733,-2881,715,0,227,3,30
elapsed=8254 source=0966 action=contract pose=-4606,-4537,-5294,14,238,0,63 target=-1715,-2881,736,0,227,3,30
elapsed=8255 source=0966 action=contract pose=-4553,-4507,-5183,14,238,0,63 target=-1715,-2881,736,0,227,3,30
elapsed=8255 source=0966 action=contract pose=-4500,-4477,-5072,14,238,0,63 target=-1715,-2881,736,0,227,3,30
elapsed=8255 source=0966 action=face-immediate pose=-4447,-4447,-4961,14,238,0,63 target=-1715,-2881,736,0,227,3,30
elapsed=8255 source=0966 action=advance-homing pose=-4447,-4447,-4961,14,238,0,63 target=-1715,-2881,736,0,227,3,30
elapsed=8255 source=047A action=advance-cruise pose=-1674,-2440,1537,11,247,0,63 target=-1715,-2881,736,0,227,3,30
elapsed=8259 source=0966 action=contract pose=-4351,-4367,-4753,14,238,0,63 target=-1697,-2881,757,0,227,2,30
elapsed=8259 source=0966 action=contract pose=-4298,-4338,-4642,14,238,0,63 target=-1697,-2881,757,0,227,2,30
elapsed=8259 source=0966 action=contract pose=-4245,-4309,-4531,14,238,0,63 target=-1697,-2881,757,0,227,2,30
elapsed=8259 source=0966 action=face-immediate pose=-4192,-4280,-4420,14,238,0,63 target=-1697,-2881,757,0,227,2,30
elapsed=8259 source=0966 action=advance-homing pose=-4192,-4280,-4420,14,238,0,63 target=-1697,-2881,757,0,227,2,30
elapsed=8259 source=047A action=advance-cruise pose=-1626,-2376,1765,11,247,0,63 target=-1697,-2881,757,0,227,2,30
elapsed=8263 source=0966 action=contract pose=-4096,-4200,-4212,14,238,0,63 target=-1679,-2881,778,0,227,2,30
elapsed=8263 source=0966 action=contract pose=-4043,-4171,-4101,14,238,0,63 target=-1679,-2881,778,0,227,2,30
elapsed=8263 source=0966 action=contract pose=-3990,-4142,-3990,14,238,0,63 target=-1679,-2881,778,0,227,2,30
elapsed=8263 source=0966 action=face-immediate pose=-3937,-4113,-3879,14,238,0,63 target=-1679,-2881,778,0,227,2,30
elapsed=8263 source=0966 action=advance-homing pose=-3937,-4113,-3879,13,238,0,63 target=-1679,-2881,778,0,227,2,30
elapsed=8264 source=047A action=advance-cruise pose=-1578,-2312,1993,11,247,0,63 target=-1679,-2881,778,0,227,2,30
elapsed=8267 source=0966 action=contract pose=-3841,-4037,-3671,13,238,0,63 target=-1661,-2881,799,0,227,1,30
elapsed=8267 source=0966 action=contract pose=-3787,-4009,-3560,13,238,0,63 target=-1661,-2881,799,0,227,1,30
elapsed=8267 source=0966 action=contract pose=-3733,-3981,-3449,13,238,0,63 target=-1661,-2881,799,0,227,1,30
elapsed=8267 source=0966 action=face-immediate pose=-3679,-3953,-3338,13,238,0,63 target=-1661,-2881,799,0,227,1,30
elapsed=8267 source=0966 action=advance-homing pose=-3679,-3953,-3338,13,238,0,63 target=-1661,-2881,799,0,227,1,30
elapsed=8268 source=047A action=advance-cruise pose=-1530,-2248,2221,11,247,0,63 target=-1661,-2881,799,0,227,1,30
elapsed=8271 source=0966 action=contract pose=-3583,-3877,-3130,13,238,0,63 target=-1643,-2881,820,0,227,0,30
elapsed=8271 source=0966 action=contract pose=-3529,-3849,-3019,13,238,0,63 target=-1643,-2881,820,0,227,0,30
elapsed=8271 source=0966 action=contract pose=-3475,-3822,-2908,13,238,0,63 target=-1643,-2881,820,0,227,0,30
elapsed=8271 source=0966 action=face-immediate pose=-3421,-3794,-2797,13,238,0,63 target=-1643,-2881,820,0,227,0,30
elapsed=8271 source=0966 action=advance-homing pose=-3421,-3794,-2797,13,238,0,63 target=-1643,-2881,820,0,227,0,30
elapsed=8272 source=047A action=advance-cruise pose=-1482,-2184,2449,11,247,0,63 target=-1643,-2881,820,0,227,0,30
elapsed=8275 source=0966 action=contract pose=-3325,-3718,-2589,13,238,0,63 target=-1625,-2881,841,0,227,255,30
elapsed=8275 source=0966 action=contract pose=-3270,-3691,-2478,13,238,0,63 target=-1625,-2881,841,0,227,255,30
elapsed=8275 source=0966 action=contract pose=-3215,-3664,-2367,13,238,0,63 target=-1625,-2881,841,0,227,255,30
elapsed=8275 source=0966 action=face-immediate pose=-3160,-3637,-2256,13,238,0,63 target=-1625,-2881,841,0,227,255,30
elapsed=8275 source=0966 action=advance-homing pose=-3160,-3637,-2256,12,238,0,63 target=-1625,-2881,841,0,227,255,30
elapsed=8276 source=047A action=advance-cruise pose=-1434,-2120,2677,11,247,0,63 target=-1625,-2881,841,0,227,255,30
elapsed=8279 source=0966 action=contract pose=-3064,-3569,-2048,12,238,0,63 target=-1607,-2881,862,0,227,254,30
elapsed=8279 source=0966 action=contract pose=-3009,-3543,-1937,12,238,0,63 target=-1607,-2881,862,0,227,254,30
elapsed=8279 source=0966 action=contract pose=-2954,-3517,-1826,12,238,0,63 target=-1607,-2881,862,0,227,254,30
elapsed=8279 source=0966 action=face-immediate pose=-2899,-3491,-1715,12,238,0,63 target=-1607,-2881,862,0,227,254,30
elapsed=8279 source=0966 action=advance-homing pose=-2899,-3491,-1715,12,238,0,63 target=-1607,-2881,862,0,227,254,30
elapsed=8280 source=047A action=advance-cruise pose=-1386,-2056,2905,11,247,0,63 target=-1607,-2881,862,0,227,254,30
elapsed=8283 source=0966 action=contract pose=-2803,-3423,-1507,12,238,0,63 target=-1589,-2881,883,0,227,254,30
elapsed=8283 source=0966 action=contract pose=-2747,-3398,-1396,12,238,0,63 target=-1589,-2881,883,0,227,254,30
elapsed=8283 source=0966 action=contract pose=-2691,-3373,-1285,12,238,0,63 target=-1589,-2881,883,0,227,254,30
elapsed=8283 source=0966 action=face-immediate pose=-2635,-3348,-1174,12,238,0,63 target=-1589,-2881,883,0,227,254,30
elapsed=8283 source=0966 action=advance-homing pose=-2635,-3348,-1174,11,237,0,63 target=-1589,-2881,883,0,227,254,30
elapsed=8284 source=047A action=advance-cruise pose=-1338,-1992,3133,11,247,0,63 target=-1589,-2881,883,0,227,254,30
elapsed=8287 source=0966 action=contract pose=-2531,-3284,-966,11,237,0,63 target=-1571,-2881,904,0,227,253,30
elapsed=8288 source=0966 action=contract pose=-2475,-3261,-855,11,237,0,63 target=-1571,-2881,904,0,227,253,30
elapsed=8288 source=0966 action=contract pose=-2418,-3238,-744,11,237,0,63 target=-1571,-2881,904,0,227,253,30
elapsed=8288 source=0966 action=face-immediate pose=-2361,-3214,-633,11,237,0,63 target=-1571,-2881,904,0,227,253,30
elapsed=8288 source=0966 action=advance-homing pose=-2361,-3214,-633,11,237,0,63 target=-1571,-2881,904,0,227,253,30
elapsed=8288 source=047A action=advance-cruise pose=-1290,-1928,3361,11,247,0,63 target=-1571,-2881,904,0,227,253,30
elapsed=8292 source=0966 action=contract pose=-2257,-3150,-425,11,237,0,63 target=-1553,-2881,925,0,227,253,30
elapsed=8292 source=0966 action=contract pose=-2200,-3128,-315,11,237,0,63 target=-1553,-2881,925,0,227,253,30
elapsed=8292 source=0966 action=contract pose=-2143,-3106,-205,11,237,0,63 target=-1553,-2881,925,0,227,253,30
elapsed=8292 source=0966 action=face-immediate pose=-2086,-3084,-95,11,237,0,63 target=-1553,-2881,925,0,227,253,30
elapsed=8292 source=0966 action=advance-homing pose=-2086,-3084,-95,10,237,0,63 target=-1553,-2881,925,0,227,253,30
elapsed=8292 source=047A action=advance-cruise pose=-1242,-1864,3589,11,247,0,63 target=-1553,-2881,925,0,227,253,30
elapsed=8296 source=07EC action=set-cruise-speed pose=-7684,-2403,-7696,253,231,0,30 target=-1535,-2881,946,0,227,252,30
elapsed=8296 source=07EC action=contract pose=-7684,-2403,-7696,253,231,0,63 target=-1535,-2881,946,0,227,252,30
elapsed=8296 source=07EC action=contract pose=-7611,-2409,-7593,253,231,0,63 target=-1535,-2881,946,0,227,252,30
elapsed=8296 source=07EC action=contract pose=-7538,-2415,-7490,253,231,0,63 target=-1535,-2881,946,0,227,252,30
elapsed=8296 source=07EC action=face-immediate pose=-7465,-2421,-7387,253,231,0,63 target=-1535,-2881,946,0,227,252,30
elapsed=8296 source=07EC action=advance-homing pose=-7465,-2421,-7387,253,231,0,63 target=-1535,-2881,946,0,227,252,30
elapsed=8297 source=0966 action=face-immediate pose=-1982,-3028,113,10,237,0,63 target=-1535,-2881,946,0,227,252,30
elapsed=8297 source=0966 action=set-cruise-speed pose=-1982,-3028,113,9,236,0,63 target=-1535,-2881,946,0,227,252,30
elapsed=8297 source=0966 action=advance-aim pose=-1982,-3028,113,9,236,0,63 target=-1535,-2881,946,0,227,252,30
elapsed=8297 source=0966 action=face-smooth pose=-1874,-2976,321,9,236,0,63 target=-1535,-2881,946,0,227,252,30
elapsed=8298 source=047A action=advance-cruise pose=-1194,-1800,3817,11,247,0,63 target=-1535,-2881,946,0,227,252,30
elapsed=8302 source=07EC action=contract pose=-7329,-2437,-7191,253,231,0,63 target=-1517,-2881,967,0,227,252,30
elapsed=8302 source=07EC action=contract pose=-7256,-2443,-7088,253,231,0,63 target=-1517,-2881,967,0,227,252,30
elapsed=8302 source=07EC action=contract pose=-7183,-2449,-6985,253,231,0,63 target=-1517,-2881,967,0,227,252,30
elapsed=8302 source=07EC action=face-immediate pose=-7110,-2455,-6882,253,231,0,63 target=-1517,-2881,967,0,227,252,30
elapsed=8302 source=07EC action=advance-homing pose=-7110,-2455,-6882,253,231,0,63 target=-1517,-2881,967,0,227,252,30
elapsed=8302 source=0966 action=advance-aim pose=-1874,-2976,321,8,236,0,63 target=-1517,-2881,967,0,227,252,30
elapsed=8306 source=07EC action=contract pose=-6974,-2471,-6686,253,231,0,63 target=-1499,-2881,988,0,227,252,30
elapsed=8306 source=07EC action=contract pose=-6901,-2477,-6583,253,231,0,63 target=-1499,-2881,988,0,227,252,30
elapsed=8306 source=07EC action=contract pose=-6828,-2483,-6480,253,231,0,63 target=-1499,-2881,988,0,227,252,30
elapsed=8306 source=07EC action=face-immediate pose=-6755,-2489,-6377,253,231,0,63 target=-1499,-2881,988,0,227,252,30
elapsed=8307 source=07EC action=advance-homing pose=-6755,-2489,-6377,253,231,0,63 target=-1499,-2881,988,0,227,252,30
elapsed=8307 source=0966 action=advance-aim pose=-1762,-2932,533,8,236,0,63 target=-1499,-2881,988,0,227,252,30
elapsed=8307 source=0966 action=face-smooth pose=-1650,-2888,745,8,236,0,63 target=-1499,-2881,988,0,227,252,30
elapsed=8311 source=07EC action=contract pose=-6619,-2505,-6181,253,231,0,63 target=-1481,-2881,1009,0,227,252,30
elapsed=8311 source=07EC action=contract pose=-6546,-2511,-6078,253,231,0,63 target=-1481,-2881,1009,0,227,252,30
elapsed=8311 source=07EC action=contract pose=-6473,-2517,-5975,253,231,0,63 target=-1481,-2881,1009,0,227,252,30
elapsed=8311 source=07EC action=face-immediate pose=-6400,-2523,-5872,253,231,0,63 target=-1481,-2881,1009,0,227,252,30
elapsed=8311 source=07EC action=advance-homing pose=-6400,-2523,-5872,253,231,0,63 target=-1481,-2881,1009,0,227,252,30
elapsed=8311 source=0966 action=advance-aim pose=-1650,-2888,745,7,235,0,63 target=-1481,-2881,1009,0,227,252,30
elapsed=8316 source=07EC action=contract pose=-6264,-2539,-5676,253,231,0,63 target=-1463,-2881,1030,0,227,253,30
elapsed=8316 source=07EC action=contract pose=-6190,-2545,-5573,253,231,0,63 target=-1463,-2881,1030,0,227,253,30
elapsed=8316 source=07EC action=contract pose=-6117,-2551,-5470,253,231,0,63 target=-1463,-2881,1030,0,227,253,30
elapsed=8316 source=07EC action=face-immediate pose=-6044,-2557,-5367,253,231,0,63 target=-1463,-2881,1030,0,227,253,30
elapsed=8316 source=07EC action=advance-homing pose=-6044,-2557,-5367,253,231,0,63 target=-1463,-2881,1030,0,227,253,30
elapsed=8316 source=0966 action=advance-aim pose=-1534,-2848,953,7,235,0,63 target=-1463,-2881,1030,0,227,253,30
elapsed=8317 source=086A action=set-cruise-speed pose=2896,-1050,-5260,242,25,0,30 target=-1463,-2881,1030,0,227,253,30
elapsed=8317 source=086A action=contract pose=2896,-1050,-5260,242,25,0,63 target=-1463,-2881,1030,0,227,253,30
elapsed=8317 source=086A action=contract pose=2825,-1080,-5159,242,25,0,63 target=-1463,-2881,1030,0,227,253,30
elapsed=8317 source=086A action=contract pose=2754,-1110,-5058,242,25,0,63 target=-1463,-2881,1030,0,227,253,30
elapsed=8317 source=086A action=face-immediate pose=2683,-1140,-4957,242,25,0,63 target=-1463,-2881,1030,0,227,253,30
elapsed=8317 source=086A action=advance-homing pose=2683,-1140,-4957,242,25,0,63 target=-1463,-2881,1030,0,227,253,30
elapsed=8321 source=07EC action=contract pose=-5908,-2573,-5171,253,231,0,63 target=-1445,-2881,1051,0,227,253,30
elapsed=8321 source=07EC action=contract pose=-5834,-2579,-5068,253,231,0,63 target=-1445,-2881,1051,0,227,253,30
elapsed=8321 source=07EC action=contract pose=-5760,-2585,-4965,253,231,0,63 target=-1445,-2881,1051,0,227,253,30
elapsed=8321 source=07EC action=face-immediate pose=-5686,-2591,-4862,253,231,0,63 target=-1445,-2881,1051,0,227,253,30
elapsed=8321 source=07EC action=advance-homing pose=-5686,-2591,-4862,253,231,0,63 target=-1445,-2881,1051,0,227,253,30
elapsed=8321 source=0966 action=advance-cruise pose=-1418,-2808,1161,7,235,0,63 target=-1445,-2881,1051,0,227,253,30
elapsed=8322 source=086A action=contract pose=2555,-1220,-4773,242,25,0,63 target=-1445,-2881,1051,0,227,253,30
elapsed=8322 source=086A action=contract pose=2484,-1250,-4671,242,25,0,63 target=-1445,-2881,1051,0,227,253,30
elapsed=8322 source=086A action=contract pose=2413,-1280,-4569,242,25,0,63 target=-1445,-2881,1051,0,227,253,30
elapsed=8322 source=086A action=face-immediate pose=2342,-1310,-4467,242,25,0,63 target=-1445,-2881,1051,0,227,253,30
elapsed=8322 source=086A action=advance-homing pose=2342,-1310,-4467,242,25,0,63 target=-1445,-2881,1051,0,227,253,30
elapsed=8326 source=07EC action=contract pose=-5550,-2607,-4666,253,231,0,63 target=-1427,-2881,1072,0,227,254,30
elapsed=8326 source=07EC action=contract pose=-5476,-2613,-4563,253,231,0,63 target=-1427,-2881,1072,0,227,254,30
elapsed=8326 source=07EC action=contract pose=-5402,-2619,-4460,253,231,0,63 target=-1427,-2881,1072,0,227,254,30
elapsed=8326 source=07EC action=face-immediate pose=-5328,-2624,-4357,253,231,0,63 target=-1427,-2881,1072,0,227,254,30
elapsed=8326 source=07EC action=advance-homing pose=-5328,-2624,-4357,253,231,0,63 target=-1427,-2881,1072,0,227,254,30
elapsed=8327 source=0966 action=advance-cruise pose=-1302,-2768,1369,7,235,0,63 target=-1427,-2881,1072,0,227,254,30
elapsed=8327 source=086A action=contract pose=2214,-1390,-4283,242,25,0,63 target=-1427,-2881,1072,0,227,254,30
elapsed=8327 source=086A action=contract pose=2144,-1419,-4181,242,25,0,63 target=-1427,-2881,1072,0,227,254,30
elapsed=8327 source=086A action=contract pose=2074,-1448,-4079,242,25,0,63 target=-1427,-2881,1072,0,227,254,30
elapsed=8327 source=086A action=face-immediate pose=2004,-1477,-3977,242,25,0,63 target=-1427,-2881,1072,0,227,254,30
elapsed=8327 source=086A action=advance-homing pose=2004,-1477,-3977,242,25,0,63 target=-1427,-2881,1072,0,227,254,30
elapsed=8331 source=07EC action=contract pose=-5192,-2640,-4161,253,231,0,63 target=-1409,-2881,1093,0,227,254,30
elapsed=8331 source=07EC action=contract pose=-5118,-2645,-4058,253,231,0,63 target=-1409,-2881,1093,0,227,254,30
elapsed=8331 source=07EC action=contract pose=-5044,-2650,-3955,253,231,0,63 target=-1409,-2881,1093,0,227,254,30
elapsed=8331 source=07EC action=face-immediate pose=-4970,-2655,-3852,253,231,0,63 target=-1409,-2881,1093,0,227,254,30
elapsed=8331 source=07EC action=advance-homing pose=-4970,-2655,-3852,253,231,0,63 target=-1409,-2881,1093,0,227,254,30
elapsed=8331 source=0966 action=advance-cruise pose=-1186,-2728,1577,7,235,0,63 target=-1409,-2881,1093,0,227,254,30
elapsed=8332 source=086A action=contract pose=1876,-1557,-3793,242,25,0,63 target=-1409,-2881,1093,0,227,254,30
elapsed=8332 source=086A action=contract pose=1806,-1586,-3690,242,25,0,63 target=-1409,-2881,1093,0,227,254,30
elapsed=8332 source=086A action=contract pose=1736,-1615,-3587,242,25,0,63 target=-1409,-2881,1093,0,227,254,30
elapsed=8332 source=086A action=face-immediate pose=1666,-1643,-3484,242,25,0,63 target=-1409,-2881,1093,0,227,254,30
elapsed=8332 source=086A action=advance-homing pose=1666,-1643,-3484,243,24,0,63 target=-1409,-2881,1093,0,227,254,30
elapsed=8336 source=07EC action=contract pose=-4834,-2671,-3656,253,231,0,63 target=-1391,-2881,1114,0,227,255,30
elapsed=8336 source=07EC action=contract pose=-4760,-2676,-3554,253,231,0,63 target=-1391,-2881,1114,0,227,255,30
elapsed=8336 source=07EC action=contract pose=-4686,-2681,-3451,253,231,0,63 target=-1391,-2881,1114,0,227,255,30
elapsed=8336 source=07EC action=face-immediate pose=-4612,-2686,-3349,253,231,0,63 target=-1391,-2881,1114,0,227,255,30
elapsed=8336 source=07EC action=advance-homing pose=-4612,-2686,-3349,253,231,0,63 target=-1391,-2881,1114,0,227,255,30
elapsed=8336 source=0966 action=advance-cruise pose=-1070,-2688,1785,7,235,0,63 target=-1391,-2881,1114,0,227,255,30
elapsed=8337 source=086A action=contract pose=1542,-1719,-3296,243,24,0,63 target=-1391,-2881,1114,0,227,255,30
elapsed=8337 source=086A action=contract pose=1473,-1747,-3193,243,24,0,63 target=-1391,-2881,1114,0,227,255,30
elapsed=8337 source=086A action=contract pose=1404,-1775,-3090,243,24,0,63 target=-1391,-2881,1114,0,227,255,30
elapsed=8337 source=086A action=face-immediate pose=1335,-1803,-2987,243,24,0,63 target=-1391,-2881,1114,0,227,255,30
elapsed=8337 source=086A action=advance-homing pose=1335,-1803,-2987,243,24,0,63 target=-1391,-2881,1114,0,227,255,30
elapsed=8341 source=07EC action=contract pose=-4476,-2702,-3153,253,231,0,63 target=-1373,-2881,1135,0,227,0,30
elapsed=8341 source=07EC action=contract pose=-4402,-2707,-3051,253,231,0,63 target=-1373,-2881,1135,0,227,0,30
elapsed=8341 source=07EC action=contract pose=-4328,-2712,-2949,253,231,0,63 target=-1373,-2881,1135,0,227,0,30
elapsed=8341 source=07EC action=face-immediate pose=-4254,-2717,-2847,253,231,0,63 target=-1373,-2881,1135,0,227,0,30
elapsed=8341 source=07EC action=advance-homing pose=-4254,-2717,-2847,254,231,0,63 target=-1373,-2881,1135,0,227,0,30
elapsed=8341 source=0966 action=advance-cruise pose=-954,-2648,1993,7,235,0,63 target=-1373,-2881,1135,0,227,0,30
elapsed=8341 source=086A action=contract pose=1211,-1879,-2799,243,24,0,63 target=-1373,-2881,1135,0,227,0,30
elapsed=8341 source=086A action=contract pose=1142,-1906,-2696,243,24,0,63 target=-1373,-2881,1135,0,227,0,30
elapsed=8341 source=086A action=contract pose=1073,-1933,-2593,243,24,0,63 target=-1373,-2881,1135,0,227,0,30
elapsed=8341 source=086A action=face-immediate pose=1004,-1960,-2489,243,24,0,63 target=-1373,-2881,1135,0,227,0,30
elapsed=8342 source=086A action=advance-homing pose=1004,-1960,-2489,243,24,0,63 target=-1373,-2881,1135,0,227,0,30
elapsed=8345 source=07EC action=contract pose=-4118,-2725,-2651,254,231,0,63 target=-1355,-2881,1156,0,227,1,30
elapsed=8345 source=07EC action=contract pose=-4044,-2730,-2549,254,231,0,63 target=-1355,-2881,1156,0,227,1,30
elapsed=8346 source=07EC action=contract pose=-3970,-2735,-2447,254,231,0,63 target=-1355,-2881,1156,0,227,1,30
elapsed=8346 source=07EC action=face-immediate pose=-3896,-2740,-2345,254,231,0,63 target=-1355,-2881,1156,0,227,1,30
elapsed=8346 source=07EC action=advance-homing pose=-3896,-2740,-2345,254,231,0,63 target=-1355,-2881,1156,0,227,1,30
elapsed=8346 source=0966 action=advance-cruise pose=-838,-2608,2201,7,235,0,63 target=-1355,-2881,1156,0,227,1,30
elapsed=8346 source=086A action=contract pose=880,-2036,-2301,243,24,0,63 target=-1355,-2881,1156,0,227,1,30
elapsed=8346 source=086A action=contract pose=812,-2062,-2197,243,24,0,63 target=-1355,-2881,1156,0,227,1,30
elapsed=8346 source=086A action=contract pose=744,-2088,-2093,243,24,0,63 target=-1355,-2881,1156,0,227,1,30
elapsed=8346 source=086A action=face-immediate pose=676,-2114,-1989,243,24,0,63 target=-1355,-2881,1156,0,227,1,30
elapsed=8346 source=086A action=advance-homing pose=676,-2114,-1989,244,24,0,63 target=-1355,-2881,1156,0,227,1,30
elapsed=8350 source=07EC action=contract pose=-3760,-2748,-2149,254,231,0,63 target=-1337,-2881,1177,0,227,2,30
elapsed=8350 source=07EC action=contract pose=-3686,-2753,-2047,254,231,0,63 target=-1337,-2881,1177,0,227,2,30
elapsed=8350 source=07EC action=contract pose=-3612,-2758,-1945,254,231,0,63 target=-1337,-2881,1177,0,227,2,30
elapsed=8350 source=07EC action=face-immediate pose=-3538,-2763,-1843,254,231,0,63 target=-1337,-2881,1177,0,227,2,30
elapsed=8350 source=07EC action=advance-homing pose=-3538,-2763,-1843,254,231,0,63 target=-1337,-2881,1177,0,227,2,30
elapsed=8350 source=0966 action=advance-cruise pose=-722,-2568,2409,7,235,0,63 target=-1337,-2881,1177,0,227,2,30
elapsed=8351 source=086A action=contract pose=548,-2182,-1797,244,24,0,63 target=-1337,-2881,1177,0,227,2,30
elapsed=8351 source=086A action=contract pose=481,-2207,-1692,244,24,0,63 target=-1337,-2881,1177,0,227,2,30
elapsed=8351 source=086A action=contract pose=414,-2232,-1587,244,24,0,63 target=-1337,-2881,1177,0,227,2,30
elapsed=8351 source=086A action=face-immediate pose=347,-2257,-1482,244,24,0,63 target=-1337,-2881,1177,0,227,2,30
elapsed=8351 source=086A action=advance-homing pose=347,-2257,-1482,244,23,0,63 target=-1337,-2881,1177,0,227,2,30
elapsed=8355 source=07EC action=contract pose=-3402,-2771,-1647,254,231,0,63 target=-1319,-2881,1198,0,227,2,30
elapsed=8355 source=07EC action=contract pose=-3327,-2776,-1545,254,231,0,63 target=-1319,-2881,1198,0,227,2,30
elapsed=8355 source=07EC action=contract pose=-3252,-2780,-1443,254,231,0,63 target=-1319,-2881,1198,0,227,2,30
elapsed=8355 source=07EC action=face-immediate pose=-3177,-2785,-1341,254,231,0,63 target=-1319,-2881,1198,0,227,2,30
elapsed=8355 source=07EC action=advance-homing pose=-3177,-2785,-1341,254,231,0,63 target=-1319,-2881,1198,0,227,2,30
elapsed=8355 source=0966 action=advance-cruise pose=-606,-2528,2617,7,235,0,63 target=-1319,-2881,1198,0,227,2,30
elapsed=8356 source=086A action=contract pose=227,-2325,-1286,244,23,0,63 target=-1319,-2881,1198,0,227,2,30
elapsed=8356 source=086A action=contract pose=160,-2349,-1181,244,23,0,63 target=-1319,-2881,1198,0,227,2,30
elapsed=8356 source=086A action=contract pose=93,-2373,-1075,244,23,0,63 target=-1319,-2881,1198,0,227,2,30
elapsed=8356 source=086A action=face-immediate pose=27,-2397,-969,244,23,0,63 target=-1319,-2881,1198,0,227,2,30
elapsed=8356 source=086A action=advance-homing pose=27,-2397,-969,245,23,0,63 target=-1319,-2881,1198,0,227,2,30
elapsed=8360 source=07EC action=contract pose=-3041,-2793,-1145,254,231,0,63 target=-1301,-2881,1219,0,227,3,30
elapsed=8360 source=07EC action=contract pose=-2966,-2797,-1043,254,231,0,63 target=-1301,-2881,1219,0,227,3,30
elapsed=8360 source=07EC action=contract pose=-2891,-2801,-941,254,231,0,63 target=-1301,-2881,1219,0,227,3,30
elapsed=8360 source=07EC action=face-immediate pose=-2816,-2805,-839,254,231,0,63 target=-1301,-2881,1219,0,227,3,30
elapsed=8360 source=07EC action=advance-homing pose=-2816,-2805,-839,254,231,0,63 target=-1301,-2881,1219,0,227,3,30
elapsed=8360 source=0966 action=advance-cruise pose=-490,-2488,2825,7,235,0,63 target=-1301,-2881,1219,0,227,3,30
elapsed=8361 source=086A action=contract pose=-93,-2461,-773,245,23,0,63 target=-1301,-2881,1219,0,227,3,30
elapsed=8361 source=086A action=contract pose=-158,-2484,-667,245,23,0,63 target=-1301,-2881,1219,0,227,3,30
elapsed=8361 source=086A action=contract pose=-223,-2507,-561,245,23,0,63 target=-1301,-2881,1219,0,227,3,30
elapsed=8361 source=086A action=face-immediate pose=-288,-2530,-455,245,23,0,63 target=-1301,-2881,1219,0,227,3,30
elapsed=8361 source=086A action=advance-homing pose=-288,-2530,-455,245,23,0,63 target=-1301,-2881,1219,0,227,3,30
elapsed=8365 source=07EC action=contract pose=-2680,-2813,-643,254,231,0,63 target=-1283,-2881,1240,0,227,3,30
elapsed=8365 source=07EC action=contract pose=-2605,-2817,-541,254,231,0,63 target=-1283,-2881,1240,0,227,3,30
elapsed=8365 source=07EC action=contract pose=-2530,-2821,-439,254,231,0,63 target=-1283,-2881,1240,0,227,3,30
elapsed=8365 source=07EC action=face-immediate pose=-2455,-2825,-338,254,231,0,63 target=-1283,-2881,1240,0,227,3,30
elapsed=8365 source=07EC action=advance-homing pose=-2455,-2825,-338,254,230,0,63 target=-1283,-2881,1240,0,227,3,30
elapsed=8365 source=0966 action=advance-cruise pose=-374,-2448,3033,7,235,0,63 target=-1283,-2881,1240,0,227,3,30
elapsed=8365 source=086A action=contract pose=-408,-2594,-259,245,23,0,63 target=-1283,-2881,1240,0,227,3,30
elapsed=8365 source=086A action=contract pose=-472,-2615,-151,245,23,0,63 target=-1283,-2881,1240,0,227,3,30
elapsed=8366 source=086A action=contract pose=-536,-2636,-43,245,23,0,63 target=-1283,-2881,1240,0,227,3,30
elapsed=8366 source=086A action=face-immediate pose=-600,-2657,65,245,23,0,63 target=-1283,-2881,1240,0,227,3,30
elapsed=8366 source=086A action=advance-homing pose=-600,-2657,65,246,22,0,63 target=-1283,-2881,1240,0,227,3,30
elapsed=8369 source=07EC action=contract pose=-2315,-2833,-142,254,230,0,63 target=-1265,-2881,1261,0,227,4,30
elapsed=8370 source=07EC action=contract pose=-2239,-2837,-41,254,230,0,63 target=-1265,-2881,1261,0,227,4,30
elapsed=8370 source=07EC action=contract pose=-2163,-2841,60,254,230,0,63 target=-1265,-2881,1261,0,227,4,30
elapsed=8370 source=07EC action=face-immediate pose=-2087,-2845,161,254,230,0,63 target=-1265,-2881,1261,0,227,4,30
elapsed=8370 source=07EC action=advance-homing pose=-2087,-2845,161,254,230,0,63 target=-1265,-2881,1261,0,227,4,30
elapsed=8370 source=0966 action=advance-cruise pose=-258,-2408,3241,7,235,0,63 target=-1265,-2881,1261,0,227,4,30
elapsed=8370 source=086A action=contract pose=-716,-2713,265,246,22,0,63 target=-1265,-2881,1261,0,227,4,30
elapsed=8370 source=086A action=contract pose=-777,-2732,375,246,22,0,63 target=-1265,-2881,1261,0,227,4,30
elapsed=8370 source=086A action=contract pose=-838,-2751,485,246,22,0,63 target=-1265,-2881,1261,0,227,4,30
elapsed=8370 source=086A action=face-immediate pose=-899,-2770,595,246,22,0,63 target=-1265,-2881,1261,0,227,4,30
elapsed=8370 source=086A action=advance-homing pose=-899,-2770,595,247,21,0,63 target=-1265,-2881,1261,0,227,4,30
elapsed=8374 source=07EC action=contract pose=-1947,-2853,357,254,230,0,63 target=-1247,-2881,1282,0,227,4,30
elapsed=8374 source=07EC action=contract pose=-1871,-2857,458,254,230,0,63 target=-1247,-2881,1282,0,227,4,30
elapsed=8375 source=07EC action=contract pose=-1795,-2860,559,254,230,0,63 target=-1247,-2881,1282,0,227,4,30
elapsed=8375 source=07EC action=face-immediate pose=-1719,-2863,660,254,230,0,63 target=-1247,-2881,1282,0,227,4,30
elapsed=8375 source=07EC action=advance-homing pose=-1719,-2863,660,254,230,0,63 target=-1247,-2881,1282,0,227,4,30
elapsed=8375 source=0966 action=advance-cruise pose=-142,-2368,3449,7,235,0,63 target=-1247,-2881,1282,0,227,4,30
elapsed=8375 source=086A action=face-immediate pose=-1011,-2822,799,247,21,0,63 target=-1247,-2881,1282,0,227,4,30
elapsed=8375 source=086A action=set-cruise-speed pose=-1011,-2822,799,249,19,0,63 target=-1247,-2881,1282,0,227,4,30
elapsed=8375 source=086A action=advance-aim pose=-1011,-2822,799,249,19,0,63 target=-1247,-2881,1282,0,227,4,30
elapsed=8375 source=086A action=face-smooth pose=-1119,-2862,1011,249,19,0,63 target=-1247,-2881,1282,0,227,4,30
elapsed=8380 source=07EC action=face-immediate pose=-1579,-2871,856,254,230,0,63 target=-1229,-2881,1303,0,227,4,30
elapsed=8380 source=07EC action=set-cruise-speed pose=-1579,-2871,856,255,229,0,63 target=-1229,-2881,1303,0,227,4,30
elapsed=8380 source=07EC action=advance-aim pose=-1579,-2871,856,255,229,0,63 target=-1229,-2881,1303,0,227,4,30
elapsed=8380 source=0966 action=advance-cruise pose=-26,-2328,3657,7,235,0,63 target=-1229,-2881,1303,0,227,4,30
elapsed=8380 source=086A action=advance-aim pose=-1119,-2862,1011,250,18,0,63 target=-1229,-2881,1303,0,227,4,30
elapsed=8385 source=07EC action=advance-aim pose=-1431,-2875,1048,255,229,0,63 target=-1211,-2881,1324,0,227,4,30
elapsed=8385 source=07EC action=face-smooth pose=-1283,-2879,1240,255,229,0,63 target=-1211,-2881,1324,0,227,4,30
elapsed=8385 source=0966 action=advance-cruise pose=90,-2288,3865,7,235,0,63 target=-1211,-2881,1324,0,227,4,30
elapsed=8385 source=086A action=advance-aim pose=-1219,-2894,1227,250,18,0,63 target=-1211,-2881,1324,0,227,4,30
elapsed=8389 source=07EC action=advance-cruise pose=-1283,-2879,1240,255,228,0,63 target=4823,-2881,8385,0,227,3,30
elapsed=8389 source=0966 action=advance-cruise pose=206,-2248,4073,7,235,0,63 target=-1193,-2881,1345,0,227,3,30
elapsed=8390 source=086A action=advance-cruise pose=-1319,-2926,1443,250,18,0,63 target=-1193,-2881,1345,0,227,3,30
elapsed=8394 source=086A action=advance-cruise pose=-1419,-2958,1659,250,18,0,63 target=-1175,-2881,1366,0,227,3,30
elapsed=8398 source=086A action=advance-cruise pose=-1519,-2990,1875,250,18,0,63 target=-1157,-2881,1387,0,227,2,30
elapsed=8403 source=086A action=advance-cruise pose=-1619,-3022,2091,250,18,0,63 target=-1139,-2881,1408,0,227,2,30
elapsed=8407 source=086A action=advance-cruise pose=-1719,-3054,2307,250,18,0,63 target=-1121,-2881,1429,0,227,1,30
elapsed=8411 source=086A action=advance-cruise pose=-1819,-3086,2523,250,18,0,63 target=-1103,-2881,1450,0,227,0,30
elapsed=8415 source=086A action=advance-cruise pose=-1919,-3118,2739,250,18,0,63 target=-1085,-2881,1471,0,227,255,30
elapsed=8419 source=086A action=advance-cruise pose=-2019,-3150,2955,250,18,0,63 target=-1067,-2881,1492,0,227,254,30
elapsed=8424 source=086A action=advance-cruise pose=-2119,-3182,3171,250,18,0,63 target=-1049,-2881,1513,0,227,254,30
elapsed=8428 source=086A action=advance-cruise pose=-2219,-3214,3387,250,18,0,63 target=-1031,-2881,1534,0,227,253,30
elapsed=8432 source=086A action=advance-cruise pose=-2319,-3246,3603,250,18,0,63 target=-1013,-2881,1555,0,227,253,30
elapsed=8436 source=086A action=advance-cruise pose=-2419,-3278,3819,250,18,0,63 target=-995,-2881,1576,0,227,252,30
elapsed=8441 source=086A action=advance-cruise pose=-2519,-3310,4035,250,18,0,63 target=-977,-2881,1597,0,227,252,30
elapsed=8445 source=086A action=advance-cruise pose=-2619,-3342,4251,250,18,0,63 target=-959,-2881,1618,0,227,252,30
elapsed=8450 source=086A action=advance-cruise pose=-2719,-3374,4467,250,18,0,63 target=-941,-2881,1639,0,227,252,30
elapsed=8582 source=086A action=set-cruise-speed pose=-6404,-935,-1416,252,215,0,30 target=-383,-2881,2290,0,227,253,30
elapsed=8582 source=086A action=contract pose=-6404,-935,-1416,252,215,0,63 target=-383,-2881,2290,0,227,253,30
elapsed=8582 source=086A action=contract pose=-6300,-969,-1352,252,215,0,63 target=-383,-2881,2290,0,227,253,30
elapsed=8582 source=086A action=contract pose=-6196,-1003,-1288,252,215,0,63 target=-383,-2881,2290,0,227,253,30
elapsed=8582 source=086A action=face-immediate pose=-6092,-1037,-1224,252,215,0,63 target=-383,-2881,2290,0,227,253,30
elapsed=8582 source=086A action=advance-homing pose=-6092,-1037,-1224,240,215,0,63 target=-383,-2881,2290,0,227,253,30
elapsed=8587 source=086A action=contract pose=-5904,-1129,-1108,240,215,0,63 target=-365,-2881,2311,0,227,253,30
elapsed=8587 source=086A action=contract pose=-5800,-1163,-1044,240,215,0,63 target=-365,-2881,2311,0,227,253,30
elapsed=8587 source=086A action=contract pose=-5696,-1197,-980,240,215,0,63 target=-365,-2881,2311,0,227,253,30
elapsed=8587 source=086A action=face-immediate pose=-5592,-1231,-916,240,215,0,63 target=-365,-2881,2311,0,227,253,30
elapsed=8587 source=086A action=advance-homing pose=-5592,-1231,-916,240,215,0,63 target=-365,-2881,2311,0,227,253,30
elapsed=8591 source=086A action=contract pose=-5404,-1323,-800,240,215,0,63 target=-347,-2881,2332,0,227,254,30
elapsed=8591 source=086A action=contract pose=-5300,-1356,-736,240,215,0,63 target=-347,-2881,2332,0,227,254,30
elapsed=8591 source=086A action=contract pose=-5196,-1389,-672,240,215,0,63 target=-347,-2881,2332,0,227,254,30
elapsed=8591 source=086A action=face-immediate pose=-5092,-1422,-608,240,215,0,63 target=-347,-2881,2332,0,227,254,30
elapsed=8591 source=086A action=advance-homing pose=-5092,-1422,-608,241,215,0,63 target=-347,-2881,2332,0,227,254,30
elapsed=8596 source=086A action=contract pose=-4904,-1510,-492,241,215,0,63 target=-329,-2881,2353,0,227,254,30
elapsed=8596 source=086A action=contract pose=-4800,-1542,-427,241,215,0,63 target=-329,-2881,2353,0,227,254,30
elapsed=8596 source=086A action=contract pose=-4696,-1574,-362,241,215,0,63 target=-329,-2881,2353,0,227,254,30
elapsed=8596 source=086A action=face-immediate pose=-4592,-1606,-297,241,215,0,63 target=-329,-2881,2353,0,227,254,30
elapsed=8596 source=086A action=advance-homing pose=-4592,-1606,-297,241,215,0,63 target=-329,-2881,2353,0,227,254,30
elapsed=8600 source=086A action=contract pose=-4404,-1694,-181,241,215,0,63 target=-311,-2881,2374,0,227,255,30
elapsed=8600 source=086A action=contract pose=-4300,-1725,-116,241,215,0,63 target=-311,-2881,2374,0,227,255,30
elapsed=8601 source=086A action=contract pose=-4196,-1756,-51,241,215,0,63 target=-311,-2881,2374,0,227,255,30
elapsed=8601 source=086A action=face-immediate pose=-4092,-1787,14,241,215,0,63 target=-311,-2881,2374,0,227,255,30
elapsed=8601 source=086A action=advance-homing pose=-4092,-1787,14,241,215,0,63 target=-311,-2881,2374,0,227,255,30
elapsed=8605 source=086A action=contract pose=-3904,-1875,130,241,215,0,63 target=-293,-2881,2395,0,227,0,30
elapsed=8605 source=086A action=contract pose=-3800,-1905,195,241,215,0,63 target=-293,-2881,2395,0,227,0,30
elapsed=8605 source=086A action=contract pose=-3696,-1935,260,241,215,0,63 target=-293,-2881,2395,0,227,0,30
elapsed=8605 source=086A action=face-immediate pose=-3592,-1965,325,241,215,0,63 target=-293,-2881,2395,0,227,0,30
elapsed=8605 source=086A action=advance-homing pose=-3592,-1965,325,242,215,0,63 target=-293,-2881,2395,0,227,0,30
elapsed=8610 source=086A action=contract pose=-3400,-2045,441,242,215,0,63 target=-275,-2881,2416,0,227,1,30
elapsed=8610 source=086A action=contract pose=-3296,-2074,507,242,215,0,63 target=-275,-2881,2416,0,227,1,30
elapsed=8610 source=086A action=contract pose=-3192,-2103,573,242,215,0,63 target=-275,-2881,2416,0,227,1,30
elapsed=8610 source=086A action=face-immediate pose=-3088,-2132,639,242,215,0,63 target=-275,-2881,2416,0,227,1,30
elapsed=8610 source=086A action=advance-homing pose=-3088,-2132,639,243,215,0,63 target=-275,-2881,2416,0,227,1,30
elapsed=8614 source=086A action=contract pose=-2896,-2208,759,243,215,0,63 target=-257,-2881,2437,0,227,2,30
elapsed=8614 source=086A action=contract pose=-2792,-2235,825,243,215,0,63 target=-257,-2881,2437,0,227,2,30
elapsed=8614 source=086A action=contract pose=-2688,-2262,891,243,215,0,63 target=-257,-2881,2437,0,227,2,30
elapsed=8614 source=086A action=face-immediate pose=-2584,-2289,957,243,215,0,63 target=-257,-2881,2437,0,227,2,30
elapsed=8614 source=086A action=advance-homing pose=-2584,-2289,957,243,215,0,63 target=-257,-2881,2437,0,227,2,30
elapsed=8619 source=086A action=contract pose=-2392,-2365,1077,243,215,0,63 target=-239,-2881,2458,0,227,2,30
elapsed=8619 source=086A action=contract pose=-2288,-2391,1144,243,215,0,63 target=-239,-2881,2458,0,227,2,30
elapsed=8619 source=086A action=contract pose=-2184,-2417,1211,243,215,0,63 target=-239,-2881,2458,0,227,2,30
elapsed=8619 source=086A action=face-immediate pose=-2080,-2443,1278,243,215,0,63 target=-239,-2881,2458,0,227,2,30
elapsed=8619 source=086A action=advance-homing pose=-2080,-2443,1278,244,216,0,63 target=-239,-2881,2458,0,227,2,30
elapsed=8623 source=086A action=contract pose=-1888,-2511,1406,244,216,0,63 target=-221,-2881,2479,0,227,3,30
elapsed=8623 source=086A action=contract pose=-1783,-2535,1473,244,216,0,63 target=-221,-2881,2479,0,227,3,30
elapsed=8623 source=086A action=contract pose=-1678,-2559,1540,244,216,0,63 target=-221,-2881,2479,0,227,3,30
elapsed=8623 source=086A action=face-immediate pose=-1573,-2583,1607,244,216,0,63 target=-221,-2881,2479,0,227,3,30
elapsed=8623 source=086A action=advance-homing pose=-1573,-2583,1607,245,216,0,63 target=-221,-2881,2479,0,227,3,30
elapsed=8628 source=086A action=contract pose=-1381,-2647,1735,245,216,0,63 target=-203,-2881,2500,0,227,3,30
elapsed=8628 source=086A action=contract pose=-1276,-2668,1803,245,216,0,63 target=-203,-2881,2500,0,227,3,30
elapsed=8628 source=086A action=contract pose=-1171,-2689,1871,245,216,0,63 target=-203,-2881,2500,0,227,3,30
elapsed=8628 source=086A action=face-immediate pose=-1066,-2710,1939,245,216,0,63 target=-203,-2881,2500,0,227,3,30
elapsed=8628 source=086A action=advance-homing pose=-1066,-2710,1939,246,216,0,63 target=-203,-2881,2500,0,227,3,30
elapsed=8632 source=086A action=face-immediate pose=-870,-2766,2067,246,216,0,63 target=-185,-2881,2521,0,227,4,30
elapsed=8632 source=086A action=set-cruise-speed pose=-870,-2766,2067,247,216,0,63 target=-185,-2881,2521,0,227,4,30
elapsed=8632 source=086A action=advance-aim pose=-870,-2766,2067,247,216,0,63 target=-185,-2881,2521,0,227,4,30
elapsed=8637 source=086A action=advance-aim pose=-674,-2818,2195,247,216,0,63 target=-167,-2881,2542,0,227,4,30
elapsed=8637 source=086A action=face-smooth pose=-478,-2870,2323,247,216,0,63 target=-167,-2881,2542,0,227,4,30
elapsed=8641 source=086A action=advance-aim pose=-478,-2870,2323,248,217,0,63 target=-149,-2881,2563,0,227,4,30
elapsed=8646 source=086A action=advance-aim pose=-286,-2914,2455,248,217,0,63 target=-131,-2881,2584,0,227,4,30
elapsed=8651 source=086A action=advance-cruise pose=-94,-2958,2587,248,217,0,63 target=-113,-2881,2605,0,227,3,30
elapsed=8655 source=086A action=advance-cruise pose=98,-3002,2719,248,217,0,63 target=-95,-2881,2626,0,227,3,30
elapsed=8660 source=086A action=advance-cruise pose=290,-3046,2851,248,217,0,63 target=-77,-2881,2647,0,227,2,30
elapsed=8664 source=086A action=advance-cruise pose=482,-3090,2983,248,217,0,63 target=-59,-2881,2668,0,227,2,30
elapsed=8668 source=086A action=advance-cruise pose=674,-3134,3115,248,217,0,63 target=-41,-2881,2689,0,227,1,30
elapsed=8673 source=086A action=advance-cruise pose=866,-3178,3247,248,217,0,63 target=-23,-2881,2710,0,227,0,30
elapsed=8677 source=086A action=advance-cruise pose=1058,-3222,3379,248,217,0,63 target=-5,-2881,2731,0,227,255,30
elapsed=8681 source=086A action=advance-cruise pose=1250,-3266,3511,248,217,0,63 target=13,-2881,2752,0,227,254,30
elapsed=8686 source=086A action=advance-cruise pose=1442,-3310,3643,248,217,0,63 target=31,-2881,2773,0,227,254,30
elapsed=8690 source=086A action=advance-cruise pose=1634,-3354,3775,248,217,0,63 target=49,-2881,2794,0,227,253,30
elapsed=8694 source=086A action=advance-cruise pose=1826,-3398,3907,248,217,0,63 target=67,-2881,2815,0,227,253,30
elapsed=8699 source=086A action=advance-cruise pose=2018,-3442,4039,248,217,0,63 target=85,-2881,2836,0,227,252,30
elapsed=8703 source=086A action=advance-cruise pose=2210,-3486,4171,248,217,0,63 target=103,-2881,2857,0,227,252,30
elapsed=8707 source=086A action=advance-cruise pose=2402,-3530,4303,248,217,0,63 target=121,-2881,2878,0,227,252,30
elapsed=8712 source=086A action=advance-cruise pose=2594,-3574,4435,248,217,0,63 target=139,-2881,2899,0,227,252,30
elapsed=8857 source=086A action=set-cruise-speed pose=6592,-2774,8884,255,94,0,30 target=769,-2881,3634,0,227,255,30
elapsed=8857 source=086A action=contract pose=6592,-2774,8884,255,94,0,63 target=769,-2881,3634,0,227,255,30
elapsed=8857 source=086A action=contract pose=6497,-2776,8798,255,94,0,63 target=769,-2881,3634,0,227,255,30
elapsed=8857 source=086A action=contract pose=6402,-2778,8712,255,94,0,63 target=769,-2881,3634,0,227,255,30
elapsed=8857 source=086A action=face-immediate pose=6307,-2780,8626,255,94,0,63 target=769,-2881,3634,0,227,255,30
elapsed=8857 source=086A action=advance-homing pose=6307,-2780,8626,255,94,0,63 target=769,-2881,3634,0,227,255,30
elapsed=8862 source=086A action=contract pose=6127,-2784,8466,255,94,0,63 target=787,-2881,3655,0,227,0,30
elapsed=8862 source=086A action=contract pose=6032,-2786,8380,255,94,0,63 target=787,-2881,3655,0,227,0,30
elapsed=8862 source=086A action=contract pose=5937,-2788,8294,255,94,0,63 target=787,-2881,3655,0,227,0,30
elapsed=8862 source=086A action=face-immediate pose=5842,-2790,8208,255,94,0,63 target=787,-2881,3655,0,227,0,30
elapsed=8862 source=086A action=advance-homing pose=5842,-2790,8208,255,94,0,63 target=787,-2881,3655,0,227,0,30
elapsed=8866 source=086A action=contract pose=5662,-2794,8048,255,94,0,63 target=805,-2881,3676,0,227,1,30
elapsed=8866 source=086A action=contract pose=5567,-2796,7962,255,94,0,63 target=805,-2881,3676,0,227,1,30
elapsed=8866 source=086A action=contract pose=5472,-2798,7876,255,94,0,63 target=805,-2881,3676,0,227,1,30
elapsed=8866 source=086A action=face-immediate pose=5377,-2800,7790,255,94,0,63 target=805,-2881,3676,0,227,1,30
elapsed=8866 source=086A action=advance-homing pose=5377,-2800,7790,255,94,0,63 target=805,-2881,3676,0,227,1,30
elapsed=8871 source=086A action=contract pose=5197,-2804,7630,255,94,0,63 target=823,-2881,3697,0,227,2,30
elapsed=8871 source=086A action=contract pose=5102,-2806,7544,255,94,0,63 target=823,-2881,3697,0,227,2,30
elapsed=8871 source=086A action=contract pose=5007,-2808,7458,255,94,0,63 target=823,-2881,3697,0,227,2,30
elapsed=8871 source=086A action=face-immediate pose=4912,-2810,7372,255,94,0,63 target=823,-2881,3697,0,227,2,30
elapsed=8871 source=086A action=advance-homing pose=4912,-2810,7372,255,94,0,63 target=823,-2881,3697,0,227,2,30
elapsed=8875 source=086A action=contract pose=4732,-2814,7212,255,94,0,63 target=841,-2881,3718,0,227,2,30
elapsed=8875 source=086A action=contract pose=4637,-2816,7126,255,94,0,63 target=841,-2881,3718,0,227,2,30
elapsed=8875 source=086A action=contract pose=4542,-2818,7040,255,94,0,63 target=841,-2881,3718,0,227,2,30
elapsed=8875 source=086A action=face-immediate pose=4447,-2820,6954,255,94,0,63 target=841,-2881,3718,0,227,2,30
elapsed=8875 source=086A action=advance-homing pose=4447,-2820,6954,255,94,0,63 target=841,-2881,3718,0,227,2,30
elapsed=8879 source=086A action=contract pose=4267,-2824,6794,255,94,0,63 target=859,-2881,3739,0,227,3,30
elapsed=8879 source=086A action=contract pose=4172,-2826,6709,255,94,0,63 target=859,-2881,3739,0,227,3,30
elapsed=8879 source=086A action=contract pose=4077,-2828,6624,255,94,0,63 target=859,-2881,3739,0,227,3,30
elapsed=8879 source=086A action=face-immediate pose=3982,-2830,6539,255,94,0,63 target=859,-2881,3739,0,227,3,30
elapsed=8880 source=086A action=advance-homing pose=3982,-2830,6539,255,94,0,63 target=859,-2881,3739,0,227,3,30
elapsed=8884 source=086A action=contract pose=3802,-2834,6379,255,94,0,63 target=877,-2881,3760,0,227,3,30
elapsed=8884 source=086A action=contract pose=3707,-2836,6294,255,94,0,63 target=877,-2881,3760,0,227,3,30
elapsed=8884 source=086A action=contract pose=3612,-2838,6208,255,94,0,63 target=877,-2881,3760,0,227,3,30
elapsed=8884 source=086A action=face-immediate pose=3517,-2840,6123,255,94,0,63 target=877,-2881,3760,0,227,3,30
elapsed=8884 source=086A action=advance-homing pose=3517,-2840,6123,255,94,0,63 target=877,-2881,3760,0,227,3,30
elapsed=8888 source=086A action=contract pose=3337,-2844,5963,255,94,0,63 target=895,-2881,3781,0,227,4,30
elapsed=8888 source=086A action=contract pose=3242,-2846,5878,255,94,0,63 target=895,-2881,3781,0,227,4,30
elapsed=8888 source=086A action=contract pose=3147,-2848,5793,255,94,0,63 target=895,-2881,3781,0,227,4,30
elapsed=8888 source=086A action=face-immediate pose=3052,-2850,5708,255,94,0,63 target=895,-2881,3781,0,227,4,30
elapsed=8888 source=086A action=advance-homing pose=3052,-2850,5708,255,94,0,63 target=895,-2881,3781,0,227,4,30
elapsed=8892 source=086A action=contract pose=2872,-2854,5548,255,94,0,63 target=913,-2881,3802,0,227,4,30
elapsed=8892 source=086A action=contract pose=2777,-2856,5463,255,94,0,63 target=913,-2881,3802,0,227,4,30
elapsed=8892 source=086A action=contract pose=2682,-2858,5378,255,94,0,63 target=913,-2881,3802,0,227,4,30
elapsed=8892 source=086A action=face-immediate pose=2587,-2860,5293,255,94,0,63 target=913,-2881,3802,0,227,4,30
elapsed=8893 source=086A action=advance-homing pose=2587,-2860,5293,255,94,0,63 target=913,-2881,3802,0,227,4,30
elapsed=8897 source=086A action=contract pose=2407,-2864,5133,255,94,0,63 target=931,-2881,3823,0,227,4,30
elapsed=8897 source=086A action=contract pose=2311,-2866,5048,255,94,0,63 target=931,-2881,3823,0,227,4,30
elapsed=8897 source=086A action=contract pose=2215,-2868,4963,255,94,0,63 target=931,-2881,3823,0,227,4,30
elapsed=8897 source=086A action=face-immediate pose=2119,-2869,4878,255,94,0,63 target=931,-2881,3823,0,227,4,30
elapsed=8897 source=086A action=advance-homing pose=2119,-2869,4878,255,94,0,63 target=931,-2881,3823,0,227,4,30
elapsed=8901 source=086A action=contract pose=1939,-2873,4718,255,94,0,63 target=949,-2881,3844,0,227,4,30
elapsed=8901 source=086A action=contract pose=1843,-2874,4633,255,94,0,63 target=949,-2881,3844,0,227,4,30
elapsed=8901 source=086A action=contract pose=1747,-2875,4548,255,94,0,63 target=949,-2881,3844,0,227,4,30
elapsed=8901 source=086A action=face-immediate pose=1651,-2876,4463,255,94,0,63 target=949,-2881,3844,0,227,4,30
elapsed=8901 source=086A action=advance-homing pose=1651,-2876,4463,255,94,0,63 target=949,-2881,3844,0,227,4,30
elapsed=8905 source=086A action=face-immediate pose=1471,-2880,4303,255,94,0,63 target=967,-2881,3865,0,227,3,30
elapsed=8905 source=086A action=set-cruise-speed pose=1471,-2880,4303,0,94,0,63 target=967,-2881,3865,0,227,3,30
elapsed=8906 source=086A action=advance-aim pose=1471,-2880,4303,0,94,0,63 target=967,-2881,3865,0,227,3,30
elapsed=8910 source=086A action=advance-aim pose=1291,-2880,4143,0,94,0,63 target=985,-2881,3886,0,227,3,30
elapsed=8910 source=086A action=face-smooth pose=1111,-2880,3983,0,94,0,63 target=985,-2881,3886,0,227,3,30
elapsed=8914 source=086A action=advance-aim pose=1111,-2880,3983,255,93,0,63 target=1003,-2881,3907,0,227,2,30
elapsed=8919 source=086A action=advance-cruise pose=927,-2884,3827,255,93,0,63 target=1021,-2881,3928,0,227,32,30
elapsed=8927 source=082B action=set-cruise-speed pose=4408,178,8856,229,104,0,30 target=1057,-2881,3970,0,227,24,30
elapsed=8927 source=082B action=contract pose=4408,178,8856,229,104,0,63 target=1057,-2881,3970,0,227,24,30
elapsed=8927 source=082B action=contract pose=4343,119,8762,229,104,0,63 target=1057,-2881,3970,0,227,24,30
elapsed=8927 source=082B action=contract pose=4279,60,8668,229,104,0,63 target=1057,-2881,3970,0,227,24,30
elapsed=8927 source=082B action=face-immediate pose=4214,1,8574,229,104,0,63 target=1057,-2881,3970,0,227,24,30
elapsed=8928 source=082B action=advance-homing pose=4214,1,8574,229,104,0,63 target=1057,-2881,3970,0,227,24,30
elapsed=8932 source=082B action=contract pose=4110,-151,8418,229,104,0,63 target=1075,-2881,3991,0,227,20,30
elapsed=8932 source=082B action=contract pose=4045,-209,8324,229,104,0,63 target=1075,-2881,3991,0,227,20,30
elapsed=8932 source=082B action=contract pose=3980,-267,8230,229,104,0,63 target=1075,-2881,3991,0,227,20,30
elapsed=8932 source=082B action=face-immediate pose=3915,-325,8136,229,104,0,63 target=1075,-2881,3991,0,227,20,30
elapsed=8932 source=082B action=advance-homing pose=3915,-325,8136,229,104,0,63 target=1075,-2881,3991,0,227,20,30
elapsed=8936 source=082B action=contract pose=3811,-477,7980,229,104,0,63 target=1093,-2881,4012,0,227,17,30
elapsed=8936 source=082B action=contract pose=3746,-534,7885,229,104,0,63 target=1093,-2881,4012,0,227,17,30
elapsed=8936 source=082B action=contract pose=3681,-592,7791,229,104,0,63 target=1093,-2881,4012,0,227,17,30
elapsed=8936 source=082B action=face-immediate pose=3616,-650,7697,229,104,0,63 target=1093,-2881,4012,0,227,17,30
elapsed=8936 source=082B action=advance-homing pose=3616,-650,7697,230,104,0,63 target=1093,-2881,4012,0,227,17,30
elapsed=8940 source=082B action=contract pose=3508,-794,7537,230,104,0,63 target=1111,-2881,4033,0,227,15,30
elapsed=8940 source=082B action=contract pose=3443,-851,7442,230,104,0,63 target=1111,-2881,4033,0,227,15,30
elapsed=8940 source=082B action=contract pose=3378,-908,7347,230,104,0,63 target=1111,-2881,4033,0,227,15,30
elapsed=8940 source=082B action=face-immediate pose=3313,-965,7252,230,104,0,63 target=1111,-2881,4033,0,227,15,30
elapsed=8940 source=082B action=advance-homing pose=3313,-965,7252,230,104,0,63 target=1111,-2881,4033,0,227,15,30
elapsed=8944 source=082B action=contract pose=3205,-1109,7092,230,104,0,63 target=1129,-2881,4054,0,227,12,30
elapsed=8944 source=082B action=contract pose=3140,-1165,6997,230,104,0,63 target=1129,-2881,4054,0,227,12,30
elapsed=8944 source=082B action=contract pose=3075,-1221,6902,230,104,0,63 target=1129,-2881,4054,0,227,12,30
elapsed=8944 source=082B action=face-immediate pose=3010,-1277,6807,230,104,0,63 target=1129,-2881,4054,0,227,12,30
elapsed=8944 source=082B action=advance-homing pose=3010,-1277,6807,230,104,0,63 target=1129,-2881,4054,0,227,12,30
elapsed=8948 source=082B action=contract pose=2902,-1421,6647,230,104,0,63 target=1147,-2881,4075,0,227,11,30
elapsed=8948 source=082B action=contract pose=2837,-1476,6551,230,104,0,63 target=1147,-2881,4075,0,227,11,30
elapsed=8948 source=082B action=contract pose=2772,-1531,6455,230,104,0,63 target=1147,-2881,4075,0,227,11,30
elapsed=8948 source=082B action=face-immediate pose=2707,-1585,6359,230,104,0,63 target=1147,-2881,4075,0,227,11,30
elapsed=8948 source=082B action=advance-homing pose=2707,-1585,6359,231,104,0,63 target=1147,-2881,4075,0,227,11,30
elapsed=8952 source=082B action=contract pose=2599,-1725,6195,231,104,0,63 target=1165,-2881,4096,0,227,9,30
elapsed=8952 source=082B action=contract pose=2533,-1778,6099,231,104,0,63 target=1165,-2881,4096,0,227,9,30
elapsed=8952 source=082B action=contract pose=2467,-1831,6003,231,104,0,63 target=1165,-2881,4096,0,227,9,30
elapsed=8952 source=082B action=face-immediate pose=2401,-1884,5907,231,104,0,63 target=1165,-2881,4096,0,227,9,30
elapsed=8952 source=082B action=advance-homing pose=2401,-1884,5907,231,104,0,63 target=1165,-2881,4096,0,227,9,30
elapsed=8956 source=082B action=contract pose=2293,-2024,5743,231,104,0,63 target=1183,-2881,4117,0,227,8,30
elapsed=8956 source=082B action=contract pose=2227,-2075,5646,231,104,0,63 target=1183,-2881,4117,0,227,8,30
elapsed=8956 source=082B action=contract pose=2161,-2126,5549,231,104,0,63 target=1183,-2881,4117,0,227,8,30
elapsed=8956 source=082B action=face-immediate pose=2095,-2177,5452,231,104,0,63 target=1183,-2881,4117,0,227,8,30
elapsed=8956 source=082B action=advance-homing pose=2095,-2177,5452,232,104,0,63 target=1183,-2881,4117,0,227,8,30
elapsed=8960 source=082B action=contract pose=1987,-2313,5288,232,104,0,63 target=1201,-2881,4138,0,227,7,30
elapsed=8960 source=082B action=contract pose=1920,-2362,5190,232,104,0,63 target=1201,-2881,4138,0,227,7,30
elapsed=8960 source=082B action=contract pose=1853,-2410,5092,232,104,0,63 target=1201,-2881,4138,0,227,7,30
elapsed=8960 source=082B action=face-immediate pose=1786,-2458,4994,232,104,0,63 target=1201,-2881,4138,0,227,7,30
elapsed=8960 source=082B action=advance-homing pose=1786,-2458,4994,233,104,0,63 target=1201,-2881,4138,0,227,7,30
elapsed=8963 source=082B action=face-immediate pose=1674,-2586,4826,233,104,0,63 target=1219,-2881,4159,0,227,6,30
elapsed=8964 source=082B action=set-cruise-speed pose=1674,-2586,4826,235,104,0,63 target=1219,-2881,4159,0,227,6,30
elapsed=8964 source=082B action=advance-aim pose=1674,-2586,4826,235,104,0,63 target=1219,-2881,4159,0,227,6,30
elapsed=8967 source=082B action=advance-aim pose=1558,-2706,4654,235,104,0,63 target=1237,-2881,4180,0,227,6,30
elapsed=8967 source=082B action=face-smooth pose=1442,-2826,4482,235,104,0,63 target=1237,-2881,4180,0,227,6,30
elapsed=8971 source=082B action=advance-aim pose=1442,-2826,4482,238,104,0,63 target=1255,-2881,4201,0,227,5,30
elapsed=8975 source=082B action=advance-aim pose=1322,-2930,4302,238,104,0,63 target=1273,-2881,4222,0,227,5,30
elapsed=8980 source=082B action=advance-cruise pose=1202,-3034,4122,238,104,0,63 target=1291,-2881,4243,0,227,4,30
elapsed=8983 source=082B action=advance-cruise pose=1082,-3138,3942,238,104,0,63 target=1309,-2881,4264,0,227,4,30
elapsed=8987 source=082B action=advance-cruise pose=962,-3242,3762,238,104,0,63 target=1327,-2881,4285,0,227,4,30
elapsed=8992 source=06B1 action=set-cruise-speed pose=2020,2638,8128,208,121,0,30 target=1345,-2881,4306,0,227,4,30
elapsed=8992 source=06B1 action=contract pose=2020,2638,8128,208,121,0,63 target=1345,-2881,4306,0,227,4,30
elapsed=8992 source=06B1 action=contract pose=2007,2533,8055,208,121,0,63 target=1345,-2881,4306,0,227,4,30
elapsed=8992 source=06B1 action=contract pose=1994,2428,7982,208,121,0,63 target=1345,-2881,4306,0,227,4,30
elapsed=8992 source=06B1 action=face-immediate pose=1981,2323,7909,208,121,0,63 target=1345,-2881,4306,0,227,4,30
elapsed=8992 source=06B1 action=advance-homing pose=1981,2323,7909,208,121,0,63 target=1345,-2881,4306,0,227,4,30
elapsed=8992 source=082B action=advance-cruise pose=842,-3346,3582,238,104,0,63 target=1345,-2881,4306,0,227,4,30
elapsed=8996 source=06B1 action=contract pose=1969,2095,7821,208,121,0,63 target=1363,-2881,4327,0,227,4,30
elapsed=8996 source=06B1 action=contract pose=1956,1991,7748,208,121,0,63 target=1363,-2881,4327,0,227,4,30
elapsed=8996 source=06B1 action=contract pose=1943,1887,7675,208,121,0,63 target=1363,-2881,4327,0,227,4,30
elapsed=8996 source=06B1 action=face-immediate pose=1930,1783,7602,208,121,0,63 target=1363,-2881,4327,0,227,4,30
elapsed=8996 source=06B1 action=advance-homing pose=1930,1783,7602,208,122,0,63 target=1363,-2881,4327,0,227,4,30
elapsed=8996 source=082B action=advance-cruise pose=722,-3450,3402,238,104,0,63 target=1363,-2881,4327,0,227,4,30
elapsed=9000 source=06B1 action=contract pose=1918,1555,7514,208,122,0,63 target=1381,-2881,4348,0,227,3,30
elapsed=9000 source=06B1 action=contract pose=1905,1451,7440,208,122,0,63 target=1381,-2881,4348,0,227,3,30
elapsed=9000 source=06B1 action=contract pose=1892,1347,7366,208,122,0,63 target=1381,-2881,4348,0,227,3,30
elapsed=9000 source=06B1 action=face-immediate pose=1879,1243,7292,208,122,0,63 target=1381,-2881,4348,0,227,3,30
elapsed=9000 source=06B1 action=advance-homing pose=1879,1243,7292,209,122,0,63 target=1381,-2881,4348,0,227,3,30
elapsed=9000 source=082B action=advance-cruise pose=602,-3554,3222,238,104,0,63 target=1381,-2881,4348,0,227,3,30
elapsed=9004 source=06B1 action=contract pose=1867,1015,7196,209,122,0,63 target=1399,-2881,4369,0,227,3,30
elapsed=9004 source=06B1 action=contract pose=1854,912,7121,209,122,0,63 target=1399,-2881,4369,0,227,3,30
elapsed=9004 source=06B1 action=contract pose=1841,809,7046,209,122,0,63 target=1399,-2881,4369,0,227,3,30
elapsed=9004 source=06B1 action=face-immediate pose=1828,706,6971,209,122,0,63 target=1399,-2881,4369,0,227,3,30
elapsed=9004 source=06B1 action=advance-homing pose=1828,706,6971,209,122,0,63 target=1399,-2881,4369,0,227,3,30
elapsed=9004 source=082B action=advance-cruise pose=482,-3658,3042,238,104,0,63 target=1399,-2881,4369,0,227,3,30
elapsed=9008 source=06B1 action=contract pose=1816,478,6875,209,122,0,63 target=1417,-2881,4390,0,227,3,30
elapsed=9008 source=06B1 action=contract pose=1803,376,6799,209,122,0,63 target=1417,-2881,4390,0,227,3,30
elapsed=9008 source=06B1 action=contract pose=1790,274,6723,209,122,0,63 target=1417,-2881,4390,0,227,3,30
elapsed=9008 source=06B1 action=face-immediate pose=1777,172,6647,209,122,0,63 target=1417,-2881,4390,0,227,3,30
elapsed=9008 source=06B1 action=advance-homing pose=1777,172,6647,209,122,0,63 target=1417,-2881,4390,0,227,3,30
elapsed=9009 source=082B action=advance-cruise pose=362,-3762,2862,238,104,0,63 target=1417,-2881,4390,0,227,3,30
elapsed=9012 source=06B1 action=contract pose=1765,-56,6551,209,122,0,63 target=1435,-2881,4411,0,227,4,30
elapsed=9012 source=06B1 action=contract pose=1753,-158,6474,209,122,0,63 target=1435,-2881,4411,0,227,4,30
elapsed=9012 source=06B1 action=contract pose=1741,-260,6397,209,122,0,63 target=1435,-2881,4411,0,227,4,30
elapsed=9013 source=06B1 action=face-immediate pose=1729,-361,6320,209,122,0,63 target=1435,-2881,4411,0,227,4,30
elapsed=9013 source=06B1 action=advance-homing pose=1729,-361,6320,209,122,0,63 target=1435,-2881,4411,0,227,4,30
elapsed=9013 source=082B action=advance-cruise pose=242,-3866,2682,238,104,0,63 target=1435,-2881,4411,0,227,4,30
elapsed=9016 source=06B1 action=contract pose=1717,-589,6224,209,122,0,63 target=1453,-2881,4432,0,227,4,30
elapsed=9016 source=06B1 action=contract pose=1705,-689,6145,209,122,0,63 target=1453,-2881,4432,0,227,4,30
elapsed=9017 source=06B1 action=contract pose=1693,-789,6066,209,122,0,63 target=1453,-2881,4432,0,227,4,30
elapsed=9017 source=06B1 action=face-immediate pose=1681,-889,5987,209,122,0,63 target=1453,-2881,4432,0,227,4,30
elapsed=9017 source=06B1 action=advance-homing pose=1681,-889,5987,210,123,0,63 target=1453,-2881,4432,0,227,4,30
elapsed=9017 source=082B action=advance-cruise pose=122,-3970,2502,238,104,0,63 target=1453,-2881,4432,0,227,4,30
elapsed=9021 source=06B1 action=contract pose=1673,-1113,5883,210,123,0,63 target=1471,-2881,4453,0,227,4,30
elapsed=9021 source=06B1 action=contract pose=1661,-1212,5803,210,123,0,63 target=1471,-2881,4453,0,227,4,30
elapsed=9021 source=06B1 action=contract pose=1649,-1311,5723,210,123,0,63 target=1471,-2881,4453,0,227,4,30
elapsed=9021 source=06B1 action=face-immediate pose=1637,-1410,5643,210,123,0,63 target=1471,-2881,4453,0,227,4,30
elapsed=9021 source=06B1 action=advance-homing pose=1637,-1410,5643,210,123,0,63 target=1471,-2881,4453,0,227,4,30
elapsed=9021 source=082B action=advance-cruise pose=2,-4074,2322,238,104,0,63 target=1471,-2881,4453,0,227,4,30
elapsed=9025 source=06B1 action=contract pose=1629,-1634,5539,210,123,0,63 target=1489,-2881,4474,0,227,4,30
elapsed=9025 source=06B1 action=contract pose=1618,-1731,5456,210,123,0,63 target=1489,-2881,4474,0,227,4,30
elapsed=9025 source=06B1 action=contract pose=1607,-1828,5373,210,123,0,63 target=1489,-2881,4474,0,227,4,30
elapsed=9025 source=06B1 action=face-immediate pose=1596,-1925,5290,210,123,0,63 target=1489,-2881,4474,0,227,4,30
elapsed=9025 source=06B1 action=advance-homing pose=1596,-1925,5290,211,123,0,63 target=1489,-2881,4474,0,227,4,30
elapsed=9025 source=082B action=advance-cruise pose=-118,-4178,2142,238,104,0,63 target=1489,-2881,4474,0,227,4,30
elapsed=9029 source=06B1 action=face-immediate pose=1584,-2145,5182,211,123,0,63 target=1507,-2881,4495,0,227,3,30
elapsed=9029 source=06B1 action=set-cruise-speed pose=1584,-2145,5182,212,124,0,63 target=1507,-2881,4495,0,227,3,30
elapsed=9029 source=06B1 action=advance-aim pose=1584,-2145,5182,212,124,0,63 target=1507,-2881,4495,0,227,3,30
elapsed=9029 source=082B action=advance-cruise pose=-238,-4282,1962,238,104,0,63 target=1507,-2881,4495,0,227,3,30
elapsed=9033 source=06B1 action=advance-aim pose=1576,-2365,5070,212,124,0,63 target=1525,-2881,4516,0,227,3,30
elapsed=9033 source=06B1 action=face-smooth pose=1568,-2585,4958,212,124,0,63 target=1525,-2881,4516,0,227,3,30
elapsed=9033 source=082B action=advance-cruise pose=-358,-4386,1782,238,104,0,63 target=1525,-2881,4516,0,227,3,30
elapsed=9037 source=06B1 action=advance-aim pose=1568,-2585,4958,214,125,0,63 target=1543,-2881,4537,0,227,2,30
elapsed=9037 source=082B action=advance-cruise pose=-478,-4490,1602,238,104,0,63 target=1543,-2881,4537,0,227,2,30
elapsed=9041 source=06B1 action=advance-aim pose=1560,-2797,4834,214,125,0,63 target=1561,-2881,4558,0,227,2,30
elapsed=9041 source=06B1 action=face-smooth pose=1552,-3009,4710,214,125,0,63 target=1561,-2881,4558,0,227,2,30
elapsed=9045 source=06B1 action=advance-aim pose=1552,-3009,4710,234,126,0,63 target=1579,-2881,4579,0,227,1,30
elapsed=9049 source=06B1 action=advance-cruise pose=1548,-3133,4502,234,126,0,63 target=1597,-2881,4600,0,227,0,30
elapsed=9053 source=06B1 action=advance-cruise pose=1544,-3257,4294,234,126,0,63 target=1615,-2881,4621,0,227,255,30
elapsed=9057 source=082B action=set-cruise-speed pose=-1452,2047,7040,211,166,0,30 target=1633,-2881,4642,0,227,254,30
elapsed=9057 source=082B action=contract pose=-1452,2047,7040,211,166,0,63 target=1633,-2881,4642,0,227,254,30
elapsed=9057 source=082B action=contract pose=-1390,1947,6991,211,166,0,63 target=1633,-2881,4642,0,227,254,30
elapsed=9057 source=082B action=contract pose=-1328,1847,6942,211,166,0,63 target=1633,-2881,4642,0,227,254,30
elapsed=9057 source=082B action=face-immediate pose=-1266,1747,6893,211,166,0,63 target=1633,-2881,4642,0,227,254,30
elapsed=9057 source=082B action=advance-homing pose=-1266,1747,6893,211,166,0,63 target=1633,-2881,4642,0,227,254,30
elapsed=9058 source=06B1 action=advance-cruise pose=1540,-3381,4086,234,126,0,63 target=1633,-2881,4642,0,227,254,30
elapsed=9062 source=082B action=contract pose=-1178,1527,6829,211,166,0,63 target=1651,-2881,4663,0,227,254,30
elapsed=9062 source=082B action=contract pose=-1115,1427,6780,211,166,0,63 target=1651,-2881,4663,0,227,254,30
elapsed=9062 source=082B action=contract pose=-1052,1327,6731,211,166,0,63 target=1651,-2881,4663,0,227,254,30
elapsed=9062 source=082B action=face-immediate pose=-989,1228,6682,211,166,0,63 target=1651,-2881,4663,0,227,254,30
elapsed=9062 source=082B action=advance-homing pose=-989,1228,6682,212,166,0,63 target=1651,-2881,4663,0,227,254,30
elapsed=9062 source=06B1 action=advance-cruise pose=1536,-3505,3878,234,126,0,63 target=1651,-2881,4663,0,227,254,30
elapsed=9066 source=082B action=contract pose=-897,1008,6618,212,166,0,63 target=1669,-2881,4684,0,227,253,30
elapsed=9066 source=082B action=contract pose=-833,909,6569,212,166,0,63 target=1669,-2881,4684,0,227,253,30
elapsed=9066 source=082B action=contract pose=-769,810,6520,212,166,0,63 target=1669,-2881,4684,0,227,253,30
elapsed=9066 source=082B action=face-immediate pose=-705,711,6471,212,166,0,63 target=1669,-2881,4684,0,227,253,30
elapsed=9066 source=082B action=advance-homing pose=-705,711,6471,212,166,0,63 target=1669,-2881,4684,0,227,253,30
elapsed=9066 source=06B1 action=advance-cruise pose=1532,-3629,3670,234,126,0,63 target=1669,-2881,4684,0,227,253,30
elapsed=9070 source=082B action=contract pose=-613,491,6407,212,166,0,63 target=1687,-2881,4705,0,227,253,30
elapsed=9070 source=082B action=contract pose=-547,393,6357,212,166,0,63 target=1687,-2881,4705,0,227,253,30
elapsed=9070 source=082B action=contract pose=-481,296,6308,212,166,0,63 target=1687,-2881,4705,0,227,253,30
elapsed=9070 source=082B action=face-immediate pose=-415,198,6258,212,166,0,63 target=1687,-2881,4705,0,227,253,30
elapsed=9070 source=082B action=advance-homing pose=-415,198,6258,213,167,0,63 target=1687,-2881,4705,0,227,253,30
elapsed=9070 source=06B1 action=advance-cruise pose=1528,-3753,3462,234,126,0,63 target=1687,-2881,4705,0,227,253,30
elapsed=9074 source=082B action=contract pose=-319,-18,6194,213,167,0,63 target=1705,-2881,4726,0,227,252,30
elapsed=9074 source=082B action=contract pose=-252,-114,6144,213,167,0,63 target=1705,-2881,4726,0,227,252,30
elapsed=9074 source=082B action=contract pose=-185,-210,6094,213,167,0,63 target=1705,-2881,4726,0,227,252,30
elapsed=9074 source=082B action=face-immediate pose=-118,-306,6044,213,167,0,63 target=1705,-2881,4726,0,227,252,30
elapsed=9074 source=082B action=advance-homing pose=-118,-306,6044,213,167,0,63 target=1705,-2881,4726,0,227,252,30
elapsed=9074 source=06B1 action=advance-cruise pose=1524,-3877,3254,234,126,0,63 target=1705,-2881,4726,0,227,252,30
elapsed=9078 source=082B action=contract pose=-22,-522,5980,213,167,0,63 target=1723,-2881,4747,0,227,252,30
elapsed=9078 source=082B action=contract pose=47,-617,5930,213,167,0,63 target=1723,-2881,4747,0,227,252,30
elapsed=9078 source=082B action=contract pose=116,-712,5880,213,167,0,63 target=1723,-2881,4747,0,227,252,30
elapsed=9078 source=082B action=face-immediate pose=185,-807,5830,213,167,0,63 target=1723,-2881,4747,0,227,252,30
elapsed=9079 source=082B action=advance-homing pose=185,-807,5830,214,168,0,63 target=1723,-2881,4747,0,227,252,30
elapsed=9079 source=06B1 action=advance-cruise pose=1520,-4001,3046,234,126,0,63 target=1723,-2881,4747,0,227,252,30
elapsed=9083 source=082B action=contract pose=285,-1019,5762,214,168,0,63 target=1741,-2881,4768,0,227,252,30
elapsed=9083 source=082B action=contract pose=357,-1112,5712,214,168,0,63 target=1741,-2881,4768,0,227,252,30
elapsed=9083 source=082B action=contract pose=429,-1205,5662,214,168,0,63 target=1741,-2881,4768,0,227,252,30
elapsed=9083 source=082B action=face-immediate pose=501,-1298,5612,214,168,0,63 target=1741,-2881,4768,0,227,252,30
elapsed=9083 source=082B action=advance-homing pose=501,-1298,5612,215,168,0,63 target=1741,-2881,4768,0,227,252,30
elapsed=9083 source=06B1 action=advance-cruise pose=1516,-4125,2838,234,126,0,63 target=1741,-2881,4768,0,227,252,30
elapsed=9087 source=082B action=contract pose=605,-1506,5544,215,168,0,63 target=1759,-2881,4789,0,227,252,30
elapsed=9087 source=082B action=contract pose=680,-1596,5494,215,168,0,63 target=1759,-2881,4789,0,227,252,30
elapsed=9087 source=082B action=contract pose=755,-1686,5444,215,168,0,63 target=1759,-2881,4789,0,227,252,30
elapsed=9087 source=082B action=face-immediate pose=830,-1776,5394,215,168,0,63 target=1759,-2881,4789,0,227,252,30
elapsed=9087 source=082B action=advance-homing pose=830,-1776,5394,216,169,0,63 target=1759,-2881,4789,0,227,252,30
elapsed=9087 source=06B1 action=advance-cruise pose=1512,-4249,2630,234,126,0,63 target=1759,-2881,4789,0,227,252,30
elapsed=9091 source=082B action=face-immediate pose=942,-1980,5326,216,169,0,63 target=1777,-2881,4810,0,227,253,30
elapsed=9091 source=082B action=set-cruise-speed pose=942,-1980,5326,217,170,0,63 target=1777,-2881,4810,0,227,253,30
elapsed=9091 source=082B action=advance-aim pose=942,-1980,5326,217,170,0,63 target=1777,-2881,4810,0,227,253,30
elapsed=9091 source=082B action=face-smooth pose=1062,-2180,5258,217,170,0,63 target=1777,-2881,4810,0,227,253,30
elapsed=9091 source=06B1 action=advance-cruise pose=1508,-4373,2422,234,126,0,63 target=1777,-2881,4810,0,227,253,30
elapsed=9095 source=082B action=advance-aim pose=1062,-2180,5258,218,170,0,63 target=1795,-2881,4831,0,227,253,30
elapsed=9096 source=06B1 action=advance-cruise pose=1504,-4497,2214,234,126,0,63 target=1795,-2881,4831,0,227,253,30
elapsed=9100 source=082B action=advance-aim pose=1186,-2380,5186,218,170,0,63 target=1813,-2881,4852,0,227,254,30
elapsed=9100 source=082B action=face-smooth pose=1310,-2580,5114,218,170,0,63 target=1813,-2881,4852,0,227,254,30
elapsed=9100 source=06B1 action=advance-cruise pose=1500,-4621,2006,234,126,0,63 target=1813,-2881,4852,0,227,254,30
elapsed=9104 source=082B action=advance-aim pose=1310,-2580,5114,220,171,0,63 target=1831,-2881,4873,0,227,254,30
elapsed=9104 source=06B1 action=advance-cruise pose=1496,-4745,1798,234,126,0,63 target=1831,-2881,4873,0,227,254,30
elapsed=9108 source=082B action=advance-aim pose=1442,-2772,5042,220,171,0,63 target=1849,-2881,4894,0,227,255,30
elapsed=9108 source=082B action=face-smooth pose=1574,-2964,4970,220,171,0,63 target=1849,-2881,4894,0,227,255,30
elapsed=9108 source=06B1 action=advance-cruise pose=1492,-4869,1590,234,126,0,63 target=1849,-2881,4894,0,227,255,30
elapsed=9112 source=082B action=advance-aim pose=1574,-2964,4970,233,173,0,63 target=1867,-2881,4915,0,227,0,30
elapsed=9116 source=082B action=advance-cruise pose=1754,-3092,4878,233,173,0,63 target=1885,-2881,4936,0,227,1,30
elapsed=9120 source=082B action=advance-cruise pose=1934,-3220,4786,233,173,0,63 target=1903,-2881,4957,0,227,2,30
elapsed=9124 source=082B action=advance-cruise pose=2114,-3348,4694,233,173,0,63 target=1921,-2881,4978,0,227,2,30
elapsed=9128 source=082B action=advance-cruise pose=2294,-3476,4602,233,173,0,63 target=1939,-2881,4999,0,227,3,30
elapsed=9132 source=082B action=advance-cruise pose=2474,-3604,4510,233,173,0,63 target=1957,-2881,5020,0,227,3,30
elapsed=9136 source=082B action=advance-cruise pose=2654,-3732,4418,233,173,0,63 target=1975,-2881,5041,0,227,4,30
elapsed=9140 source=082B action=advance-cruise pose=2834,-3860,4326,233,173,0,63 target=1993,-2881,5062,0,227,4,30
elapsed=9144 source=082B action=advance-cruise pose=3014,-3988,4234,233,173,0,63 target=2011,-2881,5083,0,227,4,30
elapsed=9147 source=082B action=advance-cruise pose=3194,-4116,4142,233,173,0,63 target=2029,-2881,5104,0,227,4,30
elapsed=9151 source=082B action=advance-cruise pose=3374,-4244,4050,233,173,0,63 target=2047,-2881,5125,0,227,3,30
elapsed=9155 source=082B action=advance-cruise pose=3554,-4372,3958,233,173,0,63 target=2065,-2881,5146,0,227,3,30
elapsed=9159 source=082B action=advance-cruise pose=3734,-4500,3866,233,173,0,63 target=2083,-2881,5167,0,227,2,30
elapsed=9163 source=082B action=advance-cruise pose=3914,-4628,3774,233,173,0,63 target=2101,-2881,5188,0,227,2,30
elapsed=9167 source=082B action=advance-cruise pose=4094,-4756,3682,233,173,0,63 target=2119,-2881,5209,0,227,1,30
elapsed=9171 source=082B action=advance-cruise pose=4274,-4884,3590,233,173,0,63 target=2137,-2881,5230,0,227,0,30
elapsed=9413 source=0966 action=set-cruise-speed pose=-5800,-817,12452,244,170,0,30 target=3361,-2881,6658,0,227,252,30
elapsed=9413 source=0966 action=contract pose=-5800,-817,12452,244,170,0,63 target=3361,-2881,6658,0,227,252,30
elapsed=9413 source=0966 action=contract pose=-5695,-841,12384,244,170,0,63 target=3361,-2881,6658,0,227,252,30
elapsed=9413 source=0966 action=contract pose=-5590,-866,12316,244,170,0,63 target=3361,-2881,6658,0,227,252,30
elapsed=9413 source=0966 action=face-immediate pose=-5485,-890,12248,244,170,0,63 target=3361,-2881,6658,0,227,252,30
elapsed=9413 source=0966 action=advance-homing pose=-5485,-890,12248,244,170,0,63 target=3361,-2881,6658,0,227,252,30
elapsed=9417 source=0966 action=contract pose=-5285,-958,12132,244,170,0,63 target=3379,-2881,6679,0,227,252,30
elapsed=9417 source=0966 action=contract pose=-5179,-982,12064,244,170,0,63 target=3379,-2881,6679,0,227,252,30
elapsed=9417 source=0966 action=contract pose=-5074,-1006,11997,244,170,0,63 target=3379,-2881,6679,0,227,252,30
elapsed=9417 source=0966 action=face-immediate pose=-4969,-1030,11930,244,170,0,63 target=3379,-2881,6679,0,227,252,30
elapsed=9417 source=0966 action=advance-homing pose=-4969,-1030,11930,245,170,0,63 target=3379,-2881,6679,0,227,252,30
elapsed=9420 source=0966 action=contract pose=-4769,-1094,11814,245,170,0,63 target=3397,-2881,6700,0,227,253,30
elapsed=9420 source=0966 action=contract pose=-4664,-1118,11747,245,170,0,63 target=3397,-2881,6700,0,227,253,30
elapsed=9420 source=0966 action=contract pose=-4559,-1142,11680,245,170,0,63 target=3397,-2881,6700,0,227,253,30
elapsed=9420 source=0966 action=face-immediate pose=-4453,-1166,11613,245,170,0,63 target=3397,-2881,6700,0,227,253,30
elapsed=9421 source=0966 action=advance-homing pose=-4453,-1166,11613,245,170,0,63 target=3397,-2881,6700,0,227,253,30
elapsed=9424 source=0966 action=contract pose=-4253,-1230,11497,245,170,0,63 target=3415,-2881,6721,0,227,253,30
elapsed=9424 source=0966 action=contract pose=-4147,-1254,11430,245,170,0,63 target=3415,-2881,6721,0,227,253,30
elapsed=9424 source=0966 action=contract pose=-4041,-1278,11363,245,170,0,63 target=3415,-2881,6721,0,227,253,30
elapsed=9424 source=0966 action=face-immediate pose=-3935,-1301,11296,245,170,0,63 target=3415,-2881,6721,0,227,253,30
elapsed=9424 source=0966 action=advance-homing pose=-3935,-1301,11296,245,170,0,63 target=3415,-2881,6721,0,227,253,30
elapsed=9428 source=0966 action=contract pose=-3735,-1365,11180,245,170,0,63 target=3433,-2881,6742,0,227,254,30
elapsed=9428 source=0966 action=contract pose=-3629,-1388,11113,245,170,0,63 target=3433,-2881,6742,0,227,254,30
elapsed=9428 source=0966 action=contract pose=-3523,-1411,11046,245,170,0,63 target=3433,-2881,6742,0,227,254,30
elapsed=9428 source=0966 action=face-immediate pose=-3417,-1434,10979,245,170,0,63 target=3433,-2881,6742,0,227,254,30
elapsed=9428 source=0966 action=advance-homing pose=-3417,-1434,10979,245,170,0,63 target=3433,-2881,6742,0,227,254,30
elapsed=9432 source=0966 action=contract pose=-3217,-1498,10863,245,170,0,63 target=3451,-2881,6763,0,227,254,30
elapsed=9432 source=0966 action=contract pose=-3111,-1521,10797,245,170,0,63 target=3451,-2881,6763,0,227,254,30
elapsed=9432 source=0966 action=contract pose=-3005,-1544,10731,245,170,0,63 target=3451,-2881,6763,0,227,254,30
elapsed=9432 source=0966 action=face-immediate pose=-2899,-1567,10664,245,170,0,63 target=3451,-2881,6763,0,227,254,30
elapsed=9432 source=0966 action=advance-homing pose=-2899,-1567,10664,245,170,0,63 target=3451,-2881,6763,0,227,254,30
elapsed=9435 source=0966 action=contract pose=-2699,-1631,10548,245,170,0,63 target=3469,-2881,6784,0,227,255,30
elapsed=9435 source=0966 action=contract pose=-2592,-1653,10482,245,170,0,63 target=3469,-2881,6784,0,227,255,30
elapsed=9435 source=0966 action=contract pose=-2485,-1675,10416,245,170,0,63 target=3469,-2881,6784,0,227,255,30
elapsed=9436 source=0966 action=face-immediate pose=-2378,-1697,10350,245,170,0,63 target=3469,-2881,6784,0,227,255,30
elapsed=9436 source=0966 action=advance-homing pose=-2378,-1697,10350,245,170,0,63 target=3469,-2881,6784,0,227,255,30
elapsed=9439 source=0966 action=contract pose=-2178,-1761,10234,245,170,0,63 target=3487,-2881,6805,0,227,0,30
elapsed=9439 source=0966 action=contract pose=-2071,-1783,10168,245,170,0,63 target=3487,-2881,6805,0,227,0,30
elapsed=9439 source=0966 action=contract pose=-1964,-1805,10102,245,170,0,63 target=3487,-2881,6805,0,227,0,30
elapsed=9439 source=0966 action=face-immediate pose=-1857,-1827,10037,245,170,0,63 target=3487,-2881,6805,0,227,0,30
elapsed=9439 source=0966 action=advance-homing pose=-1857,-1827,10037,246,170,0,63 target=3487,-2881,6805,0,227,0,30
elapsed=9443 source=0966 action=contract pose=-1657,-1883,9921,246,170,0,63 target=3505,-2881,6826,0,227,1,30
elapsed=9443 source=0966 action=contract pose=-1550,-1904,9856,246,170,0,63 target=3505,-2881,6826,0,227,1,30
elapsed=9443 source=0966 action=contract pose=-1443,-1925,9791,246,170,0,63 target=3505,-2881,6826,0,227,1,30
elapsed=9443 source=0966 action=face-immediate pose=-1336,-1946,9726,246,170,0,63 target=3505,-2881,6826,0,227,1,30
elapsed=9443 source=0966 action=advance-homing pose=-1336,-1946,9726,246,171,0,63 target=3505,-2881,6826,0,227,1,30
elapsed=9447 source=0966 action=contract pose=-1132,-2002,9614,246,171,0,63 target=3523,-2881,6847,0,227,2,30
elapsed=9447 source=0966 action=contract pose=-1025,-2023,9549,246,171,0,63 target=3523,-2881,6847,0,227,2,30
elapsed=9447 source=0966 action=contract pose=-918,-2044,9484,246,171,0,63 target=3523,-2881,6847,0,227,2,30
elapsed=9447 source=0966 action=face-immediate pose=-811,-2065,9419,246,171,0,63 target=3523,-2881,6847,0,227,2,30
elapsed=9447 source=0966 action=advance-homing pose=-811,-2065,9419,246,171,0,63 target=3523,-2881,6847,0,227,2,30
elapsed=9450 source=0966 action=contract pose=-607,-2121,9307,246,171,0,63 target=3541,-2881,6868,0,227,2,30
elapsed=9451 source=0966 action=contract pose=-499,-2141,9243,246,171,0,63 target=3541,-2881,6868,0,227,2,30
elapsed=9451 source=0966 action=contract pose=-391,-2161,9179,246,171,0,63 target=3541,-2881,6868,0,227,2,30
elapsed=9451 source=0966 action=face-immediate pose=-283,-2181,9115,246,171,0,63 target=3541,-2881,6868,0,227,2,30
elapsed=9451 source=0966 action=advance-homing pose=-283,-2181,9115,246,171,0,63 target=3541,-2881,6868,0,227,2,30
elapsed=9454 source=0966 action=contract pose=-79,-2237,9003,246,171,0,63 target=3559,-2881,6889,0,227,3,30
elapsed=9454 source=0966 action=contract pose=29,-2257,8939,246,171,0,63 target=3559,-2881,6889,0,227,3,30
elapsed=9454 source=0966 action=contract pose=137,-2277,8875,246,171,0,63 target=3559,-2881,6889,0,227,3,30
elapsed=9454 source=0966 action=face-immediate pose=245,-2297,8811,246,171,0,63 target=3559,-2881,6889,0,227,3,30
elapsed=9454 source=0966 action=advance-homing pose=245,-2297,8811,247,171,0,63 target=3559,-2881,6889,0,227,3,30
elapsed=9458 source=0966 action=contract pose=449,-2349,8699,247,171,0,63 target=3577,-2881,6910,0,227,3,30
elapsed=9458 source=0966 action=contract pose=558,-2368,8636,247,171,0,63 target=3577,-2881,6910,0,227,3,30
elapsed=9458 source=0966 action=contract pose=667,-2387,8573,247,171,0,63 target=3577,-2881,6910,0,227,3,30
elapsed=9458 source=0966 action=face-immediate pose=776,-2406,8510,247,171,0,63 target=3577,-2881,6910,0,227,3,30
elapsed=9458 source=0966 action=advance-homing pose=776,-2406,8510,247,171,0,63 target=3577,-2881,6910,0,227,3,30
elapsed=9462 source=0966 action=contract pose=980,-2458,8398,247,171,0,63 target=3595,-2881,6931,0,227,4,30
elapsed=9462 source=0966 action=contract pose=1089,-2476,8336,247,171,0,63 target=3595,-2881,6931,0,227,4,30
elapsed=9462 source=0966 action=contract pose=1198,-2494,8274,247,171,0,63 target=3595,-2881,6931,0,227,4,30
elapsed=9462 source=0966 action=face-immediate pose=1307,-2512,8212,247,171,0,63 target=3595,-2881,6931,0,227,4,30
elapsed=9462 source=0966 action=advance-homing pose=1307,-2512,8212,247,172,0,63 target=3595,-2881,6931,0,227,4,30
elapsed=9466 source=0966 action=contract pose=1515,-2564,8104,247,172,0,63 target=3613,-2881,6952,0,227,4,30
elapsed=9466 source=0966 action=contract pose=1625,-2581,8043,247,172,0,63 target=3613,-2881,6952,0,227,4,30
elapsed=9466 source=0966 action=contract pose=1735,-2598,7982,247,172,0,63 target=3613,-2881,6952,0,227,4,30
elapsed=9466 source=0966 action=face-immediate pose=1845,-2615,7921,247,172,0,63 target=3613,-2881,6952,0,227,4,30
elapsed=9466 source=0966 action=advance-homing pose=1845,-2615,7921,248,172,0,63 target=3613,-2881,6952,0,227,4,30
elapsed=9469 source=0966 action=contract pose=2057,-2659,7809,248,172,0,63 target=3631,-2881,6973,0,227,4,30
elapsed=9469 source=0966 action=contract pose=2168,-2675,7749,248,172,0,63 target=3631,-2881,6973,0,227,4,30
elapsed=9469 source=0966 action=contract pose=2279,-2691,7689,248,172,0,63 target=3631,-2881,6973,0,227,4,30
elapsed=9470 source=0966 action=face-immediate pose=2390,-2707,7629,248,172,0,63 target=3631,-2881,6973,0,227,4,30
elapsed=9470 source=0966 action=advance-homing pose=2390,-2707,7629,248,173,0,63 target=3631,-2881,6973,0,227,4,30
elapsed=9474 source=082B action=set-cruise-speed pose=-3804,2283,12468,227,167,0,30 target=3649,-2881,6994,0,227,4,30
elapsed=9474 source=082B action=contract pose=-3804,2283,12468,227,167,0,63 target=3649,-2881,6994,0,227,4,30
elapsed=9474 source=082B action=contract pose=-3715,2220,12401,227,167,0,63 target=3649,-2881,6994,0,227,4,30
elapsed=9474 source=082B action=contract pose=-3626,2157,12334,227,167,0,63 target=3649,-2881,6994,0,227,4,30
elapsed=9474 source=082B action=face-immediate pose=-3537,2094,12267,227,167,0,63 target=3649,-2881,6994,0,227,4,30
elapsed=9474 source=082B action=advance-homing pose=-3537,2094,12267,227,167,0,63 target=3649,-2881,6994,0,227,4,30
elapsed=9475 source=0966 action=contract pose=2602,-2751,7521,248,173,0,63 target=3649,-2881,6994,0,227,4,30
elapsed=9475 source=0966 action=contract pose=2714,-2766,7464,248,173,0,63 target=3649,-2881,6994,0,227,4,30
elapsed=9475 source=0966 action=contract pose=2826,-2780,7407,248,173,0,63 target=3649,-2881,6994,0,227,4,30
elapsed=9475 source=0966 action=face-immediate pose=2938,-2794,7350,248,173,0,63 target=3649,-2881,6994,0,227,4,30
elapsed=9475 source=0966 action=advance-homing pose=2938,-2794,7350,249,174,0,63 target=3649,-2881,6994,0,227,4,30
elapsed=9479 source=082B action=contract pose=-3389,1934,12163,227,167,0,63 target=3667,-2881,7015,0,227,3,30
elapsed=9479 source=082B action=contract pose=-3299,1872,12096,227,167,0,63 target=3667,-2881,7015,0,227,3,30
elapsed=9479 source=082B action=contract pose=-3209,1810,12029,227,167,0,63 target=3667,-2881,7015,0,227,3,30
elapsed=9479 source=082B action=face-immediate pose=-3119,1748,11963,227,167,0,63 target=3667,-2881,7015,0,227,3,30
elapsed=9479 source=082B action=advance-homing pose=-3119,1748,11963,228,167,0,63 target=3667,-2881,7015,0,227,3,30
elapsed=9479 source=0966 action=face-immediate pose=3154,-2834,7250,249,174,0,63 target=3667,-2881,7015,0,227,3,30
elapsed=9479 source=0966 action=set-cruise-speed pose=3154,-2834,7250,250,175,0,63 target=3667,-2881,7015,0,227,3,30
elapsed=9479 source=0966 action=advance-aim pose=3154,-2834,7250,250,175,0,63 target=3667,-2881,7015,0,227,3,30
elapsed=9483 source=082B action=contract pose=-2967,1592,11859,228,167,0,63 target=3685,-2881,7036,0,227,3,30
elapsed=9483 source=082B action=contract pose=-2877,1530,11793,228,167,0,63 target=3685,-2881,7036,0,227,3,30
elapsed=9483 source=082B action=contract pose=-2787,1469,11727,228,167,0,63 target=3685,-2881,7036,0,227,3,30
elapsed=9483 source=082B action=face-immediate pose=-2697,1408,11661,228,167,0,63 target=3685,-2881,7036,0,227,3,30
elapsed=9483 source=082B action=advance-homing pose=-2697,1408,11661,228,167,0,63 target=3685,-2881,7036,0,227,3,30
elapsed=9483 source=0966 action=advance-aim pose=3374,-2866,7154,250,175,0,63 target=3685,-2881,7036,0,227,3,30
elapsed=9483 source=0966 action=face-smooth pose=3594,-2898,7058,250,175,0,63 target=3685,-2881,7036,0,227,3,30
elapsed=9487 source=082B action=contract pose=-2545,1252,11557,228,167,0,63 target=3703,-2881,7057,0,227,2,30
elapsed=9487 source=082B action=contract pose=-2455,1191,11491,228,167,0,63 target=3703,-2881,7057,0,227,2,30
elapsed=9487 source=082B action=contract pose=-2365,1130,11425,228,167,0,63 target=3703,-2881,7057,0,227,2,30
elapsed=9487 source=082B action=face-immediate pose=-2275,1069,11359,228,167,0,63 target=3703,-2881,7057,0,227,2,30
elapsed=9487 source=082B action=advance-homing pose=-2275,1069,11359,228,167,0,63 target=3703,-2881,7057,0,227,2,30
elapsed=9487 source=0966 action=advance-aim pose=3594,-2898,7058,254,177,0,63 target=3703,-2881,7057,0,227,2,30
elapsed=9491 source=082B action=contract pose=-2123,913,11255,228,167,0,63 target=3721,-2881,7078,0,227,2,30
elapsed=9491 source=082B action=contract pose=-2032,853,11189,228,167,0,63 target=3721,-2881,7078,0,227,2,30
elapsed=9491 source=082B action=contract pose=-1941,793,11123,228,167,0,63 target=3721,-2881,7078,0,227,2,30
elapsed=9491 source=082B action=face-immediate pose=-1850,733,11057,228,167,0,63 target=3721,-2881,7078,0,227,2,30
elapsed=9491 source=082B action=advance-homing pose=-1850,733,11057,229,167,0,63 target=3721,-2881,7078,0,227,2,30
elapsed=9491 source=0966 action=advance-cruise pose=3822,-2906,6974,254,177,0,63 target=3721,-2881,7078,0,227,2,30
elapsed=9495 source=082B action=contract pose=-1694,581,10949,229,167,0,63 target=3739,-2881,7099,0,227,1,30
elapsed=9495 source=082B action=contract pose=-1602,522,10883,229,167,0,63 target=3739,-2881,7099,0,227,1,30
elapsed=9495 source=082B action=contract pose=-1510,463,10817,229,167,0,63 target=3739,-2881,7099,0,227,1,30
elapsed=9495 source=082B action=face-immediate pose=-1418,403,10751,229,167,0,63 target=3739,-2881,7099,0,227,1,30
elapsed=9495 source=082B action=advance-homing pose=-1418,403,10751,229,167,0,63 target=3739,-2881,7099,0,227,1,30
elapsed=9495 source=0966 action=advance-cruise pose=4050,-2914,6890,254,177,0,63 target=3739,-2881,7099,0,227,1,30
elapsed=9499 source=082B action=contract pose=-1262,251,10643,229,167,0,63 target=3757,-2881,7120,0,227,0,30
elapsed=9499 source=082B action=contract pose=-1170,192,10577,229,167,0,63 target=3757,-2881,7120,0,227,0,30
elapsed=9499 source=082B action=contract pose=-1078,133,10511,229,167,0,63 target=3757,-2881,7120,0,227,0,30
elapsed=9499 source=082B action=face-immediate pose=-986,74,10445,229,167,0,63 target=3757,-2881,7120,0,227,0,30
elapsed=9499 source=082B action=advance-homing pose=-986,74,10445,229,168,0,63 target=3757,-2881,7120,0,227,0,30
elapsed=9499 source=0966 action=advance-cruise pose=4278,-2922,6806,254,177,0,63 target=3757,-2881,7120,0,227,0,30
elapsed=9503 source=082B action=contract pose=-830,-78,10341,229,168,0,63 target=3775,-2881,7141,0,227,255,30
elapsed=9503 source=082B action=contract pose=-737,-136,10275,229,168,0,63 target=3775,-2881,7141,0,227,255,30
elapsed=9503 source=082B action=contract pose=-644,-193,10210,229,168,0,63 target=3775,-2881,7141,0,227,255,30
elapsed=9503 source=082B action=face-immediate pose=-551,-251,10144,229,168,0,63 target=3775,-2881,7141,0,227,255,30
elapsed=9503 source=082B action=advance-homing pose=-551,-251,10144,230,168,0,63 target=3775,-2881,7141,0,227,255,30
elapsed=9503 source=0966 action=advance-cruise pose=4506,-2930,6722,254,177,0,63 target=3775,-2881,7141,0,227,255,30
elapsed=9507 source=082B action=contract pose=-391,-395,10036,230,168,0,63 target=3793,-2881,7162,0,227,254,30
elapsed=9507 source=082B action=contract pose=-297,-451,9971,230,168,0,63 target=3793,-2881,7162,0,227,254,30
elapsed=9507 source=082B action=contract pose=-203,-508,9906,230,168,0,63 target=3793,-2881,7162,0,227,254,30
elapsed=9507 source=082B action=face-immediate pose=-109,-564,9841,230,168,0,63 target=3793,-2881,7162,0,227,254,30
elapsed=9507 source=082B action=advance-homing pose=-109,-564,9841,230,168,0,63 target=3793,-2881,7162,0,227,254,30
elapsed=9507 source=0966 action=advance-cruise pose=4734,-2938,6638,254,177,0,63 target=3793,-2881,7162,0,227,254,30
elapsed=9511 source=082B action=contract pose=51,-708,9733,230,168,0,63 target=3811,-2881,7183,0,227,254,30
elapsed=9511 source=082B action=contract pose=146,-763,9668,230,168,0,63 target=3811,-2881,7183,0,227,254,30
elapsed=9511 source=082B action=contract pose=241,-819,9603,230,168,0,63 target=3811,-2881,7183,0,227,254,30
elapsed=9511 source=082B action=face-immediate pose=335,-874,9538,230,168,0,63 target=3811,-2881,7183,0,227,254,30
elapsed=9511 source=082B action=advance-homing pose=335,-874,9538,230,168,0,63 target=3811,-2881,7183,0,227,254,30
elapsed=9511 source=0966 action=advance-cruise pose=4962,-2946,6554,254,177,0,63 target=3811,-2881,7183,0,227,254,30
elapsed=9515 source=082B action=contract pose=495,-1018,9430,230,168,0,63 target=3829,-2881,7204,0,227,253,30
elapsed=9515 source=082B action=contract pose=590,-1072,9365,230,168,0,63 target=3829,-2881,7204,0,227,253,30
elapsed=9515 source=082B action=contract pose=685,-1126,9300,230,168,0,63 target=3829,-2881,7204,0,227,253,30
elapsed=9515 source=082B action=face-immediate pose=780,-1180,9235,230,168,0,63 target=3829,-2881,7204,0,227,253,30
elapsed=9515 source=082B action=advance-homing pose=780,-1180,9235,231,169,0,63 target=3829,-2881,7204,0,227,253,30
elapsed=9515 source=0966 action=advance-cruise pose=5190,-2954,6470,254,177,0,63 target=3829,-2881,7204,0,227,253,30
elapsed=9519 source=082B action=contract pose=944,-1320,9135,231,169,0,63 target=3847,-2881,7225,0,227,253,30
elapsed=9519 source=082B action=contract pose=1041,-1373,9071,231,169,0,63 target=3847,-2881,7225,0,227,253,30
elapsed=9519 source=082B action=contract pose=1137,-1426,9007,231,169,0,63 target=3847,-2881,7225,0,227,253,30
elapsed=9519 source=082B action=face-immediate pose=1233,-1479,8943,231,169,0,63 target=3847,-2881,7225,0,227,253,30
elapsed=9519 source=082B action=advance-homing pose=1233,-1479,8943,232,169,0,63 target=3847,-2881,7225,0,227,253,30
elapsed=9519 source=0966 action=advance-cruise pose=5418,-2962,6386,254,177,0,63 target=3847,-2881,7225,0,227,253,30
elapsed=9523 source=082B action=contract pose=1401,-1615,8839,232,169,0,63 target=3865,-2881,7246,0,227,252,30
elapsed=9523 source=082B action=contract pose=1499,-1666,8775,232,169,0,63 target=3865,-2881,7246,0,227,252,30
elapsed=9523 source=082B action=contract pose=1597,-1717,8711,232,169,0,63 target=3865,-2881,7246,0,227,252,30
elapsed=9523 source=082B action=face-immediate pose=1695,-1768,8647,232,169,0,63 target=3865,-2881,7246,0,227,252,30
elapsed=9523 source=082B action=advance-homing pose=1695,-1768,8647,232,169,0,63 target=3865,-2881,7246,0,227,252,30
elapsed=9523 source=0966 action=advance-cruise pose=5646,-2970,6302,254,177,0,63 target=3865,-2881,7246,0,227,252,30
elapsed=9527 source=082B action=contract pose=1863,-1904,8543,232,169,0,63 target=3883,-2881,7267,0,227,252,30
elapsed=9527 source=082B action=contract pose=1962,-1953,8480,232,169,0,63 target=3883,-2881,7267,0,227,252,30
elapsed=9527 source=082B action=contract pose=2061,-2002,8417,232,169,0,63 target=3883,-2881,7267,0,227,252,30
elapsed=9527 source=082B action=face-immediate pose=2160,-2051,8354,232,169,0,63 target=3883,-2881,7267,0,227,252,30
elapsed=9527 source=082B action=advance-homing pose=2160,-2051,8354,233,170,0,63 target=3883,-2881,7267,0,227,252,30
elapsed=9527 source=0966 action=advance-cruise pose=5874,-2978,6218,254,177,0,63 target=3883,-2881,7267,0,227,252,30
elapsed=9531 source=082B action=contract pose=2336,-2179,8254,233,170,0,63 target=3901,-2881,7288,0,227,252,30
elapsed=9531 source=082B action=contract pose=2437,-2225,8191,233,170,0,63 target=3901,-2881,7288,0,227,252,30
elapsed=9531 source=082B action=contract pose=2538,-2271,8128,233,170,0,63 target=3901,-2881,7288,0,227,252,30
elapsed=9531 source=082B action=face-immediate pose=2639,-2317,8065,233,170,0,63 target=3901,-2881,7288,0,227,252,30
elapsed=9531 source=082B action=advance-homing pose=2639,-2317,8065,235,170,0,63 target=3901,-2881,7288,0,227,252,30
elapsed=9531 source=0966 action=advance-cruise pose=6102,-2986,6134,254,177,0,63 target=3901,-2881,7288,0,227,252,30
elapsed=9535 source=082B action=contract pose=2819,-2437,7961,235,170,0,63 target=3919,-2881,7309,0,227,252,30
elapsed=9535 source=082B action=contract pose=2922,-2479,7899,235,170,0,63 target=3919,-2881,7309,0,227,252,30
elapsed=9535 source=082B action=contract pose=3025,-2521,7837,235,170,0,63 target=3919,-2881,7309,0,227,252,30
elapsed=9535 source=082B action=face-immediate pose=3128,-2563,7775,235,170,0,63 target=3919,-2881,7309,0,227,252,30
elapsed=9535 source=082B action=advance-homing pose=3128,-2563,7775,236,171,0,63 target=3919,-2881,7309,0,227,252,30
elapsed=9535 source=0966 action=advance-cruise pose=6330,-2994,6050,254,177,0,63 target=3919,-2881,7309,0,227,252,30
elapsed=9540 source=0576 action=set-cruise-speed pose=-2696,5803,12028,214,167,0,30 target=3937,-2881,7330,0,227,253,30
elapsed=9540 source=0576 action=contract pose=-2696,5803,12028,214,167,0,63 target=3937,-2881,7330,0,227,253,30
elapsed=9540 source=0576 action=contract pose=-2626,5709,11977,214,167,0,63 target=3937,-2881,7330,0,227,253,30
elapsed=9540 source=0576 action=contract pose=-2555,5615,11926,214,167,0,63 target=3937,-2881,7330,0,227,253,30
elapsed=9540 source=0576 action=face-immediate pose=-2484,5521,11875,214,167,0,63 target=3937,-2881,7330,0,227,253,30
elapsed=9540 source=0576 action=advance-homing pose=-2484,5521,11875,214,167,0,63 target=3937,-2881,7330,0,227,253,30
elapsed=9540 source=082B action=face-immediate pose=3316,-2679,7671,236,171,0,63 target=3937,-2881,7330,0,227,253,30
elapsed=9540 source=082B action=set-cruise-speed pose=3316,-2679,7671,239,172,0,63 target=3937,-2881,7330,0,227,253,30
elapsed=9540 source=082B action=advance-aim pose=3316,-2679,7671,239,172,0,63 target=3937,-2881,7330,0,227,253,30
elapsed=9540 source=082B action=face-smooth pose=3512,-2779,7567,239,172,0,63 target=3937,-2881,7330,0,227,253,30
elapsed=9541 source=0966 action=advance-cruise pose=6558,-3002,5966,254,177,0,63 target=3937,-2881,7330,0,227,253,30
elapsed=9545 source=0576 action=contract pose=-2384,5309,11807,214,167,0,63 target=3955,-2881,7351,0,227,253,30
elapsed=9545 source=0576 action=contract pose=-2313,5216,11756,214,167,0,63 target=3955,-2881,7351,0,227,253,30
elapsed=9545 source=0576 action=contract pose=-2242,5122,11705,214,167,0,63 target=3955,-2881,7351,0,227,253,30
elapsed=9545 source=0576 action=face-immediate pose=-2171,5029,11654,214,167,0,63 target=3955,-2881,7351,0,227,253,30
elapsed=9545 source=0576 action=advance-homing pose=-2171,5029,11654,215,168,0,63 target=3955,-2881,7351,0,227,253,30
elapsed=9545 source=082B action=advance-aim pose=3512,-2779,7567,240,172,0,63 target=3955,-2881,7351,0,227,253,30
elapsed=9545 source=0966 action=advance-cruise pose=6786,-3010,5882,254,177,0,63 target=3955,-2881,7351,0,227,253,30
elapsed=9549 source=0576 action=contract pose=-2067,4821,11586,215,168,0,63 target=3973,-2881,7372,0,227,254,30
elapsed=9549 source=0576 action=contract pose=-1995,4728,11535,215,168,0,63 target=3973,-2881,7372,0,227,254,30
elapsed=9549 source=0576 action=contract pose=-1923,4635,11484,215,168,0,63 target=3973,-2881,7372,0,227,254,30
elapsed=9549 source=0576 action=face-immediate pose=-1852,4542,11433,215,168,0,63 target=3973,-2881,7372,0,227,254,30
elapsed=9549 source=0576 action=advance-homing pose=-1852,4542,11433,215,168,0,63 target=3973,-2881,7372,0,227,254,30
elapsed=9549 source=082B action=advance-aim pose=3712,-2871,7463,240,172,0,63 target=3973,-2881,7372,0,227,254,30
elapsed=9549 source=082B action=face-smooth pose=3912,-2963,7359,240,172,0,63 target=3973,-2881,7372,0,227,254,30
elapsed=9550 source=0966 action=advance-cruise pose=7014,-3018,5798,254,177,0,63 target=3973,-2881,7372,0,227,254,30
elapsed=9554 source=0576 action=contract pose=-1748,4334,11365,215,168,0,63 target=3991,-2881,7393,0,227,254,30
elapsed=9554 source=0576 action=contract pose=-1676,4242,11314,215,168,0,63 target=3991,-2881,7393,0,227,254,30
elapsed=9554 source=0576 action=contract pose=-1604,4150,11263,215,168,0,63 target=3991,-2881,7393,0,227,254,30
elapsed=9554 source=0576 action=face-immediate pose=-1532,4058,11212,215,168,0,63 target=3991,-2881,7393,0,227,254,30
elapsed=9554 source=0576 action=advance-homing pose=-1532,4058,11212,215,168,0,63 target=3991,-2881,7393,0,227,254,30
elapsed=9554 source=082B action=advance-aim pose=3912,-2963,7359,255,179,0,63 target=3991,-2881,7393,0,227,254,30
elapsed=9558 source=0576 action=contract pose=-1428,3850,11144,215,168,0,63 target=4009,-2881,7414,0,227,255,30
elapsed=9558 source=0576 action=contract pose=-1355,3758,11093,215,168,0,63 target=4009,-2881,7414,0,227,255,30
elapsed=9558 source=0576 action=contract pose=-1282,3666,11042,215,168,0,63 target=4009,-2881,7414,0,227,255,30
elapsed=9558 source=0576 action=face-immediate pose=-1209,3574,10991,215,168,0,63 target=4009,-2881,7414,0,227,255,30
elapsed=9558 source=0576 action=advance-homing pose=-1209,3574,10991,215,168,0,63 target=4009,-2881,7414,0,227,255,30
elapsed=9558 source=082B action=advance-cruise pose=4144,-2967,7287,255,179,0,63 target=4009,-2881,7414,0,227,255,30
elapsed=9562 source=0576 action=contract pose=-1105,3366,10923,215,168,0,63 target=4027,-2881,7435,0,227,0,30
elapsed=9562 source=0576 action=contract pose=-1031,3275,10872,215,168,0,63 target=4027,-2881,7435,0,227,0,30
elapsed=9562 source=0576 action=contract pose=-957,3184,10821,215,168,0,63 target=4027,-2881,7435,0,227,0,30
elapsed=9562 source=0576 action=face-immediate pose=-883,3093,10770,215,168,0,63 target=4027,-2881,7435,0,227,0,30
elapsed=9562 source=0576 action=advance-homing pose=-883,3093,10770,215,168,0,63 target=4027,-2881,7435,0,227,0,30
elapsed=9562 source=082B action=advance-cruise pose=4376,-2971,7215,255,179,0,63 target=4027,-2881,7435,0,227,0,30
elapsed=9566 source=0576 action=contract pose=-779,2885,10702,215,168,0,63 target=4045,-2881,7456,0,227,1,30
elapsed=9566 source=0576 action=contract pose=-705,2795,10651,215,168,0,63 target=4045,-2881,7456,0,227,1,30
elapsed=9566 source=0576 action=contract pose=-630,2705,10600,215,168,0,63 target=4045,-2881,7456,0,227,1,30
elapsed=9566 source=0576 action=face-immediate pose=-556,2615,10549,215,168,0,63 target=4045,-2881,7456,0,227,1,30
elapsed=9566 source=0576 action=advance-homing pose=-556,2615,10549,216,168,0,63 target=4045,-2881,7456,0,227,1,30
elapsed=9566 source=082B action=advance-cruise pose=4608,-2975,7143,255,179,0,63 target=4045,-2881,7456,0,227,1,30
elapsed=9570 source=0576 action=contract pose=-448,2411,10477,216,168,0,63 target=4063,-2881,7477,0,227,2,30
elapsed=9570 source=0576 action=contract pose=-373,2321,10426,216,168,0,63 target=4063,-2881,7477,0,227,2,30
elapsed=9570 source=0576 action=contract pose=-298,2231,10375,216,168,0,63 target=4063,-2881,7477,0,227,2,30
elapsed=9570 source=0576 action=face-immediate pose=-223,2141,10324,216,168,0,63 target=4063,-2881,7477,0,227,2,30
elapsed=9570 source=0576 action=advance-homing pose=-223,2141,10324,216,169,0,63 target=4063,-2881,7477,0,227,2,30
elapsed=9570 source=082B action=advance-cruise pose=4840,-2979,7071,255,179,0,63 target=4063,-2881,7477,0,227,2,30
elapsed=9574 source=0576 action=contract pose=-111,1937,10256,216,169,0,63 target=4081,-2881,7498,0,227,2,30
elapsed=9574 source=0576 action=contract pose=-35,1848,10205,216,169,0,63 target=4081,-2881,7498,0,227,2,30
elapsed=9574 source=0576 action=contract pose=41,1759,10154,216,169,0,63 target=4081,-2881,7498,0,227,2,30
elapsed=9574 source=0576 action=face-immediate pose=117,1670,10103,216,169,0,63 target=4081,-2881,7498,0,227,2,30
elapsed=9574 source=0576 action=advance-homing pose=117,1670,10103,216,169,0,63 target=4081,-2881,7498,0,227,2,30
elapsed=9574 source=082B action=advance-cruise pose=5072,-2983,6999,255,179,0,63 target=4081,-2881,7498,0,227,2,30
elapsed=9578 source=0576 action=contract pose=229,1466,10035,216,169,0,63 target=4099,-2881,7519,0,227,3,30
elapsed=9578 source=0576 action=contract pose=306,1378,9984,216,169,0,63 target=4099,-2881,7519,0,227,3,30
elapsed=9578 source=0576 action=contract pose=383,1290,9933,216,169,0,63 target=4099,-2881,7519,0,227,3,30
elapsed=9578 source=0576 action=face-immediate pose=460,1202,9882,216,169,0,63 target=4099,-2881,7519,0,227,3,30
elapsed=9578 source=0576 action=advance-homing pose=460,1202,9882,217,169,0,63 target=4099,-2881,7519,0,227,3,30
elapsed=9578 source=082B action=advance-cruise pose=5304,-2987,6927,255,179,0,63 target=4099,-2881,7519,0,227,3,30
elapsed=9582 source=0576 action=contract pose=576,1002,9810,217,169,0,63 target=4117,-2881,7540,0,227,3,30
elapsed=9582 source=0576 action=contract pose=654,915,9759,217,169,0,63 target=4117,-2881,7540,0,227,3,30
elapsed=9582 source=0576 action=contract pose=732,828,9708,217,169,0,63 target=4117,-2881,7540,0,227,3,30
elapsed=9582 source=0576 action=face-immediate pose=810,741,9657,217,169,0,63 target=4117,-2881,7540,0,227,3,30
elapsed=9582 source=0576 action=advance-homing pose=810,741,9657,217,169,0,63 target=4117,-2881,7540,0,227,3,30
elapsed=9582 source=082B action=advance-cruise pose=5536,-2991,6855,255,179,0,63 target=4117,-2881,7540,0,227,3,30
elapsed=9586 source=0576 action=contract pose=926,541,9585,217,169,0,63 target=4135,-2881,7561,0,227,4,30
elapsed=9586 source=0576 action=contract pose=1005,455,9534,217,169,0,63 target=4135,-2881,7561,0,227,4,30
elapsed=9586 source=0576 action=contract pose=1084,369,9483,217,169,0,63 target=4135,-2881,7561,0,227,4,30
elapsed=9586 source=0576 action=face-immediate pose=1163,283,9432,217,169,0,63 target=4135,-2881,7561,0,227,4,30
elapsed=9586 source=0576 action=advance-homing pose=1163,283,9432,218,170,0,63 target=4135,-2881,7561,0,227,4,30
elapsed=9586 source=082B action=advance-cruise pose=5768,-2995,6783,255,179,0,63 target=4135,-2881,7561,0,227,4,30
elapsed=9590 source=0576 action=contract pose=1287,83,9360,218,170,0,63 target=4153,-2881,7582,0,227,4,30
elapsed=9590 source=0576 action=contract pose=1368,-2,9309,218,170,0,63 target=4153,-2881,7582,0,227,4,30
elapsed=9590 source=0576 action=contract pose=1449,-87,9258,218,170,0,63 target=4153,-2881,7582,0,227,4,30
elapsed=9590 source=0576 action=face-immediate pose=1530,-171,9207,218,170,0,63 target=4153,-2881,7582,0,227,4,30
elapsed=9590 source=0576 action=advance-homing pose=1530,-171,9207,218,170,0,63 target=4153,-2881,7582,0,227,4,30
elapsed=9590 source=082B action=advance-cruise pose=6000,-2999,6711,255,179,0,63 target=4153,-2881,7582,0,227,4,30
elapsed=9594 source=0576 action=contract pose=1654,-371,9135,218,170,0,63 target=4171,-2881,7603,0,227,4,30
elapsed=9594 source=0576 action=contract pose=1736,-454,9084,218,170,0,63 target=4171,-2881,7603,0,227,4,30
elapsed=9594 source=0576 action=contract pose=1818,-537,9033,218,170,0,63 target=4171,-2881,7603,0,227,4,30
elapsed=9594 source=0576 action=face-immediate pose=1900,-620,8982,218,170,0,63 target=4171,-2881,7603,0,227,4,30
elapsed=9594 source=0576 action=advance-homing pose=1900,-620,8982,219,170,0,63 target=4171,-2881,7603,0,227,4,30
elapsed=9594 source=082B action=advance-cruise pose=6232,-3003,6639,255,179,0,63 target=4171,-2881,7603,0,227,4,30
elapsed=9598 source=0576 action=contract pose=2028,-816,8910,219,170,0,63 target=4189,-2881,7624,0,227,4,30
elapsed=9598 source=0576 action=contract pose=2112,-897,8859,219,170,0,63 target=4189,-2881,7624,0,227,4,30
elapsed=9598 source=0576 action=contract pose=2196,-978,8808,219,170,0,63 target=4189,-2881,7624,0,227,4,30
elapsed=9598 source=0576 action=face-immediate pose=2280,-1059,8757,219,170,0,63 target=4189,-2881,7624,0,227,4,30
elapsed=9598 source=0576 action=advance-homing pose=2280,-1059,8757,219,171,0,63 target=4189,-2881,7624,0,227,4,30
elapsed=9599 source=082B action=advance-cruise pose=6464,-3007,6567,255,179,0,63 target=4189,-2881,7624,0,227,4,30
elapsed=9602 source=0576 action=contract pose=2408,-1255,8685,219,171,0,63 target=4207,-2881,7645,0,227,3,30
elapsed=9602 source=0576 action=contract pose=2494,-1334,8634,219,171,0,63 target=4207,-2881,7645,0,227,3,30
elapsed=9603 source=0576 action=contract pose=2580,-1413,8583,219,171,0,63 target=4207,-2881,7645,0,227,3,30
elapsed=9603 source=0576 action=face-immediate pose=2666,-1492,8532,219,171,0,63 target=4207,-2881,7645,0,227,3,30
elapsed=9603 source=0576 action=advance-homing pose=2666,-1492,8532,220,171,0,63 target=4207,-2881,7645,0,227,3,30
elapsed=9603 source=082B action=advance-cruise pose=6696,-3011,6495,255,179,0,63 target=4207,-2881,7645,0,227,3,30
elapsed=9607 source=0966 action=set-cruise-speed pose=-1876,9323,11184,207,171,0,30 target=4225,-2881,7666,0,227,3,30
elapsed=9607 source=0966 action=contract pose=-1876,9323,11184,207,171,0,63 target=4225,-2881,7666,0,227,3,30
elapsed=9607 source=0966 action=contract pose=-1821,9211,11151,207,171,0,63 target=4225,-2881,7666,0,227,3,30
elapsed=9607 source=0966 action=contract pose=-1766,9100,11119,207,171,0,63 target=4225,-2881,7666,0,227,3,30
elapsed=9607 source=0966 action=face-immediate pose=-1711,8988,11086,207,171,0,63 target=4225,-2881,7666,0,227,3,30
elapsed=9607 source=0966 action=advance-homing pose=-1711,8988,11086,207,171,0,63 target=4225,-2881,7666,0,227,3,30
elapsed=9607 source=0576 action=contract pose=2798,-1684,8460,220,171,0,63 target=4225,-2881,7666,0,227,3,30
elapsed=9607 source=0576 action=contract pose=2887,-1760,8410,220,171,0,63 target=4225,-2881,7666,0,227,3,30
elapsed=9607 source=0576 action=contract pose=2976,-1836,8360,220,171,0,63 target=4225,-2881,7666,0,227,3,30
elapsed=9608 source=0576 action=face-immediate pose=3065,-1912,8310,220,171,0,63 target=4225,-2881,7666,0,227,3,30
elapsed=9608 source=0576 action=advance-homing pose=3065,-1912,8310,222,172,0,63 target=4225,-2881,7666,0,227,3,30
elapsed=9608 source=082B action=advance-cruise pose=6928,-3015,6423,255,179,0,63 target=4225,-2881,7666,0,227,3,30
elapsed=9611 source=0966 action=contract pose=-1639,8756,11046,207,171,0,63 target=4243,-2881,7687,0,227,2,30
elapsed=9611 source=0966 action=contract pose=-1584,8645,11013,207,171,0,63 target=4243,-2881,7687,0,227,2,30
elapsed=9611 source=0966 action=contract pose=-1529,8534,10981,207,171,0,63 target=4243,-2881,7687,0,227,2,30
elapsed=9611 source=0966 action=face-immediate pose=-1474,8423,10948,207,171,0,63 target=4243,-2881,7687,0,227,2,30
elapsed=9612 source=0966 action=advance-homing pose=-1474,8423,10948,207,171,0,63 target=4243,-2881,7687,0,227,2,30
elapsed=9612 source=0576 action=contract pose=3209,-2096,8234,222,172,0,63 target=4243,-2881,7687,0,227,2,30
elapsed=9612 source=0576 action=contract pose=3302,-2167,8184,222,172,0,63 target=4243,-2881,7687,0,227,2,30
elapsed=9612 source=0576 action=contract pose=3395,-2238,8134,222,172,0,63 target=4243,-2881,7687,0,227,2,30
elapsed=9612 source=0576 action=face-immediate pose=3488,-2309,8084,222,172,0,63 target=4243,-2881,7687,0,227,2,30
elapsed=9612 source=0576 action=advance-homing pose=3488,-2309,8084,224,173,0,63 target=4243,-2881,7687,0,227,2,30
elapsed=9612 source=082B action=advance-cruise pose=7160,-3019,6351,255,179,0,63 target=4243,-2881,7687,0,227,2,30
elapsed=9615 source=0966 action=contract pose=-1402,8191,10908,207,171,0,63 target=4261,-2881,7708,0,227,2,30
elapsed=9615 source=0966 action=contract pose=-1346,8080,10876,207,171,0,63 target=4261,-2881,7708,0,227,2,30
elapsed=9616 source=0966 action=contract pose=-1290,7969,10843,207,171,0,63 target=4261,-2881,7708,0,227,2,30
elapsed=9616 source=0966 action=face-immediate pose=-1234,7858,10810,207,171,0,63 target=4261,-2881,7708,0,227,2,30
elapsed=9616 source=0966 action=advance-homing pose=-1234,7858,10810,207,172,0,63 target=4261,-2881,7708,0,227,2,30
elapsed=9616 source=0576 action=face-immediate pose=3640,-2481,8008,224,173,0,63 target=4261,-2881,7708,0,227,2,30
elapsed=9616 source=0576 action=set-cruise-speed pose=3640,-2481,8008,226,174,0,63 target=4261,-2881,7708,0,227,2,30
elapsed=9616 source=0576 action=advance-aim pose=3640,-2481,8008,226,174,0,63 target=4261,-2881,7708,0,227,2,30
elapsed=9616 source=0576 action=face-smooth pose=3804,-2645,7932,226,174,0,63 target=4261,-2881,7708,0,227,2,30
elapsed=9616 source=082B action=advance-cruise pose=7392,-3023,6279,255,179,0,63 target=4261,-2881,7708,0,227,2,30
elapsed=9620 source=0966 action=contract pose=-1158,7626,10770,207,172,0,63 target=4279,-2881,7729,0,227,1,30
elapsed=9620 source=0966 action=contract pose=-1102,7516,10738,207,172,0,63 target=4279,-2881,7729,0,227,1,30
elapsed=9620 source=0966 action=contract pose=-1046,7405,10705,207,172,0,63 target=4279,-2881,7729,0,227,1,30
elapsed=9620 source=0966 action=face-immediate pose=-990,7294,10673,207,172,0,63 target=4279,-2881,7729,0,227,1,30
elapsed=9620 source=0966 action=advance-homing pose=-990,7294,10673,207,172,0,63 target=4279,-2881,7729,0,227,1,30
elapsed=9620 source=0576 action=advance-aim pose=3804,-2645,7932,227,174,0,63 target=4279,-2881,7729,0,227,1,30
elapsed=9624 source=0966 action=contract pose=-914,7062,10633,207,172,0,63 target=4297,-2881,7750,0,227,0,30
elapsed=9624 source=0966 action=contract pose=-857,6952,10601,207,172,0,63 target=4297,-2881,7750,0,227,0,30
elapsed=9624 source=0966 action=contract pose=-800,6842,10568,207,172,0,63 target=4297,-2881,7750,0,227,0,30
elapsed=9624 source=0966 action=face-immediate pose=-743,6732,10536,207,172,0,63 target=4297,-2881,7750,0,227,0,30
elapsed=9624 source=0966 action=advance-homing pose=-743,6732,10536,207,172,0,63 target=4297,-2881,7750,0,227,0,30
elapsed=9624 source=0576 action=advance-aim pose=3972,-2805,7856,227,174,0,63 target=4297,-2881,7750,0,227,0,30
elapsed=9624 source=0576 action=face-smooth pose=4140,-2965,7780,227,174,0,63 target=4297,-2881,7750,0,227,0,30
elapsed=9627 source=0966 action=contract pose=-667,6500,10496,207,172,0,63 target=4315,-2881,7771,0,227,255,30
elapsed=9627 source=0966 action=contract pose=-610,6390,10464,207,172,0,63 target=4315,-2881,7771,0,227,255,30
elapsed=9628 source=0966 action=contract pose=-553,6280,10432,207,172,0,63 target=4315,-2881,7771,0,227,255,30
elapsed=9628 source=0966 action=face-immediate pose=-496,6170,10400,207,172,0,63 target=4315,-2881,7771,0,227,255,30
elapsed=9628 source=0966 action=advance-homing pose=-496,6170,10400,207,172,0,63 target=4315,-2881,7771,0,227,255,30
elapsed=9628 source=0576 action=advance-aim pose=4140,-2965,7780,241,176,0,63 target=4315,-2881,7771,0,227,255,30
elapsed=9631 source=0966 action=contract pose=-420,5938,10360,207,172,0,63 target=4333,-2881,7792,0,227,254,30
elapsed=9631 source=0966 action=contract pose=-362,5829,10328,207,172,0,63 target=4333,-2881,7792,0,227,254,30
elapsed=9631 source=0966 action=contract pose=-304,5720,10296,207,172,0,63 target=4333,-2881,7792,0,227,254,30
elapsed=9631 source=0966 action=face-immediate pose=-246,5611,10264,207,172,0,63 target=4333,-2881,7792,0,227,254,30
elapsed=9631 source=0966 action=advance-homing pose=-246,5611,10264,207,172,0,63 target=4333,-2881,7792,0,227,254,30
elapsed=9632 source=0576 action=advance-cruise pose=4348,-3053,7696,241,176,0,63 target=4333,-2881,7792,0,227,254,30
elapsed=9635 source=0966 action=contract pose=-170,5379,10224,207,172,0,63 target=4351,-2881,7813,0,227,254,30
elapsed=9635 source=0966 action=contract pose=-111,5270,10192,207,172,0,63 target=4351,-2881,7813,0,227,254,30
elapsed=9635 source=0966 action=contract pose=-52,5161,10160,207,172,0,63 target=4351,-2881,7813,0,227,254,30
elapsed=9635 source=0966 action=face-immediate pose=7,5052,10128,207,172,0,63 target=4351,-2881,7813,0,227,254,30
elapsed=9635 source=0966 action=advance-homing pose=7,5052,10128,207,173,0,63 target=4351,-2881,7813,0,227,254,30
elapsed=9635 source=0576 action=advance-cruise pose=4556,-3141,7612,241,176,0,63 target=4351,-2881,7813,0,227,254,30
elapsed=9639 source=0966 action=contract pose=83,4820,10092,207,173,0,63 target=4369,-2881,7834,0,227,253,30
elapsed=9639 source=0966 action=contract pose=143,4711,10060,207,173,0,63 target=4369,-2881,7834,0,227,253,30
elapsed=9639 source=0966 action=contract pose=202,4603,10028,207,173,0,63 target=4369,-2881,7834,0,227,253,30
elapsed=9639 source=0966 action=face-immediate pose=261,4495,9996,207,173,0,63 target=4369,-2881,7834,0,227,253,30
elapsed=9639 source=0966 action=advance-homing pose=261,4495,9996,208,173,0,63 target=4369,-2881,7834,0,227,253,30
elapsed=9639 source=0576 action=advance-cruise pose=4764,-3229,7528,241,176,0,63 target=4369,-2881,7834,0,227,253,30
elapsed=9642 source=0966 action=contract pose=341,4267,9956,208,173,0,63 target=4387,-2881,7855,0,227,253,30
elapsed=9643 source=0966 action=contract pose=401,4159,9924,208,173,0,63 target=4387,-2881,7855,0,227,253,30
elapsed=9643 source=0966 action=contract pose=461,4051,9892,208,173,0,63 target=4387,-2881,7855,0,227,253,30
elapsed=9643 source=0966 action=face-immediate pose=521,3943,9860,208,173,0,63 target=4387,-2881,7855,0,227,253,30
elapsed=9643 source=0966 action=advance-homing pose=521,3943,9860,208,173,0,63 target=4387,-2881,7855,0,227,253,30
elapsed=9643 source=0576 action=advance-cruise pose=4972,-3317,7444,241,176,0,63 target=4387,-2881,7855,0,227,253,30
elapsed=9646 source=0966 action=contract pose=601,3715,9820,208,173,0,63 target=4405,-2881,7876,0,227,252,30
elapsed=9646 source=0966 action=contract pose=662,3607,9788,208,173,0,63 target=4405,-2881,7876,0,227,252,30
elapsed=9646 source=0966 action=contract pose=723,3499,9756,208,173,0,63 target=4405,-2881,7876,0,227,252,30
elapsed=9646 source=0966 action=face-immediate pose=784,3392,9724,208,173,0,63 target=4405,-2881,7876,0,227,252,30
elapsed=9646 source=0966 action=advance-homing pose=784,3392,9724,208,173,0,63 target=4405,-2881,7876,0,227,252,30
elapsed=9646 source=0576 action=advance-cruise pose=5180,-3405,7360,241,176,0,63 target=4405,-2881,7876,0,227,252,30
elapsed=9650 source=0966 action=contract pose=864,3164,9684,208,173,0,63 target=4423,-2881,7897,0,227,252,30
elapsed=9650 source=0966 action=contract pose=926,3057,9652,208,173,0,63 target=4423,-2881,7897,0,227,252,30
elapsed=9650 source=0966 action=contract pose=988,2950,9620,208,173,0,63 target=4423,-2881,7897,0,227,252,30
elapsed=9650 source=0966 action=face-immediate pose=1050,2843,9588,208,173,0,63 target=4423,-2881,7897,0,227,252,30
elapsed=9650 source=0966 action=advance-homing pose=1050,2843,9588,208,174,0,63 target=4423,-2881,7897,0,227,252,30
elapsed=9650 source=0576 action=advance-cruise pose=5388,-3493,7276,241,176,0,63 target=4423,-2881,7897,0,227,252,30
elapsed=9654 source=0966 action=contract pose=1134,2615,9552,208,174,0,63 target=4441,-2881,7918,0,227,252,30
elapsed=9654 source=0966 action=contract pose=1197,2509,9520,208,174,0,63 target=4441,-2881,7918,0,227,252,30
elapsed=9654 source=0966 action=contract pose=1260,2402,9488,208,174,0,63 target=4441,-2881,7918,0,227,252,30
elapsed=9654 source=0966 action=face-immediate pose=1323,2296,9456,208,174,0,63 target=4441,-2881,7918,0,227,252,30
elapsed=9654 source=0966 action=advance-homing pose=1323,2296,9456,209,174,0,63 target=4441,-2881,7918,0,227,252,30
elapsed=9654 source=0576 action=advance-cruise pose=5596,-3581,7192,241,176,0,63 target=4441,-2881,7918,0,227,252,30
elapsed=9657 source=0966 action=contract pose=1411,2068,9416,209,174,0,63 target=4459,-2881,7939,0,227,252,30
elapsed=9657 source=0966 action=contract pose=1475,1962,9384,209,174,0,63 target=4459,-2881,7939,0,227,252,30
elapsed=9657 source=0966 action=contract pose=1539,1856,9352,209,174,0,63 target=4459,-2881,7939,0,227,252,30
elapsed=9657 source=0966 action=face-immediate pose=1603,1750,9320,209,174,0,63 target=4459,-2881,7939,0,227,252,30
elapsed=9657 source=0966 action=advance-homing pose=1603,1750,9320,209,174,0,63 target=4459,-2881,7939,0,227,252,30
elapsed=9658 source=0576 action=advance-cruise pose=5804,-3669,7108,241,176,0,63 target=4459,-2881,7939,0,227,252,30
elapsed=9661 source=0966 action=contract pose=1691,1522,9280,209,174,0,63 target=4477,-2881,7960,0,227,253,30
elapsed=9661 source=0966 action=contract pose=1756,1417,9248,209,174,0,63 target=4477,-2881,7960,0,227,253,30
elapsed=9661 source=0966 action=contract pose=1821,1312,9216,209,174,0,63 target=4477,-2881,7960,0,227,253,30
elapsed=9661 source=0966 action=face-immediate pose=1887,1207,9184,209,174,0,63 target=4477,-2881,7960,0,227,253,30
elapsed=9661 source=0966 action=advance-homing pose=1887,1207,9184,209,175,0,63 target=4477,-2881,7960,0,227,253,30
elapsed=9661 source=0576 action=advance-cruise pose=6012,-3757,7024,241,176,0,63 target=4477,-2881,7960,0,227,253,30
elapsed=9665 source=0966 action=contract pose=1975,979,9148,209,175,0,63 target=4495,-2881,7981,0,227,253,30
elapsed=9665 source=0966 action=contract pose=2042,875,9116,209,175,0,63 target=4495,-2881,7981,0,227,253,30
elapsed=9665 source=0966 action=contract pose=2109,771,9084,209,175,0,63 target=4495,-2881,7981,0,227,253,30
elapsed=9665 source=0966 action=face-immediate pose=2176,667,9052,209,175,0,63 target=4495,-2881,7981,0,227,253,30
elapsed=9665 source=0966 action=advance-homing pose=2176,667,9052,210,175,0,63 target=4495,-2881,7981,0,227,253,30
elapsed=9665 source=0576 action=advance-cruise pose=6220,-3845,6940,241,176,0,63 target=4495,-2881,7981,0,227,253,30
elapsed=9669 source=082B action=set-cruise-speed pose=-352,11311,8704,200,187,0,30 target=4513,-2881,8002,0,227,254,30
elapsed=9669 source=082B action=contract pose=-352,11311,8704,200,187,0,63 target=4513,-2881,8002,0,227,254,30
elapsed=9669 source=082B action=contract pose=-311,11189,8697,200,187,0,63 target=4513,-2881,8002,0,227,254,30
elapsed=9669 source=082B action=contract pose=-270,11067,8690,200,187,0,63 target=4513,-2881,8002,0,227,254,30
elapsed=9669 source=082B action=face-immediate pose=-229,10945,8683,200,187,0,63 target=4513,-2881,8002,0,227,254,30
elapsed=9669 source=082B action=advance-homing pose=-229,10945,8683,200,187,0,63 target=4513,-2881,8002,0,227,254,30
elapsed=9669 source=0966 action=contract pose=2272,443,9012,210,175,0,63 target=4513,-2881,8002,0,227,254,30
elapsed=9669 source=0966 action=contract pose=2340,340,8980,210,175,0,63 target=4513,-2881,8002,0,227,254,30
elapsed=9669 source=0966 action=contract pose=2408,237,8948,210,175,0,63 target=4513,-2881,8002,0,227,254,30
elapsed=9669 source=0966 action=face-immediate pose=2476,134,8916,210,175,0,63 target=4513,-2881,8002,0,227,254,30
elapsed=9669 source=0966 action=advance-homing pose=2476,134,8916,210,175,0,63 target=4513,-2881,8002,0,227,254,30
elapsed=9669 source=0576 action=advance-cruise pose=6428,-3933,6856,241,176,0,63 target=4513,-2881,8002,0,227,254,30
elapsed=9673 source=082B action=contract pose=-185,10701,8679,200,187,0,63 target=4531,-2881,8023,0,227,254,30
elapsed=9673 source=082B action=contract pose=-144,10580,8672,200,187,0,63 target=4531,-2881,8023,0,227,254,30
elapsed=9673 source=082B action=contract pose=-103,10459,8665,200,187,0,63 target=4531,-2881,8023,0,227,254,30
elapsed=9673 source=082B action=face-immediate pose=-62,10337,8659,200,187,0,63 target=4531,-2881,8023,0,227,254,30
elapsed=9673 source=082B action=advance-homing pose=-62,10337,8659,200,187,0,63 target=4531,-2881,8023,0,227,254,30
elapsed=9673 source=0966 action=contract pose=2572,-90,8876,210,175,0,63 target=4531,-2881,8023,0,227,254,30
elapsed=9673 source=0966 action=contract pose=2642,-192,8845,210,175,0,63 target=4531,-2881,8023,0,227,254,30
elapsed=9673 source=0966 action=contract pose=2712,-293,8814,210,175,0,63 target=4531,-2881,8023,0,227,254,30
elapsed=9673 source=0966 action=face-immediate pose=2782,-395,8783,210,175,0,63 target=4531,-2881,8023,0,227,254,30
elapsed=9674 source=0966 action=advance-homing pose=2782,-395,8783,211,176,0,63 target=4531,-2881,8023,0,227,254,30
elapsed=9674 source=0576 action=advance-cruise pose=6636,-4021,6772,241,176,0,63 target=4531,-2881,8023,0,227,254,30
elapsed=9677 source=082B action=contract pose=-18,10093,8655,200,187,0,63 target=4549,-2881,8044,0,227,255,30
elapsed=9677 source=082B action=contract pose=24,9972,8649,200,187,0,63 target=4549,-2881,8044,0,227,255,30
elapsed=9677 source=082B action=contract pose=66,9851,8643,200,187,0,63 target=4549,-2881,8044,0,227,255,30
elapsed=9677 source=082B action=face-immediate pose=107,9730,8637,200,187,0,63 target=4549,-2881,8044,0,227,255,30
elapsed=9677 source=082B action=advance-homing pose=107,9730,8637,200,187,0,63 target=4549,-2881,8044,0,227,255,30
elapsed=9677 source=0966 action=contract pose=2882,-615,8743,211,176,0,63 target=4549,-2881,8044,0,227,255,30
elapsed=9677 source=0966 action=contract pose=2955,-715,8712,211,176,0,63 target=4549,-2881,8044,0,227,255,30
elapsed=9677 source=0966 action=contract pose=3028,-815,8681,211,176,0,63 target=4549,-2881,8044,0,227,255,30
elapsed=9677 source=0966 action=face-immediate pose=3101,-915,8650,211,176,0,63 target=4549,-2881,8044,0,227,255,30
elapsed=9678 source=0966 action=advance-homing pose=3101,-915,8650,211,176,0,63 target=4549,-2881,8044,0,227,255,30
elapsed=9678 source=0576 action=advance-cruise pose=6844,-4109,6688,241,176,0,63 target=4549,-2881,8044,0,227,255,30
elapsed=9681 source=082B action=contract pose=151,9486,8633,200,187,0,63 target=4567,-2881,8065,0,227,0,30
elapsed=9681 source=082B action=contract pose=193,9365,8627,200,187,0,63 target=4567,-2881,8065,0,227,0,30
elapsed=9681 source=082B action=contract pose=235,9244,8621,200,187,0,63 target=4567,-2881,8065,0,227,0,30
elapsed=9681 source=082B action=face-immediate pose=277,9123,8615,200,187,0,63 target=4567,-2881,8065,0,227,0,30
elapsed=9681 source=082B action=advance-homing pose=277,9123,8615,200,187,0,63 target=4567,-2881,8065,0,227,0,30
elapsed=9681 source=0966 action=contract pose=3201,-1135,8610,211,176,0,63 target=4567,-2881,8065,0,227,0,30
elapsed=9681 source=0966 action=contract pose=3277,-1233,8579,211,176,0,63 target=4567,-2881,8065,0,227,0,30
elapsed=9681 source=0966 action=contract pose=3353,-1331,8548,211,176,0,63 target=4567,-2881,8065,0,227,0,30
elapsed=9682 source=0966 action=face-immediate pose=3429,-1429,8517,211,176,0,63 target=4567,-2881,8065,0,227,0,30
elapsed=9682 source=0966 action=advance-homing pose=3429,-1429,8517,212,177,0,63 target=4567,-2881,8065,0,227,0,30
elapsed=9682 source=0576 action=advance-cruise pose=7052,-4197,6604,241,176,0,63 target=4567,-2881,8065,0,227,0,30
elapsed=9685 source=082B action=contract pose=321,8879,8611,200,187,0,63 target=4585,-2881,8086,0,227,1,30
elapsed=9685 source=082B action=contract pose=364,8758,8605,200,187,0,63 target=4585,-2881,8086,0,227,1,30
elapsed=9685 source=082B action=contract pose=407,8638,8599,200,187,0,63 target=4585,-2881,8086,0,227,1,30
elapsed=9685 source=082B action=face-immediate pose=450,8517,8593,200,187,0,63 target=4585,-2881,8086,0,227,1,30
elapsed=9685 source=082B action=advance-homing pose=450,8517,8593,200,188,0,63 target=4585,-2881,8086,0,227,1,30
elapsed=9685 source=0966 action=contract pose=3533,-1649,8477,212,177,0,63 target=4585,-2881,8086,0,227,1,30
elapsed=9685 source=0966 action=contract pose=3613,-1744,8447,212,177,0,63 target=4585,-2881,8086,0,227,1,30
elapsed=9686 source=0966 action=contract pose=3693,-1838,8417,212,177,0,63 target=4585,-2881,8086,0,227,1,30
elapsed=9686 source=0966 action=face-immediate pose=3773,-1932,8387,212,177,0,63 target=4585,-2881,8086,0,227,1,30
elapsed=9686 source=0966 action=advance-homing pose=3773,-1932,8387,213,178,0,63 target=4585,-2881,8086,0,227,1,30
elapsed=9686 source=0576 action=advance-cruise pose=7260,-4285,6520,241,176,0,63 target=4585,-2881,8086,0,227,1,30
elapsed=9689 source=082B action=contract pose=494,8273,8593,200,188,0,63 target=4603,-2881,8107,0,227,2,30
elapsed=9689 source=082B action=contract pose=538,8153,8587,200,188,0,63 target=4603,-2881,8107,0,227,2,30
elapsed=9689 source=082B action=contract pose=581,8032,8581,200,188,0,63 target=4603,-2881,8107,0,227,2,30
elapsed=9689 source=082B action=face-immediate pose=625,7912,8575,200,188,0,63 target=4603,-2881,8107,0,227,2,30
elapsed=9689 source=082B action=advance-homing pose=625,7912,8575,200,188,0,63 target=4603,-2881,8107,0,227,2,30
elapsed=9689 source=0966 action=face-immediate pose=3885,-2148,8351,213,178,0,63 target=4603,-2881,8107,0,227,2,30
elapsed=9690 source=0966 action=set-cruise-speed pose=3885,-2148,8351,216,179,0,63 target=4603,-2881,8107,0,227,2,30
elapsed=9690 source=0966 action=advance-aim pose=3885,-2148,8351,216,179,0,63 target=4603,-2881,8107,0,227,2,30
elapsed=9693 source=082B action=contract pose=669,7668,8575,200,188,0,63 target=4621,-2881,8128,0,227,2,30
elapsed=9693 source=082B action=contract pose=713,7548,8569,200,188,0,63 target=4621,-2881,8128,0,227,2,30
elapsed=9693 source=082B action=contract pose=757,7428,8563,200,188,0,63 target=4621,-2881,8128,0,227,2,30
elapsed=9693 source=082B action=face-immediate pose=801,7308,8557,200,188,0,63 target=4621,-2881,8128,0,227,2,30
elapsed=9693 source=082B action=advance-homing pose=801,7308,8557,201,188,0,63 target=4621,-2881,8128,0,227,2,30
elapsed=9694 source=0966 action=advance-aim pose=4013,-2352,8311,216,179,0,63 target=4621,-2881,8128,0,227,2,30
elapsed=9694 source=0966 action=face-smooth pose=4141,-2556,8271,216,179,0,63 target=4621,-2881,8128,0,227,2,30
elapsed=9697 source=082B action=contract pose=853,7068,8553,201,188,0,63 target=4639,-2881,8149,0,227,3,30
elapsed=9697 source=082B action=contract pose=898,6948,8547,201,188,0,63 target=4639,-2881,8149,0,227,3,30
elapsed=9697 source=082B action=contract pose=943,6828,8542,201,188,0,63 target=4639,-2881,8149,0,227,3,30
elapsed=9697 source=082B action=face-immediate pose=988,6708,8536,201,188,0,63 target=4639,-2881,8149,0,227,3,30
elapsed=9697 source=082B action=advance-homing pose=988,6708,8536,201,188,0,63 target=4639,-2881,8149,0,227,3,30
elapsed=9697 source=0966 action=advance-aim pose=4141,-2556,8271,217,180,0,63 target=4639,-2881,8149,0,227,3,30
elapsed=9701 source=082B action=contract pose=1040,6468,8532,201,188,0,63 target=4657,-2881,8170,0,227,3,30
elapsed=9701 source=082B action=contract pose=1085,6348,8527,201,188,0,63 target=4657,-2881,8170,0,227,3,30
elapsed=9701 source=082B action=contract pose=1130,6229,8522,201,188,0,63 target=4657,-2881,8170,0,227,3,30
elapsed=9701 source=082B action=face-immediate pose=1175,6110,8517,201,188,0,63 target=4657,-2881,8170,0,227,3,30
elapsed=9701 source=082B action=advance-homing pose=1175,6110,8517,201,189,0,63 target=4657,-2881,8170,0,227,3,30
elapsed=9701 source=0966 action=advance-aim pose=4273,-2756,8235,217,180,0,63 target=4657,-2881,8170,0,227,3,30
elapsed=9701 source=0966 action=face-smooth pose=4405,-2956,8199,217,180,0,63 target=4657,-2881,8170,0,227,3,30
elapsed=9705 source=082B action=contract pose=1227,5870,8517,201,189,0,63 target=4675,-2881,8191,0,227,4,30
elapsed=9705 source=082B action=contract pose=1273,5751,8512,201,189,0,63 target=4675,-2881,8191,0,227,4,30
elapsed=9705 source=082B action=contract pose=1319,5632,8507,201,189,0,63 target=4675,-2881,8191,0,227,4,30
elapsed=9705 source=082B action=face-immediate pose=1365,5513,8502,201,189,0,63 target=4675,-2881,8191,0,227,4,30
elapsed=9705 source=082B action=advance-homing pose=1365,5513,8502,201,189,0,63 target=4675,-2881,8191,0,227,4,30
elapsed=9705 source=0966 action=advance-aim pose=4405,-2956,8199,231,182,0,63 target=4675,-2881,8191,0,227,4,30
elapsed=9709 source=082B action=contract pose=1417,5273,8502,201,189,0,63 target=4693,-2881,8212,0,227,4,30
elapsed=9709 source=082B action=contract pose=1464,5154,8497,201,189,0,63 target=4693,-2881,8212,0,227,4,30
elapsed=9709 source=082B action=contract pose=1511,5035,8492,201,189,0,63 target=4693,-2881,8212,0,227,4,30
elapsed=9709 source=082B action=face-immediate pose=1558,4916,8487,201,189,0,63 target=4693,-2881,8212,0,227,4,30
elapsed=9709 source=082B action=advance-homing pose=1558,4916,8487,201,189,0,63 target=4693,-2881,8212,0,227,4,30
elapsed=9709 source=0966 action=advance-cruise pose=4597,-3096,8155,231,182,0,63 target=4693,-2881,8212,0,227,4,30
elapsed=9712 source=082B action=contract pose=1610,4676,8487,201,189,0,63 target=4711,-2881,8233,0,227,4,30
elapsed=9712 source=082B action=contract pose=1658,4557,8482,201,189,0,63 target=4711,-2881,8233,0,227,4,30
elapsed=9713 source=082B action=contract pose=1706,4438,8477,201,189,0,63 target=4711,-2881,8233,0,227,4,30
elapsed=9713 source=082B action=face-immediate pose=1754,4319,8473,201,189,0,63 target=4711,-2881,8233,0,227,4,30
elapsed=9713 source=082B action=advance-homing pose=1754,4319,8473,201,189,0,63 target=4711,-2881,8233,0,227,4,30
elapsed=9713 source=0966 action=advance-cruise pose=4789,-3236,8111,231,182,0,63 target=4711,-2881,8233,0,227,4,30
elapsed=9716 source=082B action=contract pose=1806,4079,8473,201,189,0,63 target=4729,-2881,8254,0,227,4,30
elapsed=9716 source=082B action=contract pose=1855,3961,8469,201,189,0,63 target=4729,-2881,8254,0,227,4,30
elapsed=9716 source=082B action=contract pose=1904,3843,8465,201,189,0,63 target=4729,-2881,8254,0,227,4,30
elapsed=9716 source=082B action=face-immediate pose=1953,3725,8461,201,189,0,63 target=4729,-2881,8254,0,227,4,30
elapsed=9716 source=082B action=advance-homing pose=1953,3725,8461,201,189,0,63 target=4729,-2881,8254,0,227,4,30
elapsed=9716 source=0966 action=advance-cruise pose=4981,-3376,8067,231,182,0,63 target=4729,-2881,8254,0,227,4,30
elapsed=9720 source=082B action=contract pose=2005,3485,8461,201,189,0,63 target=4747,-2881,8275,0,227,3,30
elapsed=9720 source=082B action=contract pose=2055,3367,8457,201,189,0,63 target=4747,-2881,8275,0,227,3,30
elapsed=9720 source=082B action=contract pose=2105,3249,8453,201,189,0,63 target=4747,-2881,8275,0,227,3,30
elapsed=9720 source=082B action=face-immediate pose=2155,3131,8449,201,189,0,63 target=4747,-2881,8275,0,227,3,30
elapsed=9720 source=082B action=advance-homing pose=2155,3131,8449,201,190,0,63 target=4747,-2881,8275,0,227,3,30
elapsed=9720 source=0966 action=advance-cruise pose=5173,-3516,8023,231,182,0,63 target=4747,-2881,8275,0,227,3,30
elapsed=9724 source=082B action=contract pose=2207,2891,8449,201,190,0,63 target=4765,-2881,8296,0,227,3,30
elapsed=9724 source=082B action=contract pose=2258,2774,8445,201,190,0,63 target=4765,-2881,8296,0,227,3,30
elapsed=9724 source=082B action=contract pose=2309,2657,8441,201,190,0,63 target=4765,-2881,8296,0,227,3,30
elapsed=9724 source=082B action=face-immediate pose=2360,2540,8437,201,190,0,63 target=4765,-2881,8296,0,227,3,30
elapsed=9724 source=082B action=advance-homing pose=2360,2540,8437,202,190,0,63 target=4765,-2881,8296,0,227,3,30
elapsed=9724 source=0966 action=advance-cruise pose=5365,-3656,7979,231,182,0,63 target=4765,-2881,8296,0,227,3,30
elapsed=9727 source=082B action=contract pose=2416,2300,8437,202,190,0,63 target=4783,-2881,8317,0,227,2,30
elapsed=9727 source=082B action=contract pose=2468,2184,8434,202,190,0,63 target=4783,-2881,8317,0,227,2,30
elapsed=9727 source=082B action=contract pose=2520,2068,8431,202,190,0,63 target=4783,-2881,8317,0,227,2,30
elapsed=9728 source=082B action=face-immediate pose=2572,1952,8428,202,190,0,63 target=4783,-2881,8317,0,227,2,30
elapsed=9728 source=082B action=advance-homing pose=2572,1952,8428,202,191,0,63 target=4783,-2881,8317,0,227,2,30
elapsed=9728 source=0966 action=advance-cruise pose=5557,-3796,7935,231,182,0,63 target=4783,-2881,8317,0,227,2,30
elapsed=9732 source=047A action=set-cruise-speed pose=1564,5183,5584,205,221,0,30 target=4801,-2881,8338,0,227,2,30
elapsed=9732 source=047A action=contract pose=1564,5183,5584,205,221,0,63 target=4801,-2881,8338,0,227,2,30
elapsed=9732 source=047A action=contract pose=1609,5069,5622,205,221,0,63 target=4801,-2881,8338,0,227,2,30
elapsed=9732 source=047A action=contract pose=1653,4956,5660,205,221,0,63 target=4801,-2881,8338,0,227,2,30
elapsed=9732 source=047A action=face-immediate pose=1698,4843,5698,205,221,0,63 target=4801,-2881,8338,0,227,2,30
elapsed=9732 source=047A action=advance-homing pose=1698,4843,5698,205,221,0,63 target=4801,-2881,8338,0,227,2,30
elapsed=9732 source=082B action=contract pose=2628,1712,8428,202,191,0,63 target=4801,-2881,8338,0,227,2,30
elapsed=9732 source=082B action=contract pose=2682,1596,8425,202,191,0,63 target=4801,-2881,8338,0,227,2,30
elapsed=9732 source=082B action=contract pose=2736,1480,8422,202,191,0,63 target=4801,-2881,8338,0,227,2,30
elapsed=9732 source=082B action=face-immediate pose=2790,1364,8419,202,191,0,63 target=4801,-2881,8338,0,227,2,30
elapsed=9732 source=082B action=advance-homing pose=2790,1364,8419,202,191,0,63 target=4801,-2881,8338,0,227,2,30
elapsed=9732 source=0966 action=advance-cruise pose=5749,-3936,7891,231,182,0,63 target=4801,-2881,8338,0,227,2,30
elapsed=9736 source=047A action=contract pose=1754,4607,5746,205,221,0,63 target=4819,-2881,8359,0,227,1,30
elapsed=9736 source=047A action=contract pose=1799,4494,5785,205,221,0,63 target=4819,-2881,8359,0,227,1,30
elapsed=9736 source=047A action=contract pose=1844,4381,5824,205,221,0,63 target=4819,-2881,8359,0,227,1,30
elapsed=9736 source=047A action=face-immediate pose=1889,4268,5863,205,221,0,63 target=4819,-2881,8359,0,227,1,30
elapsed=9736 source=047A action=advance-homing pose=1889,4268,5863,206,221,0,63 target=4819,-2881,8359,0,227,1,30
elapsed=9736 source=082B action=contract pose=2846,1124,8419,202,191,0,63 target=4819,-2881,8359,0,227,1,30
elapsed=9736 source=082B action=contract pose=2902,1009,8417,202,191,0,63 target=4819,-2881,8359,0,227,1,30
elapsed=9736 source=082B action=contract pose=2958,894,8415,202,191,0,63 target=4819,-2881,8359,0,227,1,30
elapsed=9737 source=082B action=face-immediate pose=3014,779,8413,202,191,0,63 target=4819,-2881,8359,0,227,1,30
elapsed=9737 source=082B action=advance-homing pose=3014,779,8413,203,191,0,63 target=4819,-2881,8359,0,227,1,30
elapsed=9737 source=0966 action=advance-cruise pose=5941,-4076,7847,231,182,0,63 target=4819,-2881,8359,0,227,1,30
elapsed=9740 source=047A action=contract pose=1949,4036,5915,206,221,0,63 target=4837,-2881,8380,0,227,0,30
elapsed=9740 source=047A action=contract pose=1995,3924,5954,206,221,0,63 target=4837,-2881,8380,0,227,0,30
elapsed=9740 source=047A action=contract pose=2041,3811,5993,206,221,0,63 target=4837,-2881,8380,0,227,0,30
elapsed=9740 source=047A action=face-immediate pose=2087,3699,6032,206,221,0,63 target=4837,-2881,8380,0,227,0,30
elapsed=9740 source=047A action=advance-homing pose=2087,3699,6032,206,221,0,63 target=4837,-2881,8380,0,227,0,30
elapsed=9740 source=082B action=contract pose=3074,539,8413,203,191,0,63 target=4837,-2881,8380,0,227,0,30
elapsed=9740 source=082B action=contract pose=3132,425,8411,203,191,0,63 target=4837,-2881,8380,0,227,0,30
elapsed=9740 source=082B action=contract pose=3190,311,8409,203,191,0,63 target=4837,-2881,8380,0,227,0,30
elapsed=9741 source=082B action=face-immediate pose=3248,197,8407,203,191,0,63 target=4837,-2881,8380,0,227,0,30
elapsed=9741 source=082B action=advance-homing pose=3248,197,8407,203,192,0,63 target=4837,-2881,8380,0,227,0,30
elapsed=9741 source=0966 action=advance-cruise pose=6133,-4216,7803,231,182,0,63 target=4837,-2881,8380,0,227,0,30
elapsed=9744 source=047A action=contract pose=2147,3467,6084,206,221,0,63 target=4855,-2881,8401,0,227,255,30
elapsed=9744 source=047A action=contract pose=2194,3355,6124,206,221,0,63 target=4855,-2881,8401,0,227,255,30
elapsed=9744 source=047A action=contract pose=2241,3243,6164,206,221,0,63 target=4855,-2881,8401,0,227,255,30
elapsed=9744 source=047A action=face-immediate pose=2288,3131,6204,206,221,0,63 target=4855,-2881,8401,0,227,255,30
elapsed=9744 source=047A action=advance-homing pose=2288,3131,6204,206,221,0,63 target=4855,-2881,8401,0,227,255,30
elapsed=9744 source=082B action=contract pose=3308,-43,8407,203,192,0,63 target=4855,-2881,8401,0,227,255,30
elapsed=9744 source=082B action=contract pose=3368,-155,8406,203,192,0,63 target=4855,-2881,8401,0,227,255,30
elapsed=9744 source=082B action=contract pose=3428,-267,8405,203,192,0,63 target=4855,-2881,8401,0,227,255,30
elapsed=9744 source=082B action=face-immediate pose=3488,-379,8404,203,192,0,63 target=4855,-2881,8401,0,227,255,30
elapsed=9744 source=082B action=advance-homing pose=3488,-379,8404,204,192,0,63 target=4855,-2881,8401,0,227,255,30
elapsed=9744 source=0966 action=advance-cruise pose=6325,-4356,7759,231,182,0,63 target=4855,-2881,8401,0,227,255,30
elapsed=9748 source=047A action=contract pose=2348,2899,6256,206,221,0,63 target=4873,-2881,8422,0,227,254,30
elapsed=9748 source=047A action=contract pose=2395,2788,6297,206,221,0,63 target=4873,-2881,8422,0,227,254,30
elapsed=9748 source=047A action=contract pose=2443,2677,6338,206,221,0,63 target=4873,-2881,8422,0,227,254,30
elapsed=9748 source=047A action=face-immediate pose=2491,2566,6379,206,221,0,63 target=4873,-2881,8422,0,227,254,30
elapsed=9748 source=047A action=advance-homing pose=2491,2566,6379,206,221,0,63 target=4873,-2881,8422,0,227,254,30
elapsed=9748 source=082B action=contract pose=3556,-615,8404,204,192,0,63 target=4873,-2881,8422,0,227,254,30
elapsed=9748 source=082B action=contract pose=3619,-725,8404,204,192,0,63 target=4873,-2881,8422,0,227,254,30
elapsed=9748 source=082B action=contract pose=3682,-835,8404,204,192,0,63 target=4873,-2881,8422,0,227,254,30
elapsed=9748 source=082B action=face-immediate pose=3745,-945,8404,204,192,0,63 target=4873,-2881,8422,0,227,254,30
elapsed=9748 source=082B action=advance-homing pose=3745,-945,8404,204,193,0,63 target=4873,-2881,8422,0,227,254,30
elapsed=9748 source=0966 action=advance-cruise pose=6517,-4496,7715,231,182,0,63 target=4873,-2881,8422,0,227,254,30
elapsed=9751 source=047A action=contract pose=2551,2334,6431,206,221,0,63 target=4891,-2881,8443,0,227,254,30
elapsed=9752 source=047A action=contract pose=2600,2224,6473,206,221,0,63 target=4891,-2881,8443,0,227,254,30
elapsed=9752 source=047A action=contract pose=2649,2114,6515,206,221,0,63 target=4891,-2881,8443,0,227,254,30
elapsed=9752 source=047A action=face-immediate pose=2698,2004,6557,206,221,0,63 target=4891,-2881,8443,0,227,254,30
elapsed=9752 source=047A action=advance-homing pose=2698,2004,6557,207,221,0,63 target=4891,-2881,8443,0,227,254,30
elapsed=9752 source=082B action=contract pose=3813,-1181,8404,204,193,0,63 target=4891,-2881,8443,0,227,254,30
elapsed=9752 source=082B action=contract pose=3881,-1289,8406,204,193,0,63 target=4891,-2881,8443,0,227,254,30
elapsed=9752 source=082B action=contract pose=3949,-1397,8408,204,193,0,63 target=4891,-2881,8443,0,227,254,30
elapsed=9752 source=082B action=face-immediate pose=4017,-1505,8410,204,193,0,63 target=4891,-2881,8443,0,227,254,30
elapsed=9752 source=082B action=advance-homing pose=4017,-1505,8410,206,194,0,63 target=4891,-2881,8443,0,227,254,30
elapsed=9752 source=0966 action=advance-cruise pose=6709,-4636,7671,231,182,0,63 target=4891,-2881,8443,0,227,254,30
elapsed=9755 source=047A action=contract pose=2762,1772,6613,207,221,0,63 target=4909,-2881,8464,0,227,253,30
elapsed=9755 source=047A action=contract pose=2812,1663,6656,207,221,0,63 target=4909,-2881,8464,0,227,253,30
elapsed=9756 source=047A action=contract pose=2862,1554,6699,207,221,0,63 target=4909,-2881,8464,0,227,253,30
elapsed=9756 source=047A action=face-immediate pose=2912,1445,6742,207,221,0,63 target=4909,-2881,8464,0,227,253,30
elapsed=9756 source=047A action=advance-homing pose=2912,1445,6742,207,221,0,63 target=4909,-2881,8464,0,227,253,30
elapsed=9756 source=082B action=face-immediate pose=4097,-1737,8410,206,194,0,63 target=4909,-2881,8464,0,227,253,30
elapsed=9756 source=082B action=set-cruise-speed pose=4097,-1737,8410,207,195,0,63 target=4909,-2881,8464,0,227,253,30
elapsed=9756 source=082B action=advance-aim pose=4097,-1737,8410,207,195,0,63 target=4909,-2881,8464,0,227,253,30
elapsed=9756 source=082B action=face-smooth pose=4181,-1969,8414,207,195,0,63 target=4909,-2881,8464,0,227,253,30
elapsed=9756 source=0966 action=advance-cruise pose=6901,-4776,7627,231,182,0,63 target=4909,-2881,8464,0,227,253,30
elapsed=9759 source=047A action=contract pose=2976,1213,6798,207,221,0,63 target=4927,-2881,8485,0,227,253,30
elapsed=9760 source=047A action=contract pose=3027,1105,6842,207,221,0,63 target=4927,-2881,8485,0,227,253,30
elapsed=9760 source=047A action=contract pose=3078,997,6886,207,221,0,63 target=4927,-2881,8485,0,227,253,30
elapsed=9760 source=047A action=face-immediate pose=3129,889,6930,207,221,0,63 target=4927,-2881,8485,0,227,253,30
elapsed=9760 source=047A action=advance-homing pose=3129,889,6930,208,221,0,63 target=4927,-2881,8485,0,227,253,30
elapsed=9760 source=082B action=advance-aim pose=4181,-1969,8414,208,195,0,63 target=4927,-2881,8485,0,227,253,30
elapsed=9760 source=0966 action=advance-cruise pose=7093,-4916,7583,231,182,0,63 target=4927,-2881,8485,0,227,253,30
elapsed=9763 source=047A action=contract pose=3197,661,6990,208,221,0,63 target=4945,-2881,8506,0,227,252,30
elapsed=9763 source=047A action=contract pose=3249,554,7035,208,221,0,63 target=4945,-2881,8506,0,227,252,30
elapsed=9763 source=047A action=contract pose=3301,447,7080,208,221,0,63 target=4945,-2881,8506,0,227,252,30
elapsed=9763 source=047A action=face-immediate pose=3353,340,7125,208,221,0,63 target=4945,-2881,8506,0,227,252,30
elapsed=9763 source=047A action=advance-homing pose=3353,340,7125,208,222,0,63 target=4945,-2881,8506,0,227,252,30
elapsed=9763 source=082B action=advance-aim pose=4273,-2197,8418,208,195,0,63 target=4945,-2881,8506,0,227,252,30
elapsed=9764 source=082B action=face-smooth pose=4365,-2425,8422,208,195,0,63 target=4945,-2881,8506,0,227,252,30
elapsed=9764 source=0966 action=advance-cruise pose=7285,-5056,7539,231,182,0,63 target=4945,-2881,8506,0,227,252,30
elapsed=9767 source=047A action=contract pose=3421,112,7185,208,222,0,63 target=4963,-2881,8527,0,227,252,30
elapsed=9767 source=047A action=contract pose=3475,6,7232,208,222,0,63 target=4963,-2881,8527,0,227,252,30
elapsed=9767 source=047A action=contract pose=3529,-100,7279,208,222,0,63 target=4963,-2881,8527,0,227,252,30
elapsed=9767 source=047A action=face-immediate pose=3583,-206,7326,208,222,0,63 target=4963,-2881,8527,0,227,252,30
elapsed=9767 source=047A action=advance-homing pose=3583,-206,7326,209,222,0,63 target=4963,-2881,8527,0,227,252,30
elapsed=9767 source=082B action=advance-aim pose=4365,-2425,8422,210,196,0,63 target=4963,-2881,8527,0,227,252,30
elapsed=9771 source=047A action=contract pose=3655,-434,7390,209,222,0,63 target=4981,-2881,8548,0,227,252,30
elapsed=9771 source=047A action=contract pose=3710,-538,7438,209,222,0,63 target=4981,-2881,8548,0,227,252,30
elapsed=9771 source=047A action=contract pose=3765,-642,7486,209,222,0,63 target=4981,-2881,8548,0,227,252,30
elapsed=9771 source=047A action=face-immediate pose=3820,-746,7534,209,222,0,63 target=4981,-2881,8548,0,227,252,30
elapsed=9771 source=047A action=advance-homing pose=3820,-746,7534,210,222,0,63 target=4981,-2881,8548,0,227,252,30
elapsed=9771 source=082B action=advance-aim pose=4469,-2649,8430,210,196,0,63 target=4981,-2881,8548,0,227,252,30
elapsed=9771 source=082B action=face-smooth pose=4573,-2873,8438,210,196,0,63 target=4981,-2881,8548,0,227,252,30
elapsed=9774 source=047A action=contract pose=3896,-970,7602,210,222,0,63 target=4999,-2881,8569,0,227,252,30
elapsed=9774 source=047A action=contract pose=3954,-1071,7653,210,222,0,63 target=4999,-2881,8569,0,227,252,30
elapsed=9774 source=047A action=contract pose=4012,-1172,7703,210,222,0,63 target=4999,-2881,8569,0,227,252,30
elapsed=9775 source=047A action=face-immediate pose=4070,-1273,7754,210,222,0,63 target=4999,-2881,8569,0,227,252,30
elapsed=9775 source=047A action=advance-homing pose=4070,-1273,7754,211,222,0,63 target=4999,-2881,8569,0,227,252,30
elapsed=9775 source=082B action=advance-aim pose=4573,-2873,8438,221,197,0,63 target=4999,-2881,8569,0,227,252,30
elapsed=9778 source=047A action=contract pose=4150,-1493,7826,211,222,0,63 target=5017,-2881,8590,0,227,253,30
elapsed=9778 source=047A action=contract pose=4211,-1591,7879,211,222,0,63 target=5017,-2881,8590,0,227,253,30
elapsed=9778 source=047A action=contract pose=4271,-1689,7932,211,222,0,63 target=5017,-2881,8590,0,227,253,30
elapsed=9778 source=047A action=face-immediate pose=4332,-1787,7985,211,222,0,63 target=5017,-2881,8590,0,227,253,30
elapsed=9778 source=047A action=advance-homing pose=4332,-1787,7985,212,222,0,63 target=5017,-2881,8590,0,227,253,30
elapsed=9778 source=082B action=advance-aim pose=4729,-3061,8454,221,197,0,63 target=5017,-2881,8590,0,227,253,30
elapsed=9778 source=082B action=face-smooth pose=4885,-3249,8470,221,197,0,63 target=5017,-2881,8590,0,227,253,30
elapsed=9782 source=047A action=face-immediate pose=4416,-2007,8057,212,222,0,63 target=5035,-2881,8611,0,227,253,30
elapsed=9782 source=047A action=set-cruise-speed pose=4416,-2007,8057,214,222,0,63 target=5035,-2881,8611,0,227,253,30
elapsed=9782 source=047A action=advance-aim pose=4416,-2007,8057,214,222,0,63 target=5035,-2881,8611,0,227,253,30
elapsed=9782 source=082B action=advance-aim pose=4885,-3249,8470,242,203,0,63 target=5035,-2881,8611,0,227,253,30
elapsed=9786 source=047A action=advance-aim pose=4508,-2219,8137,214,222,0,63 target=5053,-2881,8632,0,227,254,30
elapsed=9786 source=047A action=face-smooth pose=4600,-2431,8217,214,222,0,63 target=5053,-2881,8632,0,227,254,30
elapsed=9786 source=082B action=advance-cruise pose=5105,-3329,8526,242,203,0,63 target=5053,-2881,8632,0,227,254,30
elapsed=9789 source=047A action=advance-aim pose=4600,-2431,8217,215,223,0,63 target=5071,-2881,8653,0,227,254,30
elapsed=9789 source=082B action=advance-cruise pose=5325,-3409,8582,242,203,0,63 target=5071,-2881,8653,0,227,254,30
elapsed=9793 source=047A action=advance-aim pose=4692,-2639,8301,215,223,0,63 target=5089,-2881,8674,0,227,255,30
elapsed=9793 source=047A action=face-smooth pose=4784,-2847,8385,215,223,0,63 target=5089,-2881,8674,0,227,255,30
elapsed=9793 source=082B action=advance-cruise pose=5545,-3489,8638,242,203,0,63 target=5089,-2881,8674,0,227,255,30
elapsed=9796 source=047A action=advance-aim pose=4784,-2847,8385,224,223,0,63 target=5107,-2881,8695,0,227,0,30
elapsed=9797 source=082B action=advance-cruise pose=5765,-3569,8694,242,203,0,63 target=5107,-2881,8695,0,227,0,30
elapsed=9800 source=047A action=advance-aim pose=4904,-3019,8501,224,223,0,63 target=5125,-2881,8716,0,227,1,30
elapsed=9800 source=047A action=face-smooth pose=5024,-3191,8617,224,223,0,63 target=5125,-2881,8716,0,227,1,30
elapsed=9800 source=082B action=advance-cruise pose=5985,-3649,8750,242,203,0,63 target=5125,-2881,8716,0,227,1,30
elapsed=9804 source=047A action=advance-aim pose=5024,-3191,8617,245,224,0,63 target=5143,-2881,8737,0,227,2,30
elapsed=9804 source=082B action=advance-cruise pose=6205,-3729,8806,242,203,0,63 target=5143,-2881,8737,0,227,2,30
elapsed=9807 source=047A action=advance-cruise pose=5184,-3255,8777,245,224,0,63 target=5161,-2881,8758,0,227,2,30
elapsed=9807 source=082B action=advance-cruise pose=6425,-3809,8862,242,203,0,63 target=5161,-2881,8758,0,227,2,30
elapsed=9811 source=047A action=advance-cruise pose=5344,-3319,8937,245,224,0,63 target=5179,-2881,8779,0,227,3,30
elapsed=9811 source=082B action=advance-cruise pose=6645,-3889,8918,242,203,0,63 target=5179,-2881,8779,0,227,3,30
elapsed=9814 source=047A action=advance-cruise pose=5504,-3383,9097,245,224,0,63 target=5197,-2881,8800,0,227,3,30
elapsed=9814 source=082B action=advance-cruise pose=6865,-3969,8974,242,203,0,63 target=5197,-2881,8800,0,227,3,30
elapsed=9817 source=047A action=advance-cruise pose=5664,-3447,9257,245,224,0,63 target=5215,-2881,8821,0,227,4,30
elapsed=9817 source=082B action=advance-cruise pose=7085,-4049,9030,242,203,0,63 target=5215,-2881,8821,0,227,4,30
elapsed=9821 source=047A action=advance-cruise pose=5824,-3511,9417,245,224,0,63 target=5233,-2881,8842,0,227,4,30
elapsed=9821 source=082B action=advance-cruise pose=7305,-4129,9086,242,203,0,63 target=5233,-2881,8842,0,227,4,30
elapsed=9824 source=047A action=advance-cruise pose=5984,-3575,9577,245,224,0,63 target=5251,-2881,8863,0,227,4,30
elapsed=9824 source=082B action=advance-cruise pose=7525,-4209,9142,242,203,0,63 target=5251,-2881,8863,0,227,4,30
elapsed=9828 source=047A action=advance-cruise pose=6144,-3639,9737,245,224,0,63 target=5269,-2881,8884,0,227,4,30
elapsed=9828 source=082B action=advance-cruise pose=7745,-4289,9198,242,203,0,63 target=5269,-2881,8884,0,227,4,30
elapsed=9831 source=047A action=advance-cruise pose=6304,-3703,9897,245,224,0,63 target=5287,-2881,8905,0,227,3,30
elapsed=9831 source=082B action=advance-cruise pose=7965,-4369,9254,242,203,0,63 target=5287,-2881,8905,0,227,3,30
elapsed=9835 source=047A action=advance-cruise pose=6464,-3767,10057,245,224,0,63 target=5305,-2881,8926,0,227,3,30
elapsed=9835 source=082B action=advance-cruise pose=8185,-4449,9310,242,203,0,63 target=5305,-2881,8926,0,227,3,30
elapsed=9838 source=047A action=advance-cruise pose=6624,-3831,10217,245,224,0,63 target=5323,-2881,8947,0,227,2,30
elapsed=9841 source=047A action=advance-cruise pose=6784,-3895,10377,245,224,0,63 target=5341,-2881,8968,0,227,2,30
elapsed=9845 source=047A action=advance-cruise pose=6944,-3959,10537,245,224,0,63 target=5359,-2881,8989,0,227,1,30
elapsed=9848 source=047A action=advance-cruise pose=7104,-4023,10697,245,224,0,63 target=5377,-2881,9010,0,227,0,30
elapsed=9852 source=047A action=advance-cruise pose=7264,-4087,10857,245,224,0,63 target=5395,-2881,9031,0,227,255,30
elapsed=9855 source=047A action=advance-cruise pose=7424,-4151,11017,245,224,0,63 target=5413,-2881,9052,0,227,254,30
elapsed=10111 source=0672 action=set-cruise-speed pose=764,10740,2196,211,231,0,30 target=6817,-2881,10690,0,227,3,30
elapsed=10111 source=0672 action=contract pose=764,10740,2196,211,231,0,63 target=6817,-2881,10690,0,227,3,30
elapsed=10111 source=0672 action=contract pose=12370,-15378,18483,211,231,0,63 target=6817,-2881,10690,0,227,3,30
elapsed=10111 source=0672 action=contract pose=12324,-15277,18419,211,231,0,63 target=6817,-2881,10690,0,227,3,30
elapsed=10111 source=0672 action=face-immediate pose=12278,-15176,18355,211,231,0,63 target=6817,-2881,10690,0,227,3,30
elapsed=10111 source=0672 action=advance-homing pose=12278,-15176,18355,44,103,0,63 target=6817,-2881,10690,0,227,3,30
elapsed=10114 source=0672 action=contract pose=12214,-14956,18263,44,103,0,63 target=6835,-2881,10711,0,227,4,30
elapsed=10114 source=0672 action=contract pose=12168,-14855,18199,44,103,0,63 target=6835,-2881,10711,0,227,4,30
elapsed=10114 source=0672 action=contract pose=12122,-14754,18135,44,103,0,63 target=6835,-2881,10711,0,227,4,30
elapsed=10114 source=0672 action=face-immediate pose=12076,-14653,18071,44,103,0,63 target=6835,-2881,10711,0,227,4,30
elapsed=10114 source=0672 action=advance-homing pose=12076,-14653,18071,44,103,0,63 target=6835,-2881,10711,0,227,4,30
elapsed=10117 source=0672 action=contract pose=12012,-14433,17979,44,103,0,63 target=6853,-2881,10732,0,227,4,30
elapsed=10117 source=0672 action=contract pose=11966,-14332,17915,44,103,0,63 target=6853,-2881,10732,0,227,4,30
elapsed=10117 source=0672 action=contract pose=11920,-14231,17851,44,103,0,63 target=6853,-2881,10732,0,227,4,30
elapsed=10117 source=0672 action=face-immediate pose=11874,-14130,17787,44,103,0,63 target=6853,-2881,10732,0,227,4,30
elapsed=10117 source=0672 action=advance-homing pose=11874,-14130,17787,44,103,0,63 target=6853,-2881,10732,0,227,4,30
elapsed=10120 source=0672 action=contract pose=11810,-13910,17695,44,103,0,63 target=6871,-2881,10753,0,227,4,30
elapsed=10121 source=0672 action=contract pose=11764,-13810,17631,44,103,0,63 target=6871,-2881,10753,0,227,4,30
elapsed=10121 source=0672 action=contract pose=11718,-13710,17567,44,103,0,63 target=6871,-2881,10753,0,227,4,30
elapsed=10121 source=0672 action=face-immediate pose=11672,-13610,17503,44,103,0,63 target=6871,-2881,10753,0,227,4,30
elapsed=10121 source=0672 action=advance-homing pose=11672,-13610,17503,44,103,0,63 target=6871,-2881,10753,0,227,4,30
elapsed=10124 source=0672 action=contract pose=11608,-13390,17411,44,103,0,63 target=6889,-2881,10774,0,227,4,30
elapsed=10124 source=0672 action=contract pose=11562,-13290,17347,44,103,0,63 target=6889,-2881,10774,0,227,4,30
elapsed=10124 source=0672 action=contract pose=11516,-13190,17283,44,103,0,63 target=6889,-2881,10774,0,227,4,30
elapsed=10124 source=0672 action=face-immediate pose=11470,-13090,17219,44,103,0,63 target=6889,-2881,10774,0,227,4,30
elapsed=10124 source=0672 action=advance-homing pose=11470,-13090,17219,44,103,0,63 target=6889,-2881,10774,0,227,4,30
elapsed=10127 source=0672 action=contract pose=11406,-12870,17127,44,103,0,63 target=6907,-2881,10795,0,227,3,30
elapsed=10127 source=0672 action=contract pose=11360,-12770,17062,44,103,0,63 target=6907,-2881,10795,0,227,3,30
elapsed=10127 source=0672 action=contract pose=11314,-12670,16998,44,103,0,63 target=6907,-2881,10795,0,227,3,30
elapsed=10127 source=0672 action=face-immediate pose=11268,-12570,16933,44,103,0,63 target=6907,-2881,10795,0,227,3,30
elapsed=10127 source=0672 action=advance-homing pose=11268,-12570,16933,44,103,0,63 target=6907,-2881,10795,0,227,3,30
elapsed=10130 source=0672 action=contract pose=11204,-12350,16841,44,103,0,63 target=6925,-2881,10816,0,227,3,30
elapsed=10130 source=0672 action=contract pose=11158,-12250,16776,44,103,0,63 target=6925,-2881,10816,0,227,3,30
elapsed=10130 source=0672 action=contract pose=11112,-12150,16711,44,103,0,63 target=6925,-2881,10816,0,227,3,30
elapsed=10130 source=0672 action=face-immediate pose=11066,-12050,16647,44,103,0,63 target=6925,-2881,10816,0,227,3,30
elapsed=10130 source=0672 action=advance-homing pose=11066,-12050,16647,44,103,0,63 target=6925,-2881,10816,0,227,3,30
elapsed=10133 source=0672 action=contract pose=11002,-11830,16555,44,103,0,63 target=6943,-2881,10837,0,227,2,30
elapsed=10133 source=0672 action=contract pose=10956,-11730,16490,44,103,0,63 target=6943,-2881,10837,0,227,2,30
elapsed=10133 source=0672 action=contract pose=10910,-11630,16425,44,103,0,63 target=6943,-2881,10837,0,227,2,30
elapsed=10133 source=0672 action=face-immediate pose=10864,-11530,16360,44,103,0,63 target=6943,-2881,10837,0,227,2,30
elapsed=10134 source=0672 action=advance-homing pose=10864,-11530,16360,44,103,0,63 target=6943,-2881,10837,0,227,2,30
elapsed=10137 source=0672 action=contract pose=10800,-11310,16268,44,103,0,63 target=6961,-2881,10858,0,227,2,30
elapsed=10137 source=0672 action=contract pose=10754,-11210,16203,44,103,0,63 target=6961,-2881,10858,0,227,2,30
elapsed=10137 source=0672 action=contract pose=10708,-11111,16138,44,103,0,63 target=6961,-2881,10858,0,227,2,30
elapsed=10137 source=0672 action=face-immediate pose=10662,-11011,16073,44,103,0,63 target=6961,-2881,10858,0,227,2,30
elapsed=10137 source=0672 action=advance-homing pose=10662,-11011,16073,44,103,0,63 target=6961,-2881,10858,0,227,2,30
elapsed=10140 source=0672 action=contract pose=10598,-10791,15981,44,103,0,63 target=6979,-2881,10879,0,227,1,30
elapsed=10140 source=0672 action=contract pose=10552,-10692,15916,44,103,0,63 target=6979,-2881,10879,0,227,1,30
elapsed=10140 source=0672 action=contract pose=10505,-10593,15851,44,103,0,63 target=6979,-2881,10879,0,227,1,30
elapsed=10140 source=0672 action=face-immediate pose=10459,-10493,15786,44,103,0,63 target=6979,-2881,10879,0,227,1,30
elapsed=10140 source=0672 action=advance-homing pose=10459,-10493,15786,44,103,0,63 target=6979,-2881,10879,0,227,1,30
elapsed=10143 source=0672 action=contract pose=10395,-10273,15694,44,103,0,63 target=6997,-2881,10900,0,227,0,30
elapsed=10143 source=0672 action=contract pose=10348,-10174,15629,44,103,0,63 target=6997,-2881,10900,0,227,0,30
elapsed=10143 source=0672 action=contract pose=10302,-10075,15564,44,103,0,63 target=6997,-2881,10900,0,227,0,30
elapsed=10143 source=0672 action=face-immediate pose=10256,-9976,15499,44,103,0,63 target=6997,-2881,10900,0,227,0,30
elapsed=10143 source=0672 action=advance-homing pose=10256,-9976,15499,44,103,0,63 target=6997,-2881,10900,0,227,0,30
elapsed=10146 source=0672 action=contract pose=10192,-9756,15407,44,103,0,63 target=7015,-2881,10921,0,227,255,30
elapsed=10146 source=0672 action=contract pose=10145,-9657,15341,44,103,0,63 target=7015,-2881,10921,0,227,255,30
elapsed=10146 source=0672 action=contract pose=10098,-9558,15275,44,103,0,63 target=7015,-2881,10921,0,227,255,30
elapsed=10146 source=0672 action=face-immediate pose=10051,-9459,15209,44,103,0,63 target=7015,-2881,10921,0,227,255,30
elapsed=10146 source=0672 action=advance-homing pose=10051,-9459,15209,43,103,0,63 target=7015,-2881,10921,0,227,255,30
elapsed=10149 source=0672 action=contract pose=9987,-9243,15113,43,103,0,63 target=7033,-2881,10942,0,227,254,30
elapsed=10150 source=0672 action=contract pose=9940,-9144,15047,43,103,0,63 target=7033,-2881,10942,0,227,254,30
elapsed=10150 source=0672 action=contract pose=9893,-9045,14981,43,103,0,63 target=7033,-2881,10942,0,227,254,30
elapsed=10150 source=0672 action=face-immediate pose=9846,-8946,14915,43,103,0,63 target=7033,-2881,10942,0,227,254,30
elapsed=10150 source=0672 action=advance-homing pose=9846,-8946,14915,43,103,0,63 target=7033,-2881,10942,0,227,254,30
elapsed=10153 source=0672 action=contract pose=9782,-8730,14819,43,103,0,63 target=7051,-2881,10963,0,227,254,30
elapsed=10153 source=0672 action=contract pose=9735,-8631,14753,43,103,0,63 target=7051,-2881,10963,0,227,254,30
elapsed=10153 source=0672 action=contract pose=9688,-8533,14687,43,103,0,63 target=7051,-2881,10963,0,227,254,30
elapsed=10153 source=0672 action=face-immediate pose=9641,-8434,14621,43,103,0,63 target=7051,-2881,10963,0,227,254,30
elapsed=10153 source=0672 action=advance-homing pose=9641,-8434,14621,43,103,0,63 target=7051,-2881,10963,0,227,254,30
elapsed=10156 source=0672 action=contract pose=9577,-8218,14525,43,103,0,63 target=7069,-2881,10984,0,227,253,30
elapsed=10156 source=0672 action=contract pose=9530,-8120,14459,43,103,0,63 target=7069,-2881,10984,0,227,253,30
elapsed=10156 source=0672 action=contract pose=9483,-8022,14393,43,103,0,63 target=7069,-2881,10984,0,227,253,30
elapsed=10156 source=0672 action=face-immediate pose=9436,-7924,14327,43,103,0,63 target=7069,-2881,10984,0,227,253,30
elapsed=10156 source=0672 action=advance-homing pose=9436,-7924,14327,43,103,0,63 target=7069,-2881,10984,0,227,253,30
elapsed=10159 source=0672 action=contract pose=9372,-7708,14231,43,103,0,63 target=7087,-2881,11005,0,227,253,30
elapsed=10159 source=0672 action=contract pose=9325,-7610,14165,43,103,0,63 target=7087,-2881,11005,0,227,253,30
elapsed=10159 source=0672 action=contract pose=9278,-7512,14099,43,103,0,63 target=7087,-2881,11005,0,227,253,30
elapsed=10159 source=0672 action=face-immediate pose=9231,-7414,14033,43,103,0,63 target=7087,-2881,11005,0,227,253,30
elapsed=10159 source=0672 action=advance-homing pose=9231,-7414,14033,43,103,0,63 target=7087,-2881,11005,0,227,253,30
elapsed=10163 source=05B5 action=set-cruise-speed pose=2876,10094,5204,206,231,0,30 target=7105,-2881,11026,0,227,252,30
elapsed=10163 source=05B5 action=contract pose=2876,10094,5204,206,231,0,63 target=7105,-2881,11026,0,227,252,30
elapsed=10163 source=05B5 action=contract pose=2912,9981,5254,206,231,0,63 target=7105,-2881,11026,0,227,252,30
elapsed=10163 source=05B5 action=contract pose=2948,9868,5304,206,231,0,63 target=7105,-2881,11026,0,227,252,30
elapsed=10163 source=05B5 action=face-immediate pose=2984,9755,5354,206,231,0,63 target=7105,-2881,11026,0,227,252,30
elapsed=10163 source=05B5 action=advance-homing pose=2984,9755,5354,206,231,0,63 target=7105,-2881,11026,0,227,252,30
elapsed=10164 source=0672 action=contract pose=9167,-7198,13937,43,103,0,63 target=7105,-2881,11026,0,227,252,30
elapsed=10164 source=0672 action=contract pose=9119,-7100,13870,43,103,0,63 target=7105,-2881,11026,0,227,252,30
elapsed=10164 source=0672 action=contract pose=9072,-7002,13803,43,103,0,63 target=7105,-2881,11026,0,227,252,30
elapsed=10164 source=0672 action=face-immediate pose=9025,-6904,13736,43,103,0,63 target=7105,-2881,11026,0,227,252,30
elapsed=10164 source=0672 action=advance-homing pose=9025,-6904,13736,43,103,0,63 target=7105,-2881,11026,0,227,252,30
elapsed=10167 source=05B5 action=contract pose=3028,9523,5418,206,231,0,63 target=7123,-2881,11047,0,227,252,30
elapsed=10167 source=05B5 action=contract pose=3064,9411,5468,206,231,0,63 target=7123,-2881,11047,0,227,252,30
elapsed=10167 source=05B5 action=contract pose=3100,9299,5518,206,231,0,63 target=7123,-2881,11047,0,227,252,30
elapsed=10167 source=05B5 action=face-immediate pose=3136,9187,5568,206,231,0,63 target=7123,-2881,11047,0,227,252,30
elapsed=10167 source=05B5 action=advance-homing pose=3136,9187,5568,206,231,0,63 target=7123,-2881,11047,0,227,252,30
elapsed=10167 source=0672 action=contract pose=8961,-6688,13640,43,103,0,63 target=7123,-2881,11047,0,227,252,30
elapsed=10167 source=0672 action=contract pose=8913,-6591,13573,43,103,0,63 target=7123,-2881,11047,0,227,252,30
elapsed=10167 source=0672 action=contract pose=8865,-6494,13506,43,103,0,63 target=7123,-2881,11047,0,227,252,30
elapsed=10167 source=0672 action=face-immediate pose=8817,-6397,13439,43,103,0,63 target=7123,-2881,11047,0,227,252,30
elapsed=10167 source=0672 action=advance-homing pose=8817,-6397,13439,43,103,0,63 target=7123,-2881,11047,0,227,252,30
elapsed=10171 source=05B5 action=contract pose=3180,8955,5632,206,231,0,63 target=7141,-2881,11068,0,227,252,30
elapsed=10171 source=05B5 action=contract pose=3216,8843,5682,206,231,0,63 target=7141,-2881,11068,0,227,252,30
elapsed=10171 source=05B5 action=contract pose=3252,8731,5733,206,231,0,63 target=7141,-2881,11068,0,227,252,30
elapsed=10171 source=05B5 action=face-immediate pose=3288,8619,5783,206,231,0,63 target=7141,-2881,11068,0,227,252,30
elapsed=10171 source=05B5 action=advance-homing pose=3288,8619,5783,206,231,0,63 target=7141,-2881,11068,0,227,252,30
elapsed=10171 source=0672 action=contract pose=8753,-6181,13343,43,103,0,63 target=7141,-2881,11068,0,227,252,30
elapsed=10171 source=0672 action=contract pose=8705,-6084,13275,43,103,0,63 target=7141,-2881,11068,0,227,252,30
elapsed=10171 source=0672 action=contract pose=8657,-5987,13207,43,103,0,63 target=7141,-2881,11068,0,227,252,30
elapsed=10171 source=0672 action=face-immediate pose=8609,-5890,13139,43,103,0,63 target=7141,-2881,11068,0,227,252,30
elapsed=10171 source=0672 action=advance-homing pose=8609,-5890,13139,43,103,0,63 target=7141,-2881,11068,0,227,252,30
elapsed=10174 source=05B5 action=contract pose=3332,8387,5847,206,231,0,63 target=7159,-2881,11089,0,227,252,30
elapsed=10174 source=05B5 action=contract pose=3369,8276,5898,206,231,0,63 target=7159,-2881,11089,0,227,252,30
elapsed=10174 source=05B5 action=contract pose=3406,8164,5949,206,231,0,63 target=7159,-2881,11089,0,227,252,30
elapsed=10174 source=05B5 action=face-immediate pose=3443,8053,6000,206,231,0,63 target=7159,-2881,11089,0,227,252,30
elapsed=10174 source=05B5 action=advance-homing pose=3443,8053,6000,207,231,0,63 target=7159,-2881,11089,0,227,252,30
elapsed=10175 source=0672 action=contract pose=8545,-5674,13043,43,103,0,63 target=7159,-2881,11089,0,227,252,30
elapsed=10175 source=0672 action=contract pose=8497,-5578,12975,43,103,0,63 target=7159,-2881,11089,0,227,252,30
elapsed=10175 source=0672 action=contract pose=8449,-5482,12907,43,103,0,63 target=7159,-2881,11089,0,227,252,30
elapsed=10175 source=0672 action=face-immediate pose=8401,-5386,12839,43,103,0,63 target=7159,-2881,11089,0,227,252,30
elapsed=10175 source=0672 action=advance-homing pose=8401,-5386,12839,42,103,0,63 target=7159,-2881,11089,0,227,252,30
elapsed=10178 source=05B5 action=contract pose=3491,7821,6068,207,231,0,63 target=7177,-2881,11110,0,227,253,30
elapsed=10178 source=05B5 action=contract pose=3528,7710,6119,207,231,0,63 target=7177,-2881,11110,0,227,253,30
elapsed=10178 source=05B5 action=contract pose=3565,7599,6170,207,231,0,63 target=7177,-2881,11110,0,227,253,30
elapsed=10178 source=05B5 action=face-immediate pose=3602,7488,6221,207,231,0,63 target=7177,-2881,11110,0,227,253,30
elapsed=10178 source=05B5 action=advance-homing pose=3602,7488,6221,207,231,0,63 target=7177,-2881,11110,0,227,253,30
elapsed=10178 source=0672 action=contract pose=8333,-5174,12739,42,103,0,63 target=7177,-2881,11110,0,227,253,30
elapsed=10178 source=0672 action=contract pose=8284,-5079,12670,42,103,0,63 target=7177,-2881,11110,0,227,253,30
elapsed=10178 source=0672 action=contract pose=8235,-4984,12601,42,103,0,63 target=7177,-2881,11110,0,227,253,30
elapsed=10178 source=0672 action=face-immediate pose=8186,-4889,12532,42,103,0,63 target=7177,-2881,11110,0,227,253,30
elapsed=10178 source=0672 action=advance-homing pose=8186,-4889,12532,42,103,0,63 target=7177,-2881,11110,0,227,253,30
elapsed=10182 source=05B5 action=contract pose=3650,7256,6289,207,231,0,63 target=7195,-2881,11131,0,227,253,30
elapsed=10182 source=05B5 action=contract pose=3688,7146,6341,207,231,0,63 target=7195,-2881,11131,0,227,253,30
elapsed=10182 source=05B5 action=contract pose=3726,7036,6393,207,231,0,63 target=7195,-2881,11131,0,227,253,30
elapsed=10182 source=05B5 action=face-immediate pose=3764,6925,6445,207,231,0,63 target=7195,-2881,11131,0,227,253,30
elapsed=10182 source=05B5 action=advance-homing pose=3764,6925,6445,207,231,0,63 target=7195,-2881,11131,0,227,253,30
elapsed=10182 source=0672 action=contract pose=8118,-4677,12432,42,103,0,63 target=7195,-2881,11131,0,227,253,30
elapsed=10182 source=0672 action=contract pose=8069,-4582,12363,42,103,0,63 target=7195,-2881,11131,0,227,253,30
elapsed=10182 source=0672 action=contract pose=8020,-4487,12294,42,103,0,63 target=7195,-2881,11131,0,227,253,30
elapsed=10182 source=0672 action=face-immediate pose=7971,-4392,12225,42,103,0,63 target=7195,-2881,11131,0,227,253,30
elapsed=10182 source=0672 action=advance-homing pose=7971,-4392,12225,42,103,0,63 target=7195,-2881,11131,0,227,253,30
elapsed=10186 source=05B5 action=contract pose=3812,6693,6513,207,231,0,63 target=7213,-2881,11152,0,227,254,30
elapsed=10186 source=05B5 action=contract pose=3850,6583,6565,207,231,0,63 target=7213,-2881,11152,0,227,254,30
elapsed=10186 source=05B5 action=contract pose=3888,6473,6617,207,231,0,63 target=7213,-2881,11152,0,227,254,30
elapsed=10186 source=05B5 action=face-immediate pose=3926,6363,6670,207,231,0,63 target=7213,-2881,11152,0,227,254,30
elapsed=10186 source=05B5 action=advance-homing pose=3926,6363,6670,207,231,0,63 target=7213,-2881,11152,0,227,254,30
elapsed=10186 source=0672 action=contract pose=7903,-4180,12125,42,103,0,63 target=7213,-2881,11152,0,227,254,30
elapsed=10186 source=0672 action=contract pose=7853,-4087,12054,42,103,0,63 target=7213,-2881,11152,0,227,254,30
elapsed=10186 source=0672 action=contract pose=7803,-3994,11983,42,103,0,63 target=7213,-2881,11152,0,227,254,30
elapsed=10186 source=0672 action=face-immediate pose=7753,-3901,11913,42,103,0,63 target=7213,-2881,11152,0,227,254,30
elapsed=10186 source=0672 action=advance-homing pose=7753,-3901,11913,41,103,0,63 target=7213,-2881,11152,0,227,254,30
elapsed=10190 source=05B5 action=contract pose=3974,6131,6738,207,231,0,63 target=7231,-2881,11173,0,227,254,30
elapsed=10190 source=05B5 action=contract pose=4013,6021,6791,207,231,0,63 target=7231,-2881,11173,0,227,254,30
elapsed=10190 source=05B5 action=contract pose=4052,5912,6844,207,231,0,63 target=7231,-2881,11173,0,227,254,30
elapsed=10190 source=05B5 action=face-immediate pose=4091,5803,6897,207,231,0,63 target=7231,-2881,11173,0,227,254,30
elapsed=10190 source=05B5 action=advance-homing pose=4091,5803,6897,207,231,0,63 target=7231,-2881,11173,0,227,254,30
elapsed=10190 source=0672 action=face-immediate pose=7681,-3693,11809,41,103,0,63 target=7231,-2881,11173,0,227,254,30
elapsed=10190 source=0672 action=set-cruise-speed pose=7681,-3693,11809,40,103,0,63 target=7231,-2881,11173,0,227,254,30
elapsed=10190 source=0672 action=advance-aim pose=7681,-3693,11809,40,103,0,63 target=7231,-2881,11173,0,227,254,30
elapsed=10194 source=05B5 action=contract pose=4139,5571,6965,207,231,0,63 target=7249,-2881,11194,0,227,255,30
elapsed=10194 source=05B5 action=contract pose=4178,5462,7018,207,231,0,63 target=7249,-2881,11194,0,227,255,30
elapsed=10194 source=05B5 action=contract pose=4217,5353,7071,207,231,0,63 target=7249,-2881,11194,0,227,255,30
elapsed=10194 source=05B5 action=face-immediate pose=4256,5244,7124,207,231,0,63 target=7249,-2881,11194,0,227,255,30
elapsed=10194 source=05B5 action=advance-homing pose=4256,5244,7124,208,231,0,63 target=7249,-2881,11194,0,227,255,30
elapsed=10194 source=0672 action=advance-aim pose=7605,-3489,11701,40,103,0,63 target=7249,-2881,11194,0,227,255,30
elapsed=10194 source=0672 action=face-smooth pose=7529,-3285,11593,40,103,0,63 target=7249,-2881,11194,0,227,255,30
elapsed=10198 source=05B5 action=contract pose=4308,5016,7196,208,231,0,63 target=7267,-2881,11215,0,227,0,30
elapsed=10198 source=05B5 action=contract pose=4348,4908,7250,208,231,0,63 target=7267,-2881,11215,0,227,0,30
elapsed=10198 source=05B5 action=contract pose=4388,4800,7304,208,231,0,63 target=7267,-2881,11215,0,227,0,30
elapsed=10198 source=05B5 action=face-immediate pose=4428,4692,7358,208,231,0,63 target=7267,-2881,11215,0,227,0,30
elapsed=10198 source=05B5 action=advance-homing pose=4428,4692,7358,208,231,0,63 target=7267,-2881,11215,0,227,0,30
elapsed=10198 source=0672 action=advance-aim pose=7529,-3285,11593,39,104,0,63 target=7267,-2881,11215,0,227,0,30
elapsed=10202 source=05B5 action=contract pose=4480,4464,7430,208,231,0,63 target=7285,-2881,11236,0,227,1,30
elapsed=10202 source=05B5 action=contract pose=4520,4356,7485,208,231,0,63 target=7285,-2881,11236,0,227,1,30
elapsed=10202 source=05B5 action=contract pose=4560,4248,7540,208,231,0,63 target=7285,-2881,11236,0,227,1,30
elapsed=10202 source=05B5 action=face-immediate pose=4600,4140,7595,208,231,0,63 target=7285,-2881,11236,0,227,1,30
elapsed=10202 source=05B5 action=advance-homing pose=4600,4140,7595,208,231,0,63 target=7285,-2881,11236,0,227,1,30
elapsed=10202 source=0672 action=advance-aim pose=7453,-3085,11477,39,104,0,63 target=7285,-2881,11236,0,227,1,30
elapsed=10202 source=0672 action=face-smooth pose=7377,-2885,11361,39,104,0,63 target=7285,-2881,11236,0,227,1,30
elapsed=10206 source=05B5 action=contract pose=4652,3912,7667,208,231,0,63 target=7303,-2881,11257,0,227,2,30
elapsed=10206 source=05B5 action=contract pose=4693,3805,7723,208,231,0,63 target=7303,-2881,11257,0,227,2,30
elapsed=10206 source=05B5 action=contract pose=4734,3698,7779,208,231,0,63 target=7303,-2881,11257,0,227,2,30
elapsed=10206 source=05B5 action=face-immediate pose=4775,3591,7835,208,231,0,63 target=7303,-2881,11257,0,227,2,30
elapsed=10206 source=05B5 action=advance-homing pose=4775,3591,7835,208,231,0,63 target=7303,-2881,11257,0,227,2,30
elapsed=10206 source=0672 action=advance-aim pose=7377,-2885,11361,30,103,0,63 target=7303,-2881,11257,0,227,2,30
elapsed=10210 source=05B5 action=contract pose=4827,3363,7907,208,231,0,63 target=7321,-2881,11278,0,227,2,30
elapsed=10210 source=05B5 action=contract pose=4869,3257,7963,208,231,0,63 target=7321,-2881,11278,0,227,2,30
elapsed=10210 source=05B5 action=contract pose=4911,3150,8019,208,231,0,63 target=7321,-2881,11278,0,227,2,30
elapsed=10210 source=05B5 action=face-immediate pose=4953,3044,8076,208,231,0,63 target=7321,-2881,11278,0,227,2,30
elapsed=10210 source=05B5 action=advance-homing pose=4953,3044,8076,209,231,0,63 target=7321,-2881,11278,0,227,2,30
elapsed=10210 source=0672 action=advance-cruise pose=7277,-2721,11217,30,103,0,63 target=7321,-2881,11278,0,227,2,30
elapsed=10213 source=05B5 action=contract pose=5005,2816,8152,209,231,0,63 target=7339,-2881,11299,0,227,3,30
elapsed=10213 source=05B5 action=contract pose=5048,2710,8209,209,231,0,63 target=7339,-2881,11299,0,227,3,30
elapsed=10214 source=05B5 action=contract pose=5090,2605,8266,209,231,0,63 target=7339,-2881,11299,0,227,3,30
elapsed=10214 source=05B5 action=face-immediate pose=5132,2500,8323,209,231,0,63 target=7339,-2881,11299,0,227,3,30
elapsed=10214 source=05B5 action=advance-homing pose=5132,2500,8323,209,231,0,63 target=7339,-2881,11299,0,227,3,30
elapsed=10214 source=0672 action=advance-cruise pose=7177,-2557,11073,30,103,0,63 target=7339,-2881,11299,0,227,3,30
elapsed=10217 source=05B5 action=contract pose=5184,2272,8399,209,231,0,63 target=7357,-2881,11320,0,227,3,30
elapsed=10217 source=05B5 action=contract pose=5227,2167,8457,209,231,0,63 target=7357,-2881,11320,0,227,3,30
elapsed=10217 source=05B5 action=contract pose=5270,2062,8515,209,231,0,63 target=7357,-2881,11320,0,227,3,30
elapsed=10217 source=05B5 action=face-immediate pose=5313,1958,8573,209,231,0,63 target=7357,-2881,11320,0,227,3,30
elapsed=10217 source=05B5 action=advance-homing pose=5313,1958,8573,210,230,0,63 target=7357,-2881,11320,0,227,3,30
elapsed=10217 source=0672 action=advance-cruise pose=7077,-2393,10929,30,103,0,63 target=7357,-2881,11320,0,227,3,30
elapsed=10221 source=05B5 action=contract pose=5373,1734,8657,210,230,0,63 target=7375,-2881,11341,0,227,4,30
elapsed=10221 source=05B5 action=contract pose=5417,1630,8716,210,230,0,63 target=7375,-2881,11341,0,227,4,30
elapsed=10221 source=05B5 action=contract pose=5461,1526,8775,210,230,0,63 target=7375,-2881,11341,0,227,4,30
elapsed=10221 source=05B5 action=face-immediate pose=5505,1422,8834,210,230,0,63 target=7375,-2881,11341,0,227,4,30
elapsed=10221 source=05B5 action=advance-homing pose=5505,1422,8834,210,230,0,63 target=7375,-2881,11341,0,227,4,30
elapsed=10221 source=0672 action=advance-cruise pose=6977,-2229,10785,30,103,0,63 target=7375,-2881,11341,0,227,4,30
elapsed=10225 source=05B5 action=contract pose=5565,1198,8918,210,230,0,63 target=7393,-2881,11362,0,227,4,30
elapsed=10225 source=05B5 action=contract pose=5610,1096,8978,210,230,0,63 target=7393,-2881,11362,0,227,4,30
elapsed=10225 source=05B5 action=contract pose=5655,994,9038,210,230,0,63 target=7393,-2881,11362,0,227,4,30
elapsed=10225 source=05B5 action=face-immediate pose=5700,892,9098,210,230,0,63 target=7393,-2881,11362,0,227,4,30
elapsed=10225 source=05B5 action=advance-homing pose=5700,892,9098,211,230,0,63 target=7393,-2881,11362,0,227,4,30
elapsed=10225 source=0672 action=advance-cruise pose=6877,-2065,10641,30,103,0,63 target=7393,-2881,11362,0,227,4,30
elapsed=10228 source=05B5 action=contract pose=5764,672,9186,211,230,0,63 target=7411,-2881,11383,0,227,4,30
elapsed=10228 source=05B5 action=contract pose=5810,571,9248,211,230,0,63 target=7411,-2881,11383,0,227,4,30
elapsed=10228 source=05B5 action=contract pose=5856,470,9310,211,230,0,63 target=7411,-2881,11383,0,227,4,30
elapsed=10229 source=05B5 action=face-immediate pose=5902,369,9372,211,230,0,63 target=7411,-2881,11383,0,227,4,30
elapsed=10229 source=05B5 action=advance-homing pose=5902,369,9372,211,230,0,63 target=7411,-2881,11383,0,227,4,30
elapsed=10229 source=0672 action=advance-cruise pose=6777,-1901,10497,30,103,0,63 target=7411,-2881,11383,0,227,4,30
elapsed=10232 source=05B5 action=contract pose=5966,149,9460,211,230,0,63 target=7429,-2881,11404,0,227,4,30
elapsed=10232 source=05B5 action=contract pose=6013,49,9523,211,230,0,63 target=7429,-2881,11404,0,227,4,30
elapsed=10232 source=05B5 action=contract pose=6060,-51,9586,211,230,0,63 target=7429,-2881,11404,0,227,4,30
elapsed=10232 source=05B5 action=face-immediate pose=6107,-151,9649,211,230,0,63 target=7429,-2881,11404,0,227,4,30
elapsed=10232 source=05B5 action=advance-homing pose=6107,-151,9649,212,230,0,63 target=7429,-2881,11404,0,227,4,30
elapsed=10232 source=0672 action=advance-cruise pose=6677,-1737,10353,30,103,0,63 target=7429,-2881,11404,0,227,4,30
elapsed=10236 source=05B5 action=contract pose=6171,-371,9741,212,230,0,63 target=7447,-2881,11425,0,227,3,30
elapsed=10236 source=05B5 action=contract pose=6220,-469,9806,212,230,0,63 target=7447,-2881,11425,0,227,3,30
elapsed=10236 source=05B5 action=contract pose=6269,-567,9871,212,230,0,63 target=7447,-2881,11425,0,227,3,30
elapsed=10236 source=05B5 action=face-immediate pose=6318,-665,9936,212,230,0,63 target=7447,-2881,11425,0,227,3,30
elapsed=10236 source=05B5 action=advance-homing pose=6318,-665,9936,212,230,0,63 target=7447,-2881,11425,0,227,3,30
elapsed=10236 source=0672 action=advance-cruise pose=6577,-1573,10209,30,103,0,63 target=7447,-2881,11425,0,227,3,30
elapsed=10239 source=05B5 action=contract pose=6382,-885,10028,212,230,0,63 target=7465,-2881,11446,0,227,3,30
elapsed=10240 source=05B5 action=contract pose=6433,-980,10095,212,230,0,63 target=7465,-2881,11446,0,227,3,30
elapsed=10240 source=05B5 action=contract pose=6484,-1075,10162,212,230,0,63 target=7465,-2881,11446,0,227,3,30
elapsed=10240 source=05B5 action=face-immediate pose=6535,-1170,10229,212,230,0,63 target=7465,-2881,11446,0,227,3,30
elapsed=10240 source=05B5 action=advance-homing pose=6535,-1170,10229,214,230,0,63 target=7465,-2881,11446,0,227,3,30
elapsed=10240 source=0672 action=advance-cruise pose=6477,-1409,10065,30,103,0,63 target=7465,-2881,11446,0,227,3,30
elapsed=10243 source=05B5 action=contract pose=6607,-1382,10329,214,230,0,63 target=7483,-2881,11467,0,227,2,30
elapsed=10243 source=05B5 action=contract pose=6660,-1474,10398,214,230,0,63 target=7483,-2881,11467,0,227,2,30
elapsed=10243 source=05B5 action=contract pose=6713,-1566,10467,214,230,0,63 target=7483,-2881,11467,0,227,2,30
elapsed=10243 source=05B5 action=face-immediate pose=6766,-1658,10536,214,230,0,63 target=7483,-2881,11467,0,227,2,30
elapsed=10243 source=05B5 action=advance-homing pose=6766,-1658,10536,215,230,0,63 target=7483,-2881,11467,0,227,2,30
elapsed=10243 source=0672 action=advance-cruise pose=6377,-1245,9921,30,103,0,63 target=7483,-2881,11467,0,227,2,30
elapsed=10247 source=05B5 action=contract pose=6838,-1866,10640,215,230,0,63 target=7501,-2881,11488,0,227,2,30
elapsed=10247 source=05B5 action=contract pose=6894,-1954,10712,215,230,0,63 target=7501,-2881,11488,0,227,2,30
elapsed=10247 source=05B5 action=contract pose=6951,-2042,10784,215,230,0,63 target=7501,-2881,11488,0,227,2,30
elapsed=10247 source=05B5 action=face-immediate pose=7008,-2130,10857,215,230,0,63 target=7501,-2881,11488,0,227,2,30
elapsed=10247 source=05B5 action=advance-homing pose=7008,-2130,10857,217,229,0,63 target=7501,-2881,11488,0,227,2,30
elapsed=10247 source=0672 action=advance-cruise pose=6277,-1081,9777,30,103,0,63 target=7501,-2881,11488,0,227,2,30
elapsed=10251 source=05B5 action=face-immediate pose=7092,-2330,10965,217,229,0,63 target=7519,-2881,11509,0,227,1,30
elapsed=10251 source=05B5 action=set-cruise-speed pose=7092,-2330,10965,220,229,0,63 target=7519,-2881,11509,0,227,1,30
elapsed=10251 source=05B5 action=advance-aim pose=7092,-2330,10965,220,229,0,63 target=7519,-2881,11509,0,227,1,30
elapsed=10251 source=0672 action=advance-cruise pose=6177,-917,9633,30,103,0,63 target=7519,-2881,11509,0,227,1,30
elapsed=10254 source=05B5 action=advance-aim pose=7184,-2522,11085,220,229,0,63 target=7537,-2881,11530,0,227,0,30
elapsed=10255 source=05B5 action=face-smooth pose=7276,-2714,11205,220,229,0,63 target=7537,-2881,11530,0,227,0,30
elapsed=10255 source=0672 action=advance-cruise pose=6077,-753,9489,30,103,0,63 target=7537,-2881,11530,0,227,0,30
elapsed=10258 source=05B5 action=advance-aim pose=7276,-2714,11205,223,229,0,63 target=7555,-2881,11551,0,227,255,30
elapsed=10258 source=0672 action=advance-cruise pose=5977,-589,9345,30,103,0,63 target=7555,-2881,11551,0,227,255,30
elapsed=10262 source=05B5 action=advance-aim pose=7376,-2890,11337,223,229,0,63 target=7573,-2881,11572,0,227,254,30
elapsed=10262 source=05B5 action=face-smooth pose=7476,-3066,11469,223,229,0,63 target=7573,-2881,11572,0,227,254,30
elapsed=10262 source=0672 action=advance-cruise pose=5877,-425,9201,30,103,0,63 target=7573,-2881,11572,0,227,254,30
elapsed=10266 source=05B5 action=advance-aim pose=7476,-3066,11469,242,228,0,63 target=7591,-2881,11593,0,227,254,30
elapsed=10269 source=05B5 action=advance-cruise pose=7620,-3146,11645,242,228,0,63 target=7609,-2881,11614,0,227,253,30
elapsed=10272 source=05B5 action=advance-cruise pose=7764,-3226,11821,242,228,0,63 target=7627,-2881,11635,0,227,253,30
elapsed=10276 source=05B5 action=advance-cruise pose=7908,-3306,11997,242,228,0,63 target=7645,-2881,11656,0,227,252,30
elapsed=10279 source=05B5 action=advance-cruise pose=8052,-3386,12173,242,228,0,63 target=7663,-2881,11677,0,227,252,30
elapsed=10283 source=05B5 action=advance-cruise pose=8196,-3466,12349,242,228,0,63 target=7681,-2881,11698,0,227,252,30
elapsed=10286 source=05B5 action=advance-cruise pose=8340,-3546,12525,242,228,0,63 target=7699,-2881,11719,0,227,252,30
elapsed=10290 source=05B5 action=advance-cruise pose=8484,-3626,12701,242,228,0,63 target=7717,-2881,11740,0,227,253,30
elapsed=10293 source=05B5 action=advance-cruise pose=8628,-3706,12877,242,228,0,63 target=7735,-2881,11761,0,227,253,30
elapsed=10297 source=05B5 action=advance-cruise pose=8772,-3786,13053,242,228,0,63 target=7753,-2881,11782,0,227,254,30
elapsed=10300 source=05B5 action=advance-cruise pose=8916,-3866,13229,242,228,0,63 target=7771,-2881,11803,0,227,254,30
elapsed=10303 source=05B5 action=advance-cruise pose=9060,-3946,13405,242,228,0,63 target=7789,-2881,11824,0,227,255,30
elapsed=10307 source=05B5 action=advance-cruise pose=9204,-4026,13581,242,228,0,63 target=7807,-2881,11845,0,227,0,30
elapsed=10310 source=05B5 action=advance-cruise pose=9348,-4106,13757,242,228,0,63 target=7825,-2881,11866,0,227,1,30
elapsed=10314 source=05B5 action=advance-cruise pose=9492,-4186,13933,242,228,0,63 target=7843,-2881,11887,0,227,2,30
elapsed=10317 source=05B5 action=advance-cruise pose=9636,-4266,14109,242,228,0,63 target=7861,-2881,11908,0,227,2,30
elapsed=10603 source=047A action=set-cruise-speed pose=5868,1783,22856,230,144,0,30 target=9553,-2881,13882,0,227,4,30
elapsed=10603 source=047A action=contract pose=5868,1783,22856,230,144,0,63 target=9553,-2881,13882,0,227,4,30
elapsed=10603 source=047A action=contract pose=5911,1727,22749,230,144,0,63 target=9553,-2881,13882,0,227,4,30
elapsed=10603 source=047A action=contract pose=5954,1671,22642,230,144,0,63 target=9553,-2881,13882,0,227,4,30
elapsed=10603 source=047A action=face-immediate pose=5997,1615,22535,230,144,0,63 target=9553,-2881,13882,0,227,4,30
elapsed=10603 source=047A action=advance-homing pose=5997,1615,22535,230,144,0,63 target=9553,-2881,13882,0,227,4,30
elapsed=10606 source=047A action=contract pose=6069,1471,22355,230,144,0,63 target=9571,-2881,13903,0,227,4,30
elapsed=10606 source=047A action=contract pose=6112,1416,22248,230,144,0,63 target=9571,-2881,13903,0,227,4,30
elapsed=10606 source=047A action=contract pose=6155,1361,22141,230,144,0,63 target=9571,-2881,13903,0,227,4,30
elapsed=10606 source=047A action=face-immediate pose=6199,1306,22034,230,144,0,63 target=9571,-2881,13903,0,227,4,30
elapsed=10606 source=047A action=advance-homing pose=6199,1306,22034,230,144,0,63 target=9571,-2881,13903,0,227,4,30
elapsed=10609 source=047A action=contract pose=6271,1162,21854,230,144,0,63 target=9589,-2881,13924,0,227,4,30
elapsed=10609 source=047A action=contract pose=6315,1107,21747,230,144,0,63 target=9589,-2881,13924,0,227,4,30
elapsed=10609 source=047A action=contract pose=6359,1052,21640,230,144,0,63 target=9589,-2881,13924,0,227,4,30
elapsed=10609 source=047A action=face-immediate pose=6403,997,21533,230,144,0,63 target=9589,-2881,13924,0,227,4,30
elapsed=10609 source=047A action=advance-homing pose=6403,997,21533,230,145,0,63 target=9589,-2881,13924,0,227,4,30
elapsed=10613 source=047A action=contract pose=6479,853,21353,230,145,0,63 target=9607,-2881,13945,0,227,3,30
elapsed=10613 source=047A action=contract pose=6523,799,21246,230,145,0,63 target=9607,-2881,13945,0,227,3,30
elapsed=10613 source=047A action=contract pose=6567,745,21139,230,145,0,63 target=9607,-2881,13945,0,227,3,30
elapsed=10613 source=047A action=face-immediate pose=6611,691,21032,230,145,0,63 target=9607,-2881,13945,0,227,3,30
elapsed=10613 source=047A action=advance-homing pose=6611,691,21032,231,145,0,63 target=9607,-2881,13945,0,227,3,30
elapsed=10616 source=047A action=contract pose=6691,551,20852,231,145,0,63 target=9625,-2881,13966,0,227,3,30
elapsed=10616 source=047A action=contract pose=6736,497,20745,231,145,0,63 target=9625,-2881,13966,0,227,3,30
elapsed=10616 source=047A action=contract pose=6781,443,20638,231,145,0,63 target=9625,-2881,13966,0,227,3,30
elapsed=10616 source=047A action=face-immediate pose=6826,389,20531,231,145,0,63 target=9625,-2881,13966,0,227,3,30
elapsed=10616 source=047A action=advance-homing pose=6826,389,20531,231,145,0,63 target=9625,-2881,13966,0,227,3,30
elapsed=10619 source=047A action=contract pose=6906,249,20351,231,145,0,63 target=9643,-2881,13987,0,227,2,30
elapsed=10619 source=047A action=contract pose=6951,196,20244,231,145,0,63 target=9643,-2881,13987,0,227,2,30
elapsed=10619 source=047A action=contract pose=6996,143,20137,231,145,0,63 target=9643,-2881,13987,0,227,2,30
elapsed=10619 source=047A action=face-immediate pose=7041,90,20030,231,145,0,63 target=9643,-2881,13987,0,227,2,30
elapsed=10619 source=047A action=advance-homing pose=7041,90,20030,231,145,0,63 target=9643,-2881,13987,0,227,2,30
elapsed=10622 source=047A action=contract pose=7121,-50,19850,231,145,0,63 target=9661,-2881,14008,0,227,2,30
elapsed=10622 source=047A action=contract pose=7167,-102,19743,231,145,0,63 target=9661,-2881,14008,0,227,2,30
elapsed=10622 source=047A action=contract pose=7213,-154,19636,231,145,0,63 target=9661,-2881,14008,0,227,2,30
elapsed=10622 source=047A action=face-immediate pose=7259,-206,19529,231,145,0,63 target=9661,-2881,14008,0,227,2,30
elapsed=10622 source=047A action=advance-homing pose=7259,-206,19529,232,145,0,63 target=9661,-2881,14008,0,227,2,30
elapsed=10625 source=047A action=contract pose=7339,-342,19345,232,145,0,63 target=9679,-2881,14029,0,227,1,30
elapsed=10625 source=047A action=contract pose=7385,-394,19238,232,145,0,63 target=9679,-2881,14029,0,227,1,30
elapsed=10626 source=047A action=contract pose=7431,-446,19131,232,145,0,63 target=9679,-2881,14029,0,227,1,30
elapsed=10626 source=047A action=face-immediate pose=7478,-498,19024,232,145,0,63 target=9679,-2881,14029,0,227,1,30
elapsed=10626 source=047A action=advance-homing pose=7478,-498,19024,232,145,0,63 target=9679,-2881,14029,0,227,1,30
elapsed=10629 source=047A action=contract pose=7558,-634,18840,232,145,0,63 target=9697,-2881,14050,0,227,0,30
elapsed=10629 source=047A action=contract pose=7605,-685,18733,232,145,0,63 target=9697,-2881,14050,0,227,0,30
elapsed=10629 source=047A action=contract pose=7652,-736,18625,232,145,0,63 target=9697,-2881,14050,0,227,0,30
elapsed=10629 source=047A action=face-immediate pose=7699,-787,18518,232,145,0,63 target=9697,-2881,14050,0,227,0,30
elapsed=10629 source=047A action=advance-homing pose=7699,-787,18518,232,146,0,63 target=9697,-2881,14050,0,227,0,30
elapsed=10632 source=047A action=contract pose=7783,-923,18338,232,146,0,63 target=9715,-2881,14071,0,227,255,30
elapsed=10632 source=047A action=contract pose=7831,-973,18230,232,146,0,63 target=9715,-2881,14071,0,227,255,30
elapsed=10632 source=047A action=contract pose=7879,-1023,18122,232,146,0,63 target=9715,-2881,14071,0,227,255,30
elapsed=10632 source=047A action=face-immediate pose=7927,-1073,18015,232,146,0,63 target=9715,-2881,14071,0,227,255,30
elapsed=10632 source=047A action=advance-homing pose=7927,-1073,18015,233,146,0,63 target=9715,-2881,14071,0,227,255,30
elapsed=10635 source=047A action=contract pose=8011,-1201,17831,233,146,0,63 target=9733,-2881,14092,0,227,254,30
elapsed=10635 source=047A action=contract pose=8060,-1250,17723,233,146,0,63 target=9733,-2881,14092,0,227,254,30
elapsed=10635 source=047A action=contract pose=8109,-1299,17615,233,146,0,63 target=9733,-2881,14092,0,227,254,30
elapsed=10635 source=047A action=face-immediate pose=8158,-1348,17507,233,146,0,63 target=9733,-2881,14092,0,227,254,30
elapsed=10635 source=047A action=advance-homing pose=8158,-1348,17507,233,146,0,63 target=9733,-2881,14092,0,227,254,30
elapsed=10638 source=047A action=contract pose=8242,-1476,17323,233,146,0,63 target=9751,-2881,14113,0,227,254,30
elapsed=10638 source=047A action=contract pose=8292,-1523,17215,233,146,0,63 target=9751,-2881,14113,0,227,254,30
elapsed=10638 source=047A action=contract pose=8342,-1570,17107,233,146,0,63 target=9751,-2881,14113,0,227,254,30
elapsed=10639 source=047A action=face-immediate pose=8392,-1617,16999,233,146,0,63 target=9751,-2881,14113,0,227,254,30
elapsed=10639 source=047A action=advance-homing pose=8392,-1617,16999,234,146,0,63 target=9751,-2881,14113,0,227,254,30
elapsed=10642 source=047A action=contract pose=8476,-1741,16811,234,146,0,63 target=9769,-2881,14134,0,227,253,30
elapsed=10642 source=047A action=contract pose=8527,-1787,16703,234,146,0,63 target=9769,-2881,14134,0,227,253,30
elapsed=10642 source=047A action=contract pose=8578,-1833,16596,234,146,0,63 target=9769,-2881,14134,0,227,253,30
elapsed=10642 source=047A action=face-immediate pose=8629,-1879,16488,234,146,0,63 target=9769,-2881,14134,0,227,253,30
elapsed=10642 source=047A action=advance-homing pose=8629,-1879,16488,234,147,0,63 target=9769,-2881,14134,0,227,253,30
elapsed=10645 source=047A action=contract pose=8721,-2003,16304,234,147,0,63 target=9787,-2881,14155,0,227,253,30
elapsed=10645 source=047A action=contract pose=8773,-2047,16197,234,147,0,63 target=9787,-2881,14155,0,227,253,30
elapsed=10645 source=047A action=contract pose=8826,-2091,16090,234,147,0,63 target=9787,-2881,14155,0,227,253,30
elapsed=10645 source=047A action=face-immediate pose=8879,-2135,15983,234,147,0,63 target=9787,-2881,14155,0,227,253,30
elapsed=10645 source=047A action=advance-homing pose=8879,-2135,15983,235,147,0,63 target=9787,-2881,14155,0,227,253,30
elapsed=10648 source=047A action=contract pose=8975,-2255,15795,235,147,0,63 target=9805,-2881,14176,0,227,252,30
elapsed=10648 source=047A action=contract pose=9029,-2297,15688,235,147,0,63 target=9805,-2881,14176,0,227,252,30
elapsed=10648 source=047A action=contract pose=9083,-2339,15580,235,147,0,63 target=9805,-2881,14176,0,227,252,30
elapsed=10648 source=047A action=face-immediate pose=9137,-2381,15473,235,147,0,63 target=9805,-2881,14176,0,227,252,30
elapsed=10648 source=047A action=advance-homing pose=9137,-2381,15473,236,148,0,63 target=9805,-2881,14176,0,227,252,30
elapsed=10651 source=047A action=contract pose=9237,-2497,15281,236,148,0,63 target=9823,-2881,14197,0,227,252,30
elapsed=10651 source=047A action=contract pose=9294,-2535,15174,236,148,0,63 target=9823,-2881,14197,0,227,252,30
elapsed=10652 source=047A action=contract pose=9351,-2573,15067,236,148,0,63 target=9823,-2881,14197,0,227,252,30
elapsed=10652 source=047A action=face-immediate pose=9408,-2611,14960,236,148,0,63 target=9823,-2881,14197,0,227,252,30
elapsed=10652 source=047A action=advance-homing pose=9408,-2611,14960,238,149,0,63 target=9823,-2881,14197,0,227,252,30
elapsed=10655 source=05B5 action=set-cruise-speed pose=7412,3383,19540,214,146,0,30 target=9841,-2881,14218,0,227,252,30
elapsed=10655 source=05B5 action=contract pose=7412,3383,19540,214,146,0,63 target=9841,-2881,14218,0,227,252,30
elapsed=10655 source=05B5 action=contract pose=7448,3289,19460,214,146,0,63 target=9841,-2881,14218,0,227,252,30
elapsed=10655 source=05B5 action=contract pose=7483,3195,19380,214,146,0,63 target=9841,-2881,14218,0,227,252,30
elapsed=10655 source=05B5 action=face-immediate pose=7518,3101,19300,214,146,0,63 target=9841,-2881,14218,0,227,252,30
elapsed=10655 source=05B5 action=advance-homing pose=7518,3101,19300,214,146,0,63 target=9841,-2881,14218,0,227,252,30
elapsed=10656 source=047A action=face-immediate pose=9512,-2715,14768,238,149,0,63 target=9841,-2881,14218,0,227,252,30
elapsed=10656 source=047A action=set-cruise-speed pose=9512,-2715,14768,241,150,0,63 target=9841,-2881,14218,0,227,252,30
elapsed=10656 source=047A action=advance-aim pose=9512,-2715,14768,241,150,0,63 target=9841,-2881,14218,0,227,252,30
elapsed=10656 source=047A action=face-smooth pose=9624,-2803,14576,241,150,0,63 target=9841,-2881,14218,0,227,252,30
elapsed=10659 source=05B5 action=contract pose=7570,2889,19188,214,146,0,63 target=9859,-2881,14239,0,227,252,30
elapsed=10659 source=05B5 action=contract pose=7606,2796,19108,214,146,0,63 target=9859,-2881,14239,0,227,252,30
elapsed=10659 source=05B5 action=contract pose=7642,2703,19028,214,146,0,63 target=9859,-2881,14239,0,227,252,30
elapsed=10659 source=05B5 action=face-immediate pose=7678,2610,18948,214,146,0,63 target=9859,-2881,14239,0,227,252,30
elapsed=10659 source=05B5 action=advance-homing pose=7678,2610,18948,214,146,0,63 target=9859,-2881,14239,0,227,252,30
elapsed=10659 source=047A action=advance-aim pose=9624,-2803,14576,242,151,0,63 target=9859,-2881,14239,0,227,252,30
elapsed=10663 source=05B5 action=contract pose=7730,2398,18836,214,146,0,63 target=9877,-2881,14260,0,227,253,30
elapsed=10663 source=05B5 action=contract pose=7767,2305,18756,214,146,0,63 target=9877,-2881,14260,0,227,253,30
elapsed=10663 source=05B5 action=contract pose=7804,2212,18676,214,146,0,63 target=9877,-2881,14260,0,227,253,30
elapsed=10663 source=05B5 action=face-immediate pose=7841,2119,18595,214,146,0,63 target=9877,-2881,14260,0,227,253,30
elapsed=10663 source=05B5 action=advance-homing pose=7841,2119,18595,215,146,0,63 target=9877,-2881,14260,0,227,253,30
elapsed=10663 source=047A action=advance-aim pose=9740,-2883,14384,242,151,0,63 target=9877,-2881,14260,0,227,253,30
elapsed=10666 source=05B5 action=contract pose=7893,1911,18479,215,146,0,63 target=9895,-2881,14281,0,227,253,30
elapsed=10667 source=05B5 action=contract pose=7931,1819,18398,215,146,0,63 target=9895,-2881,14281,0,227,253,30
elapsed=10667 source=05B5 action=contract pose=7969,1727,18317,215,146,0,63 target=9895,-2881,14281,0,227,253,30
elapsed=10667 source=05B5 action=face-immediate pose=8007,1635,18236,215,146,0,63 target=9895,-2881,14281,0,227,253,30
elapsed=10667 source=05B5 action=advance-homing pose=8007,1635,18236,215,147,0,63 target=9895,-2881,14281,0,227,253,30
elapsed=10667 source=047A action=advance-cruise pose=9856,-2963,14192,242,151,0,63 target=9895,-2881,14281,0,227,253,30
elapsed=10670 source=05B5 action=contract pose=8063,1427,18124,215,147,0,63 target=9913,-2881,14302,0,227,254,30
elapsed=10670 source=05B5 action=contract pose=8101,1336,18043,215,147,0,63 target=9913,-2881,14302,0,227,254,30
elapsed=10670 source=05B5 action=contract pose=8139,1245,17962,215,147,0,63 target=9913,-2881,14302,0,227,254,30
elapsed=10670 source=05B5 action=face-immediate pose=8177,1154,17881,215,147,0,63 target=9913,-2881,14302,0,227,254,30
elapsed=10670 source=05B5 action=advance-homing pose=8177,1154,17881,215,147,0,63 target=9913,-2881,14302,0,227,254,30
elapsed=10670 source=047A action=advance-cruise pose=9972,-3043,14000,242,151,0,63 target=9913,-2881,14302,0,227,254,30
elapsed=10673 source=05B5 action=contract pose=8233,946,17769,215,147,0,63 target=9931,-2881,14323,0,227,254,30
elapsed=10673 source=05B5 action=contract pose=8272,856,17687,215,147,0,63 target=9931,-2881,14323,0,227,254,30
elapsed=10673 source=05B5 action=contract pose=8311,766,17606,215,147,0,63 target=9931,-2881,14323,0,227,254,30
elapsed=10673 source=05B5 action=face-immediate pose=8350,676,17525,215,147,0,63 target=9931,-2881,14323,0,227,254,30
elapsed=10673 source=05B5 action=advance-homing pose=8350,676,17525,216,147,0,63 target=9931,-2881,14323,0,227,254,30
elapsed=10674 source=047A action=advance-cruise pose=10088,-3123,13808,242,151,0,63 target=9931,-2881,14323,0,227,254,30
elapsed=10677 source=05B5 action=contract pose=8410,472,17405,216,147,0,63 target=9949,-2881,14344,0,227,255,30
elapsed=10677 source=05B5 action=contract pose=8450,382,17323,216,147,0,63 target=9949,-2881,14344,0,227,255,30
elapsed=10677 source=05B5 action=contract pose=8490,293,17241,216,147,0,63 target=9949,-2881,14344,0,227,255,30
elapsed=10677 source=05B5 action=face-immediate pose=8530,203,17159,216,147,0,63 target=9949,-2881,14344,0,227,255,30
elapsed=10677 source=05B5 action=advance-homing pose=8530,203,17159,216,147,0,63 target=9949,-2881,14344,0,227,255,30
elapsed=10677 source=047A action=advance-cruise pose=10204,-3203,13616,242,151,0,63 target=9949,-2881,14344,0,227,255,30
elapsed=10680 source=05B5 action=contract pose=8590,-1,17039,216,147,0,63 target=9967,-2881,14365,0,227,0,30
elapsed=10680 source=05B5 action=contract pose=8632,-90,16957,216,147,0,63 target=9967,-2881,14365,0,227,0,30
elapsed=10680 source=05B5 action=contract pose=8673,-178,16875,216,147,0,63 target=9967,-2881,14365,0,227,0,30
elapsed=10680 source=05B5 action=face-immediate pose=8715,-266,16793,216,147,0,63 target=9967,-2881,14365,0,227,0,30
elapsed=10680 source=05B5 action=advance-homing pose=8715,-266,16793,216,148,0,63 target=9967,-2881,14365,0,227,0,30
elapsed=10680 source=047A action=advance-cruise pose=10320,-3283,13424,242,151,0,63 target=9967,-2881,14365,0,227,0,30
elapsed=10683 source=05B5 action=contract pose=8775,-470,16673,216,148,0,63 target=9985,-2881,14386,0,227,1,30
elapsed=10683 source=05B5 action=contract pose=8818,-557,16590,216,148,0,63 target=9985,-2881,14386,0,227,1,30
elapsed=10684 source=05B5 action=contract pose=8861,-644,16507,216,148,0,63 target=9985,-2881,14386,0,227,1,30
elapsed=10684 source=05B5 action=face-immediate pose=8904,-731,16424,216,148,0,63 target=9985,-2881,14386,0,227,1,30
elapsed=10684 source=05B5 action=advance-homing pose=8904,-731,16424,217,148,0,63 target=9985,-2881,14386,0,227,1,30
elapsed=10684 source=047A action=advance-cruise pose=10436,-3363,13232,242,151,0,63 target=9985,-2881,14386,0,227,1,30
elapsed=10687 source=05B5 action=contract pose=8968,-931,16300,217,148,0,63 target=10003,-2881,14407,0,227,2,30
elapsed=10687 source=05B5 action=contract pose=9013,-1017,16217,217,148,0,63 target=10003,-2881,14407,0,227,2,30
elapsed=10687 source=05B5 action=contract pose=9058,-1103,16134,217,148,0,63 target=10003,-2881,14407,0,227,2,30
elapsed=10687 source=05B5 action=face-immediate pose=9103,-1189,16051,217,148,0,63 target=10003,-2881,14407,0,227,2,30
elapsed=10687 source=05B5 action=advance-homing pose=9103,-1189,16051,218,149,0,63 target=10003,-2881,14407,0,227,2,30
elapsed=10687 source=047A action=advance-cruise pose=10552,-3443,13040,242,151,0,63 target=10003,-2881,14407,0,227,2,30
elapsed=10690 source=05B5 action=contract pose=9171,-1389,15927,218,149,0,63 target=10021,-2881,14428,0,227,2,30
elapsed=10690 source=05B5 action=contract pose=9218,-1473,15843,218,149,0,63 target=10021,-2881,14428,0,227,2,30
elapsed=10690 source=05B5 action=contract pose=9265,-1557,15759,218,149,0,63 target=10021,-2881,14428,0,227,2,30
elapsed=10690 source=05B5 action=face-immediate pose=9312,-1641,15675,218,149,0,63 target=10021,-2881,14428,0,227,2,30
elapsed=10690 source=05B5 action=advance-homing pose=9312,-1641,15675,218,149,0,63 target=10021,-2881,14428,0,227,2,30
elapsed=10690 source=047A action=advance-cruise pose=10668,-3523,12848,242,151,0,63 target=10021,-2881,14428,0,227,2,30
elapsed=10694 source=05B5 action=contract pose=9380,-1841,15551,218,149,0,63 target=10039,-2881,14449,0,227,3,30
elapsed=10694 source=05B5 action=contract pose=9430,-1922,15466,218,149,0,63 target=10039,-2881,14449,0,227,3,30
elapsed=10694 source=05B5 action=contract pose=9480,-2002,15381,218,149,0,63 target=10039,-2881,14449,0,227,3,30
elapsed=10694 source=05B5 action=face-immediate pose=9530,-2082,15296,218,149,0,63 target=10039,-2881,14449,0,227,3,30
elapsed=10694 source=05B5 action=advance-homing pose=9530,-2082,15296,220,150,0,63 target=10039,-2881,14449,0,227,3,30
elapsed=10694 source=047A action=advance-cruise pose=10784,-3603,12656,242,151,0,63 target=10039,-2881,14449,0,227,3,30
elapsed=10697 source=05B5 action=face-immediate pose=9606,-2274,15164,220,150,0,63 target=10057,-2881,14470,0,227,3,30
elapsed=10697 source=05B5 action=set-cruise-speed pose=9606,-2274,15164,222,152,0,63 target=10057,-2881,14470,0,227,3,30
elapsed=10697 source=05B5 action=advance-aim pose=9606,-2274,15164,222,152,0,63 target=10057,-2881,14470,0,227,3,30
elapsed=10697 source=05B5 action=face-smooth pose=9694,-2458,15032,222,152,0,63 target=10057,-2881,14470,0,227,3,30
elapsed=10697 source=047A action=advance-cruise pose=10900,-3683,12464,242,151,0,63 target=10057,-2881,14470,0,227,3,30
elapsed=10701 source=05B5 action=advance-aim pose=9694,-2458,15032,223,152,0,63 target=10075,-2881,14491,0,227,4,30
elapsed=10701 source=047A action=advance-cruise pose=11016,-3763,12272,242,151,0,63 target=10075,-2881,14491,0,227,4,30
elapsed=10704 source=05B5 action=advance-aim pose=9786,-2634,14896,223,152,0,63 target=10093,-2881,14512,0,227,4,30
elapsed=10704 source=05B5 action=face-smooth pose=9878,-2810,14760,223,152,0,63 target=10093,-2881,14512,0,227,4,30
elapsed=10704 source=047A action=advance-cruise pose=11132,-3843,12080,242,151,0,63 target=10093,-2881,14512,0,227,4,30
elapsed=10707 source=05B5 action=advance-aim pose=9878,-2810,14760,228,153,0,63 target=10111,-2881,14533,0,227,4,30
elapsed=10707 source=047A action=advance-cruise pose=11248,-3923,11888,242,151,0,63 target=10111,-2881,14533,0,227,4,30
elapsed=10711 source=05B5 action=advance-aim pose=9982,-2966,14608,228,153,0,63 target=10129,-2881,14554,0,227,4,30
elapsed=10711 source=047A action=advance-cruise pose=11364,-4003,11696,242,151,0,63 target=10129,-2881,14554,0,227,4,30
elapsed=10714 source=05B5 action=advance-cruise pose=10086,-3122,14456,228,153,0,63 target=10147,-2881,14575,0,227,3,30
elapsed=10714 source=047A action=advance-cruise pose=11480,-4083,11504,242,151,0,63 target=10147,-2881,14575,0,227,3,30
elapsed=10717 source=05B5 action=advance-cruise pose=10190,-3278,14304,228,153,0,63 target=10165,-2881,14596,0,227,3,30
elapsed=10720 source=05B5 action=advance-cruise pose=10294,-3434,14152,228,153,0,63 target=10183,-2881,14617,0,227,2,30
elapsed=10723 source=05B5 action=advance-cruise pose=10398,-3590,14000,228,153,0,63 target=10201,-2881,14638,0,227,2,30
elapsed=10726 source=05B5 action=advance-cruise pose=10502,-3746,13848,228,153,0,63 target=10219,-2881,14659,0,227,1,30
elapsed=10729 source=05B5 action=advance-cruise pose=10606,-3902,13696,228,153,0,63 target=10237,-2881,14680,0,227,0,30
elapsed=10732 source=05B5 action=advance-cruise pose=10710,-4058,13544,228,153,0,63 target=10255,-2881,14701,0,227,255,30
elapsed=10735 source=05B5 action=advance-cruise pose=10814,-4214,13392,228,153,0,63 target=10273,-2881,14722,0,227,254,30
elapsed=10739 source=05B5 action=advance-cruise pose=10918,-4370,13240,228,153,0,63 target=10291,-2881,14743,0,227,254,30
elapsed=10742 source=05B5 action=advance-cruise pose=11022,-4526,13088,228,153,0,63 target=10309,-2881,14764,0,227,253,30
elapsed=10745 source=05B5 action=advance-cruise pose=11126,-4682,12936,228,153,0,63 target=10327,-2881,14785,0,227,253,30
elapsed=10748 source=05B5 action=advance-cruise pose=11230,-4838,12784,228,153,0,63 target=10345,-2881,14806,0,227,252,30
elapsed=10751 source=05B5 action=advance-cruise pose=11334,-4994,12632,228,153,0,63 target=10363,-2881,14827,0,227,252,30
elapsed=10754 source=05B5 action=advance-cruise pose=11438,-5150,12480,228,153,0,63 target=10381,-2881,14848,0,227,252,30
elapsed=10757 source=05B5 action=advance-cruise pose=11542,-5306,12328,228,153,0,63 target=10399,-2881,14869,0,227,252,30
elapsed=11072 source=05B5 action=set-cruise-speed pose=9904,6342,23740,210,142,0,30 target=12289,-2881,17074,0,227,4,30
elapsed=11072 source=05B5 action=contract pose=9904,6342,23740,210,142,0,63 target=12289,-2881,17074,0,227,4,30
elapsed=11072 source=05B5 action=contract pose=9929,6240,23666,210,142,0,63 target=12289,-2881,17074,0,227,4,30
elapsed=11072 source=05B5 action=contract pose=9954,6138,23592,210,142,0,63 target=12289,-2881,17074,0,227,4,30
elapsed=11072 source=05B5 action=face-immediate pose=9979,6036,23518,210,142,0,63 target=12289,-2881,17074,0,227,4,30
elapsed=11072 source=05B5 action=advance-homing pose=9979,6036,23518,210,142,0,63 target=12289,-2881,17074,0,227,4,30
elapsed=11075 source=05B5 action=contract pose=10011,5812,23422,210,142,0,63 target=12307,-2881,17095,0,227,3,30
elapsed=11075 source=05B5 action=contract pose=10037,5710,23348,210,142,0,63 target=12307,-2881,17095,0,227,3,30
elapsed=11075 source=05B5 action=contract pose=10063,5608,23274,210,142,0,63 target=12307,-2881,17095,0,227,3,30
elapsed=11075 source=05B5 action=face-immediate pose=10089,5506,23200,210,142,0,63 target=12307,-2881,17095,0,227,3,30
elapsed=11075 source=05B5 action=advance-homing pose=10089,5506,23200,211,143,0,63 target=12307,-2881,17095,0,227,3,30
elapsed=11078 source=05B5 action=contract pose=10125,5286,23100,211,143,0,63 target=12325,-2881,17116,0,227,3,30
elapsed=11078 source=05B5 action=contract pose=10152,5185,23026,211,143,0,63 target=12325,-2881,17116,0,227,3,30
elapsed=11078 source=05B5 action=contract pose=10178,5084,22952,211,143,0,63 target=12325,-2881,17116,0,227,3,30
elapsed=11078 source=05B5 action=face-immediate pose=10204,4983,22878,211,143,0,63 target=12325,-2881,17116,0,227,3,30
elapsed=11078 source=05B5 action=advance-homing pose=10204,4983,22878,211,143,0,63 target=12325,-2881,17116,0,227,3,30
elapsed=11081 source=05B5 action=contract pose=10240,4763,22778,211,143,0,63 target=12343,-2881,17137,0,227,2,30
elapsed=11081 source=05B5 action=contract pose=10267,4662,22703,211,143,0,63 target=12343,-2881,17137,0,227,2,30
elapsed=11081 source=05B5 action=contract pose=10294,4561,22628,211,143,0,63 target=12343,-2881,17137,0,227,2,30
elapsed=11081 source=05B5 action=face-immediate pose=10321,4460,22554,211,143,0,63 target=12343,-2881,17137,0,227,2,30
elapsed=11081 source=05B5 action=advance-homing pose=10321,4460,22554,211,143,0,63 target=12343,-2881,17137,0,227,2,30
elapsed=11084 source=05B5 action=contract pose=10357,4240,22454,211,143,0,63 target=12361,-2881,17158,0,227,2,30
elapsed=11084 source=05B5 action=contract pose=10384,4140,22379,211,143,0,63 target=12361,-2881,17158,0,227,2,30
elapsed=11084 source=05B5 action=contract pose=10412,4040,22304,211,143,0,63 target=12361,-2881,17158,0,227,2,30
elapsed=11084 source=05B5 action=face-immediate pose=10439,3940,22229,211,143,0,63 target=12361,-2881,17158,0,227,2,30
elapsed=11084 source=05B5 action=advance-homing pose=10439,3940,22229,211,143,0,63 target=12361,-2881,17158,0,227,2,30
elapsed=11087 source=05B5 action=contract pose=10475,3720,22129,211,143,0,63 target=12379,-2881,17179,0,227,1,30
elapsed=11087 source=05B5 action=contract pose=10503,3620,22054,211,143,0,63 target=12379,-2881,17179,0,227,1,30
elapsed=11087 source=05B5 action=contract pose=10531,3520,21979,211,143,0,63 target=12379,-2881,17179,0,227,1,30
elapsed=11087 source=05B5 action=face-immediate pose=10559,3420,21904,211,143,0,63 target=12379,-2881,17179,0,227,1,30
elapsed=11087 source=05B5 action=advance-homing pose=10559,3420,21904,211,143,0,63 target=12379,-2881,17179,0,227,1,30
elapsed=11090 source=05B5 action=contract pose=10595,3200,21804,211,143,0,63 target=12397,-2881,17200,0,227,0,30
elapsed=11090 source=05B5 action=contract pose=10624,3101,21728,211,143,0,63 target=12397,-2881,17200,0,227,0,30
elapsed=11091 source=05B5 action=contract pose=10653,3001,21652,211,143,0,63 target=12397,-2881,17200,0,227,0,30
elapsed=11091 source=05B5 action=face-immediate pose=10682,2902,21576,211,143,0,63 target=12397,-2881,17200,0,227,0,30
elapsed=11091 source=05B5 action=advance-homing pose=10682,2902,21576,212,144,0,63 target=12397,-2881,17200,0,227,0,30
elapsed=11094 source=05B5 action=contract pose=10722,2682,21472,212,144,0,63 target=12415,-2881,17221,0,227,255,30
elapsed=11094 source=05B5 action=contract pose=10751,2583,21396,212,144,0,63 target=12415,-2881,17221,0,227,255,30
elapsed=11094 source=05B5 action=contract pose=10780,2484,21320,212,144,0,63 target=12415,-2881,17221,0,227,255,30
elapsed=11094 source=05B5 action=face-immediate pose=10809,2385,21244,212,144,0,63 target=12415,-2881,17221,0,227,255,30
elapsed=11094 source=05B5 action=advance-homing pose=10809,2385,21244,212,144,0,63 target=12415,-2881,17221,0,227,255,30
elapsed=11097 source=05B5 action=contract pose=10849,2165,21140,212,144,0,63 target=12433,-2881,17242,0,227,254,30
elapsed=11097 source=05B5 action=contract pose=10879,2067,21064,212,144,0,63 target=12433,-2881,17242,0,227,254,30
elapsed=11097 source=05B5 action=contract pose=10909,1969,20988,212,144,0,63 target=12433,-2881,17242,0,227,254,30
elapsed=11097 source=05B5 action=face-immediate pose=10939,1871,20912,212,144,0,63 target=12433,-2881,17242,0,227,254,30
elapsed=11097 source=05B5 action=advance-homing pose=10939,1871,20912,212,144,0,63 target=12433,-2881,17242,0,227,254,30
elapsed=11100 source=05B5 action=contract pose=10979,1651,20808,212,144,0,63 target=12451,-2881,17263,0,227,254,30
elapsed=11100 source=05B5 action=contract pose=11010,1553,20731,212,144,0,63 target=12451,-2881,17263,0,227,254,30
elapsed=11100 source=05B5 action=contract pose=11041,1455,20654,212,144,0,63 target=12451,-2881,17263,0,227,254,30
elapsed=11100 source=05B5 action=face-immediate pose=11072,1357,20577,212,144,0,63 target=12451,-2881,17263,0,227,254,30
elapsed=11100 source=05B5 action=advance-homing pose=11072,1357,20577,212,144,0,63 target=12451,-2881,17263,0,227,254,30
elapsed=11103 source=05B5 action=contract pose=11112,1137,20473,212,144,0,63 target=12469,-2881,17284,0,227,253,30
elapsed=11103 source=05B5 action=contract pose=11144,1040,20396,212,144,0,63 target=12469,-2881,17284,0,227,253,30
elapsed=11103 source=05B5 action=contract pose=11176,943,20319,212,144,0,63 target=12469,-2881,17284,0,227,253,30
elapsed=11103 source=05B5 action=face-immediate pose=11208,846,20242,212,144,0,63 target=12469,-2881,17284,0,227,253,30
elapsed=11103 source=05B5 action=advance-homing pose=11208,846,20242,213,145,0,63 target=12469,-2881,17284,0,227,253,30
elapsed=11106 source=05B5 action=contract pose=11256,630,20134,213,145,0,63 target=12487,-2881,17305,0,227,253,30
elapsed=11106 source=05B5 action=contract pose=11289,534,20056,213,145,0,63 target=12487,-2881,17305,0,227,253,30
elapsed=11106 source=05B5 action=contract pose=11322,438,19978,213,145,0,63 target=12487,-2881,17305,0,227,253,30
elapsed=11106 source=05B5 action=face-immediate pose=11355,342,19900,213,145,0,63 target=12487,-2881,17305,0,227,253,30
elapsed=11106 source=05B5 action=advance-homing pose=11355,342,19900,213,145,0,63 target=12487,-2881,17305,0,227,253,30
elapsed=11109 source=05B5 action=contract pose=11403,126,19792,213,145,0,63 target=12505,-2881,17326,0,227,252,30
elapsed=11109 source=05B5 action=contract pose=11437,31,19714,213,145,0,63 target=12505,-2881,17326,0,227,252,30
elapsed=11109 source=05B5 action=contract pose=11471,-64,19636,213,145,0,63 target=12505,-2881,17326,0,227,252,30
elapsed=11109 source=05B5 action=face-immediate pose=11505,-159,19558,213,145,0,63 target=12505,-2881,17326,0,227,252,30
elapsed=11109 source=05B5 action=advance-homing pose=11505,-159,19558,213,146,0,63 target=12505,-2881,17326,0,227,252,30
elapsed=11112 source=05B5 action=contract pose=11553,-375,19450,213,146,0,63 target=12523,-2881,17347,0,227,252,30
elapsed=11112 source=05B5 action=contract pose=11589,-469,19371,213,146,0,63 target=12523,-2881,17347,0,227,252,30
elapsed=11112 source=05B5 action=contract pose=11625,-563,19292,213,146,0,63 target=12523,-2881,17347,0,227,252,30
elapsed=11113 source=05B5 action=face-immediate pose=11661,-657,19213,213,146,0,63 target=12523,-2881,17347,0,227,252,30
elapsed=11113 source=05B5 action=advance-homing pose=11661,-657,19213,214,146,0,63 target=12523,-2881,17347,0,227,252,30
elapsed=11116 source=05B5 action=contract pose=11713,-869,19101,214,146,0,63 target=12541,-2881,17368,0,227,252,30
elapsed=11116 source=05B5 action=contract pose=11750,-962,19021,214,146,0,63 target=12541,-2881,17368,0,227,252,30
elapsed=11116 source=05B5 action=contract pose=11787,-1055,18941,214,146,0,63 target=12541,-2881,17368,0,227,252,30
elapsed=11116 source=05B5 action=face-immediate pose=11824,-1147,18861,214,146,0,63 target=12541,-2881,17368,0,227,252,30
elapsed=11116 source=05B5 action=advance-homing pose=11824,-1147,18861,215,147,0,63 target=12541,-2881,17368,0,227,252,30
elapsed=11119 source=05B5 action=contract pose=11880,-1355,18749,215,147,0,63 target=12559,-2881,17389,0,227,252,30
elapsed=11119 source=05B5 action=contract pose=11920,-1446,18668,215,147,0,63 target=12559,-2881,17389,0,227,252,30
elapsed=11119 source=05B5 action=contract pose=11960,-1537,18587,215,147,0,63 target=12559,-2881,17389,0,227,252,30
elapsed=11119 source=05B5 action=face-immediate pose=12000,-1628,18506,215,147,0,63 target=12559,-2881,17389,0,227,252,30
elapsed=11119 source=05B5 action=advance-homing pose=12000,-1628,18506,215,147,0,63 target=12559,-2881,17389,0,227,252,30
elapsed=11122 source=047A action=set-cruise-speed pose=9432,2898,22448,216,151,0,30 target=12577,-2881,17410,0,227,253,30
elapsed=11122 source=047A action=contract pose=9432,2898,22448,216,151,0,63 target=12577,-2881,17410,0,227,253,30
elapsed=11122 source=047A action=contract pose=9480,2808,22370,216,151,0,63 target=12577,-2881,17410,0,227,253,30
elapsed=11122 source=047A action=contract pose=9528,2718,22292,216,151,0,63 target=12577,-2881,17410,0,227,253,30
elapsed=11122 source=047A action=face-immediate pose=9576,2629,22214,216,151,0,63 target=12577,-2881,17410,0,227,253,30
elapsed=11123 source=047A action=advance-homing pose=9576,2629,22214,216,151,0,63 target=12577,-2881,17410,0,227,253,30
elapsed=11123 source=05B5 action=contract pose=12056,-1836,18394,215,147,0,63 target=12577,-2881,17410,0,227,253,30
elapsed=11123 source=05B5 action=contract pose=12099,-1924,18312,215,147,0,63 target=12577,-2881,17410,0,227,253,30
elapsed=11123 source=05B5 action=contract pose=12142,-2011,18230,215,147,0,63 target=12577,-2881,17410,0,227,253,30
elapsed=11123 source=05B5 action=face-immediate pose=12185,-2098,18148,215,147,0,63 target=12577,-2881,17410,0,227,253,30
elapsed=11123 source=05B5 action=advance-homing pose=12185,-2098,18148,217,148,0,63 target=12577,-2881,17410,0,227,253,30
elapsed=11126 source=047A action=contract pose=9644,2425,22102,216,151,0,63 target=12595,-2881,17431,0,227,253,30
elapsed=11126 source=047A action=contract pose=9692,2336,22024,216,151,0,63 target=12595,-2881,17431,0,227,253,30
elapsed=11126 source=047A action=contract pose=9740,2247,21946,216,151,0,63 target=12595,-2881,17431,0,227,253,30
elapsed=11126 source=047A action=face-immediate pose=9789,2158,21868,216,151,0,63 target=12595,-2881,17431,0,227,253,30
elapsed=11126 source=047A action=advance-homing pose=9789,2158,21868,216,151,0,63 target=12595,-2881,17431,0,227,253,30
elapsed=11126 source=05B5 action=face-immediate pose=12249,-2298,18024,217,148,0,63 target=12595,-2881,17431,0,227,253,30
elapsed=11126 source=05B5 action=set-cruise-speed pose=12249,-2298,18024,219,150,0,63 target=12595,-2881,17431,0,227,253,30
elapsed=11126 source=05B5 action=advance-aim pose=12249,-2298,18024,219,150,0,63 target=12595,-2881,17431,0,227,253,30
elapsed=11129 source=047A action=contract pose=9857,1954,21756,216,151,0,63 target=12613,-2881,17452,0,227,254,30
elapsed=11130 source=047A action=contract pose=9906,1866,21677,216,151,0,63 target=12613,-2881,17452,0,227,254,30
elapsed=11130 source=047A action=contract pose=9955,1778,21598,216,151,0,63 target=12613,-2881,17452,0,227,254,30
elapsed=11130 source=047A action=face-immediate pose=10004,1690,21519,216,151,0,63 target=12613,-2881,17452,0,227,254,30
elapsed=11130 source=047A action=advance-homing pose=10004,1690,21519,217,152,0,63 target=12613,-2881,17452,0,227,254,30
elapsed=11130 source=05B5 action=advance-aim pose=12321,-2494,17896,219,150,0,63 target=12613,-2881,17452,0,227,254,30
elapsed=11130 source=05B5 action=face-smooth pose=12393,-2690,17768,219,150,0,63 target=12613,-2881,17452,0,227,254,30
elapsed=11133 source=047A action=contract pose=10080,1490,21403,217,152,0,63 target=12631,-2881,17473,0,227,254,30
elapsed=11133 source=047A action=contract pose=10130,1402,21324,217,152,0,63 target=12631,-2881,17473,0,227,254,30
elapsed=11133 source=047A action=contract pose=10180,1315,21245,217,152,0,63 target=12631,-2881,17473,0,227,254,30
elapsed=11133 source=047A action=face-immediate pose=10230,1227,21166,217,152,0,63 target=12631,-2881,17473,0,227,254,30
elapsed=11133 source=047A action=advance-homing pose=10230,1227,21166,217,152,0,63 target=12631,-2881,17473,0,227,254,30
elapsed=11133 source=05B5 action=advance-aim pose=12393,-2690,17768,221,151,0,63 target=12631,-2881,17473,0,227,254,30
elapsed=11136 source=047A action=contract pose=10306,1027,21050,217,152,0,63 target=12649,-2881,17494,0,227,255,30
elapsed=11136 source=047A action=contract pose=10357,940,20971,217,152,0,63 target=12649,-2881,17494,0,227,255,30
elapsed=11136 source=047A action=contract pose=10408,853,20892,217,152,0,63 target=12649,-2881,17494,0,227,255,30
elapsed=11137 source=047A action=face-immediate pose=10459,766,20813,217,152,0,63 target=12649,-2881,17494,0,227,255,30
elapsed=11137 source=047A action=advance-homing pose=10459,766,20813,217,152,0,63 target=12649,-2881,17494,0,227,255,30
elapsed=11137 source=05B5 action=advance-aim pose=12473,-2878,17636,221,151,0,63 target=12649,-2881,17494,0,227,255,30
elapsed=11140 source=047A action=contract pose=10535,566,20697,217,152,0,63 target=12667,-2881,17515,0,227,0,30
elapsed=11140 source=047A action=contract pose=10587,480,20618,217,152,0,63 target=12667,-2881,17515,0,227,0,30
elapsed=11140 source=047A action=contract pose=10639,394,20539,217,152,0,63 target=12667,-2881,17515,0,227,0,30
elapsed=11140 source=047A action=face-immediate pose=10691,308,20460,217,152,0,63 target=12667,-2881,17515,0,227,0,30
elapsed=11140 source=047A action=advance-homing pose=10691,308,20460,218,152,0,63 target=12667,-2881,17515,0,227,0,30
elapsed=11140 source=05B5 action=advance-cruise pose=12553,-3066,17504,221,151,0,63 target=12667,-2881,17515,0,227,0,30
elapsed=11143 source=047A action=contract pose=10767,108,20344,218,152,0,63 target=12685,-2881,17536,0,227,1,30
elapsed=11143 source=047A action=contract pose=10820,23,20265,218,152,0,63 target=12685,-2881,17536,0,227,1,30
elapsed=11143 source=047A action=contract pose=10873,-61,20186,218,152,0,63 target=12685,-2881,17536,0,227,1,30
elapsed=11143 source=047A action=face-immediate pose=10926,-146,20107,218,152,0,63 target=12685,-2881,17536,0,227,1,30
elapsed=11143 source=047A action=advance-homing pose=10926,-146,20107,218,153,0,63 target=12685,-2881,17536,0,227,1,30
elapsed=11144 source=05B5 action=advance-cruise pose=12633,-3254,17372,221,151,0,63 target=12685,-2881,17536,0,227,1,30
elapsed=11147 source=047A action=contract pose=11006,-346,19991,218,153,0,63 target=12703,-2881,17557,0,227,2,30
elapsed=11147 source=047A action=contract pose=11061,-429,19911,218,153,0,63 target=12703,-2881,17557,0,227,2,30
elapsed=11147 source=047A action=contract pose=11116,-512,19831,218,153,0,63 target=12703,-2881,17557,0,227,2,30
elapsed=11147 source=047A action=face-immediate pose=11171,-595,19751,218,153,0,63 target=12703,-2881,17557,0,227,2,30
elapsed=11147 source=047A action=advance-homing pose=11171,-595,19751,219,153,0,63 target=12703,-2881,17557,0,227,2,30
elapsed=11147 source=05B5 action=advance-cruise pose=12713,-3442,17240,221,151,0,63 target=12703,-2881,17557,0,227,2,30
elapsed=11150 source=047A action=contract pose=11255,-791,19631,219,153,0,63 target=12721,-2881,17578,0,227,2,30
elapsed=11150 source=047A action=contract pose=11311,-873,19551,219,153,0,63 target=12721,-2881,17578,0,227,2,30
elapsed=11150 source=047A action=contract pose=11367,-955,19471,219,153,0,63 target=12721,-2881,17578,0,227,2,30
elapsed=11150 source=047A action=face-immediate pose=11423,-1037,19391,219,153,0,63 target=12721,-2881,17578,0,227,2,30
elapsed=11150 source=047A action=advance-homing pose=11423,-1037,19391,219,154,0,63 target=12721,-2881,17578,0,227,2,30
elapsed=11150 source=05B5 action=advance-cruise pose=12793,-3630,17108,221,151,0,63 target=12721,-2881,17578,0,227,2,30
elapsed=11153 source=047A action=contract pose=11507,-1233,19271,219,154,0,63 target=12739,-2881,17599,0,227,3,30
elapsed=11153 source=047A action=contract pose=11566,-1313,19190,219,154,0,63 target=12739,-2881,17599,0,227,3,30
elapsed=11153 source=047A action=contract pose=11625,-1392,19109,219,154,0,63 target=12739,-2881,17599,0,227,3,30
elapsed=11153 source=047A action=face-immediate pose=11684,-1472,19028,219,154,0,63 target=12739,-2881,17599,0,227,3,30
elapsed=11153 source=047A action=advance-homing pose=11684,-1472,19028,220,154,0,63 target=12739,-2881,17599,0,227,3,30
elapsed=11153 source=05B5 action=advance-cruise pose=12873,-3818,16976,221,151,0,63 target=12739,-2881,17599,0,227,3,30
elapsed=11156 source=047A action=contract pose=11772,-1664,18904,220,154,0,63 target=12757,-2881,17620,0,227,3,30
elapsed=11156 source=047A action=contract pose=11833,-1741,18823,220,154,0,63 target=12757,-2881,17620,0,227,3,30
elapsed=11157 source=047A action=contract pose=11894,-1818,18742,220,154,0,63 target=12757,-2881,17620,0,227,3,30
elapsed=11157 source=047A action=face-immediate pose=11955,-1895,18661,220,154,0,63 target=12757,-2881,17620,0,227,3,30
elapsed=11157 source=047A action=advance-homing pose=11955,-1895,18661,221,155,0,63 target=12757,-2881,17620,0,227,3,30
elapsed=11157 source=05B5 action=advance-cruise pose=12953,-4006,16844,221,151,0,63 target=12757,-2881,17620,0,227,3,30
elapsed=11160 source=047A action=contract pose=12051,-2083,18537,221,155,0,63 target=12775,-2881,17641,0,227,4,30
elapsed=11160 source=047A action=contract pose=12116,-2156,18455,221,155,0,63 target=12775,-2881,17641,0,227,4,30
elapsed=11160 source=047A action=contract pose=12181,-2229,18373,221,155,0,63 target=12775,-2881,17641,0,227,4,30
elapsed=11160 source=047A action=face-immediate pose=12246,-2302,18291,221,155,0,63 target=12775,-2881,17641,0,227,4,30
elapsed=11160 source=047A action=advance-homing pose=12246,-2302,18291,223,156,0,63 target=12775,-2881,17641,0,227,4,30
elapsed=11160 source=05B5 action=advance-cruise pose=13033,-4194,16712,221,151,0,63 target=12775,-2881,17641,0,227,4,30
elapsed=11163 source=047A action=face-immediate pose=12350,-2478,18163,223,156,0,63 target=12793,-2881,17662,0,227,4,30
elapsed=11163 source=047A action=set-cruise-speed pose=12350,-2478,18163,226,158,0,63 target=12793,-2881,17662,0,227,4,30
elapsed=11163 source=047A action=advance-aim pose=12350,-2478,18163,226,158,0,63 target=12793,-2881,17662,0,227,4,30
elapsed=11163 source=047A action=face-smooth pose=12470,-2642,18031,226,158,0,63 target=12793,-2881,17662,0,227,4,30
elapsed=11164 source=05B5 action=advance-cruise pose=13113,-4382,16580,221,151,0,63 target=12793,-2881,17662,0,227,4,30
elapsed=11167 source=047A action=advance-aim pose=12470,-2642,18031,227,158,0,63 target=12811,-2881,17683,0,227,4,30
elapsed=11167 source=05B5 action=advance-cruise pose=13193,-4570,16448,221,151,0,63 target=12811,-2881,17683,0,227,4,30
elapsed=11170 source=047A action=advance-aim pose=12590,-2802,17895,227,158,0,63 target=12829,-2881,17704,0,227,4,30
elapsed=11170 source=047A action=face-smooth pose=12710,-2962,17759,227,158,0,63 target=12829,-2881,17704,0,227,4,30
elapsed=11170 source=05B5 action=advance-cruise pose=13273,-4758,16316,221,151,0,63 target=12829,-2881,17704,0,227,4,30
elapsed=11173 source=047A action=advance-aim pose=12710,-2962,17759,241,162,0,63 target=12847,-2881,17725,0,227,3,30
elapsed=11173 source=05B5 action=advance-cruise pose=13353,-4946,16184,221,151,0,63 target=12847,-2881,17725,0,227,3,30
elapsed=11177 source=082B action=set-cruise-speed pose=9408,6,20388,224,166,0,30 target=12865,-2881,17746,0,227,3,30
elapsed=11177 source=082B action=contract pose=9408,6,20388,224,166,0,63 target=12865,-2881,17746,0,227,3,30
elapsed=11177 source=082B action=contract pose=9492,-65,20323,224,166,0,63 target=12865,-2881,17746,0,227,3,30
elapsed=11177 source=082B action=contract pose=9576,-136,20258,224,166,0,63 target=12865,-2881,17746,0,227,3,30
elapsed=11177 source=082B action=face-immediate pose=9660,-207,20193,224,166,0,63 target=12865,-2881,17746,0,227,3,30
elapsed=11177 source=082B action=advance-homing pose=9660,-207,20193,224,166,0,63 target=12865,-2881,17746,0,227,3,30
elapsed=11178 source=047A action=advance-cruise pose=12878,-3050,17611,241,162,0,63 target=12865,-2881,17746,0,227,3,30
elapsed=11178 source=05B5 action=advance-cruise pose=13433,-5134,16052,221,151,0,63 target=12865,-2881,17746,0,227,3,30
elapsed=11181 source=082B action=contract pose=9796,-379,20093,224,166,0,63 target=12883,-2881,17767,0,227,2,30
elapsed=11181 source=082B action=contract pose=9881,-449,20028,224,166,0,63 target=12883,-2881,17767,0,227,2,30
elapsed=11181 source=082B action=contract pose=9966,-519,19963,224,166,0,63 target=12883,-2881,17767,0,227,2,30
elapsed=11181 source=082B action=face-immediate pose=10051,-589,19898,224,166,0,63 target=12883,-2881,17767,0,227,2,30
elapsed=11181 source=082B action=advance-homing pose=10051,-589,19898,224,166,0,63 target=12883,-2881,17767,0,227,2,30
elapsed=11181 source=047A action=advance-cruise pose=13046,-3138,17463,241,162,0,63 target=12883,-2881,17767,0,227,2,30
elapsed=11181 source=05B5 action=advance-cruise pose=13513,-5322,15920,221,151,0,63 target=12883,-2881,17767,0,227,2,30
elapsed=11184 source=082B action=contract pose=10187,-761,19798,224,166,0,63 target=12901,-2881,17788,0,227,2,30
elapsed=11184 source=082B action=contract pose=10273,-829,19733,224,166,0,63 target=12901,-2881,17788,0,227,2,30
elapsed=11184 source=082B action=contract pose=10359,-897,19668,224,166,0,63 target=12901,-2881,17788,0,227,2,30
elapsed=11184 source=082B action=face-immediate pose=10445,-965,19603,224,166,0,63 target=12901,-2881,17788,0,227,2,30
elapsed=11184 source=082B action=advance-homing pose=10445,-965,19603,225,167,0,63 target=12901,-2881,17788,0,227,2,30
elapsed=11185 source=047A action=advance-cruise pose=13214,-3226,17315,241,162,0,63 target=12901,-2881,17788,0,227,2,30
elapsed=11185 source=05B5 action=advance-cruise pose=13593,-5510,15788,221,151,0,63 target=12901,-2881,17788,0,227,2,30
elapsed=11188 source=082B action=contract pose=10585,-1133,19507,225,167,0,63 target=12919,-2881,17809,0,227,1,30
elapsed=11188 source=082B action=contract pose=10672,-1199,19443,225,167,0,63 target=12919,-2881,17809,0,227,1,30
elapsed=11188 source=082B action=contract pose=10759,-1265,19378,225,167,0,63 target=12919,-2881,17809,0,227,1,30
elapsed=11188 source=082B action=face-immediate pose=10846,-1331,19313,225,167,0,63 target=12919,-2881,17809,0,227,1,30
elapsed=11188 source=082B action=advance-homing pose=10846,-1331,19313,226,167,0,63 target=12919,-2881,17809,0,227,1,30
elapsed=11188 source=047A action=advance-cruise pose=13382,-3314,17167,241,162,0,63 target=12919,-2881,17809,0,227,1,30
elapsed=11188 source=05B5 action=advance-cruise pose=13673,-5698,15656,221,151,0,63 target=12919,-2881,17809,0,227,1,30
elapsed=11191 source=082B action=contract pose=10990,-1495,19213,226,167,0,63 target=12937,-2881,17830,0,227,0,30
elapsed=11191 source=082B action=contract pose=11079,-1559,19149,226,167,0,63 target=12937,-2881,17830,0,227,0,30
elapsed=11191 source=082B action=contract pose=11168,-1623,19085,226,167,0,63 target=12937,-2881,17830,0,227,0,30
elapsed=11191 source=082B action=face-immediate pose=11257,-1687,19021,226,167,0,63 target=12937,-2881,17830,0,227,0,30
elapsed=11191 source=082B action=advance-homing pose=11257,-1687,19021,227,167,0,63 target=12937,-2881,17830,0,227,0,30
elapsed=11191 source=047A action=advance-cruise pose=13550,-3402,17019,241,162,0,63 target=12937,-2881,17830,0,227,0,30
elapsed=11195 source=082B action=contract pose=11405,-1847,18917,227,167,0,63 target=12955,-2881,17851,0,227,255,30
elapsed=11195 source=082B action=contract pose=11496,-1909,18853,227,167,0,63 target=12955,-2881,17851,0,227,255,30
elapsed=11195 source=082B action=contract pose=11587,-1971,18789,227,167,0,63 target=12955,-2881,17851,0,227,255,30
elapsed=11195 source=082B action=face-immediate pose=11678,-2033,18725,227,167,0,63 target=12955,-2881,17851,0,227,255,30
elapsed=11195 source=082B action=advance-homing pose=11678,-2033,18725,228,168,0,63 target=12955,-2881,17851,0,227,255,30
elapsed=11195 source=047A action=advance-cruise pose=13718,-3490,16871,241,162,0,63 target=12955,-2881,17851,0,227,255,30
elapsed=11198 source=082B action=contract pose=11834,-2189,18621,228,168,0,63 target=12973,-2881,17872,0,227,254,30
elapsed=11198 source=082B action=contract pose=11928,-2247,18558,228,168,0,63 target=12973,-2881,17872,0,227,254,30
elapsed=11198 source=082B action=contract pose=12022,-2305,18495,228,168,0,63 target=12973,-2881,17872,0,227,254,30
elapsed=11198 source=082B action=face-immediate pose=12116,-2363,18432,228,168,0,63 target=12973,-2881,17872,0,227,254,30
elapsed=11198 source=082B action=advance-homing pose=12116,-2363,18432,229,169,0,63 target=12973,-2881,17872,0,227,254,30
elapsed=11198 source=047A action=advance-cruise pose=13886,-3578,16723,241,162,0,63 target=12973,-2881,17872,0,227,254,30
elapsed=11201 source=082B action=face-immediate pose=12276,-2515,18332,229,169,0,63 target=12991,-2881,17893,0,227,254,30
elapsed=11201 source=082B action=set-cruise-speed pose=12276,-2515,18332,232,170,0,63 target=12991,-2881,17893,0,227,254,30
elapsed=11201 source=082B action=advance-aim pose=12276,-2515,18332,232,170,0,63 target=12991,-2881,17893,0,227,254,30
elapsed=11202 source=047A action=advance-cruise pose=14054,-3666,16575,241,162,0,63 target=12991,-2881,17893,0,227,254,30
elapsed=11205 source=082B action=advance-aim pose=12448,-2651,18232,232,170,0,63 target=13009,-2881,17914,0,227,253,30
elapsed=11205 source=082B action=face-smooth pose=12620,-2787,18132,232,170,0,63 target=13009,-2881,17914,0,227,253,30
elapsed=11205 source=047A action=advance-cruise pose=14222,-3754,16427,241,162,0,63 target=13009,-2881,17914,0,227,253,30
elapsed=11208 source=082B action=advance-aim pose=12620,-2787,18132,234,171,0,63 target=13027,-2881,17935,0,227,253,30
elapsed=11208 source=047A action=advance-cruise pose=14390,-3842,16279,241,162,0,63 target=13027,-2881,17935,0,227,253,30
elapsed=11212 source=082B action=advance-aim pose=12800,-2911,18032,234,171,0,63 target=13045,-2881,17956,0,227,252,30
elapsed=11212 source=047A action=advance-cruise pose=14558,-3930,16131,241,162,0,63 target=13045,-2881,17956,0,227,252,30
elapsed=11215 source=082B action=advance-cruise pose=12980,-3035,17932,234,171,0,63 target=13063,-2881,17977,0,227,252,30
elapsed=11215 source=047A action=advance-cruise pose=14726,-4018,15983,241,162,0,63 target=13063,-2881,17977,0,227,252,30
elapsed=11218 source=082B action=advance-cruise pose=13160,-3159,17832,234,171,0,63 target=13081,-2881,17998,0,227,252,30
elapsed=11218 source=047A action=advance-cruise pose=14894,-4106,15835,241,162,0,63 target=13081,-2881,17998,0,227,252,30
elapsed=11221 source=082B action=advance-cruise pose=13340,-3283,17732,234,171,0,63 target=13099,-2881,18019,0,227,252,30
elapsed=11221 source=047A action=advance-cruise pose=15062,-4194,15687,241,162,0,63 target=13099,-2881,18019,0,227,252,30
elapsed=11224 source=082B action=advance-cruise pose=13520,-3407,17632,234,171,0,63 target=13117,-2881,18040,0,227,253,30
elapsed=11225 source=047A action=advance-cruise pose=15230,-4282,15539,241,162,0,63 target=13117,-2881,18040,0,227,253,30
elapsed=11228 source=082B action=advance-cruise pose=13700,-3531,17532,234,171,0,63 target=13135,-2881,18061,0,227,253,30
elapsed=11231 source=047A action=set-cruise-speed pose=9408,-646,16772,227,206,0,30 target=13153,-2881,18082,0,227,254,30
elapsed=11231 source=047A action=contract pose=9408,-646,16772,227,206,0,63 target=13153,-2881,18082,0,227,254,30
elapsed=11231 source=047A action=contract pose=9512,-709,16808,227,206,0,63 target=13153,-2881,18082,0,227,254,30
elapsed=11231 source=047A action=contract pose=9616,-772,16844,227,206,0,63 target=13153,-2881,18082,0,227,254,30
elapsed=11231 source=047A action=face-immediate pose=9720,-835,16880,227,206,0,63 target=13153,-2881,18082,0,227,254,30
elapsed=11231 source=047A action=advance-homing pose=9720,-835,16880,227,206,0,63 target=13153,-2881,18082,0,227,254,30
elapsed=11231 source=082B action=advance-cruise pose=13880,-3655,17432,234,171,0,63 target=13153,-2881,18082,0,227,254,30
elapsed=11235 source=047A action=contract pose=9892,-995,16940,227,206,0,63 target=13171,-2881,18103,0,227,254,30
elapsed=11235 source=047A action=contract pose=9997,-1056,16977,227,206,0,63 target=13171,-2881,18103,0,227,254,30
elapsed=11235 source=047A action=contract pose=10102,-1117,17014,227,206,0,63 target=13171,-2881,18103,0,227,254,30
elapsed=11235 source=047A action=face-immediate pose=10207,-1178,17051,227,206,0,63 target=13171,-2881,18103,0,227,254,30
elapsed=11235 source=047A action=advance-homing pose=10207,-1178,17051,227,206,0,63 target=13171,-2881,18103,0,227,254,30
elapsed=11235 source=082B action=advance-cruise pose=14060,-3779,17332,234,171,0,63 target=13171,-2881,18103,0,227,254,30
elapsed=11238 source=047A action=contract pose=10379,-1338,17111,227,206,0,63 target=13189,-2881,18124,0,227,255,30
elapsed=11238 source=047A action=contract pose=10485,-1397,17149,227,206,0,63 target=13189,-2881,18124,0,227,255,30
elapsed=11238 source=047A action=contract pose=10591,-1456,17187,227,206,0,63 target=13189,-2881,18124,0,227,255,30
elapsed=11238 source=047A action=face-immediate pose=10697,-1515,17225,227,206,0,63 target=13189,-2881,18124,0,227,255,30
elapsed=11238 source=047A action=advance-homing pose=10697,-1515,17225,228,206,0,63 target=13189,-2881,18124,0,227,255,30
elapsed=11238 source=082B action=advance-cruise pose=14240,-3903,17232,234,171,0,63 target=13189,-2881,18124,0,227,255,30
elapsed=11241 source=047A action=contract pose=10873,-1671,17285,228,206,0,63 target=13207,-2881,18145,0,227,0,30
elapsed=11241 source=047A action=contract pose=10980,-1727,17324,228,206,0,63 target=13207,-2881,18145,0,227,0,30
elapsed=11242 source=047A action=contract pose=11087,-1783,17363,228,206,0,63 target=13207,-2881,18145,0,227,0,30
elapsed=11242 source=047A action=face-immediate pose=11194,-1839,17402,228,206,0,63 target=13207,-2881,18145,0,227,0,30
elapsed=11242 source=047A action=advance-homing pose=11194,-1839,17402,230,207,0,63 target=13207,-2881,18145,0,227,0,30
elapsed=11242 source=082B action=advance-cruise pose=14420,-4027,17132,234,171,0,63 target=13207,-2881,18145,0,227,0,30
elapsed=11245 source=047A action=contract pose=11378,-1983,17470,230,207,0,63 target=13225,-2881,18166,0,227,1,30
elapsed=11245 source=047A action=contract pose=11486,-2036,17510,230,207,0,63 target=13225,-2881,18166,0,227,1,30
elapsed=11245 source=047A action=contract pose=11594,-2089,17550,230,207,0,63 target=13225,-2881,18166,0,227,1,30
elapsed=11245 source=047A action=face-immediate pose=11702,-2142,17590,230,207,0,63 target=13225,-2881,18166,0,227,1,30
elapsed=11245 source=047A action=advance-homing pose=11702,-2142,17590,231,207,0,63 target=13225,-2881,18166,0,227,1,30
elapsed=11245 source=082B action=advance-cruise pose=14600,-4151,17032,234,171,0,63 target=13225,-2881,18166,0,227,1,30
elapsed=11248 source=047A action=contract pose=11886,-2282,17658,231,207,0,63 target=13243,-2881,18187,0,227,2,30
elapsed=11248 source=047A action=contract pose=11995,-2331,17700,231,207,0,63 target=13243,-2881,18187,0,227,2,30
elapsed=11248 source=047A action=contract pose=12104,-2380,17742,231,207,0,63 target=13243,-2881,18187,0,227,2,30
elapsed=11248 source=047A action=face-immediate pose=12213,-2429,17784,231,207,0,63 target=13243,-2881,18187,0,227,2,30
elapsed=11248 source=047A action=advance-homing pose=12213,-2429,17784,233,208,0,63 target=13243,-2881,18187,0,227,2,30
elapsed=11248 source=082B action=advance-cruise pose=14780,-4275,16932,234,171,0,63 target=13243,-2881,18187,0,227,2,30
elapsed=11251 source=047A action=face-immediate pose=12401,-2557,17860,233,208,0,63 target=13261,-2881,18208,0,227,2,30
elapsed=11251 source=047A action=set-cruise-speed pose=12401,-2557,17860,236,208,0,63 target=13261,-2881,18208,0,227,2,30
elapsed=11252 source=047A action=advance-aim pose=12401,-2557,17860,236,208,0,63 target=13261,-2881,18208,0,227,2,30
elapsed=11252 source=047A action=face-smooth pose=12597,-2673,17940,236,208,0,63 target=13261,-2881,18208,0,227,2,30
elapsed=11252 source=082B action=advance-cruise pose=14960,-4399,16832,234,171,0,63 target=13261,-2881,18208,0,227,2,30
elapsed=11255 source=047A action=advance-aim pose=12597,-2673,17940,237,208,0,63 target=13279,-2881,18229,0,227,3,30
elapsed=11255 source=082B action=advance-cruise pose=15140,-4523,16732,234,171,0,63 target=13279,-2881,18229,0,227,3,30
elapsed=11258 source=047A action=advance-aim pose=12797,-2785,18020,237,208,0,63 target=13297,-2881,18250,0,227,3,30
elapsed=11258 source=047A action=face-smooth pose=12997,-2897,18100,237,208,0,63 target=13297,-2881,18250,0,227,3,30
elapsed=11259 source=082B action=advance-cruise pose=15320,-4647,16632,234,171,0,63 target=13297,-2881,18250,0,227,3,30
elapsed=11262 source=047A action=advance-aim pose=12997,-2897,18100,242,209,0,63 target=13315,-2881,18271,0,227,4,30
elapsed=11262 source=082B action=advance-cruise pose=15500,-4771,16532,234,171,0,63 target=13315,-2881,18271,0,227,4,30
elapsed=11265 source=047A action=advance-aim pose=13205,-2977,18192,242,209,0,63 target=13333,-2881,18292,0,227,4,30
elapsed=11268 source=047A action=advance-cruise pose=13413,-3057,18284,242,209,0,63 target=13351,-2881,18313,0,227,4,30
elapsed=11271 source=047A action=advance-cruise pose=13621,-3137,18376,242,209,0,63 target=13369,-2881,18334,0,227,4,30
elapsed=11275 source=047A action=advance-cruise pose=13829,-3217,18468,242,209,0,63 target=13387,-2881,18355,0,227,3,30
elapsed=11278 source=047A action=advance-cruise pose=14037,-3297,18560,242,209,0,63 target=13405,-2881,18376,0,227,3,30
elapsed=11281 source=047A action=advance-cruise pose=14245,-3377,18652,242,209,0,63 target=13423,-2881,18397,0,227,2,30
elapsed=11284 source=047A action=advance-cruise pose=14453,-3457,18744,242,209,0,63 target=13441,-2881,18418,0,227,2,30
elapsed=11287 source=047A action=advance-cruise pose=14661,-3537,18836,242,209,0,63 target=13459,-2881,18439,0,227,1,30
elapsed=11290 source=047A action=advance-cruise pose=14869,-3617,18928,242,209,0,63 target=13477,-2881,18460,0,227,0,30
elapsed=11293 source=047A action=advance-cruise pose=15077,-3697,19020,242,209,0,63 target=13495,-2881,18481,0,227,255,30
elapsed=11296 source=047A action=advance-cruise pose=15285,-3777,19112,242,209,0,63 target=13513,-2881,18502,0,227,254,30
elapsed=11300 source=047A action=advance-cruise pose=15493,-3857,19204,242,209,0,63 target=13531,-2881,18523,0,227,254,30
elapsed=11303 source=047A action=advance-cruise pose=15701,-3937,19296,242,209,0,63 target=13549,-2881,18544,0,227,253,30
elapsed=11306 source=047A action=advance-cruise pose=15909,-4017,19388,242,209,0,63 target=13567,-2881,18565,0,227,253,30
elapsed=11309 source=047A action=advance-cruise pose=16117,-4097,19480,242,209,0,63 target=13585,-2881,18586,0,227,252,30
elapsed=11312 source=047A action=advance-cruise pose=16325,-4177,19572,242,209,0,63 target=13603,-2881,18607,0,227,252,30
elapsed=11536 source=0672 action=set-cruise-speed pose=18780,-6498,11364,20,18,0,30 target=14881,-2881,20098,0,227,2,30
elapsed=11536 source=0672 action=contract pose=18780,-6498,11364,20,18,0,63 target=14881,-2881,20098,0,227,2,30
elapsed=11536 source=0672 action=contract pose=18731,-6454,11472,20,18,0,63 target=14881,-2881,20098,0,227,2,30
elapsed=11536 source=0672 action=contract pose=18682,-6409,11580,20,18,0,63 target=14881,-2881,20098,0,227,2,30
elapsed=11536 source=0672 action=face-immediate pose=18633,-6365,11688,20,18,0,63 target=14881,-2881,20098,0,227,2,30
elapsed=11536 source=0672 action=advance-homing pose=18633,-6365,11688,20,18,0,63 target=14881,-2881,20098,0,227,2,30
elapsed=11539 source=0672 action=contract pose=18545,-6249,11884,20,18,0,63 target=14899,-2881,20119,0,227,3,30
elapsed=11539 source=0672 action=contract pose=18496,-6205,11993,20,18,0,63 target=14899,-2881,20119,0,227,3,30
elapsed=11539 source=0672 action=contract pose=18447,-6161,12101,20,18,0,63 target=14899,-2881,20119,0,227,3,30
elapsed=11539 source=0672 action=face-immediate pose=18398,-6117,12210,20,18,0,63 target=14899,-2881,20119,0,227,3,30
elapsed=11539 source=0672 action=advance-homing pose=18398,-6117,12210,20,17,0,63 target=14899,-2881,20119,0,227,3,30
elapsed=11543 source=0672 action=contract pose=18314,-6001,12406,20,17,0,63 target=14917,-2881,20140,0,227,3,30
elapsed=11543 source=0672 action=contract pose=18265,-5958,12515,20,17,0,63 target=14917,-2881,20140,0,227,3,30
elapsed=11543 source=0672 action=contract pose=18216,-5914,12624,20,17,0,63 target=14917,-2881,20140,0,227,3,30
elapsed=11543 source=0672 action=face-immediate pose=18167,-5870,12733,20,17,0,63 target=14917,-2881,20140,0,227,3,30
elapsed=11543 source=0672 action=advance-homing pose=18167,-5870,12733,20,17,0,63 target=14917,-2881,20140,0,227,3,30
elapsed=11546 source=0672 action=contract pose=18083,-5754,12929,20,17,0,63 target=14935,-2881,20161,0,227,4,30
elapsed=11546 source=0672 action=contract pose=18035,-5711,13038,20,17,0,63 target=14935,-2881,20161,0,227,4,30
elapsed=11546 source=0672 action=contract pose=17987,-5668,13147,20,17,0,63 target=14935,-2881,20161,0,227,4,30
elapsed=11546 source=0672 action=face-immediate pose=17939,-5625,13256,20,17,0,63 target=14935,-2881,20161,0,227,4,30
elapsed=11546 source=0672 action=advance-homing pose=17939,-5625,13256,20,17,0,63 target=14935,-2881,20161,0,227,4,30
elapsed=11550 source=0672 action=contract pose=17855,-5509,13452,20,17,0,63 target=14953,-2881,20182,0,227,4,30
elapsed=11550 source=0672 action=contract pose=17807,-5467,13561,20,17,0,63 target=14953,-2881,20182,0,227,4,30
elapsed=11550 source=0672 action=contract pose=17759,-5425,13671,20,17,0,63 target=14953,-2881,20182,0,227,4,30
elapsed=11550 source=0672 action=face-immediate pose=17711,-5383,13780,20,17,0,63 target=14953,-2881,20182,0,227,4,30
elapsed=11550 source=0672 action=advance-homing pose=17711,-5383,13780,20,17,0,63 target=14953,-2881,20182,0,227,4,30
elapsed=11553 source=0672 action=contract pose=17627,-5267,13976,20,17,0,63 target=14971,-2881,20203,0,227,4,30
elapsed=11553 source=0672 action=contract pose=17579,-5225,14086,20,17,0,63 target=14971,-2881,20203,0,227,4,30
elapsed=11553 source=0672 action=contract pose=17531,-5183,14196,20,17,0,63 target=14971,-2881,20203,0,227,4,30
elapsed=11553 source=0672 action=face-immediate pose=17483,-5141,14306,20,17,0,63 target=14971,-2881,20203,0,227,4,30
elapsed=11553 source=0672 action=advance-homing pose=17483,-5141,14306,19,17,0,63 target=14971,-2881,20203,0,227,4,30
elapsed=11556 source=0672 action=contract pose=17395,-5029,14506,19,17,0,63 target=14989,-2881,20224,0,227,4,30
elapsed=11556 source=0672 action=contract pose=17348,-4988,14616,19,17,0,63 target=14989,-2881,20224,0,227,4,30
elapsed=11556 source=0672 action=contract pose=17301,-4947,14726,19,17,0,63 target=14989,-2881,20224,0,227,4,30
elapsed=11556 source=0672 action=face-immediate pose=17254,-4906,14836,19,17,0,63 target=14989,-2881,20224,0,227,4,30
elapsed=11556 source=0672 action=advance-homing pose=17254,-4906,14836,19,17,0,63 target=14989,-2881,20224,0,227,4,30
elapsed=11559 source=0672 action=contract pose=17166,-4794,15036,19,17,0,63 target=15007,-2881,20245,0,227,3,30
elapsed=11559 source=0672 action=contract pose=17119,-4754,15147,19,17,0,63 target=15007,-2881,20245,0,227,3,30
elapsed=11559 source=0672 action=contract pose=17072,-4714,15258,19,17,0,63 target=15007,-2881,20245,0,227,3,30
elapsed=11559 source=0672 action=face-immediate pose=17025,-4674,15369,19,17,0,63 target=15007,-2881,20245,0,227,3,30
elapsed=11560 source=0672 action=advance-homing pose=17025,-4674,15369,19,16,0,63 target=15007,-2881,20245,0,227,3,30
elapsed=11562 source=0672 action=contract pose=16945,-4562,15569,19,16,0,63 target=15025,-2881,20266,0,227,3,30
elapsed=11563 source=0672 action=contract pose=16899,-4523,15680,19,16,0,63 target=15025,-2881,20266,0,227,3,30
elapsed=11563 source=0672 action=contract pose=16853,-4484,15791,19,16,0,63 target=15025,-2881,20266,0,227,3,30
elapsed=11563 source=0672 action=face-immediate pose=16807,-4445,15902,19,16,0,63 target=15025,-2881,20266,0,227,3,30
elapsed=11563 source=0672 action=advance-homing pose=16807,-4445,15902,18,16,0,63 target=15025,-2881,20266,0,227,3,30
elapsed=11566 source=0672 action=contract pose=16727,-4341,16102,18,16,0,63 target=15043,-2881,20287,0,227,2,30
elapsed=11566 source=0672 action=contract pose=16681,-4302,16214,18,16,0,63 target=15043,-2881,20287,0,227,2,30
elapsed=11566 source=0672 action=contract pose=16635,-4263,16326,18,16,0,63 target=15043,-2881,20287,0,227,2,30
elapsed=11566 source=0672 action=face-immediate pose=16589,-4224,16438,18,16,0,63 target=15043,-2881,20287,0,227,2,30
elapsed=11566 source=0672 action=advance-homing pose=16589,-4224,16438,18,16,0,63 target=15043,-2881,20287,0,227,2,30
elapsed=11569 source=0672 action=contract pose=16509,-4120,16638,18,16,0,63 target=15061,-2881,20308,0,227,2,30
elapsed=11569 source=0672 action=contract pose=16464,-4082,16750,18,16,0,63 target=15061,-2881,20308,0,227,2,30
elapsed=11569 source=0672 action=contract pose=16419,-4044,16862,18,16,0,63 target=15061,-2881,20308,0,227,2,30
elapsed=11569 source=0672 action=face-immediate pose=16374,-4006,16974,18,16,0,63 target=15061,-2881,20308,0,227,2,30
elapsed=11569 source=0672 action=advance-homing pose=16374,-4006,16974,17,16,0,63 target=15061,-2881,20308,0,227,2,30
elapsed=11572 source=0672 action=contract pose=16294,-3906,17178,17,16,0,63 target=15079,-2881,20329,0,227,1,30
elapsed=11572 source=0672 action=contract pose=16250,-3870,17291,17,16,0,63 target=15079,-2881,20329,0,227,1,30
elapsed=11572 source=0672 action=contract pose=16206,-3834,17404,17,16,0,63 target=15079,-2881,20329,0,227,1,30
elapsed=11572 source=0672 action=face-immediate pose=16162,-3798,17517,17,16,0,63 target=15079,-2881,20329,0,227,1,30
elapsed=11572 source=0672 action=advance-homing pose=16162,-3798,17517,17,15,0,63 target=15079,-2881,20329,0,227,1,30
elapsed=11575 source=0672 action=contract pose=16086,-3698,17725,17,15,0,63 target=15097,-2881,20350,0,227,0,30
elapsed=11575 source=0672 action=contract pose=16042,-3663,17839,17,15,0,63 target=15097,-2881,20350,0,227,0,30
elapsed=11575 source=0672 action=contract pose=15998,-3628,17953,17,15,0,63 target=15097,-2881,20350,0,227,0,30
elapsed=11575 source=0672 action=face-immediate pose=15955,-3593,18067,17,15,0,63 target=15097,-2881,20350,0,227,0,30
elapsed=11575 source=0672 action=advance-homing pose=15955,-3593,18067,16,15,0,63 target=15097,-2881,20350,0,227,0,30
elapsed=11578 source=0672 action=contract pose=15875,-3501,18279,16,15,0,63 target=15115,-2881,20371,0,227,255,30
elapsed=11578 source=0672 action=contract pose=15833,-3467,18394,16,15,0,63 target=15115,-2881,20371,0,227,255,30
elapsed=11578 source=0672 action=contract pose=15791,-3433,18509,16,15,0,63 target=15115,-2881,20371,0,227,255,30
elapsed=11578 source=0672 action=face-immediate pose=15749,-3399,18624,16,15,0,63 target=15115,-2881,20371,0,227,255,30
elapsed=11578 source=0672 action=advance-homing pose=15749,-3399,18624,16,14,0,63 target=15115,-2881,20371,0,227,255,30
elapsed=11581 source=0672 action=contract pose=15677,-3307,18836,16,14,0,63 target=15133,-2881,20392,0,227,254,30
elapsed=11581 source=0672 action=contract pose=15636,-3276,18952,16,14,0,63 target=15133,-2881,20392,0,227,254,30
elapsed=11581 source=0672 action=contract pose=15595,-3245,19068,16,14,0,63 target=15133,-2881,20392,0,227,254,30
elapsed=11581 source=0672 action=face-immediate pose=15554,-3214,19184,16,14,0,63 target=15133,-2881,20392,0,227,254,30
elapsed=11582 source=0672 action=advance-homing pose=15554,-3214,19184,15,14,0,63 target=15133,-2881,20392,0,227,254,30
elapsed=11585 source=0672 action=contract pose=15482,-3126,19396,15,14,0,63 target=15151,-2881,20413,0,227,254,30
elapsed=11585 source=0672 action=contract pose=15443,-3098,19513,15,14,0,63 target=15151,-2881,20413,0,227,254,30
elapsed=11585 source=0672 action=contract pose=15404,-3070,19630,15,14,0,63 target=15151,-2881,20413,0,227,254,30
elapsed=11585 source=0672 action=face-immediate pose=15365,-3042,19747,15,14,0,63 target=15151,-2881,20413,0,227,254,30
elapsed=11585 source=0672 action=advance-homing pose=15365,-3042,19747,13,13,0,63 target=15151,-2881,20413,0,227,254,30
elapsed=11588 source=082B action=set-cruise-speed pose=20108,-3074,11844,1,22,0,30 target=15169,-2881,20434,0,227,253,30
elapsed=11588 source=082B action=contract pose=20108,-3074,11844,1,22,0,63 target=15169,-2881,20434,0,227,253,30
elapsed=11588 source=082B action=contract pose=20044,-3072,11954,1,22,0,63 target=15169,-2881,20434,0,227,253,30
elapsed=11588 source=082B action=contract pose=19980,-3070,12064,1,22,0,63 target=15169,-2881,20434,0,227,253,30
elapsed=11588 source=082B action=face-immediate pose=19916,-3068,12174,1,22,0,63 target=15169,-2881,20434,0,227,253,30
elapsed=11588 source=082B action=advance-homing pose=19916,-3068,12174,1,22,0,63 target=15169,-2881,20434,0,227,253,30
elapsed=11589 source=0672 action=face-immediate pose=15297,-2966,19967,13,13,0,63 target=15169,-2881,20434,0,227,253,30
elapsed=11589 source=0672 action=set-cruise-speed pose=15297,-2966,19967,10,11,0,63 target=15169,-2881,20434,0,227,253,30
elapsed=11589 source=0672 action=advance-aim pose=15297,-2966,19967,10,11,0,63 target=15169,-2881,20434,0,227,253,30
elapsed=11589 source=0672 action=face-smooth pose=15237,-2910,20195,10,11,0,63 target=15169,-2881,20434,0,227,253,30
elapsed=11592 source=082B action=contract pose=19796,-3064,12382,1,22,0,63 target=15187,-2881,20455,0,227,253,30
elapsed=11592 source=082B action=contract pose=19732,-3062,12492,1,22,0,63 target=15187,-2881,20455,0,227,253,30
elapsed=11592 source=082B action=contract pose=19668,-3060,12602,1,22,0,63 target=15187,-2881,20455,0,227,253,30
elapsed=11592 source=082B action=face-immediate pose=19604,-3058,12712,1,22,0,63 target=15187,-2881,20455,0,227,253,30
elapsed=11592 source=082B action=advance-homing pose=19604,-3058,12712,1,22,0,63 target=15187,-2881,20455,0,227,253,30
elapsed=11592 source=0672 action=advance-aim pose=15237,-2910,20195,9,12,0,63 target=15187,-2881,20455,0,227,253,30
elapsed=11596 source=082B action=contract pose=19484,-3054,12920,1,22,0,63 target=15205,-2881,20476,0,227,252,30
elapsed=11596 source=082B action=contract pose=19421,-3052,13030,1,22,0,63 target=15205,-2881,20476,0,227,252,30
elapsed=11596 source=082B action=contract pose=19357,-3050,13140,1,22,0,63 target=15205,-2881,20476,0,227,252,30
elapsed=11596 source=082B action=face-immediate pose=19294,-3048,13250,1,22,0,63 target=15205,-2881,20476,0,227,252,30
elapsed=11596 source=082B action=advance-homing pose=19294,-3048,13250,1,21,0,63 target=15205,-2881,20476,0,227,252,30
elapsed=11596 source=0672 action=advance-aim pose=15173,-2858,20419,9,12,0,63 target=15205,-2881,20476,0,227,252,30
elapsed=11599 source=082B action=contract pose=19178,-3044,13462,1,21,0,63 target=15223,-2881,20497,0,227,252,30
elapsed=11599 source=082B action=contract pose=19115,-3042,13572,1,21,0,63 target=15223,-2881,20497,0,227,252,30
elapsed=11599 source=082B action=contract pose=19052,-3040,13683,1,21,0,63 target=15223,-2881,20497,0,227,252,30
elapsed=11599 source=082B action=face-immediate pose=18989,-3038,13794,1,21,0,63 target=15223,-2881,20497,0,227,252,30
elapsed=11599 source=082B action=advance-homing pose=18989,-3038,13794,1,21,0,63 target=15223,-2881,20497,0,227,252,30
elapsed=11599 source=0672 action=advance-cruise pose=15109,-2806,20643,9,12,0,63 target=15223,-2881,20497,0,227,252,30
elapsed=11602 source=082B action=contract pose=18873,-3034,14006,1,21,0,63 target=15241,-2881,20518,0,227,252,30
elapsed=11603 source=082B action=contract pose=18810,-3032,14117,1,21,0,63 target=15241,-2881,20518,0,227,252,30
elapsed=11603 source=082B action=contract pose=18747,-3030,14228,1,21,0,63 target=15241,-2881,20518,0,227,252,30
elapsed=11603 source=082B action=face-immediate pose=18684,-3028,14339,1,21,0,63 target=15241,-2881,20518,0,227,252,30
elapsed=11603 source=082B action=advance-homing pose=18684,-3028,14339,1,21,0,63 target=15241,-2881,20518,0,227,252,30
elapsed=11603 source=0672 action=advance-cruise pose=15045,-2754,20867,9,12,0,63 target=15241,-2881,20518,0,227,252,30
elapsed=11606 source=082B action=contract pose=18568,-3024,14551,1,21,0,63 target=15259,-2881,20539,0,227,252,30
elapsed=11606 source=082B action=contract pose=18506,-3022,14662,1,21,0,63 target=15259,-2881,20539,0,227,252,30
elapsed=11606 source=082B action=contract pose=18444,-3020,14773,1,21,0,63 target=15259,-2881,20539,0,227,252,30
elapsed=11606 source=082B action=face-immediate pose=18382,-3018,14884,1,21,0,63 target=15259,-2881,20539,0,227,252,30
elapsed=11606 source=082B action=advance-homing pose=18382,-3018,14884,1,21,0,63 target=15259,-2881,20539,0,227,252,30
elapsed=11606 source=0672 action=advance-cruise pose=14981,-2702,21091,9,12,0,63 target=15259,-2881,20539,0,227,252,30
elapsed=11609 source=082B action=contract pose=18266,-3014,15096,1,21,0,63 target=15277,-2881,20560,0,227,253,30
elapsed=11609 source=082B action=contract pose=18204,-3012,15207,1,21,0,63 target=15277,-2881,20560,0,227,253,30
elapsed=11609 source=082B action=contract pose=18142,-3010,15318,1,21,0,63 target=15277,-2881,20560,0,227,253,30
elapsed=11609 source=082B action=face-immediate pose=18080,-3008,15429,1,21,0,63 target=15277,-2881,20560,0,227,253,30
elapsed=11609 source=082B action=advance-homing pose=18080,-3008,15429,1,21,0,63 target=15277,-2881,20560,0,227,253,30
elapsed=11609 source=0672 action=advance-cruise pose=14917,-2650,21315,9,12,0,63 target=15277,-2881,20560,0,227,253,30
elapsed=11612 source=082B action=contract pose=17964,-3004,15641,1,21,0,63 target=15295,-2881,20581,0,227,253,30
elapsed=11612 source=082B action=contract pose=17903,-3002,15752,1,21,0,63 target=15295,-2881,20581,0,227,253,30
elapsed=11612 source=082B action=contract pose=17842,-3000,15863,1,21,0,63 target=15295,-2881,20581,0,227,253,30
elapsed=11612 source=082B action=face-immediate pose=17781,-2998,15974,1,21,0,63 target=15295,-2881,20581,0,227,253,30
elapsed=11612 source=082B action=advance-homing pose=17781,-2998,15974,1,21,0,63 target=15295,-2881,20581,0,227,253,30
elapsed=11613 source=0672 action=advance-cruise pose=14853,-2598,21539,9,12,0,63 target=15295,-2881,20581,0,227,253,30
elapsed=11616 source=082B action=contract pose=17665,-2994,16186,1,21,0,63 target=15313,-2881,20602,0,227,254,30
elapsed=11616 source=082B action=contract pose=17605,-2992,16298,1,21,0,63 target=15313,-2881,20602,0,227,254,30
elapsed=11616 source=082B action=contract pose=17545,-2990,16410,1,21,0,63 target=15313,-2881,20602,0,227,254,30
elapsed=11616 source=082B action=face-immediate pose=17485,-2988,16522,1,21,0,63 target=15313,-2881,20602,0,227,254,30
elapsed=11616 source=082B action=advance-homing pose=17485,-2988,16522,1,20,0,63 target=15313,-2881,20602,0,227,254,30
elapsed=11616 source=0672 action=advance-cruise pose=14789,-2546,21763,9,12,0,63 target=15313,-2881,20602,0,227,254,30
elapsed=11619 source=082B action=contract pose=17373,-2984,16738,1,20,0,63 target=15331,-2881,20623,0,227,254,30
elapsed=11619 source=082B action=contract pose=17313,-2982,16850,1,20,0,63 target=15331,-2881,20623,0,227,254,30
elapsed=11619 source=082B action=contract pose=17253,-2980,16962,1,20,0,63 target=15331,-2881,20623,0,227,254,30
elapsed=11619 source=082B action=face-immediate pose=17193,-2978,17074,1,20,0,63 target=15331,-2881,20623,0,227,254,30
elapsed=11619 source=082B action=advance-homing pose=17193,-2978,17074,1,20,0,63 target=15331,-2881,20623,0,227,254,30
elapsed=11619 source=0672 action=advance-cruise pose=14725,-2494,21987,9,12,0,63 target=15331,-2881,20623,0,227,254,30
elapsed=11622 source=082B action=contract pose=17081,-2974,17290,1,20,0,63 target=15349,-2881,20644,0,227,255,30
elapsed=11622 source=082B action=contract pose=17022,-2971,17403,1,20,0,63 target=15349,-2881,20644,0,227,255,30
elapsed=11622 source=082B action=contract pose=16963,-2968,17515,1,20,0,63 target=15349,-2881,20644,0,227,255,30
elapsed=11622 source=082B action=face-immediate pose=16904,-2965,17627,1,20,0,63 target=15349,-2881,20644,0,227,255,30
elapsed=11622 source=082B action=advance-homing pose=16904,-2965,17627,1,20,0,63 target=15349,-2881,20644,0,227,255,30
elapsed=11622 source=0672 action=advance-cruise pose=14661,-2442,22211,9,12,0,63 target=15349,-2881,20644,0,227,255,30
elapsed=11625 source=082B action=contract pose=16792,-2961,17843,1,20,0,63 target=15367,-2881,20665,0,227,0,30
elapsed=11625 source=082B action=contract pose=16734,-2958,17956,1,20,0,63 target=15367,-2881,20665,0,227,0,30
elapsed=11625 source=082B action=contract pose=16676,-2955,18069,1,20,0,63 target=15367,-2881,20665,0,227,0,30
elapsed=11626 source=082B action=face-immediate pose=16618,-2952,18182,1,20,0,63 target=15367,-2881,20665,0,227,0,30
elapsed=11626 source=082B action=advance-homing pose=16618,-2952,18182,1,19,0,63 target=15367,-2881,20665,0,227,0,30
elapsed=11626 source=0672 action=advance-cruise pose=14597,-2390,22435,9,12,0,63 target=15367,-2881,20665,0,227,0,30
elapsed=11629 source=082B action=contract pose=16510,-2948,18398,1,19,0,63 target=15385,-2881,20686,0,227,1,30
elapsed=11629 source=082B action=contract pose=16453,-2945,18512,1,19,0,63 target=15385,-2881,20686,0,227,1,30
elapsed=11629 source=082B action=contract pose=16396,-2942,18626,1,19,0,63 target=15385,-2881,20686,0,227,1,30
elapsed=11629 source=082B action=face-immediate pose=16339,-2939,18740,1,19,0,63 target=15385,-2881,20686,0,227,1,30
elapsed=11629 source=082B action=advance-homing pose=16339,-2939,18740,1,19,0,63 target=15385,-2881,20686,0,227,1,30
elapsed=11629 source=0672 action=advance-cruise pose=14533,-2338,22659,9,12,0,63 target=15385,-2881,20686,0,227,1,30
elapsed=11632 source=082B action=contract pose=16231,-2935,18956,1,19,0,63 target=15403,-2881,20707,0,227,2,30
elapsed=11632 source=082B action=contract pose=16176,-2932,19070,1,19,0,63 target=15403,-2881,20707,0,227,2,30
elapsed=11632 source=082B action=contract pose=16121,-2929,19184,1,19,0,63 target=15403,-2881,20707,0,227,2,30
elapsed=11632 source=082B action=face-immediate pose=16066,-2926,19298,1,19,0,63 target=15403,-2881,20707,0,227,2,30
elapsed=11632 source=082B action=advance-homing pose=16066,-2926,19298,1,18,0,63 target=15403,-2881,20707,0,227,2,30
elapsed=11632 source=0672 action=advance-cruise pose=14469,-2286,22883,9,12,0,63 target=15403,-2881,20707,0,227,2,30
elapsed=11635 source=082B action=contract pose=15966,-2922,19518,1,18,0,63 target=15421,-2881,20728,0,227,2,30
elapsed=11635 source=082B action=contract pose=15913,-2919,19633,1,18,0,63 target=15421,-2881,20728,0,227,2,30
elapsed=11635 source=082B action=contract pose=15860,-2915,19748,1,18,0,63 target=15421,-2881,20728,0,227,2,30
elapsed=11636 source=082B action=face-immediate pose=15808,-2911,19863,1,18,0,63 target=15421,-2881,20728,0,227,2,30
elapsed=11636 source=082B action=advance-homing pose=15808,-2911,19863,1,18,0,63 target=15421,-2881,20728,0,227,2,30
elapsed=11636 source=0672 action=advance-cruise pose=14405,-2234,23107,9,12,0,63 target=15421,-2881,20728,0,227,2,30
elapsed=11639 source=082B action=face-immediate pose=15708,-2907,20083,1,18,0,63 target=15439,-2881,20749,0,227,3,30
elapsed=11639 source=082B action=set-cruise-speed pose=15708,-2907,20083,2,16,0,63 target=15439,-2881,20749,0,227,3,30
elapsed=11639 source=082B action=advance-aim pose=15708,-2907,20083,2,16,0,63 target=15439,-2881,20749,0,227,3,30
elapsed=11639 source=0672 action=advance-cruise pose=14341,-2182,23331,9,12,0,63 target=15439,-2881,20749,0,227,3,30
elapsed=11643 source=05B5 action=set-cruise-speed pose=22036,-62,11868,241,26,0,30 target=15457,-2881,20770,0,227,3,30
elapsed=11643 source=05B5 action=contract pose=22036,-62,11868,241,26,0,63 target=15457,-2881,20770,0,227,3,30
elapsed=11643 source=05B5 action=contract pose=21962,-94,11967,241,26,0,63 target=15457,-2881,20770,0,227,3,30
elapsed=11643 source=05B5 action=contract pose=21888,-126,12066,241,26,0,63 target=15457,-2881,20770,0,227,3,30
elapsed=11643 source=05B5 action=face-immediate pose=21814,-158,12165,241,26,0,63 target=15457,-2881,20770,0,227,3,30
elapsed=11643 source=05B5 action=advance-homing pose=21814,-158,12165,241,26,0,63 target=15457,-2881,20770,0,227,3,30
elapsed=11643 source=082B action=advance-aim pose=15620,-2899,20307,2,16,0,63 target=15457,-2881,20770,0,227,3,30
elapsed=11643 source=082B action=face-smooth pose=15532,-2891,20531,2,16,0,63 target=15457,-2881,20770,0,227,3,30
elapsed=11643 source=0672 action=advance-cruise pose=14277,-2130,23555,9,12,0,63 target=15457,-2881,20770,0,227,3,30
elapsed=11646 source=05B5 action=contract pose=21682,-246,12349,241,26,0,63 target=15475,-2881,20791,0,227,4,30
elapsed=11646 source=05B5 action=contract pose=21608,-278,12448,241,26,0,63 target=15475,-2881,20791,0,227,4,30
elapsed=11646 source=05B5 action=contract pose=21534,-310,12547,241,26,0,63 target=15475,-2881,20791,0,227,4,30
elapsed=11646 source=05B5 action=face-immediate pose=21460,-342,12646,241,26,0,63 target=15475,-2881,20791,0,227,4,30
elapsed=11647 source=05B5 action=advance-homing pose=21460,-342,12646,241,26,0,63 target=15475,-2881,20791,0,227,4,30
elapsed=11647 source=082B action=advance-aim pose=15532,-2891,20531,2,15,0,63 target=15475,-2881,20791,0,227,4,30
elapsed=11647 source=0672 action=advance-cruise pose=14213,-2078,23779,9,12,0,63 target=15475,-2881,20791,0,227,4,30
elapsed=11650 source=05B5 action=contract pose=21328,-430,12830,241,26,0,63 target=15493,-2881,20812,0,227,4,30
elapsed=11650 source=05B5 action=contract pose=21254,-461,12929,241,26,0,63 target=15493,-2881,20812,0,227,4,30
elapsed=11650 source=05B5 action=contract pose=21180,-492,13028,241,26,0,63 target=15493,-2881,20812,0,227,4,30
elapsed=11650 source=05B5 action=face-immediate pose=21106,-523,13127,241,26,0,63 target=15493,-2881,20812,0,227,4,30
elapsed=11650 source=05B5 action=advance-homing pose=21106,-523,13127,241,26,0,63 target=15493,-2881,20812,0,227,4,30
elapsed=11650 source=082B action=advance-aim pose=15448,-2883,20759,2,15,0,63 target=15493,-2881,20812,0,227,4,30
elapsed=11653 source=05B5 action=contract pose=20974,-611,13311,241,26,0,63 target=15511,-2881,20833,0,227,4,30
elapsed=11653 source=05B5 action=contract pose=20901,-642,13411,241,26,0,63 target=15511,-2881,20833,0,227,4,30
elapsed=11653 source=05B5 action=contract pose=20828,-673,13510,241,26,0,63 target=15511,-2881,20833,0,227,4,30
elapsed=11654 source=05B5 action=face-immediate pose=20754,-704,13610,241,26,0,63 target=15511,-2881,20833,0,227,4,30
elapsed=11654 source=05B5 action=advance-homing pose=20754,-704,13610,242,26,0,63 target=15511,-2881,20833,0,227,4,30
elapsed=11654 source=082B action=advance-cruise pose=15364,-2875,20987,2,15,0,63 target=15511,-2881,20833,0,227,4,30
elapsed=11657 source=05B5 action=contract pose=20622,-784,13794,242,26,0,63 target=15529,-2881,20854,0,227,4,30
elapsed=11657 source=05B5 action=contract pose=20549,-815,13894,242,26,0,63 target=15529,-2881,20854,0,227,4,30
elapsed=11657 source=05B5 action=contract pose=20476,-845,13994,242,26,0,63 target=15529,-2881,20854,0,227,4,30
elapsed=11657 source=05B5 action=face-immediate pose=20403,-875,14094,242,26,0,63 target=15529,-2881,20854,0,227,4,30
elapsed=11657 source=05B5 action=advance-homing pose=20403,-875,14094,242,26,0,63 target=15529,-2881,20854,0,227,4,30
elapsed=11657 source=082B action=advance-cruise pose=15280,-2867,21215,2,15,0,63 target=15529,-2881,20854,0,227,4,30
elapsed=11660 source=05B5 action=contract pose=20271,-955,14278,242,26,0,63 target=15547,-2881,20875,0,227,3,30
elapsed=11660 source=05B5 action=contract pose=20198,-985,14378,242,26,0,63 target=15547,-2881,20875,0,227,3,30
elapsed=11660 source=05B5 action=contract pose=20125,-1015,14478,242,26,0,63 target=15547,-2881,20875,0,227,3,30
elapsed=11660 source=05B5 action=face-immediate pose=20052,-1045,14578,242,26,0,63 target=15547,-2881,20875,0,227,3,30
elapsed=11660 source=05B5 action=advance-homing pose=20052,-1045,14578,242,26,0,63 target=15547,-2881,20875,0,227,3,30
elapsed=11660 source=082B action=advance-cruise pose=15196,-2859,21443,2,15,0,63 target=15547,-2881,20875,0,227,3,30
elapsed=11663 source=05B5 action=contract pose=19920,-1125,14762,242,26,0,63 target=15565,-2881,20896,0,227,3,30
elapsed=11663 source=05B5 action=contract pose=19848,-1155,14863,242,26,0,63 target=15565,-2881,20896,0,227,3,30
elapsed=11663 source=05B5 action=contract pose=19775,-1185,14964,242,26,0,63 target=15565,-2881,20896,0,227,3,30
elapsed=11663 source=05B5 action=face-immediate pose=19703,-1214,15065,242,26,0,63 target=15565,-2881,20896,0,227,3,30
elapsed=11663 source=05B5 action=advance-homing pose=19703,-1214,15065,242,26,0,63 target=15565,-2881,20896,0,227,3,30
elapsed=11663 source=082B action=advance-cruise pose=15112,-2851,21671,2,15,0,63 target=15565,-2881,20896,0,227,3,30
elapsed=11667 source=05B5 action=contract pose=19571,-1294,15249,242,26,0,63 target=15583,-2881,20917,0,227,2,30
elapsed=11667 source=05B5 action=contract pose=19499,-1323,15350,242,26,0,63 target=15583,-2881,20917,0,227,2,30
elapsed=11667 source=05B5 action=contract pose=19427,-1352,15451,242,26,0,63 target=15583,-2881,20917,0,227,2,30
elapsed=11667 source=05B5 action=face-immediate pose=19355,-1381,15552,242,26,0,63 target=15583,-2881,20917,0,227,2,30
elapsed=11667 source=05B5 action=advance-homing pose=19355,-1381,15552,242,25,0,63 target=15583,-2881,20917,0,227,2,30
elapsed=11667 source=082B action=advance-cruise pose=15028,-2843,21899,2,15,0,63 target=15583,-2881,20917,0,227,2,30
elapsed=11670 source=05B5 action=contract pose=19227,-1461,15736,242,25,0,63 target=15601,-2881,20938,0,227,2,30
elapsed=11670 source=05B5 action=contract pose=19155,-1489,15837,242,25,0,63 target=15601,-2881,20938,0,227,2,30
elapsed=11670 source=05B5 action=contract pose=19083,-1517,15938,242,25,0,63 target=15601,-2881,20938,0,227,2,30
elapsed=11670 source=05B5 action=face-immediate pose=19011,-1545,16039,242,25,0,63 target=15601,-2881,20938,0,227,2,30
elapsed=11670 source=05B5 action=advance-homing pose=19011,-1545,16039,243,25,0,63 target=15601,-2881,20938,0,227,2,30
elapsed=11670 source=082B action=advance-cruise pose=14944,-2835,22127,2,15,0,63 target=15601,-2881,20938,0,227,2,30
elapsed=11673 source=05B5 action=contract pose=18883,-1621,16223,243,25,0,63 target=15619,-2881,20959,0,227,1,30
elapsed=11673 source=05B5 action=contract pose=18812,-1649,16325,243,25,0,63 target=15619,-2881,20959,0,227,1,30
elapsed=11673 source=05B5 action=contract pose=18741,-1677,16427,243,25,0,63 target=15619,-2881,20959,0,227,1,30
elapsed=11673 source=05B5 action=face-immediate pose=18670,-1705,16529,243,25,0,63 target=15619,-2881,20959,0,227,1,30
elapsed=11673 source=05B5 action=advance-homing pose=18670,-1705,16529,243,25,0,63 target=15619,-2881,20959,0,227,1,30
elapsed=11673 source=082B action=advance-cruise pose=14860,-2827,22355,2,15,0,63 target=15619,-2881,20959,0,227,1,30
elapsed=11676 source=05B5 action=contract pose=18542,-1781,16713,243,25,0,63 target=15637,-2881,20980,0,227,0,30
elapsed=11676 source=05B5 action=contract pose=18471,-1808,16815,243,25,0,63 target=15637,-2881,20980,0,227,0,30
elapsed=11676 source=05B5 action=contract pose=18400,-1835,16917,243,25,0,63 target=15637,-2881,20980,0,227,0,30
elapsed=11676 source=05B5 action=face-immediate pose=18329,-1862,17019,243,25,0,63 target=15637,-2881,20980,0,227,0,30
elapsed=11677 source=05B5 action=advance-homing pose=18329,-1862,17019,243,25,0,63 target=15637,-2881,20980,0,227,0,30
elapsed=11677 source=082B action=advance-cruise pose=14776,-2819,22583,2,15,0,63 target=15637,-2881,20980,0,227,0,30
elapsed=11680 source=05B5 action=contract pose=18201,-1938,17203,243,25,0,63 target=15655,-2881,21001,0,227,255,30
elapsed=11680 source=05B5 action=contract pose=18131,-1964,17306,243,25,0,63 target=15655,-2881,21001,0,227,255,30
elapsed=11680 source=05B5 action=contract pose=18061,-1990,17409,243,25,0,63 target=15655,-2881,21001,0,227,255,30
elapsed=11680 source=05B5 action=face-immediate pose=17991,-2016,17512,243,25,0,63 target=15655,-2881,21001,0,227,255,30
elapsed=11680 source=05B5 action=advance-homing pose=17991,-2016,17512,244,24,0,63 target=15655,-2881,21001,0,227,255,30
elapsed=11680 source=082B action=advance-cruise pose=14692,-2811,22811,2,15,0,63 target=15655,-2881,21001,0,227,255,30
elapsed=11683 source=05B5 action=contract pose=17863,-2084,17704,244,24,0,63 target=15673,-2881,21022,0,227,254,30
elapsed=11683 source=05B5 action=contract pose=17794,-2110,17808,244,24,0,63 target=15673,-2881,21022,0,227,254,30
elapsed=11683 source=05B5 action=contract pose=17725,-2135,17912,244,24,0,63 target=15673,-2881,21022,0,227,254,30
elapsed=11683 source=05B5 action=face-immediate pose=17656,-2161,18016,244,24,0,63 target=15673,-2881,21022,0,227,254,30
elapsed=11683 source=05B5 action=advance-homing pose=17656,-2161,18016,244,24,0,63 target=15673,-2881,21022,0,227,254,30
elapsed=11683 source=082B action=advance-cruise pose=14608,-2803,23039,2,15,0,63 target=15673,-2881,21022,0,227,254,30
elapsed=11686 source=05B5 action=contract pose=17528,-2229,18208,244,24,0,63 target=15691,-2881,21043,0,227,254,30
elapsed=11686 source=05B5 action=contract pose=17460,-2254,18312,244,24,0,63 target=15691,-2881,21043,0,227,254,30
elapsed=11686 source=05B5 action=contract pose=17392,-2279,18416,244,24,0,63 target=15691,-2881,21043,0,227,254,30
elapsed=11686 source=05B5 action=face-immediate pose=17324,-2304,18520,244,24,0,63 target=15691,-2881,21043,0,227,254,30
elapsed=11686 source=05B5 action=advance-homing pose=17324,-2304,18520,244,24,0,63 target=15691,-2881,21043,0,227,254,30
elapsed=11686 source=082B action=advance-cruise pose=14524,-2795,23267,2,15,0,63 target=15691,-2881,21043,0,227,254,30
elapsed=11689 source=05B5 action=contract pose=17196,-2372,18712,244,24,0,63 target=15709,-2881,21064,0,227,253,30
elapsed=11690 source=05B5 action=contract pose=17129,-2395,18817,244,24,0,63 target=15709,-2881,21064,0,227,253,30
elapsed=11690 source=05B5 action=contract pose=17062,-2418,18922,244,24,0,63 target=15709,-2881,21064,0,227,253,30
elapsed=11690 source=05B5 action=face-immediate pose=16995,-2441,19027,244,24,0,63 target=15709,-2881,21064,0,227,253,30
elapsed=11690 source=05B5 action=advance-homing pose=16995,-2441,19027,245,23,0,63 target=15709,-2881,21064,0,227,253,30
elapsed=11690 source=082B action=advance-cruise pose=14440,-2787,23495,2,15,0,63 target=15709,-2881,21064,0,227,253,30
elapsed=11693 source=05B5 action=contract pose=16875,-2505,19223,245,23,0,63 target=15727,-2881,21085,0,227,253,30
elapsed=11693 source=05B5 action=contract pose=16809,-2527,19329,245,23,0,63 target=15727,-2881,21085,0,227,253,30
elapsed=11693 source=05B5 action=contract pose=16743,-2549,19435,245,23,0,63 target=15727,-2881,21085,0,227,253,30
elapsed=11693 source=05B5 action=face-immediate pose=16677,-2571,19541,245,23,0,63 target=15727,-2881,21085,0,227,253,30
elapsed=11693 source=05B5 action=advance-homing pose=16677,-2571,19541,246,23,0,63 target=15727,-2881,21085,0,227,253,30
elapsed=11693 source=082B action=advance-cruise pose=14356,-2779,23723,2,15,0,63 target=15727,-2881,21085,0,227,253,30
elapsed=11696 source=05B5 action=contract pose=16557,-2627,19737,246,23,0,63 target=15745,-2881,21106,0,227,252,30
elapsed=11696 source=05B5 action=contract pose=16492,-2648,19844,246,23,0,63 target=15745,-2881,21106,0,227,252,30
elapsed=11696 source=05B5 action=contract pose=16428,-2668,19952,246,23,0,63 target=15745,-2881,21106,0,227,252,30
elapsed=11697 source=05B5 action=face-immediate pose=16364,-2688,20060,246,23,0,63 target=15745,-2881,21106,0,227,252,30
elapsed=11697 source=05B5 action=advance-homing pose=16364,-2688,20060,246,22,0,63 target=15745,-2881,21106,0,227,252,30
elapsed=11697 source=082B action=advance-cruise pose=14272,-2771,23951,2,15,0,63 target=15745,-2881,21106,0,227,252,30
elapsed=11700 source=05B5 action=face-immediate pose=16248,-2744,20260,246,22,0,63 target=15763,-2881,21127,0,227,252,30
elapsed=11700 source=05B5 action=set-cruise-speed pose=16248,-2744,20260,247,21,0,63 target=15763,-2881,21127,0,227,252,30
elapsed=11700 source=05B5 action=advance-aim pose=16248,-2744,20260,247,21,0,63 target=15763,-2881,21127,0,227,252,30
elapsed=11700 source=082B action=advance-cruise pose=14188,-2763,24179,2,15,0,63 target=15763,-2881,21127,0,227,252,30
elapsed=11703 source=05B5 action=advance-aim pose=16136,-2796,20464,247,21,0,63 target=15781,-2881,21148,0,227,252,30
elapsed=11703 source=05B5 action=face-smooth pose=16024,-2848,20668,247,21,0,63 target=15781,-2881,21148,0,227,252,30
elapsed=11707 source=05B5 action=advance-aim pose=16024,-2848,20668,248,20,0,63 target=15799,-2881,21169,0,227,252,30
elapsed=11710 source=05B5 action=advance-aim pose=15912,-2892,20880,248,20,0,63 target=15817,-2881,21190,0,227,253,30
elapsed=11710 source=05B5 action=face-smooth pose=15800,-2936,21092,248,20,0,63 target=15817,-2881,21190,0,227,253,30
elapsed=11713 source=05B5 action=advance-aim pose=15800,-2936,21092,1,14,0,63 target=15835,-2881,21211,0,227,253,30
elapsed=11716 source=05B5 action=advance-cruise pose=15724,-2932,21320,1,14,0,63 target=15853,-2881,21232,0,227,254,30
elapsed=11720 source=05B5 action=advance-cruise pose=15648,-2928,21548,1,14,0,63 target=15871,-2881,21253,0,227,254,30
elapsed=11723 source=05B5 action=advance-cruise pose=15572,-2924,21776,1,14,0,63 target=15889,-2881,21274,0,227,255,30
elapsed=11726 source=05B5 action=advance-cruise pose=15496,-2920,22004,1,14,0,63 target=15907,-2881,21295,0,227,0,30
elapsed=11729 source=05B5 action=advance-cruise pose=15420,-2916,22232,1,14,0,63 target=15925,-2881,21316,0,227,1,30
elapsed=11732 source=05B5 action=advance-cruise pose=15344,-2912,22460,1,14,0,63 target=15943,-2881,21337,0,227,2,30
elapsed=11735 source=05B5 action=advance-cruise pose=15268,-2908,22688,1,14,0,63 target=15961,-2881,21358,0,227,2,30
elapsed=11738 source=05B5 action=advance-cruise pose=15192,-2904,22916,1,14,0,63 target=15979,-2881,21379,0,227,3,30
elapsed=11741 source=05B5 action=advance-cruise pose=15116,-2900,23144,1,14,0,63 target=15997,-2881,21400,0,227,3,30
elapsed=11744 source=05B5 action=advance-cruise pose=15040,-2896,23372,1,14,0,63 target=16015,-2881,21421,0,227,4,30
elapsed=11747 source=05B5 action=advance-cruise pose=14964,-2892,23600,1,14,0,63 target=16033,-2881,21442,0,227,4,30
elapsed=11750 source=05B5 action=advance-cruise pose=14888,-2888,23828,1,14,0,63 target=16051,-2881,21463,0,227,4,30
elapsed=11753 source=05B5 action=advance-cruise pose=14812,-2884,24056,1,14,0,63 target=16069,-2881,21484,0,227,4,30
elapsed=11757 source=05B5 action=advance-cruise pose=14736,-2880,24284,1,14,0,63 target=16087,-2881,21505,0,227,3,30
elapsed=11760 source=05B5 action=advance-cruise pose=14660,-2876,24512,1,14,0,63 target=16105,-2881,21526,0,227,3,30
elapsed=12012 source=047A action=set-cruise-speed pose=21512,9052,12804,214,15,0,30 target=17617,-2881,23290,0,227,3,30
elapsed=12012 source=047A action=contract pose=21512,9052,12804,214,15,0,63 target=17617,-2881,23290,0,227,3,30
elapsed=12012 source=047A action=contract pose=21481,8958,12885,214,15,0,63 target=17617,-2881,23290,0,227,3,30
elapsed=12012 source=047A action=contract pose=21450,8864,12966,214,15,0,63 target=17617,-2881,23290,0,227,3,30
elapsed=12012 source=047A action=face-immediate pose=21419,8770,13048,214,15,0,63 target=17617,-2881,23290,0,227,3,30
elapsed=12012 source=047A action=advance-homing pose=21419,8770,13048,214,15,0,63 target=17617,-2881,23290,0,227,3,30
elapsed=12015 source=047A action=contract pose=21375,8558,13164,214,15,0,63 target=17635,-2881,23311,0,227,4,30
elapsed=12015 source=047A action=contract pose=21344,8464,13246,214,15,0,63 target=17635,-2881,23311,0,227,4,30
elapsed=12015 source=047A action=contract pose=21313,8370,13328,214,15,0,63 target=17635,-2881,23311,0,227,4,30
elapsed=12015 source=047A action=face-immediate pose=21282,8276,13410,214,15,0,63 target=17635,-2881,23311,0,227,4,30
elapsed=12015 source=047A action=advance-homing pose=21282,8276,13410,214,15,0,63 target=17635,-2881,23311,0,227,4,30
elapsed=12018 source=047A action=contract pose=21238,8064,13526,214,15,0,63 target=17653,-2881,23332,0,227,4,30
elapsed=12018 source=047A action=contract pose=21207,7971,13608,214,15,0,63 target=17653,-2881,23332,0,227,4,30
elapsed=12018 source=047A action=contract pose=21176,7878,13690,214,15,0,63 target=17653,-2881,23332,0,227,4,30
elapsed=12018 source=047A action=face-immediate pose=21145,7785,13772,214,15,0,63 target=17653,-2881,23332,0,227,4,30
elapsed=12018 source=047A action=advance-homing pose=21145,7785,13772,214,15,0,63 target=17653,-2881,23332,0,227,4,30
elapsed=12021 source=047A action=contract pose=21101,7573,13888,214,15,0,63 target=17671,-2881,23353,0,227,4,30
elapsed=12022 source=047A action=contract pose=21070,7480,13971,214,15,0,63 target=17671,-2881,23353,0,227,4,30
elapsed=12022 source=047A action=contract pose=21039,7387,14054,214,15,0,63 target=17671,-2881,23353,0,227,4,30
elapsed=12022 source=047A action=face-immediate pose=21008,7294,14136,214,15,0,63 target=17671,-2881,23353,0,227,4,30
elapsed=12022 source=047A action=advance-homing pose=21008,7294,14136,214,14,0,63 target=17671,-2881,23353,0,227,4,30
elapsed=12025 source=047A action=contract pose=20968,7082,14252,214,14,0,63 target=17689,-2881,23374,0,227,4,30
elapsed=12025 source=047A action=contract pose=20937,6990,14335,214,14,0,63 target=17689,-2881,23374,0,227,4,30
elapsed=12025 source=047A action=contract pose=20906,6898,14418,214,14,0,63 target=17689,-2881,23374,0,227,4,30
elapsed=12025 source=047A action=face-immediate pose=20875,6806,14501,214,14,0,63 target=17689,-2881,23374,0,227,4,30
elapsed=12025 source=047A action=advance-homing pose=20875,6806,14501,215,14,0,63 target=17689,-2881,23374,0,227,4,30
elapsed=12028 source=047A action=contract pose=20835,6598,14621,215,14,0,63 target=17707,-2881,23395,0,227,3,30
elapsed=12028 source=047A action=contract pose=20804,6506,14704,215,14,0,63 target=17707,-2881,23395,0,227,3,30
elapsed=12028 source=047A action=contract pose=20773,6414,14787,215,14,0,63 target=17707,-2881,23395,0,227,3,30
elapsed=12028 source=047A action=face-immediate pose=20742,6322,14871,215,14,0,63 target=17707,-2881,23395,0,227,3,30
elapsed=12028 source=047A action=advance-homing pose=20742,6322,14871,215,14,0,63 target=17707,-2881,23395,0,227,3,30
elapsed=12031 source=047A action=contract pose=20702,6114,14991,215,14,0,63 target=17725,-2881,23416,0,227,3,30
elapsed=12031 source=047A action=contract pose=20671,6023,15075,215,14,0,63 target=17725,-2881,23416,0,227,3,30
elapsed=12031 source=047A action=contract pose=20640,5931,15160,215,14,0,63 target=17725,-2881,23416,0,227,3,30
elapsed=12031 source=047A action=face-immediate pose=20610,5840,15244,215,14,0,63 target=17725,-2881,23416,0,227,3,30
elapsed=12031 source=047A action=advance-homing pose=20610,5840,15244,215,14,0,63 target=17725,-2881,23416,0,227,3,30
elapsed=12034 source=047A action=contract pose=20570,5632,15364,215,14,0,63 target=17743,-2881,23437,0,227,2,30
elapsed=12034 source=047A action=contract pose=20539,5541,15449,215,14,0,63 target=17743,-2881,23437,0,227,2,30
elapsed=12034 source=047A action=contract pose=20508,5450,15533,215,14,0,63 target=17743,-2881,23437,0,227,2,30
elapsed=12034 source=047A action=face-immediate pose=20477,5359,15618,215,14,0,63 target=17743,-2881,23437,0,227,2,30
elapsed=12035 source=047A action=advance-homing pose=20477,5359,15618,215,14,0,63 target=17743,-2881,23437,0,227,2,30
elapsed=12038 source=047A action=contract pose=20437,5151,15738,215,14,0,63 target=17761,-2881,23458,0,227,2,30
elapsed=12038 source=047A action=contract pose=20407,5061,15823,215,14,0,63 target=17761,-2881,23458,0,227,2,30
elapsed=12038 source=047A action=contract pose=20377,4971,15908,215,14,0,63 target=17761,-2881,23458,0,227,2,30
elapsed=12038 source=047A action=face-immediate pose=20346,4881,15993,215,14,0,63 target=17761,-2881,23458,0,227,2,30
elapsed=12038 source=047A action=advance-homing pose=20346,4881,15993,215,14,0,63 target=17761,-2881,23458,0,227,2,30
elapsed=12041 source=047A action=contract pose=20306,4673,16113,215,14,0,63 target=17779,-2881,23479,0,227,1,30
elapsed=12041 source=047A action=contract pose=20276,4584,16199,215,14,0,63 target=17779,-2881,23479,0,227,1,30
elapsed=12041 source=047A action=contract pose=20246,4495,16285,215,14,0,63 target=17779,-2881,23479,0,227,1,30
elapsed=12041 source=047A action=face-immediate pose=20216,4406,16371,215,14,0,63 target=17779,-2881,23479,0,227,1,30
elapsed=12041 source=047A action=advance-homing pose=20216,4406,16371,216,14,0,63 target=17779,-2881,23479,0,227,1,30
elapsed=12044 source=047A action=contract pose=20176,4202,16495,216,14,0,63 target=17797,-2881,23500,0,227,0,30
elapsed=12044 source=047A action=contract pose=20146,4113,16581,216,14,0,63 target=17797,-2881,23500,0,227,0,30
elapsed=12044 source=047A action=contract pose=20116,4024,16668,216,14,0,63 target=17797,-2881,23500,0,227,0,30
elapsed=12044 source=047A action=face-immediate pose=20086,3935,16755,216,14,0,63 target=17797,-2881,23500,0,227,0,30
elapsed=12044 source=047A action=advance-homing pose=20086,3935,16755,216,14,0,63 target=17797,-2881,23500,0,227,0,30
elapsed=12047 source=047A action=contract pose=20046,3731,16879,216,14,0,63 target=17815,-2881,23521,0,227,255,30
elapsed=12047 source=047A action=contract pose=20016,3643,16966,216,14,0,63 target=17815,-2881,23521,0,227,255,30
elapsed=12047 source=047A action=contract pose=19986,3555,17053,216,14,0,63 target=17815,-2881,23521,0,227,255,30
elapsed=12047 source=047A action=face-immediate pose=19956,3467,17140,216,14,0,63 target=17815,-2881,23521,0,227,255,30
elapsed=12047 source=047A action=advance-homing pose=19956,3467,17140,216,13,0,63 target=17815,-2881,23521,0,227,255,30
elapsed=12050 source=047A action=contract pose=19916,3263,17268,216,13,0,63 target=17833,-2881,23542,0,227,254,30
elapsed=12050 source=047A action=contract pose=19886,3176,17356,216,13,0,63 target=17833,-2881,23542,0,227,254,30
elapsed=12050 source=047A action=contract pose=19856,3089,17444,216,13,0,63 target=17833,-2881,23542,0,227,254,30
elapsed=12051 source=047A action=face-immediate pose=19826,3002,17532,216,13,0,63 target=17833,-2881,23542,0,227,254,30
elapsed=12051 source=047A action=advance-homing pose=19826,3002,17532,216,13,0,63 target=17833,-2881,23542,0,227,254,30
elapsed=12054 source=047A action=contract pose=19786,2798,17660,216,13,0,63 target=17851,-2881,23563,0,227,254,30
elapsed=12054 source=047A action=contract pose=19756,2711,17749,216,13,0,63 target=17851,-2881,23563,0,227,254,30
elapsed=12054 source=047A action=contract pose=19726,2624,17838,216,13,0,63 target=17851,-2881,23563,0,227,254,30
elapsed=12054 source=047A action=face-immediate pose=19696,2537,17927,216,13,0,63 target=17851,-2881,23563,0,227,254,30
elapsed=12054 source=047A action=advance-homing pose=19696,2537,17927,217,13,0,63 target=17851,-2881,23563,0,227,254,30
elapsed=12057 source=047A action=contract pose=19656,2337,18059,217,13,0,63 target=17869,-2881,23584,0,227,253,30
elapsed=12057 source=047A action=contract pose=19626,2251,18149,217,13,0,63 target=17869,-2881,23584,0,227,253,30
elapsed=12057 source=047A action=contract pose=19596,2165,18238,217,13,0,63 target=17869,-2881,23584,0,227,253,30
elapsed=12057 source=047A action=face-immediate pose=19566,2079,18327,217,13,0,63 target=17869,-2881,23584,0,227,253,30
elapsed=12057 source=047A action=advance-homing pose=19566,2079,18327,217,13,0,63 target=17869,-2881,23584,0,227,253,30
elapsed=12060 source=047A action=contract pose=19526,1879,18459,217,13,0,63 target=17887,-2881,23605,0,227,253,30
elapsed=12060 source=047A action=contract pose=19496,1794,18550,217,13,0,63 target=17887,-2881,23605,0,227,253,30
elapsed=12060 source=047A action=contract pose=19466,1709,18640,217,13,0,63 target=17887,-2881,23605,0,227,253,30
elapsed=12060 source=047A action=face-immediate pose=19436,1624,18730,217,13,0,63 target=17887,-2881,23605,0,227,253,30
elapsed=12060 source=047A action=advance-homing pose=19436,1624,18730,217,13,0,63 target=17887,-2881,23605,0,227,253,30
elapsed=12064 source=05B5 action=set-cruise-speed pose=20336,10266,16268,206,13,0,30 target=17905,-2881,23626,0,227,252,30
elapsed=12064 source=05B5 action=contract pose=20336,10266,16268,206,13,0,63 target=17905,-2881,23626,0,227,252,30
elapsed=12064 source=05B5 action=contract pose=20315,10155,16329,206,13,0,63 target=17905,-2881,23626,0,227,252,30
elapsed=12064 source=05B5 action=contract pose=20294,10045,16390,206,13,0,63 target=17905,-2881,23626,0,227,252,30
elapsed=12064 source=05B5 action=face-immediate pose=20273,9934,16451,206,13,0,63 target=17905,-2881,23626,0,227,252,30
elapsed=12064 source=05B5 action=advance-homing pose=20273,9934,16451,206,13,0,63 target=17905,-2881,23626,0,227,252,30
elapsed=12064 source=047A action=contract pose=19396,1424,18862,217,13,0,63 target=17905,-2881,23626,0,227,252,30
elapsed=12064 source=047A action=contract pose=19367,1340,18953,217,13,0,63 target=17905,-2881,23626,0,227,252,30
elapsed=12064 source=047A action=contract pose=19338,1256,19044,217,13,0,63 target=17905,-2881,23626,0,227,252,30
elapsed=12064 source=047A action=face-immediate pose=19309,1172,19136,217,13,0,63 target=17905,-2881,23626,0,227,252,30
elapsed=12064 source=047A action=advance-homing pose=19309,1172,19136,218,13,0,63 target=17905,-2881,23626,0,227,252,30
elapsed=12067 source=05B5 action=contract pose=20249,9702,16527,206,13,0,63 target=17923,-2881,23647,0,227,252,30
elapsed=12067 source=05B5 action=contract pose=20228,9591,16588,206,13,0,63 target=17923,-2881,23647,0,227,252,30
elapsed=12067 source=05B5 action=contract pose=20207,9481,16649,206,13,0,63 target=17923,-2881,23647,0,227,252,30
elapsed=12067 source=05B5 action=face-immediate pose=20186,9371,16711,206,13,0,63 target=17923,-2881,23647,0,227,252,30
elapsed=12068 source=05B5 action=advance-homing pose=20186,9371,16711,207,13,0,63 target=17923,-2881,23647,0,227,252,30
elapsed=12068 source=047A action=contract pose=19265,972,19272,218,13,0,63 target=17923,-2881,23647,0,227,252,30
elapsed=12068 source=047A action=contract pose=19236,889,19364,218,13,0,63 target=17923,-2881,23647,0,227,252,30
elapsed=12068 source=047A action=contract pose=19207,806,19457,218,13,0,63 target=17923,-2881,23647,0,227,252,30
elapsed=12068 source=047A action=face-immediate pose=19178,723,19550,218,13,0,63 target=17923,-2881,23647,0,227,252,30
elapsed=12068 source=047A action=advance-homing pose=19178,723,19550,218,12,0,63 target=17923,-2881,23647,0,227,252,30
elapsed=12071 source=05B5 action=contract pose=20162,9139,16791,207,13,0,63 target=17941,-2881,23668,0,227,252,30
elapsed=12071 source=05B5 action=contract pose=20141,9029,16853,207,13,0,63 target=17941,-2881,23668,0,227,252,30
elapsed=12071 source=05B5 action=contract pose=20120,8919,16915,207,13,0,63 target=17941,-2881,23668,0,227,252,30
elapsed=12071 source=05B5 action=face-immediate pose=20099,8809,16977,207,13,0,63 target=17941,-2881,23668,0,227,252,30
elapsed=12071 source=05B5 action=advance-homing pose=20099,8809,16977,207,13,0,63 target=17941,-2881,23668,0,227,252,30
elapsed=12071 source=047A action=contract pose=19142,523,19686,218,12,0,63 target=17941,-2881,23668,0,227,252,30
elapsed=12071 source=047A action=contract pose=19113,442,19780,218,12,0,63 target=17941,-2881,23668,0,227,252,30
elapsed=12071 source=047A action=contract pose=19084,361,19874,218,12,0,63 target=17941,-2881,23668,0,227,252,30
elapsed=12071 source=047A action=face-immediate pose=19055,280,19968,218,12,0,63 target=17941,-2881,23668,0,227,252,30
elapsed=12071 source=047A action=advance-homing pose=19055,280,19968,219,12,0,63 target=17941,-2881,23668,0,227,252,30
elapsed=12074 source=05B5 action=contract pose=20075,8577,17057,207,13,0,63 target=17959,-2881,23689,0,227,252,30
elapsed=12074 source=05B5 action=contract pose=20054,8467,17120,207,13,0,63 target=17959,-2881,23689,0,227,252,30
elapsed=12074 source=05B5 action=contract pose=20033,8357,17182,207,13,0,63 target=17959,-2881,23689,0,227,252,30
elapsed=12075 source=05B5 action=face-immediate pose=20012,8247,17245,207,13,0,63 target=17959,-2881,23689,0,227,252,30
elapsed=12075 source=05B5 action=advance-homing pose=20012,8247,17245,207,13,0,63 target=17959,-2881,23689,0,227,252,30
elapsed=12075 source=047A action=contract pose=19015,84,20108,219,12,0,63 target=17959,-2881,23689,0,227,252,30
elapsed=12075 source=047A action=contract pose=18986,4,20203,219,12,0,63 target=17959,-2881,23689,0,227,252,30
elapsed=12075 source=047A action=contract pose=18957,-76,20298,219,12,0,63 target=17959,-2881,23689,0,227,252,30
elapsed=12075 source=047A action=face-immediate pose=18928,-156,20393,219,12,0,63 target=17959,-2881,23689,0,227,252,30
elapsed=12075 source=047A action=advance-homing pose=18928,-156,20393,219,12,0,63 target=17959,-2881,23689,0,227,252,30
elapsed=12078 source=05B5 action=contract pose=19988,8015,17325,207,13,0,63 target=17977,-2881,23710,0,227,253,30
elapsed=12078 source=05B5 action=contract pose=19967,7906,17388,207,13,0,63 target=17977,-2881,23710,0,227,253,30
elapsed=12078 source=05B5 action=contract pose=19946,7796,17451,207,13,0,63 target=17977,-2881,23710,0,227,253,30
elapsed=12078 source=05B5 action=face-immediate pose=19925,7687,17514,207,13,0,63 target=17977,-2881,23710,0,227,253,30
elapsed=12078 source=05B5 action=advance-homing pose=19925,7687,17514,207,13,0,63 target=17977,-2881,23710,0,227,253,30
elapsed=12078 source=047A action=contract pose=18888,-352,20533,219,12,0,63 target=17977,-2881,23710,0,227,253,30
elapsed=12078 source=047A action=contract pose=18860,-430,20629,219,12,0,63 target=17977,-2881,23710,0,227,253,30
elapsed=12078 source=047A action=contract pose=18832,-508,20726,219,12,0,63 target=17977,-2881,23710,0,227,253,30
elapsed=12078 source=047A action=face-immediate pose=18804,-586,20823,219,12,0,63 target=17977,-2881,23710,0,227,253,30
elapsed=12078 source=047A action=advance-homing pose=18804,-586,20823,220,12,0,63 target=17977,-2881,23710,0,227,253,30
elapsed=12081 source=05B5 action=contract pose=19901,7455,17594,207,13,0,63 target=17995,-2881,23731,0,227,253,30
elapsed=12081 source=05B5 action=contract pose=19880,7346,17658,207,13,0,63 target=17995,-2881,23731,0,227,253,30
elapsed=12081 source=05B5 action=contract pose=19859,7237,17722,207,13,0,63 target=17995,-2881,23731,0,227,253,30
elapsed=12082 source=05B5 action=face-immediate pose=19838,7128,17786,207,13,0,63 target=17995,-2881,23731,0,227,253,30
elapsed=12082 source=05B5 action=advance-homing pose=19838,7128,17786,207,13,0,63 target=17995,-2881,23731,0,227,253,30
elapsed=12082 source=047A action=contract pose=18764,-778,20967,220,12,0,63 target=17995,-2881,23731,0,227,253,30
elapsed=12082 source=047A action=contract pose=18736,-854,21065,220,12,0,63 target=17995,-2881,23731,0,227,253,30
elapsed=12082 source=047A action=contract pose=18708,-930,21163,220,12,0,63 target=17995,-2881,23731,0,227,253,30
elapsed=12082 source=047A action=face-immediate pose=18680,-1006,21261,220,12,0,63 target=17995,-2881,23731,0,227,253,30
elapsed=12082 source=047A action=advance-homing pose=18680,-1006,21261,221,11,0,63 target=17995,-2881,23731,0,227,253,30
elapsed=12085 source=05B5 action=contract pose=19814,6896,17866,207,13,0,63 target=18013,-2881,23752,0,227,254,30
elapsed=12085 source=05B5 action=contract pose=19793,6787,17930,207,13,0,63 target=18013,-2881,23752,0,227,254,30
elapsed=12085 source=05B5 action=contract pose=19772,6678,17994,207,13,0,63 target=18013,-2881,23752,0,227,254,30
elapsed=12085 source=05B5 action=face-immediate pose=19751,6569,18058,207,13,0,63 target=18013,-2881,23752,0,227,254,30
elapsed=12085 source=05B5 action=advance-homing pose=19751,6569,18058,207,12,0,63 target=18013,-2881,23752,0,227,254,30
elapsed=12085 source=047A action=contract pose=18640,-1194,21413,221,11,0,63 target=18013,-2881,23752,0,227,254,30
elapsed=12085 source=047A action=contract pose=18612,-1267,21513,221,11,0,63 target=18013,-2881,23752,0,227,254,30
elapsed=12085 source=047A action=contract pose=18585,-1340,21613,221,11,0,63 target=18013,-2881,23752,0,227,254,30
elapsed=12085 source=047A action=face-immediate pose=18558,-1413,21713,221,11,0,63 target=18013,-2881,23752,0,227,254,30
elapsed=12085 source=047A action=advance-homing pose=18558,-1413,21713,222,11,0,63 target=18013,-2881,23752,0,227,254,30
elapsed=12088 source=05B5 action=contract pose=19731,6337,18138,207,12,0,63 target=18031,-2881,23773,0,227,254,30
elapsed=12089 source=05B5 action=contract pose=19710,6229,18203,207,12,0,63 target=18031,-2881,23773,0,227,254,30
elapsed=12089 source=05B5 action=contract pose=19689,6121,18268,207,12,0,63 target=18031,-2881,23773,0,227,254,30
elapsed=12089 source=05B5 action=face-immediate pose=19669,6013,18333,207,12,0,63 target=18031,-2881,23773,0,227,254,30
elapsed=12089 source=05B5 action=advance-homing pose=19669,6013,18333,207,12,0,63 target=18031,-2881,23773,0,227,254,30
elapsed=12089 source=047A action=contract pose=18518,-1597,21869,222,11,0,63 target=18031,-2881,23773,0,227,254,30
elapsed=12089 source=047A action=contract pose=18491,-1667,21972,222,11,0,63 target=18031,-2881,23773,0,227,254,30
elapsed=12089 source=047A action=contract pose=18464,-1737,22075,222,11,0,63 target=18031,-2881,23773,0,227,254,30
elapsed=12089 source=047A action=face-immediate pose=18437,-1807,22178,222,11,0,63 target=18031,-2881,23773,0,227,254,30
elapsed=12089 source=047A action=advance-homing pose=18437,-1807,22178,223,11,0,63 target=18031,-2881,23773,0,227,254,30
elapsed=12092 source=05B5 action=contract pose=19649,5781,18413,207,12,0,63 target=18049,-2881,23794,0,227,255,30
elapsed=12092 source=05B5 action=contract pose=19629,5673,18479,207,12,0,63 target=18049,-2881,23794,0,227,255,30
elapsed=12092 source=05B5 action=contract pose=19609,5565,18545,207,12,0,63 target=18049,-2881,23794,0,227,255,30
elapsed=12092 source=05B5 action=face-immediate pose=19589,5457,18611,207,12,0,63 target=18049,-2881,23794,0,227,255,30
elapsed=12092 source=05B5 action=advance-homing pose=19589,5457,18611,208,12,0,63 target=18049,-2881,23794,0,227,255,30
elapsed=12092 source=047A action=contract pose=18397,-1983,22338,223,11,0,63 target=18049,-2881,23794,0,227,255,30
elapsed=12092 source=047A action=contract pose=18371,-2049,22444,223,11,0,63 target=18049,-2881,23794,0,227,255,30
elapsed=12092 source=047A action=contract pose=18345,-2115,22550,223,11,0,63 target=18049,-2881,23794,0,227,255,30
elapsed=12092 source=047A action=face-immediate pose=18319,-2181,22656,223,11,0,63 target=18049,-2881,23794,0,227,255,30
elapsed=12092 source=047A action=advance-homing pose=18319,-2181,22656,225,10,0,63 target=18049,-2881,23794,0,227,255,30
elapsed=12096 source=05B5 action=contract pose=19565,5229,18699,208,12,0,63 target=18067,-2881,23815,0,227,0,30
elapsed=12096 source=05B5 action=contract pose=19545,5122,18766,208,12,0,63 target=18067,-2881,23815,0,227,0,30
elapsed=12096 source=05B5 action=contract pose=19525,5015,18833,208,12,0,63 target=18067,-2881,23815,0,227,0,30
elapsed=12096 source=05B5 action=face-immediate pose=19505,4908,18899,208,12,0,63 target=18067,-2881,23815,0,227,0,30
elapsed=12096 source=05B5 action=advance-homing pose=19505,4908,18899,208,12,0,63 target=18067,-2881,23815,0,227,0,30
elapsed=12096 source=047A action=contract pose=18283,-2349,22824,225,10,0,63 target=18067,-2881,23815,0,227,0,30
elapsed=12096 source=047A action=contract pose=18259,-2409,22933,225,10,0,63 target=18067,-2881,23815,0,227,0,30
elapsed=12096 source=047A action=contract pose=18235,-2468,23043,225,10,0,63 target=18067,-2881,23815,0,227,0,30
elapsed=12096 source=047A action=face-immediate pose=18211,-2527,23153,225,10,0,63 target=18067,-2881,23815,0,227,0,30
elapsed=12096 source=047A action=advance-homing pose=18211,-2527,23153,227,9,0,63 target=18067,-2881,23815,0,227,0,30
elapsed=12099 source=05B5 action=contract pose=19481,4680,18987,208,12,0,63 target=18085,-2881,23836,0,227,1,30
elapsed=12099 source=05B5 action=contract pose=19461,4573,19054,208,12,0,63 target=18085,-2881,23836,0,227,1,30
elapsed=12099 source=05B5 action=contract pose=19441,4466,19121,208,12,0,63 target=18085,-2881,23836,0,227,1,30
elapsed=12099 source=05B5 action=face-immediate pose=19421,4359,19188,208,12,0,63 target=18085,-2881,23836,0,227,1,30
elapsed=12099 source=05B5 action=advance-homing pose=19421,4359,19188,208,12,0,63 target=18085,-2881,23836,0,227,1,30
elapsed=12099 source=047A action=face-immediate pose=18175,-2687,23333,227,9,0,63 target=18085,-2881,23836,0,227,1,30
elapsed=12099 source=047A action=set-cruise-speed pose=18175,-2687,23333,233,8,0,63 target=18085,-2881,23836,0,227,1,30
elapsed=12100 source=047A action=advance-aim pose=18175,-2687,23333,233,8,0,63 target=18085,-2881,23836,0,227,1,30
elapsed=12100 source=047A action=face-smooth pose=18139,-2815,23533,233,8,0,63 target=18085,-2881,23836,0,227,1,30
elapsed=12103 source=05B5 action=contract pose=19397,4131,19276,208,12,0,63 target=18103,-2881,23857,0,227,2,30
elapsed=12103 source=05B5 action=contract pose=19377,4025,19344,208,12,0,63 target=18103,-2881,23857,0,227,2,30
elapsed=12103 source=05B5 action=contract pose=19357,3919,19412,208,12,0,63 target=18103,-2881,23857,0,227,2,30
elapsed=12103 source=05B5 action=face-immediate pose=19337,3813,19480,208,12,0,63 target=18103,-2881,23857,0,227,2,30
elapsed=12103 source=05B5 action=advance-homing pose=19337,3813,19480,208,12,0,63 target=18103,-2881,23857,0,227,2,30
elapsed=12103 source=047A action=advance-aim pose=18139,-2815,23533,235,8,0,63 target=18103,-2881,23857,0,227,2,30
elapsed=12106 source=05B5 action=contract pose=19313,3585,19568,208,12,0,63 target=18121,-2881,23878,0,227,2,30
elapsed=12106 source=05B5 action=contract pose=19293,3480,19637,208,12,0,63 target=18121,-2881,23878,0,227,2,30
elapsed=12106 source=05B5 action=contract pose=19273,3374,19706,208,12,0,63 target=18121,-2881,23878,0,227,2,30
elapsed=12106 source=05B5 action=face-immediate pose=19253,3268,19775,208,12,0,63 target=18121,-2881,23878,0,227,2,30
elapsed=12107 source=05B5 action=advance-homing pose=19253,3268,19775,208,11,0,63 target=18121,-2881,23878,0,227,2,30
elapsed=12107 source=047A action=advance-aim pose=18103,-2935,23741,235,8,0,63 target=18121,-2881,23878,0,227,2,30
elapsed=12110 source=05B5 action=contract pose=19229,3040,19863,208,11,0,63 target=18139,-2881,23899,0,227,3,30
elapsed=12110 source=05B5 action=contract pose=19209,2935,19933,208,11,0,63 target=18139,-2881,23899,0,227,3,30
elapsed=12110 source=05B5 action=contract pose=19189,2830,20003,208,11,0,63 target=18139,-2881,23899,0,227,3,30
elapsed=12110 source=05B5 action=face-immediate pose=19169,2725,20073,208,11,0,63 target=18139,-2881,23899,0,227,3,30
elapsed=12110 source=05B5 action=advance-homing pose=19169,2725,20073,209,11,0,63 target=18139,-2881,23899,0,227,3,30
elapsed=12110 source=047A action=advance-cruise pose=18067,-3055,23949,235,8,0,63 target=18139,-2881,23899,0,227,3,30
elapsed=12113 source=05B5 action=contract pose=19145,2497,20165,209,11,0,63 target=18157,-2881,23920,0,227,3,30
elapsed=12113 source=05B5 action=contract pose=19125,2393,20236,209,11,0,63 target=18157,-2881,23920,0,227,3,30
elapsed=12113 source=05B5 action=contract pose=19105,2289,20308,209,11,0,63 target=18157,-2881,23920,0,227,3,30
elapsed=12113 source=05B5 action=face-immediate pose=19085,2185,20379,209,11,0,63 target=18157,-2881,23920,0,227,3,30
elapsed=12114 source=05B5 action=advance-homing pose=19085,2185,20379,209,11,0,63 target=18157,-2881,23920,0,227,3,30
elapsed=12114 source=047A action=advance-cruise pose=18031,-3175,24157,235,8,0,63 target=18157,-2881,23920,0,227,3,30
elapsed=12117 source=05B5 action=contract pose=19061,1957,20471,209,11,0,63 target=18175,-2881,23941,0,227,4,30
elapsed=12117 source=05B5 action=contract pose=19042,1854,20544,209,11,0,63 target=18175,-2881,23941,0,227,4,30
elapsed=12117 source=05B5 action=contract pose=19023,1751,20617,209,11,0,63 target=18175,-2881,23941,0,227,4,30
elapsed=12117 source=05B5 action=face-immediate pose=19004,1648,20690,209,11,0,63 target=18175,-2881,23941,0,227,4,30
elapsed=12117 source=05B5 action=advance-homing pose=19004,1648,20690,209,11,0,63 target=18175,-2881,23941,0,227,4,30
elapsed=12117 source=047A action=advance-cruise pose=17995,-3295,24365,235,8,0,63 target=18175,-2881,23941,0,227,4,30
elapsed=12120 source=05B5 action=contract pose=18980,1420,20782,209,11,0,63 target=18193,-2881,23962,0,227,4,30
elapsed=12120 source=05B5 action=contract pose=18961,1318,20856,209,11,0,63 target=18193,-2881,23962,0,227,4,30
elapsed=12120 source=05B5 action=contract pose=18942,1216,20930,209,11,0,63 target=18193,-2881,23962,0,227,4,30
elapsed=12120 source=05B5 action=face-immediate pose=18923,1114,21004,209,11,0,63 target=18193,-2881,23962,0,227,4,30
elapsed=12120 source=05B5 action=advance-homing pose=18923,1114,21004,210,10,0,63 target=18193,-2881,23962,0,227,4,30
elapsed=12120 source=047A action=advance-cruise pose=17959,-3415,24573,235,8,0,63 target=18193,-2881,23962,0,227,4,30
elapsed=12123 source=05B5 action=contract pose=18903,890,21104,210,10,0,63 target=18211,-2881,23983,0,227,4,30
elapsed=12123 source=05B5 action=contract pose=18884,789,21180,210,10,0,63 target=18211,-2881,23983,0,227,4,30
elapsed=12123 source=05B5 action=contract pose=18865,688,21256,210,10,0,63 target=18211,-2881,23983,0,227,4,30
elapsed=12123 source=05B5 action=face-immediate pose=18846,587,21332,210,10,0,63 target=18211,-2881,23983,0,227,4,30
elapsed=12123 source=05B5 action=advance-homing pose=18846,587,21332,210,10,0,63 target=18211,-2881,23983,0,227,4,30
elapsed=12123 source=047A action=advance-cruise pose=17923,-3535,24781,235,8,0,63 target=18211,-2881,23983,0,227,4,30
elapsed=12127 source=05B5 action=contract pose=18826,363,21432,210,10,0,63 target=18229,-2881,24004,0,227,4,30
elapsed=12127 source=05B5 action=contract pose=18807,264,21510,210,10,0,63 target=18229,-2881,24004,0,227,4,30
elapsed=12127 source=05B5 action=contract pose=18788,165,21588,210,10,0,63 target=18229,-2881,24004,0,227,4,30
elapsed=12127 source=05B5 action=face-immediate pose=18769,66,21666,210,10,0,63 target=18229,-2881,24004,0,227,4,30
elapsed=12127 source=05B5 action=advance-homing pose=18769,66,21666,211,10,0,63 target=18229,-2881,24004,0,227,4,30
elapsed=12127 source=047A action=advance-cruise pose=17887,-3655,24989,235,8,0,63 target=18229,-2881,24004,0,227,4,30
elapsed=12130 source=05B5 action=contract pose=18745,-154,21770,211,10,0,63 target=18247,-2881,24025,0,227,3,30
elapsed=12130 source=05B5 action=contract pose=18727,-252,21850,211,10,0,63 target=18247,-2881,24025,0,227,3,30
elapsed=12130 source=05B5 action=contract pose=18709,-350,21930,211,10,0,63 target=18247,-2881,24025,0,227,3,30
elapsed=12130 source=05B5 action=face-immediate pose=18691,-448,22010,211,10,0,63 target=18247,-2881,24025,0,227,3,30
elapsed=12130 source=05B5 action=advance-homing pose=18691,-448,22010,211,9,0,63 target=18247,-2881,24025,0,227,3,30
elapsed=12130 source=047A action=advance-cruise pose=17851,-3775,25197,235,8,0,63 target=18247,-2881,24025,0,227,3,30
elapsed=12133 source=05B5 action=contract pose=18671,-668,22114,211,9,0,63 target=18265,-2881,24046,0,227,3,30
elapsed=12133 source=05B5 action=contract pose=18653,-763,22196,211,9,0,63 target=18265,-2881,24046,0,227,3,30
elapsed=12133 source=05B5 action=contract pose=18635,-858,22278,211,9,0,63 target=18265,-2881,24046,0,227,3,30
elapsed=12133 source=05B5 action=face-immediate pose=18617,-953,22360,211,9,0,63 target=18265,-2881,24046,0,227,3,30
elapsed=12133 source=05B5 action=advance-homing pose=18617,-953,22360,212,9,0,63 target=18265,-2881,24046,0,227,3,30
elapsed=12133 source=047A action=advance-cruise pose=17815,-3895,25405,235,8,0,63 target=18265,-2881,24046,0,227,3,30
elapsed=12137 source=05B5 action=contract pose=18597,-1173,22468,212,9,0,63 target=18283,-2881,24067,0,227,2,30
elapsed=12137 source=05B5 action=contract pose=18580,-1265,22554,212,9,0,63 target=18283,-2881,24067,0,227,2,30
elapsed=12137 source=05B5 action=contract pose=18563,-1358,22640,212,9,0,63 target=18283,-2881,24067,0,227,2,30
elapsed=12137 source=05B5 action=face-immediate pose=18546,-1451,22726,212,9,0,63 target=18283,-2881,24067,0,227,2,30
elapsed=12137 source=05B5 action=advance-homing pose=18546,-1451,22726,213,8,0,63 target=18283,-2881,24067,0,227,2,30
elapsed=12137 source=047A action=advance-cruise pose=17779,-4015,25613,235,8,0,63 target=18283,-2881,24067,0,227,2,30
elapsed=12140 source=05B5 action=contract pose=18526,-1667,22842,213,8,0,63 target=18301,-2881,24088,0,227,2,30
elapsed=12140 source=05B5 action=contract pose=18509,-1755,22932,213,8,0,63 target=18301,-2881,24088,0,227,2,30
elapsed=12140 source=05B5 action=contract pose=18492,-1843,23022,213,8,0,63 target=18301,-2881,24088,0,227,2,30
elapsed=12140 source=05B5 action=face-immediate pose=18475,-1931,23112,213,8,0,63 target=18301,-2881,24088,0,227,2,30
elapsed=12140 source=05B5 action=advance-homing pose=18475,-1931,23112,215,8,0,63 target=18301,-2881,24088,0,227,2,30
elapsed=12140 source=047A action=advance-cruise pose=17743,-4135,25821,235,8,0,63 target=18301,-2881,24088,0,227,2,30
elapsed=12143 source=05B5 action=face-immediate pose=18455,-2139,23236,215,8,0,63 target=18319,-2881,24109,0,227,1,30
elapsed=12143 source=05B5 action=set-cruise-speed pose=18455,-2139,23236,217,7,0,63 target=18319,-2881,24109,0,227,1,30
elapsed=12143 source=05B5 action=advance-aim pose=18455,-2139,23236,217,7,0,63 target=18319,-2881,24109,0,227,1,30
elapsed=12144 source=047A action=advance-cruise pose=17707,-4255,26029,235,8,0,63 target=18319,-2881,24109,0,227,1,30
elapsed=12147 source=05B5 action=advance-aim pose=18435,-2339,23372,217,7,0,63 target=18337,-2881,24130,0,227,0,30
elapsed=12147 source=05B5 action=face-smooth pose=18415,-2539,23508,217,7,0,63 target=18337,-2881,24130,0,227,0,30
elapsed=12147 source=047A action=advance-cruise pose=17671,-4375,26237,235,8,0,63 target=18337,-2881,24130,0,227,0,30
elapsed=12150 source=05B5 action=advance-aim pose=18415,-2539,23508,219,6,0,63 target=18355,-2881,24151,0,227,255,30
elapsed=12150 source=047A action=advance-cruise pose=17635,-4495,26445,235,8,0,63 target=18355,-2881,24151,0,227,255,30
elapsed=12153 source=05B5 action=advance-aim pose=18399,-2735,23656,219,6,0,63 target=18373,-2881,24172,0,227,254,30
elapsed=12153 source=05B5 action=face-smooth pose=18383,-2931,23804,219,6,0,63 target=18373,-2881,24172,0,227,254,30
elapsed=12154 source=047A action=advance-cruise pose=17599,-4615,26653,235,8,0,63 target=18373,-2881,24172,0,227,254,30
elapsed=12157 source=05B5 action=advance-aim pose=18383,-2931,23804,230,5,0,63 target=18391,-2881,24193,0,227,254,30
elapsed=12157 source=047A action=advance-cruise pose=17563,-4735,26861,235,8,0,63 target=18391,-2881,24193,0,227,254,30
elapsed=12160 source=05B5 action=advance-aim pose=18363,-3075,24000,230,5,0,63 target=18409,-2881,24214,0,227,253,30
elapsed=12163 source=05B5 action=advance-cruise pose=18343,-3219,24196,230,5,0,63 target=18427,-2881,24235,0,227,253,30
elapsed=12166 source=05B5 action=advance-cruise pose=18323,-3363,24392,230,5,0,63 target=18445,-2881,24256,0,227,252,30
elapsed=12169 source=05B5 action=advance-cruise pose=18303,-3507,24588,230,5,0,63 target=18463,-2881,24277,0,227,252,30
elapsed=12172 source=05B5 action=advance-cruise pose=18283,-3651,24784,230,5,0,63 target=18481,-2881,24298,0,227,252,30
elapsed=12175 source=05B5 action=advance-cruise pose=18263,-3795,24980,230,5,0,63 target=18499,-2881,24319,0,227,252,30
elapsed=12178 source=05B5 action=advance-cruise pose=18243,-3939,25176,230,5,0,63 target=18517,-2881,24340,0,227,253,30
elapsed=12182 source=05B5 action=advance-cruise pose=18223,-4083,25372,230,5,0,63 target=18535,-2881,24361,0,227,253,30
elapsed=12185 source=05B5 action=advance-cruise pose=18203,-4227,25568,230,5,0,63 target=18553,-2881,24382,0,227,254,30
elapsed=12188 source=05B5 action=advance-cruise pose=18183,-4371,25764,230,5,0,63 target=18571,-2881,24403,0,227,254,30
elapsed=12191 source=05B5 action=advance-cruise pose=18163,-4515,25960,230,5,0,63 target=18589,-2881,24424,0,227,255,30
elapsed=12194 source=05B5 action=advance-cruise pose=18143,-4659,26156,230,5,0,63 target=18607,-2881,24445,0,227,0,30
elapsed=12197 source=05B5 action=advance-cruise pose=18123,-4803,26352,230,5,0,63 target=18625,-2881,24466,0,227,1,30
elapsed=12200 source=05B5 action=advance-cruise pose=18103,-4947,26548,230,5,0,63 target=18643,-2881,24487,0,227,2,30
elapsed=12203 source=05B5 action=advance-cruise pose=18083,-5091,26744,230,5,0,63 target=18661,-2881,24508,0,227,2,30
elapsed=12206 source=05B5 action=advance-cruise pose=18063,-5235,26940,230,5,0,63 target=18679,-2881,24529,0,227,3,30
elapsed=12483 source=047A action=set-cruise-speed pose=24452,730,32036,229,103,0,30 target=20317,-2881,26440,0,227,3,30
elapsed=12483 source=047A action=contract pose=24452,730,32036,229,103,0,63 target=20317,-2881,26440,0,227,3,30
elapsed=12483 source=047A action=contract pose=24384,671,31944,229,103,0,63 target=20317,-2881,26440,0,227,3,30
elapsed=12483 source=047A action=contract pose=24316,612,31852,229,103,0,63 target=20317,-2881,26440,0,227,3,30
elapsed=12483 source=047A action=face-immediate pose=24248,553,31760,229,103,0,63 target=20317,-2881,26440,0,227,3,30
elapsed=12483 source=047A action=advance-homing pose=24248,553,31760,229,103,0,63 target=20317,-2881,26440,0,227,3,30
elapsed=12487 source=047A action=contract pose=24140,401,31604,229,103,0,63 target=20335,-2881,26461,0,227,4,30
elapsed=12487 source=047A action=contract pose=24072,342,31512,229,103,0,63 target=20335,-2881,26461,0,227,4,30
elapsed=12487 source=047A action=contract pose=24004,283,31420,229,103,0,63 target=20335,-2881,26461,0,227,4,30
elapsed=12487 source=047A action=face-immediate pose=23936,224,31328,229,103,0,63 target=20335,-2881,26461,0,227,4,30
elapsed=12487 source=047A action=advance-homing pose=23936,224,31328,229,103,0,63 target=20335,-2881,26461,0,227,4,30
elapsed=12490 source=047A action=contract pose=23828,72,31172,229,103,0,63 target=20353,-2881,26482,0,227,4,30
elapsed=12490 source=047A action=contract pose=23760,14,31080,229,103,0,63 target=20353,-2881,26482,0,227,4,30
elapsed=12490 source=047A action=contract pose=23692,-44,30988,229,103,0,63 target=20353,-2881,26482,0,227,4,30
elapsed=12490 source=047A action=face-immediate pose=23624,-102,30896,229,103,0,63 target=20353,-2881,26482,0,227,4,30
elapsed=12490 source=047A action=advance-homing pose=23624,-102,30896,229,103,0,63 target=20353,-2881,26482,0,227,4,30
elapsed=12493 source=047A action=contract pose=23516,-254,30740,229,103,0,63 target=20371,-2881,26503,0,227,4,30
elapsed=12493 source=047A action=contract pose=23448,-311,30648,229,103,0,63 target=20371,-2881,26503,0,227,4,30
elapsed=12493 source=047A action=contract pose=23379,-368,30556,229,103,0,63 target=20371,-2881,26503,0,227,4,30
elapsed=12493 source=047A action=face-immediate pose=23310,-425,30464,229,103,0,63 target=20371,-2881,26503,0,227,4,30
elapsed=12494 source=047A action=advance-homing pose=23310,-425,30464,230,103,0,63 target=20371,-2881,26503,0,227,4,30
elapsed=12497 source=047A action=contract pose=23202,-569,30308,230,103,0,63 target=20389,-2881,26524,0,227,4,30
elapsed=12497 source=047A action=contract pose=23133,-626,30216,230,103,0,63 target=20389,-2881,26524,0,227,4,30
elapsed=12497 source=047A action=contract pose=23064,-683,30124,230,103,0,63 target=20389,-2881,26524,0,227,4,30
elapsed=12497 source=047A action=face-immediate pose=22995,-740,30032,230,103,0,63 target=20389,-2881,26524,0,227,4,30
elapsed=12497 source=047A action=advance-homing pose=22995,-740,30032,230,102,0,63 target=20389,-2881,26524,0,227,4,30
elapsed=12500 source=047A action=contract pose=22883,-884,29876,230,102,0,63 target=20407,-2881,26545,0,227,3,30
elapsed=12500 source=047A action=contract pose=22814,-940,29783,230,102,0,63 target=20407,-2881,26545,0,227,3,30
elapsed=12500 source=047A action=contract pose=22745,-996,29690,230,102,0,63 target=20407,-2881,26545,0,227,3,30
elapsed=12500 source=047A action=face-immediate pose=22676,-1052,29597,230,102,0,63 target=20407,-2881,26545,0,227,3,30
elapsed=12500 source=047A action=advance-homing pose=22676,-1052,29597,230,102,0,63 target=20407,-2881,26545,0,227,3,30
elapsed=12504 source=047A action=contract pose=22564,-1196,29441,230,102,0,63 target=20425,-2881,26566,0,227,3,30
elapsed=12504 source=047A action=contract pose=22495,-1251,29348,230,102,0,63 target=20425,-2881,26566,0,227,3,30
elapsed=12504 source=047A action=contract pose=22426,-1306,29255,230,102,0,63 target=20425,-2881,26566,0,227,3,30
elapsed=12504 source=047A action=face-immediate pose=22357,-1361,29162,230,102,0,63 target=20425,-2881,26566,0,227,3,30
elapsed=12504 source=047A action=advance-homing pose=22357,-1361,29162,231,102,0,63 target=20425,-2881,26566,0,227,3,30
elapsed=12507 source=047A action=contract pose=22245,-1501,29002,231,102,0,63 target=20443,-2881,26587,0,227,2,30
elapsed=12507 source=047A action=contract pose=22175,-1554,28909,231,102,0,63 target=20443,-2881,26587,0,227,2,30
elapsed=12507 source=047A action=contract pose=22105,-1608,28816,231,102,0,63 target=20443,-2881,26587,0,227,2,30
elapsed=12507 source=047A action=face-immediate pose=22035,-1662,28723,231,102,0,63 target=20443,-2881,26587,0,227,2,30
elapsed=12507 source=047A action=advance-homing pose=22035,-1662,28723,231,102,0,63 target=20443,-2881,26587,0,227,2,30
elapsed=12510 source=047A action=contract pose=21923,-1802,28563,231,102,0,63 target=20461,-2881,26608,0,227,2,30
elapsed=12511 source=047A action=contract pose=21853,-1854,28469,231,102,0,63 target=20461,-2881,26608,0,227,2,30
elapsed=12511 source=047A action=contract pose=21783,-1906,28375,231,102,0,63 target=20461,-2881,26608,0,227,2,30
elapsed=12511 source=047A action=face-immediate pose=21713,-1958,28281,231,102,0,63 target=20461,-2881,26608,0,227,2,30
elapsed=12511 source=047A action=advance-homing pose=21713,-1958,28281,232,102,0,63 target=20461,-2881,26608,0,227,2,30
elapsed=12514 source=047A action=contract pose=21597,-2094,28117,232,102,0,63 target=20479,-2881,26629,0,227,1,30
elapsed=12514 source=047A action=contract pose=21526,-2144,28023,232,102,0,63 target=20479,-2881,26629,0,227,1,30
elapsed=12514 source=047A action=contract pose=21455,-2194,27929,232,102,0,63 target=20479,-2881,26629,0,227,1,30
elapsed=12514 source=047A action=face-immediate pose=21384,-2244,27835,232,102,0,63 target=20479,-2881,26629,0,227,1,30
elapsed=12514 source=047A action=advance-homing pose=21384,-2244,27835,233,102,0,63 target=20479,-2881,26629,0,227,1,30
elapsed=12517 source=047A action=contract pose=21264,-2372,27671,233,102,0,63 target=20497,-2881,26650,0,227,0,30
elapsed=12517 source=047A action=contract pose=21193,-2420,27576,233,102,0,63 target=20497,-2881,26650,0,227,0,30
elapsed=12517 source=047A action=contract pose=21121,-2468,27481,233,102,0,63 target=20497,-2881,26650,0,227,0,30
elapsed=12517 source=047A action=face-immediate pose=21050,-2515,27386,233,102,0,63 target=20497,-2881,26650,0,227,0,30
elapsed=12517 source=047A action=advance-homing pose=21050,-2515,27386,234,102,0,63 target=20497,-2881,26650,0,227,0,30
elapsed=12520 source=047A action=face-immediate pose=20930,-2639,27218,234,102,0,63 target=20515,-2881,26671,0,227,255,30
elapsed=12520 source=047A action=set-cruise-speed pose=20930,-2639,27218,236,102,0,63 target=20515,-2881,26671,0,227,255,30
elapsed=12521 source=047A action=advance-aim pose=20930,-2639,27218,236,102,0,63 target=20515,-2881,26671,0,227,255,30
elapsed=12524 source=047A action=advance-aim pose=20806,-2755,27046,236,102,0,63 target=20533,-2881,26692,0,227,254,30
elapsed=12524 source=047A action=face-smooth pose=20682,-2871,26874,236,102,0,63 target=20533,-2881,26692,0,227,254,30
elapsed=12527 source=047A action=advance-aim pose=20682,-2871,26874,240,101,0,63 target=20551,-2881,26713,0,227,254,30
elapsed=12531 source=047A action=advance-cruise pose=20546,-2963,26698,240,101,0,63 target=20569,-2881,26734,0,227,253,30
elapsed=12534 source=047A action=advance-cruise pose=20410,-3055,26522,240,101,0,63 target=20587,-2881,26755,0,227,253,30
elapsed=12537 source=047A action=advance-cruise pose=20274,-3147,26346,240,101,0,63 target=20605,-2881,26776,0,227,252,30
elapsed=12540 source=047A action=advance-cruise pose=20138,-3239,26170,240,101,0,63 target=20623,-2881,26797,0,227,252,30
elapsed=12543 source=047A action=advance-cruise pose=20002,-3331,25994,240,101,0,63 target=20641,-2881,26818,0,227,252,30
elapsed=12546 source=047A action=advance-cruise pose=19866,-3423,25818,240,101,0,63 target=20659,-2881,26839,0,227,252,30
elapsed=12549 source=047A action=advance-cruise pose=19730,-3515,25642,240,101,0,63 target=20677,-2881,26860,0,227,253,30
elapsed=12552 source=047A action=advance-cruise pose=19594,-3607,25466,240,101,0,63 target=20695,-2881,26881,0,227,253,30
elapsed=12555 source=047A action=advance-cruise pose=19458,-3699,25290,240,101,0,63 target=20713,-2881,26902,0,227,254,30
elapsed=12558 source=047A action=advance-cruise pose=19322,-3791,25114,240,101,0,63 target=20731,-2881,26923,0,227,254,30
elapsed=12561 source=047A action=advance-cruise pose=19186,-3883,24938,240,101,0,63 target=20749,-2881,26944,0,227,255,30
elapsed=12564 source=047A action=advance-cruise pose=19050,-3975,24762,240,101,0,63 target=20767,-2881,26965,0,227,0,30
elapsed=12567 source=047A action=advance-cruise pose=18914,-4067,24586,240,101,0,63 target=20785,-2881,26986,0,227,1,30
elapsed=12570 source=047A action=advance-cruise pose=18778,-4159,24410,240,101,0,63 target=20803,-2881,27007,0,227,2,30
elapsed=12573 source=047A action=advance-cruise pose=18642,-4251,24234,240,101,0,63 target=20821,-2881,27028,0,227,2,30
elapsed=12896 source=047A action=set-cruise-speed pose=31660,8544,30084,209,68,0,30 target=22657,-2881,29170,0,227,0,30
elapsed=12896 source=047A action=contract pose=31660,8544,30084,209,68,0,63 target=22657,-2881,29170,0,227,0,30
elapsed=12896 source=047A action=contract pose=31581,8443,30075,209,68,0,63 target=22657,-2881,29170,0,227,0,30
elapsed=12896 source=047A action=contract pose=31501,8342,30066,209,68,0,63 target=22657,-2881,29170,0,227,0,30
elapsed=12896 source=047A action=face-immediate pose=31422,8241,30057,209,68,0,63 target=22657,-2881,29170,0,227,0,30
elapsed=12896 source=047A action=advance-homing pose=31422,8241,30057,209,68,0,63 target=22657,-2881,29170,0,227,0,30
elapsed=12899 source=047A action=contract pose=31326,8013,30053,209,68,0,63 target=22675,-2881,29191,0,227,255,30
elapsed=12899 source=047A action=contract pose=31246,7913,30044,209,68,0,63 target=22675,-2881,29191,0,227,255,30
elapsed=12899 source=047A action=contract pose=31166,7813,30036,209,68,0,63 target=22675,-2881,29191,0,227,255,30
elapsed=12899 source=047A action=face-immediate pose=31086,7713,30027,209,68,0,63 target=22675,-2881,29191,0,227,255,30
elapsed=12899 source=047A action=advance-homing pose=31086,7713,30027,209,68,0,63 target=22675,-2881,29191,0,227,255,30
elapsed=12902 source=047A action=contract pose=30990,7485,30023,209,68,0,63 target=22693,-2881,29212,0,227,254,30
elapsed=12902 source=047A action=contract pose=30910,7385,30014,209,68,0,63 target=22693,-2881,29212,0,227,254,30
elapsed=12902 source=047A action=contract pose=30830,7285,30005,209,68,0,63 target=22693,-2881,29212,0,227,254,30
elapsed=12902 source=047A action=face-immediate pose=30750,7185,29996,209,68,0,63 target=22693,-2881,29212,0,227,254,30
elapsed=12902 source=047A action=advance-homing pose=30750,7185,29996,210,68,0,63 target=22693,-2881,29212,0,227,254,30
elapsed=12905 source=047A action=contract pose=30646,6961,29988,210,68,0,63 target=22711,-2881,29233,0,227,254,30
elapsed=12905 source=047A action=contract pose=30566,6861,29980,210,68,0,63 target=22711,-2881,29233,0,227,254,30
elapsed=12905 source=047A action=contract pose=30485,6761,29972,210,68,0,63 target=22711,-2881,29233,0,227,254,30
elapsed=12905 source=047A action=face-immediate pose=30405,6661,29964,210,68,0,63 target=22711,-2881,29233,0,227,254,30
elapsed=12905 source=047A action=advance-homing pose=30405,6661,29964,210,68,0,63 target=22711,-2881,29233,0,227,254,30
elapsed=12908 source=047A action=contract pose=30301,6437,29956,210,68,0,63 target=22729,-2881,29254,0,227,253,30
elapsed=12908 source=047A action=contract pose=30220,6337,29948,210,68,0,63 target=22729,-2881,29254,0,227,253,30
elapsed=12908 source=047A action=contract pose=30139,6237,29940,210,68,0,63 target=22729,-2881,29254,0,227,253,30
elapsed=12908 source=047A action=face-immediate pose=30058,6137,29932,210,68,0,63 target=22729,-2881,29254,0,227,253,30
elapsed=12908 source=047A action=advance-homing pose=30058,6137,29932,210,68,0,63 target=22729,-2881,29254,0,227,253,30
elapsed=12911 source=047A action=contract pose=29954,5913,29924,210,68,0,63 target=22747,-2881,29275,0,227,253,30
elapsed=12911 source=047A action=contract pose=29873,5814,29916,210,68,0,63 target=22747,-2881,29275,0,227,253,30
elapsed=12911 source=047A action=contract pose=29792,5715,29908,210,68,0,63 target=22747,-2881,29275,0,227,253,30
elapsed=12911 source=047A action=face-immediate pose=29711,5616,29900,210,68,0,63 target=22747,-2881,29275,0,227,253,30
elapsed=12912 source=047A action=advance-homing pose=29711,5616,29900,210,68,0,63 target=22747,-2881,29275,0,227,253,30
elapsed=12914 source=047A action=contract pose=29607,5392,29892,210,68,0,63 target=22765,-2881,29296,0,227,252,30
elapsed=12915 source=047A action=contract pose=29525,5293,29884,210,68,0,63 target=22765,-2881,29296,0,227,252,30
elapsed=12915 source=047A action=contract pose=29443,5194,29876,210,68,0,63 target=22765,-2881,29296,0,227,252,30
elapsed=12915 source=047A action=face-immediate pose=29361,5095,29868,210,68,0,63 target=22765,-2881,29296,0,227,252,30
elapsed=12915 source=047A action=advance-homing pose=29361,5095,29868,210,68,0,63 target=22765,-2881,29296,0,227,252,30
elapsed=12918 source=047A action=contract pose=29257,4871,29860,210,68,0,63 target=22783,-2881,29317,0,227,252,30
elapsed=12918 source=047A action=contract pose=29175,4773,29853,210,68,0,63 target=22783,-2881,29317,0,227,252,30
elapsed=12918 source=047A action=contract pose=29093,4675,29845,210,68,0,63 target=22783,-2881,29317,0,227,252,30
elapsed=12918 source=047A action=face-immediate pose=29011,4577,29837,210,68,0,63 target=22783,-2881,29317,0,227,252,30
elapsed=12918 source=047A action=advance-homing pose=29011,4577,29837,210,68,0,63 target=22783,-2881,29317,0,227,252,30
elapsed=12921 source=047A action=contract pose=28907,4353,29829,210,68,0,63 target=22801,-2881,29338,0,227,252,30
elapsed=12921 source=047A action=contract pose=28824,4255,29822,210,68,0,63 target=22801,-2881,29338,0,227,252,30
elapsed=12921 source=047A action=contract pose=28741,4157,29815,210,68,0,63 target=22801,-2881,29338,0,227,252,30
elapsed=12921 source=047A action=face-immediate pose=28658,4059,29808,210,68,0,63 target=22801,-2881,29338,0,227,252,30
elapsed=12921 source=047A action=advance-homing pose=28658,4059,29808,210,68,0,63 target=22801,-2881,29338,0,227,252,30
elapsed=12924 source=047A action=contract pose=28554,3835,29800,210,68,0,63 target=22819,-2881,29359,0,227,252,30
elapsed=12924 source=047A action=contract pose=28471,3738,29793,210,68,0,63 target=22819,-2881,29359,0,227,252,30
elapsed=12924 source=047A action=contract pose=28388,3641,29786,210,68,0,63 target=22819,-2881,29359,0,227,252,30
elapsed=12924 source=047A action=face-immediate pose=28305,3544,29779,210,68,0,63 target=22819,-2881,29359,0,227,252,30
elapsed=12924 source=047A action=advance-homing pose=28305,3544,29779,211,67,0,63 target=22819,-2881,29359,0,227,252,30
elapsed=12927 source=047A action=contract pose=28197,3324,29775,211,67,0,63 target=22837,-2881,29380,0,227,253,30
elapsed=12927 source=047A action=contract pose=28113,3227,29768,211,67,0,63 target=22837,-2881,29380,0,227,253,30
elapsed=12927 source=047A action=contract pose=28029,3130,29761,211,67,0,63 target=22837,-2881,29380,0,227,253,30
elapsed=12927 source=047A action=face-immediate pose=27945,3033,29754,211,67,0,63 target=22837,-2881,29380,0,227,253,30
elapsed=12927 source=047A action=advance-homing pose=27945,3033,29754,211,67,0,63 target=22837,-2881,29380,0,227,253,30
elapsed=12930 source=047A action=contract pose=27837,2813,29750,211,67,0,63 target=22855,-2881,29401,0,227,253,30
elapsed=12930 source=047A action=contract pose=27753,2717,29744,211,67,0,63 target=22855,-2881,29401,0,227,253,30
elapsed=12930 source=047A action=contract pose=27669,2620,29738,211,67,0,63 target=22855,-2881,29401,0,227,253,30
elapsed=12930 source=047A action=face-immediate pose=27585,2524,29732,211,67,0,63 target=22855,-2881,29401,0,227,253,30
elapsed=12930 source=047A action=advance-homing pose=27585,2524,29732,211,67,0,63 target=22855,-2881,29401,0,227,253,30
elapsed=12933 source=047A action=contract pose=27477,2304,29728,211,67,0,63 target=22873,-2881,29422,0,227,254,30
elapsed=12933 source=047A action=contract pose=27392,2208,29722,211,67,0,63 target=22873,-2881,29422,0,227,254,30
elapsed=12933 source=047A action=contract pose=27307,2112,29716,211,67,0,63 target=22873,-2881,29422,0,227,254,30
elapsed=12933 source=047A action=face-immediate pose=27222,2016,29710,211,67,0,63 target=22873,-2881,29422,0,227,254,30
elapsed=12933 source=047A action=advance-homing pose=27222,2016,29710,211,67,0,63 target=22873,-2881,29422,0,227,254,30
elapsed=12936 source=047A action=contract pose=27114,1796,29706,211,67,0,63 target=22891,-2881,29443,0,227,254,30
elapsed=12936 source=047A action=contract pose=27028,1701,29700,211,67,0,63 target=22891,-2881,29443,0,227,254,30
elapsed=12936 source=047A action=contract pose=26942,1606,29694,211,67,0,63 target=22891,-2881,29443,0,227,254,30
elapsed=12936 source=047A action=face-immediate pose=26856,1511,29688,211,67,0,63 target=22891,-2881,29443,0,227,254,30
elapsed=12936 source=047A action=advance-homing pose=26856,1511,29688,211,67,0,63 target=22891,-2881,29443,0,227,254,30
elapsed=12939 source=047A action=contract pose=26748,1291,29684,211,67,0,63 target=22909,-2881,29464,0,227,255,30
elapsed=12939 source=047A action=contract pose=26661,1197,29678,211,67,0,63 target=22909,-2881,29464,0,227,255,30
elapsed=12940 source=047A action=contract pose=26574,1103,29672,211,67,0,63 target=22909,-2881,29464,0,227,255,30
elapsed=12940 source=047A action=face-immediate pose=26487,1009,29667,211,67,0,63 target=22909,-2881,29464,0,227,255,30
elapsed=12940 source=047A action=advance-homing pose=26487,1009,29667,212,67,0,63 target=22909,-2881,29464,0,227,255,30
elapsed=12943 source=047A action=contract pose=26375,789,29663,212,67,0,63 target=22927,-2881,29485,0,227,0,30
elapsed=12943 source=047A action=contract pose=26287,696,29658,212,67,0,63 target=22927,-2881,29485,0,227,0,30
elapsed=12943 source=047A action=contract pose=26199,603,29653,212,67,0,63 target=22927,-2881,29485,0,227,0,30
elapsed=12943 source=047A action=face-immediate pose=26111,510,29648,212,67,0,63 target=22927,-2881,29485,0,227,0,30
elapsed=12943 source=047A action=advance-homing pose=26111,510,29648,212,67,0,63 target=22927,-2881,29485,0,227,0,30
elapsed=12946 source=05B5 action=set-cruise-speed pose=31540,5204,31688,216,74,0,30 target=22945,-2881,29506,0,227,1,30
elapsed=12946 source=05B5 action=contract pose=31540,5204,31688,216,74,0,63 target=22945,-2881,29506,0,227,1,30
elapsed=12946 source=05B5 action=contract pose=31448,5117,31664,216,74,0,63 target=22945,-2881,29506,0,227,1,30
elapsed=12946 source=05B5 action=contract pose=31356,5031,31640,216,74,0,63 target=22945,-2881,29506,0,227,1,30
elapsed=12946 source=05B5 action=face-immediate pose=31264,4944,31616,216,74,0,63 target=22945,-2881,29506,0,227,1,30
elapsed=12946 source=05B5 action=advance-homing pose=31264,4944,31616,216,74,0,63 target=22945,-2881,29506,0,227,1,30
elapsed=12947 source=047A action=contract pose=25999,290,29644,212,67,0,63 target=22945,-2881,29506,0,227,1,30
elapsed=12947 source=047A action=contract pose=25910,198,29639,212,67,0,63 target=22945,-2881,29506,0,227,1,30
elapsed=12947 source=047A action=contract pose=25821,106,29635,212,67,0,63 target=22945,-2881,29506,0,227,1,30
elapsed=12947 source=047A action=face-immediate pose=25732,14,29631,212,67,0,63 target=22945,-2881,29506,0,227,1,30
elapsed=12947 source=047A action=advance-homing pose=25732,14,29631,212,66,0,63 target=22945,-2881,29506,0,227,1,30
elapsed=12950 source=05B5 action=contract pose=31136,4740,31588,216,74,0,63 target=22963,-2881,29527,0,227,2,30
elapsed=12950 source=05B5 action=contract pose=31044,4654,31564,216,74,0,63 target=22963,-2881,29527,0,227,2,30
elapsed=12950 source=05B5 action=contract pose=30952,4568,31540,216,74,0,63 target=22963,-2881,29527,0,227,2,30
elapsed=12950 source=05B5 action=face-immediate pose=30860,4482,31516,216,74,0,63 target=22963,-2881,29527,0,227,2,30
elapsed=12950 source=05B5 action=advance-homing pose=30860,4482,31516,216,74,0,63 target=22963,-2881,29527,0,227,2,30
elapsed=12950 source=047A action=contract pose=25620,-206,29631,212,66,0,63 target=22963,-2881,29527,0,227,2,30
elapsed=12950 source=047A action=contract pose=25530,-297,29627,212,66,0,63 target=22963,-2881,29527,0,227,2,30
elapsed=12950 source=047A action=contract pose=25440,-388,29623,212,66,0,63 target=22963,-2881,29527,0,227,2,30
elapsed=12950 source=047A action=face-immediate pose=25350,-479,29619,212,66,0,63 target=22963,-2881,29527,0,227,2,30
elapsed=12950 source=047A action=advance-homing pose=25350,-479,29619,213,66,0,63 target=22963,-2881,29527,0,227,2,30
elapsed=12953 source=05B5 action=contract pose=30732,4278,31488,216,74,0,63 target=22981,-2881,29548,0,227,2,30
elapsed=12953 source=05B5 action=contract pose=30639,4192,31464,216,74,0,63 target=22981,-2881,29548,0,227,2,30
elapsed=12953 source=05B5 action=contract pose=30546,4106,31440,216,74,0,63 target=22981,-2881,29548,0,227,2,30
elapsed=12953 source=05B5 action=face-immediate pose=30453,4020,31416,216,74,0,63 target=22981,-2881,29548,0,227,2,30
elapsed=12953 source=05B5 action=advance-homing pose=30453,4020,31416,217,74,0,63 target=22981,-2881,29548,0,227,2,30
elapsed=12954 source=047A action=contract pose=25230,-695,29619,213,66,0,63 target=22981,-2881,29548,0,227,2,30
elapsed=12954 source=047A action=contract pose=25138,-784,29616,213,66,0,63 target=22981,-2881,29548,0,227,2,30
elapsed=12954 source=047A action=contract pose=25046,-873,29613,213,66,0,63 target=22981,-2881,29548,0,227,2,30
elapsed=12954 source=047A action=face-immediate pose=24954,-962,29610,213,66,0,63 target=22981,-2881,29548,0,227,2,30
elapsed=12954 source=047A action=advance-homing pose=24954,-962,29610,213,66,0,63 target=22981,-2881,29548,0,227,2,30
elapsed=12957 source=05B5 action=contract pose=30317,3820,31388,217,74,0,63 target=22999,-2881,29569,0,227,3,30
elapsed=12957 source=05B5 action=contract pose=30224,3735,31364,217,74,0,63 target=22999,-2881,29569,0,227,3,30
elapsed=12957 source=05B5 action=contract pose=30131,3650,31340,217,74,0,63 target=22999,-2881,29569,0,227,3,30
elapsed=12957 source=05B5 action=face-immediate pose=30038,3565,31316,217,74,0,63 target=22999,-2881,29569,0,227,3,30
elapsed=12957 source=05B5 action=advance-homing pose=30038,3565,31316,217,74,0,63 target=22999,-2881,29569,0,227,3,30
elapsed=12957 source=047A action=contract pose=24834,-1178,29610,213,66,0,63 target=22999,-2881,29569,0,227,3,30
elapsed=12957 source=047A action=contract pose=24740,-1265,29607,213,66,0,63 target=22999,-2881,29569,0,227,3,30
elapsed=12957 source=047A action=contract pose=24646,-1352,29604,213,66,0,63 target=22999,-2881,29569,0,227,3,30
elapsed=12957 source=047A action=face-immediate pose=24552,-1439,29601,213,66,0,63 target=22999,-2881,29569,0,227,3,30
elapsed=12957 source=047A action=advance-homing pose=24552,-1439,29601,214,65,0,63 target=22999,-2881,29569,0,227,3,30
elapsed=12960 source=05B5 action=contract pose=29902,3365,31288,217,74,0,63 target=23017,-2881,29590,0,227,3,30
elapsed=12960 source=05B5 action=contract pose=29809,3280,31265,217,74,0,63 target=23017,-2881,29590,0,227,3,30
elapsed=12960 source=05B5 action=contract pose=29716,3195,31242,217,74,0,63 target=23017,-2881,29590,0,227,3,30
elapsed=12960 source=05B5 action=face-immediate pose=29623,3110,31219,217,74,0,63 target=23017,-2881,29590,0,227,3,30
elapsed=12960 source=05B5 action=advance-homing pose=29623,3110,31219,217,74,0,63 target=23017,-2881,29590,0,227,3,30
elapsed=12960 source=047A action=contract pose=24428,-1651,29601,214,65,0,63 target=23017,-2881,29590,0,227,3,30
elapsed=12960 source=047A action=contract pose=24332,-1735,29600,214,65,0,63 target=23017,-2881,29590,0,227,3,30
elapsed=12961 source=047A action=contract pose=24236,-1819,29599,214,65,0,63 target=23017,-2881,29590,0,227,3,30
elapsed=12961 source=047A action=face-immediate pose=24140,-1903,29598,214,65,0,63 target=23017,-2881,29590,0,227,3,30
elapsed=12961 source=047A action=advance-homing pose=24140,-1903,29598,215,65,0,63 target=23017,-2881,29590,0,227,3,30
elapsed=12964 source=05B5 action=contract pose=29487,2910,31191,217,74,0,63 target=23035,-2881,29611,0,227,4,30
elapsed=12964 source=05B5 action=contract pose=29393,2826,31168,217,74,0,63 target=23035,-2881,29611,0,227,4,30
elapsed=12964 source=05B5 action=contract pose=29299,2742,31144,217,74,0,63 target=23035,-2881,29611,0,227,4,30
elapsed=12964 source=05B5 action=face-immediate pose=29205,2657,31120,217,74,0,63 target=23035,-2881,29611,0,227,4,30
elapsed=12964 source=05B5 action=advance-homing pose=29205,2657,31120,217,74,0,63 target=23035,-2881,29611,0,227,4,30
elapsed=12964 source=047A action=face-immediate pose=24012,-2111,29598,215,65,0,63 target=23035,-2881,29611,0,227,4,30
elapsed=12964 source=047A action=set-cruise-speed pose=24012,-2111,29598,217,64,0,63 target=23035,-2881,29611,0,227,4,30
elapsed=12964 source=047A action=advance-aim pose=24012,-2111,29598,217,64,0,63 target=23035,-2881,29611,0,227,4,30
elapsed=12967 source=05B5 action=contract pose=29069,2457,31092,217,74,0,63 target=23053,-2881,29632,0,227,4,30
elapsed=12967 source=05B5 action=contract pose=28975,2373,31069,217,74,0,63 target=23053,-2881,29632,0,227,4,30
elapsed=12967 source=05B5 action=contract pose=28880,2289,31046,217,74,0,63 target=23053,-2881,29632,0,227,4,30
elapsed=12967 source=05B5 action=face-immediate pose=28786,2205,31023,217,74,0,63 target=23053,-2881,29632,0,227,4,30
elapsed=12967 source=05B5 action=advance-homing pose=28786,2205,31023,217,74,0,63 target=23053,-2881,29632,0,227,4,30
elapsed=12968 source=047A action=advance-aim pose=23872,-2311,29598,217,64,0,63 target=23053,-2881,29632,0,227,4,30
elapsed=12968 source=047A action=face-smooth pose=23732,-2511,29598,217,64,0,63 target=23053,-2881,29632,0,227,4,30
elapsed=12971 source=05B5 action=contract pose=28650,2005,30995,217,74,0,63 target=23071,-2881,29653,0,227,4,30
elapsed=12971 source=05B5 action=contract pose=28555,1922,30972,217,74,0,63 target=23071,-2881,29653,0,227,4,30
elapsed=12971 source=05B5 action=contract pose=28460,1839,30949,217,74,0,63 target=23071,-2881,29653,0,227,4,30
elapsed=12971 source=05B5 action=face-immediate pose=28365,1756,30926,217,74,0,63 target=23071,-2881,29653,0,227,4,30
elapsed=12971 source=05B5 action=advance-homing pose=28365,1756,30926,218,74,0,63 target=23071,-2881,29653,0,227,4,30
elapsed=12971 source=047A action=advance-aim pose=23732,-2511,29598,219,63,0,63 target=23071,-2881,29653,0,227,4,30
elapsed=12974 source=05B5 action=contract pose=28225,1556,30894,218,74,0,63 target=23089,-2881,29674,0,227,4,30
elapsed=12974 source=05B5 action=contract pose=28130,1473,30871,218,74,0,63 target=23089,-2881,29674,0,227,4,30
elapsed=12974 source=05B5 action=contract pose=28034,1390,30848,218,74,0,63 target=23089,-2881,29674,0,227,4,30
elapsed=12974 source=05B5 action=face-immediate pose=27938,1307,30825,218,74,0,63 target=23089,-2881,29674,0,227,4,30
elapsed=12974 source=05B5 action=advance-homing pose=27938,1307,30825,218,74,0,63 target=23089,-2881,29674,0,227,4,30
elapsed=12974 source=047A action=advance-aim pose=23584,-2707,29598,219,63,0,63 target=23089,-2881,29674,0,227,4,30
elapsed=12974 source=047A action=face-smooth pose=23436,-2903,29598,219,63,0,63 target=23089,-2881,29674,0,227,4,30
elapsed=12978 source=05B5 action=contract pose=27798,1107,30793,218,74,0,63 target=23107,-2881,29695,0,227,3,30
elapsed=12978 source=05B5 action=contract pose=27702,1025,30770,218,74,0,63 target=23107,-2881,29695,0,227,3,30
elapsed=12978 source=05B5 action=contract pose=27606,943,30747,218,74,0,63 target=23107,-2881,29695,0,227,3,30
elapsed=12978 source=05B5 action=face-immediate pose=27510,861,30724,218,74,0,63 target=23107,-2881,29695,0,227,3,30
elapsed=12978 source=05B5 action=advance-homing pose=27510,861,30724,218,74,0,63 target=23107,-2881,29695,0,227,3,30
elapsed=12978 source=047A action=advance-aim pose=23436,-2903,29598,229,62,0,63 target=23107,-2881,29695,0,227,3,30
elapsed=12981 source=05B5 action=contract pose=27370,661,30692,218,74,0,63 target=23125,-2881,29716,0,227,3,30
elapsed=12981 source=05B5 action=contract pose=27273,580,30669,218,74,0,63 target=23125,-2881,29716,0,227,3,30
elapsed=12981 source=05B5 action=contract pose=27176,499,30646,218,74,0,63 target=23125,-2881,29716,0,227,3,30
elapsed=12981 source=05B5 action=face-immediate pose=27079,418,30623,218,74,0,63 target=23125,-2881,29716,0,227,3,30
elapsed=12982 source=05B5 action=advance-homing pose=27079,418,30623,218,74,0,63 target=23125,-2881,29716,0,227,3,30
elapsed=12982 source=047A action=advance-aim pose=23244,-3055,29602,229,62,0,63 target=23125,-2881,29716,0,227,3,30
elapsed=12985 source=05B5 action=contract pose=26939,218,30591,218,74,0,63 target=23143,-2881,29737,0,227,2,30
elapsed=12985 source=05B5 action=contract pose=26841,138,30569,218,74,0,63 target=23143,-2881,29737,0,227,2,30
elapsed=12985 source=05B5 action=contract pose=26743,58,30547,218,74,0,63 target=23143,-2881,29737,0,227,2,30
elapsed=12985 source=05B5 action=face-immediate pose=26645,-22,30525,218,74,0,63 target=23143,-2881,29737,0,227,2,30
elapsed=12985 source=05B5 action=advance-homing pose=26645,-22,30525,219,73,0,63 target=23143,-2881,29737,0,227,2,30
elapsed=12985 source=047A action=advance-cruise pose=23052,-3207,29606,229,62,0,63 target=23143,-2881,29737,0,227,2,30
elapsed=12988 source=05B5 action=contract pose=26501,-218,30497,219,73,0,63 target=23161,-2881,29758,0,227,2,30
elapsed=12988 source=05B5 action=contract pose=26402,-297,30475,219,73,0,63 target=23161,-2881,29758,0,227,2,30
elapsed=12988 source=05B5 action=contract pose=26304,-376,30453,219,73,0,63 target=23161,-2881,29758,0,227,2,30
elapsed=12988 source=05B5 action=face-immediate pose=26205,-455,30431,219,73,0,63 target=23161,-2881,29758,0,227,2,30
elapsed=12988 source=05B5 action=advance-homing pose=26205,-455,30431,219,73,0,63 target=23161,-2881,29758,0,227,2,30
elapsed=12988 source=047A action=advance-cruise pose=22860,-3359,29610,229,62,0,63 target=23161,-2881,29758,0,227,2,30
elapsed=12992 source=05B5 action=contract pose=26061,-651,30403,219,73,0,63 target=23179,-2881,29779,0,227,1,30
elapsed=12992 source=05B5 action=contract pose=25961,-728,30381,219,73,0,63 target=23179,-2881,29779,0,227,1,30
elapsed=12992 source=05B5 action=contract pose=25861,-805,30359,219,73,0,63 target=23179,-2881,29779,0,227,1,30
elapsed=12992 source=05B5 action=face-immediate pose=25761,-882,30337,219,73,0,63 target=23179,-2881,29779,0,227,1,30
elapsed=12992 source=05B5 action=advance-homing pose=25761,-882,30337,220,73,0,63 target=23179,-2881,29779,0,227,1,30
elapsed=12992 source=047A action=advance-cruise pose=22668,-3511,29614,229,62,0,63 target=23179,-2881,29779,0,227,1,30
elapsed=12995 source=05B5 action=contract pose=25613,-1074,30305,220,73,0,63 target=23197,-2881,29800,0,227,0,30
elapsed=12995 source=05B5 action=contract pose=25512,-1150,30283,220,73,0,63 target=23197,-2881,29800,0,227,0,30
elapsed=12995 source=05B5 action=contract pose=25411,-1226,30262,220,73,0,63 target=23197,-2881,29800,0,227,0,30
elapsed=12995 source=05B5 action=face-immediate pose=25310,-1302,30240,220,73,0,63 target=23197,-2881,29800,0,227,0,30
elapsed=12995 source=05B5 action=advance-homing pose=25310,-1302,30240,220,73,0,63 target=23197,-2881,29800,0,227,0,30
elapsed=12995 source=047A action=advance-cruise pose=22476,-3663,29618,229,62,0,63 target=23197,-2881,29800,0,227,0,30
elapsed=12998 source=05B5 action=contract pose=25162,-1494,30208,220,73,0,63 target=23215,-2881,29821,0,227,255,30
elapsed=12998 source=05B5 action=contract pose=25059,-1567,30187,220,73,0,63 target=23215,-2881,29821,0,227,255,30
elapsed=12998 source=05B5 action=contract pose=24956,-1640,30166,220,73,0,63 target=23215,-2881,29821,0,227,255,30
elapsed=12998 source=05B5 action=face-immediate pose=24853,-1713,30145,220,73,0,63 target=23215,-2881,29821,0,227,255,30
elapsed=12998 source=05B5 action=advance-homing pose=24853,-1713,30145,221,72,0,63 target=23215,-2881,29821,0,227,255,30
elapsed=12998 source=047A action=advance-cruise pose=22284,-3815,29622,229,62,0,63 target=23215,-2881,29821,0,227,255,30
elapsed=13002 source=0672 action=set-cruise-speed pose=31888,1684,-32712,229,78,0,30 target=23233,-2881,29842,0,227,254,30
elapsed=13002 source=0672 action=contract pose=31888,1684,-32712,229,78,0,63 target=23233,-2881,29842,0,227,254,30
elapsed=13002 source=0672 action=contract pose=31779,1626,-32750,229,78,0,63 target=23233,-2881,29842,0,227,254,30
elapsed=13002 source=0672 action=contract pose=31670,1568,32748,229,78,0,63 target=23233,-2881,29842,0,227,254,30
elapsed=13002 source=0672 action=face-immediate pose=31562,1511,32710,229,78,0,63 target=23233,-2881,29842,0,227,254,30
elapsed=13002 source=0672 action=advance-homing pose=31562,1511,32710,229,78,0,63 target=23233,-2881,29842,0,227,254,30
elapsed=13003 source=05B5 action=contract pose=24697,-1901,30117,221,72,0,63 target=23233,-2881,29842,0,227,254,30
elapsed=13003 source=05B5 action=contract pose=24592,-1971,30097,221,72,0,63 target=23233,-2881,29842,0,227,254,30
elapsed=13003 source=05B5 action=contract pose=24487,-2041,30077,221,72,0,63 target=23233,-2881,29842,0,227,254,30
elapsed=13003 source=05B5 action=face-immediate pose=24382,-2111,30057,221,72,0,63 target=23233,-2881,29842,0,227,254,30
elapsed=13003 source=05B5 action=advance-homing pose=24382,-2111,30057,222,72,0,63 target=23233,-2881,29842,0,227,254,30
elapsed=13003 source=047A action=advance-cruise pose=22092,-3967,29626,229,62,0,63 target=23233,-2881,29842,0,227,254,30
elapsed=13006 source=0672 action=contract pose=31382,1359,32650,229,78,0,63 target=23251,-2881,29863,0,227,254,30
elapsed=13006 source=0672 action=contract pose=31273,1302,32612,229,78,0,63 target=23251,-2881,29863,0,227,254,30
elapsed=13006 source=0672 action=contract pose=31164,1245,32574,229,78,0,63 target=23251,-2881,29863,0,227,254,30
elapsed=13006 source=0672 action=face-immediate pose=31055,1188,32536,229,78,0,63 target=23251,-2881,29863,0,227,254,30
elapsed=13006 source=0672 action=advance-homing pose=31055,1188,32536,229,78,0,63 target=23251,-2881,29863,0,227,254,30
elapsed=13007 source=05B5 action=face-immediate pose=24222,-2295,30029,222,72,0,63 target=23251,-2881,29863,0,227,254,30
elapsed=13007 source=05B5 action=set-cruise-speed pose=24222,-2295,30029,224,71,0,63 target=23251,-2881,29863,0,227,254,30
elapsed=13007 source=05B5 action=advance-aim pose=24222,-2295,30029,224,71,0,63 target=23251,-2881,29863,0,227,254,30
elapsed=13007 source=047A action=advance-cruise pose=21900,-4119,29630,229,62,0,63 target=23251,-2881,29863,0,227,254,30
elapsed=13010 source=0672 action=contract pose=30875,1036,32476,229,78,0,63 target=23269,-2881,29884,0,227,253,30
elapsed=13011 source=0672 action=contract pose=30766,979,32439,229,78,0,63 target=23269,-2881,29884,0,227,253,30
elapsed=13011 source=0672 action=contract pose=30657,923,32401,229,78,0,63 target=23269,-2881,29884,0,227,253,30
elapsed=13011 source=0672 action=face-immediate pose=30548,867,32363,229,78,0,63 target=23269,-2881,29884,0,227,253,30
elapsed=13011 source=0672 action=advance-homing pose=30548,867,32363,229,78,0,63 target=23269,-2881,29884,0,227,253,30
elapsed=13011 source=05B5 action=advance-aim pose=24054,-2467,30005,224,71,0,63 target=23269,-2881,29884,0,227,253,30
elapsed=13011 source=05B5 action=face-smooth pose=23886,-2639,29981,224,71,0,63 target=23269,-2881,29884,0,227,253,30
elapsed=13011 source=047A action=advance-cruise pose=21708,-4271,29634,229,62,0,63 target=23269,-2881,29884,0,227,253,30
elapsed=13014 source=0672 action=contract pose=30368,715,32303,229,78,0,63 target=23287,-2881,29905,0,227,253,30
elapsed=13014 source=0672 action=contract pose=30259,659,32266,229,78,0,63 target=23287,-2881,29905,0,227,253,30
elapsed=13014 source=0672 action=contract pose=30150,603,32229,229,78,0,63 target=23287,-2881,29905,0,227,253,30
elapsed=13014 source=0672 action=face-immediate pose=30041,547,32192,229,78,0,63 target=23287,-2881,29905,0,227,253,30
elapsed=13014 source=0672 action=advance-homing pose=30041,547,32192,230,78,0,63 target=23287,-2881,29905,0,227,253,30
elapsed=13015 source=05B5 action=advance-aim pose=23886,-2639,29981,226,71,0,63 target=23287,-2881,29905,0,227,253,30
elapsed=13015 source=047A action=advance-cruise pose=21516,-4423,29638,229,62,0,63 target=23287,-2881,29905,0,227,253,30
elapsed=13018 source=0672 action=contract pose=29857,403,32132,230,78,0,63 target=23305,-2881,29926,0,227,252,30
elapsed=13018 source=0672 action=contract pose=29747,348,32095,230,78,0,63 target=23305,-2881,29926,0,227,252,30
elapsed=13018 source=0672 action=contract pose=29637,293,32058,230,78,0,63 target=23305,-2881,29926,0,227,252,30
elapsed=13018 source=0672 action=face-immediate pose=29527,238,32021,230,78,0,63 target=23305,-2881,29926,0,227,252,30
elapsed=13018 source=0672 action=advance-homing pose=29527,238,32021,230,78,0,63 target=23305,-2881,29926,0,227,252,30
elapsed=13018 source=05B5 action=advance-aim pose=23710,-2803,29953,226,71,0,63 target=23305,-2881,29926,0,227,252,30
elapsed=13018 source=05B5 action=face-smooth pose=23534,-2967,29925,226,71,0,63 target=23305,-2881,29926,0,227,252,30
elapsed=13019 source=047A action=advance-cruise pose=21324,-4575,29642,229,62,0,63 target=23305,-2881,29926,0,227,252,30
elapsed=13022 source=0672 action=contract pose=29343,94,31961,230,78,0,63 target=23323,-2881,29947,0,227,252,30
elapsed=13022 source=0672 action=contract pose=29233,39,31924,230,78,0,63 target=23323,-2881,29947,0,227,252,30
elapsed=13022 source=0672 action=contract pose=29123,-16,31887,230,78,0,63 target=23323,-2881,29947,0,227,252,30
elapsed=13022 source=0672 action=face-immediate pose=29013,-71,31850,230,78,0,63 target=23323,-2881,29947,0,227,252,30
elapsed=13022 source=0672 action=advance-homing pose=29013,-71,31850,230,77,0,63 target=23323,-2881,29947,0,227,252,30
elapsed=13022 source=05B5 action=advance-aim pose=23534,-2967,29925,239,70,0,63 target=23323,-2881,29947,0,227,252,30
elapsed=13022 source=047A action=advance-cruise pose=21132,-4727,29646,229,62,0,63 target=23323,-2881,29947,0,227,252,30
elapsed=13026 source=0672 action=contract pose=28825,-215,31790,230,77,0,63 target=23341,-2881,29968,0,227,252,30
elapsed=13026 source=0672 action=contract pose=28715,-269,31753,230,77,0,63 target=23341,-2881,29968,0,227,252,30
elapsed=13026 source=0672 action=contract pose=28605,-323,31716,230,77,0,63 target=23341,-2881,29968,0,227,252,30
elapsed=13026 source=0672 action=face-immediate pose=28495,-377,31679,230,77,0,63 target=23341,-2881,29968,0,227,252,30
elapsed=13026 source=0672 action=advance-homing pose=28495,-377,31679,230,77,0,63 target=23341,-2881,29968,0,227,252,30
elapsed=13026 source=05B5 action=advance-cruise pose=23314,-3067,29897,239,70,0,63 target=23341,-2881,29968,0,227,252,30
elapsed=13026 source=047A action=advance-cruise pose=20940,-4879,29650,229,62,0,63 target=23341,-2881,29968,0,227,252,30
elapsed=13029 source=0672 action=contract pose=28307,-521,31619,230,77,0,63 target=23359,-2881,29989,0,227,252,30
elapsed=13029 source=0672 action=contract pose=28196,-574,31582,230,77,0,63 target=23359,-2881,29989,0,227,252,30
elapsed=13029 source=0672 action=contract pose=28085,-627,31545,230,77,0,63 target=23359,-2881,29989,0,227,252,30
elapsed=13029 source=0672 action=face-immediate pose=27974,-680,31508,230,77,0,63 target=23359,-2881,29989,0,227,252,30
elapsed=13030 source=0672 action=advance-homing pose=27974,-680,31508,231,77,0,63 target=23359,-2881,29989,0,227,252,30
elapsed=13030 source=05B5 action=advance-cruise pose=23094,-3167,29869,239,70,0,63 target=23359,-2881,29989,0,227,252,30
elapsed=13030 source=047A action=advance-cruise pose=20748,-5031,29654,229,62,0,63 target=23359,-2881,29989,0,227,252,30
elapsed=13033 source=0672 action=contract pose=27786,-820,31448,231,77,0,63 target=23377,-2881,30010,0,227,253,30
elapsed=13033 source=0672 action=contract pose=27675,-872,31411,231,77,0,63 target=23377,-2881,30010,0,227,253,30
elapsed=13033 source=0672 action=contract pose=27564,-924,31374,231,77,0,63 target=23377,-2881,30010,0,227,253,30
elapsed=13033 source=0672 action=face-immediate pose=27453,-976,31337,231,77,0,63 target=23377,-2881,30010,0,227,253,30
elapsed=13033 source=0672 action=advance-homing pose=27453,-976,31337,231,77,0,63 target=23377,-2881,30010,0,227,253,30
elapsed=13033 source=05B5 action=advance-cruise pose=22874,-3267,29841,239,70,0,63 target=23377,-2881,30010,0,227,253,30
elapsed=13033 source=047A action=advance-cruise pose=20556,-5183,29658,229,62,0,63 target=23377,-2881,30010,0,227,253,30
elapsed=13036 source=0672 action=contract pose=27265,-1116,31277,231,77,0,63 target=23395,-2881,30031,0,227,253,30
elapsed=13037 source=0672 action=contract pose=27153,-1167,31241,231,77,0,63 target=23395,-2881,30031,0,227,253,30
elapsed=13037 source=0672 action=contract pose=27041,-1218,31205,231,77,0,63 target=23395,-2881,30031,0,227,253,30
elapsed=13037 source=0672 action=face-immediate pose=26929,-1269,31169,231,77,0,63 target=23395,-2881,30031,0,227,253,30
elapsed=13037 source=0672 action=advance-homing pose=26929,-1269,31169,232,77,0,63 target=23395,-2881,30031,0,227,253,30
elapsed=13037 source=05B5 action=advance-cruise pose=22654,-3367,29813,239,70,0,63 target=23395,-2881,30031,0,227,253,30
elapsed=13037 source=047A action=advance-cruise pose=20364,-5335,29662,229,62,0,63 target=23395,-2881,30031,0,227,253,30
elapsed=13040 source=0672 action=contract pose=26737,-1405,31109,232,77,0,63 target=23413,-2881,30052,0,227,254,30
elapsed=13040 source=0672 action=contract pose=26625,-1455,31073,232,77,0,63 target=23413,-2881,30052,0,227,254,30
elapsed=13040 source=0672 action=contract pose=26513,-1505,31037,232,77,0,63 target=23413,-2881,30052,0,227,254,30
elapsed=13040 source=0672 action=face-immediate pose=26401,-1555,31001,232,77,0,63 target=23413,-2881,30052,0,227,254,30
elapsed=13040 source=0672 action=advance-homing pose=26401,-1555,31001,232,77,0,63 target=23413,-2881,30052,0,227,254,30
elapsed=13040 source=05B5 action=advance-cruise pose=22434,-3467,29785,239,70,0,63 target=23413,-2881,30052,0,227,254,30
elapsed=13044 source=0672 action=contract pose=26209,-1691,30941,232,77,0,63 target=23431,-2881,30073,0,227,254,30
elapsed=13044 source=0672 action=contract pose=26096,-1740,30905,232,77,0,63 target=23431,-2881,30073,0,227,254,30
elapsed=13044 source=0672 action=contract pose=25983,-1789,30869,232,77,0,63 target=23431,-2881,30073,0,227,254,30
elapsed=13044 source=0672 action=face-immediate pose=25870,-1838,30833,232,77,0,63 target=23431,-2881,30073,0,227,254,30
elapsed=13044 source=0672 action=advance-homing pose=25870,-1838,30833,233,77,0,63 target=23431,-2881,30073,0,227,254,30
elapsed=13044 source=05B5 action=advance-cruise pose=22214,-3567,29757,239,70,0,63 target=23431,-2881,30073,0,227,254,30
elapsed=13047 source=0672 action=contract pose=25674,-1966,30773,233,77,0,63 target=23449,-2881,30094,0,227,255,30
elapsed=13047 source=0672 action=contract pose=25560,-2013,30738,233,77,0,63 target=23449,-2881,30094,0,227,255,30
elapsed=13047 source=0672 action=contract pose=25446,-2060,30703,233,77,0,63 target=23449,-2881,30094,0,227,255,30
elapsed=13047 source=0672 action=face-immediate pose=25332,-2107,30668,233,77,0,63 target=23449,-2881,30094,0,227,255,30
elapsed=13047 source=0672 action=advance-homing pose=25332,-2107,30668,233,76,0,63 target=23449,-2881,30094,0,227,255,30
elapsed=13047 source=05B5 action=advance-cruise pose=21994,-3667,29729,239,70,0,63 target=23449,-2881,30094,0,227,255,30
elapsed=13050 source=0672 action=contract pose=25136,-2235,30612,233,76,0,63 target=23467,-2881,30115,0,227,0,30
elapsed=13050 source=0672 action=contract pose=25021,-2280,30577,233,76,0,63 target=23467,-2881,30115,0,227,0,30
elapsed=13050 source=0672 action=contract pose=24906,-2325,30543,233,76,0,63 target=23467,-2881,30115,0,227,0,30
elapsed=13050 source=0672 action=face-immediate pose=24791,-2370,30508,233,76,0,63 target=23467,-2881,30115,0,227,0,30
elapsed=13051 source=0672 action=advance-homing pose=24791,-2370,30508,234,76,0,63 target=23467,-2881,30115,0,227,0,30
elapsed=13051 source=05B5 action=advance-cruise pose=21774,-3767,29701,239,70,0,63 target=23467,-2881,30115,0,227,0,30
elapsed=13054 source=0672 action=contract pose=24595,-2494,30452,234,76,0,63 target=23485,-2881,30136,0,227,1,30
elapsed=13054 source=0672 action=contract pose=24479,-2535,30418,234,76,0,63 target=23485,-2881,30136,0,227,1,30
elapsed=13054 source=0672 action=contract pose=24363,-2576,30385,234,76,0,63 target=23485,-2881,30136,0,227,1,30
elapsed=13054 source=0672 action=face-immediate pose=24247,-2617,30352,234,76,0,63 target=23485,-2881,30136,0,227,1,30
elapsed=13054 source=0672 action=advance-homing pose=24247,-2617,30352,236,76,0,63 target=23485,-2881,30136,0,227,1,30
elapsed=13054 source=05B5 action=advance-cruise pose=21554,-3867,29673,239,70,0,63 target=23485,-2881,30136,0,227,1,30
elapsed=13057 source=0672 action=face-immediate pose=24043,-2733,30296,236,76,0,63 target=23503,-2881,30157,0,227,2,30
elapsed=13057 source=0672 action=set-cruise-speed pose=24043,-2733,30296,240,75,0,63 target=23503,-2881,30157,0,227,2,30
elapsed=13057 source=0672 action=advance-aim pose=24043,-2733,30296,240,75,0,63 target=23503,-2881,30157,0,227,2,30
elapsed=13058 source=05B5 action=advance-cruise pose=21334,-3967,29645,239,70,0,63 target=23503,-2881,30157,0,227,2,30
elapsed=13061 source=047A action=set-cruise-speed pose=-32176,-304,-30232,242,84,0,30 target=23521,-2881,30178,0,227,2,30
elapsed=13061 source=047A action=contract pose=-32176,-304,-30232,242,84,0,63 target=23521,-2881,30178,0,227,2,30
elapsed=13061 source=047A action=contract pose=-32287,-334,-30290,242,84,0,63 target=23521,-2881,30178,0,227,2,30
elapsed=13061 source=047A action=contract pose=-32398,-364,-30348,242,84,0,63 target=23521,-2881,30178,0,227,2,30
elapsed=13061 source=047A action=face-immediate pose=-32509,-394,-30406,242,84,0,63 target=23521,-2881,30178,0,227,2,30
elapsed=13061 source=047A action=advance-homing pose=-32509,-394,-30406,242,84,0,63 target=23521,-2881,30178,0,227,2,30
elapsed=13062 source=0672 action=advance-aim pose=23827,-2825,30240,240,75,0,63 target=23521,-2881,30178,0,227,2,30
elapsed=13062 source=0672 action=face-smooth pose=23611,-2917,30184,240,75,0,63 target=23521,-2881,30178,0,227,2,30
elapsed=13062 source=05B5 action=advance-cruise pose=21114,-4067,29617,239,70,0,63 target=23521,-2881,30178,0,227,2,30
elapsed=13066 source=047A action=contract pose=-32713,-474,-30510,242,84,0,63 target=23539,-2881,30199,0,227,3,30
elapsed=13066 source=047A action=contract pose=32712,-503,-30568,242,84,0,63 target=23539,-2881,30199,0,227,3,30
elapsed=13066 source=047A action=contract pose=32601,-532,-30626,242,84,0,63 target=23539,-2881,30199,0,227,3,30
elapsed=13066 source=047A action=face-immediate pose=32490,-561,-30684,242,84,0,63 target=23539,-2881,30199,0,227,3,30
elapsed=13066 source=047A action=advance-homing pose=32490,-561,-30684,242,84,0,63 target=23539,-2881,30199,0,227,3,30
elapsed=13066 source=0672 action=advance-aim pose=23611,-2917,30184,250,73,0,63 target=23539,-2881,30199,0,227,3,30
elapsed=13066 source=05B5 action=advance-cruise pose=20894,-4167,29589,239,70,0,63 target=23539,-2881,30199,0,227,3,30
elapsed=13069 source=047A action=contract pose=32286,-641,-30788,242,84,0,63 target=23557,-2881,30220,0,227,33,30
elapsed=13069 source=047A action=contract pose=32175,-670,-30846,242,84,0,63 target=23557,-2881,30220,0,227,33,30
elapsed=13070 source=047A action=contract pose=32064,-699,-30904,242,84,0,63 target=23557,-2881,30220,0,227,33,30
elapsed=13070 source=047A action=face-immediate pose=31953,-728,-30962,242,84,0,63 target=23557,-2881,30220,0,227,33,30
elapsed=13070 source=047A action=advance-homing pose=31953,-728,-30962,242,84,0,63 target=23557,-2881,30220,0,227,33,30
elapsed=13070 source=0672 action=advance-cruise pose=23379,-2949,30136,250,73,0,63 target=23557,-2881,30220,0,227,33,30
elapsed=13070 source=05B5 action=advance-cruise pose=20674,-4267,29561,239,70,0,63 target=23557,-2881,30220,0,227,33,30
elapsed=13073 source=047A action=contract pose=31749,-808,-31066,242,84,0,63 target=23575,-2881,30241,0,227,31,30
elapsed=13073 source=047A action=contract pose=31638,-837,-31124,242,84,0,63 target=23575,-2881,30241,0,227,31,30
elapsed=13073 source=047A action=contract pose=31527,-866,-31182,242,84,0,63 target=23575,-2881,30241,0,227,31,30
elapsed=13073 source=047A action=face-immediate pose=31416,-895,-31240,242,84,0,63 target=23575,-2881,30241,0,227,31,30
elapsed=13073 source=047A action=advance-homing pose=31416,-895,-31240,243,84,0,63 target=23575,-2881,30241,0,227,31,30
elapsed=13073 source=05B5 action=advance-cruise pose=20454,-4367,29533,239,70,0,63 target=23575,-2881,30241,0,227,31,30
elapsed=13076 source=047A action=contract pose=31212,-971,-31348,243,84,0,63 target=23593,-2881,30262,0,227,28,30
elapsed=13076 source=047A action=contract pose=31101,-999,-31405,243,84,0,63 target=23593,-2881,30262,0,227,28,30
elapsed=13076 source=047A action=contract pose=30990,-1027,-31463,243,84,0,63 target=23593,-2881,30262,0,227,28,30
elapsed=13076 source=047A action=face-immediate pose=30879,-1055,-31520,243,84,0,63 target=23593,-2881,30262,0,227,28,30
elapsed=13076 source=047A action=advance-homing pose=30879,-1055,-31520,243,84,0,63 target=23593,-2881,30262,0,227,28,30
elapsed=13076 source=05B5 action=advance-cruise pose=20234,-4467,29505,239,70,0,63 target=23593,-2881,30262,0,227,28,30
elapsed=13079 source=047A action=contract pose=30675,-1131,-31628,243,84,0,63 target=23611,-2881,30283,0,227,25,30
elapsed=13079 source=047A action=contract pose=30564,-1159,-31686,243,84,0,63 target=23611,-2881,30283,0,227,25,30
elapsed=13079 source=047A action=contract pose=30453,-1187,-31744,243,84,0,63 target=23611,-2881,30283,0,227,25,30
elapsed=13079 source=047A action=face-immediate pose=30342,-1215,-31802,243,84,0,63 target=23611,-2881,30283,0,227,25,30
elapsed=13080 source=047A action=advance-homing pose=30342,-1215,-31802,243,84,0,63 target=23611,-2881,30283,0,227,25,30
elapsed=13083 source=047A action=contract pose=30138,-1291,-31910,243,84,0,63 target=23629,-2881,30304,0,227,23,30
elapsed=13083 source=047A action=contract pose=30026,-1319,-31967,243,84,0,63 target=23629,-2881,30304,0,227,23,30
elapsed=13083 source=047A action=contract pose=29914,-1347,-32024,243,84,0,63 target=23629,-2881,30304,0,227,23,30
elapsed=13083 source=047A action=face-immediate pose=29802,-1375,-32081,243,84,0,63 target=23629,-2881,30304,0,227,23,30
elapsed=13083 source=047A action=advance-homing pose=29802,-1375,-32081,243,84,0,63 target=23629,-2881,30304,0,227,23,30
elapsed=13086 source=047A action=contract pose=29598,-1451,-32189,243,84,0,63 target=23647,-2881,30325,0,227,20,30
elapsed=13086 source=047A action=contract pose=29486,-1478,-32246,243,84,0,63 target=23647,-2881,30325,0,227,20,30
elapsed=13086 source=047A action=contract pose=29374,-1505,-32303,243,84,0,63 target=23647,-2881,30325,0,227,20,30
elapsed=13086 source=047A action=face-immediate pose=29262,-1532,-32360,243,84,0,63 target=23647,-2881,30325,0,227,20,30
elapsed=13086 source=047A action=advance-homing pose=29262,-1532,-32360,243,83,0,63 target=23647,-2881,30325,0,227,20,30
elapsed=13089 source=047A action=contract pose=29058,-1608,-32464,243,83,0,63 target=23665,-2881,30346,0,227,18,30
elapsed=13089 source=047A action=contract pose=28946,-1635,-32521,243,83,0,63 target=23665,-2881,30346,0,227,18,30
elapsed=13089 source=047A action=contract pose=28834,-1662,-32578,243,83,0,63 target=23665,-2881,30346,0,227,18,30
elapsed=13089 source=047A action=face-immediate pose=28722,-1689,-32635,243,83,0,63 target=23665,-2881,30346,0,227,18,30
elapsed=13089 source=047A action=advance-homing pose=28722,-1689,-32635,243,83,0,63 target=23665,-2881,30346,0,227,18,30
elapsed=13092 source=047A action=contract pose=28518,-1765,-32739,243,83,0,63 target=23683,-2881,30367,0,227,16,30
elapsed=13092 source=047A action=contract pose=28406,-1791,32740,243,83,0,63 target=23683,-2881,30367,0,227,16,30
elapsed=13092 source=047A action=contract pose=28294,-1817,32683,243,83,0,63 target=23683,-2881,30367,0,227,16,30
elapsed=13092 source=047A action=face-immediate pose=28182,-1843,32627,243,83,0,63 target=23683,-2881,30367,0,227,16,30
elapsed=13092 source=047A action=advance-homing pose=28182,-1843,32627,244,83,0,63 target=23683,-2881,30367,0,227,16,30
elapsed=13095 source=047A action=contract pose=27978,-1911,32523,244,83,0,63 target=23701,-2881,30388,0,227,15,30
elapsed=13095 source=047A action=contract pose=27866,-1937,32467,244,83,0,63 target=23701,-2881,30388,0,227,15,30
elapsed=13095 source=047A action=contract pose=27754,-1963,32411,244,83,0,63 target=23701,-2881,30388,0,227,15,30
elapsed=13095 source=047A action=face-immediate pose=27642,-1989,32355,244,83,0,63 target=23701,-2881,30388,0,227,15,30
elapsed=13096 source=047A action=advance-homing pose=27642,-1989,32355,244,83,0,63 target=23701,-2881,30388,0,227,15,30
elapsed=13099 source=047A action=contract pose=27438,-2057,32251,244,83,0,63 target=23719,-2881,30409,0,227,13,30
elapsed=13099 source=047A action=contract pose=27326,-2082,32195,244,83,0,63 target=23719,-2881,30409,0,227,13,30
elapsed=13099 source=047A action=contract pose=27214,-2107,32139,244,83,0,63 target=23719,-2881,30409,0,227,13,30
elapsed=13099 source=047A action=face-immediate pose=27102,-2132,32083,244,83,0,63 target=23719,-2881,30409,0,227,13,30
elapsed=13099 source=047A action=advance-homing pose=27102,-2132,32083,244,83,0,63 target=23719,-2881,30409,0,227,13,30
elapsed=13102 source=047A action=contract pose=26898,-2200,31979,244,83,0,63 target=23737,-2881,30430,0,227,11,30
elapsed=13102 source=047A action=contract pose=26785,-2225,31923,244,83,0,63 target=23737,-2881,30430,0,227,11,30
elapsed=13102 source=047A action=contract pose=26672,-2250,31868,244,83,0,63 target=23737,-2881,30430,0,227,11,30
elapsed=13102 source=047A action=face-immediate pose=26559,-2275,31813,244,83,0,63 target=23737,-2881,30430,0,227,11,30
elapsed=13102 source=047A action=advance-homing pose=26559,-2275,31813,244,83,0,63 target=23737,-2881,30430,0,227,11,30
elapsed=13105 source=047A action=contract pose=26355,-2343,31709,244,83,0,63 target=23755,-2881,30451,0,227,9,30
elapsed=13105 source=047A action=contract pose=26242,-2367,31654,244,83,0,63 target=23755,-2881,30451,0,227,9,30
elapsed=13105 source=047A action=contract pose=26129,-2391,31599,244,83,0,63 target=23755,-2881,30451,0,227,9,30
elapsed=13105 source=047A action=face-immediate pose=26016,-2415,31544,244,83,0,63 target=23755,-2881,30451,0,227,9,30
elapsed=13105 source=047A action=advance-homing pose=26016,-2415,31544,245,83,0,63 target=23755,-2881,30451,0,227,9,30
elapsed=13109 source=047A action=contract pose=25808,-2479,31440,245,83,0,63 target=23773,-2881,30472,0,227,7,30
elapsed=13109 source=047A action=contract pose=25694,-2502,31386,245,83,0,63 target=23773,-2881,30472,0,227,7,30
elapsed=13109 source=047A action=contract pose=25580,-2525,31332,245,83,0,63 target=23773,-2881,30472,0,227,7,30
elapsed=13109 source=047A action=face-immediate pose=25466,-2548,31278,245,83,0,63 target=23773,-2881,30472,0,227,7,30
elapsed=13109 source=047A action=advance-homing pose=25466,-2548,31278,245,82,0,63 target=23773,-2881,30472,0,227,7,30
elapsed=13112 source=047A action=contract pose=25254,-2612,31182,245,82,0,63 target=23791,-2881,30493,0,227,6,30
elapsed=13112 source=047A action=contract pose=25140,-2633,31128,245,82,0,63 target=23791,-2881,30493,0,227,6,30
elapsed=13112 source=047A action=contract pose=25026,-2654,31074,245,82,0,63 target=23791,-2881,30493,0,227,6,30
elapsed=13112 source=047A action=face-immediate pose=24912,-2675,31020,245,82,0,63 target=23791,-2881,30493,0,227,6,30
elapsed=13112 source=047A action=advance-homing pose=24912,-2675,31020,246,82,0,63 target=23791,-2881,30493,0,227,6,30
elapsed=13115 source=047A action=face-immediate pose=24700,-2731,30924,246,82,0,63 target=23809,-2881,30514,0,227,4,30
elapsed=13115 source=047A action=set-cruise-speed pose=24700,-2731,30924,246,82,0,63 target=23809,-2881,30514,0,227,4,30
elapsed=13116 source=047A action=advance-aim pose=24700,-2731,30924,246,82,0,63 target=23809,-2881,30514,0,227,4,30
elapsed=13116 source=047A action=face-smooth pose=24488,-2787,30828,246,82,0,63 target=23809,-2881,30514,0,227,4,30
elapsed=13119 source=047A action=advance-aim pose=24488,-2787,30828,247,82,0,63 target=23827,-2881,30535,0,227,3,30
elapsed=13122 source=047A action=advance-aim pose=24276,-2839,30732,247,82,0,63 target=23845,-2881,30556,0,227,1,30
elapsed=13122 source=047A action=face-smooth pose=24064,-2891,30636,247,82,0,63 target=23845,-2881,30556,0,227,1,30
elapsed=13126 source=047A action=advance-aim pose=24064,-2891,30636,249,81,0,63 target=23863,-2881,30577,0,227,0,30
elapsed=13130 source=047A action=advance-cruise pose=23844,-2931,30540,249,81,0,63 target=23881,-2881,30598,0,227,26,30
