# Semantic Leon rival actions recovered from the pressure-encounter oracle.
# Raw source SHA-256: 2f38a55980c42cfa0619809e413473cd459f166fbf177493520f14b395752c8b
# raw_sample_start_elapsed=73648
# presentation_start_retail_frame=56
# flight_start_retail_frame=404
# end_retail_frame=1512
# staging_retail_frame=400
# staging_pose=10096,-4000,3137,21,0,0,0
# initial_pose=10096,0,8137,21,76,0,0
retail_frame=404 action=LeonRivalAction::BeginApproach
retail_frame=404 action=LeonRivalAction::TrackApproachPitchAndBank(23,5)
retail_frame=404 action=LeonRivalAction::TrackApproachYaw(78)
retail_frame=404 action=LeonRivalAction::PrepareAdvance
retail_frame=404 action=LeonRivalAction::TrackApproachPitchAndBank(23,5)
retail_frame=404 action=LeonRivalAction::TrackApproachYaw(78)
retail_frame=408 action=LeonRivalAction::FinishAdvance
retail_frame=408 action=LeonRivalAction::TrackApproachPitchAndBank(25,9)
retail_frame=408 action=LeonRivalAction::TrackApproachYaw(80)
retail_frame=408 action=LeonRivalAction::PrepareAdvance
retail_frame=408 action=LeonRivalAction::FinishAdvance
retail_frame=408 action=LeonRivalAction::TrackApproachPitchAndBank(25,9)
retail_frame=408 action=LeonRivalAction::TrackApproachYaw(80)
retail_frame=412 action=LeonRivalAction::TrackApproachPitchAndBank(26,12)
retail_frame=412 action=LeonRivalAction::TrackApproachYaw(82)
retail_frame=412 action=LeonRivalAction::PrepareAdvance
retail_frame=412 action=LeonRivalAction::FinishAdvance
retail_frame=412 action=LeonRivalAction::TrackApproachPitchAndBank(26,12)
retail_frame=412 action=LeonRivalAction::TrackApproachYaw(82)
retail_frame=416 action=LeonRivalAction::TrackApproachPitchAndBank(27,15)
retail_frame=416 action=LeonRivalAction::TrackApproachYaw(84)
retail_frame=416 action=LeonRivalAction::PrepareAdvance
retail_frame=416 action=LeonRivalAction::FinishAdvance
retail_frame=416 action=LeonRivalAction::TrackApproachPitchAndBank(28,18)
retail_frame=416 action=LeonRivalAction::TrackApproachYaw(86)
retail_frame=416 action=LeonRivalAction::PrepareAdvance
retail_frame=416 action=LeonRivalAction::FinishAdvance
retail_frame=416 action=LeonRivalAction::TrackApproachPitchAndBank(28,18)
retail_frame=416 action=LeonRivalAction::TrackApproachYaw(86)
retail_frame=420 action=LeonRivalAction::TrackApproachPitchAndBank(29,20)
retail_frame=420 action=LeonRivalAction::TrackApproachYaw(88)
retail_frame=420 action=LeonRivalAction::PrepareAdvance
retail_frame=420 action=LeonRivalAction::FinishAdvance
retail_frame=420 action=LeonRivalAction::TrackApproachPitchAndBank(29,20)
retail_frame=420 action=LeonRivalAction::TrackApproachYaw(88)
retail_frame=424 action=LeonRivalAction::TrackApproachPitchAndBank(30,22)
retail_frame=424 action=LeonRivalAction::TrackApproachYaw(90)
retail_frame=424 action=LeonRivalAction::PrepareAdvance
retail_frame=424 action=LeonRivalAction::FinishAdvance
retail_frame=424 action=LeonRivalAction::TrackApproachPitchAndBank(30,22)
retail_frame=424 action=LeonRivalAction::TrackApproachYaw(90)
retail_frame=428 action=LeonRivalAction::TrackApproachPitchAndBank(31,24)
retail_frame=428 action=LeonRivalAction::TrackApproachYaw(92)
retail_frame=428 action=LeonRivalAction::PrepareAdvance
retail_frame=428 action=LeonRivalAction::FinishAdvance
retail_frame=428 action=LeonRivalAction::TrackApproachPitchAndBank(31,24)
retail_frame=428 action=LeonRivalAction::TrackApproachYaw(92)
retail_frame=432 action=LeonRivalAction::TrackApproachPitchAndBank(32,26)
retail_frame=432 action=LeonRivalAction::TrackApproachYaw(94)
retail_frame=432 action=LeonRivalAction::PrepareAdvance
retail_frame=432 action=LeonRivalAction::FinishAdvance
retail_frame=432 action=LeonRivalAction::TrackApproachPitchAndBank(32,26)
retail_frame=432 action=LeonRivalAction::TrackApproachYaw(94)
retail_frame=436 action=LeonRivalAction::TrackApproachPitchAndBank(33,27)
retail_frame=436 action=LeonRivalAction::TrackApproachYaw(96)
retail_frame=436 action=LeonRivalAction::PrepareAdvance
retail_frame=436 action=LeonRivalAction::FinishAdvance
retail_frame=436 action=LeonRivalAction::TrackApproachPitchAndBank(33,27)
retail_frame=436 action=LeonRivalAction::TrackApproachYaw(96)
retail_frame=440 action=LeonRivalAction::TrackApproachPitchAndBank(34,28)
retail_frame=440 action=LeonRivalAction::TrackApproachYaw(98)
retail_frame=440 action=LeonRivalAction::PrepareAdvance
retail_frame=440 action=LeonRivalAction::FinishAdvance
retail_frame=440 action=LeonRivalAction::TrackApproachPitchAndBank(34,28)
retail_frame=440 action=LeonRivalAction::TrackApproachYaw(98)
retail_frame=444 action=LeonRivalAction::TrackApproachPitchAndBank(35,29)
retail_frame=444 action=LeonRivalAction::TrackApproachYaw(100)
retail_frame=444 action=LeonRivalAction::PrepareAdvance
retail_frame=444 action=LeonRivalAction::FinishAdvance
retail_frame=444 action=LeonRivalAction::TrackApproachPitchAndBank(35,29)
retail_frame=444 action=LeonRivalAction::TrackApproachYaw(100)
retail_frame=448 action=LeonRivalAction::TrackApproachPitchAndBank(36,30)
retail_frame=448 action=LeonRivalAction::TrackApproachYaw(102)
retail_frame=448 action=LeonRivalAction::PrepareAdvance
retail_frame=448 action=LeonRivalAction::FinishAdvance
retail_frame=448 action=LeonRivalAction::TrackApproachPitchAndBank(36,30)
retail_frame=448 action=LeonRivalAction::TrackApproachYaw(102)
retail_frame=452 action=LeonRivalAction::TrackApproachPitchAndBank(37,31)
retail_frame=452 action=LeonRivalAction::TrackApproachYaw(104)
retail_frame=452 action=LeonRivalAction::PrepareAdvance
retail_frame=452 action=LeonRivalAction::FinishAdvance
retail_frame=452 action=LeonRivalAction::TrackApproachPitchAndBank(38,32)
retail_frame=452 action=LeonRivalAction::TrackApproachYaw(106)
retail_frame=452 action=LeonRivalAction::PrepareAdvance
retail_frame=452 action=LeonRivalAction::FinishAdvance
retail_frame=452 action=LeonRivalAction::TrackApproachPitchAndBank(38,32)
retail_frame=452 action=LeonRivalAction::TrackApproachYaw(106)
retail_frame=456 action=LeonRivalAction::TrackApproachPitchAndBank(29,23)
retail_frame=456 action=LeonRivalAction::TrackApproachYaw(104)
retail_frame=456 action=LeonRivalAction::PrepareAdvance
retail_frame=456 action=LeonRivalAction::FinishAdvance
retail_frame=456 action=LeonRivalAction::TrackApproachPitchAndBank(29,23)
retail_frame=456 action=LeonRivalAction::TrackApproachYaw(104)
retail_frame=460 action=LeonRivalAction::TrackApproachPitchAndBank(21,16)
retail_frame=460 action=LeonRivalAction::TrackApproachYaw(102)
retail_frame=460 action=LeonRivalAction::PrepareAdvance
retail_frame=460 action=LeonRivalAction::FinishAdvance
retail_frame=460 action=LeonRivalAction::TrackApproachPitchAndBank(21,16)
retail_frame=460 action=LeonRivalAction::TrackApproachYaw(102)
retail_frame=464 action=LeonRivalAction::TrackApproachPitchAndBank(14,9)
retail_frame=464 action=LeonRivalAction::TrackApproachYaw(100)
retail_frame=464 action=LeonRivalAction::PrepareAdvance
retail_frame=464 action=LeonRivalAction::FinishAdvance
retail_frame=464 action=LeonRivalAction::TrackApproachPitchAndBank(14,9)
retail_frame=464 action=LeonRivalAction::TrackApproachYaw(100)
retail_frame=468 action=LeonRivalAction::TrackApproachPitchAndBank(8,3)
retail_frame=468 action=LeonRivalAction::TrackApproachYaw(98)
retail_frame=468 action=LeonRivalAction::PrepareAdvance
retail_frame=468 action=LeonRivalAction::FinishAdvance
retail_frame=468 action=LeonRivalAction::TrackApproachPitchAndBank(8,3)
retail_frame=468 action=LeonRivalAction::TrackApproachYaw(98)
retail_frame=472 action=LeonRivalAction::TrackApproachPitchAndBank(2,254)
retail_frame=472 action=LeonRivalAction::TrackApproachYaw(96)
retail_frame=472 action=LeonRivalAction::PrepareAdvance
retail_frame=472 action=LeonRivalAction::FinishAdvance
retail_frame=472 action=LeonRivalAction::TrackApproachPitchAndBank(2,254)
retail_frame=472 action=LeonRivalAction::TrackApproachYaw(96)
retail_frame=476 action=LeonRivalAction::TrackApproachPitchAndBank(253,250)
retail_frame=476 action=LeonRivalAction::TrackApproachYaw(94)
retail_frame=476 action=LeonRivalAction::PrepareAdvance
retail_frame=476 action=LeonRivalAction::FinishAdvance
retail_frame=476 action=LeonRivalAction::TrackApproachPitchAndBank(253,250)
retail_frame=476 action=LeonRivalAction::TrackApproachYaw(94)
retail_frame=480 action=LeonRivalAction::TrackApproachPitchAndBank(249,246)
retail_frame=480 action=LeonRivalAction::TrackApproachYaw(92)
retail_frame=480 action=LeonRivalAction::PrepareAdvance
retail_frame=480 action=LeonRivalAction::FinishAdvance
retail_frame=480 action=LeonRivalAction::TrackApproachPitchAndBank(249,246)
retail_frame=480 action=LeonRivalAction::TrackApproachYaw(92)
retail_frame=484 action=LeonRivalAction::TrackApproachPitchAndBank(245,243)
retail_frame=484 action=LeonRivalAction::TrackApproachYaw(90)
retail_frame=484 action=LeonRivalAction::PrepareAdvance
retail_frame=484 action=LeonRivalAction::FinishAdvance
retail_frame=484 action=LeonRivalAction::TrackApproachPitchAndBank(242,240)
retail_frame=484 action=LeonRivalAction::TrackApproachYaw(88)
retail_frame=484 action=LeonRivalAction::PrepareAdvance
retail_frame=484 action=LeonRivalAction::FinishAdvance
retail_frame=484 action=LeonRivalAction::TrackApproachPitchAndBank(242,240)
retail_frame=484 action=LeonRivalAction::TrackApproachYaw(88)
retail_frame=488 action=LeonRivalAction::TrackApproachPitchAndBank(239,237)
retail_frame=488 action=LeonRivalAction::TrackApproachYaw(86)
retail_frame=488 action=LeonRivalAction::PrepareAdvance
retail_frame=488 action=LeonRivalAction::FinishAdvance
retail_frame=488 action=LeonRivalAction::TrackApproachPitchAndBank(239,237)
retail_frame=488 action=LeonRivalAction::TrackApproachYaw(86)
retail_frame=492 action=LeonRivalAction::TrackApproachPitchAndBank(237,235)
retail_frame=492 action=LeonRivalAction::TrackApproachYaw(84)
retail_frame=492 action=LeonRivalAction::PrepareAdvance
retail_frame=492 action=LeonRivalAction::FinishAdvance
retail_frame=492 action=LeonRivalAction::TrackApproachPitchAndBank(237,235)
retail_frame=492 action=LeonRivalAction::TrackApproachYaw(84)
retail_frame=496 action=LeonRivalAction::TrackApproachPitchAndBank(235,233)
retail_frame=496 action=LeonRivalAction::TrackApproachYaw(82)
retail_frame=496 action=LeonRivalAction::PrepareAdvance
retail_frame=496 action=LeonRivalAction::FinishAdvance
retail_frame=496 action=LeonRivalAction::TrackApproachPitchAndBank(235,233)
retail_frame=496 action=LeonRivalAction::TrackApproachYaw(82)
retail_frame=500 action=LeonRivalAction::TrackApproachPitchAndBank(233,231)
retail_frame=500 action=LeonRivalAction::TrackApproachYaw(80)
retail_frame=500 action=LeonRivalAction::PrepareAdvance
retail_frame=500 action=LeonRivalAction::FinishAdvance
retail_frame=500 action=LeonRivalAction::TrackApproachPitchAndBank(233,231)
retail_frame=500 action=LeonRivalAction::TrackApproachYaw(80)
retail_frame=504 action=LeonRivalAction::TrackApproachPitchAndBank(231,230)
retail_frame=504 action=LeonRivalAction::TrackApproachYaw(78)
retail_frame=504 action=LeonRivalAction::PrepareAdvance
retail_frame=504 action=LeonRivalAction::FinishAdvance
retail_frame=504 action=LeonRivalAction::TrackApproachPitchAndBank(231,230)
retail_frame=504 action=LeonRivalAction::TrackApproachYaw(78)
retail_frame=508 action=LeonRivalAction::TrackApproachPitchAndBank(230,229)
retail_frame=508 action=LeonRivalAction::TrackApproachYaw(76)
retail_frame=508 action=LeonRivalAction::PrepareAdvance
retail_frame=508 action=LeonRivalAction::FinishAdvance
retail_frame=508 action=LeonRivalAction::TrackApproachPitchAndBank(230,229)
retail_frame=508 action=LeonRivalAction::TrackApproachYaw(76)
retail_frame=512 action=LeonRivalAction::TrackApproachPitchAndBank(229,228)
retail_frame=512 action=LeonRivalAction::TrackApproachYaw(74)
retail_frame=512 action=LeonRivalAction::PrepareAdvance
retail_frame=512 action=LeonRivalAction::FinishAdvance
retail_frame=512 action=LeonRivalAction::TrackApproachPitchAndBank(229,228)
retail_frame=512 action=LeonRivalAction::TrackApproachYaw(74)
retail_frame=516 action=LeonRivalAction::TrackApproachPitchAndBank(228,227)
retail_frame=516 action=LeonRivalAction::TrackApproachYaw(72)
retail_frame=516 action=LeonRivalAction::PrepareAdvance
retail_frame=516 action=LeonRivalAction::FinishAdvance
retail_frame=516 action=LeonRivalAction::TrackApproachPitchAndBank(227,226)
retail_frame=516 action=LeonRivalAction::TrackApproachYaw(70)
retail_frame=516 action=LeonRivalAction::PrepareAdvance
retail_frame=516 action=LeonRivalAction::FinishAdvance
retail_frame=516 action=LeonRivalAction::TrackApproachPitchAndBank(227,226)
retail_frame=516 action=LeonRivalAction::TrackApproachYaw(70)
retail_frame=520 action=LeonRivalAction::TrackApproachPitchAndBank(226,225)
retail_frame=520 action=LeonRivalAction::TrackApproachYaw(68)
retail_frame=520 action=LeonRivalAction::PrepareAdvance
retail_frame=520 action=LeonRivalAction::FinishAdvance
retail_frame=520 action=LeonRivalAction::TrackApproachPitchAndBank(226,225)
retail_frame=520 action=LeonRivalAction::TrackApproachYaw(68)
retail_frame=524 action=LeonRivalAction::TrackApproachPitchAndBank(225,224)
retail_frame=524 action=LeonRivalAction::TrackApproachYaw(66)
retail_frame=524 action=LeonRivalAction::PrepareAdvance
retail_frame=524 action=LeonRivalAction::FinishAdvance
retail_frame=524 action=LeonRivalAction::TrackApproachPitchAndBank(225,224)
retail_frame=524 action=LeonRivalAction::TrackApproachYaw(66)
retail_frame=528 action=LeonRivalAction::TrackApproachPitchAndBank(224,223)
retail_frame=528 action=LeonRivalAction::TrackApproachYaw(64)
retail_frame=528 action=LeonRivalAction::PrepareAdvance
retail_frame=528 action=LeonRivalAction::FinishAdvance
retail_frame=528 action=LeonRivalAction::TrackApproachPitchAndBank(224,223)
retail_frame=528 action=LeonRivalAction::TrackApproachYaw(64)
retail_frame=532 action=LeonRivalAction::TrackApproachPitchAndBank(223,222)
retail_frame=532 action=LeonRivalAction::TrackApproachYaw(62)
retail_frame=532 action=LeonRivalAction::PrepareAdvance
retail_frame=532 action=LeonRivalAction::FinishAdvance
retail_frame=532 action=LeonRivalAction::TrackApproachPitchAndBank(223,222)
retail_frame=532 action=LeonRivalAction::TrackApproachYaw(62)
retail_frame=536 action=LeonRivalAction::TrackApproachPitchAndBank(222,221)
retail_frame=536 action=LeonRivalAction::TrackApproachYaw(60)
retail_frame=536 action=LeonRivalAction::PrepareAdvance
retail_frame=536 action=LeonRivalAction::FinishAdvance
retail_frame=536 action=LeonRivalAction::TrackApproachPitchAndBank(222,221)
retail_frame=536 action=LeonRivalAction::TrackApproachYaw(60)
retail_frame=540 action=LeonRivalAction::TrackApproachPitchAndBank(221,220)
retail_frame=540 action=LeonRivalAction::TrackApproachYaw(58)
retail_frame=540 action=LeonRivalAction::PrepareAdvance
retail_frame=540 action=LeonRivalAction::FinishAdvance
retail_frame=540 action=LeonRivalAction::TrackApproachPitchAndBank(221,220)
retail_frame=540 action=LeonRivalAction::TrackApproachYaw(58)
retail_frame=544 action=LeonRivalAction::TrackApproachPitchAndBank(220,219)
retail_frame=544 action=LeonRivalAction::TrackApproachYaw(56)
retail_frame=544 action=LeonRivalAction::PrepareAdvance
retail_frame=544 action=LeonRivalAction::FinishAdvance
retail_frame=544 action=LeonRivalAction::TrackApproachPitchAndBank(220,219)
retail_frame=544 action=LeonRivalAction::TrackApproachYaw(56)
retail_frame=548 action=LeonRivalAction::TrackApproachPitchAndBank(219,218)
retail_frame=548 action=LeonRivalAction::TrackApproachYaw(54)
retail_frame=548 action=LeonRivalAction::PrepareAdvance
retail_frame=548 action=LeonRivalAction::FinishAdvance
retail_frame=548 action=LeonRivalAction::TrackApproachPitchAndBank(219,218)
retail_frame=548 action=LeonRivalAction::TrackApproachYaw(54)
retail_frame=552 action=LeonRivalAction::TrackApproachPitchAndBank(218,217)
retail_frame=552 action=LeonRivalAction::TrackApproachYaw(52)
retail_frame=552 action=LeonRivalAction::PrepareAdvance
retail_frame=552 action=LeonRivalAction::FinishAdvance
retail_frame=552 action=LeonRivalAction::TrackApproachPitchAndBank(218,217)
retail_frame=552 action=LeonRivalAction::TrackApproachYaw(52)
retail_frame=556 action=LeonRivalAction::TrackApproachPitchAndBank(217,216)
retail_frame=556 action=LeonRivalAction::TrackApproachYaw(50)
retail_frame=556 action=LeonRivalAction::PrepareAdvance
retail_frame=556 action=LeonRivalAction::FinishAdvance
retail_frame=556 action=LeonRivalAction::TrackApproachPitchAndBank(217,216)
retail_frame=556 action=LeonRivalAction::TrackApproachYaw(50)
retail_frame=560 action=LeonRivalAction::TrackApproachPitchAndBank(216,216)
retail_frame=560 action=LeonRivalAction::TrackApproachYaw(48)
retail_frame=560 action=LeonRivalAction::PrepareAdvance
retail_frame=560 action=LeonRivalAction::FinishAdvance
retail_frame=560 action=LeonRivalAction::TrackApproachPitchAndBank(216,216)
retail_frame=560 action=LeonRivalAction::TrackApproachYaw(48)
retail_frame=564 action=LeonRivalAction::TrackApproachPitchAndBank(216,216)
retail_frame=564 action=LeonRivalAction::TrackApproachYaw(46)
retail_frame=564 action=LeonRivalAction::PrepareAdvance
retail_frame=564 action=LeonRivalAction::FinishAdvance
retail_frame=564 action=LeonRivalAction::TrackApproachPitchAndBank(216,216)
retail_frame=564 action=LeonRivalAction::TrackApproachYaw(46)
retail_frame=568 action=LeonRivalAction::TrackApproachPitchAndBank(216,216)
retail_frame=568 action=LeonRivalAction::TrackApproachYaw(44)
retail_frame=568 action=LeonRivalAction::PrepareAdvance
retail_frame=568 action=LeonRivalAction::FinishAdvance
retail_frame=568 action=LeonRivalAction::TrackApproachPitchAndBank(216,216)
retail_frame=568 action=LeonRivalAction::TrackApproachYaw(44)
retail_frame=572 action=LeonRivalAction::TrackApproachPitchAndBank(216,216)
retail_frame=572 action=LeonRivalAction::TrackApproachYaw(42)
retail_frame=572 action=LeonRivalAction::PrepareAdvance
retail_frame=572 action=LeonRivalAction::FinishAdvance
retail_frame=572 action=LeonRivalAction::TrackApproachPitchAndBank(216,216)
retail_frame=572 action=LeonRivalAction::TrackApproachYaw(42)
retail_frame=576 action=LeonRivalAction::TrackApproachPitchAndBank(216,216)
retail_frame=576 action=LeonRivalAction::TrackApproachYaw(40)
retail_frame=576 action=LeonRivalAction::PrepareAdvance
retail_frame=576 action=LeonRivalAction::FinishAdvance
retail_frame=576 action=LeonRivalAction::TrackApproachPitchAndBank(216,216)
retail_frame=576 action=LeonRivalAction::TrackApproachYaw(40)
retail_frame=580 action=LeonRivalAction::TrackApproachPitchAndBank(216,216)
retail_frame=580 action=LeonRivalAction::TrackApproachYaw(38)
retail_frame=580 action=LeonRivalAction::PrepareAdvance
retail_frame=580 action=LeonRivalAction::FinishAdvance
retail_frame=580 action=LeonRivalAction::TrackApproachPitchAndBank(216,216)
retail_frame=580 action=LeonRivalAction::TrackApproachYaw(38)
retail_frame=584 action=LeonRivalAction::TrackApproachPitchAndBank(216,216)
retail_frame=584 action=LeonRivalAction::TrackApproachYaw(36)
retail_frame=584 action=LeonRivalAction::PrepareAdvance
retail_frame=584 action=LeonRivalAction::FinishAdvance
retail_frame=584 action=LeonRivalAction::TrackApproachPitchAndBank(216,216)
retail_frame=584 action=LeonRivalAction::TrackApproachYaw(36)
retail_frame=588 action=LeonRivalAction::TrackApproachPitchAndBank(216,216)
retail_frame=588 action=LeonRivalAction::TrackApproachYaw(34)
retail_frame=588 action=LeonRivalAction::PrepareAdvance
retail_frame=588 action=LeonRivalAction::FinishAdvance
retail_frame=588 action=LeonRivalAction::TrackApproachPitchAndBank(216,216)
retail_frame=588 action=LeonRivalAction::TrackApproachYaw(34)
retail_frame=592 action=LeonRivalAction::TrackApproachPitchAndBank(216,216)
retail_frame=592 action=LeonRivalAction::TrackApproachYaw(32)
retail_frame=592 action=LeonRivalAction::PrepareAdvance
retail_frame=592 action=LeonRivalAction::FinishAdvance
retail_frame=592 action=LeonRivalAction::TrackApproachPitchAndBank(216,216)
retail_frame=592 action=LeonRivalAction::TrackApproachYaw(32)
retail_frame=596 action=LeonRivalAction::TrackApproachPitchAndBank(216,216)
retail_frame=596 action=LeonRivalAction::TrackApproachYaw(30)
retail_frame=596 action=LeonRivalAction::PrepareAdvance
retail_frame=596 action=LeonRivalAction::FinishAdvance
retail_frame=596 action=LeonRivalAction::TrackApproachPitchAndBank(216,216)
retail_frame=596 action=LeonRivalAction::TrackApproachYaw(30)
retail_frame=600 action=LeonRivalAction::TrackApproachPitchAndBank(216,216)
retail_frame=600 action=LeonRivalAction::TrackApproachYaw(28)
retail_frame=600 action=LeonRivalAction::PrepareAdvance
retail_frame=600 action=LeonRivalAction::FinishAdvance
retail_frame=600 action=LeonRivalAction::TrackApproachPitchAndBank(216,216)
retail_frame=600 action=LeonRivalAction::TrackApproachYaw(28)
retail_frame=604 action=LeonRivalAction::TrackApproachPitchAndBank(216,216)
retail_frame=604 action=LeonRivalAction::TrackApproachYaw(26)
retail_frame=604 action=LeonRivalAction::PrepareAdvance
retail_frame=604 action=LeonRivalAction::FinishAdvance
retail_frame=604 action=LeonRivalAction::TrackApproachPitchAndBank(216,216)
retail_frame=604 action=LeonRivalAction::TrackApproachYaw(26)
retail_frame=608 action=LeonRivalAction::TrackApproachPitchAndBank(216,216)
retail_frame=608 action=LeonRivalAction::TrackApproachYaw(24)
retail_frame=608 action=LeonRivalAction::PrepareAdvance
retail_frame=608 action=LeonRivalAction::FinishAdvance
retail_frame=608 action=LeonRivalAction::TrackApproachPitchAndBank(216,216)
retail_frame=608 action=LeonRivalAction::TrackApproachYaw(24)
retail_frame=612 action=LeonRivalAction::TrackApproachPitchAndBank(216,216)
retail_frame=612 action=LeonRivalAction::TrackApproachYaw(22)
retail_frame=612 action=LeonRivalAction::PrepareAdvance
retail_frame=612 action=LeonRivalAction::FinishAdvance
retail_frame=612 action=LeonRivalAction::TrackApproachPitchAndBank(216,216)
retail_frame=612 action=LeonRivalAction::TrackApproachYaw(20)
retail_frame=612 action=LeonRivalAction::PrepareAdvance
retail_frame=612 action=LeonRivalAction::FinishAdvance
retail_frame=612 action=LeonRivalAction::TrackApproachPitchAndBank(216,216)
retail_frame=612 action=LeonRivalAction::TrackApproachYaw(20)
retail_frame=616 action=LeonRivalAction::TrackApproachPitchAndBank(216,216)
retail_frame=616 action=LeonRivalAction::TrackApproachYaw(18)
retail_frame=616 action=LeonRivalAction::PrepareAdvance
retail_frame=616 action=LeonRivalAction::FinishAdvance
retail_frame=616 action=LeonRivalAction::TrackApproachPitchAndBank(216,216)
retail_frame=616 action=LeonRivalAction::TrackApproachYaw(18)
retail_frame=620 action=LeonRivalAction::BeginCombatManeuver
retail_frame=620 action=LeonRivalAction::ChaseRollToLevel
retail_frame=620 action=LeonRivalAction::PrepareAdvance
retail_frame=620 action=LeonRivalAction::FinishAdvance
retail_frame=620 action=LeonRivalAction::MaintainCombatAltitude
retail_frame=624 action=LeonRivalAction::MaintainCombatAltitude
retail_frame=624 action=LeonRivalAction::ChaseRollToLevel
retail_frame=624 action=LeonRivalAction::MaintainCombatAltitude
retail_frame=624 action=LeonRivalAction::PrepareAdvance
retail_frame=624 action=LeonRivalAction::FinishAdvance
retail_frame=624 action=LeonRivalAction::MaintainCombatAltitude
retail_frame=628 action=LeonRivalAction::MaintainCombatAltitude
retail_frame=628 action=LeonRivalAction::ChaseRollToLevel
retail_frame=628 action=LeonRivalAction::MaintainCombatAltitude
retail_frame=628 action=LeonRivalAction::PrepareAdvance
retail_frame=628 action=LeonRivalAction::FinishAdvance
retail_frame=628 action=LeonRivalAction::MaintainCombatAltitude
retail_frame=632 action=LeonRivalAction::MaintainCombatAltitude
retail_frame=632 action=LeonRivalAction::ChaseRollToLevel
retail_frame=632 action=LeonRivalAction::MaintainCombatAltitude
retail_frame=632 action=LeonRivalAction::PrepareAdvance
retail_frame=632 action=LeonRivalAction::FinishAdvance
retail_frame=632 action=LeonRivalAction::MaintainCombatAltitude
retail_frame=636 action=LeonRivalAction::MaintainCombatAltitude
retail_frame=636 action=LeonRivalAction::ChaseRollToLevel
retail_frame=636 action=LeonRivalAction::MaintainCombatAltitude
retail_frame=636 action=LeonRivalAction::PrepareAdvance
retail_frame=636 action=LeonRivalAction::FinishAdvance
retail_frame=636 action=LeonRivalAction::MaintainCombatAltitude
retail_frame=640 action=LeonRivalAction::MaintainCombatAltitude
retail_frame=640 action=LeonRivalAction::ChaseRollToLevel
retail_frame=640 action=LeonRivalAction::MaintainCombatAltitude
retail_frame=640 action=LeonRivalAction::PrepareAdvance
retail_frame=640 action=LeonRivalAction::FinishAdvance
retail_frame=640 action=LeonRivalAction::MaintainCombatAltitude
retail_frame=644 action=LeonRivalAction::MaintainCombatAltitude
retail_frame=644 action=LeonRivalAction::ChaseRollToLevel
retail_frame=644 action=LeonRivalAction::MaintainCombatAltitude
retail_frame=644 action=LeonRivalAction::PrepareAdvance
retail_frame=644 action=LeonRivalAction::FinishAdvance
retail_frame=644 action=LeonRivalAction::MaintainCombatAltitude
retail_frame=648 action=LeonRivalAction::MaintainCombatAltitude
retail_frame=648 action=LeonRivalAction::ChaseRollToLevel
retail_frame=648 action=LeonRivalAction::MaintainCombatAltitude
retail_frame=648 action=LeonRivalAction::PrepareAdvance
retail_frame=648 action=LeonRivalAction::FinishAdvance
retail_frame=648 action=LeonRivalAction::MaintainCombatAltitude
retail_frame=652 action=LeonRivalAction::MaintainCombatAltitude
retail_frame=652 action=LeonRivalAction::ChaseRollToLevel
retail_frame=652 action=LeonRivalAction::MaintainCombatAltitude
retail_frame=652 action=LeonRivalAction::PrepareAdvance
retail_frame=652 action=LeonRivalAction::FinishAdvance
retail_frame=652 action=LeonRivalAction::MaintainCombatAltitude
retail_frame=656 action=LeonRivalAction::MaintainCombatAltitude
retail_frame=656 action=LeonRivalAction::ChaseRollToLevel
retail_frame=656 action=LeonRivalAction::MaintainCombatAltitude
retail_frame=656 action=LeonRivalAction::PrepareAdvance
retail_frame=656 action=LeonRivalAction::FinishAdvance
retail_frame=656 action=LeonRivalAction::MaintainCombatAltitude
retail_frame=660 action=LeonRivalAction::MaintainCombatAltitude
retail_frame=660 action=LeonRivalAction::ChaseRollToLevel
retail_frame=660 action=LeonRivalAction::MaintainCombatAltitude
retail_frame=660 action=LeonRivalAction::PrepareAdvance
retail_frame=660 action=LeonRivalAction::FinishAdvance
retail_frame=660 action=LeonRivalAction::MaintainCombatAltitude
retail_frame=664 action=LeonRivalAction::MaintainCombatAltitude
retail_frame=664 action=LeonRivalAction::ChaseRollToLevel
retail_frame=664 action=LeonRivalAction::MaintainCombatAltitude
retail_frame=664 action=LeonRivalAction::PrepareAdvance
retail_frame=664 action=LeonRivalAction::FinishAdvance
retail_frame=664 action=LeonRivalAction::MaintainCombatAltitude
retail_frame=668 action=LeonRivalAction::MaintainCombatAltitude
retail_frame=668 action=LeonRivalAction::ChaseRollToLevel
retail_frame=668 action=LeonRivalAction::MaintainCombatAltitude
retail_frame=668 action=LeonRivalAction::PrepareAdvance
retail_frame=668 action=LeonRivalAction::FinishAdvance
retail_frame=668 action=LeonRivalAction::MaintainCombatAltitude
retail_frame=672 action=LeonRivalAction::MaintainCombatAltitude
retail_frame=672 action=LeonRivalAction::ChaseRollToLevel
retail_frame=672 action=LeonRivalAction::MaintainCombatAltitude
retail_frame=672 action=LeonRivalAction::PrepareAdvance
retail_frame=672 action=LeonRivalAction::FinishAdvance
retail_frame=672 action=LeonRivalAction::MaintainCombatAltitude
retail_frame=676 action=LeonRivalAction::MaintainCombatAltitude
retail_frame=676 action=LeonRivalAction::ChaseRollToLevel
retail_frame=676 action=LeonRivalAction::MaintainCombatAltitude
retail_frame=676 action=LeonRivalAction::PrepareAdvance
retail_frame=676 action=LeonRivalAction::FinishAdvance
retail_frame=676 action=LeonRivalAction::MaintainCombatAltitude
retail_frame=680 action=LeonRivalAction::MaintainCombatAltitude
retail_frame=680 action=LeonRivalAction::ChaseRollToLevel
retail_frame=680 action=LeonRivalAction::MaintainCombatAltitude
retail_frame=680 action=LeonRivalAction::PrepareAdvance
retail_frame=680 action=LeonRivalAction::FinishAdvance
retail_frame=680 action=LeonRivalAction::MaintainCombatAltitude
retail_frame=684 action=LeonRivalAction::MaintainCombatAltitude
retail_frame=684 action=LeonRivalAction::ChaseRollToLevel
retail_frame=684 action=LeonRivalAction::MaintainCombatAltitude
retail_frame=684 action=LeonRivalAction::PrepareAdvance
retail_frame=684 action=LeonRivalAction::FinishAdvance
retail_frame=684 action=LeonRivalAction::MaintainCombatAltitude
retail_frame=688 action=LeonRivalAction::MaintainCombatAltitude
retail_frame=688 action=LeonRivalAction::ChaseRollToLevel
retail_frame=688 action=LeonRivalAction::MaintainCombatAltitude
retail_frame=688 action=LeonRivalAction::PrepareAdvance
retail_frame=688 action=LeonRivalAction::FinishAdvance
retail_frame=688 action=LeonRivalAction::MaintainCombatAltitude
retail_frame=692 action=LeonRivalAction::MaintainCombatAltitude
retail_frame=692 action=LeonRivalAction::ChaseRollToLevel
retail_frame=692 action=LeonRivalAction::MaintainCombatAltitude
retail_frame=692 action=LeonRivalAction::PrepareAdvance
retail_frame=692 action=LeonRivalAction::FinishAdvance
retail_frame=692 action=LeonRivalAction::MaintainCombatAltitude
retail_frame=696 action=LeonRivalAction::MaintainCombatAltitude
retail_frame=696 action=LeonRivalAction::ChaseRollToLevel
retail_frame=696 action=LeonRivalAction::MaintainCombatAltitude
retail_frame=696 action=LeonRivalAction::PrepareAdvance
retail_frame=696 action=LeonRivalAction::FinishAdvance
retail_frame=696 action=LeonRivalAction::MaintainCombatAltitude
retail_frame=700 action=LeonRivalAction::MaintainCombatAltitude
retail_frame=700 action=LeonRivalAction::ChaseRollToLevel
retail_frame=700 action=LeonRivalAction::MaintainCombatAltitude
retail_frame=700 action=LeonRivalAction::PrepareAdvance
retail_frame=700 action=LeonRivalAction::FinishAdvance
retail_frame=700 action=LeonRivalAction::MaintainCombatAltitude
retail_frame=704 action=LeonRivalAction::MaintainCombatAltitude
retail_frame=704 action=LeonRivalAction::ChaseRollToLevel
retail_frame=704 action=LeonRivalAction::MaintainCombatAltitude
retail_frame=704 action=LeonRivalAction::PrepareAdvance
retail_frame=704 action=LeonRivalAction::FinishAdvance
retail_frame=704 action=LeonRivalAction::MaintainCombatAltitude
retail_frame=708 action=LeonRivalAction::MaintainCombatAltitude
retail_frame=708 action=LeonRivalAction::ChaseRollToLevel
retail_frame=708 action=LeonRivalAction::MaintainCombatAltitude
retail_frame=708 action=LeonRivalAction::PrepareAdvance
retail_frame=708 action=LeonRivalAction::FinishAdvance
retail_frame=708 action=LeonRivalAction::MaintainCombatAltitude
retail_frame=712 action=LeonRivalAction::TrackAttackBank(0)
retail_frame=712 action=LeonRivalAction::MaintainCombatAltitude
retail_frame=712 action=LeonRivalAction::ChaseRollToLevel
retail_frame=712 action=LeonRivalAction::MaintainCombatAltitude
retail_frame=712 action=LeonRivalAction::BeginAttack
retail_frame=712 action=LeonRivalAction::FacePlayerYawAndLevelPitch(PlayerTargetTiming::PressureEntryMidpoint)
retail_frame=712 action=LeonRivalAction::MaintainCombatAltitude
retail_frame=712 action=LeonRivalAction::PrepareAdvance
retail_frame=712 action=LeonRivalAction::FinishAdvance
retail_frame=712 action=LeonRivalAction::MaintainCombatAltitude
retail_frame=716 action=LeonRivalAction::TrackAttackBank(0)
retail_frame=716 action=LeonRivalAction::MaintainCombatAltitude
retail_frame=716 action=LeonRivalAction::BeginAttack
retail_frame=716 action=LeonRivalAction::FacePlayerYawAndLevelPitch(PlayerTargetTiming::Previous)
retail_frame=716 action=LeonRivalAction::MaintainCombatAltitude
retail_frame=716 action=LeonRivalAction::PrepareAdvance
retail_frame=716 action=LeonRivalAction::FinishAdvance
retail_frame=716 action=LeonRivalAction::MaintainCombatAltitude
retail_frame=716 action=LeonRivalAction::BeginAttack
retail_frame=716 action=LeonRivalAction::FacePlayerYawAndLevelPitch(PlayerTargetTiming::Current)
retail_frame=716 action=LeonRivalAction::MaintainCombatAltitude
retail_frame=716 action=LeonRivalAction::PrepareAdvance
retail_frame=716 action=LeonRivalAction::FinishAdvance
retail_frame=720 action=LeonRivalAction::TrackAttackBank(0)
retail_frame=720 action=LeonRivalAction::MaintainCombatAltitude
retail_frame=720 action=LeonRivalAction::BeginAttack
retail_frame=720 action=LeonRivalAction::FacePlayerYawAndLevelPitch(PlayerTargetTiming::Current)
retail_frame=720 action=LeonRivalAction::MaintainCombatAltitude
retail_frame=720 action=LeonRivalAction::PrepareAdvance
retail_frame=720 action=LeonRivalAction::FinishAdvance
retail_frame=720 action=LeonRivalAction::MaintainCombatAltitude
retail_frame=724 action=LeonRivalAction::TrackAttackBank(0)
retail_frame=724 action=LeonRivalAction::MaintainCombatAltitude
retail_frame=724 action=LeonRivalAction::BeginAttack
retail_frame=724 action=LeonRivalAction::FacePlayerYawAndLevelPitch(PlayerTargetTiming::Current)
retail_frame=724 action=LeonRivalAction::MaintainCombatAltitude
retail_frame=724 action=LeonRivalAction::PrepareAdvance
retail_frame=724 action=LeonRivalAction::FinishAdvance
retail_frame=724 action=LeonRivalAction::MaintainCombatAltitude
retail_frame=728 action=LeonRivalAction::TrackAttackBank(0)
retail_frame=728 action=LeonRivalAction::MaintainCombatAltitude
retail_frame=728 action=LeonRivalAction::BeginAttack
retail_frame=728 action=LeonRivalAction::FacePlayerYawAndLevelPitch(PlayerTargetTiming::Current)
retail_frame=728 action=LeonRivalAction::MaintainCombatAltitude
retail_frame=728 action=LeonRivalAction::PrepareAdvance
retail_frame=728 action=LeonRivalAction::FinishAdvance
retail_frame=728 action=LeonRivalAction::MaintainCombatAltitude
retail_frame=732 action=LeonRivalAction::TrackAttackBank(0)
retail_frame=732 action=LeonRivalAction::MaintainCombatAltitude
retail_frame=732 action=LeonRivalAction::BeginAttack
retail_frame=732 action=LeonRivalAction::FacePlayerYawAndLevelPitch(PlayerTargetTiming::Current)
retail_frame=732 action=LeonRivalAction::MaintainCombatAltitude
retail_frame=732 action=LeonRivalAction::PrepareAdvance
retail_frame=732 action=LeonRivalAction::FinishAdvance
retail_frame=732 action=LeonRivalAction::MaintainCombatAltitude
retail_frame=736 action=LeonRivalAction::TrackAttackBank(0)
retail_frame=736 action=LeonRivalAction::MaintainCombatAltitude
retail_frame=736 action=LeonRivalAction::BeginAttack
retail_frame=736 action=LeonRivalAction::FacePlayerYawAndLevelPitch(PlayerTargetTiming::Current)
retail_frame=736 action=LeonRivalAction::MaintainCombatAltitude
retail_frame=736 action=LeonRivalAction::PrepareAdvance
retail_frame=736 action=LeonRivalAction::FinishAdvance
retail_frame=736 action=LeonRivalAction::MaintainCombatAltitude
retail_frame=740 action=LeonRivalAction::TrackAttackBank(0)
retail_frame=740 action=LeonRivalAction::MaintainCombatAltitude
retail_frame=740 action=LeonRivalAction::BeginAttack
retail_frame=740 action=LeonRivalAction::FacePlayerYawAndLevelPitch(PlayerTargetTiming::Midpoint)
retail_frame=740 action=LeonRivalAction::MaintainCombatAltitude
retail_frame=740 action=LeonRivalAction::PrepareAdvance
retail_frame=740 action=LeonRivalAction::FinishAdvance
retail_frame=740 action=LeonRivalAction::MaintainCombatAltitude
retail_frame=744 action=LeonRivalAction::TrackAttackBank(0)
retail_frame=744 action=LeonRivalAction::MaintainCombatAltitude
retail_frame=744 action=LeonRivalAction::FacePlayerSmooth(PlayerTargetTiming::Previous)
retail_frame=744 action=LeonRivalAction::MaintainCombatAltitude
retail_frame=744 action=LeonRivalAction::PrepareAdvance
retail_frame=744 action=LeonRivalAction::FinishAdvance
retail_frame=744 action=LeonRivalAction::MaintainCombatAltitude
retail_frame=748 action=LeonRivalAction::TrackAttackBank(0)
retail_frame=748 action=LeonRivalAction::MaintainCombatAltitude
retail_frame=748 action=LeonRivalAction::FacePlayerSmooth(PlayerTargetTiming::Previous)
retail_frame=748 action=LeonRivalAction::MaintainCombatAltitude
retail_frame=748 action=LeonRivalAction::PrepareAdvance
retail_frame=748 action=LeonRivalAction::FinishAdvance
retail_frame=748 action=LeonRivalAction::MaintainCombatAltitude
retail_frame=748 action=LeonRivalAction::FacePlayerSmooth(PlayerTargetTiming::Current)
retail_frame=748 action=LeonRivalAction::MaintainCombatAltitude
retail_frame=748 action=LeonRivalAction::PrepareAdvance
retail_frame=748 action=LeonRivalAction::FinishAdvance
retail_frame=748 action=LeonRivalAction::MaintainCombatAltitude
retail_frame=752 action=LeonRivalAction::TrackAttackBank(0)
retail_frame=752 action=LeonRivalAction::MaintainCombatAltitude
retail_frame=752 action=LeonRivalAction::FacePlayerSmooth(PlayerTargetTiming::Current)
retail_frame=752 action=LeonRivalAction::MaintainCombatAltitude
retail_frame=752 action=LeonRivalAction::PrepareAdvance
retail_frame=752 action=LeonRivalAction::FinishAdvance
retail_frame=752 action=LeonRivalAction::MaintainCombatAltitude
retail_frame=756 action=LeonRivalAction::TrackAttackBank(0)
retail_frame=756 action=LeonRivalAction::MaintainCombatAltitude
retail_frame=756 action=LeonRivalAction::FacePlayerSmooth(PlayerTargetTiming::Current)
retail_frame=756 action=LeonRivalAction::MaintainCombatAltitude
retail_frame=756 action=LeonRivalAction::PrepareAdvance
retail_frame=756 action=LeonRivalAction::FinishAdvance
retail_frame=760 action=LeonRivalAction::TrackAttackBank(0)
retail_frame=760 action=LeonRivalAction::FacePlayerSmooth(PlayerTargetTiming::Current)
retail_frame=760 action=LeonRivalAction::PrepareAdvance
retail_frame=760 action=LeonRivalAction::FinishAdvance
retail_frame=764 action=LeonRivalAction::TrackAttackBank(0)
retail_frame=764 action=LeonRivalAction::FacePlayerSmooth(PlayerTargetTiming::Current)
retail_frame=764 action=LeonRivalAction::PrepareAdvance
retail_frame=764 action=LeonRivalAction::FinishAdvance
retail_frame=768 action=LeonRivalAction::TrackAttackBank(0)
retail_frame=768 action=LeonRivalAction::FacePlayerSmooth(PlayerTargetTiming::Current)
retail_frame=768 action=LeonRivalAction::PrepareAdvance
retail_frame=768 action=LeonRivalAction::FinishAdvance
retail_frame=772 action=LeonRivalAction::TrackAttackBank(0)
retail_frame=772 action=LeonRivalAction::FacePlayerSmooth(PlayerTargetTiming::PressureClimbMidpoint)
retail_frame=772 action=LeonRivalAction::PrepareAdvance
retail_frame=772 action=LeonRivalAction::FinishAdvance
retail_frame=776 action=LeonRivalAction::TrackAttackBank(0)
retail_frame=776 action=LeonRivalAction::FacePlayerSmooth(PlayerTargetTiming::Previous)
retail_frame=776 action=LeonRivalAction::PrepareAdvance
retail_frame=776 action=LeonRivalAction::FinishAdvance
retail_frame=776 action=LeonRivalAction::FacePlayerSmooth(PlayerTargetTiming::Current)
retail_frame=776 action=LeonRivalAction::PrepareAdvance
retail_frame=776 action=LeonRivalAction::FinishAdvance
retail_frame=780 action=LeonRivalAction::TrackAttackBank(0)
retail_frame=780 action=LeonRivalAction::FacePlayerSmooth(PlayerTargetTiming::Current)
retail_frame=780 action=LeonRivalAction::PrepareAdvance
retail_frame=780 action=LeonRivalAction::FinishAdvance
retail_frame=784 action=LeonRivalAction::TrackAttackBank(0)
retail_frame=784 action=LeonRivalAction::FacePlayerSmooth(PlayerTargetTiming::Current)
retail_frame=784 action=LeonRivalAction::PrepareAdvance
retail_frame=784 action=LeonRivalAction::FinishAdvance
retail_frame=788 action=LeonRivalAction::TrackAttackBank(0)
retail_frame=788 action=LeonRivalAction::FacePlayerSmooth(PlayerTargetTiming::Current)
retail_frame=788 action=LeonRivalAction::PrepareAdvance
retail_frame=788 action=LeonRivalAction::FinishAdvance
retail_frame=792 action=LeonRivalAction::TrackAttackBank(0)
retail_frame=792 action=LeonRivalAction::FacePlayerSmooth(PlayerTargetTiming::Current)
retail_frame=792 action=LeonRivalAction::PrepareAdvance
retail_frame=792 action=LeonRivalAction::FinishAdvance
retail_frame=796 action=LeonRivalAction::TrackAttackBank(0)
retail_frame=796 action=LeonRivalAction::FacePlayerSmooth(PlayerTargetTiming::Current)
retail_frame=796 action=LeonRivalAction::PrepareAdvance
retail_frame=796 action=LeonRivalAction::FinishAdvance
retail_frame=800 action=LeonRivalAction::TrackAttackBank(0)
retail_frame=800 action=LeonRivalAction::FacePlayerSmooth(PlayerTargetTiming::Current)
retail_frame=800 action=LeonRivalAction::PrepareAdvance
retail_frame=800 action=LeonRivalAction::FinishAdvance
retail_frame=804 action=LeonRivalAction::TrackAttackBank(0)
retail_frame=804 action=LeonRivalAction::FacePlayerSmooth(PlayerTargetTiming::Current)
retail_frame=804 action=LeonRivalAction::PrepareAdvance
retail_frame=804 action=LeonRivalAction::FinishAdvance
retail_frame=808 action=LeonRivalAction::TrackAttackBank(0)
retail_frame=808 action=LeonRivalAction::FacePlayerSmooth(PlayerTargetTiming::Current)
retail_frame=808 action=LeonRivalAction::PrepareAdvance
retail_frame=808 action=LeonRivalAction::FinishAdvance
retail_frame=812 action=LeonRivalAction::TrackAttackBank(0)
retail_frame=812 action=LeonRivalAction::FacePlayerSmooth(PlayerTargetTiming::Current)
retail_frame=812 action=LeonRivalAction::PrepareAdvance
retail_frame=812 action=LeonRivalAction::FinishAdvance
retail_frame=816 action=LeonRivalAction::TrackAttackBank(0)
retail_frame=816 action=LeonRivalAction::FacePlayerSmooth(PlayerTargetTiming::Current)
retail_frame=816 action=LeonRivalAction::PrepareAdvance
retail_frame=816 action=LeonRivalAction::FinishAdvance
retail_frame=820 action=LeonRivalAction::TrackAttackBank(0)
retail_frame=820 action=LeonRivalAction::FacePlayerSmooth(PlayerTargetTiming::Current)
retail_frame=820 action=LeonRivalAction::PrepareAdvance
retail_frame=820 action=LeonRivalAction::FinishAdvance
retail_frame=824 action=LeonRivalAction::TrackAttackBank(0)
retail_frame=824 action=LeonRivalAction::FacePlayerSmooth(PlayerTargetTiming::Current)
retail_frame=824 action=LeonRivalAction::PrepareAdvance
retail_frame=824 action=LeonRivalAction::FinishAdvance
retail_frame=828 action=LeonRivalAction::TrackAttackBank(0)
retail_frame=828 action=LeonRivalAction::FacePlayerSmooth(PlayerTargetTiming::Current)
retail_frame=828 action=LeonRivalAction::PrepareAdvance
retail_frame=828 action=LeonRivalAction::FinishAdvance
retail_frame=832 action=LeonRivalAction::TrackAttackBank(0)
retail_frame=832 action=LeonRivalAction::FacePlayerSmooth(PlayerTargetTiming::Current)
retail_frame=832 action=LeonRivalAction::PrepareAdvance
retail_frame=832 action=LeonRivalAction::FinishAdvance
retail_frame=836 action=LeonRivalAction::LaunchApproach
retail_frame=836 action=LeonRivalAction::PrepareAdvance
retail_frame=836 action=LeonRivalAction::FinishAdvance
retail_frame=840 action=LeonRivalAction::BeginApproach
retail_frame=840 action=LeonRivalAction::TrackApproachPitchAndBank(10,251)
retail_frame=840 action=LeonRivalAction::TrackApproachYaw(82)
retail_frame=840 action=LeonRivalAction::PrepareAdvance
retail_frame=840 action=LeonRivalAction::FinishAdvance
retail_frame=840 action=LeonRivalAction::TrackApproachPitchAndBank(10,251)
retail_frame=840 action=LeonRivalAction::TrackApproachYaw(82)
retail_frame=844 action=LeonRivalAction::TrackApproachPitchAndBank(13,247)
retail_frame=844 action=LeonRivalAction::TrackApproachYaw(80)
retail_frame=844 action=LeonRivalAction::PrepareAdvance
retail_frame=844 action=LeonRivalAction::FinishAdvance
retail_frame=844 action=LeonRivalAction::TrackApproachPitchAndBank(13,247)
retail_frame=844 action=LeonRivalAction::TrackApproachYaw(80)
retail_frame=848 action=LeonRivalAction::TrackApproachPitchAndBank(16,244)
retail_frame=848 action=LeonRivalAction::TrackApproachYaw(78)
retail_frame=848 action=LeonRivalAction::PrepareAdvance
retail_frame=848 action=LeonRivalAction::FinishAdvance
retail_frame=848 action=LeonRivalAction::TrackApproachPitchAndBank(16,244)
retail_frame=848 action=LeonRivalAction::TrackApproachYaw(78)
retail_frame=852 action=LeonRivalAction::TrackApproachPitchAndBank(19,241)
retail_frame=852 action=LeonRivalAction::TrackApproachYaw(76)
retail_frame=852 action=LeonRivalAction::PrepareAdvance
retail_frame=852 action=LeonRivalAction::FinishAdvance
retail_frame=852 action=LeonRivalAction::TrackApproachPitchAndBank(19,241)
retail_frame=852 action=LeonRivalAction::TrackApproachYaw(76)
retail_frame=856 action=LeonRivalAction::TrackApproachPitchAndBank(21,238)
retail_frame=856 action=LeonRivalAction::TrackApproachYaw(74)
retail_frame=856 action=LeonRivalAction::PrepareAdvance
retail_frame=856 action=LeonRivalAction::FinishAdvance
retail_frame=856 action=LeonRivalAction::TrackApproachPitchAndBank(21,238)
retail_frame=856 action=LeonRivalAction::TrackApproachYaw(74)
retail_frame=860 action=LeonRivalAction::TrackApproachPitchAndBank(23,236)
retail_frame=860 action=LeonRivalAction::TrackApproachYaw(72)
retail_frame=860 action=LeonRivalAction::PrepareAdvance
retail_frame=860 action=LeonRivalAction::FinishAdvance
retail_frame=860 action=LeonRivalAction::TrackApproachPitchAndBank(23,236)
retail_frame=860 action=LeonRivalAction::TrackApproachYaw(72)
retail_frame=864 action=LeonRivalAction::TrackApproachPitchAndBank(25,234)
retail_frame=864 action=LeonRivalAction::TrackApproachYaw(70)
retail_frame=864 action=LeonRivalAction::PrepareAdvance
retail_frame=864 action=LeonRivalAction::FinishAdvance
retail_frame=864 action=LeonRivalAction::TrackApproachPitchAndBank(25,234)
retail_frame=864 action=LeonRivalAction::TrackApproachYaw(70)
retail_frame=868 action=LeonRivalAction::TrackApproachPitchAndBank(26,232)
retail_frame=868 action=LeonRivalAction::TrackApproachYaw(68)
retail_frame=868 action=LeonRivalAction::PrepareAdvance
retail_frame=868 action=LeonRivalAction::FinishAdvance
retail_frame=868 action=LeonRivalAction::TrackApproachPitchAndBank(26,232)
retail_frame=868 action=LeonRivalAction::TrackApproachYaw(68)
retail_frame=872 action=LeonRivalAction::TrackApproachPitchAndBank(27,230)
retail_frame=872 action=LeonRivalAction::TrackApproachYaw(66)
retail_frame=872 action=LeonRivalAction::PrepareAdvance
retail_frame=872 action=LeonRivalAction::FinishAdvance
retail_frame=872 action=LeonRivalAction::TrackApproachPitchAndBank(27,230)
retail_frame=872 action=LeonRivalAction::TrackApproachYaw(66)
retail_frame=876 action=LeonRivalAction::TrackApproachPitchAndBank(28,229)
retail_frame=876 action=LeonRivalAction::TrackApproachYaw(64)
retail_frame=876 action=LeonRivalAction::PrepareAdvance
retail_frame=876 action=LeonRivalAction::FinishAdvance
retail_frame=876 action=LeonRivalAction::TrackApproachPitchAndBank(28,229)
retail_frame=876 action=LeonRivalAction::TrackApproachYaw(64)
retail_frame=880 action=LeonRivalAction::TrackApproachPitchAndBank(29,228)
retail_frame=880 action=LeonRivalAction::TrackApproachYaw(62)
retail_frame=880 action=LeonRivalAction::PrepareAdvance
retail_frame=880 action=LeonRivalAction::FinishAdvance
retail_frame=880 action=LeonRivalAction::TrackApproachPitchAndBank(29,228)
retail_frame=880 action=LeonRivalAction::TrackApproachYaw(62)
retail_frame=884 action=LeonRivalAction::TrackApproachPitchAndBank(30,227)
retail_frame=884 action=LeonRivalAction::TrackApproachYaw(60)
retail_frame=884 action=LeonRivalAction::PrepareAdvance
retail_frame=884 action=LeonRivalAction::FinishAdvance
retail_frame=884 action=LeonRivalAction::TrackApproachPitchAndBank(30,227)
retail_frame=884 action=LeonRivalAction::TrackApproachYaw(60)
retail_frame=888 action=LeonRivalAction::TrackApproachPitchAndBank(31,226)
retail_frame=888 action=LeonRivalAction::TrackApproachYaw(58)
retail_frame=888 action=LeonRivalAction::PrepareAdvance
retail_frame=888 action=LeonRivalAction::FinishAdvance
retail_frame=888 action=LeonRivalAction::TrackApproachPitchAndBank(31,226)
retail_frame=888 action=LeonRivalAction::TrackApproachYaw(58)
retail_frame=892 action=LeonRivalAction::TrackApproachPitchAndBank(32,225)
retail_frame=892 action=LeonRivalAction::TrackApproachYaw(56)
retail_frame=892 action=LeonRivalAction::PrepareAdvance
retail_frame=892 action=LeonRivalAction::FinishAdvance
retail_frame=892 action=LeonRivalAction::TrackApproachPitchAndBank(33,224)
retail_frame=892 action=LeonRivalAction::TrackApproachYaw(54)
retail_frame=892 action=LeonRivalAction::PrepareAdvance
retail_frame=892 action=LeonRivalAction::FinishAdvance
retail_frame=892 action=LeonRivalAction::TrackApproachPitchAndBank(33,224)
retail_frame=892 action=LeonRivalAction::TrackApproachYaw(54)
retail_frame=896 action=LeonRivalAction::TrackApproachPitchAndBank(34,223)
retail_frame=896 action=LeonRivalAction::TrackApproachYaw(52)
retail_frame=896 action=LeonRivalAction::PrepareAdvance
retail_frame=896 action=LeonRivalAction::FinishAdvance
retail_frame=896 action=LeonRivalAction::TrackApproachPitchAndBank(34,223)
retail_frame=896 action=LeonRivalAction::TrackApproachYaw(52)
retail_frame=900 action=LeonRivalAction::TrackApproachPitchAndBank(35,222)
retail_frame=900 action=LeonRivalAction::TrackApproachYaw(50)
retail_frame=900 action=LeonRivalAction::PrepareAdvance
retail_frame=900 action=LeonRivalAction::FinishAdvance
retail_frame=900 action=LeonRivalAction::TrackApproachPitchAndBank(35,222)
retail_frame=900 action=LeonRivalAction::TrackApproachYaw(50)
retail_frame=904 action=LeonRivalAction::TrackApproachPitchAndBank(36,221)
retail_frame=904 action=LeonRivalAction::TrackApproachYaw(48)
retail_frame=904 action=LeonRivalAction::PrepareAdvance
retail_frame=904 action=LeonRivalAction::FinishAdvance
retail_frame=904 action=LeonRivalAction::TrackApproachPitchAndBank(36,221)
retail_frame=904 action=LeonRivalAction::TrackApproachYaw(48)
retail_frame=908 action=LeonRivalAction::TrackApproachPitchAndBank(37,220)
retail_frame=908 action=LeonRivalAction::TrackApproachYaw(46)
retail_frame=908 action=LeonRivalAction::PrepareAdvance
retail_frame=908 action=LeonRivalAction::FinishAdvance
retail_frame=908 action=LeonRivalAction::TrackApproachPitchAndBank(37,220)
retail_frame=908 action=LeonRivalAction::TrackApproachYaw(46)
retail_frame=912 action=LeonRivalAction::TrackApproachPitchAndBank(38,219)
retail_frame=912 action=LeonRivalAction::TrackApproachYaw(44)
retail_frame=912 action=LeonRivalAction::PrepareAdvance
retail_frame=912 action=LeonRivalAction::FinishAdvance
retail_frame=912 action=LeonRivalAction::TrackApproachPitchAndBank(38,219)
retail_frame=912 action=LeonRivalAction::TrackApproachYaw(44)
retail_frame=916 action=LeonRivalAction::TrackApproachPitchAndBank(39,218)
retail_frame=916 action=LeonRivalAction::TrackApproachYaw(42)
retail_frame=916 action=LeonRivalAction::PrepareAdvance
retail_frame=916 action=LeonRivalAction::FinishAdvance
retail_frame=916 action=LeonRivalAction::TrackApproachPitchAndBank(39,218)
retail_frame=916 action=LeonRivalAction::TrackApproachYaw(42)
retail_frame=920 action=LeonRivalAction::TrackApproachPitchAndBank(40,217)
retail_frame=920 action=LeonRivalAction::TrackApproachYaw(40)
retail_frame=920 action=LeonRivalAction::PrepareAdvance
retail_frame=920 action=LeonRivalAction::FinishAdvance
retail_frame=920 action=LeonRivalAction::TrackApproachPitchAndBank(40,217)
retail_frame=920 action=LeonRivalAction::TrackApproachYaw(40)
retail_frame=924 action=LeonRivalAction::TrackApproachPitchAndBank(40,216)
retail_frame=924 action=LeonRivalAction::TrackApproachYaw(38)
retail_frame=924 action=LeonRivalAction::PrepareAdvance
retail_frame=924 action=LeonRivalAction::FinishAdvance
retail_frame=924 action=LeonRivalAction::TrackApproachPitchAndBank(40,216)
retail_frame=924 action=LeonRivalAction::TrackApproachYaw(38)
retail_frame=928 action=LeonRivalAction::TrackApproachPitchAndBank(40,216)
retail_frame=928 action=LeonRivalAction::TrackApproachYaw(36)
retail_frame=928 action=LeonRivalAction::PrepareAdvance
retail_frame=928 action=LeonRivalAction::FinishAdvance
retail_frame=928 action=LeonRivalAction::TrackApproachPitchAndBank(40,216)
retail_frame=928 action=LeonRivalAction::TrackApproachYaw(36)
retail_frame=932 action=LeonRivalAction::TrackApproachPitchAndBank(40,216)
retail_frame=932 action=LeonRivalAction::TrackApproachYaw(34)
retail_frame=932 action=LeonRivalAction::PrepareAdvance
retail_frame=932 action=LeonRivalAction::FinishAdvance
retail_frame=932 action=LeonRivalAction::TrackApproachPitchAndBank(40,216)
retail_frame=932 action=LeonRivalAction::TrackApproachYaw(32)
retail_frame=932 action=LeonRivalAction::PrepareAdvance
retail_frame=932 action=LeonRivalAction::FinishAdvance
retail_frame=932 action=LeonRivalAction::TrackApproachPitchAndBank(40,216)
retail_frame=932 action=LeonRivalAction::TrackApproachYaw(32)
retail_frame=936 action=LeonRivalAction::TrackApproachPitchAndBank(30,226)
retail_frame=936 action=LeonRivalAction::TrackApproachYaw(34)
retail_frame=936 action=LeonRivalAction::PrepareAdvance
retail_frame=936 action=LeonRivalAction::FinishAdvance
retail_frame=936 action=LeonRivalAction::TrackApproachPitchAndBank(30,226)
retail_frame=936 action=LeonRivalAction::TrackApproachYaw(34)
retail_frame=940 action=LeonRivalAction::TrackApproachPitchAndBank(22,234)
retail_frame=940 action=LeonRivalAction::TrackApproachYaw(36)
retail_frame=940 action=LeonRivalAction::PrepareAdvance
retail_frame=940 action=LeonRivalAction::FinishAdvance
retail_frame=940 action=LeonRivalAction::TrackApproachPitchAndBank(22,234)
retail_frame=940 action=LeonRivalAction::TrackApproachYaw(36)
retail_frame=944 action=LeonRivalAction::TrackApproachPitchAndBank(15,241)
retail_frame=944 action=LeonRivalAction::TrackApproachYaw(38)
retail_frame=944 action=LeonRivalAction::PrepareAdvance
retail_frame=944 action=LeonRivalAction::FinishAdvance
retail_frame=944 action=LeonRivalAction::TrackApproachPitchAndBank(15,241)
retail_frame=944 action=LeonRivalAction::ClampFlightAltitude
retail_frame=944 action=LeonRivalAction::TrackApproachYaw(38)
retail_frame=948 action=LeonRivalAction::ClampFlightAltitude
retail_frame=948 action=LeonRivalAction::TrackApproachPitchAndBank(9,247)
retail_frame=948 action=LeonRivalAction::TrackApproachYaw(40)
retail_frame=948 action=LeonRivalAction::PrepareAdvance
retail_frame=948 action=LeonRivalAction::FinishAdvance
retail_frame=948 action=LeonRivalAction::TrackApproachPitchAndBank(9,247)
retail_frame=948 action=LeonRivalAction::ClampFlightAltitude
retail_frame=948 action=LeonRivalAction::TrackApproachYaw(40)
retail_frame=952 action=LeonRivalAction::ClampFlightAltitude
retail_frame=952 action=LeonRivalAction::TrackApproachPitchAndBank(3,253)
retail_frame=952 action=LeonRivalAction::TrackApproachYaw(42)
retail_frame=952 action=LeonRivalAction::PrepareAdvance
retail_frame=952 action=LeonRivalAction::FinishAdvance
retail_frame=952 action=LeonRivalAction::TrackApproachPitchAndBank(3,253)
retail_frame=952 action=LeonRivalAction::ClampFlightAltitude
retail_frame=952 action=LeonRivalAction::TrackApproachYaw(42)
retail_frame=956 action=LeonRivalAction::ClampFlightAltitude
retail_frame=956 action=LeonRivalAction::TrackApproachPitchAndBank(254,2)
retail_frame=956 action=LeonRivalAction::TrackApproachYaw(44)
retail_frame=956 action=LeonRivalAction::PrepareAdvance
retail_frame=956 action=LeonRivalAction::FinishAdvance
retail_frame=956 action=LeonRivalAction::TrackApproachPitchAndBank(254,2)
retail_frame=956 action=LeonRivalAction::TrackApproachYaw(44)
retail_frame=960 action=LeonRivalAction::TrackApproachPitchAndBank(250,6)
retail_frame=960 action=LeonRivalAction::TrackApproachYaw(46)
retail_frame=960 action=LeonRivalAction::PrepareAdvance
retail_frame=960 action=LeonRivalAction::FinishAdvance
retail_frame=960 action=LeonRivalAction::TrackApproachPitchAndBank(250,6)
retail_frame=960 action=LeonRivalAction::TrackApproachYaw(46)
retail_frame=964 action=LeonRivalAction::TrackApproachPitchAndBank(246,10)
retail_frame=964 action=LeonRivalAction::TrackApproachYaw(48)
retail_frame=964 action=LeonRivalAction::PrepareAdvance
retail_frame=964 action=LeonRivalAction::FinishAdvance
retail_frame=964 action=LeonRivalAction::TrackApproachPitchAndBank(246,10)
retail_frame=964 action=LeonRivalAction::TrackApproachYaw(48)
retail_frame=968 action=LeonRivalAction::TrackApproachPitchAndBank(243,13)
retail_frame=968 action=LeonRivalAction::TrackApproachYaw(50)
retail_frame=968 action=LeonRivalAction::PrepareAdvance
retail_frame=968 action=LeonRivalAction::FinishAdvance
retail_frame=968 action=LeonRivalAction::TrackApproachPitchAndBank(240,16)
retail_frame=968 action=LeonRivalAction::TrackApproachYaw(52)
retail_frame=968 action=LeonRivalAction::PrepareAdvance
retail_frame=968 action=LeonRivalAction::FinishAdvance
retail_frame=968 action=LeonRivalAction::TrackApproachPitchAndBank(240,16)
retail_frame=968 action=LeonRivalAction::TrackApproachYaw(52)
retail_frame=972 action=LeonRivalAction::TrackApproachPitchAndBank(237,19)
retail_frame=972 action=LeonRivalAction::TrackApproachYaw(54)
retail_frame=972 action=LeonRivalAction::PrepareAdvance
retail_frame=972 action=LeonRivalAction::FinishAdvance
retail_frame=972 action=LeonRivalAction::TrackApproachPitchAndBank(237,19)
retail_frame=972 action=LeonRivalAction::TrackApproachYaw(54)
retail_frame=976 action=LeonRivalAction::TrackApproachPitchAndBank(235,21)
retail_frame=976 action=LeonRivalAction::TrackApproachYaw(56)
retail_frame=976 action=LeonRivalAction::PrepareAdvance
retail_frame=976 action=LeonRivalAction::FinishAdvance
retail_frame=976 action=LeonRivalAction::TrackApproachPitchAndBank(235,21)
retail_frame=976 action=LeonRivalAction::TrackApproachYaw(56)
retail_frame=980 action=LeonRivalAction::TrackApproachPitchAndBank(233,23)
retail_frame=980 action=LeonRivalAction::TrackApproachYaw(58)
retail_frame=980 action=LeonRivalAction::PrepareAdvance
retail_frame=980 action=LeonRivalAction::FinishAdvance
retail_frame=980 action=LeonRivalAction::TrackApproachPitchAndBank(233,23)
retail_frame=980 action=LeonRivalAction::TrackApproachYaw(58)
retail_frame=984 action=LeonRivalAction::TrackApproachPitchAndBank(231,25)
retail_frame=984 action=LeonRivalAction::TrackApproachYaw(60)
retail_frame=984 action=LeonRivalAction::PrepareAdvance
retail_frame=984 action=LeonRivalAction::FinishAdvance
retail_frame=984 action=LeonRivalAction::TrackApproachPitchAndBank(231,25)
retail_frame=984 action=LeonRivalAction::TrackApproachYaw(60)
retail_frame=988 action=LeonRivalAction::TrackApproachPitchAndBank(230,26)
retail_frame=988 action=LeonRivalAction::TrackApproachYaw(62)
retail_frame=988 action=LeonRivalAction::PrepareAdvance
retail_frame=988 action=LeonRivalAction::FinishAdvance
retail_frame=988 action=LeonRivalAction::TrackApproachPitchAndBank(230,26)
retail_frame=988 action=LeonRivalAction::TrackApproachYaw(62)
retail_frame=992 action=LeonRivalAction::TrackApproachPitchAndBank(229,27)
retail_frame=992 action=LeonRivalAction::TrackApproachYaw(64)
retail_frame=992 action=LeonRivalAction::PrepareAdvance
retail_frame=992 action=LeonRivalAction::FinishAdvance
retail_frame=992 action=LeonRivalAction::TrackApproachPitchAndBank(229,27)
retail_frame=992 action=LeonRivalAction::TrackApproachYaw(64)
retail_frame=996 action=LeonRivalAction::TrackApproachPitchAndBank(228,28)
retail_frame=996 action=LeonRivalAction::TrackApproachYaw(66)
retail_frame=996 action=LeonRivalAction::PrepareAdvance
retail_frame=996 action=LeonRivalAction::FinishAdvance
retail_frame=996 action=LeonRivalAction::TrackApproachPitchAndBank(227,29)
retail_frame=996 action=LeonRivalAction::TrackApproachYaw(68)
retail_frame=996 action=LeonRivalAction::PrepareAdvance
retail_frame=996 action=LeonRivalAction::FinishAdvance
retail_frame=996 action=LeonRivalAction::TrackApproachPitchAndBank(227,29)
retail_frame=996 action=LeonRivalAction::TrackApproachYaw(68)
retail_frame=1000 action=LeonRivalAction::TrackApproachPitchAndBank(226,30)
retail_frame=1000 action=LeonRivalAction::TrackApproachYaw(70)
retail_frame=1000 action=LeonRivalAction::PrepareAdvance
retail_frame=1000 action=LeonRivalAction::FinishAdvance
retail_frame=1000 action=LeonRivalAction::TrackApproachPitchAndBank(226,30)
retail_frame=1000 action=LeonRivalAction::TrackApproachYaw(70)
retail_frame=1004 action=LeonRivalAction::TrackApproachPitchAndBank(225,31)
retail_frame=1004 action=LeonRivalAction::TrackApproachYaw(72)
retail_frame=1004 action=LeonRivalAction::PrepareAdvance
retail_frame=1004 action=LeonRivalAction::FinishAdvance
retail_frame=1004 action=LeonRivalAction::TrackApproachPitchAndBank(225,31)
retail_frame=1004 action=LeonRivalAction::TrackApproachYaw(72)
retail_frame=1008 action=LeonRivalAction::TrackApproachPitchAndBank(224,32)
retail_frame=1008 action=LeonRivalAction::TrackApproachYaw(74)
retail_frame=1008 action=LeonRivalAction::PrepareAdvance
retail_frame=1008 action=LeonRivalAction::FinishAdvance
retail_frame=1008 action=LeonRivalAction::TrackApproachPitchAndBank(224,32)
retail_frame=1008 action=LeonRivalAction::TrackApproachYaw(74)
retail_frame=1012 action=LeonRivalAction::TrackApproachPitchAndBank(223,33)
retail_frame=1012 action=LeonRivalAction::TrackApproachYaw(76)
retail_frame=1012 action=LeonRivalAction::PrepareAdvance
retail_frame=1012 action=LeonRivalAction::FinishAdvance
retail_frame=1012 action=LeonRivalAction::TrackApproachPitchAndBank(223,33)
retail_frame=1012 action=LeonRivalAction::TrackApproachYaw(76)
retail_frame=1016 action=LeonRivalAction::TrackApproachPitchAndBank(222,34)
retail_frame=1016 action=LeonRivalAction::TrackApproachYaw(78)
retail_frame=1016 action=LeonRivalAction::PrepareAdvance
retail_frame=1016 action=LeonRivalAction::FinishAdvance
retail_frame=1016 action=LeonRivalAction::TrackApproachPitchAndBank(221,35)
retail_frame=1016 action=LeonRivalAction::TrackApproachYaw(80)
retail_frame=1016 action=LeonRivalAction::PrepareAdvance
retail_frame=1016 action=LeonRivalAction::FinishAdvance
retail_frame=1016 action=LeonRivalAction::TrackApproachPitchAndBank(221,35)
retail_frame=1016 action=LeonRivalAction::TrackApproachYaw(80)
retail_frame=1020 action=LeonRivalAction::TrackApproachPitchAndBank(220,36)
retail_frame=1020 action=LeonRivalAction::TrackApproachYaw(82)
retail_frame=1020 action=LeonRivalAction::PrepareAdvance
retail_frame=1020 action=LeonRivalAction::FinishAdvance
retail_frame=1020 action=LeonRivalAction::TrackApproachPitchAndBank(220,36)
retail_frame=1020 action=LeonRivalAction::TrackApproachYaw(82)
retail_frame=1024 action=LeonRivalAction::TrackApproachPitchAndBank(219,37)
retail_frame=1024 action=LeonRivalAction::TrackApproachYaw(84)
retail_frame=1024 action=LeonRivalAction::PrepareAdvance
retail_frame=1024 action=LeonRivalAction::FinishAdvance
retail_frame=1024 action=LeonRivalAction::TrackApproachPitchAndBank(219,37)
retail_frame=1024 action=LeonRivalAction::TrackApproachYaw(84)
retail_frame=1028 action=LeonRivalAction::TrackApproachPitchAndBank(218,38)
retail_frame=1028 action=LeonRivalAction::TrackApproachYaw(86)
retail_frame=1028 action=LeonRivalAction::PrepareAdvance
retail_frame=1028 action=LeonRivalAction::FinishAdvance
retail_frame=1028 action=LeonRivalAction::TrackApproachPitchAndBank(218,38)
retail_frame=1028 action=LeonRivalAction::TrackApproachYaw(86)
retail_frame=1032 action=LeonRivalAction::TrackApproachPitchAndBank(217,39)
retail_frame=1032 action=LeonRivalAction::TrackApproachYaw(88)
retail_frame=1032 action=LeonRivalAction::PrepareAdvance
retail_frame=1032 action=LeonRivalAction::FinishAdvance
retail_frame=1032 action=LeonRivalAction::TrackApproachPitchAndBank(217,39)
retail_frame=1032 action=LeonRivalAction::TrackApproachYaw(88)
retail_frame=1036 action=LeonRivalAction::TrackApproachPitchAndBank(216,40)
retail_frame=1036 action=LeonRivalAction::TrackApproachYaw(90)
retail_frame=1036 action=LeonRivalAction::PrepareAdvance
retail_frame=1036 action=LeonRivalAction::FinishAdvance
retail_frame=1036 action=LeonRivalAction::TrackApproachPitchAndBank(216,40)
retail_frame=1036 action=LeonRivalAction::TrackApproachYaw(90)
retail_frame=1040 action=LeonRivalAction::TrackApproachPitchAndBank(216,40)
retail_frame=1040 action=LeonRivalAction::TrackApproachYaw(92)
retail_frame=1040 action=LeonRivalAction::PrepareAdvance
retail_frame=1040 action=LeonRivalAction::FinishAdvance
retail_frame=1040 action=LeonRivalAction::TrackApproachPitchAndBank(216,40)
retail_frame=1040 action=LeonRivalAction::TrackApproachYaw(94)
retail_frame=1040 action=LeonRivalAction::PrepareAdvance
retail_frame=1040 action=LeonRivalAction::FinishAdvance
retail_frame=1040 action=LeonRivalAction::TrackApproachPitchAndBank(216,40)
retail_frame=1040 action=LeonRivalAction::TrackApproachYaw(94)
retail_frame=1044 action=LeonRivalAction::TrackApproachPitchAndBank(216,40)
retail_frame=1044 action=LeonRivalAction::TrackApproachYaw(96)
retail_frame=1044 action=LeonRivalAction::PrepareAdvance
retail_frame=1044 action=LeonRivalAction::FinishAdvance
retail_frame=1044 action=LeonRivalAction::TrackApproachPitchAndBank(216,40)
retail_frame=1044 action=LeonRivalAction::TrackApproachYaw(96)
retail_frame=1048 action=LeonRivalAction::TrackApproachPitchAndBank(216,40)
retail_frame=1048 action=LeonRivalAction::TrackApproachYaw(98)
retail_frame=1048 action=LeonRivalAction::PrepareAdvance
retail_frame=1048 action=LeonRivalAction::FinishAdvance
retail_frame=1048 action=LeonRivalAction::TrackApproachPitchAndBank(216,40)
retail_frame=1048 action=LeonRivalAction::TrackApproachYaw(98)
retail_frame=1052 action=LeonRivalAction::BeginCombatManeuver
retail_frame=1052 action=LeonRivalAction::ChaseRollToLevel
retail_frame=1052 action=LeonRivalAction::PrepareAdvance
retail_frame=1052 action=LeonRivalAction::FinishAdvance
retail_frame=1056 action=LeonRivalAction::ChaseRollToLevel
retail_frame=1056 action=LeonRivalAction::PrepareAdvance
retail_frame=1056 action=LeonRivalAction::FinishAdvance
retail_frame=1060 action=LeonRivalAction::ChaseRollToLevel
retail_frame=1060 action=LeonRivalAction::PrepareAdvance
retail_frame=1060 action=LeonRivalAction::FinishAdvance
retail_frame=1064 action=LeonRivalAction::ChaseRollToLevel
retail_frame=1064 action=LeonRivalAction::PrepareAdvance
retail_frame=1064 action=LeonRivalAction::FinishAdvance
retail_frame=1064 action=LeonRivalAction::ChaseRollToLevel
retail_frame=1064 action=LeonRivalAction::PrepareAdvance
retail_frame=1064 action=LeonRivalAction::FinishAdvance
retail_frame=1064 action=LeonRivalAction::MaintainCombatAltitude
retail_frame=1068 action=LeonRivalAction::MaintainCombatAltitude
retail_frame=1068 action=LeonRivalAction::ChaseRollToLevel
retail_frame=1068 action=LeonRivalAction::MaintainCombatAltitude
retail_frame=1068 action=LeonRivalAction::PrepareAdvance
retail_frame=1068 action=LeonRivalAction::FinishAdvance
retail_frame=1068 action=LeonRivalAction::MaintainCombatAltitude
retail_frame=1072 action=LeonRivalAction::MaintainCombatAltitude
retail_frame=1072 action=LeonRivalAction::ChaseRollToLevel
retail_frame=1072 action=LeonRivalAction::MaintainCombatAltitude
retail_frame=1072 action=LeonRivalAction::PrepareAdvance
retail_frame=1072 action=LeonRivalAction::FinishAdvance
retail_frame=1072 action=LeonRivalAction::MaintainCombatAltitude
retail_frame=1076 action=LeonRivalAction::MaintainCombatAltitude
retail_frame=1076 action=LeonRivalAction::ChaseRollToLevel
retail_frame=1076 action=LeonRivalAction::MaintainCombatAltitude
retail_frame=1076 action=LeonRivalAction::PrepareAdvance
retail_frame=1076 action=LeonRivalAction::FinishAdvance
retail_frame=1076 action=LeonRivalAction::FacePlayerYawSmooth(PlayerTargetTiming::Current)
retail_frame=1076 action=LeonRivalAction::FacePlayerYawSmooth(PlayerTargetTiming::Current)
retail_frame=1076 action=LeonRivalAction::FacePlayerYawSmooth(PlayerTargetTiming::Current)
retail_frame=1076 action=LeonRivalAction::FacePlayerYawSmooth(PlayerTargetTiming::Current)
retail_frame=1076 action=LeonRivalAction::FacePlayerYawSmooth(PlayerTargetTiming::Current)
retail_frame=1076 action=LeonRivalAction::MaintainCombatAltitude
retail_frame=1080 action=LeonRivalAction::MaintainCombatAltitude
retail_frame=1080 action=LeonRivalAction::ChaseRollToLevel
retail_frame=1080 action=LeonRivalAction::MaintainCombatAltitude
retail_frame=1080 action=LeonRivalAction::PrepareAdvance
retail_frame=1080 action=LeonRivalAction::FinishAdvance
retail_frame=1080 action=LeonRivalAction::FacePlayerYawSmooth(PlayerTargetTiming::PressureCruiseMidpoint)
retail_frame=1080 action=LeonRivalAction::FacePlayerYawSmooth(PlayerTargetTiming::PressureCruiseMidpoint)
retail_frame=1080 action=LeonRivalAction::FacePlayerYawSmooth(PlayerTargetTiming::PressureCruiseMidpoint)
retail_frame=1080 action=LeonRivalAction::FacePlayerYawSmooth(PlayerTargetTiming::PressureCruiseMidpoint)
retail_frame=1080 action=LeonRivalAction::FacePlayerYawSmooth(PlayerTargetTiming::PressureCruiseMidpoint)
retail_frame=1080 action=LeonRivalAction::MaintainCombatAltitude
retail_frame=1084 action=LeonRivalAction::MaintainCombatAltitude
retail_frame=1084 action=LeonRivalAction::ChaseRollToLevel
retail_frame=1084 action=LeonRivalAction::MaintainCombatAltitude
retail_frame=1084 action=LeonRivalAction::PrepareAdvance
retail_frame=1084 action=LeonRivalAction::FinishAdvance
retail_frame=1084 action=LeonRivalAction::FacePlayerYawSmooth(PlayerTargetTiming::Previous)
retail_frame=1084 action=LeonRivalAction::FacePlayerYawSmooth(PlayerTargetTiming::Previous)
retail_frame=1084 action=LeonRivalAction::FacePlayerYawSmooth(PlayerTargetTiming::Previous)
retail_frame=1084 action=LeonRivalAction::FacePlayerYawSmooth(PlayerTargetTiming::Previous)
retail_frame=1084 action=LeonRivalAction::FacePlayerYawSmooth(PlayerTargetTiming::Previous)
retail_frame=1084 action=LeonRivalAction::MaintainCombatAltitude
retail_frame=1088 action=LeonRivalAction::MaintainCombatAltitude
retail_frame=1088 action=LeonRivalAction::ChaseRollToLevel
retail_frame=1088 action=LeonRivalAction::MaintainCombatAltitude
retail_frame=1088 action=LeonRivalAction::PrepareAdvance
retail_frame=1088 action=LeonRivalAction::FinishAdvance
retail_frame=1088 action=LeonRivalAction::MaintainCombatAltitude
retail_frame=1092 action=LeonRivalAction::MaintainCombatAltitude
retail_frame=1092 action=LeonRivalAction::ChaseRollToLevel
retail_frame=1092 action=LeonRivalAction::MaintainCombatAltitude
retail_frame=1092 action=LeonRivalAction::PrepareAdvance
retail_frame=1092 action=LeonRivalAction::FinishAdvance
retail_frame=1092 action=LeonRivalAction::MaintainCombatAltitude
retail_frame=1092 action=LeonRivalAction::ChaseRollToLevel
retail_frame=1092 action=LeonRivalAction::MaintainCombatAltitude
retail_frame=1092 action=LeonRivalAction::PrepareAdvance
retail_frame=1092 action=LeonRivalAction::FinishAdvance
retail_frame=1092 action=LeonRivalAction::MaintainCombatAltitude
retail_frame=1096 action=LeonRivalAction::MaintainCombatAltitude
retail_frame=1096 action=LeonRivalAction::ChaseRollToLevel
retail_frame=1096 action=LeonRivalAction::MaintainCombatAltitude
retail_frame=1096 action=LeonRivalAction::PrepareAdvance
retail_frame=1096 action=LeonRivalAction::FinishAdvance
retail_frame=1096 action=LeonRivalAction::MaintainCombatAltitude
retail_frame=1100 action=LeonRivalAction::MaintainCombatAltitude
retail_frame=1100 action=LeonRivalAction::ChaseRollToLevel
retail_frame=1100 action=LeonRivalAction::MaintainCombatAltitude
retail_frame=1100 action=LeonRivalAction::PrepareAdvance
retail_frame=1100 action=LeonRivalAction::FinishAdvance
retail_frame=1100 action=LeonRivalAction::MaintainCombatAltitude
retail_frame=1104 action=LeonRivalAction::MaintainCombatAltitude
retail_frame=1104 action=LeonRivalAction::ChaseRollToLevel
retail_frame=1104 action=LeonRivalAction::MaintainCombatAltitude
retail_frame=1104 action=LeonRivalAction::PrepareAdvance
retail_frame=1104 action=LeonRivalAction::FinishAdvance
retail_frame=1104 action=LeonRivalAction::MaintainCombatAltitude
retail_frame=1108 action=LeonRivalAction::MaintainCombatAltitude
retail_frame=1108 action=LeonRivalAction::ChaseRollToLevel
retail_frame=1108 action=LeonRivalAction::MaintainCombatAltitude
retail_frame=1108 action=LeonRivalAction::PrepareAdvance
retail_frame=1108 action=LeonRivalAction::FinishAdvance
retail_frame=1108 action=LeonRivalAction::MaintainCombatAltitude
retail_frame=1108 action=LeonRivalAction::ChaseRollToLevel
retail_frame=1108 action=LeonRivalAction::MaintainCombatAltitude
retail_frame=1108 action=LeonRivalAction::PrepareAdvance
retail_frame=1108 action=LeonRivalAction::FinishAdvance
retail_frame=1108 action=LeonRivalAction::MaintainCombatAltitude
retail_frame=1112 action=LeonRivalAction::MaintainCombatAltitude
retail_frame=1112 action=LeonRivalAction::ChaseRollToLevel
retail_frame=1112 action=LeonRivalAction::MaintainCombatAltitude
retail_frame=1112 action=LeonRivalAction::PrepareAdvance
retail_frame=1112 action=LeonRivalAction::FinishAdvance
retail_frame=1112 action=LeonRivalAction::MaintainCombatAltitude
retail_frame=1116 action=LeonRivalAction::MaintainCombatAltitude
retail_frame=1116 action=LeonRivalAction::ChaseRollToLevel
retail_frame=1116 action=LeonRivalAction::MaintainCombatAltitude
retail_frame=1116 action=LeonRivalAction::PrepareAdvance
retail_frame=1116 action=LeonRivalAction::FinishAdvance
retail_frame=1116 action=LeonRivalAction::MaintainCombatAltitude
retail_frame=1120 action=LeonRivalAction::MaintainCombatAltitude
retail_frame=1120 action=LeonRivalAction::ChaseRollToLevel
retail_frame=1120 action=LeonRivalAction::MaintainCombatAltitude
retail_frame=1120 action=LeonRivalAction::PrepareAdvance
retail_frame=1120 action=LeonRivalAction::FinishAdvance
retail_frame=1120 action=LeonRivalAction::MaintainCombatAltitude
retail_frame=1124 action=LeonRivalAction::MaintainCombatAltitude
retail_frame=1124 action=LeonRivalAction::ChaseRollToLevel
retail_frame=1124 action=LeonRivalAction::MaintainCombatAltitude
retail_frame=1124 action=LeonRivalAction::PrepareAdvance
retail_frame=1124 action=LeonRivalAction::FinishAdvance
retail_frame=1124 action=LeonRivalAction::MaintainCombatAltitude
retail_frame=1128 action=LeonRivalAction::MaintainCombatAltitude
retail_frame=1128 action=LeonRivalAction::ChaseRollToLevel
retail_frame=1128 action=LeonRivalAction::MaintainCombatAltitude
retail_frame=1128 action=LeonRivalAction::PrepareAdvance
retail_frame=1128 action=LeonRivalAction::FinishAdvance
retail_frame=1128 action=LeonRivalAction::MaintainCombatAltitude
retail_frame=1128 action=LeonRivalAction::ChaseRollToLevel
retail_frame=1128 action=LeonRivalAction::MaintainCombatAltitude
retail_frame=1132 action=LeonRivalAction::TrackAttackBank(0)
retail_frame=1132 action=LeonRivalAction::MaintainCombatAltitude
retail_frame=1132 action=LeonRivalAction::BeginAttack
retail_frame=1132 action=LeonRivalAction::FacePlayerYawAndLevelPitch(PlayerTargetTiming::Previous)
retail_frame=1132 action=LeonRivalAction::MaintainCombatAltitude
retail_frame=1132 action=LeonRivalAction::PrepareAdvance
retail_frame=1132 action=LeonRivalAction::FinishAdvance
retail_frame=1132 action=LeonRivalAction::MaintainCombatAltitude
retail_frame=1132 action=LeonRivalAction::BeginAttack
retail_frame=1132 action=LeonRivalAction::FacePlayerYawAndLevelPitch(PlayerTargetTiming::Current)
retail_frame=1132 action=LeonRivalAction::MaintainCombatAltitude
retail_frame=1132 action=LeonRivalAction::PrepareAdvance
retail_frame=1132 action=LeonRivalAction::FinishAdvance
retail_frame=1132 action=LeonRivalAction::MaintainCombatAltitude
retail_frame=1136 action=LeonRivalAction::TrackAttackBank(0)
retail_frame=1136 action=LeonRivalAction::MaintainCombatAltitude
retail_frame=1136 action=LeonRivalAction::BeginAttack
retail_frame=1136 action=LeonRivalAction::FacePlayerYawAndLevelPitch(PlayerTargetTiming::Current)
retail_frame=1136 action=LeonRivalAction::MaintainCombatAltitude
retail_frame=1136 action=LeonRivalAction::PrepareAdvance
retail_frame=1136 action=LeonRivalAction::FinishAdvance
retail_frame=1136 action=LeonRivalAction::MaintainCombatAltitude
retail_frame=1140 action=LeonRivalAction::TrackAttackBank(0)
retail_frame=1140 action=LeonRivalAction::MaintainCombatAltitude
retail_frame=1140 action=LeonRivalAction::BeginAttack
retail_frame=1140 action=LeonRivalAction::FacePlayerYawAndLevelPitch(PlayerTargetTiming::Current)
retail_frame=1140 action=LeonRivalAction::MaintainCombatAltitude
retail_frame=1140 action=LeonRivalAction::PrepareAdvance
retail_frame=1140 action=LeonRivalAction::FinishAdvance
retail_frame=1140 action=LeonRivalAction::MaintainCombatAltitude
retail_frame=1144 action=LeonRivalAction::TrackAttackBank(0)
retail_frame=1144 action=LeonRivalAction::MaintainCombatAltitude
retail_frame=1144 action=LeonRivalAction::BeginAttack
retail_frame=1144 action=LeonRivalAction::FacePlayerYawAndLevelPitch(PlayerTargetTiming::Current)
retail_frame=1144 action=LeonRivalAction::MaintainCombatAltitude
retail_frame=1144 action=LeonRivalAction::PrepareAdvance
retail_frame=1144 action=LeonRivalAction::FinishAdvance
retail_frame=1144 action=LeonRivalAction::MaintainCombatAltitude
retail_frame=1148 action=LeonRivalAction::TrackAttackBank(0)
retail_frame=1148 action=LeonRivalAction::MaintainCombatAltitude
retail_frame=1148 action=LeonRivalAction::BeginAttack
retail_frame=1148 action=LeonRivalAction::FacePlayerYawAndLevelPitch(PlayerTargetTiming::Current)
retail_frame=1148 action=LeonRivalAction::MaintainCombatAltitude
retail_frame=1148 action=LeonRivalAction::PrepareAdvance
retail_frame=1148 action=LeonRivalAction::FinishAdvance
retail_frame=1148 action=LeonRivalAction::MaintainCombatAltitude
retail_frame=1152 action=LeonRivalAction::TrackAttackBank(0)
retail_frame=1152 action=LeonRivalAction::MaintainCombatAltitude
retail_frame=1152 action=LeonRivalAction::BeginAttack
retail_frame=1152 action=LeonRivalAction::FacePlayerYawAndLevelPitch(PlayerTargetTiming::Midpoint)
retail_frame=1152 action=LeonRivalAction::MaintainCombatAltitude
retail_frame=1152 action=LeonRivalAction::PrepareAdvance
retail_frame=1152 action=LeonRivalAction::FinishAdvance
retail_frame=1152 action=LeonRivalAction::MaintainCombatAltitude
retail_frame=1156 action=LeonRivalAction::TrackAttackBank(0)
retail_frame=1156 action=LeonRivalAction::MaintainCombatAltitude
retail_frame=1156 action=LeonRivalAction::BeginAttack
retail_frame=1156 action=LeonRivalAction::FacePlayerYawAndLevelPitch(PlayerTargetTiming::Previous)
retail_frame=1156 action=LeonRivalAction::MaintainCombatAltitude
retail_frame=1156 action=LeonRivalAction::PrepareAdvance
retail_frame=1156 action=LeonRivalAction::FinishAdvance
retail_frame=1156 action=LeonRivalAction::MaintainCombatAltitude
retail_frame=1156 action=LeonRivalAction::BeginAttack
retail_frame=1156 action=LeonRivalAction::FacePlayerYawAndLevelPitch(PlayerTargetTiming::Current)
retail_frame=1156 action=LeonRivalAction::MaintainCombatAltitude
retail_frame=1160 action=LeonRivalAction::TrackAttackBank(32)
retail_frame=1160 action=LeonRivalAction::MaintainCombatAltitude
retail_frame=1160 action=LeonRivalAction::PrepareAdvance
retail_frame=1160 action=LeonRivalAction::FinishAdvance
retail_frame=1160 action=LeonRivalAction::MaintainCombatAltitude
retail_frame=1160 action=LeonRivalAction::BeginAttack
retail_frame=1160 action=LeonRivalAction::FacePlayerYawAndLevelPitch(PlayerTargetTiming::Current)
retail_frame=1160 action=LeonRivalAction::MaintainCombatAltitude
retail_frame=1160 action=LeonRivalAction::PrepareAdvance
retail_frame=1160 action=LeonRivalAction::FinishAdvance
retail_frame=1160 action=LeonRivalAction::MaintainCombatAltitude
retail_frame=1164 action=LeonRivalAction::TrackAttackBank(48)
retail_frame=1164 action=LeonRivalAction::MaintainCombatAltitude
retail_frame=1164 action=LeonRivalAction::BeginAttack
retail_frame=1164 action=LeonRivalAction::FacePlayerYawAndLevelPitch(PlayerTargetTiming::Current)
retail_frame=1164 action=LeonRivalAction::MaintainCombatAltitude
retail_frame=1164 action=LeonRivalAction::PrepareAdvance
retail_frame=1164 action=LeonRivalAction::FinishAdvance
retail_frame=1164 action=LeonRivalAction::MaintainCombatAltitude
retail_frame=1168 action=LeonRivalAction::TrackAttackBank(64)
retail_frame=1168 action=LeonRivalAction::MaintainCombatAltitude
retail_frame=1168 action=LeonRivalAction::BeginAttack
retail_frame=1168 action=LeonRivalAction::FacePlayerYawAndLevelPitch(PlayerTargetTiming::Current)
retail_frame=1168 action=LeonRivalAction::MaintainCombatAltitude
retail_frame=1168 action=LeonRivalAction::PrepareAdvance
retail_frame=1168 action=LeonRivalAction::FinishAdvance
retail_frame=1168 action=LeonRivalAction::MaintainCombatAltitude
retail_frame=1172 action=LeonRivalAction::TrackAttackBank(80)
retail_frame=1172 action=LeonRivalAction::MaintainCombatAltitude
retail_frame=1172 action=LeonRivalAction::BeginAttack
retail_frame=1172 action=LeonRivalAction::FacePlayerYawAndLevelPitch(PlayerTargetTiming::Current)
retail_frame=1172 action=LeonRivalAction::MaintainCombatAltitude
retail_frame=1172 action=LeonRivalAction::PrepareAdvance
retail_frame=1172 action=LeonRivalAction::FinishAdvance
retail_frame=1172 action=LeonRivalAction::MaintainCombatAltitude
retail_frame=1176 action=LeonRivalAction::TrackAttackBank(96)
retail_frame=1176 action=LeonRivalAction::MaintainCombatAltitude
retail_frame=1176 action=LeonRivalAction::BeginAttack
retail_frame=1176 action=LeonRivalAction::FacePlayerYawAndLevelPitch(PlayerTargetTiming::Midpoint)
retail_frame=1176 action=LeonRivalAction::MaintainCombatAltitude
retail_frame=1176 action=LeonRivalAction::PrepareAdvance
retail_frame=1176 action=LeonRivalAction::FinishAdvance
retail_frame=1176 action=LeonRivalAction::MaintainCombatAltitude
retail_frame=1180 action=LeonRivalAction::TrackAttackBank(112)
retail_frame=1180 action=LeonRivalAction::MaintainCombatAltitude
retail_frame=1180 action=LeonRivalAction::BeginAttack
retail_frame=1180 action=LeonRivalAction::FacePlayerYawAndLevelPitch(PlayerTargetTiming::Previous)
retail_frame=1180 action=LeonRivalAction::MaintainCombatAltitude
retail_frame=1180 action=LeonRivalAction::PrepareAdvance
retail_frame=1180 action=LeonRivalAction::FinishAdvance
retail_frame=1180 action=LeonRivalAction::MaintainCombatAltitude
retail_frame=1184 action=LeonRivalAction::TrackAttackBank(128)
retail_frame=1184 action=LeonRivalAction::MaintainCombatAltitude
retail_frame=1184 action=LeonRivalAction::BeginAttack
retail_frame=1184 action=LeonRivalAction::FacePlayerYawAndLevelPitch(PlayerTargetTiming::Previous)
retail_frame=1184 action=LeonRivalAction::MaintainCombatAltitude
retail_frame=1184 action=LeonRivalAction::PrepareAdvance
retail_frame=1184 action=LeonRivalAction::FinishAdvance
retail_frame=1184 action=LeonRivalAction::MaintainCombatAltitude
retail_frame=1184 action=LeonRivalAction::BeginAttack
retail_frame=1184 action=LeonRivalAction::FacePlayerYawAndLevelPitch(PlayerTargetTiming::Current)
retail_frame=1184 action=LeonRivalAction::MaintainCombatAltitude
retail_frame=1184 action=LeonRivalAction::PrepareAdvance
retail_frame=1184 action=LeonRivalAction::FinishAdvance
retail_frame=1188 action=LeonRivalAction::TrackAttackBank(160)
retail_frame=1188 action=LeonRivalAction::MaintainCombatAltitude
retail_frame=1188 action=LeonRivalAction::BeginAttack
retail_frame=1188 action=LeonRivalAction::FacePlayerYawAndLevelPitch(PlayerTargetTiming::Current)
retail_frame=1188 action=LeonRivalAction::MaintainCombatAltitude
retail_frame=1188 action=LeonRivalAction::PrepareAdvance
retail_frame=1188 action=LeonRivalAction::FinishAdvance
retail_frame=1188 action=LeonRivalAction::MaintainCombatAltitude
retail_frame=1192 action=LeonRivalAction::TrackAttackBank(176)
retail_frame=1192 action=LeonRivalAction::MaintainCombatAltitude
retail_frame=1192 action=LeonRivalAction::BeginAttack
retail_frame=1192 action=LeonRivalAction::FacePlayerYawAndLevelPitch(PlayerTargetTiming::Current)
retail_frame=1192 action=LeonRivalAction::MaintainCombatAltitude
retail_frame=1192 action=LeonRivalAction::PrepareAdvance
retail_frame=1192 action=LeonRivalAction::FinishAdvance
retail_frame=1192 action=LeonRivalAction::MaintainCombatAltitude
retail_frame=1196 action=LeonRivalAction::TrackAttackBank(192)
retail_frame=1196 action=LeonRivalAction::MaintainCombatAltitude
retail_frame=1196 action=LeonRivalAction::BeginAttack
retail_frame=1196 action=LeonRivalAction::FacePlayerYawAndLevelPitch(PlayerTargetTiming::Current)
retail_frame=1196 action=LeonRivalAction::MaintainCombatAltitude
retail_frame=1196 action=LeonRivalAction::PrepareAdvance
retail_frame=1196 action=LeonRivalAction::FinishAdvance
retail_frame=1196 action=LeonRivalAction::MaintainCombatAltitude
retail_frame=1200 action=LeonRivalAction::TrackAttackBank(208)
retail_frame=1200 action=LeonRivalAction::MaintainCombatAltitude
retail_frame=1200 action=LeonRivalAction::BeginAttack
retail_frame=1200 action=LeonRivalAction::FacePlayerYawAndLevelPitch(PlayerTargetTiming::Current)
retail_frame=1200 action=LeonRivalAction::MaintainCombatAltitude
retail_frame=1200 action=LeonRivalAction::PrepareAdvance
retail_frame=1200 action=LeonRivalAction::FinishAdvance
retail_frame=1200 action=LeonRivalAction::MaintainCombatAltitude
retail_frame=1204 action=LeonRivalAction::TrackAttackBank(224)
retail_frame=1204 action=LeonRivalAction::MaintainCombatAltitude
retail_frame=1204 action=LeonRivalAction::BeginAttack
retail_frame=1204 action=LeonRivalAction::FacePlayerYawAndLevelPitch(PlayerTargetTiming::Midpoint)
retail_frame=1204 action=LeonRivalAction::MaintainCombatAltitude
retail_frame=1204 action=LeonRivalAction::PrepareAdvance
retail_frame=1204 action=LeonRivalAction::FinishAdvance
retail_frame=1204 action=LeonRivalAction::MaintainCombatAltitude
retail_frame=1208 action=LeonRivalAction::TrackAttackBank(240)
retail_frame=1208 action=LeonRivalAction::MaintainCombatAltitude
retail_frame=1208 action=LeonRivalAction::BeginAttack
retail_frame=1208 action=LeonRivalAction::FacePlayerYawAndLevelPitch(PlayerTargetTiming::Previous)
retail_frame=1208 action=LeonRivalAction::MaintainCombatAltitude
retail_frame=1208 action=LeonRivalAction::PrepareAdvance
retail_frame=1208 action=LeonRivalAction::FinishAdvance
retail_frame=1208 action=LeonRivalAction::MaintainCombatAltitude
retail_frame=1212 action=LeonRivalAction::TrackAttackBank(252)
retail_frame=1212 action=LeonRivalAction::MaintainCombatAltitude
retail_frame=1212 action=LeonRivalAction::BeginAttack
retail_frame=1212 action=LeonRivalAction::FacePlayerYawAndLevelPitch(PlayerTargetTiming::Previous)
retail_frame=1212 action=LeonRivalAction::MaintainCombatAltitude
retail_frame=1212 action=LeonRivalAction::PrepareAdvance
retail_frame=1212 action=LeonRivalAction::FinishAdvance
retail_frame=1212 action=LeonRivalAction::MaintainCombatAltitude
retail_frame=1216 action=LeonRivalAction::TrackAttackBank(8)
retail_frame=1216 action=LeonRivalAction::MaintainCombatAltitude
retail_frame=1216 action=LeonRivalAction::BeginAttack
retail_frame=1216 action=LeonRivalAction::FacePlayerYawAndLevelPitch(PlayerTargetTiming::Previous)
retail_frame=1216 action=LeonRivalAction::MaintainCombatAltitude
retail_frame=1216 action=LeonRivalAction::PrepareAdvance
retail_frame=1216 action=LeonRivalAction::FinishAdvance
retail_frame=1216 action=LeonRivalAction::MaintainCombatAltitude
retail_frame=1216 action=LeonRivalAction::BeginAttack
retail_frame=1216 action=LeonRivalAction::FacePlayerYawAndLevelPitch(PlayerTargetTiming::Current)
retail_frame=1216 action=LeonRivalAction::MaintainCombatAltitude
retail_frame=1216 action=LeonRivalAction::PrepareAdvance
retail_frame=1216 action=LeonRivalAction::FinishAdvance
retail_frame=1216 action=LeonRivalAction::MaintainCombatAltitude
retail_frame=1220 action=LeonRivalAction::TrackAttackBank(8)
retail_frame=1220 action=LeonRivalAction::MaintainCombatAltitude
retail_frame=1220 action=LeonRivalAction::BeginAttack
retail_frame=1220 action=LeonRivalAction::FacePlayerYawAndLevelPitch(PlayerTargetTiming::Current)
retail_frame=1220 action=LeonRivalAction::MaintainCombatAltitude
retail_frame=1220 action=LeonRivalAction::PrepareAdvance
retail_frame=1220 action=LeonRivalAction::FinishAdvance
retail_frame=1220 action=LeonRivalAction::MaintainCombatAltitude
retail_frame=1224 action=LeonRivalAction::TrackAttackBank(8)
retail_frame=1224 action=LeonRivalAction::MaintainCombatAltitude
retail_frame=1224 action=LeonRivalAction::BeginAttack
retail_frame=1224 action=LeonRivalAction::FacePlayerYawAndLevelPitch(PlayerTargetTiming::Current)
retail_frame=1224 action=LeonRivalAction::MaintainCombatAltitude
retail_frame=1224 action=LeonRivalAction::PrepareAdvance
retail_frame=1224 action=LeonRivalAction::FinishAdvance
retail_frame=1224 action=LeonRivalAction::MaintainCombatAltitude
retail_frame=1228 action=LeonRivalAction::TrackAttackBank(8)
retail_frame=1228 action=LeonRivalAction::MaintainCombatAltitude
retail_frame=1228 action=LeonRivalAction::BeginAttack
retail_frame=1228 action=LeonRivalAction::FacePlayerYawAndLevelPitch(PlayerTargetTiming::Midpoint)
retail_frame=1228 action=LeonRivalAction::MaintainCombatAltitude
retail_frame=1228 action=LeonRivalAction::PrepareAdvance
retail_frame=1228 action=LeonRivalAction::FinishAdvance
retail_frame=1228 action=LeonRivalAction::MaintainCombatAltitude
retail_frame=1232 action=LeonRivalAction::TrackAttackBank(7)
retail_frame=1232 action=LeonRivalAction::MaintainCombatAltitude
retail_frame=1232 action=LeonRivalAction::BeginAttack
retail_frame=1232 action=LeonRivalAction::FacePlayerYawAndLevelPitch(PlayerTargetTiming::Previous)
retail_frame=1232 action=LeonRivalAction::MaintainCombatAltitude
retail_frame=1232 action=LeonRivalAction::PrepareAdvance
retail_frame=1232 action=LeonRivalAction::FinishAdvance
retail_frame=1232 action=LeonRivalAction::MaintainCombatAltitude
retail_frame=1236 action=LeonRivalAction::TrackAttackBank(5)
retail_frame=1236 action=LeonRivalAction::MaintainCombatAltitude
retail_frame=1236 action=LeonRivalAction::BeginAttack
retail_frame=1236 action=LeonRivalAction::FacePlayerYawAndLevelPitch(PlayerTargetTiming::Previous)
retail_frame=1236 action=LeonRivalAction::MaintainCombatAltitude
retail_frame=1236 action=LeonRivalAction::PrepareAdvance
retail_frame=1236 action=LeonRivalAction::FinishAdvance
retail_frame=1236 action=LeonRivalAction::MaintainCombatAltitude
retail_frame=1236 action=LeonRivalAction::BeginAttack
retail_frame=1236 action=LeonRivalAction::FacePlayerYawAndLevelPitch(PlayerTargetTiming::Current)
retail_frame=1236 action=LeonRivalAction::MaintainCombatAltitude
retail_frame=1236 action=LeonRivalAction::PrepareAdvance
retail_frame=1236 action=LeonRivalAction::FinishAdvance
retail_frame=1236 action=LeonRivalAction::MaintainCombatAltitude
retail_frame=1240 action=LeonRivalAction::TrackAttackBank(4)
retail_frame=1240 action=LeonRivalAction::MaintainCombatAltitude
retail_frame=1240 action=LeonRivalAction::FacePlayerSmooth(PlayerTargetTiming::Current)
retail_frame=1240 action=LeonRivalAction::MaintainCombatAltitude
retail_frame=1240 action=LeonRivalAction::PrepareAdvance
retail_frame=1240 action=LeonRivalAction::FinishAdvance
retail_frame=1244 action=LeonRivalAction::TrackAttackBank(3)
retail_frame=1244 action=LeonRivalAction::FacePlayerSmooth(PlayerTargetTiming::Current)
retail_frame=1244 action=LeonRivalAction::PrepareAdvance
retail_frame=1244 action=LeonRivalAction::FinishAdvance
retail_frame=1248 action=LeonRivalAction::TrackAttackBank(3)
retail_frame=1248 action=LeonRivalAction::FacePlayerSmooth(PlayerTargetTiming::Current)
retail_frame=1248 action=LeonRivalAction::PrepareAdvance
retail_frame=1248 action=LeonRivalAction::FinishAdvance
retail_frame=1252 action=LeonRivalAction::TrackAttackBank(3)
retail_frame=1252 action=LeonRivalAction::FacePlayerSmooth(PlayerTargetTiming::Midpoint)
retail_frame=1252 action=LeonRivalAction::PrepareAdvance
retail_frame=1252 action=LeonRivalAction::FinishAdvance
retail_frame=1256 action=LeonRivalAction::TrackAttackBank(3)
retail_frame=1256 action=LeonRivalAction::FacePlayerSmooth(PlayerTargetTiming::Previous)
retail_frame=1256 action=LeonRivalAction::PrepareAdvance
retail_frame=1256 action=LeonRivalAction::FinishAdvance
retail_frame=1260 action=LeonRivalAction::TrackAttackBank(3)
retail_frame=1260 action=LeonRivalAction::FacePlayerSmooth(PlayerTargetTiming::Previous)
retail_frame=1260 action=LeonRivalAction::PrepareAdvance
retail_frame=1260 action=LeonRivalAction::FinishAdvance
retail_frame=1260 action=LeonRivalAction::FacePlayerSmooth(PlayerTargetTiming::Current)
retail_frame=1260 action=LeonRivalAction::PrepareAdvance
retail_frame=1260 action=LeonRivalAction::FinishAdvance
retail_frame=1264 action=LeonRivalAction::TrackAttackBank(3)
retail_frame=1264 action=LeonRivalAction::FacePlayerSmooth(PlayerTargetTiming::Current)
retail_frame=1264 action=LeonRivalAction::PrepareAdvance
retail_frame=1264 action=LeonRivalAction::FinishAdvance
retail_frame=1268 action=LeonRivalAction::TrackAttackBank(3)
retail_frame=1268 action=LeonRivalAction::FacePlayerSmooth(PlayerTargetTiming::Current)
retail_frame=1268 action=LeonRivalAction::PrepareAdvance
retail_frame=1268 action=LeonRivalAction::FinishAdvance
retail_frame=1272 action=LeonRivalAction::TrackAttackBank(3)
retail_frame=1272 action=LeonRivalAction::FacePlayerSmooth(PlayerTargetTiming::Current)
retail_frame=1272 action=LeonRivalAction::PrepareAdvance
retail_frame=1272 action=LeonRivalAction::FinishAdvance
retail_frame=1276 action=LeonRivalAction::TrackAttackBank(3)
retail_frame=1276 action=LeonRivalAction::FacePlayerSmooth(PlayerTargetTiming::Midpoint)
retail_frame=1276 action=LeonRivalAction::PrepareAdvance
retail_frame=1276 action=LeonRivalAction::FinishAdvance
retail_frame=1280 action=LeonRivalAction::TrackAttackBank(3)
retail_frame=1280 action=LeonRivalAction::FacePlayerSmooth(PlayerTargetTiming::Previous)
retail_frame=1280 action=LeonRivalAction::PrepareAdvance
retail_frame=1280 action=LeonRivalAction::FinishAdvance
retail_frame=1280 action=LeonRivalAction::FacePlayerSmooth(PlayerTargetTiming::Current)
retail_frame=1280 action=LeonRivalAction::PrepareAdvance
retail_frame=1284 action=LeonRivalAction::TrackAttackBank(3)
retail_frame=1284 action=LeonRivalAction::FinishAdvance
retail_frame=1284 action=LeonRivalAction::FacePlayerSmooth(PlayerTargetTiming::Current)
retail_frame=1284 action=LeonRivalAction::PrepareAdvance
retail_frame=1284 action=LeonRivalAction::FinishAdvance
retail_frame=1288 action=LeonRivalAction::TrackAttackBank(3)
retail_frame=1288 action=LeonRivalAction::FacePlayerSmooth(PlayerTargetTiming::Current)
retail_frame=1288 action=LeonRivalAction::PrepareAdvance
retail_frame=1288 action=LeonRivalAction::FinishAdvance
retail_frame=1292 action=LeonRivalAction::TrackAttackBank(3)
retail_frame=1292 action=LeonRivalAction::FacePlayerSmooth(PlayerTargetTiming::Current)
retail_frame=1292 action=LeonRivalAction::PrepareAdvance
retail_frame=1292 action=LeonRivalAction::FinishAdvance
retail_frame=1296 action=LeonRivalAction::TrackAttackBank(3)
retail_frame=1296 action=LeonRivalAction::FacePlayerSmooth(PlayerTargetTiming::Current)
retail_frame=1296 action=LeonRivalAction::PrepareAdvance
retail_frame=1296 action=LeonRivalAction::FinishAdvance
retail_frame=1300 action=LeonRivalAction::TrackAttackBank(3)
retail_frame=1300 action=LeonRivalAction::FacePlayerSmooth(PlayerTargetTiming::Current)
retail_frame=1300 action=LeonRivalAction::PrepareAdvance
retail_frame=1300 action=LeonRivalAction::FinishAdvance
retail_frame=1304 action=LeonRivalAction::TrackAttackBank(3)
retail_frame=1304 action=LeonRivalAction::FacePlayerSmooth(PlayerTargetTiming::Current)
retail_frame=1304 action=LeonRivalAction::PrepareAdvance
retail_frame=1304 action=LeonRivalAction::FinishAdvance
retail_frame=1308 action=LeonRivalAction::TrackAttackBank(3)
retail_frame=1308 action=LeonRivalAction::FacePlayerSmooth(PlayerTargetTiming::Current)
retail_frame=1308 action=LeonRivalAction::PrepareAdvance
retail_frame=1308 action=LeonRivalAction::FinishAdvance
retail_frame=1312 action=LeonRivalAction::TrackAttackBank(3)
retail_frame=1312 action=LeonRivalAction::FacePlayerSmooth(PlayerTargetTiming::Current)
retail_frame=1312 action=LeonRivalAction::PrepareAdvance
retail_frame=1312 action=LeonRivalAction::FinishAdvance
retail_frame=1316 action=LeonRivalAction::TrackAttackBank(3)
retail_frame=1316 action=LeonRivalAction::FacePlayerSmooth(PlayerTargetTiming::Midpoint)
retail_frame=1316 action=LeonRivalAction::PrepareAdvance
retail_frame=1316 action=LeonRivalAction::FinishAdvance
retail_frame=1320 action=LeonRivalAction::TrackAttackBank(3)
retail_frame=1320 action=LeonRivalAction::FacePlayerSmooth(PlayerTargetTiming::Previous)
retail_frame=1320 action=LeonRivalAction::PrepareAdvance
retail_frame=1320 action=LeonRivalAction::FinishAdvance
retail_frame=1324 action=LeonRivalAction::TrackAttackBank(3)
retail_frame=1324 action=LeonRivalAction::FacePlayerSmooth(PlayerTargetTiming::Previous)
retail_frame=1324 action=LeonRivalAction::PrepareAdvance
retail_frame=1324 action=LeonRivalAction::FinishAdvance
retail_frame=1328 action=LeonRivalAction::TrackAttackBank(3)
retail_frame=1328 action=LeonRivalAction::FacePlayerSmooth(PlayerTargetTiming::Previous)
retail_frame=1328 action=LeonRivalAction::PrepareAdvance
retail_frame=1328 action=LeonRivalAction::FinishAdvance
retail_frame=1332 action=LeonRivalAction::TrackAttackBank(3)
retail_frame=1332 action=LeonRivalAction::FacePlayerSmooth(PlayerTargetTiming::Previous)
retail_frame=1332 action=LeonRivalAction::PrepareAdvance
retail_frame=1332 action=LeonRivalAction::FinishAdvance
retail_frame=1336 action=LeonRivalAction::TrackAttackBank(3)
retail_frame=1336 action=LeonRivalAction::FacePlayerSmooth(PlayerTargetTiming::Previous)
retail_frame=1336 action=LeonRivalAction::PrepareAdvance
retail_frame=1336 action=LeonRivalAction::FinishAdvance
retail_frame=1340 action=LeonRivalAction::TrackAttackBank(3)
retail_frame=1340 action=LeonRivalAction::FacePlayerSmooth(PlayerTargetTiming::Current)
retail_frame=1340 action=LeonRivalAction::PrepareAdvance
retail_frame=1340 action=LeonRivalAction::FinishAdvance
retail_frame=1344 action=LeonRivalAction::TrackAttackBank(3)
retail_frame=1344 action=LeonRivalAction::FacePlayerSmooth(PlayerTargetTiming::Current)
retail_frame=1344 action=LeonRivalAction::PrepareAdvance
retail_frame=1344 action=LeonRivalAction::FinishAdvance
retail_frame=1348 action=LeonRivalAction::TrackAttackBank(3)
retail_frame=1348 action=LeonRivalAction::FacePlayerSmooth(PlayerTargetTiming::Current)
retail_frame=1348 action=LeonRivalAction::PrepareAdvance
retail_frame=1348 action=LeonRivalAction::FinishAdvance
retail_frame=1352 action=LeonRivalAction::TrackAttackBank(3)
retail_frame=1352 action=LeonRivalAction::FacePlayerSmooth(PlayerTargetTiming::Current)
retail_frame=1352 action=LeonRivalAction::PrepareAdvance
retail_frame=1352 action=LeonRivalAction::FinishAdvance
retail_frame=1356 action=LeonRivalAction::TrackAttackBank(3)
retail_frame=1356 action=LeonRivalAction::FacePlayerSmooth(PlayerTargetTiming::Current)
retail_frame=1356 action=LeonRivalAction::PrepareAdvance
retail_frame=1356 action=LeonRivalAction::FinishAdvance
retail_frame=1360 action=LeonRivalAction::TrackAttackBank(3)
retail_frame=1360 action=LeonRivalAction::FacePlayerSmooth(PlayerTargetTiming::Current)
retail_frame=1360 action=LeonRivalAction::PrepareAdvance
retail_frame=1360 action=LeonRivalAction::FinishAdvance
retail_frame=1364 action=LeonRivalAction::TrackAttackBank(3)
retail_frame=1364 action=LeonRivalAction::FacePlayerSmooth(PlayerTargetTiming::Current)
retail_frame=1364 action=LeonRivalAction::PrepareAdvance
retail_frame=1364 action=LeonRivalAction::FinishAdvance
retail_frame=1368 action=LeonRivalAction::TrackAttackBank(3)
retail_frame=1368 action=LeonRivalAction::FacePlayerSmooth(PlayerTargetTiming::Current)
retail_frame=1368 action=LeonRivalAction::PrepareAdvance
retail_frame=1368 action=LeonRivalAction::FinishAdvance
retail_frame=1376 action=LeonRivalAction::TrackAttackBank(3)
retail_frame=1376 action=LeonRivalAction::FacePlayerSmooth(PlayerTargetTiming::Previous)
retail_frame=1376 action=LeonRivalAction::PrepareAdvance
retail_frame=1376 action=LeonRivalAction::FinishAdvance
retail_frame=1380 action=LeonRivalAction::TrackAttackBank(3)
retail_frame=1380 action=LeonRivalAction::FacePlayerSmooth(PlayerTargetTiming::Previous)
retail_frame=1380 action=LeonRivalAction::PrepareAdvance
retail_frame=1380 action=LeonRivalAction::FinishAdvance
retail_frame=1384 action=LeonRivalAction::TrackAttackBank(3)
retail_frame=1384 action=LeonRivalAction::FacePlayerSmooth(PlayerTargetTiming::Current)
retail_frame=1384 action=LeonRivalAction::PrepareAdvance
retail_frame=1384 action=LeonRivalAction::FinishAdvance
retail_frame=1388 action=LeonRivalAction::TrackAttackBank(3)
retail_frame=1388 action=LeonRivalAction::FacePlayerSmooth(PlayerTargetTiming::Current)
retail_frame=1388 action=LeonRivalAction::PrepareAdvance
retail_frame=1388 action=LeonRivalAction::FinishAdvance
retail_frame=1396 action=LeonRivalAction::LaunchApproach
retail_frame=1396 action=LeonRivalAction::PrepareAdvance
retail_frame=1396 action=LeonRivalAction::FinishAdvance
retail_frame=1400 action=LeonRivalAction::BeginApproach
retail_frame=1400 action=LeonRivalAction::TrackApproachPitchAndBank(252,7)
retail_frame=1400 action=LeonRivalAction::TrackApproachYaw(195)
retail_frame=1400 action=LeonRivalAction::PrepareAdvance
retail_frame=1400 action=LeonRivalAction::FinishAdvance
retail_frame=1400 action=LeonRivalAction::TrackApproachPitchAndBank(252,7)
retail_frame=1400 action=LeonRivalAction::TrackApproachYaw(195)
retail_frame=1404 action=LeonRivalAction::TrackApproachPitchAndBank(248,11)
retail_frame=1404 action=LeonRivalAction::TrackApproachYaw(197)
retail_frame=1404 action=LeonRivalAction::PrepareAdvance
retail_frame=1404 action=LeonRivalAction::FinishAdvance
retail_frame=1404 action=LeonRivalAction::TrackApproachPitchAndBank(248,11)
retail_frame=1404 action=LeonRivalAction::TrackApproachYaw(197)
retail_frame=1408 action=LeonRivalAction::TrackApproachPitchAndBank(244,14)
retail_frame=1408 action=LeonRivalAction::TrackApproachYaw(199)
retail_frame=1408 action=LeonRivalAction::PrepareAdvance
retail_frame=1408 action=LeonRivalAction::FinishAdvance
retail_frame=1408 action=LeonRivalAction::TrackApproachPitchAndBank(244,14)
retail_frame=1408 action=LeonRivalAction::TrackApproachYaw(199)
retail_frame=1416 action=LeonRivalAction::TrackApproachPitchAndBank(241,17)
retail_frame=1416 action=LeonRivalAction::TrackApproachYaw(201)
retail_frame=1416 action=LeonRivalAction::PrepareAdvance
retail_frame=1416 action=LeonRivalAction::FinishAdvance
retail_frame=1416 action=LeonRivalAction::TrackApproachPitchAndBank(241,17)
retail_frame=1416 action=LeonRivalAction::TrackApproachYaw(201)
retail_frame=1420 action=LeonRivalAction::TrackApproachPitchAndBank(238,19)
retail_frame=1420 action=LeonRivalAction::TrackApproachYaw(203)
retail_frame=1420 action=LeonRivalAction::PrepareAdvance
retail_frame=1420 action=LeonRivalAction::FinishAdvance
retail_frame=1420 action=LeonRivalAction::TrackApproachPitchAndBank(238,19)
retail_frame=1420 action=LeonRivalAction::MaintainCombatAltitude
retail_frame=1420 action=LeonRivalAction::TrackApproachYaw(203)
retail_frame=1424 action=LeonRivalAction::MaintainCombatAltitude
retail_frame=1424 action=LeonRivalAction::TrackApproachPitchAndBank(236,21)
retail_frame=1424 action=LeonRivalAction::TrackApproachYaw(205)
retail_frame=1424 action=LeonRivalAction::PrepareAdvance
retail_frame=1424 action=LeonRivalAction::FinishAdvance
retail_frame=1424 action=LeonRivalAction::TrackApproachPitchAndBank(236,21)
retail_frame=1424 action=LeonRivalAction::MaintainCombatAltitude
retail_frame=1424 action=LeonRivalAction::TrackApproachYaw(205)
retail_frame=1428 action=LeonRivalAction::MaintainCombatAltitude
retail_frame=1428 action=LeonRivalAction::TrackApproachPitchAndBank(234,23)
retail_frame=1428 action=LeonRivalAction::TrackApproachYaw(207)
retail_frame=1428 action=LeonRivalAction::PrepareAdvance
retail_frame=1428 action=LeonRivalAction::FinishAdvance
retail_frame=1428 action=LeonRivalAction::TrackApproachPitchAndBank(234,23)
retail_frame=1428 action=LeonRivalAction::MaintainCombatAltitude
retail_frame=1428 action=LeonRivalAction::TrackApproachYaw(207)
retail_frame=1432 action=LeonRivalAction::MaintainCombatAltitude
retail_frame=1432 action=LeonRivalAction::TrackApproachPitchAndBank(232,25)
retail_frame=1432 action=LeonRivalAction::TrackApproachYaw(209)
retail_frame=1432 action=LeonRivalAction::PrepareAdvance
retail_frame=1432 action=LeonRivalAction::FinishAdvance
retail_frame=1432 action=LeonRivalAction::TrackApproachPitchAndBank(232,25)
retail_frame=1432 action=LeonRivalAction::MaintainCombatAltitude
retail_frame=1432 action=LeonRivalAction::TrackApproachYaw(209)
retail_frame=1440 action=LeonRivalAction::MaintainCombatAltitude
retail_frame=1440 action=LeonRivalAction::TrackApproachPitchAndBank(230,26)
retail_frame=1440 action=LeonRivalAction::TrackApproachYaw(211)
retail_frame=1440 action=LeonRivalAction::PrepareAdvance
retail_frame=1440 action=LeonRivalAction::FinishAdvance
retail_frame=1440 action=LeonRivalAction::TrackApproachPitchAndBank(230,26)
retail_frame=1440 action=LeonRivalAction::MaintainCombatAltitude
retail_frame=1440 action=LeonRivalAction::TrackApproachYaw(211)
retail_frame=1444 action=LeonRivalAction::MaintainCombatAltitude
retail_frame=1444 action=LeonRivalAction::TrackApproachPitchAndBank(229,27)
retail_frame=1444 action=LeonRivalAction::TrackApproachYaw(213)
retail_frame=1444 action=LeonRivalAction::PrepareAdvance
retail_frame=1444 action=LeonRivalAction::FinishAdvance
retail_frame=1444 action=LeonRivalAction::TrackApproachPitchAndBank(229,27)
retail_frame=1444 action=LeonRivalAction::MaintainCombatAltitude
retail_frame=1444 action=LeonRivalAction::TrackApproachYaw(213)
retail_frame=1448 action=LeonRivalAction::MaintainCombatAltitude
retail_frame=1448 action=LeonRivalAction::TrackApproachPitchAndBank(228,28)
retail_frame=1448 action=LeonRivalAction::TrackApproachYaw(215)
retail_frame=1448 action=LeonRivalAction::PrepareAdvance
retail_frame=1448 action=LeonRivalAction::FinishAdvance
retail_frame=1448 action=LeonRivalAction::TrackApproachPitchAndBank(228,28)
retail_frame=1448 action=LeonRivalAction::MaintainCombatAltitude
retail_frame=1448 action=LeonRivalAction::TrackApproachYaw(215)
retail_frame=1452 action=LeonRivalAction::MaintainCombatAltitude
retail_frame=1452 action=LeonRivalAction::TrackApproachPitchAndBank(227,29)
retail_frame=1452 action=LeonRivalAction::TrackApproachYaw(217)
retail_frame=1452 action=LeonRivalAction::PrepareAdvance
retail_frame=1452 action=LeonRivalAction::FinishAdvance
retail_frame=1452 action=LeonRivalAction::TrackApproachPitchAndBank(227,29)
retail_frame=1452 action=LeonRivalAction::MaintainCombatAltitude
retail_frame=1452 action=LeonRivalAction::TrackApproachYaw(217)
retail_frame=1456 action=LeonRivalAction::MaintainCombatAltitude
retail_frame=1456 action=LeonRivalAction::TrackApproachPitchAndBank(226,30)
retail_frame=1456 action=LeonRivalAction::TrackApproachYaw(219)
retail_frame=1456 action=LeonRivalAction::PrepareAdvance
retail_frame=1456 action=LeonRivalAction::FinishAdvance
retail_frame=1456 action=LeonRivalAction::TrackApproachPitchAndBank(226,30)
retail_frame=1456 action=LeonRivalAction::MaintainCombatAltitude
retail_frame=1456 action=LeonRivalAction::TrackApproachYaw(219)
retail_frame=1460 action=LeonRivalAction::MaintainCombatAltitude
retail_frame=1460 action=LeonRivalAction::TrackApproachPitchAndBank(225,31)
retail_frame=1460 action=LeonRivalAction::TrackApproachYaw(221)
retail_frame=1460 action=LeonRivalAction::PrepareAdvance
retail_frame=1460 action=LeonRivalAction::FinishAdvance
retail_frame=1460 action=LeonRivalAction::TrackApproachPitchAndBank(225,31)
retail_frame=1460 action=LeonRivalAction::MaintainCombatAltitude
retail_frame=1460 action=LeonRivalAction::TrackApproachYaw(221)
retail_frame=1464 action=LeonRivalAction::MaintainCombatAltitude
retail_frame=1464 action=LeonRivalAction::TrackApproachPitchAndBank(224,32)
retail_frame=1464 action=LeonRivalAction::TrackApproachYaw(223)
retail_frame=1464 action=LeonRivalAction::PrepareAdvance
retail_frame=1464 action=LeonRivalAction::FinishAdvance
retail_frame=1464 action=LeonRivalAction::TrackApproachPitchAndBank(224,32)
retail_frame=1464 action=LeonRivalAction::MaintainCombatAltitude
retail_frame=1464 action=LeonRivalAction::TrackApproachYaw(223)
retail_frame=1468 action=LeonRivalAction::MaintainCombatAltitude
retail_frame=1468 action=LeonRivalAction::TrackApproachPitchAndBank(223,33)
retail_frame=1468 action=LeonRivalAction::TrackApproachYaw(225)
retail_frame=1468 action=LeonRivalAction::PrepareAdvance
retail_frame=1468 action=LeonRivalAction::FinishAdvance
retail_frame=1468 action=LeonRivalAction::TrackApproachPitchAndBank(223,33)
retail_frame=1468 action=LeonRivalAction::MaintainCombatAltitude
retail_frame=1468 action=LeonRivalAction::TrackApproachYaw(225)
retail_frame=1472 action=LeonRivalAction::MaintainCombatAltitude
retail_frame=1472 action=LeonRivalAction::TrackApproachPitchAndBank(222,34)
retail_frame=1472 action=LeonRivalAction::TrackApproachYaw(227)
retail_frame=1472 action=LeonRivalAction::PrepareAdvance
retail_frame=1472 action=LeonRivalAction::FinishAdvance
retail_frame=1472 action=LeonRivalAction::TrackApproachPitchAndBank(222,34)
retail_frame=1472 action=LeonRivalAction::MaintainCombatAltitude
retail_frame=1472 action=LeonRivalAction::TrackApproachYaw(227)
retail_frame=1480 action=LeonRivalAction::MaintainCombatAltitude
retail_frame=1480 action=LeonRivalAction::TrackApproachPitchAndBank(221,35)
retail_frame=1480 action=LeonRivalAction::TrackApproachYaw(229)
retail_frame=1480 action=LeonRivalAction::PrepareAdvance
retail_frame=1480 action=LeonRivalAction::FinishAdvance
retail_frame=1480 action=LeonRivalAction::TrackApproachPitchAndBank(221,35)
retail_frame=1480 action=LeonRivalAction::MaintainCombatAltitude
retail_frame=1480 action=LeonRivalAction::TrackApproachYaw(229)
retail_frame=1484 action=LeonRivalAction::MaintainCombatAltitude
retail_frame=1484 action=LeonRivalAction::TrackApproachPitchAndBank(220,36)
retail_frame=1484 action=LeonRivalAction::TrackApproachYaw(231)
retail_frame=1484 action=LeonRivalAction::PrepareAdvance
retail_frame=1484 action=LeonRivalAction::FinishAdvance
retail_frame=1484 action=LeonRivalAction::TrackApproachPitchAndBank(220,36)
retail_frame=1484 action=LeonRivalAction::MaintainCombatAltitude
retail_frame=1484 action=LeonRivalAction::TrackApproachYaw(231)
retail_frame=1488 action=LeonRivalAction::MaintainCombatAltitude
retail_frame=1488 action=LeonRivalAction::TrackApproachPitchAndBank(219,37)
retail_frame=1488 action=LeonRivalAction::TrackApproachYaw(233)
retail_frame=1488 action=LeonRivalAction::PrepareAdvance
retail_frame=1488 action=LeonRivalAction::FinishAdvance
retail_frame=1488 action=LeonRivalAction::TrackApproachPitchAndBank(219,37)
retail_frame=1488 action=LeonRivalAction::MaintainCombatAltitude
retail_frame=1488 action=LeonRivalAction::TrackApproachYaw(233)
retail_frame=1492 action=LeonRivalAction::MaintainCombatAltitude
retail_frame=1492 action=LeonRivalAction::TrackApproachPitchAndBank(218,38)
retail_frame=1492 action=LeonRivalAction::TrackApproachYaw(235)
retail_frame=1492 action=LeonRivalAction::PrepareAdvance
retail_frame=1492 action=LeonRivalAction::FinishAdvance
retail_frame=1492 action=LeonRivalAction::TrackApproachPitchAndBank(218,38)
retail_frame=1492 action=LeonRivalAction::MaintainCombatAltitude
retail_frame=1492 action=LeonRivalAction::TrackApproachYaw(235)
retail_frame=1496 action=LeonRivalAction::MaintainCombatAltitude
retail_frame=1496 action=LeonRivalAction::TrackApproachPitchAndBank(217,39)
retail_frame=1496 action=LeonRivalAction::TrackApproachYaw(237)
retail_frame=1496 action=LeonRivalAction::PrepareAdvance
retail_frame=1496 action=LeonRivalAction::FinishAdvance
retail_frame=1496 action=LeonRivalAction::TrackApproachPitchAndBank(217,39)
retail_frame=1496 action=LeonRivalAction::MaintainCombatAltitude
retail_frame=1496 action=LeonRivalAction::TrackApproachYaw(237)
retail_frame=1500 action=LeonRivalAction::MaintainCombatAltitude
retail_frame=1500 action=LeonRivalAction::TrackApproachPitchAndBank(216,40)
retail_frame=1500 action=LeonRivalAction::TrackApproachYaw(239)
retail_frame=1500 action=LeonRivalAction::PrepareAdvance
retail_frame=1500 action=LeonRivalAction::FinishAdvance
retail_frame=1500 action=LeonRivalAction::TrackApproachPitchAndBank(216,40)
retail_frame=1500 action=LeonRivalAction::MaintainCombatAltitude
retail_frame=1500 action=LeonRivalAction::TrackApproachYaw(239)
retail_frame=1504 action=LeonRivalAction::MaintainCombatAltitude
retail_frame=1504 action=LeonRivalAction::TrackApproachPitchAndBank(216,40)
retail_frame=1504 action=LeonRivalAction::TrackApproachYaw(241)
retail_frame=1504 action=LeonRivalAction::PrepareAdvance
retail_frame=1504 action=LeonRivalAction::FinishAdvance
retail_frame=1504 action=LeonRivalAction::TrackApproachPitchAndBank(216,40)
retail_frame=1504 action=LeonRivalAction::MaintainCombatAltitude
retail_frame=1504 action=LeonRivalAction::TrackApproachYaw(241)
retail_frame=1508 action=LeonRivalAction::MaintainCombatAltitude
retail_frame=1508 action=LeonRivalAction::TrackApproachPitchAndBank(216,40)
retail_frame=1508 action=LeonRivalAction::TrackApproachYaw(243)
retail_frame=1508 action=LeonRivalAction::PrepareAdvance
retail_frame=1508 action=LeonRivalAction::FinishAdvance
retail_frame=1508 action=LeonRivalAction::TrackApproachPitchAndBank(216,40)
retail_frame=1508 action=LeonRivalAction::MaintainCombatAltitude
retail_frame=1508 action=LeonRivalAction::TrackApproachYaw(243)
