# Compact Mesen oracle evidence for the missile-interception sortie.
# Raw source SHA-256: d70b8b97d270d29d92b2769ff8923253a42724e405b794285a98f1e2b10bd96a
# return_retail_frame=2779
# map_ready_retail_frame=2781
retail_frame=0 camera=0,0,0,0,0,0 player=19973,3177,2435,0,64,255,30 wingmate=10629,3177,2435,0,64,255,30 missiles=-/-/-
retail_frame=4 camera=0,0,0,0,0,0 player=19973,3177,2435,0,64,255,30 wingmate=10629,3177,2435,0,64,255,30 missiles=-/-/-
retail_frame=8 camera=0,0,0,0,0,0 player=19973,3177,2435,0,64,255,30 wingmate=10629,3177,2435,0,64,255,30 missiles=-/-/-
retail_frame=12 camera=0,0,0,0,0,0 player=19973,3177,2435,0,64,255,30 wingmate=10629,3177,2435,0,64,255,30 missiles=-/-/-
retail_frame=16 camera=0,0,0,0,0,0 player=19973,3177,2435,0,64,255,30 wingmate=10629,3177,2435,0,64,255,30 missiles=-/-/-
retail_frame=20 camera=0,0,0,0,0,0 player=19973,3177,2435,0,64,255,30 wingmate=10629,3177,2435,0,64,255,30 missiles=-/-/-
retail_frame=24 camera=0,0,0,0,0,0 player=19973,3177,2435,0,64,255,30 wingmate=10629,3177,2435,0,64,255,30 missiles=-/-/-
retail_frame=28 camera=0,0,0,0,0,0 player=19973,3177,2435,0,64,255,30 wingmate=10629,3177,2435,0,64,255,30 missiles=-/-/-
retail_frame=32 camera=0,0,0,0,0,0 player=19973,3177,2435,0,64,255,30 wingmate=10629,3177,2435,0,64,255,30 missiles=-/-/-
retail_frame=36 camera=0,0,0,0,0,0 player=19973,3177,2435,0,64,255,30 wingmate=10629,3177,2435,0,64,255,30 missiles=-/-/-
retail_frame=40 camera=0,0,0,0,0,0 player=19973,3177,2435,0,64,255,30 wingmate=10629,3177,2435,0,64,255,30 missiles=-/-/-
retail_frame=44 camera=0,0,0,0,0,0 player=19973,3177,2435,0,64,255,30 wingmate=10629,3177,2435,0,64,255,30 missiles=-/-/-
retail_frame=48 camera=0,0,0,0,0,0 player=140,0,121,0,127,0,0 wingmate=143,0,127,0,0,0,0 missiles=-/-/-
retail_frame=52 camera=0,0,0,0,0,0 player=140,0,121,0,127,0,0 wingmate=143,0,127,0,0,0,0 missiles=-/-/-
retail_frame=56 camera=0,0,0,0,0,0 player=140,0,121,0,127,0,0 wingmate=143,0,127,0,0,0,0 missiles=-/-/-
retail_frame=60 camera=0,0,0,0,0,0 player=140,0,121,0,127,0,0 wingmate=143,0,127,0,0,0,0 missiles=-/-/-
retail_frame=64 camera=0,0,0,0,0,0 player=140,0,121,0,127,0,0 wingmate=143,0,127,0,0,0,0 missiles=1955,4597,2490,0,74,2,48/955,3997,-2010,0,74,0,48/0,0,0,0,0,0,0
retail_frame=68 camera=0,0,0,0,0,0 player=140,0,121,0,127,0,0 wingmate=143,0,127,0,0,0,0 missiles=1955,4597,2490,0,74,2,48/955,3997,-2010,0,74,2,48/-45,3197,-10,0,74,2,48
retail_frame=72 camera=0,0,0,0,0,0 player=140,0,121,0,127,0,0 wingmate=143,0,127,0,0,0,0 missiles=1955,4597,2490,0,74,2,48/955,3997,-2010,0,74,2,48/-45,3197,-10,0,74,2,48
retail_frame=76 camera=-961,4743,-1044,16,0,0 player=140,0,121,0,127,0,0 wingmate=143,0,127,0,0,0,0 missiles=1910,4597,2480,0,74,4,48/910,3997,-2020,0,74,4,48/-90,3197,-20,0,74,4,48
retail_frame=80 camera=-961,4743,-1044,16,192,0 player=140,0,121,0,127,0,0 wingmate=143,0,127,0,0,0,0 missiles=1865,4597,2470,0,74,6,48/865,3997,-2030,0,74,6,48/-135,3197,-30,0,74,4,48
retail_frame=84 camera=-1049,4627,-987,144,96,0 player=140,0,121,0,127,0,0 wingmate=143,0,127,0,0,0,0 missiles=1820,4597,2460,0,74,8,48/820,3997,-2040,0,74,8,48/-180,3197,-40,0,74,8,48
retail_frame=88 camera=-1093,4568,-958,80,32,0 player=140,0,121,0,127,0,0 wingmate=0,0,0,0,0,0,0 missiles=1775,4597,2450,0,74,10,48/775,3997,-2050,0,74,10,48/-225,3197,-50,0,74,10,48
retail_frame=92 camera=-1137,4510,-929,240,0,0 player=140,0,121,0,127,0,0 wingmate=0,0,0,0,0,0,0 missiles=1730,4597,2440,0,74,12,48/730,3997,-2060,0,74,12,48/-270,3197,-60,0,74,12,48
retail_frame=96 camera=-1181,4452,-900,192,32,0 player=140,0,121,0,127,0,0 wingmate=0,0,0,0,0,0,0 missiles=1685,4597,2430,0,74,14,48/685,3997,-2070,0,74,14,48/-315,3197,-70,0,74,14,48
retail_frame=100 camera=-1225,4394,-871,48,16,0 player=140,0,121,0,127,0,0 wingmate=0,0,0,0,0,0,0 missiles=1640,4597,2420,0,74,16,48/640,3997,-2080,0,74,16,48/-360,3197,-80,0,74,16,48
retail_frame=104 camera=-1269,4336,-842,176,32,0 player=140,0,121,0,127,0,0 wingmate=0,0,0,0,0,0,0 missiles=1550,4597,2400,0,74,20,48/595,3997,-2090,0,74,18,48/-405,3197,-90,0,74,18,48
retail_frame=108 camera=-1313,4277,-813,16,32,0 player=140,0,121,0,127,0,0 wingmate=0,0,0,0,0,0,0 missiles=1505,4597,2390,0,74,22,48/505,3997,-2110,0,74,22,48/-450,3197,-100,0,74,20,48
retail_frame=112 camera=-1357,4219,-785,96,64,0 player=140,0,121,0,127,0,0 wingmate=0,0,0,0,0,0,0 missiles=1460,4597,2380,0,74,24,48/460,3997,-2120,0,74,24,48/-540,3197,-120,0,74,24,48
retail_frame=116 camera=-1445,4094,-721,208,224,0 player=140,0,121,0,127,0,0 wingmate=0,0,0,0,0,0,0 missiles=1415,4597,2370,0,74,26,48/415,3997,-2130,0,74,26,48/-585,3197,-130,0,74,26,48
retail_frame=120 camera=-1489,4020,-681,160,144,0 player=140,0,121,0,127,0,0 wingmate=0,0,0,0,0,0,0 missiles=1370,4597,2360,0,74,28,48/370,3997,-2140,0,74,28,48/-630,3197,-140,0,74,28,48
retail_frame=124 camera=-1533,3936,-636,48,144,0 player=140,0,121,0,127,0,0 wingmate=0,0,0,0,0,0,0 missiles=1325,4597,2350,0,74,30,48/325,3997,-2150,0,74,30,48/-675,3197,-150,0,74,30,48
retail_frame=128 camera=-1576,3845,-585,96,224,0 player=140,0,121,0,127,0,0 wingmate=0,0,0,0,0,0,0 missiles=1280,4597,2340,0,74,32,48/280,3997,-2160,0,74,32,48/-720,3197,-160,0,74,32,48
retail_frame=132 camera=-1619,3745,-528,144,128,0 player=140,0,121,0,127,0,0 wingmate=0,0,0,0,0,0,0 missiles=1235,4597,2330,0,74,34,48/235,3997,-2170,0,74,34,48/-765,3197,-170,0,74,34,48
retail_frame=136 camera=-1663,3637,-466,16,176,0 player=140,0,121,0,127,0,0 wingmate=0,0,0,0,0,0,0 missiles=1145,4597,2310,0,74,36,48/190,3997,-2180,0,74,36,48/-810,3197,-180,0,74,36,48
retail_frame=140 camera=-1706,3521,-398,96,96,0 player=140,0,121,0,127,0,0 wingmate=0,0,0,0,0,0,0 missiles=1100,4597,2300,0,74,40,48/100,3997,-2200,0,74,40,48/-855,3197,-190,0,74,38,48
retail_frame=144 camera=-1792,3263,-246,176,192,0 player=140,0,121,0,127,0,0 wingmate=0,0,0,0,0,0,0 missiles=1055,4597,2290,0,74,42,48/55,3997,-2210,0,74,42,48/-945,3197,-210,0,74,42,48
retail_frame=148 camera=-1834,3122,-162,176,80,0 player=140,0,121,0,127,0,0 wingmate=0,0,0,0,0,0,0 missiles=1010,4597,2280,0,74,44,48/10,3997,-2220,0,74,44,48/-990,3197,-220,0,74,44,48
retail_frame=152 camera=-1877,2972,-72,64,80,0 player=140,0,121,0,127,0,0 wingmate=0,0,0,0,0,0,0 missiles=920,4597,2260,0,74,48,48/-80,3997,-2240,0,74,48,48/-1035,3197,-230,0,74,46,48
retail_frame=156 camera=-1919,2820,33,176,224,0 player=140,0,121,0,127,0,0 wingmate=0,0,0,0,0,0,0 missiles=875,4597,2250,0,74,50,48/-125,3997,-2250,0,74,50,48/-1125,3197,-250,0,74,50,48
retail_frame=160 camera=-2002,2511,284,208,240,0 player=140,0,121,0,127,0,0 wingmate=0,0,0,0,0,0,0 missiles=830,4597,2240,0,74,52,48/-170,3997,-2260,0,74,52,48/-1170,3197,-260,0,74,52,48
retail_frame=164 camera=-2044,2354,430,80,224,0 player=140,0,121,0,127,0,0 wingmate=0,0,0,0,0,0,0 missiles=785,4597,2230,0,74,54,48/-215,3997,-2270,0,74,54,48/-1215,3197,-270,0,74,54,48
retail_frame=168 camera=-2084,2197,590,16,144,0 player=140,0,121,0,127,0,0 wingmate=0,0,0,0,0,0,0 missiles=695,4597,2210,0,74,58,48/-305,3997,-2290,0,74,58,48/-1305,3197,-290,0,74,58,48
retail_frame=172 camera=-2165,1886,956,128,224,0 player=140,0,121,0,127,0,0 wingmate=0,0,0,0,0,0,0 missiles=650,4597,2200,0,74,60,48/-350,3997,-2300,0,74,60,48/-1350,3197,-300,0,74,60,48
retail_frame=176 camera=-2205,1733,1162,128,160,0 player=140,0,121,0,127,0,0 wingmate=0,0,0,0,0,0,0 missiles=560,4597,2180,0,74,64,48/-395,3997,-2310,0,74,62,48/-1395,3197,-310,0,74,62,48
retail_frame=180 camera=-2244,1583,1383,176,32,0 player=140,0,121,0,127,0,0 wingmate=0,0,0,0,0,0,0 missiles=515,4597,2170,0,74,66,48/-485,3997,-2330,0,74,66,48/-1485,3197,-330,0,74,66,48
retail_frame=184 camera=-2322,1296,1871,128,208,0 player=140,0,121,0,127,0,0 wingmate=0,0,0,0,0,0,0 missiles=470,4597,2160,0,74,68,48/-530,3997,-2340,0,74,68,48/-1530,3197,-340,0,74,68,48
retail_frame=188 camera=-2361,1100,2088,16,32,0 player=140,0,121,0,127,0,0 wingmate=0,0,0,0,0,0,0 missiles=380,4597,2140,0,74,72,48/-575,3997,-2350,0,74,70,48/-1575,3197,-350,0,74,70,48
retail_frame=192 camera=-2400,897,2313,208,48,0 player=140,0,121,0,127,0,0 wingmate=0,0,0,0,0,0,0 missiles=335,4597,2130,0,74,74,48/-665,3997,-2370,0,74,74,48/-1665,3197,-370,0,74,74,48
retail_frame=196 camera=-2478,473,2785,80,240,0 player=140,0,121,0,127,0,0 wingmate=0,0,0,0,0,0,0 missiles=290,4597,2120,0,74,76,48/-710,3997,-2380,0,74,76,48/-1710,3197,-380,0,74,76,48
retail_frame=200 camera=-2517,251,3032,16,176,0 player=140,0,121,0,127,0,0 wingmate=0,0,0,0,0,0,0 missiles=245,4597,2110,0,74,78,48/-755,3997,-2390,0,74,78,48/-1755,3197,-390,0,74,78,48
retail_frame=204 camera=-2555,22,3287,224,80,0 player=140,0,121,0,127,0,0 wingmate=0,0,0,0,0,0,0 missiles=155,4597,2090,0,74,82,48/-845,3997,-2410,0,74,82,48/-1800,3197,-400,0,74,80,48
retail_frame=208 camera=-2632,-455,3820,112,144,0 player=140,0,121,0,127,0,0 wingmate=0,0,0,0,0,0,0 missiles=110,4597,2080,0,74,84,48/-890,3997,-2420,0,74,84,48/-1890,3197,-420,0,74,84,48
retail_frame=212 camera=-2670,-703,4097,96,0,0 player=140,0,121,0,127,0,0 wingmate=0,0,0,0,0,0,0 missiles=65,4597,2070,0,74,86,48/-935,3997,-2430,0,74,86,48/-1935,3197,-430,0,74,86,48
retail_frame=216 camera=-2707,-957,4383,64,80,0 player=140,0,121,0,127,0,0 wingmate=0,0,0,0,0,0,0 missiles=-25,4597,2050,0,74,90,48/-1025,3997,-2450,0,74,90,48/-1980,3197,-440,0,74,88,48
retail_frame=220 camera=-2782,-1486,4976,60,67,0 player=140,0,121,0,127,0,0 wingmate=0,0,0,0,0,0,0 missiles=-70,4597,2040,0,74,92,48/-1070,3997,-2460,0,74,92,48/-2070,3197,-460,0,74,92,48
retail_frame=224 camera=-2821,-1724,5241,53,94,0 player=-2774,-1744,5221,0,85,40,0 wingmate=0,0,0,0,0,0,0 missiles=-115,4597,2030,0,74,94,48/-1115,3997,-2470,0,74,94,48/-2115,3197,-470,0,74,94,48
retail_frame=228 camera=-2860,-1930,5470,140,55,0 player=-2839,-1950,5430,0,91,40,0 wingmate=0,0,0,0,0,0,0 missiles=-160,4597,2020,0,74,96,48/-1160,3997,-2480,0,74,96,48/-2160,3197,-480,0,74,96,48
retail_frame=232 camera=-2900,-2108,5666,162,222,0 player=-2901,-2128,5603,0,97,40,0 wingmate=0,0,0,0,0,0,0 missiles=-250,4597,2000,0,74,100,48/-1205,3997,-2490,0,74,98,48/-2205,3197,-490,0,74,98,48
retail_frame=236 camera=-2940,-2261,5833,195,93,0 player=-2957,-2281,5746,0,103,40,0 wingmate=0,0,0,0,0,0,0 missiles=-295,4597,1990,0,74,102,48/-1295,3997,-2510,0,74,102,48/-2295,3197,-510,0,74,102,48
retail_frame=240 camera=-3023,-2506,6097,254,9,0 player=-3058,-2526,5960,0,115,40,0 wingmate=0,0,0,0,0,0,0 missiles=-340,4597,1980,0,74,104,48/-1340,3997,-2520,0,74,104,48/-2340,3197,-520,0,74,104,48
retail_frame=244 camera=-3066,-2603,6199,102,66,0 player=-3103,-2623,6038,0,121,40,0 wingmate=0,0,0,0,0,0,0 missiles=-385,4597,1970,0,74,106,48/-1385,3997,-2530,0,74,106,48/-2385,3197,-530,0,74,106,48
retail_frame=248 camera=-3108,-2685,6285,121,109,0 player=-3142,-2705,6107,0,127,74,0 wingmate=0,0,0,0,0,0,0 missiles=-475,4597,1950,0,74,108,48/-1430,3997,-2540,0,74,108,48/-2430,3197,-540,0,74,108,48
retail_frame=252 camera=-3151,-2755,6356,75,143,0 player=-3182,-2775,6167,0,127,104,0 wingmate=0,0,0,0,0,0,0 missiles=-520,4597,1940,0,74,112,48/-1520,3997,-2560,0,74,112,48/-2475,3197,-550,0,74,110,48
retail_frame=256 camera=-3238,-2863,6461,104,188,0 player=-3264,-2883,6264,0,127,155,0 wingmate=0,0,0,0,0,0,0 missiles=-565,4597,1930,0,74,114,48/-1565,3997,-2570,0,74,114,48/-2565,3197,-570,0,74,114,48
retail_frame=260 camera=-3282,-2903,6497,199,203,0 player=-3306,-2923,6300,0,127,176,0 wingmate=0,0,0,0,0,0,0 missiles=-610,4597,1920,0,74,116,48/-1610,3997,-2580,0,74,116,48/-2610,3197,-580,0,74,116,48
retail_frame=264 camera=-3326,-2936,6526,16,214,0 player=-3348,-2956,6330,0,127,195,0 wingmate=0,0,0,0,0,0,0 missiles=-700,4597,1900,0,74,120,48/-1700,3997,-2600,0,74,120,48/-2700,3197,-600,0,74,120,48
retail_frame=268 camera=-3415,-2985,6562,115,230,0 player=-3434,-3005,6377,0,127,227,0 wingmate=0,0,0,0,0,0,0 missiles=-745,4597,1890,0,74,122,48/-1745,3997,-2610,0,74,122,48/-2745,3197,-610,0,74,122,48
retail_frame=272 camera=-3459,-3002,6572,147,235,0 player=-3477,-3022,6396,0,127,241,0 wingmate=0,0,0,0,0,0,0 missiles=-835,4597,1870,0,74,124,48/-1790,3997,-2620,0,74,124,48/-2790,3197,-620,0,74,124,48
retail_frame=276 camera=-3504,-3014,6576,172,239,0 player=-3519,-3034,6413,0,127,254,0 wingmate=0,0,0,0,0,0,0 missiles=-880,4597,1860,0,74,128,48/-1880,3997,-2640,0,74,126,48/-2835,3197,-630,0,74,126,48
retail_frame=280 camera=-3551,-3024,6573,0,0,0 player=-3563,-3043,6426,0,127,8,3 wingmate=-3691,-3043,-2790,0,127,0,3 missiles=-925,4597,1850,0,74,130,48/-1925,3997,-2650,0,74,130,48/-2880,3197,-640,0,74,128,48
retail_frame=284 camera=-3552,-3044,6553,0,0,0 player=-3563,-3043,6422,0,127,6,6 wingmate=-3691,-3043,-2794,0,127,0,6 missiles=-970,4597,1840,0,74,132,48/-1970,3997,-2660,0,74,132,48/-2970,3197,-660,0,74,130,48
retail_frame=288 camera=-3553,-3045,6530,0,0,0 player=-3563,-3043,6415,0,127,5,9 wingmate=-3691,-3043,-2801,0,127,0,9 missiles=-1015,4597,1830,0,74,134,48/-2015,3997,-2670,0,74,134,48/-3015,3197,-670,0,74,134,48
retail_frame=292 camera=-3555,-3046,6505,0,0,0 player=-3563,-3043,6406,0,127,4,11 wingmate=-3691,-3043,-2810,0,127,0,11 missiles=-1060,4597,1820,0,74,136,48/-2060,3997,-2680,0,74,136,48/-3060,3197,-680,0,74,136,48
retail_frame=296 camera=-3556,-3046,6479,0,0,0 player=-3563,-3043,6395,0,127,3,13 wingmate=-3691,-3043,-2821,0,127,0,13 missiles=-1105,4597,1810,0,74,138,48/-2105,3997,-2690,0,74,138,48/-3105,3197,-690,0,74,138,48
retail_frame=300 camera=-3557,-3047,6450,0,0,0 player=-3563,-3043,6382,0,127,4,15 wingmate=-3691,-3043,-2834,0,127,0,15 missiles=-1150,4597,1800,0,74,140,48/-2150,3997,-2700,0,74,140,48/-3150,3197,-700,0,74,140,48
retail_frame=304 camera=-3559,-3048,6421,0,0,0 player=-3563,-3043,6368,0,127,4,16 wingmate=-3691,-3043,-2848,0,127,0,16 missiles=-1195,4597,1790,0,74,142,48/-2195,3997,-2710,0,74,142,48/-3195,3197,-710,0,74,142,48
retail_frame=308 camera=-3561,-3049,6417,0,0,0 player=-3563,-3043,6353,0,127,4,17 wingmate=-3691,-3043,-2863,0,127,4,17 missiles=-1240,4597,1780,0,74,144,48/-2240,3997,-2720,0,74,144,48/-3240,3197,-720,0,74,144,48
retail_frame=312 camera=-3562,-3050,6384,0,0,0 player=-3563,-3043,6337,0,127,4,18 wingmate=-3691,-3043,-2879,0,127,4,18 missiles=-1285,4597,1770,0,74,146,48/-2285,3997,-2730,0,74,146,48/-3285,3197,-730,0,74,146,48
retail_frame=316 camera=-3563,-3052,6364,0,0,0 player=-3563,-3043,6302,0,127,3,20 wingmate=-3563,-3062,6302,0,127,3,20 missiles=-1330,4597,1760,0,74,148,48/-2330,3997,-2740,0,74,148,48/-3330,3197,-740,0,74,148,48
retail_frame=320 camera=-3563,-3054,6323,0,0,0 player=-3563,-3043,6283,0,127,2,21 wingmate=-3563,-3062,6283,0,0,0,21 missiles=-1375,4597,1750,0,74,150,48/-2375,3997,-2750,0,74,150,48/-3375,3197,-750,0,74,150,48
retail_frame=324 camera=-3563,-3056,6301,0,0,0 player=-3563,-3043,6263,0,127,2,22 wingmate=-3691,-3043,-2953,0,127,0,22 missiles=-1465,4597,1730,0,74,154,48/-2465,3997,-2770,0,74,154,48/-3420,3197,-760,0,74,152,48
retail_frame=328 camera=-3563,-3057,6278,0,0,0 player=-3563,-3043,6242,0,127,1,23 wingmate=-3691,-3043,-2974,0,127,0,23 missiles=-1510,4597,1720,0,74,156,48/-2510,3997,-2780,0,74,156,48/-3510,3197,-780,0,74,156,48
retail_frame=332 camera=-3563,-3059,6254,0,0,0 player=-3563,-3043,6220,0,127,0,24 wingmate=-3691,-3043,-2996,0,127,0,24 missiles=-1555,4597,1710,0,74,158,48/-2555,3997,-2790,0,74,158,48/-3555,3197,-790,0,74,158,48
retail_frame=336 camera=-3563,-3061,6229,0,0,0 player=-3563,-3043,6197,0,127,255,25 wingmate=-3691,-3043,-3019,0,127,255,25 missiles=-1600,4597,1700,0,74,160,48/-2600,3997,-2800,0,74,160,48/-3600,3197,-800,0,74,160,48
retail_frame=340 camera=-3563,-3062,6203,0,0,0 player=-3563,-3043,6173,0,127,254,26 wingmate=-3691,-3043,-3043,0,127,254,26 missiles=-1645,4597,1690,0,74,162,48/-2645,3997,-2810,0,74,162,48/-3645,3197,-810,0,74,162,48
retail_frame=344 camera=-3563,-3064,6177,0,0,0 player=-3563,-3043,6122,0,127,253,28 wingmate=-3563,-3066,6122,0,127,253,28 missiles=-1690,4597,1680,0,74,164,48/-2690,3997,-2820,0,74,164,48/-3690,3197,-820,0,74,164,48
retail_frame=348 camera=-3563,-3066,6122,0,0,0 player=-3563,-3043,6095,0,127,253,29 wingmate=-3691,-3043,-3121,0,127,0,29 missiles=-1735,4597,1670,0,74,166,48/-2735,3997,-2830,0,74,166,48/-3735,3197,-830,0,74,166,48
retail_frame=352 camera=-3563,-3067,6093,0,0,0 player=-3563,-3043,6067,0,127,252,30 wingmate=-3691,-3043,-3149,0,127,0,30 missiles=-1825,4597,1650,0,74,170,48/-2825,3997,-2850,0,74,170,48/-3825,3197,-850,0,74,168,48
retail_frame=356 camera=-3563,-3067,6064,0,0,0 player=-3563,-3043,6039,0,127,252,30 wingmate=-3691,-3043,-3177,0,127,0,30 missiles=-1870,4597,1640,0,74,172,48/-2870,3997,-2860,0,74,172,48/-3870,3197,-860,0,74,172,48
retail_frame=360 camera=-3563,-3067,6035,0,0,0 player=-3563,-3043,6011,0,127,252,30 wingmate=-3691,-3043,-3205,0,127,0,30 missiles=-1915,4597,1630,0,74,174,48/-2915,3997,-2870,0,74,174,48/-3915,3197,-870,0,74,174,48
retail_frame=364 camera=-3563,-3067,6006,0,0,0 player=-3563,-3043,5983,0,127,252,30 wingmate=-3691,-3043,-3233,0,127,252,30 missiles=-1960,4597,1620,0,74,176,48/-2960,3997,-2880,0,74,176,48/-3960,3197,-880,0,74,176,48
retail_frame=368 camera=-3563,-3067,5977,0,0,0 player=-3563,-3043,5955,0,127,253,30 wingmate=-3691,-3043,-3261,0,127,253,30 missiles=-2005,4597,1610,0,74,178,48/-3005,3997,-2890,0,74,178,48/-4005,3197,-890,0,74,178,48
retail_frame=372 camera=-3563,-3066,5899,0,0,0 player=-3563,-3043,5899,0,127,254,30 wingmate=-3563,-3066,5899,0,0,0,30 missiles=-2050,4597,1600,0,74,180,48/-3050,3997,-2900,0,74,180,48/-4050,3197,-900,0,74,180,48
retail_frame=376 camera=-3563,-3066,5890,0,0,0 player=-3563,-3043,5871,0,127,254,30 wingmate=-3691,-3043,-3345,0,127,0,30 missiles=-2140,4597,1580,0,74,184,48/-3095,3997,-2910,0,74,182,48/-4095,3197,-910,0,74,182,48
retail_frame=380 camera=-3563,-3065,5861,0,0,0 player=-3563,-3043,5843,0,127,255,30 wingmate=-3691,-3043,-3373,0,127,0,30 missiles=-2185,4597,1570,0,74,186,48/-3185,3997,-2930,0,74,186,48/-4185,3197,-930,0,74,186,48
retail_frame=384 camera=-3563,-3065,5832,0,0,0 player=-3563,-3043,5815,0,127,0,30 wingmate=-3691,-3043,-3401,0,127,0,30 missiles=-2230,4597,1560,0,74,188,48/-3230,3997,-2940,0,74,188,48/-4230,3197,-940,0,74,188,48
retail_frame=388 camera=-3563,-3064,5803,0,0,0 player=-3563,-3043,5787,0,127,1,30 wingmate=-3691,-3043,-3429,0,127,0,30 missiles=-2275,4597,1550,0,74,190,48/-3275,3997,-2950,0,74,190,48/-4275,3197,-950,0,74,190,48
retail_frame=392 camera=-3563,-3063,5774,0,0,0 player=-3563,-3043,5759,0,127,2,30 wingmate=-3691,-3043,-3457,0,127,2,30 missiles=-2320,4597,1540,0,74,192,48/-3320,3997,-2960,0,74,192,48/-4320,3197,-960,0,74,192,48
retail_frame=396 camera=-3563,-3062,5703,0,0,0 player=-3563,-3043,5703,0,127,3,30 wingmate=-3563,-3062,5703,0,0,0,30 missiles=-2365,4597,1530,0,74,194,48/-3365,3997,-2970,0,74,194,48/-4365,3197,-970,0,74,194,48
retail_frame=400 camera=-3563,-3062,5687,0,0,0 player=-3563,-3043,5675,0,127,3,30 wingmate=-3691,-3043,-3541,0,127,0,30 missiles=-2455,4597,1510,0,74,196,48/-3410,3997,-2980,0,74,196,48/-4410,3197,-980,0,74,196,48
retail_frame=404 camera=-3563,-3062,5658,0,0,0 player=-3563,-3043,5647,0,127,4,30 wingmate=-3691,-3043,-3569,0,127,0,30 missiles=-2500,4597,1500,0,74,200,48/-3500,3997,-3000,0,74,200,48/-4500,3197,-1000,0,74,200,48
retail_frame=408 camera=-3563,-3061,5629,0,0,0 player=-3563,-3043,5619,0,127,4,30 wingmate=-3691,-3043,-3597,0,127,0,30 missiles=-2545,4597,1490,0,74,202,48/-3545,3997,-3010,0,74,202,48/-4545,3197,-1010,0,74,202,48
retail_frame=412 camera=-3563,-3061,5600,0,0,0 player=-3563,-3043,5591,0,127,4,30 wingmate=-3691,-3043,-3625,0,127,0,30 missiles=-2590,4597,1480,0,74,204,48/-3590,3997,-3020,0,74,204,48/-4590,3197,-1020,0,74,204,48
retail_frame=416 camera=-3563,-3061,5571,0,0,0 player=-3563,-3043,5563,0,127,4,30 wingmate=-3691,-3043,-3653,0,127,4,30 missiles=-2635,4597,1470,0,74,206,48/-3635,3997,-3030,0,74,206,48/-4635,3197,-1030,0,74,206,48
retail_frame=420 camera=-3563,-3061,5542,0,0,0 player=-3563,-3043,5535,0,127,3,30 wingmate=-3691,-3043,-3681,0,127,3,30 missiles=-2680,4597,1460,0,74,208,48/-3680,3997,-3040,0,74,208,48/-4680,3197,-1040,0,74,208,48
retail_frame=424 camera=-3563,-3062,5484,0,0,0 player=-3563,-3043,5479,0,127,2,30 wingmate=-3691,-3043,-3737,0,127,0,30 missiles=-2725,4597,1450,0,74,210,48/-3725,3997,-3050,0,74,210,48/-4725,3197,-1050,0,74,210,48
retail_frame=428 camera=-3563,-3062,5455,0,0,0 player=-3563,-3043,5451,0,127,2,30 wingmate=-3691,-3043,-3765,0,127,0,30 missiles=-2815,4597,1430,0,74,214,48/-3815,3994,-3070,254,74,214,48/-4770,3196,-1060,255,74,212,48
retail_frame=432 camera=-3563,-3062,5426,0,0,0 player=-3563,-3043,5423,0,127,1,30 wingmate=-3691,-3043,-3793,0,127,0,30 missiles=-2860,4597,1420,0,74,216,48/-3860,3991,-3080,253,74,216,48/-4860,3191,-1080,253,74,216,48
retail_frame=436 camera=-3563,-3063,5397,0,0,0 player=-3563,-3043,5395,0,127,0,30 wingmate=-3691,-3043,-3821,0,127,0,30 missiles=-2905,4597,1410,0,74,218,48/-3905,3987,-3090,252,74,218,48/-4905,3187,-1090,252,74,218,48
retail_frame=440 camera=-3563,-3063,5368,0,0,0 player=-3563,-3043,5367,0,127,255,30 wingmate=-3691,-3043,-3849,0,127,255,30 missiles=-2950,4597,1400,0,74,220,48/-3950,3982,-3100,251,74,220,48/-4950,3182,-1100,251,74,220,48
retail_frame=444 camera=-3563,-3064,5339,0,0,0 player=-3563,-3043,5339,0,127,254,30 wingmate=-3691,-3043,-3877,0,127,254,30 missiles=-2995,4597,1390,0,74,222,48/-3994,3976,-3110,250,74,222,48/-4994,3176,-1110,250,74,222,48
retail_frame=448 camera=-3563,-3065,5311,0,0,0 player=-3563,-3043,5283,0,127,253,30 wingmate=-3691,-3043,-3905,0,127,253,30 missiles=-3040,4597,1380,0,74,224,48/-4038,3969,-3120,249,74,224,48/-5038,3169,-1120,249,74,224,48
retail_frame=452 camera=-3563,-3066,5255,0,0,0 player=-3563,-3043,5255,0,127,253,30 wingmate=-3691,-3043,-3961,0,127,253,30 missiles=-3130,4597,1360,0,74,226,48/-4082,3960,-3130,248,74,226,48/-5082,3160,-1130,248,74,226,48
retail_frame=456 camera=-3563,-3066,5227,0,0,0 player=-3563,-3043,5227,0,127,252,30 wingmate=-3691,-3043,-3989,0,127,252,30 missiles=-3175,4597,1350,0,74,230,48/-4170,3939,-3150,246,74,230,48/-5170,3139,-1150,246,74,230,48
retail_frame=460 camera=-3563,-3066,5199,0,0,0 player=-3563,-3043,5199,0,127,252,30 wingmate=-3691,-3043,-4017,0,127,252,30 missiles=-3220,4597,1340,0,74,232,48/-4213,3927,-3160,245,74,232,48/-5213,3127,-1160,245,74,232,48
retail_frame=464 camera=-3563,-3067,5171,0,0,0 player=-3563,-3043,5171,0,127,252,30 wingmate=-3691,-3043,-4045,0,127,252,30 missiles=-3265,4597,1330,0,74,234,48/-4256,3914,-3170,244,74,234,48/-5256,3114,-1170,244,74,234,48
retail_frame=468 camera=-3563,-3067,5143,0,0,0 player=-3563,-3043,5143,0,127,252,30 wingmate=-3691,-3043,-4073,0,127,252,30 missiles=-3310,4597,1320,0,74,236,48/-4299,3900,-3180,243,74,236,48/-5299,3100,-1180,243,74,236,48
retail_frame=472 camera=-3563,-3067,5115,0,0,0 player=-3563,-3043,5115,0,127,253,30 wingmate=-3691,-3043,-4101,0,127,253,30 missiles=-3355,4597,1310,0,74,238,48/-4341,3885,-3190,242,74,238,48/-5341,3085,-1190,242,74,238,48
retail_frame=476 camera=-3563,-3067,5087,0,0,0 player=-3563,-3043,5059,0,127,254,30 wingmate=-3691,-3043,-4129,0,127,254,30 missiles=-3400,4597,1300,0,74,240,48/-4383,3869,-3200,241,74,240,48/-5383,3069,-1200,241,74,240,48
retail_frame=480 camera=-3563,-3066,5031,0,0,0 player=-3563,-3043,5031,0,127,254,30 wingmate=-3691,-3043,-4185,0,127,254,30 missiles=-3490,4597,1280,0,74,244,48/-4425,3851,-3210,240,74,242,48/-5425,3051,-1210,240,74,242,48
retail_frame=484 camera=-3563,-3066,5003,0,0,0 player=-3563,-3043,5003,0,127,255,30 wingmate=-3691,-3043,-4213,0,127,255,30 missiles=-3535,4597,1270,0,74,246,48/-4506,3812,-3228,238,74,246,48/-5506,3012,-1228,238,74,246,48
retail_frame=488 camera=-3563,-3066,4975,0,0,0 player=-3563,-3043,4975,0,127,0,30 wingmate=-3691,-3043,-4241,0,127,0,30 missiles=-3580,4597,1260,0,74,248,48/-4546,3791,-3237,237,74,248,48/-5546,2991,-1237,237,74,248,48
retail_frame=492 camera=-3563,-3065,4947,0,0,0 player=-3563,-3043,4947,0,127,1,30 wingmate=-3691,-3043,-4269,0,127,1,30 missiles=-3625,4597,1250,0,74,250,48/-4586,3769,-3246,236,74,250,48/-5586,2969,-1246,236,74,250,48
retail_frame=496 camera=-3563,-3065,4919,0,0,0 player=-3563,-3043,4919,0,127,2,30 wingmate=-3691,-3043,-4297,0,127,2,30 missiles=-3670,4597,1240,0,74,252,48/-4625,3746,-3255,235,74,252,48/-5625,2946,-1255,235,74,252,48
retail_frame=500 camera=-3563,-3064,4891,0,0,0 player=-3563,-3043,4891,0,127,2,30 wingmate=-3691,-3043,-4325,0,127,2,30 missiles=-3715,4597,1230,0,74,254,48/-4663,3722,-3264,234,74,254,48/-5663,2922,-1264,234,74,254,48
retail_frame=504 camera=-3563,-3063,4863,0,0,0 player=-3563,-3043,4863,0,127,3,30 wingmate=-3691,-3043,-4353,0,127,3,30 missiles=-3760,4597,1220,0,74,0,48/-4701,3697,-3273,233,74,0,48/-5701,2897,-1273,233,74,0,48
retail_frame=508 camera=-3563,-3062,4807,0,0,0 player=-3563,-3043,4807,0,127,4,30 wingmate=-3563,-3062,4807,0,127,4,30 missiles=-3805,4597,1210,0,74,2,48/-4738,3671,-3282,232,74,2,48/-5738,2871,-1282,232,74,2,48
retail_frame=512 camera=-3563,-3062,4779,0,0,0 player=-3563,-3043,4779,0,127,4,30 wingmate=-3691,-3043,-4437,0,127,4,30 missiles=-3895,4597,1190,0,74,4,48/-4775,3644,-3290,231,74,4,48/-5775,2844,-1290,231,74,4,48
retail_frame=516 camera=-3563,-3062,4751,0,0,0 player=-3563,-3043,4751,0,127,4,30 wingmate=-3691,-3043,-4465,0,127,4,30 missiles=-3940,4597,1180,0,74,8,48/-4811,3616,-3298,230,74,6,48/-5811,2816,-1298,230,74,6,48
retail_frame=520 camera=-3563,-3061,4723,0,0,0 player=-3563,-3043,4723,0,127,4,30 wingmate=-3691,-3043,-4493,0,127,4,30 missiles=-3985,4597,1170,0,74,10,48/-4881,3557,-3314,228,74,10,48/-5846,2787,-1306,229,74,8,48
retail_frame=524 camera=-3563,-3061,4695,0,0,0 player=-3563,-3043,4695,0,127,3,30 wingmate=-3691,-3043,-4521,0,127,3,30 missiles=-4030,4597,1160,0,74,12,48/-4915,3527,-3322,227,74,12,48/-5915,2727,-1322,227,74,12,48
retail_frame=528 camera=-3563,-3061,4667,0,0,0 player=-3563,-3043,4667,0,127,3,30 wingmate=-3691,-3043,-4549,0,127,3,30 missiles=-4075,4597,1150,0,74,14,48/-4948,3496,-3330,226,74,14,48/-5948,2696,-1330,226,74,14,48
retail_frame=532 camera=-3563,-3061,4639,0,0,0 player=-3563,-3043,4639,0,127,2,30 wingmate=-3691,-3043,-4577,0,127,2,30 missiles=-4120,4597,1140,0,74,16,48/-4980,3464,-3337,225,74,16,48/-5980,2664,-1337,225,74,16,48
retail_frame=536 camera=-3563,-3061,4611,0,0,0 player=-3563,-3043,4611,0,127,2,30 wingmate=-3691,-3043,-4605,0,127,2,30 missiles=-4165,4597,1130,0,74,18,48/-5011,3431,-3344,224,74,18,48/-6011,2631,-1344,224,74,18,48
retail_frame=540 camera=-3563,-3062,4583,0,0,0 player=-3563,-3043,4583,0,127,1,30 wingmate=-3691,-3043,-4633,0,127,1,30 missiles=-4210,4597,1120,0,74,20,48/-5042,3397,-3351,223,74,20,48/-6042,2597,-1351,223,74,20,48
retail_frame=544 camera=-3563,-3062,4555,0,0,0 player=-3563,-3043,4555,0,127,0,30 wingmate=-3691,-3043,-4661,0,127,0,30 missiles=-4255,4597,1110,0,74,22,48/-5072,3362,-3358,222,74,22,48/-6072,2562,-1358,222,74,22,48
retail_frame=548 camera=-3563,-3062,4527,0,0,0 player=-3563,-3043,4527,0,127,255,30 wingmate=-3691,-3043,-4689,0,127,255,30 missiles=-4300,4597,1100,0,74,24,48/-5101,3326,-3365,221,74,24,48/-6101,2526,-1365,221,74,24,48
retail_frame=552 camera=-3563,-3063,4499,0,0,0 player=-3563,-3043,4499,0,127,254,30 wingmate=-3691,-3043,-4717,0,127,254,30 missiles=-4345,4597,1090,0,74,26,48/-5129,3290,-3371,220,74,26,48/-6129,2490,-1371,220,74,26,48
retail_frame=556 camera=-3563,-3063,4471,0,0,0 player=-3563,-3043,4471,0,127,254,30 wingmate=-3691,-3043,-4745,0,127,254,30 missiles=-4390,4597,1080,0,74,28,48/-5157,3253,-3377,219,74,28,48/-6157,2453,-1377,219,74,28,48
retail_frame=560 camera=-3563,-3064,4443,0,0,0 player=-3563,-3043,4443,0,127,253,30 wingmate=-3691,-3043,-4773,0,127,253,30 missiles=-4435,4597,1070,0,74,30,48/-5183,3215,-3383,218,74,30,48/-6183,2415,-1383,218,74,30,48
retail_frame=564 camera=-3563,-3065,4415,0,0,0 player=-3563,-3043,4415,0,127,253,30 wingmate=-3691,-3043,-4801,0,127,253,30 missiles=-4480,4597,1060,0,74,32,48/-5209,3177,-3389,217,74,32,48/-6209,2377,-1389,217,74,32,48
retail_frame=568 camera=-3563,-3065,4387,0,0,0 player=-3563,-3043,4359,0,127,252,30 wingmate=-3563,-3066,4359,0,127,252,30 missiles=-4525,4597,1050,0,74,34,48/-5234,3138,-3395,216,74,34,48/-6234,2338,-1395,216,74,34,48
retail_frame=572 camera=-3563,-3066,4359,0,0,0 player=-3563,-3043,4331,0,127,252,30 wingmate=-3563,-3066,4331,0,127,252,30 missiles=-4570,4597,1040,0,74,36,48/-5259,3099,-3401,216,74,36,48/-6259,2299,-1401,216,74,36,48
retail_frame=576 camera=-3563,-3066,4303,0,0,0 player=-3563,-3043,4303,0,127,252,30 wingmate=-3563,-3066,4303,0,127,252,30 missiles=-4615,4597,1030,0,74,38,48/-5284,3060,-3407,216,74,38,48/-6284,2260,-1407,216,74,38,48
retail_frame=580 camera=-3563,-3067,4275,0,0,0 player=-3563,-3043,4275,0,127,253,30 wingmate=-3691,-3043,-4941,0,127,253,30 missiles=-4705,4597,1010,0,74,42,48/-5309,3021,-3413,216,74,40,48/-6309,2221,-1413,216,74,40,48
retail_frame=584 camera=-3563,-3067,4247,0,0,0 player=-3563,-3043,4247,0,127,253,30 wingmate=-3691,-3043,-4969,0,127,253,30 missiles=-4750,4597,1000,0,74,44,48/-5359,2943,-3425,216,74,44,48/-6334,2182,-1419,216,74,42,48
retail_frame=588 camera=-3563,-3067,4219,0,0,0 player=-3563,-3043,4219,0,127,254,30 wingmate=-3691,-3043,-4997,0,127,254,30 missiles=-4795,4597,990,0,74,46,48/-5384,2904,-3431,216,74,46,48/-6384,2104,-1431,216,74,46,48
retail_frame=592 camera=-3563,-3067,4191,0,0,0 player=-3563,-3043,4191,0,127,254,30 wingmate=-3691,-3043,-5025,0,127,254,30 missiles=-4840,4597,980,0,74,48,48/-5409,2865,-3437,216,74,48,48/-6409,2065,-1437,216,74,48,48
retail_frame=596 camera=-3563,-3067,4163,0,0,0 player=-3563,-3043,4163,0,127,255,30 wingmate=-3691,-3043,-5053,0,127,255,30 missiles=-4885,4597,970,0,74,50,48/-5434,2826,-3443,216,74,50,48/-6434,2026,-1443,216,74,50,48
retail_frame=600 camera=-3563,-3066,4135,0,0,0 player=-3563,-3043,4135,0,127,0,30 wingmate=-3691,-3043,-5081,0,127,0,30 missiles=-4930,4597,960,0,74,52,48/-5459,2787,-3449,216,74,52,48/-6459,1987,-1449,216,74,52,48
retail_frame=604 camera=-3563,-3066,4107,0,0,0 player=-3563,-3043,4107,0,127,1,30 wingmate=-3691,-3043,-5109,0,127,1,30 missiles=-4975,4597,950,0,74,54,48/-5484,2748,-3455,216,74,54,48/-6484,1948,-1455,216,74,54,48
retail_frame=608 camera=-3563,-3066,4079,0,0,0 player=-3563,-3043,4079,0,127,2,30 wingmate=-3691,-3043,-5137,0,127,2,30 missiles=-5020,4596,940,255,74,56,48/-5509,2709,-3461,216,74,56,48/-6509,1909,-1461,216,74,56,48
retail_frame=612 camera=-3563,-3065,4051,0,0,0 player=-3563,-3043,4051,0,127,2,30 wingmate=-3691,-3043,-5165,0,127,2,30 missiles=-5065,4594,930,254,74,58,48/-5534,2670,-3467,216,74,58,48/-6534,1870,-1467,216,74,58,48
retail_frame=616 camera=-3563,-3065,4023,0,0,0 player=-3563,-3043,4023,0,127,3,30 wingmate=-3691,-3043,-5193,0,127,3,30 missiles=-5110,4591,920,253,74,60,48/-5559,2631,-3473,216,74,60,48/-6559,1831,-1473,216,74,60,48
retail_frame=620 camera=-3563,-3064,3995,0,0,0 player=-3563,-3043,3995,0,127,3,30 wingmate=-3691,-3043,-5221,0,127,3,30 missiles=-5155,4587,910,252,74,62,48/-5584,2592,-3479,216,74,62,48/-6584,1792,-1479,216,74,62,48
retail_frame=624 camera=-3563,-3063,3967,0,0,0 player=-3563,-3043,3967,0,127,4,30 wingmate=-3691,-3043,-5249,0,127,4,30 missiles=-5200,4582,900,251,74,64,48/-5609,2553,-3485,216,74,64,48/-6609,1753,-1485,216,74,64,48
retail_frame=628 camera=-3563,-3063,3939,0,0,0 player=-3563,-3043,3939,0,127,4,30 wingmate=-3691,-3043,-5277,0,127,4,30 missiles=-5244,4576,890,250,74,66,48/-5634,2514,-3491,216,74,66,48/-6634,1714,-1491,216,74,66,48
retail_frame=632 camera=-3563,-3062,3911,0,0,0 player=-3563,-3043,3883,0,127,4,30 wingmate=-3563,-3062,3883,0,127,4,30 missiles=-5288,4569,880,249,74,68,48/-5659,2475,-3497,216,74,68,48/-6659,1675,-1497,216,74,68,48
retail_frame=636 camera=-3563,-3062,3883,0,0,0 player=-3563,-3043,3855,0,127,3,30 wingmate=-3563,-3062,3855,0,127,3,30 missiles=-5332,4560,870,248,74,70,48/-5684,2436,-3503,216,74,70,48/-6684,1636,-1503,216,74,70,48
retail_frame=640 camera=-3563,-3062,3855,0,0,0 player=-3563,-3043,3827,0,127,3,30 wingmate=-3691,-3043,-5361,0,127,3,30 missiles=-5376,4550,860,247,74,72,48/-5709,2397,-3509,216,74,72,48/-6709,1597,-1509,216,74,72,48
retail_frame=644 camera=-3563,-3061,3799,0,0,0 player=-3563,-3043,3799,0,127,2,30 wingmate=-3563,-3061,3799,0,127,2,30 missiles=-5420,4539,850,246,74,74,48/-5734,2358,-3515,216,74,74,48/-6734,1558,-1515,216,74,74,48
retail_frame=648 camera=-3563,-3061,3771,0,0,0 player=-3563,-3043,3771,0,127,2,30 wingmate=-3691,-3043,-5445,0,127,2,30 missiles=-5506,4514,830,244,74,76,48/-5759,2319,-3521,216,74,76,48/-6759,1519,-1521,216,74,76,48
retail_frame=652 camera=-3563,-3061,3743,0,0,0 player=-3563,-3043,3743,0,127,1,30 wingmate=-3563,-3061,3743,0,127,1,30 missiles=-5506,4514,830,244,74,78,48/-5784,2280,-3527,216,74,78,48/-6784,1480,-1527,216,74,78,48
retail_frame=656 camera=-3563,-3061,3743,0,0,0 player=-3563,-3043,3743,0,127,0,30 wingmate=-3691,-3043,-5473,0,127,0,30 missiles=-5549,4500,820,243,74,80,48/-5809,2241,-3533,216,74,80,48/-6809,1441,-1533,216,74,80,48
retail_frame=660 camera=-3563,-3062,3687,0,0,0 player=-3563,-3043,3687,0,127,255,30 wingmate=-3563,-3062,3687,0,127,255,30 missiles=-5591,4485,810,242,74,82,48/-5834,2202,-3539,216,74,82,48/-6834,1402,-1539,216,74,82,48
retail_frame=664 camera=-3563,-3062,3659,0,0,0 player=-3563,-3043,3659,0,127,254,30 wingmate=-3691,-3043,-5557,0,127,254,30 missiles=-5633,4469,800,241,74,84,48/-5859,2163,-3545,216,74,84,48/-6859,1363,-1545,216,74,84,48
retail_frame=668 camera=-3563,-3062,3631,0,0,0 player=-3563,-3043,3631,0,127,254,30 wingmate=-3691,-3043,-5585,0,127,254,30 missiles=-5716,4432,781,239,74,86,48/-5884,2124,-3551,216,74,86,48/-6884,1324,-1551,216,74,86,48
retail_frame=672 camera=-3563,-3063,3603,0,0,0 player=-3563,-3043,3603,0,127,253,30 wingmate=-3563,-3063,3603,0,127,253,30 missiles=-5716,4432,781,239,74,88,48/-5909,2085,-3557,216,74,88,48/-6909,1285,-1557,216,74,88,48
retail_frame=676 camera=-3563,-3063,3603,0,0,0 player=-3563,-3043,3575,0,127,253,30 wingmate=-3691,-3043,-5613,0,127,253,30 missiles=-5756,4412,772,238,74,90,48/-5934,2046,-3563,216,74,90,48/-6934,1246,-1563,216,74,90,48
retail_frame=680 camera=-3563,-3064,3547,0,0,0 player=-3563,-3043,3547,0,127,252,30 wingmate=-3563,-3064,3547,0,127,252,30 missiles=-5796,4391,763,237,74,92,48/-5959,2007,-3569,216,74,92,48/-6959,1207,-1569,216,74,92,48
retail_frame=684 camera=-3563,-3065,3519,0,0,0 player=-3563,-3043,3519,0,127,252,30 wingmate=-3563,-3065,3519,0,127,252,30 missiles=-5836,4369,754,236,74,94,48/-5985,1969,-3575,217,74,94,48/-6985,1169,-1575,217,74,94,48
retail_frame=688 camera=-3563,-3065,3519,0,0,0 player=-3563,-3043,3491,0,127,252,30 wingmate=-3563,-3065,3491,0,127,252,30 missiles=-5875,4346,745,235,74,96,48/-6011,1931,-3581,218,74,96,48/-7011,1131,-1581,218,74,96,48
retail_frame=692 camera=-3563,-3065,3491,0,0,0 player=-3563,-3043,3491,0,127,252,30 wingmate=-3691,-3043,-5725,0,127,252,30 missiles=-5913,4322,736,234,74,98,48/-6039,1894,-3587,219,74,98,48/-7039,1094,-1587,219,74,98,48
retail_frame=696 camera=-3563,-3066,3463,0,0,0 player=-3563,-3043,3463,0,127,252,30 wingmate=-3691,-3043,-5753,0,127,252,30 missiles=-5951,4297,727,233,74,100,48/-6067,1858,-3593,220,74,100,48/-7067,1058,-1593,220,74,100,48
retail_frame=700 camera=-3563,-3066,3435,0,0,0 player=-3563,-3043,3435,0,127,253,30 wingmate=-3691,-3043,-5781,0,127,253,30 missiles=-5988,4271,718,232,74,102,48/-6096,1822,-3600,221,74,102,48/-7096,1022,-1600,221,74,102,48
retail_frame=704 camera=-3563,-3066,3407,0,0,0 player=-3563,-3043,3407,0,127,253,30 wingmate=-3691,-3043,-5809,0,127,253,30 missiles=-6025,4244,710,231,74,104,48/-6126,1787,-3607,222,74,104,48/-7126,987,-1607,222,74,104,48
retail_frame=708 camera=-3563,-3067,3379,0,0,0 player=-3563,-3043,3351,0,127,254,30 wingmate=-3691,-3043,-5837,0,127,254,30 missiles=-6061,4216,702,230,74,106,48/-6157,1753,-3614,223,74,106,48/-7157,953,-1614,223,74,106,48
retail_frame=712 camera=-3563,-3067,3323,0,0,0 player=-3563,-3043,3323,0,127,255,30 wingmate=-3563,-3067,3323,0,127,255,30 missiles=-6096,4187,694,229,74,108,48/-6188,1720,-3621,224,74,108,48/-7188,920,-1621,224,74,108,48
retail_frame=716 camera=-3563,-3067,3295,0,0,0 player=-3563,-3043,3295,0,127,0,30 wingmate=-3691,-3043,-5921,0,127,0,30 missiles=-6131,4157,686,228,74,110,48/-6220,1688,-3628,225,74,110,48/-7220,888,-1628,225,74,110,48
retail_frame=720 camera=-3563,-3067,3267,0,0,0 player=-3563,-3043,3267,0,127,1,30 wingmate=-3691,-3043,-5949,0,127,1,30 missiles=-6198,4096,670,226,74,114,48/-6253,1657,-3636,226,74,112,48/-7253,857,-1636,226,74,112,48
retail_frame=724 camera=-3563,-3066,3239,0,0,0 player=-3563,-3043,3239,0,127,2,30 wingmate=-3691,-3043,-5977,0,127,2,30 missiles=-6230,4064,663,225,74,116,48/-6322,1597,-3652,228,74,116,48/-7322,797,-1652,228,74,114,48
retail_frame=728 camera=-3563,-3066,3211,0,0,0 player=-3563,-3043,3211,0,127,2,30 wingmate=-3691,-3043,-6005,0,127,2,30 missiles=-6261,4031,656,224,74,118,48/-6357,1568,-3660,229,74,118,48/-7357,768,-1660,229,74,118,48
retail_frame=732 camera=-3563,-3066,3183,0,0,0 player=-3563,-3043,3183,0,127,3,30 wingmate=-3691,-3043,-6033,0,127,3,30 missiles=-6292,3997,649,223,74,120,48/-6393,1540,-3668,230,74,120,48/-7393,740,-1668,230,74,120,48
retail_frame=736 camera=-3563,-3065,3155,0,0,0 player=-3563,-3043,3155,0,127,3,30 wingmate=-3691,-3043,-6061,0,127,3,30 missiles=-6322,3962,642,222,74,122,48/-6430,1513,-3676,231,74,122,48/-7430,713,-1676,231,74,122,48
retail_frame=740 camera=-3563,-3065,3127,0,0,0 player=-3563,-3043,3127,0,127,4,30 wingmate=-3691,-3043,-6089,0,127,4,30 missiles=-6351,3926,635,221,74,124,48/-6467,1487,-3685,232,74,124,48/-7467,687,-1685,232,74,124,48
retail_frame=744 camera=-3563,-3064,3099,0,0,0 player=-3563,-3043,3099,0,127,4,30 wingmate=-3691,-3043,-6117,0,127,4,30 missiles=-6379,3890,629,220,74,126,48/-6505,1462,-3694,233,74,126,48/-7505,662,-1694,233,74,126,48
retail_frame=748 camera=-3563,-3063,3071,0,0,0 player=-3563,-3043,3071,0,127,4,30 wingmate=-3691,-3043,-6145,0,127,4,30 missiles=-6407,3853,623,219,74,128,48/-6543,1438,-3703,234,74,128,48/-7543,638,-1703,234,74,128,48
retail_frame=752 camera=-3563,-3063,3043,0,0,0 player=-3563,-3043,3043,0,127,4,30 wingmate=-3691,-3043,-6173,0,127,4,30 missiles=-6433,3815,617,218,74,130,48/-6582,1415,-3712,235,74,130,48/-7582,615,-1712,235,74,130,48
retail_frame=756 camera=-3563,-3062,3015,0,0,0 player=-3563,-3043,3015,0,127,3,30 wingmate=-3691,-3043,-6201,0,127,3,30 missiles=-6459,3777,611,217,74,132,48/-6622,1393,-3721,236,74,132,48/-7622,593,-1721,236,74,132,48
retail_frame=760 camera=-3563,-3062,2987,0,0,0 player=-3563,-3043,2987,0,127,3,30 wingmate=-3691,-3043,-6229,0,127,3,30 missiles=-6484,3738,605,216,74,134,48/-6662,1372,-3730,237,74,134,48/-7662,572,-1730,237,74,134,48
retail_frame=764 camera=-3563,-3062,2959,0,0,0 player=-3563,-3043,2959,0,127,2,30 wingmate=-3691,-3043,-6257,0,127,2,0 missiles=-6509,3699,599,216,74,136,48/-6702,1352,-3739,238,74,136,48/-7702,552,-1739,238,74,136,48
retail_frame=768 camera=-3563,-3061,2903,0,0,0 player=-3563,-3043,2903,0,127,1,30 wingmate=-3563,-3061,2903,0,127,1,30 missiles=-6534,3660,593,216,74,138,48/-6743,1333,-3748,239,74,138,48/-7743,533,-1748,239,74,138,48
retail_frame=772 camera=-3563,-3061,2875,0,0,0 player=-3563,-3043,2875,0,127,0,30 wingmate=-3563,-3061,2875,0,127,0,30 missiles=-6559,3621,587,216,74,140,48/-6785,1315,-3758,240,74,140,48/-7785,515,-1758,240,74,140,48
retail_frame=776 camera=-3563,-3061,2847,0,0,0 player=-3563,-3043,2847,0,127,255,30 wingmate=-3691,-3043,-6369,0,127,255,30 missiles=-6609,3543,575,216,74,144,48/-6827,1299,-3768,241,74,142,48/-7827,499,-1768,241,74,142,48
retail_frame=780 camera=-3563,-3061,2819,0,0,0 player=-3563,-3043,2819,0,127,254,30 wingmate=-3691,-3043,-6397,0,127,254,30 missiles=-6634,3504,569,216,74,146,48/-6912,1270,-3788,243,74,146,48/-7869,484,-1778,242,74,144,48
retail_frame=784 camera=-3563,-3062,2791,0,0,0 player=-3563,-3043,2791,0,127,254,30 wingmate=-3691,-3043,-6425,0,127,254,30 missiles=-6659,3465,563,216,74,148,48/-6955,1257,-3798,244,74,148,48/-7955,457,-1798,244,74,148,48
retail_frame=788 camera=-3563,-3062,2763,0,0,0 player=-3563,-3043,2763,0,127,253,30 wingmate=-3691,-3043,-6453,0,127,253,30 missiles=-6684,3426,557,216,74,150,48/-6998,1245,-3808,245,74,150,48/-7998,445,-1808,245,74,150,48
retail_frame=792 camera=-3563,-3062,2735,0,0,0 player=-3563,-3043,2735,0,127,253,30 wingmate=-3691,-3043,-6481,0,127,253,30 missiles=-6709,3387,551,216,74,152,48/-7042,1234,-3818,246,74,152,48/-8042,434,-1818,246,74,152,48
retail_frame=796 camera=-3563,-3063,2707,0,0,0 player=-3563,-3043,2707,0,127,252,30 wingmate=-3691,-3043,-6509,0,127,252,30 missiles=-6734,3348,545,216,74,154,48/-7086,1224,-3828,247,74,154,48/-8086,424,-1828,247,74,154,48
retail_frame=800 camera=-3563,-3063,2679,0,0,0 player=-3563,-3043,2679,0,127,252,30 wingmate=-3691,-3043,-6537,0,127,252,30 missiles=-6759,3309,539,216,74,156,48/-7130,1215,-3838,248,74,156,48/-8130,415,-1838,248,74,156,48
retail_frame=804 camera=-3563,-3064,2651,0,0,0 player=-3563,-3043,2651,0,127,252,30 wingmate=-3691,-3043,-6565,0,127,252,30 missiles=-6784,3270,533,216,74,158,48/-7174,1208,-3848,249,74,158,48/-8174,408,-1848,249,74,158,48
retail_frame=808 camera=-3563,-3065,2623,0,0,0 player=-3563,-3043,2595,0,127,253,30 wingmate=-3691,-3043,-6593,0,127,253,30 missiles=-6809,3231,527,216,74,160,48/-7218,1202,-3858,250,74,160,48/-8218,402,-1858,250,74,160,48
retail_frame=812 camera=-3563,-3066,2567,0,0,0 player=-3563,-3043,2567,0,127,253,30 wingmate=-3563,-3066,2567,0,127,253,30 missiles=-6834,3192,521,216,74,162,48/-7263,1197,-3868,251,74,162,48/-8263,397,-1868,251,74,162,48
retail_frame=816 camera=-3563,-3066,2539,0,0,0 player=-3563,-3043,2539,0,127,254,30 wingmate=-3691,-3043,-6677,0,127,254,30 missiles=-6884,3114,509,216,74,166,48/-7308,1193,-3878,252,74,164,48/-8308,393,-1878,252,74,164,48
retail_frame=820 camera=-3563,-3066,2511,0,0,0 player=-3563,-3043,2511,0,127,254,30 wingmate=-3691,-3043,-6705,0,127,254,30 missiles=-6909,3075,503,216,74,168,48/-7398,1188,-3898,254,74,168,48/-8398,388,-1898,254,74,166,48
retail_frame=824 camera=-3563,-3067,2483,0,0,0 player=-3563,-3043,2483,0,127,255,30 wingmate=-3691,-3043,-6733,0,127,255,30 missiles=-6934,3036,497,216,74,170,48/-7443,1187,-3908,255,74,170,48/-8443,387,-1908,255,74,170,48
retail_frame=828 camera=-3563,-3067,2455,0,0,0 player=-3563,-3043,2455,0,127,0,30 wingmate=-3691,-3043,-6761,0,127,0,30 missiles=-6959,2997,491,216,74,172,48/-7488,1187,-3918,0,74,172,48/-8488,387,-1918,0,74,172,48
retail_frame=832 camera=-3563,-3067,2427,0,0,0 player=-3563,-3043,2427,0,127,1,30 wingmate=-3691,-3043,-6789,0,127,1,30 missiles=-6984,2958,485,216,74,174,48/-7533,1187,-3928,0,74,174,48/-8533,387,-1928,0,74,174,48
retail_frame=836 camera=-3563,-3067,2399,0,0,0 player=-3563,-3043,2399,0,127,2,30 wingmate=-3691,-3043,-6817,0,127,2,30 missiles=-7009,2919,479,216,74,176,48/-7578,1187,-3938,0,74,176,48/-8578,387,-1938,0,74,176,48
retail_frame=840 camera=-3563,-3067,2371,0,0,0 player=-3563,-3043,2343,0,127,3,30 wingmate=-3691,-3043,-6845,0,127,3,30 missiles=-7034,2880,473,216,74,178,48/-7623,1187,-3948,0,74,178,48/-8623,387,-1948,0,74,178,48
retail_frame=844 camera=-3563,-3066,2315,0,0,0 player=-3563,-3043,2315,0,127,3,30 wingmate=-3563,-3066,2315,0,127,3,30 missiles=-7059,2841,467,216,74,180,48/-7668,1187,-3958,0,74,180,48/-8668,387,-1958,0,74,180,48
retail_frame=848 camera=-3563,-3066,2287,0,0,0 player=-3563,-3043,2287,0,127,4,30 wingmate=-3691,-3043,-6929,0,127,4,30 missiles=-7109,2763,455,216,74,184,48/-7713,1187,-3968,0,74,182,48/-8713,387,-1968,0,74,182,48
retail_frame=852 camera=-3563,-3065,2259,0,0,0 player=-3563,-3043,2259,0,127,4,30 wingmate=-3691,-3043,-6957,0,127,4,30 missiles=-7134,2724,449,216,74,186,48/-7803,1187,-3988,0,74,186,48/-8803,387,-1988,0,74,184,48
retail_frame=856 camera=-3563,-3065,2231,0,0,0 player=-3563,-3043,2231,0,127,4,30 wingmate=-3691,-3043,-6985,0,127,4,30 missiles=-7159,2685,443,216,74,188,48/-7848,1187,-3998,0,74,188,48/-8848,387,-1998,0,74,188,48
retail_frame=860 camera=-3563,-3064,2203,0,0,0 player=-3563,-3043,2203,0,127,4,30 wingmate=-3691,-3043,-7013,0,127,4,30 missiles=-7184,2646,437,216,74,190,48/-7893,1187,-4008,0,74,190,48/-8893,387,-2008,0,74,190,48
retail_frame=864 camera=-3563,-3063,2175,0,0,0 player=-3563,-3043,2175,0,127,3,30 wingmate=-3691,-3043,-7041,0,127,3,30 missiles=-7209,2607,431,216,74,192,48/-7938,1187,-4018,0,74,192,48/-8938,387,-2018,0,74,192,48
retail_frame=868 camera=-3563,-3063,2147,0,0,0 player=-3563,-3043,2147,0,127,3,30 wingmate=-3691,-3043,-7069,0,127,3,30 missiles=-7235,2569,425,217,74,194,48/-7983,1187,-4028,0,74,194,48/-8983,387,-2028,0,74,194,48
retail_frame=872 camera=-3563,-3062,2119,0,0,0 player=-3563,-3043,2119,0,127,2,30 wingmate=-3691,-3043,-7097,0,127,2,30 missiles=-7261,2531,419,218,74,196,48/-8028,1187,-4038,0,74,196,48/-9028,387,-2038,0,74,196,48
retail_frame=876 camera=-3563,-3062,2091,0,0,0 player=-3563,-3043,2091,0,127,1,30 wingmate=-3691,-3043,-7125,0,127,1,30 missiles=-7289,2494,413,219,74,198,48/-8073,1187,-4048,0,74,198,48/-9073,387,-2048,0,74,198,48
retail_frame=880 camera=-3563,-3061,2035,0,0,0 player=-3563,-3043,2035,0,127,0,30 wingmate=-3563,-3061,2035,0,127,0,30 missiles=-7317,2458,407,220,74,200,48/-8118,1187,-4058,0,74,200,48/-9118,387,-2058,0,74,200,48
retail_frame=884 camera=-3563,-3061,2007,0,0,0 player=-3563,-3043,2007,0,127,255,30 wingmate=-3691,-3043,-7209,0,127,255,30 missiles=-7376,2387,393,222,74,204,48/-8163,1187,-4068,0,74,202,48/-9163,387,-2068,0,74,202,48
retail_frame=888 camera=-3563,-3061,1979,0,0,0 player=-3563,-3043,1979,0,127,254,30 wingmate=-3691,-3043,-7237,0,127,254,30 missiles=-7407,2353,386,223,74,206,48/-8253,1187,-4088,0,74,206,48/-9253,387,-2088,0,74,204,48
retail_frame=892 camera=-3563,-3061,1951,0,0,0 player=-3563,-3043,1951,0,127,254,30 wingmate=-3691,-3043,-7265,0,127,254,30 missiles=-7438,2320,379,224,74,208,48/-8298,1187,-4098,0,74,208,48/-9298,387,-2098,0,74,208,48
retail_frame=896 camera=-3563,-3061,1923,0,0,0 player=-3563,-3043,1923,0,127,253,30 wingmate=-3691,-3043,-7293,0,127,253,30 missiles=-7470,2288,372,225,74,210,48/-8343,1187,-4108,0,74,210,48/-9343,387,-2108,0,74,210,48
retail_frame=900 camera=-3563,-3062,1895,0,0,0 player=-3563,-3043,1895,0,127,253,30 wingmate=-3691,-3043,-7321,0,127,253,30 missiles=-7503,2257,364,226,74,212,48/-8388,1187,-4118,0,74,212,48/-9388,387,-2118,0,74,212,48
retail_frame=904 camera=-3563,-3062,1867,0,0,0 player=-3563,-3043,1867,0,127,252,30 wingmate=-3691,-3043,-7349,0,127,252,30 missiles=-7537,2227,356,227,74,214,48/-8433,1187,-4128,0,74,214,48/-9433,387,-2128,0,74,214,48
retail_frame=908 camera=-3563,-3062,1839,0,0,0 player=-3563,-3043,1839,0,127,252,30 wingmate=-3691,-3043,-7377,0,127,252,30 missiles=-7572,2197,348,228,74,216,48/-8478,1187,-4138,0,74,216,48/-9478,387,-2138,0,74,216,48
retail_frame=912 camera=-3563,-3063,1811,0,0,0 player=-3563,-3043,1783,0,127,252,30 wingmate=-3563,-3063,1783,0,127,252,30 missiles=-7607,2168,340,229,74,218,48/-8523,1187,-4148,0,74,218,48/-9523,387,-2148,0,74,218,48
retail_frame=916 camera=-3563,-3064,1755,0,0,0 player=-3563,-3043,1755,0,127,253,30 wingmate=-3563,-3064,1755,0,127,253,30 missiles=-7643,2140,332,230,74,220,48/-8568,1187,-4158,0,74,220,48/-9568,387,-2158,0,74,220,48
retail_frame=920 camera=-3563,-3065,1727,0,0,0 player=-3563,-3043,1727,0,127,253,30 wingmate=-3691,-3043,-7489,0,127,253,30 missiles=-7717,2087,315,232,74,224,48/-8658,1187,-4178,0,74,222,48/-9613,387,-2168,0,74,222,48
retail_frame=924 camera=-3563,-3065,1699,0,0,0 player=-3563,-3043,1699,0,127,254,30 wingmate=-3691,-3043,-7517,0,127,254,30 missiles=-7755,2062,306,233,74,226,48/-8703,1187,-4188,0,74,226,48/-9703,387,-2188,0,74,226,48
retail_frame=928 camera=-3563,-3066,1671,0,0,0 player=-3563,-3043,1671,0,127,254,30 wingmate=-3691,-3043,-7545,0,127,254,30 missiles=-7793,2038,297,234,74,228,48/-8748,1187,-4198,0,74,228,48/-9748,387,-2198,0,74,228,48
retail_frame=932 camera=-3563,-3066,1643,0,0,0 player=-3563,-3043,1643,0,127,255,30 wingmate=-3691,-3043,-7573,0,127,255,30 missiles=-7832,2015,288,235,74,230,48/-8793,1187,-4208,0,74,230,48/-9793,387,-2208,0,74,230,48
retail_frame=936 camera=-3563,-3066,1615,0,0,0 player=-3563,-3043,1615,0,127,0,30 wingmate=-3691,-3043,-7601,0,127,0,30 missiles=-7872,1993,279,236,74,232,48/-8838,1187,-4218,0,74,232,48/-9838,387,-2218,0,74,232,48
retail_frame=940 camera=-3563,-3067,1559,0,0,0 player=-3563,-3043,1559,0,127,2,30 wingmate=-3563,-3067,1559,0,127,2,30 missiles=-7912,1972,270,237,74,234,48/-8883,1187,-4228,0,74,234,48/-9883,387,-2228,0,74,234,48
retail_frame=944 camera=-3563,-3067,1531,0,0,0 player=-3563,-3043,1531,0,127,2,30 wingmate=-3691,-3043,-7685,0,127,2,30 missiles=-7993,1933,252,239,74,238,48/-8973,1187,-4248,0,74,236,48/-9928,387,-2238,0,74,236,48
retail_frame=948 camera=-3563,-3067,1503,0,0,0 player=-3563,-3043,1503,0,127,3,30 wingmate=-3691,-3043,-7713,0,127,3,30 missiles=-8035,1915,242,240,74,240,48/-9018,1187,-4258,0,74,240,48/-10018,387,-2258,0,74,240,48
retail_frame=952 camera=-3563,-3067,1475,0,0,0 player=-3563,-3043,1475,0,127,3,30 wingmate=-3691,-3043,-7741,0,127,3,30 missiles=-8077,1899,232,241,74,242,48/-9063,1187,-4268,0,74,242,48/-10063,387,-2268,0,74,242,48
retail_frame=956 camera=-3563,-3066,1447,0,0,0 player=-3563,-3043,1447,0,127,4,30 wingmate=-3691,-3043,-7769,0,127,4,30 missiles=-8119,1884,222,242,74,244,48/-9108,1187,-4278,0,74,244,48/-10108,387,-2278,0,74,244,48
retail_frame=960 camera=-3563,-3066,1419,0,0,0 player=-3563,-3043,1419,0,127,4,30 wingmate=-3691,-3043,-7797,0,127,4,30 missiles=-8162,1870,212,243,74,246,48/-9153,1187,-4288,0,74,246,48/-10153,387,-2288,0,74,246,48
retail_frame=964 camera=-3563,-3066,1391,0,0,0 player=-3563,-3043,1363,0,127,4,30 wingmate=-3691,-3043,-7825,0,127,4,30 missiles=-8205,1857,202,244,74,248,48/-9198,1187,-4298,0,74,248,48/-10198,387,-2298,0,74,248,48
retail_frame=968 camera=-3563,-3065,1335,0,0,0 player=-3563,-3043,1335,0,127,3,30 wingmate=-3691,-3043,-7881,0,127,3,30 missiles=-8292,1834,182,246,74,252,48/-9243,1187,-4308,0,74,250,48/-10243,387,-2308,0,74,250,48
retail_frame=972 camera=-3563,-3064,1307,0,0,0 player=-3563,-3043,1307,0,127,3,30 wingmate=-3691,-3043,-7909,0,127,3,30 missiles=-8336,1824,172,247,74,254,48/-9333,1187,-4328,0,74,254,48/-10288,387,-2318,0,74,252,48
retail_frame=976 camera=-3563,-3063,1279,0,0,0 player=-3563,-3043,1279,0,127,2,30 wingmate=-3691,-3043,-7937,0,127,2,30 missiles=-8380,1815,162,248,74,0,48/-9378,1187,-4338,0,74,0,48/-10378,387,-2338,0,74,0,48
retail_frame=980 camera=-3563,-3063,1251,0,0,0 player=-3563,-3043,1251,0,127,2,30 wingmate=-3691,-3043,-7965,0,127,2,30 missiles=-8424,1808,152,249,74,2,48/-9423,1187,-4348,0,74,2,48/-10423,387,-2348,0,74,2,48
retail_frame=984 camera=-3563,-3062,1223,0,0,0 player=-3563,-3043,1223,0,127,1,30 wingmate=-3691,-3043,-7993,0,127,1,30 missiles=-8468,1802,142,250,74,4,48/-9468,1187,-4358,0,74,4,48/-10468,387,-2358,0,74,4,48
retail_frame=988 camera=-3563,-3062,1195,0,0,0 player=-3563,-3043,1195,0,127,0,30 wingmate=-3691,-3043,-8021,0,127,0,30 missiles=-8513,1797,132,251,74,6,48/-9513,1187,-4368,0,74,6,48/-10513,387,-2368,0,74,6,48
retail_frame=992 camera=-3563,-3062,1167,0,0,0 player=-3563,-3043,1167,0,127,254,30 wingmate=-3691,-3043,-8049,0,127,255,30 missiles=-8558,1793,122,252,74,8,48/-9558,1187,-4378,0,74,8,48/-10558,387,-2378,0,74,8,48
retail_frame=996 camera=-3563,-3061,1111,0,0,0 player=-3563,-3043,1111,0,127,254,30 wingmate=-3691,-3043,-8105,0,127,254,30 missiles=-8603,1790,112,254,74,10,48/-9603,1187,-4388,0,74,10,48/-10603,387,-2388,0,74,10,48
retail_frame=1000 camera=-3563,-3061,1083,0,0,0 player=-3563,-3043,1083,0,127,253,30 wingmate=-3691,-3043,-8133,0,127,253,30 missiles=-8693,1787,92,255,74,14,48/-9693,1187,-4408,0,74,14,48/-10693,387,-2408,0,74,14,48
retail_frame=1004 camera=-3563,-3061,1055,0,0,0 player=-3563,-3043,1055,0,127,253,30 wingmate=-3691,-3043,-8161,0,127,253,30 missiles=-8738,1787,82,0,74,16,48/-9738,1187,-4418,0,74,16,48/-10738,387,-2418,0,74,16,48
retail_frame=1008 camera=-3563,-3061,1027,0,0,0 player=-3563,-3043,1027,0,127,252,30 wingmate=-3691,-3043,-8189,0,127,252,30 missiles=-8783,1787,72,0,74,18,48/-9783,1186,-4428,255,74,18,48/-10782,387,-2429,0,75,18,48
retail_frame=1012 camera=-3563,-3062,999,0,0,0 player=-3563,-3043,999,0,127,252,30 wingmate=-3691,-3043,-8217,0,127,252,30 missiles=-8828,1787,62,0,74,20,48/-9828,1184,-4438,254,74,20,48/-10826,387,-2441,0,76,20,48
retail_frame=1016 camera=-3563,-3062,943,0,0,0 player=-3563,-3043,943,0,127,252,30 wingmate=-3563,-3062,943,0,127,252,30 missiles=-8873,1787,52,0,74,22,48/-9873,1181,-4448,253,74,22,48/-10870,387,-2454,0,77,22,48
retail_frame=1020 camera=-3563,-3063,915,0,0,0 player=-3563,-3043,915,0,127,253,30 wingmate=-3691,-3043,-8301,0,127,253,30 missiles=-8963,1787,32,0,74,26,48/-9918,1177,-4458,252,74,24,48/-10913,387,-2468,0,78,24,48
retail_frame=1024 camera=-3563,-3063,887,0,0,0 player=-3563,-3043,887,0,127,253,30 wingmate=-3691,-3043,-8329,0,127,253,30 missiles=-9008,1787,22,0,74,28,48/-10007,1166,-4478,250,74,28,48/-10998,387,-2500,0,80,28,48
retail_frame=1028 camera=-3563,-3064,859,0,0,0 player=-3563,-3043,859,0,127,254,30 wingmate=-3691,-3043,-8357,0,127,254,30 missiles=-9053,1787,12,0,74,30,48/-10051,1159,-4488,249,74,30,48/-11040,387,-2518,0,81,30,48
retail_frame=1032 camera=-3563,-3065,831,0,0,0 player=-3563,-3043,831,0,127,254,30 wingmate=-3691,-3043,-8385,0,127,254,30 missiles=-9098,1787,2,0,74,32,48/-10095,1150,-4498,248,74,32,48/-11081,387,-2537,0,82,32,48
retail_frame=1036 camera=-3563,-3065,803,0,0,0 player=-3563,-3043,803,0,127,255,30 wingmate=-3691,-3043,-8413,0,127,255,30 missiles=-9143,1787,-8,0,74,34,48/-10139,1140,-4508,247,74,34,48/-11122,387,-2557,0,83,34,48
retail_frame=1040 camera=-3563,-3066,747,0,0,0 player=-3563,-3043,747,0,127,1,30 wingmate=-3563,-3066,747,0,127,1,30 missiles=-9188,1787,-18,0,74,36,48/-10183,1129,-4518,246,74,36,48/-11163,387,-2578,0,84,36,48
retail_frame=1044 camera=-3563,-3066,719,0,0,0 player=-3563,-3043,719,0,127,2,30 wingmate=-3691,-3043,-8497,0,127,2,30 missiles=-9278,1787,-38,0,74,40,48/-10269,1104,-4538,244,74,38,48/-11203,387,-2600,0,85,38,48
retail_frame=1048 camera=-3563,-3067,691,0,0,0 player=-3563,-3043,691,0,127,2,30 wingmate=-3691,-3043,-8525,0,127,2,30 missiles=-9323,1787,-48,0,74,42,48/-10312,1090,-4548,243,74,42,48/-11281,387,-2647,0,87,42,48
retail_frame=1052 camera=-3563,-3067,663,0,0,0 player=-3563,-3043,663,0,127,3,30 wingmate=-3691,-3043,-8553,0,127,3,30 missiles=-9368,1787,-58,0,74,44,48/-10354,1075,-4558,242,74,44,48/-11319,387,-2672,0,88,44,48
retail_frame=1056 camera=-3563,-3067,635,0,0,0 player=-3563,-3043,635,0,127,3,30 wingmate=-3691,-3043,-8581,0,127,3,30 missiles=-9413,1787,-68,0,74,46,48/-10396,1059,-4568,241,74,46,48/-11356,387,-2698,0,89,46,48
retail_frame=1060 camera=-3563,-3067,607,0,0,0 player=-3563,-3043,607,0,127,4,30 wingmate=-3691,-3043,-8609,0,127,4,30 missiles=-9458,1787,-78,0,74,48,48/-10438,1041,-4578,240,74,48,48/-11393,387,-2725,0,90,48,48
retail_frame=1064 camera=-3563,-3066,551,0,0,0 player=-3563,-3043,551,0,127,4,30 wingmate=-3563,-3066,551,0,127,4,30 missiles=-9503,1787,-88,0,74,50,48/-10479,1022,-4587,239,74,50,48/-11429,387,-2753,0,91,50,48
retail_frame=1068 camera=-3563,-3066,523,0,0,0 player=-3563,-3043,523,0,127,4,30 wingmate=-3691,-3043,-8693,0,127,4,30 missiles=-9593,1787,-108,0,74,54,48/-10559,981,-4605,237,74,54,48/-11499,387,-2811,0,93,52,48
retail_frame=1072 camera=-3563,-3066,495,0,0,0 player=-3563,-3043,495,0,127,3,30 wingmate=-3691,-3043,-8721,0,127,3,30 missiles=-9638,1787,-118,0,74,56,48/-10599,959,-4614,236,74,56,48/-11533,387,-2841,0,94,56,48
retail_frame=1076 camera=-3563,-3065,467,0,0,0 player=-3563,-3043,467,0,127,3,30 wingmate=-3691,-3043,-8749,0,127,3,30 missiles=-9683,1787,-128,0,74,58,48/-10638,936,-4623,235,74,58,48/-11566,387,-2872,0,95,58,48
retail_frame=1080 camera=-3563,-3065,439,0,0,0 player=-3563,-3043,439,0,127,2,30 wingmate=-3691,-3043,-8777,0,127,2,30 missiles=-9728,1787,-138,0,74,60,48/-10676,912,-4632,234,74,60,48/-11598,387,-2904,0,96,60,48
retail_frame=1084 camera=-3563,-3064,411,0,0,0 player=-3563,-3043,383,0,127,1,30 wingmate=-3691,-3043,-8805,0,127,1,30 missiles=-9773,1787,-148,0,74,62,48/-10714,887,-4641,233,74,62,48/-11629,387,-2937,0,97,62,48
retail_frame=1088 camera=-3563,-3063,355,0,0,0 player=-3563,-3043,355,0,127,0,30 wingmate=-3691,-3043,-8861,0,127,0,30 missiles=-9818,1787,-158,0,74,64,48/-10751,861,-4650,232,74,64,48/-11659,387,-2971,0,98,64,48
retail_frame=1092 camera=-3563,-3062,327,0,0,0 player=-3563,-3043,327,0,127,255,30 wingmate=-3691,-3043,-8889,0,127,255,30 missiles=-9908,1787,-178,0,74,68,48/-10824,806,-4666,230,74,68,48/-11717,387,-3041,0,100,68,48
retail_frame=1096 camera=-3563,-3062,299,0,0,0 player=-3563,-3043,299,0,127,254,30 wingmate=-3691,-3043,-8917,0,127,254,30 missiles=-9953,1787,-188,0,74,70,48/-10859,777,-4674,229,74,70,48/-11745,387,-3077,0,101,70,48
retail_frame=1100 camera=-3563,-3062,271,0,0,0 player=-3563,-3043,271,0,127,254,30 wingmate=-3691,-3043,-8945,0,127,254,30 missiles=-9998,1787,-198,0,74,72,48/-10894,747,-4682,228,74,72,48/-11772,387,-3114,0,102,72,48
retail_frame=1104 camera=-3563,-3061,243,0,0,0 player=-3563,-3043,243,0,127,253,30 wingmate=-3691,-3043,-8973,0,127,253,30 missiles=-10043,1787,-208,0,74,74,48/-10928,717,-4690,227,74,74,48/-11798,387,-3151,0,103,74,48
retail_frame=1108 camera=-3563,-3061,215,0,0,0 player=-3563,-3043,187,0,127,252,30 wingmate=-3563,-3061,187,0,127,252,30 missiles=-10088,1787,-218,0,74,76,48/-10961,686,-4698,226,74,76,48/-11823,387,-3189,0,104,76,48
retail_frame=1112 camera=-3563,-3061,159,0,0,0 player=-3563,-3043,159,0,127,252,30 wingmate=-3691,-3043,-9057,0,127,252,30 missiles=-10178,1787,-238,0,74,80,48/-11024,621,-4712,224,74,78,48/-11847,387,-3228,0,105,78,48
retail_frame=1116 camera=-3563,-3061,131,0,0,0 player=-3563,-3043,131,0,127,252,30 wingmate=-3691,-3043,-9085,0,127,252,30 missiles=-10223,1787,-248,0,74,82,48/-11055,587,-4719,223,74,82,48/-11892,387,-3307,0,107,82,48
retail_frame=1120 camera=-3563,-3062,103,0,0,0 player=-3563,-3043,103,0,127,252,30 wingmate=-3691,-3043,-9113,0,127,252,30 missiles=-10268,1787,-258,0,74,84,48/-11085,552,-4726,222,74,84,48/-11913,387,-3348,0,108,84,48
retail_frame=1124 camera=-3563,-3062,75,0,0,0 player=-3563,-3043,75,0,127,253,30 wingmate=-3691,-3043,-9141,0,127,253,30 missiles=-10313,1787,-268,0,74,86,48/-11114,516,-4733,221,74,86,48/-11933,387,-3389,0,109,86,48
retail_frame=1128 camera=-3563,-3062,47,0,0,0 player=-3563,-3043,47,0,127,253,30 wingmate=-3691,-3043,-9169,0,127,253,30 missiles=-10358,1787,-278,0,74,88,48/-11142,480,-4739,220,74,88,48/-11952,387,-3430,0,110,88,48
retail_frame=1132 camera=-3563,-3063,-9,0,0,0 player=-3563,-3043,-9,0,127,254,30 wingmate=-3563,-3063,-9,0,127,254,30 missiles=-10403,1787,-288,0,74,90,48/-11170,443,-4745,219,74,90,48/-11970,387,-3472,0,111,90,48
retail_frame=1136 camera=-3563,-3064,-37,0,0,0 player=-3563,-3043,-37,0,127,255,30 wingmate=-3691,-3043,-9253,0,127,255,30 missiles=-10493,1787,-308,0,74,94,48/-11222,367,-4757,217,74,94,48/-11987,387,-3514,0,113,92,48
retail_frame=1140 camera=-3563,-3065,-65,0,0,0 player=-3563,-3043,-65,0,127,0,30 wingmate=-3691,-3043,-9281,0,127,0,30 missiles=-10538,1787,-318,0,74,96,48/-11247,328,-4763,216,74,96,48/-12016,387,-3600,0,114,96,48
retail_frame=1144 camera=-3563,-3065,-93,0,0,0 player=-3563,-3043,-93,0,127,1,30 wingmate=-3691,-3043,-9309,0,127,1,30 missiles=-10583,1787,-328,0,74,98,48/-11272,289,-4769,216,74,98,48/-12030,387,-3643,0,114,98,48
retail_frame=1148 camera=-3563,-3066,-121,0,0,0 player=-3563,-3043,-121,0,127,2,30 wingmate=-3691,-3043,-9337,0,127,2,30 missiles=-10628,1787,-338,0,74,100,48/-11297,250,-4775,216,74,100,48/-12044,387,-3686,0,114,100,48
retail_frame=1152 camera=-3563,-3066,-177,0,0,0 player=-3563,-3043,-177,0,127,3,30 wingmate=-3563,-3066,-177,0,127,3,30 missiles=-10673,1787,-348,0,74,102,48/-11322,211,-4781,216,74,102,48/-12058,387,-3729,0,114,102,48
retail_frame=1156 camera=-3563,-3067,-205,0,0,0 player=-3563,-3043,-205,0,127,3,30 wingmate=-3691,-3043,-9421,0,127,3,30 missiles=-10763,1787,-368,0,74,104,48/-11347,172,-4787,216,74,104,48/-12072,387,-3772,0,114,104,48
retail_frame=1160 camera=-3563,-3067,-233,0,0,0 player=-3563,-3043,-233,0,127,4,30 wingmate=-3691,-3043,-9449,0,127,4,30 missiles=-10808,1787,-378,0,74,108,48/-11397,94,-4799,216,74,108,48/-12100,387,-3858,0,114,108,48
retail_frame=1164 camera=-3563,-3067,-261,0,0,0 player=-3563,-3043,-261,0,127,4,30 wingmate=-3691,-3043,-9477,0,127,4,30 missiles=-10853,1787,-388,0,74,110,48/-11422,55,-4805,216,74,110,48/-12114,387,-3901,0,114,110,48
retail_frame=1168 camera=-3563,-3067,-289,0,0,0 player=-3563,-3043,-289,0,127,4,30 wingmate=-3691,-3043,-9505,0,127,4,30 missiles=-10898,1787,-398,0,74,112,48/-11447,16,-4811,216,74,112,48/-12128,387,-3944,0,114,112,48
retail_frame=1172 camera=-3563,-3067,-317,0,0,0 player=-3563,-3043,-317,0,127,4,30 wingmate=-3691,-3043,-9533,0,127,4,30 missiles=-10943,1787,-408,0,74,114,48/-11472,-23,-4817,216,74,114,48/-12142,387,-3987,0,114,114,48
retail_frame=1176 camera=-3563,-3066,-373,0,0,0 player=-3563,-3043,-373,0,127,3,30 wingmate=-3563,-3066,-373,0,127,3,30 missiles=-10988,1787,-418,0,74,116,48/-11497,-62,-4823,216,74,116,48/-12156,387,-4030,0,114,116,48
retail_frame=1180 camera=-3563,-3066,-401,0,0,0 player=-3563,-3043,-401,0,127,2,30 wingmate=-3691,-3043,-9617,0,127,2,30 missiles=-11078,1787,-438,0,74,120,48/-11547,-140,-4835,216,74,120,48/-12184,387,-4116,0,114,118,48
retail_frame=1184 camera=-3563,-3065,-429,0,0,0 player=-3563,-3043,-429,0,127,2,30 wingmate=-3691,-3043,-9645,0,127,2,30 missiles=-11123,1787,-448,0,74,122,48/-11572,-179,-4841,216,74,122,48/-12198,387,-4159,0,114,122,48
retail_frame=1188 camera=-3563,-3065,-457,0,0,0 player=-3563,-3043,-457,0,127,1,30 wingmate=-3691,-3043,-9673,0,127,1,30 missiles=-11168,1787,-458,0,74,124,48/-11597,-218,-4847,216,74,124,48/-12212,387,-4202,0,114,124,48
retail_frame=1192 camera=-3563,-3064,-485,0,0,0 player=-3563,-3043,-485,0,127,0,30 wingmate=-3691,-3043,-9701,0,127,0,30 missiles=-11213,1787,-468,0,74,126,48/-11622,-257,-4853,216,74,126,48/-12226,387,-4245,0,114,126,48
retail_frame=1196 camera=-3563,-3063,-513,0,0,0 player=-3563,-3043,-513,0,127,255,30 wingmate=-3691,-3043,-9729,0,127,255,30 missiles=-11258,1787,-478,0,74,128,48/-11647,-296,-4859,216,74,128,48/-12240,387,-4288,0,114,128,48
retail_frame=1200 camera=-3563,-3062,-569,0,0,0 player=-3563,-3043,-569,0,127,254,30 wingmate=-3563,-3062,-569,0,127,254,30 missiles=-11303,1787,-488,0,74,130,48/-11672,-335,-4865,216,74,130,48/-12254,387,-4331,0,114,130,48
retail_frame=1204 camera=-3563,-3062,-597,0,0,0 player=-3563,-3043,-597,0,127,253,30 wingmate=-3691,-3043,-9813,0,127,253,30 missiles=-11393,1787,-508,0,74,132,48/-11697,-374,-4871,216,74,132,48/-12268,387,-4374,0,114,132,48
retail_frame=1208 camera=-3563,-3062,-625,0,0,0 player=-3563,-3043,-625,0,127,253,30 wingmate=-3691,-3043,-9841,0,127,253,30 missiles=-11438,1787,-518,0,74,136,48/-11747,-452,-4883,216,74,136,48/-12296,387,-4460,0,114,136,48
retail_frame=1212 camera=-3563,-3061,-653,0,0,0 player=-3563,-3043,-653,0,127,252,30 wingmate=-3691,-3043,-9869,0,127,252,30 missiles=-11483,1787,-528,0,74,138,48/-11772,-491,-4889,216,74,138,48/-12310,387,-4503,0,114,138,48
retail_frame=1216 camera=-3563,-3061,-681,0,0,0 player=-3563,-3043,-681,0,127,252,30 wingmate=-3691,-3043,-9897,0,127,252,30 missiles=-11528,1787,-538,0,74,140,48/-11797,-530,-4895,216,74,140,48/-12324,387,-4546,0,114,140,48
retail_frame=1220 camera=-3563,-3061,-709,0,0,0 player=-3563,-3043,-709,0,127,252,30 wingmate=-3691,-3043,-9925,0,127,252,30 missiles=-11573,1787,-548,0,74,142,48/-11822,-569,-4901,216,74,142,48/-12338,387,-4589,0,114,142,48
retail_frame=1224 camera=-3563,-3061,-737,0,0,0 player=-3563,-3043,-765,0,127,253,30 wingmate=-3691,-3043,-9953,0,127,253,30 missiles=-11618,1787,-558,0,74,144,48/-11847,-608,-4907,216,74,144,48/-12352,387,-4632,0,114,144,48
retail_frame=1228 camera=-3563,-3062,-793,0,0,0 player=-3563,-3043,-793,0,127,253,30 wingmate=-3691,-3043,-10009,0,127,253,30 missiles=-11708,1787,-578,0,74,146,48/-11872,-647,-4913,216,74,146,48/-12366,387,-4675,0,114,146,48
retail_frame=1232 camera=-3563,-3062,-821,0,0,0 player=-3563,-3043,-821,0,127,254,30 wingmate=-3691,-3043,-10037,0,127,254,30 missiles=-11753,1787,-588,0,74,150,48/-11922,-725,-4925,216,74,150,48/-12394,387,-4761,0,114,150,48
retail_frame=1236 camera=-3563,-3062,-849,0,0,0 player=-3563,-3043,-849,0,127,254,30 wingmate=-3691,-3043,-10065,0,127,254,30 missiles=-11798,1787,-598,0,74,152,48/-11947,-764,-4931,216,74,152,48/-12408,387,-4804,0,114,152,48
retail_frame=1240 camera=-3563,-3063,-877,0,0,0 player=-3563,-3043,-877,0,127,255,30 wingmate=-3691,-3043,-10093,0,127,255,30 missiles=-11843,1787,-608,0,74,154,48/-11972,-803,-4937,216,74,154,48/-12422,387,-4847,0,114,154,48
retail_frame=1244 camera=-3563,-3063,-905,0,0,0 player=-3563,-3043,-905,0,127,0,30 wingmate=-3691,-3043,-10121,0,127,0,30 missiles=-11888,1787,-618,0,74,156,48/-11998,-841,-4943,217,74,156,48/-12437,387,-4890,0,113,156,48
retail_frame=1248 camera=-3563,-3064,-933,0,0,0 player=-3563,-3043,-961,0,127,2,30 wingmate=-3691,-3043,-10149,0,127,2,30 missiles=-11933,1787,-628,0,74,158,48/-12024,-879,-4949,218,74,158,48/-12454,387,-4932,0,112,158,48
retail_frame=1252 camera=-3563,-3065,-989,0,0,0 player=-3563,-3043,-989,0,127,2,30 wingmate=-3563,-3065,-989,0,127,2,30 missiles=-11978,1787,-638,0,74,160,48/-12052,-916,-4955,219,74,160,48/-12472,387,-4974,0,111,160,48
retail_frame=1256 camera=-3563,-3066,-1017,0,0,0 player=-3563,-3043,-1017,0,127,3,30 wingmate=-3691,-3043,-10233,0,127,3,30 missiles=-12068,1787,-658,0,74,164,48/-12109,-988,-4968,221,74,164,48/-12491,387,-5015,0,110,162,48
retail_frame=1260 camera=-3563,-3066,-1045,0,0,0 player=-3563,-3043,-1045,0,127,3,30 wingmate=-3691,-3043,-10261,0,127,3,30 missiles=-12113,1787,-668,0,74,166,48/-12139,-1023,-4975,222,74,166,48/-12532,387,-5097,0,108,166,48
retail_frame=1264 camera=-3563,-3066,-1073,0,0,0 player=-3563,-3043,-1073,0,127,4,30 wingmate=-3691,-3043,-10289,0,127,4,30 missiles=-12158,1787,-678,0,74,168,48/-12170,-1057,-4982,223,74,168,48/-12554,387,-5137,0,107,168,48
retail_frame=1268 camera=-3563,-3067,-1101,0,0,0 player=-3563,-3043,-1101,0,127,4,30 wingmate=-3691,-3043,-10317,0,127,4,30 missiles=-12203,1787,-688,0,74,170,48/-12201,-1090,-4989,224,74,170,48/-12577,387,-5176,0,106,170,48
retail_frame=1272 camera=-3563,-3067,-1129,0,0,0 player=-3563,-3043,-1129,0,127,4,30 wingmate=-3691,-3043,-10345,0,127,4,30 missiles=-12248,1787,-698,0,74,172,48/-12233,-1122,-4996,225,74,172,48/-12601,387,-5215,0,105,172,48
retail_frame=1276 camera=-3563,-3067,-1185,0,0,0 player=-3563,-3043,-1185,0,127,3,30 wingmate=-3563,-3067,-1185,0,127,3,30 missiles=-12293,1787,-708,0,74,174,48/-12266,-1153,-5004,226,74,174,48/-12626,387,-5253,0,104,174,48
retail_frame=1280 camera=-3563,-3067,-1213,0,0,0 player=-3563,-3043,-1213,0,127,3,30 wingmate=-3691,-3043,-10429,0,127,3,30 missiles=-12383,1787,-728,0,74,178,48/-12335,-1213,-5020,228,74,176,48/-12652,387,-5290,0,103,176,48
retail_frame=1284 camera=-3563,-3066,-1241,0,0,0 player=-3563,-3043,-1241,0,127,2,30 wingmate=-3691,-3043,-10457,0,127,2,30 missiles=-12428,1787,-738,0,74,180,48/-12370,-1242,-5028,229,74,180,48/-12707,387,-5363,0,101,180,48
retail_frame=1288 camera=-3563,-3066,-1269,0,0,0 player=-3563,-3043,-1269,0,127,2,30 wingmate=-3691,-3043,-10485,0,127,2,30 missiles=-12473,1787,-748,0,74,182,48/-12406,-1270,-5036,230,74,182,48/-12736,387,-5398,0,100,182,48
retail_frame=1292 camera=-3563,-3066,-1297,0,0,0 player=-3563,-3043,-1297,0,127,1,30 wingmate=-3691,-3043,-10513,0,127,1,30 missiles=-12518,1787,-758,0,74,184,48/-12443,-1297,-5044,231,74,184,48/-12765,387,-5433,0,99,184,48
retail_frame=1296 camera=-3563,-3065,-1325,0,0,0 player=-3563,-3043,-1325,0,127,0,30 wingmate=-3691,-3043,-10541,0,127,0,30 missiles=-12563,1787,-768,0,74,186,48/-12480,-1323,-5053,232,74,186,48/-12795,387,-5467,0,98,186,48
retail_frame=1300 camera=-3563,-3064,-1381,0,0,0 player=-3563,-3043,-1381,0,127,254,30 wingmate=-3563,-3064,-1381,0,127,254,30 missiles=-12608,1787,-778,0,74,188,48/-12518,-1348,-5062,233,74,188,48/-12826,387,-5500,0,97,188,48
retail_frame=1304 camera=-3563,-3063,-1409,0,0,0 player=-3563,-3043,-1409,0,127,254,30 wingmate=-3691,-3043,-10625,0,127,254,30 missiles=-12698,1787,-798,0,74,190,48/-12556,-1372,-5071,234,74,190,48/-12858,387,-5532,0,96,190,48
retail_frame=1308 camera=-3563,-3063,-1437,0,0,0 player=-3563,-3043,-1437,0,127,253,30 wingmate=-3691,-3043,-10653,0,127,253,30 missiles=-12743,1787,-808,0,74,194,48/-12635,-1417,-5089,236,74,194,48/-12925,387,-5593,0,94,194,48
retail_frame=1312 camera=-3563,-3062,-1465,0,0,0 player=-3563,-3043,-1465,0,127,253,30 wingmate=-3691,-3043,-10681,0,127,253,30 missiles=-12788,1787,-818,0,74,196,48/-12675,-1438,-5098,237,74,196,48/-12960,387,-5622,0,93,196,48
retail_frame=1316 camera=-3563,-3062,-1493,0,0,0 player=-3563,-3043,-1493,0,127,252,30 wingmate=-3691,-3043,-10709,0,127,252,30 missiles=-12833,1787,-828,0,74,198,48/-12715,-1458,-5107,238,74,198,48/-12995,387,-5651,0,92,198,48
retail_frame=1320 camera=-3563,-3062,-1521,0,0,0 player=-3563,-3043,-1521,0,127,252,30 wingmate=-3691,-3043,-10737,0,127,252,30 missiles=-12878,1787,-838,0,74,200,48/-12756,-1477,-5116,239,74,200,48/-13031,387,-5679,0,91,200,48
retail_frame=1324 camera=-3563,-3061,-1549,0,0,0 player=-3563,-3043,-1577,0,127,252,30 wingmate=-3691,-3043,-10765,0,127,252,30 missiles=-12923,1787,-848,0,74,202,48/-12798,-1495,-5126,240,74,202,48/-13068,387,-5706,0,90,202,48
retail_frame=1328 camera=-3563,-3061,-1605,0,0,0 player=-3563,-3043,-1605,0,127,253,30 wingmate=-3691,-3043,-10821,0,127,253,30 missiles=-12968,1787,-858,0,74,204,48/-12840,-1511,-5136,241,74,204,48/-13105,387,-5732,0,89,204,48
retail_frame=1332 camera=-3563,-3061,-1633,0,0,0 player=-3563,-3043,-1633,0,127,253,30 wingmate=-3691,-3043,-10849,0,127,253,30 missiles=-13058,1787,-878,0,74,208,48/-12925,-1540,-5156,243,74,208,48/-13182,387,-5781,0,87,206,48
retail_frame=1336 camera=-3563,-3061,-1661,0,0,0 player=-3563,-3043,-1661,0,127,254,30 wingmate=-3691,-3043,-10877,0,127,254,30 missiles=-13103,1787,-888,0,74,210,48/-12968,-1553,-5166,244,74,210,48/-13221,387,-5804,0,86,210,48
retail_frame=1340 camera=-3563,-3062,-1689,0,0,0 player=-3563,-3043,-1689,0,127,254,30 wingmate=-3691,-3043,-10905,0,127,254,30 missiles=-13148,1787,-898,0,74,212,48/-13011,-1565,-5176,245,74,212,48/-13261,387,-5826,0,85,212,48
retail_frame=1344 camera=-3563,-3062,-1717,0,0,0 player=-3563,-3043,-1717,0,127,255,30 wingmate=-3691,-3043,-10933,0,127,255,30 missiles=-13193,1787,-908,0,74,214,48/-13055,-1576,-5186,246,74,214,48/-13302,387,-5847,0,84,214,48
retail_frame=1348 camera=-3563,-3062,-1745,0,0,0 player=-3563,-3043,-1745,0,127,0,30 wingmate=-3691,-3043,-10961,0,127,0,30 missiles=-13238,1787,-918,0,74,216,48/-13099,-1586,-5196,247,74,216,48/-13343,387,-5867,0,83,216,48
retail_frame=1352 camera=-3563,-3063,-1801,0,0,0 player=-3563,-3043,-1801,0,127,2,30 wingmate=-3563,-3063,-1801,0,127,2,30 missiles=-13282,1787,-929,0,75,218,48/-13143,-1595,-5206,248,74,218,48/-13384,387,-5886,0,82,218,48
retail_frame=1356 camera=-3563,-3064,-1829,0,0,0 player=-3563,-3043,-1829,0,127,2,30 wingmate=-3691,-3043,-11045,0,127,2,30 missiles=-13370,1787,-954,0,77,222,48/-13187,-1602,-5216,249,74,220,48/-13426,387,-5904,0,81,220,48
retail_frame=1360 camera=-3563,-3065,-1857,0,0,0 player=-3563,-3043,-1857,0,127,3,30 wingmate=-3691,-3043,-11073,0,127,3,30 missiles=-13413,1787,-968,0,78,224,48/-13276,-1613,-5236,251,74,224,48/-13511,387,-5936,0,79,224,48
retail_frame=1364 camera=-3563,-3065,-1885,0,0,0 player=-3563,-3043,-1885,0,127,3,30 wingmate=-3691,-3043,-11101,0,127,3,30 missiles=-13456,1787,-983,0,79,226,48/-13321,-1617,-5246,252,74,226,48/-13554,387,-5950,0,78,226,48
retail_frame=1368 camera=-3563,-3066,-1913,0,0,0 player=-3563,-3043,-1913,0,127,4,30 wingmate=-3691,-3043,-11129,0,127,4,30 missiles=-13498,1787,-1000,0,80,228,48/-13366,-1620,-5256,253,74,228,48/-13598,387,-5963,0,77,228,48
retail_frame=1372 camera=-3563,-3066,-1941,0,0,0 player=-3563,-3043,-1941,0,127,4,30 wingmate=-3691,-3043,-11157,0,127,4,30 missiles=-13540,1787,-1018,0,81,230,48/-13411,-1622,-5266,254,74,230,48/-13642,387,-5975,0,76,230,48
retail_frame=1376 camera=-3563,-3066,-1969,0,0,0 player=-3563,-3043,-1969,0,127,4,30 wingmate=-3691,-3043,-11185,0,127,4,30 missiles=-13581,1787,-1037,0,82,232,48/-13456,-1623,-5276,255,74,232,48/-13686,387,-5986,0,75,232,48
retail_frame=1380 camera=-3563,-3067,-2025,0,0,0 player=-3563,-3043,-2025,0,127,3,30 wingmate=-3563,-3067,-2025,0,127,3,30 missiles=-13622,1787,-1057,0,83,234,48/-13501,-1623,-5286,0,74,234,48/-13731,387,-5996,0,74,234,48
retail_frame=1384 camera=-3563,-3067,-2053,0,0,0 player=-3563,-3043,-2053,0,127,3,30 wingmate=-3691,-3043,-11269,0,127,3,30 missiles=-13703,1787,-1100,0,85,238,48/-13591,-1623,-5306,0,74,238,48/-13821,387,-6016,0,74,236,48
retail_frame=1388 camera=-3563,-3067,-2081,0,0,0 player=-3563,-3043,-2081,0,127,2,30 wingmate=-3691,-3043,-11297,0,127,2,30 missiles=-13742,1787,-1123,0,86,240,48/-13636,-1623,-5316,0,74,240,48/-13866,387,-6026,0,74,240,48
retail_frame=1392 camera=-3563,-3067,-2109,0,0,0 player=-3563,-3043,-2109,0,127,2,30 wingmate=-3691,-3043,-11325,0,127,2,30 missiles=-13781,1787,-1147,0,87,242,48/-13681,-1623,-5326,0,74,242,48/-13911,387,-6036,0,74,242,48
retail_frame=1396 camera=-3563,-3066,-2137,0,0,0 player=-3563,-3043,-2137,0,127,1,30 wingmate=-3691,-3043,-11353,0,127,1,30 missiles=-13819,1787,-1172,0,88,244,48/-13726,-1623,-5336,0,74,244,48/-13956,387,-6046,0,74,244,48
retail_frame=1400 camera=-3563,-3066,-2165,0,0,0 player=-3563,-3043,-2165,0,127,0,30 wingmate=-3691,-3043,-11381,0,127,0,30 missiles=-13856,1787,-1198,0,89,246,48/-13771,-1623,-5346,0,74,246,48/-14001,387,-6056,0,74,246,48
retail_frame=1404 camera=-3563,-3065,-2221,0,0,0 player=-3563,-3043,-2221,0,127,254,30 wingmate=-3563,-3065,-2221,0,127,254,30 missiles=-13893,1787,-1225,0,90,248,48/-13816,-1623,-5356,0,74,248,48/-14046,387,-6066,0,74,248,48
retail_frame=1408 camera=-3563,-3065,-2249,0,0,0 player=-3563,-3043,-2249,0,127,254,30 wingmate=-3691,-3043,-11465,0,127,254,30 missiles=-13964,1787,-1282,0,92,252,48/-13906,-1623,-5376,0,74,252,48/-14091,387,-6076,0,74,250,48
retail_frame=1412 camera=-3563,-3064,-2277,0,0,0 player=-3563,-3043,-2277,0,127,253,30 wingmate=-3691,-3043,-11493,0,127,253,30 missiles=-13999,1787,-1311,0,93,254,48/-13951,-1623,-5386,0,74,254,48/-14181,387,-6096,0,74,254,48
retail_frame=1416 camera=-3563,-3063,-2305,0,0,0 player=-3563,-3043,-2305,0,127,253,30 wingmate=-3691,-3043,-11521,0,127,253,30 missiles=-14033,1787,-1341,0,94,0,48/-13996,-1623,-5396,0,74,0,48/-14226,387,-6106,0,74,0,48
retail_frame=1420 camera=-3563,-3063,-2333,0,0,0 player=-3563,-3043,-2333,0,127,252,30 wingmate=-3691,-3043,-11549,0,127,252,30 missiles=-14066,1787,-1372,0,95,2,48/-14041,-1623,-5406,0,74,2,48/-14271,387,-6116,0,74,2,48
retail_frame=1424 camera=-3563,-3062,-2361,0,0,0 player=-3563,-3043,-2361,0,127,252,30 wingmate=-3691,-3043,-11577,0,127,252,30 missiles=-14098,1787,-1404,0,96,4,48/-14086,-1623,-5416,0,74,4,48/-14316,387,-6126,0,74,4,48
retail_frame=1428 camera=-3563,-3062,-2417,0,0,0 player=-3563,-3043,-2417,0,127,252,30 wingmate=-3563,-3062,-2417,0,127,252,30 missiles=-14129,1787,-1437,0,97,6,48/-14131,-1623,-5426,0,74,6,48/-14361,387,-6136,0,74,6,48
retail_frame=1432 camera=-3563,-3061,-2445,0,0,0 player=-3563,-3043,-2445,0,127,253,30 wingmate=-3691,-3043,-11661,0,127,253,30 missiles=-14159,1787,-1471,0,99,8,48/-14176,-1623,-5436,0,74,8,48/-14406,387,-6146,0,74,8,48
retail_frame=1436 camera=-3563,-3061,-2473,0,0,0 player=-3563,-3043,-2473,0,127,253,30 wingmate=-3691,-3043,-11689,0,127,253,30 missiles=-14217,1787,-1541,0,100,12,48/-14266,-1623,-5456,0,74,12,48/-14496,387,-6166,0,74,12,48
retail_frame=1440 camera=-3563,-3061,-2501,0,0,0 player=-3563,-3043,-2501,0,127,254,30 wingmate=-3691,-3043,-11717,0,127,254,30 missiles=-14245,1787,-1577,0,101,14,48/-14311,-1623,-5466,0,74,14,48/-14541,387,-6176,0,74,14,48
retail_frame=1444 camera=-3563,-3061,-2529,0,0,0 player=-3563,-3043,-2529,0,127,254,30 wingmate=-3691,-3043,-11745,0,127,254,30 missiles=-14272,1787,-1614,0,102,16,48/-14356,-1623,-5476,0,74,16,48/-14586,387,-6186,0,74,16,48
retail_frame=1448 camera=-3563,-3061,-2557,0,0,0 player=-3563,-3043,-2557,0,127,255,30 wingmate=-3691,-3043,-11773,0,127,255,30 missiles=-14298,1787,-1651,0,103,18,48/-14401,-1623,-5486,0,74,18,48/-14631,387,-6196,0,74,18,48
retail_frame=1452 camera=-3563,-3062,-2613,0,0,0 player=-3563,-3043,-2613,0,127,1,30 wingmate=-3563,-3062,-2613,0,127,1,30 missiles=-14323,1787,-1689,0,104,20,48/-14446,-1623,-5496,0,74,20,48/-14676,387,-6206,0,74,20,48
retail_frame=1456 camera=-3563,-3062,-2641,0,0,0 player=-3563,-3043,-2641,0,127,2,30 wingmate=-3691,-3043,-11857,0,127,2,30 missiles=-14370,1787,-1767,0,106,24,48/-14536,-1623,-5516,0,74,24,48/-14721,387,-6216,0,74,22,48
retail_frame=1460 camera=-3563,-3063,-2669,0,0,0 player=-3563,-3043,-2669,0,127,2,30 wingmate=-3691,-3043,-11885,0,127,2,30 missiles=-14392,1787,-1807,0,107,26,48/-14581,-1623,-5526,0,74,26,48/-14811,387,-6236,0,74,26,48
retail_frame=1464 camera=-3563,-3063,-2697,0,0,0 player=-3563,-3043,-2697,0,127,3,30 wingmate=-3691,-3043,-11913,0,127,3,30 missiles=-14413,1787,-1848,0,108,28,48/-14626,-1623,-5536,0,74,28,48/-14856,387,-6246,0,74,28,48
retail_frame=1468 camera=-3563,-3064,-2725,0,0,0 player=-3563,-3043,-2725,0,127,3,30 wingmate=-3691,-3043,-11941,0,127,3,30 missiles=-14433,1787,-1889,0,109,30,48/-14671,-1623,-5546,0,74,30,48/-14901,387,-6256,0,74,30,48
retail_frame=1472 camera=-3563,-3065,-2753,0,0,0 player=-3563,-3043,-2753,0,127,4,30 wingmate=-3691,-3043,-11969,0,127,4,30 missiles=-14452,1787,-1930,0,110,32,48/-14716,-1623,-5556,0,74,32,48/-14946,387,-6266,0,74,32,48
retail_frame=1476 camera=-3563,-3066,-2809,0,0,0 player=-3563,-3043,-2809,0,127,4,30 wingmate=-3691,-3043,-12025,0,127,4,30 missiles=-14470,1787,-1972,0,111,34,48/-14761,-1623,-5566,0,74,34,48/-14991,387,-6276,0,74,34,48
retail_frame=1480 camera=-3563,-3066,-2837,0,0,0 player=-3563,-3043,-2837,0,127,4,30 wingmate=-3691,-3043,-12053,0,127,4,30 missiles=-14502,1787,-2057,0,113,38,48/-14851,-1623,-5586,0,74,38,48/-15081,387,-6296,0,74,38,48
retail_frame=1484 camera=-3563,-3066,-2865,0,0,0 player=-3563,-3043,-2865,0,127,3,30 wingmate=-3691,-3043,-12081,0,127,3,30 missiles=-14516,1787,-2100,0,114,40,48/-14896,-1623,-5596,0,74,40,48/-15126,387,-6306,0,74,40,48
retail_frame=1488 camera=-3563,-3067,-2893,0,0,0 player=-3563,-3043,-2893,0,127,3,30 wingmate=-3691,-3043,-12109,0,127,3,30 missiles=-14530,1787,-2143,0,114,42,48/-14941,-1623,-5606,0,74,42,48/-15171,387,-6316,0,74,42,48
retail_frame=1492 camera=-3563,-3067,-2921,0,0,0 player=-3563,-3043,-2921,0,127,2,30 wingmate=-3691,-3043,-12137,0,127,2,30 missiles=-14544,1787,-2186,0,114,44,48/-14986,-1623,-5616,0,74,44,48/-15216,387,-6326,0,74,44,48
retail_frame=1496 camera=-3563,-3067,-2949,0,0,0 player=-3563,-3043,-2977,0,127,1,30 wingmate=-3563,-3067,-2977,0,127,1,30 missiles=-14558,1787,-2229,0,114,46,48/-15031,-1623,-5626,0,74,46,48/-15261,387,-6336,0,74,46,48
retail_frame=1500 camera=-3563,-3067,-3005,0,0,0 player=-3563,-3043,-3005,0,127,0,30 wingmate=-3691,-3043,-12221,0,127,0,30 missiles=-14586,1787,-2315,0,114,50,48/-15121,-1623,-5646,0,74,48,48/-15306,387,-6346,0,74,48,48
retail_frame=1504 camera=-3563,-3066,-3033,0,0,0 player=-3563,-3043,-3033,0,127,255,30 wingmate=-3691,-3043,-12249,0,127,255,30 missiles=-14600,1787,-2358,0,114,52,48/-15166,-1623,-5656,0,74,52,48/-15396,387,-6366,0,74,52,48
retail_frame=1508 camera=-3563,-3066,-3061,0,0,0 player=-3563,-3043,-3061,0,127,254,30 wingmate=-3691,-3043,-12277,0,127,254,30 missiles=-14614,1787,-2401,0,114,54,48/-15211,-1623,-5666,0,74,54,48/-15441,387,-6376,0,74,54,48
retail_frame=1512 camera=-3563,-3066,-3089,0,0,0 player=-3563,-3043,-3089,0,127,254,30 wingmate=-3691,-3043,-12305,0,127,254,30 missiles=-14628,1787,-2444,0,114,56,48/-15256,-1623,-5676,0,74,56,48/-15486,387,-6386,0,74,56,48
retail_frame=1516 camera=-3563,-3065,-3117,0,0,0 player=-3563,-3043,-3145,0,127,253,30 wingmate=-3563,-3065,-3145,0,127,253,30 missiles=-14642,1787,-2487,0,114,58,48/-15301,-1623,-5686,0,74,58,48/-15531,387,-6396,0,74,58,48
retail_frame=1520 camera=-3563,-3064,-3173,0,0,0 player=-3563,-3043,-3173,0,127,252,30 wingmate=-3691,-3043,-12389,0,127,252,30 missiles=-14670,1787,-2573,0,114,60,48/-15346,-1623,-5696,0,74,60,48/-15576,387,-6406,0,74,60,48
retail_frame=1524 camera=-3563,-3063,-3201,0,0,0 player=-3563,-3043,-3201,0,127,252,30 wingmate=-3691,-3043,-12417,0,127,252,30 missiles=-14684,1787,-2616,0,114,64,48/-15436,-1623,-5716,0,74,64,48/-15666,387,-6426,0,74,64,48
retail_frame=1528 camera=-3563,-3063,-3229,0,0,0 player=-3563,-3043,-3229,0,127,252,30 wingmate=-3691,-3043,-12445,0,127,252,30 missiles=-14698,1787,-2659,0,114,66,48/-15481,-1623,-5726,0,74,66,48/-15711,387,-6436,0,74,66,48
retail_frame=1532 camera=-3563,-3062,-3257,0,0,0 player=-3563,-3043,-3257,0,127,252,30 wingmate=-3691,-3043,-12473,0,127,252,30 missiles=-14712,1787,-2702,0,114,68,48/-15526,-1623,-5736,0,74,68,48/-15756,387,-6446,0,74,68,48
retail_frame=1536 camera=-3563,-3062,-3285,0,0,0 player=-3563,-3043,-3285,0,127,253,30 wingmate=-3691,-3043,-12501,0,127,253,30 missiles=-14726,1787,-2745,0,114,70,48/-15571,-1623,-5746,0,74,70,48/-15801,387,-6456,0,74,70,48
retail_frame=1540 camera=-3563,-3062,-3313,0,0,0 player=-3563,-3043,-3341,0,127,254,30 wingmate=-3563,-3061,-3341,0,127,254,30 missiles=-14740,1787,-2788,0,114,72,48/-15616,-1623,-5756,0,74,72,48/-15846,387,-6466,0,74,72,48
retail_frame=1544 camera=-3563,-3061,-3369,0,0,0 player=-3563,-3043,-3369,0,127,254,30 wingmate=-3691,-3043,-12585,0,127,254,30 missiles=-14768,1787,-2874,0,114,76,48/-15706,-1623,-5776,0,74,76,48/-15891,387,-6476,0,74,74,48
retail_frame=1548 camera=-3563,-3061,-3397,0,0,0 player=-3563,-3043,-3397,0,127,255,30 wingmate=-3691,-3043,-12613,0,127,255,30 missiles=-14782,1787,-2917,0,114,78,48/-15751,-1623,-5786,0,74,78,48/-15981,387,-6496,0,74,78,48
retail_frame=1552 camera=-3563,-3061,-3425,0,0,0 player=-3563,-3043,-3425,0,127,0,30 wingmate=-3691,-3043,-12641,0,127,0,30 missiles=-14796,1787,-2960,0,114,80,48/-15796,-1623,-5796,0,74,80,48/-16026,387,-6506,0,74,80,48
retail_frame=1556 camera=-3563,-3061,-3453,0,0,0 player=-3563,-3043,-3453,0,127,1,30 wingmate=-3691,-3043,-12669,0,127,1,30 missiles=-14810,1787,-3003,0,114,82,48/-15841,-1623,-5806,0,74,82,48/-16071,387,-6516,0,74,82,48
retail_frame=1560 camera=-3563,-3062,-3509,0,0,0 player=-3563,-3043,-3509,0,127,2,30 wingmate=-3563,-3062,-3509,0,127,2,30 missiles=-14824,1787,-3046,0,114,84,48/-15886,-1623,-5816,0,74,84,48/-16116,387,-6526,0,74,84,48
retail_frame=1564 camera=-3563,-3062,-3537,0,0,0 player=-3563,-3043,-3537,0,127,3,30 wingmate=-3691,-3043,-12753,0,127,3,30 missiles=-14852,1787,-3132,0,114,88,48/-15931,-1623,-5826,0,74,86,48/-16161,387,-6536,0,74,86,48
retail_frame=1568 camera=-3563,-3063,-3565,0,0,0 player=-3563,-3043,-3565,0,127,3,30 wingmate=-3691,-3043,-12781,0,127,3,30 missiles=-14866,1787,-3175,0,114,90,48/-16021,-1623,-5846,0,74,90,48/-16251,387,-6556,0,74,90,48
retail_frame=1572 camera=-3563,-3063,-3593,0,0,0 player=-3563,-3043,-3593,0,127,4,30 wingmate=-3691,-3043,-12809,0,127,4,30 missiles=-14880,1787,-3218,0,114,92,48/-16066,-1623,-5856,0,74,92,48/-16296,387,-6566,0,74,92,48
retail_frame=1576 camera=-3563,-3064,-3621,0,0,0 player=-3563,-3043,-3621,0,127,4,30 wingmate=-3691,-3043,-12837,0,127,4,30 missiles=-14894,1787,-3261,0,114,94,48/-16111,-1623,-5866,0,74,94,48/-16341,387,-6576,0,74,94,48
retail_frame=1580 camera=-3563,-3065,-3649,0,0,0 player=-3563,-3043,-3649,0,127,4,30 wingmate=-3691,-3043,-12865,0,127,4,30 missiles=-14908,1787,-3304,0,114,96,48/-16156,-1623,-5876,0,74,96,48/-16386,387,-6586,0,74,96,48
retail_frame=1584 camera=-3563,-3066,-3705,0,0,0 player=-3563,-3043,-3705,0,127,3,30 wingmate=-3691,-3043,-12921,0,127,3,30 missiles=-14922,1787,-3347,0,114,98,48/-16201,-1623,-5886,0,74,98,48/-16431,387,-6596,0,74,98,48
retail_frame=1588 camera=-3563,-3066,-3733,0,0,0 player=-3563,-3043,-3733,0,127,3,30 wingmate=-3691,-3043,-12949,0,127,3,30 missiles=-14954,1787,-3432,0,112,102,48/-16291,-1623,-5906,0,74,102,48/-16521,387,-6616,0,74,102,48
retail_frame=1592 camera=-3563,-3066,-3761,0,0,0 player=-3563,-3043,-3761,0,127,2,30 wingmate=-3691,-3043,-12977,0,127,2,30 missiles=-14972,1787,-3474,0,111,104,48/-16336,-1623,-5916,0,74,104,48/-16566,387,-6626,0,74,104,48
retail_frame=1596 camera=-3563,-3067,-3789,0,0,0 player=-3563,-3043,-3789,0,127,2,30 wingmate=-3691,-3043,-13005,0,127,2,30 missiles=-14991,1787,-3515,0,110,106,48/-16381,-1623,-5926,0,74,106,48/-16611,387,-6636,0,74,106,48
retail_frame=1600 camera=-3563,-3067,-3817,0,0,0 player=-3563,-3043,-3817,0,127,0,30 wingmate=-3691,-3043,-13033,0,127,1,30 missiles=-15011,1787,-3556,0,109,108,48/-16426,-1623,-5936,0,74,108,48/-16656,387,-6646,0,74,108,48
retail_frame=1604 camera=-3563,-3067,-3873,0,0,0 player=-3563,-3043,-3873,0,127,255,30 wingmate=-3691,-3043,-13089,0,127,255,30 missiles=-15032,1787,-3597,0,108,110,48/-16471,-1623,-5946,0,74,110,48/-16701,387,-6656,0,74,110,48
retail_frame=1608 camera=-3563,-3067,-3901,0,0,0 player=-3563,-3043,-3901,0,127,254,30 wingmate=-3691,-3043,-13117,0,127,254,30 missiles=-15077,1787,-3676,0,106,114,48/-16561,-1623,-5966,0,74,114,48/-16791,387,-6676,0,74,114,48
retail_frame=1612 camera=-3563,-3066,-3929,0,0,0 player=-3563,-3043,-3929,0,127,254,30 wingmate=-3691,-3043,-13145,0,127,254,30 missiles=-15101,1787,-3715,0,105,116,48/-16606,-1623,-5976,0,74,116,48/-16836,387,-6686,0,74,116,48
retail_frame=1616 camera=-3563,-3066,-3957,0,0,0 player=-3563,-3043,-3957,0,127,253,30 wingmate=-3691,-3043,-13173,0,127,253,30 missiles=-15126,1787,-3753,0,104,118,48/-16651,-1623,-5986,0,74,118,48/-16881,387,-6696,0,74,118,48
retail_frame=1620 camera=-3563,-3066,-3985,0,0,0 player=-3563,-3043,-3985,0,127,253,30 wingmate=-3691,-3043,-13201,0,127,253,30 missiles=-15152,1787,-3790,0,103,120,48/-16696,-1623,-5996,0,74,120,48/-16926,387,-6706,0,74,120,48
retail_frame=1624 camera=-3563,-3065,-4041,0,0,0 player=-3563,-3043,-4041,0,127,252,30 wingmate=-3563,-3065,-4041,0,127,252,30 missiles=-15179,1787,-3827,0,102,122,48/-16741,-1623,-6006,0,74,122,48/-16971,387,-6716,0,74,122,48
retail_frame=1628 camera=-3563,-3064,-4069,0,0,0 player=-3563,-3043,-4069,0,127,252,30 wingmate=-3691,-3043,-13285,0,127,252,30 missiles=-15236,1787,-3898,0,100,126,48/-16831,-1623,-6026,0,74,126,48/-17016,387,-6726,0,74,124,48
retail_frame=1632 camera=-3563,-3063,-4097,0,0,0 player=-3563,-3043,-4097,0,127,252,30 wingmate=-3691,-3043,-13313,0,127,252,30 missiles=-15265,1787,-3933,0,99,128,48/-16876,-1623,-6036,0,74,128,48/-17106,387,-6746,0,74,128,48
retail_frame=1636 camera=-3563,-3063,-4125,0,0,0 player=-3563,-3043,-4125,0,127,253,30 wingmate=-3691,-3043,-13341,0,127,253,30 missiles=-15295,1787,-3967,0,98,130,48/-16921,-1623,-6046,0,74,130,48/-17151,387,-6756,0,74,130,48
retail_frame=1640 camera=-3563,-3062,-4153,0,0,0 player=-3563,-3043,-4153,0,127,253,30 wingmate=-3691,-3043,-13369,0,127,253,30 missiles=-15326,1787,-4000,0,97,132,48/-16966,-1623,-6056,0,74,132,48/-17196,387,-6766,0,74,132,48
retail_frame=1644 camera=-3563,-3062,-4181,0,0,0 player=-3563,-3043,-4209,0,127,254,30 wingmate=-3563,-3062,-4209,0,127,254,30 missiles=-15358,1787,-4032,0,96,134,48/-17011,-1623,-6066,0,74,134,48/-17241,387,-6776,0,74,134,48
retail_frame=1648 camera=-3563,-3061,-4237,0,0,0 player=-3563,-3043,-4237,0,127,255,30 wingmate=-3691,-3043,-13453,0,127,255,30 missiles=-15425,1787,-4093,0,94,138,48/-17056,-1623,-6076,0,74,136,48/-17286,387,-6786,0,74,136,48
retail_frame=1652 camera=-3563,-3061,-4265,0,0,0 player=-3563,-3043,-4265,0,127,0,30 wingmate=-3691,-3043,-13481,0,127,0,30 missiles=-15460,1787,-4122,0,93,140,48/-17146,-1623,-6096,0,74,140,48/-17376,387,-6806,0,74,140,48
retail_frame=1656 camera=-3563,-3061,-4293,0,0,0 player=-3563,-3043,-4293,0,127,1,30 wingmate=-3691,-3043,-13509,0,127,1,30 missiles=-15495,1787,-4151,0,92,142,48/-17191,-1623,-6106,0,74,142,48/-17421,387,-6816,0,74,142,48
retail_frame=1660 camera=-3563,-3061,-4321,0,0,0 player=-3563,-3043,-4321,0,127,2,30 wingmate=-3691,-3043,-13537,0,127,2,30 missiles=-15531,1787,-4179,0,91,144,48/-17236,-1623,-6116,0,74,144,48/-17466,387,-6826,0,74,144,48
retail_frame=1664 camera=-3563,-3061,-4349,0,0,0 player=-3563,-3043,-4377,0,127,3,30 wingmate=-3691,-3043,-13565,0,127,3,30 missiles=-15568,1787,-4206,0,90,146,48/-17281,-1623,-6126,0,74,146,48/-17511,387,-6836,0,74,146,48
retail_frame=1668 camera=-3563,-3062,-4405,0,0,0 player=-3563,-3043,-4405,0,127,3,30 wingmate=-3691,-3043,-13621,0,127,3,30 missiles=-15643,1787,-4257,0,88,150,48/-17326,-1623,-6136,0,74,148,48/-17556,387,-6846,0,74,148,48
retail_frame=1672 camera=-3563,-3062,-4433,0,0,0 player=-3563,-3043,-4433,0,127,4,30 wingmate=-3691,-3043,-13649,0,127,4,30 missiles=-15682,1787,-4281,0,87,152,48/-17416,-1623,-6156,0,74,152,48/-17646,387,-6866,0,74,152,48
retail_frame=1676 camera=-3563,-3063,-4461,0,0,0 player=-3563,-3043,-4461,0,127,4,30 wingmate=-3691,-3043,-13677,0,127,4,30 missiles=-15721,1787,-4304,0,86,154,48/-17461,-1623,-6166,0,74,154,48/-17691,387,-6876,0,74,154,48
retail_frame=1680 camera=-3563,-3063,-4489,0,0,0 player=-3563,-3043,-4489,0,127,4,30 wingmate=-3691,-3043,-13705,0,127,4,30 missiles=-15761,1787,-4326,0,85,156,48/-17506,-1623,-6176,0,74,156,48/-17736,387,-6886,0,74,156,48
retail_frame=1684 camera=-3563,-3064,-4517,0,0,0 player=-3563,-3043,-4545,0,127,3,30 wingmate=-3563,-3065,-4545,0,127,3,30 missiles=-15802,1787,-4347,0,84,158,48/-17551,-1623,-6186,0,74,158,48/-17781,387,-6896,0,74,158,48
retail_frame=1688 camera=-3563,-3065,-4573,0,0,0 player=-3563,-3043,-4573,0,127,3,30 wingmate=-3691,-3043,-13789,0,127,3,30 missiles=-15884,1787,-4386,0,82,162,48/-17596,-1623,-6196,0,74,160,48/-17826,387,-6906,0,74,160,48
retail_frame=1692 camera=-3563,-3066,-4601,0,0,0 player=-3563,-3043,-4601,0,127,2,30 wingmate=-3691,-3043,-13817,0,127,2,30 missiles=-15926,1787,-4404,0,81,164,48/-17686,-1623,-6216,0,74,164,48/-17916,387,-6926,0,74,164,48
retail_frame=1696 camera=-3563,-3066,-4629,0,0,0 player=-3563,-3043,-4629,0,127,2,30 wingmate=-3691,-3043,-13845,0,127,2,30 missiles=-15968,1787,-4421,0,80,166,48/-17731,-1623,-6226,0,74,166,48/-17961,387,-6936,0,74,166,48
retail_frame=1700 camera=-3563,-3066,-4657,0,0,0 player=-3563,-3043,-4657,0,127,1,30 wingmate=-3691,-3043,-13873,0,127,1,30 missiles=-16011,1787,-4436,0,79,168,48/-17776,-1623,-6236,0,74,168,48/-18006,387,-6946,0,74,168,48
retail_frame=1704 camera=-3563,-3067,-4713,0,0,0 player=-3563,-3043,-4713,0,127,255,30 wingmate=-3563,-3067,-4713,0,127,255,30 missiles=-16054,1787,-4450,0,78,170,48/-17821,-1623,-6246,0,74,170,48/-18051,387,-6956,0,74,170,48
retail_frame=1708 camera=-3563,-3067,-4741,0,0,0 player=-3563,-3043,-4741,0,127,254,30 wingmate=-3691,-3043,-13957,0,127,254,30 missiles=-16142,1787,-4475,0,76,174,48/-17866,-1623,-6256,0,74,172,48/-18096,387,-6966,0,74,172,48
retail_frame=1712 camera=-3563,-3067,-4769,0,0,0 player=-3563,-3043,-4769,0,127,254,30 wingmate=-3691,-3043,-13985,0,127,254,30 missiles=-16186,1787,-4486,0,75,176,48/-17956,-1623,-6276,0,74,176,48/-18186,387,-6986,0,74,176,48
retail_frame=1716 camera=-3563,-3067,-4797,0,0,0 player=-3563,-3043,-4797,0,127,253,30 wingmate=-3691,-3043,-14013,0,127,253,30 missiles=-16231,1787,-4496,0,74,178,48/-18001,-1623,-6286,0,74,178,48/-18231,387,-6996,0,74,178,48
retail_frame=1720 camera=-3563,-3066,-4825,0,0,0 player=-3563,-3043,-4825,0,127,253,30 wingmate=-3691,-3043,-14041,0,127,253,30 missiles=-16276,1787,-4506,0,74,180,48/-18046,-1623,-6296,0,74,180,48/-18276,386,-7006,255,74,180,48
retail_frame=1724 camera=-3563,-3066,-4853,0,0,0 player=-3563,-3043,-4881,0,127,252,30 wingmate=-3691,-3043,-14069,0,127,252,30 missiles=-16321,1787,-4516,0,74,182,48/-18091,-1623,-6306,0,74,182,48/-18321,384,-7016,254,74,182,48
retail_frame=1728 camera=-3563,-3065,-4909,0,0,0 player=-3563,-3043,-4909,0,127,252,30 wingmate=-3691,-3043,-14125,0,127,252,30 missiles=-16411,1787,-4536,0,74,184,48/-18136,-1623,-6316,0,74,184,48/-18366,381,-7026,253,74,184,48
retail_frame=1732 camera=-3563,-3065,-4937,0,0,0 player=-3563,-3043,-4937,0,127,252,30 wingmate=-3691,-3043,-14153,0,127,252,30 missiles=-16456,1787,-4546,0,74,188,48/-18226,-1623,-6336,0,74,188,48/-18456,372,-7046,251,74,188,48
retail_frame=1736 camera=-3563,-3064,-4965,0,0,0 player=-3563,-3043,-4965,0,127,253,30 wingmate=-3691,-3043,-14181,0,127,253,30 missiles=-16501,1787,-4556,0,74,190,48/-18271,-1623,-6346,0,74,190,48/-18500,366,-7056,250,74,190,48
retail_frame=1740 camera=-3563,-3063,-4993,0,0,0 player=-3563,-3043,-4993,0,127,253,30 wingmate=-3691,-3043,-14209,0,127,253,30 missiles=-16546,1787,-4566,0,74,192,48/-18316,-1623,-6356,0,74,192,48/-18544,359,-7066,249,74,192,48
retail_frame=1744 camera=-3563,-3063,-5021,0,0,0 player=-3563,-3043,-5021,0,127,254,30 wingmate=-3691,-3043,-14237,0,127,254,30 missiles=-16591,1787,-4576,0,74,194,48/-18361,-1623,-6366,0,74,194,48/-18588,350,-7076,248,74,194,48
retail_frame=1748 camera=-3563,-3062,-5049,0,0,0 player=-3563,-3043,-5077,0,127,255,30 wingmate=-3563,-3062,-5077,0,127,255,30 missiles=-16636,1787,-4586,0,74,196,48/-18406,-1623,-6376,0,74,196,48/-18632,340,-7086,247,74,196,48
retail_frame=1752 camera=-3563,-3062,-5105,0,0,0 player=-3563,-3043,-5105,0,127,0,30 wingmate=-3691,-3043,-14321,0,127,0,30 missiles=-16681,1787,-4596,0,74,198,48/-18451,-1623,-6386,0,74,198,48/-18676,329,-7096,246,74,198,48
retail_frame=1756 camera=-3563,-3061,-5133,0,0,0 player=-3563,-3043,-5133,0,127,1,30 wingmate=-3691,-3043,-14349,0,127,1,30 missiles=-16771,1787,-4616,0,74,202,48/-18541,-1623,-6406,0,74,202,48/-18762,304,-7116,244,74,202,48
retail_frame=1760 camera=-3563,-3061,-5161,0,0,0 player=-3563,-3043,-5161,0,127,2,30 wingmate=-3691,-3043,-14377,0,127,2,30 missiles=-16816,1787,-4626,0,74,204,48/-18586,-1623,-6416,0,74,204,48/-18805,290,-7126,243,74,204,48
retail_frame=1764 camera=-3563,-3061,-5189,0,0,0 player=-3563,-3043,-5189,0,127,2,30 wingmate=-3691,-3043,-14405,0,127,2,30 missiles=-16861,1787,-4636,0,74,206,48/-18631,-1623,-6426,0,74,206,48/-18847,275,-7136,242,74,206,48
retail_frame=1768 camera=-3563,-3061,-5217,0,0,0 player=-3563,-3043,-5217,0,127,3,30 wingmate=-3691,-3043,-14433,0,127,3,30 missiles=-16906,1787,-4646,0,74,208,48/-18676,-1623,-6436,0,74,208,48/-18889,259,-7146,241,74,208,48
retail_frame=1772 camera=-3563,-3062,-5273,0,0,0 player=-3563,-3043,-5273,0,127,4,30 wingmate=-3563,-3062,-5273,0,127,4,30 missiles=-16951,1787,-4656,0,74,210,48/-18721,-1623,-6446,0,74,210,48/-18931,241,-7156,240,74,210,48
retail_frame=1776 camera=-3563,-3062,-5301,0,0,0 player=-3563,-3043,-5301,0,127,4,30 wingmate=-3691,-3043,-14517,0,127,4,30 missiles=-17041,1787,-4676,0,74,214,48/-18811,-1623,-6466,0,74,212,48/-18972,222,-7165,239,74,212,48
retail_frame=1780 camera=-3563,-3062,-5329,0,0,0 player=-3563,-3043,-5329,0,127,4,30 wingmate=-3691,-3043,-14545,0,127,4,30 missiles=-17086,1787,-4686,0,74,216,48/-18856,-1623,-6476,0,74,216,48/-19052,181,-7183,237,74,216,48
retail_frame=1784 camera=-3563,-3063,-5357,0,0,0 player=-3563,-3043,-5357,0,127,4,30 wingmate=-3691,-3043,-14573,0,127,4,30 missiles=-17131,1787,-4696,0,74,218,48/-18901,-1623,-6486,0,74,218,48/-19092,159,-7192,236,74,218,48
retail_frame=1788 camera=-3563,-3063,-5385,0,0,0 player=-3563,-3043,-5385,0,127,3,30 wingmate=-3691,-3043,-14601,0,127,3,30 missiles=-17176,1787,-4706,0,74,220,48/-18946,-1623,-6496,0,74,220,48/-19131,136,-7201,235,74,220,48
retail_frame=1792 camera=-3563,-3064,-5413,0,0,0 player=-3563,-3043,-5441,0,127,2,30 wingmate=-3691,-3043,-14629,0,127,2,30 missiles=-17221,1787,-4716,0,74,222,48/-18991,-1623,-6506,0,74,222,48/-19169,112,-7210,234,74,222,48
retail_frame=1796 camera=-3563,-3065,-5469,0,0,0 player=-3563,-3043,-5469,0,127,2,30 wingmate=-3563,-3065,-5469,0,127,2,30 missiles=-17266,1787,-4726,0,74,224,48/-19036,-1623,-6516,0,74,224,48/-19207,87,-7219,233,74,224,48
retail_frame=1800 camera=-3563,-3066,-5497,0,0,0 player=-3563,-3043,-5497,0,127,1,30 wingmate=-3691,-3043,-14713,0,127,1,30 missiles=-17356,1787,-4746,0,74,228,48/-19126,-1623,-6536,0,74,228,48/-19244,61,-7228,232,74,226,48
retail_frame=1804 camera=-3563,-3066,-5525,0,0,0 player=-3563,-3043,-5525,0,127,0,30 wingmate=-3691,-3043,-14741,0,127,0,30 missiles=-17401,1787,-4756,0,74,230,48/-19171,-1623,-6546,0,74,230,48/-19317,6,-7244,230,74,230,48
retail_frame=1808 camera=-3563,-3066,-5553,0,0,0 player=-3563,-3043,-5553,0,127,255,30 wingmate=-3691,-3043,-14769,0,127,255,30 missiles=-17446,1787,-4766,0,74,232,48/-19216,-1623,-6556,0,74,232,48/-19352,-23,-7252,229,74,232,48
retail_frame=1812 camera=-3563,-3067,-5581,0,0,0 player=-3563,-3043,-5581,0,127,254,30 wingmate=-3691,-3043,-14797,0,127,254,30 missiles=-17491,1787,-4776,0,74,234,48/-19261,-1623,-6566,0,74,234,48/-19387,-53,-7260,228,74,234,48
retail_frame=1816 camera=-3563,-3067,-5609,0,0,0 player=-3563,-3043,-5609,0,127,254,30 wingmate=-3691,-3043,-14825,0,127,254,30 missiles=-17536,1787,-4786,0,74,236,48/-19306,-1623,-6576,0,74,236,48/-19421,-83,-7268,227,74,236,48
retail_frame=1820 camera=-3563,-3067,-5637,0,0,0 player=-3563,-3043,-5665,0,127,253,30 wingmate=-3563,-3067,-5665,0,127,253,30 missiles=-17581,1787,-4796,0,74,238,48/-19351,-1623,-6586,0,74,238,48/-19454,-114,-7276,226,74,238,48
retail_frame=1824 camera=-3563,-3067,-5693,0,0,0 player=-3563,-3043,-5693,0,127,252,30 wingmate=-3691,-3043,-14909,0,127,252,30 missiles=-17671,1787,-4816,0,74,242,48/-19441,-1623,-6606,0,74,242,48/-19517,-179,-7290,224,74,240,48
retail_frame=1828 camera=-3563,-3066,-5721,0,0,0 player=-3563,-3043,-5721,0,127,252,30 wingmate=-3691,-3043,-14937,0,127,252,30 missiles=-17716,1787,-4826,0,74,244,48/-19486,-1623,-6616,0,74,244,48/-19548,-213,-7297,223,74,244,48
retail_frame=1832 camera=-3563,-3066,-5749,0,0,0 player=-3563,-3043,-5749,0,127,252,30 wingmate=-3691,-3043,-14965,0,127,252,30 missiles=-17761,1787,-4836,0,74,246,48/-19531,-1623,-6626,0,74,246,48/-19578,-248,-7304,222,74,246,48
retail_frame=1836 camera=-3563,-3066,-5777,0,0,0 player=-3563,-3043,-5777,0,127,252,30 wingmate=-3691,-3043,-14993,0,127,252,30 missiles=-17806,1787,-4846,0,74,248,48/-19576,-1623,-6636,0,74,248,48/-19607,-284,-7311,221,74,248,48
retail_frame=1840 camera=-3563,-3065,-5805,0,0,0 player=-3563,-3043,-5805,0,127,253,30 wingmate=-3691,-3043,-15021,0,127,253,30 missiles=-17851,1787,-4856,0,74,250,48/-19621,-1623,-6646,0,74,250,48/-19635,-320,-7317,220,74,250,48
retail_frame=1844 camera=-3563,-3064,-5861,0,0,0 player=-3563,-3043,-5861,0,127,254,30 wingmate=-3563,-3064,-5861,0,127,254,30 missiles=-17896,1787,-4866,0,74,252,48/-19666,-1623,-6656,0,74,252,48/-19663,-357,-7323,219,74,252,48
retail_frame=1848 camera=-3563,-3064,-5861,0,0,0 player=-3563,-3043,-5861,0,127,254,30 wingmate=-3691,-3043,-15077,0,127,254,30 missiles=-17941,1787,-4876,0,74,254,48/-19711,-1623,-6666,0,74,254,48/-19689,-395,-7329,218,74,254,48
retail_frame=1852 camera=-3563,-3063,-5889,0,0,0 player=-3563,-3043,-5917,0,127,255,30 wingmate=-3691,-3043,-15105,0,127,255,30 missiles=-17986,1787,-4886,0,74,0,48/-19756,-1623,-6676,0,74,0,48/-19715,-433,-7335,217,74,0,48
retail_frame=1856 camera=-3563,-3062,-5945,0,0,0 player=-3563,-3043,-5945,0,127,0,30 wingmate=-3691,-3043,-15161,0,127,0,30 missiles=-18076,1787,-4906,0,74,2,48/-19801,-1623,-6686,0,74,2,48/-19740,-472,-7341,216,74,2,48
retail_frame=1860 camera=-3563,-3062,-5973,0,0,0 player=-3563,-3043,-5973,0,127,1,30 wingmate=-3691,-3043,-15189,0,127,1,30 missiles=-18121,1787,-4916,0,74,6,48/-19891,-1623,-6706,0,74,6,48/-19790,-550,-7353,216,74,6,48
retail_frame=1864 camera=-3563,-3062,-6001,0,0,0 player=-3563,-3043,-6001,0,127,2,30 wingmate=-3691,-3043,-15217,0,127,2,30 missiles=-18166,1787,-4926,0,74,8,48/-19936,-1623,-6716,0,74,8,48/-19815,-589,-7359,216,74,8,48
retail_frame=1868 camera=-3563,-3061,-6029,0,0,0 player=-3563,-3043,-6029,0,127,2,30 wingmate=-3691,-3043,-15245,0,127,2,30 missiles=-18211,1787,-4936,0,74,10,48/-19981,-1623,-6726,0,74,10,48/-19840,-628,-7365,216,74,10,48
retail_frame=1872 camera=-3563,-3061,-6057,0,0,0 player=-3563,-3043,-6057,0,127,3,30 wingmate=-3691,-3043,-15273,0,127,3,30 missiles=-18256,1787,-4946,0,74,12,48/-20026,-1623,-6736,0,74,12,48/-19865,-667,-7371,216,74,12,48
retail_frame=1876 camera=-3563,-3061,-6085,0,0,0 player=-3563,-3043,-6085,0,127,3,30 wingmate=-3691,-3043,-15301,0,127,3,30 missiles=-18301,1787,-4956,0,74,14,48/-20071,-1623,-6746,0,74,14,48/-19890,-706,-7377,216,74,14,48
retail_frame=1880 camera=-3563,-3061,-6113,0,0,0 player=-3563,-3043,-6113,0,127,4,30 wingmate=-3691,-3043,-15329,0,127,4,30 missiles=-18346,1787,-4966,0,74,16,48/-20116,-1623,-6756,0,74,16,48/-19915,-745,-7383,216,74,16,48
retail_frame=1884 camera=-3563,-3061,-6141,0,0,0 player=-3563,-3043,-6141,0,127,4,30 wingmate=-3691,-3043,-15357,0,127,4,30 missiles=-18391,1787,-4976,0,74,18,48/-20161,-1623,-6766,0,74,18,48/-19940,-784,-7389,216,74,18,48
retail_frame=1888 camera=-3563,-3062,-6169,0,0,0 player=-3563,-3043,-6169,0,127,4,30 wingmate=-3691,-3043,-15385,0,127,4,30 missiles=-18436,1787,-4986,0,74,20,48/-20206,-1623,-6776,0,74,20,48/-19965,-823,-7395,216,74,20,48
retail_frame=1892 camera=-3563,-3062,-6197,0,0,0 player=-3563,-3043,-6197,0,127,4,30 wingmate=-3691,-3043,-15413,0,127,4,30 missiles=-18481,1787,-4996,0,74,22,48/-20251,-1623,-6786,0,74,22,48/-19990,-862,-7401,216,74,22,48
retail_frame=1896 camera=-3563,-3062,-6225,0,0,0 player=-3563,-3043,-6225,0,127,3,30 wingmate=-3691,-3043,-15441,0,127,3,30 missiles=-18526,1787,-5006,0,74,24,48/-20296,-1623,-6796,0,74,24,48/-20015,-901,-7407,216,74,24,48
retail_frame=1900 camera=-3563,-3063,-6253,0,0,0 player=-3563,-3043,-6253,0,127,3,30 wingmate=-3691,-3043,-15469,0,127,3,30 missiles=-18571,1787,-5016,0,74,26,48/-20341,-1623,-6806,0,74,26,48/-20040,-940,-7413,216,74,26,48
retail_frame=1904 camera=-3563,-3063,-6281,0,0,0 player=-3563,-3043,-6281,0,127,2,30 wingmate=-3691,-3043,-15497,0,127,2,30 missiles=-18616,1787,-5026,0,74,28,48/-20386,-1623,-6816,0,74,28,48/-20065,-979,-7419,216,74,28,48
retail_frame=1908 camera=-3563,-3064,-6309,0,0,0 player=-3563,-3043,-6309,0,127,2,30 wingmate=-3691,-3043,-15525,0,127,2,30 missiles=-18661,1787,-5036,0,74,30,48/-20431,-1623,-6826,0,74,30,48/-20090,-1018,-7425,216,74,30,48
retail_frame=1912 camera=-3563,-3065,-6337,0,0,0 player=-3563,-3043,-6337,0,127,1,30 wingmate=-3691,-3043,-15553,0,127,1,30 missiles=-18706,1787,-5046,0,74,32,48/-20476,-1623,-6836,0,74,32,48/-20115,-1057,-7431,216,74,32,48
retail_frame=1916 camera=-3563,-3066,-6393,0,0,0 player=-3563,-3043,-6393,0,127,255,30 wingmate=-3563,-3066,-6393,0,127,255,30 missiles=-18751,1787,-5056,0,74,34,48/-20521,-1623,-6846,0,74,34,48/-20140,-1096,-7437,216,74,34,48
retail_frame=1920 camera=-3563,-3066,-6421,0,0,0 player=-3563,-3043,-6421,0,127,254,30 wingmate=-3563,-3066,-6421,0,127,254,30 missiles=-18796,1787,-5066,0,74,36,48/-20566,-1623,-6856,0,74,36,48/-20165,-1135,-7443,216,74,36,48
retail_frame=1924 camera=-3563,-3066,-6449,0,0,0 player=-3563,-3043,-6449,0,127,254,30 wingmate=-3691,-3043,-15665,0,127,254,30 missiles=-18886,1787,-5086,0,74,38,48/-20611,-1623,-6866,0,74,38,48/-20190,-1174,-7449,216,74,38,48
retail_frame=1928 camera=-3563,-3067,-6477,0,0,0 player=-3563,-3043,-6477,0,127,253,30 wingmate=-3691,-3043,-15693,0,127,253,30 missiles=-18931,1787,-5096,0,74,42,48/-20701,-1623,-6886,0,74,42,48/-20215,-1213,-7455,216,74,40,48
retail_frame=1932 camera=-3563,-3067,-6505,0,0,0 player=-3563,-3043,-6505,0,127,253,30 wingmate=-3691,-3043,-15721,0,127,253,30 missiles=-18976,1787,-5106,0,74,44,48/-20746,-1623,-6896,0,74,44,48/-20265,-1291,-7467,216,74,44,48
retail_frame=1936 camera=-3563,-3067,-6533,0,0,0 player=-3563,-3043,-6533,0,127,252,30 wingmate=-3691,-3043,-15749,0,127,252,30 missiles=-19021,1787,-5116,0,74,46,48/-20791,-1623,-6906,0,74,46,48/-20290,-1330,-7473,216,74,46,48
retail_frame=1940 camera=-3563,-3067,-6561,0,0,0 player=-3563,-3043,-6561,0,127,252,30 wingmate=-3691,-3043,-15777,0,127,252,30 missiles=-19066,1787,-5126,0,74,48,48/-20836,-1623,-6916,0,74,48,48/-20315,-1369,-7479,216,74,48,48
retail_frame=1944 camera=-3563,-3067,-6589,0,0,0 player=-3563,-3043,-6589,0,127,252,30 wingmate=-3691,-3043,-15805,0,127,252,30 missiles=-19111,1787,-5136,0,74,50,48/-20881,-1623,-6926,0,74,50,48/-20340,-1408,-7485,216,74,50,48
retail_frame=1948 camera=-3563,-3066,-6617,0,0,0 player=-3563,-3043,-6617,0,127,252,30 wingmate=-3691,-3043,-15833,0,127,252,30 missiles=-19156,1787,-5146,0,74,52,48/-20926,-1623,-6936,0,74,52,48/-20365,-1447,-7491,216,74,52,48
retail_frame=1952 camera=-3563,-3066,-6645,0,0,0 player=-3563,-3043,-6645,0,127,253,30 wingmate=-3691,-3043,-15861,0,127,253,30 missiles=-19201,1787,-5156,0,74,54,48/-20971,-1623,-6946,0,74,54,48/-20390,-1486,-7497,216,74,54,48
retail_frame=1956 camera=-3563,-3066,-6673,0,0,0 player=-3563,-3043,-6673,0,127,253,30 wingmate=-3691,-3043,-15889,0,127,253,30 missiles=-19246,1787,-5166,0,74,56,48/-21016,-1623,-6956,0,74,56,48/-20415,-1525,-7503,216,74,56,48
retail_frame=1960 camera=-3563,-3065,-6701,0,0,0 player=-3563,-3043,-6701,0,127,254,30 wingmate=-3691,-3043,-15917,0,127,254,30 missiles=-19291,1787,-5176,0,74,58,48/-21061,-1623,-6966,0,74,58,48/-20440,-1564,-7509,216,74,58,48
retail_frame=1964 camera=-3563,-3065,-6729,0,0,0 player=-3563,-3043,-6729,0,127,254,30 wingmate=-3691,-3043,-15945,0,127,254,30 missiles=-19336,1787,-5186,0,74,60,48/-21106,-1623,-6976,0,74,60,48/-20465,-1603,-7515,216,74,60,48
retail_frame=1968 camera=-3563,-3064,-6757,0,0,0 player=-3563,-3043,-6757,0,127,255,30 wingmate=-3691,-3043,-15973,0,127,255,30 missiles=-19381,1787,-5196,0,74,62,48/-21151,-1623,-6986,0,74,62,48/-20491,-1641,-7521,217,74,62,48
retail_frame=1972 camera=-3563,-3063,-6785,0,0,0 player=-3563,-3043,-6785,0,127,0,30 wingmate=-3691,-3043,-16001,0,127,0,30 missiles=-19426,1787,-5206,0,74,64,48/-21196,-1623,-6996,0,74,64,48/-20517,-1679,-7527,218,74,64,48
retail_frame=1976 camera=-3563,-3063,-6813,0,0,0 player=-3563,-3043,-6841,0,127,2,30 wingmate=-3691,-3043,-16029,0,127,2,30 missiles=-19471,1787,-5216,0,74,66,48/-21241,-1623,-7006,0,74,66,48/-20545,-1716,-7533,219,74,66,48
retail_frame=1980 camera=-3563,-3062,-6841,0,0,0 player=-3563,-3043,-6869,0,127,2,30 wingmate=-3691,-3043,-16057,0,127,2,30 missiles=-19516,1787,-5226,0,74,68,48/-21286,-1623,-7016,0,74,68,48/-20573,-1752,-7539,220,74,68,48
retail_frame=1984 camera=-3563,-3062,-6897,0,0,0 player=-3563,-3043,-6897,0,127,3,30 wingmate=-3563,-3062,-6897,0,127,3,30 missiles=-19561,1787,-5236,0,74,70,48/-21331,-1623,-7026,0,74,70,48/-20602,-1788,-7546,221,74,70,48
retail_frame=1988 camera=-3563,-3061,-6925,0,0,0 player=-3563,-3043,-6925,0,127,3,30 wingmate=-3563,-3061,-6925,0,127,3,30 missiles=-19606,1787,-5246,0,74,72,48/-21376,-1623,-7036,0,74,72,48/-20632,-1823,-7553,222,74,72,48
retail_frame=1992 camera=-3563,-3061,-6953,0,0,0 player=-3563,-3043,-6953,0,127,4,30 wingmate=-3691,-3043,-16169,0,127,4,30 missiles=-19696,1787,-5266,0,74,74,48/-21421,-1623,-7046,0,74,74,48/-20663,-1857,-7560,223,74,74,48
retail_frame=1996 camera=-3563,-3061,-6981,0,0,0 player=-3563,-3043,-6981,0,127,4,30 wingmate=-3691,-3043,-16197,0,127,4,30 missiles=-19741,1787,-5276,0,74,78,48/-21511,-1623,-7066,0,74,78,48/-20694,-1890,-7567,225,74,76,48
retail_frame=2000 camera=-3563,-3061,-7009,0,0,0 player=-3563,-3043,-7009,0,127,4,30 wingmate=-3691,-3043,-16225,0,127,4,30 missiles=-19786,1787,-5286,0,74,80,48/-21556,-1623,-7076,0,74,80,48/-20759,-1953,-7582,226,74,78,48
retail_frame=2004 camera=-3563,-3061,-7037,0,0,0 player=-3563,-3043,-7037,0,127,4,30 wingmate=-3691,-3043,-16253,0,127,4,30 missiles=-19831,1787,-5296,0,74,82,48/-21601,-1623,-7086,0,74,82,48/-20793,-1983,-7590,227,74,82,48
retail_frame=2008 camera=-3563,-3062,-7065,0,0,0 player=-3563,-3043,-7065,0,127,3,30 wingmate=-3691,-3043,-16281,0,127,3,30 missiles=-19876,1787,-5306,0,74,84,48/-21646,-1623,-7096,0,74,84,48/-20828,-2013,-7598,228,74,84,48
retail_frame=2012 camera=-3563,-3062,-7093,0,0,0 player=-3563,-3043,-7093,0,127,3,30 wingmate=-3691,-3043,-16309,0,127,3,30 missiles=-19921,1787,-5316,0,74,86,48/-21691,-1623,-7106,0,74,86,48/-20863,-2042,-7606,229,74,86,48
retail_frame=2016 camera=-3563,-3062,-7121,0,0,0 player=-3563,-3043,-7121,0,127,2,30 wingmate=-3691,-3043,-16337,0,127,2,30 missiles=-19966,1787,-5326,0,74,88,48/-21736,-1623,-7116,0,74,88,48/-20899,-2070,-7614,230,74,88,48
retail_frame=2020 camera=-3563,-3063,-7149,0,0,0 player=-3563,-3043,-7149,0,127,2,30 wingmate=-3691,-3043,-16365,0,127,2,30 missiles=-20011,1787,-5336,0,74,90,48/-21781,-1623,-7126,0,74,90,48/-20936,-2097,-7622,231,74,90,48
retail_frame=2024 camera=-3563,-3063,-7177,0,0,0 player=-3563,-3043,-7177,0,127,1,30 wingmate=-3691,-3043,-16393,0,127,1,30 missiles=-20056,1787,-5346,0,74,92,48/-21826,-1623,-7136,0,74,92,48/-20973,-2123,-7631,232,74,92,48
retail_frame=2028 camera=-3563,-3064,-7205,0,0,0 player=-3563,-3043,-7205,0,127,0,30 wingmate=-3691,-3043,-16421,0,127,0,30 missiles=-20101,1787,-5356,0,74,94,48/-21871,-1623,-7146,0,74,94,48/-21011,-2148,-7640,233,74,94,48
retail_frame=2032 camera=-3563,-3065,-7233,0,0,0 player=-3563,-3043,-7233,0,127,255,30 wingmate=-3691,-3043,-16449,0,127,255,30 missiles=-20146,1787,-5366,0,74,96,48/-21916,-1623,-7156,0,74,96,48/-21049,-2172,-7649,234,74,96,48
retail_frame=2036 camera=-3563,-3065,-7261,0,0,0 player=-3563,-3043,-7261,0,127,254,30 wingmate=-3691,-3043,-16477,0,127,254,30 missiles=-20191,1787,-5376,0,74,98,48/-21961,-1623,-7166,0,74,98,48/-21088,-2195,-7658,235,74,98,48
retail_frame=2040 camera=-3563,-3066,-7289,0,0,0 player=-3563,-3043,-7289,0,127,254,30 wingmate=-3691,-3043,-16505,0,127,254,30 missiles=-20236,1787,-5386,0,74,100,48/-22006,-1623,-7176,0,74,100,48/-21128,-2217,-7667,236,74,100,48
retail_frame=2044 camera=-3563,-3066,-7317,0,0,0 player=-3563,-3043,-7317,0,127,253,30 wingmate=-3691,-3043,-16533,0,127,253,30 missiles=-20281,1787,-5396,0,74,102,48/-22051,-1623,-7186,0,74,102,48/-21168,-2238,-7676,237,74,102,48
retail_frame=2048 camera=-3563,-3066,-7345,0,0,0 player=-3563,-3043,-7345,0,127,253,30 wingmate=-3691,-3043,-16561,0,127,253,30 missiles=-20326,1787,-5406,0,74,104,48/-22096,-1623,-7196,0,74,104,48/-21208,-2258,-7685,238,74,104,48
retail_frame=2052 camera=-3563,-3067,-7373,0,0,0 player=-3563,-3043,-7373,0,127,252,30 wingmate=-3691,-3043,-16589,0,127,252,30 missiles=-20371,1787,-5416,0,74,106,48/-22141,-1623,-7206,0,74,106,48/-21249,-2277,-7694,239,74,106,48
retail_frame=2056 camera=-3563,-3067,-7429,0,0,0 player=-3563,-3043,-7429,0,127,252,30 wingmate=-3563,-3067,-7429,0,127,252,30 missiles=-20416,1787,-5426,0,74,108,48/-22186,-1623,-7216,0,74,108,48/-21291,-2295,-7704,240,74,108,48
retail_frame=2060 camera=-3563,-3067,-7457,0,0,0 player=-3563,-3043,-7457,0,127,252,30 wingmate=-3691,-3043,-16673,0,127,252,30 missiles=-20506,1787,-5446,0,74,112,48/-22276,-1623,-7236,0,74,112,48/-21333,-2311,-7714,241,74,110,48
retail_frame=2064 camera=-3563,-3067,-7485,0,0,0 player=-3563,-3043,-7485,0,127,253,30 wingmate=-3691,-3043,-16701,0,127,253,30 missiles=-20551,1787,-5456,0,74,114,48/-22321,-1623,-7246,0,74,114,48/-21418,-2340,-7734,243,74,114,48
retail_frame=2068 camera=-3563,-3066,-7513,0,0,0 player=-3563,-3043,-7513,0,127,253,30 wingmate=-3691,-3043,-16729,0,127,253,30 missiles=-20596,1787,-5466,0,74,116,48/-22366,-1623,-7256,0,74,116,48/-21461,-2353,-7744,244,74,116,48
retail_frame=2072 camera=-3563,-3066,-7541,0,0,0 player=-3563,-3043,-7541,0,127,254,30 wingmate=-3691,-3043,-16757,0,127,254,30 missiles=-20641,1787,-5476,0,74,118,48/-22411,-1623,-7266,0,74,118,48/-21504,-2365,-7754,245,74,118,48
retail_frame=2076 camera=-3563,-3066,-7569,0,0,0 player=-3563,-3043,-7569,0,127,254,30 wingmate=-3691,-3043,-16785,0,127,254,30 missiles=-20686,1787,-5486,0,74,120,48/-22456,-1623,-7276,0,74,120,48/-21548,-2376,-7764,246,74,120,48
retail_frame=2080 camera=-3563,-3065,-7597,0,0,0 player=-3563,-3043,-7625,0,127,0,30 wingmate=-3691,-3043,-16813,0,127,0,30 missiles=-20731,1787,-5496,0,74,122,48/-22501,-1623,-7286,0,74,122,48/-21592,-2386,-7774,247,74,122,48
retail_frame=2084 camera=-3563,-3064,-7653,0,0,0 player=-3563,-3043,-7653,0,127,1,30 wingmate=-3691,-3043,-16869,0,127,1,30 missiles=-20821,1787,-5516,0,74,126,48/-22591,-1623,-7306,0,74,126,48/-21636,-2395,-7784,248,74,124,48
retail_frame=2088 camera=-3563,-3063,-7681,0,0,0 player=-3563,-3043,-7681,0,127,2,30 wingmate=-3691,-3043,-16897,0,127,2,30 missiles=-20866,1787,-5526,0,74,128,48/-22636,-1623,-7316,0,74,128,48/-21724,-2408,-7804,250,74,128,48
retail_frame=2092 camera=-3563,-3063,-7709,0,0,0 player=-3563,-3043,-7709,0,127,2,30 wingmate=-3691,-3043,-16925,0,127,2,30 missiles=-20911,1787,-5536,0,74,130,48/-22681,-1623,-7326,0,74,130,48/-21769,-2413,-7814,251,74,130,48
retail_frame=2096 camera=-3563,-3062,-7737,0,0,0 player=-3563,-3043,-7737,0,127,3,30 wingmate=-3691,-3043,-16953,0,127,3,30 missiles=-20956,1787,-5546,0,74,132,48/-22726,-1623,-7336,0,74,132,48/-21814,-2417,-7824,252,74,132,48
retail_frame=2100 camera=-3563,-3062,-7765,0,0,0 player=-3563,-3043,-7765,0,127,3,30 wingmate=-3691,-3043,-16981,0,127,3,30 missiles=-21001,1787,-5556,0,74,134,48/-22771,-1623,-7346,0,74,134,48/-21859,-2420,-7834,253,74,134,48
retail_frame=2104 camera=-3563,-3062,-7793,0,0,0 player=-3563,-3043,-7793,0,127,4,30 wingmate=-3691,-3043,-17009,0,127,4,30 missiles=-21046,1787,-5566,0,74,136,48/-22816,-1623,-7356,0,74,136,48/-21904,-2422,-7844,254,74,136,48
retail_frame=2108 camera=-3563,-3061,-7821,0,0,0 player=-3563,-3043,-7849,0,127,4,30 wingmate=-3691,-3043,-17037,0,127,4,30 missiles=-21091,1787,-5576,0,74,138,48/-22861,-1623,-7366,0,74,138,48/-21949,-2423,-7854,255,74,138,48
retail_frame=2112 camera=-3563,-3061,-7877,0,0,0 player=-3563,-3043,-7877,0,127,4,30 wingmate=-3691,-3043,-17093,0,127,4,30 missiles=-21181,1787,-5596,0,74,142,48/-22951,-1623,-7386,0,74,142,48/-21994,-2423,-7864,0,74,140,48
retail_frame=2116 camera=-3563,-3061,-7905,0,0,0 player=-3563,-3043,-7905,0,127,3,30 wingmate=-3691,-3043,-17121,0,127,3,30 missiles=-21226,1787,-5606,0,74,144,48/-22996,-1623,-7396,0,74,144,48/-22084,-2423,-7884,0,74,144,48
retail_frame=2120 camera=-3563,-3061,-7933,0,0,0 player=-3563,-3043,-7933,0,127,3,30 wingmate=-3691,-3043,-17149,0,127,3,30 missiles=-21271,1787,-5616,0,74,146,48/-23041,-1623,-7406,0,74,146,48/-22129,-2423,-7894,0,74,146,48
retail_frame=2124 camera=-3563,-3062,-7961,0,0,0 player=-3563,-3043,-7961,0,127,2,30 wingmate=-3691,-3043,-17177,0,127,2,30 missiles=-21316,1787,-5626,0,74,148,48/-23086,-1623,-7416,0,74,148,48/-22174,-2423,-7904,0,74,148,48
retail_frame=2128 camera=-3563,-3062,-7989,0,0,0 player=-3563,-3043,-7989,0,127,2,30 wingmate=-3691,-3043,-17205,0,127,2,30 missiles=-21361,1787,-5636,0,74,150,48/-23131,-1623,-7426,0,74,150,48/-22219,-2423,-7914,0,74,150,48
retail_frame=2132 camera=-3563,-3062,-8017,0,0,0 player=-3563,-3043,-8017,0,127,1,30 wingmate=-3691,-3043,-17233,0,127,1,30 missiles=-21406,1787,-5646,0,74,152,48/-23176,-1623,-7436,0,74,152,48/-22264,-2423,-7924,0,74,152,48
retail_frame=2136 camera=-3563,-3063,-8073,0,0,0 player=-3563,-3043,-8073,0,127,255,30 wingmate=-3691,-3043,-17289,0,127,255,30 missiles=-21496,1787,-5666,0,74,154,48/-23221,-1623,-7446,0,74,154,48/-22309,-2423,-7934,0,74,154,48
retail_frame=2140 camera=-3563,-3064,-8101,0,0,0 player=-3563,-3043,-8101,0,127,254,30 wingmate=-3691,-3043,-17317,0,127,254,30 missiles=-21541,1787,-5676,0,74,158,48/-23311,-1623,-7466,0,74,158,48/-22354,-2423,-7944,0,74,156,48
retail_frame=2144 camera=-3563,-3065,-8129,0,0,0 player=-3563,-3043,-8129,0,127,254,30 wingmate=-3691,-3043,-17345,0,127,254,30 missiles=-21586,1787,-5686,0,74,160,48/-23356,-1623,-7476,0,74,160,48/-22444,-2423,-7964,0,74,160,48
retail_frame=2148 camera=-3563,-3065,-8157,0,0,0 player=-3563,-3043,-8157,0,127,253,30 wingmate=-3691,-3043,-17373,0,127,253,30 missiles=-21631,1787,-5696,0,74,162,48/-23401,-1623,-7486,0,74,162,48/-22489,-2423,-7974,0,74,162,48
retail_frame=2152 camera=-3563,-3066,-8185,0,0,0 player=-3563,-3043,-8185,0,127,253,30 wingmate=-3691,-3043,-17401,0,127,253,30 missiles=-21676,1787,-5706,0,74,164,48/-23446,-1623,-7496,0,74,164,48/-22534,-2423,-7984,0,74,164,48
retail_frame=2156 camera=-3563,-3066,-8213,0,0,0 player=-3563,-3043,-8213,0,127,252,30 wingmate=-3691,-3043,-17429,0,127,252,30 missiles=-21721,1787,-5716,0,74,166,48/-23491,-1623,-7506,0,74,166,48/-22579,-2423,-7994,0,74,166,48
retail_frame=2160 camera=-3563,-3066,-8241,0,0,0 player=-3563,-3043,-8241,0,127,252,30 wingmate=-3691,-3043,-17457,0,127,252,30 missiles=-21766,1787,-5726,0,74,168,48/-23536,-1623,-7516,0,74,168,48/-22624,-2423,-8004,0,74,168,48
retail_frame=2164 camera=-3563,-3067,-8297,0,0,0 player=-3563,-3043,-8297,0,127,252,30 wingmate=-3691,-3043,-17513,0,127,252,30 missiles=-21811,1787,-5736,0,74,170,48/-23581,-1623,-7526,0,74,170,48/-22669,-2423,-8014,0,74,170,48
retail_frame=2168 camera=-3563,-3067,-8325,0,0,0 player=-3563,-3043,-8325,0,127,253,30 wingmate=-3691,-3043,-17541,0,127,253,30 missiles=-21901,1787,-5756,0,74,174,48/-23671,-1623,-7546,0,74,174,48/-22759,-2423,-8034,0,74,172,48
retail_frame=2172 camera=-3563,-3067,-8353,0,0,0 player=-3563,-3043,-8353,0,127,253,30 wingmate=-3691,-3043,-17569,0,127,253,30 missiles=-21946,1787,-5766,0,74,176,48/-23716,-1623,-7556,0,74,176,48/-22804,-2423,-8044,0,74,176,48
retail_frame=2176 camera=-3563,-3067,-8381,0,0,0 player=-3563,-3043,-8381,0,127,254,30 wingmate=-3691,-3043,-17597,0,127,254,30 missiles=-21991,1787,-5776,0,74,178,48/-23761,-1623,-7566,0,74,178,48/-22849,-2423,-8054,0,74,178,48
retail_frame=2180 camera=-3563,-3066,-8409,0,0,0 player=-3563,-3043,-8409,0,127,254,30 wingmate=-3691,-3043,-17625,0,127,254,30 missiles=-22036,1787,-5786,0,74,180,48/-23806,-1623,-7576,0,74,180,48/-22894,-2423,-8064,0,74,180,48
retail_frame=2184 camera=-3563,-3066,-8437,0,0,0 player=-3563,-3043,-8437,0,127,255,30 wingmate=-3691,-3043,-17653,0,127,255,30 missiles=-22081,1787,-5796,0,74,182,48/-23851,-1623,-7586,0,74,182,48/-22939,-2423,-8074,0,74,182,48
retail_frame=2188 camera=-3563,-3066,-8465,0,0,0 player=-3563,-3043,-8493,0,127,1,30 wingmate=-3691,-3043,-17681,0,127,1,30 missiles=-22126,1787,-5806,0,74,184,48/-23896,-1623,-7596,0,74,184,48/-22984,-2423,-8084,0,74,184,48
retail_frame=2192 camera=-3563,-3065,-8521,0,0,0 player=-3563,-3043,-8521,0,127,2,30 wingmate=-3691,-3043,-17737,0,127,2,30 missiles=-22216,1787,-5826,0,74,188,48/-23941,-1623,-7606,0,74,186,48/-23029,-2423,-8094,0,74,186,48
retail_frame=2196 camera=-3563,-3064,-8549,0,0,0 player=-3563,-3043,-8549,0,127,2,30 wingmate=-3691,-3043,-17765,0,127,2,30 missiles=-22261,1787,-5836,0,74,190,48/-24031,-1623,-7626,0,74,190,48/-23119,-2423,-8114,0,74,190,48
retail_frame=2200 camera=-3563,-3063,-8577,0,0,0 player=-3563,-3043,-8577,0,127,3,30 wingmate=-3691,-3043,-17793,0,127,3,30 missiles=-22306,1787,-5846,0,74,192,48/-24076,-1623,-7636,0,74,192,48/-23164,-2423,-8124,0,74,192,48
retail_frame=2204 camera=-3563,-3063,-8605,0,0,0 player=-3563,-3043,-8605,0,127,3,30 wingmate=-3691,-3043,-17821,0,127,3,30 missiles=-22351,1787,-5856,0,74,194,48/-24121,-1623,-7646,0,74,194,48/-23209,-2423,-8134,0,74,194,48
retail_frame=2208 camera=-3563,-3062,-8633,0,0,0 player=-3563,-3043,-8633,0,127,4,30 wingmate=-3691,-3043,-17849,0,127,4,30 missiles=-22396,1787,-5866,0,74,196,48/-24166,-1623,-7656,0,74,196,48/-23254,-2423,-8144,0,74,196,48
retail_frame=2212 camera=-3563,-3062,-8661,0,0,0 player=-3563,-3043,-8689,0,127,4,30 wingmate=-3691,-3043,-17877,0,127,4,30 missiles=-22441,1787,-5876,0,74,198,48/-24211,-1623,-7666,0,74,198,48/-23299,-2423,-8154,0,74,198,48
retail_frame=2216 camera=-3563,-3061,-8717,0,0,0 player=-3563,-3043,-8717,0,127,4,30 wingmate=-3563,-3061,-8717,0,127,4,30 missiles=-22486,1787,-5886,0,74,200,48/-24256,-1623,-7676,0,74,200,48/-23344,-2423,-8164,0,74,200,48
retail_frame=2220 camera=-3563,-3061,-8745,0,0,0 player=-3563,-3043,-8745,0,127,3,30 wingmate=-3691,-3043,-17961,0,127,3,30 missiles=-22576,1787,-5906,0,74,204,48/-24346,-1623,-7696,0,74,204,48/-23389,-2423,-8174,0,74,202,48
retail_frame=2224 camera=-3563,-3061,-8773,0,0,0 player=-3563,-3043,-8773,0,127,3,30 wingmate=-3691,-3043,-17989,0,127,3,30 missiles=-22621,1787,-5916,0,74,206,48/-24391,-1623,-7706,0,74,206,48/-23479,-2423,-8194,0,74,206,48
retail_frame=2228 camera=-3563,-3061,-8801,0,0,0 player=-3563,-3043,-8801,0,127,2,30 wingmate=-3691,-3043,-18017,0,127,2,30 missiles=-22666,1787,-5926,0,74,208,48/-24436,-1623,-7716,0,74,208,48/-23524,-2423,-8204,0,74,208,48
retail_frame=2232 camera=-3563,-3061,-8829,0,0,0 player=-3563,-3043,-8829,0,127,2,30 wingmate=-3691,-3043,-18045,0,127,2,30 missiles=-22711,1787,-5936,0,74,210,48/-24481,-1623,-7726,0,74,210,48/-23569,-2423,-8214,0,74,210,48
retail_frame=2236 camera=-3563,-3062,-8857,0,0,0 player=-3563,-3043,-8857,0,127,1,30 wingmate=-3691,-3043,-18073,0,127,1,30 missiles=-22756,1787,-5946,0,74,212,48/-24526,-1623,-7736,0,74,212,48/-23614,-2423,-8224,0,74,212,48
retail_frame=2240 camera=-3563,-3062,-8913,0,0,0 player=-3563,-3043,-8913,0,127,255,30 wingmate=-3563,-3062,-8913,0,127,255,30 missiles=-22801,1787,-5956,0,74,214,48/-24571,-1623,-7746,0,74,214,48/-23659,-2423,-8234,0,74,214,48
retail_frame=2244 camera=-3563,-3063,-8941,0,0,0 player=-3563,-3043,-8941,0,127,254,30 wingmate=-3691,-3043,-18157,0,127,254,30 missiles=-22891,1787,-5976,0,74,218,48/-24661,-1623,-7766,0,74,218,48/-23704,-2423,-8244,0,74,216,48
retail_frame=2248 camera=-3563,-3063,-8969,0,0,0 player=-3563,-3043,-8969,0,127,254,30 wingmate=-3691,-3043,-18185,0,127,254,30 missiles=-22936,1787,-5986,0,74,220,48/-24706,-1623,-7776,0,74,220,48/-23794,-2423,-8264,0,74,220,48
retail_frame=2252 camera=-3563,-3064,-8997,0,0,0 player=-3563,-3043,-8997,0,127,253,30 wingmate=-3691,-3043,-18213,0,127,253,30 missiles=-22981,1787,-5996,0,74,222,48/-24751,-1623,-7786,0,74,222,48/-23839,-2423,-8274,0,74,222,48
retail_frame=2256 camera=-3563,-3065,-9025,0,0,0 player=-3563,-3043,-9025,0,127,253,30 wingmate=-3691,-3043,-18241,0,127,253,30 missiles=-23026,1786,-6006,255,74,224,48/-24796,-1623,-7796,0,74,224,48/-23884,-2423,-8284,0,74,224,48
retail_frame=2260 camera=-3563,-3065,-9053,0,0,0 player=-3563,-3043,-9053,0,127,252,30 wingmate=-3691,-3043,-18269,0,127,252,30 missiles=-23071,1784,-6016,254,74,226,48/-24841,-1623,-7806,0,74,226,48/-23929,-2423,-8294,0,74,226,48
retail_frame=2264 camera=-3563,-3066,-9081,0,0,0 player=-3563,-3043,-9081,0,127,252,30 wingmate=-3691,-3043,-18297,0,127,252,30 missiles=-23116,1781,-6026,253,74,228,48/-24886,-1623,-7816,0,74,228,48/-23974,-2423,-8304,0,74,228,48
retail_frame=2268 camera=-3563,-3066,-9137,0,0,0 player=-3563,-3043,-9137,0,127,252,30 wingmate=-3563,-3066,-9137,0,127,252,30 missiles=-23161,1777,-6036,252,74,230,48/-24931,-1623,-7826,0,74,230,48/-24019,-2423,-8314,0,74,230,48
retail_frame=2272 camera=-3563,-3067,-9165,0,0,0 player=-3563,-3043,-9165,0,127,253,30 wingmate=-3691,-3043,-18381,0,127,253,30 missiles=-23250,1766,-6056,250,74,234,48/-25021,-1623,-7846,0,74,234,48/-24109,-2423,-8334,0,74,232,48
retail_frame=2276 camera=-3563,-3067,-9193,0,0,0 player=-3563,-3043,-9193,0,127,253,30 wingmate=-3691,-3043,-18409,0,127,253,30 missiles=-23294,1759,-6066,249,74,236,48/-25066,-1623,-7856,0,74,236,48/-24154,-2423,-8344,0,74,236,48
retail_frame=2280 camera=-3563,-3067,-9221,0,0,0 player=-3563,-3043,-9221,0,127,254,30 wingmate=-3691,-3043,-18437,0,127,254,30 missiles=-23338,1750,-6076,248,74,238,48/-25111,-1623,-7866,0,74,238,48/-24199,-2423,-8354,0,74,238,48
retail_frame=2284 camera=-3563,-3067,-9249,0,0,0 player=-3563,-3043,-9249,0,127,254,30 wingmate=-3691,-3043,-18465,0,127,254,30 missiles=-23382,1740,-6086,247,74,240,48/-25156,-1623,-7876,0,74,240,48/-24244,-2423,-8364,0,74,240,48
retail_frame=2288 camera=-3563,-3067,-9277,0,0,0 player=-3563,-3043,-9305,0,127,0,30 wingmate=-3691,-3043,-18493,0,127,0,30 missiles=-23426,1729,-6096,246,74,242,48/-25201,-1623,-7886,0,74,242,48/-24289,-2423,-8373,0,73,242,48
retail_frame=2292 camera=-3563,-3066,-9333,0,0,0 player=-3563,-3043,-9333,0,127,1,30 wingmate=-3563,-3066,-9333,0,127,1,30 missiles=-23469,1717,-6106,245,74,244,48/-25246,-1623,-7896,0,74,244,48/-24334,-2423,-8381,0,72,244,48
retail_frame=2296 camera=-3563,-3066,-9361,0,0,0 player=-3563,-3043,-9361,0,127,2,30 wingmate=-3691,-3043,-18577,0,127,2,30 missiles=-23555,1690,-6126,243,74,248,48/-25336,-1623,-7916,0,74,248,48/-24379,-2423,-8387,0,71,246,48
retail_frame=2300 camera=-3563,-3065,-9389,0,0,0 player=-3563,-3043,-9389,0,127,2,30 wingmate=-3691,-3043,-18605,0,127,2,30 missiles=-23597,1675,-6136,242,74,250,48/-25381,-1623,-7926,0,74,250,48/-24470,-2423,-8396,0,69,250,48
retail_frame=2304 camera=-3563,-3065,-9417,0,0,0 player=-3563,-3043,-9417,0,127,3,30 wingmate=-3691,-3043,-18633,0,127,3,30 missiles=-23639,1659,-6146,241,74,252,48/-25426,-1623,-7936,0,74,252,48/-24516,-2423,-8399,0,68,252,48
retail_frame=2308 camera=-3563,-3064,-9445,0,0,0 player=-3563,-3043,-9445,0,127,3,30 wingmate=-3691,-3043,-18661,0,127,3,30 missiles=-23681,1641,-6156,240,74,254,48/-25471,-1623,-7946,0,74,254,48/-24562,-2423,-8401,0,67,254,48
retail_frame=2312 camera=-3563,-3063,-9473,0,0,0 player=-3563,-3043,-9473,0,127,4,30 wingmate=-3691,-3043,-18689,0,127,4,30 missiles=-23722,1622,-6165,239,74,0,48/-25516,-1623,-7956,0,74,0,48/-24608,-2423,-8402,0,66,0,48
retail_frame=2316 camera=-3563,-3063,-9501,0,0,0 player=-3563,-3043,-9529,0,127,4,30 wingmate=-3691,-3043,-18717,0,127,4,30 missiles=-23762,1602,-6174,238,74,2,48/-25561,-1623,-7966,0,74,2,48/-24654,-2423,-8402,0,65,2,48
retail_frame=2320 camera=-3563,-3062,-9557,0,0,0 player=-3563,-3043,-9557,0,127,4,30 wingmate=-3691,-3043,-18773,0,127,4,30 missiles=-23842,1559,-6192,236,74,4,48/-25606,-1623,-7976,0,74,4,48/-24700,-2423,-8402,0,64,4,48
retail_frame=2324 camera=-3563,-3062,-9585,0,0,0 player=-3563,-3043,-9585,0,127,3,30 wingmate=-3691,-3043,-18801,0,127,3,30 missiles=-23881,1536,-6201,235,74,8,48/-25696,-1623,-7996,0,74,8,48/-24792,-2423,-8401,0,62,6,48
retail_frame=2328 camera=-3563,-3061,-9613,0,0,0 player=-3563,-3043,-9613,0,127,3,30 wingmate=-3691,-3043,-18829,0,127,3,30 missiles=-23919,1512,-6210,234,74,10,48/-25741,-1623,-8006,0,74,10,48/-24838,-2423,-8399,0,61,10,48
retail_frame=2332 camera=-3563,-3061,-9641,0,0,0 player=-3563,-3043,-9641,0,127,2,30 wingmate=-3691,-3043,-18857,0,127,2,30 missiles=-23957,1487,-6219,233,74,12,48/-25786,-1623,-8016,0,74,12,48/-24884,-2423,-8396,0,60,12,48
retail_frame=2336 camera=-3563,-3061,-9669,0,0,0 player=-3563,-3043,-9669,0,127,2,30 wingmate=-3691,-3043,-18885,0,127,2,30 missiles=-23994,1461,-6228,232,74,14,48/-25831,-1623,-8026,0,74,14,48/-24930,-2423,-8392,0,59,14,48
retail_frame=2340 camera=-3563,-3061,-9697,0,0,0 player=-3563,-3043,-9697,0,127,1,30 wingmate=-3691,-3043,-18913,0,127,1,30 missiles=-24031,1434,-6236,231,74,16,48/-25876,-1623,-8036,0,74,16,48/-24975,-2423,-8387,0,58,16,48
retail_frame=2344 camera=-3563,-3062,-9753,0,0,0 player=-3563,-3043,-9753,0,127,255,30 wingmate=-3691,-3043,-18969,0,127,255,30 missiles=-24102,1377,-6252,229,74,18,48/-25921,-1623,-8046,0,74,18,48/-25020,-2423,-8381,0,57,18,48
retail_frame=2348 camera=-3563,-3062,-9781,0,0,0 player=-3563,-3043,-9781,0,127,254,30 wingmate=-3691,-3043,-18997,0,127,254,30 missiles=-24137,1347,-6260,228,74,22,48/-26011,-1623,-8066,0,74,22,48/-25110,-2423,-8364,0,55,22,48
retail_frame=2352 camera=-3563,-3062,-9809,0,0,0 player=-3563,-3043,-9809,0,127,254,30 wingmate=-3691,-3043,-19025,0,127,254,30 missiles=-24171,1317,-6268,227,74,24,48/-26056,-1623,-8076,0,74,24,48/-25155,-2423,-8354,0,54,24,48
retail_frame=2356 camera=-3563,-3063,-9837,0,0,0 player=-3563,-3043,-9837,0,127,253,30 wingmate=-3691,-3043,-19053,0,127,253,30 missiles=-24204,1286,-6276,226,74,26,48/-26101,-1623,-8086,0,74,26,48/-25199,-2423,-8343,0,53,26,48
retail_frame=2360 camera=-3563,-3063,-9865,0,0,0 player=-3563,-3043,-9865,0,127,253,30 wingmate=-3691,-3043,-19081,0,127,253,30 missiles=-24236,1254,-6283,225,74,28,48/-26146,-1623,-8096,0,74,28,48/-25243,-2423,-8331,0,52,28,48
retail_frame=2364 camera=-3563,-3064,-9893,0,0,0 player=-3563,-3043,-9921,0,127,252,30 wingmate=-3691,-3043,-19109,0,127,252,30 missiles=-24267,1221,-6290,224,74,30,48/-26191,-1623,-8106,0,74,30,48/-25287,-2423,-8318,0,51,30,48
retail_frame=2368 camera=-3563,-3065,-9949,0,0,0 player=-3563,-3043,-9949,0,127,252,30 wingmate=-3563,-3065,-9949,0,127,252,30 missiles=-24298,1187,-6297,223,74,32,48/-26236,-1623,-8116,0,74,32,48/-25330,-2423,-8304,0,50,32,48
retail_frame=2372 camera=-3563,-3066,-9977,0,0,0 player=-3563,-3043,-9977,0,127,252,30 wingmate=-3691,-3043,-19193,0,127,252,30 missiles=-24357,1116,-6311,221,74,36,48/-26326,-1623,-8136,0,74,36,48/-25415,-2423,-8272,0,48,34,48
retail_frame=2376 camera=-3563,-3066,-10005,0,0,0 player=-3563,-3043,-10005,0,127,253,30 wingmate=-3691,-3043,-19221,0,127,253,30 missiles=-24385,1080,-6317,220,74,38,48/-26371,-1623,-8146,0,74,38,48/-25457,-2423,-8254,0,47,38,48
retail_frame=2380 camera=-3563,-3066,-10033,0,0,0 player=-3563,-3043,-10033,0,127,253,30 wingmate=-3691,-3043,-19249,0,127,253,30 missiles=-24413,1043,-6323,219,74,40,48/-26416,-1623,-8156,0,74,40,48/-25498,-2423,-8235,0,46,40,48
retail_frame=2384 camera=-3563,-3067,-10061,0,0,0 player=-3563,-3043,-10061,0,127,254,30 wingmate=-3691,-3043,-19277,0,127,254,30 missiles=-24439,1005,-6329,218,74,42,48/-26461,-1623,-8166,0,74,42,48/-25539,-2423,-8215,0,45,42,48
retail_frame=2388 camera=-3563,-3067,-10117,0,0,0 player=-3563,-3043,-10117,0,127,255,30 wingmate=-3563,-3067,-10117,0,127,255,30 missiles=-24465,967,-6335,217,74,44,48/-26506,-1623,-8176,0,74,44,48/-25580,-2423,-8194,0,44,44,48
retail_frame=2392 camera=-3563,-3067,-10145,0,0,0 player=-3563,-3043,-10145,0,127,0,30 wingmate=-3691,-3043,-19361,0,127,0,30 missiles=-24515,889,-6347,216,74,48,48/-26551,-1623,-8186,0,74,46,48/-25620,-2423,-8172,0,43,46,48
retail_frame=2396 camera=-3563,-3067,-10173,0,0,0 player=-3563,-3043,-10173,0,127,1,30 wingmate=-3691,-3043,-19389,0,127,1,30 missiles=-24540,850,-6353,216,74,50,48/-26641,-1623,-8206,0,74,50,48/-25698,-2423,-8125,0,41,50,48
retail_frame=2400 camera=-3563,-3066,-10201,0,0,0 player=-3563,-3043,-10201,0,127,2,30 wingmate=-3691,-3043,-19417,0,127,2,30 missiles=-24565,811,-6359,216,74,52,48/-26686,-1623,-8216,0,74,52,48/-25736,-2423,-8100,0,40,52,48
retail_frame=2404 camera=-3563,-3066,-10229,0,0,0 player=-3563,-3043,-10229,0,127,2,30 wingmate=-3691,-3043,-19445,0,127,2,30 missiles=-24590,772,-6365,216,74,54,48/-26731,-1623,-8226,0,74,54,48/-25773,-2423,-8074,0,39,54,48
retail_frame=2408 camera=-3563,-3066,-10257,0,0,0 player=-3563,-3043,-10257,0,127,3,30 wingmate=-3691,-3043,-19473,0,127,3,30 missiles=-24615,733,-6371,216,74,56,48/-26776,-1623,-8236,0,74,56,48/-25810,-2423,-8047,0,38,56,48
retail_frame=2412 camera=-3563,-3065,-10313,0,0,0 player=-3563,-3043,-10313,0,127,4,30 wingmate=-3563,-3065,-10313,0,127,4,30 missiles=-24640,694,-6377,216,74,58,48/-26821,-1623,-8246,0,74,58,48/-25846,-2423,-8019,0,37,58,48
retail_frame=2416 camera=-3563,-3064,-10341,0,0,0 player=-3563,-3043,-10341,0,127,4,30 wingmate=-3691,-3043,-19557,0,127,4,30 missiles=-24690,616,-6389,216,74,62,48/-26911,-1623,-8266,0,74,62,48/-25916,-2423,-7961,0,35,62,48
retail_frame=2420 camera=-3563,-3063,-10369,0,0,0 player=-3563,-3043,-10369,0,127,4,30 wingmate=-3691,-3043,-19585,0,127,4,30 missiles=-24715,577,-6395,216,74,64,48/-/-25950,-2423,-7931,0,34,64,48
retail_frame=2424 camera=-3563,-3063,-10397,0,0,0 player=-3563,-3043,-10397,0,127,4,30 wingmate=-3691,-3043,-19613,0,127,4,30 missiles=-24740,538,-6401,216,74,66,48/-/-25984,-2423,-7901,0,34,66,48
retail_frame=2428 camera=-3563,-3062,-10453,0,0,0 player=-3563,-3043,-10453,0,127,3,30 wingmate=-3563,-3062,-10453,0,127,3,30 missiles=-24765,499,-6407,216,74,68,48/-/-26018,-2423,-7871,0,34,68,48
retail_frame=2432 camera=-3563,-3062,-10481,0,0,0 player=-3563,-3043,-10481,0,127,2,30 wingmate=-3691,-3043,-19697,0,127,2,30 missiles=-24815,421,-6419,216,74,72,48/-/-26086,-2423,-7811,0,34,72,48
retail_frame=2436 camera=-3563,-3061,-10509,0,0,0 player=-3563,-3043,-10509,0,127,2,30 wingmate=-3691,-3043,-19725,0,127,2,30 missiles=-24840,382,-6425,216,74,74,48/-/-26120,-2423,-7781,0,34,74,48
retail_frame=2440 camera=-3563,-3061,-10565,0,0,0 player=-3563,-3043,-10565,0,127,0,30 wingmate=-3563,-3061,-10565,0,127,0,30 missiles=-24865,343,-6431,216,74,76,48/-/-26154,-2423,-7751,0,34,76,48
retail_frame=2444 camera=-3563,-3061,-10593,0,0,0 player=-3563,-3043,-10593,0,127,255,30 wingmate=-3691,-3043,-19809,0,127,255,30 missiles=-24915,265,-6443,216,74,80,48/-/-26222,-2423,-7691,0,34,80,48
retail_frame=2448 camera=-3563,-3061,-10621,0,0,0 player=-3563,-3043,-10621,0,127,254,30 wingmate=-3691,-3043,-19837,0,127,254,30 missiles=-24940,226,-6449,216,74,82,48/-/-26256,-2423,-7661,0,34,82,48
retail_frame=2452 camera=-3563,-3062,-10649,0,0,0 player=-3563,-3043,-10649,0,127,253,30 wingmate=-3691,-3043,-19865,0,127,253,0 missiles=-24965,187,-6455,216,74,84,48/-/-26290,-2423,-7631,0,34,84,48
retail_frame=2456 camera=-3563,-3062,-10705,0,0,0 player=-3563,-3043,-10705,0,127,253,30 wingmate=-3691,-3043,-19921,0,127,253,30 missiles=-25015,109,-6467,216,74,88,48/-/-26358,-2423,-7571,0,34,86,48
retail_frame=2460 camera=-3563,-3063,-10733,0,0,0 player=-3563,-3043,-10733,0,127,252,30 wingmate=-3691,-3043,-19949,0,127,252,30 missiles=-25040,70,-6473,216,74,90,48/-/-26392,-2423,-7541,0,34,90,48
retail_frame=2464 camera=-3563,-3063,-10761,0,0,0 player=-3563,-3043,-10761,0,127,252,30 wingmate=-3691,-3043,-19977,0,127,252,30 missiles=-25065,31,-6479,216,74,92,48/-/-26426,-2423,-7511,0,34,92,48
retail_frame=2468 camera=-3563,-3065,-10817,0,0,0 player=-3563,-3043,-10817,0,127,252,30 wingmate=-3691,-3043,-20033,0,127,252,30 missiles=-25090,-8,-6485,216,74,94,48/-/-26460,-2423,-7481,0,34,94,48
retail_frame=2472 camera=-3563,-3065,-10845,0,0,0 player=-3563,-3043,-10845,0,127,253,30 wingmate=-3691,-3043,-20061,0,127,253,30 missiles=-25140,-86,-6497,216,74,98,48/-/-
retail_frame=2476 camera=-3563,-3066,-10873,0,0,0 player=-3563,-3043,-10901,0,127,254,30 wingmate=-3691,-3043,-20089,0,127,254,30 missiles=-25165,-125,-6503,216,74,100,48/-/-
retail_frame=2480 camera=-3563,-3066,-10929,0,0,0 player=-3563,-3043,-10929,0,127,254,30 wingmate=-3691,-3043,-20145,0,127,254,30 missiles=-25215,-203,-6515,216,74,104,48/-/-
retail_frame=2484 camera=-3563,-3067,-10957,0,0,0 player=-3563,-3043,-10957,0,127,255,30 wingmate=-3691,-3043,-20173,0,127,255,30 missiles=-25241,-241,-6521,217,74,106,48/-/-
retail_frame=2488 camera=-3563,-3067,-11013,0,0,0 player=-3563,-3043,-11013,0,127,1,30 wingmate=-3563,-3067,-11013,0,127,1,30 missiles=-25267,-279,-6527,218,74,108,48/-/-
retail_frame=2492 camera=-3563,-3067,-11041,0,0,0 player=-3563,-3043,-11041,0,127,2,30 wingmate=-3691,-3043,-20257,0,127,2,30 missiles=-25323,-352,-6539,220,74,112,48/-/-
retail_frame=2496 camera=-3563,-3067,-11069,0,0,0 player=-3563,-3043,-11069,0,127,2,30 wingmate=-3691,-3043,-20285,0,127,2,30 missiles=-25352,-388,-6546,221,74,114,48/-/-
retail_frame=2500 camera=-3563,-3066,-11125,0,0,0 player=-3563,-3043,-11125,0,127,3,30 wingmate=-3563,-3066,-11125,0,127,3,30 missiles=-25382,-423,-6553,222,74,116,48/-/-
retail_frame=2504 camera=-3563,-3066,-11153,0,0,0 player=-3563,-3043,-11153,0,127,4,30 wingmate=-3691,-3043,-20369,0,127,4,30 missiles=-25444,-490,-6567,224,74,120,48/-/-
retail_frame=2508 camera=-3563,-3065,-11181,0,0,0 player=-3563,-3043,-11181,0,127,4,30 wingmate=-3691,-3043,-20397,0,127,4,30 missiles=-25476,-522,-6574,225,74,122,48/-/-
retail_frame=2512 camera=-3563,-3064,-11237,0,0,0 player=-3563,-3043,-11237,0,127,4,30 wingmate=-3563,-3064,-11237,0,127,4,30 missiles=-25509,-553,-6582,226,74,124,48/-/-
retail_frame=2516 camera=-3563,-3063,-11265,0,0,0 player=-3563,-3043,-11265,0,127,3,30 wingmate=-3691,-3043,-20481,0,127,3,30 missiles=-25578,-613,-6598,228,74,128,48/-/-
retail_frame=2520 camera=-3563,-3063,-11293,0,0,0 player=-3563,-3043,-11293,0,127,3,30 wingmate=-3691,-3043,-20509,0,127,3,30 missiles=-25613,-642,-6606,229,74,130,48/-/-
retail_frame=2524 camera=-3563,-3062,-11349,0,0,0 player=-3563,-3043,-11349,0,127,2,30 wingmate=-3563,-3062,-11349,0,127,2,30 missiles=-25649,-670,-6614,230,74,132,48/-/-
retail_frame=2528 camera=-3563,-3062,-11377,0,0,0 player=-3563,-3043,-11377,0,127,1,30 wingmate=-3691,-3043,-20593,0,127,1,30 missiles=-25723,-723,-6631,232,74,136,48/-/-
retail_frame=2532 camera=-3563,-3061,-11405,0,0,0 player=-3563,-3043,-11405,0,127,0,30 wingmate=-3691,-3043,-20621,0,127,0,30 missiles=-25761,-748,-6640,233,74,138,48/-/-
retail_frame=2536 camera=-3563,-3061,-11461,0,0,0 player=-3563,-3043,-11461,0,127,254,30 wingmate=-3563,-3061,-11461,0,127,254,30 missiles=-25799,-772,-6649,234,74,140,48/-/-
retail_frame=2540 camera=-3563,-3061,-11489,0,0,0 player=-3563,-3043,-11489,0,127,254,30 wingmate=-3691,-3043,-20705,0,127,254,30 missiles=-25878,-817,-6667,236,74,144,48/-/-
retail_frame=2544 camera=-3563,-3061,-11517,0,0,0 player=-3563,-3043,-11517,0,127,253,30 wingmate=-3691,-3043,-20733,0,127,253,30 missiles=-25918,-838,-6676,237,74,146,48/-/-
retail_frame=2548 camera=-3563,-3062,-11573,0,0,0 player=-3563,-3043,-11573,0,127,252,30 wingmate=-3563,-3062,-11573,0,127,252,30 missiles=-25958,-858,-6685,238,74,148,48/-/-
retail_frame=2552 camera=-3563,-3062,-11601,0,0,0 player=-3563,-3043,-11601,0,127,252,30 wingmate=-3691,-3043,-20817,0,127,252,30 missiles=-26041,-895,-6704,240,74,152,48/-/-
retail_frame=2556 camera=-3563,-3063,-11629,0,0,0 player=-3563,-3043,-11629,0,127,252,30 wingmate=-3691,-3043,-20845,0,127,252,30 missiles=-26083,-911,-6714,241,74,154,48/-/-
retail_frame=2560 camera=-3563,-3064,-11685,0,0,0 player=-3563,-3043,-11685,0,127,253,30 wingmate=-3563,-3064,-11685,0,127,253,30 missiles=-26125,-926,-6724,242,74,156,48/-/-
retail_frame=2564 camera=-3563,-3065,-11713,0,0,0 player=-3563,-3043,-11713,0,127,253,30 wingmate=-3691,-3043,-20929,0,127,253,30 missiles=-26168,-940,-6734,243,74,158,48/-/-
retail_frame=2568 camera=-3563,-3065,-11741,0,0,0 player=-3563,-3043,-11769,0,127,254,30 wingmate=-3563,-3064,-11769,0,127,254,30 missiles=-/-/-
retail_frame=2572 camera=-3564,-3062,-11806,0,0,0 player=-3563,-3043,-11797,0,127,255,30 wingmate=-3691,-3043,-21013,0,127,0,30 missiles=-/-/-
retail_frame=2576 camera=-3564,-3060,-11830,0,0,0 player=-3563,-3043,-11825,0,127,0,30 wingmate=-3691,-3043,-21041,0,127,0,30 missiles=-/-/-
retail_frame=2580 camera=-3563,-3060,-11850,0,0,0 player=-3563,-3043,-11881,0,127,2,30 wingmate=-3562,-3059,-11823,0,127,2,30 missiles=-/-/-
retail_frame=2584 camera=-3563,-3058,-11881,0,0,0 player=-3563,-3043,-11909,0,127,2,30 wingmate=-3691,-3043,-21125,0,127,0,30 missiles=-/-/-
retail_frame=2588 camera=-3562,-3057,-11892,0,0,0 player=-3563,-3043,-11937,0,127,3,30 wingmate=-3691,-3043,-21153,0,127,0,30 missiles=-/-/-
retail_frame=2592 camera=-3562,-3056,-11894,0,0,0 player=-3563,-3043,-11993,0,127,4,30 wingmate=-3691,-3043,-21181,0,127,4,30 missiles=-/-/-
retail_frame=2596 camera=-3557,-3060,-11920,232,240,0 player=-3563,-3043,-12021,0,127,4,30 wingmate=-3691,-3043,-21237,0,127,0,30 missiles=-/-/-
retail_frame=2600 camera=-3555,-3062,-11944,220,176,0 player=-3563,-3043,-12049,0,127,4,30 wingmate=-3691,-3043,-21265,0,127,0,30 missiles=-/-/-
retail_frame=2604 camera=-3552,-3063,-11968,182,144,0 player=-3563,-3043,-12105,0,127,3,30 wingmate=-3691,-3043,-21293,0,127,3,30 missiles=-/-/-
retail_frame=2608 camera=-3545,-3065,-12017,40,164,0 player=-3563,-3043,-12133,0,127,3,30 wingmate=-3691,-3043,-21349,0,127,0,30 missiles=-/-/-
retail_frame=2612 camera=-3541,-3066,-12042,184,146,0 player=-3563,-3043,-12161,0,127,2,30 wingmate=-3691,-3043,-21377,0,127,0,30 missiles=-/-/-
retail_frame=2616 camera=-3537,-3067,-12067,68,145,0 player=-3563,-3043,-12217,0,127,1,30 wingmate=-3691,-3043,-21405,0,127,1,30 missiles=-/-/-
retail_frame=2620 camera=-3529,-3069,-12117,59,140,0 player=-3563,-3043,-12245,0,127,0,30 wingmate=-3691,-3043,-21461,0,127,0,30 missiles=-/-/-
retail_frame=2624 camera=-3525,-3070,-12142,42,126,0 player=-3563,-3043,-12273,0,127,255,30 wingmate=-3691,-3043,-21489,0,127,0,30 missiles=-/-/-
retail_frame=2628 camera=-3521,-3071,-12167,89,143,0 player=-3563,-3043,-12301,0,127,254,30 wingmate=-3691,-3043,-21517,0,127,254,30 missiles=-/-/-
retail_frame=2632 camera=-3511,-3073,-12218,254,147,0 player=-3563,-3043,-12357,0,127,253,30 wingmate=-3691,-3043,-21573,0,127,0,30 missiles=-/-/-
retail_frame=2636 camera=-3505,-3074,-12244,71,177,0 player=-3563,-3043,-12385,0,127,253,30 wingmate=-3691,-3043,-21601,0,127,0,30 missiles=-/-/-
retail_frame=2640 camera=-3500,-3075,-12268,151,168,0 player=-3563,-3043,-12413,0,127,252,30 wingmate=-3691,-3043,-21629,0,127,252,30 missiles=-/-/-
retail_frame=2644 camera=-3488,-3077,-12319,43,206,0 player=-3563,-3043,-12469,0,127,252,30 wingmate=-3691,-3043,-21685,0,127,0,30 missiles=-/-/-
retail_frame=2648 camera=-3483,-3078,-12344,109,167,0 player=-3563,-3043,-12497,0,127,252,30 wingmate=-3691,-3043,-21713,0,127,0,30 missiles=-/-/-
retail_frame=2652 camera=-3476,-3079,-12371,166,195,0 player=-3563,-3043,-12525,0,127,253,30 wingmate=-3691,-3043,-21741,0,127,253,30 missiles=-/-/-
retail_frame=2656 camera=-3464,-3081,-12423,23,196,0 player=-3563,-3043,-12581,0,127,254,30 wingmate=-3691,-3043,-21797,0,127,0,30 missiles=-/-/-
retail_frame=2660 camera=-3457,-3082,-12450,67,210,0 player=-3563,-3043,-12609,0,127,254,30 wingmate=-3691,-3043,-21825,0,127,0,30 missiles=-/-/-
retail_frame=2664 camera=-3449,-3083,-12477,125,249,0 player=-3563,-3043,-12637,0,127,0,30 wingmate=-3691,-3043,-21853,0,127,0,30 missiles=-/-/-
retail_frame=2668 camera=-3436,-3085,-12529,213,214,0 player=-3563,-3043,-12693,0,127,1,30 wingmate=-3691,-3043,-21909,0,127,0,30 missiles=-/-/-
retail_frame=2672 camera=-3429,-3086,-12557,250,219,0 player=-3563,-3043,-12721,0,127,2,30 wingmate=-3691,-3043,-21937,0,127,0,30 missiles=-/-/-
retail_frame=2676 camera=-3423,-3087,-12584,33,189,0 player=-3563,-3043,-12749,0,127,3,30 wingmate=-3691,-3043,-21965,0,127,3,30 missiles=-/-/-
retail_frame=2680 camera=-3407,-3089,-12642,94,239,0 player=-3563,-3043,-12805,0,127,3,30 wingmate=-3691,-3043,-22021,0,127,0,30 missiles=-/-/-
retail_frame=2684 camera=-3400,-3090,-12670,119,247,0 player=-3563,-3043,-12833,0,127,4,30 wingmate=-3691,-3043,-22049,0,127,0,30 missiles=-/-/-
retail_frame=2688 camera=-3393,-3091,-12698,147,243,0 player=-3563,-3043,-12861,0,127,4,30 wingmate=-3691,-3043,-22077,0,127,4,30 missiles=-/-/-
retail_frame=2692 camera=-3376,-3093,-12757,218,28,0 player=-3563,-3043,-12917,0,127,4,30 wingmate=-3691,-3043,-22133,0,127,4,30 missiles=-/-/-
retail_frame=2696 camera=-3368,-3093,-12786,253,46,0 player=-3563,-3043,-12945,0,127,3,30 wingmate=-3691,-3043,-22161,0,127,3,30 missiles=-/-/-
retail_frame=2700 camera=-3360,-3093,-12815,34,39,0 player=-3563,-3043,-12973,0,127,2,30 wingmate=-3691,-3043,-22189,0,127,2,30 missiles=-/-/-
retail_frame=2704 camera=-3346,-3093,-12876,94,33,0 player=-3563,-3043,-13029,0,127,2,30 wingmate=-3691,-3043,-22245,0,127,2,30 missiles=-/-/-
retail_frame=2708 camera=-3338,-3093,-12907,123,32,0 player=-3563,-3043,-13057,0,127,1,30 wingmate=-3691,-3043,-22273,0,127,1,30 missiles=-/-/-
retail_frame=2712 camera=-3329,-3093,-12939,153,64,0 player=-3563,-3043,-13085,0,127,255,30 wingmate=-3691,-3043,-22301,0,127,255,30 missiles=-/-/-
retail_frame=2716 camera=-3314,-3093,-13001,202,52,0 player=-3563,-3043,-13141,0,127,254,30 wingmate=-3691,-3043,-22357,0,127,254,30 missiles=-/-/-
retail_frame=2720 camera=-3305,-3093,-13034,221,90,0 player=-3563,-3043,-13169,0,127,254,30 wingmate=-3691,-3043,-22385,0,127,254,30 missiles=-/-/-
retail_frame=2724 camera=-3299,-3093,-13064,242,61,0 player=-3563,-3043,-13197,0,127,253,30 wingmate=-3691,-3043,-22413,0,127,253,30 missiles=-/-/-
retail_frame=2728 camera=-3283,-3093,-13130,10,59,0 player=-3563,-3043,-13253,0,127,252,30 wingmate=-3691,-3043,-22469,0,127,252,30 missiles=-/-/-
retail_frame=2732 camera=-3276,-3093,-13163,29,53,0 player=-3563,-3043,-13281,0,127,252,30 wingmate=-3691,-3043,-22497,0,127,252,30 missiles=-/-/-
retail_frame=2736 camera=-3268,-3093,-13197,46,58,0 player=-3563,-3043,-13309,0,127,252,30 wingmate=-3691,-3043,-22525,0,127,252,30 missiles=-/-/-
retail_frame=2740 camera=-3254,-3093,-13265,67,86,0 player=-3563,-3043,-13365,0,127,253,30 wingmate=-3691,-3043,-22581,0,127,253,30 missiles=-/-/-
retail_frame=2744 camera=-3247,-3093,-13299,73,75,0 player=-3563,-3043,-13393,0,127,253,30 wingmate=-3691,-3043,-22609,0,127,253,30 missiles=-/-/-
retail_frame=2748 camera=-3239,-3093,-13334,88,93,0 player=-3563,-3043,-13421,0,127,254,30 wingmate=-3691,-3043,-22637,0,127,254,30 missiles=-/-/-
retail_frame=2752 camera=-3227,-3093,-13404,100,111,0 player=-3563,-3043,-13477,0,127,255,30 wingmate=-3691,-3043,-22693,0,127,255,30 missiles=-/-/-
retail_frame=2756 camera=-3220,-3093,-13439,110,95,0 player=-3563,-3043,-13505,0,127,0,30 wingmate=-3691,-3043,-22721,0,127,0,30 missiles=-/-/-
retail_frame=2760 camera=-3212,-3093,-13474,115,79,0 player=-3563,-3043,-13533,0,127,2,30 wingmate=-3691,-3043,-22749,0,127,2,30 missiles=-/-/-
retail_frame=2764 camera=-3199,-3093,-13546,118,71,0 player=-3563,-3043,-13589,0,127,2,30 wingmate=-3691,-3043,-22805,0,127,2,30 missiles=-/-/-
retail_frame=2768 camera=-3194,-3093,-13582,119,67,0 player=-3563,-3043,-13617,0,127,3,30 wingmate=-3691,-3043,-22833,0,127,3,30 missiles=-/-/-
retail_frame=2772 camera=-3189,-3093,-13619,120,73,0 player=-3563,-3043,-13645,0,127,4,30 wingmate=-3691,-3043,-22861,0,127,4,30 missiles=-/-/-
retail_frame=2776 camera=-3180,-3093,-13692,120,34,0 player=-3563,-3043,-13701,0,127,4,30 wingmate=-3691,-3043,-22917,0,127,4,30 missiles=-/-/-
