# Compact oracle evidence for recurring-attacker flight.
# Raw source SHA-256: 1e546d805946875f1eb3b99132df42a38ba6d6ff57ff53cdb4886c64e7156b40
# Opaque actor storage was reduced to semantic flight values.
elapsed=73895 actor=vanguard event=move path=6FC9 target_speed=0 acceleration=0 corridor=0,0,0 wave_mode=Setup bank_target=0 bank_turn=0
elapsed=73895 actor=high_guard event=move path=6FE4 target_speed=0 acceleration=0 corridor=-2500,1200,-2500 wave_mode=Setup bank_target=0 bank_turn=0
elapsed=73896 actor=flanker event=move path=6FE4 target_speed=0 acceleration=0 corridor=2500,1200,-2500 wave_mode=Setup bank_target=0 bank_turn=0
elapsed=73907 actor=vanguard event=move path=6FE4 target_speed=0 acceleration=0 corridor=0,0,0 wave_mode=Setup bank_target=0 bank_turn=0
elapsed=73908 actor=high_guard event=projectile-set-speed path=6FFF target_speed=0 acceleration=0 corridor=-2500,1200,-2500 wave_mode=Entry bank_target=0 bank_turn=0
elapsed=73908 actor=high_guard event=move path=872C target_speed=0 acceleration=0 corridor=-2500,1200,-2500 wave_mode=Entry bank_target=0 bank_turn=0
elapsed=73908 actor=high_guard event=vertical-step path=8942 target_speed=0 acceleration=0 corridor=-2500,1200,-2500 wave_mode=Entry bank_target=0 bank_turn=0
elapsed=73909 actor=flanker event=projectile-set-speed path=6FFF target_speed=0 acceleration=0 corridor=2500,1200,-2500 wave_mode=Entry bank_target=0 bank_turn=0
elapsed=73909 actor=flanker event=move path=872C target_speed=0 acceleration=0 corridor=2500,1200,-2500 wave_mode=Entry bank_target=0 bank_turn=0
elapsed=73909 actor=flanker event=vertical-step path=8942 target_speed=0 acceleration=0 corridor=2500,1200,-2500 wave_mode=Entry bank_target=0 bank_turn=0
elapsed=73912 actor=vanguard event=projectile-set-speed path=6FFF target_speed=0 acceleration=0 corridor=0,0,0 wave_mode=Entry bank_target=0 bank_turn=0
elapsed=73912 actor=vanguard event=move path=872C target_speed=0 acceleration=0 corridor=0,0,0 wave_mode=Entry bank_target=0 bank_turn=0
elapsed=73913 actor=vanguard event=vertical-step path=8942 target_speed=0 acceleration=0 corridor=0,0,0 wave_mode=Entry bank_target=0 bank_turn=0
elapsed=73913 actor=high_guard event=move path=872C target_speed=0 acceleration=0 corridor=-2500,1200,-2500 wave_mode=Entry bank_target=0 bank_turn=0
elapsed=73913 actor=high_guard event=vertical-step path=8942 target_speed=0 acceleration=0 corridor=-2500,1200,-2500 wave_mode=Entry bank_target=0 bank_turn=0
elapsed=73914 actor=flanker event=move path=872C target_speed=0 acceleration=0 corridor=2500,1200,-2500 wave_mode=Entry bank_target=0 bank_turn=0
elapsed=73914 actor=flanker event=vertical-step path=8942 target_speed=0 acceleration=0 corridor=2500,1200,-2500 wave_mode=Entry bank_target=0 bank_turn=0
elapsed=73916 actor=vanguard event=move path=872C target_speed=0 acceleration=0 corridor=0,0,0 wave_mode=Entry bank_target=0 bank_turn=0
elapsed=73916 actor=vanguard event=vertical-step path=8942 target_speed=0 acceleration=0 corridor=0,0,0 wave_mode=Entry bank_target=0 bank_turn=0
elapsed=73917 actor=high_guard event=move path=872C target_speed=0 acceleration=0 corridor=-2500,1200,-2500 wave_mode=Entry bank_target=0 bank_turn=0
elapsed=73917 actor=high_guard event=vertical-step path=8942 target_speed=0 acceleration=0 corridor=-2500,1200,-2500 wave_mode=Entry bank_target=0 bank_turn=0
elapsed=73917 actor=flanker event=move path=872C target_speed=0 acceleration=0 corridor=2500,1200,-2500 wave_mode=Entry bank_target=0 bank_turn=0
elapsed=73918 actor=flanker event=vertical-step path=8942 target_speed=0 acceleration=0 corridor=2500,1200,-2500 wave_mode=Entry bank_target=0 bank_turn=0
elapsed=73920 actor=vanguard event=move path=872C target_speed=0 acceleration=0 corridor=0,0,0 wave_mode=Entry bank_target=0 bank_turn=0
elapsed=73921 actor=vanguard event=vertical-step path=8942 target_speed=0 acceleration=0 corridor=0,0,0 wave_mode=Entry bank_target=0 bank_turn=0
elapsed=73921 actor=high_guard event=move path=872C target_speed=0 acceleration=0 corridor=-2500,1200,-2500 wave_mode=Entry bank_target=0 bank_turn=0
elapsed=73921 actor=high_guard event=vertical-step path=8942 target_speed=0 acceleration=0 corridor=-2500,1200,-2500 wave_mode=Entry bank_target=0 bank_turn=0
elapsed=73921 actor=flanker event=move path=872C target_speed=0 acceleration=0 corridor=2500,1200,-2500 wave_mode=Entry bank_target=0 bank_turn=0
elapsed=73922 actor=flanker event=vertical-step path=8942 target_speed=0 acceleration=0 corridor=2500,1200,-2500 wave_mode=Entry bank_target=0 bank_turn=0
elapsed=73925 actor=vanguard event=move path=872C target_speed=0 acceleration=0 corridor=0,0,0 wave_mode=Entry bank_target=0 bank_turn=0
elapsed=73925 actor=vanguard event=vertical-step path=8942 target_speed=0 acceleration=0 corridor=0,0,0 wave_mode=Entry bank_target=0 bank_turn=0
elapsed=73925 actor=high_guard event=move path=872C target_speed=0 acceleration=0 corridor=-2500,1200,-2500 wave_mode=Entry bank_target=0 bank_turn=0
elapsed=73925 actor=high_guard event=vertical-step path=8942 target_speed=0 acceleration=0 corridor=-2500,1200,-2500 wave_mode=Entry bank_target=0 bank_turn=0
elapsed=73926 actor=flanker event=move path=872C target_speed=0 acceleration=0 corridor=2500,1200,-2500 wave_mode=Entry bank_target=0 bank_turn=0
elapsed=73926 actor=flanker event=vertical-step path=8942 target_speed=0 acceleration=0 corridor=2500,1200,-2500 wave_mode=Entry bank_target=0 bank_turn=0
elapsed=73929 actor=vanguard event=move path=872C target_speed=0 acceleration=0 corridor=0,0,0 wave_mode=Entry bank_target=0 bank_turn=0
elapsed=73929 actor=vanguard event=vertical-step path=8942 target_speed=0 acceleration=0 corridor=0,0,0 wave_mode=Entry bank_target=0 bank_turn=0
elapsed=73929 actor=high_guard event=move path=872C target_speed=0 acceleration=0 corridor=-2500,1200,-2500 wave_mode=Entry bank_target=0 bank_turn=0
elapsed=73929 actor=high_guard event=vertical-step path=8942 target_speed=0 acceleration=0 corridor=-2500,1200,-2500 wave_mode=Entry bank_target=0 bank_turn=0
elapsed=73930 actor=flanker event=move path=872C target_speed=0 acceleration=0 corridor=2500,1200,-2500 wave_mode=Entry bank_target=0 bank_turn=0
elapsed=73930 actor=flanker event=vertical-step path=8942 target_speed=0 acceleration=0 corridor=2500,1200,-2500 wave_mode=Entry bank_target=0 bank_turn=0
elapsed=73933 actor=vanguard event=move path=872C target_speed=0 acceleration=0 corridor=0,0,0 wave_mode=Entry bank_target=0 bank_turn=0
elapsed=73933 actor=vanguard event=vertical-step path=8942 target_speed=0 acceleration=0 corridor=0,0,0 wave_mode=Entry bank_target=0 bank_turn=0
elapsed=73933 actor=high_guard event=move path=872C target_speed=0 acceleration=0 corridor=-2500,1200,-2500 wave_mode=Entry bank_target=0 bank_turn=0
elapsed=73933 actor=high_guard event=vertical-step path=8942 target_speed=0 acceleration=0 corridor=-2500,1200,-2500 wave_mode=Entry bank_target=0 bank_turn=0
elapsed=73934 actor=flanker event=move path=872C target_speed=0 acceleration=0 corridor=2500,1200,-2500 wave_mode=Entry bank_target=0 bank_turn=0
elapsed=73934 actor=flanker event=vertical-step path=8942 target_speed=0 acceleration=0 corridor=2500,1200,-2500 wave_mode=Entry bank_target=0 bank_turn=0
elapsed=73937 actor=vanguard event=move path=872C target_speed=0 acceleration=0 corridor=0,0,0 wave_mode=Entry bank_target=0 bank_turn=0
elapsed=73937 actor=vanguard event=vertical-step path=8942 target_speed=0 acceleration=0 corridor=0,0,0 wave_mode=Entry bank_target=0 bank_turn=0
elapsed=73937 actor=high_guard event=move path=872C target_speed=0 acceleration=0 corridor=-2500,1200,-2500 wave_mode=Entry bank_target=0 bank_turn=0
elapsed=73937 actor=high_guard event=vertical-step path=8942 target_speed=0 acceleration=0 corridor=-2500,1200,-2500 wave_mode=Entry bank_target=0 bank_turn=0
elapsed=73938 actor=flanker event=move path=872C target_speed=0 acceleration=0 corridor=2500,1200,-2500 wave_mode=Entry bank_target=0 bank_turn=0
elapsed=73938 actor=flanker event=vertical-step path=8942 target_speed=0 acceleration=0 corridor=2500,1200,-2500 wave_mode=Entry bank_target=0 bank_turn=0
elapsed=73941 actor=vanguard event=move path=872C target_speed=0 acceleration=0 corridor=0,0,0 wave_mode=Entry bank_target=0 bank_turn=0
elapsed=73941 actor=vanguard event=vertical-step path=8942 target_speed=0 acceleration=0 corridor=0,0,0 wave_mode=Entry bank_target=0 bank_turn=0
elapsed=73941 actor=high_guard event=move path=872C target_speed=0 acceleration=0 corridor=-2500,1200,-2500 wave_mode=Entry bank_target=0 bank_turn=0
elapsed=73942 actor=high_guard event=vertical-step path=8942 target_speed=0 acceleration=0 corridor=-2500,1200,-2500 wave_mode=Entry bank_target=0 bank_turn=0
elapsed=73942 actor=flanker event=move path=872C target_speed=0 acceleration=0 corridor=2500,1200,-2500 wave_mode=Entry bank_target=0 bank_turn=0
elapsed=73942 actor=flanker event=vertical-step path=8942 target_speed=0 acceleration=0 corridor=2500,1200,-2500 wave_mode=Entry bank_target=0 bank_turn=0
elapsed=73945 actor=vanguard event=move path=872C target_speed=0 acceleration=0 corridor=0,0,0 wave_mode=Entry bank_target=0 bank_turn=0
elapsed=73945 actor=vanguard event=vertical-step path=8942 target_speed=0 acceleration=0 corridor=0,0,0 wave_mode=Entry bank_target=0 bank_turn=0
elapsed=73945 actor=high_guard event=move path=872C target_speed=0 acceleration=0 corridor=-2500,1200,-2500 wave_mode=Entry bank_target=0 bank_turn=0
elapsed=73946 actor=high_guard event=vertical-step path=8942 target_speed=0 acceleration=0 corridor=-2500,1200,-2500 wave_mode=Entry bank_target=0 bank_turn=0
elapsed=73946 actor=flanker event=move path=872C target_speed=0 acceleration=0 corridor=2500,1200,-2500 wave_mode=Entry bank_target=0 bank_turn=0
elapsed=73946 actor=flanker event=vertical-step path=8942 target_speed=0 acceleration=0 corridor=2500,1200,-2500 wave_mode=Entry bank_target=0 bank_turn=0
elapsed=73949 actor=vanguard event=move path=872C target_speed=0 acceleration=0 corridor=0,0,0 wave_mode=Entry bank_target=0 bank_turn=0
elapsed=73949 actor=vanguard event=vertical-step path=8942 target_speed=0 acceleration=0 corridor=0,0,0 wave_mode=Entry bank_target=0 bank_turn=0
elapsed=73950 actor=high_guard event=move path=872C target_speed=0 acceleration=0 corridor=-2500,1200,-2500 wave_mode=Entry bank_target=0 bank_turn=0
elapsed=73950 actor=high_guard event=vertical-step path=8942 target_speed=0 acceleration=0 corridor=-2500,1200,-2500 wave_mode=Entry bank_target=0 bank_turn=0
elapsed=73950 actor=flanker event=move path=872C target_speed=0 acceleration=0 corridor=2500,1200,-2500 wave_mode=Entry bank_target=0 bank_turn=0
elapsed=73950 actor=flanker event=vertical-step path=8942 target_speed=0 acceleration=0 corridor=2500,1200,-2500 wave_mode=Entry bank_target=0 bank_turn=0
elapsed=73953 actor=vanguard event=move path=872C target_speed=0 acceleration=0 corridor=0,0,0 wave_mode=Entry bank_target=0 bank_turn=0
elapsed=73953 actor=vanguard event=vertical-step path=8942 target_speed=0 acceleration=0 corridor=0,0,0 wave_mode=Entry bank_target=0 bank_turn=0
elapsed=73954 actor=high_guard event=move path=872C target_speed=0 acceleration=0 corridor=-2500,1200,-2500 wave_mode=Entry bank_target=0 bank_turn=0
elapsed=73954 actor=high_guard event=vertical-step path=8942 target_speed=0 acceleration=0 corridor=-2500,1200,-2500 wave_mode=Entry bank_target=0 bank_turn=0
elapsed=73954 actor=flanker event=move path=872C target_speed=0 acceleration=0 corridor=2500,1200,-2500 wave_mode=Entry bank_target=0 bank_turn=0
elapsed=73955 actor=flanker event=vertical-step path=8942 target_speed=0 acceleration=0 corridor=2500,1200,-2500 wave_mode=Entry bank_target=0 bank_turn=0
elapsed=73957 actor=vanguard event=move path=872C target_speed=0 acceleration=0 corridor=0,0,0 wave_mode=Entry bank_target=0 bank_turn=0
elapsed=73958 actor=vanguard event=vertical-step path=8942 target_speed=0 acceleration=0 corridor=0,0,0 wave_mode=Entry bank_target=0 bank_turn=0
elapsed=73958 actor=high_guard event=move path=872C target_speed=0 acceleration=0 corridor=-2500,1200,-2500 wave_mode=Entry bank_target=0 bank_turn=0
elapsed=73958 actor=high_guard event=vertical-step path=8942 target_speed=0 acceleration=0 corridor=-2500,1200,-2500 wave_mode=Entry bank_target=0 bank_turn=0
elapsed=73959 actor=flanker event=move path=872C target_speed=0 acceleration=0 corridor=2500,1200,-2500 wave_mode=Entry bank_target=0 bank_turn=0
elapsed=73959 actor=flanker event=vertical-step path=8942 target_speed=0 acceleration=0 corridor=2500,1200,-2500 wave_mode=Entry bank_target=0 bank_turn=0
elapsed=73961 actor=vanguard event=move path=872C target_speed=0 acceleration=0 corridor=0,0,0 wave_mode=Entry bank_target=0 bank_turn=0
elapsed=73961 actor=vanguard event=vertical-step path=8942 target_speed=0 acceleration=0 corridor=0,0,0 wave_mode=Entry bank_target=0 bank_turn=0
elapsed=73962 actor=high_guard event=move path=872C target_speed=0 acceleration=0 corridor=-2500,1200,-2500 wave_mode=Entry bank_target=0 bank_turn=0
elapsed=73962 actor=high_guard event=vertical-step path=8942 target_speed=0 acceleration=0 corridor=-2500,1200,-2500 wave_mode=Entry bank_target=0 bank_turn=0
elapsed=73963 actor=flanker event=move path=872C target_speed=0 acceleration=0 corridor=2500,1200,-2500 wave_mode=Entry bank_target=0 bank_turn=0
elapsed=73963 actor=flanker event=vertical-step path=8942 target_speed=0 acceleration=0 corridor=2500,1200,-2500 wave_mode=Entry bank_target=0 bank_turn=0
elapsed=73966 actor=vanguard event=move path=872C target_speed=0 acceleration=0 corridor=0,0,0 wave_mode=Entry bank_target=0 bank_turn=0
elapsed=73966 actor=vanguard event=vertical-step path=8942 target_speed=0 acceleration=0 corridor=0,0,0 wave_mode=Entry bank_target=0 bank_turn=0
elapsed=73966 actor=high_guard event=move path=872C target_speed=0 acceleration=0 corridor=-2500,1200,-2500 wave_mode=Entry bank_target=0 bank_turn=0
elapsed=73966 actor=high_guard event=vertical-step path=8942 target_speed=0 acceleration=0 corridor=-2500,1200,-2500 wave_mode=Entry bank_target=0 bank_turn=0
elapsed=73967 actor=flanker event=move path=872C target_speed=0 acceleration=0 corridor=2500,1200,-2500 wave_mode=Entry bank_target=0 bank_turn=0
elapsed=73967 actor=flanker event=vertical-step path=8942 target_speed=0 acceleration=0 corridor=2500,1200,-2500 wave_mode=Entry bank_target=0 bank_turn=0
elapsed=73970 actor=vanguard event=move path=872C target_speed=0 acceleration=0 corridor=0,0,0 wave_mode=Entry bank_target=0 bank_turn=0
elapsed=73970 actor=vanguard event=vertical-step path=8942 target_speed=0 acceleration=0 corridor=0,0,0 wave_mode=Entry bank_target=0 bank_turn=0
elapsed=73970 actor=high_guard event=move path=872C target_speed=0 acceleration=0 corridor=-2500,1200,-2500 wave_mode=Entry bank_target=0 bank_turn=0
elapsed=73970 actor=high_guard event=vertical-step path=8942 target_speed=0 acceleration=0 corridor=-2500,1200,-2500 wave_mode=Entry bank_target=0 bank_turn=0
elapsed=73971 actor=flanker event=move path=872C target_speed=0 acceleration=0 corridor=2500,1200,-2500 wave_mode=Entry bank_target=0 bank_turn=0
elapsed=73971 actor=flanker event=vertical-step path=8942 target_speed=0 acceleration=0 corridor=2500,1200,-2500 wave_mode=Entry bank_target=0 bank_turn=0
elapsed=73974 actor=vanguard event=move path=872C target_speed=0 acceleration=0 corridor=0,0,0 wave_mode=Entry bank_target=0 bank_turn=0
elapsed=73974 actor=vanguard event=vertical-step path=8942 target_speed=0 acceleration=0 corridor=0,0,0 wave_mode=Entry bank_target=0 bank_turn=0
elapsed=73974 actor=high_guard event=move path=872C target_speed=0 acceleration=0 corridor=-2500,1200,-2500 wave_mode=Entry bank_target=0 bank_turn=0
elapsed=73974 actor=high_guard event=vertical-step path=8942 target_speed=0 acceleration=0 corridor=-2500,1200,-2500 wave_mode=Entry bank_target=0 bank_turn=0
elapsed=73975 actor=flanker event=move path=872C target_speed=0 acceleration=0 corridor=2500,1200,-2500 wave_mode=Entry bank_target=0 bank_turn=0
elapsed=73975 actor=flanker event=vertical-step path=8942 target_speed=0 acceleration=0 corridor=2500,1200,-2500 wave_mode=Entry bank_target=0 bank_turn=0
elapsed=73978 actor=vanguard event=move path=872C target_speed=0 acceleration=0 corridor=0,0,0 wave_mode=Entry bank_target=0 bank_turn=0
elapsed=73978 actor=vanguard event=vertical-step path=8942 target_speed=0 acceleration=0 corridor=0,0,0 wave_mode=Entry bank_target=0 bank_turn=0
elapsed=73978 actor=high_guard event=move path=872C target_speed=0 acceleration=0 corridor=-2500,1200,-2500 wave_mode=Entry bank_target=0 bank_turn=0
elapsed=73978 actor=high_guard event=vertical-step path=8942 target_speed=0 acceleration=0 corridor=-2500,1200,-2500 wave_mode=Entry bank_target=0 bank_turn=0
elapsed=73979 actor=flanker event=move path=872C target_speed=0 acceleration=0 corridor=2500,1200,-2500 wave_mode=Entry bank_target=0 bank_turn=0
elapsed=73979 actor=flanker event=vertical-step path=8942 target_speed=0 acceleration=0 corridor=2500,1200,-2500 wave_mode=Entry bank_target=0 bank_turn=0
elapsed=73982 actor=vanguard event=move path=872C target_speed=0 acceleration=0 corridor=0,0,0 wave_mode=Entry bank_target=0 bank_turn=0
elapsed=73982 actor=vanguard event=vertical-step path=8942 target_speed=0 acceleration=0 corridor=0,0,0 wave_mode=Entry bank_target=0 bank_turn=0
elapsed=73982 actor=high_guard event=move path=872C target_speed=0 acceleration=0 corridor=-2500,1200,-2500 wave_mode=Entry bank_target=0 bank_turn=0
elapsed=73982 actor=high_guard event=vertical-step path=8942 target_speed=0 acceleration=0 corridor=-2500,1200,-2500 wave_mode=Entry bank_target=0 bank_turn=0
elapsed=73983 actor=flanker event=move path=872C target_speed=0 acceleration=0 corridor=2500,1200,-2500 wave_mode=Entry bank_target=0 bank_turn=0
elapsed=73983 actor=flanker event=vertical-step path=8942 target_speed=0 acceleration=0 corridor=2500,1200,-2500 wave_mode=Entry bank_target=0 bank_turn=0
elapsed=73985 actor=vanguard event=move path=872C target_speed=0 acceleration=0 corridor=0,0,0 wave_mode=Entry bank_target=0 bank_turn=0
elapsed=73985 actor=vanguard event=vertical-step path=8942 target_speed=0 acceleration=0 corridor=0,0,0 wave_mode=Entry bank_target=0 bank_turn=0
elapsed=73986 actor=high_guard event=move path=872C target_speed=0 acceleration=0 corridor=-2500,1200,-2500 wave_mode=Entry bank_target=0 bank_turn=0
elapsed=73986 actor=high_guard event=vertical-step path=8942 target_speed=0 acceleration=0 corridor=-2500,1200,-2500 wave_mode=Entry bank_target=0 bank_turn=0
elapsed=73986 actor=flanker event=move path=872C target_speed=0 acceleration=0 corridor=2500,1200,-2500 wave_mode=Entry bank_target=0 bank_turn=0
elapsed=73986 actor=flanker event=vertical-step path=8942 target_speed=0 acceleration=0 corridor=2500,1200,-2500 wave_mode=Entry bank_target=0 bank_turn=0
elapsed=73988 actor=vanguard event=move path=872C target_speed=0 acceleration=0 corridor=0,0,0 wave_mode=Entry bank_target=0 bank_turn=0
elapsed=73989 actor=vanguard event=vertical-step path=8942 target_speed=0 acceleration=0 corridor=0,0,0 wave_mode=Entry bank_target=0 bank_turn=0
elapsed=73989 actor=high_guard event=move path=872C target_speed=0 acceleration=0 corridor=-2500,1200,-2500 wave_mode=Entry bank_target=0 bank_turn=0
elapsed=73989 actor=high_guard event=vertical-step path=8942 target_speed=0 acceleration=0 corridor=-2500,1200,-2500 wave_mode=Entry bank_target=0 bank_turn=0
elapsed=73990 actor=flanker event=move path=872C target_speed=0 acceleration=0 corridor=2500,1200,-2500 wave_mode=Entry bank_target=0 bank_turn=0
elapsed=73990 actor=flanker event=vertical-step path=8942 target_speed=0 acceleration=0 corridor=2500,1200,-2500 wave_mode=Entry bank_target=0 bank_turn=0
elapsed=73992 actor=vanguard event=move path=872C target_speed=0 acceleration=0 corridor=0,0,0 wave_mode=Entry bank_target=0 bank_turn=0
elapsed=73992 actor=vanguard event=vertical-step path=8942 target_speed=0 acceleration=0 corridor=0,0,0 wave_mode=Entry bank_target=0 bank_turn=0
elapsed=73993 actor=high_guard event=move path=872C target_speed=0 acceleration=0 corridor=-2500,1200,-2500 wave_mode=Entry bank_target=0 bank_turn=0
elapsed=73993 actor=high_guard event=vertical-step path=8942 target_speed=0 acceleration=0 corridor=-2500,1200,-2500 wave_mode=Entry bank_target=0 bank_turn=0
elapsed=73993 actor=flanker event=move path=872C target_speed=0 acceleration=0 corridor=2500,1200,-2500 wave_mode=Entry bank_target=0 bank_turn=0
elapsed=73993 actor=flanker event=vertical-step path=8942 target_speed=0 acceleration=0 corridor=2500,1200,-2500 wave_mode=Entry bank_target=0 bank_turn=0
elapsed=73995 actor=vanguard event=move path=872C target_speed=0 acceleration=0 corridor=0,0,0 wave_mode=Entry bank_target=0 bank_turn=0
elapsed=73996 actor=vanguard event=vertical-step path=8942 target_speed=0 acceleration=0 corridor=0,0,0 wave_mode=Entry bank_target=0 bank_turn=0
elapsed=73996 actor=high_guard event=move path=872C target_speed=0 acceleration=0 corridor=-2500,1200,-2500 wave_mode=Entry bank_target=0 bank_turn=0
elapsed=73996 actor=high_guard event=vertical-step path=8942 target_speed=0 acceleration=0 corridor=-2500,1200,-2500 wave_mode=Entry bank_target=0 bank_turn=0
elapsed=73997 actor=flanker event=move path=872C target_speed=0 acceleration=0 corridor=2500,1200,-2500 wave_mode=Entry bank_target=0 bank_turn=0
elapsed=73997 actor=flanker event=vertical-step path=8942 target_speed=0 acceleration=0 corridor=2500,1200,-2500 wave_mode=Entry bank_target=0 bank_turn=0
elapsed=73999 actor=vanguard event=move path=872C target_speed=0 acceleration=0 corridor=0,0,0 wave_mode=Entry bank_target=0 bank_turn=0
elapsed=73999 actor=vanguard event=vertical-step path=8942 target_speed=0 acceleration=0 corridor=0,0,0 wave_mode=Entry bank_target=0 bank_turn=0
elapsed=74000 actor=high_guard event=move path=872C target_speed=0 acceleration=0 corridor=-2500,1200,-2500 wave_mode=Entry bank_target=0 bank_turn=0
elapsed=74000 actor=high_guard event=vertical-step path=8942 target_speed=0 acceleration=0 corridor=-2500,1200,-2500 wave_mode=Entry bank_target=0 bank_turn=0
elapsed=74000 actor=flanker event=move path=872C target_speed=0 acceleration=0 corridor=2500,1200,-2500 wave_mode=Entry bank_target=0 bank_turn=0
elapsed=74001 actor=flanker event=vertical-step path=8942 target_speed=0 acceleration=0 corridor=2500,1200,-2500 wave_mode=Entry bank_target=0 bank_turn=0
elapsed=74003 actor=vanguard event=move path=872C target_speed=0 acceleration=0 corridor=0,0,0 wave_mode=Entry bank_target=0 bank_turn=0
elapsed=74003 actor=vanguard event=vertical-step path=8942 target_speed=0 acceleration=0 corridor=0,0,0 wave_mode=Entry bank_target=0 bank_turn=0
elapsed=74003 actor=high_guard event=move path=872C target_speed=0 acceleration=0 corridor=-2500,1200,-2500 wave_mode=Entry bank_target=0 bank_turn=0
elapsed=74004 actor=high_guard event=vertical-step path=8942 target_speed=0 acceleration=0 corridor=-2500,1200,-2500 wave_mode=Entry bank_target=0 bank_turn=0
elapsed=74004 actor=flanker event=move path=872C target_speed=0 acceleration=0 corridor=2500,1200,-2500 wave_mode=Entry bank_target=0 bank_turn=0
elapsed=74004 actor=flanker event=vertical-step path=8942 target_speed=0 acceleration=0 corridor=2500,1200,-2500 wave_mode=Entry bank_target=0 bank_turn=0
elapsed=74006 actor=vanguard event=move path=872C target_speed=0 acceleration=0 corridor=0,0,0 wave_mode=Entry bank_target=0 bank_turn=0
elapsed=74006 actor=vanguard event=vertical-step path=8942 target_speed=0 acceleration=0 corridor=0,0,0 wave_mode=Entry bank_target=0 bank_turn=0
elapsed=74007 actor=high_guard event=move path=872C target_speed=0 acceleration=0 corridor=-2500,1200,-2500 wave_mode=Entry bank_target=0 bank_turn=0
elapsed=74007 actor=high_guard event=vertical-step path=8942 target_speed=0 acceleration=0 corridor=-2500,1200,-2500 wave_mode=Entry bank_target=0 bank_turn=0
elapsed=74007 actor=flanker event=move path=872C target_speed=0 acceleration=0 corridor=2500,1200,-2500 wave_mode=Entry bank_target=0 bank_turn=0
elapsed=74008 actor=flanker event=vertical-step path=8942 target_speed=0 acceleration=0 corridor=2500,1200,-2500 wave_mode=Entry bank_target=0 bank_turn=0
elapsed=74010 actor=vanguard event=move path=872C target_speed=0 acceleration=0 corridor=0,0,0 wave_mode=Entry bank_target=0 bank_turn=0
elapsed=74010 actor=vanguard event=vertical-step path=8942 target_speed=0 acceleration=0 corridor=0,0,0 wave_mode=Entry bank_target=0 bank_turn=0
elapsed=74010 actor=high_guard event=move path=872C target_speed=0 acceleration=0 corridor=-2500,1200,-2500 wave_mode=Entry bank_target=0 bank_turn=0
elapsed=74011 actor=high_guard event=vertical-step path=8942 target_speed=0 acceleration=0 corridor=-2500,1200,-2500 wave_mode=Entry bank_target=0 bank_turn=0
elapsed=74011 actor=flanker event=move path=872C target_speed=0 acceleration=0 corridor=2500,1200,-2500 wave_mode=Entry bank_target=0 bank_turn=0
elapsed=74011 actor=flanker event=vertical-step path=8942 target_speed=0 acceleration=0 corridor=2500,1200,-2500 wave_mode=Entry bank_target=0 bank_turn=0
elapsed=74013 actor=vanguard event=move path=872C target_speed=0 acceleration=0 corridor=0,0,0 wave_mode=Entry bank_target=0 bank_turn=0
elapsed=74014 actor=vanguard event=vertical-step path=8942 target_speed=0 acceleration=0 corridor=0,0,0 wave_mode=Entry bank_target=0 bank_turn=0
elapsed=74014 actor=high_guard event=move path=872C target_speed=0 acceleration=0 corridor=-2500,1200,-2500 wave_mode=Entry bank_target=0 bank_turn=0
elapsed=74014 actor=high_guard event=vertical-step path=8942 target_speed=0 acceleration=0 corridor=-2500,1200,-2500 wave_mode=Entry bank_target=0 bank_turn=0
elapsed=74015 actor=flanker event=move path=872C target_speed=0 acceleration=0 corridor=2500,1200,-2500 wave_mode=Entry bank_target=0 bank_turn=0
elapsed=74015 actor=flanker event=vertical-step path=8942 target_speed=0 acceleration=0 corridor=2500,1200,-2500 wave_mode=Entry bank_target=0 bank_turn=0
elapsed=74017 actor=vanguard event=move path=872C target_speed=0 acceleration=0 corridor=0,0,0 wave_mode=Entry bank_target=0 bank_turn=0
elapsed=74017 actor=vanguard event=vertical-step path=8942 target_speed=0 acceleration=0 corridor=0,0,0 wave_mode=Entry bank_target=0 bank_turn=0
elapsed=74017 actor=high_guard event=move path=872C target_speed=0 acceleration=0 corridor=-2500,1200,-2500 wave_mode=Entry bank_target=0 bank_turn=0
elapsed=74017 actor=high_guard event=vertical-step path=8942 target_speed=0 acceleration=0 corridor=-2500,1200,-2500 wave_mode=Entry bank_target=0 bank_turn=0
elapsed=74018 actor=flanker event=move path=872C target_speed=0 acceleration=0 corridor=2500,1200,-2500 wave_mode=Entry bank_target=0 bank_turn=0
elapsed=74018 actor=flanker event=vertical-step path=8942 target_speed=0 acceleration=0 corridor=2500,1200,-2500 wave_mode=Entry bank_target=0 bank_turn=0
elapsed=74020 actor=vanguard event=move path=872C target_speed=0 acceleration=0 corridor=0,0,0 wave_mode=Entry bank_target=0 bank_turn=0
elapsed=74020 actor=vanguard event=vertical-step path=8942 target_speed=0 acceleration=0 corridor=0,0,0 wave_mode=Entry bank_target=0 bank_turn=0
elapsed=74021 actor=high_guard event=move path=872C target_speed=0 acceleration=0 corridor=-2500,1200,-2500 wave_mode=Entry bank_target=0 bank_turn=0
elapsed=74021 actor=high_guard event=vertical-step path=8942 target_speed=0 acceleration=0 corridor=-2500,1200,-2500 wave_mode=Entry bank_target=0 bank_turn=0
elapsed=74022 actor=flanker event=move path=872C target_speed=0 acceleration=0 corridor=2500,1200,-2500 wave_mode=Entry bank_target=0 bank_turn=0
elapsed=74022 actor=flanker event=vertical-step path=8942 target_speed=0 acceleration=0 corridor=2500,1200,-2500 wave_mode=Entry bank_target=0 bank_turn=0
elapsed=74024 actor=vanguard event=move path=872C target_speed=0 acceleration=0 corridor=0,0,0 wave_mode=Entry bank_target=0 bank_turn=0
elapsed=74024 actor=vanguard event=vertical-step path=8942 target_speed=0 acceleration=0 corridor=0,0,0 wave_mode=Entry bank_target=0 bank_turn=0
elapsed=74025 actor=high_guard event=move path=872C target_speed=0 acceleration=0 corridor=-2500,1200,-2500 wave_mode=Entry bank_target=0 bank_turn=0
elapsed=74025 actor=high_guard event=vertical-step path=8942 target_speed=0 acceleration=0 corridor=-2500,1200,-2500 wave_mode=Entry bank_target=0 bank_turn=0
elapsed=74025 actor=flanker event=move path=872C target_speed=0 acceleration=0 corridor=2500,1200,-2500 wave_mode=Entry bank_target=0 bank_turn=0
elapsed=74025 actor=flanker event=vertical-step path=8942 target_speed=0 acceleration=0 corridor=2500,1200,-2500 wave_mode=Entry bank_target=0 bank_turn=0
elapsed=74027 actor=vanguard event=move path=872C target_speed=0 acceleration=0 corridor=0,0,0 wave_mode=Entry bank_target=0 bank_turn=0
elapsed=74028 actor=vanguard event=vertical-step path=8942 target_speed=0 acceleration=0 corridor=0,0,0 wave_mode=Entry bank_target=0 bank_turn=0
elapsed=74028 actor=high_guard event=move path=872C target_speed=0 acceleration=0 corridor=-2500,1200,-2500 wave_mode=Entry bank_target=0 bank_turn=0
elapsed=74028 actor=high_guard event=vertical-step path=8942 target_speed=0 acceleration=0 corridor=-2500,1200,-2500 wave_mode=Entry bank_target=0 bank_turn=0
elapsed=74028 actor=flanker event=move path=872C target_speed=0 acceleration=0 corridor=2500,1200,-2500 wave_mode=Entry bank_target=0 bank_turn=0
elapsed=74029 actor=flanker event=vertical-step path=8942 target_speed=0 acceleration=0 corridor=2500,1200,-2500 wave_mode=Entry bank_target=0 bank_turn=0
elapsed=74031 actor=vanguard event=move path=872C target_speed=0 acceleration=0 corridor=0,0,0 wave_mode=Entry bank_target=0 bank_turn=0
elapsed=74031 actor=vanguard event=vertical-step path=8942 target_speed=0 acceleration=0 corridor=0,0,0 wave_mode=Entry bank_target=0 bank_turn=0
elapsed=74031 actor=high_guard event=move path=872C target_speed=0 acceleration=0 corridor=-2500,1200,-2500 wave_mode=Entry bank_target=0 bank_turn=0
elapsed=74032 actor=high_guard event=vertical-step path=8942 target_speed=0 acceleration=0 corridor=-2500,1200,-2500 wave_mode=Entry bank_target=0 bank_turn=0
elapsed=74032 actor=flanker event=move path=872C target_speed=0 acceleration=0 corridor=2500,1200,-2500 wave_mode=Entry bank_target=0 bank_turn=0
elapsed=74032 actor=flanker event=vertical-step path=8942 target_speed=0 acceleration=0 corridor=2500,1200,-2500 wave_mode=Entry bank_target=0 bank_turn=0
elapsed=74034 actor=vanguard event=move path=872C target_speed=0 acceleration=0 corridor=0,0,0 wave_mode=Entry bank_target=0 bank_turn=0
elapsed=74034 actor=vanguard event=vertical-step path=8942 target_speed=0 acceleration=0 corridor=0,0,0 wave_mode=Entry bank_target=0 bank_turn=0
elapsed=74035 actor=high_guard event=move path=872C target_speed=0 acceleration=0 corridor=-2500,1200,-2500 wave_mode=Entry bank_target=0 bank_turn=0
elapsed=74035 actor=high_guard event=vertical-step path=8942 target_speed=0 acceleration=0 corridor=-2500,1200,-2500 wave_mode=Entry bank_target=0 bank_turn=0
elapsed=74035 actor=flanker event=move path=872C target_speed=0 acceleration=0 corridor=2500,1200,-2500 wave_mode=Entry bank_target=0 bank_turn=0
elapsed=74036 actor=flanker event=vertical-step path=8942 target_speed=0 acceleration=0 corridor=2500,1200,-2500 wave_mode=Entry bank_target=0 bank_turn=0
elapsed=74038 actor=vanguard event=move path=872C target_speed=0 acceleration=0 corridor=0,0,0 wave_mode=Entry bank_target=0 bank_turn=0
elapsed=74038 actor=vanguard event=vertical-step path=8942 target_speed=0 acceleration=0 corridor=0,0,0 wave_mode=Entry bank_target=0 bank_turn=0
elapsed=74038 actor=high_guard event=move path=872C target_speed=0 acceleration=0 corridor=-2500,1200,-2500 wave_mode=Entry bank_target=0 bank_turn=0
elapsed=74039 actor=high_guard event=vertical-step path=8942 target_speed=0 acceleration=0 corridor=-2500,1200,-2500 wave_mode=Entry bank_target=0 bank_turn=0
elapsed=74039 actor=flanker event=move path=872C target_speed=0 acceleration=0 corridor=2500,1200,-2500 wave_mode=Entry bank_target=0 bank_turn=0
elapsed=74039 actor=flanker event=vertical-step path=8942 target_speed=0 acceleration=0 corridor=2500,1200,-2500 wave_mode=Entry bank_target=0 bank_turn=0
elapsed=74041 actor=vanguard event=move path=872C target_speed=0 acceleration=0 corridor=0,0,0 wave_mode=Entry bank_target=0 bank_turn=0
elapsed=74042 actor=vanguard event=vertical-step path=8942 target_speed=0 acceleration=0 corridor=0,0,0 wave_mode=Entry bank_target=0 bank_turn=0
elapsed=74042 actor=high_guard event=move path=872C target_speed=0 acceleration=0 corridor=-2500,1200,-2500 wave_mode=Entry bank_target=0 bank_turn=0
elapsed=74042 actor=high_guard event=vertical-step path=8942 target_speed=0 acceleration=0 corridor=-2500,1200,-2500 wave_mode=Entry bank_target=0 bank_turn=0
elapsed=74042 actor=flanker event=move path=872C target_speed=0 acceleration=0 corridor=2500,1200,-2500 wave_mode=Entry bank_target=0 bank_turn=0
elapsed=74043 actor=flanker event=vertical-step path=8942 target_speed=0 acceleration=0 corridor=2500,1200,-2500 wave_mode=Entry bank_target=0 bank_turn=0
elapsed=74044 actor=vanguard event=move path=872C target_speed=0 acceleration=0 corridor=0,0,0 wave_mode=Entry bank_target=0 bank_turn=0
elapsed=74045 actor=vanguard event=vertical-step path=8942 target_speed=0 acceleration=0 corridor=0,0,0 wave_mode=Entry bank_target=0 bank_turn=0
elapsed=74045 actor=high_guard event=move path=872C target_speed=0 acceleration=0 corridor=-2500,1200,-2500 wave_mode=Entry bank_target=0 bank_turn=0
elapsed=74045 actor=high_guard event=vertical-step path=8942 target_speed=0 acceleration=0 corridor=-2500,1200,-2500 wave_mode=Entry bank_target=0 bank_turn=0
elapsed=74046 actor=flanker event=move path=872C target_speed=0 acceleration=0 corridor=2500,1200,-2500 wave_mode=Entry bank_target=0 bank_turn=0
elapsed=74046 actor=flanker event=vertical-step path=8942 target_speed=0 acceleration=0 corridor=2500,1200,-2500 wave_mode=Entry bank_target=0 bank_turn=0
elapsed=74048 actor=vanguard event=move path=872C target_speed=0 acceleration=0 corridor=0,0,0 wave_mode=Entry bank_target=0 bank_turn=0
elapsed=74048 actor=vanguard event=vertical-step path=8942 target_speed=0 acceleration=0 corridor=0,0,0 wave_mode=Entry bank_target=0 bank_turn=0
elapsed=74048 actor=high_guard event=move path=872C target_speed=0 acceleration=0 corridor=-2500,1200,-2500 wave_mode=Entry bank_target=0 bank_turn=0
elapsed=74049 actor=high_guard event=vertical-step path=8942 target_speed=0 acceleration=0 corridor=-2500,1200,-2500 wave_mode=Entry bank_target=0 bank_turn=0
elapsed=74049 actor=flanker event=move path=872C target_speed=0 acceleration=0 corridor=2500,1200,-2500 wave_mode=Entry bank_target=0 bank_turn=0
elapsed=74049 actor=flanker event=vertical-step path=8942 target_speed=0 acceleration=0 corridor=2500,1200,-2500 wave_mode=Entry bank_target=0 bank_turn=0
elapsed=74051 actor=vanguard event=move path=872C target_speed=0 acceleration=0 corridor=0,0,0 wave_mode=Entry bank_target=0 bank_turn=0
elapsed=74051 actor=vanguard event=vertical-step path=8942 target_speed=0 acceleration=0 corridor=0,0,0 wave_mode=Entry bank_target=0 bank_turn=0
elapsed=74052 actor=high_guard event=move path=872C target_speed=0 acceleration=0 corridor=-2500,1200,-2500 wave_mode=Entry bank_target=0 bank_turn=0
elapsed=74052 actor=high_guard event=vertical-step path=8942 target_speed=0 acceleration=0 corridor=-2500,1200,-2500 wave_mode=Entry bank_target=0 bank_turn=0
elapsed=74052 actor=flanker event=move path=872C target_speed=0 acceleration=0 corridor=2500,1200,-2500 wave_mode=Entry bank_target=0 bank_turn=0
elapsed=74052 actor=flanker event=vertical-step path=8942 target_speed=0 acceleration=0 corridor=2500,1200,-2500 wave_mode=Entry bank_target=0 bank_turn=0
elapsed=74055 actor=vanguard event=move path=872C target_speed=0 acceleration=0 corridor=0,0,0 wave_mode=Entry bank_target=0 bank_turn=0
elapsed=74055 actor=vanguard event=vertical-step path=8942 target_speed=0 acceleration=0 corridor=0,0,0 wave_mode=Entry bank_target=0 bank_turn=0
elapsed=74055 actor=high_guard event=move path=872C target_speed=0 acceleration=0 corridor=-2500,1200,-2500 wave_mode=Entry bank_target=0 bank_turn=0
elapsed=74055 actor=high_guard event=vertical-step path=8942 target_speed=0 acceleration=0 corridor=-2500,1200,-2500 wave_mode=Entry bank_target=0 bank_turn=0
elapsed=74056 actor=flanker event=move path=872C target_speed=0 acceleration=0 corridor=2500,1200,-2500 wave_mode=Entry bank_target=0 bank_turn=0
elapsed=74056 actor=flanker event=vertical-step path=8942 target_speed=0 acceleration=0 corridor=2500,1200,-2500 wave_mode=Entry bank_target=0 bank_turn=0
elapsed=74058 actor=vanguard event=move path=872C target_speed=0 acceleration=0 corridor=0,0,0 wave_mode=Entry bank_target=0 bank_turn=0
elapsed=74059 actor=vanguard event=vertical-step path=8942 target_speed=0 acceleration=0 corridor=0,0,0 wave_mode=Entry bank_target=0 bank_turn=0
elapsed=74059 actor=high_guard event=move path=872C target_speed=0 acceleration=0 corridor=-2500,1200,-2500 wave_mode=Entry bank_target=0 bank_turn=0
elapsed=74059 actor=high_guard event=vertical-step path=8942 target_speed=0 acceleration=0 corridor=-2500,1200,-2500 wave_mode=Entry bank_target=0 bank_turn=0
elapsed=74059 actor=flanker event=move path=872C target_speed=0 acceleration=0 corridor=2500,1200,-2500 wave_mode=Entry bank_target=0 bank_turn=0
elapsed=74060 actor=flanker event=vertical-step path=8942 target_speed=0 acceleration=0 corridor=2500,1200,-2500 wave_mode=Entry bank_target=0 bank_turn=0
elapsed=74062 actor=vanguard event=move path=872C target_speed=0 acceleration=0 corridor=0,0,0 wave_mode=Entry bank_target=0 bank_turn=0
elapsed=74062 actor=vanguard event=vertical-step path=8942 target_speed=0 acceleration=0 corridor=0,0,0 wave_mode=Entry bank_target=0 bank_turn=0
elapsed=74062 actor=high_guard event=move path=872C target_speed=0 acceleration=0 corridor=-2500,1200,-2500 wave_mode=Entry bank_target=0 bank_turn=0
elapsed=74062 actor=high_guard event=vertical-step path=8942 target_speed=0 acceleration=0 corridor=-2500,1200,-2500 wave_mode=Entry bank_target=0 bank_turn=0
elapsed=74063 actor=flanker event=move path=872C target_speed=0 acceleration=0 corridor=2500,1200,-2500 wave_mode=Entry bank_target=0 bank_turn=0
elapsed=74063 actor=flanker event=vertical-step path=8942 target_speed=0 acceleration=0 corridor=2500,1200,-2500 wave_mode=Entry bank_target=0 bank_turn=0
elapsed=74065 actor=vanguard event=move path=872C target_speed=0 acceleration=0 corridor=0,0,0 wave_mode=Entry bank_target=0 bank_turn=0
elapsed=74065 actor=vanguard event=vertical-step path=8942 target_speed=0 acceleration=0 corridor=0,0,0 wave_mode=Entry bank_target=0 bank_turn=0
elapsed=74066 actor=high_guard event=move path=872C target_speed=0 acceleration=0 corridor=-2500,1200,-2500 wave_mode=Entry bank_target=0 bank_turn=0
elapsed=74066 actor=high_guard event=vertical-step path=8942 target_speed=0 acceleration=0 corridor=-2500,1200,-2500 wave_mode=Entry bank_target=0 bank_turn=0
elapsed=74066 actor=flanker event=move path=872C target_speed=0 acceleration=0 corridor=2500,1200,-2500 wave_mode=Entry bank_target=0 bank_turn=0
elapsed=74066 actor=flanker event=vertical-step path=8942 target_speed=0 acceleration=0 corridor=2500,1200,-2500 wave_mode=Entry bank_target=0 bank_turn=0
elapsed=74068 actor=vanguard event=move path=872C target_speed=0 acceleration=0 corridor=0,0,0 wave_mode=Entry bank_target=0 bank_turn=0
elapsed=74069 actor=vanguard event=vertical-step path=8942 target_speed=0 acceleration=0 corridor=0,0,0 wave_mode=Entry bank_target=0 bank_turn=0
elapsed=74069 actor=high_guard event=move path=872C target_speed=0 acceleration=0 corridor=-2500,1200,-2500 wave_mode=Entry bank_target=0 bank_turn=0
elapsed=74069 actor=high_guard event=vertical-step path=8942 target_speed=0 acceleration=0 corridor=-2500,1200,-2500 wave_mode=Entry bank_target=0 bank_turn=0
elapsed=74069 actor=flanker event=move path=872C target_speed=0 acceleration=0 corridor=2500,1200,-2500 wave_mode=Entry bank_target=0 bank_turn=0
elapsed=74070 actor=flanker event=vertical-step path=8942 target_speed=0 acceleration=0 corridor=2500,1200,-2500 wave_mode=Entry bank_target=0 bank_turn=0
elapsed=74072 actor=vanguard event=move path=872C target_speed=0 acceleration=0 corridor=0,0,0 wave_mode=Entry bank_target=0 bank_turn=0
elapsed=74072 actor=vanguard event=vertical-step path=8942 target_speed=0 acceleration=0 corridor=0,0,0 wave_mode=Entry bank_target=0 bank_turn=0
elapsed=74072 actor=high_guard event=move path=872C target_speed=0 acceleration=0 corridor=-2500,1200,-2500 wave_mode=Entry bank_target=0 bank_turn=0
elapsed=74073 actor=high_guard event=vertical-step path=8942 target_speed=0 acceleration=0 corridor=-2500,1200,-2500 wave_mode=Entry bank_target=0 bank_turn=0
elapsed=74073 actor=flanker event=move path=872C target_speed=0 acceleration=0 corridor=2500,1200,-2500 wave_mode=Entry bank_target=0 bank_turn=0
elapsed=74073 actor=flanker event=vertical-step path=8942 target_speed=0 acceleration=0 corridor=2500,1200,-2500 wave_mode=Entry bank_target=0 bank_turn=0
elapsed=74076 actor=vanguard event=move path=872C target_speed=0 acceleration=0 corridor=0,0,0 wave_mode=Entry bank_target=0 bank_turn=0
elapsed=74076 actor=vanguard event=vertical-step path=8942 target_speed=0 acceleration=0 corridor=0,0,0 wave_mode=Entry bank_target=0 bank_turn=0
elapsed=74076 actor=high_guard event=move path=872C target_speed=0 acceleration=0 corridor=-2500,1200,-2500 wave_mode=Entry bank_target=0 bank_turn=0
elapsed=74077 actor=high_guard event=vertical-step path=8942 target_speed=0 acceleration=0 corridor=-2500,1200,-2500 wave_mode=Entry bank_target=0 bank_turn=0
elapsed=74077 actor=flanker event=move path=872C target_speed=0 acceleration=0 corridor=2500,1200,-2500 wave_mode=Entry bank_target=0 bank_turn=0
elapsed=74077 actor=flanker event=vertical-step path=8942 target_speed=0 acceleration=0 corridor=2500,1200,-2500 wave_mode=Entry bank_target=0 bank_turn=0
elapsed=74080 actor=vanguard event=move path=872C target_speed=0 acceleration=0 corridor=0,0,0 wave_mode=Entry bank_target=0 bank_turn=0
elapsed=74080 actor=vanguard event=vertical-step path=8942 target_speed=0 acceleration=0 corridor=0,0,0 wave_mode=Entry bank_target=0 bank_turn=0
elapsed=74080 actor=high_guard event=move path=872C target_speed=0 acceleration=0 corridor=-2500,1200,-2500 wave_mode=Entry bank_target=0 bank_turn=0
elapsed=74080 actor=high_guard event=vertical-step path=8942 target_speed=0 acceleration=0 corridor=-2500,1200,-2500 wave_mode=Entry bank_target=0 bank_turn=0
elapsed=74081 actor=flanker event=move path=872C target_speed=0 acceleration=0 corridor=2500,1200,-2500 wave_mode=Entry bank_target=0 bank_turn=0
elapsed=74081 actor=flanker event=vertical-step path=8942 target_speed=0 acceleration=0 corridor=2500,1200,-2500 wave_mode=Entry bank_target=0 bank_turn=0
elapsed=74083 actor=vanguard event=move path=872C target_speed=0 acceleration=0 corridor=0,0,0 wave_mode=Entry bank_target=0 bank_turn=0
elapsed=74084 actor=vanguard event=vertical-step path=8942 target_speed=0 acceleration=0 corridor=0,0,0 wave_mode=Entry bank_target=0 bank_turn=0
elapsed=74084 actor=high_guard event=move path=872C target_speed=0 acceleration=0 corridor=-2500,1200,-2500 wave_mode=Entry bank_target=0 bank_turn=0
elapsed=74084 actor=high_guard event=vertical-step path=8942 target_speed=0 acceleration=0 corridor=-2500,1200,-2500 wave_mode=Entry bank_target=0 bank_turn=0
elapsed=74084 actor=flanker event=move path=872C target_speed=0 acceleration=0 corridor=2500,1200,-2500 wave_mode=Entry bank_target=0 bank_turn=0
elapsed=74085 actor=flanker event=vertical-step path=8942 target_speed=0 acceleration=0 corridor=2500,1200,-2500 wave_mode=Entry bank_target=0 bank_turn=0
elapsed=74088 actor=vanguard event=move path=872C target_speed=0 acceleration=0 corridor=0,0,0 wave_mode=Entry bank_target=0 bank_turn=0
elapsed=74088 actor=vanguard event=vertical-step path=8942 target_speed=0 acceleration=0 corridor=0,0,0 wave_mode=Entry bank_target=0 bank_turn=0
elapsed=74088 actor=high_guard event=move path=872C target_speed=0 acceleration=0 corridor=-2500,1200,-2500 wave_mode=Entry bank_target=0 bank_turn=0
elapsed=74089 actor=high_guard event=vertical-step path=8942 target_speed=0 acceleration=0 corridor=-2500,1200,-2500 wave_mode=Entry bank_target=0 bank_turn=0
elapsed=74089 actor=flanker event=move path=872C target_speed=0 acceleration=0 corridor=2500,1200,-2500 wave_mode=Entry bank_target=0 bank_turn=0
elapsed=74089 actor=flanker event=vertical-step path=8942 target_speed=0 acceleration=0 corridor=2500,1200,-2500 wave_mode=Entry bank_target=0 bank_turn=0
elapsed=74092 actor=vanguard event=move path=872C target_speed=0 acceleration=0 corridor=0,0,0 wave_mode=Entry bank_target=0 bank_turn=0
elapsed=74092 actor=vanguard event=vertical-step path=8942 target_speed=0 acceleration=0 corridor=0,0,0 wave_mode=Entry bank_target=0 bank_turn=0
elapsed=74092 actor=high_guard event=move path=872C target_speed=0 acceleration=0 corridor=-2500,1200,-2500 wave_mode=Entry bank_target=0 bank_turn=0
elapsed=74093 actor=high_guard event=vertical-step path=8942 target_speed=0 acceleration=0 corridor=-2500,1200,-2500 wave_mode=Entry bank_target=0 bank_turn=0
elapsed=74093 actor=flanker event=move path=872C target_speed=0 acceleration=0 corridor=2500,1200,-2500 wave_mode=Entry bank_target=0 bank_turn=0
elapsed=74093 actor=flanker event=vertical-step path=8942 target_speed=0 acceleration=0 corridor=2500,1200,-2500 wave_mode=Entry bank_target=0 bank_turn=0
elapsed=74096 actor=vanguard event=move path=872C target_speed=0 acceleration=0 corridor=0,0,0 wave_mode=Entry bank_target=0 bank_turn=0
elapsed=74096 actor=vanguard event=vertical-step path=8942 target_speed=0 acceleration=0 corridor=0,0,0 wave_mode=Entry bank_target=0 bank_turn=0
elapsed=74096 actor=high_guard event=move path=872C target_speed=0 acceleration=0 corridor=-2500,1200,-2500 wave_mode=Entry bank_target=0 bank_turn=0
elapsed=74096 actor=high_guard event=vertical-step path=8942 target_speed=0 acceleration=0 corridor=-2500,1200,-2500 wave_mode=Entry bank_target=0 bank_turn=0
elapsed=74097 actor=flanker event=move path=872C target_speed=0 acceleration=0 corridor=2500,1200,-2500 wave_mode=Entry bank_target=0 bank_turn=0
elapsed=74097 actor=flanker event=vertical-step path=8942 target_speed=0 acceleration=0 corridor=2500,1200,-2500 wave_mode=Entry bank_target=0 bank_turn=0
elapsed=74099 actor=vanguard event=move path=872C target_speed=0 acceleration=0 corridor=0,0,0 wave_mode=Entry bank_target=0 bank_turn=0
elapsed=74100 actor=vanguard event=vertical-step path=8942 target_speed=0 acceleration=0 corridor=0,0,0 wave_mode=Entry bank_target=0 bank_turn=0
elapsed=74100 actor=high_guard event=move path=872C target_speed=0 acceleration=0 corridor=-2500,1200,-2500 wave_mode=Entry bank_target=0 bank_turn=0
elapsed=74100 actor=high_guard event=vertical-step path=8942 target_speed=0 acceleration=0 corridor=-2500,1200,-2500 wave_mode=Entry bank_target=0 bank_turn=0
elapsed=74100 actor=flanker event=move path=872C target_speed=0 acceleration=0 corridor=2500,1200,-2500 wave_mode=Entry bank_target=0 bank_turn=0
elapsed=74101 actor=flanker event=vertical-step path=8942 target_speed=0 acceleration=0 corridor=2500,1200,-2500 wave_mode=Entry bank_target=0 bank_turn=0
elapsed=74103 actor=vanguard event=move path=872C target_speed=0 acceleration=0 corridor=0,0,0 wave_mode=Entry bank_target=0 bank_turn=0
elapsed=74104 actor=vanguard event=vertical-step path=8942 target_speed=0 acceleration=0 corridor=0,0,0 wave_mode=Entry bank_target=0 bank_turn=0
elapsed=74104 actor=high_guard event=move path=872C target_speed=0 acceleration=0 corridor=-2500,1200,-2500 wave_mode=Entry bank_target=0 bank_turn=0
elapsed=74104 actor=high_guard event=vertical-step path=8942 target_speed=0 acceleration=0 corridor=-2500,1200,-2500 wave_mode=Entry bank_target=0 bank_turn=0
elapsed=74105 actor=flanker event=move path=872C target_speed=0 acceleration=0 corridor=2500,1200,-2500 wave_mode=Entry bank_target=0 bank_turn=0
elapsed=74105 actor=flanker event=vertical-step path=8942 target_speed=0 acceleration=0 corridor=2500,1200,-2500 wave_mode=Entry bank_target=0 bank_turn=0
elapsed=74107 actor=vanguard event=move path=872C target_speed=0 acceleration=0 corridor=0,0,0 wave_mode=Entry bank_target=0 bank_turn=0
elapsed=74107 actor=vanguard event=vertical-step path=8942 target_speed=0 acceleration=0 corridor=0,0,0 wave_mode=Entry bank_target=0 bank_turn=0
elapsed=74108 actor=high_guard event=move path=872C target_speed=0 acceleration=0 corridor=-2500,1200,-2500 wave_mode=Entry bank_target=0 bank_turn=0
elapsed=74108 actor=high_guard event=vertical-step path=8942 target_speed=0 acceleration=0 corridor=-2500,1200,-2500 wave_mode=Entry bank_target=0 bank_turn=0
elapsed=74108 actor=flanker event=move path=872C target_speed=0 acceleration=0 corridor=2500,1200,-2500 wave_mode=Entry bank_target=0 bank_turn=0
elapsed=74108 actor=flanker event=vertical-step path=8942 target_speed=0 acceleration=0 corridor=2500,1200,-2500 wave_mode=Entry bank_target=0 bank_turn=0
elapsed=74111 actor=vanguard event=move path=700F target_speed=0 acceleration=0 corridor=0,0,0 wave_mode=Entry bank_target=0 bank_turn=0
elapsed=74111 actor=vanguard event=vertical-step path=8942 target_speed=0 acceleration=0 corridor=0,0,0 wave_mode=Entry bank_target=0 bank_turn=0
elapsed=74112 actor=high_guard event=chase-angle path=886F target_speed=60 acceleration=20 corridor=0,0,0 wave_mode=Combat bank_target=13 bank_turn=1
elapsed=74112 actor=high_guard event=move path=886F target_speed=60 acceleration=20 corridor=0,0,0 wave_mode=Combat bank_target=13 bank_turn=1
elapsed=74112 actor=high_guard event=vertical-step path=8942 target_speed=60 acceleration=20 corridor=0,0,0 wave_mode=Combat bank_target=13 bank_turn=1
elapsed=74113 actor=flanker event=projectile-set-speed path=7035 target_speed=0 acceleration=0 corridor=2500,1200,-2500 wave_mode=Entry bank_target=0 bank_turn=0
elapsed=74113 actor=flanker event=move path=703A target_speed=12 acceleration=1 corridor=2500,1200,-2500 wave_mode=Entry bank_target=0 bank_turn=0
elapsed=74113 actor=flanker event=vertical-step path=8942 target_speed=12 acceleration=1 corridor=2500,1200,-2500 wave_mode=Entry bank_target=0 bank_turn=0
elapsed=74116 actor=vanguard event=projectile-set-speed path=7035 target_speed=0 acceleration=0 corridor=0,0,0 wave_mode=Entry bank_target=0 bank_turn=0
elapsed=74116 actor=vanguard event=move path=703A target_speed=12 acceleration=1 corridor=0,0,0 wave_mode=Entry bank_target=0 bank_turn=0
elapsed=74116 actor=vanguard event=vertical-step path=8942 target_speed=12 acceleration=1 corridor=0,0,0 wave_mode=Entry bank_target=0 bank_turn=0
elapsed=74116 actor=high_guard event=chase-angle path=886F target_speed=60 acceleration=20 corridor=0,0,0 wave_mode=Combat bank_target=13 bank_turn=1
elapsed=74116 actor=high_guard event=move path=886F target_speed=60 acceleration=20 corridor=0,0,0 wave_mode=Combat bank_target=13 bank_turn=1
elapsed=74116 actor=high_guard event=vertical-step path=8942 target_speed=60 acceleration=20 corridor=0,0,0 wave_mode=Combat bank_target=13 bank_turn=1
elapsed=74117 actor=flanker event=move path=703A target_speed=12 acceleration=1 corridor=2500,1200,-2500 wave_mode=Entry bank_target=0 bank_turn=0
elapsed=74117 actor=flanker event=vertical-step path=8942 target_speed=12 acceleration=1 corridor=2500,1200,-2500 wave_mode=Entry bank_target=0 bank_turn=0
elapsed=74119 actor=vanguard event=move path=703A target_speed=12 acceleration=1 corridor=0,0,0 wave_mode=Entry bank_target=0 bank_turn=0
elapsed=74119 actor=vanguard event=vertical-step path=8942 target_speed=12 acceleration=1 corridor=0,0,0 wave_mode=Entry bank_target=0 bank_turn=0
elapsed=74119 actor=high_guard event=chase-angle path=886F target_speed=60 acceleration=20 corridor=0,0,0 wave_mode=Combat bank_target=13 bank_turn=1
elapsed=74119 actor=high_guard event=move path=886F target_speed=60 acceleration=20 corridor=0,0,0 wave_mode=Combat bank_target=13 bank_turn=1
elapsed=74120 actor=high_guard event=vertical-step path=8942 target_speed=60 acceleration=0 corridor=0,0,0 wave_mode=Combat bank_target=13 bank_turn=1
elapsed=74120 actor=flanker event=move path=703A target_speed=12 acceleration=1 corridor=2500,1200,-2500 wave_mode=Entry bank_target=0 bank_turn=0
elapsed=74120 actor=flanker event=vertical-step path=8942 target_speed=12 acceleration=1 corridor=2500,1200,-2500 wave_mode=Entry bank_target=0 bank_turn=0
elapsed=74123 actor=vanguard event=move path=703A target_speed=12 acceleration=1 corridor=0,0,0 wave_mode=Entry bank_target=0 bank_turn=0
elapsed=74123 actor=vanguard event=vertical-step path=8942 target_speed=12 acceleration=1 corridor=0,0,0 wave_mode=Entry bank_target=0 bank_turn=0
elapsed=74123 actor=high_guard event=chase-angle path=886F target_speed=60 acceleration=0 corridor=0,0,0 wave_mode=Combat bank_target=13 bank_turn=1
elapsed=74123 actor=high_guard event=move path=886F target_speed=60 acceleration=0 corridor=0,0,0 wave_mode=Combat bank_target=13 bank_turn=1
elapsed=74123 actor=high_guard event=vertical-step path=8942 target_speed=60 acceleration=0 corridor=0,0,0 wave_mode=Combat bank_target=13 bank_turn=1
elapsed=74124 actor=flanker event=move path=703A target_speed=12 acceleration=1 corridor=2500,1200,-2500 wave_mode=Entry bank_target=0 bank_turn=0
elapsed=74124 actor=flanker event=vertical-step path=8942 target_speed=12 acceleration=1 corridor=2500,1200,-2500 wave_mode=Entry bank_target=0 bank_turn=0
elapsed=74126 actor=vanguard event=move path=703A target_speed=12 acceleration=1 corridor=0,0,0 wave_mode=Entry bank_target=0 bank_turn=0
elapsed=74126 actor=vanguard event=vertical-step path=8942 target_speed=12 acceleration=1 corridor=0,0,0 wave_mode=Entry bank_target=0 bank_turn=0
elapsed=74127 actor=high_guard event=chase-angle path=886F target_speed=60 acceleration=0 corridor=0,0,0 wave_mode=Combat bank_target=13 bank_turn=1
elapsed=74127 actor=high_guard event=move path=886F target_speed=60 acceleration=0 corridor=0,0,0 wave_mode=Combat bank_target=13 bank_turn=1
elapsed=74127 actor=high_guard event=vertical-step path=8942 target_speed=60 acceleration=0 corridor=0,0,0 wave_mode=Combat bank_target=13 bank_turn=1
elapsed=74127 actor=flanker event=move path=703A target_speed=12 acceleration=1 corridor=2500,1200,-2500 wave_mode=Entry bank_target=0 bank_turn=0
elapsed=74128 actor=flanker event=vertical-step path=8942 target_speed=12 acceleration=1 corridor=2500,1200,-2500 wave_mode=Entry bank_target=0 bank_turn=0
elapsed=74130 actor=vanguard event=move path=703A target_speed=12 acceleration=1 corridor=0,0,0 wave_mode=Entry bank_target=0 bank_turn=0
elapsed=74130 actor=vanguard event=vertical-step path=8942 target_speed=12 acceleration=1 corridor=0,0,0 wave_mode=Entry bank_target=0 bank_turn=0
elapsed=74131 actor=high_guard event=chase-angle path=886F target_speed=60 acceleration=0 corridor=0,0,0 wave_mode=Combat bank_target=13 bank_turn=1
elapsed=74131 actor=high_guard event=move path=886F target_speed=60 acceleration=0 corridor=0,0,0 wave_mode=Combat bank_target=13 bank_turn=1
elapsed=74131 actor=high_guard event=vertical-step path=8942 target_speed=60 acceleration=0 corridor=0,0,0 wave_mode=Combat bank_target=13 bank_turn=1
elapsed=74131 actor=flanker event=move path=703A target_speed=12 acceleration=1 corridor=2500,1200,-2500 wave_mode=Entry bank_target=0 bank_turn=0
elapsed=74131 actor=flanker event=vertical-step path=8942 target_speed=12 acceleration=1 corridor=2500,1200,-2500 wave_mode=Entry bank_target=0 bank_turn=0
elapsed=74133 actor=vanguard event=move path=703A target_speed=12 acceleration=1 corridor=0,0,0 wave_mode=Entry bank_target=0 bank_turn=0
elapsed=74134 actor=vanguard event=vertical-step path=8942 target_speed=12 acceleration=1 corridor=0,0,0 wave_mode=Entry bank_target=0 bank_turn=0
elapsed=74134 actor=high_guard event=chase-angle path=886F target_speed=60 acceleration=0 corridor=0,0,0 wave_mode=Combat bank_target=13 bank_turn=1
elapsed=74134 actor=high_guard event=move path=886F target_speed=60 acceleration=0 corridor=0,0,0 wave_mode=Combat bank_target=13 bank_turn=1
elapsed=74134 actor=high_guard event=vertical-step path=8942 target_speed=60 acceleration=0 corridor=0,0,0 wave_mode=Combat bank_target=13 bank_turn=1
elapsed=74135 actor=flanker event=move path=703A target_speed=12 acceleration=1 corridor=2500,1200,-2500 wave_mode=Entry bank_target=0 bank_turn=0
elapsed=74135 actor=flanker event=vertical-step path=8942 target_speed=12 acceleration=1 corridor=2500,1200,-2500 wave_mode=Entry bank_target=0 bank_turn=0
elapsed=74137 actor=vanguard event=move path=703A target_speed=12 acceleration=1 corridor=0,0,0 wave_mode=Entry bank_target=0 bank_turn=0
elapsed=74138 actor=vanguard event=vertical-step path=8942 target_speed=12 acceleration=1 corridor=0,0,0 wave_mode=Entry bank_target=0 bank_turn=0
elapsed=74138 actor=high_guard event=chase-angle path=886F target_speed=60 acceleration=0 corridor=0,0,0 wave_mode=Combat bank_target=13 bank_turn=1
elapsed=74138 actor=high_guard event=move path=886F target_speed=60 acceleration=0 corridor=0,0,0 wave_mode=Combat bank_target=13 bank_turn=1
elapsed=74139 actor=high_guard event=vertical-step path=8942 target_speed=60 acceleration=0 corridor=0,0,0 wave_mode=Combat bank_target=13 bank_turn=1
elapsed=74139 actor=flanker event=move path=703A target_speed=12 acceleration=1 corridor=2500,1200,-2500 wave_mode=Entry bank_target=0 bank_turn=0
elapsed=74139 actor=flanker event=vertical-step path=8942 target_speed=12 acceleration=1 corridor=2500,1200,-2500 wave_mode=Entry bank_target=0 bank_turn=0
elapsed=74142 actor=vanguard event=move path=703A target_speed=12 acceleration=1 corridor=0,0,0 wave_mode=Entry bank_target=0 bank_turn=0
elapsed=74142 actor=vanguard event=vertical-step path=8942 target_speed=12 acceleration=1 corridor=0,0,0 wave_mode=Entry bank_target=0 bank_turn=0
elapsed=74142 actor=high_guard event=chase-angle path=886F target_speed=60 acceleration=0 corridor=0,0,0 wave_mode=Combat bank_target=13 bank_turn=1
elapsed=74142 actor=high_guard event=move path=886F target_speed=60 acceleration=0 corridor=0,0,0 wave_mode=Combat bank_target=13 bank_turn=1
elapsed=74143 actor=high_guard event=vertical-step path=8942 target_speed=60 acceleration=0 corridor=0,0,0 wave_mode=Combat bank_target=13 bank_turn=1
elapsed=74143 actor=flanker event=move path=703A target_speed=12 acceleration=1 corridor=2500,1200,-2500 wave_mode=Entry bank_target=0 bank_turn=0
elapsed=74143 actor=flanker event=vertical-step path=8942 target_speed=12 acceleration=1 corridor=2500,1200,-2500 wave_mode=Entry bank_target=0 bank_turn=0
elapsed=74146 actor=vanguard event=move path=703A target_speed=12 acceleration=1 corridor=0,0,0 wave_mode=Entry bank_target=0 bank_turn=0
elapsed=74147 actor=vanguard event=vertical-step path=8942 target_speed=12 acceleration=1 corridor=0,0,0 wave_mode=Entry bank_target=0 bank_turn=0
elapsed=74147 actor=high_guard event=chase-angle path=886F target_speed=60 acceleration=0 corridor=0,0,0 wave_mode=Combat bank_target=13 bank_turn=1
elapsed=74147 actor=high_guard event=move path=886F target_speed=60 acceleration=0 corridor=0,0,0 wave_mode=Combat bank_target=13 bank_turn=1
elapsed=74147 actor=high_guard event=vertical-step path=8942 target_speed=60 acceleration=0 corridor=0,0,0 wave_mode=Combat bank_target=13 bank_turn=1
elapsed=74148 actor=flanker event=move path=703A target_speed=12 acceleration=1 corridor=2500,1200,-2500 wave_mode=Entry bank_target=0 bank_turn=0
elapsed=74148 actor=flanker event=vertical-step path=8942 target_speed=12 acceleration=1 corridor=2500,1200,-2500 wave_mode=Entry bank_target=0 bank_turn=0
elapsed=74151 actor=vanguard event=move path=703A target_speed=12 acceleration=1 corridor=0,0,0 wave_mode=Entry bank_target=0 bank_turn=0
elapsed=74151 actor=vanguard event=vertical-step path=8942 target_speed=12 acceleration=1 corridor=0,0,0 wave_mode=Entry bank_target=0 bank_turn=0
elapsed=74152 actor=high_guard event=chase-angle path=886F target_speed=60 acceleration=0 corridor=0,0,0 wave_mode=Combat bank_target=13 bank_turn=1
elapsed=74152 actor=high_guard event=move path=886F target_speed=60 acceleration=0 corridor=0,0,0 wave_mode=Combat bank_target=13 bank_turn=1
elapsed=74152 actor=high_guard event=vertical-step path=8942 target_speed=60 acceleration=0 corridor=0,0,0 wave_mode=Combat bank_target=13 bank_turn=1
elapsed=74152 actor=flanker event=move path=703A target_speed=12 acceleration=1 corridor=2500,1200,-2500 wave_mode=Entry bank_target=0 bank_turn=0
elapsed=74152 actor=flanker event=vertical-step path=8942 target_speed=12 acceleration=1 corridor=2500,1200,-2500 wave_mode=Entry bank_target=0 bank_turn=0
elapsed=74156 actor=vanguard event=move path=703A target_speed=12 acceleration=1 corridor=0,0,0 wave_mode=Entry bank_target=0 bank_turn=0
elapsed=74156 actor=vanguard event=vertical-step path=8942 target_speed=12 acceleration=1 corridor=0,0,0 wave_mode=Entry bank_target=0 bank_turn=0
elapsed=74157 actor=high_guard event=chase-angle path=886F target_speed=60 acceleration=0 corridor=0,0,0 wave_mode=Combat bank_target=13 bank_turn=1
elapsed=74157 actor=high_guard event=move path=886F target_speed=60 acceleration=0 corridor=0,0,0 wave_mode=Combat bank_target=13 bank_turn=1
elapsed=74157 actor=high_guard event=vertical-step path=8942 target_speed=60 acceleration=0 corridor=0,0,0 wave_mode=Combat bank_target=13 bank_turn=1
elapsed=74157 actor=flanker event=move path=703A target_speed=12 acceleration=1 corridor=2500,1200,-2500 wave_mode=Entry bank_target=0 bank_turn=0
elapsed=74157 actor=flanker event=vertical-step path=8942 target_speed=12 acceleration=1 corridor=2500,1200,-2500 wave_mode=Entry bank_target=0 bank_turn=0
elapsed=74160 actor=vanguard event=move path=703A target_speed=12 acceleration=1 corridor=0,0,0 wave_mode=Entry bank_target=0 bank_turn=0
elapsed=74161 actor=vanguard event=vertical-step path=8942 target_speed=12 acceleration=1 corridor=0,0,0 wave_mode=Entry bank_target=0 bank_turn=0
elapsed=74161 actor=high_guard event=chase-angle path=886F target_speed=60 acceleration=0 corridor=0,0,0 wave_mode=Combat bank_target=13 bank_turn=1
elapsed=74161 actor=high_guard event=move path=70BE target_speed=60 acceleration=0 corridor=0,0,0 wave_mode=Combat bank_target=13 bank_turn=1
elapsed=74161 actor=high_guard event=vertical-step path=8942 target_speed=60 acceleration=0 corridor=0,0,0 wave_mode=Combat bank_target=13 bank_turn=1
elapsed=74162 actor=flanker event=move path=703A target_speed=12 acceleration=1 corridor=2500,1200,-2500 wave_mode=Entry bank_target=0 bank_turn=0
elapsed=74162 actor=flanker event=vertical-step path=8942 target_speed=12 acceleration=1 corridor=2500,1200,-2500 wave_mode=Entry bank_target=0 bank_turn=0
elapsed=74166 actor=vanguard event=move path=703A target_speed=12 acceleration=1 corridor=0,0,0 wave_mode=Entry bank_target=0 bank_turn=0
elapsed=74166 actor=vanguard event=vertical-step path=8942 target_speed=12 acceleration=1 corridor=0,0,0 wave_mode=Entry bank_target=0 bank_turn=0
elapsed=74166 actor=high_guard event=move path=70BE target_speed=60 acceleration=0 corridor=36,3459,-123 wave_mode=Combat bank_target=13 bank_turn=1
elapsed=74166 actor=high_guard event=vertical-step path=8942 target_speed=60 acceleration=0 corridor=36,3459,-123 wave_mode=Combat bank_target=13 bank_turn=1
elapsed=74167 actor=flanker event=move path=703A target_speed=12 acceleration=1 corridor=2500,1200,-2500 wave_mode=Entry bank_target=0 bank_turn=0
elapsed=74167 actor=flanker event=vertical-step path=8942 target_speed=12 acceleration=1 corridor=2500,1200,-2500 wave_mode=Entry bank_target=0 bank_turn=0
elapsed=74170 actor=vanguard event=move path=703A target_speed=12 acceleration=1 corridor=0,0,0 wave_mode=Entry bank_target=0 bank_turn=0
elapsed=74170 actor=vanguard event=vertical-step path=8942 target_speed=12 acceleration=1 corridor=0,0,0 wave_mode=Entry bank_target=0 bank_turn=0
elapsed=74171 actor=high_guard event=move path=70BE target_speed=60 acceleration=0 corridor=36,3459,-123 wave_mode=Combat bank_target=13 bank_turn=1
elapsed=74171 actor=high_guard event=vertical-step path=8942 target_speed=60 acceleration=0 corridor=36,3459,-123 wave_mode=Combat bank_target=13 bank_turn=1
elapsed=74171 actor=flanker event=move path=703A target_speed=12 acceleration=1 corridor=2500,1200,-2500 wave_mode=Entry bank_target=0 bank_turn=0
elapsed=74171 actor=flanker event=vertical-step path=8942 target_speed=12 acceleration=1 corridor=2500,1200,-2500 wave_mode=Entry bank_target=0 bank_turn=0
elapsed=74175 actor=vanguard event=move path=703A target_speed=12 acceleration=1 corridor=0,0,0 wave_mode=Entry bank_target=0 bank_turn=0
elapsed=74175 actor=vanguard event=vertical-step path=8942 target_speed=12 acceleration=1 corridor=0,0,0 wave_mode=Entry bank_target=0 bank_turn=0
elapsed=74176 actor=high_guard event=move path=70BE target_speed=60 acceleration=0 corridor=36,3459,-123 wave_mode=Combat bank_target=13 bank_turn=1
elapsed=74176 actor=high_guard event=vertical-step path=8942 target_speed=60 acceleration=0 corridor=36,3459,-123 wave_mode=Combat bank_target=13 bank_turn=1
elapsed=74176 actor=flanker event=move path=703A target_speed=12 acceleration=1 corridor=2500,1200,-2500 wave_mode=Entry bank_target=0 bank_turn=0
elapsed=74176 actor=flanker event=vertical-step path=8942 target_speed=12 acceleration=1 corridor=2500,1200,-2500 wave_mode=Entry bank_target=0 bank_turn=0
elapsed=74179 actor=vanguard event=move path=703A target_speed=12 acceleration=1 corridor=0,0,0 wave_mode=Entry bank_target=0 bank_turn=0
elapsed=74180 actor=vanguard event=vertical-step path=8942 target_speed=12 acceleration=1 corridor=0,0,0 wave_mode=Entry bank_target=0 bank_turn=0
elapsed=74181 actor=high_guard event=move path=70BE target_speed=60 acceleration=0 corridor=36,3459,-123 wave_mode=Combat bank_target=13 bank_turn=1
elapsed=74181 actor=high_guard event=vertical-step path=8942 target_speed=60 acceleration=0 corridor=36,3459,-123 wave_mode=Combat bank_target=13 bank_turn=1
elapsed=74181 actor=flanker event=move path=703A target_speed=12 acceleration=1 corridor=2500,1200,-2500 wave_mode=Entry bank_target=0 bank_turn=0
elapsed=74181 actor=flanker event=vertical-step path=8942 target_speed=12 acceleration=1 corridor=2500,1200,-2500 wave_mode=Entry bank_target=0 bank_turn=0
elapsed=74185 actor=vanguard event=move path=703A target_speed=12 acceleration=1 corridor=0,0,0 wave_mode=Entry bank_target=0 bank_turn=0
elapsed=74185 actor=vanguard event=vertical-step path=8942 target_speed=12 acceleration=1 corridor=0,0,0 wave_mode=Entry bank_target=0 bank_turn=0
elapsed=74185 actor=high_guard event=move path=70BE target_speed=60 acceleration=0 corridor=36,3459,-123 wave_mode=Combat bank_target=13 bank_turn=1
elapsed=74185 actor=high_guard event=vertical-step path=8942 target_speed=60 acceleration=0 corridor=36,3459,-123 wave_mode=Combat bank_target=13 bank_turn=1
elapsed=74186 actor=flanker event=move path=703A target_speed=12 acceleration=1 corridor=2500,1200,-2500 wave_mode=Entry bank_target=0 bank_turn=0
elapsed=74186 actor=flanker event=vertical-step path=8942 target_speed=12 acceleration=1 corridor=2500,1200,-2500 wave_mode=Entry bank_target=0 bank_turn=0
elapsed=74189 actor=vanguard event=move path=703A target_speed=12 acceleration=1 corridor=0,0,0 wave_mode=Entry bank_target=0 bank_turn=0
elapsed=74189 actor=vanguard event=vertical-step path=8942 target_speed=12 acceleration=1 corridor=0,0,0 wave_mode=Entry bank_target=0 bank_turn=0
elapsed=74189 actor=high_guard event=move path=70BE target_speed=60 acceleration=0 corridor=36,3459,-123 wave_mode=Combat bank_target=13 bank_turn=1
elapsed=74190 actor=high_guard event=vertical-step path=8942 target_speed=60 acceleration=0 corridor=36,3459,-123 wave_mode=Combat bank_target=13 bank_turn=1
elapsed=74190 actor=flanker event=move path=700F target_speed=12 acceleration=1 corridor=2500,1200,-2500 wave_mode=Entry bank_target=0 bank_turn=0
elapsed=74190 actor=flanker event=vertical-step path=8942 target_speed=12 acceleration=0 corridor=2500,1200,-2500 wave_mode=Entry bank_target=0 bank_turn=0
elapsed=74193 actor=vanguard event=move path=700F target_speed=12 acceleration=1 corridor=0,0,0 wave_mode=Entry bank_target=0 bank_turn=0
elapsed=74194 actor=vanguard event=vertical-step path=8942 target_speed=12 acceleration=0 corridor=0,0,0 wave_mode=Entry bank_target=0 bank_turn=0
elapsed=74194 actor=high_guard event=move path=70BE target_speed=60 acceleration=0 corridor=36,3459,-123 wave_mode=Combat bank_target=13 bank_turn=1
elapsed=74194 actor=high_guard event=vertical-step path=8942 target_speed=60 acceleration=0 corridor=36,3459,-123 wave_mode=Combat bank_target=13 bank_turn=1
elapsed=74195 actor=flanker event=chase-angle path=886F target_speed=60 acceleration=20 corridor=0,512,0 wave_mode=Combat bank_target=13 bank_turn=1
elapsed=74195 actor=flanker event=move path=886F target_speed=60 acceleration=20 corridor=0,512,0 wave_mode=Combat bank_target=13 bank_turn=1
elapsed=74195 actor=flanker event=vertical-step path=8942 target_speed=60 acceleration=20 corridor=0,512,0 wave_mode=Combat bank_target=13 bank_turn=1
elapsed=74198 actor=vanguard event=projectile-set-speed path=7035 target_speed=12 acceleration=0 corridor=0,0,0 wave_mode=Entry bank_target=0 bank_turn=0
elapsed=74198 actor=vanguard event=move path=703A target_speed=12 acceleration=1 corridor=0,0,0 wave_mode=Entry bank_target=0 bank_turn=0
elapsed=74198 actor=vanguard event=vertical-step path=8942 target_speed=12 acceleration=1 corridor=0,0,0 wave_mode=Entry bank_target=0 bank_turn=0
elapsed=74199 actor=high_guard event=move path=70BE target_speed=60 acceleration=0 corridor=36,3459,-123 wave_mode=Combat bank_target=13 bank_turn=1
elapsed=74199 actor=high_guard event=vertical-step path=8942 target_speed=60 acceleration=0 corridor=36,3459,-123 wave_mode=Combat bank_target=13 bank_turn=1
elapsed=74199 actor=flanker event=chase-angle path=886F target_speed=60 acceleration=20 corridor=0,512,0 wave_mode=Combat bank_target=13 bank_turn=1
elapsed=74199 actor=flanker event=move path=886F target_speed=60 acceleration=20 corridor=0,512,0 wave_mode=Combat bank_target=13 bank_turn=1
elapsed=74199 actor=flanker event=vertical-step path=8942 target_speed=60 acceleration=20 corridor=0,512,0 wave_mode=Combat bank_target=13 bank_turn=1
elapsed=74203 actor=vanguard event=move path=703A target_speed=12 acceleration=1 corridor=0,0,0 wave_mode=Entry bank_target=0 bank_turn=0
elapsed=74203 actor=vanguard event=vertical-step path=8942 target_speed=12 acceleration=1 corridor=0,0,0 wave_mode=Entry bank_target=0 bank_turn=0
elapsed=74203 actor=high_guard event=move path=70BE target_speed=60 acceleration=0 corridor=36,3459,-123 wave_mode=Combat bank_target=13 bank_turn=1
elapsed=74203 actor=high_guard event=vertical-step path=8942 target_speed=60 acceleration=0 corridor=36,3459,-123 wave_mode=Combat bank_target=13 bank_turn=1
elapsed=74204 actor=flanker event=chase-angle path=886F target_speed=60 acceleration=20 corridor=0,512,0 wave_mode=Combat bank_target=13 bank_turn=1
elapsed=74204 actor=flanker event=move path=886F target_speed=60 acceleration=20 corridor=0,512,0 wave_mode=Combat bank_target=13 bank_turn=1
elapsed=74204 actor=flanker event=vertical-step path=8942 target_speed=60 acceleration=0 corridor=0,512,0 wave_mode=Combat bank_target=13 bank_turn=1
elapsed=74207 actor=vanguard event=move path=703A target_speed=12 acceleration=1 corridor=0,0,0 wave_mode=Entry bank_target=0 bank_turn=0
elapsed=74207 actor=vanguard event=vertical-step path=8942 target_speed=12 acceleration=1 corridor=0,0,0 wave_mode=Entry bank_target=0 bank_turn=0
elapsed=74208 actor=high_guard event=move path=70BE target_speed=60 acceleration=0 corridor=36,3459,-123 wave_mode=Combat bank_target=13 bank_turn=1
elapsed=74208 actor=high_guard event=vertical-step path=8942 target_speed=60 acceleration=0 corridor=36,3459,-123 wave_mode=Combat bank_target=13 bank_turn=1
elapsed=74208 actor=flanker event=chase-angle path=886F target_speed=60 acceleration=0 corridor=0,512,0 wave_mode=Combat bank_target=13 bank_turn=1
elapsed=74208 actor=flanker event=move path=886F target_speed=60 acceleration=0 corridor=0,512,0 wave_mode=Combat bank_target=13 bank_turn=1
elapsed=74208 actor=flanker event=vertical-step path=8942 target_speed=60 acceleration=0 corridor=0,512,0 wave_mode=Combat bank_target=13 bank_turn=1
elapsed=74211 actor=vanguard event=move path=703A target_speed=12 acceleration=1 corridor=0,0,0 wave_mode=Entry bank_target=0 bank_turn=0
elapsed=74212 actor=vanguard event=vertical-step path=8942 target_speed=12 acceleration=1 corridor=0,0,0 wave_mode=Entry bank_target=0 bank_turn=0
elapsed=74212 actor=high_guard event=move path=70BE target_speed=60 acceleration=0 corridor=36,3459,-123 wave_mode=Combat bank_target=13 bank_turn=1
elapsed=74212 actor=high_guard event=vertical-step path=8942 target_speed=60 acceleration=0 corridor=36,3459,-123 wave_mode=Combat bank_target=13 bank_turn=1
elapsed=74212 actor=flanker event=chase-angle path=886F target_speed=60 acceleration=0 corridor=0,512,0 wave_mode=Combat bank_target=13 bank_turn=1
elapsed=74212 actor=flanker event=move path=886F target_speed=60 acceleration=0 corridor=0,512,0 wave_mode=Combat bank_target=13 bank_turn=1
elapsed=74213 actor=flanker event=vertical-step path=8942 target_speed=60 acceleration=0 corridor=0,512,0 wave_mode=Combat bank_target=13 bank_turn=1
elapsed=74216 actor=vanguard event=move path=703A target_speed=12 acceleration=1 corridor=0,0,0 wave_mode=Entry bank_target=0 bank_turn=0
elapsed=74216 actor=vanguard event=vertical-step path=8942 target_speed=12 acceleration=1 corridor=0,0,0 wave_mode=Entry bank_target=0 bank_turn=0
elapsed=74216 actor=high_guard event=move path=70BE target_speed=60 acceleration=0 corridor=36,3459,-123 wave_mode=Combat bank_target=13 bank_turn=1
elapsed=74217 actor=high_guard event=vertical-step path=8942 target_speed=60 acceleration=0 corridor=36,3459,-123 wave_mode=Combat bank_target=13 bank_turn=1
elapsed=74217 actor=flanker event=chase-angle path=886F target_speed=60 acceleration=0 corridor=0,512,0 wave_mode=Combat bank_target=13 bank_turn=1
elapsed=74217 actor=flanker event=move path=886F target_speed=60 acceleration=0 corridor=0,512,0 wave_mode=Combat bank_target=13 bank_turn=1
elapsed=74217 actor=flanker event=vertical-step path=8942 target_speed=60 acceleration=0 corridor=0,512,0 wave_mode=Combat bank_target=13 bank_turn=1
elapsed=74221 actor=vanguard event=move path=703A target_speed=12 acceleration=1 corridor=0,0,0 wave_mode=Entry bank_target=0 bank_turn=0
elapsed=74221 actor=vanguard event=vertical-step path=8942 target_speed=12 acceleration=1 corridor=0,0,0 wave_mode=Entry bank_target=0 bank_turn=0
elapsed=74221 actor=high_guard event=move path=70BE target_speed=60 acceleration=0 corridor=36,3459,-123 wave_mode=Combat bank_target=13 bank_turn=1
elapsed=74221 actor=high_guard event=vertical-step path=8942 target_speed=60 acceleration=0 corridor=36,3459,-123 wave_mode=Combat bank_target=13 bank_turn=1
elapsed=74221 actor=flanker event=chase-angle path=886F target_speed=60 acceleration=0 corridor=0,512,0 wave_mode=Combat bank_target=13 bank_turn=1
elapsed=74221 actor=flanker event=move path=886F target_speed=60 acceleration=0 corridor=0,512,0 wave_mode=Combat bank_target=13 bank_turn=1
elapsed=74222 actor=flanker event=vertical-step path=8942 target_speed=60 acceleration=0 corridor=0,512,0 wave_mode=Combat bank_target=13 bank_turn=1
elapsed=74225 actor=vanguard event=move path=703A target_speed=12 acceleration=1 corridor=0,0,0 wave_mode=Entry bank_target=0 bank_turn=0
elapsed=74225 actor=vanguard event=vertical-step path=8942 target_speed=12 acceleration=1 corridor=0,0,0 wave_mode=Entry bank_target=0 bank_turn=0
elapsed=74225 actor=high_guard event=move path=70BE target_speed=60 acceleration=0 corridor=36,3459,-123 wave_mode=Combat bank_target=13 bank_turn=1
elapsed=74226 actor=high_guard event=vertical-step path=8942 target_speed=60 acceleration=0 corridor=36,3459,-123 wave_mode=Combat bank_target=13 bank_turn=1
elapsed=74226 actor=flanker event=chase-angle path=886F target_speed=60 acceleration=0 corridor=0,512,0 wave_mode=Combat bank_target=13 bank_turn=1
elapsed=74226 actor=flanker event=move path=886F target_speed=60 acceleration=0 corridor=0,512,0 wave_mode=Combat bank_target=13 bank_turn=1
elapsed=74226 actor=flanker event=vertical-step path=8942 target_speed=60 acceleration=0 corridor=0,512,0 wave_mode=Combat bank_target=13 bank_turn=1
elapsed=74229 actor=vanguard event=move path=703A target_speed=12 acceleration=1 corridor=0,0,0 wave_mode=Entry bank_target=0 bank_turn=0
elapsed=74230 actor=vanguard event=vertical-step path=8942 target_speed=12 acceleration=1 corridor=0,0,0 wave_mode=Entry bank_target=0 bank_turn=0
elapsed=74230 actor=high_guard event=move path=70BE target_speed=60 acceleration=0 corridor=36,3459,-123 wave_mode=Combat bank_target=13 bank_turn=1
elapsed=74230 actor=high_guard event=vertical-step path=8942 target_speed=60 acceleration=0 corridor=36,3459,-123 wave_mode=Combat bank_target=13 bank_turn=1
elapsed=74230 actor=flanker event=chase-angle path=886F target_speed=60 acceleration=0 corridor=0,512,0 wave_mode=Combat bank_target=13 bank_turn=1
elapsed=74230 actor=flanker event=move path=886F target_speed=60 acceleration=0 corridor=0,512,0 wave_mode=Combat bank_target=13 bank_turn=1
elapsed=74230 actor=flanker event=vertical-step path=8942 target_speed=60 acceleration=0 corridor=0,512,0 wave_mode=Combat bank_target=13 bank_turn=1
elapsed=74234 actor=vanguard event=move path=703A target_speed=12 acceleration=1 corridor=0,0,0 wave_mode=Entry bank_target=0 bank_turn=0
elapsed=74234 actor=vanguard event=vertical-step path=8942 target_speed=12 acceleration=1 corridor=0,0,0 wave_mode=Entry bank_target=0 bank_turn=0
elapsed=74234 actor=high_guard event=move path=70BE target_speed=60 acceleration=0 corridor=36,3459,-123 wave_mode=Combat bank_target=13 bank_turn=1
elapsed=74234 actor=high_guard event=vertical-step path=8942 target_speed=60 acceleration=0 corridor=36,3459,-123 wave_mode=Combat bank_target=13 bank_turn=1
elapsed=74235 actor=flanker event=chase-angle path=886F target_speed=60 acceleration=0 corridor=0,512,0 wave_mode=Combat bank_target=13 bank_turn=1
elapsed=74235 actor=flanker event=move path=886F target_speed=60 acceleration=0 corridor=0,512,0 wave_mode=Combat bank_target=13 bank_turn=1
elapsed=74235 actor=flanker event=vertical-step path=8942 target_speed=60 acceleration=0 corridor=0,512,0 wave_mode=Combat bank_target=13 bank_turn=1
elapsed=74238 actor=vanguard event=move path=703A target_speed=12 acceleration=1 corridor=0,0,0 wave_mode=Entry bank_target=0 bank_turn=0
elapsed=74239 actor=vanguard event=vertical-step path=8942 target_speed=12 acceleration=1 corridor=0,0,0 wave_mode=Entry bank_target=0 bank_turn=0
elapsed=74239 actor=high_guard event=move path=70BE target_speed=60 acceleration=0 corridor=36,3459,-123 wave_mode=Combat bank_target=13 bank_turn=1
elapsed=74239 actor=high_guard event=vertical-step path=8942 target_speed=60 acceleration=0 corridor=36,3459,-123 wave_mode=Combat bank_target=13 bank_turn=1
elapsed=74239 actor=flanker event=chase-angle path=886F target_speed=60 acceleration=0 corridor=0,512,0 wave_mode=Combat bank_target=13 bank_turn=1
elapsed=74239 actor=flanker event=move path=886F target_speed=60 acceleration=0 corridor=0,512,0 wave_mode=Combat bank_target=13 bank_turn=1
elapsed=74239 actor=flanker event=vertical-step path=8942 target_speed=60 acceleration=0 corridor=0,512,0 wave_mode=Combat bank_target=13 bank_turn=1
elapsed=74243 actor=vanguard event=move path=703A target_speed=12 acceleration=1 corridor=0,0,0 wave_mode=Entry bank_target=0 bank_turn=0
elapsed=74243 actor=vanguard event=vertical-step path=8942 target_speed=12 acceleration=1 corridor=0,0,0 wave_mode=Entry bank_target=0 bank_turn=0
elapsed=74243 actor=high_guard event=move path=70BE target_speed=60 acceleration=0 corridor=36,3459,-123 wave_mode=Combat bank_target=13 bank_turn=1
elapsed=74244 actor=high_guard event=vertical-step path=8942 target_speed=60 acceleration=0 corridor=36,3459,-123 wave_mode=Combat bank_target=13 bank_turn=1
elapsed=74244 actor=flanker event=chase-angle path=886F target_speed=60 acceleration=0 corridor=0,512,0 wave_mode=Combat bank_target=13 bank_turn=1
elapsed=74244 actor=flanker event=move path=886F target_speed=60 acceleration=0 corridor=0,512,0 wave_mode=Combat bank_target=13 bank_turn=1
elapsed=74244 actor=flanker event=vertical-step path=8942 target_speed=60 acceleration=0 corridor=0,512,0 wave_mode=Combat bank_target=13 bank_turn=1
elapsed=74247 actor=vanguard event=move path=703A target_speed=12 acceleration=1 corridor=0,0,0 wave_mode=Entry bank_target=0 bank_turn=0
elapsed=74248 actor=vanguard event=vertical-step path=8942 target_speed=12 acceleration=1 corridor=0,0,0 wave_mode=Entry bank_target=0 bank_turn=0
elapsed=74248 actor=high_guard event=move path=70BE target_speed=60 acceleration=0 corridor=36,3459,-123 wave_mode=Combat bank_target=13 bank_turn=1
elapsed=74248 actor=high_guard event=vertical-step path=8942 target_speed=60 acceleration=0 corridor=36,3459,-123 wave_mode=Combat bank_target=13 bank_turn=1
elapsed=74248 actor=flanker event=chase-angle path=886F target_speed=60 acceleration=0 corridor=0,512,0 wave_mode=Combat bank_target=13 bank_turn=1
elapsed=74248 actor=flanker event=move path=70BE target_speed=60 acceleration=0 corridor=0,512,0 wave_mode=Combat bank_target=13 bank_turn=1
elapsed=74249 actor=flanker event=vertical-step path=8942 target_speed=60 acceleration=0 corridor=0,512,0 wave_mode=Combat bank_target=13 bank_turn=1
elapsed=74252 actor=vanguard event=move path=703A target_speed=12 acceleration=1 corridor=0,0,0 wave_mode=Entry bank_target=0 bank_turn=0
elapsed=74252 actor=vanguard event=vertical-step path=8942 target_speed=12 acceleration=1 corridor=0,0,0 wave_mode=Entry bank_target=0 bank_turn=0
elapsed=74252 actor=high_guard event=move path=70BE target_speed=60 acceleration=0 corridor=36,3459,-123 wave_mode=Combat bank_target=13 bank_turn=1
elapsed=74253 actor=high_guard event=vertical-step path=8942 target_speed=60 acceleration=0 corridor=36,3459,-123 wave_mode=Combat bank_target=13 bank_turn=1
elapsed=74253 actor=flanker event=move path=70BE target_speed=60 acceleration=0 corridor=0,512,0 wave_mode=Combat bank_target=13 bank_turn=1
elapsed=74253 actor=flanker event=vertical-step path=8942 target_speed=60 acceleration=0 corridor=0,512,0 wave_mode=Combat bank_target=13 bank_turn=1
elapsed=74257 actor=vanguard event=move path=703A target_speed=12 acceleration=1 corridor=0,0,0 wave_mode=Entry bank_target=0 bank_turn=0
elapsed=74257 actor=vanguard event=vertical-step path=8942 target_speed=12 acceleration=1 corridor=0,0,0 wave_mode=Entry bank_target=0 bank_turn=0
elapsed=74257 actor=high_guard event=move path=70BE target_speed=60 acceleration=0 corridor=36,3459,-123 wave_mode=Combat bank_target=13 bank_turn=1
elapsed=74257 actor=high_guard event=vertical-step path=8942 target_speed=60 acceleration=0 corridor=36,3459,-123 wave_mode=Combat bank_target=13 bank_turn=1
elapsed=74258 actor=flanker event=move path=70BE target_speed=60 acceleration=0 corridor=0,512,0 wave_mode=Combat bank_target=13 bank_turn=1
elapsed=74258 actor=flanker event=vertical-step path=8942 target_speed=60 acceleration=0 corridor=0,512,0 wave_mode=Combat bank_target=13 bank_turn=1
elapsed=74261 actor=vanguard event=move path=703A target_speed=12 acceleration=1 corridor=0,0,0 wave_mode=Entry bank_target=0 bank_turn=0
elapsed=74261 actor=vanguard event=vertical-step path=8942 target_speed=12 acceleration=1 corridor=0,0,0 wave_mode=Entry bank_target=0 bank_turn=0
elapsed=74262 actor=high_guard event=move path=70BE target_speed=60 acceleration=0 corridor=36,3459,-123 wave_mode=Combat bank_target=13 bank_turn=1
elapsed=74262 actor=high_guard event=vertical-step path=8942 target_speed=60 acceleration=0 corridor=36,3459,-123 wave_mode=Combat bank_target=13 bank_turn=1
elapsed=74262 actor=flanker event=move path=70BE target_speed=60 acceleration=0 corridor=0,512,0 wave_mode=Combat bank_target=13 bank_turn=1
elapsed=74262 actor=flanker event=vertical-step path=8942 target_speed=60 acceleration=0 corridor=0,512,0 wave_mode=Combat bank_target=13 bank_turn=1
elapsed=74266 actor=vanguard event=move path=703A target_speed=12 acceleration=1 corridor=0,0,0 wave_mode=Entry bank_target=0 bank_turn=0
elapsed=74266 actor=vanguard event=vertical-step path=8942 target_speed=12 acceleration=1 corridor=0,0,0 wave_mode=Entry bank_target=0 bank_turn=0
elapsed=74266 actor=high_guard event=move path=70BE target_speed=60 acceleration=0 corridor=36,3459,-123 wave_mode=Combat bank_target=13 bank_turn=1
elapsed=74266 actor=high_guard event=vertical-step path=8942 target_speed=60 acceleration=0 corridor=36,3459,-123 wave_mode=Combat bank_target=13 bank_turn=1
elapsed=74267 actor=flanker event=move path=70BE target_speed=60 acceleration=0 corridor=0,512,0 wave_mode=Combat bank_target=13 bank_turn=1
elapsed=74267 actor=flanker event=vertical-step path=8942 target_speed=60 acceleration=0 corridor=0,512,0 wave_mode=Combat bank_target=13 bank_turn=1
elapsed=74270 actor=vanguard event=move path=703A target_speed=12 acceleration=1 corridor=0,0,0 wave_mode=Entry bank_target=0 bank_turn=0
elapsed=74270 actor=vanguard event=vertical-step path=8942 target_speed=12 acceleration=1 corridor=0,0,0 wave_mode=Entry bank_target=0 bank_turn=0
elapsed=74271 actor=high_guard event=move path=70BE target_speed=60 acceleration=0 corridor=36,3459,-123 wave_mode=Combat bank_target=13 bank_turn=1
elapsed=74271 actor=high_guard event=vertical-step path=8942 target_speed=60 acceleration=0 corridor=36,3459,-123 wave_mode=Combat bank_target=13 bank_turn=1
elapsed=74271 actor=flanker event=move path=70BE target_speed=60 acceleration=0 corridor=0,512,0 wave_mode=Combat bank_target=13 bank_turn=1
elapsed=74271 actor=flanker event=vertical-step path=8942 target_speed=60 acceleration=0 corridor=0,512,0 wave_mode=Combat bank_target=13 bank_turn=1
elapsed=74275 actor=vanguard event=move path=703A target_speed=12 acceleration=1 corridor=0,0,0 wave_mode=Entry bank_target=0 bank_turn=0
elapsed=74275 actor=vanguard event=vertical-step path=8942 target_speed=12 acceleration=1 corridor=0,0,0 wave_mode=Entry bank_target=0 bank_turn=0
elapsed=74275 actor=high_guard event=move path=70BE target_speed=60 acceleration=0 corridor=36,3459,-123 wave_mode=Combat bank_target=13 bank_turn=1
elapsed=74275 actor=high_guard event=vertical-step path=8942 target_speed=60 acceleration=0 corridor=36,3459,-123 wave_mode=Combat bank_target=13 bank_turn=1
elapsed=74276 actor=flanker event=move path=70BE target_speed=60 acceleration=0 corridor=0,512,0 wave_mode=Combat bank_target=13 bank_turn=1
elapsed=74276 actor=flanker event=vertical-step path=8942 target_speed=60 acceleration=0 corridor=0,512,0 wave_mode=Combat bank_target=13 bank_turn=1
elapsed=74279 actor=vanguard event=move path=700F target_speed=12 acceleration=1 corridor=0,0,0 wave_mode=Entry bank_target=0 bank_turn=0
elapsed=74279 actor=vanguard event=vertical-step path=8942 target_speed=12 acceleration=0 corridor=0,0,0 wave_mode=Entry bank_target=0 bank_turn=0
elapsed=74280 actor=high_guard event=move path=70BE target_speed=60 acceleration=0 corridor=36,3459,-123 wave_mode=Combat bank_target=13 bank_turn=1
elapsed=74280 actor=high_guard event=vertical-step path=8942 target_speed=60 acceleration=0 corridor=36,3459,-123 wave_mode=Combat bank_target=13 bank_turn=1
elapsed=74280 actor=flanker event=move path=70BE target_speed=60 acceleration=0 corridor=0,512,0 wave_mode=Combat bank_target=13 bank_turn=1
elapsed=74280 actor=flanker event=vertical-step path=8942 target_speed=60 acceleration=0 corridor=0,512,0 wave_mode=Combat bank_target=13 bank_turn=1
elapsed=74284 actor=vanguard event=move path=700F target_speed=12 acceleration=0 corridor=0,0,0 wave_mode=Entry bank_target=0 bank_turn=0
elapsed=74284 actor=vanguard event=vertical-step path=8942 target_speed=12 acceleration=0 corridor=0,0,0 wave_mode=Entry bank_target=0 bank_turn=0
elapsed=74284 actor=high_guard event=move path=70BE target_speed=60 acceleration=0 corridor=36,3459,-123 wave_mode=Combat bank_target=13 bank_turn=1
elapsed=74285 actor=high_guard event=vertical-step path=8942 target_speed=60 acceleration=0 corridor=36,3459,-123 wave_mode=Combat bank_target=13 bank_turn=1
elapsed=74285 actor=flanker event=move path=70BE target_speed=60 acceleration=0 corridor=0,512,0 wave_mode=Combat bank_target=13 bank_turn=1
elapsed=74285 actor=flanker event=vertical-step path=8942 target_speed=60 acceleration=0 corridor=0,512,0 wave_mode=Combat bank_target=13 bank_turn=1
elapsed=74289 actor=vanguard event=move path=700F target_speed=12 acceleration=0 corridor=0,0,0 wave_mode=Entry bank_target=0 bank_turn=0
elapsed=74289 actor=vanguard event=vertical-step path=8942 target_speed=12 acceleration=0 corridor=0,0,0 wave_mode=Entry bank_target=0 bank_turn=0
elapsed=74289 actor=high_guard event=move path=70BE target_speed=60 acceleration=0 corridor=36,3459,-123 wave_mode=Combat bank_target=13 bank_turn=1
elapsed=74289 actor=high_guard event=vertical-step path=8942 target_speed=60 acceleration=0 corridor=36,3459,-123 wave_mode=Combat bank_target=13 bank_turn=1
elapsed=74290 actor=flanker event=move path=70BE target_speed=60 acceleration=0 corridor=0,512,0 wave_mode=Combat bank_target=13 bank_turn=1
elapsed=74290 actor=flanker event=vertical-step path=8942 target_speed=60 acceleration=0 corridor=0,512,0 wave_mode=Combat bank_target=13 bank_turn=1
elapsed=74293 actor=vanguard event=move path=700F target_speed=12 acceleration=0 corridor=0,0,0 wave_mode=Entry bank_target=0 bank_turn=0
elapsed=74293 actor=vanguard event=vertical-step path=8942 target_speed=12 acceleration=0 corridor=0,0,0 wave_mode=Entry bank_target=0 bank_turn=0
elapsed=74294 actor=high_guard event=move path=70BE target_speed=60 acceleration=0 corridor=36,3459,-123 wave_mode=Combat bank_target=13 bank_turn=1
elapsed=74294 actor=high_guard event=vertical-step path=8942 target_speed=60 acceleration=0 corridor=36,3459,-123 wave_mode=Combat bank_target=13 bank_turn=1
elapsed=74294 actor=flanker event=move path=70BE target_speed=60 acceleration=0 corridor=0,512,0 wave_mode=Combat bank_target=13 bank_turn=1
elapsed=74294 actor=flanker event=vertical-step path=8942 target_speed=60 acceleration=0 corridor=0,512,0 wave_mode=Combat bank_target=13 bank_turn=1
elapsed=74298 actor=vanguard event=move path=700F target_speed=12 acceleration=0 corridor=0,0,0 wave_mode=Entry bank_target=0 bank_turn=0
elapsed=74298 actor=vanguard event=vertical-step path=8942 target_speed=12 acceleration=0 corridor=0,0,0 wave_mode=Entry bank_target=0 bank_turn=0
elapsed=74298 actor=high_guard event=move path=70BE target_speed=60 acceleration=0 corridor=36,3459,-123 wave_mode=Combat bank_target=13 bank_turn=1
elapsed=74299 actor=high_guard event=vertical-step path=8942 target_speed=60 acceleration=0 corridor=36,3459,-123 wave_mode=Combat bank_target=13 bank_turn=1
elapsed=74299 actor=flanker event=move path=70BE target_speed=60 acceleration=0 corridor=0,512,0 wave_mode=Combat bank_target=13 bank_turn=1
elapsed=74299 actor=flanker event=vertical-step path=8942 target_speed=60 acceleration=0 corridor=0,512,0 wave_mode=Combat bank_target=13 bank_turn=1
elapsed=74302 actor=vanguard event=move path=700F target_speed=12 acceleration=0 corridor=0,0,0 wave_mode=Entry bank_target=0 bank_turn=0
elapsed=74303 actor=vanguard event=vertical-step path=8942 target_speed=12 acceleration=0 corridor=0,0,0 wave_mode=Entry bank_target=0 bank_turn=0
elapsed=74303 actor=high_guard event=move path=70BE target_speed=60 acceleration=0 corridor=36,3459,-123 wave_mode=Combat bank_target=13 bank_turn=1
elapsed=74303 actor=high_guard event=vertical-step path=8942 target_speed=60 acceleration=0 corridor=36,3459,-123 wave_mode=Combat bank_target=13 bank_turn=1
elapsed=74303 actor=flanker event=move path=70BE target_speed=60 acceleration=0 corridor=0,512,0 wave_mode=Combat bank_target=13 bank_turn=1
elapsed=74304 actor=flanker event=vertical-step path=8942 target_speed=60 acceleration=0 corridor=0,512,0 wave_mode=Combat bank_target=13 bank_turn=1
elapsed=74307 actor=vanguard event=move path=700F target_speed=12 acceleration=0 corridor=0,0,0 wave_mode=Entry bank_target=0 bank_turn=0
elapsed=74307 actor=vanguard event=vertical-step path=8942 target_speed=12 acceleration=0 corridor=0,0,0 wave_mode=Entry bank_target=0 bank_turn=0
elapsed=74307 actor=high_guard event=move path=70BE target_speed=60 acceleration=0 corridor=36,3459,-123 wave_mode=Combat bank_target=13 bank_turn=1
elapsed=74307 actor=high_guard event=vertical-step path=8942 target_speed=60 acceleration=0 corridor=36,3459,-123 wave_mode=Combat bank_target=13 bank_turn=1
elapsed=74308 actor=flanker event=move path=70BE target_speed=60 acceleration=0 corridor=0,512,0 wave_mode=Combat bank_target=13 bank_turn=1
elapsed=74308 actor=flanker event=vertical-step path=8942 target_speed=60 acceleration=0 corridor=0,512,0 wave_mode=Combat bank_target=13 bank_turn=1
elapsed=74312 actor=vanguard event=move path=700F target_speed=12 acceleration=0 corridor=0,0,0 wave_mode=Entry bank_target=0 bank_turn=0
elapsed=74312 actor=vanguard event=vertical-step path=8942 target_speed=12 acceleration=0 corridor=0,0,0 wave_mode=Entry bank_target=0 bank_turn=0
elapsed=74312 actor=high_guard event=move path=70BE target_speed=60 acceleration=0 corridor=36,3459,-123 wave_mode=Combat bank_target=13 bank_turn=1
elapsed=74312 actor=high_guard event=vertical-step path=8942 target_speed=60 acceleration=0 corridor=36,3459,-123 wave_mode=Combat bank_target=13 bank_turn=1
elapsed=74312 actor=flanker event=move path=70BE target_speed=60 acceleration=0 corridor=0,512,0 wave_mode=Combat bank_target=13 bank_turn=1
elapsed=74313 actor=flanker event=vertical-step path=8942 target_speed=60 acceleration=0 corridor=0,512,0 wave_mode=Combat bank_target=13 bank_turn=1
elapsed=74316 actor=vanguard event=move path=700F target_speed=12 acceleration=0 corridor=0,0,0 wave_mode=Entry bank_target=0 bank_turn=0
elapsed=74316 actor=vanguard event=vertical-step path=8942 target_speed=12 acceleration=0 corridor=0,0,0 wave_mode=Entry bank_target=0 bank_turn=0
elapsed=74317 actor=high_guard event=move path=70BE target_speed=60 acceleration=0 corridor=36,3459,-123 wave_mode=Combat bank_target=13 bank_turn=1
elapsed=74317 actor=high_guard event=vertical-step path=8942 target_speed=60 acceleration=0 corridor=36,3459,-123 wave_mode=Combat bank_target=13 bank_turn=1
elapsed=74317 actor=flanker event=move path=70BE target_speed=60 acceleration=0 corridor=0,512,0 wave_mode=Combat bank_target=13 bank_turn=1
elapsed=74317 actor=flanker event=vertical-step path=8942 target_speed=60 acceleration=0 corridor=0,512,0 wave_mode=Combat bank_target=13 bank_turn=1
elapsed=74321 actor=vanguard event=move path=700F target_speed=12 acceleration=0 corridor=0,0,0 wave_mode=Entry bank_target=0 bank_turn=0
elapsed=74321 actor=vanguard event=vertical-step path=8942 target_speed=12 acceleration=0 corridor=0,0,0 wave_mode=Entry bank_target=0 bank_turn=0
elapsed=74321 actor=high_guard event=move path=70BE target_speed=60 acceleration=0 corridor=36,3459,-123 wave_mode=Combat bank_target=13 bank_turn=1
elapsed=74321 actor=high_guard event=vertical-step path=8942 target_speed=60 acceleration=0 corridor=36,3459,-123 wave_mode=Combat bank_target=13 bank_turn=1
elapsed=74322 actor=flanker event=move path=70BE target_speed=60 acceleration=0 corridor=0,512,0 wave_mode=Combat bank_target=13 bank_turn=1
elapsed=74322 actor=flanker event=vertical-step path=8942 target_speed=60 acceleration=0 corridor=0,512,0 wave_mode=Combat bank_target=13 bank_turn=1
elapsed=74325 actor=vanguard event=move path=700F target_speed=12 acceleration=0 corridor=0,0,0 wave_mode=Entry bank_target=0 bank_turn=0
elapsed=74326 actor=vanguard event=vertical-step path=8942 target_speed=12 acceleration=0 corridor=0,0,0 wave_mode=Entry bank_target=0 bank_turn=0
elapsed=74326 actor=high_guard event=move path=70BE target_speed=60 acceleration=0 corridor=36,3459,-123 wave_mode=Combat bank_target=13 bank_turn=1
elapsed=74326 actor=high_guard event=vertical-step path=8942 target_speed=60 acceleration=0 corridor=36,3459,-123 wave_mode=Combat bank_target=13 bank_turn=1
elapsed=74326 actor=flanker event=move path=70BE target_speed=60 acceleration=0 corridor=0,512,0 wave_mode=Combat bank_target=13 bank_turn=1
elapsed=74327 actor=flanker event=vertical-step path=8942 target_speed=60 acceleration=0 corridor=0,512,0 wave_mode=Combat bank_target=13 bank_turn=1
elapsed=74330 actor=vanguard event=move path=700F target_speed=12 acceleration=0 corridor=0,0,0 wave_mode=Entry bank_target=0 bank_turn=0
elapsed=74330 actor=vanguard event=vertical-step path=8942 target_speed=12 acceleration=0 corridor=0,0,0 wave_mode=Entry bank_target=0 bank_turn=0
elapsed=74331 actor=high_guard event=move path=70BE target_speed=60 acceleration=0 corridor=36,3459,-123 wave_mode=Combat bank_target=13 bank_turn=1
elapsed=74331 actor=high_guard event=vertical-step path=8942 target_speed=60 acceleration=0 corridor=36,3459,-123 wave_mode=Combat bank_target=13 bank_turn=1
elapsed=74331 actor=flanker event=move path=70BE target_speed=60 acceleration=0 corridor=0,512,0 wave_mode=Combat bank_target=13 bank_turn=1
elapsed=74331 actor=flanker event=vertical-step path=8942 target_speed=60 acceleration=0 corridor=0,512,0 wave_mode=Combat bank_target=13 bank_turn=1
elapsed=74335 actor=vanguard event=move path=700F target_speed=12 acceleration=0 corridor=0,0,0 wave_mode=Entry bank_target=0 bank_turn=0
elapsed=74335 actor=vanguard event=vertical-step path=8942 target_speed=12 acceleration=0 corridor=0,0,0 wave_mode=Entry bank_target=0 bank_turn=0
elapsed=74335 actor=high_guard event=move path=70BE target_speed=60 acceleration=0 corridor=36,3459,-123 wave_mode=Combat bank_target=13 bank_turn=1
elapsed=74335 actor=high_guard event=vertical-step path=8942 target_speed=60 acceleration=0 corridor=36,3459,-123 wave_mode=Combat bank_target=13 bank_turn=1
elapsed=74336 actor=flanker event=move path=70BE target_speed=60 acceleration=0 corridor=0,512,0 wave_mode=Combat bank_target=13 bank_turn=1
elapsed=74336 actor=flanker event=vertical-step path=8942 target_speed=60 acceleration=0 corridor=0,512,0 wave_mode=Combat bank_target=13 bank_turn=1
elapsed=74339 actor=vanguard event=move path=700F target_speed=12 acceleration=0 corridor=0,0,0 wave_mode=Entry bank_target=0 bank_turn=0
elapsed=74339 actor=vanguard event=vertical-step path=8942 target_speed=12 acceleration=0 corridor=0,0,0 wave_mode=Entry bank_target=0 bank_turn=0
elapsed=74340 actor=high_guard event=move path=70BE target_speed=60 acceleration=0 corridor=36,3459,-123 wave_mode=Combat bank_target=13 bank_turn=1
elapsed=74340 actor=high_guard event=vertical-step path=8942 target_speed=60 acceleration=0 corridor=36,3459,-123 wave_mode=Combat bank_target=13 bank_turn=1
elapsed=74340 actor=flanker event=move path=70BE target_speed=60 acceleration=0 corridor=0,512,0 wave_mode=Combat bank_target=13 bank_turn=1
elapsed=74340 actor=flanker event=vertical-step path=8942 target_speed=60 acceleration=0 corridor=0,512,0 wave_mode=Combat bank_target=13 bank_turn=1
elapsed=74344 actor=vanguard event=move path=700F target_speed=12 acceleration=0 corridor=0,0,0 wave_mode=Entry bank_target=0 bank_turn=0
elapsed=74344 actor=vanguard event=vertical-step path=8942 target_speed=12 acceleration=0 corridor=0,0,0 wave_mode=Entry bank_target=0 bank_turn=0
elapsed=74344 actor=high_guard event=move path=70BE target_speed=60 acceleration=0 corridor=36,3459,-123 wave_mode=Combat bank_target=13 bank_turn=1
elapsed=74344 actor=high_guard event=vertical-step path=8942 target_speed=60 acceleration=0 corridor=36,3459,-123 wave_mode=Combat bank_target=13 bank_turn=1
elapsed=74345 actor=flanker event=move path=70BE target_speed=60 acceleration=0 corridor=0,512,0 wave_mode=Combat bank_target=13 bank_turn=1
elapsed=74345 actor=flanker event=vertical-step path=8942 target_speed=60 acceleration=0 corridor=0,512,0 wave_mode=Combat bank_target=13 bank_turn=1
elapsed=74348 actor=vanguard event=move path=700F target_speed=12 acceleration=0 corridor=0,0,0 wave_mode=Entry bank_target=0 bank_turn=0
elapsed=74349 actor=vanguard event=vertical-step path=8942 target_speed=12 acceleration=0 corridor=0,0,0 wave_mode=Entry bank_target=0 bank_turn=0
elapsed=74349 actor=high_guard event=move path=70BE target_speed=60 acceleration=0 corridor=36,3459,-123 wave_mode=Combat bank_target=13 bank_turn=1
elapsed=74349 actor=high_guard event=vertical-step path=8942 target_speed=60 acceleration=0 corridor=36,3459,-123 wave_mode=Combat bank_target=13 bank_turn=1
elapsed=74349 actor=flanker event=move path=70BE target_speed=60 acceleration=0 corridor=0,512,0 wave_mode=Combat bank_target=13 bank_turn=1
elapsed=74350 actor=flanker event=vertical-step path=8942 target_speed=60 acceleration=0 corridor=0,512,0 wave_mode=Combat bank_target=13 bank_turn=1
elapsed=74353 actor=vanguard event=move path=700F target_speed=12 acceleration=0 corridor=0,0,0 wave_mode=Entry bank_target=0 bank_turn=0
elapsed=74353 actor=vanguard event=vertical-step path=8942 target_speed=12 acceleration=0 corridor=0,0,0 wave_mode=Entry bank_target=0 bank_turn=0
elapsed=74354 actor=high_guard event=move path=70BE target_speed=60 acceleration=0 corridor=36,3459,-123 wave_mode=Combat bank_target=13 bank_turn=1
elapsed=74354 actor=high_guard event=vertical-step path=8942 target_speed=60 acceleration=0 corridor=36,3459,-123 wave_mode=Combat bank_target=13 bank_turn=1
elapsed=74354 actor=flanker event=move path=70BE target_speed=60 acceleration=0 corridor=0,512,0 wave_mode=Combat bank_target=13 bank_turn=1
elapsed=74354 actor=flanker event=vertical-step path=8942 target_speed=60 acceleration=0 corridor=0,512,0 wave_mode=Combat bank_target=13 bank_turn=1
elapsed=74358 actor=vanguard event=move path=700F target_speed=12 acceleration=0 corridor=0,0,0 wave_mode=Entry bank_target=0 bank_turn=0
elapsed=74358 actor=vanguard event=vertical-step path=8942 target_speed=12 acceleration=0 corridor=0,0,0 wave_mode=Entry bank_target=0 bank_turn=0
elapsed=74358 actor=high_guard event=move path=70BE target_speed=60 acceleration=0 corridor=36,3459,-123 wave_mode=Combat bank_target=13 bank_turn=1
elapsed=74358 actor=high_guard event=vertical-step path=8942 target_speed=60 acceleration=0 corridor=36,3459,-123 wave_mode=Combat bank_target=13 bank_turn=1
elapsed=74359 actor=flanker event=move path=70BE target_speed=60 acceleration=0 corridor=0,512,0 wave_mode=Combat bank_target=13 bank_turn=1
elapsed=74359 actor=flanker event=vertical-step path=8942 target_speed=60 acceleration=0 corridor=0,512,0 wave_mode=Combat bank_target=13 bank_turn=1
elapsed=74362 actor=vanguard event=move path=700F target_speed=12 acceleration=0 corridor=0,0,0 wave_mode=Entry bank_target=0 bank_turn=0
elapsed=74362 actor=vanguard event=vertical-step path=8942 target_speed=12 acceleration=0 corridor=0,0,0 wave_mode=Entry bank_target=0 bank_turn=0
elapsed=74363 actor=high_guard event=move path=70BE target_speed=60 acceleration=0 corridor=36,3459,-123 wave_mode=Combat bank_target=13 bank_turn=1
elapsed=74363 actor=high_guard event=vertical-step path=8942 target_speed=60 acceleration=0 corridor=36,3459,-123 wave_mode=Combat bank_target=13 bank_turn=1
elapsed=74363 actor=flanker event=move path=70BE target_speed=60 acceleration=0 corridor=0,512,0 wave_mode=Combat bank_target=13 bank_turn=1
elapsed=74363 actor=flanker event=vertical-step path=8942 target_speed=60 acceleration=0 corridor=0,512,0 wave_mode=Combat bank_target=13 bank_turn=1
elapsed=74367 actor=vanguard event=move path=700F target_speed=12 acceleration=0 corridor=0,0,0 wave_mode=Entry bank_target=0 bank_turn=0
elapsed=74367 actor=vanguard event=vertical-step path=8942 target_speed=12 acceleration=0 corridor=0,0,0 wave_mode=Entry bank_target=0 bank_turn=0
elapsed=74367 actor=high_guard event=move path=70BE target_speed=60 acceleration=0 corridor=36,3459,-123 wave_mode=Combat bank_target=13 bank_turn=1
elapsed=74368 actor=high_guard event=vertical-step path=8942 target_speed=60 acceleration=0 corridor=36,3459,-123 wave_mode=Combat bank_target=13 bank_turn=1
elapsed=74368 actor=flanker event=move path=70BE target_speed=60 acceleration=0 corridor=0,512,0 wave_mode=Combat bank_target=13 bank_turn=1
elapsed=74368 actor=flanker event=vertical-step path=8942 target_speed=60 acceleration=0 corridor=0,512,0 wave_mode=Combat bank_target=13 bank_turn=1
elapsed=74371 actor=vanguard event=move path=700F target_speed=12 acceleration=0 corridor=0,0,0 wave_mode=Entry bank_target=0 bank_turn=0
elapsed=74372 actor=vanguard event=vertical-step path=8942 target_speed=12 acceleration=0 corridor=0,0,0 wave_mode=Entry bank_target=0 bank_turn=0
elapsed=74372 actor=high_guard event=move path=70BE target_speed=60 acceleration=0 corridor=36,3459,-123 wave_mode=Combat bank_target=13 bank_turn=1
elapsed=74372 actor=high_guard event=vertical-step path=8942 target_speed=60 acceleration=0 corridor=36,3459,-123 wave_mode=Combat bank_target=13 bank_turn=1
elapsed=74372 actor=flanker event=move path=70BE target_speed=60 acceleration=0 corridor=0,512,0 wave_mode=Combat bank_target=13 bank_turn=1
elapsed=74373 actor=flanker event=vertical-step path=8942 target_speed=60 acceleration=0 corridor=0,512,0 wave_mode=Combat bank_target=13 bank_turn=1
elapsed=74376 actor=vanguard event=move path=700F target_speed=12 acceleration=0 corridor=0,0,0 wave_mode=Entry bank_target=0 bank_turn=0
elapsed=74376 actor=vanguard event=vertical-step path=8942 target_speed=12 acceleration=0 corridor=0,0,0 wave_mode=Entry bank_target=0 bank_turn=0
elapsed=74377 actor=high_guard event=move path=70BE target_speed=60 acceleration=0 corridor=36,3459,-123 wave_mode=Combat bank_target=13 bank_turn=1
elapsed=74377 actor=high_guard event=vertical-step path=8942 target_speed=60 acceleration=0 corridor=36,3459,-123 wave_mode=Combat bank_target=13 bank_turn=1
elapsed=74377 actor=flanker event=move path=70BE target_speed=60 acceleration=0 corridor=0,512,0 wave_mode=Combat bank_target=13 bank_turn=1
elapsed=74377 actor=flanker event=vertical-step path=8942 target_speed=60 acceleration=0 corridor=0,512,0 wave_mode=Combat bank_target=13 bank_turn=1
elapsed=74381 actor=vanguard event=move path=700F target_speed=12 acceleration=0 corridor=0,0,0 wave_mode=Entry bank_target=0 bank_turn=0
elapsed=74381 actor=vanguard event=vertical-step path=8942 target_speed=12 acceleration=0 corridor=0,0,0 wave_mode=Entry bank_target=0 bank_turn=0
elapsed=74381 actor=high_guard event=move path=70BE target_speed=60 acceleration=0 corridor=36,3459,-123 wave_mode=Combat bank_target=13 bank_turn=1
elapsed=74381 actor=high_guard event=vertical-step path=8942 target_speed=60 acceleration=0 corridor=36,3459,-123 wave_mode=Combat bank_target=13 bank_turn=1
elapsed=74382 actor=flanker event=move path=70BE target_speed=60 acceleration=0 corridor=0,512,0 wave_mode=Combat bank_target=13 bank_turn=1
elapsed=74382 actor=flanker event=vertical-step path=8942 target_speed=60 acceleration=0 corridor=0,512,0 wave_mode=Combat bank_target=13 bank_turn=1
elapsed=74385 actor=vanguard event=move path=700F target_speed=12 acceleration=0 corridor=0,0,0 wave_mode=Entry bank_target=0 bank_turn=0
elapsed=74385 actor=vanguard event=vertical-step path=8942 target_speed=12 acceleration=0 corridor=0,0,0 wave_mode=Entry bank_target=0 bank_turn=0
elapsed=74386 actor=high_guard event=move path=70BE target_speed=60 acceleration=0 corridor=36,3459,-123 wave_mode=Combat bank_target=13 bank_turn=1
elapsed=74386 actor=high_guard event=vertical-step path=8942 target_speed=60 acceleration=0 corridor=36,3459,-123 wave_mode=Combat bank_target=13 bank_turn=1
elapsed=74386 actor=flanker event=move path=70BE target_speed=60 acceleration=0 corridor=0,512,0 wave_mode=Combat bank_target=13 bank_turn=1
elapsed=74386 actor=flanker event=vertical-step path=8942 target_speed=60 acceleration=0 corridor=0,512,0 wave_mode=Combat bank_target=13 bank_turn=1
elapsed=74390 actor=vanguard event=move path=700F target_speed=12 acceleration=0 corridor=0,0,0 wave_mode=Entry bank_target=0 bank_turn=0
elapsed=74390 actor=vanguard event=vertical-step path=8942 target_speed=12 acceleration=0 corridor=0,0,0 wave_mode=Entry bank_target=0 bank_turn=0
elapsed=74390 actor=high_guard event=move path=70BE target_speed=60 acceleration=0 corridor=36,3459,-123 wave_mode=Combat bank_target=13 bank_turn=1
elapsed=74391 actor=high_guard event=vertical-step path=8942 target_speed=60 acceleration=0 corridor=36,3459,-123 wave_mode=Combat bank_target=13 bank_turn=1
elapsed=74391 actor=flanker event=move path=70BE target_speed=60 acceleration=0 corridor=0,512,0 wave_mode=Combat bank_target=13 bank_turn=1
elapsed=74391 actor=flanker event=vertical-step path=8942 target_speed=60 acceleration=0 corridor=0,512,0 wave_mode=Combat bank_target=13 bank_turn=1
elapsed=74395 actor=vanguard event=move path=700F target_speed=12 acceleration=0 corridor=0,0,0 wave_mode=Entry bank_target=0 bank_turn=0
elapsed=74395 actor=vanguard event=vertical-step path=8942 target_speed=12 acceleration=0 corridor=0,0,0 wave_mode=Entry bank_target=0 bank_turn=0
elapsed=74395 actor=high_guard event=move path=70BE target_speed=60 acceleration=0 corridor=36,3459,-123 wave_mode=Combat bank_target=13 bank_turn=1
elapsed=74395 actor=high_guard event=vertical-step path=8942 target_speed=60 acceleration=0 corridor=36,3459,-123 wave_mode=Combat bank_target=13 bank_turn=1
elapsed=74396 actor=flanker event=move path=70BE target_speed=60 acceleration=0 corridor=0,512,0 wave_mode=Combat bank_target=13 bank_turn=1
elapsed=74396 actor=flanker event=vertical-step path=8942 target_speed=60 acceleration=0 corridor=0,512,0 wave_mode=Combat bank_target=13 bank_turn=1
elapsed=74399 actor=vanguard event=move path=700F target_speed=12 acceleration=0 corridor=0,0,0 wave_mode=Entry bank_target=0 bank_turn=0
elapsed=74400 actor=vanguard event=vertical-step path=8942 target_speed=12 acceleration=0 corridor=0,0,0 wave_mode=Entry bank_target=0 bank_turn=0
elapsed=74400 actor=high_guard event=move path=70D3 target_speed=60 acceleration=0 corridor=-105,-1373,-69 wave_mode=Combat bank_target=13 bank_turn=0
elapsed=74400 actor=high_guard event=vertical-step path=8942 target_speed=60 acceleration=0 corridor=-105,-1373,-69 wave_mode=Combat bank_target=13 bank_turn=0
elapsed=74400 actor=flanker event=move path=70BE target_speed=60 acceleration=0 corridor=18,416,-35 wave_mode=Combat bank_target=13 bank_turn=1
elapsed=74401 actor=flanker event=vertical-step path=8942 target_speed=60 acceleration=0 corridor=18,416,-35 wave_mode=Combat bank_target=13 bank_turn=1
elapsed=74404 actor=vanguard event=move path=700F target_speed=12 acceleration=0 corridor=0,0,0 wave_mode=Entry bank_target=0 bank_turn=0
elapsed=74404 actor=vanguard event=vertical-step path=8942 target_speed=12 acceleration=0 corridor=0,0,0 wave_mode=Entry bank_target=0 bank_turn=0
elapsed=74405 actor=high_guard event=move path=70D3 target_speed=60 acceleration=0 corridor=-105,-1373,-69 wave_mode=Combat bank_target=13 bank_turn=0
elapsed=74405 actor=high_guard event=vertical-step path=8942 target_speed=60 acceleration=0 corridor=-105,-1373,-69 wave_mode=Combat bank_target=13 bank_turn=0
elapsed=74405 actor=flanker event=move path=70BE target_speed=60 acceleration=0 corridor=18,416,-35 wave_mode=Combat bank_target=13 bank_turn=1
elapsed=74405 actor=flanker event=vertical-step path=8942 target_speed=60 acceleration=0 corridor=18,416,-35 wave_mode=Combat bank_target=13 bank_turn=1
elapsed=74409 actor=vanguard event=move path=700F target_speed=12 acceleration=0 corridor=0,0,0 wave_mode=Entry bank_target=0 bank_turn=0
elapsed=74409 actor=vanguard event=vertical-step path=8942 target_speed=12 acceleration=0 corridor=0,0,0 wave_mode=Entry bank_target=0 bank_turn=0
elapsed=74409 actor=high_guard event=move path=70D3 target_speed=60 acceleration=0 corridor=-105,-1373,-69 wave_mode=Combat bank_target=13 bank_turn=0
elapsed=74410 actor=high_guard event=vertical-step path=8942 target_speed=60 acceleration=0 corridor=-105,-1373,-69 wave_mode=Combat bank_target=13 bank_turn=0
elapsed=74410 actor=flanker event=move path=70BE target_speed=60 acceleration=0 corridor=18,416,-35 wave_mode=Combat bank_target=13 bank_turn=1
elapsed=74410 actor=flanker event=vertical-step path=8942 target_speed=60 acceleration=0 corridor=18,416,-35 wave_mode=Combat bank_target=13 bank_turn=1
elapsed=74414 actor=vanguard event=move path=700F target_speed=12 acceleration=0 corridor=0,0,0 wave_mode=Entry bank_target=0 bank_turn=0
elapsed=74414 actor=vanguard event=vertical-step path=8942 target_speed=12 acceleration=0 corridor=0,0,0 wave_mode=Entry bank_target=0 bank_turn=0
elapsed=74414 actor=high_guard event=move path=70D3 target_speed=60 acceleration=0 corridor=-105,-1373,-69 wave_mode=Combat bank_target=13 bank_turn=0
elapsed=74414 actor=high_guard event=vertical-step path=8942 target_speed=60 acceleration=0 corridor=-105,-1373,-69 wave_mode=Combat bank_target=13 bank_turn=0
elapsed=74414 actor=flanker event=move path=70BE target_speed=60 acceleration=0 corridor=18,416,-35 wave_mode=Combat bank_target=13 bank_turn=1
elapsed=74415 actor=flanker event=vertical-step path=8942 target_speed=60 acceleration=0 corridor=18,416,-35 wave_mode=Combat bank_target=13 bank_turn=1
elapsed=74418 actor=vanguard event=move path=700F target_speed=12 acceleration=0 corridor=0,0,0 wave_mode=Entry bank_target=0 bank_turn=0
elapsed=74418 actor=vanguard event=vertical-step path=8942 target_speed=12 acceleration=0 corridor=0,0,0 wave_mode=Entry bank_target=0 bank_turn=0
elapsed=74419 actor=high_guard event=move path=70D3 target_speed=60 acceleration=0 corridor=-105,-1373,-69 wave_mode=Combat bank_target=13 bank_turn=0
elapsed=74419 actor=high_guard event=vertical-step path=8942 target_speed=60 acceleration=0 corridor=-105,-1373,-69 wave_mode=Combat bank_target=13 bank_turn=0
elapsed=74419 actor=flanker event=move path=70BE target_speed=60 acceleration=0 corridor=18,416,-35 wave_mode=Combat bank_target=13 bank_turn=1
elapsed=74419 actor=flanker event=vertical-step path=8942 target_speed=60 acceleration=0 corridor=18,416,-35 wave_mode=Combat bank_target=13 bank_turn=1
elapsed=74423 actor=vanguard event=move path=700F target_speed=12 acceleration=0 corridor=0,0,0 wave_mode=Entry bank_target=0 bank_turn=0
elapsed=74423 actor=vanguard event=vertical-step path=8942 target_speed=12 acceleration=0 corridor=0,0,0 wave_mode=Entry bank_target=0 bank_turn=0
elapsed=74423 actor=high_guard event=move path=70D3 target_speed=60 acceleration=0 corridor=-105,-1373,-69 wave_mode=Combat bank_target=13 bank_turn=0
elapsed=74423 actor=high_guard event=vertical-step path=8942 target_speed=60 acceleration=0 corridor=-105,-1373,-69 wave_mode=Combat bank_target=13 bank_turn=0
elapsed=74424 actor=flanker event=move path=70BE target_speed=60 acceleration=0 corridor=18,416,-35 wave_mode=Combat bank_target=13 bank_turn=1
elapsed=74424 actor=flanker event=vertical-step path=8942 target_speed=60 acceleration=0 corridor=18,416,-35 wave_mode=Combat bank_target=13 bank_turn=1
elapsed=74427 actor=vanguard event=move path=700F target_speed=12 acceleration=0 corridor=0,0,0 wave_mode=Entry bank_target=0 bank_turn=0
elapsed=74428 actor=vanguard event=vertical-step path=8942 target_speed=12 acceleration=0 corridor=0,0,0 wave_mode=Entry bank_target=0 bank_turn=0
elapsed=74428 actor=high_guard event=move path=70D3 target_speed=60 acceleration=0 corridor=-105,-1373,-69 wave_mode=Combat bank_target=13 bank_turn=0
elapsed=74428 actor=high_guard event=vertical-step path=8942 target_speed=60 acceleration=0 corridor=-105,-1373,-69 wave_mode=Combat bank_target=13 bank_turn=0
elapsed=74428 actor=flanker event=move path=70BE target_speed=60 acceleration=0 corridor=18,416,-35 wave_mode=Combat bank_target=13 bank_turn=1
elapsed=74429 actor=flanker event=vertical-step path=8942 target_speed=60 acceleration=0 corridor=18,416,-35 wave_mode=Combat bank_target=13 bank_turn=1
elapsed=74432 actor=vanguard event=move path=700F target_speed=12 acceleration=0 corridor=0,0,0 wave_mode=Entry bank_target=0 bank_turn=0
elapsed=74432 actor=vanguard event=vertical-step path=8942 target_speed=12 acceleration=0 corridor=0,0,0 wave_mode=Entry bank_target=0 bank_turn=0
elapsed=74433 actor=high_guard event=move path=70D3 target_speed=60 acceleration=0 corridor=-105,-1373,-69 wave_mode=Combat bank_target=13 bank_turn=0
elapsed=74433 actor=high_guard event=vertical-step path=8942 target_speed=60 acceleration=0 corridor=-105,-1373,-69 wave_mode=Combat bank_target=13 bank_turn=0
elapsed=74433 actor=flanker event=move path=70BE target_speed=60 acceleration=0 corridor=18,416,-35 wave_mode=Combat bank_target=13 bank_turn=1
elapsed=74434 actor=flanker event=vertical-step path=8942 target_speed=60 acceleration=0 corridor=18,416,-35 wave_mode=Combat bank_target=13 bank_turn=1
elapsed=74437 actor=vanguard event=move path=700F target_speed=12 acceleration=0 corridor=0,0,0 wave_mode=Entry bank_target=0 bank_turn=0
elapsed=74438 actor=vanguard event=vertical-step path=8942 target_speed=12 acceleration=0 corridor=0,0,0 wave_mode=Entry bank_target=0 bank_turn=0
elapsed=74438 actor=high_guard event=move path=70D3 target_speed=60 acceleration=0 corridor=-105,-1373,-69 wave_mode=Combat bank_target=13 bank_turn=0
elapsed=74438 actor=high_guard event=vertical-step path=8942 target_speed=60 acceleration=0 corridor=-105,-1373,-69 wave_mode=Combat bank_target=13 bank_turn=0
elapsed=74438 actor=flanker event=move path=70BE target_speed=60 acceleration=0 corridor=18,416,-35 wave_mode=Combat bank_target=13 bank_turn=1
elapsed=74439 actor=flanker event=vertical-step path=8942 target_speed=60 acceleration=0 corridor=18,416,-35 wave_mode=Combat bank_target=13 bank_turn=1
elapsed=74442 actor=vanguard event=move path=700F target_speed=12 acceleration=0 corridor=0,0,0 wave_mode=Entry bank_target=0 bank_turn=0
elapsed=74442 actor=vanguard event=vertical-step path=8942 target_speed=12 acceleration=0 corridor=0,0,0 wave_mode=Entry bank_target=0 bank_turn=0
elapsed=74443 actor=high_guard event=move path=70D3 target_speed=60 acceleration=0 corridor=-105,-1373,-69 wave_mode=Combat bank_target=13 bank_turn=0
elapsed=74443 actor=high_guard event=vertical-step path=8942 target_speed=60 acceleration=0 corridor=-105,-1373,-69 wave_mode=Combat bank_target=13 bank_turn=0
elapsed=74443 actor=flanker event=move path=70BE target_speed=60 acceleration=0 corridor=18,416,-35 wave_mode=Combat bank_target=13 bank_turn=1
elapsed=74443 actor=flanker event=vertical-step path=8942 target_speed=60 acceleration=0 corridor=18,416,-35 wave_mode=Combat bank_target=13 bank_turn=1
elapsed=74447 actor=vanguard event=move path=700F target_speed=12 acceleration=0 corridor=0,0,0 wave_mode=Entry bank_target=0 bank_turn=0
elapsed=74447 actor=vanguard event=vertical-step path=8942 target_speed=12 acceleration=0 corridor=0,0,0 wave_mode=Entry bank_target=0 bank_turn=0
elapsed=74447 actor=high_guard event=move path=70D3 target_speed=60 acceleration=0 corridor=-105,-1373,-69 wave_mode=Combat bank_target=13 bank_turn=0
elapsed=74447 actor=high_guard event=vertical-step path=8942 target_speed=60 acceleration=0 corridor=-105,-1373,-69 wave_mode=Combat bank_target=13 bank_turn=0
elapsed=74448 actor=flanker event=move path=70BE target_speed=60 acceleration=0 corridor=18,416,-35 wave_mode=Combat bank_target=13 bank_turn=1
elapsed=74448 actor=flanker event=vertical-step path=8942 target_speed=60 acceleration=0 corridor=18,416,-35 wave_mode=Combat bank_target=13 bank_turn=1
elapsed=74451 actor=vanguard event=move path=700F target_speed=12 acceleration=0 corridor=0,0,0 wave_mode=Entry bank_target=0 bank_turn=0
elapsed=74451 actor=vanguard event=vertical-step path=8942 target_speed=12 acceleration=0 corridor=0,0,0 wave_mode=Entry bank_target=0 bank_turn=0
elapsed=74452 actor=high_guard event=move path=70D3 target_speed=60 acceleration=0 corridor=-105,-1373,-69 wave_mode=Combat bank_target=13 bank_turn=0
elapsed=74452 actor=high_guard event=vertical-step path=8942 target_speed=60 acceleration=0 corridor=-105,-1373,-69 wave_mode=Combat bank_target=13 bank_turn=0
elapsed=74452 actor=flanker event=move path=70BE target_speed=60 acceleration=0 corridor=18,416,-35 wave_mode=Combat bank_target=13 bank_turn=1
elapsed=74452 actor=flanker event=vertical-step path=8942 target_speed=60 acceleration=0 corridor=18,416,-35 wave_mode=Combat bank_target=13 bank_turn=1
elapsed=74456 actor=vanguard event=move path=700F target_speed=12 acceleration=0 corridor=0,0,0 wave_mode=Entry bank_target=0 bank_turn=0
elapsed=74456 actor=vanguard event=vertical-step path=8942 target_speed=12 acceleration=0 corridor=0,0,0 wave_mode=Entry bank_target=0 bank_turn=0
elapsed=74456 actor=high_guard event=move path=70D3 target_speed=60 acceleration=0 corridor=-105,-1373,-69 wave_mode=Combat bank_target=13 bank_turn=0
elapsed=74456 actor=high_guard event=vertical-step path=8942 target_speed=60 acceleration=0 corridor=-105,-1373,-69 wave_mode=Combat bank_target=13 bank_turn=0
elapsed=74457 actor=flanker event=move path=70D3 target_speed=60 acceleration=0 corridor=18,416,-35 wave_mode=Combat bank_target=13 bank_turn=0
elapsed=74457 actor=flanker event=vertical-step path=8942 target_speed=60 acceleration=0 corridor=18,416,-35 wave_mode=Combat bank_target=13 bank_turn=0
elapsed=74460 actor=vanguard event=move path=700F target_speed=12 acceleration=0 corridor=0,0,0 wave_mode=Entry bank_target=0 bank_turn=0
elapsed=74461 actor=vanguard event=vertical-step path=8942 target_speed=12 acceleration=0 corridor=0,0,0 wave_mode=Entry bank_target=0 bank_turn=0
elapsed=74461 actor=high_guard event=move path=70D3 target_speed=60 acceleration=0 corridor=-105,-1373,-69 wave_mode=Combat bank_target=13 bank_turn=0
elapsed=74461 actor=high_guard event=vertical-step path=8942 target_speed=60 acceleration=0 corridor=-105,-1373,-69 wave_mode=Combat bank_target=13 bank_turn=0
elapsed=74461 actor=flanker event=move path=70D3 target_speed=60 acceleration=0 corridor=18,416,-35 wave_mode=Combat bank_target=13 bank_turn=0
elapsed=74461 actor=flanker event=vertical-step path=8942 target_speed=60 acceleration=0 corridor=18,416,-35 wave_mode=Combat bank_target=13 bank_turn=0
elapsed=74465 actor=vanguard event=move path=700F target_speed=12 acceleration=0 corridor=0,0,0 wave_mode=Entry bank_target=0 bank_turn=0
elapsed=74465 actor=vanguard event=vertical-step path=8942 target_speed=12 acceleration=0 corridor=0,0,0 wave_mode=Entry bank_target=0 bank_turn=0
elapsed=74465 actor=high_guard event=move path=70D3 target_speed=60 acceleration=0 corridor=-105,-1373,-69 wave_mode=Combat bank_target=13 bank_turn=0
elapsed=74465 actor=high_guard event=vertical-step path=8942 target_speed=60 acceleration=0 corridor=-105,-1373,-69 wave_mode=Combat bank_target=13 bank_turn=0
elapsed=74466 actor=flanker event=move path=70D3 target_speed=60 acceleration=0 corridor=18,416,-35 wave_mode=Combat bank_target=13 bank_turn=0
elapsed=74466 actor=flanker event=vertical-step path=8942 target_speed=60 acceleration=0 corridor=18,416,-35 wave_mode=Combat bank_target=13 bank_turn=0
elapsed=74469 actor=vanguard event=move path=700F target_speed=12 acceleration=0 corridor=0,0,0 wave_mode=Entry bank_target=0 bank_turn=0
elapsed=74469 actor=vanguard event=vertical-step path=8942 target_speed=12 acceleration=0 corridor=0,0,0 wave_mode=Entry bank_target=0 bank_turn=0
elapsed=74470 actor=high_guard event=move path=70D3 target_speed=60 acceleration=0 corridor=-105,-1373,-69 wave_mode=Combat bank_target=13 bank_turn=0
elapsed=74470 actor=high_guard event=vertical-step path=8942 target_speed=60 acceleration=0 corridor=-105,-1373,-69 wave_mode=Combat bank_target=13 bank_turn=0
elapsed=74470 actor=flanker event=move path=70D3 target_speed=60 acceleration=0 corridor=18,416,-35 wave_mode=Combat bank_target=13 bank_turn=0
elapsed=74470 actor=flanker event=vertical-step path=8942 target_speed=60 acceleration=0 corridor=18,416,-35 wave_mode=Combat bank_target=13 bank_turn=0
elapsed=74474 actor=vanguard event=move path=700F target_speed=12 acceleration=0 corridor=0,0,0 wave_mode=Entry bank_target=0 bank_turn=0
elapsed=74474 actor=vanguard event=vertical-step path=8942 target_speed=12 acceleration=0 corridor=0,0,0 wave_mode=Entry bank_target=0 bank_turn=0
elapsed=74474 actor=high_guard event=move path=70D3 target_speed=60 acceleration=0 corridor=-105,-1373,-69 wave_mode=Combat bank_target=13 bank_turn=0
elapsed=74474 actor=high_guard event=vertical-step path=8942 target_speed=60 acceleration=0 corridor=-105,-1373,-69 wave_mode=Combat bank_target=13 bank_turn=0
elapsed=74474 actor=flanker event=move path=70D3 target_speed=60 acceleration=0 corridor=18,416,-35 wave_mode=Combat bank_target=13 bank_turn=0
elapsed=74475 actor=flanker event=vertical-step path=8942 target_speed=60 acceleration=0 corridor=18,416,-35 wave_mode=Combat bank_target=13 bank_turn=0
elapsed=74478 actor=vanguard event=move path=700F target_speed=12 acceleration=0 corridor=0,0,0 wave_mode=Entry bank_target=0 bank_turn=0
elapsed=74478 actor=vanguard event=vertical-step path=8942 target_speed=12 acceleration=0 corridor=0,0,0 wave_mode=Entry bank_target=0 bank_turn=0
elapsed=74478 actor=high_guard event=move path=70D3 target_speed=60 acceleration=0 corridor=-105,-1373,-69 wave_mode=Combat bank_target=13 bank_turn=0
elapsed=74479 actor=high_guard event=vertical-step path=8942 target_speed=60 acceleration=0 corridor=-105,-1373,-69 wave_mode=Combat bank_target=13 bank_turn=0
elapsed=74479 actor=flanker event=move path=70D3 target_speed=60 acceleration=0 corridor=18,416,-35 wave_mode=Combat bank_target=13 bank_turn=0
elapsed=74479 actor=flanker event=vertical-step path=8942 target_speed=60 acceleration=0 corridor=18,416,-35 wave_mode=Combat bank_target=13 bank_turn=0
elapsed=74482 actor=vanguard event=move path=700F target_speed=12 acceleration=0 corridor=0,0,0 wave_mode=Entry bank_target=0 bank_turn=0
elapsed=74482 actor=vanguard event=vertical-step path=8942 target_speed=12 acceleration=0 corridor=0,0,0 wave_mode=Entry bank_target=0 bank_turn=0
elapsed=74483 actor=high_guard event=move path=70D3 target_speed=60 acceleration=0 corridor=-105,-1373,-69 wave_mode=Combat bank_target=13 bank_turn=0
elapsed=74483 actor=high_guard event=vertical-step path=8942 target_speed=60 acceleration=0 corridor=-105,-1373,-69 wave_mode=Combat bank_target=13 bank_turn=0
elapsed=74483 actor=flanker event=move path=70D3 target_speed=60 acceleration=0 corridor=18,416,-35 wave_mode=Combat bank_target=13 bank_turn=0
elapsed=74483 actor=flanker event=vertical-step path=8942 target_speed=60 acceleration=0 corridor=18,416,-35 wave_mode=Combat bank_target=13 bank_turn=0
elapsed=74487 actor=vanguard event=move path=700F target_speed=12 acceleration=0 corridor=0,0,0 wave_mode=Entry bank_target=0 bank_turn=0
elapsed=74487 actor=vanguard event=vertical-step path=8942 target_speed=12 acceleration=0 corridor=0,0,0 wave_mode=Entry bank_target=0 bank_turn=0
elapsed=74487 actor=high_guard event=move path=70D3 target_speed=60 acceleration=0 corridor=-105,-1373,-69 wave_mode=Combat bank_target=13 bank_turn=0
elapsed=74487 actor=high_guard event=vertical-step path=8942 target_speed=60 acceleration=0 corridor=-105,-1373,-69 wave_mode=Combat bank_target=13 bank_turn=0
elapsed=74488 actor=flanker event=move path=70D3 target_speed=60 acceleration=0 corridor=18,416,-35 wave_mode=Combat bank_target=13 bank_turn=0
elapsed=74488 actor=flanker event=vertical-step path=8942 target_speed=60 acceleration=0 corridor=18,416,-35 wave_mode=Combat bank_target=13 bank_turn=0
elapsed=74491 actor=vanguard event=move path=700F target_speed=12 acceleration=0 corridor=0,0,0 wave_mode=Entry bank_target=0 bank_turn=0
elapsed=74491 actor=vanguard event=vertical-step path=8942 target_speed=12 acceleration=0 corridor=0,0,0 wave_mode=Entry bank_target=0 bank_turn=0
elapsed=74491 actor=high_guard event=move path=70D3 target_speed=60 acceleration=0 corridor=-105,-1373,-69 wave_mode=Combat bank_target=13 bank_turn=0
elapsed=74492 actor=high_guard event=vertical-step path=8942 target_speed=60 acceleration=0 corridor=-105,-1373,-69 wave_mode=Combat bank_target=13 bank_turn=0
elapsed=74492 actor=flanker event=move path=70D3 target_speed=60 acceleration=0 corridor=18,416,-35 wave_mode=Combat bank_target=13 bank_turn=0
elapsed=74492 actor=flanker event=vertical-step path=8942 target_speed=60 acceleration=0 corridor=18,416,-35 wave_mode=Combat bank_target=13 bank_turn=0
elapsed=74495 actor=vanguard event=move path=700F target_speed=12 acceleration=0 corridor=0,0,0 wave_mode=Entry bank_target=0 bank_turn=0
elapsed=74496 actor=vanguard event=vertical-step path=8942 target_speed=12 acceleration=0 corridor=0,0,0 wave_mode=Entry bank_target=0 bank_turn=0
elapsed=74496 actor=high_guard event=move path=70D3 target_speed=60 acceleration=0 corridor=-105,-1373,-69 wave_mode=Combat bank_target=13 bank_turn=0
elapsed=74496 actor=high_guard event=vertical-step path=8942 target_speed=60 acceleration=0 corridor=-105,-1373,-69 wave_mode=Combat bank_target=13 bank_turn=0
elapsed=74496 actor=flanker event=move path=70D3 target_speed=60 acceleration=0 corridor=18,416,-35 wave_mode=Combat bank_target=13 bank_turn=0
elapsed=74497 actor=flanker event=vertical-step path=8942 target_speed=60 acceleration=0 corridor=18,416,-35 wave_mode=Combat bank_target=13 bank_turn=0
elapsed=74500 actor=vanguard event=move path=700F target_speed=12 acceleration=0 corridor=0,0,0 wave_mode=Entry bank_target=0 bank_turn=0
elapsed=74500 actor=vanguard event=vertical-step path=8942 target_speed=12 acceleration=0 corridor=0,0,0 wave_mode=Entry bank_target=0 bank_turn=0
elapsed=74500 actor=high_guard event=move path=70D3 target_speed=60 acceleration=0 corridor=-105,-1373,-69 wave_mode=Combat bank_target=13 bank_turn=0
elapsed=74501 actor=high_guard event=vertical-step path=8942 target_speed=60 acceleration=0 corridor=-105,-1373,-69 wave_mode=Combat bank_target=13 bank_turn=0
elapsed=74501 actor=flanker event=move path=70D3 target_speed=60 acceleration=0 corridor=18,416,-35 wave_mode=Combat bank_target=13 bank_turn=0
elapsed=74501 actor=flanker event=vertical-step path=8942 target_speed=60 acceleration=0 corridor=18,416,-35 wave_mode=Combat bank_target=13 bank_turn=0
elapsed=74504 actor=vanguard event=move path=700F target_speed=12 acceleration=0 corridor=0,0,0 wave_mode=Entry bank_target=0 bank_turn=0
elapsed=74505 actor=vanguard event=vertical-step path=8942 target_speed=12 acceleration=0 corridor=0,0,0 wave_mode=Entry bank_target=0 bank_turn=0
elapsed=74505 actor=high_guard event=move path=70D3 target_speed=60 acceleration=0 corridor=-105,-1373,-69 wave_mode=Combat bank_target=13 bank_turn=0
elapsed=74505 actor=high_guard event=vertical-step path=8942 target_speed=60 acceleration=0 corridor=-105,-1373,-69 wave_mode=Combat bank_target=13 bank_turn=0
elapsed=74505 actor=flanker event=move path=70D3 target_speed=60 acceleration=0 corridor=18,416,-35 wave_mode=Combat bank_target=13 bank_turn=0
elapsed=74505 actor=flanker event=vertical-step path=8942 target_speed=60 acceleration=0 corridor=18,416,-35 wave_mode=Combat bank_target=13 bank_turn=0
elapsed=74509 actor=vanguard event=move path=700F target_speed=12 acceleration=0 corridor=0,0,0 wave_mode=Entry bank_target=0 bank_turn=0
elapsed=74509 actor=vanguard event=vertical-step path=8942 target_speed=12 acceleration=0 corridor=0,0,0 wave_mode=Entry bank_target=0 bank_turn=0
elapsed=74509 actor=high_guard event=move path=70D3 target_speed=60 acceleration=0 corridor=-105,-1373,-69 wave_mode=Combat bank_target=13 bank_turn=0
elapsed=74509 actor=high_guard event=vertical-step path=8942 target_speed=60 acceleration=0 corridor=-105,-1373,-69 wave_mode=Combat bank_target=13 bank_turn=0
elapsed=74510 actor=flanker event=move path=70D3 target_speed=60 acceleration=0 corridor=18,416,-35 wave_mode=Combat bank_target=13 bank_turn=0
elapsed=74510 actor=flanker event=vertical-step path=8942 target_speed=60 acceleration=0 corridor=18,416,-35 wave_mode=Combat bank_target=13 bank_turn=0
elapsed=74513 actor=vanguard event=move path=700F target_speed=12 acceleration=0 corridor=0,0,0 wave_mode=Entry bank_target=0 bank_turn=0
elapsed=74513 actor=vanguard event=vertical-step path=8942 target_speed=12 acceleration=0 corridor=0,0,0 wave_mode=Entry bank_target=0 bank_turn=0
elapsed=74514 actor=high_guard event=move path=70D3 target_speed=60 acceleration=0 corridor=-105,-1373,-69 wave_mode=Combat bank_target=13 bank_turn=0
elapsed=74514 actor=high_guard event=vertical-step path=8942 target_speed=60 acceleration=0 corridor=-105,-1373,-69 wave_mode=Combat bank_target=13 bank_turn=0
elapsed=74514 actor=flanker event=move path=70D3 target_speed=60 acceleration=0 corridor=18,416,-35 wave_mode=Combat bank_target=13 bank_turn=0
elapsed=74514 actor=flanker event=vertical-step path=8942 target_speed=60 acceleration=0 corridor=18,416,-35 wave_mode=Combat bank_target=13 bank_turn=0
elapsed=74518 actor=vanguard event=move path=700F target_speed=12 acceleration=0 corridor=0,0,0 wave_mode=Entry bank_target=0 bank_turn=0
elapsed=74518 actor=vanguard event=vertical-step path=8942 target_speed=12 acceleration=0 corridor=0,0,0 wave_mode=Entry bank_target=0 bank_turn=0
elapsed=74518 actor=high_guard event=move path=70D3 target_speed=60 acceleration=0 corridor=-105,-1373,-69 wave_mode=Combat bank_target=13 bank_turn=0
elapsed=74518 actor=high_guard event=vertical-step path=8942 target_speed=60 acceleration=0 corridor=-105,-1373,-69 wave_mode=Combat bank_target=13 bank_turn=0
elapsed=74518 actor=flanker event=move path=70D3 target_speed=60 acceleration=0 corridor=18,416,-35 wave_mode=Combat bank_target=13 bank_turn=0
elapsed=74519 actor=flanker event=vertical-step path=8942 target_speed=60 acceleration=0 corridor=18,416,-35 wave_mode=Combat bank_target=13 bank_turn=0
elapsed=74522 actor=vanguard event=move path=700F target_speed=12 acceleration=0 corridor=0,0,0 wave_mode=Entry bank_target=0 bank_turn=0
elapsed=74522 actor=vanguard event=vertical-step path=8942 target_speed=12 acceleration=0 corridor=0,0,0 wave_mode=Entry bank_target=0 bank_turn=0
elapsed=74522 actor=high_guard event=move path=70D3 target_speed=60 acceleration=0 corridor=-105,-1373,-69 wave_mode=Combat bank_target=13 bank_turn=0
elapsed=74523 actor=high_guard event=vertical-step path=8942 target_speed=60 acceleration=0 corridor=-105,-1373,-69 wave_mode=Combat bank_target=13 bank_turn=0
elapsed=74523 actor=flanker event=move path=70D3 target_speed=60 acceleration=0 corridor=18,416,-35 wave_mode=Combat bank_target=13 bank_turn=0
elapsed=74523 actor=flanker event=vertical-step path=8942 target_speed=60 acceleration=0 corridor=18,416,-35 wave_mode=Combat bank_target=13 bank_turn=0
elapsed=74526 actor=vanguard event=move path=700F target_speed=12 acceleration=0 corridor=0,0,0 wave_mode=Entry bank_target=0 bank_turn=0
elapsed=74527 actor=vanguard event=vertical-step path=8942 target_speed=12 acceleration=0 corridor=0,0,0 wave_mode=Entry bank_target=0 bank_turn=0
elapsed=74527 actor=high_guard event=move path=70D3 target_speed=60 acceleration=0 corridor=-105,-1373,-69 wave_mode=Combat bank_target=13 bank_turn=0
elapsed=74527 actor=high_guard event=vertical-step path=8942 target_speed=60 acceleration=0 corridor=-105,-1373,-69 wave_mode=Combat bank_target=13 bank_turn=0
elapsed=74527 actor=flanker event=move path=70D3 target_speed=60 acceleration=0 corridor=18,416,-35 wave_mode=Combat bank_target=13 bank_turn=0
elapsed=74527 actor=flanker event=vertical-step path=8942 target_speed=60 acceleration=0 corridor=18,416,-35 wave_mode=Combat bank_target=13 bank_turn=0
elapsed=74531 actor=vanguard event=move path=700F target_speed=12 acceleration=0 corridor=0,0,0 wave_mode=Entry bank_target=0 bank_turn=0
elapsed=74531 actor=vanguard event=vertical-step path=8942 target_speed=12 acceleration=0 corridor=0,0,0 wave_mode=Entry bank_target=0 bank_turn=0
elapsed=74531 actor=high_guard event=move path=70D3 target_speed=60 acceleration=0 corridor=-105,-1373,-69 wave_mode=Combat bank_target=13 bank_turn=0
elapsed=74531 actor=high_guard event=vertical-step path=8942 target_speed=60 acceleration=0 corridor=-105,-1373,-69 wave_mode=Combat bank_target=13 bank_turn=0
elapsed=74532 actor=flanker event=move path=70D3 target_speed=60 acceleration=0 corridor=18,416,-35 wave_mode=Combat bank_target=13 bank_turn=0
elapsed=74532 actor=flanker event=vertical-step path=8942 target_speed=60 acceleration=0 corridor=18,416,-35 wave_mode=Combat bank_target=13 bank_turn=0
elapsed=74535 actor=vanguard event=move path=700F target_speed=12 acceleration=0 corridor=0,0,0 wave_mode=Entry bank_target=0 bank_turn=0
elapsed=74535 actor=vanguard event=vertical-step path=8942 target_speed=12 acceleration=0 corridor=0,0,0 wave_mode=Entry bank_target=0 bank_turn=0
elapsed=74536 actor=high_guard event=move path=70D3 target_speed=60 acceleration=0 corridor=-105,-1373,-69 wave_mode=Combat bank_target=13 bank_turn=0
elapsed=74536 actor=high_guard event=vertical-step path=8942 target_speed=60 acceleration=0 corridor=-105,-1373,-69 wave_mode=Combat bank_target=13 bank_turn=0
elapsed=74536 actor=flanker event=move path=70D3 target_speed=60 acceleration=0 corridor=18,416,-35 wave_mode=Combat bank_target=13 bank_turn=0
elapsed=74536 actor=flanker event=vertical-step path=8942 target_speed=60 acceleration=0 corridor=18,416,-35 wave_mode=Combat bank_target=13 bank_turn=0
elapsed=74540 actor=vanguard event=move path=700F target_speed=12 acceleration=0 corridor=0,0,0 wave_mode=Entry bank_target=0 bank_turn=0
elapsed=74540 actor=vanguard event=vertical-step path=8942 target_speed=12 acceleration=0 corridor=0,0,0 wave_mode=Entry bank_target=0 bank_turn=0
elapsed=74540 actor=high_guard event=move path=70D3 target_speed=60 acceleration=0 corridor=-105,-1373,-69 wave_mode=Combat bank_target=13 bank_turn=0
elapsed=74540 actor=high_guard event=vertical-step path=8942 target_speed=60 acceleration=0 corridor=-105,-1373,-69 wave_mode=Combat bank_target=13 bank_turn=0
elapsed=74540 actor=flanker event=move path=70D3 target_speed=60 acceleration=0 corridor=18,416,-35 wave_mode=Combat bank_target=13 bank_turn=0
elapsed=74541 actor=flanker event=vertical-step path=8942 target_speed=60 acceleration=0 corridor=18,416,-35 wave_mode=Combat bank_target=13 bank_turn=0
elapsed=74544 actor=vanguard event=move path=700F target_speed=12 acceleration=0 corridor=0,0,0 wave_mode=Entry bank_target=0 bank_turn=0
elapsed=74544 actor=vanguard event=vertical-step path=8942 target_speed=12 acceleration=0 corridor=0,0,0 wave_mode=Entry bank_target=0 bank_turn=0
elapsed=74545 actor=high_guard event=move path=70D3 target_speed=60 acceleration=0 corridor=-105,-1373,-69 wave_mode=Combat bank_target=13 bank_turn=0
elapsed=74545 actor=high_guard event=vertical-step path=8942 target_speed=60 acceleration=0 corridor=-105,-1373,-69 wave_mode=Combat bank_target=13 bank_turn=0
elapsed=74545 actor=flanker event=move path=70D3 target_speed=60 acceleration=0 corridor=99,-918,93 wave_mode=Combat bank_target=13 bank_turn=0
elapsed=74545 actor=flanker event=vertical-step path=8942 target_speed=60 acceleration=0 corridor=99,-918,93 wave_mode=Combat bank_target=13 bank_turn=0
elapsed=74549 actor=vanguard event=move path=700F target_speed=12 acceleration=0 corridor=0,0,0 wave_mode=Entry bank_target=0 bank_turn=0
elapsed=74549 actor=vanguard event=vertical-step path=8942 target_speed=12 acceleration=0 corridor=0,0,0 wave_mode=Entry bank_target=0 bank_turn=0
elapsed=74549 actor=high_guard event=move path=70D3 target_speed=60 acceleration=0 corridor=-105,-1373,-69 wave_mode=Combat bank_target=13 bank_turn=0
elapsed=74549 actor=high_guard event=vertical-step path=8942 target_speed=60 acceleration=0 corridor=-105,-1373,-69 wave_mode=Combat bank_target=13 bank_turn=0
elapsed=74549 actor=flanker event=move path=70D3 target_speed=60 acceleration=0 corridor=99,-918,93 wave_mode=Combat bank_target=13 bank_turn=0
elapsed=74550 actor=flanker event=vertical-step path=8942 target_speed=60 acceleration=0 corridor=99,-918,93 wave_mode=Combat bank_target=13 bank_turn=0
elapsed=74553 actor=vanguard event=move path=700F target_speed=12 acceleration=0 corridor=0,0,0 wave_mode=Entry bank_target=0 bank_turn=0
elapsed=74553 actor=vanguard event=vertical-step path=8942 target_speed=12 acceleration=0 corridor=0,0,0 wave_mode=Entry bank_target=0 bank_turn=0
elapsed=74553 actor=high_guard event=move path=70D3 target_speed=60 acceleration=0 corridor=-81,1548,10 wave_mode=Combat bank_target=13 bank_turn=0
elapsed=74554 actor=high_guard event=vertical-step path=8942 target_speed=60 acceleration=0 corridor=-81,1548,10 wave_mode=Combat bank_target=13 bank_turn=0
elapsed=74554 actor=flanker event=move path=70D3 target_speed=60 acceleration=0 corridor=99,-918,93 wave_mode=Combat bank_target=13 bank_turn=0
elapsed=74554 actor=flanker event=vertical-step path=8942 target_speed=60 acceleration=0 corridor=99,-918,93 wave_mode=Combat bank_target=13 bank_turn=0
elapsed=74557 actor=vanguard event=move path=700F target_speed=12 acceleration=0 corridor=0,0,0 wave_mode=Entry bank_target=0 bank_turn=0
elapsed=74558 actor=vanguard event=vertical-step path=8942 target_speed=12 acceleration=0 corridor=0,0,0 wave_mode=Entry bank_target=0 bank_turn=0
elapsed=74558 actor=high_guard event=move path=70D3 target_speed=60 acceleration=0 corridor=-81,1548,10 wave_mode=Combat bank_target=13 bank_turn=0
elapsed=74558 actor=high_guard event=vertical-step path=8942 target_speed=60 acceleration=0 corridor=-81,1548,10 wave_mode=Combat bank_target=13 bank_turn=0
elapsed=74558 actor=flanker event=move path=70D3 target_speed=60 acceleration=0 corridor=99,-918,93 wave_mode=Combat bank_target=13 bank_turn=0
elapsed=74559 actor=flanker event=vertical-step path=8942 target_speed=60 acceleration=0 corridor=99,-918,93 wave_mode=Combat bank_target=13 bank_turn=0
elapsed=74562 actor=vanguard event=move path=700F target_speed=12 acceleration=0 corridor=0,0,0 wave_mode=Entry bank_target=0 bank_turn=0
elapsed=74562 actor=vanguard event=vertical-step path=8942 target_speed=12 acceleration=0 corridor=0,0,0 wave_mode=Entry bank_target=0 bank_turn=0
elapsed=74562 actor=high_guard event=move path=70D3 target_speed=60 acceleration=0 corridor=-81,1548,10 wave_mode=Combat bank_target=13 bank_turn=0
elapsed=74563 actor=high_guard event=vertical-step path=8942 target_speed=60 acceleration=0 corridor=-81,1548,10 wave_mode=Combat bank_target=13 bank_turn=0
elapsed=74563 actor=flanker event=move path=70D3 target_speed=60 acceleration=0 corridor=99,-918,93 wave_mode=Combat bank_target=13 bank_turn=0
elapsed=74563 actor=flanker event=vertical-step path=8942 target_speed=60 acceleration=0 corridor=99,-918,93 wave_mode=Combat bank_target=13 bank_turn=0
elapsed=74566 actor=vanguard event=move path=700F target_speed=12 acceleration=0 corridor=0,0,0 wave_mode=Entry bank_target=0 bank_turn=0
elapsed=74567 actor=vanguard event=vertical-step path=8942 target_speed=12 acceleration=0 corridor=0,0,0 wave_mode=Entry bank_target=0 bank_turn=0
elapsed=74567 actor=high_guard event=move path=70D3 target_speed=60 acceleration=0 corridor=-81,1548,10 wave_mode=Combat bank_target=13 bank_turn=0
elapsed=74567 actor=high_guard event=vertical-step path=8942 target_speed=60 acceleration=0 corridor=-81,1548,10 wave_mode=Combat bank_target=13 bank_turn=0
elapsed=74567 actor=flanker event=move path=70D3 target_speed=60 acceleration=0 corridor=99,-918,93 wave_mode=Combat bank_target=13 bank_turn=0
elapsed=74567 actor=flanker event=vertical-step path=8942 target_speed=60 acceleration=0 corridor=99,-918,93 wave_mode=Combat bank_target=13 bank_turn=0
elapsed=74571 actor=vanguard event=move path=700F target_speed=12 acceleration=0 corridor=0,0,0 wave_mode=Entry bank_target=0 bank_turn=0
elapsed=74571 actor=vanguard event=vertical-step path=8942 target_speed=12 acceleration=0 corridor=0,0,0 wave_mode=Entry bank_target=0 bank_turn=0
elapsed=74571 actor=high_guard event=move path=70D3 target_speed=60 acceleration=0 corridor=-81,1548,10 wave_mode=Combat bank_target=13 bank_turn=0
elapsed=74571 actor=high_guard event=vertical-step path=8942 target_speed=60 acceleration=0 corridor=-81,1548,10 wave_mode=Combat bank_target=13 bank_turn=0
elapsed=74572 actor=flanker event=move path=70D3 target_speed=60 acceleration=0 corridor=99,-918,93 wave_mode=Combat bank_target=13 bank_turn=0
elapsed=74572 actor=flanker event=vertical-step path=8942 target_speed=60 acceleration=0 corridor=99,-918,93 wave_mode=Combat bank_target=13 bank_turn=0
elapsed=74575 actor=vanguard event=move path=700F target_speed=12 acceleration=0 corridor=0,0,0 wave_mode=Entry bank_target=0 bank_turn=0
elapsed=74575 actor=vanguard event=vertical-step path=8942 target_speed=12 acceleration=0 corridor=0,0,0 wave_mode=Entry bank_target=0 bank_turn=0
elapsed=74576 actor=high_guard event=move path=70D3 target_speed=60 acceleration=0 corridor=-81,1548,10 wave_mode=Combat bank_target=13 bank_turn=0
elapsed=74576 actor=high_guard event=vertical-step path=8942 target_speed=60 acceleration=0 corridor=-81,1548,10 wave_mode=Combat bank_target=13 bank_turn=0
elapsed=74576 actor=flanker event=move path=70D3 target_speed=60 acceleration=0 corridor=99,-918,93 wave_mode=Combat bank_target=13 bank_turn=0
elapsed=74576 actor=flanker event=vertical-step path=8942 target_speed=60 acceleration=0 corridor=99,-918,93 wave_mode=Combat bank_target=13 bank_turn=0
elapsed=74580 actor=vanguard event=move path=700F target_speed=12 acceleration=0 corridor=0,0,0 wave_mode=Entry bank_target=0 bank_turn=0
elapsed=74580 actor=vanguard event=vertical-step path=8942 target_speed=12 acceleration=0 corridor=0,0,0 wave_mode=Entry bank_target=0 bank_turn=0
elapsed=74580 actor=high_guard event=move path=70D3 target_speed=60 acceleration=0 corridor=-81,1548,10 wave_mode=Combat bank_target=13 bank_turn=0
elapsed=74580 actor=high_guard event=vertical-step path=8942 target_speed=60 acceleration=0 corridor=-81,1548,10 wave_mode=Combat bank_target=13 bank_turn=0
elapsed=74581 actor=flanker event=move path=70D3 target_speed=60 acceleration=0 corridor=99,-918,93 wave_mode=Combat bank_target=13 bank_turn=0
elapsed=74581 actor=flanker event=vertical-step path=8942 target_speed=60 acceleration=0 corridor=99,-918,93 wave_mode=Combat bank_target=13 bank_turn=0
elapsed=74584 actor=vanguard event=move path=700F target_speed=12 acceleration=0 corridor=0,0,0 wave_mode=Entry bank_target=0 bank_turn=0
elapsed=74585 actor=vanguard event=vertical-step path=8942 target_speed=12 acceleration=0 corridor=0,0,0 wave_mode=Entry bank_target=0 bank_turn=0
elapsed=74585 actor=high_guard event=move path=70D3 target_speed=60 acceleration=0 corridor=-81,1548,10 wave_mode=Combat bank_target=13 bank_turn=0
elapsed=74585 actor=high_guard event=vertical-step path=8942 target_speed=60 acceleration=0 corridor=-81,1548,10 wave_mode=Combat bank_target=13 bank_turn=0
elapsed=74585 actor=flanker event=move path=70D3 target_speed=60 acceleration=0 corridor=99,-918,93 wave_mode=Combat bank_target=13 bank_turn=0
elapsed=74585 actor=flanker event=vertical-step path=8942 target_speed=60 acceleration=0 corridor=99,-918,93 wave_mode=Combat bank_target=13 bank_turn=0
elapsed=74589 actor=vanguard event=move path=700F target_speed=12 acceleration=0 corridor=0,0,0 wave_mode=Entry bank_target=0 bank_turn=0
elapsed=74589 actor=vanguard event=vertical-step path=8942 target_speed=12 acceleration=0 corridor=0,0,0 wave_mode=Entry bank_target=0 bank_turn=0
elapsed=74589 actor=high_guard event=move path=70D3 target_speed=60 acceleration=0 corridor=-81,1548,10 wave_mode=Combat bank_target=13 bank_turn=0
elapsed=74589 actor=high_guard event=vertical-step path=8942 target_speed=60 acceleration=0 corridor=-81,1548,10 wave_mode=Combat bank_target=13 bank_turn=0
elapsed=74590 actor=flanker event=move path=70D3 target_speed=60 acceleration=0 corridor=99,-918,93 wave_mode=Combat bank_target=13 bank_turn=0
elapsed=74590 actor=flanker event=vertical-step path=8942 target_speed=60 acceleration=0 corridor=99,-918,93 wave_mode=Combat bank_target=13 bank_turn=0
elapsed=74593 actor=vanguard event=move path=700F target_speed=12 acceleration=0 corridor=0,0,0 wave_mode=Entry bank_target=0 bank_turn=0
elapsed=74594 actor=vanguard event=vertical-step path=8942 target_speed=12 acceleration=0 corridor=0,0,0 wave_mode=Entry bank_target=0 bank_turn=0
elapsed=74594 actor=high_guard event=move path=70D3 target_speed=60 acceleration=0 corridor=-81,1548,10 wave_mode=Combat bank_target=13 bank_turn=0
elapsed=74594 actor=high_guard event=vertical-step path=8942 target_speed=60 acceleration=0 corridor=-81,1548,10 wave_mode=Combat bank_target=13 bank_turn=0
elapsed=74594 actor=flanker event=move path=70D3 target_speed=60 acceleration=0 corridor=84,-572,-103 wave_mode=Combat bank_target=13 bank_turn=0
elapsed=74594 actor=flanker event=vertical-step path=8942 target_speed=60 acceleration=0 corridor=84,-572,-103 wave_mode=Combat bank_target=13 bank_turn=0
elapsed=74598 actor=vanguard event=move path=700F target_speed=12 acceleration=0 corridor=0,0,0 wave_mode=Entry bank_target=0 bank_turn=0
elapsed=74598 actor=vanguard event=vertical-step path=8942 target_speed=12 acceleration=0 corridor=0,0,0 wave_mode=Entry bank_target=0 bank_turn=0
elapsed=74598 actor=high_guard event=move path=70D3 target_speed=60 acceleration=0 corridor=-81,1548,10 wave_mode=Combat bank_target=13 bank_turn=0
elapsed=74598 actor=high_guard event=vertical-step path=8942 target_speed=60 acceleration=0 corridor=-81,1548,10 wave_mode=Combat bank_target=13 bank_turn=0
elapsed=74599 actor=flanker event=move path=70D3 target_speed=60 acceleration=0 corridor=84,-572,-103 wave_mode=Combat bank_target=13 bank_turn=0
elapsed=74599 actor=flanker event=vertical-step path=8942 target_speed=60 acceleration=0 corridor=84,-572,-103 wave_mode=Combat bank_target=13 bank_turn=0
elapsed=74602 actor=vanguard event=move path=700F target_speed=12 acceleration=0 corridor=0,0,0 wave_mode=Entry bank_target=0 bank_turn=0
elapsed=74603 actor=vanguard event=vertical-step path=8942 target_speed=12 acceleration=0 corridor=0,0,0 wave_mode=Entry bank_target=0 bank_turn=0
elapsed=74603 actor=high_guard event=move path=70D3 target_speed=60 acceleration=0 corridor=-81,1548,10 wave_mode=Combat bank_target=13 bank_turn=0
elapsed=74603 actor=high_guard event=vertical-step path=8942 target_speed=60 acceleration=0 corridor=-81,1548,10 wave_mode=Combat bank_target=13 bank_turn=0
elapsed=74603 actor=flanker event=move path=70D3 target_speed=60 acceleration=0 corridor=84,-572,-103 wave_mode=Combat bank_target=13 bank_turn=0
elapsed=74603 actor=flanker event=vertical-step path=8942 target_speed=60 acceleration=0 corridor=84,-572,-103 wave_mode=Combat bank_target=13 bank_turn=0
elapsed=74607 actor=vanguard event=move path=700F target_speed=12 acceleration=0 corridor=0,0,0 wave_mode=Entry bank_target=0 bank_turn=0
elapsed=74607 actor=vanguard event=vertical-step path=8942 target_speed=12 acceleration=0 corridor=0,0,0 wave_mode=Entry bank_target=0 bank_turn=0
elapsed=74607 actor=high_guard event=move path=70D3 target_speed=60 acceleration=0 corridor=-81,1548,10 wave_mode=Combat bank_target=13 bank_turn=0
elapsed=74607 actor=high_guard event=vertical-step path=8942 target_speed=60 acceleration=0 corridor=-81,1548,10 wave_mode=Combat bank_target=13 bank_turn=0
elapsed=74608 actor=flanker event=move path=70D3 target_speed=60 acceleration=0 corridor=84,-572,-103 wave_mode=Combat bank_target=13 bank_turn=0
elapsed=74608 actor=flanker event=vertical-step path=8942 target_speed=60 acceleration=0 corridor=84,-572,-103 wave_mode=Combat bank_target=13 bank_turn=0
elapsed=74611 actor=vanguard event=move path=700F target_speed=12 acceleration=0 corridor=0,0,0 wave_mode=Entry bank_target=0 bank_turn=0
elapsed=74611 actor=vanguard event=vertical-step path=8942 target_speed=12 acceleration=0 corridor=0,0,0 wave_mode=Entry bank_target=0 bank_turn=0
elapsed=74612 actor=high_guard event=move path=70D3 target_speed=60 acceleration=0 corridor=-81,1548,10 wave_mode=Combat bank_target=13 bank_turn=0
elapsed=74612 actor=high_guard event=vertical-step path=8942 target_speed=60 acceleration=0 corridor=-81,1548,10 wave_mode=Combat bank_target=13 bank_turn=0
elapsed=74612 actor=flanker event=move path=70D3 target_speed=60 acceleration=0 corridor=84,-572,-103 wave_mode=Combat bank_target=13 bank_turn=0
elapsed=74612 actor=flanker event=vertical-step path=8942 target_speed=60 acceleration=0 corridor=84,-572,-103 wave_mode=Combat bank_target=13 bank_turn=0
elapsed=74616 actor=vanguard event=move path=700F target_speed=12 acceleration=0 corridor=0,0,0 wave_mode=Entry bank_target=0 bank_turn=0
elapsed=74616 actor=vanguard event=vertical-step path=8942 target_speed=12 acceleration=0 corridor=0,0,0 wave_mode=Entry bank_target=0 bank_turn=0
elapsed=74616 actor=high_guard event=move path=70D3 target_speed=60 acceleration=0 corridor=-81,1548,10 wave_mode=Combat bank_target=13 bank_turn=0
elapsed=74616 actor=high_guard event=vertical-step path=8942 target_speed=60 acceleration=0 corridor=-81,1548,10 wave_mode=Combat bank_target=13 bank_turn=0
elapsed=74617 actor=flanker event=move path=70D3 target_speed=60 acceleration=0 corridor=84,-572,-103 wave_mode=Combat bank_target=13 bank_turn=0
elapsed=74617 actor=flanker event=vertical-step path=8942 target_speed=60 acceleration=0 corridor=84,-572,-103 wave_mode=Combat bank_target=13 bank_turn=0
elapsed=74620 actor=vanguard event=move path=700F target_speed=12 acceleration=0 corridor=0,0,0 wave_mode=Entry bank_target=0 bank_turn=0
elapsed=74620 actor=vanguard event=vertical-step path=8942 target_speed=12 acceleration=0 corridor=0,0,0 wave_mode=Entry bank_target=0 bank_turn=0
elapsed=74621 actor=high_guard event=move path=70D3 target_speed=60 acceleration=0 corridor=-81,1548,10 wave_mode=Combat bank_target=13 bank_turn=0
elapsed=74621 actor=high_guard event=vertical-step path=8942 target_speed=60 acceleration=0 corridor=-81,1548,10 wave_mode=Combat bank_target=13 bank_turn=0
elapsed=74621 actor=flanker event=move path=70D3 target_speed=60 acceleration=0 corridor=84,-572,-103 wave_mode=Combat bank_target=13 bank_turn=0
elapsed=74621 actor=flanker event=vertical-step path=8942 target_speed=60 acceleration=0 corridor=84,-572,-103 wave_mode=Combat bank_target=13 bank_turn=0
elapsed=74625 actor=vanguard event=move path=700F target_speed=12 acceleration=0 corridor=0,0,0 wave_mode=Entry bank_target=0 bank_turn=0
elapsed=74625 actor=vanguard event=vertical-step path=8942 target_speed=12 acceleration=0 corridor=0,0,0 wave_mode=Entry bank_target=0 bank_turn=0
elapsed=74625 actor=high_guard event=move path=70D3 target_speed=60 acceleration=0 corridor=-81,1548,10 wave_mode=Combat bank_target=13 bank_turn=0
elapsed=74625 actor=high_guard event=vertical-step path=8942 target_speed=60 acceleration=0 corridor=-81,1548,10 wave_mode=Combat bank_target=13 bank_turn=0
elapsed=74626 actor=flanker event=move path=70D3 target_speed=60 acceleration=0 corridor=84,-572,-103 wave_mode=Combat bank_target=13 bank_turn=0
elapsed=74626 actor=flanker event=vertical-step path=8942 target_speed=60 acceleration=0 corridor=84,-572,-103 wave_mode=Combat bank_target=13 bank_turn=0
elapsed=74629 actor=vanguard event=move path=700F target_speed=12 acceleration=0 corridor=0,0,0 wave_mode=Entry bank_target=0 bank_turn=0
elapsed=74629 actor=vanguard event=vertical-step path=8942 target_speed=12 acceleration=0 corridor=0,0,0 wave_mode=Entry bank_target=0 bank_turn=0
elapsed=74630 actor=high_guard event=move path=70D3 target_speed=60 acceleration=0 corridor=-81,1548,10 wave_mode=Combat bank_target=13 bank_turn=0
elapsed=74630 actor=high_guard event=vertical-step path=8942 target_speed=60 acceleration=0 corridor=-81,1548,10 wave_mode=Combat bank_target=13 bank_turn=0
elapsed=74630 actor=flanker event=move path=70D3 target_speed=60 acceleration=0 corridor=84,-572,-103 wave_mode=Combat bank_target=13 bank_turn=0
elapsed=74630 actor=flanker event=vertical-step path=8942 target_speed=60 acceleration=0 corridor=84,-572,-103 wave_mode=Combat bank_target=13 bank_turn=0
elapsed=74634 actor=vanguard event=move path=700F target_speed=12 acceleration=0 corridor=0,0,0 wave_mode=Entry bank_target=0 bank_turn=0
elapsed=74634 actor=vanguard event=vertical-step path=8942 target_speed=12 acceleration=0 corridor=0,0,0 wave_mode=Entry bank_target=0 bank_turn=0
elapsed=74634 actor=high_guard event=move path=70D3 target_speed=60 acceleration=0 corridor=-81,1548,10 wave_mode=Combat bank_target=13 bank_turn=0
elapsed=74634 actor=high_guard event=vertical-step path=8942 target_speed=60 acceleration=0 corridor=-81,1548,10 wave_mode=Combat bank_target=13 bank_turn=0
elapsed=74634 actor=flanker event=move path=70D3 target_speed=60 acceleration=0 corridor=84,-572,-103 wave_mode=Combat bank_target=13 bank_turn=0
elapsed=74635 actor=flanker event=vertical-step path=8942 target_speed=60 acceleration=0 corridor=84,-572,-103 wave_mode=Combat bank_target=13 bank_turn=0
elapsed=74638 actor=vanguard event=move path=700F target_speed=12 acceleration=0 corridor=0,0,0 wave_mode=Entry bank_target=0 bank_turn=0
elapsed=74638 actor=vanguard event=vertical-step path=8942 target_speed=12 acceleration=0 corridor=0,0,0 wave_mode=Entry bank_target=0 bank_turn=0
elapsed=74638 actor=high_guard event=move path=70D3 target_speed=60 acceleration=0 corridor=-81,1548,10 wave_mode=Combat bank_target=13 bank_turn=0
elapsed=74639 actor=high_guard event=vertical-step path=8942 target_speed=60 acceleration=0 corridor=-81,1548,10 wave_mode=Combat bank_target=13 bank_turn=0
elapsed=74639 actor=flanker event=move path=70D3 target_speed=60 acceleration=0 corridor=84,-572,-103 wave_mode=Combat bank_target=13 bank_turn=0
elapsed=74639 actor=flanker event=vertical-step path=8942 target_speed=60 acceleration=0 corridor=84,-572,-103 wave_mode=Combat bank_target=13 bank_turn=0
elapsed=74642 actor=vanguard event=move path=700F target_speed=12 acceleration=0 corridor=0,0,0 wave_mode=Entry bank_target=0 bank_turn=0
elapsed=74643 actor=vanguard event=vertical-step path=8942 target_speed=12 acceleration=0 corridor=0,0,0 wave_mode=Entry bank_target=0 bank_turn=0
elapsed=74643 actor=high_guard event=move path=70D3 target_speed=60 acceleration=0 corridor=-81,1548,10 wave_mode=Combat bank_target=13 bank_turn=0
elapsed=74643 actor=high_guard event=vertical-step path=8942 target_speed=60 acceleration=0 corridor=-81,1548,10 wave_mode=Combat bank_target=13 bank_turn=0
elapsed=74643 actor=flanker event=move path=70D3 target_speed=60 acceleration=0 corridor=84,-572,-103 wave_mode=Combat bank_target=13 bank_turn=0
elapsed=74644 actor=flanker event=vertical-step path=8942 target_speed=60 acceleration=0 corridor=84,-572,-103 wave_mode=Combat bank_target=13 bank_turn=0
elapsed=74647 actor=vanguard event=move path=700F target_speed=12 acceleration=0 corridor=0,0,0 wave_mode=Entry bank_target=0 bank_turn=0
elapsed=74647 actor=vanguard event=vertical-step path=8942 target_speed=12 acceleration=0 corridor=0,0,0 wave_mode=Entry bank_target=0 bank_turn=0
elapsed=74647 actor=high_guard event=move path=70D3 target_speed=60 acceleration=0 corridor=-81,1548,10 wave_mode=Combat bank_target=13 bank_turn=0
elapsed=74648 actor=high_guard event=vertical-step path=8942 target_speed=60 acceleration=0 corridor=-81,1548,10 wave_mode=Combat bank_target=13 bank_turn=0
elapsed=74648 actor=flanker event=move path=70D3 target_speed=60 acceleration=0 corridor=84,-572,-103 wave_mode=Combat bank_target=13 bank_turn=0
elapsed=74648 actor=flanker event=vertical-step path=8942 target_speed=60 acceleration=0 corridor=84,-572,-103 wave_mode=Combat bank_target=13 bank_turn=0
elapsed=74651 actor=vanguard event=move path=700F target_speed=12 acceleration=0 corridor=0,0,0 wave_mode=Entry bank_target=0 bank_turn=0
elapsed=74652 actor=vanguard event=vertical-step path=8942 target_speed=12 acceleration=0 corridor=0,0,0 wave_mode=Entry bank_target=0 bank_turn=0
elapsed=74652 actor=high_guard event=move path=70D3 target_speed=60 acceleration=0 corridor=-81,1548,10 wave_mode=Combat bank_target=13 bank_turn=0
elapsed=74652 actor=high_guard event=vertical-step path=8942 target_speed=60 acceleration=0 corridor=-81,1548,10 wave_mode=Combat bank_target=13 bank_turn=0
elapsed=74652 actor=flanker event=move path=70D3 target_speed=60 acceleration=0 corridor=84,-572,-103 wave_mode=Combat bank_target=13 bank_turn=0
elapsed=74652 actor=flanker event=vertical-step path=8942 target_speed=60 acceleration=0 corridor=84,-572,-103 wave_mode=Combat bank_target=13 bank_turn=0
elapsed=74656 actor=vanguard event=move path=700F target_speed=12 acceleration=0 corridor=0,0,0 wave_mode=Entry bank_target=0 bank_turn=0
elapsed=74656 actor=vanguard event=vertical-step path=8942 target_speed=12 acceleration=0 corridor=0,0,0 wave_mode=Entry bank_target=0 bank_turn=0
elapsed=74656 actor=high_guard event=move path=70D3 target_speed=60 acceleration=0 corridor=-81,1548,10 wave_mode=Combat bank_target=13 bank_turn=0
elapsed=74657 actor=high_guard event=vertical-step path=8942 target_speed=60 acceleration=0 corridor=-81,1548,10 wave_mode=Combat bank_target=13 bank_turn=0
elapsed=74657 actor=flanker event=move path=70D3 target_speed=60 acceleration=0 corridor=84,-572,-103 wave_mode=Combat bank_target=13 bank_turn=0
elapsed=74657 actor=flanker event=vertical-step path=8942 target_speed=60 acceleration=0 corridor=84,-572,-103 wave_mode=Combat bank_target=13 bank_turn=0
elapsed=74660 actor=vanguard event=move path=700F target_speed=12 acceleration=0 corridor=0,0,0 wave_mode=Entry bank_target=0 bank_turn=0
elapsed=74661 actor=vanguard event=vertical-step path=8942 target_speed=12 acceleration=0 corridor=0,0,0 wave_mode=Entry bank_target=0 bank_turn=0
elapsed=74661 actor=high_guard event=move path=70D3 target_speed=60 acceleration=0 corridor=-81,1548,10 wave_mode=Combat bank_target=13 bank_turn=0
elapsed=74661 actor=high_guard event=vertical-step path=8942 target_speed=60 acceleration=0 corridor=-81,1548,10 wave_mode=Combat bank_target=13 bank_turn=0
elapsed=74661 actor=flanker event=move path=70D3 target_speed=60 acceleration=0 corridor=84,-572,-103 wave_mode=Combat bank_target=13 bank_turn=0
elapsed=74661 actor=flanker event=vertical-step path=8942 target_speed=60 acceleration=0 corridor=84,-572,-103 wave_mode=Combat bank_target=13 bank_turn=0
elapsed=74665 actor=vanguard event=move path=700F target_speed=12 acceleration=0 corridor=0,0,0 wave_mode=Entry bank_target=0 bank_turn=0
elapsed=74665 actor=vanguard event=vertical-step path=8942 target_speed=12 acceleration=0 corridor=0,0,0 wave_mode=Entry bank_target=0 bank_turn=0
elapsed=74665 actor=high_guard event=move path=70D3 target_speed=60 acceleration=0 corridor=-81,1548,10 wave_mode=Combat bank_target=13 bank_turn=0
elapsed=74665 actor=high_guard event=vertical-step path=8942 target_speed=60 acceleration=0 corridor=-81,1548,10 wave_mode=Combat bank_target=13 bank_turn=0
elapsed=74666 actor=flanker event=move path=70D3 target_speed=60 acceleration=0 corridor=84,-572,-103 wave_mode=Combat bank_target=13 bank_turn=0
elapsed=74666 actor=flanker event=vertical-step path=8942 target_speed=60 acceleration=0 corridor=84,-572,-103 wave_mode=Combat bank_target=13 bank_turn=0
elapsed=74669 actor=vanguard event=move path=700F target_speed=12 acceleration=0 corridor=0,0,0 wave_mode=Entry bank_target=0 bank_turn=0
elapsed=74669 actor=vanguard event=vertical-step path=8942 target_speed=12 acceleration=0 corridor=0,0,0 wave_mode=Entry bank_target=0 bank_turn=0
elapsed=74670 actor=high_guard event=move path=70D3 target_speed=60 acceleration=0 corridor=-81,1548,10 wave_mode=Combat bank_target=13 bank_turn=0
elapsed=74670 actor=high_guard event=vertical-step path=8942 target_speed=60 acceleration=0 corridor=-81,1548,10 wave_mode=Combat bank_target=13 bank_turn=0
elapsed=74670 actor=flanker event=move path=70D3 target_speed=60 acceleration=0 corridor=84,-572,-103 wave_mode=Combat bank_target=13 bank_turn=0
elapsed=74670 actor=flanker event=vertical-step path=8942 target_speed=60 acceleration=0 corridor=84,-572,-103 wave_mode=Combat bank_target=13 bank_turn=0
elapsed=74674 actor=vanguard event=move path=700F target_speed=12 acceleration=0 corridor=0,0,0 wave_mode=Entry bank_target=0 bank_turn=0
elapsed=74674 actor=vanguard event=vertical-step path=8942 target_speed=12 acceleration=0 corridor=0,0,0 wave_mode=Entry bank_target=0 bank_turn=0
elapsed=74674 actor=high_guard event=move path=70D3 target_speed=60 acceleration=0 corridor=-81,1548,10 wave_mode=Combat bank_target=13 bank_turn=0
elapsed=74674 actor=high_guard event=vertical-step path=8942 target_speed=60 acceleration=0 corridor=-81,1548,10 wave_mode=Combat bank_target=13 bank_turn=0
elapsed=74675 actor=flanker event=move path=70D3 target_speed=60 acceleration=0 corridor=84,-572,-103 wave_mode=Combat bank_target=13 bank_turn=0
elapsed=74675 actor=flanker event=vertical-step path=8942 target_speed=60 acceleration=0 corridor=84,-572,-103 wave_mode=Combat bank_target=13 bank_turn=0
elapsed=74678 actor=vanguard event=move path=700F target_speed=12 acceleration=0 corridor=0,0,0 wave_mode=Entry bank_target=0 bank_turn=0
elapsed=74678 actor=vanguard event=vertical-step path=8942 target_speed=12 acceleration=0 corridor=0,0,0 wave_mode=Entry bank_target=0 bank_turn=0
elapsed=74679 actor=high_guard event=move path=70D3 target_speed=60 acceleration=0 corridor=-81,1548,10 wave_mode=Combat bank_target=13 bank_turn=0
elapsed=74679 actor=high_guard event=vertical-step path=8942 target_speed=60 acceleration=0 corridor=-81,1548,10 wave_mode=Combat bank_target=13 bank_turn=0
elapsed=74679 actor=flanker event=move path=70D3 target_speed=60 acceleration=0 corridor=84,-572,-103 wave_mode=Combat bank_target=13 bank_turn=0
elapsed=74679 actor=flanker event=vertical-step path=8942 target_speed=60 acceleration=0 corridor=84,-572,-103 wave_mode=Combat bank_target=13 bank_turn=0
elapsed=74683 actor=vanguard event=move path=700F target_speed=12 acceleration=0 corridor=0,0,0 wave_mode=Entry bank_target=0 bank_turn=0
elapsed=74683 actor=vanguard event=vertical-step path=8942 target_speed=12 acceleration=0 corridor=0,0,0 wave_mode=Entry bank_target=0 bank_turn=0
elapsed=74683 actor=high_guard event=move path=70D9 target_speed=60 acceleration=0 corridor=-81,1548,10 wave_mode=Combat bank_target=1 bank_turn=0
elapsed=74683 actor=high_guard event=vertical-step path=8942 target_speed=60 acceleration=0 corridor=-81,1548,10 wave_mode=Combat bank_target=1 bank_turn=0
elapsed=74684 actor=flanker event=move path=70D3 target_speed=60 acceleration=0 corridor=84,-572,-103 wave_mode=Combat bank_target=13 bank_turn=0
elapsed=74684 actor=flanker event=vertical-step path=8942 target_speed=60 acceleration=0 corridor=84,-572,-103 wave_mode=Combat bank_target=13 bank_turn=0
elapsed=74687 actor=vanguard event=move path=700F target_speed=12 acceleration=0 corridor=0,0,0 wave_mode=Entry bank_target=0 bank_turn=0
elapsed=74687 actor=vanguard event=vertical-step path=8942 target_speed=12 acceleration=0 corridor=0,0,0 wave_mode=Entry bank_target=0 bank_turn=0
elapsed=74688 actor=high_guard event=move path=70D9 target_speed=60 acceleration=0 corridor=-81,1548,10 wave_mode=Combat bank_target=2 bank_turn=0
elapsed=74688 actor=high_guard event=vertical-step path=8942 target_speed=60 acceleration=0 corridor=-81,1548,10 wave_mode=Combat bank_target=2 bank_turn=0
elapsed=74688 actor=flanker event=move path=70D3 target_speed=60 acceleration=0 corridor=-105,3648,78 wave_mode=Combat bank_target=13 bank_turn=0
elapsed=74688 actor=flanker event=vertical-step path=8942 target_speed=60 acceleration=0 corridor=-105,3648,78 wave_mode=Combat bank_target=13 bank_turn=0
elapsed=74692 actor=vanguard event=move path=700F target_speed=12 acceleration=0 corridor=0,0,0 wave_mode=Entry bank_target=0 bank_turn=0
elapsed=74692 actor=vanguard event=vertical-step path=8942 target_speed=12 acceleration=0 corridor=0,0,0 wave_mode=Entry bank_target=0 bank_turn=0
elapsed=74692 actor=high_guard event=move path=70D9 target_speed=60 acceleration=0 corridor=67,-3108,34 wave_mode=Combat bank_target=3 bank_turn=0
elapsed=74692 actor=high_guard event=vertical-step path=8942 target_speed=60 acceleration=0 corridor=67,-3108,34 wave_mode=Combat bank_target=3 bank_turn=0
elapsed=74693 actor=flanker event=move path=70D3 target_speed=60 acceleration=0 corridor=-105,3648,78 wave_mode=Combat bank_target=13 bank_turn=0
elapsed=74693 actor=flanker event=vertical-step path=8942 target_speed=60 acceleration=0 corridor=-105,3648,78 wave_mode=Combat bank_target=13 bank_turn=0
elapsed=74696 actor=vanguard event=move path=700F target_speed=12 acceleration=0 corridor=0,0,0 wave_mode=Entry bank_target=0 bank_turn=0
elapsed=74696 actor=vanguard event=vertical-step path=8942 target_speed=12 acceleration=0 corridor=0,0,0 wave_mode=Entry bank_target=0 bank_turn=0
elapsed=74697 actor=high_guard event=move path=70D9 target_speed=60 acceleration=0 corridor=67,-3108,34 wave_mode=Combat bank_target=4 bank_turn=0
elapsed=74697 actor=high_guard event=vertical-step path=8942 target_speed=60 acceleration=0 corridor=67,-3108,34 wave_mode=Combat bank_target=4 bank_turn=0
elapsed=74697 actor=flanker event=move path=70D3 target_speed=60 acceleration=0 corridor=-105,3648,78 wave_mode=Combat bank_target=13 bank_turn=0
elapsed=74697 actor=flanker event=vertical-step path=8942 target_speed=60 acceleration=0 corridor=-105,3648,78 wave_mode=Combat bank_target=13 bank_turn=0
elapsed=74701 actor=vanguard event=move path=700F target_speed=12 acceleration=0 corridor=0,0,0 wave_mode=Entry bank_target=0 bank_turn=0
elapsed=74701 actor=vanguard event=vertical-step path=8942 target_speed=12 acceleration=0 corridor=0,0,0 wave_mode=Entry bank_target=0 bank_turn=0
elapsed=74701 actor=high_guard event=move path=70D9 target_speed=60 acceleration=0 corridor=67,-3108,34 wave_mode=Combat bank_target=5 bank_turn=0
elapsed=74701 actor=high_guard event=vertical-step path=8942 target_speed=60 acceleration=0 corridor=67,-3108,34 wave_mode=Combat bank_target=5 bank_turn=0
elapsed=74702 actor=flanker event=move path=70D3 target_speed=60 acceleration=0 corridor=-105,3648,78 wave_mode=Combat bank_target=13 bank_turn=0
elapsed=74702 actor=flanker event=vertical-step path=8942 target_speed=60 acceleration=0 corridor=-105,3648,78 wave_mode=Combat bank_target=13 bank_turn=0
elapsed=74705 actor=vanguard event=move path=700F target_speed=12 acceleration=0 corridor=0,0,0 wave_mode=Entry bank_target=0 bank_turn=0
elapsed=74705 actor=vanguard event=vertical-step path=8942 target_speed=12 acceleration=0 corridor=0,0,0 wave_mode=Entry bank_target=0 bank_turn=0
elapsed=74705 actor=high_guard event=move path=70D9 target_speed=60 acceleration=0 corridor=67,-3108,34 wave_mode=Combat bank_target=6 bank_turn=0
elapsed=74706 actor=high_guard event=vertical-step path=8942 target_speed=60 acceleration=0 corridor=67,-3108,34 wave_mode=Combat bank_target=6 bank_turn=0
elapsed=74706 actor=flanker event=move path=70D3 target_speed=60 acceleration=0 corridor=-105,3648,78 wave_mode=Combat bank_target=13 bank_turn=0
elapsed=74706 actor=flanker event=vertical-step path=8942 target_speed=60 acceleration=0 corridor=-105,3648,78 wave_mode=Combat bank_target=13 bank_turn=0
elapsed=74710 actor=vanguard event=move path=700F target_speed=12 acceleration=0 corridor=0,0,0 wave_mode=Entry bank_target=0 bank_turn=0
elapsed=74710 actor=vanguard event=vertical-step path=8942 target_speed=12 acceleration=0 corridor=0,0,0 wave_mode=Entry bank_target=0 bank_turn=0
elapsed=74710 actor=high_guard event=move path=70D9 target_speed=60 acceleration=0 corridor=67,-3108,34 wave_mode=Combat bank_target=7 bank_turn=0
elapsed=74710 actor=high_guard event=vertical-step path=8942 target_speed=60 acceleration=0 corridor=67,-3108,34 wave_mode=Combat bank_target=7 bank_turn=0
elapsed=74710 actor=flanker event=move path=70D3 target_speed=60 acceleration=0 corridor=-105,3648,78 wave_mode=Combat bank_target=13 bank_turn=0
elapsed=74711 actor=flanker event=vertical-step path=8942 target_speed=60 acceleration=0 corridor=-105,3648,78 wave_mode=Combat bank_target=13 bank_turn=0
elapsed=74714 actor=vanguard event=move path=700F target_speed=12 acceleration=0 corridor=0,0,0 wave_mode=Entry bank_target=0 bank_turn=0
elapsed=74714 actor=vanguard event=vertical-step path=8942 target_speed=12 acceleration=0 corridor=0,0,0 wave_mode=Entry bank_target=0 bank_turn=0
elapsed=74714 actor=high_guard event=move path=70D9 target_speed=60 acceleration=0 corridor=67,-3108,34 wave_mode=Combat bank_target=8 bank_turn=0
elapsed=74715 actor=high_guard event=vertical-step path=8942 target_speed=60 acceleration=0 corridor=67,-3108,34 wave_mode=Combat bank_target=8 bank_turn=0
elapsed=74715 actor=flanker event=move path=70D3 target_speed=60 acceleration=0 corridor=-105,3648,78 wave_mode=Combat bank_target=13 bank_turn=0
elapsed=74715 actor=flanker event=vertical-step path=8942 target_speed=60 acceleration=0 corridor=-105,3648,78 wave_mode=Combat bank_target=13 bank_turn=0
elapsed=74718 actor=vanguard event=move path=700F target_speed=12 acceleration=0 corridor=0,0,0 wave_mode=Entry bank_target=0 bank_turn=0
elapsed=74719 actor=vanguard event=vertical-step path=8942 target_speed=12 acceleration=0 corridor=0,0,0 wave_mode=Entry bank_target=0 bank_turn=0
elapsed=74719 actor=high_guard event=move path=70D9 target_speed=60 acceleration=0 corridor=67,-3108,34 wave_mode=Combat bank_target=9 bank_turn=0
elapsed=74719 actor=high_guard event=vertical-step path=8942 target_speed=60 acceleration=0 corridor=67,-3108,34 wave_mode=Combat bank_target=9 bank_turn=0
elapsed=74720 actor=flanker event=move path=70D3 target_speed=60 acceleration=0 corridor=-105,3648,78 wave_mode=Combat bank_target=13 bank_turn=0
elapsed=74720 actor=flanker event=vertical-step path=8942 target_speed=60 acceleration=0 corridor=-105,3648,78 wave_mode=Combat bank_target=13 bank_turn=0
elapsed=74724 actor=vanguard event=move path=700F target_speed=12 acceleration=0 corridor=0,0,0 wave_mode=Entry bank_target=0 bank_turn=0
elapsed=74724 actor=vanguard event=vertical-step path=8942 target_speed=12 acceleration=0 corridor=0,0,0 wave_mode=Entry bank_target=0 bank_turn=0
elapsed=74724 actor=high_guard event=move path=70D9 target_speed=60 acceleration=0 corridor=67,-3108,34 wave_mode=Combat bank_target=10 bank_turn=0
elapsed=74724 actor=high_guard event=vertical-step path=8942 target_speed=60 acceleration=0 corridor=67,-3108,34 wave_mode=Combat bank_target=10 bank_turn=0
elapsed=74724 actor=flanker event=move path=70D3 target_speed=60 acceleration=0 corridor=-105,3648,78 wave_mode=Combat bank_target=13 bank_turn=0
elapsed=74725 actor=flanker event=vertical-step path=8942 target_speed=60 acceleration=0 corridor=-105,3648,78 wave_mode=Combat bank_target=13 bank_turn=0
elapsed=74728 actor=vanguard event=move path=700F target_speed=12 acceleration=0 corridor=0,0,0 wave_mode=Entry bank_target=0 bank_turn=0
elapsed=74728 actor=vanguard event=vertical-step path=8942 target_speed=12 acceleration=0 corridor=0,0,0 wave_mode=Entry bank_target=0 bank_turn=0
elapsed=74728 actor=high_guard event=move path=70D9 target_speed=60 acceleration=0 corridor=67,-3108,34 wave_mode=Combat bank_target=11 bank_turn=0
elapsed=74729 actor=high_guard event=vertical-step path=8942 target_speed=60 acceleration=0 corridor=67,-3108,34 wave_mode=Combat bank_target=11 bank_turn=0
elapsed=74729 actor=flanker event=move path=70D3 target_speed=60 acceleration=0 corridor=-105,3648,78 wave_mode=Combat bank_target=13 bank_turn=0
elapsed=74729 actor=flanker event=vertical-step path=8942 target_speed=60 acceleration=0 corridor=-105,3648,78 wave_mode=Combat bank_target=13 bank_turn=0
elapsed=74733 actor=vanguard event=move path=700F target_speed=12 acceleration=0 corridor=0,0,0 wave_mode=Entry bank_target=0 bank_turn=0
elapsed=74733 actor=vanguard event=vertical-step path=8942 target_speed=12 acceleration=0 corridor=0,0,0 wave_mode=Entry bank_target=0 bank_turn=0
elapsed=74733 actor=high_guard event=move path=70D9 target_speed=60 acceleration=0 corridor=67,-3108,34 wave_mode=Combat bank_target=12 bank_turn=0
elapsed=74733 actor=high_guard event=vertical-step path=8942 target_speed=60 acceleration=0 corridor=67,-3108,34 wave_mode=Combat bank_target=12 bank_turn=0
elapsed=74733 actor=flanker event=move path=70D3 target_speed=60 acceleration=0 corridor=-105,3648,78 wave_mode=Combat bank_target=13 bank_turn=0
elapsed=74734 actor=flanker event=vertical-step path=8942 target_speed=60 acceleration=0 corridor=-105,3648,78 wave_mode=Combat bank_target=13 bank_turn=0
elapsed=74737 actor=vanguard event=move path=700F target_speed=12 acceleration=0 corridor=0,0,0 wave_mode=Entry bank_target=0 bank_turn=0
elapsed=74737 actor=vanguard event=vertical-step path=8942 target_speed=12 acceleration=0 corridor=0,0,0 wave_mode=Entry bank_target=0 bank_turn=0
elapsed=74737 actor=high_guard event=move path=70D9 target_speed=60 acceleration=0 corridor=67,-3108,34 wave_mode=Combat bank_target=13 bank_turn=0
elapsed=74738 actor=high_guard event=vertical-step path=8942 target_speed=60 acceleration=0 corridor=67,-3108,34 wave_mode=Combat bank_target=13 bank_turn=0
elapsed=74738 actor=flanker event=chase-angle path=886F target_speed=60 acceleration=0 corridor=-105,3648,78 wave_mode=Combat bank_target=14 bank_turn=1
elapsed=74738 actor=flanker event=move path=886F target_speed=60 acceleration=0 corridor=-105,3648,78 wave_mode=Combat bank_target=14 bank_turn=1
elapsed=74738 actor=flanker event=vertical-step path=8942 target_speed=60 acceleration=0 corridor=-105,3648,78 wave_mode=Combat bank_target=14 bank_turn=1
elapsed=74742 actor=vanguard event=move path=700F target_speed=12 acceleration=0 corridor=0,0,0 wave_mode=Entry bank_target=0 bank_turn=0
elapsed=74742 actor=vanguard event=vertical-step path=8942 target_speed=12 acceleration=0 corridor=0,0,0 wave_mode=Entry bank_target=0 bank_turn=0
elapsed=74742 actor=high_guard event=move path=70D9 target_speed=60 acceleration=0 corridor=67,-3108,34 wave_mode=Combat bank_target=14 bank_turn=0
elapsed=74742 actor=high_guard event=vertical-step path=8942 target_speed=60 acceleration=0 corridor=67,-3108,34 wave_mode=Combat bank_target=14 bank_turn=0
elapsed=74743 actor=flanker event=chase-angle path=886F target_speed=60 acceleration=0 corridor=-105,3648,78 wave_mode=Combat bank_target=14 bank_turn=1
elapsed=74743 actor=flanker event=move path=886F target_speed=60 acceleration=0 corridor=-105,3648,78 wave_mode=Combat bank_target=14 bank_turn=1
elapsed=74743 actor=flanker event=vertical-step path=8942 target_speed=60 acceleration=0 corridor=-105,3648,78 wave_mode=Combat bank_target=14 bank_turn=1
elapsed=74746 actor=vanguard event=move path=700F target_speed=12 acceleration=0 corridor=0,0,0 wave_mode=Entry bank_target=0 bank_turn=0
elapsed=74746 actor=vanguard event=vertical-step path=8942 target_speed=12 acceleration=0 corridor=0,0,0 wave_mode=Entry bank_target=0 bank_turn=0
elapsed=74747 actor=high_guard event=move path=70D9 target_speed=60 acceleration=0 corridor=67,-3108,34 wave_mode=Combat bank_target=15 bank_turn=0
elapsed=74747 actor=high_guard event=vertical-step path=8942 target_speed=60 acceleration=0 corridor=67,-3108,34 wave_mode=Combat bank_target=15 bank_turn=0
elapsed=74747 actor=flanker event=chase-angle path=886F target_speed=60 acceleration=0 corridor=-105,3648,78 wave_mode=Combat bank_target=14 bank_turn=1
elapsed=74747 actor=flanker event=move path=886F target_speed=60 acceleration=0 corridor=-105,3648,78 wave_mode=Combat bank_target=14 bank_turn=1
elapsed=74747 actor=flanker event=vertical-step path=8942 target_speed=60 acceleration=0 corridor=-105,3648,78 wave_mode=Combat bank_target=14 bank_turn=1
elapsed=74751 actor=vanguard event=move path=700F target_speed=12 acceleration=0 corridor=0,0,0 wave_mode=Entry bank_target=0 bank_turn=0
elapsed=74751 actor=vanguard event=vertical-step path=8942 target_speed=12 acceleration=0 corridor=0,0,0 wave_mode=Entry bank_target=0 bank_turn=0
elapsed=74751 actor=high_guard event=move path=70D9 target_speed=60 acceleration=0 corridor=67,-3108,34 wave_mode=Combat bank_target=16 bank_turn=0
elapsed=74751 actor=high_guard event=vertical-step path=8942 target_speed=60 acceleration=0 corridor=67,-3108,34 wave_mode=Combat bank_target=16 bank_turn=0
elapsed=74752 actor=flanker event=chase-angle path=886F target_speed=60 acceleration=0 corridor=-105,3648,78 wave_mode=Combat bank_target=14 bank_turn=1
elapsed=74752 actor=flanker event=move path=886F target_speed=60 acceleration=0 corridor=-105,3648,78 wave_mode=Combat bank_target=14 bank_turn=1
elapsed=74752 actor=flanker event=vertical-step path=8942 target_speed=60 acceleration=0 corridor=-105,3648,78 wave_mode=Combat bank_target=14 bank_turn=1
elapsed=74755 actor=vanguard event=move path=700F target_speed=12 acceleration=0 corridor=0,0,0 wave_mode=Entry bank_target=0 bank_turn=0
elapsed=74755 actor=vanguard event=vertical-step path=8942 target_speed=12 acceleration=0 corridor=0,0,0 wave_mode=Entry bank_target=0 bank_turn=0
elapsed=74756 actor=high_guard event=move path=70D9 target_speed=60 acceleration=0 corridor=67,-3108,34 wave_mode=Combat bank_target=17 bank_turn=0
elapsed=74756 actor=high_guard event=vertical-step path=8942 target_speed=60 acceleration=0 corridor=67,-3108,34 wave_mode=Combat bank_target=17 bank_turn=0
elapsed=74756 actor=flanker event=chase-angle path=886F target_speed=60 acceleration=0 corridor=-105,3648,78 wave_mode=Combat bank_target=14 bank_turn=1
elapsed=74756 actor=flanker event=move path=886F target_speed=60 acceleration=0 corridor=-105,3648,78 wave_mode=Combat bank_target=14 bank_turn=1
elapsed=74756 actor=flanker event=vertical-step path=8942 target_speed=60 acceleration=0 corridor=-105,3648,78 wave_mode=Combat bank_target=14 bank_turn=1
elapsed=74760 actor=vanguard event=move path=700F target_speed=12 acceleration=0 corridor=0,0,0 wave_mode=Entry bank_target=0 bank_turn=0
elapsed=74760 actor=vanguard event=vertical-step path=8942 target_speed=12 acceleration=0 corridor=0,0,0 wave_mode=Entry bank_target=0 bank_turn=0
elapsed=74760 actor=high_guard event=move path=70D9 target_speed=60 acceleration=0 corridor=67,-3108,34 wave_mode=Combat bank_target=18 bank_turn=0
elapsed=74760 actor=high_guard event=vertical-step path=8942 target_speed=60 acceleration=0 corridor=67,-3108,34 wave_mode=Combat bank_target=18 bank_turn=0
elapsed=74761 actor=flanker event=chase-angle path=886F target_speed=60 acceleration=0 corridor=-105,3648,78 wave_mode=Combat bank_target=14 bank_turn=1
elapsed=74761 actor=flanker event=move path=886F target_speed=60 acceleration=0 corridor=-105,3648,78 wave_mode=Combat bank_target=14 bank_turn=1
elapsed=74761 actor=flanker event=vertical-step path=8942 target_speed=60 acceleration=0 corridor=-105,3648,78 wave_mode=Combat bank_target=14 bank_turn=1
elapsed=74764 actor=vanguard event=move path=700F target_speed=12 acceleration=0 corridor=0,0,0 wave_mode=Entry bank_target=0 bank_turn=0
elapsed=74764 actor=vanguard event=vertical-step path=8942 target_speed=12 acceleration=0 corridor=0,0,0 wave_mode=Entry bank_target=0 bank_turn=0
elapsed=74765 actor=high_guard event=move path=70D9 target_speed=60 acceleration=0 corridor=67,-3108,34 wave_mode=Combat bank_target=19 bank_turn=0
elapsed=74765 actor=high_guard event=vertical-step path=8942 target_speed=60 acceleration=0 corridor=67,-3108,34 wave_mode=Combat bank_target=19 bank_turn=0
elapsed=74765 actor=flanker event=chase-angle path=886F target_speed=60 acceleration=0 corridor=-105,3648,78 wave_mode=Combat bank_target=14 bank_turn=1
elapsed=74765 actor=flanker event=move path=886F target_speed=60 acceleration=0 corridor=-105,3648,78 wave_mode=Combat bank_target=14 bank_turn=1
elapsed=74765 actor=flanker event=vertical-step path=8942 target_speed=60 acceleration=0 corridor=-105,3648,78 wave_mode=Combat bank_target=14 bank_turn=1
elapsed=74769 actor=vanguard event=move path=700F target_speed=12 acceleration=0 corridor=0,0,0 wave_mode=Entry bank_target=0 bank_turn=0
elapsed=74769 actor=vanguard event=vertical-step path=8942 target_speed=12 acceleration=0 corridor=0,0,0 wave_mode=Entry bank_target=0 bank_turn=0
elapsed=74769 actor=high_guard event=move path=70D9 target_speed=60 acceleration=0 corridor=67,-3108,34 wave_mode=Combat bank_target=20 bank_turn=0
elapsed=74769 actor=high_guard event=vertical-step path=8942 target_speed=60 acceleration=0 corridor=67,-3108,34 wave_mode=Combat bank_target=20 bank_turn=0
elapsed=74770 actor=flanker event=chase-angle path=886F target_speed=60 acceleration=0 corridor=-42,-366,51 wave_mode=Combat bank_target=14 bank_turn=1
elapsed=74770 actor=flanker event=move path=886F target_speed=60 acceleration=0 corridor=-42,-366,51 wave_mode=Combat bank_target=14 bank_turn=1
elapsed=74770 actor=flanker event=vertical-step path=8942 target_speed=60 acceleration=0 corridor=-42,-366,51 wave_mode=Combat bank_target=14 bank_turn=1
elapsed=74773 actor=vanguard event=move path=700F target_speed=12 acceleration=0 corridor=0,0,0 wave_mode=Entry bank_target=0 bank_turn=0
elapsed=74773 actor=vanguard event=vertical-step path=8942 target_speed=12 acceleration=0 corridor=0,0,0 wave_mode=Entry bank_target=0 bank_turn=0
elapsed=74774 actor=high_guard event=chase-angle path=886F target_speed=60 acceleration=0 corridor=67,-3108,34 wave_mode=Combat bank_target=12 bank_turn=1
elapsed=74774 actor=high_guard event=move path=886F target_speed=60 acceleration=0 corridor=67,-3108,34 wave_mode=Combat bank_target=12 bank_turn=1
elapsed=74774 actor=high_guard event=vertical-step path=8942 target_speed=60 acceleration=0 corridor=67,-3108,34 wave_mode=Combat bank_target=12 bank_turn=1
elapsed=74774 actor=flanker event=chase-angle path=886F target_speed=60 acceleration=0 corridor=-42,-366,51 wave_mode=Combat bank_target=14 bank_turn=1
elapsed=74774 actor=flanker event=move path=886F target_speed=60 acceleration=0 corridor=-42,-366,51 wave_mode=Combat bank_target=14 bank_turn=1
elapsed=74774 actor=flanker event=vertical-step path=8942 target_speed=60 acceleration=0 corridor=-42,-366,51 wave_mode=Combat bank_target=14 bank_turn=1
elapsed=74778 actor=vanguard event=move path=700F target_speed=12 acceleration=0 corridor=0,0,0 wave_mode=Entry bank_target=0 bank_turn=0
elapsed=74778 actor=vanguard event=vertical-step path=8942 target_speed=12 acceleration=0 corridor=0,0,0 wave_mode=Entry bank_target=0 bank_turn=0
elapsed=74778 actor=high_guard event=chase-angle path=886F target_speed=60 acceleration=0 corridor=67,-3108,34 wave_mode=Combat bank_target=12 bank_turn=1
elapsed=74778 actor=high_guard event=move path=886F target_speed=60 acceleration=0 corridor=67,-3108,34 wave_mode=Combat bank_target=12 bank_turn=1
elapsed=74778 actor=high_guard event=vertical-step path=8942 target_speed=60 acceleration=0 corridor=67,-3108,34 wave_mode=Combat bank_target=12 bank_turn=1
elapsed=74779 actor=flanker event=chase-angle path=886F target_speed=60 acceleration=0 corridor=-42,-366,51 wave_mode=Combat bank_target=14 bank_turn=1
elapsed=74779 actor=flanker event=move path=886F target_speed=60 acceleration=0 corridor=-42,-366,51 wave_mode=Combat bank_target=14 bank_turn=1
elapsed=74779 actor=flanker event=vertical-step path=8942 target_speed=60 acceleration=0 corridor=-42,-366,51 wave_mode=Combat bank_target=14 bank_turn=1
elapsed=74782 actor=vanguard event=move path=700F target_speed=12 acceleration=0 corridor=0,0,0 wave_mode=Entry bank_target=0 bank_turn=0
elapsed=74782 actor=vanguard event=vertical-step path=8942 target_speed=12 acceleration=0 corridor=0,0,0 wave_mode=Entry bank_target=0 bank_turn=0
elapsed=74782 actor=high_guard event=chase-angle path=886F target_speed=60 acceleration=0 corridor=67,-3108,34 wave_mode=Combat bank_target=12 bank_turn=1
elapsed=74783 actor=high_guard event=move path=886F target_speed=60 acceleration=0 corridor=67,-3108,34 wave_mode=Combat bank_target=12 bank_turn=1
elapsed=74783 actor=high_guard event=vertical-step path=8942 target_speed=60 acceleration=0 corridor=67,-3108,34 wave_mode=Combat bank_target=12 bank_turn=1
elapsed=74783 actor=flanker event=chase-angle path=886F target_speed=60 acceleration=0 corridor=-42,-366,51 wave_mode=Combat bank_target=14 bank_turn=1
elapsed=74783 actor=flanker event=move path=886F target_speed=60 acceleration=0 corridor=-42,-366,51 wave_mode=Combat bank_target=14 bank_turn=1
elapsed=74783 actor=flanker event=vertical-step path=8942 target_speed=60 acceleration=0 corridor=-42,-366,51 wave_mode=Combat bank_target=14 bank_turn=1
elapsed=74787 actor=vanguard event=move path=700F target_speed=12 acceleration=0 corridor=0,0,0 wave_mode=Entry bank_target=0 bank_turn=0
elapsed=74787 actor=vanguard event=vertical-step path=8942 target_speed=12 acceleration=0 corridor=0,0,0 wave_mode=Entry bank_target=0 bank_turn=0
elapsed=74787 actor=high_guard event=chase-angle path=886F target_speed=60 acceleration=0 corridor=67,-3108,34 wave_mode=Combat bank_target=12 bank_turn=1
elapsed=74787 actor=high_guard event=move path=886F target_speed=60 acceleration=0 corridor=67,-3108,34 wave_mode=Combat bank_target=12 bank_turn=1
elapsed=74787 actor=high_guard event=vertical-step path=8942 target_speed=60 acceleration=0 corridor=67,-3108,34 wave_mode=Combat bank_target=12 bank_turn=1
elapsed=74787 actor=flanker event=chase-angle path=886F target_speed=60 acceleration=0 corridor=-42,-366,51 wave_mode=Combat bank_target=14 bank_turn=1
elapsed=74787 actor=flanker event=move path=886F target_speed=60 acceleration=0 corridor=-42,-366,51 wave_mode=Combat bank_target=14 bank_turn=1
elapsed=74788 actor=flanker event=vertical-step path=8942 target_speed=60 acceleration=0 corridor=-42,-366,51 wave_mode=Combat bank_target=14 bank_turn=1
elapsed=74791 actor=vanguard event=move path=700F target_speed=12 acceleration=0 corridor=0,0,0 wave_mode=Entry bank_target=0 bank_turn=0
elapsed=74791 actor=vanguard event=vertical-step path=8942 target_speed=12 acceleration=0 corridor=0,0,0 wave_mode=Entry bank_target=0 bank_turn=0
elapsed=74791 actor=high_guard event=chase-angle path=886F target_speed=60 acceleration=0 corridor=67,-3108,34 wave_mode=Combat bank_target=12 bank_turn=1
elapsed=74791 actor=high_guard event=move path=886F target_speed=60 acceleration=0 corridor=67,-3108,34 wave_mode=Combat bank_target=12 bank_turn=1
elapsed=74792 actor=high_guard event=vertical-step path=8942 target_speed=60 acceleration=0 corridor=67,-3108,34 wave_mode=Combat bank_target=12 bank_turn=1
elapsed=74792 actor=flanker event=chase-angle path=886F target_speed=60 acceleration=0 corridor=-42,-366,51 wave_mode=Combat bank_target=14 bank_turn=1
elapsed=74792 actor=flanker event=move path=886F target_speed=60 acceleration=0 corridor=-42,-366,51 wave_mode=Combat bank_target=14 bank_turn=1
elapsed=74792 actor=flanker event=vertical-step path=8942 target_speed=60 acceleration=0 corridor=-42,-366,51 wave_mode=Combat bank_target=14 bank_turn=1
elapsed=74795 actor=vanguard event=move path=700F target_speed=12 acceleration=0 corridor=0,0,0 wave_mode=Entry bank_target=0 bank_turn=0
elapsed=74796 actor=vanguard event=vertical-step path=8942 target_speed=12 acceleration=0 corridor=0,0,0 wave_mode=Entry bank_target=0 bank_turn=0
elapsed=74796 actor=high_guard event=chase-angle path=886F target_speed=60 acceleration=0 corridor=67,-3108,34 wave_mode=Combat bank_target=12 bank_turn=1
elapsed=74796 actor=high_guard event=move path=886F target_speed=60 acceleration=0 corridor=67,-3108,34 wave_mode=Combat bank_target=12 bank_turn=1
elapsed=74796 actor=high_guard event=vertical-step path=8942 target_speed=60 acceleration=0 corridor=67,-3108,34 wave_mode=Combat bank_target=12 bank_turn=1
elapsed=74796 actor=flanker event=chase-angle path=886F target_speed=60 acceleration=0 corridor=-42,-366,51 wave_mode=Combat bank_target=14 bank_turn=1
elapsed=74796 actor=flanker event=move path=70F2 target_speed=60 acceleration=0 corridor=-42,-366,51 wave_mode=Combat bank_target=1 bank_turn=1
elapsed=74797 actor=flanker event=vertical-step path=8942 target_speed=60 acceleration=0 corridor=-42,-366,51 wave_mode=Combat bank_target=1 bank_turn=1
elapsed=74800 actor=vanguard event=move path=700F target_speed=12 acceleration=0 corridor=0,0,0 wave_mode=Entry bank_target=0 bank_turn=0
elapsed=74800 actor=vanguard event=vertical-step path=8942 target_speed=12 acceleration=0 corridor=0,0,0 wave_mode=Entry bank_target=0 bank_turn=0
elapsed=74800 actor=high_guard event=chase-angle path=886F target_speed=60 acceleration=0 corridor=67,-3108,34 wave_mode=Combat bank_target=12 bank_turn=1
elapsed=74800 actor=high_guard event=move path=886F target_speed=60 acceleration=0 corridor=67,-3108,34 wave_mode=Combat bank_target=12 bank_turn=1
elapsed=74801 actor=high_guard event=vertical-step path=8942 target_speed=60 acceleration=0 corridor=67,-3108,34 wave_mode=Combat bank_target=12 bank_turn=1
elapsed=74801 actor=flanker event=move path=70F2 target_speed=60 acceleration=0 corridor=-42,-366,51 wave_mode=Combat bank_target=2 bank_turn=1
elapsed=74801 actor=flanker event=vertical-step path=8942 target_speed=60 acceleration=0 corridor=-42,-366,51 wave_mode=Combat bank_target=2 bank_turn=1
elapsed=74804 actor=vanguard event=move path=700F target_speed=12 acceleration=0 corridor=0,0,0 wave_mode=Entry bank_target=0 bank_turn=0
elapsed=74805 actor=vanguard event=vertical-step path=8942 target_speed=12 acceleration=0 corridor=0,0,0 wave_mode=Entry bank_target=0 bank_turn=0
elapsed=74805 actor=high_guard event=chase-angle path=886F target_speed=60 acceleration=0 corridor=67,-3108,34 wave_mode=Combat bank_target=12 bank_turn=1
elapsed=74805 actor=high_guard event=move path=886F target_speed=60 acceleration=0 corridor=67,-3108,34 wave_mode=Combat bank_target=12 bank_turn=1
elapsed=74805 actor=high_guard event=vertical-step path=8942 target_speed=60 acceleration=0 corridor=67,-3108,34 wave_mode=Combat bank_target=12 bank_turn=1
elapsed=74805 actor=flanker event=move path=70F2 target_speed=60 acceleration=0 corridor=-42,-366,51 wave_mode=Combat bank_target=3 bank_turn=1
elapsed=74806 actor=flanker event=vertical-step path=8942 target_speed=60 acceleration=0 corridor=-42,-366,51 wave_mode=Combat bank_target=3 bank_turn=1
elapsed=74809 actor=vanguard event=move path=700F target_speed=12 acceleration=0 corridor=0,0,0 wave_mode=Entry bank_target=0 bank_turn=0
elapsed=74809 actor=vanguard event=vertical-step path=8942 target_speed=12 acceleration=0 corridor=0,0,0 wave_mode=Entry bank_target=0 bank_turn=0
elapsed=74809 actor=high_guard event=chase-angle path=886F target_speed=60 acceleration=0 corridor=67,-3108,34 wave_mode=Combat bank_target=12 bank_turn=1
elapsed=74809 actor=high_guard event=move path=886F target_speed=60 acceleration=0 corridor=67,-3108,34 wave_mode=Combat bank_target=12 bank_turn=1
elapsed=74810 actor=high_guard event=vertical-step path=8942 target_speed=60 acceleration=0 corridor=67,-3108,34 wave_mode=Combat bank_target=12 bank_turn=1
elapsed=74810 actor=flanker event=move path=70F2 target_speed=60 acceleration=0 corridor=-42,-366,51 wave_mode=Combat bank_target=4 bank_turn=1
elapsed=74810 actor=flanker event=vertical-step path=8942 target_speed=60 acceleration=0 corridor=-42,-366,51 wave_mode=Combat bank_target=4 bank_turn=1
elapsed=74813 actor=vanguard event=move path=700F target_speed=12 acceleration=0 corridor=0,0,0 wave_mode=Entry bank_target=0 bank_turn=0
elapsed=74814 actor=vanguard event=vertical-step path=8942 target_speed=12 acceleration=0 corridor=0,0,0 wave_mode=Entry bank_target=0 bank_turn=0
elapsed=74814 actor=high_guard event=chase-angle path=886F target_speed=60 acceleration=0 corridor=67,-3108,34 wave_mode=Combat bank_target=12 bank_turn=1
elapsed=74814 actor=high_guard event=move path=886F target_speed=60 acceleration=0 corridor=67,-3108,34 wave_mode=Combat bank_target=12 bank_turn=1
elapsed=74814 actor=high_guard event=vertical-step path=8942 target_speed=60 acceleration=0 corridor=67,-3108,34 wave_mode=Combat bank_target=12 bank_turn=1
elapsed=74814 actor=flanker event=move path=70F2 target_speed=60 acceleration=0 corridor=-42,-366,51 wave_mode=Combat bank_target=5 bank_turn=1
elapsed=74815 actor=flanker event=vertical-step path=8942 target_speed=60 acceleration=0 corridor=-42,-366,51 wave_mode=Combat bank_target=5 bank_turn=1
elapsed=74818 actor=vanguard event=move path=700F target_speed=12 acceleration=0 corridor=0,0,0 wave_mode=Entry bank_target=0 bank_turn=0
elapsed=74818 actor=vanguard event=vertical-step path=8942 target_speed=12 acceleration=0 corridor=0,0,0 wave_mode=Entry bank_target=0 bank_turn=0
elapsed=74818 actor=high_guard event=chase-angle path=886F target_speed=60 acceleration=0 corridor=67,-3108,34 wave_mode=Combat bank_target=12 bank_turn=1
elapsed=74818 actor=high_guard event=move path=886F target_speed=60 acceleration=0 corridor=67,-3108,34 wave_mode=Combat bank_target=12 bank_turn=1
elapsed=74819 actor=high_guard event=vertical-step path=8942 target_speed=60 acceleration=0 corridor=67,-3108,34 wave_mode=Combat bank_target=12 bank_turn=1
elapsed=74819 actor=flanker event=move path=70F2 target_speed=60 acceleration=0 corridor=-42,-366,51 wave_mode=Combat bank_target=6 bank_turn=1
elapsed=74819 actor=flanker event=vertical-step path=8942 target_speed=60 acceleration=0 corridor=-42,-366,51 wave_mode=Combat bank_target=6 bank_turn=1
elapsed=74822 actor=vanguard event=move path=700F target_speed=12 acceleration=0 corridor=0,0,0 wave_mode=Entry bank_target=0 bank_turn=0
elapsed=74823 actor=vanguard event=vertical-step path=8942 target_speed=12 acceleration=0 corridor=0,0,0 wave_mode=Entry bank_target=0 bank_turn=0
elapsed=74823 actor=high_guard event=chase-angle path=886F target_speed=60 acceleration=0 corridor=67,-3108,34 wave_mode=Combat bank_target=12 bank_turn=1
elapsed=74823 actor=high_guard event=move path=70F2 target_speed=60 acceleration=0 corridor=67,-3108,34 wave_mode=Combat bank_target=1 bank_turn=1
elapsed=74823 actor=high_guard event=vertical-step path=8942 target_speed=60 acceleration=0 corridor=67,-3108,34 wave_mode=Combat bank_target=1 bank_turn=1
elapsed=74823 actor=flanker event=move path=70F2 target_speed=60 acceleration=0 corridor=-42,-366,51 wave_mode=Combat bank_target=7 bank_turn=1
elapsed=74824 actor=flanker event=vertical-step path=8942 target_speed=60 acceleration=0 corridor=-42,-366,51 wave_mode=Combat bank_target=7 bank_turn=1
elapsed=74827 actor=vanguard event=move path=700F target_speed=12 acceleration=0 corridor=0,0,0 wave_mode=Entry bank_target=0 bank_turn=0
elapsed=74827 actor=vanguard event=vertical-step path=8942 target_speed=12 acceleration=0 corridor=0,0,0 wave_mode=Entry bank_target=0 bank_turn=0
elapsed=74827 actor=high_guard event=move path=70F2 target_speed=60 acceleration=0 corridor=67,-3108,34 wave_mode=Combat bank_target=2 bank_turn=1
elapsed=74828 actor=high_guard event=vertical-step path=8942 target_speed=60 acceleration=0 corridor=67,-3108,34 wave_mode=Combat bank_target=2 bank_turn=1
elapsed=74828 actor=flanker event=move path=70F2 target_speed=60 acceleration=0 corridor=-42,-366,51 wave_mode=Combat bank_target=8 bank_turn=1
elapsed=74828 actor=flanker event=vertical-step path=8942 target_speed=60 acceleration=0 corridor=-42,-366,51 wave_mode=Combat bank_target=8 bank_turn=1
elapsed=74831 actor=vanguard event=move path=700F target_speed=12 acceleration=0 corridor=0,0,0 wave_mode=Entry bank_target=0 bank_turn=0
elapsed=74832 actor=vanguard event=vertical-step path=8942 target_speed=12 acceleration=0 corridor=0,0,0 wave_mode=Entry bank_target=0 bank_turn=0
elapsed=74832 actor=high_guard event=move path=70F2 target_speed=60 acceleration=0 corridor=67,-3108,34 wave_mode=Combat bank_target=3 bank_turn=1
elapsed=74832 actor=high_guard event=vertical-step path=8942 target_speed=60 acceleration=0 corridor=67,-3108,34 wave_mode=Combat bank_target=3 bank_turn=1
elapsed=74832 actor=flanker event=move path=70F2 target_speed=60 acceleration=0 corridor=-42,-366,51 wave_mode=Combat bank_target=9 bank_turn=1
elapsed=74833 actor=flanker event=vertical-step path=8942 target_speed=60 acceleration=0 corridor=-42,-366,51 wave_mode=Combat bank_target=9 bank_turn=1
elapsed=74836 actor=vanguard event=move path=700F target_speed=12 acceleration=0 corridor=0,0,0 wave_mode=Entry bank_target=0 bank_turn=0
elapsed=74836 actor=vanguard event=vertical-step path=8942 target_speed=12 acceleration=0 corridor=0,0,0 wave_mode=Entry bank_target=0 bank_turn=0
elapsed=74836 actor=high_guard event=move path=70F2 target_speed=60 acceleration=0 corridor=67,-3108,34 wave_mode=Combat bank_target=4 bank_turn=1
elapsed=74837 actor=high_guard event=vertical-step path=8942 target_speed=60 acceleration=0 corridor=67,-3108,34 wave_mode=Combat bank_target=4 bank_turn=1
elapsed=74837 actor=flanker event=move path=70F2 target_speed=60 acceleration=0 corridor=-42,-366,51 wave_mode=Combat bank_target=10 bank_turn=1
elapsed=74837 actor=flanker event=vertical-step path=8942 target_speed=60 acceleration=0 corridor=-42,-366,51 wave_mode=Combat bank_target=10 bank_turn=1
elapsed=74841 actor=vanguard event=move path=700F target_speed=12 acceleration=0 corridor=0,0,0 wave_mode=Entry bank_target=0 bank_turn=0
elapsed=74841 actor=vanguard event=vertical-step path=8942 target_speed=12 acceleration=0 corridor=0,0,0 wave_mode=Entry bank_target=0 bank_turn=0
elapsed=74841 actor=high_guard event=move path=70F2 target_speed=60 acceleration=0 corridor=-114,-1282,-12 wave_mode=Combat bank_target=5 bank_turn=1
elapsed=74841 actor=high_guard event=vertical-step path=8942 target_speed=60 acceleration=0 corridor=-114,-1282,-12 wave_mode=Combat bank_target=5 bank_turn=1
elapsed=74841 actor=flanker event=move path=70F2 target_speed=60 acceleration=0 corridor=-42,-366,51 wave_mode=Combat bank_target=11 bank_turn=1
elapsed=74842 actor=flanker event=vertical-step path=8942 target_speed=60 acceleration=0 corridor=-42,-366,51 wave_mode=Combat bank_target=11 bank_turn=1
elapsed=74845 actor=vanguard event=move path=700F target_speed=12 acceleration=0 corridor=0,0,0 wave_mode=Entry bank_target=0 bank_turn=0
elapsed=74845 actor=vanguard event=vertical-step path=8942 target_speed=12 acceleration=0 corridor=0,0,0 wave_mode=Entry bank_target=0 bank_turn=0
elapsed=74845 actor=high_guard event=move path=70F2 target_speed=60 acceleration=0 corridor=-114,-1282,-12 wave_mode=Combat bank_target=6 bank_turn=1
elapsed=74846 actor=high_guard event=vertical-step path=8942 target_speed=60 acceleration=0 corridor=-114,-1282,-12 wave_mode=Combat bank_target=6 bank_turn=1
elapsed=74846 actor=flanker event=move path=70F2 target_speed=60 acceleration=0 corridor=-42,-366,51 wave_mode=Combat bank_target=12 bank_turn=1
elapsed=74846 actor=flanker event=vertical-step path=8942 target_speed=60 acceleration=0 corridor=-42,-366,51 wave_mode=Combat bank_target=12 bank_turn=1
elapsed=74850 actor=vanguard event=move path=700F target_speed=12 acceleration=0 corridor=0,0,0 wave_mode=Entry bank_target=0 bank_turn=0
elapsed=74850 actor=vanguard event=vertical-step path=8942 target_speed=12 acceleration=0 corridor=0,0,0 wave_mode=Entry bank_target=0 bank_turn=0
elapsed=74850 actor=high_guard event=move path=70F2 target_speed=60 acceleration=0 corridor=-114,-1282,-12 wave_mode=Combat bank_target=7 bank_turn=1
elapsed=74850 actor=high_guard event=vertical-step path=8942 target_speed=60 acceleration=0 corridor=-114,-1282,-12 wave_mode=Combat bank_target=7 bank_turn=1
elapsed=74851 actor=flanker event=move path=70F2 target_speed=60 acceleration=0 corridor=-42,-366,51 wave_mode=Combat bank_target=13 bank_turn=1
elapsed=74851 actor=flanker event=vertical-step path=8942 target_speed=60 acceleration=0 corridor=-42,-366,51 wave_mode=Combat bank_target=13 bank_turn=1
elapsed=74854 actor=vanguard event=move path=700F target_speed=12 acceleration=0 corridor=0,0,0 wave_mode=Entry bank_target=0 bank_turn=0
elapsed=74854 actor=vanguard event=vertical-step path=8942 target_speed=12 acceleration=0 corridor=0,0,0 wave_mode=Entry bank_target=0 bank_turn=0
elapsed=74855 actor=high_guard event=move path=70F2 target_speed=60 acceleration=0 corridor=-114,-1282,-12 wave_mode=Combat bank_target=8 bank_turn=1
elapsed=74855 actor=high_guard event=vertical-step path=8942 target_speed=60 acceleration=0 corridor=-114,-1282,-12 wave_mode=Combat bank_target=8 bank_turn=1
elapsed=74855 actor=flanker event=move path=70F2 target_speed=60 acceleration=0 corridor=-42,-366,51 wave_mode=Combat bank_target=14 bank_turn=1
elapsed=74855 actor=flanker event=vertical-step path=8942 target_speed=60 acceleration=0 corridor=-42,-366,51 wave_mode=Combat bank_target=14 bank_turn=1
elapsed=74859 actor=vanguard event=move path=700F target_speed=12 acceleration=0 corridor=0,0,0 wave_mode=Entry bank_target=0 bank_turn=0
elapsed=74859 actor=vanguard event=vertical-step path=8942 target_speed=12 acceleration=0 corridor=0,0,0 wave_mode=Entry bank_target=0 bank_turn=0
elapsed=74859 actor=high_guard event=move path=70F2 target_speed=60 acceleration=0 corridor=-114,-1282,-12 wave_mode=Combat bank_target=9 bank_turn=1
elapsed=74859 actor=high_guard event=vertical-step path=8942 target_speed=60 acceleration=0 corridor=-114,-1282,-12 wave_mode=Combat bank_target=9 bank_turn=1
elapsed=74860 actor=flanker event=move path=70F2 target_speed=60 acceleration=0 corridor=-42,-366,51 wave_mode=Combat bank_target=15 bank_turn=1
elapsed=74860 actor=flanker event=vertical-step path=8942 target_speed=60 acceleration=0 corridor=-42,-366,51 wave_mode=Combat bank_target=15 bank_turn=1
elapsed=74863 actor=vanguard event=move path=700F target_speed=12 acceleration=0 corridor=0,0,0 wave_mode=Entry bank_target=0 bank_turn=0
elapsed=74863 actor=vanguard event=vertical-step path=8942 target_speed=12 acceleration=0 corridor=0,0,0 wave_mode=Entry bank_target=0 bank_turn=0
elapsed=74864 actor=high_guard event=move path=70F2 target_speed=60 acceleration=0 corridor=-114,-1282,-12 wave_mode=Combat bank_target=10 bank_turn=1
elapsed=74864 actor=high_guard event=vertical-step path=8942 target_speed=60 acceleration=0 corridor=-114,-1282,-12 wave_mode=Combat bank_target=10 bank_turn=1
elapsed=74864 actor=flanker event=move path=70F2 target_speed=60 acceleration=0 corridor=92,3931,-92 wave_mode=Combat bank_target=16 bank_turn=1
elapsed=74864 actor=flanker event=vertical-step path=8942 target_speed=60 acceleration=0 corridor=92,3931,-92 wave_mode=Combat bank_target=16 bank_turn=1
elapsed=74868 actor=vanguard event=move path=700F target_speed=12 acceleration=0 corridor=0,0,0 wave_mode=Entry bank_target=0 bank_turn=0
elapsed=74868 actor=vanguard event=vertical-step path=8942 target_speed=12 acceleration=0 corridor=0,0,0 wave_mode=Entry bank_target=0 bank_turn=0
elapsed=74868 actor=high_guard event=move path=70F2 target_speed=60 acceleration=0 corridor=-114,-1282,-12 wave_mode=Combat bank_target=11 bank_turn=1
elapsed=74868 actor=high_guard event=vertical-step path=8942 target_speed=60 acceleration=0 corridor=-114,-1282,-12 wave_mode=Combat bank_target=11 bank_turn=1
elapsed=74869 actor=flanker event=move path=70F2 target_speed=60 acceleration=0 corridor=92,3931,-92 wave_mode=Combat bank_target=17 bank_turn=1
elapsed=74869 actor=flanker event=vertical-step path=8942 target_speed=60 acceleration=0 corridor=92,3931,-92 wave_mode=Combat bank_target=17 bank_turn=1
elapsed=74872 actor=vanguard event=move path=700F target_speed=12 acceleration=0 corridor=0,0,0 wave_mode=Entry bank_target=0 bank_turn=0
elapsed=74872 actor=vanguard event=vertical-step path=8942 target_speed=12 acceleration=0 corridor=0,0,0 wave_mode=Entry bank_target=0 bank_turn=0
elapsed=74873 actor=high_guard event=move path=70F2 target_speed=60 acceleration=0 corridor=-114,-1282,-12 wave_mode=Combat bank_target=12 bank_turn=1
elapsed=74873 actor=high_guard event=vertical-step path=8942 target_speed=60 acceleration=0 corridor=-114,-1282,-12 wave_mode=Combat bank_target=12 bank_turn=1
elapsed=74873 actor=flanker event=move path=70F2 target_speed=60 acceleration=0 corridor=92,3931,-92 wave_mode=Combat bank_target=18 bank_turn=1
elapsed=74873 actor=flanker event=vertical-step path=8942 target_speed=60 acceleration=0 corridor=92,3931,-92 wave_mode=Combat bank_target=18 bank_turn=1
elapsed=74877 actor=vanguard event=move path=700F target_speed=12 acceleration=0 corridor=0,0,0 wave_mode=Entry bank_target=0 bank_turn=0
elapsed=74877 actor=vanguard event=vertical-step path=8942 target_speed=12 acceleration=0 corridor=0,0,0 wave_mode=Entry bank_target=0 bank_turn=0
elapsed=74877 actor=high_guard event=move path=70F2 target_speed=60 acceleration=0 corridor=-114,-1282,-12 wave_mode=Combat bank_target=13 bank_turn=1
elapsed=74877 actor=high_guard event=vertical-step path=8942 target_speed=60 acceleration=0 corridor=-114,-1282,-12 wave_mode=Combat bank_target=13 bank_turn=1
elapsed=74878 actor=flanker event=move path=70F2 target_speed=60 acceleration=0 corridor=92,3931,-92 wave_mode=Combat bank_target=19 bank_turn=1
elapsed=74878 actor=flanker event=vertical-step path=8942 target_speed=60 acceleration=0 corridor=92,3931,-92 wave_mode=Combat bank_target=19 bank_turn=1
elapsed=74881 actor=vanguard event=move path=700F target_speed=12 acceleration=0 corridor=0,0,0 wave_mode=Entry bank_target=0 bank_turn=0
elapsed=74881 actor=vanguard event=vertical-step path=8942 target_speed=12 acceleration=0 corridor=0,0,0 wave_mode=Entry bank_target=0 bank_turn=0
elapsed=74882 actor=high_guard event=move path=70F2 target_speed=60 acceleration=0 corridor=-114,-1282,-12 wave_mode=Combat bank_target=14 bank_turn=1
elapsed=74882 actor=high_guard event=vertical-step path=8942 target_speed=60 acceleration=0 corridor=-114,-1282,-12 wave_mode=Combat bank_target=14 bank_turn=1
elapsed=74882 actor=flanker event=move path=70F2 target_speed=60 acceleration=0 corridor=92,3931,-92 wave_mode=Combat bank_target=20 bank_turn=1
elapsed=74882 actor=flanker event=vertical-step path=8942 target_speed=60 acceleration=0 corridor=92,3931,-92 wave_mode=Combat bank_target=20 bank_turn=1
elapsed=74886 actor=vanguard event=move path=700F target_speed=12 acceleration=0 corridor=0,0,0 wave_mode=Entry bank_target=0 bank_turn=0
elapsed=74886 actor=vanguard event=vertical-step path=8942 target_speed=12 acceleration=0 corridor=0,0,0 wave_mode=Entry bank_target=0 bank_turn=0
elapsed=74886 actor=high_guard event=move path=70F2 target_speed=60 acceleration=0 corridor=-114,-1282,-12 wave_mode=Combat bank_target=15 bank_turn=1
elapsed=74886 actor=high_guard event=vertical-step path=8942 target_speed=60 acceleration=0 corridor=-114,-1282,-12 wave_mode=Combat bank_target=15 bank_turn=1
elapsed=74887 actor=flanker event=move path=70F2 target_speed=60 acceleration=0 corridor=92,3931,-92 wave_mode=Combat bank_target=21 bank_turn=1
elapsed=74887 actor=flanker event=vertical-step path=8942 target_speed=60 acceleration=0 corridor=92,3931,-92 wave_mode=Combat bank_target=21 bank_turn=1
elapsed=74890 actor=vanguard event=move path=700F target_speed=12 acceleration=0 corridor=0,0,0 wave_mode=Entry bank_target=0 bank_turn=0
elapsed=74890 actor=vanguard event=vertical-step path=8942 target_speed=12 acceleration=0 corridor=0,0,0 wave_mode=Entry bank_target=0 bank_turn=0
elapsed=74891 actor=high_guard event=move path=70F2 target_speed=60 acceleration=0 corridor=-114,-1282,-12 wave_mode=Combat bank_target=16 bank_turn=1
elapsed=74891 actor=high_guard event=vertical-step path=8942 target_speed=60 acceleration=0 corridor=-114,-1282,-12 wave_mode=Combat bank_target=16 bank_turn=1
elapsed=74891 actor=flanker event=move path=70F2 target_speed=60 acceleration=0 corridor=92,3931,-92 wave_mode=Combat bank_target=22 bank_turn=1
elapsed=74891 actor=flanker event=vertical-step path=8942 target_speed=60 acceleration=0 corridor=92,3931,-92 wave_mode=Combat bank_target=22 bank_turn=1
elapsed=74895 actor=vanguard event=move path=700F target_speed=12 acceleration=0 corridor=0,0,0 wave_mode=Entry bank_target=0 bank_turn=0
elapsed=74895 actor=vanguard event=vertical-step path=8942 target_speed=12 acceleration=0 corridor=0,0,0 wave_mode=Entry bank_target=0 bank_turn=0
elapsed=74895 actor=high_guard event=move path=70F2 target_speed=60 acceleration=0 corridor=-114,-1282,-12 wave_mode=Combat bank_target=17 bank_turn=1
elapsed=74895 actor=high_guard event=vertical-step path=8942 target_speed=60 acceleration=0 corridor=-114,-1282,-12 wave_mode=Combat bank_target=17 bank_turn=1
elapsed=74896 actor=flanker event=move path=70F2 target_speed=60 acceleration=0 corridor=92,3931,-92 wave_mode=Combat bank_target=23 bank_turn=1
elapsed=74896 actor=flanker event=vertical-step path=8942 target_speed=60 acceleration=0 corridor=92,3931,-92 wave_mode=Combat bank_target=23 bank_turn=1
elapsed=74899 actor=vanguard event=move path=700F target_speed=12 acceleration=0 corridor=0,0,0 wave_mode=Entry bank_target=0 bank_turn=0
elapsed=74899 actor=vanguard event=vertical-step path=8942 target_speed=12 acceleration=0 corridor=0,0,0 wave_mode=Entry bank_target=0 bank_turn=0
elapsed=74900 actor=high_guard event=move path=70F2 target_speed=60 acceleration=0 corridor=-114,-1282,-12 wave_mode=Combat bank_target=18 bank_turn=1
elapsed=74900 actor=high_guard event=vertical-step path=8942 target_speed=60 acceleration=0 corridor=-114,-1282,-12 wave_mode=Combat bank_target=18 bank_turn=1
elapsed=74900 actor=flanker event=move path=70F2 target_speed=60 acceleration=0 corridor=92,3931,-92 wave_mode=Combat bank_target=24 bank_turn=1
elapsed=74900 actor=flanker event=vertical-step path=8942 target_speed=60 acceleration=0 corridor=92,3931,-92 wave_mode=Combat bank_target=24 bank_turn=1
elapsed=74904 actor=vanguard event=move path=700F target_speed=12 acceleration=0 corridor=0,0,0 wave_mode=Entry bank_target=0 bank_turn=0
elapsed=74904 actor=vanguard event=vertical-step path=8942 target_speed=12 acceleration=0 corridor=0,0,0 wave_mode=Entry bank_target=0 bank_turn=0
elapsed=74904 actor=high_guard event=move path=70F2 target_speed=60 acceleration=0 corridor=-114,-1282,-12 wave_mode=Combat bank_target=19 bank_turn=1
elapsed=74904 actor=high_guard event=vertical-step path=8942 target_speed=60 acceleration=0 corridor=-114,-1282,-12 wave_mode=Combat bank_target=19 bank_turn=1
elapsed=74905 actor=flanker event=move path=70F2 target_speed=60 acceleration=0 corridor=92,3931,-92 wave_mode=Combat bank_target=25 bank_turn=1
elapsed=74905 actor=flanker event=vertical-step path=8942 target_speed=60 acceleration=0 corridor=92,3931,-92 wave_mode=Combat bank_target=25 bank_turn=1
elapsed=74908 actor=vanguard event=move path=700F target_speed=12 acceleration=0 corridor=0,0,0 wave_mode=Entry bank_target=0 bank_turn=0
elapsed=74908 actor=vanguard event=vertical-step path=8942 target_speed=12 acceleration=0 corridor=0,0,0 wave_mode=Entry bank_target=0 bank_turn=0
elapsed=74909 actor=high_guard event=move path=70F2 target_speed=60 acceleration=0 corridor=-114,-1282,-12 wave_mode=Combat bank_target=20 bank_turn=1
elapsed=74909 actor=high_guard event=vertical-step path=8942 target_speed=60 acceleration=0 corridor=-114,-1282,-12 wave_mode=Combat bank_target=20 bank_turn=1
elapsed=74909 actor=flanker event=move path=70F2 target_speed=60 acceleration=0 corridor=92,3931,-92 wave_mode=Combat bank_target=26 bank_turn=1
elapsed=74909 actor=flanker event=vertical-step path=8942 target_speed=60 acceleration=0 corridor=92,3931,-92 wave_mode=Combat bank_target=26 bank_turn=1
elapsed=74913 actor=vanguard event=move path=700F target_speed=12 acceleration=0 corridor=0,0,0 wave_mode=Entry bank_target=0 bank_turn=0
elapsed=74913 actor=vanguard event=vertical-step path=8942 target_speed=12 acceleration=0 corridor=0,0,0 wave_mode=Entry bank_target=0 bank_turn=0
elapsed=74913 actor=high_guard event=move path=70F2 target_speed=60 acceleration=0 corridor=-114,-1282,-12 wave_mode=Combat bank_target=21 bank_turn=1
elapsed=74913 actor=high_guard event=vertical-step path=8942 target_speed=60 acceleration=0 corridor=-114,-1282,-12 wave_mode=Combat bank_target=21 bank_turn=1
elapsed=74914 actor=flanker event=wait-for-angle path=7101 target_speed=60 acceleration=0 corridor=92,3931,-92 wave_mode=Combat bank_target=27 bank_turn=0
elapsed=74914 actor=flanker event=move path=7101 target_speed=60 acceleration=0 corridor=92,3931,-92 wave_mode=Combat bank_target=27 bank_turn=0
elapsed=74914 actor=flanker event=vertical-step path=8942 target_speed=60 acceleration=0 corridor=92,3931,-92 wave_mode=Combat bank_target=27 bank_turn=0
elapsed=74917 actor=vanguard event=move path=700F target_speed=12 acceleration=0 corridor=0,0,0 wave_mode=Entry bank_target=0 bank_turn=0
elapsed=74917 actor=vanguard event=vertical-step path=8942 target_speed=12 acceleration=0 corridor=0,0,0 wave_mode=Entry bank_target=0 bank_turn=0
elapsed=74918 actor=high_guard event=move path=70F2 target_speed=60 acceleration=0 corridor=-114,-1282,-12 wave_mode=Combat bank_target=22 bank_turn=1
elapsed=74918 actor=high_guard event=vertical-step path=8942 target_speed=60 acceleration=0 corridor=-114,-1282,-12 wave_mode=Combat bank_target=22 bank_turn=1
elapsed=74918 actor=flanker event=wait-for-angle path=7101 target_speed=60 acceleration=0 corridor=92,3931,-92 wave_mode=Combat bank_target=27 bank_turn=0
elapsed=74918 actor=flanker event=move path=7101 target_speed=60 acceleration=0 corridor=92,3931,-92 wave_mode=Combat bank_target=27 bank_turn=0
elapsed=74918 actor=flanker event=vertical-step path=8942 target_speed=60 acceleration=0 corridor=92,3931,-92 wave_mode=Combat bank_target=27 bank_turn=0
elapsed=74922 actor=vanguard event=move path=700F target_speed=12 acceleration=0 corridor=0,0,0 wave_mode=Entry bank_target=0 bank_turn=0
elapsed=74922 actor=vanguard event=vertical-step path=8942 target_speed=12 acceleration=0 corridor=0,0,0 wave_mode=Entry bank_target=0 bank_turn=0
elapsed=74922 actor=high_guard event=move path=70F2 target_speed=60 acceleration=0 corridor=-114,-1282,-12 wave_mode=Combat bank_target=23 bank_turn=1
elapsed=74922 actor=high_guard event=vertical-step path=8942 target_speed=60 acceleration=0 corridor=-114,-1282,-12 wave_mode=Combat bank_target=23 bank_turn=1
elapsed=74923 actor=flanker event=wait-for-angle path=7101 target_speed=60 acceleration=0 corridor=92,3931,-92 wave_mode=Combat bank_target=27 bank_turn=0
elapsed=74923 actor=flanker event=move path=7101 target_speed=60 acceleration=0 corridor=92,3931,-92 wave_mode=Combat bank_target=27 bank_turn=0
elapsed=74923 actor=flanker event=vertical-step path=8942 target_speed=60 acceleration=0 corridor=92,3931,-92 wave_mode=Combat bank_target=27 bank_turn=0
elapsed=74926 actor=vanguard event=move path=700F target_speed=12 acceleration=0 corridor=0,0,0 wave_mode=Entry bank_target=0 bank_turn=0
elapsed=74926 actor=vanguard event=vertical-step path=8942 target_speed=12 acceleration=0 corridor=0,0,0 wave_mode=Entry bank_target=0 bank_turn=0
elapsed=74927 actor=high_guard event=move path=70F2 target_speed=60 acceleration=0 corridor=-114,-1282,-12 wave_mode=Combat bank_target=24 bank_turn=1
elapsed=74927 actor=high_guard event=vertical-step path=8942 target_speed=60 acceleration=0 corridor=-114,-1282,-12 wave_mode=Combat bank_target=24 bank_turn=1
elapsed=74927 actor=flanker event=wait-for-angle path=7101 target_speed=60 acceleration=0 corridor=92,3931,-92 wave_mode=Combat bank_target=27 bank_turn=0
elapsed=74927 actor=flanker event=move path=7101 target_speed=60 acceleration=0 corridor=92,3931,-92 wave_mode=Combat bank_target=27 bank_turn=0
elapsed=74927 actor=flanker event=vertical-step path=8942 target_speed=60 acceleration=0 corridor=92,3931,-92 wave_mode=Combat bank_target=27 bank_turn=0
elapsed=74931 actor=vanguard event=move path=700F target_speed=12 acceleration=0 corridor=0,0,0 wave_mode=Entry bank_target=0 bank_turn=0
elapsed=74931 actor=vanguard event=vertical-step path=8942 target_speed=12 acceleration=0 corridor=0,0,0 wave_mode=Entry bank_target=0 bank_turn=0
elapsed=74931 actor=high_guard event=wait-for-angle path=7101 target_speed=60 acceleration=0 corridor=-114,-1282,-12 wave_mode=Combat bank_target=25 bank_turn=0
elapsed=74931 actor=high_guard event=move path=7101 target_speed=60 acceleration=0 corridor=-114,-1282,-12 wave_mode=Combat bank_target=25 bank_turn=0
elapsed=74931 actor=high_guard event=vertical-step path=8942 target_speed=60 acceleration=0 corridor=-114,-1282,-12 wave_mode=Combat bank_target=25 bank_turn=0
elapsed=74931 actor=flanker event=wait-for-angle path=7101 target_speed=60 acceleration=0 corridor=92,3931,-92 wave_mode=Combat bank_target=27 bank_turn=0
elapsed=74931 actor=flanker event=move path=7101 target_speed=60 acceleration=0 corridor=92,3931,-92 wave_mode=Combat bank_target=27 bank_turn=0
elapsed=74932 actor=flanker event=vertical-step path=8942 target_speed=60 acceleration=0 corridor=92,3931,-92 wave_mode=Combat bank_target=27 bank_turn=0
elapsed=74935 actor=vanguard event=move path=700F target_speed=12 acceleration=0 corridor=0,0,0 wave_mode=Entry bank_target=0 bank_turn=0
elapsed=74935 actor=vanguard event=vertical-step path=8942 target_speed=12 acceleration=0 corridor=0,0,0 wave_mode=Entry bank_target=0 bank_turn=0
elapsed=74935 actor=high_guard event=wait-for-angle path=7101 target_speed=60 acceleration=0 corridor=-114,-1282,-12 wave_mode=Combat bank_target=25 bank_turn=0
elapsed=74935 actor=high_guard event=move path=7101 target_speed=60 acceleration=0 corridor=-114,-1282,-12 wave_mode=Combat bank_target=25 bank_turn=0
elapsed=74936 actor=high_guard event=vertical-step path=8942 target_speed=60 acceleration=0 corridor=-114,-1282,-12 wave_mode=Combat bank_target=25 bank_turn=0
elapsed=74936 actor=flanker event=wait-for-angle path=7101 target_speed=60 acceleration=0 corridor=92,3931,-92 wave_mode=Combat bank_target=27 bank_turn=0
elapsed=74936 actor=flanker event=move path=7101 target_speed=60 acceleration=0 corridor=92,3931,-92 wave_mode=Combat bank_target=27 bank_turn=0
elapsed=74936 actor=flanker event=vertical-step path=8942 target_speed=60 acceleration=0 corridor=92,3931,-92 wave_mode=Combat bank_target=27 bank_turn=0
elapsed=74939 actor=vanguard event=move path=700F target_speed=12 acceleration=0 corridor=0,0,0 wave_mode=Entry bank_target=0 bank_turn=0
elapsed=74940 actor=vanguard event=vertical-step path=8942 target_speed=12 acceleration=0 corridor=0,0,0 wave_mode=Entry bank_target=0 bank_turn=0
elapsed=74940 actor=high_guard event=wait-for-angle path=7101 target_speed=60 acceleration=0 corridor=-114,-1282,-12 wave_mode=Combat bank_target=25 bank_turn=0
elapsed=74940 actor=high_guard event=move path=7101 target_speed=60 acceleration=0 corridor=-114,-1282,-12 wave_mode=Combat bank_target=25 bank_turn=0
elapsed=74940 actor=high_guard event=vertical-step path=8942 target_speed=60 acceleration=0 corridor=-114,-1282,-12 wave_mode=Combat bank_target=25 bank_turn=0
elapsed=74940 actor=flanker event=wait-for-angle path=7101 target_speed=60 acceleration=0 corridor=92,3931,-92 wave_mode=Combat bank_target=27 bank_turn=0
elapsed=74940 actor=flanker event=move path=7101 target_speed=60 acceleration=0 corridor=92,3931,-92 wave_mode=Combat bank_target=27 bank_turn=0
elapsed=74941 actor=flanker event=vertical-step path=8942 target_speed=60 acceleration=0 corridor=92,3931,-92 wave_mode=Combat bank_target=27 bank_turn=0
elapsed=74944 actor=vanguard event=move path=700F target_speed=12 acceleration=0 corridor=0,0,0 wave_mode=Entry bank_target=0 bank_turn=0
elapsed=74944 actor=vanguard event=vertical-step path=8942 target_speed=12 acceleration=0 corridor=0,0,0 wave_mode=Entry bank_target=0 bank_turn=0
elapsed=74944 actor=high_guard event=wait-for-angle path=7101 target_speed=60 acceleration=0 corridor=-114,-1282,-12 wave_mode=Combat bank_target=25 bank_turn=0
elapsed=74944 actor=high_guard event=move path=7101 target_speed=60 acceleration=0 corridor=-114,-1282,-12 wave_mode=Combat bank_target=25 bank_turn=0
elapsed=74944 actor=high_guard event=vertical-step path=8942 target_speed=60 acceleration=0 corridor=-114,-1282,-12 wave_mode=Combat bank_target=25 bank_turn=0
elapsed=74945 actor=flanker event=wait-for-angle path=7101 target_speed=60 acceleration=0 corridor=92,3931,-92 wave_mode=Combat bank_target=27 bank_turn=0
elapsed=74945 actor=flanker event=move path=7101 target_speed=60 acceleration=0 corridor=92,3931,-92 wave_mode=Combat bank_target=27 bank_turn=0
elapsed=74945 actor=flanker event=vertical-step path=8942 target_speed=60 acceleration=0 corridor=92,3931,-92 wave_mode=Combat bank_target=27 bank_turn=0
elapsed=74948 actor=vanguard event=move path=700F target_speed=12 acceleration=0 corridor=0,0,0 wave_mode=Entry bank_target=0 bank_turn=0
elapsed=74949 actor=vanguard event=vertical-step path=8942 target_speed=12 acceleration=0 corridor=0,0,0 wave_mode=Entry bank_target=0 bank_turn=0
elapsed=74949 actor=high_guard event=wait-for-angle path=7101 target_speed=60 acceleration=0 corridor=-114,-1282,-12 wave_mode=Combat bank_target=25 bank_turn=0
elapsed=74949 actor=high_guard event=move path=7101 target_speed=60 acceleration=0 corridor=-114,-1282,-12 wave_mode=Combat bank_target=25 bank_turn=0
elapsed=74949 actor=high_guard event=vertical-step path=8942 target_speed=60 acceleration=0 corridor=-114,-1282,-12 wave_mode=Combat bank_target=25 bank_turn=0
elapsed=74949 actor=flanker event=wait-for-angle path=7101 target_speed=60 acceleration=0 corridor=92,3931,-92 wave_mode=Combat bank_target=27 bank_turn=0
elapsed=74949 actor=flanker event=move path=7101 target_speed=60 acceleration=0 corridor=92,3931,-92 wave_mode=Combat bank_target=27 bank_turn=0
elapsed=74949 actor=flanker event=vertical-step path=8942 target_speed=60 acceleration=0 corridor=92,3931,-92 wave_mode=Combat bank_target=27 bank_turn=0
elapsed=74953 actor=vanguard event=move path=700F target_speed=12 acceleration=0 corridor=0,0,0 wave_mode=Entry bank_target=0 bank_turn=0
elapsed=74953 actor=vanguard event=vertical-step path=8942 target_speed=12 acceleration=0 corridor=0,0,0 wave_mode=Entry bank_target=0 bank_turn=0
elapsed=74953 actor=high_guard event=wait-for-angle path=7101 target_speed=60 acceleration=0 corridor=-114,-1282,-12 wave_mode=Combat bank_target=25 bank_turn=0
elapsed=74953 actor=high_guard event=move path=7101 target_speed=60 acceleration=0 corridor=-114,-1282,-12 wave_mode=Combat bank_target=25 bank_turn=0
elapsed=74953 actor=high_guard event=vertical-step path=8942 target_speed=60 acceleration=0 corridor=-114,-1282,-12 wave_mode=Combat bank_target=25 bank_turn=0
elapsed=74954 actor=flanker event=wait-for-angle path=7101 target_speed=60 acceleration=0 corridor=92,3931,-92 wave_mode=Combat bank_target=27 bank_turn=0
elapsed=74954 actor=flanker event=move path=7101 target_speed=60 acceleration=0 corridor=92,3931,-92 wave_mode=Combat bank_target=27 bank_turn=0
elapsed=74954 actor=flanker event=vertical-step path=8942 target_speed=60 acceleration=0 corridor=92,3931,-92 wave_mode=Combat bank_target=27 bank_turn=0
elapsed=74957 actor=vanguard event=move path=700F target_speed=12 acceleration=0 corridor=0,0,0 wave_mode=Entry bank_target=0 bank_turn=0
elapsed=74957 actor=vanguard event=vertical-step path=8942 target_speed=12 acceleration=0 corridor=0,0,0 wave_mode=Entry bank_target=0 bank_turn=0
elapsed=74958 actor=high_guard event=wait-for-angle path=7101 target_speed=60 acceleration=0 corridor=-114,-1282,-12 wave_mode=Combat bank_target=25 bank_turn=0
elapsed=74958 actor=high_guard event=move path=7101 target_speed=60 acceleration=0 corridor=-114,-1282,-12 wave_mode=Combat bank_target=25 bank_turn=0
elapsed=74958 actor=high_guard event=vertical-step path=8942 target_speed=60 acceleration=0 corridor=-114,-1282,-12 wave_mode=Combat bank_target=25 bank_turn=0
elapsed=74958 actor=flanker event=wait-for-angle path=7101 target_speed=60 acceleration=0 corridor=92,3931,-92 wave_mode=Combat bank_target=27 bank_turn=0
elapsed=74958 actor=flanker event=move path=7101 target_speed=60 acceleration=0 corridor=92,3931,-92 wave_mode=Combat bank_target=27 bank_turn=0
elapsed=74958 actor=flanker event=vertical-step path=8942 target_speed=60 acceleration=0 corridor=92,3931,-92 wave_mode=Combat bank_target=27 bank_turn=0
elapsed=74962 actor=vanguard event=move path=700F target_speed=12 acceleration=0 corridor=0,0,0 wave_mode=Entry bank_target=0 bank_turn=0
elapsed=74962 actor=vanguard event=vertical-step path=8942 target_speed=12 acceleration=0 corridor=0,0,0 wave_mode=Entry bank_target=0 bank_turn=0
elapsed=74962 actor=high_guard event=wait-for-angle path=7101 target_speed=60 acceleration=0 corridor=-114,-1282,-12 wave_mode=Combat bank_target=25 bank_turn=0
elapsed=74962 actor=high_guard event=move path=7101 target_speed=60 acceleration=0 corridor=-114,-1282,-12 wave_mode=Combat bank_target=25 bank_turn=0
elapsed=74962 actor=high_guard event=vertical-step path=8942 target_speed=60 acceleration=0 corridor=-114,-1282,-12 wave_mode=Combat bank_target=25 bank_turn=0
elapsed=74962 actor=flanker event=wait-for-angle path=7101 target_speed=60 acceleration=0 corridor=92,3931,-92 wave_mode=Combat bank_target=27 bank_turn=0
elapsed=74962 actor=flanker event=move path=7101 target_speed=60 acceleration=0 corridor=92,3931,-92 wave_mode=Combat bank_target=27 bank_turn=0
elapsed=74963 actor=flanker event=vertical-step path=8942 target_speed=60 acceleration=0 corridor=92,3931,-92 wave_mode=Combat bank_target=27 bank_turn=0
elapsed=74966 actor=vanguard event=move path=700F target_speed=12 acceleration=0 corridor=0,0,0 wave_mode=Entry bank_target=0 bank_turn=0
elapsed=74966 actor=vanguard event=vertical-step path=8942 target_speed=12 acceleration=0 corridor=0,0,0 wave_mode=Entry bank_target=0 bank_turn=0
elapsed=74966 actor=high_guard event=wait-for-angle path=7101 target_speed=60 acceleration=0 corridor=-114,-1282,-12 wave_mode=Combat bank_target=25 bank_turn=0
elapsed=74966 actor=high_guard event=move path=7101 target_speed=60 acceleration=0 corridor=-114,-1282,-12 wave_mode=Combat bank_target=25 bank_turn=0
elapsed=74967 actor=high_guard event=vertical-step path=8942 target_speed=60 acceleration=0 corridor=-114,-1282,-12 wave_mode=Combat bank_target=25 bank_turn=0
elapsed=74967 actor=flanker event=wait-for-angle path=7101 target_speed=60 acceleration=0 corridor=92,3931,-92 wave_mode=Combat bank_target=27 bank_turn=0
elapsed=74967 actor=flanker event=move path=7101 target_speed=60 acceleration=0 corridor=92,3931,-92 wave_mode=Combat bank_target=27 bank_turn=0
elapsed=74967 actor=flanker event=vertical-step path=8942 target_speed=60 acceleration=0 corridor=92,3931,-92 wave_mode=Combat bank_target=27 bank_turn=0
elapsed=74970 actor=vanguard event=move path=700F target_speed=12 acceleration=0 corridor=0,0,0 wave_mode=Entry bank_target=0 bank_turn=0
elapsed=74971 actor=vanguard event=vertical-step path=8942 target_speed=12 acceleration=0 corridor=0,0,0 wave_mode=Entry bank_target=0 bank_turn=0
elapsed=74971 actor=high_guard event=wait-for-angle path=7101 target_speed=60 acceleration=0 corridor=-114,-1282,-12 wave_mode=Combat bank_target=25 bank_turn=0
elapsed=74971 actor=high_guard event=move path=7101 target_speed=60 acceleration=0 corridor=-114,-1282,-12 wave_mode=Combat bank_target=25 bank_turn=0
elapsed=74971 actor=high_guard event=vertical-step path=8942 target_speed=60 acceleration=0 corridor=-114,-1282,-12 wave_mode=Combat bank_target=25 bank_turn=0
elapsed=74971 actor=flanker event=wait-for-angle path=7101 target_speed=60 acceleration=0 corridor=92,3931,-92 wave_mode=Combat bank_target=27 bank_turn=0
elapsed=74971 actor=flanker event=move path=7101 target_speed=60 acceleration=0 corridor=92,3931,-92 wave_mode=Combat bank_target=27 bank_turn=0
elapsed=74971 actor=flanker event=vertical-step path=8942 target_speed=60 acceleration=0 corridor=92,3931,-92 wave_mode=Combat bank_target=27 bank_turn=0
elapsed=74975 actor=vanguard event=move path=700F target_speed=12 acceleration=0 corridor=0,0,0 wave_mode=Entry bank_target=0 bank_turn=0
elapsed=74975 actor=vanguard event=vertical-step path=8942 target_speed=12 acceleration=0 corridor=0,0,0 wave_mode=Entry bank_target=0 bank_turn=0
elapsed=74975 actor=high_guard event=wait-for-angle path=7101 target_speed=60 acceleration=0 corridor=-114,-1282,-12 wave_mode=Combat bank_target=25 bank_turn=0
elapsed=74975 actor=high_guard event=move path=7101 target_speed=60 acceleration=0 corridor=-114,-1282,-12 wave_mode=Combat bank_target=25 bank_turn=0
elapsed=74975 actor=high_guard event=vertical-step path=8942 target_speed=60 acceleration=0 corridor=-114,-1282,-12 wave_mode=Combat bank_target=25 bank_turn=0
elapsed=74976 actor=flanker event=wait-for-angle path=7101 target_speed=60 acceleration=0 corridor=92,3931,-92 wave_mode=Combat bank_target=27 bank_turn=0
elapsed=74976 actor=flanker event=face-player path=7125 target_speed=60 acceleration=0 corridor=92,3931,-92 wave_mode=Combat bank_target=12 bank_turn=0
elapsed=74976 actor=flanker event=move path=7125 target_speed=60 acceleration=0 corridor=92,3931,-92 wave_mode=Combat bank_target=13 bank_turn=0
elapsed=74976 actor=flanker event=vertical-step path=8942 target_speed=60 acceleration=0 corridor=92,3931,-92 wave_mode=Combat bank_target=13 bank_turn=0
elapsed=74979 actor=vanguard event=move path=700F target_speed=12 acceleration=0 corridor=0,0,0 wave_mode=Entry bank_target=0 bank_turn=0
elapsed=74979 actor=vanguard event=vertical-step path=8942 target_speed=12 acceleration=0 corridor=0,0,0 wave_mode=Entry bank_target=0 bank_turn=0
elapsed=74980 actor=high_guard event=wait-for-angle path=7101 target_speed=60 acceleration=0 corridor=100,2777,36 wave_mode=Combat bank_target=25 bank_turn=0
elapsed=74980 actor=high_guard event=move path=7101 target_speed=60 acceleration=0 corridor=100,2777,36 wave_mode=Combat bank_target=25 bank_turn=0
elapsed=74980 actor=high_guard event=vertical-step path=8942 target_speed=60 acceleration=0 corridor=100,2777,36 wave_mode=Combat bank_target=25 bank_turn=0
elapsed=74980 actor=flanker event=face-player path=7125 target_speed=60 acceleration=0 corridor=92,3931,-92 wave_mode=Combat bank_target=13 bank_turn=0
elapsed=74980 actor=flanker event=move path=7125 target_speed=60 acceleration=0 corridor=92,3931,-92 wave_mode=Combat bank_target=14 bank_turn=0
elapsed=74980 actor=flanker event=vertical-step path=8942 target_speed=60 acceleration=0 corridor=92,3931,-92 wave_mode=Combat bank_target=14 bank_turn=0
elapsed=74984 actor=vanguard event=move path=700F target_speed=12 acceleration=0 corridor=0,0,0 wave_mode=Entry bank_target=0 bank_turn=0
elapsed=74984 actor=vanguard event=vertical-step path=8942 target_speed=12 acceleration=0 corridor=0,0,0 wave_mode=Entry bank_target=0 bank_turn=0
elapsed=74984 actor=high_guard event=wait-for-angle path=7101 target_speed=60 acceleration=0 corridor=100,2777,36 wave_mode=Combat bank_target=25 bank_turn=0
elapsed=74984 actor=high_guard event=face-player path=7125 target_speed=60 acceleration=0 corridor=100,2777,36 wave_mode=Combat bank_target=14 bank_turn=0
elapsed=74984 actor=high_guard event=move path=7125 target_speed=60 acceleration=0 corridor=100,2777,36 wave_mode=Combat bank_target=15 bank_turn=0
elapsed=74984 actor=high_guard event=vertical-step path=8942 target_speed=60 acceleration=0 corridor=100,2777,36 wave_mode=Combat bank_target=15 bank_turn=0
elapsed=74985 actor=flanker event=face-player path=7125 target_speed=60 acceleration=0 corridor=92,3931,-92 wave_mode=Combat bank_target=14 bank_turn=0
elapsed=74985 actor=flanker event=move path=7125 target_speed=60 acceleration=0 corridor=92,3931,-92 wave_mode=Combat bank_target=15 bank_turn=0
elapsed=74985 actor=flanker event=vertical-step path=8942 target_speed=60 acceleration=0 corridor=92,3931,-92 wave_mode=Combat bank_target=15 bank_turn=0
elapsed=74988 actor=vanguard event=move path=700F target_speed=12 acceleration=0 corridor=0,0,0 wave_mode=Entry bank_target=0 bank_turn=0
elapsed=74988 actor=vanguard event=vertical-step path=8942 target_speed=12 acceleration=0 corridor=0,0,0 wave_mode=Entry bank_target=0 bank_turn=0
elapsed=74989 actor=high_guard event=face-player path=7125 target_speed=60 acceleration=0 corridor=100,2777,36 wave_mode=Combat bank_target=15 bank_turn=0
elapsed=74989 actor=high_guard event=projectile-face-immediate path=8C2D target_speed=60 acceleration=0 corridor=100,2777,36 wave_mode=Combat bank_target=0 bank_turn=0
elapsed=74989 actor=high_guard event=move path=7125 target_speed=60 acceleration=0 corridor=100,2777,36 wave_mode=Combat bank_target=0 bank_turn=0
elapsed=74989 actor=high_guard event=vertical-step path=8942 target_speed=60 acceleration=0 corridor=100,2777,36 wave_mode=Combat bank_target=0 bank_turn=0
elapsed=74990 actor=flanker event=face-player path=7125 target_speed=60 acceleration=0 corridor=-80,1619,21 wave_mode=Combat bank_target=15 bank_turn=0
elapsed=74990 actor=flanker event=projectile-face-immediate path=8C2D target_speed=60 acceleration=0 corridor=-80,1619,21 wave_mode=Combat bank_target=0 bank_turn=0
elapsed=74990 actor=flanker event=move path=7125 target_speed=60 acceleration=0 corridor=-80,1619,21 wave_mode=Combat bank_target=0 bank_turn=0
elapsed=74990 actor=flanker event=vertical-step path=8942 target_speed=60 acceleration=0 corridor=-80,1619,21 wave_mode=Combat bank_target=0 bank_turn=0
elapsed=74994 actor=vanguard event=move path=700F target_speed=12 acceleration=0 corridor=0,0,0 wave_mode=Entry bank_target=0 bank_turn=0
elapsed=74994 actor=vanguard event=vertical-step path=8942 target_speed=12 acceleration=0 corridor=0,0,0 wave_mode=Entry bank_target=0 bank_turn=0
elapsed=74994 actor=high_guard event=face-player path=7125 target_speed=60 acceleration=0 corridor=100,2777,36 wave_mode=Combat bank_target=0 bank_turn=0
elapsed=74994 actor=high_guard event=move path=7125 target_speed=60 acceleration=0 corridor=100,2777,36 wave_mode=Combat bank_target=1 bank_turn=0
elapsed=74995 actor=high_guard event=vertical-step path=8942 target_speed=60 acceleration=0 corridor=100,2777,36 wave_mode=Combat bank_target=1 bank_turn=0
elapsed=74995 actor=flanker event=face-player path=7125 target_speed=60 acceleration=0 corridor=-80,1619,21 wave_mode=Combat bank_target=0 bank_turn=0
elapsed=74995 actor=flanker event=move path=7125 target_speed=60 acceleration=0 corridor=-80,1619,21 wave_mode=Combat bank_target=1 bank_turn=0
elapsed=74995 actor=flanker event=vertical-step path=8942 target_speed=60 acceleration=0 corridor=-80,1619,21 wave_mode=Combat bank_target=1 bank_turn=0
elapsed=74999 actor=vanguard event=move path=700F target_speed=12 acceleration=0 corridor=0,0,0 wave_mode=Entry bank_target=0 bank_turn=0
elapsed=74999 actor=vanguard event=vertical-step path=8942 target_speed=12 acceleration=0 corridor=0,0,0 wave_mode=Entry bank_target=0 bank_turn=0
elapsed=74999 actor=high_guard event=face-player path=7125 target_speed=60 acceleration=0 corridor=100,2777,36 wave_mode=Combat bank_target=1 bank_turn=0
elapsed=74999 actor=high_guard event=move path=7125 target_speed=60 acceleration=0 corridor=100,2777,36 wave_mode=Combat bank_target=2 bank_turn=0
elapsed=74999 actor=high_guard event=vertical-step path=8942 target_speed=60 acceleration=0 corridor=100,2777,36 wave_mode=Combat bank_target=2 bank_turn=0
elapsed=75000 actor=flanker event=face-player path=7125 target_speed=60 acceleration=0 corridor=-80,1619,21 wave_mode=Combat bank_target=1 bank_turn=0
elapsed=75000 actor=flanker event=move path=7125 target_speed=60 acceleration=0 corridor=-80,1619,21 wave_mode=Combat bank_target=2 bank_turn=0
elapsed=75000 actor=flanker event=vertical-step path=8942 target_speed=60 acceleration=0 corridor=-80,1619,21 wave_mode=Combat bank_target=2 bank_turn=0
elapsed=75004 actor=vanguard event=move path=700F target_speed=12 acceleration=0 corridor=0,0,0 wave_mode=Entry bank_target=0 bank_turn=0
elapsed=75004 actor=vanguard event=vertical-step path=8942 target_speed=12 acceleration=0 corridor=0,0,0 wave_mode=Entry bank_target=0 bank_turn=0
elapsed=75004 actor=high_guard event=face-player path=7125 target_speed=60 acceleration=0 corridor=100,2777,36 wave_mode=Combat bank_target=2 bank_turn=0
elapsed=75004 actor=high_guard event=move path=7125 target_speed=60 acceleration=0 corridor=100,2777,36 wave_mode=Combat bank_target=3 bank_turn=0
elapsed=75004 actor=high_guard event=vertical-step path=8942 target_speed=60 acceleration=0 corridor=100,2777,36 wave_mode=Combat bank_target=3 bank_turn=0
elapsed=75005 actor=flanker event=face-player path=7125 target_speed=60 acceleration=0 corridor=-80,1619,21 wave_mode=Combat bank_target=2 bank_turn=0
elapsed=75005 actor=flanker event=move path=7125 target_speed=60 acceleration=0 corridor=-80,1619,21 wave_mode=Combat bank_target=3 bank_turn=0
elapsed=75005 actor=flanker event=vertical-step path=8942 target_speed=60 acceleration=0 corridor=-80,1619,21 wave_mode=Combat bank_target=3 bank_turn=0
elapsed=75008 actor=vanguard event=move path=700F target_speed=12 acceleration=0 corridor=0,0,0 wave_mode=Entry bank_target=0 bank_turn=0
elapsed=75009 actor=vanguard event=vertical-step path=8942 target_speed=12 acceleration=0 corridor=0,0,0 wave_mode=Entry bank_target=0 bank_turn=0
elapsed=75009 actor=high_guard event=face-player path=7125 target_speed=60 acceleration=0 corridor=100,2777,36 wave_mode=Combat bank_target=3 bank_turn=0
elapsed=75009 actor=high_guard event=move path=7125 target_speed=60 acceleration=0 corridor=100,2777,36 wave_mode=Combat bank_target=4 bank_turn=0
elapsed=75009 actor=high_guard event=vertical-step path=8942 target_speed=60 acceleration=0 corridor=100,2777,36 wave_mode=Combat bank_target=4 bank_turn=0
elapsed=75010 actor=flanker event=face-player path=7125 target_speed=60 acceleration=0 corridor=-80,1619,21 wave_mode=Combat bank_target=3 bank_turn=0
elapsed=75010 actor=flanker event=move path=7125 target_speed=60 acceleration=0 corridor=-80,1619,21 wave_mode=Combat bank_target=4 bank_turn=0
elapsed=75010 actor=flanker event=vertical-step path=8942 target_speed=60 acceleration=0 corridor=-80,1619,21 wave_mode=Combat bank_target=4 bank_turn=0
elapsed=75014 actor=vanguard event=move path=700F target_speed=12 acceleration=0 corridor=0,0,0 wave_mode=Entry bank_target=0 bank_turn=0
elapsed=75014 actor=vanguard event=vertical-step path=8942 target_speed=12 acceleration=0 corridor=0,0,0 wave_mode=Entry bank_target=0 bank_turn=0
elapsed=75014 actor=high_guard event=face-player path=7125 target_speed=60 acceleration=0 corridor=100,2777,36 wave_mode=Combat bank_target=4 bank_turn=0
elapsed=75014 actor=high_guard event=move path=7125 target_speed=60 acceleration=0 corridor=100,2777,36 wave_mode=Combat bank_target=5 bank_turn=0
elapsed=75014 actor=high_guard event=vertical-step path=8942 target_speed=60 acceleration=0 corridor=100,2777,36 wave_mode=Combat bank_target=5 bank_turn=0
elapsed=75015 actor=flanker event=face-player path=7125 target_speed=60 acceleration=0 corridor=-80,1619,21 wave_mode=Combat bank_target=4 bank_turn=0
elapsed=75015 actor=flanker event=move path=7125 target_speed=60 acceleration=0 corridor=-80,1619,21 wave_mode=Combat bank_target=5 bank_turn=0
elapsed=75015 actor=flanker event=vertical-step path=8942 target_speed=60 acceleration=0 corridor=-80,1619,21 wave_mode=Combat bank_target=5 bank_turn=0
elapsed=75019 actor=vanguard event=move path=700F target_speed=12 acceleration=0 corridor=0,0,0 wave_mode=Entry bank_target=0 bank_turn=0
elapsed=75019 actor=vanguard event=vertical-step path=8942 target_speed=12 acceleration=0 corridor=0,0,0 wave_mode=Entry bank_target=0 bank_turn=0
elapsed=75019 actor=high_guard event=face-player path=7125 target_speed=60 acceleration=0 corridor=100,2777,36 wave_mode=Combat bank_target=5 bank_turn=0
elapsed=75019 actor=high_guard event=chase-angle path=886F target_speed=60 acceleration=2 corridor=100,2777,36 wave_mode=Combat bank_target=24 bank_turn=1
elapsed=75019 actor=high_guard event=move path=886F target_speed=60 acceleration=2 corridor=100,2777,36 wave_mode=Combat bank_target=24 bank_turn=1
elapsed=75019 actor=high_guard event=vertical-step path=8942 target_speed=60 acceleration=0 corridor=100,2777,36 wave_mode=Combat bank_target=24 bank_turn=1
elapsed=75020 actor=flanker event=face-player path=7125 target_speed=60 acceleration=0 corridor=-80,1619,21 wave_mode=Combat bank_target=5 bank_turn=0
elapsed=75020 actor=flanker event=move path=7125 target_speed=60 acceleration=0 corridor=-80,1619,21 wave_mode=Combat bank_target=6 bank_turn=0
elapsed=75020 actor=flanker event=vertical-step path=8942 target_speed=60 acceleration=0 corridor=-80,1619,21 wave_mode=Combat bank_target=6 bank_turn=0
elapsed=75023 actor=vanguard event=move path=700F target_speed=12 acceleration=0 corridor=0,0,0 wave_mode=Entry bank_target=0 bank_turn=0
elapsed=75024 actor=vanguard event=vertical-step path=8942 target_speed=12 acceleration=0 corridor=0,0,0 wave_mode=Entry bank_target=0 bank_turn=0
elapsed=75024 actor=high_guard event=chase-angle path=886F target_speed=60 acceleration=0 corridor=100,2777,36 wave_mode=Combat bank_target=24 bank_turn=1
elapsed=75024 actor=high_guard event=move path=886F target_speed=60 acceleration=0 corridor=100,2777,36 wave_mode=Combat bank_target=24 bank_turn=1
elapsed=75024 actor=high_guard event=vertical-step path=8942 target_speed=60 acceleration=0 corridor=100,2777,36 wave_mode=Combat bank_target=24 bank_turn=1
elapsed=75025 actor=flanker event=face-player path=7125 target_speed=60 acceleration=0 corridor=-80,1619,21 wave_mode=Combat bank_target=6 bank_turn=0
elapsed=75025 actor=flanker event=move path=7125 target_speed=60 acceleration=0 corridor=-80,1619,21 wave_mode=Combat bank_target=7 bank_turn=0
elapsed=75025 actor=flanker event=vertical-step path=8942 target_speed=60 acceleration=0 corridor=-80,1619,21 wave_mode=Combat bank_target=7 bank_turn=0
elapsed=75028 actor=vanguard event=move path=700F target_speed=12 acceleration=0 corridor=0,0,0 wave_mode=Entry bank_target=0 bank_turn=0
elapsed=75028 actor=vanguard event=vertical-step path=8942 target_speed=12 acceleration=0 corridor=0,0,0 wave_mode=Entry bank_target=0 bank_turn=0
elapsed=75029 actor=high_guard event=chase-angle path=886F target_speed=60 acceleration=0 corridor=100,2777,36 wave_mode=Combat bank_target=24 bank_turn=1
elapsed=75029 actor=high_guard event=move path=886F target_speed=60 acceleration=0 corridor=100,2777,36 wave_mode=Combat bank_target=24 bank_turn=1
elapsed=75029 actor=high_guard event=vertical-step path=8942 target_speed=60 acceleration=0 corridor=100,2777,36 wave_mode=Combat bank_target=24 bank_turn=1
elapsed=75029 actor=flanker event=face-player path=7125 target_speed=60 acceleration=0 corridor=-80,1619,21 wave_mode=Combat bank_target=7 bank_turn=0
elapsed=75030 actor=flanker event=move path=7125 target_speed=60 acceleration=0 corridor=-80,1619,21 wave_mode=Combat bank_target=8 bank_turn=0
elapsed=75030 actor=flanker event=vertical-step path=8942 target_speed=60 acceleration=0 corridor=-80,1619,21 wave_mode=Combat bank_target=8 bank_turn=0
elapsed=75033 actor=vanguard event=move path=700F target_speed=12 acceleration=0 corridor=0,0,0 wave_mode=Entry bank_target=0 bank_turn=0
elapsed=75033 actor=vanguard event=vertical-step path=8942 target_speed=12 acceleration=0 corridor=0,0,0 wave_mode=Entry bank_target=0 bank_turn=0
elapsed=75034 actor=high_guard event=chase-angle path=886F target_speed=60 acceleration=0 corridor=100,2777,36 wave_mode=Combat bank_target=24 bank_turn=1
elapsed=75034 actor=high_guard event=move path=886F target_speed=60 acceleration=0 corridor=100,2777,36 wave_mode=Combat bank_target=24 bank_turn=1
elapsed=75034 actor=high_guard event=vertical-step path=8942 target_speed=60 acceleration=0 corridor=100,2777,36 wave_mode=Combat bank_target=24 bank_turn=1
elapsed=75034 actor=flanker event=face-player path=7125 target_speed=60 acceleration=0 corridor=-80,1619,21 wave_mode=Combat bank_target=8 bank_turn=0
elapsed=75034 actor=flanker event=move path=7125 target_speed=60 acceleration=0 corridor=-80,1619,21 wave_mode=Combat bank_target=9 bank_turn=0
elapsed=75035 actor=flanker event=vertical-step path=8942 target_speed=60 acceleration=0 corridor=-80,1619,21 wave_mode=Combat bank_target=9 bank_turn=0
elapsed=75038 actor=vanguard event=move path=700F target_speed=12 acceleration=0 corridor=0,0,0 wave_mode=Entry bank_target=0 bank_turn=0
elapsed=75038 actor=vanguard event=vertical-step path=8942 target_speed=12 acceleration=0 corridor=0,0,0 wave_mode=Entry bank_target=0 bank_turn=0
elapsed=75038 actor=high_guard event=chase-angle path=886F target_speed=60 acceleration=0 corridor=100,2777,36 wave_mode=Combat bank_target=24 bank_turn=1
elapsed=75038 actor=high_guard event=move path=886F target_speed=60 acceleration=0 corridor=100,2777,36 wave_mode=Combat bank_target=24 bank_turn=1
elapsed=75039 actor=high_guard event=vertical-step path=8942 target_speed=60 acceleration=0 corridor=100,2777,36 wave_mode=Combat bank_target=24 bank_turn=1
elapsed=75039 actor=flanker event=face-player path=7125 target_speed=60 acceleration=0 corridor=-80,1619,21 wave_mode=Combat bank_target=9 bank_turn=0
elapsed=75039 actor=flanker event=move path=7125 target_speed=60 acceleration=0 corridor=-80,1619,21 wave_mode=Combat bank_target=10 bank_turn=0
elapsed=75040 actor=flanker event=vertical-step path=8942 target_speed=60 acceleration=0 corridor=-80,1619,21 wave_mode=Combat bank_target=10 bank_turn=0
elapsed=75043 actor=vanguard event=move path=700F target_speed=12 acceleration=0 corridor=0,0,0 wave_mode=Entry bank_target=0 bank_turn=0
elapsed=75043 actor=vanguard event=vertical-step path=8942 target_speed=12 acceleration=0 corridor=0,0,0 wave_mode=Entry bank_target=0 bank_turn=0
elapsed=75043 actor=high_guard event=chase-angle path=886F target_speed=60 acceleration=0 corridor=100,2777,36 wave_mode=Combat bank_target=24 bank_turn=1
elapsed=75043 actor=high_guard event=move path=886F target_speed=60 acceleration=0 corridor=100,2777,36 wave_mode=Combat bank_target=24 bank_turn=1
elapsed=75044 actor=high_guard event=vertical-step path=8942 target_speed=60 acceleration=0 corridor=100,2777,36 wave_mode=Combat bank_target=24 bank_turn=1
elapsed=75044 actor=flanker event=face-player path=7125 target_speed=60 acceleration=0 corridor=-80,1619,21 wave_mode=Combat bank_target=10 bank_turn=0
elapsed=75044 actor=flanker event=move path=7125 target_speed=60 acceleration=0 corridor=-80,1619,21 wave_mode=Combat bank_target=11 bank_turn=0
elapsed=75044 actor=flanker event=vertical-step path=8942 target_speed=60 acceleration=0 corridor=-80,1619,21 wave_mode=Combat bank_target=11 bank_turn=0
elapsed=75048 actor=vanguard event=move path=700F target_speed=12 acceleration=0 corridor=0,0,0 wave_mode=Entry bank_target=0 bank_turn=0
elapsed=75048 actor=vanguard event=vertical-step path=8942 target_speed=12 acceleration=0 corridor=0,0,0 wave_mode=Entry bank_target=0 bank_turn=0
elapsed=75048 actor=high_guard event=chase-angle path=886F target_speed=60 acceleration=0 corridor=100,2777,36 wave_mode=Combat bank_target=24 bank_turn=1
elapsed=75048 actor=high_guard event=move path=886F target_speed=60 acceleration=0 corridor=100,2777,36 wave_mode=Combat bank_target=24 bank_turn=1
elapsed=75048 actor=high_guard event=vertical-step path=8942 target_speed=60 acceleration=0 corridor=100,2777,36 wave_mode=Combat bank_target=24 bank_turn=1
elapsed=75049 actor=flanker event=face-player path=7125 target_speed=60 acceleration=0 corridor=-80,1619,21 wave_mode=Combat bank_target=11 bank_turn=0
elapsed=75049 actor=flanker event=move path=7125 target_speed=60 acceleration=0 corridor=-80,1619,21 wave_mode=Combat bank_target=12 bank_turn=0
elapsed=75049 actor=flanker event=vertical-step path=8942 target_speed=60 acceleration=0 corridor=-80,1619,21 wave_mode=Combat bank_target=12 bank_turn=0
elapsed=75052 actor=vanguard event=move path=700F target_speed=12 acceleration=0 corridor=0,0,0 wave_mode=Entry bank_target=0 bank_turn=0
elapsed=75053 actor=vanguard event=vertical-step path=8942 target_speed=12 acceleration=0 corridor=0,0,0 wave_mode=Entry bank_target=0 bank_turn=0
elapsed=75053 actor=high_guard event=chase-angle path=886F target_speed=60 acceleration=0 corridor=100,2777,36 wave_mode=Combat bank_target=24 bank_turn=1
elapsed=75053 actor=high_guard event=move path=886F target_speed=60 acceleration=0 corridor=100,2777,36 wave_mode=Combat bank_target=24 bank_turn=1
elapsed=75053 actor=high_guard event=vertical-step path=8942 target_speed=60 acceleration=0 corridor=100,2777,36 wave_mode=Combat bank_target=24 bank_turn=1
elapsed=75053 actor=flanker event=face-player path=7125 target_speed=60 acceleration=0 corridor=-80,1619,21 wave_mode=Combat bank_target=12 bank_turn=0
elapsed=75053 actor=flanker event=move path=7125 target_speed=60 acceleration=0 corridor=-80,1619,21 wave_mode=Combat bank_target=13 bank_turn=0
elapsed=75054 actor=flanker event=vertical-step path=8942 target_speed=60 acceleration=0 corridor=-80,1619,21 wave_mode=Combat bank_target=13 bank_turn=0
elapsed=75057 actor=vanguard event=move path=700F target_speed=12 acceleration=0 corridor=0,0,0 wave_mode=Entry bank_target=0 bank_turn=0
elapsed=75057 actor=vanguard event=vertical-step path=8942 target_speed=12 acceleration=0 corridor=0,0,0 wave_mode=Entry bank_target=0 bank_turn=0
elapsed=75057 actor=high_guard event=chase-angle path=886F target_speed=60 acceleration=0 corridor=100,2777,36 wave_mode=Combat bank_target=24 bank_turn=1
elapsed=75057 actor=high_guard event=move path=886F target_speed=60 acceleration=0 corridor=100,2777,36 wave_mode=Combat bank_target=24 bank_turn=1
elapsed=75058 actor=high_guard event=vertical-step path=8942 target_speed=60 acceleration=0 corridor=100,2777,36 wave_mode=Combat bank_target=24 bank_turn=1
elapsed=75058 actor=flanker event=face-player path=7125 target_speed=60 acceleration=0 corridor=-80,1619,21 wave_mode=Combat bank_target=13 bank_turn=0
elapsed=75058 actor=flanker event=move path=7125 target_speed=60 acceleration=0 corridor=-80,1619,21 wave_mode=Combat bank_target=14 bank_turn=0
elapsed=75058 actor=flanker event=vertical-step path=8942 target_speed=60 acceleration=0 corridor=-80,1619,21 wave_mode=Combat bank_target=14 bank_turn=0
elapsed=75062 actor=vanguard event=move path=700F target_speed=12 acceleration=0 corridor=0,0,0 wave_mode=Entry bank_target=0 bank_turn=0
elapsed=75062 actor=vanguard event=vertical-step path=8942 target_speed=12 acceleration=0 corridor=0,0,0 wave_mode=Entry bank_target=0 bank_turn=0
elapsed=75062 actor=high_guard event=chase-angle path=886F target_speed=60 acceleration=0 corridor=100,2777,36 wave_mode=Combat bank_target=24 bank_turn=1
elapsed=75062 actor=high_guard event=move path=886F target_speed=60 acceleration=0 corridor=100,2777,36 wave_mode=Combat bank_target=24 bank_turn=1
elapsed=75062 actor=high_guard event=vertical-step path=8942 target_speed=60 acceleration=0 corridor=100,2777,36 wave_mode=Combat bank_target=24 bank_turn=1
elapsed=75063 actor=flanker event=face-player path=7125 target_speed=60 acceleration=0 corridor=-80,1619,21 wave_mode=Combat bank_target=14 bank_turn=0
elapsed=75063 actor=flanker event=move path=7125 target_speed=60 acceleration=0 corridor=-80,1619,21 wave_mode=Combat bank_target=15 bank_turn=0
elapsed=75063 actor=flanker event=vertical-step path=8942 target_speed=60 acceleration=0 corridor=-80,1619,21 wave_mode=Combat bank_target=15 bank_turn=0
elapsed=75066 actor=vanguard event=move path=700F target_speed=12 acceleration=0 corridor=0,0,0 wave_mode=Entry bank_target=0 bank_turn=0
elapsed=75067 actor=vanguard event=vertical-step path=8942 target_speed=12 acceleration=0 corridor=0,0,0 wave_mode=Entry bank_target=0 bank_turn=0
elapsed=75067 actor=high_guard event=chase-angle path=886F target_speed=60 acceleration=0 corridor=32,-318,-122 wave_mode=Combat bank_target=24 bank_turn=1
elapsed=75067 actor=high_guard event=move path=886F target_speed=60 acceleration=0 corridor=32,-318,-122 wave_mode=Combat bank_target=24 bank_turn=1
elapsed=75067 actor=high_guard event=vertical-step path=8942 target_speed=60 acceleration=0 corridor=32,-318,-122 wave_mode=Combat bank_target=24 bank_turn=1
elapsed=75067 actor=flanker event=face-player path=7125 target_speed=60 acceleration=0 corridor=-80,1619,21 wave_mode=Combat bank_target=15 bank_turn=0
elapsed=75067 actor=flanker event=projectile-face-immediate path=8C2D target_speed=60 acceleration=0 corridor=-80,1619,21 wave_mode=Combat bank_target=0 bank_turn=0
elapsed=75068 actor=flanker event=move path=7125 target_speed=60 acceleration=0 corridor=-80,1619,21 wave_mode=Combat bank_target=0 bank_turn=0
elapsed=75068 actor=flanker event=vertical-step path=8942 target_speed=60 acceleration=0 corridor=-80,1619,21 wave_mode=Combat bank_target=0 bank_turn=0
elapsed=75072 actor=vanguard event=move path=700F target_speed=12 acceleration=0 corridor=0,0,0 wave_mode=Entry bank_target=0 bank_turn=0
elapsed=75072 actor=vanguard event=vertical-step path=8942 target_speed=12 acceleration=0 corridor=0,0,0 wave_mode=Entry bank_target=0 bank_turn=0
elapsed=75072 actor=high_guard event=chase-angle path=886F target_speed=60 acceleration=0 corridor=32,-318,-122 wave_mode=Combat bank_target=24 bank_turn=1
elapsed=75072 actor=high_guard event=move path=886F target_speed=60 acceleration=0 corridor=32,-318,-122 wave_mode=Combat bank_target=24 bank_turn=1
elapsed=75072 actor=high_guard event=vertical-step path=8942 target_speed=60 acceleration=0 corridor=32,-318,-122 wave_mode=Combat bank_target=24 bank_turn=1
elapsed=75073 actor=flanker event=face-player path=7125 target_speed=60 acceleration=0 corridor=-80,1619,21 wave_mode=Combat bank_target=0 bank_turn=0
elapsed=75073 actor=flanker event=move path=7125 target_speed=60 acceleration=0 corridor=-80,1619,21 wave_mode=Combat bank_target=1 bank_turn=0
elapsed=75073 actor=flanker event=vertical-step path=8942 target_speed=60 acceleration=0 corridor=-80,1619,21 wave_mode=Combat bank_target=1 bank_turn=0
elapsed=75077 actor=vanguard event=move path=700F target_speed=12 acceleration=0 corridor=0,0,0 wave_mode=Entry bank_target=0 bank_turn=0
elapsed=75077 actor=vanguard event=vertical-step path=8942 target_speed=12 acceleration=0 corridor=0,0,0 wave_mode=Entry bank_target=0 bank_turn=0
elapsed=75077 actor=high_guard event=chase-angle path=886F target_speed=60 acceleration=0 corridor=32,-318,-122 wave_mode=Combat bank_target=24 bank_turn=1
elapsed=75077 actor=high_guard event=move path=886F target_speed=60 acceleration=0 corridor=32,-318,-122 wave_mode=Combat bank_target=24 bank_turn=1
elapsed=75077 actor=high_guard event=vertical-step path=8942 target_speed=60 acceleration=0 corridor=32,-318,-122 wave_mode=Combat bank_target=24 bank_turn=1
elapsed=75078 actor=flanker event=face-player path=7125 target_speed=60 acceleration=0 corridor=-80,1619,21 wave_mode=Combat bank_target=1 bank_turn=0
elapsed=75078 actor=flanker event=move path=7125 target_speed=60 acceleration=0 corridor=-80,1619,21 wave_mode=Combat bank_target=2 bank_turn=0
elapsed=75078 actor=flanker event=vertical-step path=8942 target_speed=60 acceleration=0 corridor=-80,1619,21 wave_mode=Combat bank_target=2 bank_turn=0
elapsed=75082 actor=vanguard event=move path=700F target_speed=12 acceleration=0 corridor=0,0,0 wave_mode=Entry bank_target=0 bank_turn=0
elapsed=75082 actor=vanguard event=vertical-step path=8942 target_speed=12 acceleration=0 corridor=0,0,0 wave_mode=Entry bank_target=0 bank_turn=0
elapsed=75082 actor=high_guard event=chase-angle path=886F target_speed=60 acceleration=0 corridor=32,-318,-122 wave_mode=Combat bank_target=24 bank_turn=1
elapsed=75082 actor=high_guard event=move path=886F target_speed=60 acceleration=0 corridor=32,-318,-122 wave_mode=Combat bank_target=24 bank_turn=1
elapsed=75082 actor=high_guard event=vertical-step path=8942 target_speed=60 acceleration=0 corridor=32,-318,-122 wave_mode=Combat bank_target=24 bank_turn=1
elapsed=75083 actor=flanker event=face-player path=7125 target_speed=60 acceleration=0 corridor=-80,1619,21 wave_mode=Combat bank_target=2 bank_turn=0
elapsed=75083 actor=flanker event=move path=7125 target_speed=60 acceleration=0 corridor=-80,1619,21 wave_mode=Combat bank_target=3 bank_turn=0
elapsed=75083 actor=flanker event=vertical-step path=8942 target_speed=60 acceleration=0 corridor=-80,1619,21 wave_mode=Combat bank_target=3 bank_turn=0
elapsed=75087 actor=vanguard event=move path=700F target_speed=12 acceleration=0 corridor=0,0,0 wave_mode=Entry bank_target=0 bank_turn=0
elapsed=75087 actor=vanguard event=vertical-step path=8942 target_speed=12 acceleration=0 corridor=0,0,0 wave_mode=Entry bank_target=0 bank_turn=0
elapsed=75087 actor=high_guard event=chase-angle path=886F target_speed=60 acceleration=0 corridor=32,-318,-122 wave_mode=Combat bank_target=24 bank_turn=1
elapsed=75087 actor=high_guard event=move path=886F target_speed=60 acceleration=0 corridor=32,-318,-122 wave_mode=Combat bank_target=24 bank_turn=1
elapsed=75087 actor=high_guard event=vertical-step path=8942 target_speed=60 acceleration=0 corridor=32,-318,-122 wave_mode=Combat bank_target=24 bank_turn=1
elapsed=75088 actor=flanker event=face-player path=7125 target_speed=60 acceleration=0 corridor=-80,1619,21 wave_mode=Combat bank_target=3 bank_turn=0
elapsed=75088 actor=flanker event=move path=7125 target_speed=60 acceleration=0 corridor=-80,1619,21 wave_mode=Combat bank_target=4 bank_turn=0
elapsed=75088 actor=flanker event=vertical-step path=8942 target_speed=60 acceleration=0 corridor=-80,1619,21 wave_mode=Combat bank_target=4 bank_turn=0
elapsed=75092 actor=vanguard event=move path=700F target_speed=12 acceleration=0 corridor=0,0,0 wave_mode=Entry bank_target=0 bank_turn=0
elapsed=75092 actor=vanguard event=vertical-step path=8942 target_speed=12 acceleration=0 corridor=0,0,0 wave_mode=Entry bank_target=0 bank_turn=0
elapsed=75092 actor=high_guard event=chase-angle path=886F target_speed=60 acceleration=0 corridor=32,-318,-122 wave_mode=Combat bank_target=24 bank_turn=1
elapsed=75092 actor=high_guard event=move path=886F target_speed=60 acceleration=0 corridor=32,-318,-122 wave_mode=Combat bank_target=24 bank_turn=1
elapsed=75092 actor=high_guard event=vertical-step path=8942 target_speed=60 acceleration=0 corridor=32,-318,-122 wave_mode=Combat bank_target=24 bank_turn=1
elapsed=75093 actor=flanker event=face-player path=7125 target_speed=60 acceleration=0 corridor=-80,1619,21 wave_mode=Combat bank_target=4 bank_turn=0
elapsed=75093 actor=flanker event=move path=7125 target_speed=60 acceleration=0 corridor=-80,1619,21 wave_mode=Combat bank_target=5 bank_turn=0
elapsed=75093 actor=flanker event=vertical-step path=8942 target_speed=60 acceleration=0 corridor=-80,1619,21 wave_mode=Combat bank_target=5 bank_turn=0
elapsed=75097 actor=vanguard event=move path=700F target_speed=12 acceleration=0 corridor=0,0,0 wave_mode=Entry bank_target=0 bank_turn=0
elapsed=75097 actor=vanguard event=vertical-step path=8942 target_speed=12 acceleration=0 corridor=0,0,0 wave_mode=Entry bank_target=0 bank_turn=0
elapsed=75097 actor=high_guard event=chase-angle path=886F target_speed=60 acceleration=0 corridor=32,-318,-122 wave_mode=Combat bank_target=24 bank_turn=1
elapsed=75097 actor=high_guard event=move path=886F target_speed=60 acceleration=0 corridor=32,-318,-122 wave_mode=Combat bank_target=24 bank_turn=1
elapsed=75097 actor=high_guard event=vertical-step path=8942 target_speed=60 acceleration=0 corridor=32,-318,-122 wave_mode=Combat bank_target=24 bank_turn=1
elapsed=75098 actor=flanker event=face-player path=7125 target_speed=60 acceleration=0 corridor=-80,1619,21 wave_mode=Combat bank_target=5 bank_turn=0
elapsed=75098 actor=flanker event=move path=7125 target_speed=60 acceleration=0 corridor=-80,1619,21 wave_mode=Combat bank_target=6 bank_turn=0
elapsed=75098 actor=flanker event=vertical-step path=8942 target_speed=60 acceleration=0 corridor=-80,1619,21 wave_mode=Combat bank_target=6 bank_turn=0
elapsed=75102 actor=vanguard event=move path=700F target_speed=12 acceleration=0 corridor=0,0,0 wave_mode=Entry bank_target=0 bank_turn=0
elapsed=75102 actor=vanguard event=vertical-step path=8942 target_speed=12 acceleration=0 corridor=0,0,0 wave_mode=Entry bank_target=0 bank_turn=0
elapsed=75102 actor=high_guard event=chase-angle path=886F target_speed=60 acceleration=0 corridor=32,-318,-122 wave_mode=Combat bank_target=24 bank_turn=1
elapsed=75102 actor=high_guard event=move path=886F target_speed=60 acceleration=0 corridor=32,-318,-122 wave_mode=Combat bank_target=24 bank_turn=1
elapsed=75102 actor=high_guard event=vertical-step path=8942 target_speed=60 acceleration=0 corridor=32,-318,-122 wave_mode=Combat bank_target=24 bank_turn=1
elapsed=75103 actor=flanker event=face-player path=7125 target_speed=60 acceleration=0 corridor=-80,1619,21 wave_mode=Combat bank_target=6 bank_turn=0
elapsed=75103 actor=flanker event=move path=7125 target_speed=60 acceleration=0 corridor=-80,1619,21 wave_mode=Combat bank_target=7 bank_turn=0
elapsed=75103 actor=flanker event=vertical-step path=8942 target_speed=60 acceleration=0 corridor=-80,1619,21 wave_mode=Combat bank_target=7 bank_turn=0
elapsed=75106 actor=vanguard event=move path=700F target_speed=12 acceleration=0 corridor=0,0,0 wave_mode=Entry bank_target=0 bank_turn=0
elapsed=75107 actor=vanguard event=vertical-step path=8942 target_speed=12 acceleration=0 corridor=0,0,0 wave_mode=Entry bank_target=0 bank_turn=0
elapsed=75107 actor=high_guard event=chase-angle path=886F target_speed=60 acceleration=0 corridor=32,-318,-122 wave_mode=Combat bank_target=24 bank_turn=1
elapsed=75107 actor=high_guard event=move path=7146 target_speed=60 acceleration=0 corridor=32,-318,-122 wave_mode=Combat bank_target=24 bank_turn=1
elapsed=75107 actor=high_guard event=vertical-step path=8942 target_speed=60 acceleration=0 corridor=32,-318,-122 wave_mode=Combat bank_target=24 bank_turn=1
elapsed=75107 actor=flanker event=face-player path=7125 target_speed=60 acceleration=0 corridor=-80,1619,21 wave_mode=Combat bank_target=7 bank_turn=0
elapsed=75107 actor=flanker event=move path=7125 target_speed=60 acceleration=0 corridor=-80,1619,21 wave_mode=Combat bank_target=8 bank_turn=0
elapsed=75108 actor=flanker event=vertical-step path=8942 target_speed=60 acceleration=0 corridor=-80,1619,21 wave_mode=Combat bank_target=8 bank_turn=0
elapsed=75111 actor=vanguard event=move path=700F target_speed=12 acceleration=0 corridor=0,0,0 wave_mode=Entry bank_target=0 bank_turn=0
elapsed=75111 actor=vanguard event=vertical-step path=8942 target_speed=12 acceleration=0 corridor=0,0,0 wave_mode=Entry bank_target=0 bank_turn=0
elapsed=75112 actor=high_guard event=move path=7146 target_speed=60 acceleration=0 corridor=32,-318,-122 wave_mode=Combat bank_target=24 bank_turn=1
elapsed=75112 actor=high_guard event=vertical-step path=8942 target_speed=60 acceleration=0 corridor=32,-318,-122 wave_mode=Combat bank_target=24 bank_turn=1
elapsed=75112 actor=flanker event=face-player path=7125 target_speed=60 acceleration=0 corridor=-80,1619,21 wave_mode=Combat bank_target=8 bank_turn=0
elapsed=75112 actor=flanker event=move path=7125 target_speed=60 acceleration=0 corridor=-80,1619,21 wave_mode=Combat bank_target=9 bank_turn=0
elapsed=75112 actor=flanker event=vertical-step path=8942 target_speed=60 acceleration=0 corridor=-80,1619,21 wave_mode=Combat bank_target=9 bank_turn=0
elapsed=75116 actor=vanguard event=move path=700F target_speed=12 acceleration=0 corridor=0,0,0 wave_mode=Entry bank_target=0 bank_turn=0
elapsed=75116 actor=vanguard event=vertical-step path=8942 target_speed=12 acceleration=0 corridor=0,0,0 wave_mode=Entry bank_target=0 bank_turn=0
elapsed=75117 actor=high_guard event=wait-for-angle path=714B target_speed=60 acceleration=0 corridor=32,-318,-122 wave_mode=Combat bank_target=24 bank_turn=0
elapsed=75117 actor=high_guard event=move path=714B target_speed=60 acceleration=0 corridor=32,-318,-122 wave_mode=Combat bank_target=24 bank_turn=0
elapsed=75117 actor=high_guard event=vertical-step path=8942 target_speed=60 acceleration=0 corridor=32,-318,-122 wave_mode=Combat bank_target=24 bank_turn=0
elapsed=75117 actor=flanker event=face-player path=7125 target_speed=60 acceleration=0 corridor=-80,1619,21 wave_mode=Combat bank_target=9 bank_turn=0
elapsed=75117 actor=flanker event=move path=7125 target_speed=60 acceleration=0 corridor=-80,1619,21 wave_mode=Combat bank_target=10 bank_turn=0
elapsed=75117 actor=flanker event=vertical-step path=8942 target_speed=60 acceleration=0 corridor=-80,1619,21 wave_mode=Combat bank_target=10 bank_turn=0
elapsed=75121 actor=vanguard event=move path=700F target_speed=12 acceleration=0 corridor=0,0,0 wave_mode=Entry bank_target=0 bank_turn=0
elapsed=75121 actor=vanguard event=vertical-step path=8942 target_speed=12 acceleration=0 corridor=0,0,0 wave_mode=Entry bank_target=0 bank_turn=0
elapsed=75121 actor=high_guard event=wait-for-angle path=714B target_speed=60 acceleration=0 corridor=32,-318,-122 wave_mode=Combat bank_target=24 bank_turn=0
elapsed=75121 actor=high_guard event=move path=714B target_speed=60 acceleration=0 corridor=32,-318,-122 wave_mode=Combat bank_target=24 bank_turn=0
elapsed=75122 actor=high_guard event=vertical-step path=8942 target_speed=60 acceleration=0 corridor=32,-318,-122 wave_mode=Combat bank_target=24 bank_turn=0
elapsed=75122 actor=flanker event=face-player path=7125 target_speed=60 acceleration=0 corridor=-80,1619,21 wave_mode=Combat bank_target=10 bank_turn=0
elapsed=75122 actor=flanker event=move path=7125 target_speed=60 acceleration=0 corridor=-80,1619,21 wave_mode=Combat bank_target=11 bank_turn=0
elapsed=75122 actor=flanker event=vertical-step path=8942 target_speed=60 acceleration=0 corridor=-80,1619,21 wave_mode=Combat bank_target=11 bank_turn=0
elapsed=75126 actor=vanguard event=move path=700F target_speed=12 acceleration=0 corridor=0,0,0 wave_mode=Entry bank_target=0 bank_turn=0
elapsed=75126 actor=vanguard event=vertical-step path=8942 target_speed=12 acceleration=0 corridor=0,0,0 wave_mode=Entry bank_target=0 bank_turn=0
elapsed=75126 actor=high_guard event=wait-for-angle path=714B target_speed=60 acceleration=0 corridor=32,-318,-122 wave_mode=Combat bank_target=24 bank_turn=0
elapsed=75126 actor=high_guard event=move path=714B target_speed=60 acceleration=0 corridor=32,-318,-122 wave_mode=Combat bank_target=24 bank_turn=0
elapsed=75127 actor=high_guard event=vertical-step path=8942 target_speed=60 acceleration=0 corridor=32,-318,-122 wave_mode=Combat bank_target=24 bank_turn=0
elapsed=75127 actor=flanker event=face-player path=7125 target_speed=60 acceleration=0 corridor=-80,1619,21 wave_mode=Combat bank_target=11 bank_turn=0
elapsed=75127 actor=flanker event=move path=7125 target_speed=60 acceleration=0 corridor=-80,1619,21 wave_mode=Combat bank_target=12 bank_turn=0
elapsed=75127 actor=flanker event=vertical-step path=8942 target_speed=60 acceleration=0 corridor=-80,1619,21 wave_mode=Combat bank_target=12 bank_turn=0
elapsed=75131 actor=vanguard event=move path=700F target_speed=12 acceleration=0 corridor=0,0,0 wave_mode=Entry bank_target=0 bank_turn=0
elapsed=75131 actor=vanguard event=vertical-step path=8942 target_speed=12 acceleration=0 corridor=0,0,0 wave_mode=Entry bank_target=0 bank_turn=0
elapsed=75131 actor=high_guard event=wait-for-angle path=714B target_speed=60 acceleration=0 corridor=32,-318,-122 wave_mode=Combat bank_target=24 bank_turn=0
elapsed=75131 actor=high_guard event=move path=714B target_speed=60 acceleration=0 corridor=32,-318,-122 wave_mode=Combat bank_target=24 bank_turn=0
elapsed=75131 actor=high_guard event=vertical-step path=8942 target_speed=60 acceleration=0 corridor=32,-318,-122 wave_mode=Combat bank_target=24 bank_turn=0
elapsed=75132 actor=flanker event=face-player path=7125 target_speed=60 acceleration=0 corridor=-80,1619,21 wave_mode=Combat bank_target=12 bank_turn=0
elapsed=75132 actor=flanker event=move path=7125 target_speed=60 acceleration=0 corridor=-80,1619,21 wave_mode=Combat bank_target=13 bank_turn=0
elapsed=75132 actor=flanker event=vertical-step path=8942 target_speed=60 acceleration=0 corridor=-80,1619,21 wave_mode=Combat bank_target=13 bank_turn=0
elapsed=75136 actor=vanguard event=move path=700F target_speed=12 acceleration=0 corridor=0,0,0 wave_mode=Entry bank_target=0 bank_turn=0
elapsed=75136 actor=vanguard event=vertical-step path=8942 target_speed=12 acceleration=0 corridor=0,0,0 wave_mode=Entry bank_target=0 bank_turn=0
elapsed=75136 actor=high_guard event=wait-for-angle path=714B target_speed=60 acceleration=0 corridor=32,-318,-122 wave_mode=Combat bank_target=24 bank_turn=0
elapsed=75136 actor=high_guard event=move path=714B target_speed=60 acceleration=0 corridor=32,-318,-122 wave_mode=Combat bank_target=24 bank_turn=0
elapsed=75136 actor=high_guard event=vertical-step path=8942 target_speed=60 acceleration=0 corridor=32,-318,-122 wave_mode=Combat bank_target=24 bank_turn=0
elapsed=75136 actor=flanker event=face-player path=7125 target_speed=60 acceleration=0 corridor=-111,-2067,30 wave_mode=Combat bank_target=13 bank_turn=0
elapsed=75137 actor=flanker event=move path=7125 target_speed=60 acceleration=0 corridor=-111,-2067,30 wave_mode=Combat bank_target=14 bank_turn=0
elapsed=75137 actor=flanker event=vertical-step path=8942 target_speed=60 acceleration=0 corridor=-111,-2067,30 wave_mode=Combat bank_target=14 bank_turn=0
elapsed=75140 actor=vanguard event=move path=700F target_speed=12 acceleration=0 corridor=0,0,0 wave_mode=Entry bank_target=0 bank_turn=0
elapsed=75141 actor=vanguard event=vertical-step path=8942 target_speed=12 acceleration=0 corridor=0,0,0 wave_mode=Entry bank_target=0 bank_turn=0
elapsed=75141 actor=high_guard event=wait-for-angle path=714B target_speed=60 acceleration=0 corridor=32,-318,-122 wave_mode=Combat bank_target=24 bank_turn=0
elapsed=75141 actor=high_guard event=move path=714B target_speed=60 acceleration=0 corridor=32,-318,-122 wave_mode=Combat bank_target=24 bank_turn=0
elapsed=75141 actor=high_guard event=vertical-step path=8942 target_speed=60 acceleration=0 corridor=32,-318,-122 wave_mode=Combat bank_target=24 bank_turn=0
elapsed=75141 actor=flanker event=face-player path=7125 target_speed=60 acceleration=0 corridor=-111,-2067,30 wave_mode=Combat bank_target=14 bank_turn=0
elapsed=75141 actor=flanker event=move path=7125 target_speed=60 acceleration=0 corridor=-111,-2067,30 wave_mode=Combat bank_target=15 bank_turn=0
elapsed=75141 actor=flanker event=vertical-step path=8942 target_speed=60 acceleration=0 corridor=-111,-2067,30 wave_mode=Combat bank_target=15 bank_turn=0
elapsed=75145 actor=vanguard event=move path=700F target_speed=12 acceleration=0 corridor=0,0,0 wave_mode=Entry bank_target=0 bank_turn=0
elapsed=75145 actor=vanguard event=vertical-step path=8942 target_speed=12 acceleration=0 corridor=0,0,0 wave_mode=Entry bank_target=0 bank_turn=0
elapsed=75146 actor=high_guard event=wait-for-angle path=714B target_speed=60 acceleration=0 corridor=32,-318,-122 wave_mode=Combat bank_target=24 bank_turn=0
elapsed=75146 actor=high_guard event=move path=714B target_speed=60 acceleration=0 corridor=32,-318,-122 wave_mode=Combat bank_target=24 bank_turn=0
elapsed=75146 actor=high_guard event=vertical-step path=8942 target_speed=60 acceleration=0 corridor=32,-318,-122 wave_mode=Combat bank_target=24 bank_turn=0
elapsed=75146 actor=flanker event=face-player path=7125 target_speed=60 acceleration=0 corridor=-111,-2067,30 wave_mode=Combat bank_target=15 bank_turn=0
elapsed=75146 actor=flanker event=projectile-face-immediate path=8C2D target_speed=60 acceleration=0 corridor=-111,-2067,30 wave_mode=Combat bank_target=0 bank_turn=0
elapsed=75146 actor=flanker event=move path=7125 target_speed=60 acceleration=0 corridor=-111,-2067,30 wave_mode=Combat bank_target=0 bank_turn=0
elapsed=75147 actor=flanker event=vertical-step path=8942 target_speed=60 acceleration=0 corridor=-111,-2067,30 wave_mode=Combat bank_target=0 bank_turn=0
elapsed=75151 actor=vanguard event=move path=700F target_speed=12 acceleration=0 corridor=0,0,0 wave_mode=Entry bank_target=0 bank_turn=0
elapsed=75151 actor=vanguard event=vertical-step path=8942 target_speed=12 acceleration=0 corridor=0,0,0 wave_mode=Entry bank_target=0 bank_turn=0
elapsed=75151 actor=high_guard event=wait-for-angle path=714B target_speed=60 acceleration=0 corridor=32,-318,-122 wave_mode=Combat bank_target=24 bank_turn=0
elapsed=75151 actor=high_guard event=move path=714B target_speed=60 acceleration=0 corridor=32,-318,-122 wave_mode=Combat bank_target=24 bank_turn=0
elapsed=75152 actor=high_guard event=vertical-step path=8942 target_speed=60 acceleration=0 corridor=32,-318,-122 wave_mode=Combat bank_target=24 bank_turn=0
elapsed=75152 actor=flanker event=face-player path=7125 target_speed=60 acceleration=0 corridor=-111,-2067,30 wave_mode=Combat bank_target=0 bank_turn=0
elapsed=75152 actor=flanker event=move path=7125 target_speed=60 acceleration=0 corridor=-111,-2067,30 wave_mode=Combat bank_target=1 bank_turn=0
elapsed=75152 actor=flanker event=vertical-step path=8942 target_speed=60 acceleration=0 corridor=-111,-2067,30 wave_mode=Combat bank_target=1 bank_turn=0
elapsed=75156 actor=vanguard event=move path=700F target_speed=12 acceleration=0 corridor=0,0,0 wave_mode=Entry bank_target=0 bank_turn=0
elapsed=75156 actor=vanguard event=vertical-step path=8942 target_speed=12 acceleration=0 corridor=0,0,0 wave_mode=Entry bank_target=0 bank_turn=0
elapsed=75156 actor=high_guard event=wait-for-angle path=714B target_speed=60 acceleration=0 corridor=32,-318,-122 wave_mode=Combat bank_target=24 bank_turn=0
elapsed=75156 actor=high_guard event=move path=714B target_speed=60 acceleration=0 corridor=32,-318,-122 wave_mode=Combat bank_target=24 bank_turn=0
elapsed=75157 actor=high_guard event=vertical-step path=8942 target_speed=60 acceleration=0 corridor=32,-318,-122 wave_mode=Combat bank_target=24 bank_turn=0
elapsed=75157 actor=flanker event=face-player path=7125 target_speed=60 acceleration=0 corridor=-111,-2067,30 wave_mode=Combat bank_target=1 bank_turn=0
elapsed=75157 actor=flanker event=chase-angle path=886F target_speed=60 acceleration=2 corridor=-111,-2067,30 wave_mode=Combat bank_target=-21 bank_turn=1
elapsed=75157 actor=flanker event=move path=886F target_speed=60 acceleration=2 corridor=-111,-2067,30 wave_mode=Combat bank_target=-21 bank_turn=1
elapsed=75157 actor=flanker event=vertical-step path=8942 target_speed=60 acceleration=0 corridor=-111,-2067,30 wave_mode=Combat bank_target=-21 bank_turn=1
elapsed=75161 actor=vanguard event=move path=700F target_speed=12 acceleration=0 corridor=0,0,0 wave_mode=Entry bank_target=0 bank_turn=0
elapsed=75162 actor=vanguard event=vertical-step path=8942 target_speed=12 acceleration=0 corridor=0,0,0 wave_mode=Entry bank_target=0 bank_turn=0
elapsed=75162 actor=high_guard event=wait-for-angle path=714B target_speed=60 acceleration=0 corridor=32,-318,-122 wave_mode=Combat bank_target=24 bank_turn=0
elapsed=75162 actor=high_guard event=move path=714B target_speed=60 acceleration=0 corridor=32,-318,-122 wave_mode=Combat bank_target=24 bank_turn=0
elapsed=75162 actor=high_guard event=vertical-step path=8942 target_speed=60 acceleration=0 corridor=32,-318,-122 wave_mode=Combat bank_target=24 bank_turn=0
elapsed=75162 actor=flanker event=chase-angle path=886F target_speed=60 acceleration=0 corridor=-111,-2067,30 wave_mode=Combat bank_target=-21 bank_turn=1
elapsed=75162 actor=flanker event=move path=886F target_speed=60 acceleration=0 corridor=-111,-2067,30 wave_mode=Combat bank_target=-21 bank_turn=1
elapsed=75163 actor=flanker event=vertical-step path=8942 target_speed=60 acceleration=0 corridor=-111,-2067,30 wave_mode=Combat bank_target=-21 bank_turn=1
elapsed=75166 actor=vanguard event=move path=700F target_speed=12 acceleration=0 corridor=0,0,0 wave_mode=Entry bank_target=0 bank_turn=0
elapsed=75167 actor=vanguard event=vertical-step path=8942 target_speed=12 acceleration=0 corridor=0,0,0 wave_mode=Entry bank_target=0 bank_turn=0
elapsed=75167 actor=high_guard event=wait-for-angle path=714B target_speed=60 acceleration=0 corridor=20,-1746,40 wave_mode=Combat bank_target=24 bank_turn=0
elapsed=75167 actor=high_guard event=move path=714B target_speed=60 acceleration=0 corridor=20,-1746,40 wave_mode=Combat bank_target=24 bank_turn=0
elapsed=75167 actor=high_guard event=vertical-step path=8942 target_speed=60 acceleration=0 corridor=20,-1746,40 wave_mode=Combat bank_target=24 bank_turn=0
elapsed=75167 actor=flanker event=chase-angle path=886F target_speed=60 acceleration=0 corridor=-111,-2067,30 wave_mode=Combat bank_target=-21 bank_turn=1
elapsed=75167 actor=flanker event=move path=886F target_speed=60 acceleration=0 corridor=-111,-2067,30 wave_mode=Combat bank_target=-21 bank_turn=1
elapsed=75168 actor=flanker event=vertical-step path=8942 target_speed=60 acceleration=0 corridor=-111,-2067,30 wave_mode=Combat bank_target=-21 bank_turn=1
elapsed=75171 actor=vanguard event=move path=700F target_speed=12 acceleration=0 corridor=0,0,0 wave_mode=Entry bank_target=0 bank_turn=0
elapsed=75171 actor=vanguard event=vertical-step path=8942 target_speed=12 acceleration=0 corridor=0,0,0 wave_mode=Entry bank_target=0 bank_turn=0
elapsed=75172 actor=high_guard event=wait-for-angle path=714B target_speed=60 acceleration=0 corridor=20,-1746,40 wave_mode=Combat bank_target=24 bank_turn=0
elapsed=75172 actor=high_guard event=move path=714B target_speed=60 acceleration=0 corridor=20,-1746,40 wave_mode=Combat bank_target=24 bank_turn=0
elapsed=75172 actor=high_guard event=vertical-step path=8942 target_speed=60 acceleration=0 corridor=20,-1746,40 wave_mode=Combat bank_target=24 bank_turn=0
elapsed=75172 actor=flanker event=chase-angle path=886F target_speed=60 acceleration=0 corridor=-111,-2067,30 wave_mode=Combat bank_target=-21 bank_turn=1
elapsed=75172 actor=flanker event=move path=886F target_speed=60 acceleration=0 corridor=-111,-2067,30 wave_mode=Combat bank_target=-21 bank_turn=1
elapsed=75172 actor=flanker event=vertical-step path=8942 target_speed=60 acceleration=0 corridor=-111,-2067,30 wave_mode=Combat bank_target=-21 bank_turn=1
elapsed=75176 actor=vanguard event=move path=700F target_speed=12 acceleration=0 corridor=0,0,0 wave_mode=Entry bank_target=0 bank_turn=0
elapsed=75176 actor=vanguard event=vertical-step path=8942 target_speed=12 acceleration=0 corridor=0,0,0 wave_mode=Entry bank_target=0 bank_turn=0
elapsed=75177 actor=high_guard event=wait-for-angle path=714B target_speed=60 acceleration=0 corridor=20,-1746,40 wave_mode=Combat bank_target=24 bank_turn=0
elapsed=75177 actor=high_guard event=move path=714B target_speed=60 acceleration=0 corridor=20,-1746,40 wave_mode=Combat bank_target=24 bank_turn=0
elapsed=75177 actor=high_guard event=vertical-step path=8942 target_speed=60 acceleration=0 corridor=20,-1746,40 wave_mode=Combat bank_target=24 bank_turn=0
elapsed=75177 actor=flanker event=chase-angle path=886F target_speed=60 acceleration=0 corridor=-111,-2067,30 wave_mode=Combat bank_target=-21 bank_turn=1
elapsed=75177 actor=flanker event=move path=886F target_speed=60 acceleration=0 corridor=-111,-2067,30 wave_mode=Combat bank_target=-21 bank_turn=1
elapsed=75177 actor=flanker event=vertical-step path=8942 target_speed=60 acceleration=0 corridor=-111,-2067,30 wave_mode=Combat bank_target=-21 bank_turn=1
elapsed=75181 actor=vanguard event=move path=700F target_speed=12 acceleration=0 corridor=0,0,0 wave_mode=Entry bank_target=0 bank_turn=0
elapsed=75181 actor=vanguard event=vertical-step path=8942 target_speed=12 acceleration=0 corridor=0,0,0 wave_mode=Entry bank_target=0 bank_turn=0
elapsed=75181 actor=high_guard event=wait-for-angle path=714B target_speed=60 acceleration=0 corridor=20,-1746,40 wave_mode=Combat bank_target=24 bank_turn=0
elapsed=75181 actor=high_guard event=move path=714B target_speed=60 acceleration=0 corridor=20,-1746,40 wave_mode=Combat bank_target=24 bank_turn=0
elapsed=75181 actor=high_guard event=vertical-step path=8942 target_speed=60 acceleration=0 corridor=20,-1746,40 wave_mode=Combat bank_target=24 bank_turn=0
elapsed=75182 actor=flanker event=chase-angle path=886F target_speed=60 acceleration=0 corridor=-111,-2067,30 wave_mode=Combat bank_target=-21 bank_turn=1
elapsed=75182 actor=flanker event=move path=886F target_speed=60 acceleration=0 corridor=-111,-2067,30 wave_mode=Combat bank_target=-21 bank_turn=1
elapsed=75182 actor=flanker event=vertical-step path=8942 target_speed=60 acceleration=0 corridor=-111,-2067,30 wave_mode=Combat bank_target=-21 bank_turn=1
elapsed=75186 actor=vanguard event=move path=700F target_speed=12 acceleration=0 corridor=0,0,0 wave_mode=Entry bank_target=0 bank_turn=0
elapsed=75186 actor=vanguard event=vertical-step path=8942 target_speed=12 acceleration=0 corridor=0,0,0 wave_mode=Entry bank_target=0 bank_turn=0
elapsed=75186 actor=high_guard event=wait-for-angle path=714B target_speed=60 acceleration=0 corridor=20,-1746,40 wave_mode=Combat bank_target=24 bank_turn=0
elapsed=75186 actor=high_guard event=move path=714B target_speed=60 acceleration=0 corridor=20,-1746,40 wave_mode=Combat bank_target=24 bank_turn=0
elapsed=75186 actor=high_guard event=vertical-step path=8942 target_speed=60 acceleration=0 corridor=20,-1746,40 wave_mode=Combat bank_target=24 bank_turn=0
elapsed=75186 actor=flanker event=chase-angle path=886F target_speed=60 acceleration=0 corridor=-111,-2067,30 wave_mode=Combat bank_target=-21 bank_turn=1
elapsed=75186 actor=flanker event=move path=886F target_speed=60 acceleration=0 corridor=-111,-2067,30 wave_mode=Combat bank_target=-21 bank_turn=1
elapsed=75187 actor=flanker event=vertical-step path=8942 target_speed=60 acceleration=0 corridor=-111,-2067,30 wave_mode=Combat bank_target=-21 bank_turn=1
elapsed=75190 actor=vanguard event=move path=700F target_speed=12 acceleration=0 corridor=0,0,0 wave_mode=Entry bank_target=0 bank_turn=0
elapsed=75190 actor=vanguard event=vertical-step path=8942 target_speed=12 acceleration=0 corridor=0,0,0 wave_mode=Entry bank_target=0 bank_turn=0
elapsed=75191 actor=high_guard event=wait-for-angle path=714B target_speed=60 acceleration=0 corridor=20,-1746,40 wave_mode=Combat bank_target=24 bank_turn=0
elapsed=75191 actor=high_guard event=move path=714B target_speed=60 acceleration=0 corridor=20,-1746,40 wave_mode=Combat bank_target=24 bank_turn=0
elapsed=75191 actor=high_guard event=vertical-step path=8942 target_speed=60 acceleration=0 corridor=20,-1746,40 wave_mode=Combat bank_target=24 bank_turn=0
elapsed=75191 actor=flanker event=chase-angle path=886F target_speed=60 acceleration=0 corridor=-111,-2067,30 wave_mode=Combat bank_target=-21 bank_turn=1
elapsed=75191 actor=flanker event=move path=886F target_speed=60 acceleration=0 corridor=-111,-2067,30 wave_mode=Combat bank_target=-21 bank_turn=1
elapsed=75191 actor=flanker event=vertical-step path=8942 target_speed=60 acceleration=0 corridor=-111,-2067,30 wave_mode=Combat bank_target=-21 bank_turn=1
elapsed=75195 actor=vanguard event=move path=700F target_speed=12 acceleration=0 corridor=0,0,0 wave_mode=Entry bank_target=0 bank_turn=0
elapsed=75196 actor=vanguard event=vertical-step path=8942 target_speed=12 acceleration=0 corridor=0,0,0 wave_mode=Entry bank_target=0 bank_turn=0
elapsed=75196 actor=high_guard event=wait-for-angle path=714B target_speed=60 acceleration=0 corridor=20,-1746,40 wave_mode=Combat bank_target=24 bank_turn=0
elapsed=75196 actor=high_guard event=move path=714B target_speed=60 acceleration=0 corridor=20,-1746,40 wave_mode=Combat bank_target=24 bank_turn=0
elapsed=75196 actor=high_guard event=vertical-step path=8942 target_speed=60 acceleration=0 corridor=20,-1746,40 wave_mode=Combat bank_target=24 bank_turn=0
elapsed=75196 actor=flanker event=chase-angle path=886F target_speed=60 acceleration=0 corridor=-111,-2067,30 wave_mode=Combat bank_target=-21 bank_turn=1
elapsed=75196 actor=flanker event=move path=886F target_speed=60 acceleration=0 corridor=-111,-2067,30 wave_mode=Combat bank_target=-21 bank_turn=1
elapsed=75196 actor=flanker event=vertical-step path=8942 target_speed=60 acceleration=0 corridor=-111,-2067,30 wave_mode=Combat bank_target=-21 bank_turn=1
elapsed=75200 actor=vanguard event=move path=700F target_speed=12 acceleration=0 corridor=0,0,0 wave_mode=Entry bank_target=0 bank_turn=0
elapsed=75200 actor=vanguard event=vertical-step path=8942 target_speed=12 acceleration=0 corridor=0,0,0 wave_mode=Entry bank_target=0 bank_turn=0
elapsed=75200 actor=high_guard event=wait-for-angle path=714B target_speed=60 acceleration=0 corridor=20,-1746,40 wave_mode=Combat bank_target=24 bank_turn=0
elapsed=75200 actor=high_guard event=move path=714B target_speed=60 acceleration=0 corridor=20,-1746,40 wave_mode=Combat bank_target=24 bank_turn=0
elapsed=75201 actor=high_guard event=vertical-step path=8942 target_speed=60 acceleration=0 corridor=20,-1746,40 wave_mode=Combat bank_target=24 bank_turn=0
elapsed=75201 actor=flanker event=chase-angle path=886F target_speed=60 acceleration=0 corridor=-111,-2067,30 wave_mode=Combat bank_target=-21 bank_turn=1
elapsed=75201 actor=flanker event=move path=886F target_speed=60 acceleration=0 corridor=-111,-2067,30 wave_mode=Combat bank_target=-21 bank_turn=1
elapsed=75201 actor=flanker event=vertical-step path=8942 target_speed=60 acceleration=0 corridor=-111,-2067,30 wave_mode=Combat bank_target=-21 bank_turn=1
elapsed=75205 actor=vanguard event=move path=700F target_speed=12 acceleration=0 corridor=0,0,0 wave_mode=Entry bank_target=0 bank_turn=0
elapsed=75205 actor=vanguard event=vertical-step path=8942 target_speed=12 acceleration=0 corridor=0,0,0 wave_mode=Entry bank_target=0 bank_turn=0
elapsed=75205 actor=high_guard event=wait-for-angle path=714B target_speed=60 acceleration=0 corridor=20,-1746,40 wave_mode=Combat bank_target=24 bank_turn=0
elapsed=75205 actor=high_guard event=move path=714B target_speed=60 acceleration=0 corridor=20,-1746,40 wave_mode=Combat bank_target=24 bank_turn=0
elapsed=75205 actor=high_guard event=vertical-step path=8942 target_speed=60 acceleration=0 corridor=20,-1746,40 wave_mode=Combat bank_target=24 bank_turn=0
elapsed=75206 actor=flanker event=chase-angle path=886F target_speed=60 acceleration=0 corridor=-111,-2067,30 wave_mode=Combat bank_target=-21 bank_turn=1
elapsed=75206 actor=flanker event=move path=886F target_speed=60 acceleration=0 corridor=-111,-2067,30 wave_mode=Combat bank_target=-21 bank_turn=1
elapsed=75206 actor=flanker event=vertical-step path=8942 target_speed=60 acceleration=0 corridor=-111,-2067,30 wave_mode=Combat bank_target=-21 bank_turn=1
elapsed=75209 actor=vanguard event=move path=700F target_speed=12 acceleration=0 corridor=0,0,0 wave_mode=Entry bank_target=0 bank_turn=0
elapsed=75210 actor=vanguard event=vertical-step path=8942 target_speed=12 acceleration=0 corridor=0,0,0 wave_mode=Entry bank_target=0 bank_turn=0
elapsed=75210 actor=high_guard event=wait-for-angle path=714B target_speed=60 acceleration=0 corridor=20,-1746,40 wave_mode=Combat bank_target=24 bank_turn=0
elapsed=75210 actor=high_guard event=move path=70D7 target_speed=60 acceleration=0 corridor=20,-1746,40 wave_mode=Combat bank_target=24 bank_turn=0
elapsed=75210 actor=high_guard event=vertical-step path=8942 target_speed=60 acceleration=0 corridor=20,-1746,40 wave_mode=Combat bank_target=24 bank_turn=0
elapsed=75210 actor=flanker event=chase-angle path=886F target_speed=60 acceleration=0 corridor=-111,-2067,30 wave_mode=Combat bank_target=-21 bank_turn=1
elapsed=75210 actor=flanker event=move path=886F target_speed=60 acceleration=0 corridor=-111,-2067,30 wave_mode=Combat bank_target=-21 bank_turn=1
elapsed=75210 actor=flanker event=vertical-step path=8942 target_speed=60 acceleration=0 corridor=-111,-2067,30 wave_mode=Combat bank_target=-21 bank_turn=1
elapsed=75214 actor=vanguard event=move path=700F target_speed=12 acceleration=0 corridor=0,0,0 wave_mode=Entry bank_target=0 bank_turn=0
elapsed=75214 actor=vanguard event=vertical-step path=8942 target_speed=12 acceleration=0 corridor=0,0,0 wave_mode=Entry bank_target=0 bank_turn=0
elapsed=75215 actor=high_guard event=chase-angle path=886F target_speed=60 acceleration=0 corridor=20,-1746,40 wave_mode=Combat bank_target=12 bank_turn=1
elapsed=75215 actor=high_guard event=move path=886F target_speed=60 acceleration=0 corridor=20,-1746,40 wave_mode=Combat bank_target=12 bank_turn=1
elapsed=75215 actor=high_guard event=vertical-step path=8942 target_speed=60 acceleration=0 corridor=20,-1746,40 wave_mode=Combat bank_target=12 bank_turn=1
elapsed=75215 actor=flanker event=chase-angle path=886F target_speed=60 acceleration=0 corridor=-111,-2067,30 wave_mode=Combat bank_target=-21 bank_turn=1
elapsed=75215 actor=flanker event=move path=886F target_speed=60 acceleration=0 corridor=-111,-2067,30 wave_mode=Combat bank_target=-21 bank_turn=1
elapsed=75215 actor=flanker event=vertical-step path=8942 target_speed=60 acceleration=0 corridor=-111,-2067,30 wave_mode=Combat bank_target=-21 bank_turn=1
elapsed=75219 actor=vanguard event=move path=700F target_speed=12 acceleration=0 corridor=0,0,0 wave_mode=Entry bank_target=0 bank_turn=0
elapsed=75219 actor=vanguard event=vertical-step path=8942 target_speed=12 acceleration=0 corridor=0,0,0 wave_mode=Entry bank_target=0 bank_turn=0
elapsed=75219 actor=high_guard event=chase-angle path=886F target_speed=60 acceleration=0 corridor=-58,-3710,74 wave_mode=Combat bank_target=12 bank_turn=1
elapsed=75219 actor=high_guard event=move path=886F target_speed=60 acceleration=0 corridor=-58,-3710,74 wave_mode=Combat bank_target=12 bank_turn=1
elapsed=75219 actor=high_guard event=vertical-step path=8942 target_speed=60 acceleration=0 corridor=-58,-3710,74 wave_mode=Combat bank_target=12 bank_turn=1
elapsed=75220 actor=flanker event=chase-angle path=886F target_speed=60 acceleration=0 corridor=-82,-1338,-4 wave_mode=Combat bank_target=-21 bank_turn=1
elapsed=75220 actor=flanker event=move path=886F target_speed=60 acceleration=0 corridor=-82,-1338,-4 wave_mode=Combat bank_target=-21 bank_turn=1
elapsed=75220 actor=flanker event=vertical-step path=8942 target_speed=60 acceleration=0 corridor=-82,-1338,-4 wave_mode=Combat bank_target=-21 bank_turn=1
elapsed=75223 actor=vanguard event=move path=700F target_speed=12 acceleration=0 corridor=0,0,0 wave_mode=Entry bank_target=0 bank_turn=0
elapsed=75224 actor=vanguard event=vertical-step path=8942 target_speed=12 acceleration=0 corridor=0,0,0 wave_mode=Entry bank_target=0 bank_turn=0
elapsed=75224 actor=high_guard event=chase-angle path=886F target_speed=60 acceleration=0 corridor=-58,-3710,74 wave_mode=Combat bank_target=12 bank_turn=1
elapsed=75224 actor=high_guard event=move path=886F target_speed=60 acceleration=0 corridor=-58,-3710,74 wave_mode=Combat bank_target=12 bank_turn=1
elapsed=75224 actor=high_guard event=vertical-step path=8942 target_speed=60 acceleration=0 corridor=-58,-3710,74 wave_mode=Combat bank_target=12 bank_turn=1
elapsed=75224 actor=flanker event=chase-angle path=886F target_speed=60 acceleration=0 corridor=-82,-1338,-4 wave_mode=Combat bank_target=-21 bank_turn=1
elapsed=75224 actor=flanker event=move path=886F target_speed=60 acceleration=0 corridor=-82,-1338,-4 wave_mode=Combat bank_target=-21 bank_turn=1
elapsed=75224 actor=flanker event=vertical-step path=8942 target_speed=60 acceleration=0 corridor=-82,-1338,-4 wave_mode=Combat bank_target=-21 bank_turn=1
elapsed=75228 actor=vanguard event=move path=700F target_speed=12 acceleration=0 corridor=0,0,0 wave_mode=Entry bank_target=0 bank_turn=0
elapsed=75228 actor=vanguard event=vertical-step path=8942 target_speed=12 acceleration=0 corridor=0,0,0 wave_mode=Entry bank_target=0 bank_turn=0
elapsed=75228 actor=high_guard event=chase-angle path=886F target_speed=60 acceleration=0 corridor=-58,-3710,74 wave_mode=Combat bank_target=12 bank_turn=1
elapsed=75228 actor=high_guard event=move path=886F target_speed=60 acceleration=0 corridor=-58,-3710,74 wave_mode=Combat bank_target=12 bank_turn=1
elapsed=75229 actor=high_guard event=vertical-step path=8942 target_speed=60 acceleration=0 corridor=-58,-3710,74 wave_mode=Combat bank_target=12 bank_turn=1
elapsed=75229 actor=flanker event=chase-angle path=886F target_speed=60 acceleration=0 corridor=-82,-1338,-4 wave_mode=Combat bank_target=-21 bank_turn=1
elapsed=75229 actor=flanker event=move path=886F target_speed=60 acceleration=0 corridor=-82,-1338,-4 wave_mode=Combat bank_target=-21 bank_turn=1
elapsed=75229 actor=flanker event=vertical-step path=8942 target_speed=60 acceleration=0 corridor=-82,-1338,-4 wave_mode=Combat bank_target=-21 bank_turn=1
elapsed=75233 actor=vanguard event=move path=700F target_speed=12 acceleration=0 corridor=0,0,0 wave_mode=Entry bank_target=0 bank_turn=0
elapsed=75233 actor=vanguard event=vertical-step path=8942 target_speed=12 acceleration=0 corridor=0,0,0 wave_mode=Entry bank_target=0 bank_turn=0
elapsed=75233 actor=high_guard event=chase-angle path=886F target_speed=60 acceleration=0 corridor=-58,-3710,74 wave_mode=Combat bank_target=12 bank_turn=1
elapsed=75233 actor=high_guard event=move path=886F target_speed=60 acceleration=0 corridor=-58,-3710,74 wave_mode=Combat bank_target=12 bank_turn=1
elapsed=75233 actor=high_guard event=vertical-step path=8942 target_speed=60 acceleration=0 corridor=-58,-3710,74 wave_mode=Combat bank_target=12 bank_turn=1
elapsed=75233 actor=flanker event=chase-angle path=886F target_speed=60 acceleration=0 corridor=-82,-1338,-4 wave_mode=Combat bank_target=-21 bank_turn=1
elapsed=75233 actor=flanker event=move path=886F target_speed=60 acceleration=0 corridor=-82,-1338,-4 wave_mode=Combat bank_target=-21 bank_turn=1
elapsed=75234 actor=flanker event=vertical-step path=8942 target_speed=60 acceleration=0 corridor=-82,-1338,-4 wave_mode=Combat bank_target=-21 bank_turn=1
elapsed=75237 actor=vanguard event=move path=700F target_speed=12 acceleration=0 corridor=0,0,0 wave_mode=Entry bank_target=0 bank_turn=0
elapsed=75237 actor=vanguard event=vertical-step path=8942 target_speed=12 acceleration=0 corridor=0,0,0 wave_mode=Entry bank_target=0 bank_turn=0
elapsed=75238 actor=high_guard event=chase-angle path=886F target_speed=60 acceleration=0 corridor=-58,-3710,74 wave_mode=Combat bank_target=12 bank_turn=1
elapsed=75238 actor=high_guard event=move path=886F target_speed=60 acceleration=0 corridor=-58,-3710,74 wave_mode=Combat bank_target=12 bank_turn=1
elapsed=75238 actor=high_guard event=vertical-step path=8942 target_speed=60 acceleration=0 corridor=-58,-3710,74 wave_mode=Combat bank_target=12 bank_turn=1
elapsed=75238 actor=flanker event=chase-angle path=886F target_speed=60 acceleration=0 corridor=-82,-1338,-4 wave_mode=Combat bank_target=-21 bank_turn=1
elapsed=75238 actor=flanker event=move path=7146 target_speed=60 acceleration=0 corridor=-82,-1338,-4 wave_mode=Combat bank_target=-21 bank_turn=1
elapsed=75238 actor=flanker event=vertical-step path=8942 target_speed=60 acceleration=0 corridor=-82,-1338,-4 wave_mode=Combat bank_target=-21 bank_turn=1
elapsed=75242 actor=vanguard event=move path=700F target_speed=12 acceleration=0 corridor=0,0,0 wave_mode=Entry bank_target=0 bank_turn=0
elapsed=75242 actor=vanguard event=vertical-step path=8942 target_speed=12 acceleration=0 corridor=0,0,0 wave_mode=Entry bank_target=0 bank_turn=0
elapsed=75242 actor=high_guard event=chase-angle path=886F target_speed=60 acceleration=0 corridor=-58,-3710,74 wave_mode=Combat bank_target=12 bank_turn=1
elapsed=75242 actor=high_guard event=move path=886F target_speed=60 acceleration=0 corridor=-58,-3710,74 wave_mode=Combat bank_target=12 bank_turn=1
elapsed=75242 actor=high_guard event=vertical-step path=8942 target_speed=60 acceleration=0 corridor=-58,-3710,74 wave_mode=Combat bank_target=12 bank_turn=1
elapsed=75243 actor=flanker event=wait-for-angle path=714B target_speed=60 acceleration=0 corridor=-82,-1338,-4 wave_mode=Combat bank_target=-21 bank_turn=0
elapsed=75243 actor=flanker event=move path=714B target_speed=60 acceleration=0 corridor=-82,-1338,-4 wave_mode=Combat bank_target=-21 bank_turn=0
elapsed=75243 actor=flanker event=vertical-step path=8942 target_speed=60 acceleration=0 corridor=-82,-1338,-4 wave_mode=Combat bank_target=-21 bank_turn=0
elapsed=75246 actor=vanguard event=move path=700F target_speed=12 acceleration=0 corridor=0,0,0 wave_mode=Entry bank_target=0 bank_turn=0
elapsed=75246 actor=vanguard event=vertical-step path=8942 target_speed=12 acceleration=0 corridor=0,0,0 wave_mode=Entry bank_target=0 bank_turn=0
elapsed=75247 actor=high_guard event=chase-angle path=886F target_speed=60 acceleration=0 corridor=-58,-3710,74 wave_mode=Combat bank_target=12 bank_turn=1
elapsed=75247 actor=high_guard event=move path=886F target_speed=60 acceleration=0 corridor=-58,-3710,74 wave_mode=Combat bank_target=12 bank_turn=1
elapsed=75247 actor=high_guard event=vertical-step path=8942 target_speed=60 acceleration=0 corridor=-58,-3710,74 wave_mode=Combat bank_target=12 bank_turn=1
elapsed=75247 actor=flanker event=wait-for-angle path=714B target_speed=60 acceleration=0 corridor=-82,-1338,-4 wave_mode=Combat bank_target=-21 bank_turn=0
elapsed=75247 actor=flanker event=move path=714B target_speed=60 acceleration=0 corridor=-82,-1338,-4 wave_mode=Combat bank_target=-21 bank_turn=0
elapsed=75247 actor=flanker event=vertical-step path=8942 target_speed=60 acceleration=0 corridor=-82,-1338,-4 wave_mode=Combat bank_target=-21 bank_turn=0
elapsed=75251 actor=vanguard event=move path=700F target_speed=12 acceleration=0 corridor=0,0,0 wave_mode=Entry bank_target=0 bank_turn=0
elapsed=75251 actor=vanguard event=vertical-step path=8942 target_speed=12 acceleration=0 corridor=0,0,0 wave_mode=Entry bank_target=0 bank_turn=0
elapsed=75251 actor=high_guard event=chase-angle path=886F target_speed=60 acceleration=0 corridor=-58,-3710,74 wave_mode=Combat bank_target=12 bank_turn=1
elapsed=75251 actor=high_guard event=move path=886F target_speed=60 acceleration=0 corridor=-58,-3710,74 wave_mode=Combat bank_target=12 bank_turn=1
elapsed=75251 actor=high_guard event=vertical-step path=8942 target_speed=60 acceleration=0 corridor=-58,-3710,74 wave_mode=Combat bank_target=12 bank_turn=1
elapsed=75252 actor=flanker event=wait-for-angle path=714B target_speed=60 acceleration=0 corridor=-82,-1338,-4 wave_mode=Combat bank_target=-21 bank_turn=0
elapsed=75252 actor=flanker event=move path=714B target_speed=60 acceleration=0 corridor=-82,-1338,-4 wave_mode=Combat bank_target=-21 bank_turn=0
elapsed=75252 actor=flanker event=vertical-step path=8942 target_speed=60 acceleration=0 corridor=-82,-1338,-4 wave_mode=Combat bank_target=-21 bank_turn=0
elapsed=75255 actor=vanguard event=move path=700F target_speed=12 acceleration=0 corridor=0,0,0 wave_mode=Entry bank_target=0 bank_turn=0
elapsed=75255 actor=vanguard event=vertical-step path=8942 target_speed=12 acceleration=0 corridor=0,0,0 wave_mode=Entry bank_target=0 bank_turn=0
elapsed=75256 actor=high_guard event=chase-angle path=886F target_speed=60 acceleration=0 corridor=-58,-3710,74 wave_mode=Combat bank_target=12 bank_turn=1
elapsed=75256 actor=high_guard event=move path=886F target_speed=60 acceleration=0 corridor=-58,-3710,74 wave_mode=Combat bank_target=12 bank_turn=1
elapsed=75256 actor=high_guard event=vertical-step path=8942 target_speed=60 acceleration=0 corridor=-58,-3710,74 wave_mode=Combat bank_target=12 bank_turn=1
elapsed=75256 actor=flanker event=wait-for-angle path=714B target_speed=60 acceleration=0 corridor=-82,-1338,-4 wave_mode=Combat bank_target=-21 bank_turn=0
elapsed=75256 actor=flanker event=move path=714B target_speed=60 acceleration=0 corridor=-82,-1338,-4 wave_mode=Combat bank_target=-21 bank_turn=0
elapsed=75256 actor=flanker event=vertical-step path=8942 target_speed=60 acceleration=0 corridor=-82,-1338,-4 wave_mode=Combat bank_target=-21 bank_turn=0
elapsed=75260 actor=vanguard event=move path=700F target_speed=12 acceleration=0 corridor=0,0,0 wave_mode=Entry bank_target=0 bank_turn=0
elapsed=75260 actor=vanguard event=vertical-step path=8942 target_speed=12 acceleration=0 corridor=0,0,0 wave_mode=Entry bank_target=0 bank_turn=0
elapsed=75260 actor=high_guard event=chase-angle path=886F target_speed=60 acceleration=0 corridor=-58,-3710,74 wave_mode=Combat bank_target=12 bank_turn=1
elapsed=75260 actor=high_guard event=move path=886F target_speed=60 acceleration=0 corridor=-58,-3710,74 wave_mode=Combat bank_target=12 bank_turn=1
elapsed=75260 actor=high_guard event=vertical-step path=8942 target_speed=60 acceleration=0 corridor=-58,-3710,74 wave_mode=Combat bank_target=12 bank_turn=1
elapsed=75261 actor=flanker event=wait-for-angle path=714B target_speed=60 acceleration=0 corridor=-82,-1338,-4 wave_mode=Combat bank_target=-21 bank_turn=0
elapsed=75261 actor=flanker event=move path=714B target_speed=60 acceleration=0 corridor=-82,-1338,-4 wave_mode=Combat bank_target=-21 bank_turn=0
elapsed=75261 actor=flanker event=vertical-step path=8942 target_speed=60 acceleration=0 corridor=-82,-1338,-4 wave_mode=Combat bank_target=-21 bank_turn=0
elapsed=75264 actor=vanguard event=move path=700F target_speed=12 acceleration=0 corridor=0,0,0 wave_mode=Entry bank_target=0 bank_turn=0
elapsed=75264 actor=vanguard event=vertical-step path=8942 target_speed=12 acceleration=0 corridor=0,0,0 wave_mode=Entry bank_target=0 bank_turn=0
elapsed=75265 actor=high_guard event=chase-angle path=886F target_speed=60 acceleration=0 corridor=-58,-3710,74 wave_mode=Combat bank_target=12 bank_turn=1
elapsed=75265 actor=high_guard event=move path=70F2 target_speed=60 acceleration=0 corridor=-58,-3710,74 wave_mode=Combat bank_target=1 bank_turn=1
elapsed=75265 actor=high_guard event=vertical-step path=8942 target_speed=60 acceleration=0 corridor=-58,-3710,74 wave_mode=Combat bank_target=1 bank_turn=1
elapsed=75265 actor=flanker event=wait-for-angle path=714B target_speed=60 acceleration=0 corridor=-82,-1338,-4 wave_mode=Combat bank_target=-21 bank_turn=0
elapsed=75265 actor=flanker event=move path=714B target_speed=60 acceleration=0 corridor=-82,-1338,-4 wave_mode=Combat bank_target=-21 bank_turn=0
elapsed=75265 actor=flanker event=vertical-step path=8942 target_speed=60 acceleration=0 corridor=-82,-1338,-4 wave_mode=Combat bank_target=-21 bank_turn=0
elapsed=75269 actor=vanguard event=move path=700F target_speed=12 acceleration=0 corridor=0,0,0 wave_mode=Entry bank_target=0 bank_turn=0
elapsed=75269 actor=vanguard event=vertical-step path=8942 target_speed=12 acceleration=0 corridor=0,0,0 wave_mode=Entry bank_target=0 bank_turn=0
elapsed=75269 actor=high_guard event=move path=70F2 target_speed=60 acceleration=0 corridor=-58,-3710,74 wave_mode=Combat bank_target=2 bank_turn=1
elapsed=75269 actor=high_guard event=vertical-step path=8942 target_speed=60 acceleration=0 corridor=-58,-3710,74 wave_mode=Combat bank_target=2 bank_turn=1
elapsed=75270 actor=flanker event=wait-for-angle path=714B target_speed=60 acceleration=0 corridor=-82,-1338,-4 wave_mode=Combat bank_target=-21 bank_turn=0
elapsed=75270 actor=flanker event=move path=714B target_speed=60 acceleration=0 corridor=-82,-1338,-4 wave_mode=Combat bank_target=-21 bank_turn=0
elapsed=75270 actor=flanker event=vertical-step path=8942 target_speed=60 acceleration=0 corridor=-82,-1338,-4 wave_mode=Combat bank_target=-21 bank_turn=0
elapsed=75273 actor=vanguard event=move path=700F target_speed=12 acceleration=0 corridor=0,0,0 wave_mode=Entry bank_target=0 bank_turn=0
elapsed=75273 actor=vanguard event=vertical-step path=8942 target_speed=12 acceleration=0 corridor=0,0,0 wave_mode=Entry bank_target=0 bank_turn=0
elapsed=75274 actor=high_guard event=move path=70F2 target_speed=60 acceleration=0 corridor=-58,-3710,74 wave_mode=Combat bank_target=3 bank_turn=1
elapsed=75274 actor=high_guard event=vertical-step path=8942 target_speed=60 acceleration=0 corridor=-58,-3710,74 wave_mode=Combat bank_target=3 bank_turn=1
elapsed=75274 actor=flanker event=wait-for-angle path=714B target_speed=60 acceleration=0 corridor=-82,-1338,-4 wave_mode=Combat bank_target=-21 bank_turn=0
elapsed=75274 actor=flanker event=move path=714B target_speed=60 acceleration=0 corridor=-82,-1338,-4 wave_mode=Combat bank_target=-21 bank_turn=0
elapsed=75274 actor=flanker event=vertical-step path=8942 target_speed=60 acceleration=0 corridor=-82,-1338,-4 wave_mode=Combat bank_target=-21 bank_turn=0
elapsed=75278 actor=vanguard event=move path=700F target_speed=12 acceleration=0 corridor=0,0,0 wave_mode=Entry bank_target=0 bank_turn=0
elapsed=75278 actor=vanguard event=vertical-step path=8942 target_speed=12 acceleration=0 corridor=0,0,0 wave_mode=Entry bank_target=0 bank_turn=0
elapsed=75278 actor=high_guard event=move path=70F2 target_speed=60 acceleration=0 corridor=-58,-3710,74 wave_mode=Combat bank_target=4 bank_turn=1
elapsed=75278 actor=high_guard event=vertical-step path=8942 target_speed=60 acceleration=0 corridor=-58,-3710,74 wave_mode=Combat bank_target=4 bank_turn=1
elapsed=75278 actor=flanker event=wait-for-angle path=714B target_speed=60 acceleration=0 corridor=-82,-1338,-4 wave_mode=Combat bank_target=-21 bank_turn=0
elapsed=75278 actor=flanker event=move path=714B target_speed=60 acceleration=0 corridor=-82,-1338,-4 wave_mode=Combat bank_target=-21 bank_turn=0
elapsed=75279 actor=flanker event=vertical-step path=8942 target_speed=60 acceleration=0 corridor=-82,-1338,-4 wave_mode=Combat bank_target=-21 bank_turn=0
elapsed=75282 actor=vanguard event=move path=700F target_speed=12 acceleration=0 corridor=0,0,0 wave_mode=Entry bank_target=0 bank_turn=0
elapsed=75282 actor=vanguard event=vertical-step path=8942 target_speed=12 acceleration=0 corridor=0,0,0 wave_mode=Entry bank_target=0 bank_turn=0
elapsed=75282 actor=high_guard event=move path=70F2 target_speed=60 acceleration=0 corridor=-58,-3710,74 wave_mode=Combat bank_target=5 bank_turn=1
elapsed=75283 actor=high_guard event=vertical-step path=8942 target_speed=60 acceleration=0 corridor=-58,-3710,74 wave_mode=Combat bank_target=5 bank_turn=1
elapsed=75283 actor=flanker event=wait-for-angle path=714B target_speed=60 acceleration=0 corridor=-82,-1338,-4 wave_mode=Combat bank_target=-21 bank_turn=0
elapsed=75283 actor=flanker event=move path=714B target_speed=60 acceleration=0 corridor=-82,-1338,-4 wave_mode=Combat bank_target=-21 bank_turn=0
elapsed=75283 actor=flanker event=vertical-step path=8942 target_speed=60 acceleration=0 corridor=-82,-1338,-4 wave_mode=Combat bank_target=-21 bank_turn=0
elapsed=75287 actor=vanguard event=move path=700F target_speed=12 acceleration=0 corridor=0,0,0 wave_mode=Entry bank_target=0 bank_turn=0
elapsed=75287 actor=vanguard event=vertical-step path=8942 target_speed=12 acceleration=0 corridor=0,0,0 wave_mode=Entry bank_target=0 bank_turn=0
elapsed=75287 actor=high_guard event=move path=70F2 target_speed=60 acceleration=0 corridor=-58,-3710,74 wave_mode=Combat bank_target=6 bank_turn=1
elapsed=75287 actor=high_guard event=vertical-step path=8942 target_speed=60 acceleration=0 corridor=-58,-3710,74 wave_mode=Combat bank_target=6 bank_turn=1
elapsed=75287 actor=flanker event=wait-for-angle path=714B target_speed=60 acceleration=0 corridor=59,-2336,76 wave_mode=Combat bank_target=-21 bank_turn=0
elapsed=75287 actor=flanker event=move path=714B target_speed=60 acceleration=0 corridor=59,-2336,76 wave_mode=Combat bank_target=-21 bank_turn=0
elapsed=75288 actor=flanker event=vertical-step path=8942 target_speed=60 acceleration=0 corridor=59,-2336,76 wave_mode=Combat bank_target=-21 bank_turn=0
elapsed=75291 actor=vanguard event=move path=700F target_speed=12 acceleration=0 corridor=0,0,0 wave_mode=Entry bank_target=0 bank_turn=0
elapsed=75291 actor=vanguard event=vertical-step path=8942 target_speed=12 acceleration=0 corridor=0,0,0 wave_mode=Entry bank_target=0 bank_turn=0
elapsed=75291 actor=high_guard event=move path=70F2 target_speed=60 acceleration=0 corridor=-58,-3710,74 wave_mode=Combat bank_target=7 bank_turn=1
elapsed=75292 actor=high_guard event=vertical-step path=8942 target_speed=60 acceleration=0 corridor=-58,-3710,74 wave_mode=Combat bank_target=7 bank_turn=1
elapsed=75292 actor=flanker event=wait-for-angle path=714B target_speed=60 acceleration=0 corridor=59,-2336,76 wave_mode=Combat bank_target=-21 bank_turn=0
elapsed=75292 actor=flanker event=move path=714B target_speed=60 acceleration=0 corridor=59,-2336,76 wave_mode=Combat bank_target=-21 bank_turn=0
elapsed=75292 actor=flanker event=vertical-step path=8942 target_speed=60 acceleration=0 corridor=59,-2336,76 wave_mode=Combat bank_target=-21 bank_turn=0
elapsed=75296 actor=vanguard event=move path=700F target_speed=12 acceleration=0 corridor=0,0,0 wave_mode=Entry bank_target=0 bank_turn=0
elapsed=75296 actor=vanguard event=vertical-step path=8942 target_speed=12 acceleration=0 corridor=0,0,0 wave_mode=Entry bank_target=0 bank_turn=0
elapsed=75296 actor=high_guard event=move path=70F2 target_speed=60 acceleration=0 corridor=-58,-3710,74 wave_mode=Combat bank_target=8 bank_turn=1
elapsed=75296 actor=high_guard event=vertical-step path=8942 target_speed=60 acceleration=0 corridor=-58,-3710,74 wave_mode=Combat bank_target=8 bank_turn=1
elapsed=75296 actor=flanker event=wait-for-angle path=714B target_speed=60 acceleration=0 corridor=59,-2336,76 wave_mode=Combat bank_target=-21 bank_turn=0
elapsed=75296 actor=flanker event=move path=714B target_speed=60 acceleration=0 corridor=59,-2336,76 wave_mode=Combat bank_target=-21 bank_turn=0
elapsed=75297 actor=flanker event=vertical-step path=8942 target_speed=60 acceleration=0 corridor=59,-2336,76 wave_mode=Combat bank_target=-21 bank_turn=0
elapsed=75300 actor=vanguard event=move path=700F target_speed=12 acceleration=0 corridor=0,0,0 wave_mode=Entry bank_target=0 bank_turn=0
elapsed=75300 actor=vanguard event=vertical-step path=8942 target_speed=12 acceleration=0 corridor=0,0,0 wave_mode=Entry bank_target=0 bank_turn=0
elapsed=75300 actor=high_guard event=move path=70F2 target_speed=60 acceleration=0 corridor=-58,-3710,74 wave_mode=Combat bank_target=9 bank_turn=1
elapsed=75301 actor=high_guard event=vertical-step path=8942 target_speed=60 acceleration=0 corridor=-58,-3710,74 wave_mode=Combat bank_target=9 bank_turn=1
elapsed=75301 actor=flanker event=wait-for-angle path=714B target_speed=60 acceleration=0 corridor=59,-2336,76 wave_mode=Combat bank_target=-21 bank_turn=0
elapsed=75301 actor=flanker event=move path=714B target_speed=60 acceleration=0 corridor=59,-2336,76 wave_mode=Combat bank_target=-21 bank_turn=0
elapsed=75301 actor=flanker event=vertical-step path=8942 target_speed=60 acceleration=0 corridor=59,-2336,76 wave_mode=Combat bank_target=-21 bank_turn=0
elapsed=75304 actor=vanguard event=move path=700F target_speed=12 acceleration=0 corridor=0,0,0 wave_mode=Entry bank_target=0 bank_turn=0
elapsed=75305 actor=vanguard event=vertical-step path=8942 target_speed=12 acceleration=0 corridor=0,0,0 wave_mode=Entry bank_target=0 bank_turn=0
elapsed=75305 actor=high_guard event=move path=70F2 target_speed=60 acceleration=0 corridor=-58,-3710,74 wave_mode=Combat bank_target=10 bank_turn=1
elapsed=75305 actor=high_guard event=vertical-step path=8942 target_speed=60 acceleration=0 corridor=-58,-3710,74 wave_mode=Combat bank_target=10 bank_turn=1
elapsed=75305 actor=flanker event=wait-for-angle path=714B target_speed=60 acceleration=0 corridor=59,-2336,76 wave_mode=Combat bank_target=-21 bank_turn=0
elapsed=75305 actor=flanker event=move path=714B target_speed=60 acceleration=0 corridor=59,-2336,76 wave_mode=Combat bank_target=-21 bank_turn=0
elapsed=75305 actor=flanker event=vertical-step path=8942 target_speed=60 acceleration=0 corridor=59,-2336,76 wave_mode=Combat bank_target=-21 bank_turn=0
elapsed=75309 actor=vanguard event=move path=700F target_speed=12 acceleration=0 corridor=0,0,0 wave_mode=Entry bank_target=0 bank_turn=0
elapsed=75309 actor=vanguard event=vertical-step path=8942 target_speed=12 acceleration=0 corridor=0,0,0 wave_mode=Entry bank_target=0 bank_turn=0
elapsed=75309 actor=high_guard event=move path=70F2 target_speed=60 acceleration=0 corridor=-58,-3710,74 wave_mode=Combat bank_target=11 bank_turn=1
elapsed=75310 actor=high_guard event=vertical-step path=8942 target_speed=60 acceleration=0 corridor=-58,-3710,74 wave_mode=Combat bank_target=11 bank_turn=1
elapsed=75310 actor=flanker event=wait-for-angle path=714B target_speed=60 acceleration=0 corridor=59,-2336,76 wave_mode=Combat bank_target=-21 bank_turn=0
elapsed=75310 actor=flanker event=move path=714B target_speed=60 acceleration=0 corridor=59,-2336,76 wave_mode=Combat bank_target=-21 bank_turn=0
elapsed=75310 actor=flanker event=vertical-step path=8942 target_speed=60 acceleration=0 corridor=59,-2336,76 wave_mode=Combat bank_target=-21 bank_turn=0
elapsed=75313 actor=vanguard event=move path=700F target_speed=12 acceleration=0 corridor=0,0,0 wave_mode=Entry bank_target=0 bank_turn=0
elapsed=75314 actor=vanguard event=vertical-step path=8942 target_speed=12 acceleration=0 corridor=0,0,0 wave_mode=Entry bank_target=0 bank_turn=0
elapsed=75314 actor=high_guard event=move path=70F2 target_speed=60 acceleration=0 corridor=-58,-3710,74 wave_mode=Combat bank_target=12 bank_turn=1
elapsed=75314 actor=high_guard event=vertical-step path=8942 target_speed=60 acceleration=0 corridor=-58,-3710,74 wave_mode=Combat bank_target=12 bank_turn=1
elapsed=75314 actor=flanker event=wait-for-angle path=714B target_speed=60 acceleration=0 corridor=59,-2336,76 wave_mode=Combat bank_target=-21 bank_turn=0
elapsed=75314 actor=flanker event=move path=714B target_speed=60 acceleration=0 corridor=59,-2336,76 wave_mode=Combat bank_target=-21 bank_turn=0
elapsed=75315 actor=flanker event=vertical-step path=8942 target_speed=60 acceleration=0 corridor=59,-2336,76 wave_mode=Combat bank_target=-21 bank_turn=0
elapsed=75318 actor=vanguard event=move path=700F target_speed=12 acceleration=0 corridor=0,0,0 wave_mode=Entry bank_target=0 bank_turn=0
elapsed=75318 actor=vanguard event=vertical-step path=8942 target_speed=12 acceleration=0 corridor=0,0,0 wave_mode=Entry bank_target=0 bank_turn=0
elapsed=75319 actor=high_guard event=move path=70F2 target_speed=60 acceleration=0 corridor=-58,-3710,74 wave_mode=Combat bank_target=13 bank_turn=1
elapsed=75319 actor=high_guard event=vertical-step path=8942 target_speed=60 acceleration=0 corridor=-58,-3710,74 wave_mode=Combat bank_target=13 bank_turn=1
elapsed=75319 actor=flanker event=wait-for-angle path=714B target_speed=60 acceleration=0 corridor=59,-2336,76 wave_mode=Combat bank_target=-21 bank_turn=0
elapsed=75319 actor=flanker event=move path=714B target_speed=60 acceleration=0 corridor=59,-2336,76 wave_mode=Combat bank_target=-21 bank_turn=0
elapsed=75319 actor=flanker event=vertical-step path=8942 target_speed=60 acceleration=0 corridor=59,-2336,76 wave_mode=Combat bank_target=-21 bank_turn=0
elapsed=75323 actor=vanguard event=move path=700F target_speed=12 acceleration=0 corridor=0,0,0 wave_mode=Entry bank_target=0 bank_turn=0
elapsed=75323 actor=vanguard event=vertical-step path=8942 target_speed=12 acceleration=0 corridor=0,0,0 wave_mode=Entry bank_target=0 bank_turn=0
elapsed=75323 actor=high_guard event=move path=70F2 target_speed=60 acceleration=0 corridor=-58,-3710,74 wave_mode=Combat bank_target=14 bank_turn=1
elapsed=75323 actor=high_guard event=vertical-step path=8942 target_speed=60 acceleration=0 corridor=-58,-3710,74 wave_mode=Combat bank_target=14 bank_turn=1
elapsed=75324 actor=flanker event=wait-for-angle path=714B target_speed=60 acceleration=0 corridor=59,-2336,76 wave_mode=Combat bank_target=-21 bank_turn=0
elapsed=75324 actor=flanker event=move path=70D7 target_speed=60 acceleration=0 corridor=59,-2336,76 wave_mode=Combat bank_target=-21 bank_turn=0
elapsed=75324 actor=flanker event=vertical-step path=8942 target_speed=60 acceleration=0 corridor=59,-2336,76 wave_mode=Combat bank_target=-21 bank_turn=0
elapsed=75327 actor=vanguard event=move path=700F target_speed=12 acceleration=0 corridor=0,0,0 wave_mode=Entry bank_target=0 bank_turn=0
elapsed=75327 actor=vanguard event=vertical-step path=8942 target_speed=12 acceleration=0 corridor=0,0,0 wave_mode=Entry bank_target=0 bank_turn=0
elapsed=75328 actor=high_guard event=move path=70F2 target_speed=60 acceleration=0 corridor=-58,-3710,74 wave_mode=Combat bank_target=15 bank_turn=1
elapsed=75328 actor=high_guard event=vertical-step path=8942 target_speed=60 acceleration=0 corridor=-58,-3710,74 wave_mode=Combat bank_target=15 bank_turn=1
elapsed=75328 actor=flanker event=move path=70D9 target_speed=60 acceleration=0 corridor=59,-2336,76 wave_mode=Combat bank_target=1 bank_turn=0
elapsed=75328 actor=flanker event=vertical-step path=8942 target_speed=60 acceleration=0 corridor=59,-2336,76 wave_mode=Combat bank_target=1 bank_turn=0
elapsed=75332 actor=vanguard event=move path=700F target_speed=12 acceleration=0 corridor=0,0,0 wave_mode=Entry bank_target=0 bank_turn=0
elapsed=75332 actor=vanguard event=vertical-step path=8942 target_speed=12 acceleration=0 corridor=0,0,0 wave_mode=Entry bank_target=0 bank_turn=0
elapsed=75332 actor=high_guard event=move path=70F2 target_speed=60 acceleration=0 corridor=-58,-3710,74 wave_mode=Combat bank_target=16 bank_turn=1
elapsed=75332 actor=high_guard event=vertical-step path=8942 target_speed=60 acceleration=0 corridor=-58,-3710,74 wave_mode=Combat bank_target=16 bank_turn=1
elapsed=75333 actor=flanker event=move path=70D9 target_speed=60 acceleration=0 corridor=59,-2336,76 wave_mode=Combat bank_target=2 bank_turn=0
elapsed=75333 actor=flanker event=vertical-step path=8942 target_speed=60 acceleration=0 corridor=59,-2336,76 wave_mode=Combat bank_target=2 bank_turn=0
elapsed=75336 actor=vanguard event=move path=700F target_speed=12 acceleration=0 corridor=0,0,0 wave_mode=Entry bank_target=0 bank_turn=0
elapsed=75336 actor=vanguard event=vertical-step path=8942 target_speed=12 acceleration=0 corridor=0,0,0 wave_mode=Entry bank_target=0 bank_turn=0
elapsed=75337 actor=high_guard event=move path=70F2 target_speed=60 acceleration=0 corridor=-58,-3710,74 wave_mode=Combat bank_target=17 bank_turn=1
elapsed=75337 actor=high_guard event=vertical-step path=8942 target_speed=60 acceleration=0 corridor=-58,-3710,74 wave_mode=Combat bank_target=17 bank_turn=1
elapsed=75337 actor=flanker event=move path=70D9 target_speed=60 acceleration=0 corridor=59,-2336,76 wave_mode=Combat bank_target=3 bank_turn=0
elapsed=75337 actor=flanker event=vertical-step path=8942 target_speed=60 acceleration=0 corridor=59,-2336,76 wave_mode=Combat bank_target=3 bank_turn=0
elapsed=75341 actor=vanguard event=move path=700F target_speed=12 acceleration=0 corridor=0,0,0 wave_mode=Entry bank_target=0 bank_turn=0
elapsed=75341 actor=vanguard event=vertical-step path=8942 target_speed=12 acceleration=0 corridor=0,0,0 wave_mode=Entry bank_target=0 bank_turn=0
elapsed=75341 actor=high_guard event=move path=70F2 target_speed=60 acceleration=0 corridor=-58,-3710,74 wave_mode=Combat bank_target=18 bank_turn=1
elapsed=75341 actor=high_guard event=vertical-step path=8942 target_speed=60 acceleration=0 corridor=-58,-3710,74 wave_mode=Combat bank_target=18 bank_turn=1
elapsed=75342 actor=flanker event=move path=70D9 target_speed=60 acceleration=0 corridor=59,-2336,76 wave_mode=Combat bank_target=4 bank_turn=0
elapsed=75342 actor=flanker event=vertical-step path=8942 target_speed=60 acceleration=0 corridor=59,-2336,76 wave_mode=Combat bank_target=4 bank_turn=0
elapsed=75345 actor=vanguard event=move path=700F target_speed=12 acceleration=0 corridor=0,0,0 wave_mode=Entry bank_target=0 bank_turn=0
elapsed=75345 actor=vanguard event=vertical-step path=8942 target_speed=12 acceleration=0 corridor=0,0,0 wave_mode=Entry bank_target=0 bank_turn=0
elapsed=75346 actor=high_guard event=move path=70F2 target_speed=60 acceleration=0 corridor=-58,-3710,74 wave_mode=Combat bank_target=19 bank_turn=1
elapsed=75346 actor=high_guard event=vertical-step path=8942 target_speed=60 acceleration=0 corridor=-58,-3710,74 wave_mode=Combat bank_target=19 bank_turn=1
elapsed=75346 actor=flanker event=move path=70D9 target_speed=60 acceleration=0 corridor=59,-2336,76 wave_mode=Combat bank_target=5 bank_turn=0
elapsed=75346 actor=flanker event=vertical-step path=8942 target_speed=60 acceleration=0 corridor=59,-2336,76 wave_mode=Combat bank_target=5 bank_turn=0
elapsed=75350 actor=vanguard event=move path=700F target_speed=12 acceleration=0 corridor=0,0,0 wave_mode=Entry bank_target=0 bank_turn=0
elapsed=75350 actor=vanguard event=vertical-step path=8942 target_speed=12 acceleration=0 corridor=0,0,0 wave_mode=Entry bank_target=0 bank_turn=0
elapsed=75350 actor=high_guard event=move path=70F2 target_speed=60 acceleration=0 corridor=-58,-3710,74 wave_mode=Combat bank_target=20 bank_turn=1
elapsed=75350 actor=high_guard event=vertical-step path=8942 target_speed=60 acceleration=0 corridor=-58,-3710,74 wave_mode=Combat bank_target=20 bank_turn=1
elapsed=75351 actor=flanker event=move path=70D9 target_speed=60 acceleration=0 corridor=59,-2336,76 wave_mode=Combat bank_target=6 bank_turn=0
elapsed=75351 actor=flanker event=vertical-step path=8942 target_speed=60 acceleration=0 corridor=59,-2336,76 wave_mode=Combat bank_target=6 bank_turn=0
elapsed=75354 actor=vanguard event=move path=700F target_speed=12 acceleration=0 corridor=0,0,0 wave_mode=Entry bank_target=0 bank_turn=0
elapsed=75354 actor=vanguard event=vertical-step path=8942 target_speed=12 acceleration=0 corridor=0,0,0 wave_mode=Entry bank_target=0 bank_turn=0
elapsed=75355 actor=high_guard event=move path=70F2 target_speed=60 acceleration=0 corridor=-58,-3710,74 wave_mode=Combat bank_target=21 bank_turn=1
elapsed=75355 actor=high_guard event=vertical-step path=8942 target_speed=60 acceleration=0 corridor=-58,-3710,74 wave_mode=Combat bank_target=21 bank_turn=1
elapsed=75355 actor=flanker event=move path=70D9 target_speed=60 acceleration=0 corridor=59,-2336,76 wave_mode=Combat bank_target=7 bank_turn=0
elapsed=75355 actor=flanker event=vertical-step path=8942 target_speed=60 acceleration=0 corridor=59,-2336,76 wave_mode=Combat bank_target=7 bank_turn=0
elapsed=75359 actor=vanguard event=move path=700F target_speed=12 acceleration=0 corridor=0,0,0 wave_mode=Entry bank_target=0 bank_turn=0
elapsed=75359 actor=vanguard event=vertical-step path=8942 target_speed=12 acceleration=0 corridor=0,0,0 wave_mode=Entry bank_target=0 bank_turn=0
elapsed=75359 actor=high_guard event=move path=70F2 target_speed=60 acceleration=0 corridor=-58,-3710,74 wave_mode=Combat bank_target=22 bank_turn=1
elapsed=75359 actor=high_guard event=vertical-step path=8942 target_speed=60 acceleration=0 corridor=-58,-3710,74 wave_mode=Combat bank_target=22 bank_turn=1
elapsed=75360 actor=flanker event=move path=70D9 target_speed=60 acceleration=0 corridor=59,-2336,76 wave_mode=Combat bank_target=8 bank_turn=0
elapsed=75360 actor=flanker event=vertical-step path=8942 target_speed=60 acceleration=0 corridor=59,-2336,76 wave_mode=Combat bank_target=8 bank_turn=0
elapsed=75363 actor=vanguard event=move path=700F target_speed=12 acceleration=0 corridor=0,0,0 wave_mode=Entry bank_target=0 bank_turn=0
elapsed=75363 actor=vanguard event=vertical-step path=8942 target_speed=12 acceleration=0 corridor=0,0,0 wave_mode=Entry bank_target=0 bank_turn=0
elapsed=75364 actor=high_guard event=move path=70F2 target_speed=60 acceleration=0 corridor=-58,-3710,74 wave_mode=Combat bank_target=23 bank_turn=1
elapsed=75364 actor=high_guard event=vertical-step path=8942 target_speed=60 acceleration=0 corridor=-58,-3710,74 wave_mode=Combat bank_target=23 bank_turn=1
elapsed=75364 actor=flanker event=chase-angle path=886F target_speed=60 acceleration=0 corridor=59,-2336,76 wave_mode=Combat bank_target=-14 bank_turn=1
elapsed=75364 actor=flanker event=move path=886F target_speed=60 acceleration=0 corridor=59,-2336,76 wave_mode=Combat bank_target=-14 bank_turn=1
elapsed=75364 actor=flanker event=vertical-step path=8942 target_speed=60 acceleration=0 corridor=59,-2336,76 wave_mode=Combat bank_target=-14 bank_turn=1
elapsed=75368 actor=vanguard event=move path=700F target_speed=12 acceleration=0 corridor=0,0,0 wave_mode=Entry bank_target=0 bank_turn=0
elapsed=75368 actor=vanguard event=vertical-step path=8942 target_speed=12 acceleration=0 corridor=0,0,0 wave_mode=Entry bank_target=0 bank_turn=0
elapsed=75368 actor=high_guard event=move path=70F2 target_speed=60 acceleration=0 corridor=-58,-3710,74 wave_mode=Combat bank_target=24 bank_turn=1
elapsed=75368 actor=high_guard event=vertical-step path=8942 target_speed=60 acceleration=0 corridor=-58,-3710,74 wave_mode=Combat bank_target=24 bank_turn=1
elapsed=75369 actor=flanker event=chase-angle path=886F target_speed=60 acceleration=0 corridor=59,-2336,76 wave_mode=Combat bank_target=-14 bank_turn=1
elapsed=75369 actor=flanker event=move path=886F target_speed=60 acceleration=0 corridor=59,-2336,76 wave_mode=Combat bank_target=-14 bank_turn=1
elapsed=75369 actor=flanker event=vertical-step path=8942 target_speed=60 acceleration=0 corridor=59,-2336,76 wave_mode=Combat bank_target=-14 bank_turn=1
elapsed=75372 actor=vanguard event=move path=700F target_speed=12 acceleration=0 corridor=0,0,0 wave_mode=Entry bank_target=0 bank_turn=0
elapsed=75372 actor=vanguard event=vertical-step path=8942 target_speed=12 acceleration=0 corridor=0,0,0 wave_mode=Entry bank_target=0 bank_turn=0
elapsed=75372 actor=high_guard event=move path=70F2 target_speed=60 acceleration=0 corridor=-58,-3710,74 wave_mode=Combat bank_target=25 bank_turn=1
elapsed=75373 actor=high_guard event=vertical-step path=8942 target_speed=60 acceleration=0 corridor=-58,-3710,74 wave_mode=Combat bank_target=25 bank_turn=1
elapsed=75373 actor=flanker event=chase-angle path=886F target_speed=60 acceleration=0 corridor=59,-2336,76 wave_mode=Combat bank_target=-14 bank_turn=1
elapsed=75373 actor=flanker event=move path=886F target_speed=60 acceleration=0 corridor=59,-2336,76 wave_mode=Combat bank_target=-14 bank_turn=1
elapsed=75373 actor=flanker event=vertical-step path=8942 target_speed=60 acceleration=0 corridor=59,-2336,76 wave_mode=Combat bank_target=-14 bank_turn=1
elapsed=75376 actor=vanguard event=move path=700F target_speed=12 acceleration=0 corridor=0,0,0 wave_mode=Entry bank_target=0 bank_turn=0
elapsed=75377 actor=vanguard event=vertical-step path=8942 target_speed=12 acceleration=0 corridor=0,0,0 wave_mode=Entry bank_target=0 bank_turn=0
elapsed=75377 actor=high_guard event=move path=70F2 target_speed=60 acceleration=0 corridor=-58,-3710,74 wave_mode=Combat bank_target=26 bank_turn=1
elapsed=75377 actor=high_guard event=vertical-step path=8942 target_speed=60 acceleration=0 corridor=-58,-3710,74 wave_mode=Combat bank_target=26 bank_turn=1
elapsed=75377 actor=flanker event=chase-angle path=886F target_speed=60 acceleration=0 corridor=59,-2336,76 wave_mode=Combat bank_target=-14 bank_turn=1
elapsed=75377 actor=flanker event=move path=886F target_speed=60 acceleration=0 corridor=59,-2336,76 wave_mode=Combat bank_target=-14 bank_turn=1
elapsed=75378 actor=flanker event=vertical-step path=8942 target_speed=60 acceleration=0 corridor=59,-2336,76 wave_mode=Combat bank_target=-14 bank_turn=1
elapsed=75381 actor=vanguard event=move path=700F target_speed=12 acceleration=0 corridor=0,0,0 wave_mode=Entry bank_target=0 bank_turn=0
elapsed=75381 actor=vanguard event=vertical-step path=8942 target_speed=12 acceleration=0 corridor=0,0,0 wave_mode=Entry bank_target=0 bank_turn=0
elapsed=75381 actor=high_guard event=move path=70F2 target_speed=60 acceleration=0 corridor=-58,-3710,74 wave_mode=Combat bank_target=27 bank_turn=1
elapsed=75381 actor=high_guard event=vertical-step path=8942 target_speed=60 acceleration=0 corridor=-58,-3710,74 wave_mode=Combat bank_target=27 bank_turn=1
elapsed=75382 actor=flanker event=chase-angle path=886F target_speed=60 acceleration=0 corridor=59,-2336,76 wave_mode=Combat bank_target=-14 bank_turn=1
elapsed=75382 actor=flanker event=move path=886F target_speed=60 acceleration=0 corridor=59,-2336,76 wave_mode=Combat bank_target=-14 bank_turn=1
elapsed=75382 actor=flanker event=vertical-step path=8942 target_speed=60 acceleration=0 corridor=59,-2336,76 wave_mode=Combat bank_target=-14 bank_turn=1
elapsed=75385 actor=vanguard event=move path=700F target_speed=12 acceleration=0 corridor=0,0,0 wave_mode=Entry bank_target=0 bank_turn=0
elapsed=75385 actor=vanguard event=vertical-step path=8942 target_speed=12 acceleration=0 corridor=0,0,0 wave_mode=Entry bank_target=0 bank_turn=0
elapsed=75386 actor=high_guard event=move path=70F2 target_speed=60 acceleration=0 corridor=-58,-3710,74 wave_mode=Combat bank_target=28 bank_turn=1
elapsed=75386 actor=high_guard event=vertical-step path=8942 target_speed=60 acceleration=0 corridor=-58,-3710,74 wave_mode=Combat bank_target=28 bank_turn=1
elapsed=75386 actor=flanker event=chase-angle path=886F target_speed=60 acceleration=0 corridor=59,-2336,76 wave_mode=Combat bank_target=-14 bank_turn=1
elapsed=75386 actor=flanker event=move path=886F target_speed=60 acceleration=0 corridor=59,-2336,76 wave_mode=Combat bank_target=-14 bank_turn=1
elapsed=75386 actor=flanker event=vertical-step path=8942 target_speed=60 acceleration=0 corridor=59,-2336,76 wave_mode=Combat bank_target=-14 bank_turn=1
elapsed=75389 actor=vanguard event=move path=700F target_speed=12 acceleration=0 corridor=0,0,0 wave_mode=Entry bank_target=0 bank_turn=0
elapsed=75390 actor=vanguard event=vertical-step path=8942 target_speed=12 acceleration=0 corridor=0,0,0 wave_mode=Entry bank_target=0 bank_turn=0
elapsed=75390 actor=high_guard event=move path=70F2 target_speed=60 acceleration=0 corridor=-58,-3710,74 wave_mode=Combat bank_target=29 bank_turn=1
elapsed=75390 actor=high_guard event=vertical-step path=8942 target_speed=60 acceleration=0 corridor=-58,-3710,74 wave_mode=Combat bank_target=29 bank_turn=1
elapsed=75390 actor=flanker event=chase-angle path=886F target_speed=60 acceleration=0 corridor=59,-2336,76 wave_mode=Combat bank_target=-14 bank_turn=1
elapsed=75390 actor=flanker event=move path=886F target_speed=60 acceleration=0 corridor=59,-2336,76 wave_mode=Combat bank_target=-14 bank_turn=1
elapsed=75391 actor=flanker event=vertical-step path=8942 target_speed=60 acceleration=0 corridor=59,-2336,76 wave_mode=Combat bank_target=-14 bank_turn=1
elapsed=75394 actor=vanguard event=move path=700F target_speed=12 acceleration=0 corridor=0,0,0 wave_mode=Entry bank_target=0 bank_turn=0
elapsed=75394 actor=vanguard event=vertical-step path=8942 target_speed=12 acceleration=0 corridor=0,0,0 wave_mode=Entry bank_target=0 bank_turn=0
elapsed=75394 actor=high_guard event=move path=70F2 target_speed=60 acceleration=0 corridor=-58,-3710,74 wave_mode=Combat bank_target=30 bank_turn=1
elapsed=75394 actor=high_guard event=vertical-step path=8942 target_speed=60 acceleration=0 corridor=-58,-3710,74 wave_mode=Combat bank_target=30 bank_turn=1
elapsed=75395 actor=flanker event=chase-angle path=886F target_speed=60 acceleration=0 corridor=59,-2336,76 wave_mode=Combat bank_target=-14 bank_turn=1
elapsed=75395 actor=flanker event=move path=886F target_speed=60 acceleration=0 corridor=59,-2336,76 wave_mode=Combat bank_target=-14 bank_turn=1
elapsed=75395 actor=flanker event=vertical-step path=8942 target_speed=60 acceleration=0 corridor=59,-2336,76 wave_mode=Combat bank_target=-14 bank_turn=1
elapsed=75398 actor=vanguard event=move path=700F target_speed=12 acceleration=0 corridor=0,0,0 wave_mode=Entry bank_target=0 bank_turn=0
elapsed=75398 actor=vanguard event=vertical-step path=8942 target_speed=12 acceleration=0 corridor=0,0,0 wave_mode=Entry bank_target=0 bank_turn=0
elapsed=75399 actor=high_guard event=move path=70F2 target_speed=60 acceleration=0 corridor=-58,-3710,74 wave_mode=Combat bank_target=31 bank_turn=1
elapsed=75399 actor=high_guard event=vertical-step path=8942 target_speed=60 acceleration=0 corridor=-58,-3710,74 wave_mode=Combat bank_target=31 bank_turn=1
elapsed=75399 actor=flanker event=chase-angle path=886F target_speed=60 acceleration=0 corridor=59,-2336,76 wave_mode=Combat bank_target=-14 bank_turn=1
elapsed=75399 actor=flanker event=move path=886F target_speed=60 acceleration=0 corridor=59,-2336,76 wave_mode=Combat bank_target=-14 bank_turn=1
elapsed=75399 actor=flanker event=vertical-step path=8942 target_speed=60 acceleration=0 corridor=59,-2336,76 wave_mode=Combat bank_target=-14 bank_turn=1
elapsed=75403 actor=vanguard event=move path=700F target_speed=12 acceleration=0 corridor=0,0,0 wave_mode=Entry bank_target=0 bank_turn=0
elapsed=75403 actor=vanguard event=vertical-step path=8942 target_speed=12 acceleration=0 corridor=0,0,0 wave_mode=Entry bank_target=0 bank_turn=0
elapsed=75403 actor=high_guard event=move path=70F2 target_speed=60 acceleration=0 corridor=-58,-3710,74 wave_mode=Combat bank_target=32 bank_turn=1
elapsed=75403 actor=high_guard event=vertical-step path=8942 target_speed=60 acceleration=0 corridor=-58,-3710,74 wave_mode=Combat bank_target=32 bank_turn=1
elapsed=75403 actor=flanker event=chase-angle path=886F target_speed=60 acceleration=0 corridor=59,-2336,76 wave_mode=Combat bank_target=-14 bank_turn=1
elapsed=75403 actor=flanker event=move path=886F target_speed=60 acceleration=0 corridor=59,-2336,76 wave_mode=Combat bank_target=-14 bank_turn=1
elapsed=75404 actor=flanker event=vertical-step path=8942 target_speed=60 acceleration=0 corridor=59,-2336,76 wave_mode=Combat bank_target=-14 bank_turn=1
elapsed=75407 actor=vanguard event=move path=700F target_speed=12 acceleration=0 corridor=0,0,0 wave_mode=Entry bank_target=0 bank_turn=0
elapsed=75407 actor=vanguard event=vertical-step path=8942 target_speed=12 acceleration=0 corridor=0,0,0 wave_mode=Entry bank_target=0 bank_turn=0
elapsed=75407 actor=high_guard event=move path=70F2 target_speed=60 acceleration=0 corridor=-58,-3710,74 wave_mode=Combat bank_target=33 bank_turn=1
elapsed=75407 actor=high_guard event=vertical-step path=8942 target_speed=60 acceleration=0 corridor=-58,-3710,74 wave_mode=Combat bank_target=33 bank_turn=1
elapsed=75408 actor=flanker event=chase-angle path=886F target_speed=60 acceleration=0 corridor=59,-2336,76 wave_mode=Combat bank_target=-14 bank_turn=1
elapsed=75408 actor=flanker event=move path=886F target_speed=60 acceleration=0 corridor=59,-2336,76 wave_mode=Combat bank_target=-14 bank_turn=1
elapsed=75408 actor=flanker event=vertical-step path=8942 target_speed=60 acceleration=0 corridor=59,-2336,76 wave_mode=Combat bank_target=-14 bank_turn=1
elapsed=75411 actor=vanguard event=move path=700F target_speed=12 acceleration=0 corridor=0,0,0 wave_mode=Entry bank_target=0 bank_turn=0
elapsed=75412 actor=vanguard event=vertical-step path=8942 target_speed=12 acceleration=0 corridor=0,0,0 wave_mode=Entry bank_target=0 bank_turn=0
elapsed=75412 actor=high_guard event=move path=70F2 target_speed=60 acceleration=0 corridor=-58,-3710,74 wave_mode=Combat bank_target=34 bank_turn=1
elapsed=75412 actor=high_guard event=vertical-step path=8942 target_speed=60 acceleration=0 corridor=-58,-3710,74 wave_mode=Combat bank_target=34 bank_turn=1
elapsed=75412 actor=flanker event=chase-angle path=886F target_speed=60 acceleration=0 corridor=59,-2336,76 wave_mode=Combat bank_target=-14 bank_turn=1
elapsed=75412 actor=flanker event=move path=886F target_speed=60 acceleration=0 corridor=59,-2336,76 wave_mode=Combat bank_target=-14 bank_turn=1
elapsed=75412 actor=flanker event=vertical-step path=8942 target_speed=60 acceleration=0 corridor=59,-2336,76 wave_mode=Combat bank_target=-14 bank_turn=1
elapsed=75416 actor=vanguard event=move path=700F target_speed=12 acceleration=0 corridor=0,0,0 wave_mode=Entry bank_target=0 bank_turn=0
elapsed=75416 actor=vanguard event=vertical-step path=8942 target_speed=12 acceleration=0 corridor=0,0,0 wave_mode=Entry bank_target=0 bank_turn=0
elapsed=75416 actor=high_guard event=move path=70F2 target_speed=60 acceleration=0 corridor=-58,-3710,74 wave_mode=Combat bank_target=35 bank_turn=1
elapsed=75416 actor=high_guard event=vertical-step path=8942 target_speed=60 acceleration=0 corridor=-58,-3710,74 wave_mode=Combat bank_target=35 bank_turn=1
elapsed=75417 actor=flanker event=chase-angle path=886F target_speed=60 acceleration=0 corridor=59,-2336,76 wave_mode=Combat bank_target=-14 bank_turn=1
elapsed=75417 actor=flanker event=move path=886F target_speed=60 acceleration=0 corridor=59,-2336,76 wave_mode=Combat bank_target=-14 bank_turn=1
elapsed=75417 actor=flanker event=vertical-step path=8942 target_speed=60 acceleration=0 corridor=59,-2336,76 wave_mode=Combat bank_target=-14 bank_turn=1
elapsed=75420 actor=vanguard event=move path=700F target_speed=12 acceleration=0 corridor=0,0,0 wave_mode=Entry bank_target=0 bank_turn=0
elapsed=75420 actor=vanguard event=vertical-step path=8942 target_speed=12 acceleration=0 corridor=0,0,0 wave_mode=Entry bank_target=0 bank_turn=0
elapsed=75420 actor=high_guard event=move path=70F2 target_speed=60 acceleration=0 corridor=-58,-3710,74 wave_mode=Combat bank_target=36 bank_turn=1
elapsed=75421 actor=high_guard event=vertical-step path=8942 target_speed=60 acceleration=0 corridor=-58,-3710,74 wave_mode=Combat bank_target=36 bank_turn=1
elapsed=75421 actor=flanker event=chase-angle path=886F target_speed=60 acceleration=0 corridor=59,-2336,76 wave_mode=Combat bank_target=-14 bank_turn=1
elapsed=75421 actor=flanker event=move path=70F2 target_speed=60 acceleration=0 corridor=59,-2336,76 wave_mode=Combat bank_target=1 bank_turn=1
elapsed=75421 actor=flanker event=vertical-step path=8942 target_speed=60 acceleration=0 corridor=59,-2336,76 wave_mode=Combat bank_target=1 bank_turn=1
elapsed=75424 actor=vanguard event=move path=700F target_speed=12 acceleration=0 corridor=0,0,0 wave_mode=Entry bank_target=0 bank_turn=0
elapsed=75425 actor=vanguard event=vertical-step path=8942 target_speed=12 acceleration=0 corridor=0,0,0 wave_mode=Entry bank_target=0 bank_turn=0
elapsed=75425 actor=high_guard event=move path=70F2 target_speed=60 acceleration=0 corridor=-31,247,12 wave_mode=Combat bank_target=37 bank_turn=1
elapsed=75425 actor=high_guard event=vertical-step path=8942 target_speed=60 acceleration=0 corridor=-31,247,12 wave_mode=Combat bank_target=37 bank_turn=1
elapsed=75425 actor=flanker event=move path=70F2 target_speed=60 acceleration=0 corridor=59,-2336,76 wave_mode=Combat bank_target=2 bank_turn=1
elapsed=75426 actor=flanker event=vertical-step path=8942 target_speed=60 acceleration=0 corridor=59,-2336,76 wave_mode=Combat bank_target=2 bank_turn=1
elapsed=75429 actor=vanguard event=move path=700F target_speed=12 acceleration=0 corridor=0,0,0 wave_mode=Entry bank_target=0 bank_turn=0
elapsed=75429 actor=vanguard event=vertical-step path=8942 target_speed=12 acceleration=0 corridor=0,0,0 wave_mode=Entry bank_target=0 bank_turn=0
elapsed=75429 actor=high_guard event=move path=70F2 target_speed=60 acceleration=0 corridor=-31,247,12 wave_mode=Combat bank_target=38 bank_turn=1
elapsed=75430 actor=high_guard event=vertical-step path=8942 target_speed=60 acceleration=0 corridor=-31,247,12 wave_mode=Combat bank_target=38 bank_turn=1
elapsed=75430 actor=flanker event=move path=70F2 target_speed=60 acceleration=0 corridor=-1,-3330,36 wave_mode=Combat bank_target=3 bank_turn=1
elapsed=75430 actor=flanker event=vertical-step path=8942 target_speed=60 acceleration=0 corridor=-1,-3330,36 wave_mode=Combat bank_target=3 bank_turn=1
elapsed=75433 actor=vanguard event=move path=700F target_speed=12 acceleration=0 corridor=0,0,0 wave_mode=Entry bank_target=0 bank_turn=0
elapsed=75434 actor=vanguard event=vertical-step path=8942 target_speed=12 acceleration=0 corridor=0,0,0 wave_mode=Entry bank_target=0 bank_turn=0
elapsed=75434 actor=high_guard event=move path=70F2 target_speed=60 acceleration=0 corridor=-31,247,12 wave_mode=Combat bank_target=39 bank_turn=1
elapsed=75434 actor=high_guard event=vertical-step path=8942 target_speed=60 acceleration=0 corridor=-31,247,12 wave_mode=Combat bank_target=39 bank_turn=1
elapsed=75434 actor=flanker event=move path=70F2 target_speed=60 acceleration=0 corridor=-1,-3330,36 wave_mode=Combat bank_target=4 bank_turn=1
elapsed=75434 actor=flanker event=vertical-step path=8942 target_speed=60 acceleration=0 corridor=-1,-3330,36 wave_mode=Combat bank_target=4 bank_turn=1
elapsed=75438 actor=vanguard event=move path=700F target_speed=12 acceleration=0 corridor=0,0,0 wave_mode=Entry bank_target=0 bank_turn=0
elapsed=75438 actor=vanguard event=vertical-step path=8942 target_speed=12 acceleration=0 corridor=0,0,0 wave_mode=Entry bank_target=0 bank_turn=0
elapsed=75438 actor=high_guard event=move path=70F2 target_speed=60 acceleration=0 corridor=-31,247,12 wave_mode=Combat bank_target=40 bank_turn=1
elapsed=75438 actor=high_guard event=vertical-step path=8942 target_speed=60 acceleration=0 corridor=-31,247,12 wave_mode=Combat bank_target=40 bank_turn=1
elapsed=75439 actor=flanker event=move path=70F2 target_speed=60 acceleration=0 corridor=-1,-3330,36 wave_mode=Combat bank_target=5 bank_turn=1
elapsed=75439 actor=flanker event=vertical-step path=8942 target_speed=60 acceleration=0 corridor=-1,-3330,36 wave_mode=Combat bank_target=5 bank_turn=1
elapsed=75442 actor=vanguard event=move path=700F target_speed=12 acceleration=0 corridor=0,0,0 wave_mode=Entry bank_target=0 bank_turn=0
elapsed=75442 actor=vanguard event=vertical-step path=8942 target_speed=12 acceleration=0 corridor=0,0,0 wave_mode=Entry bank_target=0 bank_turn=0
elapsed=75442 actor=high_guard event=move path=70F2 target_speed=60 acceleration=0 corridor=-31,247,12 wave_mode=Combat bank_target=41 bank_turn=1
elapsed=75443 actor=high_guard event=vertical-step path=8942 target_speed=60 acceleration=0 corridor=-31,247,12 wave_mode=Combat bank_target=41 bank_turn=1
elapsed=75443 actor=flanker event=move path=70F2 target_speed=60 acceleration=0 corridor=-1,-3330,36 wave_mode=Combat bank_target=6 bank_turn=1
elapsed=75443 actor=flanker event=vertical-step path=8942 target_speed=60 acceleration=0 corridor=-1,-3330,36 wave_mode=Combat bank_target=6 bank_turn=1
elapsed=75447 actor=vanguard event=move path=700F target_speed=12 acceleration=0 corridor=0,0,0 wave_mode=Entry bank_target=0 bank_turn=0
elapsed=75447 actor=vanguard event=vertical-step path=8942 target_speed=12 acceleration=0 corridor=0,0,0 wave_mode=Entry bank_target=0 bank_turn=0
elapsed=75447 actor=high_guard event=move path=70F2 target_speed=60 acceleration=0 corridor=-31,247,12 wave_mode=Combat bank_target=42 bank_turn=1
elapsed=75447 actor=high_guard event=vertical-step path=8942 target_speed=60 acceleration=0 corridor=-31,247,12 wave_mode=Combat bank_target=42 bank_turn=1
elapsed=75447 actor=flanker event=move path=70F2 target_speed=60 acceleration=0 corridor=-1,-3330,36 wave_mode=Combat bank_target=7 bank_turn=1
elapsed=75448 actor=flanker event=vertical-step path=8942 target_speed=60 acceleration=0 corridor=-1,-3330,36 wave_mode=Combat bank_target=7 bank_turn=1
elapsed=75451 actor=vanguard event=move path=700F target_speed=12 acceleration=0 corridor=0,0,0 wave_mode=Entry bank_target=0 bank_turn=0
elapsed=75451 actor=vanguard event=vertical-step path=8942 target_speed=12 acceleration=0 corridor=0,0,0 wave_mode=Entry bank_target=0 bank_turn=0
elapsed=75451 actor=high_guard event=wait-for-angle path=7101 target_speed=60 acceleration=0 corridor=-31,247,12 wave_mode=Combat bank_target=43 bank_turn=0
elapsed=75451 actor=high_guard event=move path=7101 target_speed=60 acceleration=0 corridor=-31,247,12 wave_mode=Combat bank_target=43 bank_turn=0
elapsed=75451 actor=high_guard event=vertical-step path=8942 target_speed=60 acceleration=0 corridor=-31,247,12 wave_mode=Combat bank_target=43 bank_turn=0
elapsed=75452 actor=flanker event=move path=70F2 target_speed=60 acceleration=0 corridor=-1,-3330,36 wave_mode=Combat bank_target=8 bank_turn=1
elapsed=75452 actor=flanker event=vertical-step path=8942 target_speed=60 acceleration=0 corridor=-1,-3330,36 wave_mode=Combat bank_target=8 bank_turn=1
elapsed=75455 actor=vanguard event=move path=700F target_speed=12 acceleration=0 corridor=0,0,0 wave_mode=Entry bank_target=0 bank_turn=0
elapsed=75455 actor=vanguard event=vertical-step path=8942 target_speed=12 acceleration=0 corridor=0,0,0 wave_mode=Entry bank_target=0 bank_turn=0
elapsed=75456 actor=high_guard event=wait-for-angle path=7101 target_speed=60 acceleration=0 corridor=-31,247,12 wave_mode=Combat bank_target=43 bank_turn=0
elapsed=75456 actor=high_guard event=move path=7101 target_speed=60 acceleration=0 corridor=-31,247,12 wave_mode=Combat bank_target=43 bank_turn=0
elapsed=75456 actor=high_guard event=vertical-step path=8942 target_speed=60 acceleration=0 corridor=-31,247,12 wave_mode=Combat bank_target=43 bank_turn=0
elapsed=75456 actor=flanker event=move path=70F2 target_speed=60 acceleration=0 corridor=-1,-3330,36 wave_mode=Combat bank_target=9 bank_turn=1
elapsed=75456 actor=flanker event=vertical-step path=8942 target_speed=60 acceleration=0 corridor=-1,-3330,36 wave_mode=Combat bank_target=9 bank_turn=1
elapsed=75460 actor=vanguard event=move path=700F target_speed=12 acceleration=0 corridor=0,0,0 wave_mode=Entry bank_target=0 bank_turn=0
elapsed=75460 actor=vanguard event=vertical-step path=8942 target_speed=12 acceleration=0 corridor=0,0,0 wave_mode=Entry bank_target=0 bank_turn=0
elapsed=75460 actor=high_guard event=wait-for-angle path=7101 target_speed=60 acceleration=0 corridor=-31,247,12 wave_mode=Combat bank_target=43 bank_turn=0
elapsed=75460 actor=high_guard event=move path=7101 target_speed=60 acceleration=0 corridor=-31,247,12 wave_mode=Combat bank_target=43 bank_turn=0
elapsed=75460 actor=high_guard event=vertical-step path=8942 target_speed=60 acceleration=0 corridor=-31,247,12 wave_mode=Combat bank_target=43 bank_turn=0
elapsed=75461 actor=flanker event=move path=70F2 target_speed=60 acceleration=0 corridor=-1,-3330,36 wave_mode=Combat bank_target=10 bank_turn=1
elapsed=75461 actor=flanker event=vertical-step path=8942 target_speed=60 acceleration=0 corridor=-1,-3330,36 wave_mode=Combat bank_target=10 bank_turn=1
elapsed=75464 actor=vanguard event=move path=700F target_speed=12 acceleration=0 corridor=0,0,0 wave_mode=Entry bank_target=0 bank_turn=0
elapsed=75464 actor=vanguard event=vertical-step path=8942 target_speed=12 acceleration=0 corridor=0,0,0 wave_mode=Entry bank_target=0 bank_turn=0
elapsed=75464 actor=high_guard event=wait-for-angle path=7101 target_speed=60 acceleration=0 corridor=-31,247,12 wave_mode=Combat bank_target=43 bank_turn=0
elapsed=75464 actor=high_guard event=move path=7101 target_speed=60 acceleration=0 corridor=-31,247,12 wave_mode=Combat bank_target=43 bank_turn=0
elapsed=75465 actor=high_guard event=vertical-step path=8942 target_speed=60 acceleration=0 corridor=-31,247,12 wave_mode=Combat bank_target=43 bank_turn=0
elapsed=75465 actor=flanker event=move path=70F2 target_speed=60 acceleration=0 corridor=-1,-3330,36 wave_mode=Combat bank_target=11 bank_turn=1
elapsed=75465 actor=flanker event=vertical-step path=8942 target_speed=60 acceleration=0 corridor=-1,-3330,36 wave_mode=Combat bank_target=11 bank_turn=1
elapsed=75468 actor=vanguard event=move path=700F target_speed=12 acceleration=0 corridor=0,0,0 wave_mode=Entry bank_target=0 bank_turn=0
elapsed=75469 actor=vanguard event=vertical-step path=8942 target_speed=12 acceleration=0 corridor=0,0,0 wave_mode=Entry bank_target=0 bank_turn=0
elapsed=75469 actor=high_guard event=wait-for-angle path=7101 target_speed=60 acceleration=0 corridor=-31,247,12 wave_mode=Combat bank_target=43 bank_turn=0
elapsed=75469 actor=high_guard event=move path=7101 target_speed=60 acceleration=0 corridor=-31,247,12 wave_mode=Combat bank_target=43 bank_turn=0
elapsed=75469 actor=high_guard event=vertical-step path=8942 target_speed=60 acceleration=0 corridor=-31,247,12 wave_mode=Combat bank_target=43 bank_turn=0
elapsed=75469 actor=flanker event=move path=70F2 target_speed=60 acceleration=0 corridor=-4,-3428,-1 wave_mode=Combat bank_target=12 bank_turn=1
elapsed=75469 actor=flanker event=vertical-step path=8942 target_speed=60 acceleration=0 corridor=-4,-3428,-1 wave_mode=Combat bank_target=12 bank_turn=1
elapsed=75472 actor=vanguard event=move path=700F target_speed=12 acceleration=0 corridor=0,0,0 wave_mode=Entry bank_target=0 bank_turn=0
elapsed=75473 actor=vanguard event=vertical-step path=8942 target_speed=12 acceleration=0 corridor=0,0,0 wave_mode=Entry bank_target=0 bank_turn=0
elapsed=75473 actor=high_guard event=wait-for-angle path=7101 target_speed=60 acceleration=0 corridor=-31,247,12 wave_mode=Combat bank_target=43 bank_turn=0
elapsed=75473 actor=high_guard event=move path=7101 target_speed=60 acceleration=0 corridor=-31,247,12 wave_mode=Combat bank_target=43 bank_turn=0
elapsed=75473 actor=high_guard event=vertical-step path=8942 target_speed=60 acceleration=0 corridor=-31,247,12 wave_mode=Combat bank_target=43 bank_turn=0
elapsed=75474 actor=flanker event=move path=70F2 target_speed=60 acceleration=0 corridor=-4,-3428,-1 wave_mode=Combat bank_target=13 bank_turn=1
elapsed=75474 actor=flanker event=vertical-step path=8942 target_speed=60 acceleration=0 corridor=-4,-3428,-1 wave_mode=Combat bank_target=13 bank_turn=1
elapsed=75477 actor=vanguard event=move path=700F target_speed=12 acceleration=0 corridor=0,0,0 wave_mode=Entry bank_target=0 bank_turn=0
elapsed=75477 actor=vanguard event=vertical-step path=8942 target_speed=12 acceleration=0 corridor=0,0,0 wave_mode=Entry bank_target=0 bank_turn=0
elapsed=75477 actor=high_guard event=wait-for-angle path=7101 target_speed=60 acceleration=0 corridor=-31,247,12 wave_mode=Combat bank_target=43 bank_turn=0
elapsed=75477 actor=high_guard event=move path=7101 target_speed=60 acceleration=0 corridor=-31,247,12 wave_mode=Combat bank_target=43 bank_turn=0
elapsed=75478 actor=high_guard event=vertical-step path=8942 target_speed=60 acceleration=0 corridor=-31,247,12 wave_mode=Combat bank_target=43 bank_turn=0
elapsed=75478 actor=flanker event=move path=70F2 target_speed=60 acceleration=0 corridor=3,-720,89 wave_mode=Combat bank_target=14 bank_turn=1
elapsed=75478 actor=flanker event=vertical-step path=8942 target_speed=60 acceleration=0 corridor=3,-720,89 wave_mode=Combat bank_target=14 bank_turn=1
elapsed=75481 actor=vanguard event=move path=700F target_speed=12 acceleration=0 corridor=0,0,0 wave_mode=Entry bank_target=0 bank_turn=0
elapsed=75482 actor=vanguard event=vertical-step path=8942 target_speed=12 acceleration=0 corridor=0,0,0 wave_mode=Entry bank_target=0 bank_turn=0
elapsed=75482 actor=high_guard event=wait-for-angle path=7101 target_speed=60 acceleration=0 corridor=-31,247,12 wave_mode=Combat bank_target=43 bank_turn=0
elapsed=75482 actor=high_guard event=move path=7101 target_speed=60 acceleration=0 corridor=-31,247,12 wave_mode=Combat bank_target=43 bank_turn=0
elapsed=75482 actor=high_guard event=vertical-step path=8942 target_speed=60 acceleration=0 corridor=-31,247,12 wave_mode=Combat bank_target=43 bank_turn=0
elapsed=75482 actor=flanker event=move path=70F2 target_speed=60 acceleration=0 corridor=3,-720,89 wave_mode=Combat bank_target=15 bank_turn=1
elapsed=75483 actor=flanker event=vertical-step path=8942 target_speed=60 acceleration=0 corridor=3,-720,89 wave_mode=Combat bank_target=15 bank_turn=1
elapsed=75486 actor=vanguard event=move path=700F target_speed=12 acceleration=0 corridor=0,0,0 wave_mode=Entry bank_target=0 bank_turn=0
elapsed=75486 actor=vanguard event=vertical-step path=8942 target_speed=12 acceleration=0 corridor=0,0,0 wave_mode=Entry bank_target=0 bank_turn=0
elapsed=75486 actor=high_guard event=wait-for-angle path=7101 target_speed=60 acceleration=0 corridor=-31,247,12 wave_mode=Combat bank_target=43 bank_turn=0
elapsed=75486 actor=high_guard event=move path=7101 target_speed=60 acceleration=0 corridor=-31,247,12 wave_mode=Combat bank_target=43 bank_turn=0
elapsed=75486 actor=high_guard event=vertical-step path=8942 target_speed=60 acceleration=0 corridor=-31,247,12 wave_mode=Combat bank_target=43 bank_turn=0
elapsed=75487 actor=flanker event=move path=70F2 target_speed=60 acceleration=0 corridor=3,-720,89 wave_mode=Combat bank_target=16 bank_turn=1
elapsed=75487 actor=flanker event=vertical-step path=8942 target_speed=60 acceleration=0 corridor=3,-720,89 wave_mode=Combat bank_target=16 bank_turn=1
elapsed=75490 actor=vanguard event=move path=700F target_speed=12 acceleration=0 corridor=0,0,0 wave_mode=Entry bank_target=0 bank_turn=0
elapsed=75490 actor=vanguard event=vertical-step path=8942 target_speed=12 acceleration=0 corridor=0,0,0 wave_mode=Entry bank_target=0 bank_turn=0
elapsed=75490 actor=high_guard event=wait-for-angle path=7101 target_speed=60 acceleration=0 corridor=-31,247,12 wave_mode=Combat bank_target=43 bank_turn=0
elapsed=75490 actor=high_guard event=move path=7101 target_speed=60 acceleration=0 corridor=-31,247,12 wave_mode=Combat bank_target=43 bank_turn=0
elapsed=75491 actor=high_guard event=vertical-step path=8942 target_speed=60 acceleration=0 corridor=-31,247,12 wave_mode=Combat bank_target=43 bank_turn=0
elapsed=75491 actor=flanker event=move path=70F2 target_speed=60 acceleration=0 corridor=3,-720,89 wave_mode=Combat bank_target=17 bank_turn=1
elapsed=75491 actor=flanker event=vertical-step path=8942 target_speed=60 acceleration=0 corridor=3,-720,89 wave_mode=Combat bank_target=17 bank_turn=1
elapsed=75494 actor=vanguard event=move path=700F target_speed=12 acceleration=0 corridor=0,0,0 wave_mode=Entry bank_target=0 bank_turn=0
elapsed=75495 actor=vanguard event=vertical-step path=8942 target_speed=12 acceleration=0 corridor=0,0,0 wave_mode=Entry bank_target=0 bank_turn=0
elapsed=75495 actor=high_guard event=wait-for-angle path=7101 target_speed=60 acceleration=0 corridor=-31,247,12 wave_mode=Combat bank_target=43 bank_turn=0
elapsed=75495 actor=high_guard event=move path=7101 target_speed=60 acceleration=0 corridor=-31,247,12 wave_mode=Combat bank_target=43 bank_turn=0
elapsed=75495 actor=high_guard event=vertical-step path=8942 target_speed=60 acceleration=0 corridor=-31,247,12 wave_mode=Combat bank_target=43 bank_turn=0
elapsed=75495 actor=flanker event=move path=70F2 target_speed=60 acceleration=0 corridor=3,-720,89 wave_mode=Combat bank_target=18 bank_turn=1
elapsed=75495 actor=flanker event=vertical-step path=8942 target_speed=60 acceleration=0 corridor=3,-720,89 wave_mode=Combat bank_target=18 bank_turn=1
elapsed=75499 actor=vanguard event=move path=700F target_speed=12 acceleration=0 corridor=0,0,0 wave_mode=Entry bank_target=0 bank_turn=0
elapsed=75499 actor=vanguard event=vertical-step path=8942 target_speed=12 acceleration=0 corridor=0,0,0 wave_mode=Entry bank_target=0 bank_turn=0
elapsed=75499 actor=high_guard event=wait-for-angle path=7101 target_speed=60 acceleration=0 corridor=-31,247,12 wave_mode=Combat bank_target=43 bank_turn=0
elapsed=75499 actor=high_guard event=move path=7101 target_speed=60 acceleration=0 corridor=-31,247,12 wave_mode=Combat bank_target=43 bank_turn=0
elapsed=75499 actor=high_guard event=vertical-step path=8942 target_speed=60 acceleration=0 corridor=-31,247,12 wave_mode=Combat bank_target=43 bank_turn=0
elapsed=75500 actor=flanker event=move path=70F2 target_speed=60 acceleration=0 corridor=3,-720,89 wave_mode=Combat bank_target=19 bank_turn=1
elapsed=75500 actor=flanker event=vertical-step path=8942 target_speed=60 acceleration=0 corridor=3,-720,89 wave_mode=Combat bank_target=19 bank_turn=1
elapsed=75503 actor=vanguard event=move path=700F target_speed=12 acceleration=0 corridor=0,0,0 wave_mode=Entry bank_target=0 bank_turn=0
elapsed=75503 actor=vanguard event=vertical-step path=8942 target_speed=12 acceleration=0 corridor=0,0,0 wave_mode=Entry bank_target=0 bank_turn=0
elapsed=75503 actor=high_guard event=wait-for-angle path=7101 target_speed=60 acceleration=0 corridor=-31,247,12 wave_mode=Combat bank_target=43 bank_turn=0
elapsed=75503 actor=high_guard event=face-player path=7125 target_speed=60 acceleration=0 corridor=-31,247,12 wave_mode=Combat bank_target=14 bank_turn=0
elapsed=75504 actor=high_guard event=move path=7125 target_speed=60 acceleration=0 corridor=-31,247,12 wave_mode=Combat bank_target=15 bank_turn=0
elapsed=75504 actor=high_guard event=vertical-step path=8942 target_speed=60 acceleration=0 corridor=-31,247,12 wave_mode=Combat bank_target=15 bank_turn=0
elapsed=75504 actor=flanker event=move path=70F2 target_speed=60 acceleration=0 corridor=3,-720,89 wave_mode=Combat bank_target=20 bank_turn=1
elapsed=75504 actor=flanker event=vertical-step path=8942 target_speed=60 acceleration=0 corridor=3,-720,89 wave_mode=Combat bank_target=20 bank_turn=1
elapsed=75508 actor=vanguard event=move path=700F target_speed=12 acceleration=0 corridor=0,0,0 wave_mode=Entry bank_target=0 bank_turn=0
elapsed=75508 actor=vanguard event=vertical-step path=8942 target_speed=12 acceleration=0 corridor=0,0,0 wave_mode=Entry bank_target=0 bank_turn=0
elapsed=75508 actor=high_guard event=face-player path=7125 target_speed=60 acceleration=0 corridor=-31,247,12 wave_mode=Combat bank_target=15 bank_turn=0
elapsed=75508 actor=high_guard event=projectile-face-immediate path=8C2D target_speed=60 acceleration=0 corridor=-31,247,12 wave_mode=Combat bank_target=0 bank_turn=0
elapsed=75508 actor=high_guard event=move path=7125 target_speed=60 acceleration=0 corridor=-31,247,12 wave_mode=Combat bank_target=0 bank_turn=0
elapsed=75508 actor=high_guard event=vertical-step path=8942 target_speed=60 acceleration=0 corridor=-31,247,12 wave_mode=Combat bank_target=0 bank_turn=0
elapsed=75509 actor=flanker event=move path=70F2 target_speed=60 acceleration=0 corridor=3,-720,89 wave_mode=Combat bank_target=21 bank_turn=1
elapsed=75509 actor=flanker event=vertical-step path=8942 target_speed=60 acceleration=0 corridor=3,-720,89 wave_mode=Combat bank_target=21 bank_turn=1
elapsed=75513 actor=vanguard event=move path=700F target_speed=12 acceleration=0 corridor=0,0,0 wave_mode=Entry bank_target=0 bank_turn=0
elapsed=75513 actor=vanguard event=vertical-step path=8942 target_speed=12 acceleration=0 corridor=0,0,0 wave_mode=Entry bank_target=0 bank_turn=0
elapsed=75513 actor=high_guard event=face-player path=7125 target_speed=60 acceleration=0 corridor=-31,247,12 wave_mode=Combat bank_target=0 bank_turn=0
elapsed=75513 actor=high_guard event=move path=7125 target_speed=60 acceleration=0 corridor=-31,247,12 wave_mode=Combat bank_target=1 bank_turn=0
elapsed=75513 actor=high_guard event=vertical-step path=8942 target_speed=60 acceleration=0 corridor=-31,247,12 wave_mode=Combat bank_target=1 bank_turn=0
elapsed=75514 actor=flanker event=move path=70F2 target_speed=60 acceleration=0 corridor=3,-720,89 wave_mode=Combat bank_target=22 bank_turn=1
elapsed=75514 actor=flanker event=vertical-step path=8942 target_speed=60 acceleration=0 corridor=3,-720,89 wave_mode=Combat bank_target=22 bank_turn=1
elapsed=75518 actor=vanguard event=move path=700F target_speed=12 acceleration=0 corridor=0,0,0 wave_mode=Entry bank_target=0 bank_turn=0
elapsed=75518 actor=vanguard event=vertical-step path=8942 target_speed=12 acceleration=0 corridor=0,0,0 wave_mode=Entry bank_target=0 bank_turn=0
elapsed=75518 actor=high_guard event=face-player path=7125 target_speed=60 acceleration=0 corridor=-31,247,12 wave_mode=Combat bank_target=1 bank_turn=0
elapsed=75518 actor=high_guard event=move path=7125 target_speed=60 acceleration=0 corridor=-31,247,12 wave_mode=Combat bank_target=2 bank_turn=0
elapsed=75518 actor=high_guard event=vertical-step path=8942 target_speed=60 acceleration=0 corridor=-31,247,12 wave_mode=Combat bank_target=2 bank_turn=0
elapsed=75519 actor=flanker event=move path=70F2 target_speed=60 acceleration=0 corridor=3,-720,89 wave_mode=Combat bank_target=23 bank_turn=1
elapsed=75519 actor=flanker event=vertical-step path=8942 target_speed=60 acceleration=0 corridor=3,-720,89 wave_mode=Combat bank_target=23 bank_turn=1
elapsed=75522 actor=vanguard event=move path=700F target_speed=12 acceleration=0 corridor=0,0,0 wave_mode=Entry bank_target=0 bank_turn=0
elapsed=75523 actor=vanguard event=vertical-step path=8942 target_speed=12 acceleration=0 corridor=0,0,0 wave_mode=Entry bank_target=0 bank_turn=0
elapsed=75523 actor=high_guard event=face-player path=7125 target_speed=60 acceleration=0 corridor=-31,247,12 wave_mode=Combat bank_target=2 bank_turn=0
elapsed=75523 actor=high_guard event=move path=7125 target_speed=60 acceleration=0 corridor=-31,247,12 wave_mode=Combat bank_target=3 bank_turn=0
elapsed=75523 actor=high_guard event=vertical-step path=8942 target_speed=60 acceleration=0 corridor=-31,247,12 wave_mode=Combat bank_target=3 bank_turn=0
elapsed=75524 actor=flanker event=move path=70F2 target_speed=60 acceleration=0 corridor=3,-720,89 wave_mode=Combat bank_target=24 bank_turn=1
elapsed=75524 actor=flanker event=vertical-step path=8942 target_speed=60 acceleration=0 corridor=3,-720,89 wave_mode=Combat bank_target=24 bank_turn=1
elapsed=75527 actor=vanguard event=move path=700F target_speed=12 acceleration=0 corridor=0,0,0 wave_mode=Entry bank_target=0 bank_turn=0
elapsed=75527 actor=vanguard event=vertical-step path=8942 target_speed=12 acceleration=0 corridor=0,0,0 wave_mode=Entry bank_target=0 bank_turn=0
elapsed=75527 actor=high_guard event=face-player path=7125 target_speed=60 acceleration=0 corridor=-31,247,12 wave_mode=Combat bank_target=3 bank_turn=0
elapsed=75527 actor=high_guard event=move path=7125 target_speed=60 acceleration=0 corridor=-31,247,12 wave_mode=Combat bank_target=4 bank_turn=0
elapsed=75528 actor=high_guard event=vertical-step path=8942 target_speed=60 acceleration=0 corridor=-31,247,12 wave_mode=Combat bank_target=4 bank_turn=0
elapsed=75528 actor=flanker event=move path=70F2 target_speed=60 acceleration=0 corridor=3,-720,89 wave_mode=Combat bank_target=25 bank_turn=1
elapsed=75528 actor=flanker event=vertical-step path=8942 target_speed=60 acceleration=0 corridor=3,-720,89 wave_mode=Combat bank_target=25 bank_turn=1
elapsed=75532 actor=vanguard event=move path=700F target_speed=12 acceleration=0 corridor=0,0,0 wave_mode=Entry bank_target=0 bank_turn=0
elapsed=75532 actor=vanguard event=vertical-step path=8942 target_speed=12 acceleration=0 corridor=0,0,0 wave_mode=Entry bank_target=0 bank_turn=0
elapsed=75532 actor=high_guard event=face-player path=7125 target_speed=60 acceleration=0 corridor=-31,247,12 wave_mode=Combat bank_target=4 bank_turn=0
elapsed=75532 actor=high_guard event=move path=7125 target_speed=60 acceleration=0 corridor=-31,247,12 wave_mode=Combat bank_target=5 bank_turn=0
elapsed=75532 actor=high_guard event=vertical-step path=8942 target_speed=60 acceleration=0 corridor=-31,247,12 wave_mode=Combat bank_target=5 bank_turn=0
elapsed=75533 actor=flanker event=move path=70F2 target_speed=60 acceleration=0 corridor=3,-720,89 wave_mode=Combat bank_target=26 bank_turn=1
elapsed=75533 actor=flanker event=vertical-step path=8942 target_speed=60 acceleration=0 corridor=3,-720,89 wave_mode=Combat bank_target=26 bank_turn=1
elapsed=75537 actor=vanguard event=move path=700F target_speed=12 acceleration=0 corridor=0,0,0 wave_mode=Entry bank_target=0 bank_turn=0
elapsed=75537 actor=vanguard event=vertical-step path=8942 target_speed=12 acceleration=0 corridor=0,0,0 wave_mode=Entry bank_target=0 bank_turn=0
elapsed=75537 actor=high_guard event=face-player path=7125 target_speed=60 acceleration=0 corridor=-31,247,12 wave_mode=Combat bank_target=5 bank_turn=0
elapsed=75537 actor=high_guard event=move path=7125 target_speed=60 acceleration=0 corridor=-31,247,12 wave_mode=Combat bank_target=6 bank_turn=0
elapsed=75537 actor=high_guard event=vertical-step path=8942 target_speed=60 acceleration=0 corridor=-31,247,12 wave_mode=Combat bank_target=6 bank_turn=0
elapsed=75538 actor=flanker event=move path=70F2 target_speed=60 acceleration=0 corridor=3,-720,89 wave_mode=Combat bank_target=27 bank_turn=1
elapsed=75538 actor=flanker event=vertical-step path=8942 target_speed=60 acceleration=0 corridor=3,-720,89 wave_mode=Combat bank_target=27 bank_turn=1
elapsed=75541 actor=vanguard event=move path=700F target_speed=12 acceleration=0 corridor=0,0,0 wave_mode=Entry bank_target=0 bank_turn=0
elapsed=75541 actor=vanguard event=vertical-step path=8942 target_speed=12 acceleration=0 corridor=0,0,0 wave_mode=Entry bank_target=0 bank_turn=0
elapsed=75542 actor=high_guard event=face-player path=7125 target_speed=60 acceleration=0 corridor=-31,247,12 wave_mode=Combat bank_target=6 bank_turn=0
elapsed=75542 actor=high_guard event=move path=7125 target_speed=60 acceleration=0 corridor=-31,247,12 wave_mode=Combat bank_target=7 bank_turn=0
elapsed=75542 actor=high_guard event=vertical-step path=8942 target_speed=60 acceleration=0 corridor=-31,247,12 wave_mode=Combat bank_target=7 bank_turn=0
elapsed=75542 actor=flanker event=move path=70F2 target_speed=60 acceleration=0 corridor=3,-720,89 wave_mode=Combat bank_target=28 bank_turn=1
elapsed=75543 actor=flanker event=vertical-step path=8942 target_speed=60 acceleration=0 corridor=3,-720,89 wave_mode=Combat bank_target=28 bank_turn=1
elapsed=75546 actor=vanguard event=move path=700F target_speed=12 acceleration=0 corridor=0,0,0 wave_mode=Entry bank_target=0 bank_turn=0
elapsed=75546 actor=vanguard event=vertical-step path=8942 target_speed=12 acceleration=0 corridor=0,0,0 wave_mode=Entry bank_target=0 bank_turn=0
elapsed=75546 actor=high_guard event=face-player path=7125 target_speed=60 acceleration=0 corridor=-31,247,12 wave_mode=Combat bank_target=7 bank_turn=0
elapsed=75546 actor=high_guard event=move path=7125 target_speed=60 acceleration=0 corridor=-31,247,12 wave_mode=Combat bank_target=8 bank_turn=0
elapsed=75546 actor=high_guard event=vertical-step path=8942 target_speed=60 acceleration=0 corridor=-31,247,12 wave_mode=Combat bank_target=8 bank_turn=0
elapsed=75547 actor=flanker event=move path=70F2 target_speed=60 acceleration=0 corridor=3,-720,89 wave_mode=Combat bank_target=29 bank_turn=1
elapsed=75547 actor=flanker event=vertical-step path=8942 target_speed=60 acceleration=0 corridor=3,-720,89 wave_mode=Combat bank_target=29 bank_turn=1
elapsed=75551 actor=vanguard event=move path=700F target_speed=12 acceleration=0 corridor=0,0,0 wave_mode=Entry bank_target=0 bank_turn=0
elapsed=75551 actor=vanguard event=vertical-step path=8942 target_speed=12 acceleration=0 corridor=0,0,0 wave_mode=Entry bank_target=0 bank_turn=0
elapsed=75551 actor=high_guard event=face-player path=7125 target_speed=60 acceleration=0 corridor=-31,247,12 wave_mode=Combat bank_target=8 bank_turn=0
elapsed=75551 actor=high_guard event=move path=7125 target_speed=60 acceleration=0 corridor=-31,247,12 wave_mode=Combat bank_target=9 bank_turn=0
elapsed=75551 actor=high_guard event=vertical-step path=8942 target_speed=60 acceleration=0 corridor=-31,247,12 wave_mode=Combat bank_target=9 bank_turn=0
elapsed=75552 actor=flanker event=move path=70F2 target_speed=60 acceleration=0 corridor=3,-720,89 wave_mode=Combat bank_target=30 bank_turn=1
elapsed=75552 actor=flanker event=vertical-step path=8942 target_speed=60 acceleration=0 corridor=3,-720,89 wave_mode=Combat bank_target=30 bank_turn=1
elapsed=75555 actor=vanguard event=move path=700F target_speed=12 acceleration=0 corridor=0,0,0 wave_mode=Entry bank_target=0 bank_turn=0
elapsed=75555 actor=vanguard event=vertical-step path=8942 target_speed=12 acceleration=0 corridor=0,0,0 wave_mode=Entry bank_target=0 bank_turn=0
elapsed=75556 actor=high_guard event=face-player path=7125 target_speed=60 acceleration=0 corridor=-31,247,12 wave_mode=Combat bank_target=9 bank_turn=0
elapsed=75556 actor=high_guard event=move path=7125 target_speed=60 acceleration=0 corridor=-31,247,12 wave_mode=Combat bank_target=10 bank_turn=0
elapsed=75556 actor=high_guard event=vertical-step path=8942 target_speed=60 acceleration=0 corridor=-31,247,12 wave_mode=Combat bank_target=10 bank_turn=0
elapsed=75557 actor=flanker event=move path=70F2 target_speed=60 acceleration=0 corridor=3,-720,89 wave_mode=Combat bank_target=31 bank_turn=1
elapsed=75557 actor=flanker event=vertical-step path=8942 target_speed=60 acceleration=0 corridor=3,-720,89 wave_mode=Combat bank_target=31 bank_turn=1
elapsed=75560 actor=vanguard event=move path=700F target_speed=12 acceleration=0 corridor=0,0,0 wave_mode=Entry bank_target=0 bank_turn=0
elapsed=75560 actor=vanguard event=vertical-step path=8942 target_speed=12 acceleration=0 corridor=0,0,0 wave_mode=Entry bank_target=0 bank_turn=0
elapsed=75560 actor=high_guard event=face-player path=7125 target_speed=60 acceleration=0 corridor=-31,247,12 wave_mode=Combat bank_target=10 bank_turn=0
elapsed=75560 actor=high_guard event=move path=7125 target_speed=60 acceleration=0 corridor=-31,247,12 wave_mode=Combat bank_target=11 bank_turn=0
elapsed=75561 actor=high_guard event=vertical-step path=8942 target_speed=60 acceleration=0 corridor=-31,247,12 wave_mode=Combat bank_target=11 bank_turn=0
elapsed=75561 actor=flanker event=move path=70F2 target_speed=60 acceleration=0 corridor=3,-720,89 wave_mode=Combat bank_target=32 bank_turn=1
elapsed=75561 actor=flanker event=vertical-step path=8942 target_speed=60 acceleration=0 corridor=3,-720,89 wave_mode=Combat bank_target=32 bank_turn=1
elapsed=75565 actor=vanguard event=move path=700F target_speed=12 acceleration=0 corridor=0,0,0 wave_mode=Entry bank_target=0 bank_turn=0
elapsed=75565 actor=vanguard event=vertical-step path=8942 target_speed=12 acceleration=0 corridor=0,0,0 wave_mode=Entry bank_target=0 bank_turn=0
elapsed=75565 actor=high_guard event=face-player path=7125 target_speed=60 acceleration=0 corridor=-31,247,12 wave_mode=Combat bank_target=11 bank_turn=0
elapsed=75565 actor=high_guard event=move path=7125 target_speed=60 acceleration=0 corridor=-31,247,12 wave_mode=Combat bank_target=12 bank_turn=0
elapsed=75565 actor=high_guard event=vertical-step path=8942 target_speed=60 acceleration=0 corridor=-31,247,12 wave_mode=Combat bank_target=12 bank_turn=0
elapsed=75566 actor=flanker event=move path=70F2 target_speed=60 acceleration=0 corridor=3,-720,89 wave_mode=Combat bank_target=33 bank_turn=1
elapsed=75566 actor=flanker event=vertical-step path=8942 target_speed=60 acceleration=0 corridor=3,-720,89 wave_mode=Combat bank_target=33 bank_turn=1
elapsed=75569 actor=vanguard event=move path=700F target_speed=12 acceleration=0 corridor=0,0,0 wave_mode=Entry bank_target=0 bank_turn=0
elapsed=75570 actor=vanguard event=vertical-step path=8942 target_speed=12 acceleration=0 corridor=0,0,0 wave_mode=Entry bank_target=0 bank_turn=0
elapsed=75570 actor=high_guard event=face-player path=7125 target_speed=60 acceleration=0 corridor=-31,247,12 wave_mode=Combat bank_target=12 bank_turn=0
elapsed=75570 actor=high_guard event=move path=7125 target_speed=60 acceleration=0 corridor=-31,247,12 wave_mode=Combat bank_target=13 bank_turn=0
elapsed=75570 actor=high_guard event=vertical-step path=8942 target_speed=60 acceleration=0 corridor=-31,247,12 wave_mode=Combat bank_target=13 bank_turn=0
elapsed=75571 actor=flanker event=move path=70F2 target_speed=60 acceleration=0 corridor=3,-720,89 wave_mode=Combat bank_target=34 bank_turn=1
elapsed=75571 actor=flanker event=vertical-step path=8942 target_speed=60 acceleration=0 corridor=3,-720,89 wave_mode=Combat bank_target=34 bank_turn=1
elapsed=75574 actor=vanguard event=move path=700F target_speed=12 acceleration=0 corridor=0,0,0 wave_mode=Entry bank_target=0 bank_turn=0
elapsed=75574 actor=vanguard event=vertical-step path=8942 target_speed=12 acceleration=0 corridor=0,0,0 wave_mode=Entry bank_target=0 bank_turn=0
elapsed=75575 actor=high_guard event=face-player path=7125 target_speed=60 acceleration=0 corridor=-31,247,12 wave_mode=Combat bank_target=13 bank_turn=0
elapsed=75575 actor=high_guard event=move path=7125 target_speed=60 acceleration=0 corridor=-31,247,12 wave_mode=Combat bank_target=14 bank_turn=0
elapsed=75575 actor=high_guard event=vertical-step path=8942 target_speed=60 acceleration=0 corridor=-31,247,12 wave_mode=Combat bank_target=14 bank_turn=0
elapsed=75575 actor=flanker event=move path=70F2 target_speed=60 acceleration=0 corridor=3,-720,89 wave_mode=Combat bank_target=35 bank_turn=1
elapsed=75576 actor=flanker event=vertical-step path=8942 target_speed=60 acceleration=0 corridor=3,-720,89 wave_mode=Combat bank_target=35 bank_turn=1
elapsed=75579 actor=vanguard event=move path=700F target_speed=12 acceleration=0 corridor=0,0,0 wave_mode=Entry bank_target=0 bank_turn=0
elapsed=75579 actor=vanguard event=vertical-step path=8942 target_speed=12 acceleration=0 corridor=0,0,0 wave_mode=Entry bank_target=0 bank_turn=0
elapsed=75579 actor=high_guard event=face-player path=7125 target_speed=60 acceleration=0 corridor=-84,-155,-37 wave_mode=Combat bank_target=14 bank_turn=0
elapsed=75579 actor=high_guard event=move path=7125 target_speed=60 acceleration=0 corridor=-84,-155,-37 wave_mode=Combat bank_target=15 bank_turn=0
elapsed=75580 actor=high_guard event=vertical-step path=8942 target_speed=60 acceleration=0 corridor=-84,-155,-37 wave_mode=Combat bank_target=15 bank_turn=0
elapsed=75580 actor=flanker event=move path=70F2 target_speed=60 acceleration=0 corridor=3,-720,89 wave_mode=Combat bank_target=36 bank_turn=1
elapsed=75580 actor=flanker event=vertical-step path=8942 target_speed=60 acceleration=0 corridor=3,-720,89 wave_mode=Combat bank_target=36 bank_turn=1
elapsed=75584 actor=vanguard event=move path=700F target_speed=12 acceleration=0 corridor=0,0,0 wave_mode=Entry bank_target=0 bank_turn=0
elapsed=75584 actor=vanguard event=vertical-step path=8942 target_speed=12 acceleration=0 corridor=0,0,0 wave_mode=Entry bank_target=0 bank_turn=0
elapsed=75584 actor=high_guard event=face-player path=7125 target_speed=60 acceleration=0 corridor=-84,-155,-37 wave_mode=Combat bank_target=15 bank_turn=0
elapsed=75584 actor=high_guard event=projectile-face-immediate path=8C2D target_speed=60 acceleration=0 corridor=-84,-155,-37 wave_mode=Combat bank_target=0 bank_turn=0
elapsed=75585 actor=high_guard event=move path=7125 target_speed=60 acceleration=0 corridor=-84,-155,-37 wave_mode=Combat bank_target=0 bank_turn=0
elapsed=75585 actor=high_guard event=vertical-step path=8942 target_speed=60 acceleration=0 corridor=-84,-155,-37 wave_mode=Combat bank_target=0 bank_turn=0
elapsed=75586 actor=flanker event=move path=70F2 target_speed=60 acceleration=0 corridor=55,3626,94 wave_mode=Combat bank_target=37 bank_turn=1
elapsed=75586 actor=flanker event=vertical-step path=8942 target_speed=60 acceleration=0 corridor=55,3626,94 wave_mode=Combat bank_target=37 bank_turn=1
elapsed=75590 actor=vanguard event=move path=700F target_speed=12 acceleration=0 corridor=0,0,0 wave_mode=Entry bank_target=0 bank_turn=0
elapsed=75590 actor=vanguard event=vertical-step path=8942 target_speed=12 acceleration=0 corridor=0,0,0 wave_mode=Entry bank_target=0 bank_turn=0
elapsed=75590 actor=high_guard event=face-player path=7125 target_speed=60 acceleration=0 corridor=-84,-155,-37 wave_mode=Combat bank_target=0 bank_turn=0
elapsed=75590 actor=high_guard event=move path=7125 target_speed=60 acceleration=0 corridor=-84,-155,-37 wave_mode=Combat bank_target=1 bank_turn=0
elapsed=75590 actor=high_guard event=vertical-step path=8942 target_speed=60 acceleration=0 corridor=-84,-155,-37 wave_mode=Combat bank_target=1 bank_turn=0
elapsed=75591 actor=flanker event=move path=70F2 target_speed=60 acceleration=0 corridor=55,3626,94 wave_mode=Combat bank_target=38 bank_turn=1
elapsed=75591 actor=flanker event=vertical-step path=8942 target_speed=60 acceleration=0 corridor=55,3626,94 wave_mode=Combat bank_target=38 bank_turn=1
elapsed=75595 actor=vanguard event=move path=700F target_speed=12 acceleration=0 corridor=0,0,0 wave_mode=Entry bank_target=0 bank_turn=0
elapsed=75595 actor=vanguard event=vertical-step path=8942 target_speed=12 acceleration=0 corridor=0,0,0 wave_mode=Entry bank_target=0 bank_turn=0
elapsed=75595 actor=high_guard event=face-player path=7125 target_speed=60 acceleration=0 corridor=-84,-155,-37 wave_mode=Combat bank_target=1 bank_turn=0
elapsed=75595 actor=high_guard event=move path=7125 target_speed=60 acceleration=0 corridor=-84,-155,-37 wave_mode=Combat bank_target=2 bank_turn=0
elapsed=75595 actor=high_guard event=vertical-step path=8942 target_speed=60 acceleration=0 corridor=-84,-155,-37 wave_mode=Combat bank_target=2 bank_turn=0
elapsed=75596 actor=flanker event=move path=70F2 target_speed=60 acceleration=0 corridor=55,3626,94 wave_mode=Combat bank_target=39 bank_turn=1
elapsed=75596 actor=flanker event=vertical-step path=8942 target_speed=60 acceleration=0 corridor=55,3626,94 wave_mode=Combat bank_target=39 bank_turn=1
elapsed=75600 actor=vanguard event=move path=700F target_speed=12 acceleration=0 corridor=0,0,0 wave_mode=Entry bank_target=0 bank_turn=0
elapsed=75600 actor=vanguard event=vertical-step path=8942 target_speed=12 acceleration=0 corridor=0,0,0 wave_mode=Entry bank_target=0 bank_turn=0
elapsed=75600 actor=high_guard event=face-player path=7125 target_speed=60 acceleration=0 corridor=-84,-155,-37 wave_mode=Combat bank_target=2 bank_turn=0
elapsed=75600 actor=high_guard event=move path=7125 target_speed=60 acceleration=0 corridor=-84,-155,-37 wave_mode=Combat bank_target=3 bank_turn=0
elapsed=75600 actor=high_guard event=vertical-step path=8942 target_speed=60 acceleration=0 corridor=-84,-155,-37 wave_mode=Combat bank_target=3 bank_turn=0
elapsed=75601 actor=flanker event=move path=70F2 target_speed=60 acceleration=0 corridor=55,3626,94 wave_mode=Combat bank_target=40 bank_turn=1
elapsed=75601 actor=flanker event=vertical-step path=8942 target_speed=60 acceleration=0 corridor=55,3626,94 wave_mode=Combat bank_target=40 bank_turn=1
elapsed=75605 actor=vanguard event=move path=700F target_speed=12 acceleration=0 corridor=0,0,0 wave_mode=Entry bank_target=0 bank_turn=0
elapsed=75605 actor=vanguard event=vertical-step path=8942 target_speed=12 acceleration=0 corridor=0,0,0 wave_mode=Entry bank_target=0 bank_turn=0
elapsed=75605 actor=high_guard event=face-player path=7125 target_speed=60 acceleration=0 corridor=-84,-155,-37 wave_mode=Combat bank_target=3 bank_turn=0
elapsed=75605 actor=high_guard event=chase-angle path=886F target_speed=60 acceleration=2 corridor=-84,-155,-37 wave_mode=Combat bank_target=26 bank_turn=1
elapsed=75605 actor=high_guard event=move path=886F target_speed=60 acceleration=2 corridor=-84,-155,-37 wave_mode=Combat bank_target=26 bank_turn=1
elapsed=75606 actor=high_guard event=vertical-step path=8942 target_speed=60 acceleration=0 corridor=-84,-155,-37 wave_mode=Combat bank_target=26 bank_turn=1
elapsed=75606 actor=flanker event=wait-for-angle path=7101 target_speed=60 acceleration=0 corridor=55,3626,94 wave_mode=Combat bank_target=41 bank_turn=0
elapsed=75606 actor=flanker event=move path=7101 target_speed=60 acceleration=0 corridor=55,3626,94 wave_mode=Combat bank_target=41 bank_turn=0
elapsed=75607 actor=flanker event=vertical-step path=8942 target_speed=60 acceleration=0 corridor=55,3626,94 wave_mode=Combat bank_target=41 bank_turn=0
elapsed=75610 actor=vanguard event=move path=700F target_speed=12 acceleration=0 corridor=0,0,0 wave_mode=Entry bank_target=0 bank_turn=0
elapsed=75610 actor=vanguard event=vertical-step path=8942 target_speed=12 acceleration=0 corridor=0,0,0 wave_mode=Entry bank_target=0 bank_turn=0
elapsed=75611 actor=high_guard event=chase-angle path=886F target_speed=60 acceleration=0 corridor=-84,-155,-37 wave_mode=Combat bank_target=26 bank_turn=1
elapsed=75611 actor=high_guard event=move path=886F target_speed=60 acceleration=0 corridor=-84,-155,-37 wave_mode=Combat bank_target=26 bank_turn=1
elapsed=75611 actor=high_guard event=vertical-step path=8942 target_speed=60 acceleration=0 corridor=-84,-155,-37 wave_mode=Combat bank_target=26 bank_turn=1
elapsed=75611 actor=flanker event=wait-for-angle path=7101 target_speed=60 acceleration=0 corridor=55,3626,94 wave_mode=Combat bank_target=41 bank_turn=0
elapsed=75611 actor=flanker event=move path=7101 target_speed=60 acceleration=0 corridor=55,3626,94 wave_mode=Combat bank_target=41 bank_turn=0
elapsed=75612 actor=flanker event=vertical-step path=8942 target_speed=60 acceleration=0 corridor=55,3626,94 wave_mode=Combat bank_target=41 bank_turn=0
elapsed=75615 actor=vanguard event=move path=700F target_speed=12 acceleration=0 corridor=0,0,0 wave_mode=Entry bank_target=0 bank_turn=0
elapsed=75615 actor=vanguard event=vertical-step path=8942 target_speed=12 acceleration=0 corridor=0,0,0 wave_mode=Entry bank_target=0 bank_turn=0
elapsed=75615 actor=high_guard event=chase-angle path=886F target_speed=60 acceleration=0 corridor=-84,-155,-37 wave_mode=Combat bank_target=26 bank_turn=1
elapsed=75615 actor=high_guard event=move path=886F target_speed=60 acceleration=0 corridor=-84,-155,-37 wave_mode=Combat bank_target=26 bank_turn=1
elapsed=75616 actor=high_guard event=vertical-step path=8942 target_speed=60 acceleration=0 corridor=-84,-155,-37 wave_mode=Combat bank_target=26 bank_turn=1
elapsed=75616 actor=flanker event=wait-for-angle path=7101 target_speed=60 acceleration=0 corridor=55,3626,94 wave_mode=Combat bank_target=41 bank_turn=0
elapsed=75616 actor=flanker event=move path=7101 target_speed=60 acceleration=0 corridor=55,3626,94 wave_mode=Combat bank_target=41 bank_turn=0
elapsed=75616 actor=flanker event=vertical-step path=8942 target_speed=60 acceleration=0 corridor=55,3626,94 wave_mode=Combat bank_target=41 bank_turn=0
elapsed=75620 actor=vanguard event=move path=700F target_speed=12 acceleration=0 corridor=0,0,0 wave_mode=Entry bank_target=0 bank_turn=0
elapsed=75620 actor=vanguard event=vertical-step path=8942 target_speed=12 acceleration=0 corridor=0,0,0 wave_mode=Entry bank_target=0 bank_turn=0
elapsed=75620 actor=high_guard event=chase-angle path=886F target_speed=60 acceleration=0 corridor=-84,-155,-37 wave_mode=Combat bank_target=26 bank_turn=1
elapsed=75620 actor=high_guard event=move path=886F target_speed=60 acceleration=0 corridor=-84,-155,-37 wave_mode=Combat bank_target=26 bank_turn=1
elapsed=75620 actor=high_guard event=vertical-step path=8942 target_speed=60 acceleration=0 corridor=-84,-155,-37 wave_mode=Combat bank_target=26 bank_turn=1
elapsed=75621 actor=flanker event=wait-for-angle path=7101 target_speed=60 acceleration=0 corridor=55,3626,94 wave_mode=Combat bank_target=41 bank_turn=0
elapsed=75621 actor=flanker event=move path=7101 target_speed=60 acceleration=0 corridor=55,3626,94 wave_mode=Combat bank_target=41 bank_turn=0
elapsed=75621 actor=flanker event=vertical-step path=8942 target_speed=60 acceleration=0 corridor=55,3626,94 wave_mode=Combat bank_target=41 bank_turn=0
elapsed=75625 actor=vanguard event=move path=700F target_speed=12 acceleration=0 corridor=0,0,0 wave_mode=Entry bank_target=0 bank_turn=0
elapsed=75625 actor=vanguard event=vertical-step path=8942 target_speed=12 acceleration=0 corridor=0,0,0 wave_mode=Entry bank_target=0 bank_turn=0
elapsed=75625 actor=high_guard event=chase-angle path=886F target_speed=60 acceleration=0 corridor=-84,-155,-37 wave_mode=Combat bank_target=26 bank_turn=1
elapsed=75625 actor=high_guard event=move path=886F target_speed=60 acceleration=0 corridor=-84,-155,-37 wave_mode=Combat bank_target=26 bank_turn=1
elapsed=75625 actor=high_guard event=vertical-step path=8942 target_speed=60 acceleration=0 corridor=-84,-155,-37 wave_mode=Combat bank_target=26 bank_turn=1
elapsed=75626 actor=flanker event=wait-for-angle path=7101 target_speed=60 acceleration=0 corridor=55,3626,94 wave_mode=Combat bank_target=41 bank_turn=0
elapsed=75626 actor=flanker event=move path=7101 target_speed=60 acceleration=0 corridor=55,3626,94 wave_mode=Combat bank_target=41 bank_turn=0
elapsed=75626 actor=flanker event=vertical-step path=8942 target_speed=60 acceleration=0 corridor=55,3626,94 wave_mode=Combat bank_target=41 bank_turn=0
elapsed=75629 actor=vanguard event=move path=700F target_speed=12 acceleration=0 corridor=0,0,0 wave_mode=Entry bank_target=0 bank_turn=0
elapsed=75629 actor=vanguard event=vertical-step path=8942 target_speed=12 acceleration=0 corridor=0,0,0 wave_mode=Entry bank_target=0 bank_turn=0
elapsed=75630 actor=high_guard event=chase-angle path=886F target_speed=60 acceleration=0 corridor=-84,-155,-37 wave_mode=Combat bank_target=26 bank_turn=1
elapsed=75630 actor=high_guard event=move path=886F target_speed=60 acceleration=0 corridor=-84,-155,-37 wave_mode=Combat bank_target=26 bank_turn=1
elapsed=75630 actor=high_guard event=vertical-step path=8942 target_speed=60 acceleration=0 corridor=-84,-155,-37 wave_mode=Combat bank_target=26 bank_turn=1
elapsed=75630 actor=flanker event=wait-for-angle path=7101 target_speed=60 acceleration=0 corridor=55,3626,94 wave_mode=Combat bank_target=41 bank_turn=0
elapsed=75630 actor=flanker event=move path=7101 target_speed=60 acceleration=0 corridor=55,3626,94 wave_mode=Combat bank_target=41 bank_turn=0
elapsed=75631 actor=flanker event=vertical-step path=8942 target_speed=60 acceleration=0 corridor=55,3626,94 wave_mode=Combat bank_target=41 bank_turn=0
elapsed=75634 actor=vanguard event=move path=700F target_speed=12 acceleration=0 corridor=0,0,0 wave_mode=Entry bank_target=0 bank_turn=0
elapsed=75634 actor=vanguard event=vertical-step path=8942 target_speed=12 acceleration=0 corridor=0,0,0 wave_mode=Entry bank_target=0 bank_turn=0
elapsed=75634 actor=high_guard event=chase-angle path=886F target_speed=60 acceleration=0 corridor=-84,-155,-37 wave_mode=Combat bank_target=26 bank_turn=1
elapsed=75634 actor=high_guard event=move path=886F target_speed=60 acceleration=0 corridor=-84,-155,-37 wave_mode=Combat bank_target=26 bank_turn=1
elapsed=75635 actor=high_guard event=vertical-step path=8942 target_speed=60 acceleration=0 corridor=-84,-155,-37 wave_mode=Combat bank_target=26 bank_turn=1
elapsed=75635 actor=flanker event=wait-for-angle path=7101 target_speed=60 acceleration=0 corridor=55,3626,94 wave_mode=Combat bank_target=41 bank_turn=0
elapsed=75635 actor=flanker event=move path=7101 target_speed=60 acceleration=0 corridor=55,3626,94 wave_mode=Combat bank_target=41 bank_turn=0
elapsed=75636 actor=flanker event=vertical-step path=8942 target_speed=60 acceleration=0 corridor=55,3626,94 wave_mode=Combat bank_target=41 bank_turn=0
elapsed=75639 actor=vanguard event=move path=700F target_speed=12 acceleration=0 corridor=0,0,0 wave_mode=Entry bank_target=0 bank_turn=0
elapsed=75639 actor=vanguard event=vertical-step path=8942 target_speed=12 acceleration=0 corridor=0,0,0 wave_mode=Entry bank_target=0 bank_turn=0
elapsed=75639 actor=high_guard event=chase-angle path=886F target_speed=60 acceleration=0 corridor=-84,-155,-37 wave_mode=Combat bank_target=26 bank_turn=1
elapsed=75639 actor=high_guard event=move path=886F target_speed=60 acceleration=0 corridor=-84,-155,-37 wave_mode=Combat bank_target=26 bank_turn=1
elapsed=75639 actor=high_guard event=vertical-step path=8942 target_speed=60 acceleration=0 corridor=-84,-155,-37 wave_mode=Combat bank_target=26 bank_turn=1
elapsed=75640 actor=flanker event=wait-for-angle path=7101 target_speed=60 acceleration=0 corridor=55,3626,94 wave_mode=Combat bank_target=41 bank_turn=0
elapsed=75640 actor=flanker event=move path=7101 target_speed=60 acceleration=0 corridor=55,3626,94 wave_mode=Combat bank_target=41 bank_turn=0
elapsed=75640 actor=flanker event=vertical-step path=8942 target_speed=60 acceleration=0 corridor=55,3626,94 wave_mode=Combat bank_target=41 bank_turn=0
elapsed=75643 actor=vanguard event=move path=700F target_speed=12 acceleration=0 corridor=0,0,0 wave_mode=Entry bank_target=0 bank_turn=0
elapsed=75644 actor=vanguard event=vertical-step path=8942 target_speed=12 acceleration=0 corridor=0,0,0 wave_mode=Entry bank_target=0 bank_turn=0
elapsed=75644 actor=high_guard event=chase-angle path=886F target_speed=60 acceleration=0 corridor=-84,-155,-37 wave_mode=Combat bank_target=26 bank_turn=1
elapsed=75644 actor=high_guard event=move path=886F target_speed=60 acceleration=0 corridor=-84,-155,-37 wave_mode=Combat bank_target=26 bank_turn=1
elapsed=75644 actor=high_guard event=vertical-step path=8942 target_speed=60 acceleration=0 corridor=-84,-155,-37 wave_mode=Combat bank_target=26 bank_turn=1
elapsed=75645 actor=flanker event=wait-for-angle path=7101 target_speed=60 acceleration=0 corridor=55,3626,94 wave_mode=Combat bank_target=41 bank_turn=0
elapsed=75645 actor=flanker event=move path=7101 target_speed=60 acceleration=0 corridor=55,3626,94 wave_mode=Combat bank_target=41 bank_turn=0
elapsed=75645 actor=flanker event=vertical-step path=8942 target_speed=60 acceleration=0 corridor=55,3626,94 wave_mode=Combat bank_target=41 bank_turn=0
elapsed=75648 actor=vanguard event=move path=700F target_speed=12 acceleration=0 corridor=0,0,0 wave_mode=Entry bank_target=0 bank_turn=0
elapsed=75648 actor=vanguard event=vertical-step path=8942 target_speed=12 acceleration=0 corridor=0,0,0 wave_mode=Entry bank_target=0 bank_turn=0
elapsed=75649 actor=high_guard event=chase-angle path=886F target_speed=60 acceleration=0 corridor=-84,-155,-37 wave_mode=Combat bank_target=26 bank_turn=1
elapsed=75649 actor=high_guard event=move path=886F target_speed=60 acceleration=0 corridor=-84,-155,-37 wave_mode=Combat bank_target=26 bank_turn=1
elapsed=75649 actor=high_guard event=vertical-step path=8942 target_speed=60 acceleration=0 corridor=-84,-155,-37 wave_mode=Combat bank_target=26 bank_turn=1
elapsed=75649 actor=flanker event=wait-for-angle path=7101 target_speed=60 acceleration=0 corridor=55,3626,94 wave_mode=Combat bank_target=41 bank_turn=0
elapsed=75649 actor=flanker event=move path=7101 target_speed=60 acceleration=0 corridor=55,3626,94 wave_mode=Combat bank_target=41 bank_turn=0
elapsed=75649 actor=flanker event=vertical-step path=8942 target_speed=60 acceleration=0 corridor=55,3626,94 wave_mode=Combat bank_target=41 bank_turn=0
elapsed=75653 actor=vanguard event=move path=700F target_speed=12 acceleration=0 corridor=0,0,0 wave_mode=Entry bank_target=0 bank_turn=0
elapsed=75653 actor=vanguard event=vertical-step path=8942 target_speed=12 acceleration=0 corridor=0,0,0 wave_mode=Entry bank_target=0 bank_turn=0
elapsed=75654 actor=high_guard event=chase-angle path=886F target_speed=60 acceleration=0 corridor=-84,-155,-37 wave_mode=Combat bank_target=26 bank_turn=1
elapsed=75654 actor=high_guard event=move path=886F target_speed=60 acceleration=0 corridor=-84,-155,-37 wave_mode=Combat bank_target=26 bank_turn=1
elapsed=75654 actor=high_guard event=vertical-step path=8942 target_speed=60 acceleration=0 corridor=-84,-155,-37 wave_mode=Combat bank_target=26 bank_turn=1
elapsed=75654 actor=flanker event=wait-for-angle path=7101 target_speed=60 acceleration=0 corridor=55,3626,94 wave_mode=Combat bank_target=41 bank_turn=0
elapsed=75654 actor=flanker event=move path=7101 target_speed=60 acceleration=0 corridor=55,3626,94 wave_mode=Combat bank_target=41 bank_turn=0
elapsed=75654 actor=flanker event=vertical-step path=8942 target_speed=60 acceleration=0 corridor=55,3626,94 wave_mode=Combat bank_target=41 bank_turn=0
elapsed=75658 actor=vanguard event=move path=700F target_speed=12 acceleration=0 corridor=0,0,0 wave_mode=Entry bank_target=0 bank_turn=0
elapsed=75658 actor=vanguard event=vertical-step path=8942 target_speed=12 acceleration=0 corridor=0,0,0 wave_mode=Entry bank_target=0 bank_turn=0
elapsed=75658 actor=high_guard event=chase-angle path=886F target_speed=60 acceleration=0 corridor=-84,-155,-37 wave_mode=Combat bank_target=26 bank_turn=1
elapsed=75658 actor=high_guard event=move path=886F target_speed=60 acceleration=0 corridor=-84,-155,-37 wave_mode=Combat bank_target=26 bank_turn=1
elapsed=75658 actor=high_guard event=vertical-step path=8942 target_speed=60 acceleration=0 corridor=-84,-155,-37 wave_mode=Combat bank_target=26 bank_turn=1
elapsed=75659 actor=flanker event=wait-for-angle path=7101 target_speed=60 acceleration=0 corridor=55,3626,94 wave_mode=Combat bank_target=41 bank_turn=0
elapsed=75659 actor=flanker event=move path=7101 target_speed=60 acceleration=0 corridor=55,3626,94 wave_mode=Combat bank_target=41 bank_turn=0
elapsed=75659 actor=flanker event=vertical-step path=8942 target_speed=60 acceleration=0 corridor=55,3626,94 wave_mode=Combat bank_target=41 bank_turn=0
elapsed=75662 actor=vanguard event=move path=700F target_speed=12 acceleration=0 corridor=0,0,0 wave_mode=Entry bank_target=0 bank_turn=0
elapsed=75662 actor=vanguard event=vertical-step path=8942 target_speed=12 acceleration=0 corridor=0,0,0 wave_mode=Entry bank_target=0 bank_turn=0
elapsed=75663 actor=high_guard event=chase-angle path=886F target_speed=60 acceleration=0 corridor=-84,-155,-37 wave_mode=Combat bank_target=26 bank_turn=1
elapsed=75663 actor=high_guard event=move path=886F target_speed=60 acceleration=0 corridor=-84,-155,-37 wave_mode=Combat bank_target=26 bank_turn=1
elapsed=75663 actor=high_guard event=vertical-step path=8942 target_speed=60 acceleration=0 corridor=-84,-155,-37 wave_mode=Combat bank_target=26 bank_turn=1
elapsed=75663 actor=flanker event=wait-for-angle path=7101 target_speed=60 acceleration=0 corridor=55,3626,94 wave_mode=Combat bank_target=41 bank_turn=0
elapsed=75663 actor=flanker event=move path=7101 target_speed=60 acceleration=0 corridor=55,3626,94 wave_mode=Combat bank_target=41 bank_turn=0
elapsed=75663 actor=flanker event=vertical-step path=8942 target_speed=60 acceleration=0 corridor=55,3626,94 wave_mode=Combat bank_target=41 bank_turn=0
elapsed=75667 actor=vanguard event=move path=700F target_speed=12 acceleration=0 corridor=0,0,0 wave_mode=Entry bank_target=0 bank_turn=0
elapsed=75667 actor=vanguard event=vertical-step path=8942 target_speed=12 acceleration=0 corridor=0,0,0 wave_mode=Entry bank_target=0 bank_turn=0
elapsed=75667 actor=high_guard event=chase-angle path=886F target_speed=60 acceleration=0 corridor=-84,-155,-37 wave_mode=Combat bank_target=26 bank_turn=1
elapsed=75667 actor=high_guard event=move path=886F target_speed=60 acceleration=0 corridor=-84,-155,-37 wave_mode=Combat bank_target=26 bank_turn=1
elapsed=75667 actor=high_guard event=vertical-step path=8942 target_speed=60 acceleration=0 corridor=-84,-155,-37 wave_mode=Combat bank_target=26 bank_turn=1
elapsed=75668 actor=flanker event=wait-for-angle path=7101 target_speed=60 acceleration=0 corridor=55,3626,94 wave_mode=Combat bank_target=41 bank_turn=0
elapsed=75668 actor=flanker event=move path=7101 target_speed=60 acceleration=0 corridor=55,3626,94 wave_mode=Combat bank_target=41 bank_turn=0
elapsed=75668 actor=flanker event=vertical-step path=8942 target_speed=60 acceleration=0 corridor=55,3626,94 wave_mode=Combat bank_target=41 bank_turn=0
elapsed=75671 actor=vanguard event=move path=700F target_speed=12 acceleration=0 corridor=0,0,0 wave_mode=Entry bank_target=0 bank_turn=0
elapsed=75672 actor=vanguard event=vertical-step path=8942 target_speed=12 acceleration=0 corridor=0,0,0 wave_mode=Entry bank_target=0 bank_turn=0
elapsed=75672 actor=high_guard event=chase-angle path=886F target_speed=60 acceleration=0 corridor=-84,-155,-37 wave_mode=Combat bank_target=26 bank_turn=1
elapsed=75672 actor=high_guard event=move path=886F target_speed=60 acceleration=0 corridor=-84,-155,-37 wave_mode=Combat bank_target=26 bank_turn=1
elapsed=75672 actor=high_guard event=vertical-step path=8942 target_speed=60 acceleration=0 corridor=-84,-155,-37 wave_mode=Combat bank_target=26 bank_turn=1
elapsed=75672 actor=flanker event=wait-for-angle path=7101 target_speed=60 acceleration=0 corridor=55,3626,94 wave_mode=Combat bank_target=41 bank_turn=0
elapsed=75673 actor=flanker event=face-player path=7125 target_speed=60 acceleration=0 corridor=55,3626,94 wave_mode=Combat bank_target=11 bank_turn=0
elapsed=75673 actor=flanker event=move path=7125 target_speed=60 acceleration=0 corridor=55,3626,94 wave_mode=Combat bank_target=12 bank_turn=0
elapsed=75673 actor=flanker event=vertical-step path=8942 target_speed=60 acceleration=0 corridor=55,3626,94 wave_mode=Combat bank_target=12 bank_turn=0
elapsed=75676 actor=vanguard event=move path=700F target_speed=12 acceleration=0 corridor=0,0,0 wave_mode=Entry bank_target=0 bank_turn=0
elapsed=75676 actor=vanguard event=vertical-step path=8942 target_speed=12 acceleration=0 corridor=0,0,0 wave_mode=Entry bank_target=0 bank_turn=0
elapsed=75677 actor=high_guard event=chase-angle path=886F target_speed=60 acceleration=0 corridor=-84,-155,-37 wave_mode=Combat bank_target=26 bank_turn=1
elapsed=75677 actor=high_guard event=move path=886F target_speed=60 acceleration=0 corridor=-84,-155,-37 wave_mode=Combat bank_target=26 bank_turn=1
elapsed=75677 actor=high_guard event=vertical-step path=8942 target_speed=60 acceleration=0 corridor=-84,-155,-37 wave_mode=Combat bank_target=26 bank_turn=1
elapsed=75677 actor=flanker event=face-player path=7125 target_speed=60 acceleration=0 corridor=-81,-3670,82 wave_mode=Combat bank_target=12 bank_turn=0
elapsed=75677 actor=flanker event=move path=7125 target_speed=60 acceleration=0 corridor=-81,-3670,82 wave_mode=Combat bank_target=13 bank_turn=0
elapsed=75677 actor=flanker event=vertical-step path=8942 target_speed=60 acceleration=0 corridor=-81,-3670,82 wave_mode=Combat bank_target=13 bank_turn=0
elapsed=75681 actor=vanguard event=move path=700F target_speed=12 acceleration=0 corridor=0,0,0 wave_mode=Entry bank_target=0 bank_turn=0
elapsed=75681 actor=vanguard event=vertical-step path=8942 target_speed=12 acceleration=0 corridor=0,0,0 wave_mode=Entry bank_target=0 bank_turn=0
elapsed=75681 actor=high_guard event=chase-angle path=886F target_speed=60 acceleration=0 corridor=-84,-155,-37 wave_mode=Combat bank_target=26 bank_turn=1
elapsed=75681 actor=high_guard event=move path=886F target_speed=60 acceleration=0 corridor=-84,-155,-37 wave_mode=Combat bank_target=26 bank_turn=1
elapsed=75681 actor=high_guard event=vertical-step path=8942 target_speed=60 acceleration=0 corridor=-84,-155,-37 wave_mode=Combat bank_target=26 bank_turn=1
elapsed=75682 actor=flanker event=face-player path=7125 target_speed=60 acceleration=0 corridor=-81,-3670,82 wave_mode=Combat bank_target=13 bank_turn=0
elapsed=75682 actor=flanker event=move path=7125 target_speed=60 acceleration=0 corridor=-81,-3670,82 wave_mode=Combat bank_target=14 bank_turn=0
elapsed=75682 actor=flanker event=vertical-step path=8942 target_speed=60 acceleration=0 corridor=-81,-3670,82 wave_mode=Combat bank_target=14 bank_turn=0
elapsed=75685 actor=vanguard event=move path=700F target_speed=12 acceleration=0 corridor=0,0,0 wave_mode=Entry bank_target=0 bank_turn=0
elapsed=75685 actor=vanguard event=vertical-step path=8942 target_speed=12 acceleration=0 corridor=0,0,0 wave_mode=Entry bank_target=0 bank_turn=0
elapsed=75686 actor=high_guard event=chase-angle path=886F target_speed=60 acceleration=0 corridor=-84,-155,-37 wave_mode=Combat bank_target=26 bank_turn=1
elapsed=75686 actor=high_guard event=move path=886F target_speed=60 acceleration=0 corridor=-84,-155,-37 wave_mode=Combat bank_target=26 bank_turn=1
elapsed=75686 actor=high_guard event=vertical-step path=8942 target_speed=60 acceleration=0 corridor=-84,-155,-37 wave_mode=Combat bank_target=26 bank_turn=1
elapsed=75686 actor=flanker event=face-player path=7125 target_speed=60 acceleration=0 corridor=-81,-3670,82 wave_mode=Combat bank_target=14 bank_turn=0
elapsed=75686 actor=flanker event=move path=7125 target_speed=60 acceleration=0 corridor=-81,-3670,82 wave_mode=Combat bank_target=15 bank_turn=0
elapsed=75686 actor=flanker event=vertical-step path=8942 target_speed=60 acceleration=0 corridor=-81,-3670,82 wave_mode=Combat bank_target=15 bank_turn=0
elapsed=75690 actor=vanguard event=move path=700F target_speed=12 acceleration=0 corridor=0,0,0 wave_mode=Entry bank_target=0 bank_turn=0
elapsed=75690 actor=vanguard event=vertical-step path=8942 target_speed=12 acceleration=0 corridor=0,0,0 wave_mode=Entry bank_target=0 bank_turn=0
elapsed=75690 actor=high_guard event=chase-angle path=886F target_speed=60 acceleration=0 corridor=-84,-155,-37 wave_mode=Combat bank_target=26 bank_turn=1
elapsed=75690 actor=high_guard event=move path=886F target_speed=60 acceleration=0 corridor=-84,-155,-37 wave_mode=Combat bank_target=26 bank_turn=1
elapsed=75690 actor=high_guard event=vertical-step path=8942 target_speed=60 acceleration=0 corridor=-84,-155,-37 wave_mode=Combat bank_target=26 bank_turn=1
elapsed=75691 actor=flanker event=face-player path=7125 target_speed=60 acceleration=0 corridor=-81,-3670,82 wave_mode=Combat bank_target=15 bank_turn=0
elapsed=75691 actor=flanker event=projectile-face-immediate path=8C2D target_speed=60 acceleration=0 corridor=-81,-3670,82 wave_mode=Combat bank_target=0 bank_turn=0
elapsed=75691 actor=flanker event=move path=7125 target_speed=60 acceleration=0 corridor=-81,-3670,82 wave_mode=Combat bank_target=0 bank_turn=0
elapsed=75691 actor=flanker event=vertical-step path=8942 target_speed=60 acceleration=0 corridor=-81,-3670,82 wave_mode=Combat bank_target=0 bank_turn=0
elapsed=75695 actor=vanguard event=move path=700F target_speed=12 acceleration=0 corridor=0,0,0 wave_mode=Entry bank_target=0 bank_turn=0
elapsed=75695 actor=vanguard event=vertical-step path=8942 target_speed=12 acceleration=0 corridor=0,0,0 wave_mode=Entry bank_target=0 bank_turn=0
elapsed=75695 actor=high_guard event=chase-angle path=886F target_speed=60 acceleration=0 corridor=-84,-155,-37 wave_mode=Combat bank_target=26 bank_turn=1
elapsed=75695 actor=high_guard event=move path=7146 target_speed=60 acceleration=0 corridor=-84,-155,-37 wave_mode=Combat bank_target=26 bank_turn=1
elapsed=75695 actor=high_guard event=vertical-step path=8942 target_speed=60 acceleration=0 corridor=-84,-155,-37 wave_mode=Combat bank_target=26 bank_turn=1
elapsed=75695 actor=flanker event=face-player path=7125 target_speed=60 acceleration=0 corridor=-81,-3670,82 wave_mode=Combat bank_target=0 bank_turn=0
elapsed=75696 actor=flanker event=move path=7125 target_speed=60 acceleration=0 corridor=-81,-3670,82 wave_mode=Combat bank_target=1 bank_turn=0
elapsed=75696 actor=flanker event=vertical-step path=8942 target_speed=60 acceleration=0 corridor=-81,-3670,82 wave_mode=Combat bank_target=1 bank_turn=0
elapsed=75699 actor=vanguard event=move path=700F target_speed=12 acceleration=0 corridor=0,0,0 wave_mode=Entry bank_target=0 bank_turn=0
elapsed=75699 actor=vanguard event=vertical-step path=8942 target_speed=12 acceleration=0 corridor=0,0,0 wave_mode=Entry bank_target=0 bank_turn=0
elapsed=75699 actor=high_guard event=wait-for-angle path=714B target_speed=60 acceleration=0 corridor=-84,-155,-37 wave_mode=Combat bank_target=26 bank_turn=0
elapsed=75699 actor=high_guard event=move path=714B target_speed=60 acceleration=0 corridor=-84,-155,-37 wave_mode=Combat bank_target=26 bank_turn=0
elapsed=75700 actor=high_guard event=vertical-step path=8942 target_speed=60 acceleration=0 corridor=-84,-155,-37 wave_mode=Combat bank_target=26 bank_turn=0
elapsed=75700 actor=flanker event=face-player path=7125 target_speed=60 acceleration=0 corridor=-81,-3670,82 wave_mode=Combat bank_target=1 bank_turn=0
elapsed=75700 actor=flanker event=move path=7125 target_speed=60 acceleration=0 corridor=-81,-3670,82 wave_mode=Combat bank_target=2 bank_turn=0
elapsed=75700 actor=flanker event=vertical-step path=8942 target_speed=60 acceleration=0 corridor=-81,-3670,82 wave_mode=Combat bank_target=2 bank_turn=0
elapsed=75704 actor=vanguard event=move path=700F target_speed=12 acceleration=0 corridor=0,0,0 wave_mode=Entry bank_target=0 bank_turn=0
elapsed=75704 actor=vanguard event=vertical-step path=8942 target_speed=12 acceleration=0 corridor=0,0,0 wave_mode=Entry bank_target=0 bank_turn=0
elapsed=75704 actor=high_guard event=wait-for-angle path=714B target_speed=60 acceleration=0 corridor=-84,-155,-37 wave_mode=Combat bank_target=26 bank_turn=0
elapsed=75704 actor=high_guard event=move path=714B target_speed=60 acceleration=0 corridor=-84,-155,-37 wave_mode=Combat bank_target=26 bank_turn=0
elapsed=75704 actor=high_guard event=vertical-step path=8942 target_speed=60 acceleration=0 corridor=-84,-155,-37 wave_mode=Combat bank_target=26 bank_turn=0
elapsed=75705 actor=flanker event=face-player path=7125 target_speed=60 acceleration=0 corridor=-81,-3670,82 wave_mode=Combat bank_target=2 bank_turn=0
elapsed=75705 actor=flanker event=move path=7125 target_speed=60 acceleration=0 corridor=-81,-3670,82 wave_mode=Combat bank_target=3 bank_turn=0
elapsed=75705 actor=flanker event=vertical-step path=8942 target_speed=60 acceleration=0 corridor=-81,-3670,82 wave_mode=Combat bank_target=3 bank_turn=0
elapsed=75708 actor=vanguard event=move path=700F target_speed=12 acceleration=0 corridor=0,0,0 wave_mode=Entry bank_target=0 bank_turn=0
elapsed=75708 actor=vanguard event=vertical-step path=8942 target_speed=12 acceleration=0 corridor=0,0,0 wave_mode=Entry bank_target=0 bank_turn=0
elapsed=75709 actor=high_guard event=wait-for-angle path=714B target_speed=60 acceleration=0 corridor=-84,-155,-37 wave_mode=Combat bank_target=26 bank_turn=0
elapsed=75709 actor=high_guard event=move path=714B target_speed=60 acceleration=0 corridor=-84,-155,-37 wave_mode=Combat bank_target=26 bank_turn=0
elapsed=75709 actor=high_guard event=vertical-step path=8942 target_speed=60 acceleration=0 corridor=-84,-155,-37 wave_mode=Combat bank_target=26 bank_turn=0
elapsed=75709 actor=flanker event=face-player path=7125 target_speed=60 acceleration=0 corridor=-81,-3670,82 wave_mode=Combat bank_target=3 bank_turn=0
elapsed=75709 actor=flanker event=move path=7125 target_speed=60 acceleration=0 corridor=-81,-3670,82 wave_mode=Combat bank_target=4 bank_turn=0
elapsed=75709 actor=flanker event=vertical-step path=8942 target_speed=60 acceleration=0 corridor=-81,-3670,82 wave_mode=Combat bank_target=4 bank_turn=0
elapsed=75713 actor=vanguard event=move path=700F target_speed=12 acceleration=0 corridor=0,0,0 wave_mode=Entry bank_target=0 bank_turn=0
elapsed=75713 actor=vanguard event=vertical-step path=8942 target_speed=12 acceleration=0 corridor=0,0,0 wave_mode=Entry bank_target=0 bank_turn=0
elapsed=75713 actor=high_guard event=wait-for-angle path=714B target_speed=60 acceleration=0 corridor=-84,-155,-37 wave_mode=Combat bank_target=26 bank_turn=0
elapsed=75713 actor=high_guard event=move path=714B target_speed=60 acceleration=0 corridor=-84,-155,-37 wave_mode=Combat bank_target=26 bank_turn=0
elapsed=75713 actor=high_guard event=vertical-step path=8942 target_speed=60 acceleration=0 corridor=-84,-155,-37 wave_mode=Combat bank_target=26 bank_turn=0
elapsed=75713 actor=flanker event=face-player path=7125 target_speed=60 acceleration=0 corridor=-81,-3670,82 wave_mode=Combat bank_target=4 bank_turn=0
elapsed=75714 actor=flanker event=move path=7125 target_speed=60 acceleration=0 corridor=-81,-3670,82 wave_mode=Combat bank_target=5 bank_turn=0
elapsed=75714 actor=flanker event=vertical-step path=8942 target_speed=60 acceleration=0 corridor=-81,-3670,82 wave_mode=Combat bank_target=5 bank_turn=0
elapsed=75717 actor=vanguard event=move path=700F target_speed=12 acceleration=0 corridor=0,0,0 wave_mode=Entry bank_target=0 bank_turn=0
elapsed=75717 actor=vanguard event=vertical-step path=8942 target_speed=12 acceleration=0 corridor=0,0,0 wave_mode=Entry bank_target=0 bank_turn=0
elapsed=75717 actor=high_guard event=wait-for-angle path=714B target_speed=60 acceleration=0 corridor=-84,-155,-37 wave_mode=Combat bank_target=26 bank_turn=0
elapsed=75717 actor=high_guard event=move path=714B target_speed=60 acceleration=0 corridor=-84,-155,-37 wave_mode=Combat bank_target=26 bank_turn=0
elapsed=75717 actor=high_guard event=vertical-step path=8942 target_speed=60 acceleration=0 corridor=-84,-155,-37 wave_mode=Combat bank_target=26 bank_turn=0
elapsed=75718 actor=flanker event=face-player path=7125 target_speed=60 acceleration=0 corridor=-81,-3670,82 wave_mode=Combat bank_target=5 bank_turn=0
elapsed=75718 actor=flanker event=move path=7125 target_speed=60 acceleration=0 corridor=-81,-3670,82 wave_mode=Combat bank_target=6 bank_turn=0
elapsed=75718 actor=flanker event=vertical-step path=8942 target_speed=60 acceleration=0 corridor=-81,-3670,82 wave_mode=Combat bank_target=6 bank_turn=0
elapsed=75722 actor=vanguard event=move path=700F target_speed=12 acceleration=0 corridor=0,0,0 wave_mode=Entry bank_target=0 bank_turn=0
elapsed=75722 actor=vanguard event=vertical-step path=8942 target_speed=12 acceleration=0 corridor=0,0,0 wave_mode=Entry bank_target=0 bank_turn=0
elapsed=75722 actor=high_guard event=wait-for-angle path=714B target_speed=60 acceleration=0 corridor=-99,-183,61 wave_mode=Combat bank_target=26 bank_turn=0
elapsed=75722 actor=high_guard event=move path=714B target_speed=60 acceleration=0 corridor=-99,-183,61 wave_mode=Combat bank_target=26 bank_turn=0
elapsed=75722 actor=high_guard event=vertical-step path=8942 target_speed=60 acceleration=0 corridor=-99,-183,61 wave_mode=Combat bank_target=26 bank_turn=0
elapsed=75722 actor=flanker event=face-player path=7125 target_speed=60 acceleration=0 corridor=-81,-3670,82 wave_mode=Combat bank_target=6 bank_turn=0
elapsed=75723 actor=flanker event=move path=7125 target_speed=60 acceleration=0 corridor=-81,-3670,82 wave_mode=Combat bank_target=7 bank_turn=0
elapsed=75723 actor=flanker event=vertical-step path=8942 target_speed=60 acceleration=0 corridor=-81,-3670,82 wave_mode=Combat bank_target=7 bank_turn=0
elapsed=75726 actor=vanguard event=move path=700F target_speed=12 acceleration=0 corridor=0,0,0 wave_mode=Entry bank_target=0 bank_turn=0
elapsed=75726 actor=vanguard event=vertical-step path=8942 target_speed=12 acceleration=0 corridor=0,0,0 wave_mode=Entry bank_target=0 bank_turn=0
elapsed=75726 actor=high_guard event=wait-for-angle path=714B target_speed=60 acceleration=0 corridor=-117,-1425,-96 wave_mode=Combat bank_target=26 bank_turn=0
elapsed=75726 actor=high_guard event=move path=714B target_speed=60 acceleration=0 corridor=-117,-1425,-96 wave_mode=Combat bank_target=26 bank_turn=0
elapsed=75727 actor=high_guard event=vertical-step path=8942 target_speed=60 acceleration=0 corridor=-117,-1425,-96 wave_mode=Combat bank_target=26 bank_turn=0
elapsed=75727 actor=flanker event=face-player path=7125 target_speed=60 acceleration=0 corridor=-81,-3670,82 wave_mode=Combat bank_target=7 bank_turn=0
elapsed=75727 actor=flanker event=move path=7125 target_speed=60 acceleration=0 corridor=-81,-3670,82 wave_mode=Combat bank_target=8 bank_turn=0
elapsed=75727 actor=flanker event=vertical-step path=8942 target_speed=60 acceleration=0 corridor=-81,-3670,82 wave_mode=Combat bank_target=8 bank_turn=0
elapsed=75730 actor=vanguard event=move path=700F target_speed=12 acceleration=0 corridor=0,0,0 wave_mode=Entry bank_target=0 bank_turn=0
elapsed=75731 actor=vanguard event=vertical-step path=8942 target_speed=12 acceleration=0 corridor=0,0,0 wave_mode=Entry bank_target=0 bank_turn=0
elapsed=75731 actor=high_guard event=wait-for-angle path=714B target_speed=60 acceleration=0 corridor=-117,-1425,-96 wave_mode=Combat bank_target=26 bank_turn=0
elapsed=75731 actor=high_guard event=move path=714B target_speed=60 acceleration=0 corridor=-117,-1425,-96 wave_mode=Combat bank_target=26 bank_turn=0
elapsed=75731 actor=high_guard event=vertical-step path=8942 target_speed=60 acceleration=0 corridor=-117,-1425,-96 wave_mode=Combat bank_target=26 bank_turn=0
elapsed=75731 actor=flanker event=face-player path=7125 target_speed=60 acceleration=0 corridor=-81,-3670,82 wave_mode=Combat bank_target=8 bank_turn=0
elapsed=75731 actor=flanker event=move path=7125 target_speed=60 acceleration=0 corridor=-81,-3670,82 wave_mode=Combat bank_target=9 bank_turn=0
elapsed=75732 actor=flanker event=vertical-step path=8942 target_speed=60 acceleration=0 corridor=-81,-3670,82 wave_mode=Combat bank_target=9 bank_turn=0
elapsed=75735 actor=vanguard event=move path=700F target_speed=12 acceleration=0 corridor=0,0,0 wave_mode=Entry bank_target=0 bank_turn=0
elapsed=75735 actor=vanguard event=vertical-step path=8942 target_speed=12 acceleration=0 corridor=0,0,0 wave_mode=Entry bank_target=0 bank_turn=0
elapsed=75735 actor=high_guard event=wait-for-angle path=714B target_speed=60 acceleration=0 corridor=-117,-1425,-96 wave_mode=Combat bank_target=26 bank_turn=0
elapsed=75735 actor=high_guard event=move path=714B target_speed=60 acceleration=0 corridor=-117,-1425,-96 wave_mode=Combat bank_target=26 bank_turn=0
elapsed=75735 actor=high_guard event=vertical-step path=8942 target_speed=60 acceleration=0 corridor=-117,-1425,-96 wave_mode=Combat bank_target=26 bank_turn=0
elapsed=75736 actor=flanker event=face-player path=7125 target_speed=60 acceleration=0 corridor=-81,-3670,82 wave_mode=Combat bank_target=9 bank_turn=0
elapsed=75736 actor=flanker event=move path=7125 target_speed=60 acceleration=0 corridor=-81,-3670,82 wave_mode=Combat bank_target=10 bank_turn=0
elapsed=75736 actor=flanker event=vertical-step path=8942 target_speed=60 acceleration=0 corridor=-81,-3670,82 wave_mode=Combat bank_target=10 bank_turn=0
elapsed=75739 actor=vanguard event=move path=700F target_speed=12 acceleration=0 corridor=0,0,0 wave_mode=Entry bank_target=0 bank_turn=0
elapsed=75739 actor=vanguard event=vertical-step path=8942 target_speed=12 acceleration=0 corridor=0,0,0 wave_mode=Entry bank_target=0 bank_turn=0
elapsed=75740 actor=high_guard event=wait-for-angle path=714B target_speed=60 acceleration=0 corridor=-117,-1425,-96 wave_mode=Combat bank_target=26 bank_turn=0
elapsed=75740 actor=high_guard event=move path=714B target_speed=60 acceleration=0 corridor=-117,-1425,-96 wave_mode=Combat bank_target=26 bank_turn=0
elapsed=75740 actor=high_guard event=vertical-step path=8942 target_speed=60 acceleration=0 corridor=-117,-1425,-96 wave_mode=Combat bank_target=26 bank_turn=0
elapsed=75740 actor=flanker event=face-player path=7125 target_speed=60 acceleration=0 corridor=-81,-3670,82 wave_mode=Combat bank_target=10 bank_turn=0
elapsed=75740 actor=flanker event=move path=7125 target_speed=60 acceleration=0 corridor=-81,-3670,82 wave_mode=Combat bank_target=11 bank_turn=0
elapsed=75740 actor=flanker event=vertical-step path=8942 target_speed=60 acceleration=0 corridor=-81,-3670,82 wave_mode=Combat bank_target=11 bank_turn=0
elapsed=75744 actor=vanguard event=move path=700F target_speed=12 acceleration=0 corridor=0,0,0 wave_mode=Entry bank_target=0 bank_turn=0
elapsed=75744 actor=vanguard event=vertical-step path=8942 target_speed=12 acceleration=0 corridor=0,0,0 wave_mode=Entry bank_target=0 bank_turn=0
elapsed=75744 actor=high_guard event=wait-for-angle path=714B target_speed=60 acceleration=0 corridor=-117,-1425,-96 wave_mode=Combat bank_target=26 bank_turn=0
elapsed=75744 actor=high_guard event=move path=714B target_speed=60 acceleration=0 corridor=-117,-1425,-96 wave_mode=Combat bank_target=26 bank_turn=0
elapsed=75744 actor=high_guard event=vertical-step path=8942 target_speed=60 acceleration=0 corridor=-117,-1425,-96 wave_mode=Combat bank_target=26 bank_turn=0
elapsed=75744 actor=flanker event=face-player path=7125 target_speed=60 acceleration=0 corridor=-81,-3670,82 wave_mode=Combat bank_target=11 bank_turn=0
elapsed=75745 actor=flanker event=move path=7125 target_speed=60 acceleration=0 corridor=-81,-3670,82 wave_mode=Combat bank_target=12 bank_turn=0
elapsed=75745 actor=flanker event=vertical-step path=8942 target_speed=60 acceleration=0 corridor=-81,-3670,82 wave_mode=Combat bank_target=12 bank_turn=0
elapsed=75748 actor=vanguard event=move path=700F target_speed=12 acceleration=0 corridor=0,0,0 wave_mode=Entry bank_target=0 bank_turn=0
elapsed=75748 actor=vanguard event=vertical-step path=8942 target_speed=12 acceleration=0 corridor=0,0,0 wave_mode=Entry bank_target=0 bank_turn=0
elapsed=75748 actor=high_guard event=wait-for-angle path=714B target_speed=60 acceleration=0 corridor=-117,-1425,-96 wave_mode=Combat bank_target=26 bank_turn=0
elapsed=75748 actor=high_guard event=move path=714B target_speed=60 acceleration=0 corridor=-117,-1425,-96 wave_mode=Combat bank_target=26 bank_turn=0
elapsed=75748 actor=high_guard event=vertical-step path=8942 target_speed=60 acceleration=0 corridor=-117,-1425,-96 wave_mode=Combat bank_target=26 bank_turn=0
elapsed=75749 actor=flanker event=face-player path=7125 target_speed=60 acceleration=0 corridor=-81,-3670,82 wave_mode=Combat bank_target=12 bank_turn=0
elapsed=75749 actor=flanker event=move path=7125 target_speed=60 acceleration=0 corridor=-81,-3670,82 wave_mode=Combat bank_target=13 bank_turn=0
elapsed=75749 actor=flanker event=vertical-step path=8942 target_speed=60 acceleration=0 corridor=-81,-3670,82 wave_mode=Combat bank_target=13 bank_turn=0
elapsed=75752 actor=vanguard event=move path=700F target_speed=12 acceleration=0 corridor=0,0,0 wave_mode=Entry bank_target=0 bank_turn=0
elapsed=75753 actor=vanguard event=vertical-step path=8942 target_speed=12 acceleration=0 corridor=0,0,0 wave_mode=Entry bank_target=0 bank_turn=0
elapsed=75753 actor=high_guard event=wait-for-angle path=714B target_speed=60 acceleration=0 corridor=-117,-1425,-96 wave_mode=Combat bank_target=26 bank_turn=0
elapsed=75753 actor=high_guard event=move path=714B target_speed=60 acceleration=0 corridor=-117,-1425,-96 wave_mode=Combat bank_target=26 bank_turn=0
elapsed=75753 actor=high_guard event=vertical-step path=8942 target_speed=60 acceleration=0 corridor=-117,-1425,-96 wave_mode=Combat bank_target=26 bank_turn=0
elapsed=75753 actor=flanker event=face-player path=7125 target_speed=60 acceleration=0 corridor=-81,-3670,82 wave_mode=Combat bank_target=13 bank_turn=0
elapsed=75753 actor=flanker event=move path=7125 target_speed=60 acceleration=0 corridor=-81,-3670,82 wave_mode=Combat bank_target=14 bank_turn=0
elapsed=75753 actor=flanker event=vertical-step path=8942 target_speed=60 acceleration=0 corridor=-81,-3670,82 wave_mode=Combat bank_target=14 bank_turn=0
elapsed=75757 actor=vanguard event=move path=700F target_speed=12 acceleration=0 corridor=0,0,0 wave_mode=Entry bank_target=0 bank_turn=0
elapsed=75757 actor=vanguard event=vertical-step path=8942 target_speed=12 acceleration=0 corridor=0,0,0 wave_mode=Entry bank_target=0 bank_turn=0
elapsed=75757 actor=high_guard event=wait-for-angle path=714B target_speed=60 acceleration=0 corridor=-117,-1425,-96 wave_mode=Combat bank_target=26 bank_turn=0
elapsed=75757 actor=high_guard event=move path=714B target_speed=60 acceleration=0 corridor=-117,-1425,-96 wave_mode=Combat bank_target=26 bank_turn=0
elapsed=75757 actor=high_guard event=vertical-step path=8942 target_speed=60 acceleration=0 corridor=-117,-1425,-96 wave_mode=Combat bank_target=26 bank_turn=0
elapsed=75758 actor=flanker event=face-player path=7125 target_speed=60 acceleration=0 corridor=-81,-3670,82 wave_mode=Combat bank_target=14 bank_turn=0
elapsed=75758 actor=flanker event=move path=7125 target_speed=60 acceleration=0 corridor=-81,-3670,82 wave_mode=Combat bank_target=15 bank_turn=0
elapsed=75758 actor=flanker event=vertical-step path=8942 target_speed=60 acceleration=0 corridor=-81,-3670,82 wave_mode=Combat bank_target=15 bank_turn=0
elapsed=75761 actor=vanguard event=move path=700F target_speed=12 acceleration=0 corridor=0,0,0 wave_mode=Entry bank_target=0 bank_turn=0
elapsed=75761 actor=vanguard event=vertical-step path=8942 target_speed=12 acceleration=0 corridor=0,0,0 wave_mode=Entry bank_target=0 bank_turn=0
elapsed=75762 actor=high_guard event=wait-for-angle path=714B target_speed=60 acceleration=0 corridor=-117,-1425,-96 wave_mode=Combat bank_target=26 bank_turn=0
elapsed=75762 actor=high_guard event=move path=714B target_speed=60 acceleration=0 corridor=-117,-1425,-96 wave_mode=Combat bank_target=26 bank_turn=0
elapsed=75762 actor=high_guard event=vertical-step path=8942 target_speed=60 acceleration=0 corridor=-117,-1425,-96 wave_mode=Combat bank_target=26 bank_turn=0
elapsed=75762 actor=flanker event=face-player path=7125 target_speed=60 acceleration=0 corridor=-81,-3670,82 wave_mode=Combat bank_target=15 bank_turn=0
elapsed=75762 actor=flanker event=projectile-face-immediate path=8C2D target_speed=60 acceleration=0 corridor=-81,-3670,82 wave_mode=Combat bank_target=0 bank_turn=0
elapsed=75762 actor=flanker event=move path=7125 target_speed=60 acceleration=0 corridor=-81,-3670,82 wave_mode=Combat bank_target=0 bank_turn=0
elapsed=75763 actor=flanker event=vertical-step path=8942 target_speed=60 acceleration=0 corridor=-81,-3670,82 wave_mode=Combat bank_target=0 bank_turn=0
elapsed=75766 actor=vanguard event=move path=700F target_speed=12 acceleration=0 corridor=0,0,0 wave_mode=Entry bank_target=0 bank_turn=0
elapsed=75766 actor=vanguard event=vertical-step path=8942 target_speed=12 acceleration=0 corridor=0,0,0 wave_mode=Entry bank_target=0 bank_turn=0
elapsed=75766 actor=high_guard event=wait-for-angle path=714B target_speed=60 acceleration=0 corridor=-117,-1425,-96 wave_mode=Combat bank_target=26 bank_turn=0
elapsed=75766 actor=high_guard event=move path=714B target_speed=60 acceleration=0 corridor=-117,-1425,-96 wave_mode=Combat bank_target=26 bank_turn=0
elapsed=75766 actor=high_guard event=vertical-step path=8942 target_speed=60 acceleration=0 corridor=-117,-1425,-96 wave_mode=Combat bank_target=26 bank_turn=0
elapsed=75767 actor=flanker event=face-player path=7125 target_speed=60 acceleration=0 corridor=-81,-3670,82 wave_mode=Combat bank_target=0 bank_turn=0
elapsed=75767 actor=flanker event=move path=7125 target_speed=60 acceleration=0 corridor=-81,-3670,82 wave_mode=Combat bank_target=1 bank_turn=0
elapsed=75767 actor=flanker event=vertical-step path=8942 target_speed=60 acceleration=0 corridor=-81,-3670,82 wave_mode=Combat bank_target=1 bank_turn=0
elapsed=75770 actor=vanguard event=move path=700F target_speed=12 acceleration=0 corridor=0,0,0 wave_mode=Entry bank_target=0 bank_turn=0
elapsed=75770 actor=vanguard event=vertical-step path=8942 target_speed=12 acceleration=0 corridor=0,0,0 wave_mode=Entry bank_target=0 bank_turn=0
elapsed=75771 actor=high_guard event=wait-for-angle path=714B target_speed=60 acceleration=0 corridor=-57,-3207,71 wave_mode=Combat bank_target=26 bank_turn=0
elapsed=75771 actor=high_guard event=move path=714B target_speed=60 acceleration=0 corridor=-57,-3207,71 wave_mode=Combat bank_target=26 bank_turn=0
elapsed=75771 actor=high_guard event=vertical-step path=8942 target_speed=60 acceleration=0 corridor=-57,-3207,71 wave_mode=Combat bank_target=26 bank_turn=0
elapsed=75771 actor=flanker event=face-player path=7125 target_speed=60 acceleration=0 corridor=-81,-3670,82 wave_mode=Combat bank_target=1 bank_turn=0
elapsed=75771 actor=flanker event=move path=7125 target_speed=60 acceleration=0 corridor=-81,-3670,82 wave_mode=Combat bank_target=2 bank_turn=0
elapsed=75771 actor=flanker event=vertical-step path=8942 target_speed=60 acceleration=0 corridor=-81,-3670,82 wave_mode=Combat bank_target=2 bank_turn=0
elapsed=75775 actor=vanguard event=move path=700F target_speed=12 acceleration=0 corridor=0,0,0 wave_mode=Entry bank_target=0 bank_turn=0
elapsed=75775 actor=vanguard event=vertical-step path=8942 target_speed=12 acceleration=0 corridor=0,0,0 wave_mode=Entry bank_target=0 bank_turn=0
elapsed=75775 actor=high_guard event=wait-for-angle path=714B target_speed=60 acceleration=0 corridor=-57,-3207,71 wave_mode=Combat bank_target=26 bank_turn=0
elapsed=75775 actor=high_guard event=move path=714B target_speed=60 acceleration=0 corridor=-57,-3207,71 wave_mode=Combat bank_target=26 bank_turn=0
elapsed=75775 actor=high_guard event=vertical-step path=8942 target_speed=60 acceleration=0 corridor=-57,-3207,71 wave_mode=Combat bank_target=26 bank_turn=0
elapsed=75775 actor=flanker event=face-player path=7125 target_speed=60 acceleration=0 corridor=-81,-3670,82 wave_mode=Combat bank_target=2 bank_turn=0
elapsed=75776 actor=flanker event=move path=7125 target_speed=60 acceleration=0 corridor=-81,-3670,82 wave_mode=Combat bank_target=3 bank_turn=0
elapsed=75776 actor=flanker event=vertical-step path=8942 target_speed=60 acceleration=0 corridor=-81,-3670,82 wave_mode=Combat bank_target=3 bank_turn=0
elapsed=75779 actor=vanguard event=move path=700F target_speed=12 acceleration=0 corridor=0,0,0 wave_mode=Entry bank_target=0 bank_turn=0
elapsed=75779 actor=vanguard event=vertical-step path=8942 target_speed=12 acceleration=0 corridor=0,0,0 wave_mode=Entry bank_target=0 bank_turn=0
elapsed=75779 actor=high_guard event=wait-for-angle path=714B target_speed=60 acceleration=0 corridor=-57,-3207,71 wave_mode=Combat bank_target=26 bank_turn=0
elapsed=75779 actor=high_guard event=move path=714B target_speed=60 acceleration=0 corridor=-57,-3207,71 wave_mode=Combat bank_target=26 bank_turn=0
elapsed=75780 actor=high_guard event=vertical-step path=8942 target_speed=60 acceleration=0 corridor=-57,-3207,71 wave_mode=Combat bank_target=26 bank_turn=0
elapsed=75780 actor=flanker event=face-player path=7125 target_speed=60 acceleration=0 corridor=119,3151,-3 wave_mode=Combat bank_target=3 bank_turn=0
elapsed=75780 actor=flanker event=move path=7125 target_speed=60 acceleration=0 corridor=119,3151,-3 wave_mode=Combat bank_target=4 bank_turn=0
elapsed=75780 actor=flanker event=vertical-step path=8942 target_speed=60 acceleration=0 corridor=119,3151,-3 wave_mode=Combat bank_target=4 bank_turn=0
elapsed=75784 actor=vanguard event=move path=700F target_speed=12 acceleration=0 corridor=0,0,0 wave_mode=Entry bank_target=0 bank_turn=0
elapsed=75784 actor=vanguard event=vertical-step path=8942 target_speed=12 acceleration=0 corridor=0,0,0 wave_mode=Entry bank_target=0 bank_turn=0
elapsed=75784 actor=high_guard event=wait-for-angle path=714B target_speed=60 acceleration=0 corridor=-57,-3207,71 wave_mode=Combat bank_target=26 bank_turn=0
elapsed=75784 actor=high_guard event=move path=714B target_speed=60 acceleration=0 corridor=-57,-3207,71 wave_mode=Combat bank_target=26 bank_turn=0
elapsed=75784 actor=high_guard event=vertical-step path=8942 target_speed=60 acceleration=0 corridor=-57,-3207,71 wave_mode=Combat bank_target=26 bank_turn=0
elapsed=75784 actor=flanker event=face-player path=7125 target_speed=60 acceleration=0 corridor=119,3151,-3 wave_mode=Combat bank_target=4 bank_turn=0
elapsed=75784 actor=flanker event=move path=7125 target_speed=60 acceleration=0 corridor=119,3151,-3 wave_mode=Combat bank_target=5 bank_turn=0
elapsed=75785 actor=flanker event=vertical-step path=8942 target_speed=60 acceleration=0 corridor=119,3151,-3 wave_mode=Combat bank_target=5 bank_turn=0
elapsed=75788 actor=vanguard event=move path=700F target_speed=12 acceleration=0 corridor=0,0,0 wave_mode=Entry bank_target=0 bank_turn=0
elapsed=75788 actor=vanguard event=vertical-step path=8942 target_speed=12 acceleration=0 corridor=0,0,0 wave_mode=Entry bank_target=0 bank_turn=0
elapsed=75788 actor=high_guard event=wait-for-angle path=714B target_speed=60 acceleration=0 corridor=-57,-3207,71 wave_mode=Combat bank_target=26 bank_turn=0
elapsed=75788 actor=high_guard event=move path=70D7 target_speed=60 acceleration=0 corridor=-57,-3207,71 wave_mode=Combat bank_target=26 bank_turn=0
elapsed=75788 actor=high_guard event=vertical-step path=8942 target_speed=60 acceleration=0 corridor=-57,-3207,71 wave_mode=Combat bank_target=26 bank_turn=0
elapsed=75789 actor=flanker event=face-player path=7125 target_speed=60 acceleration=0 corridor=119,3151,-3 wave_mode=Combat bank_target=5 bank_turn=0
elapsed=75789 actor=flanker event=move path=7125 target_speed=60 acceleration=0 corridor=119,3151,-3 wave_mode=Combat bank_target=6 bank_turn=0
elapsed=75789 actor=flanker event=vertical-step path=8942 target_speed=60 acceleration=0 corridor=119,3151,-3 wave_mode=Combat bank_target=6 bank_turn=0
elapsed=75792 actor=vanguard event=move path=700F target_speed=12 acceleration=0 corridor=0,0,0 wave_mode=Entry bank_target=0 bank_turn=0
elapsed=75793 actor=vanguard event=vertical-step path=8942 target_speed=12 acceleration=0 corridor=0,0,0 wave_mode=Entry bank_target=0 bank_turn=0
elapsed=75793 actor=high_guard event=move path=70D9 target_speed=60 acceleration=0 corridor=-57,-3207,71 wave_mode=Combat bank_target=1 bank_turn=0
elapsed=75793 actor=high_guard event=vertical-step path=8942 target_speed=60 acceleration=0 corridor=-57,-3207,71 wave_mode=Combat bank_target=1 bank_turn=0
elapsed=75793 actor=flanker event=face-player path=7125 target_speed=60 acceleration=0 corridor=119,3151,-3 wave_mode=Combat bank_target=6 bank_turn=0
elapsed=75793 actor=flanker event=move path=7125 target_speed=60 acceleration=0 corridor=119,3151,-3 wave_mode=Combat bank_target=7 bank_turn=0
elapsed=75793 actor=flanker event=vertical-step path=8942 target_speed=60 acceleration=0 corridor=119,3151,-3 wave_mode=Combat bank_target=7 bank_turn=0
elapsed=75797 actor=vanguard event=move path=700F target_speed=12 acceleration=0 corridor=0,0,0 wave_mode=Entry bank_target=0 bank_turn=0
elapsed=75797 actor=vanguard event=vertical-step path=8942 target_speed=12 acceleration=0 corridor=0,0,0 wave_mode=Entry bank_target=0 bank_turn=0
elapsed=75797 actor=high_guard event=move path=70D9 target_speed=60 acceleration=0 corridor=-57,-3207,71 wave_mode=Combat bank_target=2 bank_turn=0
elapsed=75797 actor=high_guard event=vertical-step path=8942 target_speed=60 acceleration=0 corridor=-57,-3207,71 wave_mode=Combat bank_target=2 bank_turn=0
elapsed=75798 actor=flanker event=face-player path=7125 target_speed=60 acceleration=0 corridor=119,3151,-3 wave_mode=Combat bank_target=7 bank_turn=0
elapsed=75798 actor=flanker event=move path=7125 target_speed=60 acceleration=0 corridor=119,3151,-3 wave_mode=Combat bank_target=8 bank_turn=0
elapsed=75798 actor=flanker event=vertical-step path=8942 target_speed=60 acceleration=0 corridor=119,3151,-3 wave_mode=Combat bank_target=8 bank_turn=0
elapsed=75801 actor=vanguard event=move path=700F target_speed=12 acceleration=0 corridor=0,0,0 wave_mode=Entry bank_target=0 bank_turn=0
elapsed=75801 actor=vanguard event=vertical-step path=8942 target_speed=12 acceleration=0 corridor=0,0,0 wave_mode=Entry bank_target=0 bank_turn=0
elapsed=75802 actor=high_guard event=move path=70D9 target_speed=60 acceleration=0 corridor=-57,-3207,71 wave_mode=Combat bank_target=3 bank_turn=0
elapsed=75802 actor=high_guard event=vertical-step path=8942 target_speed=60 acceleration=0 corridor=-57,-3207,71 wave_mode=Combat bank_target=3 bank_turn=0
elapsed=75802 actor=flanker event=face-player path=7125 target_speed=60 acceleration=0 corridor=119,3151,-3 wave_mode=Combat bank_target=8 bank_turn=0
elapsed=75802 actor=flanker event=move path=7125 target_speed=60 acceleration=0 corridor=119,3151,-3 wave_mode=Combat bank_target=9 bank_turn=0
elapsed=75802 actor=flanker event=vertical-step path=8942 target_speed=60 acceleration=0 corridor=119,3151,-3 wave_mode=Combat bank_target=9 bank_turn=0
elapsed=75806 actor=vanguard event=move path=700F target_speed=12 acceleration=0 corridor=0,0,0 wave_mode=Entry bank_target=0 bank_turn=0
elapsed=75806 actor=vanguard event=vertical-step path=8942 target_speed=12 acceleration=0 corridor=0,0,0 wave_mode=Entry bank_target=0 bank_turn=0
elapsed=75806 actor=high_guard event=move path=70D9 target_speed=60 acceleration=0 corridor=-57,-3207,71 wave_mode=Combat bank_target=4 bank_turn=0
elapsed=75806 actor=high_guard event=vertical-step path=8942 target_speed=60 acceleration=0 corridor=-57,-3207,71 wave_mode=Combat bank_target=4 bank_turn=0
elapsed=75807 actor=flanker event=face-player path=7125 target_speed=60 acceleration=0 corridor=119,3151,-3 wave_mode=Combat bank_target=9 bank_turn=0
elapsed=75807 actor=flanker event=move path=7125 target_speed=60 acceleration=0 corridor=119,3151,-3 wave_mode=Combat bank_target=10 bank_turn=0
elapsed=75807 actor=flanker event=vertical-step path=8942 target_speed=60 acceleration=0 corridor=119,3151,-3 wave_mode=Combat bank_target=10 bank_turn=0
elapsed=75810 actor=vanguard event=move path=700F target_speed=12 acceleration=0 corridor=0,0,0 wave_mode=Entry bank_target=0 bank_turn=0
elapsed=75810 actor=vanguard event=vertical-step path=8942 target_speed=12 acceleration=0 corridor=0,0,0 wave_mode=Entry bank_target=0 bank_turn=0
elapsed=75811 actor=high_guard event=move path=70D9 target_speed=60 acceleration=0 corridor=-57,-3207,71 wave_mode=Combat bank_target=5 bank_turn=0
elapsed=75811 actor=high_guard event=vertical-step path=8942 target_speed=60 acceleration=0 corridor=-57,-3207,71 wave_mode=Combat bank_target=5 bank_turn=0
elapsed=75811 actor=flanker event=face-player path=7125 target_speed=60 acceleration=0 corridor=119,3151,-3 wave_mode=Combat bank_target=10 bank_turn=0
elapsed=75811 actor=flanker event=move path=7125 target_speed=60 acceleration=0 corridor=119,3151,-3 wave_mode=Combat bank_target=11 bank_turn=0
elapsed=75811 actor=flanker event=vertical-step path=8942 target_speed=60 acceleration=0 corridor=119,3151,-3 wave_mode=Combat bank_target=11 bank_turn=0
elapsed=75815 actor=vanguard event=move path=700F target_speed=12 acceleration=0 corridor=0,0,0 wave_mode=Entry bank_target=0 bank_turn=0
elapsed=75815 actor=vanguard event=vertical-step path=8942 target_speed=12 acceleration=0 corridor=0,0,0 wave_mode=Entry bank_target=0 bank_turn=0
elapsed=75815 actor=high_guard event=move path=70D9 target_speed=60 acceleration=0 corridor=-57,-3207,71 wave_mode=Combat bank_target=6 bank_turn=0
elapsed=75815 actor=high_guard event=vertical-step path=8942 target_speed=60 acceleration=0 corridor=-57,-3207,71 wave_mode=Combat bank_target=6 bank_turn=0
elapsed=75815 actor=flanker event=face-player path=7125 target_speed=60 acceleration=0 corridor=119,3151,-3 wave_mode=Combat bank_target=11 bank_turn=0
elapsed=75816 actor=flanker event=move path=7125 target_speed=60 acceleration=0 corridor=119,3151,-3 wave_mode=Combat bank_target=12 bank_turn=0
elapsed=75816 actor=flanker event=vertical-step path=8942 target_speed=60 acceleration=0 corridor=119,3151,-3 wave_mode=Combat bank_target=12 bank_turn=0
elapsed=75819 actor=vanguard event=move path=700F target_speed=12 acceleration=0 corridor=0,0,0 wave_mode=Entry bank_target=0 bank_turn=0
elapsed=75819 actor=vanguard event=vertical-step path=8942 target_speed=12 acceleration=0 corridor=0,0,0 wave_mode=Entry bank_target=0 bank_turn=0
elapsed=75819 actor=high_guard event=move path=70D9 target_speed=60 acceleration=0 corridor=-57,-3207,71 wave_mode=Combat bank_target=7 bank_turn=0
elapsed=75820 actor=high_guard event=vertical-step path=8942 target_speed=60 acceleration=0 corridor=-57,-3207,71 wave_mode=Combat bank_target=7 bank_turn=0
elapsed=75820 actor=flanker event=face-player path=7125 target_speed=60 acceleration=0 corridor=119,3151,-3 wave_mode=Combat bank_target=12 bank_turn=0
elapsed=75820 actor=flanker event=move path=7125 target_speed=60 acceleration=0 corridor=119,3151,-3 wave_mode=Combat bank_target=13 bank_turn=0
elapsed=75820 actor=flanker event=vertical-step path=8942 target_speed=60 acceleration=0 corridor=119,3151,-3 wave_mode=Combat bank_target=13 bank_turn=0
elapsed=75823 actor=vanguard event=move path=700F target_speed=12 acceleration=0 corridor=0,0,0 wave_mode=Entry bank_target=0 bank_turn=0
elapsed=75824 actor=vanguard event=vertical-step path=8942 target_speed=12 acceleration=0 corridor=0,0,0 wave_mode=Entry bank_target=0 bank_turn=0
elapsed=75824 actor=high_guard event=move path=70D9 target_speed=60 acceleration=0 corridor=-57,-3207,71 wave_mode=Combat bank_target=8 bank_turn=0
elapsed=75824 actor=high_guard event=vertical-step path=8942 target_speed=60 acceleration=0 corridor=-57,-3207,71 wave_mode=Combat bank_target=8 bank_turn=0
elapsed=75824 actor=flanker event=face-player path=7125 target_speed=60 acceleration=0 corridor=119,3151,-3 wave_mode=Combat bank_target=13 bank_turn=0
elapsed=75824 actor=flanker event=move path=7125 target_speed=60 acceleration=0 corridor=119,3151,-3 wave_mode=Combat bank_target=14 bank_turn=0
elapsed=75825 actor=flanker event=vertical-step path=8942 target_speed=60 acceleration=0 corridor=119,3151,-3 wave_mode=Combat bank_target=14 bank_turn=0
elapsed=75828 actor=vanguard event=move path=700F target_speed=12 acceleration=0 corridor=0,0,0 wave_mode=Entry bank_target=0 bank_turn=0
elapsed=75828 actor=vanguard event=vertical-step path=8942 target_speed=12 acceleration=0 corridor=0,0,0 wave_mode=Entry bank_target=0 bank_turn=0
elapsed=75828 actor=high_guard event=move path=70D9 target_speed=60 acceleration=0 corridor=-57,-3207,71 wave_mode=Combat bank_target=9 bank_turn=0
elapsed=75828 actor=high_guard event=vertical-step path=8942 target_speed=60 acceleration=0 corridor=-57,-3207,71 wave_mode=Combat bank_target=9 bank_turn=0
elapsed=75829 actor=flanker event=face-player path=7125 target_speed=60 acceleration=0 corridor=119,3151,-3 wave_mode=Combat bank_target=14 bank_turn=0
elapsed=75829 actor=flanker event=move path=7125 target_speed=60 acceleration=0 corridor=119,3151,-3 wave_mode=Combat bank_target=15 bank_turn=0
elapsed=75829 actor=flanker event=vertical-step path=8942 target_speed=60 acceleration=0 corridor=119,3151,-3 wave_mode=Combat bank_target=15 bank_turn=0
elapsed=75832 actor=vanguard event=move path=700F target_speed=12 acceleration=0 corridor=0,0,0 wave_mode=Entry bank_target=0 bank_turn=0
elapsed=75833 actor=vanguard event=vertical-step path=8942 target_speed=12 acceleration=0 corridor=0,0,0 wave_mode=Entry bank_target=0 bank_turn=0
elapsed=75833 actor=high_guard event=move path=70D9 target_speed=60 acceleration=0 corridor=-57,-3207,71 wave_mode=Combat bank_target=10 bank_turn=0
elapsed=75833 actor=high_guard event=vertical-step path=8942 target_speed=60 acceleration=0 corridor=-57,-3207,71 wave_mode=Combat bank_target=10 bank_turn=0
elapsed=75833 actor=flanker event=face-player path=7125 target_speed=60 acceleration=0 corridor=119,3151,-3 wave_mode=Combat bank_target=15 bank_turn=0
elapsed=75833 actor=flanker event=projectile-face-immediate path=8C2D target_speed=60 acceleration=0 corridor=119,3151,-3 wave_mode=Combat bank_target=0 bank_turn=0
elapsed=75834 actor=flanker event=move path=7125 target_speed=60 acceleration=0 corridor=119,3151,-3 wave_mode=Combat bank_target=0 bank_turn=0
elapsed=75834 actor=flanker event=vertical-step path=8942 target_speed=60 acceleration=0 corridor=119,3151,-3 wave_mode=Combat bank_target=0 bank_turn=0
elapsed=75838 actor=vanguard event=move path=700F target_speed=12 acceleration=0 corridor=0,0,0 wave_mode=Entry bank_target=0 bank_turn=0
elapsed=75838 actor=vanguard event=vertical-step path=8942 target_speed=12 acceleration=0 corridor=0,0,0 wave_mode=Entry bank_target=0 bank_turn=0
elapsed=75838 actor=high_guard event=move path=70D9 target_speed=60 acceleration=0 corridor=-57,-3207,71 wave_mode=Combat bank_target=11 bank_turn=0
elapsed=75838 actor=high_guard event=vertical-step path=8942 target_speed=60 acceleration=0 corridor=-57,-3207,71 wave_mode=Combat bank_target=11 bank_turn=0
elapsed=75838 actor=flanker event=face-player path=7125 target_speed=60 acceleration=0 corridor=119,3151,-3 wave_mode=Combat bank_target=0 bank_turn=0
elapsed=75839 actor=flanker event=move path=7125 target_speed=60 acceleration=0 corridor=119,3151,-3 wave_mode=Combat bank_target=1 bank_turn=0
elapsed=75839 actor=flanker event=vertical-step path=8942 target_speed=60 acceleration=0 corridor=119,3151,-3 wave_mode=Combat bank_target=1 bank_turn=0
elapsed=75842 actor=vanguard event=move path=700F target_speed=12 acceleration=0 corridor=0,0,0 wave_mode=Entry bank_target=0 bank_turn=0
elapsed=75843 actor=vanguard event=vertical-step path=8942 target_speed=12 acceleration=0 corridor=0,0,0 wave_mode=Entry bank_target=0 bank_turn=0
elapsed=75843 actor=high_guard event=move path=70D9 target_speed=60 acceleration=0 corridor=-57,-3207,71 wave_mode=Combat bank_target=12 bank_turn=0
elapsed=75843 actor=high_guard event=vertical-step path=8942 target_speed=60 acceleration=0 corridor=-57,-3207,71 wave_mode=Combat bank_target=12 bank_turn=0
elapsed=75843 actor=flanker event=face-player path=7125 target_speed=60 acceleration=0 corridor=119,3151,-3 wave_mode=Combat bank_target=1 bank_turn=0
elapsed=75843 actor=flanker event=move path=7125 target_speed=60 acceleration=0 corridor=119,3151,-3 wave_mode=Combat bank_target=2 bank_turn=0
elapsed=75843 actor=flanker event=vertical-step path=8942 target_speed=60 acceleration=0 corridor=119,3151,-3 wave_mode=Combat bank_target=2 bank_turn=0
elapsed=75847 actor=vanguard event=move path=700F target_speed=12 acceleration=0 corridor=0,0,0 wave_mode=Entry bank_target=0 bank_turn=0
elapsed=75847 actor=vanguard event=vertical-step path=8942 target_speed=12 acceleration=0 corridor=0,0,0 wave_mode=Entry bank_target=0 bank_turn=0
elapsed=75848 actor=high_guard event=move path=70D9 target_speed=60 acceleration=0 corridor=-57,-3207,71 wave_mode=Combat bank_target=13 bank_turn=0
elapsed=75848 actor=high_guard event=vertical-step path=8942 target_speed=60 acceleration=0 corridor=-57,-3207,71 wave_mode=Combat bank_target=13 bank_turn=0
elapsed=75848 actor=flanker event=face-player path=7125 target_speed=60 acceleration=0 corridor=119,3151,-3 wave_mode=Combat bank_target=2 bank_turn=0
elapsed=75848 actor=flanker event=move path=7125 target_speed=60 acceleration=0 corridor=119,3151,-3 wave_mode=Combat bank_target=3 bank_turn=0
elapsed=75848 actor=flanker event=vertical-step path=8942 target_speed=60 acceleration=0 corridor=119,3151,-3 wave_mode=Combat bank_target=3 bank_turn=0
elapsed=75852 actor=vanguard event=move path=700F target_speed=12 acceleration=0 corridor=0,0,0 wave_mode=Entry bank_target=0 bank_turn=0
elapsed=75852 actor=vanguard event=vertical-step path=8942 target_speed=12 acceleration=0 corridor=0,0,0 wave_mode=Entry bank_target=0 bank_turn=0
elapsed=75852 actor=high_guard event=move path=70D9 target_speed=60 acceleration=0 corridor=-57,-3207,71 wave_mode=Combat bank_target=14 bank_turn=0
elapsed=75853 actor=high_guard event=vertical-step path=8942 target_speed=60 acceleration=0 corridor=-57,-3207,71 wave_mode=Combat bank_target=14 bank_turn=0
elapsed=75853 actor=flanker event=face-player path=7125 target_speed=60 acceleration=0 corridor=119,3151,-3 wave_mode=Combat bank_target=3 bank_turn=0
elapsed=75853 actor=flanker event=move path=7125 target_speed=60 acceleration=0 corridor=119,3151,-3 wave_mode=Combat bank_target=4 bank_turn=0
elapsed=75853 actor=flanker event=vertical-step path=8942 target_speed=60 acceleration=0 corridor=119,3151,-3 wave_mode=Combat bank_target=4 bank_turn=0
elapsed=75857 actor=vanguard event=move path=700F target_speed=12 acceleration=0 corridor=0,0,0 wave_mode=Entry bank_target=0 bank_turn=0
elapsed=75857 actor=vanguard event=vertical-step path=8942 target_speed=12 acceleration=0 corridor=0,0,0 wave_mode=Entry bank_target=0 bank_turn=0
elapsed=75857 actor=high_guard event=move path=70D9 target_speed=60 acceleration=0 corridor=-57,-3207,71 wave_mode=Combat bank_target=15 bank_turn=0
elapsed=75857 actor=high_guard event=vertical-step path=8942 target_speed=60 acceleration=0 corridor=-57,-3207,71 wave_mode=Combat bank_target=15 bank_turn=0
elapsed=75857 actor=flanker event=face-player path=7125 target_speed=60 acceleration=0 corridor=119,3151,-3 wave_mode=Combat bank_target=4 bank_turn=0
elapsed=75858 actor=flanker event=move path=7125 target_speed=60 acceleration=0 corridor=119,3151,-3 wave_mode=Combat bank_target=5 bank_turn=0
elapsed=75858 actor=flanker event=vertical-step path=8942 target_speed=60 acceleration=0 corridor=119,3151,-3 wave_mode=Combat bank_target=5 bank_turn=0
elapsed=73897 actor=pursuer event=schedule path=602E
elapsed=73897 actor=pursuer event=move path=872C
elapsed=73897 actor=pursuer event=vertical-step path=8942
elapsed=73910 actor=pursuer event=move path=872C
elapsed=73910 actor=pursuer event=vertical-step path=8942
elapsed=73914 actor=pursuer event=move path=872C
elapsed=73914 actor=pursuer event=vertical-step path=8942
elapsed=73918 actor=pursuer event=move path=872C
elapsed=73918 actor=pursuer event=vertical-step path=8942
elapsed=73922 actor=pursuer event=move path=872C
elapsed=73922 actor=pursuer event=vertical-step path=8942
elapsed=73926 actor=pursuer event=move path=872C
elapsed=73926 actor=pursuer event=vertical-step path=8942
elapsed=73930 actor=pursuer event=move path=872C
elapsed=73930 actor=pursuer event=vertical-step path=8942
elapsed=73934 actor=pursuer event=move path=872C
elapsed=73935 actor=pursuer event=vertical-step path=8942
elapsed=73938 actor=pursuer event=move path=872C
elapsed=73939 actor=pursuer event=vertical-step path=8942
elapsed=73943 actor=pursuer event=move path=872C
elapsed=73943 actor=pursuer event=vertical-step path=8942
elapsed=73947 actor=pursuer event=move path=872C
elapsed=73947 actor=pursuer event=vertical-step path=8942
elapsed=73951 actor=pursuer event=move path=872C
elapsed=73951 actor=pursuer event=vertical-step path=8942
elapsed=73955 actor=pursuer event=move path=872C
elapsed=73955 actor=pursuer event=vertical-step path=8942
elapsed=73959 actor=pursuer event=move path=872C
elapsed=73959 actor=pursuer event=vertical-step path=8942
elapsed=73963 actor=pursuer event=move path=872C
elapsed=73963 actor=pursuer event=vertical-step path=8942
elapsed=73967 actor=pursuer event=move path=872C
elapsed=73967 actor=pursuer event=vertical-step path=8942
elapsed=73971 actor=pursuer event=move path=872C
elapsed=73971 actor=pursuer event=vertical-step path=8942
elapsed=73975 actor=pursuer event=move path=872C
elapsed=73975 actor=pursuer event=vertical-step path=8942
elapsed=73979 actor=pursuer event=move path=872C
elapsed=73979 actor=pursuer event=vertical-step path=8942
elapsed=73983 actor=pursuer event=move path=872C
elapsed=73984 actor=pursuer event=vertical-step path=8942
elapsed=73987 actor=pursuer event=move path=872C
elapsed=73987 actor=pursuer event=vertical-step path=8942
elapsed=73990 actor=pursuer event=move path=872C
elapsed=73990 actor=pursuer event=vertical-step path=8942
elapsed=73994 actor=pursuer event=move path=872C
elapsed=73994 actor=pursuer event=vertical-step path=8942
elapsed=73997 actor=pursuer event=move path=872C
elapsed=73998 actor=pursuer event=vertical-step path=8942
elapsed=74001 actor=pursuer event=move path=872C
elapsed=74001 actor=pursuer event=vertical-step path=8942
elapsed=74005 actor=pursuer event=move path=872C
elapsed=74005 actor=pursuer event=vertical-step path=8942
elapsed=74008 actor=pursuer event=move path=872C
elapsed=74008 actor=pursuer event=vertical-step path=8942
elapsed=74011 actor=pursuer event=move path=872C
elapsed=74012 actor=pursuer event=vertical-step path=8942
elapsed=74015 actor=pursuer event=move path=872C
elapsed=74015 actor=pursuer event=vertical-step path=8942
elapsed=74018 actor=pursuer event=move path=872C
elapsed=74019 actor=pursuer event=vertical-step path=8942
elapsed=74022 actor=pursuer event=move path=872C
elapsed=74022 actor=pursuer event=vertical-step path=8942
elapsed=74026 actor=pursuer event=move path=872C
elapsed=74026 actor=pursuer event=vertical-step path=8942
elapsed=74029 actor=pursuer event=move path=872C
elapsed=74029 actor=pursuer event=vertical-step path=8942
elapsed=74033 actor=pursuer event=move path=872C
elapsed=74033 actor=pursuer event=vertical-step path=8942
elapsed=74036 actor=pursuer event=move path=872C
elapsed=74036 actor=pursuer event=vertical-step path=8942
elapsed=74039 actor=pursuer event=move path=872C
elapsed=74040 actor=pursuer event=vertical-step path=8942
elapsed=74043 actor=pursuer event=move path=872C
elapsed=74043 actor=pursuer event=vertical-step path=8942
elapsed=74046 actor=pursuer event=move path=872C
elapsed=74046 actor=pursuer event=vertical-step path=8942
elapsed=74050 actor=pursuer event=move path=872C
elapsed=74050 actor=pursuer event=vertical-step path=8942
elapsed=74053 actor=pursuer event=move path=872C
elapsed=74053 actor=pursuer event=vertical-step path=8942
elapsed=74056 actor=pursuer event=move path=872C
elapsed=74057 actor=pursuer event=vertical-step path=8942
elapsed=74060 actor=pursuer event=move path=872C
elapsed=74060 actor=pursuer event=vertical-step path=8942
elapsed=74063 actor=pursuer event=move path=872C
elapsed=74063 actor=pursuer event=vertical-step path=8942
elapsed=74067 actor=pursuer event=move path=872C
elapsed=74067 actor=pursuer event=vertical-step path=8942
elapsed=74070 actor=pursuer event=move path=872C
elapsed=74070 actor=pursuer event=vertical-step path=8942
elapsed=74073 actor=pursuer event=move path=872C
elapsed=74074 actor=pursuer event=vertical-step path=8942
elapsed=74078 actor=pursuer event=move path=872C
elapsed=74078 actor=pursuer event=vertical-step path=8942
elapsed=74081 actor=pursuer event=move path=872C
elapsed=74082 actor=pursuer event=vertical-step path=8942
elapsed=74085 actor=pursuer event=move path=872C
elapsed=74085 actor=pursuer event=vertical-step path=8942
elapsed=74090 actor=pursuer event=move path=872C
elapsed=74090 actor=pursuer event=vertical-step path=8942
elapsed=74094 actor=pursuer event=move path=872C
elapsed=74094 actor=pursuer event=vertical-step path=8942
elapsed=74097 actor=pursuer event=move path=872C
elapsed=74098 actor=pursuer event=vertical-step path=8942
elapsed=74101 actor=pursuer event=move path=872C
elapsed=74101 actor=pursuer event=vertical-step path=8942
elapsed=74105 actor=pursuer event=move path=872C
elapsed=74105 actor=pursuer event=vertical-step path=8942
elapsed=74109 actor=pursuer event=move path=872C
elapsed=74109 actor=pursuer event=vertical-step path=8942
elapsed=74113 actor=pursuer event=move path=6053
elapsed=74113 actor=pursuer event=vertical-step path=8942
elapsed=74117 actor=pursuer event=move path=6053
elapsed=74117 actor=pursuer event=vertical-step path=8942
elapsed=74121 actor=pursuer event=move path=6053
elapsed=74121 actor=pursuer event=vertical-step path=8942
elapsed=74124 actor=pursuer event=move path=6053
elapsed=74125 actor=pursuer event=vertical-step path=8942
elapsed=74128 actor=pursuer event=move path=6053
elapsed=74128 actor=pursuer event=vertical-step path=8942
elapsed=74132 actor=pursuer event=move path=6053
elapsed=74132 actor=pursuer event=vertical-step path=8942
elapsed=74135 actor=pursuer event=move path=6053
elapsed=74136 actor=pursuer event=vertical-step path=8942
elapsed=74140 actor=pursuer event=move path=6053
elapsed=74140 actor=pursuer event=vertical-step path=8942
elapsed=74144 actor=pursuer event=move path=6053
elapsed=74144 actor=pursuer event=vertical-step path=8942
elapsed=74148 actor=pursuer event=move path=6053
elapsed=74148 actor=pursuer event=vertical-step path=8942
elapsed=74153 actor=pursuer event=move path=6053
elapsed=74153 actor=pursuer event=vertical-step path=8942
elapsed=74157 actor=pursuer event=move path=6053
elapsed=74158 actor=pursuer event=vertical-step path=8942
elapsed=74162 actor=pursuer event=move path=6053
elapsed=74162 actor=pursuer event=vertical-step path=8942
elapsed=74167 actor=pursuer event=move path=6053
elapsed=74167 actor=pursuer event=vertical-step path=8942
elapsed=74172 actor=pursuer event=move path=6053
elapsed=74172 actor=pursuer event=vertical-step path=8942
elapsed=74176 actor=pursuer event=move path=6053
elapsed=74177 actor=pursuer event=vertical-step path=8942
elapsed=74181 actor=pursuer event=move path=6053
elapsed=74182 actor=pursuer event=vertical-step path=8942
elapsed=74186 actor=pursuer event=move path=6053
elapsed=74186 actor=pursuer event=vertical-step path=8942
elapsed=74190 actor=pursuer event=move path=6053
elapsed=74191 actor=pursuer event=vertical-step path=8942
elapsed=74195 actor=pursuer event=move path=6053
elapsed=74195 actor=pursuer event=vertical-step path=8942
elapsed=74200 actor=pursuer event=move path=6053
elapsed=74200 actor=pursuer event=vertical-step path=8942
elapsed=74204 actor=pursuer event=move path=6053
elapsed=74204 actor=pursuer event=vertical-step path=8942
elapsed=74208 actor=pursuer event=move path=6053
elapsed=74209 actor=pursuer event=vertical-step path=8942
elapsed=74213 actor=pursuer event=move path=6053
elapsed=74213 actor=pursuer event=vertical-step path=8942
elapsed=74217 actor=pursuer event=move path=6053
elapsed=74218 actor=pursuer event=vertical-step path=8942
elapsed=74222 actor=pursuer event=move path=6053
elapsed=74222 actor=pursuer event=vertical-step path=8942
elapsed=74226 actor=pursuer event=move path=6053
elapsed=74227 actor=pursuer event=vertical-step path=8942
elapsed=74231 actor=pursuer event=move path=6053
elapsed=74231 actor=pursuer event=vertical-step path=8942
elapsed=74235 actor=pursuer event=move path=6053
elapsed=74235 actor=pursuer event=vertical-step path=8942
elapsed=74240 actor=pursuer event=move path=6053
elapsed=74240 actor=pursuer event=vertical-step path=8942
elapsed=74244 actor=pursuer event=move path=6053
elapsed=74244 actor=pursuer event=vertical-step path=8942
elapsed=74249 actor=pursuer event=move path=6053
elapsed=74249 actor=pursuer event=vertical-step path=8942
elapsed=74253 actor=pursuer event=move path=6053
elapsed=74254 actor=pursuer event=vertical-step path=8942
elapsed=74258 actor=pursuer event=move path=6053
elapsed=74258 actor=pursuer event=vertical-step path=8942
elapsed=74263 actor=pursuer event=move path=6053
elapsed=74263 actor=pursuer event=vertical-step path=8942
elapsed=74267 actor=pursuer event=move path=6053
elapsed=74267 actor=pursuer event=vertical-step path=8942
elapsed=74272 actor=pursuer event=move path=6053
elapsed=74272 actor=pursuer event=vertical-step path=8942
elapsed=74276 actor=pursuer event=move path=6053
elapsed=74276 actor=pursuer event=vertical-step path=8942
elapsed=74281 actor=pursuer event=move path=6053
elapsed=74281 actor=pursuer event=vertical-step path=8942
elapsed=74285 actor=pursuer event=move path=6053
elapsed=74286 actor=pursuer event=vertical-step path=8942
elapsed=74290 actor=pursuer event=move path=6053
elapsed=74290 actor=pursuer event=vertical-step path=8942
elapsed=74295 actor=pursuer event=move path=6053
elapsed=74295 actor=pursuer event=vertical-step path=8942
elapsed=74299 actor=pursuer event=move path=6053
elapsed=74300 actor=pursuer event=vertical-step path=8942
elapsed=74304 actor=pursuer event=move path=6053
elapsed=74304 actor=pursuer event=vertical-step path=8942
elapsed=74308 actor=pursuer event=move path=6053
elapsed=74308 actor=pursuer event=vertical-step path=8942
elapsed=74313 actor=pursuer event=move path=6053
elapsed=74313 actor=pursuer event=vertical-step path=8942
elapsed=74318 actor=pursuer event=move path=6053
elapsed=74318 actor=pursuer event=vertical-step path=8942
elapsed=74322 actor=pursuer event=move path=6053
elapsed=74322 actor=pursuer event=vertical-step path=8942
elapsed=74327 actor=pursuer event=move path=6053
elapsed=74327 actor=pursuer event=vertical-step path=8942
elapsed=74331 actor=pursuer event=move path=6053
elapsed=74332 actor=pursuer event=vertical-step path=8942
elapsed=74336 actor=pursuer event=move path=6053
elapsed=74336 actor=pursuer event=vertical-step path=8942
elapsed=74341 actor=pursuer event=move path=6053
elapsed=74341 actor=pursuer event=vertical-step path=8942
elapsed=74345 actor=pursuer event=move path=6053
elapsed=74345 actor=pursuer event=vertical-step path=8942
elapsed=74350 actor=pursuer event=move path=6053
elapsed=74350 actor=pursuer event=vertical-step path=8942
elapsed=74354 actor=pursuer event=move path=6053
elapsed=74355 actor=pursuer event=vertical-step path=8942
elapsed=74359 actor=pursuer event=move path=6053
elapsed=74359 actor=pursuer event=vertical-step path=8942
elapsed=74364 actor=pursuer event=move path=6053
elapsed=74364 actor=pursuer event=vertical-step path=8942
elapsed=74368 actor=pursuer event=move path=6053
elapsed=74368 actor=pursuer event=vertical-step path=8942
elapsed=74373 actor=pursuer event=move path=6053
elapsed=74373 actor=pursuer event=vertical-step path=8942
elapsed=74378 actor=pursuer event=move path=6053
elapsed=74378 actor=pursuer event=vertical-step path=8942
elapsed=74382 actor=pursuer event=move path=6053
elapsed=74382 actor=pursuer event=vertical-step path=8942
elapsed=74387 actor=pursuer event=move path=6053
elapsed=74387 actor=pursuer event=vertical-step path=8942
elapsed=74391 actor=pursuer event=move path=6053
elapsed=74392 actor=pursuer event=vertical-step path=8942
elapsed=74396 actor=pursuer event=move path=6053
elapsed=74396 actor=pursuer event=vertical-step path=8942
elapsed=74401 actor=pursuer event=move path=6053
elapsed=74401 actor=pursuer event=vertical-step path=8942
elapsed=74406 actor=pursuer event=move path=6053
elapsed=74406 actor=pursuer event=vertical-step path=8942
elapsed=74410 actor=pursuer event=move path=6053
elapsed=74410 actor=pursuer event=vertical-step path=8942
elapsed=74415 actor=pursuer event=move path=6053
elapsed=74415 actor=pursuer event=vertical-step path=8942
elapsed=74420 actor=pursuer event=move path=6053
elapsed=74420 actor=pursuer event=vertical-step path=8942
elapsed=74424 actor=pursuer event=move path=6053
elapsed=74424 actor=pursuer event=vertical-step path=8942
elapsed=74429 actor=pursuer event=move path=6053
elapsed=74429 actor=pursuer event=vertical-step path=8942
elapsed=74434 actor=pursuer event=move path=6053
elapsed=74434 actor=pursuer event=vertical-step path=8942
elapsed=74439 actor=pursuer event=move path=6053
elapsed=74439 actor=pursuer event=vertical-step path=8942
elapsed=74444 actor=pursuer event=move path=6053
elapsed=74444 actor=pursuer event=vertical-step path=8942
elapsed=74448 actor=pursuer event=move path=6053
elapsed=74448 actor=pursuer event=vertical-step path=8942
elapsed=74453 actor=pursuer event=move path=6053
elapsed=74453 actor=pursuer event=vertical-step path=8942
elapsed=74457 actor=pursuer event=move path=6053
elapsed=74457 actor=pursuer event=vertical-step path=8942
elapsed=74462 actor=pursuer event=move path=6053
elapsed=74462 actor=pursuer event=vertical-step path=8942
elapsed=74466 actor=pursuer event=move path=6053
elapsed=74466 actor=pursuer event=vertical-step path=8942
elapsed=74470 actor=pursuer event=move path=6053
elapsed=74471 actor=pursuer event=vertical-step path=8942
elapsed=74475 actor=pursuer event=move path=6053
elapsed=74475 actor=pursuer event=vertical-step path=8942
elapsed=74479 actor=pursuer event=move path=6053
elapsed=74480 actor=pursuer event=vertical-step path=8942
elapsed=74484 actor=pursuer event=move path=6053
elapsed=74484 actor=pursuer event=vertical-step path=8942
elapsed=74488 actor=pursuer event=move path=6053
elapsed=74488 actor=pursuer event=vertical-step path=8942
elapsed=74492 actor=pursuer event=move path=6053
elapsed=74493 actor=pursuer event=vertical-step path=8942
elapsed=74497 actor=pursuer event=move path=6053
elapsed=74497 actor=pursuer event=vertical-step path=8942
elapsed=74501 actor=pursuer event=move path=6053
elapsed=74501 actor=pursuer event=vertical-step path=8942
elapsed=74506 actor=pursuer event=move path=6053
elapsed=74506 actor=pursuer event=vertical-step path=8942
elapsed=74510 actor=pursuer event=move path=6053
elapsed=74510 actor=pursuer event=vertical-step path=8942
elapsed=74515 actor=pursuer event=move path=6053
elapsed=74515 actor=pursuer event=vertical-step path=8942
elapsed=74519 actor=pursuer event=move path=6053
elapsed=74519 actor=pursuer event=vertical-step path=8942
elapsed=74523 actor=pursuer event=move path=6053
elapsed=74524 actor=pursuer event=vertical-step path=8942
elapsed=74528 actor=pursuer event=move path=6053
elapsed=74528 actor=pursuer event=vertical-step path=8942
elapsed=74532 actor=pursuer event=move path=6053
elapsed=74532 actor=pursuer event=vertical-step path=8942
elapsed=74537 actor=pursuer event=move path=6053
elapsed=74537 actor=pursuer event=vertical-step path=8942
elapsed=74541 actor=pursuer event=move path=6053
elapsed=74541 actor=pursuer event=vertical-step path=8942
elapsed=74545 actor=pursuer event=move path=6053
elapsed=74546 actor=pursuer event=vertical-step path=8942
elapsed=74550 actor=pursuer event=move path=6053
elapsed=74550 actor=pursuer event=vertical-step path=8942
elapsed=74554 actor=pursuer event=move path=6053
elapsed=74555 actor=pursuer event=vertical-step path=8942
elapsed=74559 actor=pursuer event=move path=6053
elapsed=74559 actor=pursuer event=vertical-step path=8942
elapsed=74563 actor=pursuer event=move path=6053
elapsed=74563 actor=pursuer event=vertical-step path=8942
elapsed=74568 actor=pursuer event=move path=6053
elapsed=74568 actor=pursuer event=vertical-step path=8942
elapsed=74572 actor=pursuer event=move path=6053
elapsed=74572 actor=pursuer event=vertical-step path=8942
elapsed=74577 actor=pursuer event=move path=6053
elapsed=74577 actor=pursuer event=vertical-step path=8942
elapsed=74581 actor=pursuer event=move path=6053
elapsed=74581 actor=pursuer event=vertical-step path=8942
elapsed=74586 actor=pursuer event=move path=6053
elapsed=74586 actor=pursuer event=vertical-step path=8942
elapsed=74590 actor=pursuer event=move path=6053
elapsed=74590 actor=pursuer event=vertical-step path=8942
elapsed=74595 actor=pursuer event=move path=6053
elapsed=74595 actor=pursuer event=vertical-step path=8942
elapsed=74599 actor=pursuer event=move path=6053
elapsed=74599 actor=pursuer event=vertical-step path=8942
elapsed=74604 actor=pursuer event=move path=6053
elapsed=74604 actor=pursuer event=vertical-step path=8942
elapsed=74608 actor=pursuer event=move path=6053
elapsed=74608 actor=pursuer event=vertical-step path=8942
elapsed=74613 actor=pursuer event=move path=6053
elapsed=74613 actor=pursuer event=vertical-step path=8942
elapsed=74617 actor=pursuer event=move path=6053
elapsed=74617 actor=pursuer event=vertical-step path=8942
elapsed=74622 actor=pursuer event=move path=6053
elapsed=74622 actor=pursuer event=vertical-step path=8942
elapsed=74626 actor=pursuer event=move path=6053
elapsed=74626 actor=pursuer event=vertical-step path=8942
elapsed=74630 actor=pursuer event=move path=6053
elapsed=74631 actor=pursuer event=vertical-step path=8942
elapsed=74635 actor=pursuer event=move path=6053
elapsed=74635 actor=pursuer event=vertical-step path=8942
elapsed=74639 actor=pursuer event=move path=6053
elapsed=74640 actor=pursuer event=vertical-step path=8942
elapsed=74644 actor=pursuer event=move path=6053
elapsed=74644 actor=pursuer event=vertical-step path=8942
elapsed=74648 actor=pursuer event=move path=6053
elapsed=74648 actor=pursuer event=vertical-step path=8942
elapsed=74653 actor=pursuer event=move path=6053
elapsed=74653 actor=pursuer event=vertical-step path=8942
elapsed=74657 actor=pursuer event=move path=6053
elapsed=74657 actor=pursuer event=vertical-step path=8942
elapsed=74662 actor=pursuer event=move path=6053
elapsed=74662 actor=pursuer event=vertical-step path=8942
elapsed=74666 actor=pursuer event=move path=6053
elapsed=74666 actor=pursuer event=vertical-step path=8942
elapsed=74671 actor=pursuer event=move path=6053
elapsed=74671 actor=pursuer event=vertical-step path=8942
elapsed=74675 actor=pursuer event=move path=6053
elapsed=74675 actor=pursuer event=vertical-step path=8942
elapsed=74679 actor=pursuer event=move path=6053
elapsed=74680 actor=pursuer event=vertical-step path=8942
elapsed=74684 actor=pursuer event=move path=6053
elapsed=74684 actor=pursuer event=vertical-step path=8942
elapsed=74689 actor=pursuer event=move path=6053
elapsed=74689 actor=pursuer event=vertical-step path=8942
elapsed=74693 actor=pursuer event=move path=6053
elapsed=74693 actor=pursuer event=vertical-step path=8942
elapsed=74698 actor=pursuer event=move path=6053
elapsed=74698 actor=pursuer event=vertical-step path=8942
elapsed=74702 actor=pursuer event=move path=6053
elapsed=74702 actor=pursuer event=vertical-step path=8942
elapsed=74706 actor=pursuer event=move path=6053
elapsed=74707 actor=pursuer event=vertical-step path=8942
elapsed=74711 actor=pursuer event=move path=6053
elapsed=74711 actor=pursuer event=vertical-step path=8942
elapsed=74715 actor=pursuer event=move path=6053
elapsed=74716 actor=pursuer event=vertical-step path=8942
elapsed=74720 actor=pursuer event=move path=6053
elapsed=74720 actor=pursuer event=vertical-step path=8942
elapsed=74725 actor=pursuer event=move path=6053
elapsed=74725 actor=pursuer event=vertical-step path=8942
elapsed=74729 actor=pursuer event=move path=6053
elapsed=74730 actor=pursuer event=vertical-step path=8942
elapsed=74734 actor=pursuer event=move path=6053
elapsed=74734 actor=pursuer event=vertical-step path=8942
elapsed=74739 actor=pursuer event=move path=6053
elapsed=74739 actor=pursuer event=vertical-step path=8942
elapsed=74743 actor=pursuer event=move path=6053
elapsed=74743 actor=pursuer event=vertical-step path=8942
elapsed=74748 actor=pursuer event=move path=6053
elapsed=74748 actor=pursuer event=vertical-step path=8942
elapsed=74752 actor=pursuer event=move path=6053
elapsed=74752 actor=pursuer event=vertical-step path=8942
elapsed=74757 actor=pursuer event=move path=6053
elapsed=74757 actor=pursuer event=vertical-step path=8942
elapsed=74761 actor=pursuer event=move path=6053
elapsed=74761 actor=pursuer event=vertical-step path=8942
elapsed=74766 actor=pursuer event=move path=6053
elapsed=74766 actor=pursuer event=vertical-step path=8942
elapsed=74770 actor=pursuer event=move path=6053
elapsed=74770 actor=pursuer event=vertical-step path=8942
elapsed=74775 actor=pursuer event=move path=6053
elapsed=74775 actor=pursuer event=vertical-step path=8942
elapsed=74779 actor=pursuer event=move path=6053
elapsed=74779 actor=pursuer event=vertical-step path=8942
elapsed=74783 actor=pursuer event=move path=6053
elapsed=74784 actor=pursuer event=vertical-step path=8942
elapsed=74788 actor=pursuer event=move path=6053
elapsed=74788 actor=pursuer event=vertical-step path=8942
elapsed=74792 actor=pursuer event=move path=6053
elapsed=74793 actor=pursuer event=vertical-step path=8942
elapsed=74797 actor=pursuer event=move path=6053
elapsed=74797 actor=pursuer event=vertical-step path=8942
elapsed=74801 actor=pursuer event=move path=6053
elapsed=74802 actor=pursuer event=vertical-step path=8942
elapsed=74806 actor=pursuer event=move path=6053
elapsed=74806 actor=pursuer event=vertical-step path=8942
elapsed=74810 actor=pursuer event=move path=6053
elapsed=74811 actor=pursuer event=vertical-step path=8942
elapsed=74815 actor=pursuer event=move path=6053
elapsed=74815 actor=pursuer event=vertical-step path=8942
elapsed=74819 actor=pursuer event=move path=6053
elapsed=74820 actor=pursuer event=vertical-step path=8942
elapsed=74824 actor=pursuer event=move path=6053
elapsed=74824 actor=pursuer event=vertical-step path=8942
elapsed=74828 actor=pursuer event=move path=6053
elapsed=74829 actor=pursuer event=vertical-step path=8942
elapsed=74833 actor=pursuer event=move path=6053
elapsed=74833 actor=pursuer event=vertical-step path=8942
elapsed=74837 actor=pursuer event=move path=6053
elapsed=74838 actor=pursuer event=vertical-step path=8942
elapsed=74842 actor=pursuer event=move path=6053
elapsed=74842 actor=pursuer event=vertical-step path=8942
elapsed=74846 actor=pursuer event=move path=6053
elapsed=74847 actor=pursuer event=vertical-step path=8942
elapsed=74851 actor=pursuer event=move path=6053
elapsed=74851 actor=pursuer event=vertical-step path=8942
elapsed=74855 actor=pursuer event=move path=6053
elapsed=74856 actor=pursuer event=vertical-step path=8942
elapsed=74860 actor=pursuer event=move path=6053
elapsed=74860 actor=pursuer event=vertical-step path=8942
elapsed=74865 actor=pursuer event=move path=6053
elapsed=74865 actor=pursuer event=vertical-step path=8942
elapsed=74869 actor=pursuer event=move path=6053
elapsed=74869 actor=pursuer event=vertical-step path=8942
elapsed=74874 actor=pursuer event=move path=6053
elapsed=74874 actor=pursuer event=vertical-step path=8942
elapsed=74878 actor=pursuer event=move path=6053
elapsed=74878 actor=pursuer event=vertical-step path=8942
elapsed=74883 actor=pursuer event=move path=6053
elapsed=74883 actor=pursuer event=vertical-step path=8942
elapsed=74887 actor=pursuer event=move path=6053
elapsed=74887 actor=pursuer event=vertical-step path=8942
elapsed=74892 actor=pursuer event=move path=6053
elapsed=74892 actor=pursuer event=vertical-step path=8942
elapsed=74896 actor=pursuer event=move path=6053
elapsed=74896 actor=pursuer event=vertical-step path=8942
elapsed=74901 actor=pursuer event=move path=6053
elapsed=74901 actor=pursuer event=vertical-step path=8942
elapsed=74905 actor=pursuer event=move path=6053
elapsed=74905 actor=pursuer event=vertical-step path=8942
elapsed=74910 actor=pursuer event=move path=6053
elapsed=74910 actor=pursuer event=vertical-step path=8942
elapsed=74914 actor=pursuer event=move path=6053
elapsed=74914 actor=pursuer event=vertical-step path=8942
elapsed=74919 actor=pursuer event=move path=6053
elapsed=74919 actor=pursuer event=vertical-step path=8942
elapsed=74923 actor=pursuer event=move path=6053
elapsed=74923 actor=pursuer event=vertical-step path=8942
elapsed=74927 actor=pursuer event=move path=6053
elapsed=74928 actor=pursuer event=vertical-step path=8942
elapsed=74932 actor=pursuer event=move path=6053
elapsed=74932 actor=pursuer event=vertical-step path=8942
elapsed=74936 actor=pursuer event=move path=6053
elapsed=74937 actor=pursuer event=vertical-step path=8942
elapsed=74941 actor=pursuer event=move path=6053
elapsed=74941 actor=pursuer event=vertical-step path=8942
elapsed=74945 actor=pursuer event=move path=6053
elapsed=74945 actor=pursuer event=vertical-step path=8942
elapsed=74950 actor=pursuer event=move path=6053
elapsed=74950 actor=pursuer event=vertical-step path=8942
elapsed=74954 actor=pursuer event=move path=6053
elapsed=74954 actor=pursuer event=vertical-step path=8942
elapsed=74958 actor=pursuer event=move path=6053
elapsed=74959 actor=pursuer event=vertical-step path=8942
elapsed=74963 actor=pursuer event=move path=6053
elapsed=74963 actor=pursuer event=vertical-step path=8942
elapsed=74967 actor=pursuer event=move path=6053
elapsed=74967 actor=pursuer event=vertical-step path=8942
elapsed=74972 actor=pursuer event=move path=6053
elapsed=74972 actor=pursuer event=vertical-step path=8942
elapsed=74976 actor=pursuer event=move path=6053
elapsed=74976 actor=pursuer event=vertical-step path=8942
elapsed=74981 actor=pursuer event=move path=6053
elapsed=74981 actor=pursuer event=vertical-step path=8942
elapsed=74985 actor=pursuer event=move path=6053
elapsed=74985 actor=pursuer event=vertical-step path=8942
elapsed=74991 actor=pursuer event=move path=6053
elapsed=74991 actor=pursuer event=vertical-step path=8942
elapsed=74996 actor=pursuer event=move path=6053
elapsed=74996 actor=pursuer event=vertical-step path=8942
elapsed=75001 actor=pursuer event=move path=6053
elapsed=75001 actor=pursuer event=vertical-step path=8942
elapsed=75005 actor=pursuer event=move path=6053
elapsed=75005 actor=pursuer event=vertical-step path=8942
elapsed=75010 actor=pursuer event=move path=6053
elapsed=75011 actor=pursuer event=vertical-step path=8942
elapsed=75015 actor=pursuer event=move path=6053
elapsed=75016 actor=pursuer event=vertical-step path=8942
elapsed=75020 actor=pursuer event=move path=6053
elapsed=75021 actor=pursuer event=vertical-step path=8942
elapsed=75025 actor=pursuer event=move path=6053
elapsed=75025 actor=pursuer event=vertical-step path=8942
elapsed=75030 actor=pursuer event=move path=6053
elapsed=75030 actor=pursuer event=vertical-step path=8942
elapsed=75035 actor=pursuer event=move path=6053
elapsed=75035 actor=pursuer event=vertical-step path=8942
elapsed=75040 actor=pursuer event=move path=6053
elapsed=75040 actor=pursuer event=vertical-step path=8942
elapsed=75045 actor=pursuer event=move path=6053
elapsed=75045 actor=pursuer event=vertical-step path=8942
elapsed=75049 actor=pursuer event=move path=6053
elapsed=75049 actor=pursuer event=vertical-step path=8942
elapsed=75054 actor=pursuer event=move path=6053
elapsed=75054 actor=pursuer event=vertical-step path=8942
elapsed=75059 actor=pursuer event=move path=6053
elapsed=75059 actor=pursuer event=vertical-step path=8942
elapsed=75063 actor=pursuer event=move path=6053
elapsed=75063 actor=pursuer event=vertical-step path=8942
elapsed=75069 actor=pursuer event=move path=6053
elapsed=75069 actor=pursuer event=vertical-step path=8942
elapsed=75074 actor=pursuer event=move path=6053
elapsed=75074 actor=pursuer event=vertical-step path=8942
elapsed=75079 actor=pursuer event=move path=6053
elapsed=75079 actor=pursuer event=vertical-step path=8942
elapsed=75084 actor=pursuer event=move path=6053
elapsed=75084 actor=pursuer event=vertical-step path=8942
elapsed=75088 actor=pursuer event=move path=6053
elapsed=75089 actor=pursuer event=vertical-step path=8942
elapsed=75093 actor=pursuer event=move path=6053
elapsed=75094 actor=pursuer event=vertical-step path=8942
elapsed=75098 actor=pursuer event=move path=6053
elapsed=75099 actor=pursuer event=vertical-step path=8942
elapsed=75103 actor=pursuer event=move path=6053
elapsed=75103 actor=pursuer event=vertical-step path=8942
elapsed=75108 actor=pursuer event=move path=6053
elapsed=75108 actor=pursuer event=vertical-step path=8942
elapsed=75113 actor=pursuer event=move path=6053
elapsed=75113 actor=pursuer event=vertical-step path=8942
elapsed=75118 actor=pursuer event=move path=6053
elapsed=75118 actor=pursuer event=vertical-step path=8942
elapsed=75123 actor=pursuer event=move path=6053
elapsed=75123 actor=pursuer event=vertical-step path=8942
elapsed=75128 actor=pursuer event=move path=6053
elapsed=75128 actor=pursuer event=vertical-step path=8942
elapsed=75132 actor=pursuer event=move path=6053
elapsed=75133 actor=pursuer event=vertical-step path=8942
elapsed=75137 actor=pursuer event=move path=6053
elapsed=75137 actor=pursuer event=vertical-step path=8942
elapsed=75142 actor=pursuer event=move path=6053
elapsed=75142 actor=pursuer event=vertical-step path=8942
elapsed=75148 actor=pursuer event=move path=6053
elapsed=75148 actor=pursuer event=vertical-step path=8942
elapsed=75153 actor=pursuer event=move path=6053
elapsed=75153 actor=pursuer event=vertical-step path=8942
elapsed=75158 actor=pursuer event=move path=6053
elapsed=75158 actor=pursuer event=vertical-step path=8942
elapsed=75163 actor=pursuer event=move path=6053
elapsed=75163 actor=pursuer event=vertical-step path=8942
elapsed=75168 actor=pursuer event=move path=6053
elapsed=75168 actor=pursuer event=vertical-step path=8942
elapsed=75173 actor=pursuer event=move path=6053
elapsed=75173 actor=pursuer event=vertical-step path=8942
elapsed=75178 actor=pursuer event=move path=6053
elapsed=75178 actor=pursuer event=vertical-step path=8942
elapsed=75183 actor=pursuer event=move path=6053
elapsed=75183 actor=pursuer event=vertical-step path=8942
elapsed=75187 actor=pursuer event=move path=6053
elapsed=75187 actor=pursuer event=vertical-step path=8942
elapsed=75192 actor=pursuer event=move path=6053
elapsed=75192 actor=pursuer event=vertical-step path=8942
elapsed=75197 actor=pursuer event=move path=6053
elapsed=75197 actor=pursuer event=vertical-step path=8942
elapsed=75202 actor=pursuer event=move path=6053
elapsed=75202 actor=pursuer event=vertical-step path=8942
elapsed=75206 actor=pursuer event=move path=6053
elapsed=75206 actor=pursuer event=vertical-step path=8942
elapsed=75211 actor=pursuer event=move path=6053
elapsed=75211 actor=pursuer event=vertical-step path=8942
elapsed=75216 actor=pursuer event=move path=6053
elapsed=75216 actor=pursuer event=vertical-step path=8942
elapsed=75220 actor=pursuer event=move path=6053
elapsed=75221 actor=pursuer event=vertical-step path=8942
elapsed=75225 actor=pursuer event=move path=6053
elapsed=75225 actor=pursuer event=vertical-step path=8942
elapsed=75229 actor=pursuer event=move path=6053
elapsed=75230 actor=pursuer event=vertical-step path=8942
elapsed=75234 actor=pursuer event=move path=6053
elapsed=75234 actor=pursuer event=vertical-step path=8942
elapsed=75239 actor=pursuer event=move path=6053
elapsed=75239 actor=pursuer event=vertical-step path=8942
elapsed=75243 actor=pursuer event=move path=6053
elapsed=75243 actor=pursuer event=vertical-step path=8942
elapsed=75248 actor=pursuer event=move path=6053
elapsed=75248 actor=pursuer event=vertical-step path=8942
elapsed=75252 actor=pursuer event=move path=6053
elapsed=75252 actor=pursuer event=vertical-step path=8942
elapsed=75257 actor=pursuer event=move path=6053
elapsed=75257 actor=pursuer event=vertical-step path=8942
elapsed=75261 actor=pursuer event=move path=6053
elapsed=75261 actor=pursuer event=vertical-step path=8942
elapsed=75266 actor=pursuer event=move path=6053
elapsed=75266 actor=pursuer event=vertical-step path=8942
elapsed=75270 actor=pursuer event=move path=6053
elapsed=75270 actor=pursuer event=vertical-step path=8942
elapsed=75275 actor=pursuer event=move path=6053
elapsed=75275 actor=pursuer event=vertical-step path=8942
elapsed=75279 actor=pursuer event=move path=6053
elapsed=75279 actor=pursuer event=vertical-step path=8942
elapsed=75283 actor=pursuer event=move path=6053
elapsed=75284 actor=pursuer event=vertical-step path=8942
elapsed=75288 actor=pursuer event=move path=6053
elapsed=75288 actor=pursuer event=vertical-step path=8942
elapsed=75292 actor=pursuer event=move path=6053
elapsed=75293 actor=pursuer event=vertical-step path=8942
elapsed=75297 actor=pursuer event=move path=6053
elapsed=75297 actor=pursuer event=vertical-step path=8942
elapsed=75301 actor=pursuer event=move path=6053
elapsed=75301 actor=pursuer event=vertical-step path=8942
elapsed=75306 actor=pursuer event=move path=6053
elapsed=75306 actor=pursuer event=vertical-step path=8942
elapsed=75310 actor=pursuer event=move path=6053
elapsed=75310 actor=pursuer event=vertical-step path=8942
elapsed=75315 actor=pursuer event=move path=6053
elapsed=75315 actor=pursuer event=vertical-step path=8942
elapsed=75320 actor=pursuer event=move path=6053
elapsed=75320 actor=pursuer event=vertical-step path=8942
elapsed=75324 actor=pursuer event=move path=6053
elapsed=75324 actor=pursuer event=vertical-step path=8942
elapsed=75329 actor=pursuer event=move path=6053
elapsed=75329 actor=pursuer event=vertical-step path=8942
elapsed=75333 actor=pursuer event=move path=6053
elapsed=75333 actor=pursuer event=vertical-step path=8942
elapsed=75338 actor=pursuer event=move path=6053
elapsed=75338 actor=pursuer event=vertical-step path=8942
elapsed=75342 actor=pursuer event=move path=6053
elapsed=75342 actor=pursuer event=vertical-step path=8942
elapsed=75347 actor=pursuer event=move path=6053
elapsed=75347 actor=pursuer event=vertical-step path=8942
elapsed=75351 actor=pursuer event=move path=6053
elapsed=75351 actor=pursuer event=vertical-step path=8942
elapsed=75356 actor=pursuer event=move path=6053
elapsed=75356 actor=pursuer event=vertical-step path=8942
elapsed=75360 actor=pursuer event=move path=6053
elapsed=75360 actor=pursuer event=vertical-step path=8942
elapsed=75365 actor=pursuer event=move path=6053
elapsed=75365 actor=pursuer event=vertical-step path=8942
elapsed=75369 actor=pursuer event=move path=6053
elapsed=75369 actor=pursuer event=vertical-step path=8942
elapsed=75373 actor=pursuer event=move path=6053
elapsed=75374 actor=pursuer event=vertical-step path=8942
elapsed=75378 actor=pursuer event=move path=6053
elapsed=75378 actor=pursuer event=vertical-step path=8942
elapsed=75382 actor=pursuer event=move path=6053
elapsed=75382 actor=pursuer event=vertical-step path=8942
elapsed=75387 actor=pursuer event=move path=6053
elapsed=75387 actor=pursuer event=vertical-step path=8942
elapsed=75391 actor=pursuer event=move path=6053
elapsed=75391 actor=pursuer event=vertical-step path=8942
elapsed=75395 actor=pursuer event=move path=6053
elapsed=75395 actor=pursuer event=vertical-step path=8942
elapsed=75400 actor=pursuer event=move path=6053
elapsed=75400 actor=pursuer event=vertical-step path=8942
elapsed=75404 actor=pursuer event=move path=6053
elapsed=75404 actor=pursuer event=vertical-step path=8942
elapsed=75408 actor=pursuer event=move path=6053
elapsed=75409 actor=pursuer event=vertical-step path=8942
elapsed=75413 actor=pursuer event=move path=6053
elapsed=75413 actor=pursuer event=vertical-step path=8942
elapsed=75417 actor=pursuer event=move path=6053
elapsed=75417 actor=pursuer event=vertical-step path=8942
elapsed=75422 actor=pursuer event=move path=6053
elapsed=75422 actor=pursuer event=vertical-step path=8942
elapsed=75426 actor=pursuer event=move path=6053
elapsed=75426 actor=pursuer event=vertical-step path=8942
elapsed=75430 actor=pursuer event=move path=6053
elapsed=75431 actor=pursuer event=vertical-step path=8942
elapsed=75435 actor=pursuer event=move path=6053
elapsed=75435 actor=pursuer event=vertical-step path=8942
elapsed=75439 actor=pursuer event=move path=6053
elapsed=75439 actor=pursuer event=vertical-step path=8942
elapsed=75444 actor=pursuer event=move path=6053
elapsed=75444 actor=pursuer event=vertical-step path=8942
elapsed=75448 actor=pursuer event=move path=6053
elapsed=75448 actor=pursuer event=vertical-step path=8942
elapsed=75452 actor=pursuer event=move path=6053
elapsed=75453 actor=pursuer event=vertical-step path=8942
elapsed=75457 actor=pursuer event=move path=6053
elapsed=75457 actor=pursuer event=vertical-step path=8942
elapsed=75461 actor=pursuer event=move path=6053
elapsed=75461 actor=pursuer event=vertical-step path=8942
elapsed=75466 actor=pursuer event=move path=6053
elapsed=75466 actor=pursuer event=vertical-step path=8942
elapsed=75470 actor=pursuer event=move path=6053
elapsed=75470 actor=pursuer event=vertical-step path=8942
elapsed=75474 actor=pursuer event=move path=6053
elapsed=75474 actor=pursuer event=vertical-step path=8942
elapsed=75478 actor=pursuer event=move path=6053
elapsed=75479 actor=pursuer event=vertical-step path=8942
elapsed=75483 actor=pursuer event=move path=6053
elapsed=75483 actor=pursuer event=vertical-step path=8942
elapsed=75487 actor=pursuer event=move path=6053
elapsed=75487 actor=pursuer event=vertical-step path=8942
elapsed=75491 actor=pursuer event=move path=6053
elapsed=75492 actor=pursuer event=vertical-step path=8942
elapsed=75496 actor=pursuer event=move path=6053
elapsed=75496 actor=pursuer event=vertical-step path=8942
elapsed=75500 actor=pursuer event=move path=6053
elapsed=75500 actor=pursuer event=vertical-step path=8942
elapsed=75505 actor=pursuer event=move path=6053
elapsed=75505 actor=pursuer event=vertical-step path=8942
elapsed=75510 actor=pursuer event=move path=6053
elapsed=75510 actor=pursuer event=vertical-step path=8942
elapsed=75515 actor=pursuer event=move path=6053
elapsed=75515 actor=pursuer event=vertical-step path=8942
elapsed=75519 actor=pursuer event=move path=6053
elapsed=75520 actor=pursuer event=vertical-step path=8942
elapsed=75524 actor=pursuer event=move path=6053
elapsed=75524 actor=pursuer event=vertical-step path=8942
elapsed=75529 actor=pursuer event=move path=6053
elapsed=75529 actor=pursuer event=vertical-step path=8942
elapsed=75533 actor=pursuer event=move path=6053
elapsed=75534 actor=pursuer event=vertical-step path=8942
elapsed=75538 actor=pursuer event=move path=6053
elapsed=75538 actor=pursuer event=vertical-step path=8942
elapsed=75543 actor=pursuer event=move path=6053
elapsed=75543 actor=pursuer event=vertical-step path=8942
elapsed=75548 actor=pursuer event=move path=6053
elapsed=75548 actor=pursuer event=vertical-step path=8942
elapsed=75552 actor=pursuer event=move path=6053
elapsed=75552 actor=pursuer event=vertical-step path=8942
elapsed=75557 actor=pursuer event=move path=6053
elapsed=75557 actor=pursuer event=vertical-step path=8942
elapsed=75562 actor=pursuer event=move path=6053
elapsed=75562 actor=pursuer event=vertical-step path=8942
elapsed=75566 actor=pursuer event=move path=6053
elapsed=75567 actor=pursuer event=vertical-step path=8942
elapsed=75571 actor=pursuer event=move path=6053
elapsed=75571 actor=pursuer event=vertical-step path=8942
elapsed=75576 actor=pursuer event=move path=6053
elapsed=75576 actor=pursuer event=vertical-step path=8942
elapsed=75581 actor=pursuer event=move path=6053
elapsed=75581 actor=pursuer event=vertical-step path=8942
elapsed=75587 actor=pursuer event=move path=6053
elapsed=75587 actor=pursuer event=vertical-step path=8942
elapsed=75591 actor=pursuer event=move path=6053
elapsed=75592 actor=pursuer event=vertical-step path=8942
elapsed=75597 actor=pursuer event=move path=6053
elapsed=75597 actor=pursuer event=vertical-step path=8942
elapsed=75601 actor=pursuer event=move path=6053
elapsed=75602 actor=pursuer event=vertical-step path=8942
elapsed=75607 actor=pursuer event=move path=6053
elapsed=75607 actor=pursuer event=vertical-step path=8942
elapsed=75612 actor=pursuer event=move path=6053
elapsed=75612 actor=pursuer event=vertical-step path=8942
elapsed=75617 actor=pursuer event=move path=6053
elapsed=75617 actor=pursuer event=vertical-step path=8942
elapsed=75621 actor=pursuer event=move path=6053
elapsed=75622 actor=pursuer event=vertical-step path=8942
elapsed=75626 actor=pursuer event=move path=6053
elapsed=75626 actor=pursuer event=vertical-step path=8942
elapsed=75631 actor=pursuer event=move path=6053
elapsed=75631 actor=pursuer event=vertical-step path=8942
elapsed=75636 actor=pursuer event=move path=6053
elapsed=75636 actor=pursuer event=vertical-step path=8942
elapsed=75640 actor=pursuer event=move path=6053
elapsed=75641 actor=pursuer event=vertical-step path=8942
elapsed=75645 actor=pursuer event=move path=6053
elapsed=75645 actor=pursuer event=vertical-step path=8942
elapsed=75650 actor=pursuer event=move path=6053
elapsed=75650 actor=pursuer event=vertical-step path=8942
elapsed=75655 actor=pursuer event=move path=6053
elapsed=75655 actor=pursuer event=vertical-step path=8942
elapsed=75659 actor=pursuer event=move path=6053
elapsed=75659 actor=pursuer event=vertical-step path=8942
elapsed=75664 actor=pursuer event=move path=6053
elapsed=75664 actor=pursuer event=vertical-step path=8942
elapsed=75668 actor=pursuer event=move path=6053
elapsed=75669 actor=pursuer event=vertical-step path=8942
elapsed=75673 actor=pursuer event=move path=6053
elapsed=75673 actor=pursuer event=vertical-step path=8942
elapsed=75678 actor=pursuer event=move path=6053
elapsed=75678 actor=pursuer event=vertical-step path=8942
elapsed=75682 actor=pursuer event=move path=6053
elapsed=75682 actor=pursuer event=vertical-step path=8942
elapsed=75687 actor=pursuer event=move path=6053
elapsed=75687 actor=pursuer event=vertical-step path=8942
elapsed=75691 actor=pursuer event=move path=6053
elapsed=75692 actor=pursuer event=vertical-step path=8942
elapsed=75696 actor=pursuer event=move path=6053
elapsed=75696 actor=pursuer event=vertical-step path=8942
elapsed=75701 actor=pursuer event=move path=6053
elapsed=75701 actor=pursuer event=vertical-step path=8942
elapsed=75705 actor=pursuer event=move path=6053
elapsed=75705 actor=pursuer event=vertical-step path=8942
elapsed=75710 actor=pursuer event=move path=6053
elapsed=75710 actor=pursuer event=vertical-step path=8942
elapsed=75714 actor=pursuer event=move path=6053
elapsed=75714 actor=pursuer event=vertical-step path=8942
elapsed=75718 actor=pursuer event=move path=6053
elapsed=75719 actor=pursuer event=vertical-step path=8942
elapsed=75723 actor=pursuer event=move path=6053
elapsed=75723 actor=pursuer event=vertical-step path=8942
elapsed=75727 actor=pursuer event=move path=6053
elapsed=75728 actor=pursuer event=vertical-step path=8942
elapsed=75732 actor=pursuer event=move path=6053
elapsed=75732 actor=pursuer event=vertical-step path=8942
elapsed=75736 actor=pursuer event=move path=6053
elapsed=75736 actor=pursuer event=vertical-step path=8942
elapsed=75741 actor=pursuer event=move path=6053
elapsed=75741 actor=pursuer event=vertical-step path=8942
elapsed=75745 actor=pursuer event=move path=6053
elapsed=75745 actor=pursuer event=vertical-step path=8942
elapsed=75749 actor=pursuer event=move path=6053
elapsed=75749 actor=pursuer event=vertical-step path=8942
elapsed=75754 actor=pursuer event=move path=6053
elapsed=75754 actor=pursuer event=vertical-step path=8942
elapsed=75758 actor=pursuer event=move path=6053
elapsed=75758 actor=pursuer event=vertical-step path=8942
elapsed=75763 actor=pursuer event=move path=6053
elapsed=75763 actor=pursuer event=vertical-step path=8942
elapsed=75767 actor=pursuer event=move path=6053
elapsed=75767 actor=pursuer event=vertical-step path=8942
elapsed=75772 actor=pursuer event=move path=6053
elapsed=75772 actor=pursuer event=vertical-step path=8942
elapsed=75776 actor=pursuer event=move path=6053
elapsed=75776 actor=pursuer event=vertical-step path=8942
elapsed=75780 actor=pursuer event=move path=6053
elapsed=75781 actor=pursuer event=vertical-step path=8942
elapsed=75785 actor=pursuer event=move path=6053
elapsed=75785 actor=pursuer event=vertical-step path=8942
elapsed=75789 actor=pursuer event=move path=6053
elapsed=75789 actor=pursuer event=vertical-step path=8942
elapsed=75794 actor=pursuer event=move path=6053
elapsed=75794 actor=pursuer event=vertical-step path=8942
elapsed=75798 actor=pursuer event=move path=6053
elapsed=75798 actor=pursuer event=vertical-step path=8942
elapsed=75803 actor=pursuer event=move path=6053
elapsed=75803 actor=pursuer event=vertical-step path=8942
elapsed=75807 actor=pursuer event=move path=6053
elapsed=75807 actor=pursuer event=vertical-step path=8942
elapsed=75812 actor=pursuer event=move path=6053
elapsed=75812 actor=pursuer event=vertical-step path=8942
elapsed=75816 actor=pursuer event=move path=6053
elapsed=75816 actor=pursuer event=vertical-step path=8942
elapsed=75820 actor=pursuer event=move path=6053
elapsed=75821 actor=pursuer event=vertical-step path=8942
elapsed=75825 actor=pursuer event=move path=6053
elapsed=75825 actor=pursuer event=vertical-step path=8942
elapsed=75829 actor=pursuer event=move path=6053
elapsed=75829 actor=pursuer event=vertical-step path=8942
elapsed=75835 actor=pursuer event=move path=6053
elapsed=75835 actor=pursuer event=vertical-step path=8942
elapsed=75839 actor=pursuer event=move path=6053
elapsed=75839 actor=pursuer event=vertical-step path=8942
elapsed=75844 actor=pursuer event=move path=6053
elapsed=75844 actor=pursuer event=vertical-step path=8942
elapsed=75849 actor=pursuer event=move path=6053
elapsed=75849 actor=pursuer event=vertical-step path=8942
elapsed=75854 actor=pursuer event=move path=6053
elapsed=75854 actor=pursuer event=vertical-step path=8942
elapsed=75858 actor=pursuer event=move path=6053
elapsed=75858 actor=pursuer event=vertical-step path=8942
