# Compact Mesen oracle evidence for the recurring four-attacker encounter.
# Raw source SHA-256: 6d59b710d1b80837c3a5f9fc5e138042227cb8b5803d67376d764c9101cb1d19
# return_retail_frame=2020
# map_ready_retail_frame=2022
retail_frame=0 camera=0,0,0,0,0,0 player=7700,-2881,2498,0,66,0,23 wingmate=-1516,-2881,2114,0,66,0,23 attacker0=- attacker1=- attacker2=- attacker3=- projectiles=-
retail_frame=4 camera=0,0,0,0,0,0 player=7700,-2881,2498,0,66,0,23 wingmate=-1516,-2881,2114,0,66,0,23 attacker0=- attacker1=- attacker2=- attacker3=- projectiles=-
retail_frame=8 camera=0,0,0,0,0,0 player=7700,-2881,2498,0,66,0,23 wingmate=-1516,-2881,2114,0,66,0,23 attacker0=- attacker1=- attacker2=- attacker3=- projectiles=-
retail_frame=12 camera=0,0,0,0,0,0 player=7700,-2881,2498,0,66,0,23 wingmate=-1516,-2881,2114,0,66,0,23 attacker0=- attacker1=- attacker2=- attacker3=- projectiles=-
retail_frame=16 camera=0,0,0,0,0,0 player=7700,-2881,2498,0,66,0,23 wingmate=-1516,-2881,2114,0,66,0,23 attacker0=- attacker1=- attacker2=- attacker3=- projectiles=-
retail_frame=20 camera=0,0,0,0,0,0 player=7700,-2881,2498,0,66,0,23 wingmate=-1516,-2881,2114,0,66,0,23 attacker0=- attacker1=- attacker2=- attacker3=- projectiles=-
retail_frame=24 camera=0,0,0,0,0,0 player=7700,-2881,2498,0,66,0,23 wingmate=-1516,-2881,2114,0,66,0,23 attacker0=- attacker1=- attacker2=- attacker3=- projectiles=-
retail_frame=28 camera=0,0,0,0,0,0 player=7700,-2881,2498,0,66,0,23 wingmate=-1516,-2881,2114,0,66,0,23 attacker0=- attacker1=- attacker2=- attacker3=- projectiles=-
retail_frame=32 camera=0,0,0,0,0,0 player=7700,-2881,2498,0,66,0,23 wingmate=-1516,-2881,2114,0,66,0,23 attacker0=- attacker1=- attacker2=- attacker3=- projectiles=-
retail_frame=36 camera=0,0,0,0,0,0 player=7700,-2881,2498,0,66,0,23 wingmate=-1516,-2881,2114,0,66,0,23 attacker0=- attacker1=- attacker2=- attacker3=- projectiles=-
retail_frame=40 camera=0,0,0,0,0,0 player=7700,-2881,2498,0,66,0,23 wingmate=-1516,-2881,2114,0,66,0,23 attacker0=- attacker1=- attacker2=- attacker3=- projectiles=-
retail_frame=44 camera=0,0,0,0,0,0 player=7700,-2881,2498,0,66,0,23 wingmate=-1516,-2881,2114,0,66,0,23 attacker0=- attacker1=- attacker2=- attacker3=- projectiles=-
retail_frame=48 camera=0,0,0,0,0,0 player=22,0,137,0,64,0,0 wingmate=29,0,131,0,0,0,0 attacker0=- attacker1=- attacker2=- attacker3=- projectiles=-
retail_frame=52 camera=0,0,0,0,0,0 player=22,0,137,0,64,0,0 wingmate=29,0,131,0,0,0,0 attacker0=- attacker1=- attacker2=- attacker3=- projectiles=-
retail_frame=56 camera=0,0,0,0,0,0 player=22,0,137,0,64,0,0 wingmate=29,0,131,0,0,0,0 attacker0=- attacker1=- attacker2=- attacker3=- projectiles=-
retail_frame=60 camera=0,0,0,0,0,0 player=22,0,137,0,64,0,0 wingmate=29,0,131,0,0,0,0 attacker0=- attacker1=- attacker2=- attacker3=- projectiles=-
retail_frame=64 camera=0,0,0,0,0,0 player=22,0,137,0,64,0,0 wingmate=29,0,131,0,0,0,0 attacker0=0,-3197,-500,0,56,0,0 attacker1=- attacker2=2938,-1998,1463,0,56,0,0 attacker3=0,-1000,2500,0,0,0,0 projectiles=-
retail_frame=68 camera=0,0,0,0,0,0 player=22,0,137,0,64,0,0 wingmate=29,0,131,0,0,0,0 attacker0=0,-3197,-500,0,56,0,0 attacker1=- attacker2=2938,-1998,1463,0,56,0,0 attacker3=-32,-4182,2500,0,56,0,10 projectiles=-
retail_frame=72 camera=0,0,0,0,0,0 player=22,0,137,0,64,0,0 wingmate=29,0,131,0,0,0,0 attacker0=0,-3197,-500,0,56,0,0 attacker1=- attacker2=2938,-1998,1463,0,56,0,0 attacker3=-32,-4182,2500,0,56,0,10 projectiles=-
retail_frame=76 camera=0,0,0,0,0,0 player=22,0,137,0,64,0,0 wingmate=29,0,131,0,0,0,0 attacker0=0,-3197,-500,0,56,0,0 attacker1=- attacker2=2906,-1983,1463,0,56,0,10 attacker3=-32,-4182,2500,0,56,0,10 projectiles=-
retail_frame=80 camera=-1514,-4447,823,208,80,0 player=22,0,137,0,64,0,0 wingmate=29,0,131,0,0,0,0 attacker0=-32,-3182,-500,0,56,0,10 attacker1=- attacker2=2874,-1968,1463,0,56,0,10 attacker3=-64,-4167,2500,0,56,0,10 projectiles=-
retail_frame=84 camera=-1507,-4400,831,16,16,0 player=22,0,137,0,64,0,0 wingmate=29,0,131,0,0,0,0 attacker0=-64,-3167,-500,0,56,0,10 attacker1=- attacker2=2842,-1953,1463,0,56,0,10 attacker3=-128,-4137,2500,0,56,0,10 projectiles=-
retail_frame=88 camera=-1500,-4352,839,64,192,0 player=22,0,137,0,64,0,0 wingmate=0,0,0,0,0,0,0 attacker0=-96,-3152,-500,0,56,0,10 attacker1=- attacker2=2810,-1938,1463,0,56,0,10 attacker3=-160,-4122,2500,0,56,0,10 projectiles=-
retail_frame=92 camera=-1486,-4258,855,208,80,0 player=22,0,137,0,64,0,0 wingmate=0,0,0,0,0,0,0 attacker0=-128,-3137,-500,0,56,0,10 attacker1=- attacker2=2778,-1924,1463,0,56,0,10 attacker3=-192,-4107,2500,0,56,0,10 projectiles=-
retail_frame=96 camera=-1479,-4211,863,32,32,0 player=22,0,137,0,64,0,0 wingmate=0,0,0,0,0,0,0 attacker0=-160,-3123,-500,0,56,0,10 attacker1=- attacker2=2746,-1910,1463,0,56,0,10 attacker3=-224,-4092,2500,0,56,0,10 projectiles=-
retail_frame=100 camera=-1472,-4164,871,96,16,0 player=22,0,137,0,64,0,0 wingmate=0,0,0,0,0,0,0 attacker0=-192,-3109,-500,0,56,0,10 attacker1=- attacker2=2714,-1897,1463,0,56,0,10 attacker3=-256,-4078,2500,0,56,0,10 projectiles=-
retail_frame=104 camera=-1465,-4117,879,192,16,0 player=22,0,137,0,64,0,0 wingmate=0,0,0,0,0,0,0 attacker0=-224,-3096,-500,0,56,0,10 attacker1=- attacker2=2682,-1885,1463,0,56,0,10 attacker3=-288,-4064,2500,0,56,0,10 projectiles=-
retail_frame=108 camera=-1459,-4070,887,48,32,0 player=22,0,137,0,64,0,0 wingmate=0,0,0,0,0,0,0 attacker0=-256,-3084,-500,0,56,0,10 attacker1=- attacker2=2650,-1874,1463,0,56,0,10 attacker3=-320,-4050,2500,0,56,0,10 projectiles=-
retail_frame=112 camera=-1452,-4023,895,144,64,0 player=22,0,137,0,64,0,0 wingmate=0,0,0,0,0,0,0 attacker0=-320,-3073,-500,0,56,0,10 attacker1=- attacker2=2618,-1864,1463,0,56,0,10 attacker3=-352,-4037,2500,0,56,0,10 projectiles=-
retail_frame=116 camera=-1445,-3976,903,48,96,0 player=22,0,137,0,64,0,0 wingmate=0,0,0,0,0,0,0 attacker0=-352,-3055,-500,0,56,0,10 attacker1=- attacker2=2586,-1856,1463,0,56,0,10 attacker3=-384,-4024,2500,0,56,0,10 projectiles=-
retail_frame=120 camera=-1431,-3923,911,176,224,0 player=22,0,137,0,64,0,0 wingmate=0,0,0,0,0,0,0 attacker0=-384,-3048,-500,0,56,0,10 attacker1=- attacker2=2554,-1849,1463,0,56,0,10 attacker3=-416,-4012,2500,0,56,0,10 projectiles=-
retail_frame=124 camera=-1409,-3862,919,192,192,0 player=22,0,137,0,64,0,0 wingmate=0,0,0,0,0,0,0 attacker0=-416,-3042,-500,0,56,0,10 attacker1=- attacker2=2490,-1839,1463,0,56,0,10 attacker3=-448,-4000,2500,0,56,0,10 projectiles=-
retail_frame=128 camera=-1380,-3795,927,48,240,0 player=22,0,137,0,64,0,0 wingmate=0,0,0,0,0,0,0 attacker0=-448,-3038,-500,0,56,0,10 attacker1=- attacker2=2458,-1836,1463,0,56,0,10 attacker3=-512,-3977,2500,0,56,0,10 projectiles=-
retail_frame=132 camera=-1343,-3721,935,240,144,0 player=22,0,137,0,64,0,0 wingmate=0,0,0,0,0,0,0 attacker0=-480,-3035,-500,0,56,0,10 attacker1=- attacker2=2426,-1835,1463,0,56,0,10 attacker3=-544,-3967,2500,0,56,0,10 projectiles=-
retail_frame=136 camera=-1248,-3553,951,16,128,0 player=22,0,137,0,64,0,0 wingmate=0,0,0,0,0,0,0 attacker0=-512,-3034,-500,0,56,0,10 attacker1=- attacker2=2394,-1835,1463,0,56,0,10 attacker3=-576,-3957,2500,0,56,0,10 projectiles=-
retail_frame=140 camera=-1189,-3459,959,48,0,0 player=22,0,137,0,64,0,0 wingmate=0,0,0,0,0,0,0 attacker0=-544,-3034,-500,0,56,0,10 attacker1=- attacker2=2362,-1836,1463,0,56,0,10 attacker3=-608,-3948,2500,0,56,0,10 projectiles=-
retail_frame=144 camera=-1123,-3359,967,176,32,0 player=22,0,137,0,64,0,0 wingmate=0,0,0,0,0,0,0 attacker0=-576,-3035,-500,0,56,0,10 attacker1=- attacker2=2330,-1839,1463,0,56,0,10 attacker3=-640,-3939,2500,0,56,0,10 projectiles=-
retail_frame=148 camera=-1050,-3251,975,112,0,0 player=22,0,137,0,64,0,0 wingmate=0,0,0,0,0,0,0 attacker0=-640,-3042,-500,0,56,0,10 attacker1=- attacker2=2266,-1849,1463,0,56,0,10 attacker3=-672,-3931,2500,0,56,0,10 projectiles=-
retail_frame=152 camera=-969,-3137,983,16,80,0 player=22,0,137,0,64,0,0 wingmate=0,0,0,0,0,0,0 attacker0=-672,-3048,-500,0,56,0,10 attacker1=- attacker2=2234,-1856,1463,0,56,0,10 attacker3=-736,-3917,2500,0,56,0,10 projectiles=-
retail_frame=156 camera=-785,-2889,999,224,64,0 player=22,0,137,0,64,0,0 wingmate=0,0,0,0,0,0,0 attacker0=-704,-3055,-500,0,56,0,10 attacker1=- attacker2=2202,-1864,1463,0,56,0,10 attacker3=-768,-3911,2500,0,56,0,10 projectiles=-
retail_frame=160 camera=-682,-2754,1007,208,64,0 player=22,0,137,0,64,0,0 wingmate=0,0,0,0,0,0,0 attacker0=-768,-3073,-500,0,56,0,10 attacker1=- attacker2=2170,-1874,1463,0,56,0,10 attacker3=-800,-3906,2500,0,56,0,10 projectiles=-
retail_frame=164 camera=-571,-2613,1015,128,144,0 player=22,0,137,0,64,0,0 wingmate=0,0,0,0,0,0,0 attacker0=-800,-3084,-500,0,56,0,10 attacker1=- attacker2=2106,-1897,1463,0,56,0,10 attacker3=-864,-3898,2500,0,56,0,10 projectiles=-
retail_frame=168 camera=-328,-2311,1031,240,32,0 player=22,0,137,0,64,0,0 wingmate=0,0,0,0,0,0,0 attacker0=-832,-3096,-500,0,56,0,10 attacker1=- attacker2=2074,-1910,1463,0,56,0,10 attacker3=-896,-3895,2500,0,56,0,10 projectiles=-
retail_frame=172 camera=-195,-2150,1039,32,96,0 player=22,0,137,0,64,0,0 wingmate=0,0,0,0,0,0,0 attacker0=-896,-3123,-500,0,56,0,10 attacker1=- attacker2=2010,-1924,1463,0,56,0,10 attacker3=-928,-3893,2500,0,56,0,10 projectiles=-
retail_frame=176 camera=-55,-1982,1047,0,48,0 player=22,0,137,0,64,0,0 wingmate=0,0,0,0,0,0,0 attacker0=-928,-3137,-500,0,56,0,10 attacker1=- attacker2=1978,-1953,1463,0,56,0,10 attacker3=-992,-3892,2500,0,56,0,10 projectiles=-
retail_frame=180 camera=248,-1626,1063,80,112,0 player=22,0,137,0,64,0,0 wingmate=0,0,0,0,0,0,0 attacker0=-960,-3152,-500,0,56,0,10 attacker1=- attacker2=1946,-1968,1463,0,56,0,10 attacker3=-1024,-3891,2500,0,56,0,10 projectiles=-
retail_frame=184 camera=411,-1438,1071,208,48,0 player=22,0,137,0,64,0,0 wingmate=0,0,0,0,0,0,0 attacker0=-1024,-3182,-500,0,56,0,10 attacker1=- attacker2=1914,-1983,1463,0,56,0,10 attacker3=-1056,-3891,2500,0,56,0,10 projectiles=-
retail_frame=188 camera=580,-1243,1079,80,176,0 player=22,0,137,0,64,0,0 wingmate=0,0,0,0,0,0,0 attacker0=-1056,-3197,-500,0,56,0,10 attacker1=- attacker2=1850,-2013,1463,0,56,0,10 attacker3=-1088,-3892,2500,0,56,0,10 projectiles=-
retail_frame=192 camera=942,-834,1095,240,208,0 player=22,0,137,0,64,0,0 wingmate=0,0,0,0,0,0,0 attacker0=-1088,-3212,-500,0,56,0,10 attacker1=- attacker2=1818,-2028,1463,0,56,0,10 attacker3=-1152,-3895,2500,0,56,0,10 projectiles=-
retail_frame=196 camera=1134,-619,1103,64,0,0 player=22,0,137,0,64,0,0 wingmate=0,0,0,0,0,0,0 attacker0=-1152,-3227,-500,0,56,0,10 attacker1=- attacker2=1786,-2043,1463,0,56,0,10 attacker3=-1184,-3898,2500,0,56,0,10 projectiles=-
retail_frame=200 camera=1334,-397,1111,112,192,0 player=22,0,137,0,64,0,0 wingmate=0,0,0,0,0,0,0 attacker0=-1184,-3256,-500,0,56,0,10 attacker1=- attacker2=1722,-2071,1463,0,56,0,10 attacker3=-1248,-3902,2500,0,56,0,10 projectiles=-
retail_frame=204 camera=1755,66,1127,224,64,0 player=22,0,137,0,64,0,0 wingmate=0,0,0,0,0,0,0 attacker0=-1216,-3270,-500,0,56,0,10 attacker1=- attacker2=1690,-2084,1463,0,56,0,10 attacker3=-1280,-3911,2500,0,56,0,10 projectiles=-
retail_frame=208 camera=1977,308,1135,16,224,0 player=22,0,137,0,64,0,0 wingmate=0,0,0,0,0,0,0 attacker0=-1280,-3295,-500,0,56,0,10 attacker1=- attacker2=1658,-2096,1463,0,56,0,10 attacker3=-1312,-3917,2500,0,56,0,10 projectiles=-
retail_frame=212 camera=2206,556,1143,48,80,0 player=22,0,137,0,64,0,0 wingmate=0,0,0,0,0,0,0 attacker0=-1312,-3306,-500,0,56,0,10 attacker1=- attacker2=1594,-2117,1463,0,56,0,10 attacker3=-1376,-3924,2500,0,56,0,10 projectiles=-
retail_frame=216 camera=2686,1073,1159,128,64,0 player=22,0,137,0,64,0,0 wingmate=0,0,0,0,0,0,0 attacker0=-1344,-3316,-500,0,56,0,10 attacker1=- attacker2=1562,-2125,1463,0,56,0,10 attacker3=-1408,-3939,2500,0,56,0,10 projectiles=-
retail_frame=220 camera=2938,1342,1167,160,176,0 player=22,0,137,0,64,0,0 wingmate=0,0,0,0,0,0,0 attacker0=-1408,-3331,-500,0,56,0,10 attacker1=- attacker2=1530,-2132,1463,0,56,0,10 attacker3=-1440,-3948,2500,0,56,0,10 projectiles=-
retail_frame=224 camera=3197,1617,1175,87,42,0 player=0,0,0,0,0,0,0 wingmate=0,0,0,0,0,0,0 attacker0=-1440,-3337,-500,0,56,0,10 attacker1=- attacker2=1466,-2138,1463,0,56,0,10 attacker3=-1472,-3957,2500,0,56,0,10 projectiles=-
retail_frame=228 camera=3421,1862,1183,60,75,0 player=3403,1842,1134,0,22,40,0 wingmate=0,0,0,0,0,0,0 attacker0=-1472,-3341,-500,0,56,0,10 attacker1=- attacker2=1434,-2145,1463,0,56,0,10 attacker3=-1536,-3977,2500,0,56,0,10 projectiles=-
retail_frame=232 camera=3610,2073,1191,203,40,0 player=3571,2053,1168,0,28,40,0 wingmate=0,0,0,0,0,0,0 attacker0=-1504,-3344,-500,0,56,0,10 attacker1=- attacker2=1402,-2146,1463,0,56,0,10 attacker3=-1568,-3988,2500,0,56,0,10 projectiles=-
retail_frame=236 camera=3766,2256,1199,160,210,0 player=3704,2236,1197,0,34,40,0 wingmate=0,0,0,0,0,0,0 attacker0=-1536,-3345,-500,0,56,0,10 attacker1=- attacker2=1370,-2146,1463,0,56,0,10 attacker3=-1600,-4000,2500,0,56,0,10 projectiles=-
retail_frame=240 camera=4000,2549,1215,254,183,0 player=3888,2529,1239,0,46,40,0 wingmate=0,0,0,0,0,0,0 attacker0=-1568,-3345,-500,0,56,0,10 attacker1=- attacker2=1338,-2145,1463,0,56,0,10 attacker3=-1632,-4012,2500,0,56,0,10 projectiles=-
retail_frame=244 camera=4083,2665,1223,32,4,0 player=3946,2645,1253,0,52,40,0 wingmate=0,0,0,0,0,0,0 attacker0=-1600,-3344,-500,0,56,0,10 attacker1=- attacker2=1306,-2142,1463,0,56,0,10 attacker3=-1664,-4024,2500,0,56,0,10 projectiles=-
retail_frame=248 camera=4148,2765,1231,177,62,0 player=3987,2745,1263,0,58,40,0 wingmate=0,0,0,0,0,0,0 attacker0=-1664,-3337,-500,0,56,0,10 attacker1=- attacker2=1274,-2138,1463,0,56,0,10 attacker3=-1696,-4037,2500,0,56,0,10 projectiles=-
retail_frame=252 camera=4196,2849,1239,152,107,0 player=4018,2829,1267,0,64,74,0 wingmate=0,0,0,0,0,0,0 attacker0=-1696,-3331,-500,0,56,0,10 attacker1=- attacker2=1210,-2125,1463,0,56,0,10 attacker3=-1760,-4050,2500,0,56,0,10 projectiles=-
retail_frame=256 camera=4230,2921,1247,193,141,0 player=4041,2901,1272,0,64,104,0 wingmate=0,0,0,0,0,0,0 attacker0=-1728,-3324,-500,0,56,0,10 attacker1=- attacker2=1098,-1765,1479,0,56,1,30 attacker3=-1760,-4064,2500,0,56,0,10 projectiles=-
retail_frame=260 camera=4252,2982,1255,28,167,0 player=4057,2962,1277,0,64,131,0 wingmate=0,0,0,0,0,0,0 attacker0=-1836,-3316,-484,0,56,0,29 attacker1=- attacker2=910,-1446,1511,0,56,2,50 attacker3=-1824,-4092,2500,0,56,0,10 projectiles=-
retail_frame=264 camera=4264,3074,1271,62,202,0 player=4067,3054,1289,0,64,176,0 wingmate=0,0,0,0,0,0,0 attacker0=-1940,-3306,-468,0,56,0,28 attacker1=- attacker2=682,-1163,1551,0,56,3,60 attacker3=-1856,-4107,2500,0,56,0,10 projectiles=-
retail_frame=268 camera=4256,3108,1279,245,214,0 player=4060,3088,1295,0,64,195,0 wingmate=0,0,0,0,0,0,0 attacker0=-2136,-3283,-440,0,56,0,26 attacker1=- attacker2=454,-911,1583,0,57,4,60 attacker3=-1888,-4122,2500,0,56,0,10 projectiles=-
retail_frame=272 camera=4242,3135,1287,189,223,0 player=4050,3115,1301,0,64,212,0 wingmate=0,0,0,0,0,0,0 attacker0=-2228,-3270,-428,0,56,0,25 attacker1=- attacker2=-6,-489,1635,0,59,6,60 attacker3=-1920,-4137,2500,0,56,0,10 projectiles=-
retail_frame=276 camera=4221,3158,1295,146,230,0 player=4036,3138,1308,0,64,227,0 wingmate=0,0,0,0,0,0,0 attacker0=-2316,-3256,-416,0,56,0,24 attacker1=- attacker2=-238,-314,1651,0,60,7,60 attacker3=-1984,-4167,2500,0,56,0,10 projectiles=-
retail_frame=280 camera=4195,3175,1303,112,235,0 player=4019,3155,1315,0,64,241,0 wingmate=0,0,0,0,0,0,0 attacker0=-2400,-3242,-404,0,56,0,23 attacker1=- attacker2=-470,-159,1655,0,62,8,60 attacker3=-2016,-4182,2500,0,56,0,10 projectiles=-
retail_frame=284 camera=4129,3197,1319,67,242,0 player=4001,3168,1321,0,64,254,0 wingmate=0,0,0,0,0,0,0 attacker0=-2480,-3227,-392,0,56,0,22 attacker1=- attacker2=-702,-21,1655,0,64,9,60 attacker3=-2048,-4197,2500,0,56,0,10 projectiles=-
retail_frame=288 camera=4127,3196,1322,0,32,0 player=3980,3177,1328,251,60,5,0 wingmate=-4980,2153,3504,251,54,1,0 attacker0=-2556,-3212,-384,0,56,0,21 attacker1=- attacker2=-934,100,1651,0,66,10,60 attacker3=-2080,-4212,2500,0,56,0,10 projectiles=-
retail_frame=292 camera=4110,3176,1317,0,64,0 player=3980,3177,1328,0,57,0,1 wingmate=-4852,3177,4144,0,51,2,1 attacker0=-2628,-3197,-376,0,56,0,20 attacker1=- attacker2=-1166,206,1635,0,68,11,60 attacker3=-2112,-4227,2500,0,56,0,10 projectiles=-
retail_frame=296 camera=4094,3175,1313,0,96,0 player=3980,3177,1328,0,53,252,1 wingmate=-4596,3177,5040,0,47,3,1 attacker0=-2696,-3182,-368,0,56,0,19 attacker1=- attacker2=-1394,299,1603,0,71,12,60 attacker3=-2144,-4227,2500,0,56,0,10 projectiles=-
retail_frame=300 camera=4078,3174,1311,0,128,0 player=3980,3177,1328,0,50,249,2 wingmate=-4212,3177,5680,0,44,4,2 attacker0=-2760,-3167,-360,0,56,0,18 attacker1=- attacker2=-1618,379,1551,0,74,13,60 attacker3=-2144,-4242,2500,0,56,0,10 projectiles=-
retail_frame=304 camera=4062,3174,1310,0,160,0 player=3980,3177,1328,0,46,246,2 wingmate=-3700,3177,6448,0,40,5,2 attacker0=-2820,-3152,-352,0,56,0,17 attacker1=- attacker2=-1838,379,1483,0,77,13,60 attacker3=-2176,-4257,2500,0,56,0,10 projectiles=-
retail_frame=308 camera=4045,3172,1311,0,192,0 player=3979,3176,1328,0,43,245,3 wingmate=-3317,3176,7088,0,37,6,3 attacker0=-2876,-3137,-344,0,56,0,16 attacker1=- attacker2=-1838,448,1483,0,77,13,60 attacker3=-2208,-4272,2500,0,56,0,10 projectiles=-
retail_frame=312 camera=4027,3170,1313,0,224,0 player=3978,3175,1328,0,41,244,3 wingmate=-3062,3175,7344,0,35,6,3 attacker0=-2928,-3123,-340,0,56,0,15 attacker1=- attacker2=-2050,507,1399,0,80,13,60 attacker3=-2240,-4287,2500,0,56,0,10 projectiles=-
retail_frame=316 camera=4027,3170,1313,0,224,0 player=3976,3173,1329,0,39,243,4 wingmate=3989,3155,1324,229,39,243,4 attacker0=-2928,-3123,-340,0,56,0,15 attacker1=- attacker2=-2377,641,1411,0,83,13,60 attacker3=-2272,-4302,2500,0,56,0,10 projectiles=-
retail_frame=320 camera=4024,3169,1316,0,0,0 player=3976,3173,1329,0,39,243,4 wingmate=-2680,3173,7729,0,39,243,4 attacker0=-2976,-3109,-336,0,56,0,14 attacker1=- attacker2=-2696,754,1407,0,86,13,60 attacker3=-2304,-4316,2500,0,56,0,10 projectiles=-
retail_frame=324 camera=4007,3166,1322,128,32,0 player=3974,3171,1330,0,36,242,4 wingmate=-2298,3171,8242,0,36,242,4 attacker0=-3020,-3096,-332,0,56,0,13 attacker1=- attacker2=-3007,851,1387,0,89,13,60 attacker3=-2336,-4330,2500,0,56,0,10 projectiles=-
retail_frame=328 camera=4003,3161,1322,128,64,0 player=3972,3168,1332,0,34,240,5 wingmate=-1916,3168,8500,0,28,6,5 attacker0=-3060,-3084,-328,0,56,0,12 attacker1=- attacker2=-3306,931,1355,0,92,13,60 attacker3=-2368,-4344,2500,0,56,0,10 projectiles=-
retail_frame=332 camera=3999,3157,1324,0,96,0 player=3970,3165,1334,254,32,239,5 wingmate=-1406,2781,8758,254,26,6,5 attacker0=-3100,-3073,-324,0,56,0,12 attacker1=- attacker2=-3593,998,1311,0,95,13,60 attacker3=-2400,-4357,2500,0,56,0,10 projectiles=-
retail_frame=336 camera=3995,3152,1325,0,128,0 player=3968,3161,1336,252,30,237,6 wingmate=-1024,2265,8888,252,24,6,6 attacker0=-3140,-3063,-320,0,56,0,12 attacker1=- attacker2=-3868,1052,1251,0,98,13,60 attacker3=-2400,-4357,2500,0,56,0,10 projectiles=-
retail_frame=340 camera=3992,3146,1327,0,160,0 player=3966,3157,1338,249,28,236,6 wingmate=-770,1621,9146,249,22,6,6 attacker0=-3180,-3055,-316,0,56,0,12 attacker1=- attacker2=-4008,1052,1071,0,101,13,60 attacker3=-2432,-4370,2500,0,56,0,10 projectiles=-
retail_frame=344 camera=3991,3141,1328,0,192,0 player=3965,3153,1340,247,26,234,6 wingmate=-259,1233,9404,247,20,6,6 attacker0=-3220,-3048,-312,0,56,0,12 attacker1=- attacker2=-4131,1094,1183,0,101,13,60 attacker3=-2464,-4382,2500,0,56,0,10 projectiles=-
retail_frame=348 camera=3991,3136,1329,0,224,0 player=3964,3149,1342,244,24,232,6 wingmate=252,461,9278,244,18,6,6 attacker0=-3220,-3048,-312,0,56,0,12 attacker1=- attacker2=-4378,1126,1103,0,104,13,60 attacker3=-2496,-4394,2500,0,56,0,10 projectiles=-
retail_frame=352 camera=3987,3130,1332,0,0,0 player=3963,3145,1345,244,22,230,6 wingmate=3965,3124,1342,9,239,6,6 attacker0=-3260,-3042,-308,0,56,0,12 attacker1=- attacker2=-4613,1149,1015,0,107,13,60 attacker3=-2528,-4406,2500,0,56,0,10 projectiles=-
retail_frame=356 camera=3987,3130,1332,0,0,0 player=3963,3145,1345,244,22,230,6 wingmate=635,457,9409,244,22,230,6 attacker0=-3300,-3038,-304,0,56,0,12 attacker1=- attacker2=-4777,926,842,0,110,13,60 attacker3=-2560,-4417,2500,0,56,0,10 projectiles=-
retail_frame=360 camera=3985,3125,1335,0,32,0 player=3962,3141,1348,244,19,228,6 wingmate=1274,453,9668,244,19,228,6 attacker0=-3340,-3035,-300,0,56,0,12 attacker1=- attacker2=-4925,725,661,0,113,13,60 attacker3=-2592,-4427,2500,0,56,0,10 projectiles=-
retail_frame=364 camera=3982,3119,1337,0,64,0 player=3961,3137,1351,244,17,227,6 wingmate=1657,449,9799,244,11,6,6 attacker0=-3380,-3034,-296,0,56,0,12 attacker1=- attacker2=-5053,544,476,0,116,13,60 attacker3=-2624,-4437,2500,0,56,0,10 projectiles=-
retail_frame=368 camera=3980,3114,1340,0,96,0 player=3960,3133,1354,244,15,225,6 wingmate=2168,445,9930,244,9,6,6 attacker0=-3420,-3034,-292,0,56,0,12 attacker1=- attacker2=-5165,381,287,0,119,13,60 attacker3=-2656,-4446,2500,0,56,0,10 projectiles=-
retail_frame=372 camera=3978,3109,1343,0,128,0 player=3960,3129,1357,244,13,224,6 wingmate=2552,441,10061,244,7,6,6 attacker0=-3460,-3035,-288,0,56,0,12 attacker1=- attacker2=-5261,233,94,0,122,13,60 attacker3=-2656,-4446,2500,0,56,0,10 projectiles=-
retail_frame=376 camera=3977,3103,1345,0,160,0 player=3960,3125,1360,244,11,222,6 wingmate=2936,437,10064,244,5,6,6 attacker0=-3500,-3038,-284,0,56,0,12 attacker1=- attacker2=-5261,233,94,0,122,13,60 attacker3=-2688,-4455,2500,0,56,0,10 projectiles=-
retail_frame=380 camera=3975,3098,1347,0,192,0 player=3960,3121,1363,244,9,222,6 wingmate=3448,433,10067,244,3,6,6 attacker0=-3540,-3042,-280,0,56,0,12 attacker1=- attacker2=-5341,98,-103,0,125,13,60 attacker3=-2720,-4463,2500,0,56,0,10 projectiles=-
retail_frame=384 camera=3973,3094,1350,128,224,0 player=3960,3117,1366,244,7,222,6 wingmate=3832,429,10070,244,1,6,6 attacker0=-3580,-3048,-276,0,56,0,12 attacker1=- attacker2=-5409,-25,-300,0,128,13,60 attacker3=-2752,-4470,2500,0,56,0,10 projectiles=-
retail_frame=388 camera=3972,3090,1353,128,0,0 player=3960,3113,1369,244,5,222,6 wingmate=4088,425,10073,244,255,6,6 attacker0=-3620,-3048,-272,0,56,0,12 attacker1=- attacker2=-5465,-137,-497,0,131,13,60 attacker3=-2784,-4477,2500,0,56,0,10 projectiles=-
retail_frame=392 camera=3971,3086,1356,0,32,0 player=3971,3109,1356,243,2,223,6 wingmate=3961,3086,1368,12,220,6,6 attacker0=-3620,-3055,-272,0,56,0,12 attacker1=- attacker2=-5505,-241,-690,0,134,13,60 attacker3=-2816,-4483,2500,0,56,0,10 projectiles=-
retail_frame=396 camera=3971,3086,1356,0,32,0 player=3960,3109,1372,243,2,223,6 wingmate=4728,293,10076,243,2,223,6 attacker0=-3660,-3063,-268,0,56,0,12 attacker1=- attacker2=-5529,-336,-879,0,137,13,60 attacker3=-2848,-4488,2500,0,56,0,10 projectiles=-
retail_frame=400 camera=3969,3083,1359,0,64,0 player=3960,3105,1375,241,0,223,6 wingmate=5112,-223,9951,241,0,223,6 attacker0=-3700,-3073,-264,0,56,0,12 attacker1=- attacker2=-5537,-423,-1064,0,140,13,60 attacker3=-2880,-4492,2500,0,56,0,10 projectiles=-
retail_frame=404 camera=3968,3079,1361,0,96,0 player=3960,3101,1378,238,254,224,6 wingmate=5496,-867,9442,238,248,6,6 attacker0=-3740,-3084,-260,0,56,0,12 attacker1=- attacker2=-5525,-503,-1245,0,143,13,60 attacker3=-2912,-4496,2500,0,56,0,10 projectiles=-
retail_frame=408 camera=3967,3076,1363,0,128,0 player=3960,3097,1380,236,252,224,6 wingmate=5880,-1255,9316,236,246,6,6 attacker0=-3780,-3096,-256,0,56,0,12 attacker1=- attacker2=-5497,-576,-1418,0,146,13,60 attacker3=-2944,-4499,2500,0,56,0,10 projectiles=-
retail_frame=412 camera=3965,3073,1364,0,160,0 player=3960,3093,1382,233,250,225,6 wingmate=6136,-1899,8806,233,244,6,6 attacker0=-3820,-3109,-252,0,56,0,12 attacker1=- attacker2=-5453,-643,-1583,0,149,13,60 attacker3=-2976,-4501,2500,0,56,0,10 projectiles=-
retail_frame=416 camera=3964,3069,1366,0,192,0 player=3960,3089,1384,231,248,226,6 wingmate=6392,-2287,8424,231,242,6,6 attacker0=-3860,-3123,-248,0,56,0,12 attacker1=- attacker2=-5397,-704,-1740,0,152,13,60 attacker3=-3008,-4501,2500,0,56,0,10 projectiles=-
retail_frame=420 camera=3963,3067,1367,0,224,0 player=3960,3085,1386,228,246,227,6 wingmate=6648,-2803,8042,228,240,6,6 attacker0=-3900,-3137,-244,0,56,0,12 attacker1=- attacker2=-5188,-1050,-1858,0,155,13,60 attacker3=-3008,-4502,2500,0,56,0,10 projectiles=-
retail_frame=424 camera=3962,3064,1370,0,0,0 player=3960,3081,1388,228,244,228,6 wingmate=7032,-2807,7788,228,238,6,6 attacker0=-3940,-3152,-240,0,56,0,12 attacker1=- attacker2=-4967,-1355,-1968,0,158,13,60 attacker3=-3040,-4503,2500,0,56,0,10 projectiles=-
retail_frame=428 camera=3962,3060,1373,0,32,0 player=3961,3077,1390,228,241,228,6 wingmate=7417,-2811,7534,228,235,6,6 attacker0=-3980,-3167,-236,0,56,0,12 attacker1=- attacker2=-4803,-1355,-2124,0,161,13,60 attacker3=-3072,-4503,2500,0,56,0,10 projectiles=-
retail_frame=432 camera=3962,3057,1376,0,64,0 player=3962,3073,1392,228,239,229,6 wingmate=7674,-2815,7408,228,233,6,6 attacker0=-4020,-3182,-232,0,56,0,12 attacker1=- attacker2=-4558,-1686,-2206,0,164,13,60 attacker3=-3104,-4503,2500,0,56,0,10 projectiles=-
retail_frame=436 camera=3961,3053,1379,0,96,0 player=3963,3069,1394,228,237,229,6 wingmate=8059,-2819,7154,228,231,6,6 attacker0=-4060,-3197,-228,0,56,0,12 attacker1=- attacker2=-4301,-1920,-2276,0,167,13,60 attacker3=-3136,-4502,2500,0,56,0,10 projectiles=-
retail_frame=440 camera=3962,3049,1382,0,128,0 player=3964,3065,1396,228,235,230,6 wingmate=8316,-2823,7028,228,229,6,6 attacker0=-4100,-3212,-224,0,56,0,12 attacker1=- attacker2=-3967,-2240,-2268,0,170,13,60 attacker3=-3168,-4501,2500,0,56,0,10 projectiles=-
retail_frame=444 camera=3962,3046,1386,0,160,0 player=3965,3061,1398,228,233,230,6 wingmate=8573,-2827,6774,228,227,6,6 attacker0=-4140,-3227,-220,0,56,0,12 attacker1=- attacker2=-3694,-2394,-2306,0,173,13,60 attacker3=-3200,-4499,2500,0,56,0,10 projectiles=-
retail_frame=448 camera=3964,3043,1390,128,192,0 player=3967,3058,1401,228,231,230,6 wingmate=8831,-2830,6521,228,225,6,6 attacker0=-4180,-3242,-216,0,56,0,12 attacker1=- attacker2=-3413,-2527,-2328,0,176,13,60 attacker3=-3232,-4496,2500,0,56,0,10 projectiles=-
retail_frame=452 camera=3965,3041,1394,128,224,0 player=3969,3056,1404,229,229,230,6 wingmate=9217,-2704,6396,229,223,6,6 attacker0=-4220,-3256,-212,0,56,0,12 attacker1=- attacker2=-3124,-2642,-2334,0,179,13,60 attacker3=-3264,-4492,2500,0,56,0,10 projectiles=-
retail_frame=456 camera=3967,3038,1399,128,0,0 player=3971,3054,1407,231,227,229,6 wingmate=9731,-2322,6271,231,221,6,6 attacker0=-4260,-3270,-208,0,56,0,12 attacker1=- attacker2=-2831,-2739,-2324,0,182,13,60 attacker3=-3328,-4488,2500,0,56,0,10 projectiles=-
retail_frame=460 camera=3970,3036,1402,128,32,0 player=3974,3052,1410,231,224,229,6 wingmate=9990,-2324,5890,231,218,229,6 attacker0=-4300,-3283,-204,0,56,0,12 attacker1=- attacker2=-2534,-2821,-2294,0,185,13,60 attacker3=-3360,-4483,2500,0,56,0,10 projectiles=-
retail_frame=464 camera=3972,3033,1404,128,64,0 player=3977,3050,1412,231,222,228,6 wingmate=10249,-2326,5508,231,216,228,6 attacker0=-4340,-3295,-200,0,56,0,12 attacker1=- attacker2=-2237,-2889,-2264,0,185,12,60 attacker3=-3392,-4477,2500,0,56,0,10 projectiles=-
retail_frame=468 camera=3975,3031,1407,128,96,0 player=3980,3048,1414,231,220,228,6 wingmate=10380,-2328,5254,231,214,228,6 attacker0=-4380,-3306,-196,0,56,0,12 attacker1=- attacker2=-1940,-2945,-2234,0,185,11,60 attacker3=-3424,-4463,2500,0,56,0,10 projectiles=-
retail_frame=472 camera=3978,3029,1409,128,128,0 player=3983,3046,1416,231,218,227,6 wingmate=10639,-2330,4872,231,212,227,6 attacker0=-4420,-3316,-192,0,56,0,12 attacker1=- attacker2=-1643,-2989,-2204,0,185,10,60 attacker3=-3456,-4455,2500,0,56,0,10 projectiles=-
retail_frame=476 camera=3980,3025,1411,0,160,0 player=3986,3043,1418,231,216,226,6 wingmate=10770,-2333,4618,231,210,226,6 attacker0=-4460,-3324,-188,0,56,0,12 attacker1=- attacker2=-1346,-3023,-2174,0,185,9,60 attacker3=-3488,-4446,2500,0,56,0,10 projectiles=-
retail_frame=480 camera=3984,3023,1413,0,192,0 player=3990,3040,1420,229,214,225,6 wingmate=10774,-2720,4108,229,208,225,6 attacker0=-4500,-3331,-184,0,56,0,12 attacker1=- attacker2=-1223,-2838,-2275,0,185,8,60 attacker3=-3520,-4437,2500,0,56,0,10 projectiles=-
retail_frame=484 camera=3986,3019,1414,128,224,0 player=3993,3037,1421,228,212,224,6 wingmate=10649,-2851,3725,228,206,224,6 attacker0=-4540,-3337,-180,0,56,0,12 attacker1=- attacker2=-1100,-2671,-2376,0,185,7,60 attacker3=-3552,-4427,2500,0,56,0,10 projectiles=-
retail_frame=488 camera=3988,3015,1416,128,0,0 player=3996,3034,1422,227,210,224,6 wingmate=10652,-3110,3342,227,204,224,6 attacker0=-4580,-3341,-176,0,56,0,12 attacker1=- attacker2=-977,-2520,-2477,0,185,6,60 attacker3=-3584,-4417,2500,0,56,0,10 projectiles=-
retail_frame=492 camera=3991,3012,1417,128,32,0 player=3999,3031,1423,227,207,223,6 wingmate=10783,-3113,2831,227,201,223,6 attacker0=-4620,-3344,-172,0,56,0,12 attacker1=- attacker2=-854,-2382,-2578,0,185,5,60 attacker3=-3616,-4406,2500,0,56,0,10 projectiles=-
retail_frame=496 camera=3994,3008,1418,128,64,0 player=4002,3028,1423,227,205,223,6 wingmate=10914,-3116,2575,227,199,223,6 attacker0=-4660,-3345,-168,0,56,0,12 attacker1=- attacker2=-731,-2256,-2679,0,185,4,60 attacker3=-3648,-4394,2500,0,56,0,10 projectiles=-
retail_frame=500 camera=3997,3005,1418,128,96,0 player=4005,3025,1423,227,203,222,6 wingmate=11045,-3119,2191,227,197,222,6 attacker0=-4700,-3345,-164,0,56,0,12 attacker1=- attacker2=-608,-2141,-2780,0,185,3,60 attacker3=-3680,-4382,2500,0,56,0,10 projectiles=-
retail_frame=504 camera=3999,3002,1418,128,128,0 player=4008,3022,1423,227,201,222,6 wingmate=11048,-3122,1807,227,195,222,6 attacker0=-4740,-3344,-160,0,56,0,12 attacker1=- attacker2=-485,-2035,-2881,0,185,2,60 attacker3=-3712,-4370,2500,0,56,0,10 projectiles=-
retail_frame=508 camera=4002,2998,1419,128,160,0 player=4011,3019,1423,227,199,222,6 wingmate=11051,-3125,1551,227,193,222,6 attacker0=-4780,-3341,-156,0,56,0,12 attacker1=- attacker2=-362,-1937,-2982,0,185,1,60 attacker3=-3744,-4357,2500,0,56,0,10 projectiles=-
retail_frame=512 camera=4005,2995,1419,128,192,0 player=4014,3016,1423,227,197,222,6 wingmate=11054,-3128,1295,227,191,222,6 attacker0=-4820,-3337,-152,0,56,0,12 attacker1=- attacker2=-239,-1846,-3083,0,185,0,60 attacker3=-3776,-4344,2500,0,56,0,10 projectiles=-
retail_frame=516 camera=4008,2992,1420,128,224,0 player=4017,3013,1423,227,195,223,6 wingmate=11057,-3131,1039,227,189,223,6 attacker0=-4860,-3331,-148,0,56,0,12 attacker1=- attacker2=-116,-1762,-3184,0,185,0,60 attacker3=-3808,-4330,2500,0,56,0,10 projectiles=-
retail_frame=520 camera=4011,2989,1420,128,0,0 player=4020,3010,1423,227,193,223,6 wingmate=11060,-3134,655,227,193,223,6 attacker0=-4900,-3324,-144,0,56,0,12 attacker1=- attacker2=7,-1683,-3285,0,185,0,60 attacker3=-3840,-4316,2500,0,56,0,10 projectiles=-
retail_frame=524 camera=4013,2986,1421,128,32,0 player=4023,3007,1423,227,190,224,6 wingmate=10935,-3137,143,227,190,224,6 attacker0=-4940,-3316,-140,0,56,0,12 attacker1=- attacker2=130,-1610,-3386,0,185,0,60 attacker3=-3872,-4302,2500,0,56,0,10 projectiles=-
retail_frame=528 camera=4016,2984,1421,128,64,0 player=4026,3004,1423,227,188,224,6 wingmate=10810,-3140,-241,227,188,224,6 attacker0=-4980,-3306,-136,0,56,0,12 attacker1=- attacker2=253,-1542,-3487,0,185,0,60 attacker3=-3904,-4287,2500,0,56,0,10 projectiles=-
retail_frame=532 camera=4019,2981,1422,128,96,0 player=4029,3001,1423,227,186,225,6 wingmate=10685,-3143,-497,227,186,225,6 attacker0=-5020,-3295,-132,0,56,0,12 attacker1=- attacker2=376,-1478,-3588,0,185,0,60 attacker3=-3936,-4272,2500,0,56,0,10 projectiles=-
retail_frame=536 camera=4022,2978,1422,128,128,0 player=4032,2998,1423,227,184,226,6 wingmate=10688,-3146,-881,227,184,226,6 attacker0=-5060,-3283,-128,0,56,0,12 attacker1=- attacker2=499,-1420,-3689,0,185,0,60 attacker3=-3968,-4257,2500,0,56,0,10 projectiles=-
retail_frame=540 camera=4025,2976,1423,128,160,0 player=4035,2995,1423,227,182,227,6 wingmate=10563,-3149,-1265,227,182,227,6 attacker0=-5100,-3270,-124,0,56,0,12 attacker1=- attacker2=726,-1037,-3678,0,185,0,60 attacker3=-4000,-4242,2500,0,56,0,10 projectiles=-
retail_frame=544 camera=4029,2974,1423,0,192,0 player=4039,2993,1423,227,180,228,6 wingmate=10311,-3151,-1521,227,180,228,6 attacker0=-5140,-3256,-120,0,56,0,12 attacker1=- attacker2=953,-700,-3667,0,185,0,60 attacker3=-4032,-4227,2500,0,56,0,10 projectiles=-
retail_frame=548 camera=4033,2974,1423,0,224,0 player=4043,2992,1423,227,178,228,6 wingmate=10315,-3152,-1777,227,172,228,6 attacker0=-5180,-3242,-116,0,56,0,12 attacker1=- attacker2=1180,-404,-3656,0,185,0,60 attacker3=-4064,-4212,2500,0,56,0,10 projectiles=-
retail_frame=552 camera=4037,2975,1423,128,0,0 player=4047,2992,1422,228,176,229,6 wingmate=10191,-2896,-2162,228,170,229,6 attacker0=-5220,-3227,-112,0,56,0,12 attacker1=- attacker2=1407,-143,-3645,0,185,0,60 attacker3=-4096,-4197,2500,0,56,0,10 projectiles=-
retail_frame=556 camera=4042,2974,1422,128,32,0 player=4051,2992,1421,231,173,229,6 wingmate=10195,-2384,-2931,231,167,229,6 attacker0=-5260,-3212,-108,0,56,0,12 attacker1=- attacker2=1634,86,-3634,0,185,0,60 attacker3=-4128,-4182,2500,0,56,0,10 projectiles=-
retail_frame=560 camera=4047,2975,1421,128,64,0 player=4055,2992,1420,233,171,230,6 wingmate=10199,-2000,-3316,233,165,230,6 attacker0=-5300,-3197,-104,0,56,0,12 attacker1=- attacker2=1861,287,-3623,0,185,0,60 attacker3=-4128,-4182,2500,0,56,0,10 projectiles=-
retail_frame=564 camera=4052,2976,1420,128,96,0 player=4059,2993,1418,236,169,230,6 wingmate=10203,-1359,-3830,236,163,230,6 attacker0=-5340,-3182,-100,0,56,0,12 attacker1=- attacker2=2089,287,-3655,0,185,0,60 attacker3=-4160,-4167,2500,0,56,0,10 projectiles=-
retail_frame=568 camera=4056,2976,1418,128,128,0 player=4062,2994,1416,238,167,230,6 wingmate=9950,-974,-4216,238,161,230,6 attacker0=-5380,-3167,-96,0,56,0,12 attacker1=- attacker2=2088,463,-3612,0,185,0,60 attacker3=-4192,-4152,2500,0,56,0,10 projectiles=-
retail_frame=572 camera=4059,2978,1416,128,160,0 player=4065,2995,1414,238,165,230,6 wingmate=9697,-973,-4474,238,159,230,6 attacker0=-5380,-3167,-96,0,56,0,12 attacker1=- attacker2=2315,616,-3601,0,185,0,60 attacker3=-4224,-4137,2500,0,56,0,10 projectiles=-
retail_frame=576 camera=4059,2978,1416,128,160,0 player=4065,2995,1414,238,165,230,6 wingmate=9697,-973,-4474,238,165,230,6 attacker0=-5420,-3152,-92,0,56,0,12 attacker1=- attacker2=2542,748,-3590,0,185,0,60 attacker3=-4256,-4122,2500,0,56,0,10 projectiles=-
retail_frame=580 camera=4062,2979,1414,128,192,0 player=4068,2996,1412,238,163,229,6 wingmate=9444,-972,-4860,238,157,229,6 attacker0=-5460,-3137,-88,0,56,0,12 attacker1=- attacker2=2769,862,-3579,0,185,0,60 attacker3=-4288,-4107,2500,0,56,0,10 projectiles=-
retail_frame=584 camera=4065,2980,1411,128,224,0 player=4071,2997,1409,238,161,229,6 wingmate=9191,-971,-5119,238,155,229,6 attacker0=-5500,-3123,-84,0,56,0,12 attacker1=- attacker2=2996,960,-3568,0,185,0,60 attacker3=-4320,-4092,2500,0,56,0,10 projectiles=-
retail_frame=588 camera=4076,2983,1402,128,0,0 player=4081,3000,1399,238,159,228,8 wingmate=8817,-968,-5385,238,153,228,8 attacker0=-5540,-3109,-80,0,56,0,12 attacker1=- attacker2=3223,1042,-3557,0,185,0,60 attacker3=-4352,-4078,2500,0,56,0,10 projectiles=-
retail_frame=592 camera=4091,2989,1383,128,32,0 player=4096,3006,1380,238,156,228,9 wingmate=8320,-962,-5660,238,150,228,9 attacker0=-5580,-3096,-76,0,56,0,12 attacker1=- attacker2=3223,1042,-3557,0,185,0,60 attacker3=-4352,-4078,2500,0,56,0,10 projectiles=-
retail_frame=596 camera=4110,2996,1356,128,64,0 player=4115,3014,1353,238,154,227,10 wingmate=7955,-954,-5943,238,148,227,10 attacker0=-5580,-3096,-76,0,56,0,12 attacker1=- attacker2=3450,1111,-3546,0,185,0,60 attacker3=-4384,-4064,2500,0,56,0,10 projectiles=-
retail_frame=600 camera=4110,2996,1356,128,64,0 player=4115,3014,1353,238,154,227,10 wingmate=7955,-954,-5943,238,154,227,10 attacker0=-5620,-3084,-72,0,56,0,12 attacker1=- attacker2=3677,1167,-3535,0,185,0,60 attacker3=-4416,-4050,2500,0,56,0,10 projectiles=-
retail_frame=604 camera=4133,3006,1323,128,96,0 player=4138,3024,1319,238,152,226,11 wingmate=7594,-944,-6105,238,152,226,11 attacker0=-5660,-3073,-68,0,56,0,12 attacker1=- attacker2=3904,1213,-3524,0,185,0,60 attacker3=-4448,-4037,2500,0,56,0,10 projectiles=-
retail_frame=608 camera=4157,3017,1282,128,128,0 player=4162,3035,1278,238,150,225,12 wingmate=7234,-933,-6402,238,144,225,12 attacker0=-5700,-3063,-64,0,56,0,12 attacker1=- attacker2=4110,1251,-3457,0,185,0,60 attacker3=-4480,-4024,2500,0,56,0,10 projectiles=-
retail_frame=612 camera=4182,3030,1233,128,160,0 player=4186,3049,1229,238,148,224,13 wingmate=6874,-919,-6579,238,142,224,13 attacker0=-5740,-3055,-60,0,56,0,12 attacker1=- attacker2=4328,1549,-3616,0,185,0,60 attacker3=-4512,-4012,2500,0,56,0,10 projectiles=-
retail_frame=616 camera=4206,3045,1178,128,192,0 player=4210,3064,1174,238,146,224,14 wingmate=6514,-904,-6762,238,140,224,14 attacker0=-5780,-3048,-56,0,56,0,12 attacker1=- attacker2=4556,1549,-3648,0,185,0,60 attacker3=-4512,-4012,2500,0,56,0,10 projectiles=-
retail_frame=620 camera=4229,3065,1120,0,224,0 player=4233,3085,1115,238,144,223,15 wingmate=6153,-883,-6949,238,138,223,15 attacker0=-5780,-3048,-56,0,56,0,12 attacker1=- attacker2=4546,1806,-3775,0,185,0,60 attacker3=-4544,-4000,2500,0,56,0,10 projectiles=-
retail_frame=624 camera=4229,3065,1120,0,224,0 player=4233,3085,1115,238,144,223,15 wingmate=6153,-883,-6949,238,144,223,15 attacker0=-5820,-3042,-52,0,56,0,12 attacker1=- attacker2=4764,2025,-3934,0,185,0,60 attacker3=-4576,-3988,2500,0,56,0,10 projectiles=-
retail_frame=628 camera=4250,3093,1059,0,0,0 player=4254,3114,1054,238,142,223,16 wingmate=5790,-854,-7010,238,142,223,16 attacker0=-5860,-3038,-48,0,56,0,12 attacker1=- attacker2=4982,2212,-4093,0,185,0,60 attacker3=-4608,-3977,2500,0,56,0,10 projectiles=-
retail_frame=632 camera=4268,3129,993,128,32,0 player=4271,3150,988,239,139,222,17 wingmate=4739,2670,-1566,239,133,222,17 attacker0=-5900,-3035,-44,0,56,0,12 attacker1=- attacker2=5200,2370,-4252,0,185,0,60 attacker3=-4640,-3967,2500,0,56,0,10 projectiles=-
retail_frame=636 camera=4281,3170,925,128,64,0 player=4283,3192,921,242,137,222,18 wingmate=4795,120,-7655,242,131,222,18 attacker0=-5940,-3034,-40,0,56,0,12 attacker1=- attacker2=5418,2503,-4411,0,185,0,60 attacker3=-4672,-3957,2500,0,56,0,10 projectiles=-
retail_frame=640 camera=4292,3217,856,128,96,0 player=4294,3239,853,244,135,222,19 wingmate=4422,551,-7851,244,129,222,19 attacker0=-5980,-3034,-36,0,56,0,12 attacker1=- attacker2=5636,2614,-4570,0,185,0,60 attacker3=-4704,-3957,2500,0,56,0,10 projectiles=-
retail_frame=644 camera=4300,3268,786,128,128,0 player=4301,3291,784,247,133,222,20 wingmate=4173,1371,-8176,247,127,222,20 attacker0=-6020,-3034,-32,0,56,0,12 attacker1=- attacker2=5636,2614,-4570,0,185,0,60 attacker3=-4704,-3948,2500,0,56,0,10 projectiles=-
retail_frame=648 camera=4300,3268,786,128,128,0 player=4301,3291,784,247,133,222,20 wingmate=4173,1371,-8176,247,133,222,20 attacker0=-6020,-3035,-32,0,56,0,12 attacker1=- attacker2=5854,2706,-4729,0,185,0,60 attacker3=-4736,-3939,2500,0,56,0,10 projectiles=-
retail_frame=652 camera=4303,3325,716,128,160,0 player=4304,3349,715,249,131,223,21 wingmate=3664,1813,-8373,249,131,223,21 attacker0=-6060,-3038,-28,0,56,0,12 attacker1=- attacker2=6072,2781,-4888,0,185,0,60 attacker3=-4768,-3931,2500,0,56,0,10 projectiles=-
retail_frame=656 camera=4304,3387,646,128,192,0 player=4304,3411,646,252,129,223,22 wingmate=3280,2515,-8442,252,129,223,22 attacker0=-6100,-3042,-24,0,56,0,12 attacker1=- attacker2=6290,2842,-5047,0,185,0,60 attacker3=-4800,-3924,2500,0,56,0,10 projectiles=-
retail_frame=660 camera=4304,3449,575,128,224,0 player=4304,3473,575,254,127,224,23 wingmate=2896,3089,-8513,254,121,224,23 attacker0=-6140,-3048,-20,0,56,0,12 attacker1=- attacker2=6508,2891,-5206,0,185,0,60 attacker3=-4832,-3917,2500,0,56,0,10 projectiles=-
retail_frame=664 camera=4301,3512,503,128,0,0 player=4301,3536,503,254,125,224,23 wingmate=2381,3152,-8457,254,119,224,23 attacker0=-6180,-3055,-16,0,56,0,12 attacker1=- attacker2=6726,2928,-5365,0,185,0,60 attacker3=-4864,-3911,2500,0,56,0,10 projectiles=-
retail_frame=668 camera=4292,3512,427,128,32,0 player=4292,3536,427,254,122,225,23 wingmate=1732,3152,-8405,254,116,225,23 attacker0=-6220,-3063,-12,0,56,0,12 attacker1=- attacker2=6954,2928,-5397,0,185,0,60 attacker3=-4864,-3911,2500,0,56,0,10 projectiles=-
retail_frame=672 camera=4278,3513,350,128,64,0 player=4278,3536,350,254,120,226,23 wingmate=1334,3152,-8226,254,114,226,23 attacker0=-6220,-3063,-12,0,56,0,12 attacker1=- attacker2=6944,2956,-5524,0,185,0,60 attacker3=-4896,-3906,2500,0,56,0,10 projectiles=-
retail_frame=676 camera=4278,3513,350,128,64,0 player=4278,3536,350,254,120,226,23 wingmate=1334,3152,-8226,254,120,226,23 attacker0=-6260,-3073,-8,0,56,0,12 attacker1=- attacker2=7162,2977,-5683,0,185,0,60 attacker3=-4928,-3902,2500,0,56,0,10 projectiles=-
retail_frame=680 camera=4260,3513,270,128,96,0 player=4260,3536,270,254,116,228,23 wingmate=804,3152,-8178,22,116,228,81 attacker0=-6300,-3084,-4,0,56,0,12 attacker1=- attacker2=7380,2991,-5842,0,185,0,60 attacker3=-4960,-3898,2500,0,56,0,10 projectiles=-
retail_frame=684 camera=4237,3513,189,128,128,0 player=4237,3536,189,254,116,228,23 wingmate=397,3152,-8131,254,116,228,23 attacker0=-6340,-3096,0,0,56,0,12 attacker1=- attacker2=7598,3001,-6001,0,185,0,60 attacker3=-4992,-3895,2500,0,56,0,10 projectiles=-
retail_frame=688 camera=4209,3514,106,128,160,0 player=4209,3536,106,254,114,228,23 wingmate=-15,3152,-7958,254,108,228,23 attacker0=-6380,-3109,4,0,56,0,12 attacker1=- attacker2=7816,3006,-6160,0,185,0,60 attacker3=-5024,-3893,2500,0,56,0,10 projectiles=-
retail_frame=692 camera=4175,3514,23,128,192,0 player=4175,3536,23,254,112,229,23 wingmate=-561,3152,-7785,254,106,229,23 attacker0=-6420,-3123,8,0,56,0,12 attacker1=- attacker2=8034,3009,-6319,0,185,0,60 attacker3=-5056,-3892,2500,0,56,0,10 projectiles=-
retail_frame=696 camera=4136,3515,-59,128,224,0 player=4136,3536,-59,254,110,229,23 wingmate=-856,3152,-7611,254,104,229,23 attacker0=-6460,-3137,12,0,56,0,12 attacker1=- attacker2=8262,3009,-6351,0,185,0,60 attacker3=-5056,-3892,2500,0,56,0,10 projectiles=-
retail_frame=700 camera=4092,3516,-144,128,0,0 player=4092,3536,-144,254,108,230,23 wingmate=-1284,3152,-7568,254,102,230,23 attacker0=-6500,-3137,16,0,56,0,12 attacker1=- attacker2=8252,3010,-6478,0,185,0,60 attacker3=-5088,-3891,2500,0,56,0,10 projectiles=-
retail_frame=704 camera=4041,3516,-225,128,32,0 player=4041,3536,-225,254,105,230,23 wingmate=-1847,3152,-7137,254,99,230,23 attacker0=-6500,-3152,16,0,56,0,12 attacker1=- attacker2=8470,3009,-6637,0,185,0,60 attacker3=-5120,-3891,2500,0,56,0,10 projectiles=-
retail_frame=708 camera=4041,3516,-225,128,32,0 player=4041,3536,-225,254,105,230,23 wingmate=-1847,3152,-7137,254,105,230,23 attacker0=-6540,-3167,20,0,56,0,12 attacker1=- attacker2=8688,3007,-6796,0,185,0,60 attacker3=-5152,-3891,2500,0,56,0,10 projectiles=-
retail_frame=712 camera=3989,3517,-308,128,32,0 player=3989,3536,-308,254,105,233,23 wingmate=-875,3152,-8116,254,105,233,23 attacker0=-6580,-3182,24,0,56,0,12 attacker1=- attacker2=8906,3005,-6955,0,185,0,60 attacker3=-5184,-3892,2500,0,56,0,10 projectiles=-
retail_frame=716 camera=3936,3517,-392,128,32,0 player=3936,3536,-392,254,105,236,23 wingmate=-928,3152,-8200,254,105,236,23 attacker0=-6620,-3197,28,0,56,0,12 attacker1=- attacker2=9124,3004,-7114,0,185,0,60 attacker3=-5216,-3893,2500,0,56,0,10 projectiles=-
retail_frame=720 camera=3878,3517,-474,128,64,0 player=3878,3536,-474,254,103,234,23 wingmate=-2394,3152,-7002,254,97,234,23 attacker0=-6660,-3212,32,0,56,0,12 attacker1=- attacker2=9352,2942,-7146,0,185,0,60 attacker3=-5216,-3893,2500,0,56,0,10 projectiles=-
retail_frame=724 camera=3818,3518,-559,128,64,0 player=3818,3536,-559,254,103,237,23 wingmate=-1430,3152,-7983,254,103,237,23 attacker0=-6660,-3212,32,0,56,0,12 attacker1=- attacker2=9342,3004,-7273,0,185,0,60 attacker3=-5248,-3895,2500,0,56,0,10 projectiles=-
retail_frame=728 camera=3818,3518,-559,128,64,0 player=3818,3536,-559,254,103,237,23 wingmate=-1430,3152,-7983,254,103,237,23 attacker0=-6700,-3227,36,0,56,0,12 attacker1=- attacker2=9560,3005,-7432,0,185,0,60 attacker3=-5280,-3898,2500,0,56,0,10 projectiles=-
retail_frame=732 camera=3758,3518,-644,128,64,0 player=3758,3536,-644,254,103,238,23 wingmate=-1490,3152,-8068,254,103,238,23 attacker0=-6740,-3242,40,0,56,0,12 attacker1=- attacker2=9778,3008,-7591,0,185,0,60 attacker3=-5312,-3902,2500,0,56,0,10 projectiles=-
retail_frame=736 camera=3698,3518,-729,128,64,0 player=3698,3536,-729,254,103,240,23 wingmate=-1550,3152,-8153,254,103,240,23 attacker0=-6780,-3256,44,0,56,0,12 attacker1=- attacker2=9996,3012,-7750,0,185,0,60 attacker3=-5344,-3906,2500,0,56,0,10 projectiles=-
retail_frame=740 camera=3634,3518,-812,128,96,0 player=3634,3536,-812,254,101,238,23 wingmate=-2894,3152,-7084,254,95,238,23 attacker0=-6820,-3270,48,0,56,0,12 attacker1=- attacker2=10214,3019,-7909,0,185,0,60 attacker3=-5376,-3911,2500,0,56,0,10 projectiles=-
retail_frame=744 camera=3567,3518,-892,128,128,0 player=3567,3536,-892,254,99,236,23 wingmate=-3345,3152,-6780,254,93,236,23 attacker0=-6860,-3283,52,0,56,0,12 attacker1=- attacker2=10432,3028,-8068,0,185,1,60 attacker3=-5408,-3917,2500,0,56,0,10 projectiles=-
retail_frame=748 camera=3500,3517,-972,128,128,0 player=3500,3536,-972,254,99,237,23 wingmate=-2388,3152,-7884,254,99,237,23 attacker0=-6900,-3295,56,0,56,0,12 attacker1=- attacker2=10432,3028,-8068,0,185,2,60 attacker3=-5408,-3917,2500,0,56,0,10 projectiles=-
retail_frame=752 camera=3432,3517,-1052,128,128,0 player=3432,3536,-1052,254,99,238,23 wingmate=-2456,3152,-7964,254,99,238,23 attacker0=-6900,-3295,56,0,56,0,12 attacker1=- attacker2=10650,3040,-8227,0,185,2,60 attacker3=-5440,-3924,2500,0,56,0,10 projectiles=-
retail_frame=756 camera=3432,3517,-1052,128,128,0 player=3432,3536,-1052,254,99,240,23 wingmate=-2456,3152,-7964,8,99,240,90 attacker0=-6940,-3306,60,0,56,0,12 attacker1=- attacker2=10868,3054,-8386,0,185,3,60 attacker3=-5472,-3931,2500,0,56,0,10 projectiles=-
retail_frame=760 camera=3364,3517,-1132,128,128,0 player=3364,3536,-1132,254,99,240,23 wingmate=-2524,3152,-8044,254,99,240,23 attacker0=-6980,-3316,64,0,56,0,12 attacker1=- attacker2=11086,3071,-8541,0,186,4,60 attacker3=-5504,-3939,2500,0,56,0,10 projectiles=-
retail_frame=764 camera=3296,3516,-1213,128,128,0 player=3296,3536,-1213,254,99,240,23 wingmate=-2592,3152,-8125,254,99,240,23 attacker0=-7020,-3324,68,0,56,0,12 attacker1=- attacker2=11308,3091,-8692,0,187,5,60 attacker3=-5536,-3948,2500,0,56,0,10 projectiles=-
retail_frame=768 camera=3223,3516,-1289,128,160,0 player=3223,3536,-1289,254,97,238,23 wingmate=-4073,3152,-6921,254,91,238,23 attacker0=-7060,-3331,72,0,56,0,12 attacker1=- attacker2=11530,3113,-8835,0,188,6,60 attacker3=-5568,-3957,2500,0,56,0,10 projectiles=-
retail_frame=772 camera=3150,3515,-1365,128,160,0 player=3150,3536,-1365,254,97,238,23 wingmate=-3122,3152,-7893,254,97,238,23 attacker0=-7100,-3337,76,0,56,0,12 attacker1=- attacker2=11752,3138,-8974,0,189,7,60 attacker3=-5600,-3967,2500,0,56,0,10 projectiles=-
retail_frame=776 camera=3077,3514,-1441,128,160,0 player=3077,3536,-1441,254,97,239,23 wingmate=-3195,3152,-7969,254,97,239,23 attacker0=-7140,-3341,80,0,56,0,12 attacker1=- attacker2=11974,3165,-9101,0,191,8,60 attacker3=-5632,-3977,2500,0,56,0,10 projectiles=-
retail_frame=780 camera=3000,3514,-1515,128,192,0 player=3000,3536,-1515,254,95,237,23 wingmate=-4424,3152,-6763,254,89,237,23 attacker0=-7180,-3344,84,0,56,0,12 attacker1=- attacker2=12196,3194,-9228,0,193,9,60 attacker3=-5632,-3977,2500,0,56,0,10 projectiles=-
retail_frame=784 camera=2923,3513,-1589,128,192,0 player=2923,3536,-1589,254,95,238,23 wingmate=-3605,3152,-7861,254,95,238,23 attacker0=-7220,-3345,88,0,56,0,12 attacker1=- attacker2=12428,3194,-9216,0,195,10,60 attacker3=-5664,-3988,2500,0,56,0,10 projectiles=-
retail_frame=788 camera=2846,3513,-1663,128,192,0 player=2846,3536,-1663,254,95,240,23 wingmate=-3682,3152,-7935,254,95,240,23 attacker0=-7260,-3345,92,0,56,0,12 attacker1=- attacker2=12650,3224,-9319,0,197,11,60 attacker3=-5696,-4000,2500,0,56,0,10 projectiles=-
retail_frame=792 camera=2781,3512,-1732,0,160,0 player=2781,3535,-1732,254,97,245,22 wingmate=-2851,3151,-9028,254,101,245,22 attacker0=-7300,-3344,96,0,56,0,12 attacker1=- attacker2=12868,3256,-9406,0,200,12,60 attacker3=-5728,-4012,2500,0,56,0,10 projectiles=-
retail_frame=796 camera=2728,3499,-1798,0,128,0 player=2728,3523,-1798,253,100,250,22 wingmate=-2264,2883,-9350,253,104,250,22 attacker0=-7340,-3341,100,0,56,0,12 attacker1=- attacker2=12858,3289,-9533,0,200,12,60 attacker3=-5760,-4024,2500,0,56,0,10 projectiles=-
retail_frame=800 camera=2687,3481,-1862,128,96,0 player=2687,3505,-1862,252,104,254,21 wingmate=-1537,2609,-9926,252,108,254,21 attacker0=-7340,-3341,100,0,56,0,12 attacker1=- attacker2=13072,3323,-9604,0,203,13,60 attacker3=-5792,-4037,2500,0,56,0,10 projectiles=-
retail_frame=804 camera=2687,3481,-1862,128,96,0 player=2687,3505,-1862,252,104,254,21 wingmate=-1537,2609,-9926,252,104,254,21 attacker0=-7380,-3337,104,0,56,0,12 attacker1=- attacker2=13278,3358,-9659,0,206,14,60 attacker3=-5824,-4050,2500,0,56,0,10 projectiles=-
retail_frame=808 camera=2654,3457,-1920,128,64,0 player=2654,3481,-1921,251,107,2,21 wingmate=-1058,2457,-10369,251,107,2,21 attacker0=-7420,-3331,108,0,56,0,12 attacker1=- attacker2=13480,3393,-9698,0,209,15,60 attacker3=-5856,-4064,2500,0,56,0,10 projectiles=-
retail_frame=812 camera=2631,3431,-1974,128,32,0 player=2631,3455,-1976,248,111,6,20 wingmate=-57,1663,-10552,248,115,6,20 attacker0=-7460,-3324,112,0,56,0,12 attacker1=- attacker2=13753,2968,-9566,0,212,15,60 attacker3=-5888,-4078,2500,0,56,0,10 projectiles=-
retail_frame=816 camera=2618,3404,-2023,128,0,0 player=2617,3427,-2026,246,116,10,20 wingmate=953,1251,-10858,246,120,10,20 attacker0=-7500,-3316,116,0,56,0,12 attacker1=- attacker2=14018,2601,-9418,0,215,15,60 attacker3=-5920,-4092,2500,0,56,0,10 projectiles=-
retail_frame=820 camera=2611,3377,-2067,128,224,0 player=2610,3399,-2071,243,120,13,19 wingmate=1842,583,-10775,243,124,13,19 attacker0=-7540,-3306,120,0,56,0,12 attacker1=- attacker2=14271,2283,-9254,0,218,15,60 attacker3=-5952,-4107,2500,0,56,0,10 projectiles=-
retail_frame=824 camera=2610,3348,-2106,128,192,0 player=2609,3370,-2111,241,125,15,19 wingmate=2737,42,-10687,241,129,15,19 attacker0=-7580,-3295,124,0,56,0,12 attacker1=- attacker2=14516,2009,-9078,0,221,15,60 attacker3=-5984,-4122,2500,0,56,0,10 projectiles=-
retail_frame=828 camera=2610,3320,-2140,128,160,0 player=2609,3342,-2146,238,129,18,18 wingmate=3505,-626,-10338,238,133,18,18 attacker0=-7620,-3283,128,0,56,0,12 attacker1=- attacker2=14745,1772,-8890,0,224,15,60 attacker3=-6016,-4137,2500,0,56,0,10 projectiles=-
retail_frame=832 camera=2610,3294,-2170,128,128,0 player=2610,3314,-2177,236,132,19,18 wingmate=4146,-1038,-10113,236,136,19,18 attacker0=-7660,-3270,132,0,56,0,12 attacker1=- attacker2=14962,1568,-8686,0,227,15,60 attacker3=-6048,-4152,2500,0,56,0,10 projectiles=-
retail_frame=836 camera=2613,3268,-2197,128,96,0 player=2613,3288,-2204,233,134,21,17 wingmate=4405,-1704,-9756,233,138,21,17 attacker0=-7700,-3256,136,0,56,0,12 attacker1=- attacker2=15167,1392,-8474,0,230,15,60 attacker3=-6080,-4167,2500,0,56,0,10 projectiles=-
retail_frame=840 camera=2617,3245,-2221,128,64,0 player=2617,3264,-2229,231,136,22,17 wingmate=4665,-2112,-9397,231,140,22,17 attacker0=-7740,-3242,140,0,56,0,12 attacker1=- attacker2=15356,1239,-8250,0,233,15,60 attacker3=-6112,-4182,2500,0,56,0,10 projectiles=-
retail_frame=844 camera=2621,3224,-2245,128,32,0 player=2621,3242,-2253,231,138,23,16 wingmate=5053,-2134,-9293,231,142,23,16 attacker0=-7780,-3227,144,0,56,0,12 attacker1=- attacker2=15529,1107,-8018,0,236,15,60 attacker3=-6144,-4197,2500,0,56,0,10 projectiles=-
retail_frame=848 camera=2625,3203,-2267,128,0,0 player=2626,3221,-2275,231,141,24,16 wingmate=5570,-2155,-9187,231,145,24,16 attacker0=-7820,-3212,148,0,56,0,12 attacker1=- attacker2=15686,993,-7778,0,239,15,60 attacker3=-6176,-4212,2500,0,56,0,10 projectiles=-
retail_frame=852 camera=2631,3186,-2285,128,224,0 player=2632,3203,-2293,231,143,24,15 wingmate=5960,-2173,-8949,231,147,24,15 attacker0=-7860,-3197,152,0,56,0,12 attacker1=- attacker2=15827,893,-7534,0,242,15,60 attacker3=-6208,-4227,2500,0,56,0,10 projectiles=-
retail_frame=856 camera=2636,3168,-2302,128,192,0 player=2638,3185,-2310,231,145,25,15 wingmate=6350,-2191,-8838,231,149,25,15 attacker0=-7900,-3182,156,0,56,0,12 attacker1=- attacker2=15952,805,-7282,0,245,15,60 attacker3=-6240,-4242,2500,0,56,0,10 projectiles=-
retail_frame=860 camera=2643,3151,-2318,128,160,0 player=2645,3168,-2326,231,147,25,14 wingmate=6613,-2208,-8726,231,151,25,14 attacker0=-7940,-3167,160,0,56,0,12 attacker1=- attacker2=16061,727,-7026,0,248,15,60 attacker3=-6272,-4257,2500,0,56,0,10 projectiles=-
retail_frame=864 camera=2649,3136,-2333,128,128,0 player=2652,3152,-2341,231,149,26,14 wingmate=7004,-2224,-8485,231,153,26,14 attacker0=-7980,-3152,164,0,56,0,12 attacker1=- attacker2=16154,657,-6766,0,251,15,60 attacker3=-6304,-4272,2500,0,56,0,10 projectiles=-
retail_frame=868 camera=2656,3121,-2346,128,96,0 player=2659,3137,-2354,231,151,26,13 wingmate=7267,-2239,-8242,231,155,26,13 attacker0=-8020,-3137,168,0,56,0,12 attacker1=- attacker2=16227,594,-6506,0,254,15,60 attacker3=-6336,-4287,2500,0,56,0,10 projectiles=-
retail_frame=872 camera=2664,3107,-2358,128,64,0 player=2667,3123,-2366,231,153,26,13 wingmate=7531,-2253,-8126,231,157,26,13 attacker0=-8060,-3123,172,0,56,0,12 attacker1=- attacker2=16296,538,-6246,0,1,15,60 attacker3=-6368,-4302,2500,0,56,0,10 projectiles=-
retail_frame=876 camera=2671,3095,-2369,128,32,0 player=2675,3111,-2377,231,155,26,12 wingmate=7795,-2265,-7753,231,159,26,12 attacker0=-8100,-3109,176,0,56,0,12 attacker1=- attacker2=16349,485,-5986,0,4,15,60 attacker3=-6400,-4316,2500,0,56,0,10 projectiles=-
retail_frame=880 camera=2679,3083,-2378,128,0,0 player=2683,3099,-2385,231,158,26,12 wingmate=8315,-2277,-7377,231,162,26,12 attacker0=-8140,-3096,180,0,56,0,12 attacker1=- attacker2=16386,436,-5730,0,7,15,60 attacker3=-6432,-4330,2500,0,56,0,10 projectiles=-
retail_frame=884 camera=2685,3071,-2385,128,224,0 player=2690,3088,-2392,231,160,27,11 wingmate=8450,-2288,-7128,231,164,27,11 attacker0=-8180,-3084,184,0,56,0,12 attacker1=- attacker2=16403,389,-5478,0,10,15,60 attacker3=-6464,-4344,2500,0,56,0,10 projectiles=-
retail_frame=888 camera=2692,3061,-2392,128,192,0 player=2697,3078,-2399,231,162,27,11 wingmate=8713,-2298,-6879,231,162,27,11 attacker0=-8220,-3073,188,0,56,0,12 attacker1=- attacker2=16404,344,-5230,0,13,15,60 attacker3=-6496,-4357,2500,0,56,0,10 projectiles=-
retail_frame=892 camera=2699,3052,-2398,128,160,0 player=2704,3069,-2405,231,164,27,10 wingmate=8976,-2307,-6501,231,164,27,10 attacker0=-8260,-3063,192,0,56,0,12 attacker1=- attacker2=16389,300,-4990,0,16,15,60 attacker3=-6528,-4370,2500,0,56,0,10 projectiles=-
retail_frame=896 camera=2705,3043,-2403,128,128,0 player=2711,3061,-2409,231,166,26,10 wingmate=9111,-2315,-6249,231,166,26,10 attacker0=-8300,-3055,196,0,56,0,12 attacker1=- attacker2=16358,257,-4758,0,19,15,60 attacker3=-6560,-4382,2500,0,56,0,10 projectiles=-
retail_frame=900 camera=2711,3037,-2405,128,96,0 player=2717,3055,-2411,231,168,26,9 wingmate=9373,-2321,-5867,231,168,26,9 attacker0=-8340,-3048,200,0,56,0,12 attacker1=- attacker2=16311,215,-4534,0,22,15,60 attacker3=-6592,-4394,2500,0,56,0,10 projectiles=-
retail_frame=904 camera=2716,3030,-2407,128,64,0 player=2722,3049,-2413,231,170,26,9 wingmate=9506,-2327,-5613,231,170,26,9 attacker0=-8380,-3042,204,0,56,0,12 attacker1=- attacker2=16248,173,-4318,0,25,15,60 attacker3=-6624,-4406,2500,0,56,0,10 projectiles=-
retail_frame=908 camera=2720,3024,-2410,128,32,0 player=2727,3044,-2415,231,172,26,8 wingmate=9639,-2332,-5231,231,172,26,8 attacker0=-8420,-3038,208,0,56,0,12 attacker1=- attacker2=16173,131,-4114,0,28,15,60 attacker3=-6656,-4417,2500,0,56,0,10 projectiles=-
retail_frame=912 camera=2725,3019,-2412,128,0,0 player=2732,3039,-2417,231,175,27,8 wingmate=9900,-2337,-4721,231,175,27,8 attacker0=-8460,-3035,212,0,56,0,12 attacker1=- attacker2=16086,89,-3922,0,31,15,60 attacker3=-6688,-4427,2500,0,56,0,10 projectiles=-
retail_frame=916 camera=2729,3014,-2413,128,224,0 player=2736,3035,-2418,231,177,27,7 wingmate=10032,-2341,-4338,231,181,27,7 attacker0=-8500,-3034,216,0,56,0,12 attacker1=- attacker2=15999,47,-3730,0,31,14,60 attacker3=-6720,-4437,2500,0,56,0,10 projectiles=-
retail_frame=920 camera=2732,3010,-2415,128,192,0 player=2740,3031,-2419,231,179,28,7 wingmate=10036,-2345,-3955,231,183,28,7 attacker0=-8540,-3034,220,0,56,0,12 attacker1=- attacker2=15912,5,-3538,0,31,13,60 attacker3=-6752,-4446,2500,0,56,0,10 projectiles=-
retail_frame=924 camera=2735,3007,-2415,128,160,0 player=2743,3028,-2419,231,181,28,6 wingmate=10167,-2348,-3571,231,185,28,6 attacker0=-8580,-3035,224,0,56,0,12 attacker1=- attacker2=15825,-37,-3346,0,31,12,60 attacker3=-6784,-4455,2500,0,56,0,10 projectiles=-
retail_frame=928 camera=2738,3003,-2416,128,128,0 player=2746,3025,-2419,231,183,29,6 wingmate=10298,-2351,-3315,231,187,29,6 attacker0=-8620,-3038,228,0,56,0,12 attacker1=- attacker2=15738,-79,-3154,0,31,11,60 attacker3=-6784,-4455,2500,0,56,0,10 projectiles=-
retail_frame=932 camera=2741,3000,-2416,128,96,0 player=2749,3022,-2419,231,185,30,6 wingmate=10301,-2354,-2931,231,189,30,6 attacker0=-8660,-3042,232,0,56,0,12 attacker1=- attacker2=15651,-121,-2962,0,31,10,60 attacker3=-6816,-4463,2500,0,56,0,10 projectiles=-
retail_frame=936 camera=2744,2997,-2417,128,64,0 player=2752,3019,-2419,231,187,31,6 wingmate=10304,-2357,-2547,231,191,31,6 attacker0=-8700,-3048,236,0,56,0,12 attacker1=- attacker2=15564,-162,-2770,0,31,9,60 attacker3=-6848,-4470,2500,0,56,0,10 projectiles=-
retail_frame=940 camera=2746,2994,-2417,128,32,0 player=2755,3016,-2419,231,189,32,6 wingmate=10307,-2360,-2291,231,193,32,6 attacker0=-8740,-3055,240,0,56,0,12 attacker1=- attacker2=15408,-197,-2606,0,31,8,60 attacker3=-6880,-4477,2500,0,56,0,10 projectiles=-
retail_frame=944 camera=2758,2982,-2417,128,0,0 player=2767,3004,-2419,231,192,32,8 wingmate=10319,-2372,-1779,231,196,32,8 attacker0=-8780,-3063,244,0,56,0,12 attacker1=- attacker2=15321,-204,-2414,0,31,7,60 attacker3=-6912,-4483,2500,0,56,0,10 projectiles=-
retail_frame=948 camera=2770,2976,-2418,0,32,0 player=2779,2997,-2419,231,186,26,7 wingmate=9947,-2379,-4467,231,180,26,7 attacker0=-8820,-3073,248,0,56,0,12 attacker1=- attacker2=15065,-477,-2174,0,31,6,60 attacker3=-6944,-4488,2500,0,56,0,10 projectiles=-
retail_frame=952 camera=2782,2972,-2418,0,64,0 player=2791,2993,-2420,231,182,20,7 wingmate=9703,-2383,-5236,231,176,20,7 attacker0=-8860,-3084,252,0,56,0,12 attacker1=- attacker2=14809,-719,-1934,0,31,5,60 attacker3=-6976,-4492,2500,0,56,0,10 projectiles=-
retail_frame=956 camera=2793,2971,-2420,128,96,0 player=2801,2992,-2422,232,177,16,6 wingmate=9457,-2256,-6134,232,171,16,6 attacker0=-8900,-3084,256,0,56,0,12 attacker1=- attacker2=14709,-935,-1858,0,31,5,60 attacker3=-7008,-4496,2500,0,56,0,10 projectiles=-
retail_frame=960 camera=2803,2972,-2423,128,128,0 player=2810,2992,-2425,234,173,11,6 wingmate=2803,2972,-2423,255,173,11,6 attacker0=-8900,-3096,256,0,56,0,12 attacker1=- attacker2=14453,-1127,-1618,0,31,4,60 attacker3=-7040,-4499,2500,0,56,0,10 projectiles=-
retail_frame=964 camera=2803,2972,-2423,128,128,0 player=2810,2992,-2425,234,173,11,6 wingmate=9210,-1872,-6905,234,173,11,6 attacker0=-8940,-3109,260,0,56,0,12 attacker1=- attacker2=14197,-1299,-1378,0,31,3,60 attacker3=-7072,-4501,2500,0,56,0,10 projectiles=-
retail_frame=968 camera=2810,2972,-2427,128,160,0 player=2816,2992,-2429,237,168,7,6 wingmate=8960,-1232,-7933,237,168,7,6 attacker0=-8980,-3123,264,0,56,0,12 attacker1=- attacker2=13941,-1451,-1138,0,31,2,60 attacker3=-7104,-4502,2500,0,56,0,10 projectiles=-
retail_frame=972 camera=2816,2973,-2431,128,192,0 player=2821,2993,-2433,239,164,3,6 wingmate=8453,-719,-8705,239,158,3,6 attacker0=-9020,-3137,268,0,56,0,12 attacker1=- attacker2=13685,-1586,-898,0,31,1,60 attacker3=-7136,-4503,2500,0,56,0,10 projectiles=-
retail_frame=976 camera=2821,2975,-2435,128,224,0 player=2825,2994,-2437,242,161,255,6 wingmate=8201,-78,-9221,242,155,255,6 attacker0=-9060,-3152,272,0,56,0,12 attacker1=- attacker2=13429,-1705,-658,0,31,0,60 attacker3=-7168,-4503,2500,0,56,0,10 projectiles=-
retail_frame=980 camera=2825,2976,-2439,128,0,0 player=2829,2995,-2441,242,159,252,6 wingmate=7821,-77,-9481,242,153,252,6 attacker0=-9100,-3167,276,0,56,0,12 attacker1=- attacker2=13429,-1705,-658,0,41,0,60 attacker3=-7168,-4503,2500,0,56,0,10 projectiles=-
retail_frame=984 camera=2827,2978,-2442,128,32,0 player=2831,2996,-2444,242,156,249,6 wingmate=7311,-76,-9868,242,150,249,6 attacker0=-9100,-3167,276,0,56,0,12 attacker1=- attacker2=13133,-1810,-462,0,41,0,60 attacker3=-7200,-4503,2500,0,56,0,10 projectiles=-
retail_frame=988 camera=2827,2978,-2442,128,32,0 player=2831,2996,-2444,242,156,249,6 wingmate=7311,-76,-9868,242,156,249,6 attacker0=-9140,-3182,280,0,56,0,12 attacker1=- attacker2=12821,-1902,-302,0,48,0,60 attacker3=-7232,-4502,2500,0,56,0,10 projectiles=-
retail_frame=992 camera=2829,2978,-2444,128,64,0 player=2833,2996,-2447,242,154,247,6 wingmate=6801,-76,-10127,242,148,247,6 attacker0=-9180,-3197,284,0,56,0,12 attacker1=- attacker2=12497,-1983,-174,0,54,0,60 attacker3=-7264,-4501,2500,0,56,0,10 projectiles=-
retail_frame=996 camera=2831,2978,-2447,0,96,0 player=2835,2996,-2450,242,152,244,6 wingmate=6547,-76,-10258,242,146,244,6 attacker0=-9220,-3212,288,0,56,0,12 attacker1=- attacker2=12165,-2053,-74,0,59,0,60 attacker3=-7296,-4501,2500,0,56,0,10 projectiles=076E,11977,-1660,-295,27,74,0,63
retail_frame=1000 camera=2833,2978,-2451,0,128,0 player=2837,2995,-2454,241,150,241,6 wingmate=6037,-333,-10518,241,144,241,6 attacker0=-9220,-3212,288,0,56,0,12 attacker1=- attacker2=12165,-2053,-74,0,59,0,60 attacker3=-7296,-4499,2500,0,56,0,10 projectiles=076E,11977,-1660,-295,27,74,0,63
retail_frame=1004 camera=2833,2978,-2451,0,128,0 player=2837,2995,-2454,241,150,241,6 wingmate=6037,-333,-10518,241,150,241,6 attacker0=-9260,-3227,292,0,56,0,12 attacker1=- attacker2=11833,-2112,2,0,63,0,60 attacker3=-7328,-4496,2500,0,56,0,10 projectiles=076E,11457,-1340,-416,27,74,0,63
retail_frame=1008 camera=2834,2977,-2454,128,160,0 player=2838,2994,-2458,239,148,239,6 wingmate=5526,-718,-10394,239,142,239,6 attacker0=-9300,-3242,296,0,56,0,12 attacker1=- attacker2=11564,-2128,90,0,66,0,60 attacker3=-7360,-4492,2500,0,56,0,10 projectiles=076E,10933,-1031,-541,26,74,0,63
retail_frame=1012 camera=2835,2976,-2458,128,192,0 player=2839,2993,-2462,238,146,237,6 wingmate=5143,-975,-10398,238,140,237,6 attacker0=-9340,-3256,300,0,56,0,12 attacker1=- attacker2=11295,-2140,166,0,68,0,60 attacker3=-7392,-4488,2500,0,56,0,10 projectiles=076E,10409,-722,-666,26,74,0,63
retail_frame=1016 camera=2836,2975,-2461,128,224,0 player=2840,2992,-2466,238,144,236,6 wingmate=4760,-976,-10530,238,138,236,6 attacker0=-9380,-3270,304,0,56,0,12 attacker1=- attacker2=11030,-2147,230,0,70,0,60 attacker3=-7424,-4488,2500,0,56,0,10 projectiles=076E,9885,-416,-791,26,74,0,63
retail_frame=1020 camera=2836,2974,-2465,128,0,0 player=2840,2991,-2470,238,142,234,6 wingmate=4376,-977,-10534,238,136,234,6 attacker0=-9420,-3283,308,0,56,0,12 attacker1=- attacker2=10802,-2147,198,0,71,0,60 attacker3=-7424,-4483,2500,0,56,0,10 projectiles=076E,9885,-416,-791,26,74,0,63
retail_frame=1024 camera=2837,2971,-2469,0,32,0 player=2840,2989,-2474,238,139,233,6 wingmate=3736,-979,-10666,238,133,233,6 attacker0=-9460,-3283,312,0,56,0,12 attacker1=- attacker2=10765,-2151,290,0,71,0,60 attacker3=-7456,-4477,2500,0,56,0,10 projectiles=076E,9358,-110,-916,26,74,0,63
retail_frame=1028 camera=2837,2971,-2469,0,32,0 player=2840,2989,-2474,238,139,233,6 wingmate=3736,-979,-10666,238,139,233,6 attacker0=-9460,-3295,312,0,56,0,12 attacker1=- attacker2=10500,-2150,342,0,72,0,60 attacker3=-7488,-4470,2500,0,56,0,10 projectiles=076E,8827,189,-1043,25,74,0,63
retail_frame=1032 camera=2837,2970,-2472,0,64,0 player=2840,2987,-2478,237,137,231,6 wingmate=3352,-1237,-10670,237,137,231,6 attacker0=-9500,-3306,316,0,56,0,12 attacker1=- attacker2=10239,-2146,390,0,73,0,60 attacker3=-7520,-4463,2500,0,56,0,10 projectiles=076E,8296,485,-1170,25,74,0,63
retail_frame=1036 camera=2837,2968,-2476,128,96,0 player=2840,2985,-2482,236,135,230,6 wingmate=2968,-1367,-10546,236,135,230,6 attacker0=-9540,-3316,320,0,56,0,12 attacker1=- attacker2=9978,-2138,430,0,74,0,60 attacker3=-7552,-4455,2500,0,56,0,10 projectiles=076E,7758,774,-1298,24,74,0,63
retail_frame=1040 camera=2837,2965,-2480,128,128,0 player=2840,2983,-2486,234,133,229,6 wingmate=2712,-1881,-10422,234,127,229,6 attacker0=-9580,-3324,324,0,56,0,12 attacker1=- attacker2=9717,-2125,466,0,75,0,60 attacker3=-7584,-4446,2500,0,56,0,10 projectiles=076E,7220,1060,-1426,24,74,0,63
retail_frame=1044 camera=2838,2963,-2484,128,160,0 player=2840,2981,-2490,234,131,228,6 wingmate=2328,-1883,-10426,234,125,228,6 attacker0=-9620,-3331,328,0,56,0,12 attacker1=- attacker2=9460,-2110,498,0,76,0,60 attacker3=-7616,-4437,2500,0,56,0,10 projectiles=076E,6682,1343,-1554,24,74,0,63
retail_frame=1048 camera=2838,2960,-2487,128,192,0 player=2840,2979,-2494,234,129,228,6 wingmate=1944,-1885,-10430,234,123,228,6 attacker0=-9660,-3337,332,0,56,0,12 attacker1=- attacker2=9203,-2091,522,0,77,0,60 attacker3=-7616,-4437,2500,0,56,0,10 projectiles=076E,6682,1343,-1554,24,74,0,63
retail_frame=1052 camera=2838,2957,-2491,128,224,0 player=2840,2977,-2498,234,127,227,6 wingmate=1560,-1887,-10306,234,121,227,6 attacker0=-9700,-3337,336,0,56,0,12 attacker1=- attacker2=9203,-2091,522,0,77,0,60 attacker3=-7648,-4427,2500,0,56,0,10 projectiles=076E,6137,1615,-1682,23,74,0,63
retail_frame=1056 camera=2838,2957,-2491,128,224,0 player=2840,2977,-2498,234,127,227,6 wingmate=1560,-1887,-10306,234,127,227,6 attacker0=-9700,-3341,336,0,56,0,12 attacker1=- attacker2=8950,-2069,542,0,78,0,60 attacker3=-7680,-4417,2500,0,56,0,10 projectiles=076E,5592,1880,-1813,22,74,0,63
retail_frame=1060 camera=2839,2954,-2495,0,0,0 player=2840,2974,-2502,234,125,227,6 wingmate=1176,-1890,-10182,234,125,227,6 attacker0=-9740,-3344,340,0,56,0,12 attacker1=- attacker2=8697,-2045,554,0,79,0,60 attacker3=-7712,-4406,2500,0,56,0,10 projectiles=076E,5044,2139,-1944,22,74,0,63
retail_frame=1064 camera=2839,2950,-2498,0,32,0 player=2840,2971,-2505,233,122,226,6 wingmate=664,-2021,-9929,233,116,226,6 attacker0=-9780,-3345,344,0,56,0,12 attacker1=- attacker2=8448,-2019,562,0,80,0,60 attacker3=-7744,-4394,2500,0,56,0,10 projectiles=076E,4492,2388,-2082,21,74,0,63
retail_frame=1068 camera=2839,2947,-2500,0,64,0 player=2840,2968,-2508,232,120,226,6 wingmate=280,-2280,-9676,232,114,226,6 attacker0=-9820,-3345,348,0,56,0,12 attacker1=- attacker2=8199,-1991,566,0,81,0,60 attacker3=-7776,-4382,2500,0,56,0,10 projectiles=076E,3933,2625,-2230,20,75,0,63
retail_frame=1072 camera=2840,2944,-2503,0,96,0 player=2840,2965,-2511,232,118,226,6 wingmate=24,-2283,-9551,232,112,226,6 attacker0=-9860,-3344,352,0,56,0,12 attacker1=- attacker2=8199,-1991,566,0,81,0,60 attacker3=-7776,-4382,2500,0,56,0,10 projectiles=076E,3933,2625,-2230,20,75,0,63
retail_frame=1076 camera=2840,2944,-2503,0,96,0 player=2840,2965,-2511,232,118,226,6 wingmate=24,-2283,-9551,232,118,226,6 attacker0=-9860,-3344,352,0,56,0,12 attacker1=- attacker2=7954,-1961,562,0,82,0,60 attacker3=-7808,-4370,2500,0,56,0,10 projectiles=072F,7806,-1566,340,35,86,0,63;076E,3367,2837,-2379,18,75,0,63
retail_frame=1080 camera=2840,2940,-2506,128,128,0 player=2840,2962,-2514,232,116,227,6 wingmate=-113,38,-30,232,110,227,6 attacker0=-9900,-3341,356,0,56,0,12 attacker1=- attacker2=7713,-1929,554,0,83,0,60 attacker3=-7840,-4357,2500,0,56,0,10 projectiles=072F,7413,-1142,114,35,86,0,63;076E,3147,2917,-2435,13,75,0,63
retail_frame=1084 camera=2840,2937,-2509,128,160,0 player=2840,2959,-2517,232,114,228,6 wingmate=-744,-2289,-9301,232,108,228,6 attacker0=-9940,-3337,360,0,56,0,12 attacker1=- attacker2=7472,-1896,542,0,84,0,60 attacker3=-7840,-4357,2500,0,56,0,10 projectiles=072F,7413,-1142,114,35,86,0,63;076E,3147,2917,-2435,13,75,0,63
retail_frame=1088 camera=2840,2933,-2512,0,192,0 player=2839,2955,-2520,231,112,228,6 wingmate=-1001,-2421,-8920,231,106,228,6 attacker0=-9940,-3337,360,0,56,0,12 attacker1=- attacker2=7472,-1896,542,0,84,0,60 attacker3=-7872,-4344,2500,0,56,0,10 projectiles=072F,7017,-722,-115,35,86,0,63;076E,2923,2993,-2495,13,75,0,63
retail_frame=1092 camera=2840,2933,-2512,0,192,0 player=2839,2955,-2520,231,112,228,6 wingmate=-1001,-2421,-8920,231,112,228,6 attacker0=-9980,-3331,364,0,56,0,12 attacker1=- attacker2=7235,-1863,522,0,85,0,60 attacker3=-7904,-4330,2500,0,56,0,10 projectiles=072F,6613,-307,-348,34,86,0,63;076E,2699,3069,-2555,13,75,0,63
retail_frame=1096 camera=2839,2930,-2514,0,224,0 player=2838,2951,-2523,228,110,229,6 wingmate=-1130,-2937,-8411,228,104,229,6 attacker0=-10020,-3324,368,0,56,0,12 attacker1=- attacker2=7079,-2009,345,0,86,0,60 attacker3=-7936,-4316,2500,0,56,0,10 projectiles=072F,6206,105,-582,34,86,0,63;076E,2475,3145,-2615,13,75,0,63
retail_frame=1100 camera=2839,2927,-2516,0,0,0 player=2837,2947,-2526,226,108,229,6 wingmate=-1259,-3325,-8030,226,102,229,6 attacker0=-10060,-3316,372,0,56,0,12 attacker1=- attacker2=6923,-2133,164,0,87,0,60 attacker3=-7968,-4302,2500,0,56,0,10 projectiles=072F,5792,506,-822,33,86,0,63;076E,2251,3221,-2675,13,75,0,63
retail_frame=1104 camera=2837,2924,-2520,0,32,0 player=2835,2943,-2529,226,105,230,6 wingmate=-1645,-3329,-7777,226,99,230,6 attacker0=-10100,-3306,376,0,56,0,12 attacker1=- attacker2=6771,-2238,-21,0,88,253,60 attacker3=-7968,-4302,2500,0,56,0,10 projectiles=072F,5378,901,-1062,33,86,0,63;076E,2027,3297,-2735,13,75,0,63
retail_frame=1108 camera=2836,2920,-2522,0,64,0 player=2833,2939,-2531,226,103,230,6 wingmate=-1903,-3333,-7523,226,97,230,6 attacker0=-10140,-3295,380,0,56,0,12 attacker1=- attacker2=6575,-2238,-141,0,87,251,60 attacker3=-8000,-4287,2500,0,56,0,10 projectiles=072F,5378,901,-1062,33,86,0,63;076E,2027,3297,-2735,13,75,0,63
retail_frame=1112 camera=2834,2916,-2524,0,96,0 player=2831,2935,-2533,226,101,230,6 wingmate=-2161,-3337,-7269,226,95,230,6 attacker0=-10180,-3295,384,0,56,0,12 attacker1=- attacker2=6615,-2325,-202,0,87,251,60 attacker3=-8032,-4272,2500,0,56,0,10 projectiles=072F,4961,1289,-1305,32,86,0,63;076E,1803,3373,-2795,13,75,0,63
retail_frame=1116 camera=2834,2913,-2526,128,128,0 player=2830,2931,-2535,224,99,230,6 wingmate=2834,2913,-2526,222,99,230,6 attacker0=-10180,-3283,384,0,56,0,12 attacker1=- attacker2=6459,-2399,-379,0,86,249,60 attacker3=-8064,-4257,2500,0,56,0,10 projectiles=072F,4537,1667,-1552,31,86,0,63;076E,1579,3449,-2855,13,75,0,63
retail_frame=1120 camera=2833,2909,-2527,128,160,0 player=2828,2927,-2537,223,97,229,6 wingmate=2833,2909,-2527,221,97,229,6 attacker0=-10220,-3270,388,0,56,0,12 attacker1=- attacker2=6295,-2460,-544,0,84,247,60 attacker3=-8096,-4242,2500,0,56,0,10 projectiles=072F,4110,2039,-1802,31,86,0,63;076E,1355,3525,-2915,13,75,0,63
retail_frame=1124 camera=2833,2909,-2527,128,160,0 player=2828,2927,-2537,223,97,229,6 wingmate=-2164,-3857,-6377,223,97,229,6 attacker0=-10260,-3256,392,0,56,0,12 attacker1=- attacker2=6127,-2512,-701,0,82,245,60 attacker3=-8128,-4227,2500,0,56,0,10 projectiles=072F,3669,2394,-2059,29,86,0,63;076E,1131,3601,-2975,13,75,0,63
retail_frame=1128 camera=2832,2907,-2529,176,192,0 player=2826,2923,-2539,221,95,229,6 wingmate=-85,74,-51,221,89,229,6 attacker0=-10300,-3242,396,0,56,0,12 attacker1=- attacker2=5951,-2555,-842,0,79,244,60 attacker3=-8160,-4212,2500,0,56,0,10 projectiles=072F,3501,2546,-2151,26,86,0,63;076E,907,3677,-3035,13,75,0,63
retail_frame=1132 camera=2830,2904,-2530,218,224,0 player=2824,2919,-2540,221,93,228,6 wingmate=-2296,-4249,-5740,221,87,228,6 attacker0=-10340,-3227,400,0,56,0,12 attacker1=- attacker2=5771,-2591,-963,0,76,243,60 attacker3=-8160,-4212,2500,0,56,0,10 projectiles=072F,3333,2690,-2247,26,86,0,63;076E,907,3677,-3035,13,75,0,63
retail_frame=1136 camera=2829,2900,-2532,254,0,0 player=2822,2915,-2541,221,91,228,6 wingmate=-2426,-4253,-5485,221,85,228,6 attacker0=-10340,-3227,400,0,56,0,12 attacker1=- attacker2=5771,-2591,-963,0,76,243,60 attacker3=-8192,-4197,2500,0,56,0,10 projectiles=072F,3333,2690,-2247,26,86,0,63;076E,683,3753,-3095,13,75,0,63
retail_frame=1140 camera=2829,2900,-2532,254,0,0 player=2822,2915,-2541,221,91,228,6 wingmate=-2426,-4253,-5485,221,91,228,6 attacker0=-10380,-3212,404,0,56,0,12 attacker1=- attacker2=5587,-2622,-1068,0,73,242,60 attacker3=-8224,-4182,2500,0,56,0,10 projectiles=072F,3165,2834,-2343,26,86,0,63;076E,459,3829,-3155,13,75,0,63
retail_frame=1144 camera=2828,2897,-2533,30,32,0 player=2820,2911,-2542,221,88,227,6 wingmate=-2556,-4257,-5102,221,88,227,6 attacker0=-10420,-3197,408,0,56,0,12 attacker1=- attacker2=5399,-2649,-1157,0,70,241,60 attacker3=-8256,-4167,2500,0,56,0,10 projectiles=076E,235,3905,-3215,13,75,0,63
retail_frame=1148 camera=2826,2893,-2535,58,64,0 player=2818,2907,-2543,219,86,226,6 wingmate=-2430,-4517,-4591,219,86,226,6 attacker0=-10460,-3182,412,0,56,0,12 attacker1=- attacker2=5207,-2673,-1222,0,66,240,60 attacker3=-8288,-4152,2500,0,56,0,10 projectiles=076E,11,3981,-3275,13,75,0,63
retail_frame=1152 camera=2824,2889,-2536,82,96,0 player=2816,2903,-2544,219,84,225,6 wingmate=-2432,-4521,-4336,219,78,225,6 attacker0=-10500,-3167,416,0,56,0,12 attacker1=- attacker2=5015,-2694,-1279,0,62,239,60 attacker3=-8320,-4137,2500,0,56,0,10 projectiles=076E,-213,4057,-3335,13,75,0,63
retail_frame=1156 camera=2823,2886,-2537,103,128,0 player=2814,2899,-2545,219,82,224,6 wingmate=-2562,-4525,-4081,219,76,224,6 attacker0=-10540,-3152,420,0,56,0,12 attacker1=- attacker2=4827,-2715,-1312,0,58,238,60 attacker3=-8320,-4137,2500,0,56,0,10 projectiles=076E,-437,4133,-3395,13,75,0,63
retail_frame=1160 camera=2821,2882,-2539,122,160,0 player=2812,2895,-2546,219,80,224,6 wingmate=-2692,-4529,-3826,219,74,224,6 attacker0=-10580,-3152,424,0,56,0,12 attacker1=- attacker2=4827,-2715,-1312,0,58,238,60 attacker3=-8352,-4122,2500,0,56,0,10 projectiles=076E,-437,4133,-3395,13,75,0,63
retail_frame=1164 camera=2820,2878,-2539,138,192,0 player=2810,2891,-2546,219,78,223,6 wingmate=2820,2878,-2539,217,78,223,6 attacker0=-10580,-3137,424,0,56,0,12 attacker1=- attacker2=4643,-2735,-1321,0,54,237,60 attacker3=-8384,-4107,2500,0,56,0,10 projectiles=076E,-661,4209,-3455,13,75,0,63
retail_frame=1168 camera=2820,2878,-2539,138,192,0 player=2810,2891,-2546,219,78,223,6 wingmate=-2694,-4533,-3570,219,78,223,6 attacker0=-10620,-3123,428,0,56,0,12 attacker1=- attacker2=4467,-2754,-1302,0,49,236,60 attacker3=-8416,-4092,2500,0,56,0,10 projectiles=-
retail_frame=1172 camera=2818,2874,-2540,152,224,0 player=2808,2887,-2546,219,76,223,6 wingmate=-2696,-4537,-3314,219,76,223,6 attacker0=-10660,-3109,432,0,56,0,12 attacker1=- attacker2=4303,-2774,-1259,0,44,235,60 attacker3=-8448,-4078,2500,0,56,0,10 projectiles=-
retail_frame=1176 camera=2816,2870,-2540,165,0,0 player=2806,2883,-2546,219,74,222,6 wingmate=-2826,-4541,-3058,219,68,222,6 attacker0=-10700,-3096,436,0,56,0,12 attacker1=- attacker2=4155,-2794,-1188,0,39,234,60 attacker3=-8480,-4064,2500,0,56,0,10 projectiles=-
retail_frame=1180 camera=2815,2865,-2541,176,32,0 player=2804,2879,-2546,219,71,222,6 wingmate=-2828,-4545,-2674,219,65,222,6 attacker0=-10740,-3084,440,0,56,0,12 attacker1=- attacker2=4023,-2816,-1097,0,34,233,60 attacker3=-8512,-4050,2500,0,56,0,10 projectiles=-
retail_frame=1184 camera=2813,2861,-2542,186,64,0 player=2802,2875,-2546,219,69,222,6 wingmate=-2830,-4549,-2418,219,63,222,6 attacker0=-10780,-3073,444,0,56,0,12 attacker1=- attacker2=3919,-2839,-982,0,28,232,60 attacker3=-8544,-4050,2500,0,56,0,10 projectiles=-
retail_frame=1188 camera=2811,2857,-2542,194,96,0 player=2800,2871,-2546,219,67,222,6 wingmate=-2832,-4553,-2162,219,61,222,6 attacker0=-10820,-3063,448,0,56,0,12 attacker1=- attacker2=3803,-2839,-786,0,22,231,60 attacker3=-8544,-4037,2500,0,56,0,10 projectiles=-
retail_frame=1192 camera=2809,2852,-2543,201,128,0 player=2798,2867,-2546,219,65,223,6 wingmate=-2834,-4557,-1906,219,59,223,6 attacker0=-10860,-3055,452,0,56,0,12 attacker1=- attacker2=3843,-2863,-847,0,22,230,60 attacker3=-8576,-4024,2500,0,56,0,10 projectiles=-
retail_frame=1196 camera=2808,2848,-2544,207,160,0 player=2796,2863,-2546,219,63,223,6 wingmate=-2708,-4561,-1650,219,57,223,6 attacker0=-10900,-3048,456,0,56,0,12 attacker1=- attacker2=3799,-2890,-696,0,16,230,60 attacker3=-8608,-4012,2500,0,56,0,10 projectiles=-
retail_frame=1200 camera=2806,2843,-2544,213,192,0 player=2794,2859,-2546,219,61,224,6 wingmate=-2710,-4565,-1394,219,55,224,6 attacker0=-10940,-3048,460,0,56,0,12 attacker1=- attacker2=3787,-2918,-533,0,10,230,60 attacker3=-8640,-4000,2500,0,56,0,10 projectiles=-
retail_frame=1204 camera=2804,2838,-2545,218,224,0 player=2792,2855,-2546,219,59,224,6 wingmate=-2584,-4569,-1138,219,53,224,6 attacker0=-10980,-3042,464,0,56,0,12 attacker1=- attacker2=3811,-2947,-362,0,4,230,60 attacker3=-8672,-3988,2500,0,56,0,10 projectiles=-
retail_frame=1208 camera=2802,2834,-2545,222,0,0 player=2790,2851,-2546,219,57,225,6 wingmate=-2586,-4573,-882,219,51,225,6 attacker0=-10980,-3038,464,0,56,0,12 attacker1=- attacker2=3835,-2978,-191,0,4,233,60 attacker3=-8704,-3977,2500,0,56,0,10 projectiles=-
retail_frame=1212 camera=2802,2834,-2545,222,0,0 player=2788,2847,-2546,219,54,226,6 wingmate=2800,2829,-2546,216,54,226,6 attacker0=-11020,-3035,468,0,56,0,12 attacker1=- attacker2=3859,-3010,-20,0,4,235,60 attacker3=-8736,-3967,2500,0,56,0,10 projectiles=-
retail_frame=1216 camera=2800,2829,-2546,226,32,0 player=2788,2847,-2546,219,54,226,6 wingmate=-2460,-4577,-498,219,54,226,6 attacker0=-11060,-3034,472,0,56,0,12 attacker1=- attacker2=3883,-3044,151,0,4,237,60 attacker3=-8768,-3957,2500,0,56,0,10 projectiles=-
retail_frame=1220 camera=2798,2825,-2546,229,64,0 player=2786,2843,-2546,219,52,227,6 wingmate=-2334,-4581,-242,219,46,227,6 attacker0=-11100,-3034,476,0,56,0,12 attacker1=- attacker2=3907,-3079,322,0,4,239,60 attacker3=-8800,-3948,2500,0,56,0,10 projectiles=-
retail_frame=1224 camera=2796,2821,-2547,232,96,0 player=2784,2839,-2546,219,50,228,6 wingmate=-2208,-4585,14,219,44,228,6 attacker0=-11140,-3035,480,0,56,0,12 attacker1=- attacker2=3931,-3114,493,0,4,241,60 attacker3=-8832,-3939,2500,0,56,0,10 projectiles=-
retail_frame=1228 camera=2794,2816,-2546,235,128,0 player=2782,2835,-2545,219,48,228,6 wingmate=-1954,-4589,271,219,42,228,6 attacker0=-11180,-3038,484,0,56,0,12 attacker1=- attacker2=3955,-3150,664,0,4,242,60 attacker3=-8864,-3939,2500,0,56,0,10 projectiles=-
retail_frame=1232 camera=2792,2812,-2546,237,160,0 player=2780,2831,-2544,219,46,229,6 wingmate=-1828,-4593,528,219,40,229,6 attacker0=-11220,-3042,488,0,56,0,12 attacker1=- attacker2=3955,-3150,664,0,4,242,60 attacker3=-8864,-3931,2500,0,56,0,10 projectiles=-
retail_frame=1236 camera=2790,2808,-2546,239,192,0 player=2778,2827,-2543,219,44,229,6 wingmate=-1702,-4597,785,219,38,229,6 attacker0=-11220,-3042,488,0,56,0,12 attacker1=- attacker2=3979,-3187,835,0,4,243,60 attacker3=-8896,-3924,2500,0,56,0,10 projectiles=-
retail_frame=1240 camera=2790,2808,-2546,239,192,0 player=2778,2827,-2543,219,44,229,6 wingmate=-1702,-4597,785,219,44,229,6 attacker0=-11260,-3048,492,0,56,0,12 attacker1=- attacker2=4003,-3224,1006,0,4,244,60 attacker3=-8928,-3917,2500,0,56,0,10 projectiles=-
retail_frame=1244 camera=2787,2804,-2545,241,224,0 player=2776,2823,-2542,219,42,230,6 wingmate=-1576,-4601,1042,219,36,230,6 attacker0=-11300,-3055,496,0,56,0,12 attacker1=- attacker2=4027,-3261,1177,0,4,245,60 attacker3=-8960,-3911,2500,0,56,0,10 projectiles=-
retail_frame=1248 camera=2785,2800,-2545,242,0,0 player=2774,2819,-2541,219,40,230,6 wingmate=-1450,-4605,1171,219,34,230,6 attacker0=-11340,-3063,500,0,56,0,12 attacker1=- attacker2=3997,-2753,1475,0,4,246,60 attacker3=-8992,-3906,2500,0,56,0,10 projectiles=-
retail_frame=1252 camera=2783,2797,-2545,243,32,0 player=2772,2815,-2540,219,37,230,6 wingmate=-1068,-4609,1428,219,31,230,6 attacker0=-11380,-3073,504,0,56,0,12 attacker1=- attacker2=3981,-2312,1707,0,4,247,60 attacker3=-8992,-3906,2500,0,56,0,10 projectiles=-
retail_frame=1256 camera=2781,2793,-2544,243,64,0 player=2770,2811,-2539,219,35,230,6 wingmate=-814,-4613,1685,219,29,230,6 attacker0=-11420,-3073,508,0,56,0,12 attacker1=- attacker2=3967,-2312,1773,0,4,247,60 attacker3=-9024,-3902,2500,0,56,0,10 projectiles=-
retail_frame=1260 camera=2781,2793,-2544,243,64,0 player=2768,2807,-2537,219,33,229,6 wingmate=2778,2789,-2543,216,33,229,6 attacker0=-11420,-3084,508,0,56,0,12 attacker1=- attacker2=3937,-1931,2071,0,4,248,60 attacker3=-9056,-3898,2500,0,56,0,10 projectiles=-
retail_frame=1264 camera=2778,2789,-2543,243,96,0 player=2768,2807,-2537,219,33,229,6 wingmate=-688,-4617,1943,219,33,229,6 attacker0=-11460,-3096,512,0,56,0,12 attacker1=- attacker2=3907,-1600,2369,0,4,249,60 attacker3=-9088,-3895,2500,0,56,0,10 projectiles=-
retail_frame=1268 camera=2770,2778,-2535,115,128,0 player=2752,2787,-2520,218,29,228,7 wingmate=2762,2770,-2527,234,29,228,7 attacker0=-11500,-3109,516,0,56,0,12 attacker1=- attacker2=3877,-1314,2667,0,4,250,60 attacker3=-9120,-3893,2500,0,56,0,10 projectiles=-
retail_frame=1272 camera=2762,2770,-2527,115,160,0 player=2752,2787,-2520,218,29,228,7 wingmate=-64,-4765,1960,218,29,228,7 attacker0=-11540,-3123,520,0,56,0,12 attacker1=- attacker2=3847,-1066,2965,0,4,251,60 attacker3=-9152,-3892,2500,0,56,0,10 projectiles=-
retail_frame=1276 camera=2747,2763,-2509,243,192,0 player=2737,2779,-2501,218,27,228,9 wingmate=177,-4773,2107,218,21,228,9 attacker0=-11580,-3137,524,0,56,0,12 attacker1=- attacker2=3817,-850,3263,0,4,252,60 attacker3=-9184,-3891,2500,0,56,0,10 projectiles=-
retail_frame=1280 camera=2728,2759,-2481,243,224,0 player=2719,2774,-2473,219,25,227,10 wingmate=159,-4650,2519,219,19,227,10 attacker0=-11620,-3152,528,0,56,0,12 attacker1=- attacker2=3787,-663,3561,0,4,253,60 attacker3=-9216,-3891,2500,0,56,0,10 projectiles=-
retail_frame=1284 camera=2707,2759,-2445,115,0,0 player=2698,2774,-2437,221,23,226,11 wingmate=266,-4394,3067,221,17,226,11 attacker0=-11660,-3167,532,0,56,0,12 attacker1=- attacker2=3757,-500,3859,0,4,254,60 attacker3=-9216,-3891,2500,0,56,0,10 projectiles=-
retail_frame=1288 camera=2685,2763,-2403,115,32,0 player=2677,2778,-2394,222,20,225,12 wingmate=629,-4262,3366,222,14,225,12 attacker0=-11700,-3182,536,0,56,0,12 attacker1=- attacker2=3741,-563,4091,0,4,255,60 attacker3=-9248,-3891,2500,0,56,0,10 projectiles=-
retail_frame=1292 camera=2662,2773,-2353,115,64,0 player=2655,2788,-2345,224,18,224,13 wingmate=863,-3868,3927,224,12,224,13 attacker0=-11740,-3197,540,0,56,0,12 attacker1=- attacker2=3727,-358,4157,0,4,255,60 attacker3=-9280,-3892,2500,0,56,0,10 projectiles=-
retail_frame=1296 camera=2640,2789,-2298,115,96,0 player=2634,2805,-2290,227,16,224,14 wingmate=970,-3339,4494,227,10,224,14 attacker0=-11780,-3212,544,0,56,0,12 attacker1=- attacker2=3697,-233,4455,0,4,0,60 attacker3=-9312,-3893,2500,0,56,0,10 projectiles=-
retail_frame=1300 camera=2620,2814,-2240,115,128,0 player=2615,2829,-2232,229,14,223,15 wingmate=1335,-2931,4936,229,8,223,15 attacker0=-11780,-3212,544,0,56,0,12 attacker1=- attacker2=3667,-123,4753,0,4,0,60 attacker3=-9344,-3895,2500,0,56,0,10 projectiles=-
retail_frame=1304 camera=2602,2844,-2177,115,160,0 player=2598,2860,-2170,232,12,223,16 wingmate=1335,-2931,4936,18,12,223,16 attacker0=-11820,-3227,548,0,56,0,12 attacker1=- attacker2=3637,-25,5051,0,4,0,60 attacker3=-9376,-3898,2500,0,56,0,10 projectiles=-
retail_frame=1308 camera=2602,2844,-2177,115,160,0 player=2598,2860,-2170,232,12,223,16 wingmate=1574,-2388,5382,232,12,223,16 attacker0=-11860,-3242,552,0,56,0,12 attacker1=- attacker2=3607,62,5349,0,4,0,60 attacker3=-9408,-3902,2500,0,56,0,10 projectiles=-
retail_frame=1312 camera=2587,2882,-2112,115,192,0 player=2584,2898,-2106,234,10,222,17 wingmate=3089,1472,1734,234,4,222,17 attacker0=-11900,-3256,556,0,56,0,12 attacker1=- attacker2=3577,140,5647,0,4,0,60 attacker3=-9440,-3906,2500,0,56,0,10 projectiles=-
retail_frame=1316 camera=2575,2925,-2046,115,224,0 player=2572,2941,-2040,237,8,222,18 wingmate=2188,-1283,6152,237,2,222,18 attacker0=-11940,-3270,560,0,56,0,12 attacker1=- attacker2=3547,212,5945,0,4,0,60 attacker3=-9472,-3911,2500,0,56,0,10 projectiles=-
retail_frame=1320 camera=2563,2973,-1978,115,224,0 player=2561,2990,-1973,239,8,225,19 wingmate=1025,-722,6219,239,8,225,19 attacker0=-11980,-3283,564,0,56,0,12 attacker1=- attacker2=3517,278,6243,0,4,0,60 attacker3=-9504,-3917,2500,0,56,0,10 projectiles=-
retail_frame=1324 camera=2550,3023,-1909,115,224,0 player=2549,3041,-1904,242,8,228,20 wingmate=1013,-31,6544,242,8,228,20 attacker0=-12020,-3295,568,0,56,0,12 attacker1=- attacker2=3517,278,6243,0,4,0,60 attacker3=-9504,-3917,2500,0,56,0,10 projectiles=-
retail_frame=1328 camera=2538,3075,-1837,115,224,0 player=2537,3093,-1832,242,8,232,21 wingmate=1001,21,6616,242,8,232,21 attacker0=-12020,-3295,568,0,56,0,12 attacker1=- attacker2=3487,340,6541,0,4,0,60 attacker3=-9536,-3924,2500,0,56,0,10 projectiles=-
retail_frame=1332 camera=2538,3075,-1837,115,224,0 player=2537,3093,-1832,242,8,232,21 wingmate=1001,21,6616,242,8,232,21 attacker0=-12060,-3306,572,0,56,0,12 attacker1=- attacker2=3457,397,6839,0,4,0,60 attacker3=-9568,-3931,2500,0,56,0,10 projectiles=-
retail_frame=1336 camera=2528,3129,-1763,115,0,0 player=2527,3147,-1758,242,6,231,22 wingmate=2756,2446,445,242,0,231,22 attacker0=-12100,-3316,576,0,56,0,12 attacker1=- attacker2=3427,452,7137,0,4,0,60 attacker3=-9600,-3939,2500,0,56,0,10 projectiles=-
retail_frame=1340 camera=2524,3184,-1687,115,32,0 player=2523,3203,-1682,242,3,231,23 wingmate=3035,131,6894,242,253,231,23 attacker0=-12140,-3324,580,0,56,0,12 attacker1=- attacker2=3397,505,7435,0,4,0,60 attacker3=-9632,-3948,2500,0,56,0,10 projectiles=-
retail_frame=1344 camera=2520,3240,-1610,115,32,0 player=2519,3259,-1605,242,3,233,23 wingmate=2007,187,6971,242,3,233,23 attacker0=-12180,-3331,584,0,56,0,12 attacker1=- attacker2=3367,556,7733,0,4,1,60 attacker3=-9664,-3957,2500,0,56,0,10 projectiles=-
retail_frame=1348 camera=2516,3296,-1532,115,32,0 player=2515,3316,-1527,242,3,236,23 wingmate=2003,244,7049,242,3,236,23 attacker0=-12220,-3337,588,0,56,0,12 attacker1=- attacker2=3351,556,7965,0,4,2,60 attacker3=-9664,-3957,2500,0,56,0,10 projectiles=-
retail_frame=1352 camera=2512,3353,-1454,115,32,0 player=2511,3374,-1449,242,3,239,23 wingmate=1999,302,7127,242,3,239,23 attacker0=-12220,-3337,588,0,56,0,12 attacker1=- attacker2=3337,606,8031,0,4,2,60 attacker3=-9696,-3967,2500,0,56,0,10 projectiles=-
retail_frame=1356 camera=2512,3353,-1454,115,32,0 player=2511,3374,-1449,242,3,239,23 wingmate=1999,302,7127,242,3,239,23 attacker0=-12260,-3341,592,0,56,0,12 attacker1=- attacker2=3307,655,8329,0,4,3,60 attacker3=-9728,-3977,2500,0,56,0,10 projectiles=-
retail_frame=1360 camera=2508,3411,-1375,115,32,0 player=2507,3432,-1370,242,3,242,23 wingmate=1995,360,7206,242,3,242,23 attacker0=-12300,-3344,596,0,56,0,12 attacker1=- attacker2=3269,703,8627,0,5,4,60 attacker3=-9760,-3988,2500,0,56,0,10 projectiles=-
retail_frame=1364 camera=2504,3469,-1295,115,32,0 player=2503,3491,-1290,242,3,244,23 wingmate=1991,419,7286,242,3,244,23 attacker0=-12340,-3345,600,0,56,0,12 attacker1=- attacker2=3227,750,8921,0,6,5,60 attacker3=-9792,-4000,2500,0,56,0,10 projectiles=-
retail_frame=1368 camera=2500,3528,-1214,115,32,0 player=2499,3550,-1209,242,3,245,23 wingmate=1987,478,7367,242,3,245,23 attacker0=-12380,-3345,604,0,56,0,12 attacker1=- attacker2=3181,796,9215,0,7,6,60 attacker3=-9824,-4012,2500,0,56,0,10 projectiles=-
retail_frame=1372 camera=2496,3528,-1130,115,32,0 player=2495,3550,-1125,242,3,247,23 wingmate=1983,478,7451,242,3,247,23 attacker0=-12420,-3344,608,0,56,0,12 attacker1=- attacker2=3127,842,9509,0,8,7,60 attacker3=-9856,-4024,2500,0,56,0,10 projectiles=-
retail_frame=1376 camera=2492,3527,-1043,115,32,0 player=2491,3550,-1038,242,3,248,23 wingmate=1979,478,7538,242,3,248,23 attacker0=-12460,-3341,612,0,56,0,12 attacker1=- attacker2=3061,887,9799,0,10,8,60 attacker3=-9856,-4024,2500,0,56,0,10 projectiles=-
retail_frame=1380 camera=2488,3527,-955,243,32,0 player=2487,3550,-950,242,3,250,23 wingmate=1975,478,7626,242,3,250,23 attacker0=-12500,-3337,616,0,56,0,12 attacker1=- attacker2=3001,887,10019,0,12,9,60 attacker3=-9888,-4037,2500,0,56,0,10 projectiles=-
retail_frame=1384 camera=2483,3527,-866,243,32,0 player=2482,3550,-862,243,3,251,23 wingmate=1970,734,7842,243,3,251,23 attacker0=-12540,-3331,620,0,56,0,12 attacker1=- attacker2=2987,932,10085,0,12,9,60 attacker3=-9920,-4050,2500,0,56,0,10 projectiles=-
retail_frame=1388 camera=2478,3527,-773,243,32,0 player=2477,3550,-769,244,3,252,23 wingmate=1965,862,7935,244,3,252,23 attacker0=-12540,-3331,620,0,56,0,12 attacker1=- attacker2=2901,976,10367,0,14,9,60 attacker3=-9952,-4064,2500,0,56,0,10 projectiles=-
retail_frame=1392 camera=2478,3527,-773,243,32,0 player=2472,3550,-675,244,3,253,23 wingmate=1965,862,7935,19,3,253,23 attacker0=-12580,-3324,624,0,56,0,12 attacker1=- attacker2=2803,1020,10645,0,16,9,60 attacker3=-9984,-4078,2500,0,56,0,10 projectiles=-
retail_frame=1396 camera=2473,3527,-679,243,32,0 player=2472,3550,-675,244,3,253,23 wingmate=1960,862,8029,244,3,253,23 attacker0=-12620,-3316,628,0,56,0,12 attacker1=- attacker2=2693,1062,10919,0,18,9,60 attacker3=-10016,-4092,2500,0,56,0,10 projectiles=-
retail_frame=1400 camera=2468,3528,-583,243,32,0 player=2467,3550,-579,244,3,253,23 wingmate=1955,862,8125,244,3,253,23 attacker0=-12660,-3306,632,0,56,0,12 attacker1=- attacker2=2672,914,11109,0,20,9,60 attacker3=-10048,-4107,2500,0,56,0,10 projectiles=-
retail_frame=1404 camera=2463,3528,-485,243,32,0 player=2462,3550,-481,244,3,254,23 wingmate=1950,862,8223,244,3,254,23 attacker0=-12700,-3295,636,0,56,0,12 attacker1=- attacker2=2639,789,11291,0,22,9,60 attacker3=-10080,-4122,2500,0,56,0,10 projectiles=-
retail_frame=1408 camera=2458,3528,-385,243,32,0 player=2457,3550,-381,244,3,254,23 wingmate=1945,862,8323,244,3,254,23 attacker0=-12740,-3283,640,0,56,0,12 attacker1=- attacker2=2515,841,11483,0,24,9,60 attacker3=-10080,-4122,2500,0,56,0,10 projectiles=-
retail_frame=1412 camera=2453,3529,-284,243,32,0 player=2452,3550,-280,244,3,255,23 wingmate=1940,862,8424,244,3,255,23 attacker0=-12780,-3283,644,0,56,0,12 attacker1=- attacker2=2598,682,11469,0,24,9,60 attacker3=-10112,-4137,2500,0,56,0,10 projectiles=-
retail_frame=1416 camera=2448,3529,-183,243,32,0 player=2447,3550,-179,244,3,255,23 wingmate=1935,862,8525,244,3,255,23 attacker0=-12780,-3270,644,0,56,0,12 attacker1=- attacker2=2545,592,11639,0,26,9,60 attacker3=-10144,-4152,2500,0,56,0,10 projectiles=-
retail_frame=1420 camera=2448,3529,-183,243,32,0 player=2442,3550,-77,244,3,255,23 wingmate=1935,862,8525,13,3,255,23 attacker0=-12820,-3256,648,0,56,0,12 attacker1=- attacker2=2484,515,11801,0,28,9,60 attacker3=-10176,-4167,2500,0,56,0,10 projectiles=-
retail_frame=1424 camera=2443,3530,-81,243,32,0 player=2442,3550,-77,244,3,255,23 wingmate=1930,862,8627,244,3,255,23 attacker0=-12860,-3242,652,0,56,0,12 attacker1=- attacker2=2415,449,11959,0,30,9,60 attacker3=-10208,-4182,2500,0,56,0,10 projectiles=-
retail_frame=1428 camera=2438,3531,22,243,32,0 player=2437,3550,26,244,3,255,23 wingmate=2392,2760,3046,244,3,255,23 attacker0=-12900,-3227,656,0,56,0,12 attacker1=- attacker2=2338,393,12105,0,32,9,60 attacker3=-10240,-4197,2500,0,56,0,10 projectiles=-
retail_frame=1432 camera=2433,3531,125,243,32,0 player=2432,3550,129,244,3,254,23 wingmate=1920,862,8833,244,3,254,23 attacker0=-12940,-3212,660,0,56,0,12 attacker1=- attacker2=- attacker3=-10272,-4212,2500,0,56,0,10 projectiles=-
retail_frame=1436 camera=2428,3532,230,243,32,0 player=2427,3550,234,244,3,254,23 wingmate=1915,862,8938,244,3,254,23 attacker0=-12980,-3197,664,0,56,0,12 attacker1=- attacker2=- attacker3=-10304,-4227,2500,0,56,0,10 projectiles=-
retail_frame=1440 camera=2428,3541,326,115,64,0 player=2427,3559,330,244,1,250,23 wingmate=3451,871,9034,244,251,250,23 attacker0=-13020,-3182,668,0,56,0,12 attacker1=- attacker2=- attacker3=-10336,-4242,2500,0,56,0,10 projectiles=-
retail_frame=1444 camera=2428,3537,412,115,96,0 player=2427,3555,416,243,255,247,22 wingmate=3835,739,9120,243,249,247,22 attacker0=-13060,-3167,672,0,56,0,12 attacker1=- attacker2=- attacker3=-10368,-4257,2500,0,56,0,10 projectiles=-
retail_frame=1448 camera=2430,3527,490,243,128,0 player=2430,3544,495,242,253,243,22 wingmate=4222,472,8943,242,247,243,22 attacker0=-13100,-3152,676,0,56,0,12 attacker1=- attacker2=- attacker3=-10400,-4272,2500,0,56,0,10 projectiles=-
retail_frame=1452 camera=2436,3508,560,243,160,0 player=2436,3525,565,241,251,241,21 wingmate=4612,197,8885,241,251,241,21 attacker0=-13140,-3137,680,0,56,0,12 attacker1=- attacker2=- attacker3=-10432,-4287,2500,0,56,0,10 projectiles=-
retail_frame=1456 camera=2445,3486,620,243,192,0 player=2445,3503,626,238,249,239,21 wingmate=5005,-465,8434,238,249,239,21 attacker0=-13180,-3123,684,0,56,0,12 attacker1=- attacker2=- attacker3=-10464,-4302,2500,0,56,0,10 projectiles=-
retail_frame=1460 camera=2456,3461,671,243,224,0 player=2468,3453,726,233,245,237,20 wingmate=2468,3437,718,238,245,237,20 attacker0=-13220,-3109,688,0,56,0,12 attacker1=- attacker2=- attacker3=-10496,-4316,2500,0,56,0,10 projectiles=-
retail_frame=1464 camera=2468,3437,718,243,0,0 player=2468,3453,726,233,245,237,20 wingmate=5540,-1539,7894,233,245,237,20 attacker0=-13260,-3096,692,0,56,0,12 attacker1=- attacker2=- attacker3=-10528,-4330,2500,0,56,0,10 projectiles=-
retail_frame=1468 camera=2481,3414,760,243,32,0 player=2482,3431,768,233,242,236,19 wingmate=6066,-1561,7680,233,242,236,19 attacker0=-13300,-3084,696,0,56,0,12 attacker1=- attacker2=- attacker3=-10560,-4344,2500,0,56,0,10 projectiles=-
retail_frame=1472 camera=2496,3394,799,243,64,0 player=2497,3411,807,233,238,235,18 wingmate=6465,-1581,7463,233,238,235,18 attacker0=-13340,-3073,700,0,56,0,12 attacker1=- attacker2=- attacker3=-10592,-4357,2500,0,56,0,10 projectiles=-
retail_frame=1476 camera=2511,3376,834,243,96,0 player=2512,3393,842,233,238,235,18 wingmate=6736,-1599,7242,233,238,235,18 attacker0=-13380,-3063,704,0,56,0,12 attacker1=- attacker2=- attacker3=-10624,-4370,2500,0,56,0,10 projectiles=-
retail_frame=1480 camera=2526,3358,865,243,128,0 player=2528,3376,873,233,236,235,18 wingmate=7136,-1616,7145,233,236,235,18 attacker0=-13420,-3055,708,0,56,0,12 attacker1=- attacker2=- attacker3=-10656,-4382,2500,0,56,0,10 projectiles=-
retail_frame=1484 camera=2541,3343,892,243,160,0 player=2543,3361,900,233,234,235,17 wingmate=7407,-1631,6916,233,234,235,17 attacker0=-13460,-3048,712,0,56,0,12 attacker1=- attacker2=- attacker3=-10688,-4394,2500,0,56,0,10 projectiles=-
retail_frame=1488 camera=2557,3327,916,243,192,0 player=2559,3346,924,233,232,235,17 wingmate=7807,-1646,6684,233,226,235,17 attacker0=-13500,-3042,716,0,56,0,12 attacker1=- attacker2=- attacker3=-10720,-4406,2500,0,56,0,10 projectiles=-
retail_frame=1492 camera=2572,3313,938,243,224,0 player=2575,3333,945,233,230,235,16 wingmate=8079,-1659,6449,233,224,235,16 attacker0=-13540,-3038,720,0,56,0,12 attacker1=- attacker2=- attacker3=-10752,-4417,2500,0,56,0,10 projectiles=-
retail_frame=1496 camera=2588,3301,957,243,0,0 player=2591,3321,964,233,228,234,16 wingmate=8351,-1671,6212,233,222,234,16 attacker0=-13580,-3035,724,0,56,0,12 attacker1=- attacker2=- attacker3=-10784,-4427,2500,0,56,0,10 projectiles=-
retail_frame=1500 camera=2603,3289,973,243,32,0 player=2607,3310,980,233,225,234,15 wingmate=8751,-1682,5716,233,219,234,15 attacker0=-13620,-3034,728,0,56,0,12 attacker1=- attacker2=- attacker3=-10816,-4437,2500,0,56,0,10 projectiles=-
retail_frame=1504 camera=2619,3278,988,243,64,0 player=2623,3299,995,233,223,233,15 wingmate=8895,-1693,5475,233,217,233,15 attacker0=-13660,-3034,732,0,56,0,12 attacker1=- attacker2=- attacker3=-10848,-4446,2500,0,56,0,10 projectiles=-
retail_frame=1508 camera=2635,3268,1001,243,96,0 player=2639,3289,1008,233,221,233,14 wingmate=9167,-1703,5104,233,215,233,14 attacker0=-13700,-3035,736,0,56,0,12 attacker1=- attacker2=- attacker3=-10880,-4455,2500,0,56,0,10 projectiles=-
retail_frame=1512 camera=2649,3258,1014,243,128,0 player=2654,3280,1020,233,219,232,14 wingmate=9438,-1712,4860,233,219,232,14 attacker0=-13740,-3038,740,0,56,0,12 attacker1=- attacker2=- attacker3=-10912,-4463,2500,0,56,0,10 projectiles=-
retail_frame=1516 camera=2673,3244,1030,243,160,0 player=2678,3266,1036,233,217,231,15 wingmate=9590,-1726,4492,233,217,231,15 attacker0=-13780,-3042,744,0,56,0,12 attacker1=- attacker2=- attacker3=-10944,-4470,2500,0,56,0,10 projectiles=-
retail_frame=1520 camera=2704,3227,1049,243,192,0 player=2709,3249,1055,233,215,230,16 wingmate=9877,-1743,4127,233,215,230,16 attacker0=-13820,-3048,748,0,56,0,12 attacker1=- attacker2=- attacker3=-10976,-4477,2500,0,56,0,10 projectiles=-
retail_frame=1524 camera=2741,3206,1070,243,224,0 player=2747,3228,1076,233,213,229,17 wingmate=10043,-1764,3764,233,213,229,17 attacker0=-13860,-3055,752,0,56,0,12 attacker1=- attacker2=- attacker3=-11008,-4483,2500,0,56,0,10 projectiles=-
retail_frame=1528 camera=2786,3182,1094,243,0,0 player=2792,3204,1099,233,211,229,18 wingmate=10216,-1788,3403,233,211,229,18 attacker0=-13900,-3063,756,0,56,0,12 attacker1=- attacker2=- attacker3=-11040,-4488,2500,0,56,0,10 projectiles=-
retail_frame=1532 camera=2838,3156,1115,243,32,0 player=2844,3177,1120,233,208,228,19 wingmate=10396,-1815,2912,233,208,228,19 attacker0=-13940,-3073,760,0,56,0,12 attacker1=- attacker2=- attacker3=-11072,-4492,2500,0,56,0,10 projectiles=-
retail_frame=1536 camera=2896,3127,1135,243,64,0 player=2902,3148,1140,233,206,228,20 wingmate=10582,-1844,2548,233,206,228,20 attacker0=-13980,-3084,764,0,56,0,12 attacker1=- attacker2=- attacker3=-11104,-4496,2500,0,56,0,10 projectiles=-
retail_frame=1540 camera=2957,3096,1153,243,96,0 player=2964,3117,1157,233,204,227,21 wingmate=10644,-1875,2181,233,204,227,21 attacker0=-14020,-3096,768,0,56,0,12 attacker1=- attacker2=- attacker3=-11136,-4499,2500,0,56,0,10 projectiles=-
retail_frame=1544 camera=3025,3063,1169,243,128,0 player=3032,3083,1173,233,202,226,22 wingmate=10840,-1909,1813,233,196,226,22 attacker0=-14060,-3109,772,0,56,0,12 attacker1=- attacker2=- attacker3=-11168,-4501,2500,0,56,0,10 projectiles=-
retail_frame=1548 camera=3098,3028,1181,243,160,0 player=3105,3048,1185,233,200,225,23 wingmate=10913,-1944,1441,233,194,225,23 attacker0=-14100,-3123,776,0,56,0,12 attacker1=- attacker2=- attacker3=-11200,-4502,2500,0,56,0,10 projectiles=-
retail_frame=1552 camera=3174,2993,1192,243,192,0 player=3181,3012,1195,233,198,224,23 wingmate=10989,-1980,1195,233,192,224,23 attacker0=-14140,-3137,780,0,56,0,12 attacker1=- attacker2=- attacker3=-11232,-4503,2500,0,56,0,10 projectiles=-
retail_frame=1556 camera=3252,2956,1202,243,192,0 player=3259,2974,1205,233,198,227,23 wingmate=10939,-2018,2229,233,198,227,23 attacker0=-14180,-3152,784,0,56,0,12 attacker1=- attacker2=- attacker3=-11264,-4503,2500,0,56,0,10 projectiles=-
retail_frame=1560 camera=3337,2933,1212,115,192,0 player=3344,2951,1215,233,198,229,23 wingmate=11024,-2041,2239,233,198,229,23 attacker0=-14220,-3167,788,0,56,0,12 attacker1=- attacker2=- attacker3=-11296,-4503,2500,0,56,0,10 projectiles=-
retail_frame=1564 camera=3427,2926,1223,115,192,0 player=3434,2943,1226,233,198,232,23 wingmate=11114,-2049,2250,233,198,232,23 attacker0=-14260,-3182,792,0,56,0,12 attacker1=- attacker2=- attacker3=-11328,-4502,2500,0,56,0,10 projectiles=-
retail_frame=1568 camera=3519,2927,1234,243,192,0 player=3526,2944,1237,234,198,233,23 wingmate=11334,-1920,2261,234,198,233,23 attacker0=-14300,-3197,796,0,56,0,12 attacker1=- attacker2=- attacker3=-11360,-4501,2500,0,56,0,10 projectiles=-
retail_frame=1572 camera=3613,2928,1246,243,192,0 player=3619,2945,1248,237,198,235,23 wingmate=11811,-1279,2400,237,198,235,23 attacker0=-14340,-3212,800,0,56,0,12 attacker1=- attacker2=- attacker3=-11392,-4499,2500,0,56,0,10 projectiles=-
retail_frame=1576 camera=3707,2930,1257,243,192,0 player=3713,2946,1259,237,198,237,23 wingmate=11905,-1278,2411,237,198,237,23 attacker0=-14380,-3227,804,0,56,0,12 attacker1=- attacker2=- attacker3=-11424,-4496,2500,0,56,0,10 projectiles=-
retail_frame=1580 camera=3802,2931,1268,243,192,0 player=3904,2948,1282,237,198,240,23 wingmate=3898,2932,1280,1,198,240,23 attacker0=-14420,-3242,808,0,56,0,12 attacker1=- attacker2=- attacker3=-11456,-4492,2500,0,56,0,10 projectiles=-
retail_frame=1584 camera=3995,2933,1292,243,192,0 player=4001,2949,1294,237,198,241,23 wingmate=3995,2933,1292,1,198,241,23 attacker0=-14460,-3256,812,0,56,0,12 attacker1=- attacker2=- attacker3=-11488,-4488,2500,0,56,0,10 projectiles=-
retail_frame=1588 camera=4093,2934,1304,243,192,0 player=4099,2950,1306,237,198,243,23 wingmate=4093,2934,1304,1,198,243,23 attacker0=-14500,-3270,816,0,56,0,12 attacker1=- attacker2=- attacker3=-11520,-4483,2500,0,56,0,10 projectiles=-
retail_frame=1592 camera=4192,2934,1316,243,192,0 player=4198,2951,1318,237,198,244,23 wingmate=12390,-1273,2470,237,198,244,23 attacker0=-14540,-3283,820,0,56,0,12 attacker1=- attacker2=- attacker3=-11552,-4477,2500,0,56,0,10 projectiles=-
retail_frame=1596 camera=4192,2934,1316,243,192,0 player=4298,2952,1330,237,198,246,23 wingmate=4292,2935,1328,1,198,246,23 attacker0=-14580,-3295,824,0,56,0,12 attacker1=- attacker2=- attacker3=-11584,-4470,2500,0,56,0,10 projectiles=-
retail_frame=1600 camera=4292,2935,1328,243,192,0 player=4399,2953,1342,237,198,248,23 wingmate=12490,-1272,2482,1,198,248,23 attacker0=-14620,-3306,828,0,56,0,12 attacker1=- attacker2=- attacker3=-11616,-4463,2500,0,56,0,10 projectiles=-
retail_frame=1604 camera=4393,2936,1340,243,192,0 player=4399,2953,1342,237,198,248,23 wingmate=12591,-1271,2494,237,198,248,23 attacker0=-14660,-3316,832,0,56,0,12 attacker1=- attacker2=- attacker3=-11648,-4455,2500,0,56,0,10 projectiles=-
retail_frame=1608 camera=4495,2936,1352,243,192,0 player=4501,2954,1354,237,198,250,23 wingmate=12693,-1270,2506,237,198,250,23 attacker0=-14700,-3324,836,0,56,0,12 attacker1=- attacker2=- attacker3=-11680,-4446,2500,0,56,0,10 projectiles=-
retail_frame=1612 camera=4597,2938,1365,243,192,0 player=4603,2956,1367,237,198,252,23 wingmate=12795,-1268,2519,237,198,252,23 attacker0=-14740,-3331,840,0,56,0,12 attacker1=- attacker2=- attacker3=-11712,-4437,2500,0,56,0,10 projectiles=-
retail_frame=1616 camera=4700,2939,1378,243,192,0 player=4706,2958,1380,237,198,253,23 wingmate=12898,-1266,2532,237,198,253,23 attacker0=-14780,-3337,844,0,56,0,12 attacker1=- attacker2=- attacker3=-11744,-4427,2500,0,56,0,10 projectiles=-
retail_frame=1620 camera=4804,2940,1391,243,192,0 player=4810,2960,1393,237,198,255,23 wingmate=13002,-1264,2545,237,198,255,23 attacker0=-14820,-3341,848,0,56,0,12 attacker1=- attacker2=- attacker3=-11776,-4417,2500,0,56,0,10 projectiles=-
retail_frame=1624 camera=4909,2942,1404,243,192,0 player=4915,2962,1406,237,198,0,23 wingmate=13107,-1262,2558,237,198,0,23 attacker0=-14860,-3344,852,0,56,0,12 attacker1=- attacker2=- attacker3=-11808,-4406,2500,0,56,0,10 projectiles=-
retail_frame=1628 camera=5015,2943,1417,243,192,0 player=5127,2966,1432,237,198,3,23 wingmate=13213,-1260,2571,1,198,3,23 attacker0=-14900,-3345,856,0,56,0,12 attacker1=- attacker2=- attacker3=-11840,-4394,2500,0,56,0,10 projectiles=-
retail_frame=1632 camera=5227,2947,1443,243,192,0 player=5233,2968,1445,237,198,4,23 wingmate=5227,2947,1443,1,198,4,23 attacker0=-14940,-3345,860,0,56,0,12 attacker1=- attacker2=- attacker3=-11872,-4382,2500,0,56,0,10 projectiles=-
retail_frame=1636 camera=5227,2947,1443,243,192,0 player=5233,2968,1445,237,198,4,23 wingmate=13425,-1256,2597,237,198,4,23 attacker0=-14980,-3344,864,0,56,0,12 attacker1=- attacker2=- attacker3=-11904,-4370,2500,0,56,0,10 projectiles=-
retail_frame=1640 camera=5333,2948,1456,243,192,0 player=5339,2970,1458,237,198,4,23 wingmate=13531,-1254,2610,237,198,4,23 attacker0=-15020,-3341,868,0,56,0,12 attacker1=- attacker2=- attacker3=-11936,-4357,2500,0,56,0,10 projectiles=-
retail_frame=1644 camera=5440,2950,1464,243,224,0 player=5446,2972,1466,237,196,0,23 wingmate=13638,-1252,1082,237,196,0,23 attacker0=-15060,-3337,872,0,56,0,12 attacker1=- attacker2=- attacker3=-11968,-4344,2500,0,56,0,10 projectiles=-
retail_frame=1648 camera=5546,2952,1472,243,224,0 player=5553,2974,1474,237,196,1,23 wingmate=13745,-1250,2242,237,196,1,23 attacker0=-15100,-3331,876,0,56,0,12 attacker1=- attacker2=- attacker3=-12000,-4330,2500,0,56,0,10 projectiles=-
retail_frame=1652 camera=5653,2954,1480,243,224,0 player=5660,2976,1482,237,196,1,23 wingmate=13852,-1248,2250,237,196,1,23 attacker0=-15140,-3324,880,0,56,0,12 attacker1=- attacker2=- attacker3=-12032,-4316,2500,0,56,0,10 projectiles=-
retail_frame=1656 camera=5760,2956,1488,243,224,0 player=5767,2978,1490,237,196,2,23 wingmate=13959,-1246,2258,237,196,2,23 attacker0=-15180,-3316,884,0,56,0,12 attacker1=- attacker2=- attacker3=-12064,-4302,2500,0,56,0,10 projectiles=-
retail_frame=1660 camera=5867,2959,1496,243,224,0 player=5874,2980,1498,237,196,1,23 wingmate=14066,-1244,2266,237,196,1,23 attacker0=-15220,-3306,888,0,56,0,12 attacker1=- attacker2=- attacker3=-12096,-4287,2500,0,56,0,10 projectiles=-
retail_frame=1664 camera=5974,2961,1504,243,224,0 player=5981,2982,1506,237,196,0,23 wingmate=14173,-1242,2274,237,196,0,23 attacker0=-15260,-3295,892,0,56,0,12 attacker1=- attacker2=- attacker3=-12128,-4272,2500,0,56,0,10 projectiles=-
retail_frame=1668 camera=6081,2963,1512,243,224,0 player=6088,2984,1514,237,196,255,23 wingmate=14280,-1240,2282,237,196,255,23 attacker0=-15300,-3283,896,0,56,0,12 attacker1=- attacker2=- attacker3=-12160,-4257,2500,0,56,0,10 projectiles=-
retail_frame=1672 camera=6187,2979,1520,115,224,0 player=6194,2999,1522,237,196,254,23 wingmate=14386,-1225,2290,237,196,254,23 attacker0=-15340,-3270,900,0,56,0,12 attacker1=- attacker2=- attacker3=-12192,-4242,2500,0,56,0,10 projectiles=-
retail_frame=1676 camera=6292,3005,1528,115,224,0 player=6299,3025,1530,237,196,254,23 wingmate=14491,-1199,2298,237,196,254,23 attacker0=-15380,-3256,904,0,56,0,12 attacker1=- attacker2=- attacker3=-12224,-4227,2500,0,56,0,10 projectiles=-
retail_frame=1680 camera=6394,3041,1536,243,224,0 player=6400,3061,1538,238,196,253,23 wingmate=14592,-907,2306,238,196,253,23 attacker0=-15420,-3242,908,0,56,0,12 attacker1=- attacker2=- attacker3=-12256,-4212,2500,0,56,0,10 projectiles=-
retail_frame=1684 camera=6496,3078,1544,243,224,0 player=6602,3133,1554,241,196,252,23 wingmate=15077,-231,2314,14,196,252,23 attacker0=-15460,-3227,912,0,56,0,12 attacker1=- attacker2=- attacker3=-12288,-4197,2500,0,56,0,10 projectiles=-
retail_frame=1688 camera=6698,3151,1560,243,224,0 player=6698,3169,1560,241,196,252,23 wingmate=15178,-195,2322,14,196,252,23 attacker0=-15500,-3212,916,0,56,0,12 attacker1=- attacker2=- attacker3=-12320,-4182,2500,0,56,0,10 projectiles=-
retail_frame=1692 camera=6799,3187,1568,243,224,0 player=6804,3205,1570,241,196,252,23 wingmate=15380,-123,2338,241,196,252,23 attacker0=-15540,-3197,920,0,56,0,12 attacker1=- attacker2=- attacker3=-12352,-4167,2500,0,56,0,10 projectiles=-
retail_frame=1696 camera=6900,3223,1576,243,224,0 player=6905,3241,1578,241,196,252,23 wingmate=15481,-87,2346,241,196,252,23 attacker0=-15580,-3182,924,0,56,0,12 attacker1=- attacker2=- attacker3=-12384,-4152,2500,0,56,0,10 projectiles=-
retail_frame=1700 camera=7001,3260,1584,243,224,0 player=7006,3277,1586,241,196,253,23 wingmate=15582,-51,2354,241,196,253,23 attacker0=-15660,-3167,932,0,56,0,12 attacker1=- attacker2=- attacker3=-12416,-4137,2500,0,56,0,10 projectiles=-
retail_frame=1704 camera=7102,3296,1592,243,224,0 player=7107,3313,1594,241,196,253,23 wingmate=15683,-15,2362,241,196,253,23 attacker0=-15660,-3152,932,0,56,0,12 attacker1=- attacker2=- attacker3=-12448,-4122,2500,0,56,0,10 projectiles=-
retail_frame=1708 camera=7203,3332,1600,243,224,0 player=7208,3349,1602,241,196,254,23 wingmate=15784,21,2370,241,196,254,23 attacker0=-15700,-3137,936,0,56,0,12 attacker1=- attacker2=- attacker3=-12480,-4107,2500,0,56,0,10 projectiles=-
retail_frame=1712 camera=7304,3368,1608,243,224,0 player=7309,3385,1610,241,196,254,23 wingmate=15885,57,2378,241,196,254,23 attacker0=-15740,-3123,940,0,56,0,12 attacker1=- attacker2=- attacker3=-12512,-4092,2500,0,56,0,10 projectiles=-
retail_frame=1716 camera=7304,3368,1608,243,224,0 player=7309,3385,1610,241,196,254,23 wingmate=15885,57,2378,241,196,254,23 attacker0=-15780,-3109,944,0,56,0,12 attacker1=- attacker2=- attacker3=-12544,-4078,2500,0,56,0,10 projectiles=-
retail_frame=1720 camera=7405,3404,1616,243,224,0 player=7410,3421,1618,241,196,255,23 wingmate=15986,93,2386,241,196,255,23 attacker0=-15820,-3096,948,0,56,0,12 attacker1=- attacker2=- attacker3=-12576,-4064,2500,0,56,0,10 projectiles=-
retail_frame=1724 camera=7506,3439,1624,243,224,0 player=7511,3457,1626,241,196,0,23 wingmate=16087,129,2394,241,196,0,23 attacker0=-15860,-3084,952,0,56,0,12 attacker1=- attacker2=- attacker3=-12608,-4050,2500,0,56,0,10 projectiles=-
retail_frame=1728 camera=7607,3475,1632,243,224,0 player=7612,3493,1634,241,196,1,23 wingmate=16188,165,2402,241,196,1,23 attacker0=-15900,-3073,956,0,56,0,12 attacker1=- attacker2=- attacker3=-12640,-4037,2500,0,56,0,10 projectiles=-
retail_frame=1732 camera=7708,3511,1640,243,224,0 player=7713,3529,1642,241,196,2,23 wingmate=16289,201,2410,241,196,2,23 attacker0=-15940,-3063,960,0,56,0,12 attacker1=- attacker2=- attacker3=-12672,-4024,2500,0,56,0,10 projectiles=-
retail_frame=1736 camera=7810,3510,1648,243,224,0 player=7815,3529,1650,241,196,2,23 wingmate=16391,201,2418,241,196,2,23 attacker0=-15980,-3055,964,0,56,0,12 attacker1=- attacker2=- attacker3=-12704,-4012,2500,0,56,0,10 projectiles=-
retail_frame=1740 camera=7913,3510,1656,243,224,0 player=7918,3529,1658,241,196,3,23 wingmate=16494,201,2426,241,196,3,23 attacker0=-16020,-3048,968,0,56,0,12 attacker1=- attacker2=- attacker3=-12736,-4000,2500,0,56,0,10 projectiles=-
retail_frame=1744 camera=8016,3509,1664,243,224,0 player=8021,3529,1666,241,196,3,23 wingmate=16597,201,2434,241,196,3,23 attacker0=-16060,-3042,972,0,56,0,12 attacker1=- attacker2=- attacker3=-12768,-3988,2500,0,56,0,10 projectiles=-
retail_frame=1748 camera=8119,3508,1672,243,224,0 player=8124,3529,1674,241,196,4,23 wingmate=16700,201,2442,241,196,4,23 attacker0=-16100,-3038,976,0,56,0,12 attacker1=- attacker2=- attacker3=-12800,-3977,2500,0,56,0,10 projectiles=-
retail_frame=1752 camera=8329,3507,1688,243,224,0 player=8334,3529,1690,241,196,4,23 wingmate=8329,3507,1688,9,196,4,23 attacker0=-16140,-3035,980,0,56,0,12 attacker1=- attacker2=- attacker3=-12832,-3967,2500,0,56,0,10 projectiles=-
retail_frame=1756 camera=8434,3507,1696,243,224,0 player=8439,3529,1698,241,196,4,23 wingmate=17015,201,2466,241,196,4,23 attacker0=-16220,-3034,988,0,56,0,12 attacker1=- attacker2=- attacker3=-12864,-3957,2500,0,56,0,10 projectiles=-
retail_frame=1760 camera=8540,3507,1704,243,224,0 player=8545,3529,1706,241,196,3,23 wingmate=17121,201,2474,241,196,3,23 attacker0=-16260,-3035,992,0,56,0,12 attacker1=- attacker2=- attacker3=-12896,-3948,2500,0,56,0,10 projectiles=-
retail_frame=1764 camera=8646,3506,1712,243,224,0 player=8651,3529,1714,241,196,3,23 wingmate=17227,201,2482,241,196,3,23 attacker0=-16300,-3038,996,0,56,0,12 attacker1=- attacker2=- attacker3=-12928,-3939,2500,0,56,0,10 projectiles=-
retail_frame=1768 camera=8752,3506,1720,243,224,0 player=8757,3529,1722,241,196,2,23 wingmate=17333,201,2490,241,196,2,23 attacker0=-16340,-3042,1000,0,56,0,12 attacker1=- attacker2=- attacker3=-12992,-3924,2500,0,56,0,10 projectiles=-
retail_frame=1772 camera=8858,3506,1728,243,224,0 player=8863,3529,1730,241,196,2,23 wingmate=17439,201,2498,241,196,2,23 attacker0=-16380,-3048,1004,0,56,0,12 attacker1=- attacker2=- attacker3=-13024,-3917,2500,0,56,0,10 projectiles=-
retail_frame=1776 camera=8964,3506,1736,243,224,0 player=8969,3529,1738,241,196,1,23 wingmate=17545,201,2506,241,196,1,23 attacker0=-16420,-3055,1008,0,56,0,12 attacker1=- attacker2=- attacker3=-13056,-3911,2500,0,56,0,10 projectiles=-
retail_frame=1780 camera=9070,3506,1744,243,224,0 player=9075,3529,1746,241,196,0,23 wingmate=17651,201,2514,241,196,0,23 attacker0=-16460,-3063,1012,0,56,0,12 attacker1=- attacker2=- attacker3=-13088,-3906,2500,0,56,0,10 projectiles=-
retail_frame=1784 camera=9177,3507,1752,243,224,0 player=9289,3529,1762,241,196,254,23 wingmate=9284,3507,1760,5,196,254,23 attacker0=-16500,-3073,1016,0,56,0,12 attacker1=- attacker2=- attacker3=-13120,-3902,2500,0,56,0,10 projectiles=-
retail_frame=1788 camera=9391,3507,1768,243,224,0 player=9396,3529,1770,241,196,254,23 wingmate=9391,3507,1768,5,196,254,23 attacker0=-16540,-3084,1020,0,56,0,12 attacker1=- attacker2=- attacker3=-13152,-3898,2500,0,56,0,10 projectiles=-
retail_frame=1792 camera=9498,3508,1776,243,224,0 player=9503,3529,1778,241,196,253,23 wingmate=9498,3508,1776,4,196,253,23 attacker0=-16580,-3096,1024,0,56,0,12 attacker1=- attacker2=- attacker3=-13184,-3895,2500,0,56,0,10 projectiles=-
retail_frame=1796 camera=9605,3508,1784,243,224,0 player=9605,3529,1784,241,196,253,23 wingmate=9605,3508,1784,4,196,253,23 attacker0=-16620,-3109,1028,0,56,0,12 attacker1=- attacker2=- attacker3=-13216,-3893,2500,0,56,0,10 projectiles=-
retail_frame=1800 camera=9605,3508,1784,243,224,0 player=9610,3529,1786,241,196,253,23 wingmate=18186,201,2554,241,196,253,23 attacker0=-16660,-3123,1032,0,56,0,12 attacker1=- attacker2=- attacker3=-13248,-3892,2500,0,56,0,10 projectiles=-
retail_frame=1804 camera=9819,3510,1800,243,224,0 player=9824,3529,1802,241,196,252,23 wingmate=9819,3510,1800,3,196,252,23 attacker0=-16700,-3137,1036,0,56,0,12 attacker1=- attacker2=- attacker3=-13280,-3891,2500,0,56,0,10 projectiles=-
retail_frame=1808 camera=9926,3510,1808,243,224,0 player=9931,3529,1810,241,196,252,23 wingmate=18507,201,2578,241,196,252,23 attacker0=- attacker1=- attacker2=- attacker3=- projectiles=-
retail_frame=1812 camera=9933,3511,1810,243,224,0 player=10114,3529,1823,2,196,253,23 wingmate=10097,3519,1817,2,196,253,23 attacker0=- attacker1=- attacker2=- attacker3=- projectiles=-
retail_frame=1816 camera=10086,3524,1815,235,224,0 player=10195,3529,1828,2,196,253,23 wingmate=19283,3913,2596,2,196,0,23 attacker0=- attacker1=- attacker2=- attacker3=- projectiles=-
retail_frame=1820 camera=10152,3528,1817,174,224,0 player=10269,3529,1833,2,196,254,23 wingmate=19357,3913,2601,2,196,0,23 attacker0=- attacker1=- attacker2=- attacker3=- projectiles=-
retail_frame=1824 camera=10211,3530,1818,153,224,0 player=10399,3529,1841,1,196,255,23 wingmate=19425,3657,2605,1,196,255,23 attacker0=- attacker1=- attacker2=- attacker3=- projectiles=-
retail_frame=1828 camera=10311,3534,1817,210,224,0 player=10456,3529,1844,1,196,0,23 wingmate=19544,3657,2612,1,196,0,23 attacker0=- attacker1=- attacker2=- attacker3=- projectiles=-
retail_frame=1832 camera=10318,3534,1815,24,224,0 player=10509,3529,1847,1,196,1,23 wingmate=19597,3657,2615,1,196,0,23 attacker0=- attacker1=- attacker2=- attacker3=- projectiles=-
retail_frame=1836 camera=10330,3531,1817,220,72,0 player=10604,3529,1851,0,196,2,23 wingmate=19646,3657,2617,0,196,2,23 attacker0=- attacker1=- attacker2=- attacker3=- projectiles=-
retail_frame=1840 camera=10426,3525,1827,193,166,0 player=10647,3529,1853,0,196,3,23 wingmate=19863,3529,2621,0,196,0,23 attacker0=- attacker1=- attacker2=- attacker3=- projectiles=-
retail_frame=1844 camera=10468,3523,1832,105,115,0 player=10687,3529,1854,0,196,3,23 wingmate=19903,3529,2622,0,196,0,23 attacker0=- attacker1=- attacker2=- attacker3=- projectiles=-
retail_frame=1848 camera=10508,3521,1839,225,121,0 player=10761,3529,1856,0,196,4,23 wingmate=19941,3529,2623,0,196,4,23 attacker0=- attacker1=- attacker2=- attacker3=- projectiles=-
retail_frame=1852 camera=10580,3517,1850,211,86,0 player=10795,3529,1857,0,196,4,23 wingmate=20011,3529,2625,0,196,0,23 attacker0=- attacker1=- attacker2=- attacker3=- projectiles=-
retail_frame=1856 camera=10614,3515,1855,46,75,0 player=10828,3529,1858,0,196,4,23 wingmate=20044,3529,2626,0,196,0,23 attacker0=- attacker1=- attacker2=- attacker3=- projectiles=-
retail_frame=1860 camera=10647,3513,1862,111,109,0 player=10891,3529,1860,0,196,3,23 wingmate=20076,3529,2627,0,196,3,23 attacker0=- attacker1=- attacker2=- attacker3=- projectiles=-
retail_frame=1864 camera=10710,3509,1872,232,79,0 player=10921,3529,1861,0,196,2,23 wingmate=20137,3529,2629,0,196,0,23 attacker0=- attacker1=- attacker2=- attacker3=- projectiles=-
retail_frame=1868 camera=10739,3508,1877,24,71,0 player=10950,3529,1862,0,196,2,23 wingmate=20166,3529,2630,0,196,0,23 attacker0=- attacker1=- attacker2=- attacker3=- projectiles=-
retail_frame=1872 camera=10765,3507,1882,208,35,0 player=11005,3529,1864,0,196,0,23 wingmate=20194,3529,2631,0,196,0,23 attacker0=- attacker1=- attacker2=- attacker3=- projectiles=-
retail_frame=1876 camera=10817,3505,1890,32,208,0 player=11031,3529,1865,0,196,255,23 wingmate=20247,3529,2633,0,196,0,23 attacker0=- attacker1=- attacker2=- attacker3=- projectiles=-
retail_frame=1880 camera=10841,3504,1895,120,192,0 player=11056,3529,1866,0,196,254,23 wingmate=20272,3529,2634,0,196,0,23 attacker0=- attacker1=- attacker2=- attacker3=- projectiles=-
retail_frame=1884 camera=10864,3503,1901,220,176,0 player=11103,3529,1868,0,196,253,23 wingmate=20296,3529,2635,0,196,253,23 attacker0=- attacker1=- attacker2=- attacker3=- projectiles=-
retail_frame=1888 camera=10907,3501,1912,143,168,0 player=11125,3529,1869,0,196,253,23 wingmate=20341,3529,2637,0,196,0,23 attacker0=- attacker1=- attacker2=- attacker3=- projectiles=-
retail_frame=1892 camera=10926,3500,1918,227,164,0 player=11146,3529,1870,0,196,252,23 wingmate=20362,3529,2638,0,196,0,23 attacker0=- attacker1=- attacker2=- attacker3=- projectiles=-
retail_frame=1896 camera=10947,3499,1924,45,146,0 player=11188,3529,1872,0,196,252,23 wingmate=20383,3529,2639,0,196,252,23 attacker0=- attacker1=- attacker2=- attacker3=- projectiles=-
retail_frame=1900 camera=10985,3497,1937,203,148,0 player=11209,3529,1873,0,196,252,23 wingmate=20425,3529,2641,0,196,0,23 attacker0=- attacker1=- attacker2=- attacker3=- projectiles=-
retail_frame=1904 camera=11005,3496,1944,9,146,0 player=11230,3529,1874,0,196,253,23 wingmate=20446,3529,2642,0,196,0,23 attacker0=- attacker1=- attacker2=- attacker3=- projectiles=-
retail_frame=1908 camera=11026,3495,1951,68,145,0 player=11272,3529,1876,0,196,254,23 wingmate=20467,3529,2643,0,196,254,23 attacker0=- attacker1=- attacker2=- attacker3=- projectiles=-
retail_frame=1912 camera=11066,3493,1966,179,172,0 player=11293,3529,1877,0,196,254,23 wingmate=20509,3529,2645,0,196,0,23 attacker0=- attacker1=- attacker2=- attacker3=- projectiles=-
retail_frame=1916 camera=11086,3492,1973,233,182,0 player=11314,3529,1878,0,196,255,23 wingmate=20530,3529,2646,0,196,0,23 attacker0=- attacker1=- attacker2=- attacker3=- projectiles=-
retail_frame=1920 camera=11106,3491,1981,32,179,0 player=11356,3529,1880,0,196,1,23 wingmate=20551,3529,2647,0,196,1,23 attacker0=- attacker1=- attacker2=- attacker3=- projectiles=-
retail_frame=1924 camera=11146,3489,1998,120,212,0 player=11377,3529,1881,0,196,2,23 wingmate=20593,3529,2649,0,196,0,23 attacker0=- attacker1=- attacker2=- attacker3=- projectiles=-
retail_frame=1928 camera=11166,3488,2005,160,218,0 player=11398,3529,1882,0,196,2,23 wingmate=20614,3529,2650,0,196,0,23 attacker0=- attacker1=- attacker2=- attacker3=- projectiles=-
retail_frame=1932 camera=11186,3487,2012,196,173,0 player=11440,3529,1884,0,196,3,23 wingmate=20635,3529,2651,0,196,3,23 attacker0=- attacker1=- attacker2=- attacker3=- projectiles=-
retail_frame=1936 camera=11229,3485,2031,5,219,0 player=11461,3529,1885,0,196,4,23 wingmate=20677,3529,2653,0,196,0,23 attacker0=- attacker1=- attacker2=- attacker3=- projectiles=-
retail_frame=1940 camera=11249,3484,2039,38,205,0 player=11482,3529,1886,0,196,4,23 wingmate=20698,3529,2654,0,196,0,23 attacker0=- attacker1=- attacker2=- attacker3=- projectiles=-
retail_frame=1944 camera=11271,3483,2047,63,198,0 player=11524,3529,1888,0,196,4,23 wingmate=20719,3529,2655,0,196,4,23 attacker0=- attacker1=- attacker2=- attacker3=- projectiles=-
retail_frame=1948 camera=11313,3481,2066,123,205,0 player=11545,3529,1889,0,196,3,23 wingmate=20761,3529,2657,0,196,0,23 attacker0=- attacker1=- attacker2=- attacker3=- projectiles=-
retail_frame=1952 camera=11336,3480,2075,153,214,0 player=11566,3529,1890,0,196,3,23 wingmate=20782,3529,2658,0,196,0,23 attacker0=- attacker1=- attacker2=- attacker3=- projectiles=-
retail_frame=1956 camera=11358,3479,2084,180,219,0 player=11608,3529,1892,0,196,2,23 wingmate=20803,3529,2659,0,196,2,23 attacker0=- attacker1=- attacker2=- attacker3=- projectiles=-
retail_frame=1960 camera=11404,3479,2101,217,210,0 player=11629,3529,1893,0,196,1,23 wingmate=20845,3529,2661,0,196,0,23 attacker0=- attacker1=- attacker2=- attacker3=- projectiles=-
retail_frame=1964 camera=11429,3479,2110,228,225,0 player=11650,3529,1894,0,196,0,23 wingmate=20866,3529,2662,0,196,0,23 attacker0=- attacker1=- attacker2=- attacker3=- projectiles=-
retail_frame=1968 camera=11452,3479,2119,246,240,0 player=11692,3529,1896,0,196,254,23 wingmate=20887,3529,2663,0,196,254,23 attacker0=- attacker1=- attacker2=- attacker3=- projectiles=-
retail_frame=1972 camera=11499,3479,2139,35,12,0 player=11713,3529,1897,0,196,254,23 wingmate=20929,3529,2665,0,196,0,23 attacker0=- attacker1=- attacker2=- attacker3=- projectiles=-
retail_frame=1976 camera=11524,3479,2148,57,46,0 player=11734,3529,1898,0,196,253,23 wingmate=20950,3529,2666,0,196,0,23 attacker0=- attacker1=- attacker2=- attacker3=- projectiles=-
retail_frame=1980 camera=11548,3479,2156,80,39,0 player=11776,3529,1900,0,196,252,23 wingmate=20971,3529,2667,0,196,252,23 attacker0=- attacker1=- attacker2=- attacker3=- projectiles=-
retail_frame=1984 camera=11598,3479,2175,122,41,0 player=11797,3529,1901,0,196,252,23 wingmate=21013,3529,2669,0,196,0,23 attacker0=- attacker1=- attacker2=- attacker3=- projectiles=-
retail_frame=1988 camera=11623,3479,2182,141,28,0 player=11818,3529,1902,0,196,252,23 wingmate=21034,3529,2670,0,196,0,23 attacker0=- attacker1=- attacker2=- attacker3=- projectiles=-
retail_frame=1992 camera=11649,3479,2192,162,30,0 player=11860,3529,1904,0,196,253,23 wingmate=21055,3529,2671,0,196,253,23 attacker0=- attacker1=- attacker2=- attacker3=- projectiles=-
retail_frame=1996 camera=11700,3479,2208,186,15,0 player=11881,3529,1905,0,196,253,23 wingmate=21097,3529,2673,0,196,0,23 attacker0=- attacker1=- attacker2=- attacker3=- projectiles=-
retail_frame=2000 camera=11728,3479,2218,201,23,0 player=11902,3529,1906,0,196,254,23 wingmate=21118,3529,2674,0,196,0,23 attacker0=- attacker1=- attacker2=- attacker3=- projectiles=-
retail_frame=2004 camera=11755,3479,2228,208,59,0 player=11944,3529,1908,0,196,255,23 wingmate=21139,3529,2675,0,196,255,23 attacker0=- attacker1=- attacker2=- attacker3=- projectiles=-
retail_frame=2008 camera=11807,3479,2242,232,30,0 player=11965,3529,1909,0,196,0,23 wingmate=21181,3529,2677,0,196,0,23 attacker0=- attacker1=- attacker2=- attacker3=- projectiles=-
retail_frame=2012 camera=11835,3479,2254,244,47,0 player=11986,3529,1910,0,196,1,23 wingmate=21202,3529,2678,0,196,1,23 attacker0=- attacker1=- attacker2=- attacker3=- projectiles=-
retail_frame=2016 camera=11863,3479,2262,250,47,0 player=12028,3529,1912,0,196,2,23 wingmate=21223,3529,2679,0,196,2,23 attacker0=- attacker1=- attacker2=- attacker3=- projectiles=-
