# Compact Mesen oracle evidence for the first re-engagement sortie.
# Raw source SHA-256: e2cc4f5c9196b71d6c7f3d3ff26ac1cbb5cf4a8ce011c8595e183fa7e3f907fe
# return_retail_frame=6318
# map_ready_retail_frame=6320
retail_frame=0 camera=0,0,0,0,0,0 player=31819,-2881,-25677,0,227,1,30 wingmate=-27701,-2881,-18637,0,227,1,30 targets=-/-/-/- projectiles=-
retail_frame=4 camera=0,0,0,0,0,0 player=31819,-2881,-25677,0,227,1,30 wingmate=-27701,-2881,-18637,0,227,1,30 targets=-/-/-/- projectiles=-
retail_frame=8 camera=0,0,0,0,0,0 player=31819,-2881,-25677,0,227,1,30 wingmate=-27701,-2881,-18637,0,227,1,30 targets=-/-/-/- projectiles=-
retail_frame=12 camera=0,0,0,0,0,0 player=31819,-2881,-25677,0,227,1,30 wingmate=-27701,-2881,-18637,0,227,1,30 targets=-/-/-/- projectiles=-
retail_frame=16 camera=0,0,0,0,0,0 player=31819,-2881,-25677,0,227,1,30 wingmate=-27701,-2881,-18637,0,227,1,30 targets=-/-/-/- projectiles=-
retail_frame=20 camera=0,0,0,0,0,0 player=31819,-2881,-25677,0,227,1,30 wingmate=-27701,-2881,-18637,0,227,1,30 targets=-/-/-/- projectiles=-
retail_frame=24 camera=0,0,0,0,0,0 player=31819,-2881,-25677,0,227,1,30 wingmate=-27701,-2881,-18637,0,227,1,30 targets=-/-/-/- projectiles=-
retail_frame=28 camera=0,0,0,0,0,0 player=31819,-2881,-25677,0,227,1,30 wingmate=-27701,-2881,-18637,0,227,1,30 targets=-/-/-/- projectiles=-
retail_frame=32 camera=0,0,0,0,0,0 player=31819,-2881,-25677,0,227,1,30 wingmate=-27701,-2881,-18637,0,227,1,30 targets=-/-/-/- projectiles=-
retail_frame=36 camera=0,0,0,0,0,0 player=31819,-2881,-25677,0,227,1,30 wingmate=-27701,-2881,-18637,0,227,1,30 targets=-/-/-/- projectiles=-
retail_frame=40 camera=0,0,0,0,0,0 player=31819,-2881,-25677,0,227,1,30 wingmate=-27701,-2881,-18637,0,227,1,30 targets=-/-/-/- projectiles=-
retail_frame=44 camera=0,0,0,0,0,0 player=31819,-2881,-25677,0,227,1,30 wingmate=-27701,-2881,-18637,0,227,1,30 targets=-/-/-/- projectiles=-
retail_frame=48 camera=0,0,0,0,0,0 player=31819,-2881,-25677,0,227,1,30 wingmate=-27701,-2881,-18637,0,227,1,30 targets=-/-/-/- projectiles=-
retail_frame=52 camera=0,0,0,0,0,0 player=67,0,183,0,64,0,0 wingmate=60,0,189,0,0,0,0 targets=-/-/-/- projectiles=-
retail_frame=56 camera=0,0,0,0,0,0 player=67,0,183,0,64,0,0 wingmate=60,0,189,0,0,0,0 targets=-/-/-/- projectiles=-
retail_frame=60 camera=0,0,0,0,0,0 player=67,0,183,0,64,0,0 wingmate=60,0,189,0,0,0,0 targets=-/-/-/- projectiles=-
retail_frame=64 camera=0,0,0,0,0,0 player=67,0,183,0,64,0,0 wingmate=60,0,189,0,0,0,0 targets=-/-/-/- projectiles=-
retail_frame=68 camera=0,0,0,0,0,0 player=67,0,183,0,64,0,0 wingmate=60,0,189,0,0,0,0 targets=-500,-1797,-2500,0,38,0,0/500,-4597,2500,0,38,0,0/-2500,-600,-500,0,0,0,0/2500,600,500,0,0,0,0 projectiles=-
retail_frame=72 camera=0,0,0,0,0,0 player=67,0,183,0,64,0,0 wingmate=60,0,189,0,0,0,0 targets=-500,-1797,-2500,0,38,0,0/500,-4597,2500,0,38,0,0/-2524,-3782,-484,0,38,0,10/2476,-2582,516,0,38,0,10 projectiles=-
retail_frame=76 camera=0,0,0,0,0,0 player=67,0,183,0,64,0,0 wingmate=60,0,189,0,0,0,0 targets=-500,-1797,-2500,0,38,0,0/500,-4597,2500,0,38,0,0/-2524,-3782,-484,0,38,0,10/2476,-2582,516,0,38,0,10 projectiles=-
retail_frame=80 camera=0,0,0,0,0,0 player=67,0,183,0,64,0,0 wingmate=60,0,189,0,0,0,0 targets=-500,-1797,-2500,0,38,0,0/500,-4597,2500,0,38,0,0/-2524,-3782,-484,0,38,0,10/2476,-2582,516,0,38,0,10 projectiles=-
retail_frame=84 camera=-1490,-4447,880,208,80,0 player=67,0,183,0,64,0,0 wingmate=60,0,189,0,0,0,0 targets=-524,-1782,-2484,0,38,0,10/476,-4582,2516,0,38,0,10/-2548,-3767,-468,0,38,0,10/2452,-2567,532,0,38,0,10 projectiles=-
retail_frame=88 camera=-1475,-4400,907,16,16,0 player=67,0,183,0,64,0,0 wingmate=60,0,189,0,0,0,0 targets=-548,-1767,-2468,0,38,0,10/452,-4567,2532,0,38,0,10/-2572,-3752,-452,0,38,0,10/2428,-2552,548,0,38,0,10 projectiles=-
retail_frame=92 camera=-1460,-4352,934,64,192,0 player=67,0,183,0,64,0,0 wingmate=60,0,189,0,0,0,0 targets=-572,-1752,-2452,0,38,0,10/428,-4552,2548,0,38,0,10/-2596,-3737,-436,0,38,0,10/2404,-2537,564,0,38,0,10 projectiles=-
retail_frame=96 camera=-1445,-4305,961,128,128,0 player=67,0,183,0,64,0,0 wingmate=0,0,0,0,0,0,0 targets=-596,-1737,-2436,0,38,0,10/404,-4537,2564,0,38,0,10/-2620,-3722,-420,0,38,0,10/2380,-2522,580,0,38,0,10 projectiles=-
retail_frame=100 camera=-1430,-4258,988,208,80,0 player=67,0,183,0,64,0,0 wingmate=0,0,0,0,0,0,0 targets=-620,-1723,-2420,0,38,0,10/380,-4523,2580,0,38,0,10/-2644,-3707,-404,0,38,0,10/2356,-2507,596,0,38,0,10 projectiles=-
retail_frame=104 camera=-1415,-4211,1015,32,32,0 player=67,0,183,0,64,0,0 wingmate=0,0,0,0,0,0,0 targets=-644,-1709,-2404,0,38,0,10/356,-4509,2596,0,38,0,10/-2668,-3692,-388,0,38,0,10/2332,-2492,612,0,38,0,10 projectiles=-
retail_frame=108 camera=-1400,-4164,1042,96,16,0 player=67,0,183,0,64,0,0 wingmate=0,0,0,0,0,0,0 targets=-668,-1696,-2388,0,38,0,10/332,-4496,2612,0,38,0,10/-2692,-3678,-372,0,38,0,10/2308,-2478,628,0,38,0,10 projectiles=-
retail_frame=112 camera=-1385,-4117,1069,192,16,0 player=67,0,183,0,64,0,0 wingmate=0,0,0,0,0,0,0 targets=-692,-1684,-2372,0,38,0,10/308,-4484,2628,0,38,0,10/-2716,-3664,-356,0,38,0,10/2284,-2464,644,0,38,0,10 projectiles=-
retail_frame=116 camera=-1371,-4070,1096,48,32,0 player=67,0,183,0,64,0,0 wingmate=0,0,0,0,0,0,0 targets=-716,-1673,-2356,0,38,0,10/284,-4473,2644,0,38,0,10/-2740,-3650,-340,0,38,0,10/2260,-2450,660,0,38,0,10 projectiles=-
retail_frame=120 camera=-1356,-4023,1123,144,64,0 player=67,0,183,0,64,0,0 wingmate=0,0,0,0,0,0,0 targets=-740,-1663,-2340,0,38,0,10/260,-4463,2660,0,38,0,10/-2764,-3637,-324,0,38,0,10/2236,-2437,676,0,38,0,10 projectiles=-
retail_frame=124 camera=-1341,-3976,1150,48,96,0 player=67,0,183,0,64,0,0 wingmate=0,0,0,0,0,0,0 targets=-764,-1655,-2324,0,38,0,10/236,-4455,2676,0,38,0,10/-2788,-3624,-308,0,38,0,10/2212,-2424,692,0,38,0,10 projectiles=-
retail_frame=128 camera=-1319,-3923,1177,176,224,0 player=67,0,183,0,64,0,0 wingmate=0,0,0,0,0,0,0 targets=-788,-1648,-2308,0,38,0,10/212,-4448,2692,0,38,0,10/-2812,-3612,-292,0,38,0,10/2188,-2412,708,0,38,0,10 projectiles=-
retail_frame=132 camera=-1289,-3862,1204,192,192,0 player=67,0,183,0,64,0,0 wingmate=0,0,0,0,0,0,0 targets=-812,-1642,-2292,0,38,0,10/188,-4442,2708,0,38,0,10/-2836,-3600,-276,0,38,0,10/2164,-2400,724,0,38,0,10 projectiles=-
retail_frame=136 camera=-1289,-3862,1204,192,192,0 player=67,0,183,0,64,0,0 wingmate=0,0,0,0,0,0,0 targets=-836,-1638,-2276,0,38,0,10/164,-4438,2724,0,38,0,10/-2860,-3588,-260,0,38,0,10/2140,-2388,740,0,38,0,10 projectiles=-
retail_frame=140 camera=-1252,-3795,1231,48,240,0 player=67,0,183,0,64,0,0 wingmate=0,0,0,0,0,0,0 targets=-860,-1635,-2260,0,38,0,10/140,-4435,2740,0,38,0,10/-2884,-3577,-244,0,38,0,10/2116,-2377,756,0,38,0,10 projectiles=-
retail_frame=144 camera=-1207,-3721,1258,240,144,0 player=67,0,183,0,64,0,0 wingmate=0,0,0,0,0,0,0 targets=-884,-1634,-2244,0,38,0,10/116,-4434,2756,0,38,0,10/-2908,-3567,-228,0,38,0,10/2092,-2367,772,0,38,0,10 projectiles=-
retail_frame=148 camera=-1155,-3641,1285,16,192,0 player=67,0,183,0,64,0,0 wingmate=0,0,0,0,0,0,0 targets=-908,-1634,-2228,0,38,0,10/92,-4434,2772,0,38,0,10/-2932,-3557,-212,0,38,0,10/2068,-2357,788,0,38,0,10 projectiles=-
retail_frame=152 camera=-1029,-3459,1339,16,128,0 player=67,0,183,0,64,0,0 wingmate=0,0,0,0,0,0,0 targets=-932,-1635,-2212,0,38,0,10/68,-4435,2788,0,38,0,10/-2956,-3548,-196,0,38,0,10/2044,-2348,804,0,38,0,10 projectiles=-
retail_frame=156 camera=-955,-3359,1366,176,32,0 player=67,0,183,0,64,0,0 wingmate=0,0,0,0,0,0,0 targets=-956,-1638,-2196,0,38,0,10/44,-4438,2804,0,38,0,10/-2980,-3539,-180,0,38,0,10/2020,-2339,820,0,38,0,10 projectiles=-
retail_frame=160 camera=-874,-3251,1393,112,0,0 player=67,0,183,0,64,0,0 wingmate=0,0,0,0,0,0,0 targets=-980,-1642,-2180,0,38,0,10/20,-4442,2820,0,38,0,10/-3004,-3531,-164,0,38,0,10/1996,-2331,836,0,38,0,10 projectiles=-
retail_frame=164 camera=-785,-3137,1420,16,80,0 player=67,0,183,0,64,0,0 wingmate=0,0,0,0,0,0,0 targets=-1028,-1655,-2148,0,38,0,10/-4,-4448,2836,0,38,0,10/-3028,-3524,-148,0,38,0,10/1972,-2324,852,0,38,0,10 projectiles=-
retail_frame=168 camera=-688,-3016,1447,112,240,0 player=67,0,183,0,64,0,0 wingmate=0,0,0,0,0,0,0 targets=-1052,-1663,-2132,0,38,0,10/-52,-4455,2868,0,38,0,10/-3052,-3517,-132,0,38,0,10/1948,-2317,868,0,38,0,10 projectiles=-
retail_frame=172 camera=-585,-2889,1474,224,64,0 player=67,0,183,0,64,0,0 wingmate=0,0,0,0,0,0,0 targets=-1076,-1673,-2116,0,38,0,10/-76,-4473,2884,0,38,0,10/-3076,-3511,-116,0,38,0,10/1924,-2311,884,0,38,0,10 projectiles=-
retail_frame=176 camera=-474,-2754,1501,208,64,0 player=67,0,183,0,64,0,0 wingmate=0,0,0,0,0,0,0 targets=-1100,-1684,-2100,0,38,0,10/-100,-4484,2900,0,38,0,10/-3124,-3506,-84,0,38,0,10/1900,-2306,900,0,38,0,10 projectiles=-
retail_frame=180 camera=-355,-2613,1528,128,144,0 player=67,0,183,0,64,0,0 wingmate=0,0,0,0,0,0,0 targets=-1124,-1696,-2084,0,38,0,10/-124,-4496,2916,0,38,0,10/-3148,-3498,-68,0,38,0,10/1852,-2298,932,0,38,0,10 projectiles=-
retail_frame=184 camera=-96,-2311,1582,240,32,0 player=67,0,183,0,64,0,0 wingmate=0,0,0,0,0,0,0 targets=-1148,-1709,-2068,0,38,0,10/-148,-4509,2932,0,38,0,10/-3172,-3495,-52,0,38,0,10/1828,-2295,948,0,38,0,10 projectiles=-
retail_frame=188 camera=45,-2150,1609,32,96,0 player=67,0,183,0,64,0,0 wingmate=0,0,0,0,0,0,0 targets=-1196,-1737,-2036,0,38,0,10/-172,-4523,2948,0,38,0,10/-3196,-3493,-36,0,38,0,10/1804,-2293,964,0,38,0,10 projectiles=-
retail_frame=192 camera=193,-1982,1636,0,48,0 player=67,0,183,0,64,0,0 wingmate=0,0,0,0,0,0,0 targets=-1220,-1752,-2020,0,38,0,10/-196,-4537,2964,0,38,0,10/-3220,-3492,-20,0,38,0,10/1780,-2292,980,0,38,0,10 projectiles=-
retail_frame=196 camera=349,-1807,1663,192,128,0 player=67,0,183,0,64,0,0 wingmate=0,0,0,0,0,0,0 targets=-1244,-1767,-2004,0,38,0,10/-244,-4567,2996,0,38,0,10/-3268,-3491,12,0,38,0,10/1756,-2291,996,0,38,0,10 projectiles=-
retail_frame=200 camera=512,-1626,1690,80,112,0 player=67,0,183,0,64,0,0 wingmate=0,0,0,0,0,0,0 targets=-1268,-1782,-1988,0,38,0,10/-268,-4582,3012,0,38,0,10/-3292,-3491,28,0,38,0,10/1708,-2291,1028,0,38,0,10 projectiles=-
retail_frame=204 camera=683,-1438,1717,208,48,0 player=67,0,183,0,64,0,0 wingmate=0,0,0,0,0,0,0 targets=-1292,-1797,-1972,0,38,0,10/-292,-4597,3028,0,38,0,10/-3316,-3492,44,0,38,0,10/1684,-2292,1044,0,38,0,10 projectiles=-
retail_frame=208 camera=1046,-1042,1771,160,208,0 player=67,0,183,0,64,0,0 wingmate=0,0,0,0,0,0,0 targets=-1316,-1812,-1956,0,38,0,10/-316,-4612,3044,0,38,0,10/-3340,-3493,60,0,38,0,10/1660,-2293,1060,0,38,0,10 projectiles=-
retail_frame=212 camera=1238,-834,1798,240,0,0 player=67,0,183,0,64,0,0 wingmate=0,0,0,0,0,0,0 targets=-1364,-1827,-1924,0,38,0,10/-340,-4627,3060,0,38,0,10/-3364,-3495,76,0,38,0,10/1636,-2295,1076,0,38,0,10 projectiles=-
retail_frame=216 camera=1438,-619,1825,64,0,0 player=67,0,183,0,64,0,0 wingmate=0,0,0,0,0,0,0 targets=-1388,-1856,-1908,0,38,0,10/-364,-4642,3076,0,38,0,10/-3388,-3498,92,0,38,0,10/1612,-2298,1092,0,38,0,10 projectiles=-
retail_frame=220 camera=1646,-397,1852,112,192,0 player=67,0,183,0,64,0,0 wingmate=0,0,0,0,0,0,0 targets=-1412,-1870,-1892,0,38,0,10/-412,-4670,3108,0,38,0,10/-3412,-3502,108,0,38,0,10/1588,-2302,1108,0,38,0,10 projectiles=-
retail_frame=224 camera=1861,-169,1879,160,128,0 player=67,0,183,0,64,0,0 wingmate=0,0,0,0,0,0,0 targets=-1436,-1883,-1876,0,38,0,10/-436,-4683,3124,0,38,0,10/-3460,-3506,140,0,38,0,10/1564,-2306,1124,0,38,0,10 projectiles=-
retail_frame=228 camera=2083,66,1906,224,64,0 player=67,0,183,0,64,0,0 wingmate=0,0,0,0,0,0,0 targets=-1460,-1895,-1860,0,38,0,10/-460,-4695,3140,0,38,0,10/-3484,-3517,156,0,38,0,10/1540,-2311,1140,0,38,0,10 projectiles=-
retail_frame=232 camera=2313,308,1933,16,224,0 player=67,0,183,0,64,0,0 wingmate=0,0,0,0,0,0,0 targets=-1484,-1906,-1844,0,38,0,10/-484,-4706,3156,0,38,0,10/-3508,-3524,172,0,38,0,10/1492,-2324,1172,0,38,0,10 projectiles=-
retail_frame=236 camera=2795,811,1987,96,208,0 player=67,0,183,0,64,0,0 wingmate=0,0,0,0,0,0,0 targets=-1508,-1916,-1828,0,38,0,10/-508,-4716,3172,0,38,0,10/-3532,-3531,188,0,38,0,10/1468,-2331,1188,0,38,0,10 projectiles=-
retail_frame=240 camera=3046,1073,2014,128,64,0 player=67,0,183,0,64,0,0 wingmate=0,0,0,0,0,0,0 targets=-1532,-1924,-1812,0,38,0,10/-532,-4724,3188,0,38,0,10/-3556,-3539,204,0,38,0,10/1444,-2339,1204,0,38,0,10 projectiles=-
retail_frame=244 camera=3306,1342,2041,160,176,0 player=67,0,183,0,64,0,0 wingmate=0,0,0,0,0,0,0 targets=-1580,-1931,-1780,0,38,0,10/-556,-4731,3204,0,38,0,10/-3580,-3548,220,0,38,0,10/1420,-2348,1220,0,38,0,10 projectiles=-
retail_frame=248 camera=3573,1617,2068,87,42,0 player=0,0,0,0,0,0,0 wingmate=0,0,0,0,0,0,0 targets=-1604,-1937,-1764,0,38,0,10/-580,-4737,3220,0,38,0,10/-3604,-3557,236,0,38,0,10/1396,-2357,1236,0,38,0,10 projectiles=-
retail_frame=252 camera=3805,1862,2095,60,75,0 player=3787,1842,2046,0,22,40,0 wingmate=0,0,0,0,0,0,0 targets=-1628,-1944,-1748,0,38,0,10/-604,-4741,3236,0,38,0,10/-3628,-3567,252,0,38,0,10/1372,-2367,1252,0,38,0,10 projectiles=-
retail_frame=256 camera=4002,2073,2122,203,40,0 player=3963,2053,2099,0,28,40,0 wingmate=0,0,0,0,0,0,0 targets=-1652,-1945,-1732,0,38,0,10/-652,-4745,3268,0,38,0,10/-3652,-3577,268,0,38,0,10/1348,-2377,1268,0,38,0,10 projectiles=-
retail_frame=260 camera=4166,2256,2149,160,210,0 player=4104,2236,2147,0,34,40,0 wingmate=0,0,0,0,0,0,0 targets=-1676,-1945,-1716,0,38,0,10/-652,-4745,3268,0,38,0,10/-3676,-3588,284,0,38,0,10/1324,-2388,1284,0,38,0,10 projectiles=-
retail_frame=264 camera=4303,2414,2176,111,84,0 player=4216,2394,2189,0,40,40,0 wingmate=0,0,0,0,0,0,0 targets=-1700,-1944,-1700,0,38,0,10/-676,-4745,3284,0,38,0,10/-3700,-3600,300,0,38,0,10/1300,-2400,1300,0,38,0,10 projectiles=-
retail_frame=268 camera=4416,2549,2203,254,183,0 player=4304,2529,2227,0,46,40,0 wingmate=0,0,0,0,0,0,0 targets=-1724,-1941,-1684,0,38,0,10/-724,-4741,3316,0,38,0,10/-3724,-3612,316,0,38,0,10/1276,-2412,1316,0,38,0,10 projectiles=-
retail_frame=272 camera=4507,2665,2230,32,4,0 player=4370,2645,2260,0,52,40,0 wingmate=0,0,0,0,0,0,0 targets=-1748,-1937,-1668,0,38,0,10/-748,-4737,3332,0,38,0,10/-3748,-3624,332,0,38,0,10/1252,-2424,1332,0,38,0,10 projectiles=-
retail_frame=276 camera=4580,2765,2257,177,62,0 player=4419,2745,2289,0,58,40,0 wingmate=0,0,0,0,0,0,0 targets=-1772,-1931,-1652,0,38,0,10/-772,-4731,3348,0,38,0,10/-3772,-3637,348,0,38,0,10/1228,-2437,1348,0,38,0,10 projectiles=-
retail_frame=280 camera=4636,2849,2284,152,107,0 player=4458,2829,2312,0,64,74,0 wingmate=0,0,0,0,0,0,0 targets=-1796,-1924,-1636,0,38,0,10/-796,-4724,3364,0,38,0,10/-3820,-3664,380,0,38,0,10/1204,-2450,1364,0,38,0,10 projectiles=-
retail_frame=284 camera=4678,2921,2311,193,141,0 player=4489,2901,2336,0,64,104,0 wingmate=0,0,0,0,0,0,0 targets=-1820,-1916,-1620,0,38,0,10/-820,-4716,3380,0,38,0,10/-3820,-3664,380,0,38,0,10/1180,-2464,1380,0,38,0,10 projectiles=-
retail_frame=288 camera=4708,2982,2338,28,167,0 player=4513,2962,2360,0,64,131,0 wingmate=0,0,0,0,0,0,0 targets=-1908,-1836,-1556,0,38,1,30/-908,-4716,3444,0,38,1,30/-3844,-3678,396,0,38,0,10/1060,-2464,1468,0,38,253,40 projectiles=-
retail_frame=292 camera=4727,3032,2365,158,187,0 player=4530,3012,2385,0,64,155,0 wingmate=0,0,0,0,0,0,0 targets=-2060,-1754,-1444,0,38,2,50/-1060,-4554,3556,0,38,2,50/-4160,-3678,620,0,39,5,63/868,-2464,1616,0,37,251,63 projectiles=-
retail_frame=296 camera=4736,3074,2392,62,202,0 player=4539,3054,2410,0,64,176,0 wingmate=0,0,0,0,0,0,0 targets=-2244,-1669,-1308,0,38,3,60/-1244,-4469,3692,0,38,3,60/-4360,-3679,752,0,40,7,63/500,-2461,1928,0,34,247,63 projectiles=-
retail_frame=300 camera=4730,3135,2446,189,223,0 player=4540,3088,2435,0,64,195,0 wingmate=0,0,0,0,0,0,0 targets=-2432,-1582,-1176,0,39,4,60/-1432,-4382,3824,0,39,4,60/-4568,-3681,872,0,42,9,63/332,-2458,2096,0,32,246,63 projectiles=-
retail_frame=304 camera=4717,3158,2473,146,230,0 player=4532,3138,2486,0,64,227,0 wingmate=0,0,0,0,0,0,0 targets=-2624,-1493,-1052,0,40,5,60/-1624,-4293,3948,0,40,5,60/-4784,-3684,984,0,44,10,63/172,-2455,2276,0,30,245,63 projectiles=-
retail_frame=308 camera=4699,3175,2500,112,235,0 player=4523,3155,2512,0,64,241,0 wingmate=0,0,0,0,0,0,0 targets=-3016,-1402,-816,0,42,7,60/-1820,-4202,4068,0,41,6,60/-5004,-3687,1084,0,46,11,63/24,-2451,2468,0,27,244,63 projectiles=-
retail_frame=312 camera=4676,3188,2527,86,239,0 player=4513,3168,2537,0,64,254,0 wingmate=0,0,0,0,0,0,0 targets=-3016,-1308,-816,0,42,7,60/-2016,-4108,4184,0,42,7,60/-5232,-3691,1168,0,49,12,63/-108,-2446,2668,0,24,243,63 projectiles=-
retail_frame=316 camera=4649,3197,2554,67,242,0 player=4500,3177,2563,0,64,8,3 wingmate=0,0,0,0,64,8,0 targets=-3220,-1212,-712,0,44,8,60/-2220,-4012,4288,0,44,8,60/-5464,-3696,1232,0,52,13,63/-224,-2440,2880,0,21,242,63 projectiles=-
retail_frame=320 camera=4646,3196,2556,0,0,0 player=4499,3177,2563,0,64,8,3 wingmate=-4845,3177,2563,0,64,8,3 targets=-3428,-1114,-616,0,46,8,60/-2428,-3914,4384,0,46,9,60/-5700,-3702,1280,0,55,14,63/-324,-2434,3100,0,18,241,63 projectiles=-
retail_frame=324 camera=4626,3176,2557,0,0,0 player=4495,3177,2563,0,64,6,6 wingmate=-4849,3177,2563,0,64,0,6 targets=-3640,-1014,-532,0,48,8,60/-2640,-3814,4468,0,48,10,60/-5940,-3708,1308,0,58,15,63/-400,-2427,3328,0,14,240,63 projectiles=-
retail_frame=328 camera=4603,3175,2558,0,0,0 player=4488,3177,2563,0,64,5,9 wingmate=-4856,3177,2563,0,64,0,9 targets=-3856,-912,-460,0,50,8,60/-2856,-3712,4540,0,50,11,60/-6184,-3715,1312,0,62,16,63/-452,-2419,3564,0,10,239,63 projectiles=-
retail_frame=332 camera=4578,3174,2559,0,0,0 player=4479,3177,2563,0,64,4,11 wingmate=-4865,3177,2563,0,64,0,11 targets=-4076,-809,-400,0,52,8,60/-3080,-3609,4596,0,53,12,60/-6428,-3723,1308,0,66,17,63/-480,-2411,3804,0,6,238,63 projectiles=-
retail_frame=336 camera=4552,3174,2560,0,0,0 player=4468,3177,2563,0,64,3,13 wingmate=-4876,3177,2563,0,64,0,13 targets=-4300,-704,-348,0,54,8,60/-3308,-3504,4636,0,56,13,60/-6668,-3731,1280,0,70,18,63/-484,-2411,4048,0,2,237,63 projectiles=-
retail_frame=340 camera=4523,3173,2561,0,0,0 player=4455,3177,2563,0,64,4,15 wingmate=-4889,3177,2563,0,64,0,15 targets=-4528,-597,-308,0,56,8,60/-3540,-3397,4660,0,59,14,60/-6904,-3731,1280,0,74,19,63/-484,-2402,4048,0,2,237,63 projectiles=-
retail_frame=344 camera=4493,3172,2562,0,0,0 player=4441,3177,2563,0,64,4,16 wingmate=-4903,3177,2563,0,64,0,16 targets=-4756,-489,-280,0,58,8,60/-3540,-3397,4660,0,59,14,60/-6904,-3740,1228,0,74,19,63/-472,-2392,4292,0,253,236,63 projectiles=-
retail_frame=348 camera=4489,3171,2563,0,0,0 player=4426,3177,2563,0,64,4,17 wingmate=-4918,3177,2563,0,64,0,17 targets=-4756,-489,-280,0,58,8,60/-3772,-3289,4664,0,62,14,60/-7132,-3750,1144,0,79,20,63/-432,-2382,4532,0,248,235,63 projectiles=-
retail_frame=352 camera=4489,3171,2563,0,0,0 player=4426,3177,2563,0,64,4,17 wingmate=-4918,3177,2563,0,64,4,17 targets=-4988,-379,-264,0,60,8,60/-4004,-3179,4664,0,65,14,60/-7348,-3760,1032,0,84,21,63/-360,-2371,4764,0,243,234,63 projectiles=-
retail_frame=356 camera=4456,3170,2563,0,0,0 player=4410,3177,2563,0,64,4,18 wingmate=-4934,3177,2563,0,64,4,18 targets=-5220,-267,-260,0,62,8,60/-4236,-3067,4648,0,68,14,60/-7544,-3771,896,0,89,22,63/-260,-2360,4984,0,238,233,63 projectiles=-
retail_frame=360 camera=4437,3168,2563,0,0,0 player=4393,3177,2563,0,64,3,19 wingmate=-4951,3177,2563,0,64,3,19 targets=-5452,-154,-260,0,64,8,60/-4464,-2954,4616,0,71,14,60/-7724,-3782,736,0,94,23,63/-128,-2348,5184,0,232,232,63 projectiles=-
retail_frame=364 camera=4417,3167,2563,0,0,0 player=4375,3177,2563,0,64,3,20 wingmate=-4969,3177,2563,0,64,3,20 targets=-5684,-40,-264,0,66,8,60/-4688,-2840,4564,0,74,14,60/-7876,-3794,548,0,100,24,63/32,-2336,5364,0,226,232,63 projectiles=-
retail_frame=368 camera=4396,3166,2563,0,0,0 player=4356,3177,2563,0,64,2,21 wingmate=-4988,3177,2563,0,64,0,21 targets=-5916,76,-280,0,68,8,60/-4908,-2724,4496,0,77,14,60/-7996,-3806,340,0,106,24,63/220,-2323,5516,0,220,232,63 projectiles=-
retail_frame=372 camera=4374,3164,2563,0,0,0 player=4336,3177,2563,0,64,2,22 wingmate=-5008,3177,2563,0,64,0,22 targets=-6144,193,-308,0,70,8,60/-5120,-2607,4412,0,80,14,60/-8084,-3819,116,0,112,24,63/428,-2310,5636,0,214,232,63 projectiles=-
retail_frame=376 camera=4351,3163,2563,0,0,0 player=4315,3177,2563,0,64,1,23 wingmate=-5029,3177,2563,0,64,0,23 targets=-6372,311,-348,0,72,8,60/-5324,-2489,4312,0,83,14,60/-8136,-3832,-120,0,118,24,63/652,-2296,5724,0,208,232,63 projectiles=-
retail_frame=380 camera=4327,3161,2563,0,0,0 player=4293,3177,2563,0,64,0,24 wingmate=-5051,3177,2563,0,64,0,24 targets=-6596,430,-400,0,74,8,60/-5520,-2370,4196,0,86,14,60/-8152,-3846,-364,0,124,24,63/652,-2296,5724,0,208,232,63 projectiles=-
retail_frame=384 camera=4302,3159,2563,0,0,0 player=4270,3177,2563,0,64,255,25 wingmate=-5074,3177,2563,0,64,0,25 targets=-6816,550,-460,0,76,8,60/-5708,-2250,4064,0,89,14,60/-8152,-3846,-364,0,124,24,63/888,-2282,5776,0,202,232,63 projectiles=-
retail_frame=388 camera=4276,3158,2563,0,0,0 player=4246,3177,2563,0,64,254,26 wingmate=-5098,3177,2563,0,64,0,26 targets=-7032,671,-532,0,78,8,60/-5708,-2250,4064,0,89,14,60/-8148,-3860,-608,0,130,24,63/1132,-2268,5792,0,196,232,63 projectiles=-
retail_frame=392 camera=4250,3156,2563,0,0,0 player=4221,3177,2563,0,64,254,27 wingmate=-5123,3177,2563,0,64,0,27 targets=-7244,671,-616,0,80,8,60/-5884,-2129,3920,0,92,14,60/-8108,-3874,-848,0,136,24,63/1376,-2254,5788,0,190,232,63 projectiles=-
retail_frame=396 camera=4223,3155,2563,0,0,0 player=4195,3177,2563,0,64,253,28 wingmate=4195,3154,2563,0,0,0,28 targets=-7244,793,-616,0,80,8,60/-6048,-2007,3764,0,95,14,60/-8032,-3888,-1076,0,142,24,63/1616,-2239,5748,0,184,232,63 projectiles=-
retail_frame=400 camera=4223,3155,2563,0,0,0 player=4168,3177,2563,0,64,253,29 wingmate=-5149,3177,2563,0,64,253,29 targets=-7452,916,-712,0,82,8,60/-6200,-1884,3592,0,98,14,60/-7920,-3903,-1292,0,148,24,63/1848,-1747,5676,0,179,235,63 projectiles=-
retail_frame=404 camera=4195,3154,2563,0,0,0 player=4168,3177,2563,0,64,253,29 wingmate=-5176,3177,2563,0,64,253,29 targets=-7656,1039,-816,0,84,8,60/-6340,-1761,3412,0,101,14,60/-7784,-4395,-1488,0,153,21,63/2072,-1247,5580,0,175,237,63 projectiles=-
retail_frame=408 camera=4166,3153,2563,0,0,0 player=4140,3177,2563,0,64,252,30 wingmate=-5204,3177,2563,0,64,252,30 targets=-7852,1163,-932,0,86,8,60/-6464,-1637,3220,0,104,14,60/-7628,-4895,-1672,0,157,19,63/2284,-743,5464,0,171,239,63 projectiles=-
retail_frame=412 camera=4137,3153,2563,0,0,0 player=4112,3177,2563,0,64,252,30 wingmate=-5232,3177,2563,0,64,0,30 targets=-8044,1288,-1056,0,88,8,60/-6576,-1512,3020,0,107,14,60/-7456,-5399,-1836,0,161,17,63/2484,-239,5332,0,168,241,63 projectiles=-
retail_frame=416 camera=4108,3153,2563,0,0,0 player=4084,3177,2563,0,64,252,30 wingmate=-5260,3177,2563,0,64,0,30 targets=-8228,1413,-1192,0,90,8,60/-6672,-1387,2812,0,110,14,60/-7268,-5903,-1988,0,164,15,63/2676,261,5184,0,165,242,63 projectiles=-
retail_frame=420 camera=4079,3153,2563,0,0,0 player=4056,3177,2563,0,64,252,30 wingmate=-5288,3177,2563,0,64,0,30 targets=-8404,1539,-1336,0,92,8,60/-6752,-1261,2596,0,113,14,60/-7072,-6403,-2124,0,167,14,63/2856,753,5024,0,162,243,63 projectiles=-
retail_frame=424 camera=4050,3153,2563,0,0,0 player=4028,3177,2563,0,64,253,30 wingmate=-5316,3177,2563,0,64,0,30 targets=-8576,1665,-1488,0,94,8,60/-6812,-1135,2376,0,116,14,60/-6864,-6895,-2244,0,170,13,63/2856,753,5024,0,162,243,63 projectiles=-
retail_frame=428 camera=4021,3154,2563,0,0,0 player=4000,3177,2563,0,64,253,30 wingmate=-5344,3177,2563,0,64,0,30 targets=-8736,1791,-1648,0,96,8,60/-6856,-1009,2152,0,119,14,60/-6864,-6895,-2244,0,170,13,63/3020,1229,4852,0,159,244,63 projectiles=-
retail_frame=432 camera=3992,3154,2563,0,0,0 player=3972,3177,2563,0,64,254,30 wingmate=-5372,3177,2563,0,64,0,30 targets=-8888,1917,-1820,0,98,8,60/-6884,-1009,1924,0,122,14,60/-6648,-7371,-2352,0,173,12,63/3176,1685,4668,0,157,245,63 projectiles=-
retail_frame=436 camera=3963,3154,2563,0,0,0 player=3944,3177,2563,0,64,254,30 wingmate=-5400,3177,2563,0,64,0,30 targets=-9032,2043,-1996,0,100,8,60/-6884,-883,1924,0,122,14,60/-6424,-7827,-2448,0,175,11,63/3324,2117,4476,0,155,246,63 projectiles=-
retail_frame=440 camera=3934,3155,2563,0,0,0 player=3916,3177,2563,0,64,255,30 wingmate=3916,3155,2563,0,0,0,30 targets=-9032,2043,-1996,0,100,8,60/-6896,-757,1692,0,125,14,60/-6196,-8259,-2532,0,177,10,63/3460,2525,4280,0,153,247,63 projectiles=-
retail_frame=444 camera=3905,3155,2563,0,0,0 player=3888,3177,2563,0,64,0,30 wingmate=3888,3155,2563,0,0,0,30 targets=-9168,2170,-2180,0,102,8,60/-6896,-630,1460,0,128,14,60/-5964,-8667,-2604,0,179,9,63/3584,2901,4076,0,151,248,63 projectiles=-
retail_frame=448 camera=3905,3155,2563,0,0,0 player=3888,3177,2563,0,64,1,30 wingmate=-5456,3177,2563,0,64,0,30 targets=-9292,2296,-2372,0,104,8,60/-6884,-504,1228,0,131,14,60/-5728,-9043,-2664,0,181,8,63/3704,3241,3868,0,150,249,63 projectiles=-
retail_frame=452 camera=3876,3156,2563,0,0,0 player=3860,3177,2563,0,64,1,30 wingmate=-5484,3177,2563,0,64,1,30 targets=-9408,2422,-2568,0,106,8,60/-6856,-378,1000,0,134,14,60/-5492,-9383,-2716,0,182,7,63/3820,3541,3656,0,149,250,63 projectiles=-
retail_frame=456 camera=3894,3157,2525,32,0,0 player=3879,3177,2525,0,112,228,30 wingmate=423,3177,-6051,0,112,228,30 targets=-9512,2548,-2772,0,108,8,60/-6812,-252,776,0,137,14,60/-5256,-9683,-2764,0,183,6,63/3932,3801,3440,0,148,251,63 projectiles=-
retail_frame=460 camera=3885,3157,2497,192,0,0 player=3871,3177,2497,0,100,231,30 wingmate=-2017,3177,-4671,0,100,0,30 targets=-9608,2674,-2980,0,110,8,60/-6752,-126,556,0,140,14,60/-5016,-9943,-2804,0,184,5,63/4040,4017,3224,0,147,251,63 projectiles=-
retail_frame=464 camera=3862,3158,2480,96,0,0 player=3849,3177,2480,0,91,235,30 wingmate=-3447,3177,-3280,0,91,0,30 targets=-9692,2800,-3192,0,112,8,60/-6672,0,340,0,143,14,60/-4776,-10159,-2840,0,185,4,63/4040,4017,3224,0,147,251,63 projectiles=-
retail_frame=468 camera=3837,3158,2467,128,0,0 player=3825,3177,2467,0,85,238,30 wingmate=3825,3158,2467,0,0,0,30 targets=-9692,2800,-3192,0,112,8,60/-6672,0,340,0,143,14,60/-4776,-10159,-2840,0,185,4,63/4140,4185,3004,0,146,251,63 projectiles=-
retail_frame=472 camera=3837,3158,2467,128,0,0 player=3825,3177,2467,0,85,238,30 wingmate=-4239,3177,-2013,0,85,238,30 targets=-9764,2925,-3408,0,114,8,60/-6576,125,132,0,146,14,60/-4536,-10327,-2876,0,185,3,63/4236,4305,2780,0,145,251,63 projectiles=-
retail_frame=476 camera=3810,3158,2457,160,0,0 player=3799,3177,2457,0,80,241,30 wingmate=-4777,3177,-999,0,80,0,30 targets=-9824,3050,-3628,0,116,8,60/-6464,250,-68,0,149,14,60/-4296,-10447,-2912,0,185,2,63/4236,4377,2780,0,145,251,63 projectiles=-
retail_frame=480 camera=3782,3159,2450,64,0,0 player=3772,3177,2450,0,76,243,30 wingmate=-5060,3177,-110,0,76,0,30 targets=-9876,3174,-3852,0,118,8,60/-6340,374,-260,0,152,14,60/-4056,-10519,-2948,0,185,1,63/- projectiles=-
retail_frame=484 camera=3754,3159,2445,224,0,0 player=3745,3177,2445,0,73,245,30 wingmate=-5343,3177,525,0,73,0,30 targets=-9916,3297,-4080,0,120,8,60/-6200,497,-440,0,155,14,60/-4056,-10519,-2948,0,185,1,63/- projectiles=-
retail_frame=488 camera=3725,3159,2442,0,0,0 player=3717,3177,2442,0,71,246,30 wingmate=-5499,3177,906,0,71,0,30 targets=-9944,3297,-4308,0,122,8,60/-6200,497,-440,0,155,14,60/-3816,-10543,-2984,0,185,0,63/- projectiles=-
retail_frame=492 camera=3725,3159,2442,0,0,0 player=3689,3177,2439,0,70,246,30 wingmate=3689,3159,2439,0,70,246,30 targets=-9944,3420,-4308,0,122,8,60/-6048,620,-612,0,158,14,60/-3576,-10519,-3020,1,185,255,63/- projectiles=-
retail_frame=496 camera=3696,3159,2439,0,0,0 player=3689,3177,2439,0,70,246,30 wingmate=-5527,3177,1159,0,70,246,30 targets=-9960,3542,-4540,0,124,8,60/-5884,742,-768,0,161,14,60/-3336,-10443,-3056,2,185,254,63/- projectiles=-
retail_frame=500 camera=3667,3159,2437,0,0,0 player=3661,3177,2437,0,69,247,30 wingmate=-5555,3177,1413,0,69,247,30 targets=-9964,3663,-4772,0,126,8,60/-5708,863,-912,0,164,14,60/-3096,-10315,-3092,3,185,253,63/- projectiles=-
retail_frame=504 camera=3638,3158,2436,0,0,0 player=3633,3177,2436,0,68,247,30 wingmate=-5583,3177,1668,0,68,247,30 targets=-9964,3783,-5004,0,128,8,60/-5520,983,-1044,0,167,14,60/-2856,-10131,-3128,5,185,252,63/- projectiles=-
retail_frame=508 camera=3609,3158,2435,0,0,0 player=3605,3177,2435,0,67,248,30 wingmate=-5611,3177,1795,0,67,248,30 targets=-9960,3902,-5236,0,130,8,60/-5324,1102,-1160,0,170,14,60/-2616,-9887,-3168,7,184,251,63/- projectiles=-
retail_frame=512 camera=3580,3158,2435,0,0,0 player=3577,3177,2435,0,66,248,30 wingmate=-5639,3177,2051,0,66,248,30 targets=-9944,4020,-5468,0,132,8,60/-5120,1220,-1260,0,173,14,60/-2384,-9587,-3216,10,183,250,63/- projectiles=-
retail_frame=516 camera=3551,3157,2435,0,0,0 player=3549,3177,2435,0,65,248,30 wingmate=-5667,3177,2307,0,65,248,30 targets=-9916,4137,-5696,0,134,8,60/-4908,1337,-1344,0,176,14,60/-2156,-9231,-3268,13,182,249,63/- projectiles=-
retail_frame=520 camera=3522,3157,2435,0,0,0 player=3521,3177,2435,0,64,248,30 wingmate=-5823,3177,2435,0,64,248,30 targets=-9876,4253,-5924,0,136,8,60/-4688,1453,-1412,0,179,14,60/-1932,-8815,-3328,16,181,248,63/- projectiles=-
retail_frame=524 camera=3493,3156,2435,0,0,0 player=3493,3177,2435,0,64,248,30 wingmate=-5851,3177,2435,0,64,248,30 targets=-9824,4367,-6148,0,138,8,60/-4464,1567,-1464,0,182,14,60/-1720,-8347,-3396,19,179,248,63/- projectiles=-
retail_frame=528 camera=3465,3155,2435,0,0,0 player=3465,3177,2435,0,64,249,30 wingmate=-5879,3177,2435,0,64,249,30 targets=-9764,4480,-6368,0,140,8,60/-4240,1680,-1516,0,182,13,60/-1516,-7827,-3472,23,177,248,63/- projectiles=-
retail_frame=532 camera=3437,3155,2435,0,0,0 player=3409,3177,2435,0,64,250,30 wingmate=-5907,3177,2435,0,64,250,30 targets=-9692,4592,-6584,0,142,8,60/-4016,1792,-1568,0,182,12,60/-1328,-7267,-3552,26,175,248,63/- projectiles=-
retail_frame=536 camera=3381,3154,2435,0,0,0 player=3381,3177,2435,0,64,250,30 wingmate=3381,3154,2435,0,64,250,30 targets=-9608,4702,-6796,0,144,8,60/-3792,1902,-1620,0,182,11,60/-1156,-6667,-3640,29,173,248,63/- projectiles=-
retail_frame=540 camera=3353,3154,2435,0,0,0 player=3353,3177,2435,0,64,251,30 wingmate=3353,3154,2435,0,64,251,30 targets=-9512,4810,-7004,0,146,8,60/-3568,2010,-1672,0,182,10,60/-996,-6031,-3728,32,171,248,63/- projectiles=-
retail_frame=544 camera=3325,3153,2435,0,0,0 player=3325,3177,2435,0,64,252,30 wingmate=3325,3153,2435,0,64,252,30 targets=-9408,4917,-7208,0,148,8,60/-3344,2117,-1724,0,182,9,60/-852,-5367,-3816,35,169,248,63/- projectiles=-
retail_frame=548 camera=3297,3153,2435,0,0,0 player=3297,3177,2435,0,64,252,30 wingmate=3297,3153,2435,0,64,252,30 targets=-9292,5022,-7404,0,150,8,60/-3120,2222,-1776,0,182,8,60/-724,-4679,-3904,38,167,248,63/- projectiles=-
retail_frame=552 camera=3269,3153,2435,0,0,0 player=3269,3177,2435,0,64,253,30 wingmate=3269,3153,2435,0,64,253,30 targets=-9168,5125,-7596,0,152,8,60/-2896,2325,-1828,0,182,7,60/-612,-3975,-3992,41,165,248,63/- projectiles=-
retail_frame=556 camera=3241,3153,2435,0,0,0 player=3241,3177,2435,0,64,253,30 wingmate=3241,3153,2435,0,64,253,30 targets=-9032,5227,-7780,0,154,8,60/-2672,2427,-1880,0,182,6,60/-516,-3263,-4072,43,163,248,63/- projectiles=-
retail_frame=560 camera=3213,3153,2435,0,0,0 player=3213,3177,2435,0,64,254,30 wingmate=-6131,3177,2435,0,64,254,30 targets=-8888,5327,-7956,0,156,8,60/-2448,2527,-1932,0,182,5,60/-432,-2547,-4152,45,161,248,63/- projectiles=-
retail_frame=564 camera=3185,3154,2435,0,0,0 player=3185,3177,2435,0,64,254,30 wingmate=-6159,3177,2435,0,64,254,30 targets=-8576,5521,-8288,0,160,8,60/-2224,2625,-1984,0,182,4,60/-360,-1835,-4228,47,159,248,63/- projectiles=-
retail_frame=568 camera=3157,3154,2435,0,0,0 player=3157,3177,2435,0,64,255,30 wingmate=-6187,3177,2435,0,64,255,30 targets=-8404,5615,-8440,0,162,8,60/-2000,2721,-2036,0,182,3,60/-300,-1131,-4300,48,157,248,63/- projectiles=-
retail_frame=572 camera=3129,3154,2435,0,0,0 player=3129,3177,2435,0,64,0,30 wingmate=-6215,3177,2435,0,64,0,30 targets=-8228,5706,-8584,0,164,8,60/-1552,2815,-2140,0,182,1,60/-244,-447,-4372,49,155,248,63/- projectiles=-
retail_frame=576 camera=3101,3155,2435,0,0,0 player=3101,3177,2435,0,64,1,30 wingmate=-6243,3177,2435,0,64,1,30 targets=-8044,5795,-8720,0,166,8,60/-1328,2995,-2192,0,182,0,60/-196,217,-4440,50,153,248,63/- projectiles=-
retail_frame=580 camera=3073,3155,2435,0,0,0 player=3073,3177,2435,0,64,2,30 wingmate=-6271,3177,2435,0,64,2,30 targets=-7852,5882,-8844,0,168,8,60/-1104,3082,-2244,0,182,0,60/-120,1375,-4572,51,149,248,63/- projectiles=-
retail_frame=584 camera=3045,3156,2435,0,0,0 player=3045,3177,2435,0,64,2,30 wingmate=-6299,3177,2435,0,64,2,30 targets=-7656,5967,-8960,0,170,8,60/-880,3167,-2296,0,182,0,60/-120,1469,-4572,50,149,248,63/- projectiles=-
retail_frame=588 camera=3017,3157,2435,0,0,0 player=3017,3177,2435,0,64,3,30 wingmate=3017,3157,2435,0,64,3,30 targets=-7656,5967,-8960,0,170,8,60/-880,3167,-2296,0,182,0,60/-84,2041,-4644,49,147,248,63/- projectiles=06B1,154,2139,-4080,8,240,0,63
retail_frame=592 camera=3017,3157,2435,0,0,0 player=2989,3177,2435,0,64,3,30 wingmate=2989,3157,2435,0,64,3,30 targets=-7452,6049,-9064,0,172,8,60/-656,3249,-2348,0,182,0,60/-52,2018,-4724,43,145,249,63/- projectiles=06B1,392,2237,-3515,8,240,0,63
retail_frame=596 camera=2961,3158,2435,0,0,0 player=2961,3177,2435,0,64,4,30 wingmate=2961,3158,2435,0,64,4,30 targets=-7244,6129,-9160,0,174,8,60/-432,3329,-2400,0,182,0,60/-8,1982,-4832,38,144,250,63/- projectiles=06B1,630,2335,-2950,8,240,0,63
retail_frame=600 camera=2933,3158,2435,0,0,0 player=2933,3177,2435,0,64,4,30 wingmate=2933,3158,2435,0,64,4,30 targets=-7032,6207,-9244,0,176,8,60/-208,3407,-2452,0,182,0,60/40,1935,-4964,34,143,251,63/- projectiles=06B1,867,2432,-2385,8,240,0,63
retail_frame=604 camera=2933,3158,2435,0,0,0 player=2905,3177,2435,0,64,4,30 wingmate=2905,3158,2435,0,64,4,30 targets=-6816,6282,-9316,0,178,8,60/16,3482,-2504,0,182,0,60/92,1878,-5116,30,142,252,63/- projectiles=06B1,1102,2527,-1820,8,240,0,63
retail_frame=608 camera=2905,3158,2435,0,0,0 player=2905,3177,2435,0,64,4,30 wingmate=-6439,3177,2435,0,64,4,30 targets=-6596,6355,-9376,0,180,8,60/240,3555,-2556,0,182,0,60/144,1808,-5288,27,141,252,63/- projectiles=06B1,1337,2622,-1255,8,240,0,63
retail_frame=612 camera=2877,3159,2435,0,0,0 player=2877,3177,2435,0,64,4,30 wingmate=-6467,3177,2435,0,64,4,30 targets=-6372,6425,-9428,0,182,8,60/464,3625,-2608,0,182,0,60/196,1734,-5472,24,140,252,63/- projectiles=06B1,1565,2717,-683,8,241,0,63
retail_frame=616 camera=2849,3159,2435,0,0,0 player=2849,3177,2435,0,64,3,30 wingmate=-6495,3177,2435,0,64,3,30 targets=-6144,6492,-9468,0,184,8,60/688,3692,-2660,0,182,0,60/248,1654,-5668,21,139,252,63/- projectiles=06B1,1791,2812,-111,8,241,0,63
retail_frame=620 camera=2821,3159,2435,0,0,0 player=2821,3177,2435,0,64,3,30 wingmate=-6523,3177,2435,0,64,3,30 targets=-5916,6557,-9496,0,186,8,60/912,3757,-2712,0,182,0,60/296,1568,-5872,19,138,252,63/- projectiles=06B1,2016,2904,461,8,241,0,63
retail_frame=624 camera=2793,3159,2435,0,0,0 player=2793,3177,2435,0,64,2,30 wingmate=-6551,3177,2435,0,64,2,30 targets=-5684,6619,-9512,0,188,8,60/1136,3819,-2764,0,182,0,60/340,1484,-6080,17,137,252,63/- projectiles=06B1,2238,2992,1036,7,241,0,63
retail_frame=628 camera=2765,3159,2435,0,0,0 player=2765,3177,2435,0,64,2,30 wingmate=-6579,3177,2435,0,64,2,30 targets=-5452,6678,-9516,0,190,8,60/1360,3878,-2816,0,182,0,60/376,1399,-6300,15,136,252,63/- projectiles=06B1,2446,3077,1614,7,242,0,63
retail_frame=632 camera=2737,3158,2435,0,0,0 player=2737,3177,2435,0,64,1,30 wingmate=37,17,116,0,64,1,30 targets=-5220,6735,-9516,0,192,8,60/1584,3935,-2868,0,182,0,60/412,1313,-6524,14,135,252,63/- projectiles=06B1,2518,3109,1842,6,243,0,63
retail_frame=636 camera=2709,3158,2435,0,0,0 player=2709,3177,2435,0,64,0,30 wingmate=35,14,118,0,64,0,30 targets=-4988,6789,-9512,0,194,8,60/1808,3989,-2920,0,182,0,60/440,1229,-6748,13,134,252,63/- projectiles=06B1,2590,3141,2070,5,244,0,63
retail_frame=640 camera=2681,3158,2435,0,0,0 player=2681,3177,2435,0,64,255,30 wingmate=35,14,118,0,64,255,30 targets=-4756,6840,-9496,0,196,8,60/2032,4040,-2972,0,182,0,60/464,1152,-6980,12,133,252,63/- projectiles=06B1,2654,3169,2302,5,244,0,63
retail_frame=644 camera=2653,3157,2435,0,0,0 player=2653,3177,2435,0,64,254,30 wingmate=35,14,118,0,64,254,30 targets=-4528,6888,-9468,0,198,8,60/2256,4088,-3024,0,182,0,60/480,1076,-7212,11,132,252,63/- projectiles=06B1,2718,3197,2534,5,244,0,63
retail_frame=648 camera=2625,3157,2435,32,0,0 player=2625,3177,2435,0,64,224,30 wingmate=-6719,3177,2435,0,64,224,30 targets=-4300,6933,-9428,0,200,8,60/2480,4133,-3076,0,182,0,60/492,1006,-7448,10,131,252,63/- projectiles=06B1,2782,3225,2766,5,244,0,63
retail_frame=652 camera=2597,3156,2435,192,0,0 player=2597,3177,2435,0,64,226,30 wingmate=-6747,3177,2435,0,64,226,30 targets=-4076,6975,-9376,0,202,8,60/2704,4175,-3128,0,182,0,60/496,937,-7684,9,130,252,63/- projectiles=06B1,2782,3225,2766,5,244,0,63
retail_frame=656 camera=2569,3155,2435,96,0,0 player=2569,3177,2435,0,64,229,30 wingmate=-6775,3177,2435,0,64,229,30 targets=-3856,7014,-9316,0,204,8,60/2928,4214,-3180,0,182,0,60/496,872,-7920,8,129,252,63/- projectiles=-
retail_frame=660 camera=2541,3155,2435,128,0,0 player=2541,3177,2435,0,64,231,30 wingmate=-6803,3177,2435,0,64,231,30 targets=-3640,7050,-9244,0,206,8,60/3152,4250,-3232,0,182,0,60/496,807,-8160,7,128,252,63/- projectiles=-
retail_frame=664 camera=2513,3154,2435,160,0,0 player=2513,3177,2435,0,64,233,30 wingmate=-6831,3177,2435,0,64,233,30 targets=-3428,7083,-9160,0,208,8,60/3376,4283,-3284,0,182,0,60/496,747,-8400,6,127,252,63/- projectiles=-
retail_frame=668 camera=2485,3154,2435,64,0,0 player=2485,3177,2435,0,64,235,30 wingmate=-6859,3177,2435,0,64,235,30 targets=-3216,7113,-9076,0,208,7,60/3600,4313,-3336,0,182,0,60/492,686,-8640,5,126,252,63/- projectiles=-
retail_frame=672 camera=2457,3154,2435,224,0,0 player=2457,3177,2435,0,64,237,30 wingmate=-6887,3177,2435,0,64,237,30 targets=-3004,7140,-8992,0,208,6,60/3824,4340,-3388,0,182,0,60/480,629,-8884,4,125,252,63/- projectiles=-
retail_frame=676 camera=2429,3153,2435,0,0,0 player=2429,3177,2435,0,64,239,30 wingmate=-6915,3177,2435,0,64,239,30 targets=-2792,7164,-8908,0,208,5,60/4048,4364,-3440,0,182,0,60/464,571,-9128,3,124,252,63/- projectiles=-
retail_frame=680 camera=2401,3153,2435,0,0,0 player=2401,3177,2435,0,64,240,30 wingmate=-6943,3177,2435,0,64,240,30 targets=-2580,7185,-8824,0,208,4,60/4272,4385,-3492,0,182,0,60/440,516,-9372,2,123,252,63/- projectiles=-
retail_frame=684 camera=2373,3153,2435,0,0,0 player=2373,3177,2435,0,64,242,30 wingmate=-6971,3177,2435,0,64,242,30 targets=-2368,7203,-8740,0,208,3,60/4496,4403,-3544,0,182,0,60/412,460,-9612,1,122,252,63/- projectiles=-
retail_frame=688 camera=2345,3153,2435,0,0,0 player=2345,3177,2435,0,64,243,30 wingmate=-6999,3177,2435,0,64,243,30 targets=-2156,7218,-8656,0,208,2,60/4720,4418,-3596,0,182,0,60/376,407,-9852,0,121,252,63/- projectiles=-
retail_frame=692 camera=2317,3153,2435,0,0,0 player=2317,3177,2435,0,64,245,30 wingmate=-7027,3177,2435,0,64,245,30 targets=-1944,7230,-8572,0,208,1,60/4944,4430,-3648,0,182,0,60/336,357,-10092,0,120,252,63/- projectiles=-
retail_frame=696 camera=2289,3154,2435,0,0,0 player=2261,3177,2435,0,64,249,30 wingmate=-7055,3177,2435,0,64,249,30 targets=-1732,7239,-8488,0,208,0,60/5168,4439,-3700,0,182,0,60/288,313,-10328,0,119,252,63/- projectiles=-
retail_frame=700 camera=2233,3154,2435,0,0,0 player=2233,3177,2435,0,64,251,30 wingmate=2233,3154,2435,0,64,251,30 targets=-1520,7245,-8404,0,208,0,60/5392,4445,-3752,0,182,0,60/236,274,-10564,0,118,252,63/- projectiles=-
retail_frame=704 camera=2233,3154,2435,0,0,0 player=2205,3177,2435,0,64,252,30 wingmate=-7111,3177,2435,0,64,252,30 targets=-1308,7248,-8320,0,208,0,60/5616,4448,-3804,0,182,0,60/176,240,-10800,0,117,252,63/- projectiles=-
retail_frame=708 camera=2177,3155,2435,0,0,0 player=2177,3177,2435,0,64,254,30 wingmate=2177,3155,2435,0,64,254,30 targets=-1096,7248,-8236,0,208,0,60/5840,4448,-3856,0,182,0,60/112,210,-11032,0,116,252,63/- projectiles=-
retail_frame=712 camera=2149,3156,2435,0,0,0 player=2149,3177,2435,0,64,255,30 wingmate=-7195,3177,2435,0,64,255,30 targets=-884,7245,-8152,0,208,0,60/6064,4445,-3908,0,182,0,60/40,184,-11264,0,115,252,63/- projectiles=-
retail_frame=716 camera=2121,3157,2435,0,0,0 player=2121,3177,2435,0,64,1,30 wingmate=2121,3157,2435,0,64,1,30 targets=-672,7239,-8068,0,208,0,60/6288,4439,-3960,0,182,0,60/-36,461,-11492,0,114,252,63/- projectiles=-
retail_frame=720 camera=2121,3157,2435,0,0,0 player=2093,3177,2435,0,64,2,30 wingmate=-7223,3177,2435,0,64,2,30 targets=-460,7230,-7984,0,208,0,60/6512,4430,-4012,0,182,0,60/-120,721,-11720,4,113,252,63/- projectiles=-
retail_frame=724 camera=2065,3158,2435,0,0,0 player=2065,3177,2435,0,64,3,30 wingmate=2065,3158,2435,0,64,3,30 targets=-248,7218,-7900,0,208,0,60/6736,4418,-4064,0,182,0,60/-208,957,-11944,7,112,252,63/- projectiles=-
retail_frame=728 camera=2037,3158,2435,0,0,0 player=2037,3177,2435,0,64,4,30 wingmate=2037,3158,2435,0,64,4,30 targets=-36,7203,-7816,0,208,0,60/6960,4403,-4116,0,182,0,60/-304,1165,-12164,9,111,252,63/- projectiles=-
retail_frame=732 camera=2009,3158,2435,0,0,0 player=2009,3177,2435,0,64,3,30 wingmate=2009,3158,2435,0,64,3,30 targets=176,7185,-7732,0,208,0,60/7184,4385,-4168,0,182,0,60/-400,1337,-12376,10,110,252,63/- projectiles=-
retail_frame=736 camera=2009,3158,2435,0,0,0 player=1981,3177,2435,0,64,3,30 wingmate=-7335,3177,2435,0,64,3,30 targets=388,7164,-7648,0,208,0,60/7408,4364,-4220,0,182,0,60/-504,1465,-12584,11,109,252,63/- projectiles=-
retail_frame=740 camera=1981,3159,2435,0,0,0 player=1953,3177,2435,0,64,2,30 wingmate=1953,3159,2435,0,64,2,30 targets=600,7140,-7564,0,208,0,60/7632,4340,-4272,0,182,0,60/-612,1553,-12792,10,108,252,63/- projectiles=-
retail_frame=744 camera=1953,3159,2435,0,0,0 player=1925,3177,2435,0,64,2,30 wingmate=1925,3159,2435,0,64,2,30 targets=812,7113,-7480,0,208,0,60/7856,4313,-4324,0,182,0,60/-724,1585,-12996,9,107,252,63/- projectiles=-
retail_frame=748 camera=1925,3159,2435,0,0,0 player=1897,3177,2435,0,64,1,30 wingmate=1897,3159,2435,0,64,1,30 targets=1024,7083,-7396,0,208,0,60/8080,4283,-4376,0,182,0,60/-840,1565,-13196,8,106,252,63/- projectiles=-
retail_frame=752 camera=1897,3159,2435,0,0,0 player=1897,3177,2435,0,64,0,30 wingmate=-7447,3177,2435,0,64,1,30 targets=1236,7050,-7312,0,208,0,60/8304,4250,-4428,0,182,0,60/-964,1489,-13396,6,105,252,63/- projectiles=-
retail_frame=756 camera=1869,3159,2435,0,0,0 player=1841,3177,2435,0,64,255,30 wingmate=-7475,3177,2435,0,64,255,30 targets=1448,7014,-7228,0,208,0,60/8528,4214,-4480,0,182,0,60/-1096,1353,-13592,4,104,252,63/- projectiles=-
retail_frame=760 camera=1841,3158,2435,0,0,0 player=1813,3177,2435,0,64,254,30 wingmate=-7503,3177,2435,0,64,254,30 targets=1660,6975,-7144,0,208,0,60/8752,4175,-4532,0,182,0,60/-1232,1157,-13788,1,103,252,63/- projectiles=-
retail_frame=764 camera=1813,3158,2435,0,0,0 player=1785,3177,2435,0,64,254,30 wingmate=-7531,3177,2435,0,64,254,30 targets=1872,6933,-7060,0,208,0,60/8976,4133,-4584,0,182,0,60/-1372,901,-13984,254,102,252,63/- projectiles=-
retail_frame=768 camera=1785,3158,2435,0,0,0 player=1785,3177,2435,0,64,254,30 wingmate=-7559,3177,2435,0,64,254,30 targets=2084,6888,-6976,0,208,0,60/9200,4088,-4636,0,182,0,60/-1520,593,-14176,251,101,252,63/- projectiles=-
retail_frame=772 camera=1757,3157,2435,0,0,0 player=1729,3177,2435,0,64,253,30 wingmate=-7587,3177,2435,0,64,253,30 targets=2296,6840,-6892,0,208,0,60/9424,4040,-4688,0,182,0,60/-1672,225,-14364,247,100,252,63/- projectiles=-
retail_frame=776 camera=1729,3157,2435,0,0,0 player=1701,3177,2435,0,64,252,30 wingmate=-7615,3177,2435,0,64,252,30 targets=2508,6789,-6808,0,208,0,60/9648,3989,-4740,0,182,0,60/-1824,-203,-14544,243,99,252,63/- projectiles=-
retail_frame=780 camera=1701,3156,2435,0,0,0 player=1701,3177,2435,0,64,252,30 wingmate=-7643,3177,2435,0,64,252,30 targets=2720,6735,-6724,0,208,0,60/9872,3935,-4792,0,182,255,60/-1976,-687,-14716,239,98,252,63/- projectiles=-
retail_frame=784 camera=1673,3155,2435,0,0,0 player=1673,3177,2435,0,64,252,30 wingmate=-7671,3177,2435,0,64,252,30 targets=2932,6678,-6640,0,208,0,60/10096,3878,-4844,0,182,254,60/-2128,-1219,-14872,235,97,252,63/- projectiles=-
retail_frame=788 camera=1645,3155,2435,0,0,0 player=1645,3177,2435,0,64,252,30 wingmate=-7699,3177,2435,0,64,252,30 targets=3144,6619,-6556,0,208,0,60/10320,3819,-4896,0,182,253,60/-2272,-1795,-15016,231,96,252,63/- projectiles=-
retail_frame=792 camera=1617,3154,2435,0,0,0 player=1617,3177,2435,0,64,252,30 wingmate=-7727,3177,2435,0,64,252,30 targets=3356,6557,-6472,0,208,0,60/10544,3757,-4952,0,181,252,60/-2412,-2411,-15148,227,95,252,63/- projectiles=-
retail_frame=796 camera=1589,3154,2435,0,0,0 player=1589,3177,2435,0,64,253,30 wingmate=-7755,3177,2435,0,64,253,30 targets=3568,6492,-6388,0,208,0,60/10764,3692,-5012,0,180,251,60/-2548,-3063,-15268,224,94,252,63/- projectiles=-
retail_frame=800 camera=1561,3154,2435,0,0,0 player=1561,3177,2435,0,64,254,30 wingmate=-7783,3177,2435,0,64,254,0 targets=3780,6425,-6304,0,208,0,60/10984,3625,-5080,0,179,250,60/-2676,-3735,-15376,221,93,252,63/- projectiles=-
retail_frame=804 camera=1505,3153,2435,0,0,0 player=1505,3177,2435,0,64,254,30 wingmate=-7839,3177,2435,0,64,254,30 targets=3992,6355,-6220,0,208,0,60/11200,3555,-5152,0,178,249,60/-2796,-4427,-15472,218,92,252,63/- projectiles=-
retail_frame=808 camera=1477,3153,2435,0,0,0 player=1477,3177,2435,0,64,255,30 wingmate=-7867,3177,2435,0,64,255,30 targets=4416,6282,-6052,0,208,0,60/11412,3482,-5236,0,176,248,60/-2908,-5131,-15560,215,91,252,63/- projectiles=-
retail_frame=812 camera=1449,3153,2435,0,0,0 player=1449,3177,2435,0,64,0,30 wingmate=-7895,3177,2435,0,64,0,30 targets=4628,6129,-5968,0,208,0,60/11824,3407,-5436,0,172,246,60/-3012,-5839,-15632,213,90,252,63/- projectiles=-
retail_frame=816 camera=1421,3153,2435,0,0,0 player=1421,3177,2435,0,64,1,30 wingmate=-7923,3177,2435,0,64,1,30 targets=4840,6049,-5884,0,208,0,60/12020,3249,-5552,0,170,245,60/-3196,-6767,-15756,211,88,252,63/- projectiles=-
retail_frame=820 camera=1393,3154,2435,0,0,0 player=1393,3177,2435,0,64,2,30 wingmate=-7951,3177,2435,0,64,2,30 targets=5052,5967,-5800,0,208,0,60/12208,3167,-5684,0,167,244,60/-3276,-7927,-15804,208,87,252,63/- projectiles=-
retail_frame=824 camera=1365,3154,2435,0,0,0 player=1365,3177,2435,0,64,2,30 wingmate=-7979,3177,2435,0,64,2,30 targets=5264,5882,-5716,0,208,0,60/12384,3082,-5828,0,164,243,60/-3352,-8587,-15848,207,86,252,63/- projectiles=-
retail_frame=828 camera=1337,3154,2435,0,0,0 player=1337,3177,2435,0,64,3,30 wingmate=-8007,3177,2435,0,64,3,30 targets=5476,5795,-5632,0,208,0,60/12548,2995,-5984,0,161,242,60/-3424,-9227,-15888,206,85,252,63/- projectiles=-
retail_frame=832 camera=1309,3155,2435,0,0,0 player=1309,3177,2435,0,64,3,30 wingmate=-8035,3177,2435,0,64,3,30 targets=5688,5706,-5548,0,208,0,60/12700,2906,-6156,0,158,242,60/-3496,-9835,-15924,205,84,252,63/- projectiles=-
retail_frame=836 camera=1281,3155,2435,0,0,0 player=1281,3177,2435,0,64,4,30 wingmate=-8063,3177,2435,0,64,4,30 targets=5900,5615,-5464,0,208,0,60/12840,2815,-6336,0,155,242,60/-3560,-10411,-15956,206,83,252,63/- projectiles=-
retail_frame=840 camera=1253,3156,2435,0,0,0 player=1253,3177,2435,0,64,4,30 wingmate=-8091,3177,2435,0,64,4,30 targets=6112,5521,-5380,0,208,0,60/12964,2721,-6528,0,152,242,60/-3632,-10943,-15988,207,82,252,63/- projectiles=-
retail_frame=844 camera=1225,3157,2435,0,0,0 player=1225,3177,2435,0,64,4,30 wingmate=-8119,3177,2435,0,64,4,30 targets=6324,5425,-5296,0,208,0,60/13076,2625,-6728,0,149,242,60/-3712,-11435,-16020,208,81,252,63/- projectiles=-
retail_frame=848 camera=1197,3157,2435,0,0,0 player=1197,3177,2435,0,64,4,30 wingmate=-8147,3177,2435,0,64,4,30 targets=6536,5327,-5212,0,208,0,60/13172,2527,-6936,0,146,242,60/-3796,-11879,-16052,210,80,252,63/- projectiles=-
retail_frame=852 camera=1169,3158,2435,0,0,0 player=1141,3177,2435,0,64,3,30 wingmate=1141,3158,2435,0,64,3,30 targets=6748,5227,-5128,0,208,0,60/13252,2427,-7152,0,143,242,60/-3892,-12271,-16088,212,79,252,63/- projectiles=-
retail_frame=856 camera=1141,3158,2435,0,0,0 player=1113,3177,2435,0,64,2,30 wingmate=1113,3158,2435,0,64,2,30 targets=6960,5125,-5044,0,208,0,60/13312,2325,-7372,0,140,242,60/-3996,-12611,-16124,214,78,252,63/- projectiles=-
retail_frame=860 camera=1085,3159,2435,0,0,0 player=1085,3177,2435,0,64,2,30 wingmate=1085,3159,2435,0,64,2,30 targets=7172,5022,-4960,0,208,0,60/13356,2222,-7596,0,137,242,60/-4112,-12895,-16160,217,77,252,63/- projectiles=-
retail_frame=864 camera=1057,3159,2435,0,0,0 player=1057,3177,2435,0,64,1,30 wingmate=-8287,3177,2435,0,64,1,30 targets=7596,4810,-4792,0,208,0,60/13384,2117,-7824,0,134,242,60/-4244,-13119,-16196,220,76,252,63/- projectiles=-
retail_frame=868 camera=1029,3159,2435,0,0,0 player=1029,3177,2435,0,64,0,30 wingmate=-8315,3177,2435,0,64,0,30 targets=7808,4702,-4708,0,208,0,60/13396,1902,-8288,0,128,242,60/-4392,-13287,-16236,224,75,252,63/- projectiles=-
retail_frame=872 camera=1001,3159,2435,0,0,0 player=1001,3177,2435,0,64,255,30 wingmate=-8343,3177,2435,0,64,255,30 targets=8020,4592,-4624,0,208,0,60/13384,1792,-8520,0,125,242,60/-4736,-13543,-16308,228,73,252,63/- projectiles=-
retail_frame=876 camera=973,3159,2435,0,0,0 player=973,3177,2435,0,64,254,30 wingmate=-8371,3177,2435,0,64,254,30 targets=8232,4480,-4540,0,208,0,60/13356,1680,-8748,0,122,242,60/-4936,-13391,-16344,236,72,252,63/- projectiles=-
retail_frame=880 camera=945,3158,2435,0,0,0 player=945,3177,2435,0,64,254,30 wingmate=-8399,3177,2435,0,64,254,30 targets=8444,4367,-4456,0,208,0,60/13312,1567,-8972,0,119,242,60/-5148,-13291,-16376,241,71,252,63/- projectiles=-
retail_frame=884 camera=917,3158,2435,0,0,0 player=917,3177,2435,0,64,253,30 wingmate=-8427,3177,2435,0,64,253,30 targets=8656,4253,-4372,0,208,0,60/13252,1453,-9192,0,116,242,60/-5372,-13119,-16404,246,70,252,63/- projectiles=-
retail_frame=888 camera=889,3158,2435,0,0,0 player=889,3177,2435,0,64,253,30 wingmate=-8455,3177,2435,0,64,253,30 targets=8868,4137,-4288,0,208,0,60/13172,1337,-9408,0,113,242,60/-5608,-12875,-16428,251,69,252,63/- projectiles=-
retail_frame=892 camera=861,3157,2435,0,0,0 player=861,3177,2435,0,64,252,30 wingmate=-8483,3177,2435,0,64,252,30 targets=9080,4020,-4204,0,208,0,60/13076,1220,-9616,0,110,242,60/-5852,-12563,-16444,0,68,252,63/- projectiles=-
retail_frame=896 camera=833,3157,2435,0,0,0 player=833,3177,2435,0,64,252,30 wingmate=-8511,3177,2435,0,64,252,30 targets=9292,3902,-4120,0,208,0,60/12964,1102,-9816,0,107,242,60/-6096,-12187,-16456,5,67,252,63/- projectiles=-
retail_frame=900 camera=805,3156,2435,0,0,0 player=805,3177,2435,0,64,252,30 wingmate=-8539,3177,2435,0,64,252,30 targets=9504,3783,-4036,0,208,0,60/12840,983,-10008,0,104,242,60/-6340,-11751,-16460,10,66,252,63/- projectiles=-
retail_frame=904 camera=777,3155,2435,0,0,0 player=777,3177,2435,0,64,252,30 wingmate=-8567,3177,2435,0,64,252,30 targets=9716,3663,-3952,0,208,0,60/12700,863,-10188,0,101,242,60/-6576,-11263,-16460,15,65,252,63/- projectiles=-
retail_frame=908 camera=749,3155,2435,0,0,0 player=721,3177,2435,0,64,253,30 wingmate=721,3154,2435,0,64,253,30 targets=9928,3542,-3868,0,208,0,60/12548,742,-10360,0,98,242,60/-6804,-10719,-16460,19,64,252,63/- projectiles=-
retail_frame=912 camera=693,3154,2435,0,0,0 player=693,3177,2435,0,64,254,30 wingmate=693,3154,2435,0,64,254,30 targets=10140,3420,-3784,0,208,255,60/12384,620,-10516,0,95,242,60/-7020,-10131,-16460,23,63,252,63/- projectiles=-
retail_frame=916 camera=665,3154,2435,0,0,0 player=665,3177,2435,0,64,254,30 wingmate=665,3154,2435,0,64,254,30 targets=10352,3297,-3700,0,208,254,60/12208,497,-10660,0,92,242,60/-7224,-9511,-16456,27,62,252,63/- projectiles=-
retail_frame=920 camera=637,3153,2435,0,0,0 player=637,3177,2435,0,64,255,30 wingmate=-8707,3177,2435,0,64,255,30 targets=10780,3174,-3536,0,207,252,60/12020,374,-10792,0,89,242,60/-7416,-8859,-16444,31,61,252,63/- projectiles=-
retail_frame=924 camera=609,3153,2435,0,0,0 player=609,3177,2435,0,64,0,30 wingmate=-8735,3177,2435,0,64,0,30 targets=10996,2925,-3464,0,206,251,60/11620,250,-11008,0,83,242,60/-7592,-8187,-16432,34,60,252,63/- projectiles=-
retail_frame=928 camera=581,3153,2435,0,0,0 player=581,3177,2435,0,64,1,30 wingmate=-8763,3177,2435,0,64,1,30 targets=11216,2800,-3396,0,205,250,60/11408,0,-11092,0,80,242,60/-7904,-7303,-16400,37,58,252,63/- projectiles=-
retail_frame=932 camera=553,3153,2435,0,0,0 player=553,3177,2435,0,64,2,30 wingmate=-8791,3177,2435,0,64,2,30 targets=11436,2674,-3336,0,204,249,60/11188,-126,-11160,0,77,242,60/-8036,-6107,-16380,42,57,252,63/- projectiles=-
retail_frame=936 camera=525,3153,2435,0,0,0 player=525,3177,2435,0,64,2,30 wingmate=-8819,3177,2435,0,64,2,30 targets=11660,2548,-3284,0,202,248,60/10964,-252,-11212,0,74,242,60/-8156,-5419,-16360,44,56,252,63/- projectiles=-
retail_frame=940 camera=497,3154,2435,0,0,0 player=497,3177,2435,0,64,3,30 wingmate=-8847,3177,2435,0,64,3,30 targets=11888,2422,-3244,0,200,247,60/10736,-378,-11244,0,71,242,60/-8264,-4743,-16340,45,55,252,63/- projectiles=-
retail_frame=944 camera=469,3154,2435,0,0,0 player=469,3177,2435,0,64,3,30 wingmate=-8875,3177,2435,0,64,3,30 targets=12116,2296,-3216,0,198,247,60/10504,-504,-11260,0,68,242,60/-8368,-4091,-16316,46,54,252,63/- projectiles=-
retail_frame=948 camera=441,3154,2435,0,0,0 player=441,3177,2435,0,64,4,30 wingmate=-8903,3177,2435,0,64,4,30 targets=12348,2170,-3200,0,196,247,60/10272,-630,-11260,0,65,242,60/-8468,-3459,-16292,47,53,252,63/- projectiles=-
retail_frame=952 camera=413,3155,2435,0,0,0 player=413,3177,2435,0,64,4,30 wingmate=-8931,3177,2435,0,64,4,30 targets=12580,2043,-3196,0,194,247,60/10040,-757,-11256,0,62,242,60/-8560,-2855,-16268,48,52,252,63/- projectiles=-
retail_frame=956 camera=385,3155,2435,0,0,0 player=385,3177,2435,0,64,4,30 wingmate=-8959,3177,2435,0,64,4,30 targets=12812,1917,-3196,0,192,247,60/9808,-883,-11232,0,59,242,60/-8648,-2287,-16240,47,51,252,63/- projectiles=-
retail_frame=960 camera=357,3156,2435,0,0,0 player=357,3177,2435,0,64,4,30 wingmate=-8987,3177,2435,0,64,4,30 targets=13044,1791,-3200,0,190,247,60/9580,-1009,-11192,0,56,242,60/-8740,-1759,-16212,46,50,252,63/- projectiles=-
retail_frame=964 camera=329,3157,2435,0,0,0 player=329,3177,2435,0,64,3,30 wingmate=-9015,3177,2435,0,64,3,30 targets=13276,1665,-3216,0,188,247,60/9356,-1135,-11136,0,53,242,60/-8836,-1275,-16176,45,49,252,63/- projectiles=-
retail_frame=968 camera=273,3158,2435,0,0,0 player=273,3177,2435,0,64,2,30 wingmate=273,3158,2435,0,64,2,30 targets=13504,1539,-3244,0,186,247,60/9132,-1261,-11080,0,53,243,60/-8936,-839,-16136,44,48,252,63/- projectiles=-
retail_frame=972 camera=245,3158,2435,0,0,0 player=245,3177,2435,0,64,2,30 wingmate=-9099,3177,2435,0,64,2,30 targets=13956,1413,-3336,0,182,247,60/8908,-1387,-11024,0,53,244,60/-9040,-451,-16092,42,47,252,63/- projectiles=-
retail_frame=976 camera=217,3158,2435,0,0,0 player=217,3177,2435,0,64,1,30 wingmate=-9127,3177,2435,0,64,1,30 targets=14176,1163,-3396,0,180,247,60/8460,-1512,-10912,0,53,246,60/-9152,-119,-16040,40,46,252,63/- projectiles=-
retail_frame=980 camera=189,3159,2435,0,0,0 player=189,3177,2435,0,64,0,30 wingmate=-9155,3177,2435,0,64,0,30 targets=14392,1039,-3468,0,178,247,60/8236,-1761,-10856,0,53,247,60/-9404,353,-15912,37,44,252,63/- projectiles=-
retail_frame=984 camera=161,3159,2435,0,0,0 player=161,3177,2435,0,64,255,30 wingmate=-9183,3177,2435,0,64,255,30 targets=14604,916,-3552,0,176,247,60/8012,-1884,-10800,0,53,248,60/-9544,537,-15836,31,43,252,63/- projectiles=-
retail_frame=988 camera=133,3159,2435,0,0,0 player=133,3177,2435,0,64,254,30 wingmate=-9211,3177,2435,0,64,254,30 targets=14812,793,-3648,0,174,247,60/7788,-2007,-10744,0,53,249,60/-9692,633,-15748,27,42,252,63/- projectiles=-
retail_frame=992 camera=105,3159,2435,0,0,0 player=105,3177,2435,0,64,254,30 wingmate=-9239,3177,2435,0,64,254,30 targets=15016,671,-3752,0,172,247,60/7564,-2129,-10688,0,53,250,60/-9852,665,-15648,23,41,252,63/- projectiles=-
retail_frame=996 camera=77,3159,2435,0,0,0 player=77,3177,2435,0,64,253,30 wingmate=-9267,3177,2435,0,64,253,30 targets=15212,550,-3868,0,170,247,60/7340,-2250,-10632,0,53,251,60/-10020,625,-15536,19,40,252,63/- projectiles=-
retail_frame=1000 camera=49,3158,2435,0,0,0 player=49,3177,2435,0,64,253,30 wingmate=-9295,3177,2435,0,64,253,30 targets=15404,430,-3992,0,168,247,60/7116,-2370,-10576,0,53,252,60/-10196,521,-15416,14,39,252,63/- projectiles=-
retail_frame=1004 camera=21,3158,2435,0,0,0 player=21,3177,2435,0,64,252,30 wingmate=-9323,3177,2435,0,64,252,30 targets=15588,311,-4128,0,166,247,60/6892,-2489,-10520,0,53,253,60/-10380,341,-15284,9,38,252,63/- projectiles=-
retail_frame=1008 camera=-7,3158,2435,0,0,0 player=-7,3177,2435,0,64,252,30 wingmate=-9351,3177,2435,0,64,252,30 targets=15764,193,-4272,0,164,247,60/6668,-2607,-10464,0,53,254,60/-10568,93,-15140,4,37,252,63/- projectiles=-
retail_frame=1012 camera=-63,3157,2435,0,0,0 player=-63,3177,2435,0,64,252,30 wingmate=-63,3157,2435,0,64,252,30 targets=15936,76,-4424,0,162,247,60/6444,-2724,-10408,0,53,255,60/-10756,-227,-14988,255,36,252,63/- projectiles=-
retail_frame=1016 camera=-91,3156,2435,0,0,0 player=-91,3177,2435,0,64,253,30 wingmate=-9435,3177,2435,0,64,253,30 targets=16096,-40,-4584,0,160,247,60/6220,-2840,-10352,0,53,0,60/-10940,-607,-14832,250,35,252,63/- projectiles=-
retail_frame=1020 camera=-119,3155,2435,0,0,0 player=-119,3177,2435,0,64,253,30 wingmate=-9463,3177,2435,0,64,253,30 targets=16248,-154,-4756,0,158,247,60/6004,-2808,-10292,6,52,252,60/-11116,-1047,-14672,245,34,252,63/- projectiles=-
retail_frame=1024 camera=-147,3155,2435,0,0,0 player=-147,3177,2435,0,64,254,30 wingmate=-9491,3177,2435,0,64,254,30 targets=16528,-379,-5116,0,154,247,60/5792,-2748,-10224,11,51,252,60/-11280,-1543,-14512,240,33,252,63/- projectiles=-
retail_frame=1028 camera=-175,3154,2435,0,0,0 player=-175,3177,2435,0,64,254,30 wingmate=-9519,3177,2435,0,64,254,30 targets=16652,-489,-5308,0,152,247,60/5400,-2560,-10084,19,49,252,60/-11580,-2207,-14204,232,31,252,63/- projectiles=-
retail_frame=1032 camera=-203,3154,2435,0,0,0 player=-203,3177,2435,0,64,255,30 wingmate=-9547,3177,2435,0,64,255,30 targets=16768,-597,-5504,0,150,247,60/5220,-2440,-10012,22,48,252,60/-11712,-3311,-14056,228,30,252,63/- projectiles=-
retail_frame=1036 camera=-231,3154,2435,0,0,0 player=-231,3177,2435,0,64,0,30 wingmate=-9575,3177,2435,0,64,0,30 targets=16872,-704,-5708,0,148,247,60/5048,-2304,-9940,25,47,252,60/-11832,-3967,-13916,224,29,252,63/- projectiles=-
retail_frame=1040 camera=-259,3153,2435,0,0,0 player=-259,3177,2435,0,64,1,30 wingmate=-9603,3177,2435,0,64,1,30 targets=16968,-809,-5916,0,146,247,60/4888,-2156,-9864,28,46,252,60/-11940,-4643,-13784,221,28,252,63/- projectiles=-
retail_frame=1044 camera=-287,3153,2435,0,0,0 player=-287,3177,2435,0,64,2,30 wingmate=-9631,3177,2435,0,64,2,30 targets=17052,-912,-6128,0,144,247,60/4736,-2000,-9788,30,45,252,60/-12036,-5335,-13660,218,27,252,63/- projectiles=-
retail_frame=1048 camera=-315,3153,2435,0,0,0 player=-315,3177,2435,0,64,2,30 wingmate=-9659,3177,2435,0,64,2,30 targets=17124,-1014,-6344,0,142,247,60/4592,-1836,-9716,32,44,252,60/-12120,-6035,-13544,215,26,252,63/- projectiles=-
retail_frame=1052 camera=-343,3153,2435,0,0,0 player=-343,3177,2435,0,64,3,30 wingmate=-9687,3177,2435,0,64,3,0 targets=17184,-1114,-6564,0,140,247,60/4460,-1660,-9640,34,43,252,60/-12192,-6735,-13440,213,25,252,63/- projectiles=-
retail_frame=1056 camera=-399,3154,2435,0,0,0 player=-399,3177,2435,0,64,4,30 wingmate=-399,3154,2435,0,64,4,30 targets=17236,-1212,-6788,0,138,247,60/4336,-1480,-9568,36,42,252,60/-12256,-7427,-13344,211,24,252,63/- projectiles=-
retail_frame=1060 camera=-427,3154,2435,0,0,0 player=-427,3177,2435,0,64,4,30 wingmate=-9771,3177,2435,0,64,4,30 targets=17304,-1402,-7244,0,134,247,60/4216,-1296,-9496,37,41,252,60/-12312,-8103,-13252,210,23,252,63/- projectiles=-
retail_frame=1064 camera=-455,3154,2435,0,0,0 player=-455,3177,2435,0,64,4,30 wingmate=-9799,3177,2435,0,64,4,30 targets=17320,-1493,-7476,0,132,247,60/3996,-916,-9348,39,39,252,60/-12364,-8759,-13164,209,22,252,63/- projectiles=-
retail_frame=1068 camera=-483,3155,2435,0,0,0 player=-483,3177,2435,0,64,4,30 wingmate=-9827,3177,2435,0,64,4,30 targets=17324,-1582,-7708,0,130,247,60/3896,-720,-9272,40,38,252,60/-12448,-9999,-13000,207,20,252,63/- projectiles=-
retail_frame=1072 camera=-511,3155,2435,0,0,0 player=-511,3177,2435,0,64,3,30 wingmate=-9855,3177,2435,0,64,3,30 targets=17324,-1669,-7940,0,128,247,60/3800,-520,-9200,41,37,252,60/-12484,-10571,-12924,208,19,252,63/- projectiles=-
retail_frame=1076 camera=-539,3156,2435,0,0,0 player=-539,3177,2435,0,64,3,30 wingmate=-9883,3177,2435,0,64,3,30 targets=17320,-1754,-8172,0,126,247,60/3712,-320,-9128,42,36,252,60/-12520,-11099,-12840,209,18,252,63/- projectiles=-
retail_frame=1080 camera=-567,3157,2435,0,0,0 player=-567,3177,2435,0,64,2,30 wingmate=-9911,3177,2435,0,64,2,30 targets=17304,-1836,-8404,0,124,247,60/3628,-116,-9056,43,35,252,60/-12556,-9940,-12752,210,17,253,63/- projectiles=-
retail_frame=1084 camera=-595,3157,2435,0,0,0 player=-595,3177,2435,0,64,2,30 wingmate=-9939,3177,2435,0,64,2,30 targets=17276,-1916,-8632,0,122,247,60/3548,92,-8988,44,34,252,60/-12596,-8922,-12656,213,17,254,63/- projectiles=-
retail_frame=1088 camera=-623,3158,2435,0,0,0 player=-623,3177,2435,0,64,1,30 wingmate=-9967,3177,2435,0,64,1,30 targets=17236,-1994,-8860,0,120,247,60/3476,300,-8920,45,33,252,60/-12644,-8023,-12548,217,17,255,63/- projectiles=-
retail_frame=1092 camera=-651,3158,2435,0,0,0 player=-679,3177,2435,0,64,255,30 wingmate=-679,3158,2435,0,64,255,30 targets=17184,-2069,-9084,0,118,247,60/3408,512,-8852,46,32,252,60/-12700,-7221,-12420,221,17,0,63/- projectiles=-
retail_frame=1096 camera=-707,3159,2435,0,0,0 player=-707,3177,2435,0,64,254,30 wingmate=-707,3159,2435,0,64,254,30 targets=17124,-2142,-9304,0,116,247,60/3348,728,-8788,47,31,252,60/-12764,-6507,-12276,225,17,1,63/- projectiles=-
retail_frame=1100 camera=-735,3159,2435,0,0,0 player=-735,3177,2435,0,64,254,30 wingmate=-10079,3177,2435,0,64,254,30 targets=16968,-2279,-9732,0,112,247,60/3240,1164,-8664,49,29,252,60/-12832,-5862,-12116,228,17,2,63/- projectiles=-
retail_frame=1104 camera=-763,3159,2435,0,0,0 player=-763,3177,2435,0,64,253,30 wingmate=-10107,3177,2435,0,64,253,30 targets=16872,-2344,-9940,0,110,247,60/3192,1384,-8608,50,28,252,60/-12988,-4766,-11764,234,17,4,63/- projectiles=-
retail_frame=1108 camera=-791,3159,2435,0,0,0 player=-791,3177,2435,0,64,253,30 wingmate=-10135,3177,2435,0,64,253,30 targets=16768,-2406,-10144,0,108,247,60/3124,1592,-8528,44,28,252,60/-13072,-4295,-11576,236,18,4,63/- projectiles=-
retail_frame=1112 camera=-819,3159,2435,0,0,0 player=-819,3177,2435,0,64,252,30 wingmate=-10163,3177,2435,0,64,252,30 targets=16652,-2465,-10340,0,106,247,60/3040,1784,-8428,39,28,252,60/-13168,-3875,-11384,238,19,4,63/- projectiles=-
retail_frame=1116 camera=-847,3158,2435,0,0,0 player=-875,3177,2435,0,64,252,30 wingmate=-10191,3177,2435,0,64,252,30 targets=16528,-2522,-10532,0,104,247,60/2948,1964,-8316,35,28,252,60/-13268,-3495,-11192,240,20,4,63/- projectiles=-
retail_frame=1120 camera=-903,3158,2435,0,0,0 player=-903,3177,2435,0,64,252,30 wingmate=-10247,3177,2435,0,64,252,30 targets=16392,-2576,-10716,0,102,247,60/2844,2124,-8192,31,28,252,60/-13376,-3151,-10996,242,21,4,63/- projectiles=-
retail_frame=1124 camera=-931,3157,2435,0,0,0 player=-931,3177,2435,0,64,253,30 wingmate=-10275,3177,2435,0,64,253,30 targets=16096,-2675,-11064,0,98,247,60/2616,2408,-7912,25,28,252,60/-13488,-2484,-10800,243,22,4,63/- projectiles=-
retail_frame=1128 camera=-959,3157,2435,0,0,0 player=-959,3177,2435,0,64,253,30 wingmate=-10303,3177,2435,0,64,253,30 targets=15936,-2720,-11224,0,96,247,60/2492,2528,-7764,22,28,252,60/-13736,-2308,-10416,245,24,4,63/- projectiles=-
retail_frame=1132 camera=-987,3156,2435,0,0,0 player=-987,3177,2435,0,64,254,30 wingmate=-10331,3177,2435,0,64,254,30 targets=15764,-2762,-11376,0,94,247,60/2364,2636,-7608,20,28,252,60/-13868,-2084,-10228,246,25,4,63/- projectiles=076E,2169,2670,-7016,3,13,0,63
retail_frame=1136 camera=-1015,3155,2435,0,0,0 player=-1015,3177,2435,0,64,254,30 wingmate=-10359,3177,2435,0,64,254,30 targets=15588,-2801,-11520,0,92,247,60/2236,2736,-7448,18,28,252,60/-14004,-1880,-10036,247,26,4,63/- projectiles=076E,1970,2704,-6428,3,14,0,63
retail_frame=1140 camera=-1043,3155,2435,0,0,0 player=-1043,3177,2435,0,64,255,30 wingmate=-10387,3177,2435,0,64,255,30 targets=15404,-2837,-11656,0,90,247,60/2104,2824,-7284,16,28,252,60/-14148,-1697,-9848,248,27,4,63/- projectiles=076E,1768,2738,-5840,3,14,0,63
retail_frame=1144 camera=-1071,3154,2435,0,0,0 player=-1071,3177,2435,0,64,0,30 wingmate=-10415,3177,2435,0,64,0,30 targets=15212,-2870,-11780,0,88,247,60/1968,2900,-7120,14,28,252,60/-14296,-1529,-9664,249,28,4,63/- projectiles=076E,1566,2772,-5252,3,14,0,63
retail_frame=1148 camera=-1099,3154,2435,0,0,0 player=-1099,3177,2435,0,64,1,30 wingmate=-10443,3177,2435,0,64,1,30 targets=15016,-2900,-11896,0,86,247,60/1832,2972,-6952,13,28,252,60/-14452,-1378,-9484,250,29,4,63/- projectiles=076E,1364,2806,-4666,3,14,0,63
retail_frame=1152 camera=-1127,3154,2435,0,0,0 player=-1127,3177,2435,0,64,2,30 wingmate=-10471,3177,2435,0,64,2,30 targets=14812,-2927,-12000,0,84,247,60/1696,3036,-6784,12,28,252,60/-14612,-1238,-9308,251,30,4,63/- projectiles=076E,1159,2840,-4079,3,14,0,63
retail_frame=1156 camera=-1155,3153,2435,0,0,0 player=-1155,3177,2435,0,64,3,30 wingmate=-10499,3177,2435,0,64,3,0 targets=14604,-2951,-12096,0,82,247,60/1556,3096,-6616,11,28,252,60/-14776,-1112,-9136,252,31,4,63/- projectiles=076E,954,2874,-3494,3,14,0,63
retail_frame=1160 camera=-1211,3153,2435,0,0,0 player=-1211,3177,2435,0,64,3,30 wingmate=-1211,3153,2435,0,64,3,30 targets=14392,-2972,-12180,0,80,247,60/1416,3152,-6444,10,28,252,60/-14944,-993,-8968,253,32,4,63/- projectiles=076E,746,2898,-2909,2,14,0,63
retail_frame=1164 camera=-1239,3153,2435,0,0,0 player=-1239,3177,2435,0,64,4,30 wingmate=-10583,3177,2435,0,64,4,30 targets=14176,-2990,-12252,0,78,247,60/1276,3200,-6272,9,28,252,60/-15116,-885,-8804,254,33,4,63/- projectiles=076E,530,2932,-2324,3,15,0,63
retail_frame=1168 camera=-1267,3153,2435,0,0,0 player=-1267,3177,2435,0,64,4,30 wingmate=-10611,3177,2435,0,64,4,30 targets=13732,-3017,-12364,0,74,247,60/1136,3244,-6100,8,28,252,60/-15296,-783,-8644,255,34,4,63/- projectiles=076E,311,2958,-1740,2,15,0,63
retail_frame=1172 camera=-1295,3154,2435,0,0,0 player=-1295,3177,2435,0,64,4,30 wingmate=-10639,3177,2435,0,64,4,30 targets=13504,-3026,-12404,0,72,247,60/848,3312,-5756,6,28,252,60/-15480,-690,-8488,0,35,4,63/- projectiles=076E,0,3004,-922,3,15,0,63
retail_frame=1176 camera=-1323,3154,2435,0,0,0 player=-1323,3177,2435,0,64,4,30 wingmate=-10667,3177,2435,0,64,4,30 targets=13276,-3032,-12432,0,70,247,60/704,3340,-5580,5,28,252,60/-15860,-529,-8188,0,37,4,63/- projectiles=076E,-359,3052,2,3,16,0,63
retail_frame=1180 camera=-1351,3154,2435,0,0,0 player=-1351,3177,2435,0,64,3,30 wingmate=-10695,3177,2435,0,64,3,30 targets=13044,-3035,-12448,0,68,247,60/560,3360,-5404,4,28,252,60/-16056,-463,-8048,0,38,4,63/- projectiles=076E,-592,3077,577,2,16,0,63
retail_frame=1184 camera=-1379,3155,2435,0,0,0 player=-1379,3177,2435,0,64,3,30 wingmate=-10723,3177,2435,0,64,3,30 targets=12812,-3035,-12452,0,66,247,60/416,3376,-5228,3,28,252,60/-16252,-406,-7912,0,39,4,63/- projectiles=076E,-838,3111,1149,3,17,0,63
retail_frame=1188 camera=-1407,3155,2435,0,0,0 player=-1407,3177,2435,0,64,2,30 wingmate=-10751,3177,2435,0,64,2,30 targets=12580,-3032,-12452,0,64,247,60/272,3384,-5052,2,28,252,60/-16452,-356,-7780,0,40,4,63/- projectiles=076E,-1090,3136,1721,2,17,0,63
retail_frame=1192 camera=-1435,3156,2435,0,0,0 player=-1435,3177,2435,0,64,2,30 wingmate=-52,5,111,0,64,2,30 targets=12348,-3026,-12448,0,62,247,60/128,3388,-4876,1,28,252,60/-16656,-312,-7656,0,41,4,63/- projectiles=04B9,-1,3368,-4268,254,9,0,63;076E,-1198,3152,1937,2,18,0,63
retail_frame=1196 camera=-1463,3157,2435,0,0,0 player=-1463,3177,2435,0,64,1,30 wingmate=-10807,3177,2435,0,64,1,30 targets=12116,-3017,-12432,0,60,247,60/-16,3388,-4700,0,28,252,60/-16656,-572,-7656,0,41,4,63/- projectiles=04B9,-133,3348,-3660,254,9,0,63;076E,-1298,3160,2157,2,18,0,63
retail_frame=1200 camera=-1491,3157,2435,0,0,0 player=-1491,3177,2435,0,64,0,30 wingmate=-10835,3177,2435,0,64,0,30 targets=11884,-3005,-12416,0,60,248,60/-160,2965,-4524,0,28,253,60/-16864,-788,-7536,252,42,4,63/- projectiles=04B9,-161,3344,-3536,254,9,0,63;076E,-1298,3160,2157,2,18,0,63
retail_frame=1204 camera=-1519,3158,2435,0,0,0 player=-1519,3177,2435,0,64,255,30 wingmate=-10863,3177,2435,0,64,255,30 targets=11652,-2990,-12400,0,60,249,60/-304,2595,-4348,0,28,254,60/-17076,-976,-7420,250,43,4,63/- projectiles=04B9,-265,3328,-3052,254,9,0,63;076E,-1398,3168,2377,3,24,0,63
retail_frame=1208 camera=-1547,3158,2435,0,0,0 player=-1547,3177,2435,0,64,254,30 wingmate=-10891,3177,2435,0,64,254,30 targets=11420,-2972,-12384,0,60,250,60/-304,2595,-4348,0,28,254,60/-17288,-1128,-7308,249,44,4,63/- projectiles=04B9,-404,3308,-2446,254,10,0,63;076E,-1530,3184,2577,3,24,0,63
retail_frame=1212 camera=-1575,3158,2435,0,0,0 player=-1575,3177,2435,0,64,254,30 wingmate=-10919,3177,2435,0,64,254,30 targets=11188,-2951,-12368,0,60,251,60/-448,2271,-4172,0,28,255,60/-17500,-1240,-7200,248,45,4,63/- projectiles=04B9,-546,3288,-1841,254,10,0,63;076E,-1662,3200,2777,3,24,0,63
retail_frame=1216 camera=-1603,3159,2435,0,0,0 player=-1603,3177,2435,0,64,253,30 wingmate=-10947,3177,2435,0,64,253,30 targets=10956,-2951,-12352,0,60,252,60/-592,1874,-3996,0,28,0,60/-17716,-1308,-7100,247,46,4,63/- projectiles=04B9,-688,3268,-1236,254,10,0,63;076E,-1794,3216,2977,3,24,0,63
retail_frame=1220 camera=-1631,3159,2435,0,0,0 player=-1631,3177,2435,0,64,253,30 wingmate=-10975,3177,2435,0,64,253,30 targets=10724,-2927,-12336,0,60,253,60/-736,1761,-3820,0,28,0,60/-17932,-1336,-7004,248,47,4,63/- projectiles=04B9,-833,3248,-631,254,10,0,63;076E,-1926,3232,3177,3,24,0,63
retail_frame=1224 camera=-1659,3159,2435,0,0,0 player=-1659,3177,2435,0,64,252,30 wingmate=-11003,3177,2435,0,64,252,30 targets=10724,-2900,-12336,0,60,253,60/-880,1649,-3644,0,28,0,60/-18152,-1308,-6916,249,48,4,63/- projectiles=04B9,-991,3231,-28,254,11,0,63;076E,-2058,3248,3377,3,24,0,63
retail_frame=1228 camera=-1687,3159,2435,0,0,0 player=-1687,3177,2435,0,64,252,30 wingmate=-1687,3159,2435,0,64,252,30 targets=10492,-2870,-12320,0,60,254,60/-1024,1539,-3468,0,28,0,60/-18376,-1228,-6832,251,49,4,63/- projectiles=04B9,-1153,3214,574,254,11,0,63;076E,-2190,3264,3577,3,24,0,63
retail_frame=1232 camera=-1715,3159,2435,0,0,0 player=-1715,3177,2435,0,64,252,30 wingmate=-1715,3159,2435,0,64,252,30 targets=10260,-2837,-12304,0,60,255,60/-1168,1431,-3292,0,28,0,60/-18604,-1088,-6756,253,50,4,63/- projectiles=04B9,-1324,3197,1172,254,12,0,63;076E,-2322,3280,3777,3,24,0,63
retail_frame=1236 camera=-1743,3158,2435,0,0,0 player=-1743,3177,2435,0,64,252,30 wingmate=-1743,3158,2435,0,64,252,30 targets=10028,-2801,-12288,0,60,0,60/-1312,1324,-3116,0,28,0,60/-18836,-888,-6684,0,51,4,63/- projectiles=04B9,-1502,3187,1767,255,12,0,63;076E,-2454,3296,3977,3,24,0,63
retail_frame=1240 camera=-1743,3158,2435,0,0,0 player=-1771,3177,2435,0,64,253,30 wingmate=-11087,3177,2435,0,64,253,30 targets=9808,-2762,-12228,0,52,0,60/-1456,1219,-2940,0,28,0,60/-19068,-628,-6620,3,52,4,63/- projectiles=04B9,-1578,3183,1995,255,14,0,63;076E,-2586,3312,4177,3,24,0,63
retail_frame=1244 camera=-1771,3158,2435,0,0,0 player=-1771,3177,2435,0,64,253,30 wingmate=-11115,3177,2435,0,64,253,30 targets=9600,-2720,-12132,0,46,0,60/-1600,1116,-2764,0,28,0,60/-19304,-312,-6560,6,53,4,63/- projectiles=04B9,-1654,3179,2223,255,15,0,63;076E,-2718,3328,4377,3,24,0,63
retail_frame=1248 camera=-1799,3158,2435,0,0,0 player=-1799,3177,2435,0,64,253,30 wingmate=-11143,3177,2435,0,64,253,30 targets=9404,-2675,-12016,0,42,0,60/-1744,1014,-2588,0,28,0,60/-19536,60,-6508,9,54,4,63/- projectiles=04B9,-1738,3175,2451,255,15,0,63;076E,-2850,3344,4577,3,24,0,63
retail_frame=1252 camera=-1827,3157,2435,0,0,0 player=-1827,3177,2435,0,64,254,30 wingmate=-11171,3177,2435,0,64,254,30 targets=9216,-2627,-11884,0,39,0,60/-1888,914,-2412,0,28,0,60/-19764,488,-6460,13,55,4,63/- projectiles=04B9,-1822,3171,2679,255,15,0,63;076E,-2982,3360,4777,3,24,0,63
retail_frame=1256 camera=-1855,3157,2435,0,0,0 player=-1855,3177,2435,0,64,254,30 wingmate=-11199,3177,2435,0,64,254,30 targets=9040,-2576,-11740,0,36,0,60/-2032,816,-2236,0,28,0,60/-19992,972,-6420,17,56,4,63/- projectiles=04B9,-1906,3167,2907,255,15,0,63;076E,-3114,3376,4977,3,24,0,63
retail_frame=1260 camera=-1883,3156,2435,0,0,0 player=-1883,3177,2435,0,64,255,30 wingmate=-11227,3177,2435,0,64,255,30 targets=8868,-2522,-11588,0,34,0,60/-2176,720,-2060,0,28,0,60/-20212,1504,-6384,21,57,4,63/- projectiles=04B9,-1990,3163,3135,255,15,0,63;076E,-3246,3392,5177,3,24,0,63
retail_frame=1264 camera=-1911,3155,2435,0,0,0 player=-1911,3177,2435,0,64,0,30 wingmate=-11255,3177,2435,0,64,0,30 targets=8704,-2465,-11432,0,33,0,60/-2320,626,-1884,0,28,0,60/-20420,2080,-6360,25,58,4,63/- projectiles=04B9,-2074,3159,3363,255,15,0,63;076E,-3378,3408,5377,3,24,0,63
retail_frame=1268 camera=-1939,3155,2435,0,0,0 player=-1939,3177,2435,0,64,1,30 wingmate=-11283,3177,2435,0,64,1,30 targets=8544,-2406,-11272,0,32,0,60/-2464,535,-1708,0,28,0,60/-20616,2696,-6340,29,59,4,63/- projectiles=04B9,-2158,3155,3591,255,15,0,63;076E,-3510,3424,5577,3,24,0,63
retail_frame=1272 camera=-1967,3154,2435,0,0,0 player=-1967,3177,2435,0,64,2,30 wingmate=-11311,3177,2435,0,64,2,30 targets=8388,-2344,-11108,0,31,0,60/-2608,446,-1532,0,28,0,60/-20800,3348,-6328,32,60,4,63/- projectiles=04B9,-2242,3151,3819,255,15,0,63
retail_frame=1276 camera=-1995,3154,2435,0,0,0 player=-1995,3177,2435,0,64,2,30 wingmate=-11339,3177,2435,0,64,2,30 targets=8236,-2279,-10936,0,30,0,60/-2752,359,-1356,0,28,0,60/-20972,4020,-6320,35,61,4,63/- projectiles=04B9,-2326,3147,4047,255,15,0,63
retail_frame=1280 camera=-2023,3154,2435,0,0,0 player=-2023,3177,2435,0,64,3,30 wingmate=-11367,3177,2435,0,64,3,30 targets=8088,-2212,-10760,0,29,0,60/-2896,274,-1180,0,28,0,60/-21128,4712,-6316,38,62,4,63/- projectiles=04B9,-2410,3143,4275,255,15,0,63
retail_frame=1284 camera=-2051,3153,2435,0,0,0 player=-2079,3177,2435,0,64,4,30 wingmate=-2079,3153,2435,0,64,4,30 targets=7944,-2142,-10584,0,28,0,60/-3040,192,-1004,0,28,0,60/-21272,5416,-6316,41,63,4,63/- projectiles=04B9,-2494,3139,4503,255,15,0,63
retail_frame=1288 camera=-2107,3153,2435,0,0,0 player=-2107,3177,2435,0,64,4,30 wingmate=-2107,3153,2435,0,64,4,30 targets=7804,-2069,-10404,0,27,0,60/-3184,112,-828,0,28,0,60/-21400,6124,-6316,43,64,4,63/- projectiles=04B9,-2578,3135,4731,255,15,0,63
retail_frame=1292 camera=-2135,3153,2435,0,0,0 player=-2135,3177,2435,0,64,4,30 wingmate=-2135,3153,2435,0,64,4,30 targets=7664,-1994,-10224,0,27,0,60/-3328,34,-652,0,28,0,60/-21520,6832,-6316,45,65,4,63/- projectiles=04B9,-2662,3131,4959,255,15,0,63
retail_frame=1296 camera=-2163,3153,2435,0,0,0 player=-2163,3177,2435,0,64,4,30 wingmate=-2163,3153,2435,0,64,4,30 targets=7524,-1916,-10044,0,27,0,60/-3472,-41,-476,0,28,0,60/-21628,7528,-6316,47,66,4,63/- projectiles=04B9,-2746,3127,5187,255,15,0,63
retail_frame=1300 camera=-2191,3154,2435,0,0,0 player=-2191,3177,2435,0,64,3,30 wingmate=-11535,3177,2435,0,64,3,30 targets=7384,-1836,-9864,0,27,0,60/-3616,-114,-300,0,28,0,60/-21724,8212,-6320,48,67,4,63/- projectiles=04B9,-2830,3123,5415,255,15,0,63
retail_frame=1304 camera=-2219,3154,2435,0,0,0 player=-2219,3177,2435,0,64,3,30 wingmate=-11563,3177,2435,0,64,3,30 targets=7104,-1754,-9504,0,27,0,60/-3760,-184,-124,0,28,0,60/-21816,8872,-6324,49,68,4,63/- projectiles=04B9,-2914,3119,5643,255,15,0,63
retail_frame=1308 camera=-2247,3154,2435,0,0,0 player=-2247,3177,2435,0,64,2,30 wingmate=-11591,3177,2435,0,64,2,30 targets=6964,-1669,-9324,0,27,0,60/-3904,-251,52,0,28,0,60/-21900,9512,-6332,50,69,4,63/- projectiles=04B9,-2998,3115,5871,255,15,0,63
retail_frame=1312 camera=-2275,3155,2435,0,0,0 player=-2275,3177,2435,0,64,2,30 wingmate=-11619,3177,2435,0,64,2,30 targets=6820,-1582,-9148,0,28,0,60/-4048,-316,228,0,28,0,60/-21980,10120,-6340,51,70,4,63/- projectiles=04B9,-3082,3111,6099,255,15,0,63
retail_frame=1316 camera=-2303,3155,2435,0,0,0 player=-2303,3177,2435,0,64,1,30 wingmate=-11647,3177,2435,0,64,1,30 targets=6676,-1402,-8972,0,28,0,60/-4336,-378,580,0,28,0,60/-22052,10696,-6352,50,71,4,63/- projectiles=-
retail_frame=1320 camera=-2331,3156,2435,0,0,0 player=-2331,3177,2435,0,64,0,30 wingmate=-11675,3177,2435,0,64,0,30 targets=6532,-1308,-8796,0,28,0,60/-4480,-494,756,0,28,0,60/-22132,11228,-6364,49,72,4,63/- projectiles=-
retail_frame=1324 camera=-2359,3157,2435,0,0,0 player=-2359,3177,2435,0,64,255,30 wingmate=-11703,3177,2435,0,64,255,30 targets=6388,-1212,-8620,0,28,0,60/-4624,-548,932,0,28,0,60/-22216,11720,-6380,48,73,4,63/- projectiles=-
retail_frame=1328 camera=-2387,3157,2435,0,0,0 player=-2387,3177,2435,0,64,254,30 wingmate=-11731,3177,2435,0,64,254,30 targets=6244,-1114,-8444,0,28,0,60/-4768,-599,1108,0,28,0,60/-22304,12164,-6400,46,74,4,63/- projectiles=-
retail_frame=1332 camera=-2415,3158,2435,0,0,0 player=-2415,3177,2435,0,64,254,30 wingmate=-11759,3177,2435,0,64,254,30 targets=6100,-1014,-8268,0,28,0,60/-4912,-647,1284,0,28,0,60/-22512,12776,-6452,42,76,4,63/- projectiles=-
retail_frame=1336 camera=-2443,3158,2435,0,0,0 player=-2443,3177,2435,0,64,253,30 wingmate=-11787,3177,2435,0,64,253,30 targets=5956,-912,-8092,0,28,0,60/-5056,-692,1460,0,28,0,60/-22628,13180,-6488,39,77,4,63/- projectiles=-
retail_frame=1340 camera=-2471,3158,2435,0,0,0 player=-2471,3177,2435,0,64,253,30 wingmate=-11815,3177,2435,0,64,253,30 targets=5812,-809,-7916,0,28,0,60/-5200,-734,1636,0,28,0,60/-22760,13404,-6532,36,78,4,63/- projectiles=-
retail_frame=1344 camera=-2499,3159,2435,0,0,0 player=-2499,3177,2435,0,64,252,30 wingmate=-11843,3177,2435,0,64,252,30 targets=5668,-704,-7740,0,28,0,60/-5344,-773,1812,0,28,0,60/-22904,13572,-6584,32,79,4,63/- projectiles=-
retail_frame=1348 camera=-2527,3159,2435,0,0,0 player=-2527,3177,2435,0,64,252,30 wingmate=-11871,3177,2435,0,64,252,30 targets=5524,-597,-7564,0,28,0,60/-5488,-809,1988,0,28,0,60/-23060,13672,-6644,28,80,4,63/- projectiles=-
retail_frame=1352 camera=-2555,3159,2435,0,0,0 player=-2555,3177,2435,0,64,252,30 wingmate=-11899,3177,2435,0,64,252,30 targets=5380,-489,-7388,0,28,0,60/-5632,-842,2164,0,28,0,60/-23232,13708,-6720,24,81,4,63/- projectiles=-
retail_frame=1356 camera=-2583,3159,2435,0,0,0 player=-2583,3177,2435,0,64,252,30 wingmate=-11927,3177,2435,0,64,252,30 targets=5236,-379,-7212,0,28,0,60/-5776,-872,2340,0,28,0,60/-23412,13676,-6804,20,82,4,63/- projectiles=-
retail_frame=1360 camera=-2611,3159,2435,0,0,0 player=-2611,3177,2435,0,64,253,30 wingmate=-11955,3177,2435,0,64,253,30 targets=5092,-267,-7036,0,28,0,60/-5920,-899,2516,0,28,0,60/-23604,13576,-6900,15,83,4,63/- projectiles=-
retail_frame=1364 camera=-2639,3158,2435,0,0,0 player=-2639,3177,2435,0,64,253,30 wingmate=-11983,3177,2435,0,64,253,30 targets=4948,-154,-6860,0,28,0,60/-6064,-923,2692,0,28,0,60/-23804,13404,-7004,10,84,4,63/- projectiles=-
retail_frame=1368 camera=-2667,3158,2435,0,0,0 player=-2667,3177,2435,0,64,254,30 wingmate=-12011,3177,2435,0,64,254,30 targets=4804,-40,-6684,0,28,0,60/-6208,-944,2868,0,28,0,60/-24008,13160,-7116,5,85,4,63/- projectiles=-
retail_frame=1372 camera=-2695,3158,2435,0,0,0 player=-2695,3177,2435,0,64,254,30 wingmate=-12039,3177,2435,0,64,254,30 targets=4660,76,-6508,0,28,0,60/-6352,-962,3044,0,28,0,60/-24216,12848,-7236,0,86,4,63/- projectiles=076E,4427,147,-6225,15,28,0,63
retail_frame=1376 camera=-2723,3157,2435,0,0,0 player=-2723,3177,2435,0,64,255,30 wingmate=-12067,3177,2435,0,64,255,30 targets=4512,193,-6332,0,29,0,60/-6496,-977,3220,0,28,0,60/-24420,12472,-7360,251,87,4,63/- projectiles=076E,4046,333,-5771,15,29,0,63
retail_frame=1380 camera=-2751,3157,2435,0,0,0 player=-2751,3177,2435,0,64,0,30 wingmate=-12095,3177,2435,0,64,0,30 targets=4364,311,-6156,0,29,0,60/-6640,-989,3396,0,28,0,60/-24620,12036,-7492,246,88,4,63/- projectiles=076E,3665,517,-5317,15,29,0,63
retail_frame=1384 camera=-2779,3156,2435,0,0,0 player=-2779,3177,2435,0,64,1,30 wingmate=-12123,3177,2435,0,64,1,30 targets=4216,430,-5980,0,29,0,60/-6784,-998,3572,0,28,0,60/-24812,11548,-7624,241,89,4,63/- projectiles=076E,3282,701,-4863,15,29,0,63
retail_frame=1388 camera=-2807,3155,2435,0,0,0 player=-2807,3177,2435,0,64,2,30 wingmate=-12151,3177,2435,0,64,2,30 targets=4068,550,-5804,0,29,0,60/-6928,-1004,3748,0,28,0,60/-24996,11004,-7756,237,90,4,63/- projectiles=076E,2899,883,-4409,15,29,0,63
retail_frame=1392 camera=-2835,3155,2435,0,0,0 player=-2835,3177,2435,0,64,2,30 wingmate=-12179,3177,2435,0,64,2,30 targets=3920,671,-5628,0,29,0,60/-7072,-1007,3924,0,28,0,60/-25168,10416,-7888,233,91,4,63/- projectiles=076E,2511,1056,-3955,14,29,0,63
retail_frame=1396 camera=-2863,3154,2435,0,0,0 player=-2863,3177,2435,0,64,3,30 wingmate=-12207,3177,2435,0,64,3,30 targets=3772,793,-5452,0,29,0,60/-7216,-1007,4100,0,28,0,60/-25328,9796,-8016,229,92,4,63/- projectiles=076E,2123,1229,-3501,14,29,0,63
retail_frame=1400 camera=-2891,3154,2435,0,0,0 player=-2891,3177,2435,0,64,3,30 wingmate=-12235,3177,2435,0,64,3,30 targets=3624,916,-5276,0,29,0,60/-7360,-1004,4276,0,28,0,60/-25472,9144,-8140,225,93,4,63/- projectiles=076E,1735,1399,-3047,14,29,0,63
retail_frame=1404 camera=-2919,3154,2435,0,0,0 player=-2919,3177,2435,0,64,4,30 wingmate=-12263,3177,2435,0,64,4,30 targets=3476,1039,-5100,0,29,0,60/-7504,-998,4452,0,28,0,60/-25600,8472,-8256,222,94,4,63/- projectiles=076E,1344,1569,-2593,14,29,0,63
retail_frame=1408 camera=-2947,3153,2435,0,0,0 player=-2947,3177,2435,0,64,4,30 wingmate=-12291,3177,2435,0,64,4,30 targets=3328,1163,-4924,0,29,0,60/-7648,-989,4628,0,28,0,60/-25716,7784,-8364,219,95,4,63/- projectiles=076E,953,1738,-2140,14,29,0,63
retail_frame=1412 camera=-2975,3153,2435,0,0,0 player=-2975,3177,2435,0,64,4,30 wingmate=-12319,3177,2435,0,64,4,30 targets=3180,1288,-4748,0,29,0,60/-7792,-977,4804,0,28,0,60/-25820,7338,-8468,216,96,4,63/- projectiles=076E,562,1901,-1684,13,29,0,63
retail_frame=1416 camera=-3003,3153,2435,0,0,0 player=-3003,3177,2435,0,64,4,30 wingmate=-12347,3177,2435,0,64,4,30 targets=3032,1413,-4572,0,29,0,60/-7936,-962,4980,0,28,255,60/-25820,7088,-8468,216,96,4,63/- projectiles=076E,168,2063,-1229,13,29,0,63
retail_frame=1420 camera=-3031,3153,2435,0,0,0 player=-3031,3177,2435,0,64,3,30 wingmate=-12375,3177,2435,0,64,3,30 targets=2884,1539,-4396,0,29,0,60/-8080,-944,5156,0,28,254,60/-25908,6392,-8564,214,97,4,63/- projectiles=076E,-230,2223,-778,13,30,0,63
retail_frame=1424 camera=-3059,3153,2435,0,0,0 player=-3059,3177,2435,0,64,3,30 wingmate=-12403,3177,2435,0,64,3,30 targets=2732,1665,-4224,0,30,0,60/-8080,-944,5156,0,28,253,60/-25988,5704,-8656,212,98,4,63/- projectiles=076E,-631,2380,-327,13,30,0,63
retail_frame=1428 camera=-3087,3154,2435,0,0,0 player=-3087,3177,2435,0,64,2,30 wingmate=-12431,3177,2435,0,64,2,30 targets=2580,1791,-4052,0,30,0,60/-8224,-923,5332,0,28,253,60/-26060,5028,-8740,211,99,4,63/- projectiles=076E,-1032,2526,121,12,30,0,63
retail_frame=1432 camera=-3115,3154,2435,0,0,0 player=-3115,3177,2435,0,64,2,30 wingmate=-12459,3177,2435,0,64,2,30 targets=2428,1917,-3880,0,30,0,60/-8364,-899,5512,0,27,252,60/-26128,4376,-8824,210,100,4,63/- projectiles=076E,-1032,2526,121,12,30,0,63
retail_frame=1436 camera=-3143,3154,2435,0,0,0 player=-3143,3177,2435,0,64,1,30 wingmate=-12487,3177,2435,0,64,1,30 targets=2428,1917,-3880,0,30,0,60/-8500,-872,5696,0,26,251,60/-26192,3744,-8904,209,101,4,63/- projectiles=076E,-1436,2672,569,12,30,0,63
retail_frame=1440 camera=-3143,3154,2435,0,0,0 player=-3143,3177,2435,0,64,1,30 wingmate=-12487,3177,2435,0,64,1,30 targets=2276,2043,-3708,0,30,0,60/-8632,-842,5884,0,25,250,60/-26248,3140,-8980,208,102,4,63/- projectiles=043B,2020,2015,-3422,8,30,0,63;076E,-1851,2808,1008,11,31,0,63
retail_frame=1444 camera=-3171,3155,2435,0,0,0 player=-3171,3177,2435,0,64,0,30 wingmate=-12515,3177,2435,0,64,0,30 targets=2124,2170,-3536,0,30,0,60/-8756,-809,6076,0,24,249,60/-26300,2572,-9052,209,103,4,63/- projectiles=043B,1612,2113,-2964,8,30,0,63;076E,-2266,2941,1445,11,31,0,63
retail_frame=1448 camera=-3199,3155,2435,0,0,0 player=-3199,3177,2435,0,64,255,30 wingmate=-12543,3177,2435,0,64,255,30 targets=1972,2296,-3364,0,30,0,60/-8872,-773,6272,0,22,248,60/-26352,2044,-9132,210,104,4,63/- projectiles=043B,1203,2211,-2507,8,30,0,63;076E,-2684,3060,1886,10,31,0,63
retail_frame=1452 camera=-3227,3156,2435,0,0,0 player=-3227,3177,2435,0,64,254,30 wingmate=-85,23,85,0,64,254,30 targets=1820,2422,-3192,0,30,0,60/-8976,-734,6476,0,20,248,60/-26404,1560,-9216,211,105,4,63/- projectiles=043B,792,2309,-2052,8,30,0,63;076E,-2848,3112,2050,8,32,0,63
retail_frame=1456 camera=-3255,3157,2435,0,0,0 player=-3255,3177,2435,0,64,254,30 wingmate=-85,23,85,0,64,254,30 targets=1668,2548,-3020,0,30,0,60/-9072,-692,6684,0,18,248,60/-26404,1560,-9216,211,105,4,63/- projectiles=043B,381,2405,-1597,8,30,0,63;076E,-3012,3156,2214,8,32,0,63
retail_frame=1460 camera=-3283,3157,2435,0,0,0 player=-3283,3177,2435,0,64,253,30 wingmate=-93,8,80,0,64,253,30 targets=1516,2674,-2848,0,30,0,60/-9156,-647,6896,0,16,248,60/-/- projectiles=043B,-30,2500,-1142,8,30,0,63;076E,-3176,3200,2378,3,35,0,63
retail_frame=1464 camera=-3311,3158,2435,0,0,0 player=-3311,3177,2435,0,64,253,30 wingmate=-93,8,80,0,64,253,30 targets=1360,2800,-2684,0,31,0,60/-9228,-599,7112,0,14,248,60/-/- projectiles=043B,-448,2595,-698,8,31,0,63;076E,-3360,3216,2534,3,35,0,63
retail_frame=1468 camera=-3339,3158,2435,0,0,0 player=-3339,3177,2435,0,64,252,30 wingmate=-12683,3177,2435,0,64,252,30 targets=1204,2925,-2520,0,31,0,60/-9288,-548,7332,0,12,248,60/-/- projectiles=043B,-866,2690,-254,8,31,0,63;076E,-3544,3232,2690,3,35,0,63
retail_frame=1472 camera=-3367,3158,2435,0,0,0 player=-3367,3177,2435,0,64,252,30 wingmate=-12711,3177,2435,0,64,252,30 targets=1048,3050,-2356,0,31,0,60/-9340,-494,7556,0,10,248,60/-/- projectiles=043B,-1284,2782,190,8,31,0,63;076E,-3728,3248,2846,3,35,0,63
retail_frame=1476 camera=-3395,3159,2435,0,0,0 player=-3395,3177,2435,0,64,252,30 wingmate=-12739,3177,2435,0,64,252,30 targets=892,3174,-2192,0,31,0,60/-9380,-437,7784,0,8,248,60/-/- projectiles=043B,-1709,2870,631,7,31,0,63;076E,-3912,3264,3002,3,35,0,63
retail_frame=1480 camera=-3423,3159,2435,0,0,0 player=-3423,3177,2435,0,64,252,30 wingmate=-12767,3177,2435,0,64,252,30 targets=736,3297,-2028,0,31,0,60/-9408,-378,8012,0,6,248,60/-/- projectiles=043B,-2134,2955,1072,7,31,0,63;076E,-4096,3280,3158,3,35,0,63
retail_frame=1484 camera=-3451,3159,2435,0,0,0 player=-3451,3177,2435,0,64,253,30 wingmate=-12795,3177,2435,0,64,253,30 targets=580,3420,-1864,0,31,0,60/-9424,-316,8244,0,4,248,60/-/- projectiles=043B,-2562,3037,1506,7,32,0,63;076E,-4280,3296,3314,3,35,0,63
retail_frame=1488 camera=-3479,3159,2435,0,0,0 player=-3479,3177,2435,0,64,253,30 wingmate=-12823,3177,2435,0,64,253,30 targets=424,3542,-1700,0,31,0,60/-9428,-251,8476,0,2,248,60/-/- projectiles=043B,-2993,3108,1938,6,32,0,63;076E,-4464,3312,3470,3,35,0,63
retail_frame=1492 camera=-3507,3159,2435,0,0,0 player=-3507,3177,2435,0,64,254,30 wingmate=-12851,3177,2435,0,64,254,30 targets=268,3663,-1536,0,31,0,60/-9428,-184,8708,0,0,248,60/-/- projectiles=043B,-3165,3136,2102,5,33,0,63;076E,-4648,3328,3626,3,35,0,63
retail_frame=1496 camera=-3535,3158,2435,0,0,0 player=-3535,3177,2435,0,64,254,30 wingmate=-12879,3177,2435,0,64,254,30 targets=108,3783,-1376,0,32,0,60/-9424,-114,8940,0,254,248,60/-/- projectiles=043B,-3337,3164,2266,5,33,0,63;076E,-4832,3344,3782,3,35,0,63
retail_frame=1500 camera=-3563,3158,2435,0,0,0 player=-3563,3177,2435,0,64,255,30 wingmate=-12907,3177,2435,0,64,255,30 targets=-52,3902,-1216,0,32,0,60/-9408,-41,9172,0,252,248,60/-/- projectiles=043B,-3509,3192,2430,255,40,0,63;076E,-5016,3360,3938,3,35,0,63
retail_frame=1504 camera=-3591,3158,2435,32,0,0 player=-3591,3177,2435,0,64,226,30 wingmate=-12935,3177,2435,0,64,226,30 targets=-212,4020,-1056,0,32,0,60/-9380,34,9400,0,250,248,60/-/- projectiles=0672,-480,3794,-782,247,32,0,63;043B,-3709,3188,2562,255,40,0,63;076E,-5200,3376,4094,3,35,0,63
retail_frame=1508 camera=-3619,3157,2435,192,0,0 player=-3619,3177,2435,0,64,230,30 wingmate=-12963,3177,2435,0,64,230,30 targets=-372,4137,-896,0,32,253,60/-9340,112,9628,0,248,248,60/-/- projectiles=0672,-911,3688,-348,247,32,0,63;043B,-3909,3184,2694,255,40,0,63;076E,-5384,3392,4250,3,35,0,63
retail_frame=1512 camera=-3647,3157,2435,96,0,0 player=-3647,3177,2435,0,64,234,30 wingmate=-12991,3177,2435,0,64,234,30 targets=-528,4253,-732,0,31,250,60/-9288,192,9852,0,246,248,60/-/- projectiles=0672,-1342,3593,83,248,32,0,63;043B,-4109,3180,2826,255,40,0,63;076E,-5568,3408,4406,3,35,0,63
retail_frame=1516 camera=-3675,3156,2435,128,0,0 player=-3675,3177,2435,0,64,237,30 wingmate=-13019,3177,2435,0,64,237,30 targets=-676,4367,-556,0,29,248,60/-9228,274,10072,0,244,248,60/-/- projectiles=0672,-1773,3501,514,248,32,0,63;043B,-4309,3176,2958,255,40,0,63;076E,-5752,3424,4562,3,35,0,63
retail_frame=1520 camera=-3703,3155,2435,160,0,0 player=-3703,3177,2435,0,64,240,30 wingmate=-13047,3177,2435,0,64,240,30 targets=-816,4480,-376,0,27,246,60/-9156,359,10288,0,242,248,60/-/- projectiles=0672,-2211,3410,941,248,33,0,63;043B,-4509,3172,3090,255,40,0,63;076E,-5936,3440,4718,3,35,0,63
retail_frame=1524 camera=-3759,3154,2435,224,0,0 player=-3759,3177,2435,0,64,245,30 wingmate=-3759,3154,2435,0,64,245,30 targets=-940,4592,-184,0,24,244,60/-9072,446,10500,0,240,248,60/-/- projectiles=0672,-2652,3328,1369,249,33,0,63;043B,-4709,3168,3222,255,40,0,63;076E,-6120,3456,4874,3,35,0,63
retail_frame=1528 camera=-3787,3154,2435,0,0,0 player=-3787,3177,2435,0,64,246,30 wingmate=-3787,3154,2435,0,64,246,30 targets=-1052,4702,16,0,21,243,60/-8976,535,10708,0,238,248,60/-/- projectiles=0672,-3096,3257,1794,250,33,0,63;043B,-4909,3164,3354,255,40,0,63
retail_frame=1532 camera=-3815,3154,2435,0,0,0 player=-3815,3177,2435,0,64,247,30 wingmate=-13159,3177,2435,0,64,247,30 targets=-1228,4810,440,0,15,241,60/-8872,626,10912,0,236,248,60/-/- projectiles=0672,-3272,3225,1954,251,34,0,63;043B,-5109,3160,3486,255,40,0,63
retail_frame=1536 camera=-3843,3153,2435,0,0,0 player=-3843,3177,2435,0,64,248,30 wingmate=-93,-11,80,0,64,248,30 targets=-1284,5022,664,0,11,240,60/-8756,720,11108,0,234,248,60/-/- projectiles=0672,-3632,3169,2274,252,35,0,63;043B,-5509,3152,3750,255,40,0,63
retail_frame=1540 camera=-3871,3153,2435,0,0,0 player=-3871,3177,2435,0,64,248,30 wingmate=-93,-11,80,0,64,248,30 targets=-1316,5125,892,0,7,239,60/-8496,914,11484,0,230,248,60/-/- projectiles=0672,-3816,3149,2430,252,35,0,63;043B,-5709,3148,3882,255,40,0,63
retail_frame=1544 camera=-3899,3153,2435,0,0,0 player=-3899,3177,2435,0,64,249,30 wingmate=-93,-11,80,0,64,249,30 targets=-1328,5227,1124,0,3,238,60/-8352,1014,11660,0,228,248,60/-/- projectiles=0672,-4000,3129,2586,252,35,0,63;043B,-5909,3144,4014,255,40,0,63
retail_frame=1548 camera=-3927,3153,2435,0,0,0 player=-3927,3177,2435,0,64,249,30 wingmate=-13271,3177,2435,0,64,249,30 targets=-1328,5327,1356,0,255,237,60/-8200,1116,11832,0,226,248,60/-/- projectiles=0672,-4184,3109,2742,252,35,0,63;043B,-6109,3140,4146,255,40,0,63
retail_frame=1552 camera=-3955,3153,2435,0,0,0 player=-3955,3177,2435,0,64,250,30 wingmate=-13299,3177,2435,0,64,250,30 targets=-1300,5425,1584,0,250,236,60/-8040,1219,11992,0,224,248,60/-/- projectiles=0672,-4368,3089,2898,252,35,0,63;043B,-6309,3136,4278,255,40,0,63
retail_frame=1556 camera=-3983,3154,2435,0,0,0 player=-3983,3177,2435,0,64,250,30 wingmate=-13327,3177,2435,0,64,250,30 targets=-1244,5521,1808,0,245,235,60/-7868,1324,12144,0,222,248,60/-/- projectiles=0672,-4552,3069,3054,252,35,0,63;043B,-6509,3132,4410,255,40,0,63
retail_frame=1560 camera=-4039,3154,2435,0,0,0 player=-4039,3177,2435,0,64,250,30 wingmate=-4039,3154,2435,0,64,250,30 targets=-1160,5615,2020,0,240,234,60/-7692,1431,12288,0,220,248,60/-/- projectiles=0672,-4736,3049,3210,252,35,0,63;043B,-6709,3128,4542,255,40,0,63
retail_frame=1564 camera=-4067,3155,2435,0,0,0 player=-4067,3177,2435,0,64,250,30 wingmate=-13411,3177,2435,0,64,250,30 targets=-908,5795,2400,0,229,232,60/-7508,1539,12424,0,218,248,60/-/- projectiles=0672,-5104,3009,3522,252,35,0,63
retail_frame=1568 camera=-4095,3155,2435,0,0,0 player=-4095,3177,2435,0,64,251,30 wingmate=-13439,3177,2435,0,64,251,30 targets=-744,5882,2556,0,223,231,60/-7120,1761,12664,0,214,248,60/-/- projectiles=0672,-5288,2989,3678,252,35,0,63
retail_frame=1572 camera=-4123,3156,2435,0,0,0 player=-4123,3177,2435,0,64,251,30 wingmate=-13467,3177,2435,0,64,251,30 targets=-556,5967,2688,0,217,230,60/-6916,1874,12768,0,212,248,60/-/- projectiles=0672,-5472,2969,3834,252,35,0,63
retail_frame=1576 camera=-4151,3157,2435,0,0,0 player=-4151,3177,2435,0,64,252,30 wingmate=-13495,3177,2435,0,64,252,30 targets=-352,6049,2788,0,211,229,60/-6708,1988,12864,0,210,248,60/-/- projectiles=0672,-5656,2949,3990,252,35,0,63
retail_frame=1580 camera=-4179,3157,2435,0,0,0 player=-4179,3177,2435,0,64,252,30 wingmate=-13523,3177,2435,0,64,252,30 targets=-148,6129,2888,0,211,232,60/-6496,2104,12948,0,208,248,60/-/- projectiles=0672,-5840,2929,4146,252,35,0,63
retail_frame=1584 camera=-4207,3158,2435,0,0,0 player=-4207,3177,2435,0,64,252,30 wingmate=-13551,3177,2435,0,64,252,0 targets=56,6207,2988,0,211,235,60/-6280,2221,13020,0,206,248,60/-/- projectiles=0672,-6024,2909,4302,252,35,0,63
retail_frame=1588 camera=-4263,3158,2435,0,0,0 player=-4263,3177,2435,0,64,252,30 wingmate=-4263,3158,2435,0,64,252,30 targets=260,6282,3088,0,211,237,60/-6060,2339,13080,0,204,248,60/-/- projectiles=0672,-6208,2889,4458,252,35,0,63
retail_frame=1592 camera=-4291,3159,2435,0,0,0 player=-4291,3177,2435,0,64,253,30 wingmate=-13635,3177,2435,0,64,253,30 targets=668,6425,3288,0,211,241,60/-5608,2458,13172,0,200,248,60/-/- projectiles=0672,-6576,2849,4770,252,35,0,63
retail_frame=1596 camera=-4319,3159,2435,0,0,0 player=-4319,3177,2435,0,64,253,30 wingmate=-13663,3177,2435,0,64,253,30 targets=872,6492,3388,0,211,242,60/-5380,2699,13200,0,198,248,60/-/- projectiles=0672,-6760,2829,4926,252,35,0,63
retail_frame=1600 camera=-4347,3159,2435,0,0,0 player=-4347,3177,2435,0,64,254,30 wingmate=-13691,3177,2435,0,64,254,30 targets=1076,6557,3488,0,211,243,60/-5148,2821,13216,0,196,248,60/-/- projectiles=-
retail_frame=1604 camera=-4375,3159,2435,0,0,0 player=-4375,3177,2435,0,64,254,30 wingmate=-13719,3177,2435,0,64,254,30 targets=1280,6619,3588,0,211,244,60/-4916,2944,13220,0,194,248,60/-/- projectiles=-
retail_frame=1608 camera=-4431,3158,2435,0,0,0 player=-4431,3177,2435,0,64,0,30 wingmate=-13775,3177,2435,0,64,0,30 targets=1484,6678,3688,0,211,245,60/-4684,3067,13220,0,192,248,60/-/- projectiles=-
retail_frame=1612 camera=-4459,3158,2435,0,0,0 player=-4459,3177,2435,0,64,1,30 wingmate=-13803,3177,2435,0,64,1,30 targets=1892,6789,3888,0,211,247,60/-4220,3316,13200,0,188,248,60/-/- projectiles=-
retail_frame=1616 camera=-4487,3158,2435,0,0,0 player=-4487,3177,2435,0,64,2,30 wingmate=-13831,3177,2435,0,64,2,30 targets=2096,6840,3988,0,211,248,60/-3992,3441,13172,0,186,248,60/-/- projectiles=-
retail_frame=1620 camera=-4515,3157,2435,0,0,0 player=-4515,3177,2435,0,64,2,30 wingmate=-13859,3177,2435,0,64,2,30 targets=2300,6888,4088,0,211,249,60/-3764,3567,13132,0,184,248,60/-/- projectiles=-
retail_frame=1624 camera=-4571,3156,2435,0,0,0 player=-4571,3177,2435,0,64,3,30 wingmate=-4571,3156,2435,0,64,3,30 targets=2504,6933,4188,0,211,250,60/-3540,3693,13080,0,182,248,60/-/- projectiles=-
retail_frame=1628 camera=-4599,3155,2435,0,0,0 player=-4599,3177,2435,0,64,4,30 wingmate=-13943,3177,2435,0,64,4,30 targets=2912,7014,4388,0,211,252,60/-3104,3945,12948,0,178,248,60/-/- projectiles=-
retail_frame=1632 camera=-4627,3155,2435,0,0,0 player=-4627,3177,2435,0,64,4,30 wingmate=-13971,3177,2435,0,64,4,30 targets=3116,7050,4488,0,211,253,60/-2892,4071,12864,0,176,248,60/-/- projectiles=-
retail_frame=1636 camera=-4655,3154,2435,0,0,0 player=-4655,3177,2435,0,64,4,30 wingmate=-13999,3177,2435,0,64,4,30 targets=3320,7083,4588,0,211,254,60/-2684,4198,12768,0,174,248,60/-/- projectiles=-
retail_frame=1640 camera=-4711,3154,2435,0,0,0 player=-4711,3177,2435,0,64,3,30 wingmate=-4711,3154,2435,0,64,3,30 targets=3524,7113,4688,0,211,255,60/-2480,4324,12664,0,172,248,60/-/- projectiles=-
retail_frame=1644 camera=-4739,3153,2435,0,0,0 player=-4739,3177,2435,0,64,3,30 wingmate=-14083,3177,2435,0,64,3,30 targets=3932,7164,4888,0,211,0,60/-2092,4576,12424,0,168,248,60/-/- projectiles=-
retail_frame=1648 camera=-4767,3153,2435,0,0,0 player=-4767,3177,2435,0,64,2,30 wingmate=-14111,3177,2435,0,64,2,30 targets=4136,7185,4988,0,211,255,60/-1908,4702,12288,0,166,248,60/-/- projectiles=-
retail_frame=1652 camera=-4795,3153,2435,0,0,0 player=-4795,3177,2435,0,64,2,30 wingmate=-14139,3177,2435,0,64,2,30 targets=4340,7203,5088,0,211,254,60/-1732,4828,12144,0,164,248,60/-/- projectiles=-
retail_frame=1656 camera=-4823,3153,2435,0,0,0 player=-4823,3177,2435,0,64,0,30 wingmate=-14167,3177,2435,0,64,0,0 targets=4544,7218,5188,0,211,253,60/-1560,4953,11992,0,162,248,60/-/- projectiles=-
retail_frame=1660 camera=-4879,3154,2435,0,0,0 player=-4879,3177,2435,0,64,255,30 wingmate=-14223,3177,2435,0,64,255,30 targets=4964,7239,5372,0,209,251,60/-1400,5078,11832,0,160,248,60/-/- projectiles=-
retail_frame=1664 camera=-4907,3154,2435,0,0,0 player=-4907,3177,2435,0,64,254,30 wingmate=-14251,3177,2435,0,64,254,30 targets=5176,7245,5456,0,208,250,60/-1104,5325,11484,0,156,248,60/-/- projectiles=-
retail_frame=1668 camera=-4935,3154,2435,0,0,0 player=-4935,3177,2435,0,64,254,30 wingmate=-14279,3177,2435,0,64,254,30 targets=5392,7248,5536,0,207,249,60/-968,5448,11300,0,154,248,60/-/- projectiles=-
retail_frame=1672 camera=-4963,3155,2435,0,0,0 player=-4963,3177,2435,0,64,253,30 wingmate=-14307,3177,2435,0,64,253,30 targets=5612,7248,5604,0,205,248,60/-844,5570,11108,0,152,248,60/-/- projectiles=-
retail_frame=1676 camera=-5019,3156,2435,0,0,0 player=-5019,3177,2435,0,64,252,30 wingmate=-5019,3156,2435,0,64,252,30 targets=5836,7245,5660,0,203,248,60/-728,5691,10912,0,150,248,60/-/- projectiles=-
retail_frame=1680 camera=-5047,3157,2435,0,0,0 player=-5047,3177,2435,0,64,252,30 wingmate=-14391,3177,2435,0,64,252,30 targets=6288,7230,5736,0,199,248,60/-528,5811,10500,0,146,248,60/-/- projectiles=-
retail_frame=1684 camera=-5075,3157,2435,0,0,0 player=-5075,3177,2435,0,64,252,30 wingmate=-14419,3177,2435,0,64,252,30 targets=6520,7218,5760,0,197,248,60/-444,6048,10288,0,144,248,60/-/- projectiles=-
retail_frame=1688 camera=-5103,3158,2435,0,0,0 player=-5103,3177,2435,0,64,252,30 wingmate=-14447,3177,2435,0,64,252,30 targets=6752,7203,5772,0,195,248,60/-372,6165,10072,0,142,248,60/-/- projectiles=-
retail_frame=1692 camera=-5131,3158,2435,0,0,0 player=-5131,3177,2435,0,64,253,30 wingmate=-14475,3177,2435,0,64,253,30 targets=6984,7185,5772,0,193,248,60/-312,6281,9852,0,140,248,60/-/- projectiles=-
retail_frame=1696 camera=-5187,3159,2435,0,0,0 player=-5187,3177,2435,0,64,254,30 wingmate=-14531,3177,2435,0,64,254,30 targets=7216,7164,5772,0,191,248,60/-260,6395,9628,0,138,248,60/-/- projectiles=-
retail_frame=1700 camera=-5215,3159,2435,0,0,0 player=-5215,3177,2435,0,64,254,30 wingmate=-14559,3177,2435,0,64,254,30 targets=7680,7113,5736,0,187,248,60/-192,6620,9172,0,134,248,60/-/- projectiles=-
retail_frame=1704 camera=-5243,3159,2435,0,0,0 player=-5243,3177,2435,0,64,255,30 wingmate=-14587,3177,2435,0,64,255,30 targets=7908,7083,5704,0,185,248,60/-176,6730,8940,0,132,248,60/-/- projectiles=-
retail_frame=1708 camera=-5271,3159,2435,0,0,0 player=-5271,3177,2435,0,64,0,30 wingmate=-14615,3177,2435,0,64,0,30 targets=8132,7050,5660,0,183,248,60/-172,6838,8708,0,130,248,60/-/- projectiles=-
retail_frame=1712 camera=-5327,3158,2435,0,0,0 player=-5327,3177,2435,0,64,2,30 wingmate=-5327,3158,2435,0,64,2,30 targets=8356,7014,5604,0,181,248,60/-168,6945,8476,0,130,249,60/-/- projectiles=-
retail_frame=1716 camera=-5355,3158,2435,0,0,0 player=-5355,3177,2435,0,64,2,30 wingmate=-14699,3177,2435,0,64,2,30 targets=8792,6933,5456,0,177,248,60/-160,7153,8012,0,130,251,60/-/- projectiles=-
retail_frame=1720 camera=-5383,3158,2435,0,0,0 player=-5383,3177,2435,0,64,3,30 wingmate=-14727,3177,2435,0,64,3,30 targets=9004,6888,5368,0,175,248,60/-156,7255,7780,0,130,252,60/-/- projectiles=-
retail_frame=1724 camera=-5411,3157,2435,0,0,0 player=-5411,3177,2435,0,64,3,30 wingmate=-14755,3177,2435,0,64,3,30 targets=9208,6840,5268,0,173,248,60/-152,7355,7548,0,130,253,60/-/- projectiles=-
retail_frame=1728 camera=-5467,3156,2435,0,0,0 player=-5467,3177,2435,0,64,4,30 wingmate=-5467,3156,2435,0,64,4,30 targets=9408,6789,5156,0,171,248,60/-148,7453,7316,0,130,254,60/-/- projectiles=-
retail_frame=1732 camera=-5495,3155,2435,0,0,0 player=-5495,3177,2435,0,64,4,30 wingmate=-14839,3177,2435,0,64,4,30 targets=9792,6678,4904,0,167,248,60/-140,7549,6852,0,130,0,60/-/- projectiles=-
retail_frame=1736 camera=-5523,3155,2435,0,0,0 player=-5523,3177,2435,0,64,4,30 wingmate=-14867,3177,2435,0,64,4,30 targets=9972,6619,4764,0,165,248,60/-128,7611,6624,250,131,4,60/-/- projectiles=-
retail_frame=1740 camera=-5551,3154,2435,0,0,0 player=-5551,3177,2435,0,64,3,30 wingmate=-14895,3177,2435,0,64,3,30 targets=10148,6557,4616,0,163,248,60/-112,7551,6400,245,132,4,60/-/- projectiles=-
retail_frame=1744 camera=-5607,3154,2435,0,0,0 player=-5607,3177,2435,0,64,2,30 wingmate=-5607,3154,2435,0,64,2,30 targets=10312,6492,4460,0,161,248,60/-88,7467,6184,241,133,4,60/-/- projectiles=-
retail_frame=1748 camera=-5635,3153,2435,0,0,0 player=-5635,3177,2435,0,64,2,30 wingmate=-14979,3177,2435,0,64,2,30 targets=10616,6355,4120,0,157,248,60/-32,7243,5788,234,135,4,60/-/- projectiles=-
retail_frame=1752 camera=-5663,3153,2435,0,0,0 player=-5663,3177,2435,0,64,1,30 wingmate=-15007,3177,2435,0,64,1,30 targets=10756,6282,3940,0,155,248,60/0,7107,5604,231,136,4,60/-/- projectiles=-
retail_frame=1756 camera=-5691,3153,2435,0,0,0 player=-5691,3177,2435,0,64,0,30 wingmate=-15035,3177,2435,0,64,0,30 targets=10888,6207,3752,0,153,248,60/36,6959,5432,228,137,4,60/-/- projectiles=-
retail_frame=1760 camera=-5719,3153,2435,0,0,0 player=-5747,3177,2435,0,64,254,30 wingmate=-15063,3177,2435,0,64,254,30 targets=11008,6129,3556,0,151,248,60/76,6803,5268,226,138,4,60/-/- projectiles=-
retail_frame=1764 camera=-5775,3154,2435,0,0,0 player=-5775,3177,2435,0,64,254,30 wingmate=-15119,3177,2435,0,64,254,30 targets=11220,5967,3152,0,147,248,60/156,6463,4964,222,140,4,60/-/- projectiles=-
retail_frame=1768 camera=-5803,3154,2435,0,0,0 player=-5803,3177,2435,0,64,253,30 wingmate=-15147,3177,2435,0,64,253,30 targets=11308,5882,2940,0,145,248,60/200,6283,4824,220,141,4,60/-/- projectiles=-
retail_frame=1772 camera=-5831,3154,2435,0,0,0 player=-5831,3177,2435,0,64,253,30 wingmate=-15175,3177,2435,0,64,253,30 targets=11388,5795,2724,0,143,248,60/244,6099,4692,219,142,4,60/-/- projectiles=-
retail_frame=1776 camera=-5887,3155,2435,0,0,0 player=-5887,3177,2435,0,64,252,30 wingmate=-15231,3177,2435,0,64,252,30 targets=11456,5706,2504,0,141,248,60/292,5911,4564,218,143,4,60/-/- projectiles=-
retail_frame=1780 camera=-5915,3156,2435,0,0,0 player=-5915,3177,2435,0,64,252,30 wingmate=-15259,3177,2435,0,64,252,30 targets=11556,5521,2056,0,137,248,60/388,5523,4328,216,145,4,60/-/- projectiles=-
retail_frame=1784 camera=-5943,3157,2435,0,0,0 player=-5943,3177,2435,0,64,252,30 wingmate=-15287,3177,2435,0,64,252,30 targets=11588,5425,1828,0,135,248,60/440,5323,4220,215,146,4,60/-/- projectiles=04B9,-507,5148,4062,235,76,0,63
retail_frame=1788 camera=-5971,3157,2435,0,0,0 player=-5971,3177,2435,0,64,253,30 wingmate=-15315,3177,2435,0,64,253,30 targets=11612,5327,1596,0,133,248,60/492,5123,4116,214,147,4,60/-/- projectiles=04B9,-1263,4793,3845,236,76,0,63
retail_frame=1792 camera=-5999,3158,2435,0,0,0 player=-5999,3177,2435,0,64,253,30 wingmate=-15343,3177,2435,0,64,253,30 targets=11624,5227,1364,0,131,248,60/544,4919,4016,213,148,4,60/-/- projectiles=04B9,-1821,4561,3680,237,76,0,63
retail_frame=1796 camera=-6027,3158,2435,0,0,0 player=-6027,3177,2435,0,64,254,30 wingmate=-15371,3177,2435,0,64,254,30 targets=11624,5125,1132,0,129,248,60/596,4711,3924,212,149,4,60/-/- projectiles=04B9,-2380,4332,3515,237,76,0,63
retail_frame=1800 camera=-6055,3158,2435,0,0,0 player=-6055,3177,2435,0,64,254,30 wingmate=-15399,3177,2435,0,64,254,30 targets=11624,5022,900,0,127,248,60/648,4503,3836,211,150,4,60/-/- projectiles=04B9,-2940,4117,3350,238,76,0,63
retail_frame=1804 camera=-6111,3159,2435,0,0,0 player=-6111,3177,2435,0,64,0,30 wingmate=-6111,3159,2435,0,64,0,30 targets=11612,4917,668,0,125,248,60/700,4291,3752,210,151,4,60/-/- projectiles=04B9,-3506,3909,3185,239,76,0,63
retail_frame=1808 camera=-6139,3159,2435,0,0,0 player=-6139,3177,2435,0,64,1,30 wingmate=-15483,3177,2435,0,64,1,30 targets=11588,4810,436,0,123,248,60/748,4075,3676,209,152,4,60/-/- projectiles=04B9,-4073,3707,3022,239,76,0,63
retail_frame=1812 camera=-6167,3159,2435,0,0,0 player=-6167,3177,2435,0,64,2,30 wingmate=-15511,3177,2435,0,64,2,30 targets=11512,4592,-16,0,119,248,60/844,3639,3540,207,154,4,60/-/- projectiles=04B9,-4646,3526,2860,241,76,0,63
retail_frame=1816 camera=-6195,3159,2435,0,0,0 player=-6195,3177,2435,0,64,2,30 wingmate=-15539,3177,2435,0,64,2,30 targets=11456,4480,-240,0,117,248,60/888,3419,3480,206,155,4,60/-/- projectiles=04B9,-5813,3224,2540,244,75,0,63
retail_frame=1820 camera=-6223,3158,2435,0,0,0 player=-6223,3177,2435,0,64,3,30 wingmate=-118,-20,-31,0,64,3,30 targets=11388,4367,-460,0,115,248,60/936,3199,3424,206,156,4,60/-/- projectiles=04B9,-6045,3184,2480,249,75,0,63
retail_frame=1824 camera=-6251,3158,2435,0,0,0 player=-6251,3177,2435,0,64,3,30 wingmate=-118,-20,-31,0,64,3,30 targets=11308,4253,-676,0,113,248,60/984,2979,3368,206,157,4,60/-/- projectiles=04B9,-6277,3144,2420,249,75,0,63
retail_frame=1828 camera=-6279,3158,2435,32,0,0 player=-6279,3177,2435,0,64,230,30 wingmate=-15623,3177,2435,0,64,230,30 targets=11220,4137,-888,0,111,248,60/1032,2759,3312,206,158,4,60/-/- projectiles=04B9,-6509,3104,2360,249,75,0,63
retail_frame=1832 camera=-6307,3157,2435,192,0,0 player=-6307,3177,2435,0,64,233,30 wingmate=-15651,3177,2435,0,64,233,30 targets=11120,4020,-1092,0,109,248,60/1084,2539,3260,206,159,4,60/-/- projectiles=-
retail_frame=1836 camera=-6363,3156,2435,128,0,0 player=-6363,3177,2435,0,64,239,30 wingmate=-15707,3177,2435,0,64,239,30 targets=10888,3902,-1488,0,105,248,60/1136,2319,3208,206,160,4,60/-/- projectiles=-
retail_frame=1840 camera=-6391,3155,2435,160,0,0 player=-6391,3177,2435,0,64,240,30 wingmate=-15735,3177,2435,0,64,240,30 targets=10756,3663,-1676,0,103,248,60/1188,2099,3156,206,161,4,60/-/- projectiles=04B9,574,2202,3101,9,68,0,63
retail_frame=1844 camera=-6419,3155,2435,64,0,0 player=-6419,3177,2435,0,64,242,30 wingmate=-15763,3177,2435,0,64,242,30 targets=10616,3542,-1856,0,101,248,60/1300,1659,3060,206,163,4,60/-/- projectiles=04B9,-654,2408,2991,9,68,0,63
retail_frame=1848 camera=-6447,3154,2435,224,0,0 player=-6447,3177,2435,0,64,243,30 wingmate=-15791,3177,2435,0,64,243,30 targets=10468,3420,-2032,0,99,248,60/1356,1439,3012,206,164,4,60/-/- projectiles=04B9,-1272,2500,2936,8,68,0,63
retail_frame=1852 camera=-6475,3154,2435,0,0,0 player=-6475,3177,2435,0,64,244,30 wingmate=-15819,3177,2435,0,64,244,30 targets=10312,3297,-2196,0,97,248,60/1436,1231,2944,212,164,4,60/-/- projectiles=04B9,-1890,2592,2881,8,68,0,63
retail_frame=1856 camera=-6503,3154,2435,0,0,0 player=-6503,3177,2435,0,64,244,30 wingmate=-15847,3177,2435,0,64,244,30 targets=10148,3174,-2352,0,95,248,60/1536,1039,2860,217,164,4,60/-/- projectiles=04B9,-2508,2681,2826,8,68,0,63
retail_frame=1860 camera=-6559,3153,2435,0,0,0 player=-6559,3177,2435,0,64,244,30 wingmate=-15903,3177,2435,0,64,244,30 targets=9792,3050,-2640,0,91,248,60/1648,859,2768,221,164,4,60/-/- projectiles=04B9,-3126,2770,2771,8,68,0,63
retail_frame=1864 camera=-6587,3153,2435,0,0,0 player=-6587,3177,2435,0,64,244,30 wingmate=-15931,3177,2435,0,64,244,30 targets=9604,2800,-2772,0,89,248,60/1908,551,2552,228,164,4,60/-/- projectiles=04B9,-3744,2856,2716,8,68,0,63
retail_frame=1868 camera=-6615,3153,2435,0,0,0 player=-6615,3177,2435,0,64,245,30 wingmate=-15959,3177,2435,0,64,245,30 targets=9408,2674,-2892,0,87,248,60/2052,415,2436,231,164,4,60/-/- projectiles=04B9,-4980,3017,2606,7,68,0,63
retail_frame=1872 camera=-6643,3153,2435,0,0,0 player=-6643,3177,2435,0,64,245,30 wingmate=-15987,3177,2435,0,64,245,30 targets=9208,2548,-3004,0,85,248,60/2200,295,2312,234,164,4,60/-/- projectiles=04B9,-5598,3085,2543,6,69,0,63
retail_frame=1876 camera=-6671,3154,2435,0,0,0 player=-6671,3177,2435,0,64,246,30 wingmate=-16015,3177,2435,0,64,246,30 targets=9004,2422,-3104,0,83,248,60/2356,187,2184,236,164,4,60/-/- projectiles=04B9,-6221,3144,2488,5,68,0,63
retail_frame=1880 camera=-6699,3154,2435,0,0,0 player=-6699,3177,2435,0,64,246,30 wingmate=-16043,3177,2435,0,64,246,30 targets=8792,2296,-3192,0,81,248,60/2516,87,2056,238,164,4,60/-/- projectiles=04B9,-6465,3164,2464,3,69,0,63
retail_frame=1884 camera=-6727,3154,2435,0,0,0 player=-6727,3177,2435,0,64,247,30 wingmate=-16071,3177,2435,0,64,247,30 targets=8576,2170,-3272,0,79,248,60/2680,-1,1924,240,164,4,60/-/- projectiles=04B9,-6709,3180,2440,3,69,0,63
retail_frame=1888 camera=-6755,3155,2435,32,0,0 player=-6755,3177,2435,0,64,26,30 wingmate=-16099,3177,2435,0,64,26,30 targets=8360,2043,-3352,0,79,249,60/2844,-77,1788,242,164,4,60/-/- projectiles=04B9,-6953,3196,2416,3,69,0,63
retail_frame=1892 camera=-6811,3156,2435,96,0,0 player=-6811,3177,2435,0,64,21,30 wingmate=-6811,3156,2435,0,64,21,30 targets=8144,1917,-3432,0,79,250,60/3012,-149,1652,243,164,4,60/-/- projectiles=04B9,-7197,3212,2392,3,69,0,63
retail_frame=1896 camera=-6839,3157,2435,128,0,0 player=-6839,3177,2435,0,64,18,30 wingmate=-6839,3157,2435,0,64,18,30 targets=7928,1791,-3512,0,79,251,60/3180,-213,1516,244,164,4,60/-/- projectiles=076E,2601,23,1559,20,61,0,63;04B9,-7441,3228,2368,3,69,0,63
retail_frame=1900 camera=-6867,3157,2435,160,0,0 player=-6867,3177,2435,0,64,17,30 wingmate=-16211,3177,2435,0,64,17,30 targets=7496,1539,-3672,0,79,253,60/3520,-329,1236,246,164,4,60/-/- projectiles=076E,2022,259,1604,20,61,0,63;04B9,-7685,3244,2344,3,69,0,63
retail_frame=1904 camera=-6895,3158,2435,64,0,0 player=-6895,3177,2435,0,64,15,30 wingmate=-16239,3177,2435,0,64,15,30 targets=7280,1413,-3752,0,79,254,60/3692,-377,1096,247,164,4,60/-/- projectiles=076E,862,722,1694,20,61,0,63;04B9,-8173,3276,2296,3,69,0,63
retail_frame=1908 camera=-6923,3158,2435,224,0,0 player=-6923,3177,2435,0,64,14,30 wingmate=-16267,3177,2435,0,64,14,30 targets=7064,1288,-3832,0,79,255,60/3864,-421,956,248,164,4,60/-/- projectiles=076E,280,947,1739,19,61,0,63;04B9,-8417,3292,2272,3,69,0,63
retail_frame=1912 camera=-6951,3158,2435,0,0,0 player=-6951,3177,2435,0,64,14,30 wingmate=-16295,3177,2435,0,64,14,30 targets=6848,1163,-3912,0,79,0,60/4036,-457,812,249,164,4,60/-/- projectiles=076E,-302,1170,1784,19,61,0,63;04B9,-8661,3308,2248,3,69,0,63
retail_frame=1916 camera=-6979,3159,2435,0,0,0 player=-6979,3177,2435,0,64,14,30 wingmate=-16323,3177,2435,0,64,14,30 targets=6620,1039,-3944,0,71,0,60/4208,-489,668,250,164,4,60/-/- projectiles=076E,-888,1382,1829,18,61,0,63;04B9,-8905,3324,2224,3,69,0,63
retail_frame=1920 camera=-7007,3159,2435,0,0,0 player=-7035,3177,2435,0,64,13,30 wingmate=-7035,3159,2435,0,64,13,30 targets=6388,916,-3944,0,65,0,60/4384,-517,524,251,164,4,60/-/- projectiles=076E,-1474,1591,1874,18,61,0,63;04B9,-9149,3340,2200,3,69,0,63
retail_frame=1924 camera=-7063,3159,2435,0,0,0 player=-7063,3177,2435,0,64,13,30 wingmate=-7063,3159,2435,0,64,13,30 targets=6156,793,-3932,0,61,0,60/4560,-537,380,252,164,4,60/-/- projectiles=076E,-2065,1793,1922,17,61,0,63;04B9,-9393,3356,2176,3,69,0,63
retail_frame=1928 camera=-7091,3159,2435,0,0,0 player=-7091,3177,2435,0,64,12,30 wingmate=-16435,3177,2435,0,64,12,30 targets=5928,671,-3904,0,58,0,60/4736,-553,236,253,164,4,60/-/- projectiles=076E,-2658,1992,1974,17,60,0,63;04B9,-9637,3372,2152,3,69,0,63
retail_frame=1932 camera=-7119,3158,2435,0,0,0 player=-7119,3177,2435,0,64,12,30 wingmate=-16463,3177,2435,0,64,12,30 targets=5480,430,-3804,0,53,0,60/4912,-561,92,255,164,4,60/-/- projectiles=076E,-3251,2188,2026,17,60,0,63;04B9,-9881,3388,2128,3,69,0,63
retail_frame=1936 camera=-7147,3158,2435,0,0,0 player=-7147,3177,2435,0,64,11,30 wingmate=-16491,3177,2435,0,64,11,30 targets=5260,311,-3744,0,52,0,60/5264,-565,-196,0,164,4,60/-/- projectiles=076E,-4213,2460,2118,16,60,0,63;04B9,-10125,3404,2104,3,69,0,63
retail_frame=1940 camera=-7175,3158,2435,0,0,0 player=-7175,3177,2435,0,64,10,30 wingmate=-16519,3177,2435,0,64,10,30 targets=5040,193,-3676,0,51,0,60/5440,-404,-340,0,164,3,60/-/- projectiles=076E,-5041,2712,2189,14,60,0,63;04B9,-10613,3436,2056,3,69,0,63
retail_frame=1944 camera=-7203,3157,2435,0,0,0 player=-7203,3177,2435,0,64,9,30 wingmate=-16547,3177,2435,0,64,9,30 targets=4824,76,-3604,0,50,0,60/5616,-315,-484,0,164,2,60/-/- projectiles=076E,-5645,2866,2247,13,60,0,63;04B9,-10613,3436,2056,3,69,0,63
retail_frame=1948 camera=-7231,3157,2435,0,0,0 player=-7231,3177,2435,0,64,7,30 wingmate=-16575,3177,2435,0,64,7,30 targets=4608,-40,-3524,0,49,0,60/5792,-228,-628,0,164,1,60/-/- projectiles=076E,-6249,3006,2305,12,60,0,63
retail_frame=1952 camera=-7259,3156,2435,0,0,0 player=-7259,3177,2435,0,64,6,30 wingmate=-16603,3177,2435,0,64,6,30 targets=4396,-154,-3440,0,48,0,60/5968,-143,-772,0,164,0,60/-/- projectiles=076E,-6860,3133,2376,11,59,0,63
retail_frame=1956 camera=-7287,3155,2435,0,0,0 player=-7287,3177,2435,0,64,4,30 wingmate=-16631,3177,2435,0,64,4,30 targets=4184,-267,-3352,0,47,0,60/6144,-61,-916,0,164,0,60/-/- projectiles=076E,-7100,3165,2400,6,59,0,63
retail_frame=1960 camera=-7315,3155,2435,0,0,0 player=-7315,3177,2435,0,64,3,30 wingmate=-16659,3177,2435,0,64,3,30 targets=3976,-379,-3256,0,46,0,60/6320,19,-1060,0,164,1,60/-/- projectiles=076E,-7340,3197,2424,6,59,0,63
retail_frame=1964 camera=-7343,3154,2435,0,0,0 player=-7343,3177,2435,0,64,1,30 wingmate=-16687,3177,2435,0,64,1,30 targets=3768,-489,-3160,0,46,0,60/6496,97,-1204,0,164,2,60/-/- projectiles=076E,-7580,3229,2448,6,59,0,63
retail_frame=1968 camera=-7399,3154,2435,0,0,0 player=-7399,3177,2435,0,64,255,30 wingmate=-7399,3154,2435,0,64,255,30 targets=3560,-597,-3064,0,46,0,60/6672,172,-1348,0,164,3,60/-/- projectiles=076E,-7820,3261,2472,6,59,0,63
retail_frame=1972 camera=-7427,3153,2435,0,0,0 player=-7427,3177,2435,0,64,254,30 wingmate=-16771,3177,2435,0,64,254,30 targets=3144,-809,-2872,0,46,0,60/6852,245,-1488,0,165,4,60/-/- projectiles=076E,-8060,3293,2496,6,59,0,63
retail_frame=1976 camera=-7455,3153,2435,0,0,0 player=-7455,3177,2435,0,64,254,30 wingmate=-16799,3177,2435,0,64,254,30 targets=2936,-912,-2776,0,46,0,60/7224,382,-1756,0,167,6,60/-/- projectiles=076E,-8540,3357,2544,6,59,0,63
retail_frame=1980 camera=-7483,3153,2435,0,0,0 player=-7483,3177,2435,0,64,253,30 wingmate=-16827,3177,2435,0,64,253,30 targets=2728,-1014,-2680,0,46,0,60/7416,447,-1880,0,168,7,60/-/- projectiles=04B9,2416,-676,-2529,19,46,0,63;076E,-8540,3357,2544,6,59,0,63
retail_frame=1984 camera=-7511,3153,2435,0,0,0 player=-7511,3177,2435,0,64,253,30 wingmate=-16855,3177,2435,0,64,253,30 targets=2520,-1114,-2584,0,46,0,60/7612,509,-1996,0,170,8,60/-/- projectiles=04B9,1896,-441,-2282,19,46,0,63;076E,-9020,3421,2592,6,59,0,63
retail_frame=1988 camera=-7539,3153,2435,0,0,0 player=-7539,3177,2435,0,64,252,30 wingmate=-16883,3177,2435,0,64,252,30 targets=2312,-1212,-2488,0,46,0,60/7816,568,-2100,0,172,9,60/-/- projectiles=04B9,1375,-206,-2035,19,46,0,63;076E,-9260,3453,2616,6,59,0,63
retail_frame=1992 camera=-7567,3154,2435,0,0,0 player=-7567,3177,2435,0,64,252,30 wingmate=-16911,3177,2435,0,64,252,30 targets=2104,-1308,-2392,0,46,0,60/8024,625,-2196,0,174,10,60/-/- projectiles=04B9,852,26,-1788,19,46,0,63;076E,-9500,3485,2640,6,59,0,63
retail_frame=1996 camera=-7595,3154,2435,0,0,0 player=-7595,3177,2435,0,64,252,30 wingmate=-16939,3177,2435,0,64,252,30 targets=1896,-1402,-2296,0,46,0,60/8236,679,-2280,0,176,10,60/-/- projectiles=04B9,329,250,-1536,18,46,0,63;076E,-9740,3517,2664,6,59,0,63
retail_frame=2000 camera=-7623,3154,2435,0,0,0 player=-7623,3177,2435,0,64,252,30 wingmate=-16967,3177,2435,0,64,252,30 targets=1688,-1493,-2200,0,46,0,60/8452,730,-2352,0,178,10,60/-/- projectiles=04B9,-194,471,-1285,18,46,0,63;076E,-9980,3549,2688,6,59,0,63
retail_frame=2004 camera=-7651,3155,2435,0,0,0 player=-7651,3177,2435,0,64,253,30 wingmate=-16995,3177,2435,0,64,253,30 targets=1480,-1582,-2104,0,46,0,60/8672,778,-2412,0,180,10,60/-/- projectiles=04B9,-717,692,-1032,18,46,0,63;076E,-10220,3581,2712,6,59,0,63
retail_frame=2008 camera=-7679,3155,2435,0,0,0 player=-7679,3177,2435,0,64,253,30 wingmate=-17023,3177,2435,0,64,253,30 targets=1272,-1669,-2008,0,46,0,60/8896,823,-2464,0,182,10,60/-/- projectiles=04B9,-1240,910,-778,18,46,0,63;076E,-10460,3613,2736,6,59,0,63
retail_frame=2012 camera=-7707,3156,2435,0,0,0 player=-7707,3177,2435,0,64,254,30 wingmate=-17051,3177,2435,0,64,254,30 targets=1064,-1754,-1912,0,46,0,60/9124,865,-2504,0,184,10,60/-/- projectiles=04B9,-1767,1122,-525,17,46,0,63;076E,-10700,3645,2760,6,59,0,63
retail_frame=2016 camera=-7735,3157,2435,0,0,0 player=-7735,3177,2435,0,64,254,30 wingmate=-17079,3177,2435,0,64,254,30 targets=856,-1836,-1816,0,46,0,60/9352,904,-2532,0,186,10,60/-/- projectiles=04B9,-2296,1333,-274,17,46,0,63;076E,-10940,3677,2784,6,59,0,63
retail_frame=2020 camera=-7763,3157,2435,0,0,0 player=-7763,3177,2435,0,64,255,30 wingmate=-17107,3177,2435,0,64,255,30 targets=648,-1916,-1720,0,46,0,60/9584,940,-2548,0,188,10,60/-/- projectiles=04B9,-2826,1541,-21,17,46,0,63
retail_frame=2024 camera=-7819,3158,2435,0,0,0 player=-7819,3177,2435,0,64,1,30 wingmate=-7819,3158,2435,0,64,1,30 targets=440,-1994,-1624,0,46,0,60/9816,973,-2552,0,190,10,60/-/- projectiles=04B9,-3360,1739,232,16,46,0,63
retail_frame=2028 camera=-7847,3158,2435,0,0,0 player=-7847,3177,2435,0,64,2,30 wingmate=-7847,3158,2435,0,64,2,30 targets=232,-2069,-1528,0,46,0,60/10048,1003,-2552,0,192,10,60/-/- projectiles=04B9,-3894,1936,486,16,46,0,63
retail_frame=2032 camera=-7847,3158,2435,0,0,0 player=-7875,3177,2435,0,64,2,30 wingmate=-7875,3159,2435,0,64,2,30 targets=24,-2142,-1432,0,46,0,60/10280,1030,-2548,0,194,10,60/-/- projectiles=04B9,-4428,2130,740,16,46,0,63
retail_frame=2036 camera=-7903,3159,2435,0,0,0 player=-7903,3177,2435,0,64,3,30 wingmate=-7903,3159,2435,0,64,3,30 targets=-184,-2212,-1336,0,46,0,60/10512,1054,-2532,0,196,10,60/-/- projectiles=04B9,-4965,2317,994,15,46,0,63
retail_frame=2040 camera=-7931,3159,2435,0,0,0 player=-7931,3177,2435,0,64,3,30 wingmate=-7931,3159,2435,0,64,3,30 targets=-392,-2279,-1240,0,46,0,60/10740,1075,-2504,0,198,10,60/-/- projectiles=04B9,-5502,2501,1248,15,46,0,63
retail_frame=2044 camera=-7931,3159,2435,0,0,0 player=-7931,3177,2435,0,64,3,30 wingmate=-17275,3177,2435,0,64,3,30 targets=-600,-2344,-1144,0,46,0,60/10968,1093,-2464,0,200,10,60/-/- projectiles=0672,-839,-1904,-1030,31,46,0,63;04B9,-6043,2671,1506,14,46,0,63
retail_frame=2048 camera=-7959,3159,2435,0,0,0 player=-7959,3177,2435,0,64,4,30 wingmate=-17303,3177,2435,0,64,4,30 targets=-808,-2406,-1048,0,46,0,60/11192,1108,-2412,0,202,10,60/-/- projectiles=0672,-1286,-1532,-820,31,46,0,63;04B9,-6587,2834,1762,13,46,0,63
retail_frame=2052 camera=-7987,3159,2435,0,0,0 player=-7987,3177,2435,0,64,4,30 wingmate=-17331,3177,2435,0,64,4,30 targets=-1016,-2465,-952,0,46,0,60/11412,1120,-2352,0,204,10,60/-/- projectiles=0672,-1741,-1167,-606,30,46,0,63;04B9,-7131,2983,2017,12,46,0,63
retail_frame=2056 camera=-8015,3158,2435,0,0,0 player=-8015,3177,2435,0,64,4,30 wingmate=-109,32,48,0,64,4,30 targets=-1224,-2522,-856,0,46,0,60/11628,1129,-2280,0,206,10,60/-/- projectiles=0672,-2199,-802,-389,30,46,0,63;04B9,-7347,3047,2109,11,47,0,63
retail_frame=2060 camera=-8043,3158,2435,0,0,0 player=-8043,3177,2435,0,64,4,30 wingmate=-108,29,51,0,64,4,30 targets=-1432,-2576,-760,0,46,0,60/11840,1135,-2196,0,208,10,60/-/- projectiles=0672,-2657,-440,-172,30,46,0,63;04B9,-7563,3111,2201,10,46,0,63
retail_frame=2064 camera=-8071,3158,2435,0,0,0 player=-8071,3177,2435,0,64,3,30 wingmate=-108,29,51,0,64,3,30 targets=-1640,-2627,-664,0,46,0,60/12048,1138,-2100,0,210,10,60/-/- projectiles=0672,-3122,-85,45,29,46,0,63;04B9,-7775,3167,2297,10,46,0,63
retail_frame=2068 camera=-8099,3157,2435,0,0,0 player=-8099,3177,2435,0,64,3,30 wingmate=-113,5,49,0,64,3,30 targets=-1848,-2675,-568,0,46,0,60/12252,1138,-1996,0,212,10,60/-/- projectiles=0672,-3588,267,262,29,46,0,63;04B9,-7987,3223,2393,2,47,0,63
retail_frame=2072 camera=-8127,3157,2435,0,0,0 player=-8127,3177,2435,0,64,2,30 wingmate=-113,5,49,0,64,2,30 targets=-2056,-2720,-472,0,46,0,60/12448,1135,-1880,0,214,10,60/-/- projectiles=0672,-4056,616,479,29,46,0,63;04B9,-8211,3231,2489,2,47,0,63
retail_frame=2076 camera=-8155,3156,2435,0,0,0 player=-8155,3177,2435,0,64,2,30 wingmate=-17499,3177,2435,0,64,2,30 targets=-2264,-2762,-376,0,46,0,60/12640,1129,-1756,0,216,10,60/-/- projectiles=0672,-4527,958,696,28,46,0,63;04B9,-8435,3239,2585,2,47,0,63
retail_frame=2080 camera=-8183,3155,2435,0,0,0 player=-8183,3177,2435,0,64,1,30 wingmate=-17527,3177,2435,0,64,1,30 targets=-2476,-2801,-288,0,47,0,60/12824,1120,-1620,0,218,10,60/-/- projectiles=0672,-5002,1293,917,27,46,0,63;04B9,-8659,3247,2681,2,47,0,63
retail_frame=2084 camera=-8211,3155,2435,0,0,0 player=-8211,3177,2435,0,64,0,30 wingmate=-17555,3177,2435,0,64,0,30 targets=-2688,-2837,-200,0,47,0,60/13000,1108,-1476,0,220,10,60/-/- projectiles=0672,-5484,1622,1137,27,47,0,63;04B9,-8883,3255,2777,2,47,0,63
retail_frame=2088 camera=-8239,3154,2435,0,0,0 player=-8239,3177,2435,0,64,255,30 wingmate=-17583,3177,2435,0,64,255,30 targets=-2900,-2870,-112,0,47,0,60/13172,1093,-1324,0,222,10,60/-/- projectiles=0672,-5973,1937,1357,26,47,0,63;04B9,-9107,3263,2873,2,47,0,63
retail_frame=2092 camera=-8267,3154,2435,0,0,0 player=-8267,3177,2435,0,64,254,30 wingmate=-17611,3177,2435,0,64,254,30 targets=-3112,-2900,-24,0,47,0,60/13332,1075,-1164,0,224,10,60/-/- projectiles=0672,-6465,2242,1581,25,47,0,63;04B9,-9331,3271,2969,2,47,0,63
retail_frame=2096 camera=-8295,3154,2435,0,0,0 player=-8295,3177,2435,0,64,254,30 wingmate=-17639,3177,2435,0,64,254,30 targets=-3324,-2927,64,0,47,0,60/13484,1054,-992,0,226,10,60/-/- projectiles=0672,-6964,2537,1805,24,47,0,63;04B9,-9555,3279,3065,2,47,0,63
retail_frame=2100 camera=-8323,3153,2435,0,0,0 player=-8323,3177,2435,0,64,253,30 wingmate=-17667,3177,2435,0,64,253,30 targets=-3536,-2951,152,0,47,0,60/13628,1030,-816,0,228,10,60/-/- projectiles=0672,-7471,2814,2032,23,47,0,63;04B9,-9779,3287,3161,2,47,0,63
retail_frame=2104 camera=-8351,3153,2435,0,0,0 player=-8351,3177,2435,0,64,253,30 wingmate=-100,58,44,0,64,253,30 targets=-3748,-2972,240,0,47,0,60/13764,1030,-632,0,230,10,60/-/- projectiles=0672,-7667,2930,2116,20,47,0,63;04B9,-10003,3295,3257,2,47,0,63
retail_frame=2108 camera=-8379,3153,2435,0,0,0 player=-8379,3177,2435,0,64,252,30 wingmate=-17723,3177,2435,0,64,252,30 targets=-3960,-2990,328,0,47,0,60/13764,1003,-632,0,230,10,60/-/- projectiles=076E,-3970,-2681,342,43,47,0,63;0672,-7667,2930,2116,20,47,0,63;04B9,-10003,3295,3257,2,47,0,63
retail_frame=2112 camera=-8407,3153,2435,0,0,0 player=-8407,3177,2435,0,64,252,30 wingmate=-17751,3177,2435,0,64,252,30 targets=-3960,-2990,328,0,47,253,60/13888,973,-440,0,232,10,60/-/- projectiles=076E,-4078,-2465,390,43,47,0,63;0672,-7863,3046,2200,19,47,0,63;04B9,-10227,3303,3353,2,47,0,63
retail_frame=2116 camera=-8435,3153,2435,0,0,0 player=-8435,3177,2435,0,64,252,30 wingmate=-8435,3153,2435,0,64,252,30 targets=-4172,-3005,416,0,47,253,60/14004,940,-244,0,234,10,60/-/- projectiles=076E,-4411,-1958,543,43,47,0,63;0672,-8063,3158,2288,19,47,0,63;04B9,-10451,3311,3449,2,47,0,63
retail_frame=2120 camera=-8463,3154,2435,0,0,0 player=-8463,3177,2435,0,64,252,30 wingmate=-8463,3154,2435,0,64,252,30 targets=-4380,-3017,512,0,46,251,60/14108,904,-40,0,236,10,60/-/- projectiles=076E,-4751,-1459,696,42,47,0,63;0672,-8263,3270,2376,8,48,0,63;04B9,-10675,3319,3545,2,47,0,63
retail_frame=2124 camera=-8463,3154,2435,0,0,0 player=-8491,3177,2435,0,64,253,30 wingmate=-8491,3154,2435,0,64,253,30 targets=-4584,-3026,612,0,45,249,60/14204,865,168,0,238,10,60/-/- projectiles=076E,-5094,-962,849,42,47,0,63;0672,-8483,3314,2464,8,48,0,63;04B9,-10899,3327,3641,2,47,0,63
retail_frame=2128 camera=-8491,3154,2435,0,0,0 player=-8491,3177,2435,0,64,253,30 wingmate=-17835,3177,2435,0,64,253,0 targets=-4784,-3032,724,0,43,247,60/14288,823,380,0,240,10,60/-/- projectiles=076E,-5444,-472,1009,41,47,0,63;0672,-8703,3358,2552,8,48,0,63;04B9,-11123,3335,3737,2,47,0,63
retail_frame=2132 camera=-8519,3154,2435,0,0,0 player=-8519,3177,2435,0,64,253,30 wingmate=-17863,3177,2435,0,64,253,30 targets=-4980,-3035,844,0,41,245,60/14360,778,596,0,242,10,60/-/- projectiles=076E,-5797,15,1169,41,47,0,63;0672,-8923,3402,2640,8,48,0,63;04B9,-11347,3343,3833,2,47,0,63
retail_frame=2136 camera=-8547,3155,2435,0,0,0 player=-8547,3177,2435,0,64,254,30 wingmate=-17891,3177,2435,0,64,254,30 targets=-5164,-3035,980,0,38,244,60/14420,730,816,0,244,10,60/-/- projectiles=076E,-6162,492,1329,40,47,0,63;0672,-9143,3446,2728,8,48,0,63;04B9,-11571,3351,3929,2,47,0,63
retail_frame=2140 camera=-8575,3155,2435,0,0,0 player=-8575,3177,2435,0,64,254,30 wingmate=-17919,3177,2435,0,64,254,30 targets=-5340,-3032,1128,0,35,243,60/14472,679,1040,0,246,10,60/-/- projectiles=076E,-6532,966,1492,40,47,0,63;0672,-9363,3490,2816,8,48,0,63
retail_frame=2144 camera=-8603,3156,2435,0,0,0 player=-8603,3177,2435,0,64,255,30 wingmate=-17947,3177,2435,0,64,255,30 targets=-5500,-3026,1288,0,32,242,60/14512,625,1268,0,248,10,60/-/- projectiles=076E,-6911,1430,1659,39,47,0,63;0672,-9583,3534,2904,8,48,0,63
retail_frame=2148 camera=-8631,3157,2435,0,0,0 player=-8631,3177,2435,0,64,0,30 wingmate=-17975,3177,2435,0,64,0,30 targets=-5648,-3017,1464,0,29,241,60/-/-/- projectiles=076E,-7300,1888,1829,38,47,0,63;0672,-9803,3578,2992,8,48,0,63
retail_frame=2152 camera=-8687,3158,2435,0,0,0 player=-8687,3177,2435,0,64,2,30 wingmate=-8687,3158,2435,0,64,2,30 targets=-5780,-3005,1652,0,25,240,60/-/-/- projectiles=076E,-7700,2333,2006,37,47,0,63;0672,-10023,3622,3080,8,48,0,63
retail_frame=2156 camera=-8715,3158,2435,0,0,0 player=-8715,3177,2435,0,64,2,30 wingmate=-18059,3177,2435,0,64,2,30 targets=-5980,-2990,2064,0,17,238,60/-/-/- projectiles=076E,-8120,2755,2180,35,48,0,63;0672,-10243,3666,3168,8,48,0,63
retail_frame=2160 camera=-8743,3158,2435,0,0,0 player=-8743,3177,2435,0,64,3,30 wingmate=-18087,3177,2435,0,64,3,30 targets=-6048,-2951,2284,0,13,237,60/-/-/- projectiles=076E,-8280,2923,2244,30,48,0,63;0672,-10463,3710,3256,8,48,0,63
retail_frame=2164 camera=-8771,3159,2435,0,0,0 player=-8771,3177,2435,0,64,3,30 wingmate=-106,50,40,0,64,3,30 targets=-6088,-2927,2512,0,8,236,60/-/-/- projectiles=076E,-8608,3251,2372,17,49,0,63;0672,-10903,3798,3432,8,48,0,63
retail_frame=2168 camera=-8799,3159,2435,0,0,0 player=-8799,3177,2435,0,64,4,30 wingmate=-106,50,40,0,64,4,30 targets=-6100,-2900,2744,0,3,235,60/-/-/- projectiles=076E,-8816,3351,2448,17,49,0,63;0672,-11123,3842,3520,8,48,0,63
retail_frame=2172 camera=-8827,3159,2435,0,0,0 player=-8827,3177,2435,0,64,4,30 wingmate=-18171,3177,2435,0,64,4,30 targets=-6096,-2870,2976,0,254,234,60/-/-/- projectiles=076E,-9024,3451,2524,17,49,0,63;0672,-11343,3886,3608,8,48,0,63
retail_frame=2176 camera=-8855,3159,2435,0,0,0 player=-8855,3177,2435,0,64,4,30 wingmate=-18199,3177,2435,0,64,4,30 targets=-6064,-2837,3204,0,249,233,60/-/-/- projectiles=076E,-9232,3551,2600,17,49,0,63;0672,-11563,3930,3696,8,48,0,63
retail_frame=2180 camera=-8883,3159,2435,0,0,0 player=-8883,3177,2435,0,64,4,30 wingmate=-18227,3177,2435,0,64,4,30 targets=-5996,-2801,3424,0,243,232,60/-/-/- projectiles=076E,-9440,3651,2676,17,49,0,63;0672,-11783,3974,3784,8,48,0,63
retail_frame=2184 camera=-8939,3158,2435,0,0,0 player=-8939,3177,2435,0,64,3,30 wingmate=-8939,3158,2435,0,64,3,30 targets=-5896,-2762,3628,0,237,231,60/-/-/- projectiles=076E,-9648,3751,2752,17,49,0,63
retail_frame=2188 camera=-8967,3158,2435,0,0,0 player=-8967,3177,2435,0,64,2,30 wingmate=-18311,3177,2435,0,64,2,30 targets=-5632,-2675,4004,0,231,233,60/-/-/- projectiles=076E,-10064,3951,2904,17,49,0,63
retail_frame=2192 camera=-8995,3157,2435,0,0,0 player=-8995,3177,2435,0,64,2,30 wingmate=-18339,3177,2435,0,64,2,30 targets=-5500,-2627,4192,0,231,235,60/-/-/- projectiles=076E,-10272,4051,2980,17,49,0,63
retail_frame=2196 camera=-9023,3157,2435,0,0,0 player=-9023,3177,2435,0,64,1,30 wingmate=-18367,3177,2435,0,64,1,30 targets=-5368,-2576,4380,0,231,237,60/-/-/- projectiles=076E,-10480,4151,3056,17,49,0,63
retail_frame=2200 camera=-9051,3156,2435,0,0,0 player=-9051,3177,2435,0,64,0,30 wingmate=-18395,3177,2435,0,64,0,30 targets=-5236,-2522,4568,0,231,239,60/-/-/- projectiles=076E,-10688,4251,3132,17,49,0,63
retail_frame=2204 camera=-9079,3155,2435,0,0,0 player=-9107,3177,2435,0,64,254,30 wingmate=-9107,3155,2435,0,64,254,30 targets=-5104,-2465,4756,0,231,241,60/-/-/- projectiles=076E,-10896,4351,3208,17,49,0,63
retail_frame=2208 camera=-9135,3154,2435,0,0,0 player=-9135,3177,2435,0,64,254,30 wingmate=-18479,3177,2435,0,64,254,30 targets=-4840,-2406,5132,0,231,243,60/-/-/- projectiles=076E,-11104,4451,3284,17,49,0,63
retail_frame=2212 camera=-9163,3154,2435,0,0,0 player=-9163,3177,2435,0,64,253,30 wingmate=-18507,3177,2435,0,64,253,30 targets=-4708,-2279,5320,0,231,244,60/-/-/- projectiles=076E,-11520,4651,3436,17,49,0,63
retail_frame=2216 camera=-9191,3154,2435,0,0,0 player=-9191,3177,2435,0,64,253,30 wingmate=-18535,3177,2435,0,64,253,30 targets=-4576,-2212,5508,0,231,245,60/-/-/- projectiles=076E,-11728,4751,3512,17,49,0,63
retail_frame=2220 camera=-9219,3153,2435,0,0,0 player=-9219,3177,2435,0,64,252,30 wingmate=-18563,3177,2435,0,64,252,30 targets=-4444,-2142,5696,0,231,246,60/-/-/- projectiles=076E,-11936,4851,3588,17,49,0,63
retail_frame=2224 camera=-9275,3153,2435,0,0,0 player=-9275,3177,2435,0,64,252,30 wingmate=-18619,3177,2435,0,64,252,30 targets=-4180,-1994,6072,0,231,248,60/-/-/- projectiles=-
retail_frame=2228 camera=-9303,3153,2435,0,0,0 player=-9303,3177,2435,0,64,252,30 wingmate=-18647,3177,2435,0,64,252,30 targets=-4048,-1916,6260,0,231,249,60/-/-/- projectiles=-
retail_frame=2232 camera=-9359,3154,2435,0,0,0 player=-9359,3177,2435,0,64,253,30 wingmate=-9359,3154,2435,0,64,253,30 targets=-3916,-1836,6448,0,231,250,60/-/-/- projectiles=-
retail_frame=2236 camera=-9387,3154,2435,0,0,0 player=-9387,3177,2435,0,64,254,30 wingmate=-18731,3177,2435,0,64,254,30 targets=-3652,-1669,6824,0,231,252,60/-/-/- projectiles=-
retail_frame=2240 camera=-9415,3154,2435,0,0,0 player=-9415,3177,2435,0,64,254,30 wingmate=-18759,3177,2435,0,64,254,30 targets=-3520,-1582,7012,0,231,253,60/-/-/- projectiles=-
retail_frame=2244 camera=-9471,3155,2435,0,0,0 player=-9471,3177,2435,0,64,0,30 wingmate=-9471,3155,2435,0,64,0,30 targets=-3388,-1493,7200,0,231,254,60/-/-/- projectiles=-
retail_frame=2248 camera=-9499,3156,2435,0,0,0 player=-9499,3177,2435,0,64,1,30 wingmate=-18843,3177,2435,0,64,1,30 targets=-3124,-1308,7576,0,231,0,60/-/-/- projectiles=-
retail_frame=2252 camera=-9527,3157,2435,0,0,0 player=-9527,3177,2435,0,64,2,30 wingmate=-18871,3177,2435,0,64,2,30 targets=-2992,-1212,7764,0,231,0,60/-/-/- projectiles=-
retail_frame=2256 camera=-9583,3158,2435,0,0,0 player=-9583,3177,2435,0,64,3,30 wingmate=-9583,3158,2435,0,64,3,30 targets=-2860,-1114,7952,0,231,0,60/-/-/- projectiles=-
retail_frame=2260 camera=-9611,3158,2435,0,0,0 player=-9611,3177,2435,0,64,3,30 wingmate=-18955,3177,2435,0,64,3,30 targets=-2596,-912,8328,0,231,0,60/-/-/- projectiles=-
retail_frame=2264 camera=-9639,3158,2435,0,0,0 player=-9639,3177,2435,0,64,4,30 wingmate=-18983,3177,2435,0,64,4,30 targets=-2464,-809,8516,0,231,1,60/-/-/- projectiles=-
retail_frame=2268 camera=-9695,3159,2435,0,0,0 player=-9695,3177,2435,0,64,4,30 wingmate=-9695,3159,2435,0,64,4,30 targets=-2332,-704,8704,0,231,2,60/-/-/- projectiles=-
retail_frame=2272 camera=-9723,3159,2435,0,0,0 player=-9723,3177,2435,0,64,4,30 wingmate=-19067,3177,2435,0,64,4,30 targets=-2076,-489,9084,0,232,4,60/-/-/- projectiles=-
retail_frame=2276 camera=-9751,3159,2435,0,0,0 player=-9751,3177,2435,0,64,3,30 wingmate=-19095,3177,2435,0,64,3,30 targets=-1956,-379,9280,0,233,5,60/-/-/- projectiles=-
retail_frame=2280 camera=-9807,3158,2435,0,0,0 player=-9807,3177,2435,0,64,2,30 wingmate=-9807,3158,2435,0,64,2,30 targets=-1840,-267,9476,0,234,6,60/-/-/- projectiles=-
retail_frame=2284 camera=-9835,3158,2435,0,0,0 player=-9835,3177,2435,0,64,2,30 wingmate=-19179,3177,2435,0,64,2,30 targets=-1628,-40,9880,0,237,8,60/-/-/- projectiles=-
retail_frame=2288 camera=-9863,3158,2435,0,0,0 player=-9863,3177,2435,0,64,1,30 wingmate=-19207,3177,2435,0,64,1,30 targets=-1540,76,10092,0,239,9,60/-/-/- projectiles=-
retail_frame=2292 camera=-9919,3157,2435,0,0,0 player=-9919,3177,2435,0,64,255,30 wingmate=-9919,3157,2435,0,64,255,30 targets=-1460,193,10308,0,241,10,60/-/-/- projectiles=-
retail_frame=2296 camera=-9947,3156,2435,0,0,0 player=-9947,3177,2435,0,64,254,30 wingmate=-19291,3177,2435,0,64,254,30 targets=-1340,430,10752,0,246,12,60/-/-/- projectiles=-
retail_frame=2300 camera=-9975,3155,2435,0,0,0 player=-9975,3177,2435,0,64,254,30 wingmate=-19319,3177,2435,0,64,254,30 targets=-1308,550,10980,0,249,13,60/-/-/- projectiles=-
retail_frame=2304 camera=-10031,3154,2435,0,0,0 player=-10031,3177,2435,0,64,253,30 wingmate=-10031,3154,2435,0,64,253,30 targets=-1292,671,11212,0,252,14,60/-/-/- projectiles=-
retail_frame=2308 camera=-10059,3154,2435,0,0,0 player=-10059,3177,2435,0,64,252,30 wingmate=-19403,3177,2435,0,64,252,30 targets=-1296,916,11676,0,2,14,60/-/-/- projectiles=-
retail_frame=2312 camera=-10087,3154,2435,0,0,0 player=-10087,3177,2435,0,64,252,30 wingmate=-19431,3177,2435,0,64,252,30 targets=-1320,1039,11908,0,5,14,60/-/-/- projectiles=-
retail_frame=2316 camera=-10143,3153,2435,0,0,0 player=-10143,3177,2435,0,64,252,30 wingmate=-10143,3153,2435,0,64,252,30 targets=-1360,1163,12136,0,8,14,60/-/-/- projectiles=-
retail_frame=2320 camera=-10171,3153,2435,0,0,0 player=-10171,3177,2435,0,64,253,30 wingmate=-19515,3177,2435,0,64,253,30 targets=-1488,1413,12576,0,14,14,60/-/-/- projectiles=-
retail_frame=2324 camera=-10199,3153,2435,0,0,0 player=-10199,3177,2435,0,64,253,30 wingmate=-19543,3177,2435,0,64,253,30 targets=-1576,1539,12788,0,17,14,60/-/-/- projectiles=-
retail_frame=2328 camera=-10255,3154,2435,0,0,0 player=-10255,3177,2435,0,64,254,30 wingmate=-10255,3154,2435,0,64,254,30 targets=-1680,1665,12992,0,20,14,60/-/-/- projectiles=-
retail_frame=2332 camera=-10283,3154,2435,0,0,0 player=-10283,3177,2435,0,64,255,30 wingmate=-19627,3177,2435,0,64,255,30 targets=-1936,1917,13372,0,26,14,60/-/-/- projectiles=-
retail_frame=2336 camera=-10311,3154,2435,0,0,0 player=-10311,3177,2435,0,64,0,30 wingmate=-19655,3177,2435,0,64,0,30 targets=-2084,2043,13548,0,29,14,60/-/-/- projectiles=-
retail_frame=2340 camera=-10367,3155,2435,0,0,0 player=-10367,3177,2435,0,64,2,30 wingmate=-10367,3155,2435,0,64,2,30 targets=-2244,2170,13708,0,32,14,60/-/-/- projectiles=-
retail_frame=2344 camera=-10395,3156,2435,0,0,0 player=-10395,3177,2435,0,64,2,30 wingmate=-19739,3177,2435,0,64,2,30 targets=-2604,2422,13992,0,38,14,60/-/-/- projectiles=-
retail_frame=2348 camera=-10423,3157,2435,0,0,0 player=-10423,3177,2435,0,64,3,30 wingmate=-19767,3177,2435,0,64,3,30 targets=-2800,2548,14112,0,41,14,60/-/-/- projectiles=-
retail_frame=2352 camera=-10479,3158,2435,0,0,0 player=-10479,3177,2435,0,64,4,30 wingmate=-10479,3158,2435,0,64,4,30 targets=-3004,2674,14216,0,44,14,60/-/-/- projectiles=-
retail_frame=2356 camera=-10507,3158,2435,0,0,0 player=-10507,3177,2435,0,64,4,30 wingmate=-19851,3177,2435,0,64,4,30 targets=-3432,2925,14376,0,50,14,60/-/-/- projectiles=-
retail_frame=2360 camera=-10535,3158,2435,0,0,0 player=-10535,3177,2435,0,64,4,30 wingmate=-19879,3177,2435,0,64,4,30 targets=-3656,3050,14432,0,53,14,60/-/-/- projectiles=-
retail_frame=2364 camera=-10591,3159,2435,0,0,0 player=-10591,3177,2435,0,64,3,30 wingmate=-10591,3159,2435,0,64,3,30 targets=-3884,3174,14472,0,56,14,60/-/-/- projectiles=-
retail_frame=2368 camera=-10619,3159,2435,0,0,0 player=-10619,3177,2435,0,64,3,30 wingmate=-19963,3177,2435,0,64,3,30 targets=-4348,3420,14500,0,62,14,60/-/-/- projectiles=-
retail_frame=2372 camera=-10647,3159,2435,0,0,0 player=-10647,3177,2435,0,64,2,30 wingmate=-19991,3177,2435,0,64,2,30 targets=-4580,3542,14500,0,65,14,60/-/-/- projectiles=-
retail_frame=2376 camera=-10703,3158,2435,0,0,0 player=-10703,3177,2435,0,64,1,30 wingmate=-10703,3158,2435,0,64,1,30 targets=-4812,3663,14484,0,68,14,60/-/-/- projectiles=-
retail_frame=2380 camera=-10731,3158,2435,0,0,0 player=-10731,3177,2435,0,64,0,30 wingmate=-20075,3177,2435,0,64,0,30 targets=-5264,3902,14400,0,74,14,60/-/-/- projectiles=-
retail_frame=2384 camera=-10759,3158,2435,0,0,0 player=-10759,3177,2435,0,64,255,30 wingmate=-20103,3177,2435,0,64,255,30 targets=-5484,4020,14332,0,77,14,60/-/-/- projectiles=-
retail_frame=2388 camera=-10815,3157,2435,0,0,0 player=-10815,3177,2435,0,64,254,30 wingmate=-10815,3157,2435,0,64,254,30 targets=-5696,4137,14248,0,80,14,60/-/-/- projectiles=-
retail_frame=2392 camera=-10843,3156,2435,0,0,0 player=-10843,3177,2435,0,64,253,30 wingmate=-20187,3177,2435,0,64,253,30 targets=-6104,4367,14048,0,83,13,60/-/-/- projectiles=-
retail_frame=2396 camera=-10871,3155,2435,0,0,0 player=-10871,3177,2435,0,64,253,30 wingmate=-20215,3177,2435,0,64,253,30 targets=-6308,4480,13948,0,83,12,60/-/-/- projectiles=-
retail_frame=2400 camera=-10927,3154,2435,0,0,0 player=-10927,3177,2435,0,64,252,30 wingmate=-10927,3154,2435,0,64,252,30 targets=-6512,4592,13848,0,83,11,60/-/-/- projectiles=-
retail_frame=2404 camera=-10955,3154,2435,0,0,0 player=-10955,3177,2435,0,64,252,30 wingmate=-20299,3177,2435,0,64,252,30 targets=-6920,4810,13648,0,83,9,60/-/-/- projectiles=-
retail_frame=2408 camera=-10983,3154,2435,0,0,0 player=-10983,3177,2435,0,64,252,30 wingmate=-20327,3177,2435,0,64,252,30 targets=-7124,4917,13548,0,83,8,60/-/-/- projectiles=-
retail_frame=2412 camera=-11039,3153,2435,0,0,0 player=-11039,3177,2435,0,64,253,30 wingmate=-11039,3153,2435,0,64,253,30 targets=-7328,5022,13448,0,83,7,60/-/-/- projectiles=-
retail_frame=2416 camera=-11067,3153,2435,0,0,0 player=-11067,3177,2435,0,64,254,30 wingmate=-20411,3177,2435,0,64,254,30 targets=-7736,5227,13248,0,83,5,60/-/-/- projectiles=-
retail_frame=2420 camera=-11095,3153,2435,0,0,0 player=-11095,3177,2435,0,64,254,30 wingmate=-20439,3177,2435,0,64,254,30 targets=-7940,5327,13148,0,83,4,60/-/-/- projectiles=-
retail_frame=2424 camera=-11151,3154,2435,0,0,0 player=-11151,3177,2435,0,64,0,30 wingmate=-11151,3154,2435,0,64,0,30 targets=-8144,5425,13048,0,83,3,60/-/-/- projectiles=-
retail_frame=2428 camera=-11179,3154,2435,0,0,0 player=-11179,3177,2435,0,64,1,30 wingmate=-20523,3177,2435,0,64,1,30 targets=-8552,5615,12848,0,83,1,60/-/-/- projectiles=-
retail_frame=2432 camera=-11207,3154,2435,0,0,0 player=-11207,3177,2435,0,64,2,30 wingmate=-20551,3177,2435,0,64,2,30 targets=-8756,5706,12748,0,83,0,60/-/-/- projectiles=-
retail_frame=2436 camera=-11263,3155,2435,0,0,0 player=-11263,3177,2435,0,64,3,30 wingmate=-11263,3155,2435,0,64,3,30 targets=-8956,5674,12644,250,84,4,60/-/-/- projectiles=-
retail_frame=2440 camera=-11291,3156,2435,0,0,0 player=-11291,3177,2435,0,64,3,30 wingmate=-20635,3177,2435,0,64,3,30 targets=-/-/-/- projectiles=0672,-9332,5530,12428,241,121,0,30
retail_frame=2444 camera=-11319,3157,2435,0,0,0 player=-11319,3177,2435,0,64,4,30 wingmate=-20663,3177,2435,0,64,4,30 targets=-9508,5426,12320,237,87,4,60/-/-/- projectiles=0672,-9556,5188,11244,242,120,0,63
retail_frame=2448 camera=-11347,3157,2435,0,0,0 player=-11347,3177,2435,0,64,4,30 wingmate=-20691,3177,2435,0,64,4,30 targets=-9672,5306,12212,234,88,4,60/-/-/- projectiles=0672,-9671,5021,10653,242,120,0,63
retail_frame=2452 camera=-11375,3158,2435,0,0,0 player=-11375,3177,2435,0,64,4,30 wingmate=-20719,3177,2435,0,64,4,0 targets=-9824,5170,12104,231,89,4,60/-/-/- projectiles=0672,-9789,4857,10063,242,120,0,63
retail_frame=2456 camera=-11431,3158,2435,0,0,0 player=-11431,3177,2435,0,64,3,30 wingmate=-20775,3177,2435,0,64,3,30 targets=-10096,4866,11896,226,91,4,60/-/-/- projectiles=0672,-9908,4695,9470,242,120,0,63
retail_frame=2460 camera=-11459,3159,2435,0,0,0 player=-11459,3177,2435,0,64,3,30 wingmate=-20803,3177,2435,0,64,3,30 targets=-10220,4702,11796,224,92,4,60/-/-/- projectiles=0672,-10153,4384,8281,243,120,0,63
retail_frame=2464 camera=-11487,3159,2435,0,0,0 player=-11487,3177,2435,0,64,2,30 wingmate=-20831,3177,2435,0,64,2,30 targets=-10336,4526,11696,222,93,4,60/-/-/- projectiles=0672,-10285,4230,7691,243,119,0,63
retail_frame=2468 camera=-11543,3159,2435,0,0,0 player=-11543,3177,2435,0,64,1,30 wingmate=-11543,3159,2435,0,64,1,30 targets=-10444,4346,11600,220,94,4,60/-/-/- projectiles=0672,-10420,4087,7101,244,119,0,63
retail_frame=2472 camera=-11571,3159,2435,0,0,0 player=-11571,3177,2435,0,64,0,30 wingmate=-20915,3177,2435,0,64,0,30 targets=-10640,3974,11408,218,96,4,60/-/-/- projectiles=0672,-10699,3810,5921,244,119,0,63
retail_frame=2476 camera=-11599,3158,2435,0,0,0 player=-11599,3177,2435,0,64,255,30 wingmate=-20943,3177,2435,0,64,255,30 targets=-10728,3782,11316,217,97,4,60/-/-/- projectiles=0672,-10847,3677,5327,245,118,0,63
retail_frame=2480 camera=-11627,3158,2435,0,0,0 player=-11655,3177,2435,0,64,254,30 wingmate=-20971,3177,2435,0,64,254,30 targets=-10812,3586,11220,216,98,4,60/-/-/- projectiles=0672,-10998,3550,4733,245,118,0,63
retail_frame=2484 camera=-11683,3157,2435,0,0,0 player=-11683,3177,2435,0,64,253,30 wingmate=-21027,3177,2435,0,64,253,30 targets=-10960,3186,11040,214,100,4,60/-/-/- projectiles=0672,-11163,3434,4142,246,117,0,63
retail_frame=2488 camera=-11711,3157,2435,0,0,0 player=-11711,3177,2435,0,64,253,30 wingmate=-21055,3177,2435,0,64,253,30 targets=-11028,2982,10952,213,101,4,60/-/-/- projectiles=0672,-11529,3233,2963,248,115,0,63
retail_frame=2492 camera=-11739,3156,2435,0,0,0 player=-11739,3177,2435,0,64,252,30 wingmate=-43,-14,-115,0,64,252,30 targets=-11092,2774,10868,212,102,4,60/-/-/- projectiles=076E,-11134,2805,10242,3,125,0,63;0672,-11613,3201,2739,251,113,0,63
retail_frame=2496 camera=-11767,3155,2435,0,0,0 player=-11767,3177,2435,0,64,252,30 wingmate=-21111,3177,2435,0,64,252,30 targets=-11152,2566,10784,211,103,4,60/-/-/- projectiles=076E,-11179,2837,9615,3,125,0,63;0672,-11697,3173,2511,251,113,0,63
retail_frame=2500 camera=-11795,3155,2435,0,0,0 player=-11795,3177,2435,0,64,252,30 wingmate=-21139,3177,2435,0,64,252,30 targets=-11204,2354,10704,210,104,4,60/-/-/- projectiles=076E,-11226,2868,8990,3,125,0,63;0672,-11781,3145,2283,251,113,0,63
retail_frame=2504 camera=-11851,3154,2435,0,0,0 player=-11851,3177,2435,0,64,253,30 wingmate=-11851,3154,2435,0,64,253,30 targets=-11252,2138,10628,209,105,4,60/-/-/- projectiles=076E,-11274,2899,8365,3,125,0,63;0672,-11865,3117,2055,251,113,0,63
retail_frame=2508 camera=-11879,3154,2435,0,0,0 player=-11879,3177,2435,0,64,253,30 wingmate=-21223,3177,2435,0,64,253,30 targets=-11336,1702,10488,207,107,4,60/-/-/- projectiles=076E,-11383,2961,7115,3,124,0,63;0672,-11949,3089,1827,251,113,0,63
retail_frame=2512 camera=-11907,3153,2435,0,0,0 player=-11907,3177,2435,0,64,254,30 wingmate=-21251,3177,2435,0,64,254,30 targets=-11368,1482,10420,206,108,4,60/-/-/- projectiles=076E,-11444,2992,6490,3,124,0,63;0672,-12117,3033,1371,251,113,0,63
retail_frame=2516 camera=-11935,3153,2435,0,0,0 player=-11935,3177,2435,0,64,254,30 wingmate=-21279,3177,2435,0,64,254,30 targets=-11416,1274,10328,212,108,4,60/-/-/- projectiles=076E,-11508,3023,5865,3,124,0,63;0672,-12201,3005,1143,251,113,0,63
retail_frame=2520 camera=-11991,3153,2435,0,0,0 player=-11991,3177,2435,0,64,0,30 wingmate=-11991,3153,2435,0,64,0,30 targets=-11476,1082,10212,217,108,4,60/-/-/- projectiles=076E,-11583,3054,5242,3,123,0,63;0672,-12285,2977,915,251,113,0,63
retail_frame=2524 camera=-12019,3153,2435,0,0,0 player=-12019,3177,2435,0,64,1,30 wingmate=-21363,3177,2435,0,64,1,30 targets=-11620,742,9936,225,108,4,60/-/-/- projectiles=076E,-11664,3077,4620,2,123,0,63;0672,-12369,2949,687,251,113,0,63
retail_frame=2528 camera=-12047,3154,2435,0,0,0 player=-12047,3177,2435,0,64,2,30 wingmate=-21391,3177,2435,0,64,2,30 targets=-11700,594,9780,228,108,4,60/-/-/- projectiles=076E,-11863,3131,3387,2,121,0,63;0672,-12537,2893,231,251,113,0,63
retail_frame=2532 camera=-12075,3154,2435,0,0,0 player=-12075,3177,2435,0,64,2,30 wingmate=-21419,3177,2435,0,64,2,30 targets=-11784,458,9616,231,108,4,60/-/-/- projectiles=076E,-11903,3147,3147,2,119,0,63;0672,-12621,2865,3,251,113,0,63
retail_frame=2536 camera=-12103,3154,2435,0,0,0 player=-12103,3177,2435,0,64,3,30 wingmate=-21447,3177,2435,0,64,3,30 targets=-11872,338,9444,234,108,4,60/-/-/- projectiles=076E,-11951,3155,2911,2,119,0,63;0672,-12705,2837,-225,251,113,0,63
retail_frame=2540 camera=-12159,3155,2435,0,0,0 player=-12159,3177,2435,0,64,4,30 wingmate=-12159,3155,2435,0,64,4,30 targets=-11964,230,9264,236,108,4,60/-/-/- projectiles=076E,-11999,3163,2675,3,117,0,63;0672,-12789,2809,-453,251,113,0,63
retail_frame=2544 camera=-12187,3156,2435,0,0,0 player=-12187,3177,2435,0,64,4,30 wingmate=-21531,3177,2435,0,64,4,30 targets=-/-/-/- projectiles=072F,-12156,42,8892,28,128,0,30;076E,-12059,3179,2439,3,117,0,63;0672,-12873,2781,-681,251,113,0,63
retail_frame=2548 camera=-12215,3157,2435,0,0,0 player=-12215,3177,2435,0,64,4,30 wingmate=-21559,3177,2435,0,64,4,30 targets=-12256,-34,8700,242,108,4,60/-/-/- projectiles=072F,-12165,681,7824,28,128,0,63;0672,-13041,2725,-1137,251,113,0,63
retail_frame=2552 camera=-12243,3157,2435,0,0,0 player=-12243,3177,2435,0,64,4,30 wingmate=-21587,3177,2435,0,64,4,30 targets=-12356,-106,8508,243,108,4,60/-/-/- projectiles=072F,-12171,992,7284,27,128,0,63
retail_frame=2556 camera=-12271,3158,2435,0,0,0 player=-12299,3177,2435,0,64,3,30 wingmate=-21615,3177,2435,0,64,3,30 targets=-12456,-170,8312,244,108,4,60/-/-/- projectiles=072F,-12180,1300,6741,27,128,0,63
retail_frame=2560 camera=-12327,3158,2435,0,0,0 player=-12327,3177,2435,0,64,2,30 wingmate=-21671,3177,2435,0,64,2,30 targets=-12656,-286,7920,246,108,4,60/-/-/- projectiles=072F,-12202,1692,5958,26,128,0,63
retail_frame=2564 camera=-12355,3159,2435,0,0,0 player=-12355,3177,2435,0,64,2,30 wingmate=-21699,3177,2435,0,64,2,30 targets=-12756,-334,7724,247,108,4,60/-/-/- projectiles=072F,-12225,2158,5090,24,127,0,63
retail_frame=2568 camera=-12383,3159,2435,0,0,0 player=-12383,3177,2435,0,64,1,30 wingmate=-21727,3177,2435,0,64,1,30 targets=-12860,-378,7524,248,108,4,60/-/-/- projectiles=072F,-12252,2421,4529,23,126,0,63
retail_frame=2572 camera=-12439,3159,2435,0,0,0 player=-12439,3177,2435,0,64,255,30 wingmate=-12439,3159,2435,0,64,255,30 targets=-12964,-414,7324,249,108,4,60/-/-/- projectiles=072F,-12293,2674,3961,22,125,0,63
retail_frame=2576 camera=-12467,3159,2435,0,0,0 player=-12467,3177,2435,0,64,254,30 wingmate=0,0,0,0,64,254,30 targets=-13172,-474,6920,251,108,4,60/-/-/- projectiles=072F,-12365,3007,3158,16,123,0,63
retail_frame=2580 camera=-12495,3158,2435,0,0,0 player=-12495,3177,2435,0,64,254,30 wingmate=-13,47,-114,0,64,254,30 targets=-13276,-494,6716,252,108,4,60/-/-/- projectiles=072F,-12389,3099,2934,16,123,0,63
retail_frame=2584 camera=-12523,3158,2435,0,0,0 player=-12523,3177,2435,0,64,253,30 wingmate=-21867,3177,2435,0,64,253,30 targets=-13380,-510,6512,253,108,4,60/-/-/- projectiles=072F,-12413,3191,2710,12,121,0,63
retail_frame=2588 camera=-12579,3157,2435,0,0,0 player=-12579,3177,2435,0,64,252,30 wingmate=-12579,3157,2435,0,64,252,30 targets=-13484,-518,6308,254,108,4,60/-/-/- projectiles=072F,-12449,3259,2482,12,121,0,63
retail_frame=2592 camera=-12607,3157,2435,0,0,0 player=-12607,3177,2435,0,64,252,30 wingmate=-21951,3177,2435,0,64,252,30 targets=-13692,-522,5900,0,108,4,60/-/-/- projectiles=-
retail_frame=2596 camera=-12635,3156,2435,0,0,0 player=-12635,3177,2435,0,64,252,30 wingmate=-21979,3177,2435,0,64,252,30 targets=-13796,-368,5696,0,108,3,60/-/-/- projectiles=-
retail_frame=2600 camera=-12691,3155,2435,0,0,0 player=-12691,3177,2435,0,64,253,30 wingmate=-22035,3177,2435,0,64,253,30 targets=-14004,-196,5288,0,108,1,60/-/-/- projectiles=-
retail_frame=2604 camera=-12719,3154,2435,0,0,0 player=-12719,3177,2435,0,64,253,30 wingmate=-22063,3177,2435,0,64,253,30 targets=-14108,-114,5084,0,108,0,60/-/-/- projectiles=-
retail_frame=2608 camera=-12775,3154,2435,0,0,0 player=-12775,3177,2435,0,64,254,30 wingmate=-12775,3154,2435,0,64,254,30 targets=-14212,-34,4880,0,108,0,60/-/-/- projectiles=-
retail_frame=2612 camera=-12803,3153,2435,0,0,0 player=-12803,3177,2435,0,64,255,30 wingmate=-22147,3177,2435,0,64,255,30 targets=-14420,119,4472,0,108,0,60/-/-/- projectiles=-
retail_frame=2616 camera=-12831,3153,2435,0,0,0 player=-12831,3177,2435,0,64,0,30 wingmate=-22175,3177,2435,0,64,0,30 targets=-14524,192,4268,0,108,0,60/-/-/- projectiles=-
retail_frame=2620 camera=-12887,3153,2435,0,0,0 player=-12887,3177,2435,0,64,2,30 wingmate=-12887,3153,2435,0,64,2,30 targets=-14628,262,4064,0,108,0,60/-/-/- projectiles=-
retail_frame=2624 camera=-12915,3153,2435,0,0,0 player=-12915,3177,2435,0,64,2,30 wingmate=-22259,3177,2435,0,64,2,30 targets=-14836,394,3656,0,108,0,60/-/-/- projectiles=-
retail_frame=2628 camera=-12943,3154,2435,0,0,0 player=-12943,3177,2435,0,64,3,30 wingmate=-22287,3177,2435,0,64,3,30 targets=-14940,456,3452,0,108,0,60/-/-/- projectiles=-
retail_frame=2632 camera=-12999,3154,2435,0,0,0 player=-12999,3177,2435,0,64,4,30 wingmate=-12999,3154,2435,0,64,4,30 targets=-15044,515,3248,0,108,0,60/-/-/- projectiles=-
retail_frame=2636 camera=-13027,3155,2435,0,0,0 player=-13027,3177,2435,0,64,4,30 wingmate=-22371,3177,2435,0,64,4,30 targets=-15252,626,2840,0,108,0,60/-/-/- projectiles=-
retail_frame=2640 camera=-13055,3155,2435,0,0,0 player=-13055,3177,2435,0,64,4,30 wingmate=-22399,3177,2435,0,64,4,30 targets=-15356,677,2636,0,108,0,60/-/-/- projectiles=-
retail_frame=2644 camera=-13083,3156,2435,0,0,0 player=-13083,3177,2435,0,64,3,30 wingmate=-22427,3177,2435,0,64,3,0 targets=-15460,725,2432,0,108,0,60/-/-/- projectiles=-
retail_frame=2648 camera=-13139,3157,2435,0,0,0 player=-13139,3177,2435,0,64,3,30 wingmate=-22483,3177,2435,0,64,3,30 targets=-15668,770,2024,0,108,0,60/-/-/- projectiles=-
retail_frame=2652 camera=-13167,3158,2435,0,0,0 player=-13167,3177,2435,0,64,2,30 wingmate=-22511,3177,2435,0,64,2,30 targets=-15772,851,1820,0,108,0,60/-/-/- projectiles=-
retail_frame=2656 camera=-13195,3158,2435,0,0,0 player=-13195,3177,2435,0,64,2,30 wingmate=-22539,3177,2435,0,64,2,30 targets=-15876,887,1616,0,108,0,60/-/-/- projectiles=-
retail_frame=2660 camera=-13251,3159,2435,0,0,0 player=-13251,3177,2435,0,64,0,30 wingmate=-13251,3159,2435,0,64,0,30 targets=-15980,920,1412,0,108,0,60/-/-/- projectiles=-
retail_frame=2664 camera=-13279,3159,2435,0,0,0 player=-13279,3177,2435,0,64,255,30 wingmate=-22623,3177,2435,0,64,255,30 targets=-16188,977,1004,0,108,0,60/-/-/- projectiles=-
retail_frame=2668 camera=-13307,3159,2435,0,0,0 player=-13307,3177,2435,0,64,254,30 wingmate=-22651,3177,2435,0,64,254,30 targets=-16292,1001,800,0,108,0,60/-/-/- projectiles=-
retail_frame=2672 camera=-13335,3159,2435,0,0,0 player=-13335,3177,2435,0,64,254,30 wingmate=-22679,3177,2435,0,64,254,30 targets=-16396,1022,596,0,108,0,60/-/-/- projectiles=-
retail_frame=2676 camera=-13391,3158,2435,0,0,0 player=-13391,3177,2435,0,64,253,30 wingmate=-22735,3177,2435,0,64,253,30 targets=-16500,1040,392,0,108,0,60/-/-/- projectiles=-
retail_frame=2680 camera=-13419,3158,2435,0,0,0 player=-13419,3177,2435,0,64,252,30 wingmate=-22763,3177,2435,0,64,252,30 targets=-16708,1067,-16,0,108,0,60/-/-/- projectiles=-
retail_frame=2684 camera=-13447,3158,2435,0,0,0 player=-13447,3177,2435,0,64,252,30 wingmate=-22791,3177,2435,0,64,252,30 targets=-16812,1076,-220,0,108,0,60/-/-/- projectiles=-
retail_frame=2688 camera=-13503,3157,2435,0,0,0 player=-13503,3177,2435,0,64,252,30 wingmate=-13503,3157,2435,0,64,252,30 targets=-16916,1082,-424,0,108,0,60/-/-/- projectiles=-
retail_frame=2692 camera=-13531,3156,2435,0,0,0 player=-13531,3177,2435,0,64,253,30 wingmate=-22875,3177,2435,0,64,253,30 targets=-17124,1085,-832,0,108,0,60/-/-/- projectiles=-
retail_frame=2696 camera=-13559,3155,2435,0,0,0 player=-13559,3177,2435,0,64,253,30 wingmate=-22903,3177,2435,0,64,253,30 targets=-17228,1082,-1036,0,108,0,60/-/-/- projectiles=-
retail_frame=2700 camera=-13587,3155,2435,0,0,0 player=-13615,3177,2435,0,64,254,30 wingmate=-22931,3177,2435,0,64,254,30 targets=-17332,1076,-1240,0,108,0,60/-/-/- projectiles=-
retail_frame=2704 camera=-13643,3154,2435,0,0,0 player=-13643,3177,2435,0,64,255,30 wingmate=-22987,3177,2435,0,64,255,30 targets=-17540,1055,-1648,0,108,0,60/-/-/- projectiles=-
retail_frame=2708 camera=-13671,3154,2435,0,0,0 player=-13671,3177,2435,0,64,0,30 wingmate=-23015,3177,2435,0,64,0,30 targets=-17644,1040,-1852,0,108,0,60/-/-/- projectiles=-
retail_frame=2712 camera=-13699,3153,2435,0,0,0 player=-13699,3177,2435,0,64,1,30 wingmate=-23043,3177,2435,0,64,1,30 targets=-17748,1022,-2056,0,108,0,60/-/-/- projectiles=-
retail_frame=2716 camera=-13755,3153,2435,0,0,0 player=-13755,3177,2435,0,64,2,30 wingmate=-23099,3177,2435,0,64,2,30 targets=-17956,977,-2464,0,108,0,60/-/-/- projectiles=-
retail_frame=2720 camera=-13783,3153,2435,0,0,0 player=-13783,3177,2435,0,64,3,30 wingmate=-23127,3177,2435,0,64,3,30 targets=-18060,950,-2668,0,108,0,60/-/-/- projectiles=-
retail_frame=2724 camera=-13811,3153,2435,0,0,0 player=-13811,3177,2435,0,64,4,30 wingmate=-23155,3177,2435,0,64,4,30 targets=-18164,920,-2872,0,108,0,60/-/-/- projectiles=-
retail_frame=2728 camera=-13867,3154,2435,0,0,0 player=-13867,3177,2435,0,64,4,30 wingmate=-23211,3177,2435,0,64,4,30 targets=-18372,851,-3280,0,108,0,60/-/-/- projectiles=-
retail_frame=2732 camera=-13895,3154,2435,0,0,0 player=-13895,3177,2435,0,64,4,30 wingmate=-23239,3177,2435,0,64,4,30 targets=-18476,812,-3484,0,108,0,60/-/-/- projectiles=-
retail_frame=2736 camera=-13923,3155,2435,0,0,0 player=-13951,3177,2435,0,64,3,30 wingmate=-13951,3155,2435,0,64,3,30 targets=-18580,770,-3688,0,108,0,60/-/-/- projectiles=-
retail_frame=2740 camera=-13979,3156,2435,0,0,0 player=-13979,3177,2435,0,64,3,30 wingmate=-23323,3177,2435,0,64,3,30 targets=-18788,677,-4096,0,108,0,60/-/-/- projectiles=-
retail_frame=2744 camera=-14007,3157,2435,0,0,0 player=-14007,3177,2435,0,64,2,30 wingmate=-23351,3177,2435,0,64,2,30 targets=-18892,626,-4300,0,108,0,60/-/-/- projectiles=-
retail_frame=2748 camera=-14035,3157,2435,0,0,0 player=-14063,3177,2435,0,64,1,30 wingmate=-14063,3158,2435,0,64,1,30 targets=-18996,572,-4504,0,108,0,60/-/-/- projectiles=-
retail_frame=2752 camera=-14091,3158,2435,0,0,0 player=-14091,3177,2435,0,64,0,30 wingmate=-23435,3177,2435,0,64,0,30 targets=-19204,456,-4912,0,108,0,60/-/-/- projectiles=-
retail_frame=2756 camera=-14119,3158,2435,0,0,0 player=-14119,3177,2435,0,64,255,30 wingmate=-23463,3177,2435,0,64,255,30 targets=-19308,394,-5116,0,108,0,60/-/-/- projectiles=-
retail_frame=2760 camera=-14147,3159,2435,0,0,0 player=-14175,3177,2435,0,64,254,30 wingmate=-23491,3177,2435,0,64,254,30 targets=-19412,329,-5320,0,108,255,60/-/-/- projectiles=-
retail_frame=2764 camera=-14203,3159,2435,0,0,0 player=-14203,3177,2435,0,64,253,30 wingmate=-23547,3177,2435,0,64,253,30 targets=-19620,192,-5728,0,108,253,60/-/-/- projectiles=-
retail_frame=2768 camera=-14231,3159,2435,0,0,0 player=-14231,3177,2435,0,64,253,30 wingmate=-23575,3177,2435,0,64,253,30 targets=-19732,119,-5928,0,107,252,60/-/-/- projectiles=-
retail_frame=2772 camera=-14287,3158,2435,0,0,0 player=-14287,3177,2435,0,64,252,30 wingmate=-14287,3158,2435,0,64,252,30 targets=-19848,44,-6124,0,106,251,60/-/-/- projectiles=-
retail_frame=2776 camera=-14315,3158,2435,0,0,0 player=-14315,3177,2435,0,64,252,30 wingmate=-23659,3177,2435,0,64,252,30 targets=-20092,-114,-6512,0,104,249,60/-/-/- projectiles=-
retail_frame=2780 camera=-14343,3158,2435,0,0,0 player=-14343,3177,2435,0,64,252,30 wingmate=-23687,3177,2435,0,64,252,30 targets=-20228,-196,-6696,0,102,248,60/-/-/- projectiles=-
retail_frame=2784 camera=-14399,3157,2435,0,0,0 player=-14399,3177,2435,0,64,253,30 wingmate=-14399,3157,2435,0,64,253,30 targets=-20372,-281,-6872,0,100,247,60/-/-/- projectiles=-
retail_frame=2788 camera=-14427,3156,2435,0,0,0 player=-14427,3177,2435,0,64,254,30 wingmate=-23771,3177,2435,0,64,254,30 targets=-20684,-457,-7204,0,96,245,60/-/-/- projectiles=-
retail_frame=2792 camera=-14455,3155,2435,0,0,0 player=-14455,3177,2435,0,64,254,30 wingmate=-23799,3177,2435,0,64,254,30 targets=-20860,-548,-7352,0,93,244,60/-/-/- projectiles=-
retail_frame=2796 camera=-14511,3154,2435,0,0,0 player=-14511,3177,2435,0,64,0,30 wingmate=-14511,3154,2435,0,64,0,30 targets=-21044,-642,-7488,0,90,243,60/-/-/- projectiles=-
retail_frame=2800 camera=-14539,3154,2435,0,0,0 player=-14539,3177,2435,0,64,1,30 wingmate=-23883,3177,2435,0,64,1,30 targets=-21444,-836,-7712,0,84,243,60/-/-/- projectiles=-
retail_frame=2804 camera=-14567,3154,2435,0,0,0 player=-14567,3177,2435,0,64,2,30 wingmate=-23911,3177,2435,0,64,2,30 targets=-21656,-936,-7800,0,81,243,60/-/-/- projectiles=-
retail_frame=2808 camera=-14623,3153,2435,0,0,0 player=-14623,3177,2435,0,64,3,30 wingmate=-14623,3153,2435,0,64,3,30 targets=-21872,-1038,-7872,0,78,243,60/-/-/- projectiles=-
retail_frame=2812 camera=-14651,3153,2435,0,0,0 player=-14651,3177,2435,0,64,3,30 wingmate=-23995,3177,2435,0,64,3,30 targets=-22324,-1246,-7968,0,72,243,60/-/-/- projectiles=-
retail_frame=2816 camera=-14679,3153,2435,0,0,0 player=-14679,3177,2435,0,64,4,30 wingmate=-24023,3177,2435,0,64,4,30 targets=-22556,-1353,-7992,0,69,243,60/-/-/- projectiles=-
retail_frame=2820 camera=-14735,3154,2435,0,0,0 player=-14735,3177,2435,0,64,4,30 wingmate=-14735,3154,2435,0,64,4,30 targets=-22788,-1461,-7996,0,66,243,60/-/-/- projectiles=-
retail_frame=2824 camera=-14763,3154,2435,0,0,0 player=-14763,3177,2435,0,64,4,30 wingmate=-24107,3177,2435,0,64,4,30 targets=-23252,-1683,-7980,0,60,243,60/-/-/- projectiles=-
retail_frame=2828 camera=-14791,3154,2435,0,0,0 player=-14791,3177,2435,0,64,3,30 wingmate=-24135,3177,2435,0,64,3,30 targets=-23480,-1796,-7948,0,57,243,60/-/-/- projectiles=-
retail_frame=2832 camera=-14847,3155,2435,0,0,0 player=-14847,3177,2435,0,64,2,30 wingmate=-14847,3155,2435,0,64,2,30 targets=-23704,-1910,-7896,0,54,243,60/-/-/- projectiles=-
retail_frame=2836 camera=-14875,3156,2435,0,0,0 player=-14875,3177,2435,0,64,2,30 wingmate=-24219,3177,2435,0,64,2,30 targets=-24136,-2143,-7744,0,48,243,60/-/-/- projectiles=-
retail_frame=2840 camera=-14903,3157,2435,0,0,0 player=-14903,3177,2435,0,64,1,30 wingmate=-24247,3177,2435,0,64,1,30 targets=-24340,-2261,-7644,0,45,243,60/-/-/- projectiles=-
retail_frame=2844 camera=-14931,3157,2435,0,0,0 player=-14959,3177,2435,0,64,255,30 wingmate=-14959,3158,2435,0,64,255,30 targets=-24536,-2380,-7528,0,42,243,60/-/-/- projectiles=-
retail_frame=2848 camera=-14987,3158,2435,0,0,0 player=-14987,3177,2435,0,64,254,30 wingmate=-24331,3177,2435,0,64,254,30 targets=-24900,-2621,-7252,0,36,243,60/-/-/- projectiles=-
retail_frame=2852 camera=-15015,3158,2435,0,0,0 player=-15015,3177,2435,0,64,254,30 wingmate=-24359,3177,2435,0,64,254,30 targets=-25064,-2743,-7096,0,33,243,60/-/-/- projectiles=-
retail_frame=2856 camera=-15071,3159,2435,0,0,0 player=-15071,3177,2435,0,64,253,30 wingmate=-15071,3159,2435,0,64,253,30 targets=-25216,-2866,-6924,0,30,243,60/-/-/- projectiles=-
retail_frame=2860 camera=-15099,3159,2435,0,0,0 player=-15099,3177,2435,0,64,252,30 wingmate=-24443,3177,2435,0,64,252,30 targets=-25480,-3113,-6552,0,24,243,60/-/-/- projectiles=-
retail_frame=2864 camera=-15127,3159,2435,0,0,0 player=-15127,3177,2435,0,64,252,30 wingmate=-24471,3177,2435,0,64,252,30 targets=-25592,-3238,-6352,0,21,243,60/-/-/- projectiles=-
retail_frame=2868 camera=-15183,3158,2435,0,0,0 player=-15183,3177,2435,0,64,252,30 wingmate=-15183,3158,2435,0,64,252,30 targets=-25688,-3363,-6144,0,18,243,60/-/-/- projectiles=-
retail_frame=2872 camera=-15211,3158,2435,0,0,0 player=-15211,3177,2435,0,64,253,30 wingmate=-24555,3177,2435,0,64,253,30 targets=-25828,-3615,-5708,0,12,243,60/-/-/- projectiles=-
retail_frame=2876 camera=-15239,3158,2435,0,0,0 player=-15239,3177,2435,0,64,253,30 wingmate=-24583,3177,2435,0,64,253,30 targets=-25872,-3741,-5484,0,9,243,60/-/-/- projectiles=-
retail_frame=2880 camera=-15295,3157,2435,0,0,0 player=-15295,3177,2435,0,64,254,30 wingmate=-15295,3157,2435,0,64,254,30 targets=-25900,-3867,-5256,0,6,243,60/-/-/- projectiles=-
retail_frame=2884 camera=-15323,3156,2435,0,0,0 player=-15323,3177,2435,0,64,255,30 wingmate=-24667,3177,2435,0,64,255,30 targets=-25912,-4120,-4792,0,0,243,60/-/-/- projectiles=-
retail_frame=2888 camera=-15351,3155,2435,0,0,0 player=-15351,3177,2435,0,64,0,30 wingmate=-24695,3177,2435,0,64,0,30 targets=-25900,-4246,-4560,0,253,243,60/-/-/- projectiles=-
retail_frame=2892 camera=-15407,3154,2435,0,0,0 player=-15407,3177,2435,0,64,2,30 wingmate=-15407,3154,2435,0,64,2,30 targets=-25872,-4372,-4332,0,250,243,60/-/-/- projectiles=-
retail_frame=2896 camera=-15435,3154,2435,0,0,0 player=-15435,3177,2435,0,64,2,30 wingmate=-24779,3177,2435,0,64,2,30 targets=-25768,-4624,-3888,0,244,243,60/-/-/- projectiles=-
retail_frame=2900 camera=-15463,3154,2435,0,0,0 player=-15463,3177,2435,0,64,3,30 wingmate=-18025,1209,909,0,64,3,30 targets=-25708,-4750,-3668,0,244,244,60/-/-/- projectiles=-
retail_frame=2904 camera=-15519,3153,2435,0,0,0 player=-15519,3177,2435,0,64,4,30 wingmate=-15519,3153,2435,0,64,4,30 targets=-25648,-4875,-3448,0,244,245,60/-/-/- projectiles=-
retail_frame=2908 camera=-15547,3153,2435,0,0,0 player=-15547,3177,2435,0,64,4,30 wingmate=-24891,3177,2435,0,64,4,30 targets=-25528,-5124,-3008,0,244,247,60/-/-/- projectiles=-
retail_frame=2912 camera=-15575,3153,2435,0,0,0 player=-15575,3177,2435,0,64,4,30 wingmate=-24919,3177,2435,0,64,4,30 targets=-25468,-5247,-2788,0,244,248,60/-/-/- projectiles=-
retail_frame=2916 camera=-15631,3154,2435,0,0,0 player=-15631,3177,2435,0,64,3,30 wingmate=-15631,3154,2435,0,64,3,30 targets=-25408,-5370,-2568,0,244,249,60/-/-/- projectiles=-
retail_frame=2920 camera=-15659,3154,2435,0,0,0 player=-15659,3177,2435,0,64,3,30 wingmate=-25003,3177,2435,0,64,3,30 targets=-25288,-5613,-2128,0,244,251,60/-/-/- projectiles=-
retail_frame=2924 camera=-15687,3154,2435,0,0,0 player=-15687,3177,2435,0,64,2,30 wingmate=-25031,3177,2435,0,64,2,30 targets=-25228,-5733,-1908,0,244,252,60/-/-/- projectiles=-
retail_frame=2928 camera=-15743,3155,2435,0,0,0 player=-15743,3177,2435,0,64,1,30 wingmate=-15743,3155,2435,0,64,1,30 targets=-25168,-5852,-1688,0,244,253,60/-/-/- projectiles=-
retail_frame=2932 camera=-15771,3156,2435,0,0,0 player=-15771,3177,2435,0,64,0,30 wingmate=-25115,3177,2435,0,64,0,30 targets=-25048,-6087,-1248,0,244,255,60/-/-/- projectiles=-
retail_frame=2936 camera=-15799,3157,2435,0,0,0 player=-15799,3177,2435,0,64,255,30 wingmate=-25143,3177,2435,0,64,255,30 targets=-24988,-6203,-1028,0,244,0,60/-/-/- projectiles=-
retail_frame=2940 camera=-15855,3158,2435,0,0,0 player=-15855,3177,2435,0,64,254,30 wingmate=-15855,3158,2435,0,64,254,30 targets=-24932,-6171,-808,6,245,4,60/-/-/- projectiles=-
retail_frame=2944 camera=-15883,3158,2435,0,0,0 player=-15883,3177,2435,0,64,253,30 wingmate=-25227,3177,2435,0,64,253,30 targets=-24836,-6027,-384,15,247,4,60/-/-/- projectiles=-
retail_frame=2948 camera=-15911,3158,2435,0,0,0 player=-15911,3177,2435,0,64,253,30 wingmate=-25255,3177,2435,0,64,253,30 targets=-24800,-5923,-180,19,248,4,60/-/-/- projectiles=-
retail_frame=2952 camera=-15967,3159,2435,0,0,0 player=-15967,3177,2435,0,64,252,30 wingmate=-15967,3159,2435,0,64,252,30 targets=-24772,-5803,12,22,249,4,60/-/-/- projectiles=-
retail_frame=2956 camera=-15995,3159,2435,0,0,0 player=-15995,3177,2435,0,64,252,30 wingmate=-25339,3177,2435,0,64,252,30 targets=-24728,-5519,376,28,251,4,60/-/-/- projectiles=-
retail_frame=2960 camera=-16023,3159,2435,0,0,0 player=-16023,3177,2435,0,64,252,30 wingmate=-25367,3177,2435,0,64,252,30 targets=-24716,-5363,548,30,252,4,60/-/-/- projectiles=-
retail_frame=2964 camera=-16079,3158,2435,0,0,0 player=-16079,3177,2435,0,64,253,30 wingmate=-16079,3158,2435,0,64,253,30 targets=-24708,-5199,712,32,253,4,60/-/-/- projectiles=-
retail_frame=2968 camera=-16107,3158,2435,0,0,0 player=-16107,3177,2435,0,64,254,30 wingmate=-25451,3177,2435,0,64,254,30 targets=-24704,-4843,1012,36,255,4,60/-/-/- projectiles=-
retail_frame=2972 camera=-16135,3158,2435,0,0,0 player=-16135,3177,2435,0,64,254,30 wingmate=-25479,3177,2435,0,64,254,30 targets=-24704,-4659,1152,37,0,4,60/-/-/- projectiles=-
retail_frame=2976 camera=-16191,3157,2435,0,0,0 player=-16191,3177,2435,0,64,0,30 wingmate=-16191,3157,2435,0,64,0,30 targets=-24704,-4471,1288,38,1,4,60/-/-/- projectiles=-
retail_frame=2980 camera=-16219,3156,2435,0,0,0 player=-16219,3177,2435,0,64,1,30 wingmate=-25563,3177,2435,0,64,1,30 targets=-24716,-4083,1548,40,3,4,60/-/-/- projectiles=072F,-24716,-4083,1548,39,197,0,30
retail_frame=2984 camera=-16247,3155,2435,0,0,0 player=-16247,3177,2435,0,64,2,30 wingmate=-25591,3177,2435,0,64,2,30 targets=-24724,-3883,1668,41,4,4,60/-/-/- projectiles=072F,-23856,-3192,1633,38,197,0,63
retail_frame=2988 camera=-16275,3155,2435,0,0,0 player=-16275,3177,2435,0,64,2,30 wingmate=-25619,3177,2435,0,64,2,30 targets=-24736,-3683,1784,42,5,4,60/-/-/- projectiles=072F,-23422,-2749,1679,38,197,0,63
retail_frame=2992 camera=-16303,3154,2435,0,0,0 player=-16331,3177,2435,0,64,3,30 wingmate=-16331,3154,2435,0,64,3,30 targets=-24748,-3479,1896,43,6,4,60/-/-/- projectiles=072F,-22987,-2306,1725,38,197,0,63
retail_frame=2996 camera=-16359,3154,2435,0,0,0 player=-16359,3177,2435,0,64,4,30 wingmate=-25703,3177,2435,0,64,4,30 targets=-24780,-3063,2100,45,8,4,60/-/-/- projectiles=072F,-22453,-1786,1781,38,197,0,63
retail_frame=3000 camera=-16387,3153,2435,0,0,0 player=-16387,3177,2435,0,64,4,30 wingmate=-25731,3177,2435,0,64,4,30 targets=-24800,-2851,2196,46,9,4,60/-/-/- projectiles=072F,-21670,-993,1863,37,197,0,63
retail_frame=3004 camera=-16415,3153,2435,0,0,0 player=-16415,3177,2435,0,64,4,30 wingmate=-25759,3177,2435,0,64,4,30 targets=-24820,-2635,2284,47,10,4,60/-/-/- projectiles=072F,-21225,-563,1909,37,197,0,63
retail_frame=3008 camera=-16471,3153,2435,0,0,0 player=-16471,3177,2435,0,64,3,30 wingmate=-16471,3153,2435,0,64,3,30 targets=-24840,-2419,2368,48,11,4,60/-/-/- projectiles=072F,-20780,-133,1956,37,197,0,63
retail_frame=3012 camera=-16499,3153,2435,0,0,0 player=-16499,3177,2435,0,64,3,30 wingmate=-25843,3177,2435,0,64,3,30 targets=-24880,-1979,2516,50,13,4,60/-/-/- projectiles=072F,-19873,710,2054,36,197,0,63
retail_frame=3016 camera=-16527,3154,2435,0,0,0 player=-16527,3177,2435,0,64,2,30 wingmate=-25871,3177,2435,0,64,2,30 targets=-24904,-1759,2588,50,14,4,60/-/-/- projectiles=072F,-19417,1127,2103,36,197,0,63
retail_frame=3020 camera=-16555,3154,2435,0,0,0 player=-16555,3177,2435,0,64,2,30 wingmate=-25899,3177,2435,0,64,2,30 targets=-24928,-1539,2660,50,15,4,60/-/-/- projectiles=072F,-18955,1534,2152,35,197,0,63
retail_frame=3024 camera=-16611,3155,2435,0,0,0 player=-16611,3177,2435,0,64,0,30 wingmate=-16611,3155,2435,0,64,0,30 targets=-24956,-1319,2728,50,16,4,60/-/-/- projectiles=072F,-18482,1932,2204,34,197,0,63
retail_frame=3028 camera=-16639,3155,2435,0,0,0 player=-16639,3177,2435,0,64,255,30 wingmate=-25983,3177,2435,0,64,255,30 targets=-25044,-919,2944,39,16,4,60/-/-/- projectiles=072F,-17513,2691,2318,32,198,0,63
retail_frame=3032 camera=-16667,3156,2435,0,0,0 player=-16667,3177,2435,0,64,254,30 wingmate=-26011,3177,2435,0,64,254,30 targets=-25100,-739,3080,35,16,4,60/-/-/- projectiles=05F4,-24564,-428,3040,27,189,0,63;072F,-17337,2855,2338,30,198,0,63
retail_frame=3036 camera=-16695,3157,2435,0,0,0 player=-16695,3177,2435,0,64,254,30 wingmate=92,81,13,0,64,254,30 targets=-25160,-579,3232,31,16,4,60/-/-/- projectiles=05F4,-24023,-128,2999,26,189,0,63;072F,-17157,3015,2362,29,198,0,63
retail_frame=3040 camera=-16723,3157,2435,0,0,0 player=-16723,3177,2435,0,64,253,30 wingmate=104,64,17,0,64,253,30 targets=-25224,-431,3396,28,16,4,60/-/-/- projectiles=05F4,-23482,172,2958,26,189,0,63;072F,-16977,3175,2386,22,199,0,63
retail_frame=3044 camera=-16751,3158,2435,0,0,0 player=-16751,3177,2435,0,64,253,30 wingmate=104,64,17,0,64,253,30 targets=-25292,-295,3568,25,16,4,60/-/-/- projectiles=05F4,-22939,469,2916,26,189,0,63;072F,-16773,3299,2418,22,199,0,63
retail_frame=3048 camera=-16779,3158,2435,0,0,0 player=-16779,3177,2435,0,64,252,30 wingmate=-26123,3177,2435,0,64,252,30 targets=-25364,-175,3748,22,16,4,60/-/-/- projectiles=05F4,-22395,764,2874,26,189,0,63;072F,-16569,3423,2450,22,199,0,63
retail_frame=3052 camera=-16807,3158,2435,0,0,0 player=-16807,3177,2435,0,64,252,30 wingmate=-26151,3177,2435,0,64,252,30 targets=-25440,-67,3936,20,16,4,60/-/-/- projectiles=05F4,-21851,1054,2832,25,189,0,63;072F,-16365,3547,2482,22,199,0,63
retail_frame=3056 camera=-16863,3159,2435,0,0,0 player=-16863,3177,2435,0,64,252,30 wingmate=-16863,3159,2435,0,64,252,30 targets=-25516,33,4128,18,16,4,60/-/-/- projectiles=05F4,-21307,1341,2790,25,189,0,63;072F,-16161,3671,2514,22,199,0,63
retail_frame=3060 camera=-16891,3159,2435,0,0,0 player=-16891,3177,2435,0,64,253,30 wingmate=-26235,3177,2435,0,64,253,30 targets=-25676,197,4524,14,16,4,60/-/-/- projectiles=05F4,-20756,1621,2748,24,189,0,63;072F,-15957,3795,2546,22,199,0,63
retail_frame=3064 camera=-16919,3159,2435,0,0,0 player=-16919,3177,2435,0,64,253,30 wingmate=-26263,3177,2435,0,64,253,30 targets=-25756,269,4724,13,16,4,60/-/-/- projectiles=05F4,-19647,2162,2664,23,189,0,63;072F,-15549,4043,2610,22,199,0,63
retail_frame=3068 camera=-16947,3159,2435,0,0,0 player=-16947,3177,2435,0,64,254,30 wingmate=-26291,3177,2435,0,64,254,30 targets=-25836,333,4928,12,16,4,60/-/-/- projectiles=05F4,-19085,2418,2620,22,189,0,63;072F,-15345,4167,2642,22,199,0,63
retail_frame=3072 camera=-16975,3158,2435,0,0,0 player=-16975,3177,2435,0,64,254,30 wingmate=-19211,2466,3109,0,64,254,30 targets=-25916,393,5132,11,16,4,60/-/-/- projectiles=05F4,-18520,2668,2575,22,189,0,63;072F,-15141,4291,2674,22,199,0,63
retail_frame=3076 camera=-17003,3158,2435,0,0,0 player=-17003,3177,2435,0,64,255,30 wingmate=-26347,3177,2435,0,64,255,30 targets=-26000,449,5336,10,16,4,60/-/-/- projectiles=05F4,-17944,2904,2528,20,189,0,63;072F,-14937,4415,2706,22,199,0,63
retail_frame=3080 camera=-17031,3158,2435,0,0,0 player=-17059,3177,2435,0,64,1,30 wingmate=-26375,3177,2435,0,64,1,30 targets=-26084,497,5540,9,16,4,60/-/-/- projectiles=05F4,-17724,3008,2512,18,188,0,63;072F,-14733,4539,2738,22,199,0,63
retail_frame=3084 camera=-17087,3157,2435,0,0,0 player=-17087,3177,2435,0,64,2,30 wingmate=-26431,3177,2435,0,64,2,30 targets=-26252,577,5956,7,16,4,60/-/-/- projectiles=05F4,-17504,3112,2496,16,187,0,63;072F,-14529,4663,2770,22,199,0,63
retail_frame=3088 camera=-17115,3156,2435,0,0,0 player=-17115,3177,2435,0,64,2,30 wingmate=-26459,3177,2435,0,64,2,30 targets=-26336,609,6164,6,16,4,60/-/-/- projectiles=05F4,-17280,3204,2472,16,187,0,63;072F,-14325,4787,2802,22,199,0,63
retail_frame=3092 camera=-17143,3155,2435,0,0,0 player=-17143,3177,2435,0,64,3,30 wingmate=-26487,3177,2435,0,64,3,30 targets=-26336,609,6164,6,16,4,60/-/-/- projectiles=076E,-25782,790,5943,15,177,0,63;05F4,-17056,3296,2448,16,187,0,63;072F,-14121,4911,2834,22,199,0,63
retail_frame=3096 camera=-17171,3155,2435,0,0,0 player=-17171,3177,2435,0,64,3,30 wingmate=-26515,3177,2435,0,64,3,30 targets=-26504,657,6588,4,16,4,60/-/-/- projectiles=076E,-25000,1033,5628,15,177,0,63;05F4,-16832,3388,2424,16,187,0,63;072F,-13917,5035,2866,22,199,0,63
retail_frame=3100 camera=-17199,3154,2435,0,0,0 player=-17199,3177,2435,0,64,4,30 wingmate=-26543,3177,2435,0,64,4,30 targets=-26588,673,6800,3,16,4,60/-/-/- projectiles=076E,-24120,1316,5278,14,177,0,63;05F4,-16384,3572,2376,16,187,0,63;072F,-13713,5159,2898,22,199,0,63
retail_frame=3104 camera=-17227,3154,2435,0,0,0 player=-17227,3177,2435,0,64,4,30 wingmate=-26571,3177,2435,0,64,4,30 targets=-26672,681,7012,2,16,4,60/-/-/- projectiles=076E,-23566,1486,5054,14,177,0,63;05F4,-16160,3664,2352,16,187,0,63
retail_frame=3108 camera=-17255,3154,2435,0,0,0 player=-17255,3177,2435,0,64,4,30 wingmate=-26599,3177,2435,0,64,4,30 targets=-26756,685,7224,1,16,4,60/-/-/- projectiles=076E,-23012,1656,4830,14,177,0,63;05F4,-15936,3756,2328,16,187,0,63
retail_frame=3112 camera=-17283,3153,2435,0,0,0 player=-17283,3177,2435,0,64,4,30 wingmate=-26627,3177,2435,0,64,4,30 targets=-26840,685,7436,0,16,4,60/-/-/- projectiles=076E,-22459,1826,4606,14,177,0,63;05F4,-15712,3848,2304,16,187,0,63
retail_frame=3116 camera=-17339,3153,2435,0,0,0 player=-17339,3177,2435,0,64,3,30 wingmate=-17339,3153,2435,0,64,3,30 targets=-26924,486,7648,0,16,3,60/-/-/- projectiles=076E,-21911,1993,4375,14,176,0,63;05F4,-15488,3940,2280,16,187,0,63
retail_frame=3120 camera=-17367,3153,2435,0,0,0 player=-17367,3177,2435,0,64,2,30 wingmate=-26711,3177,2435,0,64,2,30 targets=-27092,261,8072,0,16,1,60/-/-/- projectiles=076E,-21364,2160,4144,14,176,0,63;05F4,-15264,4032,2256,16,187,0,63
retail_frame=3124 camera=-17395,3153,2435,0,0,0 player=-17395,3177,2435,0,64,2,30 wingmate=-26739,3177,2435,0,64,2,30 targets=-27176,151,8284,0,16,0,60/-/-/- projectiles=076E,-20262,2480,3679,13,176,0,63;05F4,-14816,4216,2208,16,187,0,63
retail_frame=3128 camera=-17423,3154,2435,0,0,0 player=-17423,3177,2435,0,64,1,30 wingmate=-26767,3177,2435,0,64,1,30 targets=-27260,43,8496,0,16,0,60/-/-/- projectiles=076E,-19711,2637,3445,13,176,0,63;05F4,-14592,4308,2184,16,187,0,63
retail_frame=3132 camera=-17451,3154,2435,0,0,0 player=-17451,3177,2435,0,64,0,30 wingmate=-26795,3177,2435,0,64,0,30 targets=-27344,-64,8708,0,16,255,60/-/-/- projectiles=076E,-19160,2786,3200,12,175,0,63;05F4,-14368,4400,2160,16,187,0,63
retail_frame=3136 camera=-17479,3154,2435,0,0,0 player=-17479,3177,2435,0,64,255,30 wingmate=-26823,3177,2435,0,64,255,30 targets=-27428,-169,8920,0,16,254,60/-/-/- projectiles=076E,-18609,2932,2952,12,175,0,63;05F4,-14144,4492,2136,16,187,0,63
retail_frame=3140 camera=-17507,3155,2435,0,0,0 player=-17507,3177,2435,0,64,254,30 wingmate=-26851,3177,2435,0,64,254,30 targets=-27512,-272,9132,0,16,253,60/-/-/- projectiles=076E,-18057,3071,2701,11,175,0,63;05F4,-13920,4584,2112,16,187,0,63
retail_frame=3144 camera=-17563,3156,2435,0,0,0 player=-17563,3177,2435,0,64,253,30 wingmate=-17563,3156,2435,0,64,253,30 targets=-27592,-374,9348,0,15,252,60/-/-/- projectiles=076E,-17849,3127,2597,10,173,0,63;05F4,-13696,4676,2088,16,187,0,63
retail_frame=3148 camera=-17591,3157,2435,0,0,0 player=-17591,3177,2435,0,64,253,30 wingmate=-17591,3157,2435,0,64,253,30 targets=-27664,-474,9564,0,14,251,60/-/-/- projectiles=076E,-17641,3183,2493,7,172,0,63
retail_frame=3152 camera=-17619,3157,2435,32,0,0 player=-17619,3177,2435,0,64,26,30 wingmate=-26963,3177,2435,0,64,26,30 targets=-27792,-668,10004,0,12,249,60/-/-/- projectiles=076E,-17217,3263,2269,7,172,0,63
retail_frame=3156 camera=-17647,3158,2435,192,0,0 player=-17647,3177,2435,0,64,23,30 wingmate=-26991,3177,2435,0,64,23,30 targets=-27844,-762,10228,0,10,248,60/-/-/- projectiles=-
retail_frame=3160 camera=-17703,3158,2435,128,0,0 player=-17703,3177,2435,0,64,17,30 wingmate=-27047,3177,2435,0,64,17,30 targets=-27884,-853,10456,0,8,247,60/-/-/- projectiles=-
retail_frame=3164 camera=-17731,3159,2435,160,0,0 player=-17731,3177,2435,0,64,16,30 wingmate=-27075,3177,2435,0,64,16,30 targets=-27928,-1029,10916,0,4,245,60/-/-/- projectiles=-
retail_frame=3168 camera=-17759,3159,2435,64,0,0 player=-17759,3177,2435,0,64,14,30 wingmate=-27103,3177,2435,0,64,14,30 targets=-27928,-1114,11148,0,1,244,60/-/-/- projectiles=-
retail_frame=3172 camera=-17815,3159,2435,0,0,0 player=-17815,3177,2435,0,64,12,30 wingmate=-17815,3159,2435,0,64,12,30 targets=-27924,-1196,11380,0,254,243,60/-/-/- projectiles=-
retail_frame=3176 camera=-17843,3159,2435,0,0,0 player=-17843,3177,2435,0,64,12,30 wingmate=-27187,3177,2435,0,64,12,30 targets=-27860,-1354,11840,0,248,243,60/-/-/- projectiles=-
retail_frame=3180 camera=-17871,3158,2435,0,0,0 player=-17871,3177,2435,0,64,12,30 wingmate=-27215,3177,2435,0,64,12,30 targets=-27804,-1429,12064,0,245,243,60/-/-/- projectiles=-
retail_frame=3184 camera=-17927,3158,2435,0,0,0 player=-17927,3177,2435,0,64,12,30 wingmate=-17927,3158,2435,0,64,12,30 targets=-27732,-1502,12280,0,242,243,60/-/-/- projectiles=-
retail_frame=3188 camera=-17955,3157,2435,0,0,0 player=-17955,3177,2435,0,64,11,30 wingmate=-27299,3177,2435,0,64,11,30 targets=-27540,-1639,12696,0,236,243,60/-/-/- projectiles=-
retail_frame=3192 camera=-17983,3157,2435,0,0,0 player=-17983,3177,2435,0,64,11,30 wingmate=-27327,3177,2435,0,64,11,30 targets=-27420,-1704,12892,0,233,243,60/-/-/- projectiles=-
retail_frame=3196 camera=-18039,3155,2435,0,0,0 player=-18039,3177,2435,0,64,10,30 wingmate=-18039,3155,2435,0,64,10,30 targets=-27284,-1766,13076,0,230,243,60/-/-/- projectiles=-
retail_frame=3200 camera=-18067,3155,2435,0,0,0 player=-18067,3177,2435,0,64,9,30 wingmate=-27411,3177,2435,0,64,9,30 targets=-26976,-1882,13412,0,224,243,60/-/-/- projectiles=-
retail_frame=3204 camera=-18095,3154,2435,0,0,0 player=-18095,3177,2435,0,64,8,30 wingmate=-27439,3177,2435,0,64,8,30 targets=-26800,-1936,13560,0,221,243,60/-/-/- projectiles=-
retail_frame=3208 camera=-18151,3154,2435,0,0,0 player=-18151,3177,2435,0,64,5,30 wingmate=-18151,3154,2435,0,64,5,30 targets=-26616,-1987,13696,0,218,243,60/-/-/- projectiles=-
retail_frame=3212 camera=-18179,3153,2435,0,0,0 player=-18179,3177,2435,0,64,4,30 wingmate=-27523,3177,2435,0,64,4,30 targets=-26216,-2080,13920,0,212,243,60/-/-/- projectiles=-
retail_frame=3216 camera=-18207,3153,2435,0,0,0 player=-18207,3177,2435,0,64,2,30 wingmate=-27551,3177,2435,0,64,2,30 targets=-26004,-2122,14008,0,209,243,60/-/-/- projectiles=-
retail_frame=3220 camera=-18263,3153,2435,0,0,0 player=-18263,3177,2435,0,64,1,30 wingmate=-18263,3153,2435,0,64,1,30 targets=-25788,-2161,14080,0,206,243,60/-/-/- projectiles=-
retail_frame=3224 camera=-18291,3153,2435,0,0,0 player=-18291,3177,2435,0,64,0,30 wingmate=-27635,3177,2435,0,64,0,30 targets=-25336,-2230,14176,0,200,243,60/-/-/- projectiles=-
retail_frame=3228 camera=-18319,3154,2435,0,0,0 player=-18319,3177,2435,0,64,255,30 wingmate=-27663,3177,2435,0,64,255,30 targets=-25104,-2260,14200,0,197,243,60/-/-/- projectiles=-
retail_frame=3232 camera=-18375,3154,2435,0,0,0 player=-18375,3177,2435,0,64,254,30 wingmate=-18375,3154,2435,0,64,254,30 targets=-24872,-2287,14204,0,194,243,60/-/-/- projectiles=-
retail_frame=3236 camera=-18403,3155,2435,0,0,0 player=-18403,3177,2435,0,64,253,30 wingmate=-27747,3177,2435,0,64,253,30 targets=-24408,-2332,14188,0,188,243,60/-/-/- projectiles=-
retail_frame=3240 camera=-18431,3155,2435,0,0,0 player=-18431,3177,2435,0,64,253,30 wingmate=-27775,3177,2435,0,64,253,30 targets=-24180,-2350,14156,0,185,243,60/-/-/- projectiles=-
retail_frame=3244 camera=-18459,3156,2435,0,0,0 player=-18459,3177,2435,0,64,252,30 wingmate=-27803,3177,2435,0,64,252,30 targets=-23956,-2365,14104,0,182,243,60/-/-/- projectiles=-
retail_frame=3248 camera=-18515,3157,2435,0,0,0 player=-18515,3177,2435,0,64,252,30 wingmate=-27859,3177,2435,0,64,252,30 targets=-23524,-2386,13952,0,176,243,60/-/-/- projectiles=-
retail_frame=3252 camera=-18543,3158,2435,0,0,0 player=-18543,3177,2435,0,64,252,30 wingmate=-27887,3177,2435,0,64,252,30 targets=-23320,-2392,13852,0,173,243,60/-/-/- projectiles=-
retail_frame=3256 camera=-18571,3158,2435,0,0,0 player=-18571,3177,2435,0,64,253,30 wingmate=-27915,3177,2435,0,64,253,30 targets=-23116,-2395,13752,0,173,244,60/-/-/- projectiles=-
retail_frame=3260 camera=-18627,3159,2435,0,0,0 player=-18627,3177,2435,0,64,254,30 wingmate=-18627,3159,2435,0,64,254,30 targets=-22912,-2395,13652,0,173,245,60/-/-/- projectiles=-
retail_frame=3264 camera=-18655,3159,2435,0,0,0 player=-18655,3177,2435,0,64,254,30 wingmate=-27999,3177,2435,0,64,254,30 targets=-22504,-2386,13452,0,173,247,60/-/-/- projectiles=-
retail_frame=3268 camera=-18683,3159,2435,0,0,0 player=-18683,3177,2435,0,64,255,30 wingmate=-28027,3177,2435,0,64,255,30 targets=-22300,-2377,13352,0,173,248,60/-/-/- projectiles=-
retail_frame=3272 camera=-18711,3159,2435,0,0,0 player=-18711,3177,2435,0,64,0,30 wingmate=-28055,3177,2435,0,64,0,30 targets=-22096,-2365,13252,0,173,249,60/-/-/- projectiles=-
retail_frame=3276 camera=-18739,3159,2435,0,0,0 player=-18767,3177,2435,0,64,2,30 wingmate=-18767,3158,2435,0,64,2,30 targets=-21892,-2350,13152,0,173,250,60/-/-/- projectiles=-
retail_frame=3280 camera=-18795,3158,2435,0,0,0 player=-18795,3177,2435,0,64,2,30 wingmate=-28139,3177,2435,0,64,2,30 targets=-21484,-2311,12952,0,173,252,60/-/-/- projectiles=-
retail_frame=3284 camera=-18823,3158,2435,0,0,0 player=-18823,3177,2435,0,64,3,30 wingmate=-28167,3177,2435,0,64,3,30 targets=-21280,-2287,12852,0,173,253,60/-/-/- projectiles=-
retail_frame=3288 camera=-18851,3157,2435,0,0,0 player=-18851,3177,2435,0,64,3,30 wingmate=-28195,3177,2435,0,64,3,30 targets=-21076,-2260,12752,0,173,254,60/-/-/- projectiles=-
retail_frame=3292 camera=-18879,3157,2435,0,0,0 player=-18879,3177,2435,0,64,4,30 wingmate=-28223,3177,2435,0,64,4,30 targets=-20872,-2230,12652,0,173,255,60/-/-/- projectiles=-
retail_frame=3296 camera=-18935,3155,2435,0,0,0 player=-18935,3177,2435,0,64,4,30 wingmate=-28279,3177,2435,0,64,4,30 targets=-20668,-2197,12552,0,173,0,60/-/-/- projectiles=-
retail_frame=3300 camera=-18963,3155,2435,0,0,0 player=-18963,3177,2435,0,64,4,30 wingmate=-28307,3177,2435,0,64,4,30 targets=-20344,-2122,12232,0,157,0,60/-/-/- projectiles=-
retail_frame=3304 camera=-18991,3154,2435,0,0,0 player=-18991,3177,2435,0,64,3,30 wingmate=-28335,3177,2435,0,64,3,30 targets=-20220,-2080,12040,0,152,0,60/-/-/- projectiles=-
retail_frame=3308 camera=-19019,3154,2435,0,0,0 player=-19019,3177,2435,0,64,3,30 wingmate=-28363,3177,2435,0,64,3,30 targets=-20116,-2035,11836,0,148,0,60/-/-/- projectiles=-
retail_frame=3312 camera=-19047,3154,2435,0,0,0 player=-19075,3177,2435,0,64,2,30 wingmate=-28391,3177,2435,0,64,2,30 targets=-20028,-1987,11624,0,145,0,60/-/-/- projectiles=-
retail_frame=3316 camera=-19103,3153,2435,0,0,0 player=-19103,3177,2435,0,64,1,30 wingmate=-28447,3177,2435,0,64,1,30 targets=-19956,-1936,11408,30,132,0,60/-/-/- projectiles=-
retail_frame=3320 camera=-19131,3153,2435,0,0,0 player=-19131,3177,2435,0,64,0,30 wingmate=-28475,3177,2435,0,64,0,30 targets=-19896,-1882,11188,0,138,0,60/-/-/- projectiles=0672,-19914,-1582,10899,31,132,0,63
retail_frame=3324 camera=-19159,3153,2435,0,0,0 player=-19159,3177,2435,0,64,255,30 wingmate=-28503,3177,2435,0,64,255,30 targets=-19800,-1766,10740,0,137,0,60/-/-/- projectiles=0672,-19863,-1172,10273,30,132,0,63
retail_frame=3328 camera=-19187,3153,2435,0,0,0 player=-19187,3177,2435,0,64,254,30 wingmate=-28531,3177,2435,0,64,254,30 targets=-19760,-1704,10512,0,136,0,60/-/-/- projectiles=0672,-19794,-542,9353,30,132,0,63
retail_frame=3332 camera=-19215,3154,2435,0,0,0 player=-19215,3177,2435,0,64,254,30 wingmate=-28559,3177,2435,0,64,254,30 targets=-19728,-1639,10284,0,135,0,60/-/-/- projectiles=0672,-19755,-204,8832,29,132,0,63
retail_frame=3336 camera=-19243,3154,2435,0,0,0 player=-19243,3177,2435,0,64,253,30 wingmate=-28587,3177,2435,0,64,253,30 targets=-19700,-1572,10056,0,134,0,60/-/-/- projectiles=0672,-19719,133,8309,29,132,0,63
retail_frame=3340 camera=-19271,3154,2435,0,0,0 player=-19271,3177,2435,0,64,253,30 wingmate=-28615,3177,2435,0,64,253,30 targets=-19676,-1502,9824,0,133,0,60/-/-/- projectiles=0672,-19683,467,7786,29,131,0,63
retail_frame=3344 camera=-19299,3155,2435,0,0,0 player=-19299,3177,2435,0,64,252,30 wingmate=-28643,3177,2435,0,64,252,30 targets=-19660,-1429,9592,0,132,0,60/-/-/- projectiles=0672,-19647,794,7256,28,131,0,63
retail_frame=3348 camera=-19327,3155,2435,0,0,0 player=-19327,3177,2435,0,64,252,30 wingmate=-28671,3177,2435,0,64,252,30 targets=-19648,-1354,9360,0,131,0,60/-/-/- projectiles=0672,-19614,1118,6726,28,131,0,63
retail_frame=3352 camera=-19383,3157,2435,0,0,0 player=-19383,3177,2435,0,64,252,30 wingmate=-19383,3157,2435,0,64,252,30 targets=-19644,-1276,9128,0,130,0,60/-/-/- projectiles=0672,-19584,1432,6189,27,131,0,63
retail_frame=3356 camera=-19411,3157,2435,0,0,0 player=-19411,3177,2435,0,64,253,30 wingmate=-28755,3177,2435,0,64,253,30 targets=-19640,-1196,8896,0,130,0,60/-/-/- projectiles=0672,-19554,1743,5649,27,131,0,63
retail_frame=3360 camera=-19439,3158,2435,0,0,0 player=-19439,3177,2435,0,64,253,30 wingmate=-28783,3177,2435,0,64,253,30 targets=-19632,-1029,8432,0,130,0,60/-/-/- projectiles=0672,-19531,2089,4985,26,130,0,63
retail_frame=3364 camera=-19467,3158,2435,0,0,0 player=-19467,3177,2435,0,64,254,30 wingmate=-28811,3177,2435,0,64,254,30 targets=-19628,-942,8200,0,130,0,60/-/-/- projectiles=0672,-19513,2604,3999,24,129,0,63
retail_frame=3368 camera=-19495,3158,2435,0,0,0 player=-19495,3177,2435,0,64,254,30 wingmate=-28839,3177,2435,0,64,254,30 targets=-19628,-853,7968,0,129,0,60/-/-/- projectiles=0672,-19510,2861,3435,23,129,0,63
retail_frame=3372 camera=-19523,3159,2435,0,0,0 player=-19523,3177,2435,0,64,255,30 wingmate=-28867,3177,2435,0,64,255,30 targets=-19628,-762,7736,0,129,0,60/-/-/- projectiles=0672,-19516,3091,2853,20,128,0,63
retail_frame=3376 camera=-19551,3159,2435,0,0,0 player=-19551,3177,2435,0,64,0,30 wingmate=-8,38,-117,0,64,0,30 targets=-19628,-668,7504,0,129,0,60/-/-/- projectiles=043B,-19625,-341,7279,37,129,0,63;0672,-19528,3167,2621,13,125,0,63
retail_frame=3380 camera=-19579,3159,2435,0,0,0 player=-19579,3177,2435,0,64,1,30 wingmate=-8,38,-117,0,64,1,30 targets=-19628,-572,7272,0,129,0,60/-/-/- projectiles=043B,-19624,77,6819,37,129,0,63;0672,-19540,3243,2389,13,125,0,63
retail_frame=3384 camera=-19607,3159,2435,32,0,0 player=-19607,3177,2435,0,64,228,30 wingmate=-28951,3177,2435,0,64,228,30 targets=-19628,-474,7040,0,129,254,60/-/-/- projectiles=043B,-19624,488,6354,36,129,0,63;0672,-19552,3319,2157,13,125,0,63
retail_frame=3388 camera=-19635,3159,2435,192,0,0 player=-19635,3177,2435,0,64,231,30 wingmate=-28979,3177,2435,0,64,231,30 targets=-19628,-374,6808,0,129,253,60/-/-/- projectiles=043B,-19627,893,5886,36,128,0,63;0672,-19552,3319,2157,13,125,0,63
retail_frame=3392 camera=-19663,3158,2435,96,0,0 player=-19663,3177,2435,0,64,235,30 wingmate=-29007,3177,2435,0,64,235,30 targets=-19628,-272,6576,0,128,252,60/-/-/- projectiles=043B,-19633,1291,5409,35,128,0,63
retail_frame=3396 camera=-19691,3158,2435,128,0,0 player=-19691,3177,2435,0,64,238,30 wingmate=-29035,3177,2435,0,64,238,30 targets=-19628,-169,6344,0,127,251,60/-/-/- projectiles=043B,-19642,1679,4921,34,128,0,63
retail_frame=3400 camera=-19719,3158,2435,160,0,0 player=-19719,3177,2435,0,64,241,30 wingmate=-29063,3177,2435,0,64,241,30 targets=-19632,-64,6112,0,126,250,60/-/-/- projectiles=043B,-19654,2050,4426,33,127,0,63
retail_frame=3404 camera=-19775,3157,2435,224,0,0 player=-19775,3177,2435,0,64,245,30 wingmate=-19775,3157,2435,0,64,245,30 targets=-19644,43,5880,0,125,249,60/-/-/- projectiles=043B,-19672,2404,3917,31,127,0,63
retail_frame=3408 camera=-19803,3156,2435,0,0,0 player=-19803,3177,2435,0,64,246,30 wingmate=-29147,3177,2435,0,64,246,30 targets=-19700,261,5420,0,121,247,60/-/-/- projectiles=043B,-19712,2882,3198,26,124,0,63
retail_frame=3412 camera=-19831,3155,2435,0,0,0 player=-19831,3177,2435,0,64,246,30 wingmate=-9,72,-100,0,64,246,30 targets=-19744,373,5196,0,119,246,60/-/-/- projectiles=043B,-19728,3022,3002,25,124,0,63
retail_frame=3416 camera=-19859,3155,2435,0,0,0 player=-19859,3177,2435,0,64,247,30 wingmate=-15,58,-108,0,64,247,30 targets=-19800,486,4972,0,117,245,60/-/-/- projectiles=043B,-19744,3162,2806,20,122,0,63
retail_frame=3420 camera=-19887,3154,2435,0,0,0 player=-19887,3177,2435,0,64,247,30 wingmate=-29231,3177,2435,0,64,247,30 targets=-19872,600,4756,0,114,244,60/-/-/- projectiles=043B,-19772,3278,2594,20,122,0,63
retail_frame=3424 camera=-19915,3154,2435,0,0,0 player=-19915,3177,2435,0,64,248,30 wingmate=-29259,3177,2435,0,64,248,30 targets=-19960,716,4544,0,111,243,60/-/-/- projectiles=043B,-19800,3394,2382,20,122,0,63
retail_frame=3428 camera=-19971,3153,2435,0,0,0 player=-19971,3177,2435,0,64,248,30 wingmate=-19971,3153,2435,0,64,248,30 targets=-20064,833,4340,0,108,242,60/-/-/- projectiles=043B,-19828,3510,2170,20,122,0,63
retail_frame=3432 camera=-19999,3153,2435,0,0,0 player=-19999,3177,2435,0,64,248,30 wingmate=-29343,3177,2435,0,64,248,30 targets=-20324,1070,3964,0,101,240,60/-/-/- projectiles=043B,-19884,3742,1746,20,122,0,63
retail_frame=3436 camera=-20027,3153,2435,0,0,0 player=-20027,3177,2435,0,64,248,30 wingmate=-29371,3177,2435,0,64,248,30 targets=-20480,1190,3800,0,97,240,60/-/-/- projectiles=043B,-19912,3858,1534,20,122,0,63
retail_frame=3440 camera=-20055,3153,2435,0,0,0 player=-20055,3177,2435,0,64,249,30 wingmate=-29399,3177,2435,0,64,249,30 targets=-20656,1311,3652,0,93,240,60/-/-/- projectiles=043B,-19940,3974,1322,20,122,0,63
retail_frame=3444 camera=-20111,3154,2435,0,0,0 player=-20111,3177,2435,0,64,250,30 wingmate=-29455,3177,2435,0,64,250,30 targets=-20844,1433,3520,0,89,240,60/-/-/- projectiles=043B,-19968,4090,1110,20,122,0,63
retail_frame=3448 camera=-20139,3154,2435,0,0,0 player=-20139,3177,2435,0,64,250,30 wingmate=-29483,3177,2435,0,64,250,30 targets=-21256,1679,3320,0,81,240,60/-/-/- projectiles=043B,-20024,4322,686,20,122,0,63
retail_frame=3452 camera=-20167,3154,2435,0,0,0 player=-20167,3177,2435,0,64,251,30 wingmate=-29511,3177,2435,0,64,251,30 targets=-21476,1803,3252,0,77,240,60/-/-/- projectiles=043B,-20052,4438,474,20,122,0,63
retail_frame=3456 camera=-20223,3155,2435,0,0,0 player=-20223,3177,2435,0,64,252,30 wingmate=-20223,3155,2435,0,64,252,30 targets=-21700,1928,3208,0,73,240,60/-/-/- projectiles=043B,-20080,4554,262,20,122,0,63
retail_frame=3460 camera=-20251,3156,2435,0,0,0 player=-20251,3177,2435,0,64,253,30 wingmate=-29595,3177,2435,0,64,253,30 targets=-22164,2179,3160,0,69,242,60/-/-/- projectiles=043B,-20108,4670,50,20,122,0,63
retail_frame=3464 camera=-20279,3157,2435,0,0,0 player=-20279,3177,2435,0,64,253,30 wingmate=-29623,3177,2435,0,64,253,30 targets=-22396,2305,3136,0,69,243,60/-/-/- projectiles=043B,-20164,4902,-374,20,122,0,63
retail_frame=3468 camera=-20307,3157,2435,0,0,0 player=-20307,3177,2435,0,64,254,30 wingmate=-22628,2305,3112,0,64,254,30 targets=-22628,2431,3112,0,69,244,60/-/-/- projectiles=043B,-20192,5018,-586,20,122,0,63
retail_frame=3472 camera=-20335,3158,2435,0,0,0 player=-20335,3177,2435,0,64,254,30 wingmate=-29679,3177,2435,0,64,254,30 targets=-22860,2557,3088,0,69,245,60/-/-/- projectiles=043B,-20220,5134,-798,20,122,0,63
retail_frame=3476 camera=-20391,3158,2435,0,0,0 player=-20391,3177,2435,0,64,0,30 wingmate=-20391,3158,2435,0,64,0,30 targets=-23092,2683,3064,0,69,246,60/-/-/- projectiles=-
retail_frame=3480 camera=-20419,3159,2435,0,0,0 player=-20419,3177,2435,0,64,1,30 wingmate=-29763,3177,2435,0,64,1,30 targets=-23556,2936,3016,0,69,248,60/-/-/- projectiles=-
retail_frame=3484 camera=-20447,3159,2435,0,0,0 player=-20447,3177,2435,0,64,2,30 wingmate=-29791,3177,2435,0,64,2,30 targets=-23788,3062,2992,0,69,249,60/-/-/- projectiles=-
retail_frame=3488 camera=-20503,3159,2435,0,0,0 player=-20503,3177,2435,0,64,3,30 wingmate=-20503,3159,2435,0,64,3,30 targets=-24020,3188,2968,0,69,250,60/-/-/- projectiles=-
retail_frame=3492 camera=-20531,3159,2435,0,0,0 player=-20531,3177,2435,0,64,3,30 wingmate=-29875,3177,2435,0,64,3,30 targets=-24484,3440,2920,0,69,252,60/-/-/- projectiles=-
retail_frame=3496 camera=-20559,3158,2435,0,0,0 player=-20559,3177,2435,0,64,4,30 wingmate=-22638,3299,2665,0,64,4,30 targets=-24716,3565,2896,0,69,253,60/-/-/- projectiles=-
retail_frame=3500 camera=-20587,3158,2435,0,0,0 player=-20615,3177,2435,0,64,4,30 wingmate=-29931,3177,2435,0,64,4,30 targets=-24948,3690,2872,0,69,254,60/-/-/- projectiles=-
retail_frame=3504 camera=-20643,3157,2435,0,0,0 player=-20643,3177,2435,0,64,4,30 wingmate=-29987,3177,2435,0,64,4,30 targets=-25412,3937,2824,0,69,0,60/-/-/- projectiles=-
retail_frame=3508 camera=-20671,3157,2435,0,0,0 player=-20671,3177,2435,0,64,3,30 wingmate=-30015,3177,2435,0,64,3,30 targets=-25644,4060,2800,0,69,0,60/-/-/- projectiles=-
retail_frame=3512 camera=-20699,3156,2435,0,0,0 player=-20699,3177,2435,0,64,3,30 wingmate=-30043,3177,2435,0,64,3,30 targets=-25876,4182,2776,0,69,0,60/-/-/- projectiles=-
retail_frame=3516 camera=-20755,3155,2435,0,0,0 player=-20755,3177,2435,0,64,2,30 wingmate=-20755,3155,2435,0,64,2,30 targets=-26108,4303,2752,0,69,0,60/-/-/- projectiles=-
retail_frame=3520 camera=-20783,3154,2435,0,0,0 player=-20783,3177,2435,0,64,1,30 wingmate=-30127,3177,2435,0,64,1,30 targets=-26572,4542,2704,0,69,0,60/-/-/- projectiles=-
retail_frame=3524 camera=-20811,3154,2435,0,0,0 player=-20811,3177,2435,0,64,0,30 wingmate=-23808,3848,2557,0,64,0,30 targets=-26804,4660,2680,0,69,0,60/-/-/- projectiles=-
retail_frame=3528 camera=-20839,3154,2435,0,0,0 player=-20839,3177,2435,0,64,255,30 wingmate=-30183,3177,2435,0,64,255,30 targets=-27036,4777,2656,0,69,0,60/-/-/- projectiles=-
retail_frame=3532 camera=-20895,3153,2435,0,0,0 player=-20895,3177,2435,0,64,254,30 wingmate=-30239,3177,2435,0,64,254,30 targets=-27500,4893,2608,0,69,0,60/-/-/- projectiles=-
retail_frame=3536 camera=-20923,3153,2435,0,0,0 player=-20923,3177,2435,0,64,253,30 wingmate=-30267,3177,2435,0,64,253,30 targets=-27732,5120,2584,0,69,0,60/-/-/- projectiles=-
retail_frame=3540 camera=-20951,3153,2435,0,0,0 player=-20951,3177,2435,0,64,253,30 wingmate=-30295,3177,2435,0,64,253,30 targets=-27964,5232,2560,0,69,0,60/-/-/- projectiles=-
retail_frame=3544 camera=-21007,3154,2435,0,0,0 player=-21007,3177,2435,0,64,252,30 wingmate=-21007,3154,2435,0,64,252,30 targets=-28196,5342,2536,0,69,0,60/-/-/- projectiles=-
retail_frame=3548 camera=-21035,3154,2435,0,0,0 player=-21035,3177,2435,0,64,252,30 wingmate=-30379,3177,2435,0,64,252,30 targets=-28660,5557,2488,0,69,0,60/-/-/- projectiles=-
retail_frame=3552 camera=-21063,3154,2435,0,0,0 player=-21063,3177,2435,0,64,252,30 wingmate=-24978,4355,2449,0,64,252,30 targets=-28892,5662,2464,0,69,0,60/-/-/- projectiles=-
retail_frame=3556 camera=-21091,3155,2435,0,0,0 player=-21091,3177,2435,0,64,253,30 wingmate=-30435,3177,2435,0,64,253,30 targets=-29124,5765,2440,0,69,0,60/-/-/- projectiles=-
retail_frame=3560 camera=-21147,3156,2435,0,0,0 player=-21147,3177,2435,0,64,254,30 wingmate=-30491,3177,2435,0,64,254,30 targets=-29356,5867,2416,0,69,0,60/-/-/- projectiles=-
retail_frame=3564 camera=-21175,3157,2435,0,0,0 player=-21175,3177,2435,0,64,254,30 wingmate=-30519,3177,2435,0,64,254,30 targets=-29820,6065,2368,0,69,0,60/-/-/- projectiles=-
retail_frame=3568 camera=-21203,3157,2435,0,0,0 player=-21203,3177,2435,0,64,255,30 wingmate=-30547,3177,2435,0,64,255,30 targets=-30052,6161,2344,0,69,0,60/-/-/- projectiles=-
retail_frame=3572 camera=-21259,3158,2435,0,0,0 player=-21259,3177,2435,0,64,1,30 wingmate=-21259,3158,2435,0,64,1,30 targets=-30284,6255,2320,0,69,0,60/-/-/- projectiles=-
retail_frame=3576 camera=-21287,3158,2435,0,0,0 player=-21287,3177,2435,0,64,2,30 wingmate=-30631,3177,2435,0,64,2,30 targets=-30748,6435,2272,0,69,254,60/-/-/- projectiles=-
retail_frame=3580 camera=-21315,3159,2435,0,0,0 player=-21315,3177,2435,0,64,2,30 wingmate=-23732,3978,2388,0,64,2,30 targets=-30980,6522,2248,0,69,253,60/-/-/- projectiles=-
retail_frame=3584 camera=-21343,3159,2435,0,0,0 player=-21343,3177,2435,0,64,3,30 wingmate=-30687,3177,2435,0,64,3,30 targets=-31212,6607,2232,0,68,252,60/-/-/- projectiles=-
retail_frame=3588 camera=-21399,3159,2435,0,0,0 player=-21399,3177,2435,0,64,4,30 wingmate=-21399,3159,2435,0,64,4,30 targets=-31444,6689,2220,0,67,251,60/-/-/- projectiles=-
retail_frame=3592 camera=-21427,3159,2435,0,0,0 player=-21427,3177,2435,0,64,4,30 wingmate=-30771,3177,2435,0,64,4,30 targets=-31908,6847,2216,0,65,249,60/-/-/- projectiles=-
retail_frame=3596 camera=-21455,3158,2435,0,0,0 player=-21455,3177,2435,0,64,4,30 wingmate=-30799,3177,2435,0,64,4,30 targets=-32140,6922,2216,0,63,248,60/-/-/- projectiles=-
retail_frame=3600 camera=-21511,3158,2435,0,0,0 player=-21511,3177,2435,0,64,3,30 wingmate=-21511,3158,2435,0,64,3,30 targets=-32372,6995,2228,0,61,247,60/-/-/- projectiles=-
retail_frame=3604 camera=-21539,3157,2435,0,0,0 player=-21539,3177,2435,0,64,3,30 wingmate=-30883,3177,2435,0,64,3,30 targets=32704,7132,2284,0,57,245,60/-/-/- projectiles=-
retail_frame=3608 camera=-21567,3157,2435,0,0,0 player=-21567,3177,2435,0,64,2,30 wingmate=-24440,4150,2410,0,64,2,30 targets=32480,7197,2336,0,54,244,60/-/-/- projectiles=-
retail_frame=3612 camera=-21595,3156,2435,0,0,0 player=-21595,3177,2435,0,64,2,30 wingmate=-30939,3177,2435,0,64,2,30 targets=32260,7259,2404,0,51,243,60/-/-/- projectiles=-
retail_frame=3616 camera=-21651,3155,2435,0,0,0 player=-21651,3177,2435,0,64,0,30 wingmate=-21651,3155,2435,0,64,0,30 targets=32048,7318,2488,0,48,242,60/-/-/- projectiles=-
retail_frame=3620 camera=-21679,3154,2435,0,0,0 player=-21679,3177,2435,0,64,255,30 wingmate=-31023,3177,2435,0,64,255,30 targets=31648,7429,2704,0,42,241,60/-/-/- projectiles=-
retail_frame=3624 camera=-21707,3154,2435,0,0,0 player=-21707,3177,2435,0,64,254,30 wingmate=-31051,3177,2435,0,64,254,30 targets=31460,7480,2836,0,39,241,60/-/-/- projectiles=-
retail_frame=3628 camera=-21735,3154,2435,0,0,0 player=-21763,3177,2435,0,64,253,30 wingmate=-31079,3177,2435,0,64,253,30 targets=31284,7528,2980,0,36,241,60/-/-/- projectiles=-
retail_frame=3632 camera=-21791,3153,2435,0,0,0 player=-21791,3177,2435,0,64,253,30 wingmate=-31135,3177,2435,0,64,253,30 targets=30968,7615,3308,0,30,241,60/-/-/- projectiles=-
retail_frame=3636 camera=-21819,3153,2435,0,0,0 player=-21819,3177,2435,0,64,252,30 wingmate=-25042,4268,2698,0,64,252,30 targets=30828,7654,3488,0,27,241,60/-/-/- projectiles=-
retail_frame=3640 camera=-21847,3153,2435,0,0,0 player=-21847,3177,2435,0,64,252,30 wingmate=-31191,3177,2435,0,64,252,30 targets=30704,7690,3680,0,24,241,60/-/-/- projectiles=-
retail_frame=3644 camera=-21903,3154,2435,0,0,0 player=-21903,3177,2435,0,64,252,30 wingmate=-31247,3177,2435,0,64,252,30 targets=30496,7753,4088,0,18,241,60/-/-/- projectiles=-
retail_frame=3648 camera=-21931,3154,2435,0,0,0 player=-21931,3177,2435,0,64,253,30 wingmate=-25229,4303,2902,0,64,253,30 targets=30416,7780,4304,0,15,241,60/-/-/- projectiles=-
retail_frame=3652 camera=-21959,3154,2435,0,0,0 player=-21959,3177,2435,0,64,253,30 wingmate=-31303,3177,2435,0,64,253,30 targets=30356,7804,4524,0,12,241,60/-/-/- projectiles=-
retail_frame=3656 camera=-22015,3155,2435,0,0,0 player=-22015,3177,2435,0,64,254,30 wingmate=-31359,3177,2435,0,64,254,30 targets=30284,7843,4976,0,6,241,60/-/-/- projectiles=-
retail_frame=3660 camera=-22043,3156,2435,0,0,0 player=-22043,3177,2435,0,64,255,30 wingmate=-31387,3177,2435,0,64,255,30 targets=30272,7858,5208,0,3,241,60/-/-/- projectiles=-
retail_frame=3664 camera=-22071,3157,2435,0,0,0 player=-22071,3177,2435,0,64,0,30 wingmate=-31415,3177,2435,0,64,0,30 targets=30272,7870,5440,0,0,241,60/-/-/- projectiles=-
retail_frame=3668 camera=-22127,3158,2435,0,0,0 player=-22127,3177,2435,0,64,2,30 wingmate=-31471,3177,2435,0,64,2,30 targets=30284,7879,5672,0,250,241,60/-/-/- projectiles=-
retail_frame=3672 camera=-22155,3158,2435,0,0,0 player=-22155,3177,2435,0,64,2,30 wingmate=-31499,3177,2435,0,64,2,30 targets=30356,7888,6124,0,247,241,60/-/-/- projectiles=-
retail_frame=3676 camera=-22183,3158,2435,0,0,0 player=-22183,3177,2435,0,64,3,30 wingmate=-31527,3177,2435,0,64,3,30 targets=30416,7888,6344,0,244,241,60/-/-/- projectiles=-
retail_frame=3680 camera=-22239,3159,2435,0,0,0 player=-22239,3177,2435,0,64,4,30 wingmate=-31583,3177,2435,0,64,4,30 targets=30592,7885,6768,0,238,241,60/-/-/- projectiles=-
retail_frame=3684 camera=-22267,3159,2435,0,0,0 player=-22267,3177,2435,0,64,4,30 wingmate=-31611,3177,2435,0,64,4,30 targets=30704,7870,6968,0,235,241,60/-/-/- projectiles=-
retail_frame=3688 camera=-22295,3159,2435,0,0,0 player=-22295,3177,2435,0,64,4,30 wingmate=-31639,3177,2435,0,64,4,30 targets=30828,7858,7160,0,232,241,60/-/-/- projectiles=-
retail_frame=3692 camera=-22351,3158,2435,0,0,0 player=-22351,3177,2435,0,64,3,30 wingmate=-31695,3177,2435,0,64,3,30 targets=31120,7825,7512,0,226,241,60/-/-/- projectiles=-
retail_frame=3696 camera=-22379,3158,2435,0,0,0 player=-22379,3177,2435,0,64,3,30 wingmate=-25348,4324,3743,0,64,3,30 targets=31284,7804,7668,0,223,241,60/-/-/- projectiles=-
retail_frame=3700 camera=-22407,3158,2435,0,0,0 player=-22407,3177,2435,0,64,2,30 wingmate=-31751,3177,2435,0,64,2,30 targets=31460,7780,7812,0,220,241,60/-/-/- projectiles=-
retail_frame=3704 camera=-22463,3157,2435,0,0,0 player=-22463,3177,2435,0,64,1,30 wingmate=-31807,3177,2435,0,64,1,30 targets=31648,7753,7944,0,217,241,60/-/-/- projectiles=-
retail_frame=3708 camera=-22491,3156,2435,0,0,0 player=-22491,3177,2435,0,64,0,30 wingmate=-31835,3177,2435,0,64,0,30 targets=32048,7690,8160,0,211,241,60/-/-/- projectiles=-
retail_frame=3712 camera=-22519,3155,2435,0,0,0 player=-22519,3177,2435,0,64,255,30 wingmate=-31863,3177,2435,0,64,255,30 targets=32260,7654,8244,0,208,241,60/-/-/- projectiles=-
retail_frame=3716 camera=-22575,3154,2435,0,0,0 player=-22575,3177,2435,0,64,254,30 wingmate=-22575,3154,2435,0,64,254,30 targets=32480,7615,8312,0,205,241,60/-/-/- projectiles=-
retail_frame=3720 camera=-22603,3154,2435,0,0,0 player=-22603,3177,2435,0,64,253,30 wingmate=-31947,3177,2435,0,64,253,30 targets=-32604,7528,8396,0,199,241,60/-/-/- projectiles=-
retail_frame=3724 camera=-22631,3154,2435,0,0,0 player=-22631,3177,2435,0,64,253,30 wingmate=-31975,3177,2435,0,64,253,30 targets=-32376,7480,8428,0,199,242,60/-/-/- projectiles=-
retail_frame=3728 camera=-22687,3153,2435,0,0,0 player=-22687,3177,2435,0,64,252,30 wingmate=-22687,3153,2435,0,64,252,30 targets=-32148,7429,8460,0,199,243,60/-/-/- projectiles=-
retail_frame=3732 camera=-22715,3153,2435,0,0,0 player=-22715,3177,2435,0,64,252,30 wingmate=-32059,3177,2435,0,64,252,30 targets=-31692,7318,8524,0,199,245,60/-/-/- projectiles=-
retail_frame=3736 camera=-22743,3153,2435,0,0,0 player=-22743,3177,2435,0,64,252,30 wingmate=-32087,3177,2435,0,64,252,30 targets=-31464,7259,8556,0,199,246,60/-/-/- projectiles=-
retail_frame=3740 camera=-22771,3153,2435,0,0,0 player=-22799,3177,2435,0,64,253,30 wingmate=-22799,3154,2435,0,64,253,30 targets=-31236,7197,8588,0,199,247,60/-/-/- projectiles=-
retail_frame=3744 camera=-22827,3154,2435,0,0,0 player=-22827,3177,2435,0,64,254,30 wingmate=-32171,3177,2435,0,64,254,30 targets=-30780,7065,8652,0,199,249,60/-/-/- projectiles=-
retail_frame=3748 camera=-22855,3154,2435,0,0,0 player=-22855,3177,2435,0,64,254,30 wingmate=-32199,3177,2435,0,64,254,30 targets=-30552,6995,8684,0,199,250,60/-/-/- projectiles=-
retail_frame=3752 camera=-22911,3155,2435,0,0,0 player=-22911,3177,2435,0,64,0,30 wingmate=-22911,3155,2435,0,64,0,30 targets=-30324,6922,8716,0,199,251,60/-/-/- projectiles=-
retail_frame=3756 camera=-22939,3156,2435,0,0,0 player=-22939,3177,2435,0,64,1,30 wingmate=-32283,3177,2435,0,64,1,30 targets=-29868,6769,8780,0,199,253,60/-/-/- projectiles=-
retail_frame=3760 camera=-22967,3157,2435,0,0,0 player=-22967,3177,2435,0,64,2,30 wingmate=-32311,3177,2435,0,64,2,30 targets=-29640,6689,8812,0,199,254,60/-/-/- projectiles=-
retail_frame=3764 camera=-23023,3158,2435,0,0,0 player=-23023,3177,2435,0,64,3,30 wingmate=-23023,3158,2435,0,64,3,30 targets=-29412,6607,8844,0,199,255,60/-/-/- projectiles=-
retail_frame=3768 camera=-23051,3158,2435,0,0,0 player=-23051,3177,2435,0,64,3,30 wingmate=-32395,3177,2435,0,64,3,30 targets=-28960,6490,8904,250,198,252,60/-/-/- projectiles=-
retail_frame=3772 camera=-23079,3158,2435,0,0,0 player=-23079,3177,2435,0,64,4,30 wingmate=-32423,3177,2435,0,64,4,30 targets=-28736,6430,8928,245,197,252,60/-/-/- projectiles=-
retail_frame=3776 camera=-23135,3159,2435,0,0,0 player=-23135,3177,2435,0,64,4,30 wingmate=-23135,3159,2435,0,64,4,30 targets=-28520,6346,8944,241,196,252,60/-/-/- projectiles=-
retail_frame=3780 camera=-23163,3159,2435,0,0,0 player=-23163,3177,2435,0,64,4,30 wingmate=-32507,3177,2435,0,64,4,30 targets=-28116,6122,8960,234,194,252,60/-/-/- projectiles=-
retail_frame=3784 camera=-23191,3159,2435,0,0,0 player=-23191,3177,2435,0,64,3,30 wingmate=-32535,3177,2435,0,64,3,30 targets=-27928,5986,8960,231,193,252,60/-/-/- projectiles=-
retail_frame=3788 camera=-23247,3158,2435,0,0,0 player=-23247,3177,2435,0,64,2,30 wingmate=-23247,3158,2435,0,64,2,30 targets=-27748,5838,8960,228,192,252,60/-/-/- projectiles=-
retail_frame=3792 camera=-23275,3158,2435,0,0,0 player=-23275,3177,2435,0,64,2,30 wingmate=-32619,3177,2435,0,64,2,30 targets=-27412,5518,8956,224,190,252,60/-/-/- projectiles=-
retail_frame=3796 camera=-23303,3158,2435,0,0,0 player=-23303,3177,2435,0,64,1,30 wingmate=-32647,3177,2435,0,64,1,30 targets=-27256,5342,8948,222,189,252,60/-/-/- projectiles=-
retail_frame=3800 camera=-23359,3157,2435,0,0,0 player=-23359,3177,2435,0,64,255,30 wingmate=-23359,3157,2435,0,64,255,30 targets=-27112,5162,8936,220,188,252,60/-/-/- projectiles=-
retail_frame=3804 camera=-23387,3156,2435,0,0,0 player=-23387,3177,2435,0,64,254,30 wingmate=-32731,3177,2435,0,64,254,30 targets=-26840,4790,8904,218,186,252,60/-/-/- projectiles=05F4,-26840,4790,8904,243,148,0,63
retail_frame=3808 camera=-23415,3155,2435,0,0,0 player=-23415,3177,2435,0,64,254,30 wingmate=-32759,3177,2435,0,64,254,30 targets=-26708,4598,8884,217,185,252,60/-/-/- projectiles=05F4,-26276,4471,7834,243,148,0,63
retail_frame=3812 camera=-23443,3155,2435,0,0,0 player=-23443,3177,2435,0,64,253,30 wingmate=32749,3177,2435,0,64,253,30 targets=-26584,4402,8860,216,184,252,60/-/-/- projectiles=05F4,-25997,4314,7297,243,148,0,63
retail_frame=3816 camera=-23499,3154,2435,0,0,0 player=-23499,3177,2435,0,64,252,30 wingmate=-23499,3154,2435,0,64,252,30 targets=-26468,4202,8836,215,183,252,60/-/-/- projectiles=05F4,-25718,4160,6760,243,148,0,63
retail_frame=3820 camera=-23527,3154,2435,0,0,0 player=-23527,3177,2435,0,64,252,30 wingmate=32665,3177,2435,0,64,252,30 targets=-26248,3798,8780,213,181,252,60/-/-/- projectiles=05F4,-25170,3871,5680,244,147,0,63
retail_frame=3824 camera=-23555,3153,2435,0,0,0 player=-23555,3177,2435,0,64,252,30 wingmate=32637,3177,2435,0,64,252,30 targets=-26148,3590,8752,212,180,252,60/-/-/- projectiles=05F4,-24901,3731,5140,244,147,0,63
retail_frame=3828 camera=-23583,3153,2435,0,0,0 player=-23583,3177,2435,0,64,252,30 wingmate=32609,3177,2435,0,64,252,30 targets=-26052,3382,8720,211,179,252,60/-/-/- projectiles=05F4,-24635,3595,4593,245,147,0,63
retail_frame=3832 camera=-23639,3153,2435,0,0,0 player=-23639,3177,2435,0,64,253,30 wingmate=-23639,3153,2435,0,64,253,30 targets=-25960,3170,8688,210,178,252,60/-/-/- projectiles=05F4,-24380,3465,4039,245,146,0,63
retail_frame=3836 camera=-23667,3153,2435,0,0,0 player=-23667,3177,2435,0,64,254,30 wingmate=32525,3177,2435,0,64,254,30 targets=-25796,2738,8624,208,176,252,60/-/-/- projectiles=05F4,-23882,3237,2921,247,145,0,63
retail_frame=3840 camera=-23695,3154,2435,0,0,0 player=-23695,3177,2435,0,64,254,30 wingmate=43,-20,-114,0,64,254,30 targets=-25724,2518,8592,207,175,252,60/-/-/- projectiles=05F4,-23798,3197,2697,249,143,0,63
retail_frame=3844 camera=-23723,3154,2435,0,0,0 player=-23723,3177,2435,0,64,255,30 wingmate=32469,3177,2435,0,64,255,30 targets=-25656,2298,8560,206,174,252,60/-/-/- projectiles=05F4,-23714,3157,2473,1,137,0,63
retail_frame=3848 camera=-23779,3155,2435,192,0,0 player=-23779,3177,2435,0,64,230,30 wingmate=32413,3177,2435,0,64,230,30 targets=-25588,2078,8528,206,173,252,60/-/-/- projectiles=05F4,-23666,3161,2237,1,137,0,63
retail_frame=3852 camera=-23807,3155,2435,96,0,0 player=-23807,3177,2435,0,64,234,30 wingmate=32385,3177,2435,0,64,234,30 targets=-25456,1638,8460,206,171,252,60/-/-/- projectiles=05F4,-23570,3169,1765,1,137,0,63
retail_frame=3856 camera=-23835,3156,2435,128,0,0 player=-23835,3177,2435,0,64,237,30 wingmate=32357,3177,2435,0,64,237,30 targets=-25392,1418,8424,206,170,252,60/-/-/- projectiles=043B,-25246,1620,7851,17,139,0,63;05F4,-23522,3173,1529,1,137,0,63
retail_frame=3860 camera=-23863,3157,2435,160,0,0 player=-23863,3177,2435,0,64,240,30 wingmate=32329,3177,2435,0,64,240,30 targets=-25300,1210,8372,212,170,252,60/-/-/- projectiles=043B,-25100,1813,7278,16,139,0,63;05F4,-23474,3177,1293,1,137,0,63
retail_frame=3864 camera=-23891,3157,2435,64,0,0 player=-23891,3177,2435,0,64,242,30 wingmate=32301,3177,2435,0,64,242,30 targets=-25188,1018,8304,217,170,252,60/-/-/- projectiles=043B,-24965,2004,6702,16,138,0,63;05F4,-23426,3181,1057,1,137,0,63
retail_frame=3868 camera=-23947,3158,2435,0,0,0 player=-23947,3177,2435,0,64,246,30 wingmate=32245,3177,2435,0,64,246,30 targets=-24920,678,8144,225,170,252,60/-/-/- projectiles=043B,-24830,2192,6126,16,138,0,63;05F4,-23378,3185,821,1,137,0,63
retail_frame=3872 camera=-23975,3158,2435,0,0,0 player=-23975,3177,2435,0,64,247,30 wingmate=32217,3177,2435,0,64,247,30 targets=-24768,530,8056,228,170,252,60/-/-/- projectiles=043B,-24569,2554,4963,15,138,0,63;05F4,-23282,3193,349,1,137,0,63
retail_frame=3876 camera=-24003,3159,2435,0,0,0 player=-24003,3177,2435,0,64,248,30 wingmate=32189,3177,2435,0,64,248,30 targets=-24608,394,7960,231,170,252,60/-/-/- projectiles=043B,-24441,2721,4380,14,137,0,63;05F4,-23234,3197,113,1,137,0,63
retail_frame=3880 camera=-24059,3159,2435,0,0,0 player=-24059,3177,2435,0,64,249,30 wingmate=-24059,3159,2435,0,64,249,30 targets=-24440,274,7860,234,170,252,60/-/-/- projectiles=043B,-24318,2885,3794,14,137,0,63;05F4,-23186,3201,-123,1,137,0,63
retail_frame=3884 camera=-24087,3159,2435,0,0,0 player=-24087,3177,2435,0,64,249,30 wingmate=32105,3177,2435,0,64,249,30 targets=-24092,66,7652,238,170,252,60/-/-/- projectiles=043B,-24209,3039,3197,13,136,0,63;05F4,-23138,3205,-359,1,137,0,63
retail_frame=3888 camera=-24115,3159,2435,0,0,0 player=-24115,3177,2435,0,64,250,30 wingmate=17,26,-119,0,64,250,30 targets=-23912,-22,7544,240,170,252,60/-/-/- projectiles=043B,-24137,3167,2733,9,134,0,63;05F4,-23042,3213,-831,1,137,0,63
retail_frame=3892 camera=-24143,3158,2435,0,0,0 player=-24143,3177,2435,0,64,250,30 wingmate=17,26,-119,0,64,250,30 targets=-23728,-98,7436,242,170,252,60/-/-/- projectiles=043B,-24109,3219,2501,9,134,0,63;05F4,-22994,3217,-1067,1,137,0,63
retail_frame=3896 camera=-24171,3158,2435,32,0,0 player=-24171,3177,2435,0,64,30,30 wingmate=32021,3177,2435,0,64,30,30 targets=-23544,-170,7324,243,170,252,60/-/-/- projectiles=043B,-24081,3271,2269,9,134,0,63;05F4,-22946,3221,-1303,1,137,0,63
retail_frame=3900 camera=-24227,3157,2435,96,0,0 player=-24227,3177,2435,0,64,22,30 wingmate=31965,3177,2435,0,64,22,30 targets=-23168,-294,7100,245,170,252,60/-/-/- projectiles=043B,-24053,3323,2037,9,134,0,63
retail_frame=3904 camera=-24255,3157,2435,128,0,0 player=-24255,3177,2435,0,64,19,30 wingmate=31937,3177,2435,0,64,19,30 targets=-22976,-350,6988,246,170,252,60/-/-/- projectiles=043B,-23997,3427,1573,9,134,0,63
retail_frame=3908 camera=-24283,3156,2435,160,0,0 player=-24283,3177,2435,0,64,16,30 wingmate=31909,3177,2435,0,64,16,30 targets=-22784,-398,6876,247,170,252,60/-/-/- projectiles=05F4,-22931,21,6438,35,115,0,63;043B,-23969,3479,1341,9,134,0,63
retail_frame=3912 camera=-24311,3155,2435,64,0,0 player=-24311,3177,2435,0,64,14,30 wingmate=31881,3177,2435,0,64,14,30 targets=-22592,-442,6760,248,170,252,60/-/-/- projectiles=05F4,-23081,432,5991,34,115,0,63;043B,-23941,3531,1109,9,134,0,63
retail_frame=3916 camera=-24367,3154,2435,0,0,0 player=-24367,3177,2435,0,64,10,30 wingmate=31825,3177,2435,0,64,10,30 targets=-22208,-510,6528,250,170,252,60/-/-/- projectiles=05F4,-23234,838,5543,34,115,0,63;043B,-23913,3583,877,9,134,0,63
retail_frame=3920 camera=-24395,3154,2435,0,0,0 player=-24395,3177,2435,0,64,9,30 wingmate=31797,3177,2435,0,64,9,30 targets=-22012,-538,6412,251,170,252,60/-/-/- projectiles=05F4,-23558,1618,4636,32,114,0,63;043B,-23857,3687,413,9,134,0,63
retail_frame=3924 camera=-24423,3154,2435,0,0,0 player=-24423,3177,2435,0,64,8,30 wingmate=31769,3177,2435,0,64,8,30 targets=-21816,-558,6296,252,170,252,60/-/-/- projectiles=05F4,-23735,1998,4179,32,113,0,63;043B,-23829,3739,181,9,134,0,63
retail_frame=3928 camera=-24451,3153,2435,0,0,0 player=-24451,3177,2435,0,64,8,30 wingmate=31741,3177,2435,0,64,8,30 targets=-21620,-574,6180,253,170,252,60/-/-/- projectiles=05F4,-23922,2363,3711,30,113,0,63;043B,-23801,3791,-51,9,134,0,63
retail_frame=3932 camera=-24507,3153,2435,0,0,0 player=-24507,3177,2435,0,64,7,30 wingmate=31685,3177,2435,0,64,7,30 targets=-21424,-582,6064,254,170,252,60/-/-/- projectiles=05F4,-24122,2715,3240,29,112,0,63;043B,-23773,3843,-283,9,134,0,63
retail_frame=3936 camera=-24535,3153,2435,0,0,0 player=-24535,3177,2435,0,64,6,30 wingmate=-43,72,-90,0,64,6,30 targets=-21032,-586,5832,0,170,252,60/-/-/- projectiles=05F4,-24282,2999,2884,25,110,0,63;043B,-23717,3947,-747,9,134,0,63
retail_frame=3940 camera=-24563,3153,2435,0,0,0 player=-24563,3177,2435,0,64,6,30 wingmate=-50,61,-95,0,64,6,30 targets=-20836,-600,5716,0,170,253,60/-/-/- projectiles=05F4,-24362,3139,2704,21,108,0,63;043B,-23689,3999,-979,9,134,0,63
retail_frame=3944 camera=-24591,3154,2435,0,0,0 player=-24591,3177,2435,0,64,6,30 wingmate=31601,3177,2435,0,64,6,30 targets=-20640,-689,5600,0,170,254,60/-/-/- projectiles=05F4,-24458,3259,2516,21,108,0,63;043B,-23661,4051,-1211,9,134,0,63
retail_frame=3948 camera=-24619,3154,2435,0,0,0 player=-24647,3177,2435,0,64,6,30 wingmate=31573,3177,2435,0,64,6,30 targets=-20444,-780,5484,0,170,255,60/-/-/- projectiles=05F4,-24554,3379,2328,21,108,0,63
retail_frame=3952 camera=-24675,3155,2435,0,0,0 player=-24675,3177,2435,0,64,5,30 wingmate=31517,3177,2435,0,64,5,30 targets=-20052,-970,5252,0,170,0,60/-/-/- projectiles=05F4,-24650,3499,2140,21,108,0,63
retail_frame=3956 camera=-24703,3155,2435,0,0,0 player=-24703,3177,2435,0,64,5,30 wingmate=31489,3177,2435,0,64,5,30 targets=-19856,-1068,5136,0,170,0,60/-/-/- projectiles=05F4,-24842,3739,1764,21,108,0,63
retail_frame=3960 camera=-24731,3156,2435,0,0,0 player=-24731,3177,2435,0,64,4,30 wingmate=31461,3177,2435,0,64,4,30 targets=-19660,-1168,5020,0,170,0,60/-/-/- projectiles=05F4,-24938,3859,1576,21,108,0,63
retail_frame=3964 camera=-24787,3157,2435,0,0,0 player=-24787,3177,2435,0,64,4,30 wingmate=-24787,3157,2435,0,64,4,30 targets=-19464,-1270,4904,0,170,0,60/-/-/- projectiles=05F4,-25034,3979,1388,21,108,0,63
retail_frame=3968 camera=-24815,3158,2435,0,0,0 player=-24815,3177,2435,0,64,4,30 wingmate=31377,3177,2435,0,64,4,30 targets=-19072,-1478,4672,0,170,0,60/-/-/- projectiles=05F4,-25226,4219,1012,21,108,0,63
retail_frame=3972 camera=-24843,3158,2435,0,0,0 player=-24843,3177,2435,0,64,4,30 wingmate=31349,3177,2435,0,64,4,30 targets=-18876,-1585,4556,0,170,0,60/-/-/- projectiles=05F4,-25322,4339,824,21,108,0,63
retail_frame=3976 camera=-24871,3158,2435,0,0,0 player=-24871,3177,2435,0,64,3,30 wingmate=31321,3177,2435,0,64,3,30 targets=-18680,-1693,4440,0,170,0,60/-/-/- projectiles=05F4,-25418,4459,636,21,108,0,63
retail_frame=3980 camera=-24927,3159,2435,0,0,0 player=-24927,3177,2435,0,64,2,30 wingmate=31265,3177,2435,0,64,2,30 targets=-18288,-1803,4208,0,170,0,60/-/-/- projectiles=05F4,-25514,4579,448,21,108,0,63
retail_frame=3984 camera=-24955,3159,2435,0,0,0 player=-24955,3177,2435,0,64,2,30 wingmate=31237,3177,2435,0,64,2,30 targets=-18092,-2028,4092,0,170,0,60/-/-/- projectiles=05F4,-25706,4819,72,21,108,0,63
retail_frame=3988 camera=-24983,3159,2435,0,0,0 player=-24983,3177,2435,0,64,1,30 wingmate=31209,3177,2435,0,64,1,30 targets=-17896,-2142,3976,0,170,0,60/-/-/- projectiles=05F4,-25802,4939,-116,21,108,0,63
retail_frame=3992 camera=-25039,3158,2435,0,0,0 player=-25039,3177,2435,0,64,255,30 wingmate=-25039,3158,2435,0,64,255,30 targets=-17700,-2258,3860,0,170,0,60/-/-/- projectiles=05F4,-25898,5059,-304,21,108,0,63
retail_frame=3996 camera=-25067,3158,2435,0,0,0 player=-25067,3177,2435,0,64,254,30 wingmate=31125,3177,2435,0,64,254,30 targets=-17308,-2493,3628,0,170,0,60/-/-/- projectiles=05F4,-25994,5179,-492,21,108,0,63
retail_frame=4000 camera=-25095,3158,2435,0,0,0 player=-25095,3177,2435,0,64,254,30 wingmate=31097,3177,2435,0,64,254,30 targets=-17112,-2612,3512,0,170,0,60/-/-/- projectiles=-
retail_frame=4004 camera=-25151,3157,2435,0,0,0 player=-25151,3177,2435,0,64,253,30 wingmate=-25151,3157,2435,0,64,253,30 targets=-16916,-2732,3396,0,170,0,60/-/-/- projectiles=-
retail_frame=4008 camera=-25179,3156,2435,0,0,0 player=-25179,3177,2435,0,64,252,30 wingmate=31013,3177,2435,0,64,252,30 targets=-16524,-2975,3164,0,170,0,60/-/-/- projectiles=-
retail_frame=4012 camera=-25207,3155,2435,0,0,0 player=-25207,3177,2435,0,64,252,30 wingmate=30985,3177,2435,0,64,252,30 targets=-16328,-3098,3048,0,170,0,60/-/-/- projectiles=-
retail_frame=4016 camera=-25263,3154,2435,0,0,0 player=-25263,3177,2435,0,64,252,30 wingmate=-25263,3154,2435,0,64,252,30 targets=-16132,-3221,2932,0,170,0,60/-/-/- projectiles=-
retail_frame=4020 camera=-25291,3154,2435,0,0,0 player=-25291,3177,2435,0,64,253,30 wingmate=30901,3177,2435,0,64,253,30 targets=-15740,-3470,2700,0,170,2,60/-/-/- projectiles=-
retail_frame=4024 camera=-25319,3154,2435,0,0,0 player=-25319,3177,2435,0,64,253,30 wingmate=30873,3177,2435,0,64,253,30 targets=-15544,-3595,2584,0,170,3,60/-/-/- projectiles=-
retail_frame=4028 camera=-25375,3153,2435,0,0,0 player=-25375,3177,2435,0,64,254,30 wingmate=-25375,3153,2435,0,64,254,30 targets=-15344,-3721,2472,0,171,4,60/-/-/- projectiles=-
retail_frame=4032 camera=-25403,3153,2435,0,0,0 player=-25403,3177,2435,0,64,255,30 wingmate=30789,3177,2435,0,64,255,30 targets=-14936,-3973,2268,0,173,6,60/-/-/- projectiles=-
retail_frame=4036 camera=-25431,3153,2435,0,0,0 player=-25431,3177,2435,0,64,0,30 wingmate=30761,3177,2435,0,64,0,30 targets=-14728,-4099,2172,0,174,7,60/-/-/- projectiles=-
retail_frame=4040 camera=-25487,3154,2435,0,0,0 player=-25487,3177,2435,0,64,2,30 wingmate=-25487,3154,2435,0,64,2,30 targets=-14516,-4225,2088,0,176,8,60/-/-/- projectiles=-
retail_frame=4044 camera=-25515,3154,2435,0,0,0 player=-25515,3177,2435,0,64,2,30 wingmate=30677,3177,2435,0,64,2,30 targets=-14080,-4478,1956,0,180,10,60/-/-/- projectiles=-
retail_frame=4048 camera=-25543,3154,2435,0,0,0 player=-25543,3177,2435,0,64,3,30 wingmate=30649,3177,2435,0,64,3,30 targets=-13856,-4604,1904,0,182,11,60/-/-/- projectiles=-
retail_frame=4052 camera=-25599,3155,2435,0,0,0 player=-25599,3177,2435,0,64,4,30 wingmate=-25599,3155,2435,0,64,4,30 targets=-13628,-4730,1872,0,185,12,60/-/-/- projectiles=-
retail_frame=4056 camera=-25627,3156,2435,0,0,0 player=-25627,3177,2435,0,64,4,30 wingmate=30565,3177,2435,0,64,4,30 targets=-13164,-4982,1856,0,191,14,60/-/-/- projectiles=-
retail_frame=4060 camera=-25655,3157,2435,0,0,0 player=-25655,3177,2435,0,64,4,30 wingmate=30537,3177,2435,0,64,4,30 targets=-12932,-5107,1860,0,194,14,60/-/-/- projectiles=-
retail_frame=4064 camera=-25711,3158,2435,0,0,0 player=-25711,3177,2435,0,64,3,30 wingmate=-25711,3158,2435,0,64,3,30 targets=-12700,-5232,1884,0,197,14,60/-/-/- projectiles=-
retail_frame=4068 camera=-25739,3158,2435,0,0,0 player=-25739,3177,2435,0,64,3,30 wingmate=30453,3177,2435,0,64,3,30 targets=-12248,-5479,1980,0,203,14,60/-/-/- projectiles=-
retail_frame=4072 camera=-25767,3158,2435,0,0,0 player=-25767,3177,2435,0,64,2,30 wingmate=30425,3177,2435,0,64,2,30 targets=-12032,-5602,2052,0,206,14,60/-/-/- projectiles=-
retail_frame=4076 camera=-25823,3159,2435,0,0,0 player=-25823,3177,2435,0,64,1,30 wingmate=-25823,3159,2435,0,64,1,30 targets=-11820,-5724,2140,0,209,14,60/-/-/- projectiles=-
retail_frame=4080 camera=-25851,3159,2435,0,0,0 player=-25851,3177,2435,0,64,0,30 wingmate=30341,3177,2435,0,64,0,30 targets=-11420,-5965,2364,0,215,14,60/-/-/- projectiles=-
retail_frame=4084 camera=-25879,3159,2435,0,0,0 player=-25879,3177,2435,0,64,255,30 wingmate=30313,3177,2435,0,64,255,30 targets=-11236,-6084,2500,0,218,14,60/-/-/- projectiles=-
retail_frame=4088 camera=-25935,3158,2435,0,0,0 player=-25935,3177,2435,0,64,254,30 wingmate=-25935,3158,2435,0,64,254,30 targets=-11060,-6202,2648,0,221,14,60/-/-/- projectiles=-
retail_frame=4092 camera=-25963,3158,2435,0,0,0 player=-25963,3177,2435,0,64,253,30 wingmate=30229,3177,2435,0,64,253,30 targets=-10752,-6435,2984,0,227,14,60/-/-/- projectiles=-
retail_frame=4096 camera=-25991,3158,2435,0,0,0 player=-25991,3177,2435,0,64,253,30 wingmate=30201,3177,2435,0,64,253,30 targets=-10616,-6549,3168,0,230,14,60/-/-/- projectiles=-
retail_frame=4100 camera=-26047,3157,2435,0,0,0 player=-26047,3177,2435,0,64,252,30 wingmate=-26047,3157,2435,0,64,252,30 targets=-10496,-6662,3364,0,233,14,60/-/-/- projectiles=-
retail_frame=4104 camera=-26075,3156,2435,0,0,0 player=-26075,3177,2435,0,64,252,30 wingmate=30117,3177,2435,0,64,252,30 targets=-10304,-6884,3780,0,239,14,60/-/-/- projectiles=-
retail_frame=4108 camera=-26103,3155,2435,0,0,0 player=-26103,3177,2435,0,64,252,30 wingmate=30089,3177,2435,0,64,252,30 targets=-10232,-6992,3996,0,242,14,60/-/-/- projectiles=-
retail_frame=4112 camera=-26159,3154,2435,0,0,0 player=-26159,3177,2435,0,64,253,30 wingmate=-26159,3154,2435,0,64,253,30 targets=-10176,-7099,4220,0,245,14,60/-/-/- projectiles=-
retail_frame=4116 camera=-26187,3154,2435,0,0,0 player=-26187,3177,2435,0,64,254,30 wingmate=30005,3177,2435,0,64,254,30 targets=-10112,-7307,4680,0,251,14,60/-/-/- projectiles=-
retail_frame=4120 camera=-26215,3154,2435,0,0,0 player=-26215,3177,2435,0,64,254,30 wingmate=29977,3177,2435,0,64,254,30 targets=-10108,-7409,4912,0,254,14,60/-/-/- projectiles=-
retail_frame=4124 camera=-26271,3153,2435,0,0,0 player=-26271,3177,2435,0,64,0,30 wingmate=-26271,3153,2435,0,64,0,30 targets=-10108,-7509,5144,0,1,14,60/-/-/- projectiles=-
retail_frame=4128 camera=-26299,3153,2435,0,0,0 player=-26299,3177,2435,0,64,1,30 wingmate=29893,3177,2435,0,64,1,30 targets=-10156,-7703,5604,0,7,14,60/-/-/- projectiles=-
retail_frame=4132 camera=-26327,3153,2435,0,0,0 player=-26327,3177,2435,0,64,2,30 wingmate=29865,3177,2435,0,64,2,30 targets=-10208,-7797,5828,0,10,14,60/-/-/- projectiles=-
retail_frame=4136 camera=-26383,3154,2435,0,0,0 player=-26383,3177,2435,0,64,3,30 wingmate=-26383,3154,2435,0,64,3,30 targets=-10276,-7888,6048,0,13,14,60/-/-/- projectiles=-
retail_frame=4140 camera=-26411,3154,2435,0,0,0 player=-26411,3177,2435,0,64,3,30 wingmate=29781,3177,2435,0,64,3,30 targets=-10460,-8064,6464,0,19,14,60/-/-/- projectiles=-
retail_frame=4144 camera=-26439,3154,2435,0,0,0 player=-26439,3177,2435,0,64,4,30 wingmate=29753,3177,2435,0,64,4,30 targets=-10576,-8149,6660,0,22,14,60/-/-/- projectiles=-
retail_frame=4148 camera=-26495,3155,2435,0,0,0 player=-26495,3177,2435,0,64,4,30 wingmate=-26495,3155,2435,0,64,4,30 targets=-10708,-8231,6848,0,25,14,60/-/-/- projectiles=-
retail_frame=4152 camera=-26523,3156,2435,0,0,0 player=-26523,3177,2435,0,64,4,30 wingmate=29669,3177,2435,0,64,4,30 targets=-11008,-8389,7188,0,31,14,60/-/-/- projectiles=-
retail_frame=4156 camera=-26551,3157,2435,0,0,0 player=-26551,3177,2435,0,64,3,30 wingmate=29641,3177,2435,0,64,3,30 targets=-11180,-8464,7340,0,34,14,60/-/-/- projectiles=-
retail_frame=4160 camera=-26607,3158,2435,0,0,0 player=-26607,3177,2435,0,64,2,30 wingmate=-26607,3158,2435,0,64,2,30 targets=-11360,-8537,7480,0,37,14,60/-/-/- projectiles=-
retail_frame=4164 camera=-26635,3158,2435,0,0,0 player=-26635,3177,2435,0,64,2,30 wingmate=29557,3177,2435,0,64,2,30 targets=-11752,-8674,7716,0,43,14,60/-/-/- projectiles=-
retail_frame=4168 camera=-26663,3158,2435,0,0,0 player=-26663,3177,2435,0,64,1,30 wingmate=29529,3177,2435,0,64,1,30 targets=-11960,-8739,7812,0,46,14,60/-/-/- projectiles=-
retail_frame=4172 camera=-26719,3159,2435,0,0,0 player=-26719,3177,2435,0,64,255,30 wingmate=-26719,3159,2435,0,64,255,30 targets=-12176,-8801,7892,0,49,14,60/-/-/- projectiles=-
retail_frame=4176 camera=-26747,3159,2435,0,0,0 player=-26747,3177,2435,0,64,254,30 wingmate=29445,3177,2435,0,64,254,30 targets=-12608,-8917,8052,0,49,12,60/-/-/- projectiles=-
retail_frame=4180 camera=-26775,3159,2435,0,0,0 player=-26775,3177,2435,0,64,254,30 wingmate=29417,3177,2435,0,64,254,30 targets=-12824,-8971,8132,0,49,11,60/-/-/- projectiles=-
retail_frame=4184 camera=-26831,3158,2435,0,0,0 player=-26831,3177,2435,0,64,253,30 wingmate=-26831,3158,2435,0,64,253,30 targets=-13040,-9022,8212,0,49,10,60/-/-/- projectiles=-
retail_frame=4188 camera=-26859,3158,2435,0,0,0 player=-26859,3177,2435,0,64,252,30 wingmate=29333,3177,2435,0,64,252,30 targets=-13472,-9115,8372,0,49,8,60/-/-/- projectiles=-
retail_frame=4192 camera=-26887,3158,2435,0,0,0 player=-26887,3177,2435,0,64,252,30 wingmate=29305,3177,2435,0,64,252,30 targets=-13688,-9157,8452,0,49,7,60/-/-/- projectiles=-
retail_frame=4196 camera=-26943,3157,2435,0,0,0 player=-26943,3177,2435,0,64,252,30 wingmate=-26943,3157,2435,0,64,252,30 targets=-13904,-9196,8532,0,49,6,60/-/-/- projectiles=-
retail_frame=4200 camera=-26971,3156,2435,0,0,0 player=-26971,3177,2435,0,64,253,30 wingmate=29221,3177,2435,0,64,253,30 targets=-14336,-9265,8692,0,49,4,60/-/-/- projectiles=-
retail_frame=4204 camera=-26999,3155,2435,0,0,0 player=-26999,3177,2435,0,64,253,30 wingmate=29193,3177,2435,0,64,253,30 targets=-14552,-9295,8772,0,49,3,60/-/-/- projectiles=-
retail_frame=4208 camera=-27055,3154,2435,0,0,0 player=-27055,3177,2435,0,64,254,30 wingmate=-27055,3154,2435,0,64,254,30 targets=-14768,-9322,8852,0,49,2,60/-/-/- projectiles=-
retail_frame=4212 camera=-27083,3154,2435,0,0,0 player=-27083,3177,2435,0,64,255,30 wingmate=29109,3177,2435,0,64,255,30 targets=-15200,-9367,9012,0,49,0,60/-/-/- projectiles=-
retail_frame=4216 camera=-27111,3154,2435,0,0,0 player=-27111,3177,2435,0,64,0,30 wingmate=29081,3177,2435,0,64,0,30 targets=-15428,-9385,9040,0,58,0,60/-/-/- projectiles=-
retail_frame=4220 camera=-27167,3153,2435,0,0,0 player=-27167,3177,2435,0,64,2,30 wingmate=-27167,3153,2435,0,64,2,30 targets=-15660,-9400,9040,0,64,0,60/-/-/- projectiles=-
retail_frame=4224 camera=-27195,3153,2435,0,0,0 player=-27195,3177,2435,0,64,2,30 wingmate=28997,3177,2435,0,64,2,30 targets=-16116,-9421,8972,0,73,0,60/-/-/- projectiles=-
retail_frame=4228 camera=-27223,3153,2435,0,0,0 player=-27223,3177,2435,0,64,3,30 wingmate=28969,3177,2435,0,64,3,30 targets=-16336,-9427,8912,0,76,0,60/-/-/- projectiles=-
retail_frame=4232 camera=-27279,3154,2435,0,0,0 player=-27279,3177,2435,0,64,4,30 wingmate=-27279,3154,2435,0,64,4,30 targets=-16552,-9430,8840,0,78,0,60/-/-/- projectiles=-
retail_frame=4236 camera=-27307,3154,2435,0,0,0 player=-27307,3177,2435,0,64,4,30 wingmate=28885,3177,2435,0,64,4,30 targets=-16976,-9427,8668,0,81,0,60/-/-/- projectiles=-
retail_frame=4240 camera=-27335,3154,2435,0,0,0 player=-27335,3177,2435,0,64,4,30 wingmate=28857,3177,2435,0,64,4,30 targets=-17184,-9421,8572,0,82,0,60/-/-/- projectiles=-
retail_frame=4244 camera=-27391,3155,2435,0,0,0 player=-27391,3177,2435,0,64,3,30 wingmate=-27391,3155,2435,0,64,3,30 targets=-17388,-9412,8472,0,83,0,60/-/-/- projectiles=-
retail_frame=4248 camera=-27419,3156,2435,0,0,0 player=-27419,3177,2435,0,64,3,30 wingmate=28773,3177,2435,0,64,3,30 targets=-17792,-9385,8256,0,85,0,60/-/-/- projectiles=-
retail_frame=4252 camera=-27447,3157,2435,0,0,0 player=-27447,3177,2435,0,64,2,30 wingmate=28745,3177,2435,0,64,2,30 targets=-17988,-9367,8140,0,86,0,60/-/-/- projectiles=-
retail_frame=4256 camera=-27503,3158,2435,0,0,0 player=-27503,3177,2435,0,64,1,30 wingmate=-27503,3158,2435,0,64,1,30 targets=-18184,-9346,8024,0,86,0,60/-/-/- projectiles=-
retail_frame=4260 camera=-27531,3158,2435,0,0,0 player=-27531,3177,2435,0,64,0,30 wingmate=28661,3177,2435,0,64,0,30 targets=-18576,-9295,7792,0,86,0,60/-/-/- projectiles=-
retail_frame=4264 camera=-27559,3158,2435,0,0,0 player=-27559,3177,2435,0,64,255,30 wingmate=28633,3177,2435,0,64,255,30 targets=-18772,-9265,7676,0,86,0,60/-/-/- projectiles=-
retail_frame=4268 camera=-27615,3159,2435,0,0,0 player=-27615,3177,2435,0,64,254,30 wingmate=-27615,3159,2435,0,64,254,30 targets=-18968,-9232,7560,0,86,0,60/-/-/- projectiles=-
retail_frame=4272 camera=-27643,3159,2435,0,0,0 player=-27643,3177,2435,0,64,253,30 wingmate=28549,3177,2435,0,64,253,30 targets=-19360,-9157,7328,0,86,0,60/-/-/- projectiles=-
retail_frame=4276 camera=-27671,3159,2435,0,0,0 player=-27671,3177,2435,0,64,253,30 wingmate=28521,3177,2435,0,64,253,30 targets=-19556,-9115,7212,0,86,0,60/-/-/- projectiles=-
retail_frame=4280 camera=-27727,3158,2435,0,0,0 player=-27727,3177,2435,0,64,252,30 wingmate=-27727,3158,2435,0,64,252,30 targets=-19752,-9070,7096,0,86,0,60/-/-/- projectiles=-
retail_frame=4284 camera=-27755,3158,2435,0,0,0 player=-27755,3177,2435,0,64,252,30 wingmate=28437,3177,2435,0,64,252,30 targets=-20144,-8971,6864,0,86,0,60/-/-/- projectiles=-
retail_frame=4288 camera=-27783,3158,2435,0,0,0 player=-27783,3177,2435,0,64,252,30 wingmate=28409,3177,2435,0,64,252,30 targets=-20340,-8917,6748,0,86,0,60/-/-/- projectiles=0672,-20533,-7970,6642,45,86,0,63
retail_frame=4292 camera=-27811,3157,2435,0,0,0 player=-27811,3177,2435,0,64,253,30 wingmate=28381,3177,2435,0,64,253,30 targets=-20536,-8860,6632,0,86,0,60/-/-/- projectiles=0672,-20832,-7447,6469,44,86,0,63
retail_frame=4296 camera=-27839,3157,2435,0,0,0 player=-27839,3177,2435,0,64,253,30 wingmate=28353,3177,2435,0,64,253,30 targets=-20732,-8801,6516,0,86,0,60/-/-/- projectiles=0672,-21131,-6924,6295,44,86,0,63
retail_frame=4300 camera=-27895,3155,2435,0,0,0 player=-27895,3177,2435,0,64,254,30 wingmate=-27895,3155,2435,0,64,254,30 targets=-20928,-8739,6400,0,86,0,60/-/-/- projectiles=0672,-21431,-6402,6122,44,86,0,63
retail_frame=4304 camera=-27923,3155,2435,0,0,0 player=-27923,3177,2435,0,64,255,30 wingmate=28269,3177,2435,0,64,255,30 targets=-21328,-8607,6176,0,85,0,60/-/-/- projectiles=0672,-22036,-5363,5777,44,85,0,63
retail_frame=4308 camera=-27951,3154,2435,0,0,0 player=-27951,3177,2435,0,64,0,30 wingmate=28241,3177,2435,0,64,0,30 targets=-21528,-8537,6064,0,85,0,60/-/-/- projectiles=0672,-22342,-4846,5605,44,85,0,63
retail_frame=4312 camera=-27979,3154,2435,0,0,0 player=-27979,3177,2435,0,64,1,30 wingmate=28213,3177,2435,0,64,1,30 targets=-21728,-8464,5952,0,85,0,60/-/-/- projectiles=0672,-22656,-4333,5429,43,85,0,63
retail_frame=4316 camera=-28007,3154,2435,0,0,0 player=-28035,3177,2435,0,64,2,30 wingmate=-28035,3153,2435,0,64,2,30 targets=-21928,-8389,5840,0,85,0,60/-/-/- projectiles=0672,-22973,-3823,5253,43,85,0,63
retail_frame=4320 camera=-28063,3153,2435,0,0,0 player=-28063,3177,2435,0,64,3,30 wingmate=28129,3177,2435,0,64,3,30 targets=-22328,-8231,5616,0,85,0,60/-/-/- projectiles=0672,-23613,-2808,4901,43,85,0,63
retail_frame=4324 camera=-28091,3153,2435,0,0,0 player=-28091,3177,2435,0,64,3,30 wingmate=28101,3177,2435,0,64,3,30 targets=-22528,-8149,5504,0,85,0,60/-/-/- projectiles=0672,-23940,-2308,4718,42,85,0,63
retail_frame=4328 camera=-28119,3153,2435,0,0,0 player=-28119,3177,2435,0,64,4,30 wingmate=28073,3177,2435,0,64,4,30 targets=-22728,-8064,5392,0,85,0,60/-/-/- projectiles=0672,-24270,-1809,4535,42,85,0,63
retail_frame=4332 camera=-28175,3154,2435,0,0,0 player=-28175,3177,2435,0,64,4,30 wingmate=-28175,3154,2435,0,64,4,30 targets=-22928,-7977,5280,0,85,0,60/-/-/- projectiles=0672,-24603,-1312,4352,42,85,0,63
retail_frame=4336 camera=-28203,3154,2435,0,0,0 player=-28203,3177,2435,0,64,4,30 wingmate=27989,3177,2435,0,64,4,30 targets=-23332,-7888,5064,0,84,0,60/-/-/- projectiles=0672,-24943,-822,4169,41,84,0,63
retail_frame=4340 camera=-28231,3154,2435,0,0,0 player=-28231,3177,2435,0,64,3,30 wingmate=27961,3177,2435,0,64,3,30 targets=-23536,-7703,4960,0,84,0,60/-/-/- projectiles=05F4,-23411,-7206,5016,50,84,0,63;0672,-25286,-335,3986,41,84,0,63
retail_frame=4344 camera=-28259,3155,2435,0,0,0 player=-28259,3177,2435,0,64,3,30 wingmate=27933,3177,2435,0,64,3,30 targets=-23740,-7607,4856,0,84,0,60/-/-/- projectiles=05F4,-23822,-6182,4799,50,84,0,63;0672,-25790,329,3719,41,84,0,63
retail_frame=4348 camera=-28287,3155,2435,0,0,0 player=-28287,3177,2435,0,64,2,30 wingmate=27905,3177,2435,0,64,2,30 targets=-23944,-7509,4752,0,84,0,60/-/-/- projectiles=05F4,-24056,-5615,4676,50,84,0,63;0672,-26356,1090,3427,39,84,0,63
retail_frame=4352 camera=-28315,3156,2435,0,0,0 player=-28315,3177,2435,0,64,2,30 wingmate=27877,3177,2435,0,64,2,30 targets=-24148,-7409,4648,0,84,2,60/-/-/- projectiles=05F4,-24297,-5050,4549,49,84,0,63;0672,-26729,1551,3241,39,83,0,63
retail_frame=4356 camera=-28343,3157,2435,0,0,0 player=-28343,3177,2435,0,64,1,30 wingmate=27849,3177,2435,0,64,1,30 targets=-24352,-7307,4544,0,84,3,60/-/-/- projectiles=05F4,-24539,-4485,4422,49,84,0,63;0672,-27112,2006,3048,38,83,0,63
retail_frame=4360 camera=-28371,3157,2435,0,0,0 player=-28371,3177,2435,0,64,0,30 wingmate=27821,3177,2435,0,64,0,30 targets=-24552,-7204,4432,0,85,4,60/-/-/- projectiles=05F4,-24783,-3923,4295,49,84,0,63;0672,-27512,2441,2851,36,83,0,63
retail_frame=4364 camera=-28399,3158,2435,0,0,0 player=-28427,3177,2435,0,64,254,30 wingmate=27793,3177,2435,0,64,254,30 targets=-24748,-7099,4316,0,86,5,60/-/-/- projectiles=05F4,-25030,-3361,4166,49,84,0,63;0672,-27660,2625,2783,34,82,0,63
retail_frame=4368 camera=-28455,3158,2435,0,0,0 player=-28455,3177,2435,0,64,254,30 wingmate=-28455,3158,2435,0,64,254,30 targets=-24944,-6992,4196,0,87,6,60/-/-/- projectiles=05F4,-25284,-2805,4036,48,84,0,63;0672,-27808,2809,2715,33,82,0,63
retail_frame=4372 camera=-28483,3159,2435,0,0,0 player=-28483,3177,2435,0,64,253,30 wingmate=27709,3177,2435,0,64,253,30 targets=-25320,-6774,3936,0,90,8,60/-/-/- projectiles=05F4,-25721,-1926,3816,48,83,0,63;0672,-27960,2985,2647,33,82,0,63
retail_frame=4376 camera=-28511,3159,2435,0,0,0 player=-28511,3177,2435,0,64,253,30 wingmate=-91,74,-40,0,64,253,30 targets=-25496,-6662,3792,0,92,9,60/-/-/- projectiles=05F4,-26064,-1146,3646,48,83,0,63;0672,-28292,3305,2503,26,81,0,63
retail_frame=4380 camera=-28539,3159,2435,0,0,0 player=-28539,3177,2435,0,64,252,30 wingmate=-118,14,-35,0,64,252,30 targets=-25668,-6549,3640,0,94,10,60/-/-/- projectiles=05F4,-26334,-597,3509,47,83,0,63;0672,-28472,3449,2427,5,76,0,63
retail_frame=4384 camera=-28567,3159,2435,0,0,0 player=-28567,3177,2435,0,64,252,30 wingmate=27625,3177,2435,0,64,252,30 targets=-25828,-6435,3480,0,96,11,60/-/-/- projectiles=05F4,-26608,-51,3372,47,83,0,63;0672,-28704,3477,2363,5,76,0,63
retail_frame=4388 camera=-28595,3159,2435,0,0,0 player=-28623,3177,2435,0,64,252,30 wingmate=27597,3177,2435,0,64,252,30 targets=-25976,-6319,3304,0,99,12,60/-/-/- projectiles=05F4,-26895,488,3239,46,82,0,63;0672,-28936,3505,2299,5,76,0,63
retail_frame=4392 camera=-28651,3158,2435,0,0,0 player=-28651,3177,2435,0,64,253,30 wingmate=27541,3177,2435,0,64,253,30 targets=-26232,-6202,2924,0,105,14,60/-/-/- projectiles=05F4,-27188,1021,3104,46,82,0,63;0672,-29168,3533,2235,5,76,0,63
retail_frame=4396 camera=-28679,3158,2435,0,0,0 player=-28679,3177,2435,0,64,253,30 wingmate=27513,3177,2435,0,64,253,30 targets=-26336,-5965,2720,0,108,15,60/-/-/- projectiles=05F4,-27817,2061,2821,44,81,0,63;0672,-29632,3589,2107,5,76,0,63
retail_frame=4400 camera=-28707,3157,2435,0,0,0 player=-28707,3177,2435,0,64,254,30 wingmate=-59,106,-26,0,64,254,30 targets=-26420,-5845,2508,0,112,16,60/-/-/- projectiles=05F4,-27929,2273,2773,41,81,0,63;0672,-29864,3617,2043,5,76,0,63
retail_frame=4404 camera=-28735,3157,2435,0,0,0 player=-28735,3177,2435,0,64,254,30 wingmate=27457,3177,2435,0,64,254,30 targets=-26480,-5724,2288,0,116,17,60/-/-/- projectiles=05F4,-28045,2481,2721,41,81,0,63;0672,-30096,3645,1979,5,76,0,63
retail_frame=4408 camera=-28763,3156,2435,0,0,0 player=-28791,3177,2435,0,64,0,30 wingmate=-28791,3155,2435,0,64,0,30 targets=-26520,-5602,2060,0,120,17,60/-/-/- projectiles=05F4,-28161,2689,2669,40,80,0,63;0672,-30328,3673,1915,5,76,0,63
retail_frame=4412 camera=-28819,3155,2435,0,0,0 player=-28819,3177,2435,0,64,1,30 wingmate=27373,3177,2435,0,64,1,30 targets=-26536,-5356,1596,0,128,17,60/-/-/- projectiles=05F4,-28285,2893,2621,40,80,0,63;0672,-30560,3701,1851,5,76,0,63
retail_frame=4416 camera=-28847,3154,2435,0,0,0 player=-28847,3177,2435,0,64,2,30 wingmate=-79,90,-30,0,64,2,30 targets=-26520,-5232,1364,0,132,17,60/-/-/- projectiles=05F4,-28565,3273,2517,33,79,0,63;0672,-31024,3757,1723,5,76,0,63
retail_frame=4420 camera=-28875,3154,2435,0,0,0 player=-28875,3177,2435,0,64,2,30 wingmate=27317,3177,2435,0,64,2,30 targets=-26480,-5107,1136,0,136,17,60/-/-/- projectiles=05F4,-28721,3449,2461,12,77,0,63;0672,-31256,3785,1659,5,76,0,63
retail_frame=4424 camera=-28903,3154,2435,0,0,0 player=-28903,3177,2435,0,64,3,30 wingmate=27289,3177,2435,0,64,3,30 targets=-26420,-4982,916,0,140,17,60/-/-/- projectiles=05F4,-28941,3517,2393,12,77,0,63;0672,-31488,3813,1595,5,76,0,63
retail_frame=4428 camera=-28959,3153,2435,0,0,0 player=-28959,3177,2435,0,64,4,30 wingmate=27233,3177,2435,0,64,4,30 targets=-26252,-4730,492,0,144,15,60/-/-/- projectiles=05F4,-29161,3585,2325,12,77,0,63;0672,-31720,3841,1531,5,76,0,63
retail_frame=4432 camera=-28987,3153,2435,0,0,0 player=-28987,3177,2435,0,64,4,30 wingmate=27205,3177,2435,0,64,4,30 targets=-26168,-4604,280,0,144,14,60/-/-/- projectiles=05F4,-29601,3721,2189,12,77,0,63;0672,-32184,3897,1403,5,76,0,63
retail_frame=4436 camera=-29015,3153,2435,0,0,0 player=-29015,3177,2435,0,64,4,30 wingmate=27177,3177,2435,0,64,4,30 targets=-26084,-4478,68,0,144,13,60/-/-/- projectiles=05F4,-29821,3789,2121,12,77,0,63
retail_frame=4440 camera=-29071,3154,2435,0,0,0 player=-29071,3177,2435,0,64,3,30 wingmate=27121,3177,2435,0,64,3,30 targets=-25916,-4352,-356,0,144,11,60/-/-/- projectiles=05F4,-30041,3857,2053,12,77,0,63
retail_frame=4444 camera=-29099,3154,2435,0,0,0 player=-29099,3177,2435,0,64,3,30 wingmate=27093,3177,2435,0,64,3,30 targets=-25832,-4099,-568,0,144,10,60/-/-/- projectiles=05F4,-30481,3993,1917,12,77,0,63
retail_frame=4448 camera=-29127,3154,2435,0,0,0 player=-29127,3177,2435,0,64,2,30 wingmate=27065,3177,2435,0,64,2,30 targets=-25748,-3973,-780,0,144,9,60/-/-/- projectiles=05F4,-30701,4061,1849,12,77,0,63
retail_frame=4452 camera=-29183,3155,2435,0,0,0 player=-29183,3177,2435,0,64,1,30 wingmate=-29183,3155,2435,0,64,1,30 targets=-25664,-3847,-992,0,144,8,60/-/-/- projectiles=05F4,-30921,4129,1781,12,77,0,63
retail_frame=4456 camera=-29211,3156,2435,0,0,0 player=-29211,3177,2435,0,64,0,30 wingmate=26981,3177,2435,0,64,0,30 targets=-25496,-3595,-1416,0,144,6,60/-/-/- projectiles=05F4,-31361,4265,1645,12,77,0,63
retail_frame=4460 camera=-29239,3157,2435,0,0,0 player=-29239,3177,2435,0,64,255,30 wingmate=26953,3177,2435,0,64,255,30 targets=-25412,-3470,-1628,0,144,5,60/-/-/- projectiles=05F4,-31581,4333,1577,12,77,0,63
retail_frame=4464 camera=-29267,3157,2435,0,0,0 player=-29267,3177,2435,0,64,254,30 wingmate=26925,3177,2435,0,64,254,30 targets=-25328,-3345,-1840,0,144,4,60/-/-/- projectiles=05F4,-31801,4401,1509,12,77,0,63
retail_frame=4468 camera=-29323,3158,2435,0,0,0 player=-29323,3177,2435,0,64,253,30 wingmate=26869,3177,2435,0,64,253,30 targets=-25160,-3221,-2264,0,144,2,60/-/-/- projectiles=05F4,-32021,4469,1441,12,77,0,63
retail_frame=4472 camera=-29351,3158,2435,0,0,0 player=-29351,3177,2435,0,64,253,30 wingmate=26841,3177,2435,0,64,253,30 targets=-25076,-2975,-2476,0,144,1,60/-/-/- projectiles=05F4,-32241,4537,1373,12,77,0,63
retail_frame=4476 camera=-29379,3159,2435,0,0,0 player=-29379,3177,2435,0,64,252,30 wingmate=26813,3177,2435,0,64,252,30 targets=-24992,-2853,-2688,0,144,0,60/-/-/- projectiles=-
retail_frame=4480 camera=-29407,3159,2435,0,0,0 player=-29407,3177,2435,0,64,252,30 wingmate=26785,3177,2435,0,64,252,30 targets=-24908,-2732,-2900,0,144,0,60/-/-/- projectiles=-
retail_frame=4484 camera=-29435,3159,2435,0,0,0 player=-29463,3177,2435,0,64,252,30 wingmate=-29463,3159,2435,0,64,252,30 targets=-24824,-2612,-3112,0,144,0,60/-/-/- projectiles=-
retail_frame=4488 camera=-29491,3159,2435,0,0,0 player=-29491,3177,2435,0,64,253,30 wingmate=26701,3177,2435,0,64,253,30 targets=-24656,-2493,-3536,0,144,0,60/-/-/- projectiles=-
retail_frame=4492 camera=-29519,3158,2435,0,0,0 player=-29519,3177,2435,0,64,253,30 wingmate=26673,3177,2435,0,64,253,30 targets=-24572,-2258,-3748,0,144,0,60/-/-/- projectiles=-
retail_frame=4496 camera=-29547,3158,2435,0,0,0 player=-29547,3177,2435,0,64,254,30 wingmate=26645,3177,2435,0,64,254,30 targets=-24488,-2142,-3960,0,144,0,60/-/-/- projectiles=-
retail_frame=4500 camera=-29575,3158,2435,0,0,0 player=-29575,3177,2435,0,64,254,30 wingmate=26617,3177,2435,0,64,254,30 targets=-24404,-2028,-4172,0,144,0,60/-/-/- projectiles=-
retail_frame=4504 camera=-29603,3157,2435,0,0,0 player=-29631,3177,2435,0,64,0,30 wingmate=26589,3177,2435,0,64,0,30 targets=-24320,-1915,-4384,0,144,0,60/-/-/- projectiles=-
retail_frame=4508 camera=-29659,3156,2435,0,0,0 player=-29659,3177,2435,0,64,1,30 wingmate=26533,3177,2435,0,64,1,30 targets=-24152,-1803,-4808,0,144,0,60/-/-/- projectiles=-
retail_frame=4512 camera=-29687,3155,2435,0,0,0 player=-29687,3177,2435,0,64,2,30 wingmate=26505,3177,2435,0,64,2,30 targets=-24068,-1585,-5020,0,144,1,60/-/-/- projectiles=-
retail_frame=4516 camera=-29715,3155,2435,0,0,0 player=-29715,3177,2435,0,64,2,30 wingmate=26477,3177,2435,0,64,2,30 targets=-23984,-1478,-5232,0,144,2,60/-/-/- projectiles=-
retail_frame=4520 camera=-29743,3154,2435,0,0,0 player=-29743,3177,2435,0,64,3,30 wingmate=26449,3177,2435,0,64,3,30 targets=-23900,-1373,-5444,0,144,3,60/-/-/- projectiles=-
retail_frame=4524 camera=-29799,3154,2435,0,0,0 player=-29799,3177,2435,0,64,4,30 wingmate=-29799,3154,2435,0,64,4,30 targets=-23812,-1270,-5656,0,145,4,60/-/-/- projectiles=-
retail_frame=4528 camera=-29827,3153,2435,0,0,0 player=-29827,3177,2435,0,64,4,30 wingmate=26365,3177,2435,0,64,4,30 targets=-23616,-1068,-6068,0,147,6,60/-/-/- projectiles=-
retail_frame=4532 camera=-29855,3153,2435,0,0,0 player=-29855,3177,2435,0,64,4,30 wingmate=26337,3177,2435,0,64,4,30 targets=-23512,-970,-6272,0,148,7,60/-/-/- projectiles=-
retail_frame=4536 camera=-29883,3153,2435,0,0,0 player=-29883,3177,2435,0,64,4,30 wingmate=26309,3177,2435,0,64,4,30 targets=-23396,-874,-6468,0,150,8,60/-/-/- projectiles=-
retail_frame=4540 camera=-29911,3153,2435,0,0,0 player=-29911,3177,2435,0,64,3,30 wingmate=26281,3177,2435,0,64,3,30 targets=-23272,-780,-6660,0,152,9,60/-/-/- projectiles=-
retail_frame=4544 camera=-29967,3154,2435,0,0,0 player=-29967,3177,2435,0,64,2,30 wingmate=-29967,3154,2435,0,64,2,30 targets=-23136,-689,-6844,0,154,10,60/-/-/- projectiles=-
retail_frame=4548 camera=-29995,3154,2435,0,0,0 player=-29995,3177,2435,0,64,2,30 wingmate=26197,3177,2435,0,64,2,30 targets=-22836,-513,-7184,0,159,12,60/-/-/- projectiles=-
retail_frame=4552 camera=-30023,3154,2435,0,0,0 player=-30023,3177,2435,0,64,1,30 wingmate=26169,3177,2435,0,64,1,30 targets=-22664,-428,-7336,0,162,13,60/-/-/- projectiles=-
retail_frame=4556 camera=-30051,3155,2435,0,0,0 player=-30051,3177,2435,0,64,0,30 wingmate=26141,3177,2435,0,64,0,30 targets=-22484,-346,-7476,0,165,13,60/-/-/- projectiles=-
retail_frame=4560 camera=-30079,3155,2435,0,0,0 player=-30079,3177,2435,0,64,255,30 wingmate=26113,3177,2435,0,64,255,30 targets=-22292,-266,-7600,0,168,13,60/-/-/- projectiles=-
retail_frame=4564 camera=-30135,3157,2435,0,0,0 player=-30135,3177,2435,0,64,254,30 wingmate=-30135,3157,2435,0,64,254,30 targets=-22092,-188,-7712,0,171,13,60/-/-/- projectiles=-
retail_frame=4568 camera=-30163,3157,2435,0,0,0 player=-30163,3177,2435,0,64,253,30 wingmate=26029,3177,2435,0,64,253,30 targets=-21668,-40,-7888,0,177,13,60/-/-/- projectiles=-
retail_frame=4572 camera=-30191,3158,2435,0,0,0 player=-30191,3177,2435,0,64,253,30 wingmate=26001,3177,2435,0,64,253,30 targets=-21448,30,-7948,0,180,13,60/-/-/- projectiles=-
retail_frame=4576 camera=-30219,3158,2435,0,0,0 player=-30219,3177,2435,0,64,252,30 wingmate=25973,3177,2435,0,64,252,30 targets=-21224,97,-7992,0,183,13,60/-/-/- projectiles=-
retail_frame=4580 camera=-30247,3158,2435,0,0,0 player=-30247,3177,2435,0,64,252,30 wingmate=25945,3177,2435,0,64,252,30 targets=-20996,162,-8020,0,186,13,60/-/-/- projectiles=-
retail_frame=4584 camera=-30303,3159,2435,0,0,0 player=-30303,3177,2435,0,64,252,30 wingmate=-30303,3159,2435,0,64,252,30 targets=-20764,224,-8032,0,189,13,60/-/-/- projectiles=-
retail_frame=4588 camera=-30331,3159,2435,0,0,0 player=-30331,3177,2435,0,64,253,30 wingmate=25861,3177,2435,0,64,253,30 targets=-20300,340,-8020,0,195,13,60/-/-/- projectiles=-
retail_frame=4592 camera=-30359,3159,2435,0,0,0 player=-30359,3177,2435,0,64,253,30 wingmate=25833,3177,2435,0,64,253,30 targets=-20072,394,-7992,0,198,13,60/-/-/- projectiles=-
retail_frame=4596 camera=-30387,3159,2435,0,0,0 player=-30387,3177,2435,0,64,254,30 wingmate=25805,3177,2435,0,64,254,30 targets=-19848,445,-7948,0,201,13,60/-/-/- projectiles=-
retail_frame=4600 camera=-30415,3158,2435,0,0,0 player=-30415,3177,2435,0,64,254,30 wingmate=25777,3177,2435,0,64,254,30 targets=-19628,493,-7888,0,204,13,60/-/-/- projectiles=-
retail_frame=4604 camera=-30471,3158,2435,0,0,0 player=-30471,3177,2435,0,64,0,30 wingmate=-30471,3158,2435,0,64,0,30 targets=-19412,538,-7808,0,207,13,60/-/-/- projectiles=-
retail_frame=4608 camera=-30499,3157,2435,0,0,0 player=-30499,3177,2435,0,64,1,30 wingmate=25693,3177,2435,0,64,1,30 targets=-19004,580,-7600,0,213,13,60/-/-/- projectiles=-
retail_frame=4612 camera=-30527,3157,2435,0,0,0 player=-30527,3177,2435,0,64,2,30 wingmate=25665,3177,2435,0,64,2,30 targets=-18812,655,-7476,0,216,13,60/-/-/- projectiles=-
retail_frame=4616 camera=-30555,3156,2435,0,0,0 player=-30555,3177,2435,0,64,2,30 wingmate=25637,3177,2435,0,64,2,30 targets=-18632,688,-7336,0,219,13,60/-/-/- projectiles=-
retail_frame=4620 camera=-30583,3155,2435,0,0,0 player=-30583,3177,2435,0,64,3,30 wingmate=25609,3177,2435,0,64,3,30 targets=-18460,718,-7184,0,222,13,60/-/-/- projectiles=-
retail_frame=4624 camera=-30611,3155,2435,0,0,0 player=-30639,3177,2435,0,64,4,30 wingmate=25581,3177,2435,0,64,4,30 targets=-18304,745,-7020,0,225,13,60/-/-/- projectiles=-
retail_frame=4628 camera=-30667,3154,2435,0,0,0 player=-30667,3177,2435,0,64,4,30 wingmate=25525,3177,2435,0,64,4,30 targets=-18028,769,-6656,0,231,13,60/-/-/- projectiles=-
retail_frame=4632 camera=-30695,3154,2435,0,0,0 player=-30695,3177,2435,0,64,4,30 wingmate=25497,3177,2435,0,64,4,30 targets=-17912,808,-6460,0,234,13,60/-/-/- projectiles=-
retail_frame=4636 camera=-30723,3153,2435,0,0,0 player=-30723,3177,2435,0,64,4,30 wingmate=25469,3177,2435,0,64,4,30 targets=-17812,823,-6256,0,237,13,60/-/-/- projectiles=-
retail_frame=4640 camera=-30779,3153,2435,0,0,0 player=-30779,3177,2435,0,64,3,30 wingmate=-30779,3153,2435,0,64,3,30 targets=-17728,835,-6044,0,240,13,60/-/-/- projectiles=-
retail_frame=4644 camera=-30807,3153,2435,0,0,0 player=-30807,3177,2435,0,64,2,30 wingmate=25385,3177,2435,0,64,2,30 targets=-17608,850,-5600,0,246,13,60/-/-/- projectiles=-
retail_frame=4648 camera=-30835,3153,2435,0,0,0 player=-30835,3177,2435,0,64,2,30 wingmate=25357,3177,2435,0,64,2,30 targets=-17576,853,-5372,0,249,13,60/-/-/- projectiles=-
retail_frame=4652 camera=-30891,3154,2435,0,0,0 player=-30891,3177,2435,0,64,0,30 wingmate=-30891,3154,2435,0,64,0,30 targets=-17560,853,-5140,0,252,13,60/-/-/- projectiles=-
retail_frame=4656 camera=-30919,3154,2435,0,0,0 player=-30919,3177,2435,0,64,255,30 wingmate=25273,3177,2435,0,64,255,30 targets=-17564,844,-4676,0,2,13,60/-/-/- projectiles=-
retail_frame=4660 camera=-30947,3155,2435,0,0,0 player=-30947,3177,2435,0,64,254,30 wingmate=25245,3177,2435,0,64,254,30 targets=-17588,835,-4444,0,5,13,60/-/-/- projectiles=-
retail_frame=4664 camera=-31003,3156,2435,0,0,0 player=-31003,3177,2435,0,64,253,30 wingmate=-31003,3156,2435,0,64,253,30 targets=-17628,823,-4216,0,8,13,60/-/-/- projectiles=-
retail_frame=4668 camera=-31031,3157,2435,0,0,0 player=-31031,3177,2435,0,64,253,30 wingmate=25161,3177,2435,0,64,253,30 targets=-17756,790,-3776,0,14,13,60/-/-/- projectiles=-
retail_frame=4672 camera=-31059,3157,2435,0,0,0 player=-31059,3177,2435,0,64,252,30 wingmate=25133,3177,2435,0,64,252,30 targets=-17844,769,-3564,0,17,13,60/-/-/- projectiles=-
retail_frame=4676 camera=-31115,3158,2435,0,0,0 player=-31115,3177,2435,0,64,252,30 wingmate=-31115,3158,2435,0,64,252,30 targets=-17932,745,-3352,0,17,12,60/-/-/- projectiles=-
retail_frame=4680 camera=-31143,3158,2435,0,0,0 player=-31143,3177,2435,0,64,252,30 wingmate=25049,3177,2435,0,64,252,30 targets=-18108,688,-2928,0,17,10,60/-/-/- projectiles=-
retail_frame=4684 camera=-31171,3159,2435,0,0,0 player=-31171,3177,2435,0,64,253,30 wingmate=25021,3177,2435,0,64,253,30 targets=-18196,655,-2716,0,17,9,60/-/-/- projectiles=-
retail_frame=4688 camera=-31227,3159,2435,0,0,0 player=-31227,3177,2435,0,64,254,30 wingmate=-31227,3159,2435,0,64,254,30 targets=-18284,619,-2504,0,17,8,60/-/-/- projectiles=-
retail_frame=4692 camera=-31255,3159,2435,0,0,0 player=-31255,3177,2435,0,64,254,30 wingmate=24937,3177,2435,0,64,254,30 targets=-18460,538,-2080,0,17,6,60/-/-/- projectiles=-
retail_frame=4696 camera=-31283,3159,2435,0,0,0 player=-31283,3177,2435,0,64,255,30 wingmate=24909,3177,2435,0,64,255,30 targets=-18548,493,-1868,0,17,5,60/-/-/- projectiles=-
retail_frame=4700 camera=-31339,3158,2435,0,0,0 player=-31339,3177,2435,0,64,1,30 wingmate=-31339,3158,2435,0,64,1,30 targets=-18636,445,-1656,0,17,4,60/-/-/- projectiles=-
retail_frame=4704 camera=-31367,3158,2435,0,0,0 player=-31367,3177,2435,0,64,2,30 wingmate=24825,3177,2435,0,64,2,30 targets=-18812,340,-1232,0,17,2,60/-/-/- projectiles=-
retail_frame=4708 camera=-31395,3157,2435,0,0,0 player=-31395,3177,2435,0,64,2,30 wingmate=24797,3177,2435,0,64,2,30 targets=-18900,283,-1020,0,17,1,60/-/-/- projectiles=-
retail_frame=4712 camera=-31451,3156,2435,0,0,0 player=-31451,3177,2435,0,64,3,30 wingmate=-31451,3156,2435,0,64,3,30 targets=-18988,224,-808,0,17,0,60/-/-/- projectiles=-
retail_frame=4716 camera=-31479,3155,2435,0,0,0 player=-31479,3177,2435,0,64,4,30 wingmate=24713,3177,2435,0,64,4,30 targets=-19180,132,-408,245,19,4,60/-/-/- projectiles=-
retail_frame=4720 camera=-31507,3155,2435,0,0,0 player=-31507,3177,2435,0,64,4,30 wingmate=24685,3177,2435,0,64,4,30 targets=-19276,48,-220,241,20,4,60/-/-/- projectiles=-
retail_frame=4724 camera=-31563,3154,2435,0,0,0 player=-31563,3177,2435,0,64,4,30 wingmate=-31563,3154,2435,0,64,4,30 targets=-19376,-56,-40,237,21,4,60/-/-/- projectiles=-
retail_frame=4728 camera=-31591,3154,2435,0,0,0 player=-31591,3177,2435,0,64,3,30 wingmate=24601,3177,2435,0,64,3,30 targets=-19572,-312,288,231,23,4,60/-/-/- projectiles=-
retail_frame=4732 camera=-31619,3153,2435,0,0,0 player=-31619,3177,2435,0,64,3,30 wingmate=24573,3177,2435,0,64,3,30 targets=-19668,-460,436,228,24,4,60/-/-/- projectiles=-
retail_frame=4736 camera=-31675,3153,2435,0,0,0 player=-31675,3177,2435,0,64,2,30 wingmate=-31675,3153,2435,0,64,2,30 targets=-19764,-616,576,226,25,4,60/-/-/- projectiles=-
retail_frame=4740 camera=-31703,3153,2435,0,0,0 player=-31703,3177,2435,0,64,1,30 wingmate=24489,3177,2435,0,64,1,30 targets=-19952,-956,824,222,27,4,60/-/-/- projectiles=-
retail_frame=4744 camera=-31731,3153,2435,0,0,0 player=-31731,3177,2435,0,64,0,30 wingmate=24461,3177,2435,0,64,0,30 targets=-20044,-1136,936,220,28,4,60/-/-/- projectiles=-
retail_frame=4748 camera=-31787,3154,2435,0,0,0 player=-31787,3177,2435,0,64,254,30 wingmate=-31787,3154,2435,0,64,254,30 targets=-20136,-1320,1044,219,29,4,60/-/-/- projectiles=-
retail_frame=4752 camera=-31815,3154,2435,0,0,0 player=-31815,3177,2435,0,64,254,30 wingmate=24377,3177,2435,0,64,254,30 targets=-20312,-1700,1236,217,31,4,60/-/-/- projectiles=-
retail_frame=4756 camera=-31843,3155,2435,0,0,0 player=-31843,3177,2435,0,64,253,30 wingmate=24349,3177,2435,0,64,253,30 targets=-20400,-1896,1324,216,32,4,60/-/-/- projectiles=-
retail_frame=4760 camera=-31899,3156,2435,0,0,0 player=-31899,3177,2435,0,64,252,30 wingmate=-31899,3156,2435,0,64,252,30 targets=-20484,-2096,1404,215,33,4,60/-/-/- projectiles=-
retail_frame=4764 camera=-31927,3157,2435,0,0,0 player=-31927,3177,2435,0,64,252,30 wingmate=24265,3177,2435,0,64,252,30 targets=-20572,-2296,1480,214,34,4,60/-/-/- projectiles=0672,-21110,-1979,1519,27,61,0,63
retail_frame=4768 camera=-31955,3157,2435,0,0,0 player=-31955,3177,2435,0,64,252,30 wingmate=24237,3177,2435,0,64,252,30 targets=-20736,-2708,1620,212,36,4,60/-/-/- projectiles=0672,-22188,-1353,1597,27,61,0,63
retail_frame=4772 camera=-31983,3158,2435,0,0,0 player=-31983,3177,2435,0,64,252,30 wingmate=24209,3177,2435,0,64,252,30 targets=-20816,-2916,1684,211,37,4,60/-/-/- projectiles=0672,-22732,-1050,1636,26,61,0,63
retail_frame=4776 camera=-32011,3158,2435,0,0,0 player=-32039,3177,2435,0,64,253,30 wingmate=-32039,3158,2435,0,64,253,30 targets=-20892,-3128,1740,210,38,4,60/-/-/- projectiles=0672,-23277,-750,1675,26,61,0,63
retail_frame=4780 camera=-32067,3159,2435,0,0,0 player=-32067,3177,2435,0,64,254,30 wingmate=24125,3177,2435,0,64,254,30 targets=-21040,-3560,1840,208,40,4,60/-/-/- projectiles=0672,-24174,-301,1743,26,61,0,63
retail_frame=4784 camera=-32095,3159,2435,0,0,0 player=-32095,3177,2435,0,64,254,30 wingmate=24097,3177,2435,0,64,254,30 targets=-21108,-3780,1880,207,41,4,60/-/-/- projectiles=0672,-24917,129,1797,25,61,0,63
retail_frame=4788 camera=-32123,3159,2435,0,0,0 player=-32123,3177,2435,0,64,255,30 wingmate=24069,3177,2435,0,64,255,30 targets=-21172,-4000,1916,206,42,4,60/-/-/- projectiles=0672,-25466,416,1839,25,61,0,63
retail_frame=4792 camera=-32179,3159,2435,0,0,0 player=-32179,3177,2435,0,64,1,30 wingmate=-32179,3159,2435,0,64,1,30 targets=-21236,-4220,1952,206,43,4,60/-/-/- projectiles=0672,-26020,696,1881,24,61,0,63
retail_frame=4796 camera=-32207,3158,2435,0,0,0 player=-32207,3177,2435,0,64,2,30 wingmate=23985,3177,2435,0,64,2,30 targets=-21372,-4660,2016,206,45,4,60/-/-/- projectiles=0672,-27135,1239,1965,23,61,0,63
retail_frame=4800 camera=-32235,3158,2435,0,0,0 player=-32235,3177,2435,0,64,2,30 wingmate=23957,3177,2435,0,64,2,30 targets=-21440,-4880,2048,206,46,4,60/-/-/- projectiles=0672,-27696,1499,2007,23,61,0,63
retail_frame=4804 camera=-32263,3158,2435,0,0,0 player=-32291,3177,2435,0,64,3,30 wingmate=23929,3177,2435,0,64,3,30 targets=-21508,-5100,2076,206,47,4,60/-/-/- projectiles=0672,-28263,1752,2052,22,61,0,63
retail_frame=4808 camera=-32319,3157,2435,0,0,0 player=-32319,3177,2435,0,64,4,30 wingmate=23873,3177,2435,0,64,4,30 targets=-21648,-5540,2128,206,49,4,60/-/-/- projectiles=0672,-29198,2118,2130,21,61,0,63
retail_frame=4812 camera=-32347,3156,2435,0,0,0 player=-32347,3177,2435,0,64,4,30 wingmate=23845,3177,2435,0,64,4,30 targets=-21720,-5760,2152,206,50,4,60/-/-/- projectiles=05F4,-22154,-5317,2158,39,64,0,63;0672,-29777,2348,2177,20,61,0,63
retail_frame=4816 camera=-32375,3155,2435,0,0,0 player=-32375,3177,2435,0,64,4,30 wingmate=23817,3177,2435,0,64,4,30 targets=-21792,-5980,2172,206,51,4,60/-/-/- projectiles=05F4,-22590,-4874,2164,39,64,0,63;0672,-30579,2676,2241,18,60,0,63
retail_frame=4820 camera=-32403,3155,2435,0,0,0 player=-32403,3177,2435,0,64,4,30 wingmate=23789,3177,2435,0,64,4,30 targets=-21864,-6200,2192,206,52,4,60/-/-/- projectiles=05F4,-23028,-4433,2170,39,63,0,63;0672,-31169,2875,2295,17,60,0,63
retail_frame=4824 camera=-32431,3154,2435,0,0,0 player=-32431,3177,2435,0,64,3,30 wingmate=23761,3177,2435,0,64,3,30 targets=-21936,-6420,2208,206,53,4,60/-/-/- projectiles=05F4,-23472,-3994,2176,38,63,0,63;0672,-31766,3050,2350,15,60,0,63
retail_frame=4828 camera=-32459,3154,2435,0,0,0 player=-32459,3177,2435,0,64,3,30 wingmate=23733,3177,2435,0,64,3,30 targets=-22008,-6640,2224,206,54,4,60/-/-/- projectiles=05F4,-23917,-3557,2182,38,63,0,63;0672,-32002,3114,2366,10,59,0,63
retail_frame=4832 camera=-32515,3153,2435,0,0,0 player=-32515,3177,2435,0,64,2,30 wingmate=-32515,3153,2435,0,64,2,30 targets=-22080,-6860,2236,206,55,4,60/-/-/- projectiles=05F4,-24364,-3123,2188,38,63,0,63;0672,-32238,3170,2390,10,59,0,63
retail_frame=4836 camera=-32543,3153,2435,0,0,0 player=-32543,3177,2435,0,64,1,30 wingmate=23649,3177,2435,0,64,1,30 targets=-22232,-7300,2256,206,57,4,60/-/-/- projectiles=05F4,-25267,-2268,2203,37,63,0,63;0672,-32474,3226,2414,253,56,0,63
retail_frame=4840 camera=-32571,3153,2435,0,0,0 player=-32571,3177,2435,0,64,0,30 wingmate=23621,3177,2435,0,64,0,30 targets=-22308,-7520,2264,206,58,4,60/-/-/- projectiles=05F4,-25724,-1845,2212,37,63,0,63
retail_frame=4844 camera=-32599,3153,2435,0,0,0 player=-32599,3177,2435,0,64,255,30 wingmate=23593,3177,2435,0,64,255,30 targets=-22384,-7740,2272,206,59,4,60/-/-/- projectiles=05F4,-26186,-1430,2221,36,63,0,63
retail_frame=4848 camera=-32655,3154,2435,0,0,0 player=-32655,3177,2435,0,64,254,30 wingmate=-32655,3154,2435,0,64,254,30 targets=-22460,-7960,2276,206,60,4,60/-/-/- projectiles=05F4,-26650,-1018,2230,36,63,0,63
retail_frame=4852 camera=-32683,3154,2435,0,0,0 player=-32683,3177,2435,0,64,253,30 wingmate=23509,3177,2435,0,64,253,30 targets=-22612,-8400,2280,206,62,4,60/-/-/- projectiles=05F4,-27591,-209,2248,35,63,0,63
retail_frame=4856 camera=-32711,3154,2435,0,0,0 player=-32711,3177,2435,0,64,253,30 wingmate=23481,3177,2435,0,64,253,30 targets=-22688,-8620,2280,206,63,4,60/-/-/- projectiles=05F4,-28076,185,2257,34,63,0,63
retail_frame=4860 camera=-32739,3155,2435,0,0,0 player=-32739,3177,2435,0,64,252,30 wingmate=23453,3177,2435,0,64,252,0 targets=-22764,-8840,2280,206,64,4,60/-/-/- projectiles=05F4,-28564,573,2268,34,63,0,63
retail_frame=4864 camera=32741,3156,2435,0,0,0 player=32741,3177,2435,0,64,252,30 wingmate=23397,3177,2435,0,64,252,30 targets=-22916,-9280,2280,206,66,4,60/-/-/- projectiles=05F4,-29059,948,2280,33,63,0,63
retail_frame=4868 camera=32713,3157,2435,0,0,0 player=32713,3177,2435,0,64,252,30 wingmate=23369,3177,2435,0,64,252,30 targets=-22916,-9280,2280,206,66,4,60/-/-/- projectiles=043B,-23260,-8758,2281,46,64,0,63;05F4,-29561,1315,2292,32,63,0,63
retail_frame=4872 camera=32685,3157,2435,0,0,0 player=32685,3177,2435,0,64,253,30 wingmate=23341,3177,2435,0,64,253,30 targets=-23068,-9720,2272,206,68,4,60/-/-/- projectiles=043B,-23952,-7717,2283,46,64,0,63;05F4,-30070,1670,2304,31,63,0,63
retail_frame=4876 camera=32657,3158,2435,0,0,0 player=32657,3177,2435,0,64,253,30 wingmate=23313,3177,2435,0,64,253,30 targets=-23144,-9940,2264,206,69,4,60/-/-/- projectiles=043B,-24300,-7199,2286,46,64,0,63;05F4,-31112,2345,2338,29,62,0,63
retail_frame=4880 camera=32629,3158,2435,0,0,0 player=32629,3177,2435,0,64,254,30 wingmate=23285,3177,2435,0,64,254,30 targets=-23220,-10160,2256,206,70,4,60/-/-/- projectiles=043B,-24650,-6682,2289,46,64,0,63;05F4,-31652,2656,2360,27,62,0,63
retail_frame=4884 camera=32601,3158,2435,0,0,0 player=32601,3177,2435,0,64,254,30 wingmate=23257,3177,2435,0,64,254,30 targets=-23296,-10380,2248,206,71,4,60/-/-/- projectiles=043B,-25007,-6171,2292,45,64,0,63;05F4,-32206,2933,2383,24,62,0,63
retail_frame=4888 camera=32573,3159,2435,0,0,0 player=32573,3177,2435,0,64,255,30 wingmate=23229,3177,2435,0,64,255,30 targets=-23372,-10600,2236,206,72,4,60/-/-/- projectiles=043B,-25364,-5661,2295,45,64,0,63;05F4,-32422,3049,2387,19,61,0,63
retail_frame=4892 camera=32517,3159,2435,0,0,0 player=32517,3177,2435,0,64,1,30 wingmate=32517,3159,2435,0,64,1,30 targets=-23444,-10820,2224,206,73,4,60/-/-/- projectiles=043B,-25724,-5153,2298,45,64,0,63;05F4,-32638,3161,2399,19,61,0,63
retail_frame=4896 camera=32489,3159,2435,0,0,0 player=32489,3177,2435,0,64,2,30 wingmate=32489,3159,2435,0,64,2,30 targets=-23548,-11028,2204,212,73,4,60/-/-/- projectiles=043B,-26086,-4648,2301,45,64,0,63;05F4,32682,3273,2411,7,60,0,63
retail_frame=4900 camera=32461,3159,2435,0,0,0 player=32461,3177,2435,0,64,2,30 wingmate=23117,3177,2435,0,64,2,30 targets=-23820,-11400,2152,221,73,4,60/-/-/- projectiles=043B,-26819,-3642,2307,44,64,0,63;05F4,32202,3353,2443,7,60,0,63
retail_frame=4904 camera=32433,3158,2435,0,0,0 player=32433,3177,2435,0,64,3,30 wingmate=23089,3177,2435,0,64,3,30 targets=-23980,-11560,2120,225,73,4,60/-/-/- projectiles=043B,-27192,-3143,2310,44,64,0,63;05F4,31962,3393,2459,7,60,0,63
retail_frame=4908 camera=32405,3158,2435,0,0,0 player=32405,3177,2435,0,64,3,30 wingmate=23061,3177,2435,0,64,3,30 targets=-24152,-11708,2084,228,73,4,60/-/-/- projectiles=043B,-27568,-2647,2313,44,64,0,63;05F4,31722,3433,2475,7,60,0,63
retail_frame=4912 camera=32377,3158,2435,0,0,0 player=32377,3177,2435,0,64,4,30 wingmate=23033,3177,2435,0,64,4,30 targets=-24332,-11844,2048,231,73,4,60/-/-/- projectiles=043B,-27955,-2158,2316,43,64,0,63;05F4,31482,3473,2491,7,60,0,63
retail_frame=4916 camera=32321,3157,2435,0,0,0 player=32321,3177,2435,0,64,4,30 wingmate=22977,3177,2435,0,64,4,30 targets=-24720,-12072,1968,236,73,4,60/-/-/- projectiles=043B,-28345,-1672,2319,43,64,0,63;05F4,31242,3513,2507,7,60,0,63
retail_frame=4920 camera=32293,3156,2435,0,0,0 player=32293,3177,2435,0,64,4,30 wingmate=22949,3177,2435,0,64,4,30 targets=-24920,-12172,1928,238,73,4,60/-/-/- projectiles=072F,25002,16620,2879,51,62,0,63;043B,-28742,-1193,2324,42,64,0,63;05F4,31002,3553,2523,7,60,0,63
retail_frame=4924 camera=32265,3155,2435,0,0,0 player=32265,3177,2435,0,64,3,30 wingmate=22921,3177,2435,0,64,3,30 targets=-25128,-12260,1888,240,73,4,60/-/-/- projectiles=072F,25379,15696,2860,204,190,0,63;043B,-29421,-456,2336,42,64,0,63;05F4,30762,3593,2539,7,60,0,63
retail_frame=4928 camera=32237,3155,2435,0,0,0 player=32237,3177,2435,0,64,3,30 wingmate=22893,3177,2435,0,64,3,30 targets=-25336,-12336,1844,242,73,4,60/-/-/- projectiles=072F,25629,15121,2846,204,190,0,63;043B,-29960,215,2342,41,64,0,63;05F4,30282,3673,2571,7,60,0,63
retail_frame=4932 camera=32209,3154,2435,0,0,0 player=32209,3177,2435,0,64,2,30 wingmate=22865,3177,2435,0,64,2,30 targets=-25548,-12408,1800,243,73,4,60/-/-/- projectiles=072F,25880,14547,2833,204,190,0,63;043B,-30380,668,2348,40,63,0,63;05F4,30042,3713,2587,7,60,0,63
retail_frame=4936 camera=32181,3154,2435,0,0,0 player=32181,3177,2435,0,64,2,30 wingmate=22837,3177,2435,0,64,2,30 targets=-25760,-12472,1756,244,73,4,60/-/-/- projectiles=072F,26131,13975,2819,204,190,0,63;043B,-30814,1111,2354,39,63,0,63;05F4,29802,3753,2603,7,60,0,63
retail_frame=4940 camera=32153,3154,2435,0,0,0 player=32153,3177,2435,0,64,1,30 wingmate=22809,3177,2435,0,64,1,30 targets=-25976,-12532,1712,245,73,4,60/-/-/- projectiles=072F,26383,13403,2804,204,190,0,63;043B,-31258,1548,2363,38,63,0,63;05F4,29562,3793,2619,7,60,0,63
retail_frame=4944 camera=32125,3153,2435,0,0,0 player=32125,3177,2435,0,64,0,30 wingmate=22781,3177,2435,0,64,0,30 targets=-26192,-12588,1668,246,73,4,60/-/-/- projectiles=072F,26637,12831,2789,204,190,0,63;043B,-31712,1972,2372,37,63,0,63;05F4,29322,3833,2635,7,60,0,63
retail_frame=4948 camera=32069,3153,2435,0,0,0 player=32069,3177,2435,0,64,254,30 wingmate=22725,3177,2435,0,64,254,30 targets=-26408,-12636,1624,247,73,4,60/-/-/- projectiles=072F,26891,12259,2774,204,190,0,63;043B,-32179,2380,2381,36,63,0,63;05F4,29082,3873,2651,7,60,0,63
retail_frame=4952 camera=32041,3153,2435,0,0,0 player=32041,3177,2435,0,64,254,30 wingmate=22697,3177,2435,0,64,254,30 targets=-26848,-12716,1536,249,73,4,60/-/-/- projectiles=072F,27150,11690,2759,205,190,0,63;043B,-32672,2754,2393,33,63,0,63;05F4,28842,3913,2667,7,60,0,63
retail_frame=4956 camera=32013,3153,2435,0,0,0 player=32013,3177,2435,0,64,253,30 wingmate=22669,3177,2435,0,64,253,30 targets=-27068,-12748,1492,250,73,4,60/-/-/- projectiles=072F,27672,10552,2729,205,190,0,63;043B,32496,3074,2401,29,62,0,63
retail_frame=4960 camera=31985,3154,2435,0,0,0 player=31985,3177,2435,0,64,253,30 wingmate=-99,74,4,0,64,253,30 targets=-27292,-12776,1448,251,73,4,60/-/-/- projectiles=072F,27936,9984,2714,205,190,0,63;043B,32300,3218,2405,26,62,0,63
retail_frame=4964 camera=31957,3154,2435,0,0,0 player=31957,3177,2435,0,64,252,30 wingmate=-121,23,8,0,64,252,30 targets=-27516,-12796,1404,252,73,4,60/-/-/- projectiles=072F,28200,9418,2699,205,190,0,63;043B,32104,3362,2409,8,61,0,63
retail_frame=4968 camera=31929,3154,2435,0,0,0 player=31929,3177,2435,0,64,252,30 wingmate=22585,3177,2435,0,64,252,30 targets=-27740,-12812,1360,253,73,4,60/-/-/- projectiles=072F,28467,8852,2684,205,190,0,63;043B,31864,3406,2421,8,61,0,63
retail_frame=4972 camera=31873,3155,2435,0,0,0 player=31873,3177,2435,0,64,252,30 wingmate=31873,3155,2435,0,64,252,30 targets=-27964,-12820,1316,254,73,4,60/-/-/- projectiles=072F,28734,8288,2669,205,190,0,63;043B,31624,3450,2433,8,61,0,63
retail_frame=4976 camera=31845,3156,2435,0,0,0 player=31845,3177,2435,0,64,253,30 wingmate=22501,3177,2435,0,64,253,30 targets=-28412,-12824,1228,55,55,4,60/-/-/- projectiles=072F,29012,7729,2651,206,190,0,63;043B,31384,3494,2445,8,61,0,63
retail_frame=4980 camera=31817,3157,2435,0,0,0 player=31817,3177,2435,0,64,253,30 wingmate=22473,3177,2435,0,64,253,30 targets=-28636,-11221,1184,0,73,3,60/-/-/- projectiles=05F4,26967,17847,3550,200,183,0,63;072F,29293,7171,2629,206,189,0,63;043B,31144,3538,2457,8,61,0,63
retail_frame=4984 camera=31789,3157,2435,0,0,0 player=31789,3177,2435,0,64,254,30 wingmate=22445,3177,2435,0,64,254,30 targets=-28860,-9819,1140,0,73,2,60/-/-/- projectiles=05F4,27289,16627,3474,200,183,0,63;072F,29574,6615,2607,206,189,0,63;043B,30904,3582,2469,8,61,0,63
retail_frame=4988 camera=31761,3158,2435,0,0,0 player=31761,3177,2435,0,64,254,30 wingmate=22417,3177,2435,0,64,254,30 targets=-29084,-8592,1096,0,73,1,60/-/-/- projectiles=05F4,27452,16017,3436,200,183,0,63;072F,30150,5509,2563,207,189,0,63;043B,30424,3670,2493,8,61,0,63
retail_frame=4992 camera=31733,3158,2435,0,0,0 player=31733,3177,2435,0,64,255,30 wingmate=22389,3177,2435,0,64,255,30 targets=-29308,-7518,1052,0,73,0,60/-/-/- projectiles=05F4,27615,15409,3398,200,183,0,63;072F,30447,4959,2541,207,189,0,63;043B,30184,3714,2505,8,61,0,63
retail_frame=4996 camera=31705,3158,2435,0,0,0 player=31705,3177,2435,0,64,0,30 wingmate=22361,3177,2435,0,64,0,30 targets=-29532,-6579,1008,0,73,0,60/-/-/- projectiles=05F4,27779,14802,3360,200,183,0,63;072F,30758,4419,2516,208,189,0,63;043B,29944,3758,2517,8,61,0,63
retail_frame=5000 camera=31677,3159,2435,0,0,0 player=31677,3177,2435,0,64,1,30 wingmate=22333,3177,2435,0,64,1,30 targets=-29756,-5757,964,0,73,0,60/-/-/- projectiles=05F4,27943,14195,3322,200,183,0,63;072F,30850,4191,2512,209,189,0,63;043B,29704,3802,2529,8,61,0,63
retail_frame=5004 camera=31649,3159,2435,0,0,0 player=31649,3177,2435,0,64,2,30 wingmate=22305,3177,2435,0,64,2,30 targets=-29980,-5038,920,0,73,0,60/-/-/- projectiles=05F4,28107,13588,3284,200,183,0,63;072F,30946,3963,2508,209,189,0,63;043B,29464,3846,2541,8,61,0,63
retail_frame=5008 camera=31593,3159,2435,0,0,0 player=31593,3177,2435,0,64,3,30 wingmate=31593,3159,2435,0,64,3,30 targets=-30204,-4409,876,0,73,0,60/-/-/- projectiles=05F4,28271,12981,3245,200,183,0,63;072F,31042,3735,2504,210,188,0,63;043B,29224,3890,2553,8,61,0,63
retail_frame=5012 camera=31565,3159,2435,0,0,0 player=31565,3177,2435,0,64,3,30 wingmate=22221,3177,2435,0,64,3,30 targets=-30652,-3376,788,0,73,0,60/-/-/- projectiles=05F4,28435,12374,3204,200,183,0,63;072F,31146,3511,2496,210,188,0,63;043B,28984,3934,2565,8,61,0,63
retail_frame=5016 camera=31537,3158,2435,0,0,0 player=31537,3177,2435,0,64,4,30 wingmate=67,-104,-8,0,64,4,30 targets=-30876,-2954,744,0,73,0,60/-/-/- projectiles=05F4,28766,11160,3122,200,183,0,63;072F,31382,3083,2476,216,187,0,63;043B,28504,4022,2589,8,61,0,63
retail_frame=5020 camera=31509,3158,2435,0,0,0 player=31509,3177,2435,0,64,4,30 wingmate=67,-104,-8,0,64,4,30 targets=-31100,-2585,700,0,73,0,60/-/-/- projectiles=05F4,28933,10553,3081,200,183,0,63;072F,31514,2879,2464,216,187,0,63;043B,28264,4066,2601,8,61,0,63
retail_frame=5024 camera=31481,3158,2435,0,0,0 player=31481,3177,2435,0,64,4,30 wingmate=22137,3177,2435,0,64,4,30 targets=-31324,-2262,656,0,73,0,60/-/-/- projectiles=05F4,29104,9950,3040,201,183,0,63;072F,31646,2675,2452,216,187,0,63
retail_frame=5028 camera=31453,3157,2435,0,0,0 player=31453,3177,2435,0,64,4,30 wingmate=22109,3177,2435,0,64,4,30 targets=-31548,-2042,612,0,73,0,60/-/-/- projectiles=05F4,29275,9347,2999,201,182,0,63;072F,31778,2471,2440,216,187,0,63
retail_frame=5032 camera=31425,3157,2435,0,0,0 player=31397,3177,2435,0,64,3,30 wingmate=22081,3177,2435,0,64,3,30 targets=-31772,-2107,568,0,73,0,60/-/-/- projectiles=05F4,29446,8747,2956,201,182,0,63;072F,31910,2267,2428,216,187,0,63
retail_frame=5036 camera=31369,3155,2435,0,0,0 player=31369,3177,2435,0,64,2,30 wingmate=31369,3155,2435,0,64,2,30 targets=-31996,-2174,524,0,73,0,60/-/-/- projectiles=05F4,29617,8147,2912,201,182,0,63;072F,32042,2063,2416,216,187,0,63
retail_frame=5040 camera=31341,3155,2435,0,0,0 player=31341,3177,2435,0,64,2,30 wingmate=21997,3177,2435,0,64,2,30 targets=-32444,-2317,436,0,73,0,60/-/-/- projectiles=05F4,29916,7187,2832,201,182,0,63;072F,32174,1859,2404,216,187,0,63
retail_frame=5044 camera=31313,3154,2435,0,0,0 player=31313,3177,2435,0,64,1,30 wingmate=21969,3177,2435,0,64,1,30 targets=-32668,-2392,392,0,73,0,60/-/-/- projectiles=05F4,30138,6347,2769,201,181,0,63;072F,32438,1451,2380,216,187,0,63
retail_frame=5048 camera=31285,3154,2435,0,0,0 player=31285,3177,2435,0,64,0,30 wingmate=21941,3177,2435,0,64,0,30 targets=32644,-2470,348,0,73,0,60/-/-/- projectiles=05F4,30314,5748,2718,201,181,0,63;072F,32570,1247,2368,216,187,0,63
retail_frame=5052 camera=31257,3154,2435,0,0,0 player=31257,3177,2435,0,64,255,30 wingmate=21913,3177,2435,0,64,255,30 targets=32420,-2550,304,0,73,0,60/-/-/- projectiles=05F4,30362,5508,2706,201,181,0,63;072F,32702,1043,2356,216,187,0,63
retail_frame=5056 camera=31229,3153,2435,0,0,0 player=31229,3177,2435,0,64,254,30 wingmate=21885,3177,2435,0,64,254,30 targets=32196,-2632,260,0,73,0,60/-/-/- projectiles=05F4,30410,5268,2694,202,180,0,63;072F,-32702,839,2344,216,187,0,63
retail_frame=5060 camera=31173,3153,2435,0,0,0 player=31173,3177,2435,0,64,253,30 wingmate=31173,3153,2435,0,64,253,30 targets=31972,-2717,216,0,73,0,60/-/-/- projectiles=05F4,30462,5028,2682,202,180,0,63;072F,-32570,635,2332,216,187,0,63
retail_frame=5064 camera=31145,3153,2435,0,0,0 player=31145,3177,2435,0,64,253,30 wingmate=30,-121,-9,0,64,253,30 targets=31524,-2893,128,0,73,0,60/-/-/- projectiles=05F4,30574,4548,2654,203,179,0,63;072F,-32306,227,2308,216,187,0,63
retail_frame=5068 camera=31117,3153,2435,0,0,0 player=31117,3177,2435,0,64,252,30 wingmate=32,-120,-11,0,64,252,30 targets=31300,-2984,84,0,73,0,60/-/-/- projectiles=05F4,30634,4308,2638,204,178,0,63;072F,-32174,23,2296,216,187,0,63
retail_frame=5072 camera=31089,3154,2435,0,0,0 player=31089,3177,2435,0,64,252,30 wingmate=21745,3177,2435,0,64,252,30 targets=31076,-3078,40,0,73,0,60/-/-/- projectiles=05F4,30698,4072,2618,204,178,0,63;072F,-32042,-181,2284,216,187,0,63
retail_frame=5076 camera=31061,3154,2435,0,0,0 player=31033,3177,2435,0,64,252,30 wingmate=21717,3177,2435,0,64,252,30 targets=30852,-3174,-4,0,73,0,60/-/-/- projectiles=05F4,30762,3836,2598,205,177,0,63
retail_frame=5080 camera=31005,3155,2435,0,0,0 player=31005,3177,2435,0,64,253,30 wingmate=21661,3177,2435,0,64,253,30 targets=30404,-3272,-92,0,73,0,60/-/-/- projectiles=05F4,30830,3600,2574,205,177,0,63
retail_frame=5084 camera=30977,3155,2435,0,0,0 player=30977,3177,2435,0,64,253,30 wingmate=36,-118,-18,0,64,253,30 targets=30180,-3474,-136,0,73,0,60/-/-/- projectiles=05F4,30970,3132,2514,206,173,0,63
retail_frame=5088 camera=30949,3156,2435,0,0,0 player=30949,3177,2435,0,64,254,30 wingmate=21605,3177,2435,0,64,254,30 targets=29956,-3577,-180,0,73,0,60/-/-/- projectiles=05F4,31042,2900,2478,206,173,0,63
retail_frame=5092 camera=30921,3157,2435,0,0,0 player=30921,3177,2435,0,64,254,30 wingmate=21577,3177,2435,0,64,254,30 targets=29732,-3682,-224,0,73,0,60/-/-/- projectiles=05F4,31114,2668,2442,206,173,0,63
retail_frame=5096 camera=30865,3158,2435,0,0,0 player=30865,3177,2435,0,64,0,30 wingmate=21521,3177,2435,0,64,0,30 targets=29284,-3789,-312,0,73,0,60/-/-/- projectiles=05F4,31186,2436,2406,206,173,0,63
retail_frame=5100 camera=30837,3158,2435,0,0,0 player=30837,3177,2435,0,64,1,30 wingmate=21493,3177,2435,0,64,1,30 targets=29060,-4007,-356,0,73,0,60/-/-/- projectiles=05F4,31330,1972,2334,206,173,0,63
retail_frame=5104 camera=30809,3158,2435,0,0,0 player=30809,3177,2435,0,64,2,30 wingmate=21465,3177,2435,0,64,2,30 targets=28836,-4119,-400,0,73,0,60/-/-/- projectiles=05F4,31402,1740,2298,206,173,0,63
retail_frame=5108 camera=30753,3159,2435,0,0,0 player=30753,3177,2435,0,64,3,30 wingmate=30753,3159,2435,0,64,3,30 targets=28612,-4232,-444,0,73,0,60/-/-/- projectiles=05F4,31474,1508,2262,206,173,0,63
retail_frame=5112 camera=30725,3159,2435,0,0,0 player=30725,3177,2435,0,64,3,30 wingmate=21381,3177,2435,0,64,3,30 targets=28164,-4462,-532,0,73,0,60/-/-/- projectiles=05F4,31618,1044,2190,206,173,0,63
retail_frame=5116 camera=30697,3159,2435,0,0,0 player=30697,3177,2435,0,64,4,30 wingmate=21353,3177,2435,0,64,4,30 targets=27940,-4579,-576,0,73,0,60/-/-/- projectiles=05F4,31690,812,2154,206,173,0,63
retail_frame=5120 camera=30669,3159,2435,0,0,0 player=30641,3177,2435,0,64,4,30 wingmate=21325,3177,2435,0,64,4,30 targets=27716,-4697,-620,0,73,0,60/-/-/- projectiles=05F4,31762,580,2118,206,173,0,63
retail_frame=5124 camera=30613,3158,2435,0,0,0 player=30613,3177,2435,0,64,4,30 wingmate=21269,3177,2435,0,64,4,30 targets=27268,-4936,-708,0,73,0,60/-/-/- projectiles=05F4,31834,348,2082,206,173,0,63
retail_frame=5128 camera=30585,3158,2435,0,0,0 player=30585,3177,2435,0,64,3,30 wingmate=21241,3177,2435,0,64,3,30 targets=27044,-5057,-752,0,73,0,60/-/-/- projectiles=05F4,31978,-116,2010,206,173,0,63
retail_frame=5132 camera=30557,3157,2435,0,0,0 player=30557,3177,2435,0,64,3,30 wingmate=21213,3177,2435,0,64,3,30 targets=26820,-5179,-796,0,73,0,60/-/-/- projectiles=05F4,32050,-348,1974,206,173,0,63
retail_frame=5136 camera=30501,3156,2435,0,0,0 player=30501,3177,2435,0,64,2,30 wingmate=21157,3177,2435,0,64,2,30 targets=26372,-5302,-884,0,73,0,60/-/-/- projectiles=-
retail_frame=5140 camera=30473,3155,2435,0,0,0 player=30473,3177,2435,0,64,1,30 wingmate=21129,3177,2435,0,64,1,30 targets=26148,-5549,-928,0,73,0,60/-/-/- projectiles=-
retail_frame=5144 camera=30445,3155,2435,0,0,0 player=30445,3177,2435,0,64,255,30 wingmate=21101,3177,2435,0,64,255,30 targets=25924,-5674,-972,0,73,0,60/-/-/- projectiles=-
retail_frame=5148 camera=30389,3154,2435,0,0,0 player=30389,3177,2435,0,64,254,30 wingmate=21045,3177,2435,0,64,254,30 targets=25476,-5925,-1060,0,73,0,60/-/-/- projectiles=-
retail_frame=5152 camera=30361,3154,2435,0,0,0 player=30361,3177,2435,0,64,254,30 wingmate=21017,3177,2435,0,64,254,30 targets=25252,-6051,-1104,0,73,0,60/-/-/- projectiles=-
retail_frame=5156 camera=30305,3153,2435,0,0,0 player=30305,3177,2435,0,64,253,30 wingmate=30305,3153,2435,0,64,253,30 targets=25028,-6177,-1148,0,73,0,60/-/-/- projectiles=-
retail_frame=5160 camera=30277,3153,2435,0,0,0 player=30277,3177,2435,0,64,252,30 wingmate=20933,3177,2435,0,64,252,30 targets=24580,-6429,-1236,0,73,0,60/-/-/- projectiles=-
retail_frame=5164 camera=30249,3153,2435,0,0,0 player=30249,3177,2435,0,64,252,30 wingmate=20905,3177,2435,0,64,252,30 targets=24356,-6556,-1280,0,73,0,60/-/-/- projectiles=-
retail_frame=5168 camera=30193,3154,2435,0,0,0 player=30193,3177,2435,0,64,252,30 wingmate=30193,3154,2435,0,64,252,30 targets=24132,-6682,-1324,0,73,0,60/-/-/- projectiles=-
retail_frame=5172 camera=30165,3154,2435,0,0,0 player=30165,3177,2435,0,64,253,30 wingmate=20821,3177,2435,0,64,253,30 targets=23684,-6934,-1412,0,73,0,60/-/-/- projectiles=-
retail_frame=5176 camera=30137,3154,2435,0,0,0 player=30137,3177,2435,0,64,253,30 wingmate=20793,3177,2435,0,64,253,30 targets=23460,-7060,-1456,0,73,0,60/-/-/- projectiles=-
retail_frame=5180 camera=30081,3155,2435,0,0,0 player=30081,3177,2435,0,64,254,30 wingmate=30081,3155,2435,0,64,254,30 targets=23236,-7186,-1500,0,73,0,60/-/-/- projectiles=-
retail_frame=5184 camera=30053,3156,2435,0,0,0 player=30053,3177,2435,0,64,255,30 wingmate=20709,3177,2435,0,64,255,30 targets=22788,-7436,-1588,0,73,0,60/-/-/- projectiles=-
retail_frame=5188 camera=30025,3157,2435,0,0,0 player=30025,3177,2435,0,64,0,30 wingmate=20681,3177,2435,0,64,0,30 targets=22564,-7560,-1632,0,73,1,60/-/-/- projectiles=-
retail_frame=5192 camera=29969,3158,2435,0,0,0 player=29969,3177,2435,0,64,2,30 wingmate=29969,3158,2435,0,64,2,30 targets=22340,-7683,-1676,0,73,2,60/-/-/- projectiles=-
retail_frame=5196 camera=29941,3158,2435,0,0,0 player=29941,3177,2435,0,64,2,30 wingmate=20597,3177,2435,0,64,2,30 targets=21892,-7928,-1772,0,74,4,60/-/-/- projectiles=-
retail_frame=5200 camera=29913,3158,2435,0,0,0 player=29913,3177,2435,0,64,3,30 wingmate=20569,3177,2435,0,64,3,30 targets=21668,-8049,-1828,0,75,5,60/-/-/- projectiles=-
retail_frame=5204 camera=29857,3159,2435,0,0,0 player=29857,3177,2435,0,64,4,30 wingmate=29857,3159,2435,0,64,4,30 targets=21448,-8169,-1888,0,76,6,60/-/-/- projectiles=-
retail_frame=5208 camera=29829,3159,2435,0,0,0 player=29829,3177,2435,0,64,4,30 wingmate=20485,3177,2435,0,64,4,30 targets=21012,-8406,-2036,0,79,8,60/-/-/- projectiles=-
retail_frame=5212 camera=29801,3159,2435,0,0,0 player=29801,3177,2435,0,64,4,30 wingmate=20457,3177,2435,0,64,4,30 targets=20800,-8523,-2124,0,81,9,60/-/-/- projectiles=-
retail_frame=5216 camera=29745,3158,2435,0,0,0 player=29745,3177,2435,0,64,3,30 wingmate=29745,3158,2435,0,64,3,30 targets=20596,-8639,-2224,0,83,10,60/-/-/- projectiles=-
retail_frame=5220 camera=29717,3158,2435,0,0,0 player=29717,3177,2435,0,64,3,30 wingmate=20373,3177,2435,0,64,3,30 targets=20200,-8866,-2456,0,87,11,60/-/-/- projectiles=-
retail_frame=5224 camera=29689,3158,2435,0,0,0 player=29689,3177,2435,0,64,2,30 wingmate=20345,3177,2435,0,64,2,30 targets=20012,-8978,-2588,0,89,11,60/-/-/- projectiles=-
retail_frame=5228 camera=29633,3157,2435,0,0,0 player=29633,3177,2435,0,64,1,30 wingmate=29633,3157,2435,0,64,1,30 targets=19832,-9088,-2728,0,91,11,60/-/-/- projectiles=-
retail_frame=5232 camera=29605,3156,2435,0,0,0 player=29605,3177,2435,0,64,0,30 wingmate=20261,3177,2435,0,64,0,30 targets=19492,-9303,-3032,0,95,11,60/-/-/- projectiles=-
retail_frame=5236 camera=29577,3155,2435,0,0,0 player=29577,3177,2435,0,64,255,30 wingmate=20233,3177,2435,0,64,255,30 targets=19336,-9408,-3196,0,97,11,60/-/-/- projectiles=-
retail_frame=5240 camera=29521,3154,2435,0,0,0 player=29521,3177,2435,0,64,254,30 wingmate=29521,3154,2435,0,64,254,30 targets=19188,-9511,-3372,0,99,11,60/-/-/- projectiles=-
retail_frame=5244 camera=29493,3154,2435,0,0,0 player=29493,3177,2435,0,64,253,30 wingmate=20149,3177,2435,0,64,253,30 targets=18916,-9713,-3740,0,103,11,60/-/-/- projectiles=-
retail_frame=5248 camera=29465,3154,2435,0,0,0 player=29465,3177,2435,0,64,253,30 wingmate=20121,3177,2435,0,64,253,30 targets=18796,-9811,-3936,0,105,11,60/-/-/- projectiles=-
retail_frame=5252 camera=29409,3153,2435,0,0,0 player=29409,3177,2435,0,64,252,30 wingmate=29409,3153,2435,0,64,252,30 targets=18684,-9907,-4136,0,107,11,60/-/-/- projectiles=-
retail_frame=5256 camera=29381,3153,2435,0,0,0 player=29381,3177,2435,0,64,252,30 wingmate=20037,3177,2435,0,64,252,30 targets=18496,-10092,-4552,0,111,11,60/-/-/- projectiles=-
retail_frame=5260 camera=29353,3153,2435,0,0,0 player=29353,3177,2435,0,64,252,30 wingmate=20009,3177,2435,0,64,252,30 targets=18416,-10181,-4768,0,113,11,60/-/-/- projectiles=-
retail_frame=5264 camera=29297,3154,2435,0,0,0 player=29297,3177,2435,0,64,253,30 wingmate=29297,3154,2435,0,64,253,30 targets=18348,-10268,-4988,0,115,11,60/-/-/- projectiles=-
retail_frame=5268 camera=29269,3154,2435,0,0,0 player=29269,3177,2435,0,64,254,30 wingmate=19925,3177,2435,0,64,254,30 targets=18248,-10435,-5436,0,119,11,60/-/-/- projectiles=-
retail_frame=5272 camera=29241,3154,2435,0,0,0 player=29241,3177,2435,0,64,254,30 wingmate=19897,3177,2435,0,64,254,30 targets=18216,-10515,-5664,0,121,11,60/-/-/- projectiles=-
retail_frame=5276 camera=29185,3155,2435,0,0,0 player=29185,3177,2435,0,64,0,30 wingmate=29185,3155,2435,0,64,0,30 targets=18192,-10593,-5896,0,123,11,60/-/-/- projectiles=-
retail_frame=5280 camera=29157,3156,2435,0,0,0 player=29157,3177,2435,0,64,1,30 wingmate=19813,3177,2435,0,64,1,30 targets=18180,-10741,-6360,0,127,11,60/-/-/- projectiles=-
retail_frame=5284 camera=29129,3157,2435,0,0,0 player=29129,3177,2435,0,64,2,30 wingmate=19785,3177,2435,0,64,2,30 targets=18180,-10811,-6592,0,129,11,60/-/-/- projectiles=-
retail_frame=5288 camera=29101,3157,2435,0,0,0 player=29101,3177,2435,0,64,2,30 wingmate=19757,3177,2435,0,64,2,30 targets=18192,-10878,-6824,0,131,11,60/-/-/- projectiles=-
retail_frame=5292 camera=29045,3158,2435,0,0,0 player=29045,3177,2435,0,64,3,30 wingmate=19701,3177,2435,0,64,3,30 targets=18248,-10943,-7284,0,135,11,60/-/-/- projectiles=-
retail_frame=5296 camera=29017,3158,2435,0,0,0 player=29017,3177,2435,0,64,4,30 wingmate=19673,3177,2435,0,64,4,30 targets=18292,-11064,-7508,0,137,11,60/-/-/- projectiles=-
retail_frame=5300 camera=28989,3159,2435,0,0,0 player=28989,3177,2435,0,64,4,30 wingmate=19645,3177,2435,0,64,4,30 targets=18348,-11121,-7732,0,139,11,60/-/-/- projectiles=-
retail_frame=5304 camera=28961,3159,2435,0,0,0 player=28961,3177,2435,0,64,4,30 wingmate=19617,3177,2435,0,64,4,30 targets=18416,-11175,-7952,0,141,11,60/-/-/- projectiles=-
retail_frame=5308 camera=28905,3159,2435,0,0,0 player=28905,3177,2435,0,64,3,30 wingmate=28905,3159,2435,0,64,3,30 targets=18496,-11226,-8168,0,143,11,60/-/-/- projectiles=-
retail_frame=5312 camera=28877,3159,2435,0,0,0 player=28877,3177,2435,0,64,3,30 wingmate=19533,3177,2435,0,64,3,30 targets=18684,-11319,-8584,0,147,11,60/-/-/- projectiles=-
retail_frame=5316 camera=28849,3158,2435,0,0,0 player=28849,3177,2435,0,64,2,30 wingmate=19505,3177,2435,0,64,2,30 targets=18796,-11361,-8784,0,149,11,60/-/-/- projectiles=-
retail_frame=5320 camera=28821,3158,2435,0,0,0 player=28821,3177,2435,0,64,2,30 wingmate=19477,3177,2435,0,64,2,30 targets=18916,-11400,-8980,0,151,11,60/-/-/- projectiles=-
retail_frame=5324 camera=28793,3158,2435,0,0,0 player=28793,3177,2435,0,64,1,30 wingmate=19449,3177,2435,0,64,1,30 targets=19048,-11436,-9168,0,153,11,60/-/-/- projectiles=-
retail_frame=5328 camera=28737,3157,2435,0,0,0 player=28737,3177,2435,0,64,255,30 wingmate=28737,3157,2435,0,64,255,30 targets=19188,-11469,-9348,0,155,11,60/-/-/- projectiles=-
retail_frame=5332 camera=28709,3156,2435,0,0,0 player=28709,3177,2435,0,64,254,30 wingmate=19365,3177,2435,0,64,254,30 targets=19492,-11526,-9688,0,159,11,60/-/-/- projectiles=-
retail_frame=5336 camera=28681,3155,2435,0,0,0 player=28681,3177,2435,0,64,254,30 wingmate=19337,3177,2435,0,64,254,30 targets=19656,-11550,-9844,0,161,11,60/-/-/- projectiles=-
retail_frame=5340 camera=28625,3154,2435,0,0,0 player=28625,3177,2435,0,64,253,30 wingmate=28625,3154,2435,0,64,253,30 targets=19832,-11571,-9992,0,163,11,60/-/-/- projectiles=-
retail_frame=5344 camera=28597,3154,2435,0,0,0 player=28597,3177,2435,0,64,252,30 wingmate=19253,3177,2435,0,64,252,30 targets=20200,-11604,-10264,0,167,11,60/-/-/- projectiles=-
retail_frame=5348 camera=28569,3154,2435,0,0,0 player=28569,3177,2435,0,64,252,30 wingmate=19225,3177,2435,0,64,252,30 targets=20396,-11616,-10384,0,169,11,60/-/-/- projectiles=-
retail_frame=5352 camera=28541,3153,2435,0,0,0 player=28541,3177,2435,0,64,252,30 wingmate=19197,3177,2435,0,64,252,30 targets=20596,-11625,-10496,0,171,11,60/-/-/- projectiles=-
retail_frame=5356 camera=28513,3153,2435,0,0,0 player=28513,3177,2435,0,64,252,30 wingmate=19169,3177,2435,0,64,252,30 targets=20800,-11631,-10596,0,173,11,60/-/-/- projectiles=-
retail_frame=5360 camera=28457,3153,2435,0,0,0 player=28457,3177,2435,0,64,253,30 wingmate=28457,3153,2435,0,64,253,30 targets=21012,-11634,-10684,0,175,11,60/-/-/- projectiles=-
retail_frame=5364 camera=28429,3153,2435,0,0,0 player=28429,3177,2435,0,64,254,30 wingmate=19085,3177,2435,0,64,254,30 targets=21448,-11631,-10832,0,179,11,60/-/-/- projectiles=-
retail_frame=5368 camera=28401,3154,2435,0,0,0 player=28401,3177,2435,0,64,254,30 wingmate=19057,3177,2435,0,64,254,30 targets=21672,-11625,-10888,0,181,11,60/-/-/- projectiles=-
retail_frame=5372 camera=28373,3154,2435,0,0,0 player=28373,3177,2435,0,64,255,30 wingmate=19029,3177,2435,0,64,255,30 targets=21896,-11616,-10932,0,183,11,60/-/-/- projectiles=-
retail_frame=5376 camera=28345,3154,2435,0,0,0 player=28317,3177,2435,0,64,1,30 wingmate=19001,3177,2435,0,64,1,30 targets=22124,-11604,-10964,0,185,11,60/-/-/- projectiles=-
retail_frame=5380 camera=28289,3155,2435,0,0,0 player=28289,3177,2435,0,64,2,30 wingmate=18945,3177,2435,0,64,2,30 targets=22588,-11571,-11000,0,189,11,60/-/-/- projectiles=-
retail_frame=5384 camera=28261,3156,2435,0,0,0 player=28261,3177,2435,0,64,2,30 wingmate=18917,3177,2435,0,64,2,30 targets=22820,-11550,-11000,0,191,11,60/-/-/- projectiles=-
retail_frame=5388 camera=28233,3157,2435,0,0,0 player=28233,3177,2435,0,64,3,30 wingmate=18889,3177,2435,0,64,3,30 targets=23052,-11526,-11000,0,193,11,60/-/-/- projectiles=-
retail_frame=5392 camera=28205,3157,2435,0,0,0 player=28205,3177,2435,0,64,3,30 wingmate=18861,3177,2435,0,64,3,30 targets=23284,-11499,-10988,0,195,11,60/-/-/- projectiles=-
retail_frame=5396 camera=28149,3158,2435,0,0,0 player=28149,3177,2435,0,64,4,30 wingmate=28149,3158,2435,0,64,4,30 targets=23516,-11469,-10964,0,197,11,60/-/-/- projectiles=-
retail_frame=5400 camera=28121,3158,2435,0,0,0 player=28121,3177,2435,0,64,4,30 wingmate=18777,3177,2435,0,64,4,30 targets=23968,-11400,-10888,0,201,11,60/-/-/- projectiles=-
retail_frame=5404 camera=28093,3159,2435,0,0,0 player=28093,3177,2435,0,64,4,30 wingmate=18749,3177,2435,0,64,4,30 targets=24192,-11361,-10832,0,203,11,60/-/-/- projectiles=-
retail_frame=5408 camera=28065,3159,2435,0,0,0 player=28065,3177,2435,0,64,3,30 wingmate=18721,3177,2435,0,64,3,30 targets=24412,-11319,-10764,0,205,11,60/-/-/- projectiles=-
retail_frame=5412 camera=28037,3159,2435,0,0,0 player=28009,3177,2435,0,64,2,30 wingmate=18693,3177,2435,0,64,2,30 targets=24628,-11274,-10684,0,207,11,60/-/-/- projectiles=-
retail_frame=5416 camera=27981,3159,2435,0,0,0 player=27981,3177,2435,0,64,2,30 wingmate=18637,3177,2435,0,64,2,30 targets=25044,-11226,-10496,0,211,11,60/-/-/- projectiles=-
retail_frame=5420 camera=27953,3158,2435,0,0,0 player=27953,3177,2435,0,64,1,30 wingmate=18609,3177,2435,0,64,1,30 targets=25244,-11121,-10384,0,213,11,60/-/-/- projectiles=-
retail_frame=5424 camera=27925,3158,2435,0,0,0 player=27925,3177,2435,0,64,0,30 wingmate=18581,3177,2435,0,64,0,30 targets=25440,-11064,-10264,0,215,11,60/-/-/- projectiles=-
retail_frame=5428 camera=27897,3158,2435,0,0,0 player=27897,3177,2435,0,64,255,30 wingmate=18553,3177,2435,0,64,255,30 targets=25628,-11005,-10132,0,217,11,60/-/-/- projectiles=-
retail_frame=5432 camera=27841,3157,2435,0,0,0 player=27841,3177,2435,0,64,254,30 wingmate=27841,3157,2435,0,64,254,30 targets=25808,-10943,-9992,0,219,11,60/-/-/- projectiles=-
retail_frame=5436 camera=27813,3156,2435,0,0,0 player=27813,3177,2435,0,64,253,30 wingmate=18469,3177,2435,0,64,253,30 targets=26160,-10811,-9696,0,221,10,60/-/-/- projectiles=-
retail_frame=5440 camera=27785,3155,2435,0,0,0 player=27785,3177,2435,0,64,253,30 wingmate=18441,3177,2435,0,64,253,30 targets=26336,-10741,-9548,0,221,9,60/-/-/- projectiles=-
retail_frame=5444 camera=27757,3155,2435,0,0,0 player=27757,3177,2435,0,64,252,30 wingmate=18413,3177,2435,0,64,252,30 targets=26512,-10668,-9400,0,221,8,60/-/-/- projectiles=-
retail_frame=5448 camera=27729,3154,2435,0,0,0 player=27729,3177,2435,0,64,252,30 wingmate=18385,3177,2435,0,64,252,0 targets=26688,-10593,-9252,0,221,7,60/-/-/- projectiles=-
retail_frame=5452 camera=27673,3154,2435,0,0,0 player=27673,3177,2435,0,64,252,30 wingmate=18329,3177,2435,0,64,252,30 targets=26864,-10515,-9104,0,221,6,60/-/-/- projectiles=-
retail_frame=5456 camera=27645,3153,2435,0,0,0 player=27645,3177,2435,0,64,253,30 wingmate=18301,3177,2435,0,64,253,30 targets=27216,-10353,-8808,0,221,4,60/-/-/- projectiles=-
retail_frame=5460 camera=27617,3153,2435,0,0,0 player=27617,3177,2435,0,64,253,30 wingmate=18273,3177,2435,0,64,253,30 targets=27392,-10268,-8660,0,221,3,60/-/-/- projectiles=-
retail_frame=5464 camera=27589,3153,2435,0,0,0 player=27589,3177,2435,0,64,254,30 wingmate=18245,3177,2435,0,64,254,30 targets=27568,-10181,-8512,0,221,2,60/-/-/- projectiles=-
retail_frame=5468 camera=27561,3153,2435,0,0,0 player=27533,3177,2435,0,64,255,30 wingmate=27533,3153,2435,0,64,255,30 targets=27744,-10092,-8364,0,221,1,60/-/-/- projectiles=-
retail_frame=5472 camera=27505,3154,2435,0,0,0 player=27505,3177,2435,0,64,0,30 wingmate=18161,3177,2435,0,64,0,30 targets=28092,-9969,-8072,6,220,252,60/-/-/- projectiles=-
retail_frame=5476 camera=27477,3154,2435,0,0,0 player=27477,3177,2435,0,64,1,30 wingmate=18133,3177,2435,0,64,1,30 targets=28264,-9909,-7936,11,219,252,60/-/-/- projectiles=-
retail_frame=5480 camera=27449,3154,2435,0,0,0 player=27449,3177,2435,0,64,2,30 wingmate=18105,3177,2435,0,64,2,30 targets=28436,-9825,-7808,15,218,252,60/-/-/- projectiles=-
retail_frame=5484 camera=27421,3155,2435,0,0,0 player=27393,3177,2435,0,64,3,30 wingmate=18077,3177,2435,0,64,3,30 targets=28604,-9721,-7688,19,217,252,60/-/-/- projectiles=-
retail_frame=5488 camera=27365,3156,2435,0,0,0 player=27365,3177,2435,0,64,3,30 wingmate=18021,3177,2435,0,64,3,30 targets=28928,-9465,-7484,25,215,252,60/-/-/- projectiles=-
retail_frame=5492 camera=27337,3157,2435,0,0,0 player=27337,3177,2435,0,64,4,30 wingmate=17993,3177,2435,0,64,4,30 targets=29080,-9317,-7396,28,214,252,60/-/-/- projectiles=05F4,28873,-8947,-7143,45,7,0,63
retail_frame=5496 camera=27309,3157,2435,0,0,0 player=27309,3177,2435,0,64,4,30 wingmate=17965,3177,2435,0,64,4,30 targets=29228,-9161,-7312,30,213,252,60/-/-/- projectiles=05F4,28761,-7913,-6459,45,7,0,63
retail_frame=5500 camera=27281,3158,2435,0,0,0 player=27281,3177,2435,0,64,4,30 wingmate=17937,3177,2435,0,64,4,30 targets=29372,-8997,-7240,32,212,252,60/-/-/- projectiles=05F4,28703,-7398,-6116,45,7,0,63
retail_frame=5504 camera=27253,3158,2435,0,0,0 player=27253,3177,2435,0,64,4,30 wingmate=17909,3177,2435,0,64,4,30 targets=29508,-8821,-7172,34,211,252,60/-/-/- projectiles=05F4,28645,-6884,-5771,45,7,0,63
retail_frame=5508 camera=27225,3158,2435,0,0,0 player=27225,3177,2435,0,64,3,30 wingmate=17881,3177,2435,0,64,3,30 targets=29640,-8641,-7112,36,210,252,60/-/-/- projectiles=05F4,28585,-6371,-5421,44,7,0,63
retail_frame=5512 camera=27169,3159,2435,0,0,0 player=27169,3177,2435,0,64,2,30 wingmate=17825,3177,2435,0,64,2,30 targets=29892,-8269,-7008,38,208,252,60/-/-/- projectiles=05F4,28520,-5859,-5069,44,8,0,63
retail_frame=5516 camera=27141,3159,2435,0,0,0 player=27141,3177,2435,0,64,2,30 wingmate=17797,3177,2435,0,64,2,30 targets=30016,-8077,-6964,39,207,252,60/-/-/- projectiles=05F4,28387,-4838,-4362,44,8,0,63
retail_frame=5520 camera=27113,3159,2435,0,0,0 player=27113,3177,2435,0,64,1,30 wingmate=17769,3177,2435,0,64,1,30 targets=30136,-7881,-6924,40,206,252,60/-/-/- projectiles=05F4,28319,-4330,-4007,44,8,0,63
retail_frame=5524 camera=27057,3158,2435,0,0,0 player=27057,3177,2435,0,64,255,30 wingmate=27057,3158,2435,0,64,255,30 targets=30252,-7681,-6888,41,205,252,60/-/-/- projectiles=05F4,28250,-3829,-3645,43,8,0,63
retail_frame=5528 camera=27029,3158,2435,0,0,0 player=27029,3177,2435,0,64,254,30 wingmate=17685,3177,2435,0,64,254,30 targets=30472,-7277,-6828,43,203,252,60/-/-/- projectiles=05F4,28128,-3046,-3034,43,8,0,63
retail_frame=5532 camera=27001,3158,2435,0,0,0 player=27001,3177,2435,0,64,254,30 wingmate=17657,3177,2435,0,64,254,30 targets=30576,-7069,-6804,44,202,252,60/-/-/- projectiles=05F4,28030,-2332,-2552,43,9,0,63
retail_frame=5536 camera=26973,3157,2435,0,0,0 player=26973,3177,2435,0,64,253,30 wingmate=17629,3177,2435,0,64,253,30 targets=30676,-6861,-6784,45,201,252,60/-/-/- projectiles=05F4,27950,-1841,-2180,42,9,0,63
retail_frame=5540 camera=26917,3156,2435,0,0,0 player=26917,3177,2435,0,64,252,30 wingmate=26917,3156,2435,0,64,252,30 targets=30772,-6649,-6768,46,200,252,60/-/-/- projectiles=05F4,27869,-1353,-1805,42,9,0,63
retail_frame=5544 camera=26889,3155,2435,0,0,0 player=26889,3177,2435,0,64,252,30 wingmate=17545,3177,2435,0,64,252,30 targets=30864,-6433,-6756,47,199,252,60/-/-/- projectiles=0672,30697,-5969,-6376,39,17,0,63;05F4,27785,-872,-1425,41,9,0,63
retail_frame=5548 camera=26861,3155,2435,0,0,0 player=26861,3177,2435,0,64,252,30 wingmate=17517,3177,2435,0,64,252,30 targets=31028,-5997,-6736,49,197,252,60/-/-/- projectiles=0672,30360,-5047,-5615,39,17,0,63;05F4,27694,-394,-1043,41,10,0,63
retail_frame=5552 camera=26833,3154,2435,0,0,0 player=26833,3177,2435,0,64,252,30 wingmate=17489,3177,2435,0,64,252,30 targets=31104,-5777,-6732,50,196,252,60/-/-/- projectiles=0672,30190,-4587,-5229,38,17,0,63;05F4,27505,549,-266,40,10,0,63
retail_frame=5556 camera=26805,3154,2435,0,0,0 player=26805,3177,2435,0,64,253,30 wingmate=17461,3177,2435,0,64,253,30 targets=31180,-5557,-6728,50,195,252,60/-/-/- projectiles=0672,30019,-4129,-4842,38,17,0,63;05F4,27397,1010,137,39,11,0,63
retail_frame=5560 camera=26777,3154,2435,0,0,0 player=26777,3177,2435,0,64,253,30 wingmate=17433,3177,2435,0,64,253,30 targets=31256,-5337,-6728,50,194,252,60/-/-/- projectiles=0672,29846,-3672,-4455,38,17,0,63;05F4,27286,1465,543,39,11,0,63
retail_frame=5564 camera=26749,3153,2435,0,0,0 player=26749,3177,2435,0,64,254,30 wingmate=17405,3177,2435,0,64,254,0 targets=31332,-5117,-6728,50,193,252,60/-/-/- projectiles=0672,29669,-3217,-4070,38,18,0,63;05F4,27169,1914,955,38,12,0,63
retail_frame=5568 camera=26693,3153,2435,0,0,0 player=26693,3177,2435,0,64,255,30 wingmate=26693,3153,2435,0,64,255,30 targets=31408,-4897,-6728,50,192,252,60/-/-/- projectiles=0672,29489,-2763,-3684,38,18,0,63;05F4,27042,2346,1381,36,12,0,63
retail_frame=5572 camera=26665,3153,2435,0,0,0 player=26665,3177,2435,0,64,0,30 wingmate=17321,3177,2435,0,64,0,30 targets=31560,-4457,-6728,50,190,252,60/-/-/- projectiles=0672,29186,-2066,-3030,37,18,0,63;05F4,26897,2758,1825,34,13,0,63
retail_frame=5576 camera=26637,3153,2435,0,0,0 player=26637,3177,2435,0,64,1,30 wingmate=-37,77,90,0,64,1,30 targets=31636,-4237,-6732,50,189,252,60/-/-/- projectiles=0672,28941,-1427,-2497,37,18,0,63;05F4,26777,3094,2153,27,16,0,63
retail_frame=5580 camera=26609,3154,2435,0,0,0 player=26609,3177,2435,0,64,2,30 wingmate=-37,77,90,0,64,2,30 targets=31712,-4017,-6736,50,188,252,60/-/-/- projectiles=0672,28751,-990,-2096,36,18,0,63;05F4,26709,3246,2329,27,16,0,63
retail_frame=5584 camera=26581,3154,2435,0,0,0 player=26581,3177,2435,0,64,2,30 wingmate=-37,77,90,0,64,2,30 targets=31788,-3797,-6744,50,187,252,60/-/-/- projectiles=0672,28554,-555,-1696,36,19,0,63;05F4,26641,3398,2505,27,16,0,63
retail_frame=5588 camera=26553,3154,2435,0,0,0 player=26553,3177,2435,0,64,3,30 wingmate=17209,3177,2435,0,64,3,30 targets=31864,-3577,-6752,50,186,252,60/-/-/- projectiles=0672,28354,-123,-1296,36,19,0,63;05F4,26573,3550,2681,27,16,0,63
retail_frame=5592 camera=26497,3155,2435,0,0,0 player=26497,3177,2435,0,64,4,30 wingmate=26497,3155,2435,0,64,4,30 targets=31940,-3357,-6760,50,185,252,60/-/-/- projectiles=0672,28154,302,-889,35,19,0,63;05F4,26505,3702,2857,27,16,0,63
retail_frame=5596 camera=26469,3156,2435,0,0,0 player=26469,3177,2435,0,64,4,30 wingmate=17125,3177,2435,0,64,4,30 targets=32088,-2917,-6784,50,183,252,60/-/-/- projectiles=0672,27951,721,-482,35,19,0,63;05F4,26437,3854,3033,27,16,0,63
retail_frame=5600 camera=26441,3157,2435,0,0,0 player=26441,3177,2435,0,64,4,30 wingmate=17097,3177,2435,0,64,4,30 targets=32160,-2697,-6800,50,182,252,60/-/-/- projectiles=072F,31815,-2575,-6346,28,23,0,63;0672,27738,1133,-68,34,19,0,63;05F4,26369,4006,3209,27,16,0,63
retail_frame=5604 camera=26413,3157,2435,0,0,0 player=26413,3177,2435,0,64,4,30 wingmate=17069,3177,2435,0,64,4,30 targets=32232,-2477,-6816,50,181,252,60/-/-/- projectiles=072F,31265,-1900,-5465,27,23,0,63;0672,27518,1531,353,33,20,0,63;05F4,26301,4158,3385,27,16,0,63
retail_frame=5608 camera=26385,3158,2435,0,0,0 player=26385,3177,2435,0,64,3,30 wingmate=17041,3177,2435,0,64,3,30 targets=32304,-2257,-6836,50,180,252,60/-/-/- projectiles=072F,30987,-1567,-5022,27,23,0,63;0672,27054,2297,1208,31,21,0,63;05F4,26165,4462,3737,27,16,0,63
retail_frame=5612 camera=26357,3158,2435,0,0,0 player=26357,3177,2435,0,64,3,30 wingmate=17013,3177,2435,0,64,3,30 targets=32376,-2037,-6856,50,179,252,60/-/-/- projectiles=072F,30707,-1235,-4577,27,23,0,63;0672,26804,2662,1643,30,21,0,63;05F4,26097,4614,3913,27,16,0,63
retail_frame=5616 camera=26329,3158,2435,0,0,0 player=26329,3177,2435,0,64,2,30 wingmate=-49,79,81,0,64,2,30 targets=32448,-1817,-6880,50,178,252,60/-/-/- projectiles=072F,30427,-906,-4132,27,23,0,63;0672,26712,2818,1803,28,22,0,63;05F4,26029,4766,4089,27,16,0,63
retail_frame=5620 camera=26301,3159,2435,0,0,0 player=26301,3177,2435,0,64,2,30 wingmate=16957,3177,2435,0,64,2,30 targets=32520,-1597,-6904,50,177,252,60/-/-/- projectiles=072F,30144,-585,-3683,26,23,0,63;0672,26620,2974,1963,26,23,0,63;05F4,25961,4918,4265,27,16,0,63
retail_frame=5624 camera=26273,3159,2435,0,0,0 player=26273,3177,2435,0,64,1,30 wingmate=16929,3177,2435,0,64,1,30 targets=32588,-1377,-6932,50,176,252,60/-/-/- projectiles=072F,29861,-267,-3234,26,23,0,63;0672,26520,3118,2127,26,23,0,63;05F4,25893,5070,4441,27,16,0,63
retail_frame=5628 camera=26245,3159,2435,0,0,0 player=26245,3177,2435,0,64,0,30 wingmate=16901,3177,2435,0,64,0,30 targets=32684,-1169,-6972,44,176,252,60/-/-/- projectiles=072F,29567,49,-2789,26,24,0,63;0672,26420,3262,2291,15,26,0,63;05F4,25825,5222,4617,27,16,0,63
retail_frame=5632 camera=26217,3159,2435,0,0,0 player=26217,3177,2435,0,64,255,30 wingmate=16873,3177,2435,0,64,255,30 targets=-32732,-977,-7020,39,176,252,60/-/-/- projectiles=072F,29273,364,-2344,26,24,0,63;0672,26288,3350,2475,15,26,0,63;05F4,25757,5374,4793,27,16,0,63
retail_frame=5636 camera=26161,3158,2435,0,0,0 player=26161,3177,2435,0,64,254,30 wingmate=16817,3177,2435,0,64,254,30 targets=-32596,-797,-7076,35,176,252,60/-/-/- projectiles=072F,28978,672,-1895,25,24,0,63;0672,26156,3438,2659,15,26,0,63;05F4,25689,5526,4969,27,16,0,63
retail_frame=5640 camera=26133,3158,2435,0,0,0 player=26133,3177,2435,0,64,253,30 wingmate=16789,3177,2435,0,64,253,30 targets=-32280,-489,-7200,28,176,252,60/-/-/- projectiles=072F,28381,1275,-994,24,24,0,63;0672,25892,3614,3027,15,26,0,63;05F4,25621,5678,5145,27,16,0,63
retail_frame=5644 camera=26105,3158,2435,0,0,0 player=26105,3177,2435,0,64,253,30 wingmate=16761,3177,2435,0,64,253,30 targets=-32108,-353,-7268,25,176,252,60/-/-/- projectiles=072F,28081,1570,-542,24,24,0,63;0672,25760,3702,3211,15,26,0,63
retail_frame=5648 camera=26077,3157,2435,0,0,0 player=26077,3177,2435,0,64,252,30 wingmate=16733,3177,2435,0,64,252,30 targets=-31928,-233,-7340,22,176,252,60/-/-/- projectiles=072F,27770,1852,-90,23,25,0,63;0672,25628,3790,3395,15,26,0,63
retail_frame=5652 camera=26021,3156,2435,0,0,0 player=26021,3177,2435,0,64,252,30 wingmate=26021,3156,2435,0,64,252,30 targets=-31740,-125,-7416,20,176,252,60/-/-/- projectiles=072F,27456,2130,362,23,25,0,63;0672,25496,3878,3579,15,26,0,63
retail_frame=5656 camera=25993,3155,2435,0,0,0 player=25993,3177,2435,0,64,252,30 wingmate=16649,3177,2435,0,64,252,30 targets=-31548,-25,-7492,18,176,252,60/-/-/- projectiles=072F,27139,2398,818,22,25,0,63;0672,25364,3966,3763,15,26,0,63
retail_frame=5660 camera=25965,3155,2435,0,0,0 player=25965,3177,2435,0,64,253,30 wingmate=16621,3177,2435,0,64,253,30 targets=-31152,139,-7652,14,176,252,60/-/-/- projectiles=072F,26475,2901,1734,20,26,0,63;0672,25100,4142,4131,15,26,0,63
retail_frame=5664 camera=25937,3154,2435,0,0,0 player=25937,3177,2435,0,64,253,30 wingmate=-70,50,89,0,64,253,30 targets=-30952,211,-7732,13,176,252,60/-/-/- projectiles=072F,26339,3001,1910,17,27,0,63;0672,24968,4230,4315,15,26,0,63
retail_frame=5668 camera=25909,3154,2435,0,0,0 player=25909,3177,2435,0,64,254,30 wingmate=16565,3177,2435,0,64,254,30 targets=-30748,275,-7812,12,176,252,60/-/-/- projectiles=072F,26203,3101,2086,15,28,0,63;0672,24836,4318,4499,15,26,0,63
retail_frame=5672 camera=25881,3154,2435,0,0,0 player=25853,3177,2435,0,64,255,30 wingmate=16537,3177,2435,0,64,255,30 targets=-30544,335,-7892,11,176,252,60/-/-/- projectiles=072F,26063,3189,2262,15,28,0,63;0672,24704,4406,4683,15,26,0,63
retail_frame=5676 camera=25825,3153,2435,0,0,0 player=25825,3177,2435,0,64,0,30 wingmate=16481,3177,2435,0,64,0,30 targets=-30136,439,-8060,9,176,252,60/-/-/- projectiles=072F,25923,3277,2438,15,28,0,63;0672,24572,4494,4867,15,26,0,63
retail_frame=5680 camera=25797,3153,2435,0,0,0 player=25797,3177,2435,0,64,1,30 wingmate=16453,3177,2435,0,64,1,30 targets=-29928,483,-8144,8,176,252,60/-/-/- projectiles=072F,25643,3453,2790,15,28,0,63;0672,24308,4670,5235,15,26,0,63
retail_frame=5684 camera=25769,3153,2435,0,0,0 player=25769,3177,2435,0,64,2,30 wingmate=16425,3177,2435,0,64,2,30 targets=-29720,519,-8228,7,176,252,60/-/-/- projectiles=072F,25503,3541,2966,15,28,0,63
retail_frame=5688 camera=25713,3154,2435,0,0,0 player=25713,3177,2435,0,64,3,30 wingmate=25713,3154,2435,0,64,3,30 targets=-29512,551,-8312,6,176,252,60/-/-/- projectiles=072F,25363,3629,3142,15,28,0,63
retail_frame=5692 camera=25685,3154,2435,0,0,0 player=25685,3177,2435,0,64,3,30 wingmate=16341,3177,2435,0,64,3,30 targets=-29088,599,-8480,4,176,252,60/-/-/- projectiles=072F,25083,3805,3494,15,28,0,63
retail_frame=5696 camera=25657,3154,2435,0,0,0 player=25657,3177,2435,0,64,4,30 wingmate=16313,3177,2435,0,64,4,30 targets=-28876,615,-8564,3,176,252,60/-/-/- projectiles=072F,24943,3893,3670,15,28,0,63
retail_frame=5700 camera=25601,3155,2435,0,0,0 player=25601,3177,2435,0,64,4,30 wingmate=16257,3177,2435,0,64,4,30 targets=-28452,627,-8732,1,176,252,60/-/-/- projectiles=072F,24803,3981,3846,15,28,0,63
retail_frame=5704 camera=25573,3156,2435,0,0,0 player=25573,3177,2435,0,64,4,30 wingmate=16229,3177,2435,0,64,4,30 targets=-28240,627,-8816,0,176,252,60/-/-/- projectiles=072F,24523,4157,4198,15,28,0,63
retail_frame=5708 camera=25545,3157,2435,0,0,0 player=25545,3177,2435,0,64,3,30 wingmate=16201,3177,2435,0,64,3,30 targets=-28028,643,-8900,0,176,253,60/-/-/- projectiles=072F,24383,4245,4374,15,28,0,63
retail_frame=5712 camera=25517,3157,2435,0,0,0 player=25517,3177,2435,0,64,3,30 wingmate=16173,3177,2435,0,64,3,30 targets=-27816,739,-8984,0,176,254,60/-/-/- projectiles=072F,24243,4333,4550,15,28,0,63
retail_frame=5716 camera=25461,3158,2435,0,0,0 player=25461,3177,2435,0,64,2,30 wingmate=25461,3158,2435,0,64,2,30 targets=-27604,837,-9068,0,176,255,60/-/-/- projectiles=072F,24103,4421,4726,15,28,0,63
retail_frame=5720 camera=25433,3158,2435,0,0,0 player=25433,3177,2435,0,64,1,30 wingmate=16089,3177,2435,0,64,1,30 targets=-27180,1039,-9236,0,176,0,60/-/-/- projectiles=072F,23823,4597,5078,15,28,0,63
retail_frame=5724 camera=25405,3159,2435,0,0,0 player=25405,3177,2435,0,64,0,30 wingmate=16061,3177,2435,0,64,0,30 targets=-26968,1142,-9320,0,176,1,60/-/-/- projectiles=072F,23683,4685,5254,15,28,0,63
retail_frame=5728 camera=25377,3159,2435,0,0,0 player=25377,3177,2435,0,64,255,30 wingmate=16033,3177,2435,0,64,255,30 targets=-26756,1247,-9404,0,176,2,60/-/-/- projectiles=-
retail_frame=5732 camera=25349,3159,2435,0,0,0 player=25349,3177,2435,0,64,254,30 wingmate=16005,3177,2435,0,64,254,30 targets=-26544,1354,-9488,0,176,3,60/-/-/- projectiles=-
retail_frame=5736 camera=25293,3159,2435,0,0,0 player=25293,3177,2435,0,64,253,30 wingmate=15949,3177,2435,0,64,253,30 targets=-26328,1462,-9568,0,177,4,60/-/-/- projectiles=-
retail_frame=5740 camera=25265,3158,2435,0,0,0 player=25265,3177,2435,0,64,253,30 wingmate=15921,3177,2435,0,64,253,30 targets=-25892,1684,-9708,0,179,6,60/-/-/- projectiles=-
retail_frame=5744 camera=25237,3158,2435,0,0,0 player=25237,3177,2435,0,64,252,30 wingmate=15893,3177,2435,0,64,252,30 targets=-25672,1797,-9768,0,180,7,60/-/-/- projectiles=-
retail_frame=5748 camera=25209,3158,2435,0,0,0 player=25209,3177,2435,0,64,252,30 wingmate=15865,3177,2435,0,64,252,30 targets=-25448,1911,-9820,0,182,8,60/-/-/- projectiles=-
retail_frame=5752 camera=25153,3157,2435,0,0,0 player=25153,3177,2435,0,64,252,30 wingmate=25153,3157,2435,0,64,252,30 targets=-25220,2027,-9860,0,184,9,60/-/-/- projectiles=-
retail_frame=5756 camera=25125,3156,2435,0,0,0 player=25125,3177,2435,0,64,253,30 wingmate=15781,3177,2435,0,64,253,30 targets=-24760,2262,-9904,0,188,11,60/-/-/- projectiles=-
retail_frame=5760 camera=25097,3155,2435,0,0,0 player=25097,3177,2435,0,64,253,30 wingmate=15753,3177,2435,0,64,253,30 targets=-24528,2381,-9904,0,191,12,60/-/-/- projectiles=-
retail_frame=5764 camera=25069,3155,2435,0,0,0 player=25069,3177,2435,0,64,254,30 wingmate=15725,3177,2435,0,64,254,30 targets=-24296,2501,-9900,0,194,13,60/-/-/- projectiles=-
retail_frame=5768 camera=25013,3154,2435,0,0,0 player=25013,3177,2435,0,64,255,30 wingmate=25013,3154,2435,0,64,255,30 targets=-24064,2622,-9876,0,197,14,60/-/-/- projectiles=-
retail_frame=5772 camera=24985,3154,2435,0,0,0 player=24985,3177,2435,0,64,0,30 wingmate=15641,3177,2435,0,64,0,30 targets=-23612,2867,-9780,0,203,14,60/-/-/- projectiles=-
retail_frame=5776 camera=24957,3153,2435,0,0,0 player=24957,3177,2435,0,64,1,30 wingmate=15613,3177,2435,0,64,1,30 targets=-23396,2990,-9708,0,206,14,60/-/-/- projectiles=-
retail_frame=5780 camera=24929,3153,2435,0,0,0 player=24929,3177,2435,0,64,2,30 wingmate=15585,3177,2435,0,64,2,30 targets=-23184,3114,-9620,0,209,14,60/-/-/- projectiles=-
retail_frame=5784 camera=24873,3153,2435,0,0,0 player=24873,3177,2435,0,64,3,30 wingmate=24873,3153,2435,0,64,3,30 targets=-22980,3239,-9516,0,212,14,60/-/-/- projectiles=-
retail_frame=5788 camera=24845,3153,2435,0,0,0 player=24845,3177,2435,0,64,3,30 wingmate=15501,3177,2435,0,64,3,30 targets=-22600,3490,-9260,0,218,14,60/-/-/- projectiles=-
retail_frame=5792 camera=24817,3154,2435,0,0,0 player=24817,3177,2435,0,64,4,30 wingmate=15473,3177,2435,0,64,4,30 targets=-22424,3616,-9112,0,221,14,60/-/-/- projectiles=-
retail_frame=5796 camera=24789,3154,2435,0,0,0 player=24789,3177,2435,0,64,4,30 wingmate=15445,3177,2435,0,64,4,30 targets=-22264,3742,-8952,0,224,14,60/-/-/- projectiles=-
retail_frame=5800 camera=24761,3154,2435,0,0,0 player=24761,3177,2435,0,64,4,30 wingmate=15417,3177,2435,0,64,4,30 targets=-22116,3868,-8776,0,227,14,60/-/-/- projectiles=-
retail_frame=5804 camera=24705,3155,2435,0,0,0 player=24705,3177,2435,0,64,3,30 wingmate=15361,3177,2435,0,64,3,30 targets=-21980,3994,-8592,0,230,14,60/-/-/- projectiles=-
retail_frame=5808 camera=24677,3156,2435,0,0,0 player=24677,3177,2435,0,64,3,30 wingmate=15333,3177,2435,0,64,3,30 targets=-21756,4247,-8192,0,236,14,60/-/-/- projectiles=-
retail_frame=5812 camera=24649,3157,2435,0,0,0 player=24649,3177,2435,0,64,2,30 wingmate=15305,3177,2435,0,64,2,30 targets=-21668,4373,-7980,0,239,14,60/-/-/- projectiles=-
retail_frame=5816 camera=24621,3157,2435,0,0,0 player=24621,3177,2435,0,64,2,30 wingmate=15277,3177,2435,0,64,2,30 targets=-21596,4499,-7764,0,242,14,60/-/-/- projectiles=-
retail_frame=5820 camera=24565,3158,2435,0,0,0 player=24565,3177,2435,0,64,0,30 wingmate=15221,3177,2435,0,64,0,30 targets=-21540,4625,-7540,0,245,14,60/-/-/- projectiles=-
retail_frame=5824 camera=24537,3158,2435,0,0,0 player=24537,3177,2435,0,64,255,30 wingmate=15193,3177,2435,0,64,255,30 targets=-21476,4876,-7080,0,251,14,60/-/-/- projectiles=-
retail_frame=5828 camera=24509,3159,2435,0,0,0 player=24509,3177,2435,0,64,254,30 wingmate=15165,3177,2435,0,64,254,30 targets=-21472,5001,-6848,0,254,14,60/-/-/- projectiles=-
retail_frame=5832 camera=24481,3159,2435,0,0,0 player=24481,3177,2435,0,64,254,30 wingmate=15137,3177,2435,0,64,254,30 targets=-21472,5125,-6616,0,1,14,60/-/-/- projectiles=-
retail_frame=5836 camera=24425,3159,2435,0,0,0 player=24425,3177,2435,0,64,253,30 wingmate=24425,3159,2435,0,64,253,30 targets=-21488,5248,-6384,0,4,14,60/-/-/- projectiles=-
retail_frame=5840 camera=24397,3159,2435,0,0,0 player=24397,3177,2435,0,64,252,30 wingmate=15053,3177,2435,0,64,252,30 targets=-21572,5493,-5932,0,10,14,60/-/-/- projectiles=-
retail_frame=5844 camera=24369,3158,2435,0,0,0 player=24369,3177,2435,0,64,252,30 wingmate=15025,3177,2435,0,64,252,30 targets=-21640,5614,-5712,0,13,14,60/-/-/- projectiles=-
retail_frame=5848 camera=24341,3158,2435,0,0,0 player=24341,3177,2435,0,64,252,30 wingmate=14997,3177,2435,0,64,252,30 targets=-21724,5734,-5500,0,16,14,60/-/-/- projectiles=-
retail_frame=5852 camera=24313,3158,2435,0,0,0 player=24285,3177,2435,0,64,253,30 wingmate=14969,3177,2435,0,64,253,30 targets=-21824,5853,-5296,0,19,14,60/-/-/- projectiles=-
retail_frame=5856 camera=24257,3157,2435,0,0,0 player=24257,3177,2435,0,64,253,30 wingmate=14913,3177,2435,0,64,253,30 targets=-22024,6088,-4888,0,19,12,60/-/-/- projectiles=-
retail_frame=5860 camera=24229,3156,2435,0,0,0 player=24229,3177,2435,0,64,254,30 wingmate=14885,3177,2435,0,64,254,30 targets=-22124,6204,-4684,0,19,11,60/-/-/- projectiles=-
retail_frame=5864 camera=24201,3155,2435,0,0,0 player=24201,3177,2435,0,64,254,30 wingmate=14857,3177,2435,0,64,254,30 targets=-22224,6318,-4480,0,19,10,60/-/-/- projectiles=-
retail_frame=5868 camera=24173,3155,2435,0,0,0 player=24145,3177,2435,0,64,0,30 wingmate=14829,3177,2435,0,64,0,30 targets=-22324,6431,-4276,0,19,9,60/-/-/- projectiles=-
retail_frame=5872 camera=24117,3154,2435,0,0,0 player=24117,3177,2435,0,64,1,30 wingmate=14773,3177,2435,0,64,1,30 targets=-22524,6543,-3868,0,19,7,60/-/-/- projectiles=-
retail_frame=5876 camera=24089,3154,2435,0,0,0 player=24089,3177,2435,0,64,2,30 wingmate=14745,3177,2435,0,64,2,30 targets=-22624,6761,-3664,0,19,6,60/-/-/- projectiles=-
retail_frame=5880 camera=24061,3153,2435,0,0,0 player=24061,3177,2435,0,64,2,30 wingmate=14717,3177,2435,0,64,2,30 targets=-22724,6868,-3460,0,19,5,60/-/-/- projectiles=-
retail_frame=5884 camera=24005,3153,2435,0,0,0 player=24005,3177,2435,0,64,3,30 wingmate=14661,3177,2435,0,64,3,30 targets=-22924,6973,-3052,0,19,3,60/-/-/- projectiles=-
retail_frame=5888 camera=23977,3153,2435,0,0,0 player=23977,3177,2435,0,64,4,30 wingmate=14633,3177,2435,0,64,4,30 targets=-23024,7178,-2848,0,19,2,60/-/-/- projectiles=-
retail_frame=5892 camera=23921,3154,2435,0,0,0 player=23921,3177,2435,0,64,4,30 wingmate=23921,3154,2435,0,64,4,30 targets=-23124,7278,-2644,0,19,1,60/-/-/- projectiles=-
retail_frame=5896 camera=23893,3154,2435,0,0,0 player=23893,3177,2435,0,64,4,30 wingmate=14549,3177,2435,0,64,4,30 targets=-23320,7344,-2236,250,18,252,60/-/-/- projectiles=-
retail_frame=5900 camera=23865,3154,2435,0,0,0 player=23865,3177,2435,0,64,3,30 wingmate=14521,3177,2435,0,64,3,30 targets=-23404,7284,-2032,245,17,252,60/-/-/- projectiles=-
retail_frame=5904 camera=23809,3155,2435,0,0,0 player=23809,3177,2435,0,64,2,30 wingmate=23809,3155,2435,0,64,2,30 targets=-23484,7200,-1836,241,16,252,60/-/-/- projectiles=-
retail_frame=5908 camera=23781,3156,2435,0,0,0 player=23781,3177,2435,0,64,2,30 wingmate=14437,3177,2435,0,64,2,30 targets=-23620,6976,-1460,234,14,252,60/-/-/- projectiles=-
retail_frame=5912 camera=23753,3157,2435,0,0,0 player=23753,3177,2435,0,64,1,30 wingmate=14409,3177,2435,0,64,1,30 targets=-23676,6840,-1280,231,13,252,60/-/-/- projectiles=-
retail_frame=5916 camera=23697,3158,2435,0,0,0 player=23697,3177,2435,0,64,255,30 wingmate=23697,3158,2435,0,64,255,30 targets=-23724,6692,-1112,228,12,252,60/-/-/- projectiles=-
retail_frame=5920 camera=23669,3158,2435,0,0,0 player=23669,3177,2435,0,64,254,30 wingmate=14325,3177,2435,0,64,254,30 targets=-23804,6372,-792,224,10,252,60/-/-/- projectiles=-
retail_frame=5924 camera=23641,3158,2435,0,0,0 player=23641,3177,2435,0,64,254,30 wingmate=14297,3177,2435,0,64,254,30 targets=-23832,6196,-644,222,9,252,60/-/-/- projectiles=-
retail_frame=5928 camera=23585,3159,2435,0,0,0 player=23585,3177,2435,0,64,253,30 wingmate=23585,3159,2435,0,64,253,30 targets=-23856,6016,-500,220,8,252,60/-/-/- projectiles=-
retail_frame=5932 camera=23557,3159,2435,0,0,0 player=23557,3177,2435,0,64,252,30 wingmate=14213,3177,2435,0,64,252,30 targets=-23892,5644,-228,218,6,252,60/-/-/- projectiles=-
retail_frame=5936 camera=23529,3159,2435,0,0,0 player=23529,3177,2435,0,64,252,30 wingmate=14185,3177,2435,0,64,252,30 targets=-23904,5452,-96,217,5,252,60/-/-/- projectiles=-
retail_frame=5940 camera=23473,3158,2435,0,0,0 player=23473,3177,2435,0,64,252,30 wingmate=23473,3158,2435,0,64,252,30 targets=-23912,5256,32,216,4,252,60/-/-/- projectiles=-
retail_frame=5944 camera=23445,3158,2435,0,0,0 player=23445,3177,2435,0,64,253,30 wingmate=14101,3177,2435,0,64,253,30 targets=-23924,4856,268,214,2,252,60/-/-/- projectiles=-
retail_frame=5948 camera=23417,3158,2435,0,0,0 player=23417,3177,2435,0,64,253,30 wingmate=14073,3177,2435,0,64,253,30 targets=-23924,4652,380,213,1,252,60/-/-/- projectiles=-
retail_frame=5952 camera=23361,3157,2435,0,0,0 player=23361,3177,2435,0,64,254,30 wingmate=23361,3157,2435,0,64,254,30 targets=-23924,4444,488,212,0,252,60/-/-/- projectiles=-
retail_frame=5956 camera=23333,3156,2435,0,0,0 player=23333,3177,2435,0,64,255,30 wingmate=13989,3177,2435,0,64,255,30 targets=-23924,4024,688,210,254,252,60/-/-/- projectiles=-
retail_frame=5960 camera=23305,3155,2435,0,0,0 player=23305,3177,2435,0,64,0,30 wingmate=13961,3177,2435,0,64,0,30 targets=-23920,3808,780,209,253,252,60/-/-/- projectiles=-
retail_frame=5964 camera=23249,3154,2435,0,0,0 player=23249,3177,2435,0,64,2,30 wingmate=23249,3154,2435,0,64,2,30 targets=-23916,3592,868,208,252,252,60/-/-/- projectiles=-
retail_frame=5968 camera=23221,3154,2435,0,0,0 player=23221,3177,2435,0,64,2,30 wingmate=13877,3177,2435,0,64,2,30 targets=-23900,3152,1024,206,250,252,60/-/-/- projectiles=-
retail_frame=5972 camera=23193,3154,2435,0,0,0 player=23193,3177,2435,0,64,3,30 wingmate=13849,3177,2435,0,64,3,30 targets=-23892,2932,1100,206,249,252,60/-/-/- projectiles=-
retail_frame=5976 camera=23137,3153,2435,0,0,0 player=23137,3177,2435,0,64,4,30 wingmate=23137,3153,2435,0,64,4,30 targets=-23880,2712,1176,206,248,252,60/-/-/- projectiles=-
retail_frame=5980 camera=23109,3153,2435,0,0,0 player=23109,3177,2435,0,64,4,30 wingmate=13765,3177,2435,0,64,4,30 targets=-23852,2272,1320,206,246,252,60/-/-/- projectiles=-
retail_frame=5984 camera=23081,3153,2435,0,0,0 player=23081,3177,2435,0,64,4,30 wingmate=13737,3177,2435,0,64,4,30 targets=-23836,2052,1392,206,245,252,60/-/-/- projectiles=-
retail_frame=5988 camera=23025,3154,2435,0,0,0 player=23025,3177,2435,0,64,3,30 wingmate=23025,3154,2435,0,64,3,30 targets=-23816,1832,1464,206,244,252,60/-/-/- projectiles=-
retail_frame=5992 camera=22997,3154,2435,0,0,0 player=22997,3177,2435,0,64,3,30 wingmate=13653,3177,2435,0,64,3,30 targets=-23772,1392,1608,206,242,252,60/-/-/- projectiles=-
retail_frame=5996 camera=22969,3154,2435,0,0,0 player=22969,3177,2435,0,64,2,30 wingmate=13625,3177,2435,0,64,2,30 targets=-23740,1184,1708,212,242,252,60/-/-/- projectiles=-
retail_frame=6000 camera=22913,3155,2435,0,0,0 player=22913,3177,2435,0,64,1,30 wingmate=22913,3155,2435,0,64,1,30 targets=-23700,992,1832,217,242,252,60/-/-/- projectiles=-
retail_frame=6004 camera=22885,3156,2435,0,0,0 player=22885,3177,2435,0,64,0,30 wingmate=13541,3177,2435,0,64,0,30 targets=-23600,652,2128,225,242,252,60/-/-/- projectiles=-
retail_frame=6008 camera=22857,3157,2435,0,0,0 player=22857,3177,2435,0,64,255,30 wingmate=13513,3177,2435,0,64,255,30 targets=-23544,504,2296,228,242,252,60/-/-/- projectiles=-
retail_frame=6012 camera=22801,3158,2435,0,0,0 player=22801,3177,2435,0,64,254,30 wingmate=22801,3158,2435,0,64,254,30 targets=-23484,368,2472,231,242,252,60/-/-/- projectiles=-
retail_frame=6016 camera=22773,3158,2435,0,0,0 player=22773,3177,2435,0,64,253,30 wingmate=13429,3177,2435,0,64,253,30 targets=-23356,140,2848,236,242,252,60/-/-/- projectiles=-
retail_frame=6020 camera=22745,3158,2435,0,0,0 player=22745,3177,2435,0,64,253,30 wingmate=13401,3177,2435,0,64,253,30 targets=-23292,40,3040,238,242,252,60/-/-/- projectiles=-
retail_frame=6024 camera=22689,3159,2435,0,0,0 player=22689,3177,2435,0,64,252,30 wingmate=22689,3159,2435,0,64,252,30 targets=-23224,-48,3240,240,242,252,60/-/-/- projectiles=-
retail_frame=6028 camera=22661,3159,2435,0,0,0 player=22661,3177,2435,0,64,252,30 wingmate=13317,3177,2435,0,64,252,30 targets=-23088,-196,3648,243,242,252,60/-/-/- projectiles=-
retail_frame=6032 camera=22633,3159,2435,0,0,0 player=22633,3177,2435,0,64,252,30 wingmate=13289,3177,2435,0,64,252,30 targets=-23020,-260,3852,244,242,252,60/-/-/- projectiles=-
retail_frame=6036 camera=22577,3158,2435,0,0,0 player=22577,3177,2435,0,64,253,30 wingmate=22577,3158,2435,0,64,253,30 targets=-22948,-320,4060,245,242,252,60/-/-/- projectiles=-
retail_frame=6040 camera=22549,3158,2435,0,0,0 player=22549,3177,2435,0,64,254,30 wingmate=13205,3177,2435,0,64,254,30 targets=-22804,-424,4476,247,242,252,60/-/-/- projectiles=-
retail_frame=6044 camera=22521,3158,2435,0,0,0 player=22521,3177,2435,0,64,254,30 wingmate=13177,3177,2435,0,64,254,30 targets=-22732,-468,4688,248,242,252,60/-/-/- projectiles=-
retail_frame=6048 camera=22465,3157,2435,0,0,0 player=22465,3177,2435,0,64,0,30 wingmate=22465,3157,2435,0,64,0,30 targets=-22660,-504,4900,249,242,252,60/-/-/- projectiles=-
retail_frame=6052 camera=22437,3156,2435,0,0,0 player=22437,3177,2435,0,64,1,30 wingmate=13093,3177,2435,0,64,1,30 targets=-22516,-564,5328,251,242,252,60/-/-/- projectiles=-
retail_frame=6056 camera=22409,3155,2435,0,0,0 player=22409,3177,2435,0,64,2,30 wingmate=13065,3177,2435,0,64,2,30 targets=-22444,-584,5544,252,242,252,60/-/-/- projectiles=-
retail_frame=6060 camera=22353,3154,2435,0,0,0 player=22353,3177,2435,0,64,3,30 wingmate=22353,3154,2435,0,64,3,30 targets=-22372,-600,5760,253,242,252,60/-/-/- projectiles=-
retail_frame=6064 camera=22325,3154,2435,0,0,0 player=22325,3177,2435,0,64,3,30 wingmate=12981,3177,2435,0,64,3,30 targets=-22228,-612,6192,255,242,252,60/-/-/- projectiles=-
retail_frame=6068 camera=22297,3154,2435,0,0,0 player=22297,3177,2435,0,64,4,30 wingmate=12953,3177,2435,0,64,4,30 targets=-22156,-612,6408,0,242,252,60/-/-/- projectiles=-
retail_frame=6072 camera=22241,3153,2435,0,0,0 player=22241,3177,2435,0,64,4,30 wingmate=22241,3153,2435,0,64,4,30 targets=-22084,-440,6624,0,242,253,60/-/-/- projectiles=-
retail_frame=6076 camera=22213,3153,2435,0,0,0 player=22213,3177,2435,0,64,4,30 wingmate=12869,3177,2435,0,64,4,30 targets=-21940,-255,7056,0,242,255,60/-/-/- projectiles=-
retail_frame=6080 camera=22185,3153,2435,0,0,0 player=22185,3177,2435,0,64,3,30 wingmate=12841,3177,2435,0,64,3,30 targets=-21868,-166,7272,0,242,0,60/-/-/- projectiles=-
retail_frame=6084 camera=22129,3154,2435,0,0,0 player=22129,3177,2435,0,64,2,30 wingmate=22129,3154,2435,0,64,2,30 targets=-21796,-79,7488,0,242,0,60/-/-/- projectiles=-
retail_frame=6088 camera=22101,3154,2435,0,0,0 player=22101,3177,2435,0,64,2,30 wingmate=12757,3177,2435,0,64,2,30 targets=-21652,88,7920,0,242,2,60/-/-/- projectiles=-
retail_frame=6092 camera=22073,3154,2435,0,0,0 player=22073,3177,2435,0,64,1,30 wingmate=12729,3177,2435,0,64,1,30 targets=-21580,168,8136,0,242,3,60/-/-/- projectiles=-
retail_frame=6096 camera=22017,3155,2435,0,0,0 player=22017,3177,2435,0,64,255,30 wingmate=22017,3155,2435,0,64,255,30 targets=-21512,246,8356,0,243,4,60/-/-/- projectiles=-
retail_frame=6100 camera=21989,3156,2435,0,0,0 player=21989,3177,2435,0,64,254,30 wingmate=12645,3177,2435,0,64,254,30 targets=-21396,394,8800,0,245,6,60/-/-/- projectiles=-
retail_frame=6104 camera=21961,3157,2435,0,0,0 player=21961,3177,2435,0,64,254,30 wingmate=12617,3177,2435,0,64,254,30 targets=-/-/-/- projectiles=-
retail_frame=6108 camera=21931,3158,2435,0,0,0 player=21905,3177,2435,0,64,253,30 wingmate=12561,3177,2435,0,64,0,30 targets=-/-/-/- projectiles=-
retail_frame=6112 camera=21868,3161,2435,0,0,0 player=21877,3177,2435,0,64,252,30 wingmate=12533,3177,2435,0,64,0,30 targets=-/-/-/- projectiles=-
retail_frame=6116 camera=21844,3164,2435,0,0,0 player=21821,3177,2435,0,64,252,30 wingmate=21802,3166,2435,0,64,252,30 targets=-/-/-/- projectiles=-
retail_frame=6120 camera=21809,3167,2435,0,0,0 player=21793,3177,2435,0,64,252,30 wingmate=12449,3177,2435,0,64,0,30 targets=-/-/-/- projectiles=-
retail_frame=6124 camera=21793,3168,2435,0,0,0 player=21765,3177,2435,0,64,253,30 wingmate=12421,3177,2435,0,64,0,30 targets=-/-/-/- projectiles=-
retail_frame=6128 camera=21783,3169,2435,0,0,0 player=21737,3177,2435,0,64,253,30 wingmate=12393,3177,2435,0,64,0,30 targets=-/-/-/- projectiles=-
retail_frame=6132 camera=21779,3168,2434,144,56,0 player=21681,3177,2435,0,64,254,30 wingmate=12337,3177,2435,0,64,0,30 targets=-/-/-/- projectiles=-
retail_frame=6136 camera=21755,3166,2431,232,244,0 player=21653,3177,2435,0,64,255,30 wingmate=12309,3177,2435,0,64,0,30 targets=-/-/-/- projectiles=-
retail_frame=6140 camera=21731,3164,2429,220,186,0 player=21597,3177,2435,0,64,1,30 wingmate=12281,3177,2435,0,64,1,30 targets=-/-/-/- projectiles=-
retail_frame=6144 camera=21683,3160,2423,99,158,0 player=21569,3177,2435,0,64,2,30 wingmate=12225,3177,2435,0,64,0,30 targets=-/-/-/- projectiles=-
retail_frame=6148 camera=21658,3158,2419,242,143,0 player=21541,3177,2435,0,64,2,30 wingmate=12197,3177,2435,0,64,0,30 targets=-/-/-/- projectiles=-
retail_frame=6152 camera=21634,3157,2416,157,127,0 player=21485,3177,2435,0,64,3,30 wingmate=12169,3177,2435,0,64,3,30 targets=-/-/-/- projectiles=-
retail_frame=6156 camera=21584,3155,2408,192,135,0 player=21457,3177,2435,0,64,4,30 wingmate=12113,3177,2435,0,64,0,30 targets=-/-/-/- projectiles=-
retail_frame=6160 camera=21559,3154,2404,64,131,0 player=21429,3177,2435,0,64,4,30 wingmate=12085,3177,2435,0,64,0,30 targets=-/-/-/- projectiles=-
retail_frame=6164 camera=21534,3153,2400,44,137,0 player=21373,3177,2435,0,64,4,30 wingmate=12057,3177,2435,0,64,4,30 targets=-/-/-/- projectiles=-
retail_frame=6168 camera=21483,3151,2390,149,166,0 player=21345,3177,2435,0,64,3,30 wingmate=12001,3177,2435,0,64,0,30 targets=-/-/-/- projectiles=-
retail_frame=6172 camera=21458,3150,2386,226,179,0 player=21317,3177,2435,0,64,3,30 wingmate=11973,3177,2435,0,64,0,30 targets=-/-/-/- projectiles=-
retail_frame=6176 camera=21432,3149,2381,57,185,0 player=21261,3177,2435,0,64,2,30 wingmate=11945,3177,2435,0,64,2,30 targets=-/-/-/- projectiles=-
retail_frame=6180 camera=21382,3147,2370,220,178,0 player=21233,3177,2435,0,64,1,30 wingmate=11889,3177,2435,0,64,0,30 targets=-/-/-/- projectiles=-
retail_frame=6184 camera=21356,3146,2364,26,193,0 player=21205,3177,2435,0,64,0,30 wingmate=11861,3177,2435,0,64,0,30 targets=-/-/-/- projectiles=-
retail_frame=6188 camera=21331,3145,2358,101,208,0 player=21149,3177,2435,0,64,254,30 wingmate=11833,3177,2435,0,64,254,30 targets=-/-/-/- projectiles=-
retail_frame=6192 camera=21279,3143,2346,221,196,0 player=21121,3177,2435,0,64,254,30 wingmate=11777,3177,2435,0,64,0,30 targets=-/-/-/- projectiles=-
retail_frame=6196 camera=21253,3142,2339,30,218,0 player=21093,3177,2435,0,64,253,30 wingmate=11749,3177,2435,0,64,0,30 targets=-/-/-/- projectiles=-
retail_frame=6200 camera=21228,3141,2333,79,205,0 player=21037,3177,2435,0,64,252,30 wingmate=11721,3177,2435,0,64,252,30 targets=-/-/-/- projectiles=-
retail_frame=6204 camera=21173,3139,2319,173,243,0 player=21009,3177,2435,0,64,252,30 wingmate=11665,3177,2435,0,64,0,30 targets=-/-/-/- projectiles=-
retail_frame=6208 camera=21148,3138,2312,214,217,0 player=20981,3177,2435,0,64,252,30 wingmate=11637,3177,2435,0,64,0,30 targets=-/-/-/- projectiles=-
retail_frame=6212 camera=21120,3137,2304,251,236,0 player=20925,3177,2435,0,64,253,30 wingmate=11609,3177,2435,0,64,253,30 targets=-/-/-/- projectiles=-
retail_frame=6216 camera=21065,3135,2291,68,211,0 player=20897,3177,2435,0,64,253,30 wingmate=11553,3177,2435,0,64,0,30 targets=-/-/-/- projectiles=-
retail_frame=6220 camera=21037,3134,2283,106,217,0 player=20869,3177,2435,0,64,254,30 wingmate=11525,3177,2435,0,64,0,30 targets=-/-/-/- projectiles=-
retail_frame=6224 camera=21008,3133,2276,125,228,0 player=20813,3177,2435,0,64,255,30 wingmate=11497,3177,2435,0,64,255,30 targets=-/-/-/- projectiles=-
retail_frame=6228 camera=20951,3131,2261,183,249,0 player=20785,3177,2435,0,64,0,30 wingmate=11441,3177,2435,0,64,0,30 targets=-/-/-/- projectiles=-
retail_frame=6232 camera=20923,3130,2252,219,4,0 player=20757,3177,2435,0,64,1,30 wingmate=11413,3177,2435,0,64,0,30 targets=-/-/-/- projectiles=-
retail_frame=6236 camera=20892,3129,2244,253,42,0 player=20701,3177,2435,0,64,2,30 wingmate=11385,3177,2435,0,64,2,30 targets=-/-/-/- projectiles=-
retail_frame=6240 camera=20834,3127,2228,61,42,0 player=20673,3177,2435,0,64,3,30 wingmate=11329,3177,2435,0,64,3,30 targets=-/-/-/- projectiles=-
retail_frame=6244 camera=20803,3127,2220,94,53,0 player=20645,3177,2435,0,64,3,30 wingmate=11301,3177,2435,0,64,3,30 targets=-/-/-/- projectiles=-
retail_frame=6248 camera=20773,3127,2214,123,34,0 player=20589,3177,2435,0,64,4,30 wingmate=11273,3177,2435,0,64,4,30 targets=-/-/-/- projectiles=-
retail_frame=6252 camera=20710,3127,2197,176,44,0 player=20561,3177,2435,0,64,4,30 wingmate=11217,3177,2435,0,64,4,30 targets=-/-/-/- projectiles=-
retail_frame=6256 camera=20680,3127,2191,200,14,0 player=20533,3177,2435,0,64,4,30 wingmate=11189,3177,2435,0,64,4,30 targets=-/-/-/- projectiles=-
retail_frame=6260 camera=20647,3127,2182,220,39,0 player=20477,3177,2435,0,64,3,30 wingmate=11161,3177,2435,0,64,3,30 targets=-/-/-/- projectiles=-
retail_frame=6264 camera=20584,3127,2166,5,49,0 player=20449,3177,2435,0,64,2,30 wingmate=11105,3177,2435,0,64,2,30 targets=-/-/-/- projectiles=-
retail_frame=6268 camera=20551,3127,2159,26,48,0 player=20421,3177,2435,0,64,2,30 wingmate=11077,3177,2435,0,64,2,30 targets=-/-/-/- projectiles=-
retail_frame=6272 camera=20518,3127,2150,37,56,0 player=20365,3177,2435,0,64,0,30 wingmate=11049,3177,2435,0,64,0,30 targets=-/-/-/- projectiles=-
retail_frame=6276 camera=20451,3127,2136,65,58,0 player=20337,3177,2435,0,64,255,30 wingmate=10993,3177,2435,0,64,255,30 targets=-/-/-/- projectiles=-
retail_frame=6280 camera=20417,3127,2129,72,61,0 player=20309,3177,2435,0,64,254,30 wingmate=10965,3177,2435,0,64,254,30 targets=-/-/-/- projectiles=-
retail_frame=6284 camera=20383,3127,2121,88,62,0 player=20253,3177,2435,0,64,253,30 wingmate=10937,3177,2435,0,64,253,30 targets=-/-/-/- projectiles=-
retail_frame=6288 camera=20313,3127,2107,108,99,0 player=20225,3177,2435,0,64,253,30 wingmate=10881,3177,2435,0,64,253,30 targets=-/-/-/- projectiles=-
retail_frame=6292 camera=20279,3127,2099,114,97,0 player=20197,3177,2435,0,64,252,30 wingmate=10853,3177,2435,0,64,252,30 targets=-/-/-/- projectiles=-
retail_frame=6296 camera=20243,3127,2094,117,104,0 player=20141,3177,2435,0,64,252,30 wingmate=10825,3177,2435,0,64,252,30 targets=-/-/-/- projectiles=-
retail_frame=6300 camera=20172,3127,2079,131,94,0 player=20113,3177,2435,0,64,252,30 wingmate=10769,3177,2435,0,64,252,30 targets=-/-/-/- projectiles=-
retail_frame=6304 camera=20137,3127,2074,137,87,0 player=20085,3177,2435,0,64,253,30 wingmate=10741,3177,2435,0,64,253,30 targets=-/-/-/- projectiles=-
retail_frame=6308 camera=20100,3127,2066,140,99,0 player=20029,3177,2435,0,64,254,30 wingmate=10713,3177,2435,0,64,254,30 targets=-/-/-/- projectiles=-
retail_frame=6312 camera=20028,3127,2057,143,72,0 player=20001,3177,2435,0,64,254,30 wingmate=10657,3177,2435,0,64,254,30 targets=-/-/-/- projectiles=-
retail_frame=6316 camera=19991,3127,2052,144,52,0 player=19973,3177,2435,0,64,255,30 wingmate=10629,3177,2435,0,64,255,30 targets=-/-/-/- projectiles=-
