# Compact oracle evidence for first-reengagement hostile projectiles.
# Raw source SHA-256: 7956ea5e0ab64fd15f10acfb6353b0a34fdc9cdc9bedc0c7763bd0a0adb539c5
# Source path addresses and opaque actor storage were reduced to gameplay operations.
elapsed=15497 source=06B1 action=set-cruise-speed pose=-84,2041,-4644,2,240,0,30 target=3045,3177,2435,0,64,2,30
elapsed=15497 source=06B1 action=contract pose=-84,2041,-4644,2,240,0,63 target=3045,3177,2435,0,64,2,30
elapsed=15497 source=06B1 action=contract pose=-34,2059,-4529,2,240,0,63 target=3045,3177,2435,0,64,2,30
elapsed=15497 source=06B1 action=contract pose=16,2077,-4414,2,240,0,63 target=3045,3177,2435,0,64,2,30
elapsed=15497 source=06B1 action=face-immediate pose=66,2095,-4300,2,240,0,63 target=3045,3177,2435,0,64,2,30
elapsed=15497 source=06B1 action=advance-homing pose=66,2095,-4300,8,240,0,63 target=3045,3177,2435,0,64,2,30
elapsed=15501 source=06B1 action=contract pose=154,2139,-4080,8,240,0,63 target=3017,3177,2435,0,64,3,30
elapsed=15501 source=06B1 action=contract pose=204,2157,-3965,8,240,0,63 target=3017,3177,2435,0,64,3,30
elapsed=15501 source=06B1 action=contract pose=254,2175,-3850,8,240,0,63 target=3017,3177,2435,0,64,3,30
elapsed=15501 source=06B1 action=face-immediate pose=304,2193,-3735,8,240,0,63 target=3017,3177,2435,0,64,3,30
elapsed=15501 source=06B1 action=advance-homing pose=304,2193,-3735,8,240,0,63 target=3017,3177,2435,0,64,3,30
elapsed=15505 source=06B1 action=contract pose=392,2237,-3515,8,240,0,63 target=2989,3177,2435,0,64,3,30
elapsed=15505 source=06B1 action=contract pose=442,2255,-3400,8,240,0,63 target=2989,3177,2435,0,64,3,30
elapsed=15505 source=06B1 action=contract pose=492,2273,-3285,8,240,0,63 target=2989,3177,2435,0,64,3,30
elapsed=15505 source=06B1 action=face-immediate pose=542,2291,-3170,8,240,0,63 target=2989,3177,2435,0,64,3,30
elapsed=15505 source=06B1 action=advance-homing pose=542,2291,-3170,8,240,0,63 target=2989,3177,2435,0,64,3,30
elapsed=15509 source=06B1 action=contract pose=630,2335,-2950,8,240,0,63 target=2961,3177,2435,0,64,4,30
elapsed=15509 source=06B1 action=contract pose=679,2353,-2835,8,240,0,63 target=2961,3177,2435,0,64,4,30
elapsed=15509 source=06B1 action=contract pose=729,2370,-2720,8,240,0,63 target=2961,3177,2435,0,64,4,30
elapsed=15509 source=06B1 action=face-immediate pose=779,2388,-2605,8,240,0,63 target=2961,3177,2435,0,64,4,30
elapsed=15509 source=06B1 action=advance-homing pose=779,2388,-2605,8,240,0,63 target=2961,3177,2435,0,64,4,30
elapsed=15513 source=06B1 action=contract pose=867,2432,-2385,8,240,0,63 target=2933,3177,2435,0,64,4,30
elapsed=15513 source=06B1 action=contract pose=916,2449,-2270,8,240,0,63 target=2933,3177,2435,0,64,4,30
elapsed=15513 source=06B1 action=contract pose=965,2466,-2155,8,240,0,63 target=2933,3177,2435,0,64,4,30
elapsed=15513 source=06B1 action=face-immediate pose=1014,2483,-2040,8,240,0,63 target=2933,3177,2435,0,64,4,30
elapsed=15513 source=06B1 action=advance-homing pose=1014,2483,-2040,8,240,0,63 target=2933,3177,2435,0,64,4,30
elapsed=15517 source=06B1 action=contract pose=1102,2527,-1820,8,240,0,63 target=2905,3177,2435,0,64,4,30
elapsed=15517 source=06B1 action=contract pose=1151,2544,-1705,8,240,0,63 target=2905,3177,2435,0,64,4,30
elapsed=15517 source=06B1 action=contract pose=1200,2561,-1590,8,240,0,63 target=2905,3177,2435,0,64,4,30
elapsed=15517 source=06B1 action=face-immediate pose=1249,2578,-1475,8,240,0,63 target=2905,3177,2435,0,64,4,30
elapsed=15517 source=06B1 action=advance-homing pose=1249,2578,-1475,8,240,0,63 target=2905,3177,2435,0,64,4,30
elapsed=15521 source=06B1 action=contract pose=1337,2622,-1255,8,240,0,63 target=2877,3177,2435,0,64,4,30
elapsed=15521 source=06B1 action=contract pose=1385,2639,-1139,8,240,0,63 target=2877,3177,2435,0,64,4,30
elapsed=15521 source=06B1 action=contract pose=1433,2656,-1023,8,240,0,63 target=2877,3177,2435,0,64,4,30
elapsed=15521 source=06B1 action=face-immediate pose=1481,2673,-907,8,240,0,63 target=2877,3177,2435,0,64,4,30
elapsed=15521 source=06B1 action=advance-homing pose=1481,2673,-907,8,241,0,63 target=2877,3177,2435,0,64,4,30
elapsed=15525 source=06B1 action=contract pose=1565,2717,-683,8,241,0,63 target=2849,3177,2435,0,64,3,30
elapsed=15525 source=06B1 action=contract pose=1613,2734,-567,8,241,0,63 target=2849,3177,2435,0,64,3,30
elapsed=15526 source=06B1 action=contract pose=1660,2751,-451,8,241,0,63 target=2849,3177,2435,0,64,3,30
elapsed=15526 source=06B1 action=face-immediate pose=1707,2768,-335,8,241,0,63 target=2849,3177,2435,0,64,3,30
elapsed=15526 source=06B1 action=advance-homing pose=1707,2768,-335,8,241,0,63 target=2849,3177,2435,0,64,3,30
elapsed=15530 source=06B1 action=contract pose=1791,2812,-111,8,241,0,63 target=2821,3177,2435,0,64,3,30
elapsed=15530 source=06B1 action=contract pose=1838,2828,5,8,241,0,63 target=2821,3177,2435,0,64,3,30
elapsed=15530 source=06B1 action=contract pose=1885,2844,121,8,241,0,63 target=2821,3177,2435,0,64,3,30
elapsed=15530 source=06B1 action=face-immediate pose=1932,2860,237,8,241,0,63 target=2821,3177,2435,0,64,3,30
elapsed=15530 source=06B1 action=advance-homing pose=1932,2860,237,8,241,0,63 target=2821,3177,2435,0,64,3,30
elapsed=15534 source=06B1 action=contract pose=2016,2904,461,8,241,0,63 target=2793,3177,2435,0,64,2,30
elapsed=15534 source=06B1 action=contract pose=2062,2920,578,8,241,0,63 target=2793,3177,2435,0,64,2,30
elapsed=15534 source=06B1 action=contract pose=2108,2936,695,8,241,0,63 target=2793,3177,2435,0,64,2,30
elapsed=15534 source=06B1 action=face-immediate pose=2154,2952,812,8,241,0,63 target=2793,3177,2435,0,64,2,30
elapsed=15534 source=06B1 action=advance-homing pose=2154,2952,812,7,241,0,63 target=2793,3177,2435,0,64,2,30
elapsed=15538 source=06B1 action=contract pose=2238,2992,1036,7,241,0,63 target=2765,3177,2435,0,64,2,30
elapsed=15538 source=06B1 action=contract pose=2282,3007,1154,7,241,0,63 target=2765,3177,2435,0,64,2,30
elapsed=15538 source=06B1 action=contract pose=2326,3022,1272,7,241,0,63 target=2765,3177,2435,0,64,2,30
elapsed=15538 source=06B1 action=face-immediate pose=2370,3037,1390,7,241,0,63 target=2765,3177,2435,0,64,2,30
elapsed=15538 source=06B1 action=advance-homing pose=2370,3037,1390,7,242,0,63 target=2765,3177,2435,0,64,2,30
elapsed=15542 source=06B1 action=face-immediate pose=2446,3077,1614,7,242,0,63 target=2737,3177,2435,0,64,1,30
elapsed=15542 source=06B1 action=set-cruise-speed pose=2446,3077,1614,6,243,0,63 target=2737,3177,2435,0,64,1,30
elapsed=15543 source=06B1 action=advance-aim pose=2446,3077,1614,6,243,0,63 target=2737,3177,2435,0,64,1,30
elapsed=15547 source=06B1 action=advance-aim pose=2518,3109,1842,6,243,0,63 target=2709,3177,2435,0,64,0,30
elapsed=15547 source=06B1 action=face-smooth pose=2590,3141,2070,6,243,0,63 target=2709,3177,2435,0,64,0,30
elapsed=15551 source=06B1 action=advance-aim pose=2590,3141,2070,5,244,0,63 target=2681,3177,2435,0,64,255,30
elapsed=15555 source=06B1 action=advance-aim pose=2654,3169,2302,5,244,0,63 target=2653,3177,2435,0,64,254,30
elapsed=15559 source=06B1 action=advance-cruise pose=2718,3197,2534,5,244,0,63 target=2625,3177,2435,0,64,224,30
elapsed=16043 source=076E action=set-cruise-speed pose=2364,2636,-7608,3,13,0,30 target=-987,3177,2435,0,64,254,30
elapsed=16043 source=076E action=contract pose=2364,2636,-7608,3,13,0,63 target=-987,3177,2435,0,64,254,30
elapsed=16043 source=076E action=contract pose=2323,2642,-7488,3,13,0,63 target=-987,3177,2435,0,64,254,30
elapsed=16043 source=076E action=contract pose=2282,2648,-7368,3,13,0,63 target=-987,3177,2435,0,64,254,30
elapsed=16043 source=076E action=face-immediate pose=2241,2654,-7248,3,13,0,63 target=-987,3177,2435,0,64,254,30
elapsed=16043 source=076E action=advance-homing pose=2241,2654,-7248,3,13,0,63 target=-987,3177,2435,0,64,254,30
elapsed=16047 source=076E action=contract pose=2169,2670,-7016,3,13,0,63 target=-1015,3177,2435,0,64,254,30
elapsed=16047 source=076E action=contract pose=2128,2676,-6896,3,13,0,63 target=-1015,3177,2435,0,64,254,30
elapsed=16047 source=076E action=contract pose=2087,2682,-6776,3,13,0,63 target=-1015,3177,2435,0,64,254,30
elapsed=16047 source=076E action=face-immediate pose=2046,2688,-6656,3,13,0,63 target=-1015,3177,2435,0,64,254,30
elapsed=16047 source=076E action=advance-homing pose=2046,2688,-6656,3,14,0,63 target=-1015,3177,2435,0,64,254,30
elapsed=16050 source=076E action=contract pose=1970,2704,-6428,3,14,0,63 target=-1043,3177,2435,0,64,255,30
elapsed=16050 source=076E action=contract pose=1928,2710,-6308,3,14,0,63 target=-1043,3177,2435,0,64,255,30
elapsed=16050 source=076E action=contract pose=1886,2716,-6188,3,14,0,63 target=-1043,3177,2435,0,64,255,30
elapsed=16050 source=076E action=face-immediate pose=1844,2722,-6068,3,14,0,63 target=-1043,3177,2435,0,64,255,30
elapsed=16051 source=076E action=advance-homing pose=1844,2722,-6068,3,14,0,63 target=-1043,3177,2435,0,64,255,30
elapsed=16054 source=076E action=contract pose=1768,2738,-5840,3,14,0,63 target=-1071,3177,2435,0,64,0,30
elapsed=16054 source=076E action=contract pose=1726,2744,-5720,3,14,0,63 target=-1071,3177,2435,0,64,0,30
elapsed=16054 source=076E action=contract pose=1684,2750,-5600,3,14,0,63 target=-1071,3177,2435,0,64,0,30
elapsed=16054 source=076E action=face-immediate pose=1642,2756,-5480,3,14,0,63 target=-1071,3177,2435,0,64,0,30
elapsed=16054 source=076E action=advance-homing pose=1642,2756,-5480,3,14,0,63 target=-1071,3177,2435,0,64,0,30
elapsed=16058 source=076E action=contract pose=1566,2772,-5252,3,14,0,63 target=-1099,3177,2435,0,64,1,30
elapsed=16058 source=076E action=contract pose=1524,2778,-5133,3,14,0,63 target=-1099,3177,2435,0,64,1,30
elapsed=16058 source=076E action=contract pose=1482,2784,-5013,3,14,0,63 target=-1099,3177,2435,0,64,1,30
elapsed=16058 source=076E action=face-immediate pose=1440,2790,-4894,3,14,0,63 target=-1099,3177,2435,0,64,1,30
elapsed=16058 source=076E action=advance-homing pose=1440,2790,-4894,3,14,0,63 target=-1099,3177,2435,0,64,1,30
elapsed=16061 source=076E action=contract pose=1364,2806,-4666,3,14,0,63 target=-1127,3177,2435,0,64,2,30
elapsed=16061 source=076E action=contract pose=1321,2812,-4547,3,14,0,63 target=-1127,3177,2435,0,64,2,30
elapsed=16061 source=076E action=contract pose=1278,2818,-4427,3,14,0,63 target=-1127,3177,2435,0,64,2,30
elapsed=16061 source=076E action=face-immediate pose=1235,2824,-4307,3,14,0,63 target=-1127,3177,2435,0,64,2,30
elapsed=16061 source=076E action=advance-homing pose=1235,2824,-4307,3,14,0,63 target=-1127,3177,2435,0,64,2,30
elapsed=16065 source=076E action=contract pose=1159,2840,-4079,3,14,0,63 target=-1155,3177,2435,0,64,2,30
elapsed=16065 source=076E action=contract pose=1116,2846,-3960,3,14,0,63 target=-1155,3177,2435,0,64,2,30
elapsed=16065 source=076E action=contract pose=1073,2852,-3841,3,14,0,63 target=-1155,3177,2435,0,64,2,30
elapsed=16065 source=076E action=face-immediate pose=1030,2858,-3722,3,14,0,63 target=-1155,3177,2435,0,64,2,30
elapsed=16065 source=076E action=advance-homing pose=1030,2858,-3722,3,14,0,63 target=-1155,3177,2435,0,64,2,30
elapsed=16069 source=076E action=contract pose=954,2874,-3494,3,14,0,63 target=-1183,3177,2435,0,64,3,30
elapsed=16069 source=076E action=contract pose=910,2880,-3375,3,14,0,63 target=-1183,3177,2435,0,64,3,30
elapsed=16069 source=076E action=contract pose=866,2885,-3256,3,14,0,63 target=-1183,3177,2435,0,64,3,30
elapsed=16069 source=076E action=face-immediate pose=822,2890,-3137,3,14,0,63 target=-1183,3177,2435,0,64,3,30
elapsed=16069 source=076E action=advance-homing pose=822,2890,-3137,2,14,0,63 target=-1183,3177,2435,0,64,3,30
elapsed=16072 source=076E action=contract pose=746,2898,-2909,2,14,0,63 target=-1211,3177,2435,0,64,3,30
elapsed=16072 source=076E action=contract pose=702,2904,-2790,2,14,0,63 target=-1211,3177,2435,0,64,3,30
elapsed=16072 source=076E action=contract pose=658,2910,-2671,2,14,0,63 target=-1211,3177,2435,0,64,3,30
elapsed=16072 source=076E action=face-immediate pose=614,2916,-2552,2,14,0,63 target=-1211,3177,2435,0,64,3,30
elapsed=16073 source=076E action=advance-homing pose=614,2916,-2552,3,15,0,63 target=-1211,3177,2435,0,64,3,30
elapsed=16076 source=076E action=contract pose=530,2932,-2324,3,15,0,63 target=-1239,3177,2435,0,64,4,30
elapsed=16076 source=076E action=contract pose=485,2938,-2205,3,15,0,63 target=-1239,3177,2435,0,64,4,30
elapsed=16076 source=076E action=contract pose=440,2944,-2086,3,15,0,63 target=-1239,3177,2435,0,64,4,30
elapsed=16076 source=076E action=face-immediate pose=395,2950,-1968,3,15,0,63 target=-1239,3177,2435,0,64,4,30
elapsed=16076 source=076E action=advance-homing pose=395,2950,-1968,2,15,0,63 target=-1239,3177,2435,0,64,4,30
elapsed=16080 source=076E action=contract pose=311,2958,-1740,2,15,0,63 target=-1267,3177,2435,0,64,4,30
elapsed=16080 source=076E action=contract pose=266,2964,-1622,2,15,0,63 target=-1267,3177,2435,0,64,4,30
elapsed=16080 source=076E action=contract pose=221,2970,-1504,2,15,0,63 target=-1267,3177,2435,0,64,4,30
elapsed=16080 source=076E action=face-immediate pose=176,2976,-1386,2,15,0,63 target=-1267,3177,2435,0,64,4,30
elapsed=16080 source=076E action=advance-homing pose=176,2976,-1386,3,15,0,63 target=-1267,3177,2435,0,64,4,30
elapsed=16083 source=076E action=contract pose=92,2992,-1158,3,15,0,63 target=-1295,3177,2435,0,64,4,30
elapsed=16083 source=076E action=contract pose=46,2998,-1040,3,15,0,63 target=-1295,3177,2435,0,64,4,30
elapsed=16083 source=076E action=contract pose=0,3004,-922,3,15,0,63 target=-1295,3177,2435,0,64,4,30
elapsed=16084 source=076E action=face-immediate pose=-46,3010,-804,3,15,0,63 target=-1295,3177,2435,0,64,4,30
elapsed=16084 source=076E action=advance-homing pose=-46,3010,-804,2,15,0,63 target=-1295,3177,2435,0,64,4,30
elapsed=16087 source=076E action=contract pose=-130,3018,-576,2,15,0,63 target=-1323,3177,2435,0,64,4,30
elapsed=16087 source=076E action=contract pose=-177,3024,-458,2,15,0,63 target=-1323,3177,2435,0,64,4,30
elapsed=16087 source=076E action=contract pose=-224,3030,-340,2,15,0,63 target=-1323,3177,2435,0,64,4,30
elapsed=16087 source=076E action=face-immediate pose=-271,3036,-222,2,15,0,63 target=-1323,3177,2435,0,64,4,30
elapsed=16087 source=076E action=advance-homing pose=-271,3036,-222,3,16,0,63 target=-1323,3177,2435,0,64,4,30
elapsed=16091 source=076E action=contract pose=-359,3052,2,3,16,0,63 target=-1351,3177,2435,0,64,3,30
elapsed=16091 source=076E action=contract pose=-408,3057,119,3,16,0,63 target=-1351,3177,2435,0,64,3,30
elapsed=16091 source=076E action=contract pose=-456,3063,236,3,16,0,63 target=-1351,3177,2435,0,64,3,30
elapsed=16091 source=076E action=face-immediate pose=-504,3069,353,3,16,0,63 target=-1351,3177,2435,0,64,3,30
elapsed=16091 source=076E action=advance-homing pose=-504,3069,353,2,16,0,63 target=-1351,3177,2435,0,64,3,30
elapsed=16095 source=076E action=contract pose=-592,3077,577,2,16,0,63 target=-1379,3177,2435,0,64,3,30
elapsed=16095 source=076E action=contract pose=-642,3083,693,2,16,0,63 target=-1379,3177,2435,0,64,3,30
elapsed=16095 source=076E action=contract pose=-692,3089,809,2,16,0,63 target=-1379,3177,2435,0,64,3,30
elapsed=16095 source=076E action=face-immediate pose=-742,3095,925,2,16,0,63 target=-1379,3177,2435,0,64,3,30
elapsed=16095 source=076E action=advance-homing pose=-742,3095,925,3,17,0,63 target=-1379,3177,2435,0,64,3,30
elapsed=16098 source=076E action=contract pose=-838,3111,1149,3,17,0,63 target=-1407,3177,2435,0,64,2,30
elapsed=16098 source=076E action=contract pose=-890,3116,1265,3,17,0,63 target=-1407,3177,2435,0,64,2,30
elapsed=16098 source=076E action=contract pose=-942,3122,1381,3,17,0,63 target=-1407,3177,2435,0,64,2,30
elapsed=16098 source=076E action=face-immediate pose=-994,3128,1497,3,17,0,63 target=-1407,3177,2435,0,64,2,30
elapsed=16098 source=076E action=advance-homing pose=-994,3128,1497,2,17,0,63 target=-1407,3177,2435,0,64,2,30
elapsed=16102 source=04B9 action=set-cruise-speed pose=128,3388,-4876,254,9,0,30 target=-1435,3177,2435,0,64,2,30
elapsed=16103 source=04B9 action=contract pose=128,3388,-4876,254,9,0,63 target=-1435,3177,2435,0,64,2,30
elapsed=16103 source=04B9 action=contract pose=101,3384,-4752,254,9,0,63 target=-1435,3177,2435,0,64,2,30
elapsed=16103 source=04B9 action=contract pose=74,3380,-4628,254,9,0,63 target=-1435,3177,2435,0,64,2,30
elapsed=16103 source=04B9 action=face-immediate pose=47,3376,-4504,254,9,0,63 target=-1435,3177,2435,0,64,2,30
elapsed=16103 source=04B9 action=advance-homing pose=47,3376,-4504,254,9,0,63 target=-1435,3177,2435,0,64,2,30
elapsed=16103 source=076E action=face-immediate pose=-1090,3136,1721,2,17,0,63 target=-1435,3177,2435,0,64,2,30
elapsed=16103 source=076E action=set-cruise-speed pose=-1090,3136,1721,3,19,0,63 target=-1435,3177,2435,0,64,2,30
elapsed=16103 source=076E action=advance-aim pose=-1090,3136,1721,3,19,0,63 target=-1435,3177,2435,0,64,2,30
elapsed=16103 source=076E action=face-smooth pose=-1198,3152,1937,3,19,0,63 target=-1435,3177,2435,0,64,2,30
elapsed=16107 source=04B9 action=contract pose=-1,3368,-4268,254,9,0,63 target=-1463,3177,2435,0,64,1,30
elapsed=16107 source=04B9 action=contract pose=-29,3364,-4144,254,9,0,63 target=-1463,3177,2435,0,64,1,30
elapsed=16107 source=04B9 action=contract pose=-57,3360,-4020,254,9,0,63 target=-1463,3177,2435,0,64,1,30
elapsed=16107 source=04B9 action=face-immediate pose=-85,3356,-3896,254,9,0,63 target=-1463,3177,2435,0,64,1,30
elapsed=16107 source=04B9 action=advance-homing pose=-85,3356,-3896,254,9,0,63 target=-1463,3177,2435,0,64,1,30
elapsed=16107 source=076E action=advance-aim pose=-1198,3152,1937,2,18,0,63 target=-1463,3177,2435,0,64,1,30
elapsed=16111 source=04B9 action=contract pose=-133,3348,-3660,254,9,0,63 target=-1491,3177,2435,0,64,0,30
elapsed=16111 source=04B9 action=contract pose=-161,3344,-3536,254,9,0,63 target=-1491,3177,2435,0,64,0,30
elapsed=16112 source=04B9 action=contract pose=-189,3340,-3412,254,9,0,63 target=-1491,3177,2435,0,64,0,30
elapsed=16112 source=04B9 action=face-immediate pose=-217,3336,-3288,254,9,0,63 target=-1491,3177,2435,0,64,0,30
elapsed=16112 source=04B9 action=advance-homing pose=-217,3336,-3288,254,9,0,63 target=-1491,3177,2435,0,64,0,30
elapsed=16112 source=076E action=advance-aim pose=-1298,3160,2157,2,18,0,63 target=-1491,3177,2435,0,64,0,30
elapsed=16112 source=076E action=face-smooth pose=-1398,3168,2377,2,18,0,63 target=-1491,3177,2435,0,64,0,30
elapsed=16116 source=04B9 action=contract pose=-265,3328,-3052,254,9,0,63 target=-1519,3177,2435,0,64,255,30
elapsed=16116 source=04B9 action=contract pose=-294,3324,-2929,254,9,0,63 target=-1519,3177,2435,0,64,255,30
elapsed=16116 source=04B9 action=contract pose=-323,3320,-2805,254,9,0,63 target=-1519,3177,2435,0,64,255,30
elapsed=16116 source=04B9 action=face-immediate pose=-352,3316,-2682,254,9,0,63 target=-1519,3177,2435,0,64,255,30
elapsed=16116 source=04B9 action=advance-homing pose=-352,3316,-2682,254,10,0,63 target=-1519,3177,2435,0,64,255,30
elapsed=16116 source=076E action=advance-aim pose=-1398,3168,2377,3,24,0,63 target=-1519,3177,2435,0,64,255,30
elapsed=16120 source=04B9 action=contract pose=-404,3308,-2446,254,10,0,63 target=-1547,3177,2435,0,64,254,30
elapsed=16120 source=04B9 action=contract pose=-434,3304,-2323,254,10,0,63 target=-1547,3177,2435,0,64,254,30
elapsed=16120 source=04B9 action=contract pose=-464,3300,-2200,254,10,0,63 target=-1547,3177,2435,0,64,254,30
elapsed=16120 source=04B9 action=face-immediate pose=-494,3296,-2077,254,10,0,63 target=-1547,3177,2435,0,64,254,30
elapsed=16120 source=04B9 action=advance-homing pose=-494,3296,-2077,254,10,0,63 target=-1547,3177,2435,0,64,254,30
elapsed=16120 source=076E action=advance-cruise pose=-1530,3184,2577,3,24,0,63 target=-1547,3177,2435,0,64,254,30
elapsed=16124 source=04B9 action=contract pose=-546,3288,-1841,254,10,0,63 target=-1575,3177,2435,0,64,254,30
elapsed=16124 source=04B9 action=contract pose=-576,3284,-1718,254,10,0,63 target=-1575,3177,2435,0,64,254,30
elapsed=16124 source=04B9 action=contract pose=-606,3280,-1595,254,10,0,63 target=-1575,3177,2435,0,64,254,30
elapsed=16124 source=04B9 action=face-immediate pose=-636,3276,-1472,254,10,0,63 target=-1575,3177,2435,0,64,254,30
elapsed=16124 source=04B9 action=advance-homing pose=-636,3276,-1472,254,10,0,63 target=-1575,3177,2435,0,64,254,30
elapsed=16124 source=076E action=advance-cruise pose=-1662,3200,2777,3,24,0,63 target=-1575,3177,2435,0,64,254,30
elapsed=16128 source=04B9 action=contract pose=-688,3268,-1236,254,10,0,63 target=-1603,3177,2435,0,64,253,30
elapsed=16128 source=04B9 action=contract pose=-719,3264,-1113,254,10,0,63 target=-1603,3177,2435,0,64,253,30
elapsed=16128 source=04B9 action=contract pose=-750,3260,-990,254,10,0,63 target=-1603,3177,2435,0,64,253,30
elapsed=16128 source=04B9 action=face-immediate pose=-781,3256,-867,254,10,0,63 target=-1603,3177,2435,0,64,253,30
elapsed=16128 source=04B9 action=advance-homing pose=-781,3256,-867,254,10,0,63 target=-1603,3177,2435,0,64,253,30
elapsed=16128 source=076E action=advance-cruise pose=-1794,3216,2977,3,24,0,63 target=-1603,3177,2435,0,64,253,30
elapsed=16132 source=04B9 action=contract pose=-833,3248,-631,254,10,0,63 target=-1631,3177,2435,0,64,253,30
elapsed=16132 source=04B9 action=contract pose=-866,3245,-508,254,10,0,63 target=-1631,3177,2435,0,64,253,30
elapsed=16132 source=04B9 action=contract pose=-899,3242,-386,254,10,0,63 target=-1631,3177,2435,0,64,253,30
elapsed=16132 source=04B9 action=face-immediate pose=-931,3239,-264,254,10,0,63 target=-1631,3177,2435,0,64,253,30
elapsed=16132 source=04B9 action=advance-homing pose=-931,3239,-264,254,11,0,63 target=-1631,3177,2435,0,64,253,30
elapsed=16132 source=076E action=advance-cruise pose=-1926,3232,3177,3,24,0,63 target=-1631,3177,2435,0,64,253,30
elapsed=16136 source=04B9 action=contract pose=-991,3231,-28,254,11,0,63 target=-1659,3177,2435,0,64,252,30
elapsed=16136 source=04B9 action=contract pose=-1025,3228,94,254,11,0,63 target=-1659,3177,2435,0,64,252,30
elapsed=16136 source=04B9 action=contract pose=-1059,3225,216,254,11,0,63 target=-1659,3177,2435,0,64,252,30
elapsed=16136 source=04B9 action=face-immediate pose=-1093,3222,338,254,11,0,63 target=-1659,3177,2435,0,64,252,30
elapsed=16136 source=04B9 action=advance-homing pose=-1093,3222,338,254,11,0,63 target=-1659,3177,2435,0,64,252,30
elapsed=16136 source=076E action=advance-cruise pose=-2058,3248,3377,3,24,0,63 target=-1659,3177,2435,0,64,252,30
elapsed=16140 source=04B9 action=contract pose=-1153,3214,574,254,11,0,63 target=-1687,3177,2435,0,64,252,30
elapsed=16140 source=04B9 action=contract pose=-1189,3211,696,254,11,0,63 target=-1687,3177,2435,0,64,252,30
elapsed=16140 source=04B9 action=contract pose=-1224,3208,818,254,11,0,63 target=-1687,3177,2435,0,64,252,30
elapsed=16140 source=04B9 action=face-immediate pose=-1260,3205,940,254,11,0,63 target=-1687,3177,2435,0,64,252,30
elapsed=16140 source=04B9 action=advance-homing pose=-1260,3205,940,254,12,0,63 target=-1687,3177,2435,0,64,252,30
elapsed=16140 source=076E action=advance-cruise pose=-2190,3264,3577,3,24,0,63 target=-1687,3177,2435,0,64,252,30
elapsed=16144 source=04B9 action=contract pose=-1324,3197,1172,254,12,0,63 target=-1715,3177,2435,0,64,252,30
elapsed=16144 source=04B9 action=contract pose=-1362,3195,1293,254,12,0,63 target=-1715,3177,2435,0,64,252,30
elapsed=16144 source=04B9 action=contract pose=-1400,3193,1414,254,12,0,63 target=-1715,3177,2435,0,64,252,30
elapsed=16144 source=04B9 action=face-immediate pose=-1438,3191,1535,254,12,0,63 target=-1715,3177,2435,0,64,252,30
elapsed=16145 source=04B9 action=advance-homing pose=-1438,3191,1535,255,12,0,63 target=-1715,3177,2435,0,64,252,30
elapsed=16145 source=076E action=advance-cruise pose=-2322,3280,3777,3,24,0,63 target=-1715,3177,2435,0,64,252,30
elapsed=16149 source=04B9 action=face-immediate pose=-1502,3187,1767,255,12,0,63 target=-1743,3177,2435,0,64,252,30
elapsed=16149 source=04B9 action=set-cruise-speed pose=-1502,3187,1767,255,14,0,63 target=-1743,3177,2435,0,64,252,30
elapsed=16149 source=04B9 action=advance-aim pose=-1502,3187,1767,255,14,0,63 target=-1743,3177,2435,0,64,252,30
elapsed=16149 source=076E action=advance-cruise pose=-2454,3296,3977,3,24,0,63 target=-1743,3177,2435,0,64,252,30
elapsed=16153 source=04B9 action=advance-aim pose=-1578,3183,1995,255,14,0,63 target=-1771,3177,2435,0,64,253,30
elapsed=16153 source=04B9 action=face-smooth pose=-1654,3179,2223,255,14,0,63 target=-1771,3177,2435,0,64,253,30
elapsed=16153 source=076E action=advance-cruise pose=-2586,3312,4177,3,24,0,63 target=-1771,3177,2435,0,64,253,30
elapsed=16157 source=04B9 action=advance-aim pose=-1654,3179,2223,255,15,0,63 target=-1799,3177,2435,0,64,253,30
elapsed=16157 source=076E action=advance-cruise pose=-2718,3328,4377,3,24,0,63 target=-1799,3177,2435,0,64,253,30
elapsed=16161 source=04B9 action=advance-aim pose=-1738,3175,2451,255,15,0,63 target=-1827,3177,2435,0,64,254,30
elapsed=16162 source=076E action=advance-cruise pose=-2850,3344,4577,3,24,0,63 target=-1827,3177,2435,0,64,254,30
elapsed=16166 source=04B9 action=advance-cruise pose=-1822,3171,2679,255,15,0,63 target=-1855,3177,2435,0,64,254,30
elapsed=16166 source=076E action=advance-cruise pose=-2982,3360,4777,3,24,0,63 target=-1855,3177,2435,0,64,254,30
elapsed=16169 source=04B9 action=advance-cruise pose=-1906,3167,2907,255,15,0,63 target=-1883,3177,2435,0,64,255,30
elapsed=16170 source=076E action=advance-cruise pose=-3114,3376,4977,3,24,0,63 target=-1883,3177,2435,0,64,255,30
elapsed=16174 source=04B9 action=advance-cruise pose=-1990,3163,3135,255,15,0,63 target=-1911,3177,2435,0,64,0,30
elapsed=16174 source=076E action=advance-cruise pose=-3246,3392,5177,3,24,0,63 target=-1911,3177,2435,0,64,0,30
elapsed=16177 source=04B9 action=advance-cruise pose=-2074,3159,3363,255,15,0,63 target=-1939,3177,2435,0,64,1,30
elapsed=16178 source=076E action=advance-cruise pose=-3378,3408,5377,3,24,0,63 target=-1939,3177,2435,0,64,1,30
elapsed=16181 source=04B9 action=advance-cruise pose=-2158,3155,3591,255,15,0,63 target=-1967,3177,2435,0,64,2,30
elapsed=16185 source=04B9 action=advance-cruise pose=-2242,3151,3819,255,15,0,63 target=-1995,3177,2435,0,64,2,30
elapsed=16189 source=04B9 action=advance-cruise pose=-2326,3147,4047,255,15,0,63 target=-2023,3177,2435,0,64,3,30
elapsed=16193 source=04B9 action=advance-cruise pose=-2410,3143,4275,255,15,0,63 target=-2051,3177,2435,0,64,3,30
elapsed=16197 source=04B9 action=advance-cruise pose=-2494,3139,4503,255,15,0,63 target=-2079,3177,2435,0,64,4,30
elapsed=16201 source=04B9 action=advance-cruise pose=-2578,3135,4731,255,15,0,63 target=-2107,3177,2435,0,64,4,30
elapsed=16204 source=04B9 action=advance-cruise pose=-2662,3131,4959,255,15,0,63 target=-2135,3177,2435,0,64,4,30
elapsed=16208 source=04B9 action=advance-cruise pose=-2746,3127,5187,255,15,0,63 target=-2163,3177,2435,0,64,4,30
elapsed=16212 source=04B9 action=advance-cruise pose=-2830,3123,5415,255,15,0,63 target=-2191,3177,2435,0,64,3,30
elapsed=16216 source=04B9 action=advance-cruise pose=-2914,3119,5643,255,15,0,63 target=-2219,3177,2435,0,64,3,30
elapsed=16220 source=04B9 action=advance-cruise pose=-2998,3115,5871,255,15,0,63 target=-2247,3177,2435,0,64,2,30
elapsed=16281 source=076E action=set-cruise-speed pose=4804,-40,-6684,15,28,0,30 target=-2695,3177,2435,0,64,254,30
elapsed=16281 source=076E action=contract pose=4804,-40,-6684,15,28,0,63 target=-2695,3177,2435,0,64,254,30
elapsed=16282 source=076E action=contract pose=4725,-7,-6590,15,28,0,63 target=-2695,3177,2435,0,64,254,30
elapsed=16282 source=076E action=contract pose=4646,26,-6496,15,28,0,63 target=-2695,3177,2435,0,64,254,30
elapsed=16282 source=076E action=face-immediate pose=4567,59,-6401,15,28,0,63 target=-2695,3177,2435,0,64,254,30
elapsed=16282 source=076E action=advance-homing pose=4567,59,-6401,15,28,0,63 target=-2695,3177,2435,0,64,254,30
elapsed=16286 source=076E action=contract pose=4427,147,-6225,15,28,0,63 target=-2723,3177,2435,0,64,255,30
elapsed=16286 source=076E action=contract pose=4348,180,-6131,15,28,0,63 target=-2723,3177,2435,0,64,255,30
elapsed=16286 source=076E action=contract pose=4269,212,-6037,15,28,0,63 target=-2723,3177,2435,0,64,255,30
elapsed=16286 source=076E action=face-immediate pose=4190,245,-5943,15,28,0,63 target=-2723,3177,2435,0,64,255,30
elapsed=16286 source=076E action=advance-homing pose=4190,245,-5943,15,29,0,63 target=-2723,3177,2435,0,64,255,30
elapsed=16290 source=076E action=contract pose=4046,333,-5771,15,29,0,63 target=-2751,3177,2435,0,64,0,30
elapsed=16290 source=076E action=contract pose=3967,365,-5677,15,29,0,63 target=-2751,3177,2435,0,64,0,30
elapsed=16290 source=076E action=contract pose=3888,397,-5583,15,29,0,63 target=-2751,3177,2435,0,64,0,30
elapsed=16290 source=076E action=face-immediate pose=3809,429,-5489,15,29,0,63 target=-2751,3177,2435,0,64,0,30
elapsed=16290 source=076E action=advance-homing pose=3809,429,-5489,15,29,0,63 target=-2751,3177,2435,0,64,0,30
elapsed=16294 source=076E action=contract pose=3665,517,-5317,15,29,0,63 target=-2779,3177,2435,0,64,1,30
elapsed=16294 source=076E action=contract pose=3585,549,-5223,15,29,0,63 target=-2779,3177,2435,0,64,1,30
elapsed=16294 source=076E action=contract pose=3505,581,-5129,15,29,0,63 target=-2779,3177,2435,0,64,1,30
elapsed=16294 source=076E action=face-immediate pose=3426,613,-5035,15,29,0,63 target=-2779,3177,2435,0,64,1,30
elapsed=16294 source=076E action=advance-homing pose=3426,613,-5035,15,29,0,63 target=-2779,3177,2435,0,64,1,30
elapsed=16298 source=076E action=contract pose=3282,701,-4863,15,29,0,63 target=-2807,3177,2435,0,64,2,30
elapsed=16298 source=076E action=contract pose=3202,733,-4769,15,29,0,63 target=-2807,3177,2435,0,64,2,30
elapsed=16298 source=076E action=contract pose=3123,764,-4675,15,29,0,63 target=-2807,3177,2435,0,64,2,30
elapsed=16298 source=076E action=face-immediate pose=3043,795,-4581,15,29,0,63 target=-2807,3177,2435,0,64,2,30
elapsed=16298 source=076E action=advance-homing pose=3043,795,-4581,15,29,0,63 target=-2807,3177,2435,0,64,2,30
elapsed=16302 source=076E action=contract pose=2899,883,-4409,15,29,0,63 target=-2835,3177,2435,0,64,2,30
elapsed=16302 source=076E action=contract pose=2819,914,-4315,15,29,0,63 target=-2835,3177,2435,0,64,2,30
elapsed=16302 source=076E action=contract pose=2739,945,-4221,15,29,0,63 target=-2835,3177,2435,0,64,2,30
elapsed=16302 source=076E action=face-immediate pose=2659,976,-4127,15,29,0,63 target=-2835,3177,2435,0,64,2,30
elapsed=16302 source=076E action=advance-homing pose=2659,976,-4127,14,29,0,63 target=-2835,3177,2435,0,64,2,30
elapsed=16306 source=076E action=contract pose=2511,1056,-3955,14,29,0,63 target=-2863,3177,2435,0,64,3,30
elapsed=16306 source=076E action=contract pose=2431,1087,-3861,14,29,0,63 target=-2863,3177,2435,0,64,3,30
elapsed=16306 source=076E action=contract pose=2351,1118,-3767,14,29,0,63 target=-2863,3177,2435,0,64,3,30
elapsed=16306 source=076E action=face-immediate pose=2271,1149,-3673,14,29,0,63 target=-2863,3177,2435,0,64,3,30
elapsed=16306 source=076E action=advance-homing pose=2271,1149,-3673,14,29,0,63 target=-2863,3177,2435,0,64,3,30
elapsed=16310 source=076E action=contract pose=2123,1229,-3501,14,29,0,63 target=-2891,3177,2435,0,64,3,30
elapsed=16310 source=076E action=contract pose=2043,1259,-3407,14,29,0,63 target=-2891,3177,2435,0,64,3,30
elapsed=16310 source=076E action=contract pose=1963,1289,-3313,14,29,0,63 target=-2891,3177,2435,0,64,3,30
elapsed=16310 source=076E action=face-immediate pose=1883,1319,-3219,14,29,0,63 target=-2891,3177,2435,0,64,3,30
elapsed=16310 source=076E action=advance-homing pose=1883,1319,-3219,14,29,0,63 target=-2891,3177,2435,0,64,3,30
elapsed=16314 source=076E action=contract pose=1735,1399,-3047,14,29,0,63 target=-2919,3177,2435,0,64,4,30
elapsed=16314 source=076E action=contract pose=1654,1429,-2953,14,29,0,63 target=-2919,3177,2435,0,64,4,30
elapsed=16314 source=076E action=contract pose=1573,1459,-2859,14,29,0,63 target=-2919,3177,2435,0,64,4,30
elapsed=16314 source=076E action=face-immediate pose=1492,1489,-2765,14,29,0,63 target=-2919,3177,2435,0,64,4,30
elapsed=16314 source=076E action=advance-homing pose=1492,1489,-2765,14,29,0,63 target=-2919,3177,2435,0,64,4,30
elapsed=16318 source=076E action=contract pose=1344,1569,-2593,14,29,0,63 target=-2947,3177,2435,0,64,4,30
elapsed=16318 source=076E action=contract pose=1263,1599,-2499,14,29,0,63 target=-2947,3177,2435,0,64,4,30
elapsed=16319 source=076E action=contract pose=1182,1629,-2405,14,29,0,63 target=-2947,3177,2435,0,64,4,30
elapsed=16319 source=076E action=face-immediate pose=1101,1658,-2312,14,29,0,63 target=-2947,3177,2435,0,64,4,30
elapsed=16319 source=076E action=advance-homing pose=1101,1658,-2312,14,29,0,63 target=-2947,3177,2435,0,64,4,30
elapsed=16323 source=076E action=contract pose=953,1738,-2140,14,29,0,63 target=-2975,3177,2435,0,64,4,30
elapsed=16323 source=076E action=contract pose=872,1767,-2046,14,29,0,63 target=-2975,3177,2435,0,64,4,30
elapsed=16323 source=076E action=contract pose=791,1796,-1953,14,29,0,63 target=-2975,3177,2435,0,64,4,30
elapsed=16323 source=076E action=face-immediate pose=710,1825,-1860,14,29,0,63 target=-2975,3177,2435,0,64,4,30
elapsed=16323 source=076E action=advance-homing pose=710,1825,-1860,13,29,0,63 target=-2975,3177,2435,0,64,4,30
elapsed=16327 source=076E action=contract pose=562,1901,-1684,13,29,0,63 target=-3003,3177,2435,0,64,4,30
elapsed=16327 source=076E action=contract pose=480,1929,-1591,13,29,0,63 target=-3003,3177,2435,0,64,4,30
elapsed=16327 source=076E action=contract pose=398,1958,-1498,13,29,0,63 target=-3003,3177,2435,0,64,4,30
elapsed=16327 source=076E action=face-immediate pose=316,1987,-1405,13,29,0,63 target=-3003,3177,2435,0,64,4,30
elapsed=16327 source=076E action=advance-homing pose=316,1987,-1405,13,29,0,63 target=-3003,3177,2435,0,64,4,30
elapsed=16331 source=076E action=contract pose=168,2063,-1229,13,29,0,63 target=-3031,3177,2435,0,64,3,30
elapsed=16331 source=076E action=contract pose=86,2091,-1136,13,29,0,63 target=-3031,3177,2435,0,64,3,30
elapsed=16331 source=076E action=contract pose=4,2119,-1043,13,29,0,63 target=-3031,3177,2435,0,64,3,30
elapsed=16331 source=076E action=face-immediate pose=-78,2147,-950,13,29,0,63 target=-3031,3177,2435,0,64,3,30
elapsed=16331 source=076E action=advance-homing pose=-78,2147,-950,13,30,0,63 target=-3031,3177,2435,0,64,3,30
elapsed=16335 source=076E action=contract pose=-230,2223,-778,13,30,0,63 target=-3059,3177,2435,0,64,3,30
elapsed=16335 source=076E action=contract pose=-313,2250,-685,13,30,0,63 target=-3059,3177,2435,0,64,3,30
elapsed=16335 source=076E action=contract pose=-396,2277,-592,13,30,0,63 target=-3059,3177,2435,0,64,3,30
elapsed=16335 source=076E action=face-immediate pose=-479,2304,-499,13,30,0,63 target=-3059,3177,2435,0,64,3,30
elapsed=16335 source=076E action=advance-homing pose=-479,2304,-499,13,30,0,63 target=-3059,3177,2435,0,64,3,30
elapsed=16339 source=076E action=contract pose=-631,2380,-327,13,30,0,63 target=-3087,3177,2435,0,64,2,30
elapsed=16339 source=076E action=contract pose=-714,2406,-235,13,30,0,63 target=-3087,3177,2435,0,64,2,30
elapsed=16339 source=076E action=contract pose=-797,2432,-143,13,30,0,63 target=-3087,3177,2435,0,64,2,30
elapsed=16339 source=076E action=face-immediate pose=-880,2458,-51,13,30,0,63 target=-3087,3177,2435,0,64,2,30
elapsed=16339 source=076E action=advance-homing pose=-880,2458,-51,12,30,0,63 target=-3087,3177,2435,0,64,2,30
elapsed=16343 source=076E action=contract pose=-1032,2526,121,12,30,0,63 target=-3115,3177,2435,0,64,2,30
elapsed=16344 source=076E action=contract pose=-1116,2552,213,12,30,0,63 target=-3115,3177,2435,0,64,2,30
elapsed=16344 source=076E action=contract pose=-1200,2578,305,12,30,0,63 target=-3115,3177,2435,0,64,2,30
elapsed=16344 source=076E action=face-immediate pose=-1284,2604,397,12,30,0,63 target=-3115,3177,2435,0,64,2,30
elapsed=16344 source=076E action=advance-homing pose=-1284,2604,397,12,30,0,63 target=-3115,3177,2435,0,64,2,30
elapsed=16348 source=043B action=set-cruise-speed pose=2428,1917,-3880,8,30,0,30 target=-3143,3177,2435,0,64,1,30
elapsed=16348 source=043B action=contract pose=2428,1917,-3880,8,30,0,63 target=-3143,3177,2435,0,64,1,30
elapsed=16348 source=043B action=contract pose=2344,1935,-3786,8,30,0,63 target=-3143,3177,2435,0,64,1,30
elapsed=16348 source=043B action=contract pose=2260,1953,-3692,8,30,0,63 target=-3143,3177,2435,0,64,1,30
elapsed=16348 source=043B action=face-immediate pose=2176,1971,-3598,8,30,0,63 target=-3143,3177,2435,0,64,1,30
elapsed=16348 source=043B action=advance-homing pose=2176,1971,-3598,8,30,0,63 target=-3143,3177,2435,0,64,1,30
elapsed=16348 source=076E action=contract pose=-1436,2672,569,12,30,0,63 target=-3143,3177,2435,0,64,1,30
elapsed=16348 source=076E action=contract pose=-1521,2696,661,12,30,0,63 target=-3143,3177,2435,0,64,1,30
elapsed=16348 source=076E action=contract pose=-1606,2720,752,12,30,0,63 target=-3143,3177,2435,0,64,1,30
elapsed=16349 source=076E action=face-immediate pose=-1691,2744,844,12,30,0,63 target=-3143,3177,2435,0,64,1,30
elapsed=16349 source=076E action=advance-homing pose=-1691,2744,844,11,31,0,63 target=-3143,3177,2435,0,64,1,30
elapsed=16353 source=043B action=contract pose=2020,2015,-3422,8,30,0,63 target=-3171,3177,2435,0,64,0,30
elapsed=16353 source=043B action=contract pose=1936,2033,-3328,8,30,0,63 target=-3171,3177,2435,0,64,0,30
elapsed=16353 source=043B action=contract pose=1852,2051,-3234,8,30,0,63 target=-3171,3177,2435,0,64,0,30
elapsed=16353 source=043B action=face-immediate pose=1768,2069,-3140,8,30,0,63 target=-3171,3177,2435,0,64,0,30
elapsed=16353 source=043B action=advance-homing pose=1768,2069,-3140,8,30,0,63 target=-3171,3177,2435,0,64,0,30
elapsed=16353 source=076E action=contract pose=-1851,2808,1008,11,31,0,63 target=-3171,3177,2435,0,64,0,30
elapsed=16353 source=076E action=contract pose=-1936,2831,1099,11,31,0,63 target=-3171,3177,2435,0,64,0,30
elapsed=16353 source=076E action=contract pose=-2021,2854,1190,11,31,0,63 target=-3171,3177,2435,0,64,0,30
elapsed=16353 source=076E action=face-immediate pose=-2106,2877,1281,11,31,0,63 target=-3171,3177,2435,0,64,0,30
elapsed=16353 source=076E action=advance-homing pose=-2106,2877,1281,11,31,0,63 target=-3171,3177,2435,0,64,0,30
elapsed=16357 source=043B action=contract pose=1612,2113,-2964,8,30,0,63 target=-3199,3177,2435,0,64,255,30
elapsed=16357 source=043B action=contract pose=1527,2131,-2870,8,30,0,63 target=-3199,3177,2435,0,64,255,30
elapsed=16357 source=043B action=contract pose=1443,2149,-2777,8,30,0,63 target=-3199,3177,2435,0,64,255,30
elapsed=16357 source=043B action=face-immediate pose=1359,2167,-2683,8,30,0,63 target=-3199,3177,2435,0,64,255,30
elapsed=16357 source=043B action=advance-homing pose=1359,2167,-2683,8,30,0,63 target=-3199,3177,2435,0,64,255,30
elapsed=16358 source=076E action=contract pose=-2266,2941,1445,11,31,0,63 target=-3199,3177,2435,0,64,255,30
elapsed=16358 source=076E action=contract pose=-2352,2962,1536,11,31,0,63 target=-3199,3177,2435,0,64,255,30
elapsed=16358 source=076E action=contract pose=-2438,2983,1627,11,31,0,63 target=-3199,3177,2435,0,64,255,30
elapsed=16358 source=076E action=face-immediate pose=-2524,3004,1718,11,31,0,63 target=-3199,3177,2435,0,64,255,30
elapsed=16358 source=076E action=advance-homing pose=-2524,3004,1718,10,31,0,63 target=-3199,3177,2435,0,64,255,30
elapsed=16362 source=043B action=contract pose=1203,2211,-2507,8,30,0,63 target=-3227,3177,2435,0,64,254,30
elapsed=16362 source=043B action=contract pose=1118,2229,-2414,8,30,0,63 target=-3227,3177,2435,0,64,254,30
elapsed=16362 source=043B action=contract pose=1033,2247,-2321,8,30,0,63 target=-3227,3177,2435,0,64,254,30
elapsed=16362 source=043B action=face-immediate pose=948,2265,-2228,8,30,0,63 target=-3227,3177,2435,0,64,254,30
elapsed=16362 source=043B action=advance-homing pose=948,2265,-2228,8,30,0,63 target=-3227,3177,2435,0,64,254,30
elapsed=16362 source=076E action=face-immediate pose=-2684,3060,1886,10,31,0,63 target=-3227,3177,2435,0,64,254,30
elapsed=16362 source=076E action=set-cruise-speed pose=-2684,3060,1886,9,32,0,63 target=-3227,3177,2435,0,64,254,30
elapsed=16362 source=076E action=advance-aim pose=-2684,3060,1886,9,32,0,63 target=-3227,3177,2435,0,64,254,30
elapsed=16362 source=076E action=face-smooth pose=-2848,3112,2050,9,32,0,63 target=-3227,3177,2435,0,64,254,30
elapsed=16367 source=043B action=contract pose=792,2309,-2052,8,30,0,63 target=-3255,3177,2435,0,64,254,30
elapsed=16367 source=043B action=contract pose=707,2326,-1959,8,30,0,63 target=-3255,3177,2435,0,64,254,30
elapsed=16367 source=043B action=contract pose=622,2343,-1866,8,30,0,63 target=-3255,3177,2435,0,64,254,30
elapsed=16367 source=043B action=face-immediate pose=537,2361,-1773,8,30,0,63 target=-3255,3177,2435,0,64,254,30
elapsed=16367 source=043B action=advance-homing pose=537,2361,-1773,8,30,0,63 target=-3255,3177,2435,0,64,254,30
elapsed=16367 source=076E action=advance-aim pose=-2848,3112,2050,8,32,0,63 target=-3255,3177,2435,0,64,254,30
elapsed=16371 source=043B action=contract pose=381,2405,-1597,8,30,0,63 target=-3283,3177,2435,0,64,253,30
elapsed=16371 source=043B action=contract pose=296,2422,-1504,8,30,0,63 target=-3283,3177,2435,0,64,253,30
elapsed=16371 source=043B action=contract pose=211,2439,-1411,8,30,0,63 target=-3283,3177,2435,0,64,253,30
elapsed=16371 source=043B action=face-immediate pose=126,2456,-1318,8,30,0,63 target=-3283,3177,2435,0,64,253,30
elapsed=16371 source=043B action=advance-homing pose=126,2456,-1318,8,30,0,63 target=-3283,3177,2435,0,64,253,30
elapsed=16371 source=076E action=advance-aim pose=-3012,3156,2214,8,32,0,63 target=-3283,3177,2435,0,64,253,30
elapsed=16371 source=076E action=face-smooth pose=-3176,3200,2378,8,32,0,63 target=-3283,3177,2435,0,64,253,30
elapsed=16375 source=043B action=contract pose=-30,2500,-1142,8,30,0,63 target=-3311,3177,2435,0,64,253,30
elapsed=16375 source=043B action=contract pose=-116,2517,-1050,8,30,0,63 target=-3311,3177,2435,0,64,253,30
elapsed=16375 source=043B action=contract pose=-202,2534,-958,8,30,0,63 target=-3311,3177,2435,0,64,253,30
elapsed=16375 source=043B action=face-immediate pose=-288,2551,-866,8,30,0,63 target=-3311,3177,2435,0,64,253,30
elapsed=16375 source=043B action=advance-homing pose=-288,2551,-866,8,31,0,63 target=-3311,3177,2435,0,64,253,30
elapsed=16375 source=076E action=advance-aim pose=-3176,3200,2378,3,35,0,63 target=-3311,3177,2435,0,64,253,30
elapsed=16379 source=043B action=contract pose=-448,2595,-698,8,31,0,63 target=-3339,3177,2435,0,64,252,30
elapsed=16379 source=043B action=contract pose=-534,2612,-606,8,31,0,63 target=-3339,3177,2435,0,64,252,30
elapsed=16379 source=043B action=contract pose=-620,2629,-514,8,31,0,63 target=-3339,3177,2435,0,64,252,30
elapsed=16379 source=043B action=face-immediate pose=-706,2646,-422,8,31,0,63 target=-3339,3177,2435,0,64,252,30
elapsed=16379 source=043B action=advance-homing pose=-706,2646,-422,8,31,0,63 target=-3339,3177,2435,0,64,252,30
elapsed=16379 source=076E action=advance-cruise pose=-3360,3216,2534,3,35,0,63 target=-3339,3177,2435,0,64,252,30
elapsed=16382 source=043B action=contract pose=-866,2690,-254,8,31,0,63 target=-3367,3177,2435,0,64,252,30
elapsed=16383 source=043B action=contract pose=-952,2706,-162,8,31,0,63 target=-3367,3177,2435,0,64,252,30
elapsed=16383 source=043B action=contract pose=-1038,2722,-70,8,31,0,63 target=-3367,3177,2435,0,64,252,30
elapsed=16383 source=043B action=face-immediate pose=-1124,2738,22,8,31,0,63 target=-3367,3177,2435,0,64,252,30
elapsed=16383 source=043B action=advance-homing pose=-1124,2738,22,8,31,0,63 target=-3367,3177,2435,0,64,252,30
elapsed=16383 source=076E action=advance-cruise pose=-3544,3232,2690,3,35,0,63 target=-3367,3177,2435,0,64,252,30
elapsed=16386 source=043B action=contract pose=-1284,2782,190,8,31,0,63 target=-3395,3177,2435,0,64,252,30
elapsed=16386 source=043B action=contract pose=-1371,2798,281,8,31,0,63 target=-3395,3177,2435,0,64,252,30
elapsed=16386 source=043B action=contract pose=-1458,2814,372,8,31,0,63 target=-3395,3177,2435,0,64,252,30
elapsed=16386 source=043B action=face-immediate pose=-1545,2830,463,8,31,0,63 target=-3395,3177,2435,0,64,252,30
elapsed=16386 source=043B action=advance-homing pose=-1545,2830,463,7,31,0,63 target=-3395,3177,2435,0,64,252,30
elapsed=16386 source=076E action=advance-cruise pose=-3728,3248,2846,3,35,0,63 target=-3395,3177,2435,0,64,252,30
elapsed=16390 source=043B action=contract pose=-1709,2870,631,7,31,0,63 target=-3423,3177,2435,0,64,252,30
elapsed=16390 source=043B action=contract pose=-1796,2885,722,7,31,0,63 target=-3423,3177,2435,0,64,252,30
elapsed=16390 source=043B action=contract pose=-1883,2900,813,7,31,0,63 target=-3423,3177,2435,0,64,252,30
elapsed=16390 source=043B action=face-immediate pose=-1970,2915,904,7,31,0,63 target=-3423,3177,2435,0,64,252,30
elapsed=16390 source=043B action=advance-homing pose=-1970,2915,904,7,31,0,63 target=-3423,3177,2435,0,64,252,30
elapsed=16390 source=076E action=advance-cruise pose=-3912,3264,3002,3,35,0,63 target=-3423,3177,2435,0,64,252,30
elapsed=16394 source=043B action=contract pose=-2134,2955,1072,7,31,0,63 target=-3451,3177,2435,0,64,253,30
elapsed=16394 source=043B action=contract pose=-2222,2969,1162,7,31,0,63 target=-3451,3177,2435,0,64,253,30
elapsed=16394 source=043B action=contract pose=-2310,2983,1252,7,31,0,63 target=-3451,3177,2435,0,64,253,30
elapsed=16394 source=043B action=face-immediate pose=-2398,2997,1342,7,31,0,63 target=-3451,3177,2435,0,64,253,30
elapsed=16394 source=043B action=advance-homing pose=-2398,2997,1342,7,32,0,63 target=-3451,3177,2435,0,64,253,30
elapsed=16394 source=076E action=advance-cruise pose=-4096,3280,3158,3,35,0,63 target=-3451,3177,2435,0,64,253,30
elapsed=16398 source=043B action=contract pose=-2562,3037,1506,7,32,0,63 target=-3479,3177,2435,0,64,253,30
elapsed=16398 source=043B action=contract pose=-2651,3050,1595,7,32,0,63 target=-3479,3177,2435,0,64,253,30
elapsed=16398 source=043B action=contract pose=-2740,3063,1684,7,32,0,63 target=-3479,3177,2435,0,64,253,30
elapsed=16398 source=043B action=face-immediate pose=-2829,3076,1774,7,32,0,63 target=-3479,3177,2435,0,64,253,30
elapsed=16398 source=043B action=advance-homing pose=-2829,3076,1774,6,32,0,63 target=-3479,3177,2435,0,64,253,30
elapsed=16398 source=076E action=advance-cruise pose=-4280,3296,3314,3,35,0,63 target=-3479,3177,2435,0,64,253,30
elapsed=16401 source=043B action=face-immediate pose=-2993,3108,1938,6,32,0,63 target=-3507,3177,2435,0,64,254,30
elapsed=16401 source=043B action=set-cruise-speed pose=-2993,3108,1938,5,33,0,63 target=-3507,3177,2435,0,64,254,30
elapsed=16402 source=043B action=advance-aim pose=-2993,3108,1938,5,33,0,63 target=-3507,3177,2435,0,64,254,30
elapsed=16402 source=043B action=face-smooth pose=-3165,3136,2102,5,33,0,63 target=-3507,3177,2435,0,64,254,30
elapsed=16402 source=076E action=advance-cruise pose=-4464,3312,3470,3,35,0,63 target=-3507,3177,2435,0,64,254,30
elapsed=16405 source=043B action=advance-aim pose=-3165,3136,2102,5,33,0,63 target=-3535,3177,2435,0,64,254,30
elapsed=16406 source=076E action=advance-cruise pose=-4648,3328,3626,3,35,0,63 target=-3535,3177,2435,0,64,254,30
elapsed=16409 source=043B action=advance-aim pose=-3337,3164,2266,5,33,0,63 target=-3563,3177,2435,0,64,255,30
elapsed=16409 source=043B action=face-smooth pose=-3509,3192,2430,5,33,0,63 target=-3563,3177,2435,0,64,255,30
elapsed=16409 source=076E action=advance-cruise pose=-4832,3344,3782,3,35,0,63 target=-3563,3177,2435,0,64,255,30
elapsed=16413 source=0672 action=set-cruise-speed pose=-52,3902,-1216,247,32,0,30 target=-3591,3177,2435,0,64,226,30
elapsed=16413 source=0672 action=contract pose=-52,3902,-1216,247,32,0,63 target=-3591,3177,2435,0,64,226,30
elapsed=16414 source=0672 action=contract pose=-140,3883,-1126,247,32,0,63 target=-3591,3177,2435,0,64,226,30
elapsed=16414 source=0672 action=contract pose=-228,3865,-1036,247,32,0,63 target=-3591,3177,2435,0,64,226,30
elapsed=16414 source=0672 action=face-immediate pose=-316,3846,-946,247,32,0,63 target=-3591,3177,2435,0,64,226,30
elapsed=16414 source=0672 action=advance-homing pose=-316,3846,-946,247,32,0,63 target=-3591,3177,2435,0,64,226,30
elapsed=16414 source=043B action=advance-aim pose=-3509,3192,2430,255,40,0,63 target=-3591,3177,2435,0,64,226,30
elapsed=16414 source=076E action=advance-cruise pose=-5016,3360,3938,3,35,0,63 target=-3591,3177,2435,0,64,226,30
elapsed=16418 source=0672 action=contract pose=-480,3794,-782,247,32,0,63 target=-3619,3177,2435,0,64,230,30
elapsed=16418 source=0672 action=contract pose=-569,3776,-692,247,32,0,63 target=-3619,3177,2435,0,64,230,30
elapsed=16418 source=0672 action=contract pose=-658,3758,-602,247,32,0,63 target=-3619,3177,2435,0,64,230,30
elapsed=16418 source=0672 action=face-immediate pose=-747,3740,-512,247,32,0,63 target=-3619,3177,2435,0,64,230,30
elapsed=16418 source=0672 action=advance-homing pose=-747,3740,-512,247,32,0,63 target=-3619,3177,2435,0,64,230,30
elapsed=16418 source=043B action=advance-cruise pose=-3709,3188,2562,255,40,0,63 target=-3619,3177,2435,0,64,230,30
elapsed=16418 source=076E action=advance-cruise pose=-5200,3376,4094,3,35,0,63 target=-3619,3177,2435,0,64,230,30
elapsed=16421 source=0672 action=contract pose=-911,3688,-348,247,32,0,63 target=-3647,3177,2435,0,64,234,30
elapsed=16421 source=0672 action=contract pose=-1000,3671,-259,247,32,0,63 target=-3647,3177,2435,0,64,234,30
elapsed=16421 source=0672 action=contract pose=-1089,3654,-170,247,32,0,63 target=-3647,3177,2435,0,64,234,30
elapsed=16421 source=0672 action=face-immediate pose=-1178,3637,-81,247,32,0,63 target=-3647,3177,2435,0,64,234,30
elapsed=16422 source=0672 action=advance-homing pose=-1178,3637,-81,248,32,0,63 target=-3647,3177,2435,0,64,234,30
elapsed=16422 source=043B action=advance-cruise pose=-3909,3184,2694,255,40,0,63 target=-3647,3177,2435,0,64,234,30
elapsed=16422 source=076E action=advance-cruise pose=-5384,3392,4250,3,35,0,63 target=-3647,3177,2435,0,64,234,30
elapsed=16425 source=0672 action=contract pose=-1342,3593,83,248,32,0,63 target=-3675,3177,2435,0,64,237,30
elapsed=16425 source=0672 action=contract pose=-1431,3577,172,248,32,0,63 target=-3675,3177,2435,0,64,237,30
elapsed=16425 source=0672 action=contract pose=-1520,3561,261,248,32,0,63 target=-3675,3177,2435,0,64,237,30
elapsed=16425 source=0672 action=face-immediate pose=-1609,3545,350,248,32,0,63 target=-3675,3177,2435,0,64,237,30
elapsed=16425 source=0672 action=advance-homing pose=-1609,3545,350,248,32,0,63 target=-3675,3177,2435,0,64,237,30
elapsed=16425 source=043B action=advance-cruise pose=-4109,3180,2826,255,40,0,63 target=-3675,3177,2435,0,64,237,30
elapsed=16425 source=076E action=advance-cruise pose=-5568,3408,4406,3,35,0,63 target=-3675,3177,2435,0,64,237,30
elapsed=16429 source=0672 action=contract pose=-1773,3501,514,248,32,0,63 target=-3703,3177,2435,0,64,240,30
elapsed=16429 source=0672 action=contract pose=-1863,3485,603,248,32,0,63 target=-3703,3177,2435,0,64,240,30
elapsed=16429 source=0672 action=contract pose=-1953,3469,692,248,32,0,63 target=-3703,3177,2435,0,64,240,30
elapsed=16429 source=0672 action=face-immediate pose=-2043,3454,781,248,32,0,63 target=-3703,3177,2435,0,64,240,30
elapsed=16429 source=0672 action=advance-homing pose=-2043,3454,781,248,33,0,63 target=-3703,3177,2435,0,64,240,30
elapsed=16429 source=043B action=advance-cruise pose=-4309,3176,2958,255,40,0,63 target=-3703,3177,2435,0,64,240,30
elapsed=16429 source=076E action=advance-cruise pose=-5752,3424,4562,3,35,0,63 target=-3703,3177,2435,0,64,240,30
elapsed=16433 source=0672 action=contract pose=-2211,3410,941,248,33,0,63 target=-3731,3177,2435,0,64,242,30
elapsed=16433 source=0672 action=contract pose=-2302,3396,1029,248,33,0,63 target=-3731,3177,2435,0,64,242,30
elapsed=16433 source=0672 action=contract pose=-2393,3382,1117,248,33,0,63 target=-3731,3177,2435,0,64,242,30
elapsed=16433 source=0672 action=face-immediate pose=-2484,3368,1205,248,33,0,63 target=-3731,3177,2435,0,64,242,30
elapsed=16433 source=0672 action=advance-homing pose=-2484,3368,1205,249,33,0,63 target=-3731,3177,2435,0,64,242,30
elapsed=16433 source=043B action=advance-cruise pose=-4509,3172,3090,255,40,0,63 target=-3731,3177,2435,0,64,242,30
elapsed=16433 source=076E action=advance-cruise pose=-5936,3440,4718,3,35,0,63 target=-3731,3177,2435,0,64,242,30
elapsed=16436 source=0672 action=contract pose=-2652,3328,1369,249,33,0,63 target=-3759,3177,2435,0,64,245,30
elapsed=16436 source=0672 action=contract pose=-2744,3315,1456,249,33,0,63 target=-3759,3177,2435,0,64,245,30
elapsed=16436 source=0672 action=contract pose=-2836,3302,1543,249,33,0,63 target=-3759,3177,2435,0,64,245,30
elapsed=16436 source=0672 action=face-immediate pose=-2928,3289,1630,249,33,0,63 target=-3759,3177,2435,0,64,245,30
elapsed=16436 source=0672 action=advance-homing pose=-2928,3289,1630,250,33,0,63 target=-3759,3177,2435,0,64,245,30
elapsed=16436 source=043B action=advance-cruise pose=-4709,3168,3222,255,40,0,63 target=-3759,3177,2435,0,64,245,30
elapsed=16440 source=0672 action=face-immediate pose=-3096,3257,1794,250,33,0,63 target=-3787,3177,2435,0,64,246,30
elapsed=16440 source=0672 action=set-cruise-speed pose=-3096,3257,1794,250,34,0,63 target=-3787,3177,2435,0,64,246,30
elapsed=16440 source=0672 action=advance-aim pose=-3096,3257,1794,250,34,0,63 target=-3787,3177,2435,0,64,246,30
elapsed=16440 source=0672 action=face-smooth pose=-3272,3225,1954,250,34,0,63 target=-3787,3177,2435,0,64,246,30
elapsed=16440 source=043B action=advance-cruise pose=-4909,3164,3354,255,40,0,63 target=-3787,3177,2435,0,64,246,30
elapsed=16444 source=0672 action=advance-aim pose=-3272,3225,1954,251,34,0,63 target=-3815,3177,2435,0,64,247,30
elapsed=16444 source=043B action=advance-cruise pose=-5109,3160,3486,255,40,0,63 target=-3815,3177,2435,0,64,247,30
elapsed=16447 source=0672 action=advance-aim pose=-3452,3197,2114,251,34,0,63 target=-3843,3177,2435,0,64,248,30
elapsed=16447 source=0672 action=face-smooth pose=-3632,3169,2274,251,34,0,63 target=-3843,3177,2435,0,64,248,30
elapsed=16447 source=043B action=advance-cruise pose=-5309,3156,3618,255,40,0,63 target=-3843,3177,2435,0,64,248,30
elapsed=16451 source=0672 action=advance-aim pose=-3632,3169,2274,252,35,0,63 target=-3871,3177,2435,0,64,248,30
elapsed=16451 source=043B action=advance-cruise pose=-5509,3152,3750,255,40,0,63 target=-3871,3177,2435,0,64,248,30
elapsed=16454 source=0672 action=advance-aim pose=-3816,3149,2430,252,35,0,63 target=-3899,3177,2435,0,64,249,30
elapsed=16455 source=043B action=advance-cruise pose=-5709,3148,3882,255,40,0,63 target=-3899,3177,2435,0,64,249,30
elapsed=16458 source=0672 action=advance-cruise pose=-4000,3129,2586,252,35,0,63 target=-3927,3177,2435,0,64,249,30
elapsed=16458 source=043B action=advance-cruise pose=-5909,3144,4014,255,40,0,63 target=-3927,3177,2435,0,64,249,30
elapsed=16462 source=0672 action=advance-cruise pose=-4184,3109,2742,252,35,0,63 target=-3955,3177,2435,0,64,250,30
elapsed=16462 source=043B action=advance-cruise pose=-6109,3140,4146,255,40,0,63 target=-3955,3177,2435,0,64,250,30
elapsed=16465 source=0672 action=advance-cruise pose=-4368,3089,2898,252,35,0,63 target=-3983,3177,2435,0,64,250,30
elapsed=16465 source=043B action=advance-cruise pose=-6309,3136,4278,255,40,0,63 target=-3983,3177,2435,0,64,250,30
elapsed=16469 source=0672 action=advance-cruise pose=-4552,3069,3054,252,35,0,63 target=-4011,3177,2435,0,64,250,30
elapsed=16469 source=043B action=advance-cruise pose=-6509,3132,4410,255,40,0,63 target=-4011,3177,2435,0,64,250,30
elapsed=16472 source=0672 action=advance-cruise pose=-4736,3049,3210,252,35,0,63 target=-4039,3177,2435,0,64,250,30
elapsed=16475 source=0672 action=advance-cruise pose=-4920,3029,3366,252,35,0,63 target=-4067,3177,2435,0,64,250,30
elapsed=16479 source=0672 action=advance-cruise pose=-5104,3009,3522,252,35,0,63 target=-4095,3177,2435,0,64,251,30
elapsed=16483 source=0672 action=advance-cruise pose=-5288,2989,3678,252,35,0,63 target=-4123,3177,2435,0,64,251,30
elapsed=16486 source=0672 action=advance-cruise pose=-5472,2969,3834,252,35,0,63 target=-4151,3177,2435,0,64,252,30
elapsed=16490 source=0672 action=advance-cruise pose=-5656,2949,3990,252,35,0,63 target=-4179,3177,2435,0,64,252,30
elapsed=16493 source=0672 action=advance-cruise pose=-5840,2929,4146,252,35,0,63 target=-4207,3177,2435,0,64,252,30
elapsed=16496 source=0672 action=advance-cruise pose=-6024,2909,4302,252,35,0,63 target=-4235,3177,2435,0,64,252,30
elapsed=16500 source=0672 action=advance-cruise pose=-6208,2889,4458,252,35,0,63 target=-4263,3177,2435,0,64,252,30
elapsed=16503 source=0672 action=advance-cruise pose=-6392,2869,4614,252,35,0,63 target=-4291,3177,2435,0,64,253,30
elapsed=16507 source=0672 action=advance-cruise pose=-6576,2849,4770,252,35,0,63 target=-4319,3177,2435,0,64,253,30
elapsed=16692 source=04B9 action=set-cruise-speed pose=388,5523,4328,235,76,0,30 target=-5915,3177,2435,0,64,252,30
elapsed=16692 source=04B9 action=contract pose=388,5523,4328,235,76,0,63 target=-5915,3177,2435,0,64,252,30
elapsed=16692 source=04B9 action=contract pose=272,5480,4293,235,76,0,63 target=-5915,3177,2435,0,64,252,30
elapsed=16692 source=04B9 action=contract pose=157,5437,4258,235,76,0,63 target=-5915,3177,2435,0,64,252,30
elapsed=16692 source=04B9 action=face-immediate pose=41,5394,4223,235,76,0,63 target=-5915,3177,2435,0,64,252,30
elapsed=16692 source=04B9 action=advance-homing pose=41,5394,4223,235,76,0,63 target=-5915,3177,2435,0,64,252,30
elapsed=16695 source=04B9 action=contract pose=-159,5274,4167,235,76,0,63 target=-5943,3177,2435,0,64,252,30
elapsed=16695 source=04B9 action=contract pose=-275,5232,4132,235,76,0,63 target=-5943,3177,2435,0,64,252,30
elapsed=16695 source=04B9 action=contract pose=-391,5190,4097,235,76,0,63 target=-5943,3177,2435,0,64,252,30
elapsed=16696 source=04B9 action=face-immediate pose=-507,5148,4062,235,76,0,63 target=-5943,3177,2435,0,64,252,30
elapsed=16696 source=04B9 action=advance-homing pose=-507,5148,4062,236,76,0,63 target=-5943,3177,2435,0,64,252,30
elapsed=16699 source=04B9 action=contract pose=-711,5032,4006,236,76,0,63 target=-5971,3177,2435,0,64,253,30
elapsed=16699 source=04B9 action=contract pose=-827,4991,3971,236,76,0,63 target=-5971,3177,2435,0,64,253,30
elapsed=16699 source=04B9 action=contract pose=-943,4950,3936,236,76,0,63 target=-5971,3177,2435,0,64,253,30
elapsed=16699 source=04B9 action=face-immediate pose=-1059,4909,3901,236,76,0,63 target=-5971,3177,2435,0,64,253,30
elapsed=16699 source=04B9 action=advance-homing pose=-1059,4909,3901,236,76,0,63 target=-5971,3177,2435,0,64,253,30
elapsed=16702 source=04B9 action=contract pose=-1263,4793,3845,236,76,0,63 target=-5999,3177,2435,0,64,253,30
elapsed=16703 source=04B9 action=contract pose=-1379,4753,3810,236,76,0,63 target=-5999,3177,2435,0,64,253,30
elapsed=16703 source=04B9 action=contract pose=-1496,4713,3775,236,76,0,63 target=-5999,3177,2435,0,64,253,30
elapsed=16703 source=04B9 action=face-immediate pose=-1613,4673,3740,236,76,0,63 target=-5999,3177,2435,0,64,253,30
elapsed=16703 source=04B9 action=advance-homing pose=-1613,4673,3740,237,76,0,63 target=-5999,3177,2435,0,64,253,30
elapsed=16706 source=04B9 action=contract pose=-1821,4561,3680,237,76,0,63 target=-6027,3177,2435,0,64,254,30
elapsed=16706 source=04B9 action=contract pose=-1938,4522,3645,237,76,0,63 target=-6027,3177,2435,0,64,254,30
elapsed=16706 source=04B9 action=contract pose=-2055,4483,3610,237,76,0,63 target=-6027,3177,2435,0,64,254,30
elapsed=16706 source=04B9 action=face-immediate pose=-2172,4444,3575,237,76,0,63 target=-6027,3177,2435,0,64,254,30
elapsed=16706 source=04B9 action=advance-homing pose=-2172,4444,3575,237,76,0,63 target=-6027,3177,2435,0,64,254,30
elapsed=16709 source=04B9 action=contract pose=-2380,4332,3515,237,76,0,63 target=-6055,3177,2435,0,64,254,30
elapsed=16709 source=04B9 action=contract pose=-2497,4295,3480,237,76,0,63 target=-6055,3177,2435,0,64,254,30
elapsed=16709 source=04B9 action=contract pose=-2615,4258,3445,237,76,0,63 target=-6055,3177,2435,0,64,254,30
elapsed=16710 source=04B9 action=face-immediate pose=-2732,4221,3410,237,76,0,63 target=-6055,3177,2435,0,64,254,30
elapsed=16710 source=04B9 action=advance-homing pose=-2732,4221,3410,238,76,0,63 target=-6055,3177,2435,0,64,254,30
elapsed=16713 source=04B9 action=contract pose=-2940,4117,3350,238,76,0,63 target=-6083,3177,2435,0,64,255,30
elapsed=16713 source=04B9 action=contract pose=-3058,4081,3315,238,76,0,63 target=-6083,3177,2435,0,64,255,30
elapsed=16713 source=04B9 action=contract pose=-3176,4045,3280,238,76,0,63 target=-6083,3177,2435,0,64,255,30
elapsed=16713 source=04B9 action=face-immediate pose=-3294,4009,3245,238,76,0,63 target=-6083,3177,2435,0,64,255,30
elapsed=16713 source=04B9 action=advance-homing pose=-3294,4009,3245,239,76,0,63 target=-6083,3177,2435,0,64,255,30
elapsed=16716 source=04B9 action=contract pose=-3506,3909,3185,239,76,0,63 target=-6111,3177,2435,0,64,0,30
elapsed=16716 source=04B9 action=contract pose=-3625,3875,3150,239,76,0,63 target=-6111,3177,2435,0,64,0,30
elapsed=16717 source=04B9 action=contract pose=-3743,3841,3116,239,76,0,63 target=-6111,3177,2435,0,64,0,30
elapsed=16717 source=04B9 action=face-immediate pose=-3861,3807,3082,239,76,0,63 target=-6111,3177,2435,0,64,0,30
elapsed=16717 source=04B9 action=advance-homing pose=-3861,3807,3082,239,76,0,63 target=-6111,3177,2435,0,64,0,30
elapsed=16720 source=04B9 action=contract pose=-4073,3707,3022,239,76,0,63 target=-6139,3177,2435,0,64,1,30
elapsed=16720 source=04B9 action=contract pose=-4192,3676,2988,239,76,0,63 target=-6139,3177,2435,0,64,1,30
elapsed=16720 source=04B9 action=contract pose=-4311,3645,2954,239,76,0,63 target=-6139,3177,2435,0,64,1,30
elapsed=16720 source=04B9 action=face-immediate pose=-4430,3614,2920,239,76,0,63 target=-6139,3177,2435,0,64,1,30
elapsed=16720 source=04B9 action=advance-homing pose=-4430,3614,2920,241,76,0,63 target=-6139,3177,2435,0,64,1,30
elapsed=16724 source=04B9 action=contract pose=-4646,3526,2860,241,76,0,63 target=-6167,3177,2435,0,64,2,30
elapsed=16724 source=04B9 action=contract pose=-4766,3498,2826,241,76,0,63 target=-6167,3177,2435,0,64,2,30
elapsed=16724 source=04B9 action=contract pose=-4886,3470,2792,241,76,0,63 target=-6167,3177,2435,0,64,2,30
elapsed=16724 source=04B9 action=face-immediate pose=-5006,3442,2758,241,76,0,63 target=-6167,3177,2435,0,64,2,30
elapsed=16724 source=04B9 action=advance-homing pose=-5006,3442,2758,242,75,0,63 target=-6167,3177,2435,0,64,2,30
elapsed=16727 source=04B9 action=contract pose=-5226,3362,2702,242,75,0,63 target=-6195,3177,2435,0,64,2,30
elapsed=16727 source=04B9 action=contract pose=-5347,3338,2668,242,75,0,63 target=-6195,3177,2435,0,64,2,30
elapsed=16727 source=04B9 action=contract pose=-5468,3315,2634,242,75,0,63 target=-6195,3177,2435,0,64,2,30
elapsed=16727 source=04B9 action=face-immediate pose=-5589,3292,2600,242,75,0,63 target=-6195,3177,2435,0,64,2,30
elapsed=16727 source=04B9 action=advance-homing pose=-5589,3292,2600,244,75,0,63 target=-6195,3177,2435,0,64,2,30
elapsed=16731 source=04B9 action=face-immediate pose=-5813,3224,2540,244,75,0,63 target=-6223,3177,2435,0,64,3,30
elapsed=16731 source=04B9 action=set-cruise-speed pose=-5813,3224,2540,249,75,0,63 target=-6223,3177,2435,0,64,3,30
elapsed=16731 source=04B9 action=advance-aim pose=-5813,3224,2540,249,75,0,63 target=-6223,3177,2435,0,64,3,30
elapsed=16734 source=04B9 action=advance-aim pose=-6045,3184,2480,249,75,0,63 target=-6251,3177,2435,0,64,3,30
elapsed=16738 source=04B9 action=advance-cruise pose=-6277,3144,2420,249,75,0,63 target=-6279,3177,2435,0,64,230,30
elapsed=16748 source=04B9 action=set-cruise-speed pose=1188,2099,3156,9,68,0,30 target=-6363,3177,2435,0,64,239,30
elapsed=16748 source=04B9 action=contract pose=1188,2099,3156,9,68,0,63 target=-6363,3177,2435,0,64,239,30
elapsed=16749 source=04B9 action=contract pose=1062,2116,3143,9,68,0,63 target=-6363,3177,2435,0,64,239,30
elapsed=16749 source=04B9 action=contract pose=936,2133,3130,9,68,0,63 target=-6363,3177,2435,0,64,239,30
elapsed=16749 source=04B9 action=face-immediate pose=810,2150,3117,9,68,0,63 target=-6363,3177,2435,0,64,239,30
elapsed=16749 source=04B9 action=advance-homing pose=810,2150,3117,9,68,0,63 target=-6363,3177,2435,0,64,239,30
elapsed=16752 source=04B9 action=contract pose=574,2202,3101,9,68,0,63 target=-6391,3177,2435,0,64,240,30
elapsed=16752 source=04B9 action=contract pose=448,2219,3088,9,68,0,63 target=-6391,3177,2435,0,64,240,30
elapsed=16752 source=04B9 action=contract pose=322,2236,3075,9,68,0,63 target=-6391,3177,2435,0,64,240,30
elapsed=16752 source=04B9 action=face-immediate pose=196,2253,3062,9,68,0,63 target=-6391,3177,2435,0,64,240,30
elapsed=16752 source=04B9 action=advance-homing pose=196,2253,3062,9,68,0,63 target=-6391,3177,2435,0,64,240,30
elapsed=16755 source=04B9 action=contract pose=-40,2305,3046,9,68,0,63 target=-6419,3177,2435,0,64,242,30
elapsed=16755 source=04B9 action=contract pose=-166,2322,3033,9,68,0,63 target=-6419,3177,2435,0,64,242,30
elapsed=16755 source=04B9 action=contract pose=-292,2339,3020,9,68,0,63 target=-6419,3177,2435,0,64,242,30
elapsed=16755 source=04B9 action=face-immediate pose=-418,2356,3007,9,68,0,63 target=-6419,3177,2435,0,64,242,30
elapsed=16755 source=04B9 action=advance-homing pose=-418,2356,3007,9,68,0,63 target=-6419,3177,2435,0,64,242,30
elapsed=16759 source=04B9 action=contract pose=-654,2408,2991,9,68,0,63 target=-6447,3177,2435,0,64,243,30
elapsed=16759 source=04B9 action=contract pose=-780,2424,2978,9,68,0,63 target=-6447,3177,2435,0,64,243,30
elapsed=16759 source=04B9 action=contract pose=-906,2440,2965,9,68,0,63 target=-6447,3177,2435,0,64,243,30
elapsed=16759 source=04B9 action=face-immediate pose=-1032,2456,2952,9,68,0,63 target=-6447,3177,2435,0,64,243,30
elapsed=16759 source=04B9 action=advance-homing pose=-1032,2456,2952,8,68,0,63 target=-6447,3177,2435,0,64,243,30
elapsed=16762 source=04B9 action=contract pose=-1272,2500,2936,8,68,0,63 target=-6475,3177,2435,0,64,244,30
elapsed=16762 source=04B9 action=contract pose=-1398,2516,2923,8,68,0,63 target=-6475,3177,2435,0,64,244,30
elapsed=16762 source=04B9 action=contract pose=-1524,2532,2910,8,68,0,63 target=-6475,3177,2435,0,64,244,30
elapsed=16762 source=04B9 action=face-immediate pose=-1650,2548,2897,8,68,0,63 target=-6475,3177,2435,0,64,244,30
elapsed=16762 source=04B9 action=advance-homing pose=-1650,2548,2897,8,68,0,63 target=-6475,3177,2435,0,64,244,30
elapsed=16765 source=04B9 action=contract pose=-1890,2592,2881,8,68,0,63 target=-6503,3177,2435,0,64,244,30
elapsed=16765 source=04B9 action=contract pose=-2016,2607,2868,8,68,0,63 target=-6503,3177,2435,0,64,244,30
elapsed=16765 source=04B9 action=contract pose=-2142,2622,2855,8,68,0,63 target=-6503,3177,2435,0,64,244,30
elapsed=16766 source=04B9 action=face-immediate pose=-2268,2637,2842,8,68,0,63 target=-6503,3177,2435,0,64,244,30
elapsed=16766 source=04B9 action=advance-homing pose=-2268,2637,2842,8,68,0,63 target=-6503,3177,2435,0,64,244,30
elapsed=16769 source=04B9 action=contract pose=-2508,2681,2826,8,68,0,63 target=-6531,3177,2435,0,64,244,30
elapsed=16769 source=04B9 action=contract pose=-2634,2696,2813,8,68,0,63 target=-6531,3177,2435,0,64,244,30
elapsed=16769 source=04B9 action=contract pose=-2760,2711,2800,8,68,0,63 target=-6531,3177,2435,0,64,244,30
elapsed=16769 source=04B9 action=face-immediate pose=-2886,2726,2787,8,68,0,63 target=-6531,3177,2435,0,64,244,30
elapsed=16769 source=04B9 action=advance-homing pose=-2886,2726,2787,8,68,0,63 target=-6531,3177,2435,0,64,244,30
elapsed=16772 source=04B9 action=contract pose=-3126,2770,2771,8,68,0,63 target=-6559,3177,2435,0,64,244,30
elapsed=16772 source=04B9 action=contract pose=-3252,2784,2758,8,68,0,63 target=-6559,3177,2435,0,64,244,30
elapsed=16772 source=04B9 action=contract pose=-3378,2798,2745,8,68,0,63 target=-6559,3177,2435,0,64,244,30
elapsed=16772 source=04B9 action=face-immediate pose=-3504,2812,2732,8,68,0,63 target=-6559,3177,2435,0,64,244,30
elapsed=16772 source=04B9 action=advance-homing pose=-3504,2812,2732,8,68,0,63 target=-6559,3177,2435,0,64,244,30
elapsed=16776 source=04B9 action=contract pose=-3744,2856,2716,8,68,0,63 target=-6587,3177,2435,0,64,244,30
elapsed=16776 source=04B9 action=contract pose=-3870,2870,2703,8,68,0,63 target=-6587,3177,2435,0,64,244,30
elapsed=16776 source=04B9 action=contract pose=-3996,2884,2690,8,68,0,63 target=-6587,3177,2435,0,64,244,30
elapsed=16776 source=04B9 action=face-immediate pose=-4122,2898,2677,8,68,0,63 target=-6587,3177,2435,0,64,244,30
elapsed=16776 source=04B9 action=advance-homing pose=-4122,2898,2677,7,68,0,63 target=-6587,3177,2435,0,64,244,30
elapsed=16779 source=04B9 action=contract pose=-4362,2938,2661,7,68,0,63 target=-6615,3177,2435,0,64,245,30
elapsed=16779 source=04B9 action=contract pose=-4488,2951,2648,7,68,0,63 target=-6615,3177,2435,0,64,245,30
elapsed=16779 source=04B9 action=contract pose=-4614,2964,2635,7,68,0,63 target=-6615,3177,2435,0,64,245,30
elapsed=16779 source=04B9 action=face-immediate pose=-4740,2977,2622,7,68,0,63 target=-6615,3177,2435,0,64,245,30
elapsed=16779 source=04B9 action=advance-homing pose=-4740,2977,2622,7,68,0,63 target=-6615,3177,2435,0,64,245,30
elapsed=16783 source=04B9 action=contract pose=-4980,3017,2606,7,68,0,63 target=-6643,3177,2435,0,64,245,30
elapsed=16783 source=04B9 action=contract pose=-5106,3029,2593,7,68,0,63 target=-6643,3177,2435,0,64,245,30
elapsed=16783 source=04B9 action=contract pose=-5232,3041,2580,7,68,0,63 target=-6643,3177,2435,0,64,245,30
elapsed=16783 source=04B9 action=face-immediate pose=-5358,3053,2567,7,68,0,63 target=-6643,3177,2435,0,64,245,30
elapsed=16783 source=04B9 action=advance-homing pose=-5358,3053,2567,6,69,0,63 target=-6643,3177,2435,0,64,245,30
elapsed=16786 source=04B9 action=contract pose=-5598,3085,2543,6,69,0,63 target=-6671,3177,2435,0,64,246,30
elapsed=16786 source=04B9 action=contract pose=-5725,3095,2530,6,69,0,63 target=-6671,3177,2435,0,64,246,30
elapsed=16786 source=04B9 action=contract pose=-5851,3105,2517,6,69,0,63 target=-6671,3177,2435,0,64,246,30
elapsed=16786 source=04B9 action=face-immediate pose=-5977,3116,2504,6,69,0,63 target=-6671,3177,2435,0,64,246,30
elapsed=16786 source=04B9 action=advance-homing pose=-5977,3116,2504,5,68,0,63 target=-6671,3177,2435,0,64,246,30
elapsed=16790 source=04B9 action=face-immediate pose=-6221,3144,2488,5,68,0,63 target=-6699,3177,2435,0,64,246,30
elapsed=16790 source=04B9 action=set-cruise-speed pose=-6221,3144,2488,4,69,0,63 target=-6699,3177,2435,0,64,246,30
elapsed=16790 source=04B9 action=advance-aim pose=-6221,3144,2488,4,69,0,63 target=-6699,3177,2435,0,64,246,30
elapsed=16790 source=04B9 action=face-smooth pose=-6465,3164,2464,4,69,0,63 target=-6699,3177,2435,0,64,246,30
elapsed=16793 source=04B9 action=advance-aim pose=-6465,3164,2464,3,69,0,63 target=-6727,3177,2435,0,64,247,30
elapsed=16798 source=04B9 action=advance-aim pose=-6709,3180,2440,3,69,0,63 target=-6755,3177,2435,0,64,26,30
elapsed=16801 source=04B9 action=advance-cruise pose=-6953,3196,2416,3,69,0,63 target=-6783,3177,2435,0,64,23,30
elapsed=16805 source=076E action=set-cruise-speed pose=3180,-213,1516,20,61,0,30 target=-6811,3177,2435,0,64,21,30
elapsed=16805 source=076E action=contract pose=3180,-213,1516,20,61,0,63 target=-6811,3177,2435,0,64,21,30
elapsed=16805 source=076E action=contract pose=3059,-173,1526,20,61,0,63 target=-6811,3177,2435,0,64,21,30
elapsed=16805 source=076E action=contract pose=2938,-133,1537,20,61,0,63 target=-6811,3177,2435,0,64,21,30
elapsed=16805 source=076E action=face-immediate pose=2817,-93,1547,20,61,0,63 target=-6811,3177,2435,0,64,21,30
elapsed=16805 source=076E action=advance-homing pose=2817,-93,1547,20,61,0,63 target=-6811,3177,2435,0,64,21,30
elapsed=16805 source=04B9 action=advance-cruise pose=-7197,3212,2392,3,69,0,63 target=-6811,3177,2435,0,64,21,30
elapsed=16808 source=076E action=contract pose=2601,23,1559,20,61,0,63 target=-6839,3177,2435,0,64,18,30
elapsed=16808 source=076E action=contract pose=2480,63,1570,20,61,0,63 target=-6839,3177,2435,0,64,18,30
elapsed=16808 source=076E action=contract pose=2359,103,1581,20,61,0,63 target=-6839,3177,2435,0,64,18,30
elapsed=16808 source=076E action=face-immediate pose=2238,143,1592,20,61,0,63 target=-6839,3177,2435,0,64,18,30
elapsed=16808 source=076E action=advance-homing pose=2238,143,1592,20,61,0,63 target=-6839,3177,2435,0,64,18,30
elapsed=16808 source=04B9 action=advance-cruise pose=-7441,3228,2368,3,69,0,63 target=-6839,3177,2435,0,64,18,30
elapsed=16812 source=076E action=contract pose=2022,259,1604,20,61,0,63 target=-6867,3177,2435,0,64,17,30
elapsed=16812 source=076E action=contract pose=1901,298,1615,20,61,0,63 target=-6867,3177,2435,0,64,17,30
elapsed=16812 source=076E action=contract pose=1780,337,1626,20,61,0,63 target=-6867,3177,2435,0,64,17,30
elapsed=16812 source=076E action=face-immediate pose=1659,376,1637,20,61,0,63 target=-6867,3177,2435,0,64,17,30
elapsed=16812 source=076E action=advance-homing pose=1659,376,1637,20,61,0,63 target=-6867,3177,2435,0,64,17,30
elapsed=16812 source=04B9 action=advance-cruise pose=-7685,3244,2344,3,69,0,63 target=-6867,3177,2435,0,64,17,30
elapsed=16815 source=076E action=contract pose=1443,492,1649,20,61,0,63 target=-6895,3177,2435,0,64,15,30
elapsed=16815 source=076E action=contract pose=1321,530,1660,20,61,0,63 target=-6895,3177,2435,0,64,15,30
elapsed=16815 source=076E action=contract pose=1199,568,1671,20,61,0,63 target=-6895,3177,2435,0,64,15,30
elapsed=16815 source=076E action=face-immediate pose=1078,606,1682,20,61,0,63 target=-6895,3177,2435,0,64,15,30
elapsed=16815 source=076E action=advance-homing pose=1078,606,1682,20,61,0,63 target=-6895,3177,2435,0,64,15,30
elapsed=16815 source=04B9 action=advance-cruise pose=-7929,3260,2320,3,69,0,63 target=-6895,3177,2435,0,64,15,30
elapsed=16818 source=076E action=contract pose=862,722,1694,20,61,0,63 target=-6923,3177,2435,0,64,14,30
elapsed=16819 source=076E action=contract pose=740,760,1705,20,61,0,63 target=-6923,3177,2435,0,64,14,30
elapsed=16819 source=076E action=contract pose=618,797,1716,20,61,0,63 target=-6923,3177,2435,0,64,14,30
elapsed=16819 source=076E action=face-immediate pose=496,835,1727,20,61,0,63 target=-6923,3177,2435,0,64,14,30
elapsed=16819 source=076E action=advance-homing pose=496,835,1727,19,61,0,63 target=-6923,3177,2435,0,64,14,30
elapsed=16819 source=04B9 action=advance-cruise pose=-8173,3276,2296,3,69,0,63 target=-6923,3177,2435,0,64,14,30
elapsed=16822 source=076E action=contract pose=280,947,1739,19,61,0,63 target=-6951,3177,2435,0,64,14,30
elapsed=16822 source=076E action=contract pose=158,984,1750,19,61,0,63 target=-6951,3177,2435,0,64,14,30
elapsed=16822 source=076E action=contract pose=36,1021,1761,19,61,0,63 target=-6951,3177,2435,0,64,14,30
elapsed=16822 source=076E action=face-immediate pose=-86,1058,1772,19,61,0,63 target=-6951,3177,2435,0,64,14,30
elapsed=16822 source=076E action=advance-homing pose=-86,1058,1772,19,61,0,63 target=-6951,3177,2435,0,64,14,30
elapsed=16822 source=04B9 action=advance-cruise pose=-8417,3292,2272,3,69,0,63 target=-6951,3177,2435,0,64,14,30
elapsed=16826 source=076E action=contract pose=-302,1170,1784,19,61,0,63 target=-6979,3177,2435,0,64,14,30
elapsed=16826 source=076E action=contract pose=-424,1206,1795,19,61,0,63 target=-6979,3177,2435,0,64,14,30
elapsed=16826 source=076E action=contract pose=-546,1242,1806,19,61,0,63 target=-6979,3177,2435,0,64,14,30
elapsed=16826 source=076E action=face-immediate pose=-668,1278,1817,19,61,0,63 target=-6979,3177,2435,0,64,14,30
elapsed=16826 source=076E action=advance-homing pose=-668,1278,1817,18,61,0,63 target=-6979,3177,2435,0,64,14,30
elapsed=16826 source=04B9 action=advance-cruise pose=-8661,3308,2248,3,69,0,63 target=-6979,3177,2435,0,64,14,30
elapsed=16829 source=076E action=contract pose=-888,1382,1829,18,61,0,63 target=-7007,3177,2435,0,64,14,30
elapsed=16829 source=076E action=contract pose=-1010,1417,1840,18,61,0,63 target=-7007,3177,2435,0,64,14,30
elapsed=16829 source=076E action=contract pose=-1132,1452,1851,18,61,0,63 target=-7007,3177,2435,0,64,14,30
elapsed=16829 source=076E action=face-immediate pose=-1254,1487,1862,18,61,0,63 target=-7007,3177,2435,0,64,14,30
elapsed=16829 source=076E action=advance-homing pose=-1254,1487,1862,18,61,0,63 target=-7007,3177,2435,0,64,14,30
elapsed=16829 source=04B9 action=advance-cruise pose=-8905,3324,2224,3,69,0,63 target=-7007,3177,2435,0,64,14,30
elapsed=16833 source=076E action=contract pose=-1474,1591,1874,18,61,0,63 target=-7035,3177,2435,0,64,13,30
elapsed=16833 source=076E action=contract pose=-1596,1625,1886,18,61,0,63 target=-7035,3177,2435,0,64,13,30
elapsed=16833 source=076E action=contract pose=-1719,1659,1898,18,61,0,63 target=-7035,3177,2435,0,64,13,30
elapsed=16833 source=076E action=face-immediate pose=-1841,1693,1910,18,61,0,63 target=-7035,3177,2435,0,64,13,30
elapsed=16833 source=076E action=advance-homing pose=-1841,1693,1910,17,61,0,63 target=-7035,3177,2435,0,64,13,30
elapsed=16833 source=04B9 action=advance-cruise pose=-9149,3340,2200,3,69,0,63 target=-7035,3177,2435,0,64,13,30
elapsed=16836 source=076E action=contract pose=-2065,1793,1922,17,61,0,63 target=-7063,3177,2435,0,64,13,30
elapsed=16836 source=076E action=contract pose=-2188,1826,1934,17,61,0,63 target=-7063,3177,2435,0,64,13,30
elapsed=16837 source=076E action=contract pose=-2311,1859,1946,17,61,0,63 target=-7063,3177,2435,0,64,13,30
elapsed=16837 source=076E action=face-immediate pose=-2434,1892,1958,17,61,0,63 target=-7063,3177,2435,0,64,13,30
elapsed=16837 source=076E action=advance-homing pose=-2434,1892,1958,17,60,0,63 target=-7063,3177,2435,0,64,13,30
elapsed=16837 source=04B9 action=advance-cruise pose=-9393,3356,2176,3,69,0,63 target=-7063,3177,2435,0,64,13,30
elapsed=16840 source=076E action=contract pose=-2658,1992,1974,17,60,0,63 target=-7091,3177,2435,0,64,12,30
elapsed=16840 source=076E action=contract pose=-2781,2024,1986,17,60,0,63 target=-7091,3177,2435,0,64,12,30
elapsed=16840 source=076E action=contract pose=-2904,2056,1998,17,60,0,63 target=-7091,3177,2435,0,64,12,30
elapsed=16840 source=076E action=face-immediate pose=-3027,2088,2010,17,60,0,63 target=-7091,3177,2435,0,64,12,30
elapsed=16840 source=076E action=advance-homing pose=-3027,2088,2010,17,60,0,63 target=-7091,3177,2435,0,64,12,30
elapsed=16840 source=04B9 action=advance-cruise pose=-9637,3372,2152,3,69,0,63 target=-7091,3177,2435,0,64,12,30
elapsed=16844 source=076E action=contract pose=-3251,2188,2026,17,60,0,63 target=-7119,3177,2435,0,64,12,30
elapsed=16844 source=076E action=contract pose=-3374,2219,2038,17,60,0,63 target=-7119,3177,2435,0,64,12,30
elapsed=16844 source=076E action=contract pose=-3497,2250,2050,17,60,0,63 target=-7119,3177,2435,0,64,12,30
elapsed=16844 source=076E action=face-immediate pose=-3620,2281,2063,17,60,0,63 target=-7119,3177,2435,0,64,12,30
elapsed=16844 source=076E action=advance-homing pose=-3620,2281,2063,16,60,0,63 target=-7119,3177,2435,0,64,12,30
elapsed=16844 source=04B9 action=advance-cruise pose=-9881,3388,2128,3,69,0,63 target=-7119,3177,2435,0,64,12,30
elapsed=16847 source=076E action=contract pose=-3844,2373,2079,16,60,0,63 target=-7147,3177,2435,0,64,11,30
elapsed=16847 source=076E action=contract pose=-3967,2402,2092,16,60,0,63 target=-7147,3177,2435,0,64,11,30
elapsed=16847 source=076E action=contract pose=-4090,2431,2105,16,60,0,63 target=-7147,3177,2435,0,64,11,30
elapsed=16847 source=076E action=face-immediate pose=-4213,2460,2118,16,60,0,63 target=-7147,3177,2435,0,64,11,30
elapsed=16848 source=076E action=advance-homing pose=-4213,2460,2118,15,60,0,63 target=-7147,3177,2435,0,64,11,30
elapsed=16848 source=04B9 action=advance-cruise pose=-10125,3404,2104,3,69,0,63 target=-7147,3177,2435,0,64,11,30
elapsed=16851 source=076E action=contract pose=-4441,2548,2134,15,60,0,63 target=-7175,3177,2435,0,64,10,30
elapsed=16851 source=076E action=contract pose=-4565,2576,2147,15,60,0,63 target=-7175,3177,2435,0,64,10,30
elapsed=16851 source=076E action=contract pose=-4689,2604,2160,15,60,0,63 target=-7175,3177,2435,0,64,10,30
elapsed=16851 source=076E action=face-immediate pose=-4813,2632,2173,15,60,0,63 target=-7175,3177,2435,0,64,10,30
elapsed=16851 source=076E action=advance-homing pose=-4813,2632,2173,14,60,0,63 target=-7175,3177,2435,0,64,10,30
elapsed=16851 source=04B9 action=advance-cruise pose=-10369,3420,2080,3,69,0,63 target=-7175,3177,2435,0,64,10,30
elapsed=16855 source=076E action=contract pose=-5041,2712,2189,14,60,0,63 target=-7203,3177,2435,0,64,9,30
elapsed=16855 source=076E action=contract pose=-5165,2738,2203,14,60,0,63 target=-7203,3177,2435,0,64,9,30
elapsed=16855 source=076E action=contract pose=-5289,2764,2217,14,60,0,63 target=-7203,3177,2435,0,64,9,30
elapsed=16855 source=076E action=face-immediate pose=-5413,2790,2231,14,60,0,63 target=-7203,3177,2435,0,64,9,30
elapsed=16855 source=076E action=advance-homing pose=-5413,2790,2231,13,60,0,63 target=-7203,3177,2435,0,64,9,30
elapsed=16858 source=076E action=contract pose=-5645,2866,2247,13,60,0,63 target=-7231,3177,2435,0,64,7,30
elapsed=16859 source=076E action=contract pose=-5769,2890,2261,13,60,0,63 target=-7231,3177,2435,0,64,7,30
elapsed=16859 source=076E action=contract pose=-5893,2914,2275,13,60,0,63 target=-7231,3177,2435,0,64,7,30
elapsed=16859 source=076E action=face-immediate pose=-6017,2938,2289,13,60,0,63 target=-7231,3177,2435,0,64,7,30
elapsed=16859 source=076E action=advance-homing pose=-6017,2938,2289,12,60,0,63 target=-7231,3177,2435,0,64,7,30
elapsed=16862 source=076E action=contract pose=-6249,3006,2305,12,60,0,63 target=-7259,3177,2435,0,64,6,30
elapsed=16862 source=076E action=contract pose=-6374,3027,2320,12,60,0,63 target=-7259,3177,2435,0,64,6,30
elapsed=16862 source=076E action=contract pose=-6499,3048,2336,12,60,0,63 target=-7259,3177,2435,0,64,6,30
elapsed=16862 source=076E action=face-immediate pose=-6624,3069,2352,12,60,0,63 target=-7259,3177,2435,0,64,6,30
elapsed=16862 source=076E action=advance-homing pose=-6624,3069,2352,11,59,0,63 target=-7259,3177,2435,0,64,6,30
elapsed=16866 source=076E action=face-immediate pose=-6860,3133,2376,11,59,0,63 target=-7287,3177,2435,0,64,4,30
elapsed=16866 source=076E action=set-cruise-speed pose=-6860,3133,2376,6,59,0,63 target=-7287,3177,2435,0,64,4,30
elapsed=16866 source=076E action=advance-aim pose=-6860,3133,2376,6,59,0,63 target=-7287,3177,2435,0,64,4,30
elapsed=16870 source=076E action=advance-aim pose=-7100,3165,2400,6,59,0,63 target=-7315,3177,2435,0,64,3,30
elapsed=16873 source=076E action=advance-cruise pose=-7340,3197,2424,6,59,0,63 target=-7343,3177,2435,0,64,1,30
elapsed=16877 source=076E action=advance-cruise pose=-7580,3229,2448,6,59,0,63 target=-7371,3177,2435,0,64,0,30
elapsed=16880 source=076E action=advance-cruise pose=-7820,3261,2472,6,59,0,63 target=-7399,3177,2435,0,64,255,30
elapsed=16884 source=076E action=advance-cruise pose=-8060,3293,2496,6,59,0,63 target=-7427,3177,2435,0,64,254,30
elapsed=16887 source=076E action=advance-cruise pose=-8300,3325,2520,6,59,0,63 target=-7455,3177,2435,0,64,254,30
elapsed=16891 source=04B9 action=set-cruise-speed pose=2936,-912,-2776,19,46,0,30 target=-7483,3177,2435,0,64,253,30
elapsed=16891 source=04B9 action=contract pose=2936,-912,-2776,19,46,0,63 target=-7483,3177,2435,0,64,253,30
elapsed=16891 source=04B9 action=contract pose=2828,-871,-2723,19,46,0,63 target=-7483,3177,2435,0,64,253,30
elapsed=16891 source=04B9 action=contract pose=2720,-830,-2670,19,46,0,63 target=-7483,3177,2435,0,64,253,30
elapsed=16891 source=04B9 action=face-immediate pose=2612,-788,-2617,19,46,0,63 target=-7483,3177,2435,0,64,253,30
elapsed=16891 source=04B9 action=advance-homing pose=2612,-788,-2617,19,46,0,63 target=-7483,3177,2435,0,64,253,30
elapsed=16892 source=076E action=advance-cruise pose=-8540,3357,2544,6,59,0,63 target=-7483,3177,2435,0,64,253,30
elapsed=16895 source=04B9 action=contract pose=2416,-676,-2529,19,46,0,63 target=-7511,3177,2435,0,64,253,30
elapsed=16895 source=04B9 action=contract pose=2308,-635,-2476,19,46,0,63 target=-7511,3177,2435,0,64,253,30
elapsed=16895 source=04B9 action=contract pose=2200,-594,-2423,19,46,0,63 target=-7511,3177,2435,0,64,253,30
elapsed=16895 source=04B9 action=face-immediate pose=2092,-553,-2370,19,46,0,63 target=-7511,3177,2435,0,64,253,30
elapsed=16895 source=04B9 action=advance-homing pose=2092,-553,-2370,19,46,0,63 target=-7511,3177,2435,0,64,253,30
elapsed=16895 source=076E action=advance-cruise pose=-8780,3389,2568,6,59,0,63 target=-7511,3177,2435,0,64,253,30
elapsed=16899 source=04B9 action=contract pose=1896,-441,-2282,19,46,0,63 target=-7539,3177,2435,0,64,252,30
elapsed=16899 source=04B9 action=contract pose=1788,-400,-2229,19,46,0,63 target=-7539,3177,2435,0,64,252,30
elapsed=16899 source=04B9 action=contract pose=1679,-359,-2176,19,46,0,63 target=-7539,3177,2435,0,64,252,30
elapsed=16899 source=04B9 action=face-immediate pose=1571,-318,-2123,19,46,0,63 target=-7539,3177,2435,0,64,252,30
elapsed=16899 source=04B9 action=advance-homing pose=1571,-318,-2123,19,46,0,63 target=-7539,3177,2435,0,64,252,30
elapsed=16899 source=076E action=advance-cruise pose=-9020,3421,2592,6,59,0,63 target=-7539,3177,2435,0,64,252,30
elapsed=16902 source=04B9 action=contract pose=1375,-206,-2035,19,46,0,63 target=-7567,3177,2435,0,64,252,30
elapsed=16902 source=04B9 action=contract pose=1266,-166,-1982,19,46,0,63 target=-7567,3177,2435,0,64,252,30
elapsed=16902 source=04B9 action=contract pose=1157,-126,-1929,19,46,0,63 target=-7567,3177,2435,0,64,252,30
elapsed=16902 source=04B9 action=face-immediate pose=1048,-86,-1876,19,46,0,63 target=-7567,3177,2435,0,64,252,30
elapsed=16902 source=04B9 action=advance-homing pose=1048,-86,-1876,19,46,0,63 target=-7567,3177,2435,0,64,252,30
elapsed=16903 source=076E action=advance-cruise pose=-9260,3453,2616,6,59,0,63 target=-7567,3177,2435,0,64,252,30
elapsed=16906 source=04B9 action=contract pose=852,26,-1788,19,46,0,63 target=-7595,3177,2435,0,64,252,30
elapsed=16906 source=04B9 action=contract pose=743,66,-1735,19,46,0,63 target=-7595,3177,2435,0,64,252,30
elapsed=16906 source=04B9 action=contract pose=634,106,-1682,19,46,0,63 target=-7595,3177,2435,0,64,252,30
elapsed=16906 source=04B9 action=face-immediate pose=525,146,-1628,19,46,0,63 target=-7595,3177,2435,0,64,252,30
elapsed=16906 source=04B9 action=advance-homing pose=525,146,-1628,18,46,0,63 target=-7595,3177,2435,0,64,252,30
elapsed=16907 source=076E action=advance-cruise pose=-9500,3485,2640,6,59,0,63 target=-7595,3177,2435,0,64,252,30
elapsed=16910 source=04B9 action=contract pose=329,250,-1536,18,46,0,63 target=-7623,3177,2435,0,64,252,30
elapsed=16910 source=04B9 action=contract pose=220,289,-1483,18,46,0,63 target=-7623,3177,2435,0,64,252,30
elapsed=16910 source=04B9 action=contract pose=111,328,-1430,18,46,0,63 target=-7623,3177,2435,0,64,252,30
elapsed=16910 source=04B9 action=face-immediate pose=2,367,-1377,18,46,0,63 target=-7623,3177,2435,0,64,252,30
elapsed=16910 source=04B9 action=advance-homing pose=2,367,-1377,18,46,0,63 target=-7623,3177,2435,0,64,252,30
elapsed=16910 source=076E action=advance-cruise pose=-9740,3517,2664,6,59,0,63 target=-7623,3177,2435,0,64,252,30
elapsed=16914 source=04B9 action=contract pose=-194,471,-1285,18,46,0,63 target=-7651,3177,2435,0,64,253,30
elapsed=16914 source=04B9 action=contract pose=-303,510,-1231,18,46,0,63 target=-7651,3177,2435,0,64,253,30
elapsed=16914 source=04B9 action=contract pose=-412,549,-1178,18,46,0,63 target=-7651,3177,2435,0,64,253,30
elapsed=16914 source=04B9 action=face-immediate pose=-521,588,-1124,18,46,0,63 target=-7651,3177,2435,0,64,253,30
elapsed=16914 source=04B9 action=advance-homing pose=-521,588,-1124,18,46,0,63 target=-7651,3177,2435,0,64,253,30
elapsed=16914 source=076E action=advance-cruise pose=-9980,3549,2688,6,59,0,63 target=-7651,3177,2435,0,64,253,30
elapsed=16917 source=04B9 action=contract pose=-717,692,-1032,18,46,0,63 target=-7679,3177,2435,0,64,253,30
elapsed=16917 source=04B9 action=contract pose=-826,730,-978,18,46,0,63 target=-7679,3177,2435,0,64,253,30
elapsed=16917 source=04B9 action=contract pose=-935,768,-924,18,46,0,63 target=-7679,3177,2435,0,64,253,30
elapsed=16917 source=04B9 action=face-immediate pose=-1044,806,-870,18,46,0,63 target=-7679,3177,2435,0,64,253,30
elapsed=16917 source=04B9 action=advance-homing pose=-1044,806,-870,18,46,0,63 target=-7679,3177,2435,0,64,253,30
elapsed=16918 source=076E action=advance-cruise pose=-10220,3581,2712,6,59,0,63 target=-7679,3177,2435,0,64,253,30
elapsed=16921 source=04B9 action=contract pose=-1240,910,-778,18,46,0,63 target=-7707,3177,2435,0,64,254,30
elapsed=16921 source=04B9 action=contract pose=-1349,947,-724,18,46,0,63 target=-7707,3177,2435,0,64,254,30
elapsed=16921 source=04B9 action=contract pose=-1458,985,-671,18,46,0,63 target=-7707,3177,2435,0,64,254,30
elapsed=16921 source=04B9 action=face-immediate pose=-1567,1022,-617,18,46,0,63 target=-7707,3177,2435,0,64,254,30
elapsed=16921 source=04B9 action=advance-homing pose=-1567,1022,-617,17,46,0,63 target=-7707,3177,2435,0,64,254,30
elapsed=16922 source=076E action=advance-cruise pose=-10460,3613,2736,6,59,0,63 target=-7707,3177,2435,0,64,254,30
elapsed=16925 source=04B9 action=contract pose=-1767,1122,-525,17,46,0,63 target=-7735,3177,2435,0,64,254,30
elapsed=16925 source=04B9 action=contract pose=-1876,1159,-472,17,46,0,63 target=-7735,3177,2435,0,64,254,30
elapsed=16925 source=04B9 action=contract pose=-1986,1196,-419,17,46,0,63 target=-7735,3177,2435,0,64,254,30
elapsed=16925 source=04B9 action=face-immediate pose=-2096,1233,-366,17,46,0,63 target=-7735,3177,2435,0,64,254,30
elapsed=16925 source=04B9 action=advance-homing pose=-2096,1233,-366,17,46,0,63 target=-7735,3177,2435,0,64,254,30
elapsed=16926 source=076E action=advance-cruise pose=-10700,3645,2760,6,59,0,63 target=-7735,3177,2435,0,64,254,30
elapsed=16929 source=04B9 action=contract pose=-2296,1333,-274,17,46,0,63 target=-7763,3177,2435,0,64,255,30
elapsed=16929 source=04B9 action=contract pose=-2406,1369,-220,17,46,0,63 target=-7763,3177,2435,0,64,255,30
elapsed=16929 source=04B9 action=contract pose=-2516,1405,-166,17,46,0,63 target=-7763,3177,2435,0,64,255,30
elapsed=16929 source=04B9 action=face-immediate pose=-2626,1441,-113,17,46,0,63 target=-7763,3177,2435,0,64,255,30
elapsed=16929 source=04B9 action=advance-homing pose=-2626,1441,-113,17,46,0,63 target=-7763,3177,2435,0,64,255,30
elapsed=16933 source=04B9 action=contract pose=-2826,1541,-21,17,46,0,63 target=-7791,3177,2435,0,64,0,30
elapsed=16933 source=04B9 action=contract pose=-2936,1576,33,17,46,0,63 target=-7791,3177,2435,0,64,0,30
elapsed=16933 source=04B9 action=contract pose=-3046,1611,86,17,46,0,63 target=-7791,3177,2435,0,64,0,30
elapsed=16933 source=04B9 action=face-immediate pose=-3156,1647,140,17,46,0,63 target=-7791,3177,2435,0,64,0,30
elapsed=16933 source=04B9 action=advance-homing pose=-3156,1647,140,16,46,0,63 target=-7791,3177,2435,0,64,0,30
elapsed=16936 source=04B9 action=contract pose=-3360,1739,232,16,46,0,63 target=-7819,3177,2435,0,64,1,30
elapsed=16936 source=04B9 action=contract pose=-3470,1774,286,16,46,0,63 target=-7819,3177,2435,0,64,1,30
elapsed=16936 source=04B9 action=contract pose=-3580,1809,340,16,46,0,63 target=-7819,3177,2435,0,64,1,30
elapsed=16936 source=04B9 action=face-immediate pose=-3690,1844,394,16,46,0,63 target=-7819,3177,2435,0,64,1,30
elapsed=16936 source=04B9 action=advance-homing pose=-3690,1844,394,16,46,0,63 target=-7819,3177,2435,0,64,1,30
elapsed=16940 source=04B9 action=contract pose=-3894,1936,486,16,46,0,63 target=-7847,3177,2435,0,64,2,30
elapsed=16940 source=04B9 action=contract pose=-4004,1970,540,16,46,0,63 target=-7847,3177,2435,0,64,2,30
elapsed=16940 source=04B9 action=contract pose=-4114,2004,594,16,46,0,63 target=-7847,3177,2435,0,64,2,30
elapsed=16940 source=04B9 action=face-immediate pose=-4224,2038,648,16,46,0,63 target=-7847,3177,2435,0,64,2,30
elapsed=16940 source=04B9 action=advance-homing pose=-4224,2038,648,16,46,0,63 target=-7847,3177,2435,0,64,2,30
elapsed=16944 source=04B9 action=contract pose=-4428,2130,740,16,46,0,63 target=-7875,3177,2435,0,64,2,30
elapsed=16944 source=04B9 action=contract pose=-4539,2163,794,16,46,0,63 target=-7875,3177,2435,0,64,2,30
elapsed=16944 source=04B9 action=contract pose=-4650,2196,848,16,46,0,63 target=-7875,3177,2435,0,64,2,30
elapsed=16944 source=04B9 action=face-immediate pose=-4761,2229,902,16,46,0,63 target=-7875,3177,2435,0,64,2,30
elapsed=16944 source=04B9 action=advance-homing pose=-4761,2229,902,15,46,0,63 target=-7875,3177,2435,0,64,2,30
elapsed=16948 source=04B9 action=contract pose=-4965,2317,994,15,46,0,63 target=-7903,3177,2435,0,64,3,30
elapsed=16948 source=04B9 action=contract pose=-5076,2349,1048,15,46,0,63 target=-7903,3177,2435,0,64,3,30
elapsed=16948 source=04B9 action=contract pose=-5187,2381,1102,15,46,0,63 target=-7903,3177,2435,0,64,3,30
elapsed=16948 source=04B9 action=face-immediate pose=-5298,2413,1156,15,46,0,63 target=-7903,3177,2435,0,64,3,30
elapsed=16948 source=04B9 action=advance-homing pose=-5298,2413,1156,15,46,0,63 target=-7903,3177,2435,0,64,3,30
elapsed=16953 source=0672 action=set-cruise-speed pose=-392,-2279,-1240,31,46,0,30 target=-7931,3177,2435,0,64,3,30
elapsed=16953 source=0672 action=contract pose=-392,-2279,-1240,31,46,0,63 target=-7931,3177,2435,0,64,3,30
elapsed=16953 source=0672 action=contract pose=-489,-2210,-1194,31,46,0,63 target=-7931,3177,2435,0,64,3,30
elapsed=16953 source=0672 action=contract pose=-586,-2141,-1148,31,46,0,63 target=-7931,3177,2435,0,64,3,30
elapsed=16953 source=0672 action=face-immediate pose=-683,-2072,-1102,31,46,0,63 target=-7931,3177,2435,0,64,3,30
elapsed=16953 source=0672 action=advance-homing pose=-683,-2072,-1102,31,46,0,63 target=-7931,3177,2435,0,64,3,30
elapsed=16953 source=04B9 action=contract pose=-5502,2501,1248,15,46,0,63 target=-7931,3177,2435,0,64,3,30
elapsed=16953 source=04B9 action=contract pose=-5613,2531,1302,15,46,0,63 target=-7931,3177,2435,0,64,3,30
elapsed=16953 source=04B9 action=contract pose=-5724,2561,1356,15,46,0,63 target=-7931,3177,2435,0,64,3,30
elapsed=16953 source=04B9 action=face-immediate pose=-5835,2591,1410,15,46,0,63 target=-7931,3177,2435,0,64,3,30
elapsed=16953 source=04B9 action=advance-homing pose=-5835,2591,1410,14,46,0,63 target=-7931,3177,2435,0,64,3,30
elapsed=16957 source=0672 action=contract pose=-839,-1904,-1030,31,46,0,63 target=-7959,3177,2435,0,64,4,30
elapsed=16957 source=0672 action=contract pose=-936,-1836,-984,31,46,0,63 target=-7959,3177,2435,0,64,4,30
elapsed=16957 source=0672 action=contract pose=-1033,-1768,-938,31,46,0,63 target=-7959,3177,2435,0,64,4,30
elapsed=16957 source=0672 action=face-immediate pose=-1130,-1700,-892,31,46,0,63 target=-7959,3177,2435,0,64,4,30
elapsed=16957 source=0672 action=advance-homing pose=-1130,-1700,-892,31,46,0,63 target=-7959,3177,2435,0,64,4,30
elapsed=16957 source=04B9 action=contract pose=-6043,2671,1506,14,46,0,63 target=-7959,3177,2435,0,64,4,30
elapsed=16957 source=04B9 action=contract pose=-6155,2700,1559,14,46,0,63 target=-7959,3177,2435,0,64,4,30
elapsed=16957 source=04B9 action=contract pose=-6267,2729,1612,14,46,0,63 target=-7959,3177,2435,0,64,4,30
elapsed=16957 source=04B9 action=face-immediate pose=-6379,2758,1666,14,46,0,63 target=-7959,3177,2435,0,64,4,30
elapsed=16957 source=04B9 action=advance-homing pose=-6379,2758,1666,13,46,0,63 target=-7959,3177,2435,0,64,4,30
elapsed=16961 source=0672 action=contract pose=-1286,-1532,-820,31,46,0,63 target=-7987,3177,2435,0,64,4,30
elapsed=16961 source=0672 action=contract pose=-1383,-1465,-774,31,46,0,63 target=-7987,3177,2435,0,64,4,30
elapsed=16961 source=0672 action=contract pose=-1480,-1398,-728,31,46,0,63 target=-7987,3177,2435,0,64,4,30
elapsed=16961 source=0672 action=face-immediate pose=-1577,-1331,-682,31,46,0,63 target=-7987,3177,2435,0,64,4,30
elapsed=16961 source=0672 action=advance-homing pose=-1577,-1331,-682,30,46,0,63 target=-7987,3177,2435,0,64,4,30
elapsed=16961 source=04B9 action=contract pose=-6587,2834,1762,13,46,0,63 target=-7987,3177,2435,0,64,4,30
elapsed=16962 source=04B9 action=contract pose=-6699,2861,1815,13,46,0,63 target=-7987,3177,2435,0,64,4,30
elapsed=16962 source=04B9 action=contract pose=-6811,2888,1868,13,46,0,63 target=-7987,3177,2435,0,64,4,30
elapsed=16962 source=04B9 action=face-immediate pose=-6923,2915,1921,13,46,0,63 target=-7987,3177,2435,0,64,4,30
elapsed=16962 source=04B9 action=advance-homing pose=-6923,2915,1921,12,46,0,63 target=-7987,3177,2435,0,64,4,30
elapsed=16965 source=0672 action=contract pose=-1741,-1167,-606,30,46,0,63 target=-8015,3177,2435,0,64,4,30
elapsed=16965 source=0672 action=contract pose=-1839,-1100,-559,30,46,0,63 target=-8015,3177,2435,0,64,4,30
elapsed=16966 source=0672 action=contract pose=-1937,-1033,-512,30,46,0,63 target=-8015,3177,2435,0,64,4,30
elapsed=16966 source=0672 action=face-immediate pose=-2035,-966,-465,30,46,0,63 target=-8015,3177,2435,0,64,4,30
elapsed=16966 source=0672 action=advance-homing pose=-2035,-966,-465,30,46,0,63 target=-8015,3177,2435,0,64,4,30
elapsed=16966 source=04B9 action=face-immediate pose=-7131,2983,2017,12,46,0,63 target=-8015,3177,2435,0,64,4,30
elapsed=16966 source=04B9 action=set-cruise-speed pose=-7131,2983,2017,11,47,0,63 target=-8015,3177,2435,0,64,4,30
elapsed=16966 source=04B9 action=advance-aim pose=-7131,2983,2017,11,47,0,63 target=-8015,3177,2435,0,64,4,30
elapsed=16970 source=0672 action=contract pose=-2199,-802,-389,30,46,0,63 target=-8043,3177,2435,0,64,4,30
elapsed=16970 source=0672 action=contract pose=-2297,-736,-342,30,46,0,63 target=-8043,3177,2435,0,64,4,30
elapsed=16970 source=0672 action=contract pose=-2395,-670,-295,30,46,0,63 target=-8043,3177,2435,0,64,4,30
elapsed=16970 source=0672 action=face-immediate pose=-2493,-604,-248,30,46,0,63 target=-8043,3177,2435,0,64,4,30
elapsed=16970 source=0672 action=advance-homing pose=-2493,-604,-248,30,46,0,63 target=-8043,3177,2435,0,64,4,30
elapsed=16970 source=04B9 action=advance-aim pose=-7347,3047,2109,11,47,0,63 target=-8043,3177,2435,0,64,4,30
elapsed=16970 source=04B9 action=face-smooth pose=-7563,3111,2201,11,47,0,63 target=-8043,3177,2435,0,64,4,30
elapsed=16974 source=0672 action=contract pose=-2657,-440,-172,30,46,0,63 target=-8071,3177,2435,0,64,3,30
elapsed=16974 source=0672 action=contract pose=-2756,-375,-125,30,46,0,63 target=-8071,3177,2435,0,64,3,30
elapsed=16974 source=0672 action=contract pose=-2855,-310,-78,30,46,0,63 target=-8071,3177,2435,0,64,3,30
elapsed=16974 source=0672 action=face-immediate pose=-2954,-245,-31,30,46,0,63 target=-8071,3177,2435,0,64,3,30
elapsed=16974 source=0672 action=advance-homing pose=-2954,-245,-31,29,46,0,63 target=-8071,3177,2435,0,64,3,30
elapsed=16974 source=04B9 action=advance-aim pose=-7563,3111,2201,10,46,0,63 target=-8071,3177,2435,0,64,3,30
elapsed=16978 source=0672 action=contract pose=-3122,-85,45,29,46,0,63 target=-8099,3177,2435,0,64,3,30
elapsed=16978 source=0672 action=contract pose=-3221,-21,92,29,46,0,63 target=-8099,3177,2435,0,64,3,30
elapsed=16978 source=0672 action=contract pose=-3321,43,139,29,46,0,63 target=-8099,3177,2435,0,64,3,30
elapsed=16978 source=0672 action=face-immediate pose=-3420,107,186,29,46,0,63 target=-8099,3177,2435,0,64,3,30
elapsed=16978 source=0672 action=advance-homing pose=-3420,107,186,29,46,0,63 target=-8099,3177,2435,0,64,3,30
elapsed=16978 source=04B9 action=advance-aim pose=-7775,3167,2297,10,46,0,63 target=-8099,3177,2435,0,64,3,30
elapsed=16978 source=04B9 action=face-smooth pose=-7987,3223,2393,10,46,0,63 target=-8099,3177,2435,0,64,3,30
elapsed=16982 source=0672 action=contract pose=-3588,267,262,29,46,0,63 target=-8127,3177,2435,0,64,2,30
elapsed=16982 source=0672 action=contract pose=-3688,330,309,29,46,0,63 target=-8127,3177,2435,0,64,2,30
elapsed=16982 source=0672 action=contract pose=-3788,393,356,29,46,0,63 target=-8127,3177,2435,0,64,2,30
elapsed=16982 source=0672 action=face-immediate pose=-3888,456,403,29,46,0,63 target=-8127,3177,2435,0,64,2,30
elapsed=16982 source=0672 action=advance-homing pose=-3888,456,403,29,46,0,63 target=-8127,3177,2435,0,64,2,30
elapsed=16982 source=04B9 action=advance-aim pose=-7987,3223,2393,2,47,0,63 target=-8127,3177,2435,0,64,2,30
elapsed=16987 source=0672 action=contract pose=-4056,616,479,29,46,0,63 target=-8155,3177,2435,0,64,2,30
elapsed=16987 source=0672 action=contract pose=-4157,678,526,29,46,0,63 target=-8155,3177,2435,0,64,2,30
elapsed=16987 source=0672 action=contract pose=-4258,740,573,29,46,0,63 target=-8155,3177,2435,0,64,2,30
elapsed=16987 source=0672 action=face-immediate pose=-4359,802,620,29,46,0,63 target=-8155,3177,2435,0,64,2,30
elapsed=16987 source=0672 action=advance-homing pose=-4359,802,620,28,46,0,63 target=-8155,3177,2435,0,64,2,30
elapsed=16987 source=04B9 action=advance-cruise pose=-8211,3231,2489,2,47,0,63 target=-8155,3177,2435,0,64,2,30
elapsed=16991 source=0672 action=contract pose=-4527,958,696,28,46,0,63 target=-8183,3177,2435,0,64,1,30
elapsed=16991 source=0672 action=contract pose=-4628,1019,743,28,46,0,63 target=-8183,3177,2435,0,64,1,30
elapsed=16991 source=0672 action=contract pose=-4729,1080,790,28,46,0,63 target=-8183,3177,2435,0,64,1,30
elapsed=16991 source=0672 action=face-immediate pose=-4830,1141,837,28,46,0,63 target=-8183,3177,2435,0,64,1,30
elapsed=16991 source=0672 action=advance-homing pose=-4830,1141,837,27,46,0,63 target=-8183,3177,2435,0,64,1,30
elapsed=16991 source=04B9 action=advance-cruise pose=-8435,3239,2585,2,47,0,63 target=-8183,3177,2435,0,64,1,30
elapsed=16995 source=0672 action=contract pose=-5002,1293,917,27,46,0,63 target=-8211,3177,2435,0,64,0,30
elapsed=16995 source=0672 action=contract pose=-5104,1352,965,27,46,0,63 target=-8211,3177,2435,0,64,0,30
elapsed=16995 source=0672 action=contract pose=-5206,1411,1013,27,46,0,63 target=-8211,3177,2435,0,64,0,30
elapsed=16995 source=0672 action=face-immediate pose=-5308,1470,1061,27,46,0,63 target=-8211,3177,2435,0,64,0,30
elapsed=16995 source=0672 action=advance-homing pose=-5308,1470,1061,27,47,0,63 target=-8211,3177,2435,0,64,0,30
elapsed=16995 source=04B9 action=advance-cruise pose=-8659,3247,2681,2,47,0,63 target=-8211,3177,2435,0,64,0,30
elapsed=16999 source=0672 action=contract pose=-5484,1622,1137,27,47,0,63 target=-8239,3177,2435,0,64,255,30
elapsed=16999 source=0672 action=contract pose=-5587,1679,1185,27,47,0,63 target=-8239,3177,2435,0,64,255,30
elapsed=16999 source=0672 action=contract pose=-5690,1736,1233,27,47,0,63 target=-8239,3177,2435,0,64,255,30
elapsed=16999 source=0672 action=face-immediate pose=-5793,1793,1281,27,47,0,63 target=-8239,3177,2435,0,64,255,30
elapsed=16999 source=0672 action=advance-homing pose=-5793,1793,1281,26,47,0,63 target=-8239,3177,2435,0,64,255,30
elapsed=16999 source=04B9 action=advance-cruise pose=-8883,3255,2777,2,47,0,63 target=-8239,3177,2435,0,64,255,30
elapsed=17003 source=0672 action=contract pose=-5973,1937,1357,26,47,0,63 target=-8267,3177,2435,0,64,254,30
elapsed=17003 source=0672 action=contract pose=-6077,1992,1405,26,47,0,63 target=-8267,3177,2435,0,64,254,30
elapsed=17003 source=0672 action=contract pose=-6181,2047,1453,26,47,0,63 target=-8267,3177,2435,0,64,254,30
elapsed=17003 source=0672 action=face-immediate pose=-6285,2102,1501,26,47,0,63 target=-8267,3177,2435,0,64,254,30
elapsed=17003 source=0672 action=advance-homing pose=-6285,2102,1501,25,47,0,63 target=-8267,3177,2435,0,64,254,30
elapsed=17003 source=04B9 action=advance-cruise pose=-9107,3263,2873,2,47,0,63 target=-8267,3177,2435,0,64,254,30
elapsed=17007 source=0672 action=contract pose=-6465,2242,1581,25,47,0,63 target=-8295,3177,2435,0,64,254,30
elapsed=17007 source=0672 action=contract pose=-6570,2295,1629,25,47,0,63 target=-8295,3177,2435,0,64,254,30
elapsed=17007 source=0672 action=contract pose=-6675,2348,1677,25,47,0,63 target=-8295,3177,2435,0,64,254,30
elapsed=17007 source=0672 action=face-immediate pose=-6780,2401,1725,25,47,0,63 target=-8295,3177,2435,0,64,254,30
elapsed=17007 source=0672 action=advance-homing pose=-6780,2401,1725,24,47,0,63 target=-8295,3177,2435,0,64,254,30
elapsed=17007 source=04B9 action=advance-cruise pose=-9331,3271,2969,2,47,0,63 target=-8295,3177,2435,0,64,254,30
elapsed=17011 source=0672 action=contract pose=-6964,2537,1805,24,47,0,63 target=-8323,3177,2435,0,64,253,30
elapsed=17011 source=0672 action=contract pose=-7071,2586,1854,24,47,0,63 target=-8323,3177,2435,0,64,253,30
elapsed=17011 source=0672 action=contract pose=-7177,2636,1903,24,47,0,63 target=-8323,3177,2435,0,64,253,30
elapsed=17011 source=0672 action=face-immediate pose=-7283,2686,1952,24,47,0,63 target=-8323,3177,2435,0,64,253,30
elapsed=17011 source=0672 action=advance-homing pose=-7283,2686,1952,23,47,0,63 target=-8323,3177,2435,0,64,253,30
elapsed=17011 source=04B9 action=advance-cruise pose=-9555,3279,3065,2,47,0,63 target=-8323,3177,2435,0,64,253,30
elapsed=17015 source=0672 action=face-immediate pose=-7471,2814,2032,23,47,0,63 target=-8351,3177,2435,0,64,253,30
elapsed=17015 source=0672 action=set-cruise-speed pose=-7471,2814,2032,20,47,0,63 target=-8351,3177,2435,0,64,253,30
elapsed=17015 source=0672 action=advance-aim pose=-7471,2814,2032,20,47,0,63 target=-8351,3177,2435,0,64,253,30
elapsed=17015 source=04B9 action=advance-cruise pose=-9779,3287,3161,2,47,0,63 target=-8351,3177,2435,0,64,253,30
elapsed=17019 source=076E action=set-cruise-speed pose=-3748,-2972,240,43,47,0,30 target=-8379,3177,2435,0,64,252,30
elapsed=17019 source=076E action=contract pose=-3748,-2972,240,43,47,0,63 target=-8379,3177,2435,0,64,252,30
elapsed=17019 source=076E action=contract pose=-3822,-2875,274,43,47,0,63 target=-8379,3177,2435,0,64,252,30
elapsed=17019 source=076E action=contract pose=-3896,-2778,308,43,47,0,63 target=-8379,3177,2435,0,64,252,30
elapsed=17019 source=076E action=face-immediate pose=-3970,-2681,342,43,47,0,63 target=-8379,3177,2435,0,64,252,30
elapsed=17020 source=076E action=advance-homing pose=-3970,-2681,342,43,47,0,63 target=-8379,3177,2435,0,64,252,30
elapsed=17020 source=0672 action=advance-aim pose=-7667,2930,2116,20,47,0,63 target=-8379,3177,2435,0,64,252,30
elapsed=17020 source=0672 action=face-smooth pose=-7863,3046,2200,20,47,0,63 target=-8379,3177,2435,0,64,252,30
elapsed=17020 source=04B9 action=advance-cruise pose=-10003,3295,3257,2,47,0,63 target=-8379,3177,2435,0,64,252,30
elapsed=17024 source=076E action=contract pose=-4078,-2465,390,43,47,0,63 target=-8407,3177,2435,0,64,252,30
elapsed=17024 source=076E action=contract pose=-4153,-2368,425,43,47,0,63 target=-8407,3177,2435,0,64,252,30
elapsed=17024 source=076E action=contract pose=-4228,-2271,460,43,47,0,63 target=-8407,3177,2435,0,64,252,30
elapsed=17024 source=076E action=face-immediate pose=-4303,-2174,495,43,47,0,63 target=-8407,3177,2435,0,64,252,30
elapsed=17024 source=076E action=advance-homing pose=-4303,-2174,495,43,47,0,63 target=-8407,3177,2435,0,64,252,30
elapsed=17024 source=0672 action=advance-aim pose=-7863,3046,2200,19,47,0,63 target=-8407,3177,2435,0,64,252,30
elapsed=17024 source=04B9 action=advance-cruise pose=-10227,3303,3353,2,47,0,63 target=-8407,3177,2435,0,64,252,30
elapsed=17028 source=076E action=contract pose=-4411,-1958,543,43,47,0,63 target=-8435,3177,2435,0,64,252,30
elapsed=17028 source=076E action=contract pose=-4487,-1862,578,43,47,0,63 target=-8435,3177,2435,0,64,252,30
elapsed=17028 source=076E action=contract pose=-4563,-1767,613,43,47,0,63 target=-8435,3177,2435,0,64,252,30
elapsed=17028 source=076E action=face-immediate pose=-4639,-1671,648,43,47,0,63 target=-8435,3177,2435,0,64,252,30
elapsed=17028 source=076E action=advance-homing pose=-4639,-1671,648,42,47,0,63 target=-8435,3177,2435,0,64,252,30
elapsed=17028 source=0672 action=advance-aim pose=-8063,3158,2288,19,47,0,63 target=-8435,3177,2435,0,64,252,30
elapsed=17028 source=0672 action=face-smooth pose=-8263,3270,2376,19,47,0,63 target=-8435,3177,2435,0,64,252,30
elapsed=17029 source=04B9 action=advance-cruise pose=-10451,3311,3449,2,47,0,63 target=-8435,3177,2435,0,64,252,30
elapsed=17032 source=076E action=contract pose=-4751,-1459,696,42,47,0,63 target=-8463,3177,2435,0,64,252,30
elapsed=17032 source=076E action=contract pose=-4828,-1364,731,42,47,0,63 target=-8463,3177,2435,0,64,252,30
elapsed=17032 source=076E action=contract pose=-4905,-1269,766,42,47,0,63 target=-8463,3177,2435,0,64,252,30
elapsed=17032 source=076E action=face-immediate pose=-4982,-1174,801,42,47,0,63 target=-8463,3177,2435,0,64,252,30
elapsed=17032 source=076E action=advance-homing pose=-4982,-1174,801,42,47,0,63 target=-8463,3177,2435,0,64,252,30
elapsed=17032 source=0672 action=advance-aim pose=-8263,3270,2376,8,48,0,63 target=-8463,3177,2435,0,64,252,30
elapsed=17033 source=04B9 action=advance-cruise pose=-10675,3319,3545,2,47,0,63 target=-8463,3177,2435,0,64,252,30
elapsed=17036 source=076E action=contract pose=-5094,-962,849,42,47,0,63 target=-8491,3177,2435,0,64,253,30
elapsed=17036 source=076E action=contract pose=-5172,-868,885,42,47,0,63 target=-8491,3177,2435,0,64,253,30
elapsed=17037 source=076E action=contract pose=-5250,-774,921,42,47,0,63 target=-8491,3177,2435,0,64,253,30
elapsed=17037 source=076E action=face-immediate pose=-5328,-680,957,42,47,0,63 target=-8491,3177,2435,0,64,253,30
elapsed=17037 source=076E action=advance-homing pose=-5328,-680,957,41,47,0,63 target=-8491,3177,2435,0,64,253,30
elapsed=17037 source=0672 action=advance-cruise pose=-8483,3314,2464,8,48,0,63 target=-8491,3177,2435,0,64,253,30
elapsed=17037 source=04B9 action=advance-cruise pose=-10899,3327,3641,2,47,0,63 target=-8491,3177,2435,0,64,253,30
elapsed=17040 source=076E action=contract pose=-5444,-472,1009,41,47,0,63 target=-8519,3177,2435,0,64,253,30
elapsed=17040 source=076E action=contract pose=-5523,-379,1045,41,47,0,63 target=-8519,3177,2435,0,64,253,30
elapsed=17041 source=076E action=contract pose=-5602,-286,1081,41,47,0,63 target=-8519,3177,2435,0,64,253,30
elapsed=17041 source=076E action=face-immediate pose=-5681,-193,1117,41,47,0,63 target=-8519,3177,2435,0,64,253,30
elapsed=17041 source=076E action=advance-homing pose=-5681,-193,1117,41,47,0,63 target=-8519,3177,2435,0,64,253,30
elapsed=17041 source=0672 action=advance-cruise pose=-8703,3358,2552,8,48,0,63 target=-8519,3177,2435,0,64,253,30
elapsed=17041 source=04B9 action=advance-cruise pose=-11123,3335,3737,2,47,0,63 target=-8519,3177,2435,0,64,253,30
elapsed=17045 source=076E action=contract pose=-5797,15,1169,41,47,0,63 target=-8547,3177,2435,0,64,254,30
elapsed=17045 source=076E action=contract pose=-5878,106,1205,41,47,0,63 target=-8547,3177,2435,0,64,254,30
elapsed=17045 source=076E action=contract pose=-5958,197,1241,41,47,0,63 target=-8547,3177,2435,0,64,254,30
elapsed=17045 source=076E action=face-immediate pose=-6038,288,1277,41,47,0,63 target=-8547,3177,2435,0,64,254,30
elapsed=17045 source=076E action=advance-homing pose=-6038,288,1277,40,47,0,63 target=-8547,3177,2435,0,64,254,30
elapsed=17045 source=0672 action=advance-cruise pose=-8923,3402,2640,8,48,0,63 target=-8547,3177,2435,0,64,254,30
elapsed=17045 source=04B9 action=advance-cruise pose=-11347,3343,3833,2,47,0,63 target=-8547,3177,2435,0,64,254,30
elapsed=17049 source=076E action=contract pose=-6162,492,1329,40,47,0,63 target=-8575,3177,2435,0,64,254,30
elapsed=17049 source=076E action=contract pose=-6244,582,1366,40,47,0,63 target=-8575,3177,2435,0,64,254,30
elapsed=17049 source=076E action=contract pose=-6326,672,1403,40,47,0,63 target=-8575,3177,2435,0,64,254,30
elapsed=17049 source=076E action=face-immediate pose=-6408,762,1440,40,47,0,63 target=-8575,3177,2435,0,64,254,30
elapsed=17049 source=076E action=advance-homing pose=-6408,762,1440,40,47,0,63 target=-8575,3177,2435,0,64,254,30
elapsed=17049 source=0672 action=advance-cruise pose=-9143,3446,2728,8,48,0,63 target=-8575,3177,2435,0,64,254,30
elapsed=17053 source=076E action=contract pose=-6532,966,1492,40,47,0,63 target=-8603,3177,2435,0,64,255,30
elapsed=17053 source=076E action=contract pose=-6616,1054,1529,40,47,0,63 target=-8603,3177,2435,0,64,255,30
elapsed=17053 source=076E action=contract pose=-6700,1142,1566,40,47,0,63 target=-8603,3177,2435,0,64,255,30
elapsed=17053 source=076E action=face-immediate pose=-6783,1230,1603,40,47,0,63 target=-8603,3177,2435,0,64,255,30
elapsed=17053 source=076E action=advance-homing pose=-6783,1230,1603,39,47,0,63 target=-8603,3177,2435,0,64,255,30
elapsed=17053 source=0672 action=advance-cruise pose=-9363,3490,2816,8,48,0,63 target=-8603,3177,2435,0,64,255,30
elapsed=17057 source=076E action=contract pose=-6911,1430,1659,39,47,0,63 target=-8631,3177,2435,0,64,0,30
elapsed=17057 source=076E action=contract pose=-6997,1516,1697,39,47,0,63 target=-8631,3177,2435,0,64,0,30
elapsed=17057 source=076E action=contract pose=-7083,1602,1735,39,47,0,63 target=-8631,3177,2435,0,64,0,30
elapsed=17057 source=076E action=face-immediate pose=-7168,1688,1773,39,47,0,63 target=-8631,3177,2435,0,64,0,30
elapsed=17057 source=076E action=advance-homing pose=-7168,1688,1773,38,47,0,63 target=-8631,3177,2435,0,64,0,30
elapsed=17057 source=0672 action=advance-cruise pose=-9583,3534,2904,8,48,0,63 target=-8631,3177,2435,0,64,0,30
elapsed=17061 source=076E action=contract pose=-7300,1888,1829,38,47,0,63 target=-8659,3177,2435,0,64,1,30
elapsed=17061 source=076E action=contract pose=-7388,1971,1868,38,47,0,63 target=-8659,3177,2435,0,64,1,30
elapsed=17061 source=076E action=contract pose=-7476,2054,1907,38,47,0,63 target=-8659,3177,2435,0,64,1,30
elapsed=17061 source=076E action=face-immediate pose=-7564,2137,1946,38,47,0,63 target=-8659,3177,2435,0,64,1,30
elapsed=17061 source=076E action=advance-homing pose=-7564,2137,1946,37,47,0,63 target=-8659,3177,2435,0,64,1,30
elapsed=17061 source=0672 action=advance-cruise pose=-9803,3578,2992,8,48,0,63 target=-8659,3177,2435,0,64,1,30
elapsed=17064 source=076E action=contract pose=-7700,2333,2006,37,47,0,63 target=-8687,3177,2435,0,64,2,30
elapsed=17064 source=076E action=contract pose=-7792,2411,2045,37,47,0,63 target=-8687,3177,2435,0,64,2,30
elapsed=17064 source=076E action=contract pose=-7884,2489,2084,37,47,0,63 target=-8687,3177,2435,0,64,2,30
elapsed=17064 source=076E action=face-immediate pose=-7976,2567,2124,37,47,0,63 target=-8687,3177,2435,0,64,2,30
elapsed=17064 source=076E action=advance-homing pose=-7976,2567,2124,35,48,0,63 target=-8687,3177,2435,0,64,2,30
elapsed=17064 source=0672 action=advance-cruise pose=-10023,3622,3080,8,48,0,63 target=-8687,3177,2435,0,64,2,30
elapsed=17068 source=076E action=face-immediate pose=-8120,2755,2180,35,48,0,63 target=-8715,3177,2435,0,64,2,30
elapsed=17068 source=076E action=set-cruise-speed pose=-8120,2755,2180,31,48,0,63 target=-8715,3177,2435,0,64,2,30
elapsed=17068 source=076E action=advance-aim pose=-8120,2755,2180,31,48,0,63 target=-8715,3177,2435,0,64,2,30
elapsed=17068 source=076E action=face-smooth pose=-8280,2923,2244,31,48,0,63 target=-8715,3177,2435,0,64,2,30
elapsed=17068 source=0672 action=advance-cruise pose=-10243,3666,3168,8,48,0,63 target=-8715,3177,2435,0,64,2,30
elapsed=17072 source=076E action=advance-aim pose=-8280,2923,2244,30,48,0,63 target=-8743,3177,2435,0,64,3,30
elapsed=17072 source=0672 action=advance-cruise pose=-10463,3710,3256,8,48,0,63 target=-8743,3177,2435,0,64,3,30
elapsed=17075 source=076E action=advance-aim pose=-8444,3087,2308,30,48,0,63 target=-8771,3177,2435,0,64,3,30
elapsed=17075 source=076E action=face-smooth pose=-8608,3251,2372,30,48,0,63 target=-8771,3177,2435,0,64,3,30
elapsed=17075 source=0672 action=advance-cruise pose=-10683,3754,3344,8,48,0,63 target=-8771,3177,2435,0,64,3,30
elapsed=17079 source=076E action=advance-aim pose=-8608,3251,2372,17,49,0,63 target=-8799,3177,2435,0,64,4,30
elapsed=17079 source=0672 action=advance-cruise pose=-10903,3798,3432,8,48,0,63 target=-8799,3177,2435,0,64,4,30
elapsed=17082 source=076E action=advance-cruise pose=-8816,3351,2448,17,49,0,63 target=-8827,3177,2435,0,64,4,30
elapsed=17082 source=0672 action=advance-cruise pose=-11123,3842,3520,8,48,0,63 target=-8827,3177,2435,0,64,4,30
elapsed=17086 source=076E action=advance-cruise pose=-9024,3451,2524,17,49,0,63 target=-8855,3177,2435,0,64,4,30
elapsed=17086 source=0672 action=advance-cruise pose=-11343,3886,3608,8,48,0,63 target=-8855,3177,2435,0,64,4,30
elapsed=17089 source=076E action=advance-cruise pose=-9232,3551,2600,17,49,0,63 target=-8883,3177,2435,0,64,4,30
elapsed=17089 source=0672 action=advance-cruise pose=-11563,3930,3696,8,48,0,63 target=-8883,3177,2435,0,64,4,30
elapsed=17093 source=076E action=advance-cruise pose=-9440,3651,2676,17,49,0,63 target=-8911,3177,2435,0,64,3,30
elapsed=17096 source=076E action=advance-cruise pose=-9648,3751,2752,17,49,0,63 target=-8939,3177,2435,0,64,3,30
elapsed=17099 source=076E action=advance-cruise pose=-9856,3851,2828,17,49,0,63 target=-8967,3177,2435,0,64,2,30
elapsed=17103 source=076E action=advance-cruise pose=-10064,3951,2904,17,49,0,63 target=-8995,3177,2435,0,64,2,30
elapsed=17106 source=076E action=advance-cruise pose=-10272,4051,2980,17,49,0,63 target=-9023,3177,2435,0,64,1,30
elapsed=17109 source=076E action=advance-cruise pose=-10480,4151,3056,17,49,0,63 target=-9051,3177,2435,0,64,0,30
elapsed=17113 source=076E action=advance-cruise pose=-10688,4251,3132,17,49,0,63 target=-9079,3177,2435,0,64,255,30
elapsed=17116 source=076E action=advance-cruise pose=-10896,4351,3208,17,49,0,63 target=-9107,3177,2435,0,64,254,30
elapsed=17120 source=076E action=advance-cruise pose=-11104,4451,3284,17,49,0,63 target=-9135,3177,2435,0,64,254,30
elapsed=17123 source=076E action=advance-cruise pose=-11312,4551,3360,17,49,0,63 target=-9163,3177,2435,0,64,253,30
elapsed=17126 source=076E action=advance-cruise pose=-11520,4651,3436,17,49,0,63 target=-9191,3177,2435,0,64,253,30
elapsed=17130 source=076E action=advance-cruise pose=-11728,4751,3512,17,49,0,63 target=-9219,3177,2435,0,64,252,30
elapsed=17352 source=0672 action=set-cruise-speed pose=-9332,5530,12428,241,121,0,30 target=-11291,3177,2435,0,64,3,30
elapsed=17352 source=0672 action=contract pose=-9332,5530,12428,241,121,0,63 target=-11291,3177,2435,0,64,3,30
elapsed=17352 source=0672 action=contract pose=-9357,5501,12305,241,121,0,63 target=-11291,3177,2435,0,64,3,30
elapsed=17352 source=0672 action=contract pose=-9381,5472,12182,241,121,0,63 target=-11291,3177,2435,0,64,3,30
elapsed=17352 source=0672 action=face-immediate pose=-9405,5443,12059,241,121,0,63 target=-11291,3177,2435,0,64,3,30
elapsed=17352 source=0672 action=advance-homing pose=-9405,5443,12059,241,121,0,63 target=-11291,3177,2435,0,64,3,30
elapsed=17355 source=0672 action=contract pose=-9441,5355,11835,241,121,0,63 target=-11319,3177,2435,0,64,4,30
elapsed=17355 source=0672 action=contract pose=-9466,5326,11712,241,121,0,63 target=-11319,3177,2435,0,64,4,30
elapsed=17355 source=0672 action=contract pose=-9491,5297,11590,241,121,0,63 target=-11319,3177,2435,0,64,4,30
elapsed=17355 source=0672 action=face-immediate pose=-9516,5268,11468,241,121,0,63 target=-11319,3177,2435,0,64,4,30
elapsed=17355 source=0672 action=advance-homing pose=-9516,5268,11468,242,120,0,63 target=-11319,3177,2435,0,64,4,30
elapsed=17358 source=0672 action=contract pose=-9556,5188,11244,242,120,0,63 target=-11347,3177,2435,0,64,4,30
elapsed=17358 source=0672 action=contract pose=-9581,5159,11122,242,120,0,63 target=-11347,3177,2435,0,64,4,30
elapsed=17358 source=0672 action=contract pose=-9606,5130,10999,242,120,0,63 target=-11347,3177,2435,0,64,4,30
elapsed=17358 source=0672 action=face-immediate pose=-9631,5101,10877,242,120,0,63 target=-11347,3177,2435,0,64,4,30
elapsed=17358 source=0672 action=advance-homing pose=-9631,5101,10877,242,120,0,63 target=-11347,3177,2435,0,64,4,30
elapsed=17361 source=0672 action=contract pose=-9671,5021,10653,242,120,0,63 target=-11375,3177,2435,0,64,4,30
elapsed=17361 source=0672 action=contract pose=-9697,4993,10531,242,120,0,63 target=-11375,3177,2435,0,64,4,30
elapsed=17361 source=0672 action=contract pose=-9723,4965,10409,242,120,0,63 target=-11375,3177,2435,0,64,4,30
elapsed=17361 source=0672 action=face-immediate pose=-9749,4937,10287,242,120,0,63 target=-11375,3177,2435,0,64,4,30
elapsed=17361 source=0672 action=advance-homing pose=-9749,4937,10287,242,120,0,63 target=-11375,3177,2435,0,64,4,30
elapsed=17364 source=0672 action=contract pose=-9789,4857,10063,242,120,0,63 target=-11403,3177,2435,0,64,4,30
elapsed=17364 source=0672 action=contract pose=-9815,4830,9940,242,120,0,63 target=-11403,3177,2435,0,64,4,30
elapsed=17364 source=0672 action=contract pose=-9842,4803,9817,242,120,0,63 target=-11403,3177,2435,0,64,4,30
elapsed=17365 source=0672 action=face-immediate pose=-9868,4775,9694,242,120,0,63 target=-11403,3177,2435,0,64,4,30
elapsed=17365 source=0672 action=advance-homing pose=-9868,4775,9694,242,120,0,63 target=-11403,3177,2435,0,64,4,30
elapsed=17368 source=0672 action=contract pose=-9908,4695,9470,242,120,0,63 target=-11431,3177,2435,0,64,3,30
elapsed=17368 source=0672 action=contract pose=-9935,4668,9348,242,120,0,63 target=-11431,3177,2435,0,64,3,30
elapsed=17368 source=0672 action=contract pose=-9962,4641,9226,242,120,0,63 target=-11431,3177,2435,0,64,3,30
elapsed=17368 source=0672 action=face-immediate pose=-9989,4614,9104,242,120,0,63 target=-11431,3177,2435,0,64,3,30
elapsed=17368 source=0672 action=advance-homing pose=-9989,4614,9104,243,120,0,63 target=-11431,3177,2435,0,64,3,30
elapsed=17371 source=0672 action=contract pose=-10029,4538,8876,243,120,0,63 target=-11459,3177,2435,0,64,3,30
elapsed=17371 source=0672 action=contract pose=-10057,4512,8753,243,120,0,63 target=-11459,3177,2435,0,64,3,30
elapsed=17371 source=0672 action=contract pose=-10085,4486,8631,243,120,0,63 target=-11459,3177,2435,0,64,3,30
elapsed=17371 source=0672 action=face-immediate pose=-10113,4460,8509,243,120,0,63 target=-11459,3177,2435,0,64,3,30
elapsed=17371 source=0672 action=advance-homing pose=-10113,4460,8509,243,120,0,63 target=-11459,3177,2435,0,64,3,30
elapsed=17374 source=0672 action=contract pose=-10153,4384,8281,243,120,0,63 target=-11487,3177,2435,0,64,2,30
elapsed=17374 source=0672 action=contract pose=-10181,4358,8159,243,120,0,63 target=-11487,3177,2435,0,64,2,30
elapsed=17374 source=0672 action=contract pose=-10209,4332,8037,243,120,0,63 target=-11487,3177,2435,0,64,2,30
elapsed=17374 source=0672 action=face-immediate pose=-10237,4306,7915,243,120,0,63 target=-11487,3177,2435,0,64,2,30
elapsed=17374 source=0672 action=advance-homing pose=-10237,4306,7915,243,119,0,63 target=-11487,3177,2435,0,64,2,30
elapsed=17377 source=0672 action=contract pose=-10285,4230,7691,243,119,0,63 target=-11515,3177,2435,0,64,2,30
elapsed=17377 source=0672 action=contract pose=-10314,4205,7569,243,119,0,63 target=-11515,3177,2435,0,64,2,30
elapsed=17377 source=0672 action=contract pose=-10343,4180,7447,243,119,0,63 target=-11515,3177,2435,0,64,2,30
elapsed=17377 source=0672 action=face-immediate pose=-10372,4155,7325,243,119,0,63 target=-11515,3177,2435,0,64,2,30
elapsed=17377 source=0672 action=advance-homing pose=-10372,4155,7325,244,119,0,63 target=-11515,3177,2435,0,64,2,30
elapsed=17380 source=0672 action=contract pose=-10420,4087,7101,244,119,0,63 target=-11543,3177,2435,0,64,1,30
elapsed=17380 source=0672 action=contract pose=-10450,4063,6979,244,119,0,63 target=-11543,3177,2435,0,64,1,30
elapsed=17380 source=0672 action=contract pose=-10480,4039,6857,244,119,0,63 target=-11543,3177,2435,0,64,1,30
elapsed=17380 source=0672 action=face-immediate pose=-10510,4015,6735,244,119,0,63 target=-11543,3177,2435,0,64,1,30
elapsed=17380 source=0672 action=advance-homing pose=-10510,4015,6735,244,119,0,63 target=-11543,3177,2435,0,64,1,30
elapsed=17383 source=0672 action=contract pose=-10558,3947,6511,244,119,0,63 target=-11571,3177,2435,0,64,0,30
elapsed=17383 source=0672 action=contract pose=-10589,3924,6389,244,119,0,63 target=-11571,3177,2435,0,64,0,30
elapsed=17383 source=0672 action=contract pose=-10620,3901,6267,244,119,0,63 target=-11571,3177,2435,0,64,0,30
elapsed=17383 source=0672 action=face-immediate pose=-10651,3878,6145,244,119,0,63 target=-11571,3177,2435,0,64,0,30
elapsed=17383 source=0672 action=advance-homing pose=-10651,3878,6145,244,119,0,63 target=-11571,3177,2435,0,64,0,30
elapsed=17386 source=0672 action=contract pose=-10699,3810,5921,244,119,0,63 target=-11599,3177,2435,0,64,255,30
elapsed=17386 source=0672 action=contract pose=-10731,3787,5799,244,119,0,63 target=-11599,3177,2435,0,64,255,30
elapsed=17386 source=0672 action=contract pose=-10763,3764,5677,244,119,0,63 target=-11599,3177,2435,0,64,255,30
elapsed=17386 source=0672 action=face-immediate pose=-10795,3741,5555,244,119,0,63 target=-11599,3177,2435,0,64,255,30
elapsed=17386 source=0672 action=advance-homing pose=-10795,3741,5555,245,118,0,63 target=-11599,3177,2435,0,64,255,30
elapsed=17389 source=0672 action=contract pose=-10847,3677,5327,245,118,0,63 target=-11627,3177,2435,0,64,254,30
elapsed=17389 source=0672 action=contract pose=-10880,3656,5205,245,118,0,63 target=-11627,3177,2435,0,64,254,30
elapsed=17389 source=0672 action=contract pose=-10913,3635,5083,245,118,0,63 target=-11627,3177,2435,0,64,254,30
elapsed=17389 source=0672 action=face-immediate pose=-10946,3614,4961,245,118,0,63 target=-11627,3177,2435,0,64,254,30
elapsed=17389 source=0672 action=advance-homing pose=-10946,3614,4961,245,118,0,63 target=-11627,3177,2435,0,64,254,30
elapsed=17392 source=0672 action=contract pose=-10998,3550,4733,245,118,0,63 target=-11655,3177,2435,0,64,254,30
elapsed=17392 source=0672 action=contract pose=-11033,3530,4612,245,118,0,63 target=-11655,3177,2435,0,64,254,30
elapsed=17392 source=0672 action=contract pose=-11068,3510,4491,245,118,0,63 target=-11655,3177,2435,0,64,254,30
elapsed=17393 source=0672 action=face-immediate pose=-11103,3490,4370,245,118,0,63 target=-11655,3177,2435,0,64,254,30
elapsed=17393 source=0672 action=advance-homing pose=-11103,3490,4370,246,117,0,63 target=-11655,3177,2435,0,64,254,30
elapsed=17396 source=0672 action=contract pose=-11163,3434,4142,246,117,0,63 target=-11683,3177,2435,0,64,253,30
elapsed=17396 source=0672 action=contract pose=-11200,3415,4021,246,117,0,63 target=-11683,3177,2435,0,64,253,30
elapsed=17396 source=0672 action=contract pose=-11237,3396,3900,246,117,0,63 target=-11683,3177,2435,0,64,253,30
elapsed=17396 source=0672 action=face-immediate pose=-11274,3377,3779,246,117,0,63 target=-11683,3177,2435,0,64,253,30
elapsed=17396 source=0672 action=advance-homing pose=-11274,3377,3779,247,117,0,63 target=-11683,3177,2435,0,64,253,30
elapsed=17399 source=0672 action=contract pose=-11334,3325,3551,247,117,0,63 target=-11711,3177,2435,0,64,253,30
elapsed=17399 source=0672 action=contract pose=-11375,3309,3431,247,117,0,63 target=-11711,3177,2435,0,64,253,30
elapsed=17399 source=0672 action=contract pose=-11416,3293,3311,247,117,0,63 target=-11711,3177,2435,0,64,253,30
elapsed=17399 source=0672 action=face-immediate pose=-11457,3277,3191,247,117,0,63 target=-11711,3177,2435,0,64,253,30
elapsed=17399 source=0672 action=advance-homing pose=-11457,3277,3191,248,115,0,63 target=-11711,3177,2435,0,64,253,30
elapsed=17402 source=076E action=set-cruise-speed pose=-11092,2774,10868,3,125,0,30 target=-11739,3177,2435,0,64,252,30
elapsed=17402 source=076E action=contract pose=-11092,2774,10868,3,125,0,63 target=-11739,3177,2435,0,64,252,30
elapsed=17402 source=076E action=contract pose=-11102,2779,10740,3,125,0,63 target=-11739,3177,2435,0,64,252,30
elapsed=17402 source=076E action=contract pose=-11112,2784,10613,3,125,0,63 target=-11739,3177,2435,0,64,252,30
elapsed=17402 source=076E action=face-immediate pose=-11122,2789,10486,3,125,0,63 target=-11739,3177,2435,0,64,252,30
elapsed=17402 source=076E action=advance-homing pose=-11122,2789,10486,3,125,0,63 target=-11739,3177,2435,0,64,252,30
elapsed=17403 source=0672 action=face-immediate pose=-11529,3233,2963,248,115,0,63 target=-11739,3177,2435,0,64,252,30
elapsed=17403 source=0672 action=set-cruise-speed pose=-11529,3233,2963,250,113,0,63 target=-11739,3177,2435,0,64,252,30
elapsed=17403 source=0672 action=advance-aim pose=-11529,3233,2963,250,113,0,63 target=-11739,3177,2435,0,64,252,30
elapsed=17403 source=0672 action=face-smooth pose=-11613,3201,2739,250,113,0,63 target=-11739,3177,2435,0,64,252,30
elapsed=17406 source=076E action=contract pose=-11134,2805,10242,3,125,0,63 target=-11767,3177,2435,0,64,252,30
elapsed=17406 source=076E action=contract pose=-11145,2810,10114,3,125,0,63 target=-11767,3177,2435,0,64,252,30
elapsed=17406 source=076E action=contract pose=-11156,2815,9987,3,125,0,63 target=-11767,3177,2435,0,64,252,30
elapsed=17406 source=076E action=face-immediate pose=-11167,2821,9859,3,125,0,63 target=-11767,3177,2435,0,64,252,30
elapsed=17406 source=076E action=advance-homing pose=-11167,2821,9859,3,125,0,63 target=-11767,3177,2435,0,64,252,30
elapsed=17406 source=0672 action=advance-aim pose=-11613,3201,2739,251,113,0,63 target=-11767,3177,2435,0,64,252,30
elapsed=17409 source=076E action=contract pose=-11179,2837,9615,3,125,0,63 target=-11795,3177,2435,0,64,252,30
elapsed=17409 source=076E action=contract pose=-11191,2842,9488,3,125,0,63 target=-11795,3177,2435,0,64,252,30
elapsed=17409 source=076E action=contract pose=-11203,2847,9361,3,125,0,63 target=-11795,3177,2435,0,64,252,30
elapsed=17410 source=076E action=face-immediate pose=-11214,2852,9234,3,125,0,63 target=-11795,3177,2435,0,64,252,30
elapsed=17410 source=076E action=advance-homing pose=-11214,2852,9234,3,125,0,63 target=-11795,3177,2435,0,64,252,30
elapsed=17410 source=0672 action=advance-aim pose=-11697,3173,2511,251,113,0,63 target=-11795,3177,2435,0,64,252,30
elapsed=17413 source=076E action=contract pose=-11226,2868,8990,3,125,0,63 target=-11823,3177,2435,0,64,252,30
elapsed=17413 source=076E action=contract pose=-11238,2873,8863,3,125,0,63 target=-11823,3177,2435,0,64,252,30
elapsed=17413 source=076E action=contract pose=-11250,2878,8736,3,125,0,63 target=-11823,3177,2435,0,64,252,30
elapsed=17413 source=076E action=face-immediate pose=-11262,2883,8609,3,125,0,63 target=-11823,3177,2435,0,64,252,30
elapsed=17413 source=076E action=advance-homing pose=-11262,2883,8609,3,125,0,63 target=-11823,3177,2435,0,64,252,30
elapsed=17413 source=0672 action=advance-cruise pose=-11781,3145,2283,251,113,0,63 target=-11823,3177,2435,0,64,252,30
elapsed=17416 source=076E action=contract pose=-11274,2899,8365,3,125,0,63 target=-11851,3177,2435,0,64,253,30
elapsed=17416 source=076E action=contract pose=-11287,2904,8238,3,125,0,63 target=-11851,3177,2435,0,64,253,30
elapsed=17416 source=076E action=contract pose=-11300,2909,8111,3,125,0,63 target=-11851,3177,2435,0,64,253,30
elapsed=17416 source=076E action=face-immediate pose=-11313,2914,7984,3,125,0,63 target=-11851,3177,2435,0,64,253,30
elapsed=17416 source=076E action=advance-homing pose=-11313,2914,7984,3,125,0,63 target=-11851,3177,2435,0,64,253,30
elapsed=17416 source=0672 action=advance-cruise pose=-11865,3117,2055,251,113,0,63 target=-11851,3177,2435,0,64,253,30
elapsed=17419 source=076E action=contract pose=-11325,2930,7740,3,125,0,63 target=-11879,3177,2435,0,64,253,30
elapsed=17419 source=076E action=contract pose=-11339,2935,7613,3,125,0,63 target=-11879,3177,2435,0,64,253,30
elapsed=17419 source=076E action=contract pose=-11353,2940,7486,3,125,0,63 target=-11879,3177,2435,0,64,253,30
elapsed=17419 source=076E action=face-immediate pose=-11367,2945,7359,3,125,0,63 target=-11879,3177,2435,0,64,253,30
elapsed=17419 source=076E action=advance-homing pose=-11367,2945,7359,3,124,0,63 target=-11879,3177,2435,0,64,253,30
elapsed=17420 source=0672 action=advance-cruise pose=-11949,3089,1827,251,113,0,63 target=-11879,3177,2435,0,64,253,30
elapsed=17423 source=076E action=contract pose=-11383,2961,7115,3,124,0,63 target=-11907,3177,2435,0,64,254,30
elapsed=17423 source=076E action=contract pose=-11398,2966,6988,3,124,0,63 target=-11907,3177,2435,0,64,254,30
elapsed=17423 source=076E action=contract pose=-11413,2971,6861,3,124,0,63 target=-11907,3177,2435,0,64,254,30
elapsed=17423 source=076E action=face-immediate pose=-11428,2976,6734,3,124,0,63 target=-11907,3177,2435,0,64,254,30
elapsed=17423 source=076E action=advance-homing pose=-11428,2976,6734,3,124,0,63 target=-11907,3177,2435,0,64,254,30
elapsed=17423 source=0672 action=advance-cruise pose=-12033,3061,1599,251,113,0,63 target=-11907,3177,2435,0,64,254,30
elapsed=17426 source=076E action=contract pose=-11444,2992,6490,3,124,0,63 target=-11935,3177,2435,0,64,254,30
elapsed=17426 source=076E action=contract pose=-11460,2997,6363,3,124,0,63 target=-11935,3177,2435,0,64,254,30
elapsed=17426 source=076E action=contract pose=-11476,3002,6236,3,124,0,63 target=-11935,3177,2435,0,64,254,30
elapsed=17426 source=076E action=face-immediate pose=-11492,3007,6109,3,124,0,63 target=-11935,3177,2435,0,64,254,30
elapsed=17426 source=076E action=advance-homing pose=-11492,3007,6109,3,124,0,63 target=-11935,3177,2435,0,64,254,30
elapsed=17426 source=0672 action=advance-cruise pose=-12117,3033,1371,251,113,0,63 target=-11935,3177,2435,0,64,254,30
elapsed=17429 source=076E action=contract pose=-11508,3023,5865,3,124,0,63 target=-11963,3177,2435,0,64,255,30
elapsed=17429 source=076E action=contract pose=-11525,3028,5739,3,124,0,63 target=-11963,3177,2435,0,64,255,30
elapsed=17429 source=076E action=contract pose=-11542,3033,5612,3,124,0,63 target=-11963,3177,2435,0,64,255,30
elapsed=17429 source=076E action=face-immediate pose=-11559,3038,5486,3,124,0,63 target=-11963,3177,2435,0,64,255,30
elapsed=17429 source=076E action=advance-homing pose=-11559,3038,5486,3,123,0,63 target=-11963,3177,2435,0,64,255,30
elapsed=17429 source=0672 action=advance-cruise pose=-12201,3005,1143,251,113,0,63 target=-11963,3177,2435,0,64,255,30
elapsed=17432 source=076E action=contract pose=-11583,3054,5242,3,123,0,63 target=-11991,3177,2435,0,64,0,30
elapsed=17432 source=076E action=contract pose=-11602,3059,5116,3,123,0,63 target=-11991,3177,2435,0,64,0,30
elapsed=17432 source=076E action=contract pose=-11621,3064,4990,3,123,0,63 target=-11991,3177,2435,0,64,0,30
elapsed=17432 source=076E action=face-immediate pose=-11640,3069,4864,3,123,0,63 target=-11991,3177,2435,0,64,0,30
elapsed=17432 source=076E action=advance-homing pose=-11640,3069,4864,2,123,0,63 target=-11991,3177,2435,0,64,0,30
elapsed=17433 source=0672 action=advance-cruise pose=-12285,2977,915,251,113,0,63 target=-11991,3177,2435,0,64,0,30
elapsed=17436 source=076E action=contract pose=-11664,3077,4620,2,123,0,63 target=-12019,3177,2435,0,64,1,30
elapsed=17436 source=076E action=contract pose=-11685,3082,4494,2,123,0,63 target=-12019,3177,2435,0,64,1,30
elapsed=17436 source=076E action=contract pose=-11706,3087,4368,2,123,0,63 target=-12019,3177,2435,0,64,1,30
elapsed=17436 source=076E action=face-immediate pose=-11727,3092,4242,2,123,0,63 target=-12019,3177,2435,0,64,1,30
elapsed=17436 source=076E action=advance-homing pose=-11727,3092,4242,3,122,0,63 target=-12019,3177,2435,0,64,1,30
elapsed=17436 source=0672 action=advance-cruise pose=-12369,2949,687,251,113,0,63 target=-12019,3177,2435,0,64,1,30
elapsed=17439 source=076E action=contract pose=-11755,3108,4002,3,122,0,63 target=-12047,3177,2435,0,64,2,30
elapsed=17439 source=076E action=contract pose=-11779,3113,3877,3,122,0,63 target=-12047,3177,2435,0,64,2,30
elapsed=17439 source=076E action=contract pose=-11803,3118,3752,3,122,0,63 target=-12047,3177,2435,0,64,2,30
elapsed=17439 source=076E action=face-immediate pose=-11827,3123,3627,3,122,0,63 target=-12047,3177,2435,0,64,2,30
elapsed=17439 source=076E action=advance-homing pose=-11827,3123,3627,2,121,0,63 target=-12047,3177,2435,0,64,2,30
elapsed=17439 source=0672 action=advance-cruise pose=-12453,2921,459,251,113,0,63 target=-12047,3177,2435,0,64,2,30
elapsed=17442 source=076E action=face-immediate pose=-11863,3131,3387,2,121,0,63 target=-12075,3177,2435,0,64,2,30
elapsed=17442 source=076E action=set-cruise-speed pose=-11863,3131,3387,3,120,0,63 target=-12075,3177,2435,0,64,2,30
elapsed=17442 source=076E action=advance-aim pose=-11863,3131,3387,3,120,0,63 target=-12075,3177,2435,0,64,2,30
elapsed=17442 source=076E action=face-smooth pose=-11903,3147,3147,3,120,0,63 target=-12075,3177,2435,0,64,2,30
elapsed=17443 source=0672 action=advance-cruise pose=-12537,2893,231,251,113,0,63 target=-12075,3177,2435,0,64,2,30
elapsed=17446 source=076E action=advance-aim pose=-11903,3147,3147,2,119,0,63 target=-12103,3177,2435,0,64,3,30
elapsed=17446 source=0672 action=advance-cruise pose=-12621,2865,3,251,113,0,63 target=-12103,3177,2435,0,64,3,30
elapsed=17449 source=076E action=advance-aim pose=-11951,3155,2911,2,119,0,63 target=-12131,3177,2435,0,64,3,30
elapsed=17449 source=076E action=face-smooth pose=-11999,3163,2675,2,119,0,63 target=-12131,3177,2435,0,64,3,30
elapsed=17449 source=0672 action=advance-cruise pose=-12705,2837,-225,251,113,0,63 target=-12131,3177,2435,0,64,3,30
elapsed=17452 source=076E action=advance-cruise pose=-11999,3163,2675,3,117,0,63 target=-21503,3177,2435,0,64,4,30
elapsed=17452 source=0672 action=advance-cruise pose=-12789,2809,-453,251,113,0,63 target=-12159,3177,2435,0,64,4,30
elapsed=17456 source=072F action=set-cruise-speed pose=-12156,42,8892,28,128,0,30 target=-12187,3177,2435,0,64,4,30
elapsed=17456 source=072F action=contract pose=-12156,42,8892,28,128,0,63 target=-12187,3177,2435,0,64,4,30
elapsed=17456 source=072F action=contract pose=-12157,97,8777,28,128,0,63 target=-12187,3177,2435,0,64,4,30
elapsed=17456 source=072F action=contract pose=-12158,152,8662,28,128,0,63 target=-12187,3177,2435,0,64,4,30
elapsed=17456 source=072F action=face-immediate pose=-12159,207,8547,28,128,0,63 target=-12187,3177,2435,0,64,4,30
elapsed=17456 source=072F action=advance-homing pose=-12159,207,8547,28,128,0,63 target=-12187,3177,2435,0,64,4,30
elapsed=17456 source=0672 action=advance-cruise pose=-12873,2781,-681,251,113,0,63 target=-12187,3177,2435,0,64,4,30
elapsed=17459 source=072F action=contract pose=-12159,363,8359,28,128,0,63 target=-12215,3177,2435,0,64,4,30
elapsed=17459 source=072F action=contract pose=-12161,417,8243,28,128,0,63 target=-12215,3177,2435,0,64,4,30
elapsed=17459 source=072F action=contract pose=-12163,471,8128,28,128,0,63 target=-12215,3177,2435,0,64,4,30
elapsed=17459 source=072F action=face-immediate pose=-12165,525,8012,28,128,0,63 target=-12215,3177,2435,0,64,4,30
elapsed=17459 source=072F action=advance-homing pose=-12165,525,8012,28,128,0,63 target=-12215,3177,2435,0,64,4,30
elapsed=17459 source=0672 action=advance-cruise pose=-12957,2753,-909,251,113,0,63 target=-12215,3177,2435,0,64,4,30
elapsed=17462 source=072F action=contract pose=-12165,681,7824,28,128,0,63 target=-12243,3177,2435,0,64,4,30
elapsed=17462 source=072F action=contract pose=-12167,734,7708,28,128,0,63 target=-12243,3177,2435,0,64,4,30
elapsed=17462 source=072F action=contract pose=-12169,787,7592,28,128,0,63 target=-12243,3177,2435,0,64,4,30
elapsed=17462 source=072F action=face-immediate pose=-12171,840,7476,28,128,0,63 target=-12243,3177,2435,0,64,4,30
elapsed=17462 source=072F action=advance-homing pose=-12171,840,7476,27,128,0,63 target=-12243,3177,2435,0,64,4,30
elapsed=17465 source=072F action=contract pose=-12171,992,7284,27,128,0,63 target=-12271,3177,2435,0,64,3,30
elapsed=17465 source=072F action=contract pose=-12174,1044,7167,27,128,0,63 target=-12271,3177,2435,0,64,3,30
elapsed=17465 source=072F action=contract pose=-12177,1096,7050,27,128,0,63 target=-12271,3177,2435,0,64,3,30
elapsed=17465 source=072F action=face-immediate pose=-12180,1148,6933,27,128,0,63 target=-12271,3177,2435,0,64,3,30
elapsed=17465 source=072F action=advance-homing pose=-12180,1148,6933,27,128,0,63 target=-12271,3177,2435,0,64,3,30
elapsed=17468 source=072F action=contract pose=-12180,1300,6741,27,128,0,63 target=-12299,3177,2435,0,64,3,30
elapsed=17468 source=072F action=contract pose=-12184,1350,6624,27,128,0,63 target=-12299,3177,2435,0,64,3,30
elapsed=17468 source=072F action=contract pose=-12188,1400,6507,27,128,0,63 target=-12299,3177,2435,0,64,3,30
elapsed=17468 source=072F action=face-immediate pose=-12192,1450,6390,27,128,0,63 target=-12299,3177,2435,0,64,3,30
elapsed=17468 source=072F action=advance-homing pose=-12192,1450,6390,26,128,0,63 target=-12299,3177,2435,0,64,3,30
elapsed=17471 source=072F action=contract pose=-12192,1594,6194,26,128,0,63 target=-12327,3177,2435,0,64,2,30
elapsed=17471 source=072F action=contract pose=-12197,1643,6076,26,128,0,63 target=-12327,3177,2435,0,64,2,30
elapsed=17471 source=072F action=contract pose=-12202,1692,5958,26,128,0,63 target=-12327,3177,2435,0,64,2,30
elapsed=17472 source=072F action=face-immediate pose=-12207,1741,5840,26,128,0,63 target=-12327,3177,2435,0,64,2,30
elapsed=17472 source=072F action=advance-homing pose=-12207,1741,5840,25,127,0,63 target=-12327,3177,2435,0,64,2,30
elapsed=17475 source=072F action=contract pose=-12207,1881,5644,25,127,0,63 target=-12355,3177,2435,0,64,2,30
elapsed=17475 source=072F action=contract pose=-12213,1928,5526,25,127,0,63 target=-12355,3177,2435,0,64,2,30
elapsed=17475 source=072F action=contract pose=-12219,1975,5408,25,127,0,63 target=-12355,3177,2435,0,64,2,30
elapsed=17475 source=072F action=face-immediate pose=-12225,2022,5290,25,127,0,63 target=-12355,3177,2435,0,64,2,30
elapsed=17475 source=072F action=advance-homing pose=-12225,2022,5290,24,127,0,63 target=-12355,3177,2435,0,64,2,30
elapsed=17478 source=072F action=contract pose=-12225,2158,5090,24,127,0,63 target=-12383,3177,2435,0,64,1,30
elapsed=17478 source=072F action=contract pose=-12233,2203,4971,24,127,0,63 target=-12383,3177,2435,0,64,1,30
elapsed=17478 source=072F action=contract pose=-12241,2248,4852,24,127,0,63 target=-12383,3177,2435,0,64,1,30
elapsed=17478 source=072F action=face-immediate pose=-12248,2293,4733,24,127,0,63 target=-12383,3177,2435,0,64,1,30
elapsed=17478 source=072F action=advance-homing pose=-12248,2293,4733,23,126,0,63 target=-12383,3177,2435,0,64,1,30
elapsed=17481 source=072F action=contract pose=-12252,2421,4529,23,126,0,63 target=-12411,3177,2435,0,64,0,30
elapsed=17481 source=072F action=contract pose=-12262,2464,4409,23,126,0,63 target=-12411,3177,2435,0,64,0,30
elapsed=17481 source=072F action=contract pose=-12272,2507,4289,23,126,0,63 target=-12411,3177,2435,0,64,0,30
elapsed=17481 source=072F action=face-immediate pose=-12281,2550,4169,23,126,0,63 target=-12411,3177,2435,0,64,0,30
elapsed=17481 source=072F action=advance-homing pose=-12281,2550,4169,22,125,0,63 target=-12411,3177,2435,0,64,0,30
elapsed=17484 source=072F action=contract pose=-12293,2674,3961,22,125,0,63 target=-12439,3177,2435,0,64,255,30
elapsed=17484 source=072F action=contract pose=-12305,2713,3840,22,125,0,63 target=-12439,3177,2435,0,64,255,30
elapsed=17484 source=072F action=contract pose=-12317,2752,3719,22,125,0,63 target=-12439,3177,2435,0,64,255,30
elapsed=17484 source=072F action=face-immediate pose=-12329,2791,3598,22,125,0,63 target=-12439,3177,2435,0,64,255,30
elapsed=17484 source=072F action=advance-homing pose=-12329,2791,3598,20,125,0,63 target=-12439,3177,2435,0,64,255,30
elapsed=17487 source=072F action=face-immediate pose=-12341,2907,3382,20,125,0,63 target=-12467,3177,2435,0,64,254,30
elapsed=17487 source=072F action=set-cruise-speed pose=-12341,2907,3382,17,123,0,63 target=-12467,3177,2435,0,64,254,30
elapsed=17487 source=072F action=advance-aim pose=-12341,2907,3382,17,123,0,63 target=-12467,3177,2435,0,64,254,30
elapsed=17487 source=072F action=face-smooth pose=-12365,3007,3158,17,123,0,63 target=-12467,3177,2435,0,64,254,30
elapsed=17491 source=072F action=advance-aim pose=-12365,3007,3158,16,123,0,63 target=-12495,3177,2435,0,64,254,30
elapsed=17494 source=072F action=advance-aim pose=-12389,3099,2934,16,123,0,63 target=-12523,3177,2435,0,64,253,30
elapsed=17494 source=072F action=face-smooth pose=-12413,3191,2710,16,123,0,63 target=-12523,3177,2435,0,64,253,30
elapsed=17497 source=072F action=advance-cruise pose=-12413,3191,2710,12,121,0,63 target=-21895,3177,2435,0,64,253,30
elapsed=17892 source=072F action=set-cruise-speed pose=-24716,-4083,1548,39,197,0,30 target=-16219,3177,2435,0,64,1,30
elapsed=17892 source=072F action=contract pose=-24716,-4083,1548,39,197,0,63 target=-16219,3177,2435,0,64,1,30
elapsed=17892 source=072F action=contract pose=-24620,-4001,1557,39,197,0,63 target=-16219,3177,2435,0,64,1,30
elapsed=17892 source=072F action=contract pose=-24524,-3919,1566,39,197,0,63 target=-16219,3177,2435,0,64,1,30
elapsed=17892 source=072F action=face-immediate pose=-24428,-3837,1575,39,197,0,63 target=-16219,3177,2435,0,64,1,30
elapsed=17892 source=072F action=advance-homing pose=-24428,-3837,1575,39,197,0,63 target=-16219,3177,2435,0,64,1,30
elapsed=17895 source=072F action=contract pose=-24288,-3637,1587,39,197,0,63 target=-16247,3177,2435,0,64,2,30
elapsed=17895 source=072F action=contract pose=-24192,-3555,1597,39,197,0,63 target=-16247,3177,2435,0,64,2,30
elapsed=17895 source=072F action=contract pose=-24096,-3473,1607,39,197,0,63 target=-16247,3177,2435,0,64,2,30
elapsed=17895 source=072F action=face-immediate pose=-24000,-3392,1617,39,197,0,63 target=-16247,3177,2435,0,64,2,30
elapsed=17895 source=072F action=advance-homing pose=-24000,-3392,1617,38,197,0,63 target=-16247,3177,2435,0,64,2,30
elapsed=17898 source=072F action=contract pose=-23856,-3192,1633,38,197,0,63 target=-16275,3177,2435,0,64,2,30
elapsed=17898 source=072F action=contract pose=-23759,-3111,1643,38,197,0,63 target=-16275,3177,2435,0,64,2,30
elapsed=17898 source=072F action=contract pose=-23662,-3030,1653,38,197,0,63 target=-16275,3177,2435,0,64,2,30
elapsed=17898 source=072F action=face-immediate pose=-23566,-2949,1663,38,197,0,63 target=-16275,3177,2435,0,64,2,30
elapsed=17898 source=072F action=advance-homing pose=-23566,-2949,1663,38,197,0,63 target=-16275,3177,2435,0,64,2,30
elapsed=17901 source=072F action=contract pose=-23422,-2749,1679,38,197,0,63 target=-16303,3177,2435,0,64,3,30
elapsed=17901 source=072F action=contract pose=-23325,-2668,1689,38,197,0,63 target=-16303,3177,2435,0,64,3,30
elapsed=17901 source=072F action=contract pose=-23228,-2587,1699,38,197,0,63 target=-16303,3177,2435,0,64,3,30
elapsed=17901 source=072F action=face-immediate pose=-23131,-2506,1709,38,197,0,63 target=-16303,3177,2435,0,64,3,30
elapsed=17901 source=072F action=advance-homing pose=-23131,-2506,1709,38,197,0,63 target=-16303,3177,2435,0,64,3,30
elapsed=17904 source=072F action=contract pose=-22987,-2306,1725,38,197,0,63 target=-16331,3177,2435,0,64,3,30
elapsed=17904 source=072F action=contract pose=-22889,-2226,1735,38,197,0,63 target=-16331,3177,2435,0,64,3,30
elapsed=17904 source=072F action=contract pose=-22792,-2146,1745,38,197,0,63 target=-16331,3177,2435,0,64,3,30
elapsed=17904 source=072F action=face-immediate pose=-22695,-2066,1755,38,197,0,63 target=-16331,3177,2435,0,64,3,30
elapsed=17904 source=072F action=advance-homing pose=-22695,-2066,1755,38,197,0,63 target=-16331,3177,2435,0,64,3,30
elapsed=17907 source=072F action=contract pose=-22551,-1866,1771,38,197,0,63 target=-16359,3177,2435,0,64,4,30
elapsed=17907 source=072F action=contract pose=-22453,-1786,1781,38,197,0,63 target=-16359,3177,2435,0,64,4,30
elapsed=17908 source=072F action=contract pose=-22355,-1706,1791,38,197,0,63 target=-16359,3177,2435,0,64,4,30
elapsed=17908 source=072F action=face-immediate pose=-22257,-1626,1801,38,197,0,63 target=-16359,3177,2435,0,64,4,30
elapsed=17908 source=072F action=advance-homing pose=-22257,-1626,1801,38,197,0,63 target=-16359,3177,2435,0,64,4,30
elapsed=17911 source=072F action=contract pose=-22113,-1426,1817,38,197,0,63 target=-16387,3177,2435,0,64,4,30
elapsed=17911 source=072F action=contract pose=-22014,-1347,1827,38,197,0,63 target=-16387,3177,2435,0,64,4,30
elapsed=17911 source=072F action=contract pose=-21916,-1268,1837,38,197,0,63 target=-16387,3177,2435,0,64,4,30
elapsed=17911 source=072F action=face-immediate pose=-21818,-1189,1847,38,197,0,63 target=-16387,3177,2435,0,64,4,30
elapsed=17911 source=072F action=advance-homing pose=-21818,-1189,1847,37,197,0,63 target=-16387,3177,2435,0,64,4,30
elapsed=17914 source=072F action=contract pose=-21670,-993,1863,37,197,0,63 target=-16415,3177,2435,0,64,4,30
elapsed=17914 source=072F action=contract pose=-21571,-915,1873,37,197,0,63 target=-16415,3177,2435,0,64,4,30
elapsed=17914 source=072F action=contract pose=-21472,-837,1883,37,197,0,63 target=-16415,3177,2435,0,64,4,30
elapsed=17914 source=072F action=face-immediate pose=-21373,-759,1893,37,197,0,63 target=-16415,3177,2435,0,64,4,30
elapsed=17914 source=072F action=advance-homing pose=-21373,-759,1893,37,197,0,63 target=-16415,3177,2435,0,64,4,30
elapsed=17917 source=072F action=contract pose=-21225,-563,1909,37,197,0,63 target=-16443,3177,2435,0,64,4,30
elapsed=17917 source=072F action=contract pose=-21126,-485,1919,37,197,0,63 target=-16443,3177,2435,0,64,4,30
elapsed=17917 source=072F action=contract pose=-21027,-407,1929,37,197,0,63 target=-16443,3177,2435,0,64,4,30
elapsed=17917 source=072F action=face-immediate pose=-20928,-329,1940,37,197,0,63 target=-16443,3177,2435,0,64,4,30
elapsed=17917 source=072F action=advance-homing pose=-20928,-329,1940,37,197,0,63 target=-16443,3177,2435,0,64,4,30
elapsed=17920 source=072F action=contract pose=-20780,-133,1956,37,197,0,63 target=-16471,3177,2435,0,64,3,30
elapsed=17920 source=072F action=contract pose=-20680,-56,1967,37,197,0,63 target=-16471,3177,2435,0,64,3,30
elapsed=17920 source=072F action=contract pose=-20580,21,1978,37,197,0,63 target=-16471,3177,2435,0,64,3,30
elapsed=17920 source=072F action=face-immediate pose=-20480,98,1989,37,197,0,63 target=-16471,3177,2435,0,64,3,30
elapsed=17920 source=072F action=advance-homing pose=-20480,98,1989,36,197,0,63 target=-16471,3177,2435,0,64,3,30
elapsed=17923 source=072F action=contract pose=-20328,290,2005,36,197,0,63 target=-16499,3177,2435,0,64,3,30
elapsed=17923 source=072F action=contract pose=-20227,366,2016,36,197,0,63 target=-16499,3177,2435,0,64,3,30
elapsed=17923 source=072F action=contract pose=-20126,442,2027,36,197,0,63 target=-16499,3177,2435,0,64,3,30
elapsed=17923 source=072F action=face-immediate pose=-20025,518,2038,36,197,0,63 target=-16499,3177,2435,0,64,3,30
elapsed=17923 source=072F action=advance-homing pose=-20025,518,2038,36,197,0,63 target=-16499,3177,2435,0,64,3,30
elapsed=17926 source=072F action=contract pose=-19873,710,2054,36,197,0,63 target=-16527,3177,2435,0,64,2,30
elapsed=17926 source=072F action=contract pose=-19772,785,2065,36,197,0,63 target=-16527,3177,2435,0,64,2,30
elapsed=17926 source=072F action=contract pose=-19670,860,2076,36,197,0,63 target=-16527,3177,2435,0,64,2,30
elapsed=17927 source=072F action=face-immediate pose=-19569,935,2087,36,197,0,63 target=-16527,3177,2435,0,64,2,30
elapsed=17927 source=072F action=advance-homing pose=-19569,935,2087,36,197,0,63 target=-16527,3177,2435,0,64,2,30
elapsed=17930 source=072F action=contract pose=-19417,1127,2103,36,197,0,63 target=-16555,3177,2435,0,64,2,30
elapsed=17930 source=072F action=contract pose=-19315,1200,2114,36,197,0,63 target=-16555,3177,2435,0,64,2,30
elapsed=17930 source=072F action=contract pose=-19213,1273,2125,36,197,0,63 target=-16555,3177,2435,0,64,2,30
elapsed=17930 source=072F action=face-immediate pose=-19111,1346,2136,36,197,0,63 target=-16555,3177,2435,0,64,2,30
elapsed=17930 source=072F action=advance-homing pose=-19111,1346,2136,35,197,0,63 target=-16555,3177,2435,0,64,2,30
elapsed=17933 source=072F action=contract pose=-18955,1534,2152,35,197,0,63 target=-16583,3177,2435,0,64,1,30
elapsed=17933 source=072F action=contract pose=-18852,1605,2164,35,197,0,63 target=-16583,3177,2435,0,64,1,30
elapsed=17933 source=072F action=contract pose=-18749,1676,2176,35,197,0,63 target=-16583,3177,2435,0,64,1,30
elapsed=17933 source=072F action=face-immediate pose=-18646,1748,2188,35,197,0,63 target=-16583,3177,2435,0,64,1,30
elapsed=17933 source=072F action=advance-homing pose=-18646,1748,2188,34,197,0,63 target=-16583,3177,2435,0,64,1,30
elapsed=17936 source=072F action=contract pose=-18482,1932,2204,34,197,0,63 target=-16611,3177,2435,0,64,0,30
elapsed=17936 source=072F action=contract pose=-18377,2002,2216,34,197,0,63 target=-16611,3177,2435,0,64,0,30
elapsed=17936 source=072F action=contract pose=-18272,2072,2229,34,197,0,63 target=-16611,3177,2435,0,64,0,30
elapsed=17936 source=072F action=face-immediate pose=-18167,2142,2242,34,197,0,63 target=-16611,3177,2435,0,64,0,30
elapsed=17936 source=072F action=advance-homing pose=-18167,2142,2242,33,197,0,63 target=-16611,3177,2435,0,64,0,30
elapsed=17939 source=072F action=contract pose=-17999,2318,2258,33,197,0,63 target=-16639,3177,2435,0,64,255,30
elapsed=17939 source=072F action=contract pose=-17893,2385,2271,33,197,0,63 target=-16639,3177,2435,0,64,255,30
elapsed=17939 source=072F action=contract pose=-17787,2452,2284,33,197,0,63 target=-16639,3177,2435,0,64,255,30
elapsed=17939 source=072F action=face-immediate pose=-17681,2519,2298,33,197,0,63 target=-16639,3177,2435,0,64,255,30
elapsed=17939 source=072F action=advance-homing pose=-17681,2519,2298,32,198,0,63 target=-16639,3177,2435,0,64,255,30
elapsed=17943 source=05F4 action=set-cruise-speed pose=-25100,-739,3080,27,189,0,30 target=-16667,3177,2435,0,64,254,30
elapsed=17943 source=05F4 action=contract pose=-25100,-739,3080,27,189,0,63 target=-16667,3177,2435,0,64,254,30
elapsed=17943 source=05F4 action=contract pose=-24985,-686,3071,27,189,0,63 target=-16667,3177,2435,0,64,254,30
elapsed=17943 source=05F4 action=contract pose=-24871,-633,3061,27,189,0,63 target=-16667,3177,2435,0,64,254,30
elapsed=17943 source=05F4 action=face-immediate pose=-24756,-580,3052,27,189,0,63 target=-16667,3177,2435,0,64,254,30
elapsed=17943 source=05F4 action=advance-homing pose=-24756,-580,3052,27,189,0,63 target=-16667,3177,2435,0,64,254,30
elapsed=17943 source=072F action=face-immediate pose=-17513,2691,2318,32,198,0,63 target=-16667,3177,2435,0,64,254,30
elapsed=17943 source=072F action=set-cruise-speed pose=-17513,2691,2318,30,198,0,63 target=-16667,3177,2435,0,64,254,30
elapsed=17943 source=072F action=advance-aim pose=-17513,2691,2318,30,198,0,63 target=-16667,3177,2435,0,64,254,30
elapsed=17944 source=072F action=face-smooth pose=-17337,2855,2338,30,198,0,63 target=-16667,3177,2435,0,64,254,30
elapsed=17947 source=05F4 action=contract pose=-24564,-428,3040,27,189,0,63 target=-16695,3177,2435,0,64,254,30
elapsed=17947 source=05F4 action=contract pose=-24449,-376,3030,27,189,0,63 target=-16695,3177,2435,0,64,254,30
elapsed=17947 source=05F4 action=contract pose=-24334,-324,3021,27,189,0,63 target=-16695,3177,2435,0,64,254,30
elapsed=17947 source=05F4 action=face-immediate pose=-24219,-272,3011,27,189,0,63 target=-16695,3177,2435,0,64,254,30
elapsed=17947 source=05F4 action=advance-homing pose=-24219,-272,3011,26,189,0,63 target=-16695,3177,2435,0,64,254,30
elapsed=17947 source=072F action=advance-aim pose=-17337,2855,2338,29,198,0,63 target=-16695,3177,2435,0,64,254,30
elapsed=17950 source=05F4 action=contract pose=-24023,-128,2999,26,189,0,63 target=-16723,3177,2435,0,64,253,30
elapsed=17950 source=05F4 action=contract pose=-23908,-76,2989,26,189,0,63 target=-16723,3177,2435,0,64,253,30
elapsed=17951 source=05F4 action=contract pose=-23793,-24,2980,26,189,0,63 target=-16723,3177,2435,0,64,253,30
elapsed=17951 source=05F4 action=face-immediate pose=-23678,28,2970,26,189,0,63 target=-16723,3177,2435,0,64,253,30
elapsed=17951 source=05F4 action=advance-homing pose=-23678,28,2970,26,189,0,63 target=-16723,3177,2435,0,64,253,30
elapsed=17951 source=072F action=advance-aim pose=-17157,3015,2362,29,198,0,63 target=-16723,3177,2435,0,64,253,30
elapsed=17951 source=072F action=face-smooth pose=-16977,3175,2386,29,198,0,63 target=-16723,3177,2435,0,64,253,30
elapsed=17954 source=05F4 action=contract pose=-23482,172,2958,26,189,0,63 target=-16751,3177,2435,0,64,253,30
elapsed=17954 source=05F4 action=contract pose=-23366,223,2948,26,189,0,63 target=-16751,3177,2435,0,64,253,30
elapsed=17954 source=05F4 action=contract pose=-23250,274,2938,26,189,0,63 target=-16751,3177,2435,0,64,253,30
elapsed=17954 source=05F4 action=face-immediate pose=-23135,325,2928,26,189,0,63 target=-16751,3177,2435,0,64,253,30
elapsed=17954 source=05F4 action=advance-homing pose=-23135,325,2928,26,189,0,63 target=-16751,3177,2435,0,64,253,30
elapsed=17954 source=072F action=advance-aim pose=-16977,3175,2386,22,199,0,63 target=-16751,3177,2435,0,64,253,30
elapsed=17958 source=05F4 action=contract pose=-22939,469,2916,26,189,0,63 target=-16779,3177,2435,0,64,252,30
elapsed=17958 source=05F4 action=contract pose=-22823,519,2906,26,189,0,63 target=-16779,3177,2435,0,64,252,30
elapsed=17958 source=05F4 action=contract pose=-22707,569,2896,26,189,0,63 target=-16779,3177,2435,0,64,252,30
elapsed=17958 source=05F4 action=face-immediate pose=-22591,620,2886,26,189,0,63 target=-16779,3177,2435,0,64,252,30
elapsed=17958 source=05F4 action=advance-homing pose=-22591,620,2886,26,189,0,63 target=-16779,3177,2435,0,64,252,30
elapsed=17958 source=072F action=advance-cruise pose=-16773,3299,2418,22,199,0,63 target=-16779,3177,2435,0,64,252,30
elapsed=17961 source=05F4 action=contract pose=-22395,764,2874,26,189,0,63 target=-16807,3177,2435,0,64,252,30
elapsed=17961 source=05F4 action=contract pose=-22279,814,2864,26,189,0,63 target=-16807,3177,2435,0,64,252,30
elapsed=17961 source=05F4 action=contract pose=-22163,864,2854,26,189,0,63 target=-16807,3177,2435,0,64,252,30
elapsed=17961 source=05F4 action=face-immediate pose=-22047,914,2844,26,189,0,63 target=-16807,3177,2435,0,64,252,30
elapsed=17962 source=05F4 action=advance-homing pose=-22047,914,2844,25,189,0,63 target=-16807,3177,2435,0,64,252,30
elapsed=17962 source=072F action=advance-cruise pose=-16569,3423,2450,22,199,0,63 target=-16807,3177,2435,0,64,252,30
elapsed=17965 source=05F4 action=contract pose=-21851,1054,2832,25,189,0,63 target=-16835,3177,2435,0,64,252,30
elapsed=17965 source=05F4 action=contract pose=-21735,1103,2822,25,189,0,63 target=-16835,3177,2435,0,64,252,30
elapsed=17965 source=05F4 action=contract pose=-21619,1152,2812,25,189,0,63 target=-16835,3177,2435,0,64,252,30
elapsed=17965 source=05F4 action=face-immediate pose=-21503,1201,2802,25,189,0,63 target=-16835,3177,2435,0,64,252,30
elapsed=17965 source=05F4 action=advance-homing pose=-21503,1201,2802,25,189,0,63 target=-16835,3177,2435,0,64,252,30
elapsed=17965 source=072F action=advance-cruise pose=-16365,3547,2482,22,199,0,63 target=-16835,3177,2435,0,64,252,30
elapsed=17968 source=05F4 action=contract pose=-21307,1341,2790,25,189,0,63 target=-16863,3177,2435,0,64,252,30
elapsed=17968 source=05F4 action=contract pose=-21190,1389,2780,25,189,0,63 target=-16863,3177,2435,0,64,252,30
elapsed=17968 source=05F4 action=contract pose=-21073,1437,2770,25,189,0,63 target=-16863,3177,2435,0,64,252,30
elapsed=17968 source=05F4 action=face-immediate pose=-20956,1485,2760,25,189,0,63 target=-16863,3177,2435,0,64,252,30
elapsed=17968 source=05F4 action=advance-homing pose=-20956,1485,2760,24,189,0,63 target=-16863,3177,2435,0,64,252,30
elapsed=17969 source=072F action=advance-cruise pose=-16161,3671,2514,22,199,0,63 target=-16863,3177,2435,0,64,252,30
elapsed=17972 source=05F4 action=contract pose=-20756,1621,2748,24,189,0,63 target=-16891,3177,2435,0,64,253,30
elapsed=17972 source=05F4 action=contract pose=-20639,1668,2738,24,189,0,63 target=-16891,3177,2435,0,64,253,30
elapsed=17972 source=05F4 action=contract pose=-20522,1715,2728,24,189,0,63 target=-16891,3177,2435,0,64,253,30
elapsed=17972 source=05F4 action=face-immediate pose=-20405,1762,2718,24,189,0,63 target=-16891,3177,2435,0,64,253,30
elapsed=17972 source=05F4 action=advance-homing pose=-20405,1762,2718,24,189,0,63 target=-16891,3177,2435,0,64,253,30
elapsed=17972 source=072F action=advance-cruise pose=-15957,3795,2546,22,199,0,63 target=-16891,3177,2435,0,64,253,30
elapsed=17975 source=05F4 action=contract pose=-20205,1898,2706,24,189,0,63 target=-16919,3177,2435,0,64,253,30
elapsed=17975 source=05F4 action=contract pose=-20087,1943,2696,24,189,0,63 target=-16919,3177,2435,0,64,253,30
elapsed=17975 source=05F4 action=contract pose=-19969,1989,2686,24,189,0,63 target=-16919,3177,2435,0,64,253,30
elapsed=17975 source=05F4 action=face-immediate pose=-19851,2034,2676,24,189,0,63 target=-16919,3177,2435,0,64,253,30
elapsed=17975 source=05F4 action=advance-homing pose=-19851,2034,2676,23,189,0,63 target=-16919,3177,2435,0,64,253,30
elapsed=17975 source=072F action=advance-cruise pose=-15753,3919,2578,22,199,0,63 target=-16919,3177,2435,0,64,253,30
elapsed=17979 source=05F4 action=contract pose=-19647,2162,2664,23,189,0,63 target=-16947,3177,2435,0,64,254,30
elapsed=17979 source=05F4 action=contract pose=-19529,2206,2653,23,189,0,63 target=-16947,3177,2435,0,64,254,30
elapsed=17979 source=05F4 action=contract pose=-19411,2250,2642,23,189,0,63 target=-16947,3177,2435,0,64,254,30
elapsed=17979 source=05F4 action=face-immediate pose=-19293,2294,2632,23,189,0,63 target=-16947,3177,2435,0,64,254,30
elapsed=17979 source=05F4 action=advance-homing pose=-19293,2294,2632,22,189,0,63 target=-16947,3177,2435,0,64,254,30
elapsed=17979 source=072F action=advance-cruise pose=-15549,4043,2610,22,199,0,63 target=-16947,3177,2435,0,64,254,30
elapsed=17982 source=05F4 action=contract pose=-19085,2418,2620,22,189,0,63 target=-16975,3177,2435,0,64,254,30
elapsed=17982 source=05F4 action=contract pose=-18966,2460,2609,22,189,0,63 target=-16975,3177,2435,0,64,254,30
elapsed=17982 source=05F4 action=contract pose=-18847,2502,2598,22,189,0,63 target=-16975,3177,2435,0,64,254,30
elapsed=17982 source=05F4 action=face-immediate pose=-18728,2544,2587,22,189,0,63 target=-16975,3177,2435,0,64,254,30
elapsed=17982 source=05F4 action=advance-homing pose=-18728,2544,2587,22,189,0,63 target=-16975,3177,2435,0,64,254,30
elapsed=17982 source=072F action=advance-cruise pose=-15345,4167,2642,22,199,0,63 target=-16975,3177,2435,0,64,254,30
elapsed=17985 source=05F4 action=contract pose=-18520,2668,2575,22,189,0,63 target=-17003,3177,2435,0,64,255,30
elapsed=17985 source=05F4 action=contract pose=-18400,2708,2563,22,189,0,63 target=-17003,3177,2435,0,64,255,30
elapsed=17985 source=05F4 action=contract pose=-18280,2748,2551,22,189,0,63 target=-17003,3177,2435,0,64,255,30
elapsed=17985 source=05F4 action=face-immediate pose=-18160,2788,2540,22,189,0,63 target=-17003,3177,2435,0,64,255,30
elapsed=17986 source=05F4 action=advance-homing pose=-18160,2788,2540,20,189,0,63 target=-17003,3177,2435,0,64,255,30
elapsed=17986 source=072F action=advance-cruise pose=-15141,4291,2674,22,199,0,63 target=-17003,3177,2435,0,64,255,30
elapsed=17989 source=05F4 action=face-immediate pose=-17944,2904,2528,20,189,0,63 target=-17031,3177,2435,0,64,0,30
elapsed=17989 source=05F4 action=set-cruise-speed pose=-17944,2904,2528,18,188,0,63 target=-17031,3177,2435,0,64,0,30
elapsed=17989 source=05F4 action=advance-aim pose=-17944,2904,2528,18,188,0,63 target=-17031,3177,2435,0,64,0,30
elapsed=17989 source=072F action=advance-cruise pose=-14937,4415,2706,22,199,0,63 target=-17031,3177,2435,0,64,0,30
elapsed=17992 source=05F4 action=advance-aim pose=-17724,3008,2512,18,188,0,63 target=-17059,3177,2435,0,64,1,30
elapsed=17993 source=05F4 action=face-smooth pose=-17504,3112,2496,18,188,0,63 target=-17059,3177,2435,0,64,1,30
elapsed=17993 source=072F action=advance-cruise pose=-14733,4539,2738,22,199,0,63 target=-17059,3177,2435,0,64,1,30
elapsed=17996 source=05F4 action=advance-aim pose=-17504,3112,2496,16,187,0,63 target=-17087,3177,2435,0,64,2,30
elapsed=17996 source=072F action=advance-cruise pose=-14529,4663,2770,22,199,0,63 target=-17087,3177,2435,0,64,2,30
elapsed=18000 source=076E action=set-cruise-speed pose=-26336,609,6164,15,177,0,30 target=-17115,3177,2435,0,64,2,30
elapsed=18000 source=076E action=contract pose=-26336,609,6164,15,177,0,63 target=-17115,3177,2435,0,64,2,30
elapsed=18000 source=076E action=contract pose=-26222,640,6117,15,177,0,63 target=-17115,3177,2435,0,64,2,30
elapsed=18000 source=076E action=contract pose=-26108,671,6070,15,177,0,63 target=-17115,3177,2435,0,64,2,30
elapsed=18000 source=076E action=face-immediate pose=-25994,702,6023,15,177,0,63 target=-17115,3177,2435,0,64,2,30
elapsed=18000 source=076E action=advance-homing pose=-25994,702,6023,15,177,0,63 target=-17115,3177,2435,0,64,2,30
elapsed=18000 source=05F4 action=advance-aim pose=-17280,3204,2472,16,187,0,63 target=-17115,3177,2435,0,64,2,30
elapsed=18000 source=072F action=advance-cruise pose=-14325,4787,2802,22,199,0,63 target=-17115,3177,2435,0,64,2,30
elapsed=18004 source=076E action=contract pose=-25782,790,5943,15,177,0,63 target=-17143,3177,2435,0,64,3,30
elapsed=18004 source=076E action=contract pose=-25668,821,5896,15,177,0,63 target=-17143,3177,2435,0,64,3,30
elapsed=18004 source=076E action=contract pose=-25554,852,5849,15,177,0,63 target=-17143,3177,2435,0,64,3,30
elapsed=18004 source=076E action=face-immediate pose=-25440,883,5802,15,177,0,63 target=-17143,3177,2435,0,64,3,30
elapsed=18004 source=076E action=advance-homing pose=-25440,883,5802,15,177,0,63 target=-17143,3177,2435,0,64,3,30
elapsed=18004 source=05F4 action=advance-cruise pose=-17056,3296,2448,16,187,0,63 target=-17143,3177,2435,0,64,3,30
elapsed=18004 source=072F action=advance-cruise pose=-14121,4911,2834,22,199,0,63 target=-17143,3177,2435,0,64,3,30
elapsed=18007 source=076E action=contract pose=-25228,971,5722,15,177,0,63 target=-17171,3177,2435,0,64,3,30
elapsed=18007 source=076E action=contract pose=-25114,1002,5675,15,177,0,63 target=-17171,3177,2435,0,64,3,30
elapsed=18007 source=076E action=contract pose=-25000,1033,5628,15,177,0,63 target=-17171,3177,2435,0,64,3,30
elapsed=18008 source=076E action=face-immediate pose=-24886,1064,5581,15,177,0,63 target=-17171,3177,2435,0,64,3,30
elapsed=18008 source=076E action=advance-homing pose=-24886,1064,5581,14,177,0,63 target=-17171,3177,2435,0,64,3,30
elapsed=18008 source=05F4 action=advance-cruise pose=-16832,3388,2424,16,187,0,63 target=-17171,3177,2435,0,64,3,30
elapsed=18008 source=072F action=advance-cruise pose=-13917,5035,2866,22,199,0,63 target=-17171,3177,2435,0,64,3,30
elapsed=18011 source=076E action=contract pose=-24674,1144,5501,14,177,0,63 target=-17199,3177,2435,0,64,4,30
elapsed=18011 source=076E action=contract pose=-24560,1174,5453,14,177,0,63 target=-17199,3177,2435,0,64,4,30
elapsed=18011 source=076E action=contract pose=-24446,1205,5406,14,177,0,63 target=-17199,3177,2435,0,64,4,30
elapsed=18011 source=076E action=face-immediate pose=-24332,1236,5358,14,177,0,63 target=-17199,3177,2435,0,64,4,30
elapsed=18011 source=076E action=advance-homing pose=-24332,1236,5358,14,177,0,63 target=-17199,3177,2435,0,64,4,30
elapsed=18011 source=05F4 action=advance-cruise pose=-16608,3480,2400,16,187,0,63 target=-17199,3177,2435,0,64,4,30
elapsed=18014 source=076E action=contract pose=-24120,1316,5278,14,177,0,63 target=-17227,3177,2435,0,64,4,30
elapsed=18014 source=076E action=contract pose=-24006,1346,5230,14,177,0,63 target=-17227,3177,2435,0,64,4,30
elapsed=18014 source=076E action=contract pose=-23892,1376,5182,14,177,0,63 target=-17227,3177,2435,0,64,4,30
elapsed=18014 source=076E action=face-immediate pose=-23778,1406,5134,14,177,0,63 target=-17227,3177,2435,0,64,4,30
elapsed=18014 source=076E action=advance-homing pose=-23778,1406,5134,14,177,0,63 target=-17227,3177,2435,0,64,4,30
elapsed=18015 source=05F4 action=advance-cruise pose=-16384,3572,2376,16,187,0,63 target=-17227,3177,2435,0,64,4,30
elapsed=18018 source=076E action=contract pose=-23566,1486,5054,14,177,0,63 target=-17255,3177,2435,0,64,4,30
elapsed=18018 source=076E action=contract pose=-23452,1516,5006,14,177,0,63 target=-17255,3177,2435,0,64,4,30
elapsed=18018 source=076E action=contract pose=-23338,1546,4958,14,177,0,63 target=-17255,3177,2435,0,64,4,30
elapsed=18018 source=076E action=face-immediate pose=-23224,1576,4910,14,177,0,63 target=-17255,3177,2435,0,64,4,30
elapsed=18018 source=076E action=advance-homing pose=-23224,1576,4910,14,177,0,63 target=-17255,3177,2435,0,64,4,30
elapsed=18018 source=05F4 action=advance-cruise pose=-16160,3664,2352,16,187,0,63 target=-17255,3177,2435,0,64,4,30
elapsed=18021 source=076E action=contract pose=-23012,1656,4830,14,177,0,63 target=-17283,3177,2435,0,64,4,30
elapsed=18021 source=076E action=contract pose=-22898,1686,4782,14,177,0,63 target=-17283,3177,2435,0,64,4,30
elapsed=18021 source=076E action=contract pose=-22784,1716,4734,14,177,0,63 target=-17283,3177,2435,0,64,4,30
elapsed=18021 source=076E action=face-immediate pose=-22671,1746,4686,14,177,0,63 target=-17283,3177,2435,0,64,4,30
elapsed=18021 source=076E action=advance-homing pose=-22671,1746,4686,14,177,0,63 target=-17283,3177,2435,0,64,4,30
elapsed=18021 source=05F4 action=advance-cruise pose=-15936,3756,2328,16,187,0,63 target=-17283,3177,2435,0,64,4,30
elapsed=18025 source=076E action=contract pose=-22459,1826,4606,14,177,0,63 target=-17311,3177,2435,0,64,3,30
elapsed=18025 source=076E action=contract pose=-22345,1855,4557,14,177,0,63 target=-17311,3177,2435,0,64,3,30
elapsed=18025 source=076E action=contract pose=-22232,1884,4508,14,177,0,63 target=-17311,3177,2435,0,64,3,30
elapsed=18025 source=076E action=face-immediate pose=-22119,1913,4459,14,177,0,63 target=-17311,3177,2435,0,64,3,30
elapsed=18025 source=076E action=advance-homing pose=-22119,1913,4459,14,176,0,63 target=-17311,3177,2435,0,64,3,30
elapsed=18025 source=05F4 action=advance-cruise pose=-15712,3848,2304,16,187,0,63 target=-17311,3177,2435,0,64,3,30
elapsed=18028 source=076E action=contract pose=-21911,1993,4375,14,176,0,63 target=-17339,3177,2435,0,64,3,30
elapsed=18028 source=076E action=contract pose=-21798,2022,4326,14,176,0,63 target=-17339,3177,2435,0,64,3,30
elapsed=18028 source=076E action=contract pose=-21685,2051,4277,14,176,0,63 target=-17339,3177,2435,0,64,3,30
elapsed=18028 source=076E action=face-immediate pose=-21572,2080,4228,14,176,0,63 target=-17339,3177,2435,0,64,3,30
elapsed=18028 source=076E action=advance-homing pose=-21572,2080,4228,14,176,0,63 target=-17339,3177,2435,0,64,3,30
elapsed=18028 source=05F4 action=advance-cruise pose=-15488,3940,2280,16,187,0,63 target=-17339,3177,2435,0,64,3,30
elapsed=18031 source=076E action=contract pose=-21364,2160,4144,14,176,0,63 target=-17367,3177,2435,0,64,2,30
elapsed=18032 source=076E action=contract pose=-21251,2188,4095,14,176,0,63 target=-17367,3177,2435,0,64,2,30
elapsed=18032 source=076E action=contract pose=-21138,2216,4046,14,176,0,63 target=-17367,3177,2435,0,64,2,30
elapsed=18032 source=076E action=face-immediate pose=-21025,2244,3997,14,176,0,63 target=-17367,3177,2435,0,64,2,30
elapsed=18032 source=076E action=advance-homing pose=-21025,2244,3997,13,176,0,63 target=-17367,3177,2435,0,64,2,30
elapsed=18032 source=05F4 action=advance-cruise pose=-15264,4032,2256,16,187,0,63 target=-17367,3177,2435,0,64,2,30
elapsed=18035 source=076E action=contract pose=-20813,2320,3913,13,176,0,63 target=-17395,3177,2435,0,64,2,30
elapsed=18035 source=076E action=contract pose=-20700,2348,3863,13,176,0,63 target=-17395,3177,2435,0,64,2,30
elapsed=18035 source=076E action=contract pose=-20587,2376,3813,13,176,0,63 target=-17395,3177,2435,0,64,2,30
elapsed=18035 source=076E action=face-immediate pose=-20474,2404,3763,13,176,0,63 target=-17395,3177,2435,0,64,2,30
elapsed=18035 source=076E action=advance-homing pose=-20474,2404,3763,13,176,0,63 target=-17395,3177,2435,0,64,2,30
elapsed=18035 source=05F4 action=advance-cruise pose=-15040,4124,2232,16,187,0,63 target=-17395,3177,2435,0,64,2,30
elapsed=18038 source=076E action=contract pose=-20262,2480,3679,13,176,0,63 target=-17423,3177,2435,0,64,1,30
elapsed=18038 source=076E action=contract pose=-20149,2507,3629,13,176,0,63 target=-17423,3177,2435,0,64,1,30
elapsed=18039 source=076E action=contract pose=-20036,2534,3579,13,176,0,63 target=-17423,3177,2435,0,64,1,30
elapsed=18039 source=076E action=face-immediate pose=-19923,2561,3529,13,176,0,63 target=-17423,3177,2435,0,64,1,30
elapsed=18039 source=076E action=advance-homing pose=-19923,2561,3529,13,176,0,63 target=-17423,3177,2435,0,64,1,30
elapsed=18039 source=05F4 action=advance-cruise pose=-14816,4216,2208,16,187,0,63 target=-17423,3177,2435,0,64,1,30
elapsed=18042 source=076E action=contract pose=-19711,2637,3445,13,176,0,63 target=-17451,3177,2435,0,64,0,30
elapsed=18042 source=076E action=contract pose=-19598,2664,3394,13,176,0,63 target=-17451,3177,2435,0,64,0,30
elapsed=18042 source=076E action=contract pose=-19485,2691,3343,13,176,0,63 target=-17451,3177,2435,0,64,0,30
elapsed=18042 source=076E action=face-immediate pose=-19372,2718,3292,13,176,0,63 target=-17451,3177,2435,0,64,0,30
elapsed=18042 source=076E action=advance-homing pose=-19372,2718,3292,12,175,0,63 target=-17451,3177,2435,0,64,0,30
elapsed=18042 source=05F4 action=advance-cruise pose=-14592,4308,2184,16,187,0,63 target=-17451,3177,2435,0,64,0,30
elapsed=18046 source=076E action=contract pose=-19160,2786,3200,12,175,0,63 target=-17479,3177,2435,0,64,255,30
elapsed=18046 source=076E action=contract pose=-19047,2812,3148,12,175,0,63 target=-17479,3177,2435,0,64,255,30
elapsed=18046 source=076E action=contract pose=-18934,2838,3096,12,175,0,63 target=-17479,3177,2435,0,64,255,30
elapsed=18046 source=076E action=face-immediate pose=-18821,2864,3044,12,175,0,63 target=-17479,3177,2435,0,64,255,30
elapsed=18046 source=076E action=advance-homing pose=-18821,2864,3044,12,175,0,63 target=-17479,3177,2435,0,64,255,30
elapsed=18046 source=05F4 action=advance-cruise pose=-14368,4400,2160,16,187,0,63 target=-17479,3177,2435,0,64,255,30
elapsed=18049 source=076E action=contract pose=-18609,2932,2952,12,175,0,63 target=-17507,3177,2435,0,64,254,30
elapsed=18049 source=076E action=contract pose=-18497,2957,2899,12,175,0,63 target=-17507,3177,2435,0,64,254,30
elapsed=18049 source=076E action=contract pose=-18385,2982,2846,12,175,0,63 target=-17507,3177,2435,0,64,254,30
elapsed=18049 source=076E action=face-immediate pose=-18273,3007,2793,12,175,0,63 target=-17507,3177,2435,0,64,254,30
elapsed=18049 source=076E action=advance-homing pose=-18273,3007,2793,11,175,0,63 target=-17507,3177,2435,0,64,254,30
elapsed=18049 source=05F4 action=advance-cruise pose=-14144,4492,2136,16,187,0,63 target=-17507,3177,2435,0,64,254,30
elapsed=18053 source=076E action=face-immediate pose=-18057,3071,2701,11,175,0,63 target=-17535,3177,2435,0,64,254,30
elapsed=18053 source=076E action=set-cruise-speed pose=-18057,3071,2701,10,173,0,63 target=-17535,3177,2435,0,64,254,30
elapsed=18053 source=076E action=advance-aim pose=-18057,3071,2701,10,173,0,63 target=-17535,3177,2435,0,64,254,30
elapsed=18053 source=05F4 action=advance-cruise pose=-13920,4584,2112,16,187,0,63 target=-17535,3177,2435,0,64,254,30
elapsed=18056 source=076E action=advance-aim pose=-17849,3127,2597,10,173,0,63 target=-17563,3177,2435,0,64,253,30
elapsed=18056 source=076E action=face-smooth pose=-17641,3183,2493,10,173,0,63 target=-17563,3177,2435,0,64,253,30
elapsed=18060 source=076E action=advance-aim pose=-17641,3183,2493,7,172,0,63 target=-17591,3177,2435,0,64,253,30
elapsed=18063 source=076E action=advance-cruise pose=-17429,3223,2381,7,172,0,63 target=-17619,3177,2435,0,64,26,30
elapsed=18228 source=0672 action=set-cruise-speed pose=-19956,-1936,11408,30,132,0,30 target=-19103,3177,2435,0,64,1,30
elapsed=18228 source=0672 action=contract pose=-19956,-1936,11408,30,132,0,63 target=-19103,3177,2435,0,64,1,30
elapsed=18228 source=0672 action=contract pose=-19946,-1874,11297,30,132,0,63 target=-19103,3177,2435,0,64,1,30
elapsed=18228 source=0672 action=contract pose=-19936,-1812,11186,30,132,0,63 target=-19103,3177,2435,0,64,1,30
elapsed=18228 source=0672 action=face-immediate pose=-19926,-1750,11075,30,132,0,63 target=-19103,3177,2435,0,64,1,30
elapsed=18228 source=0672 action=advance-homing pose=-19926,-1750,11075,31,132,0,63 target=-19103,3177,2435,0,64,1,30
elapsed=18232 source=0672 action=contract pose=-19914,-1582,10899,31,132,0,63 target=-19131,3177,2435,0,64,0,30
elapsed=18232 source=0672 action=contract pose=-19904,-1520,10787,31,132,0,63 target=-19131,3177,2435,0,64,0,30
elapsed=18232 source=0672 action=contract pose=-19894,-1459,10676,31,132,0,63 target=-19131,3177,2435,0,64,0,30
elapsed=18232 source=0672 action=face-immediate pose=-19884,-1397,10565,31,132,0,63 target=-19131,3177,2435,0,64,0,30
elapsed=18232 source=0672 action=advance-homing pose=-19884,-1397,10565,30,132,0,63 target=-19131,3177,2435,0,64,0,30
elapsed=18235 source=0672 action=contract pose=-19872,-1233,10385,30,132,0,63 target=-19159,3177,2435,0,64,255,30
elapsed=18235 source=0672 action=contract pose=-19863,-1172,10273,30,132,0,63 target=-19159,3177,2435,0,64,255,30
elapsed=18236 source=0672 action=contract pose=-19854,-1111,10161,30,132,0,63 target=-19159,3177,2435,0,64,255,30
elapsed=18236 source=0672 action=face-immediate pose=-19845,-1050,10049,30,132,0,63 target=-19159,3177,2435,0,64,255,30
elapsed=18236 source=0672 action=advance-homing pose=-19845,-1050,10049,30,132,0,63 target=-19159,3177,2435,0,64,255,30
elapsed=18239 source=0672 action=contract pose=-19833,-886,9869,30,132,0,63 target=-19187,3177,2435,0,64,254,30
elapsed=18239 source=0672 action=contract pose=-19824,-826,9757,30,132,0,63 target=-19187,3177,2435,0,64,254,30
elapsed=18239 source=0672 action=contract pose=-19815,-766,9645,30,132,0,63 target=-19187,3177,2435,0,64,254,30
elapsed=18239 source=0672 action=face-immediate pose=-19806,-706,9533,30,132,0,63 target=-19187,3177,2435,0,64,254,30
elapsed=18239 source=0672 action=advance-homing pose=-19806,-706,9533,30,132,0,63 target=-19187,3177,2435,0,64,254,30
elapsed=18243 source=0672 action=contract pose=-19794,-542,9353,30,132,0,63 target=-19215,3177,2435,0,64,254,30
elapsed=18243 source=0672 action=contract pose=-19785,-483,9241,30,132,0,63 target=-19215,3177,2435,0,64,254,30
elapsed=18243 source=0672 action=contract pose=-19776,-424,9128,30,132,0,63 target=-19215,3177,2435,0,64,254,30
elapsed=18243 source=0672 action=face-immediate pose=-19767,-364,9016,30,132,0,63 target=-19215,3177,2435,0,64,254,30
elapsed=18243 source=0672 action=advance-homing pose=-19767,-364,9016,29,132,0,63 target=-19215,3177,2435,0,64,254,30
elapsed=18246 source=0672 action=contract pose=-19755,-204,8832,29,132,0,63 target=-19243,3177,2435,0,64,253,30
elapsed=18246 source=0672 action=contract pose=-19747,-145,8719,29,132,0,63 target=-19243,3177,2435,0,64,253,30
elapsed=18246 source=0672 action=contract pose=-19739,-86,8606,29,132,0,63 target=-19243,3177,2435,0,64,253,30
elapsed=18246 source=0672 action=face-immediate pose=-19731,-27,8493,29,132,0,63 target=-19243,3177,2435,0,64,253,30
elapsed=18246 source=0672 action=advance-homing pose=-19731,-27,8493,29,132,0,63 target=-19243,3177,2435,0,64,253,30
elapsed=18250 source=0672 action=contract pose=-19719,133,8309,29,132,0,63 target=-19271,3177,2435,0,64,253,30
elapsed=18250 source=0672 action=contract pose=-19711,191,8196,29,132,0,63 target=-19271,3177,2435,0,64,253,30
elapsed=18250 source=0672 action=contract pose=-19703,249,8083,29,132,0,63 target=-19271,3177,2435,0,64,253,30
elapsed=18250 source=0672 action=face-immediate pose=-19695,307,7970,29,132,0,63 target=-19271,3177,2435,0,64,253,30
elapsed=18250 source=0672 action=advance-homing pose=-19695,307,7970,29,131,0,63 target=-19271,3177,2435,0,64,253,30
elapsed=18253 source=0672 action=contract pose=-19683,467,7786,29,131,0,63 target=-19299,3177,2435,0,64,252,30
elapsed=18253 source=0672 action=contract pose=-19675,524,7672,29,131,0,63 target=-19299,3177,2435,0,64,252,30
elapsed=18254 source=0672 action=contract pose=-19667,581,7558,29,131,0,63 target=-19299,3177,2435,0,64,252,30
elapsed=18254 source=0672 action=face-immediate pose=-19659,638,7444,29,131,0,63 target=-19299,3177,2435,0,64,252,30
elapsed=18254 source=0672 action=advance-homing pose=-19659,638,7444,28,131,0,63 target=-19299,3177,2435,0,64,252,30
elapsed=18257 source=0672 action=contract pose=-19647,794,7256,28,131,0,63 target=-19327,3177,2435,0,64,252,30
elapsed=18257 source=0672 action=contract pose=-19640,850,7142,28,131,0,63 target=-19327,3177,2435,0,64,252,30
elapsed=18257 source=0672 action=contract pose=-19633,906,7028,28,131,0,63 target=-19327,3177,2435,0,64,252,30
elapsed=18257 source=0672 action=face-immediate pose=-19626,962,6914,28,131,0,63 target=-19327,3177,2435,0,64,252,30
elapsed=18257 source=0672 action=advance-homing pose=-19626,962,6914,28,131,0,63 target=-19327,3177,2435,0,64,252,30
elapsed=18261 source=0672 action=contract pose=-19614,1118,6726,28,131,0,63 target=-19355,3177,2435,0,64,252,30
elapsed=18261 source=0672 action=contract pose=-19608,1172,6611,28,131,0,63 target=-19355,3177,2435,0,64,252,30
elapsed=18261 source=0672 action=contract pose=-19602,1226,6496,28,131,0,63 target=-19355,3177,2435,0,64,252,30
elapsed=18261 source=0672 action=face-immediate pose=-19596,1280,6381,28,131,0,63 target=-19355,3177,2435,0,64,252,30
elapsed=18261 source=0672 action=advance-homing pose=-19596,1280,6381,27,131,0,63 target=-19355,3177,2435,0,64,252,30
elapsed=18264 source=0672 action=contract pose=-19584,1432,6189,27,131,0,63 target=-19383,3177,2435,0,64,252,30
elapsed=18264 source=0672 action=contract pose=-19578,1485,6073,27,131,0,63 target=-19383,3177,2435,0,64,252,30
elapsed=18264 source=0672 action=contract pose=-19572,1538,5957,27,131,0,63 target=-19383,3177,2435,0,64,252,30
elapsed=18264 source=0672 action=face-immediate pose=-19566,1591,5841,27,131,0,63 target=-19383,3177,2435,0,64,252,30
elapsed=18264 source=0672 action=advance-homing pose=-19566,1591,5841,27,131,0,63 target=-19383,3177,2435,0,64,252,30
elapsed=18268 source=0672 action=contract pose=-19554,1743,5649,27,131,0,63 target=-19411,3177,2435,0,64,253,30
elapsed=18268 source=0672 action=contract pose=-19549,1794,5532,27,131,0,63 target=-19411,3177,2435,0,64,253,30
elapsed=18268 source=0672 action=contract pose=-19544,1845,5415,27,131,0,63 target=-19411,3177,2435,0,64,253,30
elapsed=18268 source=0672 action=face-immediate pose=-19539,1896,5298,27,131,0,63 target=-19411,3177,2435,0,64,253,30
elapsed=18268 source=0672 action=advance-homing pose=-19539,1896,5298,26,130,0,63 target=-19411,3177,2435,0,64,253,30
elapsed=18271 source=0672 action=contract pose=-19535,2040,5102,26,130,0,63 target=-19439,3177,2435,0,64,253,30
elapsed=18271 source=0672 action=contract pose=-19531,2089,4985,26,130,0,63 target=-19439,3177,2435,0,64,253,30
elapsed=18272 source=0672 action=contract pose=-19527,2138,4868,26,130,0,63 target=-19439,3177,2435,0,64,253,30
elapsed=18272 source=0672 action=face-immediate pose=-19523,2187,4751,26,130,0,63 target=-19439,3177,2435,0,64,253,30
elapsed=18272 source=0672 action=advance-homing pose=-19523,2187,4751,25,130,0,63 target=-19439,3177,2435,0,64,253,30
elapsed=18275 source=0672 action=contract pose=-19519,2327,4555,25,130,0,63 target=-19467,3177,2435,0,64,254,30
elapsed=18275 source=0672 action=contract pose=-19517,2374,4436,25,130,0,63 target=-19467,3177,2435,0,64,254,30
elapsed=18275 source=0672 action=contract pose=-19515,2421,4317,25,130,0,63 target=-19467,3177,2435,0,64,254,30
elapsed=18275 source=0672 action=face-immediate pose=-19513,2468,4199,25,130,0,63 target=-19467,3177,2435,0,64,254,30
elapsed=18275 source=0672 action=advance-homing pose=-19513,2468,4199,24,129,0,63 target=-19467,3177,2435,0,64,254,30
elapsed=18279 source=0672 action=contract pose=-19513,2604,3999,24,129,0,63 target=-19495,3177,2435,0,64,254,30
elapsed=18279 source=0672 action=contract pose=-19512,2647,3879,24,129,0,63 target=-19495,3177,2435,0,64,254,30
elapsed=18279 source=0672 action=contract pose=-19511,2690,3759,24,129,0,63 target=-19495,3177,2435,0,64,254,30
elapsed=18279 source=0672 action=face-immediate pose=-19510,2733,3639,24,129,0,63 target=-19495,3177,2435,0,64,254,30
elapsed=18279 source=0672 action=advance-homing pose=-19510,2733,3639,23,129,0,63 target=-19495,3177,2435,0,64,254,30
elapsed=18282 source=0672 action=contract pose=-19510,2861,3435,23,129,0,63 target=-19523,3177,2435,0,64,255,30
elapsed=18282 source=0672 action=contract pose=-19512,2899,3313,23,129,0,63 target=-19523,3177,2435,0,64,255,30
elapsed=18283 source=0672 action=contract pose=-19514,2937,3191,23,129,0,63 target=-19523,3177,2435,0,64,255,30
elapsed=18283 source=0672 action=face-immediate pose=-19516,2975,3069,23,129,0,63 target=-19523,3177,2435,0,64,255,30
elapsed=18283 source=0672 action=advance-homing pose=-19516,2975,3069,20,128,0,63 target=-19523,3177,2435,0,64,255,30
elapsed=18287 source=043B action=set-cruise-speed pose=-19628,-762,7736,37,129,0,30 target=-19551,3177,2435,0,64,0,30
elapsed=18287 source=043B action=contract pose=-19628,-762,7736,37,129,0,63 target=-19551,3177,2435,0,64,0,30
elapsed=18287 source=043B action=contract pose=-19627,-687,7633,37,129,0,63 target=-19551,3177,2435,0,64,0,30
elapsed=18287 source=043B action=contract pose=-19626,-612,7530,37,129,0,63 target=-19551,3177,2435,0,64,0,30
elapsed=18287 source=043B action=face-immediate pose=-19625,-537,7427,37,129,0,63 target=-19551,3177,2435,0,64,0,30
elapsed=18287 source=043B action=advance-homing pose=-19625,-537,7427,37,129,0,63 target=-19551,3177,2435,0,64,0,30
elapsed=18287 source=0672 action=face-immediate pose=-19516,3091,2853,20,128,0,63 target=-19551,3177,2435,0,64,0,30
elapsed=18287 source=0672 action=set-cruise-speed pose=-19516,3091,2853,13,125,0,63 target=-19551,3177,2435,0,64,0,30
elapsed=18287 source=0672 action=advance-aim pose=-19516,3091,2853,13,125,0,63 target=-19551,3177,2435,0,64,0,30
elapsed=18291 source=043B action=contract pose=-19625,-341,7279,37,129,0,63 target=-19579,3177,2435,0,64,1,30
elapsed=18291 source=043B action=contract pose=-19625,-267,7175,37,129,0,63 target=-19579,3177,2435,0,64,1,30
elapsed=18291 source=043B action=contract pose=-19625,-193,7071,37,129,0,63 target=-19579,3177,2435,0,64,1,30
elapsed=18291 source=043B action=face-immediate pose=-19624,-119,6967,37,129,0,63 target=-19579,3177,2435,0,64,1,30
elapsed=18291 source=043B action=advance-homing pose=-19624,-119,6967,37,129,0,63 target=-19579,3177,2435,0,64,1,30
elapsed=18291 source=0672 action=advance-aim pose=-19528,3167,2621,13,125,0,63 target=-19579,3177,2435,0,64,1,30
elapsed=18295 source=043B action=contract pose=-19624,77,6819,37,129,0,63 target=-19607,3177,2435,0,64,228,30
elapsed=18295 source=043B action=contract pose=-19624,150,6714,37,129,0,63 target=-19607,3177,2435,0,64,228,30
elapsed=18295 source=043B action=contract pose=-19624,223,6610,37,129,0,63 target=-19607,3177,2435,0,64,228,30
elapsed=18295 source=043B action=face-immediate pose=-19624,296,6506,37,129,0,63 target=-19607,3177,2435,0,64,228,30
elapsed=18295 source=043B action=advance-homing pose=-19624,296,6506,36,129,0,63 target=-19607,3177,2435,0,64,228,30
elapsed=18295 source=0672 action=advance-cruise pose=-19540,3243,2389,13,125,0,63 target=-19607,3177,2435,0,64,228,30
elapsed=18299 source=043B action=contract pose=-19624,488,6354,36,129,0,63 target=-19635,3177,2435,0,64,231,30
elapsed=18299 source=043B action=contract pose=-19625,559,6248,36,129,0,63 target=-19635,3177,2435,0,64,231,30
elapsed=18299 source=043B action=contract pose=-19626,630,6143,36,129,0,63 target=-19635,3177,2435,0,64,231,30
elapsed=18299 source=043B action=face-immediate pose=-19627,701,6038,36,129,0,63 target=-19635,3177,2435,0,64,231,30
elapsed=18299 source=043B action=advance-homing pose=-19627,701,6038,36,128,0,63 target=-19635,3177,2435,0,64,231,30
elapsed=18302 source=043B action=contract pose=-19627,893,5886,36,128,0,63 target=-19663,3177,2435,0,64,235,30
elapsed=18302 source=043B action=contract pose=-19629,963,5779,36,128,0,63 target=-19663,3177,2435,0,64,235,30
elapsed=18302 source=043B action=contract pose=-19631,1033,5672,36,128,0,63 target=-19663,3177,2435,0,64,235,30
elapsed=18302 source=043B action=face-immediate pose=-19633,1103,5565,36,128,0,63 target=-19663,3177,2435,0,64,235,30
elapsed=18302 source=043B action=advance-homing pose=-19633,1103,5565,35,128,0,63 target=-19663,3177,2435,0,64,235,30
elapsed=18306 source=043B action=contract pose=-19633,1291,5409,35,128,0,63 target=-19691,3177,2435,0,64,238,30
elapsed=18306 source=043B action=contract pose=-19636,1359,5301,35,128,0,63 target=-19691,3177,2435,0,64,238,30
elapsed=18306 source=043B action=contract pose=-19639,1427,5193,35,128,0,63 target=-19691,3177,2435,0,64,238,30
elapsed=18306 source=043B action=face-immediate pose=-19642,1495,5085,35,128,0,63 target=-19691,3177,2435,0,64,238,30
elapsed=18306 source=043B action=advance-homing pose=-19642,1495,5085,34,128,0,63 target=-19691,3177,2435,0,64,238,30
elapsed=18309 source=043B action=contract pose=-19642,1679,4921,34,128,0,63 target=-19719,3177,2435,0,64,241,30
elapsed=18309 source=043B action=contract pose=-19646,1744,4812,34,128,0,63 target=-19719,3177,2435,0,64,241,30
elapsed=18309 source=043B action=contract pose=-19650,1809,4703,34,128,0,63 target=-19719,3177,2435,0,64,241,30
elapsed=18309 source=043B action=face-immediate pose=-19654,1874,4594,34,128,0,63 target=-19719,3177,2435,0,64,241,30
elapsed=18309 source=043B action=advance-homing pose=-19654,1874,4594,33,127,0,63 target=-19719,3177,2435,0,64,241,30
elapsed=18312 source=043B action=contract pose=-19654,2050,4426,33,127,0,63 target=-19747,3177,2435,0,64,243,30
elapsed=18312 source=043B action=contract pose=-19660,2112,4315,33,127,0,63 target=-19747,3177,2435,0,64,243,30
elapsed=18312 source=043B action=contract pose=-19666,2174,4204,33,127,0,63 target=-19747,3177,2435,0,64,243,30
elapsed=18313 source=043B action=face-immediate pose=-19672,2236,4093,33,127,0,63 target=-19747,3177,2435,0,64,243,30
elapsed=18313 source=043B action=advance-homing pose=-19672,2236,4093,31,127,0,63 target=-19747,3177,2435,0,64,243,30
elapsed=18316 source=043B action=contract pose=-19672,2404,3917,31,127,0,63 target=-19775,3177,2435,0,64,245,30
elapsed=18316 source=043B action=contract pose=-19680,2462,3804,31,127,0,63 target=-19775,3177,2435,0,64,245,30
elapsed=18316 source=043B action=contract pose=-19688,2520,3691,31,127,0,63 target=-19775,3177,2435,0,64,245,30
elapsed=18316 source=043B action=face-immediate pose=-19696,2578,3578,31,127,0,63 target=-19775,3177,2435,0,64,245,30
elapsed=18316 source=043B action=advance-homing pose=-19696,2578,3578,29,126,0,63 target=-19775,3177,2435,0,64,245,30
elapsed=18319 source=043B action=face-immediate pose=-19700,2738,3394,29,126,0,63 target=-19803,3177,2435,0,64,246,30
elapsed=18319 source=043B action=set-cruise-speed pose=-19700,2738,3394,26,124,0,63 target=-19803,3177,2435,0,64,246,30
elapsed=18319 source=043B action=advance-aim pose=-19700,2738,3394,26,124,0,63 target=-19803,3177,2435,0,64,246,30
elapsed=18319 source=043B action=face-smooth pose=-19712,2882,3198,26,124,0,63 target=-19803,3177,2435,0,64,246,30
elapsed=18323 source=043B action=advance-aim pose=-19712,2882,3198,25,124,0,63 target=-19831,3177,2435,0,64,246,30
elapsed=18326 source=043B action=advance-aim pose=-19728,3022,3002,25,124,0,63 target=-19859,3177,2435,0,64,247,30
elapsed=18326 source=043B action=face-smooth pose=-19744,3162,2806,25,124,0,63 target=-19859,3177,2435,0,64,247,30
elapsed=18330 source=043B action=advance-aim pose=-19744,3162,2806,20,122,0,63 target=-19887,3177,2435,0,64,247,30
elapsed=18333 source=043B action=advance-aim pose=-19772,3278,2594,20,122,0,63 target=-19915,3177,2435,0,64,248,30
elapsed=18337 source=043B action=advance-cruise pose=-19800,3394,2382,20,122,0,63 target=-19943,3177,2435,0,64,248,30
elapsed=18340 source=043B action=advance-cruise pose=-19828,3510,2170,20,122,0,63 target=-19971,3177,2435,0,64,248,30
elapsed=18343 source=043B action=advance-cruise pose=-19856,3626,1958,20,122,0,63 target=-19999,3177,2435,0,64,248,30
elapsed=18346 source=043B action=advance-cruise pose=-19884,3742,1746,20,122,0,63 target=-20027,3177,2435,0,64,248,30
elapsed=18349 source=043B action=advance-cruise pose=-19912,3858,1534,20,122,0,63 target=-20055,3177,2435,0,64,249,30
elapsed=18353 source=043B action=advance-cruise pose=-19940,3974,1322,20,122,0,63 target=-20083,3177,2435,0,64,249,30
elapsed=18356 source=043B action=advance-cruise pose=-19968,4090,1110,20,122,0,63 target=-20111,3177,2435,0,64,250,30
elapsed=18359 source=043B action=advance-cruise pose=-19996,4206,898,20,122,0,63 target=-20139,3177,2435,0,64,250,30
elapsed=18362 source=043B action=advance-cruise pose=-20024,4322,686,20,122,0,63 target=-20167,3177,2435,0,64,251,30
elapsed=18365 source=043B action=advance-cruise pose=-20052,4438,474,20,122,0,63 target=-20195,3177,2435,0,64,252,30
elapsed=18368 source=043B action=advance-cruise pose=-20080,4554,262,20,122,0,63 target=-20223,3177,2435,0,64,252,30
elapsed=18372 source=043B action=advance-cruise pose=-20108,4670,50,20,122,0,63 target=-20251,3177,2435,0,64,253,30
elapsed=18375 source=043B action=advance-cruise pose=-20136,4786,-162,20,122,0,63 target=-20279,3177,2435,0,64,253,30
elapsed=18378 source=043B action=advance-cruise pose=-20164,4902,-374,20,122,0,63 target=-20307,3177,2435,0,64,254,30
elapsed=18381 source=043B action=advance-cruise pose=-20192,5018,-586,20,122,0,63 target=-20335,3177,2435,0,64,254,30
elapsed=18715 source=05F4 action=set-cruise-speed pose=-26840,4790,8904,243,148,0,30 target=-23387,3177,2435,0,64,254,30
elapsed=18716 source=05F4 action=contract pose=-26840,4790,8904,243,148,0,63 target=-23387,3177,2435,0,64,254,30
elapsed=18716 source=05F4 action=contract pose=-26782,4762,8794,243,148,0,63 target=-23387,3177,2435,0,64,254,30
elapsed=18716 source=05F4 action=contract pose=-26724,4734,8684,243,148,0,63 target=-23387,3177,2435,0,64,254,30
elapsed=18716 source=05F4 action=face-immediate pose=-26666,4706,8574,243,148,0,63 target=-23387,3177,2435,0,64,254,30
elapsed=18716 source=05F4 action=advance-homing pose=-26666,4706,8574,243,148,0,63 target=-23387,3177,2435,0,64,254,30
elapsed=18719 source=05F4 action=contract pose=-26558,4630,8370,243,148,0,63 target=-23415,3177,2435,0,64,254,30
elapsed=18719 source=05F4 action=contract pose=-26500,4603,8259,243,148,0,63 target=-23415,3177,2435,0,64,254,30
elapsed=18719 source=05F4 action=contract pose=-26442,4575,8149,243,148,0,63 target=-23415,3177,2435,0,64,254,30
elapsed=18719 source=05F4 action=face-immediate pose=-26384,4547,8038,243,148,0,63 target=-23415,3177,2435,0,64,254,30
elapsed=18719 source=05F4 action=advance-homing pose=-26384,4547,8038,243,148,0,63 target=-23415,3177,2435,0,64,254,30
elapsed=18722 source=05F4 action=contract pose=-26276,4471,7834,243,148,0,63 target=-23443,3177,2435,0,64,253,30
elapsed=18722 source=05F4 action=contract pose=-26219,4444,7723,243,148,0,63 target=-23443,3177,2435,0,64,253,30
elapsed=18722 source=05F4 action=contract pose=-26162,4417,7612,243,148,0,63 target=-23443,3177,2435,0,64,253,30
elapsed=18722 source=05F4 action=face-immediate pose=-26105,4390,7501,243,148,0,63 target=-23443,3177,2435,0,64,253,30
elapsed=18722 source=05F4 action=advance-homing pose=-26105,4390,7501,243,148,0,63 target=-23443,3177,2435,0,64,253,30
elapsed=18725 source=05F4 action=contract pose=-25997,4314,7297,243,148,0,63 target=-23471,3177,2435,0,64,253,30
elapsed=18725 source=05F4 action=contract pose=-25940,4288,7186,243,148,0,63 target=-23471,3177,2435,0,64,253,30
elapsed=18725 source=05F4 action=contract pose=-25883,4262,7075,243,148,0,63 target=-23471,3177,2435,0,64,253,30
elapsed=18725 source=05F4 action=face-immediate pose=-25826,4236,6964,243,148,0,63 target=-23471,3177,2435,0,64,253,30
elapsed=18725 source=05F4 action=advance-homing pose=-25826,4236,6964,243,148,0,63 target=-23471,3177,2435,0,64,253,30
elapsed=18728 source=05F4 action=contract pose=-25718,4160,6760,243,148,0,63 target=-23499,3177,2435,0,64,252,30
elapsed=18728 source=05F4 action=contract pose=-25662,4134,6648,243,148,0,63 target=-23499,3177,2435,0,64,252,30
elapsed=18728 source=05F4 action=contract pose=-25606,4108,6536,243,148,0,63 target=-23499,3177,2435,0,64,252,30
elapsed=18728 source=05F4 action=face-immediate pose=-25550,4082,6424,243,148,0,63 target=-23499,3177,2435,0,64,252,30
elapsed=18728 source=05F4 action=advance-homing pose=-25550,4082,6424,244,148,0,63 target=-23499,3177,2435,0,64,252,30
elapsed=18731 source=05F4 action=contract pose=-25442,4014,6220,244,148,0,63 target=-23527,3177,2435,0,64,252,30
elapsed=18731 source=05F4 action=contract pose=-25386,3989,6108,244,148,0,63 target=-23527,3177,2435,0,64,252,30
elapsed=18731 source=05F4 action=contract pose=-25330,3964,5996,244,148,0,63 target=-23527,3177,2435,0,64,252,30
elapsed=18731 source=05F4 action=face-immediate pose=-25274,3939,5884,244,148,0,63 target=-23527,3177,2435,0,64,252,30
elapsed=18731 source=05F4 action=advance-homing pose=-25274,3939,5884,244,147,0,63 target=-23527,3177,2435,0,64,252,30
elapsed=18734 source=05F4 action=contract pose=-25170,3871,5680,244,147,0,63 target=-23555,3177,2435,0,64,252,30
elapsed=18734 source=05F4 action=contract pose=-25115,3847,5568,244,147,0,63 target=-23555,3177,2435,0,64,252,30
elapsed=18734 source=05F4 action=contract pose=-25060,3823,5456,244,147,0,63 target=-23555,3177,2435,0,64,252,30
elapsed=18735 source=05F4 action=face-immediate pose=-25005,3799,5344,244,147,0,63 target=-23555,3177,2435,0,64,252,30
elapsed=18735 source=05F4 action=advance-homing pose=-25005,3799,5344,244,147,0,63 target=-23555,3177,2435,0,64,252,30
elapsed=18738 source=05F4 action=contract pose=-24901,3731,5140,244,147,0,63 target=-23583,3177,2435,0,64,252,30
elapsed=18738 source=05F4 action=contract pose=-24847,3707,5027,244,147,0,63 target=-23583,3177,2435,0,64,252,30
elapsed=18738 source=05F4 action=contract pose=-24793,3683,4914,244,147,0,63 target=-23583,3177,2435,0,64,252,30
elapsed=18738 source=05F4 action=face-immediate pose=-24739,3659,4801,244,147,0,63 target=-23583,3177,2435,0,64,252,30
elapsed=18738 source=05F4 action=advance-homing pose=-24739,3659,4801,245,147,0,63 target=-23583,3177,2435,0,64,252,30
elapsed=18741 source=05F4 action=contract pose=-24635,3595,4593,245,147,0,63 target=-23611,3177,2435,0,64,253,30
elapsed=18741 source=05F4 action=contract pose=-24582,3573,4479,245,147,0,63 target=-23611,3177,2435,0,64,253,30
elapsed=18741 source=05F4 action=contract pose=-24529,3551,4365,245,147,0,63 target=-23611,3177,2435,0,64,253,30
elapsed=18741 source=05F4 action=face-immediate pose=-24476,3529,4251,245,147,0,63 target=-23611,3177,2435,0,64,253,30
elapsed=18741 source=05F4 action=advance-homing pose=-24476,3529,4251,245,146,0,63 target=-23611,3177,2435,0,64,253,30
elapsed=18744 source=05F4 action=contract pose=-24380,3465,4039,245,146,0,63 target=-23639,3177,2435,0,64,253,30
elapsed=18744 source=05F4 action=contract pose=-24328,3444,3925,245,146,0,63 target=-23639,3177,2435,0,64,253,30
elapsed=18744 source=05F4 action=contract pose=-24276,3423,3811,245,146,0,63 target=-23639,3177,2435,0,64,253,30
elapsed=18744 source=05F4 action=face-immediate pose=-24224,3402,3697,245,146,0,63 target=-23639,3177,2435,0,64,253,30
elapsed=18744 source=05F4 action=advance-homing pose=-24224,3402,3697,246,146,0,63 target=-23639,3177,2435,0,64,253,30
elapsed=18747 source=05F4 action=contract pose=-24128,3346,3485,246,146,0,63 target=-23667,3177,2435,0,64,254,30
elapsed=18747 source=05F4 action=contract pose=-24078,3327,3369,246,146,0,63 target=-23667,3177,2435,0,64,254,30
elapsed=18747 source=05F4 action=contract pose=-24028,3308,3253,246,146,0,63 target=-23667,3177,2435,0,64,254,30
elapsed=18747 source=05F4 action=face-immediate pose=-23978,3289,3137,246,146,0,63 target=-23667,3177,2435,0,64,254,30
elapsed=18747 source=05F4 action=advance-homing pose=-23978,3289,3137,247,145,0,63 target=-23667,3177,2435,0,64,254,30
elapsed=18750 source=05F4 action=face-immediate pose=-23882,3237,2921,247,145,0,63 target=-23695,3177,2435,0,64,254,30
elapsed=18750 source=05F4 action=set-cruise-speed pose=-23882,3237,2921,249,143,0,63 target=-23695,3177,2435,0,64,254,30
elapsed=18750 source=05F4 action=advance-aim pose=-23882,3237,2921,249,143,0,63 target=-23695,3177,2435,0,64,254,30
elapsed=18753 source=05F4 action=advance-aim pose=-23798,3197,2697,249,143,0,63 target=-23723,3177,2435,0,64,255,30
elapsed=18753 source=05F4 action=face-smooth pose=-23714,3157,2473,249,143,0,63 target=-23723,3177,2435,0,64,255,30
elapsed=18757 source=05F4 action=advance-aim pose=-23714,3157,2473,1,137,0,63 target=-23751,3177,2435,0,64,226,30
elapsed=18760 source=05F4 action=advance-cruise pose=-23666,3161,2237,1,137,0,63 target=-23779,3177,2435,0,64,230,30
elapsed=18763 source=05F4 action=advance-cruise pose=-23618,3165,2001,1,137,0,63 target=-23807,3177,2435,0,64,234,30
elapsed=18767 source=043B action=set-cruise-speed pose=-25392,1418,8424,16,139,0,30 target=-23835,3177,2435,0,64,237,30
elapsed=18767 source=043B action=contract pose=-25392,1418,8424,16,139,0,63 target=-23835,3177,2435,0,64,237,30
elapsed=18767 source=043B action=contract pose=-25362,1452,8305,16,139,0,63 target=-23835,3177,2435,0,64,237,30
elapsed=18767 source=043B action=contract pose=-25332,1486,8186,16,139,0,63 target=-23835,3177,2435,0,64,237,30
elapsed=18767 source=043B action=face-immediate pose=-25302,1520,8067,16,139,0,63 target=-23835,3177,2435,0,64,237,30
elapsed=18767 source=043B action=advance-homing pose=-25302,1520,8067,17,139,0,63 target=-23835,3177,2435,0,64,237,30
elapsed=18767 source=05F4 action=advance-cruise pose=-23570,3169,1765,1,137,0,63 target=-23835,3177,2435,0,64,237,30
elapsed=18770 source=043B action=contract pose=-25246,1620,7851,17,139,0,63 target=-23863,3177,2435,0,64,240,30
elapsed=18770 source=043B action=contract pose=-25216,1653,7732,17,139,0,63 target=-23863,3177,2435,0,64,240,30
elapsed=18770 source=043B action=contract pose=-25186,1687,7613,17,139,0,63 target=-23863,3177,2435,0,64,240,30
elapsed=18770 source=043B action=face-immediate pose=-25156,1721,7494,17,139,0,63 target=-23863,3177,2435,0,64,240,30
elapsed=18770 source=043B action=advance-homing pose=-25156,1721,7494,16,139,0,63 target=-23863,3177,2435,0,64,240,30
elapsed=18770 source=05F4 action=advance-cruise pose=-23522,3173,1529,1,137,0,63 target=-23863,3177,2435,0,64,240,30
elapsed=18773 source=043B action=contract pose=-25100,1813,7278,16,139,0,63 target=-23891,3177,2435,0,64,242,30
elapsed=18773 source=043B action=contract pose=-25071,1846,7158,16,139,0,63 target=-23891,3177,2435,0,64,242,30
elapsed=18773 source=043B action=contract pose=-25042,1879,7038,16,139,0,63 target=-23891,3177,2435,0,64,242,30
elapsed=18773 source=043B action=face-immediate pose=-25013,1912,6918,16,139,0,63 target=-23891,3177,2435,0,64,242,30
elapsed=18773 source=043B action=advance-homing pose=-25013,1912,6918,16,138,0,63 target=-23891,3177,2435,0,64,242,30
elapsed=18773 source=05F4 action=advance-cruise pose=-23474,3177,1293,1,137,0,63 target=-23891,3177,2435,0,64,242,30
elapsed=18776 source=043B action=contract pose=-24965,2004,6702,16,138,0,63 target=-23919,3177,2435,0,64,245,30
elapsed=18776 source=043B action=contract pose=-24936,2036,6582,16,138,0,63 target=-23919,3177,2435,0,64,245,30
elapsed=18776 source=043B action=contract pose=-24907,2068,6462,16,138,0,63 target=-23919,3177,2435,0,64,245,30
elapsed=18776 source=043B action=face-immediate pose=-24878,2100,6342,16,138,0,63 target=-23919,3177,2435,0,64,245,30
elapsed=18777 source=043B action=advance-homing pose=-24878,2100,6342,16,138,0,63 target=-23919,3177,2435,0,64,245,30
elapsed=18777 source=05F4 action=advance-cruise pose=-23426,3181,1057,1,137,0,63 target=-23919,3177,2435,0,64,245,30
elapsed=18780 source=043B action=contract pose=-24830,2192,6126,16,138,0,63 target=-23947,3177,2435,0,64,246,30
elapsed=18780 source=043B action=contract pose=-24802,2223,6006,16,138,0,63 target=-23947,3177,2435,0,64,246,30
elapsed=18780 source=043B action=contract pose=-24774,2254,5886,16,138,0,63 target=-23947,3177,2435,0,64,246,30
elapsed=18780 source=043B action=face-immediate pose=-24746,2285,5766,16,138,0,63 target=-23947,3177,2435,0,64,246,30
elapsed=18780 source=043B action=advance-homing pose=-24746,2285,5766,15,138,0,63 target=-23947,3177,2435,0,64,246,30
elapsed=18780 source=05F4 action=advance-cruise pose=-23378,3185,821,1,137,0,63 target=-23947,3177,2435,0,64,246,30
elapsed=18783 source=043B action=contract pose=-24698,2373,5546,15,138,0,63 target=-23975,3177,2435,0,64,247,30
elapsed=18783 source=043B action=contract pose=-24671,2404,5425,15,138,0,63 target=-23975,3177,2435,0,64,247,30
elapsed=18783 source=043B action=contract pose=-24644,2435,5304,15,138,0,63 target=-23975,3177,2435,0,64,247,30
elapsed=18783 source=043B action=face-immediate pose=-24617,2466,5183,15,138,0,63 target=-23975,3177,2435,0,64,247,30
elapsed=18783 source=043B action=advance-homing pose=-24617,2466,5183,15,138,0,63 target=-23975,3177,2435,0,64,247,30
elapsed=18783 source=05F4 action=advance-cruise pose=-23330,3189,585,1,137,0,63 target=-23975,3177,2435,0,64,247,30
elapsed=18786 source=043B action=contract pose=-24569,2554,4963,15,138,0,63 target=-24003,3177,2435,0,64,248,30
elapsed=18786 source=043B action=contract pose=-24543,2583,4842,15,138,0,63 target=-24003,3177,2435,0,64,248,30
elapsed=18786 source=043B action=contract pose=-24516,2612,4721,15,138,0,63 target=-24003,3177,2435,0,64,248,30
elapsed=18786 source=043B action=face-immediate pose=-24489,2641,4600,15,138,0,63 target=-24003,3177,2435,0,64,248,30
elapsed=18786 source=043B action=advance-homing pose=-24489,2641,4600,14,137,0,63 target=-24003,3177,2435,0,64,248,30
elapsed=18786 source=05F4 action=advance-cruise pose=-23282,3193,349,1,137,0,63 target=-24003,3177,2435,0,64,248,30
elapsed=18789 source=043B action=contract pose=-24441,2721,4380,14,137,0,63 target=-24031,3177,2435,0,64,248,30
elapsed=18789 source=043B action=contract pose=-24416,2749,4258,14,137,0,63 target=-24031,3177,2435,0,64,248,30
elapsed=18789 source=043B action=contract pose=-24391,2777,4136,14,137,0,63 target=-24031,3177,2435,0,64,248,30
elapsed=18789 source=043B action=face-immediate pose=-24366,2805,4014,14,137,0,63 target=-24031,3177,2435,0,64,248,30
elapsed=18789 source=043B action=advance-homing pose=-24366,2805,4014,14,137,0,63 target=-24031,3177,2435,0,64,248,30
elapsed=18789 source=05F4 action=advance-cruise pose=-23234,3197,113,1,137,0,63 target=-24031,3177,2435,0,64,248,30
elapsed=18792 source=043B action=contract pose=-24318,2885,3794,14,137,0,63 target=-24059,3177,2435,0,64,249,30
elapsed=18792 source=043B action=contract pose=-24295,2911,3671,14,137,0,63 target=-24059,3177,2435,0,64,249,30
elapsed=18792 source=043B action=contract pose=-24272,2937,3548,14,137,0,63 target=-24059,3177,2435,0,64,249,30
elapsed=18792 source=043B action=face-immediate pose=-24249,2963,3425,14,137,0,63 target=-24059,3177,2435,0,64,249,30
elapsed=18792 source=043B action=advance-homing pose=-24249,2963,3425,13,136,0,63 target=-24059,3177,2435,0,64,249,30
elapsed=18793 source=05F4 action=advance-cruise pose=-23186,3201,-123,1,137,0,63 target=-24059,3177,2435,0,64,249,30
elapsed=18796 source=043B action=face-immediate pose=-24209,3039,3197,13,136,0,63 target=-24087,3177,2435,0,64,249,30
elapsed=18796 source=043B action=set-cruise-speed pose=-24209,3039,3197,11,135,0,63 target=-24087,3177,2435,0,64,249,30
elapsed=18796 source=043B action=advance-aim pose=-24209,3039,3197,11,135,0,63 target=-24087,3177,2435,0,64,249,30
elapsed=18796 source=05F4 action=advance-cruise pose=-23138,3205,-359,1,137,0,63 target=-24087,3177,2435,0,64,249,30
elapsed=18799 source=043B action=advance-aim pose=-24173,3103,2965,11,135,0,63 target=-24115,3177,2435,0,64,250,30
elapsed=18799 source=043B action=face-smooth pose=-24137,3167,2733,11,135,0,63 target=-24115,3177,2435,0,64,250,30
elapsed=18799 source=05F4 action=advance-cruise pose=-23090,3209,-595,1,137,0,63 target=-24115,3177,2435,0,64,250,30
elapsed=18802 source=043B action=advance-aim pose=-24137,3167,2733,9,134,0,63 target=-24143,3177,2435,0,64,250,30
elapsed=18802 source=05F4 action=advance-cruise pose=-23042,3213,-831,1,137,0,63 target=-24143,3177,2435,0,64,250,30
elapsed=18806 source=043B action=advance-aim pose=-24109,3219,2501,9,134,0,63 target=-24171,3177,2435,0,64,30,30
elapsed=18806 source=05F4 action=advance-cruise pose=-22994,3217,-1067,1,137,0,63 target=-24171,3177,2435,0,64,30,30
elapsed=18809 source=043B action=advance-cruise pose=-24081,3271,2269,9,134,0,63 target=-24199,3177,2435,0,64,26,30
elapsed=18812 source=043B action=advance-cruise pose=-24053,3323,2037,9,134,0,63 target=-24227,3177,2435,0,64,22,30
elapsed=18815 source=043B action=advance-cruise pose=-24025,3375,1805,9,134,0,63 target=-24255,3177,2435,0,64,19,30
elapsed=18818 source=05F4 action=set-cruise-speed pose=-22784,-398,6876,35,115,0,30 target=-24283,3177,2435,0,64,16,30
elapsed=18818 source=05F4 action=contract pose=-22784,-398,6876,35,115,0,63 target=-24283,3177,2435,0,64,16,30
elapsed=18818 source=05F4 action=contract pose=-22817,-321,6779,35,115,0,63 target=-24283,3177,2435,0,64,16,30
elapsed=18818 source=05F4 action=contract pose=-22850,-244,6683,35,115,0,63 target=-24283,3177,2435,0,64,16,30
elapsed=18818 source=05F4 action=face-immediate pose=-22883,-167,6586,35,115,0,63 target=-24283,3177,2435,0,64,16,30
elapsed=18818 source=05F4 action=advance-homing pose=-22883,-167,6586,35,115,0,63 target=-24283,3177,2435,0,64,16,30
elapsed=18818 source=043B action=advance-cruise pose=-23997,3427,1573,9,134,0,63 target=-24283,3177,2435,0,64,16,30
elapsed=18821 source=05F4 action=contract pose=-22931,21,6438,35,115,0,63 target=-24311,3177,2435,0,64,14,30
elapsed=18821 source=05F4 action=contract pose=-22965,96,6341,35,115,0,63 target=-24311,3177,2435,0,64,14,30
elapsed=18821 source=05F4 action=contract pose=-22999,172,6244,35,115,0,63 target=-24311,3177,2435,0,64,14,30
elapsed=18821 source=05F4 action=face-immediate pose=-23033,248,6147,35,115,0,63 target=-24311,3177,2435,0,64,14,30
elapsed=18821 source=05F4 action=advance-homing pose=-23033,248,6147,34,115,0,63 target=-24311,3177,2435,0,64,14,30
elapsed=18821 source=043B action=advance-cruise pose=-23969,3479,1341,9,134,0,63 target=-24311,3177,2435,0,64,14,30
elapsed=18824 source=05F4 action=contract pose=-23081,432,5991,34,115,0,63 target=-24339,3177,2435,0,64,11,30
elapsed=18824 source=05F4 action=contract pose=-23116,506,5894,34,115,0,63 target=-24339,3177,2435,0,64,11,30
elapsed=18824 source=05F4 action=contract pose=-23151,580,5796,34,115,0,63 target=-24339,3177,2435,0,64,11,30
elapsed=18824 source=05F4 action=face-immediate pose=-23186,654,5699,34,115,0,63 target=-24339,3177,2435,0,64,11,30
elapsed=18824 source=05F4 action=advance-homing pose=-23186,654,5699,34,115,0,63 target=-24339,3177,2435,0,64,11,30
elapsed=18825 source=043B action=advance-cruise pose=-23941,3531,1109,9,134,0,63 target=-24339,3177,2435,0,64,11,30
elapsed=18828 source=05F4 action=contract pose=-23234,838,5543,34,115,0,63 target=-24367,3177,2435,0,64,10,30
elapsed=18828 source=05F4 action=contract pose=-23270,911,5445,34,115,0,63 target=-24367,3177,2435,0,64,10,30
elapsed=18828 source=05F4 action=contract pose=-23306,984,5347,34,115,0,63 target=-24367,3177,2435,0,64,10,30
elapsed=18828 source=05F4 action=face-immediate pose=-23342,1057,5249,34,115,0,63 target=-24367,3177,2435,0,64,10,30
elapsed=18828 source=05F4 action=advance-homing pose=-23342,1057,5249,33,114,0,63 target=-24367,3177,2435,0,64,10,30
elapsed=18828 source=043B action=advance-cruise pose=-23913,3583,877,9,134,0,63 target=-24367,3177,2435,0,64,10,30
elapsed=18831 source=05F4 action=contract pose=-23394,1233,5093,33,114,0,63 target=-24395,3177,2435,0,64,9,30
elapsed=18831 source=05F4 action=contract pose=-23432,1304,4994,33,114,0,63 target=-24395,3177,2435,0,64,9,30
elapsed=18831 source=05F4 action=contract pose=-23469,1375,4895,33,114,0,63 target=-24395,3177,2435,0,64,9,30
elapsed=18831 source=05F4 action=face-immediate pose=-23506,1446,4796,33,114,0,63 target=-24395,3177,2435,0,64,9,30
elapsed=18831 source=05F4 action=advance-homing pose=-23506,1446,4796,32,114,0,63 target=-24395,3177,2435,0,64,9,30
elapsed=18831 source=043B action=advance-cruise pose=-23885,3635,645,9,134,0,63 target=-24395,3177,2435,0,64,9,30
elapsed=18834 source=05F4 action=contract pose=-23558,1618,4636,32,114,0,63 target=-24423,3177,2435,0,64,8,30
elapsed=18834 source=05F4 action=contract pose=-23597,1687,4537,32,114,0,63 target=-24423,3177,2435,0,64,8,30
elapsed=18834 source=05F4 action=contract pose=-23636,1757,4438,32,114,0,63 target=-24423,3177,2435,0,64,8,30
elapsed=18834 source=05F4 action=face-immediate pose=-23675,1826,4339,32,114,0,63 target=-24423,3177,2435,0,64,8,30
elapsed=18834 source=05F4 action=advance-homing pose=-23675,1826,4339,32,113,0,63 target=-24423,3177,2435,0,64,8,30
elapsed=18834 source=043B action=advance-cruise pose=-23857,3687,413,9,134,0,63 target=-24423,3177,2435,0,64,8,30
elapsed=18837 source=05F4 action=contract pose=-23735,1998,4179,32,113,0,63 target=-24451,3177,2435,0,64,8,30
elapsed=18837 source=05F4 action=contract pose=-23776,2065,4079,32,113,0,63 target=-24451,3177,2435,0,64,8,30
elapsed=18837 source=05F4 action=contract pose=-23817,2132,3979,32,113,0,63 target=-24451,3177,2435,0,64,8,30
elapsed=18837 source=05F4 action=face-immediate pose=-23858,2199,3879,32,113,0,63 target=-24451,3177,2435,0,64,8,30
elapsed=18837 source=05F4 action=advance-homing pose=-23858,2199,3879,30,113,0,63 target=-24451,3177,2435,0,64,8,30
elapsed=18837 source=043B action=advance-cruise pose=-23829,3739,181,9,134,0,63 target=-24451,3177,2435,0,64,8,30
elapsed=18840 source=05F4 action=contract pose=-23922,2363,3711,30,113,0,63 target=-24479,3177,2435,0,64,7,30
elapsed=18840 source=05F4 action=contract pose=-23966,2427,3610,30,113,0,63 target=-24479,3177,2435,0,64,7,30
elapsed=18841 source=05F4 action=contract pose=-24010,2491,3509,30,113,0,63 target=-24479,3177,2435,0,64,7,30
elapsed=18841 source=05F4 action=face-immediate pose=-24054,2555,3408,30,113,0,63 target=-24479,3177,2435,0,64,7,30
elapsed=18841 source=05F4 action=advance-homing pose=-24054,2555,3408,29,112,0,63 target=-24479,3177,2435,0,64,7,30
elapsed=18841 source=043B action=advance-cruise pose=-23801,3791,-51,9,134,0,63 target=-24479,3177,2435,0,64,7,30
elapsed=18844 source=05F4 action=face-immediate pose=-24122,2715,3240,29,112,0,63 target=-24507,3177,2435,0,64,7,30
elapsed=18844 source=05F4 action=set-cruise-speed pose=-24122,2715,3240,26,110,0,63 target=-24507,3177,2435,0,64,7,30
elapsed=18844 source=05F4 action=advance-aim pose=-24122,2715,3240,26,110,0,63 target=-24507,3177,2435,0,64,7,30
elapsed=18844 source=05F4 action=face-smooth pose=-24202,2859,3064,26,110,0,63 target=-24507,3177,2435,0,64,7,30
elapsed=18844 source=043B action=advance-cruise pose=-23773,3843,-283,9,134,0,63 target=-24507,3177,2435,0,64,7,30
elapsed=18847 source=05F4 action=advance-aim pose=-24202,2859,3064,25,110,0,63 target=-24535,3177,2435,0,64,6,30
elapsed=18847 source=043B action=advance-cruise pose=-23745,3895,-515,9,134,0,63 target=-24535,3177,2435,0,64,6,30
elapsed=18851 source=05F4 action=advance-aim pose=-24282,2999,2884,25,110,0,63 target=-24563,3177,2435,0,64,6,30
elapsed=18851 source=05F4 action=face-smooth pose=-24362,3139,2704,25,110,0,63 target=-24563,3177,2435,0,64,6,30
elapsed=18851 source=043B action=advance-cruise pose=-23717,3947,-747,9,134,0,63 target=-24563,3177,2435,0,64,6,30
elapsed=18854 source=05F4 action=advance-aim pose=-24362,3139,2704,21,108,0,63 target=-24591,3177,2435,0,64,6,30
elapsed=18854 source=043B action=advance-cruise pose=-23689,3999,-979,9,134,0,63 target=-24591,3177,2435,0,64,6,30
elapsed=18857 source=05F4 action=advance-aim pose=-24458,3259,2516,21,108,0,63 target=-24619,3177,2435,0,64,6,30
elapsed=18860 source=05F4 action=advance-cruise pose=-24554,3379,2328,21,108,0,63 target=-24647,3177,2435,0,64,6,30
elapsed=18864 source=05F4 action=advance-cruise pose=-24650,3499,2140,21,108,0,63 target=-24675,3177,2435,0,64,5,30
elapsed=18867 source=05F4 action=advance-cruise pose=-24746,3619,1952,21,108,0,63 target=-24703,3177,2435,0,64,5,30
elapsed=18870 source=05F4 action=advance-cruise pose=-24842,3739,1764,21,108,0,63 target=-24731,3177,2435,0,64,4,30
elapsed=18873 source=05F4 action=advance-cruise pose=-24938,3859,1576,21,108,0,63 target=-24759,3177,2435,0,64,4,30
elapsed=18876 source=05F4 action=advance-cruise pose=-25034,3979,1388,21,108,0,63 target=-24787,3177,2435,0,64,4,30
elapsed=18879 source=05F4 action=advance-cruise pose=-25130,4099,1200,21,108,0,63 target=-24815,3177,2435,0,64,4,30
elapsed=18882 source=05F4 action=advance-cruise pose=-25226,4219,1012,21,108,0,63 target=-24843,3177,2435,0,64,4,30
elapsed=18885 source=05F4 action=advance-cruise pose=-25322,4339,824,21,108,0,63 target=-24871,3177,2435,0,64,3,30
elapsed=18889 source=05F4 action=advance-cruise pose=-25418,4459,636,21,108,0,63 target=-24899,3177,2435,0,64,3,30
elapsed=18892 source=05F4 action=advance-cruise pose=-25514,4579,448,21,108,0,63 target=-24927,3177,2435,0,64,2,30
elapsed=18895 source=05F4 action=advance-cruise pose=-25610,4699,260,21,108,0,63 target=-24955,3177,2435,0,64,2,30
elapsed=18898 source=05F4 action=advance-cruise pose=-25706,4819,72,21,108,0,63 target=-24983,3177,2435,0,64,1,30
elapsed=18901 source=05F4 action=advance-cruise pose=-25802,4939,-116,21,108,0,63 target=-25011,3177,2435,0,64,0,30
elapsed=18904 source=05F4 action=advance-cruise pose=-25898,5059,-304,21,108,0,63 target=-25039,3177,2435,0,64,255,30
elapsed=19196 source=0672 action=set-cruise-speed pose=-19948,-9022,6980,45,86,0,30 target=-27755,3177,2435,0,64,252,30
elapsed=19196 source=0672 action=contract pose=-19948,-9022,6980,45,86,0,63 target=-27755,3177,2435,0,64,252,30
elapsed=19196 source=0672 action=contract pose=-20015,-8920,6941,45,86,0,63 target=-27755,3177,2435,0,64,252,30
elapsed=19196 source=0672 action=contract pose=-20082,-8818,6902,45,86,0,63 target=-27755,3177,2435,0,64,252,30
elapsed=19196 source=0672 action=face-immediate pose=-20148,-8716,6863,45,86,0,63 target=-27755,3177,2435,0,64,252,30
elapsed=19196 source=0672 action=advance-homing pose=-20148,-8716,6863,45,86,0,63 target=-27755,3177,2435,0,64,252,30
elapsed=19199 source=0672 action=contract pose=-20240,-8496,6811,45,86,0,63 target=-27783,3177,2435,0,64,252,30
elapsed=19199 source=0672 action=contract pose=-20307,-8394,6772,45,86,0,63 target=-27783,3177,2435,0,64,252,30
elapsed=19199 source=0672 action=contract pose=-20374,-8292,6733,45,86,0,63 target=-27783,3177,2435,0,64,252,30
elapsed=19199 source=0672 action=face-immediate pose=-20441,-8190,6694,45,86,0,63 target=-27783,3177,2435,0,64,252,30
elapsed=19199 source=0672 action=advance-homing pose=-20441,-8190,6694,45,86,0,63 target=-27783,3177,2435,0,64,252,30
elapsed=19202 source=0672 action=contract pose=-20533,-7970,6642,45,86,0,63 target=-27811,3177,2435,0,64,253,30
elapsed=19202 source=0672 action=contract pose=-20601,-7869,6603,45,86,0,63 target=-27811,3177,2435,0,64,253,30
elapsed=19202 source=0672 action=contract pose=-20669,-7768,6564,45,86,0,63 target=-27811,3177,2435,0,64,253,30
elapsed=19202 source=0672 action=face-immediate pose=-20736,-7667,6525,45,86,0,63 target=-27811,3177,2435,0,64,253,30
elapsed=19202 source=0672 action=advance-homing pose=-20736,-7667,6525,44,86,0,63 target=-27811,3177,2435,0,64,253,30
elapsed=19205 source=0672 action=contract pose=-20832,-7447,6469,44,86,0,63 target=-27839,3177,2435,0,64,253,30
elapsed=19206 source=0672 action=contract pose=-20900,-7346,6429,44,86,0,63 target=-27839,3177,2435,0,64,253,30
elapsed=19206 source=0672 action=contract pose=-20968,-7245,6390,44,86,0,63 target=-27839,3177,2435,0,64,253,30
elapsed=19206 source=0672 action=face-immediate pose=-21035,-7144,6351,44,86,0,63 target=-27839,3177,2435,0,64,253,30
elapsed=19206 source=0672 action=advance-homing pose=-21035,-7144,6351,44,86,0,63 target=-27839,3177,2435,0,64,253,30
elapsed=19209 source=0672 action=contract pose=-21131,-6924,6295,44,86,0,63 target=-27867,3177,2435,0,64,254,30
elapsed=19209 source=0672 action=contract pose=-21199,-6824,6256,44,86,0,63 target=-27867,3177,2435,0,64,254,30
elapsed=19209 source=0672 action=contract pose=-21267,-6723,6217,44,86,0,63 target=-27867,3177,2435,0,64,254,30
elapsed=19209 source=0672 action=face-immediate pose=-21335,-6622,6178,44,86,0,63 target=-27867,3177,2435,0,64,254,30
elapsed=19209 source=0672 action=advance-homing pose=-21335,-6622,6178,44,86,0,63 target=-27867,3177,2435,0,64,254,30
elapsed=19212 source=0672 action=contract pose=-21431,-6402,6122,44,86,0,63 target=-27895,3177,2435,0,64,254,30
elapsed=19212 source=0672 action=contract pose=-21500,-6302,6083,44,86,0,63 target=-27895,3177,2435,0,64,254,30
elapsed=19212 source=0672 action=contract pose=-21568,-6202,6044,44,86,0,63 target=-27895,3177,2435,0,64,254,30
elapsed=19212 source=0672 action=face-immediate pose=-21637,-6102,6005,44,86,0,63 target=-27895,3177,2435,0,64,254,30
elapsed=19212 source=0672 action=advance-homing pose=-21637,-6102,6005,44,86,0,63 target=-27895,3177,2435,0,64,254,30
elapsed=19215 source=0672 action=contract pose=-21733,-5882,5949,44,86,0,63 target=-27923,3177,2435,0,64,255,30
elapsed=19215 source=0672 action=contract pose=-21802,-5782,5909,44,86,0,63 target=-27923,3177,2435,0,64,255,30
elapsed=19215 source=0672 action=contract pose=-21871,-5682,5869,44,86,0,63 target=-27923,3177,2435,0,64,255,30
elapsed=19215 source=0672 action=face-immediate pose=-21940,-5583,5829,44,86,0,63 target=-27923,3177,2435,0,64,255,30
elapsed=19215 source=0672 action=advance-homing pose=-21940,-5583,5829,44,85,0,63 target=-27923,3177,2435,0,64,255,30
elapsed=19218 source=0672 action=contract pose=-22036,-5363,5777,44,85,0,63 target=-27951,3177,2435,0,64,0,30
elapsed=19218 source=0672 action=contract pose=-22106,-5264,5737,44,85,0,63 target=-27951,3177,2435,0,64,0,30
elapsed=19218 source=0672 action=contract pose=-22176,-5165,5697,44,85,0,63 target=-27951,3177,2435,0,64,0,30
elapsed=19218 source=0672 action=face-immediate pose=-22246,-5066,5657,44,85,0,63 target=-27951,3177,2435,0,64,0,30
elapsed=19219 source=0672 action=advance-homing pose=-22246,-5066,5657,44,85,0,63 target=-27951,3177,2435,0,64,0,30
elapsed=19222 source=0672 action=contract pose=-22342,-4846,5605,44,85,0,63 target=-27979,3177,2435,0,64,1,30
elapsed=19222 source=0672 action=contract pose=-22412,-4747,5565,44,85,0,63 target=-27979,3177,2435,0,64,1,30
elapsed=19222 source=0672 action=contract pose=-22482,-4648,5525,44,85,0,63 target=-27979,3177,2435,0,64,1,30
elapsed=19222 source=0672 action=face-immediate pose=-22552,-4549,5485,44,85,0,63 target=-27979,3177,2435,0,64,1,30
elapsed=19222 source=0672 action=advance-homing pose=-22552,-4549,5485,43,85,0,63 target=-27979,3177,2435,0,64,1,30
elapsed=19225 source=0672 action=contract pose=-22656,-4333,5429,43,85,0,63 target=-28007,3177,2435,0,64,2,30
elapsed=19225 source=0672 action=contract pose=-22727,-4235,5389,43,85,0,63 target=-28007,3177,2435,0,64,2,30
elapsed=19225 source=0672 action=contract pose=-22798,-4137,5349,43,85,0,63 target=-28007,3177,2435,0,64,2,30
elapsed=19225 source=0672 action=face-immediate pose=-22869,-4039,5309,43,85,0,63 target=-28007,3177,2435,0,64,2,30
elapsed=19225 source=0672 action=advance-homing pose=-22869,-4039,5309,43,85,0,63 target=-28007,3177,2435,0,64,2,30
elapsed=19228 source=0672 action=contract pose=-22973,-3823,5253,43,85,0,63 target=-28035,3177,2435,0,64,2,30
elapsed=19228 source=0672 action=contract pose=-23045,-3725,5213,43,85,0,63 target=-28035,3177,2435,0,64,2,30
elapsed=19228 source=0672 action=contract pose=-23117,-3628,5173,43,85,0,63 target=-28035,3177,2435,0,64,2,30
elapsed=19228 source=0672 action=face-immediate pose=-23189,-3531,5133,43,85,0,63 target=-28035,3177,2435,0,64,2,30
elapsed=19228 source=0672 action=advance-homing pose=-23189,-3531,5133,43,85,0,63 target=-28035,3177,2435,0,64,2,30
elapsed=19231 source=0672 action=contract pose=-23293,-3315,5077,43,85,0,63 target=-28063,3177,2435,0,64,3,30
elapsed=19231 source=0672 action=contract pose=-23365,-3218,5037,43,85,0,63 target=-28063,3177,2435,0,64,3,30
elapsed=19231 source=0672 action=contract pose=-23437,-3121,4997,43,85,0,63 target=-28063,3177,2435,0,64,3,30
elapsed=19231 source=0672 action=face-immediate pose=-23509,-3024,4957,43,85,0,63 target=-28063,3177,2435,0,64,3,30
elapsed=19231 source=0672 action=advance-homing pose=-23509,-3024,4957,43,85,0,63 target=-28063,3177,2435,0,64,3,30
elapsed=19235 source=0672 action=contract pose=-23613,-2808,4901,43,85,0,63 target=-28091,3177,2435,0,64,3,30
elapsed=19235 source=0672 action=contract pose=-23686,-2712,4860,43,85,0,63 target=-28091,3177,2435,0,64,3,30
elapsed=19235 source=0672 action=contract pose=-23759,-2616,4819,43,85,0,63 target=-28091,3177,2435,0,64,3,30
elapsed=19235 source=0672 action=face-immediate pose=-23832,-2520,4778,43,85,0,63 target=-28091,3177,2435,0,64,3,30
elapsed=19235 source=0672 action=advance-homing pose=-23832,-2520,4778,42,85,0,63 target=-28091,3177,2435,0,64,3,30
elapsed=19238 source=0672 action=contract pose=-23940,-2308,4718,42,85,0,63 target=-28119,3177,2435,0,64,4,30
elapsed=19238 source=0672 action=contract pose=-24014,-2213,4677,42,85,0,63 target=-28119,3177,2435,0,64,4,30
elapsed=19238 source=0672 action=contract pose=-24088,-2117,4636,42,85,0,63 target=-28119,3177,2435,0,64,4,30
elapsed=19238 source=0672 action=face-immediate pose=-24162,-2021,4595,42,85,0,63 target=-28119,3177,2435,0,64,4,30
elapsed=19238 source=0672 action=advance-homing pose=-24162,-2021,4595,42,85,0,63 target=-28119,3177,2435,0,64,4,30
elapsed=19241 source=0672 action=contract pose=-24270,-1809,4535,42,85,0,63 target=-28147,3177,2435,0,64,4,30
elapsed=19241 source=0672 action=contract pose=-24345,-1714,4494,42,85,0,63 target=-28147,3177,2435,0,64,4,30
elapsed=19241 source=0672 action=contract pose=-24420,-1619,4453,42,85,0,63 target=-28147,3177,2435,0,64,4,30
elapsed=19241 source=0672 action=face-immediate pose=-24495,-1524,4412,42,85,0,63 target=-28147,3177,2435,0,64,4,30
elapsed=19241 source=0672 action=advance-homing pose=-24495,-1524,4412,42,85,0,63 target=-28147,3177,2435,0,64,4,30
elapsed=19244 source=0672 action=contract pose=-24603,-1312,4352,42,85,0,63 target=-28175,3177,2435,0,64,4,30
elapsed=19244 source=0672 action=contract pose=-24679,-1218,4311,42,85,0,63 target=-28175,3177,2435,0,64,4,30
elapsed=19244 source=0672 action=contract pose=-24755,-1124,4270,42,85,0,63 target=-28175,3177,2435,0,64,4,30
elapsed=19244 source=0672 action=face-immediate pose=-24831,-1030,4229,42,85,0,63 target=-28175,3177,2435,0,64,4,30
elapsed=19244 source=0672 action=advance-homing pose=-24831,-1030,4229,41,84,0,63 target=-28175,3177,2435,0,64,4,30
elapsed=19248 source=05F4 action=set-cruise-speed pose=-23128,-7888,5168,50,84,0,30 target=-28203,3177,2435,0,64,4,30
elapsed=19248 source=05F4 action=contract pose=-23128,-7888,5168,50,84,0,63 target=-28203,3177,2435,0,64,4,30
elapsed=19248 source=05F4 action=contract pose=-23181,-7775,5139,50,84,0,63 target=-28203,3177,2435,0,64,4,30
elapsed=19248 source=05F4 action=contract pose=-23233,-7662,5110,50,84,0,63 target=-28203,3177,2435,0,64,4,30
elapsed=19248 source=05F4 action=face-immediate pose=-23286,-7550,5081,50,84,0,63 target=-28203,3177,2435,0,64,4,30
elapsed=19248 source=05F4 action=advance-homing pose=-23286,-7550,5081,50,84,0,63 target=-28203,3177,2435,0,64,4,30
elapsed=19248 source=0672 action=contract pose=-24943,-822,4169,41,84,0,63 target=-28203,3177,2435,0,64,4,30
elapsed=19248 source=0672 action=contract pose=-25020,-729,4128,41,84,0,63 target=-28203,3177,2435,0,64,4,30
elapsed=19248 source=0672 action=contract pose=-25097,-636,4087,41,84,0,63 target=-28203,3177,2435,0,64,4,30
elapsed=19248 source=0672 action=face-immediate pose=-25174,-543,4046,41,84,0,63 target=-28203,3177,2435,0,64,4,30
elapsed=19248 source=0672 action=advance-homing pose=-25174,-543,4046,41,84,0,63 target=-28203,3177,2435,0,64,4,30
elapsed=19251 source=05F4 action=contract pose=-23358,-7318,5045,50,84,0,63 target=-28231,3177,2435,0,64,3,30
elapsed=19251 source=05F4 action=contract pose=-23411,-7206,5016,50,84,0,63 target=-28231,3177,2435,0,64,3,30
elapsed=19252 source=05F4 action=contract pose=-23464,-7094,4987,50,84,0,63 target=-28231,3177,2435,0,64,3,30
elapsed=19252 source=05F4 action=face-immediate pose=-23517,-6982,4958,50,84,0,63 target=-28231,3177,2435,0,64,3,30
elapsed=19252 source=05F4 action=advance-homing pose=-23517,-6982,4958,50,84,0,63 target=-28231,3177,2435,0,64,3,30
elapsed=19252 source=0672 action=contract pose=-25286,-335,3986,41,84,0,63 target=-28231,3177,2435,0,64,3,30
elapsed=19252 source=0672 action=contract pose=-25364,-243,3945,41,84,0,63 target=-28231,3177,2435,0,64,3,30
elapsed=19252 source=0672 action=contract pose=-25442,-151,3904,41,84,0,63 target=-28231,3177,2435,0,64,3,30
elapsed=19252 source=0672 action=face-immediate pose=-25520,-59,3863,41,84,0,63 target=-28231,3177,2435,0,64,3,30
elapsed=19252 source=0672 action=advance-homing pose=-25520,-59,3863,41,84,0,63 target=-28231,3177,2435,0,64,3,30
elapsed=19255 source=05F4 action=contract pose=-23589,-6750,4922,50,84,0,63 target=-28259,3177,2435,0,64,3,30
elapsed=19255 source=05F4 action=contract pose=-23642,-6638,4893,50,84,0,63 target=-28259,3177,2435,0,64,3,30
elapsed=19255 source=05F4 action=contract pose=-23696,-6526,4864,50,84,0,63 target=-28259,3177,2435,0,64,3,30
elapsed=19255 source=05F4 action=face-immediate pose=-23750,-6414,4835,50,84,0,63 target=-28259,3177,2435,0,64,3,30
elapsed=19255 source=05F4 action=advance-homing pose=-23750,-6414,4835,50,84,0,63 target=-28259,3177,2435,0,64,3,30
elapsed=19255 source=0672 action=contract pose=-25632,149,3803,41,84,0,63 target=-28259,3177,2435,0,64,3,30
elapsed=19255 source=0672 action=contract pose=-25711,239,3761,41,84,0,63 target=-28259,3177,2435,0,64,3,30
elapsed=19255 source=0672 action=contract pose=-25790,329,3719,41,84,0,63 target=-28259,3177,2435,0,64,3,30
elapsed=19256 source=0672 action=face-immediate pose=-25869,419,3677,41,84,0,63 target=-28259,3177,2435,0,64,3,30
elapsed=19256 source=0672 action=advance-homing pose=-25869,419,3677,40,84,0,63 target=-28259,3177,2435,0,64,3,30
elapsed=19259 source=05F4 action=contract pose=-23822,-6182,4799,50,84,0,63 target=-28287,3177,2435,0,64,2,30
elapsed=19259 source=05F4 action=contract pose=-23876,-6070,4770,50,84,0,63 target=-28287,3177,2435,0,64,2,30
elapsed=19259 source=05F4 action=contract pose=-23930,-5959,4741,50,84,0,63 target=-28287,3177,2435,0,64,2,30
elapsed=19259 source=05F4 action=face-immediate pose=-23984,-5847,4712,50,84,0,63 target=-28287,3177,2435,0,64,2,30
elapsed=19259 source=05F4 action=advance-homing pose=-23984,-5847,4712,50,84,0,63 target=-28287,3177,2435,0,64,2,30
elapsed=19259 source=0672 action=contract pose=-25989,623,3617,40,84,0,63 target=-28287,3177,2435,0,64,2,30
elapsed=19259 source=0672 action=contract pose=-26070,712,3575,40,84,0,63 target=-28287,3177,2435,0,64,2,30
elapsed=19259 source=0672 action=contract pose=-26151,801,3533,40,84,0,63 target=-28287,3177,2435,0,64,2,30
elapsed=19259 source=0672 action=face-immediate pose=-26232,890,3491,40,84,0,63 target=-28287,3177,2435,0,64,2,30
elapsed=19259 source=0672 action=advance-homing pose=-26232,890,3491,39,84,0,63 target=-28287,3177,2435,0,64,2,30
elapsed=19262 source=05F4 action=contract pose=-24056,-5615,4676,50,84,0,63 target=-28315,3177,2435,0,64,2,30
elapsed=19262 source=05F4 action=contract pose=-24111,-5504,4647,50,84,0,63 target=-28315,3177,2435,0,64,2,30
elapsed=19262 source=05F4 action=contract pose=-24166,-5393,4618,50,84,0,63 target=-28315,3177,2435,0,64,2,30
elapsed=19262 source=05F4 action=face-immediate pose=-24221,-5282,4589,50,84,0,63 target=-28315,3177,2435,0,64,2,30
elapsed=19263 source=05F4 action=advance-homing pose=-24221,-5282,4589,49,84,0,63 target=-28315,3177,2435,0,64,2,30
elapsed=19263 source=0672 action=contract pose=-26356,1090,3427,39,84,0,63 target=-28315,3177,2435,0,64,2,30
elapsed=19263 source=0672 action=contract pose=-26439,1177,3385,39,84,0,63 target=-28315,3177,2435,0,64,2,30
elapsed=19263 source=0672 action=contract pose=-26522,1264,3343,39,84,0,63 target=-28315,3177,2435,0,64,2,30
elapsed=19263 source=0672 action=face-immediate pose=-26605,1351,3301,39,84,0,63 target=-28315,3177,2435,0,64,2,30
elapsed=19263 source=0672 action=advance-homing pose=-26605,1351,3301,39,83,0,63 target=-28315,3177,2435,0,64,2,30
elapsed=19266 source=05F4 action=contract pose=-24297,-5050,4549,49,84,0,63 target=-28343,3177,2435,0,64,1,30
elapsed=19266 source=05F4 action=contract pose=-24352,-4939,4520,49,84,0,63 target=-28343,3177,2435,0,64,1,30
elapsed=19266 source=05F4 action=contract pose=-24407,-4828,4491,49,84,0,63 target=-28343,3177,2435,0,64,1,30
elapsed=19266 source=05F4 action=face-immediate pose=-24463,-4717,4462,49,84,0,63 target=-28343,3177,2435,0,64,1,30
elapsed=19266 source=05F4 action=advance-homing pose=-24463,-4717,4462,49,84,0,63 target=-28343,3177,2435,0,64,1,30
elapsed=19266 source=0672 action=contract pose=-26729,1551,3241,39,83,0,63 target=-28343,3177,2435,0,64,1,30
elapsed=19266 source=0672 action=contract pose=-26814,1636,3198,39,83,0,63 target=-28343,3177,2435,0,64,1,30
elapsed=19266 source=0672 action=contract pose=-26899,1721,3155,39,83,0,63 target=-28343,3177,2435,0,64,1,30
elapsed=19266 source=0672 action=face-immediate pose=-26984,1806,3112,39,83,0,63 target=-28343,3177,2435,0,64,1,30
elapsed=19266 source=0672 action=advance-homing pose=-26984,1806,3112,38,83,0,63 target=-28343,3177,2435,0,64,1,30
elapsed=19269 source=05F4 action=contract pose=-24539,-4485,4422,49,84,0,63 target=-28371,3177,2435,0,64,0,30
elapsed=19269 source=05F4 action=contract pose=-24595,-4375,4393,49,84,0,63 target=-28371,3177,2435,0,64,0,30
elapsed=19269 source=05F4 action=contract pose=-24651,-4265,4364,49,84,0,63 target=-28371,3177,2435,0,64,0,30
elapsed=19269 source=05F4 action=face-immediate pose=-24707,-4155,4335,49,84,0,63 target=-28371,3177,2435,0,64,0,30
elapsed=19269 source=05F4 action=advance-homing pose=-24707,-4155,4335,49,84,0,63 target=-28371,3177,2435,0,64,0,30
elapsed=19270 source=0672 action=contract pose=-27112,2006,3048,38,83,0,63 target=-28371,3177,2435,0,64,0,30
elapsed=19270 source=0672 action=contract pose=-27200,2087,3005,38,83,0,63 target=-28371,3177,2435,0,64,0,30
elapsed=19270 source=0672 action=contract pose=-27288,2168,2962,38,83,0,63 target=-28371,3177,2435,0,64,0,30
elapsed=19270 source=0672 action=face-immediate pose=-27376,2249,2919,38,83,0,63 target=-28371,3177,2435,0,64,0,30
elapsed=19270 source=0672 action=advance-homing pose=-27376,2249,2919,36,83,0,63 target=-28371,3177,2435,0,64,0,30
elapsed=19273 source=05F4 action=contract pose=-24783,-3923,4295,49,84,0,63 target=-28399,3177,2435,0,64,255,30
elapsed=19273 source=05F4 action=contract pose=-24840,-3813,4265,49,84,0,63 target=-28399,3177,2435,0,64,255,30
elapsed=19273 source=05F4 action=contract pose=-24897,-3703,4236,49,84,0,63 target=-28399,3177,2435,0,64,255,30
elapsed=19273 source=05F4 action=face-immediate pose=-24954,-3593,4206,49,84,0,63 target=-28399,3177,2435,0,64,255,30
elapsed=19273 source=05F4 action=advance-homing pose=-24954,-3593,4206,49,84,0,63 target=-28399,3177,2435,0,64,255,30
elapsed=19273 source=0672 action=face-immediate pose=-27512,2441,2851,36,83,0,63 target=-28399,3177,2435,0,64,255,30
elapsed=19273 source=0672 action=set-cruise-speed pose=-27512,2441,2851,34,82,0,63 target=-28399,3177,2435,0,64,255,30
elapsed=19273 source=0672 action=advance-aim pose=-27512,2441,2851,34,82,0,63 target=-28399,3177,2435,0,64,255,30
elapsed=19276 source=05F4 action=contract pose=-25030,-3361,4166,49,84,0,63 target=-28427,3177,2435,0,64,254,30
elapsed=19277 source=05F4 action=contract pose=-25088,-3251,4136,49,84,0,63 target=-28427,3177,2435,0,64,254,30
elapsed=19277 source=05F4 action=contract pose=-25146,-3142,4106,49,84,0,63 target=-28427,3177,2435,0,64,254,30
elapsed=19277 source=05F4 action=face-immediate pose=-25204,-3033,4076,49,84,0,63 target=-28427,3177,2435,0,64,254,30
elapsed=19277 source=05F4 action=advance-homing pose=-25204,-3033,4076,48,84,0,63 target=-28427,3177,2435,0,64,254,30
elapsed=19277 source=0672 action=advance-aim pose=-27660,2625,2783,34,82,0,63 target=-28427,3177,2435,0,64,254,30
elapsed=19277 source=0672 action=face-smooth pose=-27808,2809,2715,34,82,0,63 target=-28427,3177,2435,0,64,254,30
elapsed=19280 source=05F4 action=contract pose=-25284,-2805,4036,48,84,0,63 target=-28455,3177,2435,0,64,254,30
elapsed=19280 source=05F4 action=contract pose=-25343,-2696,4006,48,84,0,63 target=-28455,3177,2435,0,64,254,30
elapsed=19280 source=05F4 action=contract pose=-25402,-2587,3976,48,84,0,63 target=-28455,3177,2435,0,64,254,30
elapsed=19280 source=05F4 action=face-immediate pose=-25461,-2478,3946,48,84,0,63 target=-28455,3177,2435,0,64,254,30
elapsed=19280 source=05F4 action=advance-homing pose=-25461,-2478,3946,48,83,0,63 target=-28455,3177,2435,0,64,254,30
elapsed=19280 source=0672 action=advance-aim pose=-27808,2809,2715,33,82,0,63 target=-28455,3177,2435,0,64,254,30
elapsed=19283 source=05F4 action=contract pose=-25541,-2250,3906,48,83,0,63 target=-28483,3177,2435,0,64,253,30
elapsed=19283 source=05F4 action=contract pose=-25601,-2142,3876,48,83,0,63 target=-28483,3177,2435,0,64,253,30
elapsed=19283 source=05F4 action=contract pose=-25661,-2034,3846,48,83,0,63 target=-28483,3177,2435,0,64,253,30
elapsed=19283 source=05F4 action=face-immediate pose=-25721,-1926,3816,48,83,0,63 target=-28483,3177,2435,0,64,253,30
elapsed=19283 source=05F4 action=advance-homing pose=-25721,-1926,3816,48,83,0,63 target=-28483,3177,2435,0,64,253,30
elapsed=19284 source=0672 action=advance-aim pose=-27960,2985,2647,33,82,0,63 target=-28483,3177,2435,0,64,253,30
elapsed=19284 source=0672 action=face-smooth pose=-28112,3161,2579,33,82,0,63 target=-28483,3177,2435,0,64,253,30
elapsed=19287 source=05F4 action=contract pose=-25801,-1698,3776,48,83,0,63 target=-28511,3177,2435,0,64,253,30
elapsed=19287 source=05F4 action=contract pose=-25862,-1590,3746,48,83,0,63 target=-28511,3177,2435,0,64,253,30
elapsed=19287 source=05F4 action=contract pose=-25923,-1482,3716,48,83,0,63 target=-28511,3177,2435,0,64,253,30
elapsed=19287 source=05F4 action=face-immediate pose=-25984,-1374,3686,48,83,0,63 target=-28511,3177,2435,0,64,253,30
elapsed=19287 source=05F4 action=advance-homing pose=-25984,-1374,3686,48,83,0,63 target=-28511,3177,2435,0,64,253,30
elapsed=19287 source=0672 action=advance-aim pose=-28112,3161,2579,26,81,0,63 target=-28511,3177,2435,0,64,253,30
elapsed=19290 source=05F4 action=contract pose=-26064,-1146,3646,48,83,0,63 target=-28539,3177,2435,0,64,252,30
elapsed=19290 source=05F4 action=contract pose=-26126,-1039,3615,48,83,0,63 target=-28539,3177,2435,0,64,252,30
elapsed=19290 source=05F4 action=contract pose=-26188,-932,3584,48,83,0,63 target=-28539,3177,2435,0,64,252,30
elapsed=19290 source=05F4 action=face-immediate pose=-26250,-825,3553,48,83,0,63 target=-28539,3177,2435,0,64,252,30
elapsed=19290 source=05F4 action=advance-homing pose=-26250,-825,3553,47,83,0,63 target=-28539,3177,2435,0,64,252,30
elapsed=19290 source=0672 action=advance-aim pose=-28292,3305,2503,26,81,0,63 target=-28539,3177,2435,0,64,252,30
elapsed=19291 source=0672 action=face-smooth pose=-28472,3449,2427,26,81,0,63 target=-28539,3177,2435,0,64,252,30
elapsed=19294 source=05F4 action=contract pose=-26334,-597,3509,47,83,0,63 target=-28567,3177,2435,0,64,252,30
elapsed=19294 source=05F4 action=contract pose=-26398,-491,3478,47,83,0,63 target=-28567,3177,2435,0,64,252,30
elapsed=19294 source=05F4 action=contract pose=-26461,-385,3447,47,83,0,63 target=-28567,3177,2435,0,64,252,30
elapsed=19294 source=05F4 action=face-immediate pose=-26524,-279,3416,47,83,0,63 target=-28567,3177,2435,0,64,252,30
elapsed=19294 source=05F4 action=advance-homing pose=-26524,-279,3416,47,83,0,63 target=-28567,3177,2435,0,64,252,30
elapsed=19294 source=0672 action=advance-aim pose=-28472,3449,2427,5,76,0,63 target=-28567,3177,2435,0,64,252,30
elapsed=19297 source=05F4 action=contract pose=-26608,-51,3372,47,83,0,63 target=-28595,3177,2435,0,64,252,30
elapsed=19297 source=05F4 action=contract pose=-26673,54,3341,47,83,0,63 target=-28595,3177,2435,0,64,252,30
elapsed=19297 source=05F4 action=contract pose=-26738,159,3310,47,83,0,63 target=-28595,3177,2435,0,64,252,30
elapsed=19297 source=05F4 action=face-immediate pose=-26803,264,3279,47,83,0,63 target=-28595,3177,2435,0,64,252,30
elapsed=19297 source=05F4 action=advance-homing pose=-26803,264,3279,46,82,0,63 target=-28595,3177,2435,0,64,252,30
elapsed=19297 source=0672 action=advance-cruise pose=-28704,3477,2363,5,76,0,63 target=-28595,3177,2435,0,64,252,30
elapsed=19300 source=05F4 action=contract pose=-26895,488,3239,46,82,0,63 target=-28623,3177,2435,0,64,252,30
elapsed=19301 source=05F4 action=contract pose=-26962,591,3207,46,82,0,63 target=-28623,3177,2435,0,64,252,30
elapsed=19301 source=05F4 action=contract pose=-27029,694,3175,46,82,0,63 target=-28623,3177,2435,0,64,252,30
elapsed=19301 source=05F4 action=face-immediate pose=-27096,797,3144,46,82,0,63 target=-28623,3177,2435,0,64,252,30
elapsed=19301 source=05F4 action=advance-homing pose=-27096,797,3144,46,82,0,63 target=-28623,3177,2435,0,64,252,30
elapsed=19301 source=0672 action=advance-cruise pose=-28936,3505,2299,5,76,0,63 target=-28623,3177,2435,0,64,252,30
elapsed=19304 source=05F4 action=contract pose=-27188,1021,3104,46,82,0,63 target=-28651,3177,2435,0,64,253,30
elapsed=19304 source=05F4 action=contract pose=-27258,1122,3072,46,82,0,63 target=-28651,3177,2435,0,64,253,30
elapsed=19304 source=05F4 action=contract pose=-27328,1223,3040,46,82,0,63 target=-28651,3177,2435,0,64,253,30
elapsed=19304 source=05F4 action=face-immediate pose=-27398,1324,3008,46,82,0,63 target=-28651,3177,2435,0,64,253,30
elapsed=19304 source=05F4 action=advance-homing pose=-27398,1324,3008,45,82,0,63 target=-28651,3177,2435,0,64,253,30
elapsed=19304 source=0672 action=advance-cruise pose=-29168,3533,2235,5,76,0,63 target=-28651,3177,2435,0,64,253,30
elapsed=19307 source=05F4 action=contract pose=-27494,1544,2964,45,82,0,63 target=-28679,3177,2435,0,64,253,30
elapsed=19307 source=05F4 action=contract pose=-27567,1643,2931,45,82,0,63 target=-28679,3177,2435,0,64,253,30
elapsed=19307 source=05F4 action=contract pose=-27640,1742,2898,45,82,0,63 target=-28679,3177,2435,0,64,253,30
elapsed=19307 source=05F4 action=face-immediate pose=-27713,1841,2865,45,82,0,63 target=-28679,3177,2435,0,64,253,30
elapsed=19307 source=05F4 action=advance-homing pose=-27713,1841,2865,44,81,0,63 target=-28679,3177,2435,0,64,253,30
elapsed=19307 source=0672 action=advance-cruise pose=-29400,3561,2171,5,76,0,63 target=-28679,3177,2435,0,64,253,30
elapsed=19310 source=05F4 action=face-immediate pose=-27817,2061,2821,44,81,0,63 target=-28707,3177,2435,0,64,254,30
elapsed=19310 source=05F4 action=set-cruise-speed pose=-27817,2061,2821,42,81,0,63 target=-28707,3177,2435,0,64,254,30
elapsed=19311 source=05F4 action=advance-aim pose=-27817,2061,2821,42,81,0,63 target=-28707,3177,2435,0,64,254,30
elapsed=19311 source=05F4 action=face-smooth pose=-27929,2273,2773,42,81,0,63 target=-28707,3177,2435,0,64,254,30
elapsed=19311 source=0672 action=advance-cruise pose=-29632,3589,2107,5,76,0,63 target=-28707,3177,2435,0,64,254,30
elapsed=19314 source=05F4 action=advance-aim pose=-27929,2273,2773,41,81,0,63 target=-28735,3177,2435,0,64,254,30
elapsed=19314 source=0672 action=advance-cruise pose=-29864,3617,2043,5,76,0,63 target=-28735,3177,2435,0,64,254,30
elapsed=19317 source=05F4 action=advance-aim pose=-28045,2481,2721,41,81,0,63 target=-28763,3177,2435,0,64,255,30
elapsed=19317 source=05F4 action=face-smooth pose=-28161,2689,2669,41,81,0,63 target=-28763,3177,2435,0,64,255,30
elapsed=19317 source=0672 action=advance-cruise pose=-30096,3645,1979,5,76,0,63 target=-28763,3177,2435,0,64,255,30
elapsed=19320 source=05F4 action=advance-aim pose=-28161,2689,2669,40,80,0,63 target=-28791,3177,2435,0,64,0,30
elapsed=19320 source=0672 action=advance-cruise pose=-30328,3673,1915,5,76,0,63 target=-28791,3177,2435,0,64,0,30
elapsed=19324 source=05F4 action=advance-aim pose=-28285,2893,2621,40,80,0,63 target=-28819,3177,2435,0,64,1,30
elapsed=19324 source=05F4 action=face-smooth pose=-28409,3097,2573,40,80,0,63 target=-28819,3177,2435,0,64,1,30
elapsed=19324 source=0672 action=advance-cruise pose=-30560,3701,1851,5,76,0,63 target=-28819,3177,2435,0,64,1,30
elapsed=19327 source=05F4 action=advance-aim pose=-28409,3097,2573,33,79,0,63 target=-28847,3177,2435,0,64,2,30
elapsed=19327 source=0672 action=advance-cruise pose=-30792,3729,1787,5,76,0,63 target=-28847,3177,2435,0,64,2,30
elapsed=19330 source=05F4 action=advance-aim pose=-28565,3273,2517,33,79,0,63 target=-28875,3177,2435,0,64,2,30
elapsed=19330 source=05F4 action=face-smooth pose=-28721,3449,2461,33,79,0,63 target=-28875,3177,2435,0,64,2,30
elapsed=19330 source=0672 action=advance-cruise pose=-31024,3757,1723,5,76,0,63 target=-28875,3177,2435,0,64,2,30
elapsed=19333 source=05F4 action=advance-aim pose=-28721,3449,2461,12,77,0,63 target=-28903,3177,2435,0,64,3,30
elapsed=19333 source=0672 action=advance-cruise pose=-31256,3785,1659,5,76,0,63 target=-28903,3177,2435,0,64,3,30
elapsed=19337 source=05F4 action=advance-cruise pose=-28941,3517,2393,12,77,0,63 target=-28931,3177,2435,0,64,3,30
elapsed=19337 source=0672 action=advance-cruise pose=-31488,3813,1595,5,76,0,63 target=-28931,3177,2435,0,64,3,30
elapsed=19340 source=05F4 action=advance-cruise pose=-29161,3585,2325,12,77,0,63 target=-28959,3177,2435,0,64,4,30
elapsed=19340 source=0672 action=advance-cruise pose=-31720,3841,1531,5,76,0,63 target=-28959,3177,2435,0,64,4,30
elapsed=19343 source=05F4 action=advance-cruise pose=-29381,3653,2257,12,77,0,63 target=-28987,3177,2435,0,64,4,30
elapsed=19343 source=0672 action=advance-cruise pose=-31952,3869,1467,5,76,0,63 target=-28987,3177,2435,0,64,4,30
elapsed=19346 source=05F4 action=advance-cruise pose=-29601,3721,2189,12,77,0,63 target=-29015,3177,2435,0,64,4,30
elapsed=19349 source=05F4 action=advance-cruise pose=-29821,3789,2121,12,77,0,63 target=-29043,3177,2435,0,64,4,30
elapsed=19352 source=05F4 action=advance-cruise pose=-30041,3857,2053,12,77,0,63 target=-29071,3177,2435,0,64,3,30
elapsed=19355 source=05F4 action=advance-cruise pose=-30261,3925,1985,12,77,0,63 target=-29099,3177,2435,0,64,3,30
elapsed=19358 source=05F4 action=advance-cruise pose=-30481,3993,1917,12,77,0,63 target=-29127,3177,2435,0,64,2,30
elapsed=19361 source=05F4 action=advance-cruise pose=-30701,4061,1849,12,77,0,63 target=-29155,3177,2435,0,64,2,30
elapsed=19364 source=05F4 action=advance-cruise pose=-30921,4129,1781,12,77,0,63 target=-29183,3177,2435,0,64,1,30
elapsed=19367 source=05F4 action=advance-cruise pose=-31141,4197,1713,12,77,0,63 target=-29211,3177,2435,0,64,0,30
elapsed=19370 source=05F4 action=advance-cruise pose=-31361,4265,1645,12,77,0,63 target=-29239,3177,2435,0,64,255,30
elapsed=19373 source=05F4 action=advance-cruise pose=-31581,4333,1577,12,77,0,63 target=-29267,3177,2435,0,64,254,30
elapsed=19377 source=05F4 action=advance-cruise pose=-31801,4401,1509,12,77,0,63 target=-29295,3177,2435,0,64,254,30
elapsed=19380 source=05F4 action=advance-cruise pose=-32021,4469,1441,12,77,0,63 target=-29323,3177,2435,0,64,253,30
elapsed=19673 source=0672 action=set-cruise-speed pose=-20572,-2296,1480,27,61,0,30 target=-31899,3177,2435,0,64,252,30
elapsed=19673 source=0672 action=contract pose=-20572,-2296,1480,27,61,0,63 target=-31899,3177,2435,0,64,252,30
elapsed=19673 source=0672 action=contract pose=-20687,-2241,1489,27,61,0,63 target=-31899,3177,2435,0,64,252,30
elapsed=19673 source=0672 action=contract pose=-20803,-2186,1498,27,61,0,63 target=-31899,3177,2435,0,64,252,30
elapsed=19673 source=0672 action=face-immediate pose=-20918,-2131,1507,27,61,0,63 target=-31899,3177,2435,0,64,252,30
elapsed=19673 source=0672 action=advance-homing pose=-20918,-2131,1507,27,61,0,63 target=-31899,3177,2435,0,64,252,30
elapsed=19676 source=0672 action=contract pose=-21110,-1979,1519,27,61,0,63 target=-31927,3177,2435,0,64,252,30
elapsed=19676 source=0672 action=contract pose=-21225,-1925,1528,27,61,0,63 target=-31927,3177,2435,0,64,252,30
elapsed=19676 source=0672 action=contract pose=-21341,-1871,1537,27,61,0,63 target=-31927,3177,2435,0,64,252,30
elapsed=19676 source=0672 action=face-immediate pose=-21456,-1817,1546,27,61,0,63 target=-31927,3177,2435,0,64,252,30
elapsed=19676 source=0672 action=advance-homing pose=-21456,-1817,1546,27,61,0,63 target=-31927,3177,2435,0,64,252,30
elapsed=19679 source=0672 action=contract pose=-21648,-1665,1558,27,61,0,63 target=-31955,3177,2435,0,64,252,30
elapsed=19679 source=0672 action=contract pose=-21764,-1612,1567,27,61,0,63 target=-31955,3177,2435,0,64,252,30
elapsed=19679 source=0672 action=contract pose=-21880,-1559,1576,27,61,0,63 target=-31955,3177,2435,0,64,252,30
elapsed=19679 source=0672 action=face-immediate pose=-21996,-1505,1585,27,61,0,63 target=-31955,3177,2435,0,64,252,30
elapsed=19679 source=0672 action=advance-homing pose=-21996,-1505,1585,27,61,0,63 target=-31955,3177,2435,0,64,252,30
elapsed=19682 source=0672 action=contract pose=-22188,-1353,1597,27,61,0,63 target=-31983,3177,2435,0,64,252,30
elapsed=19682 source=0672 action=contract pose=-22304,-1300,1606,27,61,0,63 target=-31983,3177,2435,0,64,252,30
elapsed=19682 source=0672 action=contract pose=-22420,-1247,1615,27,61,0,63 target=-31983,3177,2435,0,64,252,30
elapsed=19682 source=0672 action=face-immediate pose=-22536,-1194,1624,27,61,0,63 target=-31983,3177,2435,0,64,252,30
elapsed=19682 source=0672 action=advance-homing pose=-22536,-1194,1624,26,61,0,63 target=-31983,3177,2435,0,64,252,30
elapsed=19685 source=0672 action=contract pose=-22732,-1050,1636,26,61,0,63 target=-32011,3177,2435,0,64,253,30
elapsed=19685 source=0672 action=contract pose=-22849,-998,1645,26,61,0,63 target=-32011,3177,2435,0,64,253,30
elapsed=19685 source=0672 action=contract pose=-22965,-946,1654,26,61,0,63 target=-32011,3177,2435,0,64,253,30
elapsed=19685 source=0672 action=face-immediate pose=-23081,-894,1663,26,61,0,63 target=-32011,3177,2435,0,64,253,30
elapsed=19685 source=0672 action=advance-homing pose=-23081,-894,1663,26,61,0,63 target=-32011,3177,2435,0,64,253,30
elapsed=19688 source=0672 action=contract pose=-23277,-750,1675,26,61,0,63 target=-32039,3177,2435,0,64,253,30
elapsed=19688 source=0672 action=contract pose=-23393,-699,1684,26,61,0,63 target=-32039,3177,2435,0,64,253,30
elapsed=19688 source=0672 action=contract pose=-23510,-648,1693,26,61,0,63 target=-32039,3177,2435,0,64,253,30
elapsed=19688 source=0672 action=face-immediate pose=-23627,-597,1702,26,61,0,63 target=-32039,3177,2435,0,64,253,30
elapsed=19688 source=0672 action=advance-homing pose=-23627,-597,1702,26,61,0,63 target=-32039,3177,2435,0,64,253,30
elapsed=19691 source=0672 action=contract pose=-23823,-453,1714,26,61,0,63 target=-32067,3177,2435,0,64,254,30
elapsed=19691 source=0672 action=contract pose=-23940,-403,1724,26,61,0,63 target=-32067,3177,2435,0,64,254,30
elapsed=19691 source=0672 action=contract pose=-24057,-352,1733,26,61,0,63 target=-32067,3177,2435,0,64,254,30
elapsed=19691 source=0672 action=face-immediate pose=-24174,-301,1743,26,61,0,63 target=-32067,3177,2435,0,64,254,30
elapsed=19692 source=0672 action=advance-homing pose=-24174,-301,1743,25,61,0,63 target=-32067,3177,2435,0,64,254,30
elapsed=19694 source=0672 action=contract pose=-24370,-161,1755,25,61,0,63 target=-32095,3177,2435,0,64,254,30
elapsed=19695 source=0672 action=contract pose=-24487,-111,1765,25,61,0,63 target=-32095,3177,2435,0,64,254,30
elapsed=19695 source=0672 action=contract pose=-24604,-61,1775,25,61,0,63 target=-32095,3177,2435,0,64,254,30
elapsed=19695 source=0672 action=face-immediate pose=-24721,-11,1785,25,61,0,63 target=-32095,3177,2435,0,64,254,30
elapsed=19695 source=0672 action=advance-homing pose=-24721,-11,1785,25,61,0,63 target=-32095,3177,2435,0,64,254,30
elapsed=19698 source=0672 action=contract pose=-24917,129,1797,25,61,0,63 target=-32123,3177,2435,0,64,255,30
elapsed=19698 source=0672 action=contract pose=-25034,178,1807,25,61,0,63 target=-32123,3177,2435,0,64,255,30
elapsed=19698 source=0672 action=contract pose=-25152,227,1817,25,61,0,63 target=-32123,3177,2435,0,64,255,30
elapsed=19698 source=0672 action=face-immediate pose=-25270,276,1827,25,61,0,63 target=-32123,3177,2435,0,64,255,30
elapsed=19698 source=0672 action=advance-homing pose=-25270,276,1827,25,61,0,63 target=-32123,3177,2435,0,64,255,30
elapsed=19701 source=0672 action=contract pose=-25466,416,1839,25,61,0,63 target=-32151,3177,2435,0,64,0,30
elapsed=19701 source=0672 action=contract pose=-25584,464,1849,25,61,0,63 target=-32151,3177,2435,0,64,0,30
elapsed=19701 source=0672 action=contract pose=-25702,512,1859,25,61,0,63 target=-32151,3177,2435,0,64,0,30
elapsed=19701 source=0672 action=face-immediate pose=-25820,560,1869,25,61,0,63 target=-32151,3177,2435,0,64,0,30
elapsed=19701 source=0672 action=advance-homing pose=-25820,560,1869,24,61,0,63 target=-32151,3177,2435,0,64,0,30
elapsed=19704 source=0672 action=contract pose=-26020,696,1881,24,61,0,63 target=-32179,3177,2435,0,64,1,30
elapsed=19704 source=0672 action=contract pose=-26138,743,1891,24,61,0,63 target=-32179,3177,2435,0,64,1,30
elapsed=19704 source=0672 action=contract pose=-26256,790,1901,24,61,0,63 target=-32179,3177,2435,0,64,1,30
elapsed=19704 source=0672 action=face-immediate pose=-26374,837,1911,24,61,0,63 target=-32179,3177,2435,0,64,1,30
elapsed=19704 source=0672 action=advance-homing pose=-26374,837,1911,24,61,0,63 target=-32179,3177,2435,0,64,1,30
elapsed=19707 source=0672 action=contract pose=-26574,973,1923,24,61,0,63 target=-32207,3177,2435,0,64,2,30
elapsed=19707 source=0672 action=contract pose=-26693,1019,1933,24,61,0,63 target=-32207,3177,2435,0,64,2,30
elapsed=19707 source=0672 action=contract pose=-26812,1065,1943,24,61,0,63 target=-32207,3177,2435,0,64,2,30
elapsed=19707 source=0672 action=face-immediate pose=-26931,1111,1953,24,61,0,63 target=-32207,3177,2435,0,64,2,30
elapsed=19707 source=0672 action=advance-homing pose=-26931,1111,1953,23,61,0,63 target=-32207,3177,2435,0,64,2,30
elapsed=19710 source=0672 action=contract pose=-27135,1239,1965,23,61,0,63 target=-32235,3177,2435,0,64,2,30
elapsed=19710 source=0672 action=contract pose=-27254,1283,1975,23,61,0,63 target=-32235,3177,2435,0,64,2,30
elapsed=19710 source=0672 action=contract pose=-27373,1327,1985,23,61,0,63 target=-32235,3177,2435,0,64,2,30
elapsed=19710 source=0672 action=face-immediate pose=-27492,1371,1995,23,61,0,63 target=-32235,3177,2435,0,64,2,30
elapsed=19710 source=0672 action=advance-homing pose=-27492,1371,1995,23,61,0,63 target=-32235,3177,2435,0,64,2,30
elapsed=19713 source=0672 action=contract pose=-27696,1499,2007,23,61,0,63 target=-32263,3177,2435,0,64,3,30
elapsed=19713 source=0672 action=contract pose=-27816,1542,2018,23,61,0,63 target=-32263,3177,2435,0,64,3,30
elapsed=19713 source=0672 action=contract pose=-27936,1585,2029,23,61,0,63 target=-32263,3177,2435,0,64,3,30
elapsed=19713 source=0672 action=face-immediate pose=-28055,1628,2040,23,61,0,63 target=-32263,3177,2435,0,64,3,30
elapsed=19713 source=0672 action=advance-homing pose=-28055,1628,2040,22,61,0,63 target=-32263,3177,2435,0,64,3,30
elapsed=19716 source=0672 action=contract pose=-28263,1752,2052,22,61,0,63 target=-32291,3177,2435,0,64,3,30
elapsed=19716 source=0672 action=contract pose=-28383,1794,2063,22,61,0,63 target=-32291,3177,2435,0,64,3,30
elapsed=19716 source=0672 action=contract pose=-28503,1836,2074,22,61,0,63 target=-32291,3177,2435,0,64,3,30
elapsed=19716 source=0672 action=face-immediate pose=-28623,1878,2085,22,61,0,63 target=-32291,3177,2435,0,64,3,30
elapsed=19716 source=0672 action=advance-homing pose=-28623,1878,2085,21,61,0,63 target=-32291,3177,2435,0,64,3,30
elapsed=19719 source=0672 action=contract pose=-28835,1998,2097,21,61,0,63 target=-32319,3177,2435,0,64,4,30
elapsed=19719 source=0672 action=contract pose=-28956,2038,2108,21,61,0,63 target=-32319,3177,2435,0,64,4,30
elapsed=19719 source=0672 action=contract pose=-29077,2078,2119,21,61,0,63 target=-32319,3177,2435,0,64,4,30
elapsed=19719 source=0672 action=face-immediate pose=-29198,2118,2130,21,61,0,63 target=-32319,3177,2435,0,64,4,30
elapsed=19720 source=0672 action=advance-homing pose=-29198,2118,2130,20,61,0,63 target=-32319,3177,2435,0,64,4,30
elapsed=19723 source=05F4 action=set-cruise-speed pose=-21720,-5760,2152,39,64,0,30 target=-32347,3177,2435,0,64,4,30
elapsed=19723 source=05F4 action=contract pose=-21720,-5760,2152,39,64,0,63 target=-32347,3177,2435,0,64,4,30
elapsed=19723 source=05F4 action=contract pose=-21818,-5679,2154,39,64,0,63 target=-32347,3177,2435,0,64,4,30
elapsed=19723 source=05F4 action=contract pose=-21916,-5598,2156,39,64,0,63 target=-32347,3177,2435,0,64,4,30
elapsed=19723 source=05F4 action=face-immediate pose=-22014,-5517,2158,39,64,0,63 target=-32347,3177,2435,0,64,4,30
elapsed=19723 source=05F4 action=advance-homing pose=-22014,-5517,2158,39,64,0,63 target=-32347,3177,2435,0,64,4,30
elapsed=19723 source=0672 action=contract pose=-29414,2234,2142,20,61,0,63 target=-32347,3177,2435,0,64,4,30
elapsed=19723 source=0672 action=contract pose=-29535,2272,2154,20,61,0,63 target=-32347,3177,2435,0,64,4,30
elapsed=19723 source=0672 action=contract pose=-29656,2310,2165,20,61,0,63 target=-32347,3177,2435,0,64,4,30
elapsed=19723 source=0672 action=face-immediate pose=-29777,2348,2177,20,61,0,63 target=-32347,3177,2435,0,64,4,30
elapsed=19724 source=0672 action=advance-homing pose=-29777,2348,2177,20,61,0,63 target=-32347,3177,2435,0,64,4,30
elapsed=19727 source=05F4 action=contract pose=-22154,-5317,2158,39,64,0,63 target=-32375,3177,2435,0,64,4,30
elapsed=19727 source=05F4 action=contract pose=-22253,-5236,2160,39,64,0,63 target=-32375,3177,2435,0,64,4,30
elapsed=19727 source=05F4 action=contract pose=-22351,-5155,2162,39,64,0,63 target=-32375,3177,2435,0,64,4,30
elapsed=19727 source=05F4 action=face-immediate pose=-22450,-5074,2164,39,64,0,63 target=-32375,3177,2435,0,64,4,30
elapsed=19727 source=05F4 action=advance-homing pose=-22450,-5074,2164,39,64,0,63 target=-32375,3177,2435,0,64,4,30
elapsed=19727 source=0672 action=contract pose=-29993,2464,2189,20,61,0,63 target=-32375,3177,2435,0,64,4,30
elapsed=19727 source=0672 action=contract pose=-30115,2500,2201,20,61,0,63 target=-32375,3177,2435,0,64,4,30
elapsed=19727 source=0672 action=contract pose=-30237,2536,2213,20,61,0,63 target=-32375,3177,2435,0,64,4,30
elapsed=19727 source=0672 action=face-immediate pose=-30359,2572,2225,20,61,0,63 target=-32375,3177,2435,0,64,4,30
elapsed=19727 source=0672 action=advance-homing pose=-30359,2572,2225,18,60,0,63 target=-32375,3177,2435,0,64,4,30
elapsed=19730 source=05F4 action=contract pose=-22590,-4874,2164,39,64,0,63 target=-32403,3177,2435,0,64,4,30
elapsed=19730 source=05F4 action=contract pose=-22689,-4794,2166,39,64,0,63 target=-32403,3177,2435,0,64,4,30
elapsed=19730 source=05F4 action=contract pose=-22789,-4713,2168,39,64,0,63 target=-32403,3177,2435,0,64,4,30
elapsed=19730 source=05F4 action=face-immediate pose=-22888,-4633,2170,39,64,0,63 target=-32403,3177,2435,0,64,4,30
elapsed=19730 source=05F4 action=advance-homing pose=-22888,-4633,2170,39,63,0,63 target=-32403,3177,2435,0,64,4,30
elapsed=19730 source=0672 action=contract pose=-30579,2676,2241,18,60,0,63 target=-32403,3177,2435,0,64,4,30
elapsed=19730 source=0672 action=contract pose=-30701,2709,2253,18,60,0,63 target=-32403,3177,2435,0,64,4,30
elapsed=19730 source=0672 action=contract pose=-30823,2742,2266,18,60,0,63 target=-32403,3177,2435,0,64,4,30
elapsed=19730 source=0672 action=face-immediate pose=-30945,2775,2279,18,60,0,63 target=-32403,3177,2435,0,64,4,30
elapsed=19731 source=0672 action=advance-homing pose=-30945,2775,2279,17,60,0,63 target=-32403,3177,2435,0,64,4,30
elapsed=19733 source=05F4 action=contract pose=-23028,-4433,2170,39,63,0,63 target=-32431,3177,2435,0,64,3,30
elapsed=19734 source=05F4 action=contract pose=-23128,-4353,2172,39,63,0,63 target=-32431,3177,2435,0,64,3,30
elapsed=19734 source=05F4 action=contract pose=-23228,-4273,2174,39,63,0,63 target=-32431,3177,2435,0,64,3,30
elapsed=19734 source=05F4 action=face-immediate pose=-23328,-4194,2176,39,63,0,63 target=-32431,3177,2435,0,64,3,30
elapsed=19734 source=05F4 action=advance-homing pose=-23328,-4194,2176,38,63,0,63 target=-32431,3177,2435,0,64,3,30
elapsed=19734 source=0672 action=contract pose=-31169,2875,2295,17,60,0,63 target=-32431,3177,2435,0,64,3,30
elapsed=19734 source=0672 action=contract pose=-31292,2904,2308,17,60,0,63 target=-32431,3177,2435,0,64,3,30
elapsed=19734 source=0672 action=contract pose=-31415,2933,2321,17,60,0,63 target=-32431,3177,2435,0,64,3,30
elapsed=19734 source=0672 action=face-immediate pose=-31538,2962,2334,17,60,0,63 target=-32431,3177,2435,0,64,3,30
elapsed=19734 source=0672 action=advance-homing pose=-31538,2962,2334,15,60,0,63 target=-32431,3177,2435,0,64,3,30
elapsed=19737 source=05F4 action=contract pose=-23472,-3994,2176,38,63,0,63 target=-32459,3177,2435,0,64,3,30
elapsed=19737 source=05F4 action=contract pose=-23572,-3915,2178,38,63,0,63 target=-32459,3177,2435,0,64,3,30
elapsed=19737 source=05F4 action=contract pose=-23672,-3836,2180,38,63,0,63 target=-32459,3177,2435,0,64,3,30
elapsed=19737 source=05F4 action=face-immediate pose=-23773,-3757,2182,38,63,0,63 target=-32459,3177,2435,0,64,3,30
elapsed=19737 source=05F4 action=advance-homing pose=-23773,-3757,2182,38,63,0,63 target=-32459,3177,2435,0,64,3,30
elapsed=19737 source=0672 action=face-immediate pose=-31766,3050,2350,15,60,0,63 target=-32459,3177,2435,0,64,3,30
elapsed=19737 source=0672 action=set-cruise-speed pose=-31766,3050,2350,11,60,0,63 target=-32459,3177,2435,0,64,3,30
elapsed=19737 source=0672 action=advance-aim pose=-31766,3050,2350,11,60,0,63 target=-32459,3177,2435,0,64,3,30
elapsed=19737 source=0672 action=face-smooth pose=-32002,3114,2366,11,60,0,63 target=-32459,3177,2435,0,64,3,30
elapsed=19741 source=05F4 action=contract pose=-23917,-3557,2182,38,63,0,63 target=-32487,3177,2435,0,64,2,30
elapsed=19741 source=05F4 action=contract pose=-24018,-3479,2184,38,63,0,63 target=-32487,3177,2435,0,64,2,30
elapsed=19741 source=05F4 action=contract pose=-24119,-3401,2186,38,63,0,63 target=-32487,3177,2435,0,64,2,30
elapsed=19741 source=05F4 action=face-immediate pose=-24220,-3323,2188,38,63,0,63 target=-32487,3177,2435,0,64,2,30
elapsed=19741 source=05F4 action=advance-homing pose=-24220,-3323,2188,38,63,0,63 target=-32487,3177,2435,0,64,2,30
elapsed=19741 source=0672 action=advance-aim pose=-32002,3114,2366,10,59,0,63 target=-32487,3177,2435,0,64,2,30
elapsed=19744 source=05F4 action=contract pose=-24364,-3123,2188,38,63,0,63 target=-32515,3177,2435,0,64,2,30
elapsed=19744 source=05F4 action=contract pose=-24466,-3046,2190,38,63,0,63 target=-32515,3177,2435,0,64,2,30
elapsed=19744 source=05F4 action=contract pose=-24568,-2969,2193,38,63,0,63 target=-32515,3177,2435,0,64,2,30
elapsed=19744 source=05F4 action=face-immediate pose=-24669,-2892,2195,38,63,0,63 target=-32515,3177,2435,0,64,2,30
elapsed=19744 source=05F4 action=advance-homing pose=-24669,-2892,2195,38,63,0,63 target=-32515,3177,2435,0,64,2,30
elapsed=19744 source=0672 action=advance-aim pose=-32238,3170,2390,10,59,0,63 target=-32515,3177,2435,0,64,2,30
elapsed=19744 source=0672 action=face-smooth pose=-32474,3226,2414,10,59,0,63 target=-32515,3177,2435,0,64,2,30
elapsed=19747 source=05F4 action=contract pose=-24813,-2692,2195,38,63,0,63 target=-32543,3177,2435,0,64,1,30
elapsed=19747 source=05F4 action=contract pose=-24915,-2616,2197,38,63,0,63 target=-32543,3177,2435,0,64,1,30
elapsed=19747 source=05F4 action=contract pose=-25017,-2540,2200,38,63,0,63 target=-32543,3177,2435,0,64,1,30
elapsed=19747 source=05F4 action=face-immediate pose=-25119,-2464,2203,38,63,0,63 target=-32543,3177,2435,0,64,1,30
elapsed=19747 source=05F4 action=advance-homing pose=-25119,-2464,2203,37,63,0,63 target=-32543,3177,2435,0,64,1,30
elapsed=19747 source=0672 action=advance-cruise pose=-32474,3226,2414,253,56,0,63 target=23649,3177,2435,0,64,1,30
elapsed=19751 source=05F4 action=contract pose=-25267,-2268,2203,37,63,0,63 target=-32571,3177,2435,0,64,0,30
elapsed=19751 source=05F4 action=contract pose=-25370,-2192,2206,37,63,0,63 target=-32571,3177,2435,0,64,0,30
elapsed=19751 source=05F4 action=contract pose=-25473,-2116,2209,37,63,0,63 target=-32571,3177,2435,0,64,0,30
elapsed=19751 source=05F4 action=face-immediate pose=-25576,-2041,2212,37,63,0,63 target=-32571,3177,2435,0,64,0,30
elapsed=19751 source=05F4 action=advance-homing pose=-25576,-2041,2212,37,63,0,63 target=-32571,3177,2435,0,64,0,30
elapsed=19754 source=05F4 action=contract pose=-25724,-1845,2212,37,63,0,63 target=-32599,3177,2435,0,64,255,30
elapsed=19754 source=05F4 action=contract pose=-25827,-1770,2215,37,63,0,63 target=-32599,3177,2435,0,64,255,30
elapsed=19754 source=05F4 action=contract pose=-25930,-1696,2218,37,63,0,63 target=-32599,3177,2435,0,64,255,30
elapsed=19754 source=05F4 action=face-immediate pose=-26034,-1622,2221,37,63,0,63 target=-32599,3177,2435,0,64,255,30
elapsed=19754 source=05F4 action=advance-homing pose=-26034,-1622,2221,36,63,0,63 target=-32599,3177,2435,0,64,255,30
elapsed=19757 source=05F4 action=contract pose=-26186,-1430,2221,36,63,0,63 target=-32627,3177,2435,0,64,254,30
elapsed=19757 source=05F4 action=contract pose=-26290,-1357,2224,36,63,0,63 target=-32627,3177,2435,0,64,254,30
elapsed=19757 source=05F4 action=contract pose=-26394,-1284,2227,36,63,0,63 target=-32627,3177,2435,0,64,254,30
elapsed=19757 source=05F4 action=face-immediate pose=-26498,-1210,2230,36,63,0,63 target=-32627,3177,2435,0,64,254,30
elapsed=19757 source=05F4 action=advance-homing pose=-26498,-1210,2230,36,63,0,63 target=-32627,3177,2435,0,64,254,30
elapsed=19760 source=05F4 action=contract pose=-26650,-1018,2230,36,63,0,63 target=-32655,3177,2435,0,64,254,30
elapsed=19760 source=05F4 action=contract pose=-26755,-946,2233,36,63,0,63 target=-32655,3177,2435,0,64,254,30
elapsed=19760 source=05F4 action=contract pose=-26860,-874,2236,36,63,0,63 target=-32655,3177,2435,0,64,254,30
elapsed=19760 source=05F4 action=face-immediate pose=-26965,-802,2239,36,63,0,63 target=-32655,3177,2435,0,64,254,30
elapsed=19760 source=05F4 action=advance-homing pose=-26965,-802,2239,36,63,0,63 target=-32655,3177,2435,0,64,254,30
elapsed=19763 source=05F4 action=contract pose=-27117,-610,2239,36,63,0,63 target=-32683,3177,2435,0,64,253,30
elapsed=19763 source=05F4 action=contract pose=-27223,-539,2242,36,63,0,63 target=-32683,3177,2435,0,64,253,30
elapsed=19763 source=05F4 action=contract pose=-27329,-468,2245,36,63,0,63 target=-32683,3177,2435,0,64,253,30
elapsed=19763 source=05F4 action=face-immediate pose=-27435,-397,2248,36,63,0,63 target=-32683,3177,2435,0,64,253,30
elapsed=19763 source=05F4 action=advance-homing pose=-27435,-397,2248,35,63,0,63 target=-32683,3177,2435,0,64,253,30
elapsed=19766 source=05F4 action=contract pose=-27591,-209,2248,35,63,0,63 target=-32711,3177,2435,0,64,253,30
elapsed=19766 source=05F4 action=contract pose=-27698,-139,2251,35,63,0,63 target=-32711,3177,2435,0,64,253,30
elapsed=19766 source=05F4 action=contract pose=-27805,-69,2254,35,63,0,63 target=-32711,3177,2435,0,64,253,30
elapsed=19766 source=05F4 action=face-immediate pose=-27912,1,2257,35,63,0,63 target=-32711,3177,2435,0,64,253,30
elapsed=19766 source=05F4 action=advance-homing pose=-27912,1,2257,34,63,0,63 target=-32711,3177,2435,0,64,253,30
elapsed=19769 source=05F4 action=contract pose=-28076,185,2257,34,63,0,63 target=-32739,3177,2435,0,64,252,30
elapsed=19769 source=05F4 action=contract pose=-28184,253,2260,34,63,0,63 target=-32739,3177,2435,0,64,252,30
elapsed=19769 source=05F4 action=contract pose=-28292,321,2264,34,63,0,63 target=-32739,3177,2435,0,64,252,30
elapsed=19769 source=05F4 action=face-immediate pose=-28400,389,2268,34,63,0,63 target=-32739,3177,2435,0,64,252,30
elapsed=19769 source=05F4 action=advance-homing pose=-28400,389,2268,34,63,0,63 target=-32739,3177,2435,0,64,252,30
elapsed=19772 source=05F4 action=contract pose=-28564,573,2268,34,63,0,63 target=-32767,3177,2435,0,64,252,30
elapsed=19772 source=05F4 action=contract pose=-28673,639,2272,34,63,0,63 target=-32767,3177,2435,0,64,252,30
elapsed=19772 source=05F4 action=contract pose=-28782,705,2276,34,63,0,63 target=-32767,3177,2435,0,64,252,30
elapsed=19773 source=05F4 action=face-immediate pose=-28891,772,2280,34,63,0,63 target=-32767,3177,2435,0,64,252,30
elapsed=19773 source=05F4 action=advance-homing pose=-28891,772,2280,33,63,0,63 target=-32767,3177,2435,0,64,252,30
elapsed=19776 source=043B action=set-cruise-speed pose=-22916,-9280,2280,46,64,0,30 target=32741,3177,2435,0,64,252,30
elapsed=19776 source=043B action=contract pose=-22916,-9280,2280,46,64,0,63 target=32741,3177,2435,0,64,252,30
elapsed=19776 source=043B action=contract pose=-22996,-9181,2280,46,64,0,63 target=32741,3177,2435,0,64,252,30
elapsed=19776 source=043B action=contract pose=-23076,-9081,2280,46,64,0,63 target=32741,3177,2435,0,64,252,30
elapsed=19776 source=043B action=face-immediate pose=-23156,-8982,2281,46,64,0,63 target=32741,3177,2435,0,64,252,30
elapsed=19776 source=043B action=advance-homing pose=-23156,-8982,2281,46,64,0,63 target=32741,3177,2435,0,64,252,30
elapsed=19777 source=05F4 action=contract pose=-29059,948,2280,33,63,0,63 target=32741,3177,2435,0,64,252,30
elapsed=19777 source=05F4 action=contract pose=-29169,1013,2284,33,63,0,63 target=32741,3177,2435,0,64,252,30
elapsed=19777 source=05F4 action=contract pose=-29279,1078,2288,33,63,0,63 target=32741,3177,2435,0,64,252,30
elapsed=19777 source=05F4 action=face-immediate pose=-29389,1143,2292,33,63,0,63 target=32741,3177,2435,0,64,252,30
elapsed=19777 source=05F4 action=advance-homing pose=-29389,1143,2292,32,63,0,63 target=32741,3177,2435,0,64,252,30
elapsed=19780 source=043B action=contract pose=-23260,-8758,2281,46,64,0,63 target=32713,3177,2435,0,64,252,30
elapsed=19780 source=043B action=contract pose=-23340,-8659,2282,46,64,0,63 target=32713,3177,2435,0,64,252,30
elapsed=19780 source=043B action=contract pose=-23420,-8560,2283,46,64,0,63 target=32713,3177,2435,0,64,252,30
elapsed=19780 source=043B action=face-immediate pose=-23501,-8461,2283,46,64,0,63 target=32713,3177,2435,0,64,252,30
elapsed=19780 source=043B action=advance-homing pose=-23501,-8461,2283,46,64,0,63 target=32713,3177,2435,0,64,252,30
elapsed=19780 source=05F4 action=contract pose=-29561,1315,2292,32,63,0,63 target=32713,3177,2435,0,64,252,30
elapsed=19780 source=05F4 action=contract pose=-29672,1377,2296,32,63,0,63 target=32713,3177,2435,0,64,252,30
elapsed=19780 source=05F4 action=contract pose=-29783,1439,2300,32,63,0,63 target=32713,3177,2435,0,64,252,30
elapsed=19780 source=05F4 action=face-immediate pose=-29894,1502,2304,32,63,0,63 target=32713,3177,2435,0,64,252,30
elapsed=19780 source=05F4 action=advance-homing pose=-29894,1502,2304,31,63,0,63 target=32713,3177,2435,0,64,252,30
elapsed=19783 source=043B action=contract pose=-23605,-8237,2283,46,64,0,63 target=32685,3177,2435,0,64,253,30
elapsed=19783 source=043B action=contract pose=-23686,-8139,2283,46,64,0,63 target=32685,3177,2435,0,64,253,30
elapsed=19783 source=043B action=contract pose=-23767,-8040,2283,46,64,0,63 target=32685,3177,2435,0,64,253,30
elapsed=19783 source=043B action=face-immediate pose=-23848,-7941,2283,46,64,0,63 target=32685,3177,2435,0,64,253,30
elapsed=19783 source=043B action=advance-homing pose=-23848,-7941,2283,46,64,0,63 target=32685,3177,2435,0,64,253,30
elapsed=19784 source=05F4 action=contract pose=-30070,1670,2304,31,63,0,63 target=32685,3177,2435,0,64,253,30
elapsed=19784 source=05F4 action=contract pose=-30182,1730,2309,31,63,0,63 target=32685,3177,2435,0,64,253,30
elapsed=19784 source=05F4 action=contract pose=-30294,1790,2314,31,63,0,63 target=32685,3177,2435,0,64,253,30
elapsed=19784 source=05F4 action=face-immediate pose=-30406,1850,2319,31,63,0,63 target=32685,3177,2435,0,64,253,30
elapsed=19784 source=05F4 action=advance-homing pose=-30406,1850,2319,30,63,0,63 target=32685,3177,2435,0,64,253,30
elapsed=19787 source=043B action=contract pose=-23952,-7717,2283,46,64,0,63 target=32657,3177,2435,0,64,253,30
elapsed=19787 source=043B action=contract pose=-24034,-7619,2284,46,64,0,63 target=32657,3177,2435,0,64,253,30
elapsed=19787 source=043B action=contract pose=-24115,-7521,2285,46,64,0,63 target=32657,3177,2435,0,64,253,30
elapsed=19787 source=043B action=face-immediate pose=-24196,-7423,2286,46,64,0,63 target=32657,3177,2435,0,64,253,30
elapsed=19787 source=043B action=advance-homing pose=-24196,-7423,2286,46,64,0,63 target=32657,3177,2435,0,64,253,30
elapsed=19787 source=05F4 action=contract pose=-30586,2014,2319,30,63,0,63 target=32657,3177,2435,0,64,253,30
elapsed=19787 source=05F4 action=contract pose=-30700,2071,2324,30,63,0,63 target=32657,3177,2435,0,64,253,30
elapsed=19787 source=05F4 action=contract pose=-30814,2128,2329,30,63,0,63 target=32657,3177,2435,0,64,253,30
elapsed=19787 source=05F4 action=face-immediate pose=-30928,2185,2334,30,63,0,63 target=32657,3177,2435,0,64,253,30
elapsed=19787 source=05F4 action=advance-homing pose=-30928,2185,2334,29,62,0,63 target=32657,3177,2435,0,64,253,30
elapsed=19790 source=043B action=contract pose=-24300,-7199,2286,46,64,0,63 target=32629,3177,2435,0,64,254,30
elapsed=19790 source=043B action=contract pose=-24382,-7101,2287,46,64,0,63 target=32629,3177,2435,0,64,254,30
elapsed=19790 source=043B action=contract pose=-24464,-7003,2288,46,64,0,63 target=32629,3177,2435,0,64,254,30
elapsed=19790 source=043B action=face-immediate pose=-24546,-6906,2289,46,64,0,63 target=32629,3177,2435,0,64,254,30
elapsed=19790 source=043B action=advance-homing pose=-24546,-6906,2289,46,64,0,63 target=32629,3177,2435,0,64,254,30
elapsed=19791 source=05F4 action=contract pose=-31112,2345,2338,29,62,0,63 target=32629,3177,2435,0,64,254,30
elapsed=19791 source=05F4 action=contract pose=-31228,2398,2344,29,62,0,63 target=32629,3177,2435,0,64,254,30
elapsed=19791 source=05F4 action=contract pose=-31344,2451,2350,29,62,0,63 target=32629,3177,2435,0,64,254,30
elapsed=19791 source=05F4 action=face-immediate pose=-31460,2504,2356,29,62,0,63 target=32629,3177,2435,0,64,254,30
elapsed=19791 source=05F4 action=advance-homing pose=-31460,2504,2356,27,62,0,63 target=32629,3177,2435,0,64,254,30
elapsed=19794 source=043B action=contract pose=-24650,-6682,2289,46,64,0,63 target=32601,3177,2435,0,64,254,30
elapsed=19794 source=043B action=contract pose=-24733,-6585,2290,46,64,0,63 target=32601,3177,2435,0,64,254,30
elapsed=19794 source=043B action=contract pose=-24816,-6488,2291,46,64,0,63 target=32601,3177,2435,0,64,254,30
elapsed=19794 source=043B action=face-immediate pose=-24899,-6391,2292,46,64,0,63 target=32601,3177,2435,0,64,254,30
elapsed=19794 source=043B action=advance-homing pose=-24899,-6391,2292,45,64,0,63 target=32601,3177,2435,0,64,254,30
elapsed=19794 source=05F4 action=contract pose=-31652,2656,2360,27,62,0,63 target=32601,3177,2435,0,64,254,30
elapsed=19794 source=05F4 action=contract pose=-31770,2703,2366,27,62,0,63 target=32601,3177,2435,0,64,254,30
elapsed=19794 source=05F4 action=contract pose=-31888,2750,2372,27,62,0,63 target=32601,3177,2435,0,64,254,30
elapsed=19794 source=05F4 action=face-immediate pose=-32006,2797,2379,27,62,0,63 target=32601,3177,2435,0,64,254,30
elapsed=19794 source=05F4 action=advance-homing pose=-32006,2797,2379,24,62,0,63 target=32601,3177,2435,0,64,254,30
elapsed=19797 source=043B action=contract pose=-25007,-6171,2292,45,64,0,63 target=32573,3177,2435,0,64,255,30
elapsed=19797 source=043B action=contract pose=-25090,-6075,2293,45,64,0,63 target=32573,3177,2435,0,64,255,30
elapsed=19797 source=043B action=contract pose=-25173,-5978,2294,45,64,0,63 target=32573,3177,2435,0,64,255,30
elapsed=19797 source=043B action=face-immediate pose=-25256,-5881,2295,45,64,0,63 target=32573,3177,2435,0,64,255,30
elapsed=19797 source=043B action=advance-homing pose=-25256,-5881,2295,45,64,0,63 target=32573,3177,2435,0,64,255,30
elapsed=19798 source=05F4 action=face-immediate pose=-32206,2933,2383,24,62,0,63 target=32573,3177,2435,0,64,255,30
elapsed=19798 source=05F4 action=set-cruise-speed pose=-32206,2933,2383,20,62,0,63 target=32573,3177,2435,0,64,255,30
elapsed=19798 source=05F4 action=advance-aim pose=-32206,2933,2383,20,62,0,63 target=32573,3177,2435,0,64,255,30
elapsed=19798 source=05F4 action=face-smooth pose=-32422,3049,2387,20,62,0,63 target=32573,3177,2435,0,64,255,30
elapsed=19801 source=043B action=contract pose=-25364,-5661,2295,45,64,0,63 target=32545,3177,2435,0,64,0,30
elapsed=19801 source=043B action=contract pose=-25448,-5565,2296,45,64,0,63 target=32545,3177,2435,0,64,0,30
elapsed=19801 source=043B action=contract pose=-25532,-5469,2297,45,64,0,63 target=32545,3177,2435,0,64,0,30
elapsed=19801 source=043B action=face-immediate pose=-25616,-5373,2298,45,64,0,63 target=32545,3177,2435,0,64,0,30
elapsed=19801 source=043B action=advance-homing pose=-25616,-5373,2298,45,64,0,63 target=32545,3177,2435,0,64,0,30
elapsed=19801 source=05F4 action=advance-aim pose=-32422,3049,2387,19,61,0,63 target=32545,3177,2435,0,64,0,30
elapsed=19804 source=043B action=contract pose=-25724,-5153,2298,45,64,0,63 target=32517,3177,2435,0,64,1,30
elapsed=19804 source=043B action=contract pose=-25809,-5058,2299,45,64,0,63 target=32517,3177,2435,0,64,1,30
elapsed=19804 source=043B action=contract pose=-25894,-4963,2300,45,64,0,63 target=32517,3177,2435,0,64,1,30
elapsed=19804 source=043B action=face-immediate pose=-25978,-4868,2301,45,64,0,63 target=32517,3177,2435,0,64,1,30
elapsed=19804 source=043B action=advance-homing pose=-25978,-4868,2301,45,64,0,63 target=32517,3177,2435,0,64,1,30
elapsed=19805 source=05F4 action=advance-aim pose=-32638,3161,2399,19,61,0,63 target=32517,3177,2435,0,64,1,30
elapsed=19805 source=05F4 action=face-smooth pose=32682,3273,2411,19,61,0,63 target=32517,3177,2435,0,64,1,30
elapsed=19808 source=043B action=contract pose=-26086,-4648,2301,45,64,0,63 target=32489,3177,2435,0,64,2,30
elapsed=19808 source=043B action=contract pose=-26171,-4553,2302,45,64,0,63 target=32489,3177,2435,0,64,2,30
elapsed=19808 source=043B action=contract pose=-26256,-4458,2303,45,64,0,63 target=32489,3177,2435,0,64,2,30
elapsed=19808 source=043B action=face-immediate pose=-26341,-4364,2304,45,64,0,63 target=32489,3177,2435,0,64,2,30
elapsed=19808 source=043B action=advance-homing pose=-26341,-4364,2304,45,64,0,63 target=32489,3177,2435,0,64,2,30
elapsed=19808 source=05F4 action=advance-aim pose=32682,3273,2411,7,60,0,63 target=32489,3177,2435,0,64,2,30
elapsed=19811 source=043B action=contract pose=-26449,-4144,2304,45,64,0,63 target=32461,3177,2435,0,64,2,30
elapsed=19811 source=043B action=contract pose=-26535,-4050,2305,45,64,0,63 target=32461,3177,2435,0,64,2,30
elapsed=19811 source=043B action=contract pose=-26621,-3956,2306,45,64,0,63 target=32461,3177,2435,0,64,2,30
elapsed=19811 source=043B action=face-immediate pose=-26707,-3862,2307,45,64,0,63 target=32461,3177,2435,0,64,2,30
elapsed=19811 source=043B action=advance-homing pose=-26707,-3862,2307,44,64,0,63 target=32461,3177,2435,0,64,2,30
elapsed=19811 source=05F4 action=advance-cruise pose=32442,3313,2427,7,60,0,63 target=32461,3177,2435,0,64,2,30
elapsed=19814 source=043B action=contract pose=-26819,-3642,2307,44,64,0,63 target=32433,3177,2435,0,64,3,30
elapsed=19814 source=043B action=contract pose=-26906,-3549,2308,44,64,0,63 target=32433,3177,2435,0,64,3,30
elapsed=19815 source=043B action=contract pose=-26993,-3456,2309,44,64,0,63 target=32433,3177,2435,0,64,3,30
elapsed=19815 source=043B action=face-immediate pose=-27080,-3363,2310,44,64,0,63 target=32433,3177,2435,0,64,3,30
elapsed=19815 source=043B action=advance-homing pose=-27080,-3363,2310,44,64,0,63 target=32433,3177,2435,0,64,3,30
elapsed=19815 source=05F4 action=advance-cruise pose=32202,3353,2443,7,60,0,63 target=32433,3177,2435,0,64,3,30
elapsed=19818 source=043B action=contract pose=-27192,-3143,2310,44,64,0,63 target=32405,3177,2435,0,64,3,30
elapsed=19818 source=043B action=contract pose=-27280,-3051,2311,44,64,0,63 target=32405,3177,2435,0,64,3,30
elapsed=19818 source=043B action=contract pose=-27368,-2959,2312,44,64,0,63 target=32405,3177,2435,0,64,3,30
elapsed=19818 source=043B action=face-immediate pose=-27456,-2867,2313,44,64,0,63 target=32405,3177,2435,0,64,3,30
elapsed=19818 source=043B action=advance-homing pose=-27456,-2867,2313,44,64,0,63 target=32405,3177,2435,0,64,3,30
elapsed=19818 source=05F4 action=advance-cruise pose=31962,3393,2459,7,60,0,63 target=32405,3177,2435,0,64,3,30
elapsed=19821 source=043B action=contract pose=-27568,-2647,2313,44,64,0,63 target=32377,3177,2435,0,64,4,30
elapsed=19821 source=043B action=contract pose=-27657,-2556,2314,44,64,0,63 target=32377,3177,2435,0,64,4,30
elapsed=19821 source=043B action=contract pose=-27746,-2465,2315,44,64,0,63 target=32377,3177,2435,0,64,4,30
elapsed=19821 source=043B action=face-immediate pose=-27835,-2374,2316,44,64,0,63 target=32377,3177,2435,0,64,4,30
elapsed=19821 source=043B action=advance-homing pose=-27835,-2374,2316,43,64,0,63 target=32377,3177,2435,0,64,4,30
elapsed=19821 source=05F4 action=advance-cruise pose=31722,3433,2475,7,60,0,63 target=32377,3177,2435,0,64,4,30
elapsed=19824 source=043B action=contract pose=-27955,-2158,2316,43,64,0,63 target=32349,3177,2435,0,64,4,30
elapsed=19824 source=043B action=contract pose=-28045,-2068,2317,43,64,0,63 target=32349,3177,2435,0,64,4,30
elapsed=19824 source=043B action=contract pose=-28135,-1978,2318,43,64,0,63 target=32349,3177,2435,0,64,4,30
elapsed=19824 source=043B action=face-immediate pose=-28225,-1888,2319,43,64,0,63 target=32349,3177,2435,0,64,4,30
elapsed=19824 source=043B action=advance-homing pose=-28225,-1888,2319,43,64,0,63 target=32349,3177,2435,0,64,4,30
elapsed=19825 source=05F4 action=advance-cruise pose=31482,3473,2491,7,60,0,63 target=32349,3177,2435,0,64,4,30
elapsed=19828 source=043B action=contract pose=-28345,-1672,2319,43,64,0,63 target=32321,3177,2435,0,64,4,30
elapsed=19828 source=043B action=contract pose=-28436,-1583,2320,43,64,0,63 target=32321,3177,2435,0,64,4,30
elapsed=19828 source=043B action=contract pose=-28527,-1494,2322,43,64,0,63 target=32321,3177,2435,0,64,4,30
elapsed=19828 source=043B action=face-immediate pose=-28618,-1405,2324,43,64,0,63 target=32321,3177,2435,0,64,4,30
elapsed=19828 source=043B action=advance-homing pose=-28618,-1405,2324,42,64,0,63 target=32321,3177,2435,0,64,4,30
elapsed=19828 source=05F4 action=advance-cruise pose=31242,3513,2507,7,60,0,63 target=32321,3177,2435,0,64,4,30
elapsed=19831 source=072F action=set-cruise-speed pose=-24920,-12172,1928,51,62,0,30 target=32293,3177,2435,0,64,4,30
elapsed=19831 source=072F action=contract pose=-24920,-12172,1928,51,62,0,63 target=32293,3177,2435,0,64,4,30
elapsed=19831 source=072F action=contract pose=24942,16733,2883,51,62,0,63 target=32293,3177,2435,0,64,4,30
elapsed=19831 source=072F action=contract pose=25002,16620,2879,51,62,0,63 target=32293,3177,2435,0,64,4,30
elapsed=19832 source=072F action=face-immediate pose=25062,16507,2874,51,62,0,63 target=32293,3177,2435,0,64,4,30
elapsed=19832 source=072F action=advance-homing pose=25062,16507,2874,204,190,0,63 target=32293,3177,2435,0,64,4,30
elapsed=19832 source=043B action=contract pose=-28742,-1193,2324,42,64,0,63 target=32293,3177,2435,0,64,4,30
elapsed=19832 source=043B action=contract pose=-28834,-1105,2326,42,64,0,63 target=32293,3177,2435,0,64,4,30
elapsed=19832 source=043B action=contract pose=-28926,-1017,2328,42,64,0,63 target=32293,3177,2435,0,64,4,30
elapsed=19832 source=043B action=face-immediate pose=-29018,-929,2330,42,64,0,63 target=32293,3177,2435,0,64,4,30
elapsed=19832 source=043B action=advance-homing pose=-29018,-929,2330,42,64,0,63 target=32293,3177,2435,0,64,4,30
elapsed=19832 source=05F4 action=advance-cruise pose=31002,3553,2523,7,60,0,63 target=32293,3177,2435,0,64,4,30
elapsed=19835 source=072F action=contract pose=25130,16271,2874,204,190,0,63 target=32265,3177,2435,0,64,3,30
elapsed=19835 source=072F action=contract pose=25190,16158,2870,204,190,0,63 target=32265,3177,2435,0,64,3,30
elapsed=19835 source=072F action=contract pose=25250,16045,2865,204,190,0,63 target=32265,3177,2435,0,64,3,30
elapsed=19835 source=072F action=face-immediate pose=25311,15932,2860,204,190,0,63 target=32265,3177,2435,0,64,3,30
elapsed=19835 source=072F action=advance-homing pose=25311,15932,2860,204,190,0,63 target=32265,3177,2435,0,64,3,30
elapsed=19835 source=043B action=contract pose=-29142,-717,2330,42,64,0,63 target=32265,3177,2435,0,64,3,30
elapsed=19835 source=043B action=contract pose=-29235,-630,2332,42,64,0,63 target=32265,3177,2435,0,64,3,30
elapsed=19835 source=043B action=contract pose=-29328,-543,2334,42,64,0,63 target=32265,3177,2435,0,64,3,30
elapsed=19835 source=043B action=face-immediate pose=-29421,-456,2336,42,64,0,63 target=32265,3177,2435,0,64,3,30
elapsed=19836 source=043B action=advance-homing pose=-29421,-456,2336,41,64,0,63 target=32265,3177,2435,0,64,3,30
elapsed=19836 source=05F4 action=advance-cruise pose=30762,3593,2539,7,60,0,63 target=32265,3177,2435,0,64,3,30
elapsed=19839 source=072F action=contract pose=25379,15696,2860,204,190,0,63 target=32237,3177,2435,0,64,3,30
elapsed=19839 source=072F action=contract pose=25439,15583,2856,204,190,0,63 target=32237,3177,2435,0,64,3,30
elapsed=19839 source=072F action=contract pose=25500,15470,2851,204,190,0,63 target=32237,3177,2435,0,64,3,30
elapsed=19839 source=072F action=face-immediate pose=25561,15357,2846,204,190,0,63 target=32237,3177,2435,0,64,3,30
elapsed=19839 source=072F action=advance-homing pose=25561,15357,2846,204,190,0,63 target=32237,3177,2435,0,64,3,30
elapsed=19839 source=043B action=contract pose=-29549,-248,2336,41,64,0,63 target=32237,3177,2435,0,64,3,30
elapsed=19839 source=043B action=contract pose=-29644,-163,2338,41,64,0,63 target=32237,3177,2435,0,64,3,30
elapsed=19839 source=043B action=contract pose=-29738,-78,2340,41,64,0,63 target=32237,3177,2435,0,64,3,30
elapsed=19839 source=043B action=face-immediate pose=-29832,7,2342,41,64,0,63 target=32237,3177,2435,0,64,3,30
elapsed=19839 source=043B action=advance-homing pose=-29832,7,2342,41,64,0,63 target=32237,3177,2435,0,64,3,30
elapsed=19839 source=05F4 action=advance-cruise pose=30522,3633,2555,7,60,0,63 target=32237,3177,2435,0,64,3,30
elapsed=19842 source=072F action=contract pose=25629,15121,2846,204,190,0,63 target=32209,3177,2435,0,64,2,30
elapsed=19842 source=072F action=contract pose=25690,15008,2842,204,190,0,63 target=32209,3177,2435,0,64,2,30
elapsed=19842 source=072F action=contract pose=25751,14895,2837,204,190,0,63 target=32209,3177,2435,0,64,2,30
elapsed=19842 source=072F action=face-immediate pose=25812,14783,2833,204,190,0,63 target=32209,3177,2435,0,64,2,30
elapsed=19842 source=072F action=advance-homing pose=25812,14783,2833,204,190,0,63 target=32209,3177,2435,0,64,2,30
elapsed=19843 source=043B action=contract pose=-29960,215,2342,41,64,0,63 target=32209,3177,2435,0,64,2,30
elapsed=19843 source=043B action=contract pose=-30056,298,2344,41,64,0,63 target=32209,3177,2435,0,64,2,30
elapsed=19843 source=043B action=contract pose=-30152,381,2346,41,64,0,63 target=32209,3177,2435,0,64,2,30
elapsed=19843 source=043B action=face-immediate pose=-30248,464,2348,41,64,0,63 target=32209,3177,2435,0,64,2,30
elapsed=19843 source=043B action=advance-homing pose=-30248,464,2348,40,63,0,63 target=32209,3177,2435,0,64,2,30
elapsed=19843 source=05F4 action=advance-cruise pose=30282,3673,2571,7,60,0,63 target=32209,3177,2435,0,64,2,30
elapsed=19846 source=072F action=contract pose=25880,14547,2833,204,190,0,63 target=32181,3177,2435,0,64,2,30
elapsed=19846 source=072F action=contract pose=25941,14435,2828,204,190,0,63 target=32181,3177,2435,0,64,2,30
elapsed=19846 source=072F action=contract pose=26002,14323,2824,204,190,0,63 target=32181,3177,2435,0,64,2,30
elapsed=19846 source=072F action=face-immediate pose=26063,14211,2819,204,190,0,63 target=32181,3177,2435,0,64,2,30
elapsed=19846 source=072F action=advance-homing pose=26063,14211,2819,204,190,0,63 target=32181,3177,2435,0,64,2,30
elapsed=19846 source=043B action=contract pose=-30380,668,2348,40,63,0,63 target=32181,3177,2435,0,64,2,30
elapsed=19846 source=043B action=contract pose=-30478,749,2350,40,63,0,63 target=32181,3177,2435,0,64,2,30
elapsed=19846 source=043B action=contract pose=-30576,830,2352,40,63,0,63 target=32181,3177,2435,0,64,2,30
elapsed=19846 source=043B action=face-immediate pose=-30674,911,2354,40,63,0,63 target=32181,3177,2435,0,64,2,30
elapsed=19846 source=043B action=advance-homing pose=-30674,911,2354,39,63,0,63 target=32181,3177,2435,0,64,2,30
elapsed=19846 source=05F4 action=advance-cruise pose=30042,3713,2587,7,60,0,63 target=32181,3177,2435,0,64,2,30
elapsed=19849 source=072F action=contract pose=26131,13975,2819,204,190,0,63 target=32153,3177,2435,0,64,1,30
elapsed=19849 source=072F action=contract pose=26193,13863,2814,204,190,0,63 target=32153,3177,2435,0,64,1,30
elapsed=19849 source=072F action=contract pose=26254,13751,2809,204,190,0,63 target=32153,3177,2435,0,64,1,30
elapsed=19850 source=072F action=face-immediate pose=26315,13639,2804,204,190,0,63 target=32153,3177,2435,0,64,1,30
elapsed=19850 source=072F action=advance-homing pose=26315,13639,2804,204,190,0,63 target=32153,3177,2435,0,64,1,30
elapsed=19850 source=043B action=contract pose=-30814,1111,2354,39,63,0,63 target=32153,3177,2435,0,64,1,30
elapsed=19850 source=043B action=contract pose=-30914,1190,2357,39,63,0,63 target=32153,3177,2435,0,64,1,30
elapsed=19850 source=043B action=contract pose=-31014,1269,2360,39,63,0,63 target=32153,3177,2435,0,64,1,30
elapsed=19850 source=043B action=face-immediate pose=-31114,1348,2363,39,63,0,63 target=32153,3177,2435,0,64,1,30
elapsed=19850 source=043B action=advance-homing pose=-31114,1348,2363,38,63,0,63 target=32153,3177,2435,0,64,1,30
elapsed=19850 source=05F4 action=advance-cruise pose=29802,3753,2603,7,60,0,63 target=32153,3177,2435,0,64,1,30
elapsed=19853 source=072F action=contract pose=26383,13403,2804,204,190,0,63 target=32125,3177,2435,0,64,0,30
elapsed=19853 source=072F action=contract pose=26445,13291,2799,204,190,0,63 target=32125,3177,2435,0,64,0,30
elapsed=19853 source=072F action=contract pose=26507,13179,2794,204,190,0,63 target=32125,3177,2435,0,64,0,30
elapsed=19853 source=072F action=face-immediate pose=26569,13067,2789,204,190,0,63 target=32125,3177,2435,0,64,0,30
elapsed=19853 source=072F action=advance-homing pose=26569,13067,2789,204,190,0,63 target=32125,3177,2435,0,64,0,30
elapsed=19853 source=043B action=contract pose=-31258,1548,2363,38,63,0,63 target=32125,3177,2435,0,64,0,30
elapsed=19853 source=043B action=contract pose=-31360,1624,2366,38,63,0,63 target=32125,3177,2435,0,64,0,30
elapsed=19853 source=043B action=contract pose=-31462,1700,2369,38,63,0,63 target=32125,3177,2435,0,64,0,30
elapsed=19853 source=043B action=face-immediate pose=-31564,1776,2372,38,63,0,63 target=32125,3177,2435,0,64,0,30
elapsed=19853 source=043B action=advance-homing pose=-31564,1776,2372,37,63,0,63 target=32125,3177,2435,0,64,0,30
elapsed=19854 source=05F4 action=advance-cruise pose=29562,3793,2619,7,60,0,63 target=32125,3177,2435,0,64,0,30
elapsed=19857 source=072F action=contract pose=26637,12831,2789,204,190,0,63 target=32097,3177,2435,0,64,255,30
elapsed=19857 source=072F action=contract pose=26699,12719,2784,204,190,0,63 target=32097,3177,2435,0,64,255,30
elapsed=19857 source=072F action=contract pose=26761,12607,2779,204,190,0,63 target=32097,3177,2435,0,64,255,30
elapsed=19857 source=072F action=face-immediate pose=26823,12495,2774,204,190,0,63 target=32097,3177,2435,0,64,255,30
elapsed=19857 source=072F action=advance-homing pose=26823,12495,2774,204,190,0,63 target=32097,3177,2435,0,64,255,30
elapsed=19857 source=043B action=contract pose=-31712,1972,2372,37,63,0,63 target=32097,3177,2435,0,64,255,30
elapsed=19857 source=043B action=contract pose=-31817,2044,2375,37,63,0,63 target=32097,3177,2435,0,64,255,30
elapsed=19857 source=043B action=contract pose=-31922,2116,2378,37,63,0,63 target=32097,3177,2435,0,64,255,30
elapsed=19857 source=043B action=face-immediate pose=-32027,2188,2381,37,63,0,63 target=32097,3177,2435,0,64,255,30
elapsed=19857 source=043B action=advance-homing pose=-32027,2188,2381,36,63,0,63 target=32097,3177,2435,0,64,255,30
elapsed=19857 source=05F4 action=advance-cruise pose=29322,3833,2635,7,60,0,63 target=32097,3177,2435,0,64,255,30
elapsed=19860 source=072F action=contract pose=26891,12259,2774,204,190,0,63 target=32069,3177,2435,0,64,254,30
elapsed=19860 source=072F action=contract pose=26954,12148,2769,204,190,0,63 target=32069,3177,2435,0,64,254,30
elapsed=19860 source=072F action=contract pose=27016,12037,2764,204,190,0,63 target=32069,3177,2435,0,64,254,30
elapsed=19860 source=072F action=face-immediate pose=27078,11926,2759,204,190,0,63 target=32069,3177,2435,0,64,254,30
elapsed=19860 source=072F action=advance-homing pose=27078,11926,2759,205,190,0,63 target=32069,3177,2435,0,64,254,30
elapsed=19860 source=043B action=contract pose=-32179,2380,2381,36,63,0,63 target=32069,3177,2435,0,64,254,30
elapsed=19860 source=043B action=contract pose=-32288,2446,2385,36,63,0,63 target=32069,3177,2435,0,64,254,30
elapsed=19860 source=043B action=contract pose=-32396,2512,2389,36,63,0,63 target=32069,3177,2435,0,64,254,30
elapsed=19860 source=043B action=face-immediate pose=-32504,2578,2393,36,63,0,63 target=32069,3177,2435,0,64,254,30
elapsed=19860 source=043B action=advance-homing pose=-32504,2578,2393,33,63,0,63 target=32069,3177,2435,0,64,254,30
elapsed=19861 source=05F4 action=advance-cruise pose=29082,3873,2651,7,60,0,63 target=32069,3177,2435,0,64,254,30
elapsed=19864 source=072F action=contract pose=27150,11690,2759,205,190,0,63 target=32041,3177,2435,0,64,254,30
elapsed=19864 source=072F action=contract pose=27213,11579,2754,205,190,0,63 target=32041,3177,2435,0,64,254,30
elapsed=19864 source=072F action=contract pose=27276,11468,2749,205,190,0,63 target=32041,3177,2435,0,64,254,30
elapsed=19864 source=072F action=face-immediate pose=27339,11357,2744,205,190,0,63 target=32041,3177,2435,0,64,254,30
elapsed=19864 source=072F action=advance-homing pose=27339,11357,2744,205,190,0,63 target=32041,3177,2435,0,64,254,30
elapsed=19864 source=043B action=face-immediate pose=-32672,2754,2393,33,63,0,63 target=32041,3177,2435,0,64,254,30
elapsed=19864 source=043B action=set-cruise-speed pose=-32672,2754,2393,29,62,0,63 target=32041,3177,2435,0,64,254,30
elapsed=19864 source=043B action=advance-aim pose=-32672,2754,2393,29,62,0,63 target=32041,3177,2435,0,64,254,30
elapsed=19867 source=072F action=contract pose=27411,11121,2744,205,190,0,63 target=32013,3177,2435,0,64,253,30
elapsed=19867 source=072F action=contract pose=27474,11010,2739,205,190,0,63 target=32013,3177,2435,0,64,253,30
elapsed=19867 source=072F action=contract pose=27537,10899,2734,205,190,0,63 target=32013,3177,2435,0,64,253,30
elapsed=19867 source=072F action=face-immediate pose=27600,10788,2729,205,190,0,63 target=32013,3177,2435,0,64,253,30
elapsed=19867 source=072F action=advance-homing pose=27600,10788,2729,205,190,0,63 target=32013,3177,2435,0,64,253,30
elapsed=19867 source=043B action=advance-aim pose=32680,2914,2397,29,62,0,63 target=32013,3177,2435,0,64,253,30
elapsed=19867 source=043B action=face-smooth pose=32496,3074,2401,29,62,0,63 target=32013,3177,2435,0,64,253,30
elapsed=19871 source=072F action=contract pose=27672,10552,2729,205,190,0,63 target=31985,3177,2435,0,64,253,30
elapsed=19871 source=072F action=contract pose=27736,10442,2724,205,190,0,63 target=31985,3177,2435,0,64,253,30
elapsed=19871 source=072F action=contract pose=27800,10331,2719,205,190,0,63 target=31985,3177,2435,0,64,253,30
elapsed=19871 source=072F action=face-immediate pose=27864,10220,2714,205,190,0,63 target=31985,3177,2435,0,64,253,30
elapsed=19871 source=072F action=advance-homing pose=27864,10220,2714,205,190,0,63 target=31985,3177,2435,0,64,253,30
elapsed=19871 source=043B action=advance-aim pose=32496,3074,2401,26,62,0,63 target=31985,3177,2435,0,64,253,30
elapsed=19874 source=072F action=contract pose=27936,9984,2714,205,190,0,63 target=31957,3177,2435,0,64,252,30
elapsed=19874 source=072F action=contract pose=28000,9874,2709,205,190,0,63 target=31957,3177,2435,0,64,252,30
elapsed=19874 source=072F action=contract pose=28064,9764,2704,205,190,0,63 target=31957,3177,2435,0,64,252,30
elapsed=19874 source=072F action=face-immediate pose=28128,9654,2699,205,190,0,63 target=31957,3177,2435,0,64,252,30
elapsed=19874 source=072F action=advance-homing pose=28128,9654,2699,205,190,0,63 target=31957,3177,2435,0,64,252,30
elapsed=19874 source=043B action=advance-aim pose=32300,3218,2405,26,62,0,63 target=31957,3177,2435,0,64,252,30
elapsed=19874 source=043B action=face-smooth pose=32104,3362,2409,26,62,0,63 target=31957,3177,2435,0,64,252,30
elapsed=19877 source=072F action=contract pose=28200,9418,2699,205,190,0,63 target=31929,3177,2435,0,64,252,30
elapsed=19878 source=072F action=contract pose=28265,9308,2694,205,190,0,63 target=31929,3177,2435,0,64,252,30
elapsed=19878 source=072F action=contract pose=28330,9198,2689,205,190,0,63 target=31929,3177,2435,0,64,252,30
elapsed=19878 source=072F action=face-immediate pose=28395,9088,2684,205,190,0,63 target=31929,3177,2435,0,64,252,30
elapsed=19878 source=072F action=advance-homing pose=28395,9088,2684,205,190,0,63 target=31929,3177,2435,0,64,252,30
elapsed=19878 source=043B action=advance-aim pose=32104,3362,2409,8,61,0,63 target=31929,3177,2435,0,64,252,30
elapsed=19881 source=072F action=contract pose=28467,8852,2684,205,190,0,63 target=31901,3177,2435,0,64,252,30
elapsed=19881 source=072F action=contract pose=28532,8743,2679,205,190,0,63 target=31901,3177,2435,0,64,252,30
elapsed=19881 source=072F action=contract pose=28597,8633,2674,205,190,0,63 target=31901,3177,2435,0,64,252,30
elapsed=19881 source=072F action=face-immediate pose=28662,8524,2669,205,190,0,63 target=31901,3177,2435,0,64,252,30
elapsed=19881 source=072F action=advance-homing pose=28662,8524,2669,205,190,0,63 target=31901,3177,2435,0,64,252,30
elapsed=19881 source=043B action=advance-cruise pose=31864,3406,2421,8,61,0,63 target=31901,3177,2435,0,64,252,30
elapsed=19884 source=072F action=contract pose=28734,8288,2669,205,190,0,63 target=31873,3177,2435,0,64,252,30
elapsed=19884 source=072F action=contract pose=28800,8179,2663,205,190,0,63 target=31873,3177,2435,0,64,252,30
elapsed=19884 source=072F action=contract pose=28866,8070,2657,205,190,0,63 target=31873,3177,2435,0,64,252,30
elapsed=19884 source=072F action=face-immediate pose=28932,7961,2651,205,190,0,63 target=31873,3177,2435,0,64,252,30
elapsed=19884 source=072F action=advance-homing pose=28932,7961,2651,206,190,0,63 target=31873,3177,2435,0,64,252,30
elapsed=19884 source=043B action=advance-cruise pose=31624,3450,2433,8,61,0,63 target=31873,3177,2435,0,64,252,30
elapsed=19888 source=05F4 action=set-cruise-speed pose=-28412,-12824,1228,55,55,0,30 target=31845,3177,2435,0,64,253,30
elapsed=19888 source=05F4 action=contract pose=-28412,-12824,1228,55,55,0,63 target=31845,3177,2435,0,64,253,30
elapsed=19888 source=05F4 action=contract pose=26844,18335,3578,55,55,0,63 target=31845,3177,2435,0,64,253,30
elapsed=19888 source=05F4 action=contract pose=26883,18213,3568,55,55,0,63 target=31845,3177,2435,0,64,253,30
elapsed=19888 source=05F4 action=face-immediate pose=26923,18091,3558,55,55,0,63 target=31845,3177,2435,0,64,253,30
elapsed=19888 source=05F4 action=advance-homing pose=26923,18091,3558,200,183,0,63 target=31845,3177,2435,0,64,253,30
elapsed=19888 source=072F action=contract pose=29012,7729,2651,206,190,0,63 target=31845,3177,2435,0,64,253,30
elapsed=19888 source=072F action=contract pose=29079,7620,2645,206,190,0,63 target=31845,3177,2435,0,64,253,30
elapsed=19888 source=072F action=contract pose=29146,7511,2639,206,190,0,63 target=31845,3177,2435,0,64,253,30
elapsed=19888 source=072F action=face-immediate pose=29213,7403,2633,206,190,0,63 target=31845,3177,2435,0,64,253,30
elapsed=19888 source=072F action=advance-homing pose=29213,7403,2633,206,189,0,63 target=31845,3177,2435,0,64,253,30
elapsed=19888 source=043B action=advance-cruise pose=31384,3494,2445,8,61,0,63 target=31845,3177,2435,0,64,253,30
elapsed=19892 source=05F4 action=contract pose=26967,17847,3550,200,183,0,63 target=31817,3177,2435,0,64,253,30
elapsed=19892 source=05F4 action=contract pose=27006,17725,3540,200,183,0,63 target=31817,3177,2435,0,64,253,30
elapsed=19892 source=05F4 action=contract pose=27045,17603,3530,200,183,0,63 target=31817,3177,2435,0,64,253,30
elapsed=19892 source=05F4 action=face-immediate pose=27084,17481,3520,200,183,0,63 target=31817,3177,2435,0,64,253,30
elapsed=19892 source=05F4 action=advance-homing pose=27084,17481,3520,200,183,0,63 target=31817,3177,2435,0,64,253,30
elapsed=19892 source=072F action=contract pose=29293,7171,2629,206,189,0,63 target=31817,3177,2435,0,64,253,30
elapsed=19892 source=072F action=contract pose=29360,7063,2623,206,189,0,63 target=31817,3177,2435,0,64,253,30
elapsed=19892 source=072F action=contract pose=29427,6955,2617,206,189,0,63 target=31817,3177,2435,0,64,253,30
elapsed=19892 source=072F action=face-immediate pose=29494,6847,2611,206,189,0,63 target=31817,3177,2435,0,64,253,30
elapsed=19892 source=072F action=advance-homing pose=29494,6847,2611,206,189,0,63 target=31817,3177,2435,0,64,253,30
elapsed=19892 source=043B action=advance-cruise pose=31144,3538,2457,8,61,0,63 target=31817,3177,2435,0,64,253,30
elapsed=19895 source=05F4 action=contract pose=27128,17237,3512,200,183,0,63 target=31789,3177,2435,0,64,254,30
elapsed=19895 source=05F4 action=contract pose=27167,17115,3502,200,183,0,63 target=31789,3177,2435,0,64,254,30
elapsed=19895 source=05F4 action=contract pose=27206,16993,3492,200,183,0,63 target=31789,3177,2435,0,64,254,30
elapsed=19895 source=05F4 action=face-immediate pose=27245,16871,3482,200,183,0,63 target=31789,3177,2435,0,64,254,30
elapsed=19895 source=05F4 action=advance-homing pose=27245,16871,3482,200,183,0,63 target=31789,3177,2435,0,64,254,30
elapsed=19896 source=072F action=contract pose=29574,6615,2607,206,189,0,63 target=31789,3177,2435,0,64,254,30
elapsed=19896 source=072F action=contract pose=29642,6508,2601,206,189,0,63 target=31789,3177,2435,0,64,254,30
elapsed=19896 source=072F action=contract pose=29710,6401,2595,206,189,0,63 target=31789,3177,2435,0,64,254,30
elapsed=19896 source=072F action=face-immediate pose=29778,6294,2589,206,189,0,63 target=31789,3177,2435,0,64,254,30
elapsed=19896 source=072F action=advance-homing pose=29778,6294,2589,206,189,0,63 target=31789,3177,2435,0,64,254,30
elapsed=19896 source=043B action=advance-cruise pose=30904,3582,2469,8,61,0,63 target=31789,3177,2435,0,64,254,30
elapsed=19899 source=05F4 action=contract pose=27289,16627,3474,200,183,0,63 target=31761,3177,2435,0,64,254,30
elapsed=19899 source=05F4 action=contract pose=27329,16505,3464,200,183,0,63 target=31761,3177,2435,0,64,254,30
elapsed=19899 source=05F4 action=contract pose=27369,16383,3454,200,183,0,63 target=31761,3177,2435,0,64,254,30
elapsed=19899 source=05F4 action=face-immediate pose=27408,16261,3444,200,183,0,63 target=31761,3177,2435,0,64,254,30
elapsed=19899 source=05F4 action=advance-homing pose=27408,16261,3444,200,183,0,63 target=31761,3177,2435,0,64,254,30
elapsed=19899 source=072F action=contract pose=29858,6062,2585,206,189,0,63 target=31761,3177,2435,0,64,254,30
elapsed=19899 source=072F action=contract pose=29927,5955,2579,206,189,0,63 target=31761,3177,2435,0,64,254,30
elapsed=19899 source=072F action=contract pose=29996,5848,2573,206,189,0,63 target=31761,3177,2435,0,64,254,30
elapsed=19899 source=072F action=face-immediate pose=30066,5741,2567,206,189,0,63 target=31761,3177,2435,0,64,254,30
elapsed=19899 source=072F action=advance-homing pose=30066,5741,2567,207,189,0,63 target=31761,3177,2435,0,64,254,30
elapsed=19899 source=043B action=advance-cruise pose=30664,3626,2481,8,61,0,63 target=31761,3177,2435,0,64,254,30
elapsed=19902 source=05F4 action=contract pose=27452,16017,3436,200,183,0,63 target=31733,3177,2435,0,64,255,30
elapsed=19902 source=05F4 action=contract pose=27491,15896,3426,200,183,0,63 target=31733,3177,2435,0,64,255,30
elapsed=19902 source=05F4 action=contract pose=27531,15775,3416,200,183,0,63 target=31733,3177,2435,0,64,255,30
elapsed=19902 source=05F4 action=face-immediate pose=27571,15653,3406,200,183,0,63 target=31733,3177,2435,0,64,255,30
elapsed=19902 source=05F4 action=advance-homing pose=27571,15653,3406,200,183,0,63 target=31733,3177,2435,0,64,255,30
elapsed=19902 source=072F action=contract pose=30150,5509,2563,207,189,0,63 target=31733,3177,2435,0,64,255,30
elapsed=19903 source=072F action=contract pose=30221,5403,2557,207,189,0,63 target=31733,3177,2435,0,64,255,30
elapsed=19903 source=072F action=contract pose=30292,5297,2551,207,189,0,63 target=31733,3177,2435,0,64,255,30
elapsed=19903 source=072F action=face-immediate pose=30363,5191,2545,207,189,0,63 target=31733,3177,2435,0,64,255,30
elapsed=19903 source=072F action=advance-homing pose=30363,5191,2545,207,189,0,63 target=31733,3177,2435,0,64,255,30
elapsed=19903 source=043B action=advance-cruise pose=30424,3670,2493,8,61,0,63 target=31733,3177,2435,0,64,255,30
elapsed=19906 source=05F4 action=contract pose=27615,15409,3398,200,183,0,63 target=31705,3177,2435,0,64,0,30
elapsed=19906 source=05F4 action=contract pose=27655,15288,3388,200,183,0,63 target=31705,3177,2435,0,64,0,30
elapsed=19906 source=05F4 action=contract pose=27695,15167,3378,200,183,0,63 target=31705,3177,2435,0,64,0,30
elapsed=19906 source=05F4 action=face-immediate pose=27735,15046,3368,200,183,0,63 target=31705,3177,2435,0,64,0,30
elapsed=19906 source=05F4 action=advance-homing pose=27735,15046,3368,200,183,0,63 target=31705,3177,2435,0,64,0,30
elapsed=19906 source=072F action=contract pose=30447,4959,2541,207,189,0,63 target=31705,3177,2435,0,64,0,30
elapsed=19906 source=072F action=contract pose=30520,4855,2534,207,189,0,63 target=31705,3177,2435,0,64,0,30
elapsed=19906 source=072F action=contract pose=30593,4751,2527,207,189,0,63 target=31705,3177,2435,0,64,0,30
elapsed=19906 source=072F action=face-immediate pose=30666,4647,2520,207,189,0,63 target=31705,3177,2435,0,64,0,30
elapsed=19906 source=072F action=advance-homing pose=30666,4647,2520,208,189,0,63 target=31705,3177,2435,0,64,0,30
elapsed=19906 source=043B action=advance-cruise pose=30184,3714,2505,8,61,0,63 target=31705,3177,2435,0,64,0,30
elapsed=19909 source=05F4 action=contract pose=27779,14802,3360,200,183,0,63 target=31677,3177,2435,0,64,1,30
elapsed=19909 source=05F4 action=contract pose=27819,14681,3350,200,183,0,63 target=31677,3177,2435,0,64,1,30
elapsed=19909 source=05F4 action=contract pose=27859,14560,3340,200,183,0,63 target=31677,3177,2435,0,64,1,30
elapsed=19909 source=05F4 action=face-immediate pose=27899,14439,3330,200,183,0,63 target=31677,3177,2435,0,64,1,30
elapsed=19909 source=05F4 action=advance-homing pose=27899,14439,3330,200,183,0,63 target=31677,3177,2435,0,64,1,30
elapsed=19910 source=072F action=face-immediate pose=30758,4419,2516,208,189,0,63 target=31677,3177,2435,0,64,1,30
elapsed=19910 source=072F action=set-cruise-speed pose=30758,4419,2516,208,189,0,63 target=31677,3177,2435,0,64,1,30
elapsed=19910 source=072F action=advance-aim pose=30758,4419,2516,208,189,0,63 target=31677,3177,2435,0,64,1,30
elapsed=19910 source=072F action=face-smooth pose=30850,4191,2512,208,189,0,63 target=31677,3177,2435,0,64,1,30
elapsed=19910 source=043B action=advance-cruise pose=29944,3758,2517,8,61,0,63 target=31677,3177,2435,0,64,1,30
elapsed=19913 source=05F4 action=contract pose=27943,14195,3322,200,183,0,63 target=31649,3177,2435,0,64,2,30
elapsed=19913 source=05F4 action=contract pose=27983,14074,3312,200,183,0,63 target=31649,3177,2435,0,64,2,30
elapsed=19913 source=05F4 action=contract pose=28023,13953,3302,200,183,0,63 target=31649,3177,2435,0,64,2,30
elapsed=19913 source=05F4 action=face-immediate pose=28063,13832,3292,200,183,0,63 target=31649,3177,2435,0,64,2,30
elapsed=19913 source=05F4 action=advance-homing pose=28063,13832,3292,200,183,0,63 target=31649,3177,2435,0,64,2,30
elapsed=19913 source=072F action=advance-aim pose=30850,4191,2512,209,189,0,63 target=31649,3177,2435,0,64,2,30
elapsed=19913 source=043B action=advance-cruise pose=29704,3802,2529,8,61,0,63 target=31649,3177,2435,0,64,2,30
elapsed=19916 source=05F4 action=contract pose=28107,13588,3284,200,183,0,63 target=31621,3177,2435,0,64,2,30
elapsed=19916 source=05F4 action=contract pose=28147,13467,3274,200,183,0,63 target=31621,3177,2435,0,64,2,30
elapsed=19917 source=05F4 action=contract pose=28187,13346,3263,200,183,0,63 target=31621,3177,2435,0,64,2,30
elapsed=19917 source=05F4 action=face-immediate pose=28227,13225,3253,200,183,0,63 target=31621,3177,2435,0,64,2,30
elapsed=19917 source=05F4 action=advance-homing pose=28227,13225,3253,200,183,0,63 target=31621,3177,2435,0,64,2,30
elapsed=19917 source=072F action=advance-aim pose=30946,3963,2508,209,189,0,63 target=31621,3177,2435,0,64,2,30
elapsed=19917 source=072F action=face-smooth pose=31042,3735,2504,209,189,0,63 target=31621,3177,2435,0,64,2,30
elapsed=19917 source=043B action=advance-cruise pose=29464,3846,2541,8,61,0,63 target=31621,3177,2435,0,64,2,30
elapsed=19920 source=05F4 action=contract pose=28271,12981,3245,200,183,0,63 target=31593,3177,2435,0,64,3,30
elapsed=19920 source=05F4 action=contract pose=28311,12860,3234,200,183,0,63 target=31593,3177,2435,0,64,3,30
elapsed=19920 source=05F4 action=contract pose=28351,12739,3223,200,183,0,63 target=31593,3177,2435,0,64,3,30
elapsed=19920 source=05F4 action=face-immediate pose=28391,12618,3212,200,183,0,63 target=31593,3177,2435,0,64,3,30
elapsed=19920 source=05F4 action=advance-homing pose=28391,12618,3212,200,183,0,63 target=31593,3177,2435,0,64,3,30
elapsed=19920 source=072F action=advance-aim pose=31042,3735,2504,210,188,0,63 target=31593,3177,2435,0,64,3,30
elapsed=19920 source=043B action=advance-cruise pose=29224,3890,2553,8,61,0,63 target=31593,3177,2435,0,64,3,30
elapsed=19923 source=05F4 action=contract pose=28435,12374,3204,200,183,0,63 target=31565,3177,2435,0,64,3,30
elapsed=19924 source=05F4 action=contract pose=28475,12253,3193,200,183,0,63 target=31565,3177,2435,0,64,3,30
elapsed=19924 source=05F4 action=contract pose=28515,12132,3182,200,183,0,63 target=31565,3177,2435,0,64,3,30
elapsed=19924 source=05F4 action=face-immediate pose=28555,12011,3171,200,183,0,63 target=31565,3177,2435,0,64,3,30
elapsed=19924 source=05F4 action=advance-homing pose=28555,12011,3171,200,183,0,63 target=31565,3177,2435,0,64,3,30
elapsed=19924 source=072F action=advance-aim pose=31146,3511,2496,210,188,0,63 target=31565,3177,2435,0,64,3,30
elapsed=19924 source=072F action=face-smooth pose=31250,3287,2488,210,188,0,63 target=31565,3177,2435,0,64,3,30
elapsed=19924 source=043B action=advance-cruise pose=28984,3934,2565,8,61,0,63 target=31565,3177,2435,0,64,3,30
elapsed=19927 source=05F4 action=contract pose=28599,11767,3163,200,183,0,63 target=31537,3177,2435,0,64,4,30
elapsed=19927 source=05F4 action=contract pose=28640,11646,3152,200,183,0,63 target=31537,3177,2435,0,64,4,30
elapsed=19927 source=05F4 action=contract pose=28681,11525,3141,200,183,0,63 target=31537,3177,2435,0,64,4,30
elapsed=19927 source=05F4 action=face-immediate pose=28722,11404,3130,200,183,0,63 target=31537,3177,2435,0,64,4,30
elapsed=19927 source=05F4 action=advance-homing pose=28722,11404,3130,200,183,0,63 target=31537,3177,2435,0,64,4,30
elapsed=19927 source=072F action=advance-aim pose=31250,3287,2488,216,187,0,63 target=31537,3177,2435,0,64,4,30
elapsed=19927 source=043B action=advance-cruise pose=28744,3978,2577,8,61,0,63 target=31537,3177,2435,0,64,4,30
elapsed=19931 source=05F4 action=contract pose=28766,11160,3122,200,183,0,63 target=31509,3177,2435,0,64,4,30
elapsed=19931 source=05F4 action=contract pose=28807,11039,3111,200,183,0,63 target=31509,3177,2435,0,64,4,30
elapsed=19931 source=05F4 action=contract pose=28848,10918,3100,200,183,0,63 target=31509,3177,2435,0,64,4,30
elapsed=19931 source=05F4 action=face-immediate pose=28889,10797,3089,200,183,0,63 target=31509,3177,2435,0,64,4,30
elapsed=19931 source=05F4 action=advance-homing pose=28889,10797,3089,200,183,0,63 target=31509,3177,2435,0,64,4,30
elapsed=19931 source=072F action=advance-aim pose=31382,3083,2476,216,187,0,63 target=31509,3177,2435,0,64,4,30
elapsed=19931 source=043B action=advance-cruise pose=28504,4022,2589,8,61,0,63 target=31509,3177,2435,0,64,4,30
elapsed=19934 source=05F4 action=contract pose=28933,10553,3081,200,183,0,63 target=31481,3177,2435,0,64,4,30
elapsed=19934 source=05F4 action=contract pose=28974,10432,3070,200,183,0,63 target=31481,3177,2435,0,64,4,30
elapsed=19934 source=05F4 action=contract pose=29015,10311,3059,200,183,0,63 target=31481,3177,2435,0,64,4,30
elapsed=19934 source=05F4 action=face-immediate pose=29056,10190,3048,200,183,0,63 target=31481,3177,2435,0,64,4,30
elapsed=19934 source=05F4 action=advance-homing pose=29056,10190,3048,201,183,0,63 target=31481,3177,2435,0,64,4,30
elapsed=19935 source=072F action=advance-cruise pose=31514,2879,2464,216,187,0,63 target=31481,3177,2435,0,64,4,30
elapsed=19938 source=05F4 action=contract pose=29104,9950,3040,201,183,0,63 target=31453,3177,2435,0,64,4,30
elapsed=19938 source=05F4 action=contract pose=29145,9829,3029,201,183,0,63 target=31453,3177,2435,0,64,4,30
elapsed=19938 source=05F4 action=contract pose=29186,9708,3018,201,183,0,63 target=31453,3177,2435,0,64,4,30
elapsed=19938 source=05F4 action=face-immediate pose=29227,9587,3007,201,183,0,63 target=31453,3177,2435,0,64,4,30
elapsed=19938 source=05F4 action=advance-homing pose=29227,9587,3007,201,182,0,63 target=31453,3177,2435,0,64,4,30
elapsed=19938 source=072F action=advance-cruise pose=31646,2675,2452,216,187,0,63 target=31453,3177,2435,0,64,4,30
elapsed=19941 source=05F4 action=contract pose=29275,9347,2999,201,182,0,63 target=31425,3177,2435,0,64,3,30
elapsed=19941 source=05F4 action=contract pose=29316,9227,2987,201,182,0,63 target=31425,3177,2435,0,64,3,30
elapsed=19941 source=05F4 action=contract pose=29357,9107,2975,201,182,0,63 target=31425,3177,2435,0,64,3,30
elapsed=19941 source=05F4 action=face-immediate pose=29398,8987,2964,201,182,0,63 target=31425,3177,2435,0,64,3,30
elapsed=19941 source=05F4 action=advance-homing pose=29398,8987,2964,201,182,0,63 target=31425,3177,2435,0,64,3,30
elapsed=19941 source=072F action=advance-cruise pose=31778,2471,2440,216,187,0,63 target=31425,3177,2435,0,64,3,30
elapsed=19945 source=05F4 action=contract pose=29446,8747,2956,201,182,0,63 target=31397,3177,2435,0,64,3,30
elapsed=19945 source=05F4 action=contract pose=29487,8627,2944,201,182,0,63 target=31397,3177,2435,0,64,3,30
elapsed=19945 source=05F4 action=contract pose=29528,8507,2932,201,182,0,63 target=31397,3177,2435,0,64,3,30
elapsed=19945 source=05F4 action=face-immediate pose=29569,8387,2920,201,182,0,63 target=31397,3177,2435,0,64,3,30
elapsed=19945 source=05F4 action=advance-homing pose=29569,8387,2920,201,182,0,63 target=31397,3177,2435,0,64,3,30
elapsed=19945 source=072F action=advance-cruise pose=31910,2267,2428,216,187,0,63 target=31397,3177,2435,0,64,3,30
elapsed=19948 source=05F4 action=contract pose=29617,8147,2912,201,182,0,63 target=31369,3177,2435,0,64,2,30
elapsed=19948 source=05F4 action=contract pose=29659,8027,2900,201,182,0,63 target=31369,3177,2435,0,64,2,30
elapsed=19948 source=05F4 action=contract pose=29701,7907,2888,201,182,0,63 target=31369,3177,2435,0,64,2,30
elapsed=19948 source=05F4 action=face-immediate pose=29742,7787,2876,201,182,0,63 target=31369,3177,2435,0,64,2,30
elapsed=19948 source=05F4 action=advance-homing pose=29742,7787,2876,201,182,0,63 target=31369,3177,2435,0,64,2,30
elapsed=19948 source=072F action=advance-cruise pose=32042,2063,2416,216,187,0,63 target=31369,3177,2435,0,64,2,30
elapsed=19951 source=05F4 action=contract pose=29790,7547,2868,201,182,0,63 target=31341,3177,2435,0,64,2,30
elapsed=19951 source=05F4 action=contract pose=29832,7427,2856,201,182,0,63 target=31341,3177,2435,0,64,2,30
elapsed=19951 source=05F4 action=contract pose=29874,7307,2844,201,182,0,63 target=31341,3177,2435,0,64,2,30
elapsed=19951 source=05F4 action=face-immediate pose=29916,7187,2832,201,182,0,63 target=31341,3177,2435,0,64,2,30
elapsed=19952 source=05F4 action=advance-homing pose=29916,7187,2832,201,181,0,63 target=31341,3177,2435,0,64,2,30
elapsed=19952 source=072F action=advance-cruise pose=32174,1859,2404,216,187,0,63 target=31341,3177,2435,0,64,2,30
elapsed=19955 source=05F4 action=contract pose=29964,6947,2820,201,181,0,63 target=31313,3177,2435,0,64,1,30
elapsed=19955 source=05F4 action=contract pose=30006,6827,2807,201,181,0,63 target=31313,3177,2435,0,64,1,30
elapsed=19955 source=05F4 action=contract pose=30048,6707,2794,201,181,0,63 target=31313,3177,2435,0,64,1,30
elapsed=19955 source=05F4 action=face-immediate pose=30090,6587,2781,201,181,0,63 target=31313,3177,2435,0,64,1,30
elapsed=19955 source=05F4 action=advance-homing pose=30090,6587,2781,201,181,0,63 target=31313,3177,2435,0,64,1,30
elapsed=19955 source=072F action=advance-cruise pose=32306,1655,2392,216,187,0,63 target=31313,3177,2435,0,64,1,30
elapsed=19958 source=05F4 action=contract pose=30138,6347,2769,201,181,0,63 target=31285,3177,2435,0,64,0,30
elapsed=19958 source=05F4 action=contract pose=30180,6227,2756,201,181,0,63 target=31285,3177,2435,0,64,0,30
elapsed=19958 source=05F4 action=contract pose=30223,6107,2743,201,181,0,63 target=31285,3177,2435,0,64,0,30
elapsed=19958 source=05F4 action=face-immediate pose=30266,5988,2730,201,181,0,63 target=31285,3177,2435,0,64,0,30
elapsed=19958 source=05F4 action=advance-homing pose=30266,5988,2730,201,181,0,63 target=31285,3177,2435,0,64,0,30
elapsed=19958 source=072F action=advance-cruise pose=32438,1451,2380,216,187,0,63 target=31285,3177,2435,0,64,0,30
elapsed=19962 source=05F4 action=face-immediate pose=30314,5748,2718,201,181,0,63 target=31257,3177,2435,0,64,255,30
elapsed=19962 source=05F4 action=set-cruise-speed pose=30314,5748,2718,201,181,0,63 target=31257,3177,2435,0,64,255,30
elapsed=19962 source=05F4 action=advance-aim pose=30314,5748,2718,201,181,0,63 target=31257,3177,2435,0,64,255,30
elapsed=19962 source=072F action=advance-cruise pose=32570,1247,2368,216,187,0,63 target=31257,3177,2435,0,64,255,30
elapsed=19965 source=05F4 action=advance-aim pose=30362,5508,2706,201,181,0,63 target=31229,3177,2435,0,64,254,30
elapsed=19965 source=05F4 action=face-smooth pose=30410,5268,2694,201,181,0,63 target=31229,3177,2435,0,64,254,30
elapsed=19965 source=072F action=advance-cruise pose=32702,1043,2356,216,187,0,63 target=31229,3177,2435,0,64,254,30
elapsed=19969 source=05F4 action=advance-aim pose=30410,5268,2694,202,180,0,63 target=31201,3177,2435,0,64,254,30
elapsed=19969 source=072F action=advance-cruise pose=-32702,839,2344,216,187,0,63 target=31201,3177,2435,0,64,254,30
elapsed=19972 source=05F4 action=advance-aim pose=30462,5028,2682,202,180,0,63 target=31173,3177,2435,0,64,253,30
elapsed=19972 source=05F4 action=face-smooth pose=30514,4788,2670,202,180,0,63 target=31173,3177,2435,0,64,253,30
elapsed=19972 source=072F action=advance-cruise pose=-32570,635,2332,216,187,0,63 target=31173,3177,2435,0,64,253,30
elapsed=19975 source=05F4 action=advance-aim pose=30514,4788,2670,203,179,0,63 target=31145,3177,2435,0,64,253,30
elapsed=19975 source=072F action=advance-cruise pose=-32438,431,2320,216,187,0,63 target=31145,3177,2435,0,64,253,30
elapsed=19979 source=05F4 action=advance-aim pose=30574,4548,2654,203,179,0,63 target=31117,3177,2435,0,64,252,30
elapsed=19979 source=05F4 action=face-smooth pose=30634,4308,2638,203,179,0,63 target=31117,3177,2435,0,64,252,30
elapsed=19979 source=072F action=advance-cruise pose=-32306,227,2308,216,187,0,63 target=31117,3177,2435,0,64,252,30
elapsed=19982 source=05F4 action=advance-aim pose=30634,4308,2638,204,178,0,63 target=31089,3177,2435,0,64,252,30
elapsed=19982 source=072F action=advance-cruise pose=-32174,23,2296,216,187,0,63 target=31089,3177,2435,0,64,252,30
elapsed=19985 source=05F4 action=advance-aim pose=30698,4072,2618,204,178,0,63 target=31061,3177,2435,0,64,252,30
elapsed=19985 source=05F4 action=face-smooth pose=30762,3836,2598,204,178,0,63 target=31061,3177,2435,0,64,252,30
elapsed=19988 source=05F4 action=advance-aim pose=30762,3836,2598,205,177,0,63 target=31033,3177,2435,0,64,252,30
elapsed=19992 source=05F4 action=advance-aim pose=30830,3600,2574,205,177,0,63 target=31005,3177,2435,0,64,253,30
elapsed=19992 source=05F4 action=face-smooth pose=30898,3364,2550,205,177,0,63 target=31005,3177,2435,0,64,253,30
elapsed=19995 source=05F4 action=advance-aim pose=30898,3364,2550,206,173,0,63 target=30977,3177,2435,0,64,253,30
elapsed=19998 source=05F4 action=advance-cruise pose=30970,3132,2514,206,173,0,63 target=30949,3177,2435,0,64,254,30
elapsed=20001 source=05F4 action=advance-cruise pose=31042,2900,2478,206,173,0,63 target=30921,3177,2435,0,64,254,30
elapsed=20005 source=05F4 action=advance-cruise pose=31114,2668,2442,206,173,0,63 target=30893,3177,2435,0,64,255,30
elapsed=20008 source=05F4 action=advance-cruise pose=31186,2436,2406,206,173,0,63 target=30865,3177,2435,0,64,0,30
elapsed=20011 source=05F4 action=advance-cruise pose=31258,2204,2370,206,173,0,63 target=30837,3177,2435,0,64,1,30
elapsed=20014 source=05F4 action=advance-cruise pose=31330,1972,2334,206,173,0,63 target=30809,3177,2435,0,64,2,30
elapsed=20017 source=05F4 action=advance-cruise pose=31402,1740,2298,206,173,0,63 target=30781,3177,2435,0,64,2,30
elapsed=20020 source=05F4 action=advance-cruise pose=31474,1508,2262,206,173,0,63 target=30753,3177,2435,0,64,3,30
elapsed=20023 source=05F4 action=advance-cruise pose=31546,1276,2226,206,173,0,63 target=30725,3177,2435,0,64,3,30
elapsed=20026 source=05F4 action=advance-cruise pose=31618,1044,2190,206,173,0,63 target=30697,3177,2435,0,64,4,30
elapsed=20029 source=05F4 action=advance-cruise pose=31690,812,2154,206,173,0,63 target=30669,3177,2435,0,64,4,30
elapsed=20032 source=05F4 action=advance-cruise pose=31762,580,2118,206,173,0,63 target=30641,3177,2435,0,64,4,30
elapsed=20036 source=05F4 action=advance-cruise pose=31834,348,2082,206,173,0,63 target=30613,3177,2435,0,64,4,30
elapsed=20039 source=05F4 action=advance-cruise pose=31906,116,2046,206,173,0,63 target=30585,3177,2435,0,64,3,30
elapsed=20042 source=05F4 action=advance-cruise pose=31978,-116,2010,206,173,0,63 target=30557,3177,2435,0,64,3,30
elapsed=20400 source=05F4 action=set-cruise-speed pose=28928,-9465,-7484,45,7,0,30 target=27365,3177,2435,0,64,3,30
elapsed=20400 source=05F4 action=contract pose=28928,-9465,-7484,45,7,0,63 target=27365,3177,2435,0,64,3,30
elapsed=20400 source=05F4 action=contract pose=28915,-9366,-7407,45,7,0,63 target=27365,3177,2435,0,64,3,30
elapsed=20400 source=05F4 action=contract pose=28902,-9266,-7329,45,7,0,63 target=27365,3177,2435,0,64,3,30
elapsed=20400 source=05F4 action=face-immediate pose=28889,-9167,-7251,45,7,0,63 target=27365,3177,2435,0,64,3,30
elapsed=20400 source=05F4 action=advance-homing pose=28889,-9167,-7251,45,7,0,63 target=27365,3177,2435,0,64,3,30
elapsed=20404 source=05F4 action=contract pose=28873,-8947,-7143,45,7,0,63 target=27337,3177,2435,0,64,4,30
elapsed=20404 source=05F4 action=contract pose=28860,-8848,-7065,45,7,0,63 target=27337,3177,2435,0,64,4,30
elapsed=20404 source=05F4 action=contract pose=28847,-8749,-6987,45,7,0,63 target=27337,3177,2435,0,64,4,30
elapsed=20404 source=05F4 action=face-immediate pose=28834,-8650,-6909,45,7,0,63 target=27337,3177,2435,0,64,4,30
elapsed=20404 source=05F4 action=advance-homing pose=28834,-8650,-6909,45,7,0,63 target=27337,3177,2435,0,64,4,30
elapsed=20407 source=05F4 action=contract pose=28818,-8430,-6801,45,7,0,63 target=27309,3177,2435,0,64,4,30
elapsed=20407 source=05F4 action=contract pose=28804,-8331,-6723,45,7,0,63 target=27309,3177,2435,0,64,4,30
elapsed=20407 source=05F4 action=contract pose=28790,-8232,-6645,45,7,0,63 target=27309,3177,2435,0,64,4,30
elapsed=20407 source=05F4 action=face-immediate pose=28777,-8133,-6567,45,7,0,63 target=27309,3177,2435,0,64,4,30
elapsed=20407 source=05F4 action=advance-homing pose=28777,-8133,-6567,45,7,0,63 target=27309,3177,2435,0,64,4,30
elapsed=20411 source=05F4 action=contract pose=28761,-7913,-6459,45,7,0,63 target=27281,3177,2435,0,64,4,30
elapsed=20411 source=05F4 action=contract pose=28747,-7814,-6380,45,7,0,63 target=27281,3177,2435,0,64,4,30
elapsed=20411 source=05F4 action=contract pose=28733,-7716,-6302,45,7,0,63 target=27281,3177,2435,0,64,4,30
elapsed=20411 source=05F4 action=face-immediate pose=28719,-7618,-6224,45,7,0,63 target=27281,3177,2435,0,64,4,30
elapsed=20411 source=05F4 action=advance-homing pose=28719,-7618,-6224,45,7,0,63 target=27281,3177,2435,0,64,4,30
elapsed=20414 source=05F4 action=contract pose=28703,-7398,-6116,45,7,0,63 target=27253,3177,2435,0,64,4,30
elapsed=20414 source=05F4 action=contract pose=28689,-7300,-6037,45,7,0,63 target=27253,3177,2435,0,64,4,30
elapsed=20414 source=05F4 action=contract pose=28675,-7202,-5958,45,7,0,63 target=27253,3177,2435,0,64,4,30
elapsed=20414 source=05F4 action=face-immediate pose=28661,-7104,-5879,45,7,0,63 target=27253,3177,2435,0,64,4,30
elapsed=20414 source=05F4 action=advance-homing pose=28661,-7104,-5879,45,7,0,63 target=27253,3177,2435,0,64,4,30
elapsed=20417 source=05F4 action=contract pose=28645,-6884,-5771,45,7,0,63 target=27225,3177,2435,0,64,3,30
elapsed=20417 source=05F4 action=contract pose=28630,-6787,-5692,45,7,0,63 target=27225,3177,2435,0,64,3,30
elapsed=20417 source=05F4 action=contract pose=28615,-6689,-5612,45,7,0,63 target=27225,3177,2435,0,64,3,30
elapsed=20417 source=05F4 action=face-immediate pose=28601,-6591,-5533,45,7,0,63 target=27225,3177,2435,0,64,3,30
elapsed=20418 source=05F4 action=advance-homing pose=28601,-6591,-5533,44,7,0,63 target=27225,3177,2435,0,64,3,30
elapsed=20421 source=05F4 action=contract pose=28585,-6371,-5421,44,7,0,63 target=27197,3177,2435,0,64,3,30
elapsed=20421 source=05F4 action=contract pose=28570,-6274,-5341,44,7,0,63 target=27197,3177,2435,0,64,3,30
elapsed=20421 source=05F4 action=contract pose=28555,-6177,-5261,44,7,0,63 target=27197,3177,2435,0,64,3,30
elapsed=20421 source=05F4 action=face-immediate pose=28540,-6079,-5181,44,7,0,63 target=27197,3177,2435,0,64,3,30
elapsed=20421 source=05F4 action=advance-homing pose=28540,-6079,-5181,44,8,0,63 target=27197,3177,2435,0,64,3,30
elapsed=20424 source=05F4 action=contract pose=28520,-5859,-5069,44,8,0,63 target=27169,3177,2435,0,64,2,30
elapsed=20424 source=05F4 action=contract pose=28505,-5762,-4989,44,8,0,63 target=27169,3177,2435,0,64,2,30
elapsed=20424 source=05F4 action=contract pose=28490,-5665,-4909,44,8,0,63 target=27169,3177,2435,0,64,2,30
elapsed=20424 source=05F4 action=face-immediate pose=28475,-5568,-4829,44,8,0,63 target=27169,3177,2435,0,64,2,30
elapsed=20424 source=05F4 action=advance-homing pose=28475,-5568,-4829,44,8,0,63 target=27169,3177,2435,0,64,2,30
elapsed=20427 source=05F4 action=contract pose=28455,-5348,-4717,44,8,0,63 target=27141,3177,2435,0,64,2,30
elapsed=20427 source=05F4 action=contract pose=28439,-5252,-4636,44,8,0,63 target=27141,3177,2435,0,64,2,30
elapsed=20427 source=05F4 action=contract pose=28423,-5155,-4555,44,8,0,63 target=27141,3177,2435,0,64,2,30
elapsed=20427 source=05F4 action=face-immediate pose=28407,-5058,-4474,44,8,0,63 target=27141,3177,2435,0,64,2,30
elapsed=20427 source=05F4 action=advance-homing pose=28407,-5058,-4474,44,8,0,63 target=27141,3177,2435,0,64,2,30
elapsed=20430 source=05F4 action=contract pose=28387,-4838,-4362,44,8,0,63 target=27113,3177,2435,0,64,1,30
elapsed=20430 source=05F4 action=contract pose=28371,-4742,-4281,44,8,0,63 target=27113,3177,2435,0,64,1,30
elapsed=20430 source=05F4 action=contract pose=28355,-4646,-4200,44,8,0,63 target=27113,3177,2435,0,64,1,30
elapsed=20430 source=05F4 action=face-immediate pose=28339,-4550,-4119,44,8,0,63 target=27113,3177,2435,0,64,1,30
elapsed=20430 source=05F4 action=advance-homing pose=28339,-4550,-4119,44,8,0,63 target=27113,3177,2435,0,64,1,30
elapsed=20433 source=05F4 action=contract pose=28319,-4330,-4007,44,8,0,63 target=27085,3177,2435,0,64,0,30
elapsed=20433 source=05F4 action=contract pose=28303,-4235,-3925,44,8,0,63 target=27085,3177,2435,0,64,0,30
elapsed=20433 source=05F4 action=contract pose=28286,-4140,-3843,44,8,0,63 target=27085,3177,2435,0,64,0,30
elapsed=20433 source=05F4 action=face-immediate pose=28270,-4045,-3761,44,8,0,63 target=27085,3177,2435,0,64,0,30
elapsed=20433 source=05F4 action=advance-homing pose=28270,-4045,-3761,43,8,0,63 target=27085,3177,2435,0,64,0,30
elapsed=20436 source=05F4 action=contract pose=28250,-3829,-3645,43,8,0,63 target=27057,3177,2435,0,64,255,30
elapsed=20436 source=05F4 action=contract pose=28233,-3734,-3563,43,8,0,63 target=27057,3177,2435,0,64,255,30
elapsed=20436 source=05F4 action=contract pose=28216,-3639,-3481,43,8,0,63 target=27057,3177,2435,0,64,255,30
elapsed=20436 source=05F4 action=face-immediate pose=28199,-3544,-3399,43,8,0,63 target=27057,3177,2435,0,64,255,30
elapsed=20436 source=05F4 action=advance-homing pose=28199,-3544,-3399,43,8,0,63 target=27057,3177,2435,0,64,255,30
elapsed=20439 source=05F4 action=contract pose=28179,-3328,-3283,43,8,0,63 target=27029,3177,2435,0,64,254,30
elapsed=20439 source=05F4 action=contract pose=28162,-3234,-3200,43,8,0,63 target=27029,3177,2435,0,64,254,30
elapsed=20439 source=05F4 action=contract pose=28145,-3140,-3117,43,8,0,63 target=27029,3177,2435,0,64,254,30
elapsed=20439 source=05F4 action=face-immediate pose=28128,-3046,-3034,43,8,0,63 target=27029,3177,2435,0,64,254,30
elapsed=20439 source=05F4 action=advance-homing pose=28128,-3046,-3034,43,8,0,63 target=27029,3177,2435,0,64,254,30
elapsed=20442 source=05F4 action=contract pose=28108,-2830,-2918,43,8,0,63 target=27001,3177,2435,0,64,254,30
elapsed=20442 source=05F4 action=contract pose=28090,-2736,-2834,43,8,0,63 target=27001,3177,2435,0,64,254,30
elapsed=20443 source=05F4 action=contract pose=28072,-2642,-2751,43,8,0,63 target=27001,3177,2435,0,64,254,30
elapsed=20443 source=05F4 action=face-immediate pose=28054,-2548,-2668,43,8,0,63 target=27001,3177,2435,0,64,254,30
elapsed=20443 source=05F4 action=advance-homing pose=28054,-2548,-2668,43,9,0,63 target=27001,3177,2435,0,64,254,30
elapsed=20446 source=05F4 action=contract pose=28030,-2332,-2552,43,9,0,63 target=26973,3177,2435,0,64,253,30
elapsed=20446 source=05F4 action=contract pose=28011,-2239,-2468,43,9,0,63 target=26973,3177,2435,0,64,253,30
elapsed=20446 source=05F4 action=contract pose=27993,-2146,-2384,43,9,0,63 target=26973,3177,2435,0,64,253,30
elapsed=20446 source=05F4 action=face-immediate pose=27974,-2053,-2300,43,9,0,63 target=26973,3177,2435,0,64,253,30
elapsed=20446 source=05F4 action=advance-homing pose=27974,-2053,-2300,42,9,0,63 target=26973,3177,2435,0,64,253,30
elapsed=20449 source=05F4 action=contract pose=27950,-1841,-2180,42,9,0,63 target=26945,3177,2435,0,64,253,30
elapsed=20449 source=05F4 action=contract pose=27931,-1749,-2095,42,9,0,63 target=26945,3177,2435,0,64,253,30
elapsed=20449 source=05F4 action=contract pose=27912,-1657,-2010,42,9,0,63 target=26945,3177,2435,0,64,253,30
elapsed=20449 source=05F4 action=face-immediate pose=27893,-1565,-1925,42,9,0,63 target=26945,3177,2435,0,64,253,30
elapsed=20449 source=05F4 action=advance-homing pose=27893,-1565,-1925,42,9,0,63 target=26945,3177,2435,0,64,253,30
elapsed=20452 source=0672 action=set-cruise-speed pose=30864,-6433,-6756,39,17,0,30 target=26917,3177,2435,0,64,252,30
elapsed=20452 source=0672 action=contract pose=30864,-6433,-6756,39,17,0,63 target=26917,3177,2435,0,64,252,30
elapsed=20452 source=0672 action=contract pose=30827,-6345,-6672,39,17,0,63 target=26917,3177,2435,0,64,252,30
elapsed=20452 source=0672 action=contract pose=30790,-6257,-6588,39,17,0,63 target=26917,3177,2435,0,64,252,30
elapsed=20452 source=0672 action=face-immediate pose=30753,-6169,-6504,39,17,0,63 target=26917,3177,2435,0,64,252,30
elapsed=20452 source=0672 action=advance-homing pose=30753,-6169,-6504,39,17,0,63 target=26917,3177,2435,0,64,252,30
elapsed=20453 source=05F4 action=contract pose=27869,-1353,-1805,42,9,0,63 target=26917,3177,2435,0,64,252,30
elapsed=20453 source=05F4 action=contract pose=27849,-1262,-1719,42,9,0,63 target=26917,3177,2435,0,64,252,30
elapsed=20453 source=05F4 action=contract pose=27829,-1171,-1634,42,9,0,63 target=26917,3177,2435,0,64,252,30
elapsed=20453 source=05F4 action=face-immediate pose=27809,-1080,-1549,42,9,0,63 target=26917,3177,2435,0,64,252,30
elapsed=20453 source=05F4 action=advance-homing pose=27809,-1080,-1549,41,9,0,63 target=26917,3177,2435,0,64,252,30
elapsed=20456 source=0672 action=contract pose=30697,-5969,-6376,39,17,0,63 target=26889,3177,2435,0,64,252,30
elapsed=20456 source=0672 action=contract pose=30660,-5882,-6292,39,17,0,63 target=26889,3177,2435,0,64,252,30
elapsed=20456 source=0672 action=contract pose=30623,-5795,-6208,39,17,0,63 target=26889,3177,2435,0,64,252,30
elapsed=20456 source=0672 action=face-immediate pose=30586,-5708,-6124,39,17,0,63 target=26889,3177,2435,0,64,252,30
elapsed=20456 source=0672 action=advance-homing pose=30586,-5708,-6124,39,17,0,63 target=26889,3177,2435,0,64,252,30
elapsed=20456 source=05F4 action=contract pose=27785,-872,-1425,41,9,0,63 target=26889,3177,2435,0,64,252,30
elapsed=20456 source=05F4 action=contract pose=27764,-782,-1339,41,9,0,63 target=26889,3177,2435,0,64,252,30
elapsed=20456 source=05F4 action=contract pose=27743,-692,-1253,41,9,0,63 target=26889,3177,2435,0,64,252,30
elapsed=20456 source=05F4 action=face-immediate pose=27722,-602,-1167,41,9,0,63 target=26889,3177,2435,0,64,252,30
elapsed=20456 source=05F4 action=advance-homing pose=27722,-602,-1167,41,10,0,63 target=26889,3177,2435,0,64,252,30
elapsed=20459 source=0672 action=contract pose=30530,-5508,-5996,39,17,0,63 target=26861,3177,2435,0,64,252,30
elapsed=20459 source=0672 action=contract pose=30492,-5421,-5912,39,17,0,63 target=26861,3177,2435,0,64,252,30
elapsed=20459 source=0672 action=contract pose=30454,-5334,-5828,39,17,0,63 target=26861,3177,2435,0,64,252,30
elapsed=20459 source=0672 action=face-immediate pose=30416,-5247,-5743,39,17,0,63 target=26861,3177,2435,0,64,252,30
elapsed=20459 source=0672 action=advance-homing pose=30416,-5247,-5743,39,17,0,63 target=26861,3177,2435,0,64,252,30
elapsed=20459 source=05F4 action=contract pose=27694,-394,-1043,41,10,0,63 target=26861,3177,2435,0,64,252,30
elapsed=20460 source=05F4 action=contract pose=27672,-305,-956,41,10,0,63 target=26861,3177,2435,0,64,252,30
elapsed=20460 source=05F4 action=contract pose=27650,-216,-869,41,10,0,63 target=26861,3177,2435,0,64,252,30
elapsed=20460 source=05F4 action=face-immediate pose=27628,-127,-782,41,10,0,63 target=26861,3177,2435,0,64,252,30
elapsed=20460 source=05F4 action=advance-homing pose=27628,-127,-782,41,10,0,63 target=26861,3177,2435,0,64,252,30
elapsed=20463 source=0672 action=contract pose=30360,-5047,-5615,39,17,0,63 target=26833,3177,2435,0,64,252,30
elapsed=20463 source=0672 action=contract pose=30322,-4961,-5531,39,17,0,63 target=26833,3177,2435,0,64,252,30
elapsed=20463 source=0672 action=contract pose=30284,-4874,-5446,39,17,0,63 target=26833,3177,2435,0,64,252,30
elapsed=20463 source=0672 action=face-immediate pose=30246,-4787,-5361,39,17,0,63 target=26833,3177,2435,0,64,252,30
elapsed=20463 source=0672 action=advance-homing pose=30246,-4787,-5361,38,17,0,63 target=26833,3177,2435,0,64,252,30
elapsed=20463 source=05F4 action=contract pose=27600,81,-658,41,10,0,63 target=26833,3177,2435,0,64,252,30
elapsed=20463 source=05F4 action=contract pose=27577,169,-570,41,10,0,63 target=26833,3177,2435,0,64,252,30
elapsed=20463 source=05F4 action=contract pose=27555,257,-482,41,10,0,63 target=26833,3177,2435,0,64,252,30
elapsed=20463 source=05F4 action=face-immediate pose=27533,345,-394,41,10,0,63 target=26833,3177,2435,0,64,252,30
elapsed=20463 source=05F4 action=advance-homing pose=27533,345,-394,40,10,0,63 target=26833,3177,2435,0,64,252,30
elapsed=20466 source=0672 action=contract pose=30190,-4587,-5229,38,17,0,63 target=26805,3177,2435,0,64,253,30
elapsed=20466 source=0672 action=contract pose=30151,-4501,-5144,38,17,0,63 target=26805,3177,2435,0,64,253,30
elapsed=20466 source=0672 action=contract pose=30113,-4415,-5059,38,17,0,63 target=26805,3177,2435,0,64,253,30
elapsed=20466 source=0672 action=face-immediate pose=30075,-4329,-4974,38,17,0,63 target=26805,3177,2435,0,64,253,30
elapsed=20466 source=0672 action=advance-homing pose=30075,-4329,-4974,38,17,0,63 target=26805,3177,2435,0,64,253,30
elapsed=20466 source=05F4 action=contract pose=27505,549,-266,40,10,0,63 target=26805,3177,2435,0,64,253,30
elapsed=20466 source=05F4 action=contract pose=27481,636,-177,40,10,0,63 target=26805,3177,2435,0,64,253,30
elapsed=20466 source=05F4 action=contract pose=27457,723,-88,40,10,0,63 target=26805,3177,2435,0,64,253,30
elapsed=20466 source=05F4 action=face-immediate pose=27433,810,1,40,10,0,63 target=26805,3177,2435,0,64,253,30
elapsed=20467 source=05F4 action=advance-homing pose=27433,810,1,39,11,0,63 target=26805,3177,2435,0,64,253,30
elapsed=20470 source=0672 action=contract pose=30019,-4129,-4842,38,17,0,63 target=26777,3177,2435,0,64,253,30
elapsed=20470 source=0672 action=contract pose=29980,-4043,-4757,38,17,0,63 target=26777,3177,2435,0,64,253,30
elapsed=20470 source=0672 action=contract pose=29941,-3957,-4672,38,17,0,63 target=26777,3177,2435,0,64,253,30
elapsed=20470 source=0672 action=face-immediate pose=29902,-3872,-4587,38,17,0,63 target=26777,3177,2435,0,64,253,30
elapsed=20470 source=0672 action=advance-homing pose=29902,-3872,-4587,38,17,0,63 target=26777,3177,2435,0,64,253,30
elapsed=20470 source=05F4 action=contract pose=27397,1010,137,39,11,0,63 target=26777,3177,2435,0,64,253,30
elapsed=20470 source=05F4 action=contract pose=27372,1095,227,39,11,0,63 target=26777,3177,2435,0,64,253,30
elapsed=20470 source=05F4 action=contract pose=27347,1180,317,39,11,0,63 target=26777,3177,2435,0,64,253,30
elapsed=20470 source=05F4 action=face-immediate pose=27322,1265,407,39,11,0,63 target=26777,3177,2435,0,64,253,30
elapsed=20470 source=05F4 action=advance-homing pose=27322,1265,407,39,11,0,63 target=26777,3177,2435,0,64,253,30
elapsed=20473 source=0672 action=contract pose=29846,-3672,-4455,38,17,0,63 target=26749,3177,2435,0,64,254,30
elapsed=20473 source=0672 action=contract pose=29807,-3587,-4369,38,17,0,63 target=26749,3177,2435,0,64,254,30
elapsed=20473 source=0672 action=contract pose=29768,-3502,-4284,38,17,0,63 target=26749,3177,2435,0,64,254,30
elapsed=20473 source=0672 action=face-immediate pose=29729,-3417,-4198,38,17,0,63 target=26749,3177,2435,0,64,254,30
elapsed=20473 source=0672 action=advance-homing pose=29729,-3417,-4198,38,18,0,63 target=26749,3177,2435,0,64,254,30
elapsed=20473 source=05F4 action=contract pose=27286,1465,543,39,11,0,63 target=26749,3177,2435,0,64,254,30
elapsed=20473 source=05F4 action=contract pose=27259,1548,635,39,11,0,63 target=26749,3177,2435,0,64,254,30
elapsed=20473 source=05F4 action=contract pose=27232,1631,727,39,11,0,63 target=26749,3177,2435,0,64,254,30
elapsed=20473 source=05F4 action=face-immediate pose=27205,1714,819,39,11,0,63 target=26749,3177,2435,0,64,254,30
elapsed=20473 source=05F4 action=advance-homing pose=27205,1714,819,38,12,0,63 target=26749,3177,2435,0,64,254,30
elapsed=20476 source=0672 action=contract pose=29669,-3217,-4070,38,18,0,63 target=26721,3177,2435,0,64,254,30
elapsed=20477 source=0672 action=contract pose=29629,-3132,-3984,38,18,0,63 target=26721,3177,2435,0,64,254,30
elapsed=20477 source=0672 action=contract pose=29589,-3047,-3898,38,18,0,63 target=26721,3177,2435,0,64,254,30
elapsed=20477 source=0672 action=face-immediate pose=29549,-2963,-3812,38,18,0,63 target=26721,3177,2435,0,64,254,30
elapsed=20477 source=0672 action=advance-homing pose=29549,-2963,-3812,38,18,0,63 target=26721,3177,2435,0,64,254,30
elapsed=20477 source=05F4 action=contract pose=27169,1914,955,38,12,0,63 target=26721,3177,2435,0,64,254,30
elapsed=20477 source=05F4 action=contract pose=27140,1994,1049,38,12,0,63 target=26721,3177,2435,0,64,254,30
elapsed=20477 source=05F4 action=contract pose=27111,2074,1143,38,12,0,63 target=26721,3177,2435,0,64,254,30
elapsed=20477 source=05F4 action=face-immediate pose=27082,2154,1237,38,12,0,63 target=26721,3177,2435,0,64,254,30
elapsed=20477 source=05F4 action=advance-homing pose=27082,2154,1237,36,12,0,63 target=26721,3177,2435,0,64,254,30
elapsed=20480 source=0672 action=contract pose=29489,-2763,-3684,38,18,0,63 target=26693,3177,2435,0,64,255,30
elapsed=20480 source=0672 action=contract pose=29449,-2679,-3598,38,18,0,63 target=26693,3177,2435,0,64,255,30
elapsed=20480 source=0672 action=contract pose=29409,-2595,-3512,38,18,0,63 target=26693,3177,2435,0,64,255,30
elapsed=20480 source=0672 action=face-immediate pose=29369,-2511,-3426,38,18,0,63 target=26693,3177,2435,0,64,255,30
elapsed=20480 source=0672 action=advance-homing pose=29369,-2511,-3426,37,18,0,63 target=26693,3177,2435,0,64,255,30
elapsed=20480 source=05F4 action=contract pose=27042,2346,1381,36,12,0,63 target=26693,3177,2435,0,64,255,30
elapsed=20480 source=05F4 action=contract pose=27009,2422,1477,36,12,0,63 target=26693,3177,2435,0,64,255,30
elapsed=20480 source=05F4 action=contract pose=26977,2498,1573,36,12,0,63 target=26693,3177,2435,0,64,255,30
elapsed=20480 source=05F4 action=face-immediate pose=26945,2574,1669,36,12,0,63 target=26693,3177,2435,0,64,255,30
elapsed=20480 source=05F4 action=advance-homing pose=26945,2574,1669,34,13,0,63 target=26693,3177,2435,0,64,255,30
elapsed=20483 source=0672 action=contract pose=29309,-2315,-3290,37,18,0,63 target=26665,3177,2435,0,64,0,30
elapsed=20483 source=0672 action=contract pose=29268,-2232,-3203,37,18,0,63 target=26665,3177,2435,0,64,0,30
elapsed=20483 source=0672 action=contract pose=29227,-2149,-3116,37,18,0,63 target=26665,3177,2435,0,64,0,30
elapsed=20483 source=0672 action=face-immediate pose=29186,-2066,-3030,37,18,0,63 target=26665,3177,2435,0,64,0,30
elapsed=20483 source=0672 action=advance-homing pose=29186,-2066,-3030,37,18,0,63 target=26665,3177,2435,0,64,0,30
elapsed=20484 source=05F4 action=face-immediate pose=26897,2758,1825,34,13,0,63 target=26665,3177,2435,0,64,0,30
elapsed=20484 source=05F4 action=set-cruise-speed pose=26897,2758,1825,31,15,0,63 target=26665,3177,2435,0,64,0,30
elapsed=20484 source=05F4 action=advance-aim pose=26897,2758,1825,31,15,0,63 target=26665,3177,2435,0,64,0,30
elapsed=20487 source=0672 action=contract pose=29126,-1870,-2894,37,18,0,63 target=26637,3177,2435,0,64,1,30
elapsed=20487 source=0672 action=contract pose=29084,-1787,-2807,37,18,0,63 target=26637,3177,2435,0,64,1,30
elapsed=20487 source=0672 action=contract pose=29043,-1705,-2720,37,18,0,63 target=26637,3177,2435,0,64,1,30
elapsed=20487 source=0672 action=face-immediate pose=29001,-1623,-2633,37,18,0,63 target=26637,3177,2435,0,64,1,30
elapsed=20487 source=0672 action=advance-homing pose=29001,-1623,-2633,37,18,0,63 target=26637,3177,2435,0,64,1,30
elapsed=20487 source=05F4 action=advance-aim pose=26837,2926,1989,31,15,0,63 target=26637,3177,2435,0,64,1,30
elapsed=20487 source=05F4 action=face-smooth pose=26777,3094,2153,31,15,0,63 target=26637,3177,2435,0,64,1,30
elapsed=20490 source=0672 action=contract pose=28941,-1427,-2497,37,18,0,63 target=26609,3177,2435,0,64,2,30
elapsed=20490 source=0672 action=contract pose=28899,-1345,-2410,37,18,0,63 target=26609,3177,2435,0,64,2,30
elapsed=20490 source=0672 action=contract pose=28857,-1263,-2323,37,18,0,63 target=26609,3177,2435,0,64,2,30
elapsed=20491 source=0672 action=face-immediate pose=28815,-1182,-2236,37,18,0,63 target=26609,3177,2435,0,64,2,30
elapsed=20491 source=0672 action=advance-homing pose=28815,-1182,-2236,36,18,0,63 target=26609,3177,2435,0,64,2,30
elapsed=20491 source=05F4 action=advance-aim pose=26777,3094,2153,27,16,0,63 target=26609,3177,2435,0,64,2,30
elapsed=20494 source=0672 action=contract pose=28751,-990,-2096,36,18,0,63 target=26581,3177,2435,0,64,2,30
elapsed=20494 source=0672 action=contract pose=28708,-909,-2008,36,18,0,63 target=26581,3177,2435,0,64,2,30
elapsed=20494 source=0672 action=contract pose=28665,-828,-1920,36,18,0,63 target=26581,3177,2435,0,64,2,30
elapsed=20494 source=0672 action=face-immediate pose=28622,-747,-1832,36,18,0,63 target=26581,3177,2435,0,64,2,30
elapsed=20494 source=0672 action=advance-homing pose=28622,-747,-1832,36,19,0,63 target=26581,3177,2435,0,64,2,30
elapsed=20494 source=05F4 action=advance-aim pose=26709,3246,2329,27,16,0,63 target=26581,3177,2435,0,64,2,30
elapsed=20497 source=0672 action=contract pose=28554,-555,-1696,36,19,0,63 target=26553,3177,2435,0,64,3,30
elapsed=20497 source=0672 action=contract pose=28510,-475,-1608,36,19,0,63 target=26553,3177,2435,0,64,3,30
elapsed=20498 source=0672 action=contract pose=28466,-395,-1520,36,19,0,63 target=26553,3177,2435,0,64,3,30
elapsed=20498 source=0672 action=face-immediate pose=28422,-315,-1432,36,19,0,63 target=26553,3177,2435,0,64,3,30
elapsed=20498 source=0672 action=advance-homing pose=28422,-315,-1432,36,19,0,63 target=26553,3177,2435,0,64,3,30
elapsed=20498 source=05F4 action=advance-cruise pose=26641,3398,2505,27,16,0,63 target=26553,3177,2435,0,64,3,30
elapsed=20501 source=0672 action=contract pose=28354,-123,-1296,36,19,0,63 target=26525,3177,2435,0,64,3,30
elapsed=20501 source=0672 action=contract pose=28310,-44,-1207,36,19,0,63 target=26525,3177,2435,0,64,3,30
elapsed=20501 source=0672 action=contract pose=28266,35,-1118,36,19,0,63 target=26525,3177,2435,0,64,3,30
elapsed=20501 source=0672 action=face-immediate pose=28222,114,-1029,36,19,0,63 target=26525,3177,2435,0,64,3,30
elapsed=20501 source=0672 action=advance-homing pose=28222,114,-1029,35,19,0,63 target=26525,3177,2435,0,64,3,30
elapsed=20501 source=05F4 action=advance-cruise pose=26573,3550,2681,27,16,0,63 target=26525,3177,2435,0,64,3,30
elapsed=20504 source=0672 action=contract pose=28154,302,-889,35,19,0,63 target=26497,3177,2435,0,64,4,30
elapsed=20504 source=0672 action=contract pose=28109,379,-800,35,19,0,63 target=26497,3177,2435,0,64,4,30
elapsed=20504 source=0672 action=contract pose=28064,456,-711,35,19,0,63 target=26497,3177,2435,0,64,4,30
elapsed=20504 source=0672 action=face-immediate pose=28019,533,-622,35,19,0,63 target=26497,3177,2435,0,64,4,30
elapsed=20504 source=0672 action=advance-homing pose=28019,533,-622,35,19,0,63 target=26497,3177,2435,0,64,4,30
elapsed=20504 source=05F4 action=advance-cruise pose=26505,3702,2857,27,16,0,63 target=26497,3177,2435,0,64,4,30
elapsed=20508 source=072F action=set-cruise-speed pose=32088,-2917,-6784,28,23,0,30 target=26469,3177,2435,0,64,4,30
elapsed=20508 source=072F action=contract pose=32088,-2917,-6784,28,23,0,63 target=26469,3177,2435,0,64,4,30
elapsed=20508 source=072F action=contract pose=32029,-2855,-6690,28,23,0,63 target=26469,3177,2435,0,64,4,30
elapsed=20508 source=072F action=contract pose=31970,-2793,-6596,28,23,0,63 target=26469,3177,2435,0,64,4,30
elapsed=20508 source=072F action=face-immediate pose=31911,-2731,-6502,28,23,0,63 target=26469,3177,2435,0,64,4,30
elapsed=20508 source=072F action=advance-homing pose=31911,-2731,-6502,28,23,0,63 target=26469,3177,2435,0,64,4,30
elapsed=20508 source=0672 action=contract pose=27951,721,-482,35,19,0,63 target=26469,3177,2435,0,64,4,30
elapsed=20508 source=0672 action=contract pose=27904,797,-392,35,19,0,63 target=26469,3177,2435,0,64,4,30
elapsed=20508 source=0672 action=contract pose=27857,873,-302,35,19,0,63 target=26469,3177,2435,0,64,4,30
elapsed=20508 source=0672 action=face-immediate pose=27810,949,-212,35,19,0,63 target=26469,3177,2435,0,64,4,30
elapsed=20508 source=0672 action=advance-homing pose=27810,949,-212,34,19,0,63 target=26469,3177,2435,0,64,4,30
elapsed=20508 source=05F4 action=advance-cruise pose=26437,3854,3033,27,16,0,63 target=26469,3177,2435,0,64,4,30
elapsed=20512 source=072F action=contract pose=31815,-2575,-6346,28,23,0,63 target=26441,3177,2435,0,64,4,30
elapsed=20512 source=072F action=contract pose=31756,-2514,-6252,28,23,0,63 target=26441,3177,2435,0,64,4,30
elapsed=20512 source=072F action=contract pose=31697,-2452,-6158,28,23,0,63 target=26441,3177,2435,0,64,4,30
elapsed=20512 source=072F action=face-immediate pose=31638,-2391,-6064,28,23,0,63 target=26441,3177,2435,0,64,4,30
elapsed=20512 source=072F action=advance-homing pose=31638,-2391,-6064,28,23,0,63 target=26441,3177,2435,0,64,4,30
elapsed=20512 source=0672 action=contract pose=27738,1133,-68,34,19,0,63 target=26441,3177,2435,0,64,4,30
elapsed=20512 source=0672 action=contract pose=27690,1207,23,34,19,0,63 target=26441,3177,2435,0,64,4,30
elapsed=20512 source=0672 action=contract pose=27642,1281,114,34,19,0,63 target=26441,3177,2435,0,64,4,30
elapsed=20512 source=0672 action=face-immediate pose=27594,1355,205,34,19,0,63 target=26441,3177,2435,0,64,4,30
elapsed=20512 source=0672 action=advance-homing pose=27594,1355,205,33,20,0,63 target=26441,3177,2435,0,64,4,30
elapsed=20512 source=05F4 action=advance-cruise pose=26369,4006,3209,27,16,0,63 target=26441,3177,2435,0,64,4,30
elapsed=20515 source=072F action=contract pose=31542,-2235,-5908,28,23,0,63 target=26413,3177,2435,0,64,4,30
elapsed=20515 source=072F action=contract pose=31483,-2174,-5814,28,23,0,63 target=26413,3177,2435,0,64,4,30
elapsed=20515 source=072F action=contract pose=31424,-2113,-5719,28,23,0,63 target=26413,3177,2435,0,64,4,30
elapsed=20515 source=072F action=face-immediate pose=31365,-2052,-5625,28,23,0,63 target=26413,3177,2435,0,64,4,30
elapsed=20515 source=072F action=advance-homing pose=31365,-2052,-5625,27,23,0,63 target=26413,3177,2435,0,64,4,30
elapsed=20516 source=0672 action=contract pose=27518,1531,353,33,20,0,63 target=26413,3177,2435,0,64,4,30
elapsed=20516 source=0672 action=contract pose=27469,1603,445,33,20,0,63 target=26413,3177,2435,0,64,4,30
elapsed=20516 source=0672 action=contract pose=27420,1675,536,33,20,0,63 target=26413,3177,2435,0,64,4,30
elapsed=20516 source=0672 action=face-immediate pose=27371,1747,628,33,20,0,63 target=26413,3177,2435,0,64,4,30
elapsed=20516 source=0672 action=advance-homing pose=27371,1747,628,32,20,0,63 target=26413,3177,2435,0,64,4,30
elapsed=20516 source=05F4 action=advance-cruise pose=26301,4158,3385,27,16,0,63 target=26413,3177,2435,0,64,4,30
elapsed=20519 source=072F action=contract pose=31265,-1900,-5465,27,23,0,63 target=26385,3177,2435,0,64,3,30
elapsed=20519 source=072F action=contract pose=31206,-1840,-5370,27,23,0,63 target=26385,3177,2435,0,64,3,30
elapsed=20519 source=072F action=contract pose=31146,-1780,-5276,27,23,0,63 target=26385,3177,2435,0,64,3,30
elapsed=20519 source=072F action=face-immediate pose=31087,-1719,-5182,27,23,0,63 target=26385,3177,2435,0,64,3,30
elapsed=20519 source=072F action=advance-homing pose=31087,-1719,-5182,27,23,0,63 target=26385,3177,2435,0,64,3,30
elapsed=20519 source=0672 action=contract pose=27291,1919,780,32,20,0,63 target=26385,3177,2435,0,64,3,30
elapsed=20519 source=0672 action=contract pose=27240,1989,872,32,20,0,63 target=26385,3177,2435,0,64,3,30
elapsed=20519 source=0672 action=contract pose=27189,2059,964,32,20,0,63 target=26385,3177,2435,0,64,3,30
elapsed=20519 source=0672 action=face-immediate pose=27138,2129,1056,32,20,0,63 target=26385,3177,2435,0,64,3,30
elapsed=20519 source=0672 action=advance-homing pose=27138,2129,1056,31,21,0,63 target=26385,3177,2435,0,64,3,30
elapsed=20519 source=05F4 action=advance-cruise pose=26233,4310,3561,27,16,0,63 target=26385,3177,2435,0,64,3,30
elapsed=20522 source=072F action=contract pose=30987,-1567,-5022,27,23,0,63 target=26357,3177,2435,0,64,3,30
elapsed=20522 source=072F action=contract pose=30927,-1507,-4927,27,23,0,63 target=26357,3177,2435,0,64,3,30
elapsed=20523 source=072F action=contract pose=30867,-1447,-4832,27,23,0,63 target=26357,3177,2435,0,64,3,30
elapsed=20523 source=072F action=face-immediate pose=30807,-1387,-4737,27,23,0,63 target=26357,3177,2435,0,64,3,30
elapsed=20523 source=072F action=advance-homing pose=30807,-1387,-4737,27,23,0,63 target=26357,3177,2435,0,64,3,30
elapsed=20523 source=0672 action=contract pose=27054,2297,1208,31,21,0,63 target=26357,3177,2435,0,64,3,30
elapsed=20523 source=0672 action=contract pose=27000,2364,1301,31,21,0,63 target=26357,3177,2435,0,64,3,30
elapsed=20523 source=0672 action=contract pose=26946,2431,1394,31,21,0,63 target=26357,3177,2435,0,64,3,30
elapsed=20523 source=0672 action=face-immediate pose=26892,2498,1487,31,21,0,63 target=26357,3177,2435,0,64,3,30
elapsed=20523 source=0672 action=advance-homing pose=26892,2498,1487,30,21,0,63 target=26357,3177,2435,0,64,3,30
elapsed=20523 source=05F4 action=advance-cruise pose=26165,4462,3737,27,16,0,63 target=26357,3177,2435,0,64,3,30
elapsed=20526 source=072F action=contract pose=30707,-1235,-4577,27,23,0,63 target=26329,3177,2435,0,64,2,30
elapsed=20526 source=072F action=contract pose=30647,-1176,-4482,27,23,0,63 target=26329,3177,2435,0,64,2,30
elapsed=20526 source=072F action=contract pose=30587,-1117,-4387,27,23,0,63 target=26329,3177,2435,0,64,2,30
elapsed=20526 source=072F action=face-immediate pose=30527,-1058,-4292,27,23,0,63 target=26329,3177,2435,0,64,2,30
elapsed=20526 source=072F action=advance-homing pose=30527,-1058,-4292,27,23,0,63 target=26329,3177,2435,0,64,2,30
elapsed=20526 source=0672 action=face-immediate pose=26804,2662,1643,30,21,0,63 target=26329,3177,2435,0,64,2,30
elapsed=20526 source=0672 action=set-cruise-speed pose=26804,2662,1643,28,22,0,63 target=26329,3177,2435,0,64,2,30
elapsed=20527 source=0672 action=advance-aim pose=26804,2662,1643,28,22,0,63 target=26329,3177,2435,0,64,2,30
elapsed=20527 source=05F4 action=advance-cruise pose=26097,4614,3913,27,16,0,63 target=26329,3177,2435,0,64,2,30
elapsed=20530 source=072F action=contract pose=30427,-906,-4132,27,23,0,63 target=26301,3177,2435,0,64,2,30
elapsed=20530 source=072F action=contract pose=30366,-847,-4037,27,23,0,63 target=26301,3177,2435,0,64,2,30
elapsed=20530 source=072F action=contract pose=30305,-788,-3942,27,23,0,63 target=26301,3177,2435,0,64,2,30
elapsed=20530 source=072F action=face-immediate pose=30244,-729,-3847,27,23,0,63 target=26301,3177,2435,0,64,2,30
elapsed=20530 source=072F action=advance-homing pose=30244,-729,-3847,26,23,0,63 target=26301,3177,2435,0,64,2,30
elapsed=20530 source=0672 action=advance-aim pose=26712,2818,1803,28,22,0,63 target=26301,3177,2435,0,64,2,30
elapsed=20530 source=0672 action=face-smooth pose=26620,2974,1963,28,22,0,63 target=26301,3177,2435,0,64,2,30
elapsed=20530 source=05F4 action=advance-cruise pose=26029,4766,4089,27,16,0,63 target=26301,3177,2435,0,64,2,30
elapsed=20533 source=072F action=contract pose=30144,-585,-3683,26,23,0,63 target=26273,3177,2435,0,64,1,30
elapsed=20533 source=072F action=contract pose=30083,-527,-3588,26,23,0,63 target=26273,3177,2435,0,64,1,30
elapsed=20533 source=072F action=contract pose=30022,-469,-3493,26,23,0,63 target=26273,3177,2435,0,64,1,30
elapsed=20534 source=072F action=face-immediate pose=29961,-411,-3398,26,23,0,63 target=26273,3177,2435,0,64,1,30
elapsed=20534 source=072F action=advance-homing pose=29961,-411,-3398,26,23,0,63 target=26273,3177,2435,0,64,1,30
elapsed=20534 source=0672 action=advance-aim pose=26620,2974,1963,26,23,0,63 target=26273,3177,2435,0,64,1,30
elapsed=20534 source=05F4 action=advance-cruise pose=25961,4918,4265,27,16,0,63 target=26273,3177,2435,0,64,1,30
elapsed=20537 source=072F action=contract pose=29861,-267,-3234,26,23,0,63 target=26245,3177,2435,0,64,0,30
elapsed=20537 source=072F action=contract pose=29799,-209,-3139,26,23,0,63 target=26245,3177,2435,0,64,0,30
elapsed=20537 source=072F action=contract pose=29737,-152,-3044,26,23,0,63 target=26245,3177,2435,0,64,0,30
elapsed=20537 source=072F action=face-immediate pose=29675,-95,-2949,26,23,0,63 target=26245,3177,2435,0,64,0,30
elapsed=20537 source=072F action=advance-homing pose=29675,-95,-2949,26,24,0,63 target=26245,3177,2435,0,64,0,30
elapsed=20537 source=0672 action=advance-aim pose=26520,3118,2127,26,23,0,63 target=26245,3177,2435,0,64,0,30
elapsed=20537 source=0672 action=face-smooth pose=26420,3262,2291,26,23,0,63 target=26245,3177,2435,0,64,0,30
elapsed=20537 source=05F4 action=advance-cruise pose=25893,5070,4441,27,16,0,63 target=26245,3177,2435,0,64,0,30
elapsed=20541 source=072F action=contract pose=29567,49,-2789,26,24,0,63 target=26217,3177,2435,0,64,255,30
elapsed=20541 source=072F action=contract pose=29505,106,-2694,26,24,0,63 target=26217,3177,2435,0,64,255,30
elapsed=20541 source=072F action=contract pose=29443,163,-2599,26,24,0,63 target=26217,3177,2435,0,64,255,30
elapsed=20541 source=072F action=face-immediate pose=29381,220,-2504,26,24,0,63 target=26217,3177,2435,0,64,255,30
elapsed=20541 source=072F action=advance-homing pose=29381,220,-2504,26,24,0,63 target=26217,3177,2435,0,64,255,30
elapsed=20541 source=0672 action=advance-aim pose=26420,3262,2291,15,26,0,63 target=26217,3177,2435,0,64,255,30
elapsed=20541 source=05F4 action=advance-cruise pose=25825,5222,4617,27,16,0,63 target=26217,3177,2435,0,64,255,30
elapsed=20544 source=072F action=contract pose=29273,364,-2344,26,24,0,63 target=26189,3177,2435,0,64,254,30
elapsed=20544 source=072F action=contract pose=29210,420,-2249,26,24,0,63 target=26189,3177,2435,0,64,254,30
elapsed=20544 source=072F action=contract pose=29148,476,-2154,26,24,0,63 target=26189,3177,2435,0,64,254,30
elapsed=20545 source=072F action=face-immediate pose=29086,532,-2059,26,24,0,63 target=26189,3177,2435,0,64,254,30
elapsed=20545 source=072F action=advance-homing pose=29086,532,-2059,25,24,0,63 target=26189,3177,2435,0,64,254,30
elapsed=20545 source=0672 action=advance-cruise pose=26288,3350,2475,15,26,0,63 target=26189,3177,2435,0,64,254,30
elapsed=20545 source=05F4 action=advance-cruise pose=25757,5374,4793,27,16,0,63 target=26189,3177,2435,0,64,254,30
elapsed=20548 source=072F action=contract pose=28978,672,-1895,25,24,0,63 target=26161,3177,2435,0,64,254,30
elapsed=20548 source=072F action=contract pose=28915,727,-1800,25,24,0,63 target=26161,3177,2435,0,64,254,30
elapsed=20548 source=072F action=contract pose=28852,782,-1705,25,24,0,63 target=26161,3177,2435,0,64,254,30
elapsed=20548 source=072F action=face-immediate pose=28789,837,-1610,25,24,0,63 target=26161,3177,2435,0,64,254,30
elapsed=20548 source=072F action=advance-homing pose=28789,837,-1610,25,24,0,63 target=26161,3177,2435,0,64,254,30
elapsed=20548 source=0672 action=advance-cruise pose=26156,3438,2659,15,26,0,63 target=26161,3177,2435,0,64,254,30
elapsed=20548 source=05F4 action=advance-cruise pose=25689,5526,4969,27,16,0,63 target=26161,3177,2435,0,64,254,30
elapsed=20551 source=072F action=contract pose=28681,977,-1446,25,24,0,63 target=26133,3177,2435,0,64,253,30
elapsed=20551 source=072F action=contract pose=28617,1031,-1350,25,24,0,63 target=26133,3177,2435,0,64,253,30
elapsed=20551 source=072F action=contract pose=28553,1085,-1254,25,24,0,63 target=26133,3177,2435,0,64,253,30
elapsed=20551 source=072F action=face-immediate pose=28489,1139,-1158,25,24,0,63 target=26133,3177,2435,0,64,253,30
elapsed=20551 source=072F action=advance-homing pose=28489,1139,-1158,24,24,0,63 target=26133,3177,2435,0,64,253,30
elapsed=20551 source=0672 action=advance-cruise pose=26024,3526,2843,15,26,0,63 target=26133,3177,2435,0,64,253,30
elapsed=20554 source=072F action=contract pose=28381,1275,-994,24,24,0,63 target=26105,3177,2435,0,64,253,30
elapsed=20554 source=072F action=contract pose=28317,1328,-898,24,24,0,63 target=26105,3177,2435,0,64,253,30
elapsed=20554 source=072F action=contract pose=28253,1381,-802,24,24,0,63 target=26105,3177,2435,0,64,253,30
elapsed=20554 source=072F action=face-immediate pose=28189,1434,-706,24,24,0,63 target=26105,3177,2435,0,64,253,30
elapsed=20555 source=072F action=advance-homing pose=28189,1434,-706,24,24,0,63 target=26105,3177,2435,0,64,253,30
elapsed=20555 source=0672 action=advance-cruise pose=25892,3614,3027,15,26,0,63 target=26105,3177,2435,0,64,253,30
elapsed=20558 source=072F action=contract pose=28081,1570,-542,24,24,0,63 target=26077,3177,2435,0,64,252,30
elapsed=20558 source=072F action=contract pose=28016,1621,-446,24,24,0,63 target=26077,3177,2435,0,64,252,30
elapsed=20558 source=072F action=contract pose=27951,1672,-350,24,24,0,63 target=26077,3177,2435,0,64,252,30
elapsed=20558 source=072F action=face-immediate pose=27886,1724,-254,24,24,0,63 target=26077,3177,2435,0,64,252,30
elapsed=20558 source=072F action=advance-homing pose=27886,1724,-254,23,25,0,63 target=26077,3177,2435,0,64,252,30
elapsed=20558 source=0672 action=advance-cruise pose=25760,3702,3211,15,26,0,63 target=26077,3177,2435,0,64,252,30
elapsed=20561 source=072F action=contract pose=27770,1852,-90,23,25,0,63 target=26049,3177,2435,0,64,252,30
elapsed=20561 source=072F action=contract pose=27704,1902,6,23,25,0,63 target=26049,3177,2435,0,64,252,30
elapsed=20561 source=072F action=contract pose=27638,1952,102,23,25,0,63 target=26049,3177,2435,0,64,252,30
elapsed=20561 source=072F action=face-immediate pose=27572,2002,198,23,25,0,63 target=26049,3177,2435,0,64,252,30
elapsed=20561 source=072F action=advance-homing pose=27572,2002,198,23,25,0,63 target=26049,3177,2435,0,64,252,30
elapsed=20561 source=0672 action=advance-cruise pose=25628,3790,3395,15,26,0,63 target=26049,3177,2435,0,64,252,30
elapsed=20564 source=072F action=contract pose=27456,2130,362,23,25,0,63 target=26021,3177,2435,0,64,252,30
elapsed=20564 source=072F action=contract pose=27389,2178,458,23,25,0,63 target=26021,3177,2435,0,64,252,30
elapsed=20564 source=072F action=contract pose=27322,2226,554,23,25,0,63 target=26021,3177,2435,0,64,252,30
elapsed=20565 source=072F action=face-immediate pose=27255,2274,650,23,25,0,63 target=26021,3177,2435,0,64,252,30
elapsed=20565 source=072F action=advance-homing pose=27255,2274,650,22,25,0,63 target=26021,3177,2435,0,64,252,30
elapsed=20565 source=0672 action=advance-cruise pose=25496,3878,3579,15,26,0,63 target=26021,3177,2435,0,64,252,30
elapsed=20568 source=072F action=contract pose=27139,2398,818,22,25,0,63 target=25993,3177,2435,0,64,252,30
elapsed=20568 source=072F action=contract pose=27070,2444,914,22,25,0,63 target=25993,3177,2435,0,64,252,30
elapsed=20568 source=072F action=contract pose=27001,2490,1010,22,25,0,63 target=25993,3177,2435,0,64,252,30
elapsed=20568 source=072F action=face-immediate pose=26932,2536,1106,22,25,0,63 target=25993,3177,2435,0,64,252,30
elapsed=20568 source=072F action=advance-homing pose=26932,2536,1106,21,25,0,63 target=25993,3177,2435,0,64,252,30
elapsed=20568 source=0672 action=advance-cruise pose=25364,3966,3763,15,26,0,63 target=25993,3177,2435,0,64,252,30
elapsed=20571 source=072F action=contract pose=26812,2656,1274,21,25,0,63 target=25965,3177,2435,0,64,253,30
elapsed=20571 source=072F action=contract pose=26741,2699,1370,21,25,0,63 target=25965,3177,2435,0,64,253,30
elapsed=20571 source=072F action=contract pose=26670,2742,1466,21,25,0,63 target=25965,3177,2435,0,64,253,30
elapsed=20571 source=072F action=face-immediate pose=26599,2785,1562,21,25,0,63 target=25965,3177,2435,0,64,253,30
elapsed=20571 source=072F action=advance-homing pose=26599,2785,1562,20,26,0,63 target=25965,3177,2435,0,64,253,30
elapsed=20571 source=0672 action=advance-cruise pose=25232,4054,3947,15,26,0,63 target=25965,3177,2435,0,64,253,30
elapsed=20574 source=072F action=face-immediate pose=26475,2901,1734,20,26,0,63 target=25937,3177,2435,0,64,253,30
elapsed=20574 source=072F action=set-cruise-speed pose=26475,2901,1734,17,27,0,63 target=25937,3177,2435,0,64,253,30
elapsed=20574 source=072F action=advance-aim pose=26475,2901,1734,17,27,0,63 target=25937,3177,2435,0,64,253,30
elapsed=20575 source=0672 action=advance-cruise pose=25100,4142,4131,15,26,0,63 target=25937,3177,2435,0,64,253,30
elapsed=20578 source=072F action=advance-aim pose=26339,3001,1910,17,27,0,63 target=25909,3177,2435,0,64,254,30
elapsed=20578 source=072F action=face-smooth pose=26203,3101,2086,17,27,0,63 target=25909,3177,2435,0,64,254,30
elapsed=20578 source=0672 action=advance-cruise pose=24968,4230,4315,15,26,0,63 target=25909,3177,2435,0,64,254,30
elapsed=20581 source=072F action=advance-aim pose=26203,3101,2086,15,28,0,63 target=25881,3177,2435,0,64,254,30
elapsed=20581 source=0672 action=advance-cruise pose=24836,4318,4499,15,26,0,63 target=25881,3177,2435,0,64,254,30
elapsed=20584 source=072F action=advance-aim pose=26063,3189,2262,15,28,0,63 target=25853,3177,2435,0,64,255,30
elapsed=20584 source=0672 action=advance-cruise pose=24704,4406,4683,15,26,0,63 target=25853,3177,2435,0,64,255,30
elapsed=20588 source=072F action=advance-aim pose=25923,3277,2438,15,28,0,63 target=25825,3177,2435,0,64,0,30
elapsed=20588 source=0672 action=advance-cruise pose=24572,4494,4867,15,26,0,63 target=25825,3177,2435,0,64,0,30
elapsed=20591 source=072F action=advance-cruise pose=25783,3365,2614,15,28,0,63 target=25797,3177,2435,0,64,1,30
elapsed=20591 source=0672 action=advance-cruise pose=24440,4582,5051,15,26,0,63 target=25797,3177,2435,0,64,1,30
elapsed=20594 source=072F action=advance-cruise pose=25643,3453,2790,15,28,0,63 target=25769,3177,2435,0,64,2,30
elapsed=20597 source=072F action=advance-cruise pose=25503,3541,2966,15,28,0,63 target=25741,3177,2435,0,64,2,30
elapsed=20600 source=072F action=advance-cruise pose=25363,3629,3142,15,28,0,63 target=25713,3177,2435,0,64,3,30
elapsed=20603 source=072F action=advance-cruise pose=25223,3717,3318,15,28,0,63 target=25685,3177,2435,0,64,3,30
elapsed=20606 source=072F action=advance-cruise pose=25083,3805,3494,15,28,0,63 target=25657,3177,2435,0,64,4,30
elapsed=20609 source=072F action=advance-cruise pose=24943,3893,3670,15,28,0,63 target=25629,3177,2435,0,64,4,30
elapsed=20612 source=072F action=advance-cruise pose=24803,3981,3846,15,28,0,63 target=25601,3177,2435,0,64,4,30
elapsed=20615 source=072F action=advance-cruise pose=24663,4069,4022,15,28,0,63 target=25573,3177,2435,0,64,4,30
elapsed=20619 source=072F action=advance-cruise pose=24523,4157,4198,15,28,0,63 target=25545,3177,2435,0,64,3,30
elapsed=20622 source=072F action=advance-cruise pose=24383,4245,4374,15,28,0,63 target=25517,3177,2435,0,64,3,30
elapsed=20625 source=072F action=advance-cruise pose=24243,4333,4550,15,28,0,63 target=25489,3177,2435,0,64,2,30
elapsed=20628 source=072F action=advance-cruise pose=24103,4421,4726,15,28,0,63 target=25461,3177,2435,0,64,2,30
elapsed=20631 source=072F action=advance-cruise pose=23963,4509,4902,15,28,0,63 target=25433,3177,2435,0,64,1,30
elapsed=20635 source=072F action=advance-cruise pose=23823,4597,5078,15,28,0,63 target=25405,3177,2435,0,64,0,30
