# Compact oracle evidence for the first re-engagement fighters.
# Raw source SHA-256: 146bd77f22207088e17178a8c0994e3c444ff4fab36d5a9a30e0bbcc929f2973
# Opaque actor storage was reduced to semantic flight values.
elapsed=14980 actor=upper event=schedule path=602E bank_target=0 wave_sample=80 wave_phase=1
elapsed=14981 actor=upper event=move path=872C bank_target=1 wave_sample=80 wave_phase=1
elapsed=14981 actor=upper event=vertical-step path=8942 bank_target=1 wave_sample=15 wave_phase=1
elapsed=14981 actor=lower event=schedule path=602E bank_target=0 wave_sample=80 wave_phase=1
elapsed=14982 actor=lower event=move path=872C bank_target=1 wave_sample=80 wave_phase=1
elapsed=14982 actor=lower event=vertical-step path=8942 bank_target=1 wave_sample=15 wave_phase=1
elapsed=14994 actor=upper event=move path=872C bank_target=1 wave_sample=15 wave_phase=3
elapsed=14994 actor=upper event=vertical-step path=8942 bank_target=1 wave_sample=15 wave_phase=3
elapsed=14995 actor=lower event=move path=872C bank_target=1 wave_sample=15 wave_phase=3
elapsed=14995 actor=lower event=vertical-step path=8942 bank_target=1 wave_sample=15 wave_phase=3
elapsed=14998 actor=upper event=move path=872C bank_target=1 wave_sample=15 wave_phase=5
elapsed=14998 actor=upper event=vertical-step path=8942 bank_target=1 wave_sample=15 wave_phase=5
elapsed=14999 actor=lower event=move path=872C bank_target=1 wave_sample=15 wave_phase=5
elapsed=14999 actor=lower event=vertical-step path=8942 bank_target=1 wave_sample=15 wave_phase=5
elapsed=15002 actor=upper event=move path=872C bank_target=1 wave_sample=15 wave_phase=7
elapsed=15002 actor=upper event=vertical-step path=8942 bank_target=1 wave_sample=15 wave_phase=7
elapsed=15003 actor=lower event=move path=872C bank_target=1 wave_sample=15 wave_phase=7
elapsed=15003 actor=lower event=vertical-step path=8942 bank_target=1 wave_sample=15 wave_phase=7
elapsed=15006 actor=upper event=move path=872C bank_target=1 wave_sample=15 wave_phase=9
elapsed=15006 actor=upper event=vertical-step path=8942 bank_target=1 wave_sample=15 wave_phase=9
elapsed=15007 actor=lower event=move path=872C bank_target=1 wave_sample=15 wave_phase=9
elapsed=15007 actor=lower event=vertical-step path=8942 bank_target=1 wave_sample=15 wave_phase=9
elapsed=15010 actor=upper event=move path=872C bank_target=1 wave_sample=15 wave_phase=11
elapsed=15011 actor=upper event=vertical-step path=8942 bank_target=1 wave_sample=15 wave_phase=11
elapsed=15011 actor=lower event=move path=872C bank_target=1 wave_sample=15 wave_phase=11
elapsed=15011 actor=lower event=vertical-step path=8942 bank_target=1 wave_sample=15 wave_phase=11
elapsed=15014 actor=upper event=move path=872C bank_target=1 wave_sample=15 wave_phase=13
elapsed=15015 actor=upper event=vertical-step path=8942 bank_target=1 wave_sample=15 wave_phase=13
elapsed=15015 actor=lower event=move path=872C bank_target=1 wave_sample=15 wave_phase=13
elapsed=15015 actor=lower event=vertical-step path=8942 bank_target=1 wave_sample=15 wave_phase=13
elapsed=15018 actor=upper event=move path=872C bank_target=1 wave_sample=15 wave_phase=15
elapsed=15019 actor=upper event=vertical-step path=8942 bank_target=1 wave_sample=14 wave_phase=15
elapsed=15019 actor=lower event=move path=872C bank_target=1 wave_sample=15 wave_phase=15
elapsed=15019 actor=lower event=vertical-step path=8942 bank_target=1 wave_sample=14 wave_phase=15
elapsed=15022 actor=upper event=move path=872C bank_target=1 wave_sample=14 wave_phase=17
elapsed=15023 actor=upper event=vertical-step path=8942 bank_target=1 wave_sample=14 wave_phase=17
elapsed=15023 actor=lower event=move path=872C bank_target=1 wave_sample=14 wave_phase=17
elapsed=15023 actor=lower event=vertical-step path=8942 bank_target=1 wave_sample=14 wave_phase=17
elapsed=15026 actor=upper event=move path=872C bank_target=1 wave_sample=14 wave_phase=19
elapsed=15027 actor=upper event=vertical-step path=8942 bank_target=1 wave_sample=14 wave_phase=19
elapsed=15027 actor=lower event=move path=872C bank_target=1 wave_sample=14 wave_phase=19
elapsed=15027 actor=lower event=vertical-step path=8942 bank_target=1 wave_sample=14 wave_phase=19
elapsed=15030 actor=upper event=move path=872C bank_target=1 wave_sample=14 wave_phase=21
elapsed=15031 actor=upper event=vertical-step path=8942 bank_target=1 wave_sample=13 wave_phase=21
elapsed=15031 actor=lower event=move path=872C bank_target=1 wave_sample=14 wave_phase=21
elapsed=15031 actor=lower event=vertical-step path=8942 bank_target=1 wave_sample=13 wave_phase=21
elapsed=15034 actor=upper event=move path=872C bank_target=1 wave_sample=13 wave_phase=23
elapsed=15035 actor=upper event=vertical-step path=8942 bank_target=1 wave_sample=13 wave_phase=23
elapsed=15035 actor=lower event=move path=872C bank_target=1 wave_sample=13 wave_phase=23
elapsed=15035 actor=lower event=vertical-step path=8942 bank_target=1 wave_sample=13 wave_phase=23
elapsed=15038 actor=upper event=move path=872C bank_target=1 wave_sample=13 wave_phase=25
elapsed=15039 actor=upper event=vertical-step path=8942 bank_target=1 wave_sample=12 wave_phase=25
elapsed=15039 actor=lower event=move path=872C bank_target=1 wave_sample=13 wave_phase=25
elapsed=15039 actor=lower event=vertical-step path=8942 bank_target=1 wave_sample=12 wave_phase=25
elapsed=15042 actor=upper event=move path=872C bank_target=1 wave_sample=12 wave_phase=27
elapsed=15043 actor=upper event=vertical-step path=8942 bank_target=1 wave_sample=12 wave_phase=27
elapsed=15043 actor=lower event=move path=872C bank_target=1 wave_sample=12 wave_phase=27
elapsed=15043 actor=lower event=vertical-step path=8942 bank_target=1 wave_sample=12 wave_phase=27
elapsed=15046 actor=upper event=move path=872C bank_target=1 wave_sample=12 wave_phase=29
elapsed=15047 actor=upper event=vertical-step path=8942 bank_target=1 wave_sample=12 wave_phase=29
elapsed=15047 actor=lower event=move path=872C bank_target=1 wave_sample=12 wave_phase=29
elapsed=15047 actor=lower event=vertical-step path=8942 bank_target=1 wave_sample=12 wave_phase=29
elapsed=15051 actor=upper event=move path=872C bank_target=1 wave_sample=12 wave_phase=31
elapsed=15051 actor=upper event=vertical-step path=8942 bank_target=1 wave_sample=11 wave_phase=31
elapsed=15051 actor=lower event=move path=872C bank_target=1 wave_sample=12 wave_phase=31
elapsed=15051 actor=lower event=vertical-step path=8942 bank_target=1 wave_sample=11 wave_phase=31
elapsed=15054 actor=upper event=move path=872C bank_target=1 wave_sample=11 wave_phase=33
elapsed=15055 actor=upper event=vertical-step path=8942 bank_target=1 wave_sample=10 wave_phase=33
elapsed=15055 actor=lower event=move path=872C bank_target=1 wave_sample=11 wave_phase=33
elapsed=15055 actor=lower event=vertical-step path=8942 bank_target=1 wave_sample=10 wave_phase=33
elapsed=15058 actor=upper event=move path=872C bank_target=1 wave_sample=10 wave_phase=35
elapsed=15058 actor=upper event=vertical-step path=8942 bank_target=1 wave_sample=10 wave_phase=35
elapsed=15059 actor=lower event=move path=872C bank_target=1 wave_sample=10 wave_phase=35
elapsed=15059 actor=lower event=vertical-step path=8942 bank_target=1 wave_sample=10 wave_phase=35
elapsed=15062 actor=upper event=move path=872C bank_target=1 wave_sample=10 wave_phase=37
elapsed=15062 actor=upper event=vertical-step path=8942 bank_target=1 wave_sample=9 wave_phase=37
elapsed=15063 actor=lower event=move path=872C bank_target=1 wave_sample=10 wave_phase=37
elapsed=15063 actor=lower event=vertical-step path=8942 bank_target=1 wave_sample=9 wave_phase=37
elapsed=15066 actor=upper event=move path=872C bank_target=1 wave_sample=9 wave_phase=39
elapsed=15066 actor=upper event=vertical-step path=8942 bank_target=1 wave_sample=9 wave_phase=39
elapsed=15067 actor=lower event=move path=872C bank_target=1 wave_sample=9 wave_phase=39
elapsed=15067 actor=lower event=vertical-step path=8942 bank_target=1 wave_sample=9 wave_phase=39
elapsed=15069 actor=upper event=move path=872C bank_target=1 wave_sample=9 wave_phase=41
elapsed=15070 actor=upper event=vertical-step path=8942 bank_target=1 wave_sample=8 wave_phase=41
elapsed=15070 actor=lower event=move path=872C bank_target=1 wave_sample=9 wave_phase=41
elapsed=15070 actor=lower event=vertical-step path=8942 bank_target=1 wave_sample=8 wave_phase=41
elapsed=15073 actor=upper event=move path=872C bank_target=1 wave_sample=8 wave_phase=43
elapsed=15073 actor=upper event=vertical-step path=8942 bank_target=1 wave_sample=7 wave_phase=43
elapsed=15073 actor=lower event=move path=872C bank_target=1 wave_sample=8 wave_phase=43
elapsed=15074 actor=lower event=vertical-step path=8942 bank_target=1 wave_sample=7 wave_phase=43
elapsed=15076 actor=upper event=move path=872C bank_target=1 wave_sample=7 wave_phase=45
elapsed=15077 actor=upper event=vertical-step path=8942 bank_target=1 wave_sample=7 wave_phase=45
elapsed=15077 actor=lower event=move path=872C bank_target=1 wave_sample=7 wave_phase=45
elapsed=15077 actor=lower event=vertical-step path=8942 bank_target=1 wave_sample=7 wave_phase=45
elapsed=15080 actor=upper event=move path=872C bank_target=1 wave_sample=7 wave_phase=47
elapsed=15080 actor=upper event=vertical-step path=8942 bank_target=1 wave_sample=6 wave_phase=47
elapsed=15080 actor=lower event=move path=872C bank_target=1 wave_sample=7 wave_phase=47
elapsed=15081 actor=lower event=vertical-step path=8942 bank_target=1 wave_sample=6 wave_phase=47
elapsed=15084 actor=upper event=move path=872C bank_target=1 wave_sample=6 wave_phase=49
elapsed=15084 actor=upper event=vertical-step path=8942 bank_target=1 wave_sample=5 wave_phase=49
elapsed=15084 actor=lower event=move path=872C bank_target=1 wave_sample=6 wave_phase=49
elapsed=15084 actor=lower event=vertical-step path=8942 bank_target=1 wave_sample=5 wave_phase=49
elapsed=15087 actor=upper event=move path=872C bank_target=1 wave_sample=5 wave_phase=51
elapsed=15088 actor=upper event=vertical-step path=8942 bank_target=1 wave_sample=4 wave_phase=51
elapsed=15088 actor=lower event=move path=872C bank_target=1 wave_sample=5 wave_phase=51
elapsed=15088 actor=lower event=vertical-step path=8942 bank_target=1 wave_sample=4 wave_phase=51
elapsed=15090 actor=upper event=move path=872C bank_target=1 wave_sample=4 wave_phase=53
elapsed=15091 actor=upper event=vertical-step path=8942 bank_target=1 wave_sample=4 wave_phase=53
elapsed=15091 actor=lower event=move path=872C bank_target=1 wave_sample=4 wave_phase=53
elapsed=15091 actor=lower event=vertical-step path=8942 bank_target=1 wave_sample=4 wave_phase=53
elapsed=15094 actor=upper event=move path=872C bank_target=1 wave_sample=4 wave_phase=55
elapsed=15094 actor=upper event=vertical-step path=8942 bank_target=1 wave_sample=3 wave_phase=55
elapsed=15094 actor=lower event=move path=872C bank_target=1 wave_sample=4 wave_phase=55
elapsed=15094 actor=lower event=vertical-step path=8942 bank_target=1 wave_sample=3 wave_phase=55
elapsed=15097 actor=upper event=move path=872C bank_target=1 wave_sample=3 wave_phase=57
elapsed=15097 actor=upper event=vertical-step path=8942 bank_target=1 wave_sample=2 wave_phase=57
elapsed=15098 actor=lower event=move path=872C bank_target=1 wave_sample=3 wave_phase=57
elapsed=15098 actor=lower event=vertical-step path=8942 bank_target=1 wave_sample=2 wave_phase=57
elapsed=15100 actor=upper event=move path=872C bank_target=1 wave_sample=2 wave_phase=59
elapsed=15101 actor=upper event=vertical-step path=8942 bank_target=1 wave_sample=1 wave_phase=59
elapsed=15101 actor=lower event=move path=872C bank_target=1 wave_sample=2 wave_phase=59
elapsed=15101 actor=lower event=vertical-step path=8942 bank_target=1 wave_sample=1 wave_phase=59
elapsed=15104 actor=upper event=move path=872C bank_target=1 wave_sample=1 wave_phase=61
elapsed=15104 actor=upper event=vertical-step path=8942 bank_target=1 wave_sample=1 wave_phase=61
elapsed=15105 actor=lower event=move path=872C bank_target=1 wave_sample=1 wave_phase=61
elapsed=15105 actor=lower event=vertical-step path=8942 bank_target=1 wave_sample=1 wave_phase=61
elapsed=15107 actor=upper event=move path=872C bank_target=1 wave_sample=1 wave_phase=63
elapsed=15108 actor=upper event=vertical-step path=8942 bank_target=1 wave_sample=0 wave_phase=63
elapsed=15108 actor=lower event=move path=872C bank_target=1 wave_sample=1 wave_phase=63
elapsed=15108 actor=lower event=vertical-step path=8942 bank_target=1 wave_sample=0 wave_phase=63
elapsed=15111 actor=upper event=move path=872C bank_target=1 wave_sample=0 wave_phase=65
elapsed=15111 actor=upper event=vertical-step path=8942 bank_target=1 wave_sample=0 wave_phase=65
elapsed=15111 actor=lower event=move path=872C bank_target=1 wave_sample=0 wave_phase=65
elapsed=15112 actor=lower event=vertical-step path=8942 bank_target=1 wave_sample=0 wave_phase=65
elapsed=15114 actor=upper event=move path=872C bank_target=1 wave_sample=0 wave_phase=67
elapsed=15115 actor=upper event=vertical-step path=8942 bank_target=1 wave_sample=-1 wave_phase=67
elapsed=15115 actor=lower event=move path=872C bank_target=1 wave_sample=0 wave_phase=67
elapsed=15115 actor=lower event=vertical-step path=8942 bank_target=1 wave_sample=-1 wave_phase=67
elapsed=15118 actor=upper event=move path=872C bank_target=1 wave_sample=-1 wave_phase=69
elapsed=15118 actor=upper event=vertical-step path=8942 bank_target=1 wave_sample=-1 wave_phase=69
elapsed=15118 actor=lower event=move path=872C bank_target=1 wave_sample=-1 wave_phase=69
elapsed=15118 actor=lower event=vertical-step path=8942 bank_target=1 wave_sample=-1 wave_phase=69
elapsed=15121 actor=upper event=move path=872C bank_target=1 wave_sample=-1 wave_phase=71
elapsed=15121 actor=upper event=vertical-step path=8942 bank_target=1 wave_sample=-2 wave_phase=71
elapsed=15122 actor=lower event=move path=872C bank_target=1 wave_sample=-1 wave_phase=71
elapsed=15122 actor=lower event=vertical-step path=8942 bank_target=1 wave_sample=-2 wave_phase=71
elapsed=15124 actor=upper event=move path=872C bank_target=1 wave_sample=-2 wave_phase=73
elapsed=15125 actor=upper event=vertical-step path=8942 bank_target=1 wave_sample=-3 wave_phase=73
elapsed=15125 actor=lower event=move path=872C bank_target=1 wave_sample=-2 wave_phase=73
elapsed=15125 actor=lower event=vertical-step path=8942 bank_target=1 wave_sample=-3 wave_phase=73
elapsed=15128 actor=upper event=move path=872C bank_target=1 wave_sample=-3 wave_phase=75
elapsed=15128 actor=upper event=vertical-step path=8942 bank_target=1 wave_sample=-4 wave_phase=75
elapsed=15129 actor=lower event=move path=872C bank_target=1 wave_sample=-3 wave_phase=75
elapsed=15129 actor=lower event=vertical-step path=8942 bank_target=1 wave_sample=-4 wave_phase=75
elapsed=15132 actor=upper event=move path=872C bank_target=1 wave_sample=-4 wave_phase=77
elapsed=15132 actor=upper event=vertical-step path=8942 bank_target=1 wave_sample=-4 wave_phase=77
elapsed=15132 actor=lower event=move path=872C bank_target=1 wave_sample=-4 wave_phase=77
elapsed=15133 actor=lower event=vertical-step path=8942 bank_target=1 wave_sample=-4 wave_phase=77
elapsed=15135 actor=upper event=move path=872C bank_target=1 wave_sample=-4 wave_phase=79
elapsed=15136 actor=upper event=vertical-step path=8942 bank_target=1 wave_sample=-5 wave_phase=79
elapsed=15136 actor=lower event=move path=872C bank_target=1 wave_sample=-4 wave_phase=79
elapsed=15136 actor=lower event=vertical-step path=8942 bank_target=1 wave_sample=-5 wave_phase=79
elapsed=15139 actor=upper event=move path=872C bank_target=1 wave_sample=-5 wave_phase=81
elapsed=15139 actor=upper event=vertical-step path=8942 bank_target=1 wave_sample=-6 wave_phase=81
elapsed=15140 actor=lower event=move path=872C bank_target=1 wave_sample=-5 wave_phase=81
elapsed=15140 actor=lower event=vertical-step path=8942 bank_target=1 wave_sample=-6 wave_phase=81
elapsed=15142 actor=upper event=move path=872C bank_target=1 wave_sample=-6 wave_phase=83
elapsed=15143 actor=upper event=vertical-step path=8942 bank_target=1 wave_sample=-7 wave_phase=83
elapsed=15143 actor=lower event=move path=872C bank_target=1 wave_sample=-6 wave_phase=83
elapsed=15143 actor=lower event=vertical-step path=8942 bank_target=1 wave_sample=-7 wave_phase=83
elapsed=15146 actor=upper event=move path=872C bank_target=1 wave_sample=-7 wave_phase=85
elapsed=15146 actor=upper event=vertical-step path=8942 bank_target=1 wave_sample=-7 wave_phase=85
elapsed=15147 actor=lower event=move path=872C bank_target=1 wave_sample=-7 wave_phase=85
elapsed=15147 actor=lower event=vertical-step path=8942 bank_target=1 wave_sample=-7 wave_phase=85
elapsed=15149 actor=upper event=move path=872C bank_target=1 wave_sample=-7 wave_phase=87
elapsed=15150 actor=upper event=vertical-step path=8942 bank_target=1 wave_sample=-8 wave_phase=87
elapsed=15150 actor=lower event=move path=872C bank_target=1 wave_sample=-7 wave_phase=87
elapsed=15150 actor=lower event=vertical-step path=8942 bank_target=1 wave_sample=-8 wave_phase=87
elapsed=15153 actor=upper event=move path=872C bank_target=1 wave_sample=-8 wave_phase=89
elapsed=15153 actor=upper event=vertical-step path=8942 bank_target=1 wave_sample=-9 wave_phase=89
elapsed=15153 actor=lower event=move path=872C bank_target=1 wave_sample=-8 wave_phase=89
elapsed=15154 actor=lower event=vertical-step path=8942 bank_target=1 wave_sample=-9 wave_phase=89
elapsed=15156 actor=upper event=move path=872C bank_target=1 wave_sample=-9 wave_phase=91
elapsed=15157 actor=upper event=vertical-step path=8942 bank_target=1 wave_sample=-9 wave_phase=91
elapsed=15157 actor=lower event=move path=872C bank_target=1 wave_sample=-9 wave_phase=91
elapsed=15157 actor=lower event=vertical-step path=8942 bank_target=1 wave_sample=-9 wave_phase=91
elapsed=15160 actor=upper event=move path=872C bank_target=1 wave_sample=-9 wave_phase=93
elapsed=15161 actor=upper event=vertical-step path=8942 bank_target=1 wave_sample=-10 wave_phase=93
elapsed=15161 actor=lower event=move path=872C bank_target=1 wave_sample=-9 wave_phase=93
elapsed=15161 actor=lower event=vertical-step path=8942 bank_target=1 wave_sample=-10 wave_phase=93
elapsed=15164 actor=upper event=move path=872C bank_target=1 wave_sample=-10 wave_phase=95
elapsed=15164 actor=upper event=vertical-step path=8942 bank_target=1 wave_sample=-10 wave_phase=95
elapsed=15165 actor=lower event=move path=872C bank_target=1 wave_sample=-10 wave_phase=95
elapsed=15165 actor=lower event=vertical-step path=8942 bank_target=1 wave_sample=-10 wave_phase=95
elapsed=15168 actor=upper event=move path=872C bank_target=1 wave_sample=-10 wave_phase=97
elapsed=15168 actor=upper event=vertical-step path=8942 bank_target=1 wave_sample=-11 wave_phase=97
elapsed=15168 actor=lower event=move path=872C bank_target=1 wave_sample=-10 wave_phase=97
elapsed=15169 actor=lower event=vertical-step path=8942 bank_target=1 wave_sample=-11 wave_phase=97
elapsed=15172 actor=upper event=move path=872C bank_target=1 wave_sample=-11 wave_phase=99
elapsed=15172 actor=upper event=vertical-step path=8942 bank_target=1 wave_sample=-12 wave_phase=99
elapsed=15173 actor=lower event=move path=872C bank_target=1 wave_sample=-11 wave_phase=99
elapsed=15173 actor=lower event=vertical-step path=8942 bank_target=1 wave_sample=-12 wave_phase=99
elapsed=15176 actor=upper event=move path=872C bank_target=1 wave_sample=-12 wave_phase=101
elapsed=15176 actor=upper event=vertical-step path=8942 bank_target=1 wave_sample=-12 wave_phase=101
elapsed=15177 actor=lower event=move path=872C bank_target=1 wave_sample=-12 wave_phase=101
elapsed=15177 actor=lower event=vertical-step path=8942 bank_target=1 wave_sample=-12 wave_phase=101
elapsed=15180 actor=upper event=move path=872C bank_target=1 wave_sample=-12 wave_phase=103
elapsed=15180 actor=upper event=vertical-step path=8942 bank_target=1 wave_sample=-12 wave_phase=103
elapsed=15180 actor=lower event=move path=872C bank_target=1 wave_sample=-12 wave_phase=103
elapsed=15181 actor=lower event=vertical-step path=8942 bank_target=1 wave_sample=-12 wave_phase=103
elapsed=15184 actor=upper event=move path=872C bank_target=1 wave_sample=-12 wave_phase=105
elapsed=15184 actor=upper event=vertical-step path=8942 bank_target=1 wave_sample=-13 wave_phase=105
elapsed=15184 actor=lower event=move path=872C bank_target=1 wave_sample=-12 wave_phase=105
elapsed=15184 actor=lower event=vertical-step path=8942 bank_target=1 wave_sample=-13 wave_phase=105
elapsed=15188 actor=upper event=move path=872C bank_target=1 wave_sample=-13 wave_phase=107
elapsed=15188 actor=upper event=vertical-step path=8942 bank_target=1 wave_sample=-13 wave_phase=107
elapsed=15188 actor=lower event=move path=872C bank_target=1 wave_sample=-13 wave_phase=107
elapsed=15188 actor=lower event=vertical-step path=8942 bank_target=1 wave_sample=-13 wave_phase=107
elapsed=15191 actor=upper event=move path=872C bank_target=1 wave_sample=-13 wave_phase=109
elapsed=15191 actor=upper event=vertical-step path=8942 bank_target=1 wave_sample=-14 wave_phase=109
elapsed=15192 actor=lower event=move path=872C bank_target=1 wave_sample=-13 wave_phase=109
elapsed=15192 actor=lower event=vertical-step path=8942 bank_target=1 wave_sample=-14 wave_phase=109
elapsed=15196 actor=upper event=move path=6053 bank_target=1 wave_sample=0 wave_phase=111
elapsed=15196 actor=upper event=vertical-step path=8942 bank_target=1 wave_sample=-14 wave_phase=111
elapsed=15196 actor=lower event=random-value path=606D bank_target=1 wave_sample=-14 wave_phase=111
elapsed=15196 actor=lower event=schedule path=6076 bank_target=1 wave_sample=3 wave_phase=192
elapsed=15196 actor=lower event=random-branch path=607D bank_target=1 wave_sample=3 wave_phase=192
elapsed=15196 actor=lower event=wait-for-angle path=6086 bank_target=1 wave_sample=3 wave_phase=192
elapsed=15196 actor=lower event=move path=6086 bank_target=1 wave_sample=3 wave_phase=192
elapsed=15196 actor=lower event=vertical-step path=8942 bank_target=1 wave_sample=0 wave_phase=192
elapsed=15200 actor=upper event=random-value path=606D bank_target=1 wave_sample=-1 wave_phase=113
elapsed=15200 actor=upper event=schedule path=6076 bank_target=1 wave_sample=1 wave_phase=64
elapsed=15200 actor=upper event=random-branch path=607D bank_target=1 wave_sample=1 wave_phase=64
elapsed=15200 actor=upper event=wait-for-angle path=6080 bank_target=1 wave_sample=1 wave_phase=64
elapsed=15200 actor=upper event=move path=6080 bank_target=1 wave_sample=1 wave_phase=64
elapsed=15200 actor=upper event=vertical-step path=8942 bank_target=1 wave_sample=0 wave_phase=64
elapsed=15200 actor=lower event=wait-for-angle path=6086 bank_target=1 wave_sample=0 wave_phase=194
elapsed=15200 actor=lower event=move path=6086 bank_target=1 wave_sample=0 wave_phase=194
elapsed=15201 actor=lower event=vertical-step path=8942 bank_target=1 wave_sample=0 wave_phase=194
elapsed=15203 actor=upper event=wait-for-angle path=6080 bank_target=1 wave_sample=0 wave_phase=66
elapsed=15203 actor=upper event=move path=6080 bank_target=1 wave_sample=0 wave_phase=66
elapsed=15203 actor=upper event=vertical-step path=8942 bank_target=1 wave_sample=0 wave_phase=66
elapsed=15204 actor=lower event=wait-for-angle path=6086 bank_target=1 wave_sample=0 wave_phase=196
elapsed=15204 actor=lower event=move path=6086 bank_target=1 wave_sample=0 wave_phase=196
elapsed=15204 actor=lower event=vertical-step path=8942 bank_target=1 wave_sample=1 wave_phase=196
elapsed=15207 actor=upper event=wait-for-angle path=6080 bank_target=1 wave_sample=0 wave_phase=68
elapsed=15207 actor=upper event=move path=6080 bank_target=1 wave_sample=0 wave_phase=68
elapsed=15207 actor=upper event=vertical-step path=8942 bank_target=1 wave_sample=-1 wave_phase=68
elapsed=15207 actor=lower event=wait-for-angle path=6086 bank_target=1 wave_sample=1 wave_phase=198
elapsed=15207 actor=lower event=move path=6086 bank_target=1 wave_sample=1 wave_phase=198
elapsed=15207 actor=lower event=vertical-step path=8942 bank_target=1 wave_sample=2 wave_phase=198
elapsed=15210 actor=upper event=wait-for-angle path=6080 bank_target=1 wave_sample=-1 wave_phase=70
elapsed=15210 actor=upper event=move path=6080 bank_target=1 wave_sample=-1 wave_phase=70
elapsed=15210 actor=upper event=vertical-step path=8942 bank_target=1 wave_sample=-2 wave_phase=70
elapsed=15211 actor=lower event=wait-for-angle path=6086 bank_target=1 wave_sample=2 wave_phase=200
elapsed=15211 actor=lower event=move path=6086 bank_target=1 wave_sample=2 wave_phase=200
elapsed=15211 actor=lower event=vertical-step path=8942 bank_target=1 wave_sample=3 wave_phase=200
elapsed=15213 actor=upper event=wait-for-angle path=6080 bank_target=1 wave_sample=-2 wave_phase=72
elapsed=15213 actor=upper event=move path=6080 bank_target=1 wave_sample=-2 wave_phase=72
elapsed=15214 actor=upper event=vertical-step path=8942 bank_target=1 wave_sample=-3 wave_phase=72
elapsed=15214 actor=lower event=wait-for-angle path=6086 bank_target=1 wave_sample=3 wave_phase=202
elapsed=15214 actor=lower event=move path=6086 bank_target=1 wave_sample=3 wave_phase=202
elapsed=15214 actor=lower event=vertical-step path=8942 bank_target=1 wave_sample=3 wave_phase=202
elapsed=15217 actor=upper event=wait-for-angle path=6080 bank_target=1 wave_sample=-3 wave_phase=74
elapsed=15217 actor=upper event=move path=6080 bank_target=1 wave_sample=-3 wave_phase=74
elapsed=15217 actor=upper event=vertical-step path=8942 bank_target=1 wave_sample=-3 wave_phase=74
elapsed=15218 actor=lower event=wait-for-angle path=6086 bank_target=1 wave_sample=3 wave_phase=204
elapsed=15218 actor=lower event=move path=6086 bank_target=1 wave_sample=3 wave_phase=204
elapsed=15218 actor=lower event=vertical-step path=8942 bank_target=1 wave_sample=4 wave_phase=204
elapsed=15221 actor=upper event=wait-for-angle path=6080 bank_target=1 wave_sample=-3 wave_phase=76
elapsed=15221 actor=upper event=move path=6080 bank_target=1 wave_sample=-3 wave_phase=76
elapsed=15221 actor=upper event=vertical-step path=8942 bank_target=1 wave_sample=-4 wave_phase=76
elapsed=15222 actor=lower event=wait-for-angle path=6086 bank_target=1 wave_sample=4 wave_phase=206
elapsed=15222 actor=lower event=move path=6086 bank_target=1 wave_sample=4 wave_phase=206
elapsed=15222 actor=lower event=vertical-step path=8942 bank_target=1 wave_sample=5 wave_phase=206
elapsed=15225 actor=upper event=wait-for-angle path=6080 bank_target=1 wave_sample=-4 wave_phase=78
elapsed=15225 actor=upper event=move path=6080 bank_target=1 wave_sample=-4 wave_phase=78
elapsed=15225 actor=upper event=vertical-step path=8942 bank_target=1 wave_sample=-5 wave_phase=78
elapsed=15225 actor=lower event=wait-for-angle path=6086 bank_target=1 wave_sample=5 wave_phase=208
elapsed=15225 actor=lower event=move path=6086 bank_target=1 wave_sample=5 wave_phase=208
elapsed=15226 actor=lower event=vertical-step path=8942 bank_target=1 wave_sample=6 wave_phase=208
elapsed=15229 actor=upper event=wait-for-angle path=6080 bank_target=1 wave_sample=-5 wave_phase=80
elapsed=15229 actor=upper event=move path=6080 bank_target=1 wave_sample=-5 wave_phase=80
elapsed=15229 actor=upper event=vertical-step path=8942 bank_target=1 wave_sample=-6 wave_phase=80
elapsed=15230 actor=lower event=wait-for-angle path=6086 bank_target=1 wave_sample=6 wave_phase=210
elapsed=15230 actor=lower event=move path=6086 bank_target=1 wave_sample=6 wave_phase=210
elapsed=15230 actor=lower event=vertical-step path=8942 bank_target=1 wave_sample=6 wave_phase=210
elapsed=15234 actor=upper event=wait-for-angle path=6080 bank_target=1 wave_sample=-6 wave_phase=82
elapsed=15234 actor=upper event=move path=6080 bank_target=1 wave_sample=-6 wave_phase=82
elapsed=15234 actor=upper event=vertical-step path=8942 bank_target=1 wave_sample=-6 wave_phase=82
elapsed=15234 actor=lower event=wait-for-angle path=6086 bank_target=1 wave_sample=6 wave_phase=212
elapsed=15234 actor=lower event=move path=6086 bank_target=1 wave_sample=6 wave_phase=212
elapsed=15234 actor=lower event=vertical-step path=8942 bank_target=1 wave_sample=7 wave_phase=212
elapsed=15238 actor=upper event=wait-for-angle path=6080 bank_target=1 wave_sample=-6 wave_phase=84
elapsed=15238 actor=upper event=move path=6080 bank_target=1 wave_sample=-6 wave_phase=84
elapsed=15238 actor=upper event=vertical-step path=8942 bank_target=1 wave_sample=-7 wave_phase=84
elapsed=15239 actor=lower event=wait-for-angle path=6086 bank_target=1 wave_sample=7 wave_phase=214
elapsed=15239 actor=lower event=move path=6086 bank_target=1 wave_sample=7 wave_phase=214
elapsed=15239 actor=lower event=vertical-step path=8942 bank_target=1 wave_sample=8 wave_phase=214
elapsed=15243 actor=upper event=wait-for-angle path=6080 bank_target=1 wave_sample=-7 wave_phase=86
elapsed=15243 actor=upper event=move path=6080 bank_target=1 wave_sample=-7 wave_phase=86
elapsed=15243 actor=upper event=vertical-step path=8942 bank_target=1 wave_sample=-8 wave_phase=86
elapsed=15243 actor=lower event=wait-for-angle path=6086 bank_target=1 wave_sample=8 wave_phase=216
elapsed=15243 actor=lower event=move path=6086 bank_target=1 wave_sample=8 wave_phase=216
elapsed=15243 actor=lower event=vertical-step path=8942 bank_target=1 wave_sample=8 wave_phase=216
elapsed=15247 actor=upper event=wait-for-angle path=6080 bank_target=1 wave_sample=-8 wave_phase=88
elapsed=15247 actor=upper event=move path=6080 bank_target=1 wave_sample=-8 wave_phase=88
elapsed=15247 actor=upper event=vertical-step path=8942 bank_target=1 wave_sample=-8 wave_phase=88
elapsed=15247 actor=lower event=wait-for-angle path=6086 bank_target=1 wave_sample=8 wave_phase=218
elapsed=15247 actor=lower event=move path=6086 bank_target=1 wave_sample=8 wave_phase=218
elapsed=15248 actor=lower event=vertical-step path=8942 bank_target=1 wave_sample=9 wave_phase=218
elapsed=15251 actor=upper event=wait-for-angle path=6080 bank_target=1 wave_sample=-8 wave_phase=90
elapsed=15251 actor=upper event=move path=6080 bank_target=1 wave_sample=-8 wave_phase=90
elapsed=15252 actor=upper event=vertical-step path=8942 bank_target=1 wave_sample=-9 wave_phase=90
elapsed=15252 actor=lower event=wait-for-angle path=6086 bank_target=1 wave_sample=9 wave_phase=220
elapsed=15252 actor=lower event=move path=6086 bank_target=1 wave_sample=9 wave_phase=220
elapsed=15252 actor=lower event=vertical-step path=8942 bank_target=1 wave_sample=10 wave_phase=220
elapsed=15256 actor=upper event=wait-for-angle path=6080 bank_target=1 wave_sample=-9 wave_phase=92
elapsed=15256 actor=upper event=move path=6080 bank_target=1 wave_sample=-9 wave_phase=92
elapsed=15256 actor=upper event=vertical-step path=8942 bank_target=1 wave_sample=-10 wave_phase=92
elapsed=15256 actor=lower event=wait-for-angle path=6086 bank_target=1 wave_sample=10 wave_phase=222
elapsed=15256 actor=lower event=move path=6086 bank_target=1 wave_sample=10 wave_phase=222
elapsed=15257 actor=lower event=vertical-step path=8942 bank_target=1 wave_sample=10 wave_phase=222
elapsed=15261 actor=upper event=wait-for-angle path=6080 bank_target=1 wave_sample=-10 wave_phase=94
elapsed=15261 actor=upper event=move path=6080 bank_target=1 wave_sample=-10 wave_phase=94
elapsed=15261 actor=upper event=vertical-step path=8942 bank_target=1 wave_sample=-10 wave_phase=94
elapsed=15261 actor=lower event=wait-for-angle path=6086 bank_target=1 wave_sample=10 wave_phase=224
elapsed=15261 actor=lower event=move path=6086 bank_target=1 wave_sample=10 wave_phase=224
elapsed=15261 actor=lower event=vertical-step path=8942 bank_target=1 wave_sample=11 wave_phase=224
elapsed=15265 actor=upper event=wait-for-angle path=6080 bank_target=1 wave_sample=-10 wave_phase=96
elapsed=15265 actor=upper event=move path=6080 bank_target=1 wave_sample=-10 wave_phase=96
elapsed=15265 actor=upper event=vertical-step path=8942 bank_target=1 wave_sample=-11 wave_phase=96
elapsed=15266 actor=lower event=wait-for-angle path=6086 bank_target=1 wave_sample=11 wave_phase=226
elapsed=15266 actor=lower event=move path=6086 bank_target=1 wave_sample=11 wave_phase=226
elapsed=15266 actor=lower event=vertical-step path=8942 bank_target=1 wave_sample=11 wave_phase=226
elapsed=15270 actor=upper event=wait-for-angle path=6080 bank_target=1 wave_sample=-11 wave_phase=98
elapsed=15270 actor=upper event=move path=6080 bank_target=1 wave_sample=-11 wave_phase=98
elapsed=15270 actor=upper event=vertical-step path=8942 bank_target=1 wave_sample=-11 wave_phase=98
elapsed=15270 actor=lower event=wait-for-angle path=6086 bank_target=1 wave_sample=11 wave_phase=228
elapsed=15270 actor=lower event=move path=6086 bank_target=1 wave_sample=11 wave_phase=228
elapsed=15270 actor=lower event=vertical-step path=8942 bank_target=1 wave_sample=12 wave_phase=228
elapsed=15274 actor=upper event=wait-for-angle path=6080 bank_target=1 wave_sample=-11 wave_phase=100
elapsed=15274 actor=upper event=move path=6080 bank_target=1 wave_sample=-11 wave_phase=100
elapsed=15274 actor=upper event=vertical-step path=8942 bank_target=1 wave_sample=-12 wave_phase=100
elapsed=15274 actor=lower event=wait-for-angle path=6086 bank_target=1 wave_sample=12 wave_phase=230
elapsed=15274 actor=lower event=wait path=6089 bank_target=1 wave_sample=12 wave_phase=230
elapsed=15274 actor=lower event=move path=6089 bank_target=1 wave_sample=12 wave_phase=230
elapsed=15274 actor=lower event=vertical-step path=8942 bank_target=1 wave_sample=12 wave_phase=230
elapsed=15278 actor=upper event=wait-for-angle path=6080 bank_target=1 wave_sample=-12 wave_phase=102
elapsed=15278 actor=upper event=wait path=6089 bank_target=1 wave_sample=-12 wave_phase=102
elapsed=15278 actor=upper event=move path=6089 bank_target=1 wave_sample=-12 wave_phase=102
elapsed=15278 actor=upper event=vertical-step path=8942 bank_target=1 wave_sample=-12 wave_phase=102
elapsed=15278 actor=lower event=wait path=6089 bank_target=1 wave_sample=12 wave_phase=232
elapsed=15278 actor=lower event=move path=6089 bank_target=1 wave_sample=12 wave_phase=232
elapsed=15279 actor=lower event=vertical-step path=8942 bank_target=1 wave_sample=13 wave_phase=232
elapsed=15282 actor=upper event=wait path=6089 bank_target=1 wave_sample=-12 wave_phase=104
elapsed=15282 actor=upper event=move path=6089 bank_target=1 wave_sample=-12 wave_phase=104
elapsed=15283 actor=upper event=vertical-step path=8942 bank_target=1 wave_sample=-13 wave_phase=104
elapsed=15283 actor=lower event=wait path=6089 bank_target=1 wave_sample=13 wave_phase=234
elapsed=15283 actor=lower event=move path=6089 bank_target=1 wave_sample=13 wave_phase=234
elapsed=15283 actor=lower event=vertical-step path=8942 bank_target=1 wave_sample=13 wave_phase=234
elapsed=15287 actor=upper event=wait path=6089 bank_target=1 wave_sample=-13 wave_phase=106
elapsed=15287 actor=upper event=move path=6089 bank_target=1 wave_sample=-13 wave_phase=106
elapsed=15287 actor=upper event=vertical-step path=8942 bank_target=1 wave_sample=-13 wave_phase=106
elapsed=15287 actor=lower event=wait path=6089 bank_target=1 wave_sample=13 wave_phase=236
elapsed=15287 actor=lower event=move path=6089 bank_target=1 wave_sample=13 wave_phase=236
elapsed=15287 actor=lower event=vertical-step path=8942 bank_target=1 wave_sample=14 wave_phase=236
elapsed=15291 actor=upper event=wait path=6089 bank_target=1 wave_sample=-13 wave_phase=108
elapsed=15291 actor=upper event=move path=6089 bank_target=1 wave_sample=-13 wave_phase=108
elapsed=15291 actor=upper event=vertical-step path=8942 bank_target=1 wave_sample=-14 wave_phase=108
elapsed=15292 actor=lower event=wait path=6089 bank_target=1 wave_sample=14 wave_phase=238
elapsed=15292 actor=lower event=move path=6089 bank_target=1 wave_sample=14 wave_phase=238
elapsed=15292 actor=lower event=vertical-step path=8942 bank_target=1 wave_sample=14 wave_phase=238
elapsed=15296 actor=upper event=wait path=6089 bank_target=1 wave_sample=-14 wave_phase=110
elapsed=15296 actor=upper event=move path=6089 bank_target=1 wave_sample=-14 wave_phase=110
elapsed=15296 actor=upper event=vertical-step path=8942 bank_target=1 wave_sample=-14 wave_phase=110
elapsed=15296 actor=lower event=wait path=6089 bank_target=1 wave_sample=14 wave_phase=240
elapsed=15296 actor=lower event=move path=6089 bank_target=1 wave_sample=14 wave_phase=240
elapsed=15296 actor=lower event=vertical-step path=8942 bank_target=1 wave_sample=14 wave_phase=240
elapsed=15300 actor=upper event=wait path=6089 bank_target=1 wave_sample=-14 wave_phase=112
elapsed=15300 actor=upper event=move path=6089 bank_target=1 wave_sample=-14 wave_phase=112
elapsed=15300 actor=upper event=vertical-step path=8942 bank_target=1 wave_sample=-14 wave_phase=112
elapsed=15300 actor=lower event=wait path=6089 bank_target=1 wave_sample=14 wave_phase=242
elapsed=15300 actor=lower event=move path=6089 bank_target=1 wave_sample=14 wave_phase=242
elapsed=15300 actor=lower event=vertical-step path=8942 bank_target=1 wave_sample=14 wave_phase=242
elapsed=15304 actor=upper event=wait path=6089 bank_target=1 wave_sample=-14 wave_phase=114
elapsed=15304 actor=upper event=move path=6089 bank_target=1 wave_sample=-14 wave_phase=114
elapsed=15304 actor=upper event=vertical-step path=8942 bank_target=1 wave_sample=-14 wave_phase=114
elapsed=15305 actor=lower event=wait path=6089 bank_target=1 wave_sample=14 wave_phase=244
elapsed=15305 actor=lower event=move path=6089 bank_target=1 wave_sample=14 wave_phase=244
elapsed=15305 actor=lower event=vertical-step path=8942 bank_target=1 wave_sample=15 wave_phase=244
elapsed=15309 actor=upper event=wait path=6089 bank_target=1 wave_sample=-14 wave_phase=116
elapsed=15309 actor=upper event=move path=6089 bank_target=1 wave_sample=-14 wave_phase=116
elapsed=15309 actor=upper event=vertical-step path=8942 bank_target=1 wave_sample=-15 wave_phase=116
elapsed=15309 actor=lower event=wait path=6089 bank_target=1 wave_sample=15 wave_phase=246
elapsed=15309 actor=lower event=wait-for-angle path=6091 bank_target=1 wave_sample=15 wave_phase=246
elapsed=15309 actor=lower event=move path=6091 bank_target=1 wave_sample=15 wave_phase=246
elapsed=15309 actor=lower event=vertical-step path=894F bank_target=1 wave_sample=123 wave_phase=246
elapsed=15309 actor=lower event=vertical-step path=8952 bank_target=1 wave_sample=123 wave_phase=246
elapsed=15309 actor=lower event=vertical-step path=894F bank_target=1 wave_sample=123 wave_phase=246
elapsed=15309 actor=lower event=vertical-step path=8952 bank_target=1 wave_sample=123 wave_phase=246
elapsed=15313 actor=upper event=wait path=6089 bank_target=1 wave_sample=-15 wave_phase=118
elapsed=15313 actor=upper event=wait-for-angle path=6091 bank_target=1 wave_sample=-15 wave_phase=118
elapsed=15313 actor=upper event=move path=6091 bank_target=1 wave_sample=-15 wave_phase=118
elapsed=15313 actor=upper event=vertical-step path=894F bank_target=1 wave_sample=-123 wave_phase=118
elapsed=15313 actor=upper event=vertical-step path=8952 bank_target=1 wave_sample=-123 wave_phase=118
elapsed=15313 actor=upper event=vertical-step path=894F bank_target=1 wave_sample=-123 wave_phase=118
elapsed=15313 actor=upper event=vertical-step path=8952 bank_target=1 wave_sample=-123 wave_phase=118
elapsed=15313 actor=lower event=wait-for-angle path=6091 bank_target=1 wave_sample=123 wave_phase=250
elapsed=15313 actor=lower event=move path=6091 bank_target=1 wave_sample=123 wave_phase=250
elapsed=15314 actor=lower event=vertical-step path=894F bank_target=1 wave_sample=125 wave_phase=250
elapsed=15314 actor=lower event=vertical-step path=8952 bank_target=1 wave_sample=125 wave_phase=250
elapsed=15314 actor=lower event=vertical-step path=894F bank_target=1 wave_sample=125 wave_phase=250
elapsed=15314 actor=lower event=vertical-step path=8952 bank_target=1 wave_sample=125 wave_phase=250
elapsed=15317 actor=upper event=wait-for-angle path=6091 bank_target=1 wave_sample=-123 wave_phase=122
elapsed=15317 actor=upper event=move path=6091 bank_target=1 wave_sample=-123 wave_phase=122
elapsed=15318 actor=upper event=vertical-step path=894F bank_target=1 wave_sample=-125 wave_phase=122
elapsed=15318 actor=upper event=vertical-step path=8952 bank_target=1 wave_sample=-125 wave_phase=122
elapsed=15318 actor=upper event=vertical-step path=894F bank_target=1 wave_sample=-125 wave_phase=122
elapsed=15318 actor=upper event=vertical-step path=8952 bank_target=1 wave_sample=-125 wave_phase=122
elapsed=15318 actor=lower event=wait-for-angle path=6091 bank_target=1 wave_sample=125 wave_phase=254
elapsed=15318 actor=lower event=move path=6091 bank_target=1 wave_sample=125 wave_phase=254
elapsed=15318 actor=lower event=vertical-step path=894F bank_target=1 wave_sample=126 wave_phase=254
elapsed=15318 actor=lower event=vertical-step path=8952 bank_target=1 wave_sample=126 wave_phase=254
elapsed=15318 actor=lower event=vertical-step path=894F bank_target=1 wave_sample=126 wave_phase=254
elapsed=15318 actor=lower event=vertical-step path=8952 bank_target=1 wave_sample=126 wave_phase=254
elapsed=15322 actor=upper event=wait-for-angle path=6091 bank_target=1 wave_sample=-125 wave_phase=126
elapsed=15322 actor=upper event=move path=6091 bank_target=1 wave_sample=-125 wave_phase=126
elapsed=15322 actor=upper event=vertical-step path=894F bank_target=1 wave_sample=-126 wave_phase=126
elapsed=15322 actor=upper event=vertical-step path=8952 bank_target=1 wave_sample=-126 wave_phase=126
elapsed=15322 actor=upper event=vertical-step path=894F bank_target=1 wave_sample=-126 wave_phase=126
elapsed=15322 actor=upper event=vertical-step path=8952 bank_target=1 wave_sample=-126 wave_phase=126
elapsed=15322 actor=lower event=wait-for-angle path=6091 bank_target=1 wave_sample=126 wave_phase=2
elapsed=15322 actor=lower event=move path=6091 bank_target=1 wave_sample=126 wave_phase=2
elapsed=15322 actor=lower event=vertical-step path=894F bank_target=1 wave_sample=126 wave_phase=2
elapsed=15322 actor=lower event=vertical-step path=8952 bank_target=1 wave_sample=126 wave_phase=2
elapsed=15322 actor=lower event=vertical-step path=894F bank_target=1 wave_sample=126 wave_phase=2
elapsed=15322 actor=lower event=vertical-step path=8952 bank_target=1 wave_sample=126 wave_phase=2
elapsed=15326 actor=upper event=wait-for-angle path=6091 bank_target=1 wave_sample=-126 wave_phase=130
elapsed=15326 actor=upper event=move path=6091 bank_target=1 wave_sample=-126 wave_phase=130
elapsed=15326 actor=upper event=vertical-step path=894F bank_target=1 wave_sample=-126 wave_phase=130
elapsed=15326 actor=upper event=vertical-step path=8952 bank_target=1 wave_sample=-126 wave_phase=130
elapsed=15326 actor=upper event=vertical-step path=894F bank_target=1 wave_sample=-126 wave_phase=130
elapsed=15326 actor=upper event=vertical-step path=8952 bank_target=1 wave_sample=-126 wave_phase=130
elapsed=15327 actor=lower event=wait-for-angle path=6091 bank_target=1 wave_sample=126 wave_phase=6
elapsed=15327 actor=lower event=move path=6091 bank_target=1 wave_sample=126 wave_phase=6
elapsed=15327 actor=lower event=vertical-step path=894F bank_target=1 wave_sample=125 wave_phase=6
elapsed=15327 actor=lower event=vertical-step path=8952 bank_target=1 wave_sample=125 wave_phase=6
elapsed=15327 actor=lower event=vertical-step path=894F bank_target=1 wave_sample=125 wave_phase=6
elapsed=15327 actor=lower event=vertical-step path=8952 bank_target=1 wave_sample=125 wave_phase=6
elapsed=15331 actor=upper event=wait-for-angle path=6091 bank_target=1 wave_sample=-126 wave_phase=134
elapsed=15331 actor=upper event=move path=6091 bank_target=1 wave_sample=-126 wave_phase=134
elapsed=15331 actor=upper event=vertical-step path=894F bank_target=1 wave_sample=-125 wave_phase=134
elapsed=15331 actor=upper event=vertical-step path=8952 bank_target=1 wave_sample=-125 wave_phase=134
elapsed=15331 actor=upper event=vertical-step path=894F bank_target=1 wave_sample=-125 wave_phase=134
elapsed=15331 actor=upper event=vertical-step path=8952 bank_target=1 wave_sample=-125 wave_phase=134
elapsed=15331 actor=lower event=wait-for-angle path=6091 bank_target=1 wave_sample=125 wave_phase=10
elapsed=15331 actor=lower event=move path=6091 bank_target=1 wave_sample=125 wave_phase=10
elapsed=15331 actor=lower event=vertical-step path=894F bank_target=1 wave_sample=123 wave_phase=10
elapsed=15331 actor=lower event=vertical-step path=8952 bank_target=1 wave_sample=123 wave_phase=10
elapsed=15331 actor=lower event=vertical-step path=894F bank_target=1 wave_sample=123 wave_phase=10
elapsed=15331 actor=lower event=vertical-step path=8952 bank_target=1 wave_sample=123 wave_phase=10
elapsed=15335 actor=upper event=wait-for-angle path=6091 bank_target=1 wave_sample=-125 wave_phase=138
elapsed=15335 actor=upper event=move path=6091 bank_target=1 wave_sample=-125 wave_phase=138
elapsed=15335 actor=upper event=vertical-step path=894F bank_target=1 wave_sample=-123 wave_phase=138
elapsed=15335 actor=upper event=vertical-step path=8952 bank_target=1 wave_sample=-123 wave_phase=138
elapsed=15335 actor=upper event=vertical-step path=894F bank_target=1 wave_sample=-123 wave_phase=138
elapsed=15335 actor=upper event=vertical-step path=8952 bank_target=1 wave_sample=-123 wave_phase=138
elapsed=15336 actor=lower event=wait-for-angle path=6091 bank_target=1 wave_sample=123 wave_phase=14
elapsed=15336 actor=lower event=move path=6091 bank_target=1 wave_sample=123 wave_phase=14
elapsed=15336 actor=lower event=vertical-step path=894F bank_target=1 wave_sample=119 wave_phase=14
elapsed=15336 actor=lower event=vertical-step path=8952 bank_target=1 wave_sample=119 wave_phase=14
elapsed=15336 actor=lower event=vertical-step path=894F bank_target=1 wave_sample=119 wave_phase=14
elapsed=15336 actor=lower event=vertical-step path=8952 bank_target=1 wave_sample=119 wave_phase=14
elapsed=15340 actor=upper event=wait-for-angle path=6091 bank_target=1 wave_sample=-123 wave_phase=142
elapsed=15340 actor=upper event=move path=6091 bank_target=1 wave_sample=-123 wave_phase=142
elapsed=15340 actor=upper event=vertical-step path=894F bank_target=1 wave_sample=-119 wave_phase=142
elapsed=15340 actor=upper event=vertical-step path=8952 bank_target=1 wave_sample=-119 wave_phase=142
elapsed=15340 actor=upper event=vertical-step path=894F bank_target=1 wave_sample=-119 wave_phase=142
elapsed=15340 actor=upper event=vertical-step path=8952 bank_target=1 wave_sample=-119 wave_phase=142
elapsed=15340 actor=lower event=wait-for-angle path=6091 bank_target=1 wave_sample=119 wave_phase=18
elapsed=15340 actor=lower event=move path=6091 bank_target=1 wave_sample=119 wave_phase=18
elapsed=15340 actor=lower event=vertical-step path=894F bank_target=1 wave_sample=114 wave_phase=18
elapsed=15340 actor=lower event=vertical-step path=8952 bank_target=1 wave_sample=114 wave_phase=18
elapsed=15340 actor=lower event=vertical-step path=894F bank_target=1 wave_sample=114 wave_phase=18
elapsed=15340 actor=lower event=vertical-step path=8952 bank_target=1 wave_sample=114 wave_phase=18
elapsed=15344 actor=upper event=wait-for-angle path=6091 bank_target=1 wave_sample=-119 wave_phase=146
elapsed=15344 actor=upper event=move path=6091 bank_target=1 wave_sample=-119 wave_phase=146
elapsed=15344 actor=upper event=vertical-step path=894F bank_target=1 wave_sample=-114 wave_phase=146
elapsed=15344 actor=upper event=vertical-step path=8952 bank_target=1 wave_sample=-114 wave_phase=146
elapsed=15344 actor=upper event=vertical-step path=894F bank_target=1 wave_sample=-114 wave_phase=146
elapsed=15344 actor=upper event=vertical-step path=8952 bank_target=1 wave_sample=-114 wave_phase=146
elapsed=15344 actor=lower event=wait-for-angle path=6091 bank_target=1 wave_sample=114 wave_phase=22
elapsed=15344 actor=lower event=move path=6091 bank_target=1 wave_sample=114 wave_phase=22
elapsed=15344 actor=lower event=vertical-step path=894F bank_target=1 wave_sample=108 wave_phase=22
elapsed=15344 actor=lower event=vertical-step path=8952 bank_target=1 wave_sample=108 wave_phase=22
elapsed=15344 actor=lower event=vertical-step path=894F bank_target=1 wave_sample=108 wave_phase=22
elapsed=15344 actor=lower event=vertical-step path=8952 bank_target=1 wave_sample=108 wave_phase=22
elapsed=15348 actor=upper event=wait-for-angle path=6091 bank_target=1 wave_sample=-114 wave_phase=150
elapsed=15348 actor=upper event=move path=6091 bank_target=1 wave_sample=-114 wave_phase=150
elapsed=15348 actor=upper event=vertical-step path=894F bank_target=1 wave_sample=-108 wave_phase=150
elapsed=15348 actor=upper event=vertical-step path=8952 bank_target=1 wave_sample=-108 wave_phase=150
elapsed=15348 actor=upper event=vertical-step path=894F bank_target=1 wave_sample=-108 wave_phase=150
elapsed=15348 actor=upper event=vertical-step path=8952 bank_target=1 wave_sample=-108 wave_phase=150
elapsed=15348 actor=lower event=wait-for-angle path=6091 bank_target=1 wave_sample=108 wave_phase=26
elapsed=15348 actor=lower event=move path=6091 bank_target=1 wave_sample=108 wave_phase=26
elapsed=15349 actor=lower event=vertical-step path=894F bank_target=1 wave_sample=102 wave_phase=26
elapsed=15349 actor=lower event=vertical-step path=8952 bank_target=1 wave_sample=102 wave_phase=26
elapsed=15349 actor=lower event=vertical-step path=894F bank_target=1 wave_sample=102 wave_phase=26
elapsed=15349 actor=lower event=vertical-step path=8952 bank_target=1 wave_sample=102 wave_phase=26
elapsed=15352 actor=upper event=wait-for-angle path=6091 bank_target=1 wave_sample=-108 wave_phase=154
elapsed=15352 actor=upper event=move path=6091 bank_target=1 wave_sample=-108 wave_phase=154
elapsed=15353 actor=upper event=vertical-step path=894F bank_target=1 wave_sample=-102 wave_phase=154
elapsed=15353 actor=upper event=vertical-step path=8952 bank_target=1 wave_sample=-102 wave_phase=154
elapsed=15353 actor=upper event=vertical-step path=894F bank_target=1 wave_sample=-102 wave_phase=154
elapsed=15353 actor=upper event=vertical-step path=8952 bank_target=1 wave_sample=-102 wave_phase=154
elapsed=15353 actor=lower event=wait-for-angle path=6091 bank_target=1 wave_sample=102 wave_phase=30
elapsed=15353 actor=lower event=move path=6091 bank_target=1 wave_sample=102 wave_phase=30
elapsed=15353 actor=lower event=vertical-step path=894F bank_target=1 wave_sample=94 wave_phase=30
elapsed=15353 actor=lower event=vertical-step path=8952 bank_target=1 wave_sample=94 wave_phase=30
elapsed=15353 actor=lower event=vertical-step path=894F bank_target=1 wave_sample=94 wave_phase=30
elapsed=15353 actor=lower event=vertical-step path=8952 bank_target=1 wave_sample=94 wave_phase=30
elapsed=15357 actor=upper event=wait-for-angle path=6091 bank_target=1 wave_sample=-102 wave_phase=158
elapsed=15357 actor=upper event=move path=6091 bank_target=1 wave_sample=-102 wave_phase=158
elapsed=15357 actor=upper event=vertical-step path=894F bank_target=1 wave_sample=-94 wave_phase=158
elapsed=15357 actor=upper event=vertical-step path=8952 bank_target=1 wave_sample=-94 wave_phase=158
elapsed=15357 actor=upper event=vertical-step path=894F bank_target=1 wave_sample=-94 wave_phase=158
elapsed=15357 actor=upper event=vertical-step path=8952 bank_target=1 wave_sample=-94 wave_phase=158
elapsed=15357 actor=lower event=wait-for-angle path=6091 bank_target=1 wave_sample=94 wave_phase=34
elapsed=15357 actor=lower event=move path=6091 bank_target=1 wave_sample=94 wave_phase=34
elapsed=15357 actor=lower event=vertical-step path=894F bank_target=1 wave_sample=85 wave_phase=34
elapsed=15357 actor=lower event=vertical-step path=8952 bank_target=1 wave_sample=85 wave_phase=34
elapsed=15357 actor=lower event=vertical-step path=894F bank_target=1 wave_sample=85 wave_phase=34
elapsed=15357 actor=lower event=vertical-step path=8952 bank_target=1 wave_sample=85 wave_phase=34
elapsed=15361 actor=upper event=wait-for-angle path=6091 bank_target=1 wave_sample=-94 wave_phase=162
elapsed=15361 actor=upper event=move path=6091 bank_target=1 wave_sample=-94 wave_phase=162
elapsed=15361 actor=upper event=vertical-step path=894F bank_target=1 wave_sample=-85 wave_phase=162
elapsed=15361 actor=upper event=vertical-step path=8952 bank_target=1 wave_sample=-85 wave_phase=162
elapsed=15361 actor=upper event=vertical-step path=894F bank_target=1 wave_sample=-85 wave_phase=162
elapsed=15361 actor=upper event=vertical-step path=8952 bank_target=1 wave_sample=-85 wave_phase=162
elapsed=15361 actor=lower event=wait-for-angle path=6091 bank_target=1 wave_sample=85 wave_phase=38
elapsed=15361 actor=lower event=move path=6091 bank_target=1 wave_sample=85 wave_phase=38
elapsed=15362 actor=lower event=vertical-step path=894F bank_target=1 wave_sample=75 wave_phase=38
elapsed=15362 actor=lower event=vertical-step path=8952 bank_target=1 wave_sample=75 wave_phase=38
elapsed=15362 actor=lower event=vertical-step path=894F bank_target=1 wave_sample=75 wave_phase=38
elapsed=15362 actor=lower event=vertical-step path=8952 bank_target=1 wave_sample=75 wave_phase=38
elapsed=15366 actor=upper event=wait-for-angle path=6091 bank_target=1 wave_sample=-85 wave_phase=166
elapsed=15366 actor=upper event=move path=6091 bank_target=1 wave_sample=-85 wave_phase=166
elapsed=15366 actor=upper event=vertical-step path=894F bank_target=1 wave_sample=-75 wave_phase=166
elapsed=15366 actor=upper event=vertical-step path=8952 bank_target=1 wave_sample=-75 wave_phase=166
elapsed=15366 actor=upper event=vertical-step path=894F bank_target=1 wave_sample=-75 wave_phase=166
elapsed=15366 actor=upper event=vertical-step path=8952 bank_target=1 wave_sample=-75 wave_phase=166
elapsed=15366 actor=lower event=wait-for-angle path=6091 bank_target=1 wave_sample=75 wave_phase=42
elapsed=15366 actor=lower event=move path=6091 bank_target=1 wave_sample=75 wave_phase=42
elapsed=15366 actor=lower event=vertical-step path=894F bank_target=1 wave_sample=65 wave_phase=42
elapsed=15366 actor=lower event=vertical-step path=8952 bank_target=1 wave_sample=65 wave_phase=42
elapsed=15366 actor=lower event=vertical-step path=894F bank_target=1 wave_sample=65 wave_phase=42
elapsed=15366 actor=lower event=vertical-step path=8952 bank_target=1 wave_sample=65 wave_phase=42
elapsed=15370 actor=upper event=wait-for-angle path=6091 bank_target=1 wave_sample=-75 wave_phase=170
elapsed=15370 actor=upper event=move path=6091 bank_target=1 wave_sample=-75 wave_phase=170
elapsed=15370 actor=upper event=vertical-step path=894F bank_target=1 wave_sample=-65 wave_phase=170
elapsed=15370 actor=upper event=vertical-step path=8952 bank_target=1 wave_sample=-65 wave_phase=170
elapsed=15370 actor=upper event=vertical-step path=894F bank_target=1 wave_sample=-65 wave_phase=170
elapsed=15370 actor=upper event=vertical-step path=8952 bank_target=1 wave_sample=-65 wave_phase=170
elapsed=15371 actor=lower event=move path=8694 bank_target=1 wave_sample=65 wave_phase=46
elapsed=15371 actor=lower event=vertical-step path=894F bank_target=1 wave_sample=54 wave_phase=46
elapsed=15371 actor=lower event=vertical-step path=8952 bank_target=1 wave_sample=54 wave_phase=46
elapsed=15371 actor=lower event=vertical-step path=894F bank_target=1 wave_sample=54 wave_phase=46
elapsed=15371 actor=lower event=vertical-step path=8952 bank_target=1 wave_sample=54 wave_phase=46
elapsed=15375 actor=upper event=wait-for-angle path=6091 bank_target=1 wave_sample=-65 wave_phase=174
elapsed=15375 actor=upper event=move path=6091 bank_target=1 wave_sample=-65 wave_phase=174
elapsed=15375 actor=upper event=vertical-step path=894F bank_target=1 wave_sample=-54 wave_phase=174
elapsed=15375 actor=upper event=vertical-step path=8952 bank_target=1 wave_sample=-54 wave_phase=174
elapsed=15375 actor=upper event=vertical-step path=894F bank_target=1 wave_sample=-54 wave_phase=174
elapsed=15375 actor=upper event=vertical-step path=8952 bank_target=1 wave_sample=-54 wave_phase=174
elapsed=15376 actor=lower event=move path=8694 bank_target=1 wave_sample=54 wave_phase=50
elapsed=15376 actor=lower event=vertical-step path=894F bank_target=1 wave_sample=42 wave_phase=50
elapsed=15376 actor=lower event=vertical-step path=8952 bank_target=1 wave_sample=42 wave_phase=50
elapsed=15376 actor=lower event=vertical-step path=894F bank_target=1 wave_sample=42 wave_phase=50
elapsed=15376 actor=lower event=vertical-step path=8952 bank_target=1 wave_sample=42 wave_phase=50
elapsed=15380 actor=upper event=wait-for-angle path=6091 bank_target=1 wave_sample=-54 wave_phase=178
elapsed=15380 actor=upper event=move path=6091 bank_target=1 wave_sample=-54 wave_phase=178
elapsed=15380 actor=upper event=vertical-step path=894F bank_target=1 wave_sample=-42 wave_phase=178
elapsed=15380 actor=upper event=vertical-step path=8952 bank_target=1 wave_sample=-42 wave_phase=178
elapsed=15380 actor=upper event=vertical-step path=894F bank_target=1 wave_sample=-42 wave_phase=178
elapsed=15380 actor=upper event=vertical-step path=8952 bank_target=1 wave_sample=-42 wave_phase=178
elapsed=15381 actor=lower event=move path=8694 bank_target=1 wave_sample=42 wave_phase=54
elapsed=15381 actor=lower event=vertical-step path=894F bank_target=1 wave_sample=30 wave_phase=54
elapsed=15381 actor=lower event=vertical-step path=8952 bank_target=1 wave_sample=30 wave_phase=54
elapsed=15381 actor=lower event=vertical-step path=894F bank_target=1 wave_sample=30 wave_phase=54
elapsed=15381 actor=lower event=vertical-step path=8952 bank_target=1 wave_sample=30 wave_phase=54
elapsed=15386 actor=upper event=wait-for-angle path=6091 bank_target=1 wave_sample=-42 wave_phase=182
elapsed=15386 actor=upper event=move path=6091 bank_target=1 wave_sample=-42 wave_phase=182
elapsed=15386 actor=upper event=vertical-step path=894F bank_target=1 wave_sample=-30 wave_phase=182
elapsed=15386 actor=upper event=vertical-step path=8952 bank_target=1 wave_sample=-30 wave_phase=182
elapsed=15386 actor=upper event=vertical-step path=894F bank_target=1 wave_sample=-30 wave_phase=182
elapsed=15386 actor=upper event=vertical-step path=8952 bank_target=1 wave_sample=-30 wave_phase=182
elapsed=15386 actor=lower event=vertical-step path=894F bank_target=1 wave_sample=18 wave_phase=58
elapsed=15386 actor=lower event=vertical-step path=8952 bank_target=1 wave_sample=18 wave_phase=58
elapsed=15386 actor=lower event=vertical-step path=894F bank_target=1 wave_sample=18 wave_phase=58
elapsed=15386 actor=lower event=vertical-step path=8952 bank_target=1 wave_sample=18 wave_phase=58
elapsed=15391 actor=upper event=wait-for-angle path=6091 bank_target=1 wave_sample=-30 wave_phase=186
elapsed=15391 actor=upper event=move path=6091 bank_target=1 wave_sample=-30 wave_phase=186
elapsed=15391 actor=upper event=vertical-step path=894F bank_target=1 wave_sample=-18 wave_phase=186
elapsed=15391 actor=upper event=vertical-step path=8952 bank_target=1 wave_sample=-18 wave_phase=186
elapsed=15391 actor=upper event=vertical-step path=894F bank_target=1 wave_sample=-18 wave_phase=186
elapsed=15391 actor=upper event=vertical-step path=8952 bank_target=1 wave_sample=-18 wave_phase=186
elapsed=15396 actor=upper event=wait-for-angle path=6091 bank_target=1 wave_sample=-18 wave_phase=190
elapsed=15396 actor=upper event=move path=6091 bank_target=1 wave_sample=-18 wave_phase=190
elapsed=15396 actor=upper event=vertical-step path=894F bank_target=1 wave_sample=-6 wave_phase=190
elapsed=15396 actor=upper event=vertical-step path=8952 bank_target=1 wave_sample=-6 wave_phase=190
elapsed=15396 actor=upper event=vertical-step path=894F bank_target=1 wave_sample=-6 wave_phase=190
elapsed=15396 actor=upper event=vertical-step path=8952 bank_target=1 wave_sample=-6 wave_phase=190
elapsed=15400 actor=upper event=wait-for-angle path=6091 bank_target=1 wave_sample=-6 wave_phase=194
elapsed=15400 actor=upper event=random-value path=60CF bank_target=1 wave_sample=-6 wave_phase=194
elapsed=15400 actor=upper event=schedule path=6097 bank_target=-8 wave_sample=-6 wave_phase=194
elapsed=15400 actor=upper event=schedule path=609A bank_target=-8 wave_sample=-6 wave_phase=194
elapsed=15400 actor=upper event=schedule path=609D bank_target=-8 wave_sample=-6 wave_phase=194
elapsed=15400 actor=upper event=move path=60A0 bank_target=-8 wave_sample=-6 wave_phase=194
elapsed=15401 actor=upper event=vertical-step path=894F bank_target=-8 wave_sample=6 wave_phase=194
elapsed=15401 actor=upper event=vertical-step path=8952 bank_target=-8 wave_sample=6 wave_phase=194
elapsed=15401 actor=upper event=vertical-step path=894F bank_target=-8 wave_sample=6 wave_phase=194
elapsed=15401 actor=upper event=vertical-step path=8952 bank_target=-8 wave_sample=6 wave_phase=194
elapsed=15401 actor=upper event=chase-angle path=60C6 bank_target=-8 wave_sample=6 wave_phase=198
elapsed=15401 actor=upper event=chase-angle path=60CB bank_target=-8 wave_sample=3 wave_phase=198
elapsed=15405 actor=upper event=move path=60A0 bank_target=-8 wave_sample=3 wave_phase=198
elapsed=15405 actor=upper event=vertical-step path=894F bank_target=-8 wave_sample=18 wave_phase=198
elapsed=15405 actor=upper event=vertical-step path=8952 bank_target=-8 wave_sample=18 wave_phase=198
elapsed=15405 actor=upper event=vertical-step path=894F bank_target=-8 wave_sample=18 wave_phase=198
elapsed=15405 actor=upper event=vertical-step path=8952 bank_target=-8 wave_sample=18 wave_phase=198
elapsed=15405 actor=upper event=chase-angle path=60C6 bank_target=-8 wave_sample=18 wave_phase=202
elapsed=15405 actor=upper event=chase-angle path=60CB bank_target=-8 wave_sample=9 wave_phase=202
elapsed=15409 actor=upper event=move path=60A0 bank_target=-8 wave_sample=9 wave_phase=202
elapsed=15409 actor=upper event=vertical-step path=894F bank_target=-8 wave_sample=30 wave_phase=202
elapsed=15409 actor=upper event=vertical-step path=8952 bank_target=-8 wave_sample=30 wave_phase=202
elapsed=15409 actor=upper event=vertical-step path=894F bank_target=-8 wave_sample=30 wave_phase=202
elapsed=15409 actor=upper event=vertical-step path=8952 bank_target=-8 wave_sample=30 wave_phase=202
elapsed=15409 actor=upper event=chase-angle path=60C6 bank_target=-8 wave_sample=30 wave_phase=206
elapsed=15409 actor=upper event=chase-angle path=60CB bank_target=-8 wave_sample=15 wave_phase=206
elapsed=15413 actor=upper event=move path=60A0 bank_target=-8 wave_sample=15 wave_phase=206
elapsed=15413 actor=upper event=vertical-step path=894F bank_target=-8 wave_sample=42 wave_phase=206
elapsed=15413 actor=upper event=vertical-step path=8952 bank_target=-8 wave_sample=42 wave_phase=206
elapsed=15413 actor=upper event=vertical-step path=894F bank_target=-8 wave_sample=42 wave_phase=206
elapsed=15413 actor=upper event=vertical-step path=8952 bank_target=-8 wave_sample=42 wave_phase=206
elapsed=15414 actor=upper event=chase-angle path=60C6 bank_target=-8 wave_sample=42 wave_phase=210
elapsed=15414 actor=upper event=chase-angle path=60CB bank_target=-8 wave_sample=21 wave_phase=210
elapsed=15417 actor=upper event=move path=60A0 bank_target=-8 wave_sample=21 wave_phase=210
elapsed=15418 actor=upper event=vertical-step path=894F bank_target=-8 wave_sample=54 wave_phase=210
elapsed=15418 actor=upper event=vertical-step path=8952 bank_target=-8 wave_sample=54 wave_phase=210
elapsed=15418 actor=upper event=vertical-step path=894F bank_target=-8 wave_sample=54 wave_phase=210
elapsed=15418 actor=upper event=vertical-step path=8952 bank_target=-8 wave_sample=54 wave_phase=210
elapsed=15418 actor=upper event=chase-angle path=60C6 bank_target=-8 wave_sample=54 wave_phase=214
elapsed=15418 actor=upper event=chase-angle path=60CB bank_target=-8 wave_sample=27 wave_phase=214
elapsed=15421 actor=upper event=move path=60A0 bank_target=-8 wave_sample=27 wave_phase=214
elapsed=15421 actor=upper event=vertical-step path=894F bank_target=-8 wave_sample=65 wave_phase=214
elapsed=15421 actor=upper event=vertical-step path=8952 bank_target=-8 wave_sample=65 wave_phase=214
elapsed=15421 actor=upper event=vertical-step path=894F bank_target=-8 wave_sample=65 wave_phase=214
elapsed=15421 actor=upper event=vertical-step path=8952 bank_target=-8 wave_sample=65 wave_phase=214
elapsed=15422 actor=upper event=chase-angle path=60C6 bank_target=-8 wave_sample=65 wave_phase=218
elapsed=15422 actor=upper event=chase-angle path=60CB bank_target=-8 wave_sample=32 wave_phase=218
elapsed=15425 actor=upper event=move path=60A0 bank_target=-8 wave_sample=32 wave_phase=218
elapsed=15425 actor=upper event=vertical-step path=894F bank_target=-8 wave_sample=75 wave_phase=218
elapsed=15425 actor=upper event=vertical-step path=8952 bank_target=-8 wave_sample=75 wave_phase=218
elapsed=15425 actor=upper event=vertical-step path=894F bank_target=-8 wave_sample=75 wave_phase=218
elapsed=15425 actor=upper event=vertical-step path=8952 bank_target=-8 wave_sample=75 wave_phase=218
elapsed=15426 actor=upper event=chase-angle path=60C6 bank_target=-8 wave_sample=75 wave_phase=222
elapsed=15426 actor=upper event=chase-angle path=60CB bank_target=-8 wave_sample=37 wave_phase=222
elapsed=15429 actor=upper event=move path=60A0 bank_target=-8 wave_sample=37 wave_phase=222
elapsed=15429 actor=upper event=vertical-step path=894F bank_target=-8 wave_sample=85 wave_phase=222
elapsed=15429 actor=upper event=vertical-step path=8952 bank_target=-8 wave_sample=85 wave_phase=222
elapsed=15429 actor=upper event=vertical-step path=894F bank_target=-8 wave_sample=85 wave_phase=222
elapsed=15429 actor=upper event=vertical-step path=8952 bank_target=-8 wave_sample=85 wave_phase=222
elapsed=15429 actor=upper event=chase-angle path=60C6 bank_target=-8 wave_sample=85 wave_phase=226
elapsed=15429 actor=upper event=chase-angle path=60CB bank_target=-8 wave_sample=42 wave_phase=226
elapsed=15433 actor=upper event=move path=60A0 bank_target=-8 wave_sample=42 wave_phase=226
elapsed=15433 actor=upper event=vertical-step path=894F bank_target=-8 wave_sample=94 wave_phase=226
elapsed=15433 actor=upper event=vertical-step path=8952 bank_target=-8 wave_sample=94 wave_phase=226
elapsed=15433 actor=upper event=vertical-step path=894F bank_target=-8 wave_sample=94 wave_phase=226
elapsed=15433 actor=upper event=vertical-step path=8952 bank_target=-8 wave_sample=94 wave_phase=226
elapsed=15433 actor=upper event=chase-angle path=60C6 bank_target=-8 wave_sample=94 wave_phase=230
elapsed=15433 actor=upper event=chase-angle path=60CB bank_target=-8 wave_sample=47 wave_phase=230
elapsed=15437 actor=upper event=move path=60A0 bank_target=-8 wave_sample=47 wave_phase=230
elapsed=15437 actor=upper event=vertical-step path=894F bank_target=-8 wave_sample=102 wave_phase=230
elapsed=15437 actor=upper event=vertical-step path=8952 bank_target=-8 wave_sample=102 wave_phase=230
elapsed=15437 actor=upper event=vertical-step path=894F bank_target=-8 wave_sample=102 wave_phase=230
elapsed=15437 actor=upper event=vertical-step path=8952 bank_target=-8 wave_sample=102 wave_phase=230
elapsed=15437 actor=upper event=chase-angle path=60C6 bank_target=-8 wave_sample=102 wave_phase=234
elapsed=15437 actor=upper event=chase-angle path=60CB bank_target=-8 wave_sample=51 wave_phase=234
elapsed=15441 actor=upper event=move path=60A0 bank_target=-8 wave_sample=51 wave_phase=234
elapsed=15441 actor=upper event=vertical-step path=894F bank_target=-8 wave_sample=108 wave_phase=234
elapsed=15441 actor=upper event=vertical-step path=8952 bank_target=-8 wave_sample=108 wave_phase=234
elapsed=15441 actor=upper event=vertical-step path=894F bank_target=-8 wave_sample=108 wave_phase=234
elapsed=15441 actor=upper event=vertical-step path=8952 bank_target=-8 wave_sample=108 wave_phase=234
elapsed=15441 actor=upper event=chase-angle path=60C6 bank_target=-8 wave_sample=108 wave_phase=238
elapsed=15441 actor=upper event=chase-angle path=60CB bank_target=-8 wave_sample=54 wave_phase=238
elapsed=15445 actor=upper event=move path=60A0 bank_target=-8 wave_sample=54 wave_phase=238
elapsed=15445 actor=upper event=vertical-step path=894F bank_target=-8 wave_sample=114 wave_phase=238
elapsed=15445 actor=upper event=vertical-step path=8952 bank_target=-8 wave_sample=114 wave_phase=238
elapsed=15445 actor=upper event=vertical-step path=894F bank_target=-8 wave_sample=114 wave_phase=238
elapsed=15445 actor=upper event=vertical-step path=8952 bank_target=-8 wave_sample=114 wave_phase=238
elapsed=15445 actor=upper event=chase-angle path=60C6 bank_target=-8 wave_sample=114 wave_phase=242
elapsed=15445 actor=upper event=chase-angle path=60CB bank_target=-8 wave_sample=57 wave_phase=242
elapsed=15449 actor=upper event=move path=60A0 bank_target=-8 wave_sample=57 wave_phase=242
elapsed=15449 actor=upper event=vertical-step path=894F bank_target=-8 wave_sample=119 wave_phase=242
elapsed=15449 actor=upper event=vertical-step path=8952 bank_target=-8 wave_sample=119 wave_phase=242
elapsed=15449 actor=upper event=vertical-step path=894F bank_target=-8 wave_sample=119 wave_phase=242
elapsed=15449 actor=upper event=vertical-step path=8952 bank_target=-8 wave_sample=119 wave_phase=242
elapsed=15449 actor=upper event=chase-angle path=60C6 bank_target=-8 wave_sample=119 wave_phase=246
elapsed=15449 actor=upper event=chase-angle path=60CB bank_target=-8 wave_sample=59 wave_phase=246
elapsed=15453 actor=upper event=move path=60A0 bank_target=-8 wave_sample=59 wave_phase=246
elapsed=15453 actor=upper event=vertical-step path=894F bank_target=-8 wave_sample=123 wave_phase=246
elapsed=15453 actor=upper event=vertical-step path=8952 bank_target=-8 wave_sample=123 wave_phase=246
elapsed=15453 actor=upper event=vertical-step path=894F bank_target=-8 wave_sample=123 wave_phase=246
elapsed=15453 actor=upper event=vertical-step path=8952 bank_target=-8 wave_sample=123 wave_phase=246
elapsed=15453 actor=upper event=chase-angle path=60C6 bank_target=-8 wave_sample=123 wave_phase=250
elapsed=15453 actor=upper event=chase-angle path=60CB bank_target=-8 wave_sample=61 wave_phase=250
elapsed=15457 actor=upper event=move path=60A0 bank_target=-8 wave_sample=61 wave_phase=250
elapsed=15457 actor=upper event=vertical-step path=894F bank_target=-8 wave_sample=125 wave_phase=250
elapsed=15457 actor=upper event=vertical-step path=8952 bank_target=-8 wave_sample=125 wave_phase=250
elapsed=15457 actor=upper event=vertical-step path=894F bank_target=-8 wave_sample=125 wave_phase=250
elapsed=15457 actor=upper event=vertical-step path=8952 bank_target=-8 wave_sample=125 wave_phase=250
elapsed=15457 actor=upper event=chase-angle path=60C6 bank_target=-8 wave_sample=125 wave_phase=254
elapsed=15457 actor=upper event=chase-angle path=60CB bank_target=-8 wave_sample=62 wave_phase=254
elapsed=15460 actor=upper event=move path=60A0 bank_target=-8 wave_sample=62 wave_phase=254
elapsed=15461 actor=upper event=vertical-step path=894F bank_target=-8 wave_sample=126 wave_phase=254
elapsed=15461 actor=upper event=vertical-step path=8952 bank_target=-8 wave_sample=126 wave_phase=254
elapsed=15461 actor=upper event=vertical-step path=894F bank_target=-8 wave_sample=126 wave_phase=254
elapsed=15461 actor=upper event=vertical-step path=8952 bank_target=-8 wave_sample=126 wave_phase=254
elapsed=15461 actor=upper event=chase-angle path=60C6 bank_target=-8 wave_sample=126 wave_phase=2
elapsed=15461 actor=upper event=chase-angle path=60CB bank_target=-8 wave_sample=63 wave_phase=2
elapsed=15464 actor=upper event=move path=60A0 bank_target=-8 wave_sample=63 wave_phase=2
elapsed=15465 actor=upper event=vertical-step path=894F bank_target=-8 wave_sample=126 wave_phase=2
elapsed=15465 actor=upper event=vertical-step path=8952 bank_target=-8 wave_sample=126 wave_phase=2
elapsed=15465 actor=upper event=vertical-step path=894F bank_target=-8 wave_sample=126 wave_phase=2
elapsed=15465 actor=upper event=vertical-step path=8952 bank_target=-8 wave_sample=126 wave_phase=2
elapsed=15465 actor=upper event=chase-angle path=60C6 bank_target=-8 wave_sample=126 wave_phase=6
elapsed=15465 actor=upper event=chase-angle path=60CB bank_target=-8 wave_sample=63 wave_phase=6
elapsed=15468 actor=upper event=move path=60A0 bank_target=-8 wave_sample=63 wave_phase=6
elapsed=15468 actor=upper event=vertical-step path=894F bank_target=-8 wave_sample=125 wave_phase=6
elapsed=15468 actor=upper event=vertical-step path=8952 bank_target=-8 wave_sample=125 wave_phase=6
elapsed=15468 actor=upper event=vertical-step path=894F bank_target=-8 wave_sample=125 wave_phase=6
elapsed=15468 actor=upper event=vertical-step path=8952 bank_target=-8 wave_sample=125 wave_phase=6
elapsed=15469 actor=upper event=chase-angle path=60C6 bank_target=-8 wave_sample=125 wave_phase=10
elapsed=15469 actor=upper event=chase-angle path=60CB bank_target=-8 wave_sample=62 wave_phase=10
elapsed=15472 actor=upper event=move path=60A0 bank_target=-8 wave_sample=62 wave_phase=10
elapsed=15472 actor=upper event=vertical-step path=894F bank_target=-8 wave_sample=123 wave_phase=10
elapsed=15472 actor=upper event=vertical-step path=8952 bank_target=-8 wave_sample=123 wave_phase=10
elapsed=15472 actor=upper event=vertical-step path=894F bank_target=-8 wave_sample=123 wave_phase=10
elapsed=15472 actor=upper event=vertical-step path=8952 bank_target=-8 wave_sample=123 wave_phase=10
elapsed=15473 actor=upper event=chase-angle path=60C6 bank_target=-8 wave_sample=123 wave_phase=14
elapsed=15473 actor=upper event=chase-angle path=60CB bank_target=-8 wave_sample=61 wave_phase=14
elapsed=15476 actor=upper event=move path=60A0 bank_target=-8 wave_sample=61 wave_phase=14
elapsed=15476 actor=upper event=vertical-step path=894F bank_target=-8 wave_sample=119 wave_phase=14
elapsed=15476 actor=upper event=vertical-step path=8952 bank_target=-8 wave_sample=119 wave_phase=14
elapsed=15476 actor=upper event=vertical-step path=894F bank_target=-8 wave_sample=119 wave_phase=14
elapsed=15476 actor=upper event=vertical-step path=8952 bank_target=-8 wave_sample=119 wave_phase=14
elapsed=15476 actor=upper event=chase-angle path=60C6 bank_target=-8 wave_sample=119 wave_phase=18
elapsed=15476 actor=upper event=chase-angle path=60CB bank_target=-8 wave_sample=59 wave_phase=18
elapsed=15480 actor=upper event=move path=60A0 bank_target=-8 wave_sample=59 wave_phase=18
elapsed=15480 actor=upper event=vertical-step path=894F bank_target=-8 wave_sample=114 wave_phase=18
elapsed=15480 actor=upper event=vertical-step path=8952 bank_target=-8 wave_sample=114 wave_phase=18
elapsed=15480 actor=upper event=vertical-step path=894F bank_target=-8 wave_sample=114 wave_phase=18
elapsed=15480 actor=upper event=vertical-step path=8952 bank_target=-8 wave_sample=114 wave_phase=18
elapsed=15480 actor=upper event=chase-angle path=60C6 bank_target=-8 wave_sample=114 wave_phase=22
elapsed=15480 actor=upper event=chase-angle path=60CB bank_target=-8 wave_sample=57 wave_phase=22
elapsed=15484 actor=upper event=move path=60A0 bank_target=-8 wave_sample=57 wave_phase=22
elapsed=15484 actor=upper event=vertical-step path=894F bank_target=-8 wave_sample=108 wave_phase=22
elapsed=15484 actor=upper event=vertical-step path=8952 bank_target=-8 wave_sample=108 wave_phase=22
elapsed=15484 actor=upper event=vertical-step path=894F bank_target=-8 wave_sample=108 wave_phase=22
elapsed=15484 actor=upper event=vertical-step path=8952 bank_target=-8 wave_sample=108 wave_phase=22
elapsed=15484 actor=upper event=chase-angle path=60C6 bank_target=-8 wave_sample=108 wave_phase=26
elapsed=15484 actor=upper event=chase-angle path=60CB bank_target=-8 wave_sample=54 wave_phase=26
elapsed=15488 actor=upper event=move path=60A0 bank_target=-8 wave_sample=54 wave_phase=26
elapsed=15488 actor=upper event=vertical-step path=894F bank_target=-8 wave_sample=102 wave_phase=26
elapsed=15488 actor=upper event=vertical-step path=8952 bank_target=-8 wave_sample=102 wave_phase=26
elapsed=15488 actor=upper event=vertical-step path=894F bank_target=-8 wave_sample=102 wave_phase=26
elapsed=15488 actor=upper event=vertical-step path=8952 bank_target=-8 wave_sample=102 wave_phase=26
elapsed=15488 actor=upper event=chase-angle path=60C6 bank_target=-8 wave_sample=102 wave_phase=30
elapsed=15488 actor=upper event=chase-angle path=60CB bank_target=-8 wave_sample=51 wave_phase=30
elapsed=15491 actor=upper event=move path=60A0 bank_target=-8 wave_sample=51 wave_phase=30
elapsed=15491 actor=upper event=vertical-step path=894F bank_target=-8 wave_sample=94 wave_phase=30
elapsed=15491 actor=upper event=vertical-step path=8952 bank_target=-8 wave_sample=94 wave_phase=30
elapsed=15491 actor=upper event=vertical-step path=894F bank_target=-8 wave_sample=94 wave_phase=30
elapsed=15491 actor=upper event=vertical-step path=8952 bank_target=-8 wave_sample=94 wave_phase=30
elapsed=15492 actor=upper event=chase-angle path=60C6 bank_target=-8 wave_sample=94 wave_phase=34
elapsed=15492 actor=upper event=chase-angle path=60CB bank_target=-8 wave_sample=47 wave_phase=34
elapsed=15496 actor=upper event=move path=60A0 bank_target=-8 wave_sample=47 wave_phase=34
elapsed=15496 actor=upper event=vertical-step path=894F bank_target=-8 wave_sample=85 wave_phase=34
elapsed=15496 actor=upper event=vertical-step path=8952 bank_target=-8 wave_sample=85 wave_phase=34
elapsed=15496 actor=upper event=vertical-step path=894F bank_target=-8 wave_sample=85 wave_phase=34
elapsed=15496 actor=upper event=vertical-step path=8952 bank_target=-8 wave_sample=85 wave_phase=34
elapsed=15496 actor=upper event=chase-angle path=60C6 bank_target=-8 wave_sample=85 wave_phase=38
elapsed=15496 actor=upper event=chase-angle path=60CB bank_target=-8 wave_sample=42 wave_phase=38
elapsed=15496 actor=upper event=random-value path=60CF bank_target=-8 wave_sample=42 wave_phase=38
elapsed=15496 actor=upper event=random-branch path=60B9 bank_target=-4 wave_sample=42 wave_phase=38
elapsed=15496 actor=upper event=fire path=8759 bank_target=-4 wave_sample=-6 wave_phase=2
elapsed=15501 actor=upper event=move path=60A9 bank_target=-4 wave_sample=-6 wave_phase=38
elapsed=15501 actor=upper event=chase-angle path=60C6 bank_target=-4 wave_sample=-6 wave_phase=38
elapsed=15501 actor=upper event=chase-angle path=60CB bank_target=-4 wave_sample=-3 wave_phase=38
elapsed=15505 actor=upper event=move path=60A9 bank_target=-4 wave_sample=-3 wave_phase=38
elapsed=15505 actor=upper event=chase-angle path=60C6 bank_target=-4 wave_sample=-3 wave_phase=38
elapsed=15505 actor=upper event=chase-angle path=60CB bank_target=-4 wave_sample=-1 wave_phase=38
elapsed=15509 actor=upper event=move path=60A9 bank_target=-4 wave_sample=-1 wave_phase=38
elapsed=15509 actor=upper event=chase-angle path=60C6 bank_target=-4 wave_sample=-1 wave_phase=38
elapsed=15509 actor=upper event=chase-angle path=60CB bank_target=-4 wave_sample=0 wave_phase=38
elapsed=15513 actor=upper event=move path=60A9 bank_target=-4 wave_sample=0 wave_phase=38
elapsed=15513 actor=upper event=chase-angle path=60C6 bank_target=-4 wave_sample=0 wave_phase=38
elapsed=15513 actor=upper event=chase-angle path=60CB bank_target=-4 wave_sample=0 wave_phase=38
elapsed=15517 actor=upper event=move path=60A9 bank_target=-4 wave_sample=0 wave_phase=38
elapsed=15517 actor=upper event=chase-angle path=60C6 bank_target=-4 wave_sample=0 wave_phase=38
elapsed=15517 actor=upper event=chase-angle path=60CB bank_target=-4 wave_sample=0 wave_phase=38
elapsed=15521 actor=upper event=move path=60A9 bank_target=-4 wave_sample=0 wave_phase=38
elapsed=15521 actor=upper event=chase-angle path=60C6 bank_target=-4 wave_sample=0 wave_phase=38
elapsed=15521 actor=upper event=chase-angle path=60CB bank_target=-4 wave_sample=0 wave_phase=38
elapsed=15525 actor=upper event=move path=60A9 bank_target=-4 wave_sample=0 wave_phase=38
elapsed=15525 actor=upper event=chase-angle path=60C6 bank_target=-4 wave_sample=0 wave_phase=38
elapsed=15525 actor=upper event=chase-angle path=60CB bank_target=-4 wave_sample=0 wave_phase=38
elapsed=15529 actor=upper event=move path=60A9 bank_target=-4 wave_sample=0 wave_phase=38
elapsed=15530 actor=upper event=chase-angle path=60C6 bank_target=-4 wave_sample=0 wave_phase=38
elapsed=15530 actor=upper event=chase-angle path=60CB bank_target=-4 wave_sample=0 wave_phase=38
elapsed=15534 actor=upper event=move path=60A9 bank_target=-4 wave_sample=0 wave_phase=38
elapsed=15534 actor=upper event=chase-angle path=60C6 bank_target=-4 wave_sample=0 wave_phase=38
elapsed=15534 actor=upper event=chase-angle path=60CB bank_target=-4 wave_sample=0 wave_phase=38
elapsed=15538 actor=upper event=move path=60A9 bank_target=-4 wave_sample=0 wave_phase=38
elapsed=15538 actor=upper event=chase-angle path=60C6 bank_target=-4 wave_sample=0 wave_phase=38
elapsed=15538 actor=upper event=chase-angle path=60CB bank_target=-4 wave_sample=0 wave_phase=38
elapsed=15542 actor=upper event=move path=60A9 bank_target=-4 wave_sample=0 wave_phase=38
elapsed=15542 actor=upper event=chase-angle path=60C6 bank_target=-4 wave_sample=0 wave_phase=38
elapsed=15542 actor=upper event=chase-angle path=60CB bank_target=-4 wave_sample=0 wave_phase=38
elapsed=15547 actor=upper event=move path=60A9 bank_target=-4 wave_sample=0 wave_phase=38
elapsed=15547 actor=upper event=chase-angle path=60C6 bank_target=-4 wave_sample=0 wave_phase=38
elapsed=15547 actor=upper event=chase-angle path=60CB bank_target=-4 wave_sample=0 wave_phase=38
elapsed=15551 actor=upper event=move path=60A9 bank_target=-4 wave_sample=0 wave_phase=38
elapsed=15551 actor=upper event=chase-angle path=60C6 bank_target=-4 wave_sample=0 wave_phase=38
elapsed=15551 actor=upper event=chase-angle path=60CB bank_target=-4 wave_sample=0 wave_phase=38
elapsed=15555 actor=upper event=move path=60A9 bank_target=-4 wave_sample=0 wave_phase=38
elapsed=15555 actor=upper event=chase-angle path=60C6 bank_target=-4 wave_sample=0 wave_phase=38
elapsed=15555 actor=upper event=chase-angle path=60CB bank_target=-4 wave_sample=0 wave_phase=38
elapsed=15559 actor=upper event=move path=60A9 bank_target=-4 wave_sample=0 wave_phase=38
elapsed=15559 actor=upper event=chase-angle path=60C6 bank_target=-4 wave_sample=0 wave_phase=38
elapsed=15559 actor=upper event=chase-angle path=60CB bank_target=-4 wave_sample=0 wave_phase=38
elapsed=15563 actor=upper event=move path=60A9 bank_target=-4 wave_sample=0 wave_phase=38
elapsed=15563 actor=upper event=chase-angle path=60C6 bank_target=-4 wave_sample=0 wave_phase=38
elapsed=15563 actor=upper event=chase-angle path=60CB bank_target=-4 wave_sample=0 wave_phase=38
elapsed=15567 actor=upper event=move path=60A9 bank_target=-4 wave_sample=0 wave_phase=38
elapsed=15567 actor=upper event=chase-angle path=60C6 bank_target=-4 wave_sample=0 wave_phase=38
elapsed=15567 actor=upper event=chase-angle path=60CB bank_target=-4 wave_sample=0 wave_phase=38
elapsed=15571 actor=upper event=move path=60A9 bank_target=-4 wave_sample=0 wave_phase=38
elapsed=15571 actor=upper event=chase-angle path=60C6 bank_target=-4 wave_sample=0 wave_phase=38
elapsed=15571 actor=upper event=chase-angle path=60CB bank_target=-4 wave_sample=0 wave_phase=38
elapsed=15574 actor=upper event=move path=60A9 bank_target=-4 wave_sample=0 wave_phase=38
elapsed=15575 actor=upper event=chase-angle path=60C6 bank_target=-4 wave_sample=0 wave_phase=38
elapsed=15575 actor=upper event=chase-angle path=60CB bank_target=-4 wave_sample=0 wave_phase=38
elapsed=15578 actor=upper event=move path=60A9 bank_target=-4 wave_sample=0 wave_phase=38
elapsed=15578 actor=upper event=chase-angle path=60C6 bank_target=-4 wave_sample=0 wave_phase=38
elapsed=15579 actor=upper event=chase-angle path=60CB bank_target=-4 wave_sample=0 wave_phase=38
elapsed=15582 actor=upper event=move path=60A9 bank_target=-4 wave_sample=0 wave_phase=38
elapsed=15582 actor=upper event=chase-angle path=60C6 bank_target=-4 wave_sample=0 wave_phase=38
elapsed=15582 actor=upper event=chase-angle path=60CB bank_target=-4 wave_sample=0 wave_phase=38
elapsed=15586 actor=upper event=move path=60A9 bank_target=-4 wave_sample=0 wave_phase=38
elapsed=15586 actor=upper event=chase-angle path=60C6 bank_target=-4 wave_sample=0 wave_phase=38
elapsed=15586 actor=upper event=chase-angle path=60CB bank_target=-4 wave_sample=0 wave_phase=38
elapsed=15590 actor=upper event=move path=60A9 bank_target=-4 wave_sample=0 wave_phase=38
elapsed=15590 actor=upper event=chase-angle path=60C6 bank_target=-4 wave_sample=0 wave_phase=38
elapsed=15590 actor=upper event=chase-angle path=60CB bank_target=-4 wave_sample=0 wave_phase=38
elapsed=15593 actor=upper event=move path=60A9 bank_target=-4 wave_sample=0 wave_phase=38
elapsed=15593 actor=upper event=chase-angle path=60C6 bank_target=-4 wave_sample=0 wave_phase=38
elapsed=15593 actor=upper event=chase-angle path=60CB bank_target=-4 wave_sample=0 wave_phase=38
elapsed=15597 actor=upper event=move path=60A9 bank_target=-4 wave_sample=0 wave_phase=38
elapsed=15597 actor=upper event=chase-angle path=60C6 bank_target=-4 wave_sample=0 wave_phase=38
elapsed=15597 actor=upper event=chase-angle path=60CB bank_target=-4 wave_sample=0 wave_phase=38
elapsed=15601 actor=upper event=move path=60A9 bank_target=-4 wave_sample=0 wave_phase=38
elapsed=15601 actor=upper event=chase-angle path=60C6 bank_target=-4 wave_sample=0 wave_phase=38
elapsed=15601 actor=upper event=chase-angle path=60CB bank_target=-4 wave_sample=0 wave_phase=38
elapsed=15605 actor=upper event=move path=60A9 bank_target=-4 wave_sample=0 wave_phase=38
elapsed=15605 actor=upper event=chase-angle path=60C6 bank_target=-4 wave_sample=0 wave_phase=38
elapsed=15605 actor=upper event=chase-angle path=60CB bank_target=-4 wave_sample=0 wave_phase=38
elapsed=15609 actor=upper event=move path=60A9 bank_target=-4 wave_sample=0 wave_phase=38
elapsed=15609 actor=upper event=chase-angle path=60C6 bank_target=-4 wave_sample=0 wave_phase=38
elapsed=15609 actor=upper event=chase-angle path=60CB bank_target=-4 wave_sample=0 wave_phase=38
elapsed=15612 actor=upper event=move path=60A9 bank_target=-4 wave_sample=0 wave_phase=38
elapsed=15613 actor=upper event=chase-angle path=60C6 bank_target=-4 wave_sample=0 wave_phase=38
elapsed=15613 actor=upper event=chase-angle path=60CB bank_target=-4 wave_sample=0 wave_phase=38
elapsed=15616 actor=upper event=move path=60A9 bank_target=-4 wave_sample=0 wave_phase=38
elapsed=15617 actor=upper event=chase-angle path=60C6 bank_target=-4 wave_sample=0 wave_phase=38
elapsed=15617 actor=upper event=chase-angle path=60CB bank_target=-4 wave_sample=0 wave_phase=38
elapsed=15620 actor=upper event=move path=60A9 bank_target=-4 wave_sample=0 wave_phase=38
elapsed=15620 actor=upper event=chase-angle path=60C6 bank_target=-4 wave_sample=0 wave_phase=38
elapsed=15620 actor=upper event=chase-angle path=60CB bank_target=-4 wave_sample=0 wave_phase=38
elapsed=15624 actor=upper event=schedule path=60AE bank_target=-4 wave_sample=0 wave_phase=38
elapsed=15624 actor=upper event=move path=60B4 bank_target=-4 wave_sample=0 wave_phase=38
elapsed=15624 actor=upper event=chase-angle path=60C6 bank_target=-4 wave_sample=0 wave_phase=38
elapsed=15624 actor=upper event=chase-angle path=60CB bank_target=-4 wave_sample=0 wave_phase=38
elapsed=15624 actor=upper event=random-branch path=60B9 bank_target=-4 wave_sample=0 wave_phase=38
elapsed=15625 actor=upper event=vertical-step path=894F bank_target=-4 wave_sample=75 wave_phase=38
elapsed=15625 actor=upper event=vertical-step path=8952 bank_target=-4 wave_sample=75 wave_phase=38
elapsed=15625 actor=upper event=vertical-step path=894F bank_target=-4 wave_sample=75 wave_phase=38
elapsed=15625 actor=upper event=vertical-step path=8952 bank_target=-4 wave_sample=75 wave_phase=38
elapsed=15628 actor=upper event=move path=60B4 bank_target=-4 wave_sample=75 wave_phase=42
elapsed=15628 actor=upper event=chase-angle path=60C6 bank_target=-4 wave_sample=75 wave_phase=42
elapsed=15629 actor=upper event=chase-angle path=60CB bank_target=-4 wave_sample=37 wave_phase=42
elapsed=15629 actor=upper event=vertical-step path=894F bank_target=-4 wave_sample=65 wave_phase=42
elapsed=15629 actor=upper event=vertical-step path=8952 bank_target=-4 wave_sample=65 wave_phase=42
elapsed=15629 actor=upper event=vertical-step path=894F bank_target=-4 wave_sample=65 wave_phase=42
elapsed=15629 actor=upper event=vertical-step path=8952 bank_target=-4 wave_sample=65 wave_phase=42
elapsed=15632 actor=upper event=move path=60B4 bank_target=-4 wave_sample=65 wave_phase=46
elapsed=15633 actor=upper event=chase-angle path=60C6 bank_target=-4 wave_sample=65 wave_phase=46
elapsed=15633 actor=upper event=chase-angle path=60CB bank_target=-4 wave_sample=32 wave_phase=46
elapsed=15633 actor=upper event=vertical-step path=894F bank_target=-4 wave_sample=54 wave_phase=46
elapsed=15633 actor=upper event=vertical-step path=8952 bank_target=-4 wave_sample=54 wave_phase=46
elapsed=15633 actor=upper event=vertical-step path=894F bank_target=-4 wave_sample=54 wave_phase=46
elapsed=15633 actor=upper event=vertical-step path=8952 bank_target=-4 wave_sample=54 wave_phase=46
elapsed=15636 actor=upper event=move path=60B4 bank_target=-4 wave_sample=54 wave_phase=50
elapsed=15637 actor=upper event=chase-angle path=60C6 bank_target=-4 wave_sample=54 wave_phase=50
elapsed=15637 actor=upper event=chase-angle path=60CB bank_target=-4 wave_sample=27 wave_phase=50
elapsed=15637 actor=upper event=vertical-step path=894F bank_target=-4 wave_sample=42 wave_phase=50
elapsed=15637 actor=upper event=vertical-step path=8952 bank_target=-4 wave_sample=42 wave_phase=50
elapsed=15637 actor=upper event=vertical-step path=894F bank_target=-4 wave_sample=42 wave_phase=50
elapsed=15637 actor=upper event=vertical-step path=8952 bank_target=-4 wave_sample=42 wave_phase=50
elapsed=15640 actor=upper event=move path=60B4 bank_target=-4 wave_sample=42 wave_phase=54
elapsed=15641 actor=upper event=chase-angle path=60C6 bank_target=-4 wave_sample=42 wave_phase=54
elapsed=15641 actor=upper event=chase-angle path=60CB bank_target=-4 wave_sample=21 wave_phase=54
elapsed=15641 actor=upper event=vertical-step path=894F bank_target=-4 wave_sample=30 wave_phase=54
elapsed=15641 actor=upper event=vertical-step path=8952 bank_target=-4 wave_sample=30 wave_phase=54
elapsed=15641 actor=upper event=vertical-step path=894F bank_target=-4 wave_sample=30 wave_phase=54
elapsed=15641 actor=upper event=vertical-step path=8952 bank_target=-4 wave_sample=30 wave_phase=54
elapsed=15645 actor=upper event=move path=60B4 bank_target=-4 wave_sample=30 wave_phase=58
elapsed=15645 actor=upper event=chase-angle path=60C6 bank_target=-4 wave_sample=30 wave_phase=58
elapsed=15645 actor=upper event=chase-angle path=60CB bank_target=-4 wave_sample=15 wave_phase=58
elapsed=15645 actor=upper event=vertical-step path=894F bank_target=-4 wave_sample=18 wave_phase=58
elapsed=15645 actor=upper event=vertical-step path=8952 bank_target=-4 wave_sample=18 wave_phase=58
elapsed=15645 actor=upper event=vertical-step path=894F bank_target=-4 wave_sample=18 wave_phase=58
elapsed=15645 actor=upper event=vertical-step path=8952 bank_target=-4 wave_sample=18 wave_phase=58
elapsed=15649 actor=upper event=move path=60B4 bank_target=-4 wave_sample=18 wave_phase=62
elapsed=15649 actor=upper event=chase-angle path=60C6 bank_target=-4 wave_sample=18 wave_phase=62
elapsed=15649 actor=upper event=chase-angle path=60CB bank_target=-4 wave_sample=9 wave_phase=62
elapsed=15649 actor=upper event=vertical-step path=894F bank_target=-4 wave_sample=6 wave_phase=62
elapsed=15649 actor=upper event=vertical-step path=8952 bank_target=-4 wave_sample=6 wave_phase=62
elapsed=15649 actor=upper event=vertical-step path=894F bank_target=-4 wave_sample=6 wave_phase=62
elapsed=15649 actor=upper event=vertical-step path=8952 bank_target=-4 wave_sample=6 wave_phase=62
elapsed=15653 actor=upper event=move path=60B4 bank_target=-4 wave_sample=6 wave_phase=66
elapsed=15653 actor=upper event=chase-angle path=60C6 bank_target=-4 wave_sample=6 wave_phase=66
elapsed=15653 actor=upper event=chase-angle path=60CB bank_target=-4 wave_sample=3 wave_phase=66
elapsed=15653 actor=upper event=vertical-step path=894F bank_target=-4 wave_sample=-6 wave_phase=66
elapsed=15653 actor=upper event=vertical-step path=8952 bank_target=-4 wave_sample=-6 wave_phase=66
elapsed=15653 actor=upper event=vertical-step path=894F bank_target=-4 wave_sample=-6 wave_phase=66
elapsed=15653 actor=upper event=vertical-step path=8952 bank_target=-4 wave_sample=-6 wave_phase=66
elapsed=15657 actor=upper event=move path=60B4 bank_target=-4 wave_sample=-6 wave_phase=70
elapsed=15657 actor=upper event=chase-angle path=60C6 bank_target=-4 wave_sample=-6 wave_phase=70
elapsed=15657 actor=upper event=chase-angle path=60CB bank_target=-4 wave_sample=-3 wave_phase=70
elapsed=15657 actor=upper event=vertical-step path=894F bank_target=-4 wave_sample=-18 wave_phase=70
elapsed=15657 actor=upper event=vertical-step path=8952 bank_target=-4 wave_sample=-18 wave_phase=70
elapsed=15657 actor=upper event=vertical-step path=894F bank_target=-4 wave_sample=-18 wave_phase=70
elapsed=15657 actor=upper event=vertical-step path=8952 bank_target=-4 wave_sample=-18 wave_phase=70
elapsed=15661 actor=upper event=move path=60B4 bank_target=-4 wave_sample=-18 wave_phase=74
elapsed=15661 actor=upper event=chase-angle path=60C6 bank_target=-4 wave_sample=-18 wave_phase=74
elapsed=15661 actor=upper event=chase-angle path=60CB bank_target=-4 wave_sample=-9 wave_phase=74
elapsed=15661 actor=upper event=vertical-step path=894F bank_target=-4 wave_sample=-30 wave_phase=74
elapsed=15661 actor=upper event=vertical-step path=8952 bank_target=-4 wave_sample=-30 wave_phase=74
elapsed=15661 actor=upper event=vertical-step path=894F bank_target=-4 wave_sample=-30 wave_phase=74
elapsed=15661 actor=upper event=vertical-step path=8952 bank_target=-4 wave_sample=-30 wave_phase=74
elapsed=15665 actor=upper event=move path=60B4 bank_target=-4 wave_sample=-30 wave_phase=78
elapsed=15665 actor=upper event=chase-angle path=60C6 bank_target=-4 wave_sample=-30 wave_phase=78
elapsed=15665 actor=upper event=chase-angle path=60CB bank_target=-4 wave_sample=-15 wave_phase=78
elapsed=15665 actor=upper event=vertical-step path=894F bank_target=-4 wave_sample=-42 wave_phase=78
elapsed=15665 actor=upper event=vertical-step path=8952 bank_target=-4 wave_sample=-42 wave_phase=78
elapsed=15665 actor=upper event=vertical-step path=894F bank_target=-4 wave_sample=-42 wave_phase=78
elapsed=15665 actor=upper event=vertical-step path=8952 bank_target=-4 wave_sample=-42 wave_phase=78
elapsed=15669 actor=upper event=move path=60B4 bank_target=-4 wave_sample=-42 wave_phase=82
elapsed=15669 actor=upper event=chase-angle path=60C6 bank_target=-4 wave_sample=-42 wave_phase=82
elapsed=15669 actor=upper event=chase-angle path=60CB bank_target=-4 wave_sample=-21 wave_phase=82
elapsed=15669 actor=upper event=vertical-step path=894F bank_target=-4 wave_sample=-54 wave_phase=82
elapsed=15669 actor=upper event=vertical-step path=8952 bank_target=-4 wave_sample=-54 wave_phase=82
elapsed=15669 actor=upper event=vertical-step path=894F bank_target=-4 wave_sample=-54 wave_phase=82
elapsed=15669 actor=upper event=vertical-step path=8952 bank_target=-4 wave_sample=-54 wave_phase=82
elapsed=15673 actor=upper event=move path=60B4 bank_target=-4 wave_sample=-54 wave_phase=86
elapsed=15673 actor=upper event=chase-angle path=60C6 bank_target=-4 wave_sample=-54 wave_phase=86
elapsed=15673 actor=upper event=chase-angle path=60CB bank_target=-4 wave_sample=-27 wave_phase=86
elapsed=15673 actor=upper event=vertical-step path=894F bank_target=-4 wave_sample=-65 wave_phase=86
elapsed=15673 actor=upper event=vertical-step path=8952 bank_target=-4 wave_sample=-65 wave_phase=86
elapsed=15673 actor=upper event=vertical-step path=894F bank_target=-4 wave_sample=-65 wave_phase=86
elapsed=15673 actor=upper event=vertical-step path=8952 bank_target=-4 wave_sample=-65 wave_phase=86
elapsed=15677 actor=upper event=move path=60B4 bank_target=-4 wave_sample=-65 wave_phase=90
elapsed=15677 actor=upper event=chase-angle path=60C6 bank_target=-4 wave_sample=-65 wave_phase=90
elapsed=15677 actor=upper event=chase-angle path=60CB bank_target=-4 wave_sample=-32 wave_phase=90
elapsed=15677 actor=upper event=vertical-step path=894F bank_target=-4 wave_sample=-75 wave_phase=90
elapsed=15677 actor=upper event=vertical-step path=8952 bank_target=-4 wave_sample=-75 wave_phase=90
elapsed=15677 actor=upper event=vertical-step path=894F bank_target=-4 wave_sample=-75 wave_phase=90
elapsed=15677 actor=upper event=vertical-step path=8952 bank_target=-4 wave_sample=-75 wave_phase=90
elapsed=15681 actor=upper event=move path=60B4 bank_target=-4 wave_sample=-75 wave_phase=94
elapsed=15681 actor=upper event=chase-angle path=60C6 bank_target=-4 wave_sample=-75 wave_phase=94
elapsed=15681 actor=upper event=chase-angle path=60CB bank_target=-4 wave_sample=-37 wave_phase=94
elapsed=15681 actor=upper event=vertical-step path=894F bank_target=-4 wave_sample=-85 wave_phase=94
elapsed=15681 actor=upper event=vertical-step path=8952 bank_target=-4 wave_sample=-85 wave_phase=94
elapsed=15681 actor=upper event=vertical-step path=894F bank_target=-4 wave_sample=-85 wave_phase=94
elapsed=15681 actor=upper event=vertical-step path=8952 bank_target=-4 wave_sample=-85 wave_phase=94
elapsed=15685 actor=upper event=move path=60B4 bank_target=-4 wave_sample=-85 wave_phase=98
elapsed=15685 actor=upper event=chase-angle path=60C6 bank_target=-4 wave_sample=-85 wave_phase=98
elapsed=15685 actor=upper event=chase-angle path=60CB bank_target=-4 wave_sample=-42 wave_phase=98
elapsed=15685 actor=upper event=vertical-step path=894F bank_target=-4 wave_sample=-94 wave_phase=98
elapsed=15685 actor=upper event=vertical-step path=8952 bank_target=-4 wave_sample=-94 wave_phase=98
elapsed=15685 actor=upper event=vertical-step path=894F bank_target=-4 wave_sample=-94 wave_phase=98
elapsed=15685 actor=upper event=vertical-step path=8952 bank_target=-4 wave_sample=-94 wave_phase=98
elapsed=15689 actor=upper event=move path=60B4 bank_target=-4 wave_sample=-94 wave_phase=102
elapsed=15689 actor=upper event=chase-angle path=60C6 bank_target=-4 wave_sample=-94 wave_phase=102
elapsed=15689 actor=upper event=chase-angle path=60CB bank_target=-4 wave_sample=-47 wave_phase=102
elapsed=15689 actor=upper event=vertical-step path=894F bank_target=-4 wave_sample=-102 wave_phase=102
elapsed=15689 actor=upper event=vertical-step path=8952 bank_target=-4 wave_sample=-102 wave_phase=102
elapsed=15689 actor=upper event=vertical-step path=894F bank_target=-4 wave_sample=-102 wave_phase=102
elapsed=15689 actor=upper event=vertical-step path=8952 bank_target=-4 wave_sample=-102 wave_phase=102
elapsed=15693 actor=upper event=move path=60B4 bank_target=-4 wave_sample=-102 wave_phase=106
elapsed=15693 actor=upper event=chase-angle path=60C6 bank_target=-4 wave_sample=-102 wave_phase=106
elapsed=15693 actor=upper event=chase-angle path=60CB bank_target=-4 wave_sample=-51 wave_phase=106
elapsed=15693 actor=upper event=vertical-step path=894F bank_target=-4 wave_sample=-108 wave_phase=106
elapsed=15693 actor=upper event=vertical-step path=8952 bank_target=-4 wave_sample=-108 wave_phase=106
elapsed=15693 actor=upper event=vertical-step path=894F bank_target=-4 wave_sample=-108 wave_phase=106
elapsed=15693 actor=upper event=vertical-step path=8952 bank_target=-4 wave_sample=-108 wave_phase=106
elapsed=15697 actor=upper event=move path=60B4 bank_target=-4 wave_sample=-108 wave_phase=110
elapsed=15697 actor=upper event=chase-angle path=60C6 bank_target=-4 wave_sample=-108 wave_phase=110
elapsed=15697 actor=upper event=chase-angle path=60CB bank_target=-4 wave_sample=-54 wave_phase=110
elapsed=15697 actor=upper event=vertical-step path=894F bank_target=-4 wave_sample=-114 wave_phase=110
elapsed=15697 actor=upper event=vertical-step path=8952 bank_target=-4 wave_sample=-114 wave_phase=110
elapsed=15697 actor=upper event=vertical-step path=894F bank_target=-4 wave_sample=-114 wave_phase=110
elapsed=15697 actor=upper event=vertical-step path=8952 bank_target=-4 wave_sample=-114 wave_phase=110
elapsed=15701 actor=upper event=move path=60B4 bank_target=-4 wave_sample=-114 wave_phase=114
elapsed=15701 actor=upper event=chase-angle path=60C6 bank_target=-4 wave_sample=-114 wave_phase=114
elapsed=15701 actor=upper event=chase-angle path=60CB bank_target=-4 wave_sample=-57 wave_phase=114
elapsed=15701 actor=upper event=vertical-step path=894F bank_target=-4 wave_sample=-119 wave_phase=114
elapsed=15701 actor=upper event=vertical-step path=8952 bank_target=-4 wave_sample=-119 wave_phase=114
elapsed=15701 actor=upper event=vertical-step path=894F bank_target=-4 wave_sample=-119 wave_phase=114
elapsed=15701 actor=upper event=vertical-step path=8952 bank_target=-4 wave_sample=-119 wave_phase=114
elapsed=15705 actor=upper event=move path=60B4 bank_target=-4 wave_sample=-119 wave_phase=118
elapsed=15705 actor=upper event=chase-angle path=60C6 bank_target=-4 wave_sample=-119 wave_phase=118
elapsed=15705 actor=upper event=chase-angle path=60CB bank_target=-4 wave_sample=-59 wave_phase=118
elapsed=15705 actor=upper event=vertical-step path=894F bank_target=-4 wave_sample=-123 wave_phase=118
elapsed=15705 actor=upper event=vertical-step path=8952 bank_target=-4 wave_sample=-123 wave_phase=118
elapsed=15705 actor=upper event=vertical-step path=894F bank_target=-4 wave_sample=-123 wave_phase=118
elapsed=15705 actor=upper event=vertical-step path=8952 bank_target=-4 wave_sample=-123 wave_phase=118
elapsed=15709 actor=upper event=move path=60B4 bank_target=-4 wave_sample=-123 wave_phase=122
elapsed=15709 actor=upper event=chase-angle path=60C6 bank_target=-4 wave_sample=-123 wave_phase=122
elapsed=15709 actor=upper event=chase-angle path=60CB bank_target=-4 wave_sample=-61 wave_phase=122
elapsed=15709 actor=upper event=vertical-step path=894F bank_target=-4 wave_sample=-125 wave_phase=122
elapsed=15709 actor=upper event=vertical-step path=8952 bank_target=-4 wave_sample=-125 wave_phase=122
elapsed=15709 actor=upper event=vertical-step path=894F bank_target=-4 wave_sample=-125 wave_phase=122
elapsed=15709 actor=upper event=vertical-step path=8952 bank_target=-4 wave_sample=-125 wave_phase=122
elapsed=15713 actor=upper event=move path=60B4 bank_target=-4 wave_sample=-125 wave_phase=126
elapsed=15713 actor=upper event=chase-angle path=60C6 bank_target=-4 wave_sample=-125 wave_phase=126
elapsed=15713 actor=upper event=chase-angle path=60CB bank_target=-4 wave_sample=-62 wave_phase=126
elapsed=15713 actor=upper event=vertical-step path=894F bank_target=-4 wave_sample=-126 wave_phase=126
elapsed=15713 actor=upper event=vertical-step path=8952 bank_target=-4 wave_sample=-126 wave_phase=126
elapsed=15713 actor=upper event=vertical-step path=894F bank_target=-4 wave_sample=-126 wave_phase=126
elapsed=15713 actor=upper event=vertical-step path=8952 bank_target=-4 wave_sample=-126 wave_phase=126
elapsed=15716 actor=upper event=move path=60B4 bank_target=-4 wave_sample=-126 wave_phase=130
elapsed=15716 actor=upper event=chase-angle path=60C6 bank_target=-4 wave_sample=-126 wave_phase=130
elapsed=15716 actor=upper event=chase-angle path=60CB bank_target=-4 wave_sample=-63 wave_phase=130
elapsed=15717 actor=upper event=vertical-step path=894F bank_target=-4 wave_sample=-126 wave_phase=130
elapsed=15717 actor=upper event=vertical-step path=8952 bank_target=-4 wave_sample=-126 wave_phase=130
elapsed=15717 actor=upper event=vertical-step path=894F bank_target=-4 wave_sample=-126 wave_phase=130
elapsed=15717 actor=upper event=vertical-step path=8952 bank_target=-4 wave_sample=-126 wave_phase=130
elapsed=15720 actor=upper event=move path=60B4 bank_target=-4 wave_sample=-126 wave_phase=134
elapsed=15720 actor=upper event=chase-angle path=60C6 bank_target=-4 wave_sample=-126 wave_phase=134
elapsed=15720 actor=upper event=chase-angle path=60CB bank_target=-4 wave_sample=-63 wave_phase=134
elapsed=15720 actor=upper event=vertical-step path=894F bank_target=-4 wave_sample=-125 wave_phase=134
elapsed=15720 actor=upper event=vertical-step path=8952 bank_target=-4 wave_sample=-125 wave_phase=134
elapsed=15720 actor=upper event=vertical-step path=894F bank_target=-4 wave_sample=-125 wave_phase=134
elapsed=15720 actor=upper event=vertical-step path=8952 bank_target=-4 wave_sample=-125 wave_phase=134
elapsed=15724 actor=upper event=move path=60B4 bank_target=-4 wave_sample=-125 wave_phase=138
elapsed=15724 actor=upper event=chase-angle path=60C6 bank_target=-4 wave_sample=-125 wave_phase=138
elapsed=15724 actor=upper event=chase-angle path=60CB bank_target=-4 wave_sample=-62 wave_phase=138
elapsed=15724 actor=upper event=vertical-step path=894F bank_target=-4 wave_sample=-123 wave_phase=138
elapsed=15724 actor=upper event=vertical-step path=8952 bank_target=-4 wave_sample=-123 wave_phase=138
elapsed=15724 actor=upper event=vertical-step path=894F bank_target=-4 wave_sample=-123 wave_phase=138
elapsed=15724 actor=upper event=vertical-step path=8952 bank_target=-4 wave_sample=-123 wave_phase=138
elapsed=15727 actor=upper event=move path=60B4 bank_target=-4 wave_sample=-123 wave_phase=142
elapsed=15728 actor=upper event=chase-angle path=60C6 bank_target=-4 wave_sample=-123 wave_phase=142
elapsed=15728 actor=upper event=chase-angle path=60CB bank_target=-4 wave_sample=-61 wave_phase=142
elapsed=15728 actor=upper event=vertical-step path=894F bank_target=-4 wave_sample=-119 wave_phase=142
elapsed=15728 actor=upper event=vertical-step path=8952 bank_target=-4 wave_sample=-119 wave_phase=142
elapsed=15728 actor=upper event=vertical-step path=894F bank_target=-4 wave_sample=-119 wave_phase=142
elapsed=15728 actor=upper event=vertical-step path=8952 bank_target=-4 wave_sample=-119 wave_phase=142
elapsed=15731 actor=upper event=move path=60B4 bank_target=-4 wave_sample=-119 wave_phase=146
elapsed=15731 actor=upper event=chase-angle path=60C6 bank_target=-4 wave_sample=-119 wave_phase=146
elapsed=15731 actor=upper event=chase-angle path=60CB bank_target=-4 wave_sample=-59 wave_phase=146
elapsed=15731 actor=upper event=vertical-step path=894F bank_target=-4 wave_sample=-114 wave_phase=146
elapsed=15731 actor=upper event=vertical-step path=8952 bank_target=-4 wave_sample=-114 wave_phase=146
elapsed=15731 actor=upper event=vertical-step path=894F bank_target=-4 wave_sample=-114 wave_phase=146
elapsed=15731 actor=upper event=vertical-step path=8952 bank_target=-4 wave_sample=-114 wave_phase=146
elapsed=15735 actor=upper event=move path=60B4 bank_target=-4 wave_sample=-114 wave_phase=150
elapsed=15735 actor=upper event=chase-angle path=60C6 bank_target=-4 wave_sample=-114 wave_phase=150
elapsed=15735 actor=upper event=chase-angle path=60CB bank_target=-4 wave_sample=-57 wave_phase=150
elapsed=15735 actor=upper event=vertical-step path=894F bank_target=-4 wave_sample=-108 wave_phase=150
elapsed=15735 actor=upper event=vertical-step path=8952 bank_target=-4 wave_sample=-108 wave_phase=150
elapsed=15735 actor=upper event=vertical-step path=894F bank_target=-4 wave_sample=-108 wave_phase=150
elapsed=15735 actor=upper event=vertical-step path=8952 bank_target=-4 wave_sample=-108 wave_phase=150
elapsed=15738 actor=upper event=move path=60B4 bank_target=-4 wave_sample=-108 wave_phase=154
elapsed=15739 actor=upper event=chase-angle path=60C6 bank_target=-4 wave_sample=-108 wave_phase=154
elapsed=15739 actor=upper event=chase-angle path=60CB bank_target=-4 wave_sample=-54 wave_phase=154
elapsed=15739 actor=upper event=vertical-step path=894F bank_target=-4 wave_sample=-102 wave_phase=154
elapsed=15739 actor=upper event=vertical-step path=8952 bank_target=-4 wave_sample=-102 wave_phase=154
elapsed=15739 actor=upper event=vertical-step path=894F bank_target=-4 wave_sample=-102 wave_phase=154
elapsed=15739 actor=upper event=vertical-step path=8952 bank_target=-4 wave_sample=-102 wave_phase=154
elapsed=15742 actor=upper event=move path=60B4 bank_target=-4 wave_sample=-102 wave_phase=158
elapsed=15742 actor=upper event=chase-angle path=60C6 bank_target=-4 wave_sample=-102 wave_phase=158
elapsed=15742 actor=upper event=chase-angle path=60CB bank_target=-4 wave_sample=-51 wave_phase=158
elapsed=15742 actor=upper event=vertical-step path=894F bank_target=-4 wave_sample=-94 wave_phase=158
elapsed=15742 actor=upper event=vertical-step path=8952 bank_target=-4 wave_sample=-94 wave_phase=158
elapsed=15742 actor=upper event=vertical-step path=894F bank_target=-4 wave_sample=-94 wave_phase=158
elapsed=15742 actor=upper event=vertical-step path=8952 bank_target=-4 wave_sample=-94 wave_phase=158
elapsed=15746 actor=upper event=move path=60B4 bank_target=-4 wave_sample=-94 wave_phase=162
elapsed=15746 actor=upper event=chase-angle path=60C6 bank_target=-4 wave_sample=-94 wave_phase=162
elapsed=15746 actor=upper event=chase-angle path=60CB bank_target=-4 wave_sample=-47 wave_phase=162
elapsed=15746 actor=upper event=vertical-step path=894F bank_target=-4 wave_sample=-85 wave_phase=162
elapsed=15746 actor=upper event=vertical-step path=8952 bank_target=-4 wave_sample=-85 wave_phase=162
elapsed=15746 actor=upper event=vertical-step path=894F bank_target=-4 wave_sample=-85 wave_phase=162
elapsed=15746 actor=upper event=vertical-step path=8952 bank_target=-4 wave_sample=-85 wave_phase=162
elapsed=15750 actor=upper event=move path=60B4 bank_target=-4 wave_sample=-85 wave_phase=166
elapsed=15750 actor=upper event=chase-angle path=60C6 bank_target=-4 wave_sample=-85 wave_phase=166
elapsed=15750 actor=upper event=chase-angle path=60CB bank_target=-4 wave_sample=-42 wave_phase=166
elapsed=15750 actor=upper event=random-branch path=60B9 bank_target=-4 wave_sample=-42 wave_phase=166
elapsed=15750 actor=upper event=vertical-step path=894F bank_target=-4 wave_sample=-75 wave_phase=166
elapsed=15750 actor=upper event=vertical-step path=8952 bank_target=-4 wave_sample=-75 wave_phase=166
elapsed=15750 actor=upper event=vertical-step path=894F bank_target=-4 wave_sample=-75 wave_phase=166
elapsed=15750 actor=upper event=vertical-step path=8952 bank_target=-4 wave_sample=-75 wave_phase=166
elapsed=15753 actor=upper event=move path=60B4 bank_target=-4 wave_sample=-75 wave_phase=170
elapsed=15754 actor=upper event=chase-angle path=60C6 bank_target=-4 wave_sample=-75 wave_phase=170
elapsed=15754 actor=upper event=chase-angle path=60CB bank_target=-4 wave_sample=-37 wave_phase=170
elapsed=15754 actor=upper event=vertical-step path=894F bank_target=-4 wave_sample=-65 wave_phase=170
elapsed=15754 actor=upper event=vertical-step path=8952 bank_target=-4 wave_sample=-65 wave_phase=170
elapsed=15754 actor=upper event=vertical-step path=894F bank_target=-4 wave_sample=-65 wave_phase=170
elapsed=15754 actor=upper event=vertical-step path=8952 bank_target=-4 wave_sample=-65 wave_phase=170
elapsed=15757 actor=upper event=move path=60B4 bank_target=-4 wave_sample=-65 wave_phase=174
elapsed=15757 actor=upper event=chase-angle path=60C6 bank_target=-4 wave_sample=-65 wave_phase=174
elapsed=15757 actor=upper event=chase-angle path=60CB bank_target=-4 wave_sample=-32 wave_phase=174
elapsed=15757 actor=upper event=vertical-step path=894F bank_target=-4 wave_sample=-54 wave_phase=174
elapsed=15757 actor=upper event=vertical-step path=8952 bank_target=-4 wave_sample=-54 wave_phase=174
elapsed=15758 actor=upper event=vertical-step path=894F bank_target=-4 wave_sample=-54 wave_phase=174
elapsed=15758 actor=upper event=vertical-step path=8952 bank_target=-4 wave_sample=-54 wave_phase=174
elapsed=15761 actor=upper event=move path=60B4 bank_target=-4 wave_sample=-54 wave_phase=178
elapsed=15761 actor=upper event=chase-angle path=60C6 bank_target=-4 wave_sample=-54 wave_phase=178
elapsed=15761 actor=upper event=chase-angle path=60CB bank_target=-4 wave_sample=-27 wave_phase=178
elapsed=15761 actor=upper event=vertical-step path=894F bank_target=-4 wave_sample=-42 wave_phase=178
elapsed=15761 actor=upper event=vertical-step path=8952 bank_target=-4 wave_sample=-42 wave_phase=178
elapsed=15761 actor=upper event=vertical-step path=894F bank_target=-4 wave_sample=-42 wave_phase=178
elapsed=15761 actor=upper event=vertical-step path=8952 bank_target=-4 wave_sample=-42 wave_phase=178
elapsed=15765 actor=upper event=move path=60B4 bank_target=-4 wave_sample=-42 wave_phase=182
elapsed=15765 actor=upper event=chase-angle path=60C6 bank_target=-4 wave_sample=-42 wave_phase=182
elapsed=15765 actor=upper event=chase-angle path=60CB bank_target=-4 wave_sample=-21 wave_phase=182
elapsed=15765 actor=upper event=vertical-step path=894F bank_target=-4 wave_sample=-30 wave_phase=182
elapsed=15765 actor=upper event=vertical-step path=8952 bank_target=-4 wave_sample=-30 wave_phase=182
elapsed=15765 actor=upper event=vertical-step path=894F bank_target=-4 wave_sample=-30 wave_phase=182
elapsed=15765 actor=upper event=vertical-step path=8952 bank_target=-4 wave_sample=-30 wave_phase=182
elapsed=15768 actor=upper event=move path=60B4 bank_target=-4 wave_sample=-30 wave_phase=186
elapsed=15769 actor=upper event=chase-angle path=60C6 bank_target=-4 wave_sample=-30 wave_phase=186
elapsed=15769 actor=upper event=chase-angle path=60CB bank_target=-4 wave_sample=-15 wave_phase=186
elapsed=15769 actor=upper event=vertical-step path=894F bank_target=-4 wave_sample=-18 wave_phase=186
elapsed=15769 actor=upper event=vertical-step path=8952 bank_target=-4 wave_sample=-18 wave_phase=186
elapsed=15769 actor=upper event=vertical-step path=894F bank_target=-4 wave_sample=-18 wave_phase=186
elapsed=15769 actor=upper event=vertical-step path=8952 bank_target=-4 wave_sample=-18 wave_phase=186
elapsed=15772 actor=upper event=move path=60B4 bank_target=-4 wave_sample=-18 wave_phase=190
elapsed=15772 actor=upper event=chase-angle path=60C6 bank_target=-4 wave_sample=-18 wave_phase=190
elapsed=15772 actor=upper event=chase-angle path=60CB bank_target=-4 wave_sample=-9 wave_phase=190
elapsed=15772 actor=upper event=vertical-step path=894F bank_target=-4 wave_sample=-6 wave_phase=190
elapsed=15772 actor=upper event=vertical-step path=8952 bank_target=-4 wave_sample=-6 wave_phase=190
elapsed=15772 actor=upper event=vertical-step path=894F bank_target=-4 wave_sample=-6 wave_phase=190
elapsed=15772 actor=upper event=vertical-step path=8952 bank_target=-4 wave_sample=-6 wave_phase=190
elapsed=15776 actor=upper event=move path=60B4 bank_target=-4 wave_sample=-6 wave_phase=194
elapsed=15776 actor=upper event=chase-angle path=60C6 bank_target=-4 wave_sample=-6 wave_phase=194
elapsed=15776 actor=upper event=chase-angle path=60CB bank_target=-4 wave_sample=-3 wave_phase=194
elapsed=15776 actor=upper event=vertical-step path=894F bank_target=-4 wave_sample=6 wave_phase=194
elapsed=15776 actor=upper event=vertical-step path=8952 bank_target=-4 wave_sample=6 wave_phase=194
elapsed=15776 actor=upper event=vertical-step path=894F bank_target=-4 wave_sample=6 wave_phase=194
elapsed=15776 actor=upper event=vertical-step path=8952 bank_target=-4 wave_sample=6 wave_phase=194
elapsed=15780 actor=upper event=move path=60B4 bank_target=-4 wave_sample=6 wave_phase=198
elapsed=15780 actor=upper event=chase-angle path=60C6 bank_target=-4 wave_sample=6 wave_phase=198
elapsed=15780 actor=upper event=chase-angle path=60CB bank_target=-4 wave_sample=3 wave_phase=198
elapsed=15780 actor=upper event=vertical-step path=894F bank_target=-4 wave_sample=18 wave_phase=198
elapsed=15780 actor=upper event=vertical-step path=8952 bank_target=-4 wave_sample=18 wave_phase=198
elapsed=15780 actor=upper event=vertical-step path=894F bank_target=-4 wave_sample=18 wave_phase=198
elapsed=15780 actor=upper event=vertical-step path=8952 bank_target=-4 wave_sample=18 wave_phase=198
elapsed=15783 actor=upper event=move path=60B4 bank_target=-4 wave_sample=18 wave_phase=202
elapsed=15784 actor=upper event=chase-angle path=60C6 bank_target=-4 wave_sample=18 wave_phase=202
elapsed=15784 actor=upper event=chase-angle path=60CB bank_target=-4 wave_sample=9 wave_phase=202
elapsed=15784 actor=upper event=vertical-step path=894F bank_target=-4 wave_sample=30 wave_phase=202
elapsed=15784 actor=upper event=vertical-step path=8952 bank_target=-4 wave_sample=30 wave_phase=202
elapsed=15784 actor=upper event=vertical-step path=894F bank_target=-4 wave_sample=30 wave_phase=202
elapsed=15784 actor=upper event=vertical-step path=8952 bank_target=-4 wave_sample=30 wave_phase=202
elapsed=15787 actor=upper event=move path=60B4 bank_target=-4 wave_sample=30 wave_phase=206
elapsed=15787 actor=upper event=chase-angle path=60C6 bank_target=-4 wave_sample=30 wave_phase=206
elapsed=15787 actor=upper event=chase-angle path=60CB bank_target=-4 wave_sample=15 wave_phase=206
elapsed=15787 actor=upper event=vertical-step path=894F bank_target=-4 wave_sample=42 wave_phase=206
elapsed=15787 actor=upper event=vertical-step path=8952 bank_target=-4 wave_sample=42 wave_phase=206
elapsed=15787 actor=upper event=vertical-step path=894F bank_target=-4 wave_sample=42 wave_phase=206
elapsed=15787 actor=upper event=vertical-step path=8952 bank_target=-4 wave_sample=42 wave_phase=206
elapsed=15791 actor=upper event=move path=60B4 bank_target=-4 wave_sample=42 wave_phase=210
elapsed=15791 actor=upper event=chase-angle path=60C6 bank_target=-4 wave_sample=42 wave_phase=210
elapsed=15791 actor=upper event=chase-angle path=60CB bank_target=-4 wave_sample=21 wave_phase=210
elapsed=15791 actor=upper event=vertical-step path=894F bank_target=-4 wave_sample=54 wave_phase=210
elapsed=15791 actor=upper event=vertical-step path=8952 bank_target=-4 wave_sample=54 wave_phase=210
elapsed=15791 actor=upper event=vertical-step path=894F bank_target=-4 wave_sample=54 wave_phase=210
elapsed=15791 actor=upper event=vertical-step path=8952 bank_target=-4 wave_sample=54 wave_phase=210
elapsed=15795 actor=upper event=move path=60B4 bank_target=-4 wave_sample=54 wave_phase=214
elapsed=15795 actor=upper event=chase-angle path=60C6 bank_target=-4 wave_sample=54 wave_phase=214
elapsed=15795 actor=upper event=chase-angle path=60CB bank_target=-4 wave_sample=27 wave_phase=214
elapsed=15795 actor=upper event=vertical-step path=894F bank_target=-4 wave_sample=65 wave_phase=214
elapsed=15795 actor=upper event=vertical-step path=8952 bank_target=-4 wave_sample=65 wave_phase=214
elapsed=15795 actor=upper event=vertical-step path=894F bank_target=-4 wave_sample=65 wave_phase=214
elapsed=15795 actor=upper event=vertical-step path=8952 bank_target=-4 wave_sample=65 wave_phase=214
elapsed=15798 actor=upper event=move path=60B4 bank_target=-4 wave_sample=65 wave_phase=218
elapsed=15798 actor=upper event=chase-angle path=60C6 bank_target=-4 wave_sample=65 wave_phase=218
elapsed=15798 actor=upper event=chase-angle path=60CB bank_target=-4 wave_sample=32 wave_phase=218
elapsed=15799 actor=upper event=vertical-step path=894F bank_target=-4 wave_sample=75 wave_phase=218
elapsed=15799 actor=upper event=vertical-step path=8952 bank_target=-4 wave_sample=75 wave_phase=218
elapsed=15799 actor=upper event=vertical-step path=894F bank_target=-4 wave_sample=75 wave_phase=218
elapsed=15799 actor=upper event=vertical-step path=8952 bank_target=-4 wave_sample=75 wave_phase=218
elapsed=15802 actor=upper event=move path=60B4 bank_target=-4 wave_sample=75 wave_phase=222
elapsed=15802 actor=upper event=chase-angle path=60C6 bank_target=-4 wave_sample=75 wave_phase=222
elapsed=15802 actor=upper event=chase-angle path=60CB bank_target=-4 wave_sample=37 wave_phase=222
elapsed=15802 actor=upper event=vertical-step path=894F bank_target=-4 wave_sample=85 wave_phase=222
elapsed=15802 actor=upper event=vertical-step path=8952 bank_target=-4 wave_sample=85 wave_phase=222
elapsed=15802 actor=upper event=vertical-step path=894F bank_target=-4 wave_sample=85 wave_phase=222
elapsed=15802 actor=upper event=vertical-step path=8952 bank_target=-4 wave_sample=85 wave_phase=222
elapsed=15806 actor=upper event=move path=60B4 bank_target=-4 wave_sample=85 wave_phase=226
elapsed=15806 actor=upper event=chase-angle path=60C6 bank_target=-4 wave_sample=85 wave_phase=226
elapsed=15806 actor=upper event=chase-angle path=60CB bank_target=-4 wave_sample=42 wave_phase=226
elapsed=15806 actor=upper event=vertical-step path=894F bank_target=-4 wave_sample=94 wave_phase=226
elapsed=15806 actor=upper event=vertical-step path=8952 bank_target=-4 wave_sample=94 wave_phase=226
elapsed=15806 actor=upper event=vertical-step path=894F bank_target=-4 wave_sample=94 wave_phase=226
elapsed=15806 actor=upper event=vertical-step path=8952 bank_target=-4 wave_sample=94 wave_phase=226
elapsed=15809 actor=upper event=move path=60B4 bank_target=-4 wave_sample=94 wave_phase=230
elapsed=15810 actor=upper event=chase-angle path=60C6 bank_target=-4 wave_sample=94 wave_phase=230
elapsed=15810 actor=upper event=chase-angle path=60CB bank_target=-4 wave_sample=47 wave_phase=230
elapsed=15810 actor=upper event=vertical-step path=894F bank_target=-4 wave_sample=102 wave_phase=230
elapsed=15810 actor=upper event=vertical-step path=8952 bank_target=-4 wave_sample=102 wave_phase=230
elapsed=15810 actor=upper event=vertical-step path=894F bank_target=-4 wave_sample=102 wave_phase=230
elapsed=15810 actor=upper event=vertical-step path=8952 bank_target=-4 wave_sample=102 wave_phase=230
elapsed=15813 actor=upper event=move path=60B4 bank_target=-4 wave_sample=102 wave_phase=234
elapsed=15813 actor=upper event=chase-angle path=60C6 bank_target=-4 wave_sample=102 wave_phase=234
elapsed=15813 actor=upper event=chase-angle path=60CB bank_target=-4 wave_sample=51 wave_phase=234
elapsed=15813 actor=upper event=vertical-step path=894F bank_target=-4 wave_sample=108 wave_phase=234
elapsed=15813 actor=upper event=vertical-step path=8952 bank_target=-4 wave_sample=108 wave_phase=234
elapsed=15813 actor=upper event=vertical-step path=894F bank_target=-4 wave_sample=108 wave_phase=234
elapsed=15813 actor=upper event=vertical-step path=8952 bank_target=-4 wave_sample=108 wave_phase=234
elapsed=15817 actor=upper event=move path=60B4 bank_target=-4 wave_sample=108 wave_phase=238
elapsed=15817 actor=upper event=chase-angle path=60C6 bank_target=-4 wave_sample=108 wave_phase=238
elapsed=15817 actor=upper event=chase-angle path=60CB bank_target=-4 wave_sample=54 wave_phase=238
elapsed=15817 actor=upper event=vertical-step path=894F bank_target=-4 wave_sample=114 wave_phase=238
elapsed=15817 actor=upper event=vertical-step path=8952 bank_target=-4 wave_sample=114 wave_phase=238
elapsed=15817 actor=upper event=vertical-step path=894F bank_target=-4 wave_sample=114 wave_phase=238
elapsed=15817 actor=upper event=vertical-step path=8952 bank_target=-4 wave_sample=114 wave_phase=238
elapsed=15821 actor=upper event=move path=60B4 bank_target=-4 wave_sample=114 wave_phase=242
elapsed=15821 actor=upper event=chase-angle path=60C6 bank_target=-4 wave_sample=114 wave_phase=242
elapsed=15821 actor=upper event=chase-angle path=60CB bank_target=-4 wave_sample=57 wave_phase=242
elapsed=15821 actor=upper event=vertical-step path=894F bank_target=-4 wave_sample=119 wave_phase=242
elapsed=15821 actor=upper event=vertical-step path=8952 bank_target=-4 wave_sample=119 wave_phase=242
elapsed=15821 actor=upper event=vertical-step path=894F bank_target=-4 wave_sample=119 wave_phase=242
elapsed=15821 actor=upper event=vertical-step path=8952 bank_target=-4 wave_sample=119 wave_phase=242
elapsed=15825 actor=upper event=move path=60B4 bank_target=-4 wave_sample=119 wave_phase=246
elapsed=15825 actor=upper event=chase-angle path=60C6 bank_target=-4 wave_sample=119 wave_phase=246
elapsed=15825 actor=upper event=chase-angle path=60CB bank_target=-4 wave_sample=59 wave_phase=246
elapsed=15825 actor=upper event=vertical-step path=894F bank_target=-4 wave_sample=123 wave_phase=246
elapsed=15825 actor=upper event=vertical-step path=8952 bank_target=-4 wave_sample=123 wave_phase=246
elapsed=15825 actor=upper event=vertical-step path=894F bank_target=-4 wave_sample=123 wave_phase=246
elapsed=15825 actor=upper event=vertical-step path=8952 bank_target=-4 wave_sample=123 wave_phase=246
elapsed=15828 actor=upper event=move path=60B4 bank_target=-4 wave_sample=123 wave_phase=250
elapsed=15828 actor=upper event=chase-angle path=60C6 bank_target=-4 wave_sample=123 wave_phase=250
elapsed=15828 actor=upper event=chase-angle path=60CB bank_target=-4 wave_sample=61 wave_phase=250
elapsed=15828 actor=upper event=vertical-step path=894F bank_target=-4 wave_sample=125 wave_phase=250
elapsed=15828 actor=upper event=vertical-step path=8952 bank_target=-4 wave_sample=125 wave_phase=250
elapsed=15829 actor=upper event=vertical-step path=894F bank_target=-4 wave_sample=125 wave_phase=250
elapsed=15829 actor=upper event=vertical-step path=8952 bank_target=-4 wave_sample=125 wave_phase=250
elapsed=15832 actor=upper event=move path=60B4 bank_target=-4 wave_sample=125 wave_phase=254
elapsed=15832 actor=upper event=chase-angle path=60C6 bank_target=-4 wave_sample=125 wave_phase=254
elapsed=15832 actor=upper event=chase-angle path=60CB bank_target=-4 wave_sample=62 wave_phase=254
elapsed=15832 actor=upper event=vertical-step path=894F bank_target=-4 wave_sample=126 wave_phase=254
elapsed=15832 actor=upper event=vertical-step path=8952 bank_target=-4 wave_sample=126 wave_phase=254
elapsed=15832 actor=upper event=vertical-step path=894F bank_target=-4 wave_sample=126 wave_phase=254
elapsed=15832 actor=upper event=vertical-step path=8952 bank_target=-4 wave_sample=126 wave_phase=254
elapsed=15836 actor=upper event=move path=60B4 bank_target=-4 wave_sample=126 wave_phase=2
elapsed=15836 actor=upper event=chase-angle path=60C6 bank_target=-4 wave_sample=126 wave_phase=2
elapsed=15836 actor=upper event=chase-angle path=60CB bank_target=-4 wave_sample=63 wave_phase=2
elapsed=15836 actor=upper event=vertical-step path=894F bank_target=-4 wave_sample=126 wave_phase=2
elapsed=15836 actor=upper event=vertical-step path=8952 bank_target=-4 wave_sample=126 wave_phase=2
elapsed=15836 actor=upper event=vertical-step path=894F bank_target=-4 wave_sample=126 wave_phase=2
elapsed=15836 actor=upper event=vertical-step path=8952 bank_target=-4 wave_sample=126 wave_phase=2
elapsed=15839 actor=upper event=move path=60B4 bank_target=-4 wave_sample=126 wave_phase=6
elapsed=15840 actor=upper event=chase-angle path=60C6 bank_target=-4 wave_sample=126 wave_phase=6
elapsed=15840 actor=upper event=chase-angle path=60CB bank_target=-4 wave_sample=63 wave_phase=6
elapsed=15840 actor=upper event=vertical-step path=894F bank_target=-4 wave_sample=125 wave_phase=6
elapsed=15840 actor=upper event=vertical-step path=8952 bank_target=-4 wave_sample=125 wave_phase=6
elapsed=15840 actor=upper event=vertical-step path=894F bank_target=-4 wave_sample=125 wave_phase=6
elapsed=15840 actor=upper event=vertical-step path=8952 bank_target=-4 wave_sample=125 wave_phase=6
elapsed=15843 actor=upper event=move path=60B4 bank_target=-4 wave_sample=125 wave_phase=10
elapsed=15843 actor=upper event=chase-angle path=60C6 bank_target=-4 wave_sample=125 wave_phase=10
elapsed=15843 actor=upper event=chase-angle path=60CB bank_target=-4 wave_sample=62 wave_phase=10
elapsed=15843 actor=upper event=vertical-step path=894F bank_target=-4 wave_sample=123 wave_phase=10
elapsed=15843 actor=upper event=vertical-step path=8952 bank_target=-4 wave_sample=123 wave_phase=10
elapsed=15843 actor=upper event=vertical-step path=894F bank_target=-4 wave_sample=123 wave_phase=10
elapsed=15843 actor=upper event=vertical-step path=8952 bank_target=-4 wave_sample=123 wave_phase=10
elapsed=15847 actor=upper event=move path=60B4 bank_target=-4 wave_sample=123 wave_phase=14
elapsed=15847 actor=upper event=chase-angle path=60C6 bank_target=-4 wave_sample=123 wave_phase=14
elapsed=15847 actor=upper event=chase-angle path=60CB bank_target=-4 wave_sample=61 wave_phase=14
elapsed=15847 actor=upper event=vertical-step path=894F bank_target=-4 wave_sample=119 wave_phase=14
elapsed=15847 actor=upper event=vertical-step path=8952 bank_target=-4 wave_sample=119 wave_phase=14
elapsed=15847 actor=upper event=vertical-step path=894F bank_target=-4 wave_sample=119 wave_phase=14
elapsed=15847 actor=upper event=vertical-step path=8952 bank_target=-4 wave_sample=119 wave_phase=14
elapsed=15851 actor=upper event=move path=60B4 bank_target=-4 wave_sample=119 wave_phase=18
elapsed=15851 actor=upper event=chase-angle path=60C6 bank_target=-4 wave_sample=119 wave_phase=18
elapsed=15851 actor=upper event=chase-angle path=60CB bank_target=-4 wave_sample=59 wave_phase=18
elapsed=15851 actor=upper event=vertical-step path=894F bank_target=-4 wave_sample=114 wave_phase=18
elapsed=15851 actor=upper event=vertical-step path=8952 bank_target=-4 wave_sample=114 wave_phase=18
elapsed=15851 actor=upper event=vertical-step path=894F bank_target=-4 wave_sample=114 wave_phase=18
elapsed=15851 actor=upper event=vertical-step path=8952 bank_target=-4 wave_sample=114 wave_phase=18
elapsed=15854 actor=upper event=move path=60B4 bank_target=-4 wave_sample=114 wave_phase=22
elapsed=15854 actor=upper event=chase-angle path=60C6 bank_target=-4 wave_sample=114 wave_phase=22
elapsed=15854 actor=upper event=chase-angle path=60CB bank_target=-4 wave_sample=57 wave_phase=22
elapsed=15855 actor=upper event=vertical-step path=894F bank_target=-4 wave_sample=108 wave_phase=22
elapsed=15855 actor=upper event=vertical-step path=8952 bank_target=-4 wave_sample=108 wave_phase=22
elapsed=15855 actor=upper event=vertical-step path=894F bank_target=-4 wave_sample=108 wave_phase=22
elapsed=15855 actor=upper event=vertical-step path=8952 bank_target=-4 wave_sample=108 wave_phase=22
elapsed=15858 actor=upper event=move path=60B4 bank_target=-4 wave_sample=108 wave_phase=26
elapsed=15858 actor=upper event=chase-angle path=60C6 bank_target=-4 wave_sample=108 wave_phase=26
elapsed=15858 actor=upper event=chase-angle path=60CB bank_target=-4 wave_sample=54 wave_phase=26
elapsed=15858 actor=upper event=vertical-step path=894F bank_target=-4 wave_sample=102 wave_phase=26
elapsed=15858 actor=upper event=vertical-step path=8952 bank_target=-4 wave_sample=102 wave_phase=26
elapsed=15858 actor=upper event=vertical-step path=894F bank_target=-4 wave_sample=102 wave_phase=26
elapsed=15858 actor=upper event=vertical-step path=8952 bank_target=-4 wave_sample=102 wave_phase=26
elapsed=15862 actor=upper event=move path=60B4 bank_target=-4 wave_sample=102 wave_phase=30
elapsed=15862 actor=upper event=chase-angle path=60C6 bank_target=-4 wave_sample=102 wave_phase=30
elapsed=15862 actor=upper event=chase-angle path=60CB bank_target=-4 wave_sample=51 wave_phase=30
elapsed=15862 actor=upper event=vertical-step path=894F bank_target=-4 wave_sample=94 wave_phase=30
elapsed=15862 actor=upper event=vertical-step path=8952 bank_target=-4 wave_sample=94 wave_phase=30
elapsed=15862 actor=upper event=vertical-step path=894F bank_target=-4 wave_sample=94 wave_phase=30
elapsed=15862 actor=upper event=vertical-step path=8952 bank_target=-4 wave_sample=94 wave_phase=30
elapsed=15865 actor=upper event=move path=60B4 bank_target=-4 wave_sample=94 wave_phase=34
elapsed=15866 actor=upper event=chase-angle path=60C6 bank_target=-4 wave_sample=94 wave_phase=34
elapsed=15866 actor=upper event=chase-angle path=60CB bank_target=-4 wave_sample=47 wave_phase=34
elapsed=15866 actor=upper event=vertical-step path=894F bank_target=-4 wave_sample=85 wave_phase=34
elapsed=15866 actor=upper event=vertical-step path=8952 bank_target=-4 wave_sample=85 wave_phase=34
elapsed=15866 actor=upper event=vertical-step path=894F bank_target=-4 wave_sample=85 wave_phase=34
elapsed=15866 actor=upper event=vertical-step path=8952 bank_target=-4 wave_sample=85 wave_phase=34
elapsed=15869 actor=upper event=move path=60B4 bank_target=-4 wave_sample=85 wave_phase=38
elapsed=15869 actor=upper event=chase-angle path=60C6 bank_target=-4 wave_sample=85 wave_phase=38
elapsed=15869 actor=upper event=chase-angle path=60CB bank_target=-4 wave_sample=42 wave_phase=38
elapsed=15869 actor=upper event=random-branch path=60B9 bank_target=-4 wave_sample=42 wave_phase=38
elapsed=15870 actor=upper event=vertical-step path=894F bank_target=-4 wave_sample=75 wave_phase=38
elapsed=15870 actor=upper event=vertical-step path=8952 bank_target=-4 wave_sample=75 wave_phase=38
elapsed=15870 actor=upper event=vertical-step path=894F bank_target=-4 wave_sample=75 wave_phase=38
elapsed=15870 actor=upper event=vertical-step path=8952 bank_target=-4 wave_sample=75 wave_phase=38
elapsed=15873 actor=upper event=move path=60B4 bank_target=-4 wave_sample=75 wave_phase=42
elapsed=15873 actor=upper event=chase-angle path=60C6 bank_target=-4 wave_sample=75 wave_phase=42
elapsed=15873 actor=upper event=chase-angle path=60CB bank_target=-4 wave_sample=37 wave_phase=42
elapsed=15873 actor=upper event=vertical-step path=894F bank_target=-4 wave_sample=65 wave_phase=42
elapsed=15873 actor=upper event=vertical-step path=8952 bank_target=-4 wave_sample=65 wave_phase=42
elapsed=15873 actor=upper event=vertical-step path=894F bank_target=-4 wave_sample=65 wave_phase=42
elapsed=15873 actor=upper event=vertical-step path=8952 bank_target=-4 wave_sample=65 wave_phase=42
elapsed=15877 actor=upper event=move path=60B4 bank_target=-4 wave_sample=65 wave_phase=46
elapsed=15877 actor=upper event=chase-angle path=60C6 bank_target=-4 wave_sample=65 wave_phase=46
elapsed=15877 actor=upper event=chase-angle path=60CB bank_target=-4 wave_sample=32 wave_phase=46
elapsed=15877 actor=upper event=vertical-step path=894F bank_target=-4 wave_sample=54 wave_phase=46
elapsed=15877 actor=upper event=vertical-step path=8952 bank_target=-4 wave_sample=54 wave_phase=46
elapsed=15877 actor=upper event=vertical-step path=894F bank_target=-4 wave_sample=54 wave_phase=46
elapsed=15877 actor=upper event=vertical-step path=8952 bank_target=-4 wave_sample=54 wave_phase=46
elapsed=15880 actor=upper event=move path=60B4 bank_target=-4 wave_sample=54 wave_phase=50
elapsed=15881 actor=upper event=chase-angle path=60C6 bank_target=-4 wave_sample=54 wave_phase=50
elapsed=15881 actor=upper event=chase-angle path=60CB bank_target=-4 wave_sample=27 wave_phase=50
elapsed=15881 actor=upper event=vertical-step path=894F bank_target=-4 wave_sample=42 wave_phase=50
elapsed=15881 actor=upper event=vertical-step path=8952 bank_target=-4 wave_sample=42 wave_phase=50
elapsed=15881 actor=upper event=vertical-step path=894F bank_target=-4 wave_sample=42 wave_phase=50
elapsed=15881 actor=upper event=vertical-step path=8952 bank_target=-4 wave_sample=42 wave_phase=50
elapsed=15884 actor=upper event=move path=60B4 bank_target=-4 wave_sample=42 wave_phase=54
elapsed=15884 actor=upper event=chase-angle path=60C6 bank_target=-4 wave_sample=42 wave_phase=54
elapsed=15884 actor=upper event=chase-angle path=60CB bank_target=-4 wave_sample=21 wave_phase=54
elapsed=15884 actor=upper event=vertical-step path=894F bank_target=-4 wave_sample=30 wave_phase=54
elapsed=15884 actor=upper event=vertical-step path=8952 bank_target=-4 wave_sample=30 wave_phase=54
elapsed=15884 actor=upper event=vertical-step path=894F bank_target=-4 wave_sample=30 wave_phase=54
elapsed=15884 actor=upper event=vertical-step path=8952 bank_target=-4 wave_sample=30 wave_phase=54
elapsed=15888 actor=upper event=move path=60B4 bank_target=-4 wave_sample=30 wave_phase=58
elapsed=15888 actor=upper event=chase-angle path=60C6 bank_target=-4 wave_sample=30 wave_phase=58
elapsed=15888 actor=upper event=chase-angle path=60CB bank_target=-4 wave_sample=15 wave_phase=58
elapsed=15888 actor=upper event=vertical-step path=894F bank_target=-4 wave_sample=18 wave_phase=58
elapsed=15888 actor=upper event=vertical-step path=8952 bank_target=-4 wave_sample=18 wave_phase=58
elapsed=15888 actor=upper event=vertical-step path=894F bank_target=-4 wave_sample=18 wave_phase=58
elapsed=15888 actor=upper event=vertical-step path=8952 bank_target=-4 wave_sample=18 wave_phase=58
elapsed=15891 actor=upper event=move path=60B4 bank_target=-4 wave_sample=18 wave_phase=62
elapsed=15892 actor=upper event=chase-angle path=60C6 bank_target=-4 wave_sample=18 wave_phase=62
elapsed=15892 actor=upper event=chase-angle path=60CB bank_target=-4 wave_sample=9 wave_phase=62
elapsed=15892 actor=upper event=vertical-step path=894F bank_target=-4 wave_sample=6 wave_phase=62
elapsed=15892 actor=upper event=vertical-step path=8952 bank_target=-4 wave_sample=6 wave_phase=62
elapsed=15892 actor=upper event=vertical-step path=894F bank_target=-4 wave_sample=6 wave_phase=62
elapsed=15892 actor=upper event=vertical-step path=8952 bank_target=-4 wave_sample=6 wave_phase=62
elapsed=15895 actor=upper event=move path=60B4 bank_target=-4 wave_sample=6 wave_phase=66
elapsed=15895 actor=upper event=chase-angle path=60C6 bank_target=-4 wave_sample=6 wave_phase=66
elapsed=15895 actor=upper event=chase-angle path=60CB bank_target=-4 wave_sample=3 wave_phase=66
elapsed=15895 actor=upper event=vertical-step path=894F bank_target=-4 wave_sample=-6 wave_phase=66
elapsed=15895 actor=upper event=vertical-step path=8952 bank_target=-4 wave_sample=-6 wave_phase=66
elapsed=15895 actor=upper event=vertical-step path=894F bank_target=-4 wave_sample=-6 wave_phase=66
elapsed=15895 actor=upper event=vertical-step path=8952 bank_target=-4 wave_sample=-6 wave_phase=66
elapsed=15899 actor=upper event=move path=60B4 bank_target=-4 wave_sample=-6 wave_phase=70
elapsed=15899 actor=upper event=chase-angle path=60C6 bank_target=-4 wave_sample=-6 wave_phase=70
elapsed=15899 actor=upper event=chase-angle path=60CB bank_target=-4 wave_sample=-3 wave_phase=70
elapsed=15899 actor=upper event=vertical-step path=894F bank_target=-4 wave_sample=-18 wave_phase=70
elapsed=15899 actor=upper event=vertical-step path=8952 bank_target=-4 wave_sample=-18 wave_phase=70
elapsed=15899 actor=upper event=vertical-step path=894F bank_target=-4 wave_sample=-18 wave_phase=70
elapsed=15899 actor=upper event=vertical-step path=8952 bank_target=-4 wave_sample=-18 wave_phase=70
elapsed=15902 actor=upper event=move path=60B4 bank_target=-4 wave_sample=-18 wave_phase=74
elapsed=15902 actor=upper event=chase-angle path=60C6 bank_target=-4 wave_sample=-18 wave_phase=74
elapsed=15903 actor=upper event=chase-angle path=60CB bank_target=-4 wave_sample=-9 wave_phase=74
elapsed=15903 actor=upper event=vertical-step path=894F bank_target=-4 wave_sample=-30 wave_phase=74
elapsed=15903 actor=upper event=vertical-step path=8952 bank_target=-4 wave_sample=-30 wave_phase=74
elapsed=15903 actor=upper event=vertical-step path=894F bank_target=-4 wave_sample=-30 wave_phase=74
elapsed=15903 actor=upper event=vertical-step path=8952 bank_target=-4 wave_sample=-30 wave_phase=74
elapsed=15906 actor=upper event=move path=60B4 bank_target=-4 wave_sample=-30 wave_phase=78
elapsed=15906 actor=upper event=chase-angle path=60C6 bank_target=-4 wave_sample=-30 wave_phase=78
elapsed=15906 actor=upper event=chase-angle path=60CB bank_target=-4 wave_sample=-15 wave_phase=78
elapsed=15906 actor=upper event=vertical-step path=894F bank_target=-4 wave_sample=-42 wave_phase=78
elapsed=15906 actor=upper event=vertical-step path=8952 bank_target=-4 wave_sample=-42 wave_phase=78
elapsed=15906 actor=upper event=vertical-step path=894F bank_target=-4 wave_sample=-42 wave_phase=78
elapsed=15906 actor=upper event=vertical-step path=8952 bank_target=-4 wave_sample=-42 wave_phase=78
elapsed=15910 actor=upper event=move path=60B4 bank_target=-4 wave_sample=-42 wave_phase=82
elapsed=15910 actor=upper event=chase-angle path=60C6 bank_target=-4 wave_sample=-42 wave_phase=82
elapsed=15910 actor=upper event=chase-angle path=60CB bank_target=-4 wave_sample=-21 wave_phase=82
elapsed=15910 actor=upper event=vertical-step path=894F bank_target=-4 wave_sample=-54 wave_phase=82
elapsed=15910 actor=upper event=vertical-step path=8952 bank_target=-4 wave_sample=-54 wave_phase=82
elapsed=15910 actor=upper event=vertical-step path=894F bank_target=-4 wave_sample=-54 wave_phase=82
elapsed=15910 actor=upper event=vertical-step path=8952 bank_target=-4 wave_sample=-54 wave_phase=82
elapsed=15913 actor=upper event=move path=60B4 bank_target=-4 wave_sample=-54 wave_phase=86
elapsed=15914 actor=upper event=chase-angle path=60C6 bank_target=-4 wave_sample=-54 wave_phase=86
elapsed=15914 actor=upper event=chase-angle path=60CB bank_target=-4 wave_sample=-27 wave_phase=86
elapsed=15914 actor=upper event=vertical-step path=894F bank_target=-4 wave_sample=-65 wave_phase=86
elapsed=15914 actor=upper event=vertical-step path=8952 bank_target=-4 wave_sample=-65 wave_phase=86
elapsed=15914 actor=upper event=vertical-step path=894F bank_target=-4 wave_sample=-65 wave_phase=86
elapsed=15914 actor=upper event=vertical-step path=8952 bank_target=-4 wave_sample=-65 wave_phase=86
elapsed=15917 actor=upper event=move path=60B4 bank_target=-4 wave_sample=-65 wave_phase=90
elapsed=15917 actor=upper event=chase-angle path=60C6 bank_target=-4 wave_sample=-65 wave_phase=90
elapsed=15917 actor=upper event=chase-angle path=60CB bank_target=-4 wave_sample=-32 wave_phase=90
elapsed=15917 actor=upper event=vertical-step path=894F bank_target=-4 wave_sample=-75 wave_phase=90
elapsed=15917 actor=upper event=vertical-step path=8952 bank_target=-4 wave_sample=-75 wave_phase=90
elapsed=15917 actor=upper event=vertical-step path=894F bank_target=-4 wave_sample=-75 wave_phase=90
elapsed=15917 actor=upper event=vertical-step path=8952 bank_target=-4 wave_sample=-75 wave_phase=90
elapsed=15921 actor=upper event=move path=60B4 bank_target=-4 wave_sample=-75 wave_phase=94
elapsed=15921 actor=upper event=chase-angle path=60C6 bank_target=-4 wave_sample=-75 wave_phase=94
elapsed=15921 actor=upper event=chase-angle path=60CB bank_target=-4 wave_sample=-37 wave_phase=94
elapsed=15921 actor=upper event=vertical-step path=894F bank_target=-4 wave_sample=-85 wave_phase=94
elapsed=15921 actor=upper event=vertical-step path=8952 bank_target=-4 wave_sample=-85 wave_phase=94
elapsed=15921 actor=upper event=vertical-step path=894F bank_target=-4 wave_sample=-85 wave_phase=94
elapsed=15921 actor=upper event=vertical-step path=8952 bank_target=-4 wave_sample=-85 wave_phase=94
elapsed=15924 actor=upper event=move path=60B4 bank_target=-4 wave_sample=-85 wave_phase=98
elapsed=15925 actor=upper event=chase-angle path=60C6 bank_target=-4 wave_sample=-85 wave_phase=98
elapsed=15925 actor=upper event=chase-angle path=60CB bank_target=-4 wave_sample=-42 wave_phase=98
elapsed=15925 actor=upper event=vertical-step path=894F bank_target=-4 wave_sample=-94 wave_phase=98
elapsed=15925 actor=upper event=vertical-step path=8952 bank_target=-4 wave_sample=-94 wave_phase=98
elapsed=15925 actor=upper event=vertical-step path=894F bank_target=-4 wave_sample=-94 wave_phase=98
elapsed=15925 actor=upper event=vertical-step path=8952 bank_target=-4 wave_sample=-94 wave_phase=98
elapsed=15929 actor=upper event=move path=60B4 bank_target=-4 wave_sample=-94 wave_phase=102
elapsed=15929 actor=upper event=chase-angle path=60C6 bank_target=-4 wave_sample=-94 wave_phase=102
elapsed=15929 actor=upper event=chase-angle path=60CB bank_target=-4 wave_sample=-47 wave_phase=102
elapsed=15929 actor=upper event=vertical-step path=894F bank_target=-4 wave_sample=-102 wave_phase=102
elapsed=15929 actor=upper event=vertical-step path=8952 bank_target=-4 wave_sample=-102 wave_phase=102
elapsed=15929 actor=upper event=vertical-step path=894F bank_target=-4 wave_sample=-102 wave_phase=102
elapsed=15929 actor=upper event=vertical-step path=8952 bank_target=-4 wave_sample=-102 wave_phase=102
elapsed=15932 actor=upper event=move path=60B4 bank_target=-4 wave_sample=-102 wave_phase=106
elapsed=15932 actor=upper event=chase-angle path=60C6 bank_target=-4 wave_sample=-102 wave_phase=106
elapsed=15932 actor=upper event=chase-angle path=60CB bank_target=-4 wave_sample=-51 wave_phase=106
elapsed=15932 actor=upper event=vertical-step path=894F bank_target=-4 wave_sample=-108 wave_phase=106
elapsed=15932 actor=upper event=vertical-step path=8952 bank_target=-4 wave_sample=-108 wave_phase=106
elapsed=15932 actor=upper event=vertical-step path=894F bank_target=-4 wave_sample=-108 wave_phase=106
elapsed=15932 actor=upper event=vertical-step path=8952 bank_target=-4 wave_sample=-108 wave_phase=106
elapsed=15936 actor=upper event=move path=60B4 bank_target=-4 wave_sample=-108 wave_phase=110
elapsed=15936 actor=upper event=chase-angle path=60C6 bank_target=-4 wave_sample=-108 wave_phase=110
elapsed=15936 actor=upper event=chase-angle path=60CB bank_target=-4 wave_sample=-54 wave_phase=110
elapsed=15936 actor=upper event=vertical-step path=894F bank_target=-4 wave_sample=-114 wave_phase=110
elapsed=15936 actor=upper event=vertical-step path=8952 bank_target=-4 wave_sample=-114 wave_phase=110
elapsed=15936 actor=upper event=vertical-step path=894F bank_target=-4 wave_sample=-114 wave_phase=110
elapsed=15936 actor=upper event=vertical-step path=8952 bank_target=-4 wave_sample=-114 wave_phase=110
elapsed=15939 actor=upper event=move path=60B4 bank_target=-4 wave_sample=-114 wave_phase=114
elapsed=15939 actor=upper event=chase-angle path=60C6 bank_target=-4 wave_sample=-114 wave_phase=114
elapsed=15939 actor=upper event=chase-angle path=60CB bank_target=-4 wave_sample=-57 wave_phase=114
elapsed=15940 actor=upper event=vertical-step path=894F bank_target=-4 wave_sample=-119 wave_phase=114
elapsed=15940 actor=upper event=vertical-step path=8952 bank_target=-4 wave_sample=-119 wave_phase=114
elapsed=15940 actor=upper event=vertical-step path=894F bank_target=-4 wave_sample=-119 wave_phase=114
elapsed=15940 actor=upper event=vertical-step path=8952 bank_target=-4 wave_sample=-119 wave_phase=114
elapsed=15943 actor=upper event=move path=60B4 bank_target=-4 wave_sample=-119 wave_phase=118
elapsed=15943 actor=upper event=chase-angle path=60C6 bank_target=-4 wave_sample=-119 wave_phase=118
elapsed=15943 actor=upper event=chase-angle path=60CB bank_target=-4 wave_sample=-59 wave_phase=118
elapsed=15943 actor=upper event=vertical-step path=894F bank_target=-4 wave_sample=-123 wave_phase=118
elapsed=15943 actor=upper event=vertical-step path=8952 bank_target=-4 wave_sample=-123 wave_phase=118
elapsed=15943 actor=upper event=vertical-step path=894F bank_target=-4 wave_sample=-123 wave_phase=118
elapsed=15943 actor=upper event=vertical-step path=8952 bank_target=-4 wave_sample=-123 wave_phase=118
elapsed=15947 actor=upper event=move path=60B4 bank_target=-4 wave_sample=-123 wave_phase=122
elapsed=15947 actor=upper event=chase-angle path=60C6 bank_target=-4 wave_sample=-123 wave_phase=122
elapsed=15947 actor=upper event=chase-angle path=60CB bank_target=-4 wave_sample=-61 wave_phase=122
elapsed=15947 actor=upper event=vertical-step path=894F bank_target=-4 wave_sample=-125 wave_phase=122
elapsed=15947 actor=upper event=vertical-step path=8952 bank_target=-4 wave_sample=-125 wave_phase=122
elapsed=15947 actor=upper event=vertical-step path=894F bank_target=-4 wave_sample=-125 wave_phase=122
elapsed=15947 actor=upper event=vertical-step path=8952 bank_target=-4 wave_sample=-125 wave_phase=122
elapsed=15950 actor=upper event=move path=60B4 bank_target=-4 wave_sample=-125 wave_phase=126
elapsed=15950 actor=upper event=chase-angle path=60C6 bank_target=-4 wave_sample=-125 wave_phase=126
elapsed=15950 actor=upper event=chase-angle path=60CB bank_target=-4 wave_sample=-62 wave_phase=126
elapsed=15950 actor=upper event=vertical-step path=894F bank_target=-4 wave_sample=-126 wave_phase=126
elapsed=15950 actor=upper event=vertical-step path=8952 bank_target=-4 wave_sample=-126 wave_phase=126
elapsed=15950 actor=upper event=vertical-step path=894F bank_target=-4 wave_sample=-126 wave_phase=126
elapsed=15951 actor=upper event=vertical-step path=8952 bank_target=-4 wave_sample=-126 wave_phase=126
elapsed=15954 actor=upper event=move path=60B4 bank_target=-4 wave_sample=-126 wave_phase=130
elapsed=15954 actor=upper event=chase-angle path=60C6 bank_target=-4 wave_sample=-126 wave_phase=130
elapsed=15954 actor=upper event=chase-angle path=60CB bank_target=-4 wave_sample=-63 wave_phase=130
elapsed=15954 actor=upper event=vertical-step path=894F bank_target=-4 wave_sample=-126 wave_phase=130
elapsed=15954 actor=upper event=vertical-step path=8952 bank_target=-4 wave_sample=-126 wave_phase=130
elapsed=15954 actor=upper event=vertical-step path=894F bank_target=-4 wave_sample=-126 wave_phase=130
elapsed=15954 actor=upper event=vertical-step path=8952 bank_target=-4 wave_sample=-126 wave_phase=130
elapsed=15957 actor=upper event=move path=60B4 bank_target=-4 wave_sample=-126 wave_phase=134
elapsed=15958 actor=upper event=chase-angle path=60C6 bank_target=-4 wave_sample=-126 wave_phase=134
elapsed=15958 actor=upper event=chase-angle path=60CB bank_target=-4 wave_sample=-63 wave_phase=134
elapsed=15958 actor=upper event=vertical-step path=894F bank_target=-4 wave_sample=-125 wave_phase=134
elapsed=15958 actor=upper event=vertical-step path=8952 bank_target=-4 wave_sample=-125 wave_phase=134
elapsed=15958 actor=upper event=vertical-step path=894F bank_target=-4 wave_sample=-125 wave_phase=134
elapsed=15958 actor=upper event=vertical-step path=8952 bank_target=-4 wave_sample=-125 wave_phase=134
elapsed=15961 actor=upper event=move path=60B4 bank_target=-4 wave_sample=-125 wave_phase=138
elapsed=15961 actor=upper event=chase-angle path=60C6 bank_target=-4 wave_sample=-125 wave_phase=138
elapsed=15961 actor=upper event=chase-angle path=60CB bank_target=-4 wave_sample=-62 wave_phase=138
elapsed=15961 actor=upper event=vertical-step path=894F bank_target=-4 wave_sample=-123 wave_phase=138
elapsed=15961 actor=upper event=vertical-step path=8952 bank_target=-4 wave_sample=-123 wave_phase=138
elapsed=15961 actor=upper event=vertical-step path=894F bank_target=-4 wave_sample=-123 wave_phase=138
elapsed=15961 actor=upper event=vertical-step path=8952 bank_target=-4 wave_sample=-123 wave_phase=138
elapsed=15965 actor=upper event=move path=60B4 bank_target=-4 wave_sample=-123 wave_phase=142
elapsed=15965 actor=upper event=chase-angle path=60C6 bank_target=-4 wave_sample=-123 wave_phase=142
elapsed=15965 actor=upper event=chase-angle path=60CB bank_target=-4 wave_sample=-61 wave_phase=142
elapsed=15965 actor=upper event=vertical-step path=894F bank_target=-4 wave_sample=-119 wave_phase=142
elapsed=15965 actor=upper event=vertical-step path=8952 bank_target=-4 wave_sample=-119 wave_phase=142
elapsed=15965 actor=upper event=vertical-step path=894F bank_target=-4 wave_sample=-119 wave_phase=142
elapsed=15965 actor=upper event=vertical-step path=8952 bank_target=-4 wave_sample=-119 wave_phase=142
elapsed=15968 actor=upper event=move path=60B4 bank_target=-4 wave_sample=-119 wave_phase=146
elapsed=15968 actor=upper event=chase-angle path=60C6 bank_target=-4 wave_sample=-119 wave_phase=146
elapsed=15968 actor=upper event=chase-angle path=60CB bank_target=-4 wave_sample=-59 wave_phase=146
elapsed=15969 actor=upper event=vertical-step path=894F bank_target=-4 wave_sample=-114 wave_phase=146
elapsed=15969 actor=upper event=vertical-step path=8952 bank_target=-4 wave_sample=-114 wave_phase=146
elapsed=15969 actor=upper event=vertical-step path=894F bank_target=-4 wave_sample=-114 wave_phase=146
elapsed=15969 actor=upper event=vertical-step path=8952 bank_target=-4 wave_sample=-114 wave_phase=146
elapsed=15972 actor=upper event=move path=60B4 bank_target=-4 wave_sample=-114 wave_phase=150
elapsed=15972 actor=upper event=chase-angle path=60C6 bank_target=-4 wave_sample=-114 wave_phase=150
elapsed=15972 actor=upper event=chase-angle path=60CB bank_target=-4 wave_sample=-57 wave_phase=150
elapsed=15972 actor=upper event=vertical-step path=894F bank_target=-4 wave_sample=-108 wave_phase=150
elapsed=15972 actor=upper event=vertical-step path=8952 bank_target=-4 wave_sample=-108 wave_phase=150
elapsed=15972 actor=upper event=vertical-step path=894F bank_target=-4 wave_sample=-108 wave_phase=150
elapsed=15972 actor=upper event=vertical-step path=8952 bank_target=-4 wave_sample=-108 wave_phase=150
elapsed=15976 actor=upper event=move path=60B4 bank_target=-4 wave_sample=-108 wave_phase=154
elapsed=15976 actor=upper event=chase-angle path=60C6 bank_target=-4 wave_sample=-108 wave_phase=154
elapsed=15976 actor=upper event=chase-angle path=60CB bank_target=-4 wave_sample=-54 wave_phase=154
elapsed=15976 actor=upper event=vertical-step path=894F bank_target=-4 wave_sample=-102 wave_phase=154
elapsed=15976 actor=upper event=vertical-step path=8952 bank_target=-4 wave_sample=-102 wave_phase=154
elapsed=15976 actor=upper event=vertical-step path=894F bank_target=-4 wave_sample=-102 wave_phase=154
elapsed=15976 actor=upper event=vertical-step path=8952 bank_target=-4 wave_sample=-102 wave_phase=154
elapsed=15979 actor=upper event=move path=60B4 bank_target=-4 wave_sample=-102 wave_phase=158
elapsed=15979 actor=upper event=chase-angle path=60C6 bank_target=-4 wave_sample=-102 wave_phase=158
elapsed=15979 actor=upper event=chase-angle path=60CB bank_target=-4 wave_sample=-51 wave_phase=158
elapsed=15979 actor=upper event=vertical-step path=894F bank_target=-4 wave_sample=-94 wave_phase=158
elapsed=15979 actor=upper event=vertical-step path=8952 bank_target=-4 wave_sample=-94 wave_phase=158
elapsed=15979 actor=upper event=vertical-step path=894F bank_target=-4 wave_sample=-94 wave_phase=158
elapsed=15979 actor=upper event=vertical-step path=8952 bank_target=-4 wave_sample=-94 wave_phase=158
elapsed=15983 actor=upper event=move path=60B4 bank_target=-4 wave_sample=-94 wave_phase=162
elapsed=15983 actor=upper event=chase-angle path=60C6 bank_target=-4 wave_sample=-94 wave_phase=162
elapsed=15983 actor=upper event=chase-angle path=60CB bank_target=-4 wave_sample=-47 wave_phase=162
elapsed=15983 actor=upper event=vertical-step path=894F bank_target=-4 wave_sample=-85 wave_phase=162
elapsed=15983 actor=upper event=vertical-step path=8952 bank_target=-4 wave_sample=-85 wave_phase=162
elapsed=15983 actor=upper event=vertical-step path=894F bank_target=-4 wave_sample=-85 wave_phase=162
elapsed=15983 actor=upper event=vertical-step path=8952 bank_target=-4 wave_sample=-85 wave_phase=162
elapsed=15987 actor=upper event=move path=60B4 bank_target=-4 wave_sample=-85 wave_phase=166
elapsed=15987 actor=upper event=chase-angle path=60C6 bank_target=-4 wave_sample=-85 wave_phase=166
elapsed=15987 actor=upper event=chase-angle path=60CB bank_target=-4 wave_sample=-42 wave_phase=166
elapsed=15987 actor=upper event=random-value path=60CF bank_target=-4 wave_sample=-42 wave_phase=166
elapsed=15987 actor=upper event=random-branch path=60B9 bank_target=4 wave_sample=-42 wave_phase=166
elapsed=15987 actor=upper event=vertical-step path=894F bank_target=4 wave_sample=-75 wave_phase=166
elapsed=15987 actor=upper event=vertical-step path=8952 bank_target=4 wave_sample=-75 wave_phase=166
elapsed=15987 actor=upper event=vertical-step path=894F bank_target=4 wave_sample=-75 wave_phase=166
elapsed=15987 actor=upper event=vertical-step path=8952 bank_target=4 wave_sample=-75 wave_phase=166
elapsed=15991 actor=upper event=move path=60A9 bank_target=4 wave_sample=-75 wave_phase=170
elapsed=15991 actor=upper event=chase-angle path=60C6 bank_target=4 wave_sample=-75 wave_phase=170
elapsed=15991 actor=upper event=chase-angle path=60CB bank_target=4 wave_sample=-37 wave_phase=170
elapsed=15994 actor=upper event=move path=60A9 bank_target=4 wave_sample=-37 wave_phase=170
elapsed=15995 actor=upper event=chase-angle path=60C6 bank_target=4 wave_sample=-37 wave_phase=170
elapsed=15995 actor=upper event=chase-angle path=60CB bank_target=4 wave_sample=-18 wave_phase=170
elapsed=15998 actor=upper event=move path=60A9 bank_target=4 wave_sample=-18 wave_phase=170
elapsed=15998 actor=upper event=chase-angle path=60C6 bank_target=4 wave_sample=-18 wave_phase=170
elapsed=15998 actor=upper event=chase-angle path=60CB bank_target=4 wave_sample=-9 wave_phase=170
elapsed=16001 actor=upper event=move path=60A9 bank_target=4 wave_sample=-9 wave_phase=170
elapsed=16001 actor=upper event=chase-angle path=60C6 bank_target=4 wave_sample=-9 wave_phase=170
elapsed=16001 actor=upper event=chase-angle path=60CB bank_target=4 wave_sample=-4 wave_phase=170
elapsed=16005 actor=upper event=move path=60A9 bank_target=4 wave_sample=-4 wave_phase=170
elapsed=16005 actor=upper event=chase-angle path=60C6 bank_target=4 wave_sample=-4 wave_phase=170
elapsed=16005 actor=upper event=chase-angle path=60CB bank_target=4 wave_sample=-2 wave_phase=170
elapsed=16008 actor=upper event=move path=60A9 bank_target=4 wave_sample=-2 wave_phase=170
elapsed=16008 actor=upper event=chase-angle path=60C6 bank_target=4 wave_sample=-2 wave_phase=170
elapsed=16008 actor=upper event=chase-angle path=60CB bank_target=4 wave_sample=-1 wave_phase=170
elapsed=16012 actor=upper event=move path=60A9 bank_target=4 wave_sample=-1 wave_phase=170
elapsed=16012 actor=upper event=chase-angle path=60C6 bank_target=4 wave_sample=-1 wave_phase=170
elapsed=16012 actor=upper event=chase-angle path=60CB bank_target=4 wave_sample=0 wave_phase=170
elapsed=16015 actor=upper event=move path=60A9 bank_target=4 wave_sample=0 wave_phase=170
elapsed=16015 actor=upper event=chase-angle path=60C6 bank_target=4 wave_sample=0 wave_phase=170
elapsed=16015 actor=upper event=chase-angle path=60CB bank_target=4 wave_sample=0 wave_phase=170
elapsed=16018 actor=upper event=move path=60A9 bank_target=4 wave_sample=0 wave_phase=170
elapsed=16018 actor=upper event=chase-angle path=60C6 bank_target=4 wave_sample=0 wave_phase=170
elapsed=16019 actor=upper event=chase-angle path=60CB bank_target=4 wave_sample=0 wave_phase=170
elapsed=16022 actor=upper event=move path=60A9 bank_target=4 wave_sample=0 wave_phase=170
elapsed=16022 actor=upper event=chase-angle path=60C6 bank_target=4 wave_sample=0 wave_phase=170
elapsed=16022 actor=upper event=chase-angle path=60CB bank_target=4 wave_sample=0 wave_phase=170
elapsed=16025 actor=upper event=move path=60A9 bank_target=4 wave_sample=0 wave_phase=170
elapsed=16025 actor=upper event=chase-angle path=60C6 bank_target=4 wave_sample=0 wave_phase=170
elapsed=16025 actor=upper event=chase-angle path=60CB bank_target=4 wave_sample=0 wave_phase=170
elapsed=16029 actor=upper event=move path=60A9 bank_target=4 wave_sample=0 wave_phase=170
elapsed=16029 actor=upper event=chase-angle path=60C6 bank_target=4 wave_sample=0 wave_phase=170
elapsed=16029 actor=upper event=chase-angle path=60CB bank_target=4 wave_sample=0 wave_phase=170
elapsed=16032 actor=upper event=move path=60A9 bank_target=4 wave_sample=0 wave_phase=170
elapsed=16032 actor=upper event=chase-angle path=60C6 bank_target=4 wave_sample=0 wave_phase=170
elapsed=16032 actor=upper event=chase-angle path=60CB bank_target=4 wave_sample=0 wave_phase=170
elapsed=16036 actor=upper event=move path=60A9 bank_target=4 wave_sample=0 wave_phase=170
elapsed=16036 actor=upper event=chase-angle path=60C6 bank_target=4 wave_sample=0 wave_phase=170
elapsed=16036 actor=upper event=chase-angle path=60CB bank_target=4 wave_sample=0 wave_phase=170
elapsed=16039 actor=upper event=move path=60A9 bank_target=4 wave_sample=0 wave_phase=170
elapsed=16039 actor=upper event=chase-angle path=60C6 bank_target=4 wave_sample=0 wave_phase=170
elapsed=16039 actor=upper event=chase-angle path=60CB bank_target=4 wave_sample=0 wave_phase=170
elapsed=16043 actor=upper event=move path=60A9 bank_target=4 wave_sample=0 wave_phase=170
elapsed=16043 actor=upper event=chase-angle path=60C6 bank_target=4 wave_sample=0 wave_phase=170
elapsed=16043 actor=upper event=chase-angle path=60CB bank_target=4 wave_sample=0 wave_phase=170
elapsed=16047 actor=upper event=move path=60A9 bank_target=4 wave_sample=0 wave_phase=170
elapsed=16047 actor=upper event=chase-angle path=60C6 bank_target=4 wave_sample=0 wave_phase=170
elapsed=16047 actor=upper event=chase-angle path=60CB bank_target=4 wave_sample=0 wave_phase=170
elapsed=16051 actor=upper event=move path=60A9 bank_target=4 wave_sample=0 wave_phase=170
elapsed=16051 actor=upper event=chase-angle path=60C6 bank_target=4 wave_sample=0 wave_phase=170
elapsed=16051 actor=upper event=chase-angle path=60CB bank_target=4 wave_sample=0 wave_phase=170
elapsed=16054 actor=upper event=move path=60A9 bank_target=4 wave_sample=0 wave_phase=170
elapsed=16054 actor=upper event=chase-angle path=60C6 bank_target=4 wave_sample=0 wave_phase=170
elapsed=16054 actor=upper event=chase-angle path=60CB bank_target=4 wave_sample=0 wave_phase=170
elapsed=16058 actor=upper event=move path=60A9 bank_target=4 wave_sample=0 wave_phase=170
elapsed=16058 actor=upper event=chase-angle path=60C6 bank_target=4 wave_sample=0 wave_phase=170
elapsed=16058 actor=upper event=chase-angle path=60CB bank_target=4 wave_sample=0 wave_phase=170
elapsed=16062 actor=upper event=move path=60A9 bank_target=4 wave_sample=0 wave_phase=170
elapsed=16062 actor=upper event=chase-angle path=60C6 bank_target=4 wave_sample=0 wave_phase=170
elapsed=16062 actor=upper event=chase-angle path=60CB bank_target=4 wave_sample=0 wave_phase=170
elapsed=16065 actor=upper event=move path=60A9 bank_target=4 wave_sample=0 wave_phase=170
elapsed=16065 actor=upper event=chase-angle path=60C6 bank_target=4 wave_sample=0 wave_phase=170
elapsed=16065 actor=upper event=chase-angle path=60CB bank_target=4 wave_sample=0 wave_phase=170
elapsed=16069 actor=upper event=move path=60A9 bank_target=4 wave_sample=0 wave_phase=170
elapsed=16069 actor=upper event=chase-angle path=60C6 bank_target=4 wave_sample=0 wave_phase=170
elapsed=16069 actor=upper event=chase-angle path=60CB bank_target=4 wave_sample=0 wave_phase=170
elapsed=16073 actor=upper event=move path=60A9 bank_target=4 wave_sample=0 wave_phase=170
elapsed=16073 actor=upper event=chase-angle path=60C6 bank_target=4 wave_sample=0 wave_phase=170
elapsed=16073 actor=upper event=chase-angle path=60CB bank_target=4 wave_sample=0 wave_phase=170
elapsed=16076 actor=upper event=move path=60A9 bank_target=4 wave_sample=0 wave_phase=170
elapsed=16076 actor=upper event=chase-angle path=60C6 bank_target=4 wave_sample=0 wave_phase=170
elapsed=16076 actor=upper event=chase-angle path=60CB bank_target=4 wave_sample=0 wave_phase=170
elapsed=16080 actor=upper event=move path=60A9 bank_target=4 wave_sample=0 wave_phase=170
elapsed=16080 actor=upper event=chase-angle path=60C6 bank_target=4 wave_sample=0 wave_phase=170
elapsed=16080 actor=upper event=chase-angle path=60CB bank_target=4 wave_sample=0 wave_phase=170
elapsed=16084 actor=upper event=move path=60A9 bank_target=4 wave_sample=0 wave_phase=170
elapsed=16084 actor=upper event=chase-angle path=60C6 bank_target=4 wave_sample=0 wave_phase=170
elapsed=16084 actor=upper event=chase-angle path=60CB bank_target=4 wave_sample=0 wave_phase=170
elapsed=16087 actor=upper event=move path=60A9 bank_target=4 wave_sample=0 wave_phase=170
elapsed=16087 actor=upper event=chase-angle path=60C6 bank_target=4 wave_sample=0 wave_phase=170
elapsed=16088 actor=upper event=chase-angle path=60CB bank_target=4 wave_sample=0 wave_phase=170
elapsed=16091 actor=upper event=move path=60A9 bank_target=4 wave_sample=0 wave_phase=170
elapsed=16091 actor=upper event=chase-angle path=60C6 bank_target=4 wave_sample=0 wave_phase=170
elapsed=16091 actor=upper event=chase-angle path=60CB bank_target=4 wave_sample=0 wave_phase=170
elapsed=16095 actor=upper event=move path=60A9 bank_target=4 wave_sample=0 wave_phase=170
elapsed=16095 actor=upper event=chase-angle path=60C6 bank_target=4 wave_sample=0 wave_phase=170
elapsed=16095 actor=upper event=chase-angle path=60CB bank_target=4 wave_sample=0 wave_phase=170
elapsed=16099 actor=upper event=move path=60A9 bank_target=4 wave_sample=0 wave_phase=170
elapsed=16099 actor=upper event=chase-angle path=60C6 bank_target=4 wave_sample=0 wave_phase=170
elapsed=16099 actor=upper event=chase-angle path=60CB bank_target=4 wave_sample=0 wave_phase=170
elapsed=16103 actor=upper event=schedule path=60AE bank_target=4 wave_sample=0 wave_phase=170
elapsed=16103 actor=upper event=move path=60B4 bank_target=4 wave_sample=0 wave_phase=170
elapsed=16104 actor=upper event=chase-angle path=60C6 bank_target=4 wave_sample=0 wave_phase=170
elapsed=16104 actor=upper event=chase-angle path=60CB bank_target=4 wave_sample=0 wave_phase=170
elapsed=16104 actor=upper event=random-branch path=60B9 bank_target=4 wave_sample=0 wave_phase=170
elapsed=16104 actor=upper event=vertical-step path=894F bank_target=4 wave_sample=-65 wave_phase=170
elapsed=16104 actor=upper event=vertical-step path=8952 bank_target=4 wave_sample=-65 wave_phase=170
elapsed=16104 actor=upper event=vertical-step path=894F bank_target=4 wave_sample=-65 wave_phase=170
elapsed=16104 actor=upper event=vertical-step path=8952 bank_target=4 wave_sample=-65 wave_phase=170
elapsed=16108 actor=upper event=move path=60B4 bank_target=4 wave_sample=-65 wave_phase=174
elapsed=16108 actor=upper event=chase-angle path=60C6 bank_target=4 wave_sample=-65 wave_phase=174
elapsed=16108 actor=upper event=chase-angle path=60CB bank_target=4 wave_sample=-32 wave_phase=174
elapsed=16108 actor=upper event=vertical-step path=894F bank_target=4 wave_sample=-54 wave_phase=174
elapsed=16108 actor=upper event=vertical-step path=8952 bank_target=4 wave_sample=-54 wave_phase=174
elapsed=16108 actor=upper event=vertical-step path=894F bank_target=4 wave_sample=-54 wave_phase=174
elapsed=16108 actor=upper event=vertical-step path=8952 bank_target=4 wave_sample=-54 wave_phase=174
elapsed=16112 actor=upper event=move path=60B4 bank_target=4 wave_sample=-54 wave_phase=178
elapsed=16112 actor=upper event=chase-angle path=60C6 bank_target=4 wave_sample=-54 wave_phase=178
elapsed=16112 actor=upper event=chase-angle path=60CB bank_target=4 wave_sample=-27 wave_phase=178
elapsed=16112 actor=upper event=vertical-step path=894F bank_target=4 wave_sample=-42 wave_phase=178
elapsed=16112 actor=upper event=vertical-step path=8952 bank_target=4 wave_sample=-42 wave_phase=178
elapsed=16112 actor=upper event=vertical-step path=894F bank_target=4 wave_sample=-42 wave_phase=178
elapsed=16112 actor=upper event=vertical-step path=8952 bank_target=4 wave_sample=-42 wave_phase=178
elapsed=16116 actor=upper event=move path=60B4 bank_target=4 wave_sample=-42 wave_phase=182
elapsed=16116 actor=upper event=chase-angle path=60C6 bank_target=4 wave_sample=-42 wave_phase=182
elapsed=16116 actor=upper event=chase-angle path=60CB bank_target=4 wave_sample=-21 wave_phase=182
elapsed=16116 actor=upper event=vertical-step path=894F bank_target=4 wave_sample=-30 wave_phase=182
elapsed=16116 actor=upper event=vertical-step path=8952 bank_target=4 wave_sample=-30 wave_phase=182
elapsed=16116 actor=upper event=vertical-step path=894F bank_target=4 wave_sample=-30 wave_phase=182
elapsed=16116 actor=upper event=vertical-step path=8952 bank_target=4 wave_sample=-30 wave_phase=182
elapsed=16120 actor=upper event=move path=60B4 bank_target=4 wave_sample=-30 wave_phase=186
elapsed=16120 actor=upper event=chase-angle path=60C6 bank_target=4 wave_sample=-30 wave_phase=186
elapsed=16120 actor=upper event=chase-angle path=60CB bank_target=4 wave_sample=-15 wave_phase=186
elapsed=16120 actor=upper event=vertical-step path=894F bank_target=4 wave_sample=-18 wave_phase=186
elapsed=16120 actor=upper event=vertical-step path=8952 bank_target=4 wave_sample=-18 wave_phase=186
elapsed=16120 actor=upper event=vertical-step path=894F bank_target=4 wave_sample=-18 wave_phase=186
elapsed=16120 actor=upper event=vertical-step path=8952 bank_target=4 wave_sample=-18 wave_phase=186
elapsed=16124 actor=upper event=move path=60B4 bank_target=4 wave_sample=-18 wave_phase=190
elapsed=16124 actor=upper event=chase-angle path=60C6 bank_target=4 wave_sample=-18 wave_phase=190
elapsed=16124 actor=upper event=chase-angle path=60CB bank_target=4 wave_sample=-9 wave_phase=190
elapsed=16125 actor=upper event=vertical-step path=894F bank_target=4 wave_sample=-6 wave_phase=190
elapsed=16125 actor=upper event=vertical-step path=8952 bank_target=4 wave_sample=-6 wave_phase=190
elapsed=16125 actor=upper event=vertical-step path=894F bank_target=4 wave_sample=-6 wave_phase=190
elapsed=16125 actor=upper event=vertical-step path=8952 bank_target=4 wave_sample=-6 wave_phase=190
elapsed=16128 actor=upper event=move path=60B4 bank_target=4 wave_sample=-6 wave_phase=194
elapsed=16128 actor=upper event=chase-angle path=60C6 bank_target=4 wave_sample=-6 wave_phase=194
elapsed=16129 actor=upper event=chase-angle path=60CB bank_target=4 wave_sample=-3 wave_phase=194
elapsed=16129 actor=upper event=vertical-step path=894F bank_target=4 wave_sample=6 wave_phase=194
elapsed=16129 actor=upper event=vertical-step path=8952 bank_target=4 wave_sample=6 wave_phase=194
elapsed=16129 actor=upper event=vertical-step path=894F bank_target=4 wave_sample=6 wave_phase=194
elapsed=16129 actor=upper event=vertical-step path=8952 bank_target=4 wave_sample=6 wave_phase=194
elapsed=16132 actor=upper event=move path=60B4 bank_target=4 wave_sample=6 wave_phase=198
elapsed=16133 actor=upper event=chase-angle path=60C6 bank_target=4 wave_sample=6 wave_phase=198
elapsed=16133 actor=upper event=chase-angle path=60CB bank_target=4 wave_sample=3 wave_phase=198
elapsed=16133 actor=upper event=vertical-step path=894F bank_target=4 wave_sample=18 wave_phase=198
elapsed=16133 actor=upper event=vertical-step path=8952 bank_target=4 wave_sample=18 wave_phase=198
elapsed=16133 actor=upper event=vertical-step path=894F bank_target=4 wave_sample=18 wave_phase=198
elapsed=16133 actor=upper event=vertical-step path=8952 bank_target=4 wave_sample=18 wave_phase=198
elapsed=16136 actor=upper event=move path=60B4 bank_target=4 wave_sample=18 wave_phase=202
elapsed=16137 actor=upper event=chase-angle path=60C6 bank_target=4 wave_sample=18 wave_phase=202
elapsed=16137 actor=upper event=chase-angle path=60CB bank_target=4 wave_sample=9 wave_phase=202
elapsed=16137 actor=upper event=vertical-step path=894F bank_target=4 wave_sample=30 wave_phase=202
elapsed=16137 actor=upper event=vertical-step path=8952 bank_target=4 wave_sample=30 wave_phase=202
elapsed=16137 actor=upper event=vertical-step path=894F bank_target=4 wave_sample=30 wave_phase=202
elapsed=16137 actor=upper event=vertical-step path=8952 bank_target=4 wave_sample=30 wave_phase=202
elapsed=16141 actor=upper event=move path=60B4 bank_target=4 wave_sample=30 wave_phase=206
elapsed=16141 actor=upper event=chase-angle path=60C6 bank_target=4 wave_sample=30 wave_phase=206
elapsed=16141 actor=upper event=chase-angle path=60CB bank_target=4 wave_sample=15 wave_phase=206
elapsed=16141 actor=upper event=vertical-step path=894F bank_target=4 wave_sample=42 wave_phase=206
elapsed=16141 actor=upper event=vertical-step path=8952 bank_target=4 wave_sample=42 wave_phase=206
elapsed=16141 actor=upper event=vertical-step path=894F bank_target=4 wave_sample=42 wave_phase=206
elapsed=16141 actor=upper event=vertical-step path=8952 bank_target=4 wave_sample=42 wave_phase=206
elapsed=16145 actor=upper event=move path=60B4 bank_target=4 wave_sample=42 wave_phase=210
elapsed=16145 actor=upper event=chase-angle path=60C6 bank_target=4 wave_sample=42 wave_phase=210
elapsed=16145 actor=upper event=chase-angle path=60CB bank_target=4 wave_sample=21 wave_phase=210
elapsed=16145 actor=upper event=vertical-step path=894F bank_target=4 wave_sample=54 wave_phase=210
elapsed=16145 actor=upper event=vertical-step path=8952 bank_target=4 wave_sample=54 wave_phase=210
elapsed=16145 actor=upper event=vertical-step path=894F bank_target=4 wave_sample=54 wave_phase=210
elapsed=16145 actor=upper event=vertical-step path=8952 bank_target=4 wave_sample=54 wave_phase=210
elapsed=16149 actor=upper event=move path=60B4 bank_target=4 wave_sample=54 wave_phase=214
elapsed=16149 actor=upper event=chase-angle path=60C6 bank_target=4 wave_sample=54 wave_phase=214
elapsed=16149 actor=upper event=chase-angle path=60CB bank_target=4 wave_sample=27 wave_phase=214
elapsed=16149 actor=upper event=vertical-step path=894F bank_target=4 wave_sample=65 wave_phase=214
elapsed=16149 actor=upper event=vertical-step path=8952 bank_target=4 wave_sample=65 wave_phase=214
elapsed=16149 actor=upper event=vertical-step path=894F bank_target=4 wave_sample=65 wave_phase=214
elapsed=16149 actor=upper event=vertical-step path=8952 bank_target=4 wave_sample=65 wave_phase=214
elapsed=16153 actor=upper event=move path=60B4 bank_target=4 wave_sample=65 wave_phase=218
elapsed=16153 actor=upper event=chase-angle path=60C6 bank_target=4 wave_sample=65 wave_phase=218
elapsed=16153 actor=upper event=chase-angle path=60CB bank_target=4 wave_sample=32 wave_phase=218
elapsed=16153 actor=upper event=vertical-step path=894F bank_target=4 wave_sample=75 wave_phase=218
elapsed=16153 actor=upper event=vertical-step path=8952 bank_target=4 wave_sample=75 wave_phase=218
elapsed=16153 actor=upper event=vertical-step path=894F bank_target=4 wave_sample=75 wave_phase=218
elapsed=16153 actor=upper event=vertical-step path=8952 bank_target=4 wave_sample=75 wave_phase=218
elapsed=16158 actor=upper event=move path=60B4 bank_target=4 wave_sample=75 wave_phase=222
elapsed=16158 actor=upper event=chase-angle path=60C6 bank_target=4 wave_sample=75 wave_phase=222
elapsed=16158 actor=upper event=chase-angle path=60CB bank_target=4 wave_sample=37 wave_phase=222
elapsed=16158 actor=upper event=vertical-step path=894F bank_target=4 wave_sample=85 wave_phase=222
elapsed=16158 actor=upper event=vertical-step path=8952 bank_target=4 wave_sample=85 wave_phase=222
elapsed=16158 actor=upper event=vertical-step path=894F bank_target=4 wave_sample=85 wave_phase=222
elapsed=16158 actor=upper event=vertical-step path=8952 bank_target=4 wave_sample=85 wave_phase=222
elapsed=16162 actor=upper event=move path=60B4 bank_target=4 wave_sample=85 wave_phase=226
elapsed=16162 actor=upper event=chase-angle path=60C6 bank_target=4 wave_sample=85 wave_phase=226
elapsed=16162 actor=upper event=chase-angle path=60CB bank_target=4 wave_sample=42 wave_phase=226
elapsed=16162 actor=upper event=vertical-step path=894F bank_target=4 wave_sample=94 wave_phase=226
elapsed=16162 actor=upper event=vertical-step path=8952 bank_target=4 wave_sample=94 wave_phase=226
elapsed=16162 actor=upper event=vertical-step path=894F bank_target=4 wave_sample=94 wave_phase=226
elapsed=16162 actor=upper event=vertical-step path=8952 bank_target=4 wave_sample=94 wave_phase=226
elapsed=16166 actor=upper event=move path=60B4 bank_target=4 wave_sample=94 wave_phase=230
elapsed=16166 actor=upper event=chase-angle path=60C6 bank_target=4 wave_sample=94 wave_phase=230
elapsed=16166 actor=upper event=chase-angle path=60CB bank_target=4 wave_sample=47 wave_phase=230
elapsed=16166 actor=upper event=vertical-step path=894F bank_target=4 wave_sample=102 wave_phase=230
elapsed=16166 actor=upper event=vertical-step path=8952 bank_target=4 wave_sample=102 wave_phase=230
elapsed=16166 actor=upper event=vertical-step path=894F bank_target=4 wave_sample=102 wave_phase=230
elapsed=16166 actor=upper event=vertical-step path=8952 bank_target=4 wave_sample=102 wave_phase=230
elapsed=16170 actor=upper event=move path=60B4 bank_target=4 wave_sample=102 wave_phase=234
elapsed=16170 actor=upper event=chase-angle path=60C6 bank_target=4 wave_sample=102 wave_phase=234
elapsed=16170 actor=upper event=chase-angle path=60CB bank_target=4 wave_sample=51 wave_phase=234
elapsed=16170 actor=upper event=vertical-step path=894F bank_target=4 wave_sample=108 wave_phase=234
elapsed=16170 actor=upper event=vertical-step path=8952 bank_target=4 wave_sample=108 wave_phase=234
elapsed=16170 actor=upper event=vertical-step path=894F bank_target=4 wave_sample=108 wave_phase=234
elapsed=16170 actor=upper event=vertical-step path=8952 bank_target=4 wave_sample=108 wave_phase=234
elapsed=16174 actor=upper event=move path=60B4 bank_target=4 wave_sample=108 wave_phase=238
elapsed=16174 actor=upper event=chase-angle path=60C6 bank_target=4 wave_sample=108 wave_phase=238
elapsed=16174 actor=upper event=chase-angle path=60CB bank_target=4 wave_sample=54 wave_phase=238
elapsed=16174 actor=upper event=vertical-step path=894F bank_target=4 wave_sample=114 wave_phase=238
elapsed=16174 actor=upper event=vertical-step path=8952 bank_target=4 wave_sample=114 wave_phase=238
elapsed=16174 actor=upper event=vertical-step path=894F bank_target=4 wave_sample=114 wave_phase=238
elapsed=16174 actor=upper event=vertical-step path=8952 bank_target=4 wave_sample=114 wave_phase=238
elapsed=16178 actor=upper event=move path=60B4 bank_target=4 wave_sample=114 wave_phase=242
elapsed=16178 actor=upper event=chase-angle path=60C6 bank_target=4 wave_sample=114 wave_phase=242
elapsed=16178 actor=upper event=chase-angle path=60CB bank_target=4 wave_sample=57 wave_phase=242
elapsed=16178 actor=upper event=vertical-step path=894F bank_target=4 wave_sample=119 wave_phase=242
elapsed=16178 actor=upper event=vertical-step path=8952 bank_target=4 wave_sample=119 wave_phase=242
elapsed=16178 actor=upper event=vertical-step path=894F bank_target=4 wave_sample=119 wave_phase=242
elapsed=16178 actor=upper event=vertical-step path=8952 bank_target=4 wave_sample=119 wave_phase=242
elapsed=16182 actor=upper event=move path=60B4 bank_target=4 wave_sample=119 wave_phase=246
elapsed=16182 actor=upper event=chase-angle path=60C6 bank_target=4 wave_sample=119 wave_phase=246
elapsed=16182 actor=upper event=chase-angle path=60CB bank_target=4 wave_sample=59 wave_phase=246
elapsed=16182 actor=upper event=vertical-step path=894F bank_target=4 wave_sample=123 wave_phase=246
elapsed=16182 actor=upper event=vertical-step path=8952 bank_target=4 wave_sample=123 wave_phase=246
elapsed=16182 actor=upper event=vertical-step path=894F bank_target=4 wave_sample=123 wave_phase=246
elapsed=16182 actor=upper event=vertical-step path=8952 bank_target=4 wave_sample=123 wave_phase=246
elapsed=16185 actor=upper event=move path=60B4 bank_target=4 wave_sample=123 wave_phase=250
elapsed=16185 actor=upper event=chase-angle path=60C6 bank_target=4 wave_sample=123 wave_phase=250
elapsed=16186 actor=upper event=chase-angle path=60CB bank_target=4 wave_sample=61 wave_phase=250
elapsed=16186 actor=upper event=vertical-step path=894F bank_target=4 wave_sample=125 wave_phase=250
elapsed=16186 actor=upper event=vertical-step path=8952 bank_target=4 wave_sample=125 wave_phase=250
elapsed=16186 actor=upper event=vertical-step path=894F bank_target=4 wave_sample=125 wave_phase=250
elapsed=16186 actor=upper event=vertical-step path=8952 bank_target=4 wave_sample=125 wave_phase=250
elapsed=16189 actor=upper event=move path=60B4 bank_target=4 wave_sample=125 wave_phase=254
elapsed=16189 actor=upper event=chase-angle path=60C6 bank_target=4 wave_sample=125 wave_phase=254
elapsed=16189 actor=upper event=chase-angle path=60CB bank_target=4 wave_sample=62 wave_phase=254
elapsed=16189 actor=upper event=vertical-step path=894F bank_target=4 wave_sample=126 wave_phase=254
elapsed=16189 actor=upper event=vertical-step path=8952 bank_target=4 wave_sample=126 wave_phase=254
elapsed=16189 actor=upper event=vertical-step path=894F bank_target=4 wave_sample=126 wave_phase=254
elapsed=16189 actor=upper event=vertical-step path=8952 bank_target=4 wave_sample=126 wave_phase=254
elapsed=16193 actor=upper event=move path=60B4 bank_target=4 wave_sample=126 wave_phase=2
elapsed=16193 actor=upper event=chase-angle path=60C6 bank_target=4 wave_sample=126 wave_phase=2
elapsed=16193 actor=upper event=chase-angle path=60CB bank_target=4 wave_sample=63 wave_phase=2
elapsed=16193 actor=upper event=vertical-step path=894F bank_target=4 wave_sample=126 wave_phase=2
elapsed=16193 actor=upper event=vertical-step path=8952 bank_target=4 wave_sample=126 wave_phase=2
elapsed=16193 actor=upper event=vertical-step path=894F bank_target=4 wave_sample=126 wave_phase=2
elapsed=16193 actor=upper event=vertical-step path=8952 bank_target=4 wave_sample=126 wave_phase=2
elapsed=16197 actor=upper event=move path=60B4 bank_target=4 wave_sample=126 wave_phase=6
elapsed=16197 actor=upper event=chase-angle path=60C6 bank_target=4 wave_sample=126 wave_phase=6
elapsed=16197 actor=upper event=chase-angle path=60CB bank_target=4 wave_sample=63 wave_phase=6
elapsed=16197 actor=upper event=vertical-step path=894F bank_target=4 wave_sample=125 wave_phase=6
elapsed=16197 actor=upper event=vertical-step path=8952 bank_target=4 wave_sample=125 wave_phase=6
elapsed=16197 actor=upper event=vertical-step path=894F bank_target=4 wave_sample=125 wave_phase=6
elapsed=16197 actor=upper event=vertical-step path=8952 bank_target=4 wave_sample=125 wave_phase=6
elapsed=16201 actor=upper event=move path=60B4 bank_target=4 wave_sample=125 wave_phase=10
elapsed=16201 actor=upper event=chase-angle path=60C6 bank_target=4 wave_sample=125 wave_phase=10
elapsed=16201 actor=upper event=chase-angle path=60CB bank_target=4 wave_sample=62 wave_phase=10
elapsed=16201 actor=upper event=vertical-step path=894F bank_target=4 wave_sample=123 wave_phase=10
elapsed=16201 actor=upper event=vertical-step path=8952 bank_target=4 wave_sample=123 wave_phase=10
elapsed=16201 actor=upper event=vertical-step path=894F bank_target=4 wave_sample=123 wave_phase=10
elapsed=16201 actor=upper event=vertical-step path=8952 bank_target=4 wave_sample=123 wave_phase=10
elapsed=16205 actor=upper event=move path=60B4 bank_target=4 wave_sample=123 wave_phase=14
elapsed=16205 actor=upper event=chase-angle path=60C6 bank_target=4 wave_sample=123 wave_phase=14
elapsed=16205 actor=upper event=chase-angle path=60CB bank_target=4 wave_sample=61 wave_phase=14
elapsed=16205 actor=upper event=vertical-step path=894F bank_target=4 wave_sample=119 wave_phase=14
elapsed=16205 actor=upper event=vertical-step path=8952 bank_target=4 wave_sample=119 wave_phase=14
elapsed=16205 actor=upper event=vertical-step path=894F bank_target=4 wave_sample=119 wave_phase=14
elapsed=16205 actor=upper event=vertical-step path=8952 bank_target=4 wave_sample=119 wave_phase=14
elapsed=16208 actor=upper event=move path=60B4 bank_target=4 wave_sample=119 wave_phase=18
elapsed=16209 actor=upper event=chase-angle path=60C6 bank_target=4 wave_sample=119 wave_phase=18
elapsed=16209 actor=upper event=chase-angle path=60CB bank_target=4 wave_sample=59 wave_phase=18
elapsed=16209 actor=upper event=vertical-step path=894F bank_target=4 wave_sample=114 wave_phase=18
elapsed=16209 actor=upper event=vertical-step path=8952 bank_target=4 wave_sample=114 wave_phase=18
elapsed=16209 actor=upper event=vertical-step path=894F bank_target=4 wave_sample=114 wave_phase=18
elapsed=16209 actor=upper event=vertical-step path=8952 bank_target=4 wave_sample=114 wave_phase=18
elapsed=16212 actor=upper event=move path=60B4 bank_target=4 wave_sample=114 wave_phase=22
elapsed=16212 actor=upper event=chase-angle path=60C6 bank_target=4 wave_sample=114 wave_phase=22
elapsed=16212 actor=upper event=chase-angle path=60CB bank_target=4 wave_sample=57 wave_phase=22
elapsed=16212 actor=upper event=vertical-step path=894F bank_target=4 wave_sample=108 wave_phase=22
elapsed=16212 actor=upper event=vertical-step path=8952 bank_target=4 wave_sample=108 wave_phase=22
elapsed=16212 actor=upper event=vertical-step path=894F bank_target=4 wave_sample=108 wave_phase=22
elapsed=16212 actor=upper event=vertical-step path=8952 bank_target=4 wave_sample=108 wave_phase=22
elapsed=16216 actor=upper event=move path=60B4 bank_target=4 wave_sample=108 wave_phase=26
elapsed=16216 actor=upper event=chase-angle path=60C6 bank_target=4 wave_sample=108 wave_phase=26
elapsed=16216 actor=upper event=chase-angle path=60CB bank_target=4 wave_sample=54 wave_phase=26
elapsed=16216 actor=upper event=vertical-step path=894F bank_target=4 wave_sample=102 wave_phase=26
elapsed=16216 actor=upper event=vertical-step path=8952 bank_target=4 wave_sample=102 wave_phase=26
elapsed=16216 actor=upper event=vertical-step path=894F bank_target=4 wave_sample=102 wave_phase=26
elapsed=16216 actor=upper event=vertical-step path=8952 bank_target=4 wave_sample=102 wave_phase=26
elapsed=16220 actor=upper event=move path=60B4 bank_target=4 wave_sample=102 wave_phase=30
elapsed=16220 actor=upper event=chase-angle path=60C6 bank_target=4 wave_sample=102 wave_phase=30
elapsed=16220 actor=upper event=chase-angle path=60CB bank_target=4 wave_sample=51 wave_phase=30
elapsed=16220 actor=upper event=vertical-step path=894F bank_target=4 wave_sample=94 wave_phase=30
elapsed=16220 actor=upper event=vertical-step path=8952 bank_target=4 wave_sample=94 wave_phase=30
elapsed=16220 actor=upper event=vertical-step path=894F bank_target=4 wave_sample=94 wave_phase=30
elapsed=16220 actor=upper event=vertical-step path=8952 bank_target=4 wave_sample=94 wave_phase=30
elapsed=16224 actor=upper event=move path=60B4 bank_target=4 wave_sample=94 wave_phase=34
elapsed=16224 actor=upper event=chase-angle path=60C6 bank_target=4 wave_sample=94 wave_phase=34
elapsed=16224 actor=upper event=chase-angle path=60CB bank_target=4 wave_sample=47 wave_phase=34
elapsed=16224 actor=upper event=vertical-step path=894F bank_target=4 wave_sample=85 wave_phase=34
elapsed=16224 actor=upper event=vertical-step path=8952 bank_target=4 wave_sample=85 wave_phase=34
elapsed=16224 actor=upper event=vertical-step path=894F bank_target=4 wave_sample=85 wave_phase=34
elapsed=16224 actor=upper event=vertical-step path=8952 bank_target=4 wave_sample=85 wave_phase=34
elapsed=16228 actor=upper event=move path=60B4 bank_target=4 wave_sample=85 wave_phase=38
elapsed=16228 actor=upper event=chase-angle path=60C6 bank_target=4 wave_sample=85 wave_phase=38
elapsed=16228 actor=upper event=chase-angle path=60CB bank_target=4 wave_sample=42 wave_phase=38
elapsed=16228 actor=upper event=vertical-step path=894F bank_target=4 wave_sample=75 wave_phase=38
elapsed=16228 actor=upper event=vertical-step path=8952 bank_target=4 wave_sample=75 wave_phase=38
elapsed=16228 actor=upper event=vertical-step path=894F bank_target=4 wave_sample=75 wave_phase=38
elapsed=16228 actor=upper event=vertical-step path=8952 bank_target=4 wave_sample=75 wave_phase=38
elapsed=16232 actor=upper event=move path=60B4 bank_target=4 wave_sample=75 wave_phase=42
elapsed=16232 actor=upper event=chase-angle path=60C6 bank_target=4 wave_sample=75 wave_phase=42
elapsed=16232 actor=upper event=chase-angle path=60CB bank_target=4 wave_sample=37 wave_phase=42
elapsed=16232 actor=upper event=random-branch path=60B9 bank_target=4 wave_sample=37 wave_phase=42
elapsed=16232 actor=upper event=vertical-step path=894F bank_target=4 wave_sample=65 wave_phase=42
elapsed=16232 actor=upper event=vertical-step path=8952 bank_target=4 wave_sample=65 wave_phase=42
elapsed=16232 actor=upper event=vertical-step path=894F bank_target=4 wave_sample=65 wave_phase=42
elapsed=16232 actor=upper event=vertical-step path=8952 bank_target=4 wave_sample=65 wave_phase=42
elapsed=16236 actor=upper event=move path=60B4 bank_target=4 wave_sample=65 wave_phase=46
elapsed=16236 actor=upper event=chase-angle path=60C6 bank_target=4 wave_sample=65 wave_phase=46
elapsed=16236 actor=upper event=chase-angle path=60CB bank_target=4 wave_sample=32 wave_phase=46
elapsed=16236 actor=upper event=vertical-step path=894F bank_target=4 wave_sample=54 wave_phase=46
elapsed=16236 actor=upper event=vertical-step path=8952 bank_target=4 wave_sample=54 wave_phase=46
elapsed=16236 actor=upper event=vertical-step path=894F bank_target=4 wave_sample=54 wave_phase=46
elapsed=16236 actor=upper event=vertical-step path=8952 bank_target=4 wave_sample=54 wave_phase=46
elapsed=16240 actor=upper event=move path=60B4 bank_target=4 wave_sample=54 wave_phase=50
elapsed=16240 actor=upper event=chase-angle path=60C6 bank_target=4 wave_sample=54 wave_phase=50
elapsed=16240 actor=upper event=chase-angle path=60CB bank_target=4 wave_sample=27 wave_phase=50
elapsed=16240 actor=upper event=vertical-step path=894F bank_target=4 wave_sample=42 wave_phase=50
elapsed=16240 actor=upper event=vertical-step path=8952 bank_target=4 wave_sample=42 wave_phase=50
elapsed=16240 actor=upper event=vertical-step path=894F bank_target=4 wave_sample=42 wave_phase=50
elapsed=16240 actor=upper event=vertical-step path=8952 bank_target=4 wave_sample=42 wave_phase=50
elapsed=16243 actor=upper event=move path=60B4 bank_target=4 wave_sample=42 wave_phase=54
elapsed=16243 actor=upper event=chase-angle path=60C6 bank_target=4 wave_sample=42 wave_phase=54
elapsed=16243 actor=upper event=chase-angle path=60CB bank_target=4 wave_sample=21 wave_phase=54
elapsed=16244 actor=upper event=vertical-step path=894F bank_target=4 wave_sample=30 wave_phase=54
elapsed=16244 actor=upper event=vertical-step path=8952 bank_target=4 wave_sample=30 wave_phase=54
elapsed=16244 actor=upper event=vertical-step path=894F bank_target=4 wave_sample=30 wave_phase=54
elapsed=16244 actor=upper event=vertical-step path=8952 bank_target=4 wave_sample=30 wave_phase=54
elapsed=16247 actor=upper event=move path=60B4 bank_target=4 wave_sample=30 wave_phase=58
elapsed=16247 actor=upper event=chase-angle path=60C6 bank_target=4 wave_sample=30 wave_phase=58
elapsed=16247 actor=upper event=chase-angle path=60CB bank_target=4 wave_sample=15 wave_phase=58
elapsed=16247 actor=upper event=vertical-step path=894F bank_target=4 wave_sample=18 wave_phase=58
elapsed=16247 actor=upper event=vertical-step path=8952 bank_target=4 wave_sample=18 wave_phase=58
elapsed=16247 actor=upper event=vertical-step path=894F bank_target=4 wave_sample=18 wave_phase=58
elapsed=16247 actor=upper event=vertical-step path=8952 bank_target=4 wave_sample=18 wave_phase=58
elapsed=16251 actor=upper event=move path=60B4 bank_target=4 wave_sample=18 wave_phase=62
elapsed=16251 actor=upper event=chase-angle path=60C6 bank_target=4 wave_sample=18 wave_phase=62
elapsed=16251 actor=upper event=chase-angle path=60CB bank_target=4 wave_sample=9 wave_phase=62
elapsed=16251 actor=upper event=vertical-step path=894F bank_target=4 wave_sample=6 wave_phase=62
elapsed=16251 actor=upper event=vertical-step path=8952 bank_target=4 wave_sample=6 wave_phase=62
elapsed=16251 actor=upper event=vertical-step path=894F bank_target=4 wave_sample=6 wave_phase=62
elapsed=16251 actor=upper event=vertical-step path=8952 bank_target=4 wave_sample=6 wave_phase=62
elapsed=16255 actor=upper event=move path=60B4 bank_target=4 wave_sample=6 wave_phase=66
elapsed=16255 actor=upper event=chase-angle path=60C6 bank_target=4 wave_sample=6 wave_phase=66
elapsed=16255 actor=upper event=chase-angle path=60CB bank_target=4 wave_sample=3 wave_phase=66
elapsed=16255 actor=upper event=vertical-step path=894F bank_target=4 wave_sample=-6 wave_phase=66
elapsed=16255 actor=upper event=vertical-step path=8952 bank_target=4 wave_sample=-6 wave_phase=66
elapsed=16255 actor=upper event=vertical-step path=894F bank_target=4 wave_sample=-6 wave_phase=66
elapsed=16255 actor=upper event=vertical-step path=8952 bank_target=4 wave_sample=-6 wave_phase=66
elapsed=16259 actor=upper event=move path=60B4 bank_target=4 wave_sample=-6 wave_phase=70
elapsed=16259 actor=upper event=chase-angle path=60C6 bank_target=4 wave_sample=-6 wave_phase=70
elapsed=16259 actor=upper event=chase-angle path=60CB bank_target=4 wave_sample=-3 wave_phase=70
elapsed=16259 actor=upper event=vertical-step path=894F bank_target=4 wave_sample=-18 wave_phase=70
elapsed=16259 actor=upper event=vertical-step path=8952 bank_target=4 wave_sample=-18 wave_phase=70
elapsed=16259 actor=upper event=vertical-step path=894F bank_target=4 wave_sample=-18 wave_phase=70
elapsed=16259 actor=upper event=vertical-step path=8952 bank_target=4 wave_sample=-18 wave_phase=70
elapsed=16262 actor=upper event=move path=60B4 bank_target=4 wave_sample=-18 wave_phase=74
elapsed=16262 actor=upper event=chase-angle path=60C6 bank_target=4 wave_sample=-18 wave_phase=74
elapsed=16262 actor=upper event=chase-angle path=60CB bank_target=4 wave_sample=-9 wave_phase=74
elapsed=16263 actor=upper event=vertical-step path=894F bank_target=4 wave_sample=-30 wave_phase=74
elapsed=16263 actor=upper event=vertical-step path=8952 bank_target=4 wave_sample=-30 wave_phase=74
elapsed=16263 actor=upper event=vertical-step path=894F bank_target=4 wave_sample=-30 wave_phase=74
elapsed=16263 actor=upper event=vertical-step path=8952 bank_target=4 wave_sample=-30 wave_phase=74
elapsed=16266 actor=upper event=move path=60B4 bank_target=4 wave_sample=-30 wave_phase=78
elapsed=16266 actor=upper event=chase-angle path=60C6 bank_target=4 wave_sample=-30 wave_phase=78
elapsed=16266 actor=upper event=chase-angle path=60CB bank_target=4 wave_sample=-15 wave_phase=78
elapsed=16266 actor=upper event=vertical-step path=894F bank_target=4 wave_sample=-42 wave_phase=78
elapsed=16266 actor=upper event=vertical-step path=8952 bank_target=4 wave_sample=-42 wave_phase=78
elapsed=16266 actor=upper event=vertical-step path=894F bank_target=4 wave_sample=-42 wave_phase=78
elapsed=16266 actor=upper event=vertical-step path=8952 bank_target=4 wave_sample=-42 wave_phase=78
elapsed=16270 actor=upper event=move path=60B4 bank_target=4 wave_sample=-42 wave_phase=82
elapsed=16270 actor=upper event=chase-angle path=60C6 bank_target=4 wave_sample=-42 wave_phase=82
elapsed=16270 actor=upper event=chase-angle path=60CB bank_target=4 wave_sample=-21 wave_phase=82
elapsed=16270 actor=upper event=vertical-step path=894F bank_target=4 wave_sample=-54 wave_phase=82
elapsed=16270 actor=upper event=vertical-step path=8952 bank_target=4 wave_sample=-54 wave_phase=82
elapsed=16270 actor=upper event=vertical-step path=894F bank_target=4 wave_sample=-54 wave_phase=82
elapsed=16270 actor=upper event=vertical-step path=8952 bank_target=4 wave_sample=-54 wave_phase=82
elapsed=16274 actor=upper event=move path=60B4 bank_target=4 wave_sample=-54 wave_phase=86
elapsed=16274 actor=upper event=chase-angle path=60C6 bank_target=4 wave_sample=-54 wave_phase=86
elapsed=16274 actor=upper event=chase-angle path=60CB bank_target=4 wave_sample=-27 wave_phase=86
elapsed=16274 actor=upper event=vertical-step path=894F bank_target=4 wave_sample=-65 wave_phase=86
elapsed=16274 actor=upper event=vertical-step path=8952 bank_target=4 wave_sample=-65 wave_phase=86
elapsed=16274 actor=upper event=vertical-step path=894F bank_target=4 wave_sample=-65 wave_phase=86
elapsed=16274 actor=upper event=vertical-step path=8952 bank_target=4 wave_sample=-65 wave_phase=86
elapsed=16278 actor=upper event=move path=60B4 bank_target=4 wave_sample=-65 wave_phase=90
elapsed=16278 actor=upper event=chase-angle path=60C6 bank_target=4 wave_sample=-65 wave_phase=90
elapsed=16278 actor=upper event=chase-angle path=60CB bank_target=4 wave_sample=-32 wave_phase=90
elapsed=16278 actor=upper event=vertical-step path=894F bank_target=4 wave_sample=-75 wave_phase=90
elapsed=16278 actor=upper event=vertical-step path=8952 bank_target=4 wave_sample=-75 wave_phase=90
elapsed=16278 actor=upper event=vertical-step path=894F bank_target=4 wave_sample=-75 wave_phase=90
elapsed=16278 actor=upper event=vertical-step path=8952 bank_target=4 wave_sample=-75 wave_phase=90
elapsed=16282 actor=upper event=move path=60B4 bank_target=4 wave_sample=-75 wave_phase=94
elapsed=16282 actor=upper event=chase-angle path=60C6 bank_target=4 wave_sample=-75 wave_phase=94
elapsed=16282 actor=upper event=chase-angle path=60CB bank_target=4 wave_sample=-37 wave_phase=94
elapsed=16282 actor=upper event=vertical-step path=894F bank_target=4 wave_sample=-85 wave_phase=94
elapsed=16282 actor=upper event=vertical-step path=8952 bank_target=4 wave_sample=-85 wave_phase=94
elapsed=16282 actor=upper event=vertical-step path=894F bank_target=4 wave_sample=-85 wave_phase=94
elapsed=16282 actor=upper event=vertical-step path=8952 bank_target=4 wave_sample=-85 wave_phase=94
elapsed=16286 actor=upper event=move path=60B4 bank_target=4 wave_sample=-85 wave_phase=98
elapsed=16286 actor=upper event=chase-angle path=60C6 bank_target=4 wave_sample=-85 wave_phase=98
elapsed=16286 actor=upper event=chase-angle path=60CB bank_target=4 wave_sample=-42 wave_phase=98
elapsed=16286 actor=upper event=vertical-step path=894F bank_target=4 wave_sample=-94 wave_phase=98
elapsed=16287 actor=upper event=vertical-step path=8952 bank_target=4 wave_sample=-94 wave_phase=98
elapsed=16287 actor=upper event=vertical-step path=894F bank_target=4 wave_sample=-94 wave_phase=98
elapsed=16287 actor=upper event=vertical-step path=8952 bank_target=4 wave_sample=-94 wave_phase=98
elapsed=16290 actor=upper event=move path=60B4 bank_target=4 wave_sample=-94 wave_phase=102
elapsed=16291 actor=upper event=chase-angle path=60C6 bank_target=4 wave_sample=-94 wave_phase=102
elapsed=16291 actor=upper event=chase-angle path=60CB bank_target=4 wave_sample=-47 wave_phase=102
elapsed=16291 actor=upper event=vertical-step path=894F bank_target=4 wave_sample=-102 wave_phase=102
elapsed=16291 actor=upper event=vertical-step path=8952 bank_target=4 wave_sample=-102 wave_phase=102
elapsed=16291 actor=upper event=vertical-step path=894F bank_target=4 wave_sample=-102 wave_phase=102
elapsed=16291 actor=upper event=vertical-step path=8952 bank_target=4 wave_sample=-102 wave_phase=102
elapsed=16294 actor=upper event=move path=60B4 bank_target=4 wave_sample=-102 wave_phase=106
elapsed=16295 actor=upper event=chase-angle path=60C6 bank_target=4 wave_sample=-102 wave_phase=106
elapsed=16295 actor=upper event=chase-angle path=60CB bank_target=4 wave_sample=-51 wave_phase=106
elapsed=16295 actor=upper event=vertical-step path=894F bank_target=4 wave_sample=-108 wave_phase=106
elapsed=16295 actor=upper event=vertical-step path=8952 bank_target=4 wave_sample=-108 wave_phase=106
elapsed=16295 actor=upper event=vertical-step path=894F bank_target=4 wave_sample=-108 wave_phase=106
elapsed=16295 actor=upper event=vertical-step path=8952 bank_target=4 wave_sample=-108 wave_phase=106
elapsed=16299 actor=upper event=move path=60B4 bank_target=4 wave_sample=-108 wave_phase=110
elapsed=16299 actor=upper event=chase-angle path=60C6 bank_target=4 wave_sample=-108 wave_phase=110
elapsed=16299 actor=upper event=chase-angle path=60CB bank_target=4 wave_sample=-54 wave_phase=110
elapsed=16299 actor=upper event=vertical-step path=894F bank_target=4 wave_sample=-114 wave_phase=110
elapsed=16299 actor=upper event=vertical-step path=8952 bank_target=4 wave_sample=-114 wave_phase=110
elapsed=16299 actor=upper event=vertical-step path=894F bank_target=4 wave_sample=-114 wave_phase=110
elapsed=16299 actor=upper event=vertical-step path=8952 bank_target=4 wave_sample=-114 wave_phase=110
elapsed=16303 actor=upper event=move path=60B4 bank_target=4 wave_sample=-114 wave_phase=114
elapsed=16303 actor=upper event=chase-angle path=60C6 bank_target=4 wave_sample=-114 wave_phase=114
elapsed=16303 actor=upper event=chase-angle path=60CB bank_target=4 wave_sample=-57 wave_phase=114
elapsed=16303 actor=upper event=vertical-step path=894F bank_target=4 wave_sample=-119 wave_phase=114
elapsed=16303 actor=upper event=vertical-step path=8952 bank_target=4 wave_sample=-119 wave_phase=114
elapsed=16303 actor=upper event=vertical-step path=894F bank_target=4 wave_sample=-119 wave_phase=114
elapsed=16303 actor=upper event=vertical-step path=8952 bank_target=4 wave_sample=-119 wave_phase=114
elapsed=16307 actor=upper event=move path=60B4 bank_target=4 wave_sample=-119 wave_phase=118
elapsed=16307 actor=upper event=chase-angle path=60C6 bank_target=4 wave_sample=-119 wave_phase=118
elapsed=16307 actor=upper event=chase-angle path=60CB bank_target=4 wave_sample=-59 wave_phase=118
elapsed=16307 actor=upper event=vertical-step path=894F bank_target=4 wave_sample=-123 wave_phase=118
elapsed=16307 actor=upper event=vertical-step path=8952 bank_target=4 wave_sample=-123 wave_phase=118
elapsed=16307 actor=upper event=vertical-step path=894F bank_target=4 wave_sample=-123 wave_phase=118
elapsed=16307 actor=upper event=vertical-step path=8952 bank_target=4 wave_sample=-123 wave_phase=118
elapsed=16311 actor=upper event=move path=60B4 bank_target=4 wave_sample=-123 wave_phase=122
elapsed=16311 actor=upper event=chase-angle path=60C6 bank_target=4 wave_sample=-123 wave_phase=122
elapsed=16311 actor=upper event=chase-angle path=60CB bank_target=4 wave_sample=-61 wave_phase=122
elapsed=16311 actor=upper event=vertical-step path=894F bank_target=4 wave_sample=-125 wave_phase=122
elapsed=16311 actor=upper event=vertical-step path=8952 bank_target=4 wave_sample=-125 wave_phase=122
elapsed=16311 actor=upper event=vertical-step path=894F bank_target=4 wave_sample=-125 wave_phase=122
elapsed=16311 actor=upper event=vertical-step path=8952 bank_target=4 wave_sample=-125 wave_phase=122
elapsed=16315 actor=upper event=move path=60B4 bank_target=4 wave_sample=-125 wave_phase=126
elapsed=16315 actor=upper event=chase-angle path=60C6 bank_target=4 wave_sample=-125 wave_phase=126
elapsed=16315 actor=upper event=chase-angle path=60CB bank_target=4 wave_sample=-62 wave_phase=126
elapsed=16315 actor=upper event=vertical-step path=894F bank_target=4 wave_sample=-126 wave_phase=126
elapsed=16315 actor=upper event=vertical-step path=8952 bank_target=4 wave_sample=-126 wave_phase=126
elapsed=16315 actor=upper event=vertical-step path=894F bank_target=4 wave_sample=-126 wave_phase=126
elapsed=16315 actor=upper event=vertical-step path=8952 bank_target=4 wave_sample=-126 wave_phase=126
elapsed=16319 actor=upper event=move path=60B4 bank_target=4 wave_sample=-126 wave_phase=130
elapsed=16319 actor=upper event=chase-angle path=60C6 bank_target=4 wave_sample=-126 wave_phase=130
elapsed=16319 actor=upper event=chase-angle path=60CB bank_target=4 wave_sample=-63 wave_phase=130
elapsed=16319 actor=upper event=vertical-step path=894F bank_target=4 wave_sample=-126 wave_phase=130
elapsed=16319 actor=upper event=vertical-step path=8952 bank_target=4 wave_sample=-126 wave_phase=130
elapsed=16319 actor=upper event=vertical-step path=894F bank_target=4 wave_sample=-126 wave_phase=130
elapsed=16319 actor=upper event=vertical-step path=8952 bank_target=4 wave_sample=-126 wave_phase=130
elapsed=16323 actor=upper event=move path=60B4 bank_target=4 wave_sample=-126 wave_phase=134
elapsed=16323 actor=upper event=chase-angle path=60C6 bank_target=4 wave_sample=-126 wave_phase=134
elapsed=16323 actor=upper event=chase-angle path=60CB bank_target=4 wave_sample=-63 wave_phase=134
elapsed=16323 actor=upper event=vertical-step path=894F bank_target=4 wave_sample=-125 wave_phase=134
elapsed=16323 actor=upper event=vertical-step path=8952 bank_target=4 wave_sample=-125 wave_phase=134
elapsed=16323 actor=upper event=vertical-step path=894F bank_target=4 wave_sample=-125 wave_phase=134
elapsed=16324 actor=upper event=vertical-step path=8952 bank_target=4 wave_sample=-125 wave_phase=134
elapsed=16328 actor=upper event=move path=60B4 bank_target=4 wave_sample=-125 wave_phase=138
elapsed=16328 actor=upper event=chase-angle path=60C6 bank_target=4 wave_sample=-125 wave_phase=138
elapsed=16328 actor=upper event=chase-angle path=60CB bank_target=4 wave_sample=-62 wave_phase=138
elapsed=16328 actor=upper event=vertical-step path=894F bank_target=4 wave_sample=-123 wave_phase=138
elapsed=16328 actor=upper event=vertical-step path=8952 bank_target=4 wave_sample=-123 wave_phase=138
elapsed=16328 actor=upper event=vertical-step path=894F bank_target=4 wave_sample=-123 wave_phase=138
elapsed=16328 actor=upper event=vertical-step path=8952 bank_target=4 wave_sample=-123 wave_phase=138
elapsed=16332 actor=upper event=move path=60B4 bank_target=4 wave_sample=-123 wave_phase=142
elapsed=16332 actor=upper event=chase-angle path=60C6 bank_target=4 wave_sample=-123 wave_phase=142
elapsed=16332 actor=upper event=chase-angle path=60CB bank_target=4 wave_sample=-61 wave_phase=142
elapsed=16332 actor=upper event=vertical-step path=894F bank_target=4 wave_sample=-119 wave_phase=142
elapsed=16332 actor=upper event=vertical-step path=8952 bank_target=4 wave_sample=-119 wave_phase=142
elapsed=16332 actor=upper event=vertical-step path=894F bank_target=4 wave_sample=-119 wave_phase=142
elapsed=16332 actor=upper event=vertical-step path=8952 bank_target=4 wave_sample=-119 wave_phase=142
elapsed=16336 actor=upper event=move path=60B4 bank_target=4 wave_sample=-119 wave_phase=146
elapsed=16336 actor=upper event=chase-angle path=60C6 bank_target=4 wave_sample=-119 wave_phase=146
elapsed=16336 actor=upper event=chase-angle path=60CB bank_target=4 wave_sample=-59 wave_phase=146
elapsed=16336 actor=upper event=vertical-step path=894F bank_target=4 wave_sample=-114 wave_phase=146
elapsed=16336 actor=upper event=vertical-step path=8952 bank_target=4 wave_sample=-114 wave_phase=146
elapsed=16336 actor=upper event=vertical-step path=894F bank_target=4 wave_sample=-114 wave_phase=146
elapsed=16336 actor=upper event=vertical-step path=8952 bank_target=4 wave_sample=-114 wave_phase=146
elapsed=16340 actor=upper event=move path=60B4 bank_target=4 wave_sample=-114 wave_phase=150
elapsed=16340 actor=upper event=chase-angle path=60C6 bank_target=4 wave_sample=-114 wave_phase=150
elapsed=16340 actor=upper event=chase-angle path=60CB bank_target=4 wave_sample=-57 wave_phase=150
elapsed=16340 actor=upper event=vertical-step path=894F bank_target=4 wave_sample=-108 wave_phase=150
elapsed=16340 actor=upper event=vertical-step path=8952 bank_target=4 wave_sample=-108 wave_phase=150
elapsed=16340 actor=upper event=vertical-step path=894F bank_target=4 wave_sample=-108 wave_phase=150
elapsed=16340 actor=upper event=vertical-step path=8952 bank_target=4 wave_sample=-108 wave_phase=150
elapsed=16344 actor=upper event=move path=60B4 bank_target=4 wave_sample=-108 wave_phase=154
elapsed=16344 actor=upper event=chase-angle path=60C6 bank_target=4 wave_sample=-108 wave_phase=154
elapsed=16344 actor=upper event=chase-angle path=60CB bank_target=4 wave_sample=-54 wave_phase=154
elapsed=16344 actor=upper event=vertical-step path=894F bank_target=4 wave_sample=-102 wave_phase=154
elapsed=16344 actor=upper event=vertical-step path=8952 bank_target=4 wave_sample=-102 wave_phase=154
elapsed=16344 actor=upper event=vertical-step path=894F bank_target=4 wave_sample=-102 wave_phase=154
elapsed=16344 actor=upper event=vertical-step path=8952 bank_target=4 wave_sample=-102 wave_phase=154
elapsed=16349 actor=upper event=move path=60B4 bank_target=4 wave_sample=-102 wave_phase=158
elapsed=16349 actor=upper event=chase-angle path=60C6 bank_target=4 wave_sample=-102 wave_phase=158
elapsed=16349 actor=upper event=chase-angle path=60CB bank_target=4 wave_sample=-51 wave_phase=158
elapsed=16349 actor=upper event=vertical-step path=894F bank_target=4 wave_sample=-94 wave_phase=158
elapsed=16349 actor=upper event=vertical-step path=8952 bank_target=4 wave_sample=-94 wave_phase=158
elapsed=16349 actor=upper event=vertical-step path=894F bank_target=4 wave_sample=-94 wave_phase=158
elapsed=16349 actor=upper event=vertical-step path=8952 bank_target=4 wave_sample=-94 wave_phase=158
elapsed=16354 actor=upper event=move path=60B4 bank_target=4 wave_sample=-94 wave_phase=162
elapsed=16354 actor=upper event=chase-angle path=60C6 bank_target=4 wave_sample=-94 wave_phase=162
elapsed=16354 actor=upper event=chase-angle path=60CB bank_target=4 wave_sample=-47 wave_phase=162
elapsed=16354 actor=upper event=vertical-step path=894F bank_target=4 wave_sample=-85 wave_phase=162
elapsed=16354 actor=upper event=vertical-step path=8952 bank_target=4 wave_sample=-85 wave_phase=162
elapsed=16354 actor=upper event=vertical-step path=894F bank_target=4 wave_sample=-85 wave_phase=162
elapsed=16354 actor=upper event=vertical-step path=8952 bank_target=4 wave_sample=-85 wave_phase=162
elapsed=16358 actor=upper event=move path=60B4 bank_target=4 wave_sample=-85 wave_phase=166
elapsed=16358 actor=upper event=chase-angle path=60C6 bank_target=4 wave_sample=-85 wave_phase=166
elapsed=16358 actor=upper event=chase-angle path=60CB bank_target=4 wave_sample=-42 wave_phase=166
elapsed=16358 actor=upper event=vertical-step path=894F bank_target=4 wave_sample=-75 wave_phase=166
elapsed=16358 actor=upper event=vertical-step path=8952 bank_target=4 wave_sample=-75 wave_phase=166
elapsed=16358 actor=upper event=vertical-step path=894F bank_target=4 wave_sample=-75 wave_phase=166
elapsed=16358 actor=upper event=vertical-step path=8952 bank_target=4 wave_sample=-75 wave_phase=166
elapsed=16363 actor=upper event=move path=60B4 bank_target=4 wave_sample=-75 wave_phase=170
elapsed=16363 actor=upper event=chase-angle path=60C6 bank_target=4 wave_sample=-75 wave_phase=170
elapsed=16363 actor=upper event=chase-angle path=60CB bank_target=4 wave_sample=-37 wave_phase=170
elapsed=16363 actor=upper event=random-branch path=60B9 bank_target=4 wave_sample=-37 wave_phase=170
elapsed=16363 actor=upper event=vertical-step path=894F bank_target=4 wave_sample=-65 wave_phase=170
elapsed=16363 actor=upper event=vertical-step path=8952 bank_target=4 wave_sample=-65 wave_phase=170
elapsed=16363 actor=upper event=vertical-step path=894F bank_target=4 wave_sample=-65 wave_phase=170
elapsed=16363 actor=upper event=vertical-step path=8952 bank_target=4 wave_sample=-65 wave_phase=170
