// Auto-generated by tools/path_compiler.py
#ifndef STARFOX_PATH_PATHS_DATA_H
#define STARFOX_PATH_PATHS_DATA_H

#include "../types.h"

#define PATH_DATA_COUNT 223u
#define PATH_DATA_SIZE  15645u

static const uint16 path_data_offsets[PATH_DATA_COUNT] = {
    0,
    3,
    13,
    29,
    52,
    58,
    150,
    223,
    228,
    245,
    272,
    296,
    296,
    322,
    419,
    425,
    455,
    461,
    521,
    526,
    546,
    679,
    681,
    706,
    707,
    729,
    913,
    1042,
    1105,
    1229,
    1285,
    1327,
    1390,
    1547,
    1553,
    1582,
    1680,
    1803,
    1818,
    1845,
    1848,
    1850,
    1908,
    2072,
    2150,
    2311,
    2442,
    2645,
    2806,
    2943,
    3216,
    3235,
    3248,
    3291,
    3304,
    3314,
    3324,
    3334,
    3344,
    3354,
    3393,
    3621,
    3662,
    3733,
    3752,
    3790,
    3797,
    3849,
    3901,
    4082,
    4354,
    4472,
    4478,
    4479,
    4480,
    4481,
    4482,
    4689,
    4856,
    4947,
    5373,
    5389,
    5700,
    5788,
    5789,
    6195,
    6198,
    6202,
    6233,
    6240,
    6252,
    6288,
    6307,
    6335,
    6368,
    6406,
    6436,
    6464,
    6494,
    6522,
    6537,
    6567,
    6580,
    6603,
    6608,
    6617,
    6643,
    6784,
    6868,
    6921,
    6968,
    7027,
    7043,
    7209,
    7328,
    7639,
    7859,
    8315,
    8652,
    8991,
    9151,
    9202,
    9374,
    9528,
    9574,
    9859,
    9983,
    10275,
    10412,
    10602,
    10681,
    10729,
    10746,
    10763,
    10848,
    10865,
    10882,
    11190,
    11207,
    11224,
    11382,
    11385,
    11388,
    11561,
    11594,
    11824,
    11827,
    11830,
    12041,
    12050,
    12091,
    12094,
    12097,
    12132,
    12608,
    12697,
    12699,
    12805,
    12849,
    12867,
    12985,
    12997,
    13030,
    13034,
    13038,
    13046,
    13627,
    13664,
    13688,
    13712,
    13741,
    13770,
    13868,
    13876,
    13947,
    13993,
    14063,
    14182,
    14182,
    14186,
    14189,
    14204,
    14215,
    14294,
    14347,
    14364,
    14416,
    14425,
    14439,
    14542,
    14562,
    14585,
    14592,
    14669,
    14669,
    14677,
    14677,
    14681,
    14708,
    14740,
    14765,
    14790,
    14852,
    14945,
    15042,
    15087,
    15117,
    15153,
    15189,
    15225,
    15261,
    15310,
    15334,
    15359,
    15384,
    15409,
    15434,
    15463,
    15492,
    15521,
    15550,
    15579,
    15608
};

static const uint8 path_data[PATH_DATA_SIZE] = {
    0x5B, 0xA6, 0x15, 0x5B, 0x1E, 0xDC, 0x05, 0x0C, 0x00, 0x20, 0x04, 0x00, 0x15, 0x3C, 0x99, 0xB2,
    0x8A, 0x0C, 0x07, 0xB2, 0x01, 0x72, 0x38, 0xB2, 0x08, 0x1B, 0x00, 0x57, 0x0F, 0x00, 0x70, 0x43,
    0x11, 0x58, 0x02, 0x0C, 0x11, 0x18, 0xFC, 0x0E, 0x08, 0x10, 0xB8, 0x0B, 0x10, 0x00, 0x14, 0x02,
    0x07, 0xA6, 0x15, 0x55, 0x10, 0x01, 0xB3, 0x21, 0x40, 0x00, 0x10, 0x00, 0x22, 0x10, 0x00, 0xB3,
    0x39, 0xB4, 0x59, 0x02, 0x4A, 0x00, 0x08, 0xB4, 0x01, 0x00, 0x72, 0x39, 0xB4, 0x59, 0x02, 0x51,
    0x00, 0x99, 0xB2, 0x70, 0x20, 0x54, 0x00, 0x11, 0x00, 0x00, 0xB4, 0x02, 0x05, 0x15, 0x39, 0xB4,
    0xE7, 0x03, 0x68, 0x00, 0x08, 0xB4, 0x01, 0x00, 0x02, 0x05, 0x38, 0xB3, 0x02, 0x7B, 0x00, 0x39,
    0xB4, 0x05, 0x00, 0x7C, 0x00, 0x39, 0xB4, 0x0A, 0x00, 0x7F, 0x00, 0x15, 0x31, 0x79, 0x15, 0x31,
    0x7A, 0x15, 0x07, 0x14, 0x08, 0x55, 0x07, 0x14, 0xF8, 0x55, 0x08, 0x0E, 0x00, 0x00, 0x07, 0xB2,
    0x03, 0x55, 0x10, 0xD8, 0xB2, 0x55, 0x00, 0x5B, 0x10, 0x00, 0xB2, 0x11, 0x00, 0x00, 0xB4, 0x31,
    0x76, 0x02, 0x3C, 0x31, 0x77, 0x02, 0x3C, 0x31, 0x7C, 0x02, 0x3C, 0x31, 0x7B, 0x02, 0x64, 0x31,
    0x78, 0xA6, 0x20, 0xB1, 0x00, 0x72, 0x1E, 0xD0, 0x07, 0xBF, 0x00, 0x08, 0x10, 0xE8, 0x03, 0x1E,
    0xA0, 0x0F, 0xC8, 0x00, 0x08, 0x10, 0x18, 0xFC, 0x39, 0xB4, 0x0F, 0x00, 0xD1, 0x00, 0x99, 0xB2,
    0x55, 0x38, 0xB2, 0x01, 0xD0, 0x00, 0x10, 0x01, 0xB2, 0x31, 0x7D, 0x10, 0x02, 0xB3, 0x55, 0x70,
    0x07, 0x13, 0x80, 0x0F, 0x70, 0x42, 0x10, 0x00, 0xB2, 0x07, 0x13, 0x80, 0x20, 0xEC, 0x00, 0x10,
    0x01, 0xB2, 0x02, 0x03, 0x15, 0x3C, 0x10, 0x00, 0xB2, 0x1E, 0xE8, 0x03, 0x01, 0x01, 0x20, 0xF9,
    0x00, 0x0F, 0x07, 0xB2, 0x01, 0x72, 0x38, 0xB2, 0x0A, 0x0B, 0x01, 0x55, 0x00, 0x8A, 0x08, 0x57,
    0x07, 0xB2, 0x00, 0x07, 0xB2, 0x00, 0x07, 0xB3, 0x00, 0x07, 0xB3, 0x00, 0x08, 0x0C, 0x00, 0x00,
    0x08, 0x0E, 0x00, 0x00, 0x08, 0x10, 0xCE, 0xFF, 0x00, 0x72, 0x1E, 0x70, 0x17, 0x3E, 0x01, 0x0C,
    0x00, 0x00, 0x0C, 0x0C, 0x8C, 0x00, 0x0E, 0x08, 0x10, 0x64, 0x00, 0x20, 0x29, 0x01, 0x5B, 0x02,
    0x05, 0x15, 0x00, 0x03, 0x70, 0x10, 0xEC, 0xB2, 0x10, 0x00, 0xB3, 0x10, 0x80, 0x13, 0x05, 0x28,
    0x02, 0x09, 0xA6, 0x0D, 0x60, 0x13, 0xA6, 0x0D, 0x80, 0x13, 0xA6, 0x0D, 0xA0, 0x13, 0x02, 0x17,
    0x0D, 0x80, 0x13, 0xA6, 0x0D, 0x60, 0x13, 0xA6, 0x0D, 0x80, 0x13, 0x02, 0x64, 0x15, 0x38, 0xB3,
    0x01, 0x86, 0x01, 0x08, 0x0E, 0x00, 0x00, 0x07, 0xB2, 0x01, 0x72, 0x38, 0xB2, 0x14, 0x83, 0x01,
    0x10, 0x01, 0xB3, 0x55, 0x55, 0x0F, 0x08, 0x0E, 0x00, 0x00, 0x07, 0xB2, 0xFF, 0x72, 0x38, 0xB2,
    0xEC, 0x96, 0x01, 0x10, 0x00, 0xB3, 0x55, 0x55, 0x55, 0x10, 0x01, 0xB2, 0x10, 0x00, 0xB2, 0x10,
    0x01, 0xB2, 0x0F, 0x07, 0x22, 0xFA, 0x21, 0xAC, 0x01, 0x07, 0x22, 0x06, 0x07, 0x22, 0x13, 0x07,
    0x22, 0x08, 0x70, 0x10, 0x04, 0xB2, 0x10, 0x80, 0x22, 0x0F, 0x07, 0xB2, 0x01, 0x72, 0x38, 0xB2,
    0x0D, 0xC6, 0x01, 0x10, 0x04, 0xB2, 0x55, 0x54, 0xF4, 0x01, 0x21, 0xD4, 0x01, 0x54, 0xF4, 0x01,
    0x08, 0x0E, 0x9C, 0xFF, 0xA6, 0x20, 0xD4, 0x01, 0x0F, 0x55, 0x70, 0x8A, 0x0F, 0x07, 0x12, 0xE0,
    0x57, 0x21, 0xEA, 0x01, 0x8A, 0x0F, 0x07, 0x12, 0x20, 0x57, 0x6F, 0x10, 0x80, 0x13, 0x10, 0x40,
    0x12, 0x20, 0xD4, 0x01, 0x01, 0x3C, 0x08, 0x0C, 0x82, 0x00, 0x08, 0x0C, 0xFC, 0xFE, 0x08, 0x0C,
    0x82, 0x00, 0x10, 0x80, 0x13, 0x10, 0x40, 0x12, 0x55, 0x3C, 0x10, 0x80, 0x14, 0x0F, 0x10, 0x00,
    0x22, 0x10, 0x01, 0xB2, 0x11, 0x00, 0x00, 0xB4, 0x37, 0x25, 0x02, 0x11, 0x01, 0x00, 0xB4, 0x21,
    0x25, 0x02, 0x10, 0x00, 0xB2, 0x01, 0x4B, 0x00, 0x10, 0x00, 0xB3, 0x10, 0x04, 0x2A, 0x1E, 0xBC,
    0x02, 0x36, 0x02, 0x20, 0x2E, 0x02, 0x38, 0xB2, 0x00, 0x86, 0x02, 0x39, 0xB4, 0x00, 0x00, 0x65,
    0x02, 0x10, 0x00, 0x12, 0x10, 0x80, 0x13, 0x45, 0x10, 0x0A, 0x12, 0x10, 0x8A, 0x13, 0x45, 0x10,
    0x76, 0x13, 0x45, 0x10, 0xF6, 0x12, 0x10, 0x8A, 0x13, 0x45, 0x10, 0x76, 0x13, 0x45, 0x11, 0x00,
    0x00, 0xB4, 0x21, 0x94, 0x02, 0x10, 0x00, 0x12, 0x10, 0x80, 0x13, 0x45, 0x10, 0x8A, 0x13, 0x45,
    0x10, 0x76, 0x13, 0x45, 0x10, 0xF6, 0x12, 0x10, 0x80, 0x13, 0x45, 0x10, 0x0A, 0x12, 0x45, 0x11,
    0x01, 0x00, 0xB4, 0x21, 0x94, 0x02, 0x10, 0x00, 0x12, 0x10, 0x80, 0x13, 0x54, 0xD0, 0x2D, 0x38,
    0xB3, 0x00, 0x94, 0x02, 0x72, 0x1E, 0xBC, 0x02, 0x2E, 0x02, 0x0F, 0x10, 0x01, 0xB3, 0x55, 0x07,
    0x12, 0x08, 0x08, 0x10, 0x1E, 0x00, 0x55, 0x3C, 0x0F, 0x3C, 0x42, 0x51, 0xB1, 0x02, 0x20, 0xAB,
    0x02, 0x37, 0xB4, 0x02, 0x37, 0xB7, 0x02, 0x08, 0x0C, 0x00, 0x00, 0x08, 0x0E, 0x00, 0x00, 0x20,
    0xB7, 0x02, 0x0F, 0x01, 0x5B, 0x07, 0x14, 0x04, 0x20, 0xC5, 0x02, 0x54, 0xD8, 0x02, 0x02, 0x14,
    0x0F, 0x0F, 0x54, 0xD8, 0x02, 0x21, 0xD1, 0x02, 0x55, 0x01, 0x4B, 0x00, 0x70, 0x10, 0x14, 0xB3,
    0x11, 0x00, 0x00, 0xB4, 0x10, 0x04, 0x2A, 0x54, 0x44, 0x03, 0x10, 0xD1, 0xB2, 0x8A, 0x05, 0x54,
    0x30, 0x03, 0x07, 0xB2, 0x04, 0xA6, 0x54, 0x30, 0x03, 0x07, 0xB2, 0x06, 0x57, 0x1E, 0xE8, 0x03,
    0x16, 0x03, 0x10, 0x80, 0x13, 0x08, 0x0E, 0xCE, 0xFF, 0x54, 0xD0, 0x2D, 0x10, 0x00, 0x13, 0x10,
    0x00, 0x12, 0x08, 0x0E, 0x32, 0x00, 0x10, 0x03, 0xB2, 0x8A, 0x05, 0x54, 0x30, 0x03, 0x07, 0xB2,
    0x04, 0xA6, 0x54, 0x30, 0x03, 0x07, 0xB2, 0x06, 0x57, 0x02, 0x0A, 0x21, 0xE7, 0x02, 0x15, 0x0F,
    0x08, 0x0E, 0x00, 0x00, 0x08, 0x0C, 0x00, 0x00, 0x72, 0x39, 0xB4, 0x00, 0x00, 0x40, 0x03, 0x55,
    0x07, 0x13, 0x20, 0x55, 0x38, 0xB3, 0x14, 0x4D, 0x03, 0x10, 0x14, 0xB3, 0x55, 0x10, 0xEC, 0xB3,
    0x55, 0x37, 0x54, 0x03, 0x37, 0x57, 0x03, 0x11, 0x01, 0x00, 0xB4, 0x00, 0x55, 0x08, 0xB4, 0x01,
    0x00, 0x72, 0x39, 0xB4, 0x64, 0x00, 0x68, 0x03, 0x54, 0x30, 0x03, 0x72, 0x3B, 0x0C, 0x18, 0xFC,
    0xE8, 0x03, 0x77, 0x03, 0x20, 0x5D, 0x03, 0x72, 0x3B, 0x0E, 0x18, 0xFC, 0xE8, 0x03, 0x2E, 0x03,
    0x20, 0x5D, 0x03, 0x55, 0x08, 0x0E, 0xCE, 0xFF, 0x55, 0x1E, 0xC4, 0x09, 0x8F, 0x03, 0x55, 0x6F,
    0x55, 0x01, 0x10, 0x06, 0x2A, 0x10, 0x06, 0x2B, 0x10, 0x00, 0x14, 0x10, 0x00, 0x13, 0x10, 0x00,
    0x12, 0x10, 0x00, 0xB3, 0x21, 0xCB, 0x03, 0xA6, 0x20, 0xA7, 0x03, 0x10, 0x0F, 0xB3, 0x37, 0xB4,
    0x03, 0x10, 0xF1, 0xB3, 0x55, 0x00, 0x10, 0xD1, 0xB2, 0x8A, 0x05, 0x54, 0xF2, 0x03, 0xA6, 0x07,
    0xB2, 0x04, 0x54, 0xF2, 0x03, 0x07, 0xB2, 0x06, 0x57, 0x02, 0x02, 0x10, 0x03, 0xB2, 0x54, 0xF2,
    0x03, 0xA6, 0x8A, 0x04, 0x07, 0xB2, 0x04, 0x54, 0xF2, 0x03, 0xA6, 0x07, 0xB2, 0x06, 0x54, 0xF2,
    0x03, 0x21, 0xE7, 0x03, 0x59, 0x02, 0x04, 0x57, 0xA6, 0x10, 0x2F, 0xB2, 0x54, 0xF2, 0x03, 0x20,
    0xEC, 0x03, 0x08, 0x0E, 0x00, 0x00, 0x08, 0x0C, 0x00, 0x00, 0x08, 0x10, 0x05, 0x00, 0x07, 0x13,
    0x20, 0x55, 0x01, 0x10, 0x00, 0x13, 0x11, 0x00, 0x00, 0x0E, 0x20, 0xA7, 0x03, 0x08, 0x0E, 0xCE,
    0xFF, 0x55, 0x00, 0x43, 0x03, 0x1A, 0x11, 0x00, 0x00, 0xB4, 0x10, 0x0A, 0x2A, 0x10, 0x08, 0x2B,
    0x10, 0x48, 0x13, 0x10, 0x20, 0x12, 0x05, 0x32, 0x21, 0x33, 0x04, 0x10, 0xB8, 0x13, 0x10, 0x20,
    0x12, 0x05, 0x32, 0x02, 0x14, 0x09, 0x1E, 0xDC, 0x05, 0x3E, 0x04, 0x20, 0x35, 0x04, 0x20, 0x3E,
    0x04, 0x02, 0x05, 0x15, 0x0F, 0x39, 0xB4, 0xC8, 0x00, 0x50, 0x04, 0x08, 0xB4, 0x01, 0x00, 0x55,
    0x55, 0x43, 0x4B, 0x00, 0x03, 0x10, 0x00, 0xB2, 0x10, 0x00, 0xB3, 0x10, 0x28, 0x2A, 0x10, 0x08,
    0x2B, 0x10, 0x00, 0x12, 0x10, 0x00, 0x13, 0x10, 0x00, 0x14, 0x10, 0x02, 0x12, 0x45, 0x02, 0x0A,
    0x07, 0x13, 0xFC, 0x45, 0x02, 0x0A, 0x07, 0x13, 0x08, 0x45, 0x8A, 0x02, 0x8A, 0x0A, 0x09, 0x57,
    0x45, 0x8A, 0x0B, 0x09, 0x57, 0x45, 0x8A, 0x0D, 0x09, 0x57, 0x45, 0x57, 0x8A, 0x04, 0x09, 0x57,
    0x00, 0x03, 0x3A, 0x13, 0x40, 0xC0, 0xB6, 0x04, 0x0B, 0x00, 0x12, 0x0B, 0x00, 0x13, 0x38, 0x13,
    0x00, 0xA6, 0x04, 0x20, 0x98, 0x04, 0x38, 0x12, 0x00, 0xAE, 0x04, 0x20, 0x98, 0x04, 0x05, 0x32,
    0x70, 0x02, 0x05, 0x6F, 0x02, 0x0A, 0x05, 0x00, 0x0A, 0x45, 0x42, 0x22, 0x32, 0x02, 0x8A, 0x08,
    0x45, 0x8A, 0x08, 0x09, 0x57, 0x57, 0x0F, 0x08, 0x10, 0x3D, 0x00, 0x55, 0x55, 0x5B, 0x00, 0x10,
    0x00, 0xB2, 0x08, 0x0C, 0xD8, 0xFF, 0x20, 0xD2, 0x04, 0x72, 0x3B, 0x0C, 0xA2, 0xFE, 0x5E, 0x01,
    0xF8, 0x04, 0x20, 0xF8, 0x04, 0x08, 0x0C, 0x28, 0x00, 0x20, 0xE5, 0x04, 0x72, 0x3B, 0x0C, 0xA2,
    0xFE, 0x5E, 0x01, 0xF8, 0x04, 0x20, 0xF8, 0x04, 0x02, 0x32, 0x07, 0xB2, 0x01, 0x72, 0x38, 0xB2,
    0x06, 0xD2, 0x04, 0x15, 0x0F, 0x00, 0x3C, 0x03, 0x10, 0x00, 0xB2, 0x4B, 0x00, 0x10, 0x80, 0x13,
    0x3B, 0x0E, 0x0C, 0xFE, 0xC8, 0x00, 0x1B, 0x05, 0x20, 0x10, 0x05, 0x8A, 0x05, 0x54, 0xD0, 0x2D,
    0x02, 0x04, 0x57, 0x02, 0x0A, 0x15, 0x0F, 0x07, 0x14, 0x08, 0x08, 0x0E, 0x1E, 0x00, 0x55, 0x00,
    0x03, 0x5B, 0x4B, 0x00, 0x10, 0x02, 0x2A, 0x10, 0x06, 0x2B, 0x10, 0x80, 0x13, 0x10, 0x40, 0x12,
    0x02, 0xC8, 0x15, 0x0F, 0x55, 0x5C, 0x37, 0x49, 0x05, 0x05, 0x28, 0x0D, 0x00, 0x12, 0x45, 0x8A,
    0x0A, 0x09, 0x57, 0x1E, 0x20, 0x03, 0x6D, 0x05, 0x45, 0x8A, 0x0A, 0x09, 0x57, 0x1E, 0x20, 0x03,
    0x6D, 0x05, 0x45, 0x8A, 0x0A, 0x09, 0x57, 0x1E, 0x20, 0x03, 0x6D, 0x05, 0x45, 0x0F, 0x00, 0x1A,
    0x03, 0x43, 0x70, 0x4B, 0x00, 0x10, 0x14, 0x2A, 0x10, 0x08, 0x2B, 0x10, 0x04, 0x2A, 0x10, 0x04,
    0x2B, 0x10, 0x32, 0x13, 0x05, 0x23, 0x02, 0x1E, 0x0D, 0xEC, 0x14, 0xA6, 0x0D, 0x00, 0x14, 0x6F,
    0x02, 0x0A, 0x8A, 0x0C, 0x0B, 0xE0, 0x12, 0x0B, 0x20, 0x14, 0x57, 0x42, 0x45, 0x02, 0x14, 0x45,
    0x8A, 0x10, 0x0B, 0x20, 0x12, 0x0B, 0x00, 0x14, 0x57, 0x45, 0x02, 0x05, 0x45, 0x0D, 0x00, 0x12,
    0x8A, 0x10, 0x09, 0x57, 0x21, 0xE6, 0x05, 0x10, 0xCE, 0x13, 0x05, 0x23, 0x02, 0x1E, 0x0D, 0x14,
    0x14, 0xA6, 0x0D, 0x00, 0x14, 0x6F, 0x02, 0x0A, 0x8A, 0x0C, 0x0B, 0xE0, 0x12, 0x0B, 0xE0, 0x14,
    0x57, 0x42, 0x02, 0x14, 0x8A, 0x10, 0x0B, 0x20, 0x12, 0x0B, 0x00, 0x14, 0x57, 0x02, 0x05, 0x0D,
    0x00, 0x12, 0x8A, 0x10, 0x09, 0x57, 0x02, 0x50, 0x15, 0x0F, 0x05, 0x00, 0x55, 0x01, 0x1B, 0x42,
    0x07, 0x14, 0x20, 0x08, 0x0E, 0x28, 0x00, 0x20, 0xF0, 0x05, 0x15, 0x1B, 0x42, 0x55, 0x35, 0x10,
    0x40, 0x12, 0x05, 0x14, 0x07, 0x14, 0x10, 0x20, 0x04, 0x06, 0x0F, 0x10, 0x01, 0xB2, 0x21, 0x14,
    0x06, 0x10, 0x00, 0xB2, 0x70, 0x10, 0x00, 0x22, 0x10, 0x80, 0x22, 0x38, 0xB2, 0x01, 0x23, 0x06,
    0x21, 0x23, 0x06, 0xA6, 0x07, 0x22, 0x01, 0x72, 0x38, 0x22, 0x86, 0x23, 0x06, 0x15, 0x5B, 0x10,
    0x02, 0x2A, 0x10, 0x08, 0x2B, 0x10, 0x40, 0x13, 0x10, 0xE2, 0xB2, 0x21, 0x44, 0x06, 0x10, 0xC0,
    0x13, 0x10, 0x1E, 0xB2, 0x10, 0xD8, 0xB3, 0x5C, 0x8A, 0x08, 0x08, 0x0C, 0x00, 0x00, 0x08, 0x0E,
    0x00, 0x00, 0x07, 0xB3, 0x05, 0x57, 0x08, 0x0C, 0x00, 0x00, 0xA6, 0x8A, 0x09, 0x08, 0x0C, 0x00,
    0x00, 0x08, 0x0E, 0x00, 0x00, 0x07, 0xB3, 0x05, 0x57, 0x5B, 0x02, 0x14, 0x38, 0x13, 0x40, 0x77,
    0x06, 0x10, 0x40, 0x13, 0x21, 0x7A, 0x06, 0x10, 0xC0, 0x13, 0x38, 0xB2, 0xE2, 0x85, 0x06, 0x10,
    0xE2, 0xB2, 0x21, 0x44, 0x06, 0x10, 0x1E, 0xB2, 0x21, 0x44, 0x06, 0x08, 0x10, 0x1E, 0x00, 0x55,
    0x01, 0x04, 0x10, 0x00, 0x22, 0x10, 0x00, 0xB2, 0x10, 0x01, 0xB3, 0x10, 0x0A, 0x2A, 0x10, 0x04,
    0x2B, 0x10, 0x80, 0x13, 0x1E, 0x20, 0x03, 0xAC, 0x06, 0x20, 0xA4, 0x06, 0x00, 0x03, 0x02, 0x0A,
    0x10, 0x00, 0x22, 0x10, 0x1E, 0x2A, 0x05, 0x1D, 0x02, 0x64, 0x42, 0x0D, 0x80, 0x13, 0x02, 0x14,
    0x01, 0x15, 0x0F, 0x09, 0x55, 0x38, 0xB3, 0xFF, 0xDB, 0x06, 0x08, 0x0E, 0xFD, 0xFF, 0x38, 0xB2,
    0x0F, 0xD7, 0x06, 0x07, 0xB2, 0x01, 0x55, 0x10, 0xFF, 0xB3, 0x55, 0x08, 0x0E, 0x03, 0x00, 0x38,
    0xB2, 0xF1, 0xE8, 0x06, 0x07, 0xB2, 0xFF, 0x55, 0x10, 0x01, 0xB3, 0x55, 0x55, 0x08, 0x0E, 0xFB,
    0xFF, 0x55, 0x10, 0x00, 0x22, 0x55, 0x8A, 0x0A, 0x08, 0x10, 0x28, 0x00, 0x08, 0x0E, 0xFA, 0xFF,
    0x07, 0x13, 0x40, 0x57, 0x10, 0x00, 0x22, 0x01, 0x21, 0xA4, 0x06, 0x00, 0x3C, 0x02, 0x1E, 0x08,
    0x0C, 0xD4, 0xFE, 0x02, 0x1E, 0x08, 0x0C, 0x58, 0x02, 0x15, 0x3C, 0x42, 0x37, 0x22, 0x07, 0x21,
    0x22, 0x07, 0x37, 0x2E, 0x07, 0x37, 0x2B, 0x07, 0x21, 0x34, 0x07, 0x21, 0x34, 0x07, 0x37, 0x34,
    0x07, 0x21, 0x34, 0x07, 0x0F, 0x21, 0x38, 0x07, 0x3C, 0x0F, 0x03, 0x42, 0x3C, 0x10, 0x64, 0x2A,
    0x10, 0x06, 0x2B, 0x10, 0x00, 0xB2, 0x37, 0x4F, 0x07, 0x37, 0x4F, 0x07, 0x21, 0x6B, 0x07, 0x1E,
    0xB8, 0x0B, 0x57, 0x07, 0x20, 0x4F, 0x07, 0x3D, 0x00, 0x8A, 0x1E, 0x08, 0x0E, 0xF6, 0xFF, 0x57,
    0x05, 0x3C, 0x8A, 0x3C, 0x09, 0x57, 0x8A, 0x32, 0x57, 0x15, 0x0F, 0x02, 0xC8, 0x15, 0x0F, 0x55,
    0x07, 0x12, 0xF6, 0x55, 0x00, 0x42, 0x03, 0x10, 0x00, 0xB2, 0x10, 0x80, 0x13, 0x10, 0x14, 0x12,
    0x10, 0x64, 0x2A, 0x10, 0x06, 0x2B, 0x05, 0x32, 0xA6, 0x3B, 0x0E, 0x38, 0xFF, 0x00, 0x00, 0x94,
    0x07, 0x20, 0x88, 0x07, 0x22, 0x00, 0x03, 0x0B, 0x00, 0x12, 0x38, 0x12, 0x00, 0xA2, 0x07, 0x20,
    0x97, 0x07, 0x37, 0xC9, 0x07, 0x22, 0x1E, 0x01, 0x0B, 0xE0, 0x12, 0x0B, 0xC0, 0x13, 0x38, 0x12,
    0xE0, 0xB6, 0x07, 0x20, 0xA8, 0x07, 0x02, 0x0A, 0x22, 0x00, 0x01, 0x0B, 0x00, 0x12, 0x0B, 0x80,
    0x13, 0x38, 0x12, 0x00, 0x08, 0x08, 0x20, 0xBB, 0x07, 0x22, 0x1E, 0x01, 0x0B, 0xE0, 0x12, 0x0B,
    0x40, 0x13, 0x38, 0x12, 0xE0, 0xDA, 0x07, 0x20, 0xCC, 0x07, 0x02, 0x0A, 0x22, 0x00, 0x01, 0x0B,
    0x00, 0x12, 0x0B, 0x80, 0x13, 0x38, 0x12, 0x00, 0x08, 0x08, 0x20, 0xDF, 0x07, 0x07, 0xB2, 0x01,
    0x72, 0x38, 0xB2, 0x03, 0xF6, 0x07, 0x55, 0x22, 0x64, 0x05, 0x0D, 0x00, 0x12, 0x0D, 0x00, 0x13,
    0x02, 0x0A, 0x0D, 0xE0, 0x12, 0x02, 0x1E, 0x15, 0x22, 0x3C, 0x03, 0x09, 0xA6, 0x1E, 0xF4, 0x01,
    0x15, 0x08, 0x20, 0x0B, 0x08, 0x02, 0x64, 0x15, 0x00, 0x10, 0x0A, 0x2A, 0x10, 0x08, 0x2B, 0x08,
    0x10, 0x23, 0x00, 0x0C, 0xA8, 0xFD, 0x0E, 0xA6, 0x1E, 0xEA, 0x0B, 0x1F, 0x08, 0x0B, 0x08, 0x14,
    0x08, 0x0C, 0x32, 0x00, 0x06, 0x0A, 0x2D, 0x08, 0x02, 0x0A, 0x0B, 0x00, 0x14, 0x08, 0x0C, 0xCE,
    0xFF, 0x06, 0x0A, 0x3A, 0x08, 0x02, 0x0A, 0x0B, 0xFC, 0x14, 0x08, 0x0C, 0x32, 0x00, 0x06, 0x0A,
    0x47, 0x08, 0x02, 0x0A, 0x42, 0x01, 0x07, 0x13, 0x04, 0x0B, 0x00, 0x14, 0xA6, 0x06, 0x28, 0x56,
    0x08, 0x0F, 0x07, 0x13, 0x10, 0x55, 0x00, 0x4B, 0x00, 0x10, 0x06, 0x2A, 0x10, 0x06, 0x2B, 0x10,
    0x80, 0x13, 0x10, 0x00, 0x14, 0x08, 0x0E, 0x14, 0x00, 0x20, 0x75, 0x08, 0x1E, 0xB8, 0x0B, 0x89,
    0x08, 0x08, 0x10, 0xF1, 0xFF, 0xA6, 0x20, 0x7C, 0x08, 0x09, 0x06, 0x0F, 0x89, 0x08, 0x1E, 0xE8,
    0x03, 0xE2, 0x08, 0x45, 0x37, 0xA2, 0x08, 0x08, 0x0C, 0x08, 0x00, 0x06, 0x0A, 0x97, 0x08, 0x20,
    0xAA, 0x08, 0x08, 0x0C, 0xF8, 0xFF, 0x06, 0x0A, 0xA2, 0x08, 0x1E, 0xE8, 0x03, 0xE2, 0x08, 0x09,
    0x06, 0x05, 0xAA, 0x08, 0x37, 0xBE, 0x08, 0x37, 0xC8, 0x08, 0x45, 0x21, 0xC8, 0x08, 0x37, 0xC8,
    0x08, 0x07, 0x12, 0xFA, 0x45, 0x07, 0x12, 0x06, 0x01, 0x37, 0xD7, 0x08, 0x08, 0x0C, 0x08, 0x00,
    0x06, 0x0F, 0xCC, 0x08, 0x20, 0x89, 0x08, 0x08, 0x0C, 0xF8, 0xFF, 0x06, 0x0F, 0xD7, 0x08, 0x20,
    0x89, 0x08, 0x0F, 0x37, 0xE6, 0x08, 0x55, 0x35, 0x10, 0xD3, 0xB2, 0x08, 0x0E, 0x00, 0x00, 0x08,
    0x0C, 0x00, 0x00, 0x07, 0x14, 0x20, 0x07, 0x12, 0x20, 0x07, 0xB2, 0x05, 0x72, 0x3A, 0xB2, 0xCE,
    0x14, 0x06, 0x09, 0x20, 0xEB, 0x08, 0x0F, 0x4B, 0x00, 0x00, 0x03, 0x10, 0x02, 0x2A, 0x10, 0x06,
    0x2B, 0x05, 0x46, 0x08, 0x0C, 0xC4, 0xFF, 0x08, 0x0E, 0x27, 0x00, 0x06, 0x14, 0x13, 0x09, 0x08,
    0x0C, 0xE2, 0xFF, 0x08, 0x0E, 0x14, 0x00, 0x06, 0x08, 0x1F, 0x09, 0x02, 0x0A, 0x05, 0x1E, 0x08,
    0x0C, 0x20, 0x00, 0x08, 0x0E, 0xF0, 0xFF, 0x06, 0x19, 0x2F, 0x09, 0x05, 0x14, 0x42, 0x0A, 0x45,
    0x02, 0x10, 0x06, 0x02, 0x3E, 0x09, 0x21, 0x7C, 0x09, 0x08, 0x0C, 0x3C, 0x00, 0x08, 0x0E, 0x27,
    0x00, 0x06, 0x14, 0x49, 0x09, 0x08, 0x0C, 0x1E, 0x00, 0x08, 0x0E, 0x14, 0x00, 0x06, 0x08, 0x55,
    0x09, 0x02, 0x0A, 0x05, 0x1E, 0x08, 0x0C, 0xE0, 0xFF, 0x08, 0x0E, 0xF0, 0xFF, 0x06, 0x19, 0x65,
    0x09, 0x05, 0x14, 0x42, 0x0A, 0x45, 0x02, 0x10, 0x06, 0x02, 0x74, 0x09, 0x0A, 0x45, 0x05, 0x3C,
    0x09, 0x1E, 0x58, 0x02, 0x89, 0x09, 0x20, 0x80, 0x09, 0x0F, 0x4B, 0x00, 0x00, 0x03, 0x42, 0x10,
    0x02, 0x2A, 0x10, 0x06, 0x2B, 0x20, 0xF6, 0x09, 0x0D, 0x30, 0x12, 0x05, 0x32, 0x07, 0x14, 0x0C,
    0x06, 0x14, 0x9D, 0x09, 0x0D, 0x00, 0x14, 0x02, 0x0A, 0x0D, 0x00, 0x15, 0x0A, 0x45, 0x22, 0x32,
    0x05, 0x0B, 0x60, 0x13, 0x0B, 0xE0, 0x12, 0x06, 0x0A, 0xB1, 0x09, 0x02, 0x19, 0x22, 0x00, 0x05,
    0x09, 0x06, 0x14, 0xC0, 0x09, 0x45, 0x22, 0x32, 0x05, 0x0B, 0xB4, 0x13, 0x0B, 0x10, 0x12, 0x06,
    0x0A, 0xC9, 0x09, 0x02, 0x0A, 0x22, 0x00, 0x05, 0x09, 0x06, 0x14, 0xD8, 0x09, 0x45, 0x02, 0x04,
    0x09, 0x06, 0x14, 0xE0, 0x09, 0x45, 0x22, 0x1E, 0x04, 0x09, 0x1E, 0x2C, 0x01, 0x51, 0x0A, 0x06,
    0x0A, 0xE9, 0x09, 0x20, 0x51, 0x0A, 0x0D, 0xD0, 0x12, 0x05, 0x32, 0x07, 0x14, 0x0C, 0x06, 0x14,
    0xFB, 0x09, 0x0D, 0x00, 0x14, 0x02, 0x0A, 0x0D, 0x00, 0x15, 0x0A, 0x45, 0x22, 0x32, 0x05, 0x0B,
    0xA0, 0x13, 0x0B, 0x20, 0x12, 0x06, 0x0A, 0x0F, 0x0A, 0x02, 0x19, 0x22, 0x00, 0x05, 0x09, 0x06,
    0x14, 0x1E, 0x0A, 0x45, 0x22, 0x32, 0x05, 0x0B, 0x4C, 0x13, 0x0B, 0xF0, 0x12, 0x06, 0x0A, 0x27,
    0x0A, 0x02, 0x0A, 0x22, 0x00, 0x05, 0x09, 0x06, 0x14, 0x36, 0x0A, 0x45, 0x02, 0x04, 0x09, 0x06,
    0x14, 0x3E, 0x0A, 0x45, 0x22, 0x1E, 0x04, 0x09, 0x1E, 0x2C, 0x01, 0x7A, 0x0A, 0x06, 0x0A, 0x47,
    0x0A, 0x01, 0x02, 0x0A, 0x0F, 0x4B, 0x00, 0x1A, 0x00, 0x03, 0x42, 0x10, 0x02, 0x2A, 0x10, 0x06,
    0x2B, 0x0D, 0xC0, 0x13, 0x05, 0x64, 0x02, 0x1E, 0x05, 0x32, 0x07, 0x14, 0xFE, 0x06, 0x0D, 0x6A,
    0x0A, 0x07, 0x14, 0x02, 0x06, 0x0D, 0x71, 0x0A, 0x05, 0x46, 0x45, 0x02, 0x08, 0x06, 0x02, 0x7A,
    0x0A, 0x05, 0x32, 0x07, 0x14, 0xFE, 0x06, 0x0F, 0x83, 0x0A, 0x04, 0x07, 0x14, 0x02, 0x06, 0x0F,
    0x8B, 0x0A, 0x05, 0x46, 0x09, 0x45, 0x02, 0x06, 0x06, 0x01, 0x94, 0x0A, 0x03, 0x05, 0x3C, 0x09,
    0x02, 0x02, 0x1E, 0x58, 0x02, 0xF3, 0x0A, 0x20, 0x9F, 0x0A, 0x0D, 0x40, 0x13, 0x05, 0x64, 0x02,
    0x1E, 0x05, 0x32, 0x07, 0x14, 0x02, 0x06, 0x0D, 0xB3, 0x0A, 0x07, 0x14, 0xFE, 0x06, 0x0D, 0xBA,
    0x0A, 0x05, 0x46, 0x45, 0x02, 0x08, 0x06, 0x02, 0xC3, 0x0A, 0x05, 0x32, 0x07, 0x14, 0x02, 0x06,
    0x0F, 0xCC, 0x0A, 0x04, 0x07, 0x14, 0xFE, 0x06, 0x0F, 0xD4, 0x0A, 0x05, 0x46, 0x09, 0x45, 0x02,
    0x06, 0x06, 0x01, 0xDD, 0x0A, 0x03, 0x05, 0x3C, 0x09, 0x02, 0x02, 0x1E, 0x58, 0x02, 0xF3, 0x0A,
    0x20, 0xE8, 0x0A, 0x02, 0x14, 0x0F, 0x4B, 0x00, 0x00, 0x03, 0x42, 0x10, 0x02, 0x2A, 0x10, 0x06,
    0x2B, 0x10, 0x80, 0x13, 0x10, 0xC0, 0x12, 0x05, 0x3C, 0xA6, 0x20, 0x09, 0x0B, 0x22, 0x28, 0x01,
    0x07, 0x12, 0xF8, 0x06, 0x17, 0x10, 0x0B, 0x22, 0x3C, 0x01, 0x07, 0x14, 0x04, 0x09, 0x06, 0x0A,
    0x1A, 0x0B, 0x1E, 0x14, 0x05, 0x77, 0x0B, 0x45, 0x07, 0x14, 0x04, 0x09, 0x06, 0x0F, 0x28, 0x0B,
    0x1E, 0x14, 0x05, 0x77, 0x0B, 0x45, 0x07, 0x14, 0x04, 0x09, 0x06, 0x0F, 0x36, 0x0B, 0x1E, 0x14,
    0x05, 0x77, 0x0B, 0x45, 0x07, 0x14, 0x04, 0x09, 0x06, 0x0F, 0x44, 0x0B, 0x1E, 0x14, 0x05, 0x77,
    0x0B, 0x45, 0x1E, 0x14, 0x05, 0x77, 0x0B, 0x07, 0x14, 0x04, 0x09, 0x20, 0x52, 0x0B, 0x10, 0x80,
    0x13, 0x10, 0x40, 0x12, 0x05, 0x3C, 0xA6, 0x22, 0x28, 0x01, 0x07, 0x12, 0x08, 0x06, 0x17, 0x6A,
    0x0B, 0x22, 0x3C, 0x01, 0x20, 0x1A, 0x0B, 0x07, 0x14, 0x04, 0x06, 0x3C, 0x77, 0x0B, 0x0F, 0x4B,
    0x00, 0x00, 0x03, 0x42, 0x10, 0x02, 0x2A, 0x10, 0x06, 0x2B, 0x20, 0x14, 0x0C, 0x10, 0xC0, 0x13,
    0x10, 0x20, 0x12, 0x05, 0x3C, 0xA6, 0x22, 0x1E, 0x01, 0x0B, 0x00, 0x12, 0x0B, 0x20, 0x14, 0x0B,
    0xE0, 0x13, 0x38, 0x13, 0xE0, 0xAA, 0x0B, 0x20, 0x99, 0x0B, 0x0B, 0xC0, 0x12, 0x0B, 0x00, 0x14,
    0x38, 0x12, 0xC0, 0xB8, 0x0B, 0x20, 0xAA, 0x0B, 0x07, 0x13, 0x04, 0x0B, 0x00, 0x12, 0x38, 0x13,
    0x80, 0xC6, 0x0B, 0x20, 0xB8, 0x0B, 0x22, 0x28, 0x01, 0x8A, 0x04, 0x8A, 0x0B, 0x09, 0x57, 0x45,
    0x57, 0x09, 0x02, 0x03, 0x06, 0x0A, 0xD1, 0x0B, 0x20, 0x8C, 0x0C, 0x10, 0x40, 0x13, 0x10, 0x20,
    0x12, 0x05, 0x3C, 0xA6, 0x22, 0x1E, 0x01, 0x0B, 0x00, 0x12, 0x0B, 0xE0, 0x14, 0x0B, 0x20, 0x13,
    0x38, 0x13, 0x20, 0xF8, 0x0B, 0x20, 0xE7, 0x0B, 0x0B, 0xC0, 0x12, 0x0B, 0x00, 0x14, 0x38, 0x12,
    0xC0, 0x06, 0x0C, 0x20, 0xF8, 0x0B, 0x07, 0x13, 0xFC, 0x0B, 0x00, 0x12, 0x38, 0x13, 0x80, 0xC6,
    0x0B, 0x20, 0x06, 0x0C, 0x10, 0xC0, 0x13, 0x10, 0xE0, 0x12, 0x05, 0x3C, 0xA6, 0x20, 0x1C, 0x0C,
    0x22, 0x1E, 0x01, 0x0B, 0x00, 0x12, 0x0B, 0x20, 0x14, 0x0B, 0xE0, 0x13, 0x38, 0x13, 0xE0, 0x34,
    0x0C, 0x20, 0x23, 0x0C, 0x0B, 0x28, 0x12, 0x0B, 0x00, 0x14, 0x38, 0x12, 0x28, 0x42, 0x0C, 0x20,
    0x34, 0x0C, 0x07, 0x13, 0x04, 0x0B, 0x00, 0x12, 0x38, 0x13, 0x80, 0xC6, 0x0B, 0x20, 0x42, 0x0C,
    0x10, 0x40, 0x13, 0x10, 0xE0, 0x12, 0x05, 0x3C, 0xA6, 0x20, 0x58, 0x0C, 0x22, 0x1E, 0x01, 0x0B,
    0x00, 0x12, 0x0B, 0xE0, 0x14, 0x0B, 0x20, 0x13, 0x38, 0x13, 0x20, 0x70, 0x0C, 0x20, 0x5F, 0x0C,
    0x0B, 0x28, 0x12, 0x0B, 0x00, 0x14, 0x38, 0x12, 0x28, 0x7E, 0x0C, 0x20, 0x70, 0x0C, 0x07, 0x13,
    0xFC, 0x0B, 0x00, 0x12, 0x38, 0x13, 0x80, 0xC6, 0x0B, 0x20, 0x7E, 0x0C, 0x02, 0x1E, 0x15, 0x0F,
    0x42, 0x10, 0x02, 0x2A, 0x10, 0x0A, 0x2B, 0x07, 0x14, 0x10, 0x06, 0x90, 0x97, 0x0C, 0x06, 0x90,
    0x97, 0x0C, 0x0F, 0x42, 0x07, 0x14, 0x10, 0x06, 0x90, 0xA4, 0x0C, 0x06, 0x90, 0xA4, 0x0C, 0x0F,
    0x00, 0x03, 0x42, 0x10, 0x02, 0x2A, 0x10, 0xC0, 0x12, 0x05, 0x28, 0xA6, 0x20, 0xBB, 0x0C, 0x22,
    0x00, 0x03, 0xA6, 0x38, 0x15, 0x00, 0xCB, 0x0C, 0x20, 0xC2, 0x0C, 0x01, 0x08, 0x10, 0x1E, 0x00,
    0x0B, 0xCE, 0x15, 0x0B, 0x00, 0x12, 0x06, 0x1E, 0xCC, 0x0C, 0x0F, 0x42, 0x07, 0x14, 0x10, 0x08,
    0x10, 0x05, 0x00, 0x06, 0x64, 0xDC, 0x0C, 0x0F, 0x42, 0x10, 0x0F, 0xB2, 0x10, 0x00, 0xB3, 0x21,
    0x31, 0x0D, 0x42, 0x10, 0xF1, 0xB2, 0x10, 0x00, 0xB3, 0x21, 0x31, 0x0D, 0x42, 0x10, 0x08, 0xB2,
    0x10, 0x08, 0xB3, 0x21, 0x21, 0x0D, 0x42, 0x10, 0x08, 0xB2, 0x10, 0xF8, 0xB3, 0x21, 0x21, 0x0D,
    0x42, 0x10, 0xF8, 0xB2, 0x10, 0x08, 0xB3, 0x21, 0x31, 0x0D, 0x42, 0x10, 0xF8, 0xB2, 0x10, 0xF8,
    0xB3, 0x08, 0x0C, 0x00, 0x00, 0x08, 0x0E, 0x00, 0x00, 0x07, 0x14, 0x10, 0x06, 0x64, 0x21, 0x0D,
    0x0F, 0x08, 0x0C, 0x00, 0x00, 0x08, 0x0E, 0x00, 0x00, 0x07, 0x14, 0xF0, 0x06, 0x64, 0x31, 0x0D,
    0x0F, 0x4B, 0x00, 0x03, 0x1C, 0x42, 0x10, 0x00, 0xB2, 0x10, 0x08, 0x2A, 0x10, 0x80, 0x13, 0x1E,
    0xA0, 0x0F, 0x57, 0x0D, 0x20, 0x4F, 0x0D, 0x08, 0x0E, 0xF9, 0xFF, 0x3B, 0x0E, 0x70, 0xFE, 0xD4,
    0xFE, 0x66, 0x0D, 0x20, 0x57, 0x0D, 0x08, 0x0E, 0xFC, 0xFF, 0x06, 0x05, 0x66, 0x0D, 0x00, 0x8A,
    0x02, 0x8A, 0x14, 0x0B, 0x40, 0x13, 0x57, 0x37, 0x91, 0x0D, 0x8A, 0x1E, 0x0B, 0x20, 0x12, 0x08,
    0x0E, 0xFD, 0xFF, 0x57, 0x8A, 0x0A, 0x09, 0x57, 0x1E, 0xF4, 0x01, 0xCC, 0x0D, 0x45, 0x20, 0xCB,
    0x0D, 0x8A, 0x14, 0x0B, 0x20, 0x12, 0x08, 0x0E, 0x03, 0x00, 0x57, 0x20, 0x84, 0x0D, 0x8A, 0x14,
    0x0B, 0xC0, 0x13, 0x57, 0x37, 0xBE, 0x0D, 0x8A, 0x1E, 0x0B, 0x20, 0x12, 0x08, 0x0E, 0xFD, 0xFF,
    0x57, 0x8A, 0x0A, 0x09, 0x57, 0x1E, 0xF4, 0x01, 0xCC, 0x0D, 0x45, 0x20, 0xCB, 0x0D, 0x8A, 0x14,
    0x0B, 0x20, 0x12, 0x08, 0x0E, 0x03, 0x00, 0x57, 0x20, 0xB1, 0x0D, 0x57, 0x8A, 0x05, 0x09, 0x57,
    0x8A, 0x1E, 0x0B, 0x20, 0x12, 0x08, 0x0E, 0xFB, 0xFF, 0x57, 0x20, 0xE7, 0x0D, 0x8A, 0x1E, 0x0B,
    0x20, 0x12, 0x08, 0x0E, 0x05, 0x00, 0x57, 0x01, 0x0F, 0x35, 0x07, 0x13, 0x0A, 0x07, 0x14, 0x0A,
    0x08, 0x0E, 0x0A, 0x00, 0x20, 0xEA, 0x0D, 0x1D, 0x04, 0x35, 0x8A, 0x04, 0x07, 0x12, 0x0A, 0x08,
    0x0E, 0xF6, 0xFF, 0x57, 0xA6, 0x8A, 0x04, 0x07, 0x12, 0x0A, 0x08, 0x0E, 0xF8, 0xFF, 0x57, 0xA6,
    0x8A, 0x06, 0x07, 0x12, 0x0A, 0x08, 0x0E, 0xFB, 0xFF, 0x57, 0xA6, 0x07, 0xB2, 0x01, 0x38, 0xB2,
    0x02, 0x24, 0x0E, 0x55, 0x55, 0x10, 0x14, 0x2B, 0x10, 0x02, 0x2A, 0x1E, 0x60, 0x09, 0x34, 0x0E,
    0xA6, 0x20, 0x2B, 0x0E, 0x10, 0x40, 0x13, 0x20, 0x3D, 0x0E, 0x10, 0xC0, 0x13, 0x05, 0x0F, 0x0D,
    0x80, 0x13, 0x05, 0x00, 0x0F, 0x08, 0x0E, 0x60, 0xFF, 0x08, 0x0E, 0xA0, 0x00, 0x55, 0x43, 0x03,
    0x10, 0x04, 0x2A, 0x10, 0x08, 0x2B, 0x1E, 0xD0, 0x07, 0x5E, 0x0E, 0x20, 0x56, 0x0E, 0x00, 0x05,
    0x05, 0x8A, 0x10, 0x07, 0x13, 0x02, 0x57, 0x8A, 0x10, 0x07, 0x13, 0xFE, 0x57, 0x8A, 0x10, 0x07,
    0x13, 0xFE, 0x57, 0x8A, 0x10, 0x07, 0x13, 0x02, 0x57, 0x8A, 0x10, 0x07, 0x13, 0x02, 0x57, 0x8A,
    0x10, 0x07, 0x13, 0xFE, 0x57, 0x8A, 0x10, 0x07, 0x13, 0xFE, 0x57, 0x01, 0x05, 0x00, 0x0D, 0x08,
    0x13, 0x02, 0x32, 0x15, 0x0F, 0x00, 0x03, 0x5B, 0x4B, 0x00, 0x08, 0x0E, 0xEC, 0xFF, 0x10, 0x80,
    0x13, 0x10, 0xFA, 0x12, 0x54, 0xD0, 0x2D, 0x15, 0x3C, 0x42, 0x10, 0x80, 0x13, 0x1E, 0x14, 0x05,
    0xB6, 0x0E, 0xA6, 0x20, 0xAD, 0x0E, 0x07, 0x12, 0x05, 0xA6, 0x07, 0x12, 0xF6, 0xA6, 0x07, 0x12,
    0x05, 0x06, 0x02, 0xB6, 0x0E, 0x07, 0x12, 0x10, 0xA6, 0x06, 0x03, 0xC5, 0x0E, 0x15, 0x01, 0x3C,
    0x42, 0xA6, 0x20, 0xD1, 0x0E, 0x3C, 0x10, 0x80, 0x13, 0x1E, 0x14, 0x05, 0xE1, 0x0E, 0x20, 0xD9,
    0x0E, 0x08, 0x0C, 0xF6, 0xFF, 0x02, 0x02, 0x08, 0x0C, 0x14, 0x00, 0x02, 0x02, 0x08, 0x0C, 0xF6,
    0xFF, 0x06, 0x02, 0xE1, 0x0E, 0x3B, 0x0E, 0xD7, 0xFF, 0x00, 0x00, 0x04, 0x0F, 0x08, 0x0E, 0x28,
    0x00, 0x20, 0xF5, 0x0E, 0x11, 0xCE, 0xFF, 0x0E, 0x0F, 0x3C, 0x10, 0x80, 0x13, 0x1E, 0x4C, 0x04,
    0x15, 0x0F, 0x20, 0x0D, 0x0F, 0x08, 0x0C, 0xF6, 0xFF, 0x02, 0x02, 0x08, 0x0C, 0x14, 0x00, 0x02,
    0x02, 0x08, 0x0C, 0xF6, 0xFF, 0x06, 0x02, 0x15, 0x0F, 0x3B, 0x0E, 0xD7, 0xFF, 0x00, 0x00, 0x38,
    0x0F, 0x08, 0x0E, 0x28, 0x00, 0x20, 0x29, 0x0F, 0x11, 0xF6, 0xFF, 0x0E, 0x0F, 0x4B, 0x00, 0x00,
    0x03, 0x3C, 0x42, 0x10, 0x02, 0x2A, 0x05, 0xC4, 0x02, 0x1E, 0x05, 0x00, 0x0D, 0x80, 0x13, 0x3D,
    0x02, 0x05, 0x8A, 0x0A, 0x09, 0x57, 0x45, 0x02, 0x05, 0x3C, 0x0B, 0x00, 0x13, 0x0B, 0x00, 0x12,
    0xA6, 0x72, 0x38, 0x13, 0x00, 0x5A, 0x0F, 0x72, 0x38, 0x12, 0x00, 0x5A, 0x0F, 0x05, 0xD8, 0x37,
    0x84, 0x0F, 0x10, 0xFD, 0xB2, 0x37, 0x7E, 0x0F, 0x10, 0xFD, 0xB3, 0x21, 0x93, 0x0F, 0x10, 0x03,
    0xB3, 0x21, 0x93, 0x0F, 0x10, 0x03, 0xB2, 0x37, 0x90, 0x0F, 0x10, 0xFD, 0xB3, 0x21, 0x93, 0x0F,
    0x10, 0x03, 0xB3, 0x8A, 0x20, 0x08, 0x0C, 0x00, 0x00, 0x08, 0x0E, 0x00, 0x00, 0x38, 0xB2, 0x03,
    0xA8, 0x0F, 0x07, 0x14, 0xFE, 0x21, 0xAB, 0x0F, 0x07, 0x14, 0x02, 0x57, 0x21, 0x4A, 0x0F, 0x05,
    0x00, 0x8A, 0x0A, 0x09, 0x57, 0x3D, 0x0A, 0x02, 0x06, 0x45, 0x3C, 0x07, 0x12, 0x10, 0x06, 0x07,
    0xBB, 0x0F, 0x0B, 0xD8, 0x15, 0x07, 0x14, 0x04, 0x06, 0x64, 0xC2, 0x0F, 0x0F, 0x1E, 0xBC, 0x02,
    0xD3, 0x0F, 0x55, 0x55, 0x4B, 0x00, 0x37, 0xD9, 0x0F, 0x37, 0xDC, 0x0F, 0x07, 0x12, 0x00, 0x07,
    0x13, 0x00, 0x07, 0x13, 0x80, 0x45, 0x07, 0x13, 0x80, 0x07, 0x12, 0x00, 0x07, 0x13, 0x00, 0x4B,
    0x00, 0x55, 0x00, 0x03, 0x10, 0x14, 0x2A, 0x10, 0x08, 0x2B, 0x10, 0x80, 0x13, 0x05, 0x1E, 0x37,
    0x4C, 0x10, 0x0B, 0xE0, 0x14, 0x0B, 0x60, 0x13, 0x38, 0x13, 0x60, 0x10, 0x10, 0x20, 0x02, 0x10,
    0x0B, 0x00, 0x14, 0x0B, 0x80, 0x13, 0x38, 0x13, 0x80, 0x1E, 0x10, 0x20, 0x10, 0x10, 0x02, 0x0C,
    0x0B, 0x20, 0x14, 0x0B, 0xA0, 0x13, 0x38, 0x13, 0xA0, 0x2E, 0x10, 0x20, 0x20, 0x10, 0x0B, 0x00,
    0x14, 0x0B, 0x80, 0x13, 0x38, 0x13, 0x80, 0x3C, 0x10, 0x20, 0x2E, 0x10, 0x02, 0x0C, 0x0B, 0xE0,
    0x14, 0x0B, 0x70, 0x13, 0x38, 0x13, 0x70, 0x96, 0x10, 0x20, 0x3E, 0x10, 0x0B, 0x20, 0x14, 0x0B,
    0xA0, 0x13, 0x38, 0x13, 0xA0, 0x5A, 0x10, 0x20, 0x4C, 0x10, 0x0B, 0x00, 0x14, 0x0B, 0x80, 0x13,
    0x38, 0x13, 0x80, 0x68, 0x10, 0x20, 0x5A, 0x10, 0x02, 0x0C, 0x0B, 0x00, 0x14, 0x0B, 0x60, 0x13,
    0x38, 0x13, 0x60, 0x78, 0x10, 0x20, 0x6A, 0x10, 0x0B, 0x00, 0x14, 0x0B, 0x80, 0x13, 0x38, 0x13,
    0x80, 0x86, 0x10, 0x20, 0x78, 0x10, 0x02, 0x0C, 0x0B, 0x20, 0x14, 0x0B, 0x90, 0x13, 0x38, 0x13,
    0x90, 0x96, 0x10, 0x20, 0x88, 0x10, 0x10, 0x80, 0x13, 0x8A, 0x0F, 0x0B, 0x20, 0x14, 0x07, 0x13,
    0x08, 0x57, 0x42, 0x0D, 0x00, 0x14, 0x8A, 0x32, 0x09, 0x57, 0x0D, 0x80, 0x13, 0x02, 0x14, 0x15,
    0x0F, 0x8A, 0x0F, 0x0B, 0xE0, 0x14, 0x07, 0x13, 0xF8, 0x57, 0x42, 0x0D, 0x00, 0x14, 0x8A, 0x32,
    0x09, 0x57, 0x0D, 0x80, 0x13, 0x02, 0x14, 0x15, 0x0F, 0x07, 0xB2, 0x01, 0x10, 0x00, 0x22, 0x55,
    0x3C, 0x05, 0x32, 0x0B, 0xC0, 0x13, 0x0B, 0x20, 0x14, 0x38, 0x13, 0xC0, 0xE1, 0x10, 0x20, 0xD3,
    0x10, 0x22, 0x1E, 0x02, 0x0D, 0x00, 0x14, 0x3B, 0x0C, 0x24, 0xFA, 0xDC, 0x05, 0xF2, 0x10, 0x20,
    0xE7, 0x10, 0x15, 0x0F, 0x0B, 0x40, 0x13, 0x0B, 0xE0, 0x14, 0x38, 0x13, 0x40, 0xE1, 0x10, 0x20,
    0xF4, 0x10, 0x5B, 0x3C, 0x00, 0x43, 0x10, 0x01, 0x2B, 0x10, 0x00, 0xB2, 0x38, 0xB2, 0x0A, 0x1A,
    0x11, 0x38, 0xB2, 0x64, 0x19, 0x11, 0x20, 0x0C, 0x11, 0x15, 0x02, 0x64, 0x5C, 0x03, 0x05, 0x14,
    0x10, 0x00, 0xB3, 0x02, 0x32, 0x42, 0x8A, 0x32, 0x0C, 0x64, 0x00, 0x0C, 0x0C, 0x9C, 0xFF, 0x0E,
    0x57, 0x02, 0x08, 0x02, 0x08, 0x02, 0x08, 0x02, 0x08, 0x02, 0x08, 0x02, 0x08, 0x02, 0x08, 0x02,
    0x08, 0x8A, 0x20, 0x07, 0x13, 0x02, 0x38, 0xB3, 0x00, 0x54, 0x11, 0x07, 0x12, 0x02, 0x10, 0x00,
    0xB3, 0x21, 0x57, 0x11, 0x10, 0x01, 0xB3, 0x57, 0x10, 0x00, 0xB3, 0x8A, 0x20, 0x07, 0x13, 0x02,
    0x38, 0xB3, 0x00, 0x6E, 0x11, 0x07, 0x12, 0xFE, 0x10, 0x00, 0xB3, 0x21, 0x71, 0x11, 0x10, 0x01,
    0xB3, 0x57, 0x22, 0x50, 0x02, 0x02, 0x28, 0x0F, 0x5B, 0x10, 0x64, 0xB2, 0x15, 0x0F, 0x0F, 0x0F,
    0x0F, 0x0F, 0x00, 0x03, 0x10, 0x00, 0xB2, 0x05, 0x08, 0x10, 0x14, 0x2A, 0x10, 0x0A, 0x2B, 0x02,
    0x32, 0x20, 0xDC, 0x11, 0x07, 0x12, 0xFE, 0x07, 0x14, 0xFF, 0x07, 0x13, 0xFF, 0x38, 0x12, 0xC0,
    0xA5, 0x11, 0x20, 0x94, 0x11, 0x02, 0x04, 0x07, 0x13, 0xFD, 0x07, 0x14, 0x01, 0x07, 0x12, 0x02,
    0x38, 0x12, 0x00, 0x24, 0x12, 0x20, 0xA7, 0x11, 0x07, 0x12, 0x02, 0x07, 0x13, 0xFF, 0x07, 0x14,
    0xFF, 0x38, 0x12, 0x40, 0xC9, 0x11, 0x20, 0xB8, 0x11, 0x02, 0x04, 0x07, 0x13, 0xFD, 0x07, 0x14,
    0x01, 0x07, 0x12, 0xFE, 0x38, 0x12, 0x00, 0x24, 0x12, 0x20, 0xCB, 0x11, 0x07, 0x12, 0xFE, 0x07,
    0x14, 0x01, 0x07, 0x13, 0x01, 0x38, 0x12, 0xC0, 0xED, 0x11, 0x20, 0xDC, 0x11, 0x02, 0x04, 0x07,
    0x13, 0x03, 0x07, 0x14, 0xFF, 0x07, 0x12, 0x02, 0x38, 0x12, 0x00, 0x24, 0x12, 0x20, 0xEF, 0x11,
    0x07, 0x12, 0x02, 0x07, 0x13, 0x01, 0x07, 0x14, 0x01, 0x38, 0x12, 0x40, 0x11, 0x12, 0x20, 0x00,
    0x12, 0x02, 0x04, 0x07, 0x13, 0x03, 0x07, 0x14, 0xFF, 0x07, 0x12, 0xFE, 0x38, 0x12, 0x00, 0x24,
    0x12, 0x20, 0x13, 0x12, 0x22, 0x28, 0x01, 0x02, 0x28, 0x15, 0x0F, 0x10, 0x00, 0x22, 0x3C, 0x10,
    0x10, 0x2B, 0x22, 0x1E, 0x02, 0x0B, 0x00, 0x14, 0x09, 0x1E, 0x14, 0x00, 0x41, 0x12, 0x20, 0x35,
    0x12, 0x0D, 0x80, 0x13, 0x02, 0x28, 0x15, 0x07, 0xB2, 0x01, 0x72, 0x38, 0xB2, 0x05, 0x50, 0x12,
    0x55, 0x03, 0x00, 0x10, 0x64, 0x2A, 0x10, 0x08, 0x2B, 0x10, 0x00, 0x14, 0x10, 0x00, 0xB2, 0x10,
    0x40, 0x13, 0x10, 0xE0, 0x12, 0x20, 0x6E, 0x12, 0x10, 0xC0, 0x13, 0x10, 0xE0, 0x12, 0x22, 0x14,
    0x01, 0x07, 0x14, 0x04, 0x08, 0x10, 0xF6, 0xFF, 0x06, 0x14, 0x71, 0x12, 0x07, 0x14, 0x04, 0x08,
    0x10, 0xF6, 0xFF, 0x06, 0x14, 0x7C, 0x12, 0x07, 0x14, 0x04, 0x08, 0x10, 0xF6, 0xFF, 0x06, 0x14,
    0x87, 0x12, 0x22, 0x00, 0x01, 0x07, 0x14, 0x04, 0x08, 0x10, 0xF6, 0xFF, 0x08, 0x0E, 0x0A, 0x00,
    0x06, 0x23, 0x95, 0x12, 0x22, 0x14, 0x01, 0x07, 0x14, 0x04, 0x08, 0x10, 0xF6, 0xFF, 0x06, 0x14,
    0xA7, 0x12, 0x22, 0x00, 0x01, 0x07, 0x14, 0x04, 0x08, 0x10, 0xF6, 0xFF, 0x08, 0x0E, 0x05, 0x00,
    0x06, 0x1E, 0xB5, 0x12, 0x3B, 0x10, 0x38, 0xFF, 0x00, 0x00, 0xED, 0x12, 0x20, 0x6E, 0x12, 0x3C,
    0x10, 0x00, 0x22, 0x10, 0x02, 0x2B, 0x22, 0x00, 0x01, 0x35, 0x0B, 0x1E, 0x15, 0x0B, 0x40, 0x12,
    0x38, 0x12, 0x40, 0xE8, 0x12, 0x20, 0xDA, 0x12, 0x22, 0x1E, 0x01, 0x02, 0x0A, 0x15, 0x07, 0xB2,
    0x01, 0x72, 0x38, 0xB2, 0x03, 0xF7, 0x12, 0x55, 0x03, 0x01, 0x10, 0x64, 0x2A, 0x10, 0x08, 0x2B,
    0x10, 0x00, 0x14, 0x10, 0x00, 0xB2, 0x10, 0x40, 0x13, 0x10, 0xE0, 0x12, 0x20, 0x15, 0x13, 0x10,
    0xC0, 0x13, 0x10, 0xE0, 0x12, 0x05, 0x1E, 0x02, 0x14, 0x00, 0x3B, 0x0E, 0x18, 0xFC, 0x64, 0x00,
    0x25, 0x13, 0x20, 0x1A, 0x13, 0x0D, 0x00, 0x12, 0x0D, 0x80, 0x13, 0x09, 0x1E, 0x2C, 0x01, 0x34,
    0x13, 0x20, 0x2B, 0x13, 0x0F, 0x07, 0x14, 0x08, 0x55, 0x07, 0xB2, 0x01, 0x72, 0x38, 0xB2, 0x05,
    0x42, 0x13, 0x55, 0x10, 0x00, 0x22, 0x8A, 0x10, 0x07, 0x12, 0xF8, 0x57, 0x35, 0x02, 0x1E, 0x0D,
    0xC0, 0x12, 0x15, 0x03, 0x3C, 0x42, 0x37, 0x5C, 0x13, 0x10, 0xD1, 0xB2, 0x10, 0x08, 0x2B, 0x08,
    0x10, 0x27, 0x00, 0x08, 0x0C, 0xFC, 0xFF, 0xA6, 0x08, 0x10, 0x26, 0x00, 0x08, 0x0C, 0xF5, 0xFF,
    0xA6, 0x08, 0x10, 0x22, 0x00, 0x08, 0x0C, 0xED, 0xFF, 0xA6, 0x08, 0x10, 0x1E, 0x00, 0x08, 0x0C,
    0xE7, 0xFF, 0xA6, 0x08, 0x10, 0x19, 0x00, 0x08, 0x0C, 0xE2, 0xFF, 0xA6, 0x08, 0x10, 0x13, 0x00,
    0x08, 0x0C, 0xDE, 0xFF, 0xA6, 0x08, 0x10, 0x0B, 0x00, 0x08, 0x0C, 0xDA, 0xFF, 0xA6, 0x08, 0x10,
    0x04, 0x00, 0x08, 0x0C, 0xD9, 0xFF, 0xA6, 0x08, 0x0C, 0xD9, 0xFF, 0x08, 0x10, 0xFC, 0xFF, 0xA6,
    0x08, 0x0C, 0xDA, 0xFF, 0x08, 0x10, 0xF5, 0xFF, 0xA6, 0x08, 0x0C, 0xDE, 0xFF, 0x08, 0x10, 0xED,
    0xFF, 0xA6, 0x08, 0x0C, 0xE2, 0xFF, 0x08, 0x10, 0xE7, 0xFF, 0xA6, 0x08, 0x0C, 0xE7, 0xFF, 0x08,
    0x10, 0xE2, 0xFF, 0xA6, 0x08, 0x0C, 0xED, 0xFF, 0x08, 0x10, 0xDE, 0xFF, 0xA6, 0x08, 0x0C, 0xF5,
    0xFF, 0x08, 0x10, 0xDA, 0xFF, 0xA6, 0x08, 0x0C, 0xFC, 0xFF, 0x08, 0x10, 0xD9, 0xFF, 0xA6, 0x08,
    0x10, 0xD9, 0xFF, 0x08, 0x0C, 0x04, 0x00, 0xA6, 0x08, 0x10, 0xDA, 0xFF, 0x08, 0x0C, 0x0B, 0x00,
    0xA6, 0x08, 0x10, 0xDE, 0xFF, 0x08, 0x0C, 0x13, 0x00, 0xA6, 0x08, 0x10, 0xE2, 0xFF, 0x08, 0x0C,
    0x19, 0x00, 0xA6, 0x08, 0x10, 0xE7, 0xFF, 0x08, 0x0C, 0x1E, 0x00, 0xA6, 0x08, 0x10, 0xED, 0xFF,
    0x08, 0x0C, 0x22, 0x00, 0xA6, 0x08, 0x10, 0xF5, 0xFF, 0x08, 0x0C, 0x26, 0x00, 0xA6, 0x08, 0x10,
    0xFC, 0xFF, 0x08, 0x0C, 0x27, 0x00, 0xA6, 0x08, 0x0C, 0x27, 0x00, 0x08, 0x10, 0x04, 0x00, 0xA6,
    0x08, 0x0C, 0x26, 0x00, 0x08, 0x10, 0x0B, 0x00, 0xA6, 0x08, 0x0C, 0x22, 0x00, 0x08, 0x10, 0x13,
    0x00, 0xA6, 0x08, 0x0C, 0x1E, 0x00, 0x08, 0x10, 0x19, 0x00, 0xA6, 0x08, 0x0C, 0x19, 0x00, 0x08,
    0x10, 0x1E, 0x00, 0xA6, 0x08, 0x0C, 0x13, 0x00, 0x08, 0x10, 0x22, 0x00, 0xA6, 0x08, 0x0C, 0x0B,
    0x00, 0x08, 0x10, 0x26, 0x00, 0xA6, 0x08, 0x0C, 0x04, 0x00, 0x08, 0x10, 0x27, 0x00, 0x20, 0x5F,
    0x13, 0x07, 0x14, 0x04, 0x07, 0x13, 0x04, 0x38, 0xB2, 0x00, 0x8D, 0x14, 0x55, 0x10, 0xD1, 0xB2,
    0x55, 0x10, 0xC4, 0xB3, 0x11, 0x08, 0x00, 0xB4, 0x10, 0xD1, 0xB2, 0x00, 0x37, 0xA3, 0x14, 0x11,
    0xF8, 0xFF, 0xB4, 0x55, 0x54, 0xDF, 0x14, 0xA6, 0x07, 0xB2, 0x04, 0x54, 0xDF, 0x14, 0x07, 0xB2,
    0x06, 0x3A, 0xB2, 0x00, 0x78, 0xBA, 0x14, 0x20, 0xA4, 0x14, 0x02, 0x02, 0x10, 0x03, 0xB2, 0x54,
    0xDF, 0x14, 0xA6, 0x07, 0xB2, 0x04, 0x54, 0xDF, 0x14, 0xA6, 0x07, 0xB2, 0x06, 0x54, 0xDF, 0x14,
    0x3A, 0xB2, 0x2F, 0x50, 0xD9, 0x14, 0x20, 0xC3, 0x14, 0x10, 0x25, 0xB2, 0x20, 0xC3, 0x14, 0x08,
    0x0E, 0x00, 0x00, 0x08, 0x0C, 0x00, 0x00, 0x07, 0x12, 0x20, 0x55, 0x01, 0x3A, 0xB3, 0x00, 0x05,
    0xF8, 0x14, 0x10, 0x00, 0xB2, 0x21, 0xA4, 0x14, 0x11, 0xF6, 0xFF, 0x0E, 0x0F, 0x3C, 0x01, 0x42,
    0x37, 0x06, 0x15, 0x10, 0xD1, 0xB2, 0x10, 0x08, 0x2B, 0xA6, 0x20, 0x09, 0x15, 0x03, 0x3C, 0x37,
    0x15, 0x15, 0x10, 0xD1, 0xB2, 0x10, 0x08, 0x2B, 0x08, 0x10, 0x27, 0x00, 0x08, 0x0C, 0x04, 0x00,
    0xA6, 0x08, 0x10, 0x26, 0x00, 0x08, 0x0C, 0x0B, 0x00, 0xA6, 0x08, 0x10, 0x22, 0x00, 0x08, 0x0C,
    0x13, 0x00, 0xA6, 0x08, 0x10, 0x1E, 0x00, 0x08, 0x0C, 0x19, 0x00, 0xA6, 0x08, 0x10, 0x19, 0x00,
    0x08, 0x0C, 0x1E, 0x00, 0xA6, 0x08, 0x10, 0x13, 0x00, 0x08, 0x0C, 0x22, 0x00, 0xA6, 0x08, 0x10,
    0x0B, 0x00, 0x08, 0x0C, 0x26, 0x00, 0xA6, 0x08, 0x10, 0x04, 0x00, 0x08, 0x0C, 0x27, 0x00, 0xA6,
    0x08, 0x0C, 0x27, 0x00, 0x08, 0x10, 0xFC, 0xFF, 0xA6, 0x08, 0x0C, 0x26, 0x00, 0x08, 0x10, 0xF5,
    0xFF, 0xA6, 0x08, 0x0C, 0x22, 0x00, 0x08, 0x10, 0xED, 0xFF, 0xA6, 0x08, 0x0C, 0x1E, 0x00, 0x08,
    0x10, 0xE7, 0xFF, 0xA6, 0x08, 0x0C, 0x19, 0x00, 0x08, 0x10, 0xE2, 0xFF, 0xA6, 0x08, 0x0C, 0x13,
    0x00, 0x08, 0x10, 0xDE, 0xFF, 0xA6, 0x08, 0x0C, 0x0B, 0x00, 0x08, 0x10, 0xDA, 0xFF, 0xA6, 0x08,
    0x0C, 0x04, 0x00, 0x08, 0x10, 0xD9, 0xFF, 0xA6, 0x08, 0x10, 0xD9, 0xFF, 0x08, 0x0C, 0xFC, 0xFF,
    0xA6, 0x08, 0x10, 0xDA, 0xFF, 0x08, 0x0C, 0xF5, 0xFF, 0xA6, 0x08, 0x10, 0xDE, 0xFF, 0x08, 0x0C,
    0xED, 0xFF, 0xA6, 0x08, 0x10, 0xE2, 0xFF, 0x08, 0x0C, 0xE7, 0xFF, 0xA6, 0x08, 0x10, 0xE7, 0xFF,
    0x08, 0x0C, 0xE2, 0xFF, 0xA6, 0x08, 0x10, 0xED, 0xFF, 0x08, 0x0C, 0xDE, 0xFF, 0xA6, 0x08, 0x10,
    0xF5, 0xFF, 0x08, 0x0C, 0xDA, 0xFF, 0xA6, 0x08, 0x10, 0xFC, 0xFF, 0x08, 0x0C, 0xD9, 0xFF, 0xA6,
    0x08, 0x0C, 0xD9, 0xFF, 0x08, 0x10, 0x04, 0x00, 0xA6, 0x08, 0x0C, 0xDA, 0xFF, 0x08, 0x10, 0x0B,
    0x00, 0xA6, 0x08, 0x0C, 0xDE, 0xFF, 0x08, 0x10, 0x13, 0x00, 0xA6, 0x08, 0x0C, 0xE2, 0xFF, 0x08,
    0x10, 0x19, 0x00, 0xA6, 0x08, 0x0C, 0xE7, 0xFF, 0x08, 0x10, 0x1E, 0x00, 0xA6, 0x08, 0x0C, 0xED,
    0xFF, 0x08, 0x10, 0x22, 0x00, 0xA6, 0x08, 0x0C, 0xF5, 0xFF, 0x08, 0x10, 0x26, 0x00, 0xA6, 0x08,
    0x0C, 0xFC, 0xFF, 0x08, 0x10, 0x27, 0x00, 0xA6, 0x3B, 0x10, 0x0C, 0xFE, 0x9C, 0xFF, 0x43, 0x16,
    0x20, 0x18, 0x15, 0x0F, 0x3C, 0x00, 0x10, 0x00, 0xB2, 0x11, 0xE0, 0xFC, 0x0C, 0x72, 0x38, 0xB2,
    0x01, 0x57, 0x16, 0x11, 0x0C, 0xFE, 0x0C, 0x02, 0x64, 0x11, 0x20, 0x03, 0x0C, 0x72, 0x38, 0xB2,
    0x01, 0x67, 0x16, 0x11, 0xF4, 0x01, 0x0C, 0x07, 0xB2, 0x01, 0x38, 0xB2, 0x02, 0x74, 0x16, 0x02,
    0x64, 0x21, 0x49, 0x16, 0x08, 0x10, 0x30, 0xF8, 0x02, 0x28, 0x11, 0xFC, 0x08, 0x0C, 0x11, 0x04,
    0xF7, 0x0C, 0x02, 0x32, 0x11, 0x00, 0x00, 0x0E, 0x02, 0x32, 0x11, 0x90, 0x01, 0x0C, 0x54, 0x9B,
    0x16, 0x02, 0x32, 0x11, 0x70, 0xFE, 0x0C, 0x54, 0x9B, 0x16, 0x15, 0x55, 0x0F, 0x3C, 0x43, 0x07,
    0x12, 0x04, 0x10, 0x14, 0xB3, 0x10, 0x40, 0x13, 0x10, 0xE5, 0xB2, 0x21, 0xB4, 0x16, 0x10, 0xC0,
    0x13, 0x10, 0x1B, 0xB2, 0x1E, 0xD0, 0x07, 0xDC, 0x16, 0x08, 0x0C, 0x00, 0x00, 0x08, 0x10, 0x00,
    0x00, 0x72, 0x38, 0xB2, 0xE5, 0xCA, 0x16, 0x20, 0xB4, 0x16, 0x20, 0xB4, 0x16, 0x72, 0x38, 0xB2,
    0xE5, 0xD9, 0x16, 0x10, 0xF6, 0xB2, 0x21, 0xDC, 0x16, 0x10, 0x0A, 0xB2, 0x08, 0x0C, 0x00, 0x00,
    0x08, 0x10, 0x00, 0x00, 0x72, 0x38, 0xB2, 0xF6, 0xF0, 0x16, 0x07, 0x13, 0x04, 0x21, 0xF3, 0x16,
    0x07, 0x13, 0xFC, 0x3A, 0x13, 0x7C, 0x84, 0xFC, 0x16, 0x20, 0xDC, 0x16, 0x0B, 0x80, 0x13, 0x1E,
    0xBC, 0x02, 0x07, 0x17, 0x20, 0xFC, 0x16, 0x20, 0x07, 0x17, 0x02, 0x05, 0x15, 0x1D, 0x05, 0x00,
    0x07, 0x12, 0x01, 0x07, 0x14, 0x01, 0x08, 0x0E, 0x05, 0x00, 0x08, 0x0C, 0x03, 0x00, 0x20, 0x10,
    0x17, 0x0B, 0x00, 0x14, 0x07, 0x12, 0x01, 0x08, 0x0E, 0x05, 0x00, 0x20, 0x21, 0x17, 0x07, 0x14,
    0x01, 0x0B, 0x00, 0x12, 0x08, 0x0E, 0x05, 0x00, 0x08, 0x0C, 0x03, 0x00, 0x20, 0x2E, 0x17, 0x07,
    0x14, 0xFE, 0x07, 0x12, 0x01, 0x08, 0x0E, 0x05, 0x00, 0x08, 0x0C, 0xFD, 0xFF, 0x20, 0x3F, 0x17,
    0x07, 0x12, 0x01, 0x07, 0x14, 0x02, 0x08, 0x0E, 0x05, 0x00, 0x08, 0x0C, 0x03, 0x00, 0x20, 0x50,
    0x17, 0x07, 0x14, 0x02, 0x07, 0x12, 0xFD, 0x08, 0x0E, 0x05, 0x00, 0x08, 0x0C, 0x03, 0x00, 0x20,
    0x61, 0x17, 0x07, 0x12, 0x01, 0x07, 0x14, 0x01, 0x08, 0x0E, 0x05, 0x00, 0x08, 0x0C, 0x03, 0x00,
    0x20, 0x72, 0x17, 0x0B, 0x00, 0x12, 0x0B, 0x00, 0x14, 0x08, 0x0E, 0x05, 0x00, 0x20, 0x83, 0x17,
    0x0B, 0x00, 0x12, 0x0B, 0x00, 0x14, 0x38, 0x12, 0x00, 0x9E, 0x17, 0x20, 0x90, 0x17, 0x38, 0x14,
    0x00, 0xA6, 0x17, 0x20, 0x90, 0x17, 0x42, 0xA6, 0x20, 0xA7, 0x17, 0x1D, 0x05, 0x00, 0x07, 0x12,
    0xFF, 0x07, 0x14, 0x01, 0x08, 0x0E, 0x05, 0x00, 0x08, 0x0C, 0x03, 0x00, 0x20, 0xAE, 0x17, 0x07,
    0x12, 0xFF, 0x0B, 0x00, 0x14, 0x08, 0x0E, 0x02, 0x00, 0x20, 0xBF, 0x17, 0x1D, 0x05, 0x00, 0x07,
    0x14, 0xFF, 0x07, 0x12, 0x01, 0x08, 0x0E, 0x05, 0x00, 0x08, 0x0C, 0xFD, 0xFF, 0x20, 0xCC, 0x17,
    0x07, 0x14, 0xFF, 0x0B, 0x00, 0x12, 0x08, 0x0E, 0x05, 0x00, 0x08, 0x0C, 0xFD, 0xFF, 0x20, 0xE0,
    0x17, 0x07, 0x14, 0xFF, 0x07, 0x12, 0xFD, 0x08, 0x0E, 0x05, 0x00, 0x08, 0x0C, 0xFD, 0xFF, 0x20,
    0xF1, 0x17, 0x1D, 0x05, 0x00, 0x07, 0x12, 0xFF, 0x07, 0x14, 0xFF, 0x08, 0x0E, 0x05, 0x00, 0x08,
    0x0C, 0xFD, 0xFF, 0x20, 0x05, 0x18, 0x8A, 0x32, 0x21, 0x27, 0x18, 0x21, 0x27, 0x18, 0x21, 0x27,
    0x18, 0x21, 0x27, 0x18, 0x59, 0x83, 0x17, 0x57, 0x15, 0x0F, 0x55, 0x55, 0x55, 0x55, 0x55, 0x37,
    0x32, 0x18, 0x55, 0x21, 0x36, 0x18, 0x43, 0x20, 0x37, 0x18, 0x00, 0x5B, 0x43, 0x4B, 0x00, 0x10,
    0x00, 0x13, 0x10, 0x05, 0x12, 0x45, 0x09, 0x06, 0x08, 0x46, 0x18, 0x02, 0x07, 0x45, 0x09, 0x06,
    0x08, 0x4E, 0x18, 0x02, 0x03, 0x45, 0x02, 0x0A, 0x15, 0x4B, 0x00, 0x5B, 0x54, 0xD0, 0x2D, 0x15,
    0x4B, 0x00, 0x10, 0x80, 0x13, 0x08, 0x0E, 0x8C, 0x00, 0x21, 0x5B, 0x18, 0x10, 0x04, 0x2A, 0x10,
    0x08, 0x2B, 0x10, 0x80, 0x14, 0x1E, 0xC4, 0x09, 0x7D, 0x18, 0x20, 0x75, 0x18, 0x0F, 0x37, 0x81,
    0x18, 0x55, 0x55, 0x10, 0x03, 0xB2, 0x08, 0x0E, 0x00, 0x00, 0x07, 0xB2, 0x06, 0x20, 0x86, 0x18,
    0x00, 0x5B, 0x02, 0x36, 0x31, 0x01, 0x02, 0x19, 0x31, 0x05, 0x02, 0x19, 0x31, 0x2D, 0x02, 0x19,
    0x31, 0x19, 0x15, 0x00, 0x5B, 0x30, 0x02, 0xAE, 0x18, 0x31, 0x10, 0x20, 0xBD, 0x18, 0x30, 0x01,
    0xB7, 0x18, 0x31, 0x24, 0x20, 0xBD, 0x18, 0x30, 0x03, 0xBD, 0x18, 0x31, 0x38, 0x15, 0x0F, 0x00,
    0x5B, 0xA6, 0x06, 0x32, 0xC1, 0x18, 0x30, 0x02, 0xCF, 0x18, 0x31, 0x11, 0x20, 0xDE, 0x18, 0x30,
    0x01, 0xD8, 0x18, 0x31, 0x25, 0x20, 0xDE, 0x18, 0x30, 0x03, 0xDE, 0x18, 0x31, 0x39, 0x15, 0x0F,
    0x00, 0x5B, 0xA6, 0x06, 0x32, 0xE2, 0x18, 0xA6, 0x06, 0x32, 0xE7, 0x18, 0x30, 0x02, 0xF5, 0x18,
    0x31, 0x12, 0x20, 0x04, 0x19, 0x30, 0x01, 0xFE, 0x18, 0x31, 0x26, 0x20, 0x04, 0x19, 0x30, 0x03,
    0x04, 0x19, 0x31, 0x3A, 0x15, 0x0F, 0x00, 0x5B, 0x02, 0x96, 0x30, 0x02, 0x13, 0x19, 0x31, 0x13,
    0x20, 0x22, 0x19, 0x30, 0x01, 0x1C, 0x19, 0x31, 0x27, 0x20, 0x22, 0x19, 0x30, 0x03, 0x22, 0x19,
    0x31, 0x39, 0x15, 0x0F, 0x00, 0x5B, 0x30, 0x02, 0x2F, 0x19, 0x31, 0x13, 0x21, 0x3E, 0x19, 0x30,
    0x01, 0x38, 0x19, 0x31, 0x27, 0x21, 0x3E, 0x19, 0x30, 0x03, 0x3E, 0x19, 0x31, 0x39, 0x15, 0x0F,
    0x00, 0x5B, 0x02, 0x50, 0x30, 0x02, 0x4D, 0x19, 0x31, 0x8C, 0x20, 0x5C, 0x19, 0x30, 0x01, 0x56,
    0x19, 0x31, 0x8D, 0x20, 0x5C, 0x19, 0x30, 0x03, 0x5C, 0x19, 0x31, 0x8E, 0x15, 0x0F, 0x00, 0x5B,
    0x30, 0x02, 0x69, 0x19, 0x31, 0x14, 0x20, 0x78, 0x19, 0x30, 0x01, 0x72, 0x19, 0x31, 0x28, 0x20,
    0x78, 0x19, 0x30, 0x03, 0x78, 0x19, 0x31, 0x3B, 0x15, 0x0F, 0x00, 0x5B, 0xA6, 0x06, 0x32, 0x7C,
    0x19, 0xA6, 0x06, 0x32, 0x81, 0x19, 0x20, 0x60, 0x19, 0x00, 0x5B, 0x02, 0x28, 0x30, 0x02, 0x96,
    0x19, 0x31, 0x42, 0x20, 0xA5, 0x19, 0x30, 0x01, 0x9F, 0x19, 0x31, 0x43, 0x20, 0xA5, 0x19, 0x30,
    0x03, 0xA5, 0x19, 0x31, 0x44, 0x15, 0x0F, 0x00, 0x5B, 0x02, 0x28, 0x31, 0x80, 0x15, 0x31, 0x83,
    0x15, 0x31, 0x86, 0x15, 0x00, 0x5B, 0x31, 0x7E, 0x02, 0x3C, 0x31, 0x7F, 0x15, 0x31, 0x81, 0x02,
    0x3C, 0x31, 0x82, 0x15, 0x31, 0x84, 0x02, 0x3C, 0x31, 0x85, 0x15, 0x00, 0x5B, 0x02, 0x3C, 0x15,
    0x54, 0x60, 0x1A, 0x10, 0x01, 0xB2, 0x21, 0xDF, 0x19, 0x54, 0x60, 0x1A, 0x10, 0x00, 0xB2, 0xA6,
    0x20, 0xDF, 0x19, 0x05, 0x00, 0x0D, 0x00, 0x12, 0x38, 0xB2, 0x01, 0xF0, 0x19, 0x21, 0x02, 0x1A,
    0x21, 0x31, 0x1A, 0x54, 0x60, 0x1A, 0xA6, 0x20, 0xF6, 0x19, 0x05, 0x00, 0x0D, 0x00, 0x12, 0x37,
    0x31, 0x1A, 0x10, 0x1E, 0xB2, 0x10, 0x1E, 0xB3, 0x54, 0x73, 0x1A, 0x02, 0x14, 0x54, 0x73, 0x1A,
    0x02, 0x14, 0x54, 0x73, 0x1A, 0x8A, 0x1E, 0x07, 0x13, 0x10, 0x57, 0x8A, 0x0A, 0x54, 0xD0, 0x2D,
    0xA6, 0x09, 0xA6, 0x09, 0x57, 0x01, 0x08, 0x0C, 0xEC, 0xFF, 0x08, 0x0E, 0x14, 0x00, 0x20, 0x26,
    0x1A, 0x10, 0xE2, 0xB2, 0x10, 0x1E, 0xB3, 0x54, 0x73, 0x1A, 0x02, 0x14, 0x54, 0x73, 0x1A, 0x02,
    0x14, 0x54, 0x73, 0x1A, 0x8A, 0x1E, 0x07, 0x13, 0x10, 0x57, 0x8A, 0x0A, 0x54, 0xD0, 0x2D, 0xA6,
    0x09, 0xA6, 0x09, 0x57, 0x01, 0x08, 0x0C, 0x14, 0x00, 0x08, 0x0E, 0x14, 0x00, 0x20, 0x55, 0x1A,
    0x00, 0x4B, 0x00, 0x42, 0x10, 0x02, 0x2A, 0x10, 0x08, 0x2B, 0x10, 0x80, 0x13, 0x10, 0xC0, 0x12,
    0x05, 0x1E, 0x55, 0x8A, 0x07, 0x09, 0x08, 0x0C, 0x00, 0x00, 0x08, 0x0E, 0x00, 0x00, 0x57, 0x55,
    0x00, 0x4B, 0x00, 0x37, 0x86, 0x1A, 0x10, 0x02, 0x2A, 0x10, 0x08, 0x2B, 0x10, 0xC0, 0x13, 0x05,
    0x32, 0x3B, 0x0C, 0x06, 0xFF, 0xFA, 0x00, 0x9C, 0x1A, 0x20, 0x91, 0x1A, 0x54, 0xC5, 0x1A, 0x0D,
    0xC0, 0x13, 0x21, 0xBB, 0x1A, 0x10, 0x40, 0x13, 0x05, 0x32, 0x3B, 0x0C, 0x06, 0xFF, 0xFA, 0x00,
    0xB5, 0x1A, 0x20, 0xAA, 0x1A, 0x54, 0xC5, 0x1A, 0x0D, 0x40, 0x13, 0x22, 0x32, 0x05, 0x8A, 0x32,
    0x0B, 0x00, 0x12, 0x57, 0x15, 0x22, 0x00, 0x05, 0x0D, 0x80, 0x13, 0x8A, 0x03, 0x8A, 0x0A, 0x09,
    0x57, 0x45, 0x57, 0x55, 0x00, 0x43, 0x1A, 0x03, 0x4B, 0x00, 0x37, 0xDD, 0x1A, 0x10, 0x02, 0x2A,
    0x10, 0x08, 0x2B, 0x05, 0x3C, 0x02, 0x32, 0x0D, 0x1C, 0x14, 0x21, 0xF0, 0x1A, 0x0D, 0xE4, 0x14,
    0x0D, 0x00, 0x14, 0x05, 0x32, 0x42, 0x8A, 0x03, 0x8A, 0x0F, 0x09, 0x57, 0x1E, 0x14, 0x05, 0x03,
    0x1B, 0x45, 0x57, 0x0D, 0x80, 0x13, 0x02, 0x64, 0x0F, 0x03, 0x00, 0x1A, 0x4B, 0x00, 0x37, 0x11,
    0x1B, 0x10, 0x06, 0x2A, 0x10, 0x06, 0x2B, 0x10, 0x80, 0x13, 0x07, 0x14, 0x08, 0x05, 0x1E, 0x8A,
    0x60, 0x07, 0x12, 0xFC, 0x08, 0x10, 0xCE, 0xFF, 0x57, 0x1B, 0x8A, 0x03, 0x8A, 0x0A, 0x09, 0x57,
    0x45, 0x57, 0x0F, 0x08, 0x10, 0xD8, 0xFF, 0x55, 0x04, 0x01, 0x4B, 0x00, 0x10, 0x02, 0x2A, 0x10,
    0x06, 0x2B, 0x1E, 0xDC, 0x05, 0x4A, 0x1B, 0x20, 0x42, 0x1B, 0x00, 0x37, 0x61, 0x1B, 0x10, 0xA0,
    0x13, 0x10, 0xE0, 0x12, 0x8A, 0x0A, 0x45, 0x07, 0x12, 0x06, 0x07, 0x13, 0xFA, 0x57, 0x21, 0x71,
    0x1B, 0x10, 0x60, 0x13, 0x10, 0xE0, 0x12, 0x8A, 0x0A, 0x45, 0x07, 0x12, 0x06, 0x07, 0x13, 0x06,
    0x57, 0x01, 0x0F, 0x01, 0x04, 0x10, 0x02, 0x2A, 0x10, 0x06, 0x2B, 0x0F, 0x07, 0x12, 0x08, 0x07,
    0x13, 0xF8, 0x55, 0x54, 0xB4, 0x2D, 0x1A, 0x43, 0x30, 0x06, 0x27, 0x1C, 0x10, 0x40, 0x13, 0x05,
    0x1E, 0x30, 0x02, 0x9A, 0x1B, 0x31, 0x07, 0x20, 0xA5, 0x1B, 0x30, 0x01, 0xA3, 0x1B, 0x31, 0x1B,
    0x20, 0xA5, 0x1B, 0x31, 0x2F, 0x02, 0x23, 0x42, 0x07, 0x12, 0xFC, 0x07, 0x14, 0xFF, 0x38, 0x14,
    0xC0, 0xB6, 0x1B, 0x20, 0xA7, 0x1B, 0x0B, 0x00, 0x12, 0x0B, 0x00, 0x14, 0x06, 0x14, 0xB6, 0x1B,
    0x02, 0x1E, 0x30, 0x02, 0xCB, 0x1B, 0x31, 0x0F, 0x21, 0xD6, 0x1B, 0x30, 0x01, 0xD4, 0x1B, 0x31,
    0x23, 0x21, 0xD6, 0x1B, 0x31, 0x37, 0x07, 0x14, 0x04, 0x06, 0x07, 0xD6, 0x1B, 0x02, 0x15, 0x0D,
    0x00, 0x14, 0x22, 0x3C, 0x05, 0x0D, 0xEA, 0x12, 0x02, 0x07, 0x20, 0x27, 0x1C, 0x30, 0x03, 0xF2,
    0x1B, 0xA6, 0x35, 0x02, 0x04, 0x36, 0x22, 0x0A, 0x01, 0x30, 0x02, 0x02, 0x1C, 0x31, 0x09, 0x20,
    0x0D, 0x1C, 0x30, 0x01, 0x0B, 0x1C, 0x31, 0x1D, 0x20, 0x0D, 0x1C, 0x31, 0x31, 0x1B, 0x0D, 0x00,
    0x13, 0x0B, 0xEC, 0x15, 0x08, 0x0E, 0xFD, 0xFF, 0x07, 0x14, 0x0A, 0x06, 0x32, 0x11, 0x1C, 0x35,
    0x07, 0x14, 0x0A, 0x06, 0x1E, 0x20, 0x1C, 0x15, 0x0F, 0x1A, 0x54, 0xA2, 0x2D, 0x43, 0x02, 0x0C,
    0x10, 0x40, 0x13, 0x05, 0x1E, 0x02, 0x14, 0x6F, 0x42, 0x45, 0x02, 0x0F, 0x07, 0x12, 0xFC, 0x07,
    0x14, 0xFF, 0x06, 0x3F, 0x3C, 0x1C, 0x0B, 0x00, 0x12, 0x0B, 0x00, 0x14, 0x06, 0x14, 0x46, 0x1C,
    0x45, 0x02, 0x08, 0x45, 0x10, 0x64, 0x2A, 0x02, 0x08, 0x45, 0x02, 0x0E, 0x10, 0x02, 0x2A, 0x07,
    0x14, 0x04, 0x06, 0x07, 0x5F, 0x1C, 0x02, 0x14, 0x0D, 0x00, 0x14, 0x22, 0x3C, 0x05, 0x0D, 0xEA,
    0x12, 0x51, 0x7B, 0x1C, 0x02, 0x07, 0x05, 0x00, 0x20, 0x9E, 0x1C, 0x1B, 0x0D, 0x80, 0x13, 0x10,
    0x0A, 0x2A, 0x0A, 0x07, 0x14, 0x10, 0x02, 0x05, 0x07, 0x14, 0xE0, 0x02, 0x05, 0x07, 0x14, 0x10,
    0x02, 0x05, 0x35, 0x02, 0x05, 0x36, 0x0D, 0x40, 0x13, 0x22, 0x32, 0x02, 0x02, 0x32, 0x15, 0x0F,
    0x54, 0xB4, 0x2D, 0x43, 0x30, 0x06, 0xD5, 0x1D, 0x0B, 0xC8, 0x13, 0x0B, 0xE0, 0x14, 0x06, 0x14,
    0xA8, 0x1C, 0x30, 0x02, 0xBB, 0x1C, 0x31, 0x07, 0x20, 0xC6, 0x1C, 0x30, 0x01, 0xC4, 0x1C, 0x31,
    0x1B, 0x20, 0xC6, 0x1C, 0x31, 0x2F, 0x05, 0x1E, 0x02, 0x28, 0x0B, 0x00, 0x13, 0x0B, 0x00, 0x14,
    0x06, 0x14, 0xCA, 0x1C, 0x1A, 0x07, 0x14, 0x01, 0x07, 0x12, 0xFE, 0x06, 0x0F, 0xD5, 0x1C, 0xA6,
    0x07, 0x14, 0xFF, 0x07, 0x12, 0x02, 0x06, 0x0F, 0xE0, 0x1C, 0xA6, 0x22, 0x28, 0x01, 0x07, 0x14,
    0x01, 0x07, 0x12, 0x02, 0x06, 0x18, 0xEE, 0x1C, 0x30, 0x02, 0x01, 0x1D, 0x31, 0x45, 0x21, 0x0C,
    0x1D, 0x30, 0x01, 0x0A, 0x1D, 0x31, 0x46, 0x21, 0x0C, 0x1D, 0x31, 0x47, 0x02, 0x03, 0x22, 0x1E,
    0x01, 0x0B, 0x00, 0x14, 0x0B, 0xF5, 0x12, 0x06, 0x14, 0x11, 0x1D, 0x02, 0x04, 0x07, 0x14, 0xF3,
    0x02, 0x15, 0x07, 0x14, 0x0D, 0x02, 0x04, 0x07, 0x12, 0xFA, 0x06, 0x12, 0x27, 0x1D, 0x1B, 0x02,
    0x05, 0x07, 0x14, 0xF8, 0x06, 0x0F, 0x31, 0x1D, 0x30, 0x02, 0x41, 0x1D, 0x31, 0x0F, 0x20, 0x4C,
    0x1D, 0x30, 0x01, 0x4A, 0x1D, 0x31, 0x23, 0x20, 0x4C, 0x1D, 0x31, 0x37, 0x22, 0x32, 0x02, 0x0D,
    0xC0, 0x12, 0x05, 0x00, 0x20, 0xD5, 0x1D, 0x1B, 0x35, 0x05, 0x0A, 0x30, 0x02, 0x64, 0x1D, 0x31,
    0x09, 0x20, 0x6F, 0x1D, 0x30, 0x01, 0x6D, 0x1D, 0x31, 0x1D, 0x20, 0x6F, 0x1D, 0x31, 0x31, 0x0D,
    0xC0, 0x13, 0x0D, 0xE0, 0x12, 0x05, 0x1E, 0x8A, 0x0A, 0x07, 0x14, 0x08, 0x57, 0x22, 0x00, 0x01,
    0x35, 0x02, 0x04, 0x36, 0x07, 0x14, 0x10, 0x02, 0x05, 0x07, 0x14, 0xE0, 0x02, 0x05, 0x07, 0x14,
    0x10, 0x02, 0x05, 0x0B, 0x80, 0x13, 0x0B, 0x80, 0x12, 0x06, 0x0F, 0x93, 0x1D, 0x30, 0x02, 0xA6,
    0x1D, 0x31, 0x09, 0x20, 0xB3, 0x1D, 0x30, 0x01, 0xAF, 0x1D, 0x31, 0x1D, 0x20, 0xB3, 0x1D, 0x31,
    0x31, 0x02, 0x02, 0x0D, 0xF0, 0x15, 0x07, 0x14, 0x0A, 0x08, 0x0E, 0x04, 0x00, 0x08, 0x0C, 0xFA,
    0xFF, 0x06, 0x25, 0xB6, 0x1D, 0x35, 0x07, 0x14, 0x0A, 0x08, 0x0E, 0x04, 0x00, 0x08, 0x0C, 0xFA,
    0xFF, 0x06, 0x12, 0xC6, 0x1D, 0x15, 0x0F, 0x54, 0xA2, 0x2D, 0x43, 0x02, 0x0C, 0x0B, 0xC8, 0x13,
    0x0B, 0xE0, 0x14, 0x06, 0x0A, 0xDD, 0x1D, 0x45, 0x0B, 0xC8, 0x13, 0x0B, 0xE0, 0x14, 0x06, 0x09,
    0xE8, 0x1D, 0x05, 0x1E, 0x6F, 0x02, 0x28, 0x0B, 0x00, 0x13, 0x0B, 0x00, 0x14, 0x06, 0x14, 0xF7,
    0x1D, 0x1A, 0x45, 0x07, 0x14, 0x01, 0x07, 0x12, 0xFE, 0x06, 0x0F, 0x03, 0x1E, 0x45, 0xA6, 0x07,
    0x14, 0xFF, 0x07, 0x12, 0x02, 0x06, 0x0F, 0x0F, 0x1E, 0x45, 0xA6, 0x22, 0x28, 0x01, 0x07, 0x14,
    0x01, 0x07, 0x12, 0x02, 0x06, 0x18, 0x1E, 0x1E, 0x02, 0x03, 0x22, 0x1E, 0x01, 0x45, 0x51, 0xAC,
    0x1E, 0x0B, 0x00, 0x14, 0x0B, 0xF5, 0x12, 0x06, 0x14, 0x31, 0x1E, 0x45, 0x02, 0x04, 0x07, 0x14,
    0xF3, 0x02, 0x15, 0x07, 0x14, 0x0D, 0x02, 0x04, 0x07, 0x12, 0xFA, 0x06, 0x12, 0x48, 0x1E, 0x45,
    0x1B, 0x02, 0x08, 0x45, 0x07, 0x14, 0xF8, 0x06, 0x0F, 0x54, 0x1E, 0x22, 0x32, 0x02, 0x02, 0x05,
    0x0D, 0xC0, 0x12, 0x05, 0x00, 0x51, 0x6B, 0x1E, 0x20, 0xAA, 0x1E, 0x10, 0x00, 0x14, 0x10, 0x40,
    0x12, 0x10, 0x80, 0x13, 0x11, 0x00, 0x00, 0x0C, 0x11, 0xB4, 0xFB, 0x0E, 0x05, 0x32, 0x3B, 0x0E,
    0x3E, 0xFE, 0xC8, 0x00, 0x89, 0x1E, 0x20, 0x7E, 0x1E, 0x10, 0x0A, 0x2A, 0x22, 0x00, 0x01, 0x0D,
    0x00, 0x12, 0x05, 0x00, 0x1A, 0x0D, 0x1C, 0x14, 0x0D, 0x00, 0x14, 0x35, 0x0D, 0xFA, 0x12, 0x22,
    0x46, 0x02, 0x36, 0x02, 0x08, 0x0D, 0xC0, 0x12, 0x02, 0x14, 0x15, 0x0F, 0x02, 0x1E, 0x01, 0x02,
    0x0A, 0x15, 0x0F, 0x54, 0xB4, 0x2D, 0x43, 0x1A, 0x30, 0x06, 0x28, 0x20, 0x07, 0x12, 0xE0, 0x05,
    0x1E, 0x30, 0x02, 0xCA, 0x1E, 0x31, 0x07, 0x20, 0xD5, 0x1E, 0x30, 0x01, 0xD3, 0x1E, 0x31, 0x1B,
    0x20, 0xD5, 0x1E, 0x31, 0x2F, 0x0B, 0x00, 0x12, 0x0C, 0x00, 0x00, 0x0C, 0x0C, 0xC4, 0xFF, 0x0E,
    0x06, 0x14, 0xD5, 0x1E, 0x02, 0x14, 0x20, 0x8B, 0x1F, 0x20, 0x1F, 0x1F, 0x10, 0x01, 0xB2, 0x0D,
    0xF2, 0x14, 0x0D, 0x00, 0x14, 0x07, 0x12, 0xFC, 0x06, 0x1F, 0xF5, 0x1E, 0x10, 0x80, 0x12, 0x3B,
    0x0C, 0x9C, 0xFF, 0x2C, 0x01, 0x0A, 0x1F, 0x20, 0xFF, 0x1E, 0x54, 0x2A, 0x20, 0x0D, 0x0E, 0x14,
    0x0D, 0x00, 0x14, 0x02, 0x0A, 0x07, 0x12, 0xFC, 0x06, 0x1F, 0x15, 0x1F, 0x20, 0xC8, 0x1F, 0x10,
    0x02, 0xB2, 0x0D, 0x0E, 0x14, 0x0D, 0x00, 0x14, 0x07, 0x12, 0xFC, 0x06, 0x1F, 0x28, 0x1F, 0x10,
    0x80, 0x12, 0x3B, 0x0C, 0xD4, 0xFE, 0x64, 0x00, 0x3D, 0x1F, 0x20, 0x32, 0x1F, 0x54, 0x2A, 0x20,
    0x0D, 0xF2, 0x14, 0x0D, 0x00, 0x14, 0x02, 0x0A, 0x07, 0x12, 0xFC, 0x06, 0x1F, 0x48, 0x1F, 0x20,
    0xC8, 0x1F, 0x10, 0x03, 0xB2, 0x0D, 0xF2, 0x14, 0x0D, 0x00, 0x14, 0x1B, 0x07, 0x12, 0x04, 0x0B,
    0x80, 0x14, 0x06, 0x1F, 0x5C, 0x1F, 0x3B, 0x0C, 0x9C, 0xFF, 0xC8, 0x00, 0x71, 0x1F, 0x20, 0x66,
    0x1F, 0x54, 0x2A, 0x20, 0x0D, 0x00, 0x13, 0x02, 0x09, 0x07, 0x12, 0x04, 0x0B, 0x00, 0x14, 0x06,
    0x1F, 0x79, 0x1F, 0x1A, 0x0E, 0x00, 0x00, 0x0C, 0x20, 0xD2, 0x1F, 0x10, 0x04, 0xB2, 0x0D, 0x0E,
    0x14, 0x0D, 0x00, 0x14, 0x1B, 0x07, 0x12, 0x04, 0x0B, 0x80, 0x14, 0x06, 0x1F, 0x95, 0x1F, 0x3B,
    0x0C, 0x38, 0xFF, 0x64, 0x00, 0xAA, 0x1F, 0x20, 0x9F, 0x1F, 0x54, 0x2A, 0x20, 0x0D, 0x00, 0x13,
    0x02, 0x09, 0x07, 0x12, 0x04, 0x0B, 0x00, 0x14, 0x06, 0x1F, 0xB2, 0x1F, 0x1A, 0x0E, 0x00, 0x00,
    0x0C, 0x0E, 0xC4, 0xFF, 0x0E, 0x20, 0xD2, 0x1F, 0x0E, 0x00, 0x00, 0x0C, 0x0E, 0xC4, 0xFF, 0x0E,
    0x02, 0x0A, 0x02, 0x0A, 0x02, 0x0A, 0x30, 0x02, 0xDF, 0x1F, 0x31, 0x0F, 0x20, 0xEA, 0x1F, 0x30,
    0x01, 0xE8, 0x1F, 0x31, 0x23, 0x20, 0xEA, 0x1F, 0x31, 0x37, 0x20, 0x22, 0x20, 0x02, 0x07, 0x35,
    0x02, 0x04, 0x36, 0x1B, 0x30, 0x02, 0xFD, 0x1F, 0x31, 0x09, 0x20, 0x08, 0x20, 0x30, 0x01, 0x06,
    0x20, 0x31, 0x1D, 0x20, 0x08, 0x20, 0x31, 0x31, 0x07, 0x14, 0x0A, 0x0B, 0xF2, 0x15, 0x08, 0x0E,
    0x01, 0x00, 0x06, 0x32, 0x08, 0x20, 0x35, 0x07, 0x14, 0x0A, 0x08, 0x0E, 0x02, 0x00, 0x06, 0x1E,
    0x17, 0x20, 0x22, 0x46, 0x01, 0x0D, 0xC0, 0x12, 0x15, 0x0F, 0x30, 0x02, 0x31, 0x20, 0x31, 0x45,
    0x55, 0x30, 0x01, 0x38, 0x20, 0x31, 0x46, 0x55, 0x31, 0x47, 0x55, 0x1B, 0x05, 0x00, 0x35, 0x30,
    0x02, 0x48, 0x20, 0x31, 0x09, 0x21, 0x53, 0x20, 0x30, 0x01, 0x51, 0x20, 0x31, 0x1D, 0x21, 0x53,
    0x20, 0x31, 0x31, 0x08, 0x10, 0xEC, 0xFF, 0x0B, 0x00, 0x12, 0x0B, 0x00, 0x13, 0x07, 0x14, 0x08,
    0x08, 0x0E, 0xF6, 0xFF, 0x21, 0x6B, 0x20, 0x08, 0x0E, 0x0A, 0x00, 0x08, 0x0C, 0xF6, 0xFF, 0x21,
    0x76, 0x20, 0x08, 0x0C, 0x0A, 0x00, 0x06, 0x3C, 0x53, 0x20, 0x0F, 0x1A, 0x10, 0x00, 0xB3, 0x54,
    0xA2, 0x2D, 0x43, 0x07, 0x12, 0xE0, 0x02, 0x0C, 0x05, 0x1E, 0x6F, 0x0B, 0x00, 0x12, 0x0C, 0x00,
    0x00, 0x0C, 0x0C, 0xC4, 0xFF, 0x0E, 0x06, 0x14, 0x8B, 0x20, 0x02, 0x14, 0x38, 0xB2, 0x01, 0xB6,
    0x20, 0x38, 0xB2, 0x02, 0xF5, 0x20, 0x38, 0xB2, 0x03, 0x34, 0x21, 0x38, 0xB2, 0x04, 0x75, 0x21,
    0x20, 0x75, 0x21, 0x20, 0xF5, 0x20, 0x45, 0x02, 0x0A, 0x0D, 0xF2, 0x14, 0x0D, 0x00, 0x14, 0x45,
    0x07, 0x12, 0xFC, 0x07, 0xB3, 0x01, 0x72, 0x38, 0xB3, 0x14, 0xCD, 0x20, 0x45, 0x06, 0x1F, 0xC0,
    0x20, 0x10, 0x80, 0x12, 0x45, 0x51, 0xC3, 0x21, 0x3B, 0x0C, 0x9C, 0xFF, 0x2C, 0x01, 0xE3, 0x20,
    0x20, 0xD8, 0x20, 0x0D, 0x0E, 0x14, 0x0D, 0x00, 0x14, 0x02, 0x0A, 0x07, 0x12, 0xFC, 0x06, 0x1F,
    0xEB, 0x20, 0x20, 0xB3, 0x21, 0x45, 0x02, 0x0A, 0x0D, 0x0E, 0x14, 0x0D, 0x00, 0x14, 0x45, 0x07,
    0x12, 0xFC, 0x07, 0xB3, 0x01, 0x72, 0x38, 0xB3, 0x14, 0x0C, 0x21, 0x45, 0x06, 0x1F, 0xFF, 0x20,
    0x10, 0x80, 0x12, 0x45, 0x51, 0xC3, 0x21, 0x3B, 0x0C, 0xD4, 0xFE, 0x64, 0x00, 0x22, 0x21, 0x20,
    0x17, 0x21, 0x0D, 0xF2, 0x14, 0x0D, 0x00, 0x14, 0x02, 0x0A, 0x07, 0x12, 0xFC, 0x06, 0x1F, 0x2A,
    0x21, 0x20, 0xB3, 0x21, 0x45, 0x02, 0x09, 0x0D, 0xF2, 0x14, 0x0D, 0x00, 0x14, 0x1B, 0x45, 0x07,
    0x12, 0x04, 0x0B, 0x80, 0x14, 0x07, 0xB3, 0x01, 0x72, 0x38, 0xB3, 0x19, 0x4F, 0x21, 0x45, 0x06,
    0x1F, 0x3F, 0x21, 0x45, 0x51, 0xC3, 0x21, 0x3B, 0x0C, 0x9C, 0xFF, 0xC8, 0x00, 0x62, 0x21, 0x20,
    0x57, 0x21, 0x0D, 0x00, 0x13, 0x02, 0x0A, 0x07, 0x12, 0x04, 0x0B, 0x00, 0x14, 0x06, 0x1F, 0x67,
    0x21, 0x1A, 0x20, 0xB3, 0x21, 0x45, 0x02, 0x0A, 0x0D, 0x0E, 0x14, 0x0D, 0x00, 0x14, 0x45, 0x1B,
    0x07, 0x12, 0x04, 0x0B, 0x80, 0x14, 0x07, 0xB3, 0x01, 0x72, 0x38, 0xB3, 0x19, 0x90, 0x21, 0x45,
    0x06, 0x1F, 0x80, 0x21, 0x45, 0x51, 0xC3, 0x21, 0x3B, 0x0C, 0x38, 0xFF, 0x64, 0x00, 0xA3, 0x21,
    0x20, 0x98, 0x21, 0x0D, 0x00, 0x13, 0x02, 0x0A, 0x07, 0x12, 0x04, 0x0B, 0x00, 0x14, 0x06, 0x1F,
    0xA8, 0x21, 0x1A, 0x45, 0x02, 0x19, 0x22, 0x46, 0x01, 0x0D, 0xC0, 0x12, 0x51, 0xC3, 0x21, 0x02,
    0x0A, 0x15, 0x0F, 0x0A, 0x35, 0x02, 0x04, 0x36, 0x45, 0x01, 0x42, 0x0F, 0x54, 0xC5, 0x2D, 0x43,
    0x30, 0x06, 0x7E, 0x22, 0x0B, 0x38, 0x13, 0x0B, 0xE0, 0x14, 0x06, 0x14, 0xD4, 0x21, 0x30, 0x02,
    0xE7, 0x21, 0x31, 0x0D, 0x21, 0xF2, 0x21, 0x30, 0x01, 0xF0, 0x21, 0x31, 0x21, 0x21, 0xF2, 0x21,
    0x31, 0x32, 0x02, 0x14, 0x05, 0x28, 0x02, 0x17, 0x42, 0x30, 0x02, 0x03, 0x22, 0x54, 0x80, 0x22,
    0x20, 0x10, 0x22, 0x30, 0x01, 0x0D, 0x22, 0x54, 0xB5, 0x22, 0x20, 0x10, 0x22, 0x54, 0xEA, 0x22,
    0x0B, 0x00, 0x13, 0x0B, 0x00, 0x14, 0x06, 0x12, 0x10, 0x22, 0xA6, 0x1A, 0x0B, 0xE5, 0x14, 0x0B,
    0x20, 0x12, 0x06, 0x0A, 0x1C, 0x22, 0x46, 0x0D, 0x00, 0x14, 0x0D, 0x00, 0x12, 0x07, 0x12, 0xFC,
    0x06, 0x20, 0x2D, 0x22, 0x30, 0x02, 0x3E, 0x22, 0x54, 0x80, 0x22, 0x21, 0x67, 0x22, 0x30, 0x01,
    0x48, 0x22, 0x54, 0xB5, 0x22, 0x21, 0x67, 0x22, 0x54, 0xEA, 0x22, 0x21, 0x67, 0x22, 0x30, 0x02,
    0x57, 0x22, 0x31, 0x16, 0x20, 0x62, 0x22, 0x30, 0x01, 0x60, 0x22, 0x31, 0x2A, 0x20, 0x62, 0x22,
    0x31, 0x3D, 0x02, 0x0C, 0x20, 0x6A, 0x22, 0x46, 0x02, 0x08, 0x0D, 0x10, 0x14, 0x0D, 0x00, 0x14,
    0x22, 0x1E, 0x01, 0x1B, 0x07, 0x12, 0xFF, 0x07, 0x14, 0xF8, 0x06, 0x1F, 0x74, 0x22, 0x15, 0x0F,
    0x37, 0x9C, 0x22, 0x37, 0x91, 0x22, 0x38, 0xB2, 0x17, 0x91, 0x22, 0x31, 0x17, 0x10, 0x17, 0xB2,
    0x55, 0x38, 0xB2, 0x0C, 0x9C, 0x22, 0x31, 0x0C, 0x10, 0x0C, 0xB2, 0x55, 0x37, 0xAA, 0x22, 0x38,
    0xB2, 0x0B, 0xAA, 0x22, 0x31, 0x0B, 0x10, 0x0B, 0xB2, 0x55, 0x38, 0xB2, 0x0A, 0x86, 0x22, 0x31,
    0x0A, 0x10, 0x0A, 0xB2, 0x55, 0x37, 0xD1, 0x22, 0x37, 0xC6, 0x22, 0x38, 0xB2, 0x2B, 0xC6, 0x22,
    0x31, 0x2B, 0x10, 0x2B, 0xB2, 0x55, 0x38, 0xB2, 0x20, 0xD1, 0x22, 0x31, 0x20, 0x10, 0x20, 0xB2,
    0x55, 0x37, 0xDF, 0x22, 0x38, 0xB2, 0x1F, 0xDF, 0x22, 0x31, 0x1F, 0x10, 0x1F, 0xB2, 0x55, 0x38,
    0xB2, 0x1E, 0xBB, 0x22, 0x31, 0x1E, 0x10, 0x1E, 0xB2, 0x55, 0x37, 0x06, 0x23, 0x37, 0xFB, 0x22,
    0x38, 0xB2, 0x3E, 0xFB, 0x22, 0x31, 0x3E, 0x10, 0x3E, 0xB2, 0x55, 0x38, 0xB2, 0x35, 0x06, 0x23,
    0x31, 0x35, 0x10, 0x35, 0xB2, 0x55, 0x37, 0x14, 0x23, 0x38, 0xB2, 0x34, 0x14, 0x23, 0x31, 0x34,
    0x10, 0x34, 0xB2, 0x55, 0x38, 0xB2, 0x33, 0xF0, 0x22, 0x31, 0x33, 0x10, 0x33, 0xB2, 0x55, 0x4B,
    0x00, 0x00, 0x03, 0x43, 0x10, 0x06, 0x2A, 0x0B, 0x38, 0x13, 0x0B, 0xE0, 0x14, 0x06, 0x14, 0x27,
    0x23, 0x05, 0x28, 0x02, 0x17, 0x0B, 0x00, 0x13, 0x0B, 0x00, 0x14, 0x06, 0x12, 0x35, 0x23, 0xA6,
    0x1A, 0xA6, 0x22, 0x00, 0x02, 0x0D, 0xE0, 0x12, 0x0D, 0x1C, 0x14, 0x0D, 0x00, 0x14, 0x05, 0x00,
    0x0B, 0x13, 0x12, 0x0B, 0x8A, 0x13, 0x06, 0x0A, 0x50, 0x23, 0x45, 0x08, 0x0E, 0x01, 0x00, 0xA6,
    0x08, 0x0E, 0x01, 0x00, 0xA6, 0x8A, 0x04, 0x08, 0x0E, 0x03, 0x00, 0x57, 0xA6, 0x08, 0x0E, 0x01,
    0x00, 0xA6, 0x0D, 0x8C, 0x13, 0x45, 0x08, 0x0E, 0x01, 0x00, 0x02, 0x05, 0x8A, 0x03, 0x08, 0x0E,
    0xFF, 0xFF, 0x57, 0xA6, 0x0D, 0x88, 0x13, 0x45, 0x8A, 0x04, 0x08, 0x0E, 0xFF, 0xFF, 0x57, 0x02,
    0x07, 0x05, 0x0A, 0x35, 0x02, 0x04, 0x36, 0x04, 0x07, 0x14, 0x0A, 0x07, 0x12, 0x0A, 0x08, 0x0C,
    0x0A, 0x00, 0x08, 0x0E, 0x05, 0x00, 0x06, 0x0F, 0x98, 0x23, 0x35, 0x07, 0x14, 0x0A, 0x07, 0x12,
    0x0A, 0x08, 0x0C, 0x0A, 0x00, 0x08, 0x0E, 0x05, 0x00, 0x06, 0x0F, 0xAB, 0x23, 0x15, 0x0F, 0x4B,
    0x00, 0x00, 0x03, 0x43, 0x02, 0x03, 0x0B, 0x38, 0x13, 0x0B, 0xE0, 0x14, 0x06, 0x14, 0xC6, 0x23,
    0x05, 0x28, 0x02, 0x17, 0x0B, 0x00, 0x13, 0x0B, 0x00, 0x14, 0x06, 0x12, 0xD4, 0x23, 0xA6, 0x1A,
    0x0B, 0xE5, 0x14, 0x0B, 0x20, 0x12, 0x06, 0x0A, 0xE0, 0x23, 0x04, 0x0D, 0x00, 0x14, 0x02, 0x04,
    0x15, 0x0F, 0x54, 0xC5, 0x2D, 0x1A, 0x43, 0x30, 0x06, 0x9C, 0x24, 0x02, 0x12, 0x0D, 0x32, 0x12,
    0x22, 0x28, 0x01, 0x30, 0x02, 0x0C, 0x24, 0x31, 0x0D, 0x20, 0x17, 0x24, 0x30, 0x01, 0x15, 0x24,
    0x31, 0x21, 0x20, 0x17, 0x24, 0x31, 0x32, 0x02, 0x23, 0x0D, 0x00, 0x12, 0x42, 0x02, 0x02, 0x0D,
    0x0D, 0x14, 0x0D, 0x00, 0x14, 0xA6, 0x30, 0x02, 0x30, 0x24, 0x54, 0x80, 0x22, 0x20, 0x3D, 0x24,
    0x30, 0x01, 0x3A, 0x24, 0x54, 0xB5, 0x22, 0x20, 0x3D, 0x24, 0x54, 0xEA, 0x22, 0x07, 0x12, 0xFC,
    0x06, 0x0F, 0x3D, 0x24, 0x46, 0x02, 0x05, 0x22, 0x0A, 0x02, 0x02, 0x0F, 0x1B, 0x07, 0x12, 0xF8,
    0x07, 0x14, 0x08, 0x06, 0x0F, 0x4D, 0x24, 0x22, 0x28, 0x01, 0x02, 0x14, 0x07, 0x12, 0x04, 0x06,
    0x0F, 0x5C, 0x24, 0x30, 0x02, 0x6D, 0x24, 0x54, 0x80, 0x22, 0x20, 0x7A, 0x24, 0x30, 0x01, 0x77,
    0x24, 0x54, 0xB5, 0x22, 0x20, 0x7A, 0x24, 0x54, 0xEA, 0x22, 0x46, 0x20, 0x92, 0x24, 0x30, 0x02,
    0x87, 0x24, 0x31, 0x16, 0x20, 0x92, 0x24, 0x30, 0x01, 0x90, 0x24, 0x31, 0x2A, 0x20, 0x92, 0x24,
    0x31, 0x3D, 0x02, 0x02, 0x0D, 0x04, 0x13, 0x0D, 0x82, 0x12, 0x02, 0x28, 0x15, 0x0F, 0x4B, 0x00,
    0x00, 0x03, 0x43, 0x02, 0x03, 0x02, 0x5A, 0x0D, 0x40, 0x13, 0x05, 0x28, 0x02, 0x14, 0x22, 0x00,
    0x02, 0x02, 0x14, 0x0B, 0x6E, 0x13, 0x0B, 0xFA, 0x12, 0x06, 0x14, 0xB3, 0x24, 0x45, 0x08, 0x0E,
    0xFF, 0xFF, 0xA6, 0x08, 0x0E, 0xFF, 0xFF, 0xA6, 0x8A, 0x04, 0x08, 0x0E, 0xFD, 0xFF, 0x57, 0xA6,
    0x08, 0x0E, 0xFF, 0xFF, 0xA6, 0x08, 0x0E, 0xFF, 0xFF, 0xA6, 0x0D, 0x70, 0x13, 0x45, 0x02, 0x04,
    0x08, 0x0E, 0x01, 0x00, 0xA6, 0x08, 0x0E, 0x01, 0x00, 0xA6, 0x08, 0x0E, 0x03, 0x00, 0xA6, 0x08,
    0x0E, 0x03, 0x00, 0xA6, 0x0D, 0x72, 0x13, 0x45, 0x08, 0x0E, 0x03, 0x00, 0xA6, 0x08, 0x0E, 0x03,
    0x00, 0xA6, 0x08, 0x0E, 0x01, 0x00, 0xA6, 0x08, 0x0E, 0x01, 0x00, 0x02, 0x05, 0x10, 0xC8, 0x2A,
    0x0D, 0x74, 0x13, 0x45, 0x08, 0x0E, 0xFF, 0xFF, 0xA6, 0x08, 0x0E, 0xFF, 0xFF, 0xA6, 0x8A, 0x04,
    0x08, 0x0E, 0xFD, 0xFF, 0x57, 0xA6, 0x08, 0x0E, 0xFF, 0xFF, 0xA6, 0x08, 0x0E, 0xFF, 0xFF, 0xA6,
    0x0D, 0x76, 0x13, 0x45, 0x02, 0x05, 0x15, 0x0F, 0x4B, 0x00, 0x00, 0x03, 0x43, 0x1A, 0x02, 0x03,
    0x10, 0xC8, 0x2A, 0x0D, 0x32, 0x12, 0x22, 0x28, 0x01, 0x02, 0x23, 0x0D, 0x00, 0x12, 0x02, 0x02,
    0x0D, 0x0D, 0x14, 0x0D, 0x00, 0x14, 0x02, 0x03, 0x07, 0x12, 0xFC, 0x06, 0x0F, 0x58, 0x25, 0x22,
    0x1E, 0x01, 0x02, 0x13, 0x15, 0x0F, 0x54, 0xB4, 0x2D, 0x43, 0x30, 0x06, 0x3E, 0x26, 0x0D, 0x23,
    0x12, 0x0D, 0xD7, 0x13, 0x30, 0x02, 0x7D, 0x25, 0x31, 0x07, 0x20, 0x88, 0x25, 0x30, 0x01, 0x86,
    0x25, 0x31, 0x1B, 0x20, 0x88, 0x25, 0x31, 0x2F, 0x05, 0x28, 0x02, 0x03, 0x0D, 0x00, 0x12, 0x02,
    0x0E, 0x42, 0x1A, 0x0D, 0x14, 0x14, 0x0D, 0x00, 0x14, 0x02, 0x0F, 0x54, 0x40, 0x26, 0x07, 0x12,
    0xFE, 0x07, 0x14, 0x03, 0x06, 0x0F, 0x9E, 0x25, 0x07, 0x12, 0x02, 0x07, 0x14, 0xFD, 0x06, 0x0F,
    0xA8, 0x25, 0x02, 0x16, 0x07, 0x12, 0x02, 0x07, 0x14, 0xFC, 0x06, 0x07, 0xB4, 0x25, 0x02, 0x07,
    0x07, 0x12, 0xFE, 0x07, 0x14, 0x04, 0x06, 0x07, 0xC0, 0x25, 0x02, 0x19, 0x30, 0x02, 0xD5, 0x25,
    0x31, 0x0F, 0x20, 0xE0, 0x25, 0x30, 0x01, 0xDE, 0x25, 0x31, 0x23, 0x20, 0xE0, 0x25, 0x31, 0x37,
    0x02, 0x05, 0x07, 0x14, 0x02, 0x06, 0x08, 0xE2, 0x25, 0x0D, 0x00, 0x14, 0x22, 0x46, 0x02, 0x0D,
    0xF8, 0x12, 0x02, 0x1E, 0x20, 0x3E, 0x26, 0x02, 0x08, 0x30, 0x02, 0x02, 0x26, 0x31, 0x09, 0x20,
    0x0D, 0x26, 0x30, 0x01, 0x0B, 0x26, 0x31, 0x1D, 0x20, 0x0D, 0x26, 0x31, 0x31, 0x22, 0x00, 0x01,
    0x35, 0x02, 0x04, 0x36, 0x1B, 0x08, 0x0E, 0x08, 0x00, 0x07, 0x13, 0xFA, 0x07, 0x14, 0xF6, 0x20,
    0x15, 0x26, 0x35, 0x0B, 0x00, 0x13, 0x07, 0x14, 0xF6, 0x08, 0x0E, 0xFC, 0xFF, 0x06, 0x14, 0x23,
    0x26, 0x0D, 0xEE, 0x15, 0x07, 0x14, 0xF6, 0x08, 0x0E, 0x04, 0x00, 0x20, 0x34, 0x26, 0x15, 0x0F,
    0x30, 0x02, 0x47, 0x26, 0x31, 0x45, 0x55, 0x30, 0x01, 0x4E, 0x26, 0x31, 0x46, 0x55, 0x31, 0x47,
    0x55, 0x35, 0x30, 0x02, 0x5B, 0x26, 0x31, 0x09, 0x21, 0x66, 0x26, 0x30, 0x01, 0x64, 0x26, 0x31,
    0x1D, 0x21, 0x66, 0x26, 0x31, 0x31, 0x07, 0x12, 0xFE, 0x07, 0x14, 0x03, 0x08, 0x0E, 0x08, 0x00,
    0x06, 0x0F, 0x66, 0x26, 0x07, 0x12, 0x02, 0x07, 0x14, 0xFD, 0x08, 0x0E, 0x08, 0x00, 0x06, 0x0F,
    0x74, 0x26, 0x0F, 0x54, 0xA2, 0x2D, 0x43, 0x02, 0x03, 0x0D, 0x23, 0x12, 0x0D, 0xD7, 0x13, 0x02,
    0x0C, 0x05, 0x28, 0x6F, 0x02, 0x03, 0x0D, 0x00, 0x12, 0x45, 0x02, 0x0E, 0x42, 0x1A, 0x0D, 0x14,
    0x14, 0x0D, 0x00, 0x14, 0x45, 0x02, 0x05, 0x45, 0x02, 0x0A, 0x07, 0x12, 0xFE, 0x07, 0x14, 0x03,
    0x06, 0x0F, 0xAA, 0x26, 0x07, 0x12, 0x02, 0x07, 0x14, 0xFD, 0x06, 0x0F, 0xB4, 0x26, 0x45, 0x02,
    0x06, 0x45, 0x02, 0x10, 0x07, 0x12, 0x02, 0x07, 0x14, 0xFC, 0x06, 0x07, 0xC4, 0x26, 0x02, 0x07,
    0x07, 0x12, 0xFE, 0x07, 0x14, 0x04, 0x06, 0x07, 0xD0, 0x26, 0x45, 0x02, 0x19, 0x07, 0x14, 0x02,
    0x07, 0x12, 0xFF, 0x06, 0x08, 0xDD, 0x26, 0x0D, 0x00, 0x14, 0x22, 0x46, 0x02, 0x0D, 0xE0, 0x12,
    0x15, 0x0F, 0x0A, 0x45, 0x22, 0x28, 0x02, 0x42, 0x0D, 0x00, 0x12, 0x02, 0x3C, 0x15, 0x0F, 0x54,
    0xB4, 0x2D, 0x43, 0x30, 0x06, 0xE0, 0x27, 0x30, 0x02, 0x10, 0x27, 0x31, 0x07, 0x21, 0x1B, 0x27,
    0x30, 0x01, 0x19, 0x27, 0x31, 0x1B, 0x21, 0x1B, 0x27, 0x31, 0x2F, 0x05, 0x32, 0x02, 0x04, 0x10,
    0x20, 0x12, 0x02, 0x02, 0x0D, 0x00, 0x12, 0x02, 0x0F, 0x42, 0x07, 0x12, 0xF8, 0x06, 0x07, 0x2A,
    0x27, 0xA6, 0x22, 0x0A, 0x01, 0x0D, 0x20, 0x13, 0x0D, 0x80, 0x12, 0x02, 0x05, 0x54, 0xE2, 0x27,
    0x22, 0x32, 0x02, 0x0B, 0x40, 0x12, 0x0B, 0x70, 0x13, 0x06, 0x0F, 0x43, 0x27, 0xA6, 0x3B, 0x0E,
    0x5C, 0xFE, 0x00, 0x00, 0x59, 0x27, 0x20, 0x4D, 0x27, 0x07, 0x12, 0xF8, 0x06, 0x0B, 0x59, 0x27,
    0x02, 0x05, 0x0D, 0x00, 0x12, 0x1A, 0x22, 0x28, 0x01, 0x0B, 0x20, 0x14, 0x0B, 0x05, 0x12, 0x06,
    0x14, 0x69, 0x27, 0x0D, 0x00, 0x14, 0x0D, 0x00, 0x12, 0x02, 0x10, 0x30, 0x02, 0x84, 0x27, 0x31,
    0x0F, 0x20, 0x8F, 0x27, 0x30, 0x01, 0x8D, 0x27, 0x31, 0x23, 0x20, 0x8F, 0x27, 0x31, 0x37, 0x0D,
    0xF0, 0x14, 0x0D, 0x00, 0x14, 0x02, 0x1E, 0x20, 0xDD, 0x27, 0x02, 0x08, 0x30, 0x02, 0xA5, 0x27,
    0x31, 0x09, 0x20, 0xB0, 0x27, 0x30, 0x01, 0xAE, 0x27, 0x31, 0x1D, 0x20, 0xB0, 0x27, 0x31, 0x31,
    0x05, 0xED, 0x35, 0x02, 0x04, 0x36, 0x1B, 0x08, 0x0E, 0x08, 0x00, 0x0B, 0x00, 0x13, 0x07, 0x14,
    0xF6, 0x20, 0xB7, 0x27, 0x35, 0x0B, 0x00, 0x13, 0x07, 0x14, 0xF6, 0x08, 0x0E, 0xFC, 0xFF, 0x06,
    0x14, 0xC5, 0x27, 0x07, 0x14, 0xF6, 0x08, 0x0E, 0x04, 0x00, 0x20, 0xD3, 0x27, 0x01, 0x02, 0x14,
    0x15, 0x0F, 0x30, 0x02, 0xE9, 0x27, 0x31, 0x45, 0x55, 0x30, 0x01, 0xF0, 0x27, 0x31, 0x46, 0x55,
    0x31, 0x47, 0x55, 0x35, 0x30, 0x02, 0xFD, 0x27, 0x31, 0x09, 0x21, 0x08, 0x28, 0x30, 0x01, 0x06,
    0x28, 0x31, 0x1D, 0x21, 0x08, 0x28, 0x31, 0x31, 0x22, 0x32, 0x02, 0x0B, 0x40, 0x12, 0x0B, 0x70,
    0x13, 0x06, 0x0F, 0x0B, 0x28, 0x3B, 0x0E, 0x5C, 0xFE, 0x00, 0x00, 0x20, 0x28, 0x20, 0x15, 0x28,
    0x02, 0x04, 0x0F, 0x43, 0x54, 0xA2, 0x2D, 0x02, 0x03, 0x02, 0x0A, 0x05, 0x32, 0x6F, 0x02, 0x04,
    0x10, 0x20, 0x12, 0x02, 0x02, 0x0D, 0x00, 0x12, 0x45, 0x42, 0x02, 0x0F, 0x07, 0x12, 0xF8, 0x06,
    0x07, 0x3C, 0x28, 0x45, 0xA6, 0x22, 0x0A, 0x01, 0x0D, 0x20, 0x13, 0x0D, 0x80, 0x12, 0x02, 0x05,
    0x22, 0x32, 0x02, 0x0B, 0x40, 0x12, 0x0B, 0x70, 0x13, 0x06, 0x0F, 0x53, 0x28, 0x45, 0x02, 0x04,
    0x45, 0xA6, 0x3B, 0x0E, 0x5C, 0xFE, 0x00, 0x00, 0x6D, 0x28, 0x20, 0x61, 0x28, 0x07, 0x12, 0xF8,
    0x06, 0x0B, 0x6D, 0x28, 0x02, 0x05, 0x0D, 0x00, 0x12, 0x45, 0x1A, 0x22, 0x28, 0x01, 0x0B, 0x20,
    0x14, 0x0B, 0x05, 0x12, 0x06, 0x14, 0x7E, 0x28, 0x0D, 0x00, 0x14, 0x10, 0x64, 0x2A, 0x45, 0x0D,
    0x00, 0x12, 0x45, 0x02, 0x0F, 0x0D, 0xF0, 0x14, 0x0D, 0x00, 0x14, 0x02, 0x1E, 0x15, 0x0F, 0x42,
    0x0A, 0x45, 0x22, 0x28, 0x02, 0x0D, 0x00, 0x12, 0x02, 0x3C, 0x15, 0x0F, 0x54, 0xC5, 0x2D, 0x1A,
    0x43, 0x10, 0x00, 0xB2, 0x30, 0x06, 0x4E, 0x29, 0x02, 0x0F, 0x0D, 0x2A, 0x13, 0x05, 0x28, 0x30,
    0x02, 0xC8, 0x28, 0x31, 0x0D, 0x21, 0xD3, 0x28, 0x30, 0x01, 0xD1, 0x28, 0x31, 0x21, 0x21, 0xD3,
    0x28, 0x31, 0x32, 0x02, 0x19, 0x42, 0x0D, 0xE7, 0x14, 0x0D, 0x00, 0x14, 0x0D, 0x1C, 0x14, 0x38,
    0xB2, 0x01, 0x01, 0x29, 0x30, 0x02, 0xF1, 0x28, 0x07, 0x14, 0xFB, 0x54, 0x80, 0x22, 0x21, 0x01,
    0x29, 0x30, 0x01, 0xFE, 0x28, 0x07, 0x14, 0xFB, 0x54, 0xB5, 0x22, 0x21, 0x01, 0x29, 0x54, 0xEA,
    0x22, 0x0D, 0x00, 0x14, 0x38, 0xB2, 0x01, 0x0A, 0x29, 0x46, 0x10, 0x00, 0xB2, 0x02, 0x0C, 0x0B,
    0xF0, 0x12, 0x0B, 0x21, 0x14, 0x06, 0x12, 0x0F, 0x29, 0x0B, 0x00, 0x12, 0x0B, 0x00, 0x14, 0x06,
    0x12, 0x19, 0x29, 0x38, 0xB2, 0x01, 0x43, 0x29, 0x30, 0x02, 0x32, 0x29, 0x54, 0x80, 0x22, 0x21,
    0x3F, 0x29, 0x30, 0x01, 0x3C, 0x29, 0x54, 0xB5, 0x22, 0x21, 0x3F, 0x29, 0x54, 0xEA, 0x22, 0x46,
    0x10, 0x01, 0xB2, 0x22, 0x32, 0x01, 0x0D, 0xEA, 0x14, 0x0D, 0x00, 0x14, 0x02, 0x0A, 0x15, 0x0F,
    0x38, 0xB2, 0x00, 0x56, 0x29, 0x55, 0x10, 0x01, 0xB2, 0x30, 0x02, 0x60, 0x29, 0x31, 0x16, 0x55,
    0x30, 0x01, 0x67, 0x29, 0x31, 0x2A, 0x55, 0x31, 0x3D, 0x55, 0x4B, 0x00, 0x00, 0x03, 0x10, 0x04,
    0x2A, 0x02, 0x03, 0x0D, 0x40, 0x13, 0x0D, 0x20, 0x12, 0x05, 0x46, 0x3B, 0x0E, 0x7C, 0xFC, 0xA2,
    0xFE, 0x87, 0x29, 0xA6, 0x20, 0x7B, 0x29, 0x0B, 0x20, 0x14, 0x0B, 0x00, 0x12, 0x0B, 0x80, 0x13,
    0x06, 0x1F, 0x87, 0x29, 0x22, 0x00, 0x02, 0x0B, 0x00, 0x14, 0x08, 0x0E, 0x02, 0x00, 0x06, 0x25,
    0x97, 0x29, 0x45, 0x09, 0x06, 0x02, 0xA3, 0x29, 0x09, 0x06, 0x05, 0xA8, 0x29, 0x45, 0x09, 0x06,
    0x07, 0xAE, 0x29, 0x45, 0x01, 0x02, 0x14, 0x15, 0x0F, 0x4B, 0x00, 0x00, 0x03, 0x1A, 0x10, 0x04,
    0x2A, 0x02, 0x03, 0x0D, 0x2A, 0x13, 0x05, 0x28, 0x02, 0x19, 0x0D, 0xE7, 0x14, 0x0D, 0x00, 0x14,
    0x0D, 0x1C, 0x14, 0x0D, 0x00, 0x14, 0x02, 0x0F, 0x35, 0x02, 0x05, 0x36, 0x1B, 0x07, 0x14, 0x14,
    0x08, 0x0E, 0x0A, 0x00, 0x20, 0xDD, 0x29, 0x15, 0x0F, 0x54, 0x26, 0x2A, 0x54, 0x36, 0x2A, 0x08,
    0x10, 0x24, 0xFA, 0x08, 0x10, 0xDC, 0x05, 0x21, 0x19, 0x2A, 0x54, 0x26, 0x2A, 0x54, 0x36, 0x2A,
    0x08, 0x10, 0x24, 0xFA, 0x08, 0x10, 0xDC, 0x05, 0x21, 0x19, 0x2A, 0x54, 0x26, 0x2A, 0x54, 0x36,
    0x2A, 0x08, 0x10, 0x24, 0xFA, 0x08, 0x10, 0xDC, 0x05, 0x10, 0x1E, 0x2A, 0x05, 0x1E, 0x02, 0x16,
    0x51, 0x23, 0x2A, 0x02, 0x32, 0x0F, 0x00, 0x43, 0x1A, 0x03, 0x4B, 0x00, 0x10, 0x00, 0xB2, 0x10,
    0x02, 0x2A, 0x10, 0x08, 0x2B, 0x55, 0x05, 0x3C, 0x02, 0x32, 0x22, 0x14, 0x02, 0x0D, 0x1C, 0x14,
    0x21, 0x46, 0x2A, 0x0D, 0xE4, 0x14, 0x0D, 0x00, 0x14, 0x05, 0x32, 0x42, 0x8A, 0x0F, 0x09, 0x57,
    0x45, 0x8A, 0x0F, 0x09, 0x57, 0x45, 0x09, 0x1E, 0x14, 0x05, 0x5F, 0x2A, 0x20, 0x56, 0x2A, 0x55,
    0x54, 0x9E, 0x2A, 0x54, 0xAD, 0x2A, 0x08, 0x10, 0x24, 0xFA, 0x08, 0x10, 0xDC, 0x05, 0x21, 0x90,
    0x2A, 0x54, 0x9E, 0x2A, 0x54, 0xAD, 0x2A, 0x08, 0x10, 0x24, 0xFA, 0x08, 0x10, 0xDC, 0x05, 0x21,
    0x90, 0x2A, 0x54, 0x9E, 0x2A, 0x54, 0xAD, 0x2A, 0x08, 0x10, 0x24, 0xFA, 0x08, 0x10, 0xDC, 0x05,
    0x10, 0x1E, 0x2A, 0x05, 0x1E, 0x02, 0x19, 0x51, 0x9A, 0x2A, 0x02, 0x1E, 0x15, 0x0F, 0x4B, 0x00,
    0x00, 0x03, 0x42, 0x10, 0x00, 0xB2, 0x10, 0x02, 0x2A, 0x10, 0x06, 0x2B, 0x55, 0x20, 0x3E, 0x2B,
    0x10, 0xC0, 0x13, 0x10, 0x20, 0x12, 0x05, 0x3C, 0xA6, 0x22, 0x1E, 0x01, 0x0B, 0x00, 0x12, 0x0B,
    0x20, 0x14, 0x0B, 0xE0, 0x13, 0x38, 0x13, 0xE0, 0xCD, 0x2A, 0x20, 0xBC, 0x2A, 0x0B, 0xC0, 0x12,
    0x0B, 0x00, 0x14, 0x38, 0x12, 0xC0, 0xDB, 0x2A, 0x20, 0xCD, 0x2A, 0x07, 0x13, 0x04, 0x0B, 0x00,
    0x12, 0x38, 0x13, 0x80, 0xE9, 0x2A, 0x20, 0xDB, 0x2A, 0x22, 0x28, 0x01, 0x09, 0x1E, 0x14, 0x05,
    0x04, 0x2B, 0x07, 0xB2, 0x01, 0x38, 0xB2, 0x0A, 0xFD, 0x2A, 0x20, 0xEC, 0x2A, 0x10, 0x00, 0xB2,
    0x45, 0x20, 0xEC, 0x2A, 0x55, 0x10, 0x40, 0x13, 0x10, 0x20, 0x12, 0x05, 0x3C, 0xA6, 0x22, 0x1E,
    0x01, 0x0B, 0x00, 0x12, 0x0B, 0xE0, 0x14, 0x0B, 0x20, 0x13, 0x38, 0x13, 0x20, 0x22, 0x2B, 0x20,
    0x11, 0x2B, 0x0B, 0xC0, 0x12, 0x0B, 0x00, 0x14, 0x38, 0x12, 0xC0, 0x30, 0x2B, 0x20, 0x22, 0x2B,
    0x07, 0x13, 0xFC, 0x0B, 0x00, 0x12, 0x38, 0x13, 0x80, 0xE9, 0x2A, 0x20, 0x30, 0x2B, 0x10, 0xC0,
    0x13, 0x10, 0xE0, 0x12, 0x05, 0x3C, 0xA6, 0x20, 0x46, 0x2B, 0x22, 0x1E, 0x01, 0x0B, 0x00, 0x12,
    0x0B, 0x20, 0x14, 0x0B, 0xE0, 0x13, 0x38, 0x13, 0xE0, 0x5E, 0x2B, 0x20, 0x4D, 0x2B, 0x0B, 0x28,
    0x12, 0x0B, 0x00, 0x14, 0x38, 0x12, 0x28, 0x6C, 0x2B, 0x20, 0x5E, 0x2B, 0x07, 0x13, 0x04, 0x0B,
    0x00, 0x12, 0x38, 0x13, 0x80, 0xE9, 0x2A, 0x20, 0x6C, 0x2B, 0x10, 0x40, 0x13, 0x10, 0xE0, 0x12,
    0x05, 0x3C, 0xA6, 0x20, 0x82, 0x2B, 0x22, 0x1E, 0x01, 0x0B, 0x00, 0x12, 0x0B, 0xE0, 0x14, 0x0B,
    0x20, 0x13, 0x38, 0x13, 0x20, 0x9A, 0x2B, 0x20, 0x89, 0x2B, 0x0B, 0x28, 0x12, 0x0B, 0x00, 0x14,
    0x38, 0x12, 0x28, 0xA8, 0x2B, 0x20, 0x9A, 0x2B, 0x07, 0x13, 0xFC, 0x0B, 0x00, 0x12, 0x38, 0x13,
    0x80, 0xE9, 0x2A, 0x20, 0xA8, 0x2B, 0x54, 0xF4, 0x2B, 0x54, 0x04, 0x2C, 0x08, 0x10, 0x24, 0xFA,
    0x08, 0x10, 0xDC, 0x05, 0x21, 0xE6, 0x2B, 0x54, 0xF4, 0x2B, 0x54, 0x04, 0x2C, 0x08, 0x10, 0x24,
    0xFA, 0x08, 0x10, 0xDC, 0x05, 0x21, 0xE6, 0x2B, 0x54, 0xF4, 0x2B, 0x54, 0x04, 0x2C, 0x08, 0x10,
    0x24, 0xFA, 0x08, 0x10, 0xDC, 0x05, 0x10, 0x1E, 0x2A, 0x05, 0x1E, 0x02, 0x19, 0x51, 0xF0, 0x2B,
    0x42, 0x02, 0x03, 0x0F, 0x4B, 0x00, 0x00, 0x03, 0x10, 0x02, 0x2A, 0x10, 0x06, 0x2B, 0x10, 0x00,
    0xB2, 0x05, 0x46, 0x55, 0x08, 0x0C, 0xC4, 0xFF, 0x08, 0x0E, 0x27, 0x00, 0x06, 0x14, 0x04, 0x2C,
    0x08, 0x0C, 0xE2, 0xFF, 0x08, 0x0E, 0x14, 0x00, 0x06, 0x08, 0x10, 0x2C, 0x02, 0x0A, 0x05, 0x1E,
    0x08, 0x0C, 0x20, 0x00, 0x08, 0x0E, 0xF0, 0xFF, 0x06, 0x19, 0x20, 0x2C, 0x05, 0x14, 0x42, 0x09,
    0x1E, 0x14, 0x05, 0x47, 0x2C, 0x07, 0xB2, 0x01, 0x38, 0xB2, 0x10, 0x40, 0x2C, 0x20, 0x2F, 0x2C,
    0x45, 0x10, 0x00, 0xB2, 0x20, 0x2F, 0x2C, 0x55, 0x08, 0x0C, 0x3C, 0x00, 0x08, 0x0E, 0x27, 0x00,
    0x06, 0x14, 0x48, 0x2C, 0x08, 0x0C, 0x1E, 0x00, 0x08, 0x0E, 0x14, 0x00, 0x06, 0x08, 0x54, 0x2C,
    0x02, 0x0A, 0x05, 0x1E, 0x08, 0x0C, 0xE0, 0xFF, 0x08, 0x0E, 0xF0, 0xFF, 0x06, 0x19, 0x64, 0x2C,
    0x05, 0x14, 0x42, 0x21, 0x2F, 0x2C, 0x21, 0x7C, 0x2C, 0x21, 0x7C, 0x2C, 0x00, 0x43, 0x70, 0x03,
    0x4B, 0x00, 0x30, 0x06, 0x27, 0x2D, 0x46, 0x02, 0x05, 0x46, 0x10, 0x19, 0x12, 0x10, 0x00, 0x13,
    0x02, 0x04, 0x05, 0x28, 0x20, 0x9A, 0x2C, 0x20, 0x94, 0x2C, 0x22, 0x00, 0x04, 0x0B, 0x00, 0x12,
    0x0B, 0x00, 0x13, 0x38, 0x12, 0x00, 0xAB, 0x2C, 0x20, 0x9D, 0x2C, 0x38, 0x13, 0x00, 0xB3, 0x2C,
    0x20, 0x9D, 0x2C, 0x72, 0x38, 0xB2, 0x00, 0xD6, 0x2C, 0x30, 0x02, 0xC5, 0x2C, 0x31, 0x48, 0x10,
    0x01, 0xB2, 0x21, 0xD6, 0x2C, 0x30, 0x01, 0xD1, 0x2C, 0x31, 0x49, 0x10, 0x01, 0xB2, 0x21, 0xD6,
    0x2C, 0x31, 0x4A, 0x10, 0x01, 0xB2, 0x6F, 0x42, 0x37, 0x01, 0x2D, 0x0D, 0xE0, 0x14, 0x07, 0x12,
    0xFE, 0x07, 0x13, 0xFE, 0x08, 0x0C, 0x0A, 0x00, 0x08, 0x0E, 0xF6, 0xFF, 0x06, 0x06, 0xDE, 0x2C,
    0x10, 0x00, 0xB2, 0x08, 0x0C, 0x0A, 0x00, 0x08, 0x0E, 0xF6, 0xFF, 0x06, 0x14, 0xF3, 0x2C, 0x01,
    0x0F, 0x0D, 0x20, 0x14, 0x07, 0x12, 0xFE, 0x07, 0x13, 0x02, 0x08, 0x0C, 0xF6, 0xFF, 0x08, 0x0E,
    0xF6, 0xFF, 0x06, 0x06, 0x04, 0x2D, 0x10, 0x00, 0xB2, 0x08, 0x0C, 0xF6, 0xFF, 0x08, 0x0E, 0xF6,
    0xFF, 0x06, 0x14, 0x19, 0x2D, 0x01, 0x0F, 0x15, 0x0F, 0x54, 0xC5, 0x2D, 0x70, 0x43, 0x05, 0x1E,
    0x22, 0x00, 0x01, 0x42, 0x02, 0x0F, 0x31, 0x75, 0x02, 0x1E, 0x6F, 0x05, 0x64, 0x02, 0x0F, 0x8A,
    0x05, 0x08, 0x0C, 0x05, 0x00, 0x57, 0x02, 0x05, 0x15, 0x0F, 0x54, 0xC5, 0x2D, 0x70, 0x43, 0x02,
    0x26, 0x10, 0x20, 0x12, 0x05, 0x1E, 0x02, 0x0A, 0x0D, 0x00, 0x12, 0x6F, 0x42, 0x05, 0xEC, 0x02,
    0x14, 0x05, 0x00, 0x31, 0x4E, 0x21, 0x6B, 0x2D, 0x20, 0x65, 0x2D, 0x20, 0x6B, 0x2D, 0x8A, 0x0A,
    0x08, 0x0C, 0x0A, 0x00, 0x07, 0x14, 0xFD, 0x57, 0xA6, 0x8A, 0x0A, 0x08, 0x0C, 0x0A, 0x00, 0x07,
    0x14, 0x03, 0x57, 0x20, 0x83, 0x2D, 0x8A, 0x0E, 0x08, 0x0C, 0xF1, 0xFF, 0x07, 0x14, 0x03, 0x57,
    0xA6, 0x8A, 0x0E, 0x08, 0x0C, 0xF1, 0xFF, 0x07, 0x14, 0xFD, 0x57, 0x31, 0x40, 0x02, 0x19, 0x21,
    0xE6, 0x2E, 0x4B, 0x00, 0x00, 0x03, 0x70, 0x10, 0x06, 0x2A, 0x10, 0x04, 0x2A, 0x20, 0xB3, 0x2D,
    0x10, 0x08, 0x2A, 0x55, 0x10, 0x00, 0xB2, 0x10, 0x00, 0xB3, 0x4B, 0x00, 0x00, 0x03, 0x10, 0x64,
    0x2A, 0x10, 0x01, 0x2B, 0x55, 0x00, 0x03, 0x4B, 0x00, 0x10, 0x64, 0x2A, 0x10, 0x01, 0x2B, 0x55,
    0x09, 0x09, 0x09, 0x09, 0x09, 0x09, 0x09, 0x09, 0x09, 0x45, 0x55, 0x10, 0x64, 0x2A, 0x1E, 0x64,
    0x00, 0xE4, 0x2D, 0x55, 0x70, 0x55, 0x10, 0x00, 0xB3, 0x55, 0x38, 0xB3, 0x00, 0xF3, 0x2D, 0x10,
    0x64, 0x2A, 0x55, 0x10, 0x01, 0xB3, 0x30, 0x02, 0x00, 0x2E, 0x31, 0x0E, 0x10, 0x6E, 0x2A, 0x55,
    0x30, 0x01, 0x0A, 0x2E, 0x31, 0x22, 0x10, 0x6E, 0x2A, 0x55, 0x31, 0x36, 0x10, 0x6E, 0x2A, 0x55,
    0x30, 0x02, 0x19, 0x2E, 0x31, 0x08, 0x21, 0x24, 0x2E, 0x30, 0x01, 0x22, 0x2E, 0x31, 0x1C, 0x21,
    0x24, 0x2E, 0x31, 0x30, 0x55, 0x30, 0x02, 0x2A, 0x2E, 0x15, 0x30, 0x01, 0x2F, 0x2E, 0x15, 0x15,
    0x21, 0x36, 0x2E, 0x21, 0x36, 0x2E, 0x54, 0xC5, 0x2D, 0x42, 0x1B, 0x05, 0x1E, 0x1E, 0xD0, 0x07,
    0x44, 0x2E, 0x05, 0x0A, 0x0B, 0x00, 0x12, 0x0B, 0x00, 0x13, 0x0B, 0x00, 0x14, 0x38, 0x12, 0x00,
    0x55, 0x2E, 0x20, 0x44, 0x2E, 0x38, 0x13, 0x00, 0x5D, 0x2E, 0x20, 0x44, 0x2E, 0x38, 0x14, 0x00,
    0x65, 0x2E, 0x20, 0x44, 0x2E, 0x05, 0xE2, 0x1E, 0xC8, 0x00, 0xD2, 0x2E, 0x3B, 0x0C, 0xF1, 0xFF,
    0x0F, 0x00, 0xA5, 0x2E, 0x3B, 0x0C, 0xE8, 0x03, 0x58, 0x1B, 0x9A, 0x2E, 0x3B, 0x0C, 0x00, 0x00,
    0xE8, 0x03, 0xA1, 0x2E, 0x3B, 0x0C, 0x18, 0xFC, 0x00, 0x00, 0x93, 0x2E, 0x08, 0x0C, 0x64, 0x00,
    0x21, 0xA5, 0x2E, 0x08, 0x0C, 0x0A, 0x00, 0x21, 0xA5, 0x2E, 0x08, 0x0C, 0x9C, 0xFF, 0x21, 0xA5,
    0x2E, 0x08, 0x0C, 0xF6, 0xFF, 0x3B, 0x0E, 0x8D, 0xFF, 0xAB, 0xFF, 0xCF, 0x2E, 0x3B, 0x0E, 0x9C,
    0xFF, 0x88, 0x13, 0xCB, 0x2E, 0x3B, 0x0E, 0xA8, 0xE4, 0x18, 0xFC, 0xC4, 0x2E, 0x08, 0x0E, 0x0A,
    0x00, 0x21, 0xCF, 0x2E, 0x08, 0x0E, 0x64, 0x00, 0x21, 0xCF, 0x2E, 0x08, 0x0E, 0xF6, 0xFF, 0x20,
    0x67, 0x2E, 0x05, 0x00, 0x46, 0x02, 0x0F, 0x46, 0x02, 0x0F, 0x46, 0x02, 0x0F, 0x46, 0x02, 0x0F,
    0x46, 0x02, 0x0F, 0x46, 0x02, 0x0F, 0x0D, 0xE0, 0x14, 0x07, 0x12, 0xFE, 0x07, 0x13, 0xFE, 0x08,
    0x0C, 0x0A, 0x00, 0x08, 0x0E, 0xF6, 0xFF, 0x06, 0x06, 0xE9, 0x2E, 0x08, 0x0C, 0x0A, 0x00, 0x08,
    0x0E, 0xF6, 0xFF, 0x06, 0x14, 0xFB, 0x2E, 0x01, 0x0F, 0x03, 0x02, 0x50, 0x00, 0x02, 0x32, 0x21,
    0xE6, 0x2E, 0x03, 0x02, 0x50, 0x00, 0x02, 0x32, 0x02, 0x0F, 0x0D, 0x20, 0x14, 0x8A, 0x07, 0x07,
    0x12, 0xFE, 0x07, 0x13, 0x02, 0x08, 0x0C, 0xF6, 0xFF, 0x08, 0x0E, 0xF6, 0xFF, 0x57, 0x8A, 0x15,
    0x08, 0x0C, 0xF6, 0xFF, 0x08, 0x0E, 0xF6, 0xFF, 0x57, 0x01, 0x0F, 0x21, 0x67, 0x2F, 0x21, 0x67,
    0x2F, 0x00, 0x03, 0x70, 0x10, 0x00, 0xB2, 0x08, 0x0E, 0x46, 0x00, 0x08, 0x10, 0x4C, 0xFF, 0x21,
    0x91, 0x2F, 0x38, 0xB3, 0x01, 0x5F, 0x2F, 0x31, 0x89, 0x07, 0xB2, 0x01, 0x10, 0x01, 0xB3, 0x55,
    0x10, 0x00, 0xB3, 0x55, 0x10, 0x00, 0xB2, 0x30, 0x06, 0x1C, 0x31, 0x54, 0xC5, 0x2D, 0x70, 0x43,
    0x10, 0x28, 0x12, 0x05, 0x28, 0x02, 0x06, 0x22, 0x00, 0x01, 0x0D, 0x00, 0x12, 0x1E, 0x82, 0x00,
    0x89, 0x2F, 0x08, 0x10, 0xF6, 0xFF, 0x20, 0x7D, 0x2F, 0x42, 0x6F, 0x30, 0x02, 0x91, 0x2F, 0x31,
    0x87, 0x02, 0x14, 0x10, 0x00, 0xB2, 0x8A, 0x0E, 0x07, 0x14, 0x01, 0x08, 0x0C, 0x00, 0x00, 0x07,
    0xB2, 0xFE, 0x57, 0xA6, 0x8A, 0x0E, 0x07, 0x14, 0xFF, 0x08, 0x0C, 0x00, 0x00, 0x07, 0xB2, 0x02,
    0x57, 0x0D, 0x00, 0x14, 0x10, 0x00, 0xB2, 0x02, 0x0A, 0x8A, 0x11, 0x07, 0x14, 0xFF, 0x08, 0x0C,
    0x00, 0x00, 0x07, 0xB2, 0x02, 0x57, 0xA6, 0x8A, 0x11, 0x07, 0x14, 0x01, 0x08, 0x0C, 0x00, 0x00,
    0x07, 0xB2, 0xFE, 0x57, 0x0D, 0x00, 0x14, 0x10, 0x00, 0xB2, 0x02, 0x05, 0x8A, 0x0A, 0x07, 0x14,
    0x01, 0x08, 0x0C, 0x00, 0x00, 0x07, 0xB2, 0xFE, 0x57, 0xA6, 0x8A, 0x0A, 0x07, 0x14, 0xFF, 0x08,
    0x0C, 0x00, 0x00, 0x07, 0xB2, 0x02, 0x57, 0x02, 0x0A, 0x10, 0x00, 0xB2, 0x0D, 0x00, 0x14, 0x8A,
    0x0E, 0x07, 0x12, 0xFF, 0x08, 0x0E, 0x00, 0x00, 0x07, 0xB2, 0xFF, 0x57, 0xA6, 0x8A, 0x0E, 0x07,
    0x12, 0x01, 0x08, 0x0E, 0x00, 0x00, 0x07, 0xB2, 0x01, 0x57, 0x02, 0x0F, 0x8A, 0x0E, 0x07, 0x12,
    0x01, 0x08, 0x0E, 0x00, 0x00, 0x07, 0xB2, 0x01, 0x57, 0xA6, 0x8A, 0x0E, 0x07, 0x12, 0xFF, 0x08,
    0x0E, 0x00, 0x00, 0x07, 0xB2, 0xFF, 0x57, 0x02, 0x14, 0x0D, 0x00, 0x12, 0x8A, 0x08, 0x07, 0x14,
    0x08, 0x57, 0x02, 0x0A, 0x8A, 0x10, 0x07, 0x14, 0xF8, 0x57, 0x02, 0x05, 0x0D, 0x00, 0x14, 0x02,
    0x08, 0x30, 0x02, 0x55, 0x30, 0x8A, 0x13, 0x07, 0x14, 0x10, 0x57, 0x0D, 0x00, 0x14, 0x30, 0x02,
    0x70, 0x30, 0x72, 0x38, 0xB2, 0x00, 0x70, 0x30, 0x31, 0x88, 0x07, 0xB2, 0x01, 0x10, 0x00, 0xB2,
    0x02, 0x0A, 0x10, 0x00, 0xB2, 0x8A, 0x0A, 0x07, 0x14, 0x01, 0x08, 0x0C, 0x00, 0x00, 0x07, 0xB2,
    0xFE, 0x57, 0xA6, 0x8A, 0x0A, 0x07, 0x14, 0xFF, 0x08, 0x0C, 0x00, 0x00, 0x07, 0xB2, 0x02, 0x57,
    0x0D, 0x00, 0x14, 0x02, 0x05, 0x30, 0x02, 0x99, 0x30, 0x8A, 0x0E, 0x07, 0x14, 0xF0, 0x08, 0x0C,
    0x0F, 0x00, 0x57, 0xA6, 0x8A, 0x05, 0x07, 0x14, 0xF0, 0x08, 0x0C, 0x08, 0x00, 0x57, 0x0D, 0x00,
    0x14, 0x30, 0x02, 0xC3, 0x30, 0x72, 0x38, 0xB2, 0x00, 0xC3, 0x30, 0x31, 0x88, 0x07, 0xB2, 0x01,
    0x10, 0x00, 0xB2, 0x8A, 0x0E, 0x07, 0x14, 0x10, 0x08, 0x0C, 0xF1, 0xFF, 0x57, 0xA6, 0x8A, 0x05,
    0x07, 0x14, 0x10, 0x08, 0x0C, 0xF8, 0xFF, 0x57, 0x0D, 0x00, 0x14, 0x02, 0x0A, 0x10, 0x00, 0xB2,
    0x8A, 0x0A, 0x07, 0x14, 0xFF, 0x08, 0x0C, 0x00, 0x00, 0x07, 0xB2, 0x02, 0x57, 0xA6, 0x8A, 0x0A,
    0x07, 0x14, 0x01, 0x08, 0x0C, 0x00, 0x00, 0x07, 0xB2, 0xFE, 0x57, 0x0D, 0x00, 0x14, 0x30, 0x06,
    0x1D, 0x31, 0x02, 0x05, 0x72, 0x30, 0x01, 0x1A, 0x2F, 0x72, 0x30, 0x03, 0xE6, 0x2E, 0x02, 0x0A,
    0x8A, 0x19, 0x0B, 0xE0, 0x12, 0x08, 0x0E, 0xF6, 0xFF, 0x57, 0x01, 0x0F, 0x15, 0x38, 0xB2, 0x00,
    0x34, 0x31, 0x38, 0xB2, 0x01, 0x1C, 0x31, 0x38, 0xB2, 0x02, 0x1C, 0x31, 0x38, 0xB2, 0x03, 0x1C,
    0x31, 0x31, 0x8A, 0x15, 0x31, 0x8B, 0x15, 0x38, 0xB2, 0x00, 0x3F, 0x31, 0x10, 0x01, 0xB2, 0x55,
    0x00, 0x0F, 0x10, 0x00, 0x22, 0x10, 0x00, 0xB3, 0x10, 0x64, 0x22, 0x54, 0x5B, 0x31, 0x10, 0x0A,
    0x22, 0x54, 0x5B, 0x31, 0x10, 0x00, 0xB2, 0x54, 0x75, 0x31, 0x55, 0x10, 0xFF, 0xB2, 0x08, 0xB4,
    0x00, 0x00, 0x07, 0xB2, 0x01, 0x3B, 0xB4, 0xFF, 0xFF, 0xFF, 0x7F, 0x5E, 0x31, 0x08, 0xB4, 0x00,
    0x00, 0x54, 0x75, 0x31, 0x55, 0x72, 0x38, 0xB2, 0x00, 0x85, 0x31, 0x72, 0x38, 0x22, 0x00, 0x85,
    0x31, 0x07, 0xB3, 0x01, 0x55, 0x10, 0x01, 0x22, 0x70, 0x07, 0x22, 0xFB, 0x10, 0x00, 0x22, 0x07,
    0x22, 0x00, 0x07, 0x22, 0x00, 0x07, 0xB3, 0x01, 0x55, 0xA6, 0x15, 0x03, 0x07, 0x13, 0x80, 0x10,
    0x06, 0x2A, 0x10, 0x04, 0x2B, 0x07, 0x12, 0x18, 0x10, 0x01, 0xB2, 0x10, 0xFF, 0xB2, 0x8A, 0x10,
    0x07, 0x12, 0x10, 0x57, 0x72, 0x1E, 0xDC, 0x05, 0xAE, 0x31, 0x00, 0x8A, 0x13, 0x57, 0x1A, 0x22,
    0x32, 0x01, 0x8A, 0x0A, 0x07, 0x14, 0x00, 0x07, 0x14, 0x00, 0x9D, 0x12, 0x57, 0xA6, 0x9D, 0x12,
    0x72, 0x38, 0x12, 0xF8, 0xCD, 0x31, 0x22, 0x00, 0x01, 0x0D, 0x00, 0x14, 0xA6, 0x3A, 0x15, 0x08,
    0x64, 0xDC, 0x31, 0x22, 0x28, 0x02, 0x8A, 0x05, 0x07, 0x12, 0x08, 0x9B, 0x14, 0x57, 0x02, 0x0E,
    0x22, 0x0F, 0x01, 0x8A, 0x20, 0x07, 0x12, 0xFC, 0x57, 0x22, 0x32, 0x02, 0x8A, 0x0C, 0x07, 0x12,
    0xF8, 0x57, 0x1B, 0x0A, 0x0F, 0x10, 0x40, 0x12, 0x10, 0x02, 0x2A, 0x10, 0x06, 0x2B, 0xA6, 0x72,
    0x1E, 0xD0, 0x07, 0x0E, 0x32, 0x00, 0x8A, 0x11, 0x57, 0x0A, 0x05, 0x50, 0x10, 0x06, 0x2A, 0x8A,
    0x04, 0x07, 0x12, 0x10, 0x57, 0x0F, 0x8A, 0x04, 0x58, 0x55, 0x07, 0x12, 0x08, 0x07, 0x13, 0x04,
    0x55, 0x00, 0x70, 0x05, 0x14, 0x07, 0xB2, 0x0C, 0x8B, 0xB2, 0x08, 0x0E, 0x9C, 0xFF, 0x07, 0x12,
    0x18, 0x57, 0x6F, 0x03, 0x00, 0x07, 0x13, 0x40, 0x10, 0x10, 0x12, 0x10, 0x04, 0x2A, 0x10, 0x04,
    0x2B, 0x10, 0x10, 0x14, 0x54, 0x83, 0x32, 0x8A, 0x13, 0x57, 0x22, 0x14, 0x02, 0x8A, 0x10, 0x07,
    0x12, 0xF8, 0x57, 0x22, 0x28, 0x02, 0x8A, 0x10, 0x07, 0x12, 0xF8, 0x57, 0x10, 0x04, 0xB2, 0x3A,
    0x13, 0xFF, 0x50, 0x75, 0x32, 0x8A, 0x10, 0x07, 0x13, 0x00, 0x0B, 0x00, 0x12, 0x0B, 0x00, 0x14,
    0x57, 0x0A, 0x0F, 0x05, 0x28, 0x8A, 0x04, 0xA6, 0x08, 0x0E, 0x02, 0x00, 0x07, 0x12, 0xFC, 0x72,
    0x38, 0x12, 0xF0, 0x87, 0x32, 0x22, 0x00, 0x05, 0x02, 0x09, 0x22, 0xD8, 0x05, 0x02, 0x09, 0xA6,
    0x08, 0x0E, 0x02, 0x00, 0x07, 0x12, 0x04, 0x72, 0x38, 0x12, 0x10, 0x9F, 0x32, 0x22, 0x00, 0x05,
    0x02, 0x09, 0x22, 0x28, 0x05, 0x02, 0x09, 0x58, 0x55, 0x10, 0x04, 0x2A, 0x10, 0x08, 0x2B, 0x08,
    0x0E, 0x60, 0xFF, 0x0F, 0x55, 0x3C, 0x51, 0xCC, 0x32, 0x20, 0xC6, 0x32, 0x02, 0x07, 0x10, 0x00,
    0xB2, 0xA6, 0x07, 0xB2, 0x04, 0x08, 0x0E, 0x00, 0x00, 0x3B, 0x0E, 0xB4, 0xFB, 0xE7, 0xFF, 0xD1,
    0x32, 0x11, 0xE7, 0xFF, 0x0E, 0x0F, 0x08, 0x0C, 0xD8, 0xFF, 0x08, 0x0C, 0x14, 0x00, 0x08, 0x10,
    0xF6, 0xFF, 0x8A, 0x08, 0x57, 0x15, 0x70, 0x00, 0x07, 0x13, 0x80, 0x10, 0x00, 0xB2, 0x54, 0x07,
    0x35, 0x03, 0x1A, 0x11, 0x00, 0x00, 0xB4, 0x10, 0x40, 0x13, 0x10, 0x40, 0x12, 0x22, 0x64, 0x05,
    0x07, 0x12, 0xC0, 0xA6, 0x3B, 0x0C, 0xDC, 0x05, 0x88, 0x13, 0x10, 0x33, 0x07, 0x12, 0xC0, 0xA6,
    0x07, 0x14, 0x01, 0x3A, 0x13, 0x3F, 0x60, 0x1C, 0x33, 0x07, 0x12, 0xC0, 0xA6, 0x07, 0x14, 0xFF,
    0x72, 0x38, 0x14, 0x00, 0x29, 0x33, 0x22, 0x00, 0x01, 0x08, 0xB4, 0xF6, 0xFF, 0x07, 0x12, 0xBE,
    0xA6, 0x72, 0x38, 0x15, 0x00, 0x39, 0x33, 0x04, 0x1B, 0x10, 0x00, 0x22, 0x10, 0x00, 0x22, 0x10,
    0x00, 0x22, 0xA6, 0x08, 0x10, 0xFB, 0xFF, 0x08, 0x0E, 0x10, 0x00, 0x38, 0x12, 0x00, 0x63, 0x33,
    0x07, 0x12, 0xFC, 0x0B, 0x80, 0x13, 0x3B, 0x0E, 0x30, 0xF8, 0x00, 0x00, 0x52, 0x33, 0x11, 0x00,
    0x00, 0x0E, 0x10, 0x00, 0xB2, 0x8A, 0x20, 0x08, 0x10, 0xF6, 0xFF, 0x07, 0xB2, 0x01, 0x72, 0x38,
    0xB2, 0x10, 0x87, 0x33, 0x10, 0x00, 0xB2, 0x57, 0x10, 0x80, 0x13, 0x10, 0x00, 0x12, 0x51, 0xDC,
    0x33, 0x20, 0x8E, 0x33, 0x11, 0x00, 0x00, 0x0E, 0x07, 0x12, 0x40, 0x55, 0x07, 0x22, 0x01, 0x55,
    0x39, 0x0C, 0x00, 0x00, 0xB9, 0x33, 0x3B, 0x0C, 0x00, 0x00, 0xA0, 0x0F, 0xB5, 0x33, 0x08, 0x0C,
    0x01, 0x00, 0x21, 0xB9, 0x33, 0x08, 0x0C, 0xFF, 0xFF, 0x1E, 0xB6, 0x03, 0xC8, 0x33, 0x1E, 0x1A,
    0x04, 0xCC, 0x33, 0x08, 0x10, 0xF6, 0xFF, 0x55, 0x08, 0x10, 0x0A, 0x00, 0x55, 0x94, 0x01, 0x94,
    0x02, 0x94, 0x03, 0x94, 0x04, 0x94, 0x05, 0x94, 0x06, 0x94, 0x07, 0x55, 0x10, 0x00, 0xB2, 0x11,
    0x00, 0x00, 0xB4, 0x8A, 0x03, 0x72, 0x38, 0xB3, 0x00, 0xEF, 0x33, 0x08, 0xB4, 0x01, 0x00, 0x07,
    0xB2, 0x01, 0x58, 0x39, 0xB4, 0x00, 0x00, 0xFF, 0x33, 0x54, 0x51, 0x34, 0x20, 0x8E, 0x33, 0x10,
    0x00, 0xB3, 0x54, 0x08, 0x34, 0x20, 0x8E, 0x33, 0x10, 0x00, 0xB2, 0x8A, 0x03, 0x38, 0x22, 0xFF,
    0x28, 0x34, 0x72, 0x38, 0x22, 0x00, 0x1D, 0x34, 0x38, 0x22, 0x00, 0x28, 0x34, 0x07, 0x22, 0x00,
    0x38, 0x22, 0x00, 0x28, 0x34, 0x59, 0x47, 0x34, 0x07, 0xB2, 0x01, 0x07, 0xB3, 0x01, 0x58, 0x54,
    0x07, 0x35, 0x38, 0xB3, 0x03, 0x3D, 0x34, 0x54, 0x0B, 0x35, 0x21, 0x40, 0x34, 0x54, 0x0B, 0x35,
    0x54, 0x00, 0x00, 0x54, 0x23, 0x35, 0x55, 0x07, 0xB3, 0x04, 0x72, 0x38, 0xB3, 0x00, 0x08, 0x34,
    0x55, 0x54, 0x0B, 0x35, 0x10, 0x00, 0xB2, 0x07, 0xB2, 0x02, 0x8B, 0xB2, 0x4B, 0x00, 0x54, 0xA2,
    0x34, 0x54, 0xB8, 0x34, 0x02, 0x0F, 0x4B, 0x00, 0x54, 0xB2, 0x34, 0x02, 0x0A, 0x57, 0x39, 0xB4,
    0x01, 0x00, 0x9E, 0x34, 0x8C, 0xB4, 0x02, 0x0D, 0x8A, 0x08, 0x09, 0x58, 0x4B, 0x00, 0x54, 0xB2,
    0x34, 0x54, 0xA2, 0x34, 0x54, 0xB8, 0x34, 0x57, 0x39, 0xB4, 0x02, 0x00, 0x9E, 0x34, 0x8A, 0x03,
    0x02, 0x05, 0x4B, 0x00, 0x54, 0xA2, 0x34, 0x54, 0xB8, 0x34, 0x54, 0xB2, 0x34, 0x57, 0x54, 0x23,
    0x35, 0x55, 0x08, 0x0C, 0xCE, 0xFF, 0x07, 0x13, 0xF8, 0x08, 0x0E, 0x06, 0xFF, 0x07, 0x12, 0xF8,
    0x45, 0x55, 0x08, 0x0E, 0x06, 0xFF, 0x45, 0x55, 0x08, 0x0C, 0x32, 0x00, 0x07, 0x13, 0x08, 0x08,
    0x0E, 0x06, 0xFF, 0x07, 0x12, 0xF8, 0x45, 0x55, 0x8A, 0x0F, 0x08, 0x10, 0xCE, 0xFF, 0x10, 0x00,
    0x22, 0x02, 0x02, 0x10, 0x00, 0x22, 0x08, 0x10, 0x32, 0x00, 0xA6, 0x57, 0x55, 0x10, 0x0F, 0xB2,
    0x54, 0x69, 0x36, 0x55, 0x10, 0x0A, 0xB2, 0x54, 0x69, 0x36, 0x55, 0x10, 0x05, 0xB2, 0x54, 0x69,
    0x36, 0x55, 0x10, 0x14, 0xB2, 0x54, 0x69, 0x36, 0x55, 0x10, 0x1E, 0xB2, 0x54, 0x69, 0x36, 0x55,
    0x8A, 0x20, 0x07, 0x14, 0x08, 0x57, 0x55, 0x10, 0x02, 0xB2, 0x55, 0x10, 0x01, 0xB2, 0xA6, 0x08,
    0x0E, 0x05, 0x00, 0x07, 0x14, 0x00, 0x07, 0xB2, 0x01, 0x3A, 0x14, 0x00, 0x7F, 0x26, 0x35, 0x10,
    0x80, 0x14, 0x55, 0x10, 0x01, 0xB2, 0xA6, 0x08, 0x0E, 0xFB, 0xFF, 0x07, 0x14, 0x00, 0x07, 0xB2,
    0x01, 0x3A, 0x14, 0x80, 0xFF, 0x26, 0x35, 0x10, 0x00, 0x14, 0x55, 0x43, 0x3C, 0x54, 0x53, 0x35,
    0x20, 0x3D, 0x35, 0x72, 0x38, 0xB2, 0x00, 0x52, 0x35, 0x72, 0x38, 0xB2, 0x00, 0x52, 0x35, 0x10,
    0x01, 0xB2, 0x55, 0x38, 0xB2, 0x00, 0x5F, 0x35, 0x38, 0xB2, 0x01, 0x5E, 0x35, 0x55, 0x55, 0x55,
    0x43, 0x3C, 0x54, 0x53, 0x35, 0x20, 0x62, 0x35, 0x72, 0x38, 0xB2, 0x00, 0x77, 0x35, 0x72, 0x38,
    0xB2, 0x00, 0x77, 0x35, 0x10, 0x01, 0xB2, 0x55, 0x43, 0x3C, 0x54, 0x53, 0x35, 0x20, 0x7A, 0x35,
    0x72, 0x38, 0xB2, 0x00, 0x8F, 0x35, 0x72, 0x38, 0xB2, 0x00, 0x8F, 0x35, 0x10, 0x01, 0xB2, 0x55,
    0x70, 0x43, 0x38, 0xB2, 0x00, 0xA9, 0x35, 0x72, 0x38, 0xB2, 0x01, 0xA3, 0x35, 0x10, 0x00, 0xB2,
    0x21, 0xA9, 0x35, 0x10, 0x08, 0xB3, 0x54, 0xE7, 0x35, 0x20, 0x92, 0x35, 0x0F, 0x70, 0x43, 0x38,
    0xB2, 0x00, 0xC6, 0x35, 0x72, 0x38, 0xB2, 0x01, 0xC0, 0x35, 0x10, 0x00, 0xB2, 0x21, 0xC6, 0x35,
    0x10, 0x06, 0xB3, 0x54, 0xE7, 0x35, 0x20, 0xAF, 0x35, 0x0F, 0x70, 0x43, 0x38, 0xB2, 0x00, 0xE3,
    0x35, 0x72, 0x38, 0xB2, 0x01, 0xDD, 0x35, 0x10, 0x00, 0xB2, 0x21, 0xE3, 0x35, 0x10, 0x04, 0xB3,
    0x54, 0xE7, 0x35, 0x20, 0xCC, 0x35, 0x0F, 0x07, 0xB2, 0x10, 0x07, 0xB2, 0x00, 0x07, 0xB2, 0x00,
    0xA6, 0x07, 0x22, 0x00, 0x07, 0xB2, 0xFF, 0x72, 0x38, 0xB2, 0x00, 0xF0, 0x35, 0x8A, 0x03, 0x72,
    0x38, 0xB3, 0xFF, 0x15, 0x36, 0x38, 0x22, 0x00, 0x12, 0x36, 0x38, 0x22, 0x80, 0x12, 0x36, 0x21,
    0x15, 0x36, 0x59, 0x1F, 0x36, 0x07, 0x22, 0x00, 0x57, 0x72, 0x38, 0xB3, 0xFF, 0x1F, 0x36, 0x07,
    0xB3, 0x01, 0x72, 0x38, 0xB3, 0x00, 0xFD, 0x35, 0x10, 0x00, 0xB2, 0x55, 0x3C, 0x43, 0x51, 0x34,
    0x36, 0x20, 0x2E, 0x36, 0x20, 0x34, 0x36, 0x8A, 0x0A, 0x07, 0x22, 0x08, 0x57, 0x10, 0x01, 0xB3,
    0x8A, 0x0A, 0x07, 0x22, 0xF8, 0x57, 0xA6, 0x10, 0x00, 0xB3, 0x07, 0xB3, 0x00, 0x07, 0xB3, 0x00,
    0x07, 0xB3, 0x00, 0x72, 0x38, 0xB3, 0x00, 0x46, 0x36, 0x07, 0xB2, 0x00, 0x07, 0xB2, 0x00, 0x07,
    0xB2, 0x00, 0x51, 0x34, 0x36, 0x20, 0x62, 0x36, 0x55, 0x3A, 0xB2, 0xFB, 0x00, 0x7A, 0x36, 0x8A,
    0x03, 0x57, 0x02, 0x0A, 0x07, 0xB2, 0xFD, 0x21, 0x69, 0x36, 0x55, 0x00, 0x70, 0x08, 0x0C, 0x00,
    0x00, 0x07, 0xB3, 0xF8, 0x07, 0x13, 0x00, 0x07, 0xB2, 0xFC, 0x07, 0x12, 0x00, 0x05, 0x28, 0x9B,
    0xB2, 0x07, 0xB2, 0x00, 0x38, 0xB2, 0x02, 0x9C, 0x36, 0x10, 0x00, 0x22, 0x07, 0x12, 0x00, 0x07,
    0x12, 0x00, 0x07, 0x12, 0x00, 0x20, 0x9C, 0x36, 0x15, 0x00, 0xA6, 0x08, 0x95, 0x01, 0x00, 0xA6,
    0x08, 0x95, 0x01, 0x00, 0xA6, 0x08, 0x95, 0x01, 0x00, 0x20, 0xB9, 0x36, 0x70, 0x10, 0x0A, 0x2A,
    0x55, 0x35, 0x04, 0x05, 0x00, 0x07, 0xB2, 0xE0, 0x8A, 0x08, 0x08, 0x10, 0x64, 0x00, 0x08, 0x0C,
    0x00, 0x00, 0x08, 0x0E, 0x00, 0x00, 0x57, 0x07, 0x14, 0x10, 0x55, 0x70, 0x10, 0x0A, 0x2A, 0x55,
    0x35, 0x04, 0x05, 0x00, 0x8A, 0x05, 0x08, 0x0E, 0xCE, 0xFF, 0x57, 0x07, 0x14, 0x10, 0x55, 0x95,
    0xB2, 0xF4, 0x36, 0x15, 0x99, 0xB2, 0x00, 0x3C, 0x70, 0x43, 0x03, 0x1A, 0x05, 0x1E, 0x07, 0x12,
    0x10, 0x07, 0x13, 0x30, 0x07, 0x13, 0xE8, 0xA6, 0x1E, 0xE8, 0x03, 0x07, 0x37, 0x42, 0x8A, 0x1E,
    0x0B, 0x00, 0x12, 0x3A, 0x13, 0x00, 0x7F, 0x1C, 0x37, 0x07, 0x14, 0x04, 0x07, 0x14, 0xFE, 0x57,
    0x22, 0x3C, 0x05, 0x37, 0x36, 0x37, 0x8A, 0x32, 0x3A, 0x12, 0xE0, 0xC0, 0x31, 0x37, 0x07, 0x12,
    0xFE, 0x0B, 0x00, 0x14, 0x57, 0x15, 0x10, 0x02, 0xB2, 0x21, 0x3F, 0x37, 0x10, 0xFE, 0xB2, 0x8A,
    0x0A, 0x07, 0x14, 0x00, 0x57, 0x8A, 0x0A, 0x07, 0x14, 0x00, 0x57, 0x0B, 0x00, 0x14, 0x72, 0x1E,
    0xBC, 0x02, 0x60, 0x37, 0x3A, 0x12, 0xC0, 0xE0, 0x61, 0x37, 0x07, 0x12, 0xFD, 0x21, 0x61, 0x37,
    0x09, 0x20, 0x4B, 0x37, 0x55, 0x55, 0x43, 0x21, 0x6D, 0x37, 0x70, 0x5B, 0x0F, 0x70, 0x3A, 0x13,
    0x00, 0x7F, 0x77, 0x37, 0x21, 0x77, 0x37, 0x05, 0x1E, 0x20, 0x79, 0x37, 0x43, 0x51, 0x83, 0x37,
    0x20, 0x7D, 0x37, 0x42, 0x21, 0xE5, 0x37, 0x43, 0x3C, 0x72, 0x39, 0x04, 0x00, 0x00, 0x94, 0x37,
    0x11, 0x00, 0x00, 0x04, 0x39, 0x04, 0x00, 0x00, 0xA1, 0x37, 0x72, 0x39, 0x04, 0x00, 0x00, 0xA7,
    0x37, 0x07, 0x22, 0x40, 0x07, 0x12, 0x40, 0x07, 0xB2, 0xE4, 0x10, 0x00, 0x22, 0x07, 0xB3, 0x28,
    0x20, 0xA7, 0x37, 0x21, 0xB6, 0x37, 0x42, 0x10, 0xCE, 0xB2, 0xA6, 0x07, 0xB2, 0x08, 0x08, 0x0E,
    0x00, 0x00, 0x3B, 0x0E, 0xB4, 0xFB, 0xFB, 0xFF, 0xBA, 0x37, 0x11, 0x00, 0x00, 0x0E, 0x72, 0x3A,
    0xB2, 0xFD, 0x00, 0xBA, 0x37, 0x0F, 0xA6, 0x72, 0x1E, 0xC4, 0x09, 0xD6, 0x37, 0x05, 0x14, 0x51,
    0xE5, 0x37, 0x20, 0xDF, 0x37, 0x05, 0x00, 0x10, 0x00, 0xB2, 0x02, 0x0A, 0x70, 0xA6, 0x07, 0xB2,
    0x01, 0x07, 0x12, 0x00, 0x3A, 0x12, 0x00, 0x40, 0xED, 0x37, 0x10, 0x40, 0x12, 0x72, 0x38, 0xB2,
    0x00, 0xED, 0x37, 0x0F, 0x55, 0x70, 0x10, 0x0A, 0x2A, 0x55, 0x55, 0x70, 0x07, 0xB2, 0xC0, 0x08,
    0x0C, 0x00, 0x00, 0x08, 0x0E, 0x00, 0x00, 0x08, 0x10, 0xEC, 0xFF, 0x0F, 0x70, 0x0D, 0xF8, 0x13,
    0xA6, 0x72, 0x1E, 0xB8, 0x0B, 0x20, 0x38, 0x8A, 0x06, 0x02, 0x05, 0x57, 0x02, 0x08, 0x10, 0xFA,
    0xB2, 0x08, 0x0C, 0xFB, 0xFF, 0x08, 0x10, 0x14, 0x00, 0x20, 0x31, 0x38, 0x0F, 0x38, 0x22, 0x89,
    0x42, 0x38, 0x55, 0x38, 0xB2, 0x08, 0x4F, 0x38, 0x08, 0x0E, 0x00, 0x00, 0x07, 0xB2, 0x02, 0x55,
    0x70, 0x05, 0xE2, 0x07, 0x12, 0xC0, 0x02, 0x32, 0x15, 0x00, 0x08, 0x10, 0xD0, 0x07, 0x11, 0x00,
    0x00, 0x0E, 0x11, 0x00, 0x00, 0x0C, 0x0F, 0x43, 0x00, 0x70, 0x03, 0x10, 0xF0, 0x12, 0x05, 0x08,
    0x02, 0x1E, 0x38, 0x15, 0x1E, 0x7A, 0x38, 0x20, 0x72, 0x38, 0x02, 0x0F, 0x22, 0x28, 0x01, 0x10,
    0x34, 0xB2, 0x10, 0xFF, 0xB3, 0x07, 0x12, 0x00, 0x38, 0xB3, 0xF8, 0x90, 0x38, 0x07, 0xB3, 0xFF,
    0x3A, 0x12, 0x68, 0x70, 0x99, 0x38, 0x20, 0x85, 0x38, 0x02, 0x0A, 0x0B, 0x88, 0x12, 0x07, 0x14,
    0x08, 0x38, 0x14, 0x00, 0xA9, 0x38, 0x20, 0x9B, 0x38, 0x0F, 0x38, 0xB2, 0x00, 0xB8, 0x38, 0x38,
    0xB2, 0xFF, 0xBB, 0x38, 0x07, 0xB2, 0xFF, 0x55, 0x10, 0xFF, 0xB2, 0x55, 0x55, 0x38, 0x12, 0x08,
    0xC6, 0x38, 0x07, 0x12, 0x01, 0x55, 0x22, 0x1E, 0x01, 0x55, 0x07, 0x14, 0x02, 0x55, 0x43, 0x00,
    0x70, 0x10, 0x00, 0x22, 0xA6, 0x10, 0x00, 0x22, 0xA6, 0x10, 0x00, 0x22, 0xA6, 0x10, 0x00, 0x22,
    0xA6, 0x15, 0x00, 0x20, 0xE3, 0x38, 0x02, 0x14, 0x20, 0xE8, 0x38, 0x08, 0x95, 0xFF, 0xFF, 0x72,
    0x39, 0x95, 0x09, 0x00, 0x58, 0x39, 0x55, 0x55, 0x55, 0x00, 0x5B, 0x02, 0x87, 0x20, 0xFD, 0x38,
    0x07, 0xB2, 0xF8, 0x10, 0x80, 0x13, 0x54, 0x45, 0x39, 0x38, 0xB3, 0x00, 0x1D, 0x39, 0x3A, 0xB3,
    0xE0, 0x00, 0x1A, 0x39, 0x07, 0xB3, 0xFF, 0x21, 0x1D, 0x39, 0x07, 0xB3, 0x01, 0x39, 0xB4, 0x00,
    0x00, 0x36, 0x39, 0x3B, 0xB4, 0xE0, 0xFF, 0x00, 0x00, 0x32, 0x39, 0x08, 0xB4, 0xFF, 0xFF, 0x21,
    0x36, 0x39, 0x08, 0xB4, 0x01, 0x00, 0x08, 0x0C, 0x00, 0x00, 0x08, 0x0E, 0x00, 0x00, 0x07, 0x14,
    0x00, 0x20, 0x09, 0x39, 0x0F, 0x07, 0xB3, 0xE0, 0x08, 0xB4, 0xE0, 0xFF, 0x55, 0x10, 0x00, 0x22,
    0x0F, 0x37, 0x54, 0x39, 0x55, 0x0F, 0x55, 0x15, 0x55, 0x00, 0x8A, 0x27, 0x08, 0x0E, 0xCE, 0xFF,
    0x08, 0x10, 0xC8, 0x00, 0x57, 0x03, 0x05, 0x78, 0x07, 0x12, 0x04, 0x38, 0x12, 0x88, 0x73, 0x39,
    0x20, 0x68, 0x39, 0x0F, 0x00, 0x08, 0x0C, 0x70, 0xFE, 0x39, 0x0C, 0x00, 0x00, 0x82, 0x39, 0x20,
    0x75, 0x39, 0x02, 0x64, 0x02, 0x5F, 0x02, 0x55, 0x08, 0x10, 0x38, 0xFF, 0x08, 0x10, 0x1A, 0xFF,
    0x20, 0x88, 0x39, 0x0F, 0x00, 0x03, 0x05, 0x88, 0x54, 0xE6, 0x39, 0x06, 0x05, 0x9B, 0x39, 0x05,
    0x00, 0x02, 0x3C, 0x08, 0x0C, 0xD4, 0xFE, 0x06, 0x05, 0xA3, 0x39, 0x15, 0x0F, 0x00, 0x03, 0x05,
    0x88, 0x54, 0xE6, 0x39, 0x06, 0x05, 0xB4, 0x39, 0x05, 0x00, 0x02, 0x1B, 0x08, 0x0C, 0x2C, 0x01,
    0x06, 0x05, 0xBC, 0x39, 0x15, 0x0F, 0x00, 0x03, 0x8A, 0x0B, 0x08, 0x0C, 0x6A, 0xFF, 0x57, 0x21,
    0xD9, 0x39, 0x8A, 0x0B, 0x08, 0x0C, 0x96, 0x00, 0x57, 0x02, 0x3C, 0x10, 0x1A, 0x12, 0x05, 0x88,
    0x07, 0x12, 0xFD, 0x20, 0xE0, 0x39, 0x03, 0x10, 0xC0, 0x12, 0x07, 0x12, 0x04, 0x38, 0x12, 0x00,
    0xF5, 0x39, 0x20, 0xEA, 0x39, 0x55, 0x10, 0x40, 0x12, 0x07, 0x12, 0xFC, 0x38, 0x12, 0x00, 0xF5,
    0x39, 0x20, 0xF9, 0x39, 0x00, 0x03, 0x10, 0x80, 0x13, 0x37, 0x2C, 0x3A, 0x02, 0x32, 0x05, 0x1E,
    0x10, 0x10, 0x12, 0x02, 0x0A, 0x07, 0x14, 0x10, 0x07, 0x12, 0x06, 0x06, 0x0A, 0x15, 0x3A, 0x07,
    0x14, 0x10, 0x07, 0x12, 0xFC, 0x06, 0x06, 0x1F, 0x3A, 0x20, 0x49, 0x3A, 0x02, 0x32, 0x05, 0x1E,
    0x10, 0xF0, 0x12, 0x02, 0x0A, 0x07, 0x14, 0x10, 0x07, 0x12, 0xFA, 0x06, 0x0A, 0x35, 0x3A, 0x07,
    0x14, 0x10, 0x07, 0x12, 0x04, 0x06, 0x06, 0x3F, 0x3A, 0x22, 0x28, 0x05, 0x07, 0x14, 0x20, 0x1E,
    0x64, 0x00, 0x58, 0x3A, 0x09, 0x20, 0x4C, 0x3A, 0xA6, 0x07, 0x14, 0x20, 0x06, 0x14, 0x59, 0x3A,
    0x0F, 0x00, 0x03, 0x10, 0x80, 0x13, 0x37, 0x89, 0x3A, 0x02, 0x32, 0x05, 0x1E, 0x10, 0x50, 0x13,
    0x02, 0x0A, 0x07, 0x14, 0x10, 0x07, 0x13, 0x06, 0x06, 0x0A, 0x72, 0x3A, 0x07, 0x14, 0x10, 0x07,
    0x13, 0xFC, 0x06, 0x06, 0x7C, 0x3A, 0x20, 0xA6, 0x3A, 0x02, 0x32, 0x05, 0x1E, 0x10, 0xB0, 0x13,
    0x02, 0x0A, 0x07, 0x14, 0x10, 0x07, 0x13, 0xFA, 0x06, 0x0A, 0x92, 0x3A, 0x07, 0x14, 0x10, 0x07,
    0x13, 0x04, 0x06, 0x06, 0x9C, 0x3A, 0x22, 0x28, 0x05, 0x07, 0x14, 0x20, 0x1E, 0x64, 0x00, 0xB5,
    0x3A, 0x09, 0x20, 0xA9, 0x3A, 0xA6, 0x07, 0x14, 0x20, 0x06, 0x14, 0xB6, 0x3A, 0x0F, 0x55, 0x55,
    0x55, 0x55, 0x00, 0x04, 0x43, 0x10, 0x40, 0x12, 0x10, 0x40, 0x13, 0x10, 0x40, 0x12, 0x10, 0x40,
    0x13, 0x07, 0x13, 0x04, 0x07, 0x12, 0x06, 0x08, 0x10, 0xBB, 0xFF, 0x06, 0x20, 0xD1, 0x3A, 0x07,
    0x13, 0x04, 0x06, 0x10, 0xDF, 0x3A, 0x10, 0x00, 0x12, 0x10, 0x00, 0x13, 0x20, 0xEC, 0x3A, 0x00,
    0x04, 0x42, 0x08, 0x0C, 0xEA, 0xFF, 0x08, 0x0E, 0x13, 0x00, 0x07, 0x12, 0x05, 0x07, 0x13, 0x05,
    0x06, 0x32, 0xF2, 0x3A, 0x10, 0x00, 0x12, 0x10, 0x00, 0x13, 0x20, 0x00, 0x00, 0x00, 0x04, 0x42,
    0x10, 0x00, 0x12, 0x10, 0x80, 0x13, 0x08, 0x0C, 0x14, 0x00, 0x08, 0x0E, 0xE5, 0xFF, 0x07, 0x12,
    0x05, 0x07, 0x13, 0x05, 0x06, 0x32, 0x16, 0x3B, 0x10, 0x00, 0x12, 0x10, 0x00, 0x13, 0x20, 0x00,
    0x00, 0x00, 0x04, 0x42, 0x10, 0x00, 0x12, 0x10, 0x80, 0x13, 0x08, 0x0C, 0x13, 0x00, 0x08, 0x0E,
    0x1E, 0x00, 0x07, 0x12, 0x05, 0x07, 0x13, 0x05, 0x06, 0x32, 0x3A, 0x3B, 0x10, 0x00, 0x12, 0x10,
    0x00, 0x13, 0x20, 0x00, 0x00, 0x00, 0x04, 0x42, 0x10, 0x00, 0x12, 0x10, 0x80, 0x13, 0x08, 0x0C,
    0xEC, 0xFF, 0x08, 0x0E, 0x1A, 0x00, 0x07, 0x12, 0x05, 0x07, 0x13, 0x05, 0x06, 0x32, 0x5E, 0x3B,
    0x10, 0x00, 0x12, 0x10, 0x00, 0x13, 0x20, 0x00, 0x00, 0x00, 0x04, 0x42, 0x10, 0x00, 0x12, 0x10,
    0x80, 0x13, 0x08, 0x0C, 0xE3, 0xFF, 0x08, 0x0E, 0xE5, 0xFF, 0x07, 0x12, 0x05, 0x07, 0x13, 0x05,
    0x06, 0x32, 0x82, 0x3B, 0x10, 0x00, 0x12, 0x10, 0x00, 0x13, 0x20, 0x00, 0x00, 0x00, 0x04, 0x42,
    0x10, 0x80, 0x13, 0x08, 0x0C, 0x15, 0x00, 0x08, 0x0E, 0xE4, 0xFF, 0x07, 0x12, 0x05, 0x07, 0x13,
    0x05, 0x06, 0x32, 0xA3, 0x3B, 0x10, 0x00, 0x12, 0x10, 0x00, 0x13, 0x20, 0x00, 0x00, 0x07, 0x13,
    0x04, 0x08, 0x10, 0xED, 0xFF, 0x06, 0x20, 0xBE, 0x3B, 0x02, 0x1E, 0x20, 0xC9, 0x3B, 0x00, 0x03,
    0x42, 0x05, 0x00, 0x00, 0xA6, 0x08, 0x95, 0x01, 0x00, 0xA6, 0x08, 0x95, 0x01, 0x00, 0xA6, 0x08,
    0x95, 0x01, 0x00, 0x20, 0xE3, 0x3B, 0x00, 0x03, 0x42, 0x05, 0x88, 0x54, 0xE6, 0x39, 0x05, 0x00,
    0x54, 0x15, 0x3D, 0x02, 0x1E, 0x08, 0x0C, 0x38, 0xFF, 0x06, 0x0F, 0xF5, 0x3B, 0x15, 0x0F, 0x00,
    0x03, 0x42, 0x05, 0x88, 0x54, 0xE6, 0x39, 0x05, 0x00, 0x54, 0x15, 0x3D, 0x02, 0x28, 0x08, 0x0C,
    0xC8, 0x00, 0x06, 0x0F, 0x0E, 0x3C, 0x15, 0x0F, 0x00, 0x03, 0x42, 0x05, 0x88, 0x54, 0xE6, 0x39,
    0x05, 0x00, 0x54, 0x15, 0x3D, 0x02, 0x32, 0x08, 0x0C, 0x38, 0xFF, 0x06, 0x0F, 0x27, 0x3C, 0x15,
    0x0F, 0x00, 0x03, 0x42, 0x05, 0x88, 0x54, 0xE6, 0x39, 0x05, 0x00, 0x54, 0x15, 0x3D, 0x02, 0x2D,
    0x08, 0x0C, 0xC8, 0x00, 0x06, 0x0F, 0x40, 0x3C, 0x15, 0x0F, 0x00, 0x03, 0x42, 0x05, 0x00, 0x08,
    0x10, 0x9C, 0xFF, 0x06, 0x0F, 0x4F, 0x3C, 0x54, 0x15, 0x3D, 0x02, 0x0A, 0xA6, 0x08, 0x0C, 0xC8,
    0x00, 0x06, 0x0F, 0x5D, 0x3C, 0x15, 0x0F, 0x00, 0x03, 0x42, 0x05, 0x00, 0x08, 0x10, 0x9C, 0xFF,
    0x06, 0x0F, 0x6C, 0x3C, 0x54, 0x15, 0x3D, 0x02, 0x0F, 0xA6, 0x08, 0x0C, 0x38, 0xFF, 0x06, 0x0F,
    0x7A, 0x3C, 0x15, 0x0F, 0x00, 0x03, 0x42, 0x05, 0x00, 0x08, 0x10, 0x9C, 0xFF, 0x06, 0x0F, 0x89,
    0x3C, 0x54, 0x15, 0x3D, 0x02, 0x14, 0xA6, 0x08, 0x0C, 0xC8, 0x00, 0x06, 0x0F, 0x97, 0x3C, 0x15,
    0x0F, 0x00, 0x03, 0x42, 0x05, 0x00, 0x08, 0x10, 0x9C, 0xFF, 0x06, 0x0F, 0xA6, 0x3C, 0x54, 0x15,
    0x3D, 0x02, 0x19, 0xA6, 0x08, 0x0C, 0x38, 0xFF, 0x06, 0x0F, 0xB4, 0x3C, 0x15, 0x0F, 0x00, 0x03,
    0x42, 0x05, 0x00, 0x08, 0x10, 0x9C, 0xFF, 0x06, 0x0F, 0xC3, 0x3C, 0x54, 0x15, 0x3D, 0x02, 0x1E,
    0xA6, 0x08, 0x0C, 0xC8, 0x00, 0x06, 0x0F, 0xD1, 0x3C, 0x15, 0x0F, 0x00, 0x03, 0x42, 0x05, 0x00,
    0x08, 0x10, 0x9C, 0xFF, 0x06, 0x0F, 0xE0, 0x3C, 0x54, 0x15, 0x3D, 0x02, 0x23, 0xA6, 0x08, 0x0C,
    0x38, 0xFF, 0x06, 0x0F, 0xEE, 0x3C, 0x15, 0x0F, 0x00, 0x03, 0x42, 0x05, 0x00, 0x08, 0x10, 0x9C,
    0xFF, 0x06, 0x0F, 0xFD, 0x3C, 0x54, 0x15, 0x3D, 0x02, 0x28, 0xA6, 0x08, 0x0C, 0xC8, 0x00, 0x06,
    0x0F, 0x0B, 0x3D, 0x15, 0x0F, 0xA6, 0x72, 0x38, 0xB2, 0x00, 0x15, 0x3D, 0x55
};

#endif // STARFOX_PATH_PATHS_DATA_H
